event_id,produced_scint,edep_total_MeV,edep_optical_MeV,edep_nonoptical_MeV,photon_equivalent_energy_MeV,equivalent_minus_nonoptical_MeV
0,35988,3.4511547416955013,0.05485373385965784,3.3963010078358433,3.460384615384615,0.06408360754877185
1,23563,2.2809273029650177,0.036152064690547464,2.24477523827447,2.265673076923077,0.020897838648606726
2,17175,1.6606892699545048,0.026217294958344683,1.6344719749961603,1.6514423076923077,0.01697033269614745
3,18068,1.7520544398042186,0.028012145747558385,1.7240422940566602,1.7373076923076922,0.013265398251032012
4,16282,1.5632572304184298,0.02523105721039161,1.5380261732080382,1.565576923076923,0.027550749868884727
5,17004,1.6234680835812818,0.025895803586692922,1.5975722799945888,1.635,0.03742772000541117
6,20027,1.9315453267407716,0.030464030712092364,1.9010812960286791,1.925673076923077,0.02459178089439784
7,17679,1.7129017605686416,0.026656420885223252,1.6862453396834183,1.699903846153846,0.013658506470427767
8,18548,1.7741014751212119,0.028374686280183217,1.7457267888410286,1.7834615384615384,0.03773474962050982
9,23703,2.2924247765052055,0.03575977723985022,2.256664999265355,2.2791346153846153,0.022469616119260127
10,21768,2.0931084410607417,0.033542773333635624,2.059565667727106,2.0930769230769233,0.03351125534981714
11,19792,1.8922666825921344,0.03025094532948036,1.862015737262654,1.903076923076923,0.0410611858142691
12,44447,4.268568150152992,0.06654625005802253,4.2020219000949695,4.27375,0.07172809990503026
13,15686,1.5182807065012005,0.02434091524247594,1.4939397912587247,1.5082692307692307,0.014329439510506026
14,15610,1.5174557669080186,0.024031090565424105,1.4934246763425945,1.5009615384615385,0.007536862118943999
15,15295,1.4646559689977043,0.023332944303608,1.4413230246940962,1.470673076923077,0.029350052228980683
16,28897,2.7650835618948757,0.04350049782927092,2.7215830640656047,2.7785576923076922,0.056974628242087544
17,19457,1.8787841570120767,0.02948051965622357,1.8493036373558531,1.8708653846153847,0.021561747259531527
18,24726,2.3487604809154883,0.03684691905772805,2.3119135618577604,2.3775,0.06558643814223952
19,17834,1.7204290717572828,0.027333296085118457,1.6930957756721643,1.7148076923076923,0.02171191663552796
20,17427,1.6611136985948687,0.02607437366277181,1.635039324932097,1.675673076923077,0.04063375199098007
21,19535,1.8752730516570086,0.02975154870975029,1.8455215029472583,1.8783653846153847,0.03284388166812646
22,17569,1.7050448516622236,0.026663171414305954,1.6783816802479177,1.689326923076923,0.01094524282900533
23,20595,1.9856045324729195,0.03080581922040369,1.9547987132525158,1.9802884615384615,0.025489748285945746
24,20532,1.9733828102092443,0.031031006099603582,1.9423518041096408,1.9742307692307692,0.03187896512112842
25,21314,2.064486601685915,0.03234206948268636,2.0321445322032288,2.049423076923077,0.01727854471984802
26,17283,1.661600848022097,0.02618137063305194,1.635419477389045,1.6618269230769231,0.026407445687878228
27,19211,1.8499770432461742,0.029243765864583934,1.8207332773815903,1.8472115384615384,0.026478261079948107
28,25032,2.420648760111283,0.03776368888276453,2.3828850712285186,2.4069230769230767,0.024038005694558162
29,16972,1.6438660754014611,0.026306782515772557,1.6175592928856886,1.631923076923077,0.014363784037388472
30,24986,2.4103757812222737,0.03739029380492867,2.372985487417345,2.4025,0.029514512582654806
31,21360,2.0508503360732986,0.032264566943595835,2.018585769129703,2.0538461538461537,0.035260384716450766
32,17006,1.6431297123223971,0.02608014880622387,1.6170495635161732,1.6351923076923076,0.018142744176134373
33,16656,1.5979955188119028,0.025521314572675955,1.5724742042392268,1.6015384615384616,0.029064257299234786
34,23060,2.236518400430338,0.03496427549527898,2.201554124935059,2.2173076923076924,0.015753567372633448
35,19605,1.8787934000997468,0.02956772579691125,1.8492256743028355,1.885096153846154,0.035870479543318456
36,23809,2.2986836953797654,0.03625005509194137,2.262433640287824,2.289326923076923,0.026893282789099082
37,21715,2.0899869610028525,0.03286252086732714,2.0571244401355253,2.0879807692307693,0.03085632909524394
38,17215,1.6509481354739366,0.025956157352934058,1.6249919781210025,1.6552884615384615,0.030296483417459052
39,19649,1.8713401274501806,0.029874542705286278,1.8414655847448944,1.8893269230769232,0.04786133833202877
40,19451,1.866571503559114,0.029873380619999793,1.8366981229391142,1.8702884615384616,0.03359033859934746
41,17787,1.7248655036647134,0.02757163445770389,1.6972938692070094,1.7102884615384615,0.01299459233145206
42,16559,1.602345970074454,0.02518911460203849,1.5771568554724156,1.5922115384615385,0.015054682989122936
43,23204,2.2225314237604397,0.035043647965001125,2.1874877757954385,2.231153846153846,0.04366607035840753
44,16389,1.5901558566593468,0.02545950788599186,1.564696348773355,1.5758653846153847,0.011169035842029773
45,18134,1.7337864982798523,0.02751989735243196,1.7062666009274203,1.7436538461538462,0.03738724522642589
46,18645,1.7944277590294244,0.028318915587520036,1.7661088434419043,1.7927884615384615,0.026679618096557167
47,16368,1.576907209746915,0.024948593320498987,1.551958616426416,1.573846153846154,0.021887537419737813
48,16571,1.6085437937370823,0.025016297587210853,1.5835274961498715,1.5933653846153846,0.009837888465513034
49,15962,1.5313752313510456,0.02418819861552693,1.5071870327355186,1.5348076923076923,0.027620659572173745
50,16923,1.6097623242184695,0.025665812952395402,1.584096511266074,1.6272115384615384,0.04311502719546434
51,16982,1.6391330383792253,0.02586820476838028,1.613264833610845,1.6328846153846155,0.01961978177377044
52,21062,2.0025983685393256,0.03205867155879469,1.9705396969805309,2.0251923076923077,0.05465261071177685
53,20857,2.021550184197148,0.03170266744683974,1.9898475167503085,2.0054807692307692,0.01563325248046077
54,27442,2.62156439622711,0.041597311807712596,2.5799670844193976,2.6386538461538462,0.058686761734448645
55,18886,1.8402015579730293,0.029006127564512194,1.8111954304085172,1.8159615384615384,0.004766108053021245
56,24476,2.3410612542878377,0.036705324705019735,2.304355929582818,2.3534615384615383,0.049105608878720286
57,19702,1.890301656915612,0.029898489515833564,1.8604031673997783,1.894423076923077,0.0340199095232987
58,18612,1.7909312929494212,0.028135037399861673,1.7627962555495595,1.7896153846153846,0.026819129065825065
59,16148,1.5430736739635356,0.02447646257457816,1.5185972113889574,1.5526923076923076,0.03409509630335017
60,23021,2.200958967200653,0.03453300462920686,2.166425962571446,2.2135576923076923,0.04713172973624635
61,23104,2.21077018581581,0.03477587913162129,2.1759943066841885,2.2215384615384615,0.04554415485427299
62,20367,1.9310234556845955,0.0309078329997487,1.9001156226848468,1.9583653846153846,0.05824976193053777
63,19138,1.845417714618154,0.028953490793589103,1.816464223824565,1.8401923076923077,0.023728083867742722
64,16861,1.6270416525037803,0.025872662237937372,1.601168990265843,1.62125,0.02008100973415705
65,17227,1.6737661768804633,0.026068835523635422,1.6476973413568279,1.6564423076923076,0.00874496633547972
66,20245,1.9303727186311808,0.030721816281449967,1.8996509023497308,1.9466346153846155,0.04698371303488469
67,17431,1.663164243897481,0.02631316193892736,1.6368510819585536,1.6760576923076924,0.03920661034913886
68,22712,2.197831027171964,0.034116205810549555,2.1637148213614146,2.183846153846154,0.020131332484739417
69,16557,1.5772155471941056,0.02587764427424272,1.5513379029198628,1.5920192307692307,0.04068132784936784
70,21045,2.016255344379776,0.03207115377189277,1.9841841906078832,2.0235576923076923,0.03937350169980913
71,37827,3.6564633710725056,0.057276669151317045,3.5991867019211887,3.6372115384615387,0.03802483654034994
72,17614,1.6628474468313728,0.02660005717165846,1.6362473896597143,1.6936538461538462,0.0574064564941319
73,21243,2.0591804397888747,0.03220232378454166,2.026978116004333,2.0425961538461537,0.015618037841820698
74,17598,1.7074567516341739,0.027202550017153077,1.6802542016170208,1.6921153846153847,0.011861182998363917
75,21530,2.066671120509615,0.03226018580735253,2.0344109347022625,2.0701923076923077,0.035781372990045135
76,24620,2.3876751200438338,0.037165056702701156,2.3505100633411327,2.3673076923076923,0.016797628966559675
77,19886,1.8985413637403135,0.030095720985197274,1.8684456427551162,1.9121153846153847,0.04366974186026851
78,15866,1.5331214517391807,0.02442764879543172,1.5086938029437489,1.5255769230769232,0.01688312013317428
79,17676,1.6849069753123318,0.026962233715182807,1.6579447415971489,1.6996153846153845,0.04167064301823564
80,26689,2.5662461850442595,0.04032195745627323,2.525924227587986,2.56625,0.04032577241201407
81,16109,1.5551636267748108,0.02460973030281459,1.5305538964719962,1.5489423076923077,0.01838841122031143
82,17707,1.669147091599503,0.027170457611984805,1.6419766339875181,1.7025961538461538,0.06061951985863567
83,16834,1.6207791403731189,0.025762258728722672,1.5950168816443961,1.6186538461538462,0.023636964509450076
84,18379,1.7583541821477802,0.028328557353344795,1.7300256247944354,1.7672115384615386,0.03718591366710311
85,16834,1.619368986810529,0.025501601093482894,1.593867385717046,1.6186538461538462,0.024786460436800217
86,19828,1.9345442048867945,0.030239820524538184,1.9043043843622562,1.9065384615384615,0.0022340771762052736
87,17105,1.6170863170420047,0.026579585664956273,1.5905067313770485,1.6447115384615385,0.05420480708449005
88,16272,1.5812227607056046,0.02490740728740696,1.5563153534181977,1.5646153846153845,0.008300031197186808
89,18293,1.7525685410381127,0.02784395788841293,1.7247245831496998,1.7589423076923076,0.03421772454260785
90,19161,1.8352189092072306,0.029257714903293104,1.8059611943039375,1.8424038461538461,0.03644265184990858
91,19859,1.9116484478841749,0.030088497182714242,1.8815599507014606,1.9095192307692308,0.027959280067770154
92,17556,1.6721736799703288,0.026461928420016385,1.6457117515503124,1.688076923076923,0.04236517152661068
93,20124,1.9429461129640764,0.03028535375466192,1.9126607592094145,1.935,0.02233924079058558
94,19218,1.8497382488301435,0.029343167994655243,1.8203950808354883,1.8478846153846153,0.02748953454912706
95,24125,2.3237020423103867,0.0363924211963997,2.287309621113987,2.3197115384615383,0.03240191734755138
96,21630,2.0696143318656604,0.032342005169448386,2.037272326696212,2.0798076923076922,0.04253536561148019
97,19809,1.9141691713492295,0.030266987822883302,1.883902183526346,1.9047115384615385,0.020809354935192426
98,22288,2.1596797811963877,0.03387729588170248,2.125802485314685,2.143076923076923,0.017274437762238026
99,17950,1.7359213986822544,0.027398106388665546,1.708523292293589,1.7259615384615385,0.017438246167949645
100,15628,1.512880880554052,0.024185263303645795,1.488695617250406,1.5026923076923078,0.013996690441901771
101,17208,1.646160970801961,0.026187893740375934,1.6199730770615852,1.6546153846153846,0.03464230755379938
102,20641,1.9676375373806467,0.031435772582609926,1.9362017647980367,1.9847115384615384,0.04850977366350162
103,19245,1.8426149524500373,0.029281099840334078,1.8133338526097031,1.8504807692307692,0.03714691662106606
104,38990,3.749623539034435,0.059322224616974874,3.6903013144174603,3.7490384615384613,0.05873714712100098
105,15272,1.4600782735324576,0.023537040738661197,1.4365412327937963,1.4684615384615385,0.03192030566774218
106,22477,2.1534769316700664,0.03405181135705919,2.1194251203130072,2.16125,0.041824879686992666
107,15661,1.5241344874907312,0.023959674592607793,1.5001748128981234,1.5058653846153847,0.0056905717172612835
108,16364,1.5697182620790295,0.02513407551802664,1.5445841865610028,1.5734615384615385,0.02887735190053564
109,20491,1.972634068000973,0.030877171449704977,1.9417568965512682,1.9702884615384615,0.028531564987193336
110,15321,1.4518830773751628,0.0232905589971323,1.4285925183780304,1.4731730769230769,0.0445805585450465
111,16271,1.5766336294826888,0.024962354486862893,1.551671274995826,1.5645192307692308,0.012847955773404918
112,34722,3.3580645823409156,0.052203837150049885,3.305860745190866,3.338653846153846,0.03279310096298005
113,16687,1.6112634365853071,0.025614412843397775,1.5856490237419094,1.6045192307692309,0.01887020702732145
114,21700,2.105752527024345,0.03251947526370616,2.0732330517606385,2.0865384615384617,0.01330540977782313
115,25987,2.500817393863958,0.03891149858253271,2.4619058952814252,2.49875,0.03684410471857458
116,17309,1.6497584333232753,0.026512136289460433,1.6232462970338148,1.664326923076923,0.04108062604310825
117,19587,1.8886277063818095,0.029827746528185005,1.8587999598536245,1.8833653846153846,0.024565424761760157
118,15679,1.5076558399178466,0.02382281966972535,1.4838330202481211,1.5075961538461538,0.023763133598032615
119,17125,1.6602764242747565,0.025879351031249116,1.6343970732435074,1.6466346153846154,0.01223754214110806
120,18250,1.717963269642574,0.02746404570763646,1.6904992239349375,1.7548076923076923,0.06430846837275483
121,17625,1.7154189726619609,0.02697079686798985,1.688448175793971,1.6947115384615385,0.00626336266756744
122,18838,1.8103512765918506,0.028532211733852102,1.7818190648579986,1.811346153846154,0.02952708898815537
123,18828,1.7917322726818132,0.0285025918297608,1.7632296808520525,1.8103846153846155,0.04715493453256303
124,16723,1.6128105653877542,0.025770796176124388,1.5870397692116298,1.6079807692307693,0.020941000019139455
125,17206,1.645372591187022,0.026060783895268495,1.6193118072917536,1.654423076923077,0.03511126963132338
126,31008,2.9796667060639255,0.04688122869201124,2.9327854773719144,2.9815384615384617,0.048752984166547275
127,22868,2.170498340583933,0.03464658172380422,2.1358517588601287,2.1988461538461537,0.06299439498602499
128,16313,1.58567168793593,0.02520151839560446,1.5604701695403256,1.5685576923076923,0.008087522767366684
129,21282,2.037328111472751,0.03210155975570294,2.005226551717048,2.046346153846154,0.041119602129105814
130,16829,1.6313445391086698,0.025547549237556148,1.6057969898711137,1.6181730769230769,0.012376087051963136
131,17277,1.6682856509251078,0.026564073195367428,1.6417215777297405,1.66125,0.019528422270259416
132,20507,1.9846411657420966,0.030823984328334615,1.953817181413762,1.971826923076923,0.01800974166316105
133,17136,1.6344095938366072,0.025937808280017828,1.6084717855565893,1.6476923076923078,0.03922052213571847
134,18446,1.7801183406458088,0.028130101260968512,1.7519882393848403,1.7736538461538462,0.021665606769005974
135,18073,1.759102234193498,0.027399804120682887,1.7317024300728152,1.7377884615384616,0.0060860314656463466
136,20524,1.9750178185687128,0.030707701660496457,1.9443101169082164,1.9734615384615384,0.029151421553321955
137,21922,2.1085573707301157,0.03323090335538324,2.0753264673747327,2.1078846153846156,0.03255814800988288
138,17741,1.705493418816086,0.02712587403955981,1.678367544776526,1.7058653846153846,0.027497839838858562
139,17918,1.7106320604223844,0.027237213357989006,1.6833948470643953,1.7228846153846153,0.03948976832022
140,15952,1.5290577118285151,0.02413212252196451,1.5049255893065505,1.5338461538461539,0.028920564539603344
141,15948,1.5410229679315934,0.024355598463341167,1.5166673694682522,1.5334615384615384,0.01679416899328623
142,20904,2.0200909662586555,0.0317631964029994,1.988327769855656,2.01,0.021672230144343718
143,17235,1.661720939269609,0.026392859236894488,1.6353280800327146,1.6572115384615385,0.021883458428823888
144,19801,1.9041328804385274,0.029596261004178222,1.8745366194343491,1.9039423076923077,0.02940568825795853
145,40098,3.835327791622988,0.06040674853860622,3.774921043084382,3.855576923076923,0.0806558799925412
146,25493,2.4681092219901606,0.038637496544283806,2.4294717254458766,2.45125,0.02177827455412329
147,17507,1.7129095762392361,0.02664856366468853,1.6862610125745476,1.6833653846153847,-0.002895627959162983
148,25570,2.453330483471095,0.0386528114492203,2.4146776720218748,2.458653846153846,0.0439761741319713
149,18984,1.8411480431166727,0.029039040842485105,1.8121090022741875,1.8253846153846154,0.013275613110427908
150,28788,2.7545441506409607,0.04344405803430558,2.7111000926066553,2.768076923076923,0.0569768304702678
151,21401,2.059414646935614,0.03237182908733384,2.02704281784828,2.0577884615384616,0.030745643690181623
152,35975,3.449217978952515,0.05462504698720905,3.394592931965306,3.4591346153846154,0.06454168341930933
153,21882,2.0908119518284165,0.03331447881677552,2.057497473011641,2.1040384615384617,0.04654098852682065
154,15055,1.453246333414381,0.02292382129942118,1.4303225121149599,1.447596153846154,0.017273641731194056
155,17524,1.7001160670674407,0.02694381441976445,1.6731722526476762,1.685,0.011827747352323836
156,18434,1.7624999027798052,0.028212966423207593,1.7342869363565976,1.7725,0.03821306364340238
157,19057,1.8255428727596155,0.029162918080829492,1.796379954678786,1.832403846153846,0.03602389147506013
158,24381,2.3360082212984614,0.0369632403259023,2.299044980972559,2.344326923076923,0.04528194210436398
159,27885,2.673162184456319,0.04224152270591442,2.630920661750405,2.68125,0.05032933824959507
160,17622,1.6998496937374938,0.026999832174022926,1.6728498615634708,1.694423076923077,0.021573215359606213
161,21802,2.075958569994943,0.03338818432576766,2.0425703856691757,2.0963461538461536,0.053775768176977934
162,21117,2.0494757261440495,0.03215716606415292,2.0173185600798966,2.030480769230769,0.013162209150872517
163,18667,1.7970424710796005,0.028305763822787156,1.7687367072568132,1.7949038461538462,0.026167138897033038
164,19428,1.8732206334958803,0.029118029158949975,1.8441026043369304,1.868076923076923,0.02397431873999256
165,15736,1.530583314312078,0.024203413677596944,1.506379900634481,1.513076923076923,0.00669702244244208
166,17594,1.689731367201653,0.02644903202676818,1.6632823351748849,1.6917307692307693,0.028448434055884375
167,15276,1.454050601378703,0.023327165733123403,1.4307234356455796,1.468846153846154,0.038122718200574335
168,18903,1.8122256056399944,0.028580604905733425,1.783645000734261,1.8175961538461538,0.033951153111892785
169,19054,1.851444654335285,0.028837627127046146,1.8226070272082389,1.8321153846153846,0.009508357407145729
170,22804,2.2048467616118796,0.03419346696131418,2.1706532946505654,2.1926923076923077,0.022039013041742272
171,18202,1.7512607374699145,0.02729254333796613,1.7239681941319485,1.7501923076923076,0.02622411356035914
172,38389,3.709998713175441,0.05767660166473242,3.6523221115107085,3.69125,0.03892788848929163
173,17453,1.695037460562564,0.02634397525211047,1.6686934853104536,1.678173076923077,0.00947959161262335
174,20511,1.9632003694135063,0.031254719968707066,1.9319456494447993,1.9722115384615384,0.04026588901673911
175,19807,1.9144370879178345,0.030351364891439737,1.8840857230263948,1.9045192307692307,0.02043350774283592
176,17972,1.7455636170009754,0.027772661579159374,1.717790955421816,1.728076923076923,0.010285967655107031
177,20230,1.928258139497041,0.030988057368119642,1.8972700821289215,1.9451923076923077,0.04792222556338621
178,27225,2.5912404664087885,0.04084276072235189,2.5503977056864366,2.6177884615384617,0.06739075585202503
179,29871,2.8896632267898634,0.04518669098841543,2.844476535801448,2.8722115384615385,0.027735002660090657
180,18894,1.8246353120950805,0.02873710749638138,1.795898204598699,1.8167307692307693,0.020832564632070172
181,15849,1.5159436708739011,0.024386462884370404,1.4915572079895307,1.5239423076923078,0.03238509970277703
182,21498,2.0579808322901627,0.032732325212875016,2.0252485070772877,2.0671153846153847,0.041866877538097036
183,18132,1.7488257049837763,0.02756601094154044,1.7212596940422358,1.7434615384615384,0.02220184441930262
184,16797,1.6114174156246566,0.025621824840629717,1.5857955907840269,1.615096153846154,0.029300563062127027
185,20390,1.956846188236913,0.031261589275787524,1.9255845989611255,1.960576923076923,0.034992324115797446
186,31555,3.0446412779106833,0.047197547049564845,2.9974437308611184,3.0341346153846156,0.036690884523497225
187,16489,1.5806725045578272,0.02515573683223277,1.5555167677255943,1.5854807692307693,0.029964001505174975
188,48095,4.6386694636372665,0.07258058095752365,4.566088882679743,4.624519230769231,0.05843034808948744
189,19365,1.8740523515611058,0.029438511231051,1.844613840330055,1.8620192307692307,0.017405390439175772
190,25596,2.443875266173039,0.03811232109051475,2.4057629450825244,2.461153846153846,0.05539090107132161
191,16185,1.5385998769265663,0.024900352555206687,1.5136995243713596,1.55625,0.04255047562864034
192,17637,1.6720796514880578,0.02677210438106095,1.645307547106997,1.6958653846153846,0.050557837508387715
193,17550,1.6651795268644791,0.026615983558385885,1.6385635433060932,1.6875,0.04893645669390678
194,17814,1.7202399418003118,0.027685840060449357,1.6925541017398624,1.7128846153846153,0.020330513644752912
195,21253,2.034419664334029,0.03218254959162453,2.0022371147424045,2.0435576923076924,0.04132057756528784
196,31399,3.028976620775639,0.04768447858356935,2.9812921421920695,3.0191346153846155,0.03784247319254597
197,23647,2.272089087849037,0.035615005014404774,2.2364740828346323,2.27375,0.03727591716536782
198,24035,2.310607620226816,0.0363665226062972,2.274241097620519,2.3110576923076924,0.03681659468717324
199,17325,1.6683873301000205,0.02663511352773748,1.641752216572283,1.6658653846153846,0.024113168043101485
200,30970,2.9841282252265966,0.046389327599144124,2.9377388976274523,2.9778846153846152,0.04014571775716291
201,17377,1.6872449521899018,0.02644061137416994,1.6608043408157318,1.6708653846153847,0.010061043799652891
202,17366,1.6651675902617555,0.02653222533440804,1.6386353649273475,1.6698076923076923,0.03117232738034481
203,17842,1.706381386737927,0.027377915183840393,1.6790034715540865,1.715576923076923,0.03657345152283664
204,19743,1.880493550164295,0.030014884723658986,1.850478665440636,1.8983653846153845,0.047886719174748515
205,20664,1.986044142497734,0.03144117831355,1.954602964184184,1.986923076923077,0.032320112738893014
206,17596,1.7081098827051326,0.027297932720934594,1.680811949984198,1.6919230769230769,0.011111126938878835
207,20048,1.9144202639314727,0.030549005429869366,1.8838712585016033,1.9276923076923076,0.043821049190704287
208,20301,1.9660294574771864,0.03077813971229809,1.9352513177648882,1.9520192307692308,0.01676791300434255
209,16996,1.6292987108090564,0.0258710908249518,1.6034276199841047,1.6342307692307692,0.030803149246664496
210,18752,1.7960893545112608,0.028823957087823465,1.7672653974234374,1.803076923076923,0.035811525653485665
211,16397,1.5868572325275963,0.025441144539776753,1.5614160879878194,1.5766346153846154,0.015218527396795967
212,20491,1.9727265763605588,0.03116107931648631,1.9415654970440726,1.9702884615384615,0.028722964494388936
213,28764,2.7414185798388484,0.04358006747848344,2.6978385123603648,2.765769230769231,0.06793071840886622
214,19300,1.8452573228535114,0.02942293302580976,1.8158343898277016,1.8557692307692308,0.039934840941529215
215,25752,2.4794373602328164,0.03858311359392462,2.440854246638892,2.476153846153846,0.035299599514954316
216,31985,3.0837457055201156,0.04797636072602318,3.0357693447940926,3.075480769230769,0.03971142443667652
217,16008,1.5374207670014206,0.02442053930331852,1.513000227698102,1.5392307692307692,0.02623054153266713
218,22292,2.1386793004392426,0.0332321457798415,2.105447154659401,2.1434615384615383,0.038014383802137175
219,20617,1.9660627034068678,0.03098066816752798,1.9350820352393399,1.9824038461538462,0.04732181091450638
220,22241,2.144304949192809,0.03398644216680045,2.110318507026008,2.138557692307692,0.0282391852816839
221,17716,1.707767200343495,0.026914341577772692,1.6808528587657223,1.7034615384615384,0.022608679695816036
222,15678,1.5158546632675263,0.024057514977911056,1.4917971482896153,1.5075,0.01570285171038477
223,17149,1.6210192188565657,0.026296631464818435,1.5947225873917472,1.6489423076923078,0.05421972030056055
224,17353,1.6653173703977993,0.02630828235161382,1.6390090880461854,1.6685576923076924,0.02954860426150696
225,23590,2.2724201688278614,0.03584601164120586,2.2365741571866553,2.268269230769231,0.03169507358257562
226,17200,1.6525525781828119,0.026170112677066926,1.626382465505745,1.6538461538461537,0.027463688340408687
227,18073,1.7378306645659205,0.02756493156698125,1.7102657329989392,1.7377884615384616,0.027522728539522312
228,18545,1.7939643307324735,0.02812031793656837,1.7658440127959052,1.783173076923077,0.017329064127171723
229,16261,1.5485030234229755,0.025073585501183823,1.5234294379217916,1.5635576923076924,0.04012825438590073
230,17549,1.6935987786825846,0.026733282324546172,1.6668654963580385,1.687403846153846,0.020538349795807598
231,15935,1.513614649878525,0.024418593703930853,1.489196056174594,1.5322115384615385,0.043015482286944406
232,19102,1.8421813287899347,0.02889087224173262,1.813290456548202,1.8367307692307693,0.0234403126825673
233,18718,1.787586507929282,0.028142050022542307,1.7594444579067399,1.7998076923076922,0.04036323440095235
234,26276,2.542838951553758,0.03937992303389485,2.5034590285198632,2.5265384615384616,0.023079433018598383
235,26632,2.5465809973665468,0.040147163617282315,2.5064338337492647,2.560769230769231,0.05433539701996626
236,19553,1.8973010009820588,0.02956799367605341,1.8677330073060054,1.8800961538461538,0.012363146540148362
237,17141,1.661220128158889,0.026074865223736147,1.6351452629351528,1.648173076923077,0.013027813987924075
238,22932,2.2106074451926734,0.034575110964159994,2.1760323342285135,2.205,0.028967665771486573
239,16446,1.5828331538985032,0.025180170591415266,1.557652983307088,1.581346153846154,0.023693170539065944
240,17089,1.6525956111012767,0.026060056916060895,1.6265355541852158,1.643173076923077,0.016637522737861232
241,23898,2.2936705427695934,0.03592266515574926,2.257747877613844,2.2978846153846155,0.040136737770771536
242,17846,1.7243079563447126,0.0270768330145357,1.697231123330177,1.7159615384615385,0.018730415131361644
243,18707,1.7882551464238545,0.028260352750001574,1.759994793673853,1.79875,0.03875520632614715
244,26570,2.556009774541711,0.03971502052251469,2.5162947540191967,2.5548076923076923,0.03851293828849567
245,17395,1.6764113746475278,0.026244290194688605,1.650167084452839,1.6725961538461538,0.022429069393314682
246,21463,2.089442090018245,0.03254323760404471,2.0568988524142,2.06375,0.006851147585800188
247,15391,1.4853469274116227,0.0236043798601732,1.4617425475514494,1.479903846153846,0.01816129860239668
248,16912,1.662140983266398,0.025970614849738973,1.636170368416659,1.626153846153846,-0.010016522262813021
249,15218,1.4877459662698056,0.023188560144568916,1.4645574061252367,1.4632692307692308,-0.001288175356005894
250,18148,1.724246144424798,0.027650892640394557,1.6965952517844034,1.745,0.048404748215596705
251,19459,1.871297290443638,0.02957584113315065,1.8417214493104874,1.8710576923076923,0.02933624299720483
252,33296,3.192802094711232,0.050071957411463044,3.142730137299769,3.2015384615384614,0.05880832423869231
253,16818,1.620835264647672,0.02567639796626083,1.5951588666814112,1.6171153846153845,0.021956517933973352
254,17453,1.6876442307364428,0.026572740591204052,1.6610714901452388,1.678173076923077,0.01710158677783813
255,18070,1.7311058429853556,0.027815211784121295,1.7032906312012344,1.7375,0.03420936879876568
256,19442,1.8543153017407585,0.02973791697325636,1.8245773847675022,1.8694230769230769,0.04484569215557466
257,18561,1.803656894133184,0.028424199461167785,1.7752326946720163,1.7847115384615384,0.009478843789522129
258,17200,1.6411727559920026,0.026000380966047197,1.6151723750259555,1.6538461538461537,0.03867377882019829
259,21783,2.1025494942371092,0.032957603805407264,2.069591890431702,2.094519230769231,0.024927340337528747
260,20579,1.9982951253564714,0.03112651010807226,1.9671686152483991,1.97875,0.011581384751600865
261,17430,1.6752506974286312,0.026642743121514524,1.6486079543071166,1.6759615384615385,0.027353584154421906
262,18936,1.8029437836307365,0.02862012785120955,1.774323655779527,1.8207692307692307,0.0464455749897037
263,21787,2.0802516046727355,0.03294205790854506,2.0473095467641906,2.094903846153846,0.047594299389655426
264,16553,1.5931249670510121,0.02503266255263963,1.5680923044983726,1.5916346153846155,0.023542310886242923
265,18485,1.7615354099858538,0.028350335672387157,1.7331850743134667,1.7774038461538462,0.04421877184037948
266,17503,1.6745872696918143,0.02686569409639917,1.647721575595415,1.6829807692307692,0.035259193635354125
267,22076,2.1197677796270247,0.03337285380998124,2.0863949258170433,2.122692307692308,0.036297381875264545
268,23188,2.253555489332399,0.035323532577799036,2.2182319567546,2.2296153846153848,0.011383427860784945
269,19160,1.8409564814127837,0.029033717554481007,1.8119227638583026,1.8423076923076922,0.03038492844938956
270,24301,2.3305279232780682,0.036742396856019995,2.2937855264220484,2.3366346153846154,0.042849088962567006
271,26248,2.53214376935057,0.03990025129706564,2.4922435180535043,2.523846153846154,0.03160263579264955
272,35752,3.4599799369702606,0.05392130415470404,3.4060586328155567,3.437692307692308,0.03163367487675117
273,15954,1.5282010157858679,0.02456759312077165,1.5036334226650963,1.5340384615384615,0.03040503887336521
274,19789,1.8981756683089348,0.030023971506225593,1.8681516968027092,1.9027884615384616,0.03463676473575239
275,16899,1.6361328407017035,0.025891562376790803,1.6102412783249127,1.624903846153846,0.014662567828933382
276,16045,1.5495747252908996,0.02454560620550049,1.525029119085399,1.5427884615384615,0.017759342453062432
277,16533,1.5929970853559745,0.025098211549299133,1.5678988738066755,1.5897115384615386,0.02181266465486309
278,17533,1.6927710314749689,0.027041657405239786,1.665729374069729,1.6858653846153846,0.020136010545655614
279,18325,1.7552765061467286,0.028020897255623626,1.7272556088911049,1.7620192307692308,0.03476362187812598
280,16528,1.5758476951835199,0.02543353696662991,1.55041415821689,1.5892307692307692,0.03881661101387923
281,17246,1.655286849855229,0.02618057702963168,1.6291062728255972,1.6582692307692308,0.02916295794363366
282,21486,2.057319508927619,0.032782933752788006,2.0245365751748308,2.0659615384615386,0.04142496328670786
283,19859,1.9049691374980158,0.030351059585406234,1.8746180779126096,1.9095192307692308,0.03490115285662121
284,16200,1.5589207216682293,0.024968425877146285,1.533952295791083,1.5576923076923077,0.023740011901224767
285,19599,1.8632760914943889,0.029495840564945103,1.8337802509294439,1.8845192307692307,0.05073897983978681
286,17133,1.66753831625319,0.026110956248725836,1.6414273600044642,1.647403846153846,0.005976486149381843
287,16899,1.6399530770561854,0.0260419385619523,1.613911138494233,1.624903846153846,0.010992707659613021
288,24563,2.3594824595963244,0.03751134839638153,2.321971111199943,2.361826923076923,0.03985581187698006
289,20466,1.9501539049412209,0.03109344851667636,1.9190604564245446,1.9678846153846155,0.04882415896007086
290,21784,2.1052673189252613,0.033004100121699985,2.0722632188035615,2.0946153846153845,0.022352165811823088
291,31720,3.059847929758751,0.04806938493186122,3.0117785448268894,3.05,0.038221455173110375
292,25110,2.408497363497407,0.03772302215812147,2.3707743413392857,2.414423076923077,0.04364873558379134
293,20585,1.9718406494913348,0.031365740988412265,1.9404749085029225,1.979326923076923,0.03885201457400056
294,18291,1.7622944732237207,0.02774987889444596,1.7345445943292748,1.75875,0.024205405670725266
295,18236,1.7430118775494687,0.028097279227892284,1.7149145983215766,1.7534615384615384,0.03854694013996185
296,18822,1.7962276283676852,0.028915797239162294,1.767311831128523,1.8098076923076922,0.04249586117916926
297,19181,1.8317202564969968,0.029344501167288595,1.8023757553297082,1.844326923076923,0.04195116774721486
298,21935,2.1037601820201997,0.0329142490580263,2.0708459329621736,2.1091346153846153,0.03828868242244177
299,19148,1.8484657505107263,0.028879956859729335,1.819585793650997,1.8411538461538461,0.02156805250284921
300,16105,1.5662468280067738,0.02497088727976036,1.5412759407270136,1.5485576923076922,0.007281751580678675
301,19265,1.86662251310925,0.029163570856319418,1.8374589422529306,1.8524038461538461,0.014944903900915518
302,16075,1.5389867749926618,0.02450578099623076,1.514480993996431,1.5456730769230769,0.03119208292664588
303,45331,4.36366513959201,0.06762187371608809,4.296043265875922,4.35875,0.06270673412407746
304,20570,1.9741263696385765,0.03160527970746484,1.9425210899311116,1.9778846153846155,0.03536352545350385
305,20613,1.945574995962359,0.031064218885564043,1.9145107770767948,1.9820192307692308,0.06750845369243597
306,18445,1.7763972278172022,0.028087159016472497,1.7483100688007298,1.7735576923076923,0.025247623506962524
307,21843,2.110367259961945,0.033475271716509096,2.076891988245436,2.1002884615384616,0.023396473293025633
308,20481,1.9758287756479218,0.030905632760402237,1.9449231428875196,1.969326923076923,0.02440378018940348
309,19487,1.8969425197818952,0.029447835581525094,1.8674946842003701,1.87375,0.006255315799629901
310,15788,1.5048519829715397,0.023991477796316617,1.480860505175223,1.518076923076923,0.03721641790170005
311,16552,1.5989261510810664,0.025612782358559096,1.5733133687225074,1.5915384615384616,0.01822509281595419
312,17504,1.676207632914535,0.026599017274120677,1.6496086156404144,1.6830769230769231,0.03346830743650875
313,39892,3.8409817308058027,0.06014311119977262,3.78083861960603,3.835769230769231,0.05493061116320064
314,21555,2.0886887905078115,0.03266899495624122,2.0560197955515704,2.072596153846154,0.016576358294583482
315,23204,2.2497552159415775,0.03438972326615176,2.2153654926754256,2.231153846153846,0.015788353478420447
316,19185,1.8415732228930706,0.029084814566770794,1.8124884083262998,1.8447115384615385,0.0322231301352387
317,21567,2.0687070415252404,0.032204033738750415,2.03650300778649,2.07375,0.03724699221351013
318,22001,2.103562859836009,0.0331589653017942,2.070403894534215,2.115480769230769,0.04507687469655419
319,25114,2.421807856984376,0.037808713653890276,2.383999143330486,2.414807692307692,0.030808548977206307
320,18719,1.7899631432286658,0.028671644436733017,1.7612914987919328,1.7999038461538461,0.038612347361913324
321,18117,1.74740349502037,0.027778598247389975,1.7196248967729801,1.7420192307692308,0.02239433399625068
322,20867,2.0383837070074144,0.0316069258041389,2.0067767812032757,2.006442307692308,-0.0003344735109678254
323,17625,1.69712600357282,0.026849683057574424,1.6702763205152455,1.6947115384615385,0.024435217946292997
324,27211,2.63009374980274,0.04104249097784057,2.5890512588248993,2.616442307692308,0.027391048867408507
325,17831,1.6956826330854808,0.027494725844716995,1.668187907240764,1.7145192307692307,0.046331323528466806
326,17245,1.6469261569944196,0.026174245327417002,1.6207519116670026,1.658173076923077,0.03742116525607431
327,16300,1.580311382460995,0.024623347211811922,1.5556880352491829,1.5673076923076923,0.011619657058509425
328,18318,1.7838600553982258,0.027905070104350106,1.7559549852938756,1.761346153846154,0.00539116855227828
329,22131,2.1291953466254205,0.03366643515760643,2.095528911467814,2.1279807692307693,0.03245185776295534
330,23272,2.210950234824676,0.0348154207508995,2.1761348140737766,2.2376923076923076,0.06155749361853102
331,19278,1.8489865661850502,0.029590594640004717,1.8193959715450454,1.853653846153846,0.0342578746088007
332,17027,1.6371109713432592,0.026122677602309994,1.6109882937409492,1.6372115384615384,0.026223244720589234
333,36307,3.478260522943413,0.05470068992248382,3.423559833020929,3.491057692307692,0.067497859286763
334,16281,1.5742757841793207,0.02488469924166076,1.54939108493766,1.5654807692307693,0.016089684293109308
335,17015,1.6190280068924106,0.02586730406708405,1.5931607028253265,1.6360576923076924,0.042896989482365866
336,17330,1.6744362674673565,0.026289070035008293,1.6481471974323483,1.666346153846154,0.018198956413805645
337,17642,1.7056920902301012,0.02686637685356107,1.67882571337654,1.696346153846154,0.017520440469613874
338,18984,1.8217926287674748,0.028668491234859986,1.7931241375326148,1.8253846153846154,0.03226047785200059
339,26048,2.544908837758947,0.03925373415949362,2.5056551035994534,2.5046153846153847,-0.0010397189840687382
340,20413,1.9704076402875754,0.03076287212686062,1.9396447681607147,1.9627884615384616,0.02314369337774691
341,16443,1.5635205715902172,0.02483138051275955,1.5386891910774576,1.5810576923076922,0.04236850123023461
342,18407,1.750954871694788,0.02828291632326662,1.7226719553715215,1.769903846153846,0.04723189078232459
343,17566,1.6826952773788277,0.026750728250321026,1.6559445491285067,1.6890384615384615,0.03309391240995474
344,18690,1.773767443661851,0.02829735182823647,1.7454700918336143,1.7971153846153847,0.051645292781770324
345,18026,1.7429284996404164,0.027335169374177157,1.7155933302662392,1.7332692307692308,0.017675900502991615
346,17788,1.6899203244539054,0.027512533482798727,1.6624077909711066,1.7103846153846154,0.04797682441350881
347,16117,1.5558828111949026,0.024925383521322637,1.53095742767358,1.5497115384615385,0.018754110787958522
348,30051,2.8700335920089732,0.04467745304557149,2.825356138963402,2.889519230769231,0.06416309180582891
349,18464,1.771945314166498,0.028325688994169904,1.7436196251723282,1.7753846153846153,0.03176499021228718
350,17870,1.7269134878249328,0.026956139437486606,1.6999573483874462,1.7182692307692307,0.018311882381784494
351,19202,1.8395350486894018,0.029207581795521444,1.8103274668938802,1.8463461538461539,0.036018686952273615
352,17850,1.7124352327216663,0.026823929396983047,1.6856113033246833,1.7163461538461537,0.030734850521470403
353,18325,1.734255057058309,0.028068586986629743,1.7061864700716793,1.7620192307692308,0.0558327606975515
354,19354,1.8594822000092426,0.029253853608378323,1.8302283464008642,1.8609615384615386,0.030733192060674375
355,18010,1.7316815781373591,0.027675504580947877,1.7040060735564113,1.7317307692307693,0.02772469567435798
356,41184,3.949853399354725,0.0617739728316117,3.888079426523113,3.96,0.07192057347688685
357,27081,2.624532756540786,0.041113588020534615,2.583419168520251,2.6039423076923076,0.020523139172056393
358,18777,1.7981399189863327,0.02838714550103668,1.769752773485296,1.8054807692307693,0.03572799574547325
359,20244,1.944068660589938,0.03067777510315785,1.91339088548678,1.9465384615384616,0.033147576051681504
360,16466,1.5937300018061664,0.024984363043851942,1.5687456387623144,1.5832692307692309,0.014523592006916441
361,19086,1.8054113051698844,0.029229165412964487,1.77618213975692,1.8351923076923078,0.059010167935387825
362,18734,1.7930951430034046,0.028716890420054292,1.7643782525833502,1.801346153846154,0.03696790126280369
363,29234,2.8268510529218482,0.04408806610940611,2.782762986812442,2.8109615384615383,0.02819855164909635
364,16604,1.5940749446547058,0.025407499870644775,1.568667444784061,1.5965384615384615,0.027871016754400513
365,20519,1.9740542283439737,0.03133008656501105,1.9427241417789627,1.9729807692307693,0.030256627451806573
366,16544,1.5927364618931215,0.025198550031077186,1.5675379118620443,1.5907692307692307,0.023231318907186438
367,17712,1.6843921027161612,0.02694728480547145,1.6574448179106898,1.7030769230769232,0.045632105166233394
368,17118,1.663280835671859,0.026177251226294565,1.6371035844455644,1.6459615384615385,0.008857954015974112
369,15892,1.5149675520814634,0.024146409165582278,1.490821142915881,1.528076923076923,0.03725578016104203
370,17182,1.652976338686365,0.02639110333070671,1.6265852353556582,1.6521153846153847,0.02553014925972641
371,18086,1.7365610880774698,0.027319394442036345,1.7092416936354335,1.7390384615384615,0.029796767903027988
372,22007,2.113343081973686,0.033605842175271974,2.079737239798414,2.116057692307692,0.036320452509277956
373,23651,2.2911280767170483,0.03564809648598319,2.255479980231065,2.2741346153846154,0.01865463515355037
374,16936,1.6214309402437077,0.025955978061237464,1.5954749621824702,1.6284615384615384,0.0329865762790682
375,24392,2.3427333740119285,0.03724723432250131,2.3054861396894273,2.3453846153846154,0.03989847569518812
376,17054,1.6281566757171193,0.02616196769672129,1.601994708020398,1.6398076923076923,0.03781298428729429
377,20794,2.002832801394714,0.031131133192416473,1.9717016682022974,1.999423076923077,0.02772140872077955
378,17737,1.7059673922590828,0.0272554836898849,1.678711908569198,1.7054807692307692,0.026768860661571248
379,20817,2.005169429208643,0.031794954160315525,1.9733744750483273,2.0016346153846154,0.028260140336288098
380,18675,1.8158405142465706,0.028428829559913136,1.7874116846866575,1.7956730769230769,0.008261392236419418
381,17671,1.6736704733935734,0.02680331718902979,1.6468671562045436,1.6991346153846154,0.05226745918007181
382,18706,1.8110148226471294,0.028400517042665004,1.7826143056044643,1.7986538461538462,0.016039540549381837
383,22569,2.1764195263349153,0.034161213241639746,2.1422583130932757,2.170096153846154,0.027837840752878318
384,20146,1.9423201873339877,0.030307642872921974,1.9120125444610658,1.9371153846153846,0.02510284015431874
385,25987,2.5126966522144376,0.03918619512108277,2.473510457093355,2.49875,0.025239542906644985
386,35666,3.4132771124509014,0.0539292688195889,3.3593478436313124,3.429423076923077,0.07007523329176468
387,22826,2.1599878079886894,0.034254940376548595,2.125732867612141,2.1948076923076925,0.06907482469555148
388,16120,1.5599876288011114,0.02495387962310146,1.53503374917801,1.55,0.014966250821990101
389,25037,2.3863784051452535,0.03769220155935655,2.348686203585897,2.407403846153846,0.0587176425679492
390,21428,2.0473992109196333,0.032182515550686616,2.0152166953689465,2.0603846153846153,0.04516792001566872
391,19279,1.832014271618126,0.02896403907690881,1.8030502325412172,1.85375,0.050699767458782796
392,17644,1.7000270014580723,0.026688690697667057,1.6733383107604052,1.6965384615384616,0.023200150778056372
393,17145,1.6395251741283972,0.026235720360414584,1.6132894537679825,1.6485576923076923,0.03526823853970984
394,20165,1.9386494115757327,0.030764313680616343,1.9078850978951163,1.9389423076923078,0.03105720979719151
395,16389,1.5591682182023179,0.02532204916190727,1.5338461690404106,1.5758653846153847,0.04201921557497412
396,23881,2.305186584870098,0.0359891691795392,2.269197415690559,2.29625,0.02705258430944113
397,16932,1.6203424261569872,0.025894560913574245,1.5944478652434129,1.628076923076923,0.03362905783351011
398,18285,1.7525647048315622,0.027741246021914173,1.724823458809648,1.758173076923077,0.03334961811342896
399,24303,2.306238571791142,0.03661994013631933,2.2696186316548226,2.336826923076923,0.06720829142210061
400,17170,1.64878608403158,0.02636435252896502,1.622421731502615,1.6509615384615384,0.02853980695892333
401,21648,2.083595809487162,0.032928098139737655,2.0506677113474243,2.0815384615384613,0.030870750191037022
402,19741,1.8870093289716583,0.029710216045939382,1.8572991129257188,1.898173076923077,0.0408739639973581
403,18940,1.827237501069424,0.02871538954810764,1.7985221115213164,1.8211538461538461,0.022631734632529765
404,25966,2.478761210007829,0.039035572640611506,2.4397256373672174,2.496730769230769,0.05700513186355183
405,19844,1.901128410268102,0.03046669659060353,1.8706617136774986,1.908076923076923,0.03741520939942444
406,16584,1.5832084277300533,0.025154179010336945,1.5580542487197164,1.5946153846153845,0.03656113589566812
407,25360,2.4546340173055907,0.03861135168557301,2.4160226656200177,2.4384615384615387,0.022438872841521018
408,17579,1.6810984879589563,0.02662904771909799,1.6544694402398583,1.6902884615384615,0.03581902129860315
409,16081,1.5379916165511347,0.024675176292432318,1.5133164402587025,1.54625,0.032933559741297413
410,19717,1.9039874890599888,0.02970404662729927,1.8742834424326895,1.8958653846153846,0.021581942182695046
411,19653,1.905900309960174,0.029432119658944614,1.8764681903012292,1.8897115384615384,0.013243348160309143
412,18578,1.7861772440339216,0.028487628085837734,1.757689615948084,1.7863461538461538,0.028656537898069878
413,22638,2.1705619131186937,0.034515585035071884,2.136046328083622,2.1767307692307694,0.04068444114714742
414,16082,1.5436611414770713,0.024679235145256266,1.518981906331815,1.5463461538461538,0.027364247514338746
415,20597,1.970161258438506,0.0313516450676568,1.9388096133708492,1.9804807692307693,0.041671155859920095
416,18983,1.825415512015476,0.02907085462662868,1.7963446573888473,1.8252884615384615,0.028943804149614172
417,18849,1.8070805022675742,0.028803935726727604,1.7782765665408466,1.812403846153846,0.03412727961299944
418,16921,1.6380813267954428,0.025778447433016924,1.612302879362426,1.6270192307692308,0.01471635140680494
419,16659,1.5962685987456233,0.025669598293537266,1.570599000452086,1.601826923076923,0.03122792262483709
420,15728,1.5014372063817207,0.024366590377789543,1.4770706160039313,1.5123076923076924,0.03523707630376105
421,15278,1.4793856776858458,0.023707439040130052,1.4556782386457159,1.4690384615384615,0.013360222892745632
422,18061,1.7474684970840413,0.02762974368127829,1.719838753402763,1.7366346153846153,0.016795861981852234
423,17596,1.695925534199125,0.02665651657412796,1.6692690176249971,1.6919230769230769,0.02265405929807973
424,18687,1.802801177396121,0.0279416826633865,1.7748594947327345,1.7968269230769232,0.021967428344188633
425,17695,1.7067152730315969,0.027160325578656892,1.6795549474529399,1.7014423076923078,0.02188736023936788
426,14909,1.441168350501893,0.022935407330661645,1.4182329431712315,1.4335576923076923,0.015324749136460758
427,18231,1.7546311729867763,0.027822120807720244,1.726809052179056,1.7529807692307693,0.026171717051713284
428,18051,1.7378394847988639,0.02747079285475867,1.7103686919441052,1.7356730769230768,0.025304384978971584
429,16097,1.5498627262259221,0.024773114122741677,1.5250896121031805,1.5477884615384616,0.02269884943528111
430,18048,1.7219718532552855,0.027048526569258456,1.694923326686027,1.7353846153846153,0.04046128869858823
431,16359,1.5794261876309865,0.025247584275843452,1.554178603355143,1.5729807692307691,0.01880216587562611
432,39177,3.736674805924832,0.05833584782672239,3.67833895809811,3.7670192307692307,0.08868027267112089
433,15224,1.464174010361923,0.023009180136062624,1.4411648302258604,1.4638461538461538,0.022681323620293403
434,17718,1.7403745563706328,0.026965606714367207,1.7134089496562654,1.7036538461538462,-0.00975510350241926
435,18683,1.7879069002338963,0.02861143009723783,1.7592954701366585,1.7964423076923077,0.03714683755564918
436,17676,1.7065275956666375,0.02678906055866344,1.679738535107974,1.6996153846153845,0.01987684950741042
437,22694,2.178206554895517,0.03449979151613499,2.143706763379382,2.1821153846153845,0.03840862123600264
438,19222,1.835250865810617,0.02897286941691281,1.8062779963937041,1.8482692307692308,0.041991234375526654
439,15902,1.526613825527514,0.024310629940377897,1.502303195587136,1.5290384615384616,0.026735265951325582
440,22865,2.185804834041207,0.03463806491337518,2.1511667691278316,2.198557692307692,0.0473909231798606
441,17828,1.7222038950859426,0.027040191787273335,1.6951637032986693,1.7142307692307692,0.019067065932099947
442,17191,1.6317354574357799,0.026027624671622635,1.6057078327641572,1.6529807692307692,0.047272936466612014
443,21642,2.0893635733780096,0.03241586499685933,2.0569477083811503,2.0809615384615383,0.024013830080388043
444,16840,1.6232674110583756,0.025692089699252015,1.5975753213591235,1.6192307692307693,0.02165544787164575
445,18853,1.8349424622659865,0.028363329851757497,1.8065791324142288,1.8127884615384615,0.006209329124232665
446,19076,1.832194349680939,0.02931539522241009,1.8028789544585289,1.8342307692307693,0.03135181477224047
447,17691,1.6883299605789523,0.02728202280597869,1.6610479377729737,1.7010576923076923,0.04000975453471867
448,17292,1.6383434094549267,0.0265575174678335,1.6117858919870933,1.6626923076923077,0.05090641570521437
449,18066,1.7716874447265607,0.027525422980769883,1.7441620217457907,1.7371153846153846,-0.007046637130406097
450,16081,1.5425917572524628,0.024750061505633966,1.5178416957468288,1.54625,0.02840830425317109
451,17764,1.7300786806775632,0.02662263566824576,1.7034560450093175,1.708076923076923,0.004620878067605583
452,17129,1.6324350936986738,0.026312228153421668,1.6061228655452522,1.6470192307692308,0.04089636522397866
453,18944,1.8153427944296878,0.02889858437338761,1.7864442100563003,1.8215384615384616,0.035094251482161276
454,16739,1.607736284585581,0.02582030730866919,1.5819159772769118,1.6095192307692308,0.027603253492318958
455,15981,1.539202760326334,0.02458977414283992,1.514612986183494,1.5366346153846153,0.022021629201121273
456,16466,1.5853388196647733,0.025392477526671203,1.5599463421381021,1.5832692307692309,0.023322888631128746
457,17448,1.6709254474729203,0.026561048893627894,1.6443643985792924,1.6776923076923076,0.0333279091130152
458,19001,1.8396317473930761,0.028953952825685247,1.8106777945673909,1.8270192307692308,0.01634143620183992
459,16299,1.5729586046975645,0.02504735474627519,1.5479112499512893,1.5672115384615384,0.01930028851024912
460,25422,2.442816905037065,0.03831244822002664,2.404504456817038,2.444423076923077,0.03991862010603864
461,17848,1.707534652625337,0.027232281196236132,1.6803023714291008,1.7161538461538461,0.03585147472474537
462,16365,1.5549458019468818,0.02461551804971834,1.5303302838971635,1.5735576923076924,0.043227408410528856
463,19285,1.8512669657684098,0.02929389649302829,1.8219730692753815,1.854326923076923,0.03235385380154154
464,25640,2.497733448513808,0.03896855771103695,2.458764890802771,2.4653846153846155,0.006619724581844455
465,16334,1.577679502059193,0.024674608326804823,1.5530048937323881,1.570576923076923,0.017572029344534945
466,22284,2.1333012448046773,0.03388350094477309,2.099417743859904,2.142692307692308,0.04327456383240369
467,21059,2.0278121719687925,0.03227328646855754,1.995538885500235,2.024903846153846,0.02936496065361127
468,18879,1.8047039763473327,0.02910365282310453,1.7756003235242281,1.8152884615384615,0.03968813801423332
469,23329,2.2356836410739094,0.03495690015409543,2.200726740919814,2.243173076923077,0.042446336003262974
470,19478,1.872520395547992,0.029828189262869426,1.8426922062851228,1.8728846153846155,0.030192409099492723
471,20111,1.9339818934662731,0.03061276324195357,1.9033691302243196,1.93375,0.03038086977568044
472,16210,1.5414883517291358,0.024748381822641233,1.5167399699064945,1.5586538461538462,0.041913876247351656
473,16603,1.5893660517061696,0.025650827958265534,1.5637152237479042,1.5964423076923078,0.0327270839444036
474,45358,4.36884610405248,0.06778122961603969,4.30106487443644,4.361346153846154,0.06028127940971384
475,18380,1.764720600918769,0.027958053424355808,1.7367625474944133,1.7673076923076922,0.030545144813278968
476,17747,1.700591944772172,0.027031106548699193,1.6735608382234728,1.7064423076923076,0.032881469468834856
477,18389,1.7650995399810088,0.02822397810660356,1.7368755618744052,1.768173076923077,0.03129751504867184
478,19556,1.8647335464998145,0.029700600875079572,1.835032945624735,1.8803846153846153,0.045351669759880364
479,18512,1.7733581704114412,0.02791434474552272,1.7454438256659184,1.78,0.034556174334081646
480,20920,2.0106025130428367,0.03168648464834152,1.978916028394495,2.0115384615384615,0.0326224331439664
481,17896,1.7229630491842116,0.027154362414071986,1.6958086867701396,1.7207692307692308,0.0249605439990912
482,19898,1.9153170093986462,0.029936789361627476,1.8853802200370187,1.9132692307692307,0.02788901073221206
483,22346,2.1318949318492213,0.03378749687263705,2.0981074349765843,2.148653846153846,0.050546411177261774
484,20019,1.9075564817040873,0.030318416582973334,1.877238065121114,1.9249038461538461,0.04766578103273211
485,18401,1.773405896991557,0.027783336240583052,1.7456225607509739,1.769326923076923,0.02370436232594919
486,17139,1.6365228626014798,0.026088266983933104,1.6104345956175468,1.6479807692307693,0.037546173613222544
487,17463,1.6965012713361751,0.026902192831127318,1.6695990785050479,1.6791346153846154,0.009535536879567541
488,18792,1.7990349797180378,0.028978708538433002,1.7700562711796048,1.8069230769230769,0.03686680574347201
489,21683,2.061242692488619,0.0326004807613054,2.0286422117273135,2.0849038461538463,0.05626163442653276
490,18574,1.7630041068461766,0.02825534471489562,1.734748762131281,1.7859615384615384,0.05121277633025745
491,21151,2.0432284998497146,0.031968888700848005,2.0112596111488665,2.03375,0.022490388851133414
492,18529,1.785826112556872,0.028236273268549977,1.757589839288322,1.7816346153846154,0.024044776096293408
493,17202,1.6567318079801026,0.02598481076418692,1.6307469972159157,1.6540384615384616,0.02329146432254592
494,18683,1.7891028639413415,0.02829032177989497,1.7608125421614467,1.7964423076923077,0.03562976553086106
495,81297,7.830126606412749,0.12205703098041808,7.708069575432331,7.8170192307692306,0.10894965533689938
496,16604,1.5864141145274762,0.025388448982564052,1.5610256655449122,1.5965384615384615,0.035512795993549284
497,17005,1.641068207228169,0.025844966284389308,1.6152232409437797,1.635096153846154,0.01987291290237425
498,16386,1.5631643464905138,0.025217539497165237,1.5379468069933486,1.575576923076923,0.03763011608357436
499,18540,1.7615074368321881,0.028037431839626464,1.7334700049925618,1.7826923076923078,0.049222302699746034
500,22522,2.1517251645368902,0.034230099405631494,2.1174950651312585,2.165576923076923,0.04808185794566455
501,18426,1.7787377967330644,0.02794043162117439,1.75079736511189,1.7717307692307693,0.02093340411887934
502,23854,2.286074815184729,0.03595394553900765,2.2501208696457216,2.293653846153846,0.04353297650812449
503,33946,3.266513016809451,0.05156090129429179,3.214952115515159,3.2640384615384614,0.04908634602330242
504,18756,1.7704931753074928,0.028518642355351988,1.7419745329521408,1.8034615384615384,0.061487005509397674
505,27302,2.617573081973689,0.041229736631439744,2.576343345342249,2.625192307692308,0.048848962350058756
506,23125,2.2248423228370333,0.03508924972282242,2.1897530731142107,2.2235576923076925,0.033804619193481766
507,31622,3.0283325523101854,0.04767919962547859,2.980653352684707,3.040576923076923,0.059923570392216075
508,17156,1.6536117402537058,0.02611490615660293,1.627496834097103,1.6496153846153847,0.02211855051828171
509,33510,3.25200112663067,0.05093708222088244,3.2010640444097875,3.2221153846153845,0.021051340205596958
510,39633,3.8144770529810117,0.05956366500716906,3.7549133879738426,3.8108653846153846,0.055951996641542046
511,19546,1.8782554603152815,0.02981084770053594,1.8484446126147456,1.8794230769230769,0.03097846430833129
512,18231,1.7235782196108933,0.027738107524744895,1.6958401120861484,1.7529807692307693,0.05714065714462091
513,17385,1.6546202779353845,0.02616471907163587,1.6284555588637486,1.6716346153846153,0.04317905652086673
514,15572,1.5045493896528095,0.02388322998147436,1.480666159671335,1.4973076923076922,0.016641532636357148
515,16259,1.5591695637233807,0.024859881761933475,1.5343096819614472,1.5633653846153845,0.02905570265393731
516,19579,1.9073591048005623,0.029955228377338355,1.877403876423224,1.8825961538461538,0.005192277422929825
517,17747,1.704043242558598,0.02720503430903854,1.6768382082495594,1.7064423076923076,0.029604099442748222
518,16617,1.609961157743326,0.02532353453146295,1.584637623211863,1.5977884615384614,0.013150838326598357
519,26487,2.5535836709655375,0.04005671771816474,2.5135269532473727,2.546826923076923,0.03329996982955041
520,16811,1.625373808065256,0.02559491332443412,1.5997788947408218,1.6164423076923078,0.01666341295148599
521,21286,2.0550101584151577,0.031946586049548344,2.023063572365609,2.046730769230769,0.023667196865159834
522,20977,2.0300357799217266,0.031508596758573454,1.998527183163153,2.0170192307692307,0.0184920476060777
523,17539,1.6898479662322097,0.026893049760245126,1.6629549164719646,1.6864423076923076,0.023487391220343046
524,19400,1.8420323719070522,0.029540042158015145,1.812492329749037,1.8653846153846154,0.05289228563557846
525,18970,1.8373367735481205,0.029002110539640767,1.8083346630084798,1.8240384615384615,0.015703798529981716
526,18582,1.7591203310482089,0.02841537086434416,1.7307049601838647,1.7867307692307692,0.05602580904690457
527,18241,1.7594572923344824,0.027501265407138164,1.7319560269273442,1.7539423076923077,0.02198628076496356
528,17250,1.6377728632561568,0.02647023089020963,1.6113026323659472,1.6586538461538463,0.04735121378789908
529,16033,1.5378381561109988,0.02422861836493761,1.5136095377460612,1.5416346153846154,0.02802507763855422
530,18483,1.7811911260810769,0.028246645582381616,1.7529444804986953,1.7772115384615386,0.02426705796284323
531,18518,1.7692816591086042,0.02849010813896512,1.7407915509696392,1.780576923076923,0.039785372107283834
532,19038,1.8043959134661347,0.029095800305266095,1.7753001131608686,1.830576923076923,0.05527680991605455
533,33368,3.194247659386534,0.0498501163548939,3.14439754303164,3.2084615384615383,0.06406399542989805
534,19252,1.861989442938253,0.029200393888887774,1.8327890490493652,1.8511538461538461,0.018364797104480912
535,16189,1.568562101889094,0.024895805656680512,1.5436662962324135,1.5566346153846153,0.012968319152201868
536,17069,1.6309404216972287,0.02635090902982579,1.604589512667403,1.64125,0.03666048733259708
537,15185,1.459581178156415,0.02336957601475444,1.4362116021416604,1.4600961538461539,0.02388455170449344
538,22547,2.1626792930168657,0.03406448737100982,2.128614805645856,2.1679807692307693,0.03936596358491329
539,22714,2.1835196480817904,0.0345544483974721,2.1489651996843184,2.1840384615384614,0.035073261854142945
540,21285,2.046688232954293,0.03200726504465644,2.0146809679096362,2.0466346153846153,0.031953647474979086
541,19052,1.839234893123514,0.028810659865612577,1.8104242332579015,1.831923076923077,0.021498843665175515
542,17418,1.6708885430209925,0.02656909013685321,1.6443194528841394,1.6748076923076922,0.030488239423552832
543,21421,2.036884640574031,0.032502563583997716,2.004382076990033,2.0597115384615385,0.055329461471505414
544,20699,1.980330155815783,0.03137230456777304,1.9489578512480101,1.9902884615384615,0.041330610290451375
545,18340,1.7747483039332648,0.028155133598326342,1.7465931703349384,1.7634615384615384,0.016868368126599975
546,16349,1.575152492434911,0.024872549228201417,1.5502799432067096,1.5720192307692307,0.02173928756252108
547,22885,2.1915144326490186,0.034871758052241436,2.1566426745967773,2.200480769230769,0.0438380946339918
548,21224,2.0377972513983904,0.032180935519798864,2.0056163158785916,2.040769230769231,0.03515291489063932
549,19516,1.892089513878732,0.029785352431469906,1.862304161447262,1.8765384615384615,0.014234300091199525
550,16031,1.5234893325220544,0.024367129197272182,1.4991222033247822,1.5414423076923076,0.042320104367525424
551,20342,1.9612624176208402,0.030454902118580863,1.9308075155022593,1.9559615384615385,0.025154022959279265
552,19584,1.889360071700802,0.029904575958793058,1.8594554957420089,1.883076923076923,0.023621427334914236
553,20566,1.9820003882209136,0.031291933516923595,1.9507084547039901,1.9775,0.02679154529600991
554,18971,1.8229268217098218,0.0286236929068761,1.7943031288029456,1.8241346153846154,0.029831486581669786
555,19660,1.893236022222357,0.029974808615028513,1.8632612136073285,1.8903846153846153,0.027123401777286782
556,20841,2.0153519428949918,0.03133841189662677,1.984013530998365,2.0039423076923075,0.01992877669394244
557,16829,1.6164288026811737,0.025821473783892518,1.5906073288972813,1.6181730769230769,0.02756574802579559
558,40903,3.9428476385330486,0.061155694442586866,3.881691944090462,3.9329807692307694,0.05128882514030764
559,35577,3.4403867513702058,0.05387367673206429,3.3865130746381413,3.4208653846153845,0.034352309977243145
560,19957,1.9056641227594877,0.030116994597225454,1.8755471281622622,1.9189423076923078,0.04339517953004557
561,29382,2.8262865576659215,0.04427975265536634,2.782006805010555,2.8251923076923076,0.043185502681752475
562,18739,1.77844261937205,0.028341088135414742,1.7501015312366353,1.801826923076923,0.05172539184028779
563,19982,1.9105107536593906,0.030287068543756797,1.8802236851156338,1.9213461538461538,0.041122468730520056
564,22904,2.2182857779313108,0.03434278789604497,2.183942990035266,2.2023076923076923,0.01836470227242648
565,18457,1.7573144259800586,0.027940345524040625,1.729374080456018,1.7747115384615384,0.04533745800552036
566,19434,1.8422800006000244,0.02985996046418775,1.8124200401358366,1.8686538461538462,0.05623380601800965
567,15835,1.5188960387454133,0.024753550733187395,1.494142488012226,1.5225961538461539,0.028453665833927833
568,19703,1.8961044461378502,0.02999307624157655,1.8661113698962737,1.8945192307692307,0.02840786087295699
569,23904,2.28396183523257,0.03617245744090974,2.24778937779166,2.2984615384615386,0.05067216066987834
570,16972,1.6256387699928174,0.025746656671860563,1.599892113320957,1.631923076923077,0.0320309636021201
571,16731,1.6173820354665447,0.025546669281402375,1.5918353661851423,1.60875,0.016914633814857583
572,18036,1.7309415136791202,0.0271397733363144,1.7038017403428058,1.7342307692307692,0.030429028887963394
573,19033,1.8324978730622614,0.029223287332920265,1.803274585729341,1.8300961538461538,0.02682156811681269
574,21133,2.029482919145029,0.03222627193485932,1.9972566472101698,2.032019230769231,0.03476258355906103
575,17148,1.6463539070165694,0.026092086181513534,1.6202618208350559,1.6488461538461539,0.028584333011097973
576,15123,1.4712360627515881,0.02324344508869646,1.4479926176628917,1.4541346153846153,0.0061419977217236355
577,16836,1.604169621801795,0.025668538200378024,1.5785010836014168,1.6188461538461538,0.04034507024473699
578,16902,1.6226550411662395,0.025873301189796225,1.5967817399764432,1.6251923076923076,0.028410567715864365
579,19475,1.8805586258819256,0.02916540518868171,1.851393220693244,1.8725961538461537,0.021202933152909775
580,26965,2.592627527086632,0.04005230135303541,2.5525752257335963,2.5927884615384613,0.04021323580486502
581,29903,2.878858646148927,0.04493273319655859,2.833925912952368,2.8752884615384615,0.04136254858609334
582,22399,2.1570826367279223,0.03421308560764666,2.1228695511202758,2.15375,0.030880448879724298
583,18151,1.7319521167175873,0.027295926847629468,1.704656189869958,1.7452884615384616,0.040632271668503694
584,16800,1.594920608567641,0.025430136145579967,1.569490472422061,1.6153846153846154,0.04589414296255434
585,22702,2.195338201618078,0.033832217623717166,2.1615059839943607,2.1828846153846153,0.021378631390254643
586,16424,1.5925713149327532,0.025418901810290245,1.567152413122463,1.5792307692307692,0.01207835610830621
587,21292,2.054435275379641,0.03202058056423352,2.0224146948154074,2.0473076923076925,0.02489299749228513
588,19899,1.938495545181636,0.0298574101244518,1.9086381350571842,1.9133653846153846,0.004727249558200475
589,33358,3.1982752542183333,0.05048634628369404,3.1477889079346393,3.2075,0.05971109206536074
590,16412,1.5846646567038132,0.02510177065378098,1.5595628860500321,1.5780769230769232,0.018514037026891028
591,16607,1.5904265403039572,0.025269055083216366,1.5651574852207408,1.596826923076923,0.03166943785618215
592,19234,1.8588572862738397,0.029630529533390557,1.8292267567404492,1.8494230769230768,0.020196320182627625
593,16228,1.5674929357262208,0.024959352158616197,1.5425335835676046,1.5603846153846155,0.017851031817010865
594,17340,1.666884846863899,0.02634038245543123,1.640544464408468,1.6673076923076924,0.026763227899224473
595,16513,1.587725922269815,0.025514610808645852,1.562211311461169,1.5877884615384616,0.025577150077292554
596,18052,1.7437937723018015,0.027559455543501466,1.7162343167583,1.7357692307692307,0.01953491401093066
597,19185,1.8538595943902745,0.028944748784580258,1.8249148456056943,1.8447115384615385,0.019796692855844178
598,15589,1.5028905494952,0.023543787416005827,1.4793467620791942,1.4989423076923076,0.019595545613113385
599,16231,1.5866592464168803,0.02474582397353967,1.5619134224433406,1.560673076923077,-0.0012403455202636415
600,21356,2.0429255796202463,0.03208725158801597,2.0108383280322304,2.0534615384615384,0.042623210429308056
601,18498,1.7886943396844737,0.028041193748667648,1.7606531459358061,1.7786538461538461,0.01800070021804001
602,20984,1.991717327769547,0.03210640338314298,1.959610924386404,2.017692307692308,0.058081383305903955
603,26220,2.5233269366022206,0.03944850817606619,2.4838784284261544,2.521153846153846,0.03727541772769172
604,19052,1.8441571848585625,0.028942504112597727,1.8152146807459648,1.831923076923077,0.016708396177112173
605,15844,1.5165429222888005,0.02435709080049493,1.4921858314883056,1.5234615384615384,0.031275706973232786
606,22088,2.1166862300726823,0.03317881938814867,2.0835074106845335,2.123846153846154,0.04033874316162045
607,17469,1.6802938126214717,0.026580361573623024,1.6537134510478486,1.6797115384615384,0.025998087413689808
608,17024,1.6409071615736837,0.025639826240953553,1.61526733533273,1.636923076923077,0.02165574159034689
609,16656,1.588540148911738,0.025707319844685494,1.5628328290670523,1.6015384615384616,0.038705632471409235
610,20154,1.9401604842853761,0.03049544963367144,1.9096650346517048,1.9378846153846154,0.028219580732910643
611,16167,1.5676502609432135,0.02485834906633658,1.542791911876877,1.5545192307692308,0.0117273188923539
612,16529,1.5817644555286419,0.02524759330570474,1.556516862222937,1.5893269230769231,0.03281006085398608
613,27406,2.615596838739384,0.04167288771511314,2.573923951024271,2.6351923076923076,0.06126835666803654
614,17763,1.6942325177102737,0.027196949453753005,1.6670355682565208,1.7079807692307691,0.040945200974248364
615,17845,1.721707195384355,0.027197964942424685,1.6945092304419302,1.7158653846153846,0.021356154173454378
616,19522,1.869242045286219,0.029516492597627376,1.8397255526885916,1.8771153846153845,0.037389831926792905
617,16428,1.567156021344428,0.025255796256615275,1.5419002250878127,1.5796153846153846,0.037715159527571984
618,16611,1.5967383020110226,0.025114814448683118,1.5716234875623396,1.5972115384615384,0.0255880508991988
619,19412,1.890818512431544,0.029349977895592558,1.8614685345359514,1.8665384615384615,0.005069927002510077
620,19113,1.83669406163924,0.028908841130673435,1.8077852205085665,1.8377884615384616,0.030003241029895156
621,20747,1.9857173198155198,0.0313651863309559,1.954352133484564,1.9949038461538462,0.04055171266928226
622,18078,1.7377510174744604,0.02767188060956623,1.7100791368648942,1.7382692307692307,0.028190093904336466
623,16841,1.6140530408837221,0.025704271633760024,1.588348769249962,1.6193269230769232,0.03097815382696112
624,18750,1.7925405874037745,0.028504344724092634,1.7640362426796818,1.8028846153846154,0.038848372704933576
625,16712,1.6017401670375229,0.02559697526071469,1.5761431917768083,1.606923076923077,0.030779885146268615
626,16638,1.6227844883739,0.02549589311946735,1.5972885952544327,1.5998076923076923,0.002519097053259589
627,17939,1.7247719349000565,0.027108887134317302,1.6976630477657393,1.7249038461538462,0.02724079838810689
628,16021,1.5335021707333543,0.02470638419973536,1.508795786533619,1.5404807692307692,0.031684982697150144
629,16194,1.5520033998404181,0.025082903523366566,1.5269204963170515,1.5571153846153847,0.030194888298333167
630,19726,1.9134872732327866,0.02978791597584098,1.8836993572569456,1.8967307692307693,0.013031411973823737
631,27339,2.6471382057187784,0.04166846611384957,2.6054697396049287,2.62875,0.023280260395071473
632,16986,1.633818617318798,0.025800363417437914,1.60801825390136,1.6332692307692307,0.02525097686787059
633,16965,1.6295875483007656,0.026083697003226953,1.6035038512975386,1.63125,0.027746148702461504
634,32080,3.0888672297834376,0.04846773326519824,3.0403994965182393,3.0846153846153848,0.044215888097145495
635,18712,1.7880945370855341,0.028421560432521004,1.759672976653013,1.7992307692307692,0.03955779257775616
636,17803,1.7073329375887945,0.027045608904854197,1.6802873286839402,1.711826923076923,0.03153959439298282
637,15867,1.5265530660674456,0.024151324703726905,1.5024017413637187,1.5256730769230769,0.02327133555935812
638,17432,1.6741627676009998,0.02641001585964222,1.6477527517413575,1.676153846153846,0.028401094412488614
639,21145,2.0187055750454874,0.03195229019012621,1.9867532848553613,2.033173076923077,0.046419792067715626
640,27901,2.6684318551672805,0.04215394607916595,2.6262779090881145,2.6827884615384616,0.056510552450347085
641,17159,1.666152021637128,0.026267652984749843,1.639884368652378,1.6499038461538462,0.010019477501468144
642,16143,1.5601360266766402,0.024539848688476387,1.5355961779881637,1.5522115384615385,0.016615360473374752
643,19097,1.8264590715361213,0.028928930950589203,1.7975301405855322,1.83625,0.03871985941446776
644,19138,1.8294948161727003,0.029274644965087308,1.800220171207613,1.8401923076923077,0.039972136484694776
645,17256,1.6525810404206118,0.02616384985069717,1.6264171905699147,1.6592307692307693,0.03281357866085455
646,16940,1.6293794141620035,0.02582475140957756,1.603554662752426,1.6288461538461538,0.025291491093727858
647,28926,2.798392475287763,0.043458639229453366,2.75493383605831,2.7813461538461537,0.026412317787843698
648,16367,1.5791674119223513,0.02456471254091075,1.5546026993814406,1.57375,0.019147300618559404
649,40768,3.9773041491561325,0.061029616283327606,3.916274532872805,3.92,0.0037254671271949036
650,23037,2.2138817486493676,0.03516378347845503,2.1787179651709128,2.215096153846154,0.03637818867524123
651,19169,1.8392153199542858,0.02937245635693933,1.8098428635973465,1.843173076923077,0.033330213325730496
652,18942,1.8361004855636318,0.02863701442509972,1.807463471138532,1.821346153846154,0.01388268270762194
653,16954,1.6453345835930329,0.026118066218893878,1.619216517374139,1.6301923076923077,0.010975790318168643
654,16362,1.5490974865536975,0.025065307173906162,1.5240321793797913,1.5732692307692309,0.04923705138943957
655,16284,1.5796463358423902,0.024755828414052366,1.554890507428338,1.5657692307692308,0.010878723340892904
656,18276,1.7497562773445607,0.02790343627535968,1.7218528410692011,1.7573076923076922,0.035454851238491125
657,16946,1.6326378858382031,0.0260672127663861,1.606570673071817,1.6294230769230769,0.02285240385125986
658,18345,1.7755335012721112,0.02796298068702181,1.7475705205850893,1.7639423076923078,0.016371787107218427
659,17181,1.6453833273643448,0.02602601280801179,1.619357314556333,1.6520192307692307,0.032661916212897824
660,22816,2.162795651810819,0.03483142917515101,2.127964222635668,2.193846153846154,0.06588193121048569
661,23280,2.2597370702543906,0.03526276682115001,2.2244743034332406,2.2384615384615385,0.013987235028297906
662,16888,1.6304439459690503,0.02581578002598879,1.6046281659430615,1.623846153846154,0.01921798790309248
663,18231,1.7430894399449097,0.027772014293507143,1.7153174256514025,1.7529807692307693,0.03766334357936674
664,34786,3.326688444221522,0.05287274656097624,3.2738156976605457,3.3448076923076924,0.07099199464714667
665,17059,1.6366916365466786,0.02582882554867978,1.6108628109979988,1.6402884615384616,0.029425650540462867
666,16781,1.6144601859056,0.025461380140241446,1.5889988057653586,1.6135576923076924,0.024558886542333846
667,22476,2.1630223463438107,0.03444790457557717,2.1285744417682335,2.161153846153846,0.03257940438561269
668,21468,2.081565127157503,0.032918480289165344,2.0486466468683378,2.064230769230769,0.01558412236243134
669,17899,1.731204856895194,0.027013447890782007,1.7041914090044121,1.7210576923076923,0.016866283303280216
670,19678,1.893408100575487,0.029821090387074797,1.8635870101884122,1.8921153846153846,0.028528374426972425
671,16527,1.5823421838229685,0.02522060903513302,1.5571215747878355,1.5891346153846153,0.032013040596779785
672,17554,1.6857862738415461,0.026667527283324235,1.6591187465582218,1.6878846153846154,0.028765868826393648
673,15674,1.5117543744200481,0.023952686886729697,1.4878016875333184,1.5071153846153846,0.019313697082066206
674,19453,1.8549226605445897,0.029344310984888496,1.825578349559701,1.8704807692307692,0.04490241967106812
675,16616,1.5943903742182284,0.02533349026923404,1.5690568839489942,1.5976923076923077,0.028635423743313515
676,18030,1.7428589436101005,0.02748793568668404,1.7153710079234166,1.7336538461538462,0.018282838230429643
677,19453,1.876293905735055,0.029681124567530588,1.8466127811675244,1.8704807692307692,0.02386798806324486
678,19581,1.8788161113510788,0.030242437033149803,1.848573674317929,1.8827884615384616,0.034214787220532505
679,17131,1.6557021939308418,0.02634726368982014,1.6293549302410217,1.6472115384615384,0.017856608220516712
680,16906,1.6127054958422988,0.025845146441584334,1.5868603494007145,1.625576923076923,0.03871657367620851
681,17119,1.6542514474017482,0.0259855223371345,1.6282659250646137,1.6460576923076924,0.017791767243078738
682,23118,2.2400899809218617,0.03517156553300265,2.204918415388859,2.2228846153846153,0.017966199995756327
683,24812,2.408157061322685,0.037113831405581395,2.3710432299171034,2.3857692307692306,0.014726000852127274
684,18852,1.8253779859064427,0.028718913791349852,1.7966590721150928,1.8126923076923076,0.01603323557721481
685,19413,1.8933785085820076,0.029374190571494794,1.8640043180105128,1.8666346153846154,0.002630297374102586
686,15908,1.537411310193512,0.024284660239631797,1.5131266499538802,1.5296153846153846,0.016488734661504356
687,16757,1.6307387721456978,0.02531960556341407,1.6054191665822837,1.61125,0.005830833417716397
688,23853,2.2696220251977284,0.036153704198720577,2.2334683209990076,2.2935576923076924,0.06008937130868475
689,19563,1.8735063480365306,0.02957232448869164,1.843934023547839,1.8810576923076923,0.03712366875985329
690,19363,1.881119421535727,0.029277954968131462,1.8518414665675955,1.861826923076923,0.009985456509327584
691,20400,1.9776483242965965,0.030860588723680075,1.9467877355729164,1.9615384615384615,0.014750725965545053
692,21332,2.071440315227922,0.03250898663677693,2.038931328591145,2.0511538461538463,0.01222251756270154
693,16477,1.5808136033510019,0.02536569305555853,1.5554479102954433,1.584326923076923,0.02887901278147975
694,21480,2.053705305471713,0.03283460301730907,2.020870702454404,2.0653846153846156,0.044513912930211674
695,21073,2.028720789977042,0.03197239008509741,1.9967483998919444,2.02625,0.029501600108055692
696,15253,1.4565236616128308,0.02355117743163852,1.4329724841811922,1.4666346153846155,0.03366213120342332
697,17234,1.647299866459393,0.026302705599230407,1.6209971608601625,1.6571153846153845,0.036118223755222
698,18433,1.7794647215315114,0.027687671993878473,1.7517770495376328,1.772403846153846,0.02062679661621325
699,49054,4.683312469393462,0.07327947609092379,4.610032993302538,4.716730769230769,0.1066977759282306
700,18122,1.7158352457229307,0.02779303335335739,1.6880422123695733,1.7425,0.054457787630426635
701,17953,1.7024831222962764,0.02736412641689998,1.6751189958793764,1.72625,0.05113100412062366
702,16232,1.566464618079939,0.024961788669094785,1.5415028294108444,1.5607692307692307,0.01926640135838631
703,17406,1.6758827879344147,0.02651258269427593,1.6493702052401387,1.6736538461538462,0.024283640913707494
704,17231,1.6350214256088225,0.02663468861883673,1.6083867369899858,1.656826923076923,0.04844018608693723
705,17221,1.6468617576167293,0.02642811443983873,1.6204336431768904,1.6558653846153846,0.035431741438494146
706,16797,1.6246270811763697,0.02550066921031403,1.5991264119660555,1.615096153846154,0.015969741880098365
707,18095,1.747216381761829,0.0276001138846781,1.7196162678771507,1.739903846153846,0.02028757827669536
708,17091,1.6343083910413476,0.026353173726878516,1.607955217314469,1.6433653846153846,0.03541016730091551
709,16114,1.5465678594254912,0.02415292815366529,1.522414931271826,1.549423076923077,0.02700814565125098
710,17565,1.6805836993215233,0.026686923413084488,1.6538967759084389,1.6889423076923078,0.03504553178386893
711,18931,1.815996576420729,0.0287061474340155,1.7872904289867135,1.8202884615384616,0.03299803255174805
712,19194,1.8456778528289788,0.029220763484336974,1.816457089344642,1.845576923076923,0.02911983373228111
713,15975,1.529058916094202,0.024245499429990325,1.5048134166642118,1.5360576923076923,0.031244275643480535
714,17482,1.6652750599186585,0.026941972365882805,1.6383330875527757,1.6809615384615384,0.04262845090876266
715,16099,1.5633060011132223,0.024556597518426537,1.5387494035947957,1.5479807692307692,0.009231365635973487
716,19200,1.8450998875994515,0.02907626349057508,1.8160236241088765,1.8461538461538463,0.030130222044969734
717,19044,1.8310163429925461,0.02877031235939194,1.8022460306331543,1.8311538461538461,0.028907815520691882
718,18671,1.8083067774989368,0.02842778319448636,1.7798789943044504,1.7952884615384614,0.015409467234011043
719,18861,1.7991445599897147,0.028828345204447985,1.7703162147852667,1.8135576923076924,0.043241477522425686
720,26841,2.568273884683433,0.040120778875743945,2.5281531058076894,2.5808653846153846,0.052712278807695245
721,18076,1.7352635926938176,0.027360726548386255,1.7079028661454314,1.738076923076923,0.030174056931491666
722,22214,2.1323535561056044,0.03337189065472763,2.098981665450877,2.1359615384615385,0.036979873010661635
723,17372,1.6794853349600698,0.026852407201561963,1.652632927758508,1.6703846153846154,0.01775168762610746
724,19907,1.9195458312251594,0.030415267585803946,1.8891305636393554,1.9141346153846155,0.025004051745260103
725,16047,1.5247712058742717,0.024711026501530547,1.5000601793727413,1.5429807692307693,0.042920589858028046
726,18144,1.7491320095767726,0.027816408359795645,1.721315601216977,1.7446153846153847,0.02329978339840766
727,21866,2.1311737452748676,0.03290001673538979,2.098273728539478,2.1025,0.004226271460522124
728,22784,2.188232694983584,0.034489067927476046,2.1537436270561083,2.190769230769231,0.03702560371312247
729,18122,1.747026137150477,0.027585973334493356,1.7194401638159835,1.7425,0.023059836184016413
730,20433,1.9430953496620127,0.030801794079012398,1.9122935555830003,1.9647115384615386,0.05241798287853827
731,20411,1.9661185038042857,0.031096181709041878,1.9350223220952438,1.9625961538461538,0.027573831750909994
732,16173,1.5442633491652433,0.024381932098962025,1.5198814170662813,1.5550961538461539,0.035214736779872524
733,22080,2.1233224501065835,0.03312392127888878,2.0901985288276945,2.123076923076923,0.03287839424922856
734,19071,1.8330651627878918,0.02915977402892867,1.8039053887589631,1.83375,0.029844611241036878
735,20998,2.037727530481654,0.0321197263638185,2.0056078041178353,2.0190384615384613,0.013430657420625991
736,17949,1.7138475340252093,0.02751919348751847,1.6863283405376908,1.7258653846153846,0.03953704407769387
737,18234,1.7513765326323296,0.028009871509455848,1.7233666611228737,1.7532692307692308,0.02990256964635707
738,26707,2.542113483340843,0.04056226242444399,2.501551220916399,2.5679807692307692,0.0664295483143702
739,16939,1.6350102340729549,0.025973782514151236,1.6090364515588036,1.62875,0.019713548441196327
740,16853,1.6097284939240615,0.025698326322517638,1.5840301676015438,1.6204807692307692,0.03645060162922542
741,17818,1.7106958432259889,0.027250990101040037,1.6834448531249488,1.7132692307692308,0.02982437764428192
742,21658,2.085244520912512,0.033043217308665586,2.0522013036038467,2.0825,0.030298696396153346
743,17537,1.669039111128277,0.026524832326409425,1.6425142788018676,1.68625,0.043735721198132405
744,17071,1.6298935741443432,0.025772028461938642,1.6041215456824045,1.6414423076923077,0.0373207620099032
745,18100,1.7347298070032773,0.02774795627384594,1.7069818507294314,1.7403846153846154,0.03340276465518399
746,19802,1.8964054045777148,0.029959986777503046,1.8664454178002117,1.9040384615384616,0.0375930437382499
747,24924,2.3794710111933624,0.037606068318664955,2.3418649428746976,2.3965384615384617,0.05467351866376413
748,18594,1.7944378820191327,0.02823998658207329,1.7661978954370594,1.7878846153846153,0.021686719947555888
749,18040,1.7335918124763539,0.02730502726541295,1.706286785210941,1.7346153846153847,0.028328599404443766
750,36267,3.4644819909460214,0.05447836421118433,3.410003626734837,3.4872115384615383,0.07720791172670127
751,17103,1.6367806396763998,0.026079450005844402,1.6107011896705554,1.6445192307692307,0.033818041098675256
752,22882,2.1973190079952043,0.035058623894149224,2.1622603841010553,2.2001923076923076,0.0379319235912523
753,18612,1.8003001805010226,0.028127360635623086,1.7721728198653994,1.7896153846153846,0.01744256474998518
754,18380,1.787784309945843,0.028304549090490023,1.759479760855353,1.7673076923076922,0.007827931452339287
755,18228,1.772721280909668,0.027452548630749578,1.7452687322789184,1.7526923076923078,0.007423575413389338
756,28473,2.7484346050360706,0.04327351387338173,2.705161091162689,2.7377884615384613,0.03262737037577246
757,17095,1.6524236153487053,0.025993287367512483,1.626430327981193,1.64375,0.01731967201880713
758,17442,1.6711119210440437,0.026358070951687643,1.644753850092356,1.6771153846153846,0.03236153452302859
759,20463,1.9574498549447998,0.03131350188353892,1.926136353061261,1.967596153846154,0.041459800784892975
760,19415,1.8595506768628716,0.029506075127208674,1.8300446017356629,1.866826923076923,0.03678232134126014
761,22164,2.12758020577653,0.03314118132045995,2.09443902445607,2.131153846153846,0.03671482169777596
762,17538,1.6841237973327736,0.026499150459944987,1.6576246468728286,1.686346153846154,0.028721506973325317
763,22870,2.1904155370529685,0.03393807139108469,2.156477465661884,2.1990384615384615,0.04256099587657758
764,18819,1.8109725656279745,0.028725673054600182,1.7822468925733743,1.8095192307692307,0.027272338195856394
765,25784,2.4663421118672506,0.038468870994580844,2.4278732408726698,2.479230769230769,0.05135752835809937
766,19590,1.8813458572388364,0.030017583134930602,1.8513282741039059,1.8836538461538461,0.03232557204994024
767,16828,1.5999800855823374,0.025727731344964217,1.5742523542373732,1.618076923076923,0.04382456883954977
768,20940,2.0007863508891113,0.031746878001253906,1.9690394728878573,2.0134615384615384,0.04442206557368111
769,18270,1.7491981608404021,0.02799550383159863,1.7212026570088035,1.7567307692307692,0.035528112221965724
770,19429,1.8616300575908287,0.029381597670475205,1.8322484599203535,1.8681730769230769,0.035924617002723425
771,18470,1.7541652926271165,0.02867438754143228,1.7254909050856841,1.7759615384615384,0.050470633375854224
772,18192,1.764951870137286,0.027500918404016264,1.7374509517332697,1.7492307692307691,0.011779817497499456
773,19501,1.86700870818905,0.030006852715463835,1.8370018554735863,1.875096153846154,0.038094298372567614
774,32048,3.056000491286782,0.04863328066599606,3.007367210620786,3.0815384615384613,0.07417125091767529
775,28638,2.7852316588588524,0.04304167122994338,2.742189987628909,2.753653846153846,0.01146385852493692
776,14625,1.4219455335870044,0.022244376185876154,1.3997011574011282,1.40625,0.006548842598871785
777,17119,1.6330805508394386,0.02595847074613009,1.6071220800933086,1.6460576923076924,0.0389356122143838
778,21774,2.0890695123950707,0.03268395537545776,2.056385557019613,2.0936538461538463,0.03726828913423352
779,15874,1.5137273961111766,0.024207979858618004,1.4895194162525585,1.5263461538461538,0.03682673759359534
780,17703,1.7177029115525042,0.027076630353360026,1.6906262811991442,1.7022115384615384,0.011585257262394233
781,20381,1.9745106955124951,0.030456002813534343,1.9440546926989608,1.9597115384615384,0.015656845762577642
782,17263,1.6755661902429424,0.026464188271853387,1.649102001971089,1.6599038461538462,0.010801844182757314
783,15668,1.523315578343934,0.024195780542835717,1.4991197978010984,1.5065384615384616,0.007418663737363218
784,17515,1.6806468373076577,0.026778466900177617,1.6538683704074801,1.6841346153846153,0.03026624497713515
785,20504,2.002099561784013,0.030878887279616345,1.9712206745043965,1.9715384615384615,0.00031778703406493136
786,28393,2.7335826786159143,0.042564003006606066,2.691018675609308,2.7300961538461537,0.039077478236845486
787,20330,1.929219273620994,0.030685452358544914,1.8985338212624492,1.9548076923076922,0.05627387104524306
788,15851,1.5278779566159602,0.024146407114476,1.5037315495014842,1.5241346153846154,0.020403065883131122
789,16690,1.5829338043983046,0.025233740204783386,1.5577000641935212,1.6048076923076924,0.04710762811417113
790,18689,1.7893194948465325,0.02809270579429907,1.7612267890522335,1.7970192307692308,0.03579244171699725
791,17492,1.683551965346527,0.02685153236036991,1.656700432986157,1.6819230769230769,0.025222643936919864
792,20250,1.9362033441059743,0.030728158629755465,1.9054751854762189,1.9471153846153846,0.04164019913916572
793,16331,1.5640738286974087,0.02494618567903579,1.539127643018373,1.5702884615384616,0.031160818520088673
794,17655,1.6998280825652468,0.02665738501180298,1.6731706975534437,1.697596153846154,0.0244254562927102
795,20953,2.0330001370141844,0.03187671713331829,2.0011234198808663,2.0147115384615386,0.013588118580672326
796,21004,2.0186267436748704,0.03210065210306497,1.9865260915718055,2.019615384615385,0.033089293043579326
797,24387,2.380574167180286,0.037060913110707194,2.3435132540695784,2.344903846153846,0.0013905920842676167
798,19595,1.885022450665916,0.029832372117378988,1.855190078548537,1.8841346153846155,0.02894453683607856
799,19538,1.8900721124472486,0.029315518799591236,1.8607565936476573,1.8786538461538462,0.0178972525061889
800,19862,1.8947025118053864,0.03010578516514616,1.8645967266402403,1.9098076923076923,0.045210965667451974
801,17978,1.7249459666281404,0.027606093458352805,1.6973398731697875,1.728653846153846,0.03131397298405858
802,20087,1.9417189819829133,0.030464897900328677,1.9112540840825847,1.9314423076923077,0.020188223609723055
803,19341,1.8581681118828817,0.02943282746700251,1.828735284415879,1.8597115384615384,0.03097625404565929
804,16881,1.6419595451800026,0.025844099007217344,1.6161154461727854,1.623173076923077,0.0070576307502916436
805,16712,1.6075140599550595,0.02576911811804573,1.5817449418370138,1.606923076923077,0.025178135086063147
806,17564,1.6851700712858946,0.02697008077136171,1.6581999905145328,1.6888461538461539,0.030646163331621068
807,22186,2.132313167363857,0.03371454022018662,2.0985986271436703,2.1332692307692307,0.0346706036255604
808,16185,1.5593325161947897,0.02494879070481111,1.5343837254899786,1.55625,0.021866274510021322
809,15932,1.527278291224078,0.02449116440419683,1.5027871268198814,1.531923076923077,0.029135950103195585
810,18795,1.7950010691248406,0.028361664010785347,1.7666394051140553,1.8072115384615384,0.04057213334748311
811,28493,2.732367449225801,0.04289415327267042,2.6894732959531304,2.7397115384615383,0.050238242508407804
812,19707,1.9125634582063036,0.029762911604375622,1.882800546601928,1.894903846153846,0.012103299551918134
813,21092,2.0392834785118557,0.032017670061065415,2.00726580845079,2.028076923076923,0.02081111462613272
814,18388,1.7386243493703033,0.02836940966031884,1.7102549397099844,1.768076923076923,0.05782198336693867
815,18541,1.7757613929634215,0.028206308790114945,1.7475550841733065,1.7827884615384615,0.03523337736515497
816,23470,2.2619576684687726,0.035740367991626436,2.226217300477146,2.2567307692307694,0.030513468753623485
817,16725,1.6112954231862762,0.02576796161341921,1.585527461572857,1.6081730769230769,0.022645615350219916
818,16630,1.6059070662192545,0.025224501255583117,1.5806825649636713,1.5990384615384616,0.01835589657479031
819,17620,1.716375506929935,0.02655877609808286,1.6898167308318521,1.6942307692307692,0.004414038398917075
820,17390,1.6523727394289798,0.02669260252446614,1.6256801369045137,1.6721153846153847,0.04643524771087093
821,19165,1.855594434811166,0.029249657584970678,1.8263447772261951,1.8427884615384615,0.016443684312266393
822,26690,2.5824473989372425,0.040443153224266545,2.542004245712976,2.566346153846154,0.024341908133177714
823,17684,1.7014484636936502,0.02685323800014082,1.6745952256935095,1.7003846153846154,0.02578938969110589
824,18991,1.8174979678266128,0.02884720857599261,1.7886507592506202,1.8260576923076923,0.0374069330570721
825,15752,1.507847386567694,0.024075687228947457,1.4837716993387466,1.5146153846153847,0.030843685276638055
826,16141,1.5439750318796948,0.024809397359225323,1.5191656345204694,1.5520192307692309,0.032853596248761496
827,16210,1.558858771172629,0.024767968310004704,1.5340908028626243,1.5586538461538462,0.02456304329122183
828,20898,2.0105489520731212,0.03178438792670661,1.9787645641464147,2.0094230769230768,0.030658512776662095
829,19729,1.8837853070634205,0.03036671909546601,1.8534185879679546,1.8970192307692308,0.04360064280127629
830,16297,1.5686793152435736,0.02483798415877458,1.5438413310847992,1.5670192307692308,0.023177899684431624
831,21138,2.054758466694096,0.03248188732968324,2.0222765793644126,2.0325,0.010223420635587566
832,18051,1.7495234648722378,0.027767110062859583,1.7217563548093782,1.7356730769230768,0.013916722113698654
833,22243,2.1613452844059635,0.03358971599700338,2.12775556840896,2.13875,0.010994431591039966
834,19545,1.8880353829815526,0.029570283169482778,1.8584650998120698,1.8793269230769232,0.02086182326485342
835,19371,1.8649952261670357,0.029461982132830283,1.8355332440342054,1.862596153846154,0.027062909811948588
836,20453,1.9842725185735894,0.031077578094002287,1.9531949404795872,1.9666346153846155,0.013439674905028287
837,28480,2.7243949703338077,0.04299841027950037,2.6813965600543073,2.7384615384615385,0.05706497840723124
838,16828,1.646627590511147,0.025608855478597113,1.6210187350325498,1.618076923076923,-0.0029418119556268163
839,19680,1.9077681961017878,0.030227910099161016,1.877540286002627,1.8923076923076922,0.014767406305065345
840,16578,1.5648918090027406,0.025030219524760054,1.5398615894779806,1.5940384615384615,0.05417687206048094
841,24232,2.3319963812924653,0.03591998617392523,2.29607639511854,2.33,0.03392360488146018
842,20079,1.897349276387691,0.03061619108429591,1.866733085303395,1.9306730769230769,0.06393999161968189
843,17776,1.7020391384612292,0.027238694916840247,1.674800443544389,1.7092307692307693,0.03443032568638027
844,18104,1.7490392316951926,0.02744423069045912,1.7215950010047334,1.7407692307692308,0.019174229764497452
845,19898,1.9289324054202497,0.03019312615994462,1.898739279260305,1.9132692307692307,0.014529951508925665
846,16305,1.5566865555352825,0.02486513396515598,1.5318214215701265,1.5677884615384616,0.03596703996833517
847,18090,1.7366033993541976,0.02756149986554473,1.709041899488653,1.739423076923077,0.030381177434424034
848,18852,1.799167015751082,0.028891295538104874,1.770275720212977,1.8126923076923076,0.042416587479330525
849,17491,1.7094624174408817,0.026679607162152136,1.6827828102787294,1.6818269230769232,-0.0009558872018062825
850,40523,3.9061358802787978,0.06069735335428493,3.845438526924513,3.8964423076923076,0.05100378076779455
851,17699,1.705775175313426,0.026892016096605593,1.6788831592168205,1.7018269230769232,0.02294376386010266
852,17507,1.6763970636062522,0.027031905887075335,1.6493651577191768,1.6833653846153847,0.03400022689620785
853,16714,1.59585548256283,0.025471333306244067,1.570384149256586,1.6071153846153847,0.03673123535879874
854,18749,1.8315660375239744,0.028239342041955835,1.8033266954820186,1.8027884615384615,-0.0005382339435571204
855,23454,2.2607915356684685,0.035890470297898734,2.22490106537057,2.2551923076923077,0.030291242321737855
856,16934,1.6242659096273542,0.02563304396024702,1.5986328656671072,1.6282692307692308,0.02963636510212364
857,31618,3.0427564905596243,0.04784366995426294,2.9949128206053612,3.040192307692308,0.045279487086946624
858,19260,1.8520952288100054,0.029349183728350253,1.8227460450816553,1.851923076923077,0.02917703184142173
859,29966,2.891189077788128,0.04503799007787239,2.846151087710256,2.881346153846154,0.03519506613589796
860,16340,1.5601330821241097,0.024969017593117003,1.5351640645309927,1.5711538461538461,0.03598978162285338
861,18111,1.731152313370323,0.027720249571889982,1.703432063798433,1.7414423076923078,0.03801024389387475
862,27083,2.5692843894266466,0.0406025028047999,2.528681886621847,2.6041346153846154,0.07545272876276865
863,18595,1.7865858037920814,0.028401088729258853,1.7581847150628225,1.7879807692307692,0.02979605416794673
864,16383,1.5691944801203654,0.024892400005481055,1.5443020801148843,1.5752884615384615,0.030986381423577125
865,17021,1.673848980063759,0.025925234587251447,1.6479237454765077,1.6366346153846154,-0.011289130091892252
866,21756,2.092215050908652,0.032983342388306344,2.0592317085203455,2.0919230769230768,0.032691368402731236
867,17261,1.6633011779299536,0.026292888208561835,1.6370082897213918,1.6597115384615384,0.02270324874014662
868,16832,1.6198952327229987,0.025419192919844357,1.5944760398031543,1.6184615384615384,0.023985498658384063
869,19899,1.888398372213693,0.029859251546509657,1.8585391206671833,1.9133653846153846,0.05482626394820134
870,17987,1.7136771139734661,0.027108110675825806,1.6865690032976404,1.7295192307692309,0.042950227471590496
871,25221,2.4173374330609363,0.03848462290848515,2.378852810152451,2.425096153846154,0.046243343693702865
872,15786,1.5210746018347947,0.024185053032129537,1.4968895488026652,1.5178846153846153,0.02099506658195005
873,18236,1.755064716052609,0.027867743814318356,1.7271969722382905,1.7534615384615384,0.02626456622324791
874,21357,2.0519739418950214,0.03249761806221785,2.0194763238328033,2.053557692307692,0.03408136847488885
875,17830,1.7129131980411032,0.027532202653006113,1.6853809953880972,1.7144230769230768,0.02904208153497967
876,20337,1.9510174458952774,0.030811587939720157,1.9202058579555572,1.9554807692307692,0.035274911275211984
877,18694,1.7862181303539253,0.028934635704080454,1.7572834946498448,1.7975,0.04021650535015531
878,18281,1.7508911668241043,0.027709561395993218,1.723181605428111,1.7577884615384616,0.034606856110350526
879,19552,1.8702387517802368,0.029632826371950447,1.8406059254082863,1.88,0.039394074591713624
880,21843,2.078356268017399,0.03347724540905627,2.0448790226083426,2.1002884615384616,0.05540943893011896
881,16830,1.6363162462546084,0.025630207053833533,1.610686039200775,1.6182692307692308,0.007583191568455883
882,16228,1.5519117862841707,0.024673715494476122,1.5272380707896946,1.5603846153846155,0.033146544594920835
883,17891,1.7146249953434303,0.027162295455921612,1.6874626998875086,1.7202884615384615,0.032825761650952856
884,18102,1.7197800454009144,0.027753376753525214,1.6920266686473893,1.740576923076923,0.04855025442953376
885,23463,2.24768489799584,0.035607629057350376,2.2120772689384895,2.2560576923076923,0.043980423369202715
886,16584,1.5962031463016035,0.025289865304414766,1.5709132809971889,1.5946153846153845,0.02370210361819569
887,18422,1.7462244724327043,0.028068431539926362,1.7181560408927778,1.771346153846154,0.053190112953376056
888,27332,2.626513063492426,0.041149128625308146,2.585363934867118,2.628076923076923,0.04271298820980496
889,16405,1.5984978703914725,0.0252045096357205,1.573293360755752,1.5774038461538462,0.004110485398094221
890,15194,1.462071722496251,0.023264795427086687,1.4388069270691644,1.4609615384615384,0.02215461139237407
891,26742,2.549554162268963,0.040804752130972004,2.508749410137991,2.5713461538461537,0.0625967437081627
892,21766,2.098253715467421,0.0328608377728566,2.0653928776945643,2.0928846153846155,0.0274917376900512
893,23761,2.2909069741780326,0.03599113647574114,2.2549158377022915,2.2847115384615386,0.02979570075924709
894,16185,1.548749428691264,0.02456609144119084,1.524183337250073,1.55625,0.032066662749926866
895,16734,1.619300135318095,0.02538128126455295,1.593918854053542,1.6090384615384616,0.015119607484919584
896,27083,2.565330823205143,0.040777300297631075,2.524553522907512,2.6041346153846154,0.07958109247710343
897,27165,2.6206182945775596,0.04097514712647625,2.5796431474510833,2.612019230769231,0.032376083318147675
898,20064,1.9249485255494643,0.030225449636398907,1.8947230759130653,1.9292307692307693,0.03450769331770398
899,19283,1.8380202561031493,0.029312739938567676,1.8087075161645816,1.8541346153846154,0.04542709922003385
900,16464,1.5710769264193283,0.025097942977055462,1.5459789834422728,1.583076923076923,0.037097939634650245
901,17267,1.6626700892363817,0.026013037670109016,1.6366570515662726,1.6602884615384614,0.02363140997218882
902,17441,1.6818956686544304,0.026546681966415752,1.6553489866880147,1.6770192307692309,0.021670244081216206
903,24220,2.327466130220486,0.03653662007479917,2.2909295101456872,2.328846153846154,0.03791664370046677
904,18110,1.7353269364696406,0.027249757429099793,1.708077179040541,1.7413461538461539,0.03326897480561297
905,36721,3.5267602652636234,0.05535854420797683,3.4714017210556465,3.530865384615385,0.05946366355973831
906,16521,1.5947662006791972,0.025809707299803395,1.5689564933793938,1.5885576923076923,0.01960119892829848
907,15912,1.513996445776295,0.024374595791459758,1.4896218499848353,1.53,0.04037815001516476
908,16423,1.5811256991255151,0.024923330861609437,1.5562023682639057,1.5791346153846153,0.022932247120709626
909,15519,1.498479696345772,0.023955190404840593,1.4745245059409315,1.4922115384615384,0.017687032520606882
910,18932,1.8008842738386193,0.028902267452120076,1.7719820063864993,1.8203846153846155,0.048402608998116214
911,24704,2.3633314256407303,0.037379354185739795,2.3259520714549904,2.375384615384615,0.04943254392962482
912,21896,2.1239760004142756,0.03309937539397298,2.090876625020303,2.105384615384615,0.014507990364312384
913,18229,1.7479752907318253,0.02751449422081532,1.72046079651101,1.7527884615384615,0.032327665027451546
914,21053,2.0244735407458485,0.031729057227083725,1.9927444835187649,2.024326923076923,0.031582439558158315
915,23297,2.230920384882034,0.035449518849181,2.1954708660328532,2.240096153846154,0.04462528781330066
916,19956,1.9216589649631415,0.0301816691720153,1.8914772957911261,1.9188461538461539,0.027368858055027756
917,18159,1.748063254724334,0.02832296470172704,1.7197402900226069,1.7460576923076923,0.02631740228508539
918,18107,1.723313755345184,0.02796487199874304,1.695348883346441,1.7410576923076924,0.0457088089612514
919,18751,1.802227178266258,0.028308778107700126,1.773918400158558,1.8029807692307693,0.02906236907221138
920,24823,2.3895181152964824,0.037210202801603184,2.3523079124948794,2.386826923076923,0.03451901058204365
921,17726,1.6960120120801547,0.02669456188208629,1.6693174501980685,1.7044230769230768,0.035105626725008277
922,17904,1.710789336075065,0.026982021970059857,1.6838073141050052,1.7215384615384615,0.03773114743345629
923,20539,1.9666236361098477,0.03109137587432558,1.935532260235522,1.9749038461538462,0.039371585918324126
924,16777,1.5935401093939097,0.02530743338170982,1.5682326760121998,1.613173076923077,0.04494040091087714
925,22951,2.2289903897918073,0.034932030832590916,2.194058358959216,2.2068269230769233,0.012768564117707104
926,24287,2.3598870668474174,0.03706356661347767,2.3228235002339397,2.3352884615384615,0.012464961304521793
927,17046,1.6405742773561123,0.026049045863023364,1.614525231493089,1.6390384615384614,0.024513230045372536
928,38951,3.762400760679627,0.058467015072435964,3.703933745607191,3.7452884615384616,0.041354715931270825
929,16584,1.5931426628268763,0.02521851199893459,1.5679241508279418,1.5946153846153845,0.02669123378744276
930,40223,3.8270754149349333,0.060919964776941636,3.7661554501579917,3.867596153846154,0.10144070368816216
931,16866,1.6374477145464368,0.026025937562735267,1.6114217769837016,1.6217307692307692,0.010308992247067605
932,16712,1.6144563787181159,0.02557567272980497,1.588880705988311,1.606923076923077,0.018042370934765906
933,18623,1.7725603522406557,0.028372579865048306,1.7441877723756074,1.790673076923077,0.046485304547469575
934,23201,2.2247607437573405,0.03542258022019017,2.1893381635371503,2.2308653846153845,0.041527221078234255
935,17792,1.6984883429323347,0.0270558935413202,1.6714324493910147,1.7107692307692308,0.03933678137821617
936,17123,1.631471928912342,0.02629367974877923,1.6051782491635629,1.6464423076923076,0.04126405852874471
937,17971,1.727758472345904,0.02758005495854842,1.7001784173873558,1.7279807692307692,0.027802351843413398
938,19888,1.9000158835539047,0.030047637027532388,1.8699682465263723,1.9123076923076923,0.042339445781319984
939,29975,2.895772164123175,0.04521574048479606,2.850556423638379,2.8822115384615383,0.03165511482315919
940,19194,1.8429452342496864,0.029401685753805445,1.8135435484958808,1.845576923076923,0.03203337458104216
941,20187,1.9104127078538542,0.030636285093242694,1.8797764227606115,1.9410576923076923,0.0612812695470808
942,18328,1.7705625620668186,0.027715819160047377,1.7428467429067713,1.7623076923076924,0.019460949400921024
943,23055,2.231673342292167,0.03495112964249419,2.196722212649673,2.216826923076923,0.02010471042725026
944,16170,1.5542586525916702,0.024715382666860814,1.5295432699248093,1.5548076923076923,0.025264422382883067
945,16974,1.6382922530650308,0.02600944699459891,1.612282806070432,1.6321153846153846,0.019832578544952684
946,16384,1.5926129012312833,0.02503376098905716,1.567579140242226,1.5753846153846154,0.007805475142389273
947,16549,1.6009262570008336,0.025279380567931976,1.5756468764329017,1.59125,0.015603123567098365
948,18613,1.802267133376112,0.028460396310369916,1.773806737065742,1.7897115384615385,0.01590480139579653
949,20040,1.9222392883229427,0.030363759811435114,1.8918755285115076,1.926923076923077,0.03504754841156932
950,20584,1.9712570727555265,0.03134365374655014,1.9399134190089764,1.9792307692307691,0.039317350221792724
951,18214,1.7414116469641872,0.027553584029931705,1.7138580629342555,1.7513461538461539,0.03748809091189842
952,16349,1.5890094765064604,0.025145046050699785,1.5638644304557605,1.5720192307692307,0.008154800313470156
953,85542,8.246975230082787,0.12949388941762424,8.117481340665163,8.225192307692307,0.10771096702714367
954,16130,1.5510236021622537,0.02483874164280834,1.5261848605194452,1.5509615384615385,0.02477667794209326
955,17481,1.6678343269593694,0.026831246749261288,1.641003080210108,1.6808653846153847,0.039862304405276605
956,22112,2.133078057972495,0.03328249392732037,2.099795564045175,2.126153846153846,0.026358282108671194
957,16467,1.5770635291072472,0.02517461790954274,1.5518889111977046,1.5833653846153846,0.031476473417680007
958,28578,2.7734826660667715,0.042920877015619155,2.730561789051152,2.7478846153846153,0.01732282633346305
959,19794,1.9038012427302788,0.02980949529746241,1.8739917474328165,1.9032692307692307,0.029277483336414223
960,24878,2.396601483191071,0.037719451034892305,2.358882032156179,2.3921153846153844,0.033233352459205445
961,17383,1.649992819256729,0.02667506322017089,1.6233177560365581,1.6714423076923077,0.04812455165574958
962,22086,2.1267525670776877,0.03361285305211273,2.093139714025575,2.123653846153846,0.030514132128271143
963,22729,2.1751444531006916,0.03402810690709696,2.1411163461935945,2.1854807692307694,0.044364423037174916
964,20228,1.973419482410071,0.030652929046039067,1.942766553364032,1.945,0.0022334466359681393
965,19191,1.8425713277867501,0.029293431805939123,1.8132778959808111,1.8452884615384615,0.03201056555765036
966,16353,1.5851827673381145,0.025009069420457306,1.5601736979176573,1.572403846153846,0.012230148236188843
967,15999,1.522290728656497,0.024560330098042187,1.497730398558455,1.5383653846153846,0.04063498605692972
968,16637,1.6105883151398332,0.025166735166279836,1.5854215799735534,1.5997115384615384,0.014289958487984977
969,20261,1.9230363957397316,0.03075695668100891,1.8922794390587228,1.948173076923077,0.055893637864354195
970,16950,1.634679167102571,0.02576602206176725,1.6089131450408038,1.6298076923076923,0.02089454726688844
971,16980,1.6643373774171157,0.025949371655846147,1.6383880057612696,1.6326923076923077,-0.005695698068961974
972,15700,1.5000480211787983,0.023968012031217734,1.4760800091475805,1.5096153846153846,0.03353537546780405
973,18483,1.7717187855497585,0.02778964893423742,1.743929136615521,1.7772115384615386,0.033282401846017606
974,17674,1.7102167576709233,0.027331996940042666,1.6828847607308806,1.699423076923077,0.016538316192196367
975,22642,2.1350113163313766,0.03457803347396559,2.100433282857411,2.1771153846153846,0.07668210175797352
976,23582,2.2890388257365344,0.035493167905448715,2.2535456578310855,2.2675,0.013954342168914557
977,18036,1.7210275643717377,0.027151055849775094,1.6938765085219625,1.7342307692307692,0.040354260708806766
978,22421,2.154989748871744,0.0338393114489382,2.121150437422806,2.155865384615385,0.03471494719257873
979,18847,1.8178374823357193,0.028522195028958856,1.7893152873067604,1.8122115384615385,0.022896251154778113
980,37993,3.6578560488527745,0.05712272795642595,3.6007333208963486,3.653173076923077,0.05243975602672846
981,17456,1.6674277544496365,0.02683257352115647,1.64059518092848,1.6784615384615384,0.03786635753305845
982,20571,1.945673094080812,0.03156695885923553,1.9141061352215765,1.9779807692307692,0.06387463400919269
983,22330,2.1463024245458255,0.03373759014270843,2.112564834403117,2.1471153846153848,0.034550550212267606
984,27260,2.6241086709857764,0.04065499220899676,2.5834536787767797,2.621153846153846,0.037700167377066496
985,19396,1.860063383795702,0.02991496927321796,1.830148414522484,1.865,0.03485158547751599
986,24726,2.3621886847651603,0.03731156996463445,2.324877114800526,2.3775,0.05262288519947411
987,19669,1.8717483992585775,0.029758021752444092,1.8419903775061335,1.89125,0.04925962249386662
988,15973,1.5428778558631662,0.024701247901548158,1.518176607961618,1.5358653846153847,0.01768877665376678
989,16067,1.564566280200881,0.024834769407179467,1.5397315107937015,1.5449038461538462,0.00517233536014472
990,15794,1.5401047959621919,0.02439731789712514,1.5157074780650668,1.5186538461538461,0.0029463680887793497
991,43989,4.251988205054381,0.06631521782566172,4.1856729872287195,4.2297115384615385,0.04403855123281897
992,20383,1.9683397241266702,0.030660421423161895,1.9376793027035084,1.959903846153846,0.02222454345033764
993,15207,1.4563169452589864,0.0235147168038133,1.4328022284551731,1.4622115384615384,0.029409310006365263
994,17094,1.6390640721940002,0.02599417854752499,1.6130698936464751,1.6436538461538461,0.030583952507371004
995,15250,1.4662911626883082,0.022854418711330746,1.4434367439769775,1.4663461538461537,0.022909409869176223
996,17079,1.651075323085336,0.026256702274603107,1.624818620810733,1.6422115384615386,0.01739291765080564
997,15534,1.5056504090197824,0.024025683596271972,1.4816247254235104,1.4936538461538462,0.012029120730335796
998,22962,2.2149245942595233,0.03478696723850081,2.1801376270210224,2.2078846153846152,0.027746988363592795
999,21860,2.1056635444355805,0.03360872536186636,2.0720548190737142,2.101923076923077,0.029868257849362756
1000,17367,1.6758011574038125,0.026550735994323203,1.6492504214094894,1.6699038461538462,0.02065342474435683
1001,25801,2.5020882125090034,0.039120450174658324,2.462967762334345,2.4808653846153845,0.017897622281039638
1002,16962,1.6334943154547645,0.025906442423195116,1.6075878730315694,1.6309615384615384,0.023373665429968993
1003,17137,1.6494792913359817,0.026348331549240836,1.623130959786741,1.6477884615384615,0.024657501751720545
1004,14151,1.3769673944283685,0.022033870577504732,1.3549335238508637,1.3606730769230768,0.005739553072213077
1005,17227,1.640114104255204,0.026183952598365652,1.6139301516568385,1.6564423076923076,0.042512156035469095
1006,21046,2.045213878960089,0.03193523973412408,2.013278639225965,2.023653846153846,0.010375206927880853
1007,24011,2.3106652895160456,0.036475039613964935,2.2741902499020807,2.30875,0.03455975009791912
1008,18354,1.7788227737631472,0.028174705623602827,1.7506480681395444,1.7648076923076923,0.014159624168147866
1009,24864,2.384559766350932,0.03754476973970859,2.3470149966112235,2.390769230769231,0.0437542341580075
1010,24028,2.295310450559762,0.03653241778292235,2.25877803277684,2.3103846153846153,0.0516065826077754
1011,25643,2.468931067737116,0.038592393283665684,2.4303386744534503,2.465673076923077,0.03533440246962671
1012,17184,1.6666732598509404,0.02613794033854849,1.640535319512392,1.6523076923076923,0.011772372795300301
1013,19242,1.8638002128964506,0.029292689250998465,1.8345075236454522,1.8501923076923077,0.01568478404685547
1014,16749,1.595742075310117,0.02534233543415407,1.570399739875963,1.6104807692307692,0.040081029354806175
1015,16755,1.600158557814896,0.02571470022865407,1.574443857586242,1.6110576923076922,0.03661383472145019
1016,16589,1.6141787650331718,0.02519826247110091,1.588980502562071,1.5950961538461539,0.006115651284082979
1017,20437,1.9689498659287892,0.031180694614911297,1.9377691713138778,1.9650961538461538,0.027326982532275945
1018,19763,1.918463874463949,0.03016747915220275,1.8882963953117462,1.9002884615384616,0.011992066226715448
1019,20145,1.9411455852752688,0.030350819054231138,1.9107947662210376,1.9370192307692307,0.02622446454819305
1020,16202,1.5677403838904738,0.024707554350541776,1.543032829539932,1.5578846153846153,0.014851785844683274
1021,16395,1.5882428434452955,0.025014083247595083,1.5632287601977004,1.5764423076923078,0.013213547494607347
1022,21241,2.048410866397083,0.03259589596340769,2.0158149704336754,2.0424038461538463,0.02658887572017088
1023,19740,1.8810012010002595,0.030305118689323857,1.8506960823109355,1.898076923076923,0.047380840765987475
1024,19221,1.8444620861007974,0.029208318754503172,1.8152537673462943,1.8481730769230769,0.032919309576782574
1025,18669,1.7795895608101833,0.028427404470915445,1.7511621563392679,1.7950961538461538,0.04393399750688598
1026,17059,1.6562198316162555,0.026050635505714317,1.6301691961105411,1.6402884615384616,0.01011926542792052
1027,17520,1.6912407254810624,0.026449833615054513,1.664790891866008,1.6846153846153846,0.0198244927493767
1028,19560,1.8675311190211548,0.029839880270234646,1.83769123875092,1.8807692307692307,0.04307799201831064
1029,17138,1.6519590190311397,0.02573653844501201,1.6262224805861276,1.6478846153846154,0.021662134798487775
1030,18737,1.8096626470062942,0.028309734100941363,1.781352912905353,1.8016346153846154,0.02028170247926253
1031,16328,1.5665147738150955,0.024904376482617743,1.5416103973324777,1.57,0.02838960266752233
1032,20131,1.9349462126642125,0.030355832812593662,1.9045903798516188,1.935673076923077,0.031082697071458165
1033,16465,1.5770309673343372,0.025152124570192853,1.5518788427641443,1.583173076923077,0.03129423415893262
1034,19088,1.834630059057213,0.02908614645289179,1.8055439126043213,1.8353846153846154,0.02984070278029405
1035,16957,1.6358078869064407,0.025914346642020535,1.60989354026442,1.6304807692307692,0.020587228966349125
1036,17568,1.6817435548308979,0.026594919193742017,1.6551486356371559,1.6892307692307693,0.03408213359361345
1037,18629,1.7975474958580817,0.02829722993085826,1.7692502659272233,1.79125,0.021999734072776667
1038,19911,1.9212835307461822,0.029835674539368286,1.891447856206814,1.9145192307692307,0.023071374562416702
1039,15771,1.534720523229998,0.02402771814908993,1.510692805080908,1.5164423076923077,0.005749502611399615
1040,18973,1.8185303188632926,0.028833804314041707,1.789696514549251,1.824326923076923,0.034630408527672074
1041,14524,1.4177524004043947,0.022588340309891253,1.3951640600945034,1.3965384615384615,0.001374401443958062
1042,19265,1.8651101976958102,0.029126915569166047,1.8359832821266442,1.8524038461538461,0.016420564027201934
1043,18406,1.7649022326338473,0.028266866293751795,1.7366353663400955,1.7698076923076924,0.033172325967596894
1044,19365,1.8504253464831426,0.029154247339857484,1.8212710991432852,1.8620192307692307,0.04074813162594548
1045,17547,1.6988064592144647,0.026560334176842552,1.6722461250376222,1.6872115384615385,0.01496541342391633
1046,16983,1.630231438268561,0.025993320927261778,1.6042381173412992,1.6329807692307692,0.028742651889470006
1047,19580,1.8807981954951212,0.029725334474520197,1.8510728610206009,1.8826923076923077,0.0316194466717068
1048,19983,1.915543326437313,0.03050097365021138,1.8850423527871016,1.9214423076923077,0.03639995490520609
1049,23860,2.300932741690729,0.03616541471991281,2.264767326970816,2.294230769230769,0.0294634422599529
1050,24996,2.4029204292226245,0.037794086286145404,2.3651263429364793,2.4034615384615385,0.03833519552505926
1051,19252,1.825490874460178,0.029520205077442647,1.7959706693827355,1.8511538461538461,0.05518317677111062
1052,18263,1.7606015682575964,0.02777537561381235,1.732826192643784,1.7560576923076923,0.02323149966390825
1053,17418,1.677211387553944,0.026853545378006195,1.650357842175938,1.6748076923076922,0.02444985013175427
1054,24611,2.3553160594514835,0.037180251047169315,2.318135808404314,2.366442307692308,0.0483064992879938
1055,35253,3.357102685012541,0.05364546835268403,3.303457216659857,3.3897115384615386,0.08625432180168158
1056,17725,1.6876755944040494,0.02745846535976281,1.6602171290442866,1.7043269230769231,0.044109794032636485
1057,18370,1.7870032534112994,0.027802889747036087,1.7592003636642632,1.7663461538461538,0.007145790181890543
1058,16585,1.590007278428328,0.02518047834097147,1.5648268000873564,1.5947115384615385,0.02988473837418204
1059,18152,1.7404547420326677,0.027850213817383857,1.7126045282152838,1.7453846153846153,0.03278008716933156
1060,16168,1.5547602497885364,0.02476621987315453,1.5299940299153818,1.5546153846153845,0.024621354700002707
1061,17025,1.6294148271252764,0.025952917571465752,1.6034619095538107,1.6370192307692308,0.0335573212154201
1062,16948,1.6416245874352606,0.025522553315381058,1.6161020341198795,1.6296153846153847,0.013513350495505172
1063,17846,1.7301691001583726,0.02752465769646612,1.7026444424619065,1.7159615384615385,0.013317095999632045
1064,18403,1.7723135919978774,0.028128415014026083,1.7441851769838512,1.7695192307692307,0.02533405378537945
1065,15126,1.4616979271326218,0.02300691158885121,1.4386910155437707,1.4544230769230768,0.01573206137930616
1066,17594,1.6649912003849783,0.026902848744131933,1.6380883516408464,1.6917307692307693,0.05364241758992283
1067,19414,1.8522728016527379,0.029632856814248976,1.822639944838489,1.8667307692307693,0.0440908243922804
1068,26243,2.5367300828391848,0.039566959297759,2.4971631235414256,2.5233653846153845,0.026202261073958955
1069,16039,1.5462354379945527,0.024529051953821226,1.5217063860407314,1.5422115384615385,0.020505152420807082
1070,17604,1.7037141094629356,0.027086312941809212,1.6766277965211263,1.6926923076923077,0.01606451117118146
1071,18997,1.8309872202508979,0.029142983683269293,1.8018442365676286,1.8266346153846154,0.024790378816986758
1072,19945,1.9292917707937518,0.03031350222734874,1.8989782685664032,1.9177884615384615,0.018810192972058326
1073,17650,1.6947837469820588,0.026886017765900886,1.6678977292161579,1.6971153846153846,0.029217655399226716
1074,16685,1.5996770255893262,0.025114059315085372,1.5745629662742409,1.604326923076923,0.02976395680268218
1075,17733,1.680092292755884,0.02680167353110553,1.6532906192247783,1.7050961538461538,0.05180553462137549
1076,21194,2.021869503587016,0.03203660179033445,1.9898329017966814,2.0378846153846153,0.04805171358793392
1077,16448,1.6001327895220583,0.025259803469570314,1.574872986052488,1.5815384615384616,0.0066654754859736265
1078,16521,1.575460559948888,0.025086307183329798,1.5503742527655582,1.5885576923076923,0.0381834395421341
1079,17146,1.6531391505999495,0.02590453413544966,1.6272346164645,1.6486538461538462,0.021419229689346286
1080,16509,1.589534678839544,0.02548556696156618,1.5640491118779778,1.5874038461538462,0.023354734275868427
1081,19549,1.879289764360299,0.029467886346605188,1.849821878013694,1.8797115384615384,0.02988966044784447
1082,16777,1.5995402081773356,0.0255905342318694,1.5739496739454661,1.613173076923077,0.039223402977610844
1083,25925,2.495108031457645,0.03954158494859837,2.4555664465090468,2.4927884615384617,0.03722201502941491
1084,18831,1.8303422091057076,0.0285990808241467,1.8017431282815608,1.810673076923077,0.008929948641516194
1085,15256,1.4795919062808378,0.023445909886781156,1.4561459963940566,1.466923076923077,0.010777080529020377
1086,16526,1.613716918601816,0.02487703451476847,1.5888398840870477,1.5890384615384616,0.00019857745141393934
1087,15589,1.5150251205932739,0.02398224818454051,1.4910428724087335,1.4989423076923076,0.007899435283574174
1088,20584,1.9748033306875805,0.03149911743058472,1.9433042132569958,1.9792307692307691,0.035926555973773366
1089,20012,1.917704801125377,0.030392755440547793,1.8873120456848291,1.9242307692307692,0.03691872354594006
1090,17554,1.6701267440098593,0.026767128749441035,1.6433596152604182,1.6878846153846154,0.044525000124197245
1091,17123,1.6562371783224148,0.026089844484093672,1.6301473338383212,1.6464423076923076,0.016294973853986372
1092,23072,2.2159792607592292,0.03446491032451759,2.181514350434712,2.2184615384615385,0.036947188026826616
1093,33020,3.163802264735459,0.05023381024360527,3.113568454491854,3.175,0.061431545508146
1094,16792,1.6154218004137086,0.025687459579608687,1.5897343408341,1.6146153846153846,0.02488104378128453
1095,23362,2.258774429664924,0.03556146804306261,2.2232129616218614,2.246346153846154,0.023133192224292554
1096,18284,1.75363883067651,0.02782183495857778,1.7258169957179323,1.758076923076923,0.03225992735899075
1097,20169,1.9451047983232042,0.030292230335816798,1.9148125679873873,1.939326923076923,0.0245143550895357
1098,15737,1.5134770802011597,0.02403508160350265,1.489441998597657,1.513173076923077,0.023731078325419874
1099,27724,2.6718284328797086,0.04141239040572794,2.6304160424739806,2.665769230769231,0.03535318829525025
1100,20041,1.9311781821125118,0.030641896614190735,1.900536285498321,1.9270192307692309,0.026482945270909886
1101,18661,1.8034455116566925,0.028039593033613266,1.7754059186230793,1.794326923076923,0.018921004453843704
1102,16869,1.605955632906148,0.025858135020901167,1.580097497885247,1.6220192307692307,0.04192173288398382
1103,15771,1.5202606051142784,0.024249991092118194,1.4960106140221603,1.5164423076923077,0.02043169367014741
1104,17601,1.6882188034092511,0.027212108797704384,1.6610066946115467,1.6924038461538462,0.031397151542299495
1105,40108,3.8843121236151457,0.06069425039345737,3.8236178732216883,3.8565384615384617,0.03292058831677336
1106,15909,1.5289346998097464,0.02446405250583181,1.5044706473039147,1.5297115384615385,0.025240891157623846
1107,16654,1.5814868838037093,0.02573691298347734,1.555749970820232,1.6013461538461538,0.04559618302592172
1108,34008,3.2818093214078847,0.051794879655481366,3.2300144417524033,3.27,0.03998555824759675
1109,16027,1.5211216245236683,0.024316836245803358,1.496804788277865,1.5410576923076924,0.0442529040298274
1110,18730,1.7901511263258654,0.028690799735488926,1.7614603265903765,1.8009615384615385,0.039501211871161956
1111,19245,1.8713709141090846,0.02901637424774042,1.8423545398613441,1.8504807692307692,0.008126229369425086
1112,18575,1.8014962626897397,0.027920955756374124,1.7735753069333655,1.7860576923076923,0.012482385374326777
1113,15452,1.4934316864191164,0.023641916301206482,1.46978977011791,1.4857692307692307,0.01597946065132083
1114,17324,1.672564136661317,0.02643404117314729,1.64613009548817,1.6657692307692307,0.01963913528106076
1115,17697,1.7002663380893706,0.02666157429526984,1.6736047637941007,1.7016346153846154,0.02802985159051463
1116,16957,1.6122737657467914,0.025896086417698826,1.5863776793290925,1.6304807692307692,0.04410308990167677
1117,17136,1.6623083100347296,0.026416177200629422,1.6358921328341,1.6476923076923078,0.011800174858207724
1118,16695,1.6170010312766203,0.02565712646409522,1.591343904812525,1.6052884615384615,0.013944556725936419
1119,17425,1.6720055115964143,0.02654463301968463,1.6454608785767297,1.6754807692307692,0.030019890654039427
1120,16399,1.5827831764441984,0.025149827426846252,1.5576333490173522,1.5768269230769232,0.019193574059571006
1121,18466,1.767826958308648,0.028167689732557982,1.73965926857609,1.7755769230769232,0.03591765450083306
1122,17432,1.6650997253559776,0.026356032856800864,1.6387436924991767,1.676153846153846,0.037410153654669376
1123,18735,1.7899518086050443,0.028390374744549977,1.7615614338604944,1.8014423076923076,0.03988087383181327
1124,23280,2.210318562932871,0.035024177021390906,2.17529438591148,2.2384615384615385,0.06316715255005834
1125,18208,1.726862554342835,0.02740961564618837,1.6994529386966468,1.7507692307692309,0.051316292072584035
1126,17876,1.7132296246409,0.02738099965867044,1.6858486249822295,1.718846153846154,0.032997528863924375
1127,42434,4.107914486619861,0.06410475550681319,4.043809731113048,4.0801923076923075,0.036382576579259585
1128,20563,1.9753641220328892,0.0310987184922999,1.9442654035405893,1.9772115384615385,0.03294613492094922
1129,15267,1.4638739896709383,0.0233902163258959,1.4404837733450424,1.4679807692307691,0.027496995885726738
1130,17092,1.6442595262370616,0.02630672825113226,1.6179527979859294,1.6434615384615385,0.025508740475609137
1131,16805,1.6225994545275513,0.025990369962734423,1.5966090845648169,1.6158653846153845,0.019256300050567665
1132,20940,1.9973403650852422,0.03196234906982872,1.9653780160154135,2.0134615384615384,0.048083522446124904
1133,19749,1.8828658929356747,0.03023339600432894,1.852632496931346,1.8989423076923078,0.046309810760961856
1134,17269,1.6659872286427886,0.026333733039283647,1.639653495603505,1.6604807692307693,0.02082727362726433
1135,22190,2.1402795321251302,0.03344820450268737,2.1068313276224426,2.1336538461538463,0.026822518531403716
1136,18006,1.709947655470174,0.02771708294759836,1.6822305725225757,1.7313461538461539,0.049115581323578184
1137,27667,2.6726916081431957,0.04143665032138946,2.631254957821806,2.6602884615384617,0.029033503716655584
1138,15523,1.4786716591442723,0.023662282366771082,1.4550093767775012,1.4925961538461539,0.037586777068652655
1139,17806,1.714540064350103,0.027404816293138,1.687135248056965,1.7121153846153847,0.024980136558419685
1140,24248,2.332767032240562,0.03669847561146782,2.296068556629094,2.3315384615384613,0.03546990490936741
1141,17590,1.696717988562301,0.026532939115789318,1.6701850494465116,1.6913461538461538,0.02116110439964225
1142,17630,1.689536217894804,0.027012581147662997,1.662523636747141,1.6951923076923077,0.03266867094516668
1143,22626,2.1597156037507785,0.03388793998189358,2.125827663768885,2.1755769230769233,0.04974925930803842
1144,15612,1.5012323822946732,0.023870191740703674,1.4773621905539696,1.501153846153846,0.023791655599876504
1145,24804,2.3887831416640646,0.03754302092719946,2.351240120736865,2.385,0.03375987926313462
1146,17086,1.6610564635169138,0.025933687486858953,1.6351227760300548,1.6428846153846153,0.007761839354560429
1147,20464,1.9742274787270204,0.03085764613764826,1.9433698325893722,1.9676923076923076,0.024322475102935392
1148,22407,2.1633020547067563,0.03435218799305448,2.1289498667137017,2.154519230769231,0.02556936405552923
1149,16867,1.6533766796033542,0.026219950687998053,1.6271567289153561,1.621826923076923,-0.0053298058384330105
1150,20595,1.9610168370017755,0.030962719693409163,1.9300541173083663,1.9802884615384615,0.05023434423009521
1151,15313,1.5110592496521187,0.023547329968659134,1.4875119196834596,1.4724038461538462,-0.015108073529613408
1152,17236,1.6568062335777163,0.02617674238302508,1.6306294911946912,1.6573076923076924,0.02667820111300112
1153,18835,1.8028438972270653,0.0287020784521278,1.7741418187749374,1.8110576923076922,0.03691587353275483
1154,19351,1.8738706309029713,0.029484354645680052,1.8443862762572913,1.8606730769230768,0.016286800665785472
1155,16024,1.5440643527688798,0.024608721771058866,1.5194556309978209,1.5407692307692307,0.021313599771409786
1156,20074,1.9215247339757344,0.029960367051003273,1.891564366924731,1.9301923076923078,0.038627940767576696
1157,16664,1.610035730961805,0.02552140755964543,1.5845143234021595,1.6023076923076922,0.017793368905532736
1158,21765,2.0816328033733176,0.03322669242994964,2.0484061109433678,2.0927884615384613,0.044382350595093545
1159,17342,1.6653607458010005,0.02636386817666639,1.638996877624334,1.6675,0.02850312237566599
1160,18163,1.760289471744738,0.027570093697335134,1.7327193780474028,1.7464423076923077,0.013722929644904847
1161,17465,1.678858396802904,0.026754593997592085,1.6521038028053119,1.679326923076923,0.027223120271611112
1162,16605,1.608397811084881,0.02517115686902682,1.5832266542158542,1.5966346153846154,0.013407961168761195
1163,15518,1.4873046962121004,0.023785166985295265,1.463519529226805,1.4921153846153845,0.02859585538857945
1164,16362,1.5772973564948145,0.024983712064639778,1.5523136444301748,1.5732692307692309,0.02095558633905603
1165,20675,1.9917877355911582,0.03132401185353069,1.9604637237376275,1.9879807692307692,0.027517045493141712
1166,18052,1.7428369837531823,0.027405380226587575,1.7154316035265946,1.7357692307692307,0.020337627242636103
1167,17175,1.6442139429576068,0.026188439213336606,1.6180255037442701,1.6514423076923077,0.03341680394803759
1168,17035,1.6451452570170289,0.02619364385079101,1.6189516131662378,1.6379807692307693,0.019029156064531483
1169,18410,1.7879004715336098,0.02796248007878673,1.759937991454823,1.7701923076923076,0.010254316237484629
1170,18367,1.7644053139811127,0.027771997829873774,1.7366333161512388,1.7660576923076923,0.029424376156453436
1171,18874,1.8078932332663806,0.02866141723311259,1.779231816033268,1.8148076923076923,0.03557587627442427
1172,23680,2.2972935990597683,0.036002102188919964,2.2612914968708484,2.276923076923077,0.015631580052228422
1173,21428,2.0630611330380044,0.03245261807284037,2.0306085149651643,2.0603846153846153,0.029776100419451
1174,19678,1.8862306830599678,0.029632285857270357,1.8565983972026974,1.8921153846153846,0.03551698741268727
1175,25031,2.3862245885118503,0.03768665693266288,2.3485379315791874,2.406826923076923,0.05828899149773559
1176,23187,2.2289473158297546,0.0352640521905114,2.1936832636392434,2.2295192307692306,0.03583596712998727
1177,17001,1.6524231851763054,0.026147204042403643,1.6262759811339018,1.6347115384615385,0.008435557327636678
1178,21473,2.077521481933843,0.03219166954126849,2.0453298123925747,2.0647115384615384,0.01938172606896371
1179,17424,1.684439144396112,0.026636924018779772,1.6578022203773322,1.6753846153846155,0.017582395007283314
1180,16464,1.5630919188965762,0.025370862954127344,1.5377210559424488,1.583076923076923,0.04535586713447426
1181,22856,2.191203944230514,0.03429190713828427,2.15691203709223,2.1976923076923076,0.04078027060007772
1182,20565,1.9715818809409058,0.031212738806110196,1.9403691421347955,1.9774038461538461,0.037034704019050624
1183,29252,2.812006194107998,0.04369866761063071,2.768307526497367,2.812692307692308,0.044384781194940714
1184,16650,1.5919162683094543,0.02532341935952723,1.566592848949927,1.6009615384615385,0.03436868951161154
1185,18701,1.7816847456826712,0.028063249426355127,1.7536214962563161,1.7981730769230768,0.04455158066676068
1186,20457,1.9827270058958903,0.03082706867627858,1.9518999372196117,1.9670192307692307,0.01511929354961894
1187,16279,1.56085458210061,0.025045638303579174,1.5358089437970308,1.5652884615384615,0.02947951774143065
1188,20895,2.0266453165811393,0.03169864850857526,1.994946668072564,2.0091346153846152,0.014187947312051197
1189,19581,1.9029504483073318,0.029635068943510093,1.8733153793638218,1.8827884615384616,0.009473082174639824
1190,16170,1.576595798589943,0.024775497568427795,1.5518203010215152,1.5548076923076923,0.002987391286177088
1191,26761,2.5584242417597496,0.04060542357762569,2.517818818182124,2.573173076923077,0.05535425874095301
1192,19316,1.8504194135589462,0.02944380234832658,1.8209756112106197,1.8573076923076923,0.036332081097072644
1193,19052,1.8225046081491867,0.02880230138522998,1.7937023067639568,1.831923076923077,0.038220770159120177
1194,20291,1.9481429058640687,0.0307529295951439,1.9173899762689248,1.9510576923076923,0.0336677160387675
1195,18625,1.7926290667267146,0.02808640826690073,1.7645426584598138,1.7908653846153846,0.02632272615557074
1196,17557,1.6817018922093339,0.026903804444496165,1.6547980877648376,1.688173076923077,0.03337498915823933
1197,18270,1.7670296655261335,0.027809615451524217,1.7392200500746093,1.7567307692307692,0.01751071915615987
1198,20380,1.9578742709208428,0.03061122161019001,1.9272630493106528,1.9596153846153845,0.032352335304731694
1199,23670,2.2550291031084666,0.035590844975154225,2.2194382581333123,2.2759615384615386,0.05652328032822629
1200,19536,1.8870849857374612,0.029628010165714362,1.857456975571747,1.8784615384615384,0.021004562889791467
1201,16050,1.537903952207735,0.024721932748946143,1.5131820194587888,1.5432692307692308,0.030087211310442008
1202,48029,4.606725276560235,0.07312655101558203,4.533598725544653,4.618173076923077,0.08457435137842406
1203,27304,2.6289604633362154,0.04078677139983769,2.588173691936378,2.625384615384615,0.0372109234482374
1204,18071,1.7399573058198128,0.027525020086947037,1.7124322857328658,1.737596153846154,0.02516386811328819
1205,21019,2.003186103013241,0.03218148876688862,1.9710046142463524,2.0210576923076924,0.05005307806133996
1206,16492,1.5959471396517777,0.024958736468160686,1.570988403183617,1.5857692307692308,0.014780827585613832
1207,17383,1.6485458164301945,0.025871517229426447,1.622674299200768,1.6714423076923077,0.048768008491539616
1208,15382,1.476177831206918,0.02360422556981779,1.4525736056371001,1.4790384615384615,0.026464855901361384
1209,17701,1.699173068941493,0.027033826721690475,1.6721392422198025,1.7020192307692308,0.029879988549428305
1210,22555,2.1606624128366265,0.034166867651816174,2.1264955451848104,2.16875,0.042254454815189746
1211,17525,1.6899022903948886,0.0266836977453737,1.6632185926495149,1.6850961538461537,0.02187756119663886
1212,14945,1.438347671118426,0.023024501793500428,1.4153231693249255,1.4370192307692307,0.021696061444305137
1213,17645,1.6881370911934084,0.026763302034475998,1.6613737891589324,1.6966346153846155,0.03526082622568305
1214,19556,1.8813235933338546,0.02963251236579902,1.8516910809680556,1.8803846153846153,0.02869353441655975
1215,17739,1.7198178604187193,0.026943167925867012,1.6928746924928524,1.705673076923077,0.01279838443022463
1216,19474,1.8468633401503238,0.029586883383064547,1.8172764567672592,1.8725,0.05522354323274081
1217,45514,4.4113617514327705,0.06734613152204842,4.3440156199107225,4.376346153846153,0.03233053393543095
1218,39210,3.7655174630010055,0.05884611083102987,3.7066713521699755,3.770192307692308,0.06352095552233239
1219,16334,1.5546407337092123,0.02488788790560356,1.5297528458036087,1.570576923076923,0.040824077273314385
1220,15771,1.4900588851131287,0.024004110889383055,1.4660547742237455,1.5164423076923077,0.05038753346856217
1221,15819,1.5357080823919322,0.02440340233157338,1.511304680060359,1.5210576923076924,0.009753012247333492
1222,29021,2.782595176198963,0.043925373872036544,2.7386698023269265,2.7904807692307694,0.0518109669038429
1223,18371,1.7749762243159364,0.02789823350749536,1.747077990808441,1.7664423076923077,0.01936431688386664
1224,17281,1.6779122257262287,0.026066227199638446,1.6518459985265903,1.6616346153846153,0.009788616858025012
1225,16692,1.617893077802639,0.02539924881114527,1.5924938289914938,1.605,0.01250617100850615
1226,17761,1.6931030005566665,0.02682032753866618,1.6662826730180003,1.7077884615384615,0.04150578852046127
1227,16643,1.59714501180216,0.02515511095040029,1.5719899008517597,1.6002884615384616,0.02829856068670189
1228,15627,1.5062102171727352,0.023885980884097848,1.4823242362886373,1.5025961538461539,0.02027191755751656
1229,21873,2.108220600832309,0.03284163320382598,2.075378967628483,2.1031730769230768,0.027794109294593916
1230,20022,1.900870385127529,0.030378852072651334,1.8704915330548777,1.9251923076923076,0.05470077463742995
1231,18718,1.8000302092114877,0.028229194082508062,1.7718010151289796,1.7998076923076922,0.028006677178712636
1232,15938,1.5462395147520183,0.024146937931865512,1.5220925768201528,1.5325,0.01040742317984722
1233,20074,1.941900988630407,0.02972353223605751,1.9121774563943494,1.9301923076923078,0.018014851297958323
1234,27791,2.689676849462501,0.04178499030669454,2.6478918591558065,2.6722115384615384,0.024319679305731867
1235,18344,1.747069503399048,0.028253933429062333,1.7188155699699856,1.7638461538461538,0.045030583876168206
1236,15748,1.5169360939349268,0.024007706813705582,1.4929283871212211,1.5142307692307693,0.021302382109548157
1237,22942,2.1742585532112004,0.03493764699949625,2.139320906211704,2.2059615384615383,0.0666406322498343
1238,17319,1.6884114972627424,0.026185395180299886,1.6622261020824425,1.6652884615384616,0.0030623594560190703
1239,18219,1.7455752549207277,0.028102606564218778,1.717472648356509,1.751826923076923,0.03435427472041397
1240,16727,1.6002024286823,0.02535989760506205,1.574842531077238,1.6083653846153847,0.03352285353814666
1241,15780,1.517307548691634,0.023673578715565854,1.4936339699760683,1.5173076923076922,0.023673722331623903
1242,16513,1.5720821873579032,0.025263426801455213,1.546818760556448,1.5877884615384616,0.04096970098201358
1243,17721,1.7188723332493308,0.026625703695041157,1.6922466295542895,1.7039423076923077,0.011695678138018195
1244,17838,1.703677374014085,0.02707070644004042,1.6766066675740445,1.7151923076923077,0.038585640118263154
1245,17256,1.646259167214815,0.026359355329022723,1.6198998118857924,1.6592307692307693,0.039330957344976936
1246,20750,2.0105055273011536,0.0314010208091642,1.9791045064919894,1.9951923076923077,0.016087801200318275
1247,16614,1.599203362738963,0.025262191864539107,1.573941170874424,1.5975,0.023558829125575942
1248,17367,1.6757410553242529,0.026220693825554527,1.6495203614986984,1.6699038461538462,0.020383484655147832
1249,16611,1.5864219834244462,0.025216119367597857,1.5612058640568482,1.5972115384615384,0.03600567440469016
1250,16188,1.539372802718556,0.024817784812430535,1.5145550179061256,1.5565384615384616,0.04198344363233608
1251,18125,1.7637809025065587,0.027388217692644556,1.7363926848139142,1.7427884615384615,0.006395776724547275
1252,19192,1.84307735823948,0.029170408741896785,1.8139069494975832,1.8453846153846154,0.03147766588703216
1253,27130,2.6081374468632212,0.04055743768179571,2.5675800091814254,2.608653846153846,0.04107383697242062
1254,19370,1.852785463378917,0.029293693027712356,1.8234917703512046,1.8625,0.03900822964879547
1255,17692,1.675373770759218,0.026722070661090367,1.6486517000981276,1.7011538461538462,0.05250214605571868
1256,16396,1.5778968426379891,0.025012624316421053,1.552884218321568,1.5765384615384614,0.023654243216893356
1257,16195,1.563657755976366,0.024689011016805516,1.5389687449595606,1.5572115384615384,0.018242793501977772
1258,23687,2.282515928308491,0.03567619829175251,2.2468397300167386,2.277596153846154,0.030756423829415347
1259,17153,1.661560344242047,0.026159239074667717,1.6354011051673794,1.649326923076923,0.013925817909543614
1260,19777,1.906412620126281,0.02986456569191507,1.876548054434366,1.9016346153846153,0.025086560950249304
1261,29258,2.83665335047858,0.0442376681652382,2.792415682313342,2.813269230769231,0.020853548455888937
1262,50141,4.8168974702420675,0.07561095997178409,4.7412865102702835,4.82125,0.07996348972971656
1263,23264,2.244882546223898,0.03522676581613155,2.2096557804077666,2.236923076923077,0.027267296515310235
1264,30947,2.960574294088572,0.04661072722871348,2.9139635668598585,2.975673076923077,0.06170951006321834
1265,15513,1.4849087538682175,0.024076486588328047,1.4608322672798895,1.4916346153846154,0.03080234810472593
1266,16616,1.59317451270382,0.02533715607503061,1.5678373566287893,1.5976923076923077,0.02985495106351843
1267,19791,1.912180712485893,0.02972313188121001,1.8824575806046828,1.9029807692307692,0.020523188626086375
1268,16373,1.5887034058367124,0.02541046692494403,1.5632929389117685,1.574326923076923,0.011033984165154553
1269,16740,1.6116431128349649,0.025739636260851843,1.5859034765741131,1.6096153846153847,0.023711908041271545
1270,15211,1.469375808573672,0.023169780205943256,1.4462060283677287,1.4625961538461538,0.01639012547842511
1271,28184,2.7331637449191497,0.04227711326597179,2.690886631653178,2.71,0.01911336834682187
1272,17319,1.6677340864993446,0.026398138070925607,1.6413359484284191,1.6652884615384616,0.023952513110042428
1273,32313,3.114495942925309,0.048338212388865716,3.0661577305364434,3.1070192307692306,0.04086150023278723
1274,18243,1.737548224951979,0.027637844438501962,1.709910380513477,1.7541346153846153,0.04422423487113836
1275,16895,1.6225878648134264,0.025564238573643823,1.5970236262397826,1.6245192307692307,0.027495604529448103
1276,27447,2.6204452001439895,0.041471545563249584,2.57897365458074,2.6391346153846156,0.060160960803875785
1277,21124,2.019239196529833,0.031858461703315806,1.9873807348265173,2.0311538461538463,0.04377311132732897
1278,15925,1.5270806894538904,0.024488865774166906,1.5025918236797235,1.53125,0.02865817632027645
1279,16996,1.6190667961363736,0.02599500930708017,1.5930717868292934,1.6342307692307692,0.04115898240147575
1280,15767,1.517831807622385,0.02415681221231719,1.4936749954100677,1.5160576923076923,0.02238269689762462
1281,17254,1.6471863384323366,0.026518232010137248,1.6206681064221995,1.6590384615384615,0.03837035511626197
1282,17334,1.6634970576651407,0.026606031386356678,1.636891026278784,1.6667307692307691,0.029839742951985215
1283,17241,1.6527254021767799,0.026372806774084278,1.6263525954026956,1.6577884615384615,0.03143586613576588
1284,17752,1.7051012831760979,0.026925836896639455,1.6781754462794585,1.706923076923077,0.028747630643618516
1285,21600,2.080219262262119,0.03261322879607258,2.0476060334660464,2.076923076923077,0.029317043457030678
1286,17192,1.622325365639801,0.026500481238116838,1.595824884401684,1.653076923076923,0.05725203867523909
1287,16778,1.6012620513011795,0.025559920980690078,1.5757021303204894,1.6132692307692307,0.03756710044874123
1288,19758,1.9012096848227964,0.029835635980465833,1.8713740488423305,1.8998076923076923,0.028433643465361813
1289,16887,1.6212499230011528,0.025991365164934853,1.595258557836218,1.62375,0.028491442163782077
1290,17250,1.6466757289315894,0.026435701649588108,1.6202400272820012,1.6586538461538463,0.03841381887184503
1291,18737,1.79309713161505,0.02853210789441207,1.7645650237206378,1.8016346153846154,0.03706959166397761
1292,16345,1.5784809495092509,0.0250005606237835,1.5534803888854674,1.5716346153846155,0.018154226499148107
1293,23084,2.238305336220316,0.03530713705630017,2.202998199164016,2.2196153846153845,0.016617185451368588
1294,18089,1.7329439742061887,0.02728436292315997,1.7056596112830287,1.739326923076923,0.03366731179389437
1295,19148,1.8330371265069783,0.028988666030680035,1.8040484604762983,1.8411538461538461,0.03710538567754784
1296,16347,1.5958250050274556,0.02502666970642717,1.5707983353210284,1.571826923076923,0.00102858775589465
1297,19719,1.9270165092957414,0.029944364285814238,1.8970721450099273,1.8960576923076924,-0.0010144527022348804
1298,16565,1.6026359788127873,0.025318622599042922,1.5773173562137444,1.5927884615384615,0.015471105324717183
1299,22410,2.131595723724221,0.03401904187101147,2.0975766818532096,2.1548076923076924,0.05723101045448287
1300,15950,1.5452802493810165,0.024605646109944885,1.5206746032710716,1.5336538461538463,0.012979242882774633
1301,49381,4.7233273247788015,0.07404782341687603,4.649279501361925,4.748173076923077,0.09889357556115197
1302,26464,2.5242930689018444,0.03966031165662313,2.484632757245221,2.5446153846153847,0.05998262737016358
1303,20894,1.982041471638521,0.03173197078125927,1.9503095008572617,2.0090384615384616,0.058728960681199815
1304,17278,1.662932109761802,0.026081718794548948,1.636850390967253,1.6613461538461538,0.024495762878900873
1305,14752,1.4225093727835214,0.02253512636877328,1.3999742464147482,1.4184615384615384,0.018487292046790227
1306,17453,1.6664038808933435,0.026436344487662654,1.6399675364056807,1.678173076923077,0.03820554051739622
1307,26335,2.569738656345183,0.03995560752002433,2.5297830488251587,2.5322115384615387,0.0024284896363799824
1308,19341,1.8819235538941108,0.029263340077100075,1.8526602138170107,1.8597115384615384,0.007051324644527623
1309,16126,1.5586097459372381,0.024621561145991164,1.5339881847912469,1.550576923076923,0.016588738285676197
1310,24787,2.386798251945707,0.03754960243499916,2.349248649510708,2.383365384615385,0.03411673510467672
1311,16504,1.5853212068079527,0.025387038923555483,1.5599341678843972,1.5869230769230769,0.026988909038679676
1312,17981,1.7181536886457343,0.027683927131303847,1.6904697615144304,1.7289423076923076,0.03847254617787721
1313,20873,2.0187313604601687,0.031588622947925554,1.987142737512243,2.007019230769231,0.019876493256987926
1314,26584,2.566159778805758,0.040106357225470964,2.526053421580287,2.556153846153846,0.030100424573559437
1315,18996,1.8318187086945077,0.029081450221012405,1.8027372584734953,1.8265384615384614,0.023801203064966137
1316,16807,1.6407478378542963,0.025963925262321157,1.6147839125919752,1.6160576923076924,0.0012737797157171826
1317,17515,1.674393549857215,0.02690755547878352,1.6474859943784315,1.6841346153846153,0.036648621006183824
1318,19952,1.9049661049413034,0.030769174156566825,1.8741969307847366,1.9184615384615384,0.04426460767680185
1319,19472,1.8730977988575868,0.029425623909403745,1.843672174948183,1.8723076923076922,0.0286355173595092
1320,20200,1.9460223282299134,0.03072469814383252,1.915297630086081,1.9423076923076923,0.027010062221611397
1321,16932,1.6412054908511278,0.025716523018710018,1.6154889678324178,1.628076923076923,0.012587955244505178
1322,17379,1.6811917673426082,0.026699608968640525,1.6544921583739678,1.6710576923076923,0.016565533933724508
1323,23413,2.2703633047516503,0.03519409941386685,2.2351692053377836,2.25125,0.01608079466221657
1324,15835,1.5183444813527027,0.02400996960987517,1.4943345117428275,1.5225961538461539,0.02826164210332638
1325,18558,1.7594832585195328,0.027562739106223654,1.7319205194133092,1.784423076923077,0.05250255750976773
1326,23130,2.2218801891902977,0.034745977047271434,2.187134212143026,2.2240384615384614,0.03690424939543524
1327,18637,1.780815654651489,0.028486474679218582,1.7523291799722704,1.7920192307692309,0.03969005079696042
1328,16267,1.5609128535656804,0.024671054226220866,1.5362417993394595,1.5641346153846154,0.02789281604515592
1329,17804,1.6852638858484121,0.027169105438557658,1.6580947804098545,1.7119230769230769,0.05382829651322241
1330,19556,1.8675979590927532,0.030108683826002108,1.837489275266751,1.8803846153846153,0.04289534011786422
1331,15057,1.4490493355555425,0.02336592926144531,1.4256834062940973,1.4477884615384615,0.022105055244364236
1332,18421,1.7635276368354833,0.028017676537697742,1.7355099602977855,1.77125,0.03574003970221451
1333,19634,1.8918016137841525,0.029759172322059695,1.8620424414620929,1.8878846153846154,0.025842173922522527
1334,17591,1.726069310688542,0.02676056067992286,1.6993087500086193,1.6914423076923077,-0.007866442316311506
1335,27695,2.647797209035496,0.04188337684834219,2.605913832187154,2.6629807692307694,0.05706693704361543
1336,18414,1.7782282402004363,0.028075816636822324,1.7501524235636141,1.770576923076923,0.020424499513308936
1337,36022,3.4400380398507977,0.0545083102880952,3.3855297295627027,3.463653846153846,0.07812411659114327
1338,38112,3.611338318152577,0.05727882834540254,3.5540594898071745,3.664615384615385,0.11055589480821038
1339,18490,1.7713270347141596,0.02804531078223129,1.7432817239319283,1.7778846153846153,0.034602891452687023
1340,19889,1.9375080315458364,0.030164085548251087,1.9073439459975854,1.9124038461538462,0.005059900156260788
1341,17427,1.638235150542046,0.026731310840064502,1.6115038397019816,1.675673076923077,0.06416923722109535
1342,16808,1.6009456018354153,0.025684083597310312,1.5752615182381051,1.616153846153846,0.040892327915740934
1343,19853,1.9164607878100122,0.029966556787463513,1.8864942310225488,1.9089423076923078,0.02244807666975901
1344,17150,1.648207628837172,0.025866851956303356,1.6223407768808686,1.6490384615384615,0.026697684657592813
1345,15961,1.5702333412217866,0.02433457618084355,1.545898765040943,1.5347115384615384,-0.01118722657940463
1346,18193,1.75283507203632,0.027916391017972716,1.7249186810183472,1.749326923076923,0.024408242058575835
1347,82879,7.9939106336742345,0.12580479171472955,7.868105841959505,7.969134615384616,0.10102877342511096
1348,16841,1.6073660829044158,0.025808572369908682,1.5815575105345072,1.6193269230769232,0.03776941254241595
1349,19256,1.8567564943756523,0.029324319337340657,1.8274321750383116,1.8515384615384616,0.02410628650015001
1350,25795,2.4583179658155347,0.03907142762090286,2.4192465381946318,2.4802884615384615,0.06104192334382974
1351,21061,2.0051637751569857,0.03195636444767208,1.9732074107093136,2.025096153846154,0.05188874313684044
1352,18993,1.8203555744124222,0.02892049030003155,1.7914350841123907,1.82625,0.03481491588760921
1353,15206,1.4638680289609969,0.023434202434347504,1.4404338265266494,1.4621153846153847,0.021681558088735287
1354,17715,1.7056116343453178,0.02718736713007601,1.6784242672152418,1.7033653846153847,0.02494111740014282
1355,17918,1.7328901270100614,0.027317474302386163,1.7055726527076753,1.7228846153846153,0.017311962676940018
1356,17364,1.6573117007426201,0.02632967739008941,1.6309820233525307,1.6696153846153847,0.038633361262853994
1357,16806,1.6228673947235246,0.025911405470968523,1.596955989252556,1.6159615384615384,0.019005549208982453
1358,17953,1.7144013973785222,0.02734072265629977,1.6870606747222223,1.72625,0.03918932527777774
1359,17591,1.6890462668282866,0.026978276730122142,1.6620679900981645,1.6914423076923077,0.029374317594143218
1360,18915,1.8287798155428008,0.02885026929565246,1.7999295462471483,1.81875,0.018820453752851796
1361,24889,2.4211701232406555,0.03781002684939817,2.3833600963912573,2.393173076923077,0.009812980531819449
1362,21095,2.036135350875394,0.03202376521072782,2.004111585664666,2.0283653846153844,0.02425379895071833
1363,17790,1.7046935143775674,0.026640286819528798,1.6780532275580387,1.710576923076923,0.032523695518884344
1364,18566,1.801978750276608,0.02830135706008326,1.7736773932165248,1.7851923076923077,0.0115149144757829
1365,38855,3.7269964248504563,0.05853947534245407,3.6684569495080024,3.7360576923076922,0.06760074279968986
1366,18424,1.7706906886445295,0.028170230525004388,1.742520458119525,1.7715384615384615,0.029018003418936456
1367,24586,2.3546100532694343,0.037024344467669945,2.317585708801764,2.3640384615384615,0.046452752736697356
1368,20078,1.9402966772256824,0.030254009231517873,1.9100426679941647,1.930576923076923,0.0205342550827583
1369,14881,1.4293366584763527,0.023024768598030543,1.4063118898783222,1.4308653846153847,0.024553494737062476
1370,18280,1.7734166969209006,0.02764218554605575,1.7457745113748449,1.7576923076923077,0.011917796317462814
1371,18551,1.7690370053650182,0.028277608222298002,1.7407593971427202,1.78375,0.042990602857279736
1372,18514,1.7919277768769537,0.028643412764307173,1.7632843641126466,1.7801923076923076,0.016907943579661078
1373,18806,1.8017507557229322,0.028791308003786847,1.7729594477191453,1.8082692307692307,0.035309783050085475
1374,23826,2.301405352009718,0.03578943606307693,2.265615915946641,2.2909615384615383,0.025345622514897137
1375,17045,1.6224365355905634,0.02623770057690709,1.5961988350136564,1.6389423076923078,0.042743472678651306
1376,17111,1.6440649802724159,0.025931975725541876,1.618133004546874,1.6452884615384615,0.0271554569915875
1377,19150,1.8470829437594287,0.029000274042461208,1.8180826697169674,1.8413461538461537,0.02326348412918633
1378,15569,1.4867626419437476,0.024150186849065353,1.4626124550946822,1.4970192307692307,0.03440677567454853
1379,21228,2.0313336668022908,0.03215324340855279,1.999180423393738,2.041153846153846,0.04197342276010807
1380,19868,1.9253594766384634,0.030176873041765355,1.895182603596698,1.9103846153846153,0.015202011787917247
1381,17378,1.6799424442160347,0.026241617583087812,1.653700826632947,1.6709615384615384,0.017260711828591457
1382,16774,1.607221066245425,0.025478067310026074,1.5817429989353988,1.6128846153846155,0.031141616449216647
1383,20126,1.9090481023501784,0.03054986576336608,1.8784982365868124,1.9351923076923077,0.05669407110549529
1384,18108,1.7372097070905688,0.02781204749288167,1.7093976595976872,1.741153846153846,0.03175618655615886
1385,26063,2.4972832356155443,0.03921904022673479,2.4580641953888094,2.5060576923076923,0.04799349691888288
1386,21363,2.0093402771943296,0.032267049854610534,1.9770732273397191,2.054134615384615,0.07706138804489604
1387,18427,1.748201936054082,0.027959614719254358,1.7202423213348275,1.771826923076923,0.05158460174209556
1388,21961,2.086539686019939,0.03337590811180852,2.053163777908131,2.1116346153846153,0.058470837476484405
1389,15572,1.4962294772313094,0.024008605839456305,1.472220871391853,1.4973076923076922,0.025086820915839247
1390,15471,1.490318138606128,0.023490646218014163,1.4668274923881137,1.487596153846154,0.02076866145804024
1391,17002,1.645447671139257,0.026099779196141135,1.619347891943116,1.6348076923076924,0.015459800364576504
1392,34898,3.3763558727163714,0.052447752951295924,3.3239081197650755,3.355576923076923,0.031668803311847515
1393,18424,1.7635204698990594,0.0276680465557772,1.7358524233432822,1.7715384615384615,0.03568603819517935
1394,20216,1.9556133211468416,0.030348448297318094,1.9252648728495234,1.9438461538461538,0.018581280996630367
1395,24872,2.3834919791325753,0.03775467638321151,2.3457373027493635,2.3915384615384614,0.04580115878909785
1396,18248,1.7694304112971944,0.02810790609407612,1.7413225052031183,1.7546153846153847,0.013292879412266423
1397,21786,2.1097973537728634,0.033200631988754,2.0765967217841093,2.0948076923076924,0.018210970523583114
1398,17846,1.7150435291791937,0.027260174894219318,1.6877833542849743,1.7159615384615385,0.028178184176564258
1399,17643,1.700121551755235,0.02686210856124811,1.673259443193987,1.6964423076923076,0.023182864498320743
1400,18125,1.7640059077621595,0.027676889458880458,1.7363290183032791,1.7427884615384615,0.006459443235182327
1401,16998,1.644705950910441,0.02592340315065351,1.6187825477597875,1.634423076923077,0.015640529163289507
1402,18851,1.79676565726952,0.028711885303467414,1.7680537719660527,1.812596153846154,0.04454238188010118
1403,18305,1.7799369033913295,0.02788216036851942,1.7520547430228102,1.760096153846154,0.008041410823343753
1404,16746,1.6037463426739902,0.025710790051412434,1.5780355526225778,1.6101923076923077,0.032156755069729925
1405,15919,1.5284417340671317,0.024563609733863755,1.503878124333268,1.530673076923077,0.026794952589809018
1406,19983,1.9179691978628466,0.030394164498093824,1.8875750333647527,1.9214423076923077,0.033867274327554986
1407,17266,1.6605835421715174,0.02651046038382225,1.6340730817876952,1.6601923076923077,0.026119225904612575
1408,18557,1.7965631229703949,0.028319499527772192,1.7682436234426226,1.784326923076923,0.01608329963430033
1409,15348,1.4816206903514013,0.023516669190198004,1.4581040211612033,1.4757692307692307,0.01766520960802742
1410,20585,1.9598425012793188,0.03140281721535711,1.9284396840639617,1.979326923076923,0.05088723901296133
1411,23429,2.245319478334362,0.03563710714488659,2.2096823711894755,2.2527884615384615,0.04310609034898594
1412,22139,2.108193495632623,0.03376664539810998,2.074426850234513,2.12875,0.054323149765487244
1413,18276,1.762601926014607,0.02785694161020471,1.7347449844044023,1.7573076923076922,0.022562707903289958
1414,25233,2.417725734422781,0.03738536796657566,2.3803403664562053,2.42625,0.04590963354379474
1415,22317,2.144303890215761,0.033736292626540196,2.110567597589221,2.1458653846153846,0.03529778702616371
1416,16237,1.5678287636127601,0.024659931949202924,1.5431688316635572,1.56125,0.0180811683364428
1417,15531,1.5006512378832446,0.023946551231595736,1.476704686651649,1.4933653846153847,0.016660697963735815
1418,17891,1.7466766169626176,0.02699909264868747,1.7196775243139302,1.7202884615384615,0.000610937224531316
1419,16367,1.584236266957304,0.02558030659328728,1.5586559603640167,1.57375,0.015094039635983325
1420,22673,2.156324821964401,0.03397059514398589,2.1223542268204154,2.180096153846154,0.05774192702573844
1421,18724,1.79211545238729,0.028466101721471022,1.7636493506658188,1.8003846153846155,0.03673526471879662
1422,18539,1.7689826802990876,0.02818679414048565,1.740795886158602,1.7825961538461539,0.04180026768755196
1423,19765,1.888907027108985,0.030478468900492543,1.8584285582084925,1.9004807692307693,0.04205221102227674
1424,17142,1.6430772316405267,0.026121234102606437,1.6169559975379202,1.6482692307692308,0.03131323323131063
1425,18444,1.788376619530729,0.02796706004093329,1.7604095594897957,1.7734615384615384,0.013051978971742706
1426,18254,1.75207990247818,0.02778073065125574,1.7242991718269243,1.7551923076923077,0.030893135865383448
1427,18838,1.8293864996268934,0.02869056386437229,1.8006959357625212,1.811346153846154,0.010650218083632756
1428,16834,1.6337859515937208,0.025491039914568844,1.6082949116791518,1.6186538461538462,0.010358934474694381
1429,22196,2.1376098216983817,0.03390605452697134,2.1037037671714103,2.1342307692307694,0.0305270020593591
1430,16749,1.5980469921942442,0.02548785259514662,1.5725591395990977,1.6104807692307692,0.03792162963167156
1431,25539,2.4342210578381356,0.03843760816308262,2.395783449675053,2.455673076923077,0.059889627248023825
1432,18605,1.7853628755935376,0.028583533489740603,1.756779342103797,1.7889423076923077,0.03216296558851073
1433,20203,1.9288550053542524,0.030736836424125304,1.898118168930127,1.9425961538461538,0.044477984916026836
1434,18416,1.767519720224014,0.028002837140848582,1.7395168830831655,1.7707692307692309,0.03125234768606533
1435,16904,1.604484533765157,0.025423698976153947,1.579060834789003,1.6253846153846154,0.046323780595612485
1436,15788,1.5072998065186172,0.024274764541218168,1.483025041977399,1.518076923076923,0.035051881099524174
1437,17295,1.6513389499569662,0.02641672895391796,1.6249222210030483,1.6629807692307692,0.03805854822772092
1438,21888,2.1011762732968027,0.03304196188792455,2.068134311408878,2.1046153846153848,0.03648107320650684
1439,22405,2.1242526760497915,0.03376653775664159,2.09048613829315,2.154326923076923,0.06384078478377297
1440,15994,1.5208842493363317,0.024644818901548963,1.4962394304347828,1.5378846153846153,0.04164518494983249
1441,22710,2.202427884017356,0.034661687945117994,2.167766196072238,2.183653846153846,0.015887650081608307
1442,20266,1.948846870174281,0.030453601480676898,1.918393268693604,1.948653846153846,0.030260577460242022
1443,19860,1.925211251339614,0.030640096222032086,1.894571155117582,1.9096153846153847,0.015044229497802819
1444,18523,1.7772841426211206,0.02821166112708505,1.7490724814940355,1.7810576923076924,0.031985210813656906
1445,16670,1.6029578951541694,0.025525142318498395,1.577432752835671,1.6028846153846155,0.02545186254894438
1446,17511,1.6869228253714224,0.026690681517709924,1.6602321438537124,1.68375,0.023517856146287652
1447,16366,1.564643328473753,0.025197019722616554,1.5394463087511365,1.573653846153846,0.03420753740270954
1448,16467,1.5827124993686172,0.025221820817935885,1.5574906785506815,1.5833653846153846,0.0258747060647031
1449,41095,3.9587869711966883,0.0617780965433689,3.8970088746533196,3.9514423076923078,0.05443343303898818
1450,29094,2.809872569861336,0.044143967704502136,2.7657286021568335,2.7975,0.031771397843166405
1451,16019,1.5380314164830513,0.02445792315369759,1.5135734933293536,1.5402884615384616,0.026714968209107903
1452,19074,1.848936515825699,0.02902575046692911,1.8199107653587698,1.8340384615384615,0.014127696179691673
1453,20223,1.9341510205137122,0.030683409235228925,1.9034676112784834,1.9445192307692307,0.041051619490747315
1454,17701,1.7202812843851312,0.02695804841293071,1.6933232359722004,1.7020192307692308,0.008695994797030426
1455,17637,1.7139648493878652,0.02685727943208418,1.687107569955781,1.6958653846153846,0.00875781465960368
1456,18143,1.7529246293909109,0.02763327184149238,1.7252913575494184,1.7445192307692308,0.01922787321981234
1457,24427,2.37941181196409,0.0366842877571528,2.342727524206937,2.34875,0.00602247579306292
1458,18639,1.791478615713522,0.028219063822878875,1.763259551890643,1.7922115384615385,0.02895198657089537
1459,16461,1.5869969457877693,0.024892227905109175,1.5621047178826601,1.5827884615384615,0.02068374365580139
1460,19635,1.908163443772531,0.03008575676167143,1.8780776870108595,1.8879807692307693,0.009903082219909765
1461,24513,2.342419887927494,0.03658245246922963,2.305837435458264,2.3570192307692306,0.05118179531096656
1462,16073,1.5315919438556522,0.024723862920816794,1.5068680809348354,1.5454807692307693,0.038612688295933895
1463,15813,1.5104645683813045,0.024221701123447095,1.4862428672578574,1.5204807692307691,0.034237901972911766
1464,17358,1.6811033630177319,0.0265049952508159,1.654598367766916,1.6690384615384615,0.014440093771545426
1465,21447,2.0771979757452947,0.03194438067780203,2.045253595067493,2.0622115384615385,0.01695794339404566
1466,15882,1.5377590607545033,0.024167267742466563,1.5135917930120368,1.5271153846153847,0.013523591603347818
1467,18351,1.766255285493202,0.027998841139745056,1.738256444353457,1.7645192307692308,0.026262786415773842
1468,17021,1.6439986187596847,0.025875324934237616,1.618123293825447,1.6366346153846154,0.018511321559168348
1469,24142,2.3440471158297798,0.036388768950624664,2.307658346879155,2.3213461538461537,0.013687806966998561
1470,28458,2.7319332761376316,0.042434075139978156,2.6894992009976533,2.7363461538461538,0.04684695284850049
1471,15451,1.4989553589664748,0.02362813761720385,1.475327221349271,1.4856730769230768,0.010345855573805851
1472,17947,1.7149555920298534,0.02762375208917435,1.687331839940679,1.725673076923077,0.03834123698239811
1473,26366,2.5179919749077215,0.03975887633159666,2.478233098576125,2.5351923076923075,0.056959209116182574
1474,17525,1.697921463631975,0.02689491150174937,1.6710265521302257,1.6850961538461537,0.014069601715928082
1475,15422,1.4892739468948994,0.023744176843470986,1.4655297700514285,1.4828846153846154,0.017354845333186875
1476,18635,1.7923704720046514,0.02819012343182864,1.7641803485728227,1.791826923076923,0.027646574504100352
1477,17181,1.6360012649091684,0.026086900824526995,1.6099143640846414,1.6520192307692307,0.04210486668458935
1478,17657,1.70293284231984,0.027012354313838555,1.6759204880060015,1.6977884615384615,0.02186797353246006
1479,20012,1.9146978177061642,0.03072273405527759,1.8839750836508866,1.9242307692307692,0.04025568557988257
1480,19327,1.8602491385710473,0.02918701951531929,1.8310621190557281,1.8583653846153847,0.027303265559656564
1481,19789,1.8930970342332827,0.029938568536518998,1.8631584656967637,1.9027884615384616,0.03962999584169791
1482,18874,1.814093530072703,0.028942205297998194,1.7851513247747048,1.8148076923076923,0.029656367532987504
1483,21831,2.092308863846204,0.033142326968232216,2.0591665368779717,2.0991346153846155,0.039968078506643856
1484,17366,1.6548433971374135,0.02638365142370454,1.6284597457137089,1.6698076923076923,0.04134794659398344
1485,16002,1.5278341022768733,0.024918801326895557,1.5029153009499778,1.5386538461538461,0.03573854520386832
1486,21703,2.076251277784718,0.033138272413494804,2.043113005371223,2.086826923076923,0.04371391770570021
1487,22518,2.1674285046359225,0.03382261780582459,2.133605886830098,2.165192307692308,0.03158642086220986
1488,19537,1.8508485258598781,0.029645366767680526,1.8212031590921975,1.8785576923076923,0.057354533215494774
1489,26120,2.4950991539995515,0.039675016355147766,2.4554241376444037,2.5115384615384615,0.056114323894057794
1490,15134,1.4607599769797304,0.02344328560728689,1.4373166913724436,1.4551923076923077,0.017875616319864118
1491,17511,1.6700528106790218,0.026660473804333895,1.6433923368746879,1.68375,0.04035766312531219
1492,23055,2.226671110876059,0.03507401704753815,2.1915970938285207,2.216826923076923,0.025229829248402336
1493,33217,3.188570327118856,0.05005551417678143,3.1385148129420744,3.193942307692308,0.055427494750233564
1494,18968,1.8458616954567393,0.028531931389279914,1.8173297640674593,1.823846153846154,0.00651638977869462
1495,18264,1.7351647749450683,0.0277497373013193,1.707415037643749,1.7561538461538462,0.048738808510097265
1496,16032,1.5415907623602365,0.024563816588910114,1.5170269457713264,1.5415384615384615,0.024511515767135172
1497,17099,1.6275200066692,0.026117844632764523,1.6014021620364354,1.6441346153846155,0.0427324533481801
1498,26913,2.5796276713385358,0.04094678183997098,2.538680889498565,2.5877884615384614,0.049107572039896574
1499,16014,1.5172817329184158,0.02465714575401872,1.492624587164397,1.5398076923076922,0.047183105143295156
1500,23801,2.274522104314228,0.03623828714742399,2.238283817166804,2.2885576923076925,0.050273875140888435
1501,18212,1.7376130449117215,0.027684927373096677,1.709928117538625,1.751153846153846,0.04122572861522111
1502,23070,2.2302889557299066,0.03541581746870359,2.194873138261203,2.2182692307692307,0.023396092508027877
1503,20368,1.9682067370225933,0.03102067958363653,1.9371860574389568,1.9584615384615385,0.0212754810225817
1504,15800,1.5159462274862237,0.024617553469454424,1.4913286740167693,1.5192307692307692,0.02790209521399989
1505,16912,1.658403075632746,0.025931466919905565,1.6324716087128404,1.626153846153846,-0.0063177625589943
1506,23369,2.263079752861447,0.03525912601382787,2.227820626847619,2.2470192307692307,0.019198603921611657
1507,16730,1.6011260956716884,0.02550092371239799,1.5756251719592904,1.6086538461538462,0.033028674194555796
1508,17030,1.6555141989233682,0.025936303200350404,1.6295778957230178,1.6375,0.007922104276982145
1509,24357,2.341436496605999,0.036486251210723915,2.304950245395275,2.342019230769231,0.037068985373955865
1510,17610,1.675850578701281,0.02697711513646265,1.6488734635648183,1.6932692307692307,0.044395767204412406
1511,18342,1.7855947273401735,0.027884442650915737,1.7577102846892578,1.7636538461538462,0.005943561464588409
1512,19986,1.9344103230917662,0.03063458153057713,1.9037757415611891,1.9217307692307692,0.017955027669580126
1513,16917,1.6425187962469259,0.02571599156625855,1.6168028046806673,1.6266346153846154,0.009831810703948118
1514,17276,1.6838523483691075,0.02623903680125434,1.657613311567853,1.6611538461538462,0.003540534585993127
1515,21487,2.0480154889350413,0.0323589680796318,2.0156565208554094,2.0660576923076923,0.050401171452282956
1516,17559,1.6750650234949482,0.026959048939620384,1.648105974555328,1.6883653846153845,0.04025941006005662
1517,18285,1.7674823461202314,0.02793858741828723,1.7395437587019442,1.758173076923077,0.018629318221132785
1518,26341,2.539664606660226,0.0400945128375656,2.4995700938226606,2.5327884615384617,0.03321836771580111
1519,16742,1.600293534470945,0.025589670526767763,1.5747038639441773,1.6098076923076923,0.035103828363515
1520,16750,1.5962320023790835,0.025564912744363354,1.5706670896347201,1.6105769230769231,0.039909833442203
1521,23560,2.2722093100465197,0.03553591687300167,2.236673393173518,2.2653846153846153,0.028711222211097454
1522,19520,1.8805159495701587,0.029728319928521218,1.8507876296416375,1.876923076923077,0.02613544728143946
1523,15719,1.515840511194526,0.02400913814865093,1.491831373045875,1.5114423076923076,0.0196109346464326
1524,43558,4.2141031128707285,0.06469112645904629,4.149411986411682,4.18826923076923,0.03885724435754856
1525,20084,1.932382315478297,0.030566399399090814,1.9018159160792063,1.9311538461538462,0.029337930074639917
1526,16992,1.6459939445206053,0.02599694107015136,1.619997003450454,1.633846153846154,0.013849150395699894
1527,21193,2.069624068369225,0.03257789400643074,2.0370461743627946,2.0377884615384616,0.0007422871756670446
1528,16960,1.6238772275192441,0.02569135055034712,1.598185876968897,1.6307692307692307,0.032583353800333725
1529,18189,1.7563593300934661,0.027615326239979598,1.7287440038534865,1.7489423076923076,0.020198303838821152
1530,16539,1.606842961495109,0.025120340292872315,1.5817226212022366,1.5902884615384616,0.008565840336224984
1531,42584,4.083047748611887,0.06408872808895855,4.018959020522928,4.094615384615385,0.07565636409245702
1532,17790,1.7040442713678046,0.027118607346011358,1.676925664021793,1.710576923076923,0.03365125905512989
1533,23687,2.2688553656173247,0.03598198113050977,2.232873384486815,2.277596153846154,0.044722769359339054
1534,18524,1.786393781637167,0.02814527272015703,1.7582485089170101,1.781153846153846,0.022905337236835965
1535,19579,1.8803238804774582,0.029544941087334613,1.8507789393901237,1.8825961538461538,0.03181721445603003
1536,17001,1.6305710356397056,0.025784140473425688,1.60478689516628,1.6347115384615385,0.029924643295258457
1537,20572,1.9642564686687567,0.03082403417803315,1.9334324344907234,1.978076923076923,0.04464448858619963
1538,16589,1.6188348423863446,0.025367543383994915,1.5934672990023497,1.5950961538461539,0.0016288548438041506
1539,26659,2.576697257896739,0.04022015099074654,2.536477106905992,2.5633653846153845,0.026888277709392394
1540,19688,1.8713677814928484,0.030121737755706476,1.841246043737142,1.893076923076923,0.05183087933978103
1541,16179,1.5518727211086227,0.02447689289004589,1.527395828218577,1.5556730769230769,0.02827724870449999
1542,19011,1.8276346233493972,0.029012592741802387,1.7986220306075948,1.8279807692307692,0.029358738623174396
1543,18426,1.7824937532065683,0.0280674019704121,1.7544263512361562,1.7717307692307693,0.01730441799461313
1544,16944,1.64216512223499,0.025696867549982398,1.6164682546850075,1.6292307692307693,0.012762514545761716
1545,16533,1.5870368216054451,0.025178424398557508,1.5618583972068876,1.5897115384615386,0.027853141254650993
1546,17923,1.730318606107408,0.027389038531656005,1.702929567575752,1.7233653846153847,0.020435817039632598
1547,15519,1.5150544334544265,0.02369652277995224,1.4913579106744743,1.4922115384615384,0.000853627787064104
1548,15785,1.5238479628565345,0.024161177257449828,1.4996867855990845,1.5177884615384616,0.01810167593937706
1549,21468,2.0993935826279335,0.03241570732459944,2.066977875303334,2.064230769230769,-0.0027471060725647867
1550,16300,1.543338457310175,0.02468182691166133,1.5186566303985136,1.5673076923076923,0.04865106190917867
1551,15702,1.4922226738134852,0.024132408409955675,1.4680902654035295,1.5098076923076924,0.04171742690416291
1552,18561,1.783111654963868,0.028156952147998748,1.7549547028158692,1.7847115384615384,0.029756835645669222
1553,22990,2.2027217927512446,0.03512245877696926,2.1675993339742754,2.210576923076923,0.042977589102647595
1554,19143,1.8670902683255544,0.02947177190672645,1.8376184964188278,1.840673076923077,0.003054580504249227
1555,14774,1.4066762856265547,0.02275709942602072,1.383919186200534,1.4205769230769232,0.03665773687638918
1556,22240,2.1355781673410514,0.033846736362853826,2.1017314309781976,2.1384615384615384,0.036730107483340824
1557,20155,1.9229825812281263,0.030734534477053238,1.892248046751073,1.9379807692307693,0.0457327224796964
1558,20299,1.9538385194124437,0.030392488237878483,1.9234460311745651,1.9518269230769232,0.02838089190235804
1559,17052,1.612853970340176,0.026026040205484855,1.5868279301346913,1.6396153846153847,0.05278745448069344
1560,16650,1.593270660505828,0.02548372085506584,1.5677869396507622,1.6009615384615385,0.033174598810776335
1561,19644,1.8992524568361568,0.029460061173891394,1.8697923956622655,1.8888461538461538,0.019053758183888325
1562,19673,1.9109172671661334,0.0294068981036264,1.881510369062507,1.8916346153846153,0.010124246322108288
1563,38492,3.674945479009571,0.058016917366479105,3.6169285616430917,3.7011538461538462,0.0842252845107545
1564,22149,2.122283177511712,0.03351846611654558,2.088764711395166,2.1297115384615384,0.040946827066372204
1565,21564,2.06409724550353,0.032547017202620036,2.03155022830091,2.0734615384615385,0.041911310160628545
1566,16945,1.6409332793151832,0.02593343831125771,1.6149998410039255,1.6293269230769232,0.01432708207299771
1567,23538,2.2641338550355443,0.03562390077879023,2.228509954256754,2.2632692307692306,0.03475927651247668
1568,17180,1.6460342945627773,0.026163230948365288,1.619871063614412,1.6519230769230768,0.032052013308664806
1569,22268,2.163942822679681,0.033485218315629575,2.130457604364051,2.141153846153846,0.010696241789795113
1570,16181,1.5429813259531835,0.02505088485835597,1.5179304410948276,1.5558653846153847,0.03793494352055715
1571,22096,2.1255652129784095,0.03317155245263055,2.092393660525779,2.124615384615385,0.032221724089605885
1572,22003,2.1141430332352282,0.03358621766310812,2.08055681557212,2.115673076923077,0.0351162613509568
1573,46432,4.448801101314985,0.0695909748667636,4.379210126448221,4.464615384615384,0.08540525816716293
1574,22283,2.166204192318211,0.03363954014412026,2.132564652174091,2.1425961538461538,0.010031501672062682
1575,16772,1.583219142626631,0.025627888221344396,1.5575912544052868,1.6126923076923076,0.05510105328702086
1576,18249,1.7564450268295309,0.027915390140048194,1.7285296366894827,1.7547115384615384,0.026181901772055705
1577,14592,1.4019946677703279,0.022673210149915017,1.379321457620413,1.403076923076923,0.023755465456510194
1578,21148,2.0312543613829996,0.03212370922339664,1.999130652159603,2.0334615384615384,0.03433088630193537
1579,16348,1.5499962955113644,0.024988291565547605,1.5250080039458167,1.571923076923077,0.046915072977260275
1580,43370,4.1668251650711765,0.06518537234613452,4.101639792725042,4.170192307692307,0.06855251496726567
1581,16303,1.5596708135702615,0.024911636229140322,1.534759177341121,1.5675961538461538,0.0328369765050327
1582,18296,1.7864088536661573,0.02803171511229566,1.7583771385538616,1.7592307692307692,0.0008536306769075797
1583,17925,1.6896860865357812,0.02705936587296872,1.6626267206628125,1.7235576923076923,0.06093097164487982
1584,15878,1.5367142778732465,0.024457578655011684,1.512256699218235,1.5267307692307692,0.014474070012534312
1585,19690,1.8988237783161581,0.02979665763250575,1.8690271206836524,1.8932692307692307,0.024242110085578306
1586,16906,1.6023540772868723,0.025640377493544815,1.5767136997933275,1.625576923076923,0.04886322328359549
1587,19887,1.913111215636334,0.030195215039945857,1.882916000596388,1.9122115384615384,0.029295537865150267
1588,27167,2.613514245891039,0.041592955628964735,2.571921290262074,2.6122115384615383,0.04029024819946425
1589,16880,1.629469698033433,0.025748093858261382,1.6037216041751714,1.623076923076923,0.019355318901751684
1590,15887,1.5293779821957492,0.024508838636526017,1.5048691435592232,1.5275961538461538,0.022727010286930582
1591,15233,1.4755972453146566,0.023581384748349553,1.4520158605663072,1.4647115384615386,0.012695677895231405
1592,18554,1.768283144320444,0.028197018358549236,1.740086125961895,1.7840384615384615,0.043952335576566526
1593,16036,1.5497028297654836,0.02471020494131521,1.5249926248241683,1.541923076923077,0.016930452098908644
1594,18041,1.732603451012857,0.02736701417584751,1.7052364368370094,1.7347115384615384,0.029475101624528932
1595,18842,1.8223794025738067,0.028577325114570864,1.7938020774592358,1.8117307692307691,0.017928691771533334
1596,30134,2.9099542442474386,0.045508854550308106,2.8644453896971305,2.8975,0.03305461030286949
1597,20735,2.0207351493388312,0.03147270785818517,1.9892624414806461,1.99375,0.004487558519353785
1598,17556,1.6914022016625576,0.026697057048330468,1.6647051446142271,1.688076923076923,0.02337177846269589
1599,19052,1.8162520009494438,0.029036845978093178,1.7872151549713506,1.831923076923077,0.04470792195172635
1600,17256,1.6446431976709148,0.026403210391452107,1.6182399872794626,1.6592307692307693,0.040990781951306676
1601,20231,1.938309411550505,0.030659978711846555,1.9076494328386586,1.9452884615384616,0.03763902869980296
1602,17443,1.69021308086759,0.02678455006810097,1.663428530799489,1.6772115384615385,0.01378300766204954
1603,27937,2.678943785646817,0.04209578186144286,2.636848003785374,2.68625,0.04940199621462593
1604,15717,1.5064490457274813,0.023927497921082123,1.482521547806399,1.51125,0.028728452193600873
1605,16560,1.6032013263211284,0.02532544764925248,1.577875878671876,1.5923076923076922,0.014431813635816138
1606,21018,2.0111160752314965,0.0321433064439699,1.9789727687875267,2.0209615384615383,0.04198876967401155
1607,17525,1.70348626093511,0.026634859449009087,1.676851401486101,1.6850961538461537,0.008244752360052843
1608,17452,1.7059951805597955,0.026398203133506982,1.6795969774262884,1.678076923076923,-0.0015200543493654184
1609,19207,1.8840333776265412,0.029303630463671352,1.8547297471628699,1.846826923076923,-0.007902824085946891
1610,16516,1.5724227997879878,0.025216241316105507,1.5472065584718824,1.5880769230769232,0.04087036460504079
1611,20237,1.9491571215132903,0.031209724308687608,1.9179473972046028,1.9458653846153846,0.027917987410781775
1612,17189,1.6280872386574667,0.02606396318526844,1.6020232754721984,1.6527884615384616,0.050765186066263235
1613,29741,2.843556859557569,0.04461864395301072,2.7989382156045584,2.8597115384615384,0.060773322856980005
1614,18962,1.8186207914540147,0.028982029465458824,1.7896387619885559,1.8232692307692309,0.033630468780674994
1615,19024,1.8307136766213794,0.028996275346607196,1.8017174012747723,1.8292307692307692,0.027513367955996904
1616,15652,1.5145538019268978,0.024293984000854953,1.490259817926043,1.505,0.014740182073956998
1617,19432,1.8665153065204148,0.029588818451779488,1.8369264880686353,1.8684615384615384,0.03153505039290305
1618,15808,1.5128886542823463,0.02411219180980764,1.4887764624725386,1.52,0.03122353752746143
1619,21532,2.0733423251151937,0.03270782481326304,2.040634500301931,2.0703846153846155,0.02975011508268466
1620,15693,1.5130404162420352,0.02412572224639424,1.488914693995641,1.5089423076923076,0.020027613696666613
1621,15896,1.4996659370078134,0.024461541569911042,1.4752043954379024,1.5284615384615385,0.053257143023636155
1622,20476,1.967073523768478,0.031179443284752088,1.935894080483726,1.968846153846154,0.032952073362428
1623,20981,2.0159501929584804,0.03139620251487641,1.984553990443604,2.017403846153846,0.032849855710241904
1624,16214,1.5809602319591134,0.02500835987539541,1.555951872083718,1.5590384615384616,0.0030865894547436046
1625,16191,1.56171310169892,0.024633810594055422,1.5370792911048647,1.5568269230769232,0.01974763197205842
1626,18987,1.8013995859324878,0.029040909360831802,1.7723586765716561,1.825673076923077,0.053314400351420765
1627,26352,2.5177068891430316,0.039368500805149594,2.4783383883378822,2.5338461538461536,0.05550776550827141
1628,16431,1.5740947312855578,0.025095315426376254,1.5489994158591815,1.5799038461538462,0.03090443029466461
1629,18410,1.7748785889971042,0.027796837547812904,1.7470817514492913,1.7701923076923076,0.023110556243016278
1630,18185,1.729130099661021,0.02735229511886881,1.7017778045421523,1.7485576923076922,0.046779887765539874
1631,18908,1.8299735566429607,0.02873376507473028,1.8012397915682303,1.8180769230769231,0.016837131508692815
1632,18366,1.7757097389382066,0.027983429341351854,1.7477263095968547,1.7659615384615384,0.01823522886468365
1633,18264,1.7501387968769573,0.02823747452119031,1.7219013223557669,1.7561538461538462,0.034252523798079304
1634,17410,1.6765712190083761,0.026903315818897634,1.6496679031894785,1.6740384615384616,0.02437055834898305
1635,15612,1.5088045343943142,0.023866248977465723,1.4849382854168485,1.501153846153846,0.016215560736997592
1636,16520,1.5683548286583264,0.02509255443728051,1.543262274221046,1.5884615384615384,0.045199264240492365
1637,39621,3.838489801612518,0.059611330299403326,3.778878471313115,3.8097115384615385,0.0308330671484236
1638,20873,2.0224628710211574,0.031069742545431756,1.9913931284757256,2.007019230769231,0.01562610229350536
1639,15313,1.4709956165849731,0.023151880986944307,1.447843735598029,1.4724038461538462,0.024560110555817305
1640,19918,1.925802191380497,0.03020570895464138,1.8955964824258555,1.9151923076923076,0.019595825266452094
1641,18141,1.7480202149106805,0.027616445662599114,1.7204037692480814,1.7443269230769232,0.023923153828841803
1642,14949,1.4468600483441374,0.023146789287871783,1.4237132590562656,1.437403846153846,0.013690587097580531
1643,34136,3.257263958349476,0.05117580480155838,3.2060881535479173,3.2823076923076924,0.07621953875977505
1644,18862,1.7909243561128634,0.029031249449373225,1.7618931066634902,1.813653846153846,0.05176073949035587
1645,18260,1.732579973637969,0.02768049216177237,1.7048994814761966,1.7557692307692307,0.05086974929303412
1646,15933,1.5382869286446768,0.02445456344831992,1.5138323651963568,1.5320192307692309,0.018186865572874078
1647,16224,1.548025656166421,0.024774463564943564,1.5232511926014773,1.56,0.03674880739852271
1648,19329,1.8649394091922293,0.02928870147955871,1.8356507077126707,1.8585576923076923,0.022906984595021607
1649,19198,1.8538057274009758,0.02897629739903611,1.8248294300019396,1.8459615384615384,0.021132108459598786
1650,17353,1.692427945767049,0.02657718707696753,1.6658507586900815,1.6685576923076924,0.002706933617610874
1651,25968,2.4963558178530865,0.03900806207648195,2.4573477557766044,2.496923076923077,0.039575321146472664
1652,27815,2.6988505000576826,0.04170265743581316,2.6571478426218693,2.674519230769231,0.01737138814736161
1653,16876,1.6042686133858222,0.0252310253900377,1.5790375879957845,1.6226923076923077,0.043654719696523125
1654,17594,1.671765190285711,0.02651816685911318,1.6452470234265977,1.6917307692307693,0.04648374580417158
1655,21165,2.0306340444504527,0.03200340451478134,1.9986306399356715,2.035096153846154,0.03646551391048236
1656,16741,1.6063460475048492,0.025612049599108237,1.5807339979057409,1.6097115384615384,0.028977540555797487
1657,17887,1.7126727931954282,0.027379217715033686,1.6852935754803946,1.719903846153846,0.03461027067345146
1658,19952,1.9249561954661871,0.030417327863296883,1.8945388676028903,1.9184615384615384,0.023922670858648187
1659,17664,1.6783400656994107,0.026870909177986037,1.6514691565214248,1.6984615384615385,0.04699238194011368
1660,26853,2.575866326912985,0.040496686667890434,2.5353696402450945,2.5820192307692307,0.0466495905241362
1661,17310,1.671068992772343,0.02627928567496139,1.6447897070973816,1.664423076923077,0.019633369825695413
1662,20804,2.004476981248817,0.03137960201601923,1.9730973792327975,2.000384615384615,0.027287236151817718
1663,17104,1.6447612643691198,0.0259559457308766,1.6188053186382432,1.6446153846153846,0.025810065977141416
1664,15281,1.4651269906691102,0.023512931593092177,1.441614059076018,1.469326923076923,0.027712864000905002
1665,16863,1.6068712220278003,0.02580860098178891,1.5810626210460115,1.6214423076923077,0.04037968664629621
1666,16719,1.621075289929358,0.025451089225875717,1.5956242007034822,1.6075961538461538,0.011971953142671632
1667,18040,1.7203482913968486,0.02771863321388717,1.6926296581829614,1.7346153846153847,0.041985726432423265
1668,19022,1.8290517168024327,0.028788233371581852,1.8002634834308509,1.8290384615384616,0.02877497810761076
1669,18558,1.7815316360029774,0.028054213156855443,1.7534774228461218,1.784423076923077,0.030945654076955043
1670,17455,1.6751175782198489,0.026689850327035032,1.6484277278928139,1.6783653846153845,0.02993765672257065
1671,16098,1.5622077853973055,0.02453290126718039,1.537674884130125,1.5478846153846153,0.010209731254490206
1672,16780,1.6410161455520773,0.025450245594450305,1.615565899957627,1.6134615384615385,-0.0021043614960885026
1673,18719,1.805574594170549,0.028194502347825025,1.777380091822724,1.7999038461538461,0.02252375433112208
1674,20354,1.951346007351106,0.031122279490210118,1.9202237278608958,1.9571153846153846,0.0368916567544888
1675,15237,1.4588018664148106,0.023584394748581206,1.4352174716662294,1.4650961538461538,0.0298786821799244
1676,17729,1.7116895716773903,0.02699285502793273,1.6846967166494575,1.7047115384615386,0.02001482181208103
1677,23088,2.2269821905917646,0.035190713866388355,2.1917914767253763,2.22,0.028208523274623865
1678,20489,1.9841748549515343,0.03115321444263518,1.9530216405088991,1.9700961538461539,0.017074513337254738
1679,17452,1.6877932682185315,0.02659478063884757,1.661198487579684,1.678076923076923,0.016878435497239108
1680,16369,1.566828269825931,0.025151608818452565,1.5416766610074786,1.5739423076923076,0.03226564668482901
1681,20893,2.004090942585879,0.03173852845496532,1.9723524141309134,2.008942307692308,0.036589893561394415
1682,17848,1.7049745675769383,0.027191517088969826,1.6777830504879685,1.7161538461538461,0.038370795665877644
1683,20739,1.992602973939709,0.03159039735639023,1.9610125765833188,1.9941346153846153,0.033122038801296494
1684,19812,1.8828508102894725,0.02992155808945195,1.8529292522000207,1.905,0.05207074779997933
1685,17764,1.6946521319248076,0.02737099224219084,1.6672811396826168,1.708076923076923,0.04079578339430623
1686,19523,1.8618640775218824,0.029373741271633152,1.8324903362502494,1.8772115384615384,0.04472120221128906
1687,20790,2.01737582999549,0.03171715729872921,1.9856586726967609,1.9990384615384615,0.013379788841700657
1688,19618,1.8795753390894478,0.029907593820577838,1.84966774526887,1.886346153846154,0.036678408577283994
1689,18748,1.7892304235194978,0.02846454327599281,1.7607658802435049,1.8026923076923076,0.041926427448802706
1690,20671,2.0043639336812187,0.03131187577649027,1.9730520579047284,1.987596153846154,0.014544095941425583
1691,28022,2.6838981925453633,0.04249060893674145,2.641407583608622,2.694423076923077,0.053015493314454876
1692,16298,1.5557729969780436,0.025053392513824303,1.5307196044642193,1.5671153846153847,0.0363957801511654
1693,26445,2.5204449092249654,0.03985402840940487,2.480590880815561,2.5427884615384615,0.062197580722900714
1694,17982,1.7508197879340268,0.027544691220347573,1.7232750967136792,1.7290384615384615,0.005763364824782347
1695,24112,2.330241116673038,0.03621928673463552,2.2940218299384023,2.3184615384615386,0.02443970852313626
1696,18786,1.8268992393624477,0.028645668783213965,1.7982535705792337,1.8063461538461538,0.008092583266920084
1697,19282,1.8684733031759218,0.029195455464513465,1.8392778477114082,1.8540384615384615,0.014760613827053293
1698,33926,3.29102935712961,0.05139020695524951,3.2396391501743604,3.2621153846153845,0.02247623444102409
1699,18000,1.7227826477599257,0.027724559350079683,1.695058088409846,1.7307692307692308,0.03571114235938477
1700,20500,1.9361922537821465,0.03124681587691147,1.904945437905235,1.9711538461538463,0.06620840824861118
1701,21344,2.0377704869948516,0.03233488985365501,2.005435597141197,2.0523076923076924,0.0468720951664956
1702,18110,1.759673394143961,0.02784846692566646,1.7318249272182946,1.7413461538461539,0.009521226627859258
1703,16320,1.569718213030704,0.024908066366312553,1.5448101466643913,1.5692307692307692,0.024420622566377892
1704,43868,4.203196343842343,0.06567813296044417,4.137518210881899,4.218076923076923,0.08055871219502464
1705,16707,1.5946512395726014,0.025579574615491454,1.56907166495711,1.6064423076923078,0.037370642735197857
1706,21871,2.105037729947916,0.03307673293622953,2.071960997011687,2.1029807692307694,0.031019772219082586
1707,17802,1.7100557137745225,0.026731756761188667,1.6833239570133338,1.7117307692307693,0.028406812217435462
1708,17140,1.6427620883556266,0.026276650690544065,1.6164854376650826,1.648076923076923,0.031591485411840425
1709,16046,1.5429979325876433,0.02464037377351533,1.518357558814128,1.5428846153846154,0.02452705657048737
1710,17477,1.6702906976442193,0.02696554868540321,1.643325148958816,1.6804807692307693,0.03715562027195318
1711,18969,1.8264659174975548,0.02905872385246535,1.7974071936450895,1.8239423076923076,0.02653511404721809
1712,19277,1.8625962314813058,0.02925111477576366,1.8333451167055421,1.8535576923076924,0.020212575602150284
1713,21912,2.1044098172572623,0.03286204206533465,2.071547775191928,2.106923076923077,0.03537530173114911
1714,18456,1.7633425207412006,0.028280761182793393,1.7350617595584072,1.7746153846153847,0.03955362505697746
1715,17228,1.6428171803266158,0.026091783599964325,1.6167253967266515,1.6565384615384615,0.03981306481181002
1716,18346,1.7571617767478667,0.027925187949130702,1.729236588798736,1.7640384615384614,0.03480187273972546
1717,16991,1.655465212301293,0.02568743611741464,1.6297777761838783,1.63375,0.003972223816121723
1718,17373,1.6561469344551387,0.026478827823010385,1.6296681066321284,1.6704807692307693,0.040812662598640914
1719,16808,1.6257387409533472,0.025684559913411894,1.6000541810399354,1.616153846153846,0.0160996651139107
1720,20311,1.937354244248704,0.030671087504231566,1.9066831567444724,1.9529807692307692,0.046297612486296824
1721,16878,1.6455795634405408,0.025797243849197335,1.6197823195913434,1.6228846153846155,0.0031022957932720363
1722,21843,2.0891401134848477,0.032790850720401395,2.056349262764446,2.1002884615384616,0.04393919877401542
1723,15259,1.4723602206847752,0.023364868724807145,1.448995351959968,1.4672115384615385,0.01821618650157042
1724,42192,4.0395449418979545,0.06330296732719361,3.976241974570761,4.056923076923077,0.08068110235231618
1725,20392,1.9598107136186034,0.031195491088931066,1.9286152225296722,1.9607692307692308,0.03215400823955861
1726,19742,1.8697030138840756,0.03001984913160686,1.8396831647524687,1.8982692307692308,0.058586066016762084
1727,16410,1.5814481661240163,0.0251413133110456,1.5563068528129707,1.5778846153846153,0.021577762571644676
1728,16247,1.5713024384617535,0.024543059531490437,1.5467593789302632,1.5622115384615385,0.015452159531275322
1729,18595,1.7839855669025126,0.02834487462608143,1.7556406922764312,1.7879807692307692,0.03234007695433805
1730,15614,1.4947457940230642,0.023746868132790217,1.470998925890274,1.5013461538461539,0.030347227955879852
1731,28002,2.6983248958598236,0.0420012031794871,2.6563236926803366,2.6925,0.03617630731966326
1732,18898,1.8310160641479862,0.02897927472447168,1.8020367894235145,1.8171153846153847,0.015078595191870159
1733,17575,1.7046241137213274,0.026668027926865564,1.6779560857944618,1.6899038461538463,0.011947760359384496
1734,16088,1.530261116998629,0.024567637055508944,1.50569347994312,1.5469230769230768,0.04122959697995676
1735,17710,1.7213473862030766,0.026718898182172345,1.6946284880209042,1.7028846153846153,0.008256127363711174
1736,16153,1.5795514898522993,0.024664638639910058,1.5548868512123892,1.553173076923077,-0.0017137742893122976
1737,15861,1.5233151454913754,0.02431415077115539,1.49900099472022,1.5250961538461538,0.026095159125933742
1738,18592,1.7761244785596189,0.027952982521394595,1.7481714960382242,1.7876923076923077,0.0395208116540835
1739,19618,1.9049979288714631,0.029699474440745624,1.8752984544307174,1.886346153846154,0.011047699415436485
1740,15319,1.4857045016181567,0.023389047991281522,1.4623154536268752,1.4729807692307693,0.010665315603894054
1741,27802,2.653414840055341,0.04180465198936473,2.6116101880659763,2.6732692307692307,0.061659042703254396
1742,16139,1.5393828924963198,0.024682614805509703,1.51470027769081,1.551826923076923,0.03712664538611299
1743,16620,1.6046250152204373,0.025346211813879187,1.5792788034065581,1.5980769230769232,0.018798119670365043
1744,16461,1.5771970444028947,0.02548593417143429,1.5517111102314605,1.5827884615384615,0.031077351307001067
1745,15369,1.4675834239010652,0.023538512050130772,1.4440449118509344,1.4777884615384616,0.03374354968752713
1746,29940,2.873337463983176,0.04554188678264934,2.827795577200527,2.878846153846154,0.051050576645626844
1747,16445,1.5819156674541142,0.025216462529237708,1.5566992049248765,1.58125,0.024550795075123588
1748,16504,1.5969111806970209,0.025443343288990866,1.57146783740803,1.5869230769230769,0.015455239515046904
1749,15931,1.5334182191143129,0.024272875483440634,1.5091453436308722,1.531826923076923,0.02268157944605087
1750,16604,1.5811456766116616,0.025050268927841693,1.5560954076838198,1.5965384615384615,0.04044305385464164
1751,29481,2.8319142965428843,0.044956379627333606,2.7869579169155507,2.8347115384615384,0.04775362154598772
1752,18871,1.809934441248874,0.028571600081812067,1.781362841167062,1.8145192307692308,0.033156389602168934
1753,25057,2.4025953099934285,0.037656059660239466,2.364939250333189,2.409326923076923,0.04438767274373401
1754,16547,1.593881328832998,0.02558169913622264,1.5682996296967755,1.5910576923076922,0.02275806261091673
1755,28357,2.7287776490671356,0.042862735934277314,2.685914913132858,2.7266346153846155,0.04071970225175736
1756,17040,1.6447979913429918,0.025707593878956173,1.6190903974640356,1.6384615384615384,0.01937114099750281
1757,21185,2.072617711434621,0.03176598977193768,2.0408517216626834,2.0370192307692307,-0.0038324908934526114
1758,17285,1.660881330358992,0.02616119513524993,1.6347201352237422,1.6620192307692307,0.027299095545488594
1759,16870,1.6232292943204605,0.025673776725951836,1.5975555175945086,1.6221153846153846,0.02455986702087598
1760,17546,1.6914624964925236,0.026648605070676075,1.6648138914218475,1.6871153846153846,0.022301493193537025
1761,36354,3.4838950637720916,0.054280619787537815,3.429614443984554,3.495576923076923,0.06596247909236919
1762,16109,1.5500887036398086,0.02476309755923751,1.525325606080571,1.5489423076923077,0.023616701611736568
1763,15899,1.530937266226856,0.024251702329747674,1.5066855638971084,1.52875,0.02206443610289166
1764,17126,1.6326761885530676,0.02606296744515703,1.6066132211079105,1.6467307692307693,0.04011754812285884
1765,21513,2.0786221497520647,0.03269074626550736,2.0459314034865574,2.0685576923076923,0.02262628882113482
1766,17448,1.6712096744360916,0.026725508121471113,1.6444841663146206,1.6776923076923076,0.03320814137768702
1767,20062,1.9378006531249898,0.030785865930903735,1.9070147871940861,1.9290384615384615,0.022023674344375355
1768,18092,1.7335170329527811,0.027459603514201784,1.7060574294385793,1.7396153846153846,0.033557955176805265
1769,32208,3.0825703035024734,0.04861705248474907,3.0339532510177243,3.096923076923077,0.06296982590535283
1770,17224,1.6644370770541432,0.026250942266200034,1.6381861347879432,1.656153846153846,0.017967711365902916
1771,15928,1.5441457676695896,0.024583683836403365,1.5195620838331863,1.5315384615384615,0.011976377705275265
1772,17050,1.6384358686282823,0.02578064234194557,1.6126552262863367,1.6394230769230769,0.026767850636740143
1773,17232,1.6540042244925606,0.026668561017953955,1.6273356634746066,1.656923076923077,0.02958741344847038
1774,18040,1.7171053769070113,0.02748229960374972,1.6896230773032614,1.7346153846153847,0.044992307312123225
1775,16481,1.5880096556352368,0.024905536447473398,1.5631041191877633,1.5847115384615384,0.021607419273775186
1776,22211,2.164573456466878,0.03334505656282425,2.1312283999040535,2.135673076923077,0.004444677019023402
1777,20061,1.9547589494941477,0.03039027398424,1.9243686755099076,1.9289423076923078,0.004573632182400145
1778,18674,1.8116002874354444,0.028210374834622964,1.7833899126008215,1.7955769230769232,0.012187010476101712
1779,23444,2.2399672738450205,0.035023067904418045,2.2049442059406026,2.254230769230769,0.04928656329016645
1780,24553,2.34104913013751,0.037502659292389086,2.303546470845121,2.3608653846153844,0.057318913770263435
1781,17494,1.6883778583963347,0.026776324116947494,1.6616015342793873,1.6821153846153847,0.020513850335997397
1782,16558,1.603068435511456,0.024870169722231775,1.5781982657892242,1.5921153846153846,0.013917118826160424
1783,19130,1.8270064008521707,0.029082476119611653,1.7979239247325591,1.8394230769230768,0.041499152190517696
1784,16754,1.6199458969895282,0.025626262479984393,1.5943196345095438,1.6109615384615386,0.01664190395199472
1785,17372,1.6859432384213056,0.02659758423108573,1.6593456541902198,1.6703846153846154,0.011038961194395513
1786,18594,1.7853234301699217,0.028123514990749842,1.7571999151791717,1.7878846153846153,0.03068470020544356
1787,21638,2.0851347128736126,0.032902714127245054,2.0522319987463677,2.080576923076923,0.028344924330555354
1788,17603,1.7081960816813708,0.026616159784825604,1.6815799218965453,1.6925961538461538,0.011016231949608546
1789,17302,1.6500973792508702,0.026599154133732112,1.6234982251171381,1.6636538461538461,0.040155621036708
1790,18335,1.7747003511141357,0.027835218282184052,1.7468651328319516,1.7629807692307693,0.016115636398817745
1791,21761,2.0868569889658355,0.033175165919348513,2.053681823046487,2.092403846153846,0.03872202310735906
1792,16082,1.56120235163144,0.02475701429706493,1.536445337334375,1.5463461538461538,0.009900816511778876
1793,18967,1.8253300986679324,0.028959356795501105,1.7963707418724313,1.82375,0.027379258127568695
1794,17675,1.7096831626557802,0.026728574229636395,1.6829545884261439,1.6995192307692308,0.016564642343086966
1795,17996,1.7317761096209547,0.027390156934690126,1.7043859526862646,1.7303846153846154,0.025998662698350827
1796,22579,2.1827370400024875,0.033881304987957314,2.1488557350145303,2.1710576923076923,0.02220195729316199
1797,16770,1.6216324531487598,0.026010101044971017,1.5956223521037889,1.6125,0.016877647896211156
1798,17799,1.7216271105606897,0.0273473940373077,1.694279716523382,1.7114423076923078,0.01716259116892571
1799,18461,1.7708797850566638,0.02764132315808492,1.7432384618985788,1.7750961538461538,0.03185769194757504
1800,28328,2.7390198926604903,0.0427717378767648,2.6962481547837256,2.723846153846154,0.027597999062428435
1801,19053,1.826618574795797,0.028665126786682288,1.7979534480091148,1.8320192307692307,0.03406578276011585
1802,17066,1.6393630746643086,0.025741978928694852,1.6136210957356139,1.6409615384615384,0.027340442725924508
1803,16759,1.6148091837741725,0.02600432942790109,1.5888048543462714,1.6114423076923077,0.022637453346036285
1804,29390,2.8273520094559843,0.0445894377283022,2.782762571727682,2.8259615384615384,0.04319896673385637
1805,16583,1.6137927757602857,0.025309581647924143,1.5884831941123616,1.5945192307692309,0.006036036656869248
1806,27993,2.6858553723925143,0.042306580881494874,2.6435487915110194,2.6916346153846153,0.048085823873595945
1807,16883,1.6335123148987438,0.02596220517412122,1.6075501097246225,1.6233653846153846,0.015815274890762065
1808,16426,1.5695142854696054,0.02522212162479305,1.5442921638448124,1.5794230769230768,0.035130913078264436
1809,19698,1.8814123364531143,0.030416452827206827,1.8509958836259075,1.8940384615384616,0.04304257791255406
1810,32707,3.149059560873417,0.049732450480276705,3.09932711039314,3.1449038461538463,0.0455767357607062
1811,15284,1.470786990262625,0.023328924288670533,1.4474580659739544,1.4696153846153845,0.022157318641430113
1812,17831,1.7247124728251713,0.027192860716113484,1.6975196121090579,1.7145192307692307,0.016999618660172855
1813,21640,2.074017689875854,0.032260896482194025,2.04175679339366,2.080769230769231,0.03901243737557092
1814,22165,2.130864965077794,0.0331012001007856,2.0977637649770084,2.13125,0.03348623502299164
1815,22176,2.1616678979502275,0.033502999960886695,2.1281648979893406,2.1323076923076925,0.00414279431835185
1816,32850,3.136230536580381,0.049448367988305646,3.0867821685920753,3.1586538461538463,0.07187167756177093
1817,17359,1.6720612857851156,0.026709522853774457,1.6453517629313412,1.6691346153846154,0.02378285245327416
1818,16534,1.5879021815564476,0.025200831669927697,1.5627013498865199,1.5898076923076923,0.02710634242117238
1819,34254,3.302349839022722,0.05218342556018725,3.2501664134625345,3.293653846153846,0.0434874326913115
1820,18658,1.7933516192623804,0.028217076447973242,1.7651345428144072,1.7940384615384615,0.02890391872405429
1821,17166,1.640400260496578,0.026378576327338654,1.6140216841692392,1.6505769230769232,0.03655523890768397
1822,16451,1.5672998661881057,0.02507595963237599,1.5422239065557297,1.581826923076923,0.03960301652119336
1823,30855,2.9824965550410254,0.046128488577633596,2.936368066463392,2.966826923076923,0.030458856613531093
1824,17784,1.7010388854244471,0.027182772434992262,1.673856112989455,1.71,0.03614388701054505
1825,15928,1.530223851333152,0.02417537265799159,1.5060484786751605,1.5315384615384615,0.025489982863301064
1826,19941,1.9304288223111934,0.030163055178418656,1.9002657671327747,1.917403846153846,0.01713807902107134
1827,22207,2.129498414593061,0.033805023681067116,2.095693390911994,2.1352884615384617,0.03959507062646761
1828,23863,2.2799569844326815,0.03586955472758382,2.2440874297050977,2.2945192307692306,0.05043180106413292
1829,18929,1.822803585812996,0.028326076712565203,1.7944775091004308,1.8200961538461538,0.02561864474572295
1830,19532,1.8912590884329956,0.02957283419417671,1.8616862542388188,1.878076923076923,0.01639066883810414
1831,17209,1.6775913604746224,0.02632533293731311,1.6512660275373092,1.6547115384615385,0.003445510924229289
1832,18353,1.7577108792012954,0.02790260802068873,1.7298082711806066,1.7647115384615384,0.03490326728093174
1833,18063,1.7620309579450664,0.02718680896626873,1.7348441489787976,1.736826923076923,0.001982774098125528
1834,21387,2.0387168149460115,0.03215216334415052,2.006564651601861,2.0564423076923077,0.04987765609044681
1835,24405,2.3500918818432326,0.03679944586133742,2.313292435981895,2.3466346153846156,0.03334217940272044
1836,22295,2.132210477941711,0.033811840157532136,2.098398637784179,2.14375,0.045351362215821034
1837,19693,1.9156504040266797,0.02976283277138104,1.8858875712552987,1.8935576923076922,0.007670121052393508
1838,19009,1.8177827253990602,0.028762834405336973,1.7890198909937232,1.8277884615384616,0.03876857054473848
1839,21107,2.051630995362067,0.03189391791638286,2.0197370774456838,2.029519230769231,0.00978215332354715
1840,15724,1.5166504206738947,0.024312121264800087,1.4923382994090946,1.511923076923077,0.019584777513982354
1841,18201,1.7549568301792897,0.02793978251018143,1.7270170476691082,1.750096153846154,0.023079106177045672
1842,22049,2.1099342577884443,0.033759671077264686,2.0761745867111796,2.120096153846154,0.04392156713497419
1843,17983,1.7305074285465722,0.026923581027540642,1.7035838475190317,1.7291346153846154,0.025550767865583746
1844,16258,1.5427608789167726,0.0248771270822748,1.5178837518344979,1.5632692307692309,0.04538547893473299
1845,17791,1.717163243955295,0.02730158940449524,1.6898616545507998,1.710673076923077,0.020811422372277066
1846,16705,1.5956325739086608,0.025715458782556187,1.5699171151261047,1.60625,0.0363328848738953
1847,15334,1.4659208242813568,0.023493348573999494,1.4424274757073574,1.4744230769230768,0.03199560121571943
1848,18813,1.8180446517825937,0.028518423619715585,1.789526228162878,1.8089423076923077,0.019416079529429586
1849,16488,1.5619067000646722,0.025242816280676362,1.5366638837839959,1.5853846153846154,0.048720731600619516
1850,18150,1.7397002813265194,0.027580262820873093,1.7121200185056464,1.7451923076923077,0.033072289186661274
1851,18856,1.814721650179995,0.028310594941332378,1.7864110552386625,1.813076923076923,0.026665867838260526
1852,18526,1.7593770973414329,0.028494654428974003,1.730882442912459,1.781346153846154,0.05046371093369495
1853,17821,1.7120387588475714,0.027022315091274465,1.6850164437562969,1.7135576923076923,0.028541248551395393
1854,20279,1.9407105072229787,0.030784550359414246,1.9099259568635645,1.949903846153846,0.039977889290281565
1855,17022,1.6422780545328863,0.026214759526718315,1.616063295006168,1.6367307692307693,0.020667474224601357
1856,17089,1.6278339438591516,0.025601426898364265,1.6022325169607874,1.643173076923077,0.040940559962289624
1857,20230,1.958038169545699,0.03083352672709737,1.9272046428186016,1.9451923076923077,0.017987664873706066
1858,17600,1.696238191692222,0.026795901593798525,1.6694422900984234,1.6923076923076923,0.022865402209268915
1859,15553,1.4840140596100089,0.023557325676303708,1.4604567339337051,1.4954807692307692,0.035024035297064104
1860,23294,2.21052278978416,0.03543799235420976,2.17508479742995,2.2398076923076924,0.0647228948777423
1861,19341,1.8357895711473646,0.02927968035290487,1.8065098907944597,1.8597115384615384,0.05320164766707869
1862,17645,1.7112963230116844,0.02685015474693652,1.684446168264748,1.6966346153846155,0.01218844711986744
1863,30479,2.9454705435585966,0.045513487013567874,2.8999570565450288,2.930673076923077,0.030716020378048103
1864,17096,1.629349754341609,0.025835724208368816,1.60351403013324,1.643846153846154,0.04033212371291395
1865,20291,1.9286121896961874,0.030673735740502056,1.8979384539556854,1.9510576923076923,0.05311923835200694
1866,19516,1.859525987692699,0.030086050604125867,1.8294399370885732,1.8765384615384615,0.04709852444988827
1867,19832,1.8886606486155637,0.030048001111040314,1.8586126475045235,1.906923076923077,0.04831042941855346
1868,16223,1.5777266901622555,0.025210653531763858,1.5525160366304918,1.5599038461538461,0.007387809523354383
1869,29308,2.7977926013287657,0.0446143886877608,2.753178212641005,2.818076923076923,0.064898710435918
1870,18803,1.8132117214897776,0.028593373690511677,1.7846183477992659,1.8079807692307692,0.023362421431503355
1871,18299,1.7586130654280459,0.027841565092191163,1.7307715003358546,1.7595192307692307,0.028747730433376084
1872,29800,2.8818228395554053,0.04459798981621479,2.8372248497391905,2.8653846153846154,0.028159765645424883
1873,41323,3.9789881988737195,0.062151104125375424,3.916837094748344,3.9733653846153847,0.056528289867040726
1874,18562,1.79610045467628,0.028322840848729602,1.7677776138275503,1.7848076923076923,0.01703007848014204
1875,18928,1.8173942243513068,0.029191407760507725,1.788202816590799,1.82,0.03179718340920101
1876,17734,1.6910631531231752,0.02713942850347898,1.6639237246196963,1.7051923076923077,0.04126858307261139
1877,20929,2.009848387921769,0.031681131152442955,1.9781672567693258,2.012403846153846,0.03423658938452023
1878,15865,1.5351418850368097,0.02417729903387196,1.5109645860029377,1.5254807692307693,0.014516183227831547
1879,22457,2.179212896983836,0.03363744453972937,2.1455754524441066,2.159326923076923,0.013751470632816343
1880,19316,1.842261369425361,0.029079673157367886,1.813181696267993,1.8573076923076923,0.044125996039699356
1881,17676,1.6841141689741423,0.026436997605337673,1.6576771713688048,1.6996153846153845,0.04193821324657976
1882,16789,1.5885040366952334,0.025483506454942222,1.5630205302402913,1.614326923076923,0.05130639283663174
1883,16939,1.6337906328933829,0.025789782041397025,1.6080008508519859,1.62875,0.020749149148014068
1884,16493,1.5927673588820457,0.025426309131133206,1.5673410497509124,1.5858653846153845,0.018524334864472136
1885,29996,2.8631639811782517,0.04589669088403569,2.817267290294216,2.8842307692307694,0.06696347893655341
1886,17220,1.6597202282039196,0.026295830627535394,1.6334243975763842,1.6557692307692307,0.022344833192846414
1887,17411,1.6634205847229566,0.02679046657529098,1.6366301181476657,1.6741346153846153,0.0375044972369496
1888,19564,1.8962402270301046,0.029849909805683063,1.8663903172244216,1.8811538461538462,0.014763528929424563
1889,22726,2.1655917478304603,0.034421332612229176,2.131170415218231,2.185192307692308,0.05402189247407696
1890,17389,1.6457120842050035,0.026549189805262764,1.6191628943997407,1.6720192307692308,0.05285633636949005
1891,18350,1.782391448320683,0.027653306485189745,1.7547381418354933,1.7644230769230769,0.009684935087583613
1892,20665,2.0347028080278653,0.03137521151108669,2.0033275965167787,1.9870192307692307,-0.016308365747548015
1893,19194,1.8498950081837469,0.029029790720710477,1.8208652174630364,1.845576923076923,0.02471170561388658
1894,21204,2.030225933165184,0.03192194238725087,1.9983039907779332,2.038846153846154,0.04054216306822078
1895,17299,1.650473349208683,0.026251361564136138,1.6242219876445467,1.6633653846153846,0.03914339697083791
1896,23336,2.235475268671712,0.03550318107377195,2.1999720875979403,2.243846153846154,0.04387406624821377
1897,16892,1.6113101298545276,0.026013396614632374,1.5852967332398953,1.6242307692307691,0.03893403599087386
1898,19332,1.8630861417311348,0.02894547908168234,1.8341406626494525,1.8588461538461538,0.02470549119670129
1899,22426,2.1464302572013847,0.033927319619120926,2.112502937582264,2.1563461538461537,0.04384321626388976
1900,16456,1.5910581119587188,0.025207766950534533,1.5658503450081842,1.5823076923076924,0.016457347299508207
1901,15496,1.4834167099439108,0.02391861068475782,1.459498099259153,1.49,0.03050190074084691
1902,18235,1.7580621438595658,0.027704409711048775,1.730357734148517,1.7533653846153847,0.023007650466867702
1903,18027,1.7137809821017889,0.027211606822752293,1.6865693752790365,1.7333653846153847,0.0467960093363482
1904,15871,1.548664897259561,0.02414771393826236,1.5245171833212985,1.5260576923076923,0.001540508986393796
1905,25809,2.5191261725270064,0.03859319764691309,2.4805329748800933,2.4816346153846154,0.0011016405045221056
1906,18040,1.7348243519127677,0.027440820767027436,1.7073835311457404,1.7346153846153847,0.027231853469644296
1907,18771,1.8190070923797395,0.028551605502051002,1.7904554868776885,1.8049038461538462,0.01444835927615773
1908,18401,1.77340099508425,0.028115154700674147,1.7452858403835758,1.769326923076923,0.02404108269334726
1909,17548,1.6787303090631311,0.026815326600842355,1.6519149824622887,1.6873076923076924,0.03539270984540366
1910,18744,1.8010393810790948,0.028578829526705228,1.7724605515523895,1.8023076923076924,0.029847140755302926
1911,16372,1.5854234803921572,0.02463549488931938,1.5607879855028377,1.5742307692307693,0.013442783727931618
1912,20053,1.9260412268696125,0.031041131333265144,1.8950000955363473,1.928173076923077,0.03317298138672964
1913,19993,1.900918613144091,0.030345794021935657,1.8705728191221553,1.9224038461538462,0.051831027031690846
1914,28162,2.65982238243873,0.04301693103131996,2.6168054514074104,2.7078846153846152,0.09107916397720484
1915,16434,1.5823709041975351,0.02536497166409683,1.5570059325334382,1.5801923076923077,0.023186375158869454
1916,18170,1.744976079151861,0.027495797524105386,1.7174802816277555,1.7471153846153846,0.02963510298762917
1917,19872,1.9178581976023261,0.030254149225679476,1.8876040483766467,1.9107692307692308,0.023165182392584027
1918,24298,2.3244165640528687,0.0361542737765564,2.2882622902763123,2.336346153846154,0.04808386356984151
1919,15955,1.514998263707343,0.024273828282713815,1.4907244354246292,1.5341346153846154,0.043410179959986195
1920,18225,1.7462361891994342,0.02780846134844604,1.7184277278509883,1.7524038461538463,0.03397611830285796
1921,18820,1.7888252132259912,0.02874844052657598,1.7600767726994153,1.8096153846153846,0.04953861191596931
1922,26411,2.503638695195023,0.039260939821327355,2.4643777553736954,2.5395192307692307,0.07514147539553528
1923,20741,2.015994670775998,0.03133846758263234,1.9846562031933657,1.9943269230769232,0.0096707198835575
1924,39923,3.829979990683636,0.06043971692676686,3.769540273756869,3.83875,0.06920972624313126
1925,20670,2.0012963328285354,0.031218725397073113,1.9700776074314623,1.9875,0.017422392568537726
1926,17707,1.6933338584191464,0.026637028644061672,1.6666968297750848,1.7025961538461538,0.035899324071068994
1927,31624,3.0541046528428635,0.04773583831965201,3.0063688145232113,3.040769230769231,0.03440041624601964
1928,17397,1.6700852011973626,0.026779342602177993,1.6433058585951845,1.6727884615384616,0.029482602943277092
1929,37792,3.6179918207086956,0.05717941297516436,3.5608124077335312,3.6338461538461537,0.07303374611262248
1930,35066,3.341928318797787,0.05307751881640551,3.2888507999813816,3.371730769230769,0.08287996924938756
1931,16809,1.6277493009132091,0.025348261021796933,1.6024010398914121,1.61625,0.013848960108587827
1932,19783,1.8784308763335225,0.03008245313952589,1.8483484231939966,1.9022115384615386,0.05386311526754195
1933,20765,1.98533090089904,0.03130285566571277,1.9540280452333274,1.9966346153846153,0.04260657015128788
1934,19432,1.8839321419251631,0.029811521431691985,1.854120620493471,1.8684615384615384,0.014340917968067357
1935,17438,1.6390729377766504,0.026584919127059826,1.6124880186495907,1.6767307692307691,0.06424275058117845
1936,18891,1.821036853632159,0.028813296190416414,1.7922235574417427,1.8164423076923077,0.02421875025056508
1937,18187,1.7271461354075197,0.02791653676081428,1.6992295986467054,1.74875,0.04952040135329461
1938,19981,1.9063701644757731,0.03021725438117858,1.8761529100945946,1.92125,0.045097089905405285
1939,16594,1.5693977503679675,0.0254302281063087,1.5439675222616587,1.595576923076923,0.05160940081526433
1940,18329,1.7611844664244625,0.02783340076460339,1.7333510656598592,1.762403846153846,0.02905278049398685
1941,19356,1.8435794038250486,0.029204912145294852,1.8143744916797537,1.8611538461538462,0.04677935447409243
1942,23129,2.224446120488207,0.03480278067222391,2.189643339815983,2.2239423076923077,0.03429896787632458
1943,18722,1.8231629872916975,0.02869882538114061,1.7944641619105568,1.8001923076923076,0.0057281457817508485
1944,20831,1.995019958755267,0.031782088265017334,1.9632378704902498,2.0029807692307693,0.039742898740519506
1945,19224,1.8375799549543674,0.029512310349154275,1.808067644605213,1.8484615384615384,0.0403938938563253
1946,21617,2.0852739467677504,0.03292819985830611,2.0523457469094444,2.0785576923076925,0.026211945398248115
1947,24322,2.330503522619587,0.036446218677647406,2.2940573039419396,2.338653846153846,0.04459654221190634
1948,20315,1.9522701566793843,0.03063874353043745,1.921631413148947,1.9533653846153847,0.03173397146643775
1949,18111,1.753888899112252,0.027656022417305994,1.7262328766949462,1.7414423076923078,0.015209430997361606
1950,19404,1.8803598474577727,0.029527297012005727,1.850832550445767,1.8657692307692308,0.014936680323463847
1951,31265,2.9739095779922957,0.04725087429324554,2.9266587036990503,3.00625,0.07959129630094974
1952,17379,1.6669563501708107,0.026320311100354567,1.6406360390704562,1.6710576923076923,0.030421653237236113
1953,21276,2.053184763895375,0.03194036639955626,2.0212443974958187,2.045769230769231,0.02452483327341204
1954,18906,1.8049437850775092,0.02858519952620749,1.7763585855513018,1.8178846153846153,0.04152602983331355
1955,15432,1.4743799146305507,0.023325133422680295,1.4510547812078705,1.4838461538461538,0.032791372638283356
1956,17113,1.6570036592298825,0.026205279181555803,1.6307983800483266,1.6454807692307691,0.014682389182442579
1957,18448,1.7690720321308937,0.028013174915554502,1.7410588572153392,1.7738461538461539,0.0327872966308147
1958,19815,1.911625787940475,0.0300947824117242,1.8815310055287509,1.9052884615384615,0.023757456009710687
1959,21605,2.0622601511264533,0.03238297130447414,2.029877179821979,2.077403846153846,0.047526666331866974
1960,21018,2.0148167109963118,0.03181271036246524,1.9830040006338465,2.0209615384615383,0.037957537827691734
1961,20028,1.9164434556888243,0.030666269026944717,1.8857771866618795,1.9257692307692307,0.03999204410735113
1962,16726,1.6031122114590264,0.025485101683169458,1.577627109775857,1.6082692307692308,0.030642120993373823
1963,20914,2.0188774850263,0.03174723147927621,1.9871302535470237,2.0109615384615385,0.023831284914514805
1964,17556,1.6811986422730756,0.02655989236390168,1.654638749909174,1.688076923076923,0.03343817316774911
1965,21872,2.1130821267047333,0.033204774127737965,2.0798773525769954,2.103076923076923,0.023199570499927713
1966,16749,1.623359372387306,0.02535342516028273,1.5980059472270234,1.6104807692307692,0.012474822003745833
1967,17338,1.6525022184498863,0.0266969283949083,1.625805290054978,1.6671153846153846,0.041310094560406574
1968,17177,1.6601316875892795,0.02623279543460711,1.6338988921546724,1.6516346153846153,0.01773572322994288
1969,19257,1.8842110907034382,0.029075916907245095,1.855135173796193,1.8516346153846155,-0.0035005584115774813
1970,28125,2.7038966136162363,0.042746541203275486,2.6611500724129606,2.704326923076923,0.04317685066396226
1971,18648,1.7808676794463258,0.02835175368680894,1.7525159257595169,1.793076923076923,0.040560997317406144
1972,20115,1.9383363230457245,0.030190601551168834,1.9081457214945556,1.9341346153846153,0.02598889389005965
1973,18305,1.7435412898217983,0.028084900472075403,1.715456389349723,1.760096153846154,0.04463976449643092
1974,16726,1.595997576625455,0.02554641485711685,1.570451161768338,1.6082692307692308,0.037818069000892685
1975,15778,1.517030988144493,0.024176676704861632,1.4928543114396313,1.5171153846153846,0.024261073175753323
1976,18656,1.7904139915486081,0.02853456746740497,1.7618794240812032,1.7938461538461539,0.03196672976495063
1977,17343,1.6724991923121326,0.02638296491188166,1.646116227400251,1.667596153846154,0.021479926445902908
1978,17694,1.717061934506691,0.02703733072742447,1.6900246037792666,1.7013461538461538,0.011321550066887287
1979,22216,2.1164996216593273,0.033996585372043066,2.0825030362872843,2.1361538461538463,0.05365080986656201
1980,16383,1.5530784325605156,0.025110707670591585,1.527967724889924,1.5752884615384615,0.04732073664853753
1981,22063,2.1456192116659163,0.03335465795406732,2.112264553711849,2.1214423076923077,0.009177753980458725
1982,20235,1.9369433386190078,0.03094555519087935,1.9059977834281285,1.945673076923077,0.03967529349494847
1983,18527,1.804594871286937,0.02788701428932251,1.7767078569976145,1.7814423076923076,0.0047344506946931375
1984,16884,1.6126443171579874,0.025833603278034255,1.5868107138799532,1.6234615384615385,0.036650824581585306
1985,16872,1.6530379012047702,0.02575284642858934,1.6272850547761808,1.6223076923076922,-0.0049773624684885664
1986,17415,1.677755460988803,0.026404659773763373,1.6513508012150397,1.6745192307692307,0.02316842955419096
1987,16837,1.6278924318895993,0.025603507693955044,1.6022889241956442,1.6189423076923077,0.016653383496663565
1988,20738,1.9774118927765452,0.03151946679329682,1.9458924259832484,1.9940384615384616,0.04814603555521324
1989,17662,1.700250823608559,0.027027583427663995,1.6732232401808949,1.6982692307692309,0.02504599058833601
1990,23980,2.3120537519604865,0.03591928991400859,2.276134462046478,2.3057692307692306,0.029634768722752725
1991,16801,1.606681242359647,0.025441931813192344,1.5812393105464546,1.6154807692307693,0.03424145868431472
1992,16126,1.5457693651429425,0.02439406967585494,1.5213752954670876,1.550576923076923,0.029201627609835468
1993,17365,1.6795265756323552,0.02645594828672589,1.6530706273456293,1.6697115384615384,0.01664091111590915
1994,15504,1.5015960346739186,0.023860317202848057,1.4777357174710706,1.4907692307692308,0.01303351329816027
1995,19685,1.8997440981183438,0.029747135812397085,1.8699969623059467,1.8927884615384616,0.02279149923251489
1996,17122,1.6280350291408392,0.02615110122441817,1.601883927916421,1.646346153846154,0.044462225929732924
1997,16542,1.5794241285513122,0.025173844499303964,1.5542502840520083,1.590576923076923,0.03632663902491484
1998,21460,2.0532131759397148,0.03292914450927314,2.0202840314304416,2.0634615384615387,0.04317750703109713
1999,20634,1.982868025370696,0.031232507088859805,1.9516355182818363,1.9840384615384616,0.032402943256625294
