event_id,+Z_encounters,-Z_encounters,-Y_encounters,-X_SENSOR_encounters,+X_SENSOR_encounters,+Y_SENSOR_encounters,OPEN_+Y_OR_+/-X_UNRESOLVED_encounters,+Z_escaped,-Z_escaped,-Y_escaped,-X_SENSOR_escaped,+X_SENSOR_escaped,+Y_SENSOR_escaped,OPEN_+Y_OR_+/-X_UNRESOLVED_escaped,cos_bin_00,cos_bin_01,cos_bin_02,cos_bin_03,cos_bin_04,cos_bin_05,cos_bin_06,cos_bin_07,cos_bin_08,cos_bin_09,cos_bin_10,cos_bin_11,cos_bin_12,cos_bin_13,cos_bin_14,cos_bin_15,cos_bin_16,cos_bin_17,cos_bin_18,cos_bin_19
0,15458,16326,1785,0,0,372,1513,3537,3635,1038,0,0,0,877,301,799,1151,1449,1593,1774,1832,1868,1864,1820,1902,1970,1947,1928,1957,2007,2048,2094,2303,2847
1,10172,10621,1183,2,1,223,1007,2267,2323,705,0,0,0,580,262,556,767,879,1024,1198,1215,1252,1241,1201,1219,1255,1242,1309,1295,1270,1368,1326,1468,1862
2,7646,7519,865,0,3,187,712,1728,1712,495,0,0,0,410,134,383,522,663,798,848,854,885,899,923,922,901,929,922,954,946,1001,988,1121,1339
3,7970,8005,914,1,0,146,755,1809,1753,520,0,0,0,439,151,443,568,662,808,871,917,974,943,969,951,944,965,985,1004,1008,1081,998,1122,1427
4,7252,7174,799,1,2,161,650,1650,1574,458,0,0,0,389,143,343,485,670,722,777,798,819,837,872,849,857,869,942,880,1019,932,1001,977,1247
5,7446,7581,829,0,0,161,694,1681,1668,465,0,0,0,404,176,387,504,709,740,854,831,868,947,866,858,899,928,937,968,898,964,985,1074,1318
6,8785,8880,1020,0,0,215,821,1891,2038,621,0,0,0,461,181,454,619,807,884,949,1075,1052,1026,1019,1075,1043,1107,1106,1090,1086,1089,1178,1317,1564
7,7763,7941,878,1,0,153,711,1751,1736,517,0,0,0,434,197,396,552,675,778,865,913,906,910,1005,926,937,945,969,924,1002,1023,1062,1085,1377
8,8145,8236,997,2,1,173,728,1796,1850,600,0,0,0,430,173,436,605,686,832,881,948,934,1005,934,1034,1042,1019,991,977,992,1046,1078,1176,1493
9,10499,10458,1238,1,0,193,985,2374,2442,725,0,0,0,581,178,494,742,887,1040,1189,1214,1249,1173,1223,1244,1255,1285,1303,1333,1320,1453,1426,1487,1879
10,9441,9882,1045,1,1,188,902,2184,2214,586,0,0,0,518,235,541,715,791,955,1124,1056,1106,1125,1108,1103,1186,1186,1231,1163,1241,1238,1268,1374,1714
11,8762,8765,1004,0,0,174,798,1980,1939,598,0,0,0,446,181,441,612,780,876,957,1013,1019,1044,1040,1132,1038,1050,1092,1075,1076,1106,1167,1238,1566
12,19448,19782,2243,1,3,410,1919,4403,4416,1274,0,0,0,1143,354,1036,1388,1746,1938,2212,2315,2163,2306,2271,2349,2341,2393,2550,2457,2436,2577,2698,2799,3477
13,6882,7018,786,1,0,157,634,1589,1548,479,0,0,0,370,137,380,482,625,714,758,802,806,814,820,807,828,871,828,883,863,900,920,1011,1229
14,6912,6938,774,0,1,156,631,1526,1573,447,0,0,0,371,143,377,509,585,667,763,780,861,836,841,788,877,810,823,826,927,882,920,990,1207
15,6639,6917,741,0,2,147,619,1497,1579,420,0,0,0,364,121,351,486,617,661,736,773,822,777,833,757,807,806,842,841,847,896,890,963,1239
16,13140,12438,1400,1,0,298,1205,2829,2857,854,0,0,0,693,303,689,875,1099,1319,1405,1532,1472,1569,1529,1506,1503,1471,1501,1612,1679,1613,1774,1833,2198
17,8704,8547,942,1,1,205,792,1908,1919,549,0,0,0,450,233,429,602,734,853,926,1061,1024,1002,987,1035,1016,1078,1080,1086,1094,1080,1190,1189,1493
18,10679,11202,1181,0,2,252,1032,2538,2474,697,0,0,0,558,205,575,789,990,1143,1191,1259,1263,1257,1253,1314,1403,1302,1326,1313,1349,1427,1476,1585,1928
19,7880,7945,875,1,0,178,718,1779,1809,501,0,0,0,418,150,395,569,721,780,850,933,925,919,983,934,929,920,983,985,1016,991,1052,1168,1394
20,7497,7873,920,0,0,162,719,1723,1791,501,0,0,0,421,153,380,540,669,799,818,938,912,865,904,895,930,926,941,987,998,984,1070,1127,1335
21,8568,8612,1051,2,0,184,833,1990,1937,603,0,0,0,503,190,455,581,738,921,947,985,1012,1042,946,1049,1034,1074,1054,1063,1026,1075,1219,1224,1615
22,7849,7704,909,0,0,167,708,1750,1783,542,0,0,0,433,183,407,579,664,808,888,891,939,837,911,916,880,964,884,977,1025,1016,1056,1139,1373
23,9046,9183,1043,0,0,193,867,2005,2122,620,0,0,0,494,205,470,641,809,898,1015,1021,1072,1103,1110,1043,1092,1087,1132,1113,1143,1185,1272,1310,1611
24,8968,9210,1053,1,0,175,840,2013,2050,642,0,0,0,478,185,475,646,800,871,966,1098,1081,1078,1142,1065,1086,1077,1098,1159,1141,1117,1189,1335,1638
25,9238,9624,1082,1,0,189,877,2101,2151,645,0,0,0,505,249,527,697,817,938,999,1074,1056,1107,1149,1105,1079,1153,1146,1187,1245,1243,1211,1412,1617
26,7624,7622,909,1,1,162,708,1710,1757,534,0,0,0,422,142,371,561,661,820,812,888,894,908,907,902,944,930,878,925,947,1019,1040,1114,1364
27,8482,8543,971,0,1,169,787,1932,1919,564,0,0,0,474,148,418,603,835,859,949,939,980,1007,960,1033,1003,1095,1016,1043,1061,1154,1143,1218,1489
28,10766,11280,1253,1,3,248,1114,2538,2456,726,0,0,0,659,174,530,815,952,1194,1206,1257,1272,1299,1320,1308,1331,1338,1394,1401,1376,1427,1458,1653,1960
29,7618,7334,922,2,0,174,682,1694,1657,522,0,0,0,383,169,372,549,689,789,801,845,866,868,918,907,889,872,975,965,876,946,1031,1020,1385
30,10947,11121,1282,2,2,234,1021,2508,2543,735,0,0,0,616,181,493,747,951,1106,1260,1317,1296,1296,1311,1301,1303,1369,1384,1351,1415,1437,1487,1587,2017
31,9516,9392,1070,1,0,189,898,2147,2099,604,0,0,0,529,193,474,688,882,1007,1012,1071,1103,1099,1169,1099,1094,1135,1159,1189,1179,1221,1270,1316,1706
32,7482,7477,923,0,0,140,728,1723,1635,537,0,0,0,431,161,421,563,644,736,790,833,854,863,928,945,911,926,865,943,973,986,1014,1065,1329
33,7336,7358,847,0,1,168,717,1737,1658,512,0,0,0,415,167,393,501,637,719,790,865,880,884,879,865,834,854,935,936,910,907,1049,1052,1370
34,10136,10272,1174,0,2,217,941,2318,2286,672,0,0,0,553,204,469,689,917,1082,1128,1157,1175,1127,1259,1219,1219,1276,1289,1270,1276,1364,1403,1477,1742
35,8923,8392,984,0,1,163,859,1931,1965,568,0,0,0,503,205,463,664,771,890,948,954,939,989,1019,1051,1034,1050,1045,1083,1111,1072,1189,1236,1609
36,10326,10754,1218,0,0,241,958,2386,2364,724,0,0,0,552,267,515,769,902,983,1142,1257,1218,1253,1286,1265,1238,1278,1278,1331,1322,1357,1469,1562,1805
37,9663,9623,1038,1,1,191,909,2232,2184,605,0,0,0,501,238,482,665,813,1017,1027,1103,1126,1155,1099,1061,1145,1175,1223,1161,1262,1256,1342,1388,1688
38,7647,7641,846,0,0,171,689,1732,1777,506,0,0,0,409,163,381,518,684,800,849,864,864,925,898,871,927,916,950,931,993,1085,985,1078,1312
39,8696,8710,954,1,0,187,824,1943,1948,532,0,0,0,483,166,393,633,754,921,1003,1011,1026,1019,1032,1040,1064,985,1094,1112,1136,1142,1150,1203,1488
40,8557,8761,899,2,0,155,823,1980,1893,502,0,0,0,487,160,423,657,722,876,977,953,995,1043,1053,1017,1038,1086,1021,1093,1057,1115,1193,1196,1522
41,7870,7928,847,0,0,146,723,1792,1760,482,0,0,0,429,170,397,557,737,799,876,908,923,916,910,946,957,970,965,976,951,1015,1067,1071,1403
42,7307,7429,805,2,1,155,641,1674,1710,480,0,0,0,368,170,390,507,649,734,845,840,827,818,892,897,859,882,879,898,907,1012,979,1085,1270
43,10228,10311,1193,0,1,197,936,2276,2340,669,0,0,0,556,183,509,732,936,1052,1122,1197,1185,1251,1188,1210,1227,1261,1281,1305,1333,1311,1347,1376,1860
44,7222,7214,889,0,2,162,680,1624,1577,490,0,0,0,407,143,389,535,643,791,768,838,840,838,878,860,839,903,909,873,935,933,940,1032,1282
45,8130,7869,940,2,0,188,751,1865,1833,551,0,0,0,449,147,387,564,728,790,866,947,930,921,927,983,979,941,971,968,1009,1070,1122,1198,1432
46,8201,8371,934,0,1,168,739,1754,1851,544,0,0,0,428,205,423,633,721,809,908,937,980,962,996,1031,1013,975,1059,992,1058,1038,1069,1199,1406
47,7237,7258,778,1,0,159,706,1560,1637,454,0,0,0,420,137,377,522,646,722,815,805,900,806,831,861,869,883,952,903,895,951,992,1028,1244
48,7344,7289,821,0,3,161,711,1623,1683,495,0,0,0,433,165,382,530,605,727,788,911,824,811,901,897,882,846,958,860,909,906,1014,1125,1288
49,7120,6965,823,0,1,160,673,1581,1552,504,0,0,0,384,133,350,546,629,750,818,801,809,821,791,798,870,862,900,850,883,881,918,1029,1303
50,7463,7492,822,1,0,177,723,1731,1730,471,0,0,0,452,155,427,530,663,717,808,839,873,852,866,904,839,923,894,917,998,1035,1035,1119,1284
51,7428,7549,866,0,1,163,726,1673,1708,503,0,0,0,401,165,431,529,660,692,831,799,898,909,879,872,938,909,940,904,1019,960,1033,1064,1301
52,9286,9337,1061,1,0,207,888,2113,2060,594,0,0,0,531,203,489,718,823,931,1022,1062,1144,1086,1059,1074,1152,1203,1113,1108,1184,1141,1263,1373,1632
53,9108,9333,1061,1,2,217,863,2070,2094,610,0,0,0,497,234,496,655,803,896,973,1059,1091,1069,1052,1196,1093,1102,1213,1129,1131,1152,1240,1373,1628
54,11715,12484,1428,1,0,231,1165,2710,2650,852,0,0,0,692,299,680,947,1056,1180,1351,1377,1410,1429,1422,1433,1420,1480,1494,1527,1471,1582,1638,1742,2086
55,8476,8261,908,0,5,163,809,1896,1886,506,0,0,0,454,178,442,599,758,865,957,940,944,999,947,927,1010,1011,1003,1071,1131,1047,1153,1137,1503
56,10909,10708,1252,0,1,229,1024,2473,2502,697,0,0,0,619,185,515,792,934,1114,1206,1252,1194,1319,1316,1249,1307,1298,1343,1318,1315,1458,1479,1579,1950
57,8760,8675,986,2,0,190,822,2023,2043,589,0,0,0,459,163,391,596,812,875,995,981,1004,1020,1008,1060,1017,1031,1091,1060,1073,1145,1222,1340,1551
58,8100,8382,976,1,0,168,754,1857,1873,567,0,0,0,453,182,422,635,724,842,904,952,959,891,973,938,1019,981,1019,1038,1062,1026,1122,1201,1491
59,7100,7132,817,1,1,151,697,1599,1571,484,0,0,0,413,139,352,508,636,706,762,838,831,826,859,866,917,871,891,845,887,938,944,1012,1271
60,10112,10264,1139,0,1,213,992,2330,2298,690,0,0,0,581,179,464,750,919,1013,1147,1119,1227,1224,1154,1223,1226,1260,1245,1231,1243,1299,1353,1496,1949
61,10171,10241,1174,2,0,228,957,2321,2354,667,0,0,0,549,214,535,728,920,1051,1136,1124,1175,1231,1232,1214,1158,1238,1272,1199,1324,1317,1415,1429,1861
62,8850,9130,1008,1,0,203,883,2017,1992,577,0,0,0,534,221,462,646,766,864,975,1028,1007,1077,1062,1095,1139,1104,1104,1118,1176,1169,1183,1305,1574
63,8479,8396,971,2,1,191,824,1970,1864,585,0,0,0,527,167,405,598,716,861,956,954,1013,956,1032,1002,1039,987,993,1024,1078,1118,1181,1189,1595
64,7382,7565,852,0,0,167,641,1686,1681,461,0,0,0,354,162,365,537,667,767,851,851,813,869,870,844,971,918,933,956,939,920,975,1098,1301
65,7540,7667,877,0,1,178,703,1690,1693,535,0,0,0,433,154,399,518,646,768,843,890,878,910,887,907,923,913,985,920,945,975,1081,1071,1353
66,9024,8808,1014,1,2,226,850,2005,1967,582,0,0,0,492,179,424,573,824,917,974,1030,1030,1094,1056,1031,1005,1091,1146,1151,1158,1183,1241,1278,1540
67,7743,7678,870,0,0,147,733,1726,1725,479,0,0,0,430,149,376,526,691,748,832,889,970,883,934,942,938,925,950,971,975,970,1085,1023,1394
68,10307,9824,1153,0,0,200,927,2204,2242,652,0,0,0,535,259,554,713,854,991,1080,1193,1136,1194,1220,1215,1222,1235,1234,1292,1281,1314,1309,1460,1655
69,7367,7216,865,0,0,168,679,1626,1536,498,0,0,0,422,176,378,544,642,747,820,791,831,880,886,839,874,888,955,919,952,926,905,1064,1278
70,9111,9539,1043,2,2,192,860,2027,2162,634,0,0,0,518,237,477,704,797,999,1016,1061,1047,1134,1067,1085,1081,1137,1142,1138,1145,1237,1277,1333,1635
71,16392,16969,2024,1,0,356,1557,3755,3662,1182,0,0,0,925,267,786,1241,1523,1780,1878,1928,1944,1978,1995,1994,1946,1979,2113,2100,2164,2192,2206,2299,2986
72,7727,7812,920,0,2,168,760,1722,1718,550,0,0,0,470,182,399,563,636,794,819,963,896,898,953,988,931,941,919,950,956,994,1072,1129,1406
73,9326,9507,1014,2,2,197,888,2174,2102,577,0,0,0,504,193,462,663,841,927,1015,1091,1113,1110,1105,1114,1129,1137,1180,1180,1168,1203,1280,1393,1632
74,7825,7797,837,0,1,169,738,1744,1748,462,0,0,0,442,157,368,549,671,747,855,892,967,922,938,928,948,958,988,1017,941,1003,1034,1111,1373
75,9402,9605,1095,1,2,196,916,2090,2163,630,0,0,0,536,190,489,755,839,938,1017,1105,1104,1133,1131,1108,1140,1137,1192,1198,1197,1227,1245,1373,1699
76,10692,11080,1262,0,1,238,1013,2530,2417,736,0,0,0,567,225,560,777,938,1052,1191,1330,1249,1293,1275,1289,1306,1320,1336,1339,1419,1407,1414,1629,1937
77,8623,8897,1037,0,0,195,838,1943,1906,568,0,0,0,485,212,455,633,774,901,939,1053,1057,1017,1038,1042,1041,1080,1044,1144,1125,1099,1106,1283,1547
78,7075,6899,828,0,1,151,672,1574,1584,489,0,0,0,398,120,335,485,643,662,779,812,860,824,785,858,868,825,865,881,898,870,931,1055,1270
79,7913,7729,894,0,0,187,698,1786,1698,508,0,0,0,412,161,416,577,712,752,841,893,938,897,961,971,966,930,918,957,980,1045,1029,1123,1354
80,11438,12072,1387,0,0,243,1180,2606,2677,801,0,0,0,687,258,632,808,996,1131,1316,1363,1375,1362,1404,1460,1456,1473,1476,1425,1479,1521,1617,1602,2166
81,7085,7103,821,2,0,173,689,1575,1586,470,0,0,0,422,148,348,558,612,725,832,834,822,823,817,826,860,842,870,885,921,926,942,990,1292
82,7827,7904,848,1,0,160,713,1748,1786,477,0,0,0,427,178,394,590,682,769,818,929,907,947,982,897,935,924,959,960,1029,1035,999,1135,1384
83,7422,7429,809,1,0,153,757,1674,1656,465,0,0,0,454,169,364,503,675,746,812,898,846,847,847,912,943,918,888,952,934,919,1027,1047,1324
84,8192,8108,913,0,0,153,758,1800,1858,526,0,0,0,458,179,418,590,770,752,918,928,937,946,997,1000,1000,1023,1008,987,991,1054,1039,1160,1427
85,7418,7429,884,1,0,151,714,1645,1705,538,0,0,0,431,147,345,564,700,708,815,927,841,854,869,874,858,901,917,939,953,939,1037,1061,1348
86,8733,8806,993,1,2,172,857,2019,1949,580,0,0,0,497,218,426,632,774,884,1036,1016,1051,1003,1005,1049,1055,1030,1072,1084,1080,1177,1136,1229,1607
87,7607,7591,822,0,0,140,686,1691,1701,469,0,0,0,365,150,387,562,635,766,883,863,871,878,889,917,929,925,957,959,988,937,1007,1022,1321
88,7197,7231,817,2,1,140,675,1606,1667,449,0,0,0,402,138,334,499,638,751,790,807,842,869,814,872,902,897,888,906,942,884,990,1013,1287
89,8036,8128,880,1,1,183,776,1888,1808,510,0,0,0,440,164,404,572,699,838,860,931,982,904,912,991,1020,936,980,1009,997,1088,1097,1193,1428
90,8373,8464,1058,1,0,197,807,1863,1965,615,0,0,0,486,181,391,608,741,864,984,931,1000,1028,990,1051,983,994,1052,992,1072,1101,1131,1260,1546
91,8730,8852,992,0,0,157,842,2010,1949,566,0,0,0,509,163,465,611,781,914,978,1020,1007,1012,1042,1086,1080,1069,1065,1070,1097,1161,1164,1245,1543
92,7674,7808,947,0,1,149,725,1705,1708,548,0,0,0,394,139,393,540,697,798,898,934,868,911,858,931,947,1027,946,995,1033,984,985,1083,1337
93,8971,8806,992,0,0,205,854,1975,2032,587,0,0,0,500,165,423,612,800,897,925,1041,1057,997,1094,1101,1066,1142,1086,1078,1137,1172,1245,1234,1556
94,8446,8498,1023,0,1,200,777,1890,1910,616,0,0,0,447,193,421,582,733,857,915,1005,1005,1015,965,1039,1015,1005,1023,1112,1055,1062,1130,1273,1540
95,10671,10716,1234,1,0,197,957,2371,2438,721,0,0,0,542,211,513,721,1008,1089,1147,1292,1247,1263,1261,1289,1361,1298,1290,1313,1353,1440,1380,1452,1848
96,9498,9564,1111,0,1,201,957,2231,2163,611,0,0,0,577,204,533,652,784,992,1077,1095,1079,1146,1099,1128,1120,1169,1123,1195,1237,1267,1267,1399,1766
97,8741,8839,966,2,0,189,786,1911,1963,562,0,0,0,447,191,442,616,795,903,981,1062,991,1067,1034,1025,1089,1083,1070,1106,1090,1045,1132,1243,1558
98,9960,9706,1155,1,0,226,928,2221,2238,665,0,0,0,544,224,488,687,860,927,1144,1177,1154,1180,1199,1108,1193,1199,1192,1230,1173,1300,1369,1406,1766
99,7841,8059,902,2,0,175,744,1778,1825,516,0,0,0,429,151,362,549,739,750,916,890,915,919,928,981,963,1005,1013,981,1025,1021,1114,1119,1382
100,6991,6806,794,1,0,144,691,1556,1543,450,0,0,0,415,155,349,519,599,708,723,805,827,795,805,823,824,846,863,888,842,960,956,981,1159
101,7504,7741,859,2,0,144,748,1627,1724,488,0,0,0,426,150,365,556,721,757,886,889,908,910,859,916,946,957,912,938,954,977,1030,1009,1358
102,9139,8977,1090,0,0,230,900,1997,2055,598,0,0,0,529,194,443,642,812,980,1002,989,1016,1104,1095,1037,1129,1109,1161,1147,1158,1148,1226,1272,1672
103,8390,8678,941,1,0,168,812,1909,1946,528,0,0,0,465,187,438,564,762,867,927,945,1032,944,1068,965,1033,1029,1053,1087,1099,1113,1180,1238,1459
104,17132,17349,1957,3,0,351,1644,3918,3828,1191,0,0,0,1002,325,764,1223,1526,1832,1968,2054,1919,2000,1974,2124,2014,2117,2098,2164,2145,2245,2356,2536,3052
105,6793,6787,743,1,2,136,606,1470,1490,430,0,0,0,366,140,331,488,605,701,783,826,795,756,798,794,871,820,832,818,866,816,886,1002,1140
106,9894,10058,1109,1,0,203,896,2207,2294,626,0,0,0,520,234,506,678,865,983,1037,1193,1188,1199,1202,1189,1257,1197,1210,1243,1281,1270,1304,1353,1772
107,6918,6984,815,0,1,139,599,1511,1527,482,0,0,0,358,175,376,495,620,716,796,765,829,829,797,833,878,839,851,836,846,855,920,956,1244
108,7247,7177,817,0,2,165,701,1652,1628,481,0,0,0,407,143,369,524,597,739,815,838,804,837,880,826,896,901,864,897,924,930,970,1038,1317
109,9071,9058,1042,0,0,209,828,2017,2053,623,0,0,0,478,174,453,632,822,922,1011,1053,1054,1082,1032,1108,1012,1130,1111,1118,1126,1190,1243,1339,1596
110,6814,6752,778,0,2,155,610,1564,1565,461,0,0,0,367,138,333,484,603,705,688,772,817,788,783,849,771,837,825,872,832,872,999,980,1163
111,7237,7173,806,0,0,153,696,1599,1600,455,0,0,0,388,145,347,540,577,743,813,879,810,881,874,859,929,829,906,902,877,902,945,1077,1230
112,15449,15200,1713,2,0,330,1510,3542,3399,1015,0,0,0,895,219,672,1112,1465,1630,1662,1786,1733,1869,1773,1780,1879,1839,1886,1901,1915,2033,2069,2231,2750
113,7342,7326,907,0,0,157,716,1700,1638,501,0,0,0,441,137,325,513,659,752,822,798,861,848,909,833,876,934,901,945,927,970,986,1097,1355
114,9381,9718,1195,0,2,221,894,2168,2174,686,0,0,0,508,209,467,657,843,970,1074,1094,1059,1156,1177,1101,1156,1201,1162,1235,1180,1285,1279,1322,1784
115,11502,11493,1315,1,0,243,1046,2578,2604,721,0,0,0,613,194,518,844,1037,1233,1269,1360,1289,1396,1424,1337,1392,1384,1390,1430,1439,1480,1528,1597,2059
116,7706,7593,859,0,1,171,739,1791,1730,482,0,0,0,443,171,394,549,608,735,865,908,922,893,869,915,897,925,962,1010,936,963,1020,1115,1412
117,8656,8644,991,0,0,169,817,1921,2013,557,0,0,0,480,215,433,619,769,878,891,1007,1065,1015,998,1041,1020,1022,1029,1088,1090,1108,1187,1277,1525
118,6860,6985,817,0,0,156,643,1535,1568,468,0,0,0,367,135,357,496,608,699,740,828,795,843,812,834,798,799,910,824,921,880,922,1003,1257
119,7519,7563,901,1,0,161,748,1747,1706,498,0,0,0,435,163,383,552,642,763,869,828,901,859,911,934,906,948,911,908,988,984,1042,1053,1348
120,8078,8023,924,1,0,198,757,1803,1821,513,0,0,0,450,195,405,596,732,792,861,919,941,1005,912,960,965,929,987,1028,1072,1067,1052,1147,1416
121,7628,7894,929,4,0,174,773,1728,1745,542,0,0,0,457,163,397,567,705,758,949,896,927,897,871,915,932,941,964,961,964,994,1066,1112,1423
122,8334,8258,997,0,0,158,802,1852,1861,563,0,0,0,472,170,431,553,766,844,891,1003,1018,995,985,992,971,1006,972,1012,1059,1140,1090,1200,1451
123,8213,8457,963,1,2,153,740,1788,1923,560,0,0,0,431,160,404,626,714,882,928,947,986,941,1029,986,999,1008,1052,1046,1038,1060,1065,1193,1465
124,7313,7495,838,1,0,158,693,1588,1704,512,0,0,0,395,149,371,500,659,755,851,895,855,842,902,883,906,870,875,934,994,910,997,1040,1310
125,7524,7685,903,1,1,159,705,1706,1724,517,0,0,0,399,177,400,523,660,806,829,903,874,924,931,863,927,908,888,931,948,971,1055,1107,1353
126,13440,13958,1584,0,2,318,1262,3013,3150,911,0,0,0,735,267,705,991,1218,1438,1560,1553,1621,1575,1614,1565,1641,1681,1639,1719,1691,1812,1783,1993,2498
127,10093,10185,1109,0,0,223,939,2289,2309,615,0,0,0,543,189,499,724,888,1059,1132,1144,1195,1240,1200,1168,1235,1217,1277,1261,1278,1295,1329,1470,1749
128,7129,7267,826,1,0,158,695,1562,1603,474,0,0,0,397,153,367,507,634,699,761,829,863,874,891,860,916,891,860,887,936,906,950,999,1293
129,9563,9301,1057,2,0,199,881,2121,2160,617,0,0,0,529,195,454,685,901,946,1081,1106,1060,1119,1068,1088,1119,1136,1196,1155,1150,1245,1272,1353,1674
130,7439,7440,846,0,2,170,703,1658,1686,469,0,0,0,423,162,380,546,650,770,832,848,862,887,852,888,884,876,949,923,911,971,972,1099,1338
131,7603,7666,879,0,0,144,742,1674,1696,524,0,0,0,449,160,393,552,724,790,861,839,827,924,919,927,924,895,966,930,991,974,1005,1087,1346
132,8913,9215,1005,1,2,201,884,2046,2071,605,0,0,0,503,170,453,673,813,914,1097,1049,1038,1044,1105,1056,1033,1137,1045,1082,1165,1114,1212,1330,1691
133,7643,7538,846,0,1,149,731,1834,1696,504,0,0,0,442,174,372,561,676,778,835,831,844,865,927,887,902,895,922,969,917,986,1056,1127,1384
134,8121,8181,963,0,0,171,776,1830,1797,563,0,0,0,451,175,384,574,701,874,908,956,945,949,970,952,976,990,1026,1038,1039,1069,1061,1168,1457
135,8092,7932,911,0,1,173,745,1794,1785,518,0,0,0,425,156,392,596,695,867,926,889,935,954,918,971,1002,947,1006,956,1002,1063,1108,1115,1356
136,9038,9107,1035,0,0,198,851,2077,2081,626,0,0,0,494,196,480,715,777,856,983,1060,1049,1036,1022,1098,1159,1109,1073,1072,1156,1197,1278,1305,1608
137,9833,9591,1120,1,0,197,924,2110,2260,656,0,0,0,532,270,490,711,779,933,1012,1124,1097,1163,1164,1138,1140,1228,1211,1220,1282,1274,1315,1398,1717
138,7836,7872,890,0,0,170,728,1827,1713,505,0,0,0,435,161,370,570,735,768,865,883,947,923,917,930,959,960,985,969,977,958,1061,1134,1424
139,7880,7946,863,0,0,194,782,1819,1755,496,0,0,0,452,180,429,573,696,861,844,925,916,907,883,944,971,928,931,987,1032,1059,1028,1158,1413
140,7006,7119,783,0,3,152,673,1591,1630,475,0,0,0,413,158,337,515,633,650,820,803,824,858,879,794,801,836,881,865,897,876,971,1078,1260
141,7041,7036,816,1,0,167,673,1567,1565,477,0,0,0,403,154,359,464,636,710,796,779,820,805,878,838,850,817,952,891,913,885,942,976,1269
142,9138,9366,1036,0,1,203,866,2091,2175,608,0,0,0,496,196,457,682,822,951,1036,1048,1020,1032,1093,1057,1129,1118,1107,1149,1213,1194,1298,1329,1679
143,7692,7486,915,2,0,143,737,1737,1724,549,0,0,0,451,163,384,547,628,766,816,941,828,881,893,878,1000,876,923,988,880,1013,1018,1139,1413
144,8843,8657,1021,0,1,181,831,1902,2012,593,0,0,0,494,215,473,628,770,864,964,1052,1013,1008,1001,1062,1067,1039,1062,1074,1135,1145,1153,1248,1561
145,17640,17673,2210,1,1,381,1635,4072,3997,1274,0,0,0,981,385,870,1285,1550,1766,1919,2097,2095,2043,2014,2144,2168,2127,2113,2186,2251,2286,2451,2570,3221
146,11005,11504,1338,1,0,256,1019,2603,2466,762,0,0,0,578,250,600,816,1002,1205,1232,1220,1283,1287,1332,1307,1329,1385,1468,1379,1434,1413,1511,1621,2049
147,7723,7738,894,0,1,176,711,1778,1726,530,0,0,0,408,148,416,532,721,817,781,881,966,932,931,878,939,898,922,944,982,1009,1003,1132,1411
148,11644,10912,1315,0,1,254,1067,2598,2522,745,0,0,0,643,282,622,815,956,1144,1206,1330,1283,1293,1363,1355,1340,1275,1395,1408,1458,1515,1539,1583,2031
149,8333,8415,1012,1,0,161,806,1815,1896,601,0,0,0,458,192,431,611,715,843,944,965,986,953,1006,1001,1039,1088,1014,1034,1074,1116,1098,1190,1428
150,12781,12657,1506,2,0,247,1155,2893,2902,855,0,0,0,669,207,615,867,1203,1324,1473,1479,1448,1467,1401,1509,1516,1617,1530,1611,1604,1684,1684,1803,2306
151,9525,9404,1052,0,1,193,921,2211,2077,586,0,0,0,555,157,478,661,868,1001,1059,1070,1072,1089,1103,1129,1143,1199,1153,1180,1195,1239,1306,1322,1672
152,15528,16220,1880,1,0,313,1518,3499,3588,1088,0,0,0,900,268,728,1058,1437,1606,1764,1877,1796,1869,1931,1917,1849,2009,1989,2025,2062,2043,2179,2303,2750
153,9586,9755,1113,0,1,225,884,2163,2232,640,0,0,0,515,195,459,687,860,972,1075,1124,1077,1055,1113,1189,1209,1247,1135,1218,1215,1257,1280,1469,1728
154,6648,6689,736,0,0,131,654,1500,1532,424,0,0,0,381,153,320,499,595,677,710,788,765,798,767,845,789,800,802,787,836,881,900,944,1202
155,7722,7772,919,0,1,159,705,1675,1723,559,0,0,0,404,136,415,553,626,782,923,919,866,890,897,932,992,930,1017,959,1003,1006,1045,1064,1323
156,8274,8032,928,1,0,158,794,1819,1806,534,0,0,0,474,168,404,610,734,818,895,890,953,891,1002,957,987,1007,1050,1074,1018,1045,1054,1185,1445
157,8453,8374,1023,0,2,194,758,1828,1921,567,0,0,0,462,153,411,657,757,884,928,991,1032,1016,996,1007,936,977,1043,1028,1107,1055,1146,1223,1457
158,10560,11059,1220,0,1,216,996,2407,2440,693,0,0,0,571,243,573,787,933,1081,1256,1265,1232,1273,1246,1292,1301,1327,1307,1367,1330,1364,1450,1542,1883
159,11985,12635,1448,0,1,245,1160,2733,2757,826,0,0,0,694,275,675,893,1068,1301,1380,1405,1411,1411,1489,1447,1479,1504,1490,1570,1525,1518,1630,1782,2221
160,7712,7879,871,0,1,171,750,1721,1789,466,0,0,0,444,188,378,584,704,760,833,895,933,863,857,892,961,923,987,1047,1038,1016,1093,1082,1350
161,9689,9666,1127,2,1,175,882,2193,2189,666,0,0,0,537,208,491,652,795,975,1077,1089,1104,1094,1194,1155,1204,1202,1209,1144,1238,1286,1363,1354,1708
162,9288,9389,1094,2,1,179,853,2022,2107,626,0,0,0,484,173,490,703,837,941,1012,1051,1178,1112,1136,1035,1077,1135,1151,1194,1205,1191,1261,1301,1623
163,8236,8327,924,0,1,168,742,1872,1848,534,0,0,0,409,198,450,585,775,806,909,973,931,917,970,973,973,1053,1042,995,1060,1040,1107,1173,1468
164,8444,8727,990,1,1,173,820,1989,2076,563,0,0,0,487,193,437,628,778,841,938,963,1016,980,1005,1020,1008,958,1028,1047,1078,1192,1175,1232,1639
165,6995,6938,797,0,2,137,655,1546,1521,456,0,0,0,371,149,330,500,633,705,799,800,768,789,789,869,891,854,891,887,859,873,947,972,1219
166,7748,7798,932,0,0,159,743,1754,1724,560,0,0,0,415,158,406,554,689,813,877,893,936,898,905,946,918,940,912,957,1003,990,1048,1092,1445
167,6686,6838,774,1,1,138,616,1514,1525,434,0,0,0,377,124,334,501,604,694,752,794,809,836,799,823,844,784,781,806,846,883,926,945,1169
168,8263,8442,948,1,1,168,806,1830,1902,552,0,0,0,476,148,423,602,836,787,877,957,958,1046,979,1008,1003,1035,1031,997,1039,1150,1063,1215,1475
169,8406,8465,992,1,1,183,748,1880,1897,589,0,0,0,412,144,401,615,762,808,912,994,940,998,1034,1003,1045,992,1064,1104,1076,1093,1142,1224,1445
170,10381,9865,1057,1,0,229,918,2312,2237,623,0,0,0,530,222,525,741,914,1062,1098,1154,1162,1160,1179,1203,1245,1193,1245,1244,1302,1320,1350,1385,1747
171,8069,8065,893,2,0,192,750,1820,1744,503,0,0,0,432,159,378,554,699,821,917,952,937,945,985,979,956,958,1014,1073,980,1082,1025,1124,1433
172,17928,16016,1809,0,1,371,1694,3947,3734,1051,0,0,0,967,499,918,1229,1484,1651,1788,1953,1928,1958,2003,2025,1958,2056,2178,2152,2102,2245,2289,2389,3014
173,7840,7653,845,0,2,170,716,1834,1712,502,0,0,0,421,175,352,542,688,760,907,849,913,886,897,944,946,940,919,943,983,1015,1074,1079,1414
174,9272,8859,1038,0,0,174,893,2063,2053,580,0,0,0,516,228,484,632,766,894,997,1022,1025,1036,1078,1106,1112,1147,1074,1150,1141,1197,1212,1289,1646
175,8869,8683,1016,0,0,187,784,1956,1944,585,0,0,0,449,263,443,656,740,822,982,1064,1033,995,990,1024,1041,1064,1116,1107,1108,1106,1180,1261,1544
176,8030,7840,921,2,0,163,764,1809,1803,519,0,0,0,431,167,402,575,727,789,858,985,921,896,930,943,904,943,1007,998,1017,1046,1058,1182,1372
177,8841,9035,1035,2,1,174,856,1994,2045,612,0,0,0,499,189,466,647,814,887,949,1010,1045,1080,1031,1049,1103,1100,1128,1106,1089,1132,1190,1311,1618
178,12233,11838,1386,1,0,251,1143,2731,2617,794,0,0,0,645,233,622,891,1069,1206,1398,1351,1377,1399,1425,1476,1450,1471,1520,1504,1494,1538,1598,1655,2175
179,12662,13891,1402,0,1,283,1221,2958,2915,795,0,0,0,732,366,776,943,1163,1310,1432,1536,1475,1564,1542,1595,1650,1566,1647,1604,1697,1717,1756,1873,2248
180,8345,8368,967,1,1,173,770,1909,1808,565,0,0,0,451,228,447,605,734,814,936,976,971,996,1019,976,1028,1033,952,1011,1051,1082,1081,1194,1491
181,7011,7049,763,1,1,144,661,1604,1584,447,0,0,0,379,136,318,478,633,696,772,811,771,869,785,852,868,900,920,834,885,925,943,979,1255
182,9447,9581,1081,1,1,187,909,2129,2172,625,0,0,0,540,189,495,661,872,911,1043,1060,1146,1113,1092,1161,1163,1178,1166,1162,1220,1287,1304,1303,1681
183,8023,8078,844,1,0,175,761,1822,1805,490,0,0,0,434,176,417,573,699,821,897,906,946,936,926,985,985,945,962,1043,990,1067,1038,1167,1403
184,7307,7525,875,0,1,139,712,1684,1685,516,0,0,0,400,144,397,506,641,773,771,886,826,948,895,872,852,885,923,907,931,995,972,1095,1340
185,8946,9040,1063,2,1,182,859,2018,2018,620,0,0,0,499,162,437,651,746,926,978,1063,1018,1063,1062,1056,1057,1121,1130,1190,1145,1169,1207,1244,1668
186,13748,14194,1576,1,2,281,1305,3091,3208,925,0,0,0,753,261,656,1004,1245,1465,1522,1698,1659,1613,1665,1610,1720,1624,1687,1759,1736,1852,1880,1936,2515
187,7215,7382,819,2,0,171,666,1611,1640,450,0,0,0,400,141,349,528,645,783,785,807,846,884,887,930,867,867,848,952,911,893,984,1019,1329
188,20518,21917,2490,0,1,430,2015,4704,4875,1445,0,0,0,1174,385,1058,1497,1919,2250,2356,2442,2396,2506,2512,2478,2554,2591,2711,2580,2652,2819,2874,2997,3794
189,8632,8428,1018,0,0,172,841,1982,1923,604,0,0,0,497,172,419,611,745,859,976,972,971,995,1009,1026,998,994,1070,1077,1129,1104,1176,1244,1544
190,11495,11166,1276,1,2,250,1060,2588,2602,757,0,0,0,619,205,557,799,1051,1112,1253,1343,1280,1406,1283,1405,1365,1313,1468,1370,1394,1431,1478,1704,2033
191,7162,7138,822,0,0,166,674,1617,1535,484,0,0,0,405,170,346,499,636,703,791,844,785,862,858,890,859,862,915,900,873,915,959,1047,1248
192,7815,7729,955,0,1,130,750,1709,1756,527,0,0,0,452,137,463,524,657,831,891,866,884,878,995,905,952,967,973,986,964,1000,1044,1103,1360
193,7825,7635,946,0,0,164,740,1691,1690,538,0,0,0,420,170,397,586,677,735,867,925,931,855,920,913,953,962,1003,979,954,955,1046,1120,1362
194,7734,8054,874,0,0,156,732,1735,1794,516,0,0,0,431,168,417,559,630,831,911,864,944,905,934,886,922,928,1062,1014,1056,942,1068,1094,1415
195,9560,9193,1098,1,2,202,898,2145,2125,636,0,0,0,519,235,556,677,805,909,1087,1006,1076,1107,1071,1143,1136,1072,1146,1182,1219,1219,1295,1355,1658
196,13587,14236,1544,0,0,288,1319,3146,3132,864,0,0,0,780,272,753,968,1167,1369,1482,1549,1570,1698,1664,1557,1676,1812,1785,1761,1805,1771,1811,1992,2512
197,10561,10404,1248,0,0,209,877,2436,2264,703,0,0,0,513,211,588,750,924,1021,1149,1271,1184,1218,1267,1263,1226,1275,1258,1258,1359,1335,1374,1532,1836
198,10597,10717,1192,2,1,227,968,2339,2415,693,0,0,0,575,220,500,781,908,1083,1233,1223,1244,1254,1185,1231,1273,1325,1312,1389,1329,1430,1456,1467,1861
199,7788,7496,888,4,3,144,755,1721,1722,521,0,0,0,447,175,398,552,696,731,827,819,853,867,899,917,986,932,973,914,1024,976,1017,1117,1405
200,13883,13406,1563,0,2,316,1330,3140,3058,928,0,0,0,795,319,735,1063,1174,1298,1485,1567,1581,1634,1612,1608,1656,1641,1682,1659,1710,1782,1914,1958,2422
201,7807,7581,852,1,0,168,733,1765,1732,467,0,0,0,433,145,354,578,668,824,863,914,847,890,871,958,880,904,927,986,1005,1007,1061,1131,1329
202,7734,7619,832,1,1,168,751,1742,1690,454,0,0,0,456,133,395,561,674,777,816,873,854,909,921,938,954,898,976,958,1007,1000,1000,1116,1346
203,7831,7972,906,1,0,170,723,1779,1786,527,0,0,0,427,172,443,611,698,763,888,884,917,933,923,957,909,921,1010,954,993,1005,1039,1170,1413
204,8750,8737,989,1,0,173,804,2026,1906,597,0,0,0,471,199,468,630,743,863,960,954,1032,995,1022,988,1073,1085,1093,1137,1102,1099,1153,1319,1539
205,9170,9058,1064,0,0,180,900,1987,2039,607,0,0,0,533,155,432,646,796,914,975,1075,1113,1085,1076,1158,1094,1083,1148,1182,1126,1143,1245,1290,1636
206,7701,7880,885,1,0,135,723,1743,1708,514,0,0,0,431,192,399,533,725,790,835,902,902,897,902,935,951,896,955,1003,945,1032,1030,1123,1378
207,9038,8685,1023,0,0,183,828,2010,1975,570,0,0,0,490,175,418,671,775,918,934,1047,1091,1007,1072,1024,1080,1059,1130,1101,1125,1127,1202,1268,1533
208,8878,9075,1058,0,1,188,819,1996,2085,603,0,0,0,463,216,503,648,748,893,1003,1040,1082,1020,1067,1033,1048,1079,1139,1106,1128,1204,1251,1294,1517
209,7613,7484,872,0,2,148,668,1719,1744,519,0,0,0,399,160,378,542,658,709,855,898,916,840,813,926,893,938,931,943,917,989,1020,1102,1359
210,8289,8290,982,0,1,169,768,1802,1859,566,0,0,0,448,174,441,587,739,810,945,964,1002,953,1021,952,960,1063,1060,1033,1036,1033,1066,1157,1503
211,7224,7243,830,0,0,171,672,1662,1679,486,0,0,0,386,148,370,521,644,690,804,842,807,852,849,833,870,921,864,908,945,956,955,1114,1247
212,8906,9305,1047,0,0,189,779,2031,2097,615,0,0,0,442,208,456,632,761,921,1041,1020,1068,1067,1083,1150,1057,1068,1108,1141,1163,1140,1192,1334,1616
213,12689,12774,1449,2,3,256,1179,2846,2898,794,0,0,0,681,280,650,926,1085,1266,1349,1428,1427,1480,1533,1567,1616,1543,1612,1594,1619,1604,1660,1892,2221
214,8538,8535,988,0,0,182,801,1930,1894,570,0,0,0,443,191,415,601,762,879,918,1020,1018,950,1021,989,1048,1046,1015,1075,1148,1059,1143,1221,1525
215,10932,11745,1306,0,1,241,1185,2546,2503,707,0,0,0,693,312,601,831,952,1160,1229,1319,1325,1315,1331,1335,1408,1400,1382,1457,1454,1401,1544,1648,2006
216,13569,14789,1625,0,0,278,1307,3212,3195,958,0,0,0,773,356,742,1007,1245,1427,1520,1643,1588,1698,1710,1641,1749,1666,1709,1780,1821,1787,1926,2040,2513
217,7098,7029,779,0,2,167,671,1610,1534,437,0,0,0,405,114,386,509,662,718,792,832,811,829,836,865,841,841,852,896,850,897,943,1030,1242
218,9674,10021,1137,0,0,230,921,2148,2275,667,0,0,0,558,225,505,746,858,978,1047,1105,1156,1170,1203,1224,1166,1165,1193,1248,1235,1246,1350,1413,1750
219,9029,9118,1088,1,1,215,864,2098,2076,637,0,0,0,512,181,406,613,817,964,1012,1058,1026,1071,1076,1086,1102,1108,1093,1113,1110,1263,1233,1350,1634
220,9940,9705,1175,1,2,217,907,2257,2238,674,0,0,0,534,171,467,706,882,1045,1043,1109,1138,1183,1134,1100,1129,1248,1206,1237,1270,1294,1403,1441,1741
221,7835,7807,900,0,0,161,745,1762,1752,498,0,0,0,433,163,395,553,641,803,878,866,938,928,922,933,952,944,981,1008,991,1003,1040,1139,1370
222,7018,6855,765,1,0,152,675,1598,1589,435,0,0,0,406,148,356,503,577,666,696,823,833,797,847,801,858,887,815,811,924,975,940,1004,1205
223,7535,7595,865,0,0,166,736,1709,1717,514,0,0,0,440,152,393,559,654,718,808,906,866,902,941,843,913,924,939,936,968,992,1063,1091,1329
224,7695,7566,920,2,2,143,759,1687,1697,522,0,0,0,449,169,399,542,652,805,842,881,878,886,870,987,889,929,927,964,983,1030,1046,1085,1323
225,10384,10488,1177,1,3,241,944,2403,2339,691,0,0,0,541,155,453,671,1004,1119,1189,1221,1151,1231,1247,1209,1227,1286,1328,1305,1313,1364,1333,1598,1834
226,7620,7598,866,0,0,160,695,1654,1698,502,0,0,0,413,183,422,551,658,761,843,900,847,877,901,921,900,907,924,1024,996,948,1021,1052,1303
227,8003,8036,895,0,0,152,756,1838,1824,513,0,0,0,438,160,396,562,692,790,939,928,923,958,963,965,958,974,925,982,1044,989,1124,1150,1420
228,8130,8276,918,0,0,189,767,1837,1811,554,0,0,0,449,168,419,604,736,867,886,966,1010,932,975,995,958,976,981,1050,961,1038,1117,1198,1443
229,7234,7154,781,0,2,164,701,1526,1662,445,0,0,0,405,143,360,544,629,739,805,828,820,861,878,870,885,854,883,917,872,946,985,970,1247
230,7829,7660,938,0,1,179,694,1688,1758,537,0,0,0,419,162,411,586,678,800,881,878,903,910,893,952,935,940,917,980,980,1039,956,1129,1371
231,7141,6995,795,0,1,139,636,1589,1590,466,0,0,0,366,171,328,486,620,701,830,843,842,796,813,879,795,859,876,870,906,964,950,990,1188
232,8491,8470,940,0,3,169,762,1891,1879,498,0,0,0,435,130,407,597,711,882,969,1015,994,1037,1024,987,1020,1075,1029,1073,1031,1135,1151,1162,1406
233,8235,8229,976,0,0,182,845,1855,1915,548,0,0,0,512,172,383,591,744,840,906,892,972,933,958,1005,968,1044,984,1039,1135,1054,1123,1217,1507
234,11792,11448,1353,0,2,254,1068,2701,2639,780,0,0,0,645,253,642,787,946,1131,1308,1393,1342,1399,1375,1435,1357,1402,1371,1389,1464,1532,1644,1705,2042
235,12246,11419,1284,1,0,246,1076,2729,2690,750,0,0,0,641,259,615,893,1013,1166,1326,1365,1298,1368,1375,1400,1376,1441,1418,1532,1458,1623,1635,1686,2025
236,8774,8589,937,2,2,167,789,2032,1955,577,0,0,0,495,205,443,629,781,861,977,936,969,1009,1049,989,1017,1010,1038,1115,1084,1161,1137,1300,1550
237,7646,7576,846,0,0,171,661,1753,1753,469,0,0,0,361,167,354,506,648,796,862,840,897,888,889,935,916,925,927,966,938,970,1066,1113,1297
238,10073,10041,1219,0,1,233,980,2226,2341,709,0,0,0,541,227,504,726,886,994,1165,1192,1136,1150,1180,1211,1178,1250,1268,1211,1256,1334,1370,1477,1832
239,7251,7322,822,1,0,149,679,1633,1647,457,0,0,0,407,147,360,524,631,797,852,851,839,855,860,879,827,859,848,924,925,913,1032,1010,1291
240,7526,7539,890,2,1,159,731,1711,1686,488,0,0,0,433,140,381,558,684,815,853,877,846,866,864,877,926,946,939,884,932,989,985,1105,1381
241,10352,10769,1148,1,0,256,1028,2383,2361,676,0,0,0,593,211,552,792,952,1026,1113,1209,1269,1277,1215,1233,1276,1269,1302,1305,1356,1391,1403,1535,1868
242,7872,7911,878,0,1,168,777,1844,1790,492,0,0,0,449,135,404,554,696,830,825,875,929,947,914,966,925,950,992,991,1004,1041,1085,1160,1384
243,8319,8241,948,3,0,160,741,1870,1842,535,0,0,0,426,180,403,633,729,849,921,986,935,992,965,990,982,997,974,990,1094,1078,1091,1230,1393
244,11667,11819,1348,0,0,254,1120,2708,2649,787,0,0,0,655,256,546,802,1097,1212,1278,1344,1323,1405,1388,1405,1423,1361,1461,1429,1520,1532,1613,1702,2111
245,7605,7755,864,1,0,164,774,1682,1766,515,0,0,0,451,147,401,519,669,803,860,870,909,869,904,886,948,918,1008,982,964,1007,1039,1088,1372
246,9548,9454,1076,1,0,188,849,2164,2116,617,0,0,0,511,161,444,672,904,945,1074,1070,1102,1107,1152,1156,1121,1189,1171,1147,1203,1268,1215,1366,1649
247,6758,6877,776,0,0,139,628,1538,1545,432,0,0,0,348,131,362,465,569,707,728,792,776,844,782,857,841,765,878,865,857,848,884,993,1234
248,7307,7554,865,0,0,184,723,1668,1692,480,0,0,0,418,143,350,547,665,811,803,856,855,892,862,851,912,886,945,936,944,933,1012,1122,1308
249,6682,6699,803,1,0,158,644,1502,1506,489,0,0,0,390,130,338,500,605,633,751,785,730,769,776,753,837,819,849,866,884,881,849,942,1290
250,8040,8072,879,1,1,161,745,1794,1817,511,0,0,0,454,183,400,600,731,791,890,902,952,946,945,980,961,935,1049,987,987,1006,1124,1159,1371
251,8588,8632,955,0,0,170,820,1953,1992,537,0,0,0,480,168,444,599,713,869,927,1012,971,974,1031,1029,1067,1082,1075,1053,1076,1096,1174,1295,1510
252,14494,14879,1713,1,0,302,1394,3240,3328,1004,0,0,0,831,236,639,1048,1421,1578,1624,1692,1768,1687,1703,1711,1753,1860,1795,1829,1791,1890,1956,2089,2713
253,7499,7371,822,1,1,147,745,1692,1726,479,0,0,0,451,148,373,509,638,732,829,838,849,905,873,863,877,940,951,897,920,979,934,1114,1417
254,7738,7670,871,0,0,175,737,1753,1748,476,0,0,0,440,158,373,588,648,772,830,882,864,899,899,937,923,980,965,956,1002,1008,1056,1135,1316
255,8042,8014,858,0,3,171,734,1800,1748,506,0,0,0,441,164,395,550,683,831,943,958,947,927,946,939,951,927,999,1049,1021,1016,1027,1112,1437
256,8506,8691,981,0,0,186,830,1961,1932,566,0,0,0,489,216,419,659,749,867,951,1016,1009,1019,1015,987,1000,1051,1084,1046,1043,1114,1112,1231,1606
257,8180,8159,955,0,3,165,799,1843,1890,521,0,0,0,487,160,358,543,734,872,921,929,949,992,976,994,962,981,1006,1041,1037,1062,1100,1188,1456
258,7594,7569,880,1,0,154,746,1748,1689,494,0,0,0,437,149,351,569,606,819,851,939,893,950,890,880,865,908,906,954,949,980,1043,1110,1332
259,9572,9645,1113,1,0,189,939,2195,2153,638,0,0,0,562,166,499,650,870,984,1105,1131,1103,1165,1148,1202,1151,1116,1215,1159,1156,1258,1292,1388,1701
260,9138,9195,975,1,0,187,821,2086,2108,594,0,0,0,493,182,417,635,793,952,990,1033,1087,1049,1106,1064,1160,1125,1096,1095,1171,1178,1235,1307,1642
261,7671,7732,867,1,2,182,727,1664,1742,516,0,0,0,431,142,373,536,682,830,871,933,892,914,917,874,867,947,947,1008,984,973,1026,1095,1371
262,8201,8516,945,1,1,161,843,1847,1896,531,0,0,0,487,185,422,586,732,806,906,984,1000,1003,976,983,1022,1020,1002,1057,1116,1111,1117,1196,1444
263,9455,9784,1130,1,0,192,908,2153,2210,641,0,0,0,529,203,464,681,857,967,1111,1105,1094,1140,1150,1091,1116,1227,1176,1226,1219,1209,1289,1417,1728
264,7364,7351,813,0,1,150,647,1667,1611,500,0,0,0,380,148,423,504,611,735,821,875,930,862,826,842,867,880,897,927,909,935,1032,1017,1285
265,8174,8166,928,0,1,173,762,1862,1807,534,0,0,0,427,181,407,572,712,819,937,907,930,998,984,977,931,1053,979,1017,1057,1030,1120,1192,1401
266,7698,7792,860,2,0,169,709,1717,1859,510,0,0,0,409,142,373,561,689,817,838,846,891,856,910,933,882,988,956,1019,920,1035,1073,1106,1395
267,9665,9866,1108,0,0,200,951,2104,2195,623,0,0,0,541,170,456,681,863,1002,1077,1169,1189,1165,1196,1140,1191,1187,1190,1226,1243,1256,1308,1406,1675
268,10571,9980,1153,2,1,199,942,2324,2221,673,0,0,0,533,197,564,714,905,1078,1211,1184,1271,1196,1207,1237,1251,1236,1215,1246,1296,1314,1311,1458,1757
269,8483,8436,1011,0,2,176,776,1905,1934,574,0,0,0,441,158,452,578,755,840,1011,982,971,997,961,1016,1024,1089,1042,1005,1049,1070,1158,1215,1511
270,10422,11032,1250,1,0,251,1026,2341,2442,702,0,0,0,616,277,631,779,973,1012,1191,1187,1261,1276,1306,1309,1264,1292,1297,1270,1362,1354,1482,1531,1928
271,11948,11299,1384,1,1,210,1035,2603,2584,831,0,0,0,578,270,640,814,1047,1084,1287,1364,1378,1335,1449,1332,1398,1417,1445,1428,1440,1501,1590,1648,2011
272,16035,15645,1728,0,0,340,1509,3420,3567,1032,0,0,0,900,251,709,1146,1491,1651,1823,1809,1845,1795,1847,1925,1995,1897,1920,2020,2028,1987,2119,2153,2846
273,7021,7088,777,1,1,151,698,1599,1613,462,0,0,0,415,133,311,480,643,712,788,788,799,818,865,837,826,857,908,874,930,917,974,1009,1268
274,8721,8829,986,0,1,149,813,2014,1998,545,0,0,0,477,187,458,656,757,863,962,983,1043,1034,959,1051,1078,1032,1052,1090,1146,1136,1234,1253,1525
275,7552,7379,851,0,0,163,708,1684,1671,476,0,0,0,413,145,420,494,659,768,863,826,835,940,832,885,885,946,912,954,930,1008,1031,1042,1278
276,7109,7049,863,0,0,163,641,1578,1598,503,0,0,0,370,163,380,511,656,722,801,807,827,793,804,856,875,868,876,872,878,924,943,1039,1230
277,7333,7234,837,0,0,161,746,1630,1631,493,0,0,0,425,153,398,513,616,730,831,845,830,802,882,808,932,881,888,973,933,960,967,1062,1307
278,7530,7988,854,0,1,160,722,1679,1752,476,0,0,0,427,160,427,533,655,799,820,872,939,910,922,869,973,954,988,989,997,966,1021,1095,1366
279,8093,8122,944,0,0,178,742,1833,1837,578,0,0,0,446,150,415,595,723,755,877,909,953,944,925,1006,971,1031,994,1017,1048,1026,1085,1191,1464
280,7281,7331,851,1,0,165,696,1602,1619,479,0,0,0,416,134,381,530,641,704,819,852,866,898,875,886,878,871,934,917,933,895,950,1085,1276
281,7586,7622,824,0,1,159,792,1697,1718,489,0,0,0,459,148,366,535,648,843,806,888,853,882,855,931,961,945,956,941,993,984,1009,1052,1388
282,9329,9656,1083,1,0,190,949,2157,2223,674,0,0,0,557,170,473,681,856,960,1030,1055,1124,1114,1130,1125,1109,1159,1168,1122,1198,1235,1357,1345,1797
283,8882,8698,1024,0,1,186,805,1993,2048,578,0,0,0,477,187,433,611,777,947,961,1017,962,1027,1028,1055,1067,1046,1048,1097,1112,1173,1229,1258,1561
284,7060,7241,823,0,1,192,696,1557,1592,438,0,0,0,393,147,367,519,606,726,839,872,854,841,861,881,869,845,893,852,925,929,944,1057,1186
285,8651,8743,931,2,0,164,843,1964,1968,536,0,0,0,522,170,466,620,761,880,992,1013,1050,998,1022,1034,1042,1011,1052,1053,1079,1105,1181,1287,1518
286,7506,7505,941,0,2,170,758,1616,1704,535,0,0,0,447,125,388,515,670,792,827,871,891,958,962,871,963,876,891,955,904,1028,981,1059,1355
287,7424,7498,857,1,1,172,677,1661,1663,482,0,0,0,395,139,367,543,669,739,846,889,845,843,886,874,946,880,902,943,1028,895,968,1091,1337
288,11097,10642,1205,0,2,225,1032,2516,2395,716,0,0,0,608,234,561,787,916,1053,1226,1175,1235,1264,1325,1326,1358,1281,1326,1353,1400,1425,1382,1635,1941
289,8939,9211,1031,0,1,201,795,2142,2102,612,0,0,0,447,206,527,647,793,906,963,994,1051,1053,1095,1048,1094,1056,1035,1150,1112,1204,1220,1429,1595
290,9510,9607,1133,2,2,220,966,2096,2229,666,0,0,0,597,179,426,639,855,953,1111,1048,1129,1148,1144,1136,1157,1186,1204,1186,1262,1249,1260,1409,1759
291,13711,14291,1647,2,0,293,1298,3239,3166,914,0,0,0,723,272,707,951,1223,1482,1481,1647,1675,1627,1682,1650,1676,1692,1669,1757,1781,1832,1939,2028,2471
292,11405,10749,1296,2,1,259,1032,2491,2506,742,0,0,0,596,210,561,804,967,1150,1199,1326,1354,1241,1338,1280,1328,1339,1356,1397,1422,1360,1534,1629,1949
293,9151,9025,1075,2,1,172,876,2049,2036,611,0,0,0,506,173,476,661,779,884,1000,1073,1106,1031,1065,1086,1103,1095,1149,1167,1125,1264,1197,1261,1607
294,8120,8057,888,1,0,169,786,1770,1828,523,0,0,0,467,174,456,598,672,804,933,927,964,872,960,952,1004,1016,1025,993,947,1025,1116,1133,1450
295,8016,8132,906,1,0,174,750,1811,1823,518,0,0,0,440,177,374,558,718,806,904,926,924,915,985,939,996,1016,992,1010,1017,1082,1109,1136,1395
296,8399,8248,979,1,1,192,726,1912,1889,563,0,0,0,419,185,410,590,710,847,884,942,936,1011,976,986,1016,1013,1038,1046,1026,1021,1145,1235,1529
297,8491,8464,954,1,1,154,820,1969,1892,552,0,0,0,460,165,445,591,745,866,943,986,1017,1003,1034,993,1004,1004,985,1064,1073,1125,1090,1261,1491
298,9846,9600,1063,0,0,199,932,2161,2149,618,0,0,0,570,196,476,713,849,1015,1109,1095,1137,1147,1148,1216,1129,1193,1178,1184,1215,1283,1308,1358,1691
299,8435,8501,927,0,0,171,828,1900,1963,556,0,0,0,502,173,428,590,757,937,905,984,989,987,991,1002,985,1010,997,1058,1037,1153,1156,1282,1441
300,7201,7065,790,1,1,143,663,1674,1548,455,0,0,0,381,180,324,489,641,749,790,845,813,848,859,803,805,874,876,897,926,939,939,1012,1255
301,8685,8324,1019,0,0,173,803,1989,1801,600,0,0,0,461,162,404,593,765,880,959,929,1005,975,1003,1019,1094,1039,1071,1056,1117,1107,1089,1190,1547
302,7052,7229,750,1,1,155,640,1557,1628,419,0,0,0,354,126,371,529,642,706,773,858,814,851,868,814,838,904,884,879,847,947,936,990,1251
303,19877,20185,2384,0,2,424,1832,4467,4486,1400,0,0,0,1104,347,995,1461,1704,2101,2243,2359,2387,2361,2435,2335,2466,2327,2425,2484,2543,2588,2740,2862,3541
304,9055,9151,1072,0,1,173,815,2063,2056,636,0,0,0,464,188,425,682,766,905,998,1037,1055,1056,1096,1052,1145,1165,1130,1117,1136,1230,1204,1326,1554
305,9206,8998,1106,1,1,199,828,2061,2052,610,0,0,0,479,186,464,687,809,905,1020,1075,1027,1053,1075,1059,1082,1162,1160,1141,1107,1204,1213,1338,1572
306,8201,8070,943,0,1,165,792,1835,1764,578,0,0,0,492,149,391,600,737,805,914,955,972,958,950,954,971,988,1010,1010,1017,1074,1101,1205,1411
307,9906,9405,1089,3,1,216,928,2113,2098,623,0,0,0,541,187,525,682,822,995,1128,1093,1071,1174,1155,1121,1229,1175,1235,1231,1190,1234,1289,1315,1697
308,8971,9080,1054,1,0,202,893,2069,2052,626,0,0,0,510,153,428,635,811,866,976,1061,1077,1059,1067,1085,1077,1145,1116,1089,1235,1151,1191,1324,1655
309,8563,8716,968,2,0,169,799,1939,1906,566,0,0,0,475,166,434,604,747,850,1009,999,993,1006,988,1023,1079,1036,1034,1123,1117,1102,1171,1218,1518
310,7083,6883,808,1,3,152,662,1587,1563,479,0,0,0,403,170,341,515,601,724,793,805,778,853,780,787,868,861,811,903,853,905,883,1056,1305
311,7421,7206,807,0,1,147,711,1709,1608,443,0,0,0,403,153,365,508,662,757,810,820,836,882,840,851,929,883,898,900,927,962,940,1054,1316
312,7864,7647,874,0,0,163,728,1777,1694,497,0,0,0,443,149,411,544,684,771,891,939,851,902,922,920,949,897,954,956,994,987,1035,1122,1398
313,17528,17647,1963,3,2,428,1733,3863,3994,1107,0,0,0,1053,327,822,1256,1547,1786,1997,2100,2048,2072,2068,2165,2095,2163,2147,2248,2178,2306,2364,2417,3198
314,9427,9586,1100,2,1,205,904,2183,2215,618,0,0,0,510,184,470,704,880,940,1033,1091,1074,1096,1157,1128,1167,1137,1104,1213,1219,1264,1277,1394,1693
315,10203,10344,1146,1,0,189,968,2333,2314,683,0,0,0,594,194,559,771,897,1004,1174,1164,1148,1214,1202,1260,1309,1197,1229,1234,1257,1278,1464,1512,1784
316,8535,8493,947,0,0,183,750,1897,1954,535,0,0,0,426,172,430,625,773,892,968,1008,986,984,931,1022,994,1034,1049,1035,1063,1107,1139,1203,1493
317,9539,9536,1062,0,1,190,941,2181,2220,594,0,0,0,562,180,460,655,831,936,1083,1080,1131,1125,1107,1116,1113,1185,1114,1235,1218,1301,1245,1500,1654
318,9980,9446,1129,0,0,214,919,2285,2206,642,0,0,0,528,184,481,667,781,986,1085,1110,1149,1140,1184,1180,1157,1214,1185,1172,1186,1325,1271,1456,1775
319,10861,11270,1302,0,1,255,1061,2558,2469,773,0,0,0,631,188,589,748,985,1126,1227,1212,1298,1315,1295,1383,1331,1315,1357,1441,1366,1451,1513,1577,2033
320,8236,8273,996,1,2,160,786,1832,1869,596,0,0,0,467,140,387,609,737,857,967,916,982,950,982,988,983,996,996,1029,1090,1053,1102,1222,1468
321,8102,7937,882,0,0,173,740,1772,1805,512,0,0,0,423,158,403,578,728,816,878,922,938,910,933,972,949,980,1028,1021,1017,1039,1004,1161,1399
322,9198,9251,1060,2,0,200,825,2087,2102,604,0,0,0,473,181,447,656,817,976,1033,1069,1061,1039,1096,1112,1166,1146,1078,1140,1148,1168,1231,1365,1607
323,7712,7850,887,1,0,161,753,1733,1808,487,0,0,0,436,158,363,562,712,766,855,892,913,947,912,895,970,973,938,949,1010,1026,1022,1130,1371
324,11811,12263,1380,0,1,252,1104,2687,2709,800,0,0,0,672,234,587,873,1066,1218,1319,1424,1374,1420,1440,1421,1459,1478,1403,1514,1514,1584,1634,1758,2091
325,7862,7850,902,0,0,185,794,1748,1795,524,0,0,0,469,158,392,571,695,821,854,905,904,885,923,908,1001,1015,957,979,993,1023,982,1151,1476
326,7654,7585,891,0,0,145,710,1725,1700,538,0,0,0,443,172,373,546,649,716,855,910,941,916,880,851,869,964,964,926,933,984,1073,1059,1404
327,7181,7190,842,0,0,159,703,1632,1621,481,0,0,0,436,179,383,531,656,693,808,833,788,879,901,832,839,871,858,874,864,951,929,1084,1322
328,8105,8067,933,1,1,180,728,1797,1839,524,0,0,0,413,161,379,572,761,810,910,922,945,979,1020,944,953,1022,960,955,982,1020,1047,1204,1469
329,9570,9981,1135,1,2,195,975,2257,2230,677,0,0,0,580,167,493,697,852,974,1071,1163,1156,1150,1108,1165,1198,1202,1203,1209,1240,1276,1340,1415,1780
330,10229,10349,1177,0,1,222,987,2248,2343,664,0,0,0,551,275,562,757,850,988,1116,1211,1188,1254,1206,1233,1220,1295,1259,1284,1351,1310,1344,1519,1743
331,8668,8406,948,1,1,190,814,1948,1942,547,0,0,0,477,183,453,598,806,866,965,970,963,1044,956,1043,996,1056,1021,1054,1042,1109,1185,1226,1492
332,7663,7431,824,0,0,162,702,1767,1683,489,0,0,0,407,171,364,523,656,795,836,886,822,845,815,828,965,894,956,1005,984,972,1040,1072,1353
333,15981,16115,1774,1,3,342,1547,3594,3603,1030,0,0,0,935,276,672,1106,1522,1744,1799,1827,1873,1867,1958,1888,1944,1925,2030,2026,1972,2111,2091,2240,2892
334,7089,7292,842,0,1,156,692,1569,1625,480,0,0,0,425,147,396,538,635,733,777,801,788,864,824,866,887,887,920,893,874,964,937,1050,1291
335,7581,7432,865,0,0,142,734,1691,1779,507,0,0,0,432,146,402,576,690,698,825,854,857,854,861,909,899,911,918,950,941,987,1030,1038,1408
336,7727,7595,916,0,1,155,687,1780,1690,508,0,0,0,393,161,350,536,669,794,867,875,883,893,905,930,901,964,949,965,975,970,982,1149,1363
337,7738,7832,923,1,1,173,730,1774,1711,509,0,0,0,451,177,401,558,661,791,893,870,907,890,928,938,959,978,920,936,1026,987,1026,1150,1402
338,8397,8309,993,1,2,172,836,1910,1880,613,0,0,0,518,159,402,580,723,890,1014,989,920,957,968,995,1006,989,1065,979,1099,1129,1128,1220,1498
339,11777,11423,1226,3,2,215,1036,2705,2589,667,0,0,0,616,251,603,821,961,1177,1271,1353,1361,1333,1379,1327,1311,1446,1491,1382,1498,1510,1566,1580,2061
340,9096,8944,1064,1,4,160,861,2059,2047,604,0,0,0,519,145,417,672,830,916,1069,1051,1010,1041,1046,1053,1097,1105,1064,1125,1168,1169,1229,1278,1645
341,7228,7317,839,1,0,152,666,1679,1693,481,0,0,0,393,133,340,523,621,717,842,830,829,830,871,813,912,894,926,881,910,922,966,1089,1354
342,8068,8181,936,0,0,193,736,1805,1840,558,0,0,0,420,165,384,626,714,862,913,898,914,914,949,938,1023,940,1070,995,1036,1055,1077,1169,1472
343,7708,7829,890,0,1,165,723,1720,1744,541,0,0,0,427,174,379,577,677,759,819,881,918,935,947,921,943,960,964,919,980,1062,1062,1113,1326
344,8244,8248,977,2,0,186,758,1878,1877,537,0,0,0,415,153,381,592,738,834,945,965,989,983,1029,947,984,995,1030,1007,1005,1032,1092,1225,1489
345,8029,7951,858,0,0,169,755,1834,1826,487,0,0,0,454,158,389,539,738,837,888,925,896,984,954,981,881,967,964,941,1009,1059,1112,1129,1411
346,7798,7897,896,2,1,173,756,1659,1755,506,0,0,0,441,137,415,578,710,823,927,950,897,872,920,934,940,963,1017,992,953,1023,1038,1100,1334
347,7140,7084,826,0,1,164,660,1564,1621,481,0,0,0,387,134,365,538,605,699,766,812,793,860,892,846,825,924,851,906,925,918,948,1020,1248
348,13689,12962,1484,0,1,258,1238,3116,2969,834,0,0,0,735,272,613,924,1161,1319,1493,1495,1528,1582,1538,1640,1619,1656,1634,1642,1700,1775,1851,1849,2341
349,8171,8163,913,0,3,186,772,1867,1895,520,0,0,0,418,153,390,570,689,832,873,910,938,990,946,1001,1017,994,1015,1000,1009,1132,1075,1204,1470
350,7920,7852,923,1,1,162,771,1790,1787,547,0,0,0,437,166,394,561,684,834,847,920,902,923,964,935,889,978,945,1010,996,1108,1100,1106,1368
351,8663,8488,879,0,1,161,736,1954,1952,537,0,0,0,440,184,421,623,751,813,902,995,1017,979,992,1015,1018,1066,1033,1087,1070,1115,1196,1199,1452
352,7889,7827,951,1,1,169,745,1819,1849,552,0,0,0,416,164,392,528,670,795,853,906,926,949,933,941,979,902,942,934,1021,1056,1113,1117,1462
353,8217,8023,896,0,0,163,779,1813,1793,542,0,0,0,427,174,419,561,719,865,885,882,913,979,968,942,1051,997,982,1017,1039,1083,1090,1109,1403
354,8506,8650,963,1,1,176,815,1979,1933,577,0,0,0,487,167,395,635,756,835,981,1025,994,999,1008,989,1049,1040,1066,1058,1063,1144,1096,1270,1542
355,7956,7960,906,0,0,182,762,1851,1787,517,0,0,0,442,172,413,542,723,763,867,924,899,894,946,939,948,977,1023,1054,979,1013,1093,1171,1426
356,17712,18761,2036,0,4,365,1759,4093,4142,1144,0,0,0,1022,339,859,1257,1664,1834,2048,2051,2155,2179,2105,2195,2170,2203,2329,2239,2387,2290,2412,2601,3320
357,11707,12281,1344,0,1,254,1107,2642,2658,770,0,0,0,652,252,587,888,1061,1232,1339,1405,1378,1360,1461,1396,1479,1437,1475,1502,1539,1523,1602,1673,2105
358,8307,8215,1003,2,1,190,799,1854,1880,576,0,0,0,479,163,459,584,711,834,945,974,966,988,1000,976,1008,979,1000,1007,1050,1086,1102,1198,1487
359,8797,9081,1000,1,0,188,877,1995,2021,581,0,0,0,533,170,454,630,769,901,984,1013,1080,1067,1042,1077,1097,1055,1101,1090,1153,1191,1183,1271,1616
360,7222,7329,828,0,1,143,702,1624,1680,473,0,0,0,404,146,386,571,617,779,793,860,827,874,825,861,898,878,885,893,847,940,1023,1044,1278
361,8459,8460,958,1,0,160,783,1912,1848,566,0,0,0,453,161,424,603,776,863,887,1014,991,964,1067,1011,958,1015,1083,1046,1066,1075,1132,1219,1466
362,8150,8432,903,2,0,166,820,1897,1855,518,0,0,0,464,200,440,611,719,827,929,891,936,941,998,981,1021,980,1059,1019,1024,1111,1070,1235,1481
363,12709,13199,1459,2,1,286,1159,2880,2962,852,0,0,0,708,249,651,963,1100,1337,1429,1468,1533,1518,1504,1535,1550,1627,1600,1572,1609,1689,1730,1911,2240
364,7318,7380,799,0,0,134,728,1687,1653,437,0,0,0,413,128,354,528,642,802,814,790,865,856,921,863,888,884,865,954,888,981,1001,1058,1277
365,9140,8935,1078,0,0,185,898,1989,2073,611,0,0,0,522,215,486,666,784,857,959,1108,1033,1095,1079,1034,1117,1092,1126,1129,1122,1230,1216,1316,1572
366,7270,7429,828,0,0,156,641,1645,1676,504,0,0,0,394,137,331,482,660,719,838,851,853,863,882,874,879,906,873,932,943,989,960,1060,1292
367,7880,7818,860,0,0,175,736,1745,1851,488,0,0,0,436,162,398,577,676,757,962,881,863,907,932,900,937,977,1001,970,966,1006,1088,1115,1394
368,7562,7621,875,0,0,152,650,1651,1696,506,0,0,0,403,139,406,560,670,788,868,883,883,909,927,898,893,903,918,924,960,949,997,1083,1302
369,7015,7082,774,0,1,169,616,1613,1599,478,0,0,0,369,140,393,468,642,715,691,803,798,774,850,852,848,867,895,888,856,900,979,1006,1292
370,7575,7606,892,0,0,173,727,1721,1721,526,0,0,0,413,157,399,539,643,735,832,865,856,913,928,867,946,956,937,955,976,978,1059,1098,1334
371,7909,8008,912,1,1,207,783,1733,1806,524,0,0,0,478,188,420,573,697,780,884,946,950,937,947,932,909,977,998,944,1078,1068,1040,1159,1394
372,9693,9732,1131,0,0,178,970,2217,2110,666,0,0,0,576,191,453,695,842,951,1057,1180,1157,1129,1169,1160,1151,1220,1231,1205,1236,1311,1258,1443,1665
373,10359,10497,1194,2,2,221,1019,2313,2362,707,0,0,0,597,178,485,765,965,1140,1169,1208,1216,1255,1235,1247,1234,1210,1279,1301,1290,1327,1370,1518,1902
374,7505,7413,847,0,1,148,741,1700,1661,490,0,0,0,456,153,397,553,657,782,854,874,871,878,878,911,895,919,880,910,893,948,1011,1002,1389
375,11080,10495,1249,1,1,249,979,2484,2452,727,0,0,0,581,220,578,805,915,1028,1145,1245,1287,1312,1248,1283,1316,1290,1325,1272,1409,1411,1459,1506,2000
376,7456,7545,896,1,0,175,748,1656,1664,502,0,0,0,442,155,395,508,666,769,867,894,882,927,839,956,905,880,957,878,954,982,1011,1118,1278
377,9189,9088,1088,2,0,194,928,2140,2054,649,0,0,0,551,183,439,678,836,927,978,1050,1043,1079,1040,1115,1089,1106,1135,1174,1112,1237,1275,1316,1677
378,7815,7904,869,0,0,161,750,1804,1700,507,0,0,0,454,172,399,595,680,780,889,933,896,903,884,934,943,977,983,971,940,1045,1055,1104,1416
379,9182,9235,1009,2,0,200,892,2029,2126,562,0,0,0,492,142,409,644,894,979,1016,1033,1047,1083,1134,1104,1106,1136,1092,1184,1183,1181,1267,1278,1608
380,8149,8327,985,1,4,181,758,1844,1914,593,0,0,0,448,169,393,568,743,859,866,967,972,1010,964,987,1010,959,999,995,1029,1065,1124,1208,1518
381,7758,7851,879,0,2,160,743,1712,1766,525,0,0,0,441,180,431,574,693,767,900,852,870,939,906,929,923,1022,963,956,940,1017,1031,1081,1419
382,8252,8310,944,0,2,177,762,1894,1875,559,0,0,0,442,135,412,529,737,836,927,948,988,1006,982,957,1016,982,1001,1078,1076,1052,1093,1215,1477
383,9874,10099,1100,1,1,198,994,2286,2240,636,0,0,0,603,180,547,702,869,985,1074,1155,1141,1210,1208,1158,1205,1223,1183,1236,1286,1323,1345,1472,1765
384,9017,8837,944,1,1,199,864,2050,2079,567,0,0,0,503,162,460,621,718,928,983,1024,1064,1026,1055,1042,1071,1105,1061,1125,1097,1190,1200,1316,1615
385,11484,11560,1300,1,1,230,1058,2619,2641,712,0,0,0,659,254,580,849,1052,1153,1270,1327,1317,1367,1398,1272,1356,1433,1401,1431,1445,1519,1550,1664,1996
386,15511,15989,1817,0,1,346,1472,3540,3579,1030,0,0,0,880,238,681,1110,1484,1641,1806,1830,1853,1895,1861,1880,1840,1865,1878,1975,2117,2041,2113,2202,2826
387,10253,9888,1157,0,1,221,958,2359,2231,667,0,0,0,568,195,452,722,940,1092,1114,1152,1177,1144,1166,1188,1189,1241,1205,1275,1292,1294,1340,1496,1804
388,7150,7084,819,0,0,165,676,1579,1576,455,0,0,0,401,170,390,534,574,716,820,798,792,891,848,816,807,837,888,941,966,908,912,1017,1269
389,11115,10966,1269,0,0,231,1109,2509,2456,743,0,0,0,641,216,593,824,901,1127,1235,1306,1362,1295,1294,1311,1220,1342,1382,1376,1400,1510,1455,1550,1991
390,9462,9495,1097,0,1,204,876,2285,2017,654,0,0,0,509,226,488,674,828,931,1013,1117,1126,1112,1150,1136,1094,1149,1121,1195,1184,1249,1281,1353,1708
391,8611,8410,975,0,0,190,834,1929,1917,540,0,0,0,499,158,429,590,740,878,974,981,1020,1019,1029,973,1009,1002,1104,1056,1073,1121,1157,1209,1498
392,7701,7832,906,0,0,185,745,1749,1806,514,0,0,0,462,171,346,537,661,782,920,886,934,876,930,942,933,915,982,957,982,969,1079,1141,1426
393,7598,7537,888,2,2,189,694,1726,1671,502,0,0,0,405,153,363,543,665,782,843,897,895,864,950,867,890,934,927,967,973,955,1073,1036,1333
394,9124,8705,998,0,0,201,845,2002,1998,593,0,0,0,507,157,435,652,757,939,984,1025,1098,1026,1101,1046,1070,1022,1085,1117,1160,1154,1194,1270,1581
395,7118,7291,872,0,0,160,702,1578,1736,479,0,0,0,410,167,368,496,622,728,765,782,848,863,867,821,861,889,932,888,911,966,1011,1047,1311
396,10246,10909,1202,0,1,219,962,2400,2363,697,0,0,0,575,224,583,732,925,983,1154,1238,1252,1227,1234,1240,1366,1266,1289,1313,1331,1372,1478,1519,1813
397,7417,7529,805,0,1,162,771,1652,1741,473,0,0,0,434,142,378,503,658,743,764,898,948,911,870,849,886,943,916,952,950,972,1004,1097,1301
398,8212,7952,935,1,0,176,744,1797,1852,519,0,0,0,419,166,423,547,711,783,906,941,952,966,981,978,977,985,1009,972,1050,1039,1042,1150,1442
399,10846,10636,1202,1,0,223,1037,2462,2429,697,0,0,0,603,198,527,772,966,1127,1179,1182,1275,1241,1273,1233,1270,1275,1314,1374,1385,1465,1420,1554,1915
400,7482,7662,893,0,2,168,705,1731,1681,528,0,0,0,417,136,371,544,699,787,829,871,894,878,843,893,883,971,969,941,985,1013,1026,1060,1319
401,9367,9740,1117,0,1,202,884,2207,2025,628,0,0,0,496,208,548,703,841,958,1062,1149,1101,1112,1157,1130,1160,1180,1152,1195,1170,1194,1247,1387,1657
402,8464,9040,978,1,3,175,793,1947,1948,562,0,0,0,466,246,469,620,768,846,983,990,1046,1067,1006,1119,1044,992,1065,1089,1110,1073,1135,1269,1517
403,8409,8371,950,4,0,168,762,1878,1845,536,0,0,0,454,192,399,612,755,871,911,938,964,1013,996,1038,982,1001,1037,1052,1088,998,1135,1174,1508
404,11256,11703,1331,0,0,231,1084,2570,2687,814,0,0,0,616,225,553,837,1020,1167,1297,1325,1322,1308,1336,1330,1346,1353,1474,1395,1491,1517,1589,1621,2099
405,8837,8669,1019,0,0,201,832,2044,1893,605,0,0,0,486,204,446,651,786,823,978,1023,1008,1021,1010,992,1025,1092,1115,1137,1151,1131,1168,1251,1546
406,7396,7296,809,1,3,153,700,1663,1692,479,0,0,0,405,150,399,540,663,705,825,878,817,868,927,861,837,898,903,913,901,931,978,1062,1302
407,11024,11361,1242,1,0,238,1117,2486,2517,712,0,0,0,661,192,537,816,993,1101,1297,1198,1322,1345,1331,1350,1377,1400,1411,1369,1410,1443,1518,1636,1937
408,7735,7820,891,0,0,165,716,1753,1814,518,0,0,0,408,154,395,543,686,742,862,904,918,877,869,969,961,952,946,955,1015,974,1097,1087,1421
409,7096,7055,849,0,0,167,686,1633,1556,488,0,0,0,393,160,346,498,595,733,751,813,857,826,815,889,812,884,961,894,845,903,971,1036,1264
410,8832,8586,983,0,0,199,845,1997,1936,565,0,0,0,523,186,436,655,841,915,986,972,1007,999,1009,1046,1035,1021,1142,1027,1043,1106,1227,1203,1589
411,8723,8670,980,0,1,192,806,1932,1983,576,0,0,0,489,165,399,621,729,893,973,1016,1028,988,1125,1125,992,1011,1097,1087,1069,1090,1159,1266,1539
412,8295,8180,916,1,2,184,758,1857,1833,563,0,0,0,457,168,398,578,742,856,897,1010,962,947,981,976,997,923,1037,1028,1027,1082,1068,1223,1436
413,10231,9700,1154,1,2,213,1000,2216,2244,682,0,0,0,572,172,486,730,917,977,1124,1151,1149,1195,1180,1242,1218,1190,1145,1302,1261,1263,1376,1491,1732
414,7114,7063,821,1,0,151,715,1498,1576,481,0,0,0,444,148,356,519,601,696,786,805,832,869,833,859,864,865,938,907,864,909,962,993,1259
415,9074,9106,1027,1,1,193,904,2040,2122,600,0,0,0,539,202,486,680,762,882,969,1056,1013,1069,1082,1057,1077,1075,1218,1120,1173,1151,1248,1332,1654
416,8374,8431,936,0,1,187,810,1884,1916,549,0,0,0,474,180,380,585,734,836,941,1003,1022,981,1002,1037,1011,1006,1026,1029,1008,1098,1155,1215,1490
417,8330,8308,948,0,3,175,812,1897,1880,545,0,0,0,456,176,422,584,720,852,923,926,954,937,1009,961,1006,959,1097,1102,1062,1096,1130,1214,1446
418,7375,7550,853,0,1,156,748,1690,1734,506,0,0,0,473,129,332,516,682,725,839,882,889,872,906,890,868,876,915,899,931,991,1058,1136,1347
419,7414,7243,854,1,3,176,740,1684,1686,461,0,0,0,414,181,365,522,686,714,824,875,869,818,869,839,891,857,892,948,898,1018,984,1073,1308
420,6878,7008,818,0,2,144,646,1508,1539,471,0,0,0,347,175,375,527,652,681,771,815,839,813,784,801,858,838,889,872,819,884,917,975,1211
421,6716,6792,782,0,0,121,662,1569,1485,476,0,0,0,369,145,337,486,572,676,736,771,807,822,814,798,810,822,834,858,824,861,882,961,1257
422,7900,8028,979,2,0,166,735,1799,1782,583,0,0,0,419,185,423,576,680,814,867,916,906,918,961,947,926,1033,1038,954,967,1053,1028,1184,1434
423,7825,7747,929,1,1,156,706,1723,1765,509,0,0,0,396,151,407,555,672,795,854,919,900,922,947,921,873,977,943,1029,1016,1031,1060,1122,1271
424,8060,8411,976,2,4,194,773,1868,1882,577,0,0,0,436,145,432,597,733,851,947,993,986,922,990,1014,950,913,1069,1002,1061,1027,1112,1177,1499
425,7884,7809,877,1,0,148,700,1689,1804,527,0,0,0,391,154,412,527,715,789,899,873,897,962,952,929,948,965,935,952,990,962,1057,1125,1376
426,6541,6548,823,0,0,138,630,1519,1485,476,0,0,0,356,147,329,458,594,677,714,721,795,733,756,754,811,776,785,856,816,847,943,951,1217
427,8113,7990,953,1,0,162,738,1817,1783,537,0,0,0,446,162,418,599,677,895,892,934,915,954,944,962,951,919,977,1051,1029,1105,1034,1123,1416
428,7941,8012,942,0,0,179,728,1837,1792,554,0,0,0,427,163,413,571,704,774,921,925,841,932,984,982,890,899,1038,1013,1024,1074,1103,1098,1453
429,7170,7043,788,1,0,152,691,1632,1631,431,0,0,0,384,155,380,506,623,707,747,854,768,842,838,871,811,884,859,899,889,919,968,1033,1292
430,8068,7929,891,0,0,185,722,1778,1845,529,0,0,0,425,155,390,552,696,822,908,920,964,943,955,936,929,935,977,1006,1026,1019,1063,1186,1413
431,7225,7291,795,0,0,148,686,1656,1602,476,0,0,0,371,148,356,558,611,719,800,855,812,828,823,851,890,906,918,961,912,908,996,1040,1253
432,16821,17761,2129,3,4,356,1559,4017,3924,1220,0,0,0,945,350,885,1196,1545,1736,1913,1995,1990,2079,1974,1983,2005,2108,2136,2254,2224,2203,2311,2540,3206
433,6692,6806,773,2,1,144,606,1493,1535,444,0,0,0,357,147,345,467,597,702,741,773,798,767,814,779,834,811,838,832,858,888,898,938,1197
434,7945,7698,916,1,0,174,712,1784,1744,542,0,0,0,423,183,410,535,666,824,878,907,853,900,951,887,982,974,939,995,986,1031,1034,1114,1397
435,8260,8317,911,3,1,195,727,1869,1805,508,0,0,0,437,201,396,610,768,825,949,919,1022,991,1022,945,953,1051,1046,974,991,1140,1095,1130,1386
436,7765,7794,919,3,2,183,743,1780,1759,496,0,0,0,441,162,340,539,677,840,867,870,951,916,946,902,925,982,960,966,953,947,1050,1184,1432
437,10104,9949,1137,1,1,197,968,2226,2225,644,0,0,0,562,185,467,711,875,1030,1146,1174,1214,1167,1197,1182,1195,1225,1261,1236,1315,1263,1304,1473,1737
438,8589,8425,946,2,1,181,785,1911,1974,531,0,0,0,467,158,444,591,706,798,964,970,1077,978,1013,1001,996,1067,1073,1044,1100,1082,1138,1223,1506
439,6942,7090,817,2,0,164,658,1595,1653,458,0,0,0,368,165,399,518,618,729,736,798,805,810,837,815,849,836,855,832,933,887,955,1055,1241
440,10204,10018,1115,2,0,211,970,2237,2260,627,0,0,0,548,213,523,729,925,1031,1136,1131,1158,1138,1167,1226,1234,1268,1313,1229,1288,1264,1361,1417,1769
441,7792,7967,865,2,2,165,747,1760,1769,509,0,0,0,436,163,352,591,690,823,882,909,930,920,957,926,952,903,956,978,998,1053,1024,1112,1421
442,7543,7618,904,0,1,159,705,1723,1733,514,0,0,0,413,138,374,551,680,737,848,854,922,863,915,908,908,914,961,927,915,999,1027,1099,1390
443,9483,9609,1141,0,1,217,895,2164,2148,664,0,0,0,543,164,455,729,770,1018,1053,1126,1120,1130,1164,1179,1134,1165,1154,1113,1218,1220,1336,1334,1764
444,7400,7476,854,1,2,158,733,1677,1702,491,0,0,0,436,166,358,540,628,730,833,908,873,864,869,887,944,913,838,927,917,972,1009,1069,1379
445,8422,8232,979,1,1,166,762,1891,1916,581,0,0,0,443,176,432,586,729,856,963,937,945,942,979,961,1001,970,1009,1049,1070,1171,1128,1165,1494
446,8626,8219,956,1,2,183,813,1908,1918,560,0,0,0,466,160,403,610,686,866,940,976,1020,996,1003,958,982,1011,1051,1093,1058,1075,1136,1227,1549
447,7822,7762,922,4,2,168,740,1822,1744,502,0,0,0,429,186,411,540,662,773,835,878,859,975,917,916,951,878,1007,1015,1008,1037,1046,1130,1396
448,7652,7631,876,1,0,158,732,1692,1695,524,0,0,0,441,135,375,523,690,784,845,920,848,885,966,898,890,940,996,935,985,977,1068,1058,1332
449,7872,7994,983,1,0,180,794,1836,1758,548,0,0,0,490,174,425,562,656,801,890,895,906,943,928,996,967,962,969,941,1045,1024,1119,1163,1458
450,7077,7172,797,0,0,159,650,1515,1625,444,0,0,0,383,164,358,510,574,687,812,826,832,866,880,834,867,905,923,848,872,911,915,995,1276
451,7783,7917,953,0,1,171,706,1817,1796,554,0,0,0,407,168,388,521,686,748,846,947,921,892,918,946,955,986,987,941,1000,1036,1093,1126,1426
452,7649,7466,868,1,0,159,725,1748,1663,503,0,0,0,436,158,343,557,657,774,889,914,815,876,895,892,873,939,931,917,941,1022,1048,1078,1349
453,8405,8332,942,1,1,172,818,1898,1922,544,0,0,0,485,179,387,633,755,847,883,975,931,973,1014,1019,951,1031,1040,1051,1072,1044,1154,1220,1512
454,7307,7470,832,0,1,170,711,1672,1667,498,0,0,0,400,165,373,558,654,783,801,855,840,811,853,854,913,924,881,956,936,998,963,1063,1310
455,7124,7059,756,1,0,135,671,1607,1613,445,0,0,0,385,170,343,513,608,726,764,771,813,861,864,845,847,817,869,930,895,888,921,1025,1276
456,7209,7377,852,0,1,155,648,1590,1632,490,0,0,0,393,145,355,562,666,709,801,838,861,818,842,891,909,903,930,910,925,923,961,1036,1257
457,7793,7607,875,1,1,167,727,1753,1715,507,0,0,0,429,153,375,526,686,769,851,941,851,893,963,963,963,950,924,904,965,950,1053,1089,1402
458,8344,8381,1014,4,3,191,815,1852,1872,575,0,0,0,472,177,379,605,739,894,939,952,972,948,1033,997,1016,1025,1043,1077,1024,1032,1092,1227,1581
459,7227,7218,813,0,1,145,676,1593,1653,464,0,0,0,399,148,365,556,646,711,817,781,846,839,887,844,861,864,879,904,986,919,982,999,1246
460,11061,11371,1277,1,0,264,1082,2544,2560,735,0,0,0,612,254,600,781,949,1079,1257,1292,1283,1317,1376,1297,1340,1332,1429,1397,1512,1477,1476,1626,1982
461,7792,7997,905,0,0,162,750,1782,1869,520,0,0,0,446,156,401,579,709,818,848,873,864,922,961,877,979,964,992,925,1049,1059,1082,1170,1378
462,7204,7308,803,1,0,152,674,1644,1661,474,0,0,0,397,161,368,565,612,784,798,840,806,869,858,834,857,853,887,868,886,966,1024,1040,1266
463,8634,8507,961,1,0,155,776,1925,2024,560,0,0,0,463,181,455,638,748,814,913,974,1012,967,1015,1026,1041,1014,1025,1076,1078,1144,1168,1176,1569
464,11916,10921,1230,0,1,236,999,2647,2533,695,0,0,0,579,243,612,799,917,1081,1276,1316,1279,1357,1334,1399,1339,1444,1422,1439,1491,1458,1481,1619,1997
465,7277,7213,798,0,1,143,670,1719,1675,439,0,0,0,405,153,325,525,645,718,807,830,811,824,901,855,840,866,842,933,920,947,989,1007,1364
466,9916,9777,1102,2,0,189,951,2198,2262,635,0,0,0,569,172,474,666,862,1017,1089,1146,1218,1195,1186,1165,1177,1214,1191,1222,1201,1327,1261,1381,1773
467,9120,9470,1104,0,0,193,882,2053,2093,615,0,0,0,513,209,483,648,815,973,1035,1095,1067,1116,1101,1143,1071,1144,1155,1173,1160,1159,1248,1305,1669
468,8336,8256,986,1,1,215,770,1775,1816,578,0,0,0,446,178,394,624,745,851,906,960,994,1022,984,1025,975,1035,1033,1015,1067,1046,1081,1222,1408
469,10273,10315,1195,1,1,212,1009,2357,2256,682,0,0,0,591,241,558,773,883,1057,1076,1131,1277,1193,1267,1225,1157,1240,1289,1322,1269,1383,1375,1443,1847
470,8481,8728,985,0,0,196,801,2000,1965,566,0,0,0,467,161,412,607,781,842,983,982,989,987,991,1049,1015,1063,1003,1111,1114,1086,1188,1279,1548
471,8964,8830,1023,0,0,179,817,1980,1974,575,0,0,0,451,161,446,617,787,916,1016,1088,961,1052,1078,1054,1014,1099,1116,1118,1173,1157,1146,1277,1537
472,7261,7125,814,0,1,153,616,1624,1589,464,0,0,0,362,149,338,521,705,723,791,821,819,884,824,865,891,855,819,911,858,972,994,1022,1208
473,7330,7312,854,1,0,148,746,1631,1593,498,0,0,0,443,147,369,533,645,764,775,850,912,829,801,897,917,915,887,889,969,964,971,1010,1347
474,19484,20670,2313,3,2,431,1821,4387,4624,1327,0,0,0,1082,385,1018,1500,1840,2003,2278,2361,2273,2330,2243,2377,2462,2453,2434,2505,2557,2587,2678,2828,3612
475,8090,8156,930,1,0,181,761,1787,1849,545,0,0,0,446,165,394,569,743,856,896,970,975,969,966,986,971,992,1017,939,956,1037,1083,1145,1490
476,7800,7889,869,0,0,169,758,1816,1749,503,0,0,0,418,182,399,567,660,793,879,907,903,914,962,930,940,980,936,1000,996,976,1029,1165,1367
477,8038,8187,933,0,0,175,788,1799,1826,535,0,0,0,485,187,428,598,766,780,897,892,917,932,980,939,1006,1008,967,1064,1048,1054,1127,1113,1418
478,8614,8617,1030,2,2,181,813,1869,1910,593,0,0,0,497,182,469,620,820,851,984,1017,1046,1003,989,1077,1035,1042,1053,1020,1062,1114,1166,1190,1519
479,8144,8169,959,0,1,147,818,1813,1856,566,0,0,0,489,177,409,588,710,807,941,922,946,937,957,984,955,1007,1040,1002,1015,1061,1066,1184,1530
480,9354,9248,1060,0,0,190,770,2118,2133,617,0,0,0,452,187,475,650,832,982,988,1032,1074,1059,1117,1170,1122,1126,1107,1112,1182,1212,1201,1406,1588
481,7982,7776,945,0,1,161,754,1794,1774,559,0,0,0,414,187,416,538,678,848,828,862,900,977,964,959,924,927,974,981,1020,1062,1041,1125,1408
482,8660,8884,1042,0,1,197,839,1985,1992,591,0,0,0,490,198,464,627,748,844,960,1023,1018,1066,1045,1014,1061,1044,1082,1138,1132,1176,1184,1222,1577
483,9714,10096,1126,3,1,197,881,2200,2278,669,0,0,0,500,189,465,744,874,973,1082,1158,1124,1165,1159,1185,1171,1213,1229,1247,1311,1214,1255,1406,1854
484,8721,8919,1022,0,1,184,887,1945,2025,582,0,0,0,513,158,418,644,731,882,1037,1032,1031,1052,1076,1111,1046,1058,1086,1086,1098,1147,1166,1251,1624
485,8091,8234,903,0,1,174,779,1828,1869,519,0,0,0,465,152,438,596,734,805,938,898,936,934,1014,941,1018,943,1045,983,1040,1088,1106,1156,1417
486,7578,7621,873,0,0,152,695,1703,1769,526,0,0,0,401,165,381,547,692,746,845,867,817,883,915,890,933,925,930,963,943,987,1018,1068,1404
487,7762,7729,826,1,0,155,732,1751,1777,501,0,0,0,433,159,431,523,658,781,827,903,949,922,915,851,890,891,1017,903,999,1013,1030,1129,1414
488,8304,8321,948,0,0,176,757,1795,1936,541,0,0,0,447,174,400,602,741,952,873,949,940,920,1038,991,991,1026,1020,1008,1034,1085,1071,1234,1457
489,9600,9574,1128,1,3,194,863,2142,2230,653,0,0,0,509,186,468,726,851,1013,1018,1084,1118,1191,1128,1126,1156,1126,1149,1155,1201,1291,1329,1419,1628
490,8254,8138,957,3,0,157,782,1896,1796,565,0,0,0,459,170,388,607,752,794,923,944,948,932,971,956,1023,1000,1012,1033,1048,1050,1063,1198,1479
491,9138,9584,1094,0,1,171,873,2179,2050,615,0,0,0,522,208,523,704,850,942,976,1022,1102,1113,1093,1054,1146,1139,1178,1123,1230,1167,1280,1361,1650
492,8351,8072,957,0,0,165,713,1841,1909,539,0,0,0,416,193,410,595,723,803,911,918,972,939,940,964,1029,1011,1004,1008,1007,1085,1078,1182,1486
493,7584,7650,884,0,0,164,705,1700,1681,494,0,0,0,423,161,357,521,655,818,755,901,938,884,917,978,905,924,952,962,960,983,990,1109,1317
494,8304,8255,938,1,1,189,748,1859,1959,553,0,0,0,452,167,408,571,749,792,950,964,984,999,975,942,969,983,1009,995,1097,1085,1113,1195,1489
495,35005,36983,4190,5,1,743,3250,8201,8171,2423,0,0,0,1908,803,1973,2508,3103,3593,4032,4096,4166,4266,4242,4166,4214,4360,4535,4419,4599,4690,4921,5233,6258
496,7321,7433,793,0,1,153,692,1658,1725,462,0,0,0,411,138,340,512,650,739,809,874,854,847,893,927,858,844,893,949,959,978,976,1022,1331
497,7369,7615,886,3,0,159,735,1611,1750,499,0,0,0,443,172,365,571,675,789,821,855,836,865,888,885,893,926,917,947,936,1019,1027,1041,1339
498,7389,7182,777,0,0,120,706,1631,1577,435,0,0,0,425,164,360,515,672,745,839,875,839,872,839,862,846,895,903,927,906,920,952,988,1255
499,8268,8041,981,1,2,188,798,1954,1823,581,0,0,0,454,170,407,582,680,766,926,925,973,916,1003,984,959,990,993,1044,1028,1122,1072,1218,1521
500,10054,9901,1118,0,0,194,912,2264,2321,644,0,0,0,525,193,469,704,927,1058,1112,1087,1190,1211,1133,1166,1176,1219,1222,1174,1296,1323,1410,1398,1711
501,8263,8030,975,1,2,171,731,1882,1784,558,0,0,0,421,178,408,618,717,867,903,958,985,896,911,983,916,997,1015,1061,1005,1041,1107,1146,1461
502,10266,10869,1175,1,0,241,983,2337,2370,666,0,0,0,558,271,543,770,944,1055,1123,1248,1264,1219,1292,1197,1329,1300,1307,1282,1359,1360,1392,1473,1807
503,14501,15508,1716,3,3,322,1405,3337,3456,994,0,0,0,821,253,700,1070,1318,1551,1654,1746,1741,1766,1789,1763,1774,1774,1912,1849,1952,1955,2004,2125,2762
504,8187,8369,933,2,2,205,786,1844,1838,555,0,0,0,460,182,433,597,700,881,938,990,967,985,961,968,986,1040,979,972,1062,1080,1093,1229,1441
505,12083,12032,1428,0,2,248,1137,2825,2753,838,0,0,0,679,191,512,844,1077,1301,1412,1342,1439,1383,1423,1422,1377,1459,1463,1518,1560,1590,1649,1754,2214
506,10069,10350,1199,0,1,220,974,2381,2279,703,0,0,0,567,238,534,753,908,1060,1139,1113,1188,1135,1160,1193,1267,1250,1248,1279,1287,1299,1401,1487,1874
507,14420,13457,1622,2,2,320,1349,3164,3089,936,0,0,0,806,297,728,1061,1198,1403,1531,1601,1573,1649,1600,1685,1682,1696,1781,1739,1776,1769,1933,1982,2488
508,7586,7594,898,0,2,127,703,1715,1745,540,0,0,0,426,173,377,582,674,810,832,861,908,868,868,878,863,935,931,909,925,1042,1003,1081,1390
509,14648,15007,1685,1,2,302,1401,3402,3357,941,0,0,0,838,275,660,1048,1348,1603,1686,1607,1691,1788,1721,1803,1758,1765,1795,1846,1908,1968,2003,2181,2592
510,16927,17931,2162,2,0,353,1638,3926,3987,1216,0,0,0,974,331,831,1274,1573,1745,1923,1965,2093,2065,2009,2115,2085,2136,2223,2116,2286,2181,2439,2559,3064
511,8675,8628,979,0,2,227,770,1947,1956,556,0,0,0,481,192,435,619,771,887,967,963,1028,1020,996,1033,1002,1021,1042,1110,1095,1137,1169,1273,1521
512,8056,8045,946,0,0,172,744,1894,1796,542,0,0,0,423,162,410,593,682,798,891,919,937,957,953,937,968,968,982,1049,1092,1008,1078,1142,1437
513,7694,7581,915,2,0,159,797,1728,1717,537,0,0,0,504,179,371,539,676,773,829,883,904,918,916,945,869,952,898,896,1015,979,1068,1092,1446
514,6868,6866,826,0,0,159,634,1524,1480,475,0,0,0,375,129,364,529,618,716,720,830,770,823,814,821,862,825,870,838,871,910,898,975,1170
515,7314,7007,825,1,0,178,715,1595,1630,466,0,0,0,414,147,372,526,625,707,802,824,855,859,879,864,863,914,855,858,863,930,983,1075,1239
516,8680,8614,957,0,0,185,862,1963,1995,534,0,0,0,494,157,439,634,789,901,992,935,975,1040,1038,1018,1011,1011,1089,1086,1106,1118,1186,1195,1578
517,7725,7965,855,1,1,171,764,1718,1769,489,0,0,0,456,167,378,586,716,794,842,1000,888,900,895,915,957,984,1012,939,942,1014,1066,1141,1346
518,7351,7288,856,2,2,178,697,1634,1692,510,0,0,0,426,145,370,538,650,791,757,849,830,846,868,889,859,846,901,931,928,944,1040,1039,1353
519,11400,11850,1419,5,0,266,1132,2648,2692,842,0,0,0,628,216,574,791,1020,1214,1352,1357,1300,1360,1384,1385,1396,1406,1530,1394,1432,1513,1561,1738,2149
520,7417,7429,829,0,0,160,725,1614,1671,485,0,0,0,409,160,354,554,684,704,868,865,816,929,904,906,913,877,925,884,912,1009,947,1062,1287
521,9118,9560,1165,0,1,208,891,2065,2150,673,0,0,0,530,166,508,660,782,954,1070,1143,1054,1061,1041,1095,1110,1175,1169,1152,1221,1317,1311,1313,1641
522,9319,9204,1106,1,1,187,862,2161,2129,637,0,0,0,510,182,519,640,827,905,1025,1012,1027,1119,1151,1060,1092,1147,1154,1145,1151,1261,1272,1329,1662
523,7692,7721,920,0,1,180,774,1724,1713,537,0,0,0,464,188,398,553,636,767,837,942,915,862,921,938,950,925,922,953,1026,964,1065,1141,1385
524,8603,8509,979,0,1,174,824,1952,1843,551,0,0,0,463,171,411,597,761,883,984,999,1029,1063,1069,992,1019,993,1070,1071,1089,1071,1115,1236,1467
525,8350,8429,984,0,0,162,790,1843,1972,574,0,0,0,463,139,433,608,746,796,963,965,992,1018,934,954,976,1082,1059,1071,1009,1093,1171,1162,1544
526,8177,8276,925,1,0,188,764,1875,1953,535,0,0,0,451,189,433,601,700,820,906,948,873,974,1020,979,993,983,972,1005,1008,1111,1103,1198,1515
527,7998,8082,959,0,1,180,776,1806,1824,557,0,0,0,459,163,395,612,756,778,872,962,923,954,921,984,968,991,971,1009,993,1050,1049,1149,1496
528,7541,7661,924,0,1,134,729,1709,1713,532,0,0,0,455,170,332,541,693,768,818,820,910,855,854,946,963,963,909,962,977,924,1045,1141,1399
529,7071,7101,797,0,1,172,691,1626,1653,457,0,0,0,397,137,303,525,612,699,845,811,823,836,870,873,840,866,880,835,860,924,992,1005,1297
530,8250,8060,940,1,0,144,820,1882,1803,544,0,0,0,481,173,380,610,723,788,886,960,948,944,936,1010,1016,984,968,1035,1055,1073,1074,1199,1453
531,8093,8262,967,0,2,157,766,1785,1850,538,0,0,0,465,163,429,546,689,835,937,945,995,954,967,996,939,1003,1015,1019,1096,1024,1046,1187,1462
532,8432,8338,968,0,0,188,828,1884,1923,564,0,0,0,479,181,434,593,750,818,902,974,945,1017,1011,1000,1008,1002,1052,1041,1062,1082,1135,1231,1516
533,14450,15069,1684,2,0,325,1376,3301,3385,950,0,0,0,798,301,739,1083,1289,1608,1605,1715,1697,1774,1720,1727,1770,1825,1703,1858,1856,1907,1975,2170,2584
534,8378,8611,995,2,0,193,804,1895,1944,576,0,0,0,470,209,463,593,786,806,895,965,976,1030,974,982,1045,1036,1020,1101,1089,1131,1163,1199,1520
535,7241,7086,831,1,1,163,647,1644,1615,492,0,0,0,367,151,376,524,621,712,817,802,779,848,821,820,872,914,918,882,886,933,944,1054,1296
536,7583,7647,806,0,2,156,660,1772,1702,447,0,0,0,389,143,371,546,655,774,869,913,907,844,910,924,928,887,964,899,932,992,982,1149,1265
537,6662,6693,812,0,0,150,625,1519,1526,476,0,0,0,369,122,343,497,620,697,715,793,712,734,821,819,811,808,821,818,834,848,930,981,1218
538,9553,10320,1187,0,0,227,941,2208,2325,638,0,0,0,533,211,544,674,820,980,1079,1115,1198,1228,1245,1179,1210,1178,1224,1224,1268,1253,1364,1459,1775
539,9699,10392,1154,2,0,196,945,2281,2328,674,0,0,0,571,258,538,712,862,973,1083,1172,1142,1200,1256,1170,1154,1144,1198,1243,1281,1330,1372,1514,1786
540,9535,9245,1087,0,1,185,915,2137,2053,593,0,0,0,511,171,440,641,907,1004,1141,1055,1094,1183,1081,1115,1075,1187,1134,1150,1171,1210,1202,1351,1656
541,8324,8504,985,0,1,164,800,1935,1886,568,0,0,0,466,154,413,622,763,833,929,966,980,961,911,1003,1008,1061,1009,1103,1085,1133,1096,1253,1495
542,7814,7600,850,1,1,153,747,1775,1678,498,0,0,0,442,182,381,571,642,756,864,874,881,939,889,891,948,895,961,990,1011,996,999,1081,1415
543,9643,9303,1115,1,1,207,828,2165,2123,644,0,0,0,473,200,497,667,818,923,1081,1104,1132,1059,1146,1058,1158,1128,1191,1202,1196,1201,1280,1380,1677
544,9148,9110,1041,0,1,182,899,2098,2100,583,0,0,0,518,180,394,633,792,929,1027,1043,1012,1041,1111,1106,1155,1131,1101,1161,1160,1105,1267,1347,1686
545,8093,8090,967,1,1,158,756,1779,1844,553,0,0,0,435,185,441,572,709,850,908,920,979,936,946,929,916,939,1006,982,1126,1028,1129,1171,1394
546,7268,7227,803,2,0,148,674,1674,1624,483,0,0,0,404,155,385,554,655,754,778,802,853,834,821,888,832,833,896,910,922,926,983,1028,1313
547,10066,10171,1146,2,0,193,973,2188,2234,691,0,0,0,583,172,454,728,899,1113,1127,1166,1122,1154,1206,1275,1231,1279,1271,1286,1227,1267,1345,1418,1811
548,9436,9464,983,3,0,175,869,2093,1965,577,0,0,0,487,187,471,692,854,966,1030,1123,1112,1130,1135,1169,1156,1150,1137,1202,1146,1213,1243,1198,1616
549,8398,8957,920,0,1,211,782,1987,2079,535,0,0,0,429,208,441,648,737,876,934,1012,929,992,1013,990,1075,1041,1112,1062,1074,1166,1166,1238,1555
550,7080,7089,850,1,0,140,641,1607,1617,527,0,0,0,343,167,347,516,604,711,730,823,851,832,840,831,830,899,853,909,893,892,977,1014,1282
551,9029,8891,1043,1,1,199,901,1999,2029,618,0,0,0,521,251,496,622,815,916,1024,1038,1003,1022,1035,1063,1132,1054,1067,1092,1123,1177,1217,1264,1654
552,8633,8694,980,1,1,187,803,1909,2004,574,0,0,0,482,201,422,613,733,886,987,1016,1002,1006,1011,1055,1028,1042,1062,1066,1105,1112,1157,1242,1553
553,8913,9212,1027,1,1,232,862,1975,2050,607,0,0,0,516,184,418,648,819,913,1005,1033,1025,1103,1037,1119,1166,1117,1048,1101,1223,1165,1185,1308,1631
554,8284,8460,965,1,0,185,800,1929,1954,580,0,0,0,493,158,454,600,740,897,909,887,977,988,944,974,996,1010,999,1038,1069,1105,1168,1262,1520
555,8691,8775,941,1,1,163,822,2023,1927,551,0,0,0,485,174,423,629,786,808,953,1013,977,1020,1018,1056,1128,1070,1059,1067,1120,1135,1199,1227,1532
556,9382,9064,1063,2,1,185,851,2158,2071,619,0,0,0,498,176,407,680,749,940,1050,1023,1084,1060,1112,1131,1065,1109,1157,1149,1176,1200,1276,1370,1634
557,7378,7507,851,1,1,175,673,1706,1710,493,0,0,0,398,152,386,561,659,733,820,863,876,834,867,824,910,858,932,943,950,943,998,1141,1336
558,18206,17999,2211,2,1,304,1588,4152,3978,1259,0,0,0,969,377,906,1269,1583,1865,1959,2129,2059,2201,2168,2184,2182,2168,2288,2199,2171,2292,2435,2615,3261
559,15565,15867,1876,1,3,316,1441,3527,3491,1085,0,0,0,831,262,759,1162,1350,1688,1779,1826,1761,1823,1850,1905,1907,1859,1987,1989,2033,2067,2154,2231,2677
560,8632,9004,1005,0,3,190,836,1977,2040,579,0,0,0,484,184,444,654,754,876,950,1011,979,1064,1029,1022,1075,1074,1100,1129,1096,1132,1197,1300,1600
561,12978,12996,1463,2,0,280,1244,2972,2908,834,0,0,0,724,224,597,921,1236,1454,1417,1517,1512,1505,1600,1503,1564,1587,1554,1539,1645,1702,1756,1848,2282
562,8350,8262,917,0,1,188,747,1881,1822,522,0,0,0,425,205,386,576,732,789,939,977,963,996,997,953,1018,1010,1082,1009,1084,1047,1143,1164,1395
563,8631,9016,1039,0,1,204,813,1975,2083,597,0,0,0,472,200,470,668,678,870,970,1038,1033,1022,998,1117,1072,1041,1067,1099,1148,1128,1211,1252,1622
564,9925,10294,1168,3,1,213,963,2249,2327,674,0,0,0,558,188,490,733,829,997,1172,1131,1151,1289,1192,1179,1252,1217,1205,1225,1329,1295,1363,1481,1849
565,8048,8288,930,0,0,180,769,1776,1881,542,0,0,0,420,153,372,574,793,889,870,929,974,950,959,956,994,1079,957,975,1033,1079,1023,1203,1453
566,8540,8646,979,1,0,198,769,1956,1922,580,0,0,0,447,159,445,631,769,950,921,1033,1011,970,964,983,1059,992,1085,1092,1077,1092,1143,1257,1500
567,6964,7027,769,0,0,152,710,1571,1563,435,0,0,0,409,150,376,487,647,746,773,797,794,810,837,839,837,861,827,882,872,923,882,1023,1259
568,8654,8719,1041,0,0,216,808,1932,1930,582,0,0,0,483,163,464,584,771,905,976,988,1045,993,1086,1022,1076,1031,1087,1073,1072,1128,1188,1273,1513
569,10413,10708,1218,0,1,221,1000,2400,2388,700,0,0,0,593,291,550,747,866,998,1152,1234,1192,1245,1255,1282,1247,1269,1352,1302,1351,1372,1464,1526,1866
570,7397,7591,841,0,0,162,766,1618,1701,501,0,0,0,457,154,394,554,654,779,826,856,850,881,863,896,897,938,954,913,1000,927,1007,997,1417
571,7369,7441,818,0,0,159,713,1638,1678,459,0,0,0,413,162,371,535,647,753,841,868,885,862,831,893,853,833,938,954,978,963,989,1085,1259
572,8008,7940,930,1,0,194,705,1814,1773,517,0,0,0,429,169,393,571,699,799,899,946,900,889,930,927,922,974,1047,1035,1019,1017,1056,1179,1407
573,8473,8341,952,0,4,184,800,1880,1853,566,0,0,0,446,228,418,611,745,809,907,973,1032,1011,996,972,1024,1042,1028,1110,1008,997,1161,1205,1477
574,9608,9184,1026,0,1,205,841,2125,2133,582,0,0,0,486,235,485,670,775,933,962,1051,1107,1095,1143,1136,1124,1174,1162,1200,1183,1146,1269,1329,1686
575,7521,7708,824,0,0,156,716,1708,1699,484,0,0,0,398,189,373,544,718,774,830,921,872,895,869,880,912,893,955,932,1001,975,990,1045,1357
576,6694,6741,757,1,0,123,614,1512,1561,428,0,0,0,354,136,336,479,580,701,739,777,765,780,794,814,797,773,856,860,809,891,909,962,1172
577,7481,7356,834,1,0,173,729,1695,1713,508,0,0,0,416,144,397,499,727,764,803,871,853,818,850,892,884,945,892,865,980,992,1026,1060,1312
578,7515,7453,854,0,1,157,674,1781,1698,503,0,0,0,417,154,411,520,649,750,803,886,821,839,857,857,884,898,920,999,930,960,1060,1083,1373
579,8643,8536,1001,1,0,172,844,1911,1928,592,0,0,0,518,191,415,639,782,825,979,1028,995,1027,1015,996,974,1055,1067,1123,1025,1107,1166,1236,1552
580,12032,11829,1336,1,1,268,1135,2737,2729,765,0,0,0,665,248,643,873,1091,1163,1266,1394,1380,1376,1356,1372,1430,1448,1451,1451,1626,1567,1644,1713,2110
581,13559,12884,1502,3,2,277,1254,2975,2983,874,0,0,0,743,256,680,964,1087,1296,1523,1542,1567,1539,1485,1561,1624,1593,1712,1628,1684,1719,1768,1969,2284
582,9979,9816,1173,0,1,203,909,2243,2213,698,0,0,0,538,182,462,726,893,982,1098,1150,1151,1153,1156,1165,1203,1224,1265,1217,1268,1259,1338,1417,1772
583,8043,7919,965,0,2,173,778,1768,1834,571,0,0,0,453,158,411,620,712,808,851,911,939,904,932,958,996,944,1006,981,1021,1019,1069,1213,1427
584,7377,7462,857,0,1,146,723,1699,1725,510,0,0,0,434,153,376,564,601,747,824,775,890,900,868,887,864,917,870,900,931,1002,1045,1136,1316
585,9894,10132,1199,0,0,204,948,2291,2239,692,0,0,0,565,169,457,702,943,1036,1130,1184,1185,1129,1190,1217,1124,1219,1237,1241,1294,1254,1390,1406,1870
586,7438,7127,801,1,0,157,654,1670,1618,477,0,0,0,350,164,366,479,621,747,788,855,844,867,862,917,841,865,919,902,968,945,983,1048,1197
587,9671,9192,1060,1,1,191,905,2235,2085,623,0,0,0,546,181,491,655,800,908,1036,1100,1077,1138,1075,1116,1120,1170,1181,1177,1179,1270,1196,1423,1728
588,8803,8776,989,0,0,184,875,1986,1975,583,0,0,0,541,164,425,654,728,901,985,1012,1000,1004,1091,1105,1033,1067,1075,1057,1151,1145,1241,1267,1522
589,14815,14730,1599,1,0,315,1375,3392,3351,897,0,0,0,778,207,636,1084,1366,1515,1630,1792,1609,1682,1779,1825,1781,1801,1832,1825,1886,1948,1955,2047,2635
590,7255,7287,827,0,1,149,666,1596,1613,435,0,0,0,401,162,350,499,600,732,831,844,866,861,802,860,865,921,942,953,975,925,937,993,1267
591,7346,7396,836,0,0,155,642,1641,1668,501,0,0,0,381,159,382,547,599,791,868,833,846,892,876,851,901,851,884,875,949,997,962,1010,1302
592,8483,8597,947,1,0,157,796,1921,1941,541,0,0,0,467,160,386,614,769,875,955,993,1035,959,1012,1034,1023,1032,1077,1037,1019,1105,1138,1240,1518
593,7111,7228,790,0,0,153,687,1620,1624,451,0,0,0,395,126,354,515,653,758,796,854,839,823,844,851,840,870,893,898,871,913,976,1041,1254
594,7642,7706,860,0,0,162,716,1685,1734,483,0,0,0,424,156,365,559,701,775,854,878,857,875,941,915,926,902,951,925,1018,1040,999,1090,1359
595,7321,7205,894,0,0,170,708,1627,1598,500,0,0,0,393,162,351,485,619,726,821,866,831,832,840,878,884,931,928,907,1032,916,971,1046,1272
596,8027,7973,892,3,1,162,742,1781,1861,499,0,0,0,442,170,377,627,713,807,892,925,886,908,945,960,938,1024,978,980,1001,1014,1079,1178,1398
597,8397,8578,967,1,0,162,799,1924,1904,574,0,0,0,456,177,421,609,756,845,1007,946,974,1006,1037,978,999,1023,1048,1015,1058,1137,1140,1203,1525
598,6906,6879,765,0,0,168,643,1544,1582,445,0,0,0,368,153,366,521,606,661,785,783,820,748,798,814,813,845,832,871,881,877,928,997,1262
599,7146,7152,828,1,1,136,725,1648,1577,497,0,0,0,417,125,365,517,699,715,811,833,821,869,838,855,829,831,891,879,867,958,974,1021,1291
600,9120,9633,1155,1,0,208,891,2123,2100,660,0,0,0,542,222,490,692,853,913,1069,1079,1073,1141,1060,1094,1145,1100,1188,1128,1207,1212,1300,1375,1667
601,8099,8240,942,1,0,171,809,1881,1830,576,0,0,0,473,168,436,572,701,822,862,912,934,1002,971,1010,958,1001,1032,984,1037,1092,1064,1212,1492
602,9069,9453,1072,0,1,208,873,2006,2129,633,0,0,0,497,224,513,645,787,905,1005,1085,1081,1098,1136,1088,1111,1134,1163,1146,1163,1203,1240,1301,1648
603,11348,11762,1362,2,0,222,1123,2555,2631,806,0,0,0,681,240,580,813,1006,1158,1280,1328,1338,1355,1386,1401,1434,1388,1400,1449,1429,1498,1621,1642,2073
604,8626,8248,984,0,0,165,771,1846,1916,590,0,0,0,452,176,468,628,745,846,941,987,969,1008,977,942,1035,1040,1048,1051,1029,1121,1123,1179,1481
605,7166,6868,811,0,1,135,609,1659,1559,461,0,0,0,338,158,351,503,638,684,773,821,837,802,782,831,860,860,832,867,889,909,941,1041,1211
606,9705,9881,1099,0,1,198,900,2229,2167,637,0,0,0,534,205,464,676,844,994,1054,1115,1110,1106,1253,1210,1175,1158,1242,1225,1256,1262,1290,1405,1740
607,7638,7775,868,2,2,160,779,1685,1783,510,0,0,0,437,173,414,539,627,819,887,898,867,884,854,963,943,936,956,960,974,1021,1052,1126,1331
608,7421,7609,866,1,0,166,730,1620,1742,521,0,0,0,458,171,417,557,663,744,804,898,864,836,913,893,935,947,930,915,924,1003,999,1008,1372
609,7391,7350,826,1,0,166,712,1696,1721,465,0,0,0,417,153,404,514,643,717,835,854,812,887,864,861,849,893,897,938,955,996,1015,1072,1287
610,8708,9116,1017,1,0,205,827,1979,1967,588,0,0,0,497,191,486,640,755,890,1038,1026,1006,1046,1100,1049,1099,1108,1102,1083,1078,1157,1221,1203,1596
611,7164,7130,810,1,0,154,657,1651,1631,447,0,0,0,366,164,379,510,625,738,811,811,822,780,868,819,883,866,899,854,889,929,932,1039,1298
612,7334,7317,869,2,1,147,636,1683,1628,482,0,0,0,376,156,334,512,648,760,834,829,867,860,929,839,845,886,886,947,911,894,982,1044,1343
613,12416,11834,1391,1,1,228,1159,2692,2714,836,0,0,0,675,255,635,913,1042,1217,1438,1434,1430,1393,1444,1398,1437,1423,1452,1520,1522,1573,1624,1721,2159
614,7761,7940,864,1,1,187,773,1721,1837,479,0,0,0,449,164,403,568,658,776,875,896,897,880,962,952,929,1006,960,993,1028,1071,1061,1154,1294
615,7853,7953,859,1,0,148,751,1726,1780,483,0,0,0,427,166,366,532,709,905,868,930,885,966,949,933,941,949,996,975,967,1017,1081,1087,1343
616,8506,8765,987,1,3,181,816,1976,2006,580,0,0,0,469,197,455,577,670,855,1000,977,985,1047,1025,1007,991,1035,1145,1063,1077,1150,1168,1265,1570
617,7163,7341,844,0,0,158,683,1614,1635,490,0,0,0,397,140,357,553,614,742,808,780,852,847,881,876,881,886,910,871,937,917,1022,1049,1266
618,7227,7406,834,2,1,153,765,1630,1712,477,0,0,0,439,163,352,510,632,719,812,828,813,888,858,906,908,887,881,942,890,958,993,1099,1349
619,8648,8544,998,1,1,167,798,1946,1821,565,0,0,0,475,156,393,613,744,865,1011,959,1021,1053,1095,1039,1027,1084,1034,1055,1084,1116,1128,1140,1540
620,8337,8512,991,1,0,160,841,1900,2012,569,0,0,0,486,196,393,599,738,874,930,1003,954,944,970,1017,1026,980,1042,1033,1078,1040,1179,1241,1605
621,9230,9140,1084,0,1,164,856,2105,2069,616,0,0,0,500,218,492,683,789,911,1011,1041,1021,1152,1106,1025,1098,1103,1083,1176,1210,1188,1188,1295,1685
622,8116,7895,929,2,1,171,721,1797,1842,537,0,0,0,411,176,389,576,670,820,904,910,966,951,925,928,959,984,999,989,984,1026,1079,1221,1379
623,7399,7506,842,1,1,159,705,1696,1640,481,0,0,0,413,156,388,514,679,746,830,846,880,837,842,896,941,905,937,927,921,931,1014,1092,1331
624,8264,8267,927,0,0,190,830,1879,1884,516,0,0,0,506,134,405,580,692,829,900,902,953,976,1011,1033,993,1050,1007,1061,1054,1061,1123,1178,1536
625,7398,7375,801,0,0,160,720,1708,1668,464,0,0,0,424,156,375,547,630,729,841,854,841,875,896,805,889,920,920,897,926,975,1043,999,1336
626,7457,7188,839,2,0,181,724,1582,1617,475,0,0,0,431,164,377,546,681,744,857,839,880,807,909,883,839,865,925,911,947,917,952,1025,1323
627,7822,7994,938,0,1,186,710,1804,1797,535,0,0,0,418,154,410,540,664,805,853,918,948,936,981,878,997,980,973,917,1027,1031,1056,1130,1453
628,7014,7104,828,3,0,153,672,1549,1602,491,0,0,0,419,136,336,521,603,725,790,802,844,793,836,825,842,846,923,911,907,924,924,985,1301
629,7169,7142,808,1,1,154,695,1643,1590,450,0,0,0,402,152,355,544,628,704,789,833,824,804,813,829,872,882,921,904,952,932,980,1003,1249
630,8749,8787,993,0,0,151,780,1933,1951,574,0,0,0,477,169,424,643,804,894,997,1041,1023,1026,1039,1042,1038,987,1067,1120,1103,1148,1155,1220,1520
631,12289,11882,1348,0,1,292,1163,2610,2692,803,0,0,0,676,232,647,911,1071,1216,1396,1378,1407,1445,1416,1460,1486,1468,1478,1523,1521,1612,1545,1649,2114
632,7563,7465,858,0,0,158,697,1739,1701,498,0,0,0,419,151,403,537,658,742,818,936,844,866,872,898,911,847,929,943,923,967,1050,1083,1363
633,7499,7529,835,1,2,172,674,1661,1709,454,0,0,0,374,145,390,543,638,704,856,864,898,848,899,888,907,921,963,929,981,936,998,1095,1309
634,14564,13801,1647,0,0,273,1340,3180,3203,944,0,0,0,752,248,672,998,1311,1481,1539,1688,1640,1689,1646,1720,1668,1734,1773,1764,1814,1804,1935,1954,2547
635,8238,8272,979,0,0,191,776,1809,1921,569,0,0,0,459,204,423,595,722,829,974,914,969,962,931,978,946,1041,1038,1002,1059,1123,1119,1195,1432
636,7871,7875,898,0,0,183,747,1764,1774,537,0,0,0,447,186,414,573,686,759,887,856,855,986,949,922,964,934,996,1005,1011,1007,1040,1135,1409
637,7087,6924,803,0,0,149,664,1561,1585,468,0,0,0,387,137,344,492,634,738,739,793,820,854,825,824,875,806,876,898,864,933,956,973,1246
638,7665,7725,906,2,0,163,729,1724,1744,522,0,0,0,423,158,389,611,651,830,885,854,852,913,881,935,955,949,922,933,971,982,1096,1071,1352
639,9309,9371,1053,1,0,205,910,2106,2108,626,0,0,0,529,216,441,649,878,976,1087,1030,1088,1077,1094,1142,1071,1141,1134,1140,1166,1197,1278,1352,1692
640,12360,12220,1399,0,4,287,1218,2801,2799,805,0,0,0,715,297,626,912,1049,1233,1408,1467,1460,1335,1426,1414,1443,1452,1551,1561,1559,1584,1682,1830,2199
641,7706,7459,910,0,0,168,685,1718,1719,548,0,0,0,397,162,375,587,654,710,825,879,936,790,922,905,929,892,942,1002,952,919,1039,1146,1362
642,7115,7190,788,0,0,161,660,1564,1643,463,0,0,0,363,135,400,495,657,708,795,818,827,834,841,840,876,923,881,864,905,920,931,1019,1245
643,8603,8262,982,1,1,175,824,1932,1915,562,0,0,0,502,189,455,629,797,803,875,905,927,1052,966,974,1061,998,1073,1076,1065,1126,1146,1223,1508
644,8532,8366,1025,0,0,175,774,1964,1881,597,0,0,0,479,202,399,612,742,841,955,968,991,991,968,1039,1021,978,1018,1066,1066,1122,1122,1230,1541
645,7840,7489,847,0,0,166,674,1766,1674,510,0,0,0,420,180,364,578,631,771,908,920,875,897,874,903,921,985,921,919,909,1021,1000,1126,1313
646,7522,7442,865,2,0,164,719,1626,1722,501,0,0,0,439,149,370,518,656,755,828,837,916,900,900,915,852,910,918,968,933,915,1071,1047,1356
647,12823,12721,1455,1,2,261,1236,2812,2860,804,0,0,0,733,293,710,892,1123,1333,1405,1444,1521,1537,1511,1507,1516,1496,1543,1592,1678,1663,1704,1779,2252
648,7218,7192,902,1,1,144,687,1695,1653,518,0,0,0,398,141,341,513,645,719,829,851,808,811,846,865,864,846,866,918,950,1003,977,999,1353
649,17353,18684,1946,6,4,369,1874,4009,4063,1117,0,0,0,1090,382,943,1258,1549,1874,1989,2012,2009,2136,2111,2175,2177,2280,2236,2252,2301,2248,2414,2604,3286
650,9960,10354,1188,1,2,231,970,2381,2298,678,0,0,0,568,221,513,738,880,948,1079,1164,1139,1126,1254,1238,1193,1253,1297,1290,1328,1357,1363,1496,1829
651,8457,8476,979,0,2,206,772,1836,1947,558,0,0,0,464,168,441,596,791,858,944,929,1029,985,1001,997,959,1095,1033,1052,1072,1072,1172,1182,1516
652,8324,8363,976,2,1,167,836,1935,1917,569,0,0,0,514,155,421,605,730,836,932,940,978,965,1031,1063,1010,992,968,981,1048,1104,1110,1230,1570
653,7440,7517,866,1,1,167,728,1631,1635,498,0,0,0,438,162,380,500,657,762,860,871,838,904,882,866,935,923,917,980,975,905,989,1065,1349
654,7322,7144,845,0,0,162,648,1682,1547,492,0,0,0,378,164,369,538,649,704,771,830,832,813,870,876,898,922,902,899,870,913,1002,1045,1254
655,7168,7195,837,0,1,140,691,1644,1573,505,0,0,0,391,132,352,548,638,758,786,819,812,867,827,811,840,872,928,917,913,943,975,966,1328
656,8222,7946,933,1,0,163,769,1767,1860,543,0,0,0,465,201,426,550,702,786,881,923,917,922,939,970,1020,988,1006,998,1034,1039,1137,1193,1402
657,7563,7445,837,1,2,148,707,1757,1664,480,0,0,0,409,166,367,499,663,775,816,888,832,903,890,916,912,907,880,940,937,1003,1011,1061,1337
658,8215,8017,958,0,0,159,733,1809,1832,555,0,0,0,427,185,417,565,712,804,937,948,942,966,942,951,933,913,1069,1025,1042,1065,1095,1183,1388
659,7642,7540,915,2,0,164,686,1710,1696,524,0,0,0,393,176,411,575,636,745,843,872,849,874,926,889,881,899,966,1005,978,970,1030,1096,1328
660,10246,9908,1135,0,1,221,986,2274,2220,629,0,0,0,611,179,494,711,937,1015,1115,1169,1150,1189,1213,1193,1230,1190,1280,1277,1283,1297,1300,1453,1822
661,10242,10273,1211,1,2,213,992,2284,2351,691,0,0,0,591,179,551,744,934,1027,1193,1183,1185,1196,1258,1241,1168,1210,1239,1284,1288,1331,1394,1485,1844
662,7490,7434,803,0,2,163,748,1723,1726,461,0,0,0,435,152,398,520,687,732,846,861,896,847,863,846,843,939,903,928,989,960,994,1096,1340
663,8057,8071,918,0,0,168,741,1856,1810,514,0,0,0,424,159,393,563,724,856,891,915,918,924,912,1008,976,974,998,1021,1014,1028,1107,1136,1438
664,15216,15563,1758,2,1,317,1410,3474,3449,1011,0,0,0,819,304,735,1144,1385,1530,1667,1824,1745,1789,1835,1788,1852,1831,1979,1961,1920,2041,2030,2184,2723
665,7549,7570,795,1,1,183,728,1737,1693,464,0,0,0,407,127,375,555,679,782,794,829,869,907,890,877,879,945,934,966,982,968,1046,1070,1353
666,7387,7406,849,0,1,158,737,1649,1725,480,0,0,0,435,153,363,537,732,786,831,806,840,890,856,866,880,980,864,902,888,972,1026,1043,1323
667,9891,9968,1108,3,2,218,963,2177,2269,660,0,0,0,585,231,460,768,816,1045,1140,1120,1148,1165,1177,1134,1228,1218,1231,1193,1197,1273,1355,1449,1805
668,9315,9597,1099,0,0,212,930,2168,2098,624,0,0,0,552,160,469,696,813,919,1061,1082,1141,1078,1125,1205,1200,1143,1191,1144,1148,1214,1302,1368,1694
669,7896,7936,906,2,0,145,752,1784,1794,533,0,0,0,426,182,409,555,674,789,911,901,918,940,921,919,1007,1006,938,956,958,1082,1072,1127,1372
670,8730,8699,990,1,1,185,792,1939,1937,593,0,0,0,438,160,489,633,726,895,989,1003,1018,1022,1029,1030,1021,1101,1095,1041,1134,1132,1084,1301,1495
671,7307,7256,862,0,1,169,693,1670,1611,516,0,0,0,418,156,376,532,629,723,825,862,855,836,888,832,901,828,921,849,930,946,984,1067,1348
672,7691,7802,925,0,2,155,721,1742,1744,531,0,0,0,425,131,427,563,668,872,855,889,888,845,906,961,966,916,932,959,940,1012,947,1158,1461
673,6990,6881,799,2,0,148,632,1564,1611,446,0,0,0,362,164,370,469,623,713,770,820,790,827,812,841,784,837,818,821,890,908,952,993,1250
674,8677,8491,992,0,0,191,811,1968,1971,564,0,0,0,488,190,447,614,737,847,998,993,1009,1001,944,1008,973,1057,1081,1067,1141,1102,1164,1263,1526
675,7214,7444,884,0,0,180,673,1618,1689,495,0,0,0,406,174,348,545,631,738,796,875,878,822,856,895,851,912,938,964,903,955,974,1055,1285
676,7969,8004,879,1,0,174,747,1769,1843,482,0,0,0,448,171,388,574,696,818,907,927,937,982,966,931,965,946,968,944,1010,1020,1068,1178,1378
677,8905,8306,982,0,0,187,807,2009,1909,578,0,0,0,486,175,454,620,713,846,968,1042,986,1017,970,1016,1056,1005,1044,1036,1145,1121,1175,1308,1490
678,8529,8730,1017,0,0,202,833,1910,1955,589,0,0,0,479,184,377,658,766,887,940,1009,1015,1025,1039,1049,1028,1109,1019,1079,1090,1116,1167,1262,1492
679,7525,7654,866,0,0,161,680,1731,1726,496,0,0,0,413,145,380,518,674,763,866,842,844,863,890,932,969,909,948,895,981,991,1005,1110,1361
680,7421,7509,844,0,1,138,747,1626,1725,486,0,0,0,451,147,366,531,623,791,804,845,891,888,938,908,851,857,960,908,997,975,1012,1049,1319
681,7523,7556,887,0,0,154,749,1742,1665,531,0,0,0,447,141,336,509,637,754,866,880,880,929,939,896,876,857,966,926,993,1001,983,1127,1373
682,10442,10044,1159,0,0,226,904,2299,2278,646,0,0,0,502,213,508,797,934,1026,1064,1192,1151,1211,1176,1166,1224,1257,1286,1354,1339,1286,1363,1457,1771
683,10641,11278,1273,1,2,227,1055,2543,2464,724,0,0,0,615,211,558,810,995,1101,1220,1282,1244,1239,1307,1291,1357,1335,1368,1350,1333,1427,1509,1615,1925
684,8352,8318,957,1,0,161,808,1891,1938,537,0,0,0,448,144,383,569,793,858,866,934,925,949,1012,1029,1027,1054,1030,1073,1053,1081,1125,1168,1524
685,8552,8620,986,0,0,183,785,1869,1978,557,0,0,0,478,155,448,594,780,878,1004,1021,1008,968,997,1026,1038,1040,1077,1012,1153,1100,1103,1200,1524
686,7080,7030,807,0,1,144,635,1592,1565,465,0,0,0,384,188,349,502,636,760,765,781,817,809,796,854,828,863,890,856,895,929,934,1014,1231
687,7494,7255,896,0,1,144,720,1655,1631,497,0,0,0,426,149,349,520,646,737,779,876,868,932,953,904,918,879,849,925,921,973,947,1059,1326
688,10651,10506,1181,1,2,233,949,2413,2338,686,0,0,0,575,191,516,779,914,1108,1128,1252,1225,1221,1225,1275,1316,1242,1332,1293,1335,1346,1474,1525,1826
689,8840,8485,911,1,2,193,833,2005,1987,538,0,0,0,497,173,453,621,732,850,945,1013,1012,998,1040,1007,1061,1045,1039,1078,1073,1115,1206,1249,1555
690,8611,8467,961,0,1,179,846,1885,1940,571,0,0,0,490,173,458,658,774,884,962,987,944,1021,956,967,1043,1044,1070,1029,1077,1079,1135,1179,1625
691,9017,8966,1017,0,1,202,911,1957,2068,571,0,0,0,516,191,484,605,807,880,959,1050,1067,1094,1113,1073,1080,1047,1157,1149,1115,1145,1198,1248,1652
692,9471,9428,1037,0,1,169,940,2143,2216,580,0,0,0,534,175,481,683,820,948,1099,1033,1059,1117,1115,1165,1120,1116,1155,1159,1228,1260,1298,1368,1647
693,7280,7311,813,1,1,164,664,1636,1615,443,0,0,0,373,150,345,543,604,738,832,874,882,865,871,860,873,893,894,932,913,910,987,987,1281
694,9440,9531,1099,0,1,188,938,2179,2150,646,0,0,0,545,200,464,685,872,996,1054,1115,1117,1134,1090,1123,1110,1117,1097,1188,1240,1263,1259,1357,1716
695,9369,9309,1103,1,0,182,793,2178,2149,653,0,0,0,448,232,502,651,785,941,1034,1094,1087,1093,1092,1103,1110,1118,1049,1152,1232,1182,1281,1324,1695
696,6835,6638,795,0,0,149,626,1515,1479,445,0,0,0,359,151,330,487,577,671,753,812,808,806,790,783,818,832,818,810,880,858,903,966,1190
697,7490,7743,891,0,0,155,707,1669,1719,535,0,0,0,417,164,368,543,650,762,871,889,856,866,908,968,905,935,963,986,901,1000,1009,1094,1348
698,7972,8364,917,1,1,177,766,1896,1844,507,0,0,0,444,195,422,584,658,828,855,975,921,1002,941,966,1004,1025,989,977,1052,1020,1125,1230,1429
699,21049,21812,2064,0,1,656,2749,4903,4914,1185,0,0,0,1588,468,1098,1555,1907,2112,2218,2341,2465,2587,2529,2600,2598,2719,2733,2687,2790,2837,3069,3250,3768
700,8013,8049,903,0,0,198,727,1768,1759,525,0,0,0,446,171,411,573,714,812,868,931,959,954,933,949,952,1041,997,1000,997,1044,1035,1133,1416
701,7968,7883,939,0,1,152,774,1762,1779,531,0,0,0,458,154,408,616,708,761,819,964,913,936,963,904,990,946,1039,994,971,961,1096,1111,1463
702,7222,7091,870,1,0,138,670,1565,1592,499,0,0,0,393,150,351,507,644,700,804,874,876,857,893,820,831,827,874,931,897,899,957,1048,1252
703,7692,7706,866,1,2,153,724,1699,1759,478,0,0,0,410,177,388,582,684,749,844,922,915,923,921,920,931,929,921,960,941,966,1033,1097,1341
704,7764,7535,842,1,1,148,695,1754,1718,474,0,0,0,393,151,398,544,663,756,812,888,865,869,938,940,959,908,1017,924,952,968,1057,1068,1309
705,7693,7574,854,1,0,156,711,1724,1696,486,0,0,0,405,168,383,525,676,781,802,879,881,941,972,885,914,939,949,924,976,970,1034,1109,1281
706,7430,7412,846,1,0,169,675,1681,1686,485,0,0,0,385,157,383,564,587,710,834,811,853,848,920,873,854,985,921,937,919,943,980,1117,1337
707,8056,7959,897,1,0,167,750,1767,1784,513,0,0,0,434,170,439,582,709,743,908,925,969,919,965,956,986,973,1023,980,1012,968,1055,1131,1417
708,7566,7592,848,1,0,147,700,1666,1780,504,0,0,0,404,175,383,557,647,775,807,860,915,877,871,887,918,907,951,947,990,982,1034,1088,1283
709,7196,7065,811,0,0,136,684,1583,1529,471,0,0,0,411,146,370,484,595,754,795,829,887,816,846,829,869,908,865,902,911,888,904,1014,1280
710,7763,7740,892,0,0,160,773,1708,1648,501,0,0,0,460,146,423,572,688,812,870,913,936,888,955,874,952,924,944,992,1006,1001,997,1096,1339
711,8305,8399,976,1,0,184,807,1971,1865,566,0,0,0,471,187,411,598,740,835,928,935,944,969,956,1003,1038,951,1009,1064,1088,1132,1139,1199,1546
712,8401,8611,958,0,2,189,764,1970,1940,547,0,0,0,434,194,418,648,759,877,936,943,932,995,1030,995,1033,992,1050,1007,1114,1067,1147,1275,1513
713,7100,6966,823,2,0,145,691,1635,1600,492,0,0,0,408,145,363,490,569,721,831,834,804,820,793,809,798,860,864,908,907,970,983,977,1281
714,7782,7664,859,0,1,185,753,1716,1718,474,0,0,0,434,160,415,593,690,791,808,912,884,873,930,917,930,894,993,998,990,996,1056,1072,1342
715,7035,7162,830,1,0,158,688,1587,1605,498,0,0,0,378,134,371,493,642,773,806,826,843,811,828,849,846,881,847,866,920,912,972,983,1271
716,8458,8511,982,1,0,165,819,1879,1948,572,0,0,0,513,173,445,592,807,896,952,970,1063,950,985,935,990,1016,1051,1067,1036,1082,1151,1226,1549
717,8422,8373,969,3,1,167,856,1942,1890,552,0,0,0,499,148,426,624,748,861,958,969,933,1000,988,995,1006,1032,1033,1067,1032,1060,1070,1290,1551
718,8211,8271,935,1,0,174,799,1849,1833,555,0,0,0,467,151,416,634,729,828,920,958,909,938,977,965,1032,1010,1037,1026,1027,1030,1122,1159,1523
719,8434,8240,957,0,1,194,756,1867,1854,568,0,0,0,436,175,440,605,741,852,884,1005,938,954,985,1012,970,1040,1053,1005,1047,1064,1124,1200,1488
720,11677,12075,1400,1,1,239,1107,2819,2666,799,0,0,0,678,263,598,816,1082,1216,1342,1352,1355,1402,1351,1374,1493,1363,1485,1464,1432,1474,1631,1769,2238
721,8205,7837,848,1,1,171,739,1854,1780,493,0,0,0,439,207,416,580,694,817,888,939,946,912,949,951,939,963,910,985,1031,984,1089,1148,1454
722,9924,9771,1135,0,0,214,869,2264,2239,666,0,0,0,522,174,482,692,819,1022,1157,1151,1093,1163,1158,1162,1149,1217,1183,1251,1190,1341,1372,1390,1747
723,7585,7727,910,0,0,152,728,1652,1755,505,0,0,0,400,162,397,612,703,730,872,870,867,873,910,871,945,923,945,1012,944,991,1046,1079,1350
724,8878,8757,984,1,0,197,822,2003,2012,527,0,0,0,484,191,405,657,775,878,1014,1053,1030,1022,1054,1055,1086,1019,1088,1063,1125,1110,1121,1249,1644
725,7027,7157,814,0,0,149,672,1580,1586,476,0,0,0,384,149,383,490,616,723,831,828,812,792,857,861,888,813,851,877,952,934,917,965,1280
726,7955,8057,911,0,0,196,751,1839,1776,517,0,0,0,425,208,409,572,740,838,847,904,902,962,957,968,971,918,951,991,1059,1046,1053,1156,1418
727,9759,9559,1115,1,0,193,940,2278,2164,644,0,0,0,568,185,485,708,814,995,1108,1089,1114,1141,1137,1177,1149,1128,1226,1152,1227,1236,1321,1391,1784
728,10126,9998,1137,2,1,218,971,2342,2262,667,0,0,0,540,179,483,708,883,1059,1078,1133,1173,1197,1184,1247,1143,1240,1280,1217,1301,1328,1358,1464,1798
729,8054,7973,924,0,2,162,747,1841,1713,527,0,0,0,450,143,407,623,744,835,913,951,935,962,952,868,893,1022,992,989,1037,1008,1093,1098,1397
730,9216,8867,1053,1,0,194,820,2094,2136,590,0,0,0,498,196,417,669,780,919,984,1024,1009,1067,1044,1104,1075,1115,1139,1135,1052,1214,1304,1325,1579
731,9092,8966,1029,0,0,188,848,2030,2020,610,0,0,0,474,196,479,593,793,913,1003,1035,1055,1125,1099,1062,1073,1081,1113,1191,1092,1159,1225,1237,1599
732,7111,7161,810,0,0,136,727,1648,1622,477,0,0,0,458,137,358,534,654,709,784,775,828,794,818,832,876,820,889,885,942,968,1024,1041,1277
733,9808,9701,1142,1,0,204,900,2294,2159,639,0,0,0,504,235,513,747,820,931,1082,1109,1165,1069,1145,1210,1168,1218,1201,1207,1205,1344,1283,1412,1692
734,8464,8440,928,1,1,182,772,1910,1918,553,0,0,0,445,190,455,592,714,843,926,959,988,1012,997,1004,998,1004,1073,1033,1038,1116,1187,1163,1496
735,9088,9519,1007,0,0,183,899,2080,2120,609,0,0,0,532,217,452,647,840,912,984,1043,1076,1111,1125,1151,1131,1109,1143,1173,1136,1178,1256,1313,1699
736,7914,8023,846,1,3,157,757,1839,1820,503,0,0,0,449,157,422,539,726,832,812,968,916,974,922,938,869,972,936,1020,999,1024,1084,1133,1458
737,8142,8016,847,0,0,176,771,1771,1801,470,0,0,0,462,174,429,588,708,822,897,927,995,966,943,990,907,987,1020,968,1039,1044,1071,1117,1360
738,11836,11717,1395,3,1,258,1124,2690,2655,799,0,0,0,663,193,543,858,1089,1184,1345,1360,1327,1414,1376,1372,1428,1471,1455,1473,1493,1557,1560,1685,2151
739,7406,7579,864,1,0,152,695,1665,1656,490,0,0,0,422,155,389,514,684,743,841,855,861,926,848,887,910,985,901,923,928,980,990,1087,1290
740,7524,7407,843,0,1,156,702,1695,1688,488,0,0,0,426,138,385,537,679,738,863,859,874,853,871,882,880,876,929,960,914,970,999,1057,1369
741,7765,7919,915,0,1,166,795,1701,1814,523,0,0,0,449,155,369,544,698,734,887,895,891,929,989,945,1019,941,1003,975,1005,1058,1015,1124,1385
742,9679,9497,1075,1,2,184,881,2144,2237,628,0,0,0,500,177,482,688,904,980,1028,1071,1159,1085,1096,1232,1086,1164,1155,1203,1242,1238,1325,1361,1643
743,7820,7693,884,0,0,163,703,1656,1735,524,0,0,0,385,164,392,508,676,780,817,908,915,912,922,1005,973,921,994,972,996,969,1027,1095,1317
744,7503,7552,837,1,1,168,719,1646,1673,464,0,0,0,426,183,384,550,667,791,884,848,798,922,926,848,856,917,978,909,1001,939,1019,1015,1346
745,8082,8021,869,0,1,153,711,1849,1778,497,0,0,0,425,166,391,568,739,803,881,934,902,977,985,926,945,971,1031,934,1027,1057,1123,1128,1349
746,8743,8787,994,1,0,175,827,1962,1896,564,0,0,0,484,183,445,627,845,867,1020,1031,1061,986,983,1012,1051,1032,1127,1085,1111,1106,1150,1239,1566
747,11064,10992,1278,2,1,221,1029,2443,2537,710,0,0,0,635,193,548,781,1014,1146,1242,1256,1302,1252,1315,1312,1278,1307,1389,1382,1449,1438,1506,1498,1979
748,8173,8254,944,0,0,157,800,1823,1811,532,0,0,0,485,126,417,632,748,840,905,943,952,996,923,951,994,1012,1081,1050,1015,1037,1112,1205,1389
749,8000,7930,899,0,0,158,805,1768,1831,516,0,0,0,468,189,417,599,697,790,914,884,924,970,866,898,950,955,1023,986,1055,990,1058,1182,1445
750,16296,15777,1861,0,1,315,1481,3771,3611,1079,0,0,0,873,309,759,1026,1423,1620,1785,1795,1958,1917,1849,1908,1918,1971,1988,2031,2020,2087,2151,2298,2918
751,7515,7627,855,0,1,167,716,1696,1741,504,0,0,0,421,161,367,520,635,793,843,883,856,886,926,850,905,937,910,976,946,999,995,1134,1359
752,10174,10092,1175,2,1,206,900,2269,2300,680,0,0,0,525,217,464,717,927,1056,1153,1148,1235,1174,1185,1220,1167,1243,1194,1291,1269,1272,1383,1435,1800
753,8111,8282,936,0,2,169,837,1826,1882,525,0,0,0,497,179,405,610,729,834,964,900,964,951,961,939,989,997,1024,1023,1039,1008,1156,1228,1437
754,8119,8121,943,1,1,180,753,1835,1866,550,0,0,0,438,146,420,597,730,807,936,940,919,953,945,946,947,992,1027,1009,992,1048,1093,1221,1450
755,8107,7985,930,0,0,178,735,1776,1853,532,0,0,0,444,170,436,584,723,817,927,938,934,910,986,942,954,980,970,987,995,1010,1075,1153,1444
756,12710,12401,1453,3,2,252,1250,2807,2921,842,0,0,0,734,234,637,926,1084,1335,1407,1402,1446,1467,1463,1474,1537,1527,1511,1580,1582,1666,1733,1813,2247
757,7654,7475,826,0,2,145,748,1742,1735,508,0,0,0,424,162,339,568,656,763,825,895,829,939,863,897,876,885,943,925,977,984,1004,1128,1392
758,7598,7836,879,1,1,162,704,1713,1787,499,0,0,0,430,149,411,592,657,755,809,917,872,893,961,930,930,913,962,923,977,975,1033,1141,1381
759,9060,9132,982,1,2,189,795,1986,2000,556,0,0,0,469,235,478,648,784,908,992,1028,1074,1110,1083,1113,1093,1085,1152,1067,1168,1094,1212,1273,1564
760,8610,8560,967,0,0,169,814,1885,1925,576,0,0,0,489,165,424,568,737,858,976,979,986,1034,1072,982,1048,1026,1077,1089,1082,1077,1121,1265,1554
761,9522,10022,1188,1,1,203,906,2273,2250,664,0,0,0,524,284,504,694,858,986,1042,1115,1086,1081,1161,1144,1128,1229,1233,1217,1233,1325,1367,1427,1729
762,7775,7733,935,0,1,145,690,1755,1751,549,0,0,0,415,187,387,569,716,762,831,876,874,916,869,956,947,929,947,967,989,1010,1011,1132,1404
763,10288,9890,1137,5,0,221,1014,2317,2278,643,0,0,0,585,230,490,745,922,1038,1089,1186,1176,1213,1179,1242,1148,1231,1200,1254,1223,1328,1323,1448,1890
764,8260,8390,976,1,0,163,782,1816,1874,564,0,0,0,450,202,461,600,711,870,922,952,985,1000,975,1051,973,989,1030,1020,1026,1060,1109,1123,1513
765,11262,11542,1281,1,3,228,1094,2603,2564,770,0,0,0,670,283,590,845,949,1142,1186,1368,1321,1327,1323,1330,1339,1353,1386,1455,1454,1470,1650,1630,2010
766,8641,8684,1020,0,0,187,792,1937,1945,578,0,0,0,439,214,446,642,720,874,972,979,1001,981,1043,979,1061,1132,1067,1127,1080,1113,1202,1180,1511
767,7408,7409,909,1,2,169,681,1680,1722,512,0,0,0,392,160,369,524,695,712,804,825,867,854,855,899,873,949,844,955,943,971,1042,1100,1338
768,9374,9127,1079,1,2,187,855,2181,2064,627,0,0,0,474,161,460,700,802,924,1035,1063,1101,1127,1134,1050,1059,1130,1111,1176,1156,1182,1285,1334,1635
769,8152,7981,937,0,1,160,769,1801,1787,549,0,0,0,458,155,462,551,760,800,910,928,977,943,898,925,963,963,1038,968,1061,1018,1118,1154,1408
770,8493,8643,1002,0,1,196,814,1928,1962,573,0,0,0,474,167,433,524,789,852,963,1027,987,1014,1018,975,1015,1092,1071,1103,1055,1164,1118,1242,1540
771,8109,8205,983,0,0,189,734,1805,1853,565,0,0,0,431,204,412,590,768,832,937,980,982,912,928,955,967,1025,977,941,1018,1026,1074,1235,1457
772,8048,8067,924,0,2,167,754,1753,1811,519,0,0,0,446,180,409,568,707,738,884,962,941,944,1010,958,965,944,988,1053,1040,996,1087,1181,1407
773,8691,8591,942,1,1,170,825,1908,1933,547,0,0,0,436,151,410,620,740,881,1033,1054,983,1020,1013,1061,1077,1035,1062,1077,1067,1154,1142,1223,1418
774,13949,14387,1545,2,1,321,1398,3135,3246,864,0,0,0,818,272,712,1008,1310,1511,1511,1594,1663,1628,1681,1641,1727,1811,1713,1786,1774,1784,1912,2015,2550
775,12526,12756,1443,0,1,286,1218,2858,2994,827,0,0,0,741,243,578,892,1152,1274,1351,1461,1417,1432,1463,1534,1534,1560,1570,1585,1561,1747,1785,1807,2284
776,6445,6448,778,0,0,126,613,1485,1436,431,0,0,0,365,114,346,478,591,590,745,755,766,723,723,774,759,807,822,805,818,818,860,948,1168
777,7626,7544,815,3,1,157,727,1721,1720,496,0,0,0,428,154,396,527,649,804,820,831,892,874,901,920,907,932,896,925,1000,971,991,1151,1332
778,9848,9366,1084,1,1,209,963,2196,2115,632,0,0,0,561,167,492,721,838,1027,1083,1073,1138,1124,1095,1177,1122,1196,1187,1154,1177,1297,1299,1433,1672
779,7004,7013,787,2,0,159,690,1640,1580,447,0,0,0,423,171,341,529,599,660,778,800,816,851,835,785,804,845,895,883,877,973,962,1043,1208
780,7961,7664,888,0,0,173,731,1758,1734,515,0,0,0,443,146,395,607,731,761,852,894,886,901,901,930,975,931,966,982,1005,1015,997,1139,1403
781,8955,9035,1082,7,0,187,840,1972,2059,617,0,0,0,458,155,422,614,806,978,1043,1023,1026,1112,1026,1113,1135,1070,1137,1062,1125,1225,1201,1282,1551
782,7704,7609,808,2,1,170,703,1713,1780,472,0,0,0,401,153,408,550,704,815,802,864,877,898,923,925,943,904,848,926,960,1045,1009,1077,1366
783,6828,6966,854,1,2,149,661,1583,1552,486,0,0,0,374,153,361,497,607,705,743,804,796,854,758,866,784,889,836,864,870,922,923,998,1231
784,7689,7757,906,0,1,165,755,1788,1748,521,0,0,0,442,180,411,525,737,791,847,860,898,875,920,947,905,917,958,932,1006,1040,1030,1051,1443
785,8962,9214,975,0,0,197,868,2098,2033,569,0,0,0,500,164,451,712,839,893,937,1024,1070,1047,1077,1053,1103,1075,1139,1174,1113,1161,1209,1305,1670
786,12554,12481,1432,1,0,276,1200,2850,2814,837,0,0,0,740,204,560,903,1221,1338,1385,1439,1502,1445,1483,1453,1441,1501,1485,1587,1584,1592,1688,1806,2327
787,8898,9045,1023,2,1,186,872,1986,2050,575,0,0,0,498,180,461,664,767,972,1078,1022,1058,1010,1023,1083,1068,1091,1109,1104,1123,1113,1158,1303,1640
788,7080,6878,788,0,1,153,720,1596,1542,468,0,0,0,403,140,383,491,623,726,758,812,821,869,842,828,808,844,895,836,848,942,951,953,1250
789,7490,7313,781,1,1,165,692,1638,1642,441,0,0,0,413,159,344,541,613,760,862,864,855,844,897,858,959,891,883,898,943,966,935,1102,1269
790,8269,8293,935,0,1,147,781,1858,1896,520,0,0,0,481,168,423,576,746,890,935,957,966,962,985,976,997,959,1029,983,1035,1120,1074,1159,1486
791,7904,7613,870,1,0,152,701,1724,1706,519,0,0,0,403,189,421,576,672,791,866,909,927,940,946,943,917,928,911,950,934,938,992,1117,1374
792,9125,8803,1013,0,1,183,844,2070,1965,574,0,0,0,492,174,484,686,749,886,1002,1081,1014,1048,1079,1035,1054,1112,1104,1101,1155,1155,1168,1307,1575
793,7201,7264,784,2,0,167,687,1631,1612,468,0,0,0,396,164,375,507,646,689,817,837,850,898,817,841,881,924,875,879,878,956,940,1043,1288
794,7854,7714,886,0,0,160,807,1814,1764,493,0,0,0,472,166,409,551,676,754,846,903,871,908,976,950,937,922,994,945,966,1041,1068,1126,1412
795,8920,9582,1075,1,0,192,908,1982,2100,607,0,0,0,544,207,515,636,832,944,1019,1074,1053,1072,1049,1140,1120,1166,1188,1127,1221,1170,1205,1302,1638
796,9110,9539,1008,1,2,193,870,2117,2112,584,0,0,0,503,214,478,680,809,931,1016,1048,1109,1069,1048,1081,1098,1151,1140,1160,1220,1226,1290,1307,1648
797,10777,10779,1202,0,3,240,1024,2387,2522,697,0,0,0,586,200,499,776,938,1162,1231,1165,1237,1232,1316,1288,1265,1277,1402,1342,1344,1393,1409,1600,1949
798,8778,8555,1014,1,3,180,800,2019,1894,567,0,0,0,463,183,428,642,757,849,955,1006,997,1011,1011,1079,1022,1090,1074,1099,1088,1142,1134,1224,1540
799,8703,8589,979,1,0,191,832,1908,1990,576,0,0,0,486,170,412,613,789,881,942,987,987,999,1058,1016,1028,1040,1088,1126,1103,1167,1166,1218,1505
800,8823,8672,1034,0,2,183,849,1973,2006,617,0,0,0,466,169,466,609,792,914,999,999,982,1042,1068,1050,1066,1038,1030,1009,1160,1125,1212,1247,1586
801,7888,7971,907,1,1,171,771,1805,1825,530,0,0,0,439,143,365,554,687,842,898,920,915,928,911,926,951,939,938,997,1023,1016,1125,1190,1442
802,9006,8819,977,0,0,182,826,2018,1987,563,0,0,0,471,152,448,677,836,935,1019,977,1038,1060,1045,1086,1041,1062,1097,1081,1136,1124,1210,1229,1557
803,8572,8499,1022,1,1,181,787,1957,1934,605,0,0,0,455,150,409,658,728,842,861,986,988,1003,1036,1037,1071,1022,1085,1067,1071,1163,1187,1199,1500
804,7574,7367,845,1,1,168,687,1662,1659,495,0,0,0,434,152,370,549,603,773,848,874,821,917,924,912,870,928,885,918,962,891,1025,1098,1323
805,7347,7377,891,0,1,169,684,1639,1640,535,0,0,0,397,126,397,544,635,705,816,848,833,903,852,898,890,909,898,960,919,972,1001,1053,1310
806,7674,7871,824,1,0,168,763,1739,1769,488,0,0,0,434,192,406,586,697,728,856,843,908,942,910,905,934,996,913,987,978,985,1021,1151,1363
807,9762,9850,1137,1,3,189,927,2177,2302,660,0,0,0,536,195,443,704,835,1057,1082,1194,1137,1134,1148,1155,1171,1247,1193,1163,1201,1295,1337,1344,1834
808,7179,7123,823,0,0,142,670,1653,1593,492,0,0,0,406,149,373,539,625,699,818,801,822,836,893,835,811,846,870,871,908,952,973,1063,1253
809,7054,7043,797,1,0,159,654,1580,1582,470,0,0,0,382,147,338,471,643,708,752,818,764,837,885,862,850,847,878,892,900,923,934,1066,1193
810,8149,8461,947,2,0,188,800,1852,1844,568,0,0,0,489,172,454,608,702,849,910,983,1004,966,996,1018,979,987,1035,937,1122,1024,1107,1173,1521
811,12388,12654,1486,1,2,274,1253,2815,2793,851,0,0,0,736,214,521,926,1131,1328,1439,1485,1448,1481,1505,1492,1505,1467,1544,1595,1593,1606,1660,1834,2284
812,8598,8795,1035,0,1,164,837,1994,2014,629,0,0,0,504,176,484,631,738,864,881,1024,996,1034,1008,1019,1060,1010,1038,1136,1168,1137,1171,1224,1631
813,9330,9396,1035,0,3,167,833,2095,2122,624,0,0,0,486,193,432,678,820,953,1030,1052,1058,1076,1144,1126,1132,1098,1183,1149,1204,1255,1306,1288,1587
814,8012,8208,950,0,0,191,788,1806,1833,535,0,0,0,457,152,412,623,723,834,868,908,976,962,961,970,945,1039,1014,988,992,1077,1087,1165,1453
815,8104,8338,892,0,2,174,777,1835,1809,513,0,0,0,466,183,390,604,724,805,976,904,977,988,985,874,1042,1038,1005,1082,992,981,1127,1165,1445
816,10480,10210,1200,0,2,237,1014,2346,2349,690,0,0,0,595,257,574,739,885,1010,1124,1213,1207,1194,1197,1199,1240,1249,1257,1318,1331,1385,1460,1475,1829
817,7327,7496,821,0,1,173,674,1718,1658,466,0,0,0,392,153,374,506,650,727,833,842,865,878,864,933,852,961,918,845,951,943,975,1163,1259
818,7325,7371,826,0,0,162,706,1643,1670,461,0,0,0,419,155,403,532,714,736,794,872,857,904,803,872,930,877,890,881,887,975,953,1059,1296
819,7758,7768,935,0,1,174,740,1740,1718,579,0,0,0,400,169,401,604,661,818,814,938,954,881,913,939,917,987,929,938,969,1019,1048,1076,1401
820,7711,7641,853,3,2,149,769,1813,1666,489,0,0,0,439,181,409,574,701,740,831,883,886,912,893,873,894,941,936,993,1014,948,967,1143,1409
821,8528,8394,989,1,0,175,810,1935,1890,562,0,0,0,462,195,461,665,735,852,933,961,1043,996,977,1024,1002,948,1055,1037,1052,1097,1173,1226,1465
822,11948,11636,1384,1,0,278,1090,2706,2647,804,0,0,0,650,220,601,824,982,1189,1327,1379,1335,1361,1377,1406,1427,1462,1479,1497,1430,1566,1566,1706,2203
823,7866,7826,859,1,0,136,731,1790,1776,482,0,0,0,439,157,418,553,669,774,903,856,893,935,880,955,916,985,965,972,966,1012,1064,1153,1393
824,8352,8408,955,2,0,187,800,1988,1899,560,0,0,0,472,157,437,639,721,875,903,938,964,960,1001,978,985,948,1054,1011,1130,1101,1120,1241,1541
825,7029,7008,739,0,0,153,618,1615,1570,429,0,0,0,358,148,348,497,630,750,739,773,782,821,870,862,827,838,853,874,871,906,944,996,1218
826,7211,7102,799,4,1,129,674,1616,1535,477,0,0,0,385,147,360,499,632,700,774,776,852,893,830,855,880,884,926,881,941,917,957,980,1236
827,7128,7132,865,1,2,151,702,1611,1603,515,0,0,0,418,177,377,492,625,740,828,778,787,825,808,889,849,868,905,913,911,947,901,1021,1340
828,9292,9194,1065,2,1,187,890,2148,1972,627,0,0,0,509,193,481,703,840,973,980,1069,1076,1045,1155,1026,1050,1145,1144,1203,1167,1164,1258,1336,1623
829,8722,8766,955,0,1,180,822,1958,2002,535,0,0,0,494,213,426,649,782,861,929,976,1051,950,1080,1027,1041,1063,1076,1085,1113,1119,1195,1232,1578
830,7251,7156,851,1,1,155,651,1693,1633,485,0,0,0,398,148,364,527,652,712,784,828,815,840,878,862,810,869,881,849,938,913,1009,1083,1304
831,9536,9129,1085,1,3,174,909,2166,2113,631,0,0,0,516,196,502,688,850,873,1041,1155,1083,1066,1079,1105,1125,1165,1057,1127,1218,1210,1268,1310,1719
832,8127,7841,914,0,0,162,737,1860,1764,540,0,0,0,450,170,427,569,708,821,894,915,911,964,923,931,939,941,1023,958,1000,1039,1087,1153,1408
833,9924,9756,1135,2,1,211,930,2237,2227,635,0,0,0,544,200,489,706,889,1025,1117,1132,1120,1208,1179,1155,1149,1203,1170,1195,1229,1280,1357,1417,1739
834,8641,8572,998,0,0,209,851,1946,1914,572,0,0,0,505,142,422,640,781,831,978,1051,1055,1021,996,957,1033,1061,1060,1083,1091,1125,1131,1249,1564
835,8615,8531,951,0,1,185,830,2016,1933,543,0,0,0,492,188,423,610,746,819,926,1021,1021,976,995,969,1068,1040,1086,1071,1066,1113,1155,1266,1554
836,9182,8925,1024,1,1,188,841,2063,2001,578,0,0,0,518,230,475,672,787,906,981,1095,1028,1065,1091,1019,1068,1123,1055,1131,1190,1148,1188,1318,1592
837,12357,12837,1400,0,0,265,1221,2901,2869,809,0,0,0,715,263,622,925,1115,1268,1426,1453,1458,1421,1482,1554,1486,1525,1531,1481,1620,1657,1764,1768,2261
838,7430,7490,857,0,0,154,664,1674,1664,501,0,0,0,380,172,375,538,661,778,842,874,931,878,859,891,888,909,892,901,909,945,932,1059,1361
839,8735,8709,962,0,0,209,787,1984,1940,561,0,0,0,474,161,453,625,760,884,1018,998,1004,985,985,1074,1066,1012,1111,1088,1051,1111,1176,1254,1586
840,7234,7419,864,0,0,165,654,1594,1657,495,0,0,0,397,149,387,512,681,757,794,835,829,877,884,877,834,973,846,890,903,941,931,1103,1333
841,10600,10846,1240,2,0,206,1022,2441,2424,704,0,0,0,585,211,560,740,886,1008,1245,1210,1300,1185,1315,1308,1307,1263,1340,1338,1335,1418,1428,1620,1899
842,9033,8668,1082,0,0,184,823,1991,2000,611,0,0,0,507,193,444,643,772,874,999,1043,1033,1040,1084,1077,1065,1031,1070,1048,1176,1114,1186,1329,1569
843,7844,7883,928,0,0,163,695,1805,1775,549,0,0,0,396,189,353,565,695,806,854,902,935,946,910,916,935,978,942,938,998,1014,1104,1137,1396
844,7972,8051,923,1,0,188,741,1872,1774,556,0,0,0,425,177,388,587,733,883,895,958,947,888,930,947,921,953,973,929,1047,1064,1066,1142,1448
845,8721,8901,990,3,2,191,821,1964,1957,563,0,0,0,472,180,441,602,730,936,984,1067,1012,1072,1053,1055,1045,1041,1136,1083,1093,1080,1189,1273,1557
846,7168,7237,859,0,1,171,628,1624,1643,485,0,0,0,357,134,361,559,634,739,764,807,841,872,853,858,856,922,881,886,890,930,949,1053,1275
847,7927,7973,991,0,0,169,781,1847,1824,567,0,0,0,448,147,410,563,708,769,878,902,896,958,981,976,944,984,1005,904,1019,1078,1087,1180,1452
848,8254,8384,962,0,0,198,761,1815,1829,558,0,0,0,452,176,447,592,738,831,919,1028,957,970,976,1021,940,1024,1063,1014,1050,1078,1147,1143,1445
849,7694,7751,939,1,0,161,691,1751,1769,548,0,0,0,409,161,393,509,675,781,843,951,893,905,963,899,941,900,968,925,962,1030,1096,1087,1355
850,17921,17899,2179,6,2,341,1618,4055,3955,1257,0,0,0,938,279,889,1283,1574,1897,1953,2161,2090,2151,2136,2119,2114,2158,2229,2269,2241,2290,2377,2510,3246
851,7775,7890,842,1,1,165,778,1731,1793,486,0,0,0,438,148,412,602,685,793,800,869,878,880,928,994,958,978,983,974,998,1047,1016,1138,1371
852,7587,7840,928,1,2,152,724,1664,1734,504,0,0,0,426,147,388,554,679,820,850,873,937,886,912,991,952,923,981,955,965,1012,1007,1045,1357
853,7405,7341,862,1,0,136,724,1681,1648,493,0,0,0,408,144,371,528,649,725,802,854,905,897,873,895,914,866,909,906,961,945,1000,993,1332
854,8296,8243,944,0,1,192,813,1914,1848,532,0,0,0,480,160,422,604,713,792,948,992,968,933,1006,966,972,965,1014,1081,1049,1048,1152,1229,1475
855,10298,10405,1251,1,2,227,966,2307,2260,737,0,0,0,555,198,540,760,892,1038,1143,1250,1209,1279,1179,1243,1237,1299,1289,1268,1340,1319,1358,1507,1802
856,7558,7395,875,0,1,172,726,1748,1674,487,0,0,0,436,152,389,570,634,760,784,864,841,867,875,804,915,931,953,956,955,1021,974,1114,1368
857,14154,13862,1526,4,0,292,1344,3251,3167,904,0,0,0,783,238,598,990,1303,1448,1472,1623,1639,1668,1681,1664,1668,1714,1799,1700,1761,1839,1892,2012,2473
858,8337,8706,952,1,1,186,794,1939,1873,582,0,0,0,516,147,423,606,787,886,943,1015,971,1023,978,968,963,1055,1083,1032,1051,1130,1151,1206,1559
859,13266,13174,1517,2,1,292,1252,2989,3043,904,0,0,0,762,217,547,930,1213,1404,1559,1555,1463,1487,1561,1551,1595,1619,1625,1667,1615,1747,1786,1935,2428
860,7171,7307,791,1,1,149,689,1688,1658,453,0,0,0,410,137,389,537,629,705,856,789,768,839,875,843,890,856,950,873,885,988,923,1109,1268
861,8056,8013,881,0,0,144,743,1747,1810,521,0,0,0,446,151,420,569,715,800,884,924,946,962,973,905,984,974,947,1017,1040,989,1050,1193,1394
862,12484,11483,1335,0,2,270,1113,2787,2716,771,0,0,0,665,217,646,874,1043,1133,1333,1430,1386,1410,1461,1357,1391,1344,1477,1522,1565,1578,1629,1703,2188
863,8181,8305,923,2,3,158,778,1886,1887,535,0,0,0,436,160,435,658,672,805,927,910,953,979,922,975,1051,1062,1015,1018,1002,1046,1193,1162,1405
864,7332,7164,829,0,1,141,682,1670,1582,476,0,0,0,420,154,355,539,654,748,784,849,811,871,848,892,846,855,918,878,962,917,982,1015,1271
865,7533,7489,891,0,0,163,708,1678,1738,496,0,0,0,421,142,371,547,613,770,863,864,833,839,916,921,923,901,940,913,980,1000,991,1105,1352
866,9503,9753,1083,0,0,221,887,2142,2170,619,0,0,0,531,186,478,646,886,1005,1060,1048,1101,1148,1179,1175,1182,1176,1205,1169,1186,1287,1285,1359,1686
867,7517,7772,878,0,0,154,677,1704,1758,487,0,0,0,407,157,381,548,690,841,898,892,882,902,907,917,857,899,917,948,904,958,1026,1122,1352
868,7436,7421,856,1,3,171,711,1656,1695,485,0,0,0,401,130,384,538,618,748,802,889,857,870,920,892,850,932,925,921,989,923,975,1071,1365
869,8837,8748,999,0,0,179,837,1987,1955,605,0,0,0,500,173,407,651,791,907,947,1026,979,1002,1112,1063,970,1087,1124,1089,1146,1107,1156,1284,1579
870,7953,7931,946,0,0,167,751,1782,1780,551,0,0,0,446,183,406,564,701,832,882,910,928,925,961,926,929,998,990,983,943,1029,1055,1124,1479
871,11521,10720,1289,1,0,224,1105,2535,2476,722,0,0,0,685,197,555,826,959,1122,1268,1252,1334,1281,1270,1323,1347,1302,1432,1361,1459,1486,1545,1543,1998
872,6874,7031,822,0,2,154,694,1583,1530,489,0,0,0,412,139,342,469,573,716,761,839,833,813,854,831,857,892,823,918,841,856,953,1038,1229
873,7992,8128,904,1,2,176,760,1861,1826,523,0,0,0,468,156,403,598,747,844,893,960,882,920,951,964,974,963,988,935,1022,1070,1022,1174,1497
874,9550,9305,1149,1,0,192,840,2174,2118,649,0,0,0,471,190,461,678,857,969,1069,1065,1025,1091,1146,1147,1165,1125,1153,1189,1216,1229,1263,1366,1633
875,7839,7890,912,0,1,163,757,1756,1789,523,0,0,0,461,155,406,541,694,742,804,957,923,969,930,916,977,967,977,964,986,1019,1079,1141,1415
876,9033,8943,1061,1,0,184,838,2068,2017,609,0,0,0,504,179,435,650,779,943,943,1070,1058,1049,1066,1068,1096,1072,1093,1111,1191,1186,1196,1275,1600
877,8206,8340,931,1,0,195,744,1834,1866,556,0,0,0,416,170,393,620,755,851,954,922,973,959,993,1003,992,999,1007,1006,1032,1123,1117,1121,1427
878,8238,7973,912,0,0,167,764,1842,1789,547,0,0,0,446,146,443,585,730,836,898,883,964,905,932,973,1020,985,1014,1004,999,1048,1094,1156,1439
879,8801,8513,952,1,1,195,816,1972,1843,579,0,0,0,493,171,476,555,805,878,972,1056,1008,1017,980,1013,1051,1060,1059,1090,1116,1091,1168,1251,1462
880,9611,9636,1132,0,0,201,966,2178,2179,636,0,0,0,543,196,490,699,809,1007,1081,1071,1077,1175,1146,1105,1166,1236,1200,1210,1255,1219,1309,1358,1737
881,7468,7471,836,0,1,154,665,1673,1661,494,0,0,0,396,155,404,570,676,731,845,847,833,880,857,877,866,910,930,932,964,1008,979,1057,1274
882,7184,7192,771,1,1,136,707,1595,1643,434,0,0,0,423,151,328,535,662,760,847,853,799,823,850,871,872,851,876,875,879,925,1018,985,1232
883,7874,7955,915,0,1,170,720,1819,1750,562,0,0,0,428,189,440,577,676,808,844,962,888,901,945,948,976,940,920,961,985,1034,1075,1156,1410
884,8118,7903,877,0,1,172,761,1872,1759,487,0,0,0,449,153,397,530,697,798,889,897,906,1001,974,984,956,1030,1010,969,984,1036,1057,1154,1410
885,10258,10454,1204,1,0,191,984,2275,2363,674,0,0,0,591,193,507,729,1001,1021,1184,1136,1178,1218,1239,1188,1234,1272,1331,1311,1338,1329,1405,1493,1785
886,7361,7299,809,0,1,159,744,1658,1649,457,0,0,0,428,154,361,508,699,779,806,869,903,838,819,870,867,884,871,883,955,960,1002,1045,1300
887,8148,8094,932,0,0,178,803,1800,1824,534,0,0,0,466,190,420,564,728,840,874,930,990,955,953,1020,1001,987,963,974,1024,1085,1130,1160,1367
888,12064,12189,1396,0,0,249,1052,2710,2762,814,0,0,0,623,213,552,835,1085,1304,1404,1452,1401,1406,1422,1500,1417,1493,1489,1444,1526,1573,1559,1758,2117
889,7233,7301,816,0,0,156,679,1649,1624,469,0,0,0,389,147,371,528,630,738,858,771,829,839,836,857,933,892,916,894,923,919,980,1064,1260
890,6665,6688,769,3,0,165,675,1546,1489,444,0,0,0,392,138,353,523,540,695,709,761,798,772,840,782,793,798,837,806,870,885,865,967,1233
891,11853,11755,1423,1,2,255,1063,2619,2619,817,0,0,0,640,179,547,842,1115,1221,1373,1399,1425,1374,1423,1386,1414,1431,1404,1482,1552,1441,1583,1660,2101
892,9637,9608,1127,0,1,197,893,2158,2074,673,0,0,0,546,191,448,659,876,932,1028,1139,1107,1172,1100,1124,1196,1247,1209,1265,1175,1185,1292,1353,1765
893,10316,10723,1225,2,1,229,948,2369,2362,713,0,0,0,615,196,494,776,1007,1114,1139,1193,1170,1224,1266,1234,1276,1250,1333,1305,1289,1284,1433,1574,1887
894,7138,7185,796,0,0,145,695,1552,1605,455,0,0,0,401,147,358,550,623,707,812,807,858,813,836,859,879,840,944,853,933,947,908,982,1303
895,7546,7248,810,0,1,165,739,1743,1691,448,0,0,0,425,163,376,567,651,746,784,864,841,831,809,894,897,882,925,883,957,1022,997,1115,1305
896,11986,12018,1331,0,0,238,1126,2775,2701,746,0,0,0,659,223,564,889,1112,1203,1295,1501,1363,1396,1408,1396,1433,1417,1490,1493,1459,1555,1614,1773,2115
897,12031,12008,1335,1,0,254,1149,2708,2694,767,0,0,0,687,212,605,844,1107,1243,1318,1432,1430,1392,1430,1449,1375,1411,1485,1447,1573,1583,1583,1740,2119
898,8848,8899,998,0,2,173,846,2031,2050,572,0,0,0,516,187,457,648,770,862,1019,1015,1017,1007,1056,1052,1084,1050,1142,1106,1091,1149,1197,1270,1587
899,8586,8422,1014,0,0,188,795,1956,1881,615,0,0,0,474,155,431,616,793,866,948,982,990,1006,985,983,971,1051,1087,1076,1044,1122,1163,1228,1508
900,7299,7196,855,0,1,159,705,1606,1617,505,0,0,0,401,143,326,525,652,762,816,846,860,833,903,861,939,849,875,863,889,922,976,1086,1289
901,7629,7630,901,1,0,168,685,1677,1785,514,0,0,0,421,166,404,545,655,824,866,873,892,877,845,878,961,928,928,911,974,1010,1003,1114,1360
902,7609,7836,857,0,3,168,725,1711,1762,501,0,0,0,432,149,396,534,686,731,830,902,882,896,923,928,941,945,958,986,992,1005,1062,1107,1345
903,10864,10591,1239,1,0,218,947,2293,2421,721,0,0,0,575,197,562,752,954,1121,1178,1213,1271,1276,1282,1247,1280,1316,1312,1336,1351,1367,1423,1594,1828
904,7970,8045,918,1,0,156,786,1851,1863,535,0,0,0,475,171,392,561,705,860,875,875,934,944,970,943,928,968,996,971,1012,1048,1107,1175,1441
905,15833,16637,1743,1,2,348,1570,3708,3693,1055,0,0,0,902,283,827,1156,1389,1609,1774,1868,1915,1939,1951,1948,1939,1969,1993,1954,2078,2049,2160,2403,2930
906,7358,7278,839,1,0,166,638,1668,1612,481,0,0,0,379,170,411,536,636,766,794,850,844,857,832,875,912,856,914,867,929,934,941,1097,1259
907,7037,6973,842,0,1,155,668,1514,1585,502,0,0,0,402,132,344,511,605,682,792,792,803,842,836,903,871,868,863,866,860,953,885,1022,1246
908,7164,7312,889,0,1,152,683,1593,1598,504,0,0,0,413,155,391,541,614,770,781,863,885,804,869,895,814,914,897,940,851,914,966,1058,1279
909,6813,6849,847,0,0,137,641,1510,1572,449,0,0,0,339,138,344,446,660,691,754,788,830,799,829,803,823,819,844,883,910,896,868,960,1202
910,8310,8430,910,0,0,172,813,1967,1900,518,0,0,0,464,164,381,620,749,810,910,962,998,947,993,1027,997,984,1035,1077,1071,1120,1104,1180,1506
911,11103,10773,1193,2,0,218,1046,2375,2515,657,0,0,0,602,250,593,787,1000,1046,1176,1313,1346,1240,1287,1266,1307,1315,1357,1335,1416,1419,1418,1542,1922
912,9893,9473,1115,0,0,210,908,2198,2129,636,0,0,0,544,236,504,725,866,955,1094,1105,1186,1102,1116,1139,1167,1173,1188,1170,1201,1280,1295,1404,1693
913,7934,8184,911,1,2,179,780,1754,1806,524,0,0,0,472,170,433,546,720,828,858,971,904,969,938,970,960,1026,999,988,1035,997,1103,1185,1391
914,9446,9134,1071,0,0,216,893,2113,2090,635,0,0,0,535,182,462,662,858,951,1046,1101,1071,1080,1111,1132,1064,1104,1167,1132,1144,1207,1267,1324,1695
915,10345,10249,1188,3,1,185,967,2349,2328,673,0,0,0,572,153,464,734,917,1053,1162,1153,1144,1194,1212,1299,1265,1220,1288,1325,1331,1339,1357,1461,1867
916,8893,8797,971,0,0,188,847,1949,1908,576,0,0,0,516,192,437,647,795,850,1050,1029,1047,1001,1076,1056,1087,1138,1032,1067,1124,1141,1144,1235,1548
917,8192,7850,912,0,0,165,779,1800,1689,517,0,0,0,425,165,407,603,726,846,936,879,906,918,990,951,964,950,997,975,1092,1017,1025,1104,1447
918,7940,8046,889,0,2,169,784,1840,1859,518,0,0,0,448,190,405,585,659,804,870,873,906,920,909,913,1005,983,990,967,1045,1100,1062,1176,1468
919,8397,8216,949,0,0,193,747,1854,1842,546,0,0,0,435,176,428,628,734,885,936,939,1006,1007,988,943,996,934,1046,1004,1029,1035,1117,1207,1464
920,11274,10704,1251,0,0,209,1046,2528,2499,710,0,0,0,640,193,579,831,934,1119,1165,1264,1267,1279,1329,1280,1372,1359,1324,1297,1380,1414,1493,1620,1985
921,7909,7793,909,0,1,160,701,1755,1685,522,0,0,0,404,157,400,596,719,785,891,941,915,878,901,937,944,999,1002,978,949,1049,996,1069,1367
922,7853,7925,938,2,0,166,754,1790,1868,554,0,0,0,452,139,402,547,680,786,864,877,913,951,960,918,941,949,976,959,1059,1032,1094,1122,1469
923,9091,9084,1024,2,0,182,861,2042,2032,598,0,0,0,513,177,512,659,781,907,1044,1002,1053,1067,1101,1065,1151,1073,1094,1112,1200,1106,1226,1307,1607
924,7430,7434,890,0,0,150,652,1712,1740,542,0,0,0,388,160,371,550,653,751,830,845,891,884,849,851,838,900,902,873,907,1020,1005,1083,1393
925,9996,10237,1180,1,0,222,981,2357,2296,734,0,0,0,577,198,521,769,823,1011,1043,1178,1148,1144,1164,1236,1221,1233,1282,1271,1305,1383,1324,1477,1886
926,10753,10653,1210,1,0,238,1072,2376,2350,718,0,0,0,615,201,491,825,1000,1088,1189,1174,1266,1268,1238,1238,1248,1310,1394,1377,1381,1413,1433,1529,1864
927,7539,7520,899,0,0,174,685,1677,1713,543,0,0,0,396,152,328,547,614,757,846,904,872,946,918,883,876,925,943,936,913,1032,1026,1054,1345
928,17133,17382,2050,0,3,304,1498,3820,3981,1184,0,0,0,882,307,846,1226,1522,1752,1986,1959,2000,2070,2031,2011,2081,2145,2000,2193,2172,2233,2249,2504,3083
929,7446,7320,820,0,2,127,655,1677,1657,457,0,0,0,407,150,376,554,695,720,793,836,827,828,885,887,868,917,872,917,958,915,1017,1078,1277
930,17277,18085,2125,2,6,367,1752,4007,3964,1240,0,0,0,1022,352,877,1317,1532,1814,1976,1996,2042,2011,2123,2129,2222,2137,2123,2231,2175,2233,2420,2640,3264
931,7540,7390,844,0,0,162,710,1670,1643,464,0,0,0,402,149,385,520,668,758,876,854,860,934,852,904,911,882,959,892,880,952,972,1077,1361
932,7400,7334,890,0,0,160,686,1711,1708,496,0,0,0,426,159,385,555,640,736,844,807,885,823,858,865,874,891,875,910,951,947,1054,1082,1329
933,8225,8208,942,2,1,190,788,1910,1878,530,0,0,0,450,161,424,548,718,822,925,925,959,1025,1029,970,986,980,988,983,1013,1138,1081,1173,1508
934,10379,10089,1177,2,0,213,982,2255,2312,692,0,0,0,576,201,499,787,925,1092,1136,1191,1196,1174,1207,1213,1218,1231,1234,1299,1315,1293,1375,1480,1776
935,7770,7961,903,0,0,174,741,1736,1808,530,0,0,0,434,178,408,540,672,774,864,918,904,917,923,973,962,944,1000,923,1052,1030,1109,1094,1364
936,7538,7640,834,1,1,165,672,1730,1672,507,0,0,0,393,163,412,550,695,730,834,916,854,865,898,937,916,872,953,916,946,950,973,1125,1346
937,7817,8089,859,2,1,183,752,1772,1793,534,0,0,0,422,169,428,537,732,800,864,888,896,901,963,947,964,984,1020,1034,959,1032,1104,1105,1376
938,8819,8789,990,0,0,184,826,1978,2005,569,0,0,0,470,163,434,629,792,894,936,1056,1028,991,982,1061,1069,1015,1155,1117,1133,1131,1242,1218,1562
939,13214,13302,1544,1,4,287,1231,2994,2978,906,0,0,0,700,289,724,1001,1156,1313,1470,1492,1442,1599,1535,1577,1630,1580,1651,1686,1679,1698,1775,1917,2369
940,8352,8646,935,0,2,199,781,1905,1973,533,0,0,0,451,191,436,605,735,809,905,966,955,932,1033,1010,1048,1097,1086,1054,1081,1077,1168,1274,1453
941,8920,8988,1033,3,2,168,801,2096,2041,589,0,0,0,465,224,454,664,771,866,1006,1023,1004,1038,1008,1045,1069,1073,1136,1159,1117,1157,1215,1298,1588
942,8065,8174,910,1,1,177,728,1822,1750,502,0,0,0,426,167,427,574,741,858,913,927,973,937,979,980,922,975,961,1054,1024,1014,1085,1137,1408
943,10237,10127,1189,5,1,208,971,2310,2298,686,0,0,0,559,173,430,739,977,1022,1138,1150,1200,1176,1199,1212,1239,1220,1260,1301,1398,1256,1362,1508,1778
944,7208,7050,843,0,0,131,691,1619,1605,500,0,0,0,410,145,353,537,643,709,783,849,850,850,838,808,865,890,840,903,900,887,1005,991,1277
945,7403,7534,906,0,0,185,693,1620,1683,536,0,0,0,414,144,364,558,653,775,892,857,849,832,878,923,888,948,933,935,894,939,1034,1121,1304
946,7283,7209,818,0,0,184,681,1600,1617,470,0,0,0,419,158,370,523,628,690,841,841,824,832,925,916,862,846,884,930,923,921,972,1042,1247
947,7342,7274,835,0,0,144,720,1650,1667,477,0,0,0,424,158,375,500,655,762,835,835,877,815,843,853,906,912,895,868,934,973,1001,1032,1286
948,8194,8269,925,0,2,162,800,1918,1786,525,0,0,0,486,172,413,600,724,789,897,944,980,955,1024,985,1019,988,1001,1006,1014,1048,1110,1176,1507
949,8889,8867,968,0,0,187,842,1975,1970,550,0,0,0,476,202,499,631,732,867,1036,1012,1051,1110,1028,1001,1051,1107,1155,1091,1129,1160,1207,1221,1463
950,9021,9111,1035,1,3,217,883,2073,2017,602,0,0,0,519,179,527,698,802,936,993,1091,1057,1072,1085,1069,1102,1049,1075,1087,1144,1141,1231,1287,1646
951,8016,8032,978,0,0,176,742,1809,1850,570,0,0,0,450,162,384,566,690,816,876,928,995,939,955,982,955,931,1011,984,991,1085,1112,1148,1434
952,7240,7266,792,0,1,158,658,1649,1646,462,0,0,0,364,144,381,491,611,718,795,873,872,834,879,845,874,894,907,903,911,853,995,1045,1290
953,36261,39503,4420,2,6,757,3380,8461,8685,2526,0,0,0,1985,749,1971,2826,3341,3833,4260,4336,4314,4347,4506,4440,4554,4548,4623,4716,4904,4878,5008,5614,6561
954,7064,7161,838,0,1,145,676,1593,1614,462,0,0,0,393,145,372,516,685,670,794,832,804,905,816,870,890,850,837,838,931,855,917,1055,1303
955,7801,7711,870,2,0,153,690,1691,1695,482,0,0,0,406,168,417,552,678,749,822,885,947,916,958,940,949,943,969,918,1020,989,1002,1082,1323
956,9654,9936,1113,0,0,195,905,2188,2260,643,0,0,0,543,198,478,695,884,1041,1074,1104,1126,1126,1188,1121,1157,1157,1242,1208,1229,1339,1321,1394,1721
957,7283,7310,794,0,1,158,693,1617,1646,474,0,0,0,411,157,353,560,660,740,808,841,851,869,837,837,892,843,903,902,938,960,1016,1024,1248
958,12424,12864,1463,1,0,248,1173,2763,2949,873,0,0,0,675,291,723,907,1046,1258,1459,1457,1458,1486,1523,1499,1552,1524,1522,1482,1577,1620,1749,1863,2177
959,8914,8550,980,1,0,170,881,1998,1895,588,0,0,0,488,190,429,565,782,927,1008,967,1030,1027,1014,1096,1044,1107,1065,1082,1085,1083,1238,1209,1548
960,11119,10945,1219,3,1,238,1021,2490,2534,688,0,0,0,598,275,583,767,931,1094,1149,1318,1258,1373,1246,1283,1349,1312,1343,1346,1421,1445,1502,1596,1955
961,7557,7722,931,0,0,179,748,1778,1710,531,0,0,0,416,176,357,558,718,809,834,899,878,808,896,905,937,912,927,992,987,1020,1017,1116,1391
962,9750,9860,1116,0,3,165,897,2218,2168,645,0,0,0,518,220,510,725,853,983,1087,1141,1125,1158,1133,1192,1158,1163,1252,1187,1287,1253,1315,1378,1671
963,10201,9808,1182,1,1,220,974,2268,2236,656,0,0,0,591,199,469,720,903,1049,1168,1168,1158,1185,1202,1159,1154,1249,1227,1224,1274,1360,1329,1414,1776
964,8887,8941,1057,1,0,185,882,2011,1958,584,0,0,0,527,193,521,679,755,855,984,1057,1034,1017,1118,1085,1054,1080,1124,1070,1076,1219,1180,1255,1597
965,8485,8525,952,0,0,163,797,1889,1927,537,0,0,0,500,196,453,606,724,859,893,979,961,1034,1007,991,1015,1030,1083,1081,1075,1109,1095,1252,1479
966,7318,7109,840,1,1,168,699,1619,1643,501,0,0,0,421,159,371,529,647,696,763,814,836,829,912,879,875,864,835,931,904,923,1007,1111,1251
967,7059,7119,772,0,0,150,676,1575,1634,455,0,0,0,404,139,360,517,626,773,812,858,825,815,818,787,856,851,821,889,883,912,964,1035,1235
968,7297,7356,871,0,0,159,734,1648,1718,510,0,0,0,433,175,374,533,668,732,768,788,792,870,884,870,901,885,923,925,949,969,977,1076,1358
969,9068,8841,1074,1,0,177,808,2011,2008,632,0,0,0,483,198,459,710,768,941,1005,991,1024,1050,1033,1076,1105,1098,1077,1137,1102,1124,1158,1303,1610
970,7535,7425,859,0,1,163,718,1688,1683,508,0,0,0,427,158,374,518,633,757,833,847,838,887,895,883,905,921,917,933,950,963,1046,1078,1365
971,7533,7508,847,0,1,171,655,1657,1692,478,0,0,0,386,143,369,530,697,747,814,846,888,887,865,908,936,928,967,923,973,959,988,1017,1330
972,6857,6968,783,2,1,169,695,1470,1594,458,0,0,0,406,133,368,519,621,715,734,751,861,821,802,861,829,832,897,826,865,882,926,996,1236
973,8198,8195,894,0,0,183,765,1916,1886,499,0,0,0,448,183,418,556,766,852,858,904,922,942,996,980,976,991,1027,982,1053,1073,1182,1126,1448
974,7746,7853,901,1,1,170,761,1736,1717,503,0,0,0,468,160,420,567,718,783,861,998,898,860,921,924,941,913,1045,962,938,1019,1031,1117,1357
975,10108,9966,1128,1,1,182,934,2192,2245,685,0,0,0,547,166,431,746,876,1040,1125,1116,1177,1156,1233,1251,1262,1204,1199,1297,1257,1249,1406,1389,1740
976,10659,10202,1200,0,1,222,989,2406,2340,662,0,0,0,575,245,547,749,937,1027,1205,1125,1198,1187,1208,1235,1271,1277,1298,1347,1323,1297,1365,1574,1858
977,8029,7833,968,2,0,174,768,1813,1785,571,0,0,0,448,137,409,550,728,807,898,901,937,916,942,953,992,906,958,973,990,1037,1128,1169,1443
978,10149,9605,1147,0,0,219,983,2268,2205,672,0,0,0,575,220,485,717,842,1006,1112,1108,1182,1171,1113,1205,1166,1217,1218,1249,1236,1318,1325,1475,1738
979,8283,8442,915,0,1,179,755,1832,1919,532,0,0,0,437,168,421,590,753,861,955,998,923,978,955,1044,981,994,1081,1013,1038,1074,1107,1185,1456
980,16708,17023,1862,2,1,360,1527,3732,3850,1070,0,0,0,939,282,841,1248,1522,1635,1872,1983,2035,1973,1967,2038,2000,2091,2060,2055,2142,2156,2180,2457,2946
981,7804,7645,870,2,2,152,702,1738,1754,507,0,0,0,417,156,404,567,714,765,862,883,848,868,884,894,957,893,962,979,1007,987,1127,1101,1319
982,8842,9346,1092,0,1,197,836,2073,2074,633,0,0,0,489,226,473,672,758,894,931,1094,1056,1052,1070,1117,1067,1111,1177,1124,1128,1237,1291,1245,1591
983,9942,9717,1248,0,1,226,886,2240,2288,719,0,0,0,496,218,468,697,858,967,1046,1085,1175,1163,1223,1121,1206,1252,1196,1224,1238,1288,1388,1528,1679
984,12273,11860,1339,2,1,266,1172,2798,2747,745,0,0,0,692,278,695,896,1039,1244,1301,1408,1366,1451,1397,1387,1493,1438,1457,1480,1516,1553,1609,1764,2141
985,8470,8710,929,0,1,196,811,1870,1947,519,0,0,0,475,153,427,584,789,883,941,961,1057,1079,994,1057,1003,1040,1062,1059,1075,1090,1147,1181,1535
986,10904,11000,1166,1,1,233,1068,2503,2486,688,0,0,0,615,232,503,742,987,1132,1242,1287,1278,1256,1276,1246,1351,1285,1332,1386,1381,1477,1451,1579,1950
987,8609,8725,994,0,0,218,830,1991,2024,603,0,0,0,497,172,410,616,852,884,938,962,988,917,952,1014,1045,1064,1079,1076,1168,1161,1181,1263,1634
988,7073,7127,752,0,0,138,668,1622,1584,421,0,0,0,409,133,402,530,612,662,786,801,843,838,858,809,854,846,888,899,899,900,926,1019,1253
989,7154,7079,780,0,0,152,688,1686,1632,439,0,0,0,376,159,357,475,610,689,800,823,818,844,809,839,848,851,895,877,923,987,962,1024,1263
990,7083,6893,761,0,2,149,670,1556,1586,456,0,0,0,368,146,376,503,568,670,781,803,800,842,789,879,784,885,883,910,903,907,886,994,1249
991,18815,20008,2268,1,0,371,1870,4211,4399,1319,0,0,0,1105,422,1040,1438,1688,1954,2159,2191,2295,2295,2300,2326,2253,2357,2387,2432,2503,2516,2565,2751,3461
992,9121,8948,1003,0,0,175,869,2111,2061,576,0,0,0,491,192,482,658,787,908,959,1044,1033,1046,1078,1050,1080,1099,1108,1085,1167,1159,1238,1287,1656
993,6657,6762,765,0,0,149,640,1500,1522,427,0,0,0,360,128,341,464,564,671,771,792,729,798,796,846,830,820,807,868,840,884,906,932,1186
994,7626,7504,893,2,0,156,678,1694,1692,510,0,0,0,409,180,403,537,605,759,833,820,954,870,921,924,923,964,938,903,928,974,1041,1051,1331
995,6721,6743,792,1,2,161,606,1562,1561,447,0,0,0,361,142,328,487,557,662,766,794,802,787,769,823,818,777,812,837,842,904,897,988,1234
996,7708,7450,818,0,0,158,699,1775,1721,476,0,0,0,396,183,394,525,664,753,851,866,872,891,865,875,889,884,959,953,950,966,991,1106,1396
997,6829,6886,801,0,0,152,656,1576,1501,448,0,0,0,414,153,372,480,605,670,751,791,823,777,826,840,839,820,824,836,925,859,910,917,1306
998,10038,10260,1156,0,0,233,958,2260,2326,654,0,0,0,578,206,515,720,861,1019,1108,1159,1160,1143,1239,1223,1179,1260,1288,1252,1325,1301,1416,1496,1775
999,9278,10009,1108,1,2,217,927,2150,2170,642,0,0,0,558,278,534,724,821,907,970,1113,1147,1098,1168,1080,1216,1207,1171,1202,1246,1227,1311,1409,1713
1000,7605,7734,852,0,2,173,754,1707,1665,490,0,0,0,449,141,357,618,736,793,884,813,900,905,886,929,911,928,907,1015,937,979,967,1117,1397
1001,11418,11375,1338,1,2,268,1032,2557,2620,740,0,0,0,617,213,587,829,1016,1138,1255,1265,1314,1352,1339,1366,1361,1356,1353,1492,1537,1436,1542,1600,2083
1002,7536,7447,858,0,1,144,713,1750,1699,513,0,0,0,388,168,374,483,667,729,835,819,916,863,870,950,866,910,886,973,974,1002,1008,1086,1320
1003,7630,7510,878,3,0,151,706,1727,1744,489,0,0,0,424,158,374,602,643,732,872,869,879,866,933,892,887,894,941,931,963,1050,1012,1078,1302
1004,6217,6227,757,0,1,149,579,1397,1416,448,0,0,0,326,139,290,472,560,594,695,735,718,717,732,757,751,727,786,745,812,816,849,914,1121
1005,7621,7594,896,1,0,143,727,1737,1707,528,0,0,0,438,174,413,558,656,766,841,841,893,929,875,921,876,931,914,934,984,986,1053,1065,1372
1006,9366,9293,1017,2,1,197,864,2064,2057,578,0,0,0,524,210,439,653,864,924,1058,1079,1084,1068,1122,1070,1072,1128,1214,1187,1234,1172,1239,1343,1580
1007,10610,10603,1208,0,1,216,1031,2328,2372,730,0,0,0,594,163,460,735,1009,1112,1189,1187,1267,1279,1271,1250,1263,1359,1285,1342,1362,1333,1385,1559,1859
1008,8049,8172,983,1,1,170,736,1783,1873,559,0,0,0,431,185,439,567,680,826,867,984,973,975,968,949,988,968,969,982,1048,1026,1106,1169,1443
1009,10849,11157,1265,0,2,241,1026,2489,2458,705,0,0,0,606,221,607,833,972,1059,1201,1257,1273,1292,1265,1306,1323,1323,1367,1382,1446,1462,1491,1600,1860
1010,10677,10660,1148,3,0,212,981,2399,2367,658,0,0,0,585,216,499,789,983,1111,1147,1183,1298,1285,1247,1261,1254,1252,1292,1329,1362,1351,1350,1583,1889
1011,11633,11035,1321,2,1,262,1048,2521,2513,750,0,0,0,620,252,591,826,991,1149,1271,1338,1349,1320,1400,1300,1348,1383,1347,1439,1439,1425,1496,1658,1980
1012,7475,7744,866,0,1,146,694,1718,1631,518,0,0,0,413,196,416,495,639,822,778,897,858,905,874,887,905,970,980,965,964,947,994,1089,1345
1013,8495,8524,1000,0,2,182,762,1911,2013,599,0,0,0,475,182,421,576,732,835,954,903,977,1040,1049,1046,995,1020,1002,1037,1100,1083,1206,1243,1564
1014,7464,7336,845,5,0,160,688,1665,1682,514,0,0,0,401,144,391,544,625,768,847,860,842,851,865,885,877,870,940,927,905,948,962,1070,1377
1015,7506,7315,861,1,0,158,670,1676,1600,485,0,0,0,401,148,362,561,669,726,799,861,896,869,857,882,877,948,921,928,954,937,986,1073,1257
1016,7409,7261,851,1,1,157,687,1704,1656,495,0,0,0,400,155,349,520,623,725,824,826,831,883,892,881,873,961,892,880,914,953,1013,1056,1316
1017,8898,9216,980,0,0,193,843,2075,2103,576,0,0,0,502,195,481,663,761,924,968,1059,1026,1016,1057,1088,1086,1052,1161,1104,1113,1167,1254,1342,1613
1018,8503,8996,957,0,1,192,841,1949,1970,579,0,0,0,499,207,498,662,762,801,990,1012,1060,1029,1041,981,1028,1047,1103,1079,1088,1119,1213,1253,1517
1019,8834,8912,1079,1,0,204,827,2105,1969,626,0,0,0,459,156,423,612,824,937,1021,1008,1005,1054,1080,1032,1057,1097,1074,1071,1151,1231,1185,1229,1610
1020,7246,7062,829,0,1,150,694,1622,1515,470,0,0,0,427,153,359,495,642,725,812,857,821,827,869,875,857,855,882,925,908,890,1000,975,1255
1021,7191,7301,859,1,1,141,658,1595,1619,524,0,0,0,389,156,334,533,661,742,807,791,873,833,870,876,885,907,841,906,919,973,940,1003,1302
1022,9609,9235,1010,0,1,193,896,2159,2051,569,0,0,0,514,189,461,659,850,949,1082,1099,1094,1102,1098,1144,1130,1115,1170,1169,1208,1246,1244,1315,1620
1023,8632,8823,1010,0,0,180,830,1959,1972,581,0,0,0,466,213,436,596,786,846,969,947,1048,976,1045,1119,1090,1095,1128,1029,1080,1116,1197,1199,1560
1024,8651,8365,958,1,1,193,794,1899,1916,559,0,0,0,461,193,444,634,751,792,955,983,1030,984,1002,1045,1037,1038,1036,994,1035,1123,1158,1226,1503
1025,8256,8255,933,0,1,170,784,1859,1890,562,0,0,0,466,175,399,596,721,818,899,944,922,953,979,1007,980,1004,1064,1019,1055,1071,1172,1122,1499
1026,7551,7543,859,0,1,168,676,1702,1683,507,0,0,0,396,133,402,513,676,751,814,917,901,806,923,883,902,924,972,930,990,1020,1039,1018,1284
1027,7734,7704,898,1,1,161,783,1751,1796,510,0,0,0,427,170,392,500,749,779,867,868,857,874,902,905,936,944,967,979,1008,997,1002,1129,1457
1028,8472,8794,966,0,0,197,851,2048,1944,556,0,0,0,495,173,429,598,756,857,916,1022,996,994,968,963,1083,1089,1070,1057,1129,1146,1180,1300,1554
1029,7531,7598,887,0,1,160,720,1710,1803,519,0,0,0,421,151,378,598,638,746,847,863,916,816,927,888,910,879,856,928,1037,944,1025,1107,1443
1030,8151,8476,947,0,0,165,744,1935,1865,529,0,0,0,431,202,382,621,703,860,882,1004,972,982,971,965,979,1044,986,1017,1068,1091,1111,1187,1456
1031,7264,7150,885,0,1,140,661,1679,1625,517,0,0,0,372,150,381,450,675,736,770,794,871,803,851,871,875,906,922,846,921,943,995,1033,1308
1032,8953,8813,1007,0,0,193,871,2018,1972,571,0,0,0,511,188,465,597,796,879,981,1030,1030,1066,1003,1066,1013,1088,1164,1147,1131,1120,1209,1275,1589
1033,7345,7288,776,0,0,156,656,1678,1602,476,0,0,0,381,166,374,501,641,743,840,794,818,847,888,901,859,889,892,905,966,975,1011,1008,1203
1034,8486,8418,957,0,0,174,800,1851,1858,572,0,0,0,460,145,372,639,793,873,953,988,1014,1018,1002,1018,1032,1005,1037,1022,1124,1063,1091,1176,1470
1035,7419,7618,841,0,0,172,692,1718,1695,461,0,0,0,415,159,385,529,647,780,832,864,843,897,878,911,885,900,940,939,961,984,987,1116,1305
1036,7788,7777,871,0,0,157,734,1845,1732,492,0,0,0,419,150,414,550,676,776,850,868,937,890,934,890,953,977,949,948,972,1026,1055,1107,1405
1037,8300,8110,972,2,1,170,784,1895,1841,570,0,0,0,480,181,458,584,675,863,850,910,979,978,987,972,1006,1002,983,1021,1001,1022,1155,1230,1482
1038,8681,8933,972,1,1,200,828,1997,2066,573,0,0,0,489,188,465,621,759,846,986,1006,1028,1037,983,1028,1045,1061,1118,1077,1084,1172,1152,1287,1673
1039,7025,6904,803,1,0,153,643,1596,1564,452,0,0,0,375,160,359,496,591,743,742,796,837,821,838,858,803,820,834,875,861,895,953,976,1271
1040,8305,8495,934,1,0,196,778,1846,1881,535,0,0,0,460,165,420,613,786,857,905,1022,984,985,1026,1001,1022,1006,1042,981,1084,1081,1118,1188,1423
1041,6471,6322,735,0,1,126,631,1475,1358,425,0,0,0,385,127,333,459,534,646,763,764,732,742,777,722,765,774,770,810,842,796,838,930,1162
1042,8457,8516,1024,0,1,181,800,1921,1920,588,0,0,0,456,213,411,583,794,880,840,966,967,941,1059,971,1028,1041,1092,1096,1075,1143,1119,1244,1516
1043,8085,8220,881,0,0,176,781,1822,1830,517,0,0,0,454,168,409,578,739,876,875,911,963,932,934,955,1023,1005,998,1050,1011,1034,1101,1173,1408
1044,8538,8627,946,0,1,183,800,1902,1995,533,0,0,0,461,204,510,591,676,851,952,1024,1007,946,969,1032,1086,1094,1031,1000,1118,1141,1127,1232,1504
1045,7692,7826,881,0,0,170,734,1758,1777,493,0,0,0,439,141,405,554,674,775,873,911,897,933,977,881,902,947,944,935,1008,1033,1059,1132,1322
1046,7471,7530,850,2,2,167,724,1693,1685,482,0,0,0,418,133,371,527,646,768,818,886,809,965,898,911,880,953,890,940,915,971,1012,1131,1322
1047,8546,8802,973,1,1,166,832,1988,1910,550,0,0,0,472,215,470,613,736,868,932,981,1059,1013,1002,1013,1045,1079,1073,1042,1184,1117,1107,1274,1498
1048,8810,8847,1038,0,0,192,827,2084,1959,620,0,0,0,512,164,372,614,789,914,1026,1049,996,955,1075,1086,1058,1020,1052,1117,1080,1193,1233,1314,1607
1049,10520,10644,1184,0,1,191,977,2377,2421,674,0,0,0,574,178,514,707,965,1100,1175,1184,1232,1268,1248,1292,1280,1284,1257,1338,1340,1402,1407,1510,1836
1050,10985,11103,1282,1,0,241,1019,2511,2413,718,0,0,0,612,193,628,772,1012,1098,1174,1272,1311,1336,1301,1291,1346,1388,1359,1396,1417,1379,1520,1516,1922
1051,8559,8475,947,0,1,196,809,1908,1892,529,0,0,0,489,144,428,569,726,889,990,987,984,1020,998,1009,1048,1039,1042,1069,1109,1062,1137,1222,1515
1052,8101,8045,896,1,2,170,766,1840,1886,523,0,0,0,454,173,430,562,739,783,869,867,914,936,975,946,948,961,1019,1011,993,1072,1066,1236,1481
1053,7566,7856,824,1,0,170,728,1679,1781,478,0,0,0,428,174,373,552,672,760,816,895,886,928,903,961,936,908,954,995,934,992,1038,1139,1329
1054,11164,10597,1263,3,0,255,963,2425,2371,742,0,0,0,572,241,543,793,969,1090,1139,1239,1270,1286,1315,1345,1353,1380,1342,1341,1362,1422,1446,1517,1852
1055,15450,15654,1829,3,1,337,1450,3563,3509,1079,0,0,0,858,303,754,1108,1316,1641,1724,1787,1833,1860,1836,1861,1856,1868,1945,1890,1960,1912,2179,2260,2831
1056,7967,7697,868,1,3,186,731,1765,1760,480,0,0,0,434,158,411,587,688,756,838,900,914,945,900,940,953,994,923,987,1019,977,1056,1145,1362
1057,8131,8157,904,0,1,162,754,1787,1855,530,0,0,0,447,161,392,567,746,833,897,919,945,963,999,915,1029,989,1015,1023,1015,1026,1119,1198,1358
1058,7361,7259,835,0,1,167,727,1626,1658,492,0,0,0,419,138,357,486,658,779,806,873,812,885,846,845,869,950,915,902,885,963,984,1062,1335
1059,8098,7912,962,1,1,158,783,1813,1813,538,0,0,0,481,154,407,600,707,840,875,876,951,943,938,935,977,944,994,1037,1023,1063,1073,1138,1440
1060,7168,7152,850,0,0,136,659,1655,1606,477,0,0,0,372,129,389,541,587,705,820,813,896,817,797,856,841,886,890,881,911,974,944,1043,1245
1061,7450,7498,933,1,1,161,731,1671,1634,532,0,0,0,416,171,388,527,662,704,859,825,880,845,868,902,928,931,979,1029,899,940,1027,1092,1319
1062,7411,7565,839,0,0,174,728,1663,1745,482,0,0,0,433,136,375,519,643,743,904,866,899,911,905,892,893,860,960,900,932,964,999,1089,1327
1063,7844,7893,920,1,3,155,757,1836,1757,526,0,0,0,466,166,372,548,709,798,843,877,943,932,880,959,942,874,1001,1032,1061,983,1076,1179,1398
1064,8096,8223,927,1,0,152,728,1754,1836,546,0,0,0,428,171,386,599,747,859,882,925,920,959,1005,1008,984,954,1028,1001,1019,1048,1079,1146,1407
1065,6678,6727,753,0,0,148,599,1516,1532,394,0,0,0,361,132,340,462,573,698,754,767,775,757,818,792,813,792,875,821,813,832,940,929,1222
1066,7715,7794,932,2,3,152,737,1783,1735,535,0,0,0,424,178,379,586,648,740,811,904,929,959,853,892,922,960,970,1004,993,1038,1042,1125,1402
1067,8660,8471,996,0,1,207,802,1973,1842,564,0,0,0,505,192,444,627,774,909,914,1002,964,1015,1004,1065,1041,1001,1064,1039,1090,1108,1148,1282,1454
1068,11766,11378,1349,1,0,253,1106,2661,2590,798,0,0,0,638,193,555,794,1027,1173,1312,1269,1414,1320,1409,1402,1425,1396,1384,1441,1492,1531,1596,1628,2092
1069,7076,7076,822,1,2,159,667,1520,1580,442,0,0,0,411,141,350,505,625,791,741,844,873,848,864,799,812,850,876,916,899,886,920,1009,1254
1070,7619,7848,916,2,0,175,805,1757,1768,521,0,0,0,487,165,449,544,670,783,809,882,940,887,924,968,947,913,957,925,976,1038,1096,1092,1400
1071,8391,8400,1022,0,0,163,744,1867,1883,602,0,0,0,444,149,426,592,778,839,922,1003,962,1006,972,987,1028,1043,1065,1008,1092,1022,1111,1231,1484
1072,8665,8953,1030,1,0,181,853,1995,2049,588,0,0,0,500,181,454,630,786,920,993,1031,1002,1024,1046,1003,1027,1061,1099,1083,1137,1149,1181,1326,1550
1073,7767,7870,875,2,0,160,738,1754,1777,510,0,0,0,435,153,363,588,676,774,861,918,881,908,939,970,974,913,974,960,960,1023,1078,1151,1348
1074,7320,7450,835,1,2,161,682,1630,1657,502,0,0,0,397,164,387,581,655,730,861,822,885,885,873,885,839,872,888,910,928,957,972,1063,1294
1075,7811,7865,912,0,1,144,742,1805,1718,526,0,0,0,419,156,441,588,699,754,911,859,910,871,877,931,954,961,965,1009,937,1062,1085,1119,1386
1076,9170,9595,1026,0,1,191,890,2135,2137,585,0,0,0,505,183,497,675,777,884,1086,1119,1106,1064,1157,1072,1102,1148,1166,1171,1212,1208,1283,1347,1616
1077,7249,7347,798,2,1,156,674,1604,1668,444,0,0,0,405,144,398,524,693,710,803,831,836,829,875,904,848,886,946,871,945,924,908,1073,1279
1078,7316,7313,843,5,1,163,670,1676,1664,500,0,0,0,389,167,356,555,644,733,859,804,819,857,839,882,854,922,898,876,947,905,1023,1084,1287
1079,7558,7527,908,0,0,157,758,1729,1681,539,0,0,0,443,165,387,556,665,794,812,936,851,890,873,885,924,876,926,918,953,1048,1033,1105,1311
1080,7396,7260,801,0,2,137,653,1625,1701,448,0,0,0,377,159,382,541,641,724,807,872,889,834,875,839,906,842,891,900,910,936,968,1059,1274
1081,8715,8650,921,1,0,191,796,1930,1985,538,0,0,0,478,179,480,632,825,868,925,1030,942,1037,1053,1000,1049,1034,1073,1017,1063,1088,1154,1187,1638
1082,7355,7437,896,0,1,161,675,1695,1714,498,0,0,0,386,142,334,510,623,747,857,808,840,830,869,885,957,878,967,925,933,953,1016,1156,1295
1083,11605,11302,1328,0,4,257,1033,2581,2616,776,0,0,0,573,252,591,838,929,1156,1247,1389,1305,1335,1317,1330,1396,1396,1443,1451,1452,1492,1567,1658,1985
1084,8221,8458,949,1,0,198,751,1870,1927,536,0,0,0,441,193,456,601,691,849,898,909,960,998,997,964,1043,987,1061,1024,1053,1102,1145,1180,1467
1085,6613,6896,744,0,0,143,650,1492,1453,453,0,0,0,375,151,350,462,615,668,755,756,809,780,811,792,825,828,829,836,897,883,927,955,1117
1086,7158,7395,873,1,1,147,696,1683,1641,500,0,0,0,422,139,362,526,629,776,834,881,824,852,848,882,820,897,873,884,923,956,1008,1058,1299
1087,6916,6946,776,1,2,129,616,1504,1577,426,0,0,0,378,122,324,491,596,741,812,807,769,820,794,813,837,845,874,875,855,871,912,992,1236
1088,8991,9273,1043,1,1,194,812,2059,2008,597,0,0,0,460,212,477,698,814,894,1016,1041,1010,1042,1123,1036,1144,1126,1110,1158,1142,1150,1256,1300,1566
1089,8641,8985,1070,2,1,204,820,2008,2051,600,0,0,0,509,199,432,653,788,888,985,1010,1028,1021,986,1080,1102,1002,1096,1076,1087,1147,1207,1334,1602
1090,7778,7797,864,1,0,137,741,1744,1804,497,0,0,0,432,162,386,576,673,784,821,933,920,949,912,875,940,943,951,982,976,1033,963,1124,1415
1091,7504,7599,918,0,0,170,715,1732,1682,543,0,0,0,441,159,387,549,660,805,801,872,872,890,883,914,932,893,913,902,964,1011,1049,1066,1384
1092,10285,10122,1155,2,0,203,941,2261,2334,688,0,0,0,567,196,602,740,849,1019,1116,1239,1158,1149,1226,1237,1215,1177,1278,1324,1257,1317,1374,1477,1758
1093,14517,14730,1625,0,1,321,1399,3319,3292,894,0,0,0,811,238,622,1067,1314,1546,1690,1688,1662,1709,1680,1689,1795,1790,1838,1868,1879,1855,2019,2058,2586
1094,7415,7456,854,0,0,159,658,1757,1729,513,0,0,0,372,153,373,529,598,749,812,868,847,909,890,874,866,847,909,917,954,987,1004,1078,1378
1095,10072,10546,1188,1,0,211,1014,2280,2328,694,0,0,0,606,250,596,738,857,1019,1170,1180,1216,1229,1180,1233,1317,1210,1214,1276,1311,1336,1336,1469,1895
1096,7950,8231,891,0,0,159,774,1776,1821,507,0,0,0,455,196,412,545,730,834,893,952,963,948,990,996,934,972,983,999,990,1088,1024,1098,1458
1097,8991,8841,1040,0,0,184,836,2011,1974,609,0,0,0,487,188,476,628,762,863,993,1046,1054,1025,1053,992,1079,1167,1109,1116,1153,1176,1154,1292,1566
1098,6992,6933,761,0,0,167,672,1548,1530,418,0,0,0,416,140,364,511,606,711,765,850,809,830,844,838,863,822,825,868,883,915,946,950,1185
1099,12443,12100,1399,1,0,266,1106,2742,2836,820,0,0,0,653,219,557,865,1085,1247,1379,1427,1440,1475,1440,1462,1441,1563,1495,1486,1571,1620,1666,1735,2142
1100,9138,8530,1026,0,0,185,878,2015,1981,603,0,0,0,503,184,491,620,750,878,947,1044,1034,1069,1071,1083,1002,1058,1094,1080,1141,1186,1197,1237,1591
1101,8167,8391,926,0,0,170,750,1782,1883,539,0,0,0,427,151,416,592,797,859,882,914,968,953,991,1004,1042,1070,966,1021,995,1092,1106,1188,1397
1102,7458,7468,808,1,1,152,706,1673,1751,486,0,0,0,434,147,403,528,613,744,796,854,919,917,893,851,899,867,905,925,921,980,973,1115,1344
1103,6989,6929,848,0,0,165,624,1537,1493,501,0,0,0,363,149,335,531,641,740,757,814,816,789,857,823,810,842,875,889,898,891,929,998,1171
1104,7790,7806,853,1,0,159,733,1767,1777,474,0,0,0,427,150,439,612,734,786,807,897,913,889,935,941,886,877,921,998,977,1008,1055,1182,1335
1105,17159,18244,2057,4,1,389,1722,3910,3963,1192,0,0,0,1042,413,911,1252,1634,1749,1979,1967,2041,2034,2164,2110,2174,2054,2136,2284,2310,2218,2387,2581,3178
1106,7041,7071,801,0,0,162,639,1554,1604,485,0,0,0,364,152,369,509,594,713,749,833,866,810,803,885,839,789,827,928,961,944,951,966,1226
1107,7252,7487,833,1,1,149,683,1637,1706,486,0,0,0,389,142,347,489,669,790,829,817,835,856,856,890,928,890,935,911,915,966,986,1092,1263
1108,14897,15157,1775,1,0,303,1380,3458,3340,1010,0,0,0,775,284,741,1042,1388,1487,1650,1674,1761,1708,1821,1747,1875,1881,1900,1853,1961,1872,2049,2122,2697
1109,7102,7050,759,0,0,163,716,1635,1574,450,0,0,0,398,161,357,524,630,670,732,842,849,835,817,847,849,856,874,869,913,934,933,1025,1273
1110,8190,8352,941,2,0,175,778,1771,1840,546,0,0,0,434,183,442,589,711,825,903,956,990,989,1040,956,1008,1024,1062,1019,1028,1026,1109,1183,1395
1111,8433,8583,967,2,0,182,775,1911,1962,547,0,0,0,468,163,427,657,748,876,920,1020,980,970,1036,1011,1028,993,981,1069,1078,1052,1159,1245,1529
1112,8256,8172,921,1,0,181,801,1918,1842,525,0,0,0,470,150,423,570,728,845,970,942,952,949,909,958,995,971,1009,1056,1059,1086,1084,1168,1508
1113,6766,6900,747,0,1,134,711,1496,1526,431,0,0,0,409,125,348,485,629,754,758,782,780,818,776,795,863,850,825,842,874,855,920,965,1215
1114,7589,7631,941,0,0,161,761,1639,1780,539,0,0,0,440,190,375,556,647,796,851,876,857,939,885,964,921,933,931,936,940,964,1058,1102,1362
1115,7717,7877,913,1,1,159,767,1796,1860,494,0,0,0,440,148,407,551,721,811,879,863,900,936,939,901,920,911,913,942,1044,998,1076,1123,1452
1116,7529,7458,909,0,2,161,696,1689,1713,512,0,0,0,401,153,397,506,661,779,827,860,879,826,897,900,899,945,894,961,938,986,1072,1060,1315
1117,7650,7519,860,0,2,158,718,1697,1744,506,0,0,0,424,151,358,564,639,744,836,820,850,879,858,950,908,982,912,982,1008,985,1000,1055,1426
1118,7441,7293,887,0,0,172,672,1633,1653,511,0,0,0,373,159,365,561,651,749,822,825,812,866,870,828,871,902,955,975,932,922,972,1116,1312
1119,7639,7707,941,2,1,169,723,1745,1724,561,0,0,0,404,141,366,547,657,772,792,976,881,916,838,864,979,960,963,960,1005,994,1034,1114,1423
1120,7237,7241,857,2,0,157,684,1638,1662,498,0,0,0,412,158,353,501,665,761,770,821,816,839,888,818,838,910,895,926,929,969,996,1027,1298
1121,8046,8324,965,0,0,165,722,1882,1779,569,0,0,0,437,178,440,593,744,767,964,943,964,929,1001,939,986,1000,963,990,1032,1057,1111,1205,1416
1122,7570,7852,854,0,0,164,737,1736,1741,494,0,0,0,447,172,371,491,682,791,875,891,898,886,919,959,1004,932,907,933,969,1031,1010,1091,1365
1123,8263,8273,957,0,0,171,798,1864,1868,575,0,0,0,455,167,411,590,713,840,1006,966,957,920,952,984,999,1013,1018,1062,979,1054,1119,1187,1525
1124,9972,10567,1188,0,0,229,1003,2272,2369,689,0,0,0,589,234,530,721,911,956,1187,1226,1161,1215,1190,1292,1244,1207,1287,1270,1244,1356,1420,1457,1851
1125,7990,8084,932,0,0,136,814,1726,1867,562,0,0,0,488,160,400,577,733,800,934,937,905,959,956,960,946,961,952,1015,1015,1055,1074,1160,1457
1126,7903,7932,911,1,1,149,726,1815,1724,544,0,0,0,423,152,419,581,738,810,891,899,918,942,916,926,930,970,996,945,965,1015,1047,1141,1422
1127,18736,18794,2147,2,1,379,1741,4257,4250,1246,0,0,0,1028,328,946,1354,1640,1928,2053,2216,2236,2159,2222,2309,2320,2226,2167,2347,2349,2470,2490,2719,3321
1128,9098,9080,1041,0,0,190,863,2041,2078,616,0,0,0,508,196,505,655,803,890,1009,1055,1025,1056,1037,1128,1073,1091,1118,1102,1149,1227,1245,1325,1583
1129,6692,6834,764,0,0,127,629,1463,1509,467,0,0,0,372,164,348,457,652,717,769,829,787,782,784,781,815,811,782,813,855,893,891,910,1206
1130,7526,7543,878,0,1,141,770,1714,1791,510,0,0,0,451,162,368,554,664,781,790,902,841,850,864,932,931,879,906,931,924,1001,1040,1095,1444
1131,7427,7367,871,0,2,179,713,1704,1611,489,0,0,0,413,160,376,495,717,786,812,864,847,847,866,888,900,900,939,919,941,920,940,1112,1330
1132,9339,9243,1029,1,0,225,805,2107,2106,591,0,0,0,460,200,468,715,795,997,923,1069,1062,1103,1147,1071,1068,1183,1148,1144,1174,1162,1231,1301,1681
1133,8577,8910,955,0,1,177,842,2024,2036,569,0,0,0,506,212,461,658,767,859,911,971,1042,999,1009,977,1005,1040,1090,1098,1139,1201,1189,1247,1587
1134,7711,7522,854,2,3,165,758,1676,1761,487,0,0,0,437,143,369,552,646,758,837,878,872,881,896,933,985,977,951,956,945,1023,1000,1067,1346
1135,9931,9778,1122,0,1,188,887,2241,2273,646,0,0,0,509,238,517,753,818,880,1094,1121,1157,1151,1186,1225,1159,1202,1204,1181,1223,1325,1302,1468,1703
1136,7977,7979,898,1,0,169,738,1754,1769,519,0,0,0,414,172,419,578,717,787,902,948,977,956,941,920,974,957,1008,953,994,1035,1009,1181,1334
1137,12059,12455,1377,1,1,258,1126,2809,2730,770,0,0,0,663,222,594,936,1130,1292,1377,1441,1482,1304,1431,1443,1480,1448,1460,1512,1620,1647,1658,1666,2134
1138,6927,6824,785,1,0,149,634,1600,1585,452,0,0,0,377,136,357,494,590,692,753,791,820,762,787,841,780,833,845,840,904,940,924,1017,1214
1139,7830,7910,879,0,2,195,728,1800,1712,521,0,0,0,411,174,385,576,671,796,903,884,935,932,891,908,978,977,1004,988,999,991,1049,1124,1379
1140,10457,10961,1256,2,1,209,996,2429,2439,710,0,0,0,587,296,557,764,894,1038,1158,1200,1233,1295,1239,1224,1272,1324,1307,1395,1413,1396,1421,1528,1928
1141,7861,7720,876,1,0,173,728,1787,1747,486,0,0,0,422,163,422,558,608,800,853,917,920,925,918,982,906,967,942,929,972,1009,1120,1105,1343
1142,7865,7699,920,0,1,160,740,1754,1749,501,0,0,0,437,149,378,556,664,761,904,938,910,921,906,937,950,950,944,977,1050,1008,1005,1094,1383
1143,10059,9980,1127,0,0,188,945,2249,2248,645,0,0,0,557,173,494,699,860,1035,1133,1136,1117,1192,1178,1201,1251,1241,1266,1239,1224,1315,1299,1440,1806
1144,6909,6935,787,0,0,140,636,1594,1545,446,0,0,0,364,146,354,500,603,685,778,746,817,811,846,868,815,831,888,816,885,929,915,973,1201
1145,10668,11334,1245,1,0,233,1019,2434,2492,708,0,0,0,588,252,599,761,966,1096,1203,1275,1239,1255,1374,1297,1328,1335,1367,1349,1364,1417,1442,1590,1991
1146,7694,7441,815,1,1,174,698,1723,1689,473,0,0,0,399,158,373,537,687,749,817,874,901,908,903,871,894,915,949,996,927,977,977,1121,1290
1147,9086,9002,1014,1,0,202,870,2025,1977,570,0,0,0,528,150,463,692,796,923,993,1076,1042,1008,1108,1086,1029,1109,1103,1150,1171,1151,1205,1282,1638
1148,9948,9808,1150,0,1,224,950,2213,2199,668,0,0,0,540,176,457,721,908,1022,1112,1149,1232,1143,1181,1198,1184,1158,1229,1218,1197,1329,1308,1441,1718
1149,7557,7350,848,2,0,148,710,1678,1649,486,0,0,0,419,178,418,542,616,703,854,831,832,885,878,860,896,920,964,953,973,949,973,1043,1347
1150,8909,9337,1048,0,0,184,842,2056,2008,600,0,0,0,506,237,448,647,791,974,965,1131,1038,1055,1054,1110,1109,1095,1095,1120,1119,1191,1269,1257,1615
1151,6658,6824,777,2,0,127,686,1522,1609,444,0,0,0,407,144,327,496,576,644,743,822,748,797,795,772,745,798,845,863,895,925,937,992,1210
1152,7585,7651,846,0,1,177,742,1690,1716,504,0,0,0,453,155,384,540,662,775,831,883,909,903,892,928,930,936,916,910,1005,972,1010,1102,1359
1153,8501,8229,898,0,1,172,762,1898,1848,505,0,0,0,430,216,432,601,702,794,914,1002,1009,972,986,1057,993,962,1048,1038,1045,1087,1124,1151,1430
1154,8475,8702,951,1,0,163,774,1897,1880,520,0,0,0,464,182,469,595,766,858,965,1011,994,1037,1016,1004,1067,1080,1016,1075,1055,1114,1103,1166,1493
1155,7103,7015,838,2,1,145,680,1620,1527,484,0,0,0,404,145,358,509,640,676,804,834,865,819,825,883,827,884,819,855,938,973,955,910,1265
1156,9008,8768,981,3,1,199,842,2040,2090,568,0,0,0,505,187,457,592,717,893,980,1004,1027,1056,1066,1045,1011,1086,1107,1112,1139,1134,1163,1365,1661
1157,7344,7416,826,0,1,156,690,1693,1696,464,0,0,0,387,148,379,541,643,760,803,858,835,875,881,870,854,890,869,953,934,981,979,1052,1328
1158,9526,9709,1073,1,0,204,938,2106,2188,625,0,0,0,569,193,482,677,863,927,1049,1115,1106,1115,1145,1152,1223,1182,1187,1209,1254,1252,1286,1349,1685
1159,7666,7719,829,0,1,175,723,1766,1703,471,0,0,0,442,164,390,546,628,774,866,907,851,946,906,965,914,937,944,927,987,976,1033,1151,1301
1160,8002,8045,944,1,0,169,725,1866,1846,521,0,0,0,429,151,392,581,714,834,883,929,948,946,918,959,975,936,983,1011,1037,1031,1107,1160,1391
1161,7719,7763,872,1,2,142,716,1666,1793,505,0,0,0,421,172,385,556,673,798,906,860,935,936,878,904,891,990,938,967,951,1001,1024,1085,1365
1162,7314,7336,840,1,1,158,702,1616,1604,505,0,0,0,399,150,349,544,668,769,782,870,902,879,869,852,890,905,843,916,958,917,970,1031,1288
1163,6795,6944,754,0,0,154,681,1582,1550,424,0,0,0,358,124,324,511,600,683,740,728,756,853,801,878,804,847,834,899,924,842,965,979,1236
1164,7139,7314,872,0,1,158,660,1638,1618,532,0,0,0,405,165,381,493,649,686,780,848,813,825,814,868,898,859,912,948,930,932,987,1029,1327
1165,8852,9356,1091,6,1,200,889,2052,2042,628,0,0,0,500,201,463,626,816,885,977,1084,1024,1082,1093,1103,1126,1126,1083,1130,1227,1154,1285,1303,1607
1166,8039,7966,886,0,1,158,722,1741,1858,511,0,0,0,413,156,402,572,697,783,901,918,898,934,919,995,945,1022,1013,985,1010,1032,1037,1152,1401
1167,7406,7756,869,1,1,167,715,1701,1774,499,0,0,0,419,152,366,493,638,779,862,813,865,903,902,915,940,919,947,938,1012,996,1061,1055,1359
1168,7556,7519,866,0,0,141,703,1729,1679,490,0,0,0,390,160,352,506,711,734,860,891,886,875,912,913,894,921,931,968,927,1031,993,1037,1283
1169,8147,8087,957,1,3,173,782,1835,1848,556,0,0,0,466,174,431,623,750,815,862,905,910,910,900,946,1022,1032,978,1025,1030,1072,1054,1227,1484
1170,8072,8167,919,1,0,171,795,1905,1807,524,0,0,0,441,201,419,626,701,814,874,1029,902,939,966,962,972,962,974,981,993,1099,1098,1172,1441
1171,8455,8236,998,2,0,147,764,1876,1869,589,0,0,0,428,197,450,596,690,803,908,945,962,987,1025,1033,988,999,1050,1020,1099,1061,1144,1184,1461
1172,10540,10386,1206,0,1,209,1001,2362,2255,692,0,0,0,576,201,463,784,965,1085,1139,1219,1244,1276,1186,1209,1276,1252,1324,1351,1306,1354,1408,1497,1804
1173,9414,9501,1083,3,2,202,901,2134,2149,622,0,0,0,535,204,502,669,841,956,1017,1108,1099,1125,1065,1125,1095,1142,1241,1170,1176,1180,1292,1397,1702
1174,8617,8742,1011,2,0,201,833,2003,1904,573,0,0,0,493,171,454,601,780,833,995,1011,988,1103,1021,1042,1059,1003,1107,1060,1106,1150,1121,1250,1551
1175,11173,10867,1327,1,1,245,1043,2509,2563,771,0,0,0,621,206,554,769,976,1148,1220,1261,1225,1305,1318,1281,1348,1281,1375,1344,1445,1513,1465,1656,1967
1176,9981,10477,1165,1,0,238,1002,2271,2320,653,0,0,0,593,241,494,736,885,1047,1108,1162,1164,1226,1237,1241,1240,1216,1275,1288,1339,1307,1356,1530,1772
1177,7560,7514,840,2,2,149,695,1711,1664,483,0,0,0,382,170,416,543,620,766,831,861,851,915,822,930,927,953,950,913,948,959,1004,1091,1292
1178,9309,9649,1078,1,0,219,896,2112,2098,639,0,0,0,533,210,472,658,867,954,1128,1103,1161,1080,1108,1113,1133,1125,1153,1171,1217,1217,1261,1394,1627
1179,7836,7533,936,0,0,158,722,1710,1777,554,0,0,0,426,179,409,510,716,793,837,879,912,915,901,841,966,946,965,960,921,1003,1007,1170,1355
1180,7260,7273,785,0,0,169,739,1597,1588,463,0,0,0,440,152,378,483,619,735,792,845,855,876,872,892,858,901,938,975,867,925,980,1039,1244
1181,10484,9666,1199,2,0,217,935,2280,2342,679,0,0,0,544,307,518,658,839,999,1069,1147,1126,1149,1218,1158,1218,1246,1234,1317,1302,1363,1363,1468,1804
1182,9172,9033,1039,0,1,183,833,2011,2081,601,0,0,0,491,199,499,629,827,902,1021,1029,1053,1076,1010,1107,1058,1129,1120,1162,1160,1169,1224,1326,1561
1183,12526,13344,1473,1,0,267,1213,2941,2861,852,0,0,0,731,286,705,923,1117,1288,1402,1515,1502,1522,1555,1516,1519,1572,1585,1595,1741,1660,1733,1801,2287
1184,7247,7501,833,0,2,142,706,1634,1639,456,0,0,0,402,189,358,508,657,727,852,891,884,844,920,881,883,873,857,940,925,939,978,1015,1310
1185,8278,8274,930,1,0,186,778,1869,1861,564,0,0,0,484,175,488,603,753,826,944,899,959,941,1015,977,932,993,1002,991,1054,1076,1118,1186,1515
1186,9009,9020,1052,2,1,194,879,2110,2024,608,0,0,0,527,167,436,629,769,941,1029,1042,1055,1067,1093,1065,1124,1097,1065,1122,1122,1156,1233,1320,1625
1187,7186,7186,830,0,1,146,688,1629,1554,449,0,0,0,401,165,376,487,616,728,761,848,899,865,835,907,887,836,851,927,954,900,979,1027,1189
1188,9107,9399,1040,0,2,203,870,1978,2055,622,0,0,0,541,190,516,677,795,930,1025,1075,1130,1087,1118,1107,1082,1141,1107,1084,1235,1186,1192,1325,1619
1189,8582,8690,994,0,0,183,848,1880,1945,580,0,0,0,514,197,380,618,786,899,947,1009,997,1016,1086,1050,1057,1050,1096,981,1066,1089,1160,1248,1565
1190,7117,7132,859,3,0,152,699,1627,1662,503,0,0,0,408,145,345,527,603,716,766,813,798,850,842,862,879,862,834,915,880,904,1027,1061,1333
1191,11954,11671,1374,0,0,252,1114,2700,2744,808,0,0,0,667,219,682,857,1002,1144,1320,1324,1411,1389,1406,1374,1381,1434,1401,1477,1496,1521,1677,1757,2093
1192,8609,8433,986,0,1,189,813,1841,1917,556,0,0,0,505,204,419,632,704,881,970,1006,1002,1033,1000,998,1084,1004,1059,1040,1040,1088,1133,1195,1539
1193,8257,8579,966,0,0,186,788,1886,1938,537,0,0,0,489,167,434,596,751,855,935,976,1007,1009,1004,945,1069,1034,1038,1017,1001,1082,1121,1198,1537
1194,9011,8952,987,2,1,191,841,2108,2005,575,0,0,0,506,173,441,630,820,961,1005,1050,999,1048,1041,1095,1069,1121,1076,1078,1069,1163,1146,1362,1638
1195,8246,8207,967,1,0,155,791,1897,1857,516,0,0,0,480,157,419,554,738,819,947,913,992,985,958,1048,996,984,972,1010,1032,1153,1062,1137,1491
1196,7715,7841,857,0,1,156,715,1766,1764,499,0,0,0,431,173,409,551,671,807,867,916,904,873,918,921,892,966,955,937,969,1055,1062,1122,1317
1197,8049,7987,1027,0,0,172,782,1856,1807,599,0,0,0,466,181,391,514,710,840,878,906,912,949,899,992,971,1017,1014,960,1027,1056,1121,1188,1491
1198,9191,8797,1113,2,2,166,837,2070,2023,626,0,0,0,500,230,483,621,780,877,961,1022,987,1052,1074,1135,1036,1123,1104,1099,1216,1172,1220,1315,1601
1199,10366,10527,1203,1,1,249,983,2353,2364,721,0,0,0,588,255,596,762,882,979,1146,1127,1235,1198,1286,1250,1271,1251,1318,1324,1305,1354,1359,1547,1885
1200,8562,8745,979,2,1,159,807,1970,1964,589,0,0,0,463,151,417,586,770,874,951,1041,1078,999,1025,1042,1009,1048,1064,1053,1087,1140,1177,1240,1503
1201,6908,7324,774,1,1,148,667,1591,1641,451,0,0,0,376,166,396,550,589,726,810,778,818,809,836,841,855,842,855,873,916,924,987,1039,1213
1202,20592,21852,2471,1,2,475,1931,4781,4666,1413,0,0,0,1147,404,1037,1506,1871,2186,2437,2432,2486,2509,2526,2554,2581,2572,2583,2680,2675,2604,2827,3073,3781
1203,12075,12095,1355,0,1,250,1137,2736,2728,767,0,0,0,693,206,534,875,1153,1264,1366,1402,1280,1424,1491,1451,1447,1467,1503,1453,1548,1565,1557,1752,2175
1204,8181,7811,905,1,0,163,741,1878,1818,521,0,0,0,425,190,417,567,685,818,841,922,894,937,957,935,950,985,963,993,1055,1017,1081,1148,1447
1205,9114,9429,1117,2,1,199,885,2032,2076,638,0,0,0,516,188,447,701,801,983,1065,984,1051,1107,1133,1104,1070,1166,1154,1210,1272,1124,1206,1353,1628
1206,7281,7254,862,2,2,147,717,1682,1617,518,0,0,0,442,156,378,494,658,758,838,828,847,821,844,875,864,878,911,840,921,914,1053,1042,1345
1207,7700,7674,873,2,0,175,710,1744,1809,528,0,0,0,426,158,411,573,690,770,873,869,862,898,907,903,923,926,921,923,955,1019,1029,1119,1405
1208,6869,6771,781,0,0,150,616,1528,1446,436,0,0,0,363,138,344,476,594,704,755,802,812,758,842,840,822,792,863,863,872,892,950,904,1164
1209,7802,7833,902,1,2,182,729,1785,1771,508,0,0,0,421,153,415,563,657,747,865,870,921,959,875,989,934,969,971,979,968,996,1036,1136,1448
1210,9851,10095,1137,0,2,205,951,2215,2191,667,0,0,0,560,194,473,751,917,1019,1134,1181,1156,1144,1161,1202,1209,1196,1245,1265,1262,1268,1309,1388,1767
1211,7809,7618,927,2,0,143,778,1727,1716,530,0,0,0,438,166,415,527,696,817,882,891,884,915,898,864,974,878,977,968,1025,997,1075,1070,1358
1212,6571,6677,739,1,1,146,615,1494,1548,414,0,0,0,370,147,334,470,562,679,736,745,749,762,779,805,764,760,855,828,833,853,897,1028,1164
1213,7867,7731,885,1,0,160,743,1761,1747,524,0,0,0,433,167,384,570,675,748,845,936,940,905,1013,927,938,892,930,948,988,988,1054,1132,1407
1214,8671,8584,1015,1,0,185,842,1848,1890,603,0,0,0,491,200,449,657,770,916,939,1038,939,977,1069,1084,1035,1097,1023,1109,1051,1061,1176,1223,1485
1215,7890,7794,893,0,0,184,717,1810,1777,516,0,0,0,413,155,389,584,688,729,881,910,867,912,895,963,936,948,989,1014,965,1020,1068,1171,1394
1216,8631,8607,987,0,1,164,818,1907,1910,546,0,0,0,504,182,465,608,808,884,917,1041,964,1030,1003,1052,1026,977,1076,1097,1146,1117,1147,1170,1498
1217,19633,20595,2529,2,4,372,1755,4547,4546,1465,0,0,0,1055,313,941,1416,1798,2020,2282,2379,2389,2329,2365,2474,2374,2395,2451,2508,2540,2630,2718,2894,3674
1218,17500,17140,2020,1,0,329,1678,3947,3911,1146,0,0,0,978,235,806,1211,1566,1767,1967,1994,2026,2046,2024,2118,2075,2121,2062,2211,2193,2302,2316,2483,3145
1219,7297,7144,832,2,2,181,668,1628,1585,490,0,0,0,382,142,343,483,654,757,844,846,858,836,855,871,865,907,867,894,919,928,962,1005,1290
1220,6940,6892,840,1,0,151,709,1550,1514,509,0,0,0,400,130,320,529,610,722,800,773,819,817,843,810,822,836,853,897,868,901,915,997,1271
1221,6980,7002,808,3,0,157,670,1587,1588,470,0,0,0,368,135,345,480,593,642,790,806,806,800,851,815,881,865,870,886,935,917,935,998,1270
1222,12710,12904,1435,0,0,260,1290,2871,2911,835,0,0,0,776,201,592,885,1184,1397,1420,1488,1415,1540,1523,1524,1521,1534,1558,1595,1636,1662,1733,1867,2324
1223,8046,8120,966,0,1,186,788,1802,1864,534,0,0,0,443,152,427,614,695,828,891,954,946,967,918,997,945,1004,967,976,1053,1084,1003,1227,1459
1224,7574,7656,930,0,0,155,720,1797,1760,545,0,0,0,425,163,392,511,653,761,796,858,885,869,882,888,888,923,984,990,979,978,1097,1129,1409
1225,7464,7320,807,1,1,177,674,1618,1655,476,0,0,0,414,143,366,531,701,739,782,896,817,882,876,886,862,898,932,922,899,950,950,1129,1283
1226,7837,7835,938,2,0,163,731,1742,1782,547,0,0,0,430,180,404,580,700,768,861,944,888,929,936,940,872,972,926,991,991,1050,1018,1115,1441
1227,7336,7408,828,1,0,155,705,1610,1656,474,0,0,0,418,141,393,543,681,736,854,844,830,867,861,861,911,913,882,913,906,973,1027,988,1309
1228,6932,6857,796,0,0,134,639,1518,1607,425,0,0,0,385,168,328,500,644,703,740,736,800,778,836,878,779,882,819,869,871,892,940,981,1214
1229,9953,9409,1116,0,0,188,871,2229,2239,658,0,0,0,531,225,495,706,815,973,1110,1170,1133,1156,1097,1114,1108,1107,1159,1157,1235,1321,1309,1413,1734
1230,8765,8924,1002,0,0,194,853,1975,1977,563,0,0,0,498,186,466,652,708,927,1052,998,1000,1035,1071,1055,1070,1112,1041,1075,1099,1127,1232,1264,1568
1231,8334,8245,950,0,0,168,742,1855,1908,535,0,0,0,446,180,439,566,793,809,939,904,978,979,955,1019,951,997,969,1026,1063,1113,1105,1178,1476
1232,7071,7009,811,1,2,152,670,1533,1609,458,0,0,0,398,142,368,479,607,735,788,850,837,832,854,872,828,858,875,811,903,871,942,1033,1231
1233,8668,9100,979,0,1,203,853,2044,1944,582,0,0,0,515,212,450,635,767,869,1026,982,970,1034,1094,1006,1079,1101,1102,1115,1189,1112,1152,1315,1594
1234,12157,12358,1402,2,0,285,1204,2812,2748,833,0,0,0,713,240,636,887,1078,1251,1358,1399,1351,1488,1480,1451,1535,1485,1449,1511,1539,1680,1613,1744,2233
1235,8121,8135,898,1,0,187,754,1886,1800,528,0,0,0,447,184,378,571,707,731,920,922,995,1011,912,932,980,1012,997,1014,1072,1057,1111,1178,1412
1236,6910,7029,812,0,1,139,649,1643,1532,463,0,0,0,400,150,358,490,630,708,787,774,816,788,805,854,809,864,862,843,872,899,941,1011,1279
1237,10212,10023,1205,0,0,215,936,2222,2338,721,0,0,0,554,178,516,729,908,1075,1074,1158,1180,1167,1154,1209,1194,1223,1312,1277,1304,1329,1299,1534,1771
1238,7622,7670,912,1,0,148,702,1735,1753,519,0,0,0,421,156,370,542,695,758,806,845,869,902,906,975,930,942,903,946,1016,1013,1039,1088,1354
1239,8143,7960,939,1,0,163,730,1792,1756,528,0,0,0,413,173,402,613,665,791,910,925,988,947,982,922,964,997,1020,1013,1013,1058,1012,1147,1394
1240,7359,7397,871,1,0,150,700,1641,1675,514,0,0,0,418,130,373,516,622,759,880,811,858,857,851,857,917,901,970,925,903,932,1037,1049,1330
1241,6955,6961,776,1,1,152,691,1565,1619,463,0,0,0,413,137,345,506,541,731,794,868,794,798,798,817,845,804,812,891,893,912,946,1053,1252
1242,7362,7226,808,0,0,142,725,1671,1618,448,0,0,0,427,150,354,524,648,751,798,853,819,866,830,884,856,862,927,962,932,908,1016,1013,1310
1243,7699,7907,907,0,0,168,787,1770,1788,515,0,0,0,463,168,391,538,742,774,823,938,910,912,966,911,929,896,971,993,1004,1018,1066,1147,1371
1244,7979,7824,878,0,0,164,742,1860,1768,472,0,0,0,420,161,399,559,687,807,935,927,906,942,883,896,921,957,937,982,1004,1060,1082,1135,1407
1245,7625,7581,893,0,0,154,738,1683,1667,513,0,0,0,449,170,391,552,703,743,859,852,876,909,918,864,943,924,932,1002,965,947,1026,1063,1352
1246,9279,9044,1047,0,0,206,900,2099,2104,580,0,0,0,516,187,432,658,812,973,1015,1020,1028,1070,1064,1104,1061,1088,1179,1142,1217,1263,1237,1297,1629
1247,7406,7315,825,0,0,145,673,1645,1632,488,0,0,0,412,150,379,499,678,759,828,794,890,904,858,838,871,880,896,933,934,973,961,1026,1313
1248,7630,7665,904,0,0,149,740,1737,1743,510,0,0,0,470,168,368,591,720,786,808,899,847,910,922,926,867,916,905,946,978,1033,998,1084,1416
1249,7346,7359,852,1,3,149,690,1621,1666,493,0,0,0,394,151,346,514,695,796,834,792,808,896,889,844,895,939,914,893,908,915,952,1086,1333
1250,7059,7181,891,0,0,127,706,1581,1653,486,0,0,0,398,152,364,532,578,664,802,814,813,820,867,859,870,833,948,943,920,903,984,993,1305
1251,8093,7919,921,0,0,170,790,1815,1761,537,0,0,0,455,148,386,613,704,780,903,920,915,963,1000,923,973,952,1001,1015,1003,1035,1070,1137,1452
1252,8291,8647,1019,0,2,183,804,1836,1952,563,0,0,0,457,158,402,631,789,861,917,1014,1047,989,1006,1034,1041,1043,1025,1039,1026,1123,1097,1222,1482
1253,11902,12083,1356,1,0,256,1131,2711,2751,797,0,0,0,690,275,627,822,1058,1226,1268,1383,1446,1394,1436,1422,1425,1425,1423,1428,1549,1562,1706,1751,2103
1254,8551,8548,1000,0,0,187,795,1927,1915,552,0,0,0,474,177,417,621,777,850,951,970,1022,994,1007,1015,994,1025,1022,1122,1096,1119,1153,1270,1479
1255,7731,7908,961,0,1,166,700,1739,1804,573,0,0,0,419,175,363,573,693,775,804,955,910,999,872,942,942,938,955,988,936,1011,1086,1119,1431
1256,7306,7198,829,1,2,150,679,1627,1616,480,0,0,0,407,134,370,549,649,727,832,779,886,801,877,858,872,896,897,911,912,933,953,1065,1264
1257,7112,7194,814,1,1,151,691,1594,1665,460,0,0,0,397,158,354,533,627,730,787,826,871,821,830,839,828,900,884,882,882,959,962,1037,1254
1258,10597,10307,1221,1,0,216,986,2437,2380,719,0,0,0,594,165,498,687,902,1093,1168,1225,1234,1242,1191,1326,1230,1222,1320,1277,1380,1379,1372,1544,1873
1259,7600,7615,872,1,0,136,696,1739,1747,509,0,0,0,405,174,372,591,707,767,821,884,856,863,888,913,906,934,921,918,915,949,1082,1075,1384
1260,8931,8581,1005,0,2,181,798,2002,2022,588,0,0,0,483,205,471,635,711,906,960,986,987,1060,1078,1011,1050,1100,1054,1054,1105,1060,1225,1258,1582
1261,12499,13384,1491,1,4,259,1203,2887,2858,860,0,0,0,711,296,668,925,1140,1221,1464,1477,1498,1539,1509,1535,1488,1615,1648,1689,1639,1692,1635,1914,2249
1262,21158,23002,2388,2,1,556,2310,5027,4940,1385,0,0,0,1417,505,1211,1541,1865,2158,2433,2549,2551,2633,2573,2636,2731,2693,2718,2682,2847,2887,2964,3274,3966
1263,10331,10214,1210,2,1,220,938,2312,2253,714,0,0,0,554,185,472,751,972,1076,1229,1236,1176,1200,1209,1211,1222,1253,1242,1236,1247,1364,1383,1445,1807
1264,13420,13966,1600,0,1,291,1259,3150,3103,916,0,0,0,736,347,667,946,1139,1364,1464,1558,1614,1617,1574,1628,1608,1713,1666,1786,1743,1814,1846,1972,2471
1265,6945,6786,774,0,1,155,616,1582,1487,441,0,0,0,358,165,347,458,586,733,788,800,765,800,817,815,804,849,836,890,845,878,954,961,1186
1266,7378,7275,833,1,0,153,734,1697,1642,473,0,0,0,412,158,325,528,645,748,798,815,865,869,875,881,864,900,963,904,883,985,947,1115,1306
1267,8659,8905,1012,0,1,168,786,2027,2008,564,0,0,0,470,182,465,633,749,865,977,1004,1021,1004,1030,1016,1002,1091,1124,1057,1131,1161,1180,1268,1571
1268,7166,7319,817,0,0,147,687,1603,1629,452,0,0,0,402,174,400,520,667,709,756,813,834,855,860,866,918,834,944,947,898,855,1007,959,1320
1269,7341,7447,850,0,0,150,687,1677,1684,496,0,0,0,383,179,381,510,634,757,807,860,825,865,850,870,870,889,962,920,916,981,1062,1085,1252
1270,6792,6705,723,3,2,147,597,1495,1564,409,0,0,0,348,151,351,497,609,698,757,809,765,767,833,779,769,825,787,854,834,904,906,905,1169
1271,11992,12886,1449,2,0,270,1212,2796,2797,844,0,0,0,695,336,640,906,1090,1174,1390,1441,1446,1493,1434,1504,1593,1512,1520,1537,1547,1637,1635,1744,2232
1272,7722,7609,849,1,1,160,737,1792,1724,470,0,0,0,449,146,423,560,675,754,830,881,866,899,936,913,888,911,922,952,989,1034,997,1126,1377
1273,13711,15006,1598,0,0,292,1261,3184,3269,932,0,0,0,712,360,766,1064,1226,1459,1566,1590,1744,1660,1687,1709,1766,1723,1739,1770,1806,1763,1901,2055,2514
1274,8043,8032,950,0,2,191,775,1875,1806,570,0,0,0,463,153,410,593,736,851,899,935,874,914,960,941,959,984,969,999,1018,1083,1107,1141,1467
1275,7418,7527,841,0,0,154,704,1714,1742,487,0,0,0,409,164,369,485,670,797,810,841,834,923,895,855,901,849,931,925,934,1028,1034,1067,1332
1276,12356,11895,1356,1,1,249,1192,2784,2742,749,0,0,0,703,203,565,838,1111,1270,1345,1441,1392,1467,1444,1475,1473,1463,1431,1478,1549,1574,1652,1796,2083
1277,9393,9290,1043,1,0,173,907,2105,2189,579,0,0,0,530,204,415,713,836,923,1074,1034,1078,1073,1098,1135,1108,1109,1120,1115,1276,1197,1291,1326,1682
1278,6971,7070,796,0,2,158,690,1530,1615,459,0,0,0,395,142,301,515,631,757,824,777,794,786,845,856,813,853,881,886,918,908,946,1030,1224
1279,7633,7399,799,2,0,171,746,1762,1704,475,0,0,0,417,148,365,549,652,769,787,939,860,876,832,835,952,898,919,960,957,1012,1036,1084,1320
1280,6987,6931,819,0,2,153,657,1581,1562,493,0,0,0,398,143,330,498,633,724,781,797,776,815,809,797,810,916,836,848,880,905,934,1012,1305
1281,7668,7598,921,1,0,151,685,1684,1710,526,0,0,0,426,157,385,594,647,805,911,869,850,920,828,894,915,936,933,933,970,996,1078,1106,1297
1282,7616,7663,849,1,0,180,783,1721,1773,466,0,0,0,455,152,371,543,711,796,787,835,876,930,947,838,928,947,946,977,989,982,1007,1117,1413
1283,7600,7567,934,3,3,174,716,1692,1714,544,0,0,0,414,143,400,531,665,760,836,853,875,917,944,925,895,959,943,865,1004,1026,1082,1077,1297
1284,7924,7761,878,0,1,160,794,1911,1728,523,0,0,0,455,162,418,562,710,729,846,908,909,912,971,919,906,943,958,941,1011,1021,1044,1220,1428
1285,9498,9577,1075,1,0,214,900,2112,2153,605,0,0,0,505,197,481,686,887,1008,1066,1037,1113,1122,1153,1142,1200,1123,1159,1183,1198,1193,1331,1369,1617
1286,7605,7605,864,1,2,174,667,1646,1710,453,0,0,0,389,151,370,549,659,783,883,884,880,922,881,896,921,946,921,964,958,936,990,1109,1315
1287,7393,7435,843,1,1,147,709,1685,1662,519,0,0,0,438,142,340,497,653,758,815,867,902,863,950,865,864,892,907,920,934,963,994,1076,1327
1288,8731,8782,998,2,0,158,829,1942,1969,567,0,0,0,512,173,446,623,779,893,917,1023,1076,978,997,1060,1043,1092,1083,1101,1107,1127,1211,1199,1572
1289,7392,7570,847,0,2,135,693,1605,1660,520,0,0,0,409,170,374,533,675,788,854,904,836,877,835,873,933,937,924,926,932,956,962,1032,1318
1290,7589,7679,854,0,1,155,703,1684,1758,470,0,0,0,416,165,384,525,672,760,855,898,951,912,923,920,909,862,904,961,947,959,1048,1095,1331
1291,8438,8168,965,0,0,155,759,1942,1843,563,0,0,0,440,136,408,569,748,870,869,941,1027,963,979,945,1033,1015,1069,995,1052,1017,1162,1182,1505
1292,7180,7229,862,0,0,148,696,1617,1650,503,0,0,0,413,164,376,510,585,798,740,806,874,854,842,859,881,906,856,887,911,945,971,1021,1329
1293,9903,10490,1197,0,1,234,929,2266,2307,686,0,0,0,546,269,523,716,920,992,1117,1167,1233,1150,1235,1217,1267,1215,1305,1226,1275,1327,1320,1523,1757
1294,8111,7936,894,0,0,155,737,1817,1810,498,0,0,0,449,182,391,573,716,836,852,942,946,955,959,924,986,956,954,967,1023,1022,1032,1197,1420
1295,8382,8526,1002,0,0,209,783,1884,1839,578,0,0,0,438,168,491,610,767,851,940,1005,977,971,966,1019,1008,1033,1072,1060,1056,1049,1108,1284,1467
1296,7123,7317,829,0,0,136,710,1576,1586,501,0,0,0,414,152,358,490,631,776,808,866,829,833,853,843,922,900,850,955,894,906,954,1001,1294
1297,8704,8663,1021,0,0,177,871,1962,1952,579,0,0,0,515,189,432,606,799,871,950,997,1030,958,1018,1116,1101,1066,1094,1042,1050,1135,1164,1289,1529
1298,7366,7279,850,0,1,154,688,1654,1637,473,0,0,0,409,165,363,518,682,735,793,809,878,835,846,871,891,910,861,992,899,944,992,1065,1289
1299,9804,9986,1153,1,3,212,909,2231,2265,659,0,0,0,569,154,463,741,931,1015,1134,1130,1133,1171,1160,1217,1160,1216,1168,1225,1227,1303,1310,1418,1792
1300,7081,6987,813,1,0,141,685,1622,1536,486,0,0,0,408,119,365,511,629,757,786,852,871,785,843,790,845,850,858,856,848,939,938,1010,1256
1301,21951,21649,2485,2,1,409,2182,4960,4878,1413,0,0,0,1312,325,941,1576,2003,2338,2563,2633,2521,2518,2547,2641,2584,2591,2693,2693,2716,2760,3003,3114,3919
1302,11657,11553,1390,0,0,281,1168,2638,2580,797,0,0,0,665,191,492,804,1129,1209,1316,1355,1320,1387,1449,1393,1458,1335,1451,1437,1509,1478,1560,1678,2098
1303,9133,9385,1056,1,0,205,803,2153,2113,606,0,0,0,500,138,453,662,875,1016,954,1096,1082,1049,1114,1078,1140,1108,1120,1073,1174,1173,1246,1341,1691
1304,7631,7675,881,0,1,162,705,1794,1700,509,0,0,0,418,153,389,554,668,737,924,859,947,818,894,893,900,946,954,910,997,978,1017,1137,1380
1305,6514,6581,719,0,1,139,593,1490,1462,400,0,0,0,346,137,320,462,556,635,725,763,777,769,760,792,745,787,886,808,847,873,845,942,1118
1306,7697,7749,843,0,1,165,760,1797,1753,507,0,0,0,440,162,383,571,667,803,849,854,883,988,865,915,889,943,928,949,973,1019,1076,1145,1353
1307,11367,11878,1358,0,0,256,1077,2699,2607,776,0,0,0,632,203,615,860,1023,1156,1248,1365,1403,1317,1391,1326,1436,1418,1405,1479,1419,1530,1511,1695,2136
1308,8416,8645,1020,0,0,197,831,1877,1930,594,0,0,0,492,173,443,650,728,883,998,969,959,986,1060,991,1009,1073,1070,1081,1060,1084,1199,1239,1454
1309,7177,7066,800,0,0,167,693,1697,1538,485,0,0,0,411,158,351,506,582,662,831,853,839,853,828,807,870,866,893,885,904,949,991,992,1283
1310,10828,11081,1293,2,1,233,982,2457,2459,752,0,0,0,565,173,447,829,1026,1217,1183,1313,1270,1269,1315,1283,1232,1434,1345,1336,1410,1415,1419,1569,1935
1311,7263,7367,809,0,1,131,708,1632,1623,484,0,0,0,429,141,359,514,643,741,808,853,817,845,905,841,919,898,921,926,893,936,1005,1055,1259
1312,8032,7892,884,1,1,148,771,1851,1728,504,0,0,0,448,176,404,577,682,826,828,946,899,976,945,872,979,1022,953,1001,968,1052,1040,1167,1416
1313,9239,9288,1038,1,0,194,848,2143,2137,624,0,0,0,491,162,475,640,818,894,967,1104,1058,1005,1066,1187,1135,1148,1155,1117,1201,1152,1275,1361,1688
1314,12058,11521,1328,0,0,230,1094,2691,2690,745,0,0,0,643,207,549,849,1073,1211,1334,1346,1279,1405,1377,1467,1336,1420,1535,1433,1450,1457,1618,1723,2162
1315,8496,8345,934,0,1,168,764,1948,1877,534,0,0,0,460,152,404,588,740,803,917,1014,969,1008,979,932,1068,1030,1019,1056,1049,1098,1077,1252,1553
1316,7429,7380,891,0,2,177,687,1663,1706,526,0,0,0,385,169,369,501,626,784,813,926,883,885,873,889,836,928,854,908,935,953,1066,1080,1288
1317,7726,7777,909,0,1,152,716,1789,1751,516,0,0,0,433,147,417,496,688,779,891,892,918,945,926,893,927,924,953,945,991,1042,1054,1078,1375
1318,8836,8865,965,2,0,190,809,2021,1998,566,0,0,0,471,164,443,606,761,926,985,1053,1015,1034,1048,1043,1063,1092,1023,1158,1060,1130,1195,1280,1588
1319,8620,8564,1005,0,0,178,806,1958,1970,597,0,0,0,462,168,446,622,767,914,943,969,986,1017,1052,994,1022,999,1084,1043,1068,1107,1160,1284,1528
1320,9090,8753,993,0,0,168,881,2004,2028,564,0,0,0,519,226,439,662,784,902,968,1093,996,1025,1072,1067,1130,1051,1083,1071,1133,1217,1204,1192,1570
1321,7468,7522,827,0,0,149,741,1730,1608,457,0,0,0,430,133,388,539,704,763,833,865,937,899,881,907,936,851,923,884,981,907,980,1026,1370
1322,7674,7666,910,1,0,143,720,1703,1781,548,0,0,0,427,167,386,534,689,791,857,877,903,867,867,910,930,897,959,945,959,1031,1059,1091,1395
1323,10225,10538,1138,0,2,216,964,2343,2410,655,0,0,0,540,215,473,769,960,1035,1196,1219,1242,1189,1210,1242,1170,1241,1272,1263,1314,1368,1399,1481,1825
1324,7109,6875,823,1,3,151,655,1562,1554,479,0,0,0,411,126,353,514,599,717,775,816,845,827,877,848,808,851,872,831,885,905,890,1014,1264
1325,8205,8134,992,0,0,171,762,1796,1838,586,0,0,0,432,182,433,619,731,799,908,931,959,953,979,976,978,1010,967,1047,1085,1087,1056,1149,1415
1326,10461,10050,1185,0,0,216,905,2286,2447,709,0,0,0,522,267,534,760,898,1018,1099,1160,1265,1160,1189,1243,1212,1194,1248,1196,1268,1374,1369,1489,1874
1327,8255,8247,942,0,0,167,765,1849,1832,523,0,0,0,416,208,390,629,690,807,891,1006,966,950,983,1005,989,1013,1055,1005,1079,1064,1086,1163,1397
1328,7078,7282,836,1,2,151,699,1626,1579,470,0,0,0,433,149,372,562,654,730,806,868,822,866,829,814,854,819,906,919,903,950,944,1000,1282
1329,7880,7887,896,0,0,150,740,1768,1824,516,0,0,0,420,160,365,574,643,817,879,893,877,907,947,900,931,963,990,1032,1067,1016,1036,1161,1395
1330,8778,8608,943,0,0,183,769,1955,1923,521,0,0,0,455,205,438,621,742,874,959,980,998,1004,1085,1024,1035,1075,1099,1115,1080,1114,1124,1195,1514
1331,6618,6732,789,0,0,136,565,1467,1519,462,0,0,0,325,122,320,473,616,681,785,746,782,790,819,761,762,774,869,832,850,870,853,983,1152
1332,8066,8257,896,0,1,179,773,1827,1896,511,0,0,0,464,160,411,614,750,805,900,940,978,938,989,983,977,949,1007,1021,921,1065,1107,1160,1497
1333,8640,8683,1014,0,1,181,805,2020,2009,586,0,0,0,473,185,418,601,741,879,973,1030,1003,1015,990,1009,1073,991,1003,1083,1112,1169,1169,1260,1620
1334,7766,7753,938,0,2,147,718,1761,1738,564,0,0,0,422,175,367,570,684,773,888,920,902,861,918,918,918,999,906,966,987,1047,1074,1062,1389
1335,11777,12629,1462,1,2,256,1171,2748,2726,861,0,0,0,651,298,689,889,1025,1223,1345,1424,1424,1429,1406,1487,1496,1392,1475,1577,1598,1595,1668,1706,2152
1336,8154,8118,948,1,0,163,741,1922,1788,527,0,0,0,436,157,403,592,772,892,882,929,928,872,983,982,961,926,992,1021,1052,1077,1063,1188,1453
1337,15871,16052,1738,1,1,326,1490,3545,3691,1003,0,0,0,878,294,765,1150,1435,1611,1806,1892,1874,1841,1848,1945,1846,1871,1911,2082,1941,2103,2175,2225,2864
1338,16423,17270,2004,2,2,326,1554,3866,3853,1175,0,0,0,945,347,858,1137,1472,1678,1797,1945,1919,1973,1989,1998,1961,2121,2105,2135,2144,2194,2351,2408,3049
1339,8212,8129,994,2,0,154,754,1866,1831,555,0,0,0,420,170,431,563,683,823,912,896,951,953,967,999,1010,1011,1015,1046,1103,1038,1095,1136,1443
1340,8801,8888,960,1,1,193,805,1994,2046,569,0,0,0,467,187,471,632,765,869,964,1025,1044,1074,979,1047,1098,1060,1086,1053,1111,1171,1160,1313,1540
1341,7661,7778,877,0,0,152,710,1684,1746,508,0,0,0,418,168,385,536,696,785,808,891,881,896,927,907,939,903,999,981,1011,1003,1048,1100,1314
1342,7432,7426,834,0,0,170,690,1669,1727,497,0,0,0,404,158,362,531,701,738,811,860,847,838,903,870,883,919,903,905,914,995,1046,1058,1310
1343,8704,8782,1058,0,0,177,867,1975,1959,580,0,0,0,527,164,460,630,721,867,1038,979,989,995,1058,1005,1080,1061,1136,1091,1126,1177,1175,1276,1560
1344,7674,7487,875,1,2,156,707,1713,1768,483,0,0,0,407,148,331,513,669,812,869,884,869,888,868,885,870,933,903,971,994,1011,1035,1114,1335
1345,7030,7017,854,0,1,156,694,1573,1606,504,0,0,0,428,150,352,494,641,660,813,886,809,834,818,802,817,861,836,849,903,928,973,1009,1317
1346,8080,8061,891,0,1,184,736,1835,1821,498,0,0,0,414,168,391,578,681,858,949,879,1015,927,939,950,926,1049,956,980,1029,1045,1068,1158,1407
1347,37144,34922,3285,4,5,1187,5148,8403,8206,1949,0,0,0,2572,939,1883,2632,3125,3605,3944,3929,4145,4143,4236,4344,4221,4511,4578,4757,4900,4887,4976,5507,6433
1348,7411,7532,797,1,1,169,662,1713,1706,462,0,0,0,370,158,393,514,706,744,810,828,870,873,846,860,894,929,926,924,951,996,973,1118,1260
1349,8493,8568,952,0,1,192,759,1975,1891,541,0,0,0,451,216,456,582,721,868,924,966,1035,1066,953,1006,1075,1009,1014,1046,1107,1086,1147,1222,1466
1350,11135,11772,1242,1,1,234,1050,2596,2595,725,0,0,0,602,296,633,798,1009,1126,1188,1283,1298,1354,1378,1371,1370,1331,1477,1393,1480,1425,1500,1683,2042
1351,9125,9562,1015,1,1,218,834,2106,2114,598,0,0,0,519,190,515,689,803,917,1014,1110,1135,1098,1083,1080,1094,1072,1179,1159,1154,1196,1240,1342,1686
1352,8278,8540,954,2,2,198,771,1869,1864,575,0,0,0,446,201,458,545,716,884,894,1000,964,1060,988,967,1042,1016,1055,1070,1016,1085,1080,1190,1514
1353,6694,6726,802,0,0,150,620,1546,1470,473,0,0,0,353,138,331,483,583,661,773,754,778,780,771,774,842,854,811,849,854,853,931,954,1218
1354,7750,7928,911,1,0,162,729,1803,1767,486,0,0,0,419,153,401,530,687,801,889,879,857,968,927,901,939,1005,958,1042,958,987,1071,1141,1387
1355,7807,7999,941,0,0,179,743,1780,1787,520,0,0,0,441,184,400,527,642,799,860,884,900,924,983,948,956,951,999,1037,1044,1029,1099,1123,1380
1356,7641,7711,869,0,0,175,729,1669,1717,489,0,0,0,427,151,378,537,685,806,877,904,905,944,951,882,955,883,950,906,988,972,1015,1065,1371
1357,7394,7422,834,2,0,156,741,1586,1660,482,0,0,0,447,165,395,518,648,736,837,839,868,862,916,888,871,994,861,960,911,978,993,1020,1289
1358,7921,7970,898,0,0,158,745,1780,1748,526,0,0,0,437,159,384,557,713,784,865,919,974,926,946,924,970,979,1004,1041,1002,1045,1034,1072,1394
1359,7883,7696,857,1,1,141,756,1751,1753,507,0,0,0,430,189,411,561,669,834,862,926,824,921,936,873,956,972,917,921,998,1009,1049,1126,1381
1360,8339,8377,939,0,0,156,835,1927,1899,557,0,0,0,507,165,392,622,797,841,882,962,986,1003,996,1001,1014,988,981,1007,1080,1098,1104,1225,1502
1361,10684,11391,1243,1,2,226,986,2526,2552,731,0,0,0,601,252,514,800,937,1090,1227,1185,1281,1316,1315,1309,1282,1381,1353,1303,1429,1404,1527,1600,2028
1362,9061,9588,1076,0,0,203,876,2122,2110,639,0,0,0,516,159,464,701,806,909,994,1079,1103,1099,1091,1109,1129,1138,1151,1201,1128,1254,1208,1332,1749
1363,7680,8050,898,1,1,158,763,1761,1762,525,0,0,0,462,157,396,577,711,815,892,944,913,964,886,935,934,994,912,953,982,1013,1055,1100,1418
1364,8303,8124,944,1,1,166,770,1815,1860,561,0,0,0,451,163,433,600,734,828,894,931,936,949,992,981,991,1002,1009,1004,1045,1108,1082,1188,1439
1365,17666,16740,1930,1,0,368,1576,3875,3924,1091,0,0,0,949,302,868,1280,1459,1705,1887,2013,2006,2033,2066,2004,2077,2090,2085,2146,2212,2196,2318,2452,3082
1366,8174,8114,906,0,0,197,751,1873,1828,527,0,0,0,448,173,385,575,681,836,932,958,895,957,1015,953,984,1010,988,977,1041,1036,1092,1202,1452
1367,10681,11074,1229,2,0,226,1031,2469,2538,698,0,0,0,603,190,565,709,960,1118,1195,1309,1275,1262,1335,1280,1312,1270,1306,1337,1354,1490,1510,1537,1929
1368,8776,8981,1037,2,1,198,824,2035,1977,622,0,0,0,503,216,467,589,759,910,939,1016,1036,1011,1047,1077,1071,1113,1113,1150,1069,1169,1221,1259,1587
1369,6495,6651,761,2,2,143,613,1496,1464,411,0,0,0,368,137,352,476,613,679,679,755,756,724,797,762,811,829,805,827,833,834,916,951,1131
1370,8117,8026,966,1,0,170,726,1781,1830,558,0,0,0,442,165,421,602,720,807,882,851,950,958,995,958,1011,1005,993,978,1011,1050,1106,1152,1391
1371,8103,8307,948,0,0,163,767,1799,1902,520,0,0,0,463,158,393,591,776,823,926,873,939,1017,1021,930,986,984,995,1047,1077,1007,1129,1163,1453
1372,8210,8220,907,1,0,183,728,1791,1863,508,0,0,0,464,151,401,595,755,847,934,904,925,968,973,1002,948,1040,995,1024,1012,1040,1083,1225,1427
1373,8278,8390,930,0,0,178,782,1846,1850,519,0,0,0,475,166,446,622,700,824,948,996,946,972,1007,1033,948,1053,994,1045,1050,1095,1108,1152,1453
1374,10284,10774,1186,0,0,224,1035,2292,2421,668,0,0,0,587,243,532,805,920,991,1145,1251,1317,1212,1257,1263,1273,1265,1318,1328,1338,1301,1415,1567,1762
1375,7543,7478,852,1,0,171,745,1709,1645,474,0,0,0,440,168,365,509,638,786,847,934,875,881,908,885,944,895,918,945,906,990,996,1082,1318
1376,7653,7462,875,1,0,153,721,1713,1700,522,0,0,0,421,163,385,528,692,780,811,845,862,893,908,902,889,915,935,928,961,981,1018,1065,1404
1377,8420,8510,989,2,0,161,798,1908,1963,571,0,0,0,460,187,447,577,769,867,898,950,989,970,994,1022,992,1035,1008,1050,1129,1109,1151,1202,1534
1378,6920,6853,799,1,0,145,622,1544,1522,451,0,0,0,369,141,327,503,592,666,796,802,799,895,810,851,812,805,837,856,881,832,947,995,1193
1379,9107,9638,1059,4,0,196,902,2166,2049,617,0,0,0,550,223,484,687,842,933,1015,1050,1035,1115,1069,1122,1142,1152,1192,1173,1198,1229,1303,1342,1600
1380,9015,8527,1009,0,0,181,841,2002,1932,562,0,0,0,475,204,462,637,758,844,983,978,999,1018,1071,1071,1086,1111,1036,1102,1120,1131,1165,1245,1552
1381,7684,7675,854,0,0,162,745,1773,1756,497,0,0,0,450,167,366,540,693,726,853,924,938,854,874,913,936,918,916,939,987,1015,1031,1123,1407
1382,7403,7464,815,0,0,158,715,1679,1721,490,0,0,0,418,159,339,511,676,759,815,816,863,875,932,873,902,890,895,911,942,956,1021,1115,1305
1383,9051,8715,1035,1,0,182,861,2029,2082,590,0,0,0,488,173,413,678,764,911,1006,987,1068,1026,1056,1073,1065,1032,1079,1122,1118,1196,1224,1267,1587
1384,8118,7868,912,0,0,157,766,1793,1840,526,0,0,0,449,176,411,554,681,839,876,842,909,919,967,956,985,991,1002,1019,1011,1034,1038,1179,1432
1385,11210,11874,1296,4,0,237,1090,2642,2695,753,0,0,0,605,192,601,863,1014,1153,1242,1293,1338,1320,1389,1437,1384,1333,1414,1427,1506,1491,1601,1646,2067
1386,9673,9225,1063,0,0,194,877,2104,2080,624,0,0,0,506,221,486,708,832,986,1022,1142,1116,1107,1069,1092,1163,1137,1144,1158,1222,1194,1241,1307,1685
1387,7972,8339,890,0,1,166,792,1803,1892,509,0,0,0,486,125,375,608,749,820,921,900,950,947,965,939,964,1009,993,1055,1021,1114,1083,1194,1428
1388,9835,9611,1093,0,1,243,859,2195,2141,602,0,0,0,473,236,529,668,825,989,1096,1152,1121,1148,1194,1156,1175,1158,1132,1260,1231,1242,1310,1390,1630
1389,6906,6849,775,0,0,140,662,1526,1547,474,0,0,0,377,134,330,484,613,728,750,743,855,813,868,838,842,820,812,863,852,858,897,996,1236
1390,6762,6880,790,0,0,164,661,1531,1519,438,0,0,0,393,112,340,489,552,733,766,768,803,819,806,780,827,831,836,916,849,932,957,1003,1138
1391,7528,7551,845,0,0,182,662,1696,1740,485,0,0,0,372,171,413,538,661,769,840,821,875,857,873,895,914,882,951,960,1005,948,1024,1068,1303
1392,15041,15742,1793,1,1,330,1468,3479,3502,1074,0,0,0,870,264,762,1070,1438,1548,1715,1746,1793,1825,1745,1837,1859,1895,1901,1942,2005,1966,2065,2186,2814
1393,8082,8239,925,1,0,170,759,1824,1790,526,0,0,0,472,174,402,595,735,775,907,941,1012,951,956,952,1022,992,1010,948,1065,1079,1078,1139,1443
1394,8976,8794,1062,1,0,185,924,2010,2000,628,0,0,0,529,179,453,630,807,865,952,1051,991,1038,1052,1055,1111,1115,1080,1172,1119,1151,1202,1297,1622
1395,10866,11023,1307,3,0,233,1083,2503,2423,763,0,0,0,641,197,598,771,963,1074,1172,1298,1214,1221,1290,1321,1346,1353,1411,1378,1440,1416,1459,1590,2003
1396,8005,8200,897,2,0,170,712,1839,1808,525,0,0,0,422,181,391,585,732,815,897,938,902,927,1006,916,1014,949,1034,978,1049,1031,1065,1122,1454
1397,9448,9939,1091,0,0,210,833,2143,2201,593,0,0,0,492,222,501,730,801,950,1059,1134,1158,1138,1172,1173,1203,1161,1209,1183,1184,1196,1286,1356,1705
1398,7979,7781,933,3,2,155,717,1800,1754,511,0,0,0,429,193,384,571,690,802,883,927,894,913,929,960,952,918,969,1001,985,1038,1050,1128,1383
1399,7821,7797,899,0,0,172,709,1741,1731,512,0,0,0,429,155,381,588,662,803,842,917,894,956,956,911,962,942,911,986,1004,965,1053,1131,1379
1400,7840,8156,914,2,1,179,788,1761,1833,504,0,0,0,462,146,416,557,715,891,879,913,960,950,938,919,966,997,960,1029,997,1039,1079,1158,1371
1401,7474,7548,910,1,0,152,687,1690,1725,505,0,0,0,395,158,388,532,657,732,802,832,926,913,913,874,926,905,880,956,953,955,1041,1076,1353
1402,8373,8299,936,1,0,164,805,1896,1924,510,0,0,0,490,212,428,615,748,784,898,979,929,969,1000,970,1018,978,1036,1066,1049,1098,1079,1208,1514
1403,8008,8257,923,1,2,162,695,1843,1840,510,0,0,0,409,155,421,598,745,816,889,935,905,978,944,954,920,1009,1013,999,1063,1014,1063,1146,1481
1404,7420,7338,831,0,1,158,745,1665,1655,477,0,0,0,437,156,393,545,687,729,841,811,894,891,836,879,923,883,897,941,894,920,953,1050,1370
1405,7115,6957,812,1,0,157,649,1546,1554,467,0,0,0,369,147,368,529,641,713,739,786,837,837,862,852,818,885,862,868,919,906,884,995,1243
1406,8714,8973,972,0,2,204,836,2063,2037,561,0,0,0,490,195,370,660,801,944,964,992,1006,1057,1029,1021,1058,1070,1087,1093,1127,1148,1233,1296,1550
1407,7613,7644,885,1,0,166,717,1722,1692,515,0,0,0,411,130,372,584,728,762,845,866,901,856,880,884,929,910,1002,979,969,1030,1014,1053,1332
1408,8329,8071,904,1,0,183,792,1806,1860,508,0,0,0,485,170,426,617,748,773,868,888,989,998,939,991,973,1014,1036,1016,1010,1092,1135,1132,1465
1409,6716,6803,802,0,1,144,654,1477,1526,471,0,0,0,385,147,349,465,565,669,734,806,758,792,814,820,847,817,824,822,968,835,900,931,1257
1410,9216,9055,1004,0,0,211,816,2019,2020,593,0,0,0,488,214,496,662,781,945,1067,1099,1010,1113,1088,1044,1074,1086,1143,1108,1143,1138,1177,1262,1652
1411,10681,10040,1179,2,0,182,1011,2304,2303,701,0,0,0,574,236,542,744,892,988,1149,1226,1292,1213,1264,1188,1238,1230,1294,1245,1338,1365,1336,1498,1817
1412,9936,9683,1125,0,1,198,891,2227,2244,624,0,0,0,529,228,517,688,830,1042,1089,1087,1128,1174,1179,1148,1152,1159,1191,1232,1246,1287,1302,1383,1772
1413,8084,8034,934,0,2,163,753,1844,1807,535,0,0,0,443,156,414,598,703,856,903,947,972,896,962,916,962,979,1013,974,982,1043,1107,1104,1483
1414,10861,11413,1270,5,1,250,1070,2471,2544,720,0,0,0,646,189,564,829,1013,1132,1291,1283,1225,1322,1302,1348,1323,1346,1339,1385,1426,1465,1454,1639,1995
1415,9711,10018,1142,2,0,192,925,2291,2206,671,0,0,0,574,171,492,725,864,1002,1095,1148,1124,1139,1161,1191,1154,1188,1223,1201,1222,1312,1337,1460,1781
1416,7223,7206,781,1,0,165,628,1665,1668,449,0,0,0,379,146,354,529,664,746,810,828,803,849,858,870,865,887,868,841,861,944,980,1055,1246
1417,6880,6836,841,0,1,153,621,1541,1505,471,0,0,0,377,132,358,457,623,702,802,789,828,794,820,798,862,789,856,845,929,842,872,960,1274
1418,7730,8094,918,0,0,167,721,1725,1770,534,0,0,0,429,144,379,580,734,831,859,900,935,897,932,1013,966,957,992,1008,917,1004,1028,1153,1401
1419,7314,7158,852,3,0,159,652,1614,1601,505,0,0,0,397,134,359,535,687,743,788,847,821,834,851,859,880,871,910,873,930,916,972,1050,1278
1420,9956,10128,1139,0,0,194,927,2166,2412,652,0,0,0,519,210,542,732,872,971,1104,1182,1170,1196,1208,1160,1200,1218,1214,1225,1261,1363,1320,1454,1742
1421,8268,8300,943,1,3,156,805,1855,1911,559,0,0,0,478,174,400,595,715,829,891,960,959,955,1003,954,1012,948,981,1080,1130,1078,1139,1190,1483
1422,8266,8099,940,0,1,183,773,1814,1876,540,0,0,0,465,158,403,591,703,806,911,983,965,931,968,970,933,1054,1021,1060,1018,1026,1075,1171,1515
1423,8924,8475,1004,0,0,212,838,1994,1899,572,0,0,0,486,179,458,645,756,866,998,999,970,1073,1006,1111,1038,1026,1091,1089,1103,1103,1164,1236,1542
1424,7424,7644,896,1,0,161,749,1740,1784,535,0,0,0,446,148,382,553,634,704,793,882,880,863,929,870,888,903,958,947,935,1054,1036,1116,1400
1425,8249,8046,942,1,1,173,739,1787,1751,549,0,0,0,445,176,386,578,726,815,894,944,1005,951,950,976,990,957,1067,1055,974,1126,1072,1102,1407
1426,8084,8031,939,2,1,192,752,1840,1818,550,0,0,0,457,170,418,559,742,848,853,943,911,936,1014,966,958,947,968,1005,1062,1049,1090,1121,1441
1427,8463,8241,935,0,0,161,772,1917,1793,508,0,0,0,474,186,433,624,752,804,986,919,977,956,1001,1070,985,1031,991,1040,1063,1019,1123,1230,1382
1428,7462,7416,878,0,1,150,679,1651,1662,501,0,0,0,381,149,371,550,672,741,821,899,834,859,851,868,924,955,910,932,981,967,992,1008,1302
1429,9729,9914,1106,1,0,222,919,2231,2125,657,0,0,0,520,164,460,716,944,1029,1069,1117,1151,1133,1185,1121,1192,1157,1256,1251,1273,1284,1286,1384,1719
1430,7517,7270,844,1,0,148,721,1667,1718,475,0,0,0,413,162,396,514,649,728,757,870,854,887,934,788,925,896,907,926,948,974,994,1058,1334
1431,11165,11399,1320,1,2,219,1072,2487,2610,776,0,0,0,627,225,524,793,986,1119,1218,1291,1277,1384,1355,1325,1308,1384,1432,1457,1448,1447,1537,1657,2011
1432,8319,8208,909,1,0,159,748,1855,1860,511,0,0,0,428,161,450,564,711,871,924,991,987,986,953,991,989,977,965,996,1053,1053,1138,1132,1452
1433,9078,8805,1009,0,4,197,858,1964,1982,588,0,0,0,490,177,498,612,819,879,1025,1012,1061,1094,1066,1041,1077,1087,1116,1111,1094,1143,1217,1317,1505
1434,8316,7963,925,0,0,183,775,1857,1841,520,0,0,0,465,191,403,571,736,823,939,884,944,987,950,975,965,976,982,1000,1048,984,1152,1225,1427
1435,7443,7532,838,1,0,153,722,1725,1775,488,0,0,0,449,148,378,492,648,725,836,893,914,828,886,884,890,920,893,913,954,984,1056,1059,1388
1436,7013,6890,830,2,1,140,659,1589,1559,491,0,0,0,387,148,315,487,624,670,811,807,796,786,861,841,807,817,878,848,908,938,931,987,1275
1437,7653,7600,887,0,0,157,711,1757,1658,525,0,0,0,407,164,399,553,681,775,854,922,923,867,840,951,870,931,974,945,928,1025,1022,1059,1325
1438,9553,9748,1155,4,1,209,908,2184,2217,662,0,0,0,521,185,435,710,852,935,1046,1204,1113,1098,1232,1136,1225,1143,1178,1155,1207,1300,1300,1417,1707
1439,10100,9674,1177,0,1,212,917,2223,2189,653,0,0,0,558,297,562,713,799,985,1078,1152,1158,1120,1161,1136,1225,1177,1260,1226,1259,1231,1364,1427,1751
1440,7078,7072,827,2,1,129,654,1566,1603,491,0,0,0,386,152,372,473,592,742,782,833,792,804,818,842,874,868,865,916,880,926,945,1037,1250
1441,9921,10195,1142,0,0,220,917,2328,2251,690,0,0,0,530,181,501,697,927,1016,1124,1181,1126,1205,1170,1228,1223,1174,1247,1243,1244,1301,1365,1490,1752
1442,9094,8780,1068,2,1,178,876,2036,2062,623,0,0,0,520,193,422,637,808,908,942,1023,1030,1047,1030,999,1072,1130,1046,1181,1150,1191,1239,1283,1668
1443,8746,8835,1018,0,1,176,803,1959,2026,591,0,0,0,489,170,423,631,734,906,960,1032,1027,1081,977,1054,1075,1097,1046,1077,1152,1135,1151,1236,1615
1444,8183,8212,943,1,3,186,753,1891,1915,549,0,0,0,430,170,406,605,715,812,862,905,970,970,937,1013,1004,962,1013,1027,1077,1078,1135,1193,1427
1445,7304,7464,869,0,2,136,663,1611,1714,509,0,0,0,387,147,370,547,634,813,839,819,879,871,821,842,912,898,925,888,936,976,933,1034,1354
1446,7752,7709,914,0,0,170,739,1736,1722,506,0,0,0,439,133,385,522,696,791,838,848,922,930,937,962,932,945,973,939,1037,938,1048,1113,1395
1447,7254,7163,851,0,0,151,706,1623,1613,475,0,0,0,410,129,349,546,615,725,778,854,857,838,876,868,917,885,872,877,892,933,990,1054,1270
1448,7289,7237,834,0,0,158,716,1599,1687,452,0,0,0,423,129,360,529,684,767,810,828,824,915,840,880,894,881,878,881,901,923,962,1042,1306
1449,17731,18676,2035,0,1,392,1695,4057,4069,1164,0,0,0,1001,360,888,1287,1602,1958,2036,2074,2080,2121,2159,2186,2103,2300,2281,2277,2269,2443,2342,2525,3239
1450,12417,13332,1491,2,1,269,1160,2910,2913,869,0,0,0,694,321,677,963,1119,1239,1411,1464,1502,1518,1539,1475,1556,1578,1506,1581,1633,1732,1653,1854,2351
1451,6983,7257,792,1,0,135,637,1542,1637,461,0,0,0,370,166,345,504,618,722,799,806,845,859,871,834,821,882,869,908,938,867,928,978,1245
1452,8395,8507,930,1,1,163,808,1904,1937,552,0,0,0,474,202,420,528,773,835,966,990,978,997,951,988,1012,1049,980,1027,1114,1094,1137,1201,1563
1453,8833,8986,1005,0,1,202,882,1997,1993,593,0,0,0,529,150,426,696,769,939,1042,1020,997,1072,1070,1059,1082,1052,1133,1044,1119,1184,1168,1340,1547
1454,7867,7764,868,2,1,182,773,1759,1761,506,0,0,0,442,156,389,589,686,835,879,926,896,922,929,937,920,945,959,958,921,1050,1051,1143,1366
1455,7762,7849,862,2,2,188,701,1717,1809,494,0,0,0,418,162,368,563,720,770,881,870,831,924,884,961,962,986,1027,958,974,992,1058,1143,1332
1456,8047,7923,946,0,2,166,784,1818,1795,539,0,0,0,455,179,392,540,706,750,915,975,931,983,906,968,979,977,964,1019,984,1067,1056,1112,1465
1457,10556,11071,1226,0,1,241,1036,2444,2450,724,0,0,0,607,261,569,729,924,1053,1135,1229,1247,1218,1341,1306,1327,1346,1357,1338,1385,1375,1427,1592,1972
1458,8240,8240,947,0,1,166,805,1855,1862,549,0,0,0,460,157,431,583,716,858,955,946,968,973,974,964,1006,976,974,1026,1051,1007,1184,1220,1430
1459,7215,7306,870,0,1,165,682,1581,1663,511,0,0,0,418,160,367,530,636,750,791,843,819,846,844,848,905,889,923,925,911,897,967,1075,1313
1460,8966,8387,1010,1,0,196,787,1965,1957,566,0,0,0,463,202,449,595,790,842,985,1005,971,1041,1035,1038,1025,1037,1126,1066,1101,1114,1174,1263,1488
1461,11068,10639,1219,3,2,236,1008,2494,2520,704,0,0,0,580,210,557,831,915,1111,1202,1238,1287,1227,1251,1325,1263,1361,1340,1306,1310,1458,1459,1572,1952
1462,7133,7095,779,1,0,168,665,1649,1630,465,0,0,0,392,150,366,535,585,747,728,808,780,870,844,857,856,834,902,846,882,968,981,1039,1263
1463,6980,7001,783,0,0,155,664,1631,1603,456,0,0,0,401,126,362,504,601,700,775,813,818,813,814,845,843,820,830,854,907,912,946,1022,1278
1464,7708,7645,903,0,0,179,686,1762,1715,524,0,0,0,389,148,395,586,699,744,849,888,892,923,905,898,938,893,927,927,1010,956,1040,1136,1367
1465,9564,9395,1108,0,1,200,858,2112,2192,635,0,0,0,488,177,416,680,823,968,1086,1085,1127,1071,1158,1095,1198,1120,1199,1135,1229,1274,1257,1367,1661
1466,7039,6936,849,0,1,159,676,1569,1589,503,0,0,0,405,114,343,484,618,757,832,789,853,838,799,770,823,844,890,883,885,946,937,997,1258
1467,8113,8119,927,0,1,158,763,1876,1782,544,0,0,0,437,169,412,555,722,836,878,908,938,993,972,963,1000,1037,936,982,1012,1044,1110,1087,1527
1468,7712,7377,883,0,3,177,629,1722,1675,505,0,0,0,348,187,371,510,677,791,870,890,886,868,887,866,855,865,930,977,949,1057,1002,1096,1247
1469,10402,10955,1187,1,1,223,1019,2487,2390,689,0,0,0,603,283,592,743,924,970,1223,1268,1177,1188,1237,1265,1326,1234,1348,1340,1345,1436,1410,1573,1906
1470,12203,12902,1527,2,0,265,1185,2900,2824,858,0,0,0,697,341,683,886,1008,1219,1337,1435,1448,1407,1496,1571,1475,1540,1496,1670,1627,1621,1696,1850,2278
1471,6829,6839,763,0,0,143,646,1587,1541,427,0,0,0,383,143,309,481,555,653,737,785,820,816,852,830,808,826,791,908,889,907,947,980,1183
1472,8033,7875,912,0,0,170,711,1830,1761,533,0,0,0,437,145,409,543,733,868,875,929,908,930,895,920,949,940,972,1001,1018,993,1095,1122,1456
1473,11433,11807,1412,2,1,216,1113,2589,2602,836,0,0,0,679,205,527,804,1064,1284,1266,1317,1304,1400,1351,1450,1424,1462,1464,1394,1484,1483,1531,1636,2134
1474,7779,7690,875,1,2,169,754,1754,1685,495,0,0,0,452,171,410,509,671,767,857,845,935,916,900,922,942,990,965,982,957,986,1024,1155,1366
1475,6699,6944,786,1,1,141,653,1531,1494,449,0,0,0,370,152,359,527,622,729,774,804,757,785,776,794,821,850,830,826,904,880,914,969,1152
1476,8291,8239,883,0,0,205,758,1851,1820,499,0,0,0,417,171,413,576,731,828,931,987,1026,950,1000,994,977,965,1018,1072,1017,1082,1069,1187,1382
1477,7622,7523,905,0,0,141,751,1686,1736,507,0,0,0,470,188,364,532,723,782,858,882,923,871,884,892,828,922,908,946,956,979,1023,1115,1366
1478,7685,7938,881,0,1,168,741,1721,1742,472,0,0,0,454,157,353,571,719,833,896,940,856,926,983,865,935,940,931,983,1013,940,1107,1118,1348
1479,8862,8834,1017,2,0,162,846,1962,2041,600,0,0,0,516,163,430,611,800,883,992,1062,995,1020,1073,1060,1071,1059,1083,1106,1152,1114,1144,1281,1624
1480,8575,8508,1015,2,1,180,802,1935,1927,587,0,0,0,472,167,457,632,778,846,954,1005,1019,1013,1008,976,1024,998,1062,1032,1135,1111,1126,1257,1483
1481,8906,8685,946,0,0,182,784,1998,1984,569,0,0,0,468,160,449,610,747,879,1019,987,1020,1006,1057,1033,1072,1062,1083,1043,1137,1187,1187,1278,1487
1482,8388,8370,913,0,1,176,752,1894,1829,557,0,0,0,441,174,433,599,734,855,880,1031,959,975,978,955,997,1002,1058,1088,1016,1070,1142,1174,1480
1483,9523,9847,1123,2,0,191,846,2143,2199,633,0,0,0,504,211,513,655,873,936,1041,1138,1148,1130,1113,1133,1186,1205,1251,1215,1197,1247,1278,1390,1672
1484,7751,7591,882,2,1,185,736,1696,1741,502,0,0,0,428,182,376,548,702,792,871,865,871,901,904,899,930,898,978,980,1008,913,1035,1134,1361
1485,6949,7134,795,1,0,171,699,1584,1618,456,0,0,0,383,144,355,489,612,694,807,802,818,820,828,904,866,750,868,883,973,939,944,1000,1253
1486,9417,9713,1135,1,0,209,916,2097,2228,678,0,0,0,507,211,532,654,784,977,1059,1083,1053,1130,1140,1187,1171,1203,1209,1224,1170,1282,1232,1418,1672
1487,10152,9761,1106,1,2,216,981,2305,2315,621,0,0,0,584,221,548,688,830,985,1084,1061,1176,1192,1153,1165,1138,1179,1283,1235,1309,1315,1364,1431,1862
1488,8429,8806,1014,3,0,171,835,1895,1989,574,0,0,0,496,189,435,628,758,864,929,991,975,1005,1019,1015,1062,1126,1065,1080,1097,1121,1157,1190,1552
1489,11780,11285,1361,1,2,215,1083,2658,2589,794,0,0,0,637,246,527,819,1079,1139,1229,1291,1307,1355,1287,1382,1389,1406,1490,1509,1515,1469,1605,1629,2054
1490,6682,6669,775,0,0,160,598,1505,1449,433,0,0,0,360,135,353,510,565,697,754,793,768,749,752,836,794,783,827,867,812,866,907,961,1155
1491,7596,7907,873,2,2,161,709,1767,1782,506,0,0,0,408,149,373,560,667,783,860,890,898,908,913,922,955,953,930,972,945,1017,1078,1107,1370
1492,10418,9987,1181,2,1,200,940,2335,2277,676,0,0,0,568,209,534,716,878,1052,1120,1200,1191,1162,1272,1205,1213,1251,1229,1277,1256,1315,1393,1484,1772
1493,14529,14816,1684,1,1,280,1411,3242,3310,991,0,0,0,838,259,692,981,1307,1489,1659,1707,1768,1670,1732,1797,1783,1849,1796,1787,1829,1893,1975,2027,2722
1494,8527,8213,950,1,2,196,806,1886,1962,577,0,0,0,459,156,443,606,729,835,946,994,969,976,1024,1020,976,1030,1002,995,1045,1111,1168,1195,1475
1495,7968,8172,929,0,1,159,779,1826,1879,533,0,0,0,458,174,396,578,751,861,881,922,913,994,920,945,942,1010,947,953,1041,1021,1103,1202,1454
1496,7237,6986,817,0,0,128,643,1651,1542,456,0,0,0,413,146,391,487,608,745,794,812,768,814,840,844,780,900,883,909,949,899,946,1023,1273
1497,7564,7556,875,1,0,156,694,1718,1715,479,0,0,0,399,143,394,584,697,760,850,813,935,888,865,899,911,913,939,876,968,963,1039,1076,1333
1498,11667,12182,1370,2,0,248,1069,2734,2650,765,0,0,0,608,250,596,910,1057,1234,1313,1375,1380,1393,1373,1381,1446,1451,1448,1521,1491,1517,1576,1753,2073
1499,7008,7154,777,0,0,154,656,1505,1597,460,0,0,0,379,132,319,522,658,772,749,811,818,835,886,848,877,837,884,873,865,907,935,1001,1220
1500,10767,10361,1174,0,2,220,952,2310,2383,678,0,0,0,543,200,491,785,867,1096,1200,1215,1286,1213,1230,1293,1269,1338,1336,1345,1291,1334,1387,1459,1841
1501,8046,8051,899,0,0,182,776,1760,1807,552,0,0,0,438,190,406,632,739,850,864,905,953,923,968,988,929,953,1003,971,1031,1017,1091,1186,1355
1502,9999,10332,1222,0,1,228,978,2319,2258,698,0,0,0,582,223,501,747,912,1014,1130,1188,1217,1220,1186,1202,1238,1176,1236,1316,1275,1311,1417,1477,1774
1503,9131,8890,1027,1,0,180,858,2049,2029,600,0,0,0,497,174,391,642,812,909,993,996,1031,1077,1105,1094,1076,1060,1137,1126,1141,1166,1179,1353,1625
1504,6956,7017,773,1,1,140,670,1533,1566,430,0,0,0,393,132,367,490,587,692,791,797,844,801,842,812,828,846,888,892,921,917,929,1006,1176
1505,7414,7524,894,0,0,159,674,1712,1786,500,0,0,0,413,143,394,549,638,742,845,832,827,840,873,891,890,910,897,903,988,1015,1004,1161,1323
1506,10361,10251,1208,0,0,218,999,2331,2315,714,0,0,0,588,192,482,717,890,1021,1155,1232,1243,1239,1178,1226,1253,1259,1291,1278,1328,1369,1351,1420,1913
1507,7261,7538,865,3,0,159,664,1639,1699,495,0,0,0,390,151,355,521,655,797,857,832,858,851,856,856,888,924,927,875,940,948,1076,1069,1254
1508,7499,7554,856,0,2,170,701,1756,1737,481,0,0,0,421,131,366,539,652,752,863,851,827,869,861,961,956,913,911,860,969,1024,996,1094,1387
1509,11019,10546,1193,0,0,250,1003,2449,2332,682,0,0,0,577,181,526,757,996,1126,1257,1249,1277,1246,1264,1304,1312,1308,1296,1351,1371,1387,1394,1533,1876
1510,7741,7843,896,0,0,162,725,1749,1798,540,0,0,0,422,156,396,553,693,781,845,927,846,890,913,927,978,921,981,948,989,1027,1109,1068,1419
1511,8021,8183,979,4,0,156,732,1836,1878,563,0,0,0,420,169,415,580,723,831,904,967,978,946,936,947,946,967,997,957,1038,1061,1104,1154,1455
1512,8916,8802,982,0,0,198,788,1880,2002,548,0,0,0,466,204,395,644,775,883,985,983,1094,1095,1099,1041,1074,1070,1098,1121,1054,1111,1088,1274,1598
1513,7440,7497,849,0,0,178,717,1658,1725,484,0,0,0,410,163,353,574,639,739,826,881,821,869,888,891,902,953,907,898,973,1014,1000,1057,1333
1514,7646,7626,904,0,1,163,700,1750,1705,561,0,0,0,423,171,366,557,666,756,889,874,862,887,903,891,961,902,914,963,972,1013,1050,1075,1368
1515,9376,9590,1069,1,0,199,937,2097,2177,650,0,0,0,566,194,441,715,827,922,1047,1038,1087,1119,1110,1092,1130,1187,1198,1234,1190,1210,1312,1373,1746
1516,7930,7633,880,3,0,152,712,1770,1701,496,0,0,0,407,161,395,592,653,790,896,875,914,875,870,919,880,964,1014,1004,1016,1034,1030,1098,1330
1517,8171,8003,929,0,1,189,758,1811,1824,540,0,0,0,446,166,389,573,709,853,971,917,917,977,957,966,980,963,1000,977,1031,1012,1050,1169,1474
1518,11326,12043,1297,0,0,248,1046,2538,2646,762,0,0,0,596,241,625,849,979,1091,1249,1374,1375,1394,1387,1376,1446,1462,1430,1452,1513,1487,1569,1610,2051
1519,7440,7397,804,2,0,153,719,1674,1593,449,0,0,0,429,180,390,515,655,769,787,892,857,808,916,861,940,892,916,951,943,941,952,1051,1299
1520,7394,7374,875,0,2,176,702,1684,1654,515,0,0,0,423,165,356,520,649,726,803,857,869,839,926,916,841,953,878,903,933,952,1019,1109,1309
1521,10447,10245,1229,1,1,229,1074,2305,2372,684,0,0,0,620,204,501,691,907,1092,1159,1240,1195,1234,1244,1177,1216,1361,1240,1323,1310,1386,1383,1473,1890
1522,8556,8694,976,1,1,183,845,1980,1993,527,0,0,0,499,166,469,615,748,840,930,976,993,1070,1032,1034,994,1081,1052,1037,1114,1137,1173,1276,1519
1523,7053,6839,812,0,2,156,620,1587,1542,498,0,0,0,376,143,371,518,619,674,797,806,804,787,813,815,818,846,868,810,935,829,933,1005,1291
1524,19070,19481,2181,0,0,416,1806,4228,4317,1224,0,0,0,1030,403,875,1379,1800,1958,2143,2287,2204,2284,2253,2324,2403,2376,2326,2393,2432,2589,2469,2692,3364
1525,8725,9041,1003,0,1,224,819,2005,1946,570,0,0,0,522,199,476,665,795,928,976,1001,1008,1067,1021,1076,1035,1039,1125,1107,1096,1111,1217,1290,1581
1526,7464,7578,838,0,0,170,697,1710,1817,509,0,0,0,406,143,383,530,662,743,847,882,915,892,855,881,856,862,866,942,940,966,1051,1111,1420
1527,9174,9538,1104,2,0,181,876,2137,2124,621,0,0,0,490,191,482,690,826,929,1011,1086,1119,1038,1120,1096,1156,1159,1158,1128,1169,1197,1303,1337,1680
1528,7429,7583,840,0,2,170,701,1697,1757,474,0,0,0,429,147,376,535,693,778,796,840,865,883,855,921,931,891,972,931,879,949,1010,1115,1358
1529,8033,8079,958,0,1,191,681,1781,1847,537,0,0,0,403,152,399,582,712,839,890,901,906,975,932,1014,986,973,1018,1006,1016,1040,1033,1181,1388
1530,7210,7413,889,0,0,136,671,1632,1662,537,0,0,0,381,152,379,537,648,704,831,821,845,876,845,905,864,867,874,884,998,974,986,996,1333
1531,18680,18963,2111,1,3,405,1843,4302,4162,1243,0,0,0,1072,336,885,1376,1814,1919,2141,2171,2159,2175,2204,2232,2319,2295,2251,2373,2273,2450,2465,2745,3423
1532,7945,7837,897,1,0,191,695,1815,1722,503,0,0,0,406,205,394,579,714,854,895,871,865,927,981,930,933,934,977,987,969,968,1036,1165,1382
1533,10698,10320,1149,1,0,231,965,2341,2360,666,0,0,0,552,175,523,744,967,1148,1234,1211,1225,1232,1220,1211,1321,1213,1268,1284,1379,1303,1378,1499,1829
1534,8077,8351,904,0,1,158,801,1811,1810,504,0,0,0,461,157,402,630,689,834,888,948,965,974,938,990,985,995,1058,1040,1062,1092,1062,1172,1411
1535,8614,8606,1001,0,0,182,880,1959,1958,556,0,0,0,512,186,453,594,781,892,942,1018,973,1079,997,1038,942,1033,1083,1075,1107,1093,1178,1267,1552
1536,7538,7491,851,1,1,151,721,1684,1684,489,0,0,0,401,136,370,529,682,721,929,865,862,839,888,949,897,965,891,941,919,985,950,1101,1335
1537,9132,9025,1079,1,0,207,823,2002,1973,612,0,0,0,493,207,457,698,763,957,996,1033,1060,1101,1061,1140,1085,1106,1115,1089,1153,1153,1229,1210,1654
1538,7249,7482,808,3,0,157,673,1641,1672,484,0,0,0,389,147,349,516,652,719,799,848,871,890,892,875,905,899,847,935,1003,884,1004,1040,1297
1539,11674,11831,1409,2,0,266,1096,2589,2697,838,0,0,0,653,307,547,851,1039,1171,1354,1372,1356,1426,1378,1439,1419,1364,1479,1399,1488,1554,1536,1686,2113
1540,8631,8743,963,2,0,195,852,2014,1899,545,0,0,0,505,185,441,650,793,904,928,984,994,995,990,1020,1038,1096,1084,1113,1068,1148,1141,1271,1543
1541,7190,7115,833,0,0,132,671,1594,1587,463,0,0,0,384,158,375,473,663,687,769,854,825,796,885,839,852,879,922,906,975,929,896,1027,1231
1542,8319,8493,963,1,0,159,816,1888,1931,569,0,0,0,485,155,377,582,734,880,921,1013,951,1000,1030,996,998,989,1048,1062,1092,1058,1135,1157,1573
1543,8115,8176,946,0,0,168,749,1810,1846,519,0,0,0,439,177,434,633,751,837,885,957,952,969,917,962,973,1010,987,988,1035,1075,1058,1132,1422
1544,7586,7375,842,0,0,155,758,1666,1690,484,0,0,0,444,176,376,513,657,763,827,851,877,865,944,881,846,908,959,939,917,997,1029,1046,1345
1545,7297,7266,867,0,0,145,720,1752,1585,484,0,0,0,421,154,391,493,672,762,798,838,836,859,858,880,884,868,837,918,943,910,950,1092,1352
1546,7980,7811,895,0,1,170,790,1834,1726,517,0,0,0,483,173,406,546,719,824,905,868,903,930,920,943,917,987,929,987,1010,1026,1106,1125,1423
1547,6784,6851,811,0,0,156,685,1493,1550,480,0,0,0,396,154,341,487,612,687,765,762,792,821,829,823,809,849,816,853,881,870,896,977,1263
1548,7050,6923,832,1,1,155,630,1605,1582,457,0,0,0,385,124,318,477,601,737,778,833,794,802,858,834,846,889,896,822,812,947,936,1018,1270
1549,9456,9509,1100,0,2,191,889,2139,2109,638,0,0,0,518,205,453,683,847,955,1058,1072,1118,1124,1120,1152,1154,1203,1134,1145,1148,1308,1244,1335,1689
1550,7274,7175,820,0,0,146,646,1606,1625,467,0,0,0,378,152,360,523,676,738,817,827,815,845,908,874,871,842,840,914,927,956,945,992,1239
1551,6885,6989,817,0,1,131,666,1544,1534,483,0,0,0,390,118,339,501,638,693,777,766,807,863,832,826,850,871,870,849,892,865,907,939,1286
1552,8097,8303,936,0,1,186,761,1815,1877,540,0,0,0,440,165,375,569,741,826,943,922,898,968,986,971,1065,1040,1002,994,1069,1028,1115,1194,1413
1553,10199,10170,1115,0,1,239,932,2339,2328,635,0,0,0,540,183,472,772,840,1060,1129,1204,1190,1187,1150,1223,1177,1219,1283,1319,1277,1369,1362,1470,1770
1554,8538,8343,973,0,1,180,842,1824,1815,540,0,0,0,481,180,444,609,735,871,952,958,1066,1027,983,1027,1003,1017,1066,1111,1082,1081,1074,1140,1451
1555,6548,6565,754,1,0,129,574,1488,1467,434,0,0,0,342,123,374,451,566,635,742,723,728,780,784,778,762,838,807,853,803,870,913,945,1096
1556,9851,9750,1155,2,0,224,930,2174,2185,696,0,0,0,529,174,469,717,857,1027,1097,1176,1125,1182,1132,1202,1169,1170,1225,1220,1268,1237,1335,1419,1711
1557,8807,9004,967,1,1,183,867,2023,1997,562,0,0,0,506,182,462,598,726,884,992,1049,1046,1066,1058,1040,1051,1114,1152,1081,1136,1209,1161,1247,1576
1558,8889,9030,1039,0,0,200,865,2061,2089,593,0,0,0,539,144,412,589,797,1000,997,1009,1070,1050,1068,1093,1073,1036,1063,1138,1085,1202,1249,1328,1620
1559,7509,7600,806,1,0,160,713,1702,1715,475,0,0,0,404,162,372,555,661,743,831,902,894,886,880,959,874,893,939,896,935,942,1012,1121,1332
1560,7408,7371,826,2,0,140,665,1687,1684,482,0,0,0,356,151,388,530,665,746,781,871,863,869,836,903,860,852,872,954,991,950,1019,1036,1275
1561,8745,8643,990,2,0,191,800,1998,1929,582,0,0,0,485,196,431,637,760,898,1002,992,1001,973,1014,1025,1024,1036,1040,1128,1085,1154,1217,1211,1547
1562,8511,8788,1060,1,1,184,840,1994,2003,630,0,0,0,532,151,448,616,740,899,947,994,956,1052,1062,996,1065,967,1028,1082,1133,1136,1247,1313,1553
1563,16310,17647,2129,1,3,361,1499,3818,3823,1221,0,0,0,885,410,1006,1213,1415,1679,1811,1943,1906,1996,2006,2063,2059,2055,2220,2128,2059,2191,2274,2504,3012
1564,9602,9975,1097,1,0,211,942,2172,2190,615,0,0,0,556,198,540,715,862,920,1109,1168,1128,1109,1158,1154,1183,1239,1226,1255,1203,1224,1287,1444,1706
1565,9778,9300,1084,2,1,180,924,2149,2141,637,0,0,0,530,237,545,667,800,891,1081,1082,1105,1093,1188,1131,1137,1168,1191,1171,1179,1240,1298,1353,1712
1566,7412,7654,826,1,0,163,660,1673,1730,488,0,0,0,393,156,383,530,644,761,837,890,886,892,872,864,907,906,912,941,944,982,1048,1061,1300
1567,10573,10270,1166,1,0,208,978,2385,2322,661,0,0,0,593,189,512,756,914,1091,1191,1192,1216,1254,1249,1240,1251,1234,1235,1251,1352,1355,1394,1462,1858
1568,7417,7822,847,1,0,163,681,1631,1805,499,0,0,0,419,197,392,562,639,709,872,884,853,882,921,880,898,955,941,970,892,980,1089,1120,1295
1569,9657,10072,1106,0,0,194,918,2192,2261,652,0,0,0,526,274,517,741,861,941,1044,1166,1164,1143,1210,1126,1187,1198,1210,1148,1232,1306,1302,1415,1762
1570,7091,7226,800,2,0,151,670,1610,1545,474,0,0,0,390,142,365,561,609,745,806,843,871,805,900,852,775,859,847,917,941,963,945,972,1222
1571,9947,9533,1152,0,0,199,962,2195,2217,668,0,0,0,573,166,445,732,858,1038,1128,1098,1136,1134,1171,1172,1182,1168,1225,1155,1209,1289,1338,1420,1729
1572,9669,9768,1118,0,1,186,928,2274,2171,657,0,0,0,566,160,491,731,901,1021,1017,1075,1183,1175,1086,1103,1154,1184,1161,1207,1229,1309,1327,1381,1775
1573,20634,20381,2420,1,1,425,1919,4705,4610,1386,0,0,0,1099,355,1033,1430,1810,2129,2301,2373,2375,2346,2372,2505,2491,2538,2511,2603,2603,2633,2753,2989,3631
1574,9642,10057,1153,1,1,220,902,2203,2218,660,0,0,0,529,239,516,718,875,934,1050,1090,1072,1140,1196,1188,1242,1222,1235,1222,1278,1345,1242,1384,1788
1575,7373,7470,869,1,2,164,671,1657,1700,461,0,0,0,388,136,374,553,641,751,806,872,825,926,880,878,891,817,941,954,955,977,980,1089,1304
1576,8031,8105,945,0,0,166,767,1814,1816,532,0,0,0,455,153,392,588,736,839,868,946,907,953,956,949,980,986,1000,971,1059,1040,1071,1203,1417
1577,6495,6400,719,0,1,126,628,1428,1455,406,0,0,0,386,129,303,510,545,645,745,779,717,757,746,717,780,836,791,816,785,830,904,899,1135
1578,9167,9561,1071,0,0,193,837,2018,2101,614,0,0,0,492,230,494,697,831,973,1056,1085,1095,1123,1030,1134,1077,1205,1146,1126,1171,1162,1224,1360,1610
1579,7180,7263,829,1,0,172,682,1642,1591,488,0,0,0,393,133,381,525,630,734,805,830,835,806,850,861,878,870,946,893,945,940,964,1009,1292
1580,18909,19465,2145,1,2,408,1824,4428,4204,1245,0,0,0,1026,435,949,1361,1643,1904,2130,2297,2308,2246,2201,2292,2285,2328,2406,2424,2311,2479,2615,2774,3366
1581,7205,7238,785,2,0,181,659,1666,1614,477,0,0,0,394,178,359,494,644,733,812,867,828,810,822,850,892,930,831,869,907,911,1013,1065,1255
1582,7982,8197,946,0,0,156,740,1810,1844,554,0,0,0,440,203,430,605,731,819,835,950,909,917,931,915,977,937,1042,1013,1036,1106,1109,1150,1406
1583,7804,8056,871,0,0,154,770,1776,1786,501,0,0,0,452,156,406,597,708,816,895,868,930,936,899,962,962,930,989,1015,994,1002,1095,1124,1371
1584,7021,7066,782,0,0,136,644,1624,1665,445,0,0,0,393,151,393,519,612,705,801,803,822,752,819,824,841,862,834,822,929,948,930,984,1298
1585,8763,8694,995,0,0,181,779,1954,2042,588,0,0,0,458,202,458,598,752,840,964,1038,1005,1017,1002,1005,1017,1068,1064,1126,1138,1099,1197,1278,1544
1586,7443,7544,860,1,2,157,689,1761,1754,491,0,0,0,400,170,384,536,663,722,774,804,850,876,849,883,860,932,933,961,990,963,1033,1178,1335
1587,8626,8932,1024,0,0,179,841,1957,1977,569,0,0,0,475,165,442,606,763,877,971,963,1047,1059,985,1091,1128,1053,1109,1120,1116,1126,1170,1234,1577
1588,11810,12196,1353,1,2,270,1148,2704,2732,791,0,0,0,657,270,652,861,1045,1223,1320,1407,1327,1418,1393,1436,1407,1483,1484,1488,1494,1544,1610,1820,2098
1589,7424,7489,832,0,3,171,737,1667,1717,473,0,0,0,452,174,353,540,677,731,803,847,843,877,900,889,906,936,924,893,949,1011,998,1083,1322
1590,6964,7129,802,1,1,139,638,1600,1665,449,0,0,0,373,151,364,481,577,726,778,799,795,805,861,856,837,864,898,874,894,907,1018,975,1214
1591,6781,6657,781,1,0,154,651,1548,1458,464,0,0,0,374,137,326,524,541,681,715,781,825,759,872,780,842,784,829,831,831,858,916,1006,1187
1592,8237,8141,992,3,0,174,728,1848,1907,572,0,0,0,442,164,384,597,657,844,958,918,940,950,924,979,931,1050,1034,1000,1087,988,1149,1195,1526
1593,7134,7064,825,1,1,132,652,1593,1621,472,0,0,0,375,134,351,528,562,713,812,818,810,814,851,843,847,885,900,885,893,937,950,1018,1258
1594,7899,8091,885,1,0,165,721,1838,1808,518,0,0,0,418,139,408,580,724,804,869,920,937,893,942,974,986,987,958,1007,1021,1009,1060,1123,1421
1595,8228,8480,955,1,1,158,761,1882,1840,557,0,0,0,429,194,460,624,722,799,970,961,935,986,974,969,1050,996,1032,991,1087,1055,1139,1168,1472
1596,12964,13651,1535,2,1,293,1242,3025,2931,852,0,0,0,714,293,704,911,1161,1315,1511,1578,1532,1554,1565,1627,1602,1627,1680,1624,1702,1754,1755,1857,2336
1597,9104,9270,1016,0,1,195,831,2042,2052,603,0,0,0,488,236,495,681,800,940,1045,1082,1029,1049,1089,1094,1068,1134,1135,1103,1193,1180,1168,1330,1566
1598,7827,7712,866,1,0,159,734,1704,1751,497,0,0,0,426,171,360,495,732,828,871,863,908,899,911,973,949,944,972,968,975,1007,1020,1098,1355
1599,8311,8560,948,0,2,200,788,1929,1913,559,0,0,0,472,160,418,620,745,832,945,924,997,1004,1002,1025,975,1052,1031,1034,1079,1126,1125,1200,1515
1600,7584,7691,879,0,0,171,691,1683,1708,504,0,0,0,404,170,413,568,669,751,889,835,850,876,916,895,942,967,928,939,969,1001,991,1144,1303
1601,8834,9084,1011,0,1,187,855,2021,2098,585,0,0,0,501,206,481,614,789,845,987,1019,1010,1060,1030,1059,1070,1131,1073,1164,1109,1178,1233,1321,1593
1602,7733,7650,877,0,2,179,744,1737,1698,494,0,0,0,443,164,387,515,680,797,885,963,865,998,883,919,899,877,963,919,1004,997,1028,1126,1316
1603,12214,12583,1373,2,4,257,1096,2761,2831,822,0,0,0,655,313,659,898,1057,1241,1386,1431,1497,1426,1400,1441,1409,1543,1504,1541,1597,1608,1661,1725,2192
1604,6870,6948,805,0,1,143,712,1595,1568,457,0,0,0,425,150,346,491,618,704,739,841,816,757,808,849,806,853,855,862,870,910,934,1002,1268
1605,7414,7208,835,0,0,152,714,1659,1641,477,0,0,0,427,147,346,534,629,737,797,879,864,937,875,889,818,843,919,893,952,932,952,1049,1331
1606,9195,9430,1053,2,5,188,827,2105,2066,637,0,0,0,472,190,498,697,825,956,1022,1051,1130,1020,1112,1076,1175,1117,1136,1170,1139,1150,1220,1350,1666
1607,7727,7819,876,2,3,164,701,1770,1782,521,0,0,0,395,151,368,537,694,853,862,805,902,900,919,955,915,941,954,1010,930,989,1044,1126,1437
1608,7675,7731,913,0,2,190,705,1816,1772,560,0,0,0,406,170,368,507,673,787,841,874,938,887,952,849,909,934,921,953,1014,1057,1057,1123,1402
1609,8584,8489,905,0,2,175,797,1957,1914,518,0,0,0,452,148,433,632,703,850,923,957,990,1013,1010,1043,1021,1051,1077,1121,1062,1117,1103,1181,1517
1610,7264,7361,788,1,1,158,717,1699,1612,457,0,0,0,416,156,367,543,646,726,834,783,916,802,876,905,871,875,890,880,961,869,993,1083,1314
1611,8814,9104,1004,0,1,174,814,1964,2027,549,0,0,0,481,166,462,656,781,962,991,959,1028,1096,1077,1098,1071,1097,1137,1064,1118,1128,1187,1301,1532
1612,7510,7594,921,1,2,156,739,1661,1720,550,0,0,0,448,164,390,549,672,794,821,896,859,864,854,912,937,929,933,949,925,1027,984,1106,1358
1613,12702,13580,1523,3,2,277,1239,2854,2902,909,0,0,0,731,315,702,1004,1103,1310,1373,1522,1602,1532,1548,1495,1645,1624,1641,1664,1659,1633,1755,1857,2342
1614,8314,8405,1010,4,2,202,762,1891,1915,569,0,0,0,430,178,395,614,727,859,938,957,965,977,1030,990,975,1086,1023,1025,1028,1111,1146,1157,1518
1615,8485,8365,964,1,0,166,786,1962,1816,561,0,0,0,452,174,417,597,728,868,955,919,1003,1018,1024,1044,1020,983,1058,1025,1064,1031,1175,1201,1463
1616,6835,6989,817,0,2,130,668,1538,1606,478,0,0,0,403,145,336,513,631,709,763,784,766,774,795,837,876,874,828,854,828,925,956,986,1261
1617,8503,8662,1012,2,0,185,787,1914,1948,583,0,0,0,475,173,419,593,747,849,992,955,962,1056,985,1051,1068,1017,1074,1097,1073,1133,1140,1250,1517
1618,6902,7023,810,0,0,166,657,1485,1614,444,0,0,0,407,128,332,535,647,745,803,817,840,785,764,825,845,786,878,861,867,952,897,1013,1238
1619,9528,9502,1068,1,0,211,889,2124,2146,604,0,0,0,541,188,401,722,892,1005,1072,1115,1061,1131,1093,1143,1153,1125,1211,1176,1179,1172,1244,1373,1743
1620,6935,6894,818,0,1,141,691,1566,1578,477,0,0,0,394,153,318,515,604,706,767,822,804,795,799,819,836,859,797,886,901,907,930,1023,1239
1621,7197,6837,780,0,0,175,654,1683,1513,446,0,0,0,369,153,373,511,594,699,783,836,785,863,808,811,828,843,842,846,948,923,929,1036,1232
1622,9075,9032,1012,0,0,184,900,2042,2063,585,0,0,0,520,219,425,657,768,906,947,1025,1107,1127,1057,1112,1048,1085,1082,1201,1146,1194,1188,1288,1621
1623,9146,9452,1022,1,0,189,889,2032,2148,598,0,0,0,530,226,486,689,802,940,984,1059,1063,1073,1153,1067,1067,1139,1165,1198,1156,1182,1243,1362,1645
1624,7110,7234,817,0,1,151,689,1603,1616,470,0,0,0,380,145,368,551,635,702,783,794,838,792,847,887,865,886,928,888,915,957,957,983,1281
1625,7211,7056,833,1,1,153,706,1649,1576,488,0,0,0,430,144,363,511,625,777,777,820,788,855,833,868,845,860,862,874,907,951,1006,1009,1286
1626,8255,8516,947,4,0,187,809,1867,1851,527,0,0,0,462,171,443,618,737,837,962,991,956,1020,1002,1002,997,983,1090,1076,1042,1019,1077,1202,1493
1627,11668,11724,1321,0,0,257,1045,2705,2652,770,0,0,0,645,242,637,860,984,1092,1279,1366,1376,1349,1354,1391,1365,1444,1448,1431,1477,1529,1599,1752,2040
1628,7198,7362,857,1,0,152,639,1628,1644,475,0,0,0,376,154,361,531,600,741,862,837,854,901,843,811,885,919,897,890,889,888,957,1075,1314
1629,8212,8035,926,2,0,174,780,1912,1852,529,0,0,0,473,153,396,561,699,820,894,953,977,915,953,1010,925,970,974,1019,1060,1141,1046,1198,1465
1630,7874,8158,962,0,0,172,767,1795,1769,546,0,0,0,455,184,448,550,691,829,852,900,868,1011,937,933,1005,1041,1014,992,1013,1056,1096,1112,1401
1631,8348,8345,956,1,2,197,789,1905,1894,539,0,0,0,480,182,411,557,741,824,906,956,1042,922,933,1011,1009,1059,1009,1043,1050,1118,1128,1206,1531
1632,8269,7967,903,1,1,208,731,1899,1808,517,0,0,0,415,179,418,585,706,792,892,911,968,906,966,997,986,982,964,1051,980,1084,1142,1161,1410
1633,8271,7795,921,0,0,186,844,1856,1841,520,0,0,0,470,164,424,525,746,803,856,977,857,925,967,912,939,963,1057,1027,1025,1106,1086,1202,1456
1634,7812,7590,857,0,1,153,737,1763,1710,539,0,0,0,421,162,406,551,696,762,820,901,909,876,863,885,906,917,1015,1030,943,982,1030,1092,1404
1635,6933,6870,796,0,1,143,649,1570,1488,441,0,0,0,409,147,357,535,607,699,736,834,790,817,824,802,835,793,941,803,848,879,949,1011,1185
1636,7240,7306,858,0,2,167,731,1683,1668,505,0,0,0,423,157,351,590,628,756,813,809,843,853,870,866,865,859,846,902,941,967,1013,1055,1320
1637,17082,17865,2021,4,2,380,1724,3979,3996,1173,0,0,0,1014,260,751,1245,1548,1813,1987,2013,2042,1963,2100,2097,2103,2173,2151,2198,2259,2304,2469,2388,3214
1638,9234,9320,1013,1,0,167,862,2096,2127,613,0,0,0,510,190,453,625,821,961,1041,1069,1100,1079,1120,1115,1070,1122,1135,1066,1150,1230,1241,1348,1661
1639,6692,6797,797,3,0,158,671,1506,1568,441,0,0,0,412,144,330,517,664,675,758,732,758,812,810,820,792,815,773,819,855,892,911,1002,1239
1640,8816,8807,989,1,1,172,839,1943,1993,549,0,0,0,494,171,454,586,794,887,966,1032,1007,1005,1092,1027,1086,1138,1050,1082,1116,1202,1152,1222,1556
1641,7953,8010,918,1,0,181,813,1761,1824,506,0,0,0,485,143,392,596,709,821,927,928,897,952,930,979,959,968,993,937,1076,989,1059,1137,1484
1642,6689,6622,699,1,0,125,598,1482,1451,416,0,0,0,353,130,313,511,596,682,752,769,772,789,761,800,763,804,821,840,849,795,888,906,1193
1643,14660,15462,1795,0,0,316,1408,3426,3399,1017,0,0,0,828,337,758,1094,1324,1517,1684,1700,1712,1719,1796,1834,1741,1777,1878,1965,1925,2000,1974,2203,2703
1644,8371,8285,980,0,0,176,793,1862,1867,567,0,0,0,478,194,412,600,735,806,899,974,941,994,1030,975,1033,992,1058,1002,1077,1073,1096,1186,1528
1645,8173,7932,914,0,0,184,771,1857,1852,537,0,0,0,430,150,410,617,692,804,898,940,960,931,995,916,1003,958,950,954,1021,1036,1151,1176,1412
1646,7030,6989,844,0,0,133,688,1612,1523,478,0,0,0,386,152,369,498,624,744,787,781,784,838,848,819,825,804,894,894,877,912,963,1039,1232
1647,7230,7082,835,0,0,148,710,1697,1588,493,0,0,0,435,138,351,517,603,731,811,834,807,844,869,844,832,857,914,853,930,950,948,1062,1310
1648,8572,8472,976,0,0,194,866,1947,1944,562,0,0,0,532,183,445,580,731,812,925,1006,1036,960,1008,1073,973,1039,1106,1036,1066,1102,1190,1227,1582
1649,8546,8403,935,0,1,196,841,1939,1896,529,0,0,0,529,152,380,662,768,861,951,954,1002,981,1031,996,1017,1027,1066,1022,1050,1118,1117,1242,1525
1650,7727,7569,902,0,0,180,723,1735,1730,520,0,0,0,402,141,341,561,687,831,815,857,869,908,920,933,865,935,969,958,1002,1018,1032,1072,1387
1651,11362,11629,1316,0,2,231,1055,2547,2579,764,0,0,0,616,209,575,779,1008,1183,1276,1372,1298,1388,1429,1333,1367,1366,1450,1424,1537,1486,1471,1639,2005
1652,12342,12282,1365,1,1,257,1225,2756,2795,783,0,0,0,710,233,589,870,1095,1270,1384,1380,1436,1451,1429,1455,1520,1471,1541,1587,1631,1626,1674,1722,2109
1653,7409,7490,836,0,0,166,731,1734,1722,480,0,0,0,428,166,378,531,666,750,769,906,833,917,884,819,865,897,903,899,977,1007,1042,1098,1325
1654,7834,7803,886,2,0,154,700,1723,1767,518,0,0,0,421,175,413,542,693,791,847,857,912,914,930,915,994,960,953,970,969,1010,1049,1122,1363
1655,9318,9366,1014,0,1,190,949,2078,2108,599,0,0,0,569,205,503,729,811,911,1042,1088,1032,1089,1092,1092,1100,1216,1188,1129,1129,1191,1303,1325,1663
1656,7334,7452,874,0,1,136,683,1641,1718,490,0,0,0,389,143,350,541,637,729,831,828,810,867,877,874,888,893,959,958,940,971,956,1106,1322
1657,7892,7838,954,1,3,178,735,1712,1728,531,0,0,0,433,161,379,581,693,768,881,914,939,921,944,925,972,985,991,1019,994,988,1059,1052,1435
1658,8813,8873,978,1,1,210,802,1990,1974,572,0,0,0,477,200,447,653,802,889,947,961,998,1028,1087,1052,1121,1063,1094,1058,1108,1199,1137,1260,1574
1659,7764,7897,887,1,1,153,698,1708,1724,510,0,0,0,410,172,415,592,695,773,844,941,952,951,918,955,915,961,935,940,1001,956,1045,1111,1329
1660,11976,11769,1370,0,0,243,1115,2675,2704,762,0,0,0,671,271,592,839,1074,1177,1268,1373,1369,1352,1388,1430,1442,1410,1480,1512,1529,1479,1600,1722,2166
1661,7780,7476,880,0,0,157,770,1707,1708,536,0,0,0,468,183,405,584,668,758,876,817,910,894,895,903,953,914,939,903,958,1009,1019,1124,1351
1662,9202,9187,1068,0,0,193,880,2134,2145,622,0,0,0,507,187,432,655,785,916,1054,1015,1037,1050,1116,1088,1115,1088,1157,1141,1201,1201,1253,1383,1656
1663,7474,7675,840,0,1,168,726,1699,1649,491,0,0,0,436,157,418,527,663,774,807,845,935,848,903,893,939,900,974,993,935,931,1027,1078,1337
1664,6741,6760,806,0,0,142,615,1513,1550,461,0,0,0,384,142,362,471,590,690,746,775,786,817,784,785,814,804,836,828,833,904,869,1011,1217
1665,7456,7399,852,0,0,129,776,1616,1617,482,0,0,0,427,154,381,555,648,756,909,901,850,834,875,880,918,909,914,928,958,996,981,1030,1235
1666,7306,7395,852,2,0,167,733,1598,1673,510,0,0,0,396,165,393,538,669,738,807,776,874,907,876,827,918,888,924,897,971,897,986,1084,1320
1667,8020,7985,864,0,0,169,759,1790,1881,483,0,0,0,456,203,430,549,720,773,869,935,877,911,908,953,951,994,958,956,1062,1025,1105,1221,1397
1668,8385,8468,918,2,1,172,810,1897,1941,527,0,0,0,469,153,402,612,717,859,901,957,988,1020,963,1005,1072,1021,1076,1027,977,1113,1144,1218,1531
1669,8264,8065,930,0,0,165,839,1844,1800,544,0,0,0,485,155,399,581,733,871,867,909,974,963,975,974,1011,998,962,1080,1049,1062,1069,1178,1453
1670,7761,7632,941,1,1,157,727,1731,1729,537,0,0,0,410,148,405,543,675,795,829,885,888,884,904,927,949,1003,938,960,939,1016,1046,1103,1383
1671,7114,7191,782,1,0,133,646,1625,1524,459,0,0,0,401,168,352,522,626,714,763,822,822,865,808,816,873,931,860,910,893,894,980,955,1293
1672,7396,7458,837,0,4,178,645,1662,1696,471,0,0,0,369,143,348,533,632,776,817,864,828,868,886,857,941,888,911,927,944,972,987,1080,1316
1673,8342,8202,942,1,1,186,795,1908,1878,550,0,0,0,444,185,386,586,721,837,898,969,919,989,1025,963,962,1013,1012,1037,1073,1106,1156,1186,1446
1674,8902,9154,1071,0,1,187,769,2086,2046,612,0,0,0,439,161,453,670,818,874,1007,1008,1034,1058,1058,1030,1065,1086,1152,1159,1183,1138,1208,1298,1624
1675,6642,6808,802,1,0,133,634,1485,1489,447,0,0,0,359,164,345,482,632,717,706,735,746,785,757,794,907,845,796,871,850,899,832,920,1237
1676,7832,7857,888,4,4,181,724,1797,1725,512,0,0,0,405,161,444,586,714,788,811,932,839,944,997,943,941,908,952,969,1003,1002,1070,1139,1347
1677,10511,9924,1187,1,1,241,918,2358,2285,684,0,0,0,531,226,573,732,869,961,1108,1185,1197,1195,1231,1229,1207,1305,1326,1203,1237,1344,1357,1506,1792
1678,9111,8942,1078,0,2,204,860,2062,2043,631,0,0,0,478,185,420,672,781,922,992,1057,1016,1099,1046,1076,1046,1152,1112,1159,1111,1151,1188,1359,1653
1679,7469,7864,933,1,0,162,766,1705,1738,529,0,0,0,440,163,398,525,662,780,884,885,891,868,962,921,923,967,972,901,979,1025,1001,1119,1369
1680,7136,7230,879,0,2,154,726,1588,1626,512,0,0,0,432,145,347,519,614,758,807,797,783,886,889,844,904,888,903,881,912,950,957,1013,1330
1681,9278,9132,1081,0,1,189,946,2083,2030,661,0,0,0,534,215,466,661,860,886,995,1037,1050,1048,1119,1108,1129,1118,1169,1154,1195,1205,1263,1279,1670
1682,7824,7946,937,0,1,134,744,1815,1779,532,0,0,0,429,161,379,552,731,819,897,871,889,939,926,940,934,931,964,1005,1051,1013,1058,1137,1389
1683,9367,8948,1007,0,0,220,910,2201,2027,544,0,0,0,518,155,459,643,783,933,997,1026,1066,1042,1136,1090,1106,1192,1080,1178,1159,1181,1278,1340,1608
1684,8870,8609,1072,1,1,172,811,1962,1944,621,0,0,0,472,182,428,624,726,920,954,1002,1049,998,1060,1009,1095,1107,1033,1089,1121,1172,1150,1242,1575
1685,7899,7892,880,1,1,164,699,1787,1789,497,0,0,0,393,141,392,555,733,783,880,880,921,987,899,907,962,949,990,980,1020,1013,1077,1080,1387
1686,8657,8637,979,0,1,151,821,1922,1947,587,0,0,0,502,180,434,625,762,902,956,975,1019,1051,963,1053,1057,1060,1028,1051,1070,1178,1161,1220,1501
1687,9145,9218,1101,0,1,183,848,2049,2103,608,0,0,0,495,219,475,673,757,894,1092,1043,1042,1052,1050,1081,1106,1176,1142,1200,1158,1194,1254,1300,1588
1688,8571,8878,911,2,0,195,774,1920,1974,521,0,0,0,447,177,483,651,766,920,978,1009,1063,988,961,1017,1081,992,1064,1072,1100,1118,1181,1244,1466
1689,8274,8272,1003,1,0,173,771,1941,1912,586,0,0,0,451,181,469,587,715,855,886,931,924,967,985,956,980,997,995,1053,1008,1126,1172,1178,1529
1690,9146,9103,1046,1,0,202,859,2045,2042,597,0,0,0,501,197,426,632,780,908,1058,1043,1083,1051,1087,1080,1118,1114,1155,1130,1144,1172,1243,1294,1642
1691,12715,12063,1409,2,2,261,1177,2683,2823,831,0,0,0,665,216,604,959,1163,1257,1418,1434,1439,1447,1514,1469,1473,1525,1513,1477,1589,1600,1580,1741,2211
1692,7168,7245,861,1,0,145,630,1606,1714,492,0,0,0,370,124,400,539,659,708,767,810,774,855,827,853,851,885,892,952,915,972,1015,1038,1214
1693,11808,11574,1335,0,2,261,1101,2639,2599,765,0,0,0,698,202,558,853,1052,1198,1279,1387,1332,1447,1352,1377,1523,1431,1402,1417,1470,1495,1603,1605,2098
1694,7859,7992,914,0,0,183,776,1771,1842,525,0,0,0,433,139,385,550,721,818,858,940,922,947,940,932,925,941,944,1030,1025,1056,1079,1153,1419
1695,10993,10429,1214,1,1,192,942,2431,2381,720,0,0,0,548,300,588,776,904,1093,1199,1260,1226,1182,1284,1237,1197,1315,1301,1405,1286,1344,1463,1485,1927
1696,8339,8244,973,0,1,172,806,1881,1923,574,0,0,0,473,150,433,628,739,864,907,917,897,942,989,965,1019,1009,1002,1045,1070,1086,1139,1234,1500
1697,8506,8520,1033,0,1,160,790,1914,1918,597,0,0,0,464,175,456,619,741,875,963,966,990,949,991,1011,1061,1037,1093,1013,1106,1130,1135,1196,1503
1698,14770,15267,1695,1,1,289,1407,3356,3333,960,0,0,0,818,331,768,1059,1296,1544,1670,1804,1729,1700,1860,1829,1799,1771,1875,1876,1899,1866,1980,2155,2619
1699,8170,7707,908,1,0,176,772,1748,1741,510,0,0,0,457,221,449,592,712,818,871,938,910,945,914,942,946,939,999,993,1014,1005,1061,1087,1378
1700,8979,9117,1040,1,1,183,896,2010,2052,600,0,0,0,534,188,444,643,756,925,1005,1030,1095,1101,1044,1071,1121,1119,1098,1132,1107,1101,1221,1341,1675
1701,9436,9420,1105,1,0,205,879,2179,2128,639,0,0,0,512,228,478,680,814,949,1006,1026,1042,1098,1102,1141,1161,1159,1172,1156,1235,1239,1282,1379,1699
1702,8002,7980,918,0,0,159,790,1811,1791,517,0,0,0,464,169,410,590,723,869,907,910,917,927,895,954,1003,955,975,1002,998,964,1048,1213,1420
1703,7325,7144,854,1,0,144,629,1631,1588,499,0,0,0,355,166,394,521,679,786,769,816,820,836,924,920,815,900,860,838,912,914,960,1028,1239
1704,19614,19086,2321,1,1,402,1776,4456,4341,1340,0,0,0,1070,329,872,1386,1651,2028,2227,2308,2212,2201,2359,2233,2306,2322,2398,2439,2479,2523,2625,2871,3432
1705,7417,7373,844,1,1,133,722,1659,1676,502,0,0,0,409,147,362,494,665,769,781,855,904,863,849,893,894,906,923,926,933,942,996,1077,1312
1706,9694,9620,1171,0,0,223,869,2121,2129,690,0,0,0,489,181,465,718,899,1015,1051,1126,1166,1085,1141,1196,1116,1190,1191,1225,1235,1278,1243,1359,1697
1707,7920,7807,906,1,1,167,744,1794,1780,529,0,0,0,429,181,423,534,745,768,882,831,894,949,899,953,938,978,933,1006,1055,992,1042,1146,1397
1708,7489,7716,868,0,1,162,667,1717,1786,508,0,0,0,378,171,382,496,597,801,812,866,901,857,918,961,887,909,946,930,965,971,1040,1090,1403
1709,7124,7017,814,1,0,154,687,1544,1639,466,0,0,0,407,155,371,518,656,717,763,783,846,854,865,848,844,773,870,896,862,880,1009,1012,1275
1710,7727,7666,908,2,1,167,746,1682,1731,504,0,0,0,462,170,416,559,647,786,803,901,871,924,927,936,927,945,940,990,975,1050,987,1063,1400
1711,8512,8269,983,0,1,183,771,1945,1906,549,0,0,0,433,178,425,579,730,830,922,968,972,1015,981,968,1000,984,1054,1081,1109,1058,1159,1256,1450
1712,8545,8501,971,0,2,180,799,1864,2005,574,0,0,0,495,147,411,638,749,905,899,1008,1001,946,1052,926,1065,969,1118,1059,1124,1125,1147,1229,1480
1713,9560,9783,1106,1,0,205,950,2164,2284,623,0,0,0,588,218,519,724,845,1020,1082,1122,1116,1059,1089,1158,1102,1184,1181,1170,1189,1267,1308,1452,1800
1714,8199,8173,938,0,1,169,741,1856,1878,539,0,0,0,453,173,393,576,695,836,928,955,949,950,892,996,985,974,1053,1028,1022,1037,1151,1193,1435
1715,7614,7620,882,0,0,153,722,1733,1714,518,0,0,0,422,140,362,587,655,737,842,835,872,868,891,975,945,961,857,958,1016,1036,1003,1095,1356
1716,7942,8278,931,0,2,165,782,1824,1875,552,0,0,0,463,176,445,577,715,764,889,987,905,907,952,973,942,979,1076,969,1047,1028,1098,1204,1467
1717,7484,7575,823,0,0,162,697,1697,1722,479,0,0,0,409,160,385,532,625,750,856,833,873,868,920,885,887,878,966,975,967,1016,1009,1077,1279
1718,7749,7646,898,0,0,156,695,1751,1745,515,0,0,0,410,191,388,541,709,742,888,848,874,916,964,942,872,879,1000,899,991,1009,1083,1082,1326
1719,7579,7315,878,1,1,147,668,1687,1636,490,0,0,0,365,144,380,541,654,757,889,879,896,850,841,900,912,946,921,929,861,983,979,978,1349
1720,8985,8941,1054,2,1,207,836,2022,2068,612,0,0,0,503,206,456,616,787,899,981,1005,1082,1037,1081,1040,1090,1079,1130,1117,1099,1163,1182,1364,1612
1721,7423,7514,857,1,0,161,692,1709,1739,492,0,0,0,413,151,382,534,690,723,797,856,883,857,883,871,890,848,947,927,991,983,1050,1103,1282
1722,9675,9597,1151,1,1,211,911,2253,2160,649,0,0,0,536,208,499,660,789,1013,1088,1117,1118,1138,1120,1118,1186,1182,1171,1178,1268,1246,1342,1411,1695
1723,6668,6856,743,2,0,125,625,1509,1578,428,0,0,0,382,120,336,510,578,713,723,779,799,796,769,790,805,834,861,835,845,881,885,978,1182
1724,18018,19310,2226,3,2,368,1673,4200,4255,1273,0,0,0,976,397,939,1323,1626,1983,2048,2130,2182,2190,2292,2171,2199,2318,2297,2257,2316,2447,2488,2714,3283
1725,9193,8807,1054,1,0,208,836,1980,1947,613,0,0,0,489,200,482,655,763,963,976,1095,1046,1079,1060,1083,1061,1110,1117,1104,1148,1093,1171,1301,1592
1726,8777,8742,956,0,0,185,800,1973,1981,551,0,0,0,465,176,428,639,740,881,983,1041,1021,1043,992,1046,1028,1092,1092,1048,1126,1096,1194,1294,1500
1727,7225,7330,813,1,1,154,688,1545,1661,481,0,0,0,390,156,355,572,628,726,789,820,833,820,884,884,891,903,897,921,917,938,978,1006,1294
1728,7094,7296,804,0,0,135,692,1632,1602,441,0,0,0,402,170,392,550,585,667,870,887,839,827,859,827,858,887,880,901,842,946,1010,974,1250
1729,8294,8167,983,1,1,176,725,1894,1892,582,0,0,0,413,180,439,579,666,823,916,863,966,945,966,1008,1049,1011,1002,1031,1063,1082,1131,1221,1406
1730,6965,6831,802,3,0,146,640,1587,1549,467,0,0,0,366,126,371,498,638,715,796,831,727,808,777,788,855,834,858,876,857,901,918,1011,1202
1731,12330,12450,1423,0,0,257,1153,2879,2770,821,0,0,0,670,227,676,918,1078,1259,1328,1446,1459,1479,1472,1444,1445,1442,1539,1555,1497,1568,1710,1842,2229
1732,8344,8370,978,0,1,169,756,1965,1866,569,0,0,0,444,172,394,586,695,828,950,995,987,995,967,997,998,1043,984,1014,1012,1091,1154,1228,1528
1733,7674,7855,893,0,1,155,750,1692,1748,527,0,0,0,450,160,400,533,721,830,864,885,884,936,911,902,944,946,968,909,1011,1013,1028,1111,1372
1734,7238,7047,791,0,2,165,618,1632,1622,489,0,0,0,374,141,350,518,644,760,800,827,797,835,850,822,853,814,914,879,878,960,916,1021,1282
1735,7728,7898,908,0,0,156,780,1766,1816,513,0,0,0,466,170,379,547,724,777,878,911,894,913,933,919,927,933,964,954,1008,1051,1041,1138,1409
1736,7089,7206,807,0,1,130,687,1597,1609,464,0,0,0,411,159,352,539,632,735,773,854,853,829,822,830,886,869,842,891,918,908,947,999,1282
1737,7093,6986,801,0,0,141,620,1543,1603,441,0,0,0,349,139,341,506,624,716,768,783,850,822,867,777,852,879,887,903,889,909,921,1020,1188
1738,8183,8138,995,0,2,198,799,1842,1890,548,0,0,0,464,153,439,587,731,802,908,950,946,966,959,959,989,982,1049,989,1052,1132,1080,1160,1482
1739,8775,8584,961,0,1,185,840,1891,1938,532,0,0,0,488,197,432,626,801,898,970,960,1002,1058,975,1049,1040,1067,1066,1079,1158,1143,1136,1254,1435
1740,6763,6806,779,0,0,133,642,1570,1500,462,0,0,0,358,150,364,467,558,704,769,782,828,799,822,842,794,794,804,847,860,851,919,954,1215
1741,12248,12364,1355,0,1,269,1181,2783,2744,807,0,0,0,683,221,585,868,1111,1215,1465,1408,1460,1382,1490,1565,1451,1455,1485,1485,1580,1601,1651,1710,2230
1742,7028,7218,823,2,1,152,690,1564,1599,456,0,0,0,417,139,317,485,618,684,777,850,875,849,855,832,854,911,947,836,884,926,1009,1004,1262
1743,7339,7301,846,1,0,168,732,1624,1674,476,0,0,0,440,164,406,571,656,766,764,894,876,863,858,849,866,850,895,931,863,921,1025,1090,1279
1744,7309,7209,868,0,2,172,692,1651,1670,507,0,0,0,387,160,389,544,598,740,782,779,821,864,868,882,850,921,905,949,881,934,1033,1041,1311
1745,6782,6790,743,0,0,131,686,1577,1483,417,0,0,0,395,155,366,518,605,647,788,765,777,825,804,769,830,827,838,844,826,858,892,947,1251
1746,12790,13588,1561,2,0,325,1240,2982,2998,897,0,0,0,756,286,627,961,1196,1342,1383,1456,1540,1618,1563,1539,1540,1617,1676,1637,1718,1690,1743,1964,2410
1747,7289,7365,770,2,0,153,649,1633,1628,410,0,0,0,398,144,374,511,650,745,783,873,855,846,873,887,922,894,906,926,911,964,933,1006,1225
1748,7339,7250,827,3,2,170,680,1642,1612,465,0,0,0,384,171,364,536,635,738,789,842,851,830,876,895,940,869,915,930,879,933,955,1040,1283
1749,6975,7083,804,1,1,157,664,1619,1600,471,0,0,0,382,156,338,535,600,692,723,765,835,854,840,816,834,853,843,916,914,892,930,1041,1308
1750,7244,7440,856,0,0,152,676,1587,1680,490,0,0,0,406,178,339,535,665,739,843,782,833,838,891,884,905,940,888,927,940,941,1029,995,1276
1751,13012,13056,1501,2,0,276,1212,2943,2963,888,0,0,0,689,202,579,870,1242,1413,1496,1420,1436,1523,1639,1525,1559,1555,1604,1650,1693,1782,1745,1804,2322
1752,8406,8238,969,0,1,199,803,1882,1849,574,0,0,0,489,177,432,571,709,832,953,967,932,993,1009,998,1020,962,1021,1071,1080,1059,1094,1230,1506
1753,11282,10865,1264,0,0,244,1039,2510,2463,729,0,0,0,609,244,558,809,1006,1124,1248,1279,1273,1246,1352,1323,1361,1328,1338,1369,1374,1402,1516,1520,2024
1754,7352,7290,835,0,0,126,689,1649,1664,488,0,0,0,412,163,384,522,687,727,772,904,883,818,872,836,887,868,890,896,943,928,985,1032,1295
1755,12719,12310,1420,0,4,293,1209,2837,2745,822,0,0,0,705,244,618,918,1149,1331,1349,1402,1422,1454,1540,1490,1525,1565,1525,1583,1605,1561,1671,1779,2224
1756,7631,7465,868,0,1,137,714,1692,1686,507,0,0,0,422,167,405,542,707,751,834,868,816,861,857,983,916,908,928,970,908,969,1073,1038,1315
1757,9291,9421,1057,0,2,204,934,2121,2154,609,0,0,0,547,185,422,697,801,986,1015,1090,1119,1076,1079,1093,1142,1164,1177,1135,1207,1221,1250,1343,1707
1758,7558,7753,874,0,0,163,691,1714,1853,496,0,0,0,418,187,360,527,690,750,823,874,895,878,857,895,903,1010,905,937,986,1047,1055,1102,1358
1759,7528,7446,804,0,0,138,732,1692,1696,494,0,0,0,431,141,343,581,710,812,782,898,889,863,859,828,856,885,906,944,938,985,996,1033,1399
1760,7809,7677,931,0,0,169,708,1799,1752,542,0,0,0,391,185,382,541,676,815,856,864,851,915,920,926,887,963,992,918,992,1042,1063,1136,1370
1761,15626,14482,1615,0,2,588,3526,3641,3571,930,0,0,0,1597,322,794,1201,1328,1462,1648,1685,1827,1828,1912,1883,1901,1962,1992,2076,2101,2132,2361,2449,2975
1762,6950,7256,851,3,0,133,680,1585,1585,472,0,0,0,408,129,360,511,672,723,790,788,847,816,811,833,898,845,885,904,912,914,918,1005,1312
1763,6953,7091,801,0,2,160,671,1607,1669,458,0,0,0,402,170,357,503,571,710,788,807,784,839,771,816,837,863,845,889,917,920,986,1006,1299
1764,7480,7649,843,2,1,168,717,1716,1701,514,0,0,0,433,144,398,545,674,722,855,862,923,873,872,899,932,909,923,880,994,982,1022,1136,1315
1765,9321,9768,1071,2,2,193,859,2189,2209,634,0,0,0,519,243,495,665,809,887,1055,1116,1036,1088,1112,1097,1204,1142,1165,1231,1184,1230,1286,1405,1766
1766,7573,7827,903,0,0,142,735,1737,1761,519,0,0,0,434,203,417,580,634,769,855,851,904,924,872,931,895,945,902,976,978,1029,1052,1119,1344
1767,8807,8926,1006,1,1,190,827,1988,1999,577,0,0,0,483,172,420,628,780,935,986,1025,1048,1063,1055,979,1043,1092,1103,1143,1116,1157,1218,1227,1568
1768,8000,7945,932,0,0,195,748,1810,1729,534,0,0,0,465,166,406,555,694,836,910,866,969,954,978,921,963,947,1017,987,973,1080,1035,1139,1424
1769,14080,14349,1632,3,0,282,1370,3222,3134,930,0,0,0,786,275,695,1054,1253,1458,1636,1565,1625,1713,1615,1619,1774,1751,1749,1817,1779,1851,1885,2066,2536
1770,7706,7562,849,0,0,152,709,1732,1724,513,0,0,0,406,164,403,614,722,708,840,905,897,870,915,885,836,879,945,947,980,1006,1013,1076,1373
1771,7084,7059,834,2,1,149,601,1529,1532,489,0,0,0,342,154,374,548,700,747,791,802,836,835,803,865,830,888,886,829,827,896,928,972,1219
1772,7611,7491,853,1,1,153,704,1740,1761,514,0,0,0,412,147,368,565,667,720,802,879,888,873,935,875,881,921,926,897,960,1032,1027,1075,1376
1773,7572,7698,849,1,0,179,678,1685,1723,460,0,0,0,405,165,400,544,690,766,830,901,858,864,910,919,941,934,934,981,968,980,983,1090,1319
1774,7878,8053,958,0,1,188,702,1749,1751,539,0,0,0,423,177,338,555,703,753,919,916,962,941,970,938,973,975,1007,1039,1022,1050,996,1130,1416
1775,7217,7362,798,1,1,179,682,1604,1672,476,0,0,0,396,159,368,520,651,752,835,804,868,857,861,874,858,878,901,890,917,939,1001,1038,1269
1776,9660,9962,1158,1,0,204,901,2150,2220,673,0,0,0,536,200,514,690,909,985,1080,1095,1159,1140,1191,1199,1175,1129,1277,1227,1238,1251,1297,1373,1757
1777,8880,8895,1042,0,0,153,832,1939,1941,606,0,0,0,496,226,465,673,798,852,952,1014,985,1116,1077,1092,1113,1060,1133,1079,1079,1139,1155,1234,1560
1778,7955,8539,1000,0,0,173,750,1839,1950,600,0,0,0,447,196,423,553,715,814,941,877,964,952,978,979,988,1065,999,979,1084,1112,1121,1233,1444
1779,10501,10215,1149,1,0,231,1012,2402,2275,668,0,0,0,586,186,543,755,909,1059,1152,1232,1226,1240,1285,1209,1211,1208,1316,1251,1302,1375,1378,1426,1846
1780,11066,10741,1167,1,0,208,1028,2495,2387,670,0,0,0,602,208,515,796,947,1098,1302,1291,1276,1210,1295,1300,1308,1348,1287,1363,1395,1387,1437,1589,1859
1781,7725,7713,880,0,0,145,773,1730,1749,510,0,0,0,476,166,380,511,640,776,847,901,887,898,974,889,903,944,983,994,945,1065,1079,1087,1367
1782,7342,7289,856,0,1,143,692,1670,1731,491,0,0,0,400,136,341,491,627,732,793,849,908,847,868,862,918,869,896,877,922,997,1030,1019,1341
1783,8298,8594,948,0,0,213,816,1840,1929,538,0,0,0,475,149,419,592,745,896,965,1004,1001,1076,972,964,1053,1037,1042,997,1052,1089,1158,1178,1480
1784,7386,7454,858,0,2,141,696,1655,1699,497,0,0,0,407,154,371,547,659,732,844,829,913,811,873,894,910,889,933,903,939,946,1021,1049,1320
1785,7695,7652,896,0,1,172,727,1721,1755,513,0,0,0,430,147,424,579,647,735,844,862,871,895,921,944,943,910,942,986,977,1012,1001,1133,1370
1786,8116,8320,948,1,0,178,773,1795,1890,563,0,0,0,451,188,419,573,697,821,920,957,898,1057,963,967,1000,987,977,1015,1061,1046,1132,1213,1445
1787,9694,9482,1103,0,0,203,878,2137,2229,630,0,0,0,520,228,515,681,798,979,1083,1035,1093,1107,1118,1181,1115,1120,1181,1229,1282,1282,1341,1313,1679
1788,7879,7716,872,0,0,148,720,1757,1750,505,0,0,0,423,184,413,546,739,792,852,937,916,909,853,891,887,955,922,1004,993,1020,1036,1118,1368
1789,7718,7552,917,1,0,150,727,1684,1680,552,0,0,0,413,165,418,568,662,778,844,833,869,959,918,892,925,918,975,972,982,963,962,1088,1374
1790,8290,7952,889,1,0,155,792,1830,1842,501,0,0,0,472,180,395,572,662,803,900,938,954,964,995,992,958,1009,974,1022,990,1068,1136,1125,1442
1791,9888,9319,1080,0,2,208,966,2213,2183,653,0,0,0,544,222,535,717,860,948,1032,1104,1100,1125,1139,1085,1096,1148,1181,1261,1198,1245,1312,1403,1752
1792,7129,7123,801,0,1,165,647,1606,1654,455,0,0,0,371,176,342,490,628,693,821,832,854,802,819,845,878,846,856,898,900,903,971,1027,1285
1793,8506,8249,966,1,1,167,804,1924,1896,559,0,0,0,480,177,410,600,728,946,901,957,1002,979,958,956,978,1031,1033,994,1068,1105,1138,1240,1493
1794,7846,7748,914,2,1,161,733,1822,1793,524,0,0,0,449,165,398,528,684,822,888,871,849,925,900,916,906,934,974,996,999,1014,1064,1129,1443
1795,7956,7985,919,1,0,164,717,1826,1832,513,0,0,0,425,152,386,552,663,775,961,929,931,960,946,935,943,959,997,941,990,1078,1076,1219,1349
1796,10003,9927,1192,1,0,213,919,2317,2270,666,0,0,0,538,203,509,722,923,982,1117,1114,1135,1162,1150,1150,1197,1196,1215,1261,1282,1336,1349,1454,1798
1797,7341,7503,818,0,1,151,704,1633,1622,497,0,0,0,409,156,381,493,642,752,850,818,846,879,922,883,903,935,911,954,900,956,945,1024,1368
1798,7844,7930,856,0,0,192,727,1767,1795,509,0,0,0,434,170,387,531,700,838,886,873,901,910,960,972,947,907,964,975,1009,993,1034,1180,1412
1799,8180,8152,933,0,1,169,785,1910,1904,564,0,0,0,460,169,372,562,755,856,880,915,940,960,927,983,994,994,975,985,1029,1089,1127,1183,1525
1800,12387,12605,1463,1,0,273,1187,2796,2850,831,0,0,0,713,247,576,854,1203,1357,1390,1403,1397,1421,1515,1543,1449,1568,1519,1573,1554,1630,1692,1754,2271
1801,8514,8328,942,0,1,209,811,1877,1965,545,0,0,0,475,181,432,596,735,836,915,1029,963,977,1011,978,992,1050,1044,1025,1098,1084,1108,1233,1518
1802,7449,7610,873,2,0,154,751,1798,1691,505,0,0,0,433,165,355,556,705,770,824,904,849,878,867,876,856,931,897,918,936,1006,1051,1118,1377
1803,7437,7387,841,0,0,167,686,1622,1600,500,0,0,0,409,180,364,529,708,736,806,864,896,909,873,880,875,908,932,923,914,876,1030,993,1322
1804,12724,13306,1447,1,0,276,1232,3006,2873,849,0,0,0,710,280,643,932,1117,1377,1472,1523,1567,1535,1488,1528,1509,1488,1620,1656,1652,1660,1851,1839,2249
1805,7259,7349,849,0,2,160,708,1655,1615,494,0,0,0,431,129,366,471,663,800,812,803,884,841,837,892,891,876,941,899,920,967,976,1040,1319
1806,12597,12136,1466,1,0,229,1155,2773,2711,838,0,0,0,675,214,563,870,1127,1279,1392,1449,1457,1481,1444,1477,1504,1530,1550,1558,1548,1544,1613,1824,2160
1807,7471,7515,844,0,0,144,661,1682,1691,489,0,0,0,370,172,386,553,637,751,779,877,870,884,897,875,934,888,932,943,918,968,1018,1050,1303
1808,7142,7342,816,0,1,160,723,1687,1651,496,0,0,0,429,128,365,495,646,699,777,862,839,857,831,882,888,868,900,877,910,979,970,1090,1321
1809,8750,8624,1011,1,2,192,847,2013,1914,582,0,0,0,497,203,419,628,763,884,985,977,1016,1003,1004,975,1042,1121,1096,1091,1096,1123,1165,1243,1593
1810,14008,14938,1699,1,0,298,1332,3311,3339,978,0,0,0,766,269,752,1020,1193,1451,1548,1632,1658,1743,1704,1768,1755,1723,1806,1847,1786,1876,1996,2121,2628
1811,6751,6777,789,2,1,151,624,1517,1574,483,0,0,0,359,162,370,520,571,677,762,773,751,754,814,763,841,802,860,793,901,912,894,959,1216
1812,7813,7972,856,0,1,172,769,1723,1765,471,0,0,0,463,153,423,563,695,771,878,980,944,911,958,975,911,950,938,962,1022,1014,1052,1114,1369
1813,9679,9497,1121,0,1,182,887,2166,2142,657,0,0,0,516,180,462,672,862,1005,1115,1067,1090,1117,1147,1133,1187,1174,1169,1204,1194,1230,1264,1379,1716
1814,9827,9684,1123,2,2,217,974,2140,2251,632,0,0,0,578,186,467,719,855,952,1041,1163,1105,1196,1122,1169,1198,1247,1234,1185,1231,1277,1311,1404,1767
1815,9981,9597,1122,2,0,198,947,2254,2212,663,0,0,0,556,182,492,754,897,996,1094,1116,1133,1132,1135,1130,1120,1214,1250,1168,1223,1273,1263,1434,1841
1816,14413,14461,1731,1,2,345,1422,3266,3252,1013,0,0,0,832,240,679,996,1322,1501,1590,1681,1670,1732,1711,1731,1824,1756,1754,1824,1829,1974,1930,2038,2593
1817,7641,7644,872,0,2,168,768,1693,1665,489,0,0,0,448,146,382,591,675,794,844,907,895,901,894,902,913,908,1010,972,949,980,1021,1083,1328
1818,7385,7157,865,1,2,141,725,1632,1650,486,0,0,0,429,158,340,516,679,769,761,830,829,876,849,905,876,864,849,911,946,1003,948,1066,1301
1819,14965,15295,1708,0,3,359,1471,3383,3389,987,0,0,0,893,250,660,1027,1420,1671,1684,1748,1777,1814,1734,1806,1804,1877,1877,1941,1886,1990,2008,2179,2648
1820,8270,8242,965,0,1,172,765,1927,1863,574,0,0,0,438,164,419,605,737,859,915,911,974,977,954,953,986,977,1008,1018,1076,1096,1071,1227,1488
1821,7552,7608,841,2,0,153,739,1695,1712,461,0,0,0,434,152,406,538,682,799,842,882,854,896,896,913,912,917,896,953,960,1011,979,1051,1356
1822,7293,7311,791,0,1,148,684,1626,1626,430,0,0,0,401,167,376,510,662,737,792,833,865,877,882,821,866,870,909,916,973,939,953,1102,1178
1823,13359,13953,1596,1,2,268,1271,2942,3155,921,0,0,0,749,228,671,992,1221,1419,1540,1505,1602,1596,1609,1681,1684,1687,1666,1715,1667,1765,1781,1952,2469
1824,7910,7805,884,0,1,171,773,1774,1665,528,0,0,0,467,164,384,547,698,814,916,871,895,883,929,970,942,968,963,1035,968,1011,1051,1124,1411
1825,7071,6952,883,1,1,162,642,1590,1606,492,0,0,0,376,147,342,502,608,703,756,786,812,848,863,861,869,842,853,837,919,927,951,1032,1254
1826,8816,8821,988,0,0,194,828,2048,1994,591,0,0,0,477,218,500,641,800,947,912,971,991,1032,1084,1020,995,1083,1021,1080,1134,1212,1203,1253,1550
1827,9927,9743,1119,3,2,229,874,2210,2295,654,0,0,0,510,237,519,716,865,963,1070,1089,1141,1111,1126,1162,1186,1197,1211,1235,1263,1286,1339,1490,1691
1828,10807,10298,1206,2,1,242,976,2446,2390,706,0,0,0,546,210,543,760,943,1011,1138,1218,1226,1277,1253,1286,1316,1251,1262,1274,1269,1423,1458,1557,1857
1829,8397,8329,941,2,1,165,813,1951,1928,543,0,0,0,501,165,449,540,756,848,946,943,921,941,991,993,986,1005,1099,996,1052,1106,1150,1235,1526
1830,8559,8691,1006,2,1,159,841,1952,1944,567,0,0,0,475,177,433,657,779,874,1018,965,995,1012,1011,967,1025,1033,1075,1050,1163,1156,1137,1203,1529
1831,7414,7852,856,2,3,150,704,1667,1789,484,0,0,0,421,164,366,545,639,760,857,915,865,914,922,879,896,953,914,919,1025,976,1009,1113,1350
1832,7883,8440,877,1,1,144,770,1794,1864,495,0,0,0,461,174,443,609,671,813,912,938,961,960,920,974,1027,961,981,1013,1034,1061,1117,1169,1378
1833,7838,8134,878,1,1,186,763,1855,1811,505,0,0,0,466,197,409,557,670,775,872,918,953,991,974,914,958,907,1002,1002,936,1065,1050,1215,1436
1834,9474,9478,1067,0,3,198,852,2142,2145,596,0,0,0,511,194,487,671,818,995,1039,1068,1086,1060,1108,1138,1140,1168,1177,1206,1205,1233,1261,1393,1625
1835,10852,10659,1273,1,3,234,1046,2477,2424,719,0,0,0,617,201,498,718,936,1123,1206,1278,1213,1250,1291,1285,1267,1319,1361,1345,1399,1370,1505,1566,1937
1836,9787,9862,1135,0,1,213,962,2149,2245,657,0,0,0,603,171,473,673,898,1010,1077,1137,1205,1112,1203,1164,1132,1236,1181,1261,1221,1268,1321,1438,1779
1837,8641,8780,980,0,1,172,833,1973,1919,550,0,0,0,493,172,422,660,801,933,961,1002,1040,1044,984,1026,1047,1026,1055,1060,1103,1096,1180,1284,1511
1838,8431,8337,990,0,1,178,800,1953,1880,606,0,0,0,490,154,422,580,683,855,895,907,1007,1011,1048,1017,1021,1064,1027,946,1094,1086,1151,1244,1525
1839,9358,9301,1079,0,1,187,884,2138,2140,646,0,0,0,488,169,460,671,818,984,978,1027,1111,1098,1120,1071,1102,1105,1216,1184,1179,1262,1240,1363,1652
1840,6894,6980,818,0,2,153,665,1508,1594,480,0,0,0,388,137,370,487,571,705,810,808,771,873,810,801,899,836,856,868,878,919,906,996,1211
1841,8179,7911,959,0,1,152,757,1856,1793,518,0,0,0,436,179,438,623,679,815,910,883,970,966,970,925,957,995,990,920,1002,1039,1125,1158,1415
1842,9559,9958,1102,1,0,207,890,2204,2204,657,0,0,0,522,203,476,718,867,1045,1081,1146,1133,1124,1114,1147,1162,1186,1203,1195,1243,1288,1283,1392,1711
1843,7994,7869,886,2,0,178,790,1743,1794,522,0,0,0,463,164,394,573,735,859,916,859,949,932,884,969,885,967,972,1024,1002,1006,1128,1114,1387
1844,7294,7057,812,2,0,143,718,1604,1584,488,0,0,0,418,143,345,533,644,749,785,867,795,801,871,863,855,853,894,923,906,914,989,970,1326
1845,7807,7945,872,0,0,160,750,1761,1729,494,0,0,0,441,164,404,527,671,806,858,898,925,933,1017,980,964,991,971,948,956,1027,1026,1115,1353
1846,7496,7287,802,0,2,175,710,1733,1670,465,0,0,0,409,157,329,500,668,771,815,848,825,866,860,864,940,897,912,912,938,971,983,1079,1337
1847,6758,6767,788,0,3,140,646,1520,1575,449,0,0,0,372,140,346,497,613,693,680,766,744,781,864,776,859,822,832,852,824,909,933,989,1182
1848,8201,8385,992,0,0,178,777,1831,1840,577,0,0,0,449,158,411,562,721,851,938,888,985,1034,974,989,1010,1028,1026,1064,1060,1104,1076,1145,1509
1849,7385,7147,832,1,1,145,717,1648,1631,483,0,0,0,432,136,376,501,663,742,759,876,908,835,838,832,858,892,912,864,953,1001,982,1049,1251
1850,7957,8103,878,1,0,142,813,1759,1838,506,0,0,0,481,196,445,563,680,817,880,970,866,935,948,960,991,923,966,1044,1010,1057,1059,1082,1502
1851,8317,8413,932,1,2,176,770,1837,1856,571,0,0,0,441,198,478,602,737,857,944,935,913,1022,1006,1014,943,985,1059,1078,1040,1070,1125,1147,1458
1852,8127,8240,899,1,0,170,795,1871,1823,513,0,0,0,461,178,427,578,667,819,890,999,967,927,937,983,977,1041,1030,1016,1001,1112,1134,1144,1405
1853,7826,7875,901,2,1,185,754,1727,1834,542,0,0,0,449,157,397,543,681,821,848,884,942,908,893,951,979,935,990,973,1004,1007,1101,1143,1387
1854,8862,9056,989,0,2,198,893,2020,2078,570,0,0,0,512,158,467,617,757,883,961,1048,995,1035,1075,1118,1053,1122,1125,1125,1166,1187,1276,1245,1587
1855,7406,7581,880,2,0,165,746,1689,1709,510,0,0,0,427,155,385,575,679,744,816,830,824,881,892,961,914,935,903,950,853,1035,1042,1099,1307
1856,7447,7562,943,1,1,157,736,1738,1712,558,0,0,0,448,165,349,539,655,743,823,871,909,886,883,884,914,931,879,917,973,1036,1049,1096,1345
1857,8955,8940,1032,0,2,190,842,2043,1997,608,0,0,0,503,184,468,682,772,878,989,1070,1063,1049,1055,1099,1030,1089,1047,1100,1119,1172,1215,1303,1577
1858,7898,7649,893,0,0,169,752,1781,1808,512,0,0,0,438,142,392,538,649,849,831,860,909,910,932,944,938,989,963,909,1013,1033,1060,1064,1436
1859,6912,6835,811,0,1,151,596,1526,1520,476,0,0,0,345,144,357,486,604,729,751,829,773,765,830,819,854,832,863,867,849,867,920,963,1204
1860,10419,10248,1132,1,1,209,923,2382,2289,651,0,0,0,523,218,505,709,975,1029,1166,1219,1163,1186,1234,1300,1218,1287,1277,1187,1281,1317,1375,1428,1859
1861,8532,8629,951,0,0,163,809,1987,2000,522,0,0,0,463,168,401,628,765,825,937,972,937,1002,1062,1008,1007,1046,1085,1049,1079,1142,1202,1237,1532
1862,7936,7644,895,0,1,175,759,1842,1726,538,0,0,0,412,148,388,576,693,782,885,945,857,908,931,852,921,1007,922,932,1041,1050,1072,1127,1373
1863,13371,13617,1556,2,0,279,1221,2946,3077,896,0,0,0,703,275,671,968,1270,1402,1443,1642,1612,1527,1521,1584,1645,1589,1658,1737,1715,1712,1760,1875,2440
1864,7552,7584,896,0,0,161,672,1674,1747,503,0,0,0,388,139,377,546,694,792,834,868,887,877,877,904,879,991,908,953,941,1002,968,1062,1366
1865,8805,9130,1014,0,0,205,851,2073,2133,585,0,0,0,510,205,400,654,783,965,1052,1009,977,1016,1018,1065,1083,1056,1048,1106,1186,1168,1248,1333,1633
1866,8488,8803,969,1,0,184,786,1917,1892,572,0,0,0,462,171,477,610,738,906,962,1033,991,1036,1063,979,1022,1063,1048,1106,1059,1061,1146,1287,1473
1867,8929,8689,907,1,1,195,824,1988,1935,550,0,0,0,465,204,448,635,783,864,975,1013,975,983,1054,1093,1061,1072,1068,1120,1114,1098,1137,1300,1549
1868,7158,7181,865,0,1,130,677,1598,1545,492,0,0,0,388,143,342,515,629,721,797,822,840,832,788,913,888,854,943,944,925,858,957,1035,1266
1869,13544,12427,1470,2,1,295,1159,2953,2831,867,0,0,0,657,320,718,898,1124,1305,1397,1507,1480,1572,1526,1531,1577,1576,1593,1651,1609,1648,1685,1892,2289
1870,8393,8242,942,0,0,193,784,1846,1835,542,0,0,0,462,160,417,580,757,869,931,982,939,1000,1001,1025,970,992,1026,1036,1012,1058,1098,1245,1456
1871,8060,8195,896,1,0,142,758,1849,1871,543,0,0,0,441,146,410,613,690,834,901,917,900,942,980,963,933,995,994,1017,1043,1085,1072,1155,1462
1872,12770,13426,1603,1,0,263,1275,3024,2993,934,0,0,0,761,242,636,891,1117,1343,1444,1544,1559,1508,1561,1518,1601,1618,1584,1684,1634,1734,1841,1908,2371
1873,18080,18487,2049,1,1,366,1720,4097,4222,1185,0,0,0,1020,266,840,1304,1695,1932,2053,2021,2185,2171,2183,2079,2194,2217,2209,2373,2225,2405,2459,2627,3266
1874,8234,8201,937,1,0,154,795,1864,1923,535,0,0,0,437,184,435,585,668,776,880,974,944,974,970,968,986,1029,995,1013,1067,1046,1112,1199,1517
1875,8413,8384,919,0,0,191,750,1878,1876,517,0,0,0,425,171,391,584,777,856,945,1001,968,980,1021,980,997,1067,984,1048,1064,1019,1138,1210,1456
1876,7787,7884,904,0,0,149,753,1750,1796,509,0,0,0,462,154,425,547,678,804,821,924,884,925,895,976,972,876,1007,995,983,965,1094,1148,1404
1877,9204,9278,1026,1,2,197,934,2079,2153,582,0,0,0,532,161,445,655,770,955,1042,1051,1109,1091,1095,1129,1108,1133,1136,1148,1148,1212,1250,1381,1623
1878,7041,7033,767,0,1,153,653,1592,1607,435,0,0,0,375,142,371,505,612,708,781,805,805,858,834,853,821,831,880,871,840,963,929,991,1248
1879,9859,9998,1133,2,2,203,946,2252,2284,692,0,0,0,555,225,549,728,847,949,1078,1152,1190,1105,1164,1206,1194,1197,1170,1225,1270,1257,1411,1428,1798
1880,8300,8819,963,0,0,162,811,1876,1926,518,0,0,0,470,182,431,623,758,891,977,971,947,1019,1027,998,995,1005,1105,1124,1104,1109,1120,1200,1469
1881,7839,7771,890,1,1,167,778,1796,1830,515,0,0,0,455,166,390,549,684,743,845,938,855,936,933,928,940,937,952,972,1011,1029,1070,1151,1418
1882,7414,7388,879,1,1,146,732,1639,1669,507,0,0,0,431,156,339,568,726,719,813,852,842,908,887,878,826,931,903,932,963,964,1005,1047,1302
1883,7552,7384,901,1,1,169,701,1713,1651,563,0,0,0,409,137,383,524,656,784,843,848,841,851,855,896,883,925,931,927,990,976,1037,1091,1331
1884,7261,7284,852,0,0,162,717,1677,1620,484,0,0,0,438,165,347,527,621,699,756,858,869,872,816,860,870,907,931,927,957,926,974,1097,1297
1885,13195,13407,1461,2,0,269,1227,3013,3044,835,0,0,0,752,250,686,889,1164,1296,1581,1528,1538,1581,1575,1577,1572,1583,1596,1642,1732,1718,1794,1869,2390
1886,7664,7615,833,1,1,146,718,1709,1743,478,0,0,0,400,148,377,499,666,795,871,854,885,872,882,962,957,902,955,948,957,986,1035,1081,1346
1887,7664,7719,867,0,1,160,740,1747,1774,496,0,0,0,442,144,393,567,646,819,809,872,893,933,865,920,904,980,908,972,985,1055,1070,1079,1337
1888,8632,8669,962,1,2,167,883,1931,1900,535,0,0,0,521,206,441,643,753,829,948,1070,1040,984,970,1028,1050,1058,1122,1079,1127,1101,1111,1263,1493
1889,10000,10080,1126,0,1,197,946,2200,2318,638,0,0,0,544,180,452,791,863,1021,1180,1222,1120,1169,1162,1213,1184,1148,1222,1338,1270,1308,1341,1395,1771
1890,7559,7744,954,0,0,168,709,1733,1732,543,0,0,0,428,141,369,551,681,797,819,848,908,886,936,972,932,934,912,932,957,1001,1026,1100,1432
1891,8082,8049,979,0,0,197,804,1787,1835,562,0,0,0,473,180,439,585,690,851,897,909,943,916,916,993,980,1022,987,991,1051,1026,1115,1187,1433
1892,9061,9266,1057,1,1,189,846,2016,2059,610,0,0,0,501,209,459,676,828,879,1041,1096,1087,1062,1057,1088,1064,1086,1091,1173,1229,1166,1254,1277,1599
1893,8722,8274,943,0,1,167,804,1907,1932,540,0,0,0,468,202,447,589,690,831,903,980,1020,1053,1006,1009,1013,1002,1068,1063,1069,1122,1096,1244,1504
1894,9422,9298,1102,0,0,187,887,2074,2158,625,0,0,0,545,231,480,707,863,926,1062,1070,993,1070,1106,1126,1098,1117,1154,1152,1260,1221,1197,1326,1737
1895,7682,7601,872,0,0,164,718,1785,1730,502,0,0,0,440,154,380,537,677,809,801,902,888,899,882,882,928,907,954,941,963,965,1024,1139,1405
1896,10056,10551,1188,1,1,205,1008,2244,2382,692,0,0,0,595,224,488,723,936,1036,1132,1205,1199,1179,1204,1281,1222,1258,1252,1297,1355,1366,1380,1485,1788
1897,7305,7588,862,0,1,160,718,1632,1741,516,0,0,0,406,149,372,529,654,776,813,861,860,880,848,890,916,896,919,896,983,932,977,1083,1400
1898,8497,8623,969,0,0,173,795,1894,1855,591,0,0,0,459,149,433,625,769,863,973,1043,1039,1030,950,1011,1035,1018,1062,1122,1035,1079,1156,1164,1501
1899,10084,9790,1138,1,2,215,877,2306,2247,658,0,0,0,485,216,472,675,824,1001,1110,1187,1170,1131,1154,1164,1228,1243,1246,1199,1216,1351,1305,1459,1756
1900,7151,7398,850,1,1,164,662,1554,1717,481,0,0,0,388,129,363,503,664,743,872,802,785,905,822,810,897,871,936,953,957,919,960,1034,1302
1901,6823,6847,797,1,0,149,651,1567,1564,467,0,0,0,384,130,332,466,641,722,768,807,813,769,781,831,847,812,805,825,896,840,932,976,1275
1902,8081,8049,914,1,0,149,778,1778,1740,528,0,0,0,448,180,417,556,692,812,894,966,1002,933,955,959,982,962,1015,1030,1041,1040,1046,1082,1408
1903,7867,8070,928,1,2,180,726,1728,1799,540,0,0,0,451,173,378,582,664,805,883,962,937,1040,935,923,964,1013,977,978,961,982,1059,1149,1409
1904,7008,6966,838,0,0,137,665,1586,1585,499,0,0,0,388,117,361,511,644,678,794,785,857,785,786,842,829,840,828,832,963,864,989,1024,1285
1905,11436,11381,1290,0,1,238,1096,2676,2570,746,0,0,0,643,225,571,833,1001,1098,1203,1262,1336,1379,1358,1399,1366,1357,1444,1397,1426,1487,1586,1625,2089
1906,7986,7932,919,0,1,177,779,1769,1789,543,0,0,0,449,157,399,572,700,856,912,932,891,921,875,991,965,996,935,1033,1000,1030,1090,1129,1410
1907,8184,8340,995,0,0,182,795,1819,1840,567,0,0,0,462,169,447,600,699,829,907,969,985,1000,961,996,986,1007,1012,1051,1046,1072,1107,1191,1462
1908,7928,8387,898,0,1,175,772,1826,1886,514,0,0,0,428,173,439,558,728,808,865,909,982,972,1010,1028,974,953,1016,986,992,1042,1082,1201,1443
1909,7599,7872,911,0,1,144,781,1694,1694,509,0,0,0,462,162,426,529,627,787,864,897,900,941,929,902,946,982,948,991,1010,982,1005,1081,1399
1910,8248,8359,936,0,0,161,737,1905,1956,524,0,0,0,420,191,435,580,688,833,888,941,956,926,974,987,1007,996,1003,1074,1049,1034,1132,1254,1493
1911,7356,7127,834,0,0,139,688,1658,1634,499,0,0,0,426,143,346,489,628,670,822,840,857,875,865,844,876,922,871,899,891,926,976,1050,1354
1912,8809,8933,950,1,0,175,903,1995,1980,528,0,0,0,508,156,442,603,796,923,984,1080,1013,1094,1035,1075,1061,1030,1129,1084,1158,1139,1172,1286,1511
1913,8759,8909,1046,0,0,200,826,1993,1979,594,0,0,0,506,163,390,651,795,906,995,1016,998,1114,1008,1013,1014,1061,1124,1137,1137,1247,1145,1263,1563
1914,12568,12344,1445,2,2,262,1148,2877,2802,872,0,0,0,643,249,626,867,1113,1267,1394,1446,1370,1392,1508,1502,1476,1564,1564,1526,1544,1700,1689,1772,2202
1915,7314,7276,811,1,0,148,651,1629,1681,462,0,0,0,396,157,373,493,680,707,815,836,877,830,899,863,887,881,851,924,881,968,998,1008,1273
1916,8109,7899,924,0,0,188,782,1862,1759,544,0,0,0,477,174,402,539,699,794,898,937,927,948,961,937,1020,953,987,950,1018,1043,1102,1175,1438
1917,8799,8754,1038,1,3,181,798,2019,1999,585,0,0,0,470,173,472,646,773,878,990,1024,1057,979,983,981,1046,1079,1113,1068,1100,1130,1202,1239,1641
1918,10691,10857,1231,0,3,218,980,2424,2472,722,0,0,0,590,274,560,799,906,1053,1166,1210,1284,1250,1217,1256,1280,1328,1340,1325,1359,1415,1441,1565,1952
1919,6977,7101,788,0,1,181,656,1605,1618,455,0,0,0,379,149,346,518,651,738,760,835,781,801,765,864,870,854,836,855,914,934,935,1046,1252
1920,8169,7909,931,0,3,167,789,1804,1825,556,0,0,0,468,134,371,539,685,790,926,910,956,942,979,977,971,1028,1013,975,1018,1028,1096,1161,1469
1921,8319,8263,1013,0,0,168,791,1887,1897,590,0,0,0,447,164,387,584,774,819,931,934,953,963,1012,976,991,1066,988,992,1084,1054,1132,1234,1516
1922,11796,11484,1387,0,0,272,1125,2667,2684,811,0,0,0,636,211,588,832,1008,1116,1263,1369,1395,1402,1381,1322,1381,1392,1447,1489,1480,1556,1556,1822,2054
1923,9117,9262,1075,0,0,195,824,2126,2114,621,0,0,0,474,175,446,674,842,966,1092,1045,1091,1052,1115,1101,1056,1084,1134,1096,1082,1137,1215,1356,1714
1924,17443,17800,2032,3,0,370,1716,3964,3975,1193,0,0,0,995,359,889,1173,1608,1748,1960,1950,2042,2087,2165,2066,2210,2229,2162,2187,2164,2338,2353,2516,3158
1925,9215,9079,1011,1,0,186,905,2016,1995,585,0,0,0,541,177,457,675,790,996,1070,1096,1040,1040,1086,1062,1075,1137,1162,1154,1143,1181,1163,1301,1592
1926,7873,7803,920,1,0,154,708,1836,1846,522,0,0,0,420,142,420,582,678,849,901,887,872,888,925,905,867,928,955,937,1036,1095,1072,1129,1391
1927,14253,13762,1568,1,2,278,1305,3185,3129,896,0,0,0,791,218,654,1012,1253,1534,1632,1565,1663,1648,1650,1625,1632,1711,1626,1730,1813,1856,1913,1940,2494
1928,7540,7800,891,1,0,174,710,1671,1790,488,0,0,0,423,156,391,544,665,733,862,945,824,909,864,908,959,905,962,1010,1008,975,971,1143,1382
1929,16762,16578,1853,1,0,367,1676,3782,3740,1072,0,0,0,971,353,846,1195,1495,1691,1823,1922,1956,1859,1984,2045,1953,2073,2071,2107,2075,2180,2271,2384,2954
1930,15077,15873,1813,3,3,319,1459,3540,3569,1083,0,0,0,835,287,793,1164,1324,1617,1656,1692,1797,1804,1874,1807,1776,1941,1852,1950,1964,2037,2211,2259,2742
1931,7414,7455,846,0,2,157,722,1728,1691,511,0,0,0,441,155,406,531,620,721,841,846,861,817,853,902,891,893,901,968,897,994,1064,1098,1337
1932,8760,8787,998,2,1,183,772,1973,2019,551,0,0,0,464,184,452,622,757,901,912,953,1043,1103,1053,1022,985,1120,1046,1076,1158,1096,1160,1311,1549
1933,9111,9211,1058,2,0,224,876,2035,2116,610,0,0,0,513,207,477,636,834,909,1049,1011,1044,1041,1078,1067,1128,1103,1161,1158,1180,1185,1202,1334,1678
1934,8530,8654,1017,0,2,182,774,1950,1945,581,0,0,0,475,185,420,600,697,870,1005,976,976,1013,1025,1026,999,1110,1079,1034,1093,1124,1149,1249,1529
1935,7669,7727,861,1,1,173,740,1666,1771,495,0,0,0,442,176,415,541,683,807,873,913,850,895,922,894,951,915,933,945,983,927,1059,1063,1427
1936,8451,8183,969,2,0,175,842,1829,1890,539,0,0,0,497,203,456,554,717,823,967,960,989,954,994,990,1020,954,1016,1049,1101,1114,1097,1214,1450
1937,8091,8080,876,0,1,176,728,1834,1838,509,0,0,0,416,171,402,587,738,821,940,922,971,913,926,900,994,962,993,1046,1004,1038,1044,1137,1443
1938,8828,8863,1002,0,0,181,829,1982,1974,569,0,0,0,477,164,458,608,799,950,1000,1046,1056,972,1053,1038,1086,1107,1060,1075,1154,1129,1121,1297,1530
1939,7303,7395,853,0,1,141,666,1643,1649,486,0,0,0,377,155,357,526,611,746,854,838,880,828,874,859,879,889,916,949,976,954,981,1042,1245
1940,7967,8252,934,0,0,166,762,1841,1866,557,0,0,0,466,158,420,597,675,804,911,930,922,950,960,967,990,941,998,979,1084,1055,1104,1167,1469
1941,8440,8665,947,0,0,179,838,1925,1879,564,0,0,0,524,172,401,624,764,955,926,981,991,1018,1033,1001,1021,1031,1024,1067,1086,1117,1126,1228,1503
1942,10291,10175,1207,0,1,187,959,2326,2332,725,0,0,0,573,193,445,747,877,1060,1094,1171,1210,1196,1179,1238,1244,1271,1246,1299,1250,1300,1400,1482,1918
1943,8312,8222,959,1,1,174,796,1839,1915,533,0,0,0,459,190,427,630,691,807,884,948,940,944,977,1028,972,1004,1070,1031,1066,1084,1085,1223,1464
1944,9013,9414,1072,1,0,205,865,2050,2222,617,0,0,0,519,237,494,680,794,872,984,1086,1076,1033,1108,1091,1072,1111,1161,1081,1155,1213,1334,1346,1642
1945,8505,8513,941,3,0,169,798,1871,1994,540,0,0,0,478,162,407,598,754,844,960,982,1006,974,1003,997,1019,1007,1069,1033,1106,1141,1173,1217,1477
1946,9571,9504,1132,1,1,214,914,2146,2127,654,0,0,0,538,193,445,712,850,977,1074,1084,1105,1150,1140,1138,1149,1221,1091,1169,1204,1235,1306,1352,1742
1947,10668,10869,1226,2,1,220,1014,2482,2505,721,0,0,0,593,213,498,836,937,1080,1204,1209,1234,1249,1268,1266,1265,1221,1346,1366,1353,1444,1518,1565,1928
1948,9124,8801,1078,0,1,203,850,2063,2069,638,0,0,0,490,161,450,594,751,920,979,1026,1031,1076,1097,1026,1096,1127,1123,1129,1113,1187,1237,1294,1640
1949,8154,7840,892,0,0,180,778,1813,1780,535,0,0,0,440,199,411,595,682,805,817,924,954,981,940,969,941,968,1011,975,1037,1000,1058,1138,1439
1950,8766,8370,1015,1,0,188,814,1980,1902,554,0,0,0,489,217,414,612,800,855,905,978,996,1025,1032,967,1014,1058,1020,1097,1108,1115,1178,1203,1560
1951,13563,14008,1559,1,2,274,1373,3108,3108,882,0,0,0,793,294,748,983,1196,1364,1541,1648,1577,1575,1698,1670,1644,1630,1694,1691,1724,1881,1807,1994,2421
1952,7674,7687,881,0,0,173,714,1690,1789,522,0,0,0,435,140,359,536,631,798,830,900,915,918,851,894,941,964,977,949,988,968,1067,1105,1398
1953,9236,9577,1079,0,1,201,869,2220,2124,600,0,0,0,504,204,504,650,799,928,1014,1104,1023,1137,1096,1116,1142,1161,1181,1151,1171,1231,1265,1358,1728
1954,8272,8373,1010,0,0,168,816,1841,1887,593,0,0,0,473,174,455,580,740,838,885,989,970,957,1011,962,979,1015,1082,1034,1086,1122,1112,1153,1495
1955,6827,6901,772,1,0,119,617,1528,1546,452,0,0,0,361,136,350,462,589,744,770,748,803,824,795,826,815,855,839,827,879,851,924,967,1233
1956,7475,7616,851,0,0,161,782,1626,1692,503,0,0,0,443,145,384,578,622,809,856,858,898,938,859,903,913,903,929,951,936,900,1034,1067,1402
1957,8024,8262,911,1,3,178,816,1852,1810,530,0,0,0,499,161,390,567,668,858,951,928,979,995,966,990,939,979,992,1007,1007,1078,1136,1194,1410
1958,8775,8761,970,1,0,177,851,2004,1973,576,0,0,0,515,173,482,624,767,896,927,973,1026,1006,968,1057,1129,1042,1078,1094,1141,1151,1191,1241,1569
1959,9502,9612,1050,1,3,180,910,2168,2173,618,0,0,0,529,177,468,653,879,969,1077,1106,1085,1114,1136,1073,1178,1191,1179,1154,1192,1206,1311,1385,1725
1960,9447,9126,1116,2,3,203,833,2117,2123,648,0,0,0,466,220,473,655,806,896,1025,1020,1068,1105,1125,1123,1137,1141,1158,1118,1213,1224,1245,1306,1672
1961,8870,8821,1025,0,1,169,838,1958,1950,570,0,0,0,512,158,434,692,767,908,978,1017,1041,1061,1044,1044,1131,1110,1070,1051,1126,1107,1206,1221,1558
1962,7262,7453,887,0,0,132,757,1659,1694,532,0,0,0,421,167,359,537,639,795,829,868,874,849,853,852,868,951,870,900,912,960,970,1087,1351
1963,9093,9385,1084,1,0,189,862,2042,2026,621,0,0,0,493,210,528,676,808,901,1027,1059,1144,1053,1071,1090,1151,1134,1098,1167,1158,1177,1265,1305,1592
1964,7838,7612,903,1,3,172,763,1803,1727,522,0,0,0,444,157,345,548,686,804,860,922,881,937,880,922,928,914,952,974,955,1084,1065,1124,1354
1965,9423,9910,1092,1,1,235,921,2150,2182,641,0,0,0,543,191,479,699,853,1042,1090,1086,1121,1160,1107,1218,1215,1136,1164,1140,1240,1208,1301,1424,1709
1966,7435,7390,857,0,0,150,696,1679,1660,520,0,0,0,395,180,366,535,649,714,802,819,837,839,935,859,941,934,923,933,905,959,985,1094,1319
1967,7557,7796,883,0,0,160,696,1674,1724,469,0,0,0,412,143,380,521,708,785,835,896,930,926,871,928,895,947,979,973,990,922,1010,1075,1378
1968,7597,7565,909,0,1,158,726,1684,1725,532,0,0,0,448,150,409,550,684,753,859,855,905,910,857,976,879,913,856,928,991,983,1036,1045,1417
1969,8519,8495,949,2,2,171,850,1968,1954,542,0,0,0,497,186,426,586,748,892,952,936,957,997,987,997,997,1042,1029,1086,1107,1110,1193,1229,1531
1970,12533,12225,1470,1,2,272,1202,2768,2762,838,0,0,0,702,220,562,891,1134,1298,1409,1441,1409,1471,1481,1498,1503,1554,1502,1502,1565,1641,1662,1774,2188
1971,8276,8182,942,1,0,172,800,1855,1907,534,0,0,0,469,188,423,549,758,840,866,932,939,994,964,961,969,973,1029,1040,1107,1126,1096,1173,1446
1972,8798,8906,1067,2,0,171,882,1961,2039,595,0,0,0,537,190,485,599,765,931,996,1038,956,1042,1053,1096,1038,1073,1080,1136,1122,1160,1196,1246,1624
1973,8136,8017,957,0,2,160,750,1784,1808,558,0,0,0,437,144,369,541,757,826,869,938,932,956,942,972,989,965,1075,1005,1065,1065,974,1196,1442
1974,7459,7361,797,1,1,158,717,1662,1756,448,0,0,0,400,160,386,511,636,702,827,861,856,831,852,910,898,922,906,935,952,959,993,1003,1394
1975,6991,6990,772,1,1,144,638,1543,1611,450,0,0,0,365,148,362,527,634,743,728,802,797,829,841,775,844,831,852,894,870,896,905,1021,1238
1976,8353,8227,924,1,4,166,743,1933,1848,563,0,0,0,427,175,413,575,753,891,908,934,920,934,976,964,1029,994,1025,1010,1033,1059,1151,1181,1493
1977,7613,7716,875,3,0,159,728,1674,1772,500,0,0,0,431,166,407,526,625,765,877,898,881,956,863,918,906,941,946,975,930,965,1020,1154,1375
1978,7808,7843,877,0,1,161,734,1831,1722,499,0,0,0,451,176,416,561,691,793,894,882,933,957,916,828,897,961,959,941,1039,1027,1044,1095,1414
1979,10027,9710,1109,0,1,191,870,2197,2216,638,0,0,0,531,253,522,719,856,900,1019,1156,1170,1132,1159,1168,1263,1197,1215,1242,1255,1258,1349,1380,1695
1980,7258,7233,835,1,0,155,660,1581,1673,503,0,0,0,386,154,382,507,665,701,812,849,844,843,857,864,874,896,886,866,914,949,963,1011,1305
1981,9764,9761,1145,0,0,212,891,2235,2220,663,0,0,0,521,182,427,768,877,970,1045,1133,1134,1214,1182,1082,1186,1219,1144,1213,1191,1237,1324,1475,1770
1982,8906,8975,1069,1,1,182,832,2018,1982,648,0,0,0,502,206,457,642,790,880,991,1085,1063,1035,1080,1088,1032,1097,1058,1092,1138,1161,1229,1262,1580
1983,8245,8054,969,1,0,184,788,1841,1859,565,0,0,0,472,181,408,634,736,785,928,874,966,942,990,985,920,1000,952,1045,1018,1079,1156,1161,1481
1984,7481,7419,883,2,0,170,704,1728,1611,513,0,0,0,399,166,411,515,645,751,822,845,861,851,883,883,867,951,941,956,947,940,1001,1103,1320
1985,7393,7550,828,1,2,161,710,1693,1698,465,0,0,0,434,168,367,499,649,749,838,876,872,851,859,838,928,947,896,928,972,984,1042,1079,1303
1986,7806,7601,881,0,1,168,710,1691,1676,539,0,0,0,416,176,420,536,688,816,850,965,898,922,922,908,908,878,925,918,1009,984,1017,1117,1310
1987,7395,7414,896,1,1,160,736,1620,1711,508,0,0,0,421,155,396,559,619,750,791,853,875,912,865,919,886,865,905,907,944,985,1008,1140,1269
1988,9080,9253,1062,2,1,209,864,2059,2073,607,0,0,0,526,257,495,674,737,888,1040,1083,1074,1039,1107,1063,1065,1114,1079,1169,1181,1174,1258,1316,1658
1989,7648,7952,917,1,0,151,760,1684,1810,518,0,0,0,433,168,421,544,665,828,834,866,916,992,932,923,986,928,935,988,940,989,1002,1173,1399
1990,10581,10693,1171,1,1,230,958,2418,2375,676,0,0,0,584,175,458,798,944,1118,1242,1235,1243,1318,1240,1274,1254,1232,1225,1282,1374,1404,1427,1513,1879
1991,7380,7466,826,0,0,151,736,1682,1748,469,0,0,0,442,145,336,495,657,767,824,807,854,863,829,918,900,924,960,905,887,980,1019,1113,1376
1992,7172,7071,813,0,1,147,706,1628,1616,468,0,0,0,414,171,378,488,626,714,777,881,842,807,830,806,833,853,876,902,899,958,961,1075,1233
1993,7693,7622,887,0,0,180,729,1785,1675,533,0,0,0,426,160,384,516,691,799,853,866,877,911,933,915,893,920,980,891,963,1013,1065,1118,1363
1994,6878,6836,770,1,1,130,667,1545,1506,439,0,0,0,399,128,332,536,568,707,741,770,863,783,792,819,849,807,861,879,891,886,904,993,1174
1995,8712,8690,999,0,0,191,812,1965,1951,594,0,0,0,483,172,436,572,780,890,992,1000,987,996,1148,1005,1000,1065,1070,1100,1069,1136,1184,1269,1533
1996,7574,7610,882,0,0,115,704,1733,1679,502,0,0,0,396,162,359,558,684,801,888,884,828,914,909,896,882,852,982,931,937,996,1038,1087,1297
1997,7246,7394,829,0,1,163,697,1693,1693,457,0,0,0,407,145,337,516,635,736,784,871,840,821,864,862,889,913,919,917,949,973,1036,1056,1267
1998,9378,9560,1092,0,0,183,898,2093,2128,627,0,0,0,530,167,489,675,773,956,1100,1052,1140,1159,1089,1137,1183,1116,1143,1208,1239,1219,1232,1320,1714
1999,9160,9113,1045,2,1,181,868,2028,2018,600,0,0,0,501,204,487,628,823,899,977,1046,1069,1064,1098,1086,1137,1145,1116,1155,1192,1177,1209,1300,1558
