material_code,material,gun_x_mm,face_type,source_type,source,bin_low_ns,bin_high_ns,bin_center_ns,count,density
0,EJ-200,-650,0,0,all,0.446635251528,0.447397448289,0.447016349908,4,0.524798871413
0,EJ-200,-650,0,0,all,0.447397448289,0.44815964505,0.447778546669,4,0.524798871413
0,EJ-200,-650,0,0,all,0.44815964505,0.448921841811,0.44854074343,5,0.655998589266
0,EJ-200,-650,0,0,all,0.448921841811,0.449684038572,0.449302940191,6,0.78719830712
0,EJ-200,-650,0,0,all,0.449684038572,0.450446235333,0.450065136952,5,0.655998589266
0,EJ-200,-650,0,0,all,0.450446235333,0.451208432094,0.450827333713,6,0.78719830712
0,EJ-200,-650,0,0,all,0.451208432094,0.451970628855,0.451589530475,12,1.57439661424
0,EJ-200,-650,0,0,all,0.451970628855,0.452732825616,0.452351727236,9,1.18079746068
0,EJ-200,-650,0,0,all,0.452732825616,0.453495022377,0.453113923997,7,0.918398024973
0,EJ-200,-650,0,0,all,0.453495022377,0.454257219138,0.453876120758,15,1.9679957678
0,EJ-200,-650,0,0,all,0.454257219138,0.455019415899,0.454638317519,13,1.70559633209
0,EJ-200,-650,0,0,all,0.455019415899,0.45578161266,0.45540051428,12,1.57439661424
0,EJ-200,-650,0,0,all,0.45578161266,0.456543809421,0.456162711041,9,1.18079746068
0,EJ-200,-650,0,0,all,0.456543809421,0.457306006183,0.456924907802,10,1.31199717853
0,EJ-200,-650,0,0,all,0.457306006183,0.458068202944,0.457687104563,6,0.78719830712
0,EJ-200,-650,0,0,all,0.458068202944,0.458830399705,0.458449301324,14,1.83679604995
0,EJ-200,-650,0,0,all,0.458830399705,0.459592596466,0.459211498085,20,2.62399435707
0,EJ-200,-650,0,0,all,0.459592596466,0.460354793227,0.459973694846,20,2.62399435707
0,EJ-200,-650,0,0,all,0.460354793227,0.461116989988,0.460735891607,12,1.57439661424
0,EJ-200,-650,0,0,all,0.461116989988,0.461879186749,0.461498088368,11,1.44319689639
0,EJ-200,-650,0,0,all,0.461879186749,0.46264138351,0.462260285129,14,1.83679604995
0,EJ-200,-650,0,0,all,0.46264138351,0.463403580271,0.46302248189,16,2.09919548565
0,EJ-200,-650,0,0,all,0.463403580271,0.464165777032,0.463784678652,26,3.41119266419
0,EJ-200,-650,0,0,all,0.464165777032,0.464927973793,0.464546875413,16,2.09919548565
0,EJ-200,-650,0,0,all,0.464927973793,0.465690170554,0.465309072174,11,1.44319689639
0,EJ-200,-650,0,0,all,0.465690170554,0.466452367315,0.466071268935,28,3.67359209989
0,EJ-200,-650,0,0,all,0.466452367315,0.467214564076,0.466833465696,23,3.01759351063
0,EJ-200,-650,0,0,all,0.467214564076,0.467976760837,0.467595662457,25,3.27999294633
0,EJ-200,-650,0,0,all,0.467976760837,0.468738957598,0.468357859218,19,2.49279463921
0,EJ-200,-650,0,0,all,0.468738957598,0.469501154359,0.469120055979,22,2.88639379277
0,EJ-200,-650,0,0,all,0.469501154359,0.470263351121,0.46988225274,21,2.75519407492
0,EJ-200,-650,0,0,all,0.470263351121,0.471025547882,0.470644449501,28,3.67359209989
0,EJ-200,-650,0,0,all,0.471025547882,0.471787744643,0.471406646262,22,2.88639379277
0,EJ-200,-650,0,0,all,0.471787744643,0.472549941404,0.472168843023,25,3.27999294633
0,EJ-200,-650,0,0,all,0.472549941404,0.473312138165,0.472931039784,31,4.06719125345
0,EJ-200,-650,0,0,all,0.473312138165,0.474074334926,0.473693236545,23,3.01759351063
0,EJ-200,-650,0,0,all,0.474074334926,0.474836531687,0.474455433306,26,3.41119266419
0,EJ-200,-650,0,0,all,0.474836531687,0.475598728448,0.475217630067,20,2.62399435707
0,EJ-200,-650,0,0,all,0.475598728448,0.476360925209,0.475979826829,22,2.88639379277
0,EJ-200,-650,0,0,all,0.476360925209,0.47712312197,0.47674202359,28,3.67359209989
0,EJ-200,-650,0,0,all,0.47712312197,0.477885318731,0.477504220351,20,2.62399435707
0,EJ-200,-650,0,0,all,0.477885318731,0.478647515492,0.478266417112,22,2.88639379277
0,EJ-200,-650,0,0,all,0.478647515492,0.479409712253,0.479028613873,25,3.27999294633
0,EJ-200,-650,0,0,all,0.479409712253,0.480171909014,0.479790810634,19,2.49279463921
0,EJ-200,-650,0,0,all,0.480171909014,0.480934105775,0.480553007395,28,3.67359209989
0,EJ-200,-650,0,0,all,0.480934105775,0.481696302536,0.481315204156,29,3.80479181775
0,EJ-200,-650,0,0,all,0.481696302536,0.482458499298,0.482077400917,34,4.46079040701
0,EJ-200,-650,0,0,all,0.482458499298,0.483220696059,0.482839597678,23,3.01759351063
0,EJ-200,-650,0,0,all,0.483220696059,0.48398289282,0.483601794439,24,3.14879322848
0,EJ-200,-650,0,0,all,0.48398289282,0.484745089581,0.4843639912,22,2.88639379277
0,EJ-200,-650,0,0,all,0.484745089581,0.485507286342,0.485126187961,24,3.14879322848
0,EJ-200,-650,0,0,all,0.485507286342,0.486269483103,0.485888384722,24,3.14879322848
0,EJ-200,-650,0,0,all,0.486269483103,0.487031679864,0.486650581483,31,4.06719125345
0,EJ-200,-650,0,0,all,0.487031679864,0.487793876625,0.487412778244,29,3.80479181775
0,EJ-200,-650,0,0,all,0.487793876625,0.488556073386,0.488174975006,31,4.06719125345
0,EJ-200,-650,0,0,all,0.488556073386,0.489318270147,0.488937171767,21,2.75519407492
0,EJ-200,-650,0,0,all,0.489318270147,0.490080466908,0.489699368528,40,5.24798871413
0,EJ-200,-650,0,0,all,0.490080466908,0.490842663669,0.490461565289,42,5.51038814984
0,EJ-200,-650,0,0,all,0.490842663669,0.49160486043,0.49122376205,26,3.41119266419
0,EJ-200,-650,0,0,all,0.49160486043,0.492367057191,0.491985958811,29,3.80479181775
0,EJ-200,-650,0,0,all,0.492367057191,0.493129253952,0.492748155572,24,3.14879322848
0,EJ-200,-650,0,0,all,0.493129253952,0.493891450713,0.493510352333,39,5.11678899628
0,EJ-200,-650,0,0,all,0.493891450713,0.494653647475,0.494272549094,36,4.72318984272
0,EJ-200,-650,0,0,all,0.494653647475,0.495415844236,0.495034745855,40,5.24798871413
0,EJ-200,-650,0,0,all,0.495415844236,0.496178040997,0.495796942616,24,3.14879322848
0,EJ-200,-650,0,0,all,0.496178040997,0.496940237758,0.496559139377,32,4.19839097131
0,EJ-200,-650,0,0,all,0.496940237758,0.497702434519,0.497321336138,35,4.59199012487
0,EJ-200,-650,0,0,all,0.497702434519,0.49846463128,0.498083532899,31,4.06719125345
0,EJ-200,-650,0,0,all,0.49846463128,0.499226828041,0.49884572966,38,4.98558927842
0,EJ-200,-650,0,0,all,0.499226828041,0.499989024802,0.499607926421,36,4.72318984272
0,EJ-200,-650,0,0,all,0.499989024802,0.500751221563,0.500370123183,35,4.59199012487
0,EJ-200,-650,0,0,all,0.500751221563,0.501513418324,0.501132319944,37,4.85438956057
0,EJ-200,-650,0,0,all,0.501513418324,0.502275615085,0.501894516705,44,5.77278758555
0,EJ-200,-650,0,0,all,0.502275615085,0.503037811846,0.502656713466,48,6.29758645696
0,EJ-200,-650,0,0,all,0.503037811846,0.503800008607,0.503418910227,41,5.37918843198
0,EJ-200,-650,0,0,all,0.503800008607,0.504562205368,0.504181106988,53,6.95358504622
0,EJ-200,-650,0,0,all,0.504562205368,0.505324402129,0.504943303749,50,6.55998589266
0,EJ-200,-650,0,0,all,0.505324402129,0.50608659889,0.50570550051,37,4.85438956057
0,EJ-200,-650,0,0,all,0.50608659889,0.506848795652,0.506467697271,52,6.82238532837
0,EJ-200,-650,0,0,all,0.506848795652,0.507610992413,0.507229894032,54,7.08478476408
0,EJ-200,-650,0,0,all,0.507610992413,0.508373189174,0.507992090793,40,5.24798871413
0,EJ-200,-650,0,0,all,0.508373189174,0.509135385935,0.508754287554,56,7.34718419978
0,EJ-200,-650,0,0,all,0.509135385935,0.509897582696,0.509516484315,76,9.97117855685
0,EJ-200,-650,0,0,all,0.509897582696,0.510659779457,0.510278681076,51,6.69118561052
0,EJ-200,-650,0,0,all,0.510659779457,0.511421976218,0.511040877837,61,8.00318278905
0,EJ-200,-650,0,0,all,0.511421976218,0.512184172979,0.511803074598,58,7.60958363549
0,EJ-200,-650,0,0,all,0.512184172979,0.51294636974,0.512565271359,52,6.82238532837
0,EJ-200,-650,0,0,all,0.51294636974,0.513708566501,0.513327468121,49,6.42878617481
0,EJ-200,-650,0,0,all,0.513708566501,0.514470763262,0.514089664882,65,8.52798166046
0,EJ-200,-650,0,0,all,0.514470763262,0.515232960023,0.514851861643,62,8.1343825069
0,EJ-200,-650,0,0,all,0.515232960023,0.515995156784,0.515614058404,60,7.8719830712
0,EJ-200,-650,0,0,all,0.515995156784,0.516757353545,0.516376255165,50,6.55998589266
0,EJ-200,-650,0,0,all,0.516757353545,0.517519550306,0.517138451926,57,7.47838391764
0,EJ-200,-650,0,0,all,0.517519550306,0.518281747067,0.517900648687,58,7.60958363549
0,EJ-200,-650,0,0,all,0.518281747067,0.519043943829,0.518662845448,60,7.8719830712
0,EJ-200,-650,0,0,all,0.519043943829,0.51980614059,0.519425042209,54,7.08478476408
0,EJ-200,-650,0,0,all,0.51980614059,0.520568337351,0.52018723897,58,7.60958363549
0,EJ-200,-650,0,0,all,0.520568337351,0.521330534112,0.520949435731,63,8.26558222476
0,EJ-200,-650,0,0,all,0.521330534112,0.522092730873,0.521711632492,54,7.08478476408
0,EJ-200,-650,0,0,all,0.522092730873,0.522854927634,0.522473829253,52,6.82238532837
0,EJ-200,-650,0,0,all,0.522854927634,0.523617124395,0.523236026014,65,8.52798166046
0,EJ-200,-650,0,0,all,0.523617124395,0.524379321156,0.523998222775,73,9.57757940329
0,EJ-200,-650,0,0,all,0.524379321156,0.525141517917,0.524760419536,61,8.00318278905
0,EJ-200,-650,0,0,all,0.525141517917,0.525903714678,0.525522616298,81,10.6271771461
0,EJ-200,-650,0,0,all,0.525903714678,0.526665911439,0.526284813059,198,25.977544135
0,EJ-200,-650,0,0,all,0.526665911439,0.5274281082,0.52704700982,1219,159.932456063
0,EJ-200,-650,0,0,all,0.5274281082,0.528190304961,0.527809206581,1470,192.863585244
0,EJ-200,-650,0,0,all,0.528190304961,0.528952501722,0.528571403342,1211,158.88285832
0,EJ-200,-650,0,0,all,0.528952501722,0.529714698483,0.529333600103,841,110.338962715
0,EJ-200,-650,0,0,all,0.529714698483,0.530476895244,0.530095796864,622,81.6062245047
0,EJ-200,-650,0,0,all,0.530476895244,0.531239092006,0.530857993625,386,50.6430910914
0,EJ-200,-650,0,0,all,0.531239092006,0.532001288767,0.531620190386,246,32.2751305919
0,EJ-200,-650,0,0,all,0.532001288767,0.532763485528,0.532382387147,134,17.5807621923
0,EJ-200,-650,0,0,all,0.532763485528,0.533525682289,0.533144583908,104,13.6447706567
0,EJ-200,-650,0,0,all,0.533525682289,0.53428787905,0.533906780669,60,7.8719830712
0,EJ-200,-650,0,0,all,0.53428787905,0.535050075811,0.53466897743,43,5.64158786769
0,EJ-200,-650,0,0,all,0.535050075811,0.535812272572,0.535431174191,16,2.09919548565
0,EJ-200,-650,0,0,all,0.535812272572,0.536574469333,0.536193370952,20,2.62399435707
0,EJ-200,-650,0,0,all,0.536574469333,0.537336666094,0.536955567713,11,1.44319689639
0,EJ-200,-650,0,0,all,0.537336666094,0.538098862855,0.537717764475,8,1.04959774283
0,EJ-200,-650,0,1,scintillation,0.446635251528,0.447397448289,0.447016349908,0,0
0,EJ-200,-650,0,1,scintillation,0.447397448289,0.44815964505,0.447778546669,0,0
0,EJ-200,-650,0,1,scintillation,0.44815964505,0.448921841811,0.44854074343,0,0
0,EJ-200,-650,0,1,scintillation,0.448921841811,0.449684038572,0.449302940191,0,0
0,EJ-200,-650,0,1,scintillation,0.449684038572,0.450446235333,0.450065136952,0,0
0,EJ-200,-650,0,1,scintillation,0.450446235333,0.451208432094,0.450827333713,0,0
0,EJ-200,-650,0,1,scintillation,0.451208432094,0.451970628855,0.451589530475,0,0
0,EJ-200,-650,0,1,scintillation,0.451970628855,0.452732825616,0.452351727236,0,0
0,EJ-200,-650,0,1,scintillation,0.452732825616,0.453495022377,0.453113923997,0,0
0,EJ-200,-650,0,1,scintillation,0.453495022377,0.454257219138,0.453876120758,0,0
0,EJ-200,-650,0,1,scintillation,0.454257219138,0.455019415899,0.454638317519,0,0
0,EJ-200,-650,0,1,scintillation,0.455019415899,0.45578161266,0.45540051428,0,0
0,EJ-200,-650,0,1,scintillation,0.45578161266,0.456543809421,0.456162711041,2,1.01312523439
0,EJ-200,-650,0,1,scintillation,0.456543809421,0.457306006183,0.456924907802,1,0.506562617194
0,EJ-200,-650,0,1,scintillation,0.457306006183,0.458068202944,0.457687104563,0,0
0,EJ-200,-650,0,1,scintillation,0.458068202944,0.458830399705,0.458449301324,1,0.506562617194
0,EJ-200,-650,0,1,scintillation,0.458830399705,0.459592596466,0.459211498085,1,0.506562617194
0,EJ-200,-650,0,1,scintillation,0.459592596466,0.460354793227,0.459973694846,1,0.506562617194
0,EJ-200,-650,0,1,scintillation,0.460354793227,0.461116989988,0.460735891607,2,1.01312523439
0,EJ-200,-650,0,1,scintillation,0.461116989988,0.461879186749,0.461498088368,0,0
0,EJ-200,-650,0,1,scintillation,0.461879186749,0.46264138351,0.462260285129,1,0.506562617194
0,EJ-200,-650,0,1,scintillation,0.46264138351,0.463403580271,0.46302248189,1,0.506562617194
0,EJ-200,-650,0,1,scintillation,0.463403580271,0.464165777032,0.463784678652,1,0.506562617194
0,EJ-200,-650,0,1,scintillation,0.464165777032,0.464927973793,0.464546875413,0,0
0,EJ-200,-650,0,1,scintillation,0.464927973793,0.465690170554,0.465309072174,1,0.506562617194
0,EJ-200,-650,0,1,scintillation,0.465690170554,0.466452367315,0.466071268935,1,0.506562617194
0,EJ-200,-650,0,1,scintillation,0.466452367315,0.467214564076,0.466833465696,1,0.506562617194
0,EJ-200,-650,0,1,scintillation,0.467214564076,0.467976760837,0.467595662457,1,0.506562617194
0,EJ-200,-650,0,1,scintillation,0.467976760837,0.468738957598,0.468357859218,2,1.01312523439
0,EJ-200,-650,0,1,scintillation,0.468738957598,0.469501154359,0.469120055979,7,3.54593832036
0,EJ-200,-650,0,1,scintillation,0.469501154359,0.470263351121,0.46988225274,4,2.02625046878
0,EJ-200,-650,0,1,scintillation,0.470263351121,0.471025547882,0.470644449501,6,3.03937570316
0,EJ-200,-650,0,1,scintillation,0.471025547882,0.471787744643,0.471406646262,8,4.05250093755
0,EJ-200,-650,0,1,scintillation,0.471787744643,0.472549941404,0.472168843023,4,2.02625046878
0,EJ-200,-650,0,1,scintillation,0.472549941404,0.473312138165,0.472931039784,9,4.55906355475
0,EJ-200,-650,0,1,scintillation,0.473312138165,0.474074334926,0.473693236545,3,1.51968785158
0,EJ-200,-650,0,1,scintillation,0.474074334926,0.474836531687,0.474455433306,5,2.53281308597
0,EJ-200,-650,0,1,scintillation,0.474836531687,0.475598728448,0.475217630067,6,3.03937570316
0,EJ-200,-650,0,1,scintillation,0.475598728448,0.476360925209,0.475979826829,8,4.05250093755
0,EJ-200,-650,0,1,scintillation,0.476360925209,0.47712312197,0.47674202359,9,4.55906355475
0,EJ-200,-650,0,1,scintillation,0.47712312197,0.477885318731,0.477504220351,6,3.03937570316
0,EJ-200,-650,0,1,scintillation,0.477885318731,0.478647515492,0.478266417112,9,4.55906355475
0,EJ-200,-650,0,1,scintillation,0.478647515492,0.479409712253,0.479028613873,13,6.58531402352
0,EJ-200,-650,0,1,scintillation,0.479409712253,0.480171909014,0.479790810634,8,4.05250093755
0,EJ-200,-650,0,1,scintillation,0.480171909014,0.480934105775,0.480553007395,7,3.54593832036
0,EJ-200,-650,0,1,scintillation,0.480934105775,0.481696302536,0.481315204156,12,6.07875140633
0,EJ-200,-650,0,1,scintillation,0.481696302536,0.482458499298,0.482077400917,17,8.6115644923
0,EJ-200,-650,0,1,scintillation,0.482458499298,0.483220696059,0.482839597678,12,6.07875140633
0,EJ-200,-650,0,1,scintillation,0.483220696059,0.48398289282,0.483601794439,10,5.06562617194
0,EJ-200,-650,0,1,scintillation,0.48398289282,0.484745089581,0.4843639912,13,6.58531402352
0,EJ-200,-650,0,1,scintillation,0.484745089581,0.485507286342,0.485126187961,15,7.59843925791
0,EJ-200,-650,0,1,scintillation,0.485507286342,0.486269483103,0.485888384722,11,5.57218878914
0,EJ-200,-650,0,1,scintillation,0.486269483103,0.487031679864,0.486650581483,18,9.1181271095
0,EJ-200,-650,0,1,scintillation,0.487031679864,0.487793876625,0.487412778244,10,5.06562617194
0,EJ-200,-650,0,1,scintillation,0.487793876625,0.488556073386,0.488174975006,20,10.1312523439
0,EJ-200,-650,0,1,scintillation,0.488556073386,0.489318270147,0.488937171767,13,6.58531402352
0,EJ-200,-650,0,1,scintillation,0.489318270147,0.490080466908,0.489699368528,23,11.6509401955
0,EJ-200,-650,0,1,scintillation,0.490080466908,0.490842663669,0.490461565289,29,14.6903158986
0,EJ-200,-650,0,1,scintillation,0.490842663669,0.49160486043,0.49122376205,14,7.09187664072
0,EJ-200,-650,0,1,scintillation,0.49160486043,0.492367057191,0.491985958811,18,9.11812710949
0,EJ-200,-650,0,1,scintillation,0.492367057191,0.493129253952,0.492748155572,19,9.62468972669
0,EJ-200,-650,0,1,scintillation,0.493129253952,0.493891450713,0.493510352333,33,16.7165663674
0,EJ-200,-650,0,1,scintillation,0.493891450713,0.494653647475,0.494272549094,25,12.6640654299
0,EJ-200,-650,0,1,scintillation,0.494653647475,0.495415844236,0.495034745855,30,15.1968785158
0,EJ-200,-650,0,1,scintillation,0.495415844236,0.496178040997,0.495796942616,15,7.59843925791
0,EJ-200,-650,0,1,scintillation,0.496178040997,0.496940237758,0.496559139377,24,12.1575028127
0,EJ-200,-650,0,1,scintillation,0.496940237758,0.497702434519,0.497321336138,24,12.1575028127
0,EJ-200,-650,0,1,scintillation,0.497702434519,0.49846463128,0.498083532899,24,12.1575028127
0,EJ-200,-650,0,1,scintillation,0.49846463128,0.499226828041,0.49884572966,30,15.1968785158
0,EJ-200,-650,0,1,scintillation,0.499226828041,0.499989024802,0.499607926421,30,15.1968785158
0,EJ-200,-650,0,1,scintillation,0.499989024802,0.500751221563,0.500370123183,32,16.2100037502
0,EJ-200,-650,0,1,scintillation,0.500751221563,0.501513418324,0.501132319944,27,13.6771906642
0,EJ-200,-650,0,1,scintillation,0.501513418324,0.502275615085,0.501894516705,34,17.2231289846
0,EJ-200,-650,0,1,scintillation,0.502275615085,0.503037811846,0.502656713466,41,20.769067305
0,EJ-200,-650,0,1,scintillation,0.503037811846,0.503800008607,0.503418910227,34,17.2231289846
0,EJ-200,-650,0,1,scintillation,0.503800008607,0.504562205368,0.504181106988,45,22.7953177737
0,EJ-200,-650,0,1,scintillation,0.504562205368,0.505324402129,0.504943303749,44,22.2887551565
0,EJ-200,-650,0,1,scintillation,0.505324402129,0.50608659889,0.50570550051,33,16.7165663674
0,EJ-200,-650,0,1,scintillation,0.50608659889,0.506848795652,0.506467697271,40,20.2625046878
0,EJ-200,-650,0,1,scintillation,0.506848795652,0.507610992413,0.507229894032,49,24.8215682425
0,EJ-200,-650,0,1,scintillation,0.507610992413,0.508373189174,0.507992090793,36,18.236254219
0,EJ-200,-650,0,1,scintillation,0.508373189174,0.509135385935,0.508754287554,52,26.3412560941
0,EJ-200,-650,0,1,scintillation,0.509135385935,0.509897582696,0.509516484315,70,35.4593832036
0,EJ-200,-650,0,1,scintillation,0.509897582696,0.510659779457,0.510278681076,46,23.3018803909
0,EJ-200,-650,0,1,scintillation,0.510659779457,0.511421976218,0.511040877837,59,29.8871944145
0,EJ-200,-650,0,1,scintillation,0.511421976218,0.512184172979,0.511803074598,54,27.3543813285
0,EJ-200,-650,0,1,scintillation,0.512184172979,0.51294636974,0.512565271359,46,23.3018803909
0,EJ-200,-650,0,1,scintillation,0.51294636974,0.513708566501,0.513327468121,46,23.3018803909
0,EJ-200,-650,0,1,scintillation,0.513708566501,0.514470763262,0.514089664882,60,30.3937570316
0,EJ-200,-650,0,1,scintillation,0.514470763262,0.515232960023,0.514851861643,59,29.8871944145
0,EJ-200,-650,0,1,scintillation,0.515232960023,0.515995156784,0.515614058404,58,29.3806317973
0,EJ-200,-650,0,1,scintillation,0.515995156784,0.516757353545,0.516376255165,46,23.3018803909
0,EJ-200,-650,0,1,scintillation,0.516757353545,0.517519550306,0.517138451926,54,27.3543813285
0,EJ-200,-650,0,1,scintillation,0.517519550306,0.518281747067,0.517900648687,56,28.3675065629
0,EJ-200,-650,0,1,scintillation,0.518281747067,0.519043943829,0.518662845448,56,28.3675065629
0,EJ-200,-650,0,1,scintillation,0.519043943829,0.51980614059,0.519425042209,53,26.8478187113
0,EJ-200,-650,0,1,scintillation,0.51980614059,0.520568337351,0.52018723897,53,26.8478187113
0,EJ-200,-650,0,1,scintillation,0.520568337351,0.521330534112,0.520949435731,59,29.8871944145
0,EJ-200,-650,0,1,scintillation,0.521330534112,0.522092730873,0.521711632492,51,25.8346934769
0,EJ-200,-650,0,1,scintillation,0.522092730873,0.522854927634,0.522473829253,50,25.3281308597
0,EJ-200,-650,0,1,scintillation,0.522854927634,0.523617124395,0.523236026014,65,32.9265701176
0,EJ-200,-650,0,1,scintillation,0.523617124395,0.524379321156,0.523998222775,70,35.4593832036
0,EJ-200,-650,0,1,scintillation,0.524379321156,0.525141517917,0.524760419536,59,29.8871944145
0,EJ-200,-650,0,1,scintillation,0.525141517917,0.525903714678,0.525522616298,79,40.0184467583
0,EJ-200,-650,0,1,scintillation,0.525903714678,0.526665911439,0.526284813059,67,33.939695352
0,EJ-200,-650,0,1,scintillation,0.526665911439,0.5274281082,0.52704700982,53,26.8478187113
0,EJ-200,-650,0,1,scintillation,0.5274281082,0.528190304961,0.527809206581,61,30.9003196488
0,EJ-200,-650,0,1,scintillation,0.528190304961,0.528952501722,0.528571403342,25,12.6640654299
0,EJ-200,-650,0,1,scintillation,0.528952501722,0.529714698483,0.529333600103,18,9.11812710949
0,EJ-200,-650,0,1,scintillation,0.529714698483,0.530476895244,0.530095796864,12,6.07875140633
0,EJ-200,-650,0,1,scintillation,0.530476895244,0.531239092006,0.530857993625,9,4.55906355475
0,EJ-200,-650,0,1,scintillation,0.531239092006,0.532001288767,0.531620190386,5,2.53281308597
0,EJ-200,-650,0,1,scintillation,0.532001288767,0.532763485528,0.532382387147,1,0.506562617194
0,EJ-200,-650,0,1,scintillation,0.532763485528,0.533525682289,0.533144583908,4,2.02625046878
0,EJ-200,-650,0,1,scintillation,0.533525682289,0.53428787905,0.533906780669,0,0
0,EJ-200,-650,0,1,scintillation,0.53428787905,0.535050075811,0.53466897743,0,0
0,EJ-200,-650,0,1,scintillation,0.535050075811,0.535812272572,0.535431174191,0,0
0,EJ-200,-650,0,1,scintillation,0.535812272572,0.536574469333,0.536193370952,1,0.506562617194
0,EJ-200,-650,0,1,scintillation,0.536574469333,0.537336666094,0.536955567713,0,0
0,EJ-200,-650,0,1,scintillation,0.537336666094,0.538098862855,0.537717764475,0,0
0,EJ-200,-650,0,2,Cherenkov,0.446635251528,0.447397448289,0.447016349908,4,0.708230595699
0,EJ-200,-650,0,2,Cherenkov,0.447397448289,0.44815964505,0.447778546669,4,0.708230595699
0,EJ-200,-650,0,2,Cherenkov,0.44815964505,0.448921841811,0.44854074343,5,0.885288244624
0,EJ-200,-650,0,2,Cherenkov,0.448921841811,0.449684038572,0.449302940191,6,1.06234589355
0,EJ-200,-650,0,2,Cherenkov,0.449684038572,0.450446235333,0.450065136952,5,0.885288244624
0,EJ-200,-650,0,2,Cherenkov,0.450446235333,0.451208432094,0.450827333713,6,1.06234589355
0,EJ-200,-650,0,2,Cherenkov,0.451208432094,0.451970628855,0.451589530475,12,2.1246917871
0,EJ-200,-650,0,2,Cherenkov,0.451970628855,0.452732825616,0.452351727236,9,1.59351884032
0,EJ-200,-650,0,2,Cherenkov,0.452732825616,0.453495022377,0.453113923997,7,1.23940354247
0,EJ-200,-650,0,2,Cherenkov,0.453495022377,0.454257219138,0.453876120758,15,2.65586473387
0,EJ-200,-650,0,2,Cherenkov,0.454257219138,0.455019415899,0.454638317519,13,2.30174943602
0,EJ-200,-650,0,2,Cherenkov,0.455019415899,0.45578161266,0.45540051428,12,2.1246917871
0,EJ-200,-650,0,2,Cherenkov,0.45578161266,0.456543809421,0.456162711041,7,1.23940354247
0,EJ-200,-650,0,2,Cherenkov,0.456543809421,0.457306006183,0.456924907802,9,1.59351884032
0,EJ-200,-650,0,2,Cherenkov,0.457306006183,0.458068202944,0.457687104563,6,1.06234589355
0,EJ-200,-650,0,2,Cherenkov,0.458068202944,0.458830399705,0.458449301324,13,2.30174943602
0,EJ-200,-650,0,2,Cherenkov,0.458830399705,0.459592596466,0.459211498085,19,3.36409532957
0,EJ-200,-650,0,2,Cherenkov,0.459592596466,0.460354793227,0.459973694846,19,3.36409532957
0,EJ-200,-650,0,2,Cherenkov,0.460354793227,0.461116989988,0.460735891607,10,1.77057648925
0,EJ-200,-650,0,2,Cherenkov,0.461116989988,0.461879186749,0.461498088368,11,1.94763413817
0,EJ-200,-650,0,2,Cherenkov,0.461879186749,0.46264138351,0.462260285129,13,2.30174943602
0,EJ-200,-650,0,2,Cherenkov,0.46264138351,0.463403580271,0.46302248189,15,2.65586473387
0,EJ-200,-650,0,2,Cherenkov,0.463403580271,0.464165777032,0.463784678652,25,4.42644122312
0,EJ-200,-650,0,2,Cherenkov,0.464165777032,0.464927973793,0.464546875413,16,2.8329223828
0,EJ-200,-650,0,2,Cherenkov,0.464927973793,0.465690170554,0.465309072174,10,1.77057648925
0,EJ-200,-650,0,2,Cherenkov,0.465690170554,0.466452367315,0.466071268935,27,4.78055652097
0,EJ-200,-650,0,2,Cherenkov,0.466452367315,0.467214564076,0.466833465696,22,3.89526827635
0,EJ-200,-650,0,2,Cherenkov,0.467214564076,0.467976760837,0.467595662457,24,4.2493835742
0,EJ-200,-650,0,2,Cherenkov,0.467976760837,0.468738957598,0.468357859218,17,3.00998003172
0,EJ-200,-650,0,2,Cherenkov,0.468738957598,0.469501154359,0.469120055979,15,2.65586473387
0,EJ-200,-650,0,2,Cherenkov,0.469501154359,0.470263351121,0.46988225274,17,3.00998003172
0,EJ-200,-650,0,2,Cherenkov,0.470263351121,0.471025547882,0.470644449501,22,3.89526827635
0,EJ-200,-650,0,2,Cherenkov,0.471025547882,0.471787744643,0.471406646262,14,2.47880708495
0,EJ-200,-650,0,2,Cherenkov,0.471787744643,0.472549941404,0.472168843023,21,3.71821062742
0,EJ-200,-650,0,2,Cherenkov,0.472549941404,0.473312138165,0.472931039784,22,3.89526827635
0,EJ-200,-650,0,2,Cherenkov,0.473312138165,0.474074334926,0.473693236545,20,3.5411529785
0,EJ-200,-650,0,2,Cherenkov,0.474074334926,0.474836531687,0.474455433306,21,3.71821062742
0,EJ-200,-650,0,2,Cherenkov,0.474836531687,0.475598728448,0.475217630067,14,2.47880708495
0,EJ-200,-650,0,2,Cherenkov,0.475598728448,0.476360925209,0.475979826829,14,2.47880708495
0,EJ-200,-650,0,2,Cherenkov,0.476360925209,0.47712312197,0.47674202359,19,3.36409532957
0,EJ-200,-650,0,2,Cherenkov,0.47712312197,0.477885318731,0.477504220351,14,2.47880708495
0,EJ-200,-650,0,2,Cherenkov,0.477885318731,0.478647515492,0.478266417112,13,2.30174943602
0,EJ-200,-650,0,2,Cherenkov,0.478647515492,0.479409712253,0.479028613873,12,2.1246917871
0,EJ-200,-650,0,2,Cherenkov,0.479409712253,0.480171909014,0.479790810634,11,1.94763413817
0,EJ-200,-650,0,2,Cherenkov,0.480171909014,0.480934105775,0.480553007395,21,3.71821062742
0,EJ-200,-650,0,2,Cherenkov,0.480934105775,0.481696302536,0.481315204156,17,3.00998003172
0,EJ-200,-650,0,2,Cherenkov,0.481696302536,0.482458499298,0.482077400917,17,3.00998003172
0,EJ-200,-650,0,2,Cherenkov,0.482458499298,0.483220696059,0.482839597678,11,1.94763413817
0,EJ-200,-650,0,2,Cherenkov,0.483220696059,0.48398289282,0.483601794439,14,2.47880708495
0,EJ-200,-650,0,2,Cherenkov,0.48398289282,0.484745089581,0.4843639912,9,1.59351884032
0,EJ-200,-650,0,2,Cherenkov,0.484745089581,0.485507286342,0.485126187961,9,1.59351884032
0,EJ-200,-650,0,2,Cherenkov,0.485507286342,0.486269483103,0.485888384722,13,2.30174943602
0,EJ-200,-650,0,2,Cherenkov,0.486269483103,0.487031679864,0.486650581483,13,2.30174943602
0,EJ-200,-650,0,2,Cherenkov,0.487031679864,0.487793876625,0.487412778244,19,3.36409532957
0,EJ-200,-650,0,2,Cherenkov,0.487793876625,0.488556073386,0.488174975006,11,1.94763413817
0,EJ-200,-650,0,2,Cherenkov,0.488556073386,0.489318270147,0.488937171767,8,1.4164611914
0,EJ-200,-650,0,2,Cherenkov,0.489318270147,0.490080466908,0.489699368528,17,3.00998003172
0,EJ-200,-650,0,2,Cherenkov,0.490080466908,0.490842663669,0.490461565289,13,2.30174943602
0,EJ-200,-650,0,2,Cherenkov,0.490842663669,0.49160486043,0.49122376205,12,2.1246917871
0,EJ-200,-650,0,2,Cherenkov,0.49160486043,0.492367057191,0.491985958811,11,1.94763413817
0,EJ-200,-650,0,2,Cherenkov,0.492367057191,0.493129253952,0.492748155572,5,0.885288244624
0,EJ-200,-650,0,2,Cherenkov,0.493129253952,0.493891450713,0.493510352333,6,1.06234589355
0,EJ-200,-650,0,2,Cherenkov,0.493891450713,0.494653647475,0.494272549094,11,1.94763413817
0,EJ-200,-650,0,2,Cherenkov,0.494653647475,0.495415844236,0.495034745855,10,1.77057648925
0,EJ-200,-650,0,2,Cherenkov,0.495415844236,0.496178040997,0.495796942616,9,1.59351884032
0,EJ-200,-650,0,2,Cherenkov,0.496178040997,0.496940237758,0.496559139377,8,1.4164611914
0,EJ-200,-650,0,2,Cherenkov,0.496940237758,0.497702434519,0.497321336138,11,1.94763413817
0,EJ-200,-650,0,2,Cherenkov,0.497702434519,0.49846463128,0.498083532899,7,1.23940354247
0,EJ-200,-650,0,2,Cherenkov,0.49846463128,0.499226828041,0.49884572966,8,1.4164611914
0,EJ-200,-650,0,2,Cherenkov,0.499226828041,0.499989024802,0.499607926421,6,1.06234589355
0,EJ-200,-650,0,2,Cherenkov,0.499989024802,0.500751221563,0.500370123183,3,0.531172946774
0,EJ-200,-650,0,2,Cherenkov,0.500751221563,0.501513418324,0.501132319944,10,1.77057648925
0,EJ-200,-650,0,2,Cherenkov,0.501513418324,0.502275615085,0.501894516705,10,1.77057648925
0,EJ-200,-650,0,2,Cherenkov,0.502275615085,0.503037811846,0.502656713466,7,1.23940354247
0,EJ-200,-650,0,2,Cherenkov,0.503037811846,0.503800008607,0.503418910227,7,1.23940354247
0,EJ-200,-650,0,2,Cherenkov,0.503800008607,0.504562205368,0.504181106988,8,1.4164611914
0,EJ-200,-650,0,2,Cherenkov,0.504562205368,0.505324402129,0.504943303749,6,1.06234589355
0,EJ-200,-650,0,2,Cherenkov,0.505324402129,0.50608659889,0.50570550051,4,0.708230595699
0,EJ-200,-650,0,2,Cherenkov,0.50608659889,0.506848795652,0.506467697271,12,2.1246917871
0,EJ-200,-650,0,2,Cherenkov,0.506848795652,0.507610992413,0.507229894032,5,0.885288244624
0,EJ-200,-650,0,2,Cherenkov,0.507610992413,0.508373189174,0.507992090793,4,0.708230595699
0,EJ-200,-650,0,2,Cherenkov,0.508373189174,0.509135385935,0.508754287554,4,0.708230595699
0,EJ-200,-650,0,2,Cherenkov,0.509135385935,0.509897582696,0.509516484315,6,1.06234589355
0,EJ-200,-650,0,2,Cherenkov,0.509897582696,0.510659779457,0.510278681076,5,0.885288244624
0,EJ-200,-650,0,2,Cherenkov,0.510659779457,0.511421976218,0.511040877837,2,0.35411529785
0,EJ-200,-650,0,2,Cherenkov,0.511421976218,0.512184172979,0.511803074598,4,0.708230595699
0,EJ-200,-650,0,2,Cherenkov,0.512184172979,0.51294636974,0.512565271359,6,1.06234589355
0,EJ-200,-650,0,2,Cherenkov,0.51294636974,0.513708566501,0.513327468121,3,0.531172946774
0,EJ-200,-650,0,2,Cherenkov,0.513708566501,0.514470763262,0.514089664882,5,0.885288244624
0,EJ-200,-650,0,2,Cherenkov,0.514470763262,0.515232960023,0.514851861643,3,0.531172946774
0,EJ-200,-650,0,2,Cherenkov,0.515232960023,0.515995156784,0.515614058404,2,0.35411529785
0,EJ-200,-650,0,2,Cherenkov,0.515995156784,0.516757353545,0.516376255165,4,0.708230595699
0,EJ-200,-650,0,2,Cherenkov,0.516757353545,0.517519550306,0.517138451926,3,0.531172946775
0,EJ-200,-650,0,2,Cherenkov,0.517519550306,0.518281747067,0.517900648687,2,0.35411529785
0,EJ-200,-650,0,2,Cherenkov,0.518281747067,0.519043943829,0.518662845448,4,0.708230595699
0,EJ-200,-650,0,2,Cherenkov,0.519043943829,0.51980614059,0.519425042209,1,0.177057648925
0,EJ-200,-650,0,2,Cherenkov,0.51980614059,0.520568337351,0.52018723897,5,0.885288244624
0,EJ-200,-650,0,2,Cherenkov,0.520568337351,0.521330534112,0.520949435731,4,0.708230595699
0,EJ-200,-650,0,2,Cherenkov,0.521330534112,0.522092730873,0.521711632492,3,0.531172946774
0,EJ-200,-650,0,2,Cherenkov,0.522092730873,0.522854927634,0.522473829253,2,0.35411529785
0,EJ-200,-650,0,2,Cherenkov,0.522854927634,0.523617124395,0.523236026014,0,0
0,EJ-200,-650,0,2,Cherenkov,0.523617124395,0.524379321156,0.523998222775,3,0.531172946774
0,EJ-200,-650,0,2,Cherenkov,0.524379321156,0.525141517917,0.524760419536,2,0.35411529785
0,EJ-200,-650,0,2,Cherenkov,0.525141517917,0.525903714678,0.525522616298,2,0.35411529785
0,EJ-200,-650,0,2,Cherenkov,0.525903714678,0.526665911439,0.526284813059,131,23.1945520092
0,EJ-200,-650,0,2,Cherenkov,0.526665911439,0.5274281082,0.52704700982,1166,206.449218646
0,EJ-200,-650,0,2,Cherenkov,0.5274281082,0.528190304961,0.527809206581,1409,249.474227335
0,EJ-200,-650,0,2,Cherenkov,0.528190304961,0.528952501722,0.528571403342,1186,209.990371625
0,EJ-200,-650,0,2,Cherenkov,0.528952501722,0.529714698483,0.529333600103,823,145.718445065
0,EJ-200,-650,0,2,Cherenkov,0.529714698483,0.530476895244,0.530095796864,610,108.005165844
0,EJ-200,-650,0,2,Cherenkov,0.530476895244,0.531239092006,0.530857993625,377,66.7507336447
0,EJ-200,-650,0,2,Cherenkov,0.531239092006,0.532001288767,0.531620190386,241,42.6708933909
0,EJ-200,-650,0,2,Cherenkov,0.532001288767,0.532763485528,0.532382387147,133,23.548667307
0,EJ-200,-650,0,2,Cherenkov,0.532763485528,0.533525682289,0.533144583908,100,17.7057648925
0,EJ-200,-650,0,2,Cherenkov,0.533525682289,0.53428787905,0.533906780669,60,10.6234589355
0,EJ-200,-650,0,2,Cherenkov,0.53428787905,0.535050075811,0.53466897743,43,7.61347890377
0,EJ-200,-650,0,2,Cherenkov,0.535050075811,0.535812272572,0.535431174191,16,2.8329223828
0,EJ-200,-650,0,2,Cherenkov,0.535812272572,0.536574469333,0.536193370952,19,3.36409532957
0,EJ-200,-650,0,2,Cherenkov,0.536574469333,0.537336666094,0.536955567713,11,1.94763413817
0,EJ-200,-650,0,2,Cherenkov,0.537336666094,0.538098862855,0.537717764475,8,1.4164611914
0,EJ-200,650,1,0,all,0.447220952198,0.447986562806,0.447603757502,7,0.914302901251
0,EJ-200,650,1,0,all,0.447986562806,0.448752173414,0.44836936811,3,0.391844100536
0,EJ-200,650,1,0,all,0.448752173414,0.449517784021,0.449134978717,6,0.783688201072
0,EJ-200,650,1,0,all,0.449517784021,0.450283394629,0.449900589325,10,1.30614700179
0,EJ-200,650,1,0,all,0.450283394629,0.451049005237,0.450666199933,9,1.17553230161
0,EJ-200,650,1,0,all,0.451049005237,0.451814615845,0.451431810541,4,0.522458800715
0,EJ-200,650,1,0,all,0.451814615845,0.452580226453,0.452197421149,4,0.522458800715
0,EJ-200,650,1,0,all,0.452580226453,0.453345837061,0.452963031757,13,1.69799110232
0,EJ-200,650,1,0,all,0.453345837061,0.454111447669,0.453728642365,14,1.8286058025
0,EJ-200,650,1,0,all,0.454111447669,0.454877058276,0.454494252973,11,1.43676170197
0,EJ-200,650,1,0,all,0.454877058276,0.455642668884,0.45525986358,12,1.56737640214
0,EJ-200,650,1,0,all,0.455642668884,0.456408279492,0.456025474188,16,2.08983520286
0,EJ-200,650,1,0,all,0.456408279492,0.4571738901,0.456791084796,13,1.69799110232
0,EJ-200,650,1,0,all,0.4571738901,0.457939500708,0.457556695404,10,1.30614700179
0,EJ-200,650,1,0,all,0.457939500708,0.458705111316,0.458322306012,17,2.22044990304
0,EJ-200,650,1,0,all,0.458705111316,0.459470721924,0.45908791662,25,3.26536750447
0,EJ-200,650,1,0,all,0.459470721924,0.460236332532,0.459853527228,14,1.8286058025
0,EJ-200,650,1,0,all,0.460236332532,0.461001943139,0.460619137835,16,2.08983520286
0,EJ-200,650,1,0,all,0.461001943139,0.461767553747,0.461384748443,18,2.35106460322
0,EJ-200,650,1,0,all,0.461767553747,0.462533164355,0.462150359051,15,1.95922050268
0,EJ-200,650,1,0,all,0.462533164355,0.463298774963,0.462915969659,14,1.8286058025
0,EJ-200,650,1,0,all,0.463298774963,0.464064385571,0.463681580267,22,2.87352340393
0,EJ-200,650,1,0,all,0.464064385571,0.464829996179,0.464447190875,18,2.35106460322
0,EJ-200,650,1,0,all,0.464829996179,0.465595606787,0.465212801483,22,2.87352340393
0,EJ-200,650,1,0,all,0.465595606787,0.466361217394,0.465978412091,17,2.22044990304
0,EJ-200,650,1,0,all,0.466361217394,0.467126828002,0.466744022698,30,3.91844100536
0,EJ-200,650,1,0,all,0.467126828002,0.46789243861,0.467509633306,29,3.78782630518
0,EJ-200,650,1,0,all,0.46789243861,0.468658049218,0.468275243914,18,2.35106460322
0,EJ-200,650,1,0,all,0.468658049218,0.469423659826,0.469040854522,28,3.657211605
0,EJ-200,650,1,0,all,0.469423659826,0.470189270434,0.46980646513,28,3.657211605
0,EJ-200,650,1,0,all,0.470189270434,0.470954881042,0.470572075738,24,3.13475280429
0,EJ-200,650,1,0,all,0.470954881042,0.47172049165,0.471337686346,29,3.78782630518
0,EJ-200,650,1,0,all,0.47172049165,0.472486102257,0.472103296953,28,3.657211605
0,EJ-200,650,1,0,all,0.472486102257,0.473251712865,0.472868907561,27,3.52659690482
0,EJ-200,650,1,0,all,0.473251712865,0.474017323473,0.473634518169,19,2.4816793034
0,EJ-200,650,1,0,all,0.474017323473,0.474782934081,0.474400128777,25,3.26536750447
0,EJ-200,650,1,0,all,0.474782934081,0.475548544689,0.475165739385,16,2.08983520286
0,EJ-200,650,1,0,all,0.475548544689,0.476314155297,0.475931349993,25,3.26536750447
0,EJ-200,650,1,0,all,0.476314155297,0.477079765905,0.476696960601,25,3.26536750447
0,EJ-200,650,1,0,all,0.477079765905,0.477845376512,0.477462571209,28,3.657211605
0,EJ-200,650,1,0,all,0.477845376512,0.47861098712,0.478228181816,29,3.78782630518
0,EJ-200,650,1,0,all,0.47861098712,0.479376597728,0.478993792424,33,4.3102851059
0,EJ-200,650,1,0,all,0.479376597728,0.480142208336,0.479759403032,28,3.657211605
0,EJ-200,650,1,0,all,0.480142208336,0.480907818944,0.48052501364,30,3.91844100536
0,EJ-200,650,1,0,all,0.480907818944,0.481673429552,0.481290624248,30,3.91844100536
0,EJ-200,650,1,0,all,0.481673429552,0.48243904016,0.482056234856,31,4.04905570554
0,EJ-200,650,1,0,all,0.48243904016,0.483204650768,0.482821845464,28,3.657211605
0,EJ-200,650,1,0,all,0.483204650768,0.483970261375,0.483587456071,30,3.91844100536
0,EJ-200,650,1,0,all,0.483970261375,0.484735871983,0.484353066679,23,3.00413810411
0,EJ-200,650,1,0,all,0.484735871983,0.485501482591,0.485118677287,32,4.17967040572
0,EJ-200,650,1,0,all,0.485501482591,0.486267093199,0.485884287895,29,3.78782630518
0,EJ-200,650,1,0,all,0.486267093199,0.487032703807,0.486649898503,33,4.3102851059
0,EJ-200,650,1,0,all,0.487032703807,0.487798314415,0.487415509111,21,2.74290870375
0,EJ-200,650,1,0,all,0.487798314415,0.488563925023,0.488181119719,31,4.04905570554
0,EJ-200,650,1,0,all,0.488563925023,0.48932953563,0.488946730326,32,4.17967040572
0,EJ-200,650,1,0,all,0.48932953563,0.490095146238,0.489712340934,21,2.74290870375
0,EJ-200,650,1,0,all,0.490095146238,0.490860756846,0.490477951542,31,4.04905570554
0,EJ-200,650,1,0,all,0.490860756846,0.491626367454,0.49124356215,37,4.83274390661
0,EJ-200,650,1,0,all,0.491626367454,0.492391978062,0.492009172758,36,4.70212920643
0,EJ-200,650,1,0,all,0.492391978062,0.49315758867,0.492774783366,33,4.3102851059
0,EJ-200,650,1,0,all,0.49315758867,0.493923199278,0.493540393974,35,4.57151450625
0,EJ-200,650,1,0,all,0.493923199278,0.494688809885,0.494306004582,30,3.91844100536
0,EJ-200,650,1,0,all,0.494688809885,0.495454420493,0.495071615189,36,4.70212920643
0,EJ-200,650,1,0,all,0.495454420493,0.496220031101,0.495837225797,38,4.96335860679
0,EJ-200,650,1,0,all,0.496220031101,0.496985641709,0.496602836405,39,5.09397330697
0,EJ-200,650,1,0,all,0.496985641709,0.497751252317,0.497368447013,50,6.53073500893
0,EJ-200,650,1,0,all,0.497751252317,0.498516862925,0.498134057621,52,6.79196440929
0,EJ-200,650,1,0,all,0.498516862925,0.499282473533,0.498899668229,47,6.1388909084
0,EJ-200,650,1,0,all,0.499282473533,0.500048084141,0.499665278837,31,4.04905570554
0,EJ-200,650,1,0,all,0.500048084141,0.500813694748,0.500430889444,46,6.00827620822
0,EJ-200,650,1,0,all,0.500813694748,0.501579305356,0.501196500052,46,6.00827620822
0,EJ-200,650,1,0,all,0.501579305356,0.502344915964,0.50196211066,43,5.61643210768
0,EJ-200,650,1,0,all,0.502344915964,0.503110526572,0.502727721268,41,5.35520270733
0,EJ-200,650,1,0,all,0.503110526572,0.50387613718,0.503493331876,40,5.22458800715
0,EJ-200,650,1,0,all,0.50387613718,0.504641747788,0.504258942484,43,5.61643210768
0,EJ-200,650,1,0,all,0.504641747788,0.505407358396,0.505024553092,41,5.35520270733
0,EJ-200,650,1,0,all,0.505407358396,0.506172969003,0.5057901637,52,6.79196440929
0,EJ-200,650,1,0,all,0.506172969003,0.506938579611,0.506555774307,53,6.92257910947
0,EJ-200,650,1,0,all,0.506938579611,0.507704190219,0.507321384915,57,7.44503791019
0,EJ-200,650,1,0,all,0.507704190219,0.508469800827,0.508086995523,51,6.66134970911
0,EJ-200,650,1,0,all,0.508469800827,0.509235411435,0.508852606131,49,6.40012030876
0,EJ-200,650,1,0,all,0.509235411435,0.510001022043,0.509618216739,45,5.87766150804
0,EJ-200,650,1,0,all,0.510001022043,0.510766632651,0.510383827347,55,7.18380850983
0,EJ-200,650,1,0,all,0.510766632651,0.511532243259,0.511149437955,52,6.79196440929
0,EJ-200,650,1,0,all,0.511532243259,0.512297853866,0.511915048562,49,6.40012030876
0,EJ-200,650,1,0,all,0.512297853866,0.513063464474,0.51268065917,52,6.79196440929
0,EJ-200,650,1,0,all,0.513063464474,0.513829075082,0.513446269778,54,7.05319380965
0,EJ-200,650,1,0,all,0.513829075082,0.51459468569,0.514211880386,58,7.57565261036
0,EJ-200,650,1,0,all,0.51459468569,0.515360296298,0.514977490994,52,6.79196440929
0,EJ-200,650,1,0,all,0.515360296298,0.516125906906,0.515743101602,49,6.40012030876
0,EJ-200,650,1,0,all,0.516125906906,0.516891517514,0.51650871221,68,8.88179961215
0,EJ-200,650,1,0,all,0.516891517514,0.517657128121,0.517274322818,59,7.70626731054
0,EJ-200,650,1,0,all,0.517657128121,0.518422738729,0.518039933425,66,8.62057021179
0,EJ-200,650,1,0,all,0.518422738729,0.519188349337,0.518805544033,57,7.44503791018
0,EJ-200,650,1,0,all,0.519188349337,0.519953959945,0.519571154641,71,9.27364371269
0,EJ-200,650,1,0,all,0.519953959945,0.520719570553,0.520336765249,60,7.83688201072
0,EJ-200,650,1,0,all,0.520719570553,0.521485181161,0.521102375857,50,6.53073500893
0,EJ-200,650,1,0,all,0.521485181161,0.522250791769,0.521867986465,78,10.1879466139
0,EJ-200,650,1,0,all,0.522250791769,0.523016402377,0.522633597073,57,7.44503791019
0,EJ-200,650,1,0,all,0.523016402377,0.523782012984,0.52339920768,68,8.88179961215
0,EJ-200,650,1,0,all,0.523782012984,0.524547623592,0.524164818288,71,9.27364371269
0,EJ-200,650,1,0,all,0.524547623592,0.5253132342,0.524930428896,76,9.92671721358
0,EJ-200,650,1,0,all,0.5253132342,0.526078844808,0.525696039504,45,5.87766150804
0,EJ-200,650,1,0,all,0.526078844808,0.526844455416,0.526461650112,438,57.2092386783
0,EJ-200,650,1,0,all,0.526844455416,0.527610066024,0.52722726072,1304,170.321569033
0,EJ-200,650,1,0,all,0.527610066024,0.528375676632,0.527992871328,1447,188.999471159
0,EJ-200,650,1,0,all,0.528375676632,0.529141287239,0.528758481936,1092,142.631252595
0,EJ-200,650,1,0,all,0.529141287239,0.529906897847,0.529524092543,758,99.0059427355
0,EJ-200,650,1,0,all,0.529906897847,0.530672508455,0.530289703151,557,72.7523879995
0,EJ-200,650,1,0,all,0.530672508455,0.531438119063,0.531055313759,307,40.0987129549
0,EJ-200,650,1,0,all,0.531438119063,0.532203729671,0.531820924367,211,27.5597017377
0,EJ-200,650,1,0,all,0.532203729671,0.532969340279,0.532586534975,127,16.5880669227
0,EJ-200,650,1,0,all,0.532969340279,0.533734950887,0.533352145583,66,8.62057021179
0,EJ-200,650,1,0,all,0.533734950887,0.534500561495,0.534117756191,46,6.00827620822
0,EJ-200,650,1,0,all,0.534500561495,0.535266172102,0.534883366798,39,5.09397330697
0,EJ-200,650,1,0,all,0.535266172102,0.53603178271,0.535648977406,29,3.78782630518
0,EJ-200,650,1,0,all,0.53603178271,0.536797393318,0.536414588014,15,1.95922050268
0,EJ-200,650,1,0,all,0.536797393318,0.537563003926,0.537180198622,9,1.17553230161
0,EJ-200,650,1,0,all,0.537563003926,0.538328614534,0.53794580923,6,0.783688201072
0,EJ-200,650,1,0,all,0.538328614534,0.539094225142,0.538711419838,10,1.30614700179
0,EJ-200,650,1,1,scintillation,0.447220952198,0.447986562806,0.447603757502,0,0
0,EJ-200,650,1,1,scintillation,0.447986562806,0.448752173414,0.44836936811,0,0
0,EJ-200,650,1,1,scintillation,0.448752173414,0.449517784021,0.449134978717,0,0
0,EJ-200,650,1,1,scintillation,0.449517784021,0.450283394629,0.449900589325,0,0
0,EJ-200,650,1,1,scintillation,0.450283394629,0.451049005237,0.450666199933,0,0
0,EJ-200,650,1,1,scintillation,0.451049005237,0.451814615845,0.451431810541,0,0
0,EJ-200,650,1,1,scintillation,0.451814615845,0.452580226453,0.452197421149,0,0
0,EJ-200,650,1,1,scintillation,0.452580226453,0.453345837061,0.452963031757,0,0
0,EJ-200,650,1,1,scintillation,0.453345837061,0.454111447669,0.453728642365,1,0.494004161039
0,EJ-200,650,1,1,scintillation,0.454111447669,0.454877058276,0.454494252973,0,0
0,EJ-200,650,1,1,scintillation,0.454877058276,0.455642668884,0.45525986358,0,0
0,EJ-200,650,1,1,scintillation,0.455642668884,0.456408279492,0.456025474188,1,0.494004161039
0,EJ-200,650,1,1,scintillation,0.456408279492,0.4571738901,0.456791084796,0,0
0,EJ-200,650,1,1,scintillation,0.4571738901,0.457939500708,0.457556695404,1,0.494004161039
0,EJ-200,650,1,1,scintillation,0.457939500708,0.458705111316,0.458322306012,0,0
0,EJ-200,650,1,1,scintillation,0.458705111316,0.459470721924,0.45908791662,1,0.494004161039
0,EJ-200,650,1,1,scintillation,0.459470721924,0.460236332532,0.459853527228,0,0
0,EJ-200,650,1,1,scintillation,0.460236332532,0.461001943139,0.460619137835,2,0.988008322078
0,EJ-200,650,1,1,scintillation,0.461001943139,0.461767553747,0.461384748443,0,0
0,EJ-200,650,1,1,scintillation,0.461767553747,0.462533164355,0.462150359051,2,0.988008322078
0,EJ-200,650,1,1,scintillation,0.462533164355,0.463298774963,0.462915969659,1,0.494004161039
0,EJ-200,650,1,1,scintillation,0.463298774963,0.464064385571,0.463681580267,1,0.494004161039
0,EJ-200,650,1,1,scintillation,0.464064385571,0.464829996179,0.464447190875,1,0.494004161039
0,EJ-200,650,1,1,scintillation,0.464829996179,0.465595606787,0.465212801483,4,1.97601664416
0,EJ-200,650,1,1,scintillation,0.465595606787,0.466361217394,0.465978412091,1,0.494004161039
0,EJ-200,650,1,1,scintillation,0.466361217394,0.467126828002,0.466744022698,8,3.95203328831
0,EJ-200,650,1,1,scintillation,0.467126828002,0.46789243861,0.467509633306,0,0
0,EJ-200,650,1,1,scintillation,0.46789243861,0.468658049218,0.468275243914,2,0.988008322078
0,EJ-200,650,1,1,scintillation,0.468658049218,0.469423659826,0.469040854522,4,1.97601664416
0,EJ-200,650,1,1,scintillation,0.469423659826,0.470189270434,0.46980646513,4,1.97601664416
0,EJ-200,650,1,1,scintillation,0.470189270434,0.470954881042,0.470572075738,4,1.97601664416
0,EJ-200,650,1,1,scintillation,0.470954881042,0.47172049165,0.471337686346,7,3.45802912727
0,EJ-200,650,1,1,scintillation,0.47172049165,0.472486102257,0.472103296953,6,2.96402496623
0,EJ-200,650,1,1,scintillation,0.472486102257,0.473251712865,0.472868907561,9,4.44603744935
0,EJ-200,650,1,1,scintillation,0.473251712865,0.474017323473,0.473634518169,6,2.96402496623
0,EJ-200,650,1,1,scintillation,0.474017323473,0.474782934081,0.474400128777,4,1.97601664416
0,EJ-200,650,1,1,scintillation,0.474782934081,0.475548544689,0.475165739385,3,1.48201248312
0,EJ-200,650,1,1,scintillation,0.475548544689,0.476314155297,0.475931349993,6,2.96402496623
0,EJ-200,650,1,1,scintillation,0.476314155297,0.477079765905,0.476696960601,8,3.95203328831
0,EJ-200,650,1,1,scintillation,0.477079765905,0.477845376512,0.477462571209,8,3.95203328831
0,EJ-200,650,1,1,scintillation,0.477845376512,0.47861098712,0.478228181816,7,3.45802912727
0,EJ-200,650,1,1,scintillation,0.47861098712,0.479376597728,0.478993792424,13,6.42205409351
0,EJ-200,650,1,1,scintillation,0.479376597728,0.480142208336,0.479759403032,10,4.94004161039
0,EJ-200,650,1,1,scintillation,0.480142208336,0.480907818944,0.48052501364,16,7.90406657662
0,EJ-200,650,1,1,scintillation,0.480907818944,0.481673429552,0.481290624248,11,5.43404577143
0,EJ-200,650,1,1,scintillation,0.481673429552,0.48243904016,0.482056234856,19,9.38607905974
0,EJ-200,650,1,1,scintillation,0.48243904016,0.483204650768,0.482821845464,10,4.94004161039
0,EJ-200,650,1,1,scintillation,0.483204650768,0.483970261375,0.483587456071,20,9.88008322078
0,EJ-200,650,1,1,scintillation,0.483970261375,0.484735871983,0.484353066679,14,6.91605825454
0,EJ-200,650,1,1,scintillation,0.484735871983,0.485501482591,0.485118677287,11,5.43404577143
0,EJ-200,650,1,1,scintillation,0.485501482591,0.486267093199,0.485884287895,12,5.92804993247
0,EJ-200,650,1,1,scintillation,0.486267093199,0.487032703807,0.486649898503,18,8.8920748987
0,EJ-200,650,1,1,scintillation,0.487032703807,0.487798314415,0.487415509111,12,5.92804993247
0,EJ-200,650,1,1,scintillation,0.487798314415,0.488563925023,0.488181119719,17,8.39807073766
0,EJ-200,650,1,1,scintillation,0.488563925023,0.48932953563,0.488946730326,21,10.3740873818
0,EJ-200,650,1,1,scintillation,0.48932953563,0.490095146238,0.489712340934,14,6.91605825454
0,EJ-200,650,1,1,scintillation,0.490095146238,0.490860756846,0.490477951542,23,11.3620957039
0,EJ-200,650,1,1,scintillation,0.490860756846,0.491626367454,0.49124356215,27,13.3381123481
0,EJ-200,650,1,1,scintillation,0.491626367454,0.492391978062,0.492009172758,27,13.3381123481
0,EJ-200,650,1,1,scintillation,0.492391978062,0.49315758867,0.492774783366,24,11.8560998649
0,EJ-200,650,1,1,scintillation,0.49315758867,0.493923199278,0.493540393974,27,13.3381123481
0,EJ-200,650,1,1,scintillation,0.493923199278,0.494688809885,0.494306004582,21,10.3740873818
0,EJ-200,650,1,1,scintillation,0.494688809885,0.495454420493,0.495071615189,27,13.3381123481
0,EJ-200,650,1,1,scintillation,0.495454420493,0.496220031101,0.495837225797,28,13.8321165091
0,EJ-200,650,1,1,scintillation,0.496220031101,0.496985641709,0.496602836405,26,12.844108187
0,EJ-200,650,1,1,scintillation,0.496985641709,0.497751252317,0.497368447013,36,17.7841497974
0,EJ-200,650,1,1,scintillation,0.497751252317,0.498516862925,0.498134057621,45,22.2301872468
0,EJ-200,650,1,1,scintillation,0.498516862925,0.499282473533,0.498899668229,35,17.2901456364
0,EJ-200,650,1,1,scintillation,0.499282473533,0.500048084141,0.499665278837,26,12.844108187
0,EJ-200,650,1,1,scintillation,0.500048084141,0.500813694748,0.500430889444,40,19.7601664416
0,EJ-200,650,1,1,scintillation,0.500813694748,0.501579305356,0.501196500052,41,20.2541706026
0,EJ-200,650,1,1,scintillation,0.501579305356,0.502344915964,0.50196211066,40,19.7601664416
0,EJ-200,650,1,1,scintillation,0.502344915964,0.503110526572,0.502727721268,36,17.7841497974
0,EJ-200,650,1,1,scintillation,0.503110526572,0.50387613718,0.503493331876,36,17.7841497974
0,EJ-200,650,1,1,scintillation,0.50387613718,0.504641747788,0.504258942484,36,17.7841497974
0,EJ-200,650,1,1,scintillation,0.504641747788,0.505407358396,0.505024553092,34,16.7961414753
0,EJ-200,650,1,1,scintillation,0.505407358396,0.506172969003,0.5057901637,46,22.7241914078
0,EJ-200,650,1,1,scintillation,0.506172969003,0.506938579611,0.506555774307,48,23.7121997299
0,EJ-200,650,1,1,scintillation,0.506938579611,0.507704190219,0.507321384915,45,22.2301872468
0,EJ-200,650,1,1,scintillation,0.507704190219,0.508469800827,0.508086995523,41,20.2541706026
0,EJ-200,650,1,1,scintillation,0.508469800827,0.509235411435,0.508852606131,40,19.7601664416
0,EJ-200,650,1,1,scintillation,0.509235411435,0.510001022043,0.509618216739,40,19.7601664416
0,EJ-200,650,1,1,scintillation,0.510001022043,0.510766632651,0.510383827347,50,24.7002080519
0,EJ-200,650,1,1,scintillation,0.510766632651,0.511532243259,0.511149437955,51,25.194212213
0,EJ-200,650,1,1,scintillation,0.511532243259,0.512297853866,0.511915048562,43,21.2421789247
0,EJ-200,650,1,1,scintillation,0.512297853866,0.513063464474,0.51268065917,48,23.7121997299
0,EJ-200,650,1,1,scintillation,0.513063464474,0.513829075082,0.513446269778,48,23.7121997299
0,EJ-200,650,1,1,scintillation,0.513829075082,0.51459468569,0.514211880386,45,22.2301872467
0,EJ-200,650,1,1,scintillation,0.51459468569,0.515360296298,0.514977490994,49,24.2062038909
0,EJ-200,650,1,1,scintillation,0.515360296298,0.516125906906,0.515743101602,47,23.2181955688
0,EJ-200,650,1,1,scintillation,0.516125906906,0.516891517514,0.51650871221,65,32.1102704675
0,EJ-200,650,1,1,scintillation,0.516891517514,0.517657128121,0.517274322818,56,27.6642330182
0,EJ-200,650,1,1,scintillation,0.517657128121,0.518422738729,0.518039933425,65,32.1102704675
0,EJ-200,650,1,1,scintillation,0.518422738729,0.519188349337,0.518805544033,56,27.6642330182
0,EJ-200,650,1,1,scintillation,0.519188349337,0.519953959945,0.519571154641,64,31.6162663065
0,EJ-200,650,1,1,scintillation,0.519953959945,0.520719570553,0.520336765249,57,28.1582371792
0,EJ-200,650,1,1,scintillation,0.520719570553,0.521485181161,0.521102375857,46,22.7241914078
0,EJ-200,650,1,1,scintillation,0.521485181161,0.522250791769,0.521867986465,74,36.5563079169
0,EJ-200,650,1,1,scintillation,0.522250791769,0.523016402377,0.522633597073,53,26.1822205351
0,EJ-200,650,1,1,scintillation,0.523016402377,0.523782012984,0.52339920768,62,30.6282579844
0,EJ-200,650,1,1,scintillation,0.523782012984,0.524547623592,0.524164818288,67,33.0982787896
0,EJ-200,650,1,1,scintillation,0.524547623592,0.5253132342,0.524930428896,75,37.0503120779
0,EJ-200,650,1,1,scintillation,0.5253132342,0.526078844808,0.525696039504,42,20.7481747636
0,EJ-200,650,1,1,scintillation,0.526078844808,0.526844455416,0.526461650112,73,36.0623037558
0,EJ-200,650,1,1,scintillation,0.526844455416,0.527610066024,0.52722726072,56,27.6642330182
0,EJ-200,650,1,1,scintillation,0.527610066024,0.528375676632,0.527992871328,43,21.2421789247
0,EJ-200,650,1,1,scintillation,0.528375676632,0.529141287239,0.528758481936,35,17.2901456364
0,EJ-200,650,1,1,scintillation,0.529141287239,0.529906897847,0.529524092543,23,11.3620957039
0,EJ-200,650,1,1,scintillation,0.529906897847,0.530672508455,0.530289703151,11,5.43404577143
0,EJ-200,650,1,1,scintillation,0.530672508455,0.531438119063,0.531055313759,7,3.45802912727
0,EJ-200,650,1,1,scintillation,0.531438119063,0.532203729671,0.531820924367,7,3.45802912727
0,EJ-200,650,1,1,scintillation,0.532203729671,0.532969340279,0.532586534975,2,0.988008322078
0,EJ-200,650,1,1,scintillation,0.532969340279,0.533734950887,0.533352145583,2,0.988008322078
0,EJ-200,650,1,1,scintillation,0.533734950887,0.534500561495,0.534117756191,2,0.988008322078
0,EJ-200,650,1,1,scintillation,0.534500561495,0.535266172102,0.534883366798,2,0.988008322078
0,EJ-200,650,1,1,scintillation,0.535266172102,0.53603178271,0.535648977406,3,1.48201248312
0,EJ-200,650,1,1,scintillation,0.53603178271,0.536797393318,0.536414588014,0,0
0,EJ-200,650,1,1,scintillation,0.536797393318,0.537563003926,0.537180198622,0,0
0,EJ-200,650,1,1,scintillation,0.537563003926,0.538328614534,0.53794580923,0,0
0,EJ-200,650,1,1,scintillation,0.538328614534,0.539094225142,0.538711419838,0,0
0,EJ-200,650,1,2,Cherenkov,0.447220952198,0.447986562806,0.447603757502,7,1.24293488479
0,EJ-200,650,1,2,Cherenkov,0.447986562806,0.448752173414,0.44836936811,3,0.532686379195
0,EJ-200,650,1,2,Cherenkov,0.448752173414,0.449517784021,0.449134978717,6,1.06537275839
0,EJ-200,650,1,2,Cherenkov,0.449517784021,0.450283394629,0.449900589325,10,1.77562126398
0,EJ-200,650,1,2,Cherenkov,0.450283394629,0.451049005237,0.450666199933,9,1.59805913759
0,EJ-200,650,1,2,Cherenkov,0.451049005237,0.451814615845,0.451431810541,4,0.710248505594
0,EJ-200,650,1,2,Cherenkov,0.451814615845,0.452580226453,0.452197421149,4,0.710248505594
0,EJ-200,650,1,2,Cherenkov,0.452580226453,0.453345837061,0.452963031757,13,2.30830764318
0,EJ-200,650,1,2,Cherenkov,0.453345837061,0.454111447669,0.453728642365,13,2.30830764318
0,EJ-200,650,1,2,Cherenkov,0.454111447669,0.454877058276,0.454494252973,11,1.95318339038
0,EJ-200,650,1,2,Cherenkov,0.454877058276,0.455642668884,0.45525986358,12,2.13074551678
0,EJ-200,650,1,2,Cherenkov,0.455642668884,0.456408279492,0.456025474188,15,2.66343189598
0,EJ-200,650,1,2,Cherenkov,0.456408279492,0.4571738901,0.456791084796,13,2.30830764318
0,EJ-200,650,1,2,Cherenkov,0.4571738901,0.457939500708,0.457556695404,9,1.59805913759
0,EJ-200,650,1,2,Cherenkov,0.457939500708,0.458705111316,0.458322306012,17,3.01855614877
0,EJ-200,650,1,2,Cherenkov,0.458705111316,0.459470721924,0.45908791662,24,4.26149103356
0,EJ-200,650,1,2,Cherenkov,0.459470721924,0.460236332532,0.459853527228,14,2.48586976958
0,EJ-200,650,1,2,Cherenkov,0.460236332532,0.461001943139,0.460619137835,14,2.48586976958
0,EJ-200,650,1,2,Cherenkov,0.461001943139,0.461767553747,0.461384748443,18,3.19611827517
0,EJ-200,650,1,2,Cherenkov,0.461767553747,0.462533164355,0.462150359051,13,2.30830764318
0,EJ-200,650,1,2,Cherenkov,0.462533164355,0.463298774963,0.462915969659,13,2.30830764318
0,EJ-200,650,1,2,Cherenkov,0.463298774963,0.464064385571,0.463681580267,21,3.72880465437
0,EJ-200,650,1,2,Cherenkov,0.464064385571,0.464829996179,0.464447190875,17,3.01855614877
0,EJ-200,650,1,2,Cherenkov,0.464829996179,0.465595606787,0.465212801483,18,3.19611827517
0,EJ-200,650,1,2,Cherenkov,0.465595606787,0.466361217394,0.465978412091,16,2.84099402237
0,EJ-200,650,1,2,Cherenkov,0.466361217394,0.467126828002,0.466744022698,22,3.90636678077
0,EJ-200,650,1,2,Cherenkov,0.467126828002,0.46789243861,0.467509633306,29,5.14930166555
0,EJ-200,650,1,2,Cherenkov,0.46789243861,0.468658049218,0.468275243914,16,2.84099402238
0,EJ-200,650,1,2,Cherenkov,0.468658049218,0.469423659826,0.469040854522,24,4.26149103356
0,EJ-200,650,1,2,Cherenkov,0.469423659826,0.470189270434,0.46980646513,24,4.26149103356
0,EJ-200,650,1,2,Cherenkov,0.470189270434,0.470954881042,0.470572075738,20,3.55124252797
0,EJ-200,650,1,2,Cherenkov,0.470954881042,0.47172049165,0.471337686346,22,3.90636678077
0,EJ-200,650,1,2,Cherenkov,0.47172049165,0.472486102257,0.472103296953,22,3.90636678077
0,EJ-200,650,1,2,Cherenkov,0.472486102257,0.473251712865,0.472868907561,18,3.19611827517
0,EJ-200,650,1,2,Cherenkov,0.473251712865,0.474017323473,0.473634518169,13,2.30830764318
0,EJ-200,650,1,2,Cherenkov,0.474017323473,0.474782934081,0.474400128777,21,3.72880465437
0,EJ-200,650,1,2,Cherenkov,0.474782934081,0.475548544689,0.475165739385,13,2.30830764318
0,EJ-200,650,1,2,Cherenkov,0.475548544689,0.476314155297,0.475931349993,19,3.37368040157
0,EJ-200,650,1,2,Cherenkov,0.476314155297,0.477079765905,0.476696960601,17,3.01855614877
0,EJ-200,650,1,2,Cherenkov,0.477079765905,0.477845376512,0.477462571209,20,3.55124252797
0,EJ-200,650,1,2,Cherenkov,0.477845376512,0.47861098712,0.478228181816,22,3.90636678077
0,EJ-200,650,1,2,Cherenkov,0.47861098712,0.479376597728,0.478993792424,20,3.55124252797
0,EJ-200,650,1,2,Cherenkov,0.479376597728,0.480142208336,0.479759403032,18,3.19611827517
0,EJ-200,650,1,2,Cherenkov,0.480142208336,0.480907818944,0.48052501364,14,2.48586976958
0,EJ-200,650,1,2,Cherenkov,0.480907818944,0.481673429552,0.481290624248,19,3.37368040157
0,EJ-200,650,1,2,Cherenkov,0.481673429552,0.48243904016,0.482056234856,12,2.13074551678
0,EJ-200,650,1,2,Cherenkov,0.48243904016,0.483204650768,0.482821845464,18,3.19611827517
0,EJ-200,650,1,2,Cherenkov,0.483204650768,0.483970261375,0.483587456071,10,1.77562126398
0,EJ-200,650,1,2,Cherenkov,0.483970261375,0.484735871983,0.484353066679,9,1.59805913759
0,EJ-200,650,1,2,Cherenkov,0.484735871983,0.485501482591,0.485118677287,21,3.72880465437
0,EJ-200,650,1,2,Cherenkov,0.485501482591,0.486267093199,0.485884287895,17,3.01855614877
0,EJ-200,650,1,2,Cherenkov,0.486267093199,0.487032703807,0.486649898503,15,2.66343189598
0,EJ-200,650,1,2,Cherenkov,0.487032703807,0.487798314415,0.487415509111,9,1.59805913759
0,EJ-200,650,1,2,Cherenkov,0.487798314415,0.488563925023,0.488181119719,14,2.48586976958
0,EJ-200,650,1,2,Cherenkov,0.488563925023,0.48932953563,0.488946730326,11,1.95318339038
0,EJ-200,650,1,2,Cherenkov,0.48932953563,0.490095146238,0.489712340934,7,1.24293488479
0,EJ-200,650,1,2,Cherenkov,0.490095146238,0.490860756846,0.490477951542,8,1.42049701119
0,EJ-200,650,1,2,Cherenkov,0.490860756846,0.491626367454,0.49124356215,10,1.77562126398
0,EJ-200,650,1,2,Cherenkov,0.491626367454,0.492391978062,0.492009172758,9,1.59805913759
0,EJ-200,650,1,2,Cherenkov,0.492391978062,0.49315758867,0.492774783366,9,1.59805913759
0,EJ-200,650,1,2,Cherenkov,0.49315758867,0.493923199278,0.493540393974,8,1.42049701119
0,EJ-200,650,1,2,Cherenkov,0.493923199278,0.494688809885,0.494306004582,9,1.59805913759
0,EJ-200,650,1,2,Cherenkov,0.494688809885,0.495454420493,0.495071615189,9,1.59805913759
0,EJ-200,650,1,2,Cherenkov,0.495454420493,0.496220031101,0.495837225797,10,1.77562126398
0,EJ-200,650,1,2,Cherenkov,0.496220031101,0.496985641709,0.496602836405,13,2.30830764318
0,EJ-200,650,1,2,Cherenkov,0.496985641709,0.497751252317,0.497368447013,14,2.48586976958
0,EJ-200,650,1,2,Cherenkov,0.497751252317,0.498516862925,0.498134057621,7,1.24293488479
0,EJ-200,650,1,2,Cherenkov,0.498516862925,0.499282473533,0.498899668229,12,2.13074551678
0,EJ-200,650,1,2,Cherenkov,0.499282473533,0.500048084141,0.499665278837,5,0.887810631992
0,EJ-200,650,1,2,Cherenkov,0.500048084141,0.500813694748,0.500430889444,6,1.06537275839
0,EJ-200,650,1,2,Cherenkov,0.500813694748,0.501579305356,0.501196500052,5,0.887810631992
0,EJ-200,650,1,2,Cherenkov,0.501579305356,0.502344915964,0.50196211066,3,0.532686379195
0,EJ-200,650,1,2,Cherenkov,0.502344915964,0.503110526572,0.502727721268,5,0.887810631992
0,EJ-200,650,1,2,Cherenkov,0.503110526572,0.50387613718,0.503493331876,4,0.710248505594
0,EJ-200,650,1,2,Cherenkov,0.50387613718,0.504641747788,0.504258942484,7,1.24293488479
0,EJ-200,650,1,2,Cherenkov,0.504641747788,0.505407358396,0.505024553092,7,1.24293488479
0,EJ-200,650,1,2,Cherenkov,0.505407358396,0.506172969003,0.5057901637,6,1.06537275839
0,EJ-200,650,1,2,Cherenkov,0.506172969003,0.506938579611,0.506555774307,5,0.887810631992
0,EJ-200,650,1,2,Cherenkov,0.506938579611,0.507704190219,0.507321384915,12,2.13074551678
0,EJ-200,650,1,2,Cherenkov,0.507704190219,0.508469800827,0.508086995523,10,1.77562126398
0,EJ-200,650,1,2,Cherenkov,0.508469800827,0.509235411435,0.508852606131,9,1.59805913759
0,EJ-200,650,1,2,Cherenkov,0.509235411435,0.510001022043,0.509618216739,5,0.887810631992
0,EJ-200,650,1,2,Cherenkov,0.510001022043,0.510766632651,0.510383827347,5,0.887810631992
0,EJ-200,650,1,2,Cherenkov,0.510766632651,0.511532243259,0.511149437955,1,0.177562126398
0,EJ-200,650,1,2,Cherenkov,0.511532243259,0.512297853866,0.511915048562,6,1.06537275839
0,EJ-200,650,1,2,Cherenkov,0.512297853866,0.513063464474,0.51268065917,4,0.710248505594
0,EJ-200,650,1,2,Cherenkov,0.513063464474,0.513829075082,0.513446269778,6,1.06537275839
0,EJ-200,650,1,2,Cherenkov,0.513829075082,0.51459468569,0.514211880386,13,2.30830764318
0,EJ-200,650,1,2,Cherenkov,0.51459468569,0.515360296298,0.514977490994,3,0.532686379195
0,EJ-200,650,1,2,Cherenkov,0.515360296298,0.516125906906,0.515743101602,2,0.355124252797
0,EJ-200,650,1,2,Cherenkov,0.516125906906,0.516891517514,0.51650871221,3,0.532686379195
0,EJ-200,650,1,2,Cherenkov,0.516891517514,0.517657128121,0.517274322818,3,0.532686379195
0,EJ-200,650,1,2,Cherenkov,0.517657128121,0.518422738729,0.518039933425,1,0.177562126398
0,EJ-200,650,1,2,Cherenkov,0.518422738729,0.519188349337,0.518805544033,1,0.177562126398
0,EJ-200,650,1,2,Cherenkov,0.519188349337,0.519953959945,0.519571154641,7,1.24293488479
0,EJ-200,650,1,2,Cherenkov,0.519953959945,0.520719570553,0.520336765249,3,0.532686379195
0,EJ-200,650,1,2,Cherenkov,0.520719570553,0.521485181161,0.521102375857,4,0.710248505594
0,EJ-200,650,1,2,Cherenkov,0.521485181161,0.522250791769,0.521867986465,4,0.710248505594
0,EJ-200,650,1,2,Cherenkov,0.522250791769,0.523016402377,0.522633597073,4,0.710248505594
0,EJ-200,650,1,2,Cherenkov,0.523016402377,0.523782012984,0.52339920768,6,1.06537275839
0,EJ-200,650,1,2,Cherenkov,0.523782012984,0.524547623592,0.524164818288,4,0.710248505594
0,EJ-200,650,1,2,Cherenkov,0.524547623592,0.5253132342,0.524930428896,1,0.177562126398
0,EJ-200,650,1,2,Cherenkov,0.5253132342,0.526078844808,0.525696039504,3,0.532686379195
0,EJ-200,650,1,2,Cherenkov,0.526078844808,0.526844455416,0.526461650112,365,64.8101761354
0,EJ-200,650,1,2,Cherenkov,0.526844455416,0.527610066024,0.52722726072,1248,221.597533745
0,EJ-200,650,1,2,Cherenkov,0.527610066024,0.528375676632,0.527992871328,1404,249.297225463
0,EJ-200,650,1,2,Cherenkov,0.528375676632,0.529141287239,0.528758481936,1057,187.683167603
0,EJ-200,650,1,2,Cherenkov,0.529141287239,0.529906897847,0.529524092543,735,130.508162903
0,EJ-200,650,1,2,Cherenkov,0.529906897847,0.530672508455,0.530289703151,546,96.9489210136
0,EJ-200,650,1,2,Cherenkov,0.530672508455,0.531438119063,0.531055313759,300,53.2686379195
0,EJ-200,650,1,2,Cherenkov,0.531438119063,0.532203729671,0.531820924367,204,36.2226737853
0,EJ-200,650,1,2,Cherenkov,0.532203729671,0.532969340279,0.532586534975,125,22.1952657998
0,EJ-200,650,1,2,Cherenkov,0.532969340279,0.533734950887,0.533352145583,64,11.3639760895
0,EJ-200,650,1,2,Cherenkov,0.533734950887,0.534500561495,0.534117756191,44,7.81273356153
0,EJ-200,650,1,2,Cherenkov,0.534500561495,0.535266172102,0.534883366798,37,6.56979867674
0,EJ-200,650,1,2,Cherenkov,0.535266172102,0.53603178271,0.535648977406,26,4.61661528636
0,EJ-200,650,1,2,Cherenkov,0.53603178271,0.536797393318,0.536414588014,15,2.66343189598
0,EJ-200,650,1,2,Cherenkov,0.536797393318,0.537563003926,0.537180198622,9,1.59805913759
0,EJ-200,650,1,2,Cherenkov,0.537563003926,0.538328614534,0.53794580923,6,1.06537275839
0,EJ-200,650,1,2,Cherenkov,0.538328614534,0.539094225142,0.538711419838,10,1.77562126398
1,EJ-204,-650,0,0,all,0.447566741619,0.448322751551,0.447944746585,7,0.925913761169
1,EJ-204,-650,0,0,all,0.448322751551,0.449078761483,0.448700756517,5,0.661366972264
1,EJ-204,-650,0,0,all,0.449078761483,0.449834771416,0.44945676645,5,0.661366972264
1,EJ-204,-650,0,0,all,0.449834771416,0.450590781348,0.450212776382,5,0.661366972264
1,EJ-204,-650,0,0,all,0.450590781348,0.451346791281,0.450968786314,6,0.793640366716
1,EJ-204,-650,0,0,all,0.451346791281,0.452102801213,0.451724796247,4,0.529093577811
1,EJ-204,-650,0,0,all,0.452102801213,0.452858811146,0.452480806179,11,1.45500733898
1,EJ-204,-650,0,0,all,0.452858811146,0.453614821078,0.453236816112,8,1.05818715562
1,EJ-204,-650,0,0,all,0.453614821078,0.45437083101,0.453992826044,13,1.71955412789
1,EJ-204,-650,0,0,all,0.45437083101,0.455126840943,0.454748835977,5,0.661366972264
1,EJ-204,-650,0,0,all,0.455126840943,0.455882850875,0.455504845909,9,1.19046055007
1,EJ-204,-650,0,0,all,0.455882850875,0.456638860808,0.456260855841,7,0.925913761169
1,EJ-204,-650,0,0,all,0.456638860808,0.45739487074,0.457016865774,19,2.5131944946
1,EJ-204,-650,0,0,all,0.45739487074,0.458150880672,0.457772875706,16,2.11637431124
1,EJ-204,-650,0,0,all,0.458150880672,0.458906890605,0.458528885639,16,2.11637431124
1,EJ-204,-650,0,0,all,0.458906890605,0.459662900537,0.459284895571,12,1.58728073343
1,EJ-204,-650,0,0,all,0.459662900537,0.46041891047,0.460040905503,14,1.85182752234
1,EJ-204,-650,0,0,all,0.46041891047,0.461174920402,0.460796915436,12,1.58728073343
1,EJ-204,-650,0,0,all,0.461174920402,0.461930930334,0.461552925368,17,2.2486477057
1,EJ-204,-650,0,0,all,0.461930930334,0.462686940267,0.462308935301,20,2.64546788906
1,EJ-204,-650,0,0,all,0.462686940267,0.463442950199,0.463064945233,15,1.98410091679
1,EJ-204,-650,0,0,all,0.463442950199,0.464198960132,0.463820955165,15,1.98410091679
1,EJ-204,-650,0,0,all,0.464198960132,0.464954970064,0.464576965098,21,2.77774128351
1,EJ-204,-650,0,0,all,0.464954970064,0.465710979997,0.46533297503,25,3.30683486132
1,EJ-204,-650,0,0,all,0.465710979997,0.466466989929,0.466088984963,21,2.77774128351
1,EJ-204,-650,0,0,all,0.466466989929,0.467222999861,0.466844994895,20,2.64546788905
1,EJ-204,-650,0,0,all,0.467222999861,0.467979009794,0.467601004828,20,2.64546788905
1,EJ-204,-650,0,0,all,0.467979009794,0.468735019726,0.46835701476,22,2.91001467796
1,EJ-204,-650,0,0,all,0.468735019726,0.469491029659,0.469113024692,29,3.83592843913
1,EJ-204,-650,0,0,all,0.469491029659,0.470247039591,0.469869034625,28,3.70365504468
1,EJ-204,-650,0,0,all,0.470247039591,0.471003049523,0.470625044557,24,3.17456146687
1,EJ-204,-650,0,0,all,0.471003049523,0.471759059456,0.47138105449,30,3.96820183358
1,EJ-204,-650,0,0,all,0.471759059456,0.472515069388,0.472137064422,25,3.30683486132
1,EJ-204,-650,0,0,all,0.472515069388,0.473271079321,0.472893074354,33,4.36502201694
1,EJ-204,-650,0,0,all,0.473271079321,0.474027089253,0.473649084287,35,4.62956880585
1,EJ-204,-650,0,0,all,0.474027089253,0.474783099185,0.474405094219,30,3.96820183358
1,EJ-204,-650,0,0,all,0.474783099185,0.475539109118,0.475161104152,24,3.17456146687
1,EJ-204,-650,0,0,all,0.475539109118,0.47629511905,0.475917114084,35,4.62956880585
1,EJ-204,-650,0,0,all,0.47629511905,0.477051128983,0.476673124016,36,4.7618422003
1,EJ-204,-650,0,0,all,0.477051128983,0.477807138915,0.477429133949,37,4.89411559475
1,EJ-204,-650,0,0,all,0.477807138915,0.478563148847,0.478185143881,36,4.7618422003
1,EJ-204,-650,0,0,all,0.478563148847,0.47931915878,0.478941153814,30,3.96820183358
1,EJ-204,-650,0,0,all,0.47931915878,0.480075168712,0.479697163746,26,3.43910825577
1,EJ-204,-650,0,0,all,0.480075168712,0.480831178645,0.480453173679,33,4.36502201694
1,EJ-204,-650,0,0,all,0.480831178645,0.481587188577,0.481209183611,36,4.7618422003
1,EJ-204,-650,0,0,all,0.481587188577,0.48234319851,0.481965193543,34,4.49729541139
1,EJ-204,-650,0,0,all,0.48234319851,0.483099208442,0.482721203476,32,4.23274862249
1,EJ-204,-650,0,0,all,0.483099208442,0.483855218374,0.483477213408,33,4.36502201694
1,EJ-204,-650,0,0,all,0.483855218374,0.484611228307,0.484233223341,33,4.36502201694
1,EJ-204,-650,0,0,all,0.484611228307,0.485367238239,0.484989233273,30,3.96820183358
1,EJ-204,-650,0,0,all,0.485367238239,0.486123248172,0.485745243205,43,5.68775596147
1,EJ-204,-650,0,0,all,0.486123248172,0.486879258104,0.486501253138,35,4.62956880585
1,EJ-204,-650,0,0,all,0.486879258104,0.487635268036,0.48725726307,34,4.49729541139
1,EJ-204,-650,0,0,all,0.487635268036,0.488391277969,0.488013273003,41,5.42320917256
1,EJ-204,-650,0,0,all,0.488391277969,0.489147287901,0.488769282935,39,5.15866238366
1,EJ-204,-650,0,0,all,0.489147287901,0.489903297834,0.489525292867,49,6.48139632818
1,EJ-204,-650,0,0,all,0.489903297834,0.490659307766,0.4902813028,41,5.42320917256
1,EJ-204,-650,0,0,all,0.490659307766,0.491415317698,0.491037312732,51,6.74594311709
1,EJ-204,-650,0,0,all,0.491415317698,0.492171327631,0.491793322665,35,4.62956880585
1,EJ-204,-650,0,0,all,0.492171327631,0.492927337563,0.492549332597,49,6.48139632818
1,EJ-204,-650,0,0,all,0.492927337563,0.493683347496,0.49330534253,48,6.34912293373
1,EJ-204,-650,0,0,all,0.493683347496,0.494439357428,0.494061352462,44,5.82002935592
1,EJ-204,-650,0,0,all,0.494439357428,0.495195367361,0.494817362394,46,6.08457614483
1,EJ-204,-650,0,0,all,0.495195367361,0.495951377293,0.495573372327,48,6.34912293373
1,EJ-204,-650,0,0,all,0.495951377293,0.496707387225,0.496329382259,55,7.2750366949
1,EJ-204,-650,0,0,all,0.496707387225,0.497463397158,0.497085392192,44,5.82002935592
1,EJ-204,-650,0,0,all,0.497463397158,0.49821940709,0.497841402124,68,8.99459082279
1,EJ-204,-650,0,0,all,0.49821940709,0.498975417023,0.498597412056,65,8.59777063943
1,EJ-204,-650,0,0,all,0.498975417023,0.499731426955,0.499353421989,45,5.95230275037
1,EJ-204,-650,0,0,all,0.499731426955,0.500487436887,0.500109431921,55,7.2750366949
1,EJ-204,-650,0,0,all,0.500487436887,0.50124344682,0.500865441854,40,5.29093577811
1,EJ-204,-650,0,0,all,0.50124344682,0.501999456752,0.501621451786,67,8.86231742833
1,EJ-204,-650,0,0,all,0.501999456752,0.502755466685,0.502377461718,58,7.67185687826
1,EJ-204,-650,0,0,all,0.502755466685,0.503511476617,0.503133471651,58,7.67185687826
1,EJ-204,-650,0,0,all,0.503511476617,0.504267486549,0.503889481583,72,9.5236844006
1,EJ-204,-650,0,0,all,0.504267486549,0.505023496482,0.504645491516,50,6.61366972264
1,EJ-204,-650,0,0,all,0.505023496482,0.505779506414,0.505401501448,59,7.80413027271
1,EJ-204,-650,0,0,all,0.505779506414,0.506535516347,0.50615751138,60,7.93640366716
1,EJ-204,-650,0,0,all,0.506535516347,0.507291526279,0.506913521313,71,9.39141100615
1,EJ-204,-650,0,0,all,0.507291526279,0.508047536212,0.507669531245,60,7.93640366717
1,EJ-204,-650,0,0,all,0.508047536212,0.508803546144,0.508425541178,63,8.33322385052
1,EJ-204,-650,0,0,all,0.508803546144,0.509559556076,0.50918155111,61,8.06867706162
1,EJ-204,-650,0,0,all,0.509559556076,0.510315566009,0.509937561043,74,9.7882311895
1,EJ-204,-650,0,0,all,0.510315566009,0.511071575941,0.510693570975,74,9.7882311895
1,EJ-204,-650,0,0,all,0.511071575941,0.511827585874,0.511449580907,74,9.7882311895
1,EJ-204,-650,0,0,all,0.511827585874,0.512583595806,0.51220559084,80,10.5818715562
1,EJ-204,-650,0,0,all,0.512583595806,0.513339605738,0.512961600772,75,9.92050458396
1,EJ-204,-650,0,0,all,0.513339605738,0.514095615671,0.513717610705,84,11.110965134
1,EJ-204,-650,0,0,all,0.514095615671,0.514851625603,0.514473620637,79,10.4495981618
1,EJ-204,-650,0,0,all,0.514851625603,0.515607635536,0.515229630569,72,9.5236844006
1,EJ-204,-650,0,0,all,0.515607635536,0.516363645468,0.515985640502,94,12.4336990786
1,EJ-204,-650,0,0,all,0.516363645468,0.5171196554,0.516741650434,69,9.12686421724
1,EJ-204,-650,0,0,all,0.5171196554,0.517875665333,0.517497660367,79,10.4495981618
1,EJ-204,-650,0,0,all,0.517875665333,0.518631675265,0.518253670299,75,9.92050458396
1,EJ-204,-650,0,0,all,0.518631675265,0.519387685198,0.519009680231,79,10.4495981618
1,EJ-204,-650,0,0,all,0.519387685198,0.52014369513,0.519765690164,74,9.7882311895
1,EJ-204,-650,0,0,all,0.52014369513,0.520899705063,0.520521700096,74,9.7882311895
1,EJ-204,-650,0,0,all,0.520899705063,0.521655714995,0.521277710029,87,11.5077853174
1,EJ-204,-650,0,0,all,0.521655714995,0.522411724927,0.522033719961,94,12.4336990786
1,EJ-204,-650,0,0,all,0.522411724927,0.52316773486,0.522789729894,89,11.7723321063
1,EJ-204,-650,0,0,all,0.52316773486,0.523923744792,0.523545739826,77,10.1850513729
1,EJ-204,-650,0,0,all,0.523923744792,0.524679754725,0.524301749758,85,11.2432385285
1,EJ-204,-650,0,0,all,0.524679754725,0.525435764657,0.525057759691,79,10.4495981618
1,EJ-204,-650,0,0,all,0.525435764657,0.526191774589,0.525813769623,83,10.9786917396
1,EJ-204,-650,0,0,all,0.526191774589,0.526947784522,0.526569779556,475,62.8298623651
1,EJ-204,-650,0,0,all,0.526947784522,0.527703794454,0.527325789488,1144,151.320763254
1,EJ-204,-650,0,0,all,0.527703794454,0.528459804387,0.52808179942,1105,146.16210087
1,EJ-204,-650,0,0,all,0.528459804387,0.529215814319,0.528837809353,933,123.411077024
1,EJ-204,-650,0,0,all,0.529215814319,0.529971824251,0.529593819285,628,83.0676917163
1,EJ-204,-650,0,0,all,0.529971824251,0.530727834184,0.530349829218,450,59.5230275037
1,EJ-204,-650,0,0,all,0.530727834184,0.531483844116,0.53110583915,306,40.4756587025
1,EJ-204,-650,0,0,all,0.531483844116,0.532239854049,0.531861849082,185,24.4705779738
1,EJ-204,-650,0,0,all,0.532239854049,0.532995863981,0.532617859015,109,14.4177999953
1,EJ-204,-650,0,0,all,0.532995863981,0.533751873913,0.533373868947,65,8.59777063943
1,EJ-204,-650,0,0,all,0.533751873913,0.534507883846,0.53412987888,47,6.21684953928
1,EJ-204,-650,0,0,all,0.534507883846,0.535263893778,0.534885888812,21,2.77774128351
1,EJ-204,-650,0,0,all,0.535263893778,0.536019903711,0.535641898745,25,3.30683486132
1,EJ-204,-650,0,0,all,0.536019903711,0.536775913643,0.536397908677,9,1.19046055007
1,EJ-204,-650,0,0,all,0.536775913643,0.537531923576,0.537153918609,10,1.32273394453
1,EJ-204,-650,0,0,all,0.537531923576,0.538287933508,0.537909928542,5,0.661366972264
1,EJ-204,-650,0,1,scintillation,0.447566741619,0.448322751551,0.447944746585,0,0
1,EJ-204,-650,0,1,scintillation,0.448322751551,0.449078761483,0.448700756517,0,0
1,EJ-204,-650,0,1,scintillation,0.449078761483,0.449834771416,0.44945676645,0,0
1,EJ-204,-650,0,1,scintillation,0.449834771416,0.450590781348,0.450212776382,0,0
1,EJ-204,-650,0,1,scintillation,0.450590781348,0.451346791281,0.450968786314,0,0
1,EJ-204,-650,0,1,scintillation,0.451346791281,0.452102801213,0.451724796247,0,0
1,EJ-204,-650,0,1,scintillation,0.452102801213,0.452858811146,0.452480806179,1,0.35653206052
1,EJ-204,-650,0,1,scintillation,0.452858811146,0.453614821078,0.453236816112,0,0
1,EJ-204,-650,0,1,scintillation,0.453614821078,0.45437083101,0.453992826044,1,0.35653206052
1,EJ-204,-650,0,1,scintillation,0.45437083101,0.455126840943,0.454748835977,0,0
1,EJ-204,-650,0,1,scintillation,0.455126840943,0.455882850875,0.455504845909,1,0.35653206052
1,EJ-204,-650,0,1,scintillation,0.455882850875,0.456638860808,0.456260855841,0,0
1,EJ-204,-650,0,1,scintillation,0.456638860808,0.45739487074,0.457016865774,0,0
1,EJ-204,-650,0,1,scintillation,0.45739487074,0.458150880672,0.457772875706,2,0.713064121039
1,EJ-204,-650,0,1,scintillation,0.458150880672,0.458906890605,0.458528885639,0,0
1,EJ-204,-650,0,1,scintillation,0.458906890605,0.459662900537,0.459284895571,1,0.35653206052
1,EJ-204,-650,0,1,scintillation,0.459662900537,0.46041891047,0.460040905503,1,0.35653206052
1,EJ-204,-650,0,1,scintillation,0.46041891047,0.461174920402,0.460796915436,1,0.35653206052
1,EJ-204,-650,0,1,scintillation,0.461174920402,0.461930930334,0.461552925368,1,0.35653206052
1,EJ-204,-650,0,1,scintillation,0.461930930334,0.462686940267,0.462308935301,2,0.713064121039
1,EJ-204,-650,0,1,scintillation,0.462686940267,0.463442950199,0.463064945233,3,1.06959618156
1,EJ-204,-650,0,1,scintillation,0.463442950199,0.464198960132,0.463820955165,1,0.35653206052
1,EJ-204,-650,0,1,scintillation,0.464198960132,0.464954970064,0.464576965098,1,0.35653206052
1,EJ-204,-650,0,1,scintillation,0.464954970064,0.465710979997,0.46533297503,2,0.713064121039
1,EJ-204,-650,0,1,scintillation,0.465710979997,0.466466989929,0.466088984963,2,0.713064121039
1,EJ-204,-650,0,1,scintillation,0.466466989929,0.467222999861,0.466844994895,1,0.35653206052
1,EJ-204,-650,0,1,scintillation,0.467222999861,0.467979009794,0.467601004828,3,1.06959618156
1,EJ-204,-650,0,1,scintillation,0.467979009794,0.468735019726,0.46835701476,5,1.7826603026
1,EJ-204,-650,0,1,scintillation,0.468735019726,0.469491029659,0.469113024692,10,3.5653206052
1,EJ-204,-650,0,1,scintillation,0.469491029659,0.470247039591,0.469869034625,9,3.20878854468
1,EJ-204,-650,0,1,scintillation,0.470247039591,0.471003049523,0.470625044557,5,1.7826603026
1,EJ-204,-650,0,1,scintillation,0.471003049523,0.471759059456,0.47138105449,7,2.49572442364
1,EJ-204,-650,0,1,scintillation,0.471759059456,0.472515069388,0.472137064422,5,1.7826603026
1,EJ-204,-650,0,1,scintillation,0.472515069388,0.473271079321,0.472893074354,10,3.5653206052
1,EJ-204,-650,0,1,scintillation,0.473271079321,0.474027089253,0.473649084287,13,4.63491678675
1,EJ-204,-650,0,1,scintillation,0.474027089253,0.474783099185,0.474405094219,9,3.20878854468
1,EJ-204,-650,0,1,scintillation,0.474783099185,0.475539109118,0.475161104152,12,4.27838472623
1,EJ-204,-650,0,1,scintillation,0.475539109118,0.47629511905,0.475917114084,17,6.06104502883
1,EJ-204,-650,0,1,scintillation,0.47629511905,0.477051128983,0.476673124016,15,5.34798090779
1,EJ-204,-650,0,1,scintillation,0.477051128983,0.477807138915,0.477429133949,12,4.27838472623
1,EJ-204,-650,0,1,scintillation,0.477807138915,0.478563148847,0.478185143881,16,5.70451296831
1,EJ-204,-650,0,1,scintillation,0.478563148847,0.47931915878,0.478941153814,11,3.92185266571
1,EJ-204,-650,0,1,scintillation,0.47931915878,0.480075168712,0.479697163746,13,4.63491678675
1,EJ-204,-650,0,1,scintillation,0.480075168712,0.480831178645,0.480453173679,18,6.41757708935
1,EJ-204,-650,0,1,scintillation,0.480831178645,0.481587188577,0.481209183611,17,6.06104502883
1,EJ-204,-650,0,1,scintillation,0.481587188577,0.48234319851,0.481965193543,15,5.34798090779
1,EJ-204,-650,0,1,scintillation,0.48234319851,0.483099208442,0.482721203476,17,6.06104502883
1,EJ-204,-650,0,1,scintillation,0.483099208442,0.483855218374,0.483477213408,20,7.13064121039
1,EJ-204,-650,0,1,scintillation,0.483855218374,0.484611228307,0.484233223341,21,7.48717327091
1,EJ-204,-650,0,1,scintillation,0.484611228307,0.485367238239,0.484989233273,21,7.48717327091
1,EJ-204,-650,0,1,scintillation,0.485367238239,0.486123248172,0.485745243205,30,10.6959618156
1,EJ-204,-650,0,1,scintillation,0.486123248172,0.486879258104,0.486501253138,22,7.84370533143
1,EJ-204,-650,0,1,scintillation,0.486879258104,0.487635268036,0.48725726307,22,7.84370533143
1,EJ-204,-650,0,1,scintillation,0.487635268036,0.488391277969,0.488013273003,26,9.26983357351
1,EJ-204,-650,0,1,scintillation,0.488391277969,0.489147287901,0.488769282935,29,10.3394297551
1,EJ-204,-650,0,1,scintillation,0.489147287901,0.489903297834,0.489525292867,34,12.1220900577
1,EJ-204,-650,0,1,scintillation,0.489903297834,0.490659307766,0.4902813028,31,11.0524938761
1,EJ-204,-650,0,1,scintillation,0.490659307766,0.491415317698,0.491037312732,40,14.2612824208
1,EJ-204,-650,0,1,scintillation,0.491415317698,0.492171327631,0.491793322665,28,9.98289769455
1,EJ-204,-650,0,1,scintillation,0.492171327631,0.492927337563,0.492549332597,34,12.1220900577
1,EJ-204,-650,0,1,scintillation,0.492927337563,0.493683347496,0.49330534253,41,14.6178144813
1,EJ-204,-650,0,1,scintillation,0.493683347496,0.494439357428,0.494061352462,36,12.8351541787
1,EJ-204,-650,0,1,scintillation,0.494439357428,0.495195367361,0.494817362394,38,13.5482182997
1,EJ-204,-650,0,1,scintillation,0.495195367361,0.495951377293,0.495573372327,38,13.5482182997
1,EJ-204,-650,0,1,scintillation,0.495951377293,0.496707387225,0.496329382259,50,17.826603026
1,EJ-204,-650,0,1,scintillation,0.496707387225,0.497463397158,0.497085392192,39,13.9047503603
1,EJ-204,-650,0,1,scintillation,0.497463397158,0.49821940709,0.497841402124,63,22.4615198127
1,EJ-204,-650,0,1,scintillation,0.49821940709,0.498975417023,0.498597412056,57,20.3223274496
1,EJ-204,-650,0,1,scintillation,0.498975417023,0.499731426955,0.499353421989,41,14.6178144813
1,EJ-204,-650,0,1,scintillation,0.499731426955,0.500487436887,0.500109431921,46,16.4004747839
1,EJ-204,-650,0,1,scintillation,0.500487436887,0.50124344682,0.500865441854,36,12.8351541787
1,EJ-204,-650,0,1,scintillation,0.50124344682,0.501999456752,0.501621451786,60,21.3919236312
1,EJ-204,-650,0,1,scintillation,0.501999456752,0.502755466685,0.502377461718,47,16.7570068444
1,EJ-204,-650,0,1,scintillation,0.502755466685,0.503511476617,0.503133471651,54,19.2527312681
1,EJ-204,-650,0,1,scintillation,0.503511476617,0.504267486549,0.503889481583,66,23.5311159943
1,EJ-204,-650,0,1,scintillation,0.504267486549,0.505023496482,0.504645491516,47,16.7570068444
1,EJ-204,-650,0,1,scintillation,0.505023496482,0.505779506414,0.505401501448,53,18.8961992075
1,EJ-204,-650,0,1,scintillation,0.505779506414,0.506535516347,0.50615751138,55,19.6092633286
1,EJ-204,-650,0,1,scintillation,0.506535516347,0.507291526279,0.506913521313,67,23.8876480548
1,EJ-204,-650,0,1,scintillation,0.507291526279,0.508047536212,0.507669531245,53,18.8961992075
1,EJ-204,-650,0,1,scintillation,0.508047536212,0.508803546144,0.508425541178,57,20.3223274496
1,EJ-204,-650,0,1,scintillation,0.508803546144,0.509559556076,0.50918155111,59,21.0353915707
1,EJ-204,-650,0,1,scintillation,0.509559556076,0.510315566009,0.509937561043,69,24.6007121758
1,EJ-204,-650,0,1,scintillation,0.510315566009,0.511071575941,0.510693570975,67,23.8876480548
1,EJ-204,-650,0,1,scintillation,0.511071575941,0.511827585874,0.511449580907,68,24.2441801153
1,EJ-204,-650,0,1,scintillation,0.511827585874,0.512583595806,0.51220559084,77,27.45296866
1,EJ-204,-650,0,1,scintillation,0.512583595806,0.513339605738,0.512961600772,69,24.6007121758
1,EJ-204,-650,0,1,scintillation,0.513339605738,0.514095615671,0.513717610705,81,28.8790969021
1,EJ-204,-650,0,1,scintillation,0.514095615671,0.514851625603,0.514473620637,77,27.45296866
1,EJ-204,-650,0,1,scintillation,0.514851625603,0.515607635536,0.515229630569,67,23.8876480548
1,EJ-204,-650,0,1,scintillation,0.515607635536,0.516363645468,0.515985640502,87,31.0182892652
1,EJ-204,-650,0,1,scintillation,0.516363645468,0.5171196554,0.516741650434,66,23.5311159943
1,EJ-204,-650,0,1,scintillation,0.5171196554,0.517875665333,0.517497660367,75,26.739904539
1,EJ-204,-650,0,1,scintillation,0.517875665333,0.518631675265,0.518253670299,69,24.6007121758
1,EJ-204,-650,0,1,scintillation,0.518631675265,0.519387685198,0.519009680231,76,27.0964365995
1,EJ-204,-650,0,1,scintillation,0.519387685198,0.52014369513,0.519765690164,69,24.6007121758
1,EJ-204,-650,0,1,scintillation,0.52014369513,0.520899705063,0.520521700096,71,25.3137762969
1,EJ-204,-650,0,1,scintillation,0.520899705063,0.521655714995,0.521277710029,86,30.6617572047
1,EJ-204,-650,0,1,scintillation,0.521655714995,0.522411724927,0.522033719961,93,33.1574816283
1,EJ-204,-650,0,1,scintillation,0.522411724927,0.52316773486,0.522789729894,86,30.6617572047
1,EJ-204,-650,0,1,scintillation,0.52316773486,0.523923744792,0.523545739826,74,26.3833724784
1,EJ-204,-650,0,1,scintillation,0.523923744792,0.524679754725,0.524301749758,83,29.5921610231
1,EJ-204,-650,0,1,scintillation,0.524679754725,0.525435764657,0.525057759691,76,27.0964365995
1,EJ-204,-650,0,1,scintillation,0.525435764657,0.526191774589,0.525813769623,82,29.2356289626
1,EJ-204,-650,0,1,scintillation,0.526191774589,0.526947784522,0.526569779556,89,31.7313533862
1,EJ-204,-650,0,1,scintillation,0.526947784522,0.527703794454,0.527325789488,75,26.739904539
1,EJ-204,-650,0,1,scintillation,0.527703794454,0.528459804387,0.52808179942,48,17.1135389049
1,EJ-204,-650,0,1,scintillation,0.528459804387,0.529215814319,0.528837809353,42,14.9743465418
1,EJ-204,-650,0,1,scintillation,0.529215814319,0.529971824251,0.529593819285,25,8.91330151299
1,EJ-204,-650,0,1,scintillation,0.529971824251,0.530727834184,0.530349829218,12,4.27838472623
1,EJ-204,-650,0,1,scintillation,0.530727834184,0.531483844116,0.53110583915,12,4.27838472623
1,EJ-204,-650,0,1,scintillation,0.531483844116,0.532239854049,0.531861849082,7,2.49572442364
1,EJ-204,-650,0,1,scintillation,0.532239854049,0.532995863981,0.532617859015,5,1.7826603026
1,EJ-204,-650,0,1,scintillation,0.532995863981,0.533751873913,0.533373868947,2,0.713064121039
1,EJ-204,-650,0,1,scintillation,0.533751873913,0.534507883846,0.53412987888,2,0.713064121039
1,EJ-204,-650,0,1,scintillation,0.534507883846,0.535263893778,0.534885888812,0,0
1,EJ-204,-650,0,1,scintillation,0.535263893778,0.536019903711,0.535641898745,0,0
1,EJ-204,-650,0,1,scintillation,0.536019903711,0.536775913643,0.536397908677,0,0
1,EJ-204,-650,0,1,scintillation,0.536775913643,0.537531923576,0.537153918609,1,0.35653206052
1,EJ-204,-650,0,1,scintillation,0.537531923576,0.538287933508,0.537909928542,0,0
1,EJ-204,-650,0,2,Cherenkov,0.447566741619,0.448322751551,0.447944746585,7,1.47204095575
1,EJ-204,-650,0,2,Cherenkov,0.448322751551,0.449078761483,0.448700756517,5,1.05145782554
1,EJ-204,-650,0,2,Cherenkov,0.449078761483,0.449834771416,0.44945676645,5,1.05145782554
1,EJ-204,-650,0,2,Cherenkov,0.449834771416,0.450590781348,0.450212776382,5,1.05145782554
1,EJ-204,-650,0,2,Cherenkov,0.450590781348,0.451346791281,0.450968786314,6,1.26174939065
1,EJ-204,-650,0,2,Cherenkov,0.451346791281,0.452102801213,0.451724796247,4,0.841166260431
1,EJ-204,-650,0,2,Cherenkov,0.452102801213,0.452858811146,0.452480806179,10,2.10291565108
1,EJ-204,-650,0,2,Cherenkov,0.452858811146,0.453614821078,0.453236816112,8,1.68233252086
1,EJ-204,-650,0,2,Cherenkov,0.453614821078,0.45437083101,0.453992826044,12,2.52349878129
1,EJ-204,-650,0,2,Cherenkov,0.45437083101,0.455126840943,0.454748835977,5,1.05145782554
1,EJ-204,-650,0,2,Cherenkov,0.455126840943,0.455882850875,0.455504845909,8,1.68233252086
1,EJ-204,-650,0,2,Cherenkov,0.455882850875,0.456638860808,0.456260855841,7,1.47204095575
1,EJ-204,-650,0,2,Cherenkov,0.456638860808,0.45739487074,0.457016865774,19,3.99553973705
1,EJ-204,-650,0,2,Cherenkov,0.45739487074,0.458150880672,0.457772875706,14,2.94408191151
1,EJ-204,-650,0,2,Cherenkov,0.458150880672,0.458906890605,0.458528885639,16,3.36466504172
1,EJ-204,-650,0,2,Cherenkov,0.458906890605,0.459662900537,0.459284895571,11,2.31320721618
1,EJ-204,-650,0,2,Cherenkov,0.459662900537,0.46041891047,0.460040905503,13,2.7337903464
1,EJ-204,-650,0,2,Cherenkov,0.46041891047,0.461174920402,0.460796915436,11,2.31320721618
1,EJ-204,-650,0,2,Cherenkov,0.461174920402,0.461930930334,0.461552925368,16,3.36466504172
1,EJ-204,-650,0,2,Cherenkov,0.461930930334,0.462686940267,0.462308935301,18,3.78524817194
1,EJ-204,-650,0,2,Cherenkov,0.462686940267,0.463442950199,0.463064945233,12,2.52349878129
1,EJ-204,-650,0,2,Cherenkov,0.463442950199,0.464198960132,0.463820955165,14,2.94408191151
1,EJ-204,-650,0,2,Cherenkov,0.464198960132,0.464954970064,0.464576965098,20,4.20583130215
1,EJ-204,-650,0,2,Cherenkov,0.464954970064,0.465710979997,0.46533297503,23,4.83670599748
1,EJ-204,-650,0,2,Cherenkov,0.465710979997,0.466466989929,0.466088984963,19,3.99553973705
1,EJ-204,-650,0,2,Cherenkov,0.466466989929,0.467222999861,0.466844994895,19,3.99553973705
1,EJ-204,-650,0,2,Cherenkov,0.467222999861,0.467979009794,0.467601004828,17,3.57495660683
1,EJ-204,-650,0,2,Cherenkov,0.467979009794,0.468735019726,0.46835701476,17,3.57495660683
1,EJ-204,-650,0,2,Cherenkov,0.468735019726,0.469491029659,0.469113024692,19,3.99553973705
1,EJ-204,-650,0,2,Cherenkov,0.469491029659,0.470247039591,0.469869034625,19,3.99553973705
1,EJ-204,-650,0,2,Cherenkov,0.470247039591,0.471003049523,0.470625044557,19,3.99553973705
1,EJ-204,-650,0,2,Cherenkov,0.471003049523,0.471759059456,0.47138105449,23,4.83670599748
1,EJ-204,-650,0,2,Cherenkov,0.471759059456,0.472515069388,0.472137064422,20,4.20583130215
1,EJ-204,-650,0,2,Cherenkov,0.472515069388,0.473271079321,0.472893074354,23,4.83670599748
1,EJ-204,-650,0,2,Cherenkov,0.473271079321,0.474027089253,0.473649084287,22,4.62641443237
1,EJ-204,-650,0,2,Cherenkov,0.474027089253,0.474783099185,0.474405094219,21,4.41612286726
1,EJ-204,-650,0,2,Cherenkov,0.474783099185,0.475539109118,0.475161104152,12,2.52349878129
1,EJ-204,-650,0,2,Cherenkov,0.475539109118,0.47629511905,0.475917114084,18,3.78524817194
1,EJ-204,-650,0,2,Cherenkov,0.47629511905,0.477051128983,0.476673124016,21,4.41612286726
1,EJ-204,-650,0,2,Cherenkov,0.477051128983,0.477807138915,0.477429133949,25,5.25728912769
1,EJ-204,-650,0,2,Cherenkov,0.477807138915,0.478563148847,0.478185143881,20,4.20583130215
1,EJ-204,-650,0,2,Cherenkov,0.478563148847,0.47931915878,0.478941153814,19,3.99553973705
1,EJ-204,-650,0,2,Cherenkov,0.47931915878,0.480075168712,0.479697163746,13,2.7337903464
1,EJ-204,-650,0,2,Cherenkov,0.480075168712,0.480831178645,0.480453173679,15,3.15437347662
1,EJ-204,-650,0,2,Cherenkov,0.480831178645,0.481587188577,0.481209183611,19,3.99553973705
1,EJ-204,-650,0,2,Cherenkov,0.481587188577,0.48234319851,0.481965193543,19,3.99553973705
1,EJ-204,-650,0,2,Cherenkov,0.48234319851,0.483099208442,0.482721203476,15,3.15437347662
1,EJ-204,-650,0,2,Cherenkov,0.483099208442,0.483855218374,0.483477213408,13,2.7337903464
1,EJ-204,-650,0,2,Cherenkov,0.483855218374,0.484611228307,0.484233223341,12,2.52349878129
1,EJ-204,-650,0,2,Cherenkov,0.484611228307,0.485367238239,0.484989233273,9,1.89262408597
1,EJ-204,-650,0,2,Cherenkov,0.485367238239,0.486123248172,0.485745243205,13,2.7337903464
1,EJ-204,-650,0,2,Cherenkov,0.486123248172,0.486879258104,0.486501253138,13,2.7337903464
1,EJ-204,-650,0,2,Cherenkov,0.486879258104,0.487635268036,0.48725726307,12,2.52349878129
1,EJ-204,-650,0,2,Cherenkov,0.487635268036,0.488391277969,0.488013273003,15,3.15437347662
1,EJ-204,-650,0,2,Cherenkov,0.488391277969,0.489147287901,0.488769282935,10,2.10291565108
1,EJ-204,-650,0,2,Cherenkov,0.489147287901,0.489903297834,0.489525292867,15,3.15437347662
1,EJ-204,-650,0,2,Cherenkov,0.489903297834,0.490659307766,0.4902813028,10,2.10291565108
1,EJ-204,-650,0,2,Cherenkov,0.490659307766,0.491415317698,0.491037312732,11,2.31320721618
1,EJ-204,-650,0,2,Cherenkov,0.491415317698,0.492171327631,0.491793322665,7,1.47204095575
1,EJ-204,-650,0,2,Cherenkov,0.492171327631,0.492927337563,0.492549332597,15,3.15437347662
1,EJ-204,-650,0,2,Cherenkov,0.492927337563,0.493683347496,0.49330534253,7,1.47204095575
1,EJ-204,-650,0,2,Cherenkov,0.493683347496,0.494439357428,0.494061352462,8,1.68233252086
1,EJ-204,-650,0,2,Cherenkov,0.494439357428,0.495195367361,0.494817362394,8,1.68233252086
1,EJ-204,-650,0,2,Cherenkov,0.495195367361,0.495951377293,0.495573372327,10,2.10291565108
1,EJ-204,-650,0,2,Cherenkov,0.495951377293,0.496707387225,0.496329382259,5,1.05145782554
1,EJ-204,-650,0,2,Cherenkov,0.496707387225,0.497463397158,0.497085392192,5,1.05145782554
1,EJ-204,-650,0,2,Cherenkov,0.497463397158,0.49821940709,0.497841402124,5,1.05145782554
1,EJ-204,-650,0,2,Cherenkov,0.49821940709,0.498975417023,0.498597412056,8,1.68233252086
1,EJ-204,-650,0,2,Cherenkov,0.498975417023,0.499731426955,0.499353421989,4,0.841166260431
1,EJ-204,-650,0,2,Cherenkov,0.499731426955,0.500487436887,0.500109431921,9,1.89262408597
1,EJ-204,-650,0,2,Cherenkov,0.500487436887,0.50124344682,0.500865441854,4,0.841166260431
1,EJ-204,-650,0,2,Cherenkov,0.50124344682,0.501999456752,0.501621451786,7,1.47204095575
1,EJ-204,-650,0,2,Cherenkov,0.501999456752,0.502755466685,0.502377461718,11,2.31320721618
1,EJ-204,-650,0,2,Cherenkov,0.502755466685,0.503511476617,0.503133471651,4,0.841166260431
1,EJ-204,-650,0,2,Cherenkov,0.503511476617,0.504267486549,0.503889481583,6,1.26174939065
1,EJ-204,-650,0,2,Cherenkov,0.504267486549,0.505023496482,0.504645491516,3,0.630874695323
1,EJ-204,-650,0,2,Cherenkov,0.505023496482,0.505779506414,0.505401501448,6,1.26174939065
1,EJ-204,-650,0,2,Cherenkov,0.505779506414,0.506535516347,0.50615751138,5,1.05145782554
1,EJ-204,-650,0,2,Cherenkov,0.506535516347,0.507291526279,0.506913521313,4,0.841166260431
1,EJ-204,-650,0,2,Cherenkov,0.507291526279,0.508047536212,0.507669531245,7,1.47204095575
1,EJ-204,-650,0,2,Cherenkov,0.508047536212,0.508803546144,0.508425541178,6,1.26174939065
1,EJ-204,-650,0,2,Cherenkov,0.508803546144,0.509559556076,0.50918155111,2,0.420583130215
1,EJ-204,-650,0,2,Cherenkov,0.509559556076,0.510315566009,0.509937561043,5,1.05145782554
1,EJ-204,-650,0,2,Cherenkov,0.510315566009,0.511071575941,0.510693570975,7,1.47204095575
1,EJ-204,-650,0,2,Cherenkov,0.511071575941,0.511827585874,0.511449580907,6,1.26174939065
1,EJ-204,-650,0,2,Cherenkov,0.511827585874,0.512583595806,0.51220559084,3,0.630874695323
1,EJ-204,-650,0,2,Cherenkov,0.512583595806,0.513339605738,0.512961600772,6,1.26174939065
1,EJ-204,-650,0,2,Cherenkov,0.513339605738,0.514095615671,0.513717610705,3,0.630874695323
1,EJ-204,-650,0,2,Cherenkov,0.514095615671,0.514851625603,0.514473620637,2,0.420583130215
1,EJ-204,-650,0,2,Cherenkov,0.514851625603,0.515607635536,0.515229630569,5,1.05145782554
1,EJ-204,-650,0,2,Cherenkov,0.515607635536,0.516363645468,0.515985640502,7,1.47204095575
1,EJ-204,-650,0,2,Cherenkov,0.516363645468,0.5171196554,0.516741650434,3,0.630874695323
1,EJ-204,-650,0,2,Cherenkov,0.5171196554,0.517875665333,0.517497660367,4,0.841166260431
1,EJ-204,-650,0,2,Cherenkov,0.517875665333,0.518631675265,0.518253670299,6,1.26174939065
1,EJ-204,-650,0,2,Cherenkov,0.518631675265,0.519387685198,0.519009680231,3,0.630874695323
1,EJ-204,-650,0,2,Cherenkov,0.519387685198,0.52014369513,0.519765690164,5,1.05145782554
1,EJ-204,-650,0,2,Cherenkov,0.52014369513,0.520899705063,0.520521700096,3,0.630874695323
1,EJ-204,-650,0,2,Cherenkov,0.520899705063,0.521655714995,0.521277710029,1,0.210291565108
1,EJ-204,-650,0,2,Cherenkov,0.521655714995,0.522411724927,0.522033719961,1,0.210291565108
1,EJ-204,-650,0,2,Cherenkov,0.522411724927,0.52316773486,0.522789729894,3,0.630874695323
1,EJ-204,-650,0,2,Cherenkov,0.52316773486,0.523923744792,0.523545739826,3,0.630874695323
1,EJ-204,-650,0,2,Cherenkov,0.523923744792,0.524679754725,0.524301749758,2,0.420583130215
1,EJ-204,-650,0,2,Cherenkov,0.524679754725,0.525435764657,0.525057759691,3,0.630874695323
1,EJ-204,-650,0,2,Cherenkov,0.525435764657,0.526191774589,0.525813769623,1,0.210291565108
1,EJ-204,-650,0,2,Cherenkov,0.526191774589,0.526947784522,0.526569779556,386,81.1725441316
1,EJ-204,-650,0,2,Cherenkov,0.526947784522,0.527703794454,0.527325789488,1069,224.8016831
1,EJ-204,-650,0,2,Cherenkov,0.527703794454,0.528459804387,0.52808179942,1057,222.278184319
1,EJ-204,-650,0,2,Cherenkov,0.528459804387,0.529215814319,0.528837809353,891,187.369784511
1,EJ-204,-650,0,2,Cherenkov,0.529215814319,0.529971824251,0.529593819285,603,126.80581376
1,EJ-204,-650,0,2,Cherenkov,0.529971824251,0.530727834184,0.530349829218,438,92.1077055172
1,EJ-204,-650,0,2,Cherenkov,0.530727834184,0.531483844116,0.53110583915,294,61.8257201417
1,EJ-204,-650,0,2,Cherenkov,0.531483844116,0.532239854049,0.531861849082,178,37.4318985892
1,EJ-204,-650,0,2,Cherenkov,0.532239854049,0.532995863981,0.532617859015,104,21.8703227712
1,EJ-204,-650,0,2,Cherenkov,0.532995863981,0.533751873913,0.533373868947,63,13.2483686018
1,EJ-204,-650,0,2,Cherenkov,0.533751873913,0.534507883846,0.53412987888,45,9.46312042985
1,EJ-204,-650,0,2,Cherenkov,0.534507883846,0.535263893778,0.534885888812,21,4.41612286726
1,EJ-204,-650,0,2,Cherenkov,0.535263893778,0.536019903711,0.535641898745,25,5.25728912769
1,EJ-204,-650,0,2,Cherenkov,0.536019903711,0.536775913643,0.536397908677,9,1.89262408597
1,EJ-204,-650,0,2,Cherenkov,0.536775913643,0.537531923576,0.537153918609,9,1.89262408597
1,EJ-204,-650,0,2,Cherenkov,0.537531923576,0.538287933508,0.537909928542,5,1.05145782554
1,EJ-204,650,1,0,all,0.446312735835,0.447076758543,0.446694747189,1,0.130886162119
1,EJ-204,650,1,0,all,0.447076758543,0.447840781251,0.447458769897,2,0.261772324238
1,EJ-204,650,1,0,all,0.447840781251,0.448604803958,0.448222792604,4,0.523544648476
1,EJ-204,650,1,0,all,0.448604803958,0.449368826666,0.448986815312,5,0.654430810595
1,EJ-204,650,1,0,all,0.449368826666,0.450132849374,0.44975083802,6,0.785316972714
1,EJ-204,650,1,0,all,0.450132849374,0.450896872082,0.450514860728,8,1.04708929695
1,EJ-204,650,1,0,all,0.450896872082,0.45166089479,0.451278883436,7,0.916203134833
1,EJ-204,650,1,0,all,0.45166089479,0.452424917498,0.452042906144,16,2.0941785939
1,EJ-204,650,1,0,all,0.452424917498,0.453188940205,0.452806928851,9,1.17797545907
1,EJ-204,650,1,0,all,0.453188940205,0.453952962913,0.453570951559,10,1.30886162119
1,EJ-204,650,1,0,all,0.453952962913,0.454716985621,0.454334974267,11,1.43974778331
1,EJ-204,650,1,0,all,0.454716985621,0.455481008329,0.455098996975,12,1.57063394543
1,EJ-204,650,1,0,all,0.455481008329,0.456245031037,0.455863019683,11,1.43974778331
1,EJ-204,650,1,0,all,0.456245031037,0.457009053745,0.456627042391,7,0.916203134833
1,EJ-204,650,1,0,all,0.457009053745,0.457773076452,0.457391065098,9,1.17797545907
1,EJ-204,650,1,0,all,0.457773076452,0.45853709916,0.458155087806,9,1.17797545907
1,EJ-204,650,1,0,all,0.45853709916,0.459301121868,0.458919110514,17,2.22506475602
1,EJ-204,650,1,0,all,0.459301121868,0.460065144576,0.459683133222,20,2.61772324238
1,EJ-204,650,1,0,all,0.460065144576,0.460829167284,0.46044715593,16,2.0941785939
1,EJ-204,650,1,0,all,0.460829167284,0.461593189992,0.461211178638,21,2.7486094045
1,EJ-204,650,1,0,all,0.461593189992,0.462357212699,0.461975201345,14,1.83240626967
1,EJ-204,650,1,0,all,0.462357212699,0.463121235407,0.462739224053,16,2.0941785939
1,EJ-204,650,1,0,all,0.463121235407,0.463885258115,0.463503246761,14,1.83240626967
1,EJ-204,650,1,0,all,0.463885258115,0.464649280823,0.464267269469,25,3.27215405298
1,EJ-204,650,1,0,all,0.464649280823,0.465413303531,0.465031292177,22,2.87949556662
1,EJ-204,650,1,0,all,0.465413303531,0.466177326239,0.465795314885,25,3.27215405298
1,EJ-204,650,1,0,all,0.466177326239,0.466941348946,0.466559337592,22,2.87949556662
1,EJ-204,650,1,0,all,0.466941348946,0.467705371654,0.4673233603,25,3.27215405298
1,EJ-204,650,1,0,all,0.467705371654,0.468469394362,0.468087383008,22,2.87949556662
1,EJ-204,650,1,0,all,0.468469394362,0.46923341707,0.468851405716,24,3.14126789086
1,EJ-204,650,1,0,all,0.46923341707,0.469997439778,0.469615428424,23,3.01038172874
1,EJ-204,650,1,0,all,0.469997439778,0.470761462486,0.470379451132,26,3.4030402151
1,EJ-204,650,1,0,all,0.470761462486,0.471525485193,0.471143473839,27,3.53392637721
1,EJ-204,650,1,0,all,0.471525485193,0.472289507901,0.471907496547,33,4.31924334993
1,EJ-204,650,1,0,all,0.472289507901,0.473053530609,0.472671519255,40,5.23544648476
1,EJ-204,650,1,0,all,0.473053530609,0.473817553317,0.473435541963,32,4.18835718781
1,EJ-204,650,1,0,all,0.473817553317,0.474581576025,0.474199564671,23,3.01038172874
1,EJ-204,650,1,0,all,0.474581576025,0.475345598733,0.474963587379,21,2.7486094045
1,EJ-204,650,1,0,all,0.475345598733,0.47610962144,0.475727610086,27,3.53392637721
1,EJ-204,650,1,0,all,0.47610962144,0.476873644148,0.476491632794,33,4.31924334993
1,EJ-204,650,1,0,all,0.476873644148,0.477637666856,0.477255655502,29,3.79569870145
1,EJ-204,650,1,0,all,0.477637666856,0.478401689564,0.47801967821,28,3.66481253933
1,EJ-204,650,1,0,all,0.478401689564,0.479165712272,0.478783700918,30,3.92658486357
1,EJ-204,650,1,0,all,0.479165712272,0.47992973498,0.479547723626,23,3.01038172874
1,EJ-204,650,1,0,all,0.47992973498,0.480693757687,0.480311746333,34,4.45012951205
1,EJ-204,650,1,0,all,0.480693757687,0.481457780395,0.481075769041,28,3.66481253933
1,EJ-204,650,1,0,all,0.481457780395,0.482221803103,0.481839791749,24,3.14126789086
1,EJ-204,650,1,0,all,0.482221803103,0.482985825811,0.482603814457,43,5.62810497112
1,EJ-204,650,1,0,all,0.482985825811,0.483749848519,0.483367837165,39,5.10456032264
1,EJ-204,650,1,0,all,0.483749848519,0.484513871227,0.484131859873,37,4.84278799841
1,EJ-204,650,1,0,all,0.484513871227,0.485277893934,0.48489588258,39,5.10456032264
1,EJ-204,650,1,0,all,0.485277893934,0.486041916642,0.485659905288,36,4.71190183629
1,EJ-204,650,1,0,all,0.486041916642,0.48680593935,0.486423927996,47,6.1516496196
1,EJ-204,650,1,0,all,0.48680593935,0.487569962058,0.487187950704,47,6.1516496196
1,EJ-204,650,1,0,all,0.487569962058,0.488333984766,0.487951973412,43,5.62810497112
1,EJ-204,650,1,0,all,0.488333984766,0.489098007474,0.48871599612,35,4.58101567417
1,EJ-204,650,1,0,all,0.489098007474,0.489862030181,0.489480018827,46,6.02076345748
1,EJ-204,650,1,0,all,0.489862030181,0.490626052889,0.490244041535,42,5.497218809
1,EJ-204,650,1,0,all,0.490626052889,0.491390075597,0.491008064243,45,5.88987729536
1,EJ-204,650,1,0,all,0.491390075597,0.492154098305,0.491772086951,37,4.84278799841
1,EJ-204,650,1,0,all,0.492154098305,0.492918121013,0.492536109659,35,4.58101567417
1,EJ-204,650,1,0,all,0.492918121013,0.493682143721,0.493300132367,54,7.06785275443
1,EJ-204,650,1,0,all,0.493682143721,0.494446166428,0.494064155074,32,4.18835718781
1,EJ-204,650,1,0,all,0.494446166428,0.495210189136,0.494828177782,58,7.59139740291
1,EJ-204,650,1,0,all,0.495210189136,0.495974211844,0.49559220049,53,6.93696659231
1,EJ-204,650,1,0,all,0.495974211844,0.496738234552,0.496356223198,44,5.75899113324
1,EJ-204,650,1,0,all,0.496738234552,0.49750225726,0.497120245906,44,5.75899113324
1,EJ-204,650,1,0,all,0.49750225726,0.498266279968,0.497884268614,60,7.85316972714
1,EJ-204,650,1,0,all,0.498266279968,0.499030302675,0.498648291321,59,7.72228356502
1,EJ-204,650,1,0,all,0.499030302675,0.499794325383,0.499412314029,50,6.54430810595
1,EJ-204,650,1,0,all,0.499794325383,0.500558348091,0.500176336737,44,5.75899113324
1,EJ-204,650,1,0,all,0.500558348091,0.501322370799,0.500940359445,60,7.85316972714
1,EJ-204,650,1,0,all,0.501322370799,0.502086393507,0.501704382153,50,6.54430810595
1,EJ-204,650,1,0,all,0.502086393507,0.502850416215,0.502468404861,64,8.37671437562
1,EJ-204,650,1,0,all,0.502850416215,0.503614438922,0.503232427568,67,8.76937286198
1,EJ-204,650,1,0,all,0.503614438922,0.50437846163,0.503996450276,52,6.80608043019
1,EJ-204,650,1,0,all,0.50437846163,0.505142484338,0.504760472984,65,8.50760053774
1,EJ-204,650,1,0,all,0.505142484338,0.505906507046,0.505524495692,50,6.54430810595
1,EJ-204,650,1,0,all,0.505906507046,0.506670529754,0.5062885184,72,9.42380367257
1,EJ-204,650,1,0,all,0.506670529754,0.507434552462,0.507052541108,62,8.11494205138
1,EJ-204,650,1,0,all,0.507434552462,0.508198575169,0.507816563815,80,10.4708929695
1,EJ-204,650,1,0,all,0.508198575169,0.508962597877,0.508580586523,69,9.03114518621
1,EJ-204,650,1,0,all,0.508962597877,0.509726620585,0.509344609231,70,9.16203134833
1,EJ-204,650,1,0,all,0.509726620585,0.510490643293,0.510108631939,68,8.9002590241
1,EJ-204,650,1,0,all,0.510490643293,0.511254666001,0.510872654647,65,8.50760053774
1,EJ-204,650,1,0,all,0.511254666001,0.512018688709,0.511636677355,73,9.55468983469
1,EJ-204,650,1,0,all,0.512018688709,0.512782711416,0.512400700062,81,10.6017791316
1,EJ-204,650,1,0,all,0.512782711416,0.513546734124,0.51316472277,60,7.85316972714
1,EJ-204,650,1,0,all,0.513546734124,0.514310756832,0.513928745478,63,8.2458282135
1,EJ-204,650,1,0,all,0.514310756832,0.51507477954,0.514692768186,66,8.63848669986
1,EJ-204,650,1,0,all,0.51507477954,0.515838802248,0.515456790894,99,12.9577300498
1,EJ-204,650,1,0,all,0.515838802248,0.516602824955,0.516220813602,68,8.9002590241
1,EJ-204,650,1,0,all,0.516602824955,0.517366847663,0.516984836309,82,10.7326652938
1,EJ-204,650,1,0,all,0.517366847663,0.518130870371,0.517748859017,87,11.3870961044
1,EJ-204,650,1,0,all,0.518130870371,0.518894893079,0.518512881725,73,9.55468983469
1,EJ-204,650,1,0,all,0.518894893079,0.519658915787,0.519276904433,100,13.0886162119
1,EJ-204,650,1,0,all,0.519658915787,0.520422938495,0.520040927141,94,12.3032992392
1,EJ-204,650,1,0,all,0.520422938495,0.521186961202,0.520804949849,94,12.3032992392
1,EJ-204,650,1,0,all,0.521186961202,0.52195098391,0.521568972556,82,10.7326652938
1,EJ-204,650,1,0,all,0.52195098391,0.522715006618,0.522332995264,74,9.68557599681
1,EJ-204,650,1,0,all,0.522715006618,0.523479029326,0.523097017972,80,10.4708929695
1,EJ-204,650,1,0,all,0.523479029326,0.524243052034,0.52386104068,76,9.94734832105
1,EJ-204,650,1,0,all,0.524243052034,0.525007074742,0.524625063388,100,13.0886162119
1,EJ-204,650,1,0,all,0.525007074742,0.525771097449,0.525389086096,73,9.55468983469
1,EJ-204,650,1,0,all,0.525771097449,0.526535120157,0.526153108803,114,14.9210224816
1,EJ-204,650,1,0,all,0.526535120157,0.527299142865,0.526917131511,914,119.629952177
1,EJ-204,650,1,0,all,0.527299142865,0.528063165573,0.527681154219,1288,168.581376809
1,EJ-204,650,1,0,all,0.528063165573,0.528827188281,0.528445176927,1039,135.990722442
1,EJ-204,650,1,0,all,0.528827188281,0.529591210989,0.529209199635,755,98.8190523999
1,EJ-204,650,1,0,all,0.529591210989,0.530355233696,0.529973222343,545,71.3329583549
1,EJ-204,650,1,0,all,0.530355233696,0.531119256404,0.53073724505,350,45.8101567417
1,EJ-204,650,1,0,all,0.531119256404,0.531883279112,0.531501267758,212,27.7478663692
1,EJ-204,650,1,0,all,0.531883279112,0.53264730182,0.532265290466,156,20.4182412906
1,EJ-204,650,1,0,all,0.53264730182,0.533411324528,0.533029313174,74,9.68557599681
1,EJ-204,650,1,0,all,0.533411324528,0.534175347236,0.533793335882,47,6.1516496196
1,EJ-204,650,1,0,all,0.534175347236,0.534939369943,0.53455735859,57,7.46051124079
1,EJ-204,650,1,0,all,0.534939369943,0.535703392651,0.535321381297,20,2.61772324238
1,EJ-204,650,1,0,all,0.535703392651,0.536467415359,0.536085404005,14,1.83240626967
1,EJ-204,650,1,0,all,0.536467415359,0.537231438067,0.536849426713,9,1.17797545907
1,EJ-204,650,1,0,all,0.537231438067,0.537995460775,0.537613449421,7,0.916203134833
1,EJ-204,650,1,1,scintillation,0.446312735835,0.447076758543,0.446694747189,0,0
1,EJ-204,650,1,1,scintillation,0.447076758543,0.447840781251,0.447458769897,0,0
1,EJ-204,650,1,1,scintillation,0.447840781251,0.448604803958,0.448222792604,1,0.357807988297
1,EJ-204,650,1,1,scintillation,0.448604803958,0.449368826666,0.448986815312,0,0
1,EJ-204,650,1,1,scintillation,0.449368826666,0.450132849374,0.44975083802,0,0
1,EJ-204,650,1,1,scintillation,0.450132849374,0.450896872082,0.450514860728,0,0
1,EJ-204,650,1,1,scintillation,0.450896872082,0.45166089479,0.451278883436,0,0
1,EJ-204,650,1,1,scintillation,0.45166089479,0.452424917498,0.452042906144,1,0.357807988297
1,EJ-204,650,1,1,scintillation,0.452424917498,0.453188940205,0.452806928851,0,0
1,EJ-204,650,1,1,scintillation,0.453188940205,0.453952962913,0.453570951559,0,0
1,EJ-204,650,1,1,scintillation,0.453952962913,0.454716985621,0.454334974267,0,0
1,EJ-204,650,1,1,scintillation,0.454716985621,0.455481008329,0.455098996975,0,0
1,EJ-204,650,1,1,scintillation,0.455481008329,0.456245031037,0.455863019683,0,0
1,EJ-204,650,1,1,scintillation,0.456245031037,0.457009053745,0.456627042391,0,0
1,EJ-204,650,1,1,scintillation,0.457009053745,0.457773076452,0.457391065098,0,0
1,EJ-204,650,1,1,scintillation,0.457773076452,0.45853709916,0.458155087806,0,0
1,EJ-204,650,1,1,scintillation,0.45853709916,0.459301121868,0.458919110514,0,0
1,EJ-204,650,1,1,scintillation,0.459301121868,0.460065144576,0.459683133222,2,0.715615976594
1,EJ-204,650,1,1,scintillation,0.460065144576,0.460829167284,0.46044715593,2,0.715615976594
1,EJ-204,650,1,1,scintillation,0.460829167284,0.461593189992,0.461211178638,2,0.715615976594
1,EJ-204,650,1,1,scintillation,0.461593189992,0.462357212699,0.461975201345,2,0.715615976594
1,EJ-204,650,1,1,scintillation,0.462357212699,0.463121235407,0.462739224053,3,1.07342396489
1,EJ-204,650,1,1,scintillation,0.463121235407,0.463885258115,0.463503246761,2,0.715615976594
1,EJ-204,650,1,1,scintillation,0.463885258115,0.464649280823,0.464267269469,5,1.78903994149
1,EJ-204,650,1,1,scintillation,0.464649280823,0.465413303531,0.465031292177,6,2.14684792978
1,EJ-204,650,1,1,scintillation,0.465413303531,0.466177326239,0.465795314885,2,0.715615976594
1,EJ-204,650,1,1,scintillation,0.466177326239,0.466941348946,0.466559337592,1,0.357807988297
1,EJ-204,650,1,1,scintillation,0.466941348946,0.467705371654,0.4673233603,7,2.50465591808
1,EJ-204,650,1,1,scintillation,0.467705371654,0.468469394362,0.468087383008,1,0.357807988297
1,EJ-204,650,1,1,scintillation,0.468469394362,0.46923341707,0.468851405716,7,2.50465591808
1,EJ-204,650,1,1,scintillation,0.46923341707,0.469997439778,0.469615428424,7,2.50465591808
1,EJ-204,650,1,1,scintillation,0.469997439778,0.470761462486,0.470379451132,6,2.14684792978
1,EJ-204,650,1,1,scintillation,0.470761462486,0.471525485193,0.471143473839,3,1.07342396489
1,EJ-204,650,1,1,scintillation,0.471525485193,0.472289507901,0.471907496547,11,3.93588787127
1,EJ-204,650,1,1,scintillation,0.472289507901,0.473053530609,0.472671519255,12,4.29369585956
1,EJ-204,650,1,1,scintillation,0.473053530609,0.473817553317,0.473435541963,9,3.22027189467
1,EJ-204,650,1,1,scintillation,0.473817553317,0.474581576025,0.474199564671,5,1.78903994149
1,EJ-204,650,1,1,scintillation,0.474581576025,0.475345598733,0.474963587379,6,2.14684792978
1,EJ-204,650,1,1,scintillation,0.475345598733,0.47610962144,0.475727610086,13,4.65150384786
1,EJ-204,650,1,1,scintillation,0.47610962144,0.476873644148,0.476491632794,16,5.72492781275
1,EJ-204,650,1,1,scintillation,0.476873644148,0.477637666856,0.477255655502,13,4.65150384786
1,EJ-204,650,1,1,scintillation,0.477637666856,0.478401689564,0.47801967821,9,3.22027189467
1,EJ-204,650,1,1,scintillation,0.478401689564,0.479165712272,0.478783700918,13,4.65150384786
1,EJ-204,650,1,1,scintillation,0.479165712272,0.47992973498,0.479547723626,11,3.93588787127
1,EJ-204,650,1,1,scintillation,0.47992973498,0.480693757687,0.480311746333,13,4.65150384786
1,EJ-204,650,1,1,scintillation,0.480693757687,0.481457780395,0.481075769041,16,5.72492781275
1,EJ-204,650,1,1,scintillation,0.481457780395,0.482221803103,0.481839791749,13,4.65150384786
1,EJ-204,650,1,1,scintillation,0.482221803103,0.482985825811,0.482603814457,26,9.30300769572
1,EJ-204,650,1,1,scintillation,0.482985825811,0.483749848519,0.483367837165,24,8.58739171913
1,EJ-204,650,1,1,scintillation,0.483749848519,0.484513871227,0.484131859873,23,8.22958373083
1,EJ-204,650,1,1,scintillation,0.484513871227,0.485277893934,0.48489588258,29,10.3764316606
1,EJ-204,650,1,1,scintillation,0.485277893934,0.486041916642,0.485659905288,26,9.30300769572
1,EJ-204,650,1,1,scintillation,0.486041916642,0.48680593935,0.486423927996,37,13.238895567
1,EJ-204,650,1,1,scintillation,0.48680593935,0.487569962058,0.487187950704,31,11.0920476372
1,EJ-204,650,1,1,scintillation,0.487569962058,0.488333984766,0.487951973412,31,11.0920476372
1,EJ-204,650,1,1,scintillation,0.488333984766,0.489098007474,0.48871599612,29,10.3764316606
1,EJ-204,650,1,1,scintillation,0.489098007474,0.489862030181,0.489480018827,27,9.66081568402
1,EJ-204,650,1,1,scintillation,0.489862030181,0.490626052889,0.490244041535,30,10.7342396489
1,EJ-204,650,1,1,scintillation,0.490626052889,0.491390075597,0.491008064243,32,11.4498556255
1,EJ-204,650,1,1,scintillation,0.491390075597,0.492154098305,0.491772086951,29,10.3764316606
1,EJ-204,650,1,1,scintillation,0.492154098305,0.492918121013,0.492536109659,28,10.0186236723
1,EJ-204,650,1,1,scintillation,0.492918121013,0.493682143721,0.493300132367,40,14.3123195319
1,EJ-204,650,1,1,scintillation,0.493682143721,0.494446166428,0.494064155074,27,9.66081568402
1,EJ-204,650,1,1,scintillation,0.494446166428,0.495210189136,0.494828177782,50,17.8903994149
1,EJ-204,650,1,1,scintillation,0.495210189136,0.495974211844,0.49559220049,48,17.1747834383
1,EJ-204,650,1,1,scintillation,0.495974211844,0.496738234552,0.496356223198,32,11.4498556255
1,EJ-204,650,1,1,scintillation,0.496738234552,0.49750225726,0.497120245906,38,13.5967035553
1,EJ-204,650,1,1,scintillation,0.49750225726,0.498266279968,0.497884268614,52,18.6060153914
1,EJ-204,650,1,1,scintillation,0.498266279968,0.499030302675,0.498648291321,50,17.8903994149
1,EJ-204,650,1,1,scintillation,0.499030302675,0.499794325383,0.499412314029,47,16.81697545
1,EJ-204,650,1,1,scintillation,0.499794325383,0.500558348091,0.500176336737,40,14.3123195319
1,EJ-204,650,1,1,scintillation,0.500558348091,0.501322370799,0.500940359445,47,16.81697545
1,EJ-204,650,1,1,scintillation,0.501322370799,0.502086393507,0.501704382153,46,16.4591674617
1,EJ-204,650,1,1,scintillation,0.502086393507,0.502850416215,0.502468404861,59,21.1106713095
1,EJ-204,650,1,1,scintillation,0.502850416215,0.503614438922,0.503232427568,61,21.8262872861
1,EJ-204,650,1,1,scintillation,0.503614438922,0.50437846163,0.503996450276,49,17.5325914266
1,EJ-204,650,1,1,scintillation,0.50437846163,0.505142484338,0.504760472984,61,21.8262872861
1,EJ-204,650,1,1,scintillation,0.505142484338,0.505906507046,0.505524495692,47,16.81697545
1,EJ-204,650,1,1,scintillation,0.505906507046,0.506670529754,0.5062885184,66,23.6153272276
1,EJ-204,650,1,1,scintillation,0.506670529754,0.507434552462,0.507052541108,54,19.321631368
1,EJ-204,650,1,1,scintillation,0.507434552462,0.508198575169,0.507816563815,73,26.1199831457
1,EJ-204,650,1,1,scintillation,0.508198575169,0.508962597877,0.508580586523,65,23.2575192393
1,EJ-204,650,1,1,scintillation,0.508962597877,0.509726620585,0.509344609231,67,23.9731352159
1,EJ-204,650,1,1,scintillation,0.509726620585,0.510490643293,0.510108631939,64,22.899711251
1,EJ-204,650,1,1,scintillation,0.510490643293,0.511254666001,0.510872654647,58,20.7528633212
1,EJ-204,650,1,1,scintillation,0.511254666001,0.512018688709,0.511636677355,66,23.6153272276
1,EJ-204,650,1,1,scintillation,0.512018688709,0.512782711416,0.512400700062,75,26.8355991223
1,EJ-204,650,1,1,scintillation,0.512782711416,0.513546734124,0.51316472277,54,19.321631368
1,EJ-204,650,1,1,scintillation,0.513546734124,0.514310756832,0.513928745478,59,21.1106713095
1,EJ-204,650,1,1,scintillation,0.514310756832,0.51507477954,0.514692768186,63,22.5419032627
1,EJ-204,650,1,1,scintillation,0.51507477954,0.515838802248,0.515456790894,92,32.9183349233
1,EJ-204,650,1,1,scintillation,0.515838802248,0.516602824955,0.516220813602,60,21.4684792978
1,EJ-204,650,1,1,scintillation,0.516602824955,0.517366847663,0.516984836309,76,27.1934071106
1,EJ-204,650,1,1,scintillation,0.517366847663,0.518130870371,0.517748859017,83,29.6980630287
1,EJ-204,650,1,1,scintillation,0.518130870371,0.518894893079,0.518512881725,69,24.6887511925
1,EJ-204,650,1,1,scintillation,0.518894893079,0.519658915787,0.519276904433,98,35.0651828531
1,EJ-204,650,1,1,scintillation,0.519658915787,0.520422938495,0.520040927141,91,32.560526935
1,EJ-204,650,1,1,scintillation,0.520422938495,0.521186961202,0.520804949849,91,32.560526935
1,EJ-204,650,1,1,scintillation,0.521186961202,0.52195098391,0.521568972556,76,27.1934071106
1,EJ-204,650,1,1,scintillation,0.52195098391,0.522715006618,0.522332995264,73,26.1199831457
1,EJ-204,650,1,1,scintillation,0.522715006618,0.523479029326,0.523097017972,76,27.1934071106
1,EJ-204,650,1,1,scintillation,0.523479029326,0.524243052034,0.52386104068,73,26.1199831457
1,EJ-204,650,1,1,scintillation,0.524243052034,0.525007074742,0.524625063388,97,34.7073748648
1,EJ-204,650,1,1,scintillation,0.525007074742,0.525771097449,0.525389086096,73,26.1199831457
1,EJ-204,650,1,1,scintillation,0.525771097449,0.526535120157,0.526153108803,91,32.560526935
1,EJ-204,650,1,1,scintillation,0.526535120157,0.527299142865,0.526917131511,84,30.055871017
1,EJ-204,650,1,1,scintillation,0.527299142865,0.528063165573,0.527681154219,54,19.321631368
1,EJ-204,650,1,1,scintillation,0.528063165573,0.528827188281,0.528445176927,34,12.1654716021
1,EJ-204,650,1,1,scintillation,0.528827188281,0.529591210989,0.529209199635,28,10.0186236723
1,EJ-204,650,1,1,scintillation,0.529591210989,0.530355233696,0.529973222343,24,8.58739171913
1,EJ-204,650,1,1,scintillation,0.530355233696,0.531119256404,0.53073724505,18,6.44054378935
1,EJ-204,650,1,1,scintillation,0.531119256404,0.531883279112,0.531501267758,5,1.78903994149
1,EJ-204,650,1,1,scintillation,0.531883279112,0.53264730182,0.532265290466,4,1.43123195319
1,EJ-204,650,1,1,scintillation,0.53264730182,0.533411324528,0.533029313174,3,1.07342396489
1,EJ-204,650,1,1,scintillation,0.533411324528,0.534175347236,0.533793335882,3,1.07342396489
1,EJ-204,650,1,1,scintillation,0.534175347236,0.534939369943,0.53455735859,1,0.357807988297
1,EJ-204,650,1,1,scintillation,0.534939369943,0.535703392651,0.535321381297,0,0
1,EJ-204,650,1,1,scintillation,0.535703392651,0.536467415359,0.536085404005,1,0.357807988297
1,EJ-204,650,1,1,scintillation,0.536467415359,0.537231438067,0.536849426713,0,0
1,EJ-204,650,1,1,scintillation,0.537231438067,0.537995460775,0.537613449421,0,0
1,EJ-204,650,1,2,Cherenkov,0.446312735835,0.447076758543,0.446694747189,1,0.206379946577
1,EJ-204,650,1,2,Cherenkov,0.447076758543,0.447840781251,0.447458769897,2,0.412759893154
1,EJ-204,650,1,2,Cherenkov,0.447840781251,0.448604803958,0.448222792604,3,0.619139839731
1,EJ-204,650,1,2,Cherenkov,0.448604803958,0.449368826666,0.448986815312,5,1.03189973288
1,EJ-204,650,1,2,Cherenkov,0.449368826666,0.450132849374,0.44975083802,6,1.23827967946
1,EJ-204,650,1,2,Cherenkov,0.450132849374,0.450896872082,0.450514860728,8,1.65103957262
1,EJ-204,650,1,2,Cherenkov,0.450896872082,0.45166089479,0.451278883436,7,1.44465962604
1,EJ-204,650,1,2,Cherenkov,0.45166089479,0.452424917498,0.452042906144,15,3.09569919865
1,EJ-204,650,1,2,Cherenkov,0.452424917498,0.453188940205,0.452806928851,9,1.85741951919
1,EJ-204,650,1,2,Cherenkov,0.453188940205,0.453952962913,0.453570951559,10,2.06379946577
1,EJ-204,650,1,2,Cherenkov,0.453952962913,0.454716985621,0.454334974267,11,2.27017941235
1,EJ-204,650,1,2,Cherenkov,0.454716985621,0.455481008329,0.455098996975,12,2.47655935892
1,EJ-204,650,1,2,Cherenkov,0.455481008329,0.456245031037,0.455863019683,11,2.27017941235
1,EJ-204,650,1,2,Cherenkov,0.456245031037,0.457009053745,0.456627042391,7,1.44465962604
1,EJ-204,650,1,2,Cherenkov,0.457009053745,0.457773076452,0.457391065098,9,1.85741951919
1,EJ-204,650,1,2,Cherenkov,0.457773076452,0.45853709916,0.458155087806,9,1.85741951919
1,EJ-204,650,1,2,Cherenkov,0.45853709916,0.459301121868,0.458919110514,17,3.50845909181
1,EJ-204,650,1,2,Cherenkov,0.459301121868,0.460065144576,0.459683133222,18,3.71483903838
1,EJ-204,650,1,2,Cherenkov,0.460065144576,0.460829167284,0.46044715593,14,2.88931925208
1,EJ-204,650,1,2,Cherenkov,0.460829167284,0.461593189992,0.461211178638,19,3.92121898496
1,EJ-204,650,1,2,Cherenkov,0.461593189992,0.462357212699,0.461975201345,12,2.47655935892
1,EJ-204,650,1,2,Cherenkov,0.462357212699,0.463121235407,0.462739224053,13,2.6829393055
1,EJ-204,650,1,2,Cherenkov,0.463121235407,0.463885258115,0.463503246761,12,2.47655935892
1,EJ-204,650,1,2,Cherenkov,0.463885258115,0.464649280823,0.464267269469,20,4.12759893154
1,EJ-204,650,1,2,Cherenkov,0.464649280823,0.465413303531,0.465031292177,16,3.30207914523
1,EJ-204,650,1,2,Cherenkov,0.465413303531,0.466177326239,0.465795314885,23,4.74673877127
1,EJ-204,650,1,2,Cherenkov,0.466177326239,0.466941348946,0.466559337592,21,4.33397887811
1,EJ-204,650,1,2,Cherenkov,0.466941348946,0.467705371654,0.4673233603,18,3.71483903838
1,EJ-204,650,1,2,Cherenkov,0.467705371654,0.468469394362,0.468087383008,21,4.33397887811
1,EJ-204,650,1,2,Cherenkov,0.468469394362,0.46923341707,0.468851405716,17,3.50845909181
1,EJ-204,650,1,2,Cherenkov,0.46923341707,0.469997439778,0.469615428424,16,3.30207914523
1,EJ-204,650,1,2,Cherenkov,0.469997439778,0.470761462486,0.470379451132,20,4.12759893154
1,EJ-204,650,1,2,Cherenkov,0.470761462486,0.471525485193,0.471143473839,24,4.95311871785
1,EJ-204,650,1,2,Cherenkov,0.471525485193,0.472289507901,0.471907496547,22,4.54035882469
1,EJ-204,650,1,2,Cherenkov,0.472289507901,0.473053530609,0.472671519255,28,5.77863850415
1,EJ-204,650,1,2,Cherenkov,0.473053530609,0.473817553317,0.473435541963,23,4.74673877127
1,EJ-204,650,1,2,Cherenkov,0.473817553317,0.474581576025,0.474199564671,18,3.71483903838
1,EJ-204,650,1,2,Cherenkov,0.474581576025,0.475345598733,0.474963587379,15,3.09569919865
1,EJ-204,650,1,2,Cherenkov,0.475345598733,0.47610962144,0.475727610086,14,2.88931925208
1,EJ-204,650,1,2,Cherenkov,0.47610962144,0.476873644148,0.476491632794,17,3.50845909181
1,EJ-204,650,1,2,Cherenkov,0.476873644148,0.477637666856,0.477255655502,16,3.30207914523
1,EJ-204,650,1,2,Cherenkov,0.477637666856,0.478401689564,0.47801967821,19,3.92121898496
1,EJ-204,650,1,2,Cherenkov,0.478401689564,0.479165712272,0.478783700918,17,3.50845909181
1,EJ-204,650,1,2,Cherenkov,0.479165712272,0.47992973498,0.479547723626,12,2.47655935892
1,EJ-204,650,1,2,Cherenkov,0.47992973498,0.480693757687,0.480311746333,21,4.33397887811
1,EJ-204,650,1,2,Cherenkov,0.480693757687,0.481457780395,0.481075769041,12,2.47655935892
1,EJ-204,650,1,2,Cherenkov,0.481457780395,0.482221803103,0.481839791749,11,2.27017941235
1,EJ-204,650,1,2,Cherenkov,0.482221803103,0.482985825811,0.482603814457,17,3.50845909181
1,EJ-204,650,1,2,Cherenkov,0.482985825811,0.483749848519,0.483367837165,15,3.09569919865
1,EJ-204,650,1,2,Cherenkov,0.483749848519,0.484513871227,0.484131859873,14,2.88931925208
1,EJ-204,650,1,2,Cherenkov,0.484513871227,0.485277893934,0.48489588258,10,2.06379946577
1,EJ-204,650,1,2,Cherenkov,0.485277893934,0.486041916642,0.485659905288,10,2.06379946577
1,EJ-204,650,1,2,Cherenkov,0.486041916642,0.48680593935,0.486423927996,10,2.06379946577
1,EJ-204,650,1,2,Cherenkov,0.48680593935,0.487569962058,0.487187950704,16,3.30207914523
1,EJ-204,650,1,2,Cherenkov,0.487569962058,0.488333984766,0.487951973412,12,2.47655935892
1,EJ-204,650,1,2,Cherenkov,0.488333984766,0.489098007474,0.48871599612,6,1.23827967946
1,EJ-204,650,1,2,Cherenkov,0.489098007474,0.489862030181,0.489480018827,19,3.92121898496
1,EJ-204,650,1,2,Cherenkov,0.489862030181,0.490626052889,0.490244041535,12,2.47655935892
1,EJ-204,650,1,2,Cherenkov,0.490626052889,0.491390075597,0.491008064243,13,2.6829393055
1,EJ-204,650,1,2,Cherenkov,0.491390075597,0.492154098305,0.491772086951,8,1.65103957262
1,EJ-204,650,1,2,Cherenkov,0.492154098305,0.492918121013,0.492536109659,7,1.44465962604
1,EJ-204,650,1,2,Cherenkov,0.492918121013,0.493682143721,0.493300132367,14,2.88931925208
1,EJ-204,650,1,2,Cherenkov,0.493682143721,0.494446166428,0.494064155074,5,1.03189973288
1,EJ-204,650,1,2,Cherenkov,0.494446166428,0.495210189136,0.494828177782,8,1.65103957262
1,EJ-204,650,1,2,Cherenkov,0.495210189136,0.495974211844,0.49559220049,5,1.03189973288
1,EJ-204,650,1,2,Cherenkov,0.495974211844,0.496738234552,0.496356223198,12,2.47655935892
1,EJ-204,650,1,2,Cherenkov,0.496738234552,0.49750225726,0.497120245906,6,1.23827967946
1,EJ-204,650,1,2,Cherenkov,0.49750225726,0.498266279968,0.497884268614,8,1.65103957262
1,EJ-204,650,1,2,Cherenkov,0.498266279968,0.499030302675,0.498648291321,9,1.85741951919
1,EJ-204,650,1,2,Cherenkov,0.499030302675,0.499794325383,0.499412314029,3,0.619139839731
1,EJ-204,650,1,2,Cherenkov,0.499794325383,0.500558348091,0.500176336737,4,0.825519786308
1,EJ-204,650,1,2,Cherenkov,0.500558348091,0.501322370799,0.500940359445,13,2.6829393055
1,EJ-204,650,1,2,Cherenkov,0.501322370799,0.502086393507,0.501704382153,4,0.825519786308
1,EJ-204,650,1,2,Cherenkov,0.502086393507,0.502850416215,0.502468404861,5,1.03189973288
1,EJ-204,650,1,2,Cherenkov,0.502850416215,0.503614438922,0.503232427568,6,1.23827967946
1,EJ-204,650,1,2,Cherenkov,0.503614438922,0.50437846163,0.503996450276,3,0.619139839731
1,EJ-204,650,1,2,Cherenkov,0.50437846163,0.505142484338,0.504760472984,4,0.825519786308
1,EJ-204,650,1,2,Cherenkov,0.505142484338,0.505906507046,0.505524495692,3,0.619139839731
1,EJ-204,650,1,2,Cherenkov,0.505906507046,0.506670529754,0.5062885184,6,1.23827967946
1,EJ-204,650,1,2,Cherenkov,0.506670529754,0.507434552462,0.507052541108,8,1.65103957261
1,EJ-204,650,1,2,Cherenkov,0.507434552462,0.508198575169,0.507816563815,7,1.44465962604
1,EJ-204,650,1,2,Cherenkov,0.508198575169,0.508962597877,0.508580586523,4,0.825519786307
1,EJ-204,650,1,2,Cherenkov,0.508962597877,0.509726620585,0.509344609231,3,0.619139839731
1,EJ-204,650,1,2,Cherenkov,0.509726620585,0.510490643293,0.510108631939,4,0.825519786307
1,EJ-204,650,1,2,Cherenkov,0.510490643293,0.511254666001,0.510872654647,7,1.44465962604
1,EJ-204,650,1,2,Cherenkov,0.511254666001,0.512018688709,0.511636677355,7,1.44465962604
1,EJ-204,650,1,2,Cherenkov,0.512018688709,0.512782711416,0.512400700062,6,1.23827967946
1,EJ-204,650,1,2,Cherenkov,0.512782711416,0.513546734124,0.51316472277,6,1.23827967946
1,EJ-204,650,1,2,Cherenkov,0.513546734124,0.514310756832,0.513928745478,4,0.825519786307
1,EJ-204,650,1,2,Cherenkov,0.514310756832,0.51507477954,0.514692768186,3,0.619139839731
1,EJ-204,650,1,2,Cherenkov,0.51507477954,0.515838802248,0.515456790894,7,1.44465962604
1,EJ-204,650,1,2,Cherenkov,0.515838802248,0.516602824955,0.516220813602,8,1.65103957262
1,EJ-204,650,1,2,Cherenkov,0.516602824955,0.517366847663,0.516984836309,6,1.23827967946
1,EJ-204,650,1,2,Cherenkov,0.517366847663,0.518130870371,0.517748859017,4,0.825519786308
1,EJ-204,650,1,2,Cherenkov,0.518130870371,0.518894893079,0.518512881725,4,0.825519786307
1,EJ-204,650,1,2,Cherenkov,0.518894893079,0.519658915787,0.519276904433,2,0.412759893154
1,EJ-204,650,1,2,Cherenkov,0.519658915787,0.520422938495,0.520040927141,3,0.619139839731
1,EJ-204,650,1,2,Cherenkov,0.520422938495,0.521186961202,0.520804949849,3,0.619139839731
1,EJ-204,650,1,2,Cherenkov,0.521186961202,0.52195098391,0.521568972556,6,1.23827967946
1,EJ-204,650,1,2,Cherenkov,0.52195098391,0.522715006618,0.522332995264,1,0.206379946577
1,EJ-204,650,1,2,Cherenkov,0.522715006618,0.523479029326,0.523097017972,4,0.825519786307
1,EJ-204,650,1,2,Cherenkov,0.523479029326,0.524243052034,0.52386104068,3,0.619139839731
1,EJ-204,650,1,2,Cherenkov,0.524243052034,0.525007074742,0.524625063388,3,0.619139839731
1,EJ-204,650,1,2,Cherenkov,0.525007074742,0.525771097449,0.525389086096,0,0
1,EJ-204,650,1,2,Cherenkov,0.525771097449,0.526535120157,0.526153108803,23,4.74673877127
1,EJ-204,650,1,2,Cherenkov,0.526535120157,0.527299142865,0.526917131511,830,171.295355659
1,EJ-204,650,1,2,Cherenkov,0.527299142865,0.528063165573,0.527681154219,1234,254.672854076
1,EJ-204,650,1,2,Cherenkov,0.528063165573,0.528827188281,0.528445176927,1005,207.41184631
1,EJ-204,650,1,2,Cherenkov,0.528827188281,0.529591210989,0.529209199635,727,150.038221161
1,EJ-204,650,1,2,Cherenkov,0.529591210989,0.530355233696,0.529973222343,521,107.523952167
1,EJ-204,650,1,2,Cherenkov,0.530355233696,0.531119256404,0.53073724505,332,68.5181422635
1,EJ-204,650,1,2,Cherenkov,0.531119256404,0.531883279112,0.531501267758,207,42.7206489414
1,EJ-204,650,1,2,Cherenkov,0.531883279112,0.53264730182,0.532265290466,152,31.3697518797
1,EJ-204,650,1,2,Cherenkov,0.53264730182,0.533411324528,0.533029313174,71,14.652976207
1,EJ-204,650,1,2,Cherenkov,0.533411324528,0.534175347236,0.533793335882,44,9.08071764938
1,EJ-204,650,1,2,Cherenkov,0.534175347236,0.534939369943,0.53455735859,56,11.5572770083
1,EJ-204,650,1,2,Cherenkov,0.534939369943,0.535703392651,0.535321381297,20,4.12759893154
1,EJ-204,650,1,2,Cherenkov,0.535703392651,0.536467415359,0.536085404005,13,2.6829393055
1,EJ-204,650,1,2,Cherenkov,0.536467415359,0.537231438067,0.536849426713,9,1.85741951919
1,EJ-204,650,1,2,Cherenkov,0.537231438067,0.537995460775,0.537613449421,7,1.44465962604
2,EJ-230,-650,0,0,all,0.448274551056,0.44902491426,0.448649732658,5,0.666343974992
2,EJ-230,-650,0,0,all,0.44902491426,0.449775277464,0.449400095862,5,0.666343974992
2,EJ-230,-650,0,0,all,0.449775277464,0.450525640668,0.450150459066,9,1.19941915499
2,EJ-230,-650,0,0,all,0.450525640668,0.451276003872,0.45090082227,6,0.799612769991
2,EJ-230,-650,0,0,all,0.451276003872,0.452026367076,0.451651185474,7,0.932881564989
2,EJ-230,-650,0,0,all,0.452026367076,0.45277673028,0.452401548678,10,1.33268794998
2,EJ-230,-650,0,0,all,0.45277673028,0.453527093484,0.453151911882,8,1.06615035999
2,EJ-230,-650,0,0,all,0.453527093484,0.454277456688,0.453902275086,11,1.46595674498
2,EJ-230,-650,0,0,all,0.454277456688,0.455027819892,0.45465263829,16,2.13230071998
2,EJ-230,-650,0,0,all,0.455027819892,0.455778183096,0.455403001494,13,1.73249433498
2,EJ-230,-650,0,0,all,0.455778183096,0.4565285463,0.456153364698,15,1.99903192498
2,EJ-230,-650,0,0,all,0.4565285463,0.457278909504,0.456903727902,14,1.86576312998
2,EJ-230,-650,0,0,all,0.457278909504,0.458029272708,0.457654091106,16,2.13230071998
2,EJ-230,-650,0,0,all,0.458029272708,0.458779635912,0.45840445431,21,2.79864469497
2,EJ-230,-650,0,0,all,0.458779635912,0.459529999116,0.459154817514,14,1.86576312998
2,EJ-230,-650,0,0,all,0.459529999116,0.460280362319,0.459905180717,20,2.66537589997
2,EJ-230,-650,0,0,all,0.460280362319,0.461030725523,0.460655543921,15,1.99903192498
2,EJ-230,-650,0,0,all,0.461030725523,0.461781088727,0.461405907125,20,2.66537589997
2,EJ-230,-650,0,0,all,0.461781088727,0.462531451931,0.462156270329,22,2.93191348997
2,EJ-230,-650,0,0,all,0.462531451931,0.463281815135,0.462906633533,13,1.73249433498
2,EJ-230,-650,0,0,all,0.463281815135,0.464032178339,0.463656996737,7,0.932881564989
2,EJ-230,-650,0,0,all,0.464032178339,0.464782541543,0.464407359941,22,2.93191348997
2,EJ-230,-650,0,0,all,0.464782541543,0.465532904747,0.465157723145,15,1.99903192498
2,EJ-230,-650,0,0,all,0.465532904747,0.466283267951,0.465908086349,27,3.59825746496
2,EJ-230,-650,0,0,all,0.466283267951,0.467033631155,0.466658449553,19,2.53210710497
2,EJ-230,-650,0,0,all,0.467033631155,0.467783994359,0.467408812757,28,3.73152625996
2,EJ-230,-650,0,0,all,0.467783994359,0.468534357563,0.468159175961,31,4.13133264495
2,EJ-230,-650,0,0,all,0.468534357563,0.469284720767,0.468909539165,39,5.19748300494
2,EJ-230,-650,0,0,all,0.469284720767,0.470035083971,0.469659902369,27,3.59825746496
2,EJ-230,-650,0,0,all,0.470035083971,0.470785447175,0.470410265573,27,3.59825746496
2,EJ-230,-650,0,0,all,0.470785447175,0.471535810379,0.471160628777,21,2.79864469497
2,EJ-230,-650,0,0,all,0.471535810379,0.472286173582,0.47191099198,26,3.46498866996
2,EJ-230,-650,0,0,all,0.472286173582,0.473036536786,0.472661355184,29,3.86479505496
2,EJ-230,-650,0,0,all,0.473036536786,0.47378689999,0.473411718388,32,4.26460143995
2,EJ-230,-650,0,0,all,0.47378689999,0.474537263194,0.474162081592,33,4.39787023495
2,EJ-230,-650,0,0,all,0.474537263194,0.475287626398,0.474912444796,33,4.39787023495
2,EJ-230,-650,0,0,all,0.475287626398,0.476037989602,0.475662808,43,5.73055818493
2,EJ-230,-650,0,0,all,0.476037989602,0.476788352806,0.476413171204,27,3.59825746496
2,EJ-230,-650,0,0,all,0.476788352806,0.47753871601,0.477163534408,45,5.99709577493
2,EJ-230,-650,0,0,all,0.47753871601,0.478289079214,0.477913897612,24,3.19845107996
2,EJ-230,-650,0,0,all,0.478289079214,0.479039442418,0.478664260816,43,5.73055818493
2,EJ-230,-650,0,0,all,0.479039442418,0.479789805622,0.47941462402,27,3.59825746496
2,EJ-230,-650,0,0,all,0.479789805622,0.480540168826,0.480164987224,37,4.93094541494
2,EJ-230,-650,0,0,all,0.480540168826,0.48129053203,0.480915350428,37,4.93094541494
2,EJ-230,-650,0,0,all,0.48129053203,0.482040895234,0.481665713632,23,3.06518228496
2,EJ-230,-650,0,0,all,0.482040895234,0.482791258438,0.482416076836,48,6.39690215993
2,EJ-230,-650,0,0,all,0.482791258438,0.483541621642,0.48316644004,50,6.66343974992
2,EJ-230,-650,0,0,all,0.483541621642,0.484291984845,0.483916803244,44,5.86382697993
2,EJ-230,-650,0,0,all,0.484291984845,0.485042348049,0.484667166447,34,4.53113902995
2,EJ-230,-650,0,0,all,0.485042348049,0.485792711253,0.485417529651,54,7.19651492992
2,EJ-230,-650,0,0,all,0.485792711253,0.486543074457,0.486167892855,49,6.53017095492
2,EJ-230,-650,0,0,all,0.486543074457,0.487293437661,0.486918256059,43,5.73055818493
2,EJ-230,-650,0,0,all,0.487293437661,0.488043800865,0.487668619263,50,6.66343974992
2,EJ-230,-650,0,0,all,0.488043800865,0.488794164069,0.488418982467,51,6.79670854492
2,EJ-230,-650,0,0,all,0.488794164069,0.489544527273,0.489169345671,57,7.59632131491
2,EJ-230,-650,0,0,all,0.489544527273,0.490294890477,0.489919708875,51,6.79670854492
2,EJ-230,-650,0,0,all,0.490294890477,0.491045253681,0.490670072079,60,7.99612769991
2,EJ-230,-650,0,0,all,0.491045253681,0.491795616885,0.491420435283,47,6.26363336493
2,EJ-230,-650,0,0,all,0.491795616885,0.492545980089,0.492170798487,65,8.6624716749
2,EJ-230,-650,0,0,all,0.492545980089,0.493296343293,0.492921161691,72,9.59535323989
2,EJ-230,-650,0,0,all,0.493296343293,0.494046706497,0.493671524895,66,8.7957404699
2,EJ-230,-650,0,0,all,0.494046706497,0.494797069701,0.494421888099,55,7.32978372492
2,EJ-230,-650,0,0,all,0.494797069701,0.495547432905,0.495172251303,66,8.7957404699
2,EJ-230,-650,0,0,all,0.495547432905,0.496297796108,0.495922614507,66,8.7957404699
2,EJ-230,-650,0,0,all,0.496297796108,0.497048159312,0.49667297771,67,8.9290092649
2,EJ-230,-650,0,0,all,0.497048159312,0.497798522516,0.497423340914,72,9.59535323989
2,EJ-230,-650,0,0,all,0.497798522516,0.49854888572,0.498173704118,82,10.9280411899
2,EJ-230,-650,0,0,all,0.49854888572,0.499299248924,0.498924067322,54,7.19651492992
2,EJ-230,-650,0,0,all,0.499299248924,0.500049612128,0.499674430526,66,8.7957404699
2,EJ-230,-650,0,0,all,0.500049612128,0.500799975332,0.50042479373,72,9.59535323989
2,EJ-230,-650,0,0,all,0.500799975332,0.501550338536,0.501175156934,80,10.6615035999
2,EJ-230,-650,0,0,all,0.501550338536,0.50230070174,0.501925520138,65,8.6624716749
2,EJ-230,-650,0,0,all,0.50230070174,0.503051064944,0.502675883342,71,9.46208444489
2,EJ-230,-650,0,0,all,0.503051064944,0.503801428148,0.503426246546,76,10.1284284199
2,EJ-230,-650,0,0,all,0.503801428148,0.504551791352,0.50417660975,72,9.59535323989
2,EJ-230,-650,0,0,all,0.504551791352,0.505302154556,0.504926972954,81,10.7947723949
2,EJ-230,-650,0,0,all,0.505302154556,0.50605251776,0.505677336158,84,11.1945787799
2,EJ-230,-650,0,0,all,0.50605251776,0.506802880964,0.506427699362,81,10.7947723949
2,EJ-230,-650,0,0,all,0.506802880964,0.507553244168,0.507178062566,97,12.9270731149
2,EJ-230,-650,0,0,all,0.507553244168,0.508303607371,0.50792842577,83,11.0613099849
2,EJ-230,-650,0,0,all,0.508303607371,0.509053970575,0.508678788973,80,10.6615035999
2,EJ-230,-650,0,0,all,0.509053970575,0.509804333779,0.509429152177,86,11.4611163699
2,EJ-230,-650,0,0,all,0.509804333779,0.510554696983,0.510179515381,108,14.3930298598
2,EJ-230,-650,0,0,all,0.510554696983,0.511305060187,0.510929878585,98,13.0603419098
2,EJ-230,-650,0,0,all,0.511305060187,0.512055423391,0.511680241789,91,12.1274603449
2,EJ-230,-650,0,0,all,0.512055423391,0.512805786595,0.512430604993,79,10.5282348049
2,EJ-230,-650,0,0,all,0.512805786595,0.513556149799,0.513180968197,93,12.3939979349
2,EJ-230,-650,0,0,all,0.513556149799,0.514306513003,0.513931331401,96,12.7938043199
2,EJ-230,-650,0,0,all,0.514306513003,0.515056876207,0.514681694605,100,13.3268794998
2,EJ-230,-650,0,0,all,0.515056876207,0.515807239411,0.515432057809,89,11.8609227549
2,EJ-230,-650,0,0,all,0.515807239411,0.516557602615,0.516182421013,97,12.9270731149
2,EJ-230,-650,0,0,all,0.516557602615,0.517307965819,0.516932784217,89,11.8609227549
2,EJ-230,-650,0,0,all,0.517307965819,0.518058329023,0.517683147421,97,12.9270731148
2,EJ-230,-650,0,0,all,0.518058329023,0.518808692227,0.518433510625,94,12.5272667299
2,EJ-230,-650,0,0,all,0.518808692227,0.519559055431,0.519183873829,104,13.8599546798
2,EJ-230,-650,0,0,all,0.519559055431,0.520309418634,0.519934237033,106,14.1264922698
2,EJ-230,-650,0,0,all,0.520309418634,0.521059781838,0.520684600236,106,14.1264922698
2,EJ-230,-650,0,0,all,0.521059781838,0.521810145042,0.52143496344,92,12.2607291399
2,EJ-230,-650,0,0,all,0.521810145042,0.522560508246,0.522185326644,92,12.2607291399
2,EJ-230,-650,0,0,all,0.522560508246,0.52331087145,0.522935689848,111,14.7928362448
2,EJ-230,-650,0,0,all,0.52331087145,0.524061234654,0.523686053052,106,14.1264922698
2,EJ-230,-650,0,0,all,0.524061234654,0.524811597858,0.524436416256,82,10.9280411899
2,EJ-230,-650,0,0,all,0.524811597858,0.525561961062,0.52518677946,109,14.5262986548
2,EJ-230,-650,0,0,all,0.525561961062,0.526312324266,0.525937142664,95,12.6605355249
2,EJ-230,-650,0,0,all,0.526312324266,0.52706268747,0.526687505868,536,71.4320741192
2,EJ-230,-650,0,0,all,0.52706268747,0.527813050674,0.527437869072,921,122.740560194
2,EJ-230,-650,0,0,all,0.527813050674,0.528563413878,0.528188232276,880,117.276539599
2,EJ-230,-650,0,0,all,0.528563413878,0.529313777082,0.52893859548,713,95.0206508339
2,EJ-230,-650,0,0,all,0.529313777082,0.530064140286,0.529688958684,510,67.9670854492
2,EJ-230,-650,0,0,all,0.530064140286,0.53081450349,0.530439321888,366,48.7763789694
2,EJ-230,-650,0,0,all,0.53081450349,0.531564866694,0.531189685092,206,27.4533717697
2,EJ-230,-650,0,0,all,0.531564866694,0.532315229898,0.531940048296,130,17.3249433498
2,EJ-230,-650,0,0,all,0.532315229898,0.533065593101,0.532690411499,77,10.2616972149
2,EJ-230,-650,0,0,all,0.533065593101,0.533815956305,0.533440774703,44,5.86382697993
2,EJ-230,-650,0,0,all,0.533815956305,0.534566319509,0.534191137907,24,3.19845107996
2,EJ-230,-650,0,0,all,0.534566319509,0.535316682713,0.534941501111,22,2.93191348997
2,EJ-230,-650,0,0,all,0.535316682713,0.536067045917,0.535691864315,16,2.13230071998
2,EJ-230,-650,0,0,all,0.536067045917,0.536817409121,0.536442227519,6,0.799612769991
2,EJ-230,-650,0,0,all,0.536817409121,0.537567772325,0.537192590723,8,1.06615035999
2,EJ-230,-650,0,0,all,0.537567772325,0.538318135529,0.537942953927,8,1.06615035999
2,EJ-230,-650,0,1,scintillation,0.448274551056,0.44902491426,0.448649732658,0,0
2,EJ-230,-650,0,1,scintillation,0.44902491426,0.449775277464,0.449400095862,0,0
2,EJ-230,-650,0,1,scintillation,0.449775277464,0.450525640668,0.450150459066,0,0
2,EJ-230,-650,0,1,scintillation,0.450525640668,0.451276003872,0.45090082227,0,0
2,EJ-230,-650,0,1,scintillation,0.451276003872,0.452026367076,0.451651185474,0,0
2,EJ-230,-650,0,1,scintillation,0.452026367076,0.45277673028,0.452401548678,1,0.276319292968
2,EJ-230,-650,0,1,scintillation,0.45277673028,0.453527093484,0.453151911882,0,0
2,EJ-230,-650,0,1,scintillation,0.453527093484,0.454277456688,0.453902275086,0,0
2,EJ-230,-650,0,1,scintillation,0.454277456688,0.455027819892,0.45465263829,1,0.276319292968
2,EJ-230,-650,0,1,scintillation,0.455027819892,0.455778183096,0.455403001494,0,0
2,EJ-230,-650,0,1,scintillation,0.455778183096,0.4565285463,0.456153364698,1,0.276319292968
2,EJ-230,-650,0,1,scintillation,0.4565285463,0.457278909504,0.456903727902,1,0.276319292968
2,EJ-230,-650,0,1,scintillation,0.457278909504,0.458029272708,0.457654091106,1,0.276319292968
2,EJ-230,-650,0,1,scintillation,0.458029272708,0.458779635912,0.45840445431,3,0.828957878904
2,EJ-230,-650,0,1,scintillation,0.458779635912,0.459529999116,0.459154817514,1,0.276319292968
2,EJ-230,-650,0,1,scintillation,0.459529999116,0.460280362319,0.459905180717,2,0.552638585936
2,EJ-230,-650,0,1,scintillation,0.460280362319,0.461030725523,0.460655543921,0,0
2,EJ-230,-650,0,1,scintillation,0.461030725523,0.461781088727,0.461405907125,4,1.10527717187
2,EJ-230,-650,0,1,scintillation,0.461781088727,0.462531451931,0.462156270329,3,0.828957878904
2,EJ-230,-650,0,1,scintillation,0.462531451931,0.463281815135,0.462906633533,4,1.10527717187
2,EJ-230,-650,0,1,scintillation,0.463281815135,0.464032178339,0.463656996737,2,0.552638585936
2,EJ-230,-650,0,1,scintillation,0.464032178339,0.464782541543,0.464407359941,3,0.828957878904
2,EJ-230,-650,0,1,scintillation,0.464782541543,0.465532904747,0.465157723145,4,1.10527717187
2,EJ-230,-650,0,1,scintillation,0.465532904747,0.466283267951,0.465908086349,4,1.10527717187
2,EJ-230,-650,0,1,scintillation,0.466283267951,0.467033631155,0.466658449553,6,1.65791575781
2,EJ-230,-650,0,1,scintillation,0.467033631155,0.467783994359,0.467408812757,7,1.93423505078
2,EJ-230,-650,0,1,scintillation,0.467783994359,0.468534357563,0.468159175961,11,3.03951222265
2,EJ-230,-650,0,1,scintillation,0.468534357563,0.469284720767,0.468909539165,8,2.21055434374
2,EJ-230,-650,0,1,scintillation,0.469284720767,0.470035083971,0.469659902369,11,3.03951222265
2,EJ-230,-650,0,1,scintillation,0.470035083971,0.470785447175,0.470410265573,10,2.76319292968
2,EJ-230,-650,0,1,scintillation,0.470785447175,0.471535810379,0.471160628777,10,2.76319292968
2,EJ-230,-650,0,1,scintillation,0.471535810379,0.472286173582,0.47191099198,8,2.21055434374
2,EJ-230,-650,0,1,scintillation,0.472286173582,0.473036536786,0.472661355184,7,1.93423505078
2,EJ-230,-650,0,1,scintillation,0.473036536786,0.47378689999,0.473411718388,18,4.97374727342
2,EJ-230,-650,0,1,scintillation,0.47378689999,0.474537263194,0.474162081592,11,3.03951222265
2,EJ-230,-650,0,1,scintillation,0.474537263194,0.475287626398,0.474912444796,12,3.31583151562
2,EJ-230,-650,0,1,scintillation,0.475287626398,0.476037989602,0.475662808,21,5.80270515233
2,EJ-230,-650,0,1,scintillation,0.476037989602,0.476788352806,0.476413171204,16,4.42110868749
2,EJ-230,-650,0,1,scintillation,0.476788352806,0.47753871601,0.477163534408,21,5.80270515233
2,EJ-230,-650,0,1,scintillation,0.47753871601,0.478289079214,0.477913897612,14,3.86847010155
2,EJ-230,-650,0,1,scintillation,0.478289079214,0.479039442418,0.478664260816,21,5.80270515233
2,EJ-230,-650,0,1,scintillation,0.479039442418,0.479789805622,0.47941462402,15,4.14478939452
2,EJ-230,-650,0,1,scintillation,0.479789805622,0.480540168826,0.480164987224,21,5.80270515233
2,EJ-230,-650,0,1,scintillation,0.480540168826,0.48129053203,0.480915350428,27,7.46062091014
2,EJ-230,-650,0,1,scintillation,0.48129053203,0.482040895234,0.481665713632,16,4.42110868749
2,EJ-230,-650,0,1,scintillation,0.482040895234,0.482791258438,0.482416076836,32,8.84221737498
2,EJ-230,-650,0,1,scintillation,0.482791258438,0.483541621642,0.48316644004,32,8.84221737498
2,EJ-230,-650,0,1,scintillation,0.483541621642,0.484291984845,0.483916803244,29,8.01325949607
2,EJ-230,-650,0,1,scintillation,0.484291984845,0.485042348049,0.484667166447,25,6.9079823242
2,EJ-230,-650,0,1,scintillation,0.485042348049,0.485792711253,0.485417529651,42,11.6054103047
2,EJ-230,-650,0,1,scintillation,0.485792711253,0.486543074457,0.486167892855,37,10.2238138398
2,EJ-230,-650,0,1,scintillation,0.486543074457,0.487293437661,0.486918256059,25,6.9079823242
2,EJ-230,-650,0,1,scintillation,0.487293437661,0.488043800865,0.487668619263,41,11.3290910117
2,EJ-230,-650,0,1,scintillation,0.488043800865,0.488794164069,0.488418982467,45,12.4343681836
2,EJ-230,-650,0,1,scintillation,0.488794164069,0.489544527273,0.489169345671,44,12.1580488906
2,EJ-230,-650,0,1,scintillation,0.489544527273,0.490294890477,0.489919708875,42,11.6054103047
2,EJ-230,-650,0,1,scintillation,0.490294890477,0.491045253681,0.490670072079,52,14.3686032343
2,EJ-230,-650,0,1,scintillation,0.491045253681,0.491795616885,0.491420435283,41,11.3290910117
2,EJ-230,-650,0,1,scintillation,0.491795616885,0.492545980089,0.492170798487,54,14.9212418203
2,EJ-230,-650,0,1,scintillation,0.492545980089,0.493296343293,0.492921161691,60,16.5791575781
2,EJ-230,-650,0,1,scintillation,0.493296343293,0.494046706497,0.493671524895,57,15.7501996992
2,EJ-230,-650,0,1,scintillation,0.494046706497,0.494797069701,0.494421888099,49,13.5396453554
2,EJ-230,-650,0,1,scintillation,0.494797069701,0.495547432905,0.495172251303,51,14.0922839414
2,EJ-230,-650,0,1,scintillation,0.495547432905,0.496297796108,0.495922614507,61,16.855476871
2,EJ-230,-650,0,1,scintillation,0.496297796108,0.497048159312,0.49667297771,62,17.131796164
2,EJ-230,-650,0,1,scintillation,0.497048159312,0.497798522516,0.497423340914,60,16.5791575781
2,EJ-230,-650,0,1,scintillation,0.497798522516,0.49854888572,0.498173704118,78,21.5529048515
2,EJ-230,-650,0,1,scintillation,0.49854888572,0.499299248924,0.498924067322,50,13.8159646484
2,EJ-230,-650,0,1,scintillation,0.499299248924,0.500049612128,0.499674430526,63,17.408115457
2,EJ-230,-650,0,1,scintillation,0.500049612128,0.500799975332,0.50042479373,65,17.9607540429
2,EJ-230,-650,0,1,scintillation,0.500799975332,0.501550338536,0.501175156934,75,20.7239469726
2,EJ-230,-650,0,1,scintillation,0.501550338536,0.50230070174,0.501925520138,57,15.7501996992
2,EJ-230,-650,0,1,scintillation,0.50230070174,0.503051064944,0.502675883342,69,19.0660312148
2,EJ-230,-650,0,1,scintillation,0.503051064944,0.503801428148,0.503426246546,70,19.3423505078
2,EJ-230,-650,0,1,scintillation,0.503801428148,0.504551791352,0.50417660975,62,17.131796164
2,EJ-230,-650,0,1,scintillation,0.504551791352,0.505302154556,0.504926972954,77,21.2765855585
2,EJ-230,-650,0,1,scintillation,0.505302154556,0.50605251776,0.505677336158,78,21.5529048515
2,EJ-230,-650,0,1,scintillation,0.50605251776,0.506802880964,0.506427699362,76,21.0002662656
2,EJ-230,-650,0,1,scintillation,0.506802880964,0.507553244168,0.507178062566,92,25.4213749531
2,EJ-230,-650,0,1,scintillation,0.507553244168,0.508303607371,0.50792842577,80,22.1055434374
2,EJ-230,-650,0,1,scintillation,0.508303607371,0.509053970575,0.508678788973,77,21.2765855585
2,EJ-230,-650,0,1,scintillation,0.509053970575,0.509804333779,0.509429152177,78,21.5529048515
2,EJ-230,-650,0,1,scintillation,0.509804333779,0.510554696983,0.510179515381,99,27.3556100038
2,EJ-230,-650,0,1,scintillation,0.510554696983,0.511305060187,0.510929878585,94,25.974013539
2,EJ-230,-650,0,1,scintillation,0.511305060187,0.512055423391,0.511680241789,87,24.0397784882
2,EJ-230,-650,0,1,scintillation,0.512055423391,0.512805786595,0.512430604993,74,20.4476276796
2,EJ-230,-650,0,1,scintillation,0.512805786595,0.513556149799,0.513180968197,92,25.4213749531
2,EJ-230,-650,0,1,scintillation,0.513556149799,0.514306513003,0.513931331401,92,25.4213749531
2,EJ-230,-650,0,1,scintillation,0.514306513003,0.515056876207,0.514681694605,95,26.250332832
2,EJ-230,-650,0,1,scintillation,0.515056876207,0.515807239411,0.515432057809,84,23.2108206093
2,EJ-230,-650,0,1,scintillation,0.515807239411,0.516557602615,0.516182421013,93,25.697694246
2,EJ-230,-650,0,1,scintillation,0.516557602615,0.517307965819,0.516932784217,84,23.2108206093
2,EJ-230,-650,0,1,scintillation,0.517307965819,0.518058329023,0.517683147421,91,25.1450556601
2,EJ-230,-650,0,1,scintillation,0.518058329023,0.518808692227,0.518433510625,93,25.697694246
2,EJ-230,-650,0,1,scintillation,0.518808692227,0.519559055431,0.519183873829,101,27.9082485898
2,EJ-230,-650,0,1,scintillation,0.519559055431,0.520309418634,0.519934237033,102,28.1845678827
2,EJ-230,-650,0,1,scintillation,0.520309418634,0.521059781838,0.520684600236,105,29.0135257616
2,EJ-230,-650,0,1,scintillation,0.521059781838,0.521810145042,0.52143496344,92,25.4213749531
2,EJ-230,-650,0,1,scintillation,0.521810145042,0.522560508246,0.522185326644,91,25.1450556601
2,EJ-230,-650,0,1,scintillation,0.522560508246,0.52331087145,0.522935689848,109,30.1188029335
2,EJ-230,-650,0,1,scintillation,0.52331087145,0.524061234654,0.523686053052,106,29.2898450546
2,EJ-230,-650,0,1,scintillation,0.524061234654,0.524811597858,0.524436416256,82,22.6581820234
2,EJ-230,-650,0,1,scintillation,0.524811597858,0.525561961062,0.52518677946,107,29.5661643476
2,EJ-230,-650,0,1,scintillation,0.525561961062,0.526312324266,0.525937142664,94,25.974013539
2,EJ-230,-650,0,1,scintillation,0.526312324266,0.52706268747,0.526687505868,90,24.8687363671
2,EJ-230,-650,0,1,scintillation,0.52706268747,0.527813050674,0.527437869072,72,19.8949890937
2,EJ-230,-650,0,1,scintillation,0.527813050674,0.528563413878,0.528188232276,57,15.7501996992
2,EJ-230,-650,0,1,scintillation,0.528563413878,0.529313777082,0.52893859548,51,14.0922839414
2,EJ-230,-650,0,1,scintillation,0.529313777082,0.530064140286,0.529688958684,27,7.46062091013
2,EJ-230,-650,0,1,scintillation,0.530064140286,0.53081450349,0.530439321888,21,5.80270515233
2,EJ-230,-650,0,1,scintillation,0.53081450349,0.531564866694,0.531189685092,10,2.76319292968
2,EJ-230,-650,0,1,scintillation,0.531564866694,0.532315229898,0.531940048296,5,1.38159646484
2,EJ-230,-650,0,1,scintillation,0.532315229898,0.533065593101,0.532690411499,4,1.10527717187
2,EJ-230,-650,0,1,scintillation,0.533065593101,0.533815956305,0.533440774703,1,0.276319292968
2,EJ-230,-650,0,1,scintillation,0.533815956305,0.534566319509,0.534191137907,1,0.276319292968
2,EJ-230,-650,0,1,scintillation,0.534566319509,0.535316682713,0.534941501111,2,0.552638585936
2,EJ-230,-650,0,1,scintillation,0.535316682713,0.536067045917,0.535691864315,0,0
2,EJ-230,-650,0,1,scintillation,0.536067045917,0.536817409121,0.536442227519,0,0
2,EJ-230,-650,0,1,scintillation,0.536817409121,0.537567772325,0.537192590723,0,0
2,EJ-230,-650,0,1,scintillation,0.537567772325,0.538318135529,0.537942953927,1,0.276319292968
2,EJ-230,-650,0,2,Cherenkov,0.448274551056,0.44902491426,0.448649732658,5,1.28712376858
2,EJ-230,-650,0,2,Cherenkov,0.44902491426,0.449775277464,0.449400095862,5,1.28712376858
2,EJ-230,-650,0,2,Cherenkov,0.449775277464,0.450525640668,0.450150459066,9,2.31682278344
2,EJ-230,-650,0,2,Cherenkov,0.450525640668,0.451276003872,0.45090082227,6,1.54454852229
2,EJ-230,-650,0,2,Cherenkov,0.451276003872,0.452026367076,0.451651185474,7,1.80197327601
2,EJ-230,-650,0,2,Cherenkov,0.452026367076,0.45277673028,0.452401548678,9,2.31682278344
2,EJ-230,-650,0,2,Cherenkov,0.45277673028,0.453527093484,0.453151911882,8,2.05939802972
2,EJ-230,-650,0,2,Cherenkov,0.453527093484,0.454277456688,0.453902275086,11,2.83167229087
2,EJ-230,-650,0,2,Cherenkov,0.454277456688,0.455027819892,0.45465263829,15,3.86137130573
2,EJ-230,-650,0,2,Cherenkov,0.455027819892,0.455778183096,0.455403001494,13,3.3465217983
2,EJ-230,-650,0,2,Cherenkov,0.455778183096,0.4565285463,0.456153364698,14,3.60394655202
2,EJ-230,-650,0,2,Cherenkov,0.4565285463,0.457278909504,0.456903727902,13,3.3465217983
2,EJ-230,-650,0,2,Cherenkov,0.457278909504,0.458029272708,0.457654091106,15,3.86137130573
2,EJ-230,-650,0,2,Cherenkov,0.458029272708,0.458779635912,0.45840445431,18,4.63364556688
2,EJ-230,-650,0,2,Cherenkov,0.458779635912,0.459529999116,0.459154817514,13,3.3465217983
2,EJ-230,-650,0,2,Cherenkov,0.459529999116,0.460280362319,0.459905180717,18,4.63364556688
2,EJ-230,-650,0,2,Cherenkov,0.460280362319,0.461030725523,0.460655543921,15,3.86137130573
2,EJ-230,-650,0,2,Cherenkov,0.461030725523,0.461781088727,0.461405907125,16,4.11879605945
2,EJ-230,-650,0,2,Cherenkov,0.461781088727,0.462531451931,0.462156270329,19,4.89107032059
2,EJ-230,-650,0,2,Cherenkov,0.462531451931,0.463281815135,0.462906633533,9,2.31682278344
2,EJ-230,-650,0,2,Cherenkov,0.463281815135,0.464032178339,0.463656996737,5,1.28712376858
2,EJ-230,-650,0,2,Cherenkov,0.464032178339,0.464782541543,0.464407359941,19,4.89107032059
2,EJ-230,-650,0,2,Cherenkov,0.464782541543,0.465532904747,0.465157723145,11,2.83167229087
2,EJ-230,-650,0,2,Cherenkov,0.465532904747,0.466283267951,0.465908086349,23,5.92076933545
2,EJ-230,-650,0,2,Cherenkov,0.466283267951,0.467033631155,0.466658449553,13,3.3465217983
2,EJ-230,-650,0,2,Cherenkov,0.467033631155,0.467783994359,0.467408812757,21,5.40591982802
2,EJ-230,-650,0,2,Cherenkov,0.467783994359,0.468534357563,0.468159175961,20,5.14849507431
2,EJ-230,-650,0,2,Cherenkov,0.468534357563,0.469284720767,0.468909539165,31,7.98016736518
2,EJ-230,-650,0,2,Cherenkov,0.469284720767,0.470035083971,0.469659902369,16,4.11879605945
2,EJ-230,-650,0,2,Cherenkov,0.470035083971,0.470785447175,0.470410265573,17,4.37622081316
2,EJ-230,-650,0,2,Cherenkov,0.470785447175,0.471535810379,0.471160628777,11,2.83167229087
2,EJ-230,-650,0,2,Cherenkov,0.471535810379,0.472286173582,0.47191099198,18,4.63364556688
2,EJ-230,-650,0,2,Cherenkov,0.472286173582,0.473036536786,0.472661355184,22,5.66334458174
2,EJ-230,-650,0,2,Cherenkov,0.473036536786,0.47378689999,0.473411718388,14,3.60394655202
2,EJ-230,-650,0,2,Cherenkov,0.47378689999,0.474537263194,0.474162081592,22,5.66334458174
2,EJ-230,-650,0,2,Cherenkov,0.474537263194,0.475287626398,0.474912444796,21,5.40591982802
2,EJ-230,-650,0,2,Cherenkov,0.475287626398,0.476037989602,0.475662808,22,5.66334458174
2,EJ-230,-650,0,2,Cherenkov,0.476037989602,0.476788352806,0.476413171204,11,2.83167229087
2,EJ-230,-650,0,2,Cherenkov,0.476788352806,0.47753871601,0.477163534408,24,6.17819408917
2,EJ-230,-650,0,2,Cherenkov,0.47753871601,0.478289079214,0.477913897612,10,2.57424753715
2,EJ-230,-650,0,2,Cherenkov,0.478289079214,0.479039442418,0.478664260816,22,5.66334458174
2,EJ-230,-650,0,2,Cherenkov,0.479039442418,0.479789805622,0.47941462402,12,3.08909704458
2,EJ-230,-650,0,2,Cherenkov,0.479789805622,0.480540168826,0.480164987224,16,4.11879605945
2,EJ-230,-650,0,2,Cherenkov,0.480540168826,0.48129053203,0.480915350428,10,2.57424753715
2,EJ-230,-650,0,2,Cherenkov,0.48129053203,0.482040895234,0.481665713632,7,1.80197327601
2,EJ-230,-650,0,2,Cherenkov,0.482040895234,0.482791258438,0.482416076836,16,4.11879605945
2,EJ-230,-650,0,2,Cherenkov,0.482791258438,0.483541621642,0.48316644004,18,4.63364556688
2,EJ-230,-650,0,2,Cherenkov,0.483541621642,0.484291984845,0.483916803244,15,3.86137130573
2,EJ-230,-650,0,2,Cherenkov,0.484291984845,0.485042348049,0.484667166447,9,2.31682278344
2,EJ-230,-650,0,2,Cherenkov,0.485042348049,0.485792711253,0.485417529651,12,3.08909704458
2,EJ-230,-650,0,2,Cherenkov,0.485792711253,0.486543074457,0.486167892855,12,3.08909704458
2,EJ-230,-650,0,2,Cherenkov,0.486543074457,0.487293437661,0.486918256059,18,4.63364556688
2,EJ-230,-650,0,2,Cherenkov,0.487293437661,0.488043800865,0.487668619263,9,2.31682278344
2,EJ-230,-650,0,2,Cherenkov,0.488043800865,0.488794164069,0.488418982467,6,1.54454852229
2,EJ-230,-650,0,2,Cherenkov,0.488794164069,0.489544527273,0.489169345671,13,3.3465217983
2,EJ-230,-650,0,2,Cherenkov,0.489544527273,0.490294890477,0.489919708875,9,2.31682278344
2,EJ-230,-650,0,2,Cherenkov,0.490294890477,0.491045253681,0.490670072079,8,2.05939802972
2,EJ-230,-650,0,2,Cherenkov,0.491045253681,0.491795616885,0.491420435283,6,1.54454852229
2,EJ-230,-650,0,2,Cherenkov,0.491795616885,0.492545980089,0.492170798487,11,2.83167229087
2,EJ-230,-650,0,2,Cherenkov,0.492545980089,0.493296343293,0.492921161691,12,3.08909704458
2,EJ-230,-650,0,2,Cherenkov,0.493296343293,0.494046706497,0.493671524895,9,2.31682278344
2,EJ-230,-650,0,2,Cherenkov,0.494046706497,0.494797069701,0.494421888099,6,1.54454852229
2,EJ-230,-650,0,2,Cherenkov,0.494797069701,0.495547432905,0.495172251303,15,3.86137130573
2,EJ-230,-650,0,2,Cherenkov,0.495547432905,0.496297796108,0.495922614507,5,1.28712376858
2,EJ-230,-650,0,2,Cherenkov,0.496297796108,0.497048159312,0.49667297771,5,1.28712376858
2,EJ-230,-650,0,2,Cherenkov,0.497048159312,0.497798522516,0.497423340914,12,3.08909704458
2,EJ-230,-650,0,2,Cherenkov,0.497798522516,0.49854888572,0.498173704118,4,1.02969901486
2,EJ-230,-650,0,2,Cherenkov,0.49854888572,0.499299248924,0.498924067322,4,1.02969901486
2,EJ-230,-650,0,2,Cherenkov,0.499299248924,0.500049612128,0.499674430526,3,0.772274261146
2,EJ-230,-650,0,2,Cherenkov,0.500049612128,0.500799975332,0.50042479373,7,1.80197327601
2,EJ-230,-650,0,2,Cherenkov,0.500799975332,0.501550338536,0.501175156934,5,1.28712376858
2,EJ-230,-650,0,2,Cherenkov,0.501550338536,0.50230070174,0.501925520138,8,2.05939802972
2,EJ-230,-650,0,2,Cherenkov,0.50230070174,0.503051064944,0.502675883342,2,0.514849507431
2,EJ-230,-650,0,2,Cherenkov,0.503051064944,0.503801428148,0.503426246546,6,1.54454852229
2,EJ-230,-650,0,2,Cherenkov,0.503801428148,0.504551791352,0.50417660975,10,2.57424753715
2,EJ-230,-650,0,2,Cherenkov,0.504551791352,0.505302154556,0.504926972954,4,1.02969901486
2,EJ-230,-650,0,2,Cherenkov,0.505302154556,0.50605251776,0.505677336158,6,1.54454852229
2,EJ-230,-650,0,2,Cherenkov,0.50605251776,0.506802880964,0.506427699362,5,1.28712376858
2,EJ-230,-650,0,2,Cherenkov,0.506802880964,0.507553244168,0.507178062566,5,1.28712376858
2,EJ-230,-650,0,2,Cherenkov,0.507553244168,0.508303607371,0.50792842577,3,0.772274261146
2,EJ-230,-650,0,2,Cherenkov,0.508303607371,0.509053970575,0.508678788973,3,0.772274261146
2,EJ-230,-650,0,2,Cherenkov,0.509053970575,0.509804333779,0.509429152177,8,2.05939802972
2,EJ-230,-650,0,2,Cherenkov,0.509804333779,0.510554696983,0.510179515381,9,2.31682278344
2,EJ-230,-650,0,2,Cherenkov,0.510554696983,0.511305060187,0.510929878585,4,1.02969901486
2,EJ-230,-650,0,2,Cherenkov,0.511305060187,0.512055423391,0.511680241789,4,1.02969901486
2,EJ-230,-650,0,2,Cherenkov,0.512055423391,0.512805786595,0.512430604993,5,1.28712376858
2,EJ-230,-650,0,2,Cherenkov,0.512805786595,0.513556149799,0.513180968197,1,0.257424753715
2,EJ-230,-650,0,2,Cherenkov,0.513556149799,0.514306513003,0.513931331401,4,1.02969901486
2,EJ-230,-650,0,2,Cherenkov,0.514306513003,0.515056876207,0.514681694605,5,1.28712376858
2,EJ-230,-650,0,2,Cherenkov,0.515056876207,0.515807239411,0.515432057809,5,1.28712376858
2,EJ-230,-650,0,2,Cherenkov,0.515807239411,0.516557602615,0.516182421013,4,1.02969901486
2,EJ-230,-650,0,2,Cherenkov,0.516557602615,0.517307965819,0.516932784217,5,1.28712376858
2,EJ-230,-650,0,2,Cherenkov,0.517307965819,0.518058329023,0.517683147421,6,1.54454852229
2,EJ-230,-650,0,2,Cherenkov,0.518058329023,0.518808692227,0.518433510625,1,0.257424753715
2,EJ-230,-650,0,2,Cherenkov,0.518808692227,0.519559055431,0.519183873829,3,0.772274261146
2,EJ-230,-650,0,2,Cherenkov,0.519559055431,0.520309418634,0.519934237033,4,1.02969901486
2,EJ-230,-650,0,2,Cherenkov,0.520309418634,0.521059781838,0.520684600236,1,0.257424753715
2,EJ-230,-650,0,2,Cherenkov,0.521059781838,0.521810145042,0.52143496344,0,0
2,EJ-230,-650,0,2,Cherenkov,0.521810145042,0.522560508246,0.522185326644,1,0.257424753715
2,EJ-230,-650,0,2,Cherenkov,0.522560508246,0.52331087145,0.522935689848,2,0.514849507431
2,EJ-230,-650,0,2,Cherenkov,0.52331087145,0.524061234654,0.523686053052,0,0
2,EJ-230,-650,0,2,Cherenkov,0.524061234654,0.524811597858,0.524436416256,0,0
2,EJ-230,-650,0,2,Cherenkov,0.524811597858,0.525561961062,0.52518677946,2,0.514849507431
2,EJ-230,-650,0,2,Cherenkov,0.525561961062,0.526312324266,0.525937142664,1,0.257424753715
2,EJ-230,-650,0,2,Cherenkov,0.526312324266,0.52706268747,0.526687505868,446,114.811440157
2,EJ-230,-650,0,2,Cherenkov,0.52706268747,0.527813050674,0.527437869072,849,218.553615904
2,EJ-230,-650,0,2,Cherenkov,0.527813050674,0.528563413878,0.528188232276,823,211.860572308
2,EJ-230,-650,0,2,Cherenkov,0.528563413878,0.529313777082,0.52893859548,662,170.41518696
2,EJ-230,-650,0,2,Cherenkov,0.529313777082,0.530064140286,0.529688958684,483,124.336156045
2,EJ-230,-650,0,2,Cherenkov,0.530064140286,0.53081450349,0.530439321888,345,88.8115400318
2,EJ-230,-650,0,2,Cherenkov,0.53081450349,0.531564866694,0.531189685092,196,50.4552517282
2,EJ-230,-650,0,2,Cherenkov,0.531564866694,0.532315229898,0.531940048296,125,32.1780942144
2,EJ-230,-650,0,2,Cherenkov,0.532315229898,0.533065593101,0.532690411499,73,18.7920070212
2,EJ-230,-650,0,2,Cherenkov,0.533065593101,0.533815956305,0.533440774703,43,11.0692644098
2,EJ-230,-650,0,2,Cherenkov,0.533815956305,0.534566319509,0.534191137907,23,5.92076933545
2,EJ-230,-650,0,2,Cherenkov,0.534566319509,0.535316682713,0.534941501111,20,5.14849507431
2,EJ-230,-650,0,2,Cherenkov,0.535316682713,0.536067045917,0.535691864315,16,4.11879605945
2,EJ-230,-650,0,2,Cherenkov,0.536067045917,0.536817409121,0.536442227519,6,1.54454852229
2,EJ-230,-650,0,2,Cherenkov,0.536817409121,0.537567772325,0.537192590723,8,2.05939802972
2,EJ-230,-650,0,2,Cherenkov,0.537567772325,0.538318135529,0.537942953927,7,1.80197327601
2,EJ-230,650,1,0,all,0.447681397171,0.448431303431,0.448056350301,6,0.800100002286
2,EJ-230,650,1,0,all,0.448431303431,0.44918120969,0.44880625656,6,0.800100002286
2,EJ-230,650,1,0,all,0.44918120969,0.44993111595,0.44955616282,3,0.400050001143
2,EJ-230,650,1,0,all,0.44993111595,0.450681022209,0.45030606908,7,0.933450002668
2,EJ-230,650,1,0,all,0.450681022209,0.451430928469,0.451055975339,12,1.60020000457
2,EJ-230,650,1,0,all,0.451430928469,0.452180834729,0.451805881599,9,1.20015000343
2,EJ-230,650,1,0,all,0.452180834729,0.452930740988,0.452555787858,10,1.33350000381
2,EJ-230,650,1,0,all,0.452930740988,0.453680647248,0.453305694118,6,0.800100002286
2,EJ-230,650,1,0,all,0.453680647248,0.454430553507,0.454055600377,9,1.20015000343
2,EJ-230,650,1,0,all,0.454430553507,0.455180459767,0.454805506637,9,1.20015000343
2,EJ-230,650,1,0,all,0.455180459767,0.455930366026,0.455555412897,6,0.800100002286
2,EJ-230,650,1,0,all,0.455930366026,0.456680272286,0.456305319156,11,1.46685000419
2,EJ-230,650,1,0,all,0.456680272286,0.457430178546,0.457055225416,10,1.33350000381
2,EJ-230,650,1,0,all,0.457430178546,0.458180084805,0.457805131675,20,2.66700000762
2,EJ-230,650,1,0,all,0.458180084805,0.458929991065,0.458555037935,12,1.60020000457
2,EJ-230,650,1,0,all,0.458929991065,0.459679897324,0.459304944194,12,1.60020000457
2,EJ-230,650,1,0,all,0.459679897324,0.460429803584,0.460054850454,16,2.1336000061
2,EJ-230,650,1,0,all,0.460429803584,0.461179709843,0.460804756714,24,3.20040000915
2,EJ-230,650,1,0,all,0.461179709843,0.461929616103,0.461554662973,13,1.73355000495
2,EJ-230,650,1,0,all,0.461929616103,0.462679522363,0.462304569233,29,3.86715001105
2,EJ-230,650,1,0,all,0.462679522363,0.463429428622,0.463054475492,25,3.33375000953
2,EJ-230,650,1,0,all,0.463429428622,0.464179334882,0.463804381752,20,2.66700000762
2,EJ-230,650,1,0,all,0.464179334882,0.464929241141,0.464554288011,24,3.20040000915
2,EJ-230,650,1,0,all,0.464929241141,0.465679147401,0.465304194271,14,1.86690000534
2,EJ-230,650,1,0,all,0.465679147401,0.46642905366,0.466054100531,14,1.86690000534
2,EJ-230,650,1,0,all,0.46642905366,0.46717895992,0.46680400679,35,4.66725001334
2,EJ-230,650,1,0,all,0.46717895992,0.46792886618,0.46755391305,21,2.800350008
2,EJ-230,650,1,0,all,0.46792886618,0.468678772439,0.468303819309,23,3.06705000876
2,EJ-230,650,1,0,all,0.468678772439,0.469428678699,0.469053725569,24,3.20040000915
2,EJ-230,650,1,0,all,0.469428678699,0.470178584958,0.469803631829,29,3.86715001105
2,EJ-230,650,1,0,all,0.470178584958,0.470928491218,0.470553538088,28,3.73380001067
2,EJ-230,650,1,0,all,0.470928491218,0.471678397477,0.471303444348,27,3.60045001029
2,EJ-230,650,1,0,all,0.471678397477,0.472428303737,0.472053350607,26,3.46710000991
2,EJ-230,650,1,0,all,0.472428303737,0.473178209997,0.472803256867,30,4.00050001143
2,EJ-230,650,1,0,all,0.473178209997,0.473928116256,0.473553163126,39,5.20065001486
2,EJ-230,650,1,0,all,0.473928116256,0.474678022516,0.474303069386,40,5.33400001524
2,EJ-230,650,1,0,all,0.474678022516,0.475427928775,0.475052975646,33,4.40055001258
2,EJ-230,650,1,0,all,0.475427928775,0.476177835035,0.475802881905,39,5.20065001486
2,EJ-230,650,1,0,all,0.476177835035,0.476927741294,0.476552788165,37,4.9339500141
2,EJ-230,650,1,0,all,0.476927741294,0.477677647554,0.477302694424,36,4.80060001372
2,EJ-230,650,1,0,all,0.477677647554,0.478427553814,0.478052600684,40,5.33400001524
2,EJ-230,650,1,0,all,0.478427553814,0.479177460073,0.478802506943,33,4.40055001258
2,EJ-230,650,1,0,all,0.479177460073,0.479927366333,0.479552413203,40,5.33400001524
2,EJ-230,650,1,0,all,0.479927366333,0.480677272592,0.480302319463,43,5.73405001639
2,EJ-230,650,1,0,all,0.480677272592,0.481427178852,0.481052225722,35,4.66725001334
2,EJ-230,650,1,0,all,0.481427178852,0.482177085111,0.481802131982,38,5.06730001448
2,EJ-230,650,1,0,all,0.482177085111,0.482926991371,0.482552038241,46,6.13410001753
2,EJ-230,650,1,0,all,0.482926991371,0.483676897631,0.483301944501,33,4.40055001258
2,EJ-230,650,1,0,all,0.483676897631,0.48442680389,0.48405185076,39,5.20065001486
2,EJ-230,650,1,0,all,0.48442680389,0.48517671015,0.48480175702,49,6.53415001867
2,EJ-230,650,1,0,all,0.48517671015,0.485926616409,0.48555166328,49,6.53415001867
2,EJ-230,650,1,0,all,0.485926616409,0.486676522669,0.486301569539,50,6.66750001905
2,EJ-230,650,1,0,all,0.486676522669,0.487426428928,0.487051475799,56,7.46760002134
2,EJ-230,650,1,0,all,0.487426428928,0.488176335188,0.487801382058,52,6.93420001982
2,EJ-230,650,1,0,all,0.488176335188,0.488926241448,0.488551288318,51,6.80085001943
2,EJ-230,650,1,0,all,0.488926241448,0.489676147707,0.489301194577,60,8.00100002286
2,EJ-230,650,1,0,all,0.489676147707,0.490426053967,0.490051100837,58,7.7343000221
2,EJ-230,650,1,0,all,0.490426053967,0.491175960226,0.490801007097,56,7.46760002134
2,EJ-230,650,1,0,all,0.491175960226,0.491925866486,0.491550913356,44,5.86740001677
2,EJ-230,650,1,0,all,0.491925866486,0.492675772746,0.492300819616,59,7.86765002248
2,EJ-230,650,1,0,all,0.492675772746,0.493425679005,0.493050725875,49,6.53415001867
2,EJ-230,650,1,0,all,0.493425679005,0.494175585265,0.493800632135,55,7.33425002096
2,EJ-230,650,1,0,all,0.494175585265,0.494925491524,0.494550538394,52,6.93420001982
2,EJ-230,650,1,0,all,0.494925491524,0.495675397784,0.495300444654,63,8.40105002401
2,EJ-230,650,1,0,all,0.495675397784,0.496425304043,0.496050350914,50,6.66750001905
2,EJ-230,650,1,0,all,0.496425304043,0.497175210303,0.496800257173,68,9.06780002591
2,EJ-230,650,1,0,all,0.497175210303,0.497925116563,0.497550163433,61,8.13435002325
2,EJ-230,650,1,0,all,0.497925116563,0.498675022822,0.498300069692,66,8.80110002515
2,EJ-230,650,1,0,all,0.498675022822,0.499424929082,0.499049975952,54,7.20090002058
2,EJ-230,650,1,0,all,0.499424929082,0.500174835341,0.499799882211,71,9.46785002706
2,EJ-230,650,1,0,all,0.500174835341,0.500924741601,0.500549788471,68,9.06780002591
2,EJ-230,650,1,0,all,0.500924741601,0.50167464786,0.501299694731,77,10.2679500293
2,EJ-230,650,1,0,all,0.50167464786,0.50242455412,0.50204960099,76,10.134600029
2,EJ-230,650,1,0,all,0.50242455412,0.50317446038,0.50279950725,62,8.26770002363
2,EJ-230,650,1,0,all,0.50317446038,0.503924366639,0.503549413509,84,11.201400032
2,EJ-230,650,1,0,all,0.503924366639,0.504674272899,0.504299319769,86,11.4681000328
2,EJ-230,650,1,0,all,0.504674272899,0.505424179158,0.505049226028,95,12.6682500362
2,EJ-230,650,1,0,all,0.505424179158,0.506174085418,0.505799132288,91,12.1348500347
2,EJ-230,650,1,0,all,0.506174085418,0.506923991677,0.506549038548,82,10.9347000312
2,EJ-230,650,1,0,all,0.506923991677,0.507673897937,0.507298944807,72,9.60120002744
2,EJ-230,650,1,0,all,0.507673897937,0.508423804197,0.508048851067,115,15.3352500438
2,EJ-230,650,1,0,all,0.508423804197,0.509173710456,0.508798757326,70,9.33450002668
2,EJ-230,650,1,0,all,0.509173710456,0.509923616716,0.509548663586,85,11.3347500324
2,EJ-230,650,1,0,all,0.509923616716,0.510673522975,0.510298569846,84,11.201400032
2,EJ-230,650,1,0,all,0.510673522975,0.511423429235,0.511048476105,90,12.0015000343
2,EJ-230,650,1,0,all,0.511423429235,0.512173335494,0.511798382365,103,13.7350500393
2,EJ-230,650,1,0,all,0.512173335494,0.512923241754,0.512548288624,85,11.3347500324
2,EJ-230,650,1,0,all,0.512923241754,0.513673148014,0.513298194884,103,13.7350500393
2,EJ-230,650,1,0,all,0.513673148014,0.514423054273,0.514048101143,87,11.6014500332
2,EJ-230,650,1,0,all,0.514423054273,0.515172960533,0.514798007403,97,12.934950037
2,EJ-230,650,1,0,all,0.515172960533,0.515922866792,0.515547913663,104,13.8684000396
2,EJ-230,650,1,0,all,0.515922866792,0.516672773052,0.516297819922,86,11.4681000328
2,EJ-230,650,1,0,all,0.516672773052,0.517422679311,0.517047726182,105,14.00175004
2,EJ-230,650,1,0,all,0.517422679311,0.518172585571,0.517797632441,85,11.3347500324
2,EJ-230,650,1,0,all,0.518172585571,0.518922491831,0.518547538701,93,12.4015500354
2,EJ-230,650,1,0,all,0.518922491831,0.51967239809,0.51929744496,101,13.4683500385
2,EJ-230,650,1,0,all,0.51967239809,0.52042230435,0.52004735122,103,13.7350500393
2,EJ-230,650,1,0,all,0.52042230435,0.521172210609,0.52079725748,110,14.6685000419
2,EJ-230,650,1,0,all,0.521172210609,0.521922116869,0.521547163739,94,12.5349000358
2,EJ-230,650,1,0,all,0.521922116869,0.522672023128,0.522297069999,96,12.8016000366
2,EJ-230,650,1,0,all,0.522672023128,0.523421929388,0.523046976258,94,12.5349000358
2,EJ-230,650,1,0,all,0.523421929388,0.524171835648,0.523796882518,95,12.6682500362
2,EJ-230,650,1,0,all,0.524171835648,0.524921741907,0.524546788777,102,13.6017000389
2,EJ-230,650,1,0,all,0.524921741907,0.525671648167,0.525296695037,99,13.2016500377
2,EJ-230,650,1,0,all,0.525671648167,0.526421554426,0.526046601297,87,11.6014500332
2,EJ-230,650,1,0,all,0.526421554426,0.527171460686,0.526796507556,644,85.8774002454
2,EJ-230,650,1,0,all,0.527171460686,0.527921366946,0.527546413816,953,127.082550363
2,EJ-230,650,1,0,all,0.527921366946,0.528671273205,0.528296320075,970,129.34950037
2,EJ-230,650,1,0,all,0.528671273205,0.529421179465,0.529046226335,619,82.5436502359
2,EJ-230,650,1,0,all,0.529421179465,0.530171085724,0.529796132594,461,61.4743501757
2,EJ-230,650,1,0,all,0.530171085724,0.530920991984,0.530546038854,324,43.2054001235
2,EJ-230,650,1,0,all,0.530920991984,0.531670898243,0.531295945114,202,26.936700077
2,EJ-230,650,1,0,all,0.531670898243,0.532420804503,0.532045851373,122,16.2687000465
2,EJ-230,650,1,0,all,0.532420804503,0.533170710763,0.532795757633,67,8.93445002553
2,EJ-230,650,1,0,all,0.533170710763,0.533920617022,0.533545663892,45,6.00075001715
2,EJ-230,650,1,0,all,0.533920617022,0.534670523282,0.534295570152,33,4.40055001258
2,EJ-230,650,1,0,all,0.534670523282,0.535420429541,0.535045476411,31,4.13385001181
2,EJ-230,650,1,0,all,0.535420429541,0.536170335801,0.535795382671,15,2.00025000572
2,EJ-230,650,1,0,all,0.536170335801,0.53692024206,0.536545288931,8,1.06680000305
2,EJ-230,650,1,0,all,0.53692024206,0.53767014832,0.53729519519,6,0.800100002286
2,EJ-230,650,1,1,scintillation,0.447681397171,0.448431303431,0.448056350301,0,0
2,EJ-230,650,1,1,scintillation,0.448431303431,0.44918120969,0.44880625656,0,0
2,EJ-230,650,1,1,scintillation,0.44918120969,0.44993111595,0.44955616282,0,0
2,EJ-230,650,1,1,scintillation,0.44993111595,0.450681022209,0.45030606908,0,0
2,EJ-230,650,1,1,scintillation,0.450681022209,0.451430928469,0.451055975339,1,0.279735683619
2,EJ-230,650,1,1,scintillation,0.451430928469,0.452180834729,0.451805881599,0,0
2,EJ-230,650,1,1,scintillation,0.452180834729,0.452930740988,0.452555787858,0,0
2,EJ-230,650,1,1,scintillation,0.452930740988,0.453680647248,0.453305694118,1,0.279735683619
2,EJ-230,650,1,1,scintillation,0.453680647248,0.454430553507,0.454055600377,0,0
2,EJ-230,650,1,1,scintillation,0.454430553507,0.455180459767,0.454805506637,0,0
2,EJ-230,650,1,1,scintillation,0.455180459767,0.455930366026,0.455555412897,0,0
2,EJ-230,650,1,1,scintillation,0.455930366026,0.456680272286,0.456305319156,0,0
2,EJ-230,650,1,1,scintillation,0.456680272286,0.457430178546,0.457055225416,0,0
2,EJ-230,650,1,1,scintillation,0.457430178546,0.458180084805,0.457805131675,1,0.279735683619
2,EJ-230,650,1,1,scintillation,0.458180084805,0.458929991065,0.458555037935,0,0
2,EJ-230,650,1,1,scintillation,0.458929991065,0.459679897324,0.459304944194,1,0.279735683619
2,EJ-230,650,1,1,scintillation,0.459679897324,0.460429803584,0.460054850454,1,0.279735683619
2,EJ-230,650,1,1,scintillation,0.460429803584,0.461179709843,0.460804756714,3,0.839207050856
2,EJ-230,650,1,1,scintillation,0.461179709843,0.461929616103,0.461554662973,1,0.279735683619
2,EJ-230,650,1,1,scintillation,0.461929616103,0.462679522363,0.462304569233,4,1.11894273448
2,EJ-230,650,1,1,scintillation,0.462679522363,0.463429428622,0.463054475492,4,1.11894273448
2,EJ-230,650,1,1,scintillation,0.463429428622,0.464179334882,0.463804381752,6,1.67841410171
2,EJ-230,650,1,1,scintillation,0.464179334882,0.464929241141,0.464554288011,3,0.839207050856
2,EJ-230,650,1,1,scintillation,0.464929241141,0.465679147401,0.465304194271,6,1.67841410171
2,EJ-230,650,1,1,scintillation,0.465679147401,0.46642905366,0.466054100531,1,0.279735683619
2,EJ-230,650,1,1,scintillation,0.46642905366,0.46717895992,0.46680400679,8,2.23788546895
2,EJ-230,650,1,1,scintillation,0.46717895992,0.46792886618,0.46755391305,4,1.11894273448
2,EJ-230,650,1,1,scintillation,0.46792886618,0.468678772439,0.468303819309,3,0.839207050856
2,EJ-230,650,1,1,scintillation,0.468678772439,0.469428678699,0.469053725569,9,2.51762115257
2,EJ-230,650,1,1,scintillation,0.469428678699,0.470178584958,0.469803631829,12,3.35682820343
2,EJ-230,650,1,1,scintillation,0.470178584958,0.470928491218,0.470553538088,9,2.51762115257
2,EJ-230,650,1,1,scintillation,0.470928491218,0.471678397477,0.471303444348,9,2.51762115257
2,EJ-230,650,1,1,scintillation,0.471678397477,0.472428303737,0.472053350607,10,2.79735683619
2,EJ-230,650,1,1,scintillation,0.472428303737,0.473178209997,0.472803256867,11,3.07709251981
2,EJ-230,650,1,1,scintillation,0.473178209997,0.473928116256,0.473553163126,15,4.19603525428
2,EJ-230,650,1,1,scintillation,0.473928116256,0.474678022516,0.474303069386,16,4.4757709379
2,EJ-230,650,1,1,scintillation,0.474678022516,0.475427928775,0.475052975646,15,4.19603525428
2,EJ-230,650,1,1,scintillation,0.475427928775,0.476177835035,0.475802881905,15,4.19603525428
2,EJ-230,650,1,1,scintillation,0.476177835035,0.476927741294,0.476552788165,17,4.75550662152
2,EJ-230,650,1,1,scintillation,0.476927741294,0.477677647554,0.477302694424,18,5.03524230514
2,EJ-230,650,1,1,scintillation,0.477677647554,0.478427553814,0.478052600684,21,5.87444935599
2,EJ-230,650,1,1,scintillation,0.478427553814,0.479177460073,0.478802506943,16,4.4757709379
2,EJ-230,650,1,1,scintillation,0.479177460073,0.479927366333,0.479552413203,19,5.31497798876
2,EJ-230,650,1,1,scintillation,0.479927366333,0.480677272592,0.480302319463,23,6.43392072323
2,EJ-230,650,1,1,scintillation,0.480677272592,0.481427178852,0.481052225722,23,6.43392072323
2,EJ-230,650,1,1,scintillation,0.481427178852,0.482177085111,0.481802131982,24,6.71365640685
2,EJ-230,650,1,1,scintillation,0.482177085111,0.482926991371,0.482552038241,32,8.9515418758
2,EJ-230,650,1,1,scintillation,0.482926991371,0.483676897631,0.483301944501,19,5.31497798876
2,EJ-230,650,1,1,scintillation,0.483676897631,0.48442680389,0.48405185076,26,7.27312777409
2,EJ-230,650,1,1,scintillation,0.48442680389,0.48517671015,0.48480175702,33,9.23127755942
2,EJ-230,650,1,1,scintillation,0.48517671015,0.485926616409,0.48555166328,38,10.6299559775
2,EJ-230,650,1,1,scintillation,0.485926616409,0.486676522669,0.486301569539,35,9.79074892666
2,EJ-230,650,1,1,scintillation,0.486676522669,0.487426428928,0.487051475799,41,11.4691630284
2,EJ-230,650,1,1,scintillation,0.487426428928,0.488176335188,0.487801382058,45,12.5881057628
2,EJ-230,650,1,1,scintillation,0.488176335188,0.488926241448,0.488551288318,40,11.1894273448
2,EJ-230,650,1,1,scintillation,0.488926241448,0.489676147707,0.489301194577,50,13.9867841809
2,EJ-230,650,1,1,scintillation,0.489676147707,0.490426053967,0.490051100837,50,13.9867841809
2,EJ-230,650,1,1,scintillation,0.490426053967,0.491175960226,0.490801007097,44,12.3083700792
2,EJ-230,650,1,1,scintillation,0.491175960226,0.491925866486,0.491550913356,38,10.6299559775
2,EJ-230,650,1,1,scintillation,0.491925866486,0.492675772746,0.492300819616,48,13.4273128137
2,EJ-230,650,1,1,scintillation,0.492675772746,0.493425679005,0.493050725875,41,11.4691630284
2,EJ-230,650,1,1,scintillation,0.493425679005,0.494175585265,0.493800632135,54,15.1057269154
2,EJ-230,650,1,1,scintillation,0.494175585265,0.494925491524,0.494550538394,44,12.3083700792
2,EJ-230,650,1,1,scintillation,0.494925491524,0.495675397784,0.495300444654,55,15.385462599
2,EJ-230,650,1,1,scintillation,0.495675397784,0.496425304043,0.496050350914,47,13.1475771301
2,EJ-230,650,1,1,scintillation,0.496425304043,0.497175210303,0.496800257173,61,17.0638767007
2,EJ-230,650,1,1,scintillation,0.497175210303,0.497925116563,0.497550163433,52,14.5462555482
2,EJ-230,650,1,1,scintillation,0.497925116563,0.498675022822,0.498300069692,58,16.2246696499
2,EJ-230,650,1,1,scintillation,0.498675022822,0.499424929082,0.499049975952,50,13.9867841809
2,EJ-230,650,1,1,scintillation,0.499424929082,0.500174835341,0.499799882211,64,17.9030837516
2,EJ-230,650,1,1,scintillation,0.500174835341,0.500924741601,0.500549788471,61,17.0638767007
2,EJ-230,650,1,1,scintillation,0.500924741601,0.50167464786,0.501299694731,71,19.8612335369
2,EJ-230,650,1,1,scintillation,0.50167464786,0.50242455412,0.50204960099,69,19.3017621697
2,EJ-230,650,1,1,scintillation,0.50242455412,0.50317446038,0.50279950725,55,15.385462599
2,EJ-230,650,1,1,scintillation,0.50317446038,0.503924366639,0.503549413509,81,22.6585903731
2,EJ-230,650,1,1,scintillation,0.503924366639,0.504674272899,0.504299319769,75,20.9801762714
2,EJ-230,650,1,1,scintillation,0.504674272899,0.505424179158,0.505049226028,93,26.0154185765
2,EJ-230,650,1,1,scintillation,0.505424179158,0.506174085418,0.505799132288,84,23.497797424
2,EJ-230,650,1,1,scintillation,0.506174085418,0.506923991677,0.506549038548,78,21.8193833223
2,EJ-230,650,1,1,scintillation,0.506923991677,0.507673897937,0.507298944807,71,19.8612335369
2,EJ-230,650,1,1,scintillation,0.507673897937,0.508423804197,0.508048851067,110,30.7709251981
2,EJ-230,650,1,1,scintillation,0.508423804197,0.509173710456,0.508798757326,67,18.7422908025
2,EJ-230,650,1,1,scintillation,0.509173710456,0.509923616716,0.509548663586,81,22.6585903731
2,EJ-230,650,1,1,scintillation,0.509923616716,0.510673522975,0.510298569846,80,22.3788546895
2,EJ-230,650,1,1,scintillation,0.510673522975,0.511423429235,0.511048476105,88,24.6167401585
2,EJ-230,650,1,1,scintillation,0.511423429235,0.512173335494,0.511798382365,97,27.134361311
2,EJ-230,650,1,1,scintillation,0.512173335494,0.512923241754,0.512548288624,82,22.9383260567
2,EJ-230,650,1,1,scintillation,0.512923241754,0.513673148014,0.513298194884,94,26.2951542602
2,EJ-230,650,1,1,scintillation,0.513673148014,0.514423054273,0.514048101143,84,23.497797424
2,EJ-230,650,1,1,scintillation,0.514423054273,0.515172960533,0.514798007403,95,26.5748899438
2,EJ-230,650,1,1,scintillation,0.515172960533,0.515922866792,0.515547913663,97,27.134361311
2,EJ-230,650,1,1,scintillation,0.515922866792,0.516672773052,0.516297819922,83,23.2180617404
2,EJ-230,650,1,1,scintillation,0.516672773052,0.517422679311,0.517047726182,105,29.37224678
2,EJ-230,650,1,1,scintillation,0.517422679311,0.518172585571,0.517797632441,83,23.2180617404
2,EJ-230,650,1,1,scintillation,0.518172585571,0.518922491831,0.518547538701,90,25.1762115257
2,EJ-230,650,1,1,scintillation,0.518922491831,0.51967239809,0.51929744496,99,27.6938326783
2,EJ-230,650,1,1,scintillation,0.51967239809,0.52042230435,0.52004735122,99,27.6938326783
2,EJ-230,650,1,1,scintillation,0.52042230435,0.521172210609,0.52079725748,108,30.2114538308
2,EJ-230,650,1,1,scintillation,0.521172210609,0.521922116869,0.521547163739,92,25.7356828929
2,EJ-230,650,1,1,scintillation,0.521922116869,0.522672023128,0.522297069999,93,26.0154185765
2,EJ-230,650,1,1,scintillation,0.522672023128,0.523421929388,0.523046976258,92,25.7356828929
2,EJ-230,650,1,1,scintillation,0.523421929388,0.524171835648,0.523796882518,95,26.5748899438
2,EJ-230,650,1,1,scintillation,0.524171835648,0.524921741907,0.524546788777,98,27.4140969946
2,EJ-230,650,1,1,scintillation,0.524921741907,0.525671648167,0.525296695037,99,27.6938326783
2,EJ-230,650,1,1,scintillation,0.525671648167,0.526421554426,0.526046601297,86,24.0572687912
2,EJ-230,650,1,1,scintillation,0.526421554426,0.527171460686,0.526796507556,97,27.134361311
2,EJ-230,650,1,1,scintillation,0.527171460686,0.527921366946,0.527546413816,78,21.8193833223
2,EJ-230,650,1,1,scintillation,0.527921366946,0.528671273205,0.528296320075,59,16.5044053335
2,EJ-230,650,1,1,scintillation,0.528671273205,0.529421179465,0.529046226335,35,9.79074892666
2,EJ-230,650,1,1,scintillation,0.529421179465,0.530171085724,0.529796132594,26,7.27312777409
2,EJ-230,650,1,1,scintillation,0.530171085724,0.530920991984,0.530546038854,15,4.19603525428
2,EJ-230,650,1,1,scintillation,0.530920991984,0.531670898243,0.531295945114,12,3.35682820343
2,EJ-230,650,1,1,scintillation,0.531670898243,0.532420804503,0.532045851373,3,0.839207050856
2,EJ-230,650,1,1,scintillation,0.532420804503,0.533170710763,0.532795757633,3,0.839207050856
2,EJ-230,650,1,1,scintillation,0.533170710763,0.533920617022,0.533545663892,2,0.559471367238
2,EJ-230,650,1,1,scintillation,0.533920617022,0.534670523282,0.534295570152,1,0.279735683619
2,EJ-230,650,1,1,scintillation,0.534670523282,0.535420429541,0.535045476411,4,1.11894273448
2,EJ-230,650,1,1,scintillation,0.535420429541,0.536170335801,0.535795382671,0,0
2,EJ-230,650,1,1,scintillation,0.536170335801,0.53692024206,0.536545288931,0,0
2,EJ-230,650,1,1,scintillation,0.53692024206,0.53767014832,0.53729519519,0,0
2,EJ-230,650,1,2,Cherenkov,0.447681397171,0.448431303431,0.448056350301,6,1.52895089296
2,EJ-230,650,1,2,Cherenkov,0.448431303431,0.44918120969,0.44880625656,6,1.52895089296
2,EJ-230,650,1,2,Cherenkov,0.44918120969,0.44993111595,0.44955616282,3,0.76447544648
2,EJ-230,650,1,2,Cherenkov,0.44993111595,0.450681022209,0.45030606908,7,1.78377604179
2,EJ-230,650,1,2,Cherenkov,0.450681022209,0.451430928469,0.451055975339,11,2.8030766371
2,EJ-230,650,1,2,Cherenkov,0.451430928469,0.452180834729,0.451805881599,9,2.29342633944
2,EJ-230,650,1,2,Cherenkov,0.452180834729,0.452930740988,0.452555787858,10,2.54825148827
2,EJ-230,650,1,2,Cherenkov,0.452930740988,0.453680647248,0.453305694118,5,1.27412574413
2,EJ-230,650,1,2,Cherenkov,0.453680647248,0.454430553507,0.454055600377,9,2.29342633944
2,EJ-230,650,1,2,Cherenkov,0.454430553507,0.455180459767,0.454805506637,9,2.29342633944
2,EJ-230,650,1,2,Cherenkov,0.455180459767,0.455930366026,0.455555412897,6,1.52895089296
2,EJ-230,650,1,2,Cherenkov,0.455930366026,0.456680272286,0.456305319156,11,2.8030766371
2,EJ-230,650,1,2,Cherenkov,0.456680272286,0.457430178546,0.457055225416,10,2.54825148827
2,EJ-230,650,1,2,Cherenkov,0.457430178546,0.458180084805,0.457805131675,19,4.84167782771
2,EJ-230,650,1,2,Cherenkov,0.458180084805,0.458929991065,0.458555037935,12,3.05790178592
2,EJ-230,650,1,2,Cherenkov,0.458929991065,0.459679897324,0.459304944194,11,2.8030766371
2,EJ-230,650,1,2,Cherenkov,0.459679897324,0.460429803584,0.460054850454,15,3.8223772324
2,EJ-230,650,1,2,Cherenkov,0.460429803584,0.461179709843,0.460804756714,21,5.35132812536
2,EJ-230,650,1,2,Cherenkov,0.461179709843,0.461929616103,0.461554662973,12,3.05790178592
2,EJ-230,650,1,2,Cherenkov,0.461929616103,0.462679522363,0.462304569233,25,6.37062872067
2,EJ-230,650,1,2,Cherenkov,0.462679522363,0.463429428622,0.463054475492,21,5.35132812536
2,EJ-230,650,1,2,Cherenkov,0.463429428622,0.464179334882,0.463804381752,14,3.56755208358
2,EJ-230,650,1,2,Cherenkov,0.464179334882,0.464929241141,0.464554288011,21,5.35132812536
2,EJ-230,650,1,2,Cherenkov,0.464929241141,0.465679147401,0.465304194271,8,2.03860119061
2,EJ-230,650,1,2,Cherenkov,0.465679147401,0.46642905366,0.466054100531,13,3.31272693475
2,EJ-230,650,1,2,Cherenkov,0.46642905366,0.46717895992,0.46680400679,27,6.88027901832
2,EJ-230,650,1,2,Cherenkov,0.46717895992,0.46792886618,0.46755391305,17,4.33202753006
2,EJ-230,650,1,2,Cherenkov,0.46792886618,0.468678772439,0.468303819309,20,5.09650297654
2,EJ-230,650,1,2,Cherenkov,0.468678772439,0.469428678699,0.469053725569,15,3.8223772324
2,EJ-230,650,1,2,Cherenkov,0.469428678699,0.470178584958,0.469803631829,17,4.33202753006
2,EJ-230,650,1,2,Cherenkov,0.470178584958,0.470928491218,0.470553538088,19,4.84167782771
2,EJ-230,650,1,2,Cherenkov,0.470928491218,0.471678397477,0.471303444348,18,4.58685267888
2,EJ-230,650,1,2,Cherenkov,0.471678397477,0.472428303737,0.472053350607,16,4.07720238123
2,EJ-230,650,1,2,Cherenkov,0.472428303737,0.473178209997,0.472803256867,19,4.84167782771
2,EJ-230,650,1,2,Cherenkov,0.473178209997,0.473928116256,0.473553163126,24,6.11580357184
2,EJ-230,650,1,2,Cherenkov,0.473928116256,0.474678022516,0.474303069386,24,6.11580357184
2,EJ-230,650,1,2,Cherenkov,0.474678022516,0.475427928775,0.475052975646,18,4.58685267888
2,EJ-230,650,1,2,Cherenkov,0.475427928775,0.476177835035,0.475802881905,24,6.11580357184
2,EJ-230,650,1,2,Cherenkov,0.476177835035,0.476927741294,0.476552788165,20,5.09650297654
2,EJ-230,650,1,2,Cherenkov,0.476927741294,0.477677647554,0.477302694424,18,4.58685267888
2,EJ-230,650,1,2,Cherenkov,0.477677647554,0.478427553814,0.478052600684,19,4.84167782771
2,EJ-230,650,1,2,Cherenkov,0.478427553814,0.479177460073,0.478802506943,17,4.33202753006
2,EJ-230,650,1,2,Cherenkov,0.479177460073,0.479927366333,0.479552413203,21,5.35132812536
2,EJ-230,650,1,2,Cherenkov,0.479927366333,0.480677272592,0.480302319463,20,5.09650297654
2,EJ-230,650,1,2,Cherenkov,0.480677272592,0.481427178852,0.481052225722,12,3.05790178592
2,EJ-230,650,1,2,Cherenkov,0.481427178852,0.482177085111,0.481802131982,14,3.56755208358
2,EJ-230,650,1,2,Cherenkov,0.482177085111,0.482926991371,0.482552038241,14,3.56755208358
2,EJ-230,650,1,2,Cherenkov,0.482926991371,0.483676897631,0.483301944501,14,3.56755208358
2,EJ-230,650,1,2,Cherenkov,0.483676897631,0.48442680389,0.48405185076,13,3.31272693475
2,EJ-230,650,1,2,Cherenkov,0.48442680389,0.48517671015,0.48480175702,16,4.07720238123
2,EJ-230,650,1,2,Cherenkov,0.48517671015,0.485926616409,0.48555166328,11,2.8030766371
2,EJ-230,650,1,2,Cherenkov,0.485926616409,0.486676522669,0.486301569539,15,3.8223772324
2,EJ-230,650,1,2,Cherenkov,0.486676522669,0.487426428928,0.487051475799,15,3.8223772324
2,EJ-230,650,1,2,Cherenkov,0.487426428928,0.488176335188,0.487801382058,7,1.78377604179
2,EJ-230,650,1,2,Cherenkov,0.488176335188,0.488926241448,0.488551288318,11,2.80307663709
2,EJ-230,650,1,2,Cherenkov,0.488926241448,0.489676147707,0.489301194577,10,2.54825148827
2,EJ-230,650,1,2,Cherenkov,0.489676147707,0.490426053967,0.490051100837,8,2.03860119061
2,EJ-230,650,1,2,Cherenkov,0.490426053967,0.491175960226,0.490801007097,12,3.05790178592
2,EJ-230,650,1,2,Cherenkov,0.491175960226,0.491925866486,0.491550913356,6,1.52895089296
2,EJ-230,650,1,2,Cherenkov,0.491925866486,0.492675772746,0.492300819616,11,2.8030766371
2,EJ-230,650,1,2,Cherenkov,0.492675772746,0.493425679005,0.493050725875,8,2.03860119061
2,EJ-230,650,1,2,Cherenkov,0.493425679005,0.494175585265,0.493800632135,1,0.254825148827
2,EJ-230,650,1,2,Cherenkov,0.494175585265,0.494925491524,0.494550538394,8,2.03860119061
2,EJ-230,650,1,2,Cherenkov,0.494925491524,0.495675397784,0.495300444654,8,2.03860119061
2,EJ-230,650,1,2,Cherenkov,0.495675397784,0.496425304043,0.496050350914,3,0.76447544648
2,EJ-230,650,1,2,Cherenkov,0.496425304043,0.497175210303,0.496800257173,7,1.78377604179
2,EJ-230,650,1,2,Cherenkov,0.497175210303,0.497925116563,0.497550163433,9,2.29342633944
2,EJ-230,650,1,2,Cherenkov,0.497925116563,0.498675022822,0.498300069692,8,2.03860119061
2,EJ-230,650,1,2,Cherenkov,0.498675022822,0.499424929082,0.499049975952,4,1.01930059531
2,EJ-230,650,1,2,Cherenkov,0.499424929082,0.500174835341,0.499799882211,7,1.78377604179
2,EJ-230,650,1,2,Cherenkov,0.500174835341,0.500924741601,0.500549788471,7,1.78377604179
2,EJ-230,650,1,2,Cherenkov,0.500924741601,0.50167464786,0.501299694731,6,1.52895089296
2,EJ-230,650,1,2,Cherenkov,0.50167464786,0.50242455412,0.50204960099,7,1.78377604179
2,EJ-230,650,1,2,Cherenkov,0.50242455412,0.50317446038,0.50279950725,7,1.78377604179
2,EJ-230,650,1,2,Cherenkov,0.50317446038,0.503924366639,0.503549413509,3,0.76447544648
2,EJ-230,650,1,2,Cherenkov,0.503924366639,0.504674272899,0.504299319769,11,2.8030766371
2,EJ-230,650,1,2,Cherenkov,0.504674272899,0.505424179158,0.505049226028,2,0.509650297654
2,EJ-230,650,1,2,Cherenkov,0.505424179158,0.506174085418,0.505799132288,7,1.78377604179
2,EJ-230,650,1,2,Cherenkov,0.506174085418,0.506923991677,0.506549038548,4,1.01930059531
2,EJ-230,650,1,2,Cherenkov,0.506923991677,0.507673897937,0.507298944807,1,0.254825148827
2,EJ-230,650,1,2,Cherenkov,0.507673897937,0.508423804197,0.508048851067,5,1.27412574413
2,EJ-230,650,1,2,Cherenkov,0.508423804197,0.509173710456,0.508798757326,3,0.76447544648
2,EJ-230,650,1,2,Cherenkov,0.509173710456,0.509923616716,0.509548663586,4,1.01930059531
2,EJ-230,650,1,2,Cherenkov,0.509923616716,0.510673522975,0.510298569846,4,1.01930059531
2,EJ-230,650,1,2,Cherenkov,0.510673522975,0.511423429235,0.511048476105,2,0.509650297654
2,EJ-230,650,1,2,Cherenkov,0.511423429235,0.512173335494,0.511798382365,6,1.52895089296
2,EJ-230,650,1,2,Cherenkov,0.512173335494,0.512923241754,0.512548288624,3,0.76447544648
2,EJ-230,650,1,2,Cherenkov,0.512923241754,0.513673148014,0.513298194884,9,2.29342633944
2,EJ-230,650,1,2,Cherenkov,0.513673148014,0.514423054273,0.514048101143,3,0.76447544648
2,EJ-230,650,1,2,Cherenkov,0.514423054273,0.515172960533,0.514798007403,2,0.509650297654
2,EJ-230,650,1,2,Cherenkov,0.515172960533,0.515922866792,0.515547913663,7,1.78377604179
2,EJ-230,650,1,2,Cherenkov,0.515922866792,0.516672773052,0.516297819922,3,0.76447544648
2,EJ-230,650,1,2,Cherenkov,0.516672773052,0.517422679311,0.517047726182,0,0
2,EJ-230,650,1,2,Cherenkov,0.517422679311,0.518172585571,0.517797632441,2,0.509650297654
2,EJ-230,650,1,2,Cherenkov,0.518172585571,0.518922491831,0.518547538701,3,0.76447544648
2,EJ-230,650,1,2,Cherenkov,0.518922491831,0.51967239809,0.51929744496,2,0.509650297654
2,EJ-230,650,1,2,Cherenkov,0.51967239809,0.52042230435,0.52004735122,4,1.01930059531
2,EJ-230,650,1,2,Cherenkov,0.52042230435,0.521172210609,0.52079725748,2,0.509650297654
2,EJ-230,650,1,2,Cherenkov,0.521172210609,0.521922116869,0.521547163739,2,0.509650297654
2,EJ-230,650,1,2,Cherenkov,0.521922116869,0.522672023128,0.522297069999,3,0.76447544648
2,EJ-230,650,1,2,Cherenkov,0.522672023128,0.523421929388,0.523046976258,2,0.509650297654
2,EJ-230,650,1,2,Cherenkov,0.523421929388,0.524171835648,0.523796882518,0,0
2,EJ-230,650,1,2,Cherenkov,0.524171835648,0.524921741907,0.524546788777,4,1.01930059531
2,EJ-230,650,1,2,Cherenkov,0.524921741907,0.525671648167,0.525296695037,0,0
2,EJ-230,650,1,2,Cherenkov,0.525671648167,0.526421554426,0.526046601297,1,0.254825148827
2,EJ-230,650,1,2,Cherenkov,0.526421554426,0.527171460686,0.526796507556,547,139.389356408
2,EJ-230,650,1,2,Cherenkov,0.527171460686,0.527921366946,0.527546413816,875,222.972005223
2,EJ-230,650,1,2,Cherenkov,0.527921366946,0.528671273205,0.528296320075,911,232.145710581
2,EJ-230,650,1,2,Cherenkov,0.528671273205,0.529421179465,0.529046226335,584,148.817886915
2,EJ-230,650,1,2,Cherenkov,0.529421179465,0.530171085724,0.529796132594,435,110.84893974
2,EJ-230,650,1,2,Cherenkov,0.530171085724,0.530920991984,0.530546038854,309,78.7409709875
2,EJ-230,650,1,2,Cherenkov,0.530920991984,0.531670898243,0.531295945114,190,48.4167782771
2,EJ-230,650,1,2,Cherenkov,0.531670898243,0.532420804503,0.532045851373,119,30.3241927104
2,EJ-230,650,1,2,Cherenkov,0.532420804503,0.533170710763,0.532795757633,64,16.3088095249
2,EJ-230,650,1,2,Cherenkov,0.533170710763,0.533920617022,0.533545663892,43,10.9574813996
2,EJ-230,650,1,2,Cherenkov,0.533920617022,0.534670523282,0.534295570152,32,8.15440476246
2,EJ-230,650,1,2,Cherenkov,0.534670523282,0.535420429541,0.535045476411,27,6.88027901832
2,EJ-230,650,1,2,Cherenkov,0.535420429541,0.536170335801,0.535795382671,15,3.8223772324
2,EJ-230,650,1,2,Cherenkov,0.536170335801,0.53692024206,0.536545288931,8,2.03860119061
2,EJ-230,650,1,2,Cherenkov,0.53692024206,0.53767014832,0.53729519519,6,1.52895089296
