x_beam_mm,channel,mean,mean_error,fano,fano_error
-690,0,214.7265,0.8249361299040348,13.918057145950783,0.9546120335806305
-690,1,271.3115,1.1408808404497275,16.99239607517558,1.095291334344758
-690,2,433.901,1.729723418718479,27.104070281008802,1.457947930702834
-690,3,740.038,2.771242415653315,44.8771516543745,2.7602957314824503
-690,4,747.963,3.129994375310228,44.92945056239412,2.8186737742179258
-690,5,445.8585,1.8811901712815389,26.06656254787113,1.4869825484473518
-690,6,282.376,1.164152820498105,17.75957101170071,1.1890613954684535
-690,7,226.9275,0.874258144160856,13.872603557303545,0.9527462799245543
-690,8,5.327,0.06827228766606429,1.4439780364182468,0.04865550506410478
-690,9,5.61,0.07048329402661373,1.4101426024955437,0.048738934753616604
-690,10,4.708,0.07496525510984563,1.2569532710280376,0.048335883010404306
-690,11,5.1145,0.05228703673499143,1.3194622641509433,0.051118576016833825
-690,12,5.196,0.055157191638748965,1.3242078521939953,0.04981831543782471
-690,13,5.287,0.04158124577258395,1.3210953281634197,0.06259488985250156
-690,14,5.2295,0.07393978702473497,1.2956936131561336,0.040497823663204126
-690,15,4.6595,0.047735427646891454,1.2148427406374074,0.03199794156285731
-690,16,350.947,1.3837207848862931,21.888336959711864,1.3534654785648796
-690,17,384.2285,1.410016288633054,23.292177149144326,1.4509043019019812
-690,18,261.744,1.1515864115028172,16.241252766061493,1.083201734413437
-690,19,210.275,1.0295567518418465,12.958085245511832,0.8400098497388672
-690,20,155.626,0.6710950987594484,10.070907971675684,0.7011731903921153
-690,21,122.8975,0.6238023788787043,8.44655093675624,0.5364561190645936
-690,22,129.5195,0.6162930245469754,8.00882199012504,0.41081223441246795
-690,23,87.5645,0.4207640137454208,6.3975565411782185,0.38731275608786747
-690,24,88.5125,0.38976232636394337,6.065988913995199,0.4141018467919817
-690,25,61.5095,0.3051974986101564,4.855671233711865,0.2605979926453462
-690,26,65.0675,0.3011022513855916,4.884265474315134,0.2888438685474371
-690,27,58.362,0.22158709823738046,4.248996881532504,0.2299616985571059
-690,28,62.2315,0.2586760573218503,4.4681055052505565,0.21556876054759314
-690,29,52.738,0.28946193277582183,3.8635017634343356,0.2373395120152855
-690,30,33.2115,0.17683366403725825,3.3033668382939645,0.2197689280032496
-690,31,39.4695,0.18914137708686532,3.3669053256311847,0.19337536172007289
-690,32,32.577,0.1610134025150498,3.0612724007735523,0.1356519676616236
-690,33,32.72,0.17094628272924905,2.9314364303178486,0.1579230763884413
-690,34,28.499,0.13475884894292073,2.796834941576898,0.15084594274035001
-690,35,24.3535,0.14048276725184727,2.4634462294947337,0.12950197405970412
-690,36,25.0405,0.19873742926150806,2.5571318364249915,0.13832604802779344
-690,37,25.011,0.14519841234451855,2.440201471352605,0.1076940567227225
-690,38,24.6605,0.17888907912888138,2.446148283692545,0.08841315349266705
-690,39,19.549,0.13097790090818914,2.2445444268249015,0.11472003054343752
-690,40,19.8915,0.12850204790503872,2.153167320212151,0.1183467847047452
-690,41,12.412,0.12484432411270406,2.2275423783435384,0.25484358626199444
-690,42,13.6455,0.10627044694898341,2.043738210399033,0.19666437421202176
-690,43,15.752,0.11368840148220442,2.15029812087354,0.12341181677332201
-690,44,14.917,0.09622096281066078,1.802380572501173,0.10772592075365987
-690,45,11.046,0.06985096917535799,1.8415611080934273,0.08593812713894908
-690,46,9.942,0.06579313674012896,1.6960004023335342,0.08701060371987224
-690,47,12.275,0.10387872483662862,1.769887983706721,0.06982937933545155
-690,48,10.9125,0.10722547566496908,1.7177405498281788,0.0752293081646861
-690,49,10.413,0.0664042642891975,1.5304360895035052,0.05215660242810869
-690,50,8.147,0.07266759213960862,1.5720376825825455,0.07074139067863384
-690,51,7.2995,0.05199936740505901,1.6033700595931228,0.07956938939642051
-690,52,7.846,0.06446704584514465,1.5219581952587304,0.058447391629007896
-690,53,8.4665,0.10142737873914874,1.5895444103230378,0.05775594769557249
-690,54,7.604,0.08623834780176949,1.479245660178853,0.0636063626746249
-690,55,4.6645,0.05939818799291887,1.3433250616357595,0.04576649077638839
-690,56,6.1065,0.04863545923230082,1.3742991484483749,0.047387601809483676
-690,57,6.047,0.0738565465865026,1.3348422358194145,0.05557219915697802
-690,58,6.437,0.050995871865950074,1.4430683548236756,0.06472902724478746
-690,59,5.0135,0.057028501646106455,1.3404443502543135,0.042191766491630714
-690,60,3.318,0.05214655461192748,1.268196503918023,0.04190638930985403
-690,61,4.4215,0.054421720702404655,1.2047580572204002,0.04020584664693592
-690,62,3.995,0.04226171590907035,1.2685794743429288,0.03426955905994375
-690,63,4.4565,0.03553556409837195,1.2249764950072928,0.047554376453011825
-690,64,4.115,0.0521864067802295,1.281111786148238,0.03539982564489754
-690,65,3.168,0.029864606758537894,1.182378787878788,0.040842285481955405
-690,66,2.557,0.03513957133609064,1.234161517403207,0.05806488820005291
-690,67,2.6715,0.03601370353220078,1.230240595171252,0.04844615888237351
-690,68,3.063,0.03670723433645697,1.1769608227228208,0.03922600312244462
-690,69,2.63,0.038085775767200535,1.199277566539924,0.04118073808055047
-690,70,2.2035,0.034840048039123266,1.1886034717494893,0.049932106418307025
-690,71,2.416,0.028922764663660127,1.1614006622516555,0.03945976236287384
-690,72,3.016,0.0356916620072824,1.180286472148541,0.041367674064595544
-690,73,2.7075,0.030769730512135975,1.2036726685133887,0.04189354329611122
-690,74,2.2365,0.03387496358514268,1.1623374692600046,0.030870016894639158
-690,75,2.027,0.03585130108480978,1.2068431179082386,0.04286542651411145
-690,76,1.8785,0.022055850160802897,1.1097885280809159,0.02360212742369836
-690,77,1.927,0.037767293006682745,1.1477275557861963,0.03810132831353749
-690,78,1.625,0.03281928188059416,1.1596153846153845,0.02932754347782199
-690,79,1.4715,0.028921627310989653,1.1214323819232075,0.03363311703364408
-690,80,1.625,0.03021414795823489,1.1183846153846153,0.04351148829049238
-690,81,1.234,0.0244561906918861,1.0755623987034038,0.037477590447617434
-690,82,1.6105,0.033320414163092164,1.066618907171686,0.031094357201560983
-690,83,1.627,0.030349716030926774,1.0853540258143823,0.032563137173543484
-690,84,1.298,0.029340110859762507,1.1449892141756548,0.03372493766698047
-690,85,1.2975,0.022382735357977687,1.07745183044316,0.04705919337800195
-670,0,332.774,2.156514902873519,20.399436025651045,1.2173852516519375
-670,1,342.112,2.072467839887627,21.01800420914788,1.2868334638461236
-670,2,363.4545,2.3341815284794545,22.53619347057197,1.4947338316575032
-670,3,379.159,2.290109041301884,22.927330536793274,1.436730645947688
-670,4,379.9735,2.464208133190886,22.91432375613036,1.5337029806973859
-670,5,352.4845,2.3812576812971855,22.038086099530616,1.5087293651750107
-670,6,293.8775,2.0137835396925863,18.803676680759843,1.1887673602636184
-670,7,320.51,2.2380446117561457,19.660762222707557,1.2929557529442512
-670,8,5.3475,0.04658255264072975,1.387890369331463,0.06414852925677207
-670,9,5.617,0.0806588005444111,1.3575415702332205,0.05925398572886541
-670,10,5.619,0.060497498860870656,1.229727531589251,0.04693736604307804
-670,11,4.844,0.05374599128258212,1.4355210569777042,0.048933631715480916
-670,12,5.7055,0.05771287824904827,1.3474313819998247,0.05041277118579371
-670,13,5.17,0.076088591025268,1.3628820116054159,0.05629977581265683
-670,14,5.2095,0.06696611476198844,1.4294288799308954,0.05016666688083275
-670,15,5.064,0.06601196063872365,1.4034170616113744,0.05196811163048627
-670,16,313.684,2.1059766330487752,20.31348472985552,1.3666021254315033
-670,17,350.4175,2.2665087777181854,23.444717212325298,1.5784663178312472
-670,18,383.8925,2.3371201211162456,23.76079747259975,1.5695981827085725
-670,19,261.703,1.6053222499909252,16.756352777767162,1.0704111329249104
-670,20,209.286,1.2562625019016564,13.190004128322009,0.8562157531568999
-670,21,155.5625,1.1084163370844984,10.210025512253917,0.6133618339990066
-670,22,122.5685,0.789598257276921,8.927802067823297,0.6269630647534412
-670,23,129.1565,0.8310973326366593,8.712182567273036,0.5104765704739501
-670,24,86.8235,0.5450969372988871,6.3364797289904224,0.3931096787726759
-670,25,87.5595,0.6157231413891296,6.263426124521039,0.3463443536127619
-670,26,61.7815,0.45597568898722085,5.119327917742366,0.32885842835396784
-670,27,65.062,0.4893801665049644,4.914207309950509,0.252900004631525
-670,28,58.039,0.3457043915193912,4.163846361929048,0.25260762528296976
-670,29,62.1645,0.3805020748266237,4.5684826508698695,0.28267404390945133
-670,30,52.36,0.32977264895682173,3.828235294117647,0.21056256100860676
-670,31,33.138,0.2247649064197876,3.2130773130545,0.18961959726549657
-670,32,39.592,0.2682267304862974,3.306540109112952,0.18629216317564157
-670,33,32.972,0.23094041154421296,2.996458085648429,0.15915546589865912
-670,34,32.739,0.22202406223318788,3.027730810348514,0.1511662322434712
-670,35,28.4935,0.24722595141414921,2.662289916998614,0.14853473297148853
-670,36,24.386,0.16559366883397186,2.527023866152711,0.12198069916790526
-670,37,25.057,0.208244668851961,2.5254320549147944,0.11055698093328706
-670,38,25.0425,0.17610086075285084,2.3526682140361386,0.12246600239873544
-670,39,24.53,0.1803388623207923,2.4473746432939256,0.10419354401012272
-670,40,19.453,0.1418396054852455,2.1021842903408214,0.08740067321800435
-670,41,19.8135,0.12980810736175893,2.128786824639766,0.10832684226217257
-670,42,12.2125,0.09404051478513172,1.9286258955987716,0.08515275355961946
-670,43,13.5255,0.12241748026194724,1.9348156999741233,0.08669485854249112
-670,44,15.778,0.13148664130665652,2.0399743947268347,0.08372519681184527
-670,45,14.8025,0.11781089887925021,1.861813460564094,0.08649889301174235
-670,46,11.05,0.13470630821785634,1.6882805429864252,0.07023910783523427
-670,47,9.8195,0.08485738810374459,1.568605300677224,0.06707120161677776
-670,48,12.2225,0.10929167878952106,1.7458779914092855,0.07946328325401257
-670,49,10.85,0.09838966569609474,1.6399539170506914,0.05164997039528156
-670,50,10.297,0.11694825666439838,1.6151103233951634,0.07448558577483264
-670,51,8.52,0.08682711194333773,1.5195539906103288,0.055765153339434874
-670,52,7.199,0.06190782622066812,1.4451172385053483,0.04054746330119104
-670,53,7.5845,0.055109818592181316,1.4969819698068432,0.06142847609954964
-670,54,8.5095,0.07785436809568858,1.5001950467124978,0.06104441742139779
-670,55,7.7375,0.08848988940164743,1.42482633279483,0.04793702934924452
-670,56,4.561,0.05158998270778394,1.3833104582328437,0.048721036639275996
-670,57,5.773,0.05337109408856583,1.4632723020959644,0.05622008828444699
-670,58,6.1645,0.05786315526172204,1.3878562332711493,0.04913510633835681
-670,59,6.341,0.08441096212172819,1.4079354991326292,0.060579623215403985
-670,60,5.074,0.04671526291774101,1.2852826172644858,0.03771072548618892
-670,61,3.396,0.0487280314873439,1.323375736160188,0.0629244634538056
-670,62,4.531,0.0611594120656056,1.27941712646215,0.03888136747618304
-670,63,4.0765,0.05383833011408971,1.246325953636698,0.04679524358092027
-670,64,4.2435,0.057037729895034674,1.2615076587722398,0.04374453941244204
-670,65,4.3625,0.05603981197609211,1.2534312320916907,0.0435774754377898
-670,66,3.0955,0.04749224313395521,1.258077774188338,0.04060677943945292
-670,67,2.563,0.041359145873294145,1.2649360124853686,0.04572421189162921
-670,68,2.6935,0.05092964703754005,1.259535084462595,0.04923033332604101
-670,69,3.006,0.03986424331072696,1.2085708582834331,0.039510751900648525
-670,70,2.855,0.04004274032370366,1.172320490367776,0.045395200316941504
-670,71,2.2025,0.043035328204676544,1.2719608399545967,0.05343210326254999
-670,72,2.2735,0.042316321350414944,1.200218935561909,0.04820305028628977
-670,73,2.962,0.04372521854538961,1.1433342336259285,0.040587559061467875
-670,74,2.71,0.03657004814124023,1.2184132841328417,0.032019406708405744
-670,75,2.3095,0.042971685904484705,1.1395149382983332,0.03547540866990289
-670,76,1.9805,0.03335199039274707,1.2270233526887149,0.041875256531569816
-670,77,1.874,0.03882755397096791,1.184164354322305,0.036655988751766407
-670,78,1.983,0.027396695920647553,1.1007115481593546,0.03590552734518991
-670,79,1.6195,0.030860253776628245,1.103871410929299,0.029458164992895233
-670,80,1.4625,0.029252755155891322,1.1669017094017093,0.04233637049522057
-670,81,1.607,0.03862164650746215,1.1409775980087118,0.044489741407258615
-670,82,1.235,0.02941088233970549,1.1374696356275302,0.03287941759102889
-670,83,1.643,0.024506712292113417,1.0654601339013998,0.032135668943518075
-670,84,1.6245,0.034644624402639976,1.1138810403200983,0.04171152352027017
-670,85,1.2765,0.021042250730125722,1.0717177830003917,0.027752662311239264
-650,0,320.2595,1.7233230559773844,19.937095261030507,0.884059096450775
-650,1,303.706,1.507246600855174,19.684314975667256,0.9228943828831757
-650,2,289.154,1.385443573277837,18.84799547645891,0.8974789767102972
-650,3,281.342,1.4160360908275915,18.45970397594387,0.8500994970187824
-650,4,303.0975,1.4022316564751514,19.127376483639754,0.8985112857268875
-650,5,298.7405,1.4671948665108485,18.838370290436014,0.8142416182101948
-650,6,297.5445,1.4683969911724222,18.6272070891917,0.925892141002734
-650,7,272.379,1.4660476584484134,17.825410031610367,0.863670486165381
-650,8,5.743,0.05055533706012814,1.3999566428695804,0.04903086117704478
-650,9,5.5055,0.05869401027451793,1.3746198801198803,0.04516098957317524
-650,10,5.437,0.04055600416318432,1.36877524370057,0.04663386244261643
-650,11,5.4455,0.05820777213433011,1.3653529978881644,0.04224318518287355
-650,12,5.8515,0.06673701332370541,1.3918564043407675,0.051120181417759314
-650,13,5.418,0.05202529749023388,1.3747279438907345,0.05545487308404196
-650,14,5.58,0.05806983092069368,1.3427598566308243,0.04317497876142215
-650,15,5.3105,0.05832519993423425,1.4505394501459372,0.05906328754546878
-650,16,244.1085,1.2419666651599173,16.345390380711855,0.819054900118343
-650,17,315.7665,1.5671538524881563,20.896260299145098,0.9525276244935855
-650,18,351.045,1.6551130506785174,23.110424518224157,1.1718282647963558
-650,19,385.647,1.9660861602365571,23.678668292505844,1.2915067798938211
-650,20,261.9445,1.3295029690590774,16.907823679252665,0.7615701088808153
-650,21,210.179,1.0446426989267894,13.643332392865128,0.6093372111444203
-650,22,155.6895,0.8230624696506077,10.821963521945925,0.4936239607451651
-650,23,122.9235,0.5794181632420078,8.237079547442107,0.37514641111364944
-650,24,129.562,0.5840338851020369,8.67093095197666,0.36878075675312216
-650,25,87.336,0.419026063754114,6.512458825684712,0.3170036409253715
-650,26,88.1765,0.42104148751699266,6.387885068584032,0.27481987715487066
-650,27,61.808,0.3147033691054401,5.288443826041937,0.20896110341693339
-650,28,65.147,0.34463107658388686,4.912588315655364,0.2095631518698721
-650,29,58.516,0.30965549618211147,4.232837924670176,0.15174999336623593
-650,30,62.2965,0.3808690028978739,4.785703655101009,0.19005438906752412
-650,31,52.7635,0.3092693213978605,4.143045244345049,0.17519563181028608
-650,32,33.246,0.1869596072333354,3.2760477651446784,0.1483466855602477
-650,33,39.3765,0.2269816535595567,3.4894606618160577,0.17362265695391638
-650,34,32.7575,0.16465094658253884,2.864556017705869,0.12168301358594985
-650,35,32.956,0.2044407004488097,2.966138609054496,0.11940656868326896
-650,36,28.7985,0.19016374523026125,2.716561548344532,0.09523377114327888
-650,37,24.424,0.16926994945787976,2.5769416966917786,0.0915846592482574
-650,38,25.1155,0.13516554177826023,2.5383989866815315,0.08398838585387758
-650,39,25.4475,0.13267862835080982,2.5226149425287354,0.10488125449200639
-650,40,24.626,0.14769884010519824,2.3454529359213834,0.0954541411532133
-650,41,19.512,0.13588617527761562,2.3153370233702337,0.08522581852571595
-650,42,20.042,0.18396023597792213,2.2577704819878255,0.08177001513485527
-650,43,12.5005,0.11218751924204487,1.947842066317347,0.06856156648617395
-650,44,13.5315,0.12721567885826224,1.862691331337989,0.06009965649845023
-650,45,15.6095,0.10555735532476129,1.9941708414747428,0.05820735564677458
-650,46,14.897,0.11590399838704961,1.8751017654561324,0.07153684333547225
-650,47,11.0735,0.08509213273053824,1.7550095046733192,0.05713985632594137
-650,48,9.825,0.10402049393217978,1.629961832061069,0.059088302718053466
-650,49,12.365,0.07883527129400972,1.758251112009705,0.06099802971014135
-650,50,10.845,0.10330970301400513,1.6232342093130472,0.04906569008493079
-650,51,11.25,0.10397114984456023,1.7637777777777779,0.0764938248894592
-650,52,8.556,0.09742581523233043,1.5559682094436655,0.07902528629852357
-650,53,7.1285,0.11715773218412152,1.5861664796240444,0.05391056806385049
-650,54,7.7575,0.06552972407115766,1.3803021269738962,0.036973018146319724
-650,55,8.5895,0.07674110611934833,1.6024203678910298,0.05811805292200857
-650,56,7.413,0.06870263918932744,1.4086646431943883,0.058174791884388156
-650,57,4.635,0.05812645017998521,1.4305879180151024,0.054735090025157036
-650,58,5.4885,0.06219356456808222,1.3478851689897056,0.04152174584880959
-650,59,6.057,0.06675209438858984,1.4382947003467061,0.06102888251685949
-650,60,6.0935,0.053872534746380873,1.3840580536637401,0.04722189543771119
-650,61,4.9685,0.06599950159301475,1.3801967897755862,0.055278902764840626
-650,62,3.408,0.05158335104724366,1.274511737089202,0.05152109953322491
-650,63,4.3945,0.06332653472281535,1.2424325292979863,0.0409409512630657
-650,64,4.1635,0.05936184757374417,1.2460112285336853,0.040504546896168406
-650,65,4.224,0.04900268521106519,1.259664772727273,0.028833089114626412
-650,66,4.217,0.0457918632165379,1.2994809105999527,0.03795441347502789
-650,67,3.1205,0.04244795575017034,1.2001216952411475,0.03414845824338217
-650,68,2.64,0.05471457036773954,1.1887878787878787,0.04568086635908696
-650,69,2.5815,0.04015283302582758,1.2579344373426302,0.048745761526678776
-650,70,2.7965,0.03881314888431227,1.1750716073663507,0.036710960352180015
-650,71,2.915,0.03314640569543413,1.2318267581475129,0.04295693060982155
-650,72,2.197,0.03223352292257246,1.183518889394629,0.0338560282010184
-650,73,2.313,0.03045358850171154,1.1496026805015132,0.04718484006522271
-650,74,2.9455,0.036110029223559346,1.1602545408249874,0.037781059393774866
-650,75,2.6785,0.03422276097016501,1.179069535187605,0.03851039482661542
-650,76,2.3565,0.03438386249390835,1.1383016125610015,0.0501391601631323
-650,77,2.244,0.03534342788605611,1.1191907308377897,0.04629275827733975
-650,78,1.8425,0.03718994629282424,1.231855495251018,0.06493647319082527
-650,79,1.975,0.02939298161842477,1.1439873417721518,0.03948851304294037
-650,80,1.7245,0.03185059695383735,1.2088140040591473,0.03925842236741744
-650,81,1.5045,0.028612428289671293,1.1239479893652375,0.02863934656732392
-650,82,1.6735,0.027398376824760633,1.1066015835076188,0.05561782957091549
-650,83,1.2115,0.023611716538505634,1.184290342550557,0.04405777394536392
-650,84,1.616,0.03002980975104929,1.1593712871287127,0.039626387686120056
-650,85,1.665,0.02628287415189249,1.1313963963963964,0.03577108549047772
-600,0,185.0425,0.8190472240739004,12.786650060121323,0.7993157167815825
-600,1,208.535,1.0171664719105535,13.779119931905917,0.9154704503633176
-600,2,225.622,1.0257042766596411,13.425384563562064,0.7220330301399659
-600,3,209.021,0.8231422144824969,13.269147879878098,0.7911918272838411
-600,4,201.4485,0.8645583828570605,12.96319082916974,0.7391709923677368
-600,5,233.7175,1.147144251700955,14.96940406152727,0.9577471408276906
-600,6,194.498,0.8140527591850805,12.382055321905623,0.7662487728967579
-600,7,215.731,1.0953475535910482,13.91583796023752,0.9236079571643592
-600,8,5.6375,0.051077211933966825,1.4355820399113082,0.0646645135509279
-600,9,6.2015,0.05883194173594033,1.515100822381682,0.07386609407092014
-600,10,6.3255,0.051172952354066374,1.5122203383131767,0.0672245349235505
-600,11,5.411,0.052909555400055645,1.3435740158935503,0.040404195806107095
-600,12,6.377,0.08213948342205524,1.36206225497883,0.07034519359004034
-600,13,6.946,0.06042568293279569,1.4542303484019579,0.07140247868908474
-600,14,5.493,0.0627195092623121,1.353349899872565,0.0601683122001042
-600,15,5.6485,0.06127279382530105,1.3732756926617686,0.028763817910132935
-600,16,147.495,0.7895350063903284,9.669995423573681,0.5749826724287597
-600,17,150.5065,0.616397545590941,10.409085041177624,0.6822467754524033
-600,18,196.333,0.795233861663862,12.768842278170252,0.8205470317999459
-600,19,283.109,1.1577809764690854,18.119975412297034,1.0648579051602312
-600,20,407.7345,1.9244874197945065,25.108297212401702,1.5150714949328599
-600,21,408.036,1.662465733718914,24.807391269397797,1.5925766621787354
-600,22,285.138,1.3278008331943318,18.656899311912127,1.2456321839934694
-600,23,202.997,1.0238076762237718,13.615629743296697,0.8444018743607997
-600,24,166.4775,0.7480194463416593,10.782715344415912,0.7000151769962943
-600,25,147.6815,0.7204330842953965,9.774332314812622,0.6215165253728442
-600,26,115.9595,0.6292921984679511,7.885303573661494,0.4541119288598195
-600,27,94.417,0.4433461876516605,7.155407511359184,0.4732248896823491
-600,28,91.62,0.46862901947568214,6.448445754202139,0.40815630819657145
-600,29,83.573,0.39948064968617214,5.798746856042023,0.3283331732161547
-600,30,73.8735,0.4212258270434322,5.436638276919327,0.34320932607808285
-600,31,68.6095,0.3457033067759018,4.977809337628171,0.27882987613180654
-600,32,44.533,0.24207012902962557,3.9730292367457842,0.2262180480907685
-600,33,38.5695,0.18152928573359312,3.6231003707592793,0.21600880171536255
-600,34,47.574,0.2091088862669146,3.7341094715600955,0.17464419405237105
-600,35,47.481,0.28569941878614,3.566597986563046,0.20204324457554543
-600,36,41.0445,0.17985736307594455,3.6542172459160174,0.18243054712869192
-600,37,32.304,0.16036373129791545,3.025990094105993,0.17105521566450588
-600,38,27.9635,0.17880491427368594,2.77576725910562,0.08431785281670387
-600,39,31.796,0.189481841929649,2.7498548245062273,0.13576083770773464
-600,40,24.683,0.15543673615773265,2.616841996515821,0.1547012183730247
-600,41,24.9785,0.17660433773059814,2.65952870468603,0.12323754784489252
-600,42,19.0555,0.14028256259571492,2.4041048384980717,0.11768006431815457
-600,43,15.6975,0.1011067049679388,2.0310236502627808,0.08868533074766403
-600,44,21.1305,0.08448754190318404,2.190741806866851,0.09080260878914982
-600,45,16.6065,0.12131358886004953,1.9997987384457891,0.09398566523353026
-600,46,20.33,0.1250747145130715,2.0990211510083623,0.0723158151709997
-600,47,12.9315,0.07800902444420711,1.8785761705911923,0.06240932057114134
-600,48,11.7475,0.0907943743909975,1.8810592679293467,0.08983225800479973
-600,49,15.7165,0.0970492956670669,1.771840279324277,0.06222582774867422
-600,50,12.0655,0.11942289959370629,1.7127520409431851,0.07698114586823233
-600,51,10.849,0.09278129348663212,1.786634620702369,0.06535010341327749
-600,52,8.2885,0.08427797052486125,1.5761920431923746,0.06827492829834778
-600,53,10.56,0.06902707325466766,1.615662878787879,0.07830036419448301
-600,54,9.5975,0.09765103012365253,1.5634794217244075,0.07095504581211744
-600,55,7.8665,0.06994462095114959,1.5301185724273818,0.06496253109274508
-600,56,9.3335,0.07729054888774135,1.6001797557186475,0.060947856852983505
-600,57,6.7095,0.07037671190775659,1.4816468812877261,0.08362374407783436
-600,58,7.1265,0.07092351328608924,1.4356974321195537,0.059535592863340876
-600,59,5.683,0.04367403178814144,1.4639294386767554,0.07653548695148511
-600,60,6.059,0.057865088102003005,1.3344642680310281,0.06002643723264873
-600,61,6.1025,0.05758232093455871,1.41368189266694,0.06767875316016847
-600,62,4.6355,0.04627989787551846,1.3667651278179267,0.060650897975004336
-600,63,4.022,0.05040676646307694,1.3089298856290401,0.049245551029315104
-600,64,5.252,0.06012968441101636,1.3582437166793604,0.06763463622014965
-600,65,5.7305,0.04572500755373864,1.351342771136899,0.043914179622824775
-600,66,3.4075,0.040903448574211354,1.2652806309611153,0.0656438988353206
-600,67,4.0485,0.056936136892227644,1.257786278868717,0.04299732152673702
-600,68,3.2,0.03151440773260457,1.265,0.051820111326775026
-600,69,3.595,0.05177125802889796,1.2350417246175245,0.027931852291321453
-600,70,3.378,0.03666778307710284,1.2614316163410302,0.04501879507852118
-600,71,3.5235,0.03717862289004279,1.2698872569887896,0.03988414528430995
-600,72,3.215,0.043118563592909755,1.2108164852255057,0.04664639955110607
-600,73,2.1605,0.04033722976684365,1.252830247627864,0.04718723141447166
-600,74,3.8575,0.03681300542499973,1.2454163966299419,0.040897428650104276
-600,75,2.689,0.03245158336904215,1.1659646708813687,0.04183168020374294
-600,76,2.392,0.04309475484019886,1.1840869565217391,0.03994286495351572
-600,77,1.618,0.0289063824676908,1.1403436341161928,0.04015127328307808
-600,78,1.632,0.025137516520971362,1.200107843137255,0.045998769298202145
-600,79,2.128,0.03660313475215212,1.1816804511278196,0.031308458108188636
-600,80,1.9865,0.04058956957020775,1.1760975333501134,0.03456231742999256
-600,81,1.5975,0.02840380812126217,1.0431885758998436,0.03087653684028717
-600,82,2.0215,0.026933397385714836,1.10266522384368,0.029943176264839323
-600,83,2.0535,0.03471898464438232,1.1602813489164838,0.040630665894148814
-600,84,1.4065,0.033539254299214366,1.0894118378954851,0.044964128558583415
-600,85,1.9965,0.031782774215636064,1.1552655897821185,0.0356339953225082
-550,0,185.571,1.3594553669528127,12.210285869020481,0.6075339614712902
-550,1,152.258,1.2672680105353784,11.558817507126061,0.5156773779201164
-550,2,128.549,0.9871377816698221,10.39674831387253,0.635182452665496
-550,3,180.398,1.3815497781381854,12.890245989423388,0.6059542952215735
-550,4,176.936,1.3244521012181028,12.36354333770403,0.7183137836563078
-550,5,177.817,1.4583505643092385,12.024876760939618,0.6546471036159061
-550,6,171.0835,1.4266128960804998,11.676693122071972,0.6423388015475264
-550,7,151.2465,1.1398070646985896,10.850708861031496,0.5840220220179575
-550,8,6.9205,0.07784760754191457,1.6366129253666644,0.08036291519794334
-550,9,7.3905,0.074454065669625,1.457412861105473,0.04413109452934243
-550,10,6.7655,0.08229112313833406,1.5502933633877762,0.06503808115899844
-550,11,6.9645,0.08204772359650475,1.4803991313087803,0.05019727523308184
-550,12,7.1045,0.08622636976067848,1.5150369132240131,0.0499496550098044
-550,13,6.8595,0.07824548078424653,1.385488701800423,0.059486446968807616
-550,14,7.122,0.07602146511278694,1.4739000280819992,0.056613896831641815
-550,15,6.01,0.08366914793273221,1.4562229617304494,0.0628140303343938
-550,16,93.874,0.7194366948486483,6.911435796919276,0.35567170844854235
-550,17,109.8855,0.9366675181053726,8.951994482893559,0.5440854939235608
-550,18,112.4805,0.8803846273676428,8.66488520010135,0.4873840018130263
-550,19,163.5605,1.2792089403837983,11.619445647023579,0.6244016462899267
-550,20,199.793,1.4981920859208282,13.705681134974702,0.7890768811031522
-550,21,244.752,1.8086663595035999,17.0313357847944,0.9640037215111104
-550,22,315.8315,2.305933339407167,22.793936348179333,1.341124874408547
-550,23,352.9395,2.771044499538216,23.833019086132325,1.4548178383286012
-550,24,387.2285,2.8135753873899056,25.279392626704908,1.4120875547801135
-550,25,263.42,1.9442002820805593,17.992280768354714,0.9920964237999015
-550,26,211.2055,1.5609112512281091,14.50320313509828,0.7736347389932371
-550,27,156.4235,1.2362335146045762,11.271753590413205,0.600244836981062
-550,28,123.9605,0.9579604087522775,9.299776459033321,0.4656276545092941
-550,29,129.943,1.010100333734487,8.777777571704515,0.4931109330629652
-550,30,87.628,0.646804127187949,6.748295248094218,0.37638791227337104
-550,31,88.5645,0.6768224811962349,6.7270163524888655,0.3574571025058075
-550,32,62.018,0.5117136329093286,5.514151955883776,0.2709153889867268
-550,33,65.614,0.520090781549362,5.23813521504557,0.2988666538042689
-550,34,58.8825,0.5276865472089112,4.773025835350062,0.30793312879581886
-550,35,62.3805,0.42701502192237767,4.906112002148108,0.2611772240799741
-550,36,53.079,0.42350970907903474,4.330389777501459,0.22391594541994703
-550,37,33.43,0.2756666560597386,3.5306640741848643,0.20384208778096202
-550,38,39.85,0.3427988515610531,3.7124592220828103,0.19858691233492629
-550,39,33.001,0.2768886342728347,3.182418684282295,0.18716068997429292
-550,40,33.044,0.3136905951310694,3.1440220312310863,0.13770744038200897
-550,41,28.8365,0.2582249885987852,2.9385940648136906,0.18570972262127874
-550,42,24.425,0.24391489024700858,2.5931780962128963,0.12876022905238693
-550,43,25.282,0.2366950069515386,2.6877017641009413,0.16170525078018552
-550,44,25.255,0.20065091446012448,2.418807166897644,0.13344685949477303
-550,45,24.8445,0.24955589501521058,2.4871629435086238,0.12056913558516288
-550,46,19.625,0.1469863939281459,2.1978280254777074,0.09226336323205057
-550,47,20.101,0.19068284497673257,2.2005272871996424,0.08810171099592876
-550,48,12.507,0.08450506057720947,1.954821380027185,0.11303526609587713
-550,49,13.5325,0.08974781920822093,1.8717120820247553,0.09184137075148083
-550,50,15.8195,0.17272807195735532,2.0178210278453808,0.09497800222623415
-550,51,16.244,0.10823074764983635,1.909779857178035,0.08242685669586854
-550,52,12.838,0.1363675374242631,1.8673279326997976,0.08381813922963574
-550,53,9.0845,0.08723373019773105,1.7695370961527876,0.07833366159119513
-550,54,12.4525,0.12680045450690652,1.726540353342702,0.07386244027752768
-550,55,8.991,0.09015162666016384,1.5837970192414637,0.06674052791503172
-550,56,10.6855,0.1046308674390722,1.6777492630199804,0.07101029170345845
-550,57,8.0855,0.09470028900083738,1.5518137097272895,0.06794719640970329
-550,58,7.192,0.08945331037385958,1.5105862068965514,0.041993284536150054
-550,59,7.4045,0.07263635091112593,1.5506624012424879,0.06121052428438968
-550,60,7.879,0.09862181887338478,1.5904758218047976,0.07342278063631279
-550,61,7.2195,0.08586855009103667,1.5525063716323844,0.05144234727016133
-550,62,5.288,0.07434839749803854,1.4413872919818456,0.03619318675502104
-550,63,5.888,0.06612030502683787,1.4406345108695653,0.07121799419091726
-550,64,5.7195,0.07485239861853034,1.4588372672436398,0.07779853393661142
-550,65,5.795,0.06599242380758567,1.4277782571182054,0.05561767317990225
-550,66,5.163,0.05984673407085286,1.3986889405384466,0.047893180192969606
-550,67,3.386,0.04197367596106181,1.3033089190785587,0.03831980429618241
-550,68,4.5895,0.03656627004854556,1.2633162109162215,0.040914874101027135
-550,69,4.0125,0.054104552780509664,1.2738551401869158,0.04229773785831201
-550,70,4.4495,0.0676230846601025,1.3065400044948872,0.045020671027733015
-550,71,4.4485,0.053647362224849414,1.284331291446555,0.0368580690810791
-550,72,2.854,0.05678398588186252,1.230092501751927,0.05164040974469975
-550,73,3.1915,0.0466074028454706,1.255781842393859,0.058114688358179616
-550,74,2.5975,0.052319237681554,1.2402285851780557,0.04351648003819421
-550,75,2.7725,0.03787705179434601,1.166724526600541,0.03422860015809552
-550,76,2.867,0.04026948694666163,1.2767042204394836,0.06488522161553359
-550,77,2.2185,0.03313667867611658,1.2588495605138605,0.03801503193886883
-550,78,2.3645,0.03985813659256495,1.2686148234299008,0.05676749553902269
-550,79,2.843,0.053371094088565614,1.1643865634892718,0.03820087620454017
-550,80,2.8355,0.039546608078649695,1.1897160112854877,0.050365769249913664
-550,81,2.187,0.03009721092166415,1.1477050754458162,0.03793936302311744
-550,82,2.149,0.037090926681673346,1.1753369008841321,0.041437181469188344
-550,83,1.945,0.026392782107394867,1.1603984575835473,0.041619417274908664
-550,84,2.056,0.032689930849534934,1.243124513618677,0.051437426435683616
-550,85,1.898,0.03307567081708259,1.1346659641728136,0.05675086572937895
-500,0,138.57,0.7841529120482073,9.36883957566573,0.5516438101875138
-500,1,120.9365,0.7071396329766273,8.462155492758596,0.5795140048184486
-500,2,130.2275,0.7650888751263538,9.394242719471695,0.6030730424444402
-500,3,124.7375,0.7979331442117092,9.409139943882153,0.59080084723997
-500,4,133.7605,0.6827774065111714,9.4455174715256,0.5735708009380566
-500,5,140.314,0.7721284321856633,9.818474307624328,0.6499707864164702
-500,6,128.1175,0.7228958121770803,8.864329180244699,0.5683374520625052
-500,7,125.548,0.7393925671935336,9.005310287698729,0.5935568812590599
-500,8,7.413,0.07681522601261041,1.521034803723189,0.07347534899682426
-500,9,7.069,0.0747272232505454,1.4473389446880747,0.047713877655428526
-500,10,6.8185,0.07122712005675215,1.477239532155166,0.0691385614037054
-500,11,8.7635,0.0792639660614425,1.6124342728361958,0.0716229164997894
-500,12,8.0325,0.07037446830686267,1.497845471521942,0.0656140908381634
-500,13,7.6605,0.08643365268105667,1.5901363814372431,0.07141513310025521
-500,14,7.5605,0.05813991744060195,1.3477071291581242,0.05682764062918064
-500,15,6.484,0.07046985170979171,1.4358025909932137,0.06661449256171226
-500,16,71.8955,0.360486860115306,5.498836224103038,0.4038929606290356
-500,17,62.2475,0.3914237675326771,5.369649283103739,0.37883630169691423
-500,18,87.8705,0.5148783581431767,6.91541222310104,0.4469828729549655
-500,19,106.383,0.62946890730453,7.307204261959147,0.40309690402227377
-500,20,117.589,0.7178908801408957,8.35911589519428,0.5855290877274116
-500,21,148.2615,0.8293850845180758,9.980251904574011,0.7036197019839795
-500,22,151.62,1.1150940484291558,10.997220683287164,0.8536460812912509
-500,23,197.556,1.1400857308484222,13.574545263115269,1.0781958212327651
-500,24,284.938,1.6069833785535583,18.76189611775193,1.265953572660793
-500,25,410.339,2.340162826093856,26.19556532281845,1.817656060320201
-500,26,410.9195,2.1970452017245514,25.928684376745316,1.6632144722953928
-500,27,287.67,1.747292943835965,19.352644001807622,1.3600230003236022
-500,28,204.9055,1.1384394847888557,14.316895201690537,0.9206864238929676
-500,29,168.5005,0.9013205151623996,11.500879817864043,0.7545949565145532
-500,30,148.9715,0.8604087997176625,10.242205306048474,0.6851255804639834
-500,31,116.7665,0.7629265933509657,8.249095226370578,0.5506537717096519
-500,32,95.3155,0.5692046505524433,7.2892022782233745,0.4640287998863479
-500,33,92.4455,0.5806835695064335,6.811527113272144,0.43508849497229013
-500,34,84.0725,0.45379271583771674,6.1642064141068715,0.3274707724429599
-500,35,74.4315,0.4882505154011393,5.643689939743253,0.3576063854367364
-500,36,69.2555,0.44241173666262645,5.108969247929768,0.29243402704920635
-500,37,45.0285,0.33811729123424045,4.252211105188936,0.24498237646104717
-500,38,38.8385,0.30770395461256417,3.9466101355613628,0.21743764679936928
-500,39,47.6105,0.28421773991819965,4.052231960386889,0.19967052238893013
-500,40,47.9065,0.25992435640514855,3.78914672852327,0.19128893256269294
-500,41,41.4435,0.25150523171287437,3.3553104286558812,0.23909788352079694
-500,42,32.5265,0.19092058834141365,3.135391073432432,0.14685536443450595
-500,43,28.1445,0.20914169837696253,2.986324850325996,0.10367392976896121
-500,44,32.109,0.18430081246072627,2.972690491762434,0.17833187310338725
-500,45,24.7305,0.15354662415525078,2.4274830573583226,0.10799796450733132
-500,46,25.3305,0.12578485181995483,2.5021325970667774,0.11964482571240456
-500,47,19.319,0.13180507936862074,2.463286867850303,0.15879540671811915
-500,48,15.651,0.1306802042754517,2.155402146827679,0.1150542373915524
-500,49,21.2165,0.15661598190948972,2.203691831829001,0.12731602425774877
-500,50,16.7245,0.14532807712207682,1.9992585578044184,0.07566561266588079
-500,51,20.255,0.13309968563369792,2.064081708220193,0.10412680855656055
-500,52,11.4795,0.10611928491833647,1.9118933533690488,0.11314658371775017
-500,53,12.607,0.100997915559522,1.8460816213214883,0.06528819673025567
-500,54,15.0525,0.14769968641950798,1.8493103305098821,0.08711613171908382
-500,55,12.9575,0.11809869868706786,1.7757818830792977,0.07245286973696781
-500,56,10.064,0.08305483287056799,1.7453203497615262,0.0829292398837712
-500,57,8.1155,0.07943708202092989,1.495060039430719,0.07882704196139446
-500,58,10.136,0.11197603126985439,1.7464980268350436,0.06874371687804426
-500,59,8.789,0.07433175987635313,1.5310591648651724,0.05688230423142239
-500,60,8.621,0.07475539058190056,1.5749169469899083,0.07533990789497728
-500,61,10.0355,0.09516875592999599,1.6301369886901498,0.06298468504412845
-500,62,6.728,0.06751841853972357,1.3671248513674197,0.04460212017950096
-500,63,6.35,0.07156888474161031,1.3950393700787402,0.038387724408857286
-500,64,5.9375,0.07507496253745309,1.4337000000000002,0.06161071813865911
-500,65,6.79,0.06718004089561758,1.4210456553755524,0.06230743833100482
-500,66,5.321,0.058354181738036685,1.4070586355948131,0.04650526940677984
-500,67,4.798,0.0692083049473417,1.3472688620258442,0.03153732975260505
-500,68,4.3495,0.050920345432325875,1.406448959650535,0.04956519551848634
-500,69,5.0065,0.05001197225086231,1.3225722061320284,0.04595318746219198
-500,70,5.9455,0.07563233435508902,1.438319695568077,0.04421413354717304
-500,71,4.1835,0.050965803808973136,1.335921536990558,0.04272911921901739
-500,72,3.7945,0.04000312487793934,1.2919409013045196,0.0376656265597756
-500,73,3.307,0.05321307714225283,1.2158303598427578,0.05810597275562082
-500,74,3.6005,0.037300169323730314,1.2836827523955006,0.04527545711317747
-500,75,3.593,0.040256414984054675,1.2725719454494853,0.04709137857010855
-500,76,3.953,0.030814384884165356,1.2458363268403745,0.04397762784343922
-500,77,3.023,0.04151790989567347,1.1920181938471717,0.0383841977878392
-500,78,2.5405,0.04383266626135056,1.2081715213540642,0.045017824100458896
-500,79,3.721,0.04856303554199058,1.2416444504165547,0.050738266694997945
-500,80,2.7485,0.03601370353220114,1.2182091140622158,0.041844245800511236
-500,81,2.395,0.04867994291394828,1.217526096033403,0.03304659989242523
-500,82,1.691,0.038817386229423094,1.2007800118273213,0.04337608915055995
-500,83,1.718,0.022367739927710142,1.1248405122235154,0.044456672948170746
-500,84,2.6505,0.03773505280937499,1.1252026976042258,0.03373766786575487
-500,85,1.9525,0.027027033250354892,1.1832234314980798,0.04464391823482872
-450,0,101.476,0.4211902932854568,6.325243643817256,0.32582711334742265
-450,1,105.307,0.4689383867058863,6.000871271615371,0.28999680013810897
-450,2,107.8785,0.5578682522263788,6.601071925823959,0.41649597613604666
-450,3,96.43,0.5330868399682793,5.9989951259981344,0.3348179030628347
-450,4,99.282,0.6011382186275807,6.361480187748031,0.40202916232778485
-450,5,108.4505,0.5699485087545865,6.581376293793021,0.3654349217097503
-450,6,107.875,0.5436942348900082,6.253685979142525,0.35289702588624017
-450,7,106.1975,0.5704120740399247,5.891414522469926,0.29404841123791703
-450,8,8.8565,0.1021332334180261,1.536826935019477,0.060375569238888
-450,9,7.467,0.07030422612138135,1.432691978036695,0.05309714975607554
-450,10,8.3535,0.09658994989672938,1.5560588675405516,0.055244655516639776
-450,11,8.469,0.06886256335324,1.3731301216200262,0.04509440563695361
-450,12,7.806,0.07063769680932605,1.4445764796310527,0.061998003865618746
-450,13,8.369,0.08546436622790254,1.4690929621221174,0.058874495980674284
-450,14,8.4645,0.06987761858383129,1.5295339063146083,0.04492392403755863
-450,15,8.0005,0.06686386405069247,1.4773451346790825,0.05065439941402653
-450,16,59.5595,0.3399903055893475,4.133403734920542,0.1924931793705422
-450,17,46.0445,0.25726136106057174,3.5564838308592774,0.19596902231120863
-450,18,59.6305,0.31565176931815553,4.024634536856139,0.22118988086562144
-450,19,76.8525,0.3982203007064522,4.816782066295826,0.25506115624599823
-450,20,88.388,0.39366269291040684,5.23535384893877,0.2568517743902943
-450,21,91.736,0.4312743662071321,5.535572774047266,0.2978134328490872
-450,22,107.8545,0.674986344891119,6.769002032831267,0.37576168803372506
-450,23,110.728,0.5252250645400066,6.717912506321799,0.35240471293810194
-450,24,159.8795,0.7939145105110632,9.214908601477987,0.5284729431836729
-450,25,197.2165,0.9928836988659351,10.70776343637576,0.6789534248510272
-450,26,240.18,1.177710088532652,13.696384378382879,0.7740193750706555
-450,27,310.672,1.5341876986655778,17.478354714940515,1.0773689341655464
-450,28,345.8175,1.5837147993844936,19.14366159535015,1.095066930673371
-450,29,379.9385,1.8315974154014474,19.109886778386503,0.9915104630544339
-450,30,258.6975,1.2440811183147917,13.89952355067212,0.7621774035202304
-450,31,208.269,0.844765585672638,11.51479883708089,0.62969584028952
-450,32,154.023,0.7765636517782433,8.975844328444452,0.4224212007838856
-450,33,121.19,0.731149059609884,7.330991831009159,0.46165105187316136
-450,34,128.033,0.6064517596990702,7.181452523958669,0.3440879192316408
-450,35,86.589,0.5112805903858175,5.599903902343254,0.28596574205791225
-450,36,86.9655,0.44895168829290477,5.520560564246741,0.2397172568576058
-450,37,60.9355,0.2898869788836954,4.535932908567255,0.26128095515934896
-450,38,64.1025,0.4016452185436177,4.405771908271908,0.23383336358465454
-450,39,58.031,0.3184170552163217,3.883080405300615,0.21727508363015915
-450,40,61.367,0.2911656247784597,3.9828460084410184,0.14725265569195076
-450,41,52.221,0.2859728548030564,3.6209984297504834,0.15613412542490612
-450,42,33.002,0.21549893149081628,2.88821877461972,0.13872916206947988
-450,43,39.1055,0.24202052435801238,3.0242387835470717,0.1346259631231141
-450,44,32.6765,0.2450298316961699,2.6299893730968744,0.14517563075200848
-450,45,32.2985,0.13327114229427706,2.6119602380915525,0.12264655274183332
-450,46,28.2805,0.1758565129811649,2.4707066618341256,0.10265712412127895
-450,47,23.995,0.19463123025217272,2.3714513440300062,0.09567989395669463
-450,48,24.8035,0.156773848181652,2.303017225391578,0.08405326902216008
-450,49,24.8275,0.1525828075436253,2.1021344778974926,0.09590336695775153
-450,50,24.372,0.14771701252555142,2.0729368127359264,0.10393502406969601
-450,51,17.507,0.13613286853194886,1.8711915805106525,0.08126642918120537
-450,52,18.0575,0.18231677897203,2.0203346947251832,0.09869243363648024
-450,53,11.349,0.11052958641777501,1.7873996827914356,0.07241596511760942
-450,54,17.017,0.1110218091424526,1.8651766468825295,0.06663359998692724
-450,55,14.63,0.12050333037546682,1.7365755297334242,0.07210051339756472
-450,56,15.369,0.16292539461522373,1.6581976055696532,0.0491287132958791
-450,57,12.607,0.11075601444997023,1.7181368287459347,0.06953290873141094
-450,58,9.013,0.06738381814180919,1.585801730833241,0.07263563141228571
-450,59,12.465,0.09850060112026009,1.6308684316085036,0.07417647505679685
-450,60,9.015,0.0599144126409099,1.4668635607321128,0.044476937772561065
-450,61,9.842,0.06967443086089428,1.4276606380816905,0.05574577905280729
-450,62,8.0225,0.05353245449454478,1.4153934247429107,0.04128769595432717
-450,63,7.327,0.054758320684719045,1.5075844138119285,0.05827168594190572
-450,64,7.4375,0.08011792295702226,1.380449579831933,0.04614583584385219
-450,65,7.135,0.07653860395079612,1.3544183601962159,0.07290645228886052
-450,66,6.78,0.06766403071522978,1.3828318584070793,0.04465556093962811
-450,67,5.6005,0.05565152383594867,1.3079010356218195,0.042965297922158203
-450,68,5.6175,0.06034059033606822,1.350279261237205,0.05620131089102427
-450,69,6.1785,0.06133289235158007,1.3034940114914624,0.04178398521245798
-450,70,6.31,0.06857573608024474,1.3118700475435816,0.054428685775450174
-450,71,5.3385,0.059210929823186625,1.333130607848647,0.04237307089021124
-450,72,3.4025,0.05047602349005336,1.2336498897869212,0.0338141206533703
-450,73,4.4535,0.04571810075716312,1.1817307174132707,0.03324375335428686
-450,74,4.241,0.046791249744280186,1.2690212214100451,0.037266185731635974
-450,75,3.992,0.04106221210745818,1.1485310621242484,0.030346288808105266
-450,76,4.625,0.05096180200069331,1.3174864864864866,0.04518979725330704
-450,77,2.578,0.03723043463562984,1.218741660201707,0.048251533703316286
-450,78,3.194,0.03254470609387717,1.1791997495303694,0.04759576940060733
-450,79,2.92,0.035843225888656564,1.199178082191781,0.042365580210671695
-450,80,2.67,0.03205258836744145,1.1843071161048686,0.05871185422453519
-450,81,3.3315,0.04058956957020768,1.2113485667116914,0.04751386756399784
-450,82,1.844,0.027418779580503143,1.1619652928416484,0.03668226488218641
-450,83,2.5895,0.042460353024290264,1.1314886078393511,0.0376813743011135
-450,84,2.8005,0.039292928250848326,1.1475449919657204,0.0395880759026886
-450,85,2.7315,0.0438554743627175,1.1841141314296175,0.04252852037132346
-400,0,96.6235,0.557837589550747,6.758777603274565,0.44641175597567223
-400,1,92.043,0.5749265857023544,6.8173261519072605,0.41404551247614896
-400,2,91.3195,0.5254073482346301,6.516247020077858,0.4062236017873497
-400,3,78.96,0.5029476272828701,6.438771529888553,0.42165670142500306
-400,4,79.9685,0.41771387525308223,6.159569177238537,0.37976383020533555
-400,5,86.9565,0.5069030193761239,6.768540681260171,0.5029462832762077
-400,6,86.4315,0.4267911328186587,6.511645728119957,0.411977388209735
-400,7,78.9835,0.419978241917612,6.182648625978844,0.41244642572561363
-400,8,9.873,0.10719411806329825,1.5743817482021676,0.07560312329812165
-400,9,9.3455,0.0915005752067056,1.5638681450965706,0.0735395144595304
-400,10,9.4425,0.08987381504965075,1.7106374106433677,0.09223428193851599
-400,11,10.4985,0.12263183024595914,1.611563342382245,0.06899284345441307
-400,12,8.746,0.07781692415028016,1.73250445918134,0.10039103307569539
-400,13,9.7385,0.0973227809107944,1.6111431688658417,0.06616603228619934
-400,14,8.4045,0.08896029569716087,1.6159057350229042,0.06549480873813558
-400,15,8.49,0.08510674412017347,1.6054063604240283,0.0802180797126805
-400,16,42.9685,0.27218151354526454,3.505347120565065,0.21094403450358815
-400,17,37.2215,0.26787101668330593,3.646721323697326,0.21562643922303443
-400,18,46.135,0.23860725272428615,3.9810290451934547,0.22602875116872465
-400,19,59.6515,0.37281170286013265,4.59715259046294,0.25245222545864876
-400,20,65.6065,0.27853306994436533,5.204143762432077,0.36536226174710157
-400,21,70.7525,0.3813513885892473,5.332804406204728,0.3343553311332942
-400,22,61.6045,0.3438485552497898,5.44710337313021,0.36672343005919505
-400,23,87.6325,0.527537913329458,6.817418694548255,0.4450597937543396
-400,24,105.541,0.5337458985421172,7.364231142399636,0.44489197425119037
-400,25,117.352,0.6924143876397433,8.302714022769106,0.5828842039003516
-400,26,147.5105,0.771950187580299,10.00020262794852,0.5886676659234157
-400,27,151.908,0.745990193247243,10.970400084261525,0.7812226030020276
-400,28,197.6515,0.9885143757440343,13.614574378388225,0.9534717236088429
-400,29,284.623,1.2952059580175745,18.699285971267255,1.188784966502787
-400,30,409.3015,2.2230510417465754,26.511741583527062,1.9345380713987594
-400,31,411.2795,2.1858569889898543,26.668784560742758,1.9558834546667718
-400,32,287.1335,1.471700462050629,19.695259096378514,1.423341381553278
-400,33,204.3695,1.0889351329093055,14.138464740335522,1.0541186449860354
-400,34,167.157,0.8877055284626562,11.219041685361663,0.7900097194692972
-400,35,148.928,0.7448594356973584,9.878611248388482,0.6124787631136236
-400,36,116.4455,0.6137351027241232,8.214186291011675,0.5068009204046469
-400,37,94.6025,0.5610543997454149,7.39225172432018,0.563215219311645
-400,38,91.968,0.49927505339979583,6.834224686847599,0.49012970175487897
-400,39,83.9105,0.47462643204945526,6.105296592798278,0.38031972848576234
-400,40,74.081,0.4150408350233077,5.560703000769428,0.3516826829528078
-400,41,69.1785,0.3492542996005577,5.176921120723924,0.30739067942261994
-400,42,44.5325,0.2992269645533152,4.415784960422164,0.29409414933801076
-400,43,38.5615,0.24422193853779528,3.840105228012395,0.2150433857077255
-400,44,47.632,0.2748957697210465,3.7816084984884113,0.25742631320487736
-400,45,48.033,0.27439704233483264,3.5926323777403035,0.2252503586397505
-400,46,41.5495,0.278671165392209,3.553870678347513,0.25871109929086983
-400,47,32.288,0.22753900764484516,3.3003300297324083,0.2143888207239788
-400,48,28.012,0.2120570926102597,2.941591318006568,0.13326041510427247
-400,49,31.5635,0.19561276866083588,2.9009130086967545,0.1363555969211093
-400,50,24.7345,0.18989813751476994,2.5962930218924987,0.1399314424766051
-400,51,28.064,0.1925963873520287,2.582664766248574,0.16554759557988952
-400,52,17.5105,0.12515143458605443,2.5385848348133977,0.15161679751335247
-400,53,17.998,0.11551851070624784,2.2596952994777193,0.10927899848580454
-400,54,21.3595,0.09969024394012917,2.086484222477118,0.09737799568379046
-400,55,17.8815,0.137462482919981,2.1283146128680483,0.12618223668467182
-400,56,19.1445,0.1473975558606198,2.0585870484995685,0.11037134042456785
-400,57,11.4555,0.08827431825371342,1.945530072890751,0.052938835906389925
-400,58,12.6355,0.08267079609097654,1.8674084721617668,0.09483725839809076
-400,59,13.8905,0.10391412193172762,1.786581458550808,0.0511840100740216
-400,60,12.2895,0.10298307219099113,1.8532641482566419,0.06726276645849792
-400,61,10.218,0.08730949185753557,1.7086001174398122,0.08022347541785349
-400,62,8.3195,0.06704466303968801,1.6472648296171646,0.07005603540342412
-400,63,9.022,0.0717803667630053,1.6710835734870317,0.07402974793708844
-400,64,8.753,0.09632210218024313,1.6224141437221526,0.048084028014660524
-400,65,9.3305,0.08048365312939393,1.5520357697872564,0.056697874392336145
-400,66,8.2805,0.05179145936501373,1.451822927359459,0.04205493398344447
-400,67,8.116,0.07266143551104907,1.450658452439625,0.06130064200491969
-400,68,6.172,0.07173635942224783,1.4806247569669477,0.06788035652681071
-400,69,6.0835,0.06863816262416321,1.4458005671077505,0.050748405465022864
-400,70,6.9595,0.0806110708081844,1.478534341547525,0.0570708599255563
-400,71,5.2525,0.06236089783628328,1.3414076630176106,0.041127681675390715
-400,72,4.6805,0.059442475509831214,1.3638328704198266,0.04372049153739319
-400,73,3.6255,0.04182969859095981,1.3725692318300922,0.06337645908161625
-400,74,5.8535,0.06935900123726978,1.3784979499444778,0.040420173778587025
-400,75,5.292,0.04787373744384422,1.2790506424792139,0.04642137352061095
-400,76,4.429,0.051169995320036965,1.2542242041092795,0.05355214176403447
-400,77,3.5665,0.050342380388276195,1.2784460255152112,0.05630215253407268
-400,78,3.62,0.04388981418818804,1.2382872928176794,0.04062490038447099
-400,79,3.302,0.03892367700486376,1.1955772259236828,0.05450726459861277
-400,80,3.762,0.03530021619137614,1.2523540669856459,0.04469844315933215
-400,81,3.421,0.0432793861227014,1.2162405729318913,0.04473606281994315
-400,82,3.185,0.04732585807045928,1.2118602825745681,0.04123301892060041
-400,83,2.5845,0.025188499882203876,1.1510387889340299,0.03835803321183051
-400,84,3.4405,0.046822593511657365,1.1909489173085308,0.03767243606020771
-400,85,3.055,0.04442912747760225,1.2065384615384616,0.05162002928146328
-350,0,75.323,0.5274212837251742,5.2097589182587,0.37178069367961064
-350,1,69.8975,0.506657714313804,4.794935351765085,0.2938087408541473
-350,2,76.4965,0.5076826998078721,4.965155108403652,0.30257284246806426
-350,3,76.0035,0.4653551416872197,5.252540840224462,0.3118514529702373
-350,4,71.857,0.4698589373978448,5.216938516776374,0.37314844465590263
-350,5,67.158,0.4539288142661344,5.227210994967091,0.2982195048316157
-350,6,68.271,0.41928378782972825,4.886094520367359,0.31856466506075426
-350,7,70.005,0.5566811900616164,4.819341118491536,0.32360314148526537
-350,8,12.58,0.09920738512408142,1.7196820349761528,0.07963414757421093
-350,9,9.1425,0.08329994945345037,1.6466167623735302,0.045318931170552114
-350,10,11.022,0.11786611494671148,1.6622678279804026,0.0504953652539658
-350,11,10.884,0.0900391727615202,1.6573450937155456,0.06262762320306035
-350,12,10.1685,0.08740189989504368,1.510754560652997,0.05348234682787888
-350,13,10.6805,0.09122694373461111,1.5772126539019709,0.06501397235045578
-350,14,9.4905,0.09111726106044735,1.645741504662557,0.08976593287902843
-350,15,10.1795,0.08825046592988656,1.6767306596591185,0.06580078391615182
-350,16,37.738,0.23404295602123634,2.8414159732895223,0.13694779540972896
-350,17,29.4755,0.16529634472348975,3.0144832063917493,0.19009593069658262
-350,18,36.9785,0.22497517406898165,3.090742938464243,0.18158823652471587
-350,19,42.918,0.2491116849506374,3.2349661214408876,0.1961733511778511
-350,20,48.6895,0.3684044366553799,3.6310311206728345,0.20168222241773945
-350,21,59.516,0.3304426058931772,4.169462732710532,0.2392501425652687
-350,22,46.306,0.3007966615156317,4.039225240789531,0.2669822311803299
-350,23,60.295,0.4298901328430181,4.524951903142881,0.3529419143059088
-350,24,77.2875,0.44383133057503155,5.193800339640951,0.30258709645431997
-350,25,88.9105,0.5568527514901084,5.635357913294831,0.3511044446865701
-350,26,92.8495,0.5648499917304525,6.291793167976133,0.4164402918152464
-350,27,109.6965,0.7585673043726291,7.498173485480393,0.47951496600076277
-350,28,111.523,0.6881386411717313,7.665857903750797,0.6345607110745296
-350,29,161.8685,1.0168548711332426,9.461718665151034,0.6586000892771494
-350,30,198.5355,1.1490044832948119,11.852513730541892,0.8434257801756065
-350,31,242.684,1.3588352984894874,14.88935877107679,1.273402298165715
-350,32,313.053,1.960201130926171,19.033407094006446,1.4740670778541844
-350,33,349.2775,2.1461647402063964,20.88400338913901,1.6890149737774203
-350,34,384.3905,2.345033663208053,21.56027791984974,1.5610033328395496
-350,35,261.3365,1.6276376609255314,15.489965112986512,1.1379643897369505
-350,36,209.9895,1.3659820980178567,12.59997471183083,0.848123248288959
-350,37,155.236,0.8917222838860449,9.636555335102683,0.6232101478586792
-350,38,122.527,0.8349188740924468,7.912511291388838,0.5653029492517434
-350,39,129.215,0.9145952512910956,7.815460859807297,0.4662826684750846
-350,40,87.4225,0.5200783721304936,6.112488132345791,0.40747702829789223
-350,41,87.8335,0.6663076873416093,5.706954382439502,0.41019337656399724
-350,42,61.8515,0.38158207711965075,4.885660780255935,0.36051605019914135
-350,43,65.057,0.424608860259094,4.348244631630723,0.26297430988260734
-350,44,58.278,0.42881574990713867,4.262032259171558,0.29926307148521275
-350,45,61.98,0.36174212972925407,4.448396256857051,0.2599446734053356
-350,46,52.898,0.3193130785064466,3.9563234148739084,0.20989220036737902
-350,47,33.3485,0.2922627467842863,3.1697092148072623,0.2191219627762648
-350,48,39.506,0.23827935838334366,3.0381705057459625,0.17181283919030954
-350,49,32.7845,0.2155622696699587,2.901525408348457,0.16373705950555917
-350,50,32.641,0.20862822637913692,2.7841707974633136,0.12529859161866536
-350,51,27.9395,0.204221854338545,2.680321399810304,0.13734421847267508
-350,52,29.3945,0.20764909038289128,2.5289040381704058,0.1356959774556696
-350,53,23.924,0.23228997304865903,2.4198806219695705,0.12462542015701807
-350,54,23.4275,0.19736804385929033,2.2589155372959135,0.09513028322660569
-350,55,25.1005,0.1682205241248593,2.2910459851397387,0.09154443382057557
-350,56,16.0625,0.10456897748678311,1.869546692607004,0.11718648214975518
-350,57,18.53,0.16995355402672713,2.0960658391797082,0.11865129174778226
-350,58,10.8785,0.10953796505994473,1.8722928482787147,0.12320061313216743
-350,59,15.333,0.13403868255489737,1.7755893171590686,0.07238587265528643
-350,60,16.7875,0.12204803842836243,1.9189482501861501,0.0895958928149875
-350,61,15.798,0.09786026557774792,1.743904038485884,0.055670269807684455
-350,62,11.1705,0.11194330096785175,1.6587824851170492,0.05852961806213787
-350,63,9.077,0.09431498178695501,1.648680290844993,0.07500430097604552
-350,64,13.0045,0.12064186887774836,1.7140589603598753,0.0649494848824558
-350,65,10.4725,0.09053895643080422,1.572331702076868,0.07454287191754425
-350,66,9.4915,0.11112646896785285,1.5760341094663646,0.08479198872159611
-350,67,8.5175,0.07206311195933122,1.4964125330202527,0.056771061293829646
-350,68,7.1235,0.09390441668890888,1.5457637046395734,0.08716859467347843
-350,69,7.187,0.07767374412448363,1.293868234311952,0.048378872743705545
-350,70,7.443,0.09135558059179069,1.4543532177885263,0.04660322083698598
-350,71,6.3185,0.06504765459585032,1.3908455725251245,0.058059708193338
-350,72,6.1815,0.06419655262100138,1.3728961821564345,0.04511347456109512
-350,73,5.189,0.06686553671361602,1.4010944305261128,0.07210297321445092
-350,74,6.5705,0.06831997088006278,1.3874179666692035,0.04564153951670298
-350,75,6.392,0.05753991749440674,1.3702027534418022,0.04194108108863225
-350,76,5.1505,0.03454573627434834,1.2798465682943403,0.0608825370305965
-350,77,3.581,0.05945321026257806,1.2930575258307735,0.06915704454117326
-350,78,4.1595,0.06388507362114403,1.271080598629643,0.055719027278844965
-350,79,4.786,0.06490235580835038,1.2814885081487675,0.04641351180154105
-350,80,3.2925,0.05315753647612469,1.1319495064540623,0.0329707015680171
-350,81,4.9405,0.052738056767185924,1.221123317477988,0.033760947771003184
-350,82,2.555,0.036044563061796195,1.2504794520547946,0.0578777926240305
-350,83,3.063,0.04853701788597194,1.2246265099575577,0.033659381105540995
-350,84,3.417,0.03353788117463902,1.184404741000878,0.02766729439010748
-350,85,2.4965,0.026440349945928584,1.1956690366513119,0.04840941370066818
-300,0,59.1535,0.2517928085173439,4.685486704083443,0.32132227665294877
-300,1,64.5935,0.2788541167367837,5.207772573865791,0.29009786132144044
-300,2,51.7625,0.2052865455636911,4.856142839893745,0.35701718594740006
-300,3,70.571,0.3427120165908785,5.5852256450950115,0.33987478063002335
-300,4,62.071,0.32620134240906073,5.309902514862013,0.27321030213623515
-300,5,59.3865,0.2915893606823784,5.177508655165735,0.2790964358339898
-300,6,59.0665,0.26762923587444076,5.035562929071471,0.2605579861474147
-300,7,55.694,0.3015995951414259,4.658982367939095,0.28647601269800343
-300,8,11.311,0.10977464955175403,1.7766138272478116,0.05904254880706991
-300,9,12.6665,0.07081211240429026,1.845046204555323,0.0552728723022668
-300,10,11.48,0.061558701125109694,1.9305400696864112,0.08878719611305828
-300,11,10.9725,0.08605651447862878,1.9482108680792893,0.12468689280643867
-300,12,12.055,0.09859673315822236,1.952465781833264,0.06844552899231812
-300,13,12.173,0.1151385892602569,1.8693888934527232,0.10383198558965097
-300,14,11.6815,0.0835819012138767,1.8343584085947868,0.07684725274405965
-300,15,11.845,0.09042152747868651,1.8160384128324185,0.06871135272523092
-300,16,28.895,0.19172691654099103,2.762207129261118,0.11054282744440477
-300,17,28.661,0.1710861586575906,3.031160078154984,0.15194584746125775
-300,18,27.5035,0.13167598790012525,2.9339170560110532,0.14409667874439616
-300,19,36.611,0.1744584100641352,3.2856430854114884,0.15900038929777124
-300,20,34.362,0.19958720558086812,3.322215121354985,0.2002668923974894
-300,21,42.8935,0.2041932456741592,3.659019612528705,0.20815239879945202
-300,22,37.168,0.20944739321919315,3.7563973310374523,0.24175700979648612
-300,23,46.436,0.20735223019881255,4.138295804978896,0.26726365432761356
-300,24,59.775,0.266735133754343,5.227576327896278,0.37621887879339794
-300,25,65.532,0.21509067855209643,5.075977781847037,0.25421830327754313
-300,26,71.466,0.29159037598732035,5.548958161923154,0.31628288723063314
-300,27,62.2085,0.3108132583706003,5.545223365777988,0.3814824156300049
-300,28,87.912,0.3618102148626345,7.084177996177996,0.42006749085020223
-300,29,106.0035,0.38713541422526476,7.531114423108672,0.4191504089968853
-300,30,117.5915,0.4483098523166844,8.79487571593185,0.5721177869728286
-300,31,148.464,0.5329892859592786,10.507946060997952,0.6618153660131932
-300,32,152.196,0.7097643789908092,11.42678246471655,0.7517822830980516
-300,33,198.9055,0.768579850661016,14.464323861079762,0.9691700920438544
-300,34,287.0645,1.1075595445558888,19.80138031609621,1.209373174867011
-300,35,412.109,1.7616857805731574,28.392100437020304,1.8360253766878576
-300,36,413.7045,1.5982594932909826,29.27164480867382,2.318181889824022
-300,37,288.8215,1.1972020616068724,21.45806194396885,1.5847693003344105
-300,38,205.377,0.8032329740033832,15.576057060917242,1.285830972569115
-300,39,168.6235,0.6651641170655386,12.870381339196493,0.8954505726118202
-300,40,149.504,0.6444579117366885,11.271156517551368,0.7950266303275035
-300,41,117.1135,0.4664390720069858,8.839464431939955,0.6291319278270783
-300,42,95.2725,0.39656012685408515,8.107672662625626,0.5182559944349849
-300,43,92.1115,0.33599206992521763,7.278342744934128,0.43591335664793307
-300,44,84.5875,0.3592403351811267,6.516640682724988,0.339188760643779
-300,45,74.354,0.3909646639033384,5.976782473034404,0.3659061899397361
-300,46,69.043,0.35850647795659546,5.507642353316049,0.36423674551014956
-300,47,44.9855,0.2935557644504818,4.600822259394693,0.33262498585302336
-300,48,39.0015,0.22655924634687183,3.995294995064293,0.33705960513904404
-300,49,47.628,0.20986411643828254,4.130587385571512,0.2308935826170199
-300,50,48.363,0.23501410931888242,3.8753226846969793,0.2150270951492085
-300,51,43.7745,0.23236708141713067,3.7045688642931376,0.21285288522505696
-300,52,32.0195,0.16984276784565752,3.1532072565155604,0.17551980955682966
-300,53,26.1005,0.1460794214406033,3.049458813049559,0.14026314876050885
-300,54,32.6745,0.21229755062175965,3.251788083979862,0.17856885783195284
-300,55,22.371,0.15021896299104442,2.7252406687229005,0.2241635703367751
-300,56,26.825,0.1558719109768626,2.6359878844361604,0.16677718393162036
-300,57,17.0365,0.10708647513993144,2.4020290405893223,0.16326131746813802
-300,58,16.4835,0.0980152378056862,2.185077668577668,0.11844954972855731
-300,59,23.04,0.1354505153377549,2.5343489583333336,0.14664283261957056
-300,60,17.1465,0.11025872682969559,2.169191248942933,0.10702388035672934
-300,61,18.4535,0.09914443212330559,2.020095794835668,0.06968901019710225
-300,62,13.1045,0.09429649488378808,2.1013834751421263,0.10985870971166094
-300,63,14.048,0.10573950115857023,1.9193263097949884,0.10224917853063767
-300,64,13.566,0.09445801072155748,1.8794518649565088,0.08695008598943929
-300,65,12.969,0.08904138600141302,2.016349680006168,0.07579667959529254
-300,66,10.133,0.07786999962825958,1.7118633178722986,0.07626883561589765
-300,67,8.7955,0.06575262652348476,1.6915104030470123,0.09243528730833184
-300,68,9.7385,0.08843455802248196,1.696166529753042,0.0765300075888014
-300,69,7.7375,0.04713851369829378,1.5231785137318257,0.07124856356139712
-300,70,10.344,0.09111415627488602,1.712941221964424,0.09701643964503116
-300,71,8.397,0.08196308540081289,1.4673563177325235,0.07042982153784419
-300,72,7.684,0.07367924795318788,1.5764112441436748,0.08693042771874332
-300,73,6.8555,0.07061562001054521,1.4883844723214936,0.059258120892750045
-300,74,5.973,0.06638841052948619,1.4649708689100958,0.06547663769899077
-300,75,7.2735,0.051530650051565006,1.5360827318347423,0.058596174133358055
-300,76,5.3215,0.062636272491097,1.3838462369632625,0.038602824604597394
-300,77,4.6855,0.060094114783220826,1.3890918258456941,0.05405296602393342
-300,78,4.4775,0.06065378453936232,1.3662744276940255,0.06109118514517818
-300,79,5.396,0.05412655734966279,1.3610422535211266,0.049594202732584795
-300,80,5.6895,0.058121809476667875,1.3913506898672996,0.035422216950080083
-300,81,4.093,0.04402212362461694,1.320388712435866,0.06090024728032138
-300,82,3.7235,0.05391648024588853,1.263071773868672,0.044775814028067795
-300,83,4.044,0.058257143225891886,1.3271671612265086,0.0530274735622473
-300,84,3.2165,0.04983802712155071,1.3292795740711958,0.06543723307196969
-300,85,3.9295,0.04963273007539319,1.207922063875811,0.04057980385322351
-250,0,47.785,0.34796816248798307,4.485984618604165,0.2125299493954149
-250,1,54.311,0.366333109844607,4.511006591666513,0.27390339062828467
-250,2,46.1475,0.29992707446977906,4.516988867219243,0.25289215956610855
-250,3,55.496,0.3424204863522088,4.494467781461727,0.2592592345178337
-250,4,56.103,0.35820319138135903,4.419966686273461,0.2716514769761937
-250,5,53.6535,0.34231047387761326,4.580473552517542,0.2305299765217341
-250,6,46.1445,0.24056017411122135,4.149370342077605,0.24022449359930348
-250,7,56.117,0.3533487169772583,4.723315768840102,0.2742720045047114
-250,8,14.0405,0.09503039679907459,2.011385616609095,0.06795824231482753
-250,9,13.849,0.10255139917955328,1.9078777529063469,0.07614287055842918
-250,10,13.456,0.08844385670850063,1.8432717003567185,0.06295612921945912
-250,11,11.883,0.11843297016056238,1.943558949760162,0.10106269184428092
-250,12,10.9325,0.08041626897456447,1.7810147495998172,0.0753901724410279
-250,13,13.333,0.1399588285325748,1.9115061126528161,0.09702167846320911
-250,14,13.919,0.09352145827506464,2.064619512896041,0.06797071618041126
-250,15,14.0425,0.12471414683608563,1.9052657112337545,0.08100470796739678
-250,16,23.041,0.16047610086043448,2.327820797708433,0.1349162590979725
-250,17,21.4385,0.1668268484639729,2.68014169601418,0.1455114799812633
-250,18,22.592,0.19239706749050933,2.7235541784702555,0.15571877027546907
-250,19,21.3975,0.1816704289003633,2.545226954083421,0.10079180883712323
-250,20,31.941,0.1697473354569576,3.0759061707523245,0.17068204624655728
-250,21,37.746,0.24000592097959486,3.079411964181635,0.13234027782226326
-250,22,29.517,0.23415705480678947,3.250557678625877,0.12269797619882318
-250,23,37.428,0.2280680877097464,3.535075772149193,0.18977419477112
-250,24,43.429,0.27898302155469834,3.7800768841096963,0.1986525566849033
-250,25,48.991,0.3651761651298589,4.283601457410544,0.21398138976127362
-250,26,59.7335,0.31576329825728144,4.609682636209163,0.23574084099303116
-250,27,46.4025,0.2988723323638876,4.349215963579549,0.23670208327906536
-250,28,60.4555,0.3806694069247223,5.3857634086228705,0.30233242023822576
-250,29,77.7285,0.4486349324691366,5.979001109631603,0.33106861073479715
-250,30,89.265,0.5078476253034175,6.72212821374559,0.3892713600911866
-250,31,93.529,0.5789181834749129,7.087568123255888,0.4139692581895834
-250,32,109.267,0.606388402541506,8.82995516487137,0.5664052700328867
-250,33,111.6065,0.5819401646760272,8.849544226814746,0.4716818838140428
-250,34,162.475,1.0162307808760693,11.424553777504231,0.6711795077525319
-250,35,199.1635,1.1062592907727613,13.900532817258185,0.8648275845522557
-250,36,244.315,1.339050429457969,17.18554233264433,1.1006968625411861
-250,37,315.025,1.8354068099183876,22.94043766367749,1.6687487666981482
-250,38,352.181,1.7707663966709315,25.328825913379767,1.5770099509307989
-250,39,386.4195,2.066079999852239,26.14827026004122,1.4253445817305723
-250,40,262.74,1.462963826584517,18.548802618558273,1.0786800017197176
-250,41,211.262,1.164673570712322,14.715345665571657,0.8581120141998129
-250,42,156.574,0.7992244266853349,11.65616592793184,0.6600689903236914
-250,43,123.181,0.6994994074712494,9.244731241019315,0.562054859178031
-250,44,129.6745,0.7357057031034541,9.322716106482002,0.4902841763154756
-250,45,88.114,0.5431828227653823,7.265826134325987,0.4716691492485862
-250,46,88.5705,0.4541698470836606,6.8879144833776484,0.4279362299864066
-250,47,61.9395,0.3332112298290853,5.760247334092137,0.34426657794880433
-250,48,65.518,0.4329091310996724,5.307925699807686,0.26449764119485636
-250,49,58.806,0.3117466920433958,4.695054314185628,0.27481913462452
-250,50,62.4805,0.3960591894893332,5.024377521786797,0.24259361410876568
-250,51,56.763,0.3635563374861128,4.524546465126932,0.2427735903730129
-250,52,32.674,0.25898933121696877,3.475201199730673,0.21946373869931732
-250,53,39.22,0.2661993712673967,3.657511473737888,0.19910918998272875
-250,54,32.785,0.18148582661783108,3.1834916882720763,0.16632454304465136
-250,55,29.672,0.22332605382218645,3.1988883796171477,0.15720262737931592
-250,56,26.5375,0.21021902738259532,2.6269088553933115,0.12617893602273503
-250,57,27.542,0.18585733068249216,2.9072411589572287,0.15256266088863327
-250,58,26.975,0.15437735721618298,2.8593280815569972,0.13578448469805454
-250,59,22.9655,0.15629842407529596,2.5179643269251706,0.13963472478238384
-250,60,24.4515,0.13737056108435972,2.518972159172239,0.1213847097848975
-250,61,19.3465,0.156770490979985,2.3564695293722377,0.11903894815801172
-250,62,19.927,0.1316596489357878,2.2290696542379687,0.09893806557570747
-250,63,11.2235,0.08622575937008313,2.029095001559228,0.09484131018003682
-250,64,15.3205,0.12381751215312604,2.0493965438464805,0.12061876690145873
-250,65,16.177,0.15596237737959545,2.2150380787537864,0.11179396616861438
-250,66,15.3415,0.07312669251302602,1.882337304044585,0.0714710478172965
-250,67,10.368,0.10712167209103397,1.8351250000000001,0.07121711862506054
-250,68,11.04,0.10847507596338879,1.855199275362319,0.06428763428011387
-250,69,12.0035,0.10358387143302122,1.8779928979047775,0.09198988667866893
-250,70,11.6925,0.11490699900812221,1.82218890314304,0.08210249368160506
-250,71,9.048,0.07478601051280159,1.6679593280282936,0.06430677393160063
-250,72,8.15,0.086255434611391,1.6150306748466257,0.0676616732626278
-250,73,7.4725,0.09439523571831256,1.7136492137838744,0.06818110652207594
-250,74,7.854,0.07389323735170754,1.5429951617010442,0.06951846806150926
-250,75,7.2665,0.050483321894202605,1.546202126195555,0.07841068097466924
-250,76,5.9885,0.06634945365261127,1.3676826834766636,0.06885864191466533
-250,77,6.9015,0.0702636950501842,1.563833623125407,0.06534599174934728
-250,78,4.756,0.04478839135311703,1.377305298570227,0.048933117265083745
-250,79,7.1385,0.07734500630292833,1.4104248441549345,0.052951869238887596
-250,80,5.9665,0.04918961700453301,1.4121139277633452,0.057711043529695485
-250,81,4.9935,0.04479353219289343,1.4371598578151596,0.07155852929954432
-250,82,3.6005,0.044072159728766394,1.3159004999305652,0.0557323811492124
-250,83,3.9145,0.044999853800932015,1.275307127347043,0.05456181173252213
-250,84,4.9245,0.042769116993702394,1.2971468677023048,0.06107400200669268
-250,85,3.7155,0.0596942869522441,1.2793862871753465,0.03591908999691028
-200,0,43.0545,0.33021004081134836,3.8061881975171006,0.23155781620215485
-200,1,41.8725,0.2500630183731618,3.9082033255716757,0.26235611466190334
-200,2,45.567,0.24753532443290477,3.808864112186451,0.2128738250434953
-200,3,42.1625,0.29943708152043264,3.5689319596798104,0.2197167055218149
-200,4,47.9955,0.2625958221097029,3.555114120073757,0.1492044935664202
-200,5,46.738,0.2715904424331878,3.862924301424964,0.1896199057639379
-200,6,43.3485,0.2648656809542637,3.6819508806533094,0.151394739654088
-200,7,42.7705,0.20869957632418426,3.380410089898411,0.1678288565842561
-200,8,14.9625,0.10399361063369005,1.8881934001670844,0.08252350463825445
-200,9,14.278,0.14311497034497142,2.018119904748564,0.09043993155324684
-200,10,16.5495,0.13284631999736368,2.1106105773588326,0.08649275788148492
-200,11,13.7515,0.10368544281928735,1.804948387448642,0.09936959740144888
-200,12,15.6365,0.11031837896217447,2.1325339909826373,0.10326248413493566
-200,13,15.638,0.08512714948209715,1.9917480496227138,0.09379783937595709
-200,14,14.069,0.13386540766165528,1.961279337550643,0.10729293266452727
-200,15,13.4835,0.07305828603173399,1.8927376237623763,0.08328385229141724
-200,16,14.368,0.11846518475906692,1.9003741648106902,0.07313115299967846
-200,17,17.051,0.12430205147140594,2.253322327136239,0.1273906715501799
-200,18,14.0885,0.10166579666006775,2.1231265038861484,0.09049521752780444
-200,19,25.447,0.18211491456018236,2.4005655283530474,0.13930732287011285
-200,20,23.438,0.1626322943264798,2.4442851779162047,0.12632499100147598
-200,21,28.9715,0.2335676110837451,2.6821768893567817,0.12786320481987443
-200,22,28.127,0.1835097874917395,2.8933718846659797,0.1521155215973576
-200,23,27.547,0.21623220949028898,2.61940650524558,0.12851615219759113
-200,24,36.527,0.2394083716603311,3.0612771648369703,0.19475053842605503
-200,25,34.246,0.2057993401861455,3.1580763884833263,0.18146909172815875
-200,26,43.0015,0.20839142698802182,3.5409578212387944,0.16841463542660282
-200,27,36.865,0.24946521748901232,3.4761365794113646,0.19704164365907276
-200,28,46.1895,0.28327917697081834,4.056908815856417,0.2520285866334608
-200,29,59.867,0.34380387616075314,4.335231613409725,0.3085561220674646
-200,30,65.3695,0.337675081293126,4.850105473500638,0.29047571500906605
-200,31,71.508,0.350435518507441,5.299783744476143,0.3072367695541449
-200,32,62.2475,0.3226468453930803,5.1817059922085225,0.27621761527552124
-200,33,87.889,0.4236929747377185,6.166820409835133,0.396766457817643
-200,34,106.2335,0.647325377794537,7.118874721721491,0.43708736737432463
-200,35,117.8205,0.6583022322211671,8.165016102885321,0.559717212866228
-200,36,148.434,0.8777358432502944,10.087235027015373,0.6140916132031775
-200,37,151.709,0.7798342941393346,10.480929404320111,0.69622922005593
-200,38,198.0525,1.047784096633413,13.298709906464197,0.9246558475547282
-200,39,286.521,1.3272841087209368,18.048145019038746,1.1787030493221995
-200,40,411.1275,2.026361514350816,25.61271441037148,1.9536814185393419
-200,41,412.4565,2.167686163315991,25.347548426925016,1.6925770363760515
-200,42,288.8345,1.4386968655879502,19.135394524372952,1.4877877835642066
-200,43,205.6705,1.1630926276639981,13.843292692680768,0.9646427039417992
-200,44,168.523,0.8504451156523017,11.005829892655601,0.7639960458395173
-200,45,149.0195,0.808826139342832,9.8528791181691,0.6595339618112571
-200,46,116.8295,0.6271420031422444,8.094115182809135,0.5376083534705541
-200,47,95.4795,0.6603438000091542,7.339644423672097,0.4854512024536267
-200,48,92.36,0.49413560891722874,6.567241229969683,0.37681552121493644
-200,49,84.3275,0.4275732470337079,5.9515845216566365,0.33822927446844936
-200,50,74.6735,0.5142701906073999,5.734897892157191,0.36480288271717515
-200,51,69.8955,0.3692798646298631,4.769800341223684,0.2790061349897852
-200,52,41.9275,0.23440504193427816,3.9004291634368853,0.24309951005156843
-200,53,40.786,0.22531428342603896,3.966218898641691,0.2629125847752677
-200,54,46.176,0.2974942723906849,4.056003638253638,0.2241521937889606
-200,55,42.451,0.24193507175969645,3.40855572306895,0.151322100836757
-200,56,42.363,0.27843179264928297,3.2044999409862385,0.1575660337297906
-200,57,30.7285,0.16981456604810186,2.924249076590136,0.1610505913804455
-200,58,29.149,0.16985117324479104,2.992788740608597,0.15354939450511262
-200,59,32.2935,0.21959445276283707,2.8922030052487337,0.17644380393051434
-200,60,26.4005,0.17244751299117775,2.4501467680536355,0.12787088486366027
-200,61,27.5905,0.2224533954739615,2.6321309780540405,0.13392337275094277
-200,62,16.5815,0.15025815504622272,2.1336041823719203,0.12529463539815233
-200,63,17.4,0.13896421349246468,2.126379310344828,0.0785169818565006
-200,64,22.4555,0.16068353172749614,2.303000144730689,0.11764127751081133
-200,65,15.3445,0.13195987228978626,2.03140015966633,0.0770060461449871
-200,66,20.2555,0.1637592504418064,2.057674199600108,0.06952499447735619
-200,67,13.2785,0.10300044711195695,1.900435873780924,0.06643682878207269
-200,68,12.635,0.11559571108415986,1.8545924020577762,0.08470498923449864
-200,69,16.0775,0.12426176741904796,1.7500540351422798,0.07896145974581503
-200,70,11.302,0.08889556261496813,1.7420629976995226,0.09315862185544907
-200,71,10.717,0.09901382147006199,1.57477941588131,0.06907261183682416
-200,72,7.6665,0.06531814852179872,1.597114426400574,0.0562062926854311
-200,73,9.6435,0.06341291168540668,1.6942404469331673,0.06113245883077369
-200,74,8.649,0.06187381046171762,1.4779510926118626,0.060167606129918734
-200,75,10.592,0.10803167176926988,1.6270332326283987,0.06414880110768399
-200,76,8.0055,0.06730322194524242,1.4584310474049091,0.048169828099454366
-200,77,7.2505,0.06635024689598272,1.4052478794565892,0.05612821903071876
-200,78,7.78,0.06979669725258023,1.430925449871465,0.04048175139093539
-200,79,5.8215,0.0591664689890449,1.4165829683071371,0.057142285965655494
-200,80,6.751,0.05358662441122282,1.3586133906087985,0.060818954472765675
-200,81,5.1965,0.05893473196324027,1.3551212835562396,0.05788709196929207
-200,82,4.7485,0.06103180792789402,1.2812988838580606,0.043958001755079155
-200,83,4.2205,0.055319526389874564,1.339623208150693,0.057138106369847626
-200,84,5.6855,0.05453861500181168,1.4304088910386068,0.06884848423411645
-200,85,5.4085,0.06573981810296192,1.343741841545715,0.06290587136277799
-150,0,36.31,0.17640264946094492,3.3576122280363534,0.21707269091425782
-150,1,37.4915,0.2302004561246576,3.540453909552833,0.21591906264163488
-150,2,42.1555,0.2044935657204233,3.840218233682437,0.2010811644910668
-150,3,43.383,0.22491062552419305,3.784761565590208,0.2221557894731955
-150,4,42.634,0.2220128019068425,3.7695511563540833,0.2366315774279155
-150,5,34.7435,0.2050536194318604,3.573724804639717,0.23617066413292678
-150,6,31.3205,0.20410326978478743,3.302366812471066,0.17494426830068252
-150,7,34.0315,0.21986033246012093,3.2373097791751757,0.1698010095509996
-150,8,16.4155,0.12066586095495502,2.262670022235083,0.10850785546973052
-150,9,16.588,0.10989851778129778,2.111481552929829,0.1152416940068727
-150,10,16.5965,0.13868418306201669,2.1926121622028742,0.1256073636462289
-150,11,17.83,0.15972509277867897,2.056483454851374,0.11908134067617324
-150,12,18.183,0.12309623962788772,2.2795749326293793,0.13792282821217358
-150,13,17.0805,0.10848108008699892,2.217910468077632,0.13609175221207548
-150,14,14.62,0.09633002483239834,2.144295485636115,0.10026913377865071
-150,15,17.3725,0.08027215221390771,2.1638073823571737,0.10002722894632089
-150,16,15.0855,0.12484616850137432,1.943203059229061,0.08299035520197412
-150,17,10.8695,0.06916218543927646,1.866458415750494,0.09530637500153755
-150,18,14.7395,0.08317854923375044,2.1917731096712916,0.10778046888370643
-150,19,21.197,0.13850156753815507,2.215794263339151,0.11224146231627972
-150,20,22.0745,0.1324376218610527,2.402588948787062,0.08496386289123595
-150,21,22.8575,0.10843109623894495,2.3836462320901233,0.07724341904618615
-150,22,21.299,0.15363130848680598,2.4531010376073996,0.1348129680729536
-150,23,22.4985,0.15513877488778988,2.55212559726204,0.12945070520094284
-150,24,21.057,0.13571273841618914,2.4762193569834263,0.12018415915447099
-150,25,31.706,0.17071891332954606,2.977309152841733,0.17543307185366389
-150,26,37.6295,0.22084344895732919,3.189179493482507,0.15249829574194615
-150,27,29.333,0.16170164208390564,3.2320291480585013,0.2230197593739028
-150,28,37.0915,0.1904941980053022,3.4657300931480264,0.2367761256984804
-150,29,42.97,0.2701977833093069,3.795091924598557,0.24990608560919633
-150,30,48.579,0.2540947813213333,4.219843121513412,0.22407780520827844
-150,31,59.643,0.3382276561259016,4.454647670304981,0.25768728839173405
-150,32,46.511,0.23230186803970143,4.599532992195395,0.2532127157785423
-150,33,60.2845,0.3167893829627071,5.203270488268129,0.3897050664738198
-150,34,77.47,0.43783438349268367,6.009721182393184,0.38449273986888266
-150,35,88.9745,0.413710091094814,6.484991202535559,0.4126743708907908
-150,36,92.5065,0.3975082091174746,6.898941779766827,0.44952565956863894
-150,37,109.1695,0.5615624233005216,8.59629081153619,0.5340376087744466
-150,38,111.8715,0.5715308505740518,9.005251451442057,0.7588394544561986
-150,39,161.9785,0.7582234342961122,11.454285832687674,0.8297242829890104
-150,40,198.5265,1.0005706989934267,13.34272400787804,0.8216637184659279
-150,41,242.5875,1.1212922232852616,17.10151324264441,1.180968199808626
-150,42,313.528,1.2970145070811256,22.092885534944244,1.510479081825181
-150,43,350.7595,1.42481715816819,25.256079050603045,2.0905063473312215
-150,44,384.7645,1.5785415445577333,25.968760215014637,1.9763439136578855
-150,45,261.238,1.1937018053098607,18.119199182354784,1.4321456148483669
-150,46,209.9025,0.846048049836163,14.461104530674957,1.0823105537303475
-150,47,155.9565,0.7485435946943079,11.543100850237085,0.8862294954961006
-150,48,122.9585,0.6597516578228527,9.535825321144939,0.8052723869767286
-150,49,129.461,0.5801936609534147,9.105942940344969,0.6082572283039468
-150,50,87.2625,0.4228567475485876,6.849627202406532,0.47495558983710506
-150,51,92.0615,0.37375496828241295,6.77984518772777,0.48399972143055164
-150,52,57.0135,0.3484637525512592,5.249849908355039,0.410662191420006
-150,53,60.1285,0.3157424625095242,5.274270732680841,0.44992601666548476
-150,54,56.0665,0.2819016952582465,4.861050319709631,0.29335206724179785
-150,55,60.774,0.31291868794170263,5.060205416790075,0.25517446607768574
-150,56,52.8475,0.25155293991314687,4.1291308718482425,0.23243891555523621
-150,57,37.4375,0.2254677885734734,3.590493322203673,0.2312143701578829
-150,58,40.1025,0.16460139252465067,3.6099742846455958,0.2339915503248073
-150,59,30.9925,0.24546826893232257,3.24792913608131,0.19763879427724357
-150,60,36.066,0.18018031903740497,3.245983585648533,0.20265497982925834
-150,61,28.8815,0.146264495457984,2.9932468102418506,0.14157722940194142
-150,62,20.727,0.12985842493390942,2.6875800164037247,0.14444199393796414
-150,63,25.3695,0.13997457475894484,2.8280009361635035,0.1510645068176211
-150,64,23.5165,0.1582823509794405,2.5881286649799073,0.11401528868369887
-150,65,22.006,0.12798108412862036,2.50935944742343,0.11904827632056651
-150,66,21.3815,0.14445956454826456,2.3851908308584524,0.13783644724159694
-150,67,19.172,0.1528287655480718,2.167192572501565,0.13140496268599744
-150,68,12.7985,0.07760315715227087,2.179622436222995,0.13667664461922935
-150,69,12.8605,0.08820870884322891,1.9387302010030714,0.0968511529541885
-150,70,15.843,0.07360670736027466,2.164069368175219,0.10087625916580664
-150,71,15.621,0.0791630562426957,1.9340861020421225,0.09863441829563405
-150,72,10.3405,0.09052325958733348,1.7480353706300469,0.08878194809222457
-150,73,10.5335,0.07080096267558479,1.768061684150567,0.09368001506895914
-150,74,11.9,0.11639090215847216,1.7988235294117645,0.08565409802669051
-150,75,13.249,0.11704677427601715,1.8568193071175185,0.07978534642006273
-150,76,9.099,0.09273022558390635,1.618661281459501,0.05555684797814484
-150,77,7.2135,0.06401182045446514,1.5039741803562765,0.060654239505021
-150,78,7.258,0.06252830937810686,1.5958164783686966,0.06325655703729394
-150,79,8.0865,0.05740105904029398,1.527733599208558,0.04827943893303604
-150,80,7.104,0.07614874640430633,1.497632882882883,0.0464012679734817
-150,81,6.382,0.05486154822536601,1.4436032591664056,0.06772285334972034
-150,82,7.7295,0.06894114576178263,1.4317005951225823,0.0597378149091279
-150,83,5.168,0.04496548383863004,1.4057229102167184,0.04473901907416325
-150,84,6.008,0.04988196594277104,1.4392370173102533,0.043461297700925085
-150,85,5.9235,0.05490793730370292,1.3842572381193552,0.07264682233521924
-100,0,34.396,0.2373132506780193,3.1582214210954764,0.2074055289232436
-100,1,29.4995,0.22388727779374734,3.008322166477398,0.17430995289436502
-100,2,32.3665,0.2623680370054733,3.1353151483787247,0.18449596602713192
-100,3,32.6765,0.2212241956406232,3.0208207044818143,0.15950829547141912
-100,4,33.0175,0.2513750343505439,3.1450653062769747,0.18637834255068145
-100,5,30.9065,0.2191277865586786,3.021201292608351,0.15369385351595707
-100,6,30.218,0.22894333934748726,2.9007040836587463,0.23636757681155646
-100,7,33.178,0.15386699656384928,3.0116738802821152,0.1735791005767181
-100,8,18.3655,0.12262152940525597,2.064409340883722,0.07418153464288268
-100,9,20.093,0.12889428552928542,2.1363833673418604,0.11507498347078875
-100,10,20.745,0.15172776868283921,2.14205712219812,0.11723810291721207
-100,11,19.242,0.20131750257269096,2.1885685479679866,0.11244195919383544
-100,12,18.4435,0.14179353967912944,2.2846427061024213,0.12878529047331938
-100,13,18.812,0.14812796743640883,2.0721696789283435,0.08252989699540488
-100,14,18.643,0.12646426580784073,2.2498284074451536,0.10481701706798154
-100,15,17.0755,0.13961314031053237,2.0345407015899974,0.10656030447692791
-100,16,11.824,0.09070600281882393,1.7061928281461436,0.08067079528444214
-100,17,13.4105,0.09692502528406073,1.7630207486670892,0.0629842149088033
-100,18,12.0425,0.14373747084986518,1.9287269047124764,0.09874036077943076
-100,19,16.395,0.10558982207730086,1.9063113754193353,0.11374563944773314
-100,20,20.4695,0.16550795019861386,2.0970258066879994,0.09905457730611436
-100,21,14.1375,0.1234032222559764,2.0347015915119364,0.10136138481836143
-100,22,16.992,0.12358163719837863,2.1804340866290017,0.12380019373689169
-100,23,13.863,0.11165760633575982,2.0787153574262427,0.11838281055924478
-100,24,25.318,0.1767433464838661,2.365940279642942,0.11553675300492586
-100,25,23.4015,0.15760255641795168,2.2879429844240753,0.12260799182118248
-100,26,28.6895,0.20155902230781794,2.588301983303997,0.15313585818845685
-100,27,28.334,0.19119898700458238,2.9532873579445185,0.1640425211728703
-100,28,27.502,0.24682680908728294,2.7622353283397576,0.16040560730444725
-100,29,36.4295,0.19876788234680012,3.059883603947351,0.13592954182660746
-100,30,34.184,0.22592662991613818,3.2346461502457293,0.1702876436322433
-100,31,42.6865,0.32659106491790363,3.395832821852342,0.19136832412650293
-100,32,36.9055,0.24962442841829277,3.411864620449526,0.2525357253027356
-100,33,45.9825,0.2933346167236687,3.805277959006143,0.2195910118423579
-100,34,59.152,0.3006541989868428,4.308694482012442,0.25108805390084266
-100,35,65.366,0.4089790883857471,4.8040119328091055,0.3087958145298144
-100,36,71.4495,0.45180542796301104,5.383640889719313,0.3431731305739837
-100,37,61.804,0.44200702542642345,5.233586563976441,0.3529631211927409
-100,38,87.387,0.5779947641358217,6.649458512135673,0.47486236371013335
-100,39,105.531,0.7116625826745037,7.257403407529541,0.44419649013675433
-100,40,117.0835,0.7287015398711125,7.88929719174777,0.45058798273375694
-100,41,147.652,0.9511045102793264,9.687724487307994,0.7028385491016313
-100,42,151.043,0.8735129017213545,10.6312649444198,0.6830304993898924
-100,43,198.1345,1.231147405557313,13.537185143172945,0.9900338151647333
-100,44,286.26,2.0264807451654248,27.872690561028435,9.699863335405384
-100,45,410.224,2.601148268705492,25.87977501072585,2.1223270420404274
-100,46,410.976,2.5295622046844994,25.106175114848554,2.0576011343025287
-100,47,286.32,1.743988471714674,18.761761665269628,1.41536598578863
-100,48,203.5305,1.1115722565712731,13.593255407666176,1.0121831551878473
-100,49,168.517,1.0249523994081964,11.047993442798056,0.8286237308035973
-100,50,148.7135,0.9013283399049431,9.85341894145454,0.6575342913551531
-100,51,117.3515,0.7437908856519824,7.772179714362407,0.5456623700299105
-100,52,95.971,0.55624772027918,7.046494868241447,0.442343421669519
-100,53,80.2885,0.5291697941612248,6.0721307254463595,0.38322849933147574
-100,54,83.173,0.5303668541679395,6.130295540620153,0.396574647102081
-100,55,78.662,0.5087200657170488,5.395944115328875,0.3384677230964501
-100,56,68.0,0.3800664761798724,4.992897058823529,0.32208080119926213
-100,57,45.466,0.3217095780849246,4.159368407161395,0.2959077979081096
-100,58,42.0355,0.2769471496228309,3.6583896884775964,0.22207707578295705
-100,59,47.383,0.3538466066710674,3.685083489859232,0.18220944663844554
-100,60,45.6825,0.31149121386612044,3.5707698516937554,0.2391560998988841
-100,61,35.1555,0.2846738438431258,3.0583072278875276,0.17234996891302393
-100,62,30.5215,0.22322548783920784,2.9662872974788264,0.19259288970425603
-100,63,27.434,0.2264060162860671,2.9501947947801996,0.1970054606775258
-100,64,30.6475,0.20703149391743508,2.7002608287788563,0.14323333774781938
-100,65,30.078,0.1362478391909779,2.507677239178137,0.10971908401541569
-100,66,24.5335,0.14866825484951415,2.596363248211629,0.13381278522617324
-100,67,19.7755,0.1837969059358145,2.255877209172966,0.15230370093192164
-100,68,14.5555,0.11376678592167154,1.9746432448215452,0.1231964661838294
-100,69,22.8165,0.2063202352501649,2.2857505642846183,0.10907499122711378
-100,70,15.1515,0.12128538550395136,2.00815415965416,0.08324431528777192
-100,71,20.2095,0.15203440573210766,2.1575798386897254,0.09462826913732238
-100,72,16.5045,0.1474903654302113,1.8671259202035808,0.08693222854507994
-100,73,12.3205,0.09655507018767769,1.7807540075483954,0.07903547776111718
-100,74,13.4415,0.1167775100013063,1.6497100584012205,0.07191316169545278
-100,75,10.9995,0.0941233093788195,1.846492999681804,0.1185172134208533
-100,76,12.1065,0.09277668434415413,1.7207415644488495,0.0735693337368311
-100,77,8.252,0.07223718243616437,1.6117905962190981,0.07971423930723173
-100,78,8.8615,0.0920362485797392,1.6373433109518707,0.07280417602136618
-100,79,7.8575,0.08184991078026228,1.5605719058224623,0.06723611483206342
-100,80,10.8415,0.09066791633555708,1.6147560531291794,0.048425749462424374
-100,81,7.54,0.06252157522344651,1.5281697612732097,0.036924736728440065
-100,82,8.4935,0.08822899332508534,1.4974931123800557,0.06123160455491801
-100,83,7.475,0.07544429803015694,1.4403177257525084,0.06026478471356685
-100,84,4.4655,0.07301937378099349,1.4443645168514163,0.08134104910604482
-100,85,7.006,0.06768114096338253,1.3997950328290034,0.04369057704743727
-50,0,30.2635,0.2061249940155128,3.069838840517455,0.14523583677955407
-50,1,28.6715,0.20040127507735958,3.0362411366688176,0.17747313479395585
-50,2,25.2025,0.1861067534621203,3.0271002380716197,0.13830162484414416
-50,3,27.6435,0.16462121593780774,2.878449101958869,0.083530262599382
-50,4,27.96,0.2034996443809134,3.0531616595135906,0.1757699643498734
-50,5,31.8455,0.242541884608563,3.198493656874597,0.18785525767413538
-50,6,27.5025,0.17845517644495537,3.0908824197800198,0.18017656182714598
-50,7,27.567,0.18608586020550197,2.8393554249646313,0.1713856438012126
-50,8,24.7715,0.15740038620965005,2.7506322891225805,0.12954346388976187
-50,9,22.192,0.15580791142672407,2.566020908435472,0.1117112811094591
-50,10,18.778,0.15434513614828116,2.4573285759931838,0.1195329986026487
-50,11,21.951,0.14154578950401828,2.630203589813676,0.1157810369051164
-50,12,19.5205,0.16681138892079309,2.3293757716247026,0.11948570770580509
-50,13,25.95,0.11085789860993395,2.562986512524085,0.0864521810557717
-50,14,18.7125,0.10866867800312716,2.5851085504342017,0.14868890847033306
-50,15,20.7765,0.13877523478443016,2.444952121387144,0.13752006022006547
-50,16,13.0015,0.09335071110151154,1.7145327654501406,0.07300178062741114
-50,17,10.3585,0.07247240854283803,1.7316192257566247,0.07740095967305984
-50,18,10.8195,0.07718901953543751,1.7335292527381119,0.07828367695877544
-50,19,12.297,0.13023682881177434,2.026168252419289,0.10051896564441055
-50,20,12.7775,0.09518092190526849,1.9670509684993154,0.09151190976396907
-50,21,14.932,0.1143968162972535,1.9278982051968927,0.05380282783064515
-50,22,10.93,0.09182362956978089,1.9664318389752973,0.10722839227627634
-50,23,14.8625,0.100398875544133,2.157012195121951,0.12016417530341462
-50,24,21.402,0.13162066707018324,2.1850479394449116,0.07749624109239996
-50,25,22.1145,0.15951649807431917,2.4658206041285133,0.1005400931839876
-50,26,23.1435,0.14341011305454002,2.5045437271804176,0.1437087737672871
-50,27,21.373,0.16796788540169133,2.541144013474945,0.13049646992667738
-50,28,22.653,0.17070766023573214,2.7788633293603495,0.15241510267517458
-50,29,21.082,0.13988642009257118,2.5706894981500805,0.14983123362533723
-50,30,31.866,0.16907550477756778,3.096499215464759,0.17233818317101054
-50,31,37.658,0.22452241712014903,3.1569397206436878,0.1278715902193761
-50,32,29.556,0.16293104773427772,3.4229552036811475,0.20130196400800374
-50,33,37.0865,0.2141080334784271,3.784207669906839,0.18347584717203563
-50,34,43.2325,0.283636048299112,3.8472548140866243,0.19916938544455415
-50,35,48.882,0.18881291213652115,4.379139069596171,0.21887156203126154
-50,36,59.808,0.2907943748098515,4.607379213483146,0.20916354514630242
-50,37,46.5385,0.20474023979050668,4.409349629876339,0.21504065568343816
-50,38,60.6685,0.2596437589832428,5.50420082497507,0.38582866358537926
-50,39,77.7025,0.36465187075086036,5.823120153791706,0.3535626776161625
-50,40,89.4785,0.40341912057078916,6.6078727040573995,0.3417979020105084
-50,41,93.554,0.3955312217365689,7.21101271992646,0.35450512253257516
-50,42,109.8205,0.4942157397012128,8.860634214468154,0.4355396009118007
-50,43,112.547,0.44632245836626094,8.937304335077789,0.4924919659280049
-50,44,162.793,0.6567600298755234,11.717967916310897,0.6290808616457034
-50,45,199.9715,0.965770288422671,14.246008494960533,0.8297886706900756
-50,46,244.057,1.0986662009239359,17.657161036151393,0.9070460230016989
-50,47,315.5105,1.4556442731656987,23.6902540161104,1.2650031417935887
-50,48,351.9775,1.5611608155809278,26.06334209928191,1.645691618637799
-50,49,385.6635,1.6229236572828578,25.85079808628506,1.5056087280164367
-50,50,262.601,1.29028554571215,18.596135578310825,1.0692678998097525
-50,51,202.761,0.7746982094915822,14.169114765660066,0.7787740270182537
-50,52,146.02,0.637886724806376,11.26090672510615,0.5224045305149947
-50,53,123.5735,0.5784040087762373,10.035627361448855,0.6189231745547192
-50,54,127.6035,0.5264725089039127,9.21064302899215,0.5096752129700456
-50,55,88.544,0.4454975928814418,7.144968196602819,0.36513950235331966
-50,56,84.9685,0.3511239659631384,6.733466022702531,0.38328862377608286
-50,57,67.313,0.2983763959903806,5.593377668503855,0.3110007869313484
-50,58,65.2205,0.32052134751140193,5.467803524198681,0.2740380320449531
-50,59,54.1565,0.26704452122406286,4.665294244458192,0.218026241276016
-50,60,57.0775,0.2770539326177264,4.867478318952302,0.2555477473205014
-50,61,49.273,0.2547280283381695,4.348232723804112,0.22718863184678176
-50,62,45.576,0.24868432748535488,3.8258781814990344,0.17169365274479434
-50,63,39.5435,0.20457307920848855,3.6391848913222145,0.22141368173806075
-50,64,27.783,0.17880907194694295,3.3380452434942227,0.1920506457171303
-50,65,33.8775,0.1630012512060478,3.0758613755442403,0.1512639302758558
-50,66,32.02,0.1534909563596856,3.0317489069331662,0.13701817784265652
-50,67,24.309,0.18188327662484366,2.6626977251223827,0.1529895854249595
-50,68,24.7375,0.1603743564617685,2.799417635169277,0.09776030497065501
-50,69,21.2365,0.12237404910656921,2.6469318272785065,0.14364315079783196
-50,70,22.9895,0.15591069474812366,2.390847549968464,0.11653514373887781
-50,71,21.6095,0.1570207411710165,2.34956892801777,0.10277272620343499
-50,72,21.001,0.12523220537528693,2.2782724155992575,0.10459080301407647
-50,73,14.68,0.09012564329283497,2.0823297002724797,0.05972182067085107
-50,74,10.8875,0.10152488675974472,1.957000574052813,0.10409647246943807
-50,75,15.8755,0.10524526492661566,1.9569147270952096,0.06378720685511836
-50,76,13.927,0.10577060580630006,1.9424621957349035,0.09306392306709997
-50,77,12.552,0.12206253789715667,1.8419611217335885,0.07759513733680688
-50,78,10.599,0.09588068242955756,1.8246248702707804,0.07153347243892451
-50,79,10.1555,0.08800560687879591,1.745489611540544,0.07391940623484833
-50,80,12.4335,0.10412612544409885,1.7925425463465634,0.0741303248022975
-50,81,9.5565,0.0965054538955125,1.606635038978706,0.07422153275714448
-50,82,9.1715,0.06520927848090426,1.6128318977266531,0.06114574066564322
-50,83,8.058,0.09975654575541755,1.7548567882849344,0.07296607734303368
-50,84,6.808,0.07984063073266305,1.4706427732079903,0.04188559530297319
-50,85,7.588,0.07240093049707345,1.4943668950975222,0.07224880376565365
0,0,24.924,0.13313309525670747,2.3223087786872094,0.1054358049075998
0,1,25.721,0.1290448718367692,2.4276334123867658,0.11533725896114028
0,2,23.943,0.14005656751921053,2.3690745102952846,0.08985659292952707
0,3,23.207,0.19773333983982105,2.4338842159693197,0.12168370427202153
0,4,24.557,0.11216083376820465,2.3324816142036893,0.10640580524077606
0,5,25.8825,0.15293423939375955,2.3017364532019706,0.12411185844920801
0,6,24.628,0.15104478248449885,2.4380224135130746,0.11707102425458495
0,7,21.57,0.15614938866017744,2.147895224849328,0.09009918739004803
0,8,25.036,0.15624441042633846,2.4161888480587956,0.13391075481121922
0,9,25.8185,0.18799114620809163,2.2728879582469936,0.11308668576679558
0,10,24.007,0.1364553136802616,2.405504686133211,0.1578761036044635
0,11,23.3515,0.09583229595167113,2.537736237500803,0.13653416834083
0,12,24.546,0.15929350599641917,2.5044766560743095,0.11678400112160424
0,13,25.894,0.12935955603217655,2.283068046651734,0.11041482893053221
0,14,24.8155,0.1456283572009659,2.5697027966391968,0.12174745231146879
0,15,21.698,0.12645698249227938,2.246280578855194,0.10026137410484606
0,16,9.8225,0.07904653859061686,1.4601164418427084,0.060699233044635696
0,17,7.219,0.0694106771704697,1.4928714503393818,0.05361030903196065
0,18,8.182,0.0755979671127401,1.5437394280127106,0.058670452281896185
0,19,8.4725,0.060540873535332,1.5885799645913248,0.0687926270165471
0,20,13.35,0.09530008007949309,1.6410112359550562,0.05671019507495537
0,21,11.6315,0.07336023230750056,1.6682033916519794,0.06457684448978276
0,22,13.243,0.09687240658667781,1.8178623423695535,0.07926087988917553
0,23,11.96,0.07517698415983697,1.702123745819398,0.09248594689571468
0,24,16.302,0.10118144202632219,1.8555880260090787,0.054131260426457196
0,25,20.2605,0.15938116345151243,2.0325579205843884,0.10057913321643133
0,26,13.932,0.12886059378871023,1.943610106230261,0.11743322342886837
0,27,16.8305,0.09413169665840239,1.9582763286889873,0.09998964407708659
0,28,13.732,0.0988342578578686,1.9749618409554328,0.09205717593483588
0,29,25.011,0.1592150151607297,2.2785126144496424,0.10003152453608129
0,30,23.1655,0.13372098799956078,2.254348481578209,0.1031897325174311
0,31,28.5885,0.1778279402000439,2.594930400335799,0.11089753595304834
0,32,27.7255,0.17816088973615696,2.583439423995961,0.15990919202347556
0,33,27.2125,0.19926955428052076,2.5177526412494258,0.14649427905529755
0,34,36.078,0.1273135375445421,2.840482177504296,0.15217398238901728
0,35,33.7635,0.18117783499848097,2.945179491166497,0.1657350112649895
0,36,42.2895,0.22640726578447246,3.363286152591069,0.17291528726562147
0,37,36.591,0.2304433941225869,3.386426143040638,0.21866929459430934
0,38,45.9555,0.25276312501712167,3.7719863726866203,0.24500770519725956
0,39,59.147,0.27270776724506474,4.238970547956786,0.25604023400784753
0,40,64.686,0.27161156474874226,4.272491791113996,0.19843256784294894
0,41,70.511,0.34260757050658497,5.128233594758264,0.28433838146156876
0,42,60.97,0.3513979600336194,4.685715925865179,0.2964638184555505
0,43,87.138,0.42289018109098003,6.133798755996235,0.4563451886387043
0,44,104.59,0.518340469291431,6.794883832106319,0.3934872858878552
0,45,116.2475,0.5292576106406487,7.623942396610679,0.4178079389387842
0,46,146.4045,0.6302695643010244,8.926200217547956,0.5176381190725534
0,47,149.971,0.6209995762351328,9.75810095951884,0.6491744609897803
0,48,196.12,0.7684838114241825,12.175201917193553,0.7845734792562775
0,49,282.7035,1.268399794809851,16.965154615171016,1.174927723515085
0,50,406.557,1.5757272506436784,23.500684408336344,1.4913413477772448
0,51,407.2745,1.72268341396115,23.27060778357103,1.522945624019866
0,52,282.442,1.2971305578894046,17.272663541541274,1.1012699615482695
0,53,195.8835,1.0259137839532317,12.922374410044746,0.7965036267484304
0,54,150.2245,0.7251012542723654,10.098313522428098,0.611373127438887
0,55,147.1665,0.5669791952926864,9.265660172321823,0.6352706929741099
0,56,116.5885,0.5611516705565559,7.279664527376199,0.4409164227588602
0,57,104.9565,0.4426661299801174,6.599254050487582,0.37546053254306755
0,58,86.638,0.40843900530266813,5.907915187331194,0.32018401264683055
0,59,61.153,0.3365483464135306,5.084895115529901,0.34764009876170504
0,60,70.6085,0.31055915192134576,5.184619808521636,0.3078724914973465
0,61,64.848,0.2792335374217263,4.569730693313595,0.25468966654868624
0,62,59.1635,0.32225951866224234,4.060573964522045,0.23521884241275204
0,63,45.6445,0.28954999113870195,3.5986837351707215,0.21201172291370193
0,64,36.7215,0.190836489669752,3.3136156679329547,0.15345459394342786
0,65,42.521,0.2342377334877412,3.4762249006373325,0.18598009957890987
0,66,33.95,0.18618185789846878,2.930441826215022,0.13000334417418766
0,67,36.3405,0.17050308686818297,2.772514405415446,0.1553387301827855
0,68,27.407,0.1899613534103025,2.6662659539533693,0.10273069476711327
0,69,28.123,0.1816736518856639,2.6972183266365604,0.12342591807277835
0,70,28.5325,0.17491783785537693,2.633801585910803,0.13497499808587798
0,71,23.2045,0.15495580864097783,2.40404575621108,0.13258307631047747
0,72,25.016,0.19189004526989964,2.3581605372561563,0.162219477238292
0,73,13.879,0.08317989382562344,2.166608473232942,0.1776186791154192
0,74,16.7465,0.11851554417259494,2.066535559669185,0.12500991165553188
0,75,14.1465,0.10441384007879391,1.9587203725303082,0.0979760936890145
0,76,20.4595,0.11770720811447781,2.1369221999560106,0.10598560137171278
0,77,16.261,0.09173158785569119,1.8738625545784393,0.10916145693053692
0,78,11.8955,0.08569982804134238,1.7191862258837372,0.06547093624248519
0,79,13.3975,0.0811719260517283,1.7702924986004853,0.06806644714404696
0,80,11.761,0.09232921645138342,1.66209327438143,0.05769364190460283
0,81,13.2445,0.11164434838501995,1.6455675752199028,0.05540809563153868
0,82,8.5575,0.07182901847259855,1.6337357581069238,0.0869028838977478
0,83,8.1605,0.06378613526959928,1.5393345689602353,0.05265594820119031
0,84,7.1655,0.05624885963756337,1.4745809434093922,0.051300760790401086
0,85,9.841,0.07695487399495134,1.6577298038817196,0.06584236515116307
50,0,24.3935,0.1990084301308832,2.6779124664357306,0.1773572724595061
50,1,22.154,0.15501510962008366,2.566501940958743,0.15828448086960165
50,2,18.6745,0.1349083021907838,2.4696537926048894,0.12584708381902474
50,3,21.7945,0.12411894761838514,2.4364068801761913,0.16225600105016852
50,4,19.282,0.13807053879887052,2.4424061819313345,0.13901414684252353
50,5,25.7465,0.15105641156099206,2.5996635562115236,0.1461257554575847
50,6,18.7345,0.13332681453362777,2.5502687421601857,0.13616824336700623
50,7,20.857,0.17918103165587376,2.463132329673491,0.14440011330175784
50,8,30.639,0.22761104866346987,3.042321191944907,0.21011234740086254
50,9,28.5515,0.19626951797008765,2.8307215995656967,0.2144129143440006
50,10,25.0195,0.19402587320686018,2.8658893962709087,0.1856779984034724
50,11,27.4645,0.18895066886136655,2.9277700213002245,0.18063770362399909
50,12,27.8605,0.2353054845358092,2.800704931713358,0.1891122043049064
50,13,31.8685,0.1916689511686895,3.0874125782512514,0.18153784093470574
50,14,27.5095,0.19436329927551643,2.7727843017866554,0.1831858385230921
50,15,27.487,0.15645093395963466,2.6527751664423183,0.14320026350421833
50,16,7.446,0.0544416636119992,1.6015423045930701,0.07222529086791385
50,17,6.8005,0.059073883266723685,1.5077861554297476,0.03925176239474554
50,18,7.9955,0.06620333510441385,1.622347539240823,0.07804422509009075
50,19,8.9875,0.07990742999509433,1.585239916550765,0.0534448564342814
50,20,9.6055,0.10348525193679133,1.5958429805840402,0.07997449949325704
50,21,12.3185,0.11371079428463324,1.7196945853797134,0.08394085119321895
50,22,9.8125,0.11037227674413691,1.7836783439490447,0.08076076665580613
50,23,10.392,0.1227033221357841,1.824416474210932,0.08823096889412455
50,24,12.5435,0.10506708383344034,1.854196017857855,0.1083074215129469
50,25,13.9695,0.11067609212662426,1.96360426285837,0.12470405449579447
50,26,15.824,0.12403607285149328,1.8938336703741152,0.08179945350819368
50,27,10.784,0.11391224692718449,1.917502225519288,0.09329945303865964
50,28,14.551,0.13733343978875076,1.9990652876090989,0.09741176260648236
50,29,20.811,0.1610588320099864,2.2391177262024895,0.13156183383662953
50,30,21.2135,0.16027488722093736,2.326957727390577,0.14055839945067491
50,31,22.6285,0.16495497790864747,2.337825651280465,0.14215222489916177
50,32,21.2205,0.13119787185372733,2.4639796305459343,0.13803016384444552
50,33,24.6025,0.1928469191107963,2.5667104460928774,0.13802116467052486
50,34,24.2325,0.19066900915626278,2.491589549159187,0.13061285542823514
50,35,31.617,0.19465367356302166,3.007632318056741,0.1973031808766348
50,36,33.641,0.1423355930631244,3.0424814660681903,0.19191325261496336
50,37,27.4045,0.1640241878825386,3.1548789341166597,0.18920475623317765
50,38,38.918,0.2765840502308605,3.5712337735752095,0.2641152735683721
50,39,44.9005,0.3404783593092152,3.6541152047304593,0.2373916793318205
50,40,49.1725,0.35042821548860104,4.118618002948803,0.2965542599418022
50,41,56.8795,0.34789023904250577,4.530014851572182,0.31809883712428577
50,42,53.768,0.3488957015016298,4.697295342954918,0.3446172398105768
50,43,64.61,0.36159951676726193,5.337670639219936,0.3686828988240824
50,44,67.0305,0.38654847520615854,5.612916056869634,0.44525606120924
50,45,84.129,0.5125754886638113,6.099387357510491,0.4803399104562839
50,46,87.842,0.5107072495440436,6.86242385191594,0.6012598689011383
50,47,126.4595,0.7349964106607699,8.937322698176095,0.6620700302443192
50,48,122.9065,0.6909037845269703,9.240697259705547,0.7266490334610735
50,49,145.094,0.7802507694055075,10.566592443519374,0.811494959147348
50,50,201.03,1.2212497912513856,13.543252748346017,1.0487931155892747
50,51,260.3685,1.5408962318625974,17.580309091729607,1.3797650035960018
50,52,382.9075,2.0659761137611268,24.5386704197489,2.062148132129979
50,53,348.7725,1.8960314336446105,24.30167442602269,2.1230857424439926
50,54,312.9795,1.7355206218732566,22.245316641345518,1.8968980116016465
50,55,242.109,1.354608683055928,16.158321743512218,1.3723509730467442
50,56,198.439,1.1614450844575177,13.788294029903398,1.1266661022110576
50,57,161.4545,0.993691277642688,11.35565084745238,0.8606213873358419
50,58,111.8755,0.6893545703657922,8.664148984809009,0.6130612544418353
50,59,109.0335,0.6906005300499513,8.360360602475385,0.6309664002852254
50,60,92.275,0.5120482604722241,6.710380655648875,0.4889042064593322
50,61,88.7865,0.5715386780667776,6.5081731766653705,0.49552833193651447
50,62,77.206,0.4699442296138625,5.7128016475403465,0.4403022247215832
50,63,59.974,0.4379223675493167,4.88705645779838,0.38453122147649216
50,64,46.1745,0.29260128700655624,4.332977070677538,0.30750519091897044
50,65,59.3505,0.40638358532432867,4.555743418336829,0.30690878993760723
50,66,48.946,0.3228087261587109,4.201080456012749,0.30059431413706833
50,67,42.8435,0.3502482390353596,3.683826198839964,0.21912326668475007
50,68,36.9415,0.2213787835124963,3.5338055506679487,0.24430131410824013
50,69,29.519,0.23593252826758943,3.389872251770046,0.24248150306750185
50,70,37.4165,0.25423184093926476,3.1547052169497416,0.19288653561244837
50,71,31.516,0.21189421392462945,3.0535837035156748,0.20396841880397493
50,72,21.142,0.14265822240954942,2.3429588496830953,0.13092283113444594
50,73,22.271,0.13922700131345578,2.6809105563288576,0.1659887964965359
50,74,21.309,0.1658183851148765,2.506477028485617,0.11934626775398893
50,75,22.8265,0.18354875302448193,2.4567672551639546,0.15194258936490343
50,76,21.8375,0.14169254149668314,2.326873211219233,0.11606751124173433
50,77,21.2315,0.1576843532604224,2.2462335562725197,0.09970275366967218
50,78,14.7825,0.12556792039202913,2.004477845425334,0.10474488058515831
50,79,10.861,0.11149911493630364,2.0017198232206983,0.1183434918809527
50,80,14.797,0.1279413928328119,1.9268629451915926,0.08259515786311991
50,81,12.574,0.09009176608208735,1.8510039764593602,0.08028010066861384
50,82,12.1785,0.13792880505231023,1.8755706983618674,0.10233022307316583
50,83,10.7215,0.08674304158350621,1.684273445879774,0.08791481702358114
50,84,10.154,0.08993681992903388,1.6652830411660429,0.07516538012418361
50,85,12.828,0.07853460517839414,1.7621153726223886,0.06977522460518827
100,0,18.4695,0.12929866486875186,2.095241871734481,0.10508462563126622
100,1,20.273,0.16302582940329097,2.151998766832733,0.11285274807726646
100,2,20.721,0.13624069258407878,2.1002924086675354,0.11350758080207668
100,3,19.3615,0.1538544681457833,2.1701736823076723,0.13386963834269655
100,4,18.4625,0.12615962111547385,2.0853402166553825,0.11898876840499184
100,5,19.2415,0.15594411110867218,2.0001131798456466,0.06771158262853548
100,6,18.564,0.08866673262100214,2.133802197802198,0.09652953278941609
100,7,17.1115,0.12698171231778949,2.032730488268124,0.10641090286031821
100,8,34.566,0.22659771913192164,2.961367933807788,0.1403030021334792
100,9,29.599,0.20355899183748824,2.760404033920065,0.1911413777128915
100,10,32.7335,0.22180037848195153,2.9176372141689706,0.17183606995858972
100,11,33.0775,0.26711211424970466,2.9672282896228555,0.16059049793704552
100,12,33.175,0.2466048405210701,2.9670346646571217,0.16155293412309799
100,13,31.222,0.22164172132425536,2.9573607071936454,0.18567230562749829
100,14,30.4585,0.2037687995847528,2.939057332107622,0.14971759142834692
100,15,33.439,0.18760947681147253,2.9162438769101944,0.16301275874398719
100,16,7.0705,0.05664977818510042,1.329259564387243,0.054732835348165726
100,17,4.597,0.05524157473268993,1.3325192516858817,0.04093750035529307
100,18,7.313,0.09807650075323814,1.4013443183372079,0.0403860051717521
100,19,8.446,0.07508030788148716,1.4440071039545348,0.06480858637896218
100,20,7.591,0.06408423732622728,1.4133472533263076,0.05948126976564747
100,21,10.9755,0.0949500561237043,1.5085326181039587,0.05663515531185983
100,22,7.7275,0.07859581815579561,1.5751852151407313,0.09947952339387602
100,23,8.885,0.07779020368577068,1.5622706809229037,0.06509255195856459
100,24,8.4325,0.10238440208094986,1.5552260598873404,0.08135277435844805
100,25,12.2795,0.1130195022760987,1.803687426198135,0.0849600688062326
100,26,11.0765,0.09135608469350173,1.6387530131359183,0.07623253789615003
100,27,13.5755,0.10337584722493783,1.790158723435601,0.05986943364032715
100,28,12.316,0.09092043948304203,1.6357700552127312,0.07548486375595427
100,29,16.762,0.12170412785457303,1.834408543133278,0.07472752906110768
100,30,20.3005,0.12575765122689467,2.013310004679688,0.08258153755829294
100,31,15.1215,0.09919485077892218,1.9574604205931951,0.10700212468318182
100,32,22.7185,0.1577844549077227,2.2736649756806133,0.09362601811658035
100,33,14.582,0.12833467759605832,1.968267453024276,0.09307944844332385
100,34,20.064,0.12043867187996692,2.1261913875598086,0.09449597075344862
100,35,24.5925,0.15720733041700843,2.275630527599878,0.1027159581503377
100,36,30.362,0.2204309176900657,2.5360304327778147,0.1335819519418708
100,37,30.542,0.18590121881766997,2.591390085783511,0.15061672160261338
100,38,27.533,0.2007998479764569,2.746046961827625,0.1549153273146489
100,39,31.066,0.16110702555819875,2.991072040172536,0.13171220089902674
100,40,35.548,0.2732644757084449,2.9756581523573757,0.1358671635948956
100,41,46.227,0.27373931125491835,3.4714878966837563,0.21259132396691766
100,42,47.75,0.2775864019117591,3.62130890052356,0.169802056305784
100,43,42.584,0.24227040134614367,3.6592603794852527,0.2125204469596554
100,44,45.7385,0.27015227187643587,3.9476834122238373,0.1756842433703389
100,45,67.9675,0.4051210832643159,4.628954187663221,0.22611944507235202
100,46,78.6355,0.4544467283932856,5.249520124498477,0.29874286824537155
100,47,83.921,0.5715527787941924,5.524585729436017,0.3281576538416148
100,48,80.415,0.49921859994025586,5.647202325436796,0.2909326180257841
100,49,96.393,0.49780259245270847,6.423926540308943,0.4178228734715643
100,50,117.8375,0.6072781704587968,7.399444945369683,0.4183890439112806
100,51,149.7245,0.7144418045616139,8.939402701294712,0.5832052536723656
100,52,168.305,0.9116063035277777,10.596375479041027,0.6137508884091164
100,53,205.793,1.1530376585806894,12.705763320423925,0.7880432511292813
100,54,288.981,1.5241824210479413,17.33293413407802,1.0078526244376567
100,55,412.8295,2.289456896641402,23.741330088450557,1.3967979210429216
100,56,411.6455,2.236374589068576,23.709540927205566,1.5840997888410067
100,57,287.095,1.3005119437319534,16.976979658301257,0.9795942734248185
100,58,198.667,1.1213751191705266,12.57670428908676,0.7064194515980349
100,59,152.296,0.8501728616798105,9.836564217051007,0.5604550947894701
100,60,148.8415,0.7879962179310883,9.411457004598851,0.5609043211680621
100,61,117.9455,0.5775153108018299,7.456600970363431,0.42078657141767517
100,62,106.0275,0.47437985834138824,6.708643924925138,0.43210214409121683
100,63,88.2745,0.5184437618590143,5.9553002254331675,0.34102256359506566
100,64,61.996,0.3770036995490683,5.150912704045421,0.28560451672091763
100,65,71.5825,0.3919364039443669,4.959846243844515,0.2814659019245787
100,66,65.654,0.3653011735108701,4.720493557132849,0.2778888046137335
100,67,59.946,0.4018538618898529,4.450273312648051,0.24188516601861848
100,68,46.576,0.2464979982837491,3.7367147028512546,0.18535416519717265
100,69,37.106,0.24366867064239633,3.305227294777125,0.15186924197184518
100,70,42.999,0.25047102994579284,3.3694736854345453,0.18152829278276617
100,71,34.407,0.2028599465018584,3.0869401865899384,0.16525615076508388
100,72,36.5395,0.23039494123649476,2.994634293025357,0.1466593840440589
100,73,27.3465,0.24142044020208453,2.637867286490045,0.14220087711409496
100,74,28.423,0.1910760388734792,2.6696362452943045,0.11862259347413778
100,75,29.093,0.1821004638856506,2.507178737153267,0.13346433378774783
100,76,23.328,0.14245331645286904,2.2284557613168725,0.11949262511500652
100,77,25.388,0.14407161961659048,2.1988914447770593,0.08330733646668426
100,78,13.974,0.1015703023318795,1.9323260340632604,0.0742358135047328
100,79,17.129,0.11921210641453318,2.069610543522681,0.07939539720870932
100,80,14.1855,0.09441920801460495,1.9379711501180785,0.08263298171421407
100,81,20.5325,0.18371441653312268,2.087468342871058,0.09300946395596327
100,82,16.6905,0.11282141220810796,1.8751211617387138,0.06772565124444281
100,83,12.1035,0.09517373310784993,1.852669702978477,0.09284592421447208
100,84,13.4775,0.10504103208295679,1.8522347430903359,0.0808401822984161
100,85,11.864,0.11377123861873942,1.7369777478084965,0.07966049411587242
150,0,16.52,0.1245560537521778,2.157966101694915,0.11348847910436959
150,1,16.9275,0.13350906730492842,2.006689927632551,0.09960158818834401
150,2,16.549,0.13135909000261536,2.129711704634721,0.12960574894842034
150,3,17.655,0.12948582527585029,2.0729524214103656,0.08027078723582406
150,4,18.2785,0.11058760518725778,2.1216695981617746,0.06136143097136569
150,5,17.25,0.11161729728241546,1.969942028985507,0.08679870251568536
150,6,14.7035,0.11478188698112332,2.0426148706090386,0.08706489112376894
150,7,17.587,0.14005656751921225,2.0602962984022284,0.09208032187887617
150,8,36.5935,0.24427796397590207,3.410612752264746,0.1773913863879882
150,9,37.7025,0.2615629892940113,3.4357401697500163,0.16167441557428655
150,10,42.314,0.2684030747333489,3.470090371980904,0.20379182943629112
150,11,43.3875,0.301132839195772,3.6864613944108324,0.1625908226728371
150,12,42.7545,0.2757520577773115,3.578552661123391,0.19396645910568694
150,13,34.9555,0.25267044794189425,3.304416179142052,0.16644081174780748
150,14,31.7995,0.19201216381425276,3.1937074403685592,0.18446958903716784
150,15,34.134,0.24696409285135956,3.093192828265073,0.14633467634193487
150,16,5.879,0.06694027188471847,1.3319202245279809,0.03774386623700452
150,17,6.0275,0.06607362321085901,1.425092285358772,0.055156232799195945
150,18,5.1245,0.03205648797127708,1.3780856181090835,0.05718605841362127
150,19,7.8985,0.05848200352965084,1.4294103627271,0.05923999808815929
150,20,6.337,0.0775957812201018,1.5119821682184,0.06261966133077788
150,21,7.0705,0.07788478332565511,1.4327883105862387,0.04983363319635489
150,22,8.1935,0.06259424473291707,1.521945169951791,0.051448231258090026
150,23,7.4545,0.07344699126796005,1.5805124086122475,0.04724277965154298
150,24,7.3715,0.07254499511192669,1.5515821406769315,0.06088248639880743
150,25,9.071,0.0944064560682605,1.5900076066585822,0.06121393071306487
150,26,13.367,0.08969861819037842,1.677288172364779,0.06158925605894406
150,27,12.105,0.0771652362415259,1.6226332094175961,0.04564301837970635
150,28,10.573,0.10614562985277422,1.7598289038115957,0.09892920505184151
150,29,10.3235,0.08339593262831964,1.6891410616554463,0.0628104644345741
150,30,15.637,0.0751948346490292,1.797290464922939,0.07884048463598425
150,31,15.9805,0.10464595699686301,1.896881809079816,0.06483809411210864
150,32,12.7875,0.0779638073926481,1.866458944281525,0.10454572053801521
150,33,12.8535,0.10556682842236911,2.048316625821761,0.1162391214260253
150,34,19.173,0.1131559240954502,2.0851234027017167,0.06902640952939831
150,35,21.5665,0.14015832213307117,2.2955313912781397,0.11830730791375078
150,36,22.2735,0.1319873897485341,2.273629997530698,0.09712769512439094
150,37,23.453,0.1440944500191309,2.443345883255873,0.12422303591000254
150,38,25.7515,0.18143909373903258,2.6855813350678606,0.12269816447974621
150,39,20.7065,0.1261458533436169,2.344015538598991,0.1382938317532585
150,40,28.9985,0.17140176717138295,2.673293368622515,0.1352467119704899
150,41,36.066,0.1743942901045009,3.1310276714911547,0.15588381060991488
150,42,31.027,0.18594721944964018,2.9868588970896317,0.14539033226361375
150,43,40.2845,0.19525890369887047,3.513027585051322,0.2035598987182571
150,44,37.777,0.29860914428837,3.5415271461471267,0.20619846944606274
150,45,53.1495,0.31731312361932323,4.06081242062484,0.2672567631339704
150,46,60.6475,0.37968122016682226,4.826732243703368,0.29244950176060586
150,47,56.6305,0.36632131064351114,4.751078831195204,0.294718769381759
150,48,60.8325,0.3430704047736861,4.9963168331073025,0.3088160972760125
150,49,57.7225,0.3846788647006346,5.0564250292347,0.31695630387933516
150,50,92.745,0.5535015333026863,6.4301684726939445,0.35013215050339874
150,51,87.892,0.45421916805830687,6.4686130250762295,0.3745828322703927
150,52,130.139,0.7686132077695995,8.567997902242986,0.48439918945600563
150,53,123.539,0.7377486735082369,8.497611920122392,0.440904730732626
150,54,156.3,0.7704885668061074,10.893550863723608,0.6999752376926144
150,55,210.8575,1.1122967880637027,13.348594163119643,0.8280908389895422
150,56,262.283,1.27706965148219,16.73049305902403,1.0434954739482702
150,57,385.5435,1.8594645911631162,22.90516143509098,1.3705141638290004
150,58,352.142,1.7102926188536733,22.905478006031657,1.5076972241356954
150,59,314.649,1.6781146846198736,20.745023181386244,1.4525467785538988
150,60,243.8195,1.1329085704271888,16.184722385822297,1.0962277797936482
150,61,199.8305,1.1275428513271493,12.673834923847961,0.8791655009099011
150,62,162.8435,0.8855974120986206,10.803360329088973,0.6703993395132425
150,63,112.4185,0.5761465799420702,8.075791420006494,0.5557788101949794
150,64,110.0725,0.5684683368491195,8.10013621703877,0.532156864097429
150,65,93.217,0.44193361016047505,6.52779976828261,0.3290198999950263
150,66,89.5585,0.48210136245835805,6.171056658496959,0.3461951271482781
150,67,77.3995,0.5178154898986217,5.489401091092319,0.3295234407478738
150,68,60.584,0.3677494856699696,4.735440776442625,0.3143900405564214
150,69,46.483,0.2800245290007753,4.094867177247596,0.19367897860101807
150,70,59.845,0.329271524493245,4.4258664048792715,0.20922670563958004
150,71,49.004,0.3299181716729146,4.007182760590973,0.2765970244886818
150,72,43.0925,0.25350788942358554,3.4868699599698325,0.15088235024471322
150,73,37.4215,0.22032186383609367,3.441706979944683,0.1702728478174644
150,74,29.373,0.19829417275192046,3.0983852858066925,0.17389208202419898
150,75,37.7175,0.1808399626887358,2.94994879697753,0.1315192332828283
150,76,32.003,0.19844010099828713,2.949941911695779,0.1465816471451806
150,77,21.336,0.14114456940911352,2.361319085114361,0.1264043339456651
150,78,22.6315,0.14079151252827837,2.6327776660848814,0.15499106662765222
150,79,21.093,0.17680512614621538,2.3183687005167593,0.09888711452983914
150,80,23.089,0.1416517226380109,2.338432976742172,0.11332395365283435
150,81,22.2895,0.14451092655829406,2.3218416631149195,0.11878030856249942
150,82,21.4775,0.12017284700752841,2.0983584565242697,0.10513155236797023
150,83,14.7955,0.1335772494811424,1.9780798046703387,0.08739692090593247
150,84,11.0045,0.11189862658486449,1.8222072561224953,0.08127765772127366
150,85,15.046,0.13592838671811588,1.9023583676724711,0.0919418042781623
200,0,15.0275,0.0833378507547501,1.9462148560971553,0.12277026163252878
200,1,14.2355,0.09685440782839654,1.973379210424643,0.07660392681990069
200,2,16.72,0.1441946783454865,2.1849641148325354,0.09373564729823666
200,3,13.857,0.11483878860568499,2.051638233383849,0.07275457241599491
200,4,15.399,0.10641008064632786,2.176556854341191,0.10064513496400393
200,5,15.4805,0.12566554399424143,2.0143806563095508,0.13274945529334853
200,6,14.2525,0.1320164961781599,2.1518150324504473,0.12656683880797479
200,7,13.5495,0.10214663093086514,2.0153916934204212,0.09569121143953921
200,8,43.0215,0.2220185803035385,3.8331773125065376,0.26649613527578053
200,9,41.881,0.2755242849168598,3.892190707003175,0.22497960046182472
200,10,45.5685,0.30068192233829505,4.078196731294644,0.21869094509806608
200,11,42.1145,0.26623740395210865,3.831967368720987,0.19549627487081966
200,12,48.1325,0.26977951523810534,3.9332663740715734,0.25523589419954035
200,13,46.9145,0.3185076013304253,4.09447377143527,0.24634522925620136
200,14,43.462,0.22495566814725593,3.6822179375086277,0.2177118387283354
200,15,42.9935,0.2771549775467662,3.686963325851582,0.17833080820046343
200,16,5.4335,0.0405571396790673,1.308287061746572,0.05555772939892618
200,17,5.649,0.06360196951601312,1.3400246061249776,0.052439974228672706
200,18,4.1615,0.04696177056646028,1.3765271536705515,0.051685839225145594
200,19,4.765,0.04971762368882047,1.334265477439664,0.064828787409935
200,20,5.274,0.04738642932539383,1.4197808115282518,0.05310352193175298
200,21,6.8755,0.07903854822340256,1.535888262671806,0.08265293522352032
200,22,5.8405,0.05515754946657687,1.4488587877750194,0.0634482645166146
200,23,7.8045,0.06939769069417356,1.5542673777948617,0.05355660769425935
200,24,7.353,0.05903656315770504,1.5360248878008975,0.0474284717003371
200,25,8.056,0.08535190313297678,1.4798738828202584,0.07442416160182574
200,26,10.6245,0.08539220659620203,1.626194150312956,0.06522195562513339
200,27,8.709,0.1040392132550844,1.613195430014927,0.06890900177439979
200,28,9.7785,0.10274975989215046,1.8135130899422203,0.06884958063991024
200,29,7.688,0.0784943846466266,1.659814776274714,0.0826384640005343
200,30,10.654,0.09773594931995863,1.8128669044490333,0.08425959112507583
200,31,11.389,0.08050465825031417,1.8203247870752481,0.06526000934255427
200,32,16.252,0.13665477055627928,1.8696465665764215,0.09003517474686713
200,33,12.611,0.06474606267240357,1.8703258266592653,0.11631369057670372
200,34,13.2515,0.13644022211403223,1.9670412972116362,0.1165426378984475
200,35,20.1635,0.1498038629956564,2.099276799662757,0.08074867326316375
200,36,15.3665,0.10474348365612553,2.0728973904272276,0.09329475894435796
200,37,22.3835,0.13153401601266912,2.302608070677061,0.12277186864413922
200,38,17.243,0.14373422110196885,2.2866062170156005,0.13430216556685975
200,39,16.7335,0.12034440708146595,2.406996608599516,0.15032189340581936
200,40,27.8825,0.1863399200103764,2.6100490899309605,0.13416091200765512
200,41,26.598,0.15936981157705357,2.600172794946989,0.13845486469854235
200,42,32.4405,0.2294071019411876,2.8955305790601256,0.14297438923124522
200,43,29.0545,0.16946584037094864,3.25686312791478,0.2055236839023722
200,44,31.091,0.24196443844847257,3.0957421440288186,0.15647497456593631
200,45,42.2015,0.22217972217861948,3.388099895738303,0.15627382958918032
200,46,43.0075,0.279739422922195,3.563505057257455,0.23573366006654475
200,47,46.201,0.23104670295715052,3.8614878249388545,0.28656394544501873
200,48,40.826,0.28561788975371805,4.003250967520698,0.2744542966849329
200,49,41.9975,0.2890455027008347,4.281290404190726,0.3214454615934078
200,50,70.2495,0.42490028241929906,5.415287649734163,0.3069606294394555
200,51,74.36,0.402072263732725,5.847221624529317,0.2828385166883619
200,52,84.5055,0.4437285057804019,6.369762556874997,0.3947227935280771
200,53,92.351,0.5052289215374488,6.872332719732325,0.41316906426449784
200,54,95.3655,0.572457985128031,7.872101648394861,0.7068941242570701
200,55,116.7145,0.6789254183518306,8.312360415800951,0.5356000302524543
200,56,149.6345,0.7255910385769413,10.896784563386117,0.7624998304906155
200,57,168.4565,0.9022414413121721,11.775562876766404,0.7328405551211228
200,58,206.007,1.0575100099065862,15.56692709956458,1.200785904914252
200,59,289.518,1.470802072626407,20.41771038760976,1.5798111922790912
200,60,413.3275,2.079445887097914,27.47636255451186,1.5783005344749381
200,61,412.704,2.3076524184136513,27.534570500891682,1.4890175538160506
200,62,286.6205,1.4753359073355405,19.25619583996958,1.1554883008797114
200,63,198.3875,0.9599347222872266,14.058936897485982,0.8875826488870814
200,64,153.0625,0.9288719460212208,11.507904246631277,0.7814937022417001
200,65,148.936,0.7780824607902942,10.227479615405274,0.4970572404665888
200,66,117.8935,0.5846718715385799,8.425571874191537,0.5428261780760968
200,67,106.098,0.5554706870848525,7.705295066825011,0.3854514635330617
200,68,87.813,0.4761645558108331,6.566955131928073,0.3971618361561574
200,69,62.418,0.4034454244706646,5.780596558684995,0.4388214684673978
200,70,71.49,0.46528429339943667,5.6922352776612115,0.325050872316738
200,71,65.647,0.3790515171207974,5.120651225493929,0.273268606470478
200,72,59.7345,0.34913990183396526,4.870753245611832,0.29423967245928284
200,73,46.4415,0.25115865713255986,4.148543387918134,0.2899779245038059
200,74,37.0855,0.21533019320398009,3.459146829623437,0.18754485949423189
200,75,42.6495,0.24910204524927032,3.755768526008511,0.2018035444558756
200,76,34.6085,0.1919268980902007,3.345456397994712,0.18218756233342231
200,77,36.6695,0.20635875123320388,3.1273202457082863,0.16242662600660804
200,78,27.539,0.18846596788978226,2.994207451250953,0.22703243453293848
200,79,28.4465,0.18768012400722786,2.8671765507180145,0.13845924415256133
200,80,28.6965,0.194853892631594,2.6966838377502484,0.14414975312746112
200,81,23.493,0.15572766376966668,2.6451262503724515,0.10270307771428157
200,82,25.251,0.13221971347563313,2.4863173339669715,0.10008812887783324
200,83,14.123,0.13135548392775473,2.1598719110670537,0.10373392632993345
200,84,17.2355,0.12025515636170996,2.2750741057700674,0.10753162993873737
200,85,14.61,0.0977698694303153,2.067891854893908,0.10938569816021138
250,0,13.8735,0.10135730181678525,1.9827367102749849,0.11232476771515243
250,1,13.843,0.09209291646569749,1.9665066098389077,0.1405626039785284
250,2,13.43,0.11312080175402527,1.9370886075949365,0.07781806750610011
250,3,11.823,0.08075987800100208,1.8183769770785758,0.08760073172538074
250,4,10.739,0.11747765745025633,1.942162119377968,0.11116120940980617
250,5,13.3885,0.12989727722927447,2.0199848937521008,0.101235366929804
250,6,13.673,0.08714506961323065,1.9531976157390478,0.10669918293717362
250,7,14.0395,0.09316785926487739,1.9316884326364896,0.07925201016611079
250,8,47.972,0.36618344554263216,4.604023513716335,0.34722871600481403
250,9,54.5585,0.3097853883612103,4.451214343319556,0.2694527850674745
250,10,46.247,0.3240744716232612,4.528509762795424,0.31014422069722136
250,11,55.387,0.305167857174752,4.375579666708795,0.2771196773595825
250,12,56.387,0.3581576395064667,4.586114370333588,0.31891477223368336
250,13,53.885,0.2331223983910138,4.6876825647211655,0.3841756627279872
250,14,46.2205,0.2837915051953713,4.046210658690407,0.3784880331576586
250,15,56.3335,0.33192918949996514,4.330660756920838,0.24583990094548192
250,16,3.78,0.052440442408507516,1.2533333333333336,0.05168026898736277
250,17,4.9075,0.05609144319769288,1.3491479877738157,0.0505752255081655
250,18,3.9615,0.04287850031745126,1.294968509403004,0.05017209379615342
250,19,3.6415,0.04363891913370344,1.3917280653576822,0.05967179278841674
250,20,5.06,0.06560648234980872,1.446126482213439,0.047751444893451456
250,21,6.042,0.057269446249149404,1.427877523998676,0.06611443779805468
250,22,7.2705,0.07044772231199142,1.5196107214084313,0.05945332966490977
250,23,4.752,0.05406428921590505,1.517781144781145,0.060074409143640616
250,24,6.901,0.0832146874687774,1.5119836255615131,0.05076951936108614
250,25,6.008,0.056854384638579496,1.4184314247669776,0.0628822435259695
250,26,7.2435,0.07139318484354962,1.475006246980051,0.05981828636761336
250,27,7.854,0.05722715586521037,1.5153659281894578,0.08863369306521669
250,28,7.3385,0.0737751741156165,1.699109865776385,0.08620412213432321
250,29,8.138,0.09186259762332794,1.552464487589088,0.06027859214744676
250,30,9.1025,0.11195834516743987,1.6932703927492452,0.0914534248895785
250,31,11.4825,0.10678033280377065,1.7269491617679078,0.08918547403579088
250,32,12.073,0.09642586462366351,1.8177479499710096,0.06500687390140945
250,33,11.1515,0.10446423462501202,1.7780162085818048,0.10357713740963974
250,34,10.3055,0.09613169420944875,1.855627553248265,0.12260132804645257
250,35,15.469,0.14327173298904472,1.8237791066002973,0.07554413912606636
250,36,16.2205,0.11895261108614025,2.01725469313523,0.09771355616456817
250,37,15.29,0.1352327428430037,2.076775670372793,0.129876451125872
250,38,11.1875,0.095061960403673,1.9891256983240222,0.14063615236146992
250,39,20.04,0.13437966638164245,2.2661876247504993,0.13778198304157335
250,40,19.1365,0.14831203769861667,2.2739198782431482,0.14930362357129123
250,41,24.558,0.20490125991752478,2.4091797377636617,0.11869952034425736
250,42,23.161,0.16726263621527698,2.561637191831095,0.1008028900774017
250,43,27.101,0.2135389770904643,2.8359764953322757,0.18745526120377387
250,44,27.48,0.1973402085099176,2.8401965065502184,0.22579390279789668
250,45,26.6345,0.15254589473335525,2.909230875368413,0.16709135066248884
250,46,29.767,0.19508176423449292,3.106450465280344,0.16365657580922346
250,47,32.9525,0.196086547755136,3.1981562476291634,0.2089687619323186
250,48,39.539,0.23129941861714703,3.4215958673714555,0.25232506992372505
250,49,32.5945,0.18936107947794276,3.3943784917700843,0.27105229610506526
250,50,56.5515,0.3056866946125674,4.444043884777592,0.3037296439778658
250,51,62.732,0.40106739163335087,5.113182681884844,0.35072656207012753
250,52,58.597,0.3922566962965388,4.7493487891871595,0.31773599016075915
250,53,65.5155,0.312459239446986,5.370175908754417,0.4238883254386201
250,54,62.2175,0.39313709608200315,5.61589896331418,0.42039803569384476
250,55,88.3335,0.5585183759875681,6.697439564264973,0.4266208427208173
250,56,88.1,0.5235973744455904,6.989432463110103,0.5600905605780067
250,57,129.7815,0.728686011003082,9.199961148160563,0.7334126751673056
250,58,123.79,0.7671286175013136,9.503335487519184,0.7836733488626489
250,59,155.917,0.9043867069951377,11.339617302795718,0.9014994537300995
250,60,211.4675,1.1720799943510265,15.159998315343966,1.1979232590507254
250,61,262.9695,1.632213297948559,18.360914743915174,1.6449376124243629
250,62,386.757,2.2181883432918696,26.600131221930052,2.2246518199209
250,63,352.9655,1.988952180500008,26.0708179970847,2.3231217804659274
250,64,315.5155,1.687825988006324,22.98080683754047,1.7881699182610797
250,65,244.7175,1.43134476243404,16.860807640442548,1.3047375092017912
250,66,199.6075,1.019647739740498,13.831601737159179,0.9545655973356799
250,67,162.247,0.784308646281283,11.66979353085111,0.8456121788526375
250,68,112.171,0.6671312898483633,9.05513688029883,0.6908720230174408
250,69,109.63,0.6307677026741634,8.391718507707745,0.6326715757844081
250,70,93.339,0.47733961208259157,6.997943828410419,0.5710478661994399
250,71,89.343,0.5701703808142716,6.775901312917632,0.47579500208752473
250,72,77.448,0.42557614199057503,5.984341700237579,0.44711307318252297
250,73,60.6315,0.3721164751158314,5.406343365247437,0.4575989058515022
250,74,46.4425,0.35717154584022137,4.651573316466598,0.2975287973334778
250,75,59.939,0.3035950384449931,4.661293631859057,0.26650916329529406
250,76,48.9475,0.3154769780573729,4.221170514326575,0.2772691790630441
250,77,43.214,0.2683501247879044,3.7547601240338784,0.25164141762917697
250,78,37.4845,0.2321699411615323,3.65072922808094,0.2653804475283964
250,79,29.7005,0.22926481470814047,3.237379833672833,0.1917413946339749
250,80,37.623,0.17420360138884003,3.366075831273423,0.21006367594007264
250,81,32.0545,0.2174535340565487,2.9080637585986366,0.16833376423042587
250,82,21.237,0.11002416002621138,2.5245953289070964,0.12902621731841127
250,83,22.496,0.18247912641983902,2.7307514224751066,0.17447221514072292
250,84,21.554,0.14901854352995736,2.4420100213417464,0.15255947795548153
250,85,23.213,0.137276325248325,2.4405131176495924,0.10412618854841107
300,0,11.134,0.09459442511669486,1.7010996946290642,0.061907216165337405
300,1,12.429,0.11376545586147244,1.8874373642288196,0.053839379549785966
300,2,11.142,0.08626336662252769,1.7844045952252738,0.09682392140498276
300,3,10.8875,0.07394121064453187,1.8410878300803672,0.08323427074453126
300,4,11.7465,0.09654907396868498,1.8581056272081047,0.07322793020059772
300,5,12.118,0.08760136985230334,1.8846406997854428,0.07715852276090421
300,6,11.4825,0.09238043481626404,1.7414059438275635,0.09547286961716017
300,7,11.549,0.07939209824131004,1.827655987531388,0.06220135278767222
300,8,58.567,0.2457824241071783,4.767847268939847,0.2755392588298242
300,9,63.87,0.3706516310215676,5.14672146547675,0.2738580364789196
300,10,51.2575,0.24785169058595585,4.6366325659659555,0.27027603118636845
300,11,69.635,0.3187380544717222,5.434993537732462,0.28530753848759244
300,12,61.947,0.2978626493784275,5.1619318288214115,0.25320031457504266
300,13,58.5315,0.3504923416837363,4.855300269940118,0.2830128437687797
300,14,58.7495,0.21809157299291942,5.054898335304981,0.2515063507962073
300,15,54.932,0.26901731503654586,4.528514818320833,0.2547136408312328
300,16,3.9245,0.040369836316370394,1.1825200025480953,0.04498335868895247
300,17,3.265,0.06991536236576941,1.2838514548238897,0.042002019560039926
300,18,3.9895,0.04767474781210059,1.299007331745833,0.055152902218148725
300,19,3.731,0.0473836525218959,1.2649796301259715,0.055244600906672464
300,20,3.994,0.04504617513992578,1.2931807711567351,0.04897314437799596
300,21,5.5865,0.05017482593786208,1.4245981831200216,0.041740850036809045
300,22,5.14,0.043588989435406914,1.3236186770428016,0.028935127960251713
300,23,4.449,0.04658269387252169,1.4172620813665993,0.0475946456228432
300,24,4.6225,0.04605988664656862,1.3583545159545705,0.04479832555525782
300,25,5.2785,0.05043638515366061,1.440359524486123,0.07132559039829635
300,26,7.213,0.056819659310932975,1.4550992652155832,0.053696277025573336
300,27,5.8825,0.08372849291797756,1.5577889927751802,0.08605523314721092
300,28,6.8335,0.06578783682174257,1.481345979366357,0.04896942693013264
300,29,7.8155,0.08403155735543008,1.6268261467596445,0.05552334554648278
300,30,8.291,0.06418681615737824,1.5177082378482691,0.06435979156969511
300,31,10.2005,0.09999072325392114,1.5885789667173178,0.05098527472467823
300,32,7.8455,0.06986255302942702,1.6281473137467337,0.0850662939626083
300,33,9.789,0.10310929306221356,1.7321972622331188,0.059959517069071426
300,34,8.7205,0.08072524877306775,1.718408319477094,0.0605198736412628
300,35,10.1695,0.09932264012855006,1.8307458331284725,0.10619298087778876
300,36,13.0595,0.09912372651335721,1.8208170106053063,0.09296270846358566
300,37,13.5905,0.10481682016486432,1.7945483793826569,0.0817888849872464
300,38,14.0745,0.11138240199279426,2.0141354755053467,0.08476357480690726
300,39,12.9075,0.11635896138560556,1.9583144489637807,0.08611538468122643
300,40,18.229,0.12536871934208096,2.0285017828734433,0.0956604290159294
300,41,17.2135,0.10875921013630709,2.0914931739622973,0.0833904372508227
300,42,22.8235,0.1713986964883196,2.2820052905996016,0.09705669802800884
300,43,16.2785,0.13707906861600586,2.171387888933255,0.13229583086529453
300,44,16.8845,0.12406168881479539,2.2523118688738197,0.12586088480954558
300,45,26.241,0.14111193765010935,2.5503570366982973,0.11034398671465949
300,46,22.177,0.16471043171514443,2.4023840465346984,0.14037354835037597
300,47,32.4675,0.22310709606776133,2.9503640178640183,0.14413981448296306
300,48,26.0525,0.12099342087376914,3.070482439305249,0.17297264677967145
300,49,31.8185,0.17983365852042857,3.539373564121502,0.17630229515468052
300,50,43.279,0.24937595798523282,3.5896892026155864,0.18511673564244893
300,51,47.723,0.22695362382746942,3.8400618360119854,0.2192913683821494
300,52,47.421,0.2416259614841859,3.948836148541786,0.20916917768624244
300,53,38.953,0.27167230647466534,4.083787923908299,0.19575429969859323
300,54,44.6255,0.26320341843084644,4.3923597438684165,0.25678354056511404
300,55,68.535,0.30617461478188995,5.116944262055884,0.24010088513686365
300,56,73.817,0.39422682490373684,5.839027744286548,0.40679237009028213
300,57,83.567,0.42626103936932525,6.208138511613437,0.30050201853684727
300,58,91.4595,0.4553017940709347,6.852938839048979,0.43077559714517116
300,59,94.63,0.4265528905318201,7.4178706541266,0.40238921107019926
300,60,116.0925,0.5734575994971631,8.503201703383079,0.46177224199324574
300,61,148.2645,0.6638886538696342,10.57254797844393,0.7101574618354262
300,62,166.9325,0.7544115430690274,11.885971537897053,0.5754907385147147
300,63,203.3025,0.8269868817772102,14.835267612301864,0.8827249851903051
300,64,285.9785,1.1806735978825245,19.417694119488004,1.1179764165662438
300,65,408.7415,1.6483197625077688,26.211822576738598,1.554808446732479
300,66,408.9975,1.483018769622474,27.341777134945815,1.7050155191004575
300,67,284.27,1.2719442225440305,19.923502655925706,1.4978178395484054
300,68,196.512,0.846671066434201,14.361040832112034,1.039512128067535
300,69,150.316,0.6228235367218795,11.523491471300458,0.7111985805099521
300,70,146.5115,0.5571767531138859,10.297136182142696,0.7288775234084863
300,71,116.889,0.5142392951064505,8.250593973769988,0.43617145054339085
300,72,104.688,0.4097872361938215,7.417456212746447,0.4732204723034237
300,73,87.177,0.38898592857785125,6.688813230553929,0.40451723931962374
300,74,61.796,0.3168972936723202,5.726153537445788,0.432908163871991
300,75,70.416,0.3655539415880088,5.603952851624632,0.3014267874807988
300,76,64.6245,0.25630827963708547,5.097037497388761,0.2608554623261747
300,77,59.2915,0.27828731366587384,4.8161798529300155,0.27571156969262584
300,78,45.7375,0.23821139992164908,4.0204775895053295,0.25012941809194444
300,79,36.7785,0.14910129901654712,3.767348797531166,0.22191236754146754
300,80,42.636,0.2496464868990772,3.8279037433155083,0.24937068191733233
300,81,34.114,0.20390193721492839,3.297326728029548,0.16938511512988455
300,82,36.3445,0.20407619191190426,3.1230535500557175,0.14372008742875667
300,83,27.1445,0.18848631808506278,3.1501269041610636,0.16916185952441717
300,84,28.2685,0.14815758857591854,3.0265634098024305,0.18015898852658344
300,85,28.871,0.13519946278311165,2.698706626026116,0.12525996532329176
350,0,12.472,0.06927671439881354,1.7730288646568315,0.07503764659212149
350,1,9.17,0.08864773574452772,1.610916030534351,0.05744098335485816
350,2,10.9455,0.10223418678391565,1.7139947695399933,0.06501602110041364
350,3,11.053,0.09867837175709585,1.7340261467474893,0.07713381794889766
350,4,10.058,0.10924525763523818,1.645420163054285,0.07454634796261726
350,5,10.84,0.06156297588648539,1.6223616236162364,0.05511126317047608
350,6,9.335,0.10032971958287776,1.5753374397429027,0.06581199855023155
350,7,10.1635,0.07757602383265132,1.6395698086289168,0.04730351491593691
350,8,75.278,0.3983522641027469,6.002520205106405,0.39958206951202485
350,9,69.5955,0.35851996567761446,5.379670808457442,0.31404210723881754
350,10,76.7095,0.4201681837450184,5.8420288197680845,0.34458344642417305
350,11,75.966,0.4079282702684562,5.719938446146961,0.40354247758278117
350,12,72.3485,0.35735598866057405,5.778613900080858,0.39899120348717537
350,13,67.0305,0.389504053759052,5.470548030374231,0.34381028697456406
350,14,68.585,0.3083107625688539,5.310531092804549,0.3216261121040739
350,15,70.0055,0.43760260450971555,5.295204944611495,0.29866646278700704
350,16,2.4985,0.03574231606785922,1.2119262557534523,0.028699827833046088
350,17,3.4095,0.051106055877639514,1.201879967737205,0.03782643693919153
350,18,3.1655,0.03643649847409366,1.2131131732743643,0.04995743207681501
350,19,2.479,0.04031389991449351,1.2696889874949577,0.04642148553278555
350,20,4.8485,0.050965803808973205,1.270815252139837,0.04259688498008602
350,21,3.3605,0.05609425807935864,1.29044479988097,0.05119810113152629
350,22,4.7975,0.05908011955231473,1.294943981240229,0.05611241677563972
350,23,4.1985,0.03563909001141979,1.2357026914374183,0.04955294292078574
350,24,3.693,0.040321732418922174,1.3619688600054156,0.04060018747198831
350,25,5.19,0.05509799881741775,1.3136608863198458,0.042139108983974743
350,26,6.416,0.08216286778165266,1.3114002493765584,0.03631215812892088
350,27,6.531,0.07100370635248206,1.3786616138416783,0.05981782740370142
350,28,5.242,0.05994119925744756,1.526027470431133,0.07081058983907455
350,29,6.22,0.06942242925892582,1.5050803858520903,0.06305503470093357
350,30,6.3675,0.0653245943851086,1.3497359638790736,0.05994414000127576
350,31,7.2635,0.07157724939936547,1.3968565774075858,0.04782421491893629
350,32,7.323,0.07167213361441235,1.5001599071418819,0.06536843302913571
350,33,7.2005,0.04291040237027527,1.5154919450038191,0.08245345664956258
350,34,8.6415,0.055032406720710365,1.5096890296823466,0.07440123980198383
350,35,9.354,0.10365529920188132,1.6981701945691685,0.06657851446331839
350,36,10.5215,0.07955889906888257,1.6163605712113296,0.0836279317449116
350,37,13.113,0.10032867040513868,1.7713132769007855,0.052296119293950026
350,38,9.161,0.0784886850712291,1.6515750463923153,0.07673452548089102
350,39,11.242,0.11647588410888933,1.7367404376445472,0.07490677028264787
350,40,15.81,0.12799876644142497,1.8597027197975964,0.07083875376412026
350,41,16.907,0.1136687245787892,1.9057402850890164,0.10067067991671602
350,42,15.412,0.0794275571958827,2.0021577991175707,0.10416517754938849
350,43,10.8205,0.11697609967312574,1.977383646781572,0.11326893404576895
350,44,18.3855,0.12280595519590695,2.135318035952245,0.12938446033885082
350,45,16.3575,0.09175733155850364,2.125000382087727,0.10422303903459437
350,46,24.6235,0.15834717852670646,2.545769194062583,0.15105336343115758
350,47,23.6225,0.18651495636374146,2.6263940628637954,0.13258678712944127
350,48,24.1365,0.1324988083362508,2.51100481635697,0.1300348267269556
350,49,29.2995,0.16746480384342177,2.7441696871960275,0.15586547199768028
350,50,28.175,0.19306870879505342,2.670075421472937,0.15844620090907216
350,51,32.6085,0.20581068843401829,3.0986469095481244,0.14851202125161408
350,52,33.0425,0.24585176856240695,3.2276218128168273,0.1880572725821535
350,53,39.562,0.2427274841853463,3.5056406652848704,0.22961550666619304
350,54,33.4515,0.1972552113913665,3.5754644111624287,0.24629945369692557
350,55,52.619,0.26951701440286224,4.455136718675764,0.2969857527467963
350,56,62.007,0.3818742559644732,4.885350863612173,0.3023116809447617
350,57,58.144,0.31876356524282035,4.293190423775454,0.268073850441524
350,58,64.932,0.34571938727361373,5.160727776751062,0.34764270923682244
350,59,61.6115,0.2939058880877182,5.372399109744122,0.3178094267377947
350,60,88.0565,0.4818387342145453,6.595257678308814,0.3944431093767111
350,61,87.1485,0.5458538820291706,6.8220502676466035,0.49448929437163797
350,62,129.152,0.6753426420792215,8.952040200693759,0.5063763514712127
350,63,122.7565,0.6694747646672848,9.070128325180335,0.6523686461563314
350,64,154.818,0.7898746069705184,10.858497564882637,0.7572306587385469
350,65,210.1925,1.1388156070418594,13.93934342923749,0.9811441757426465
350,66,261.808,1.3202255788111967,19.318917435678056,2.181419846489562
350,67,383.9475,1.9355624607523771,24.62815031677508,1.8094429069308138
350,68,349.846,1.6566733312019624,23.777354275881386,1.7329373622664574
350,69,313.8705,1.5722530724041186,21.995392143415838,1.3759560817605527
350,70,242.348,1.1259612501512155,16.24180061729414,1.0071852411516742
350,71,198.6415,0.8524433227030801,13.47735985556895,0.7936268730539074
350,72,161.5545,0.7549916259556587,11.162140514501298,0.6290079223347435
350,73,111.509,0.5785416784331215,8.34177437695612,0.5762455751954826
350,74,109.316,0.6430852444108337,8.113845585275714,0.5140969880261285
350,75,92.557,0.5592424857740455,6.697038052227275,0.3668745822990724
350,76,88.7925,0.49789444823069173,6.503876383140466,0.3874580051372915
350,77,76.9685,0.45662046603278406,5.7998078142356935,0.31158398033010953
350,78,60.249,0.3577987526088079,4.732759033344951,0.2877806545462502
350,79,46.3415,0.2910039563847542,4.106338330653949,0.2424301310584079
350,80,59.605,0.3378426136220065,4.736615636272124,0.2420197709434704
350,81,48.802,0.2800513110879983,4.032453506003853,0.23570676874422752
350,82,43.1365,0.2459987965310778,3.601819056947133,0.2207312220414296
350,83,37.34,0.2351293037324029,3.4907712908409203,0.20052242451369157
350,84,29.5165,0.19428719247005072,3.041103374383819,0.1603351488738434
350,85,37.5155,0.25455583091461703,3.1145729032000102,0.15165217963534147
400,0,10.1095,0.07127956450336606,1.7001345022008998,0.06976681123632889
400,1,9.416,0.09193075197067994,1.6465531011045027,0.09698180816738423
400,2,9.437,0.07045005696460388,1.6760655928790928,0.0926397620377985
400,3,10.466,0.09980085433660349,1.7764995222625646,0.07985153230632801
400,4,8.682,0.08903458819322332,1.7318447362358902,0.0728485271854721
400,5,9.6695,0.08289649538652653,1.7063208800868708,0.07695720550726302
400,6,8.6215,0.06992956983166712,1.6802456359102247,0.08270199791835636
400,7,8.583,0.10206834655475273,1.6566597926133055,0.09065297532577578
400,8,96.63,0.4665630210717291,6.801098002690677,0.419054186886057
400,9,92.1595,0.5175608151400415,6.8305824114714175,0.513983400950532
400,10,91.891,0.5373756404484357,7.090946001240599,0.4742513099211115
400,11,79.031,0.42906869772615597,6.222242398552466,0.42114922878889843
400,12,79.7,0.43600096571597496,6.572409033877039,0.4400525028951207
400,13,87.102,0.514357340459156,6.867989208054924,0.49458185579831215
400,14,86.4295,0.5727029518455784,6.836312020201436,0.5486087170270547
400,15,79.512,0.42202993159004526,6.290709025052822,0.43369813282720515
400,16,3.024,0.04105452087420476,1.2339365079365079,0.04724381448033801
400,17,3.539,0.0382643162063148,1.2476628991240464,0.03461160281733717
400,18,2.5885,0.04309277018370067,1.2289618504925637,0.051425844362566434
400,19,3.2415,0.046477357248902396,1.2346684405367887,0.04611421979875592
400,20,3.4295,0.030877303877392615,1.3471438256305583,0.06408890187155233
400,21,3.827,0.04426059195266134,1.3167157042069506,0.04801272692263265
400,22,3.2215,0.04364494906569804,1.2501746857054168,0.05976222494781632
400,23,3.639,0.04936917853756215,1.2760865622423745,0.06666039815663931
400,24,3.6605,0.04972807636484029,1.3613549378500207,0.058137115316435534
400,25,4.5555,0.054990310151210406,1.4031214466030073,0.07029903306175794
400,26,5.373,0.060363373349286,1.38486339102922,0.0865110326499797
400,27,5.891,0.08678133439859066,1.5578202342556442,0.1514159149894504
400,28,3.7,0.04517218520051354,1.5608108108108107,0.281639397467066
400,29,4.7825,0.06508243760194111,1.8614100888656562,0.35008545785673234
400,30,5.346,0.10486683284804064,3.7209659558548447,2.3977266900520067
400,31,7.1465,0.07885120898182064,2.9032446302385773,1.3157061052279022
400,32,6.1295,0.07574359448338278,1.7873773961987107,0.2574075422905014
400,33,6.315,0.053741584408508646,1.5849208234362628,0.12182589766034475
400,34,8.0615,0.06605131577636839,1.606861967375798,0.07284436963726998
400,35,8.239,0.08068424485871517,1.5402207792207792,0.058278777516578756
400,36,9.384,0.07079771034061548,1.6187706734867862,0.0779969015847486
400,37,8.827,0.11093407240813269,1.5682645292851478,0.06900522938223907
400,38,9.1385,0.08384281973462279,1.609926984734913,0.0666363082946149
400,39,8.2645,0.08217271605075487,1.7252755460100433,0.08213987275151245
400,40,10.412,0.10387137795319143,1.734465616596235,0.0632117595382256
400,41,12.351,0.08630697965310903,1.788340944053113,0.0842905761767095
400,42,13.7385,0.1365674597136207,1.7716721439749608,0.09633467636310263
400,43,12.6785,0.11840891458260878,1.8410015183184132,0.07901994908920323
400,44,11.424,0.1079532062369707,2.047638655462185,0.13661837832392448
400,45,19.341,0.12875496924493274,2.1799658238974198,0.12721396294352938
400,46,18.0395,0.14944190034574367,2.2362559799329254,0.09440848945040546
400,47,21.471,0.16831189719340017,2.2235181873224352,0.09397890282959494
400,48,18.1415,0.12205968126074239,2.374030689303531,0.15078416807343564
400,49,17.6065,0.10634174057948174,2.5851053730156477,0.13544354786757282
400,50,28.024,0.18926506058407894,2.5607131030545247,0.12318563351264614
400,51,24.9535,0.14233628638211956,2.6068221992906806,0.17076162002802012
400,52,32.216,0.20303538711528502,3.1247623541097593,0.22027918077580255
400,53,28.2165,0.17174686850742127,2.9775354048163307,0.17823204154888977
400,54,32.3255,0.2099304082685239,3.2454424448191057,0.182375988345373
400,55,41.4625,0.23308105095822365,3.5682265601447094,0.20225837731583846
400,56,47.8025,0.26013243084811205,3.7198785366874114,0.2678192951619705
400,57,47.4005,0.28592184706940404,4.105380739654645,0.22879969800641992
400,58,38.8985,0.2949498396248707,3.9933981451726934,0.270350002749504
400,59,44.9775,0.3176450145416354,4.425101300650325,0.335192596826372
400,60,69.134,0.3852411411597982,5.332311800271936,0.41354067161770564
400,61,74.137,0.5157794816432809,5.907768469185426,0.43300220267765205
400,62,84.14,0.49749583441789685,6.04819824102686,0.42583905875602995
400,63,92.3265,0.4869973927305089,7.05551383134853,0.5495619897805596
400,64,94.9905,0.540169795429854,7.8256500360562375,0.5832188133186696
400,65,116.735,0.6715623966777583,8.839266501049385,0.7414995736915253
400,66,149.068,0.81879423544625,10.633646228566828,0.7277811173162321
400,67,168.3135,0.9628284197038839,11.925372698862539,0.8636904168957974
400,68,204.8745,1.0826919363084746,14.615355985005456,1.0613568198030008
400,69,288.568,1.6751425076848319,20.540788916303956,1.6561131736274117
400,70,411.3565,2.166181004610855,27.42005391369773,2.3144932590360523
400,71,411.28,2.3940612928002354,27.268502236918888,2.110700422002662
400,72,286.349,1.4160203499875734,20.155045762338965,1.3866658402355148
400,73,198.2165,0.9967777757406714,14.284212604651986,1.07567594031099
400,74,151.233,0.7310072719056511,11.035340904432234,0.7988341846010603
400,75,148.364,0.8274470566622067,10.359989647084198,0.7764775473689106
400,76,117.7245,0.6036256573494193,8.25612000688047,0.550116646936026
400,77,106.0105,0.5339788459243868,7.645425592276238,0.47655189135218323
400,78,87.732,0.4743181255344569,6.628073861304882,0.477601348972713
400,79,61.9725,0.35703374084988515,5.643176308039857,0.3741578511916351
400,80,71.045,0.4539328144119989,5.623407347455838,0.4498240437611255
400,81,65.1435,0.44952798343899764,4.9227460567823345,0.30011447737314617
400,82,59.9035,0.2896134220137691,4.589267534451242,0.2722895289570044
400,83,46.1515,0.2677845510657272,3.9657551271356293,0.23648941933416928
400,84,37.324,0.22513083915101992,3.590505412067303,0.24414479436727682
400,85,43.237,0.2766577783395745,3.8383058722853107,0.24586769661052582
450,0,9.2155,0.06980602824217434,1.646363165319299,0.08863531371769712
450,1,7.606,0.08402505891884764,1.6376234551669733,0.08488498954278877
450,2,8.5925,0.06708154895741668,1.4986841722432354,0.06016607609772148
450,3,8.531,0.09417201506314124,1.6450637674364084,0.08482388307393521
450,4,7.809,0.06586629199410418,1.662891407350493,0.11618802772534731
450,5,8.528,0.09019744423966983,1.5424737335834895,0.061731906320474185
450,6,8.6435,0.09436846875273928,1.5748721871926883,0.0784774281171032
450,7,8.2235,0.07206457265244151,1.607897823311242,0.05748677541647393
450,8,102.549,0.7037377277606197,7.806400832772626,0.595099170907113
450,9,106.914,0.6924127913926829,7.500445255064818,0.49363808778353147
450,10,109.72,0.7969339271298097,8.066547575647101,0.5915168582672923
450,11,97.6585,0.6092917696197111,7.256950268025824,0.5498455696070134
450,12,100.7965,0.7252757279676098,7.686706262122198,0.5996604390380038
450,13,110.0925,0.62704817031448,8.229134080432363,0.6521211263089509
450,14,109.9025,0.6915249643474889,7.624366995746229,0.5596489118584268
450,15,107.4595,0.7458913689073812,7.54750729111898,0.5712220554681654
450,16,2.8755,0.04418546438771362,1.1191096331072856,0.03898136471062457
450,17,2.7735,0.03162506500929458,1.1304120245177574,0.035113823520887266
450,18,2.6755,0.03767223604222395,1.2058305924126331,0.04387253370615513
450,19,1.8855,0.043063447682643675,1.2317102890479978,0.04562584084393503
450,20,3.4195,0.051562302631201255,1.2459481649363942,0.05935682961562053
450,21,2.7625,0.0389255361995317,1.2246493212669682,0.055162908946597
450,22,2.9335,0.041947805914643935,1.1965494290097152,0.05113306851842777
450,23,3.222,0.05349176030990795,1.2382731222842955,0.04545699910210622
450,24,2.5925,0.03793952944801533,1.2233148505303764,0.038857014292257235
450,25,4.795,0.05780411567936743,1.3488998957247134,0.061588338365421616
450,26,4.0715,0.03760091684212496,1.2627748372835563,0.05347616969941146
450,27,4.2275,0.05961664815168738,1.2732687758722647,0.04797047077792294
450,28,4.432,0.0673427994040855,1.219624548736462,0.0486804571638828
450,29,3.3655,0.05993186921303607,1.3385558609419101,0.043504900974151606
450,30,5.361,0.06726577294974251,1.3938964745383324,0.03872342861317422
450,31,6.444,0.06792565595444906,1.3550378646803227,0.06174685516827446
450,32,6.216,0.043784159596581766,1.3555894465894467,0.04293151906107784
450,33,5.5045,0.07191542913289456,1.3772331274411842,0.0542289010104147
450,34,5.768,0.06820865819404111,1.45824826629681,0.04646226152643807
450,35,6.819,0.08255428835812081,1.5423433054700106,0.07574668710663066
450,36,7.224,0.056467969495523095,1.4324230343300113,0.07205725754131109
450,37,7.449,0.060065315326427796,1.4566249160961202,0.0663082891553554
450,38,7.465,0.06763874629234384,1.600773610180844,0.07211053752684096
450,39,8.1785,0.10732458147821355,1.5499954453750686,0.0643051297156709
450,40,9.8695,0.07851407852299913,1.467193854805208,0.06375845566105501
450,41,9.2715,0.07740282532583032,1.6819055977997088,0.08036682218586931
450,42,12.5125,0.09885096437513802,1.7700574425574427,0.09426517153353349
450,43,9.1315,0.07544700126578827,1.734787028418113,0.08365620774004953
450,44,12.7575,0.08639528191308905,1.8040912208504798,0.08619666555807459
450,45,15.7765,0.1510964749318855,1.9204860235159888,0.07215686632551514
450,46,14.8145,0.1285638792687578,1.9445873806068377,0.11785397059666607
450,47,16.969,0.13891856758926377,2.0915221285874237,0.08608146028850316
450,48,11.541,0.09267061079578064,2.08476899748722,0.13034197999207078
450,49,18.379,0.16651047066807723,2.2120005985091677,0.11958487717334164
450,50,17.7825,0.16979379909326978,2.157244130465345,0.14864301817883885
450,51,24.7,0.168544855813082,2.432753036437247,0.10263338523630179
450,52,25.3185,0.17425975016140693,2.56796641783676,0.1750500326081912
450,53,25.132,0.24667750094745797,2.5839398376571694,0.14692321470107764
450,54,24.456,0.1961892212286793,2.634979718678443,0.15284022968331812
450,55,28.894,0.20417794097048628,2.958010798089569,0.19455020724354813
450,56,32.6705,0.22558517471818007,3.2018772210403887,0.1610022480911498
450,57,32.992,0.21318956230004407,2.998603782735209,0.1635062051446215
450,58,39.7475,0.2602780648703074,3.5516131517705523,0.21679886036089743
450,59,33.4235,0.28553852629724347,3.547508422217901,0.23086925161585006
450,60,52.827,0.3965463402932858,4.438072784750223,0.31336418533392296
450,61,62.391,0.5250543330280961,4.828791316055201,0.3101737632638676
450,62,58.588,0.39933998178574054,4.59725978015976,0.26617670621202527
450,63,65.364,0.40019232218627226,5.349527323909185,0.33414110968670724
450,64,61.924,0.46475992670806004,5.423183644467411,0.4236125740949392
450,65,88.314,0.5858845763818131,6.643005684262971,0.4535199330890826
450,66,87.4005,0.628314987632963,6.810030832203478,0.5412794625258341
450,67,129.897,0.7252165193926675,8.889938882345245,0.6170724569981885
450,68,123.389,0.822705709358169,9.240091734271289,0.7720460688938694
450,69,155.832,1.0671591900190491,11.116393141331692,0.9841901058816628
450,70,210.873,1.304793208056155,14.472667771597125,1.1692452088348095
450,71,262.391,1.6420663971446405,18.009013719982775,1.3692480435512033
450,72,386.412,2.430621168170394,26.06782723103838,2.220526430192316
450,73,352.1785,2.412569745378513,24.69597274606485,2.310387936616687
450,74,315.296,2.07771982813145,21.25839016035725,1.6670697836204273
450,75,243.4325,1.3780206772186336,16.476914314029557,1.3090078121781494
450,76,199.0185,1.304201565588773,13.198683327178129,1.0919708093840337
450,77,162.0095,1.0579305705504811,11.299290533888444,0.8149855148729682
450,78,112.249,0.7247147896350641,8.116615729316075,0.6800123256550756
450,79,110.107,0.7177010446374468,8.185197589617372,0.6507187655372432
450,80,92.8935,0.5171980558232644,7.036005293696545,0.4907952209801788
450,81,89.2365,0.49118293033515725,6.54339387750528,0.4789329806701855
450,82,77.925,0.5046408311076764,5.653543471286493,0.3898681849701815
450,83,60.7075,0.44531530816289383,5.075961681011407,0.3327253739858226
450,84,46.305,0.3417097105962707,4.146441528992549,0.30114788510836
450,85,60.2755,0.3345330406150645,4.476571737273022,0.32954983638977525
500,0,7.458,0.07765171906457848,1.452029498525074,0.0480792748139642
500,1,7.1575,0.06587418230791814,1.449206252183025,0.05609749734138382
500,2,6.8975,0.06360186607656325,1.5489661109097497,0.06487619916917632
500,3,8.748,0.08354198440242326,1.560756287151349,0.07888083725937535
500,4,8.041,0.09075386029197091,1.5549457778883222,0.04687912552458164
500,5,7.719,0.07237293765809988,1.603451094701386,0.0762533094594888
500,6,7.597,0.09005875275268048,1.4963263130182964,0.07799998924471388
500,7,6.2965,0.06092823647538152,1.49108040181053,0.06012373014650651
500,8,138.6765,0.920403880169788,9.616328994097774,0.6799407749894892
500,9,120.6125,0.7587291573483468,8.536605606798632,0.5432342919406927
500,10,129.3555,0.8668006736815187,9.237860931695986,0.5759858265916665
500,11,124.686,0.8307214366218997,9.745564088991546,0.6481392429208098
500,12,133.533,0.907020889912041,9.495120389716401,0.6088925310195438
500,13,140.126,0.8901940651814132,9.872444257311278,0.7156264936536753
500,14,127.4445,0.9116807714037738,9.127658861308255,0.6289542024707823
500,15,125.4295,0.879678911218239,9.185901480512957,0.6381908163121224
500,16,1.9415,0.04071256756696557,1.1656336595415917,0.03971860328311344
500,17,2.666,0.026171499162658957,1.15207951987997,0.03280345477037312
500,18,1.76,0.02663594721819611,1.1417045454545456,0.04591541694688326
500,19,1.675,0.023322679271924322,1.1906716417910448,0.039088179682576114
500,20,2.3605,0.04141875369798962,1.1893834992586316,0.039621946819036524
500,21,2.871,0.03197778834391825,1.249863810518983,0.05140326499846087
500,22,3.725,0.05037491021279679,1.230704697986577,0.03881418737539595
500,23,2.4765,0.0315083531113496,1.2378145568342418,0.04134668016048249
500,24,3.0125,0.04799054183131465,1.225674273858921,0.04056456216244148
500,25,3.996,0.049669433574171154,1.2484944944944945,0.04149144864800059
500,26,3.488,0.04172970669741916,1.3070114678899083,0.041461137218212464
500,27,3.5945,0.05542883061329986,1.331498052580331,0.053193574464044616
500,28,3.263,0.06085400994442184,1.2543153539687406,0.04216937351681828
500,29,3.7055,0.049228120975077165,1.3055646336526785,0.051256140970782106
500,30,4.1905,0.050656090193423035,1.2495429543013958,0.052828458535605555
500,31,5.961,0.07639199462054415,1.3166379802046635,0.04404199124471574
500,32,4.9805,0.05154188383706653,1.377797359702841,0.05893767357036462
500,33,4.335,0.049717623688820385,1.4197866205305651,0.03989455651861471
500,34,4.686,0.0619481956748409,1.304183525394793,0.04235911089791327
500,35,5.301,0.04007821300775208,1.3641575174495377,0.045774615280730506
500,36,6.9125,0.06043646076230539,1.3954204339963834,0.03829138972462142
500,37,5.8715,0.06759116650475627,1.3992996253086945,0.05379155039309114
500,38,6.3455,0.0809856225056742,1.5204680088251517,0.046491452530392975
500,39,6.686,0.07685050422736306,1.4854029314986537,0.04962029724618896
500,40,9.9225,0.12578987282473536,1.6255473670949865,0.074861805823436
500,41,8.561,0.0792195483583784,1.583959700969513,0.057385116824283024
500,42,8.706,0.07892168003120235,1.5519830002297268,0.061612944569531355
500,43,10.0855,0.0943996961413482,1.7340924842595804,0.0558745762252456
500,44,8.248,0.059980698649868484,1.6479747817652763,0.06389803321193818
500,45,9.9125,0.09135781302111018,1.5766803278688524,0.06200275128369115
500,46,12.8155,0.10230623534014767,1.8111240099879053,0.06834844177088104
500,47,15.0515,0.11409431693951567,1.910630020263761,0.08653175886711827
500,48,12.7235,0.08095572214098443,1.8960229300113962,0.09592825123302405
500,49,11.329,0.10785687397267729,1.8123187395180507,0.07467148248805913
500,50,20.309,0.1596886773826188,2.162909005859471,0.09242488624702487
500,51,16.5595,0.14970053440118453,2.107458543434282,0.1223422636393762
500,52,21.2245,0.1328918733406972,2.2870786002025962,0.10763043446712577
500,53,15.7465,0.11946652250735385,2.1811347124757887,0.12674251663867273
500,54,19.2235,0.1910018944518894,2.3618252529456134,0.11448922845855741
500,55,25.1595,0.190998036639123,2.64778949303444,0.1577990381612594
500,56,24.719,0.21144602396978643,2.625310044904729,0.14013403687210296
500,57,32.04,0.22222084794896846,2.8726716604244693,0.12574303162856693
500,58,28.161,0.23428828395803417,2.9829934661411173,0.1692629677868033
500,59,32.316,0.29059141147159173,3.2810107686594874,0.20264583077916565
500,60,41.2305,0.30734814393281334,3.4504158268757354,0.18714971075494416
500,61,47.7135,0.34020912686169896,3.9295255588041114,0.21793707503489515
500,62,47.267,0.2893341721226456,3.951418769966361,0.18663407830983547
500,63,38.899,0.23979036897387945,3.993285148718476,0.23923541593716335
500,64,44.913,0.2776348415872148,4.378051588626902,0.24089139507524499
500,65,69.129,0.5147533389886821,5.255353889105873,0.29712417625973453
500,66,74.1665,0.5319879673154467,5.845048340558069,0.4010499227273213
500,67,84.151,0.5744017024604601,6.139549131917625,0.36377363677199676
500,68,91.9875,0.6914184029187631,6.856435317298546,0.4305937093907105
500,69,95.3165,0.6976450141651374,7.618589937209191,0.47183465181541184
500,70,116.6705,0.7923999106644679,7.81913962612657,0.48610194529816464
500,71,149.05,1.038718339817726,10.788181818181817,0.6872874079975358
500,72,168.079,1.0713493459430514,11.310388323347949,0.7144599194617204
500,73,204.8925,1.287612616434007,14.725912094146928,1.0142151490188989
500,74,288.0735,1.9393949510906048,19.94802054944311,1.3482397857917845
500,75,410.5435,2.4519267692120894,26.840902627249,1.7301187787826364
500,76,409.3885,2.5028756382462083,27.189443689185207,1.80395920752414
500,77,285.098,1.8959567228016752,18.743735122659576,1.2442949180986356
500,78,197.413,1.183548655971796,13.933537462071898,0.8607498301994273
500,79,151.3495,0.9820377511770303,10.912255076825494,0.7580860798208865
500,80,147.9775,1.037805091476594,10.06007665861364,0.580707624969256
500,81,117.7165,0.7502211165277826,8.19913204818356,0.4793549995011236
500,82,105.4865,0.6378975643718819,7.378051388092314,0.42810979537816224
500,83,87.8085,0.6110393539742505,6.956397475756903,0.4018466522998628
500,84,62.023,0.4387512783007314,5.320566096448092,0.35368178167894526
500,85,71.7615,0.47170144159203065,5.522482358228298,0.29873114596754163
550,0,6.933,0.07725249101757872,1.4369697100822159,0.04815994378967687
550,1,7.253,0.07699316442659732,1.5087537570660412,0.05547586302742737
550,2,6.7855,0.07281365907141608,1.5320152899565251,0.04415394955634523
550,3,6.987,0.0657551278768836,1.4727108916559324,0.04550726544812366
550,4,7.115,0.09267231460763697,1.521964160224877,0.047872281007815654
550,5,6.9545,0.08053268378673811,1.5616406283701203,0.07383134836898186
550,6,7.1415,0.07795503089669886,1.5511416019043616,0.08750186961423508
550,7,5.9405,0.05983519031472986,1.4899351485565187,0.08690425603746109
550,8,186.1905,1.0844548654799573,13.03282503538043,0.9493530676851966
550,9,152.5155,0.7730239578911399,11.239905188325121,0.8187822107773309
550,10,128.5705,0.7151449889799736,10.524187350519753,0.8361191289904983
550,11,180.6415,0.928150757661365,13.426122888428184,1.007081881089129
550,12,177.721,0.9996717619193687,13.06675158816347,1.0141946867182527
550,13,177.688,0.8855140047631161,12.551217054612582,0.963713773487616
550,14,170.9335,0.7694838581118866,12.27223497880755,0.8918222809347798
550,15,151.6145,0.7952071808820043,10.949591824990355,0.7818035803225889
550,16,1.91,0.030078843762772218,1.1187958115183245,0.04023660110662627
550,17,1.94,0.032322389176935355,1.2301030927835053,0.05617207563563557
550,18,1.9365,0.04183473122708102,1.1956972631035372,0.035285494959123156
550,19,2.193,0.041827339334333385,1.1462612859097128,0.03971831499366946
550,20,2.23,0.03266254897069676,1.170896860986547,0.032476403358675486
550,21,2.919,0.044632416824309906,1.1546553614251454,0.04200972108762826
550,22,2.8325,0.045934020186854045,1.189565313327449,0.05040065346482624
550,23,2.4,0.04078828521188788,1.195,0.04051634915234807
550,24,2.2105,0.041823406944210634,1.2228861117394254,0.04337437898212756
550,25,2.8265,0.03942531246747313,1.203395630638599,0.0362935825951449
550,26,2.8455,0.04152662430677176,1.2182849235635214,0.04735667736431569
550,27,2.484,0.029977184306525198,1.2241320450885667,0.028408580376944277
550,28,3.1865,0.04611356119750234,1.3361737800094144,0.05174617211131497
550,29,2.984,0.04306909992582905,1.2475683646112599,0.051828315585206904
550,30,4.5185,0.05694538010927207,1.1910274980635167,0.04794864684482752
550,31,4.4105,0.04447633906744226,1.2647068926425575,0.04336684307839011
550,32,4.0855,0.04019999345378345,1.3396621588544853,0.06238745989203088
550,33,4.5485,0.05018531448017159,1.3102446410904696,0.04300975684394316
550,34,3.3885,0.03735515887714643,1.3143183562048102,0.04488169331561579
550,35,5.004,0.06365366818718465,1.418861710631495,0.0608782445997503
550,36,5.8455,0.07864468731011187,1.4367684115986654,0.07207060661535512
550,37,5.7035,0.05342616646511219,1.3666323748575437,0.05431983893112344
550,38,5.8505,0.048949356213174505,1.5598922741646013,0.07175192191359067
550,39,5.248,0.06303132053527896,1.5324878048780486,0.0619408000387773
550,40,7.2695,0.07273772278391345,1.5307613659811543,0.06625941558480579
550,41,7.8895,0.05781310632683454,1.5054553203625072,0.07236208400465802
550,42,7.4205,0.07369023001728241,1.5821952361700695,0.07463095352314571
550,43,7.2475,0.09312943737220387,1.5993437392204213,0.06029900163543074
550,44,8.0405,0.05833422305085829,1.5725215782600583,0.06852292057452852
550,45,10.7815,0.09142807066357236,1.787762162036822,0.09118490451763336
550,46,9.0845,0.07431609232829255,1.7125168969123232,0.08683876562475576
550,47,12.4435,0.10329129733555983,1.8002818941616108,0.09482134659629467
550,48,9.083,0.08237622293637391,1.77739854673566,0.06412222630253867
550,49,12.9265,0.08699145451074344,1.8428884655552547,0.07529397452098761
550,50,16.1825,0.13095574784917496,2.089367758380967,0.1322777412284351
550,51,15.651,0.1271362716888756,1.994390070921986,0.07702534354792649
550,52,13.686,0.16092070620094315,2.2168204004091776,0.10925867357549779
550,53,12.504,0.09859379717865217,2.127317978246961,0.10891592610238332
550,54,20.1075,0.12775361772609586,2.281832338679597,0.1321201400476778
550,55,19.4785,0.12916793434578933,2.436919565161588,0.10436161001654443
550,56,24.8485,0.18319715436769526,2.667587490190554,0.1252486708434283
550,57,25.306,0.1757471269511374,2.54462830949182,0.11658136698391591
550,58,25.374,0.1682407422963324,2.9833736896035314,0.1774731844225061
550,59,24.804,0.16261902523512117,2.7334939525882924,0.19156903521217974
550,60,28.806,0.16933367868454752,2.9759551482330067,0.1652927131555408
550,61,32.9405,0.20549615824299622,3.1700478058924424,0.21657926513276385
550,62,33.215,0.2351623179624546,3.390539665813638,0.21363285648994737
550,63,39.9155,0.18874443177565714,3.7738562651100445,0.2505332261219006
550,64,33.5005,0.22735721372232548,3.744959022999657,0.23793008172853666
550,65,53.1245,0.24906189782334745,4.459260788336832,0.2938283897537655
550,66,62.5765,0.3616892203332363,5.178767552515721,0.3852982786531079
550,67,59.1105,0.3337210267337213,4.790202920800873,0.3118800753355563
550,68,65.5255,0.3291635931457648,5.508288372465681,0.4046236087113635
550,69,62.0885,0.36951837430278056,5.6277840139478315,0.38114930257673035
550,70,88.586,0.43545765399296077,7.005413993181767,0.5187675230061802
550,71,87.4695,0.5292410032052349,7.235768693658934,0.5339633554400589
550,72,130.122,0.6783147072747601,9.563979311722843,0.7595331429867594
550,73,123.7435,0.6733479881590881,10.03056894099488,0.8353592763243267
550,74,157.087,0.9840205121952884,12.346543195808692,0.9481865371604484
550,75,211.6945,1.0874650569098643,14.98360217081691,1.1343583877108419
550,76,263.7445,1.337263796162269,19.058331907395225,1.4702961720666594
550,77,386.9925,1.8269731762787533,26.46915235760383,1.9893728652982758
550,78,352.3465,1.8662776454750971,25.19947959678896,2.1454345393212857
550,79,315.28,1.5424740891792994,23.039135371733064,1.8925498140662587
550,80,244.612,1.1976120099246697,17.83725024119831,1.4100421318235434
550,81,200.383,1.0814860877028099,14.573957426528198,0.9835032571017754
550,82,162.8175,0.8343777621676969,11.807024390805655,0.871609174247034
550,83,112.4875,0.571596966494108,9.011817701966885,0.6887016817621827
550,84,110.1725,0.5968200270909498,8.518784122625881,0.6198116804177414
550,85,94.1205,0.45829459325910393,7.403965977125067,0.4923855022151716
600,0,5.754,0.05951735704375368,1.3852075078206467,0.06322618315136766
600,1,6.304,0.06761890112589583,1.373030456852792,0.05520686753550112
600,2,6.303,0.07188111530048878,1.4260179279708074,0.06333582590432951
600,3,5.561,0.05576690208735884,1.4553639633159505,0.07578843793664278
600,4,6.3105,0.07335018745715609,1.4255747959749623,0.06645887439638576
600,5,7.0845,0.05482736063029324,1.4590104806267206,0.04996827967131254
600,6,5.556,0.04603431214579878,1.3811850251979843,0.04654169713388922
600,7,5.7505,0.046602885612034205,1.4367880619076603,0.047702320437178945
600,8,187.242,0.9307271068194133,13.304479956420035,1.072572105928882
600,9,210.1555,1.0655170415293636,13.913156304498337,0.9772947347098628
600,10,227.1895,1.0797995610784807,14.066462533479761,0.9279122892004517
600,11,210.7905,1.0924177615681072,13.709648251462944,0.9448174349392439
600,12,202.8635,1.057107840687064,13.303688774717978,1.0117880709060953
600,13,236.0845,1.2568648285986865,15.018069207211825,1.0146614708613482
600,14,195.7705,0.95973721046851,12.910647057396288,0.8427224052445195
600,15,217.4925,1.1501766168723861,14.096370880605079,0.9242417941368781
600,16,2.03,0.03303905185335125,1.17,0.03746759018806666
600,17,1.42,0.02699902532353813,1.127887323943662,0.02970511879945536
600,18,2.088,0.024533543095975805,1.1083601532567051,0.03302255415950555
600,19,1.9705,0.029356923329402665,1.1391168485156054,0.03868998955277787
600,20,1.586,0.03781116515695221,1.1119823455233289,0.048273722625032135
600,21,1.962,0.03166934430045948,1.1506401630988785,0.03885487851421081
600,22,2.2485,0.0279310711724792,1.115742828552368,0.03853428875774846
600,23,1.6775,0.030217413940692526,1.15975782414307,0.02814557720407493
600,24,1.559,0.03307805760223606,1.210082745349583,0.040723730238062035
600,25,2.4915,0.03637722682639436,1.219718141681718,0.04182323041274186
600,26,2.711,0.049385167174386506,1.1123124308373293,0.03638107238033696
600,27,3.874,0.04071983869268031,1.2145389778007227,0.034290438544900236
600,28,2.215,0.032979259830192606,1.1696501128668173,0.044369431957723936
600,29,3.198,0.033099530923691584,1.2250769230769227,0.048085950728658615
600,30,3.6495,0.04556357617312539,1.257336552952459,0.06410432921718381
600,31,3.4005,0.040415441290883446,1.2142625349213347,0.05105542887629909
600,32,3.633,0.03063451785503596,1.204049270575282,0.060544358301718344
600,33,3.1475,0.036091076313594164,1.2084968228752977,0.04391028464163542
600,34,4.061,0.04611712776923764,1.3312679143068207,0.03208562326796247
600,35,3.422,0.045857904099741345,1.229081239041496,0.05917200980253229
600,36,5.8105,0.06229587719736713,1.266429696239566,0.03908342048075563
600,37,5.341,0.05512617107002896,1.3676687886163639,0.06238806067777081
600,38,4.03,0.04246360670900277,1.2471712158808934,0.04730505542450884
600,39,4.7745,0.055362323308413494,1.31817986176563,0.049839507748913985
600,40,6.117,0.06757880390212709,1.4347410495340855,0.062333906879688046
600,41,6.235,0.08119988332892834,1.3802365677626305,0.06679226609418966
600,42,5.846,0.06763446645484512,1.4410338693123501,0.06033961533440917
600,43,7.18,0.08738601598352967,1.4954874651810586,0.03880515467490712
600,44,6.8685,0.0707860936387341,1.517537708378831,0.08050413507479794
600,45,9.397,0.09803087590947505,1.533509737150154,0.050069791789935876
600,46,7.8895,0.08416611081977322,1.5026668039799735,0.05283179392145761
600,47,9.569,0.10452373188092609,1.5479401191347055,0.06073157134547273
600,48,10.741,0.08708102699875465,1.7341885299320363,0.081644347135137
600,49,8.385,0.08257532446515865,1.77850626118068,0.07232405683953873
600,50,10.855,0.10510020281416661,1.6403477660064485,0.06617574900247959
600,51,12.369,0.09427256116958817,1.7643980111569246,0.10126269284905665
600,52,15.883,0.11704497561104249,1.791431782408865,0.07231214038803453
600,53,12.165,0.1002405002717805,1.8135450061652283,0.07901783827934335
600,54,13.0565,0.10589288281834142,1.9642559453145942,0.09531369029481519
600,55,20.5815,0.131263645907167,2.163027852683235,0.1297610771939661
600,56,16.849,0.14406486112347644,1.9566857973766985,0.1153036831485998
600,57,21.0865,0.174865775592837,2.105708284921632,0.10247905172116052
600,58,15.7915,0.10477362816040603,1.982017398600513,0.100443504393811
600,59,19.1245,0.15617715143893138,2.299877107898246,0.09662151428420183
600,60,25.292,0.17868614059883087,2.539923137751068,0.12832028817433946
600,61,24.8525,0.19517856196988415,2.5459709787747715,0.13008481762037005
600,62,32.1635,0.17165797542297645,2.8228820790647786,0.15406024915354813
600,63,28.207,0.1817967343809534,2.9219396249158005,0.14986182622187239
600,64,32.6525,0.15188270231714068,3.0456701247990194,0.17908424505410586
600,65,41.598,0.198472588588582,3.3932495793066977,0.14809505764807968
600,66,47.7925,0.3077215718624115,3.888966757336403,0.15652391045339292
600,67,47.5515,0.3094232963365691,4.018660773056581,0.2709622934484412
600,68,38.957,0.2413559284760273,3.912291783248197,0.24632030651562886
600,69,45.032,0.2684268007640453,4.339025048854148,0.27726819247000184
600,70,68.9365,0.4277876225418478,5.063637807982709,0.32781630485502883
600,71,74.4685,0.3362504353352668,5.632556151258585,0.3774608319262373
600,72,84.1295,0.4311700574263555,5.721663979341373,0.3725681017790533
600,73,92.338,0.5379476593596568,6.481391799692435,0.4260165919172631
600,74,95.225,0.4370466071737712,7.492878708322395,0.5591984180285213
600,75,116.5175,0.5852488786832574,8.131702909434207,0.6064849606156586
600,76,148.7455,0.8335512092373546,9.98863649488556,0.6400804824706996
600,77,168.7635,0.7679851543932508,11.116127407585171,0.7830092446025567
600,78,204.5885,1.1038016304905913,13.643099039046671,0.9740689634668159
600,79,287.804,1.3923717743098216,19.12858606551681,1.4077437271270055
600,80,411.6045,1.9064633107571458,26.247390589145652,1.9441332303238643
600,81,410.76,2.0091518241864255,26.602790924140617,2.0544805527847476
600,82,285.8165,1.3587250748210289,18.86279773123665,1.3687452291135287
600,83,198.3465,0.9690769550127784,13.286200854313032,1.0391338214254313
600,84,151.7355,0.865821932282298,10.500196326831889,0.7621190750474357
600,85,148.8125,0.7977870296870169,9.809359722805544,0.6198272070560616
650,0,5.7425,0.06659727748505191,1.3484011754462342,0.05408767375216856
650,1,5.499,0.05685114450544427,1.346971994908165,0.04240856420934086
650,2,5.533,0.08251985407033555,1.3775367793240556,0.057744416044767065
650,3,5.485,0.0602996901449659,1.35602096627165,0.04506242210864545
650,4,5.8285,0.06287529428622139,1.3689779102685082,0.057874218284345115
650,5,5.511,0.05698522430835634,1.4933549265106152,0.05079040700973427
650,6,5.545,0.07413536694168925,1.3799774571686205,0.045736709875303594
650,7,5.2285,0.05983431069914758,1.3885985942430907,0.06252712878531902
650,8,319.022,1.6577934923138025,19.220707399489694,1.5989293706496994
650,9,303.056,1.592361272152984,18.989476743572148,1.7286700781227737
650,10,288.0135,1.6455351513141876,18.948748297388835,1.7815431145656693
650,11,279.5705,1.7270398275052963,18.673948180333763,1.773129732606186
650,12,302.029,1.5548374259236069,18.839803989020922,1.629489958346194
650,13,297.7225,1.6155951934031647,19.270097133236487,1.9448871712283722
650,14,296.6055,1.5385498084747742,18.460685556235468,1.888804883619061
650,15,271.0725,1.4956536812412586,17.36415993415046,1.8318554085663465
650,16,1.6835,0.022887309745105874,1.0973137808137807,0.027518868842215802
650,17,1.63,0.035093859111936083,1.2037423312883437,0.046151017826985004
650,18,1.201,0.02965503418699049,1.0637793505412156,0.043116463837763574
650,19,1.661,0.022453460640552547,1.142130644190247,0.03739910639070642
650,20,1.473,0.03164024752049034,1.162437881873727,0.04677454764266409
650,21,1.7355,0.029986619823198675,1.1867126188418322,0.03699607472678484
650,22,1.9765,0.034406815420326566,1.1332900328864155,0.03365803085340974
650,23,1.8595,0.02763935980673779,1.2222424038720088,0.0616574699032512
650,24,2.213,0.04640269955849322,1.1543746046091277,0.03945052952293765
650,25,2.3475,0.03207618398356261,1.1376970181043662,0.04296461698176062
650,26,2.749,0.03628034120422135,1.157147690069116,0.042621627273621926
650,27,2.98,0.04333468283998513,1.153221476510067,0.03127477623420957
650,28,2.292,0.034729026233942896,1.2184712041884815,0.05729561930711386
650,29,2.222,0.044429719783046204,1.1884410441044106,0.05007082966031541
650,30,2.979,0.037331375261934405,1.2106609600537093,0.05508445873798696
650,31,2.858,0.049537864306003244,1.1734905528341497,0.03319310249303098
650,32,2.6365,0.04398728883379112,1.2210763322586764,0.04662584934487892
650,33,2.603,0.04417727446263938,1.2106765270841335,0.037850856928460755
650,34,3.162,0.04174231728871292,1.3177596457938014,0.06372593484577518
650,35,4.158,0.05312646282815725,1.3585945165945164,0.06103101130704651
650,36,4.2815,0.055905347639889066,1.1807211841644283,0.05334446229871298
650,37,4.152,0.05086411205100156,1.3019980732177263,0.03749832346569406
650,38,4.4305,0.06459377108636649,1.3095970545085205,0.04081582163047814
650,39,3.4005,0.050687250551011816,1.3610056609322156,0.058580424998515
650,40,4.99,0.040360220123545676,1.298376753507014,0.03826577039282444
650,41,6.0705,0.06980979798521728,1.4245168849353433,0.06519789563732581
650,42,5.88,0.06764069158350416,1.386326530612245,0.06802513017452395
650,43,5.417,0.07272551134230652,1.4554386191618978,0.06514549729518755
650,44,4.5865,0.05187675171424097,1.339260383734874,0.062340824463326235
650,45,7.478,0.07063844189734188,1.5182556833377907,0.10462784939275528
650,46,8.4635,0.08498072536881734,1.4533783600165417,0.04886026358142332
650,47,7.71,0.05404189408032906,1.4259273670557717,0.05700008544939158
650,48,7.18,0.06277780365367153,1.559693593314763,0.05157806418693638
650,49,8.45,0.09502908142137075,1.598165680473373,0.08986746776985374
650,50,10.983,0.10542420574941433,1.656442775198033,0.06904781862823514
650,51,10.8015,0.10984744205631625,1.6442251307688747,0.0908031230332146
650,52,12.3265,0.10358641193149859,1.688386626374072,0.053105547516915534
650,53,9.81,0.08051805943225902,1.6836799184505602,0.09891828479781666
650,54,11.0525,0.0852176007271047,1.6688300158335219,0.0933325430560797
650,55,14.963,0.11971699083562405,1.7138696117088819,0.04485125768942381
650,56,15.579,0.1299613302810532,1.9008767571731178,0.05885002615450987
650,57,13.4275,0.14414334057312211,1.7758140942096445,0.1044890905110471
650,58,12.4445,0.05801757900571387,1.9133689380850978,0.1216299672935984
650,59,20.092,0.16009964002721003,2.0402914592872783,0.11102035969155555
650,60,19.3705,0.1802154777510879,2.072028587284789,0.1247213068706482
650,61,24.4775,0.21726635968928068,2.3707688183025226,0.1195811419595818
650,62,25.324,0.19109986367011425,2.361871110409098,0.14506093424423752
650,63,24.96,0.19543473806390046,2.540360576923077,0.15431633944319784
650,64,24.3825,0.1287242564963054,2.4989313544550398,0.24326509427671333
650,65,28.426,0.1852727718797337,2.905175684232745,0.1742800288002775
650,66,32.805,0.22371210352405535,2.916353452217649,0.16749245009610023
650,67,32.7255,0.23704371682078393,2.983091159798934,0.20203682488329003
650,68,39.3055,0.25619634226404375,3.3439892572286323,0.23691078893095263
650,69,33.076,0.25696036966611774,3.2195012698028784,0.2571500989743569
650,70,52.589,0.34554449785808894,3.976479472893571,0.2548623542938718
650,71,61.928,0.30482920152974696,4.78056478491151,0.36547947833307176
650,72,58.2865,0.3256946220650604,4.607952403215153,0.32524668802646134
650,73,65.068,0.4268246281060833,4.930662937234894,0.36944581167413276
650,74,61.7185,0.371298769612545,5.570813576966388,0.5371283788396473
650,75,88.1665,0.5385200357901044,6.403937751300097,0.4713456678350267
650,76,87.3765,0.4806329571239189,6.577429260155762,0.5360697556741351
650,77,129.0735,0.7027477180775138,8.066582975978804,0.5987414979620801
650,78,122.7165,0.7017966698335572,8.435916341730737,0.8015197720695967
650,79,155.12,0.8565589050933756,10.460563434760186,0.850630754984152
650,80,209.33,1.0925669918036862,13.060737113648305,0.9788862424977002
650,81,260.4495,1.5613028424330375,16.362521140374625,1.2910729226793658
650,82,386.175,2.7754738334201625,39.91204343885544,17.34671753141043
650,83,350.8695,2.249209156336377,24.211202369399448,2.8341917236422107
650,84,314.1625,1.8090935321024066,22.108364600326265,2.687077305449171
650,85,243.5195,1.2818575080923151,15.47493165742374,1.4314960090676165
670,0,5.341,0.05546407087380755,1.4131658865381012,0.05568808678941218
670,1,5.5995,0.0675452090318623,1.3547816322885973,0.03354959478684993
670,2,5.537,0.05737274247364701,1.36222340617663,0.051446459559100044
670,3,4.84,0.06102631011552133,1.4259090909090908,0.05467520433203828
670,4,5.6455,0.06279236879547843,1.3720360906917013,0.04774006262936644
670,5,5.1185,0.03312873613488339,1.3481406173683694,0.04743045988153753
670,6,5.104,0.05902006795194825,1.3313448275862068,0.03648164656401798
670,7,5.012,0.06402959841888953,1.3178084596967279,0.046640435501273704
670,8,332.3555,1.5180656797038652,20.50817308499483,1.4924760549210176
670,9,341.82,1.3801977356428723,21.489314844069977,1.4727318701100511
670,10,362.4355,1.3551042832273654,22.976440883274403,1.6207779595686145
670,11,380.3315,1.5726486667235435,24.034944798813665,1.6997676281313598
670,12,379.947,1.4863753333458178,24.782222760016527,1.6059112893607372
670,13,351.862,1.5833506444113614,23.11320334676663,1.731500866579166
670,14,294.407,1.082397217680318,19.260242966369688,1.4583311074772525
670,15,320.3135,1.1960461782583087,20.526943815199797,1.4622777174064487
670,16,1.323,0.024171536109538778,1.113885865457294,0.033677050777481156
670,17,1.679,0.03759829223445356,1.113138177486599,0.03722733073673134
670,18,1.6255,0.040817146809695184,1.149338511227315,0.045987940218523565
670,19,1.2045,0.022878109509678526,1.0898129929431302,0.04065274390146208
670,20,1.5875,0.022686362701666796,1.1006889763779528,0.037156358405379626
670,21,1.475,0.029553697782707,1.1317796610169493,0.03103232225381911
670,22,1.639,0.03147179188115172,1.1437943868212324,0.043967164517403894
670,23,1.977,0.031255315337428695,1.1464193222053616,0.03680434115433671
670,24,1.8405,0.03707371746016028,1.1067969301820157,0.041229052250377034
670,25,1.9775,0.03151336391537979,1.11352402022756,0.052134295306418985
670,26,2.3325,0.035812927686433085,1.1511012861736336,0.02704537589462773
670,27,2.741,0.037429934544425655,1.1966140094855895,0.051363468611121135
670,28,2.8765,0.04384947338098233,1.1365366765166,0.02469434720436268
670,29,2.2885,0.04089315346118462,1.1965338649770592,0.05126498477561078
670,30,2.2395,0.03698844058408105,1.173538624693012,0.0565183911604991
670,31,2.921,0.03306214244657926,1.1984796302636085,0.044657320635458915
670,32,3.0275,0.05141612996961787,1.2081729975227087,0.03719496586582983
670,33,2.6155,0.04167843693402103,1.269608009940738,0.0411403478496152
670,34,2.5775,0.035930305343891265,1.2473302618816682,0.052330946707221986
670,35,3.0465,0.03808076596973986,1.1407640735269982,0.042113853270670666
670,36,4.2995,0.05023877198465658,1.3015001162925923,0.059906407922306545
670,37,4.1915,0.050903805048552915,1.2753972921388528,0.05568871696100967
670,38,4.1775,0.03832599090626817,1.288328845002992,0.030063687594152923
670,39,4.457,0.04974196576226888,1.2939535562037248,0.04646824569228443
670,40,3.311,0.03707673408657105,1.244723346421021,0.036292516102542124
670,41,4.8775,0.058272838305770486,1.314094054331112,0.04326247498122559
670,42,6.3535,0.05947257218336264,1.3996281970567401,0.0438492766505591
670,43,5.8605,0.0593538674304154,1.3515979438614454,0.07603188323391127
670,44,5.8255,0.07062307286611506,1.4752467170199983,0.06261170917816063
670,45,4.592,0.05439910989983871,1.3796898954703833,0.04510754691176712
670,46,7.536,0.06607969669867926,1.4346740976645433,0.055253452265017
670,47,8.469,0.061189524387241255,1.497111701499587,0.05167310769525672
670,48,7.6925,0.07008218859235711,1.518744718882028,0.07648011031225534
670,49,7.086,0.05219598693991302,1.4519621789443973,0.05024308230729691
670,50,8.5805,0.07736949963444395,1.4855217936017717,0.08387348596931547
670,51,10.274,0.0750908222018331,1.685801440529492,0.07507621172772383
670,52,10.7485,0.056644203494034935,1.6194118016467416,0.06921816866399688
670,53,12.196,0.08999239733970495,1.6696936700557563,0.07113654308965346
670,54,9.9055,0.10023518396881903,1.6624672908989957,0.11067732540900523
670,55,11.029,0.09393138593227501,1.7398820382627618,0.07744651098531981
670,56,14.8465,0.10779921638227025,1.9252980668844508,0.07430919533752563
670,57,15.5615,0.115761267497517,1.9808641679786652,0.09523320891939542
670,58,13.3915,0.09835027359285538,1.8624670686629576,0.07417515799687895
670,59,12.4045,0.10265546618101729,1.907443246402515,0.11369661965447433
670,60,19.806,0.1123045670908951,2.1953127335150966,0.10334409619898063
670,61,19.4855,0.14139060305260348,2.1874619460624567,0.11220910413578727
670,62,24.416,0.15366470676529398,2.5314115334207075,0.1450945590486342
670,63,25.3115,0.14066622495149889,2.433931918298007,0.09832508582217224
670,64,24.9215,0.16059146434681046,2.6083637722448487,0.13788444841578773
670,65,24.1705,0.1427630996846843,2.5152326079311558,0.13181209416810633
670,66,28.692,0.15252023161742168,2.709540499093824,0.1806734208318097
670,67,32.4205,0.16899310948270074,3.0637306565290485,0.17480509798408164
670,68,32.7975,0.1478741908373091,3.084975798460248,0.17630161953402682
670,69,39.2765,0.21347781223300324,3.3686058520998565,0.19315151597974156
670,70,33.0675,0.17925118365607778,3.3362347849096543,0.24871733760550843
670,71,52.984,0.2589405540395627,4.297179223916654,0.26645810811427734
670,72,61.953,0.276054056491227,4.67901136345294,0.2891112405241001
670,73,58.2695,0.29203323080556914,4.227698362779842,0.24774770809703311
670,74,64.8185,0.338005196939186,4.966445655946989,0.3753052384022364
670,75,61.7255,0.32175789770701907,5.21752192772841,0.39611088816272644
670,76,87.756,0.3998357557534658,6.177611376999862,0.45759517580900994
670,77,87.1005,0.45948510943171544,6.447269530599709,0.4443829082181457
670,78,128.9405,0.507399186253326,8.317076168853076,0.5661740846102901
670,79,122.457,0.5610723285769331,8.773513568027962,0.6151612155301838
670,80,155.19,0.6756669219916708,10.940491655390165,0.7417084665218133
670,81,209.041,0.9259333555647373,13.436681411780466,0.9943030538578093
670,82,261.1835,1.0660288519350354,16.518389667609174,1.1894930655361118
670,83,383.03,1.7582605040209698,23.412683340730492,1.8116139646720242
670,84,350.2005,1.290297288265478,23.550344159274474,1.8809121023985587
670,85,314.238,1.4197608397561836,21.594139970340954,1.6436495631284687
690,0,5.323,0.049279546306865936,1.3788598534660905,0.06122257233413504
690,1,5.7075,0.05302866652749459,1.3361268068331145,0.04364955312330142
690,2,4.6425,0.04215182458434604,1.342098815293484,0.036527220312195866
690,3,5.1595,0.04491204855340211,1.3218450915786413,0.037985612022158215
690,4,5.0945,0.05173553700768662,1.3362586613014036,0.05722348072121988
690,5,5.448,0.04993469419362237,1.3232922173274595,0.03978660199730344
690,6,5.3645,0.06092478106130903,1.3607306831950785,0.04421191755024674
690,7,4.63,0.06583472128228234,1.288790496760259,0.03885078465142115
690,8,216.3405,1.0343878115759182,13.522722558882872,0.8264519685659779
690,9,270.989,1.4959344729527673,16.475930310824427,0.9427323646216967
690,10,436.1875,2.121270209716736,26.037468620146154,1.4711713775630535
690,11,744.4415,3.609567569595199,44.115181082395324,2.4452919410762863
690,12,753.792,3.4669729402493235,45.59782637120054,2.703855453726643
690,13,449.434,2.446015492484419,29.396698167027864,3.652737951565631
690,14,284.1385,1.4155592673829243,18.879040741574965,1.6695430129501885
690,15,227.8825,1.1306511572866733,15.124249092185666,1.261778042844705
690,16,1.2665,0.023667377058772306,1.070254836162653,0.040732756597132255
690,17,1.317,0.0234419776424575,1.110486712224753,0.03234951278432099
690,18,1.597,0.028856268132354295,1.0560995616781466,0.022349508674549778
690,19,1.5935,0.028463041595059857,1.1680312205836212,0.03381292152885354
690,20,1.224,0.024925151110770344,1.1379281045751635,0.04394319807932541
690,21,1.6345,0.02768692452176075,1.1281185377791374,0.03871066883396003
690,22,1.52,0.023541676370126764,1.1234210526315789,0.031736580278317314
690,23,1.642,0.02792471080753046,1.1618976857490868,0.04825511848109694
690,24,1.9635,0.02057431971120667,1.1322473898650371,0.0356023030501418
690,25,1.9195,0.03331251542904741,1.1695856994008857,0.04071943212275926
690,26,2.083,0.034816058001112815,1.1282337974075851,0.030265457780701843
690,27,2.3445,0.04638781033168533,1.1733076348901683,0.036116533350150165
690,28,2.7255,0.03184233362249553,1.1484680792515134,0.04707916939059016
690,29,2.987,0.03467214868935651,1.2145400066956813,0.04791179938618189
690,30,2.488,0.030681727804226257,1.2350707395498393,0.025242219078824884
690,31,2.1805,0.034270403066141306,1.2074844072460447,0.042691598882074216
690,32,2.666,0.03184171378619744,1.220721680420105,0.050372429238807435
690,33,3.08,0.04363726075632825,1.213831168831169,0.03948617524036585
690,34,2.6335,0.04677648419541812,1.2163196316688816,0.043080140671326
690,35,2.5725,0.045328479487311,1.1991229348882408,0.05085602027245171
690,36,3.1215,0.04182214850128062,1.2073483101073201,0.04306414537078527
690,37,4.1925,0.05573374202402026,1.2893127608825286,0.03621091792190119
690,38,4.34,0.05057043030321838,1.302626728110599,0.05004580642579809
690,39,3.9535,0.04371724337628193,1.1995289616795244,0.0447165297501379
690,40,4.478,0.04913782978306514,1.4007405091558731,0.07205869932576903
690,41,3.2675,0.04607702361549806,1.275269701606733,0.04466363956243112
690,42,5.005,0.05983969814165337,1.3442507492507494,0.03599459138571315
690,43,6.4275,0.07673218977305714,1.3575641773628937,0.05405892913701783
690,44,6.155,0.060955117223983175,1.432977254264825,0.05176111253073347
690,45,6.1065,0.0690700445390878,1.393295300090068,0.06246097010995759
690,46,4.7075,0.04127491273222285,1.3323300584174191,0.05889371802751281
690,47,7.6895,0.07264721894919757,1.462525489303596,0.05414265484503836
690,48,8.6145,0.09547795281469043,1.5021057229090486,0.059617949332666696
690,49,7.8,0.07057284403925834,1.478974358974359,0.062270864967760846
690,50,7.3295,0.08140372098051588,1.5781335357118493,0.06795292113313149
690,51,7.911,0.06976992264051274,1.6822246239413476,0.060629125557394116
690,52,10.4325,0.09500657871958157,1.607135753654445,0.04929868611114744
690,53,10.934,0.1007874261163466,1.6847122736418512,0.06073415490027869
690,54,12.3185,0.09492732677380644,1.6946103624629618,0.05848065105237868
690,55,9.93,0.10342808332872033,1.7625478348439072,0.0679433813422098
690,56,11.0645,0.06227475200145019,1.7154267928961993,0.08467928029443397
690,57,14.997,0.12198597848674447,1.8092279122491166,0.06890734435986685
690,58,15.6055,0.12890730043431578,1.8667693922014672,0.057984332081737686
690,59,13.478,0.11862723571183696,1.9642021071375575,0.14866493778491097
690,60,12.463,0.1158245042703553,1.8012220974083286,0.06965794248295605
690,61,19.8945,0.17915514446834635,2.3005539093719367,0.09024504899538256
690,62,19.5795,0.1524786007419093,1.990330690262775,0.08262050700180018
690,63,25.043,0.15978126495800055,2.2918241025436252,0.10164478209030745
690,64,25.3065,0.1559474861004593,2.3529748384802325,0.09370587964335636
690,65,25.47,0.1706304100742451,2.5992579505300357,0.11948895840628439
690,66,24.523,0.14235260151432017,2.452451616849488,0.17640489481629212
690,67,28.7875,0.1449916059276319,2.6053441163699524,0.16091158207257616
690,68,32.9595,0.16901490902782595,2.8991598704470642,0.10621499571264134
690,69,33.0955,0.19909595015574905,2.9123409451435993,0.12863719136085838
690,70,39.7525,0.22278958092429157,3.2500407207093893,0.12866482837511992
690,71,33.809,0.2099672906857028,3.2932213020201724,0.19368531348592236
690,72,53.207,0.34791794253364194,3.950460484522713,0.2195188534476904
690,73,62.7935,0.37811393089496753,4.721871813961636,0.22509989089444032
690,74,58.784,0.3291763245307572,4.507643984757758,0.2600187989131994
690,75,65.519,0.41050091351907797,4.630391779483814,0.2724645675167791
690,76,62.3735,0.32458903165954844,5.175419012080452,0.3053263892247193
690,77,88.653,0.4520509403060429,6.155782556709869,0.32481916302463065
690,78,88.067,0.44651698853753674,6.268483211645679,0.31594708885458694
690,79,130.273,0.6176360280601275,8.307388875668787,0.5177047737975753
690,80,124.07,0.5937255258113783,8.419618763601195,0.4962345416022467
690,81,156.443,0.7241594401351352,10.354606796085475,0.6062615713499725
690,82,211.4785,1.1241174959659845,13.19537228488948,0.6741854697254613
690,83,263.935,1.2820143483883688,16.375637088677138,1.0367811818303077
690,84,387.393,2.136226641336974,23.12314510329304,1.4501047007631644
690,85,352.9845,1.8252381928192918,22.526502607763227,1.627499937589459
