x_beam_mm,channel,mean,mean_error,fano,fano_error
-690,0,196.461,1.4704512196851904,13.433798458727178,1.1395363232165745
-690,1,247.406,1.9205493183489295,16.06457468290987,1.443099503087597
-690,2,397.0945,2.9091671330287596,25.5565553533227,2.252782033995694
-690,3,677.5435,4.870540782413985,42.0901124544033,3.688164041852305
-690,4,683.9125,5.315409519055215,41.3092666733683,3.5145412839168793
-690,5,407.596,2.9505704533191692,25.093952796396433,2.2023905375580157
-690,6,257.3225,1.973733821306295,16.478650307493517,1.4188870060356293
-690,7,206.0,1.648834037800819,13.510888349514563,1.1192875886167335
-690,8,3.5465,0.05757500828438805,1.2564042718172848,0.046343227785185494
-690,9,3.7065,0.057520133774824414,1.3312714825306893,0.05511779121503795
-690,10,3.1395,0.05883283633804275,1.2451153846153846,0.036346186271203354
-690,11,3.3725,0.05153371405410737,1.2613028169014084,0.04940495583113305
-690,12,3.465,0.056700970009339234,1.2971933621933625,0.03868057943930661
-690,13,3.5425,0.045438651527433926,1.216427311220889,0.040173657771640774
-690,14,3.468,0.038337833450577306,1.324387543252595,0.04361087616752627
-690,15,3.1235,0.03473414064455586,1.219224507763727,0.035723699327377546
-690,16,318.6865,2.3645175623436403,21.038880585622547,1.7374354924686537
-690,17,343.7315,2.537211406975016,20.929587214875564,1.750204837033621
-690,18,232.7025,1.6868527023642994,14.722669476047747,1.1099532507934484
-690,19,185.2665,1.3613067010084614,12.076130750837306,0.8960770279493523
-690,20,136.394,0.9972811460217743,9.705813774799477,0.7775656489636706
-690,21,107.1735,0.8714220909102053,7.658286775648831,0.6187756775077575
-690,22,111.8825,0.8636455398026744,7.78650542980359,0.5931336444836196
-690,23,75.511,0.6246350092148498,5.727614241633669,0.46130826007393266
-690,24,75.736,0.6328957675886108,5.507358508503221,0.3736833553392353
-690,25,53.0265,0.44877510192218045,4.616612406061121,0.309447171775137
-690,26,55.539,0.46089552418148366,4.241604620176813,0.3462053995135625
-690,27,49.642,0.39747201159326795,3.9374689980258655,0.2622931021562894
-690,28,52.4305,0.37713007319128183,4.268015177234624,0.2867805795675447
-690,29,44.3025,0.3469338439894047,3.5660514361492015,0.265864661792035
-690,30,27.77,0.2681034757033365,2.9793698235505945,0.16983340555396342
-690,31,32.903,0.30413388672200065,3.08718326596359,0.19178133203116474
-690,32,27.219,0.25149542216195653,2.6728769976854396,0.1689398783346888
-690,33,27.162,0.265029889079068,2.6236196156394964,0.142745293591968
-690,34,23.2245,0.18045479824744526,2.4433292320609703,0.1500354733858543
-690,35,20.0875,0.1902462047480902,2.1536200995644057,0.1253089757792948
-690,36,20.333,0.1537806024315513,2.218615600255742,0.137358215716602
-690,37,20.3935,0.20243293236344653,2.2306939833770567,0.15280725023317274
-690,38,19.7915,0.18697913618481823,2.2189337720738695,0.10719311109150599
-690,39,15.5775,0.19619119970606613,1.9548704060343443,0.11011612545291552
-690,40,15.825,0.13196789880796514,1.9845418641390207,0.11581406572679742
-690,41,9.8245,0.09993280637245035,1.8189933075474578,0.09264493415196252
-690,42,10.5575,0.10103119632855478,1.6424052806062042,0.08091676432231172
-690,43,12.381,0.1116406358766701,1.803233906792666,0.10392009637026771
-690,44,11.4505,0.10340130051101121,1.5832976507576089,0.06936690469509647
-690,45,8.7585,0.08865152060322011,1.6085148998116114,0.06541558094384847
-690,46,7.677,0.07039400393125578,1.5084891233554776,0.08300978554555954
-690,47,9.7205,0.10503501922291406,1.5222858649246436,0.058048715639373694
-690,48,8.493,0.1013620400243334,1.5236019074531968,0.040478559801017513
-690,49,7.92,0.06240782676960679,1.4331565656565657,0.0726536546577393
-690,50,6.058,0.0696744308608939,1.4098111587982836,0.058413602600622866
-690,51,5.478,0.06474890773311641,1.3502219788243883,0.050706187195062806
-690,52,5.8975,0.0749100337598027,1.365831920305214,0.052500994387524
-690,53,6.3255,0.0746235288138503,1.4240059679076758,0.06066697804021876
-690,54,5.7925,0.05297405025104269,1.361492231333621,0.03760532750064596
-690,55,3.4825,0.045252944074042734,1.2831855707106965,0.05001778847353514
-690,56,4.4,0.05441071875825147,1.2602272727272725,0.0458130691478297
-690,57,4.6175,0.05743130908448702,1.2769233892799132,0.052378485101210376
-690,58,4.7845,0.0558450629208311,1.2498818580833941,0.04986768451975919
-690,59,3.7145,0.058953483000538154,1.2978839009287921,0.06761901682010787
-690,60,2.4575,0.029681422508115785,1.243619023397762,0.051470138226807675
-690,61,3.2835,0.04116254684975037,1.2748980508603627,0.044985452645845886
-690,62,2.9045,0.04279987088027736,1.164530814253744,0.03495449683814229
-690,63,3.2005,0.05946903218880957,1.2758318231526324,0.0344225639926829
-690,64,3.002,0.037965358171004195,1.1572271818787476,0.025761479162709662
-690,65,2.2845,0.03645815914745354,1.216266031954476,0.039873184741058186
-690,66,1.8345,0.03700266704470166,1.2167401199236847,0.048055640099517384
-690,67,1.9185,0.04522036685993794,1.1831419077404224,0.034651588856029654
-690,68,2.1955,0.032690534603025116,1.1342654292871783,0.03658440610160504
-690,69,1.87,0.030949874585240275,1.1663636363636365,0.0333990989554368
-690,70,1.5285,0.03453659386490612,1.195412332351979,0.04308433319791533
-690,71,1.685,0.024154110470716545,1.149421364985163,0.03573361818718648
-690,72,2.1145,0.04075908035737489,1.1782406006148025,0.04467109625292643
-690,73,1.8905,0.0362772583540185,1.121137133033589,0.039401309140411504
-690,74,1.5435,0.03112178962517557,1.1435748299319728,0.04199603936775829
-690,75,1.4185,0.03680871607306315,1.1366639055340149,0.03575963402604287
-690,76,1.298,0.02724740451183524,1.07873343605547,0.03558772583508356
-690,77,1.374,0.029338316961019854,1.103438136826783,0.03206459738601349
-690,78,1.0795,0.029695604849344658,1.1599627142195463,0.03972759239731768
-690,79,0.957,0.02722324857833638,1.083752351097179,0.041230367507838116
-690,80,1.1425,0.02814319586834817,1.136274617067834,0.038326919351044146
-690,81,0.7995,0.016724941979287297,1.1060659787367104,0.02699935395874281
-690,82,1.0925,0.028872450901380572,1.1175686498855835,0.025354296727107872
-690,83,1.0835,0.028518461241430017,1.087704430087679,0.03352728471889747
-690,84,0.87,0.01948008429680237,1.1575862068965517,0.05212963032019265
-690,85,0.865,0.018245403170171585,1.1084104046242773,0.04296304481646336
-670,0,302.981,1.8134183916454583,20.23067994032629,1.8681395003588652
-670,1,311.5665,1.8258287627958716,21.132119716818078,2.349209595563148
-670,2,330.714,1.8709955694903808,21.62477005509292,2.0697229977178555
-670,3,346.272,2.1425429554129054,22.850571273449773,2.22640214343204
-670,4,347.3035,1.8360217684467952,22.894884122244665,2.2078355848908457
-670,5,320.0535,1.7312291457987907,21.050698204362707,1.9731740156488093
-670,6,266.8955,1.3377723972492834,17.657579763428007,1.7854504701420166
-670,7,290.961,1.6871575130035474,19.308482851653658,1.7354659994283277
-670,8,3.714,0.05170462668903669,1.2124943457189012,0.05113977053995532
-670,9,3.812,0.034539070173081554,1.228398740818468,0.042632893910463626
-670,10,3.7055,0.04845222823619795,1.2059829307785723,0.03815407804109032
-670,11,3.2605,0.050692442081739585,1.2454040024536115,0.05036226172923381
-670,12,3.835,0.07029823685742881,1.4137614080834418,0.06104267238374247
-670,13,3.4975,0.0585701333984802,1.265187634024303,0.05233464126258174
-670,14,3.413,0.04653295380129727,1.264995898036918,0.05812387011767862
-670,15,3.3485,0.046720191735367095,1.3152300283709126,0.06194832195309779
-670,16,282.756,1.487011733220961,19.58376290511961,1.6216444709181943
-670,17,318.4955,1.8917092626010144,22.04137885700112,2.572951634953536
-670,18,344.6255,1.8573737082518638,22.04444026849435,2.3528540171902392
-670,19,233.2385,1.458959844871453,16.22775664287843,1.9065166826506816
-670,20,186.221,1.0058601713014181,12.652671605243231,1.3522490670275855
-670,21,136.527,0.7568595433903629,10.227019351483591,1.1582759696140663
-670,22,107.353,0.6221753433677131,8.407025336972419,1.072446874419945
-670,23,112.757,0.5944019993591093,8.055109226034748,0.7602534452144527
-670,24,75.2995,0.4923704611901767,6.053848959820451,0.6988475204375283
-670,25,75.967,0.5775698180625707,6.153302236497427,0.6630133789659367
-670,26,52.983,0.33078542894148166,5.0971577864598085,0.5275861947499262
-670,27,55.4685,0.37615735439195946,4.8039339039274545,0.4659532099928265
-670,28,49.58,0.3002218477971551,4.03264622831787,0.32317459743107124
-670,29,52.649,0.25069576865406445,4.143512678303481,0.3176530075723408
-670,30,44.559,0.2775370055932762,3.8305060481608653,0.38555516645631355
-670,31,27.948,0.22397673751389577,2.9984004579934163,0.2702326959901465
-670,32,33.071,0.27257727055103265,3.2369737534395697,0.2769439332890141
-670,33,27.309,0.13878400484205625,2.7831674173349445,0.27235311880837854
-670,34,27.333,0.19292772030778402,2.941137489481579,0.26295283927426266
-670,35,23.674,0.13790042173898498,2.5057752808988765,0.2129004787094616
-670,36,20.0745,0.10161453221805784,2.3001793195347333,0.19647701052942193
-670,37,20.6455,0.13998209471966577,2.531003354241845,0.17286405124087476
-670,38,20.395,0.1295914633315839,2.2944827163520474,0.12961068153079697
-670,39,20.0725,0.14586741456397637,2.2090045460206746,0.13272100391552685
-670,40,15.755,0.15895464430889877,2.1848286258330685,0.14228800895277413
-670,41,15.9045,0.12378137560783686,2.0403269357728946,0.1306725015447301
-670,42,9.8395,0.09367489974430303,1.7753686416992736,0.13105059267107455
-670,43,10.62,0.08797128718178879,1.8747269303201506,0.11226110752225518
-670,44,12.4265,0.0879451832857147,1.795324327043013,0.09705363650083526
-670,45,11.739,0.05683725612844478,1.7410238521168755,0.09914425157650503
-670,46,8.6205,0.08906377076655758,1.690096833130329,0.1068673094244959
-670,47,7.6505,0.07612135394431595,1.5420364355270895,0.07874611297943296
-670,48,9.483,0.08324377643877978,1.635316988294843,0.14887435008102923
-670,49,8.559,0.09471536306217701,1.566131440588854,0.07789733867219559
-670,50,7.9625,0.07874634494441816,1.4770604395604396,0.07038823791419895
-670,51,6.5475,0.07382366971728205,1.3540654830087822,0.059139537132594316
-670,52,5.48,0.06091408963277288,1.4105109489051095,0.0703708516306322
-670,53,5.8295,0.06777080181720861,1.5195865425851272,0.07793741971098947
-670,54,6.423,0.06365656207129702,1.3889258913280398,0.07976114677445671
-670,55,5.7695,0.054865745233250496,1.3823329144639915,0.07211838522802189
-670,56,3.4615,0.048342391770631966,1.3391644518272428,0.06989235714747383
-670,57,4.443,0.04308559412440112,1.2981658789106463,0.05341609078437218
-670,58,4.5315,0.06493427851540191,1.2752968663797861,0.05466400778572264
-670,59,4.773,0.053871679895255584,1.2888059920385502,0.055644428199676556
-670,60,3.6735,0.048118685505080215,1.2418395943922689,0.04711273654842621
-670,61,2.4585,0.03235717605269774,1.3098546878177753,0.06766788939293807
-670,62,3.26,0.05352815294678824,1.227116564417178,0.04918294944787759
-670,63,3.0025,0.058055667477997105,1.2777664446294756,0.052787528376657455
-670,64,3.1465,0.04292143986401198,1.17973549976164,0.04215466429323621
-670,65,3.1115,0.05553697203807465,1.21454852964808,0.04169634766073798
-670,66,2.3145,0.03258571692273208,1.2489046230287322,0.04535390580613651
-670,67,1.8435,0.029516052724255955,1.2579374830485492,0.04486692829918896
-670,68,1.9165,0.027599342097421913,1.1560280459170362,0.0513245699190764
-670,69,2.2215,0.03381275841422781,1.108457236101733,0.037646209176671275
-670,70,1.9835,0.024444082267386084,1.1798476178472397,0.046753602824516446
-670,71,1.517,0.02924578242197815,1.1791107448912326,0.0372695591805169
-670,72,1.654,0.030585514287167517,1.153738814993954,0.031580990757070306
-670,73,2.097,0.03238826948140332,1.1223609918931807,0.038633898292449974
-670,74,1.9225,0.02252337966600361,1.174249024707412,0.04159692325924787
-670,75,1.667,0.03725516566089932,1.1728320335932811,0.0406358145807068
-670,76,1.3665,0.032194107012243525,1.1219742041712404,0.028825087443619928
-670,77,1.3505,0.03017034968309118,1.0630505368382077,0.04402897382594574
-670,78,1.385,0.026232763764743653,1.1825090252707582,0.05890255766213831
-670,79,1.107,0.018975052874206852,1.1242556458897923,0.03468506361792441
-670,80,1.004,0.019458457774124093,1.1294661354581672,0.036298112237738184
-670,81,1.13,0.02201674004264171,1.1646902654867257,0.055291647851314234
-670,82,0.808,0.023648745376758058,1.1511584158415844,0.04263361358511181
-670,83,1.1025,0.022063007859071976,1.0848015873015875,0.03153527733652931
-670,84,1.107,0.018723753559807942,1.1459358626919602,0.02406238550922132
-670,85,0.8555,0.020944475468045946,1.072612215078901,0.031972027164870104
-650,0,287.701,1.548415132014868,17.65232862937564,1.1916484340678126
-650,1,272.733,1.6212977420637689,17.370933150737162,1.2131829618571162
-650,2,259.1155,1.445686046393492,16.79472343317941,1.2756087209722402
-650,3,252.126,1.4615232500806576,16.46185289894735,1.32949319305196
-650,4,271.9735,1.5257969919115486,16.79280076091972,1.1789911409784595
-650,5,269.294,1.538211435743696,16.623046053755374,1.168153821424589
-650,6,267.114,1.4691296026810232,16.778222047515296,1.0532165933274549
-650,7,244.2255,1.4557236353894754,15.815472380034025,1.0854270912524133
-650,8,3.836,0.04990200924126993,1.2445526590198124,0.05176355906585385
-650,9,3.7895,0.0598483829971071,1.2529858160707217,0.03709441206927655
-650,10,3.593,0.05052409534594686,1.2082802671861954,0.0338516654513181
-650,11,3.7875,0.06676697497542032,1.323655115511551,0.039484924004161974
-650,12,3.8895,0.0521812378058183,1.3177245789947294,0.044272232807282194
-650,13,3.645,0.04686205961733797,1.2705006858710564,0.04435626976439014
-650,14,3.77,0.04889839088946532,1.3257559681697613,0.05550946281335163
-650,15,3.5965,0.060711895132060656,1.2408418601418045,0.04687041570326732
-650,16,216.893,1.2915040395641493,14.333872236540598,1.0405359367013636
-650,17,281.9955,1.7788381002334213,19.279621411511886,1.4953231173062695
-650,18,317.989,1.7859947692503093,19.915641355518584,1.317677299604297
-650,19,342.948,2.083176547082801,19.95304913864493,1.3341338261452322
-650,20,232.128,1.3614898186603466,14.625024193548388,0.9140405389808888
-650,21,185.629,1.1587711049574028,12.058301014388917,0.7270677528723
-650,22,136.621,0.7292934215642075,9.539392618997079,0.6380538984355298
-650,23,107.201,0.7213758418904612,7.6871633566851045,0.49638020515179115
-650,24,112.126,0.5941944569175815,7.288382034496904,0.4053877256953893
-650,25,75.302,0.41194506532073166,5.660510955884306,0.327607551475911
-650,26,75.2495,0.5426433717897675,5.708918328360986,0.29227927035547197
-650,27,52.3045,0.2770013062861071,4.367880005544457,0.25730203996047846
-650,28,55.4995,0.3453796347575598,4.518310971270012,0.24697511566745767
-650,29,49.6225,0.30105068204190066,3.6612624061665575,0.17212619146644895
-650,30,52.385,0.2895536492421962,4.113310585091153,0.22118908661023776
-650,31,44.322,0.3116784780574522,3.446264067505979,0.17406911413647694
-650,32,27.67,0.22803508501982905,2.8201698590531263,0.16154107557296818
-650,33,32.828,0.19219726708172932,2.790344096502985,0.1400813993892194
-650,34,27.2785,0.2469511724591496,2.6729086185090827,0.13199271982085384
-650,35,27.1915,0.1603487564161649,2.7433877406542484,0.15121084611624705
-650,36,23.3655,0.15675571843846195,2.373238738738739,0.1349301589481581
-650,37,19.9575,0.15610366832063235,2.157920268069648,0.10292119867919158
-650,38,20.399,0.15561237266462907,2.375596793960488,0.11424942737076868
-650,39,20.4035,0.15336793564565687,2.1466752150366357,0.09481643965265953
-650,40,19.972,0.1393926676316708,2.0760672942118967,0.10309211093367483
-650,41,15.786,0.11522380967399741,1.9229192955783607,0.08815057019899729
-650,42,16.04,0.10019454759826617,1.9013341645885289,0.09661238604013613
-650,43,9.934,0.09894017331062699,1.7822270988524263,0.1015899107219968
-650,44,10.539,0.10354734487942681,1.7643494638960053,0.1051849377798281
-650,45,12.35,0.08999707597589227,1.7678947368421054,0.06912956706000897
-650,46,11.7525,0.12400313026609276,1.7306312486704958,0.062376366757814224
-650,47,8.6815,0.07466512960510652,1.5973112653343318,0.05705407078696446
-650,48,7.563,0.11097676380784899,1.5251925161972761,0.06805526002880853
-650,49,9.617,0.10196000247775178,1.6148810439846104,0.06575954636612312
-650,50,8.429,0.06573031023972599,1.4841569581207732,0.05963004625920743
-650,51,8.5765,0.08472952322103064,1.4975978254532736,0.06697483705782063
-650,52,6.367,0.07370317425143139,1.3722806659337206,0.05415365827736666
-650,53,5.3805,0.047030085555614484,1.3141380447913762,0.04412939634850233
-650,54,5.8815,0.06107921948282888,1.3522838986653065,0.06790997780901534
-650,55,6.478,0.059270122055054185,1.4178011732016056,0.05878879661894374
-650,56,5.546,0.07949975173744758,1.3636646231518212,0.05188000434710852
-650,57,3.3915,0.03440681542032633,1.318952602093469,0.05393787423352714
-650,58,4.12,0.041039134083405704,1.3139805825242719,0.04438228632520164
-650,59,4.481,0.0560305367869304,1.2454003570631553,0.03657272111536902
-650,60,4.5175,0.07054627074331721,1.2898049252905368,0.04578097008851768
-650,61,3.6625,0.0406776480715342,1.2446672354948805,0.048211831630562245
-650,62,2.5325,0.03348900055084859,1.1987931885488647,0.03204223772372365
-650,63,3.167,0.04192788294704439,1.2147492895484686,0.05507217913456406
-650,64,3.0,0.054449397077518294,1.207,0.03379263309543364
-650,65,3.0875,0.05463695972893299,1.2135526315789473,0.040720786604386126
-650,66,2.9955,0.04066858997465143,1.1468802370221998,0.032394155291938585
-650,67,2.2365,0.030875599291008787,1.1837995752291528,0.03017657186532994
-650,68,1.879,0.03468580780604499,1.1454811069717936,0.04659670067565193
-650,69,1.8165,0.03225127496459787,1.1840505092210296,0.035135557343010715
-650,70,2.049,0.030615613491708462,1.159394338701806,0.030747260085662167
-650,71,2.0935,0.03992278731963012,1.2413459517554333,0.052094003204111644
-650,72,1.56,0.026832815729997395,1.1476923076923076,0.040690299046614156
-650,73,1.623,0.032331343762263993,1.1120585335797906,0.040795244484255117
-650,74,2.0975,0.03797419483918299,1.1523212157330156,0.034193392106792106
-650,75,1.861,0.03432737130997115,1.1228796346050511,0.04147242902137216
-650,76,1.5825,0.03592298047651097,1.1767417061611374,0.03324774964019763
-650,77,1.5855,0.029606853758440622,1.1571679280983918,0.0333992385969171
-650,78,1.2165,0.031096412045528016,1.0897063296341964,0.03687482497347632
-650,79,1.302,0.028659525834399648,1.075112135176651,0.03992757480325051
-650,80,1.2235,0.0177152179599468,1.156148549243972,0.03179897529807583
-650,81,1.0205,0.030205219137723536,1.148534786869182,0.08224067836848808
-650,82,1.1435,0.02228139417352038,1.0580741145605597,0.033044159126535966
-650,83,0.8185,0.023093346045537616,1.1698934025656689,0.030123618950020335
-650,84,1.082,0.02349243999337031,1.091752310536044,0.028837809818296287
-650,85,1.147,0.026208676747254994,1.0674725370531821,0.04531009720634685
-600,0,166.1765,1.4038532077633188,13.306823454279037,1.2667420525975297
-600,1,186.4025,1.4995388545535644,14.379208936307185,1.3072934462751644
-600,2,201.8925,1.4722386954280715,14.041244443206162,1.1032902965422462
-600,3,186.852,1.2336575059980204,13.55157609230835,1.0930055485233336
-600,4,180.37,1.4038362852517723,13.489012030825526,1.0700602058292605
-600,5,208.67,1.608002192980956,15.05998035175157,1.3834506654949625
-600,6,173.665,1.4171231978535668,13.23263625370685,1.1109405943297623
-600,7,192.6525,1.4143774667396949,13.754203780122243,1.1867078755082279
-600,8,3.9215,0.0589882905418745,1.3768552212163716,0.06127679644168773
-600,9,4.28,0.048596079547309295,1.2940654205607478,0.04166229200232278
-600,10,4.442,0.052383203414834954,1.3263475911751461,0.050294717081764646
-600,11,3.8255,0.04400044856230667,1.3783949156972946,0.08637637812030294
-600,12,4.3515,0.04082875019034097,1.2887389980466506,0.0409532476454383
-600,13,4.85,0.05806983092069352,1.3050515463917527,0.04540663458505239
-600,14,3.8795,0.060181632973594405,1.204531447351463,0.05133575625467873
-600,15,3.921,0.05018334804546864,1.280734251466463,0.06284282928079278
-600,16,130.705,1.0422893577424412,10.016058873034696,0.778133226039554
-600,17,133.865,1.0060813768488697,10.695945728905986,0.8334589353399261
-600,18,175.868,1.3862874692387754,13.370246866968408,1.1575256623153816
-600,19,254.86,2.1052814538678724,18.47961782939653,1.597532423490353
-600,20,368.4995,2.935058098142802,26.573935649166415,2.288559085678918
-600,21,370.7175,2.6724427890090103,25.960459632334594,2.2480654450326614
-600,22,258.6945,1.905842468085412,19.17082570271111,1.7074854373380588
-600,23,182.103,1.5094539096186899,13.85142689027638,1.177573258849368
-600,24,148.7895,1.2346858699152703,11.066891075983182,0.9719596280756978
-600,25,130.8425,1.0943098942881109,10.113897959378642,0.8620508501139258
-600,26,102.056,0.7094257870760098,7.92804797366152,0.5910401059350565
-600,27,82.9375,0.6941552514804578,7.659461567445366,0.6312222564805421
-600,28,79.387,0.6710463549758019,6.325622973534709,0.5665095164262106
-600,29,72.1445,0.5176472457693898,5.910881907144689,0.4662514271846237
-600,30,63.489,0.5731009371921576,5.514717179353903,0.3841577909389067
-600,31,58.632,0.4291825767788418,4.753693819074908,0.31655745014305264
-600,32,38.2485,0.2846329815930069,4.018216341817326,0.3510681708107468
-600,33,32.719,0.32483915047945117,3.7349258534796297,0.21775746325594847
-600,34,40.0775,0.3303697091696529,3.7749483812613063,0.2813233368229
-600,35,40.0025,0.3659118926160999,3.5775137491406785,0.25507530940845435
-600,36,34.491,0.3158479814221055,3.228781972108666,0.27097185040144217
-600,37,26.8375,0.24481451087883335,2.825117605961807,0.19189935517019438
-600,38,23.197,0.2377228594282361,2.722213691425615,0.21092404840757487
-600,39,26.2715,0.2492327964817346,2.7843019146223096,0.15771309252840587
-600,40,20.2565,0.19509144279704282,2.4197027003677833,0.1691163537828305
-600,41,20.569,0.18753792598888055,2.5201146871505666,0.1466894617709721
-600,42,15.6255,0.1253363369834184,2.306822165690698,0.13783087038126268
-600,43,12.774,0.13196769939727834,2.167286989196806,0.1603618756918951
-600,44,17.0215,0.17366070215706167,1.9176357988426405,0.12971614684914595
-600,45,13.252,0.13453350199074887,2.0444080893450045,0.11410517413085834
-600,46,16.252,0.12405134760293882,1.9698188530642382,0.10701017156318723
-600,47,10.3385,0.09538088465670039,1.783809812835518,0.09098527661533136
-600,48,9.3705,0.09627940425766301,1.8101733898938157,0.11290022118142413
-600,49,12.4175,0.10284089653440423,1.7417510569760417,0.06354825111153051
-600,50,9.5155,0.08515767110113043,1.7036161788660604,0.07110733302949362
-600,51,8.3835,0.10748139373863642,1.6715486073835508,0.059136487410796364
-600,52,6.543,0.08978072703742386,1.6352057160324014,0.07970089126001698
-600,53,8.2155,0.10393691153265666,1.6157336437222325,0.095697614723643
-600,54,7.5145,0.08512676306235135,1.451299454388183,0.05521365978823135
-600,55,6.028,0.05260878453762568,1.4761473125414732,0.06397259118536294
-600,56,7.1595,0.074947262159889,1.4879614149032754,0.07273710247262068
-600,57,5.235,0.05658947270520029,1.470826170009551,0.09741192468115802
-600,58,5.3535,0.08500239934694077,1.4152494162697302,0.0574387628227767
-600,59,4.4475,0.06535681416573733,1.3947709387296234,0.05055786322014037
-600,60,4.729,0.05401705383731269,1.2982784943962784,0.06781237193877143
-600,61,4.5445,0.0627881777340121,1.3807943118054793,0.047171258821827225
-600,62,3.5155,0.05672869412248179,1.2577897169677146,0.03929389745715534
-600,63,3.0255,0.04504661328469701,1.259246322921831,0.051525425942400734
-600,64,4.011,0.05172243735861446,1.2794512590376463,0.05297394799059641
-600,65,4.2445,0.03427040306614117,1.2544987042054423,0.04340241677721248
-600,66,2.553,0.03282409256371879,1.2715201723462592,0.059267615990750255
-600,67,3.052,0.06427981593659178,1.3431507208387945,0.05215575559378549
-600,68,2.3085,0.05089346457888398,1.220848061511804,0.03790697780831757
-600,69,2.6,0.03148098841489805,1.266153846153846,0.05596207669686377
-600,70,2.4465,0.03991619510397945,1.186649397097895,0.04984629708119677
-600,71,2.669,0.05105672799626117,1.2369572873735482,0.053433162930559414
-600,72,2.325,0.03420141579094754,1.1145698924731182,0.03261706342305168
-600,73,1.5985,0.023488799122358916,1.0811997184860807,0.03274768171209113
-600,74,2.792,0.03559716132975825,1.1191747851002867,0.028831387636959232
-600,75,1.9215,0.033017339941947166,1.1310631017434294,0.03252628944845946
-600,76,1.7195,0.03430110478503106,1.1769815353300377,0.04099919891859516
-600,77,1.1425,0.022790522037391747,1.1397757111597375,0.047870270503399065
-600,78,1.1875,0.025244853566201274,1.0318684210526314,0.03963515412068687
-600,79,1.5335,0.02990577307407204,1.1580552657319856,0.03439904387122682
-600,80,1.3935,0.028043903549894608,1.1070382131324006,0.03329287005967215
-600,81,1.101,0.0327100499605403,1.1960027247956404,0.03818440433478124
-600,82,1.4185,0.021864113832584454,1.0703967218893198,0.042393268387330936
-600,83,1.4215,0.02727322766686092,1.0614405557509674,0.038567762147108095
-600,84,0.983,0.023654308609415618,1.0841414038657173,0.035124251678509286
-600,85,1.3905,0.022153471867620966,1.201013843941028,0.025857591336780287
-550,0,160.909,0.9914075321162584,9.490828474479365,0.681339916287717
-550,1,132.025,0.7775563949762262,8.348747396326454,0.5659467397050182
-550,2,111.1165,0.7240304860548703,8.01288672474385,0.6108927322391482
-550,3,156.347,0.9907520004096788,9.468058811489827,0.6797127991450458
-550,4,153.0485,0.829481535913275,8.851155991401418,0.6435203850365853
-550,5,154.2465,0.9367247742168343,9.044086820446495,0.6050629110275817
-550,6,147.7265,0.8897986984055593,8.9062605405936,0.5897504016770014
-550,7,131.4225,0.8100879987936339,8.02535329757081,0.6114220123047386
-550,8,4.7005,0.05221652793391847,1.3279012339112861,0.05221550420027873
-550,9,5.134,0.0672442523468306,1.3354195559018307,0.046565406817331165
-550,10,4.551,0.04675186458426305,1.3044163920017577,0.051469185496779035
-550,11,4.794,0.05468281746870615,1.2908977889027953,0.03465402466233761
-550,12,4.91,0.07667429405231668,1.3971283095723015,0.07432539429877477
-550,13,4.7155,0.05154698929387795,1.2858784328279083,0.037003670616405096
-550,14,4.9115,0.07330999429244217,1.2413046421663445,0.05954992768410103
-550,15,4.0455,0.03622644425220177,1.290923186256334,0.03758931193666069
-550,16,80.424,0.5138110445228636,5.2044442454988555,0.29719798858782526
-550,17,94.64,0.6397441922979411,6.419097633136094,0.5092144280087015
-550,18,97.444,0.6384361650487151,6.644430277903206,0.4651208620349655
-550,19,141.9215,0.8028266755985501,8.43562348023379,0.5170426733174374
-550,20,175.1535,1.0230800439436747,10.363258157844406,0.7071880660568668
-550,21,215.1335,1.329461757926679,12.774280517678557,0.9016196365418451
-550,22,280.7755,1.7650196770932485,17.646846322951962,1.371202941662014
-550,23,316.9495,1.8557260566604041,18.944506773949794,1.4026494022130627
-550,24,341.517,1.974031954628574,19.149578823308943,1.4712047703213553
-550,25,231.6625,1.50587968258458,13.29644890195867,1.0051170991285223
-550,26,184.4095,1.109408442416613,10.69942605858158,0.73227124895139
-550,27,136.048,0.8910468709982508,8.899452369751852,0.6044062101146294
-550,28,107.0945,0.6872823961846111,7.208031876053393,0.47386690668914927
-550,29,111.495,0.7124880423742678,6.840745997578367,0.49613381221295033
-550,30,74.9455,0.41815539481217673,5.440066845240875,0.35924593976667457
-550,31,75.544,0.511665700896278,5.143996399449328,0.30238367892277523
-550,32,52.5825,0.36662391098407937,4.1474101412066755,0.2555224155260296
-550,33,55.21,0.3893327625566598,4.086178228581779,0.2958406486299532
-550,34,49.384,0.3525742922831218,3.6441062692369997,0.24332539251632332
-550,35,52.249,0.31882588879891993,3.819364944783632,0.21016803770819653
-550,36,44.341,0.22791607411963183,3.3220432331250986,0.20226307427430068
-550,37,27.689,0.2518436231599203,2.7081252121781207,0.17712695298725215
-550,38,32.757,0.2205783068973099,2.817075770064414,0.1725336135714226
-550,39,27.051,0.23454423889748355,2.4662452035044917,0.10872250307062253
-550,40,27.113,0.22677846829937418,2.575452034079593,0.12274895942043905
-550,41,23.3905,0.19749680210602313,2.3066633782946067,0.08568038176269703
-550,42,20.0035,0.14155020496740872,2.155347201739696,0.10360998648014379
-550,43,20.242,0.13993344282569603,2.078768698745183,0.12565232657398462
-550,44,20.3765,0.14949964794889184,2.036696574485314,0.0684045598104588
-550,45,19.8575,0.15130463345602843,1.9568522598514408,0.07766436712886891
-550,46,15.6535,0.14125615962349883,1.7947064713961731,0.06928781301949481
-550,47,15.842,0.1493240911927016,1.7659409165509405,0.07565313077596213
-550,48,9.788,0.07738012800794657,1.6625516959542297,0.06974091434078651
-550,49,10.5375,0.11630467022346679,1.684231909845789,0.10671859421124028
-550,50,12.461,0.12487235588054635,1.5776806837332478,0.055313903020479505
-550,51,12.5645,0.10473142342502355,1.6624489434517884,0.06444116646118721
-550,52,10.092,0.11550028480256505,1.6160856123662308,0.06893604605876513
-550,53,6.953,0.08300634091187856,1.363410182654969,0.048838588983488
-550,54,9.6625,0.07909646009778097,1.486736739974127,0.0569830862946323
-550,55,6.9945,0.08965276583046722,1.5165443920223032,0.06482732393146771
-550,56,8.1615,0.059944162614711353,1.3941576609691846,0.05235597350798971
-550,57,6.119,0.07879987977548952,1.3446378493217848,0.054782096422546896
-550,58,5.485,0.07718910476703844,1.330679124886053,0.07005787810770185
-550,59,5.572,0.055547987788653684,1.3400603015075379,0.06146863648208902
-550,60,5.9005,0.05650558891779975,1.4226929497500214,0.06229664594128757
-550,61,5.244,0.05678862006089827,1.2914691075514875,0.049678849781238314
-550,62,3.997,0.052766117517728264,1.3680237678258693,0.0707575090232048
-550,63,4.4395,0.04754208661806912,1.241207286856628,0.03961661112401003
-550,64,4.2525,0.04285148772213145,1.2537904174015284,0.05545738800694406
-550,65,4.2855,0.05251804201264634,1.2682276863843192,0.0319138881435861
-550,66,3.7155,0.048452228236198144,1.3149131341676759,0.03919738024577255
-550,67,2.4155,0.051342375029639876,1.2191512109294143,0.04753417590368858
-550,68,3.2905,0.04261501465075669,1.2475641239933142,0.03733234459786599
-550,69,2.9575,0.0472500348092324,1.2945710059171598,0.044929267650495236
-550,70,3.179,0.04517742799230631,1.205083044982699,0.035213053264119984
-550,71,3.2705,0.042732183113950564,1.1834061305610761,0.056613806622355496
-550,72,2.061,0.038112713723486166,1.2092571567200385,0.03987651872050524
-550,73,2.297,0.03669289333171521,1.157070526774053,0.054217053974486076
-550,74,1.8545,0.027275157387745934,1.094812483149097,0.047157557319437424
-550,75,1.936,0.039158248442092404,1.0887933884297523,0.03388192745222782
-550,76,2.016,0.03047345695761101,1.165051587301587,0.04469098156530306
-550,77,1.5195,0.029014288675899294,1.095504935834156,0.04486486307075598
-550,78,1.7105,0.03668841061812583,1.1281436714410993,0.03393664303045358
-550,79,2.007,0.031010185084055283,1.111086696562033,0.037218054869764525
-550,80,2.0485,0.036528827837173906,1.182400659018794,0.040200741920276006
-550,81,1.53,0.030856202993205423,1.1170588235294117,0.04105035975459128
-550,82,1.541,0.027776362537047114,1.1565989617131733,0.04756075625256496
-550,83,1.3265,0.03094370950443298,1.1503186958160574,0.03520381231139963
-550,84,1.334,0.02523990157625313,1.1165247376311844,0.03577786381509327
-550,85,1.3315,0.027282874906393147,1.116490987607961,0.04057846628082457
-500,0,120.636,0.6404313513480397,8.850811565370206,0.5129232036698044
-500,1,104.449,0.5905777278492435,7.585629340635142,0.4891042919508429
-500,2,113.109,0.631022937275999,8.732719049766155,0.5486916907206252
-500,3,108.469,0.5976087877181028,8.68407599406282,0.5848339662500674
-500,4,115.799,0.5941362151100296,8.796523277403086,0.541724839672323
-500,5,121.5665,0.6177460196042044,8.505834894892917,0.5240301469979421
-500,6,111.3375,0.6254488388349594,7.756277927472774,0.4857862789911234
-500,7,109.004,0.62408476144966,8.196322923929396,0.491008054775937
-500,8,5.222,0.0401877174218561,1.4068778245882803,0.06572985843971921
-500,9,5.1125,0.08124969635570779,1.3965464547677262,0.06854631372601268
-500,10,4.8295,0.06064771007088462,1.3387368775235533,0.06833470175481045
-500,11,6.1665,0.06186264496532024,1.3752984269845132,0.03424826098499187
-500,12,5.625,0.04783469342158335,1.3440666666666665,0.06042396979586058
-500,13,5.4195,0.05534330654150852,1.4020702555586309,0.05317453696559543
-500,14,5.361,0.05347355470353167,1.454892557358702,0.06736125086100685
-500,15,4.5285,0.031733055984340355,1.3704731699238155,0.05197515664649418
-500,16,61.716,0.36808708923725825,5.255773932205587,0.2867661550453815
-500,17,53.9075,0.3517825846202545,5.105206951722859,0.2906471982692644
-500,18,76.1945,0.4332894225390421,6.164285739128152,0.3213840711678493
-500,19,92.3675,0.48378870714176087,6.835710003518554,0.38292048029121406
-500,20,102.9235,0.5597994354183858,7.562924383158365,0.4261034094820586
-500,21,130.317,0.6937309883596914,9.236550189154139,0.565078604659384
-500,22,134.566,0.765398554589979,10.438310152638852,0.6763525372114703
-500,23,176.611,0.9656925248916378,13.075944754290502,0.8110760796172477
-500,24,257.145,1.4129764217498468,17.76068745260456,1.2762056998883973
-500,25,369.807,1.8818319881378838,25.327121311927574,1.481169286517478
-500,26,373.2415,1.9808370472845043,24.669087381092403,1.608816073286609
-500,27,259.939,1.5047283195944485,18.348125056263203,1.102755102979473
-500,28,182.9095,0.9924521664199124,13.21542243431861,0.8322370314147439
-500,29,149.684,0.7471265657592047,11.02707800432912,0.6372956073651002
-500,30,131.551,0.5898482855785779,9.238921779385942,0.4983300615468133
-500,31,102.785,0.46821357025231614,7.763134455416645,0.4775341610061839
-500,32,82.9945,0.400580811874592,6.696039734560724,0.3653009607338208
-500,33,79.544,0.4471084879534246,6.06962264909987,0.34456113141659706
-500,34,72.9315,0.3304066672896828,5.450509145568101,0.25044313222750453
-500,35,64.061,0.321996976121793,5.200141724294032,0.29052862944641383
-500,36,59.0825,0.27159555360285653,4.78469417763297,0.24998221135530613
-500,37,38.246,0.215637854307928,3.9504911363279818,0.23882927496607328
-500,38,33.0915,0.2148466711523904,3.6160684088058863,0.17647637822596288
-500,39,39.9715,0.20805651433660033,3.60871340204896,0.2018667612641377
-500,40,40.436,0.23992257523055888,3.462481551093085,0.1736814121942174
-500,41,34.633,0.22121566043355226,3.0614821413103113,0.1391961794296802
-500,42,26.9725,0.20996600602052287,2.8736210492167946,0.15086582150560993
-500,43,23.318,0.1591996429512,2.788355605111931,0.1354586311995771
-500,44,26.346,0.1514724223640787,2.7535597054581338,0.1410734048992939
-500,45,20.395,0.14260453229676553,2.381759009561167,0.0997223967287925
-500,46,20.63,0.14409244108886293,2.409069316529327,0.08293810424760369
-500,47,15.8235,0.09073464782424441,2.256855167946409,0.10407282394299135
-500,48,12.601,0.10582980378145451,2.1861597492262517,0.10262859012282713
-500,49,17.1395,0.1224583172907582,2.0700160302225847,0.08552410727996632
-500,50,13.3365,0.08694303942963608,1.8767493532785966,0.10654922953145031
-500,51,15.9615,0.10168909013572526,1.8700634495504806,0.09116999444746565
-500,52,8.9435,0.08172249255543897,1.7335839156929613,0.08310894708348525
-500,53,10.153,0.06919499525558835,1.6964041170097506,0.07428335179324169
-500,54,11.802,0.0722408253143975,1.7079135739705138,0.08227163347577751
-500,55,10.293,0.11061336171310247,1.6550229282036335,0.040147208988326466
-500,56,7.762,0.06987808933006863,1.5739958773511984,0.07094468936349575
-500,57,6.3775,0.07374520501807505,1.5267728341826734,0.07487568596479727
-500,58,7.8715,0.07586440466211351,1.6352649113891888,0.07217303225821811
-500,59,6.673,0.0719542983610538,1.4981374194515211,0.05120452221192046
-500,60,6.5545,0.06546383091367865,1.3973651308261503,0.05689886346398467
-500,61,7.6945,0.0694318105466759,1.4248059977906298,0.05850067001075291
-500,62,5.3085,0.05939730190576158,1.3925454930771404,0.06115398452853464
-500,63,4.826,0.06185466837676846,1.3173899709904684,0.048188527097021656
-500,64,4.4485,0.048899870842580594,1.3468242666067216,0.05817270395854519
-500,65,5.172,0.040978813524731886,1.3863913379737047,0.040624203777398615
-500,66,4.112,0.04387542172536912,1.248408560311284,0.03804559924197544
-500,67,3.532,0.030937968497249974,1.2952933182332955,0.046156259704063805
-500,68,3.246,0.05260778409483178,1.388935304990758,0.05038076960693157
-500,69,3.7015,0.04506296764119705,1.2933669458327706,0.05222387007748182
-500,70,4.381,0.06186104972989237,1.2562974206802104,0.04227791796246497
-500,71,3.0965,0.02865654145951765,1.2895810592604555,0.055696826681195646
-500,72,2.744,0.04038889894382783,1.2530845481049564,0.046563062319113994
-500,73,2.409,0.03730316763747381,1.213249896222499,0.034352534907719494
-500,74,2.6205,0.034583803632397075,1.2030069643197863,0.04018428855182903
-500,75,2.5575,0.03391843932606257,1.1944061583577712,0.03938342701447804
-500,76,2.817,0.047434719684835785,1.1925846645367413,0.034852586423594796
-500,77,2.1895,0.04170368530982671,1.1229000913450562,0.028683174206203997
-500,78,1.8,0.030966875341581556,1.198888888888889,0.03928101877446509
-500,79,2.6055,0.04660288561203514,1.1928112646325082,0.04091901416936259
-500,80,2.035,0.034331970676416426,1.1826904176904174,0.03945991940297462
-500,81,1.69,0.025495097567964024,1.0957988165680475,0.03528042631401621
-500,82,1.216,0.02842719231928993,1.2404144736842107,0.045057237148650765
-500,83,1.2475,0.023707371716076165,1.1432815631262525,0.03679956714282275
-500,84,1.8195,0.04044147818632171,1.1859960153888434,0.04241282366909441
-500,85,1.3185,0.027030927705714823,1.1513521046643913,0.042278493116214476
-450,0,87.2465,0.752819708268784,6.7350178832388705,0.48921162106938876
-450,1,91.25,0.6716687780211367,6.4037424657534245,0.4347491145494109
-450,2,93.308,0.8020787466262064,7.005595833154714,0.4623896513300825
-450,3,82.803,0.733502089833069,6.776290605412847,0.49161228849827476
-450,4,85.724,0.7081994961278879,6.838129625309131,0.5284253863715669
-450,5,93.3585,0.653157220937782,6.719591443200137,0.4558972862138493
-450,6,93.3795,0.7706171399052777,6.625827721823312,0.4378175932877893
-450,7,91.493,0.7400505317028495,6.76280099023969,0.4290712282522597
-450,8,6.3685,0.07655158219685698,1.4420519353065873,0.05809517966409705
-450,9,5.329,0.059696160504235034,1.416167948958529,0.07534887529446123
-450,10,5.977,0.06909985147367732,1.438593106909821,0.06915998626419592
-450,11,6.0195,0.09468917294857015,1.381529985879226,0.054249346857809626
-450,12,5.4615,0.06077687839440662,1.3777383044951024,0.04288310686451453
-450,13,6.0175,0.07238375435646345,1.4080920232654757,0.04823122064721902
-450,14,6.0435,0.06858446578758487,1.351304335236204,0.07363748686173532
-450,15,5.8065,0.07368951578645412,1.4371924136743306,0.07326506246985372
-450,16,50.5685,0.4353227931208338,4.021659882140067,0.21348798850454298
-450,17,39.662,0.3079342034984241,3.91883303918108,0.26797247352817044
-450,18,51.293,0.5262509407417533,4.51683759967247,0.36038162930351414
-450,19,66.093,0.49478708871381694,4.952572148336435,0.3263427557793976
-450,20,76.7765,0.6828628879095727,5.618744638658965,0.30563079268414434
-450,21,80.751,0.5959512078226411,5.914527361890254,0.3777623047387889
-450,22,95.3605,0.782793067701868,7.620278204812265,0.657054672187178
-450,23,97.8125,0.7780105786724966,7.694521086261981,0.5975793154681389
-450,24,142.3725,1.0859761253070073,10.058295975346363,0.7380989276993033
-450,25,176.284,1.3415267029533295,12.331484105193889,0.8453475941128462
-450,26,216.7895,1.717191476157951,15.051776906861267,1.1709120008069474
-450,27,283.6035,2.350725002945597,19.89790072319277,1.6229182617510978
-450,28,319.4135,2.5464054412156436,21.947317560935904,1.7002164322987103
-450,29,342.7435,2.6405433327452474,21.479391170802657,1.5743154082044082
-450,30,233.359,1.8877510847287902,15.63605482968302,1.167976849790675
-450,31,186.331,1.4399793309920204,12.579465784008029,0.8096529284729771
-450,32,136.8385,1.1656769605322912,9.949922118044263,0.7110023241762489
-450,33,107.6685,0.9404358661924019,7.901007330370535,0.5365085309283064
-450,34,112.7585,0.8623115431028521,7.911839708314672,0.5316108576968516
-450,35,75.8725,0.646069849164928,6.1959240007908,0.4371787592323725
-450,36,75.828,0.6320474665719322,5.54265463944717,0.3602681472675191
-450,37,52.6095,0.5153044450154028,4.970908481357929,0.29505616023443254
-450,38,55.558,0.45724783099252436,4.42796061773282,0.2985612084909687
-450,39,49.6775,0.45438036176522406,4.1861102863469375,0.3047339432652519
-450,40,52.379,0.44913009485589606,4.1128001489146415,0.23374840156824478
-450,41,44.579,0.359120929639672,3.623920657708787,0.2520307371508463
-450,42,27.8595,0.2534638716080184,3.068531730648432,0.2171464289462191
-450,43,32.8715,0.2600731425458707,2.9221358243463182,0.1396318946341888
-450,44,27.423,0.2641232766402041,2.675421033439084,0.18182038833408667
-450,45,27.2105,0.21407386206880216,2.626088816817038,0.12207560491340662
-450,46,23.43,0.20670599512605628,2.5486598378147676,0.1737515175682893
-450,47,19.943,0.14781941329665774,2.2127940129368704,0.12901672366273315
-450,48,20.4685,0.19937570326554818,2.3781912572977997,0.1423110468450854
-450,49,20.485,0.1198935931741592,2.29937881376617,0.13523546802706707
-450,50,19.986,0.19131456598464994,2.256719903932753,0.10477146838625163
-450,51,14.282,0.15882893810306462,1.9773474303318863,0.09990453593715837
-450,52,14.6245,0.12845739617312418,2.008239580840371,0.09336431506914121
-450,53,9.1805,0.11069273498720367,1.7541440825663088,0.08569220656589213
-450,54,13.401,0.15391368052460955,1.8201775240653684,0.08628632216904783
-450,55,11.6185,0.11326790552072773,1.7268113568877226,0.06511825617382039
-450,56,12.3505,0.117785431589551,1.6533459981377276,0.055117796399411445
-450,57,10.0045,0.10120192165847706,1.662100029986506,0.08991860557264104
-450,58,7.152,0.07078730186455147,1.491316554809843,0.05567395256887808
-450,59,9.7335,0.1031663832436663,1.5924875687060156,0.05134386293298797
-450,60,7.0455,0.07318137165901335,1.5302575757575758,0.06484512011073842
-450,61,7.6605,0.08081647500094827,1.5141622283140788,0.05442899837852949
-450,62,6.38,0.07065110719138402,1.4273667711598743,0.04957239096657714
-450,63,5.7315,0.04942977474740253,1.6022695193230392,0.07685877463276815
-450,64,5.727,0.06850701078222433,1.3501782783307141,0.04811562075586974
-450,65,5.4665,0.06540269992817403,1.3803855757797496,0.05466705962208075
-450,66,5.1715,0.05875585077249749,1.3893624190273617,0.041719066846491286
-450,67,4.296,0.07361492983584862,1.301532588454376,0.04522518400248419
-450,68,4.2125,0.05669806921431812,1.3332566765578635,0.05395739475277649
-450,69,4.6655,0.0743444154275435,1.3766176722752117,0.06428991073972988
-450,70,4.6855,0.05021781503976923,1.3331746345107245,0.053274024446095615
-450,71,3.989,0.06037122005166294,1.3055600401103031,0.02490636239334131
-450,72,2.485,0.05300695088481556,1.2767706237424548,0.043709755736641
-450,73,3.32,0.0385527663011838,1.2537951807228918,0.04948598423968484
-450,74,3.092,0.03746998799039049,1.225593790426908,0.03254083701689085
-450,75,2.9255,0.04412586662336666,1.2178942915740898,0.04347876132447693
-450,76,3.4245,0.040206539138226034,1.2662577748576436,0.036564882791169304
-450,77,1.863,0.03563041279285814,1.2234197530864197,0.04581451979788851
-450,78,2.263,0.036339770876663846,1.160331860362351,0.037135074368220035
-450,79,2.0595,0.04583422646657707,1.1580285263413452,0.03918728672135399
-450,80,1.9285,0.03620319119403116,1.1135015556131709,0.0412014562720575
-450,81,2.3505,0.03611002922355924,1.2387363326951712,0.03969633192532428
-450,82,1.352,0.02993501734019697,1.1221124260355027,0.04208076861942294
-450,83,1.8585,0.030841487778981325,1.1172869249394672,0.024867151893323263
-450,84,1.986,0.028877235616348394,1.1821772406847935,0.03953540980904528
-450,85,2.016,0.03094477253702837,1.2136626984126986,0.04950419207554067
-400,0,81.073,0.5703365119314228,5.961734128501474,0.38910380864967214
-400,1,77.1325,0.5298459930166414,6.045622062684343,0.49956048618265586
-400,2,76.94,0.4817604777217964,5.939139589290356,0.4503804021093437
-400,3,66.643,0.4422038705822229,5.43946927659319,0.35300532624918746
-400,4,66.8885,0.46871283712334194,5.740090863900373,0.4132704377333371
-400,5,73.0315,0.46824828940030955,5.8228231345378365,0.4638747103233593
-400,6,72.663,0.4498865938971893,5.8098816591662885,0.42193709014198383
-400,7,66.776,0.37872111666835695,5.271741703606087,0.36142501798429894
-400,8,7.075,0.07512971239270466,1.4286042402826853,0.06575698857540353
-400,9,6.6735,0.06149144142416158,1.497249981269199,0.06843952343794894
-400,10,6.857,0.07309366737636222,1.4224224879684992,0.05446613487281893
-400,11,7.392,0.07066451502848212,1.544282467532468,0.06694884382432771
-400,12,6.1495,0.06240139590206559,1.4311976176924954,0.07412645715852514
-400,13,6.8305,0.07316338960810514,1.5578317473098597,0.0713516445177025
-400,14,5.9945,0.05619269010336347,1.4133738843940278,0.0679290460896081
-400,15,6.035,0.07600727112032077,1.3318599834299916,0.05796689514120384
-400,16,35.7345,0.21020725987763056,3.2523194601855354,0.18576877872472286
-400,17,31.144,0.20767434020347117,3.2745075777035706,0.23704784072342924
-400,18,38.4945,0.20171433031054314,3.3706365779526943,0.2519902431191053
-400,19,50.3215,0.3448983641291274,4.20355390340113,0.23872228882314808
-400,20,55.226,0.32120447660248097,4.311518560098504,0.27299053265817136
-400,21,60.9225,0.3863001798438184,4.673535947310108,0.3453332881944324
-400,22,52.945,0.3372766317369034,5.038284540560959,0.3717833669041614
-400,23,74.738,0.405600659191827,6.006962401990956,0.40053322408073533
-400,24,91.0425,0.4875949974917105,6.655470727956723,0.5259094929166069
-400,25,101.567,0.5785053791316226,7.674023166973525,0.5763535500613792
-400,26,129.0545,0.7103088560989771,9.107884883905637,0.5817895685182095
-400,27,133.0375,0.7845665497920791,10.132166447430237,0.6269006915441113
-400,28,174.4675,1.0706124354041933,12.498923545932623,0.9985299742017278
-400,29,253.721,1.4721389558269113,17.23433282621462,1.2600622221907187
-400,30,365.693,2.0523235997022278,24.416176276275458,1.9286029580844635
-400,31,367.1865,2.168524998945713,24.269075027949008,2.053898983143716
-400,32,256.0845,1.5920925447512786,17.633595003797573,1.3272879907166366
-400,33,180.7875,1.0536689970114528,13.244612286524236,1.087524139962166
-400,34,147.2635,0.9034539789636485,10.339833480461893,0.7423683247085983
-400,35,129.8125,0.8101250309609475,9.464514925373134,0.7919808016310546
-400,36,101.384,0.6568202509859604,7.2142403535074555,0.5185830991019835
-400,37,81.8655,0.5471997975338209,6.635217640520121,0.5033644053892958
-400,38,79.104,0.5393306768091032,5.73340392394822,0.36924354519251673
-400,39,71.8175,0.4445529244438513,5.302192275559578,0.36973616860472225
-400,40,62.931,0.341914039674176,4.957226788069472,0.36319724470604686
-400,41,58.4275,0.33851679193365447,4.657357301784262,0.362882983220697
-400,42,37.706,0.24322763866494662,3.7338769426616456,0.24372452431647226
-400,43,32.281,0.2005359923069348,3.3128167962578603,0.2729530126908701
-400,44,39.64,0.27526924618405274,3.3235216952573152,0.15510122863618617
-400,45,39.78,0.24953324849659136,3.1876470588235297,0.18479039419630577
-400,46,34.285,0.2915733183952222,2.963767682660056,0.2021889478174157
-400,47,26.493,0.22085134319146554,2.957760578265957,0.1854486727366874
-400,48,23.041,0.1777903851523803,2.6607924569246126,0.19182458708177183
-400,49,26.0115,0.17939558611010945,2.6132429021778827,0.1357214029668749
-400,50,20.2105,0.13775927707799948,2.2421607456520123,0.1419094782093999
-400,51,22.4465,0.14938694898255273,2.2875788096139704,0.12580841572722914
-400,52,14.121,0.10618231590300845,2.193496140499964,0.13448995869235453
-400,53,14.3245,0.1175080624333587,2.041970033858076,0.12090767592937054
-400,54,16.8995,0.14601996078402593,1.9664131926980084,0.10548789829159073
-400,55,14.085,0.12085114811204671,2.013260560880369,0.09865446481753525
-400,56,15.158,0.1304760514424003,1.9079717640849718,0.08981136055192931
-400,57,8.987,0.09434287968558232,1.7588551240680985,0.06303588919385525
-400,58,10.06,0.0837508837345365,1.8350298210735585,0.10552237353726714
-400,59,10.8925,0.0930813877036757,1.6642592380078036,0.06603663937950363
-400,60,9.753,0.07735461745820489,1.6105804367886805,0.07208553420251801
-400,61,7.896,0.056695864510840084,1.5154741641337388,0.04287055343958369
-400,62,6.354,0.06923415646234603,1.500579792256846,0.07399376165835395
-400,63,7.064,0.06400411171002562,1.4771947904869762,0.05546382484689689
-400,64,6.7325,0.05889721197940851,1.4787885258076494,0.06972567604062524
-400,65,7.0475,0.07702315099678592,1.3588142958495917,0.04787978484958327
-400,66,6.392,0.048278795607007256,1.5085006257822275,0.07508978547088539
-400,67,6.087,0.06505908245991728,1.3818680795137175,0.0536130662921332
-400,68,4.618,0.06723720774439657,1.3826496318752706,0.03798296479390115
-400,69,4.403,0.04992151735210796,1.3526211673858735,0.047492472354644724
-400,70,5.238,0.054326498332329644,1.3675746468117602,0.05917756021828109
-400,71,3.8465,0.04451655517007706,1.3627811646951775,0.039956753317119155
-400,72,3.5325,0.04547338724318249,1.2614136588818117,0.050268406896905926
-400,73,2.71,0.04187701291312852,1.3228413284132843,0.059269235894964786
-400,74,4.2755,0.030152899834362087,1.224324581920243,0.05120523195478865
-400,75,3.8675,0.058345048948836346,1.3036700064641238,0.042875213528631585
-400,76,3.2765,0.050054049733631235,1.263557988707462,0.044942980717658565
-400,77,2.5855,0.036645348667291515,1.2630786114871397,0.04860513242405115
-400,78,2.628,0.036975098305979295,1.2338721461187214,0.03728157381533636
-400,79,2.382,0.035165772833073816,1.218335852225021,0.059526035444315825
-400,80,2.7445,0.03267443069209662,1.227626070322463,0.038691504221860615
-400,81,2.484,0.04221124818912851,1.1275136876006442,0.042194033523887065
-400,82,2.2775,0.0357467333803865,1.2265614709110866,0.04098239258128142
-400,83,1.775,0.038603926716005675,1.0914788732394367,0.04235290274806949
-400,84,2.4825,0.04304755632162133,1.1225352467270897,0.03662621806657238
-400,85,2.1305,0.03429343193213845,1.1755314480168975,0.033889765947498755
-350,0,63.0655,0.3635754283573948,4.7769574450373025,0.32679444242612526
-350,1,58.4435,0.33160635747191286,4.513586759006563,0.2729352284183062
-350,2,64.3315,0.32942955081074066,5.128072682123065,0.2775398869293855
-350,3,63.6105,0.2621002971945522,4.8476554931968785,0.26694692776724005
-350,4,60.287,0.4228288816506,5.016979299019689,0.3076115367016568
-350,5,55.8975,0.3395003100533449,4.873598886354488,0.3019784754957096
-350,6,57.1585,0.3254998383053995,4.466568887392076,0.24971057282464512
-350,7,58.3205,0.38121238382160344,4.51508097067069,0.27397923543784014
-350,8,8.9915,0.0816580643518086,1.5918843074014346,0.06000637181397437
-350,9,6.539,0.0721617335536893,1.472928429423459,0.06369999838644225
-350,10,7.934,0.0887112406097806,1.561336526342324,0.047104191017888326
-350,11,7.877,0.1027236968510037,1.5241679573441669,0.04987834571829882
-350,12,7.476,0.0841502415795381,1.437991439272338,0.0677235991218789
-350,13,7.8265,0.07259938741223337,1.4953552354181308,0.05344987153037821
-350,14,6.8205,0.0656845531789307,1.4924535957774359,0.05788866359623917
-350,15,7.2675,0.0861268189785759,1.4654205366357067,0.04836133666153225
-350,16,31.082,0.18260051305628947,2.7247691911717387,0.1298222071164362
-350,17,24.653,0.16034190442859886,2.7975334036425594,0.16709091874636683
-350,18,30.8765,0.20511392854755292,2.9813368662251225,0.1580974440753875
-350,19,36.2575,0.2278825586268396,3.084608529269806,0.13473278380349862
-350,20,41.3945,0.26642810326714,3.543849297612002,0.21017627164868477
-350,21,50.1455,0.26512407720874653,3.9709710691886606,0.24267418355446482
-350,22,39.4275,0.3045470104580702,3.9082301375943187,0.21995977574073394
-350,23,51.309,0.3251881236906927,4.294227503946676,0.2708838982930682
-350,24,66.1875,0.388757721195953,4.877149669499528,0.26199938039085724
-350,25,77.093,0.5020049800549757,5.67623974939359,0.39698810911034715
-350,26,80.3745,0.48872038879205243,5.865209111720757,0.3146148006225667
-350,27,95.444,0.5885250967237421,7.000344327563806,0.4654369131034844
-350,28,97.9525,0.6225456546352788,7.226106977871927,0.39139553663414434
-350,29,142.3845,0.9449532082539648,9.46897070783688,0.6069410054264649
-350,30,176.174,1.057737008403953,11.7427641082112,0.8336264433216201
-350,31,217.24,1.2104875050986879,14.592949733014176,1.0337609482866972
-350,32,282.7185,1.6531318403499597,18.950932668891497,1.2632027709747184
-350,33,318.9415,1.925268439929717,20.775217642577086,1.5106907910186014
-350,34,344.977,1.946487267929222,21.228300643231293,1.4414884097387402
-350,35,233.679,1.3862548751753219,15.253030691675333,0.9961856258501517
-350,36,186.705,1.1223186760124444,12.221890013657909,0.766548584141327
-350,37,136.9825,0.7387025877563175,9.40879450842261,0.6112351548269759
-350,38,107.384,0.6842688760544638,7.385546673619906,0.49229078854425024
-350,39,112.399,0.6827197544804834,7.690582647532453,0.4655327711669315
-350,40,75.8675,0.41513084494055075,5.547262579497149,0.3538092446920588
-350,41,76.1345,0.48527717256278063,5.505052371132666,0.34830933902995287
-350,42,52.708,0.39650818004438193,4.46322637929726,0.2941945600017733
-350,43,55.4765,0.37174501377040503,4.4440699710688305,0.2722865609963123
-350,44,49.71,0.3094808896404248,3.8100362100181053,0.19389392082530776
-350,45,52.4535,0.37143695009346595,4.104031909214829,0.24305006034486726
-350,46,44.4525,0.30695951644612784,3.581840025870311,0.22110132513738795
-350,47,27.822,0.18814412168950767,3.0841174610020845,0.16340621160016294
-350,48,32.996,0.227130150493408,3.071189962419687,0.1271839530720031
-350,49,27.3285,0.23976224517326855,2.6342312146660087,0.14456194721479887
-350,50,27.165,0.20531426489267937,2.6839968709736794,0.13897426239190494
-350,51,22.95,0.19209509706337943,2.494575163398693,0.1279479636474852
-350,52,24.1905,0.22313846892857836,2.468291674417643,0.11051123407107186
-350,53,19.6675,0.14776559495576816,2.1546685521799915,0.10670242339829832
-350,54,19.148,0.16717088641015826,2.2306818466680594,0.12025124029560183
-350,55,20.0985,0.10662594480361513,2.228464698858124,0.11567514237239902
-350,56,12.981,0.11579450945987255,1.753766196749095,0.09376942156642525
-350,57,15.0255,0.12867231943768537,1.9016904429137136,0.1289220708405007
-350,58,8.6815,0.10291610021862709,1.6673452456372746,0.08200349536635475
-350,59,12.2995,0.10781679148590796,1.7054188991422412,0.06270626506244086
-350,60,13.3205,0.11933692903531133,1.6990938590893736,0.08206937496774096
-350,61,12.485,0.09059307513909579,1.6429134961954344,0.07179950792632782
-350,62,8.896,0.0647196382788667,1.5916348920863312,0.0724944461657701
-350,63,7.0655,0.07152281564574195,1.4702724152572355,0.05012854747921642
-350,64,10.2755,0.10144865177698727,1.5847014500510923,0.06394739032449294
-350,65,8.133,0.07306125764330153,1.5137478175335055,0.0638523738628337
-350,66,7.2785,0.080181619497632,1.4535876554235077,0.0423883295852745
-350,67,6.5495,0.05872090544978144,1.4644705321016869,0.07018642426877172
-350,68,5.5835,0.07697325236046222,1.4643194680755798,0.0527708686357641
-350,69,5.514,0.07514337173556603,1.3528842945230324,0.05361887384248358
-350,70,5.5815,0.05263216447042716,1.3462971871360745,0.03915097234195776
-350,71,4.698,0.056137050341575546,1.2547458492975736,0.04428420452035334
-350,72,4.6295,0.06494724579874078,1.325030726860352,0.04907401590626001
-350,73,3.958,0.05646890154859826,1.3330560889338048,0.05534962422121215
-350,74,5.001,0.05648427820385559,1.3069384123175363,0.04396067378121048
-350,75,4.774,0.057885549510264846,1.3183753665689146,0.0455598768830279
-350,76,3.823,0.055521925493685086,1.265673816374575,0.04341278974193035
-350,77,2.6125,0.04402077858657673,1.2456818181818181,0.04797257774667754
-350,78,3.069,0.052510149394890425,1.1555030954708372,0.05054208522706429
-350,79,3.6315,0.047313484224623455,1.2924983477901695,0.0490269142192153
-350,80,2.454,0.03837762506022437,1.1910692746536267,0.0432746025969049
-350,81,3.6605,0.04246035302429022,1.2665591449255567,0.05335110803891955
-350,82,1.858,0.034698703145794846,1.1441528525296014,0.04850500791630464
-350,83,2.2605,0.032105705346394134,1.1495862641008627,0.04410227900624235
-350,84,2.456,0.03658731445388378,1.1698143322475572,0.032023186980747124
-350,85,1.721,0.026346876375328603,1.1465188843695524,0.03352518054781325
-300,0,48.595,0.2962631298445091,3.9525254655828794,0.19903482114320362
-300,1,53.399,0.258824163030468,4.3850221726998635,0.25480824484603404
-300,2,42.2805,0.20394591001176238,3.816459591300954,0.19964411933393367
-300,3,57.549,0.24376854855201557,4.519098489982451,0.2068318015159705
-300,4,51.6085,0.24442120138034265,4.342467379404556,0.3545516508652067
-300,5,48.7885,0.1987702654348821,4.073721630097256,0.2271378238340354
-300,6,48.8105,0.33835707936718906,4.262947311541574,0.2528131163411261
-300,7,46.069,0.2623907291366118,3.6922060170613644,0.1956352589071676
-300,8,8.0605,0.07411752758111251,1.5611735934495379,0.06293534138403449
-300,9,9.072,0.07506698762824382,1.5860687830687832,0.06602968505736204
-300,10,8.237,0.07933639239273989,1.6924646109020272,0.0392769173994834
-300,11,8.04,0.0823055923149565,1.667213930348259,0.09579168276666294
-300,12,8.548,0.09102804657443755,1.630287318671034,0.06326525493453944
-300,13,8.7495,0.05240266666577381,1.5750328304474541,0.06957410411049587
-300,14,8.4475,0.07861925236292554,1.5690137614678903,0.07846684972101066
-300,15,8.492,0.08302377592244875,1.582894017899199,0.09154093649014719
-300,16,23.4855,0.16613956561625437,2.375627078410083,0.12524130989122
-300,17,23.4205,0.14085168571380557,2.4982250485685613,0.14012932227073113
-300,18,22.8355,0.12313979005478679,2.5912040353835035,0.13316507209600345
-300,19,30.2325,0.1549972410620349,2.7481830397750766,0.126345557976628
-300,20,28.4985,0.117173454421438,3.0328963892836462,0.1593940641628889
-300,21,35.758,0.16503843252566164,3.2350644890653832,0.2074272279966905
-300,22,30.9175,0.12663223793414868,3.0212887118945577,0.14259689222891458
-300,23,39.058,0.21259870772494346,3.571755747862154,0.17430487193968552
-300,24,50.624,0.24375829270643742,3.795030499367889,0.264396091082904
-300,25,55.7365,0.1970670137154809,4.367121504759,0.2282389138678345
-300,26,61.2025,0.3077078886490252,4.804599383195131,0.28280904543576507
-300,27,53.012,0.3027093446995348,4.873648532407757,0.30723398895456233
-300,28,75.179,0.47082452871755315,5.790991620000266,0.34963409638398574
-300,29,91.8115,0.44806148250576483,6.545519545481776,0.37553073406576765
-300,30,102.608,0.34084461655067494,7.154922968969281,0.45961315068153596
-300,31,130.143,0.5502588386147895,9.147096278708805,0.6348872782171164
-300,32,133.549,0.6376556156817951,9.484208784790601,0.7206743242703785
-300,33,175.827,0.8376713021981148,12.151922463557929,0.9031287285504596
-300,34,255.958,1.0338208640510895,16.88050866157729,1.1453622118188052
-300,35,368.673,1.7877427843954599,23.791528186224646,1.62543316377864
-300,36,370.5675,1.7396694899349419,23.68061808914705,1.668444192746851
-300,37,258.0945,1.0245051372812908,17.17976388396498,1.3000247757839782
-300,38,183.015,0.6862662134984289,12.833072562358273,0.8669013672808735
-300,39,149.035,0.6830248126802083,10.220872781561377,0.7150262261059933
-300,40,130.91,0.6535727720927839,9.5173699488198,0.6505209932732534
-300,41,102.4445,0.45667705680330306,7.181438923026615,0.4535657547590213
-300,42,82.832,0.34962430964498314,6.80722155688623,0.5267105707438062
-300,43,79.6855,0.3057522862160103,5.835535822075534,0.44957477285834857
-300,44,72.333,0.3122466130615661,5.479049825114402,0.3404002035349578
-300,45,63.8285,0.27725845343289357,4.910065061062066,0.26766373211417355
-300,46,58.979,0.2430571732611167,4.555766611844894,0.23580365590885147
-300,47,38.3295,0.21094832866941998,3.8764379851028576,0.22473128167212095
-300,48,32.8365,0.18758334989516826,3.4365650343367897,0.22873978330859857
-300,49,39.8795,0.19756607821981284,3.2283248222771097,0.1643438574819725
-300,50,40.451,0.21787961427308486,3.2084150948060617,0.21018148721352725
-300,51,35.867,0.22920928152420667,2.9519143223575988,0.15246146564030463
-300,52,26.286,0.14833709831610462,2.7827057749372286,0.16099220804195052
-300,53,21.516,0.1438153055320032,2.468151329243354,0.12616708921324565
-300,54,26.795,0.12003398641525326,2.63127355849972,0.11400911256493483
-300,55,18.398,0.1169898781046796,2.176790738123709,0.10540296124397071
-300,56,21.5105,0.13050604946656127,2.228255491504149,0.11702834573088583
-300,57,13.639,0.1011484058203584,2.0416217464623507,0.13507577813432148
-300,58,13.4835,0.09961841670779772,2.0219325657284832,0.12811279224281225
-300,59,18.407,0.1110384001856536,2.0695035041017005,0.08137939979049177
-300,60,13.819,0.10866389513202376,1.7338620015920108,0.0815853510570447
-300,61,14.6315,0.07682610233507885,1.8310978197724088,0.07382833341732867
-300,62,10.272,0.0592923177769973,1.725274143302181,0.08292243186345283
-300,63,11.253,0.06647160058408752,1.7371359637430022,0.10146070807333986
-300,64,10.661,0.09507863781323878,1.6592326235812775,0.06775357416003668
-300,65,10.216,0.07145259746300665,1.6047713390759595,0.06331026866286364
-300,66,7.9845,0.08279802629226538,1.5583016782516126,0.07757228048268687
-300,67,6.8855,0.082319899109958,1.500165529010239,0.06233707177516863
-300,68,7.516,0.05424311743874704,1.6118605641298562,0.06478391860794534
-300,69,5.9675,0.04067117820818704,1.4417165898617512,0.054855627659606665
-300,70,7.8495,0.05781310632683482,1.378540002547933,0.05293215027218032
-300,71,6.401,0.06670003550855218,1.4312137166067802,0.05554531453685803
-300,72,5.971,0.060757932122394095,1.399792162116898,0.07557793349302677
-300,73,5.2155,0.06456117050396558,1.3659399386444255,0.058114146695476536
-300,74,4.4145,0.05600975009106174,1.2596420319401969,0.03620006344353777
-300,75,5.465,0.059584084770136145,1.411669716376944,0.053142645650753426
-300,76,3.9475,0.05234940807989861,1.2318540215326157,0.0534786225675187
-300,77,3.543,0.05172345492592018,1.2786200959638723,0.056003663716046134
-300,78,3.25,0.042661458015402914,1.3226153846153845,0.06680335304400474
-300,79,3.877,0.0418336303896632,1.2099228785143157,0.04455897735633732
-300,80,4.175,0.06286786477249434,1.3157784431137727,0.03301887510116968
-300,81,2.9395,0.04217429374194142,1.2528796564041507,0.0501045669898564
-300,82,2.6885,0.034643105184756516,1.2473378277850102,0.05812057502586141
-300,83,2.9605,0.03700977822428194,1.1947102685357205,0.03770842752797933
-300,84,2.4335,0.02946250962976874,1.1935803369632216,0.039463921931168953
-300,85,2.8905,0.057548492138095396,1.3061787752983915,0.04982595357536923
-250,0,38.809,0.2865115961647014,3.597606714937257,0.263722372898426
-250,1,44.258,0.3016268171799466,3.4671570337566084,0.259440788521081
-250,2,37.27,0.284598516843419,3.5161282532868254,0.2561996538542405
-250,3,44.745,0.29038042198758346,3.527052743323277,0.21133589782632062
-250,4,45.6225,0.2631078176037568,3.6053261822565617,0.25502247933868205
-250,5,43.2215,0.3059259241264663,3.54734189581574,0.2627404362281436
-250,6,37.2395,0.23970538386242357,3.306492830193746,0.2581346394167753
-250,7,45.6035,0.36067865490663703,3.718558613922178,0.26285614987815664
-250,8,10.225,0.106337347996588,1.733239608801956,0.07378663720498342
-250,9,10.055,0.09379288492821854,1.746193436101442,0.08964391912524276
-250,10,9.695,0.09791376442134166,1.56162712738525,0.08437051605748061
-250,11,8.756,0.06672567563894533,1.5949593421653723,0.07882130770348317
-250,12,7.871,0.10911100094085728,1.6642560030491678,0.08821100302960842
-250,13,9.77,0.09871543365707872,1.7612180143295801,0.08753821373109218
-250,14,10.149,0.08588823827325982,1.677583899891615,0.0794986854038022
-250,15,10.239,0.07491012158439847,1.700447211641762,0.08624061809971063
-250,16,18.6415,0.1250584600139181,1.9888945497948125,0.12127653094927714
-250,17,17.2085,0.19237747296724578,2.2467982537699394,0.13788856514282216
-250,18,18.2645,0.13015067179396667,2.1266139094965637,0.14636350305562779
-250,19,17.1015,0.1640784071235769,2.1218722188112156,0.1371023795308348
-250,20,26.0435,0.18942193920618308,2.4847892084397256,0.14632619115659568
-250,21,30.8575,0.21657364737391785,2.622901847200842,0.1886596617580115
-250,22,24.3055,0.1586563233765621,2.664465645635762,0.21064742620795224
-250,23,30.9355,0.22321511338192412,2.887535024486431,0.21819537708795472
-250,24,35.678,0.28710863522550717,3.1899578451706936,0.2213112540908075
-250,25,41.0135,0.2790673140829505,3.485299175881112,0.25364719755019516
-250,26,49.7795,0.3818448810156983,3.83085165077994,0.2863628966763968
-250,27,39.3915,0.32024026752950185,3.7739163969384264,0.29018718257057413
-250,28,51.142,0.34749827716346804,4.3346336865980994,0.3584689157312462
-250,29,65.819,0.4688355676286635,4.778866877345448,0.35284752637409283
-250,30,76.288,0.5044437269747883,5.343147755872483,0.43117244625816536
-250,31,80.3205,0.583950013632203,5.820927157450464,0.5159389068521311
-250,32,94.41,0.7411985315405675,7.036552272005084,0.5728191838962787
-250,33,97.419,0.5699210009891077,7.280524733368234,0.5730499864902459
-250,34,141.6825,0.9504170483474457,9.596355892576712,0.7909657387816456
-250,35,175.309,1.079990716334382,11.238513248036325,0.9347015711479975
-250,36,215.778,1.4447699871569386,14.211127714595557,1.2533290089983793
-250,37,282.058,1.9207329467241427,18.576451070347236,1.691708122955701
-250,38,318.0885,2.162969605232111,21.474117007530925,2.1308042259351074
-250,39,342.0655,2.266621236322323,21.89417000472132,2.2026071427389167
-250,40,232.738,1.6493728632741724,15.603676047744676,1.5393621440301581
-250,41,185.615,1.092351037658535,12.450916008943244,1.1072713421195868
-250,42,136.274,0.8457806733240175,9.339198409087572,0.8989121436615709
-250,43,107.563,0.7870454745104408,8.095711638760541,0.7250689224114504
-250,44,112.11,0.8410594822196389,7.722414592810631,0.6082909283194716
-250,45,75.821,0.5012436638265915,6.065838738608038,0.5479448752882948
-250,46,75.6305,0.5715051572268129,5.723999838028309,0.5124937653673628
-250,47,52.699,0.4036764598171739,4.640361278202622,0.39007102417449135
-250,48,55.347,0.4664203547964211,4.405597250076788,0.36848456337202184
-250,49,49.3405,0.39159422809036437,4.213061475866682,0.2872216660655474
-250,50,52.2605,0.34448013845427305,4.229841653830331,0.3135084085239619
-250,51,46.8925,0.3601913782246478,3.6739125393186542,0.27662628342621204
-250,52,27.119,0.25011670959984406,3.0248106124857115,0.22685911671840278
-250,53,32.665,0.21648082448203493,2.815300015306903,0.16900180696400763
-250,54,26.961,0.21464156167899806,2.706631022588183,0.22721558629784533
-250,55,24.4525,0.20903648006986814,2.4255901748287494,0.16165441695464886
-250,56,21.7555,0.1539215025503856,2.5609946795063316,0.17087599543940774
-250,57,22.412,0.2055500963397091,2.344023558807782,0.1395967446218075
-250,58,21.826,0.15878386501616992,2.333580317053056,0.15040711476703544
-250,59,18.6235,0.17570051523154695,2.202472561548581,0.1562845279348886
-250,60,19.798,0.15015886324332192,2.2385188402868974,0.13608482417793188
-250,61,15.2335,0.09085348239422546,1.8211821150753273,0.07001880540769755
-250,62,15.916,0.13422173327822332,2.008981151042976,0.11155843773640611
-250,63,8.8175,0.07321876017869476,1.7873766657215762,0.09793415440982806
-250,64,12.1915,0.1275709812737917,1.8364292950006156,0.10404882145945824
-250,65,12.707,0.0953417675081538,1.7673841976863145,0.07911829002674303
-250,66,12.1435,0.13717502266121676,1.6439171367398198,0.0777838025873998
-250,67,8.1975,0.08508780294805131,1.5368702348276915,0.08325166829186893
-250,68,8.5515,0.09478861523910682,1.6871131088113194,0.08853312850004826
-250,69,9.4195,0.09235365379031309,1.5837910451722494,0.06804683813911731
-250,70,8.792,0.0824927429025065,1.5463757961783438,0.06957405347656169
-250,71,6.9615,0.07078981119074362,1.4712371974430796,0.06114569643877592
-250,72,6.136,0.06053011429728211,1.5105123859191656,0.05804690834413922
-250,73,5.5395,0.0637035692629708,1.463749390739236,0.0683887898538517
-250,74,5.957,0.057414008926852035,1.3921690448212187,0.045887692176312125
-250,75,5.5535,0.06054261222260638,1.3199131628702623,0.05235453965975831
-250,76,4.4115,0.04983274657872051,1.296422475348521,0.06357745020509258
-250,77,5.249,0.04632209885254835,1.3467325204800915,0.046784430545062865
-250,78,3.5635,0.046045029447727516,1.4109633085449702,0.06822306725221328
-250,79,5.364,0.07438661452877578,1.3058359433258764,0.046703246638508396
-250,80,4.371,0.04065192427632884,1.2780505605124686,0.04479102614257642
-250,81,3.7345,0.05555213293550669,1.2754076181550407,0.06250742834655991
-250,82,2.67,0.025802896614221516,1.2367415730337077,0.03953872166543683
-250,83,2.963,0.03656357117189336,1.2563722578467766,0.04393055885497536
-250,84,3.5485,0.04333027991941347,1.1944899957728619,0.02361472865824176
-250,85,2.709,0.052570253746271486,1.176197489848653,0.03723815979385044
-200,0,34.78,0.18547236990991534,3.181040828062104,0.22907295785260998
-200,1,33.8035,0.16759800746209166,3.1753483441063795,0.22303578880558936
-200,2,36.845,0.19910920040071126,3.3415382005699557,0.2189294322680588
-200,3,34.0735,0.23019131059552395,3.280176610855943,0.29245493298731107
-200,4,38.9535,0.24026550555144977,3.298428581513857,0.20798028287054235
-200,5,37.5415,0.24185497503125597,3.26530047414195,0.1907258051966973
-200,6,34.696,0.206470846674091,3.1386495273230346,0.21519575120119605
-200,7,34.478,0.1763543084397496,3.0738591565636058,0.22375259819349813
-200,8,11.129,0.08905320704057014,1.7890519363824244,0.0914097901018563
-200,9,10.614,0.07184193175224876,1.8276807989447899,0.08100880960984118
-200,10,12.3675,0.08524538882420248,1.7883520315342631,0.08159073519295534
-200,11,10.261,0.0994402756485144,1.7293518175616414,0.08117848390387702
-200,12,11.4365,0.08446822822190272,1.7236888689721506,0.07426537098296022
-200,13,11.417,0.08994764559102404,1.7102663571866514,0.078218677035184
-200,14,10.5525,0.09827157590869738,1.7170569770196638,0.06734063255376414
-200,15,10.088,0.06025646940589199,1.6681459159397305,0.07215619338050541
-200,16,11.336,0.09509385945087669,1.7867064220183484,0.11286790423334903
-200,17,13.854,0.14217002422970113,1.98662364660026,0.08913248134340535
-200,18,11.264,0.09294140768870428,1.9899062500000002,0.13838987708007114
-200,19,20.475,0.11709308038344511,2.1188461538461536,0.11597660877502101
-200,20,18.9635,0.12823349385932023,2.159894942916656,0.10476305841521713
-200,21,23.256,0.15440616295308504,2.2950405916752663,0.13376105537791477
-200,22,23.1455,0.18189423618656733,2.5566667278736688,0.18484648882930632
-200,23,22.5495,0.17739856256463807,2.450987815694362,0.164764274549294
-200,24,30.1735,0.15722808608079977,2.639017606509023,0.14736320573764702
-200,25,28.39,0.16780314280978814,2.9671680169073618,0.2030272309051366
-200,26,35.5295,0.2248747897222608,3.137987580742763,0.20907500676460908
-200,27,30.9665,0.14718458693619746,3.1263584115092113,0.23107270491472412
-200,28,38.641,0.17878817222153048,3.3616914417328747,0.28039524291589035
-200,29,50.292,0.27595823482625365,4.095119223733397,0.3090051093072257
-200,30,55.477,0.2989764116729663,4.280845593669449,0.32419977536470407
-200,31,61.071,0.2935453878650492,4.7747696779158675,0.3386188885166122
-200,32,53.4755,0.31775485006029563,4.526659867602921,0.26543682354430637
-200,33,75.504,0.4449053122205929,5.693671646535282,0.4233278899074942
-200,34,91.8315,0.48262891651105433,6.552905133314821,0.495554012766387
-200,35,102.5525,0.5852578716393183,7.16769697228249,0.6261475102573653
-200,36,129.8165,0.6741943632764067,9.087687834366202,0.7825369235340977
-200,37,133.6715,0.7237585650797569,9.633868010383663,0.7134274252977462
-200,38,175.718,0.8953604390352958,12.19015397398104,0.944192892519088
-200,39,255.4015,1.3675641570632966,16.898551096019403,1.4193951493651167
-200,40,368.175,1.7990305137694618,23.301115977456373,1.9100475896030782
-200,41,370.098,1.861599425508279,23.53902316683689,2.0146546212141168
-200,42,258.466,1.3159986002232464,17.285120069951176,1.556927331328051
-200,43,182.412,0.9628405344276207,12.460097230445365,0.980114391963207
-200,44,149.1445,0.8050065298852375,10.142449904287453,0.8944558096743794
-200,45,130.9465,0.6718271531310798,9.076795773464736,0.6600415074920416
-200,46,101.963,0.5666963820898127,7.3934626384080495,0.5512877716844609
-200,47,82.4885,0.42406260399292617,6.355223670572261,0.400997502909507
-200,48,79.3055,0.538859162832386,5.5791864341060835,0.3911209739307471
-200,49,71.8595,0.32739922113529946,5.186492527084102,0.3562834264065499
-200,50,63.5035,0.34645898595269253,4.832442113426819,0.3912941069466129
-200,51,58.9935,0.3787342319107849,4.480908197513286,0.2990502315150554
-200,52,35.007,0.21325435764042716,3.5160096837775305,0.2536783973119614
-200,53,34.035,0.2987134694688327,3.480528132804466,0.2836559143843096
-200,54,38.551,0.22016967141394575,3.4964177064148783,0.2173295829847923
-200,55,35.43,0.2579779672354713,3.1501862828111773,0.2154300052425839
-200,56,34.8455,0.2485055066635461,2.940914314617382,0.2090694457604971
-200,57,25.323,0.1375865277982497,2.651173676104727,0.18215543138824858
-200,58,23.729,0.1652715468873172,2.5260887100172784,0.1757651447792759
-200,59,26.622,0.1489411752478498,2.610101269626625,0.19744215309974325
-200,60,21.3905,0.1848989411031149,2.230383102311774,0.09612661409750177
-200,61,22.376,0.15383757668398199,2.304282445477297,0.11927476862508271
-200,62,13.429,0.10027304827582825,1.9450412540025315,0.10095468554494506
-200,63,13.7675,0.0984454831767043,1.8993603595424005,0.09272198282742046
-200,64,18.076,0.12493450915958654,1.94336269086081,0.1146254007716645
-200,65,12.1565,0.11567712551935615,1.8242099082795211,0.09150805906942534
-200,66,16.0915,0.1481078465528616,1.8876504831743468,0.09762746848544616
-200,67,10.3865,0.11097480747780941,1.7981146440090499,0.08627745402983057
-200,68,9.8855,0.07876839801796008,1.634048834151029,0.0873480866887164
-200,69,12.8235,0.09632804423044823,1.7660816274807971,0.0721008572398602
-200,70,8.8335,0.0903043829442805,1.5529266711948833,0.06772124585946114
-200,71,8.456,0.07812068935476178,1.4950406811731314,0.06364725184175359
-200,72,5.884,0.05664013826923349,1.4817375934738275,0.07021525003661917
-200,73,7.371,0.06625270600233302,1.4261781305114638,0.04848265446516857
-200,74,6.675,0.06080382605690139,1.4742134831460674,0.055842226649407814
-200,75,8.092,0.07434485789035306,1.4794285714285713,0.06562486254572217
-200,76,5.99,0.052725705305856095,1.4180133555926546,0.046378173965566184
-200,77,5.549,0.06329504844689478,1.4457738331230852,0.04874032208357722
-200,78,5.862,0.06273838747655154,1.338784715114295,0.05268450699098436
-200,79,4.3625,0.04716083901758039,1.3263252148997136,0.06967771398222257
-200,80,5.0795,0.06194851427639424,1.3098099714538831,0.04460954818742273
-200,81,3.9935,0.057652657765001926,1.2373751721547515,0.046612703374022506
-200,82,3.5595,0.05682139608133176,1.330372173058014,0.06514964776361393
-200,83,3.113,0.03537840554557776,1.277941214262769,0.039623312535774745
-200,84,4.159,0.04903221282725121,1.230516710747776,0.04569874270610039
-200,85,3.89,0.044897544183220034,1.3218251928020563,0.05091685772697368
-150,0,29.1295,0.1714220323000954,2.8065957105339945,0.10759169203624507
-150,1,29.86,0.15910770929749188,2.906141995981246,0.13611599799940502
-150,2,33.6475,0.17357824718188536,3.1263910766030167,0.128276085282586
-150,3,34.4115,0.18175789999481742,3.210850086453657,0.1645047665234158
-150,4,33.646,0.17217249612250296,3.0506058372466267,0.13755994918803102
-150,5,27.696,0.14016043439009898,2.8201756210283073,0.14349855795227154
-150,6,25.172,0.13285052938507377,2.776951215636421,0.11522774379298993
-150,7,27.397,0.12452245622883885,2.7055294740300027,0.06550173660171477
-150,8,12.1915,0.08717880898958354,1.8445497067629086,0.07708256595035794
-150,9,12.482,0.09963512380047945,1.8119432783207818,0.055006589834984826
-150,10,12.3415,0.07596839716896135,1.8974903982498075,0.0981597056515598
-150,11,13.1965,0.08266379274857218,1.9609659947713411,0.07928620847639155
-150,12,13.5735,0.15450987875077493,1.9237925185103326,0.07608994551722155
-150,13,12.7515,0.09187312475708793,1.858898776614516,0.06831953378773317
-150,14,10.9855,0.08687097207625553,1.7783705566428476,0.0931129916454855
-150,15,12.899,0.0756998922338094,1.840204589503062,0.08483922999339381
-150,16,11.904,0.09807193922400977,1.7274684139784946,0.06944545710809223
-150,17,8.715,0.0649432951038631,1.6112191623637409,0.05529676277777708
-150,18,11.7785,0.06485723187367581,1.8744693933862546,0.06694612107520405
-150,19,17.197,0.12778703500664426,2.053799558062453,0.05956951085104519
-150,20,17.7405,0.11782787401432945,2.0406504749020606,0.0894187659335185
-150,21,18.4225,0.11046522434446703,2.053195481069345,0.0769316087111022
-150,22,17.0435,0.10431297794819448,2.245701161733212,0.07558154931977257
-150,23,18.317,0.11910433285679871,2.164028552710597,0.06880291078642485
-150,24,17.262,0.07720989846549883,2.1221965009848223,0.12164654887575126
-150,25,25.8785,0.12058470488677878,2.625489798481365,0.146871520078941
-150,26,30.9325,0.14404289383082286,2.744005293784854,0.12631554913040785
-150,27,24.547,0.11906013518165223,2.6883851794516636,0.1549899700893402
-150,28,30.8595,0.17015700953747853,3.0941447447301482,0.1485341194968368
-150,29,35.918,0.15719850005980524,3.2493812573083134,0.14798391019498933
-150,30,41.3235,0.14841314135317044,3.5695874683896576,0.15974343883139805
-150,31,50.2645,0.21484691612499698,3.8564899630952265,0.1561826402503871
-150,32,39.478,0.1757399394440271,3.8505374132428187,0.20210238668534403
-150,33,50.9795,0.2347310611159748,4.350220770113478,0.22086685890419674
-150,34,66.0425,0.3405961298726289,5.041082541545217,0.26178678141392725
-150,35,76.506,0.278262844315076,5.5723467963296995,0.29966919404286935
-150,36,80.0535,0.30220355200113524,5.8877330503975465,0.3009639239414909
-150,37,94.911,0.3562309274672905,7.3287614607369,0.4079550240491528
-150,38,97.853,0.35809517993787,7.411795151911543,0.4492397962826412
-150,39,142.4015,0.6039337167359558,9.664008439166722,0.5080553344674615
-150,40,175.7765,0.45800958103055184,11.733807122965812,0.5733266619328615
-150,41,216.918,0.8844934916900774,14.256001235489908,0.7340881325195808
-150,42,282.0015,1.0412725703625516,18.99425888780733,1.1419231424836134
-150,43,318.16,1.1871026204919963,20.454370128237365,1.0116213951768178
-150,44,344.096,1.1869335546516093,21.29294959546173,0.9335591445469467
-150,45,233.235,0.913714368590327,15.140012326623363,0.7403403049912691
-150,46,185.4825,0.6651461552882421,12.288715613332792,0.6025622924966753
-150,47,136.8015,0.5559947344506391,9.716334234273749,0.5002311843161964
-150,48,107.3215,0.4229148694975156,7.9658329202443126,0.42794578842504477
-150,49,111.947,0.5374795467344738,7.523043860040912,0.32011841367332555
-150,50,75.753,0.3396198339010136,5.579462080709675,0.27112132496462094
-150,51,79.386,0.370207196608943,5.6602802005391375,0.2703276444007306
-150,52,48.867,0.25564274002270615,4.327855423905704,0.22487312169878604
-150,53,51.338,0.18798040211401518,4.130658693365538,0.23112547459099891
-150,54,47.4915,0.18394546531656314,3.977720807934052,0.21795506799145128
-150,55,50.719,0.21206863337881493,4.144423963406218,0.1632068093382516
-150,56,44.662,0.17491892858964014,3.6045577000582147,0.1751939946323845
-150,57,31.196,0.18497282873011728,3.1615137838184384,0.18389692144087652
-150,58,33.1215,0.17878725228312103,2.935306002143623,0.13904413280793526
-150,59,25.4985,0.1428898637339089,2.7210619350157854,0.10919386344448985
-150,60,29.7935,0.14292669265635383,2.783790348565962,0.13195762553533488
-150,61,23.5195,0.12151775915261888,2.446804555794128,0.12930190220252133
-150,62,17.047,0.10414589968430008,2.1812513052149938,0.09828363475885234
-150,63,20.706,0.13001497889413477,2.294,0.09155725489362042
-150,64,19.1615,0.11634403384156194,2.128508611016883,0.08638045686898614
-150,65,17.95,0.11027954908943093,2.074066852367688,0.07367232423852792
-150,66,17.261,0.1229781752139269,2.0644156769596202,0.06623250586556965
-150,67,15.1985,0.10269596158718088,1.9133531434023094,0.07444663147627431
-150,68,10.4135,0.08538542646512802,1.8317105440053774,0.06610005745730203
-150,69,10.2745,0.07813778316470654,1.711728040293932,0.0733627605370074
-150,70,12.5705,0.07622499590029548,1.6522835010540555,0.06340234991354299
-150,71,12.158,0.09349810017771497,1.6538934035203159,0.07451891698001742
-150,72,8.167,0.05304962919658066,1.5586030366107508,0.06385107889555974
-150,73,8.219,0.05818256204667957,1.602146124832705,0.05090565805230072
-150,74,9.274,0.07420597223801777,1.5853918481777016,0.04853359497682997
-150,75,10.3025,0.06588616578694935,1.6405720698859503,0.06233243245239434
-150,76,7.0165,0.07425870496553146,1.4709937646974987,0.07153569389226237
-150,77,5.5155,0.054214364963735225,1.3117142144864473,0.03804449197506564
-150,78,5.6425,0.06745710137795546,1.389755206025698,0.060813153897214915
-150,79,6.211,0.061767390476818514,1.4136981162453712,0.043506865072766604
-150,80,5.433,0.054662120050553285,1.3129966869133076,0.042035222723192954
-150,81,4.7205,0.04691804164262359,1.2461348903717826,0.03661396076083053
-150,82,5.995,0.05655691125341195,1.369303586321935,0.06436703063248093
-150,83,3.8385,0.04326342201225548,1.2930618079979161,0.04577430139125654
-150,84,4.556,0.05318982886545918,1.2598472344161544,0.0451828819491715
-150,85,4.3285,0.04619908292550744,1.25830836317431,0.04577485275777084
-100,0,27.2875,0.15901981836104198,2.728459688502061,0.1447769452081498
-100,1,23.4945,0.1807025398126349,2.7712430462448654,0.08583810001929748
-100,2,25.921,0.16391252480964924,2.774845067705721,0.0972861841512361
-100,3,25.951,0.17406577704087076,2.7493198335324265,0.0950180152908893
-100,4,26.222,0.17656011351437886,2.7584362748836857,0.1121726022622107
-100,5,24.5605,0.14499269491580521,2.7307807149691574,0.1365204858001326
-100,6,23.9315,0.17614180142864175,2.629288082652571,0.13847818917123048
-100,7,26.523,0.14883424195710923,2.7462380198318437,0.12182155917418215
-100,8,13.884,0.09920048811424836,2.0263284356093343,0.10918628169481238
-100,9,15.2505,0.1000696467992477,2.0569653290056062,0.08690129239288552
-100,10,15.8415,0.09624878673192884,2.031081510589275,0.07917101693805777
-100,11,14.597,0.11348104409292896,2.016139686236898,0.07913963389116528
-100,12,14.113,0.08617637971655955,2.0219819315524696,0.1063614963114146
-100,13,14.61,0.10067665803791992,2.1136139630390143,0.07498515032573293
-100,14,14.1905,0.1274393044385814,1.8950149571896693,0.07683906611441052
-100,15,13.0115,0.11088940673624184,1.8801343234830727,0.07972458484820207
-100,16,9.3185,0.11758820877156596,1.7515756559532112,0.06677675683395869
-100,17,10.668,0.1030753429089102,1.6809876265466814,0.05278933764481363
-100,18,9.6245,0.08594513243618664,1.7495454049561021,0.06164704457905837
-100,19,13.041,0.09257969539807352,1.7150003067249446,0.08000342121604857
-100,20,16.3895,0.14266168113112268,1.946965419933494,0.06737117577931048
-100,21,11.32,0.07704065912162696,1.7812367491166077,0.07796256859811138
-100,22,13.8175,0.09888024388915623,2.1197896688981364,0.08957929727241606
-100,23,11.292,0.07601800340777959,1.98377045696068,0.0802526015277403
-100,24,20.6285,0.13502295126541097,2.12567504908258,0.07898611270326582
-100,25,19.0995,0.14494912900738668,2.2894107044687035,0.08938691988504545
-100,26,23.3715,0.18409133173795392,2.522794332841281,0.11625068586693152
-100,27,23.348,0.1559362217804378,2.674186054480041,0.08652394387746992
-100,28,22.7805,0.14334440491715095,2.5631272250389587,0.09370742826701868
-100,29,30.4425,0.2073376029063417,2.7667140921409215,0.12611512191587199
-100,30,28.597,0.15483114741719775,3.112724796307304,0.14459430266234238
-100,31,35.906,0.23341447210804211,3.336912048125662,0.16791383235154275
-100,32,31.251,0.20531990443669804,3.4110268151419154,0.1882631442745909
-100,33,39.2625,0.255976844141892,3.5986907035975806,0.13483429902068161
-100,34,50.572,0.31803475480387283,4.109384956102191,0.15177956414809965
-100,35,55.937,0.3248506539448844,4.816669306541288,0.1831870770888472
-100,36,61.427,0.2890575429873679,4.919069318052323,0.1618509521921511
-100,37,53.4895,0.2967849434044418,5.024741112741753,0.23049025258902728
-100,38,76.1125,0.33908303206085516,6.118204549187059,0.2978342428721227
-100,39,92.0025,0.5070855191032533,6.928186666123202,0.2514288512213602
-100,40,103.3095,0.41971887521355644,7.607603460959544,0.3101564184165008
-100,41,130.4545,0.6261046973991343,9.702646744650435,0.36039930611582177
-100,42,134.0075,0.7346498897613136,10.343372152678024,0.4015198628360813
-100,43,176.9615,1.0090381754293112,13.352893243728152,0.5836975296183249
-100,44,257.082,1.3305453175692055,20.967579511595524,2.70411788626677
-100,45,371.27,1.7791140610161438,25.77627090796455,1.342585305954489
-100,46,372.455,1.695858500179661,26.538854291122416,1.612632287276009
-100,47,258.5845,1.199800964853394,18.496135150212023,0.9599713031326547
-100,48,183.321,0.9535697198036026,13.073199246131102,0.5999060466664952
-100,49,149.227,0.7534038897249348,10.453272336775518,0.48234096802243237
-100,50,131.127,0.6783839543161897,9.693753925583595,0.3422725037332478
-100,51,103.1845,0.5278553804135973,7.772363676230441,0.39680029687833407
-100,52,83.5775,0.4126020607392984,6.621554769525291,0.3477722925831678
-100,53,69.6435,0.4052194174959847,5.887791506027123,0.23035421585807875
-100,54,72.304,0.32222123815135234,5.518333480858597,0.16695858109024556
-100,55,67.4545,0.39578933458143595,5.155607553980832,0.19951622915261313
-100,56,57.531,0.3406347789518563,4.5294717456675535,0.2177912577537938
-100,57,38.7985,0.24686484156315294,3.9430621737953793,0.15580676764486084
-100,58,35.8105,0.2416864813413437,3.60957232515603,0.16618618871413338
-100,59,40.0505,0.2893454273282929,3.794608051085504,0.15251996037381993
-100,60,38.5605,0.21385862890679735,3.265059834545714,0.11615269412535449
-100,61,29.452,0.14644488814280288,2.8162330571777807,0.09758574025291787
-100,62,25.612,0.1834244430706803,2.8591072934561925,0.15008044375026855
-100,63,22.4835,0.1827469849992488,2.7974615940578644,0.12644058923409013
-100,64,25.483,0.15565498284414278,2.551964486128007,0.09374524503069115
-100,65,24.767,0.11733689687571004,2.328570719102031,0.08827656720577481
-100,66,19.708,0.14750664570220517,2.1485049725999597,0.07782122706172971
-100,67,16.3055,0.13201370542883925,2.0916359357272087,0.08405478174909256
-100,68,11.753,0.09379737399533655,1.8956854420148048,0.08729512421503667
-100,69,18.24,0.133274548444772,1.9622478070175438,0.08910679231908634
-100,70,11.9445,0.09579988737494717,1.7082690568881078,0.07714092895135126
-100,71,16.1415,0.10307451315993534,2.1377491404144595,0.06402825080627857
-100,72,13.3385,0.08625932443876186,1.9054554672564383,0.08877692132481883
-100,73,9.7275,0.09201222744831264,1.8111790028270371,0.0891146989312366
-100,74,10.6855,0.07909845630272243,1.6609040054279165,0.05946979129728071
-100,75,8.6425,0.07703681621557053,1.7471442001735609,0.07366272890780257
-100,76,9.488,0.08822996268722735,1.6941247892074198,0.053430280918677464
-100,77,6.436,0.06664280274639363,1.600047234307023,0.06586782154818635
-100,78,6.9405,0.07090941218796057,1.5926748433110005,0.09272156885836533
-100,79,5.9475,0.08830829668359587,1.434341109709962,0.04233450348140529
-100,80,8.509,0.0811687650580733,1.4885320249147964,0.04341746932862943
-100,81,5.9005,0.06707605659563683,1.4950596983306494,0.05282508386640891
-100,82,6.394,0.07024918055337748,1.4833850484829525,0.04746478165240365
-100,83,5.6945,0.0652020140147451,1.4233329967512514,0.05605069630376177
-100,84,3.437,0.04581484475582131,1.2810680826302012,0.04657243287868284
-100,85,5.2765,0.06495048721505994,1.2580399412489338,0.05181000299887112
-50,0,23.722,0.17689812709133101,2.319986341792429,0.10512599656990591
-50,1,22.2775,0.10393539238139085,2.404376332622601,0.11642569209851249
-50,2,19.388,0.15351084309379934,2.2385731380235194,0.11451882936278616
-50,3,21.4555,0.18446576490246855,2.403720246556827,0.10256849135082166
-50,4,21.454,0.16818911661391484,2.306417637736553,0.09690191080440254
-50,5,25.0295,0.1758146077997781,2.3477348628618233,0.09964326915096387
-50,6,21.404,0.1635388252630582,2.230227247243506,0.1191886553220018
-50,7,21.3965,0.17369555186256783,2.275198642301311,0.09249762125235755
-50,8,18.666,0.16280178454989896,2.1317606343083684,0.1052641142453631
-50,9,16.8955,0.14657937494031828,2.0949708354295526,0.09961224536806643
-50,10,14.151,0.13149124445536617,2.0320259345629283,0.1049599237768294
-50,11,16.9,0.11700427342623045,1.9836094674556217,0.08510053816556828
-50,12,14.6745,0.10590580472138472,1.8276295444478514,0.07400995561870526
-50,13,19.4715,0.1384733966469644,1.9259526872608685,0.08491290316129033
-50,14,14.2905,0.12733808087962192,1.8817472971554525,0.09037922247167099
-50,15,15.985,0.13442176358877297,1.9771520175164217,0.09424694212758504
-50,16,9.7875,0.11216969053039394,1.5563058748403578,0.04889163736653753
-50,17,8.0305,0.1008763573573324,1.495121069671876,0.07999287011657188
-50,18,8.3125,0.07788951351619512,1.439860902255639,0.05198417188626369
-50,19,9.679,0.09654532614269924,1.5113089162103523,0.06523967556345697
-50,20,9.8515,0.10551446645640121,1.5455968887986602,0.0886433552082338
-50,21,11.6615,0.08357245517009701,1.7025183509840072,0.07680080915284931
-50,22,8.748,0.08846527716091723,1.6808980338363055,0.08495260668846027
-50,23,11.668,0.0736763905624844,1.7073856702091188,0.07071591448424691
-50,24,16.987,0.11923903458356921,1.9415924530523343,0.07116689322937843
-50,25,17.781,0.13803679906002234,2.0420133288341487,0.11826532923184692
-50,26,18.4295,0.14496728306033224,2.0444412355191406,0.07875086693944623
-50,27,17.133,0.14440094036725418,2.120370688145684,0.08946485404203836
-50,28,18.2525,0.15698621293805257,2.211847349678126,0.11827244487892417
-50,29,17.1505,0.16360490759593124,2.1160228418996527,0.105798967436287
-50,30,25.8825,0.2313448951810188,2.4733968414952185,0.14750745124582987
-50,31,30.735,0.22279150035757544,2.5412323084431425,0.10729530969957023
-50,32,24.227,0.1629354085778193,2.559931935443926,0.1311625271513245
-50,33,30.6465,0.20077648609441567,2.934773554892076,0.14460688720744766
-50,34,35.774,0.260129927050638,2.93553765304411,0.1256674314007119
-50,35,40.9755,0.2813206402516183,3.4338055606398954,0.1722337834151134
-50,36,49.943,0.2938636454297512,3.833485193120157,0.17413819379535633
-50,37,39.113,0.23478108504463593,3.5596663769079333,0.23605287186929183
-50,38,51.0625,0.3805632079736022,3.926807221542228,0.1741871129118702
-50,39,65.7885,0.38964509830303123,4.769979065490169,0.2326854946853432
-50,40,76.6355,0.4513293085285279,5.583112783892583,0.2714965346598075
-50,41,80.2105,0.4898294413149854,5.55496088105672,0.31476719070044745
-50,42,94.5785,0.5948910891034892,6.812910309954165,0.4116866802922454
-50,43,97.226,0.5426743716854637,6.824531750766256,0.3921382281365455
-50,44,142.413,0.8297882101381119,8.94002254709893,0.5079131866131047
-50,45,175.4775,1.0798003896919732,10.909971328232965,0.6581230517862355
-50,46,215.627,1.3460787300037156,13.921539839630471,0.8124317145891237
-50,47,281.292,1.6680195631820192,17.88780248282923,1.1306581758213035
-50,48,318.1685,1.8467035032585346,19.694520695009093,1.24733645196172
-50,49,342.3535,1.9260337313272844,20.133483483446206,1.2825141716082642
-50,50,232.382,1.2108043433580538,14.208075823428663,0.8086395522249216
-50,51,177.6095,0.9463557456730792,10.746227030367182,0.606346747041663
-50,52,127.715,0.7927950222903888,8.496924989233841,0.5477334783167043
-50,53,106.761,0.5870922549220658,7.329276411798316,0.46569678208372284
-50,54,109.7735,0.6000738002858269,7.032837595139082,0.3692152972025015
-50,55,75.7715,0.46736510860016056,5.377751367598635,0.33481895137406936
-50,56,72.252,0.44930390605913606,5.001003377069148,0.3174948950230891
-50,57,56.95,0.437200423749015,4.398165057067603,0.28306069546867624
-50,58,54.854,0.3688534154718685,4.205685711160536,0.20025528418786612
-50,59,45.4415,0.26431965795026785,3.545758343144483,0.16789004304975924
-50,60,47.9005,0.28201947954370993,3.7416436101919603,0.19951922618359583
-50,61,41.3745,0.2475463539792537,3.3364088931588305,0.19697913533728387
-50,62,37.5415,0.18488299998705227,2.8375072319965904,0.16616899689122627
-50,63,32.2645,0.20375872599977746,2.7287433479520837,0.11311696925700054
-50,64,22.9205,0.16225463256706663,2.507239359961606,0.12097069566925324
-50,65,27.6455,0.1953464870428929,2.5952082526993543,0.1202257517396128
-50,66,25.9945,0.1867921374993577,2.5672534478447364,0.10192979761944959
-50,67,19.8585,0.1394920767416006,2.073493856534985,0.10214795089881472
-50,68,20.104,0.1401998573465745,2.2602061281337047,0.1250150494316436
-50,69,17.113,0.1170382303711977,2.0641168117805178,0.0989695551642943
-50,70,18.4435,0.13420776312945024,2.0165265676254513,0.07978164704396583
-50,71,17.2665,0.12952804004498494,1.9472086265311443,0.06832255990287202
-50,72,16.684,0.15216057999778865,1.9458249820187004,0.0854930396094622
-50,73,11.664,0.08617424209124346,1.7024266117969822,0.06330976169671454
-50,74,8.6215,0.078076463870531,1.5853665545438729,0.06736248682693285
-50,75,12.4225,0.12731617295040265,1.740148420205273,0.0646785342570844
-50,76,10.824,0.0829628959551388,1.6148396156688842,0.054734803139190435
-50,77,9.7145,0.0972935736504943,1.5266858561943486,0.07286708475330199
-50,78,8.1535,0.0717168225145186,1.6406374869687865,0.07253738613173677
-50,79,7.742,0.07508801852703072,1.528085249289589,0.05629899146235697
-50,80,9.473,0.07035661043270205,1.410247123403357,0.04853910268247787
-50,81,7.3335,0.07816741480209036,1.3640523283561738,0.04037736070851843
-50,82,7.0305,0.077216288846058,1.436820958680037,0.04907761906674077
-50,83,5.9925,0.06938783072435378,1.4687432206925322,0.04921923549125373
-50,84,5.0245,0.06316009316349243,1.292845009453677,0.038971344976757215
-50,85,5.6495,0.05853237970289778,1.3020001327551112,0.02676476406309653
0,0,19.4315,0.16446128163764076,2.0793715230424827,0.11173172920190051
0,1,19.775,0.1408610737757706,2.1995132743362835,0.09509214829948309
0,2,18.542,0.14933114033477377,2.1894205587315283,0.10866840839044534
0,3,18.1575,0.11912371941102354,2.223251755472945,0.11990915775745781
0,4,19.058,0.14723343441802306,2.222984363521881,0.13095524777615838
0,5,20.113,0.13289113074836456,2.105863421667578,0.12072506492827066
0,6,19.2055,0.15037930113724565,2.3049267006846996,0.13281925088837693
0,7,16.7085,0.12865350241719284,2.1675511117096087,0.10510072975036996
0,8,19.41,0.12777653190340713,2.228485316846986,0.10896339130580035
0,9,20.11,0.12388874465677677,2.1582744903033313,0.09413510490039452
0,10,18.5345,0.10191450235110666,2.318476880951738,0.11058550966579694
0,11,17.9965,0.13316644709377576,2.121717431167171,0.11091421359894697
0,12,19.066,0.11901216213833682,2.113639148221966,0.10973681301664469
0,13,20.106,0.15485035220801902,2.197740177061573,0.09441400448407082
0,14,19.1865,0.1460177981220808,2.229104722070206,0.12280794183196814
0,15,16.693,0.1314916447215511,2.0038789312885643,0.11071192596715905
0,16,7.5155,0.0913192059121246,1.4106526179229593,0.04444342142934329
0,17,5.581,0.06708164703121884,1.3691881383264648,0.06298072139968233
0,18,6.3845,0.05900256461865835,1.3707666614456888,0.07459543533252697
0,19,6.5825,0.05222358309785884,1.4736336878085832,0.07733635546241267
0,20,10.4175,0.11027209171193922,1.5756365490760738,0.06582836339692737
0,21,9.105,0.06794928449334682,1.5628747940691927,0.08501874722630572
0,22,10.4115,0.08862183109916061,1.649442227344763,0.07307889739323212
0,23,9.444,0.07826540541139902,1.6067200338839476,0.07261128033954402
0,24,13.0885,0.09424848176914934,1.7260700424036368,0.07448338893806244
0,25,16.2285,0.12508370881344602,1.8095503435314415,0.08743083170920797
0,26,11.2235,0.08886795349221577,1.7884392346416,0.10386758376874451
0,27,13.6055,0.062278977613891735,1.9159067840211679,0.09021680913624783
0,28,11.156,0.09700352679426835,1.8688296880602369,0.11268651592569426
0,29,20.6135,0.1678114151439978,2.058462548815097,0.10182912961026874
0,30,18.937,0.14111044573218742,2.114961767967471,0.08405375907552592
0,31,23.352,0.18801119787479578,2.2755265501884208,0.1130271997608093
0,32,22.998,0.14111883756532723,2.5358725106531,0.13689642239324742
0,33,22.358,0.13103755990273652,2.4168904195366308,0.12054022506197176
0,34,29.9975,0.18569056745592963,2.6125008334027835,0.1521327639305712
0,35,28.4245,0.23054109691857727,2.8195500272652114,0.15574300916557793
0,36,35.719,0.20929820076175024,2.722249755032336,0.11679847086586408
0,37,30.691,0.22381841794304363,3.110342413085269,0.22864585038058105
0,38,38.6535,0.2055676031715255,3.3142260791390163,0.20906408630457776
0,39,50.4525,0.2732570363133166,3.7738614290669448,0.22324374137539546
0,40,54.5495,0.2573759026466103,4.196235524615258,0.2617780739616759
0,41,60.456,0.3137568619505435,4.591786820166733,0.30483893651182076
0,42,52.8425,0.31851123668520165,4.569100510952359,0.3109667217581411
0,43,74.9755,0.4401605418839619,5.437508249361458,0.3995495051663774
0,44,90.4435,0.49827664848059844,6.193886876889993,0.4013542761127604
0,45,101.642,0.45784368741445114,6.785087227720825,0.5039803578739
0,46,128.6045,0.6964388645855929,8.268311604570602,0.527467127596108
0,47,133.0545,0.7351317372094669,9.044192640985464,0.5965063855052797
0,48,174.347,0.9501407374976684,11.418094896958364,0.7482888426889954
0,49,253.449,1.2605464353959597,16.023367221807938,1.1596798176177208
0,50,365.9995,1.8959625350229352,22.386228669028235,1.832737363877263
0,51,365.454,1.9979811389447224,22.93906725333421,1.7167641284488604
0,52,252.852,1.354445623629265,15.515024979039122,1.0413078488978906
0,53,174.126,0.9314452267988157,11.498111275742852,0.8196282365406529
0,54,132.0155,0.6523735913045465,9.087631829217024,0.6653458028831619
0,55,128.7735,0.6431760318099108,8.180721947838647,0.5420444491028712
0,56,101.725,0.5811705520123295,6.838126075202753,0.5149836535883568
0,57,91.097,0.563469562060293,5.974670856339945,0.4302215426108544
0,58,74.751,0.4916314944303179,5.556393881018314,0.4172783231991875
0,59,52.8735,0.29472848789851736,4.483484122481016,0.30625833045321593
0,60,60.3785,0.36827640863608796,4.402995068608858,0.2776428372287066
0,61,54.574,0.28887021307154614,4.269496903287279,0.2665180726736641
0,62,50.2225,0.29752918919167526,3.662222982726866,0.19597566302660252
0,63,38.4915,0.26424398115935716,3.1360151656859308,0.23678153318495096
0,64,30.5685,0.21579629161244732,3.0068308144004448,0.15464029656850872
0,65,35.4635,0.18052886487382325,3.0584028014719356,0.16331994069124295
0,66,28.3695,0.19161979213234315,2.694406660321824,0.15722315757542837
0,67,29.9705,0.20148850692050144,2.6818247860396056,0.14588099322475975
0,68,22.444,0.14892668630818695,2.4213983247193016,0.1480954376213983
0,69,23.121,0.1422449703115979,2.458602958349552,0.1633709912420799
0,70,23.2755,0.16246210084362991,2.2915769693454493,0.10338125687077564
0,71,18.899,0.1303414544066561,2.2741308534843117,0.1221298283414269
0,72,20.505,0.15521886076389532,2.059642770056084,0.10568512297506025
0,73,11.146,0.0874745075646854,1.8000793109635744,0.10400116373196168
0,74,13.644,0.09986675333189066,1.8463254177660513,0.08649543202504976
0,75,11.2105,0.11123345530436124,1.716354288390348,0.060783692503046376
0,76,16.312,0.10285810358782907,1.829613536047082,0.06752577898727623
0,77,12.8785,0.06240055246044186,1.793123248049074,0.06446035341548588
0,78,9.531,0.07746272448223368,1.6555491553876822,0.058497146930056455
0,79,10.5465,0.08865745731094565,1.5697945052861138,0.05557750072854936
0,80,9.0985,0.0625016841878341,1.5335272572402043,0.06871162064986197
0,81,10.272,0.09855428640308422,1.5856713395638629,0.07066417922378186
0,82,6.596,0.0613548779856306,1.4443274711946632,0.06300401038889278
0,83,6.3445,0.06282588722225223,1.436806643549531,0.0643830566505041
0,84,5.499,0.06891986192978815,1.4148025095471906,0.04012285529320021
0,85,7.4785,0.06549517860921227,1.4549091061041652,0.042978281850199605
50,0,18.513,0.12298930205937642,2.277957705396208,0.16133901671547182
50,1,16.688,0.1392037507056686,2.182805369127517,0.11545534586974564
50,2,14.308,0.13163066352088137,2.0277562202963377,0.11614535624934548
50,3,16.662,0.1038384372601569,2.065343656223743,0.12465492631152425
50,4,14.733,0.12838695621563614,2.0101616099911763,0.10330577420872224
50,5,19.478,0.1428038772877713,2.0945947222507444,0.12235167708001064
50,6,14.0225,0.14870825376165922,2.044285523266179,0.11927338437708218
50,7,15.54,0.12370593314282474,1.9692020592020594,0.09736076405887271
50,8,23.518,0.20665582880467476,2.5057265073560675,0.14120530397973152
50,9,22.156,0.17296698802768232,2.3699974724679542,0.13860674024568145
50,10,19.405,0.16530912032661077,2.3368706518938414,0.15691257496894273
50,11,21.365,0.18824745752109906,2.3233220219985955,0.13123215077587605
50,12,21.6345,0.13070552478960487,2.3583124061106107,0.13389457513954278
50,13,24.9415,0.14921774093761725,2.432174398091534,0.1566258499510379
50,14,21.3885,0.1673921883985104,2.3965947939313184,0.11489432967672665
50,15,21.47,0.17853792166843332,2.356781555659059,0.1304021932359703
50,16,5.487,0.05737274247364675,1.2445472936030617,0.0540361826758619
50,17,5.167,0.06272790028116869,1.3807065995742211,0.04377913043470968
50,18,5.951,0.05929808730384777,1.4526296420769618,0.0580730155944153
50,19,6.866,0.08082599894380015,1.4820920477716282,0.07445316481956174
50,20,7.2855,0.08267716225110007,1.5007878319950587,0.0663482788410468
50,21,9.427,0.0847103423748435,1.5781978360029703,0.06888497696985517
50,22,7.66,0.06664122321490619,1.4953524804177545,0.05813494437320756
50,23,8.1615,0.08383654208919676,1.60024722783802,0.07840368527611981
50,24,9.7805,0.10396728989649084,1.6873697408107973,0.06388961498461608
50,25,10.957,0.07721501081225618,1.669448845486903,0.08364651178648522
50,26,12.3875,0.09233769544449318,1.7313698284561052,0.09078583487929737
50,27,8.423,0.07453752145908243,1.6083427519886027,0.07051387259634379
50,28,11.6955,0.09353995768766718,1.7673275832585185,0.08556403456925074
50,29,16.3555,0.13934711486447382,2.0849328819051696,0.10414003621653778
50,30,17.277,0.11696625694258293,2.0254830699774264,0.11596439601174492
50,31,18.157,0.16224753667743383,2.143710469791265,0.10364324281307065
50,32,16.9745,0.1395961751097196,2.162116689740493,0.15060540323886287
50,33,19.8955,0.15931510484439082,2.4167565404237146,0.13237838411641215
50,34,19.8315,0.09395204543864463,2.1651467488591383,0.12593998751892593
50,35,25.62,0.17266639571881398,2.71879781420765,0.13502190388353807
50,36,27.6325,0.19475338656605434,2.5965237944449475,0.15565317501661524
50,37,22.797,0.1847546025350791,2.7581607667675567,0.17201723667156396
50,38,32.1455,0.24426201958250915,2.906202415579163,0.1923315963633628
50,39,37.8055,0.28229275117937686,3.3175508788403802,0.22596519388863562
50,40,41.201,0.3292342790875753,3.7747044731923975,0.2549143235501087
50,41,47.409,0.2828482018029429,3.839918981627961,0.287443900402801
50,42,45.3145,0.2698542247799381,3.84379370289863,0.22587511061133322
50,43,54.4855,0.35188924319121156,4.439636045369869,0.3213459634944343
50,44,56.424,0.3985647936494672,4.944300723096554,0.4204877733528718
50,45,72.4025,0.48728348768291174,5.605807724180795,0.38893629415200276
50,46,75.486,0.38307784010426293,5.962295048088387,0.46401110542442375
50,47,109.4375,0.6711270469574974,7.162947744146202,0.5356830848290501
50,48,106.9645,0.5981134705757887,7.99698254794815,0.6204680305589078
50,49,126.5975,0.7488731446928201,9.151456338000356,0.6773380842517062
50,50,176.4585,1.0125437677349955,11.725041739275808,0.8986873567241093
50,51,231.17,1.4062630584189082,15.720803304927113,1.3144320624826602
50,52,341.4295,1.750640405379521,21.16166596544821,1.7656301162505816
50,53,316.171,1.955154981069277,21.518136574828176,1.7599320138711334
50,54,280.1195,1.571192553277201,19.507792994596947,1.7084493956524138
50,55,215.094,1.1788806912535827,14.438985578398283,1.0947922841735753
50,56,174.4805,0.8859061596378042,11.490072642788162,0.8969055090100446
50,57,141.6175,0.810000284275462,9.679108823062121,0.683572387290258
50,58,96.9985,0.585507101399695,7.188229691696264,0.5252596344992466
50,59,94.0485,0.4882828532078945,7.245475980478157,0.5675604167234372
50,60,79.635,0.46613218138883405,5.958043259873172,0.47219170963377727
50,61,76.024,0.4106806929707701,5.696667157739661,0.4131162063901525
50,62,65.4145,0.3520238291874386,4.826448107835419,0.34542542553049593
50,63,50.934,0.36025751023984126,4.2886017984057805,0.30554382376387124
50,64,39.0955,0.2925059378614559,3.7775800219974167,0.2556064976904393
50,65,49.8185,0.3804874124759332,4.104189362385459,0.237390241989733
50,66,40.8495,0.23727119172173763,3.4876522295254535,0.2133226629457976
50,67,35.563,0.23305646480943923,3.173158366841942,0.1736801794526045
50,68,30.5255,0.18617122141784118,2.9430590735614484,0.1927842940155146
50,69,24.181,0.20838716497499454,2.851504859186965,0.1609314439925244
50,70,30.7125,0.20184266280030014,2.6028439153439153,0.15722673666309253
50,71,25.838,0.19953973354487028,2.5283596253579996,0.15445177702730883
50,72,17.169,0.11362889736237387,2.187106936921195,0.1329053440611765
50,73,18.0535,0.13000055667897042,2.2032092253579636,0.10069737666793187
50,74,17.004,0.12138975938772785,2.1038569748294518,0.11610182757821201
50,75,18.1815,0.18958441391633468,2.041996411187196,0.13951240496141873
50,76,17.782,0.10568473474392871,1.9507634686761894,0.10264320542040566
50,77,16.884,0.14368532870203077,1.996774697938877,0.1105828593707891
50,78,11.7695,0.08254336978059981,1.7096197586983304,0.08151955287702804
50,79,8.699,0.06645893072931826,1.6197722726750203,0.06945830218975244
50,80,11.659,0.09912219996709025,1.6891430654430055,0.06809075596147972
50,81,9.8455,0.10595548966180883,1.660010131532172,0.08512605400623517
50,82,9.66,0.09599342082718625,1.6114285714285717,0.06888266380912218
50,83,8.2395,0.08177142403965866,1.5394307603616726,0.06745594819715411
50,84,7.8685,0.08033245067579442,1.5582649488466669,0.06939099273130432
50,85,9.8955,0.08419112029686994,1.4924541205598505,0.06958640627037187
100,0,13.673,0.09886487322550368,1.9942273824325314,0.0871622922127215
100,1,15.2405,0.09071202264656927,1.9831147108034513,0.11130234848753724
100,2,15.63,0.12970411672239657,1.8099872040946896,0.08253322144093787
100,3,14.449,0.12521959658304835,1.9519273998200566,0.09443589683571245
100,4,13.9565,0.1023854301929212,1.9991837315945977,0.098418124176826
100,5,14.444,0.1135234731118119,1.8966950983107174,0.0629902639285219
100,6,14.032,0.1176113134550909,1.930229190421893,0.0943498903871362
100,7,12.9305,0.10460319759629012,1.7709809945477746,0.06643371633939965
100,8,27.1395,0.1786800654507211,2.6590408721605034,0.1604068159282855
100,9,23.266,0.16100245176295963,2.6517770136680134,0.16336930334373823
100,10,25.5465,0.22117541859228648,2.5874713855126923,0.15165255251061655
100,11,25.832,0.1409116931384993,2.645198823165067,0.12613428959108502
100,12,26.1325,0.18975312909145886,2.793339471921936,0.15328487351565717
100,13,24.474,0.22161536142842894,2.682819481899158,0.15605308501379875
100,14,23.776,0.12067660131634092,2.71546197846568,0.1466970290267337
100,15,26.136,0.1699773978782887,2.4564778083868997,0.09013466989547811
100,16,5.3345,0.06191452087141485,1.4369874871121944,0.06305427549941556
100,17,3.3705,0.048625718774284295,1.2983918558077439,0.052787328492455196
100,18,5.5875,0.0629029118228201,1.4062360178970914,0.07654537114084851
100,19,6.419,0.060467041914540456,1.3664806044555227,0.04114901893536285
100,20,5.846,0.06255692144801106,1.3035039343140609,0.057680872536862535
100,21,8.453,0.07856643183018082,1.5623791553294688,0.05802611042073632
100,22,5.943,0.05711069583665911,1.4192749453138147,0.05740796310874339
100,23,6.9425,0.0702547057798304,1.5269994598487577,0.06778771493475766
100,24,6.4335,0.07822462595157076,1.4817094505323696,0.07483824163682405
100,25,9.3375,0.08275160993822675,1.49725234270415,0.06004776309987306
100,26,8.5905,0.08247639215653176,1.6168802456201614,0.07460817150128252
100,27,10.5225,0.09811613687762775,1.7146584699453549,0.06195148474945729
100,28,9.635,0.07800303637814704,1.6036092371562014,0.05779748942539356
100,29,13.161,0.11792258834551217,1.753824101512043,0.057636829075013205
100,30,15.804,0.11802185346255523,1.8106545178435838,0.07708276572245443
100,31,11.926,0.08946154716442578,1.9201344960590303,0.10420812648828719
100,32,18.182,0.14852538326388473,2.085847321526785,0.13855482175259942
100,33,11.7195,0.09170454560277028,1.9382925679423182,0.10477657866873995
100,34,16.1105,0.14503443329811588,2.0911386828465903,0.0970377455047757
100,35,19.77,0.12473129012738511,2.1695042994436013,0.09270400189531709
100,36,24.706,0.1975673103154041,2.4136875252974983,0.11900499607568928
100,37,25.0065,0.18650282204722454,2.4223085097874555,0.1262188653365583
100,38,22.545,0.16963350587601875,2.7263683743623863,0.15995022666132055
100,39,25.1565,0.17327993020118293,2.609504809890088,0.12658431738110287
100,40,29.0325,0.16332221140078532,2.7134226728666153,0.15975890333480947
100,41,38.533,0.22955574944937301,3.224480601043261,0.14991204751926762
100,42,39.7705,0.24419629183787267,3.2696302472938488,0.1830361898128953
100,43,35.391,0.20165616907576783,3.4866525105252744,0.2056297065839972
100,44,38.4505,0.2595091267029089,3.834216713696831,0.24979799314687287
100,45,57.155,0.3177896523769981,4.144466363397778,0.2099389365588123
100,46,66.795,0.3348263493372752,4.851485515382888,0.2744880402305366
100,47,71.1275,0.4537434210049434,5.090242785842326,0.2927020263788988
100,48,69.022,0.3900186230371476,5.20978117122077,0.3698984773480405
100,49,83.299,0.5011433768997965,6.286025030312488,0.36190358064366407
100,50,101.807,0.498292928010484,6.764817262074317,0.4492334202358753
100,51,130.3395,0.6904313964166923,8.796352907215388,0.5759824473423032
100,52,147.756,0.68082627817428,9.897300035193156,0.6047898309327274
100,53,181.519,0.9607505015953891,12.235648273734428,0.7694779919869112
100,54,257.411,1.2698416602495317,17.013500118487553,0.9224434511339094
100,55,369.322,1.9482592229988085,23.825093863891126,1.6408442661440763
100,56,366.3125,1.8385139701457618,24.10062950008531,1.8784692548956607
100,57,254.503,1.292217005565887,16.82805700129272,1.2607635639464092
100,58,174.85,0.9559360251661873,12.066059479553905,0.8102801005935442
100,59,133.1275,0.7455308511389745,9.470614589397382,0.764513002895598
100,60,128.933,0.728975524821985,8.855696454747815,0.6659219967772672
100,61,102.0715,0.5581601708432659,7.0320058757831525,0.44004062788922577
100,62,91.1135,0.4908597586190729,6.24943194751601,0.4223499194335322
100,63,75.106,0.3828826946921672,5.694987937048971,0.3381359742248022
100,64,53.0495,0.3916446261062364,4.914788070575595,0.39075131742761704
100,65,60.5315,0.3977821904668848,4.7742251183268225,0.27530284719983594
100,66,54.812,0.35353448428540085,4.44259753338685,0.2524727621067428
100,67,50.0715,0.25598239557068325,4.048358602198856,0.22335850975528682
100,68,38.9445,0.2625868026907821,3.3426650682381336,0.16396231945274195
100,69,30.7675,0.17884258735723638,3.129842975542374,0.188843021514973
100,70,35.702,0.21465345388126902,3.0506749201725394,0.15667813534162714
100,71,28.406,0.15546094449461592,2.9293868900936424,0.19139332037385934
100,72,30.31,0.20500449289043313,2.6194292312768064,0.14002251311614805
100,73,22.4115,0.17027574386085806,2.461467003547286,0.1629040625652037
100,74,23.2835,0.17679496748017506,2.6289487297871883,0.15349488983229526
100,75,23.3465,0.14884692773025962,2.421752200543979,0.135551307214108
100,76,18.9345,0.11931266972913784,2.189189561382662,0.15943722828808096
100,77,20.5355,0.1506380727019826,2.2532073604246303,0.11999429043673807
100,78,11.231,0.09145289267676213,1.8762032766450003,0.1263990180801786
100,79,13.583,0.08303169971700444,1.9966952072443496,0.12159556716594365
100,80,11.35,0.11317662023766623,1.7659471365638768,0.09386579686095049
100,81,16.197,0.09416419031055315,1.8057165524479841,0.06537312103851146
100,82,12.8335,0.0593219361220046,1.6862724704873964,0.08906727527418098
100,83,9.563,0.077480388010875,1.7171422147861553,0.07398765437612229
100,84,10.456,0.09521001716427172,1.6172593726090283,0.09352098016458313
100,85,9.264,0.08440940331752726,1.5608056994818653,0.0678524405050479
150,0,12.292,0.12759846559051105,1.7863436381386266,0.08090186774365021
150,1,12.485,0.1256488423303114,1.795096115338406,0.07711989941830505
150,2,12.328,0.0937426488345956,1.8279052563270601,0.06999193607473057
150,3,13.1855,0.12090769641603291,1.813665750255963,0.08637491289436444
150,4,13.565,0.1310634639361684,1.880853298931073,0.058296106667089904
150,5,12.6945,0.10368848842363834,1.9358123399897593,0.08497415873684162
150,6,11.0245,0.1029728502797554,1.89994101773323,0.0937611279445781
150,7,12.965,0.10735210144291844,1.8619186270728887,0.08558578625419612
150,8,29.1885,0.24732811681735778,2.8222747914418354,0.1379381722361874
150,9,29.795,0.23959670061870147,2.9212946803154893,0.15508251501182732
150,10,33.548,0.24569086267095716,3.113231668057708,0.1523669249374009
150,11,34.3445,0.24043543284720167,2.9511514143458197,0.1568250014246572
150,12,33.5695,0.27785595946555647,2.931803266357855,0.15960955510031888
150,13,28.011,0.20636311889992603,2.8681903180893222,0.11680335402458446
150,14,25.1,0.1531700121811669,2.7315537848605573,0.14763974310599548
150,15,26.881,0.21968985315427744,2.6811814664633014,0.1344533271988203
150,16,4.3085,0.05554171026307478,1.2722125449692467,0.042496847189723706
150,17,4.5285,0.06234148318989383,1.3435326819035,0.0537474487157391
150,18,3.7985,0.05175994692098476,1.4081605238910095,0.06476017486230957
150,19,5.7145,0.0726435964505003,1.298099527517718,0.05764239473463429
150,20,4.834,0.052100106071212064,1.3207372776168804,0.03315047876393377
150,21,5.2525,0.07447668303428605,1.263539980961447,0.05235375507579798
150,22,6.2015,0.07838593791719259,1.41964004676288,0.05711534952277597
150,23,5.675,0.06782911965877347,1.4823568281938329,0.06672063124864512
150,24,5.4755,0.08159745545568245,1.4470641493927496,0.05157909035426617
150,25,6.838,0.06038734618235327,1.4362029833284589,0.061602631424478346
150,26,10.1525,0.0751520388769895,1.5676181974883037,0.05220866775537475
150,27,9.2045,0.0896292803426252,1.5397555271877883,0.06732005498032523
150,28,8.1115,0.08908386055019323,1.598109813228133,0.06617202175889018
150,29,8.0575,0.06301159041252506,1.6347742786224015,0.0664104057862778
150,30,12.2435,0.11255939952333004,1.6326383591293339,0.06637588824188984
150,31,12.5845,0.12132269931229288,1.6721252135563591,0.06059332553101918
150,32,10.178,0.09800805552284082,1.7135307526036547,0.07127960668921667
150,33,10.3435,0.09881208907501361,1.8989227775897912,0.08187678322169481
150,34,15.3055,0.12755695322399946,1.8898546110875174,0.08485403140264547
150,35,17.167,0.10997631323918831,2.020860429894565,0.10210298620614108
150,36,17.8985,0.12222127259067535,2.110467231890941,0.09554248482540231
150,37,18.9895,0.14855882230352466,2.1690086495168384,0.0857776886141016
150,38,20.3855,0.1976406561094355,2.2977062004856394,0.09621529351050508
150,39,16.883,0.13869144093805483,2.177830421133685,0.11118290933522687
150,40,23.56,0.17972932865547284,2.386434634974533,0.08557028796865145
150,41,29.377,0.22463315123013244,2.787482418218335,0.1262096162614822
150,42,25.492,0.17310720742695107,2.6502014749725404,0.11801775624110455
150,43,33.402,0.20315614943346522,3.15497263636908,0.15306274618850987
150,44,31.2515,0.2540962053611722,3.1620641489208516,0.22584909819951948
150,45,44.0125,0.3777919749224296,3.5332313263277477,0.1595879168548148
150,46,50.829,0.36267347936067695,3.770087135296779,0.1587625118769045
150,47,47.741,0.32584699347683815,3.8726444565467837,0.2602225136106874
150,48,51.1635,0.36250609795233907,4.474024797951665,0.2567832129247443
150,49,48.95,0.4419835672106026,4.431184882533197,0.3050830184333288
150,50,78.758,0.5044692886171513,5.689802128037787,0.32739091864188413
150,51,75.4235,0.5498407783885683,5.697443737694485,0.3045057099189512
150,52,111.7,0.804736635571899,7.289785138764548,0.3932844008675258
150,53,106.982,0.7565474208534457,7.7831754500757135,0.4182407999312259
150,54,136.147,0.9471050350243139,9.214117027918354,0.5028117197840146
150,55,185.391,1.2262615201454758,11.735796877949847,0.5904971135944856
150,56,232.207,1.672604823243332,14.907880257701104,0.8278483353187173
150,57,342.1165,2.194191048031885,21.1191273374713,1.238179036573447
150,58,317.7435,2.230444170421759,21.773338267344574,1.4941287312935723
150,59,281.353,2.036143426340976,19.132585723272896,1.2743016213049931
150,60,215.7855,1.3765774635514938,14.177326510585742,0.9210136355309878
150,61,175.24,1.2973219378883278,11.674397397854369,0.8288509519362255
150,62,142.178,0.9259435017435201,9.358074498164273,0.5231859670560657
150,63,97.5885,0.6791904139643365,7.0908884525328295,0.3869236949471116
150,64,94.566,0.6639865249108313,7.102876763318742,0.41886570072701657
150,65,79.9535,0.5198979024263964,5.997427726741168,0.3371397456902633
150,66,76.1735,0.591669482325897,5.556622680459739,0.34175693283201025
150,67,65.5755,0.42769300044726266,4.622554151321759,0.22162937481154743
150,68,51.1645,0.3975023833096394,4.259583104496282,0.2616099319643908
150,69,39.2385,0.3162679368743167,3.782601724072021,0.23095245354188038
150,70,49.8725,0.3410231316432779,3.876088901699333,0.18678813992495272
150,71,40.9885,0.3372280775911028,3.5743042011783794,0.19442204387793946
150,72,35.967,0.26967338919905876,2.9921292017682877,0.12445055300027323
150,73,30.894,0.2706049752528208,3.1030220754839126,0.1892870815873828
150,74,24.3305,0.17405455133981737,2.6427023591788084,0.1677062194971555
150,75,30.991,0.24935485177806888,2.6920692781775353,0.10648033893724847
150,76,25.9655,0.18584299400583432,2.4240361152298244,0.09430438869002164
150,77,17.27,0.15530953812171044,2.1879617834394907,0.11204914814170307
150,78,18.438,0.18466698334256254,2.2872413493871355,0.10457752784241675
150,79,17.0595,0.1165636826171128,2.0991212960520533,0.11004775454351601
150,80,18.626,0.11630133275246675,1.9838464511972507,0.0704664563508642
150,81,17.595,0.15674904515784044,2.069165956237567,0.10528302776030422
150,82,16.9635,0.16756031906843474,1.9392912871754064,0.07949126635576793
150,83,11.682,0.12916655913973954,1.8849405923643208,0.07870330827558104
150,84,8.7465,0.10784802904281966,1.611071600068599,0.08205501568254465
150,85,11.7745,0.13016684637317158,1.752486283918638,0.04411265018245287
200,0,11.073,0.09759772430478911,1.774195881874831,0.07376602160718411
200,1,10.558,0.0656289409844237,1.6856067437014586,0.05603237010554325
200,2,12.497,0.10521181642662412,1.9493471233095945,0.07711386122125119
200,3,10.2795,0.09229094441521697,1.718894863563403,0.07536617414241
200,4,11.457,0.10839765971449328,1.9114210526315785,0.09062551195319091
200,5,11.4805,0.08663740227917868,1.7822934323417972,0.06691342979569373
200,6,10.469,0.08789317679044169,1.839147865125609,0.10002112542694903
200,7,10.148,0.06689190022558315,1.8144556562869534,0.06801854852045505
200,8,34.626,0.20644280461897319,3.467340264541097,0.1370364770574691
200,9,33.9925,0.1751118063890637,3.3344250569978673,0.1540486316887564
200,10,36.8655,0.21372569113850642,3.5137299032971203,0.16069357454602567
200,11,33.9515,0.22222235782159894,3.400325397994197,0.1693359800395606
200,12,39.033,0.1998395408953462,3.5307281274818743,0.17623782749948755
200,13,37.7005,0.2306278330306642,3.651458196840891,0.16383233705269865
200,14,34.733,0.2089511400958837,3.3491121124003107,0.13505450455839102
200,15,34.7105,0.12214847522584868,3.415182430388499,0.13505505373722543
200,16,3.88,0.03888579770504758,1.2821134020618556,0.05255779776434055
200,17,4.1605,0.04635943667066127,1.2654103473140248,0.04411638843452762
200,18,3.102,0.04623509717223825,1.2745312701482916,0.04854507378977547
200,19,3.5525,0.038830773200754364,1.2980277973258267,0.04381965632567907
200,20,3.9905,0.05924736281050858,1.2638540909660445,0.04154493750767954
200,21,5.0825,0.051436598684307396,1.348488686669946,0.056490396759451285
200,22,4.414,0.04755827450280562,1.344948799275034,0.051488390178610406
200,23,5.912,0.06038298819334698,1.4262949932341003,0.04969448724761756
200,24,5.7305,0.04807600889819138,1.4537771136899051,0.05032400302824656
200,25,6.0905,0.06507677651901075,1.3441112798620802,0.030787482766509427
200,26,8.0645,0.07237502840650269,1.4534490358980714,0.05286793647203652
200,27,6.5755,0.06900982004872856,1.3921830659265455,0.06257328875391086
200,28,7.492,0.06591302083647395,1.5960939668980243,0.06706325352234042
200,29,5.9835,0.07234884424203265,1.471417690315033,0.06490806614674256
200,30,8.2815,0.07940659855916861,1.6219595182032243,0.05732398549405951
200,31,8.844,0.07301189520965222,1.6894690185436456,0.06359269186406888
200,32,12.783,0.09877166651050873,1.7501299381991708,0.06515336290027851
200,33,9.896,0.07607959820581282,1.8399539207760713,0.10108430498899985
200,34,10.469,0.09214662229295247,1.9316113286846885,0.07751736428957176
200,35,15.9415,0.12278409591851172,1.9852007496157829,0.06911711961712971
200,36,12.2835,0.09910195441272104,1.904516444824358,0.07532620939362118
200,37,17.9715,0.1332731168848783,2.059243121052778,0.0784633863594471
200,38,13.924,0.07608997444162023,1.9437104280379205,0.07594829916946953
200,39,13.4215,0.10831794087679802,2.1592100547628803,0.08974989241402373
200,40,22.4345,0.11635579509689871,2.3581853729746594,0.1159961722947568
200,41,21.37,0.14815354765988845,2.4479223210107626,0.10022195183306104
200,42,26.7965,0.16528328950463755,2.76719301961077,0.12371746737205466
200,43,24.185,0.09413456214097793,3.0259572048790573,0.1432001731278143
200,44,25.2925,0.1520160569773718,2.7331795492735,0.11505583826375448
200,45,35.1345,0.21518715844095757,3.1764621597005793,0.15348015689533634
200,46,35.88,0.2577636616421249,3.287670011148272,0.17289508685984833
200,47,38.8125,0.19955724017250082,3.604234299516908,0.20701095910723386
200,48,34.057,0.19898704004347156,3.5855698094371196,0.16133960457436955
200,49,35.3185,0.2538288638143072,3.7519446678086554,0.20293578641153978
200,50,59.0715,0.2795271147755375,4.790303069161948,0.2272380243564255
200,51,63.6275,0.3063828659150468,5.345781992849004,0.28354489829081725
200,52,73.08,0.3787646123636022,5.769685276409414,0.26997726001802924
200,53,79.6445,0.29776489754591223,6.139960948339183,0.32536134676549316
200,54,82.827,0.34517127708763856,6.811427082956041,0.3580177501202099
200,55,102.2445,0.4594203871241103,7.917479372973608,0.43693880275634034
200,56,131.199,0.6350963043424894,9.662203210390324,0.5000553685794911
200,57,149.213,0.7622194393245281,11.166169375322527,0.6154447268796089
200,58,182.786,0.7949188637842274,13.575915026314926,0.651393285679401
200,59,258.382,1.1904781436575633,18.435135094549928,1.055891160938997
200,60,371.486,1.7405470102059433,25.813163360126627,1.3494498206989036
200,61,370.1255,1.5193801497563872,25.401388852564875,1.3613076957102084
200,62,256.154,1.2644650210558164,18.389181055146516,0.9742092365306741
200,63,176.0115,0.9344869898562157,13.076744234041525,0.7008337479552763
200,64,134.635,0.6349527541478975,10.497268726556987,0.5288848657607284
200,65,130.2535,0.5742744965331605,9.744438635046276,0.4790647846505887
200,66,102.806,0.5050822757364923,7.852337062039181,0.427137989714824
200,67,92.104,0.45932238420479177,6.6187807695648395,0.3193052082622756
200,68,75.756,0.4176509497049882,6.152522097259624,0.30907999017411314
200,69,53.4345,0.28708468858692726,5.140905402876419,0.22729179038318706
200,70,61.361,0.31422075712868963,5.315993530092404,0.24567609199939314
200,71,55.1515,0.22906822127916404,4.519615019537094,0.23802547333027302
200,72,50.29,0.2668451157309676,4.157564128057269,0.19202505130106112
200,73,39.0595,0.23769891946702132,3.6789759149502674,0.18245524069177263
200,74,30.913,0.18672115432827704,3.332754213437713,0.15265685148986938
200,75,35.9725,0.21902520282762852,3.442177878935299,0.1609331448378715
200,76,28.5535,0.19498889981901849,3.1405305041413487,0.16902096039570652
200,77,30.4865,0.1602650354224145,2.858898783067915,0.09691458506435065
200,78,22.619,0.14477005360588982,2.5615561695919356,0.10805064330340004
200,79,23.1995,0.13807601834535044,2.6148709993749866,0.1244077275887737
200,80,23.58,0.1358017130346955,2.4211026293469047,0.11905338597588147
200,81,18.9275,0.11961533742529955,2.239188680491349,0.09969702862649442
200,82,20.4285,0.10415644862164712,2.255079313214382,0.10715396166640681
200,83,11.1995,0.0995766697469576,2.048903946604759,0.06753947351650404
200,84,13.842,0.11656622242539341,2.051729229880075,0.11209282151991824
200,85,11.5135,0.09554628252979358,1.9348432492291656,0.08754490214631734
250,0,10.14,0.08436761663601729,1.7072386587771204,0.0794384501954333
250,1,10.228,0.11703935460483181,1.6645498631208444,0.0809076826991133
250,2,9.719,0.06614139558949704,1.5808250848852763,0.07001768772551084
250,3,8.683,0.0870906968262629,1.5363942185880457,0.06689165359436701
250,4,7.797,0.07909388159183443,1.5982802359882005,0.057501037840014015
250,5,9.8385,0.08361338031930755,1.5179567769477054,0.0833435828905919
250,6,9.882,0.06266284049536326,1.6137498482088648,0.06899497111321427
250,7,10.38,0.0998841434125707,1.639653179190751,0.07521345624879817
250,8,38.4545,0.23790364590910018,3.5103545683860147,0.18841345238746066
250,9,44.3225,0.20784973696855166,3.4635116193806765,0.19900109772669394
250,10,37.165,0.21567092378997507,3.574486075608773,0.18014921374074683
250,11,44.8705,0.2079656791016492,3.513527367646895,0.19466400584018556
250,12,45.8275,0.31635329600738593,3.6362172003709565,0.2679377747851958
250,13,43.6515,0.2693249602441702,3.387284463305958,0.18431634186484408
250,14,37.292,0.2741451785958811,3.1690640351818087,0.16619423728317423
250,15,45.702,0.25906065130125694,3.568185112248917,0.18730104884016402
250,16,2.6985,0.038094584502538685,1.1571605521586066,0.048195488910255456
250,17,3.534,0.04999157823810772,1.264245614035088,0.030634153681791218
250,18,2.833,0.03563779779361981,1.2644232262619128,0.053397552526944426
250,19,2.628,0.03181856459099901,1.2422435312024356,0.04323712548492484
250,20,3.795,0.05533391460273872,1.256646903820817,0.04290364570488517
250,21,4.378,0.04856140984687069,1.2754947464595705,0.051351472967229916
250,22,5.3395,0.054702424655200636,1.3608464743889876,0.05779520785086708
250,23,3.5655,0.04439935395452254,1.3004374561772536,0.04766655311471144
250,24,5.19,0.056800667156941584,1.256435452793834,0.04765982182007139
250,25,4.478,0.051868254158721136,1.3705931219294327,0.03914355966750311
250,26,5.5545,0.06111884453991876,1.3146151318750565,0.04698056889311978
250,27,5.8855,0.07871826846084552,1.411671013507773,0.05115863811775
250,28,5.6375,0.06539706656868868,1.3825443458980045,0.046317657859279104
250,29,6.1725,0.06077081623002267,1.3746040907249897,0.04775348052838727
250,30,6.9455,0.06052174467864738,1.4531034122813333,0.06859617896801078
250,31,8.7355,0.08409729640813679,1.4896159063591095,0.0687085859619147
250,32,9.228,0.09849018118306842,1.5322947550931947,0.05540943435369582
250,33,8.54,0.07138479861766271,1.5626932084309135,0.07423119728292711
250,34,8.075,0.09514393528256329,1.5039473684210527,0.06264294140510293
250,35,12.056,0.08721540182668198,1.7197133377571336,0.06084304484951257
250,36,12.698,0.0614071828474748,1.6782009765317374,0.0779401918464242
250,37,11.9685,0.08797210981477642,1.712704829343694,0.10184244239378115
250,38,8.8375,0.11277568560269578,1.7249328147100422,0.05912769717898844
250,39,15.931,0.07559204915027032,1.9224304186805599,0.09605681319664962
250,40,15.4235,0.11426026384853522,1.8192464583265795,0.07948830129650596
250,41,19.824,0.15552356396176267,2.127826069410815,0.12224376976270968
250,42,18.693,0.1201142000457535,2.1717622104531107,0.09993007350313544
250,43,21.836,0.13635364237699787,2.244005495511999,0.09534740206406014
250,44,22.435,0.13094092681736108,2.2966246935591705,0.08698870366496206
250,45,21.6515,0.1668725877018626,2.179296942475117,0.10708113876858298
250,46,24.271,0.15719565415179396,2.5473016768983556,0.1272840226734422
250,47,26.7605,0.20272287929455252,2.675067347396349,0.16732750497157228
250,48,32.3665,0.21278884393986255,2.9909683700739964,0.16420471728799607
250,49,26.7205,0.1566062360121528,2.734581304616306,0.1776840909066091
250,50,47.1115,0.24198768454961603,3.5944741252135888,0.20692086954151065
250,51,52.3265,0.2691490244612106,4.040264450135209,0.24534789904521556
250,52,49.647,0.3260134805091418,3.946429613068262,0.2007456548094034
250,53,55.303,0.3548039488298635,4.369350505397537,0.29842866709979754
250,54,52.8725,0.3479480262156523,4.593110667171025,0.315824191488426
250,55,75.8715,0.4619901314735388,5.898960581377724,0.3673218312328831
250,56,75.4355,0.45559127284742745,5.739643002962796,0.4119533806218139
250,57,112.232,0.6220693818132162,7.363151115546368,0.4677807520003686
250,58,107.589,0.5400379616286229,7.769159291377371,0.5172101196791212
250,59,136.199,0.7334830030678747,9.191678345655987,0.5600242862167121
250,60,185.6735,0.9667708798937436,11.75630823865549,0.729482356892133
250,61,232.777,1.3569288272069602,14.624147879730385,1.0762581288140087
250,62,343.126,1.6039443815005885,21.217675501127864,1.407853743944526
250,63,317.4615,1.7155415402477803,21.648812589085605,1.6998496730061285
250,64,280.842,1.4606928060629971,18.56432811331638,1.3561200162895248
250,65,216.388,1.0609396530285826,13.606773277630921,1.000947372659965
250,66,175.3325,0.9325135458307892,11.01319460881468,0.8199203828816306
250,67,141.598,0.7472724438002266,9.044911623045522,0.6411393091210861
250,68,97.71,0.619612782308439,7.28420734827551,0.5261213431191533
250,69,94.489,0.5348427707968788,6.909808326895193,0.4453407694524463
250,70,80.548,0.4497494039082127,5.713421760937577,0.4064177375642198
250,71,76.5765,0.4223170890269691,5.374131068278127,0.35264461357918336
250,72,66.0355,0.36347335745408527,4.4393430768298865,0.23411235986587195
250,73,50.8205,0.29524162718196123,4.262616065367322,0.28969712156832633
250,74,39.1235,0.26511494527945473,3.6022147238871773,0.2185143677198221
250,75,49.856,0.22372963006365398,3.6436389602053914,0.18978376551778242
250,76,40.9915,0.28545649037066356,3.495808344412866,0.19098868673593047
250,77,35.788,0.2084966237262934,3.039232591930256,0.17247173066720753
250,78,30.738,0.2039589742028902,2.981077363523977,0.15752193598818182
250,79,24.3755,0.1644231943556186,2.880125525630243,0.18218267154274037
250,80,30.93,0.2319528082674529,2.543165211768509,0.10027559032540703
250,81,25.9685,0.15063947025929159,2.570518426170168,0.12641025960769067
250,82,17.455,0.1391714202360746,2.1195631624176454,0.10300581255760743
250,83,18.371,0.14266430970343427,2.2353905067769855,0.12095034811987697
250,84,17.1505,0.12106647804104499,2.067161292673683,0.10261011923117351
250,85,18.502,0.12988780583743345,2.035131120959896,0.09909361006882186
300,0,8.139,0.06637176000616239,1.526806610148667,0.07107035254218302
300,1,9.0155,0.08038550209688557,1.5779778991736455,0.06128439459551999
300,2,8.3045,0.07213100289714129,1.5528664880486482,0.04625659920517512
300,3,7.9365,0.07627262390854715,1.5924485289485293,0.07721892733930788
300,4,8.4575,0.07933896301711789,1.5189114691102574,0.055151433210395666
300,5,8.7815,0.0730978975865861,1.5459497523202188,0.06738904957260838
300,6,8.2705,0.07136074034900329,1.51349129435947,0.06359035812156691
300,7,8.533,0.07372816358260391,1.5584098206961212,0.0645977404138297
300,8,48.631,0.17779482557150145,3.8762895889453226,0.1885184759662841
300,9,52.7995,0.2602796825683767,4.249818648850842,0.3314414822094564
300,10,42.6795,0.30930267495907976,3.774781329443878,0.1908121759420858
300,11,57.909,0.3593626668364297,4.488295757136197,0.3031328454825012
300,12,51.2865,0.27342975139397196,4.418597832763009,0.25794778678283453
300,13,48.539,0.2476350243062513,4.073785595088485,0.24870074981030954
300,14,48.7145,0.2543758874289462,4.158330471420213,0.2563663629745964
300,15,45.88,0.23260764344593926,3.7590148212728858,0.22103664341916257
300,16,2.8375,0.036345382679306884,1.231751101321586,0.03711858563214863
300,17,2.324,0.039178404362876416,1.1824543889845098,0.042222027312961985
300,18,2.9665,0.04019213722529368,1.2170496376200912,0.03739605359729998
300,19,2.6045,0.037441006228043854,1.2029486465732386,0.03890755004010818
300,20,2.9625,0.044146138890591186,1.1838291139240507,0.03224180530942316
300,21,4.0885,0.06240055246044228,1.272512596306714,0.0444400634793401
300,22,3.8485,0.06738059614489998,1.3183182408730676,0.04483267244920565
300,23,3.3165,0.04205431951029163,1.3255925674657019,0.04447555041375314
300,24,3.464,0.054306149695378364,1.3209307159353352,0.053404716581432456
300,25,4.0385,0.05695924212239777,1.233135508233255,0.038555988607151086
300,26,5.3765,0.04831516597464914,1.3110290616572118,0.049567868829710565
300,27,4.3885,0.0333504122913045,1.2315296228779766,0.04458466870668017
300,28,5.2085,0.06750545786901463,1.3466502351924738,0.05164544978086878
300,29,5.874,0.06655587284775337,1.4874232209737828,0.06364920124038254
300,30,6.3165,0.05173960612630583,1.3373431093168688,0.04699179658047637
300,31,7.7445,0.07813778316470646,1.5156846471689587,0.08871590423449743
300,32,5.9745,0.059225150240861564,1.3833542137417356,0.06884975705880511
300,33,7.5155,0.06313508908431342,1.4645412480872861,0.0668193188272526
300,34,6.786,0.06404110522074669,1.5937524314765694,0.08825493115415842
300,35,7.9325,0.08318614193798354,1.5181775921840528,0.06266259203147531
300,36,10.0075,0.10833640346526917,1.458550462153385,0.045407743203381486
300,37,10.6785,0.06759895281032627,1.5666186964461304,0.061586397014517055
300,38,11.089,0.08541200457966007,1.6920442781134457,0.0785742792723833
300,39,10.3685,0.090850585839434,1.7219180932632496,0.060997082603626324
300,40,14.5845,0.09430486676061288,1.913665861016833,0.09240284612472116
300,41,13.7005,0.08321334343911332,1.7910149082150284,0.08917536906947214
300,42,18.216,0.1290642434889251,1.9512705314009657,0.10373602793870185
300,43,13.221,0.08976255226693074,1.7652340216322517,0.06390664589819167
300,44,13.7325,0.10104942771785291,1.9249185326779537,0.08367154991582305
300,45,21.657,0.15216697892014677,2.2403080297363442,0.11192795403584854
300,46,18.4235,0.12824785829749574,2.065305058756479,0.06903731782369661
300,47,26.506,0.1823795925795253,2.4185453859503507,0.12617705196745435
300,48,21.5225,0.16626528422025333,2.473016320130096,0.15118336806071378
300,49,26.418,0.16751213624532932,2.6331015216897566,0.09644858167311943
300,50,36.1105,0.24100608749681943,3.00639120892815,0.13311373727756992
300,51,40.1705,0.25612853989231543,3.1519754484011906,0.14786232429934837
300,52,39.352,0.28640016171709604,3.4035397438503763,0.18759742761292678
300,53,32.551,0.17690006099192407,3.4110595373414028,0.23426521441584283
300,54,38.19,0.23982559452542906,3.692822728462949,0.19103640601223232
300,55,58.667,0.2582890058177393,4.404403003392026,0.24589082666232887
300,56,63.223,0.2748043323032483,4.746346598547997,0.3030227438691965
300,57,72.151,0.30536423462723317,5.0749012349101195,0.21989342826986205
300,58,79.078,0.3651132484730283,5.606514024128075,0.31068096707256637
300,59,82.7755,0.4398944101773315,6.132709554759561,0.45310795246224383
300,60,101.587,0.451398470253681,7.180224152696704,0.5044287598799685
300,61,130.343,0.5501497882156091,8.778264663234697,0.5800743835561785
300,62,148.667,0.5810413066211274,9.884911318584487,0.6568335892612222
300,63,182.2265,0.9675183324796615,12.231421871956057,0.9105345675667156
300,64,257.9345,1.362923613529293,16.7382580063931,1.1956292989658104
300,65,369.9095,1.7491156374459425,23.091119070340177,1.526634770559969
300,66,367.654,1.6807603855648945,22.69936756842031,1.4862797157882928
300,67,254.578,1.1331269265086366,16.811479845076953,1.2383526798790472
300,68,175.533,0.8794807379477115,11.939059384845015,0.8731349541928151
300,69,133.3745,0.7451416237693858,9.391917118714597,0.7472531757727717
300,70,129.279,0.6740419712060772,8.923376256004456,0.6037535739766634
300,71,102.162,0.549742331987405,7.136281161292848,0.5604317272046403
300,72,91.506,0.506240737407145,6.4160269709090105,0.41960950682031206
300,73,75.2505,0.35041364654393037,5.6392415964013525,0.38159008713724607
300,74,52.9635,0.3577026661466522,4.764152062269299,0.3450278725150519
300,75,60.979,0.3839633343240767,4.579339756309549,0.2581703652852525
300,76,55.15,0.3078960863668105,4.22985494106981,0.2266674743314442
300,77,50.345,0.2908178123843181,3.9039422981428142,0.226916548308576
300,78,38.813,0.23939847864793665,3.3803888130265634,0.18631518644744038
300,79,31.0275,0.20615384520967955,3.3302955039883972,0.24569809762313782
300,80,35.553,0.20016059341912157,3.2773940595730315,0.2567451145085054
300,81,28.42,0.25890152568109587,3.0699718508092895,0.2273224599573655
300,82,30.012,0.14845272151872374,2.7193741170198584,0.16873130660645308
300,83,22.4875,0.11910383572417176,2.5274861033907725,0.13912693506140109
300,84,23.31,0.1917427004031559,2.574641784641785,0.15550821998248893
300,85,23.4965,0.1352974792623154,2.4276801970506243,0.1698604233000888
350,0,9.0645,0.0946975101101006,1.5010579458326438,0.05271187256164651
350,1,6.615,0.0630016708216204,1.43927059712774,0.07706955002331503
350,2,7.9625,0.0993687311826119,1.4999175824175823,0.06004130630902642
350,3,7.8665,0.07827507165186934,1.6263494247759485,0.08266982526792271
350,4,7.319,0.07887998879043343,1.5296131985243886,0.08480353044854219
350,5,7.686,0.08383065636966232,1.5850122300286233,0.06814614743223936
350,6,6.7985,0.07004237439240861,1.5067879311612857,0.06505911123646695
350,7,7.325,0.08439724365666297,1.566740614334471,0.0545924490544103
350,8,62.7025,0.39606742846987164,4.791100733623062,0.3232534324016477
350,9,58.3075,0.4341379086007246,4.845327680830081,0.373635593022318
350,10,64.2405,0.4052175991138257,5.117482892412108,0.40453110973402473
350,11,63.5735,0.3899468755990647,5.205936400386953,0.39077851785841
350,12,60.1445,0.45312219509113705,5.117568850850867,0.34948793123737576
350,13,55.4865,0.3808206339776722,5.157431406738577,0.4226190085831033
350,14,57.2225,0.40715694310153816,4.749075866136573,0.3190289544299868
350,15,58.3045,0.36017793482783156,4.702909376634737,0.31050433143273715
350,16,1.726,0.026231760580599523,1.0996083429895713,0.03659985218752716
350,17,2.4735,0.038053113850041294,1.1664838285829795,0.04269518349937293
350,18,2.264,0.030482091377345505,1.1675371024734984,0.044655721083413265
350,19,1.8435,0.03247083711821882,1.1413114998643883,0.039284378625414035
350,20,3.5695,0.062113965714982844,1.225989564364757,0.05015987917165556
350,21,2.4735,0.04006754166076118,1.2327866383666868,0.048560177531368195
350,22,3.533,0.05968381602023143,1.2524514576846872,0.03624093939178067
350,23,3.0615,0.034376208112741495,1.2163049975502205,0.038064914618055376
350,24,2.6625,0.036619487190637415,1.2043544600938967,0.03953367958608407
350,25,3.806,0.052024285826808854,1.3603163426169207,0.030343231982891943
350,26,4.8155,0.06400853150372313,1.2768060949018794,0.03991453556760551
350,27,4.951,0.040755367744629956,1.3562106645122198,0.04755311109610132
350,28,3.915,0.05487545707758335,1.3618837803320563,0.0635351024835454
350,29,4.602,0.05024990180666023,1.3460660582355497,0.05711565907903254
350,30,4.7275,0.04511899471631133,1.40840692755156,0.06556716882309249
350,31,5.6325,0.053167436611044915,1.3765545938748336,0.044977119215886215
350,32,5.5245,0.06269590350086254,1.3087880803692642,0.03828911329299773
350,33,5.603,0.07177853366248743,1.4039605568445475,0.04775815545318796
350,34,6.555,0.10616397446254608,1.4700190694126618,0.05884138887794276
350,35,7.1525,0.07289818061407384,1.3910162530583714,0.06107104192323636
350,36,8.0785,0.08327277624264685,1.6929303397908027,0.0876969455993714
350,37,10.112,0.11470006653510684,1.581730221518987,0.05361621709867366
350,38,7.0705,0.07887523458969208,1.5786054380878298,0.10627630813614694
350,39,8.9305,0.09881794797558419,1.638505094899502,0.0798926605433164
350,40,12.3875,0.13133900490915262,1.7698763874873864,0.07000056555463936
350,41,13.274,0.12510290501065613,1.7595995178544523,0.08287720541540884
350,42,12.1015,0.07085297973156894,1.7274055075817045,0.07884665339459915
350,43,8.698,0.11188716120317548,1.8470678316854447,0.11570900372155321
350,44,14.847,0.1351706523737969,1.952353404728228,0.0998259192095755
350,45,13.007,0.11777565649639962,1.8599178134850463,0.09407475242401327
350,46,20.209,0.16916808831828611,2.190772378643179,0.07385615009359674
350,47,19.1695,0.15447274499849004,2.281111648712799,0.15181700517533148
350,48,19.578,0.16097335510149155,2.335423230156298,0.1345345127064215
350,49,23.995,0.1922204052917536,2.636464888518441,0.13136290900490918
350,50,22.932,0.20954788424003173,2.6085546834118265,0.16022731066289728
350,51,27.104,0.18990080513118884,2.745321133412043,0.1764872895725188
350,52,27.0355,0.18303648615278204,2.8533313513713447,0.19946414838488014
350,53,32.897,0.2620155680388782,3.291923002097456,0.23503619225392614
350,54,27.558,0.23668500052534935,3.1244152696131797,0.27254385192910413
350,55,44.433,0.30763281256787434,3.735860981702788,0.21645346280634686
350,56,52.403,0.36860912117109357,4.034379539339351,0.26974311484404445
350,57,49.5015,0.28124373677236686,4.332090901285819,0.29272234915620843
350,58,55.4835,0.3975631528780264,4.647917448430615,0.36253395849134434
350,59,52.643,0.4092908501298327,4.729718120167924,0.3940817002281522
350,60,75.945,0.47239340206632263,5.727275989202712,0.4542573763977186
350,61,75.5705,0.5319732259784233,6.039473468483072,0.41940505355006374
350,62,112.073,0.7215313028917235,7.933825908113462,0.6641819271850171
350,63,107.038,0.7057778836522426,8.159602720529158,0.655609004729305
350,64,136.245,0.885003270883038,10.13774432089251,0.8125699098522216
350,65,186.0005,1.1774547650267646,12.958693658081565,1.0293147259126696
350,66,233.0565,1.4806242060272037,15.866664554517895,1.2436966929177151
350,67,344.164,2.0847836439556806,23.17125005520624,1.9380269120961835
350,68,317.5865,1.9293922243191655,22.578288175819814,1.963687629542393
350,69,281.6615,1.8668604767024455,20.02471022042416,1.9114019965707603
350,70,216.416,1.5162818790851884,14.856207230519002,1.2646216229658898
350,71,175.295,1.1458874979223381,12.099985595710091,0.9841257401934966
350,72,142.2145,0.8321732723797081,10.396453876011236,0.8945058932379713
350,73,97.794,0.5070811208849032,7.820782092970939,0.6683258922513824
350,74,94.861,0.6166709862342753,7.476209179747209,0.5680116218661856
350,75,79.598,0.5177896341789398,6.08494429508279,0.462538518588308
350,76,76.5255,0.568321385633535,5.7780916132531,0.36331330503105985
350,77,65.861,0.41681429665348085,5.188285616677549,0.3978988239974774
350,78,50.8985,0.35656052486883055,4.5553051219584075,0.32521024818192007
350,79,39.2975,0.2858715896857774,3.9488006552579678,0.3054003410143245
350,80,50.1475,0.32679212368914967,3.9882096565132863,0.29909933927767696
350,81,40.8885,0.3093620558163956,3.838856102571628,0.2762016853198536
350,82,35.799,0.23098518977357946,3.326841503952625,0.20019505054831283
350,83,30.7845,0.25848187862778205,3.28899477821631,0.2098865008288123
350,84,24.4015,0.17512893746277938,2.8155768190480095,0.16264727543410412
350,85,31.049,0.22139379062276016,2.7460980707913296,0.15842936383734235
400,0,7.103,0.0660745193343331,1.377219625510348,0.04330697466555028
400,1,6.5425,0.08493612150812006,1.423797286969813,0.05590348028816588
400,2,6.7,0.0681214086450765,1.375820895522388,0.05262398113455976
400,3,7.4275,0.06438729443151413,1.4195548636822617,0.045811074944988546
400,4,6.0815,0.05876928574832654,1.3966715037408537,0.04642908134630588
400,5,6.933,0.07212963475941286,1.4689904803115539,0.07428087400534174
400,6,6.0635,0.05959192368451504,1.4314286715593305,0.058170932574899935
400,7,5.958,0.05917236196952661,1.3236381336018797,0.04964407315687352
400,8,80.7205,0.41559055951488355,5.6762579487243014,0.40266376995303665
400,9,76.711,0.42551943489537747,5.43839187339495,0.34725808157841126
400,10,76.1425,0.456374081901652,5.243132202777686,0.31641577228264234
400,11,66.466,0.33253444617773753,4.660260042728613,0.27291776823740244
400,12,66.421,0.3180151436314693,4.8684867587058305,0.3564487732404586
400,13,72.9325,0.3762277270903538,5.488512580125458,0.4521208244057654
400,14,72.117,0.36023610678494966,4.9812153999750395,0.2774968717597787
400,15,66.289,0.36244774578007666,4.604240205765662,0.26501045440418664
400,16,2.0775,0.027652686173888733,1.106856197352587,0.03345169436343695
400,17,2.508,0.040630556300193,1.1642488038277512,0.04549831816609034
400,18,1.842,0.031309995041099624,1.1411704668838218,0.041633171745728885
400,19,2.2555,0.04125322953864872,1.1914075592994902,0.05328547890004163
400,20,2.3895,0.03514986711062702,1.1511988909813768,0.03379461071504601
400,21,2.66,0.048704263295505035,1.258796992481203,0.051937083771079404
400,22,2.3425,0.033988194544886316,1.1731883671291357,0.03879172353834832
400,23,2.6035,0.029569498865518268,1.1393461686191666,0.04934501713380356
400,24,2.6075,0.03793259256823036,1.1986361457334613,0.04447525789387219
400,25,3.1435,0.05239161744923843,1.1003364879910928,0.036227696329021675
400,26,3.908,0.0588736381002389,1.18667758444217,0.04254703375320599
400,27,4.172,0.048939274939244305,1.2781438159156282,0.04509416415607075
400,28,2.6175,0.05080341368555138,1.2898543457497613,0.0659009762684726
400,29,3.544,0.05660295696200058,1.2291376975169297,0.039950426768292545
400,30,3.964,0.0451978108459156,1.2486639757820384,0.04040284915770089
400,31,5.329,0.05791509211541385,1.381639894914618,0.03698983601805257
400,32,4.414,0.04841378664019257,1.2590856366107839,0.04367714128216042
400,33,4.7055,0.034247358714904474,1.2963063967697375,0.03308718665589183
400,34,6.061,0.048600952990439684,1.328044712093714,0.0453329512565119
400,35,6.346,0.05419458120125096,1.379023636936653,0.06804373182008067
400,36,6.928,0.06382789358893173,1.347692840646651,0.05799942988797663
400,37,6.8585,0.06016326471404836,1.4366811620616755,0.0552309165152799
400,38,6.98,0.05115507897817309,1.461117478510029,0.0595302486672417
400,39,6.4545,0.060773414374517706,1.5175350143310866,0.0748451547308978
400,40,8.0145,0.055367076479571446,1.5155393037619314,0.05829261200188403
400,41,9.653,0.1020554544817353,1.5422760799751372,0.061031574313272524
400,42,10.9075,0.10938313879493285,1.6465683016273207,0.10444558862469487
400,43,9.834,0.07456681920476246,1.6478995322351027,0.08404606043154005
400,44,9.0345,0.07904187764123982,1.743794316232221,0.08448704942335464
400,45,15.11,0.15101585835164466,1.773123759099934,0.058068186121940736
400,46,14.2745,0.11287737874162014,1.8421765911240326,0.09376861623702919
400,47,16.9395,0.10690988581141773,1.8774957790961955,0.08155374382750104
400,48,14.434,0.11477988087043649,1.9671362061798534,0.08384239630163981
400,49,13.992,0.09584142605036886,2.0008530588907942,0.14399219140476183
400,50,22.4115,0.16146088820842172,2.1659044575329625,0.06615943930627187
400,51,20.074,0.11592965199001495,2.174082096243897,0.12662082455884383
400,52,26.0335,0.17953195727839175,2.4261193366239655,0.13594617711461465
400,53,23.119,0.13836621887699313,2.5538232189973615,0.1190501756114188
400,54,26.5385,0.18086964628529734,2.5231839685739588,0.14565664273838555
400,55,34.034,0.2318023205006261,2.736523594053006,0.1438686705124995
400,56,39.2705,0.2237297182810242,3.0106397868629124,0.1721208317818664
400,57,39.6195,0.17288492522027912,3.2152026085639647,0.15901285710329605
400,58,32.146,0.2586151377504504,3.1742264667454734,0.23555204001615976
400,59,37.7955,0.24586418480214045,3.3549411900887676,0.18096131302916044
400,60,57.912,0.2561974978307477,4.087274761707418,0.26595653905552336
400,61,62.6325,0.414856903040072,4.275183710533669,0.29541386777521844
400,62,71.496,0.3437191325854015,4.883461788072061,0.2900712708081665
400,63,78.237,0.3850038277321611,5.605248552475172,0.40041170501081497
400,64,81.839,0.45495453792543644,5.959262442111951,0.4076878986662601
400,65,100.817,0.6345409032479622,6.691674132338792,0.4958575766658156
400,66,129.138,0.6716361013462366,8.461916368535984,0.5356983009077855
400,67,147.383,0.7380953796588124,9.811371128284806,0.7420216399450095
400,68,180.269,0.8529965446959024,11.271375771763308,0.7853172581180794
400,69,255.089,1.284908331770255,16.287366679864675,1.2482244015620858
400,70,366.2775,1.716227023842841,21.0854570475937,1.5162850286064002
400,71,364.0615,1.802148319586785,20.95584047681504,1.4770943077653185
400,72,252.526,1.2229378776665611,15.302924546383343,1.1038450151122976
400,73,173.81,0.9026140400321552,11.225935791956733,0.9293008358665739
400,74,132.204,0.7209695226787121,8.679997458473268,0.624119792607225
400,75,128.1775,0.6265535953888982,8.174632784615085,0.5788196649630566
400,76,101.6,0.5504529235571658,6.425964566929134,0.42369449557613775
400,77,90.6155,0.4369857729829089,5.806276627618895,0.36073963667564374
400,78,74.587,0.40542706528198574,5.238170606137799,0.34924357182095045
400,79,52.622,0.2510604875743142,4.14613880126183,0.26781868297723244
400,80,60.188,0.31534909644960135,4.362508406991427,0.25250144756259457
400,81,54.748,0.2694610605595809,4.031991963176738,0.25742447025016135
400,82,50.0075,0.31263807475973354,3.819755911613259,0.18784332911669238
400,83,38.3315,0.28250968777054575,3.0893288222480204,0.16383405267313936
400,84,30.7,0.16860885910420328,2.8490228013029317,0.16622304368350044
400,85,35.6295,0.2316150106489065,2.9441117543047186,0.1563628894440492
450,0,6.3495,0.06940527433317403,1.3888258524293253,0.041962191437200966
450,1,5.397,0.07518433487453541,1.4469874004076337,0.06036789525338656
450,2,5.979,0.06716006018617457,1.4533465462451916,0.08628611310857126
450,3,5.9135,0.0766992588998713,1.3420170372875626,0.0637660393441708
450,4,5.5715,0.05820234666999896,1.422397514134434,0.05955191003082776
450,5,5.925,0.06888396039717852,1.456434599156118,0.0626893898086811
450,6,5.96,0.06503035728351067,1.33748322147651,0.04587456816871297
450,7,5.877,0.04907620282999225,1.3130629572911352,0.04831252816769148
450,8,87.0295,0.6720046502815369,6.854797853026849,0.5018113748532308
450,9,91.3805,0.5694246750241149,6.506669582131856,0.4881557275929928
450,10,93.42,0.5730614920619008,6.938980946264183,0.5175482627520371
450,11,82.998,0.505488091379324,6.3419238535868345,0.48693514728118875
450,12,86.342,0.5437988211597525,6.414549535567859,0.5008636820789686
450,13,93.411,0.669432556250758,6.698291196968236,0.5555895272387193
450,14,93.4405,0.6093652759008134,6.720987791696319,0.4992275940093723
450,15,91.4005,0.5704201936891999,6.468007283877005,0.47838842904569184
450,16,2.065,0.027923768408029164,1.2076392251815984,0.04355962963463242
450,17,2.0,0.02673456268775046,1.124,0.03812899775017186
450,18,1.859,0.030914993807297834,1.1151796664873588,0.0405549507679484
450,19,1.405,0.028186409565791166,1.195711743772242,0.041856695939831594
450,20,2.4315,0.03346069964977734,1.226530022619782,0.04318326713022267
450,21,1.893,0.028163993436936288,1.1909936608557845,0.038438857399835026
450,22,2.131,0.030838287890218526,1.162289535429376,0.04131397364012769
450,23,2.3225,0.03616391775469609,1.1756700753498388,0.03496273152022744
450,24,1.8465,0.034368552026831756,1.1410440021662607,0.040573857311508456
450,25,3.4855,0.04389865721480736,1.2040710801893557,0.034965921781787104
450,26,2.9505,0.047370182715779585,1.1411793763768854,0.035752744475103224
450,27,3.1365,0.0437713857505825,1.1968333333333334,0.0451042680181913
450,28,3.202,0.032221274436555015,1.3036214865708933,0.043981427099717744
450,29,2.497,0.055744246811949644,1.21305206247497,0.04155087199913891
450,30,3.965,0.049960510721758694,1.2745964691046658,0.03862282608270886
450,31,4.655,0.05726439143408227,1.188609022556391,0.04410023018055583
450,32,4.7155,0.04973865911468037,1.2256515215777755,0.051088833015142186
450,33,4.234,0.04253419676844549,1.3928304204062352,0.07149168739809712
450,34,4.296,0.0516842641226005,1.3015325884543758,0.033763259573852275
450,35,5.189,0.05496362433464487,1.2956791289265754,0.034642191615115836
450,36,5.5265,0.0610059315494039,1.3625798878132633,0.05160787603017119
450,37,5.6965,0.07437555837915097,1.4193606161678223,0.0486093666671338
450,38,5.734,0.07149309867319238,1.4948106034182072,0.07991376663733013
450,39,6.279,0.06395269633425218,1.356770027074375,0.05672843073826292
450,40,7.8045,0.07526261041390857,1.4422807034403227,0.06908516407441646
450,41,7.176,0.0764315999681035,1.5727458193979935,0.07302333123475718
450,42,9.7385,0.08349054468999262,1.5582602813574988,0.0974313162655638
450,43,7.182,0.07462396962173254,1.621118908382066,0.06845162825247329
450,44,10.0235,0.08244384053466547,1.7494834888013167,0.06053975663729068
450,45,12.246,0.10570415517401613,1.7503253307202349,0.07338933436593743
450,46,11.5325,0.13122073608598311,1.6921694125298068,0.07932649559473817
450,47,13.5165,0.09803939863244036,1.90150762031591,0.11428047381850222
450,48,9.0785,0.0829339464494742,1.8721526408547666,0.11062603691972275
450,49,14.508,0.11934161492384646,1.96415329473394,0.12482844078023618
450,50,14.3185,0.12653120064569967,1.9748617348185913,0.12466250307212505
450,51,19.955,0.12744142101166867,2.335353294913555,0.1282114106570841
450,52,20.4945,0.15226789930216675,2.1178350167118007,0.10191183349403828
450,53,20.5995,0.15922588225206113,2.3672467656981966,0.1313647931437499
450,54,19.976,0.16731061563828828,2.4684333199839807,0.16396489775393963
450,55,23.5295,0.16142372322881304,2.4270439129603263,0.15383374682045636
450,56,27.117,0.21206019502912157,2.6977287679315554,0.15110666929300284
450,57,27.4225,0.1957762888175096,2.8322725407967906,0.16728680094822285
450,58,33.089,0.22000586116594145,3.0457577744869897,0.15964086343637757
450,59,27.79,0.18726845352116944,3.036052536883771,0.20880922284379266
450,60,44.401,0.27938268416372236,3.645215175333888,0.24966954854404938
450,61,52.549,0.42467256736653713,4.045435669565548,0.2672212167190234
450,62,49.717,0.35363309859380077,4.1108456061307,0.2632405749482807
450,63,55.687,0.33952296255962044,4.543538545800636,0.3033272775292472
450,64,52.5645,0.400752893413072,4.74454888280113,0.3676808276942149
450,65,76.1205,0.4416205056976304,5.757634011205917,0.47910187751230543
450,66,75.644,0.5936073485145922,5.9978618793294896,0.4638935921133282
450,67,112.4215,0.8045035327520439,7.9440128245042105,0.6482630831458236
450,68,107.6255,0.6980994782829715,8.248001168403398,0.6700636240614276
450,69,136.4525,0.9227373107969651,9.821188646232207,0.7290759599775787
450,70,185.91,1.2128637273216718,12.892210747135708,1.0738636996121231
450,71,233.2875,1.4666036444793091,15.85255465359267,1.3592672765310272
450,72,344.5925,2.287716383208371,22.954876974252198,2.035147227867175
450,73,318.7385,2.1067749455156664,21.99749988705475,1.9884474142263397
450,74,281.9645,1.806330312364957,19.22754190598462,1.526567368859619
450,75,217.1875,1.4310012826872693,14.73206489208633,1.1701245607091464
450,76,175.753,1.1533712827140463,12.068670184861714,0.9818668349731484
450,77,142.156,0.7753774632566492,9.72812729677256,0.7219003519361553
450,78,98.109,0.730870749607335,7.643265337532745,0.5877286117318783
450,79,95.0465,0.608380194061504,7.4598994991925025,0.5929801782730083
450,80,80.492,0.558365848752073,6.032710530239029,0.5019691957073588
450,81,76.8495,0.5183579717165568,5.877420799744955,0.4335592350912909
450,82,66.0325,0.4016609430326779,5.03242257600424,0.36918164257519465
450,83,51.5925,0.3965972867969965,4.3225942481949895,0.3461173556003336
450,84,39.7025,0.32366964558587413,3.861393961337448,0.253974895088103
450,85,50.174,0.3305859232205427,3.7243736596643675,0.26004184966464955
500,0,5.1335,0.0659556270294059,1.3011936787766631,0.0488793241440346
500,1,5.001,0.04894088808262269,1.3161365726854628,0.06272401770382528
500,2,4.7765,0.04535401682436992,1.380204700094211,0.06052900894915496
500,3,6.078,0.040850175545586426,1.4349976966107272,0.05249713411219702
500,4,5.5775,0.07299558386065498,1.3497075302554908,0.07302052151765485
500,5,5.361,0.08233723976811216,1.353792016414848,0.05561258625199434
500,6,5.2245,0.05329399590948331,1.3354578907072447,0.0535390127518861
500,7,4.4665,0.03218593187289005,1.2503924213590059,0.043597379784180566
500,8,118.7335,0.6804809734762287,7.638471684486687,0.7631689804201732
500,9,103.2175,0.5991185960269158,7.046975500762952,0.7520233198332948
500,10,110.7235,0.7317255291432697,7.321607858765302,0.7109191095707729
500,11,106.637,0.7233420607445076,7.638579770623705,0.837640932316053
500,12,113.9685,0.7324940362609765,7.431900110556864,0.7753358085145273
500,13,120.414,0.748605510617121,7.881638380919163,0.8320855257540518
500,14,109.2385,0.7389677277334774,6.999268735381756,0.7293807922533666
500,15,107.1365,0.656992459701977,7.095423760809808,0.7140097135882183
500,16,1.308,0.025179356624028298,1.1476574923547405,0.04263128278872363
500,17,1.7565,0.028240275457132705,1.0858000284656988,0.030349400660786462
500,18,1.1715,0.020471739185109722,1.1473220230473753,0.03183751783826752
500,19,1.1695,0.0275344282098268,1.1370412569474133,0.059637205811030256
500,20,1.688,0.02681908197337741,1.1165023696682463,0.03209689384882371
500,21,1.989,0.027861499562922644,1.1668572146807439,0.045215375634837074
500,22,2.6365,0.033358302051955266,1.233592926227954,0.041296778764549034
500,23,1.8015,0.03923797167352861,1.152982375797946,0.03625034577915103
500,24,2.148,0.03335297666823147,1.1378472998137803,0.04282142667142246
500,25,2.8605,0.042953310025017545,1.1809263240692187,0.04056610483537205
500,26,2.5245,0.02611185453713348,1.1972270746682512,0.036270093220535225
500,27,2.582,0.0322212744365548,1.1658698683191324,0.057230705276786795
500,28,2.392,0.03269958956768031,1.1627658862876253,0.04251599451024452
500,29,2.647,0.04326843993879208,1.1452176048356633,0.03892134755773162
500,30,3.0835,0.03607940803575535,1.2341585049456787,0.051732069174476356
500,31,4.454,0.04369391141494244,1.2366151773686573,0.03834595741453662
500,32,3.6125,0.045859482173953484,1.2762197231833912,0.06345351897440982
500,33,3.207,0.03825193493557902,1.2931559089491738,0.05378631564552406
500,34,3.56,0.04667355838835924,1.2223033707865167,0.05914167185115162
500,35,3.989,0.046819361716911145,1.1872346452745046,0.04038088774560753
500,36,5.125,0.04580565352373907,1.3210487804878048,0.0561947747231316
500,37,4.3235,0.04512715951969269,1.2961368682780154,0.053939776891666236
500,38,4.736,0.05807617502266445,1.3501486486486487,0.056903846491912595
500,39,5.13,0.0682641926635039,1.2998245614035089,0.05168235861703095
500,40,7.544,0.062189862094785345,1.4090752916224814,0.057601520605181936
500,41,6.624,0.07278446913571882,1.3938140096618357,0.04989369722756626
500,42,6.602,0.050817527021998564,1.3708870039382004,0.050548245209735866
500,43,7.7885,0.09137048642463096,1.440684053412082,0.0778064400716258
500,44,6.3845,0.08757695863759232,1.4412498629493307,0.07363490578726051
500,45,7.712,0.09411806694952796,1.5591358921161826,0.0853760373278333
500,46,10.126,0.08037543484371144,1.5913612482717758,0.07597489217723663
500,47,11.678,0.14354460154105003,1.6559612947422502,0.11485694557362722
500,48,9.892,0.08589344684273739,1.6544011322280632,0.10588256900499697
500,49,8.843,0.07839206458228791,1.677863960194504,0.12619328789569034
500,50,15.822,0.14811730770610654,1.8544631525723676,0.11255490418572242
500,51,13.0905,0.10725148753722409,1.7322722394102594,0.11540221964339961
500,52,16.9105,0.1290399265017572,1.9901534401703087,0.10768336108023431
500,53,12.478,0.10699877028314424,1.8294210610674788,0.12177503499895534
500,54,15.4225,0.1468563118009895,2.091813502998866,0.14990843582805802
500,55,20.4655,0.14928333181536016,2.3567862866775795,0.20414467661437644
500,56,20.0615,0.1522606404543833,2.263425853002019,0.15653401178448842
500,57,26.1745,0.2101446556917145,2.5929454144300754,0.20805870874209953
500,58,23.226,0.2087852081874923,2.419612675449927,0.20028868446389894
500,59,26.406,0.21158225972793465,2.698711050518821,0.2615251856342993
500,60,34.494,0.18669479737909303,2.939727604800835,0.21317802354984475
500,61,39.715,0.22096260698184167,3.0395511771371013,0.21173219595420262
500,62,39.35,0.3157630690715314,3.180546378653113,0.23330718271979245
500,63,32.474,0.2167807526899992,3.2229267721869803,0.3403515189231885
500,64,37.6685,0.25364736711053165,3.545100222997995,0.3260335291762191
500,65,57.9155,0.39024248534522693,4.34502611131735,0.39654691428142635
500,66,63.255,0.42991890300135965,4.476499486206624,0.44493987241252536
500,67,71.4295,0.48052409710099986,4.938520215737195,0.48001154992385775
500,68,78.0585,0.5247361617743582,5.463198469737442,0.5597469146286731
500,69,81.546,0.536714861081062,6.083276727245972,0.6515853440408077
500,70,101.026,0.5992207220083503,7.011940728129392,0.7738547459796488
500,71,129.509,0.8989350131654336,8.522140692924816,0.9213306292312444
500,72,147.269,0.9218933321103285,9.539051932178529,1.0151751353490561
500,73,180.0405,1.1396503330315542,11.705093352606774,1.479477152928269
500,74,255.856,1.65225100042974,16.064607685573137,1.7489088761743317
500,75,367.1165,2.22372935628416,21.773161728633827,2.432065867598015
500,76,364.8015,1.892904100637584,21.922898063056213,2.6402458702344207
500,77,252.447,1.5932370392248258,15.685982368576374,1.7693728826024764
500,78,174.0085,1.1850363696395214,11.472786833689158,1.442092373624504
500,79,132.7815,0.9238880300692464,9.474465627741816,1.075842055273459
500,80,128.224,0.6922485863207863,8.564947466932868,0.8392946115867334
500,81,101.193,0.6305044346436142,7.0154630359807495,0.722109765404108
500,82,91.1145,0.5996255300733836,5.862221597550335,0.6306780530124229
500,83,74.8005,0.4548171842099095,5.682712010614903,0.5315093709703089
500,84,53.0205,0.4473956655790828,4.775550584207996,0.6134425167438597
500,85,60.877,0.42044719300438005,4.809154048326954,0.524072307672338
550,0,4.7205,0.06206310455792908,1.3694269145217666,0.051400178123375044
550,1,5.002,0.054035076327180305,1.3226701319472212,0.05286600140308873
550,2,4.6385,0.05424251100382419,1.361607793467716,0.06139330132226062
550,3,4.83,0.048455079577295904,1.4240372670807453,0.05273362007221375
550,4,4.847,0.056303220437013836,1.2685353827109553,0.024048443877015803
550,5,4.6765,0.0564627264102989,1.37535501977975,0.05041266996458523
550,6,4.974,0.06709537594860195,1.3010301568154405,0.04659662684317434
550,7,4.0725,0.06411697779921686,1.3314287906691225,0.05579401362840296
550,8,161.9285,0.9406096217487435,10.835846609769126,0.8237042811376288
550,9,132.818,0.85699094142481,9.678792603412187,0.7387586502412008
550,10,111.7905,0.8170419930585281,9.477554977838007,0.935607903167428
550,11,157.1565,1.0812021270205248,10.82309040828728,0.778857473081192
550,12,154.201,0.9169792800276403,10.218608173747253,0.7789881407448573
550,13,155.526,1.0404410502029329,10.064615074006918,0.7513499086929053
550,14,148.7005,0.9018030112239788,10.246635349242268,0.7355065313462201
550,15,132.342,0.8334116945613146,8.88869773767965,0.6459025224928571
550,16,1.269,0.01763519208854847,1.0588171788810088,0.03701783636289292
550,17,1.3245,0.023072825209711347,1.1001885617214042,0.03549364899890662
550,18,1.291,0.03199424290317516,1.0870015491866771,0.023650993084524667
550,19,1.487,0.03041035142322778,1.0805857431069268,0.037850723146213204
550,20,1.569,0.027442763402359727,1.152478648820905,0.04192166630332694
550,21,2.059,0.028680637150670603,1.0988436134045654,0.03084184342028507
550,22,2.05,0.03094137070416635,1.1495121951219514,0.04537805943532257
550,23,1.6945,0.03818566140375352,1.2659603127766303,0.03955263823050157
550,24,1.529,0.03581311138910477,1.1616474820143885,0.03459030757886147
550,25,2.073,0.03380361238871255,1.1710906898215148,0.03960696259585349
550,26,2.0275,0.04058697613248554,1.1998736128236747,0.036173290803723716
550,27,1.8075,0.04413421515523333,1.2002455048409408,0.050377905483860626
550,28,2.284,0.03010857545267599,1.2221295971978985,0.04503577139743035
550,29,2.008,0.03577414532430091,1.1468804780876494,0.0470765105972373
550,30,3.2045,0.03725781443995477,1.1925978311749104,0.0497801668768519
550,31,3.2605,0.039626380102149195,1.287422097837755,0.04094575401501069
550,32,2.952,0.043180161136677934,1.2641246612466124,0.04300029933820937
550,33,3.3635,0.046027880566822506,1.2193749814181658,0.043634415163068103
550,34,2.5315,0.03429957035176649,1.2648657910329844,0.041078823617679235
550,35,3.717,0.04349289113116504,1.1920664514393329,0.04319918740102361
550,36,4.31,0.05618578205616768,1.2765429234338748,0.05051386258032072
550,37,4.247,0.0582151183113116,1.2552368730868848,0.04485356229193817
550,38,4.3905,0.04394059985695999,1.3060038150552327,0.051990866140738695
550,39,3.976,0.07800269900863406,1.318517102615694,0.0534290730599752
550,40,5.407,0.05419798015269215,1.3220549287960053,0.038229492601808746
550,41,5.9665,0.08340855377061297,1.2969710466772815,0.032321708476095785
550,42,5.604,0.06846205249317998,1.4234803711634547,0.05771843440494745
550,43,5.542,0.05969042945415185,1.3941241429086975,0.059827480437591694
550,44,6.2205,0.07167718201110175,1.4410223856603166,0.059962288003074724
550,45,8.103,0.07884394980626316,1.4627164013328395,0.05544593248096909
550,46,7.026,0.07029411894244576,1.50445829775121,0.0732131217169285
550,47,9.613,0.09022224022700207,1.5616593155102465,0.06732258431324338
550,48,7.033,0.10529182504379303,1.5584972273567466,0.06899254622770977
550,49,10.014,0.110706820024784,1.7535254643499103,0.08340120248651733
550,50,12.592,0.104096615041786,1.7202617534942823,0.0942701237169707
550,51,12.473,0.12158622671304443,1.7961413453058606,0.07072857266507222
550,52,10.728,0.1431131315465247,1.6927680835197614,0.06962318408987692
550,53,9.906,0.09935423069952559,1.83799353926913,0.1278475919559935
550,54,15.7375,0.1120053452671833,1.8535722795869738,0.06778941817700375
550,55,15.6335,0.13466776858156035,1.8923579332842935,0.08023210248098826
550,56,20.048,0.1612787714030065,2.1648890662410216,0.1385584358964676
550,57,20.432,0.17319383725513665,2.2275536413469066,0.12897442750929164
550,58,20.35,0.1598173299344262,2.2846928746928743,0.12650835893147108
550,59,20.051,0.12718800837218883,2.386883397336791,0.15356958012972197
550,60,23.6655,0.198140666407003,2.568363641165409,0.16003772369509955
550,61,27.2905,0.21131975646797582,2.761404508895037,0.17542608692545125
550,62,27.41,0.23070372889555987,2.7578219627873035,0.1594259698338103
550,63,33.056,0.28837147095917426,3.111594385285576,0.18424791091710221
550,64,27.9145,0.21359390268253925,2.9802142166257677,0.19475295240642432
550,65,44.493,0.30466124414537943,3.632682691659362,0.2538194418334645
550,66,52.351,0.40756523533372185,4.168665335905714,0.2634075998069737
550,67,49.8825,0.331381379110314,4.194290457575303,0.3306717729428416
550,68,55.805,0.3505735901423011,4.591111459546636,0.30672303697710807
550,69,53.001,0.33060940541274103,5.2784286900247155,0.441569075964891
550,70,76.194,0.550492793585416,5.977010840748616,0.4358502478710355
550,71,75.949,0.5835936311473799,6.060032376989822,0.4636724507810325
550,72,112.4395,0.7224466744116272,7.625881827560599,0.5039880239342674
550,73,107.6265,0.736764361030181,7.989649368417631,0.6143733578862887
550,74,136.8185,0.8960763228184248,10.110530065378585,0.771993784555819
550,75,186.0705,1.3533182367795111,12.709336137378035,1.0227259488208058
550,76,233.4825,1.725969578770755,15.81703850931012,1.3494970354175815
550,77,345.204,2.1715349167666766,21.837731845517435,1.7880988330118521
550,78,319.643,2.1152140740235628,21.67593393567198,1.6907350235536844
550,79,282.607,1.861165890963033,19.549524785302552,1.657599360901631
550,80,216.606,1.3823369609773961,14.809270121787943,1.120441090750165
550,81,176.092,1.1909875601453834,11.754142925289052,0.781839713005927
550,82,142.527,0.8142714211910134,9.643739579167459,0.6581299791503461
550,83,97.9815,0.6590620428425468,7.430700262294413,0.5522054659357976
550,84,95.397,0.6577229860023057,7.204496902418315,0.5660286264094758
550,85,80.8675,0.47244820100363927,6.078609376449129,0.42719618271484827
600,0,3.883,0.06982346159761535,1.2872292042235383,0.043905800067612494
600,1,4.3155,0.06788719358341146,1.2869794345962229,0.047627442572132375
600,2,4.3905,0.04797189418377151,1.3116979273431273,0.03733002201414138
600,3,3.7605,0.05077543438358865,1.362090081106236,0.05459390535703202
600,4,4.3555,0.04944680820948132,1.299074675697394,0.0383238894375099
600,5,4.8095,0.054504828371342316,1.3367730013514918,0.05483386108220137
600,6,3.711,0.054109538024854374,1.3019345189975746,0.042782045032261344
600,7,3.867,0.044868814630161576,1.2457489009568141,0.04647192722479667
600,8,164.3415,0.783387809789193,11.632289335012763,0.7656030645075664
600,9,185.5505,0.9145650317874786,12.351680268983374,0.7641308537318648
600,10,200.014,0.9678756988482747,12.807317507774455,0.8008372621843706
600,11,185.6555,0.9700527590101253,11.829484285410343,0.6904549255714081
600,12,178.134,0.9589507423824137,12.052253045460159,0.7678186536218772
600,13,208.164,1.1127113400679214,12.76561799350512,0.7391959384510886
600,14,172.681,0.8864280479601924,11.226088793787389,0.708249934824814
600,15,191.986,0.9571496610688413,12.00939028887523,0.6625244181371509
600,16,1.395,0.0247035049718605,1.0637813620071683,0.0332827032730061
600,17,0.9275,0.024664858871639515,1.0719609164420485,0.034511532312157395
600,18,1.4295,0.024596480278797312,1.1605664568030782,0.04984754814686606
600,19,1.3955,0.03420122343148742,1.140866893586528,0.034426193504812706
600,20,1.055,0.023680993933621355,1.111824644549763,0.04594226307155125
600,21,1.377,0.029434137002002234,1.0696230936819173,0.03451688089390495
600,22,1.5405,0.025868849383400342,1.1641413502109705,0.04242289581736034
600,23,1.2075,0.030417057195281916,1.0960196687370598,0.041469219993650525
600,24,1.078,0.026052578415682072,1.095469387755102,0.05414268788526665
600,25,1.729,0.028021608203595134,1.167471949103528,0.03477070074238384
600,26,1.947,0.031506891476727944,1.1582901900359526,0.04541545696862604
600,27,2.7085,0.034099506093042964,1.1827682296474065,0.03584390025085714
600,28,1.559,0.033996129810689675,1.1677479153303398,0.04003518754557267
600,29,2.277,0.03623824673346906,1.1283579270970574,0.04424129618141552
600,30,2.6415,0.0411049683256493,1.2367888510316107,0.04595422136829809
600,31,2.4475,0.03703394602111331,1.185390704800817,0.028566971870787987
600,32,2.6155,0.04594891327962979,1.183964729497228,0.044419821545890116
600,33,2.2595,0.03160175711304011,1.1759945784465589,0.030475084632932522
600,34,2.8965,0.043269504272640015,1.1827335577421028,0.043681331727740524
600,35,2.544,0.04513371945207878,1.1745534591194968,0.03116295855430921
600,36,4.197,0.057202778732652754,1.2404553252323087,0.05160304879353892
600,37,3.874,0.042645416857469906,1.1820144553433145,0.05113000228480088
600,38,2.997,0.05570174333471364,1.3123093093093092,0.04191615255962181
600,39,3.5265,0.05428130918019381,1.2063796256911952,0.05194174615836744
600,40,4.466,0.057726214058031265,1.3215055978504255,0.05819371435532404
600,41,4.6105,0.06147945741636443,1.36878641145212,0.04540343113886459
600,42,4.3385,0.06024631458481603,1.27023573815835,0.05999429210598225
600,43,5.367,0.057262553208881115,1.3455023290478851,0.04940315053409714
600,44,5.106,0.043148458531958866,1.2780579710144926,0.03937100803895958
600,45,7.1955,0.06912793250656023,1.452057501216038,0.06727431869278874
600,46,6.04,0.08160237354649094,1.3533774834437087,0.05420275556753313
600,47,7.3795,0.07807376741194644,1.4722514736770782,0.056842202321016215
600,48,8.2095,0.07730484767260208,1.435971709604726,0.0512909402607011
600,49,6.51,0.06354443120244371,1.520414746543779,0.05158629217009244
600,50,8.3475,0.055795090332959006,1.4481873315363882,0.04476867795784245
600,51,9.6145,0.0778881620624963,1.6362670705704925,0.0932752402019236
600,52,12.389,0.11845252213439689,1.6781563483735573,0.06561622985689801
600,53,9.4855,0.08470840075160617,1.7176521796426125,0.07457885613777412
600,54,10.2435,0.0809687236562755,1.7010013911260797,0.1182474973484423
600,55,16.0715,0.1519232406599857,1.8333937560277513,0.08281027007481291
600,56,13.261,0.12441843660977603,1.9018082346731016,0.08015380319653441
600,57,16.8945,0.1368104239641959,1.8699203734943324,0.08320160908597493
600,58,12.564,0.08456825334417217,1.9040834129258197,0.08471276800742511
600,59,15.425,0.1563960895997897,2.1248865478119936,0.11552651964389471
600,60,20.3555,0.12975984903294585,2.207124352140699,0.08759315710494879
600,61,20.0765,0.12504372919313658,2.1759095335342313,0.11730662925695774
600,62,26.1355,0.22143131880420291,2.5882091312582505,0.152461861752451
600,63,23.116,0.1667213243709392,2.6011655995847036,0.17671084218468727
600,64,26.532,0.1851437563795113,2.6845686717925523,0.10304554199075777
600,65,34.1035,0.1836591164430214,3.0090984136525583,0.1272221123292337
600,66,39.849,0.2210369104685261,3.0920273783532837,0.16434138940247964
600,67,39.412,0.3118574235633643,3.3095822592103925,0.16153764011721977
600,68,32.6735,0.18318566221760868,3.1764854622247394,0.16059587804306952
600,69,37.703,0.25459472438409014,3.5480675543060225,0.19706647568756136
600,70,58.166,0.3842569041943799,4.302228862221917,0.2798461502984969
600,71,62.8405,0.327137082967721,4.733699759709105,0.2979379225477767
600,72,72.1125,0.40726615828498386,5.358805252210089,0.306766952719964
600,73,78.9945,0.39814667688653205,5.615042436498743,0.3282375488028822
600,74,82.097,0.3970072914616053,6.346572846754449,0.3850431548966663
600,75,101.247,0.5337159208891299,6.913864025600758,0.48910308191285595
600,76,130.1605,0.7326162472874137,8.697475345823042,0.5613617278167565
600,77,148.3965,0.8450024213605948,9.929737478646734,0.7083240815783336
600,78,181.224,1.0897439100420252,12.482959343133361,0.8086951123206132
600,79,255.762,1.4346383369667686,16.449915765438178,1.0976656262665994
600,80,368.212,1.9107071713731827,23.731996936547418,1.5839500811097798
600,81,365.988,2.033054688989214,22.996185273834108,1.4548538995665456
600,82,253.487,1.287970680444321,16.54313961268231,1.0820179424891965
600,83,174.7835,1.0012671642526405,11.719204774764208,0.7999016618730274
600,84,133.0435,0.7796974025053957,9.623638943277951,0.6324623783597656
600,85,129.1965,0.7666585993091972,8.490561956012739,0.5028574092854363
650,0,3.882,0.07493716666226723,1.278741885625966,0.044450139843958264
650,1,3.792,0.0490681588255188,1.3282531645569617,0.09334165648937968
650,2,3.7655,0.06302244796394696,1.3088593148320278,0.06014611479711046
650,3,3.721,0.03862709711561214,1.3128618650900297,0.03546477792473768
650,4,3.992,0.05990606682219482,1.3584509018036073,0.05775721360915423
650,5,3.672,0.05040154550679673,1.289056644880174,0.044638140610092525
650,6,3.7115,0.03433024598621001,1.2203334905024923,0.03446616132471459
650,7,3.616,0.0399697253852016,1.3253716814159293,0.0680002129539022
650,8,289.2625,2.1393192319791337,19.762715850654683,1.984695475126406
650,9,273.707,1.945942485762303,19.210806267285818,1.9699499735514687
650,10,260.3595,1.82724605478761,18.57148388958344,1.9623907240978649
650,11,253.44,1.7821707638660627,19.189202178030307,2.4363773009955305
650,12,273.349,1.774597196697404,19.02891248550388,1.9986339475586035
650,13,269.7605,1.794022307406909,18.555997411592877,1.9719408164008592
650,14,268.6045,1.7147157927773364,18.922523932957194,1.97786452267955
650,15,244.86,1.5359768021822808,17.769420893571837,1.8117189699404204
650,16,1.1475,0.03297427226761723,1.1204738562091503,0.031240349813636166
650,17,1.07,0.029343698328243274,1.1365420560747663,0.04685603036218579
650,18,0.8595,0.02378052055558786,1.0991969168120999,0.04388049708890295
650,19,1.122,0.02700487285463009,1.1275543672014259,0.03482825908031615
650,20,1.021,0.02153210577132132,1.0642105778648385,0.04463648397869693
650,21,1.231,0.024332131669439545,1.1378058489033305,0.03970152392672445
650,22,1.3845,0.03368956577495875,1.1005126399422176,0.037121455213380554
650,23,1.262,0.020007893179285138,1.1135942947702062,0.032617919919037355
650,24,1.5445,0.029491078044224264,1.1317706377468435,0.05430822983986333
650,25,1.628,0.04393535921639531,1.0943587223587226,0.042482047414280785
650,26,1.9535,0.02557007914278761,1.1140710263629383,0.040726780579639854
650,27,2.106,0.02599999999999997,1.1166970560303895,0.055948646256032
650,28,1.625,0.022118104039808417,1.1362307692307694,0.03928333676111123
650,29,1.536,0.025969617876117734,1.0929062500000002,0.04188710489183872
650,30,2.073,0.03360059523282259,1.1484182344428366,0.04305601828631218
650,31,1.9915,0.03563909001142002,1.1656679638463467,0.045937131998712605
650,32,1.8975,0.04258659907826212,1.2226581027667982,0.045337567609213016
650,33,1.9085,0.03436089423503952,1.1769073880010483,0.04158157921116887
650,34,2.2175,0.05308322661037509,1.1292869222096955,0.05421517214944663
650,35,3.015,0.038247806954675334,1.2596268656716418,0.07141699145888138
650,36,3.168,0.03712425792276243,1.1820631313131313,0.04565544024173785
650,37,3.027,0.05334150156748196,1.2164753881731087,0.0356507772302247
650,38,3.244,0.05994910121796747,1.2683304562268805,0.05713724465785737
650,39,2.5525,0.03276611696635171,1.288244368266405,0.05081575110642656
650,40,3.7335,0.04967406927054327,1.298373577072452,0.04288829781784306
650,41,4.5805,0.06164616776410336,1.2528151402685295,0.044411167360037064
650,42,4.5195,0.060508698809170716,1.2876689346166612,0.052196114202050316
650,43,4.1975,0.05783313109828613,1.3061331149493747,0.06092274813491933
650,44,3.415,0.06546795117902317,1.293931185944363,0.06313628281328396
650,45,5.6525,0.07129949804208024,1.3416618752764264,0.06209312744965989
650,46,6.3975,0.060870332415890765,1.3648290347792107,0.062278716471451966
650,47,5.8115,0.058831941735939905,1.4139151251828272,0.06290957679578109
650,48,5.51,0.07044968342538412,1.4609618874773138,0.06638614660818384
650,49,6.4955,0.08392501352241062,1.5607697251943655,0.07259538272967284
650,50,8.6305,0.07960254888804554,1.6313040669717862,0.0757322838904662
650,51,8.568,0.11155739613122431,1.6277282913165267,0.10845092976934162
650,52,9.503,0.10917176230239468,1.602019467536567,0.06469282652884711
650,53,7.7085,0.07389279218463801,1.5181329376662127,0.08284494239166136
650,54,8.738,0.10043222380763765,1.6505328450446333,0.11470284019014418
650,55,11.675,0.11574131773735416,1.7308244111349034,0.09809486602955952
650,56,12.4535,0.10639616880716184,1.797794816718192,0.10431738278286798
650,57,10.777,0.10896667766847441,1.783267235779902,0.10531215124515854
650,58,9.824,0.10968951396411729,1.8056824104234528,0.13886020553571973
650,59,15.959,0.16660526939287845,2.025648160912338,0.17328452312013692
650,60,15.804,0.12352583365008032,1.9783968615540366,0.12510101152892567
650,61,19.9895,0.13322216308423204,2.2607063583381275,0.13223851608828768
650,62,20.5365,0.1407821665590241,2.3162499817398285,0.17706190615509407
650,63,20.6075,0.18594973146412183,2.4089988475069757,0.15789118411658576
650,64,20.036,0.1883213938149924,2.581089239369136,0.1868832324364816
650,65,23.59,0.2099235449796966,2.6152140737600678,0.1821591401828163
650,66,27.2975,0.2050364216682639,2.8992029947797415,0.21391895861517274
650,67,27.558,0.21812912641248405,2.847036649974599,0.1918149229484066
650,68,33.0375,0.23146430326123674,3.263445894816496,0.21709053230666014
650,69,27.813,0.22815634067339113,3.1388210908567933,0.27865453047043404
650,70,44.804,0.3507671292287369,3.9841215962860463,0.3456952343543891
650,71,52.7115,0.3694264936499898,4.295765966629673,0.30076962548772934
650,72,49.452,0.35718386832200855,4.152788481760091,0.337432971129661
650,73,55.5755,0.4449171862623151,4.850056225315112,0.38574393492582976
650,74,52.946,0.43697247895997,5.046728440297661,0.4406258068676055
650,75,76.0825,0.5477508437621175,5.9769683402885025,0.49431552924315775
650,76,75.734,0.556784187615759,6.298891435814825,0.6390274068870176
650,77,112.842,0.8456547136608701,8.250359227947042,0.8478689219010832
650,78,107.6395,0.7807289020018681,8.548883446597207,0.7910823430879212
650,79,136.889,0.8585544460557538,10.180749943384786,0.9346699913179053
650,80,186.6465,1.2689492700656007,13.214207272839298,1.1728777959419114
650,81,233.7,1.5086147357932822,16.6994351732991,1.6409117387283259
650,82,345.501,2.3738512900703195,27.623914254951508,4.981409976183729
650,83,319.6695,2.094823001567161,23.69866149179074,2.679571272783443
650,84,284.152,1.8973242377511448,21.218298291055493,2.5779980217300538
650,85,217.7945,1.4991442251813831,15.45422528920611,1.7850289422744336
670,0,3.5585,0.04596494659835356,1.3276880005620346,0.038394789390722786
670,1,3.667,0.06530132585097134,1.31609244614126,0.060524599972719806
670,2,3.675,0.04467720483175897,1.2466326530612246,0.031370804752831855
670,3,3.245,0.04357993261027136,1.2514560862865947,0.04965192158578154
670,4,3.834,0.05110566968237675,1.251550339071466,0.043425465294166625
670,5,3.4275,0.04614550785002629,1.1856291028446388,0.04350602544155813
670,6,3.3535,0.055484824857556146,1.294927016549873,0.052779202070791294
670,7,3.4505,0.05114723329452159,1.2373713229966672,0.050075169404764974
670,8,300.3005,1.668895707220498,20.53159818165471,1.987794237370427
670,9,309.6175,1.636565864530794,20.796557667928973,2.129893967413458
670,10,327.728,1.8800154814592158,21.959527461797585,2.1819727521882424
670,11,342.6495,1.885756231804477,22.62571125815155,2.4667746358095206
670,12,344.7305,1.94017680624054,22.570915163439267,2.3655505258575573
670,13,317.402,1.7147247132135537,21.312642629851105,2.108570810090135
670,14,264.893,1.2038309682011312,17.42012643218205,1.6932494287229005
670,15,289.0075,1.5893906271868896,18.910960593583212,1.8337564103053925
670,16,0.85,0.017244373605690404,1.1111764705882354,0.041462499693005285
670,17,1.0745,0.017747868663737083,1.0748718008375988,0.03606644290344033
670,18,1.043,0.02430183012384915,1.1123211888782358,0.04386452337625944
670,19,0.784,0.022599487651388552,1.119061224489796,0.03911474465244926
670,20,1.1555,0.02880492465205439,1.0725398096062313,0.03606857830452965
670,21,0.9755,0.023095625012907635,1.0752432086109687,0.04150462666648814
670,22,1.162,0.02442604304727576,1.1099449225473321,0.05414530708267278
670,23,1.325,0.022820812292383634,1.09311320754717,0.045292553612893194
670,24,1.2685,0.020904230244265434,1.1244838391801344,0.04040658768588488
670,25,1.3775,0.03151336391537968,1.1666016333938294,0.04534849796936258
670,26,1.5925,0.03761211311042731,1.150671114599686,0.042801577892958034
670,27,1.881,0.03250829853566944,1.1014561403508771,0.036508721942889025
670,28,2.052,0.03812444995289159,1.1351345029239768,0.05214474951513093
670,29,1.5885,0.030151154294042585,1.2516007239534153,0.04450394583607482
670,30,1.5815,0.03361762538969854,1.151664717040784,0.044355380164536794
670,31,2.0625,0.02678250607353526,1.1479242424242424,0.042539265835617235
670,32,2.1425,0.03575409435516291,1.2098920653442242,0.04670846579518034
670,33,1.9035,0.025621485638342524,1.1842331231941163,0.04055977742046176
670,34,1.87,0.029956108242771465,1.1877540106951872,0.05740391454364519
670,35,2.221,0.03171335431809842,1.2459067987393067,0.05942814586314374
670,36,3.0745,0.03982511109443658,1.2245730200032525,0.054210824255619204
670,37,3.172,0.04217507370598501,1.2791349306431272,0.05700756418955285
670,38,2.978,0.03817963083276612,1.1653848220282068,0.03794937936599466
670,39,3.2295,0.04547685935552421,1.2574174794859885,0.07162564083259591
670,40,2.5,0.044230258754315216,1.246,0.04975318180099592
670,41,3.6725,0.04929970107734704,1.2744026548672567,0.056042390727411094
670,42,4.7585,0.06953331272812611,1.298555794893349,0.047198800206185186
670,43,4.4135,0.051561281883538194,1.3004458479664667,0.06300040515726957
670,44,4.395,0.05500956854565365,1.3119397042093288,0.05756042804624148
670,45,3.504,0.041016043074310365,1.3059315068493151,0.04959821474129207
670,46,5.656,0.05701061766299151,1.4357609618104672,0.07124040779979152
670,47,6.4065,0.08064632011051949,1.5703204167642237,0.09740946809834844
670,48,5.872,0.056496855990772865,1.4168283378746593,0.046557795137956916
670,49,5.452,0.057954610188536815,1.5105825385179752,0.07887515834721119
670,50,6.4245,0.05473128134709335,1.385057163981633,0.057893584779610485
670,51,7.747,0.06814496930885823,1.500192461598038,0.07784473217889491
670,52,8.4505,0.08697995836912528,1.5302703686172416,0.06894034696063812
670,53,9.4495,0.06386859453926487,1.6350547383459446,0.08151496769974802
670,54,7.625,0.06170600926123305,1.6148688524590165,0.08809290348015353
670,55,8.6795,0.06335977056710211,1.5240255487067225,0.06626447834321272
670,56,11.5545,0.08047711345142607,1.5188047730321517,0.06668210315991058
670,57,12.344,0.13133604948656236,1.8941723914452366,0.09986147425107501
670,58,10.665,0.08958236433584456,1.7535654008438821,0.135704221900828
670,59,9.9755,0.08547537349251022,1.7030624780712746,0.09153533558131209
670,60,15.9525,0.13705142139088958,1.996630230371415,0.12020026988427185
670,61,15.7385,0.1382927387065108,2.0324756330018743,0.10509759166696214
670,62,19.9735,0.14707190328829664,2.1367210428818186,0.11419521682655263
670,63,20.2575,0.12142546988520203,2.122532086881402,0.11614083687063878
670,64,20.418,0.16896371457240764,2.36914859437751,0.2000217962481698
670,65,19.709,0.13425603975436687,2.4021167486934902,0.14925086786083847
670,66,23.4855,0.16295216443710336,2.6695105384173217,0.17912578927537542
670,67,27.055,0.16758579892103015,2.8218065052670487,0.2298882706222176
670,68,26.964,0.15125509995751382,2.6933579587598286,0.19213569849207635
670,69,32.746,0.20793521258214415,3.1450095889574294,0.22281631441463878
670,70,27.497,0.19984085773698257,3.1193945157653564,0.2308947590190056
670,71,43.96,0.264750130460682,3.9419108280254767,0.3117921160645515
670,72,51.9,0.23783674188289905,3.9953949903660884,0.2921716455165834
670,73,49.2575,0.30631500384236277,4.14448954473938,0.3185966050931424
670,74,55.0605,0.3123017055079262,4.6037693037658585,0.4251335666414016
670,75,52.301,0.350241195088245,4.891386378845529,0.4253057309281573
670,76,75.41,0.5121317675837093,5.835100119347567,0.505162881165443
670,77,74.9485,0.45996239834875285,6.0860036925355425,0.5761216931360265
670,78,111.3465,0.5156963993628313,7.667555224007939,0.6709181045609655
670,79,106.666,0.6504793374282168,8.649095719348246,0.8987264000297828
670,80,135.7955,0.8143833556747014,9.876267473885365,0.9625475462806381
670,81,184.404,0.993503476538837,12.147555280796515,1.1452536759648246
670,82,231.5505,1.2680767607099424,16.013260389202355,1.6260568970610847
670,83,340.9555,1.9335733861102173,22.06124412056705,2.338104268485851
670,84,316.436,1.8859683259046849,22.214870950207946,2.2984401119000606
670,85,281.1385,1.4304576512799405,19.501520843818966,1.8657765946004237
690,0,3.5365,0.046153491058013085,1.2174940619256327,0.04959757974262972
690,1,3.723,0.057597057673388,1.1915850120870264,0.029619041383847165
690,2,3.1325,0.03608378408210864,1.2615941739824421,0.06396501642095913
690,3,3.458,0.04040974348373269,1.2953256217466746,0.0497813365946298
690,4,3.4475,0.03972189506265321,1.1809263959390863,0.03326825508862851
690,5,3.677,0.03675738379098687,1.3387737285830843,0.05252619833600423
690,6,3.5105,0.05397111800720249,1.2784189574134739,0.04704589408562979
690,7,3.147,0.05188093656582692,1.221922783603432,0.042508430337231895
690,8,197.7175,1.1921437733410345,12.753148779192534,0.7907670487589802
690,9,248.243,1.3927349277401562,16.120542980063888,0.9658671228596204
690,10,398.1935,2.1509003347435582,25.17058178435861,1.3737195669945113
690,11,680.9325,3.72370711402662,43.07977948438355,2.529588686572199
690,12,688.2995,3.350999338374968,43.72864254550527,2.5105638556858176
690,13,409.9905,2.142599930114451,26.54126232132208,1.6693276403832726
690,14,258.7785,1.3985073386707054,17.188840795313368,1.1269709676030344
690,15,207.4325,1.1855196229146796,14.138254341773829,1.018321277246891
690,16,0.8345,0.020111203999656234,1.2104370880766926,0.04716870951168182
690,17,0.867,0.019016613235467803,1.03380738177624,0.04505742222591741
690,18,1.099,0.019532698630488104,1.0465868971792536,0.03271926113791093
690,19,1.142,0.024285581600698984,1.0594010507880913,0.04421933052159404
690,20,0.7685,0.02265618307612625,1.09552081977879,0.03900010120459666
690,21,1.141,0.02345095666323773,1.1061516213847504,0.0522536176173783
690,22,1.0105,0.022236468386769195,1.0849972785749626,0.032515622186164925
690,23,1.0915,0.02325233434800858,1.1022700412276687,0.041292190311401085
690,24,1.335,0.02403396719119357,1.0949625468164794,0.03671133599726974
690,25,1.265,0.03281126250799283,1.1531818181818183,0.035731383337609036
690,26,1.3905,0.02604121227673748,1.0499890327220422,0.0411748776484505
690,27,1.615,0.03379115424579578,1.1682817337461302,0.03982726156468853
690,28,1.8785,0.03463550809577694,1.0900919616715463,0.041232748162986194
690,29,2.0765,0.029791159055913556,1.056897543944137,0.03364375192651777
690,30,1.7225,0.022394489453763714,1.1184288824383164,0.031683438398335755
690,31,1.614,0.027922825976722347,1.1821586121437424,0.04139889929113346
690,32,1.8035,0.03741147445707837,1.1343985306348765,0.03998607660794758
690,33,2.1805,0.05173553700768629,1.2061085760146757,0.03289212758512827
690,34,1.846,0.03155946767611901,1.1642925243770317,0.03933021417503315
690,35,1.861,0.027269609072140617,1.21369102632993,0.037467058682770074
690,36,2.2775,0.0518797952761454,1.239294731064764,0.03839994702161729
690,37,3.062,0.045622016845517026,1.216902677988243,0.04926538524703061
690,38,3.2,0.04849850784465346,1.1837499999999999,0.05203926688519848
690,39,2.8885,0.03728464478632054,1.2324970572961744,0.035446941249344624
690,40,3.275,0.050055232651436965,1.2773664122137405,0.059645467722558826
690,41,2.4165,0.04713516398836988,1.226578833022967,0.030334393334980243
690,42,3.5635,0.03594787893603753,1.2557787989336324,0.042243418521367225
690,43,4.855,0.05045320917235613,1.2916529351184345,0.059508346418941434
690,44,4.423,0.04973667502060484,1.3301087497173865,0.05281001661695764
690,45,4.5895,0.042068083914180605,1.3618018847368993,0.04444343391922974
690,46,3.528,0.05504352344903254,1.3702426303854878,0.06352317242722764
690,47,5.8035,0.044652311780784784,1.4099918583613336,0.05911083536797429
690,48,6.3655,0.06678116264494428,1.4077306967245309,0.04716680741827467
690,49,5.924,0.0552668169214727,1.3800175557056042,0.03287140769658728
690,50,5.617,0.0586025866143697,1.5229323482285915,0.06806531449135521
690,51,6.153,0.08710278260102836,1.494326507394767,0.06691731509438317
690,52,7.9965,0.09621597142831692,1.4963406177702745,0.07914654832051438
690,53,8.4775,0.08625810411964549,1.640400324388086,0.087906924801298
690,54,9.6475,0.09388367662614223,1.7227513604560765,0.08844156119251972
690,55,7.782,0.07235730058099481,1.6157126702647133,0.12246918000033571
690,56,8.6905,0.0681077899555675,1.571222570623094,0.054682687960399455
690,57,11.611,0.09201229894908025,1.69948144001378,0.0715105428860045
690,58,12.444,0.10430320174729468,1.8107412407585983,0.07603623360116867
690,59,10.6785,0.07654814446511815,1.7085862012454935,0.07443383598923518
690,60,10.02,0.0778933143540102,1.8090419161676647,0.09546231682170166
690,61,15.968,0.11775442778578522,2.033816132264529,0.08406244260334532
690,62,15.74,0.13751172198838396,1.8345235069885644,0.08102095835016104
690,63,20.1795,0.13873009577479734,2.23852324140836,0.09614053404704703
690,64,20.4045,0.15574181570116277,1.9990139307505694,0.07200585897932103
690,65,20.5265,0.17160737777048576,2.217781782086571,0.08929130677600539
690,66,20.143,0.16001990007825076,2.2792806930447305,0.10425611649844929
690,67,23.7075,0.1767139749634099,2.4471978804175896,0.1180998502292731
690,68,27.1455,0.17052006364432037,2.7105534895286514,0.11334577643414137
690,69,27.426,0.19531000998412837,2.725607963246554,0.11431815846639713
690,70,33.1,0.22514206041613105,3.018036253776435,0.1552443889551766
690,71,28.162,0.2010113900936187,3.046863006888715,0.17483314996261487
690,72,44.6015,0.22962128431512122,3.6636592435232,0.22262182200806888
690,73,52.9095,0.36726978109458175,4.335333158506506,0.19511963620949438
690,74,49.7995,0.29810672320673154,3.9849857880099195,0.2090703458906091
690,75,55.6035,0.30845393326616627,4.4997399039628805,0.21342660544083195
690,76,53.0605,0.38581320473432296,4.642942297000594,0.23355522344608018
690,77,76.1465,0.4611548860712341,5.683163871615898,0.24839444581553033
690,78,75.7255,0.4763669941944822,5.727372546236076,0.31838363764119865
690,79,112.633,0.5249346325220433,7.574470279580585,0.3635195390907972
690,80,107.861,0.712452362211724,7.835368474239994,0.515135477090345
690,81,137.031,0.6785867279636503,9.530602848990373,0.49919025591795296
690,82,186.9805,0.997436048602933,12.22325921553317,0.7170372122577525
690,83,234.6445,1.3865757661459304,15.6364633296327,1.0319898452502445
690,84,345.0065,1.984758141834674,21.892554075792773,1.405890426853494
690,85,320.6475,1.6754524722719024,20.808227863151906,1.2195076512906624
