
**************************************************************
 Geant4 version Name: geant4-11-04 [MT]   (5-December-2025)
  << in Multi-threaded mode >> 
                       Copyright : Geant4 Collaboration
                      References : NIM A 506 (2003), 250-303
                                 : IEEE-TNS 53 (2006), 270-278
                                 : NIM A 835 (2016), 186-225
                             WWW : http://geant4.org/
**************************************************************

Accumulable registered as "NEndLeft"
Accumulable registered as "NEndRight"
Accumulable registered as "NTop"
Accumulable registered as "NEventsWithHits"
Accumulable registered as "NScintPhotons"
Checking overlaps for volume BarPV:0 (G4Box) ... OK! 
Checking overlaps for volume ReflectorYMinusPV:0 (G4Box) ... OK! 
Checking overlaps for volume ReflectorXMinusPV:1 (G4Box) ... OK! 
Checking overlaps for volume ReflectorXPlusPV:2 (G4Box) ... OK! 
Checking overlaps for volume ReflectorZMinusPV:3 (G4Box) ... OK! 
Checking overlaps for volume ReflectorZPlusPV:4 (G4Box) ... OK! 
Checking overlaps for volume EndSiPMLeft_PV:0 (G4Box) ... OK! 
Checking overlaps for volume EndSiPMRight_PV:8 (G4Box) ... OK! 
Checking overlaps for volume EndSiPMLeft_PV:1 (G4Box) ... OK! 
Checking overlaps for volume EndSiPMRight_PV:9 (G4Box) ... OK! 
Checking overlaps for volume EndSiPMLeft_PV:2 (G4Box) ... OK! 
Checking overlaps for volume EndSiPMRight_PV:10 (G4Box) ... OK! 
Checking overlaps for volume EndSiPMLeft_PV:3 (G4Box) ... OK! 
Checking overlaps for volume EndSiPMRight_PV:11 (G4Box) ... OK! 
Checking overlaps for volume EndSiPMLeft_PV:4 (G4Box) ... OK! 
Checking overlaps for volume EndSiPMRight_PV:12 (G4Box) ... OK! 
Checking overlaps for volume EndSiPMLeft_PV:5 (G4Box) ... OK! 
Checking overlaps for volume EndSiPMRight_PV:13 (G4Box) ... OK! 
Checking overlaps for volume EndSiPMLeft_PV:6 (G4Box) ... OK! 
Checking overlaps for volume EndSiPMRight_PV:14 (G4Box) ... OK! 
Checking overlaps for volume EndSiPMLeft_PV:7 (G4Box) ... OK! 
Checking overlaps for volume EndSiPMRight_PV:15 (G4Box) ... OK! 
Checking overlaps for volume TopSiPMPV:16 (G4Box) ... OK! 
Checking overlaps for volume TopSiPMPV:17 (G4Box) ... OK! 
Checking overlaps for volume TopSiPMPV:18 (G4Box) ... OK! 
Checking overlaps for volume TopSiPMPV:19 (G4Box) ... OK! 
Checking overlaps for volume TopSiPMPV:20 (G4Box) ... OK! 
Checking overlaps for volume TopSiPMPV:21 (G4Box) ... OK! 
Checking overlaps for volume TopSiPMPV:22 (G4Box) ... OK! 
Checking overlaps for volume TopSiPMPV:23 (G4Box) ... OK! 
Checking overlaps for volume TopSiPMPV:24 (G4Box) ... OK! 
Checking overlaps for volume TopSiPMPV:25 (G4Box) ... OK! 
Checking overlaps for volume TopSiPMPV:26 (G4Box) ... OK! 
Checking overlaps for volume TopSiPMPV:27 (G4Box) ... OK! 
Checking overlaps for volume TopSiPMPV:28 (G4Box) ... OK! 
Checking overlaps for volume TopSiPMPV:29 (G4Box) ... OK! 
Checking overlaps for volume TopSiPMPV:30 (G4Box) ... OK! 
Checking overlaps for volume TopSiPMPV:31 (G4Box) ... OK! 
Checking overlaps for volume TopSiPMPV:32 (G4Box) ... OK! 
Checking overlaps for volume TopSiPMPV:33 (G4Box) ... OK! 
Checking overlaps for volume TopSiPMPV:34 (G4Box) ... OK! 
Checking overlaps for volume TopSiPMPV:35 (G4Box) ... OK! 
### Birks coefficients used in run time
G4WT15 > Accumulable registered as "NEndLeft"
G4WT15 > Accumulable registered as "NEndRight"
G4WT15 > Accumulable registered as "NTop"
G4WT15 > Accumulable registered as "NEventsWithHits"
G4WT12 > Accumulable registered as "NEndLeft"
G4WT12 > Accumulable registered as "NEndRight"
G4WT12 > Accumulable registered as "NTop"
G4WT12 > Accumulable registered as "NEventsWithHits"
G4WT12 > Accumulable registered as "NScintPhotons"
G4WT6 > Accumulable registered as "NEndLeft"
G4WT4 > Accumulable registered as "NEndLeft"
G4WT4 > Accumulable registered as "NEndRight"
G4WT8 > Accumulable registered as "NEndLeft"
G4WT8 > Accumulable registered as "NEndRight"
G4WT9 > Accumulable registered as "NEndLeft"
G4WT13 > Accumulable registered as "NEndLeft"
G4WT13 > Accumulable registered as "NEndRight"
G4WT13 > Accumulable registered as "NTop"
G4WT3 > Accumulable registered as "NEndLeft"
G4WT3 > Accumulable registered as "NEndRight"
G4WT3 > Accumulable registered as "NTop"
G4WT3 > Accumulable registered as "NEventsWithHits"
G4WT3 > Accumulable registered as "NScintPhotons"
G4WT2 > Accumulable registered as "NEndLeft"
G4WT2 > Accumulable registered as "NEndRight"
G4WT2 > Accumulable registered as "NTop"
G4WT2 > Accumulable registered as "NEventsWithHits"
G4WT2 > Accumulable registered as "NScintPhotons"
G4WT14 > Accumulable registered as "NEndLeft"
G4WT10 > Accumulable registered as "NEndLeft"
G4WT10 > Accumulable registered as "NEndRight"
G4WT10 > Accumulable registered as "NTop"
G4WT10 > Accumulable registered as "NEventsWithHits"
G4WT10 > Accumulable registered as "NScintPhotons"
G4WT9 > Accumulable registered as "NEndRight"
G4WT9 > Accumulable registered as "NTop"
G4WT9 > Accumulable registered as "NEventsWithHits"
G4WT9 > Accumulable registered as "NScintPhotons"
G4WT13 > Accumulable registered as "NEventsWithHits"
G4WT13 > Accumulable registered as "NScintPhotons"
G4WT4 > Accumulable registered as "NTop"
G4WT14 > Accumulable registered as "NEndRight"
G4WT14 > Accumulable registered as "NTop"
G4WT14 > Accumulable registered as "NEventsWithHits"
G4WT14 > Accumulable registered as "NScintPhotons"
G4WT0 > Accumulable registered as "NEndLeft"
G4WT0 > Accumulable registered as "NEndRight"
G4WT0 > Accumulable registered as "NTop"
G4WT0 > Accumulable registered as "NEventsWithHits"
G4WT0 > Accumulable registered as "NScintPhotons"
G4WT4 > Accumulable registered as "NEventsWithHits"
G4WT4 > Accumulable registered as "NScintPhotons"
G4WT8 > Accumulable registered as "NTop"
G4WT8 > Accumulable registered as "NEventsWithHits"
G4WT8 > Accumulable registered as "NScintPhotons"
G4WT5 > Accumulable registered as "NEndLeft"
G4WT5 > Accumulable registered as "NEndRight"
G4WT5 > Accumulable registered as "NTop"
G4WT5 > Accumulable registered as "NEventsWithHits"
G4WT1 > Accumulable registered as "NEndLeft"
G4WT1 > Accumulable registered as "NEndRight"
G4WT15 > Accumulable registered as "NScintPhotons"
G4WT7 > Accumulable registered as "NEndLeft"
G4WT7 > Accumulable registered as "NEndRight"
G4WT7 > Accumulable registered as "NTop"
G4WT7 > Accumulable registered as "NEventsWithHits"
G4WT1 > Accumulable registered as "NTop"
G4WT1 > Accumulable registered as "NEventsWithHits"
G4WT1 > Accumulable registered as "NScintPhotons"
G4WT6 > Accumulable registered as "NEndRight"
G4WT6 > Accumulable registered as "NTop"
G4WT6 > Accumulable registered as "NEventsWithHits"
G4WT5 > Accumulable registered as "NScintPhotons"
G4WT7 > Accumulable registered as "NScintPhotons"
G4WT11 > Accumulable registered as "NEndLeft"
G4WT11 > Accumulable registered as "NEndRight"
G4WT6 > Accumulable registered as "NScintPhotons"
G4WT11 > Accumulable registered as "NTop"
G4WT11 > Accumulable registered as "NEventsWithHits"
G4WT11 > Accumulable registered as "NScintPhotons"

=== Active Scintillator Baseline ===
  Material              : EJ204
  Yield                 : 10400 ph/MeV
  Rise time tau_r       : 0.7 ns
  Decay time tau_d      : 1.8 ns
  Attenuation length    : 160 cm
  Emission peak lambda  : 408 nm
  Finite rise time      : enabled
=====================================
G4WT7 > 
=== EJ Scintillator Bar Run Summary ===
  Run ID                : 0
  Events run            : 600
  Events with ≥1 hit    : 600
  End-left  photons     : 1170276
  End-right photons     : 3095
  Top SiPM  photons     : 141090
  Scint photons generated: 12119988
  Total photons detected : 1314461
  Detection efficiency   : 10.8454 %
  ROOT output           : photon_hits_run000.root
==============================

G4WT12 > 
=== EJ Scintillator Bar Run Summary ===
  Run ID                : 0
  Events run            : 600
  Events with ≥1 hit    : 600
  End-left  photons     : 1152523
  End-right photons     : 2999
  Top SiPM  photons     : 138370
  Scint photons generated: 11930160
  Total photons detected : 1293892
  Detection efficiency   : 10.8456 %
  ROOT output           : photon_hits_run000.root
==============================

G4WT5 > 
=== EJ Scintillator Bar Run Summary ===
  Run ID                : 0
  Events run            : 600
  Events with ≥1 hit    : 600
  End-left  photons     : 1148751
  End-right photons     : 2936
  Top SiPM  photons     : 138264
  Scint photons generated: 11916172
  Total photons detected : 1289951
  Detection efficiency   : 10.8252 %
  ROOT output           : photon_hits_run000.root
==============================

G4WT15 > 
=== EJ Scintillator Bar Run Summary ===
  Run ID                : 0
  Events run            : 600
  Events with ≥1 hit    : 600
  End-left  photons     : 1156953
  End-right photons     : 2989
  Top SiPM  photons     : 138587
  Scint photons generated: 11966306
  Total photons detected : 1298529
  Detection efficiency   : 10.8515 %
  ROOT output           : photon_hits_run000.root
==============================

G4WT2 > 
=== EJ Scintillator Bar Run Summary ===
  Run ID                : 0
  Events run            : 700
  Events with ≥1 hit    : 700
  End-left  photons     : 1328172
  End-right photons     : 3350
  Top SiPM  photons     : 159415
  Scint photons generated: 13760798
  Total photons detected : 1490937
  Detection efficiency   : 10.8347 %
  ROOT output           : photon_hits_run000.root
==============================

G4WT11 > 
=== EJ Scintillator Bar Run Summary ===
  Run ID                : 0
  Events run            : 600
  Events with ≥1 hit    : 600
  End-left  photons     : 1153096
  End-right photons     : 2946
  Top SiPM  photons     : 138977
  Scint photons generated: 11942537
  Total photons detected : 1295019
  Detection efficiency   : 10.8438 %
  ROOT output           : photon_hits_run000.root
==============================

G4WT1 > 
=== EJ Scintillator Bar Run Summary ===
  Run ID                : 0
  Events run            : 600
  Events with ≥1 hit    : 600
  End-left  photons     : 1160359
  End-right photons     : 3076
  Top SiPM  photons     : 140041
  Scint photons generated: 12028878
  Total photons detected : 1303476
  Detection efficiency   : 10.8362 %
  ROOT output           : photon_hits_run000.root
==============================

G4WT8 > 
=== EJ Scintillator Bar Run Summary ===
  Run ID                : 0
  Events run            : 700
  Events with ≥1 hit    : 700
  End-left  photons     : 1330885
  End-right photons     : 3527
  Top SiPM  photons     : 160116
  Scint photons generated: 13795413
  Total photons detected : 1494528
  Detection efficiency   : 10.8335 %
  ROOT output           : photon_hits_run000.root
==============================

G4WT10 > 
=== EJ Scintillator Bar Run Summary ===
  Run ID                : 0
  Events run            : 600
  Events with ≥1 hit    : 600
  End-left  photons     : 1151991
  End-right photons     : 2997
  Top SiPM  photons     : 138112
  Scint photons generated: 11912775
  Total photons detected : 1293100
  Detection efficiency   : 10.8547 %
  ROOT output           : photon_hits_run000.root
==============================

G4WT6 > 
=== EJ Scintillator Bar Run Summary ===
  Run ID                : 0
  Events run            : 600
  Events with ≥1 hit    : 600
  End-left  photons     : 1170779
  End-right photons     : 3001
  Top SiPM  photons     : 140106
  Scint photons generated: 12101401
  Total photons detected : 1313886
  Detection efficiency   : 10.8573 %
  ROOT output           : photon_hits_run000.root
==============================

G4WT9 > 
=== EJ Scintillator Bar Run Summary ===
  Run ID                : 0
  Events run            : 600
  Events with ≥1 hit    : 600
  End-left  photons     : 1147940
  End-right photons     : 2996
  Top SiPM  photons     : 137762
  Scint photons generated: 11919518
  Total photons detected : 1288698
  Detection efficiency   : 10.8117 %
  ROOT output           : photon_hits_run000.root
==============================

G4WT4 > 
=== EJ Scintillator Bar Run Summary ===
  Run ID                : 0
  Events run            : 600
  Events with ≥1 hit    : 600
  End-left  photons     : 1154914
  End-right photons     : 2996
  Top SiPM  photons     : 138754
  Scint photons generated: 11952821
  Total photons detected : 1296664
  Detection efficiency   : 10.8482 %
  ROOT output           : photon_hits_run000.root
==============================

G4WT13 > 
=== EJ Scintillator Bar Run Summary ===
  Run ID                : 0
  Events run            : 600
  Events with ≥1 hit    : 600
  End-left  photons     : 1169861
  End-right photons     : 2993
  Top SiPM  photons     : 139792
  Scint photons generated: 12090925
  Total photons detected : 1312646
  Detection efficiency   : 10.8565 %
  ROOT output           : photon_hits_run000.root
==============================

G4WT14 > 
=== EJ Scintillator Bar Run Summary ===
  Run ID                : 0
  Events run            : 700
  Events with ≥1 hit    : 700
  End-left  photons     : 1323613
  End-right photons     : 3461
  Top SiPM  photons     : 159199
  Scint photons generated: 13693205
  Total photons detected : 1486273
  Detection efficiency   : 10.8541 %
  ROOT output           : photon_hits_run000.root
==============================

G4WT0 > 
=== EJ Scintillator Bar Run Summary ===
  Run ID                : 0
  Events run            : 700
  Events with ≥1 hit    : 700
  End-left  photons     : 1329250
  End-right photons     : 3426
  Top SiPM  photons     : 160132
  Scint photons generated: 13760279
  Total photons detected : 1492808
  Detection efficiency   : 10.8487 %
  ROOT output           : photon_hits_run000.root
==============================

G4WT3 > 
=== EJ Scintillator Bar Run Summary ===
  Run ID                : 0
  Events run            : 600
  Events with ≥1 hit    : 600
  End-left  photons     : 1164574
  End-right photons     : 2961
  Top SiPM  photons     : 139806
  Scint photons generated: 12075962
  Total photons detected : 1307341
  Detection efficiency   : 10.8260 %
  ROOT output           : photon_hits_run000.root
==============================


=== EJ Scintillator Bar Run Summary ===
  Run ID                : 0
  Events run            : 10000
  Events with ≥1 hit    : 10000
  End-left  photons     : 19213937
  End-right photons     : 49749
  Top SiPM  photons     : 2308523
  Scint photons generated: 198967138
  Total photons detected : 21572209
  Detection efficiency   : 10.8421 %
  ROOT output           : photon_hits_run000.root
==============================


=== Boundary Census (diagnostic) ===
  Bar -> reflector panel   : 1342101464
  Bar -> World (escaped)   : 100031265
  Bar -> Bar (TIR/refl)    : 0
  Bar -> SiPM (entering)   : 62204859
  Killed in WorldLV        : 105458126
====================================


=== Active Scintillator Baseline ===
  Material              : EJ204
  Yield                 : 10400.0000 ph/MeV
  Rise time tau_r       : 0.7000 ns
  Decay time tau_d      : 1.8000 ns
  Attenuation length    : 160.0000 cm
  Emission peak lambda  : 408.0000 nm
  Finite rise time      : enabled
=====================================
G4WT3 > 
=== EJ Scintillator Bar Run Summary ===
  Run ID                : 1
  Events run            : 700
  Events with ≥1 hit    : 700
  End-left  photons     : 888495
  End-right photons     : 3128
  Top SiPM  photons     : 198580
  Scint photons generated: 13928402
  Total photons detected : 1090203
  Detection efficiency   : 7.8272 %
  ROOT output           : photon_hits_run001.root
==============================

G4WT0 > 
=== EJ Scintillator Bar Run Summary ===
  Run ID                : 1
  Events run            : 600
  Events with ≥1 hit    : 600
  End-left  photons     : 758924
  End-right photons     : 2718
  Top SiPM  photons     : 169958
  Scint photons generated: 11931620
  Total photons detected : 931600
  Detection efficiency   : 7.8078 %
  ROOT output           : photon_hits_run001.root
==============================

G4WT7 > 
=== EJ Scintillator Bar Run Summary ===
  Run ID                : 1
  Events run            : 600
  Events with ≥1 hit    : 600
  End-left  photons     : 755743
  End-right photons     : 2635
  Top SiPM  photons     : 168712
  Scint photons generated: 11841064
  Total photons detected : 927090
  Detection efficiency   : 7.8294 %
  ROOT output           : photon_hits_run001.root
==============================

G4WT9 > 
=== EJ Scintillator Bar Run Summary ===
  Run ID                : 1
  Events run            : 600
  Events with ≥1 hit    : 600
  End-left  photons     : 755484
  End-right photons     : 2660
  Top SiPM  photons     : 169366
  Scint photons generated: 11843297
  Total photons detected : 927510
  Detection efficiency   : 7.8315 %
  ROOT output           : photon_hits_run001.root
==============================

G4WT1 > 
=== EJ Scintillator Bar Run Summary ===
  Run ID                : 1
  Events run            : 600
  Events with ≥1 hit    : 600
  End-left  photons     : 761684
  End-right photons     : 2690
  Top SiPM  photons     : 169574
  Scint photons generated: 11937842
  Total photons detected : 933948
  Detection efficiency   : 7.8234 %
  ROOT output           : photon_hits_run001.root
==============================

G4WT11 > 
=== EJ Scintillator Bar Run Summary ===
  Run ID                : 1
  Events run            : 600
  Events with ≥1 hit    : 600
  End-left  photons     : 760094
  End-right photons     : 2683
  Top SiPM  photons     : 169603
  Scint photons generated: 11898452
  Total photons detected : 932380
  Detection efficiency   : 7.8361 %
  ROOT output           : photon_hits_run001.root
==============================

G4WT13 > 
=== EJ Scintillator Bar Run Summary ===
  Run ID                : 1
  Events run            : 600
  Events with ≥1 hit    : 600
  End-left  photons     : 756303
  End-right photons     : 2571
  Top SiPM  photons     : 168458
  Scint photons generated: 11840881
  Total photons detected : 927332
  Detection efficiency   : 7.8316 %
  ROOT output           : photon_hits_run001.root
==============================

G4WT2 > 
=== EJ Scintillator Bar Run Summary ===
  Run ID                : 1
  Events run            : 700
  Events with ≥1 hit    : 700
  End-left  photons     : 879237
  End-right photons     : 3064
  Top SiPM  photons     : 196454
  Scint photons generated: 13782925
  Total photons detected : 1078755
  Detection efficiency   : 7.8267 %
  ROOT output           : photon_hits_run001.root
==============================

G4WT10 > 
=== EJ Scintillator Bar Run Summary ===
  Run ID                : 1
  Events run            : 600
  Events with ≥1 hit    : 600
  End-left  photons     : 764603
  End-right photons     : 2598
  Top SiPM  photons     : 171162
  Scint photons generated: 12003615
  Total photons detected : 938363
  Detection efficiency   : 7.8173 %
  ROOT output           : photon_hits_run001.root
==============================

G4WT15 > 
=== EJ Scintillator Bar Run Summary ===
  Run ID                : 1
  Events run            : 600
  Events with ≥1 hit    : 600
  End-left  photons     : 760036
  End-right photons     : 2653
  Top SiPM  photons     : 169173
  Scint photons generated: 11910206
  Total photons detected : 931862
  Detection efficiency   : 7.8241 %
  ROOT output           : photon_hits_run001.root
==============================

G4WT6 > 
=== EJ Scintillator Bar Run Summary ===
  Run ID                : 1
  Events run            : 600
  Events with ≥1 hit    : 600
  End-left  photons     : 760800
  End-right photons     : 2691
  Top SiPM  photons     : 170495
  Scint photons generated: 11921382
  Total photons detected : 933986
  Detection efficiency   : 7.8345 %
  ROOT output           : photon_hits_run001.root
==============================

G4WT8 > 
=== EJ Scintillator Bar Run Summary ===
  Run ID                : 1
  Events run            : 600
  Events with ≥1 hit    : 600
  End-left  photons     : 766211
  End-right photons     : 2610
  Top SiPM  photons     : 171160
  Scint photons generated: 12027743
  Total photons detected : 939981
  Detection efficiency   : 7.8151 %
  ROOT output           : photon_hits_run001.root
==============================

G4WT14 > 
=== EJ Scintillator Bar Run Summary ===
  Run ID                : 1
  Events run            : 700
  Events with ≥1 hit    : 700
  End-left  photons     : 872829
  End-right photons     : 3017
  Top SiPM  photons     : 195608
  Scint photons generated: 13688495
  Total photons detected : 1071454
  Detection efficiency   : 7.8274 %
  ROOT output           : photon_hits_run001.root
==============================

G4WT5 > 
=== EJ Scintillator Bar Run Summary ===
  Run ID                : 1
  Events run            : 700
  Events with ≥1 hit    : 700
  End-left  photons     : 871788
  End-right photons     : 3046
  Top SiPM  photons     : 194182
  Scint photons generated: 13668138
  Total photons detected : 1069016
  Detection efficiency   : 7.8212 %
  ROOT output           : photon_hits_run001.root
==============================

G4WT12 > 
=== EJ Scintillator Bar Run Summary ===
  Run ID                : 1
  Events run            : 600
  Events with ≥1 hit    : 600
  End-left  photons     : 760065
  End-right photons     : 2720
  Top SiPM  photons     : 170592
  Scint photons generated: 11928647
  Total photons detected : 933377
  Detection efficiency   : 7.8247 %
  ROOT output           : photon_hits_run001.root
==============================

G4WT4 > 
=== EJ Scintillator Bar Run Summary ===
  Run ID                : 1
  Events run            : 600
  Events with ≥1 hit    : 600
  End-left  photons     : 767774
  End-right photons     : 2645
  Top SiPM  photons     : 171364
  Scint photons generated: 12050537
  Total photons detected : 941783
  Detection efficiency   : 7.8153 %
  ROOT output           : photon_hits_run001.root
==============================


=== EJ Scintillator Bar Run Summary ===
  Run ID                : 1
  Events run            : 10000
  Events with ≥1 hit    : 10000
  End-left  photons     : 12640070
  End-right photons     : 44129
  Top SiPM  photons     : 2824441
  Scint photons generated: 198203246
  Total photons detected : 15508640
  Detection efficiency   : 7.8246 %
  ROOT output           : photon_hits_run001.root
==============================


=== Boundary Census (diagnostic) ===
  Bar -> reflector panel   : 1457764651
  Bar -> World (escaped)   : 113366746
  Bar -> Bar (TIR/refl)    : 0
  Bar -> SiPM (entering)   : 44727671
  Killed in WorldLV        : 120289503
====================================


=== Active Scintillator Baseline ===
  Material              : EJ204
  Yield                 : 10400.0000 ph/MeV
  Rise time tau_r       : 0.7000 ns
  Decay time tau_d      : 1.8000 ns
  Attenuation length    : 160.0000 cm
  Emission peak lambda  : 408.0000 nm
  Finite rise time      : enabled
=====================================
G4WT14 > 
=== EJ Scintillator Bar Run Summary ===
  Run ID                : 2
  Events run            : 700
  Events with ≥1 hit    : 700
  End-left  photons     : 633816
  End-right photons     : 2945
  Top SiPM  photons     : 195722
  Scint photons generated: 13769048
  Total photons detected : 832483
  Detection efficiency   : 6.0460 %
  ROOT output           : photon_hits_run002.root
==============================

G4WT10 > 
=== EJ Scintillator Bar Run Summary ===
  Run ID                : 2
  Events run            : 700
  Events with ≥1 hit    : 700
  End-left  photons     : 637681
  End-right photons     : 2972
  Top SiPM  photons     : 197992
  Scint photons generated: 13854134
  Total photons detected : 838645
  Detection efficiency   : 6.0534 %
  ROOT output           : photon_hits_run002.root
==============================

G4WT1 > 
=== EJ Scintillator Bar Run Summary ===
  Run ID                : 2
  Events run            : 600
  Events with ≥1 hit    : 600
  End-left  photons     : 546694
  End-right photons     : 2502
  Top SiPM  photons     : 169178
  Scint photons generated: 11869494
  Total photons detected : 718374
  Detection efficiency   : 6.0523 %
  ROOT output           : photon_hits_run002.root
==============================

G4WT4 > 
=== EJ Scintillator Bar Run Summary ===
  Run ID                : 2
  Events run            : 700
  Events with ≥1 hit    : 700
  End-left  photons     : 629028
  End-right photons     : 2917
  Top SiPM  photons     : 194684
  Scint photons generated: 13669612
  Total photons detected : 826629
  Detection efficiency   : 6.0472 %
  ROOT output           : photon_hits_run002.root
==============================

G4WT11 > 
=== EJ Scintillator Bar Run Summary ===
  Run ID                : 2
  Events run            : 600
  Events with ≥1 hit    : 600
  End-left  photons     : 548841
  End-right photons     : 2569
  Top SiPM  photons     : 169965
  Scint photons generated: 11928187
  Total photons detected : 721375
  Detection efficiency   : 6.0476 %
  ROOT output           : photon_hits_run002.root
==============================

G4WT3 > 
=== EJ Scintillator Bar Run Summary ===
  Run ID                : 2
  Events run            : 600
  Events with ≥1 hit    : 600
  End-left  photons     : 545362
  End-right photons     : 2558
  Top SiPM  photons     : 169893
  Scint photons generated: 11896563
  Total photons detected : 717813
  Detection efficiency   : 6.0338 %
  ROOT output           : photon_hits_run002.root
==============================

G4WT7 > 
=== EJ Scintillator Bar Run Summary ===
  Run ID                : 2
  Events run            : 600
  Events with ≥1 hit    : 600
  End-left  photons     : 554312
  End-right photons     : 2616
  Top SiPM  photons     : 172180
  Scint photons generated: 12048898
  Total photons detected : 729108
  Detection efficiency   : 6.0512 %
  ROOT output           : photon_hits_run002.root
==============================

G4WT5 > 
=== EJ Scintillator Bar Run Summary ===
  Run ID                : 2
  Events run            : 700
  Events with ≥1 hit    : 700
  End-left  photons     : 628220
  End-right photons     : 2939
  Top SiPM  photons     : 194691
  Scint photons generated: 13656222
  Total photons detected : 825850
  Detection efficiency   : 6.0474 %
  ROOT output           : photon_hits_run002.root
==============================

G4WT8 > 
=== EJ Scintillator Bar Run Summary ===
  Run ID                : 2
  Events run            : 600
  Events with ≥1 hit    : 600
  End-left  photons     : 541650
  End-right photons     : 2513
  Top SiPM  photons     : 168430
  Scint photons generated: 11787383
  Total photons detected : 712593
  Detection efficiency   : 6.0454 %
  ROOT output           : photon_hits_run002.root
==============================

G4WT6 > 
=== EJ Scintillator Bar Run Summary ===
  Run ID                : 2
  Events run            : 600
  Events with ≥1 hit    : 600
  End-left  photons     : 547873
  End-right photons     : 2505
  Top SiPM  photons     : 168985
  Scint photons generated: 11907680
  Total photons detected : 719363
  Detection efficiency   : 6.0412 %
  ROOT output           : photon_hits_run002.root
==============================

G4WT0 > 
=== EJ Scintillator Bar Run Summary ===
  Run ID                : 2
  Events run            : 600
  Events with ≥1 hit    : 600
  End-left  photons     : 549155
  End-right photons     : 2545
  Top SiPM  photons     : 170364
  Scint photons generated: 11933800
  Total photons detected : 722064
  Detection efficiency   : 6.0506 %
  ROOT output           : photon_hits_run002.root
==============================

G4WT12 > 
=== EJ Scintillator Bar Run Summary ===
  Run ID                : 2
  Events run            : 600
  Events with ≥1 hit    : 600
  End-left  photons     : 552437
  End-right photons     : 2592
  Top SiPM  photons     : 170729
  Scint photons generated: 11991528
  Total photons detected : 725758
  Detection efficiency   : 6.0523 %
  ROOT output           : photon_hits_run002.root
==============================

G4WT15 > 
=== EJ Scintillator Bar Run Summary ===
  Run ID                : 2
  Events run            : 600
  Events with ≥1 hit    : 600
  End-left  photons     : 554971
  End-right photons     : 2584
  Top SiPM  photons     : 172717
  Scint photons generated: 12056935
  Total photons detected : 730272
  Detection efficiency   : 6.0569 %
  ROOT output           : photon_hits_run002.root
==============================

G4WT9 > 
=== EJ Scintillator Bar Run Summary ===
  Run ID                : 2
  Events run            : 600
  Events with ≥1 hit    : 600
  End-left  photons     : 547422
  End-right photons     : 2594
  Top SiPM  photons     : 170287
  Scint photons generated: 11906453
  Total photons detected : 720303
  Detection efficiency   : 6.0497 %
  ROOT output           : photon_hits_run002.root
==============================

G4WT2 > 
=== EJ Scintillator Bar Run Summary ===
  Run ID                : 2
  Events run            : 600
  Events with ≥1 hit    : 600
  End-left  photons     : 544813
  End-right photons     : 2490
  Top SiPM  photons     : 169560
  Scint photons generated: 11836740
  Total photons detected : 716863
  Detection efficiency   : 6.0563 %
  ROOT output           : photon_hits_run002.root
==============================

G4WT13 > 
=== EJ Scintillator Bar Run Summary ===
  Run ID                : 2
  Events run            : 600
  Events with ≥1 hit    : 600
  End-left  photons     : 552596
  End-right photons     : 2535
  Top SiPM  photons     : 172037
  Scint photons generated: 12012361
  Total photons detected : 727168
  Detection efficiency   : 6.0535 %
  ROOT output           : photon_hits_run002.root
==============================


=== EJ Scintillator Bar Run Summary ===
  Run ID                : 2
  Events run            : 10000
  Events with ≥1 hit    : 10000
  End-left  photons     : 9114871
  End-right photons     : 42376
  Top SiPM  photons     : 2827414
  Scint photons generated: 198125038
  Total photons detected : 11984661
  Detection efficiency   : 6.0490 %
  ROOT output           : photon_hits_run002.root
==============================


=== Boundary Census (diagnostic) ===
  Bar -> reflector panel   : 1526629467
  Bar -> World (escaped)   : 121327841
  Bar -> Bar (TIR/refl)    : 0
  Bar -> SiPM (entering)   : 34570741
  Killed in WorldLV        : 128139203
====================================


=== Active Scintillator Baseline ===
  Material              : EJ204
  Yield                 : 10400.0000 ph/MeV
  Rise time tau_r       : 0.7000 ns
  Decay time tau_d      : 1.8000 ns
  Attenuation length    : 160.0000 cm
  Emission peak lambda  : 408.0000 nm
  Finite rise time      : enabled
=====================================
G4WT15 > 
=== EJ Scintillator Bar Run Summary ===
  Run ID                : 3
  Events run            : 700
  Events with ≥1 hit    : 700
  End-left  photons     : 338073
  End-right photons     : 3014
  Top SiPM  photons     : 225115
  Scint photons generated: 13715310
  Total photons detected : 566202
  Detection efficiency   : 4.1282 %
  ROOT output           : photon_hits_run003.root
==============================

G4WT5 > 
=== EJ Scintillator Bar Run Summary ===
  Run ID                : 3
  Events run            : 700
  Events with ≥1 hit    : 700
  End-left  photons     : 339553
  End-right photons     : 3001
  Top SiPM  photons     : 225966
  Scint photons generated: 13781863
  Total photons detected : 568520
  Detection efficiency   : 4.1251 %
  ROOT output           : photon_hits_run003.root
==============================

G4WT12 > 
=== EJ Scintillator Bar Run Summary ===
  Run ID                : 3
  Events run            : 600
  Events with ≥1 hit    : 600
  End-left  photons     : 289251
  End-right photons     : 2593
  Top SiPM  photons     : 192175
  Scint photons generated: 11758241
  Total photons detected : 484019
  Detection efficiency   : 4.1164 %
  ROOT output           : photon_hits_run003.root
==============================

G4WT7 > 
=== EJ Scintillator Bar Run Summary ===
  Run ID                : 3
  Events run            : 600
  Events with ≥1 hit    : 600
  End-left  photons     : 292063
  End-right photons     : 2555
  Top SiPM  photons     : 193045
  Scint photons generated: 11828402
  Total photons detected : 487663
  Detection efficiency   : 4.1228 %
  ROOT output           : photon_hits_run003.root
==============================

G4WT14 > 
=== EJ Scintillator Bar Run Summary ===
  Run ID                : 3
  Events run            : 600
  Events with ≥1 hit    : 600
  End-left  photons     : 291078
  End-right photons     : 2517
  Top SiPM  photons     : 193220
  Scint photons generated: 11841841
  Total photons detected : 486815
  Detection efficiency   : 4.1110 %
  ROOT output           : photon_hits_run003.root
==============================

G4WT3 > 
=== EJ Scintillator Bar Run Summary ===
  Run ID                : 3
  Events run            : 600
  Events with ≥1 hit    : 600
  End-left  photons     : 292909
  End-right photons     : 2589
  Top SiPM  photons     : 195079
  Scint photons generated: 11922907
  Total photons detected : 490577
  Detection efficiency   : 4.1146 %
  ROOT output           : photon_hits_run003.root
==============================

G4WT6 > 
=== EJ Scintillator Bar Run Summary ===
  Run ID                : 3
  Events run            : 700
  Events with ≥1 hit    : 700
  End-left  photons     : 336830
  End-right photons     : 3006
  Top SiPM  photons     : 222477
  Scint photons generated: 13666361
  Total photons detected : 562313
  Detection efficiency   : 4.1146 %
  ROOT output           : photon_hits_run003.root
==============================

G4WT13 > 
=== EJ Scintillator Bar Run Summary ===
  Run ID                : 3
  Events run            : 700
  Events with ≥1 hit    : 700
  End-left  photons     : 337160
  End-right photons     : 3031
  Top SiPM  photons     : 223086
  Scint photons generated: 13689925
  Total photons detected : 563277
  Detection efficiency   : 4.1145 %
  ROOT output           : photon_hits_run003.root
==============================

G4WT4 > 
=== EJ Scintillator Bar Run Summary ===
  Run ID                : 3
  Events run            : 600
  Events with ≥1 hit    : 600
  End-left  photons     : 298821
  End-right photons     : 2678
  Top SiPM  photons     : 197640
  Scint photons generated: 12115353
  Total photons detected : 499139
  Detection efficiency   : 4.1199 %
  ROOT output           : photon_hits_run003.root
==============================

G4WT10 > 
=== EJ Scintillator Bar Run Summary ===
  Run ID                : 3
  Events run            : 600
  Events with ≥1 hit    : 600
  End-left  photons     : 290926
  End-right photons     : 2531
  Top SiPM  photons     : 192099
  Scint photons generated: 11798720
  Total photons detected : 485556
  Detection efficiency   : 4.1153 %
  ROOT output           : photon_hits_run003.root
==============================

G4WT11 > 
=== EJ Scintillator Bar Run Summary ===
  Run ID                : 3
  Events run            : 600
  Events with ≥1 hit    : 600
  End-left  photons     : 290505
  End-right photons     : 2638
  Top SiPM  photons     : 193939
  Scint photons generated: 11826088
  Total photons detected : 487082
  Detection efficiency   : 4.1187 %
  ROOT output           : photon_hits_run003.root
==============================

G4WT1 > 
=== EJ Scintillator Bar Run Summary ===
  Run ID                : 3
  Events run            : 600
  Events with ≥1 hit    : 600
  End-left  photons     : 291043
  End-right photons     : 2505
  Top SiPM  photons     : 193243
  Scint photons generated: 11850451
  Total photons detected : 486791
  Detection efficiency   : 4.1078 %
  ROOT output           : photon_hits_run003.root
==============================

G4WT8 > 
=== EJ Scintillator Bar Run Summary ===
  Run ID                : 3
  Events run            : 600
  Events with ≥1 hit    : 600
  End-left  photons     : 291885
  End-right photons     : 2563
  Top SiPM  photons     : 192398
  Scint photons generated: 11820403
  Total photons detected : 486846
  Detection efficiency   : 4.1187 %
  ROOT output           : photon_hits_run003.root
==============================

G4WT9 > 
=== EJ Scintillator Bar Run Summary ===
  Run ID                : 3
  Events run            : 600
  Events with ≥1 hit    : 600
  End-left  photons     : 291869
  End-right photons     : 2606
  Top SiPM  photons     : 193744
  Scint photons generated: 11837535
  Total photons detected : 488219
  Detection efficiency   : 4.1243 %
  ROOT output           : photon_hits_run003.root
==============================

G4WT2 > 
=== EJ Scintillator Bar Run Summary ===
  Run ID                : 3
  Events run            : 600
  Events with ≥1 hit    : 600
  End-left  photons     : 292355
  End-right photons     : 2582
  Top SiPM  photons     : 192156
  Scint photons generated: 11804329
  Total photons detected : 487093
  Detection efficiency   : 4.1264 %
  ROOT output           : photon_hits_run003.root
==============================

G4WT0 > 
=== EJ Scintillator Bar Run Summary ===
  Run ID                : 3
  Events run            : 600
  Events with ≥1 hit    : 600
  End-left  photons     : 293858
  End-right photons     : 2611
  Top SiPM  photons     : 194112
  Scint photons generated: 11929240
  Total photons detected : 490581
  Detection efficiency   : 4.1124 %
  ROOT output           : photon_hits_run003.root
==============================


=== EJ Scintillator Bar Run Summary ===
  Run ID                : 3
  Events run            : 10000
  Events with ≥1 hit    : 10000
  End-left  photons     : 4858179
  End-right photons     : 43020
  Top SiPM  photons     : 3219494
  Scint photons generated: 197186969
  Total photons detected : 8120693
  Detection efficiency   : 4.1183 %
  ROOT output           : photon_hits_run003.root
==============================


=== Boundary Census (diagnostic) ===
  Bar -> reflector panel   : 1605937231
  Bar -> World (escaped)   : 129040918
  Bar -> Bar (TIR/refl)    : 0
  Bar -> SiPM (entering)   : 23416945
  Killed in WorldLV        : 136886173
====================================


=== Active Scintillator Baseline ===
  Material              : EJ204
  Yield                 : 10400.0000 ph/MeV
  Rise time tau_r       : 0.7000 ns
  Decay time tau_d      : 1.8000 ns
  Attenuation length    : 160.0000 cm
  Emission peak lambda  : 408.0000 nm
  Finite rise time      : enabled
=====================================
G4WT14 > 
=== EJ Scintillator Bar Run Summary ===
  Run ID                : 4
  Events run            : 700
  Events with ≥1 hit    : 700
  End-left  photons     : 211504
  End-right photons     : 3307
  Top SiPM  photons     : 205104
  Scint photons generated: 13797524
  Total photons detected : 419915
  Detection efficiency   : 3.0434 %
  ROOT output           : photon_hits_run004.root
==============================

G4WT4 > 
=== EJ Scintillator Bar Run Summary ===
  Run ID                : 4
  Events run            : 600
  Events with ≥1 hit    : 600
  End-left  photons     : 180421
  End-right photons     : 2795
  Top SiPM  photons     : 173842
  Scint photons generated: 11765498
  Total photons detected : 357058
  Detection efficiency   : 3.0348 %
  ROOT output           : photon_hits_run004.root
==============================

G4WT9 > 
=== EJ Scintillator Bar Run Summary ===
  Run ID                : 4
  Events run            : 600
  Events with ≥1 hit    : 600
  End-left  photons     : 180861
  End-right photons     : 2893
  Top SiPM  photons     : 174831
  Scint photons generated: 11805211
  Total photons detected : 358585
  Detection efficiency   : 3.0375 %
  ROOT output           : photon_hits_run004.root
==============================

G4WT7 > 
=== EJ Scintillator Bar Run Summary ===
  Run ID                : 4
  Events run            : 600
  Events with ≥1 hit    : 600
  End-left  photons     : 181544
  End-right photons     : 2928
  Top SiPM  photons     : 175208
  Scint photons generated: 11819564
  Total photons detected : 359680
  Detection efficiency   : 3.0431 %
  ROOT output           : photon_hits_run004.root
==============================

G4WT12 > 
=== EJ Scintillator Bar Run Summary ===
  Run ID                : 4
  Events run            : 600
  Events with ≥1 hit    : 600
  End-left  photons     : 179786
  End-right photons     : 2764
  Top SiPM  photons     : 174949
  Scint photons generated: 11762808
  Total photons detected : 357499
  Detection efficiency   : 3.0392 %
  ROOT output           : photon_hits_run004.root
==============================

G4WT10 > 
=== EJ Scintillator Bar Run Summary ===
  Run ID                : 4
  Events run            : 600
  Events with ≥1 hit    : 600
  End-left  photons     : 184688
  End-right photons     : 2911
  Top SiPM  photons     : 178454
  Scint photons generated: 12013248
  Total photons detected : 366053
  Detection efficiency   : 3.0471 %
  ROOT output           : photon_hits_run004.root
==============================

G4WT8 > 
=== EJ Scintillator Bar Run Summary ===
  Run ID                : 4
  Events run            : 600
  Events with ≥1 hit    : 600
  End-left  photons     : 182198
  End-right photons     : 2826
  Top SiPM  photons     : 176075
  Scint photons generated: 11914115
  Total photons detected : 361099
  Detection efficiency   : 3.0309 %
  ROOT output           : photon_hits_run004.root
==============================

G4WT15 > 
=== EJ Scintillator Bar Run Summary ===
  Run ID                : 4
  Events run            : 700
  Events with ≥1 hit    : 700
  End-left  photons     : 207632
  End-right photons     : 3212
  Top SiPM  photons     : 201006
  Scint photons generated: 13586399
  Total photons detected : 411850
  Detection efficiency   : 3.0313 %
  ROOT output           : photon_hits_run004.root
==============================

G4WT5 > 
=== EJ Scintillator Bar Run Summary ===
  Run ID                : 4
  Events run            : 600
  Events with ≥1 hit    : 600
  End-left  photons     : 179407
  End-right photons     : 2807
  Top SiPM  photons     : 174266
  Scint photons generated: 11766071
  Total photons detected : 356480
  Detection efficiency   : 3.0297 %
  ROOT output           : photon_hits_run004.root
==============================

G4WT6 > 
=== EJ Scintillator Bar Run Summary ===
  Run ID                : 4
  Events run            : 600
  Events with ≥1 hit    : 600
  End-left  photons     : 183935
  End-right photons     : 2806
  Top SiPM  photons     : 176697
  Scint photons generated: 11930950
  Total photons detected : 363438
  Detection efficiency   : 3.0462 %
  ROOT output           : photon_hits_run004.root
==============================

G4WT1 > 
=== EJ Scintillator Bar Run Summary ===
  Run ID                : 4
  Events run            : 600
  Events with ≥1 hit    : 600
  End-left  photons     : 181994
  End-right photons     : 2831
  Top SiPM  photons     : 176524
  Scint photons generated: 11914285
  Total photons detected : 361349
  Detection efficiency   : 3.0329 %
  ROOT output           : photon_hits_run004.root
==============================

G4WT3 > 
=== EJ Scintillator Bar Run Summary ===
  Run ID                : 4
  Events run            : 700
  Events with ≥1 hit    : 700
  End-left  photons     : 209244
  End-right photons     : 3278
  Top SiPM  photons     : 202479
  Scint photons generated: 13675743
  Total photons detected : 415001
  Detection efficiency   : 3.0346 %
  ROOT output           : photon_hits_run004.root
==============================

G4WT2 > 
=== EJ Scintillator Bar Run Summary ===
  Run ID                : 4
  Events run            : 600
  Events with ≥1 hit    : 600
  End-left  photons     : 180444
  End-right photons     : 2830
  Top SiPM  photons     : 174623
  Scint photons generated: 11807428
  Total photons detected : 357897
  Detection efficiency   : 3.0311 %
  ROOT output           : photon_hits_run004.root
==============================

G4WT13 > 
=== EJ Scintillator Bar Run Summary ===
  Run ID                : 4
  Events run            : 600
  Events with ≥1 hit    : 600
  End-left  photons     : 183912
  End-right photons     : 2866
  Top SiPM  photons     : 178441
  Scint photons generated: 12011487
  Total photons detected : 365219
  Detection efficiency   : 3.0406 %
  ROOT output           : photon_hits_run004.root
==============================

G4WT11 > 
=== EJ Scintillator Bar Run Summary ===
  Run ID                : 4
  Events run            : 600
  Events with ≥1 hit    : 600
  End-left  photons     : 182987
  End-right photons     : 2912
  Top SiPM  photons     : 178030
  Scint photons generated: 11979294
  Total photons detected : 363929
  Detection efficiency   : 3.0380 %
  ROOT output           : photon_hits_run004.root
==============================

G4WT0 > 
=== EJ Scintillator Bar Run Summary ===
  Run ID                : 4
  Events run            : 700
  Events with ≥1 hit    : 700
  End-left  photons     : 209662
  End-right photons     : 3303
  Top SiPM  photons     : 202993
  Scint photons generated: 13708580
  Total photons detected : 415958
  Detection efficiency   : 3.0343 %
  ROOT output           : photon_hits_run004.root
==============================


=== EJ Scintillator Bar Run Summary ===
  Run ID                : 4
  Events run            : 10000
  Events with ≥1 hit    : 10000
  End-left  photons     : 3020219
  End-right photons     : 47269
  Top SiPM  photons     : 2923522
  Scint photons generated: 197258205
  Total photons detected : 5991010
  Detection efficiency   : 3.0371 %
  ROOT output           : photon_hits_run004.root
==============================


=== Boundary Census (diagnostic) ===
  Bar -> reflector panel   : 1647799045
  Bar -> World (escaped)   : 133895392
  Bar -> Bar (TIR/refl)    : 0
  Bar -> SiPM (entering)   : 17266496
  Killed in WorldLV        : 140782773
====================================


=== Active Scintillator Baseline ===
  Material              : EJ204
  Yield                 : 10400.0000 ph/MeV
  Rise time tau_r       : 0.7000 ns
  Decay time tau_d      : 1.8000 ns
  Attenuation length    : 160.0000 cm
  Emission peak lambda  : 408.0000 nm
  Finite rise time      : enabled
=====================================
G4WT6 > 
=== EJ Scintillator Bar Run Summary ===
  Run ID                : 5
  Events run            : 600
  Events with ≥1 hit    : 600
  End-left  photons     : 122467
  End-right photons     : 3157
  Top SiPM  photons     : 178438
  Scint photons generated: 11852824
  Total photons detected : 304062
  Detection efficiency   : 2.5653 %
  ROOT output           : photon_hits_run005.root
==============================

G4WT5 > 
=== EJ Scintillator Bar Run Summary ===
  Run ID                : 5
  Events run            : 700
  Events with ≥1 hit    : 700
  End-left  photons     : 142614
  End-right photons     : 3472
  Top SiPM  photons     : 207366
  Scint photons generated: 13770476
  Total photons detected : 353452
  Detection efficiency   : 2.5667 %
  ROOT output           : photon_hits_run005.root
==============================

G4WT1 > 
=== EJ Scintillator Bar Run Summary ===
  Run ID                : 5
  Events run            : 600
  Events with ≥1 hit    : 600
  End-left  photons     : 122000
  End-right photons     : 3085
  Top SiPM  photons     : 177268
  Scint photons generated: 11788571
  Total photons detected : 302353
  Detection efficiency   : 2.5648 %
  ROOT output           : photon_hits_run005.root
==============================

G4WT2 > 
=== EJ Scintillator Bar Run Summary ===
  Run ID                : 5
  Events run            : 600
  Events with ≥1 hit    : 600
  End-left  photons     : 122324
  End-right photons     : 3025
  Top SiPM  photons     : 178825
  Scint photons generated: 11819220
  Total photons detected : 304174
  Detection efficiency   : 2.5736 %
  ROOT output           : photon_hits_run005.root
==============================

G4WT3 > 
=== EJ Scintillator Bar Run Summary ===
  Run ID                : 5
  Events run            : 600
  Events with ≥1 hit    : 600
  End-left  photons     : 123264
  End-right photons     : 3063
  Top SiPM  photons     : 179628
  Scint photons generated: 11932568
  Total photons detected : 305955
  Detection efficiency   : 2.5640 %
  ROOT output           : photon_hits_run005.root
==============================

G4WT8 > 
=== EJ Scintillator Bar Run Summary ===
  Run ID                : 5
  Events run            : 600
  Events with ≥1 hit    : 600
  End-left  photons     : 123687
  End-right photons     : 3189
  Top SiPM  photons     : 179563
  Scint photons generated: 11936580
  Total photons detected : 306439
  Detection efficiency   : 2.5672 %
  ROOT output           : photon_hits_run005.root
==============================

G4WT15 > 
=== EJ Scintillator Bar Run Summary ===
  Run ID                : 5
  Events run            : 600
  Events with ≥1 hit    : 600
  End-left  photons     : 124220
  End-right photons     : 3170
  Top SiPM  photons     : 180966
  Scint photons generated: 12000572
  Total photons detected : 308356
  Detection efficiency   : 2.5695 %
  ROOT output           : photon_hits_run005.root
==============================

G4WT14 > 
=== EJ Scintillator Bar Run Summary ===
  Run ID                : 5
  Events run            : 700
  Events with ≥1 hit    : 700
  End-left  photons     : 141618
  End-right photons     : 3592
  Top SiPM  photons     : 205991
  Scint photons generated: 13658629
  Total photons detected : 351201
  Detection efficiency   : 2.5713 %
  ROOT output           : photon_hits_run005.root
==============================

G4WT10 > 
=== EJ Scintillator Bar Run Summary ===
  Run ID                : 5
  Events run            : 700
  Events with ≥1 hit    : 700
  End-left  photons     : 142698
  End-right photons     : 3551
  Top SiPM  photons     : 206727
  Scint photons generated: 13730568
  Total photons detected : 352976
  Detection efficiency   : 2.5707 %
  ROOT output           : photon_hits_run005.root
==============================

G4WT11 > 
=== EJ Scintillator Bar Run Summary ===
  Run ID                : 5
  Events run            : 600
  Events with ≥1 hit    : 600
  End-left  photons     : 122293
  End-right photons     : 3141
  Top SiPM  photons     : 179721
  Scint photons generated: 11870598
  Total photons detected : 305155
  Detection efficiency   : 2.5707 %
  ROOT output           : photon_hits_run005.root
==============================

G4WT0 > 
=== EJ Scintillator Bar Run Summary ===
  Run ID                : 5
  Events run            : 600
  Events with ≥1 hit    : 600
  End-left  photons     : 123027
  End-right photons     : 3043
  Top SiPM  photons     : 178959
  Scint photons generated: 11909255
  Total photons detected : 305029
  Detection efficiency   : 2.5613 %
  ROOT output           : photon_hits_run005.root
==============================

G4WT12 > 
=== EJ Scintillator Bar Run Summary ===
  Run ID                : 5
  Events run            : 700
  Events with ≥1 hit    : 700
  End-left  photons     : 142502
  End-right photons     : 3580
  Top SiPM  photons     : 206869
  Scint photons generated: 13775100
  Total photons detected : 352951
  Detection efficiency   : 2.5622 %
  ROOT output           : photon_hits_run005.root
==============================

G4WT13 > 
=== EJ Scintillator Bar Run Summary ===
  Run ID                : 5
  Events run            : 600
  Events with ≥1 hit    : 600
  End-left  photons     : 123268
  End-right photons     : 3235
  Top SiPM  photons     : 178543
  Scint photons generated: 11894064
  Total photons detected : 305046
  Detection efficiency   : 2.5647 %
  ROOT output           : photon_hits_run005.root
==============================

G4WT4 > 
=== EJ Scintillator Bar Run Summary ===
  Run ID                : 5
  Events run            : 600
  Events with ≥1 hit    : 600
  End-left  photons     : 125606
  End-right photons     : 3112
  Top SiPM  photons     : 183071
  Scint photons generated: 12097404
  Total photons detected : 311789
  Detection efficiency   : 2.5773 %
  ROOT output           : photon_hits_run005.root
==============================

G4WT9 > 
=== EJ Scintillator Bar Run Summary ===
  Run ID                : 5
  Events run            : 600
  Events with ≥1 hit    : 600
  End-left  photons     : 122837
  End-right photons     : 3049
  Top SiPM  photons     : 179252
  Scint photons generated: 11873336
  Total photons detected : 305138
  Detection efficiency   : 2.5699 %
  ROOT output           : photon_hits_run005.root
==============================

G4WT7 > 
=== EJ Scintillator Bar Run Summary ===
  Run ID                : 5
  Events run            : 600
  Events with ≥1 hit    : 600
  End-left  photons     : 127834
  End-right photons     : 3154
  Top SiPM  photons     : 186585
  Scint photons generated: 12353232
  Total photons detected : 317573
  Detection efficiency   : 2.5708 %
  ROOT output           : photon_hits_run005.root
==============================


=== EJ Scintillator Bar Run Summary ===
  Run ID                : 5
  Events run            : 10000
  Events with ≥1 hit    : 10000
  End-left  photons     : 2052259
  End-right photons     : 51618
  Top SiPM  photons     : 2987772
  Scint photons generated: 198262997
  Total photons detected : 5091649
  Detection efficiency   : 2.5681 %
  ROOT output           : photon_hits_run005.root
==============================


=== Boundary Census (diagnostic) ===
  Bar -> reflector panel   : 1680344360
  Bar -> World (escaped)   : 136478791
  Bar -> Bar (TIR/refl)    : 0
  Bar -> SiPM (entering)   : 14667362
  Killed in WorldLV        : 143496083
====================================


=== Active Scintillator Baseline ===
  Material              : EJ204
  Yield                 : 10400.0000 ph/MeV
  Rise time tau_r       : 0.7000 ns
  Decay time tau_d      : 1.8000 ns
  Attenuation length    : 160.0000 cm
  Emission peak lambda  : 408.0000 nm
  Finite rise time      : enabled
=====================================
G4WT10 > 
=== EJ Scintillator Bar Run Summary ===
  Run ID                : 6
  Events run            : 700
  Events with ≥1 hit    : 700
  End-left  photons     : 101850
  End-right photons     : 3992
  Top SiPM  photons     : 233333
  Scint photons generated: 13765252
  Total photons detected : 339175
  Detection efficiency   : 2.4640 %
  ROOT output           : photon_hits_run006.root
==============================

G4WT2 > 
=== EJ Scintillator Bar Run Summary ===
  Run ID                : 6
  Events run            : 700
  Events with ≥1 hit    : 700
  End-left  photons     : 100723
  End-right photons     : 3917
  Top SiPM  photons     : 231632
  Scint photons generated: 13633418
  Total photons detected : 336272
  Detection efficiency   : 2.4665 %
  ROOT output           : photon_hits_run006.root
==============================

G4WT8 > 
=== EJ Scintillator Bar Run Summary ===
  Run ID                : 6
  Events run            : 600
  Events with ≥1 hit    : 600
  End-left  photons     : 87898
  End-right photons     : 3447
  Top SiPM  photons     : 201914
  Scint photons generated: 11889756
  Total photons detected : 293259
  Detection efficiency   : 2.4665 %
  ROOT output           : photon_hits_run006.root
==============================

G4WT1 > 
=== EJ Scintillator Bar Run Summary ===
  Run ID                : 6
  Events run            : 600
  Events with ≥1 hit    : 600
  End-left  photons     : 87514
  End-right photons     : 3461
  Top SiPM  photons     : 201027
  Scint photons generated: 11843226
  Total photons detected : 292002
  Detection efficiency   : 2.4656 %
  ROOT output           : photon_hits_run006.root
==============================

G4WT9 > 
=== EJ Scintillator Bar Run Summary ===
  Run ID                : 6
  Events run            : 600
  Events with ≥1 hit    : 600
  End-left  photons     : 88369
  End-right photons     : 3375
  Top SiPM  photons     : 203496
  Scint photons generated: 11947612
  Total photons detected : 295240
  Detection efficiency   : 2.4711 %
  ROOT output           : photon_hits_run006.root
==============================

G4WT6 > 
=== EJ Scintillator Bar Run Summary ===
  Run ID                : 6
  Events run            : 600
  Events with ≥1 hit    : 600
  End-left  photons     : 87634
  End-right photons     : 3426
  Top SiPM  photons     : 202482
  Scint photons generated: 11882705
  Total photons detected : 293542
  Detection efficiency   : 2.4703 %
  ROOT output           : photon_hits_run006.root
==============================

G4WT3 > 
=== EJ Scintillator Bar Run Summary ===
  Run ID                : 6
  Events run            : 600
  Events with ≥1 hit    : 600
  End-left  photons     : 88287
  End-right photons     : 3371
  Top SiPM  photons     : 203529
  Scint photons generated: 11947696
  Total photons detected : 295187
  Detection efficiency   : 2.4707 %
  ROOT output           : photon_hits_run006.root
==============================

G4WT4 > 
=== EJ Scintillator Bar Run Summary ===
  Run ID                : 6
  Events run            : 600
  Events with ≥1 hit    : 600
  End-left  photons     : 87128
  End-right photons     : 3366
  Top SiPM  photons     : 201746
  Scint photons generated: 11825641
  Total photons detected : 292240
  Detection efficiency   : 2.4712 %
  ROOT output           : photon_hits_run006.root
==============================

G4WT5 > 
=== EJ Scintillator Bar Run Summary ===
  Run ID                : 6
  Events run            : 700
  Events with ≥1 hit    : 700
  End-left  photons     : 100172
  End-right photons     : 3944
  Top SiPM  photons     : 232565
  Scint photons generated: 13670867
  Total photons detected : 336681
  Detection efficiency   : 2.4628 %
  ROOT output           : photon_hits_run006.root
==============================

G4WT15 > 
=== EJ Scintillator Bar Run Summary ===
  Run ID                : 6
  Events run            : 600
  Events with ≥1 hit    : 600
  End-left  photons     : 88622
  End-right photons     : 3433
  Top SiPM  photons     : 202767
  Scint photons generated: 11952653
  Total photons detected : 294822
  Detection efficiency   : 2.4666 %
  ROOT output           : photon_hits_run006.root
==============================

G4WT13 > 
=== EJ Scintillator Bar Run Summary ===
  Run ID                : 6
  Events run            : 600
  Events with ≥1 hit    : 600
  End-left  photons     : 86413
  End-right photons     : 3413
  Top SiPM  photons     : 199683
  Scint photons generated: 11741017
  Total photons detected : 289509
  Detection efficiency   : 2.4658 %
  ROOT output           : photon_hits_run006.root
==============================

G4WT0 > 
=== EJ Scintillator Bar Run Summary ===
  Run ID                : 6
  Events run            : 700
  Events with ≥1 hit    : 700
  End-left  photons     : 100085
  End-right photons     : 3929
  Top SiPM  photons     : 230158
  Scint photons generated: 13499439
  Total photons detected : 334172
  Detection efficiency   : 2.4755 %
  ROOT output           : photon_hits_run006.root
==============================

G4WT7 > 
=== EJ Scintillator Bar Run Summary ===
  Run ID                : 6
  Events run            : 600
  Events with ≥1 hit    : 600
  End-left  photons     : 87665
  End-right photons     : 3451
  Top SiPM  photons     : 201752
  Scint photons generated: 11830046
  Total photons detected : 292868
  Detection efficiency   : 2.4756 %
  ROOT output           : photon_hits_run006.root
==============================

G4WT14 > 
=== EJ Scintillator Bar Run Summary ===
  Run ID                : 6
  Events run            : 600
  Events with ≥1 hit    : 600
  End-left  photons     : 89685
  End-right photons     : 3408
  Top SiPM  photons     : 205680
  Scint photons generated: 12073553
  Total photons detected : 298773
  Detection efficiency   : 2.4746 %
  ROOT output           : photon_hits_run006.root
==============================

G4WT11 > 
=== EJ Scintillator Bar Run Summary ===
  Run ID                : 6
  Events run            : 600
  Events with ≥1 hit    : 600
  End-left  photons     : 88363
  End-right photons     : 3423
  Top SiPM  photons     : 204447
  Scint photons generated: 12014420
  Total photons detected : 296233
  Detection efficiency   : 2.4656 %
  ROOT output           : photon_hits_run006.root
==============================

G4WT12 > 
=== EJ Scintillator Bar Run Summary ===
  Run ID                : 6
  Events run            : 600
  Events with ≥1 hit    : 600
  End-left  photons     : 88901
  End-right photons     : 3403
  Top SiPM  photons     : 204183
  Scint photons generated: 12001448
  Total photons detected : 296487
  Detection efficiency   : 2.4704 %
  ROOT output           : photon_hits_run006.root
==============================


=== EJ Scintillator Bar Run Summary ===
  Run ID                : 6
  Events run            : 10000
  Events with ≥1 hit    : 10000
  End-left  photons     : 1459309
  End-right photons     : 56759
  Top SiPM  photons     : 3360394
  Scint photons generated: 197518749
  Total photons detected : 4876462
  Detection efficiency   : 2.4689 %
  ROOT output           : photon_hits_run006.root
==============================


=== Boundary Census (diagnostic) ===
  Bar -> reflector panel   : 1688810552
  Bar -> World (escaped)   : 136016592
  Bar -> Bar (TIR/refl)    : 0
  Bar -> SiPM (entering)   : 14052115
  Killed in WorldLV        : 144141795
====================================


=== Active Scintillator Baseline ===
  Material              : EJ204
  Yield                 : 10400.0000 ph/MeV
  Rise time tau_r       : 0.7000 ns
  Decay time tau_d      : 1.8000 ns
  Attenuation length    : 160.0000 cm
  Emission peak lambda  : 408.0000 nm
  Finite rise time      : enabled
=====================================
G4WT6 > 
=== EJ Scintillator Bar Run Summary ===
  Run ID                : 7
  Events run            : 600
  Events with ≥1 hit    : 600
  End-left  photons     : 65089
  End-right photons     : 3817
  Top SiPM  photons     : 192904
  Scint photons generated: 11854272
  Total photons detected : 261810
  Detection efficiency   : 2.2086 %
  ROOT output           : photon_hits_run007.root
==============================

G4WT12 > 
=== EJ Scintillator Bar Run Summary ===
  Run ID                : 7
  Events run            : 700
  Events with ≥1 hit    : 700
  End-left  photons     : 75551
  End-right photons     : 4411
  Top SiPM  photons     : 223766
  Scint photons generated: 13726285
  Total photons detected : 303728
  Detection efficiency   : 2.2127 %
  ROOT output           : photon_hits_run007.root
==============================

G4WT3 > 
=== EJ Scintillator Bar Run Summary ===
  Run ID                : 7
  Events run            : 600
  Events with ≥1 hit    : 600
  End-left  photons     : 65536
  End-right photons     : 3751
  Top SiPM  photons     : 193768
  Scint photons generated: 11929095
  Total photons detected : 263055
  Detection efficiency   : 2.2052 %
  ROOT output           : photon_hits_run007.root
==============================

G4WT7 > 
=== EJ Scintillator Bar Run Summary ===
  Run ID                : 7
  Events run            : 600
  Events with ≥1 hit    : 600
  End-left  photons     : 66133
  End-right photons     : 3771
  Top SiPM  photons     : 194169
  Scint photons generated: 11976722
  Total photons detected : 264073
  Detection efficiency   : 2.2049 %
  ROOT output           : photon_hits_run007.root
==============================

G4WT0 > 
=== EJ Scintillator Bar Run Summary ===
  Run ID                : 7
  Events run            : 600
  Events with ≥1 hit    : 600
  End-left  photons     : 65936
  End-right photons     : 3822
  Top SiPM  photons     : 194348
  Scint photons generated: 11974188
  Total photons detected : 264106
  Detection efficiency   : 2.2056 %
  ROOT output           : photon_hits_run007.root
==============================

G4WT1 > 
=== EJ Scintillator Bar Run Summary ===
  Run ID                : 7
  Events run            : 600
  Events with ≥1 hit    : 600
  End-left  photons     : 65200
  End-right photons     : 3809
  Top SiPM  photons     : 193955
  Scint photons generated: 11927165
  Total photons detected : 262964
  Detection efficiency   : 2.2047 %
  ROOT output           : photon_hits_run007.root
==============================

G4WT4 > 
=== EJ Scintillator Bar Run Summary ===
  Run ID                : 7
  Events run            : 600
  Events with ≥1 hit    : 600
  End-left  photons     : 66197
  End-right photons     : 3895
  Top SiPM  photons     : 195581
  Scint photons generated: 12060007
  Total photons detected : 265673
  Detection efficiency   : 2.2029 %
  ROOT output           : photon_hits_run007.root
==============================

G4WT8 > 
=== EJ Scintillator Bar Run Summary ===
  Run ID                : 7
  Events run            : 600
  Events with ≥1 hit    : 600
  End-left  photons     : 65304
  End-right photons     : 3956
  Top SiPM  photons     : 195575
  Scint photons generated: 12025962
  Total photons detected : 264835
  Detection efficiency   : 2.2022 %
  ROOT output           : photon_hits_run007.root
==============================

G4WT10 > 
=== EJ Scintillator Bar Run Summary ===
  Run ID                : 7
  Events run            : 700
  Events with ≥1 hit    : 700
  End-left  photons     : 74448
  End-right photons     : 4362
  Top SiPM  photons     : 220315
  Scint photons generated: 13578086
  Total photons detected : 299125
  Detection efficiency   : 2.2030 %
  ROOT output           : photon_hits_run007.root
==============================

G4WT13 > 
=== EJ Scintillator Bar Run Summary ===
  Run ID                : 7
  Events run            : 700
  Events with ≥1 hit    : 700
  End-left  photons     : 76074
  End-right photons     : 4383
  Top SiPM  photons     : 223619
  Scint photons generated: 13788421
  Total photons detected : 304076
  Detection efficiency   : 2.2053 %
  ROOT output           : photon_hits_run007.root
==============================

G4WT2 > 
=== EJ Scintillator Bar Run Summary ===
  Run ID                : 7
  Events run            : 600
  Events with ≥1 hit    : 600
  End-left  photons     : 66434
  End-right photons     : 3865
  Top SiPM  photons     : 197139
  Scint photons generated: 12078104
  Total photons detected : 267438
  Detection efficiency   : 2.2142 %
  ROOT output           : photon_hits_run007.root
==============================

G4WT5 > 
=== EJ Scintillator Bar Run Summary ===
  Run ID                : 7
  Events run            : 600
  Events with ≥1 hit    : 600
  End-left  photons     : 65772
  End-right photons     : 3820
  Top SiPM  photons     : 195733
  Scint photons generated: 12038924
  Total photons detected : 265325
  Detection efficiency   : 2.2039 %
  ROOT output           : photon_hits_run007.root
==============================

G4WT11 > 
=== EJ Scintillator Bar Run Summary ===
  Run ID                : 7
  Events run            : 700
  Events with ≥1 hit    : 700
  End-left  photons     : 76367
  End-right photons     : 4472
  Top SiPM  photons     : 226658
  Scint photons generated: 13881615
  Total photons detected : 307497
  Detection efficiency   : 2.2151 %
  ROOT output           : photon_hits_run007.root
==============================

G4WT9 > 
=== EJ Scintillator Bar Run Summary ===
  Run ID                : 7
  Events run            : 600
  Events with ≥1 hit    : 600
  End-left  photons     : 65335
  End-right photons     : 3743
  Top SiPM  photons     : 194587
  Scint photons generated: 11953538
  Total photons detected : 263665
  Detection efficiency   : 2.2057 %
  ROOT output           : photon_hits_run007.root
==============================

G4WT15 > 
=== EJ Scintillator Bar Run Summary ===
  Run ID                : 7
  Events run            : 600
  Events with ≥1 hit    : 600
  End-left  photons     : 66249
  End-right photons     : 3870
  Top SiPM  photons     : 196658
  Scint photons generated: 12057114
  Total photons detected : 266777
  Detection efficiency   : 2.2126 %
  ROOT output           : photon_hits_run007.root
==============================

G4WT14 > 
=== EJ Scintillator Bar Run Summary ===
  Run ID                : 7
  Events run            : 600
  Events with ≥1 hit    : 600
  End-left  photons     : 66556
  End-right photons     : 3795
  Top SiPM  photons     : 196007
  Scint photons generated: 12014604
  Total photons detected : 266358
  Detection efficiency   : 2.2170 %
  ROOT output           : photon_hits_run007.root
==============================


=== EJ Scintillator Bar Run Summary ===
  Run ID                : 7
  Events run            : 10000
  Events with ≥1 hit    : 10000
  End-left  photons     : 1092181
  End-right photons     : 63542
  Top SiPM  photons     : 3234782
  Scint photons generated: 198864102
  Total photons detected : 4390505
  Detection efficiency   : 2.2078 %
  ROOT output           : photon_hits_run007.root
==============================


=== Boundary Census (diagnostic) ===
  Bar -> reflector panel   : 1710402221
  Bar -> World (escaped)   : 138084088
  Bar -> Bar (TIR/refl)    : 0
  Bar -> SiPM (entering)   : 12644524
  Killed in WorldLV        : 145768009
====================================


=== Active Scintillator Baseline ===
  Material              : EJ204
  Yield                 : 10400.0000 ph/MeV
  Rise time tau_r       : 0.7000 ns
  Decay time tau_d      : 1.8000 ns
  Attenuation length    : 160.0000 cm
  Emission peak lambda  : 408.0000 nm
  Finite rise time      : enabled
=====================================
G4WT4 > 
=== EJ Scintillator Bar Run Summary ===
  Run ID                : 8
  Events run            : 700
  Events with ≥1 hit    : 700
  End-left  photons     : 57932
  End-right photons     : 4916
  Top SiPM  photons     : 208206
  Scint photons generated: 13786895
  Total photons detected : 271054
  Detection efficiency   : 1.9660 %
  ROOT output           : photon_hits_run008.root
==============================

G4WT11 > 
=== EJ Scintillator Bar Run Summary ===
  Run ID                : 8
  Events run            : 700
  Events with ≥1 hit    : 700
  End-left  photons     : 58269
  End-right photons     : 5083
  Top SiPM  photons     : 209480
  Scint photons generated: 13862984
  Total photons detected : 272832
  Detection efficiency   : 1.9681 %
  ROOT output           : photon_hits_run008.root
==============================

G4WT14 > 
=== EJ Scintillator Bar Run Summary ===
  Run ID                : 8
  Events run            : 600
  Events with ≥1 hit    : 600
  End-left  photons     : 50365
  End-right photons     : 4270
  Top SiPM  photons     : 179744
  Scint photons generated: 11926859
  Total photons detected : 234379
  Detection efficiency   : 1.9651 %
  ROOT output           : photon_hits_run008.root
==============================

G4WT12 > 
=== EJ Scintillator Bar Run Summary ===
  Run ID                : 8
  Events run            : 700
  Events with ≥1 hit    : 700
  End-left  photons     : 57313
  End-right photons     : 4904
  Top SiPM  photons     : 206315
  Scint photons generated: 13695667
  Total photons detected : 268532
  Detection efficiency   : 1.9607 %
  ROOT output           : photon_hits_run008.root
==============================

G4WT8 > 
=== EJ Scintillator Bar Run Summary ===
  Run ID                : 8
  Events run            : 600
  Events with ≥1 hit    : 600
  End-left  photons     : 49337
  End-right photons     : 4153
  Top SiPM  photons     : 178918
  Scint photons generated: 11817202
  Total photons detected : 232408
  Detection efficiency   : 1.9667 %
  ROOT output           : photon_hits_run008.root
==============================

G4WT2 > 
=== EJ Scintillator Bar Run Summary ===
  Run ID                : 8
  Events run            : 600
  Events with ≥1 hit    : 600
  End-left  photons     : 50321
  End-right photons     : 4242
  Top SiPM  photons     : 179196
  Scint photons generated: 11909641
  Total photons detected : 233759
  Detection efficiency   : 1.9628 %
  ROOT output           : photon_hits_run008.root
==============================

G4WT9 > 
=== EJ Scintillator Bar Run Summary ===
  Run ID                : 8
  Events run            : 600
  Events with ≥1 hit    : 600
  End-left  photons     : 50785
  End-right photons     : 4343
  Top SiPM  photons     : 181830
  Scint photons generated: 12034314
  Total photons detected : 236958
  Detection efficiency   : 1.9690 %
  ROOT output           : photon_hits_run008.root
==============================

G4WT3 > 
=== EJ Scintillator Bar Run Summary ===
  Run ID                : 8
  Events run            : 600
  Events with ≥1 hit    : 600
  End-left  photons     : 50353
  End-right photons     : 4325
  Top SiPM  photons     : 179517
  Scint photons generated: 11908569
  Total photons detected : 234195
  Detection efficiency   : 1.9666 %
  ROOT output           : photon_hits_run008.root
==============================

G4WT5 > 
=== EJ Scintillator Bar Run Summary ===
  Run ID                : 8
  Events run            : 600
  Events with ≥1 hit    : 600
  End-left  photons     : 50520
  End-right photons     : 4402
  Top SiPM  photons     : 181801
  Scint photons generated: 12103814
  Total photons detected : 236723
  Detection efficiency   : 1.9558 %
  ROOT output           : photon_hits_run008.root
==============================

G4WT6 > 
=== EJ Scintillator Bar Run Summary ===
  Run ID                : 8
  Events run            : 600
  Events with ≥1 hit    : 600
  End-left  photons     : 50457
  End-right photons     : 4403
  Top SiPM  photons     : 181191
  Scint photons generated: 11920296
  Total photons detected : 236051
  Detection efficiency   : 1.9802 %
  ROOT output           : photon_hits_run008.root
==============================

G4WT10 > 
=== EJ Scintillator Bar Run Summary ===
  Run ID                : 8
  Events run            : 600
  Events with ≥1 hit    : 600
  End-left  photons     : 50127
  End-right photons     : 4321
  Top SiPM  photons     : 179875
  Scint photons generated: 11958327
  Total photons detected : 234323
  Detection efficiency   : 1.9595 %
  ROOT output           : photon_hits_run008.root
==============================

G4WT13 > 
=== EJ Scintillator Bar Run Summary ===
  Run ID                : 8
  Events run            : 600
  Events with ≥1 hit    : 600
  End-left  photons     : 50850
  End-right photons     : 4305
  Top SiPM  photons     : 180778
  Scint photons generated: 12023301
  Total photons detected : 235933
  Detection efficiency   : 1.9623 %
  ROOT output           : photon_hits_run008.root
==============================

G4WT0 > 
=== EJ Scintillator Bar Run Summary ===
  Run ID                : 8
  Events run            : 600
  Events with ≥1 hit    : 600
  End-left  photons     : 50888
  End-right photons     : 4434
  Top SiPM  photons     : 182379
  Scint photons generated: 12084695
  Total photons detected : 237701
  Detection efficiency   : 1.9670 %
  ROOT output           : photon_hits_run008.root
==============================

G4WT1 > 
=== EJ Scintillator Bar Run Summary ===
  Run ID                : 8
  Events run            : 700
  Events with ≥1 hit    : 700
  End-left  photons     : 57760
  End-right photons     : 4968
  Top SiPM  photons     : 206372
  Scint photons generated: 13712207
  Total photons detected : 269100
  Detection efficiency   : 1.9625 %
  ROOT output           : photon_hits_run008.root
==============================

G4WT7 > 
=== EJ Scintillator Bar Run Summary ===
  Run ID                : 8
  Events run            : 600
  Events with ≥1 hit    : 600
  End-left  photons     : 50957
  End-right photons     : 4365
  Top SiPM  photons     : 182819
  Scint photons generated: 12130341
  Total photons detected : 238141
  Detection efficiency   : 1.9632 %
  ROOT output           : photon_hits_run008.root
==============================

G4WT15 > 
=== EJ Scintillator Bar Run Summary ===
  Run ID                : 8
  Events run            : 600
  Events with ≥1 hit    : 600
  End-left  photons     : 50069
  End-right photons     : 4209
  Top SiPM  photons     : 178864
  Scint photons generated: 11865114
  Total photons detected : 233142
  Detection efficiency   : 1.9649 %
  ROOT output           : photon_hits_run008.root
==============================


=== EJ Scintillator Bar Run Summary ===
  Run ID                : 8
  Events run            : 10000
  Events with ≥1 hit    : 10000
  End-left  photons     : 836303
  End-right photons     : 71643
  Top SiPM  photons     : 2997285
  Scint photons generated: 198740226
  Total photons detected : 3905231
  Detection efficiency   : 1.9650 %
  ROOT output           : photon_hits_run008.root
==============================


=== Boundary Census (diagnostic) ===
  Bar -> reflector panel   : 1716779373
  Bar -> World (escaped)   : 139149658
  Bar -> Bar (TIR/refl)    : 0
  Bar -> SiPM (entering)   : 11238982
  Killed in WorldLV        : 146119673
====================================


=== Active Scintillator Baseline ===
  Material              : EJ204
  Yield                 : 10400.0000 ph/MeV
  Rise time tau_r       : 0.7000 ns
  Decay time tau_d      : 1.8000 ns
  Attenuation length    : 160.0000 cm
  Emission peak lambda  : 408.0000 nm
  Finite rise time      : enabled
=====================================
G4WT12 > 
=== EJ Scintillator Bar Run Summary ===
  Run ID                : 9
  Events run            : 700
  Events with ≥1 hit    : 700
  End-left  photons     : 45063
  End-right photons     : 5693
  Top SiPM  photons     : 224814
  Scint photons generated: 13771197
  Total photons detected : 275570
  Detection efficiency   : 2.0011 %
  ROOT output           : photon_hits_run009.root
==============================

G4WT10 > 
=== EJ Scintillator Bar Run Summary ===
  Run ID                : 9
  Events run            : 700
  Events with ≥1 hit    : 700
  End-left  photons     : 44850
  End-right photons     : 5686
  Top SiPM  photons     : 225492
  Scint photons generated: 13760645
  Total photons detected : 276028
  Detection efficiency   : 2.0059 %
  ROOT output           : photon_hits_run009.root
==============================

G4WT1 > 
=== EJ Scintillator Bar Run Summary ===
  Run ID                : 9
  Events run            : 600
  Events with ≥1 hit    : 600
  End-left  photons     : 39143
  End-right photons     : 4815
  Top SiPM  photons     : 193793
  Scint photons generated: 11835586
  Total photons detected : 237751
  Detection efficiency   : 2.0088 %
  ROOT output           : photon_hits_run009.root
==============================

G4WT11 > 
=== EJ Scintillator Bar Run Summary ===
  Run ID                : 9
  Events run            : 600
  Events with ≥1 hit    : 600
  End-left  photons     : 39289
  End-right photons     : 4847
  Top SiPM  photons     : 196170
  Scint photons generated: 11954852
  Total photons detected : 240306
  Detection efficiency   : 2.0101 %
  ROOT output           : photon_hits_run009.root
==============================

G4WT5 > 
=== EJ Scintillator Bar Run Summary ===
  Run ID                : 9
  Events run            : 600
  Events with ≥1 hit    : 600
  End-left  photons     : 39076
  End-right photons     : 4800
  Top SiPM  photons     : 195547
  Scint photons generated: 11907350
  Total photons detected : 239423
  Detection efficiency   : 2.0107 %
  ROOT output           : photon_hits_run009.root
==============================

G4WT15 > 
=== EJ Scintillator Bar Run Summary ===
  Run ID                : 9
  Events run            : 600
  Events with ≥1 hit    : 600
  End-left  photons     : 40229
  End-right photons     : 5032
  Top SiPM  photons     : 199528
  Scint photons generated: 12195313
  Total photons detected : 244789
  Detection efficiency   : 2.0072 %
  ROOT output           : photon_hits_run009.root
==============================

G4WT2 > 
=== EJ Scintillator Bar Run Summary ===
  Run ID                : 9
  Events run            : 700
  Events with ≥1 hit    : 700
  End-left  photons     : 45408
  End-right photons     : 5689
  Top SiPM  photons     : 225549
  Scint photons generated: 13725483
  Total photons detected : 276646
  Detection efficiency   : 2.0156 %
  ROOT output           : photon_hits_run009.root
==============================

G4WT13 > 
=== EJ Scintillator Bar Run Summary ===
  Run ID                : 9
  Events run            : 600
  Events with ≥1 hit    : 600
  End-left  photons     : 39533
  End-right photons     : 4859
  Top SiPM  photons     : 196686
  Scint photons generated: 12016859
  Total photons detected : 241078
  Detection efficiency   : 2.0062 %
  ROOT output           : photon_hits_run009.root
==============================

G4WT3 > 
=== EJ Scintillator Bar Run Summary ===
  Run ID                : 9
  Events run            : 600
  Events with ≥1 hit    : 600
  End-left  photons     : 39004
  End-right photons     : 5002
  Top SiPM  photons     : 195147
  Scint photons generated: 11902351
  Total photons detected : 239153
  Detection efficiency   : 2.0093 %
  ROOT output           : photon_hits_run009.root
==============================

G4WT0 > 
=== EJ Scintillator Bar Run Summary ===
  Run ID                : 9
  Events run            : 600
  Events with ≥1 hit    : 600
  End-left  photons     : 38763
  End-right photons     : 4906
  Top SiPM  photons     : 193270
  Scint photons generated: 11803328
  Total photons detected : 236939
  Detection efficiency   : 2.0074 %
  ROOT output           : photon_hits_run009.root
==============================

G4WT7 > 
=== EJ Scintillator Bar Run Summary ===
  Run ID                : 9
  Events run            : 700
  Events with ≥1 hit    : 700
  End-left  photons     : 44749
  End-right photons     : 5647
  Top SiPM  photons     : 223872
  Scint photons generated: 13661308
  Total photons detected : 274268
  Detection efficiency   : 2.0076 %
  ROOT output           : photon_hits_run009.root
==============================

G4WT8 > 
=== EJ Scintillator Bar Run Summary ===
  Run ID                : 9
  Events run            : 600
  Events with ≥1 hit    : 600
  End-left  photons     : 38907
  End-right photons     : 4995
  Top SiPM  photons     : 194002
  Scint photons generated: 11866944
  Total photons detected : 237904
  Detection efficiency   : 2.0048 %
  ROOT output           : photon_hits_run009.root
==============================

G4WT9 > 
=== EJ Scintillator Bar Run Summary ===
  Run ID                : 9
  Events run            : 600
  Events with ≥1 hit    : 600
  End-left  photons     : 38897
  End-right photons     : 4849
  Top SiPM  photons     : 193858
  Scint photons generated: 11834990
  Total photons detected : 237604
  Detection efficiency   : 2.0076 %
  ROOT output           : photon_hits_run009.root
==============================

G4WT4 > 
=== EJ Scintillator Bar Run Summary ===
  Run ID                : 9
  Events run            : 600
  Events with ≥1 hit    : 600
  End-left  photons     : 38771
  End-right photons     : 4921
  Top SiPM  photons     : 194401
  Scint photons generated: 11899634
  Total photons detected : 238093
  Detection efficiency   : 2.0008 %
  ROOT output           : photon_hits_run009.root
==============================

G4WT14 > 
=== EJ Scintillator Bar Run Summary ===
  Run ID                : 9
  Events run            : 600
  Events with ≥1 hit    : 600
  End-left  photons     : 39314
  End-right photons     : 4903
  Top SiPM  photons     : 195908
  Scint photons generated: 11990384
  Total photons detected : 240125
  Detection efficiency   : 2.0026 %
  ROOT output           : photon_hits_run009.root
==============================

G4WT6 > 
=== EJ Scintillator Bar Run Summary ===
  Run ID                : 9
  Events run            : 600
  Events with ≥1 hit    : 600
  End-left  photons     : 39773
  End-right photons     : 4875
  Top SiPM  photons     : 198484
  Scint photons generated: 12111232
  Total photons detected : 243132
  Detection efficiency   : 2.0075 %
  ROOT output           : photon_hits_run009.root
==============================


=== EJ Scintillator Bar Run Summary ===
  Run ID                : 9
  Events run            : 10000
  Events with ≥1 hit    : 10000
  End-left  photons     : 650769
  End-right photons     : 81519
  Top SiPM  photons     : 3246521
  Scint photons generated: 198237456
  Total photons detected : 3978809
  Detection efficiency   : 2.0071 %
  ROOT output           : photon_hits_run009.root
==============================


=== Boundary Census (diagnostic) ===
  Bar -> reflector panel   : 1717468139
  Bar -> World (escaped)   : 138370930
  Bar -> Bar (TIR/refl)    : 0
  Bar -> SiPM (entering)   : 11462550
  Killed in WorldLV        : 146070305
====================================


=== Active Scintillator Baseline ===
  Material              : EJ204
  Yield                 : 10400.0000 ph/MeV
  Rise time tau_r       : 0.7000 ns
  Decay time tau_d      : 1.8000 ns
  Attenuation length    : 160.0000 cm
  Emission peak lambda  : 408.0000 nm
  Finite rise time      : enabled
=====================================
G4WT7 > 
=== EJ Scintillator Bar Run Summary ===
  Run ID                : 10
  Events run            : 700
  Events with ≥1 hit    : 700
  End-left  photons     : 35803
  End-right photons     : 6379
  Top SiPM  photons     : 235911
  Scint photons generated: 13738380
  Total photons detected : 278093
  Detection efficiency   : 2.0242 %
  ROOT output           : photon_hits_run010.root
==============================

G4WT13 > 
=== EJ Scintillator Bar Run Summary ===
  Run ID                : 10
  Events run            : 700
  Events with ≥1 hit    : 700
  End-left  photons     : 35810
  End-right photons     : 6294
  Top SiPM  photons     : 235132
  Scint photons generated: 13678304
  Total photons detected : 277236
  Detection efficiency   : 2.0268 %
  ROOT output           : photon_hits_run010.root
==============================

G4WT3 > 
=== EJ Scintillator Bar Run Summary ===
  Run ID                : 10
  Events run            : 600
  Events with ≥1 hit    : 600
  End-left  photons     : 30571
  End-right photons     : 5558
  Top SiPM  photons     : 202801
  Scint photons generated: 11780249
  Total photons detected : 238930
  Detection efficiency   : 2.0282 %
  ROOT output           : photon_hits_run010.root
==============================

G4WT4 > 
=== EJ Scintillator Bar Run Summary ===
  Run ID                : 10
  Events run            : 600
  Events with ≥1 hit    : 600
  End-left  photons     : 30651
  End-right photons     : 5634
  Top SiPM  photons     : 204235
  Scint photons generated: 11848091
  Total photons detected : 240520
  Detection efficiency   : 2.0300 %
  ROOT output           : photon_hits_run010.root
==============================

G4WT1 > 
=== EJ Scintillator Bar Run Summary ===
  Run ID                : 10
  Events run            : 700
  Events with ≥1 hit    : 700
  End-left  photons     : 35950
  End-right photons     : 6467
  Top SiPM  photons     : 237172
  Scint photons generated: 13723458
  Total photons detected : 279589
  Detection efficiency   : 2.0373 %
  ROOT output           : photon_hits_run010.root
==============================

G4WT8 > 
=== EJ Scintillator Bar Run Summary ===
  Run ID                : 10
  Events run            : 600
  Events with ≥1 hit    : 600
  End-left  photons     : 31412
  End-right photons     : 5622
  Top SiPM  photons     : 206586
  Scint photons generated: 11983176
  Total photons detected : 243620
  Detection efficiency   : 2.0330 %
  ROOT output           : photon_hits_run010.root
==============================

G4WT0 > 
=== EJ Scintillator Bar Run Summary ===
  Run ID                : 10
  Events run            : 600
  Events with ≥1 hit    : 600
  End-left  photons     : 31693
  End-right photons     : 5539
  Top SiPM  photons     : 207680
  Scint photons generated: 12057313
  Total photons detected : 244912
  Detection efficiency   : 2.0312 %
  ROOT output           : photon_hits_run010.root
==============================

G4WT15 > 
=== EJ Scintillator Bar Run Summary ===
  Run ID                : 10
  Events run            : 600
  Events with ≥1 hit    : 600
  End-left  photons     : 31470
  End-right photons     : 5583
  Top SiPM  photons     : 206791
  Scint photons generated: 12016035
  Total photons detected : 243844
  Detection efficiency   : 2.0293 %
  ROOT output           : photon_hits_run010.root
==============================

G4WT2 > 
=== EJ Scintillator Bar Run Summary ===
  Run ID                : 10
  Events run            : 600
  Events with ≥1 hit    : 600
  End-left  photons     : 31238
  End-right photons     : 5602
  Top SiPM  photons     : 205406
  Scint photons generated: 11880747
  Total photons detected : 242246
  Detection efficiency   : 2.0390 %
  ROOT output           : photon_hits_run010.root
==============================

G4WT14 > 
=== EJ Scintillator Bar Run Summary ===
  Run ID                : 10
  Events run            : 700
  Events with ≥1 hit    : 700
  End-left  photons     : 35889
  End-right photons     : 6392
  Top SiPM  photons     : 237382
  Scint photons generated: 13740629
  Total photons detected : 279663
  Detection efficiency   : 2.0353 %
  ROOT output           : photon_hits_run010.root
==============================

G4WT10 > 
=== EJ Scintillator Bar Run Summary ===
  Run ID                : 10
  Events run            : 600
  Events with ≥1 hit    : 600
  End-left  photons     : 31087
  End-right photons     : 5503
  Top SiPM  photons     : 205280
  Scint photons generated: 11918506
  Total photons detected : 241870
  Detection efficiency   : 2.0294 %
  ROOT output           : photon_hits_run010.root
==============================

G4WT12 > 
=== EJ Scintillator Bar Run Summary ===
  Run ID                : 10
  Events run            : 600
  Events with ≥1 hit    : 600
  End-left  photons     : 30891
  End-right photons     : 5540
  Top SiPM  photons     : 205229
  Scint photons generated: 11865647
  Total photons detected : 241660
  Detection efficiency   : 2.0366 %
  ROOT output           : photon_hits_run010.root
==============================

G4WT6 > 
=== EJ Scintillator Bar Run Summary ===
  Run ID                : 10
  Events run            : 600
  Events with ≥1 hit    : 600
  End-left  photons     : 30835
  End-right photons     : 5413
  Top SiPM  photons     : 202650
  Scint photons generated: 11758575
  Total photons detected : 238898
  Detection efficiency   : 2.0317 %
  ROOT output           : photon_hits_run010.root
==============================

G4WT5 > 
=== EJ Scintillator Bar Run Summary ===
  Run ID                : 10
  Events run            : 600
  Events with ≥1 hit    : 600
  End-left  photons     : 30997
  End-right photons     : 5600
  Top SiPM  photons     : 204711
  Scint photons generated: 11863580
  Total photons detected : 241308
  Detection efficiency   : 2.0340 %
  ROOT output           : photon_hits_run010.root
==============================

G4WT11 > 
=== EJ Scintillator Bar Run Summary ===
  Run ID                : 10
  Events run            : 600
  Events with ≥1 hit    : 600
  End-left  photons     : 31085
  End-right photons     : 5620
  Top SiPM  photons     : 205278
  Scint photons generated: 11913894
  Total photons detected : 241983
  Detection efficiency   : 2.0311 %
  ROOT output           : photon_hits_run010.root
==============================

G4WT9 > 
=== EJ Scintillator Bar Run Summary ===
  Run ID                : 10
  Events run            : 600
  Events with ≥1 hit    : 600
  End-left  photons     : 31363
  End-right photons     : 5541
  Top SiPM  photons     : 205064
  Scint photons generated: 11884479
  Total photons detected : 241968
  Detection efficiency   : 2.0360 %
  ROOT output           : photon_hits_run010.root
==============================


=== EJ Scintillator Bar Run Summary ===
  Run ID                : 10
  Events run            : 10000
  Events with ≥1 hit    : 10000
  End-left  photons     : 516745
  End-right photons     : 92287
  Top SiPM  photons     : 3407308
  Scint photons generated: 197651063
  Total photons detected : 4016340
  Detection efficiency   : 2.0320 %
  ROOT output           : photon_hits_run010.root
==============================


=== Boundary Census (diagnostic) ===
  Bar -> reflector panel   : 1716154544
  Bar -> World (escaped)   : 137699705
  Bar -> Bar (TIR/refl)    : 0
  Bar -> SiPM (entering)   : 11572931
  Killed in WorldLV        : 145907825
====================================


=== Active Scintillator Baseline ===
  Material              : EJ204
  Yield                 : 10400.0000 ph/MeV
  Rise time tau_r       : 0.7000 ns
  Decay time tau_d      : 1.8000 ns
  Attenuation length    : 160.0000 cm
  Emission peak lambda  : 408.0000 nm
  Finite rise time      : enabled
=====================================
G4WT10 > 
=== EJ Scintillator Bar Run Summary ===
  Run ID                : 11
  Events run            : 600
  Events with ≥1 hit    : 600
  End-left  photons     : 25361
  End-right photons     : 6333
  Top SiPM  photons     : 185562
  Scint photons generated: 11988427
  Total photons detected : 217256
  Detection efficiency   : 1.8122 %
  ROOT output           : photon_hits_run011.root
==============================

G4WT11 > 
=== EJ Scintillator Bar Run Summary ===
  Run ID                : 11
  Events run            : 700
  Events with ≥1 hit    : 700
  End-left  photons     : 29480
  End-right photons     : 7435
  Top SiPM  photons     : 214816
  Scint photons generated: 13837259
  Total photons detected : 251731
  Detection efficiency   : 1.8192 %
  ROOT output           : photon_hits_run011.root
==============================

G4WT0 > 
=== EJ Scintillator Bar Run Summary ===
  Run ID                : 11
  Events run            : 600
  Events with ≥1 hit    : 600
  End-left  photons     : 25601
  End-right photons     : 6450
  Top SiPM  photons     : 185682
  Scint photons generated: 11921864
  Total photons detected : 217733
  Detection efficiency   : 1.8263 %
  ROOT output           : photon_hits_run011.root
==============================

G4WT1 > 
=== EJ Scintillator Bar Run Summary ===
  Run ID                : 11
  Events run            : 600
  Events with ≥1 hit    : 600
  End-left  photons     : 25524
  End-right photons     : 6368
  Top SiPM  photons     : 186363
  Scint photons generated: 12028240
  Total photons detected : 218255
  Detection efficiency   : 1.8145 %
  ROOT output           : photon_hits_run011.root
==============================

G4WT8 > 
=== EJ Scintillator Bar Run Summary ===
  Run ID                : 11
  Events run            : 600
  Events with ≥1 hit    : 600
  End-left  photons     : 25347
  End-right photons     : 6492
  Top SiPM  photons     : 185799
  Scint photons generated: 12020291
  Total photons detected : 217638
  Detection efficiency   : 1.8106 %
  ROOT output           : photon_hits_run011.root
==============================

G4WT9 > 
=== EJ Scintillator Bar Run Summary ===
  Run ID                : 11
  Events run            : 600
  Events with ≥1 hit    : 600
  End-left  photons     : 25023
  End-right photons     : 6514
  Top SiPM  photons     : 184359
  Scint photons generated: 11879688
  Total photons detected : 215896
  Detection efficiency   : 1.8174 %
  ROOT output           : photon_hits_run011.root
==============================

G4WT2 > 
=== EJ Scintillator Bar Run Summary ===
  Run ID                : 11
  Events run            : 600
  Events with ≥1 hit    : 600
  End-left  photons     : 25341
  End-right photons     : 6362
  Top SiPM  photons     : 184635
  Scint photons generated: 11880385
  Total photons detected : 216338
  Detection efficiency   : 1.8210 %
  ROOT output           : photon_hits_run011.root
==============================

G4WT5 > 
=== EJ Scintillator Bar Run Summary ===
  Run ID                : 11
  Events run            : 700
  Events with ≥1 hit    : 700
  End-left  photons     : 28743
  End-right photons     : 7402
  Top SiPM  photons     : 210820
  Scint photons generated: 13580587
  Total photons detected : 246965
  Detection efficiency   : 1.8185 %
  ROOT output           : photon_hits_run011.root
==============================

G4WT3 > 
=== EJ Scintillator Bar Run Summary ===
  Run ID                : 11
  Events run            : 600
  Events with ≥1 hit    : 600
  End-left  photons     : 25475
  End-right photons     : 6416
  Top SiPM  photons     : 187330
  Scint photons generated: 12118787
  Total photons detected : 219221
  Detection efficiency   : 1.8089 %
  ROOT output           : photon_hits_run011.root
==============================

G4WT13 > 
=== EJ Scintillator Bar Run Summary ===
  Run ID                : 11
  Events run            : 700
  Events with ≥1 hit    : 700
  End-left  photons     : 28889
  End-right photons     : 7144
  Top SiPM  photons     : 212805
  Scint photons generated: 13695834
  Total photons detected : 248838
  Detection efficiency   : 1.8169 %
  ROOT output           : photon_hits_run011.root
==============================

G4WT4 > 
=== EJ Scintillator Bar Run Summary ===
  Run ID                : 11
  Events run            : 600
  Events with ≥1 hit    : 600
  End-left  photons     : 25161
  End-right photons     : 6352
  Top SiPM  photons     : 184500
  Scint photons generated: 11906605
  Total photons detected : 216013
  Detection efficiency   : 1.8142 %
  ROOT output           : photon_hits_run011.root
==============================

G4WT14 > 
=== EJ Scintillator Bar Run Summary ===
  Run ID                : 11
  Events run            : 600
  Events with ≥1 hit    : 600
  End-left  photons     : 25359
  End-right photons     : 6591
  Top SiPM  photons     : 184853
  Scint photons generated: 11919957
  Total photons detected : 216803
  Detection efficiency   : 1.8188 %
  ROOT output           : photon_hits_run011.root
==============================

G4WT15 > 
=== EJ Scintillator Bar Run Summary ===
  Run ID                : 11
  Events run            : 600
  Events with ≥1 hit    : 600
  End-left  photons     : 24858
  End-right photons     : 6206
  Top SiPM  photons     : 184397
  Scint photons generated: 11879370
  Total photons detected : 215461
  Detection efficiency   : 1.8137 %
  ROOT output           : photon_hits_run011.root
==============================

G4WT12 > 
=== EJ Scintillator Bar Run Summary ===
  Run ID                : 11
  Events run            : 600
  Events with ≥1 hit    : 600
  End-left  photons     : 25129
  End-right photons     : 6467
  Top SiPM  photons     : 186152
  Scint photons generated: 11985116
  Total photons detected : 217748
  Detection efficiency   : 1.8168 %
  ROOT output           : photon_hits_run011.root
==============================

G4WT6 > 
=== EJ Scintillator Bar Run Summary ===
  Run ID                : 11
  Events run            : 600
  Events with ≥1 hit    : 600
  End-left  photons     : 25294
  End-right photons     : 6307
  Top SiPM  photons     : 185842
  Scint photons generated: 11978846
  Total photons detected : 217443
  Detection efficiency   : 1.8152 %
  ROOT output           : photon_hits_run011.root
==============================

G4WT7 > 
=== EJ Scintillator Bar Run Summary ===
  Run ID                : 11
  Events run            : 700
  Events with ≥1 hit    : 700
  End-left  photons     : 28703
  End-right photons     : 7317
  Top SiPM  photons     : 210974
  Scint photons generated: 13576384
  Total photons detected : 246994
  Detection efficiency   : 1.8193 %
  ROOT output           : photon_hits_run011.root
==============================


=== EJ Scintillator Bar Run Summary ===
  Run ID                : 11
  Events run            : 10000
  Events with ≥1 hit    : 10000
  End-left  photons     : 419288
  End-right photons     : 106156
  Top SiPM  photons     : 3074889
  Scint photons generated: 198197640
  Total photons detected : 3600333
  Detection efficiency   : 1.8165 %
  ROOT output           : photon_hits_run011.root
==============================


=== Boundary Census (diagnostic) ===
  Bar -> reflector panel   : 1723105883
  Bar -> World (escaped)   : 139214106
  Bar -> Bar (TIR/refl)    : 0
  Bar -> SiPM (entering)   : 10366109
  Killed in WorldLV        : 146396108
====================================


=== Active Scintillator Baseline ===
  Material              : EJ204
  Yield                 : 10400.0000 ph/MeV
  Rise time tau_r       : 0.7000 ns
  Decay time tau_d      : 1.8000 ns
  Attenuation length    : 160.0000 cm
  Emission peak lambda  : 408.0000 nm
  Finite rise time      : enabled
=====================================
G4WT1 > 
=== EJ Scintillator Bar Run Summary ===
  Run ID                : 12
  Events run            : 700
  Events with ≥1 hit    : 700
  End-left  photons     : 23651
  End-right photons     : 8623
  Top SiPM  photons     : 211225
  Scint photons generated: 13640270
  Total photons detected : 243499
  Detection efficiency   : 1.7851 %
  ROOT output           : photon_hits_run012.root
==============================

G4WT11 > 
=== EJ Scintillator Bar Run Summary ===
  Run ID                : 12
  Events run            : 700
  Events with ≥1 hit    : 700
  End-left  photons     : 23533
  End-right photons     : 8407
  Top SiPM  photons     : 213314
  Scint photons generated: 13712471
  Total photons detected : 245254
  Detection efficiency   : 1.7885 %
  ROOT output           : photon_hits_run012.root
==============================

G4WT3 > 
=== EJ Scintillator Bar Run Summary ===
  Run ID                : 12
  Events run            : 600
  Events with ≥1 hit    : 600
  End-left  photons     : 20475
  End-right photons     : 7340
  Top SiPM  photons     : 184414
  Scint photons generated: 11895342
  Total photons detected : 212229
  Detection efficiency   : 1.7841 %
  ROOT output           : photon_hits_run012.root
==============================

G4WT5 > 
=== EJ Scintillator Bar Run Summary ===
  Run ID                : 12
  Events run            : 600
  Events with ≥1 hit    : 600
  End-left  photons     : 20524
  End-right photons     : 7360
  Top SiPM  photons     : 184748
  Scint photons generated: 11882977
  Total photons detected : 212632
  Detection efficiency   : 1.7894 %
  ROOT output           : photon_hits_run012.root
==============================

G4WT8 > 
=== EJ Scintillator Bar Run Summary ===
  Run ID                : 12
  Events run            : 600
  Events with ≥1 hit    : 600
  End-left  photons     : 20524
  End-right photons     : 7475
  Top SiPM  photons     : 185909
  Scint photons generated: 11993540
  Total photons detected : 213908
  Detection efficiency   : 1.7835 %
  ROOT output           : photon_hits_run012.root
==============================

G4WT13 > 
=== EJ Scintillator Bar Run Summary ===
  Run ID                : 12
  Events run            : 600
  Events with ≥1 hit    : 600
  End-left  photons     : 20860
  End-right photons     : 7438
  Top SiPM  photons     : 185710
  Scint photons generated: 11944185
  Total photons detected : 214008
  Detection efficiency   : 1.7917 %
  ROOT output           : photon_hits_run012.root
==============================

G4WT14 > 
=== EJ Scintillator Bar Run Summary ===
  Run ID                : 12
  Events run            : 600
  Events with ≥1 hit    : 600
  End-left  photons     : 20624
  End-right photons     : 7540
  Top SiPM  photons     : 184974
  Scint photons generated: 11915497
  Total photons detected : 213138
  Detection efficiency   : 1.7887 %
  ROOT output           : photon_hits_run012.root
==============================

G4WT9 > 
=== EJ Scintillator Bar Run Summary ===
  Run ID                : 12
  Events run            : 600
  Events with ≥1 hit    : 600
  End-left  photons     : 20719
  End-right photons     : 7615
  Top SiPM  photons     : 186801
  Scint photons generated: 11992235
  Total photons detected : 215135
  Detection efficiency   : 1.7940 %
  ROOT output           : photon_hits_run012.root
==============================

G4WT10 > 
=== EJ Scintillator Bar Run Summary ===
  Run ID                : 12
  Events run            : 700
  Events with ≥1 hit    : 700
  End-left  photons     : 23827
  End-right photons     : 8642
  Top SiPM  photons     : 214979
  Scint photons generated: 13830425
  Total photons detected : 247448
  Detection efficiency   : 1.7892 %
  ROOT output           : photon_hits_run012.root
==============================

G4WT12 > 
=== EJ Scintillator Bar Run Summary ===
  Run ID                : 12
  Events run            : 600
  Events with ≥1 hit    : 600
  End-left  photons     : 20424
  End-right photons     : 7473
  Top SiPM  photons     : 185351
  Scint photons generated: 11980832
  Total photons detected : 213248
  Detection efficiency   : 1.7799 %
  ROOT output           : photon_hits_run012.root
==============================

G4WT4 > 
=== EJ Scintillator Bar Run Summary ===
  Run ID                : 12
  Events run            : 600
  Events with ≥1 hit    : 600
  End-left  photons     : 20678
  End-right photons     : 7434
  Top SiPM  photons     : 187250
  Scint photons generated: 12066385
  Total photons detected : 215362
  Detection efficiency   : 1.7848 %
  ROOT output           : photon_hits_run012.root
==============================

G4WT6 > 
=== EJ Scintillator Bar Run Summary ===
  Run ID                : 12
  Events run            : 700
  Events with ≥1 hit    : 700
  End-left  photons     : 23669
  End-right photons     : 8434
  Top SiPM  photons     : 211185
  Scint photons generated: 13591483
  Total photons detected : 243288
  Detection efficiency   : 1.7900 %
  ROOT output           : photon_hits_run012.root
==============================

G4WT7 > 
=== EJ Scintillator Bar Run Summary ===
  Run ID                : 12
  Events run            : 600
  Events with ≥1 hit    : 600
  End-left  photons     : 20632
  End-right photons     : 7388
  Top SiPM  photons     : 185954
  Scint photons generated: 11962668
  Total photons detected : 213974
  Detection efficiency   : 1.7887 %
  ROOT output           : photon_hits_run012.root
==============================

G4WT15 > 
=== EJ Scintillator Bar Run Summary ===
  Run ID                : 12
  Events run            : 600
  Events with ≥1 hit    : 600
  End-left  photons     : 20988
  End-right photons     : 7529
  Top SiPM  photons     : 188319
  Scint photons generated: 12098480
  Total photons detected : 216836
  Detection efficiency   : 1.7923 %
  ROOT output           : photon_hits_run012.root
==============================

G4WT0 > 
=== EJ Scintillator Bar Run Summary ===
  Run ID                : 12
  Events run            : 600
  Events with ≥1 hit    : 600
  End-left  photons     : 20308
  End-right photons     : 7360
  Top SiPM  photons     : 185023
  Scint photons generated: 11919223
  Total photons detected : 212691
  Detection efficiency   : 1.7844 %
  ROOT output           : photon_hits_run012.root
==============================

G4WT2 > 
=== EJ Scintillator Bar Run Summary ===
  Run ID                : 12
  Events run            : 600
  Events with ≥1 hit    : 600
  End-left  photons     : 20644
  End-right photons     : 7335
  Top SiPM  photons     : 183242
  Scint photons generated: 11835965
  Total photons detected : 211221
  Detection efficiency   : 1.7846 %
  ROOT output           : photon_hits_run012.root
==============================


=== EJ Scintillator Bar Run Summary ===
  Run ID                : 12
  Events run            : 10000
  Events with ≥1 hit    : 10000
  End-left  photons     : 342080
  End-right photons     : 123393
  Top SiPM  photons     : 3078398
  Scint photons generated: 198261978
  Total photons detected : 3543871
  Detection efficiency   : 1.7875 %
  ROOT output           : photon_hits_run012.root
==============================


=== Boundary Census (diagnostic) ===
  Bar -> reflector panel   : 1725541778
  Bar -> World (escaped)   : 139349917
  Bar -> Bar (TIR/refl)    : 0
  Bar -> SiPM (entering)   : 10207973
  Killed in WorldLV        : 146540564
====================================


=== Active Scintillator Baseline ===
  Material              : EJ204
  Yield                 : 10400.0000 ph/MeV
  Rise time tau_r       : 0.7000 ns
  Decay time tau_d      : 1.8000 ns
  Attenuation length    : 160.0000 cm
  Emission peak lambda  : 408.0000 nm
  Finite rise time      : enabled
=====================================
G4WT5 > 
=== EJ Scintillator Bar Run Summary ===
  Run ID                : 13
  Events run            : 700
  Events with ≥1 hit    : 700
  End-left  photons     : 19579
  End-right photons     : 9783
  Top SiPM  photons     : 237262
  Scint photons generated: 13700977
  Total photons detected : 266624
  Detection efficiency   : 1.9460 %
  ROOT output           : photon_hits_run013.root
==============================

G4WT0 > 
=== EJ Scintillator Bar Run Summary ===
  Run ID                : 13
  Events run            : 700
  Events with ≥1 hit    : 700
  End-left  photons     : 19668
  End-right photons     : 9842
  Top SiPM  photons     : 238913
  Scint photons generated: 13799472
  Total photons detected : 268423
  Detection efficiency   : 1.9452 %
  ROOT output           : photon_hits_run013.root
==============================

G4WT3 > 
=== EJ Scintillator Bar Run Summary ===
  Run ID                : 13
  Events run            : 600
  Events with ≥1 hit    : 600
  End-left  photons     : 16924
  End-right photons     : 8520
  Top SiPM  photons     : 203255
  Scint photons generated: 11816720
  Total photons detected : 228699
  Detection efficiency   : 1.9354 %
  ROOT output           : photon_hits_run013.root
==============================

G4WT15 > 
=== EJ Scintillator Bar Run Summary ===
  Run ID                : 13
  Events run            : 600
  Events with ≥1 hit    : 600
  End-left  photons     : 16787
  End-right photons     : 8369
  Top SiPM  photons     : 203612
  Scint photons generated: 11759225
  Total photons detected : 228768
  Detection efficiency   : 1.9454 %
  ROOT output           : photon_hits_run013.root
==============================

G4WT12 > 
=== EJ Scintillator Bar Run Summary ===
  Run ID                : 13
  Events run            : 600
  Events with ≥1 hit    : 600
  End-left  photons     : 16948
  End-right photons     : 8605
  Top SiPM  photons     : 204951
  Scint photons generated: 11857536
  Total photons detected : 230504
  Detection efficiency   : 1.9439 %
  ROOT output           : photon_hits_run013.root
==============================

G4WT2 > 
=== EJ Scintillator Bar Run Summary ===
  Run ID                : 13
  Events run            : 600
  Events with ≥1 hit    : 600
  End-left  photons     : 17088
  End-right photons     : 8717
  Top SiPM  photons     : 205984
  Scint photons generated: 11882100
  Total photons detected : 231789
  Detection efficiency   : 1.9507 %
  ROOT output           : photon_hits_run013.root
==============================

G4WT13 > 
=== EJ Scintillator Bar Run Summary ===
  Run ID                : 13
  Events run            : 600
  Events with ≥1 hit    : 600
  End-left  photons     : 17408
  End-right photons     : 8741
  Top SiPM  photons     : 208472
  Scint photons generated: 12062275
  Total photons detected : 234621
  Detection efficiency   : 1.9451 %
  ROOT output           : photon_hits_run013.root
==============================

G4WT6 > 
=== EJ Scintillator Bar Run Summary ===
  Run ID                : 13
  Events run            : 600
  Events with ≥1 hit    : 600
  End-left  photons     : 17072
  End-right photons     : 8602
  Top SiPM  photons     : 208363
  Scint photons generated: 12050673
  Total photons detected : 234037
  Detection efficiency   : 1.9421 %
  ROOT output           : photon_hits_run013.root
==============================

G4WT8 > 
=== EJ Scintillator Bar Run Summary ===
  Run ID                : 13
  Events run            : 600
  Events with ≥1 hit    : 600
  End-left  photons     : 16921
  End-right photons     : 8531
  Top SiPM  photons     : 206031
  Scint photons generated: 11908561
  Total photons detected : 231483
  Detection efficiency   : 1.9438 %
  ROOT output           : photon_hits_run013.root
==============================

G4WT1 > 
=== EJ Scintillator Bar Run Summary ===
  Run ID                : 13
  Events run            : 600
  Events with ≥1 hit    : 600
  End-left  photons     : 16934
  End-right photons     : 8502
  Top SiPM  photons     : 205820
  Scint photons generated: 11875373
  Total photons detected : 231256
  Detection efficiency   : 1.9474 %
  ROOT output           : photon_hits_run013.root
==============================

G4WT4 > 
=== EJ Scintillator Bar Run Summary ===
  Run ID                : 13
  Events run            : 600
  Events with ≥1 hit    : 600
  End-left  photons     : 17052
  End-right photons     : 8632
  Top SiPM  photons     : 206977
  Scint photons generated: 11986039
  Total photons detected : 232661
  Detection efficiency   : 1.9411 %
  ROOT output           : photon_hits_run013.root
==============================

G4WT9 > 
=== EJ Scintillator Bar Run Summary ===
  Run ID                : 13
  Events run            : 600
  Events with ≥1 hit    : 600
  End-left  photons     : 16972
  End-right photons     : 8717
  Top SiPM  photons     : 207086
  Scint photons generated: 11983728
  Total photons detected : 232775
  Detection efficiency   : 1.9424 %
  ROOT output           : photon_hits_run013.root
==============================

G4WT10 > 
=== EJ Scintillator Bar Run Summary ===
  Run ID                : 13
  Events run            : 700
  Events with ≥1 hit    : 700
  End-left  photons     : 19408
  End-right photons     : 9793
  Top SiPM  photons     : 235068
  Scint photons generated: 13616572
  Total photons detected : 264269
  Detection efficiency   : 1.9408 %
  ROOT output           : photon_hits_run013.root
==============================

G4WT14 > 
=== EJ Scintillator Bar Run Summary ===
  Run ID                : 13
  Events run            : 600
  Events with ≥1 hit    : 600
  End-left  photons     : 17096
  End-right photons     : 8724
  Top SiPM  photons     : 208638
  Scint photons generated: 12042674
  Total photons detected : 234458
  Detection efficiency   : 1.9469 %
  ROOT output           : photon_hits_run013.root
==============================

G4WT7 > 
=== EJ Scintillator Bar Run Summary ===
  Run ID                : 13
  Events run            : 600
  Events with ≥1 hit    : 600
  End-left  photons     : 16957
  End-right photons     : 8407
  Top SiPM  photons     : 205173
  Scint photons generated: 11906854
  Total photons detected : 230537
  Detection efficiency   : 1.9362 %
  ROOT output           : photon_hits_run013.root
==============================

G4WT11 > 
=== EJ Scintillator Bar Run Summary ===
  Run ID                : 13
  Events run            : 700
  Events with ≥1 hit    : 700
  End-left  photons     : 19512
  End-right photons     : 9757
  Top SiPM  photons     : 233630
  Scint photons generated: 13588196
  Total photons detected : 262899
  Detection efficiency   : 1.9348 %
  ROOT output           : photon_hits_run013.root
==============================


=== EJ Scintillator Bar Run Summary ===
  Run ID                : 13
  Events run            : 10000
  Events with ≥1 hit    : 10000
  End-left  photons     : 282326
  End-right photons     : 142242
  Top SiPM  photons     : 3419235
  Scint photons generated: 197836975
  Total photons detected : 3843803
  Detection efficiency   : 1.9429 %
  ROOT output           : photon_hits_run013.root
==============================


=== Boundary Census (diagnostic) ===
  Bar -> reflector panel   : 1723452966
  Bar -> World (escaped)   : 138130475
  Bar -> Bar (TIR/refl)    : 0
  Bar -> SiPM (entering)   : 11074357
  Killed in WorldLV        : 146360434
====================================


=== Active Scintillator Baseline ===
  Material              : EJ204
  Yield                 : 10400.0000 ph/MeV
  Rise time tau_r       : 0.7000 ns
  Decay time tau_d      : 1.8000 ns
  Attenuation length    : 160.0000 cm
  Emission peak lambda  : 408.0000 nm
  Finite rise time      : enabled
=====================================
G4WT2 > 
=== EJ Scintillator Bar Run Summary ===
  Run ID                : 14
  Events run            : 700
  Events with ≥1 hit    : 700
  End-left  photons     : 16345
  End-right photons     : 11451
  Top SiPM  photons     : 227840
  Scint photons generated: 13819269
  Total photons detected : 255636
  Detection efficiency   : 1.8499 %
  ROOT output           : photon_hits_run014.root
==============================

G4WT11 > 
=== EJ Scintillator Bar Run Summary ===
  Run ID                : 14
  Events run            : 700
  Events with ≥1 hit    : 700
  End-left  photons     : 16735
  End-right photons     : 11661
  Top SiPM  photons     : 226797
  Scint photons generated: 13770859
  Total photons detected : 255193
  Detection efficiency   : 1.8531 %
  ROOT output           : photon_hits_run014.root
==============================

G4WT1 > 
=== EJ Scintillator Bar Run Summary ===
  Run ID                : 14
  Events run            : 600
  Events with ≥1 hit    : 600
  End-left  photons     : 14217
  End-right photons     : 10008
  Top SiPM  photons     : 195195
  Scint photons generated: 11850223
  Total photons detected : 219420
  Detection efficiency   : 1.8516 %
  ROOT output           : photon_hits_run014.root
==============================

G4WT12 > 
=== EJ Scintillator Bar Run Summary ===
  Run ID                : 14
  Events run            : 600
  Events with ≥1 hit    : 600
  End-left  photons     : 13985
  End-right photons     : 9930
  Top SiPM  photons     : 194532
  Scint photons generated: 11775956
  Total photons detected : 218447
  Detection efficiency   : 1.8550 %
  ROOT output           : photon_hits_run014.root
==============================

G4WT15 > 
=== EJ Scintillator Bar Run Summary ===
  Run ID                : 14
  Events run            : 600
  Events with ≥1 hit    : 600
  End-left  photons     : 14255
  End-right photons     : 10081
  Top SiPM  photons     : 194663
  Scint photons generated: 11816892
  Total photons detected : 218999
  Detection efficiency   : 1.8533 %
  ROOT output           : photon_hits_run014.root
==============================

G4WT6 > 
=== EJ Scintillator Bar Run Summary ===
  Run ID                : 14
  Events run            : 600
  Events with ≥1 hit    : 600
  End-left  photons     : 14551
  End-right photons     : 10282
  Top SiPM  photons     : 199329
  Scint photons generated: 12141315
  Total photons detected : 224162
  Detection efficiency   : 1.8463 %
  ROOT output           : photon_hits_run014.root
==============================

G4WT3 > 
=== EJ Scintillator Bar Run Summary ===
  Run ID                : 14
  Events run            : 600
  Events with ≥1 hit    : 600
  End-left  photons     : 13860
  End-right photons     : 9993
  Top SiPM  photons     : 196362
  Scint photons generated: 11919320
  Total photons detected : 220215
  Detection efficiency   : 1.8475 %
  ROOT output           : photon_hits_run014.root
==============================

G4WT8 > 
=== EJ Scintillator Bar Run Summary ===
  Run ID                : 14
  Events run            : 600
  Events with ≥1 hit    : 600
  End-left  photons     : 14316
  End-right photons     : 10523
  Top SiPM  photons     : 200500
  Scint photons generated: 12183296
  Total photons detected : 225339
  Detection efficiency   : 1.8496 %
  ROOT output           : photon_hits_run014.root
==============================

G4WT5 > 
=== EJ Scintillator Bar Run Summary ===
  Run ID                : 14
  Events run            : 600
  Events with ≥1 hit    : 600
  End-left  photons     : 14547
  End-right photons     : 10284
  Top SiPM  photons     : 198784
  Scint photons generated: 12078373
  Total photons detected : 223615
  Detection efficiency   : 1.8514 %
  ROOT output           : photon_hits_run014.root
==============================

G4WT4 > 
=== EJ Scintillator Bar Run Summary ===
  Run ID                : 14
  Events run            : 600
  Events with ≥1 hit    : 600
  End-left  photons     : 14000
  End-right photons     : 9876
  Top SiPM  photons     : 194224
  Scint photons generated: 11804603
  Total photons detected : 218100
  Detection efficiency   : 1.8476 %
  ROOT output           : photon_hits_run014.root
==============================

G4WT7 > 
=== EJ Scintillator Bar Run Summary ===
  Run ID                : 14
  Events run            : 600
  Events with ≥1 hit    : 600
  End-left  photons     : 14141
  End-right photons     : 9913
  Top SiPM  photons     : 194884
  Scint photons generated: 11809766
  Total photons detected : 218938
  Detection efficiency   : 1.8539 %
  ROOT output           : photon_hits_run014.root
==============================

G4WT9 > 
=== EJ Scintillator Bar Run Summary ===
  Run ID                : 14
  Events run            : 600
  Events with ≥1 hit    : 600
  End-left  photons     : 14100
  End-right photons     : 10174
  Top SiPM  photons     : 196246
  Scint photons generated: 11896913
  Total photons detected : 220520
  Detection efficiency   : 1.8536 %
  ROOT output           : photon_hits_run014.root
==============================

G4WT13 > 
=== EJ Scintillator Bar Run Summary ===
  Run ID                : 14
  Events run            : 700
  Events with ≥1 hit    : 700
  End-left  photons     : 16648
  End-right photons     : 11734
  Top SiPM  photons     : 228345
  Scint photons generated: 13821208
  Total photons detected : 256727
  Detection efficiency   : 1.8575 %
  ROOT output           : photon_hits_run014.root
==============================

G4WT0 > 
=== EJ Scintillator Bar Run Summary ===
  Run ID                : 14
  Events run            : 600
  Events with ≥1 hit    : 600
  End-left  photons     : 14146
  End-right photons     : 10254
  Top SiPM  photons     : 197965
  Scint photons generated: 12042403
  Total photons detected : 222365
  Detection efficiency   : 1.8465 %
  ROOT output           : photon_hits_run014.root
==============================

G4WT10 > 
=== EJ Scintillator Bar Run Summary ===
  Run ID                : 14
  Events run            : 700
  Events with ≥1 hit    : 700
  End-left  photons     : 16176
  End-right photons     : 11390
  Top SiPM  photons     : 226864
  Scint photons generated: 13728138
  Total photons detected : 254430
  Detection efficiency   : 1.8533 %
  ROOT output           : photon_hits_run014.root
==============================

G4WT14 > 
=== EJ Scintillator Bar Run Summary ===
  Run ID                : 14
  Events run            : 600
  Events with ≥1 hit    : 600
  End-left  photons     : 14123
  End-right photons     : 10160
  Top SiPM  photons     : 195069
  Scint photons generated: 11839598
  Total photons detected : 219352
  Detection efficiency   : 1.8527 %
  ROOT output           : photon_hits_run014.root
==============================


=== EJ Scintillator Bar Run Summary ===
  Run ID                : 14
  Events run            : 10000
  Events with ≥1 hit    : 10000
  End-left  photons     : 236145
  End-right photons     : 167714
  Top SiPM  photons     : 3267599
  Scint photons generated: 198298132
  Total photons detected : 3671458
  Detection efficiency   : 1.8515 %
  ROOT output           : photon_hits_run014.root
==============================


=== Boundary Census (diagnostic) ===
  Bar -> reflector panel   : 1727900265
  Bar -> World (escaped)   : 138951597
  Bar -> Bar (TIR/refl)    : 0
  Bar -> SiPM (entering)   : 10568635
  Killed in WorldLV        : 146683795
====================================


=== Active Scintillator Baseline ===
  Material              : EJ204
  Yield                 : 10400.0000 ph/MeV
  Rise time tau_r       : 0.7000 ns
  Decay time tau_d      : 1.8000 ns
  Attenuation length    : 160.0000 cm
  Emission peak lambda  : 408.0000 nm
  Finite rise time      : enabled
=====================================
G4WT13 > 
=== EJ Scintillator Bar Run Summary ===
  Run ID                : 15
  Events run            : 700
  Events with ≥1 hit    : 700
  End-left  photons     : 13662
  End-right photons     : 13682
  Top SiPM  photons     : 208771
  Scint photons generated: 13779195
  Total photons detected : 236115
  Detection efficiency   : 1.7136 %
  ROOT output           : photon_hits_run015.root
==============================

G4WT11 > 
=== EJ Scintillator Bar Run Summary ===
  Run ID                : 15
  Events run            : 600
  Events with ≥1 hit    : 600
  End-left  photons     : 11767
  End-right photons     : 11912
  Top SiPM  photons     : 180810
  Scint photons generated: 11929374
  Total photons detected : 204489
  Detection efficiency   : 1.7142 %
  ROOT output           : photon_hits_run015.root
==============================

G4WT6 > 
=== EJ Scintillator Bar Run Summary ===
  Run ID                : 15
  Events run            : 700
  Events with ≥1 hit    : 700
  End-left  photons     : 13724
  End-right photons     : 13913
  Top SiPM  photons     : 207073
  Scint photons generated: 13689001
  Total photons detected : 234710
  Detection efficiency   : 1.7146 %
  ROOT output           : photon_hits_run015.root
==============================

G4WT15 > 
=== EJ Scintillator Bar Run Summary ===
  Run ID                : 15
  Events run            : 600
  Events with ≥1 hit    : 600
  End-left  photons     : 11971
  End-right photons     : 12040
  Top SiPM  photons     : 180957
  Scint photons generated: 11916993
  Total photons detected : 204968
  Detection efficiency   : 1.7200 %
  ROOT output           : photon_hits_run015.root
==============================

G4WT8 > 
=== EJ Scintillator Bar Run Summary ===
  Run ID                : 15
  Events run            : 600
  Events with ≥1 hit    : 600
  End-left  photons     : 11818
  End-right photons     : 11940
  Top SiPM  photons     : 180974
  Scint photons generated: 11926377
  Total photons detected : 204732
  Detection efficiency   : 1.7166 %
  ROOT output           : photon_hits_run015.root
==============================

G4WT3 > 
=== EJ Scintillator Bar Run Summary ===
  Run ID                : 15
  Events run            : 600
  Events with ≥1 hit    : 600
  End-left  photons     : 12258
  End-right photons     : 12367
  Top SiPM  photons     : 183828
  Scint photons generated: 12156565
  Total photons detected : 208453
  Detection efficiency   : 1.7147 %
  ROOT output           : photon_hits_run015.root
==============================

G4WT14 > 
=== EJ Scintillator Bar Run Summary ===
  Run ID                : 15
  Events run            : 700
  Events with ≥1 hit    : 700
  End-left  photons     : 13605
  End-right photons     : 13676
  Top SiPM  photons     : 207982
  Scint photons generated: 13723825
  Total photons detected : 235263
  Detection efficiency   : 1.7143 %
  ROOT output           : photon_hits_run015.root
==============================

G4WT2 > 
=== EJ Scintillator Bar Run Summary ===
  Run ID                : 15
  Events run            : 600
  Events with ≥1 hit    : 600
  End-left  photons     : 11924
  End-right photons     : 11914
  Top SiPM  photons     : 180832
  Scint photons generated: 11887904
  Total photons detected : 204670
  Detection efficiency   : 1.7217 %
  ROOT output           : photon_hits_run015.root
==============================

G4WT7 > 
=== EJ Scintillator Bar Run Summary ===
  Run ID                : 15
  Events run            : 700
  Events with ≥1 hit    : 700
  End-left  photons     : 13640
  End-right photons     : 13847
  Top SiPM  photons     : 207497
  Scint photons generated: 13650308
  Total photons detected : 234984
  Detection efficiency   : 1.7215 %
  ROOT output           : photon_hits_run015.root
==============================

G4WT5 > 
=== EJ Scintillator Bar Run Summary ===
  Run ID                : 15
  Events run            : 600
  Events with ≥1 hit    : 600
  End-left  photons     : 11673
  End-right photons     : 11594
  Top SiPM  photons     : 178569
  Scint photons generated: 11768986
  Total photons detected : 201836
  Detection efficiency   : 1.7150 %
  ROOT output           : photon_hits_run015.root
==============================

G4WT0 > 
=== EJ Scintillator Bar Run Summary ===
  Run ID                : 15
  Events run            : 600
  Events with ≥1 hit    : 600
  End-left  photons     : 11680
  End-right photons     : 11802
  Top SiPM  photons     : 179107
  Scint photons generated: 11823442
  Total photons detected : 202589
  Detection efficiency   : 1.7135 %
  ROOT output           : photon_hits_run015.root
==============================

G4WT1 > 
=== EJ Scintillator Bar Run Summary ===
  Run ID                : 15
  Events run            : 600
  Events with ≥1 hit    : 600
  End-left  photons     : 11965
  End-right photons     : 12137
  Top SiPM  photons     : 184359
  Scint photons generated: 12093942
  Total photons detected : 208461
  Detection efficiency   : 1.7237 %
  ROOT output           : photon_hits_run015.root
==============================

G4WT12 > 
=== EJ Scintillator Bar Run Summary ===
  Run ID                : 15
  Events run            : 600
  Events with ≥1 hit    : 600
  End-left  photons     : 11682
  End-right photons     : 11893
  Top SiPM  photons     : 178184
  Scint photons generated: 11765223
  Total photons detected : 201759
  Detection efficiency   : 1.7149 %
  ROOT output           : photon_hits_run015.root
==============================

G4WT9 > 
=== EJ Scintillator Bar Run Summary ===
  Run ID                : 15
  Events run            : 600
  Events with ≥1 hit    : 600
  End-left  photons     : 11829
  End-right photons     : 11776
  Top SiPM  photons     : 179680
  Scint photons generated: 11809584
  Total photons detected : 203285
  Detection efficiency   : 1.7214 %
  ROOT output           : photon_hits_run015.root
==============================

G4WT10 > 
=== EJ Scintillator Bar Run Summary ===
  Run ID                : 15
  Events run            : 600
  Events with ≥1 hit    : 600
  End-left  photons     : 11934
  End-right photons     : 11857
  Top SiPM  photons     : 181800
  Scint photons generated: 11989217
  Total photons detected : 205591
  Detection efficiency   : 1.7148 %
  ROOT output           : photon_hits_run015.root
==============================

G4WT4 > 
=== EJ Scintillator Bar Run Summary ===
  Run ID                : 15
  Events run            : 600
  Events with ≥1 hit    : 600
  End-left  photons     : 12061
  End-right photons     : 11947
  Top SiPM  photons     : 182284
  Scint photons generated: 11951910
  Total photons detected : 206292
  Detection efficiency   : 1.7260 %
  ROOT output           : photon_hits_run015.root
==============================


=== EJ Scintillator Bar Run Summary ===
  Run ID                : 15
  Events run            : 10000
  Events with ≥1 hit    : 10000
  End-left  photons     : 197193
  End-right photons     : 198297
  Top SiPM  photons     : 3002707
  Scint photons generated: 197861846
  Total photons detected : 3398197
  Detection efficiency   : 1.7175 %
  ROOT output           : photon_hits_run015.root
==============================


=== Boundary Census (diagnostic) ===
  Bar -> reflector panel   : 1724283013
  Bar -> World (escaped)   : 139402574
  Bar -> Bar (TIR/refl)    : 0
  Bar -> SiPM (entering)   : 9783055
  Killed in WorldLV        : 146375391
====================================


=== Active Scintillator Baseline ===
  Material              : EJ204
  Yield                 : 10400.0000 ph/MeV
  Rise time tau_r       : 0.7000 ns
  Decay time tau_d      : 1.8000 ns
  Attenuation length    : 160.0000 cm
  Emission peak lambda  : 408.0000 nm
  Finite rise time      : enabled
=====================================
G4WT1 > 
=== EJ Scintillator Bar Run Summary ===
  Run ID                : 16
  Events run            : 700
  Events with ≥1 hit    : 700
  End-left  photons     : 11614
  End-right photons     : 16395
  Top SiPM  photons     : 227400
  Scint photons generated: 13782599
  Total photons detected : 255409
  Detection efficiency   : 1.8531 %
  ROOT output           : photon_hits_run016.root
==============================

G4WT4 > 
=== EJ Scintillator Bar Run Summary ===
  Run ID                : 16
  Events run            : 600
  Events with ≥1 hit    : 600
  End-left  photons     : 9936
  End-right photons     : 13641
  Top SiPM  photons     : 193955
  Scint photons generated: 11804921
  Total photons detected : 217532
  Detection efficiency   : 1.8427 %
  ROOT output           : photon_hits_run016.root
==============================

G4WT8 > 
=== EJ Scintillator Bar Run Summary ===
  Run ID                : 16
  Events run            : 600
  Events with ≥1 hit    : 600
  End-left  photons     : 9910
  End-right photons     : 14120
  Top SiPM  photons     : 195587
  Scint photons generated: 11883583
  Total photons detected : 219617
  Detection efficiency   : 1.8481 %
  ROOT output           : photon_hits_run016.root
==============================

G4WT6 > 
=== EJ Scintillator Bar Run Summary ===
  Run ID                : 16
  Events run            : 600
  Events with ≥1 hit    : 600
  End-left  photons     : 9936
  End-right photons     : 13816
  Top SiPM  photons     : 194658
  Scint photons generated: 11782186
  Total photons detected : 218410
  Detection efficiency   : 1.8537 %
  ROOT output           : photon_hits_run016.root
==============================

G4WT2 > 
=== EJ Scintillator Bar Run Summary ===
  Run ID                : 16
  Events run            : 600
  Events with ≥1 hit    : 600
  End-left  photons     : 10177
  End-right photons     : 13860
  Top SiPM  photons     : 195160
  Scint photons generated: 11853820
  Total photons detected : 219197
  Detection efficiency   : 1.8492 %
  ROOT output           : photon_hits_run016.root
==============================

G4WT9 > 
=== EJ Scintillator Bar Run Summary ===
  Run ID                : 16
  Events run            : 600
  Events with ≥1 hit    : 600
  End-left  photons     : 9999
  End-right photons     : 14144
  Top SiPM  photons     : 195574
  Scint photons generated: 11912807
  Total photons detected : 219717
  Detection efficiency   : 1.8444 %
  ROOT output           : photon_hits_run016.root
==============================

G4WT7 > 
=== EJ Scintillator Bar Run Summary ===
  Run ID                : 16
  Events run            : 600
  Events with ≥1 hit    : 600
  End-left  photons     : 10104
  End-right photons     : 14249
  Top SiPM  photons     : 194749
  Scint photons generated: 11854993
  Total photons detected : 219102
  Detection efficiency   : 1.8482 %
  ROOT output           : photon_hits_run016.root
==============================

G4WT11 > 
=== EJ Scintillator Bar Run Summary ===
  Run ID                : 16
  Events run            : 700
  Events with ≥1 hit    : 700
  End-left  photons     : 11413
  End-right photons     : 16022
  Top SiPM  photons     : 223647
  Scint photons generated: 13603980
  Total photons detected : 251082
  Detection efficiency   : 1.8457 %
  ROOT output           : photon_hits_run016.root
==============================

G4WT5 > 
=== EJ Scintillator Bar Run Summary ===
  Run ID                : 16
  Events run            : 700
  Events with ≥1 hit    : 700
  End-left  photons     : 11581
  End-right photons     : 16378
  Top SiPM  photons     : 225891
  Scint photons generated: 13696389
  Total photons detected : 253850
  Detection efficiency   : 1.8534 %
  ROOT output           : photon_hits_run016.root
==============================

G4WT15 > 
=== EJ Scintillator Bar Run Summary ===
  Run ID                : 16
  Events run            : 600
  Events with ≥1 hit    : 600
  End-left  photons     : 10180
  End-right photons     : 14010
  Top SiPM  photons     : 194757
  Scint photons generated: 11799813
  Total photons detected : 218947
  Detection efficiency   : 1.8555 %
  ROOT output           : photon_hits_run016.root
==============================

G4WT3 > 
=== EJ Scintillator Bar Run Summary ===
  Run ID                : 16
  Events run            : 600
  Events with ≥1 hit    : 600
  End-left  photons     : 10053
  End-right photons     : 14265
  Top SiPM  photons     : 196577
  Scint photons generated: 11896864
  Total photons detected : 220895
  Detection efficiency   : 1.8567 %
  ROOT output           : photon_hits_run016.root
==============================

G4WT10 > 
=== EJ Scintillator Bar Run Summary ===
  Run ID                : 16
  Events run            : 700
  Events with ≥1 hit    : 700
  End-left  photons     : 11435
  End-right photons     : 16148
  Top SiPM  photons     : 224738
  Scint photons generated: 13625255
  Total photons detected : 252321
  Detection efficiency   : 1.8519 %
  ROOT output           : photon_hits_run016.root
==============================

G4WT12 > 
=== EJ Scintillator Bar Run Summary ===
  Run ID                : 16
  Events run            : 600
  Events with ≥1 hit    : 600
  End-left  photons     : 10110
  End-right photons     : 13924
  Top SiPM  photons     : 194948
  Scint photons generated: 11856741
  Total photons detected : 218982
  Detection efficiency   : 1.8469 %
  ROOT output           : photon_hits_run016.root
==============================

G4WT14 > 
=== EJ Scintillator Bar Run Summary ===
  Run ID                : 16
  Events run            : 600
  Events with ≥1 hit    : 600
  End-left  photons     : 10129
  End-right photons     : 14167
  Top SiPM  photons     : 195918
  Scint photons generated: 11930174
  Total photons detected : 220214
  Detection efficiency   : 1.8459 %
  ROOT output           : photon_hits_run016.root
==============================

G4WT0 > 
=== EJ Scintillator Bar Run Summary ===
  Run ID                : 16
  Events run            : 600
  Events with ≥1 hit    : 600
  End-left  photons     : 10063
  End-right photons     : 13987
  Top SiPM  photons     : 196768
  Scint photons generated: 11912245
  Total photons detected : 220818
  Detection efficiency   : 1.8537 %
  ROOT output           : photon_hits_run016.root
==============================

G4WT13 > 
=== EJ Scintillator Bar Run Summary ===
  Run ID                : 16
  Events run            : 600
  Events with ≥1 hit    : 600
  End-left  photons     : 10075
  End-right photons     : 14046
  Top SiPM  photons     : 196621
  Scint photons generated: 11960107
  Total photons detected : 220742
  Detection efficiency   : 1.8457 %
  ROOT output           : photon_hits_run016.root
==============================


=== EJ Scintillator Bar Run Summary ===
  Run ID                : 16
  Events run            : 10000
  Events with ≥1 hit    : 10000
  End-left  photons     : 166715
  End-right photons     : 233172
  Top SiPM  photons     : 3246948
  Scint photons generated: 197156477
  Total photons detected : 3646835
  Detection efficiency   : 1.8497 %
  ROOT output           : photon_hits_run016.root
==============================


=== Boundary Census (diagnostic) ===
  Bar -> reflector panel   : 1718403641
  Bar -> World (escaped)   : 138168447
  Bar -> Bar (TIR/refl)    : 0
  Bar -> SiPM (entering)   : 10503093
  Killed in WorldLV        : 145851823
====================================


=== Active Scintillator Baseline ===
  Material              : EJ204
  Yield                 : 10400.0000 ph/MeV
  Rise time tau_r       : 0.7000 ns
  Decay time tau_d      : 1.8000 ns
  Attenuation length    : 160.0000 cm
  Emission peak lambda  : 408.0000 nm
  Finite rise time      : enabled
=====================================
G4WT12 > 
=== EJ Scintillator Bar Run Summary ===
  Run ID                : 17
  Events run            : 700
  Events with ≥1 hit    : 700
  End-left  photons     : 9977
  End-right photons     : 19508
  Top SiPM  photons     : 237353
  Scint photons generated: 13729147
  Total photons detected : 266838
  Detection efficiency   : 1.9436 %
  ROOT output           : photon_hits_run017.root
==============================

G4WT5 > 
=== EJ Scintillator Bar Run Summary ===
  Run ID                : 17
  Events run            : 700
  Events with ≥1 hit    : 700
  End-left  photons     : 9886
  End-right photons     : 19339
  Top SiPM  photons     : 239475
  Scint photons generated: 13846514
  Total photons detected : 268700
  Detection efficiency   : 1.9406 %
  ROOT output           : photon_hits_run017.root
==============================

G4WT0 > 
=== EJ Scintillator Bar Run Summary ===
  Run ID                : 17
  Events run            : 600
  Events with ≥1 hit    : 600
  End-left  photons     : 8692
  End-right photons     : 17052
  Top SiPM  photons     : 205625
  Scint photons generated: 11889780
  Total photons detected : 231369
  Detection efficiency   : 1.9459 %
  ROOT output           : photon_hits_run017.root
==============================

G4WT9 > 
=== EJ Scintillator Bar Run Summary ===
  Run ID                : 17
  Events run            : 600
  Events with ≥1 hit    : 600
  End-left  photons     : 8478
  End-right photons     : 16645
  Top SiPM  photons     : 202967
  Scint photons generated: 11749869
  Total photons detected : 228090
  Detection efficiency   : 1.9412 %
  ROOT output           : photon_hits_run017.root
==============================

G4WT2 > 
=== EJ Scintillator Bar Run Summary ===
  Run ID                : 17
  Events run            : 600
  Events with ≥1 hit    : 600
  End-left  photons     : 8712
  End-right photons     : 16899
  Top SiPM  photons     : 206520
  Scint photons generated: 11947028
  Total photons detected : 232131
  Detection efficiency   : 1.9430 %
  ROOT output           : photon_hits_run017.root
==============================

G4WT3 > 
=== EJ Scintillator Bar Run Summary ===
  Run ID                : 17
  Events run            : 600
  Events with ≥1 hit    : 600
  End-left  photons     : 8493
  End-right photons     : 16734
  Top SiPM  photons     : 203532
  Scint photons generated: 11795829
  Total photons detected : 228759
  Detection efficiency   : 1.9393 %
  ROOT output           : photon_hits_run017.root
==============================

G4WT11 > 
=== EJ Scintillator Bar Run Summary ===
  Run ID                : 17
  Events run            : 600
  Events with ≥1 hit    : 600
  End-left  photons     : 8733
  End-right photons     : 17574
  Top SiPM  photons     : 209534
  Scint photons generated: 12130986
  Total photons detected : 235841
  Detection efficiency   : 1.9441 %
  ROOT output           : photon_hits_run017.root
==============================

G4WT6 > 
=== EJ Scintillator Bar Run Summary ===
  Run ID                : 17
  Events run            : 700
  Events with ≥1 hit    : 700
  End-left  photons     : 9761
  End-right photons     : 19346
  Top SiPM  photons     : 236517
  Scint photons generated: 13695769
  Total photons detected : 265624
  Detection efficiency   : 1.9395 %
  ROOT output           : photon_hits_run017.root
==============================

G4WT7 > 
=== EJ Scintillator Bar Run Summary ===
  Run ID                : 17
  Events run            : 600
  Events with ≥1 hit    : 600
  End-left  photons     : 8582
  End-right photons     : 16969
  Top SiPM  photons     : 205739
  Scint photons generated: 11917617
  Total photons detected : 231290
  Detection efficiency   : 1.9407 %
  ROOT output           : photon_hits_run017.root
==============================

G4WT1 > 
=== EJ Scintillator Bar Run Summary ===
  Run ID                : 17
  Events run            : 600
  Events with ≥1 hit    : 600
  End-left  photons     : 8711
  End-right photons     : 17249
  Top SiPM  photons     : 205873
  Scint photons generated: 11928531
  Total photons detected : 231833
  Detection efficiency   : 1.9435 %
  ROOT output           : photon_hits_run017.root
==============================

G4WT8 > 
=== EJ Scintillator Bar Run Summary ===
  Run ID                : 17
  Events run            : 600
  Events with ≥1 hit    : 600
  End-left  photons     : 8566
  End-right photons     : 16631
  Top SiPM  photons     : 204057
  Scint photons generated: 11802330
  Total photons detected : 229254
  Detection efficiency   : 1.9424 %
  ROOT output           : photon_hits_run017.root
==============================

G4WT10 > 
=== EJ Scintillator Bar Run Summary ===
  Run ID                : 17
  Events run            : 700
  Events with ≥1 hit    : 700
  End-left  photons     : 9705
  End-right photons     : 19463
  Top SiPM  photons     : 235414
  Scint photons generated: 13609823
  Total photons detected : 264582
  Detection efficiency   : 1.9441 %
  ROOT output           : photon_hits_run017.root
==============================

G4WT13 > 
=== EJ Scintillator Bar Run Summary ===
  Run ID                : 17
  Events run            : 600
  Events with ≥1 hit    : 600
  End-left  photons     : 8552
  End-right photons     : 16925
  Top SiPM  photons     : 204974
  Scint photons generated: 11840585
  Total photons detected : 230451
  Detection efficiency   : 1.9463 %
  ROOT output           : photon_hits_run017.root
==============================

G4WT4 > 
=== EJ Scintillator Bar Run Summary ===
  Run ID                : 17
  Events run            : 600
  Events with ≥1 hit    : 600
  End-left  photons     : 8533
  End-right photons     : 16837
  Top SiPM  photons     : 206110
  Scint photons generated: 11876707
  Total photons detected : 231480
  Detection efficiency   : 1.9490 %
  ROOT output           : photon_hits_run017.root
==============================

G4WT15 > 
=== EJ Scintillator Bar Run Summary ===
  Run ID                : 17
  Events run            : 600
  Events with ≥1 hit    : 600
  End-left  photons     : 8805
  End-right photons     : 17050
  Top SiPM  photons     : 206146
  Scint photons generated: 11939913
  Total photons detected : 232001
  Detection efficiency   : 1.9431 %
  ROOT output           : photon_hits_run017.root
==============================

G4WT14 > 
=== EJ Scintillator Bar Run Summary ===
  Run ID                : 17
  Events run            : 600
  Events with ≥1 hit    : 600
  End-left  photons     : 8604
  End-right photons     : 17254
  Top SiPM  photons     : 209551
  Scint photons generated: 12077664
  Total photons detected : 235409
  Detection efficiency   : 1.9491 %
  ROOT output           : photon_hits_run017.root
==============================


=== EJ Scintillator Bar Run Summary ===
  Run ID                : 17
  Events run            : 10000
  Events with ≥1 hit    : 10000
  End-left  photons     : 142790
  End-right photons     : 281475
  Top SiPM  photons     : 3419387
  Scint photons generated: 197778092
  Total photons detected : 3843652
  Detection efficiency   : 1.9434 %
  ROOT output           : photon_hits_run017.root
==============================


=== Boundary Census (diagnostic) ===
  Bar -> reflector panel   : 1722901253
  Bar -> World (escaped)   : 138083610
  Bar -> Bar (TIR/refl)    : 0
  Bar -> SiPM (entering)   : 11073531
  Killed in WorldLV        : 146316266
====================================


=== Active Scintillator Baseline ===
  Material              : EJ204
  Yield                 : 10400.0000 ph/MeV
  Rise time tau_r       : 0.7000 ns
  Decay time tau_d      : 1.8000 ns
  Attenuation length    : 160.0000 cm
  Emission peak lambda  : 408.0000 nm
  Finite rise time      : enabled
=====================================
G4WT9 > 
=== EJ Scintillator Bar Run Summary ===
  Run ID                : 18
  Events run            : 700
  Events with ≥1 hit    : 700
  End-left  photons     : 8541
  End-right photons     : 23890
  Top SiPM  photons     : 214715
  Scint photons generated: 13818261
  Total photons detected : 247146
  Detection efficiency   : 1.7885 %
  ROOT output           : photon_hits_run018.root
==============================

G4WT6 > 
=== EJ Scintillator Bar Run Summary ===
  Run ID                : 18
  Events run            : 600
  Events with ≥1 hit    : 600
  End-left  photons     : 7312
  End-right photons     : 20794
  Top SiPM  photons     : 184425
  Scint photons generated: 11876556
  Total photons detected : 212531
  Detection efficiency   : 1.7895 %
  ROOT output           : photon_hits_run018.root
==============================

G4WT7 > 
=== EJ Scintillator Bar Run Summary ===
  Run ID                : 18
  Events run            : 600
  Events with ≥1 hit    : 600
  End-left  photons     : 7400
  End-right photons     : 20606
  Top SiPM  photons     : 185690
  Scint photons generated: 11929851
  Total photons detected : 213696
  Detection efficiency   : 1.7913 %
  ROOT output           : photon_hits_run018.root
==============================

G4WT3 > 
=== EJ Scintillator Bar Run Summary ===
  Run ID                : 18
  Events run            : 600
  Events with ≥1 hit    : 600
  End-left  photons     : 7476
  End-right photons     : 20479
  Top SiPM  photons     : 184738
  Scint photons generated: 11891373
  Total photons detected : 212693
  Detection efficiency   : 1.7886 %
  ROOT output           : photon_hits_run018.root
==============================

G4WT14 > 
=== EJ Scintillator Bar Run Summary ===
  Run ID                : 18
  Events run            : 600
  Events with ≥1 hit    : 600
  End-left  photons     : 7266
  End-right photons     : 20309
  Top SiPM  photons     : 184495
  Scint photons generated: 11879379
  Total photons detected : 212070
  Detection efficiency   : 1.7852 %
  ROOT output           : photon_hits_run018.root
==============================

G4WT5 > 
=== EJ Scintillator Bar Run Summary ===
  Run ID                : 18
  Events run            : 600
  Events with ≥1 hit    : 600
  End-left  photons     : 7382
  End-right photons     : 20738
  Top SiPM  photons     : 184489
  Scint photons generated: 11925291
  Total photons detected : 212609
  Detection efficiency   : 1.7828 %
  ROOT output           : photon_hits_run018.root
==============================

G4WT2 > 
=== EJ Scintillator Bar Run Summary ===
  Run ID                : 18
  Events run            : 600
  Events with ≥1 hit    : 600
  End-left  photons     : 7505
  End-right photons     : 20492
  Top SiPM  photons     : 187859
  Scint photons generated: 12085738
  Total photons detected : 215856
  Detection efficiency   : 1.7860 %
  ROOT output           : photon_hits_run018.root
==============================

G4WT13 > 
=== EJ Scintillator Bar Run Summary ===
  Run ID                : 18
  Events run            : 700
  Events with ≥1 hit    : 700
  End-left  photons     : 8426
  End-right photons     : 23660
  Top SiPM  photons     : 211592
  Scint photons generated: 13611370
  Total photons detected : 243678
  Detection efficiency   : 1.7903 %
  ROOT output           : photon_hits_run018.root
==============================

G4WT11 > 
=== EJ Scintillator Bar Run Summary ===
  Run ID                : 18
  Events run            : 700
  Events with ≥1 hit    : 700
  End-left  photons     : 8324
  End-right photons     : 23696
  Top SiPM  photons     : 213970
  Scint photons generated: 13765689
  Total photons detected : 245990
  Detection efficiency   : 1.7870 %
  ROOT output           : photon_hits_run018.root
==============================

G4WT12 > 
=== EJ Scintillator Bar Run Summary ===
  Run ID                : 18
  Events run            : 600
  Events with ≥1 hit    : 600
  End-left  photons     : 7333
  End-right photons     : 20533
  Top SiPM  photons     : 184481
  Scint photons generated: 11926713
  Total photons detected : 212347
  Detection efficiency   : 1.7804 %
  ROOT output           : photon_hits_run018.root
==============================

G4WT15 > 
=== EJ Scintillator Bar Run Summary ===
  Run ID                : 18
  Events run            : 600
  Events with ≥1 hit    : 600
  End-left  photons     : 7470
  End-right photons     : 20526
  Top SiPM  photons     : 185571
  Scint photons generated: 11973232
  Total photons detected : 213567
  Detection efficiency   : 1.7837 %
  ROOT output           : photon_hits_run018.root
==============================

G4WT10 > 
=== EJ Scintillator Bar Run Summary ===
  Run ID                : 18
  Events run            : 600
  Events with ≥1 hit    : 600
  End-left  photons     : 7467
  End-right photons     : 20926
  Top SiPM  photons     : 187405
  Scint photons generated: 12075586
  Total photons detected : 215798
  Detection efficiency   : 1.7871 %
  ROOT output           : photon_hits_run018.root
==============================

G4WT0 > 
=== EJ Scintillator Bar Run Summary ===
  Run ID                : 18
  Events run            : 600
  Events with ≥1 hit    : 600
  End-left  photons     : 7435
  End-right photons     : 20458
  Top SiPM  photons     : 183882
  Scint photons generated: 11858382
  Total photons detected : 211775
  Detection efficiency   : 1.7859 %
  ROOT output           : photon_hits_run018.root
==============================

G4WT8 > 
=== EJ Scintillator Bar Run Summary ===
  Run ID                : 18
  Events run            : 600
  Events with ≥1 hit    : 600
  End-left  photons     : 7732
  End-right photons     : 20701
  Top SiPM  photons     : 185638
  Scint photons generated: 11986933
  Total photons detected : 214071
  Detection efficiency   : 1.7859 %
  ROOT output           : photon_hits_run018.root
==============================

G4WT1 > 
=== EJ Scintillator Bar Run Summary ===
  Run ID                : 18
  Events run            : 600
  Events with ≥1 hit    : 600
  End-left  photons     : 7389
  End-right photons     : 20589
  Top SiPM  photons     : 186221
  Scint photons generated: 11986379
  Total photons detected : 214199
  Detection efficiency   : 1.7870 %
  ROOT output           : photon_hits_run018.root
==============================

G4WT4 > 
=== EJ Scintillator Bar Run Summary ===
  Run ID                : 18
  Events run            : 700
  Events with ≥1 hit    : 700
  End-left  photons     : 8464
  End-right photons     : 23732
  Top SiPM  photons     : 214426
  Scint photons generated: 13823957
  Total photons detected : 246622
  Detection efficiency   : 1.7840 %
  ROOT output           : photon_hits_run018.root
==============================


=== EJ Scintillator Bar Run Summary ===
  Run ID                : 18
  Events run            : 10000
  Events with ≥1 hit    : 10000
  End-left  photons     : 122922
  End-right photons     : 342129
  Top SiPM  photons     : 3079597
  Scint photons generated: 198414690
  Total photons detected : 3544648
  Detection efficiency   : 1.7865 %
  ROOT output           : photon_hits_run018.root
==============================


=== Boundary Census (diagnostic) ===
  Bar -> reflector panel   : 1726991811
  Bar -> World (escaped)   : 139466650
  Bar -> Bar (TIR/refl)    : 0
  Bar -> SiPM (entering)   : 10215176
  Killed in WorldLV        : 146661916
====================================


=== Active Scintillator Baseline ===
  Material              : EJ204
  Yield                 : 10400.0000 ph/MeV
  Rise time tau_r       : 0.7000 ns
  Decay time tau_d      : 1.8000 ns
  Attenuation length    : 160.0000 cm
  Emission peak lambda  : 408.0000 nm
  Finite rise time      : enabled
=====================================
G4WT11 > 
=== EJ Scintillator Bar Run Summary ===
  Run ID                : 19
  Events run            : 700
  Events with ≥1 hit    : 700
  End-left  photons     : 7408
  End-right photons     : 28930
  Top SiPM  photons     : 212866
  Scint photons generated: 13697627
  Total photons detected : 249204
  Detection efficiency   : 1.8193 %
  ROOT output           : photon_hits_run019.root
==============================

G4WT5 > 
=== EJ Scintillator Bar Run Summary ===
  Run ID                : 19
  Events run            : 700
  Events with ≥1 hit    : 700
  End-left  photons     : 7541
  End-right photons     : 28828
  Top SiPM  photons     : 212623
  Scint photons generated: 13725195
  Total photons detected : 248992
  Detection efficiency   : 1.8141 %
  ROOT output           : photon_hits_run019.root
==============================

G4WT1 > 
=== EJ Scintillator Bar Run Summary ===
  Run ID                : 19
  Events run            : 600
  Events with ≥1 hit    : 600
  End-left  photons     : 6481
  End-right photons     : 25275
  Top SiPM  photons     : 186357
  Scint photons generated: 11965590
  Total photons detected : 218113
  Detection efficiency   : 1.8228 %
  ROOT output           : photon_hits_run019.root
==============================

G4WT3 > 
=== EJ Scintillator Bar Run Summary ===
  Run ID                : 19
  Events run            : 600
  Events with ≥1 hit    : 600
  End-left  photons     : 6498
  End-right photons     : 25226
  Top SiPM  photons     : 185421
  Scint photons generated: 11929019
  Total photons detected : 217145
  Detection efficiency   : 1.8203 %
  ROOT output           : photon_hits_run019.root
==============================

G4WT14 > 
=== EJ Scintillator Bar Run Summary ===
  Run ID                : 19
  Events run            : 600
  Events with ≥1 hit    : 600
  End-left  photons     : 6379
  End-right photons     : 25288
  Top SiPM  photons     : 185616
  Scint photons generated: 11957163
  Total photons detected : 217283
  Detection efficiency   : 1.8172 %
  ROOT output           : photon_hits_run019.root
==============================

G4WT13 > 
=== EJ Scintillator Bar Run Summary ===
  Run ID                : 19
  Events run            : 600
  Events with ≥1 hit    : 600
  End-left  photons     : 6503
  End-right photons     : 25029
  Top SiPM  photons     : 186146
  Scint photons generated: 12018301
  Total photons detected : 217678
  Detection efficiency   : 1.8112 %
  ROOT output           : photon_hits_run019.root
==============================

G4WT10 > 
=== EJ Scintillator Bar Run Summary ===
  Run ID                : 19
  Events run            : 600
  Events with ≥1 hit    : 600
  End-left  photons     : 6462
  End-right photons     : 25574
  Top SiPM  photons     : 189263
  Scint photons generated: 12164571
  Total photons detected : 221299
  Detection efficiency   : 1.8192 %
  ROOT output           : photon_hits_run019.root
==============================

G4WT6 > 
=== EJ Scintillator Bar Run Summary ===
  Run ID                : 19
  Events run            : 700
  Events with ≥1 hit    : 700
  End-left  photons     : 7142
  End-right photons     : 28690
  Top SiPM  photons     : 211611
  Scint photons generated: 13650015
  Total photons detected : 247443
  Detection efficiency   : 1.8128 %
  ROOT output           : photon_hits_run019.root
==============================

G4WT2 > 
=== EJ Scintillator Bar Run Summary ===
  Run ID                : 19
  Events run            : 700
  Events with ≥1 hit    : 700
  End-left  photons     : 7338
  End-right photons     : 28914
  Top SiPM  photons     : 211610
  Scint photons generated: 13658203
  Total photons detected : 247862
  Detection efficiency   : 1.8147 %
  ROOT output           : photon_hits_run019.root
==============================

G4WT0 > 
=== EJ Scintillator Bar Run Summary ===
  Run ID                : 19
  Events run            : 600
  Events with ≥1 hit    : 600
  End-left  photons     : 6449
  End-right photons     : 25163
  Top SiPM  photons     : 184092
  Scint photons generated: 11900005
  Total photons detected : 215704
  Detection efficiency   : 1.8126 %
  ROOT output           : photon_hits_run019.root
==============================

G4WT12 > 
=== EJ Scintillator Bar Run Summary ===
  Run ID                : 19
  Events run            : 600
  Events with ≥1 hit    : 600
  End-left  photons     : 6480
  End-right photons     : 25566
  Top SiPM  photons     : 186513
  Scint photons generated: 11999385
  Total photons detected : 218559
  Detection efficiency   : 1.8214 %
  ROOT output           : photon_hits_run019.root
==============================

G4WT8 > 
=== EJ Scintillator Bar Run Summary ===
  Run ID                : 19
  Events run            : 600
  Events with ≥1 hit    : 600
  End-left  photons     : 6336
  End-right photons     : 24957
  Top SiPM  photons     : 185792
  Scint photons generated: 11953989
  Total photons detected : 217085
  Detection efficiency   : 1.8160 %
  ROOT output           : photon_hits_run019.root
==============================

G4WT4 > 
=== EJ Scintillator Bar Run Summary ===
  Run ID                : 19
  Events run            : 600
  Events with ≥1 hit    : 600
  End-left  photons     : 6407
  End-right photons     : 25039
  Top SiPM  photons     : 184724
  Scint photons generated: 11878647
  Total photons detected : 216170
  Detection efficiency   : 1.8198 %
  ROOT output           : photon_hits_run019.root
==============================

G4WT7 > 
=== EJ Scintillator Bar Run Summary ===
  Run ID                : 19
  Events run            : 600
  Events with ≥1 hit    : 600
  End-left  photons     : 6436
  End-right photons     : 25431
  Top SiPM  photons     : 186831
  Scint photons generated: 12058073
  Total photons detected : 218698
  Detection efficiency   : 1.8137 %
  ROOT output           : photon_hits_run019.root
==============================

G4WT9 > 
=== EJ Scintillator Bar Run Summary ===
  Run ID                : 19
  Events run            : 600
  Events with ≥1 hit    : 600
  End-left  photons     : 6240
  End-right photons     : 25241
  Top SiPM  photons     : 184553
  Scint photons generated: 11929567
  Total photons detected : 216034
  Detection efficiency   : 1.8109 %
  ROOT output           : photon_hits_run019.root
==============================

G4WT15 > 
=== EJ Scintillator Bar Run Summary ===
  Run ID                : 19
  Events run            : 600
  Events with ≥1 hit    : 600
  End-left  photons     : 6326
  End-right photons     : 25293
  Top SiPM  photons     : 184267
  Scint photons generated: 11882685
  Total photons detected : 215886
  Detection efficiency   : 1.8168 %
  ROOT output           : photon_hits_run019.root
==============================


=== EJ Scintillator Bar Run Summary ===
  Run ID                : 19
  Events run            : 10000
  Events with ≥1 hit    : 10000
  End-left  photons     : 106426
  End-right photons     : 418444
  Top SiPM  photons     : 3078285
  Scint photons generated: 198368035
  Total photons detected : 3603155
  Detection efficiency   : 1.8164 %
  ROOT output           : photon_hits_run019.root
==============================


=== Boundary Census (diagnostic) ===
  Bar -> reflector panel   : 1724668357
  Bar -> World (escaped)   : 139336195
  Bar -> Bar (TIR/refl)    : 0
  Bar -> SiPM (entering)   : 10373788
  Killed in WorldLV        : 146525922
====================================


=== Active Scintillator Baseline ===
  Material              : EJ204
  Yield                 : 10400.0000 ph/MeV
  Rise time tau_r       : 0.7000 ns
  Decay time tau_d      : 1.8000 ns
  Attenuation length    : 160.0000 cm
  Emission peak lambda  : 408.0000 nm
  Finite rise time      : enabled
=====================================
G4WT5 > 
=== EJ Scintillator Bar Run Summary ===
  Run ID                : 20
  Events run            : 700
  Events with ≥1 hit    : 700
  End-left  photons     : 6333
  End-right photons     : 35741
  Top SiPM  photons     : 236976
  Scint photons generated: 13713823
  Total photons detected : 279050
  Detection efficiency   : 2.0348 %
  ROOT output           : photon_hits_run020.root
==============================

G4WT12 > 
=== EJ Scintillator Bar Run Summary ===
  Run ID                : 20
  Events run            : 700
  Events with ≥1 hit    : 700
  End-left  photons     : 6321
  End-right photons     : 36069
  Top SiPM  photons     : 236478
  Scint photons generated: 13746165
  Total photons detected : 278868
  Detection efficiency   : 2.0287 %
  ROOT output           : photon_hits_run020.root
==============================

G4WT11 > 
=== EJ Scintillator Bar Run Summary ===
  Run ID                : 20
  Events run            : 600
  Events with ≥1 hit    : 600
  End-left  photons     : 5627
  End-right photons     : 31127
  Top SiPM  photons     : 206330
  Scint photons generated: 11904966
  Total photons detected : 243084
  Detection efficiency   : 2.0419 %
  ROOT output           : photon_hits_run020.root
==============================

G4WT14 > 
=== EJ Scintillator Bar Run Summary ===
  Run ID                : 20
  Events run            : 600
  Events with ≥1 hit    : 600
  End-left  photons     : 5561
  End-right photons     : 31042
  Top SiPM  photons     : 204135
  Scint photons generated: 11827483
  Total photons detected : 240738
  Detection efficiency   : 2.0354 %
  ROOT output           : photon_hits_run020.root
==============================

G4WT6 > 
=== EJ Scintillator Bar Run Summary ===
  Run ID                : 20
  Events run            : 600
  Events with ≥1 hit    : 600
  End-left  photons     : 5501
  End-right photons     : 30996
  Top SiPM  photons     : 203640
  Scint photons generated: 11866317
  Total photons detected : 240137
  Detection efficiency   : 2.0237 %
  ROOT output           : photon_hits_run020.root
==============================

G4WT3 > 
=== EJ Scintillator Bar Run Summary ===
  Run ID                : 20
  Events run            : 600
  Events with ≥1 hit    : 600
  End-left  photons     : 5536
  End-right photons     : 31276
  Top SiPM  photons     : 205243
  Scint photons generated: 11913686
  Total photons detected : 242055
  Detection efficiency   : 2.0317 %
  ROOT output           : photon_hits_run020.root
==============================

G4WT15 > 
=== EJ Scintillator Bar Run Summary ===
  Run ID                : 20
  Events run            : 600
  Events with ≥1 hit    : 600
  End-left  photons     : 5543
  End-right photons     : 31392
  Top SiPM  photons     : 208258
  Scint photons generated: 12057961
  Total photons detected : 245193
  Detection efficiency   : 2.0335 %
  ROOT output           : photon_hits_run020.root
==============================

G4WT0 > 
=== EJ Scintillator Bar Run Summary ===
  Run ID                : 20
  Events run            : 700
  Events with ≥1 hit    : 700
  End-left  photons     : 6472
  End-right photons     : 35966
  Top SiPM  photons     : 237039
  Scint photons generated: 13708283
  Total photons detected : 279477
  Detection efficiency   : 2.0387 %
  ROOT output           : photon_hits_run020.root
==============================

G4WT7 > 
=== EJ Scintillator Bar Run Summary ===
  Run ID                : 20
  Events run            : 700
  Events with ≥1 hit    : 700
  End-left  photons     : 6475
  End-right photons     : 36082
  Top SiPM  photons     : 236480
  Scint photons generated: 13700659
  Total photons detected : 279037
  Detection efficiency   : 2.0367 %
  ROOT output           : photon_hits_run020.root
==============================

G4WT2 > 
=== EJ Scintillator Bar Run Summary ===
  Run ID                : 20
  Events run            : 600
  Events with ≥1 hit    : 600
  End-left  photons     : 5525
  End-right photons     : 31613
  Top SiPM  photons     : 207531
  Scint photons generated: 12031641
  Total photons detected : 244669
  Detection efficiency   : 2.0335 %
  ROOT output           : photon_hits_run020.root
==============================

G4WT10 > 
=== EJ Scintillator Bar Run Summary ===
  Run ID                : 20
  Events run            : 600
  Events with ≥1 hit    : 600
  End-left  photons     : 5680
  End-right photons     : 31110
  Top SiPM  photons     : 204213
  Scint photons generated: 11862513
  Total photons detected : 241003
  Detection efficiency   : 2.0316 %
  ROOT output           : photon_hits_run020.root
==============================

G4WT8 > 
=== EJ Scintillator Bar Run Summary ===
  Run ID                : 20
  Events run            : 600
  Events with ≥1 hit    : 600
  End-left  photons     : 5717
  End-right photons     : 30958
  Top SiPM  photons     : 203841
  Scint photons generated: 11817087
  Total photons detected : 240516
  Detection efficiency   : 2.0353 %
  ROOT output           : photon_hits_run020.root
==============================

G4WT1 > 
=== EJ Scintillator Bar Run Summary ===
  Run ID                : 20
  Events run            : 600
  Events with ≥1 hit    : 600
  End-left  photons     : 5367
  End-right photons     : 31219
  Top SiPM  photons     : 205726
  Scint photons generated: 11889192
  Total photons detected : 242312
  Detection efficiency   : 2.0381 %
  ROOT output           : photon_hits_run020.root
==============================

G4WT4 > 
=== EJ Scintillator Bar Run Summary ===
  Run ID                : 20
  Events run            : 600
  Events with ≥1 hit    : 600
  End-left  photons     : 5623
  End-right photons     : 31134
  Top SiPM  photons     : 206005
  Scint photons generated: 11906709
  Total photons detected : 242762
  Detection efficiency   : 2.0389 %
  ROOT output           : photon_hits_run020.root
==============================

G4WT13 > 
=== EJ Scintillator Bar Run Summary ===
  Run ID                : 20
  Events run            : 600
  Events with ≥1 hit    : 600
  End-left  photons     : 5559
  End-right photons     : 31048
  Top SiPM  photons     : 203527
  Scint photons generated: 11861006
  Total photons detected : 240134
  Detection efficiency   : 2.0246 %
  ROOT output           : photon_hits_run020.root
==============================

G4WT9 > 
=== EJ Scintillator Bar Run Summary ===
  Run ID                : 20
  Events run            : 600
  Events with ≥1 hit    : 600
  End-left  photons     : 5587
  End-right photons     : 31673
  Top SiPM  photons     : 209364
  Scint photons generated: 12093499
  Total photons detected : 246624
  Detection efficiency   : 2.0393 %
  ROOT output           : photon_hits_run020.root
==============================


=== EJ Scintillator Bar Run Summary ===
  Run ID                : 20
  Events run            : 10000
  Events with ≥1 hit    : 10000
  End-left  photons     : 92427
  End-right photons     : 518446
  Top SiPM  photons     : 3414786
  Scint photons generated: 197900990
  Total photons detected : 4025659
  Detection efficiency   : 2.0342 %
  ROOT output           : photon_hits_run020.root
==============================


=== Boundary Census (diagnostic) ===
  Bar -> reflector panel   : 1717951469
  Bar -> World (escaped)   : 137862453
  Bar -> Bar (TIR/refl)    : 0
  Bar -> SiPM (entering)   : 11592683
  Killed in WorldLV        : 146084233
====================================


=== Active Scintillator Baseline ===
  Material              : EJ204
  Yield                 : 10400.0000 ph/MeV
  Rise time tau_r       : 0.7000 ns
  Decay time tau_d      : 1.8000 ns
  Attenuation length    : 160.0000 cm
  Emission peak lambda  : 408.0000 nm
  Finite rise time      : enabled
=====================================
G4WT0 > 
=== EJ Scintillator Bar Run Summary ===
  Run ID                : 21
  Events run            : 700
  Events with ≥1 hit    : 700
  End-left  photons     : 5538
  End-right photons     : 45490
  Top SiPM  photons     : 226907
  Scint photons generated: 13827476
  Total photons detected : 277935
  Detection efficiency   : 2.0100 %
  ROOT output           : photon_hits_run021.root
==============================

G4WT12 > 
=== EJ Scintillator Bar Run Summary ===
  Run ID                : 21
  Events run            : 700
  Events with ≥1 hit    : 700
  End-left  photons     : 5529
  End-right photons     : 45178
  Top SiPM  photons     : 225954
  Scint photons generated: 13793253
  Total photons detected : 276661
  Detection efficiency   : 2.0058 %
  ROOT output           : photon_hits_run021.root
==============================

G4WT11 > 
=== EJ Scintillator Bar Run Summary ===
  Run ID                : 21
  Events run            : 600
  Events with ≥1 hit    : 600
  End-left  photons     : 4842
  End-right photons     : 39433
  Top SiPM  photons     : 195692
  Scint photons generated: 11963067
  Total photons detected : 239967
  Detection efficiency   : 2.0059 %
  ROOT output           : photon_hits_run021.root
==============================

G4WT10 > 
=== EJ Scintillator Bar Run Summary ===
  Run ID                : 21
  Events run            : 600
  Events with ≥1 hit    : 600
  End-left  photons     : 4833
  End-right photons     : 39195
  Top SiPM  photons     : 194251
  Scint photons generated: 11866869
  Total photons detected : 238279
  Detection efficiency   : 2.0079 %
  ROOT output           : photon_hits_run021.root
==============================

G4WT3 > 
=== EJ Scintillator Bar Run Summary ===
  Run ID                : 21
  Events run            : 600
  Events with ≥1 hit    : 600
  End-left  photons     : 4862
  End-right photons     : 38888
  Top SiPM  photons     : 196124
  Scint photons generated: 11943733
  Total photons detected : 239874
  Detection efficiency   : 2.0084 %
  ROOT output           : photon_hits_run021.root
==============================

G4WT4 > 
=== EJ Scintillator Bar Run Summary ===
  Run ID                : 21
  Events run            : 600
  Events with ≥1 hit    : 600
  End-left  photons     : 4831
  End-right photons     : 39460
  Top SiPM  photons     : 197023
  Scint photons generated: 12006139
  Total photons detected : 241314
  Detection efficiency   : 2.0099 %
  ROOT output           : photon_hits_run021.root
==============================

G4WT9 > 
=== EJ Scintillator Bar Run Summary ===
  Run ID                : 21
  Events run            : 600
  Events with ≥1 hit    : 600
  End-left  photons     : 4903
  End-right photons     : 39672
  Top SiPM  photons     : 197910
  Scint photons generated: 12081472
  Total photons detected : 242485
  Detection efficiency   : 2.0071 %
  ROOT output           : photon_hits_run021.root
==============================

G4WT7 > 
=== EJ Scintillator Bar Run Summary ===
  Run ID                : 21
  Events run            : 600
  Events with ≥1 hit    : 600
  End-left  photons     : 5031
  End-right photons     : 39077
  Top SiPM  photons     : 195440
  Scint photons generated: 11919936
  Total photons detected : 239548
  Detection efficiency   : 2.0096 %
  ROOT output           : photon_hits_run021.root
==============================

G4WT1 > 
=== EJ Scintillator Bar Run Summary ===
  Run ID                : 21
  Events run            : 600
  Events with ≥1 hit    : 600
  End-left  photons     : 4962
  End-right photons     : 39396
  Top SiPM  photons     : 196190
  Scint photons generated: 11989051
  Total photons detected : 240548
  Detection efficiency   : 2.0064 %
  ROOT output           : photon_hits_run021.root
==============================

G4WT6 > 
=== EJ Scintillator Bar Run Summary ===
  Run ID                : 21
  Events run            : 700
  Events with ≥1 hit    : 700
  End-left  photons     : 5533
  End-right photons     : 45381
  Top SiPM  photons     : 225935
  Scint photons generated: 13809010
  Total photons detected : 276849
  Detection efficiency   : 2.0048 %
  ROOT output           : photon_hits_run021.root
==============================

G4WT8 > 
=== EJ Scintillator Bar Run Summary ===
  Run ID                : 21
  Events run            : 600
  Events with ≥1 hit    : 600
  End-left  photons     : 4911
  End-right photons     : 39103
  Top SiPM  photons     : 194856
  Scint photons generated: 11904032
  Total photons detected : 238870
  Detection efficiency   : 2.0066 %
  ROOT output           : photon_hits_run021.root
==============================

G4WT13 > 
=== EJ Scintillator Bar Run Summary ===
  Run ID                : 21
  Events run            : 700
  Events with ≥1 hit    : 700
  End-left  photons     : 5601
  End-right photons     : 45276
  Top SiPM  photons     : 225283
  Scint photons generated: 13749206
  Total photons detected : 276160
  Detection efficiency   : 2.0086 %
  ROOT output           : photon_hits_run021.root
==============================

G4WT15 > 
=== EJ Scintillator Bar Run Summary ===
  Run ID                : 21
  Events run            : 600
  Events with ≥1 hit    : 600
  End-left  photons     : 4857
  End-right photons     : 38945
  Top SiPM  photons     : 193873
  Scint photons generated: 11825170
  Total photons detected : 237675
  Detection efficiency   : 2.0099 %
  ROOT output           : photon_hits_run021.root
==============================

G4WT14 > 
=== EJ Scintillator Bar Run Summary ===
  Run ID                : 21
  Events run            : 600
  Events with ≥1 hit    : 600
  End-left  photons     : 4902
  End-right photons     : 39477
  Top SiPM  photons     : 197786
  Scint photons generated: 12108908
  Total photons detected : 242165
  Detection efficiency   : 1.9999 %
  ROOT output           : photon_hits_run021.root
==============================

G4WT5 > 
=== EJ Scintillator Bar Run Summary ===
  Run ID                : 21
  Events run            : 600
  Events with ≥1 hit    : 600
  End-left  photons     : 4856
  End-right photons     : 38938
  Top SiPM  photons     : 194477
  Scint photons generated: 11896223
  Total photons detected : 238271
  Detection efficiency   : 2.0029 %
  ROOT output           : photon_hits_run021.root
==============================

G4WT2 > 
=== EJ Scintillator Bar Run Summary ===
  Run ID                : 21
  Events run            : 600
  Events with ≥1 hit    : 600
  End-left  photons     : 5036
  End-right photons     : 40382
  Top SiPM  photons     : 199901
  Scint photons generated: 12175955
  Total photons detected : 245319
  Detection efficiency   : 2.0148 %
  ROOT output           : photon_hits_run021.root
==============================


=== EJ Scintillator Bar Run Summary ===
  Run ID                : 21
  Events run            : 10000
  Events with ≥1 hit    : 10000
  End-left  photons     : 81027
  End-right photons     : 653291
  Top SiPM  photons     : 3257602
  Scint photons generated: 198859500
  Total photons detected : 3991920
  Detection efficiency   : 2.0074 %
  ROOT output           : photon_hits_run021.root
==============================


=== Boundary Census (diagnostic) ===
  Bar -> reflector panel   : 1722402003
  Bar -> World (escaped)   : 138814676
  Bar -> Bar (TIR/refl)    : 0
  Bar -> SiPM (entering)   : 11496593
  Killed in WorldLV        : 146538967
====================================


=== Active Scintillator Baseline ===
  Material              : EJ204
  Yield                 : 10400.0000 ph/MeV
  Rise time tau_r       : 0.7000 ns
  Decay time tau_d      : 1.8000 ns
  Attenuation length    : 160.0000 cm
  Emission peak lambda  : 408.0000 nm
  Finite rise time      : enabled
=====================================
G4WT5 > 
=== EJ Scintillator Bar Run Summary ===
  Run ID                : 22
  Events run            : 600
  Events with ≥1 hit    : 600
  End-left  photons     : 4236
  End-right photons     : 49531
  Top SiPM  photons     : 177889
  Scint photons generated: 11811764
  Total photons detected : 231656
  Detection efficiency   : 1.9612 %
  ROOT output           : photon_hits_run022.root
==============================

G4WT1 > 
=== EJ Scintillator Bar Run Summary ===
  Run ID                : 22
  Events run            : 700
  Events with ≥1 hit    : 700
  End-left  photons     : 4966
  End-right photons     : 58074
  Top SiPM  photons     : 208529
  Scint photons generated: 13834188
  Total photons detected : 271569
  Detection efficiency   : 1.9630 %
  ROOT output           : photon_hits_run022.root
==============================

G4WT4 > 
=== EJ Scintillator Bar Run Summary ===
  Run ID                : 22
  Events run            : 600
  Events with ≥1 hit    : 600
  End-left  photons     : 4254
  End-right photons     : 50163
  Top SiPM  photons     : 179036
  Scint photons generated: 11861157
  Total photons detected : 233453
  Detection efficiency   : 1.9682 %
  ROOT output           : photon_hits_run022.root
==============================

G4WT12 > 
=== EJ Scintillator Bar Run Summary ===
  Run ID                : 22
  Events run            : 600
  Events with ≥1 hit    : 600
  End-left  photons     : 4251
  End-right photons     : 49696
  Top SiPM  photons     : 177257
  Scint photons generated: 11833087
  Total photons detected : 231204
  Detection efficiency   : 1.9539 %
  ROOT output           : photon_hits_run022.root
==============================

G4WT15 > 
=== EJ Scintillator Bar Run Summary ===
  Run ID                : 22
  Events run            : 600
  Events with ≥1 hit    : 600
  End-left  photons     : 4347
  End-right photons     : 50071
  Top SiPM  photons     : 178656
  Scint photons generated: 11858166
  Total photons detected : 233074
  Detection efficiency   : 1.9655 %
  ROOT output           : photon_hits_run022.root
==============================

G4WT14 > 
=== EJ Scintillator Bar Run Summary ===
  Run ID                : 22
  Events run            : 600
  Events with ≥1 hit    : 600
  End-left  photons     : 4256
  End-right photons     : 50389
  Top SiPM  photons     : 181435
  Scint photons generated: 12037188
  Total photons detected : 236080
  Detection efficiency   : 1.9613 %
  ROOT output           : photon_hits_run022.root
==============================

G4WT13 > 
=== EJ Scintillator Bar Run Summary ===
  Run ID                : 22
  Events run            : 600
  Events with ≥1 hit    : 600
  End-left  photons     : 4386
  End-right photons     : 50155
  Top SiPM  photons     : 181330
  Scint photons generated: 12043727
  Total photons detected : 235871
  Detection efficiency   : 1.9585 %
  ROOT output           : photon_hits_run022.root
==============================

G4WT7 > 
=== EJ Scintillator Bar Run Summary ===
  Run ID                : 22
  Events run            : 700
  Events with ≥1 hit    : 700
  End-left  photons     : 5002
  End-right photons     : 57728
  Top SiPM  photons     : 206945
  Scint photons generated: 13698113
  Total photons detected : 269675
  Detection efficiency   : 1.9687 %
  ROOT output           : photon_hits_run022.root
==============================

G4WT8 > 
=== EJ Scintillator Bar Run Summary ===
  Run ID                : 22
  Events run            : 700
  Events with ≥1 hit    : 700
  End-left  photons     : 5019
  End-right photons     : 58006
  Top SiPM  photons     : 209158
  Scint photons generated: 13850127
  Total photons detected : 272183
  Detection efficiency   : 1.9652 %
  ROOT output           : photon_hits_run022.root
==============================

G4WT10 > 
=== EJ Scintillator Bar Run Summary ===
  Run ID                : 22
  Events run            : 600
  Events with ≥1 hit    : 600
  End-left  photons     : 4188
  End-right photons     : 49806
  Top SiPM  photons     : 178820
  Scint photons generated: 11852250
  Total photons detected : 232814
  Detection efficiency   : 1.9643 %
  ROOT output           : photon_hits_run022.root
==============================

G4WT3 > 
=== EJ Scintillator Bar Run Summary ===
  Run ID                : 22
  Events run            : 600
  Events with ≥1 hit    : 600
  End-left  photons     : 4499
  End-right photons     : 50564
  Top SiPM  photons     : 181727
  Scint photons generated: 12030914
  Total photons detected : 236790
  Detection efficiency   : 1.9682 %
  ROOT output           : photon_hits_run022.root
==============================

G4WT11 > 
=== EJ Scintillator Bar Run Summary ===
  Run ID                : 22
  Events run            : 600
  Events with ≥1 hit    : 600
  End-left  photons     : 4344
  End-right photons     : 50748
  Top SiPM  photons     : 181483
  Scint photons generated: 12063458
  Total photons detected : 236575
  Detection efficiency   : 1.9611 %
  ROOT output           : photon_hits_run022.root
==============================

G4WT2 > 
=== EJ Scintillator Bar Run Summary ===
  Run ID                : 22
  Events run            : 600
  Events with ≥1 hit    : 600
  End-left  photons     : 4257
  End-right photons     : 49299
  Top SiPM  photons     : 177179
  Scint photons generated: 11794666
  Total photons detected : 230735
  Detection efficiency   : 1.9563 %
  ROOT output           : photon_hits_run022.root
==============================

G4WT0 > 
=== EJ Scintillator Bar Run Summary ===
  Run ID                : 22
  Events run            : 600
  Events with ≥1 hit    : 600
  End-left  photons     : 4366
  End-right photons     : 50527
  Top SiPM  photons     : 181254
  Scint photons generated: 12001719
  Total photons detected : 236147
  Detection efficiency   : 1.9676 %
  ROOT output           : photon_hits_run022.root
==============================

G4WT9 > 
=== EJ Scintillator Bar Run Summary ===
  Run ID                : 22
  Events run            : 600
  Events with ≥1 hit    : 600
  End-left  photons     : 4309
  End-right photons     : 49988
  Top SiPM  photons     : 178370
  Scint photons generated: 11833571
  Total photons detected : 232667
  Detection efficiency   : 1.9662 %
  ROOT output           : photon_hits_run022.root
==============================

G4WT6 > 
=== EJ Scintillator Bar Run Summary ===
  Run ID                : 22
  Events run            : 700
  Events with ≥1 hit    : 700
  End-left  photons     : 5006
  End-right photons     : 57846
  Top SiPM  photons     : 208117
  Scint photons generated: 13795204
  Total photons detected : 270969
  Detection efficiency   : 1.9642 %
  ROOT output           : photon_hits_run022.root
==============================


=== EJ Scintillator Bar Run Summary ===
  Run ID                : 22
  Events run            : 10000
  Events with ≥1 hit    : 10000
  End-left  photons     : 71686
  End-right photons     : 832591
  Top SiPM  photons     : 2987185
  Scint photons generated: 198199299
  Total photons detected : 3891462
  Detection efficiency   : 1.9634 %
  ROOT output           : photon_hits_run022.root
==============================


=== Boundary Census (diagnostic) ===
  Bar -> reflector panel   : 1712024418
  Bar -> World (escaped)   : 138782557
  Bar -> Bar (TIR/refl)    : 0
  Bar -> SiPM (entering)   : 11204674
  Killed in WorldLV        : 145734206
====================================


=== Active Scintillator Baseline ===
  Material              : EJ204
  Yield                 : 10400.0000 ph/MeV
  Rise time tau_r       : 0.7000 ns
  Decay time tau_d      : 1.8000 ns
  Attenuation length    : 160.0000 cm
  Emission peak lambda  : 408.0000 nm
  Finite rise time      : enabled
=====================================
G4WT7 > 
=== EJ Scintillator Bar Run Summary ===
  Run ID                : 23
  Events run            : 700
  Events with ≥1 hit    : 700
  End-left  photons     : 4379
  End-right photons     : 74701
  Top SiPM  photons     : 222173
  Scint photons generated: 13666600
  Total photons detected : 301253
  Detection efficiency   : 2.2043 %
  ROOT output           : photon_hits_run023.root
==============================

G4WT13 > 
=== EJ Scintillator Bar Run Summary ===
  Run ID                : 23
  Events run            : 700
  Events with ≥1 hit    : 700
  End-left  photons     : 4461
  End-right photons     : 75550
  Top SiPM  photons     : 223854
  Scint photons generated: 13798838
  Total photons detected : 303865
  Detection efficiency   : 2.2021 %
  ROOT output           : photon_hits_run023.root
==============================

G4WT2 > 
=== EJ Scintillator Bar Run Summary ===
  Run ID                : 23
  Events run            : 600
  Events with ≥1 hit    : 600
  End-left  photons     : 3783
  End-right photons     : 64546
  Top SiPM  photons     : 192139
  Scint photons generated: 11790297
  Total photons detected : 260468
  Detection efficiency   : 2.2092 %
  ROOT output           : photon_hits_run023.root
==============================

G4WT5 > 
=== EJ Scintillator Bar Run Summary ===
  Run ID                : 23
  Events run            : 600
  Events with ≥1 hit    : 600
  End-left  photons     : 3842
  End-right photons     : 65113
  Top SiPM  photons     : 192748
  Scint photons generated: 11856682
  Total photons detected : 261703
  Detection efficiency   : 2.2072 %
  ROOT output           : photon_hits_run023.root
==============================

G4WT12 > 
=== EJ Scintillator Bar Run Summary ===
  Run ID                : 23
  Events run            : 600
  Events with ≥1 hit    : 600
  End-left  photons     : 3862
  End-right photons     : 65446
  Top SiPM  photons     : 193526
  Scint photons generated: 11931112
  Total photons detected : 262834
  Detection efficiency   : 2.2029 %
  ROOT output           : photon_hits_run023.root
==============================

G4WT14 > 
=== EJ Scintillator Bar Run Summary ===
  Run ID                : 23
  Events run            : 600
  Events with ≥1 hit    : 600
  End-left  photons     : 3841
  End-right photons     : 65042
  Top SiPM  photons     : 193557
  Scint photons generated: 11918170
  Total photons detected : 262440
  Detection efficiency   : 2.2020 %
  ROOT output           : photon_hits_run023.root
==============================

G4WT15 > 
=== EJ Scintillator Bar Run Summary ===
  Run ID                : 23
  Events run            : 600
  Events with ≥1 hit    : 600
  End-left  photons     : 3873
  End-right photons     : 66564
  Top SiPM  photons     : 196089
  Scint photons generated: 12072461
  Total photons detected : 266526
  Detection efficiency   : 2.2077 %
  ROOT output           : photon_hits_run023.root
==============================

G4WT9 > 
=== EJ Scintillator Bar Run Summary ===
  Run ID                : 23
  Events run            : 600
  Events with ≥1 hit    : 600
  End-left  photons     : 3893
  End-right photons     : 66647
  Top SiPM  photons     : 196058
  Scint photons generated: 12101044
  Total photons detected : 266598
  Detection efficiency   : 2.2031 %
  ROOT output           : photon_hits_run023.root
==============================

G4WT8 > 
=== EJ Scintillator Bar Run Summary ===
  Run ID                : 23
  Events run            : 700
  Events with ≥1 hit    : 700
  End-left  photons     : 4426
  End-right photons     : 74809
  Top SiPM  photons     : 221519
  Scint photons generated: 13610075
  Total photons detected : 300754
  Detection efficiency   : 2.2098 %
  ROOT output           : photon_hits_run023.root
==============================

G4WT3 > 
=== EJ Scintillator Bar Run Summary ===
  Run ID                : 23
  Events run            : 600
  Events with ≥1 hit    : 600
  End-left  photons     : 3833
  End-right photons     : 65295
  Top SiPM  photons     : 192455
  Scint photons generated: 11824510
  Total photons detected : 261583
  Detection efficiency   : 2.2122 %
  ROOT output           : photon_hits_run023.root
==============================

G4WT6 > 
=== EJ Scintillator Bar Run Summary ===
  Run ID                : 23
  Events run            : 600
  Events with ≥1 hit    : 600
  End-left  photons     : 3906
  End-right photons     : 65650
  Top SiPM  photons     : 194237
  Scint photons generated: 11966300
  Total photons detected : 263793
  Detection efficiency   : 2.2045 %
  ROOT output           : photon_hits_run023.root
==============================

G4WT10 > 
=== EJ Scintillator Bar Run Summary ===
  Run ID                : 23
  Events run            : 600
  Events with ≥1 hit    : 600
  End-left  photons     : 3854
  End-right photons     : 65525
  Top SiPM  photons     : 195344
  Scint photons generated: 11971322
  Total photons detected : 264723
  Detection efficiency   : 2.2113 %
  ROOT output           : photon_hits_run023.root
==============================

G4WT11 > 
=== EJ Scintillator Bar Run Summary ===
  Run ID                : 23
  Events run            : 600
  Events with ≥1 hit    : 600
  End-left  photons     : 3693
  End-right photons     : 64867
  Top SiPM  photons     : 193102
  Scint photons generated: 11845520
  Total photons detected : 261662
  Detection efficiency   : 2.2090 %
  ROOT output           : photon_hits_run023.root
==============================

G4WT0 > 
=== EJ Scintillator Bar Run Summary ===
  Run ID                : 23
  Events run            : 600
  Events with ≥1 hit    : 600
  End-left  photons     : 3737
  End-right photons     : 65041
  Top SiPM  photons     : 192750
  Scint photons generated: 11856638
  Total photons detected : 261528
  Detection efficiency   : 2.2058 %
  ROOT output           : photon_hits_run023.root
==============================

G4WT1 > 
=== EJ Scintillator Bar Run Summary ===
  Run ID                : 23
  Events run            : 600
  Events with ≥1 hit    : 600
  End-left  photons     : 3869
  End-right photons     : 64645
  Top SiPM  photons     : 191993
  Scint photons generated: 11810265
  Total photons detected : 260507
  Detection efficiency   : 2.2058 %
  ROOT output           : photon_hits_run023.root
==============================

G4WT4 > 
=== EJ Scintillator Bar Run Summary ===
  Run ID                : 23
  Events run            : 700
  Events with ≥1 hit    : 700
  End-left  photons     : 4379
  End-right photons     : 75153
  Top SiPM  photons     : 221155
  Scint photons generated: 13637537
  Total photons detected : 300687
  Detection efficiency   : 2.2048 %
  ROOT output           : photon_hits_run023.root
==============================


=== EJ Scintillator Bar Run Summary ===
  Run ID                : 23
  Events run            : 10000
  Events with ≥1 hit    : 10000
  End-left  photons     : 63631
  End-right photons     : 1084594
  Top SiPM  photons     : 3212699
  Scint photons generated: 197657371
  Total photons detected : 4360924
  Detection efficiency   : 2.2063 %
  ROOT output           : photon_hits_run023.root
==============================


=== Boundary Census (diagnostic) ===
  Bar -> reflector panel   : 1700122757
  Bar -> World (escaped)   : 137259105
  Bar -> Bar (TIR/refl)    : 0
  Bar -> SiPM (entering)   : 12561463
  Killed in WorldLV        : 144889841
====================================


=== Active Scintillator Baseline ===
  Material              : EJ204
  Yield                 : 10400.0000 ph/MeV
  Rise time tau_r       : 0.7000 ns
  Decay time tau_d      : 1.8000 ns
  Attenuation length    : 160.0000 cm
  Emission peak lambda  : 408.0000 nm
  Finite rise time      : enabled
=====================================
G4WT2 > 
=== EJ Scintillator Bar Run Summary ===
  Run ID                : 24
  Events run            : 700
  Events with ≥1 hit    : 700
  End-left  photons     : 3919
  End-right photons     : 102928
  Top SiPM  photons     : 236209
  Scint photons generated: 13885323
  Total photons detected : 343056
  Detection efficiency   : 2.4706 %
  ROOT output           : photon_hits_run024.root
==============================

G4WT13 > 
=== EJ Scintillator Bar Run Summary ===
  Run ID                : 24
  Events run            : 600
  Events with ≥1 hit    : 600
  End-left  photons     : 3307
  End-right photons     : 87820
  Top SiPM  photons     : 201562
  Scint photons generated: 11889663
  Total photons detected : 292689
  Detection efficiency   : 2.4617 %
  ROOT output           : photon_hits_run024.root
==============================

G4WT11 > 
=== EJ Scintillator Bar Run Summary ===
  Run ID                : 24
  Events run            : 600
  Events with ≥1 hit    : 600
  End-left  photons     : 3346
  End-right photons     : 87955
  Top SiPM  photons     : 203288
  Scint photons generated: 11935426
  Total photons detected : 294589
  Detection efficiency   : 2.4682 %
  ROOT output           : photon_hits_run024.root
==============================

G4WT9 > 
=== EJ Scintillator Bar Run Summary ===
  Run ID                : 24
  Events run            : 600
  Events with ≥1 hit    : 600
  End-left  photons     : 3396
  End-right photons     : 88479
  Top SiPM  photons     : 202692
  Scint photons generated: 11928289
  Total photons detected : 294567
  Detection efficiency   : 2.4695 %
  ROOT output           : photon_hits_run024.root
==============================

G4WT6 > 
=== EJ Scintillator Bar Run Summary ===
  Run ID                : 24
  Events run            : 600
  Events with ≥1 hit    : 600
  End-left  photons     : 3477
  End-right photons     : 89054
  Top SiPM  photons     : 202592
  Scint photons generated: 11941440
  Total photons detected : 295123
  Detection efficiency   : 2.4714 %
  ROOT output           : photon_hits_run024.root
==============================

G4WT15 > 
=== EJ Scintillator Bar Run Summary ===
  Run ID                : 24
  Events run            : 600
  Events with ≥1 hit    : 600
  End-left  photons     : 3336
  End-right photons     : 87652
  Top SiPM  photons     : 202631
  Scint photons generated: 11923747
  Total photons detected : 293619
  Detection efficiency   : 2.4625 %
  ROOT output           : photon_hits_run024.root
==============================

G4WT12 > 
=== EJ Scintillator Bar Run Summary ===
  Run ID                : 24
  Events run            : 700
  Events with ≥1 hit    : 700
  End-left  photons     : 3931
  End-right photons     : 101885
  Top SiPM  photons     : 235822
  Scint photons generated: 13801677
  Total photons detected : 341638
  Detection efficiency   : 2.4753 %
  ROOT output           : photon_hits_run024.root
==============================

G4WT8 > 
=== EJ Scintillator Bar Run Summary ===
  Run ID                : 24
  Events run            : 600
  Events with ≥1 hit    : 600
  End-left  photons     : 3370
  End-right photons     : 88897
  Top SiPM  photons     : 203360
  Scint photons generated: 11976566
  Total photons detected : 295627
  Detection efficiency   : 2.4684 %
  ROOT output           : photon_hits_run024.root
==============================

G4WT4 > 
=== EJ Scintillator Bar Run Summary ===
  Run ID                : 24
  Events run            : 700
  Events with ≥1 hit    : 700
  End-left  photons     : 3908
  End-right photons     : 102830
  Top SiPM  photons     : 234377
  Scint photons generated: 13845652
  Total photons detected : 341115
  Detection efficiency   : 2.4637 %
  ROOT output           : photon_hits_run024.root
==============================

G4WT7 > 
=== EJ Scintillator Bar Run Summary ===
  Run ID                : 24
  Events run            : 600
  Events with ≥1 hit    : 600
  End-left  photons     : 3443
  End-right photons     : 87599
  Top SiPM  photons     : 203211
  Scint photons generated: 11950647
  Total photons detected : 294253
  Detection efficiency   : 2.4622 %
  ROOT output           : photon_hits_run024.root
==============================

G4WT10 > 
=== EJ Scintillator Bar Run Summary ===
  Run ID                : 24
  Events run            : 600
  Events with ≥1 hit    : 600
  End-left  photons     : 3279
  End-right photons     : 88086
  Top SiPM  photons     : 203135
  Scint photons generated: 11945473
  Total photons detected : 294500
  Detection efficiency   : 2.4654 %
  ROOT output           : photon_hits_run024.root
==============================

G4WT5 > 
=== EJ Scintillator Bar Run Summary ===
  Run ID                : 24
  Events run            : 600
  Events with ≥1 hit    : 600
  End-left  photons     : 3356
  End-right photons     : 88405
  Top SiPM  photons     : 204416
  Scint photons generated: 11985223
  Total photons detected : 296177
  Detection efficiency   : 2.4712 %
  ROOT output           : photon_hits_run024.root
==============================

G4WT0 > 
=== EJ Scintillator Bar Run Summary ===
  Run ID                : 24
  Events run            : 600
  Events with ≥1 hit    : 600
  End-left  photons     : 3378
  End-right photons     : 87442
  Top SiPM  photons     : 201304
  Scint photons generated: 11862825
  Total photons detected : 292124
  Detection efficiency   : 2.4625 %
  ROOT output           : photon_hits_run024.root
==============================

G4WT14 > 
=== EJ Scintillator Bar Run Summary ===
  Run ID                : 24
  Events run            : 600
  Events with ≥1 hit    : 600
  End-left  photons     : 3555
  End-right photons     : 88401
  Top SiPM  photons     : 203395
  Scint photons generated: 11962673
  Total photons detected : 295351
  Detection efficiency   : 2.4689 %
  ROOT output           : photon_hits_run024.root
==============================

G4WT3 > 
=== EJ Scintillator Bar Run Summary ===
  Run ID                : 24
  Events run            : 600
  Events with ≥1 hit    : 600
  End-left  photons     : 3504
  End-right photons     : 88555
  Top SiPM  photons     : 203507
  Scint photons generated: 11933895
  Total photons detected : 295566
  Detection efficiency   : 2.4767 %
  ROOT output           : photon_hits_run024.root
==============================

G4WT1 > 
=== EJ Scintillator Bar Run Summary ===
  Run ID                : 24
  Events run            : 700
  Events with ≥1 hit    : 700
  End-left  photons     : 3959
  End-right photons     : 101907
  Top SiPM  photons     : 234189
  Scint photons generated: 13808529
  Total photons detected : 340055
  Detection efficiency   : 2.4626 %
  ROOT output           : photon_hits_run024.root
==============================


=== EJ Scintillator Bar Run Summary ===
  Run ID                : 24
  Events run            : 10000
  Events with ≥1 hit    : 10000
  End-left  photons     : 56464
  End-right photons     : 1467895
  Top SiPM  photons     : 3375690
  Scint photons generated: 198577048
  Total photons detected : 4900049
  Detection efficiency   : 2.4676 %
  ROOT output           : photon_hits_run024.root
==============================


=== Boundary Census (diagnostic) ===
  Bar -> reflector panel   : 1698262574
  Bar -> World (escaped)   : 136740407
  Bar -> Bar (TIR/refl)    : 0
  Bar -> SiPM (entering)   : 14127405
  Killed in WorldLV        : 144903581
====================================


=== Active Scintillator Baseline ===
  Material              : EJ204
  Yield                 : 10400.0000 ph/MeV
  Rise time tau_r       : 0.7000 ns
  Decay time tau_d      : 1.8000 ns
  Attenuation length    : 160.0000 cm
  Emission peak lambda  : 408.0000 nm
  Finite rise time      : enabled
=====================================
G4WT4 > 
=== EJ Scintillator Bar Run Summary ===
  Run ID                : 25
  Events run            : 600
  Events with ≥1 hit    : 600
  End-left  photons     : 3083
  End-right photons     : 123299
  Top SiPM  photons     : 179107
  Scint photons generated: 11918858
  Total photons detected : 305489
  Detection efficiency   : 2.5631 %
  ROOT output           : photon_hits_run025.root
==============================

G4WT0 > 
=== EJ Scintillator Bar Run Summary ===
  Run ID                : 25
  Events run            : 600
  Events with ≥1 hit    : 600
  End-left  photons     : 3141
  End-right photons     : 124730
  Top SiPM  photons     : 181777
  Scint photons generated: 12045607
  Total photons detected : 309648
  Detection efficiency   : 2.5706 %
  ROOT output           : photon_hits_run025.root
==============================

G4WT8 > 
=== EJ Scintillator Bar Run Summary ===
  Run ID                : 25
  Events run            : 700
  Events with ≥1 hit    : 700
  End-left  photons     : 3623
  End-right photons     : 141873
  Top SiPM  photons     : 206202
  Scint photons generated: 13697118
  Total photons detected : 351698
  Detection efficiency   : 2.5677 %
  ROOT output           : photon_hits_run025.root
==============================

G4WT10 > 
=== EJ Scintillator Bar Run Summary ===
  Run ID                : 25
  Events run            : 700
  Events with ≥1 hit    : 700
  End-left  photons     : 3648
  End-right photons     : 143081
  Top SiPM  photons     : 207225
  Scint photons generated: 13803486
  Total photons detected : 353954
  Detection efficiency   : 2.5642 %
  ROOT output           : photon_hits_run025.root
==============================

G4WT1 > 
=== EJ Scintillator Bar Run Summary ===
  Run ID                : 25
  Events run            : 600
  Events with ≥1 hit    : 600
  End-left  photons     : 3088
  End-right photons     : 125578
  Top SiPM  photons     : 182167
  Scint photons generated: 12089324
  Total photons detected : 310833
  Detection efficiency   : 2.5711 %
  ROOT output           : photon_hits_run025.root
==============================

G4WT6 > 
=== EJ Scintillator Bar Run Summary ===
  Run ID                : 25
  Events run            : 700
  Events with ≥1 hit    : 700
  End-left  photons     : 3537
  End-right photons     : 140842
  Top SiPM  photons     : 204896
  Scint photons generated: 13629649
  Total photons detected : 349275
  Detection efficiency   : 2.5626 %
  ROOT output           : photon_hits_run025.root
==============================

G4WT9 > 
=== EJ Scintillator Bar Run Summary ===
  Run ID                : 25
  Events run            : 600
  Events with ≥1 hit    : 600
  End-left  photons     : 3061
  End-right photons     : 121591
  Top SiPM  photons     : 177446
  Scint photons generated: 11772133
  Total photons detected : 302098
  Detection efficiency   : 2.5662 %
  ROOT output           : photon_hits_run025.root
==============================

G4WT11 > 
=== EJ Scintillator Bar Run Summary ===
  Run ID                : 25
  Events run            : 600
  Events with ≥1 hit    : 600
  End-left  photons     : 3040
  End-right photons     : 124384
  Top SiPM  photons     : 180062
  Scint photons generated: 11946041
  Total photons detected : 307486
  Detection efficiency   : 2.5740 %
  ROOT output           : photon_hits_run025.root
==============================

G4WT13 > 
=== EJ Scintillator Bar Run Summary ===
  Run ID                : 25
  Events run            : 600
  Events with ≥1 hit    : 600
  End-left  photons     : 3229
  End-right photons     : 122807
  Top SiPM  photons     : 178306
  Scint photons generated: 11883937
  Total photons detected : 304342
  Detection efficiency   : 2.5610 %
  ROOT output           : photon_hits_run025.root
==============================

G4WT14 > 
=== EJ Scintillator Bar Run Summary ===
  Run ID                : 25
  Events run            : 600
  Events with ≥1 hit    : 600
  End-left  photons     : 3216
  End-right photons     : 124918
  Top SiPM  photons     : 180802
  Scint photons generated: 12035293
  Total photons detected : 308936
  Detection efficiency   : 2.5669 %
  ROOT output           : photon_hits_run025.root
==============================

G4WT7 > 
=== EJ Scintillator Bar Run Summary ===
  Run ID                : 25
  Events run            : 600
  Events with ≥1 hit    : 600
  End-left  photons     : 3132
  End-right photons     : 123873
  Top SiPM  photons     : 178704
  Scint photons generated: 11895691
  Total photons detected : 305709
  Detection efficiency   : 2.5699 %
  ROOT output           : photon_hits_run025.root
==============================

G4WT3 > 
=== EJ Scintillator Bar Run Summary ===
  Run ID                : 25
  Events run            : 600
  Events with ≥1 hit    : 600
  End-left  photons     : 3170
  End-right photons     : 123858
  Top SiPM  photons     : 180116
  Scint photons generated: 11959291
  Total photons detected : 307144
  Detection efficiency   : 2.5682 %
  ROOT output           : photon_hits_run025.root
==============================

G4WT2 > 
=== EJ Scintillator Bar Run Summary ===
  Run ID                : 25
  Events run            : 600
  Events with ≥1 hit    : 600
  End-left  photons     : 3120
  End-right photons     : 123532
  Top SiPM  photons     : 180011
  Scint photons generated: 11940316
  Total photons detected : 306663
  Detection efficiency   : 2.5683 %
  ROOT output           : photon_hits_run025.root
==============================

G4WT15 > 
=== EJ Scintillator Bar Run Summary ===
  Run ID                : 25
  Events run            : 600
  Events with ≥1 hit    : 600
  End-left  photons     : 3128
  End-right photons     : 121450
  Top SiPM  photons     : 177243
  Scint photons generated: 11748997
  Total photons detected : 301821
  Detection efficiency   : 2.5689 %
  ROOT output           : photon_hits_run025.root
==============================

G4WT5 > 
=== EJ Scintillator Bar Run Summary ===
  Run ID                : 25
  Events run            : 600
  Events with ≥1 hit    : 600
  End-left  photons     : 3127
  End-right photons     : 122503
  Top SiPM  photons     : 177889
  Scint photons generated: 11864610
  Total photons detected : 303519
  Detection efficiency   : 2.5582 %
  ROOT output           : photon_hits_run025.root
==============================

G4WT12 > 
=== EJ Scintillator Bar Run Summary ===
  Run ID                : 25
  Events run            : 700
  Events with ≥1 hit    : 700
  End-left  photons     : 3546
  End-right photons     : 142089
  Top SiPM  photons     : 205911
  Scint photons generated: 13706522
  Total photons detected : 351546
  Detection efficiency   : 2.5648 %
  ROOT output           : photon_hits_run025.root
==============================


=== EJ Scintillator Bar Run Summary ===
  Run ID                : 25
  Events run            : 10000
  Events with ≥1 hit    : 10000
  End-left  photons     : 51889
  End-right photons     : 2050408
  Top SiPM  photons     : 2977864
  Scint photons generated: 197936873
  Total photons detected : 5080161
  Detection efficiency   : 2.5666 %
  ROOT output           : photon_hits_run025.root
==============================


=== Boundary Census (diagnostic) ===
  Bar -> reflector panel   : 1677558371
  Bar -> World (escaped)   : 136259585
  Bar -> Bar (TIR/refl)    : 0
  Bar -> SiPM (entering)   : 14641407
  Killed in WorldLV        : 143259092
====================================


=== Active Scintillator Baseline ===
  Material              : EJ204
  Yield                 : 10400.0000 ph/MeV
  Rise time tau_r       : 0.7000 ns
  Decay time tau_d      : 1.8000 ns
  Attenuation length    : 160.0000 cm
  Emission peak lambda  : 408.0000 nm
  Finite rise time      : enabled
=====================================
G4WT9 > 
=== EJ Scintillator Bar Run Summary ===
  Run ID                : 26
  Events run            : 600
  Events with ≥1 hit    : 600
  End-left  photons     : 2784
  End-right photons     : 183588
  Top SiPM  photons     : 176665
  Scint photons generated: 11901409
  Total photons detected : 363037
  Detection efficiency   : 3.0504 %
  ROOT output           : photon_hits_run026.root
==============================

G4WT11 > 
=== EJ Scintillator Bar Run Summary ===
  Run ID                : 26
  Events run            : 600
  Events with ≥1 hit    : 600
  End-left  photons     : 2796
  End-right photons     : 180051
  Top SiPM  photons     : 174213
  Scint photons generated: 11757302
  Total photons detected : 357060
  Detection efficiency   : 3.0369 %
  ROOT output           : photon_hits_run026.root
==============================

G4WT1 > 
=== EJ Scintillator Bar Run Summary ===
  Run ID                : 26
  Events run            : 600
  Events with ≥1 hit    : 600
  End-left  photons     : 2894
  End-right photons     : 181205
  Top SiPM  photons     : 175202
  Scint photons generated: 11803522
  Total photons detected : 359301
  Detection efficiency   : 3.0440 %
  ROOT output           : photon_hits_run026.root
==============================

G4WT12 > 
=== EJ Scintillator Bar Run Summary ===
  Run ID                : 26
  Events run            : 700
  Events with ≥1 hit    : 700
  End-left  photons     : 3352
  End-right photons     : 211259
  Top SiPM  photons     : 204031
  Scint photons generated: 13764351
  Total photons detected : 418642
  Detection efficiency   : 3.0415 %
  ROOT output           : photon_hits_run026.root
==============================

G4WT10 > 
=== EJ Scintillator Bar Run Summary ===
  Run ID                : 26
  Events run            : 600
  Events with ≥1 hit    : 600
  End-left  photons     : 2833
  End-right photons     : 180700
  Top SiPM  photons     : 174617
  Scint photons generated: 11797589
  Total photons detected : 358150
  Detection efficiency   : 3.0358 %
  ROOT output           : photon_hits_run026.root
==============================

G4WT14 > 
=== EJ Scintillator Bar Run Summary ===
  Run ID                : 26
  Events run            : 700
  Events with ≥1 hit    : 700
  End-left  photons     : 3412
  End-right photons     : 210884
  Top SiPM  photons     : 204601
  Scint photons generated: 13807162
  Total photons detected : 418897
  Detection efficiency   : 3.0339 %
  ROOT output           : photon_hits_run026.root
==============================

G4WT15 > 
=== EJ Scintillator Bar Run Summary ===
  Run ID                : 26
  Events run            : 600
  Events with ≥1 hit    : 600
  End-left  photons     : 2834
  End-right photons     : 182241
  Top SiPM  photons     : 177664
  Scint photons generated: 11961461
  Total photons detected : 362739
  Detection efficiency   : 3.0326 %
  ROOT output           : photon_hits_run026.root
==============================

G4WT6 > 
=== EJ Scintillator Bar Run Summary ===
  Run ID                : 26
  Events run            : 600
  Events with ≥1 hit    : 600
  End-left  photons     : 2854
  End-right photons     : 185125
  Top SiPM  photons     : 178433
  Scint photons generated: 12067612
  Total photons detected : 366412
  Detection efficiency   : 3.0363 %
  ROOT output           : photon_hits_run026.root
==============================

G4WT0 > 
=== EJ Scintillator Bar Run Summary ===
  Run ID                : 26
  Events run            : 600
  Events with ≥1 hit    : 600
  End-left  photons     : 2924
  End-right photons     : 185462
  Top SiPM  photons     : 179344
  Scint photons generated: 12130504
  Total photons detected : 367730
  Detection efficiency   : 3.0314 %
  ROOT output           : photon_hits_run026.root
==============================

G4WT5 > 
=== EJ Scintillator Bar Run Summary ===
  Run ID                : 26
  Events run            : 600
  Events with ≥1 hit    : 600
  End-left  photons     : 2807
  End-right photons     : 182177
  Top SiPM  photons     : 176039
  Scint photons generated: 11894974
  Total photons detected : 361023
  Detection efficiency   : 3.0351 %
  ROOT output           : photon_hits_run026.root
==============================

G4WT8 > 
=== EJ Scintillator Bar Run Summary ===
  Run ID                : 26
  Events run            : 600
  Events with ≥1 hit    : 600
  End-left  photons     : 2861
  End-right photons     : 181263
  Top SiPM  photons     : 176043
  Scint photons generated: 11861097
  Total photons detected : 360167
  Detection efficiency   : 3.0365 %
  ROOT output           : photon_hits_run026.root
==============================

G4WT2 > 
=== EJ Scintillator Bar Run Summary ===
  Run ID                : 26
  Events run            : 700
  Events with ≥1 hit    : 700
  End-left  photons     : 3315
  End-right photons     : 209525
  Top SiPM  photons     : 202981
  Scint photons generated: 13696718
  Total photons detected : 415821
  Detection efficiency   : 3.0359 %
  ROOT output           : photon_hits_run026.root
==============================

G4WT7 > 
=== EJ Scintillator Bar Run Summary ===
  Run ID                : 26
  Events run            : 700
  Events with ≥1 hit    : 700
  End-left  photons     : 3352
  End-right photons     : 207747
  Top SiPM  photons     : 201851
  Scint photons generated: 13574321
  Total photons detected : 412950
  Detection efficiency   : 3.0421 %
  ROOT output           : photon_hits_run026.root
==============================

G4WT3 > 
=== EJ Scintillator Bar Run Summary ===
  Run ID                : 26
  Events run            : 600
  Events with ≥1 hit    : 600
  End-left  photons     : 2925
  End-right photons     : 184481
  Top SiPM  photons     : 178506
  Scint photons generated: 12010351
  Total photons detected : 365912
  Detection efficiency   : 3.0466 %
  ROOT output           : photon_hits_run026.root
==============================

G4WT4 > 
=== EJ Scintillator Bar Run Summary ===
  Run ID                : 26
  Events run            : 600
  Events with ≥1 hit    : 600
  End-left  photons     : 2884
  End-right photons     : 181690
  Top SiPM  photons     : 175751
  Scint photons generated: 11909354
  Total photons detected : 360325
  Detection efficiency   : 3.0256 %
  ROOT output           : photon_hits_run026.root
==============================

G4WT13 > 
=== EJ Scintillator Bar Run Summary ===
  Run ID                : 26
  Events run            : 600
  Events with ≥1 hit    : 600
  End-left  photons     : 2881
  End-right photons     : 183791
  Top SiPM  photons     : 178182
  Scint photons generated: 12009543
  Total photons detected : 364854
  Detection efficiency   : 3.0380 %
  ROOT output           : photon_hits_run026.root
==============================


=== EJ Scintillator Bar Run Summary ===
  Run ID                : 26
  Events run            : 10000
  Events with ≥1 hit    : 10000
  End-left  photons     : 47708
  End-right photons     : 3031189
  Top SiPM  photons     : 2934123
  Scint photons generated: 197947270
  Total photons detected : 6013020
  Detection efficiency   : 3.0377 %
  ROOT output           : photon_hits_run026.root
==============================


=== Boundary Census (diagnostic) ===
  Bar -> reflector panel   : 1653707911
  Bar -> World (escaped)   : 134362720
  Bar -> Bar (TIR/refl)    : 0
  Bar -> SiPM (entering)   : 17326334
  Killed in WorldLV        : 141272491
====================================


=== Active Scintillator Baseline ===
  Material              : EJ204
  Yield                 : 10400.0000 ph/MeV
  Rise time tau_r       : 0.7000 ns
  Decay time tau_d      : 1.8000 ns
  Attenuation length    : 160.0000 cm
  Emission peak lambda  : 408.0000 nm
  Finite rise time      : enabled
=====================================
G4WT6 > 
=== EJ Scintillator Bar Run Summary ===
  Run ID                : 27
  Events run            : 600
  Events with ≥1 hit    : 600
  End-left  photons     : 2610
  End-right photons     : 292230
  Top SiPM  photons     : 194339
  Scint photons generated: 11882915
  Total photons detected : 489179
  Detection efficiency   : 4.1167 %
  ROOT output           : photon_hits_run027.root
==============================

G4WT13 > 
=== EJ Scintillator Bar Run Summary ===
  Run ID                : 27
  Events run            : 700
  Events with ≥1 hit    : 700
  End-left  photons     : 2928
  End-right photons     : 339089
  Top SiPM  photons     : 224776
  Scint photons generated: 13795908
  Total photons detected : 566793
  Detection efficiency   : 4.1084 %
  ROOT output           : photon_hits_run027.root
==============================

G4WT11 > 
=== EJ Scintillator Bar Run Summary ===
  Run ID                : 27
  Events run            : 600
  Events with ≥1 hit    : 600
  End-left  photons     : 2591
  End-right photons     : 294220
  Top SiPM  photons     : 194398
  Scint photons generated: 11919701
  Total photons detected : 491209
  Detection efficiency   : 4.1210 %
  ROOT output           : photon_hits_run027.root
==============================

G4WT4 > 
=== EJ Scintillator Bar Run Summary ===
  Run ID                : 27
  Events run            : 600
  Events with ≥1 hit    : 600
  End-left  photons     : 2743
  End-right photons     : 297193
  Top SiPM  photons     : 196381
  Scint photons generated: 12029454
  Total photons detected : 496317
  Detection efficiency   : 4.1258 %
  ROOT output           : photon_hits_run027.root
==============================

G4WT14 > 
=== EJ Scintillator Bar Run Summary ===
  Run ID                : 27
  Events run            : 600
  Events with ≥1 hit    : 600
  End-left  photons     : 2568
  End-right photons     : 292052
  Top SiPM  photons     : 192899
  Scint photons generated: 11834831
  Total photons detected : 487519
  Detection efficiency   : 4.1194 %
  ROOT output           : photon_hits_run027.root
==============================

G4WT3 > 
=== EJ Scintillator Bar Run Summary ===
  Run ID                : 27
  Events run            : 600
  Events with ≥1 hit    : 600
  End-left  photons     : 2621
  End-right photons     : 297013
  Top SiPM  photons     : 196172
  Scint photons generated: 12047302
  Total photons detected : 495806
  Detection efficiency   : 4.1155 %
  ROOT output           : photon_hits_run027.root
==============================

G4WT0 > 
=== EJ Scintillator Bar Run Summary ===
  Run ID                : 27
  Events run            : 600
  Events with ≥1 hit    : 600
  End-left  photons     : 2563
  End-right photons     : 299011
  Top SiPM  photons     : 197834
  Scint photons generated: 12124699
  Total photons detected : 499408
  Detection efficiency   : 4.1189 %
  ROOT output           : photon_hits_run027.root
==============================

G4WT8 > 
=== EJ Scintillator Bar Run Summary ===
  Run ID                : 27
  Events run            : 600
  Events with ≥1 hit    : 600
  End-left  photons     : 2655
  End-right photons     : 294819
  Top SiPM  photons     : 195975
  Scint photons generated: 12014031
  Total photons detected : 493449
  Detection efficiency   : 4.1073 %
  ROOT output           : photon_hits_run027.root
==============================

G4WT7 > 
=== EJ Scintillator Bar Run Summary ===
  Run ID                : 27
  Events run            : 700
  Events with ≥1 hit    : 700
  End-left  photons     : 2988
  End-right photons     : 336837
  Top SiPM  photons     : 222902
  Scint photons generated: 13681877
  Total photons detected : 562727
  Detection efficiency   : 4.1129 %
  ROOT output           : photon_hits_run027.root
==============================

G4WT2 > 
=== EJ Scintillator Bar Run Summary ===
  Run ID                : 27
  Events run            : 700
  Events with ≥1 hit    : 700
  End-left  photons     : 3065
  End-right photons     : 337483
  Top SiPM  photons     : 222968
  Scint photons generated: 13677092
  Total photons detected : 563516
  Detection efficiency   : 4.1201 %
  ROOT output           : photon_hits_run027.root
==============================

G4WT12 > 
=== EJ Scintillator Bar Run Summary ===
  Run ID                : 27
  Events run            : 600
  Events with ≥1 hit    : 600
  End-left  photons     : 2626
  End-right photons     : 295532
  Top SiPM  photons     : 194621
  Scint photons generated: 11968263
  Total photons detected : 492779
  Detection efficiency   : 4.1174 %
  ROOT output           : photon_hits_run027.root
==============================

G4WT10 > 
=== EJ Scintillator Bar Run Summary ===
  Run ID                : 27
  Events run            : 700
  Events with ≥1 hit    : 700
  End-left  photons     : 2995
  End-right photons     : 338523
  Top SiPM  photons     : 223859
  Scint photons generated: 13736868
  Total photons detected : 565377
  Detection efficiency   : 4.1158 %
  ROOT output           : photon_hits_run027.root
==============================

G4WT5 > 
=== EJ Scintillator Bar Run Summary ===
  Run ID                : 27
  Events run            : 600
  Events with ≥1 hit    : 600
  End-left  photons     : 2603
  End-right photons     : 298767
  Top SiPM  photons     : 199232
  Scint photons generated: 12139740
  Total photons detected : 500602
  Detection efficiency   : 4.1237 %
  ROOT output           : photon_hits_run027.root
==============================

G4WT1 > 
=== EJ Scintillator Bar Run Summary ===
  Run ID                : 27
  Events run            : 600
  Events with ≥1 hit    : 600
  End-left  photons     : 2616
  End-right photons     : 291804
  Top SiPM  photons     : 193079
  Scint photons generated: 11873364
  Total photons detected : 487499
  Detection efficiency   : 4.1058 %
  ROOT output           : photon_hits_run027.root
==============================

G4WT9 > 
=== EJ Scintillator Bar Run Summary ===
  Run ID                : 27
  Events run            : 600
  Events with ≥1 hit    : 600
  End-left  photons     : 2654
  End-right photons     : 292541
  Top SiPM  photons     : 194404
  Scint photons generated: 11893011
  Total photons detected : 489599
  Detection efficiency   : 4.1167 %
  ROOT output           : photon_hits_run027.root
==============================

G4WT15 > 
=== EJ Scintillator Bar Run Summary ===
  Run ID                : 27
  Events run            : 600
  Events with ≥1 hit    : 600
  End-left  photons     : 2526
  End-right photons     : 290725
  Top SiPM  photons     : 193395
  Scint photons generated: 11809645
  Total photons detected : 486646
  Detection efficiency   : 4.1208 %
  ROOT output           : photon_hits_run027.root
==============================


=== EJ Scintillator Bar Run Summary ===
  Run ID                : 27
  Events run            : 10000
  Events with ≥1 hit    : 10000
  End-left  photons     : 43352
  End-right photons     : 4887839
  Top SiPM  photons     : 3237234
  Scint photons generated: 198428701
  Total photons detected : 8168425
  Detection efficiency   : 4.1166 %
  ROOT output           : photon_hits_run027.root
==============================


=== Boundary Census (diagnostic) ===
  Bar -> reflector panel   : 1616119668
  Bar -> World (escaped)   : 129849659
  Bar -> Bar (TIR/refl)    : 0
  Bar -> SiPM (entering)   : 23561324
  Killed in WorldLV        : 137746056
====================================


=== Active Scintillator Baseline ===
  Material              : EJ204
  Yield                 : 10400.0000 ph/MeV
  Rise time tau_r       : 0.7000 ns
  Decay time tau_d      : 1.8000 ns
  Attenuation length    : 160.0000 cm
  Emission peak lambda  : 408.0000 nm
  Finite rise time      : enabled
=====================================

**************************************************************
 Geant4 version Name: geant4-11-04 [MT]   (5-December-2025)
  << in Multi-threaded mode >> 
                       Copyright : Geant4 Collaboration
                      References : NIM A 506 (2003), 250-303
                                 : IEEE-TNS 53 (2006), 270-278
                                 : NIM A 835 (2016), 186-225
                             WWW : http://geant4.org/
**************************************************************

Accumulable registered as "NEndLeft"
Accumulable registered as "NEndRight"
Accumulable registered as "NTop"
Accumulable registered as "NEventsWithHits"
Accumulable registered as "NScintPhotons"
Checking overlaps for volume BarPV:0 (G4Box) ... OK! 
Checking overlaps for volume ReflectorYMinusPV:0 (G4Box) ... OK! 
Checking overlaps for volume ReflectorXMinusPV:1 (G4Box) ... OK! 
Checking overlaps for volume ReflectorXPlusPV:2 (G4Box) ... OK! 
Checking overlaps for volume ReflectorZMinusPV:3 (G4Box) ... OK! 
Checking overlaps for volume ReflectorZPlusPV:4 (G4Box) ... OK! 
Checking overlaps for volume EndSiPMLeft_PV:0 (G4Box) ... OK! 
Checking overlaps for volume EndSiPMRight_PV:8 (G4Box) ... OK! 
Checking overlaps for volume EndSiPMLeft_PV:1 (G4Box) ... OK! 
Checking overlaps for volume EndSiPMRight_PV:9 (G4Box) ... OK! 
Checking overlaps for volume EndSiPMLeft_PV:2 (G4Box) ... OK! 
Checking overlaps for volume EndSiPMRight_PV:10 (G4Box) ... OK! 
Checking overlaps for volume EndSiPMLeft_PV:3 (G4Box) ... OK! 
Checking overlaps for volume EndSiPMRight_PV:11 (G4Box) ... OK! 
Checking overlaps for volume EndSiPMLeft_PV:4 (G4Box) ... OK! 
Checking overlaps for volume EndSiPMRight_PV:12 (G4Box) ... OK! 
Checking overlaps for volume EndSiPMLeft_PV:5 (G4Box) ... OK! 
Checking overlaps for volume EndSiPMRight_PV:13 (G4Box) ... OK! 
Checking overlaps for volume EndSiPMLeft_PV:6 (G4Box) ... OK! 
Checking overlaps for volume EndSiPMRight_PV:14 (G4Box) ... OK! 
Checking overlaps for volume EndSiPMLeft_PV:7 (G4Box) ... OK! 
Checking overlaps for volume EndSiPMRight_PV:15 (G4Box) ... OK! 
Checking overlaps for volume TopSiPMPV:16 (G4Box) ... OK! 
Checking overlaps for volume TopSiPMPV:17 (G4Box) ... OK! 
Checking overlaps for volume TopSiPMPV:18 (G4Box) ... OK! 
Checking overlaps for volume TopSiPMPV:19 (G4Box) ... OK! 
Checking overlaps for volume TopSiPMPV:20 (G4Box) ... OK! 
Checking overlaps for volume TopSiPMPV:21 (G4Box) ... OK! 
Checking overlaps for volume TopSiPMPV:22 (G4Box) ... OK! 
Checking overlaps for volume TopSiPMPV:23 (G4Box) ... OK! 
Checking overlaps for volume TopSiPMPV:24 (G4Box) ... OK! 
Checking overlaps for volume TopSiPMPV:25 (G4Box) ... OK! 
Checking overlaps for volume TopSiPMPV:26 (G4Box) ... OK! 
Checking overlaps for volume TopSiPMPV:27 (G4Box) ... OK! 
Checking overlaps for volume TopSiPMPV:28 (G4Box) ... OK! 
Checking overlaps for volume TopSiPMPV:29 (G4Box) ... OK! 
Checking overlaps for volume TopSiPMPV:30 (G4Box) ... OK! 
Checking overlaps for volume TopSiPMPV:31 (G4Box) ... OK! 
Checking overlaps for volume TopSiPMPV:32 (G4Box) ... OK! 
Checking overlaps for volume TopSiPMPV:33 (G4Box) ... OK! 
Checking overlaps for volume TopSiPMPV:34 (G4Box) ... OK! 
Checking overlaps for volume TopSiPMPV:35 (G4Box) ... OK! 
### Birks coefficients used in run time
G4WT8 > Accumulable registered as "NEndLeft"
G4WT15 > Accumulable registered as "NEndLeft"
G4WT15 > Accumulable registered as "NEndRight"
G4WT15 > Accumulable registered as "NTop"
G4WT15 > Accumulable registered as "NEventsWithHits"
G4WT15 > Accumulable registered as "NScintPhotons"
G4WT7 > Accumulable registered as "NEndLeft"
G4WT7 > Accumulable registered as "NEndRight"
G4WT0 > Accumulable registered as "NEndLeft"
G4WT2 > Accumulable registered as "NEndLeft"
G4WT12 > Accumulable registered as "NEndLeft"
G4WT12 > Accumulable registered as "NEndRight"
G4WT12 > Accumulable registered as "NTop"
G4WT12 > Accumulable registered as "NEventsWithHits"
G4WT12 > Accumulable registered as "NScintPhotons"
G4WT7 > Accumulable registered as "NTop"
G4WT7 > Accumulable registered as "NEventsWithHits"
G4WT7 > Accumulable registered as "NScintPhotons"
G4WT2 > Accumulable registered as "NEndRight"
G4WT2 > Accumulable registered as "NTop"
G4WT2 > Accumulable registered as "NEventsWithHits"
G4WT2 > Accumulable registered as "NScintPhotons"
G4WT5 > Accumulable registered as "NEndLeft"
G4WT5 > Accumulable registered as "NEndRight"
G4WT5 > Accumulable registered as "NTop"
G4WT5 > Accumulable registered as "NEventsWithHits"
G4WT5 > Accumulable registered as "NScintPhotons"
G4WT3 > Accumulable registered as "NEndLeft"
G4WT0 > Accumulable registered as "NEndRight"
G4WT0 > Accumulable registered as "NTop"
G4WT0 > Accumulable registered as "NEventsWithHits"
G4WT0 > Accumulable registered as "NScintPhotons"
G4WT9 > Accumulable registered as "NEndLeft"
G4WT9 > Accumulable registered as "NEndRight"
G4WT9 > Accumulable registered as "NTop"
G4WT9 > Accumulable registered as "NEventsWithHits"
G4WT13 > Accumulable registered as "NEndLeft"
G4WT8 > Accumulable registered as "NEndRight"
G4WT8 > Accumulable registered as "NTop"
G4WT8 > Accumulable registered as "NEventsWithHits"
G4WT8 > Accumulable registered as "NScintPhotons"
G4WT10 > Accumulable registered as "NEndLeft"
G4WT10 > Accumulable registered as "NEndRight"
G4WT10 > Accumulable registered as "NTop"
G4WT10 > Accumulable registered as "NEventsWithHits"
G4WT10 > Accumulable registered as "NScintPhotons"
G4WT13 > Accumulable registered as "NEndRight"
G4WT13 > Accumulable registered as "NTop"
G4WT13 > Accumulable registered as "NEventsWithHits"
G4WT13 > Accumulable registered as "NScintPhotons"
G4WT14 > Accumulable registered as "NEndLeft"
G4WT14 > Accumulable registered as "NEndRight"
G4WT14 > Accumulable registered as "NTop"
G4WT14 > Accumulable registered as "NEventsWithHits"
G4WT3 > Accumulable registered as "NEndRight"
G4WT3 > Accumulable registered as "NTop"
G4WT3 > Accumulable registered as "NEventsWithHits"
G4WT4 > Accumulable registered as "NEndLeft"
G4WT4 > Accumulable registered as "NEndRight"
G4WT9 > Accumulable registered as "NScintPhotons"
G4WT14 > Accumulable registered as "NScintPhotons"
G4WT1 > Accumulable registered as "NEndLeft"
G4WT1 > Accumulable registered as "NEndRight"
G4WT1 > Accumulable registered as "NTop"
G4WT1 > Accumulable registered as "NEventsWithHits"
G4WT4 > Accumulable registered as "NTop"
G4WT4 > Accumulable registered as "NEventsWithHits"
G4WT4 > Accumulable registered as "NScintPhotons"
G4WT6 > Accumulable registered as "NEndLeft"
G4WT6 > Accumulable registered as "NEndRight"
G4WT6 > Accumulable registered as "NTop"
G4WT6 > Accumulable registered as "NEventsWithHits"
G4WT6 > Accumulable registered as "NScintPhotons"
G4WT11 > Accumulable registered as "NEndLeft"
G4WT3 > Accumulable registered as "NScintPhotons"
G4WT1 > Accumulable registered as "NScintPhotons"
G4WT11 > Accumulable registered as "NEndRight"
G4WT11 > Accumulable registered as "NTop"
G4WT11 > Accumulable registered as "NEventsWithHits"
G4WT11 > Accumulable registered as "NScintPhotons"

=== Active Scintillator Baseline ===
  Material              : EJ204
  Yield                 : 10400 ph/MeV
  Rise time tau_r       : 0.7 ns
  Decay time tau_d      : 1.8 ns
  Attenuation length    : 160 cm
  Emission peak lambda  : 408 nm
  Finite rise time      : enabled
=====================================
G4WT12 > 
=== EJ Scintillator Bar Run Summary ===
  Run ID                : 28
  Events run            : 600
  Events with ≥1 hit    : 600
  End-left  photons     : 2592
  End-right photons     : 544062
  Top SiPM  photons     : 168829
  Scint photons generated: 11825940
  Total photons detected : 715483
  Detection efficiency   : 6.0501 %
  ROOT output           : photon_hits_run000.root
==============================

G4WT9 > 
=== EJ Scintillator Bar Run Summary ===
  Run ID                : 28
  Events run            : 600
  Events with ≥1 hit    : 600
  End-left  photons     : 2620
  End-right photons     : 542831
  Top SiPM  photons     : 168700
  Scint photons generated: 11794841
  Total photons detected : 714151
  Detection efficiency   : 6.0548 %
  ROOT output           : photon_hits_run000.root
==============================

G4WT3 > 
=== EJ Scintillator Bar Run Summary ===
  Run ID                : 28
  Events run            : 600
  Events with ≥1 hit    : 600
  End-left  photons     : 2623
  End-right photons     : 546434
  Top SiPM  photons     : 169680
  Scint photons generated: 11849390
  Total photons detected : 718737
  Detection efficiency   : 6.0656 %
  ROOT output           : photon_hits_run000.root
==============================

G4WT10 > 
=== EJ Scintillator Bar Run Summary ===
  Run ID                : 28
  Events run            : 700
  Events with ≥1 hit    : 700
  End-left  photons     : 2926
  End-right photons     : 633369
  Top SiPM  photons     : 196273
  Scint photons generated: 13768402
  Total photons detected : 832568
  Detection efficiency   : 6.0469 %
  ROOT output           : photon_hits_run000.root
==============================

G4WT8 > 
=== EJ Scintillator Bar Run Summary ===
  Run ID                : 28
  Events run            : 600
  Events with ≥1 hit    : 600
  End-left  photons     : 2640
  End-right photons     : 552148
  Top SiPM  photons     : 171132
  Scint photons generated: 11981216
  Total photons detected : 725920
  Detection efficiency   : 6.0588 %
  ROOT output           : photon_hits_run000.root
==============================

G4WT2 > 
=== EJ Scintillator Bar Run Summary ===
  Run ID                : 28
  Events run            : 600
  Events with ≥1 hit    : 600
  End-left  photons     : 2645
  End-right photons     : 546859
  Top SiPM  photons     : 169715
  Scint photons generated: 11877616
  Total photons detected : 719219
  Detection efficiency   : 6.0552 %
  ROOT output           : photon_hits_run000.root
==============================

G4WT13 > 
=== EJ Scintillator Bar Run Summary ===
  Run ID                : 28
  Events run            : 600
  Events with ≥1 hit    : 600
  End-left  photons     : 2516
  End-right photons     : 554971
  Top SiPM  photons     : 172509
  Scint photons generated: 12067998
  Total photons detected : 729996
  Detection efficiency   : 6.0490 %
  ROOT output           : photon_hits_run000.root
==============================

G4WT0 > 
=== EJ Scintillator Bar Run Summary ===
  Run ID                : 28
  Events run            : 700
  Events with ≥1 hit    : 700
  End-left  photons     : 3132
  End-right photons     : 632258
  Top SiPM  photons     : 196095
  Scint photons generated: 13744926
  Total photons detected : 831485
  Detection efficiency   : 6.0494 %
  ROOT output           : photon_hits_run000.root
==============================

G4WT11 > 
=== EJ Scintillator Bar Run Summary ===
  Run ID                : 28
  Events run            : 600
  Events with ≥1 hit    : 600
  End-left  photons     : 2663
  End-right photons     : 555146
  Top SiPM  photons     : 172203
  Scint photons generated: 12066033
  Total photons detected : 730012
  Detection efficiency   : 6.0501 %
  ROOT output           : photon_hits_run000.root
==============================

G4WT5 > 
=== EJ Scintillator Bar Run Summary ===
  Run ID                : 28
  Events run            : 600
  Events with ≥1 hit    : 600
  End-left  photons     : 2591
  End-right photons     : 536635
  Top SiPM  photons     : 166962
  Scint photons generated: 11669415
  Total photons detected : 706188
  Detection efficiency   : 6.0516 %
  ROOT output           : photon_hits_run000.root
==============================

G4WT15 > 
=== EJ Scintillator Bar Run Summary ===
  Run ID                : 28
  Events run            : 600
  Events with ≥1 hit    : 600
  End-left  photons     : 2629
  End-right photons     : 548519
  Top SiPM  photons     : 170364
  Scint photons generated: 11915957
  Total photons detected : 721512
  Detection efficiency   : 6.0550 %
  ROOT output           : photon_hits_run000.root
==============================

G4WT4 > 
=== EJ Scintillator Bar Run Summary ===
  Run ID                : 28
  Events run            : 600
  Events with ≥1 hit    : 600
  End-left  photons     : 2540
  End-right photons     : 554935
  Top SiPM  photons     : 171624
  Scint photons generated: 12050467
  Total photons detected : 729099
  Detection efficiency   : 6.0504 %
  ROOT output           : photon_hits_run000.root
==============================

G4WT7 > 
=== EJ Scintillator Bar Run Summary ===
  Run ID                : 28
  Events run            : 700
  Events with ≥1 hit    : 700
  End-left  photons     : 2974
  End-right photons     : 631735
  Top SiPM  photons     : 196241
  Scint photons generated: 13743912
  Total photons detected : 830950
  Detection efficiency   : 6.0459 %
  ROOT output           : photon_hits_run000.root
==============================

G4WT14 > 
=== EJ Scintillator Bar Run Summary ===
  Run ID                : 28
  Events run            : 600
  Events with ≥1 hit    : 600
  End-left  photons     : 2591
  End-right photons     : 547362
  Top SiPM  photons     : 170165
  Scint photons generated: 11907882
  Total photons detected : 720118
  Detection efficiency   : 6.0474 %
  ROOT output           : photon_hits_run000.root
==============================

G4WT1 > 
=== EJ Scintillator Bar Run Summary ===
  Run ID                : 28
  Events run            : 600
  Events with ≥1 hit    : 600
  End-left  photons     : 2515
  End-right photons     : 552389
  Top SiPM  photons     : 171484
  Scint photons generated: 12004931
  Total photons detected : 726388
  Detection efficiency   : 6.0507 %
  ROOT output           : photon_hits_run000.root
==============================

G4WT6 > 
=== EJ Scintillator Bar Run Summary ===
  Run ID                : 28
  Events run            : 700
  Events with ≥1 hit    : 700
  End-left  photons     : 2941
  End-right photons     : 628964
  Top SiPM  photons     : 195313
  Scint photons generated: 13673683
  Total photons detected : 827218
  Detection efficiency   : 6.0497 %
  ROOT output           : photon_hits_run000.root
==============================


=== EJ Scintillator Bar Run Summary ===
  Run ID                : 28
  Events run            : 10000
  Events with ≥1 hit    : 10000
  End-left  photons     : 43138
  End-right photons     : 9108617
  Top SiPM  photons     : 2827289
  Scint photons generated: 197942609
  Total photons detected : 11979044
  Detection efficiency   : 6.0518 %
  ROOT output           : photon_hits_run000.root
==============================


=== Boundary Census (diagnostic) ===
  Bar -> reflector panel   : 1524490513
  Bar -> World (escaped)   : 121181608
  Bar -> Bar (TIR/refl)    : 0
  Bar -> SiPM (entering)   : 34534494
  Killed in WorldLV        : 127986251
====================================


=== Active Scintillator Baseline ===
  Material              : EJ204
  Yield                 : 10400.0000 ph/MeV
  Rise time tau_r       : 0.7000 ns
  Decay time tau_d      : 1.8000 ns
  Attenuation length    : 160.0000 cm
  Emission peak lambda  : 408.0000 nm
  Finite rise time      : enabled
=====================================
G4WT11 > 
=== EJ Scintillator Bar Run Summary ===
  Run ID                : 29
  Events run            : 600
  Events with ≥1 hit    : 600
  End-left  photons     : 2595
  End-right photons     : 749414
  Top SiPM  photons     : 167815
  Scint photons generated: 11750506
  Total photons detected : 919824
  Detection efficiency   : 7.8280 %
  ROOT output           : photon_hits_run001.root
==============================

G4WT0 > 
=== EJ Scintillator Bar Run Summary ===
  Run ID                : 29
  Events run            : 600
  Events with ≥1 hit    : 600
  End-left  photons     : 2749
  End-right photons     : 760924
  Top SiPM  photons     : 169583
  Scint photons generated: 11915606
  Total photons detected : 933256
  Detection efficiency   : 7.8322 %
  ROOT output           : photon_hits_run001.root
==============================

G4WT13 > 
=== EJ Scintillator Bar Run Summary ===
  Run ID                : 29
  Events run            : 600
  Events with ≥1 hit    : 600
  End-left  photons     : 2659
  End-right photons     : 750411
  Top SiPM  photons     : 168162
  Scint photons generated: 11789421
  Total photons detected : 921232
  Detection efficiency   : 7.8141 %
  ROOT output           : photon_hits_run001.root
==============================

G4WT1 > 
=== EJ Scintillator Bar Run Summary ===
  Run ID                : 29
  Events run            : 600
  Events with ≥1 hit    : 600
  End-left  photons     : 2594
  End-right photons     : 757286
  Top SiPM  photons     : 168937
  Scint photons generated: 11877919
  Total photons detected : 928817
  Detection efficiency   : 7.8197 %
  ROOT output           : photon_hits_run001.root
==============================

G4WT7 > 
=== EJ Scintillator Bar Run Summary ===
  Run ID                : 29
  Events run            : 700
  Events with ≥1 hit    : 700
  End-left  photons     : 2971
  End-right photons     : 877591
  Top SiPM  photons     : 196083
  Scint photons generated: 13772217
  Total photons detected : 1076645
  Detection efficiency   : 7.8175 %
  ROOT output           : photon_hits_run001.root
==============================

G4WT6 > 
=== EJ Scintillator Bar Run Summary ===
  Run ID                : 29
  Events run            : 600
  Events with ≥1 hit    : 600
  End-left  photons     : 2566
  End-right photons     : 749115
  Top SiPM  photons     : 166831
  Scint photons generated: 11745501
  Total photons detected : 918512
  Detection efficiency   : 7.8201 %
  ROOT output           : photon_hits_run001.root
==============================

G4WT10 > 
=== EJ Scintillator Bar Run Summary ===
  Run ID                : 29
  Events run            : 700
  Events with ≥1 hit    : 700
  End-left  photons     : 3031
  End-right photons     : 873624
  Top SiPM  photons     : 194433
  Scint photons generated: 13718915
  Total photons detected : 1071088
  Detection efficiency   : 7.8074 %
  ROOT output           : photon_hits_run001.root
==============================

G4WT12 > 
=== EJ Scintillator Bar Run Summary ===
  Run ID                : 29
  Events run            : 600
  Events with ≥1 hit    : 600
  End-left  photons     : 2730
  End-right photons     : 764965
  Top SiPM  photons     : 171832
  Scint photons generated: 12004919
  Total photons detected : 939527
  Detection efficiency   : 7.8262 %
  ROOT output           : photon_hits_run001.root
==============================

G4WT5 > 
=== EJ Scintillator Bar Run Summary ===
  Run ID                : 29
  Events run            : 600
  Events with ≥1 hit    : 600
  End-left  photons     : 2624
  End-right photons     : 763256
  Top SiPM  photons     : 169939
  Scint photons generated: 11980157
  Total photons detected : 935819
  Detection efficiency   : 7.8114 %
  ROOT output           : photon_hits_run001.root
==============================

G4WT14 > 
=== EJ Scintillator Bar Run Summary ===
  Run ID                : 29
  Events run            : 600
  Events with ≥1 hit    : 600
  End-left  photons     : 2599
  End-right photons     : 756336
  Top SiPM  photons     : 168786
  Scint photons generated: 11851354
  Total photons detected : 927721
  Detection efficiency   : 7.8280 %
  ROOT output           : photon_hits_run001.root
==============================

G4WT4 > 
=== EJ Scintillator Bar Run Summary ===
  Run ID                : 29
  Events run            : 600
  Events with ≥1 hit    : 600
  End-left  photons     : 2657
  End-right photons     : 762692
  Top SiPM  photons     : 170542
  Scint photons generated: 11991695
  Total photons detected : 935891
  Detection efficiency   : 7.8045 %
  ROOT output           : photon_hits_run001.root
==============================

G4WT9 > 
=== EJ Scintillator Bar Run Summary ===
  Run ID                : 29
  Events run            : 600
  Events with ≥1 hit    : 600
  End-left  photons     : 2631
  End-right photons     : 761124
  Top SiPM  photons     : 170455
  Scint photons generated: 11935286
  Total photons detected : 934210
  Detection efficiency   : 7.8273 %
  ROOT output           : photon_hits_run001.root
==============================

G4WT3 > 
=== EJ Scintillator Bar Run Summary ===
  Run ID                : 29
  Events run            : 600
  Events with ≥1 hit    : 600
  End-left  photons     : 2698
  End-right photons     : 755145
  Top SiPM  photons     : 168029
  Scint photons generated: 11826999
  Total photons detected : 925872
  Detection efficiency   : 7.8285 %
  ROOT output           : photon_hits_run001.root
==============================

G4WT8 > 
=== EJ Scintillator Bar Run Summary ===
  Run ID                : 29
  Events run            : 700
  Events with ≥1 hit    : 700
  End-left  photons     : 3153
  End-right photons     : 882240
  Top SiPM  photons     : 196689
  Scint photons generated: 13840941
  Total photons detected : 1082082
  Detection efficiency   : 7.8180 %
  ROOT output           : photon_hits_run001.root
==============================

G4WT2 > 
=== EJ Scintillator Bar Run Summary ===
  Run ID                : 29
  Events run            : 600
  Events with ≥1 hit    : 600
  End-left  photons     : 2637
  End-right photons     : 754876
  Top SiPM  photons     : 168015
  Scint photons generated: 11829163
  Total photons detected : 925528
  Detection efficiency   : 7.8241 %
  ROOT output           : photon_hits_run001.root
==============================

G4WT15 > 
=== EJ Scintillator Bar Run Summary ===
  Run ID                : 29
  Events run            : 700
  Events with ≥1 hit    : 700
  End-left  photons     : 3112
  End-right photons     : 872928
  Top SiPM  photons     : 195086
  Scint photons generated: 13699205
  Total photons detected : 1071126
  Detection efficiency   : 7.8189 %
  ROOT output           : photon_hits_run001.root
==============================


=== EJ Scintillator Bar Run Summary ===
  Run ID                : 29
  Events run            : 10000
  Events with ≥1 hit    : 10000
  End-left  photons     : 44006
  End-right photons     : 12591927
  Top SiPM  photons     : 2811217
  Scint photons generated: 197529804
  Total photons detected : 15447150
  Detection efficiency   : 7.8202 %
  ROOT output           : photon_hits_run001.root
==============================


=== Boundary Census (diagnostic) ===
  Bar -> reflector panel   : 1452509792
  Bar -> World (escaped)   : 112980659
  Bar -> Bar (TIR/refl)    : 0
  Bar -> SiPM (entering)   : 44573032
  Killed in WorldLV        : 119875424
====================================


=== Active Scintillator Baseline ===
  Material              : EJ204
  Yield                 : 10400.0000 ph/MeV
  Rise time tau_r       : 0.7000 ns
  Decay time tau_d      : 1.8000 ns
  Attenuation length    : 160.0000 cm
  Emission peak lambda  : 408.0000 nm
  Finite rise time      : enabled
=====================================
G4WT3 > 
=== EJ Scintillator Bar Run Summary ===
  Run ID                : 30
  Events run            : 700
  Events with ≥1 hit    : 700
  End-left  photons     : 3402
  End-right photons     : 1322807
  Top SiPM  photons     : 158443
  Scint photons generated: 13702376
  Total photons detected : 1484652
  Detection efficiency   : 10.8350 %
  ROOT output           : photon_hits_run002.root
==============================

G4WT13 > 
=== EJ Scintillator Bar Run Summary ===
  Run ID                : 30
  Events run            : 600
  Events with ≥1 hit    : 600
  End-left  photons     : 2999
  End-right photons     : 1149173
  Top SiPM  photons     : 137605
  Scint photons generated: 11889651
  Total photons detected : 1289777
  Detection efficiency   : 10.8479 %
  ROOT output           : photon_hits_run002.root
==============================

G4WT14 > 
=== EJ Scintillator Bar Run Summary ===
  Run ID                : 30
  Events run            : 600
  Events with ≥1 hit    : 600
  End-left  photons     : 2959
  End-right photons     : 1156697
  Top SiPM  photons     : 138491
  Scint photons generated: 11977426
  Total photons detected : 1298147
  Detection efficiency   : 10.8383 %
  ROOT output           : photon_hits_run002.root
==============================

G4WT5 > 
=== EJ Scintillator Bar Run Summary ===
  Run ID                : 30
  Events run            : 600
  Events with ≥1 hit    : 600
  End-left  photons     : 2931
  End-right photons     : 1161343
  Top SiPM  photons     : 139637
  Scint photons generated: 12022502
  Total photons detected : 1303911
  Detection efficiency   : 10.8456 %
  ROOT output           : photon_hits_run002.root
==============================

G4WT0 > 
=== EJ Scintillator Bar Run Summary ===
  Run ID                : 30
  Events run            : 700
  Events with ≥1 hit    : 700
  End-left  photons     : 3569
  End-right photons     : 1309515
  Top SiPM  photons     : 157526
  Scint photons generated: 13549735
  Total photons detected : 1470610
  Detection efficiency   : 10.8534 %
  ROOT output           : photon_hits_run002.root
==============================

G4WT4 > 
=== EJ Scintillator Bar Run Summary ===
  Run ID                : 30
  Events run            : 600
  Events with ≥1 hit    : 600
  End-left  photons     : 3003
  End-right photons     : 1157945
  Top SiPM  photons     : 138739
  Scint photons generated: 12000977
  Total photons detected : 1299687
  Detection efficiency   : 10.8298 %
  ROOT output           : photon_hits_run002.root
==============================

G4WT6 > 
=== EJ Scintillator Bar Run Summary ===
  Run ID                : 30
  Events run            : 600
  Events with ≥1 hit    : 600
  End-left  photons     : 2990
  End-right photons     : 1146905
  Top SiPM  photons     : 137719
  Scint photons generated: 11885824
  Total photons detected : 1287614
  Detection efficiency   : 10.8332 %
  ROOT output           : photon_hits_run002.root
==============================

G4WT9 > 
=== EJ Scintillator Bar Run Summary ===
  Run ID                : 30
  Events run            : 600
  Events with ≥1 hit    : 600
  End-left  photons     : 3010
  End-right photons     : 1148762
  Top SiPM  photons     : 137567
  Scint photons generated: 11900702
  Total photons detected : 1289339
  Detection efficiency   : 10.8341 %
  ROOT output           : photon_hits_run002.root
==============================

G4WT15 > 
=== EJ Scintillator Bar Run Summary ===
  Run ID                : 30
  Events run            : 600
  Events with ≥1 hit    : 600
  End-left  photons     : 2967
  End-right photons     : 1151629
  Top SiPM  photons     : 137678
  Scint photons generated: 11920933
  Total photons detected : 1292274
  Detection efficiency   : 10.8404 %
  ROOT output           : photon_hits_run002.root
==============================

G4WT11 > 
=== EJ Scintillator Bar Run Summary ===
  Run ID                : 30
  Events run            : 600
  Events with ≥1 hit    : 600
  End-left  photons     : 2958
  End-right photons     : 1140839
  Top SiPM  photons     : 137192
  Scint photons generated: 11805844
  Total photons detected : 1280989
  Detection efficiency   : 10.8505 %
  ROOT output           : photon_hits_run002.root
==============================

G4WT8 > 
=== EJ Scintillator Bar Run Summary ===
  Run ID                : 30
  Events run            : 600
  Events with ≥1 hit    : 600
  End-left  photons     : 2961
  End-right photons     : 1142371
  Top SiPM  photons     : 137887
  Scint photons generated: 11841251
  Total photons detected : 1283219
  Detection efficiency   : 10.8369 %
  ROOT output           : photon_hits_run002.root
==============================

G4WT12 > 
=== EJ Scintillator Bar Run Summary ===
  Run ID                : 30
  Events run            : 700
  Events with ≥1 hit    : 700
  End-left  photons     : 3449
  End-right photons     : 1332156
  Top SiPM  photons     : 159294
  Scint photons generated: 13806405
  Total photons detected : 1494899
  Detection efficiency   : 10.8276 %
  ROOT output           : photon_hits_run002.root
==============================

G4WT1 > 
=== EJ Scintillator Bar Run Summary ===
  Run ID                : 30
  Events run            : 600
  Events with ≥1 hit    : 600
  End-left  photons     : 2913
  End-right photons     : 1158399
  Top SiPM  photons     : 139122
  Scint photons generated: 11981859
  Total photons detected : 1300434
  Detection efficiency   : 10.8534 %
  ROOT output           : photon_hits_run002.root
==============================

G4WT7 > 
=== EJ Scintillator Bar Run Summary ===
  Run ID                : 30
  Events run            : 700
  Events with ≥1 hit    : 700
  End-left  photons     : 3454
  End-right photons     : 1328571
  Top SiPM  photons     : 158947
  Scint photons generated: 13756638
  Total photons detected : 1490972
  Detection efficiency   : 10.8382 %
  ROOT output           : photon_hits_run002.root
==============================

G4WT10 > 
=== EJ Scintillator Bar Run Summary ===
  Run ID                : 30
  Events run            : 600
  Events with ≥1 hit    : 600
  End-left  photons     : 2964
  End-right photons     : 1143927
  Top SiPM  photons     : 137200
  Scint photons generated: 11844322
  Total photons detected : 1284091
  Detection efficiency   : 10.8414 %
  ROOT output           : photon_hits_run002.root
==============================

G4WT2 > 
=== EJ Scintillator Bar Run Summary ===
  Run ID                : 30
  Events run            : 600
  Events with ≥1 hit    : 600
  End-left  photons     : 2952
  End-right photons     : 1156573
  Top SiPM  photons     : 139181
  Scint photons generated: 11964254
  Total photons detected : 1298706
  Detection efficiency   : 10.8549 %
  ROOT output           : photon_hits_run002.root
==============================


=== EJ Scintillator Bar Run Summary ===
  Run ID                : 30
  Events run            : 10000
  Events with ≥1 hit    : 10000
  End-left  photons     : 49481
  End-right photons     : 19107612
  Top SiPM  photons     : 2292228
  Scint photons generated: 197850699
  Total photons detected : 21449321
  Detection efficiency   : 10.8412 %
  ROOT output           : photon_hits_run002.root
==============================


=== Boundary Census (diagnostic) ===
  Bar -> reflector panel   : 1334426700
  Bar -> World (escaped)   : 99469239
  Bar -> Bar (TIR/refl)    : 0
  Bar -> SiPM (entering)   : 61874550
  Killed in WorldLV        : 104860686
====================================

