event_id,produced_scint,produced_optical,detected_left,detected_right,detected_top,edep_total_MeV,edep_nonionizing_MeV,edep_ionizing_MeV,edep_optical_MeV,gun_x_mm
0,35988,37856,684,745,8669,3.4511547416955013,0.0,3.4511547416955013,0.05485373385965784,0.0
1,23563,24847,474,470,5645,2.2809273029650177,0.0,2.2809273029650177,0.036152064690547464,0.0
2,17175,18209,317,353,4045,1.6606892699545048,0.0,1.6606892699545048,0.026217294958344683,0.0
3,18068,19126,389,342,4291,1.7520544398042186,0.0,1.7520544398042186,0.028012145747558385,0.0
4,16282,17285,311,338,3910,1.5632572304184298,0.0,1.5632572304184298,0.02523105721039161,0.0
5,17004,17987,356,356,4031,1.6234680835812818,0.0,1.6234680835812818,0.025895803586692922,0.0
6,20027,21048,407,405,4802,1.9315453267407716,0.0,1.9315453267407716,0.030464030712092364,0.0
7,17679,18720,367,338,4111,1.7129017605686416,0.0,1.7129017605686416,0.026656420885223252,0.0
8,18548,19632,381,390,4434,1.7741014751212119,0.0,1.7741014751212119,0.028374686280183217,0.0
9,23703,24799,455,456,5486,2.2924247765052055,0.0,2.2924247765052055,0.03575977723985022,0.0
10,21768,23105,484,417,5186,2.0931084410607417,0.0,2.0931084410607417,0.033542773333635624,0.0
11,19792,20839,422,408,4718,1.8922666825921344,0.0,1.8922666825921344,0.03025094532948036,0.0
12,44447,46743,885,852,10328,4.268568150152992,0.0,4.268568150152992,0.06654625005802253,0.0
13,15686,16762,338,338,3778,1.5182807065012005,0.0,1.5182807065012005,0.02434091524247594,0.0
14,15610,16610,320,331,3728,1.5174557669080186,0.0,1.5174557669080186,0.024031090565424105,0.0
15,15295,16333,307,281,3677,1.4646559689977043,0.0,1.4646559689977043,0.023332944303608,0.0
16,28897,30004,579,617,6830,2.7650835618948757,0.0,2.7650835618948757,0.04350049782927092,0.0
17,19457,20483,394,430,4584,1.8787841570120767,0.0,1.8787841570120767,0.02948051965622357,0.0
18,24726,25777,475,512,5683,2.3487604809154883,0.0,2.3487604809154883,0.03684691905772805,0.0
19,17834,18852,394,342,4250,1.7204290717572828,0.0,1.7204290717572828,0.027333296085118457,0.0
20,17427,18478,319,325,4135,1.6611136985948687,0.0,1.6611136985948687,0.02607437366277181,0.0
21,19535,20536,375,381,4667,1.8752730516570086,0.0,1.8752730516570086,0.02975154870975029,0.0
22,17569,18607,336,335,4151,1.7050448516622236,0.0,1.7050448516622236,0.026663171414305954,0.0
23,20595,21638,434,387,4772,1.9856045324729195,0.0,1.9856045324729195,0.03080581922040369,0.0
24,20532,21538,439,422,4814,1.9733828102092443,0.0,1.9733828102092443,0.031031006099603582,0.0
25,21314,22369,405,451,5037,2.064486601685915,0.0,2.064486601685915,0.03234206948268636,0.0
26,17283,18323,356,298,4132,1.661600848022097,0.0,1.661600848022097,0.02618137063305194,0.0
27,19211,20251,393,380,4560,1.8499770432461742,0.0,1.8499770432461742,0.029243765864583934,0.0
28,25032,26157,475,503,5906,2.420648760111283,0.0,2.420648760111283,0.03776368888276453,0.0
29,16972,18066,417,345,4139,1.6438660754014611,0.0,1.6438660754014611,0.026306782515772557,0.0
30,24986,25967,478,479,5813,2.4103757812222737,0.0,2.4103757812222737,0.03739029380492867,0.0
31,21360,22421,413,394,5155,2.0508503360732986,0.0,2.0508503360732986,0.032264566943595835,0.0
32,17006,18069,380,349,3993,1.6431297123223971,0.0,1.6431297123223971,0.02608014880622387,0.0
33,16656,17692,286,334,4080,1.5979955188119028,0.0,1.5979955188119028,0.025521314572675955,0.0
34,23060,24113,433,424,5541,2.236518400430338,0.0,2.236518400430338,0.03496427549527898,0.0
35,19605,20621,418,388,4552,1.8787934000997468,0.0,1.8787934000997468,0.02956772579691125,0.0
36,23809,24931,494,478,5650,2.2986836953797654,0.0,2.2986836953797654,0.03625005509194137,0.0
37,21715,22729,443,440,5082,2.0899869610028525,0.0,2.0899869610028525,0.03286252086732714,0.0
38,17215,18211,367,334,4080,1.6509481354739366,0.0,1.6509481354739366,0.025956157352934058,0.0
39,19649,20677,419,410,4671,1.8713401274501806,0.0,1.8713401274501806,0.029874542705286278,0.0
40,19451,20574,373,410,4709,1.866571503559114,0.0,1.866571503559114,0.029873380619999793,0.0
41,17787,18832,384,350,4305,1.7248655036647134,0.0,1.7248655036647134,0.02757163445770389,0.0
42,16559,17595,333,337,3961,1.602345970074454,0.0,1.602345970074454,0.02518911460203849,0.0
43,23204,24211,508,464,5492,2.2225314237604397,0.0,2.2225314237604397,0.035043647965001125,0.0
44,16389,17427,317,306,4041,1.5901558566593468,0.0,1.5901558566593468,0.02545950788599186,0.0
45,18134,19174,351,368,4255,1.7337864982798523,0.0,1.7337864982798523,0.02751989735243196,0.0
46,18645,19609,372,403,4427,1.7944277590294244,0.0,1.7944277590294244,0.028318915587520036,0.0
47,16368,17358,320,330,3948,1.576907209746915,0.0,1.576907209746915,0.024948593320498987,0.0
48,16571,17578,300,306,3902,1.6085437937370823,0.0,1.6085437937370823,0.025016297587210853,0.0
49,15962,16942,315,361,3698,1.5313752313510456,0.0,1.5313752313510456,0.02418819861552693,0.0
50,16923,17971,321,346,3990,1.6097623242184695,0.0,1.6097623242184695,0.025665812952395402,0.0
51,16982,17998,349,372,4029,1.6391330383792253,0.0,1.6391330383792253,0.02586820476838028,0.0
52,21062,22102,390,388,5058,2.0025983685393256,0.0,2.0025983685393256,0.03205867155879469,0.0
53,20857,21922,429,385,4910,2.021550184197148,0.0,2.021550184197148,0.03170266744683974,0.0
54,27442,28825,557,573,6546,2.62156439622711,0.0,2.62156439622711,0.041597311807712596,0.0
55,18886,19961,382,398,4405,1.8402015579730293,0.0,1.8402015579730293,0.029006127564512194,0.0
56,24476,25632,519,472,5753,2.3410612542878377,0.0,2.3410612542878377,0.036705324705019735,0.0
57,19702,20671,396,369,4650,1.890301656915612,0.0,1.890301656915612,0.029898489515833564,0.0
58,18612,19612,357,354,4383,1.7909312929494212,0.0,1.7909312929494212,0.028135037399861673,0.0
59,16148,17154,345,289,3850,1.5430736739635356,0.0,1.5430736739635356,0.02447646257457816,0.0
60,23021,24065,494,440,5389,2.200958967200653,0.0,2.200958967200653,0.03453300462920686,0.0
61,23104,24138,446,458,5451,2.21077018581581,0.0,2.21077018581581,0.03477587913162129,0.0
62,20367,21509,414,375,4824,1.9310234556845955,0.0,1.9310234556845955,0.0309078329997487,0.0
63,19138,20174,371,388,4507,1.845417714618154,0.0,1.845417714618154,0.028953490793589103,0.0
64,16861,17932,323,364,4099,1.6270416525037803,0.0,1.6270416525037803,0.025872662237937372,0.0
65,17227,18218,315,361,4048,1.6737661768804633,0.0,1.6737661768804633,0.026068835523635422,0.0
66,20245,21281,363,392,4803,1.9303727186311808,0.0,1.9303727186311808,0.030721816281449967,0.0
67,17431,18471,326,331,4104,1.663164243897481,0.0,1.663164243897481,0.02631316193892736,0.0
68,22712,23814,456,475,5337,2.197831027171964,0.0,2.197831027171964,0.034116205810549555,0.0
69,16557,17519,306,354,4013,1.5772155471941056,0.0,1.5772155471941056,0.02587764427424272,0.0
70,21045,22230,463,440,4951,2.016255344379776,0.0,2.016255344379776,0.03207115377189277,0.0
71,37827,39518,791,732,9013,3.6564633710725056,0.0,3.6564633710725056,0.057276669151317045,0.0
72,17614,18605,361,367,4056,1.6628474468313728,0.0,1.6628474468313728,0.02660005717165846,0.0
73,21243,22267,386,395,5070,2.0591804397888747,0.0,2.0591804397888747,0.03220232378454166,0.0
74,17598,18643,391,350,4187,1.7074567516341739,0.0,1.7074567516341739,0.027202550017153077,0.0
75,21530,22580,413,433,5030,2.066671120509615,0.0,2.066671120509615,0.03226018580735253,0.0
76,24620,25855,496,454,5858,2.3876751200438338,0.0,2.3876751200438338,0.037165056702701156,0.0
77,19886,20918,430,361,4646,1.8985413637403135,0.0,1.8985413637403135,0.030095720985197274,0.0
78,15866,16879,327,308,3822,1.5331214517391807,0.0,1.5331214517391807,0.02442764879543172,0.0
79,17676,18723,371,375,4178,1.6849069753123318,0.0,1.6849069753123318,0.026962233715182807,0.0
80,26689,27843,517,519,6382,2.5662461850442595,0.0,2.5662461850442595,0.04032195745627323,0.0
81,16109,17075,339,330,3847,1.5551636267748108,0.0,1.5551636267748108,0.02460973030281459,0.0
82,17707,18798,349,373,4161,1.669147091599503,0.0,1.669147091599503,0.027170457611984805,0.0
83,16834,17831,333,331,4029,1.6207791403731189,0.0,1.6207791403731189,0.025762258728722672,0.0
84,18379,19439,339,356,4487,1.7583541821477802,0.0,1.7583541821477802,0.028328557353344795,0.0
85,16834,17828,355,321,3981,1.619368986810529,0.0,1.619368986810529,0.025501601093482894,0.0
86,19828,20876,396,372,4816,1.9345442048867945,0.0,1.9345442048867945,0.030239820524538184,0.0
87,17105,18197,341,352,4149,1.6170863170420047,0.0,1.6170863170420047,0.026579585664956273,0.0
88,16272,17335,320,357,3839,1.5812227607056046,0.0,1.5812227607056046,0.02490740728740696,0.0
89,18293,19336,360,355,4407,1.7525685410381127,0.0,1.7525685410381127,0.02784395788841293,0.0
90,19161,20162,405,372,4544,1.8352189092072306,0.0,1.8352189092072306,0.029257714903293104,0.0
91,19859,20888,392,403,4640,1.9116484478841749,0.0,1.9116484478841749,0.030088497182714242,0.0
92,17556,18615,332,341,4154,1.6721736799703288,0.0,1.6721736799703288,0.026461928420016385,0.0
93,20124,21120,397,375,4805,1.9429461129640764,0.0,1.9429461129640764,0.03028535375466192,0.0
94,19218,20304,346,361,4627,1.8497382488301435,0.0,1.8497382488301435,0.029343167994655243,0.0
95,24125,25217,458,502,5742,2.3237020423103867,0.0,2.3237020423103867,0.0363924211963997,0.0
96,21630,22678,442,425,5067,2.0696143318656604,0.0,2.0696143318656604,0.032342005169448386,0.0
97,19809,20883,380,388,4699,1.9141691713492295,0.0,1.9141691713492295,0.030266987822883302,0.0
98,22288,23293,493,461,5299,2.1596797811963877,0.0,2.1596797811963877,0.03387729588170248,0.0
99,17950,18973,329,347,4286,1.7359213986822544,0.0,1.7359213986822544,0.027398106388665546,0.0
100,15628,16704,305,315,3795,1.512880880554052,0.0,1.512880880554052,0.024185263303645795,0.0
101,17208,18222,329,361,4021,1.646160970801961,0.0,1.646160970801961,0.026187893740375934,0.0
102,20641,21679,402,430,4950,1.9676375373806467,0.0,1.9676375373806467,0.031435772582609926,0.0
103,19245,20253,408,367,4634,1.8426149524500373,0.0,1.8426149524500373,0.029281099840334078,0.0
104,38990,41014,748,797,9288,3.749623539034435,0.0,3.749623539034435,0.059322224616974874,0.0
105,15272,16328,309,304,3702,1.4600782735324576,0.0,1.4600782735324576,0.023537040738661197,0.0
106,22477,23484,429,458,5328,2.1534769316700664,0.0,2.1534769316700664,0.03405181135705919,0.0
107,15661,16750,299,311,3677,1.5241344874907312,0.0,1.5241344874907312,0.023959674592607793,0.0
108,16364,17414,328,347,3903,1.5697182620790295,0.0,1.5697182620790295,0.02513407551802664,0.0
109,20491,21611,391,405,4859,1.972634068000973,0.0,1.972634068000973,0.030877171449704977,0.0
110,15321,16341,286,315,3661,1.4518830773751628,0.0,1.4518830773751628,0.0232905589971323,0.0
111,16271,17308,350,353,3878,1.5766336294826888,0.0,1.5766336294826888,0.024962354486862893,0.0
112,34722,36181,665,697,8203,3.3580645823409156,0.0,3.3580645823409156,0.052203837150049885,0.0
113,16687,17738,314,332,3992,1.6112634365853071,0.0,1.6112634365853071,0.025614412843397775,0.0
114,21700,22687,462,410,5009,2.105752527024345,0.0,2.105752527024345,0.03251947526370616,0.0
115,25987,27047,529,524,6151,2.500817393863958,0.0,2.500817393863958,0.03891149858253271,0.0
116,17309,18395,357,350,4092,1.6497584333232753,0.0,1.6497584333232753,0.026512136289460433,0.0
117,19587,20589,375,408,4608,1.8886277063818095,0.0,1.8886277063818095,0.029827746528185005,0.0
118,15679,16710,325,292,3710,1.5076558399178466,0.0,1.5076558399178466,0.02382281966972535,0.0
119,17125,18193,338,360,4018,1.6602764242747565,0.0,1.6602764242747565,0.025879351031249116,0.0
120,18250,19265,379,368,4280,1.717963269642574,0.0,1.717963269642574,0.02746404570763646,0.0
121,17625,18655,388,362,4152,1.7154189726619609,0.0,1.7154189726619609,0.02697079686798985,0.0
122,18838,19883,417,372,4536,1.8103512765918506,0.0,1.8103512765918506,0.028532211733852102,0.0
123,18828,19872,372,383,4407,1.7917322726818132,0.0,1.7917322726818132,0.0285025918297608,0.0
124,16723,17752,331,305,4018,1.6128105653877542,0.0,1.6128105653877542,0.025770796176124388,0.0
125,17206,18212,348,341,4102,1.645372591187022,0.0,1.645372591187022,0.026060783895268495,0.0
126,31008,32439,620,619,7337,2.9796667060639255,0.0,2.9796667060639255,0.04688122869201124,0.0
127,22868,23863,482,457,5445,2.170498340583933,0.0,2.170498340583933,0.03464658172380422,0.0
128,16313,17367,331,337,3898,1.58567168793593,0.0,1.58567168793593,0.02520151839560446,0.0
129,21282,22272,398,436,4997,2.037328111472751,0.0,2.037328111472751,0.03210155975570294,0.0
130,16829,17834,317,342,3987,1.6313445391086698,0.0,1.6313445391086698,0.025547549237556148,0.0
131,17277,18327,360,355,4121,1.6682856509251078,0.0,1.6682856509251078,0.026564073195367428,0.0
132,20507,21569,447,409,4819,1.9846411657420966,0.0,1.9846411657420966,0.030823984328334615,0.0
133,17136,18190,332,336,4036,1.6344095938366072,0.0,1.6344095938366072,0.025937808280017828,0.0
134,18446,19467,367,360,4376,1.7801183406458088,0.0,1.7801183406458088,0.028130101260968512,0.0
135,18073,19130,318,336,4315,1.759102234193498,0.0,1.759102234193498,0.027399804120682887,0.0
136,20524,21506,399,366,4816,1.9750178185687128,0.0,1.9750178185687128,0.030707701660496457,0.0
137,21922,22950,434,404,5179,2.1085573707301157,0.0,2.1085573707301157,0.03323090335538324,0.0
138,17741,18779,372,331,4300,1.705493418816086,0.0,1.705493418816086,0.02712587403955981,0.0
139,17918,18923,319,344,4345,1.7106320604223844,0.0,1.7106320604223844,0.027237213357989006,0.0
140,15952,16948,320,318,3747,1.5290577118285151,0.0,1.5290577118285151,0.02413212252196451,0.0
141,15948,16992,335,336,3829,1.5410229679315934,0.0,1.5410229679315934,0.024355598463341167,0.0
142,20904,22020,392,436,4958,2.0200909662586555,0.0,2.0200909662586555,0.0317631964029994,0.0
143,17235,18237,315,354,4211,1.661720939269609,0.0,1.661720939269609,0.026392859236894488,0.0
144,19801,20761,381,419,4601,1.9041328804385274,0.0,1.9041328804385274,0.029596261004178222,0.0
145,40098,42221,840,793,9492,3.835327791622988,0.0,3.835327791622988,0.06040674853860622,0.0
146,25493,26738,475,511,6117,2.4681092219901606,0.0,2.4681092219901606,0.038637496544283806,0.0
147,17507,18580,379,397,4095,1.7129095762392361,0.0,1.7129095762392361,0.02664856366468853,0.0
148,25570,26605,494,484,6010,2.453330483471095,0.0,2.453330483471095,0.0386528114492203,0.0
149,18984,19999,390,394,4585,1.8411480431166727,0.0,1.8411480431166727,0.029039040842485105,0.0
150,28788,29871,512,591,6854,2.7545441506409607,0.0,2.7545441506409607,0.04344405803430558,0.0
151,21401,22425,461,408,4996,2.059414646935614,0.0,2.059414646935614,0.03237182908733384,0.0
152,35975,37972,690,772,8481,3.449217978952515,0.0,3.449217978952515,0.05462504698720905,0.0
153,21882,22879,457,417,5252,2.0908119518284165,0.0,2.0908119518284165,0.03331447881677552,0.0
154,15055,16084,331,297,3603,1.453246333414381,0.0,1.453246333414381,0.02292382129942118,0.0
155,17524,18507,348,337,4196,1.7001160670674407,0.0,1.7001160670674407,0.02694381441976445,0.0
156,18434,19467,384,337,4515,1.7624999027798052,0.0,1.7624999027798052,0.028212966423207593,0.0
157,19057,20079,385,398,4544,1.8255428727596155,0.0,1.8255428727596155,0.029162918080829492,0.0
158,24381,25793,498,480,5723,2.3360082212984614,0.0,2.3360082212984614,0.0369632403259023,0.0
159,27885,29094,546,604,6479,2.673162184456319,0.0,2.673162184456319,0.04224152270591442,0.0
160,17622,18665,375,319,4197,1.6998496937374938,0.0,1.6998496937374938,0.026999832174022926,0.0
161,21802,22850,418,457,5215,2.075958569994943,0.0,2.075958569994943,0.03338818432576766,0.0
162,21117,22162,431,412,5027,2.0494757261440495,0.0,2.0494757261440495,0.03215716606415292,0.0
163,18667,19679,394,399,4390,1.7970424710796005,0.0,1.7970424710796005,0.028305763822787156,0.0
164,19428,20466,366,390,4494,1.8732206334958803,0.0,1.8732206334958803,0.029118029158949975,0.0
165,15736,16757,332,301,3719,1.530583314312078,0.0,1.530583314312078,0.024203413677596944,0.0
166,17594,18624,343,366,4143,1.689731367201653,0.0,1.689731367201653,0.02644903202676818,0.0
167,15276,16247,305,305,3569,1.454050601378703,0.0,1.454050601378703,0.023327165733123403,0.0
168,18903,19940,402,390,4440,1.8122256056399944,0.0,1.8122256056399944,0.028580604905733425,0.0
169,19054,20072,374,369,4494,1.851444654335285,0.0,1.851444654335285,0.028837627127046146,0.0
170,22804,23855,457,416,5454,2.2048467616118796,0.0,2.2048467616118796,0.03419346696131418,0.0
171,18202,19250,339,347,4286,1.7512607374699145,0.0,1.7512607374699145,0.02729254333796613,0.0
172,38389,40042,755,755,9059,3.709998713175441,0.0,3.709998713175441,0.05767660166473242,0.0
173,17453,18445,321,313,4074,1.695037460562564,0.0,1.695037460562564,0.02634397525211047,0.0
174,20511,21542,435,365,4880,1.9632003694135063,0.0,1.9632003694135063,0.031254719968707066,0.0
175,19807,20858,391,391,4691,1.9144370879178345,0.0,1.9144370879178345,0.030351364891439737,0.0
176,17972,18974,354,360,4358,1.7455636170009754,0.0,1.7455636170009754,0.027772661579159374,0.0
177,20230,21205,418,425,4762,1.928258139497041,0.0,1.928258139497041,0.030988057368119642,0.0
178,27225,28407,524,562,6378,2.5912404664087885,0.0,2.5912404664087885,0.04084276072235189,0.0
179,29871,31259,566,565,7090,2.8896632267898634,0.0,2.8896632267898634,0.04518669098841543,0.0
180,18894,19955,365,389,4620,1.8246353120950805,0.0,1.8246353120950805,0.02873710749638138,0.0
181,15849,16869,308,325,3798,1.5159436708739011,0.0,1.5159436708739011,0.024386462884370404,0.0
182,21498,22523,407,418,5131,2.0579808322901627,0.0,2.0579808322901627,0.032732325212875016,0.0
183,18132,19176,355,354,4333,1.7488257049837763,0.0,1.7488257049837763,0.02756601094154044,0.0
184,16797,17826,328,324,3912,1.6114174156246566,0.0,1.6114174156246566,0.025621824840629717,0.0
185,20390,21409,421,391,4821,1.956846188236913,0.0,1.956846188236913,0.031261589275787524,0.0
186,31555,32851,607,592,7477,3.0446412779106833,0.0,3.0446412779106833,0.047197547049564845,0.0
187,16489,17490,313,343,3928,1.5806725045578272,0.0,1.5806725045578272,0.02515573683223277,0.0
188,48095,50238,969,929,11319,4.6386694636372665,0.0,4.6386694636372665,0.07258058095752365,0.0
189,19365,20372,365,374,4644,1.8740523515611058,0.0,1.8740523515611058,0.029438511231051,0.0
190,25596,26645,492,504,5975,2.443875266173039,0.0,2.443875266173039,0.03811232109051475,0.0
191,16185,17181,343,289,3869,1.5385998769265663,0.0,1.5385998769265663,0.024900352555206687,0.0
192,17637,18625,319,363,4207,1.6720796514880578,0.0,1.6720796514880578,0.02677210438106095,0.0
193,17550,18501,336,365,4205,1.6651795268644791,0.0,1.6651795268644791,0.026615983558385885,0.0
194,17814,18909,323,354,4385,1.7202399418003118,0.0,1.7202399418003118,0.027685840060449357,0.0
195,21253,22284,459,416,5020,2.034419664334029,0.0,2.034419664334029,0.03218254959162453,0.0
196,31399,33174,584,590,7514,3.028976620775639,0.0,3.028976620775639,0.04768447858356935,0.0
197,23647,24920,519,459,5583,2.272089087849037,0.0,2.272089087849037,0.035615005014404774,0.0
198,24035,25062,431,431,5680,2.310607620226816,0.0,2.310607620226816,0.0363665226062972,0.0
199,17325,18331,366,357,4093,1.6683873301000205,0.0,1.6683873301000205,0.02663511352773748,0.0
200,30970,32246,600,606,7242,2.9841282252265966,0.0,2.9841282252265966,0.046389327599144124,0.0
201,17377,18411,348,333,4159,1.6872449521899018,0.0,1.6872449521899018,0.02644061137416994,0.0
202,17366,18369,317,334,4178,1.6651675902617555,0.0,1.6651675902617555,0.02653222533440804,0.0
203,17842,18894,380,339,4304,1.706381386737927,0.0,1.706381386737927,0.027377915183840393,0.0
204,19743,20791,375,405,4716,1.880493550164295,0.0,1.880493550164295,0.030014884723658986,0.0
205,20664,21737,394,423,4958,1.986044142497734,0.0,1.986044142497734,0.03144117831355,0.0
206,17596,18689,364,342,4296,1.7081098827051326,0.0,1.7081098827051326,0.027297932720934594,0.0
207,20048,21100,403,432,4836,1.9144202639314727,0.0,1.9144202639314727,0.030549005429869366,0.0
208,20301,21354,399,408,4860,1.9660294574771864,0.0,1.9660294574771864,0.03077813971229809,0.0
209,16996,17995,330,328,4050,1.6292987108090564,0.0,1.6292987108090564,0.0258710908249518,0.0
210,18752,19798,383,370,4456,1.7960893545112608,0.0,1.7960893545112608,0.028823957087823465,0.0
211,16397,17421,329,337,3966,1.5868572325275963,0.0,1.5868572325275963,0.025441144539776753,0.0
212,20491,21602,440,401,4850,1.9727265763605588,0.0,1.9727265763605588,0.03116107931648631,0.0
213,28764,29914,557,619,6755,2.7414185798388484,0.0,2.7414185798388484,0.04358006747848344,0.0
214,19300,20264,370,386,4621,1.8452573228535114,0.0,1.8452573228535114,0.02942293302580976,0.0
215,25752,26912,475,518,6036,2.4794373602328164,0.0,2.4794373602328164,0.03858311359392462,0.0
216,31985,33724,636,642,7517,3.0837457055201156,0.0,3.0837457055201156,0.04797636072602318,0.0
217,16008,17028,305,327,3767,1.5374207670014206,0.0,1.5374207670014206,0.02442053930331852,0.0
218,22292,23317,474,409,5185,2.1386793004392426,0.0,2.1386793004392426,0.0332321457798415,0.0
219,20617,21625,429,399,4750,1.9660627034068678,0.0,1.9660627034068678,0.03098066816752798,0.0
220,22241,23305,424,472,5186,2.144304949192809,0.0,2.144304949192809,0.03398644216680045,0.0
221,17716,18720,362,340,4183,1.707767200343495,0.0,1.707767200343495,0.026914341577772692,0.0
222,15678,16688,310,320,3670,1.5158546632675263,0.0,1.5158546632675263,0.024057514977911056,0.0
223,17149,18188,370,332,4118,1.6210192188565657,0.0,1.6210192188565657,0.026296631464818435,0.0
224,17353,18387,352,355,4142,1.6653173703977993,0.0,1.6653173703977993,0.02630828235161382,0.0
225,23590,24751,454,469,5606,2.2724201688278614,0.0,2.2724201688278614,0.03584601164120586,0.0
226,17200,18245,345,345,4069,1.6525525781828119,0.0,1.6525525781828119,0.026170112677066926,0.0
227,18073,19095,384,392,4305,1.7378306645659205,0.0,1.7378306645659205,0.02756493156698125,0.0
228,18545,19569,382,388,4365,1.7939643307324735,0.0,1.7939643307324735,0.02812031793656837,0.0
229,16261,17277,333,347,3838,1.5485030234229755,0.0,1.5485030234229755,0.025073585501183823,0.0
230,17549,18597,355,349,4223,1.6935987786825846,0.0,1.6935987786825846,0.026733282324546172,0.0
231,15935,16975,343,282,3775,1.513614649878525,0.0,1.513614649878525,0.024418593703930853,0.0
232,19102,20131,394,362,4435,1.8421813287899347,0.0,1.8421813287899347,0.02889087224173262,0.0
233,18718,19772,362,362,4462,1.787586507929282,0.0,1.787586507929282,0.028142050022542307,0.0
234,26276,27576,493,528,6101,2.542838951553758,0.0,2.542838951553758,0.03937992303389485,0.0
235,26632,27863,526,522,6312,2.5465809973665468,0.0,2.5465809973665468,0.040147163617282315,0.0
236,19553,20617,385,363,4614,1.8973010009820588,0.0,1.8973010009820588,0.02956799367605341,0.0
237,17141,18149,337,337,4127,1.661220128158889,0.0,1.661220128158889,0.026074865223736147,0.0
238,22932,23978,457,406,5430,2.2106074451926734,0.0,2.2106074451926734,0.034575110964159994,0.0
239,16446,17508,363,310,3949,1.5828331538985032,0.0,1.5828331538985032,0.025180170591415266,0.0
240,17089,18117,351,349,4002,1.6525956111012767,0.0,1.6525956111012767,0.026060056916060895,0.0
241,23898,25011,478,493,5661,2.2936705427695934,0.0,2.2936705427695934,0.03592266515574926,0.0
242,17846,18914,350,355,4182,1.7243079563447126,0.0,1.7243079563447126,0.0270768330145357,0.0
243,18707,19719,374,364,4420,1.7882551464238545,0.0,1.7882551464238545,0.028260352750001574,0.0
244,26570,27672,512,479,6144,2.556009774541711,0.0,2.556009774541711,0.03971502052251469,0.0
245,17395,18366,343,357,4044,1.6764113746475278,0.0,1.6764113746475278,0.026244290194688605,0.0
246,21463,22508,444,444,5112,2.089442090018245,0.0,2.089442090018245,0.03254323760404471,0.0
247,15391,16453,292,318,3668,1.4853469274116227,0.0,1.4853469274116227,0.0236043798601732,0.0
248,16912,17984,354,302,4069,1.662140983266398,0.0,1.662140983266398,0.025970614849738973,0.0
249,15218,16215,294,325,3563,1.4877459662698056,0.0,1.4877459662698056,0.023188560144568916,0.0
250,18148,19157,364,377,4322,1.724246144424798,0.0,1.724246144424798,0.027650892640394557,0.0
251,19459,20470,386,381,4522,1.871297290443638,0.0,1.871297290443638,0.02957584113315065,0.0
252,33296,34569,623,655,7834,3.192802094711232,0.0,3.192802094711232,0.050071957411463044,0.0
253,16818,17870,345,348,3972,1.620835264647672,0.0,1.620835264647672,0.02567639796626083,0.0
254,17453,18370,309,347,4114,1.6876442307364428,0.0,1.6876442307364428,0.026572740591204052,0.0
255,18070,19098,385,366,4269,1.7311058429853556,0.0,1.7311058429853556,0.027815211784121295,0.0
256,19442,20484,376,364,4719,1.8543153017407585,0.0,1.8543153017407585,0.02973791697325636,0.0
257,18561,19519,355,377,4490,1.803656894133184,0.0,1.803656894133184,0.028424199461167785,0.0
258,17200,18171,337,335,4030,1.6411727559920026,0.0,1.6411727559920026,0.026000380966047197,0.0
259,21783,22801,424,458,5150,2.1025494942371092,0.0,2.1025494942371092,0.032957603805407264,0.0
260,20579,21651,394,417,4856,1.9982951253564714,0.0,1.9982951253564714,0.03112651010807226,0.0
261,17430,18476,358,350,4234,1.6752506974286312,0.0,1.6752506974286312,0.026642743121514524,0.0
262,18936,19946,352,362,4519,1.8029437836307365,0.0,1.8029437836307365,0.02862012785120955,0.0
263,21787,22795,428,452,5152,2.0802516046727355,0.0,2.0802516046727355,0.03294205790854506,0.0
264,16553,17556,341,306,3968,1.5931249670510121,0.0,1.5931249670510121,0.02503266255263963,0.0
265,18485,19546,371,371,4510,1.7615354099858538,0.0,1.7615354099858538,0.028350335672387157,0.0
266,17503,18510,346,330,4179,1.6745872696918143,0.0,1.6745872696918143,0.02686569409639917,0.0
267,22076,23072,394,423,5184,2.1197677796270247,0.0,2.1197677796270247,0.03337285380998124,0.0
268,23188,24276,476,498,5589,2.253555489332399,0.0,2.253555489332399,0.035323532577799036,0.0
269,19160,20190,376,387,4556,1.8409564814127837,0.0,1.8409564814127837,0.029033717554481007,0.0
270,24301,25634,495,470,5724,2.3305279232780682,0.0,2.3305279232780682,0.036742396856019995,0.0
271,26248,27523,532,511,6171,2.53214376935057,0.0,2.53214376935057,0.03990025129706564,0.0
272,35752,37578,689,683,8438,3.4599799369702606,0.0,3.4599799369702606,0.05392130415470404,0.0
273,15954,16949,324,279,3880,1.5282010157858679,0.0,1.5282010157858679,0.02456759312077165,0.0
274,19789,20833,403,386,4670,1.8981756683089348,0.0,1.8981756683089348,0.030023971506225593,0.0
275,16899,17945,346,329,4024,1.6361328407017035,0.0,1.6361328407017035,0.025891562376790803,0.0
276,16045,17060,351,292,3887,1.5495747252908996,0.0,1.5495747252908996,0.02454560620550049,0.0
277,16533,17606,340,326,3876,1.5929970853559745,0.0,1.5929970853559745,0.025098211549299133,0.0
278,17533,18595,330,372,4194,1.6927710314749689,0.0,1.6927710314749689,0.027041657405239786,0.0
279,18325,19354,421,373,4313,1.7552765061467286,0.0,1.7552765061467286,0.028020897255623626,0.0
280,16528,17592,329,344,3979,1.5758476951835199,0.0,1.5758476951835199,0.02543353696662991,0.0
281,17246,18249,331,328,4190,1.655286849855229,0.0,1.655286849855229,0.02618057702963168,0.0
282,21486,22686,418,388,5178,2.057319508927619,0.0,2.057319508927619,0.032782933752788006,0.0
283,19859,20889,420,409,4701,1.9049691374980158,0.0,1.9049691374980158,0.030351059585406234,0.0
284,16200,17219,343,301,3976,1.5589207216682293,0.0,1.5589207216682293,0.024968425877146285,0.0
285,19599,20584,388,411,4617,1.8632760914943889,0.0,1.8632760914943889,0.029495840564945103,0.0
286,17133,18134,319,304,4079,1.66753831625319,0.0,1.66753831625319,0.026110956248725836,0.0
287,16899,17994,349,344,4044,1.6399530770561854,0.0,1.6399530770561854,0.0260419385619523,0.0
288,24563,25665,465,489,5915,2.3594824595963244,0.0,2.3594824595963244,0.03751134839638153,0.0
289,20466,21446,406,397,4875,1.9501539049412209,0.0,1.9501539049412209,0.03109344851667636,0.0
290,21784,22811,465,452,5183,2.1052673189252613,0.0,2.1052673189252613,0.033004100121699985,0.0
291,31720,33550,655,622,7503,3.059847929758751,0.0,3.059847929758751,0.04806938493186122,0.0
292,25110,26223,488,488,5969,2.408497363497407,0.0,2.408497363497407,0.03772302215812147,0.0
293,20585,21569,406,399,4830,1.9718406494913348,0.0,1.9718406494913348,0.031365740988412265,0.0
294,18291,19328,343,337,4262,1.7622944732237207,0.0,1.7622944732237207,0.02774987889444596,0.0
295,18236,19268,381,415,4362,1.7430118775494687,0.0,1.7430118775494687,0.028097279227892284,0.0
296,18822,19865,361,361,4563,1.7962276283676852,0.0,1.7962276283676852,0.028915797239162294,0.0
297,19181,20200,375,387,4630,1.8317202564969968,0.0,1.8317202564969968,0.029344501167288595,0.0
298,21935,22962,422,445,5170,2.1037601820201997,0.0,2.1037601820201997,0.0329142490580263,0.0
299,19148,20170,328,357,4484,1.8484657505107263,0.0,1.8484657505107263,0.028879956859729335,0.0
300,16105,17140,335,336,3889,1.5662468280067738,0.0,1.5662468280067738,0.02497088727976036,0.0
301,19265,20302,361,379,4456,1.86662251310925,0.0,1.86662251310925,0.029163570856319418,0.0
302,16075,17132,320,308,3821,1.5389867749926618,0.0,1.5389867749926618,0.02450578099623076,0.0
303,45331,47228,881,924,10659,4.36366513959201,0.0,4.36366513959201,0.06762187371608809,0.0
304,20570,21627,440,407,5036,1.9741263696385765,0.0,1.9741263696385765,0.03160527970746484,0.0
305,20613,21662,453,399,4962,1.945574995962359,0.0,1.945574995962359,0.031064218885564043,0.0
306,18445,19449,339,354,4369,1.7763972278172022,0.0,1.7763972278172022,0.028087159016472497,0.0
307,21843,22938,440,449,5113,2.110367259961945,0.0,2.110367259961945,0.033475271716509096,0.0
308,20481,21586,381,390,4895,1.9758287756479218,0.0,1.9758287756479218,0.030905632760402237,0.0
309,19487,20443,387,393,4581,1.8969425197818952,0.0,1.8969425197818952,0.029447835581525094,0.0
310,15788,16788,296,316,3776,1.5048519829715397,0.0,1.5048519829715397,0.023991477796316617,0.0
311,16552,17636,323,324,4021,1.5989261510810664,0.0,1.5989261510810664,0.025612782358559096,0.0
312,17504,18512,310,361,4204,1.676207632914535,0.0,1.676207632914535,0.026599017274120677,0.0
313,39892,41792,747,772,9504,3.8409817308058027,0.0,3.8409817308058027,0.06014311119977262,0.0
314,21555,22520,392,430,5089,2.0886887905078115,0.0,2.0886887905078115,0.03266899495624122,0.0
315,23204,24333,451,478,5349,2.2497552159415775,0.0,2.2497552159415775,0.03438972326615176,0.0
316,19185,20248,392,399,4583,1.8415732228930706,0.0,1.8415732228930706,0.029084814566770794,0.0
317,21567,22614,440,382,5110,2.0687070415252404,0.0,2.0687070415252404,0.032204033738750415,0.0
318,22001,23087,401,414,5231,2.103562859836009,0.0,2.103562859836009,0.0331589653017942,0.0
319,25114,26270,500,519,5967,2.421807856984376,0.0,2.421807856984376,0.037808713653890276,0.0
320,18719,19780,370,373,4464,1.7899631432286658,0.0,1.7899631432286658,0.028671644436733017,0.0
321,18117,19145,373,348,4394,1.74740349502037,0.0,1.74740349502037,0.027778598247389975,0.0
322,20867,21924,407,393,4837,2.0383837070074144,0.0,2.0383837070074144,0.0316069258041389,0.0
323,17625,18596,358,366,4204,1.69712600357282,0.0,1.69712600357282,0.026849683057574424,0.0
324,27211,28695,535,549,6453,2.63009374980274,0.0,2.63009374980274,0.04104249097784057,0.0
325,17831,18931,327,332,4372,1.6956826330854808,0.0,1.6956826330854808,0.027494725844716995,0.0
326,17245,18229,318,326,4093,1.6469261569944196,0.0,1.6469261569944196,0.026174245327417002,0.0
327,16300,17313,374,324,3937,1.580311382460995,0.0,1.580311382460995,0.024623347211811922,0.0
328,18318,19354,309,364,4407,1.7838600553982258,0.0,1.7838600553982258,0.027905070104350106,0.0
329,22131,23218,423,429,5288,2.1291953466254205,0.0,2.1291953466254205,0.03366643515760643,0.0
330,23272,24288,439,448,5516,2.210950234824676,0.0,2.210950234824676,0.0348154207508995,0.0
331,19278,20325,372,374,4658,1.8489865661850502,0.0,1.8489865661850502,0.029590594640004717,0.0
332,17027,18023,352,324,4058,1.6371109713432592,0.0,1.6371109713432592,0.026122677602309994,0.0
333,36307,37792,696,717,8424,3.478260522943413,0.0,3.478260522943413,0.05470068992248382,0.0
334,16281,17279,312,313,3885,1.5742757841793207,0.0,1.5742757841793207,0.02488469924166076,0.0
335,17015,18023,330,336,4072,1.6190280068924106,0.0,1.6190280068924106,0.02586730406708405,0.0
336,17330,18289,334,333,4185,1.6744362674673565,0.0,1.6744362674673565,0.026289070035008293,0.0
337,17642,18670,345,322,4203,1.7056920902301012,0.0,1.7056920902301012,0.02686637685356107,0.0
338,18984,20002,392,392,4504,1.8217926287674748,0.0,1.8217926287674748,0.028668491234859986,0.0
339,26048,27166,543,535,6163,2.544908837758947,0.0,2.544908837758947,0.03925373415949362,0.0
340,20413,21426,410,399,4824,1.9704076402875754,0.0,1.9704076402875754,0.03076287212686062,0.0
341,16443,17458,308,312,3928,1.5635205715902172,0.0,1.5635205715902172,0.02483138051275955,0.0
342,18407,19444,384,363,4474,1.750954871694788,0.0,1.750954871694788,0.02828291632326662,0.0
343,17566,18593,350,352,4197,1.6826952773788277,0.0,1.6826952773788277,0.026750728250321026,0.0
344,18690,19673,344,357,4463,1.773767443661851,0.0,1.773767443661851,0.02829735182823647,0.0
345,18026,19037,382,330,4316,1.7429284996404164,0.0,1.7429284996404164,0.027335169374177157,0.0
346,17788,18839,361,377,4313,1.6899203244539054,0.0,1.6899203244539054,0.027512533482798727,0.0
347,16117,17086,340,318,3873,1.5558828111949026,0.0,1.5558828111949026,0.024925383521322637,0.0
348,30051,31220,579,612,6866,2.8700335920089732,0.0,2.8700335920089732,0.04467745304557149,0.0
349,18464,19521,354,344,4357,1.771945314166498,0.0,1.771945314166498,0.028325688994169904,0.0
350,17870,18873,344,355,4179,1.7269134878249328,0.0,1.7269134878249328,0.026956139437486606,0.0
351,19202,20210,364,376,4590,1.8395350486894018,0.0,1.8395350486894018,0.029207581795521444,0.0
352,17850,18859,354,369,4188,1.7124352327216663,0.0,1.7124352327216663,0.026823929396983047,0.0
353,18325,19342,360,357,4419,1.734255057058309,0.0,1.734255057058309,0.028068586986629743,0.0
354,19354,20399,381,383,4554,1.8594822000092426,0.0,1.8594822000092426,0.029253853608378323,0.0
355,18010,19014,349,350,4271,1.7316815781373591,0.0,1.7316815781373591,0.027675504580947877,0.0
356,41184,42941,798,790,9559,3.949853399354725,0.0,3.949853399354725,0.0617739728316117,0.0
357,27081,28613,511,533,6475,2.624532756540786,0.0,2.624532756540786,0.041113588020534615,0.0
358,18777,19809,396,393,4509,1.7981399189863327,0.0,1.7981399189863327,0.02838714550103668,0.0
359,20244,21275,389,419,4826,1.944068660589938,0.0,1.944068660589938,0.03067777510315785,0.0
360,16466,17427,338,329,3906,1.5937300018061664,0.0,1.5937300018061664,0.024984363043851942,0.0
361,19086,20126,415,360,4457,1.8054113051698844,0.0,1.8054113051698844,0.029229165412964487,0.0
362,18734,19801,378,394,4420,1.7930951430034046,0.0,1.7930951430034046,0.028716890420054292,0.0
363,29234,30941,589,560,6885,2.8268510529218482,0.0,2.8268510529218482,0.04408806610940611,0.0
364,16604,17641,343,303,4019,1.5940749446547058,0.0,1.5940749446547058,0.025407499870644775,0.0
365,20519,21596,420,409,4853,1.9740542283439737,0.0,1.9740542283439737,0.03133008656501105,0.0
366,16544,17530,302,359,3983,1.5927364618931215,0.0,1.5927364618931215,0.025198550031077186,0.0
367,17712,18716,391,340,4236,1.6843921027161612,0.0,1.6843921027161612,0.02694728480547145,0.0
368,17118,18111,351,351,4058,1.663280835671859,0.0,1.663280835671859,0.026177251226294565,0.0
369,15892,16882,312,307,3812,1.5149675520814634,0.0,1.5149675520814634,0.024146409165582278,0.0
370,17182,18178,354,306,4118,1.652976338686365,0.0,1.652976338686365,0.02639110333070671,0.0
371,18086,19131,356,336,4301,1.7365610880774698,0.0,1.7365610880774698,0.027319394442036345,0.0
372,22007,23066,488,422,5260,2.113343081973686,0.0,2.113343081973686,0.033605842175271974,0.0
373,23651,24827,457,433,5520,2.2911280767170483,0.0,2.2911280767170483,0.03564809648598319,0.0
374,16936,17948,373,306,3998,1.6214309402437077,0.0,1.6214309402437077,0.025955978061237464,0.0
375,24392,25515,455,475,5903,2.3427333740119285,0.0,2.3427333740119285,0.03724723432250131,0.0
376,17054,18016,323,361,4052,1.6281566757171193,0.0,1.6281566757171193,0.02616196769672129,0.0
377,20794,21823,402,400,4952,2.002832801394714,0.0,2.002832801394714,0.031131133192416473,0.0
378,17737,18774,352,375,4308,1.7059673922590828,0.0,1.7059673922590828,0.0272554836898849,0.0
379,20817,21883,387,434,4920,2.005169429208643,0.0,2.005169429208643,0.031794954160315525,0.0
380,18675,19692,351,353,4524,1.8158405142465706,0.0,1.8158405142465706,0.028428829559913136,0.0
381,17671,18707,369,320,4228,1.6736704733935734,0.0,1.6736704733935734,0.02680331718902979,0.0
382,18706,19752,373,360,4406,1.8110148226471294,0.0,1.8110148226471294,0.028400517042665004,0.0
383,22569,23608,470,420,5335,2.1764195263349153,0.0,2.1764195263349153,0.034161213241639746,0.0
384,20146,21214,356,397,4724,1.9423201873339877,0.0,1.9423201873339877,0.030307642872921974,0.0
385,25987,27064,476,522,6007,2.5126966522144376,0.0,2.5126966522144376,0.03918619512108277,0.0
386,35666,37242,700,716,8409,3.4132771124509014,0.0,3.4132771124509014,0.0539292688195889,0.0
387,22826,23838,444,416,5366,2.1599878079886894,0.0,2.1599878079886894,0.034254940376548595,0.0
388,16120,17243,333,336,3986,1.5599876288011114,0.0,1.5599876288011114,0.02495387962310146,0.0
389,25037,26157,475,475,6032,2.3863784051452535,0.0,2.3863784051452535,0.03769220155935655,0.0
390,21428,22502,461,430,4964,2.0473992109196333,0.0,2.0473992109196333,0.032182515550686616,0.0
391,19279,20277,339,369,4563,1.832014271618126,0.0,1.832014271618126,0.02896403907690881,0.0
392,17644,18671,325,359,4173,1.7000270014580723,0.0,1.7000270014580723,0.026688690697667057,0.0
393,17145,18140,359,327,4100,1.6395251741283972,0.0,1.6395251741283972,0.026235720360414584,0.0
394,20165,21229,424,378,4939,1.9386494115757327,0.0,1.9386494115757327,0.030764313680616343,0.0
395,16389,17362,347,295,3963,1.5591682182023179,0.0,1.5591682182023179,0.02532204916190727,0.0
396,23881,25037,432,448,5684,2.305186584870098,0.0,2.305186584870098,0.0359891691795392,0.0
397,16932,17969,329,327,3927,1.6203424261569872,0.0,1.6203424261569872,0.025894560913574245,0.0
398,18285,19352,352,365,4344,1.7525647048315622,0.0,1.7525647048315622,0.027741246021914173,0.0
399,24303,25356,479,454,5799,2.306238571791142,0.0,2.306238571791142,0.03661994013631933,0.0
400,17170,18156,342,344,4259,1.64878608403158,0.0,1.64878608403158,0.02636435252896502,0.0
401,21648,22735,411,467,5181,2.083595809487162,0.0,2.083595809487162,0.032928098139737655,0.0
402,19741,20771,376,408,4641,1.8870093289716583,0.0,1.8870093289716583,0.029710216045939382,0.0
403,18940,19997,351,375,4465,1.827237501069424,0.0,1.827237501069424,0.02871538954810764,0.0
404,25966,27161,489,518,6091,2.478761210007829,0.0,2.478761210007829,0.039035572640611506,0.0
405,19844,20906,396,383,4862,1.901128410268102,0.0,1.901128410268102,0.03046669659060353,0.0
406,16584,17614,339,332,3874,1.5832084277300533,0.0,1.5832084277300533,0.025154179010336945,0.0
407,25360,26581,471,483,6045,2.4546340173055907,0.0,2.4546340173055907,0.03861135168557301,0.0
408,17579,18618,324,350,4206,1.6810984879589563,0.0,1.6810984879589563,0.02662904771909799,0.0
409,16081,17136,309,297,3935,1.5379916165511347,0.0,1.5379916165511347,0.024675176292432318,0.0
410,19717,20774,421,366,4650,1.9039874890599888,0.0,1.9039874890599888,0.02970404662729927,0.0
411,19653,20681,386,372,4626,1.905900309960174,0.0,1.905900309960174,0.029432119658944614,0.0
412,18578,19645,412,405,4417,1.7861772440339216,0.0,1.7861772440339216,0.028487628085837734,0.0
413,22638,23807,429,477,5285,2.1705619131186937,0.0,2.1705619131186937,0.034515585035071884,0.0
414,16082,17111,306,315,3960,1.5436611414770713,0.0,1.5436611414770713,0.024679235145256266,0.0
415,20597,21607,430,429,4848,1.970161258438506,0.0,1.970161258438506,0.0313516450676568,0.0
416,18983,19987,361,395,4542,1.825415512015476,0.0,1.825415512015476,0.02907085462662868,0.0
417,18849,19907,382,343,4515,1.8070805022675742,0.0,1.8070805022675742,0.028803935726727604,0.0
418,16921,17972,344,342,4089,1.6380813267954428,0.0,1.6380813267954428,0.025778447433016924,0.0
419,16659,17617,304,339,4046,1.5962685987456233,0.0,1.5962685987456233,0.025669598293537266,0.0
420,15728,16746,348,334,3816,1.5014372063817207,0.0,1.5014372063817207,0.024366590377789543,0.0
421,15278,16311,317,292,3656,1.4793856776858458,0.0,1.4793856776858458,0.023707439040130052,0.0
422,18061,19127,368,352,4270,1.7474684970840413,0.0,1.7474684970840413,0.02762974368127829,0.0
423,17596,18613,326,402,4110,1.695925534199125,0.0,1.695925534199125,0.02665651657412796,0.0
424,18687,19732,345,331,4458,1.802801177396121,0.0,1.802801177396121,0.0279416826633865,0.0
425,17695,18720,363,328,4222,1.7067152730315969,0.0,1.7067152730315969,0.027160325578656892,0.0
426,14909,15924,312,268,3628,1.441168350501893,0.0,1.441168350501893,0.022935407330661645,0.0
427,18231,19285,379,350,4340,1.7546311729867763,0.0,1.7546311729867763,0.027822120807720244,0.0
428,18051,19063,359,375,4298,1.7378394847988639,0.0,1.7378394847988639,0.02747079285475867,0.0
429,16097,17087,327,337,3691,1.5498627262259221,0.0,1.5498627262259221,0.024773114122741677,0.0
430,18048,19069,363,329,4186,1.7219718532552855,0.0,1.7219718532552855,0.027048526569258456,0.0
431,16359,17320,329,314,4003,1.5794261876309865,0.0,1.5794261876309865,0.025247584275843452,0.0
432,39177,41032,815,729,9242,3.736674805924832,0.0,3.736674805924832,0.05833584782672239,0.0
433,15224,16234,289,331,3584,1.464174010361923,0.0,1.464174010361923,0.023009180136062624,0.0
434,17718,18767,360,374,4175,1.7403745563706328,0.0,1.7403745563706328,0.026965606714367207,0.0
435,18683,19772,392,383,4431,1.7879069002338963,0.0,1.7879069002338963,0.02861143009723783,0.0
436,17676,18719,372,358,4152,1.7065275956666375,0.0,1.7065275956666375,0.02678906055866344,0.0
437,22694,23749,437,489,5359,2.178206554895517,0.0,2.178206554895517,0.03449979151613499,0.0
438,19222,20263,418,341,4611,1.835250865810617,0.0,1.835250865810617,0.02897286941691281,0.0
439,15902,16985,301,333,3777,1.526613825527514,0.0,1.526613825527514,0.024310629940377897,0.0
440,22865,23939,442,437,5440,2.185804834041207,0.0,2.185804834041207,0.03463806491337518,0.0
441,17828,18887,372,341,4261,1.7222038950859426,0.0,1.7222038950859426,0.027040191787273335,0.0
442,17191,18200,349,323,4095,1.6317354574357799,0.0,1.6317354574357799,0.026027624671622635,0.0
443,21642,22672,397,457,5047,2.0893635733780096,0.0,2.0893635733780096,0.03241586499685933,0.0
444,16840,17847,329,325,4029,1.6232674110583756,0.0,1.6232674110583756,0.025692089699252015,0.0
445,18853,19896,376,346,4474,1.8349424622659865,0.0,1.8349424622659865,0.028363329851757497,0.0
446,19076,20125,394,361,4647,1.832194349680939,0.0,1.832194349680939,0.02931539522241009,0.0
447,17691,18700,403,363,4295,1.6883299605789523,0.0,1.6883299605789523,0.02728202280597869,0.0
448,17292,18332,327,347,4141,1.6383434094549267,0.0,1.6383434094549267,0.0265575174678335,0.0
449,18066,19085,358,395,4303,1.7716874447265607,0.0,1.7716874447265607,0.027525422980769883,0.0
450,16081,17148,316,311,3902,1.5425917572524628,0.0,1.5425917572524628,0.024750061505633966,0.0
451,17764,18783,346,348,4114,1.7300786806775632,0.0,1.7300786806775632,0.02662263566824576,0.0
452,17129,18183,372,358,4069,1.6324350936986738,0.0,1.6324350936986738,0.026312228153421668,0.0
453,18944,19974,339,365,4459,1.8153427944296878,0.0,1.8153427944296878,0.02889858437338761,0.0
454,16739,17767,336,376,3938,1.607736284585581,0.0,1.607736284585581,0.02582030730866919,0.0
455,15981,17038,318,326,3874,1.539202760326334,0.0,1.539202760326334,0.02458977414283992,0.0
456,16466,17453,340,316,4021,1.5853388196647733,0.0,1.5853388196647733,0.025392477526671203,0.0
457,17448,18479,337,380,4118,1.6709254474729203,0.0,1.6709254474729203,0.026561048893627894,0.0
458,19001,20011,389,372,4535,1.8396317473930761,0.0,1.8396317473930761,0.028953952825685247,0.0
459,16299,17301,320,330,3898,1.5729586046975645,0.0,1.5729586046975645,0.02504735474627519,0.0
460,25422,26422,482,502,5985,2.442816905037065,0.0,2.442816905037065,0.03831244822002664,0.0
461,17848,18868,360,376,4227,1.707534652625337,0.0,1.707534652625337,0.027232281196236132,0.0
462,16365,17390,334,307,3877,1.5549458019468818,0.0,1.5549458019468818,0.02461551804971834,0.0
463,19285,20315,366,375,4537,1.8512669657684098,0.0,1.8512669657684098,0.02929389649302829,0.0
464,25640,26861,518,519,6022,2.497733448513808,0.0,2.497733448513808,0.03896855771103695,0.0
465,16334,17278,319,295,3885,1.577679502059193,0.0,1.577679502059193,0.024674608326804823,0.0
466,22284,23302,458,433,5232,2.1333012448046773,0.0,2.1333012448046773,0.03388350094477309,0.0
467,21059,22098,428,439,5025,2.0278121719687925,0.0,2.0278121719687925,0.03227328646855754,0.0
468,18879,19905,369,374,4566,1.8047039763473327,0.0,1.8047039763473327,0.02910365282310453,0.0
469,23329,24360,463,483,5476,2.2356836410739094,0.0,2.2356836410739094,0.03495690015409543,0.0
470,19478,20475,393,404,4680,1.872520395547992,0.0,1.872520395547992,0.029828189262869426,0.0
471,20111,21101,379,386,4648,1.9339818934662731,0.0,1.9339818934662731,0.03061276324195357,0.0
472,16210,17212,329,357,3941,1.5414883517291358,0.0,1.5414883517291358,0.024748381822641233,0.0
473,16603,17608,329,336,3990,1.5893660517061696,0.0,1.5893660517061696,0.025650827958265534,0.0
474,45358,47469,884,910,10707,4.36884610405248,0.0,4.36884610405248,0.06778122961603969,0.0
475,18380,19358,367,342,4464,1.764720600918769,0.0,1.764720600918769,0.027958053424355808,0.0
476,17747,18774,360,367,4222,1.700591944772172,0.0,1.700591944772172,0.027031106548699193,0.0
477,18389,19414,377,390,4406,1.7650995399810088,0.0,1.7650995399810088,0.02822397810660356,0.0
478,19556,20576,370,373,4645,1.8647335464998145,0.0,1.8647335464998145,0.029700600875079572,0.0
479,18512,19502,348,350,4384,1.7733581704114412,0.0,1.7733581704114412,0.02791434474552272,0.0
480,20920,21954,430,435,4894,2.0106025130428367,0.0,2.0106025130428367,0.03168648464834152,0.0
481,17896,18910,356,369,4295,1.7229630491842116,0.0,1.7229630491842116,0.027154362414071986,0.0
482,19898,20975,379,362,4731,1.9153170093986462,0.0,1.9153170093986462,0.029936789361627476,0.0
483,22346,23489,419,437,5290,2.1318949318492213,0.0,2.1318949318492213,0.03378749687263705,0.0
484,20019,21037,388,394,4782,1.9075564817040873,0.0,1.9075564817040873,0.030318416582973334,0.0
485,18401,19357,390,352,4289,1.773405896991557,0.0,1.773405896991557,0.027783336240583052,0.0
486,17139,18152,356,360,4075,1.6365228626014798,0.0,1.6365228626014798,0.026088266983933104,0.0
487,17463,18395,341,336,4207,1.6965012713361751,0.0,1.6965012713361751,0.026902192831127318,0.0
488,18792,19867,367,398,4388,1.7990349797180378,0.0,1.7990349797180378,0.028978708538433002,0.0
489,21683,22692,449,464,5014,2.061242692488619,0.0,2.061242692488619,0.0326004807613054,0.0
490,18574,19556,396,331,4404,1.7630041068461766,0.0,1.7630041068461766,0.02825534471489562,0.0
491,21151,22171,448,467,4989,2.0432284998497146,0.0,2.0432284998497146,0.031968888700848005,0.0
492,18529,19539,387,352,4383,1.785826112556872,0.0,1.785826112556872,0.028236273268549977,0.0
493,17202,18240,307,358,4053,1.6567318079801026,0.0,1.6567318079801026,0.02598481076418692,0.0
494,18683,19696,337,379,4352,1.7891028639413415,0.0,1.7891028639413415,0.02829032177989497,0.0
495,81297,84998,1560,1532,19041,7.830126606412749,0.0,7.830126606412749,0.12205703098041808,0.0
496,16604,17717,343,306,3985,1.5864141145274762,0.0,1.5864141145274762,0.025388448982564052,0.0
497,17005,18039,329,321,4074,1.641068207228169,0.0,1.641068207228169,0.025844966284389308,0.0
498,16386,17388,280,308,3934,1.5631643464905138,0.0,1.5631643464905138,0.025217539497165237,0.0
499,18540,19546,364,389,4443,1.7615074368321881,0.0,1.7615074368321881,0.028037431839626464,0.0
500,22522,23625,478,474,5329,2.1517251645368902,0.0,2.1517251645368902,0.034230099405631494,0.0
501,18426,19463,373,368,4421,1.7787377967330644,0.0,1.7787377967330644,0.02794043162117439,0.0
502,23854,25003,461,464,5650,2.286074815184729,0.0,2.286074815184729,0.03595394553900765,0.0
503,33946,35575,699,704,7970,3.266513016809451,0.0,3.266513016809451,0.05156090129429179,0.0
504,18756,19788,382,349,4432,1.7704931753074928,0.0,1.7704931753074928,0.028518642355351988,0.0
505,27302,28546,574,578,6369,2.617573081973689,0.0,2.617573081973689,0.041229736631439744,0.0
506,23125,24237,461,448,5514,2.2248423228370333,0.0,2.2248423228370333,0.03508924972282242,0.0
507,31622,33038,614,609,7527,3.0283325523101854,0.0,3.0283325523101854,0.04767919962547859,0.0
508,17156,18199,343,341,4157,1.6536117402537058,0.0,1.6536117402537058,0.02611490615660293,0.0
509,33510,35351,671,651,7912,3.25200112663067,0.0,3.25200112663067,0.05093708222088244,0.0
510,39633,41510,821,785,9324,3.8144770529810117,0.0,3.8144770529810117,0.05956366500716906,0.0
511,19546,20618,390,407,4670,1.8782554603152815,0.0,1.8782554603152815,0.02981084770053594,0.0
512,18231,19218,348,332,4319,1.7235782196108933,0.0,1.7235782196108933,0.027738107524744895,0.0
513,17385,18379,334,370,4070,1.6546202779353845,0.0,1.6546202779353845,0.02616471907163587,0.0
514,15572,16628,296,316,3712,1.5045493896528095,0.0,1.5045493896528095,0.02388322998147436,0.0
515,16259,17260,319,330,3880,1.5591695637233807,0.0,1.5591695637233807,0.024859881761933475,0.0
516,19579,20700,367,416,4690,1.9073591048005623,0.0,1.9073591048005623,0.029955228377338355,0.0
517,17747,18788,391,383,4221,1.704043242558598,0.0,1.704043242558598,0.02720503430903854,0.0
518,16617,17586,316,318,3997,1.609961157743326,0.0,1.609961157743326,0.02532353453146295,0.0
519,26487,27753,530,505,6164,2.5535836709655375,0.0,2.5535836709655375,0.04005671771816474,0.0
520,16811,17847,321,316,4017,1.625373808065256,0.0,1.625373808065256,0.02559491332443412,0.0
521,21286,22341,418,409,5123,2.0550101584151577,0.0,2.0550101584151577,0.031946586049548344,0.0
522,20977,21922,443,389,4887,2.0300357799217266,0.0,2.0300357799217266,0.031508596758573454,0.0
523,17539,18596,337,337,4150,1.6898479662322097,0.0,1.6898479662322097,0.026893049760245126,0.0
524,19400,20406,406,430,4603,1.8420323719070522,0.0,1.8420323719070522,0.029540042158015145,0.0
525,18970,19969,386,394,4535,1.8373367735481205,0.0,1.8373367735481205,0.029002110539640767,0.0
526,18582,19624,336,354,4427,1.7591203310482089,0.0,1.7591203310482089,0.02841537086434416,0.0
527,18241,19261,373,369,4205,1.7594572923344824,0.0,1.7594572923344824,0.027501265407138164,0.0
528,17250,18320,342,365,4126,1.6377728632561568,0.0,1.6377728632561568,0.02647023089020963,0.0
529,16033,17020,313,309,3840,1.5378381561109988,0.0,1.5378381561109988,0.02422861836493761,0.0
530,18483,19535,340,369,4414,1.7811911260810769,0.0,1.7811911260810769,0.028246645582381616,0.0
531,18518,19593,361,396,4501,1.7692816591086042,0.0,1.7692816591086042,0.02849010813896512,0.0
532,19038,20051,383,435,4631,1.8043959134661347,0.0,1.8043959134661347,0.029095800305266095,0.0
533,33368,34835,678,650,7833,3.194247659386534,0.0,3.194247659386534,0.0498501163548939,0.0
534,19252,20288,389,369,4556,1.861989442938253,0.0,1.861989442938253,0.029200393888887774,0.0
535,16189,17209,323,345,3886,1.568562101889094,0.0,1.568562101889094,0.024895805656680512,0.0
536,17069,18089,359,334,4103,1.6309404216972287,0.0,1.6309404216972287,0.02635090902982579,0.0
537,15185,16265,312,323,3590,1.459581178156415,0.0,1.459581178156415,0.02336957601475444,0.0
538,22547,23624,456,421,5358,2.1626792930168657,0.0,2.1626792930168657,0.03406448737100982,0.0
539,22714,23926,440,462,5406,2.1835196480817904,0.0,2.1835196480817904,0.0345544483974721,0.0
540,21285,22314,397,458,4943,2.046688232954293,0.0,2.046688232954293,0.03200726504465644,0.0
541,19052,20051,343,385,4535,1.839234893123514,0.0,1.839234893123514,0.028810659865612577,0.0
542,17418,18452,342,356,4106,1.6708885430209925,0.0,1.6708885430209925,0.02656909013685321,0.0
543,21421,22485,424,428,5077,2.036884640574031,0.0,2.036884640574031,0.032502563583997716,0.0
544,20699,21790,386,413,4960,1.980330155815783,0.0,1.980330155815783,0.03137230456777304,0.0
545,18340,19397,371,365,4416,1.7747483039332648,0.0,1.7747483039332648,0.028155133598326342,0.0
546,16349,17406,283,339,3923,1.575152492434911,0.0,1.575152492434911,0.024872549228201417,0.0
547,22885,23940,454,447,5484,2.1915144326490186,0.0,2.1915144326490186,0.034871758052241436,0.0
548,21224,22227,435,406,5074,2.0377972513983904,0.0,2.0377972513983904,0.032180935519798864,0.0
549,19516,20677,375,362,4672,1.892089513878732,0.0,1.892089513878732,0.029785352431469906,0.0
550,16031,17059,334,319,3841,1.5234893325220544,0.0,1.5234893325220544,0.024367129197272182,0.0
551,20342,21323,409,383,4859,1.9612624176208402,0.0,1.9612624176208402,0.030454902118580863,0.0
552,19584,20589,397,385,4619,1.889360071700802,0.0,1.889360071700802,0.029904575958793058,0.0
553,20566,21706,404,405,4975,1.9820003882209136,0.0,1.9820003882209136,0.031291933516923595,0.0
554,18971,20012,390,344,4501,1.8229268217098218,0.0,1.8229268217098218,0.0286236929068761,0.0
555,19660,20648,381,395,4635,1.893236022222357,0.0,1.893236022222357,0.029974808615028513,0.0
556,20841,21883,408,439,4921,2.0153519428949918,0.0,2.0153519428949918,0.03133841189662677,0.0
557,16829,17856,307,335,4063,1.6164288026811737,0.0,1.6164288026811737,0.025821473783892518,0.0
558,40903,42984,822,810,9641,3.9428476385330486,0.0,3.9428476385330486,0.061155694442586866,0.0
559,35577,37621,716,691,8505,3.4403867513702058,0.0,3.4403867513702058,0.05387367673206429,0.0
560,19957,20947,439,360,4690,1.9056641227594877,0.0,1.9056641227594877,0.030116994597225454,0.0
561,29382,30642,590,579,6933,2.8262865576659215,0.0,2.8262865576659215,0.04427975265536634,0.0
562,18739,19751,380,352,4464,1.77844261937205,0.0,1.77844261937205,0.028341088135414742,0.0
563,19982,21142,352,401,4739,1.9105107536593906,0.0,1.9105107536593906,0.030287068543756797,0.0
564,22904,24047,464,474,5320,2.2182857779313108,0.0,2.2182857779313108,0.03434278789604497,0.0
565,18457,19428,338,403,4375,1.7573144259800586,0.0,1.7573144259800586,0.027940345524040625,0.0
566,19434,20544,399,406,4699,1.8422800006000244,0.0,1.8422800006000244,0.02985996046418775,0.0
567,15835,16925,363,301,3801,1.5188960387454133,0.0,1.5188960387454133,0.024753550733187395,0.0
568,19703,20741,391,382,4680,1.8961044461378502,0.0,1.8961044461378502,0.02999307624157655,0.0
569,23904,25016,465,446,5633,2.28396183523257,0.0,2.28396183523257,0.03617245744090974,0.0
570,16972,18009,311,340,4083,1.6256387699928174,0.0,1.6256387699928174,0.025746656671860563,0.0
571,16731,17741,351,328,3919,1.6173820354665447,0.0,1.6173820354665447,0.025546669281402375,0.0
572,18036,19051,351,341,4230,1.7309415136791202,0.0,1.7309415136791202,0.0271397733363144,0.0
573,19033,20073,389,386,4540,1.8324978730622614,0.0,1.8324978730622614,0.029223287332920265,0.0
574,21133,22205,433,384,5047,2.029482919145029,0.0,2.029482919145029,0.03222627193485932,0.0
575,17148,18229,326,338,4057,1.6463539070165694,0.0,1.6463539070165694,0.026092086181513534,0.0
576,15123,16089,320,303,3667,1.4712360627515881,0.0,1.4712360627515881,0.02324344508869646,0.0
577,16836,17814,307,359,3980,1.604169621801795,0.0,1.604169621801795,0.025668538200378024,0.0
578,16902,17932,303,328,4036,1.6226550411662395,0.0,1.6226550411662395,0.025873301189796225,0.0
579,19475,20505,407,375,4560,1.8805586258819256,0.0,1.8805586258819256,0.02916540518868171,0.0
580,26965,27951,482,527,6225,2.592627527086632,0.0,2.592627527086632,0.04005230135303541,0.0
581,29903,31224,626,597,7036,2.878858646148927,0.0,2.878858646148927,0.04493273319655859,0.0
582,22399,23441,448,401,5346,2.1570826367279223,0.0,2.1570826367279223,0.03421308560764666,0.0
583,18151,19209,377,335,4238,1.7319521167175873,0.0,1.7319521167175873,0.027295926847629468,0.0
584,16800,17860,343,351,3887,1.594920608567641,0.0,1.594920608567641,0.025430136145579967,0.0
585,22702,23792,441,411,5385,2.195338201618078,0.0,2.195338201618078,0.033832217623717166,0.0
586,16424,17384,357,337,3989,1.5925713149327532,0.0,1.5925713149327532,0.025418901810290245,0.0
587,21292,22308,432,428,4949,2.054435275379641,0.0,2.054435275379641,0.03202058056423352,0.0
588,19899,20875,390,371,4659,1.938495545181636,0.0,1.938495545181636,0.0298574101244518,0.0
589,33358,34845,670,636,7997,3.1982752542183333,0.0,3.1982752542183333,0.05048634628369404,0.0
590,16412,17463,330,343,3923,1.5846646567038132,0.0,1.5846646567038132,0.02510177065378098,0.0
591,16607,17651,358,332,3936,1.5904265403039572,0.0,1.5904265403039572,0.025269055083216366,0.0
592,19234,20300,391,340,4692,1.8588572862738397,0.0,1.8588572862738397,0.029630529533390557,0.0
593,16228,17240,322,309,3886,1.5674929357262208,0.0,1.5674929357262208,0.024959352158616197,0.0
594,17340,18379,323,324,4110,1.666884846863899,0.0,1.666884846863899,0.02634038245543123,0.0
595,16513,17573,326,350,3953,1.587725922269815,0.0,1.587725922269815,0.025514610808645852,0.0
596,18052,19075,344,345,4284,1.7437937723018015,0.0,1.7437937723018015,0.027559455543501466,0.0
597,19185,20236,382,383,4507,1.8538595943902745,0.0,1.8538595943902745,0.028944748784580258,0.0
598,15589,16565,306,314,3721,1.5028905494952,0.0,1.5028905494952,0.023543787416005827,0.0
599,16231,17279,310,327,3799,1.5866592464168803,0.0,1.5866592464168803,0.02474582397353967,0.0
600,21356,22350,457,449,5024,2.0429255796202463,0.0,2.0429255796202463,0.03208725158801597,0.0
601,18498,19533,377,360,4419,1.7886943396844737,0.0,1.7886943396844737,0.028041193748667648,0.0
602,20984,22055,437,396,5050,1.991717327769547,0.0,1.991717327769547,0.03210640338314298,0.0
603,26220,27287,499,480,6194,2.5233269366022206,0.0,2.5233269366022206,0.03944850817606619,0.0
604,19052,20089,370,368,4536,1.8441571848585625,0.0,1.8441571848585625,0.028942504112597727,0.0
605,15844,16888,291,309,3805,1.5165429222888005,0.0,1.5165429222888005,0.02435709080049493,0.0
606,22088,23156,434,445,5093,2.1166862300726823,0.0,2.1166862300726823,0.03317881938814867,0.0
607,17469,18479,323,331,4221,1.6802938126214717,0.0,1.6802938126214717,0.026580361573623024,0.0
608,17024,18059,314,326,4066,1.6409071615736837,0.0,1.6409071615736837,0.025639826240953553,0.0
609,16656,17695,312,352,4062,1.588540148911738,0.0,1.588540148911738,0.025707319844685494,0.0
610,20154,21207,424,421,4752,1.9401604842853761,0.0,1.9401604842853761,0.03049544963367144,0.0
611,16167,17204,318,327,3945,1.5676502609432135,0.0,1.5676502609432135,0.02485834906633658,0.0
612,16529,17451,322,331,3985,1.5817644555286419,0.0,1.5817644555286419,0.02524759330570474,0.0
613,27406,28730,529,542,6476,2.615596838739384,0.0,2.615596838739384,0.04167288771511314,0.0
614,17763,18798,343,337,4216,1.6942325177102737,0.0,1.6942325177102737,0.027196949453753005,0.0
615,17845,18947,327,357,4327,1.721707195384355,0.0,1.721707195384355,0.027197964942424685,0.0
616,19522,20584,375,389,4619,1.869242045286219,0.0,1.869242045286219,0.029516492597627376,0.0
617,16428,17453,328,344,3913,1.567156021344428,0.0,1.567156021344428,0.025255796256615275,0.0
618,16611,17679,311,364,3928,1.5967383020110226,0.0,1.5967383020110226,0.025114814448683118,0.0
619,19412,20399,373,362,4637,1.890818512431544,0.0,1.890818512431544,0.029349977895592558,0.0
620,19113,20172,353,370,4523,1.83669406163924,0.0,1.83669406163924,0.028908841130673435,0.0
621,20747,21742,429,386,4924,1.9857173198155198,0.0,1.9857173198155198,0.0313651863309559,0.0
622,18078,19066,343,352,4378,1.7377510174744604,0.0,1.7377510174744604,0.02767188060956623,0.0
623,16841,17858,324,347,3923,1.6140530408837221,0.0,1.6140530408837221,0.025704271633760024,0.0
624,18750,19793,363,383,4401,1.7925405874037745,0.0,1.7925405874037745,0.028504344724092634,0.0
625,16712,17764,355,316,3914,1.6017401670375229,0.0,1.6017401670375229,0.02559697526071469,0.0
626,16638,17592,337,320,3913,1.6227844883739,0.0,1.6227844883739,0.02549589311946735,0.0
627,17939,18905,381,368,4209,1.7247719349000565,0.0,1.7247719349000565,0.027108887134317302,0.0
628,16021,17068,348,352,3811,1.5335021707333543,0.0,1.5335021707333543,0.02470638419973536,0.0
629,16194,17270,345,346,3970,1.5520033998404181,0.0,1.5520033998404181,0.025082903523366566,0.0
630,19726,20742,392,379,4621,1.9134872732327866,0.0,1.9134872732327866,0.02978791597584098,0.0
631,27339,28482,546,511,6514,2.6471382057187784,0.0,2.6471382057187784,0.04166846611384957,0.0
632,16986,18011,353,295,4071,1.633818617318798,0.0,1.633818617318798,0.025800363417437914,0.0
633,16965,18011,335,335,4113,1.6295875483007656,0.0,1.6295875483007656,0.026083697003226953,0.0
634,32080,33598,638,633,7577,3.0888672297834376,0.0,3.0888672297834376,0.04846773326519824,0.0
635,18712,19708,390,376,4485,1.7880945370855341,0.0,1.7880945370855341,0.028421560432521004,0.0
636,17803,18856,400,350,4238,1.7073329375887945,0.0,1.7073329375887945,0.027045608904854197,0.0
637,15867,16841,336,332,3796,1.5265530660674456,0.0,1.5265530660674456,0.024151324703726905,0.0
638,17432,18454,331,340,4138,1.6741627676009998,0.0,1.6741627676009998,0.02641001585964222,0.0
639,21145,22207,406,435,5082,2.0187055750454874,0.0,2.0187055750454874,0.03195229019012621,0.0
640,27901,29009,562,531,6652,2.6684318551672805,0.0,2.6684318551672805,0.04215394607916595,0.0
641,17159,18165,338,307,4126,1.666152021637128,0.0,1.666152021637128,0.026267652984749843,0.0
642,16143,17153,342,317,3913,1.5601360266766402,0.0,1.5601360266766402,0.024539848688476387,0.0
643,19097,20093,358,376,4533,1.8264590715361213,0.0,1.8264590715361213,0.028928930950589203,0.0
644,19138,20170,361,368,4596,1.8294948161727003,0.0,1.8294948161727003,0.029274644965087308,0.0
645,17256,18282,331,351,4018,1.6525810404206118,0.0,1.6525810404206118,0.02616384985069717,0.0
646,16940,17941,340,310,4100,1.6293794141620035,0.0,1.6293794141620035,0.02582475140957756,0.0
647,28926,30138,542,587,6836,2.798392475287763,0.0,2.798392475287763,0.043458639229453366,0.0
648,16367,17327,320,315,3808,1.5791674119223513,0.0,1.5791674119223513,0.02456471254091075,0.0
649,40768,42861,760,772,9646,3.9773041491561325,0.0,3.9773041491561325,0.061029616283327606,0.0
650,23037,24366,443,487,5542,2.2138817486493676,0.0,2.2138817486493676,0.03516378347845503,0.0
651,19169,20162,391,385,4498,1.8392153199542858,0.0,1.8392153199542858,0.02937245635693933,0.0
652,18942,19943,362,384,4440,1.8361004855636318,0.0,1.8361004855636318,0.02863701442509972,0.0
653,16954,17916,373,326,4125,1.6453345835930329,0.0,1.6453345835930329,0.026118066218893878,0.0
654,16362,17402,328,317,3877,1.5490974865536975,0.0,1.5490974865536975,0.025065307173906162,0.0
655,16284,17338,324,336,3803,1.5796463358423902,0.0,1.5796463358423902,0.024755828414052366,0.0
656,18276,19344,355,411,4439,1.7497562773445607,0.0,1.7497562773445607,0.02790343627535968,0.0
657,16946,17995,349,330,4095,1.6326378858382031,0.0,1.6326378858382031,0.0260672127663861,0.0
658,18345,19358,374,361,4413,1.7755335012721112,0.0,1.7755335012721112,0.02796298068702181,0.0
659,17181,18182,296,342,4108,1.6453833273643448,0.0,1.6453833273643448,0.02602601280801179,0.0
660,22816,23995,442,473,5335,2.162795651810819,0.0,2.162795651810819,0.03483142917515101,0.0
661,23280,24321,415,506,5535,2.2597370702543906,0.0,2.2597370702543906,0.03526276682115001,0.0
662,16888,17908,321,352,4010,1.6304439459690503,0.0,1.6304439459690503,0.02581578002598879,0.0
663,18231,19259,355,354,4374,1.7430894399449097,0.0,1.7430894399449097,0.027772014293507143,0.0
664,34786,36773,685,682,8192,3.326688444221522,0.0,3.326688444221522,0.05287274656097624,0.0
665,17059,18118,318,326,4069,1.6366916365466786,0.0,1.6366916365466786,0.02582882554867978,0.0
666,16781,17809,312,359,3927,1.6144601859056,0.0,1.6144601859056,0.025461380140241446,0.0
667,22476,23653,423,461,5389,2.1630223463438107,0.0,2.1630223463438107,0.03444790457557717,0.0
668,21468,22538,421,429,5120,2.081565127157503,0.0,2.081565127157503,0.032918480289165344,0.0
669,17899,18937,338,356,4198,1.731204856895194,0.0,1.731204856895194,0.027013447890782007,0.0
670,19678,20724,380,370,4690,1.893408100575487,0.0,1.893408100575487,0.029821090387074797,0.0
671,16527,17547,318,310,3966,1.5823421838229685,0.0,1.5823421838229685,0.02522060903513302,0.0
672,17554,18564,362,343,4170,1.6857862738415461,0.0,1.6857862738415461,0.026667527283324235,0.0
673,15674,16660,375,326,3779,1.5117543744200481,0.0,1.5117543744200481,0.023952686886729697,0.0
674,19453,20444,390,389,4626,1.8549226605445897,0.0,1.8549226605445897,0.029344310984888496,0.0
675,16616,17612,306,340,4017,1.5943903742182284,0.0,1.5943903742182284,0.02533349026923404,0.0
676,18030,19086,359,380,4240,1.7428589436101005,0.0,1.7428589436101005,0.02748793568668404,0.0
677,19453,20503,387,417,4565,1.876293905735055,0.0,1.876293905735055,0.029681124567530588,0.0
678,19581,20634,370,393,4776,1.8788161113510788,0.0,1.8788161113510788,0.030242437033149803,0.0
679,17131,18193,350,346,4189,1.6557021939308418,0.0,1.6557021939308418,0.02634726368982014,0.0
680,16906,17982,336,347,4005,1.6127054958422988,0.0,1.6127054958422988,0.025845146441584334,0.0
681,17119,18106,348,324,4043,1.6542514474017482,0.0,1.6542514474017482,0.0259855223371345,0.0
682,23118,24187,450,474,5537,2.2400899809218617,0.0,2.2400899809218617,0.03517156553300265,0.0
683,24812,25896,511,474,5846,2.408157061322685,0.0,2.408157061322685,0.037113831405581395,0.0
684,18852,19915,367,379,4458,1.8253779859064427,0.0,1.8253779859064427,0.028718913791349852,0.0
685,19413,20438,406,375,4630,1.8933785085820076,0.0,1.8933785085820076,0.029374190571494794,0.0
686,15908,17025,345,315,3728,1.537411310193512,0.0,1.537411310193512,0.024284660239631797,0.0
687,16757,17763,333,341,3921,1.6307387721456978,0.0,1.6307387721456978,0.02531960556341407,0.0
688,23853,24995,485,470,5515,2.2696220251977284,0.0,2.2696220251977284,0.036153704198720577,0.0
689,19563,20558,414,393,4533,1.8735063480365306,0.0,1.8735063480365306,0.02957232448869164,0.0
690,19363,20373,361,379,4675,1.881119421535727,0.0,1.881119421535727,0.029277954968131462,0.0
691,20400,21390,407,398,4838,1.9776483242965965,0.0,1.9776483242965965,0.030860588723680075,0.0
692,21332,22370,422,416,5048,2.071440315227922,0.0,2.071440315227922,0.03250898663677693,0.0
693,16477,17483,334,342,3939,1.5808136033510019,0.0,1.5808136033510019,0.02536569305555853,0.0
694,21480,22572,423,423,5158,2.053705305471713,0.0,2.053705305471713,0.03283460301730907,0.0
695,21073,22200,429,415,4937,2.028720789977042,0.0,2.028720789977042,0.03197239008509741,0.0
696,15253,16336,297,311,3694,1.4565236616128308,0.0,1.4565236616128308,0.02355117743163852,0.0
697,17234,18255,331,346,4194,1.647299866459393,0.0,1.647299866459393,0.026302705599230407,0.0
698,18433,19420,383,378,4253,1.7794647215315114,0.0,1.7794647215315114,0.027687671993878473,0.0
699,49054,51228,931,962,11498,4.683312469393462,0.0,4.683312469393462,0.07327947609092379,0.0
700,18122,19125,380,389,4352,1.7158352457229307,0.0,1.7158352457229307,0.02779303335335739,0.0
701,17953,18967,336,380,4309,1.7024831222962764,0.0,1.7024831222962764,0.02736412641689998,0.0
702,16232,17271,346,344,3975,1.566464618079939,0.0,1.566464618079939,0.024961788669094785,0.0
703,17406,18398,344,330,4083,1.6758827879344147,0.0,1.6758827879344147,0.02651258269427593,0.0
704,17231,18275,304,378,4160,1.6350214256088225,0.0,1.6350214256088225,0.02663468861883673,0.0
705,17221,18222,343,348,4064,1.6468617576167293,0.0,1.6468617576167293,0.02642811443983873,0.0
706,16797,17803,328,359,4013,1.6246270811763697,0.0,1.6246270811763697,0.02550066921031403,0.0
707,18095,19115,363,375,4254,1.747216381761829,0.0,1.747216381761829,0.0276001138846781,0.0
708,17091,18127,341,334,4136,1.6343083910413476,0.0,1.6343083910413476,0.026353173726878516,0.0
709,16114,17110,332,327,3698,1.5465678594254912,0.0,1.5465678594254912,0.02415292815366529,0.0
710,17565,18609,351,359,4153,1.6805836993215233,0.0,1.6805836993215233,0.026686923413084488,0.0
711,18931,19962,382,381,4442,1.815996576420729,0.0,1.815996576420729,0.0287061474340155,0.0
712,19194,20223,366,370,4571,1.8456778528289788,0.0,1.8456778528289788,0.029220763484336974,0.0
713,15975,16991,320,325,3747,1.529058916094202,0.0,1.529058916094202,0.024245499429990325,0.0
714,17482,18499,344,352,4188,1.6652750599186585,0.0,1.6652750599186585,0.026941972365882805,0.0
715,16099,17107,353,318,3865,1.5633060011132223,0.0,1.5633060011132223,0.024556597518426537,0.0
716,19200,20232,384,378,4535,1.8450998875994515,0.0,1.8450998875994515,0.02907626349057508,0.0
717,19044,20035,376,312,4474,1.8310163429925461,0.0,1.8310163429925461,0.02877031235939194,0.0
718,18671,19698,362,393,4434,1.8083067774989368,0.0,1.8083067774989368,0.02842778319448636,0.0
719,18861,19928,371,350,4566,1.7991445599897147,0.0,1.7991445599897147,0.028828345204447985,0.0
720,26841,27924,539,528,6310,2.568273884683433,0.0,2.568273884683433,0.040120778875743945,0.0
721,18076,19069,382,341,4283,1.7352635926938176,0.0,1.7352635926938176,0.027360726548386255,0.0
722,22214,23283,474,445,5165,2.1323535561056044,0.0,2.1323535561056044,0.03337189065472763,0.0
723,17372,18372,347,336,4139,1.6794853349600698,0.0,1.6794853349600698,0.026852407201561963,0.0
724,19907,20980,401,402,4768,1.9195458312251594,0.0,1.9195458312251594,0.030415267585803946,0.0
725,16047,17112,333,328,3769,1.5247712058742717,0.0,1.5247712058742717,0.024711026501530547,0.0
726,18144,19131,375,356,4376,1.7491320095767726,0.0,1.7491320095767726,0.027816408359795645,0.0
727,21866,22925,419,445,5162,2.1311737452748676,0.0,2.1311737452748676,0.03290001673538979,0.0
728,22784,23872,458,418,5345,2.188232694983584,0.0,2.188232694983584,0.034489067927476046,0.0
729,18122,19114,323,336,4313,1.747026137150477,0.0,1.747026137150477,0.027585973334493356,0.0
730,20433,21425,404,416,4856,1.9430953496620127,0.0,1.9430953496620127,0.030801794079012398,0.0
731,20411,21415,403,409,5009,1.9661185038042857,0.0,1.9661185038042857,0.031096181709041878,0.0
732,16173,17178,329,302,3803,1.5442633491652433,0.0,1.5442633491652433,0.024381932098962025,0.0
733,22080,23111,443,440,5250,2.1233224501065835,0.0,2.1233224501065835,0.03312392127888878,0.0
734,19071,20069,391,380,4574,1.8330651627878918,0.0,1.8330651627878918,0.02915977402892867,0.0
735,20998,22182,401,453,5017,2.037727530481654,0.0,2.037727530481654,0.0321197263638185,0.0
736,17949,18957,361,371,4298,1.7138475340252093,0.0,1.7138475340252093,0.02751919348751847,0.0
737,18234,19254,356,355,4382,1.7513765326323296,0.0,1.7513765326323296,0.028009871509455848,0.0
738,26707,27852,556,485,6398,2.542113483340843,0.0,2.542113483340843,0.04056226242444399,0.0
739,16939,18037,320,331,4104,1.6350102340729549,0.0,1.6350102340729549,0.025973782514151236,0.0
740,16853,17810,311,332,4010,1.6097284939240615,0.0,1.6097284939240615,0.025698326322517638,0.0
741,17818,18832,346,374,4260,1.7106958432259889,0.0,1.7106958432259889,0.027250990101040037,0.0
742,21658,22815,440,422,5181,2.085244520912512,0.0,2.085244520912512,0.033043217308665586,0.0
743,17537,18577,330,348,4173,1.669039111128277,0.0,1.669039111128277,0.026524832326409425,0.0
744,17071,18009,346,317,4036,1.6298935741443432,0.0,1.6298935741443432,0.025772028461938642,0.0
745,18100,19100,365,349,4357,1.7347298070032773,0.0,1.7347298070032773,0.02774795627384594,0.0
746,19802,20780,429,420,4685,1.8964054045777148,0.0,1.8964054045777148,0.029959986777503046,0.0
747,24924,26002,481,451,5814,2.3794710111933624,0.0,2.3794710111933624,0.037606068318664955,0.0
748,18594,19601,400,388,4346,1.7944378820191327,0.0,1.7944378820191327,0.02823998658207329,0.0
749,18040,19048,341,379,4282,1.7335918124763539,0.0,1.7335918124763539,0.02730502726541295,0.0
750,36267,37715,678,689,8627,3.4644819909460214,0.0,3.4644819909460214,0.05447836421118433,0.0
751,17103,18120,328,338,4088,1.6367806396763998,0.0,1.6367806396763998,0.026079450005844402,0.0
752,22882,23900,483,453,5500,2.1973190079952043,0.0,2.1973190079952043,0.035058623894149224,0.0
753,18612,19676,376,374,4412,1.8003001805010226,0.0,1.8003001805010226,0.028127360635623086,0.0
754,18380,19403,374,372,4443,1.787784309945843,0.0,1.787784309945843,0.028304549090490023,0.0
755,18228,19249,364,372,4301,1.772721280909668,0.0,1.772721280909668,0.027452548630749578,0.0
756,28473,29959,566,544,6798,2.7484346050360706,0.0,2.7484346050360706,0.04327351387338173,0.0
757,17095,18103,315,349,4154,1.6524236153487053,0.0,1.6524236153487053,0.025993287367512483,0.0
758,17442,18504,326,320,4183,1.6711119210440437,0.0,1.6711119210440437,0.026358070951687643,0.0
759,20463,21466,415,418,4917,1.9574498549447998,0.0,1.9574498549447998,0.03131350188353892,0.0
760,19415,20422,364,392,4685,1.8595506768628716,0.0,1.8595506768628716,0.029506075127208674,0.0
761,22164,23331,421,402,5242,2.12758020577653,0.0,2.12758020577653,0.03314118132045995,0.0
762,17538,18582,324,338,4092,1.6841237973327736,0.0,1.6841237973327736,0.026499150459944987,0.0
763,22870,23890,425,412,5325,2.1904155370529685,0.0,2.1904155370529685,0.03393807139108469,0.0
764,18819,19892,384,374,4389,1.8109725656279745,0.0,1.8109725656279745,0.028725673054600182,0.0
765,25784,26870,534,494,6017,2.4663421118672506,0.0,2.4663421118672506,0.038468870994580844,0.0
766,19590,20578,370,434,4691,1.8813458572388364,0.0,1.8813458572388364,0.030017583134930602,0.0
767,16828,17839,319,363,4069,1.5999800855823374,0.0,1.5999800855823374,0.025727731344964217,0.0
768,20940,22070,436,409,4950,2.0007863508891113,0.0,2.0007863508891113,0.031746878001253906,0.0
769,18270,19327,366,348,4400,1.7491981608404021,0.0,1.7491981608404021,0.02799550383159863,0.0
770,19429,20472,403,375,4694,1.8616300575908287,0.0,1.8616300575908287,0.029381597670475205,0.0
771,18470,19573,425,324,4442,1.7541652926271165,0.0,1.7541652926271165,0.02867438754143228,0.0
772,18192,19210,350,363,4342,1.764951870137286,0.0,1.764951870137286,0.027500918404016264,0.0
773,19501,20492,390,393,4623,1.86700870818905,0.0,1.86700870818905,0.030006852715463835,0.0
774,32048,34033,670,603,7643,3.056000491286782,0.0,3.056000491286782,0.04863328066599606,0.0
775,28638,29733,556,592,6795,2.7852316588588524,0.0,2.7852316588588524,0.04304167122994338,0.0
776,14625,15674,295,317,3477,1.4219455335870044,0.0,1.4219455335870044,0.022244376185876154,0.0
777,17119,18133,345,298,4014,1.6330805508394386,0.0,1.6330805508394386,0.02595847074613009,0.0
778,21774,22850,427,423,5130,2.0890695123950707,0.0,2.0890695123950707,0.03268395537545776,0.0
779,15874,16912,322,307,3664,1.5137273961111766,0.0,1.5137273961111766,0.024207979858618004,0.0
780,17703,18738,341,317,4192,1.7177029115525042,0.0,1.7177029115525042,0.027076630353360026,0.0
781,20381,21452,397,422,4720,1.9745106955124951,0.0,1.9745106955124951,0.030456002813534343,0.0
782,17263,18300,384,336,4104,1.6755661902429424,0.0,1.6755661902429424,0.026464188271853387,0.0
783,15668,16680,308,334,3742,1.523315578343934,0.0,1.523315578343934,0.024195780542835717,0.0
784,17515,18589,341,343,4215,1.6806468373076577,0.0,1.6806468373076577,0.026778466900177617,0.0
785,20504,21544,439,430,4775,2.002099561784013,0.0,2.002099561784013,0.030878887279616345,0.0
786,28393,29779,581,551,6666,2.7335826786159143,0.0,2.7335826786159143,0.042564003006606066,0.0
787,20330,21358,373,391,4785,1.929219273620994,0.0,1.929219273620994,0.030685452358544914,0.0
788,15851,16891,316,322,3726,1.5278779566159602,0.0,1.5278779566159602,0.024146407114476,0.0
789,16690,17700,319,354,3870,1.5829338043983046,0.0,1.5829338043983046,0.025233740204783386,0.0
790,18689,19763,361,344,4362,1.7893194948465325,0.0,1.7893194948465325,0.02809270579429907,0.0
791,17492,18494,353,341,4198,1.683551965346527,0.0,1.683551965346527,0.02685153236036991,0.0
792,20250,21233,439,401,4716,1.9362033441059743,0.0,1.9362033441059743,0.030728158629755465,0.0
793,16331,17360,327,321,4003,1.5640738286974087,0.0,1.5640738286974087,0.02494618567903579,0.0
794,17655,18628,319,367,4207,1.6998280825652468,0.0,1.6998280825652468,0.02665738501180298,0.0
795,20953,22236,412,422,4993,2.0330001370141844,0.0,2.0330001370141844,0.03187671713331829,0.0
796,21004,21978,449,403,5031,2.0186267436748704,0.0,2.0186267436748704,0.03210065210306497,0.0
797,24387,25563,473,504,5778,2.380574167180286,0.0,2.380574167180286,0.037060913110707194,0.0
798,19595,20660,382,409,4560,1.885022450665916,0.0,1.885022450665916,0.029832372117378988,0.0
799,19538,20549,385,393,4523,1.8900721124472486,0.0,1.8900721124472486,0.029315518799591236,0.0
800,19862,20874,383,424,4722,1.8947025118053864,0.0,1.8947025118053864,0.03010578516514616,0.0
801,17978,19043,360,357,4355,1.7249459666281404,0.0,1.7249459666281404,0.027606093458352805,0.0
802,20087,21094,418,378,4730,1.9417189819829133,0.0,1.9417189819829133,0.030464897900328677,0.0
803,19341,20367,377,341,4625,1.8581681118828817,0.0,1.8581681118828817,0.02943282746700251,0.0
804,16881,17871,351,338,4020,1.6419595451800026,0.0,1.6419595451800026,0.025844099007217344,0.0
805,16712,17692,331,326,3948,1.6075140599550595,0.0,1.6075140599550595,0.02576911811804573,0.0
806,17564,18619,358,338,4220,1.6851700712858946,0.0,1.6851700712858946,0.02697008077136171,0.0
807,22186,23256,419,403,5323,2.132313167363857,0.0,2.132313167363857,0.03371454022018662,0.0
808,16185,17232,280,321,3914,1.5593325161947897,0.0,1.5593325161947897,0.02494879070481111,0.0
809,15932,16970,345,313,3884,1.527278291224078,0.0,1.527278291224078,0.02449116440419683,0.0
810,18795,19758,361,350,4537,1.7950010691248406,0.0,1.7950010691248406,0.028361664010785347,0.0
811,28493,29919,566,576,6773,2.732367449225801,0.0,2.732367449225801,0.04289415327267042,0.0
812,19707,20754,398,383,4702,1.9125634582063036,0.0,1.9125634582063036,0.029762911604375622,0.0
813,21092,22149,408,402,4980,2.0392834785118557,0.0,2.0392834785118557,0.032017670061065415,0.0
814,18388,19409,367,383,4377,1.7386243493703033,0.0,1.7386243493703033,0.02836940966031884,0.0
815,18541,19603,362,351,4517,1.7757613929634215,0.0,1.7757613929634215,0.028206308790114945,0.0
816,23470,24556,462,452,5567,2.2619576684687726,0.0,2.2619576684687726,0.035740367991626436,0.0
817,16725,17753,310,342,4120,1.6112954231862762,0.0,1.6112954231862762,0.02576796161341921,0.0
818,16630,17630,321,320,3979,1.6059070662192545,0.0,1.6059070662192545,0.025224501255583117,0.0
819,17620,18669,364,329,4155,1.716375506929935,0.0,1.716375506929935,0.02655877609808286,0.0
820,17390,18420,352,350,4184,1.6523727394289798,0.0,1.6523727394289798,0.02669260252446614,0.0
821,19165,20203,362,359,4498,1.855594434811166,0.0,1.855594434811166,0.029249657584970678,0.0
822,26690,28005,537,502,6351,2.5824473989372425,0.0,2.5824473989372425,0.040443153224266545,0.0
823,17684,18728,352,340,4168,1.7014484636936502,0.0,1.7014484636936502,0.02685323800014082,0.0
824,18991,20017,345,361,4529,1.8174979678266128,0.0,1.8174979678266128,0.02884720857599261,0.0
825,15752,16761,296,321,3786,1.507847386567694,0.0,1.507847386567694,0.024075687228947457,0.0
826,16141,17162,323,305,3882,1.5439750318796948,0.0,1.5439750318796948,0.024809397359225323,0.0
827,16210,17249,321,303,3950,1.558858771172629,0.0,1.558858771172629,0.024767968310004704,0.0
828,20898,21907,421,404,5006,2.0105489520731212,0.0,2.0105489520731212,0.03178438792670661,0.0
829,19729,20763,397,402,4705,1.8837853070634205,0.0,1.8837853070634205,0.03036671909546601,0.0
830,16297,17315,316,310,3842,1.5686793152435736,0.0,1.5686793152435736,0.02483798415877458,0.0
831,21138,22247,435,429,5054,2.054758466694096,0.0,2.054758466694096,0.03248188732968324,0.0
832,18051,19096,389,350,4400,1.7495234648722378,0.0,1.7495234648722378,0.027767110062859583,0.0
833,22243,23300,442,452,5290,2.1613452844059635,0.0,2.1613452844059635,0.03358971599700338,0.0
834,19545,20557,386,404,4564,1.8880353829815526,0.0,1.8880353829815526,0.029570283169482778,0.0
835,19371,20445,373,399,4631,1.8649952261670357,0.0,1.8649952261670357,0.029461982132830283,0.0
836,20453,21493,396,424,4867,1.9842725185735894,0.0,1.9842725185735894,0.031077578094002287,0.0
837,28480,30000,569,531,6729,2.7243949703338077,0.0,2.7243949703338077,0.04299841027950037,0.0
838,16828,17917,316,332,4023,1.646627590511147,0.0,1.646627590511147,0.025608855478597113,0.0
839,19680,20678,380,372,4685,1.9077681961017878,0.0,1.9077681961017878,0.030227910099161016,0.0
840,16578,17609,332,312,3927,1.5648918090027406,0.0,1.5648918090027406,0.025030219524760054,0.0
841,24232,25359,482,493,5617,2.3319963812924653,0.0,2.3319963812924653,0.03591998617392523,0.0
842,20079,21149,387,403,4742,1.897349276387691,0.0,1.897349276387691,0.03061619108429591,0.0
843,17776,18828,368,357,4158,1.7020391384612292,0.0,1.7020391384612292,0.027238694916840247,0.0
844,18104,19140,389,384,4185,1.7490392316951926,0.0,1.7490392316951926,0.02744423069045912,0.0
845,19898,20914,402,392,4697,1.9289324054202497,0.0,1.9289324054202497,0.03019312615994462,0.0
846,16305,17360,322,326,3861,1.5566865555352825,0.0,1.5566865555352825,0.02486513396515598,0.0
847,18090,19160,361,379,4260,1.7366033993541976,0.0,1.7366033993541976,0.02756149986554473,0.0
848,18852,19868,386,402,4483,1.799167015751082,0.0,1.799167015751082,0.028891295538104874,0.0
849,17491,18496,351,320,4241,1.7094624174408817,0.0,1.7094624174408817,0.026679607162152136,0.0
850,40523,42487,788,783,9521,3.9061358802787978,0.0,3.9061358802787978,0.06069735335428493,0.0
851,17699,18748,324,375,4133,1.705775175313426,0.0,1.705775175313426,0.026892016096605593,0.0
852,17507,18551,340,355,4266,1.6763970636062522,0.0,1.6763970636062522,0.027031905887075335,0.0
853,16714,17711,320,282,3978,1.59585548256283,0.0,1.59585548256283,0.025471333306244067,0.0
854,18749,19836,355,316,4408,1.8315660375239744,0.0,1.8315660375239744,0.028239342041955835,0.0
855,23454,24567,432,531,5604,2.2607915356684685,0.0,2.2607915356684685,0.035890470297898734,0.0
856,16934,17922,307,344,3938,1.6242659096273542,0.0,1.6242659096273542,0.02563304396024702,0.0
857,31618,33226,609,627,7450,3.0427564905596243,0.0,3.0427564905596243,0.04784366995426294,0.0
858,19260,20298,401,376,4629,1.8520952288100054,0.0,1.8520952288100054,0.029349183728350253,0.0
859,29966,31340,601,597,7026,2.891189077788128,0.0,2.891189077788128,0.04503799007787239,0.0
860,16340,17327,306,337,3878,1.5601330821241097,0.0,1.5601330821241097,0.024969017593117003,0.0
861,18111,19149,335,381,4355,1.731152313370323,0.0,1.731152313370323,0.027720249571889982,0.0
862,27083,28342,563,536,6355,2.5692843894266466,0.0,2.5692843894266466,0.0406025028047999,0.0
863,18595,19623,360,344,4504,1.7865858037920814,0.0,1.7865858037920814,0.028401088729258853,0.0
864,16383,17352,316,328,3883,1.5691944801203654,0.0,1.5691944801203654,0.024892400005481055,0.0
865,17021,18069,339,301,4136,1.673848980063759,0.0,1.673848980063759,0.025925234587251447,0.0
866,21756,22807,414,423,5265,2.092215050908652,0.0,2.092215050908652,0.032983342388306344,0.0
867,17261,18277,364,332,4087,1.6633011779299536,0.0,1.6633011779299536,0.026292888208561835,0.0
868,16832,17810,320,317,4015,1.6198952327229987,0.0,1.6198952327229987,0.025419192919844357,0.0
869,19899,20956,424,389,4650,1.888398372213693,0.0,1.888398372213693,0.029859251546509657,0.0
870,17987,19004,347,337,4263,1.7136771139734661,0.0,1.7136771139734661,0.027108110675825806,0.0
871,25221,26431,514,515,6078,2.4173374330609363,0.0,2.4173374330609363,0.03848462290848515,0.0
872,15786,16890,339,288,3810,1.5210746018347947,0.0,1.5210746018347947,0.024185053032129537,0.0
873,18236,19288,387,365,4373,1.755064716052609,0.0,1.755064716052609,0.027867743814318356,0.0
874,21357,22390,408,433,5089,2.0519739418950214,0.0,2.0519739418950214,0.03249761806221785,0.0
875,17830,18844,354,375,4306,1.7129131980411032,0.0,1.7129131980411032,0.027532202653006113,0.0
876,20337,21381,398,400,4783,1.9510174458952774,0.0,1.9510174458952774,0.030811587939720157,0.0
877,18694,19736,384,394,4475,1.7862181303539253,0.0,1.7862181303539253,0.028934635704080454,0.0
878,18281,19265,329,364,4429,1.7508911668241043,0.0,1.7508911668241043,0.027709561395993218,0.0
879,19552,20570,404,395,4606,1.8702387517802368,0.0,1.8702387517802368,0.029632826371950447,0.0
880,21843,22835,443,445,5275,2.078356268017399,0.0,2.078356268017399,0.03347724540905627,0.0
881,16830,17819,336,335,3958,1.6363162462546084,0.0,1.6363162462546084,0.025630207053833533,0.0
882,16228,17217,324,325,3893,1.5519117862841707,0.0,1.5519117862841707,0.024673715494476122,0.0
883,17891,18951,373,364,4236,1.7146249953434303,0.0,1.7146249953434303,0.027162295455921612,0.0
884,18102,19166,356,345,4305,1.7197800454009144,0.0,1.7197800454009144,0.027753376753525214,0.0
885,23463,24522,449,487,5688,2.24768489799584,0.0,2.24768489799584,0.035607629057350376,0.0
886,16584,17642,357,355,3885,1.5962031463016035,0.0,1.5962031463016035,0.025289865304414766,0.0
887,18422,19447,381,379,4311,1.7462244724327043,0.0,1.7462244724327043,0.028068431539926362,0.0
888,27332,28547,511,536,6469,2.626513063492426,0.0,2.626513063492426,0.041149128625308146,0.0
889,16405,17438,295,354,3953,1.5984978703914725,0.0,1.5984978703914725,0.0252045096357205,0.0
890,15194,16200,297,307,3657,1.462071722496251,0.0,1.462071722496251,0.023264795427086687,0.0
891,26742,27953,531,557,6216,2.549554162268963,0.0,2.549554162268963,0.040804752130972004,0.0
892,21766,22797,395,430,5178,2.098253715467421,0.0,2.098253715467421,0.0328608377728566,0.0
893,23761,24947,474,431,5665,2.2909069741780326,0.0,2.2909069741780326,0.03599113647574114,0.0
894,16185,17148,334,337,3764,1.548749428691264,0.0,1.548749428691264,0.02456609144119084,0.0
895,16734,17811,332,356,3951,1.619300135318095,0.0,1.619300135318095,0.02538128126455295,0.0
896,27083,28486,531,516,6354,2.565330823205143,0.0,2.565330823205143,0.040777300297631075,0.0
897,27165,28336,539,515,6328,2.6206182945775596,0.0,2.6206182945775596,0.04097514712647625,0.0
898,20064,21085,398,393,4654,1.9249485255494643,0.0,1.9249485255494643,0.030225449636398907,0.0
899,19283,20298,385,397,4608,1.8380202561031493,0.0,1.8380202561031493,0.029312739938567676,0.0
900,16464,17511,310,287,3977,1.5710769264193283,0.0,1.5710769264193283,0.025097942977055462,0.0
901,17267,18315,338,293,4108,1.6626700892363817,0.0,1.6626700892363817,0.026013037670109016,0.0
902,17441,18432,376,339,4176,1.6818956686544304,0.0,1.6818956686544304,0.026546681966415752,0.0
903,24220,25397,494,460,5742,2.327466130220486,0.0,2.327466130220486,0.03653662007479917,0.0
904,18110,19114,318,349,4245,1.7353269364696406,0.0,1.7353269364696406,0.027249757429099793,0.0
905,36721,38572,726,695,8741,3.5267602652636234,0.0,3.5267602652636234,0.05535854420797683,0.0
906,16521,17544,325,360,4061,1.5947662006791972,0.0,1.5947662006791972,0.025809707299803395,0.0
907,15912,16920,308,320,3800,1.513996445776295,0.0,1.513996445776295,0.024374595791459758,0.0
908,16423,17459,328,325,4000,1.5811256991255151,0.0,1.5811256991255151,0.024923330861609437,0.0
909,15519,16524,319,318,3652,1.498479696345772,0.0,1.498479696345772,0.023955190404840593,0.0
910,18932,19942,371,386,4569,1.8008842738386193,0.0,1.8008842738386193,0.028902267452120076,0.0
911,24704,25935,496,472,5770,2.3633314256407303,0.0,2.3633314256407303,0.037379354185739795,0.0
912,21896,22967,455,436,5218,2.1239760004142756,0.0,2.1239760004142756,0.03309937539397298,0.0
913,18229,19250,352,391,4295,1.7479752907318253,0.0,1.7479752907318253,0.02751449422081532,0.0
914,21053,22099,426,406,5041,2.0244735407458485,0.0,2.0244735407458485,0.031729057227083725,0.0
915,23297,24555,430,444,5516,2.230920384882034,0.0,2.230920384882034,0.035449518849181,0.0
916,19956,20999,370,404,4781,1.9216589649631415,0.0,1.9216589649631415,0.0301816691720153,0.0
917,18159,19254,393,388,4400,1.748063254724334,0.0,1.748063254724334,0.02832296470172704,0.0
918,18107,19125,327,424,4315,1.723313755345184,0.0,1.723313755345184,0.02796487199874304,0.0
919,18751,19791,393,379,4393,1.802227178266258,0.0,1.802227178266258,0.028308778107700126,0.0
920,24823,25897,479,498,5883,2.3895181152964824,0.0,2.3895181152964824,0.037210202801603184,0.0
921,17726,18795,322,344,4137,1.6960120120801547,0.0,1.6960120120801547,0.02669456188208629,0.0
922,17904,18951,350,383,4183,1.710789336075065,0.0,1.710789336075065,0.026982021970059857,0.0
923,20539,21578,397,398,4791,1.9666236361098477,0.0,1.9666236361098477,0.03109137587432558,0.0
924,16777,17761,308,306,3959,1.5935401093939097,0.0,1.5935401093939097,0.02530743338170982,0.0
925,22951,24299,400,464,5509,2.2289903897918073,0.0,2.2289903897918073,0.034932030832590916,0.0
926,24287,25438,462,520,5681,2.3598870668474174,0.0,2.3598870668474174,0.03706356661347767,0.0
927,17046,18049,332,322,4040,1.6405742773561123,0.0,1.6405742773561123,0.026049045863023364,0.0
928,38951,41047,741,827,9192,3.762400760679627,0.0,3.762400760679627,0.058467015072435964,0.0
929,16584,17638,315,309,3894,1.5931426628268763,0.0,1.5931426628268763,0.02521851199893459,0.0
930,40223,42483,791,807,9487,3.8270754149349333,0.0,3.8270754149349333,0.060919964776941636,0.0
931,16866,17903,303,326,4124,1.6374477145464368,0.0,1.6374477145464368,0.026025937562735267,0.0
932,16712,17712,334,324,4074,1.6144563787181159,0.0,1.6144563787181159,0.02557567272980497,0.0
933,18623,19707,365,363,4406,1.7725603522406557,0.0,1.7725603522406557,0.028372579865048306,0.0
934,23201,24298,533,473,5523,2.2247607437573405,0.0,2.2247607437573405,0.03542258022019017,0.0
935,17792,18781,371,351,4225,1.6984883429323347,0.0,1.6984883429323347,0.0270558935413202,0.0
936,17123,18097,314,305,4134,1.631471928912342,0.0,1.631471928912342,0.02629367974877923,0.0
937,17971,19186,358,366,4318,1.727758472345904,0.0,1.727758472345904,0.02758005495854842,0.0
938,19888,20891,419,411,4607,1.9000158835539047,0.0,1.9000158835539047,0.030047637027532388,0.0
939,29975,31363,616,613,7015,2.895772164123175,0.0,2.895772164123175,0.04521574048479606,0.0
940,19194,20237,345,374,4630,1.8429452342496864,0.0,1.8429452342496864,0.029401685753805445,0.0
941,20187,21312,389,401,4808,1.9104127078538542,0.0,1.9104127078538542,0.030636285093242694,0.0
942,18328,19326,329,354,4387,1.7705625620668186,0.0,1.7705625620668186,0.027715819160047377,0.0
943,23055,24211,461,476,5478,2.231673342292167,0.0,2.231673342292167,0.03495112964249419,0.0
944,16170,17206,332,307,3895,1.5542586525916702,0.0,1.5542586525916702,0.024715382666860814,0.0
945,16974,18026,339,329,4046,1.6382922530650308,0.0,1.6382922530650308,0.02600944699459891,0.0
946,16384,17357,295,326,3891,1.5926129012312833,0.0,1.5926129012312833,0.02503376098905716,0.0
947,16549,17521,328,372,3971,1.6009262570008336,0.0,1.6009262570008336,0.025279380567931976,0.0
948,18613,19638,360,401,4407,1.802267133376112,0.0,1.802267133376112,0.028460396310369916,0.0
949,20040,21061,371,400,4747,1.9222392883229427,0.0,1.9222392883229427,0.030363759811435114,0.0
950,20584,21646,409,386,4981,1.9712570727555265,0.0,1.9712570727555265,0.03134365374655014,0.0
951,18214,19174,368,328,4345,1.7414116469641872,0.0,1.7414116469641872,0.027553584029931705,0.0
952,16349,17370,370,353,3887,1.5890094765064604,0.0,1.5890094765064604,0.025145046050699785,0.0
953,85542,90324,1748,1602,20246,8.246975230082787,0.0,8.246975230082787,0.12949388941762424,0.0
954,16130,17176,326,346,3867,1.5510236021622537,0.0,1.5510236021622537,0.02483874164280834,0.0
955,17481,18461,383,340,4167,1.6678343269593694,0.0,1.6678343269593694,0.026831246749261288,0.0
956,22112,23185,417,430,5199,2.133078057972495,0.0,2.133078057972495,0.03328249392732037,0.0
957,16467,17524,340,305,3926,1.5770635291072472,0.0,1.5770635291072472,0.02517461790954274,0.0
958,28578,29816,536,595,6722,2.7734826660667715,0.0,2.7734826660667715,0.042920877015619155,0.0
959,19794,20804,391,395,4686,1.9038012427302788,0.0,1.9038012427302788,0.02980949529746241,0.0
960,24878,25910,507,492,5815,2.396601483191071,0.0,2.396601483191071,0.037719451034892305,0.0
961,17383,18418,336,362,4172,1.649992819256729,0.0,1.649992819256729,0.02667506322017089,0.0
962,22086,23147,457,438,5212,2.1267525670776877,0.0,2.1267525670776877,0.03361285305211273,0.0
963,22729,23727,420,456,5342,2.1751444531006916,0.0,2.1751444531006916,0.03402810690709696,0.0
964,20228,21244,410,363,4795,1.973419482410071,0.0,1.973419482410071,0.030652929046039067,0.0
965,19191,20273,395,373,4571,1.8425713277867501,0.0,1.8425713277867501,0.029293431805939123,0.0
966,16353,17406,319,308,3923,1.5851827673381145,0.0,1.5851827673381145,0.025009069420457306,0.0
967,15999,17038,313,305,3813,1.522290728656497,0.0,1.522290728656497,0.024560330098042187,0.0
968,16637,17611,335,320,3980,1.6105883151398332,0.0,1.6105883151398332,0.025166735166279836,0.0
969,20261,21345,396,374,4897,1.9230363957397316,0.0,1.9230363957397316,0.03075695668100891,0.0
970,16950,17932,344,339,3974,1.634679167102571,0.0,1.634679167102571,0.02576602206176725,0.0
971,16980,18022,300,351,4105,1.6643373774171157,0.0,1.6643373774171157,0.025949371655846147,0.0
972,15700,16731,333,313,3796,1.5000480211787983,0.0,1.5000480211787983,0.023968012031217734,0.0
973,18483,19478,339,382,4284,1.7717187855497585,0.0,1.7717187855497585,0.02778964893423742,0.0
974,17674,18716,360,370,4303,1.7102167576709233,0.0,1.7102167576709233,0.027331996940042666,0.0
975,22642,23828,490,427,5333,2.1350113163313766,0.0,2.1350113163313766,0.03457803347396559,0.0
976,23582,24709,474,434,5548,2.2890388257365344,0.0,2.2890388257365344,0.035493167905448715,0.0
977,18036,19025,389,364,4222,1.7210275643717377,0.0,1.7210275643717377,0.027151055849775094,0.0
978,22421,23392,419,427,5253,2.154989748871744,0.0,2.154989748871744,0.0338393114489382,0.0
979,18847,19956,393,341,4358,1.8178374823357193,0.0,1.8178374823357193,0.028522195028958856,0.0
980,37993,39606,759,733,9041,3.6578560488527745,0.0,3.6578560488527745,0.05712272795642595,0.0
981,17456,18565,367,379,4150,1.6674277544496365,0.0,1.6674277544496365,0.02683257352115647,0.0
982,20571,21563,397,431,4983,1.945673094080812,0.0,1.945673094080812,0.03156695885923553,0.0
983,22330,23363,409,428,5284,2.1463024245458255,0.0,2.1463024245458255,0.03373759014270843,0.0
984,27260,28460,544,517,6390,2.6241086709857764,0.0,2.6241086709857764,0.04065499220899676,0.0
985,19396,20445,402,396,4625,1.860063383795702,0.0,1.860063383795702,0.02991496927321796,0.0
986,24726,25834,453,479,5867,2.3621886847651603,0.0,2.3621886847651603,0.03731156996463445,0.0
987,19669,20679,355,389,4695,1.8717483992585775,0.0,1.8717483992585775,0.029758021752444092,0.0
988,15973,17015,357,287,3863,1.5428778558631662,0.0,1.5428778558631662,0.024701247901548158,0.0
989,16067,17082,326,326,3820,1.564566280200881,0.0,1.564566280200881,0.024834769407179467,0.0
990,15794,16819,302,312,3731,1.5401047959621919,0.0,1.5401047959621919,0.02439731789712514,0.0
991,43989,46278,863,871,10286,4.251988205054381,0.0,4.251988205054381,0.06631521782566172,0.0
992,20383,21365,386,403,4827,1.9683397241266702,0.0,1.9683397241266702,0.030660421423161895,0.0
993,15207,16236,290,280,3675,1.4563169452589864,0.0,1.4563169452589864,0.0235147168038133,0.0
994,17094,18112,334,342,4060,1.6390640721940002,0.0,1.6390640721940002,0.02599417854752499,0.0
995,15250,16273,268,299,3587,1.4662911626883082,0.0,1.4662911626883082,0.022854418711330746,0.0
996,17079,18078,320,338,4130,1.651075323085336,0.0,1.651075323085336,0.026256702274603107,0.0
997,15534,16600,295,308,3713,1.5056504090197824,0.0,1.5056504090197824,0.024025683596271972,0.0
998,22962,23998,448,452,5371,2.2149245942595233,0.0,2.2149245942595233,0.03478696723850081,0.0
999,21860,23127,444,378,5311,2.1056635444355805,0.0,2.1056635444355805,0.03360872536186636,0.0
1000,17367,18437,325,354,4128,1.6758011574038125,0.0,1.6758011574038125,0.026550735994323203,0.0
1001,25801,26874,557,531,6087,2.5020882125090034,0.0,2.5020882125090034,0.039120450174658324,0.0
1002,16962,17998,340,311,4017,1.6334943154547645,0.0,1.6334943154547645,0.025906442423195116,0.0
1003,17137,18182,349,363,4073,1.6494792913359817,0.0,1.6494792913359817,0.026348331549240836,0.0
1004,14151,15165,293,252,3437,1.3769673944283685,0.0,1.3769673944283685,0.022033870577504732,0.0
1005,17227,18243,351,337,4153,1.640114104255204,0.0,1.640114104255204,0.026183952598365652,0.0
1006,21046,22048,435,407,4965,2.045213878960089,0.0,2.045213878960089,0.03193523973412408,0.0
1007,24011,25243,466,482,5743,2.3106652895160456,0.0,2.3106652895160456,0.036475039613964935,0.0
1008,18354,19412,342,388,4334,1.7788227737631472,0.0,1.7788227737631472,0.028174705623602827,0.0
1009,24864,26033,456,485,5826,2.384559766350932,0.0,2.384559766350932,0.03754476973970859,0.0
1010,24028,25111,493,452,5685,2.295310450559762,0.0,2.295310450559762,0.03653241778292235,0.0
1011,25643,26831,485,489,6101,2.468931067737116,0.0,2.468931067737116,0.038592393283665684,0.0
1012,17184,18289,364,336,4044,1.6666732598509404,0.0,1.6666732598509404,0.02613794033854849,0.0
1013,19242,20254,381,418,4447,1.8638002128964506,0.0,1.8638002128964506,0.029292689250998465,0.0
1014,16749,17761,349,345,3980,1.595742075310117,0.0,1.595742075310117,0.02534233543415407,0.0
1015,16755,17766,346,327,4007,1.600158557814896,0.0,1.600158557814896,0.02571470022865407,0.0
1016,16589,17619,333,337,3968,1.6141787650331718,0.0,1.6141787650331718,0.02519826247110091,0.0
1017,20437,21468,410,385,4905,1.9689498659287892,0.0,1.9689498659287892,0.031180694614911297,0.0
1018,19763,20994,359,392,4806,1.918463874463949,0.0,1.918463874463949,0.03016747915220275,0.0
1019,20145,21206,358,425,4757,1.9411455852752688,0.0,1.9411455852752688,0.030350819054231138,0.0
1020,16202,17239,355,325,3882,1.5677403838904738,0.0,1.5677403838904738,0.024707554350541776,0.0
1021,16395,17428,330,335,3915,1.5882428434452955,0.0,1.5882428434452955,0.025014083247595083,0.0
1022,21241,22268,428,443,5192,2.048410866397083,0.0,2.048410866397083,0.03259589596340769,0.0
1023,19740,20766,399,410,4819,1.8810012010002595,0.0,1.8810012010002595,0.030305118689323857,0.0
1024,19221,20184,408,362,4568,1.8444620861007974,0.0,1.8444620861007974,0.029208318754503172,0.0
1025,18669,19713,377,384,4473,1.7795895608101833,0.0,1.7795895608101833,0.028427404470915445,0.0
1026,17059,18122,353,358,4029,1.6562198316162555,0.0,1.6562198316162555,0.026050635505714317,0.0
1027,17520,18486,348,363,4166,1.6912407254810624,0.0,1.6912407254810624,0.026449833615054513,0.0
1028,19560,20543,388,345,4705,1.8675311190211548,0.0,1.8675311190211548,0.029839880270234646,0.0
1029,17138,18143,341,328,4013,1.6519590190311397,0.0,1.6519590190311397,0.02573653844501201,0.0
1030,18737,19723,367,396,4414,1.8096626470062942,0.0,1.8096626470062942,0.028309734100941363,0.0
1031,16328,17352,347,363,3927,1.5665147738150955,0.0,1.5665147738150955,0.024904376482617743,0.0
1032,20131,21185,372,423,4700,1.9349462126642125,0.0,1.9349462126642125,0.030355832812593662,0.0
1033,16465,17459,304,326,3928,1.5770309673343372,0.0,1.5770309673343372,0.025152124570192853,0.0
1034,19088,20121,370,371,4619,1.834630059057213,0.0,1.834630059057213,0.02908614645289179,0.0
1035,16957,17995,336,312,4125,1.6358078869064407,0.0,1.6358078869064407,0.025914346642020535,0.0
1036,17568,18561,357,355,4135,1.6817435548308979,0.0,1.6817435548308979,0.026594919193742017,0.0
1037,18629,19673,387,378,4458,1.7975474958580817,0.0,1.7975474958580817,0.02829722993085826,0.0
1038,19911,20895,383,419,4668,1.9212835307461822,0.0,1.9212835307461822,0.029835674539368286,0.0
1039,15771,16774,292,313,3769,1.534720523229998,0.0,1.534720523229998,0.02402771814908993,0.0
1040,18973,19987,406,357,4522,1.8185303188632926,0.0,1.8185303188632926,0.028833804314041707,0.0
1041,14524,15614,299,292,3546,1.4177524004043947,0.0,1.4177524004043947,0.022588340309891253,0.0
1042,19265,20315,330,373,4624,1.8651101976958102,0.0,1.8651101976958102,0.029126915569166047,0.0
1043,18406,19426,374,374,4527,1.7649022326338473,0.0,1.7649022326338473,0.028266866293751795,0.0
1044,19365,20380,385,370,4553,1.8504253464831426,0.0,1.8504253464831426,0.029154247339857484,0.0
1045,17547,18588,368,369,4174,1.6988064592144647,0.0,1.6988064592144647,0.026560334176842552,0.0
1046,16983,18038,331,349,4094,1.630231438268561,0.0,1.630231438268561,0.025993320927261778,0.0
1047,19580,20580,382,378,4630,1.8807981954951212,0.0,1.8807981954951212,0.029725334474520197,0.0
1048,19983,21107,399,353,4745,1.915543326437313,0.0,1.915543326437313,0.03050097365021138,0.0
1049,23860,24938,450,502,5631,2.300932741690729,0.0,2.300932741690729,0.03616541471991281,0.0
1050,24996,26231,504,533,5862,2.4029204292226245,0.0,2.4029204292226245,0.037794086286145404,0.0
1051,19252,20292,352,374,4600,1.825490874460178,0.0,1.825490874460178,0.029520205077442647,0.0
1052,18263,19256,320,379,4400,1.7606015682575964,0.0,1.7606015682575964,0.02777537561381235,0.0
1053,17418,18382,347,330,4164,1.677211387553944,0.0,1.677211387553944,0.026853545378006195,0.0
1054,24611,25713,498,467,5881,2.3553160594514835,0.0,2.3553160594514835,0.037180251047169315,0.0
1055,35253,36975,697,727,8300,3.357102685012541,0.0,3.357102685012541,0.05364546835268403,0.0
1056,17725,18769,351,366,4324,1.6876755944040494,0.0,1.6876755944040494,0.02745846535976281,0.0
1057,18370,19408,335,388,4387,1.7870032534112994,0.0,1.7870032534112994,0.027802889747036087,0.0
1058,16585,17582,346,300,4032,1.590007278428328,0.0,1.590007278428328,0.02518047834097147,0.0
1059,18152,19183,352,377,4304,1.7404547420326677,0.0,1.7404547420326677,0.027850213817383857,0.0
1060,16168,17137,320,312,3932,1.5547602497885364,0.0,1.5547602497885364,0.02476621987315453,0.0
1061,17025,18030,340,349,4033,1.6294148271252764,0.0,1.6294148271252764,0.025952917571465752,0.0
1062,16948,18001,332,344,3970,1.6416245874352606,0.0,1.6416245874352606,0.025522553315381058,0.0
1063,17846,18834,347,370,4298,1.7301691001583726,0.0,1.7301691001583726,0.02752465769646612,0.0
1064,18403,19455,381,350,4381,1.7723135919978774,0.0,1.7723135919978774,0.028128415014026083,0.0
1065,15126,16149,290,300,3589,1.4616979271326218,0.0,1.4616979271326218,0.02300691158885121,0.0
1066,17594,18682,366,330,4243,1.6649912003849783,0.0,1.6649912003849783,0.026902848744131933,0.0
1067,19414,20398,403,384,4621,1.8522728016527379,0.0,1.8522728016527379,0.029632856814248976,0.0
1068,26243,27391,492,481,6256,2.5367300828391848,0.0,2.5367300828391848,0.039566959297759,0.0
1069,16039,17066,270,326,3802,1.5462354379945527,0.0,1.5462354379945527,0.024529051953821226,0.0
1070,17604,18625,376,361,4200,1.7037141094629356,0.0,1.7037141094629356,0.027086312941809212,0.0
1071,18997,19983,432,398,4546,1.8309872202508979,0.0,1.8309872202508979,0.029142983683269293,0.0
1072,19945,20983,382,364,4780,1.9292917707937518,0.0,1.9292917707937518,0.03031350222734874,0.0
1073,17650,18644,319,380,4178,1.6947837469820588,0.0,1.6947837469820588,0.026886017765900886,0.0
1074,16685,17747,322,328,3952,1.5996770255893262,0.0,1.5996770255893262,0.025114059315085372,0.0
1075,17733,18741,363,367,4193,1.680092292755884,0.0,1.680092292755884,0.02680167353110553,0.0
1076,21194,22247,413,419,5027,2.021869503587016,0.0,2.021869503587016,0.03203660179033445,0.0
1077,16448,17502,306,317,3972,1.6001327895220583,0.0,1.6001327895220583,0.025259803469570314,0.0
1078,16521,17538,365,318,3907,1.575460559948888,0.0,1.575460559948888,0.025086307183329798,0.0
1079,17146,18188,343,378,4096,1.6531391505999495,0.0,1.6531391505999495,0.02590453413544966,0.0
1080,16509,17577,321,333,4005,1.589534678839544,0.0,1.589534678839544,0.02548556696156618,0.0
1081,19549,20595,391,385,4580,1.879289764360299,0.0,1.879289764360299,0.029467886346605188,0.0
1082,16777,17850,328,340,4041,1.5995402081773356,0.0,1.5995402081773356,0.0255905342318694,0.0
1083,25925,27010,486,514,6351,2.495108031457645,0.0,2.495108031457645,0.03954158494859837,0.0
1084,18831,19893,385,348,4462,1.8303422091057076,0.0,1.8303422091057076,0.0285990808241467,0.0
1085,15256,16252,307,320,3597,1.4795919062808378,0.0,1.4795919062808378,0.023445909886781156,0.0
1086,16526,17539,330,336,3846,1.613716918601816,0.0,1.613716918601816,0.02487703451476847,0.0
1087,15589,16641,315,305,3722,1.5150251205932739,0.0,1.5150251205932739,0.02398224818454051,0.0
1088,20584,21657,396,417,4872,1.9748033306875805,0.0,1.9748033306875805,0.03149911743058472,0.0
1089,20012,21035,412,359,4723,1.917704801125377,0.0,1.917704801125377,0.030392755440547793,0.0
1090,17554,18591,347,368,4096,1.6701267440098593,0.0,1.6701267440098593,0.026767128749441035,0.0
1091,17123,18160,358,344,4056,1.6562371783224148,0.0,1.6562371783224148,0.026089844484093672,0.0
1092,23072,24136,439,467,5423,2.2159792607592292,0.0,2.2159792607592292,0.03446491032451759,0.0
1093,33020,34467,656,658,7808,3.163802264735459,0.0,3.163802264735459,0.05023381024360527,0.0
1094,16792,17774,291,349,4070,1.6154218004137086,0.0,1.6154218004137086,0.025687459579608687,0.0
1095,23362,24549,485,469,5415,2.258774429664924,0.0,2.258774429664924,0.03556146804306261,0.0
1096,18284,19270,378,360,4354,1.75363883067651,0.0,1.75363883067651,0.02782183495857778,0.0
1097,20169,21102,416,389,4734,1.9451047983232042,0.0,1.9451047983232042,0.030292230335816798,0.0
1098,15737,16758,319,334,3745,1.5134770802011597,0.0,1.5134770802011597,0.02403508160350265,0.0
1099,27724,28900,556,532,6569,2.6718284328797086,0.0,2.6718284328797086,0.04141239040572794,0.0
1100,20041,21142,365,399,4727,1.9311781821125118,0.0,1.9311781821125118,0.030641896614190735,0.0
1101,18661,19640,411,374,4397,1.8034455116566925,0.0,1.8034455116566925,0.028039593033613266,0.0
1102,16869,17942,342,376,3985,1.605955632906148,0.0,1.605955632906148,0.025858135020901167,0.0
1103,15771,16768,312,319,3833,1.5202606051142784,0.0,1.5202606051142784,0.024249991092118194,0.0
1104,17601,18601,353,346,4276,1.6882188034092511,0.0,1.6882188034092511,0.027212108797704384,0.0
1105,40108,42067,817,843,9552,3.8843121236151457,0.0,3.8843121236151457,0.06069425039345737,0.0
1106,15909,17004,305,304,3854,1.5289346998097464,0.0,1.5289346998097464,0.02446405250583181,0.0
1107,16654,17684,320,344,4051,1.5814868838037093,0.0,1.5814868838037093,0.02573691298347734,0.0
1108,34008,35822,679,706,8133,3.2818093214078847,0.0,3.2818093214078847,0.051794879655481366,0.0
1109,16027,17038,355,280,3823,1.5211216245236683,0.0,1.5211216245236683,0.024316836245803358,0.0
1110,18730,19806,387,396,4416,1.7901511263258654,0.0,1.7901511263258654,0.028690799735488926,0.0
1111,19245,20247,369,371,4503,1.8713709141090846,0.0,1.8713709141090846,0.02901637424774042,0.0
1112,18575,19602,344,349,4371,1.8014962626897397,0.0,1.8014962626897397,0.027920955756374124,0.0
1113,15452,16477,309,314,3712,1.4934316864191164,0.0,1.4934316864191164,0.023641916301206482,0.0
1114,17324,18341,360,351,4136,1.672564136661317,0.0,1.672564136661317,0.02643404117314729,0.0
1115,17697,18736,318,358,4184,1.7002663380893706,0.0,1.7002663380893706,0.02666157429526984,0.0
1116,16957,18030,330,351,4018,1.6122737657467914,0.0,1.6122737657467914,0.025896086417698826,0.0
1117,17136,18186,372,339,4053,1.6623083100347296,0.0,1.6623083100347296,0.026416177200629422,0.0
1118,16695,17671,310,316,4082,1.6170010312766203,0.0,1.6170010312766203,0.02565712646409522,0.0
1119,17425,18455,339,361,4175,1.6720055115964143,0.0,1.6720055115964143,0.02654463301968463,0.0
1120,16399,17407,359,318,3907,1.5827831764441984,0.0,1.5827831764441984,0.025149827426846252,0.0
1121,18466,19530,366,378,4429,1.767826958308648,0.0,1.767826958308648,0.028167689732557982,0.0
1122,17432,18408,350,366,4105,1.6650997253559776,0.0,1.6650997253559776,0.026356032856800864,0.0
1123,18735,19785,388,362,4349,1.7899518086050443,0.0,1.7899518086050443,0.028390374744549977,0.0
1124,23280,24440,494,459,5513,2.210318562932871,0.0,2.210318562932871,0.035024177021390906,0.0
1125,18208,19195,375,388,4260,1.726862554342835,0.0,1.726862554342835,0.02740961564618837,0.0
1126,17876,18847,357,368,4282,1.7132296246409,0.0,1.7132296246409,0.02738099965867044,0.0
1127,42434,44641,798,910,9910,4.107914486619861,0.0,4.107914486619861,0.06410475550681319,0.0
1128,20563,21578,437,424,4927,1.9753641220328892,0.0,1.9753641220328892,0.0310987184922999,0.0
1129,15267,16297,313,283,3622,1.4638739896709383,0.0,1.4638739896709383,0.0233902163258959,0.0
1130,17092,18097,374,348,4149,1.6442595262370616,0.0,1.6442595262370616,0.02630672825113226,0.0
1131,16805,17853,339,370,4111,1.6225994545275513,0.0,1.6225994545275513,0.025990369962734423,0.0
1132,20940,21936,396,431,5016,1.9973403650852422,0.0,1.9973403650852422,0.03196234906982872,0.0
1133,19749,20869,425,362,4650,1.8828658929356747,0.0,1.8828658929356747,0.03023339600432894,0.0
1134,17269,18285,333,346,4093,1.6659872286427886,0.0,1.6659872286427886,0.026333733039283647,0.0
1135,22190,23243,440,469,5082,2.1402795321251302,0.0,2.1402795321251302,0.03344820450268737,0.0
1136,18006,19060,370,345,4370,1.709947655470174,0.0,1.709947655470174,0.02771708294759836,0.0
1137,27667,28809,540,562,6432,2.6726916081431957,0.0,2.6726916081431957,0.04143665032138946,0.0
1138,15523,16505,285,342,3708,1.4786716591442723,0.0,1.4786716591442723,0.023662282366771082,0.0
1139,17806,18755,376,338,4312,1.714540064350103,0.0,1.714540064350103,0.027404816293138,0.0
1140,24248,25490,491,517,5584,2.332767032240562,0.0,2.332767032240562,0.03669847561146782,0.0
1141,17590,18622,362,350,4170,1.696717988562301,0.0,1.696717988562301,0.026532939115789318,0.0
1142,17630,18656,338,367,4188,1.689536217894804,0.0,1.689536217894804,0.027012581147662997,0.0
1143,22626,23633,402,442,5316,2.1597156037507785,0.0,2.1597156037507785,0.03388793998189358,0.0
1144,15612,16631,326,330,3698,1.5012323822946732,0.0,1.5012323822946732,0.023870191740703674,0.0
1145,24804,26249,515,468,5876,2.3887831416640646,0.0,2.3887831416640646,0.03754302092719946,0.0
1146,17086,18093,382,321,4014,1.6610564635169138,0.0,1.6610564635169138,0.025933687486858953,0.0
1147,20464,21490,405,398,4863,1.9742274787270204,0.0,1.9742274787270204,0.03085764613764826,0.0
1148,22407,23570,465,455,5410,2.1633020547067563,0.0,2.1633020547067563,0.03435218799305448,0.0
1149,16867,17894,331,395,4040,1.6533766796033542,0.0,1.6533766796033542,0.026219950687998053,0.0
1150,20595,21652,379,392,4789,1.9610168370017755,0.0,1.9610168370017755,0.030962719693409163,0.0
1151,15313,16325,308,323,3617,1.5110592496521187,0.0,1.5110592496521187,0.023547329968659134,0.0
1152,17236,18322,381,357,4135,1.6568062335777163,0.0,1.6568062335777163,0.02617674238302508,0.0
1153,18835,19849,370,378,4447,1.8028438972270653,0.0,1.8028438972270653,0.0287020784521278,0.0
1154,19351,20419,428,356,4635,1.8738706309029713,0.0,1.8738706309029713,0.029484354645680052,0.0
1155,16024,17034,321,303,3930,1.5440643527688798,0.0,1.5440643527688798,0.024608721771058866,0.0
1156,20074,21115,355,366,4722,1.9215247339757344,0.0,1.9215247339757344,0.029960367051003273,0.0
1157,16664,17659,328,347,3979,1.610035730961805,0.0,1.610035730961805,0.02552140755964543,0.0
1158,21765,22741,437,430,5161,2.0816328033733176,0.0,2.0816328033733176,0.03322669242994964,0.0
1159,17342,18353,351,307,4178,1.6653607458010005,0.0,1.6653607458010005,0.02636386817666639,0.0
1160,18163,19138,339,365,4285,1.760289471744738,0.0,1.760289471744738,0.027570093697335134,0.0
1161,17465,18499,354,340,4102,1.678858396802904,0.0,1.678858396802904,0.026754593997592085,0.0
1162,16605,17569,304,303,3880,1.608397811084881,0.0,1.608397811084881,0.02517115686902682,0.0
1163,15518,16536,309,296,3787,1.4873046962121004,0.0,1.4873046962121004,0.023785166985295265,0.0
1164,16362,17417,333,347,3818,1.5772973564948145,0.0,1.5772973564948145,0.024983712064639778,0.0
1165,20675,21710,399,409,4999,1.9917877355911582,0.0,1.9917877355911582,0.03132401185353069,0.0
1166,18052,19133,335,348,4321,1.7428369837531823,0.0,1.7428369837531823,0.027405380226587575,0.0
1167,17175,18161,342,337,4185,1.6442139429576068,0.0,1.6442139429576068,0.026188439213336606,0.0
1168,17035,18096,332,353,4048,1.6451452570170289,0.0,1.6451452570170289,0.02619364385079101,0.0
1169,18410,19447,383,370,4393,1.7879004715336098,0.0,1.7879004715336098,0.02796248007878673,0.0
1170,18367,19403,368,369,4361,1.7644053139811127,0.0,1.7644053139811127,0.027771997829873774,0.0
1171,18874,19935,408,368,4401,1.8078932332663806,0.0,1.8078932332663806,0.02866141723311259,0.0
1172,23680,24755,466,498,5653,2.2972935990597683,0.0,2.2972935990597683,0.036002102188919964,0.0
1173,21428,22412,408,406,5123,2.0630611330380044,0.0,2.0630611330380044,0.03245261807284037,0.0
1174,19678,20665,396,416,4611,1.8862306830599678,0.0,1.8862306830599678,0.029632285857270357,0.0
1175,25031,26113,501,521,5787,2.3862245885118503,0.0,2.3862245885118503,0.03768665693266288,0.0
1176,23187,24339,475,457,5382,2.2289473158297546,0.0,2.2289473158297546,0.0352640521905114,0.0
1177,17001,17973,357,349,4022,1.6524231851763054,0.0,1.6524231851763054,0.026147204042403643,0.0
1178,21473,22532,403,404,5083,2.077521481933843,0.0,2.077521481933843,0.03219166954126849,0.0
1179,17424,18428,328,330,4172,1.684439144396112,0.0,1.684439144396112,0.026636924018779772,0.0
1180,16464,17522,311,362,3998,1.5630919188965762,0.0,1.5630919188965762,0.025370862954127344,0.0
1181,22856,23939,465,441,5325,2.191203944230514,0.0,2.191203944230514,0.03429190713828427,0.0
1182,20565,21600,343,414,4961,1.9715818809409058,0.0,1.9715818809409058,0.031212738806110196,0.0
1183,29252,30728,584,577,6901,2.812006194107998,0.0,2.812006194107998,0.04369866761063071,0.0
1184,16650,17632,315,333,3924,1.5919162683094543,0.0,1.5919162683094543,0.02532341935952723,0.0
1185,18701,19703,364,365,4350,1.7816847456826712,0.0,1.7816847456826712,0.028063249426355127,0.0
1186,20457,21445,418,411,4755,1.9827270058958903,0.0,1.9827270058958903,0.03082706867627858,0.0
1187,16279,17301,319,331,3928,1.56085458210061,0.0,1.56085458210061,0.025045638303579174,0.0
1188,20895,21973,421,370,4927,2.0266453165811393,0.0,2.0266453165811393,0.03169864850857526,0.0
1189,19581,20640,392,383,4649,1.9029504483073318,0.0,1.9029504483073318,0.029635068943510093,0.0
1190,16170,17142,306,306,3923,1.576595798589943,0.0,1.576595798589943,0.024775497568427795,0.0
1191,26761,27930,514,495,6353,2.5584242417597496,0.0,2.5584242417597496,0.04060542357762569,0.0
1192,19316,20318,397,387,4648,1.8504194135589462,0.0,1.8504194135589462,0.02944380234832658,0.0
1193,19052,20043,378,367,4566,1.8225046081491867,0.0,1.8225046081491867,0.02880230138522998,0.0
1194,20291,21348,441,417,4763,1.9481429058640687,0.0,1.9481429058640687,0.0307529295951439,0.0
1195,18625,19663,351,374,4383,1.7926290667267146,0.0,1.7926290667267146,0.02808640826690073,0.0
1196,17557,18649,367,321,4177,1.6817018922093339,0.0,1.6817018922093339,0.026903804444496165,0.0
1197,18270,19314,353,353,4445,1.7670296655261335,0.0,1.7670296655261335,0.027809615451524217,0.0
1198,20380,21431,411,417,4760,1.9578742709208428,0.0,1.9578742709208428,0.03061122161019001,0.0
1199,23670,24739,447,447,5522,2.2550291031084666,0.0,2.2550291031084666,0.035590844975154225,0.0
1200,19536,20534,384,379,4743,1.8870849857374612,0.0,1.8870849857374612,0.029628010165714362,0.0
1201,16050,17121,341,316,3823,1.537903952207735,0.0,1.537903952207735,0.024721932748946143,0.0
1202,48029,50148,993,1035,11401,4.606725276560235,0.0,4.606725276560235,0.07312655101558203,0.0
1203,27304,28596,573,513,6367,2.6289604633362154,0.0,2.6289604633362154,0.04078677139983769,0.0
1204,18071,19126,363,359,4190,1.7399573058198128,0.0,1.7399573058198128,0.027525020086947037,0.0
1205,21019,21982,387,406,5082,2.003186103013241,0.0,2.003186103013241,0.03218148876688862,0.0
1206,16492,17436,279,309,3885,1.5959471396517777,0.0,1.5959471396517777,0.024958736468160686,0.0
1207,17383,18382,326,346,4113,1.6485458164301945,0.0,1.6485458164301945,0.025871517229426447,0.0
1208,15382,16412,330,307,3715,1.476177831206918,0.0,1.476177831206918,0.02360422556981779,0.0
1209,17701,18725,340,361,4140,1.699173068941493,0.0,1.699173068941493,0.027033826721690475,0.0
1210,22555,23710,449,460,5258,2.1606624128366265,0.0,2.1606624128366265,0.034166867651816174,0.0
1211,17525,18529,324,360,4138,1.6899022903948886,0.0,1.6899022903948886,0.0266836977453737,0.0
1212,14945,15956,265,290,3680,1.438347671118426,0.0,1.438347671118426,0.023024501793500428,0.0
1213,17645,18634,319,366,4144,1.6881370911934084,0.0,1.6881370911934084,0.026763302034475998,0.0
1214,19556,20596,400,386,4716,1.8813235933338546,0.0,1.8813235933338546,0.02963251236579902,0.0
1215,17739,18714,322,371,4269,1.7198178604187193,0.0,1.7198178604187193,0.026943167925867012,0.0
1216,19474,20492,373,393,4613,1.8468633401503238,0.0,1.8468633401503238,0.029586883383064547,0.0
1217,45514,47353,886,892,10329,4.4113617514327705,0.0,4.4113617514327705,0.06734613152204842,0.0
1218,39210,40837,773,793,9107,3.7655174630010055,0.0,3.7655174630010055,0.05884611083102987,0.0
1219,16334,17366,324,324,3979,1.5546407337092123,0.0,1.5546407337092123,0.02488788790560356,0.0
1220,15771,16753,314,319,3795,1.4900588851131287,0.0,1.4900588851131287,0.024004110889383055,0.0
1221,15819,16904,330,309,3845,1.5357080823919322,0.0,1.5357080823919322,0.02440340233157338,0.0
1222,29021,30393,621,545,6833,2.782595176198963,0.0,2.782595176198963,0.043925373872036544,0.0
1223,18371,19418,379,373,4417,1.7749762243159364,0.0,1.7749762243159364,0.02789823350749536,0.0
1224,17281,18344,318,325,4142,1.6779122257262287,0.0,1.6779122257262287,0.026066227199638446,0.0
1225,16692,17694,331,359,3956,1.617893077802639,0.0,1.617893077802639,0.02539924881114527,0.0
1226,17761,18775,358,347,4187,1.6931030005566665,0.0,1.6931030005566665,0.02682032753866618,0.0
1227,16643,17645,360,326,3956,1.59714501180216,0.0,1.59714501180216,0.02515511095040029,0.0
1228,15627,16643,323,304,3754,1.5062102171727352,0.0,1.5062102171727352,0.023885980884097848,0.0
1229,21873,23024,410,461,5167,2.108220600832309,0.0,2.108220600832309,0.03284163320382598,0.0
1230,20022,21046,377,406,4673,1.900870385127529,0.0,1.900870385127529,0.030378852072651334,0.0
1231,18718,19770,374,370,4402,1.8000302092114877,0.0,1.8000302092114877,0.028229194082508062,0.0
1232,15938,16930,318,301,3818,1.5462395147520183,0.0,1.5462395147520183,0.024146937931865512,0.0
1233,20074,21075,382,373,4616,1.941900988630407,0.0,1.941900988630407,0.02972353223605751,0.0
1234,27791,29495,583,557,6497,2.689676849462501,0.0,2.689676849462501,0.04178499030669454,0.0
1235,18344,19405,376,388,4386,1.747069503399048,0.0,1.747069503399048,0.028253933429062333,0.0
1236,15748,16777,313,317,3772,1.5169360939349268,0.0,1.5169360939349268,0.024007706813705582,0.0
1237,22942,24068,472,488,5407,2.1742585532112004,0.0,2.1742585532112004,0.03493764699949625,0.0
1238,17319,18354,342,318,4129,1.6884114972627424,0.0,1.6884114972627424,0.026185395180299886,0.0
1239,18219,19198,359,365,4400,1.7455752549207277,0.0,1.7455752549207277,0.028102606564218778,0.0
1240,16727,17812,340,327,3952,1.6002024286823,0.0,1.6002024286823,0.02535989760506205,0.0
1241,15780,16824,300,279,3699,1.517307548691634,0.0,1.517307548691634,0.023673578715565854,0.0
1242,16513,17546,337,318,3910,1.5720821873579032,0.0,1.5720821873579032,0.025263426801455213,0.0
1243,17721,18741,376,331,4076,1.7188723332493308,0.0,1.7188723332493308,0.026625703695041157,0.0
1244,17838,18913,326,350,4226,1.703677374014085,0.0,1.703677374014085,0.02707070644004042,0.0
1245,17256,18296,331,357,4107,1.646259167214815,0.0,1.646259167214815,0.026359355329022723,0.0
1246,20750,21822,423,429,4808,2.0105055273011536,0.0,2.0105055273011536,0.0314010208091642,0.0
1247,16614,17588,338,335,3916,1.599203362738963,0.0,1.599203362738963,0.025262191864539107,0.0
1248,17367,18404,338,330,4113,1.6757410553242529,0.0,1.6757410553242529,0.026220693825554527,0.0
1249,16611,17652,346,303,3959,1.5864219834244462,0.0,1.5864219834244462,0.025216119367597857,0.0
1250,16188,17239,334,310,3839,1.539372802718556,0.0,1.539372802718556,0.024817784812430535,0.0
1251,18125,19117,319,347,4314,1.7637809025065587,0.0,1.7637809025065587,0.027388217692644556,0.0
1252,19192,20215,388,409,4516,1.84307735823948,0.0,1.84307735823948,0.029170408741896785,0.0
1253,27130,28139,588,511,6238,2.6081374468632212,0.0,2.6081374468632212,0.04055743768179571,0.0
1254,19370,20394,400,396,4561,1.852785463378917,0.0,1.852785463378917,0.029293693027712356,0.0
1255,17692,18676,353,348,4195,1.675373770759218,0.0,1.675373770759218,0.026722070661090367,0.0
1256,16396,17395,328,327,4003,1.5778968426379891,0.0,1.5778968426379891,0.025012624316421053,0.0
1257,16195,17155,302,305,3892,1.563657755976366,0.0,1.563657755976366,0.024689011016805516,0.0
1258,23687,24989,464,463,5647,2.282515928308491,0.0,2.282515928308491,0.03567619829175251,0.0
1259,17153,18184,349,335,4131,1.661560344242047,0.0,1.661560344242047,0.026159239074667717,0.0
1260,19777,20796,384,404,4673,1.906412620126281,0.0,1.906412620126281,0.02986456569191507,0.0
1261,29258,30828,586,544,6869,2.83665335047858,0.0,2.83665335047858,0.0442376681652382,0.0
1262,50141,52717,989,986,11896,4.8168974702420675,0.0,4.8168974702420675,0.07561095997178409,0.0
1263,23264,24333,459,482,5475,2.244882546223898,0.0,2.244882546223898,0.03522676581613155,0.0
1264,30947,32181,601,600,7272,2.960574294088572,0.0,2.960574294088572,0.04661072722871348,0.0
1265,15513,16584,298,328,3719,1.4849087538682175,0.0,1.4849087538682175,0.024076486588328047,0.0
1266,16616,17588,340,341,3945,1.59317451270382,0.0,1.59317451270382,0.02533715607503061,0.0
1267,19791,20807,414,367,4586,1.912180712485893,0.0,1.912180712485893,0.02972313188121001,0.0
1268,16373,17414,314,363,3909,1.5887034058367124,0.0,1.5887034058367124,0.02541046692494403,0.0
1269,16740,17779,343,326,4095,1.6116431128349649,0.0,1.6116431128349649,0.025739636260851843,0.0
1270,15211,16214,309,292,3661,1.469375808573672,0.0,1.469375808573672,0.023169780205943256,0.0
1271,28184,29488,554,572,6617,2.7331637449191497,0.0,2.7331637449191497,0.04227711326597179,0.0
1272,17319,18347,350,315,4121,1.6677340864993446,0.0,1.6677340864993446,0.026398138070925607,0.0
1273,32313,33596,620,629,7497,3.114495942925309,0.0,3.114495942925309,0.048338212388865716,0.0
1274,18243,19195,416,369,4250,1.737548224951979,0.0,1.737548224951979,0.027637844438501962,0.0
1275,16895,17893,306,365,4014,1.6225878648134264,0.0,1.6225878648134264,0.025564238573643823,0.0
1276,27447,28610,580,537,6478,2.6204452001439895,0.0,2.6204452001439895,0.041471545563249584,0.0
1277,21124,22176,393,388,4973,2.019239196529833,0.0,2.019239196529833,0.031858461703315806,0.0
1278,15925,16931,329,293,3785,1.5270806894538904,0.0,1.5270806894538904,0.024488865774166906,0.0
1279,16996,18059,363,345,4032,1.6190667961363736,0.0,1.6190667961363736,0.02599500930708017,0.0
1280,15767,16736,314,301,3806,1.517831807622385,0.0,1.517831807622385,0.02415681221231719,0.0
1281,17254,18247,372,356,4110,1.6471863384323366,0.0,1.6471863384323366,0.026518232010137248,0.0
1282,17334,18345,332,366,4219,1.6634970576651407,0.0,1.6634970576651407,0.026606031386356678,0.0
1283,17241,18311,343,362,4105,1.6527254021767799,0.0,1.6527254021767799,0.026372806774084278,0.0
1284,17752,18742,343,333,4240,1.7051012831760979,0.0,1.7051012831760979,0.026925836896639455,0.0
1285,21600,22611,412,420,5075,2.080219262262119,0.0,2.080219262262119,0.03261322879607258,0.0
1286,17192,18247,327,381,4109,1.622325365639801,0.0,1.622325365639801,0.026500481238116838,0.0
1287,16778,17753,284,343,4054,1.6012620513011795,0.0,1.6012620513011795,0.025559920980690078,0.0
1288,19758,20796,392,385,4607,1.9012096848227964,0.0,1.9012096848227964,0.029835635980465833,0.0
1289,16887,17902,330,321,4058,1.6212499230011528,0.0,1.6212499230011528,0.025991365164934853,0.0
1290,17250,18257,366,323,4081,1.6466757289315894,0.0,1.6466757289315894,0.026435701649588108,0.0
1291,18737,19773,383,351,4454,1.79309713161505,0.0,1.79309713161505,0.02853210789441207,0.0
1292,16345,17390,334,325,3905,1.5784809495092509,0.0,1.5784809495092509,0.0250005606237835,0.0
1293,23084,24130,463,445,5557,2.238305336220316,0.0,2.238305336220316,0.03530713705630017,0.0
1294,18089,19087,362,321,4220,1.7329439742061887,0.0,1.7329439742061887,0.02728436292315997,0.0
1295,19148,20165,385,390,4514,1.8330371265069783,0.0,1.8330371265069783,0.028988666030680035,0.0
1296,16347,17417,306,356,3947,1.5958250050274556,0.0,1.5958250050274556,0.02502666970642717,0.0
1297,19719,20747,410,408,4642,1.9270165092957414,0.0,1.9270165092957414,0.029944364285814238,0.0
1298,16565,17572,357,304,3919,1.6026359788127873,0.0,1.6026359788127873,0.025318622599042922,0.0
1299,22410,23436,386,456,5299,2.131595723724221,0.0,2.131595723724221,0.03401904187101147,0.0
1300,15950,17029,311,298,3834,1.5452802493810165,0.0,1.5452802493810165,0.024605646109944885,0.0
1301,49381,51732,992,949,11543,4.7233273247788015,0.0,4.7233273247788015,0.07404782341687603,0.0
1302,26464,27743,540,541,6224,2.5242930689018444,0.0,2.5242930689018444,0.03966031165662313,0.0
1303,20894,21905,418,410,5027,1.982041471638521,0.0,1.982041471638521,0.03173197078125927,0.0
1304,17278,18354,324,316,4121,1.662932109761802,0.0,1.662932109761802,0.026081718794548948,0.0
1305,14752,15738,287,305,3517,1.4225093727835214,0.0,1.4225093727835214,0.02253512636877328,0.0
1306,17453,18526,376,361,4152,1.6664038808933435,0.0,1.6664038808933435,0.026436344487662654,0.0
1307,26335,27613,511,510,6256,2.569738656345183,0.0,2.569738656345183,0.03995560752002433,0.0
1308,19341,20316,373,401,4638,1.8819235538941108,0.0,1.8819235538941108,0.029263340077100075,0.0
1309,16126,17153,327,321,3871,1.5586097459372381,0.0,1.5586097459372381,0.024621561145991164,0.0
1310,24787,25997,477,500,5906,2.386798251945707,0.0,2.386798251945707,0.03754960243499916,0.0
1311,16504,17519,360,319,3949,1.5853212068079527,0.0,1.5853212068079527,0.025387038923555483,0.0
1312,17981,19018,382,360,4306,1.7181536886457343,0.0,1.7181536886457343,0.027683927131303847,0.0
1313,20873,21877,403,401,4944,2.0187313604601687,0.0,2.0187313604601687,0.031588622947925554,0.0
1314,26584,27889,553,524,6292,2.566159778805758,0.0,2.566159778805758,0.040106357225470964,0.0
1315,18996,20051,380,348,4555,1.8318187086945077,0.0,1.8318187086945077,0.029081450221012405,0.0
1316,16807,17878,355,320,4068,1.6407478378542963,0.0,1.6407478378542963,0.025963925262321157,0.0
1317,17515,18546,312,353,4238,1.674393549857215,0.0,1.674393549857215,0.02690755547878352,0.0
1318,19952,21001,403,415,4814,1.9049661049413034,0.0,1.9049661049413034,0.030769174156566825,0.0
1319,19472,20478,404,340,4653,1.8730977988575868,0.0,1.8730977988575868,0.029425623909403745,0.0
1320,20200,21226,418,389,4800,1.9460223282299134,0.0,1.9460223282299134,0.03072469814383252,0.0
1321,16932,17899,363,341,4002,1.6412054908511278,0.0,1.6412054908511278,0.025716523018710018,0.0
1322,17379,18322,360,355,4138,1.6811917673426082,0.0,1.6811917673426082,0.026699608968640525,0.0
1323,23413,24473,458,484,5529,2.2703633047516503,0.0,2.2703633047516503,0.03519409941386685,0.0
1324,15835,16855,317,305,3770,1.5183444813527027,0.0,1.5183444813527027,0.02400996960987517,0.0
1325,18558,19539,371,379,4340,1.7594832585195328,0.0,1.7594832585195328,0.027562739106223654,0.0
1326,23130,24088,430,474,5518,2.2218801891902977,0.0,2.2218801891902977,0.034745977047271434,0.0
1327,18637,19651,371,384,4420,1.780815654651489,0.0,1.780815654651489,0.028486474679218582,0.0
1328,16267,17238,327,321,3801,1.5609128535656804,0.0,1.5609128535656804,0.024671054226220866,0.0
1329,17804,18845,341,380,4290,1.6852638858484121,0.0,1.6852638858484121,0.027169105438557658,0.0
1330,19556,20575,428,373,4681,1.8675979590927532,0.0,1.8675979590927532,0.030108683826002108,0.0
1331,15057,16103,302,293,3589,1.4490493355555425,0.0,1.4490493355555425,0.02336592926144531,0.0
1332,18421,19518,359,367,4484,1.7635276368354833,0.0,1.7635276368354833,0.028017676537697742,0.0
1333,19634,20685,383,390,4632,1.8918016137841525,0.0,1.8918016137841525,0.029759172322059695,0.0
1334,17591,18625,344,339,4182,1.726069310688542,0.0,1.726069310688542,0.02676056067992286,0.0
1335,27695,29132,549,556,6448,2.647797209035496,0.0,2.647797209035496,0.04188337684834219,0.0
1336,18414,19464,362,352,4376,1.7782282402004363,0.0,1.7782282402004363,0.028075816636822324,0.0
1337,36022,38025,720,690,8514,3.4400380398507977,0.0,3.4400380398507977,0.0545083102880952,0.0
1338,38112,39942,774,708,8943,3.611338318152577,0.0,3.611338318152577,0.05727882834540254,0.0
1339,18490,19516,336,359,4454,1.7713270347141596,0.0,1.7713270347141596,0.02804531078223129,0.0
1340,19889,20951,397,371,4748,1.9375080315458364,0.0,1.9375080315458364,0.030164085548251087,0.0
1341,17427,18447,354,362,4112,1.638235150542046,0.0,1.638235150542046,0.026731310840064502,0.0
1342,16808,17831,350,333,3919,1.6009456018354153,0.0,1.6009456018354153,0.025684083597310312,0.0
1343,19853,20901,358,405,4686,1.9164607878100122,0.0,1.9164607878100122,0.029966556787463513,0.0
1344,17150,18186,288,344,4104,1.648207628837172,0.0,1.648207628837172,0.025866851956303356,0.0
1345,15961,16974,304,308,3828,1.5702333412217866,0.0,1.5702333412217866,0.02433457618084355,0.0
1346,18193,19190,354,346,4415,1.75283507203632,0.0,1.75283507203632,0.027916391017972716,0.0
1347,82879,87358,1619,1667,19950,7.9939106336742345,0.0,7.9939106336742345,0.12580479171472955,0.0
1348,16841,17849,332,336,4045,1.6073660829044158,0.0,1.6073660829044158,0.025808572369908682,0.0
1349,19256,20257,391,395,4597,1.8567564943756523,0.0,1.8567564943756523,0.029324319337340657,0.0
1350,25795,27040,519,513,6084,2.4583179658155347,0.0,2.4583179658155347,0.03907142762090286,0.0
1351,21061,22038,434,455,4956,2.0051637751569857,0.0,2.0051637751569857,0.03195636444767208,0.0
1352,18993,20170,361,362,4518,1.8203555744124222,0.0,1.8203555744124222,0.02892049030003155,0.0
1353,15206,16221,338,302,3691,1.4638680289609969,0.0,1.4638680289609969,0.023434202434347504,0.0
1354,17715,18704,368,345,4266,1.7056116343453178,0.0,1.7056116343453178,0.02718736713007601,0.0
1355,17918,18949,364,368,4289,1.7328901270100614,0.0,1.7328901270100614,0.027317474302386163,0.0
1356,17364,18425,348,337,4091,1.6573117007426201,0.0,1.6573117007426201,0.02632967739008941,0.0
1357,16806,17849,342,340,4034,1.6228673947235246,0.0,1.6228673947235246,0.025911405470968523,0.0
1358,17953,18988,352,351,4236,1.7144013973785222,0.0,1.7144013973785222,0.02734072265629977,0.0
1359,17591,18617,339,389,4251,1.6890462668282866,0.0,1.6890462668282866,0.026978276730122142,0.0
1360,18915,19889,387,372,4493,1.8287798155428008,0.0,1.8287798155428008,0.02885026929565246,0.0
1361,24889,26349,482,475,5901,2.4211701232406555,0.0,2.4211701232406555,0.03781002684939817,0.0
1362,21095,22123,431,469,5062,2.036135350875394,0.0,2.036135350875394,0.03202376521072782,0.0
1363,17790,18781,378,365,4144,1.7046935143775674,0.0,1.7046935143775674,0.026640286819528798,0.0
1364,18566,19596,359,387,4404,1.801978750276608,0.0,1.801978750276608,0.02830135706008326,0.0
1365,38855,40815,764,774,9199,3.7269964248504563,0.0,3.7269964248504563,0.05853947534245407,0.0
1366,18424,19478,361,368,4403,1.7706906886445295,0.0,1.7706906886445295,0.028170230525004388,0.0
1367,24586,25614,456,514,5821,2.3546100532694343,0.0,2.3546100532694343,0.037024344467669945,0.0
1368,20078,21072,349,384,4781,1.9402966772256824,0.0,1.9402966772256824,0.030254009231517873,0.0
1369,14881,15884,320,297,3561,1.4293366584763527,0.0,1.4293366584763527,0.023024768598030543,0.0
1370,18280,19273,367,362,4309,1.7734166969209006,0.0,1.7734166969209006,0.02764218554605575,0.0
1371,18551,19562,354,371,4357,1.7690370053650182,0.0,1.7690370053650182,0.028277608222298002,0.0
1372,18514,19540,367,384,4544,1.7919277768769537,0.0,1.7919277768769537,0.028643412764307173,0.0
1373,18806,19847,402,381,4498,1.8017507557229322,0.0,1.8017507557229322,0.028791308003786847,0.0
1374,23826,24913,469,489,5579,2.301405352009718,0.0,2.301405352009718,0.03578943606307693,0.0
1375,17045,18105,344,332,4116,1.6224365355905634,0.0,1.6224365355905634,0.02623770057690709,0.0
1376,17111,18169,330,318,4131,1.6440649802724159,0.0,1.6440649802724159,0.025931975725541876,0.0
1377,19150,20173,436,349,4500,1.8470829437594287,0.0,1.8470829437594287,0.029000274042461208,0.0
1378,15569,16596,292,273,3767,1.4867626419437476,0.0,1.4867626419437476,0.024150186849065353,0.0
1379,21228,22351,407,418,5016,2.0313336668022908,0.0,2.0313336668022908,0.03215324340855279,0.0
1380,19868,20957,377,418,4798,1.9253594766384634,0.0,1.9253594766384634,0.030176873041765355,0.0
1381,17378,18374,342,370,4154,1.6799424442160347,0.0,1.6799424442160347,0.026241617583087812,0.0
1382,16774,17768,309,318,4130,1.607221066245425,0.0,1.607221066245425,0.025478067310026074,0.0
1383,20126,21157,397,410,4757,1.9090481023501784,0.0,1.9090481023501784,0.03054986576336608,0.0
1384,18108,19085,329,350,4409,1.7372097070905688,0.0,1.7372097070905688,0.02781204749288167,0.0
1385,26063,27348,499,518,6121,2.4972832356155443,0.0,2.4972832356155443,0.03921904022673479,0.0
1386,21363,22351,412,428,4994,2.0093402771943296,0.0,2.0093402771943296,0.032267049854610534,0.0
1387,18427,19430,362,377,4346,1.748201936054082,0.0,1.748201936054082,0.027959614719254358,0.0
1388,21961,23043,449,477,5249,2.086539686019939,0.0,2.086539686019939,0.03337590811180852,0.0
1389,15572,16618,323,347,3787,1.4962294772313094,0.0,1.4962294772313094,0.024008605839456305,0.0
1390,15471,16505,321,300,3704,1.490318138606128,0.0,1.490318138606128,0.023490646218014163,0.0
1391,17002,18008,334,325,4123,1.645447671139257,0.0,1.645447671139257,0.026099779196141135,0.0
1392,34898,36678,644,673,8106,3.3763558727163714,0.0,3.3763558727163714,0.052447752951295924,0.0
1393,18424,19410,357,372,4282,1.7635204698990594,0.0,1.7635204698990594,0.0276680465557772,0.0
1394,20216,21268,447,435,4688,1.9556133211468416,0.0,1.9556133211468416,0.030348448297318094,0.0
1395,24872,26080,486,492,5900,2.3834919791325753,0.0,2.3834919791325753,0.03775467638321151,0.0
1396,18248,19302,401,357,4446,1.7694304112971944,0.0,1.7694304112971944,0.02810790609407612,0.0
1397,21786,22877,427,414,5255,2.1097973537728634,0.0,2.1097973537728634,0.033200631988754,0.0
1398,17846,18890,345,380,4183,1.7150435291791937,0.0,1.7150435291791937,0.027260174894219318,0.0
1399,17643,18645,374,353,4121,1.700121551755235,0.0,1.700121551755235,0.02686210856124811,0.0
1400,18125,19115,360,355,4383,1.7640059077621595,0.0,1.7640059077621595,0.027676889458880458,0.0
1401,16998,18066,328,349,4026,1.644705950910441,0.0,1.644705950910441,0.02592340315065351,0.0
1402,18851,19893,383,357,4476,1.79676565726952,0.0,1.79676565726952,0.028711885303467414,0.0
1403,18305,19306,374,371,4279,1.7799369033913295,0.0,1.7799369033913295,0.02788216036851942,0.0
1404,16746,17721,335,346,3964,1.6037463426739902,0.0,1.6037463426739902,0.025710790051412434,0.0
1405,15919,16999,324,343,3852,1.5284417340671317,0.0,1.5284417340671317,0.024563609733863755,0.0
1406,19983,21023,389,402,4793,1.9179691978628466,0.0,1.9179691978628466,0.030394164498093824,0.0
1407,17266,18278,325,326,4150,1.6605835421715174,0.0,1.6605835421715174,0.02651046038382225,0.0
1408,18557,19571,351,378,4444,1.7965631229703949,0.0,1.7965631229703949,0.028319499527772192,0.0
1409,15348,16372,306,331,3744,1.4816206903514013,0.0,1.4816206903514013,0.023516669190198004,0.0
1410,20585,21615,391,435,4885,1.9598425012793188,0.0,1.9598425012793188,0.03140281721535711,0.0
1411,23429,24596,457,476,5563,2.245319478334362,0.0,2.245319478334362,0.03563710714488659,0.0
1412,22139,23167,433,397,5326,2.108193495632623,0.0,2.108193495632623,0.03376664539810998,0.0
1413,18276,19340,342,379,4337,1.762601926014607,0.0,1.762601926014607,0.02785694161020471,0.0
1414,25233,26317,487,498,5824,2.417725734422781,0.0,2.417725734422781,0.03738536796657566,0.0
1415,22317,23436,438,384,5302,2.144303890215761,0.0,2.144303890215761,0.033736292626540196,0.0
1416,16237,17274,333,311,3920,1.5678287636127601,0.0,1.5678287636127601,0.024659931949202924,0.0
1417,15531,16522,295,316,3737,1.5006512378832446,0.0,1.5006512378832446,0.023946551231595736,0.0
1418,17891,18853,355,397,4182,1.7466766169626176,0.0,1.7466766169626176,0.02699909264868747,0.0
1419,16367,17400,354,314,4002,1.584236266957304,0.0,1.584236266957304,0.02558030659328728,0.0
1420,22673,23712,423,452,5239,2.156324821964401,0.0,2.156324821964401,0.03397059514398589,0.0
1421,18724,19715,370,366,4421,1.79211545238729,0.0,1.79211545238729,0.028466101721471022,0.0
1422,18539,19563,369,338,4395,1.7689826802990876,0.0,1.7689826802990876,0.02818679414048565,0.0
1423,19765,20871,408,392,4720,1.888907027108985,0.0,1.888907027108985,0.030478468900492543,0.0
1424,17142,18223,313,352,4101,1.6430772316405267,0.0,1.6430772316405267,0.026121234102606437,0.0
1425,18444,19511,386,383,4394,1.788376619530729,0.0,1.788376619530729,0.02796706004093329,0.0
1426,18254,19260,351,337,4338,1.75207990247818,0.0,1.75207990247818,0.02778073065125574,0.0
1427,18838,19861,403,385,4493,1.8293864996268934,0.0,1.8293864996268934,0.02869056386437229,0.0
1428,16834,17887,327,370,3964,1.6337859515937208,0.0,1.6337859515937208,0.025491039914568844,0.0
1429,22196,23294,418,461,5301,2.1376098216983817,0.0,2.1376098216983817,0.03390605452697134,0.0
1430,16749,17820,309,328,4029,1.5980469921942442,0.0,1.5980469921942442,0.02548785259514662,0.0
1431,25539,26665,492,489,6050,2.4342210578381356,0.0,2.4342210578381356,0.03843760816308262,0.0
1432,18605,19643,379,382,4552,1.7853628755935376,0.0,1.7853628755935376,0.028583533489740603,0.0
1433,20203,21220,414,394,4842,1.9288550053542524,0.0,1.9288550053542524,0.030736836424125304,0.0
1434,18416,19418,363,342,4401,1.767519720224014,0.0,1.767519720224014,0.028002837140848582,0.0
1435,16904,17870,351,341,3965,1.604484533765157,0.0,1.604484533765157,0.025423698976153947,0.0
1436,15788,16777,331,299,3743,1.5072998065186172,0.0,1.5072998065186172,0.024274764541218168,0.0
1437,17295,18309,323,355,4095,1.6513389499569662,0.0,1.6513389499569662,0.02641672895391796,0.0
1438,21888,22982,477,435,5190,2.1011762732968027,0.0,2.1011762732968027,0.03304196188792455,0.0
1439,22405,23357,439,451,5301,2.1242526760497915,0.0,2.1242526760497915,0.03376653775664159,0.0
1440,15994,16987,334,300,3860,1.5208842493363317,0.0,1.5208842493363317,0.024644818901548963,0.0
1441,22710,23887,430,443,5341,2.202427884017356,0.0,2.202427884017356,0.034661687945117994,0.0
1442,20266,21263,436,392,4779,1.948846870174281,0.0,1.948846870174281,0.030453601480676898,0.0
1443,19860,20825,349,386,4915,1.925211251339614,0.0,1.925211251339614,0.030640096222032086,0.0
1444,18523,19560,352,357,4383,1.7772841426211206,0.0,1.7772841426211206,0.02821166112708505,0.0
1445,16670,17730,301,368,4015,1.6029578951541694,0.0,1.6029578951541694,0.025525142318498395,0.0
1446,17511,18458,342,317,4168,1.6869228253714224,0.0,1.6869228253714224,0.026690681517709924,0.0
1447,16366,17392,321,330,3889,1.564643328473753,0.0,1.564643328473753,0.025197019722616554,0.0
1448,16467,17481,342,332,3900,1.5827124993686172,0.0,1.5827124993686172,0.025221820817935885,0.0
1449,41095,42895,826,821,9673,3.9587869711966883,0.0,3.9587869711966883,0.0617780965433689,0.0
1450,29094,30403,535,597,6854,2.809872569861336,0.0,2.809872569861336,0.044143967704502136,0.0
1451,16019,17011,342,331,3817,1.5380314164830513,0.0,1.5380314164830513,0.02445792315369759,0.0
1452,19074,20061,379,390,4451,1.848936515825699,0.0,1.848936515825699,0.02902575046692911,0.0
1453,20223,21269,423,406,4761,1.9341510205137122,0.0,1.9341510205137122,0.030683409235228925,0.0
1454,17701,18703,333,316,4219,1.7202812843851312,0.0,1.7202812843851312,0.02695804841293071,0.0
1455,17637,18645,353,396,4197,1.7139648493878652,0.0,1.7139648493878652,0.02685727943208418,0.0
1456,18143,19163,357,344,4442,1.7529246293909109,0.0,1.7529246293909109,0.02763327184149238,0.0
1457,24427,25627,470,473,5779,2.37941181196409,0.0,2.37941181196409,0.0366842877571528,0.0
1458,18639,19670,337,356,4381,1.791478615713522,0.0,1.791478615713522,0.028219063822878875,0.0
1459,16461,17415,308,311,3854,1.5869969457877693,0.0,1.5869969457877693,0.024892227905109175,0.0
1460,19635,20652,401,422,4638,1.908163443772531,0.0,1.908163443772531,0.03008575676167143,0.0
1461,24513,25662,529,492,5737,2.342419887927494,0.0,2.342419887927494,0.03658245246922963,0.0
1462,16073,17128,349,298,3869,1.5315919438556522,0.0,1.5315919438556522,0.024723862920816794,0.0
1463,15813,16828,343,299,3788,1.5104645683813045,0.0,1.5104645683813045,0.024221701123447095,0.0
1464,17358,18433,333,392,4131,1.6811033630177319,0.0,1.6811033630177319,0.0265049952508159,0.0
1465,21447,22504,445,442,4986,2.0771979757452947,0.0,2.0771979757452947,0.03194438067780203,0.0
1466,15882,16885,344,292,3837,1.5377590607545033,0.0,1.5377590607545033,0.024167267742466563,0.0
1467,18351,19386,318,389,4433,1.766255285493202,0.0,1.766255285493202,0.027998841139745056,0.0
1468,17021,18021,329,339,3985,1.6439986187596847,0.0,1.6439986187596847,0.025875324934237616,0.0
1469,24142,25390,483,534,5636,2.3440471158297798,0.0,2.3440471158297798,0.036388768950624664,0.0
1470,28458,29721,525,573,6671,2.7319332761376316,0.0,2.7319332761376316,0.042434075139978156,0.0
1471,15451,16471,299,276,3647,1.4989553589664748,0.0,1.4989553589664748,0.02362813761720385,0.0
1472,17947,18964,353,372,4401,1.7149555920298534,0.0,1.7149555920298534,0.02762375208917435,0.0
1473,26366,27428,485,507,6313,2.5179919749077215,0.0,2.5179919749077215,0.03975887633159666,0.0
1474,17525,18523,344,314,4293,1.697921463631975,0.0,1.697921463631975,0.02689491150174937,0.0
1475,15422,16487,320,313,3688,1.4892739468948994,0.0,1.4892739468948994,0.023744176843470986,0.0
1476,18635,19639,329,393,4387,1.7923704720046514,0.0,1.7923704720046514,0.02819012343182864,0.0
1477,17181,18205,303,377,4095,1.6360012649091684,0.0,1.6360012649091684,0.026086900824526995,0.0
1478,17657,18718,393,398,4154,1.70293284231984,0.0,1.70293284231984,0.027012354313838555,0.0
1479,20012,21049,444,411,4667,1.9146978177061642,0.0,1.9146978177061642,0.03072273405527759,0.0
1480,19327,20365,389,371,4501,1.8602491385710473,0.0,1.8602491385710473,0.02918701951531929,0.0
1481,19789,20893,399,369,4692,1.8930970342332827,0.0,1.8930970342332827,0.029938568536518998,0.0
1482,18874,19936,326,370,4524,1.814093530072703,0.0,1.814093530072703,0.028942205297998194,0.0
1483,21831,22898,412,414,5273,2.092308863846204,0.0,2.092308863846204,0.033142326968232216,0.0
1484,17366,18408,377,352,4141,1.6548433971374135,0.0,1.6548433971374135,0.02638365142370454,0.0
1485,16002,17020,328,333,3859,1.5278341022768733,0.0,1.5278341022768733,0.024918801326895557,0.0
1486,21703,22949,464,393,5178,2.076251277784718,0.0,2.076251277784718,0.033138272413494804,0.0
1487,22518,23657,437,431,5400,2.1674285046359225,0.0,2.1674285046359225,0.03382261780582459,0.0
1488,19537,20621,394,390,4558,1.8508485258598781,0.0,1.8508485258598781,0.029645366767680526,0.0
1489,26120,27237,552,512,6131,2.4950991539995515,0.0,2.4950991539995515,0.039675016355147766,0.0
1490,15134,16168,316,302,3621,1.4607599769797304,0.0,1.4607599769797304,0.02344328560728689,0.0
1491,17511,18500,335,360,4178,1.6700528106790218,0.0,1.6700528106790218,0.026660473804333895,0.0
1492,23055,24196,505,452,5470,2.226671110876059,0.0,2.226671110876059,0.03507401704753815,0.0
1493,33217,34942,667,669,7776,3.188570327118856,0.0,3.188570327118856,0.05005551417678143,0.0
1494,18968,20012,366,391,4453,1.8458616954567393,0.0,1.8458616954567393,0.028531931389279914,0.0
1495,18264,19290,371,373,4275,1.7351647749450683,0.0,1.7351647749450683,0.0277497373013193,0.0
1496,16032,17075,342,347,3861,1.5415907623602365,0.0,1.5415907623602365,0.024563816588910114,0.0
1497,17099,18164,355,372,4116,1.6275200066692,0.0,1.6275200066692,0.026117844632764523,0.0
1498,26913,28177,568,504,6381,2.5796276713385358,0.0,2.5796276713385358,0.04094678183997098,0.0
1499,16014,17047,332,287,3808,1.5172817329184158,0.0,1.5172817329184158,0.02465714575401872,0.0
1500,23801,24939,467,489,5749,2.274522104314228,0.0,2.274522104314228,0.03623828714742399,0.0
1501,18212,19283,324,356,4334,1.7376130449117215,0.0,1.7376130449117215,0.027684927373096677,0.0
1502,23070,24537,412,445,5568,2.2302889557299066,0.0,2.2302889557299066,0.03541581746870359,0.0
1503,20368,21400,430,364,4909,1.9682067370225933,0.0,1.9682067370225933,0.03102067958363653,0.0
1504,15800,16812,321,292,3883,1.5159462274862237,0.0,1.5159462274862237,0.024617553469454424,0.0
1505,16912,17938,327,327,4171,1.658403075632746,0.0,1.658403075632746,0.025931466919905565,0.0
1506,23369,24438,469,464,5572,2.263079752861447,0.0,2.263079752861447,0.03525912601382787,0.0
1507,16730,17752,327,349,3949,1.6011260956716884,0.0,1.6011260956716884,0.02550092371239799,0.0
1508,17030,18018,347,326,3985,1.6555141989233682,0.0,1.6555141989233682,0.025936303200350404,0.0
1509,24357,25409,460,501,5684,2.341436496605999,0.0,2.341436496605999,0.036486251210723915,0.0
1510,17610,18650,343,347,4216,1.675850578701281,0.0,1.675850578701281,0.02697711513646265,0.0
1511,18342,19320,380,401,4327,1.7855947273401735,0.0,1.7855947273401735,0.027884442650915737,0.0
1512,19986,21074,404,395,4818,1.9344103230917662,0.0,1.9344103230917662,0.03063458153057713,0.0
1513,16917,17981,354,300,4055,1.6425187962469259,0.0,1.6425187962469259,0.02571599156625855,0.0
1514,17276,18308,312,313,4089,1.6838523483691075,0.0,1.6838523483691075,0.02623903680125434,0.0
1515,21487,22552,420,426,5007,2.0480154889350413,0.0,2.0480154889350413,0.0323589680796318,0.0
1516,17559,18624,355,332,4213,1.6750650234949482,0.0,1.6750650234949482,0.026959048939620384,0.0
1517,18285,19356,367,364,4326,1.7674823461202314,0.0,1.7674823461202314,0.02793858741828723,0.0
1518,26341,27419,503,514,6332,2.539664606660226,0.0,2.539664606660226,0.0400945128375656,0.0
1519,16742,17774,326,361,3954,1.600293534470945,0.0,1.600293534470945,0.025589670526767763,0.0
1520,16750,17753,362,305,4019,1.5962320023790835,0.0,1.5962320023790835,0.025564912744363354,0.0
1521,23560,24689,469,500,5606,2.2722093100465197,0.0,2.2722093100465197,0.03553591687300167,0.0
1522,19520,20484,391,419,4582,1.8805159495701587,0.0,1.8805159495701587,0.029728319928521218,0.0
1523,15719,16745,320,325,3713,1.515840511194526,0.0,1.515840511194526,0.02400913814865093,0.0
1524,43558,45148,889,822,10130,4.2141031128707285,0.0,4.2141031128707285,0.06469112645904629,0.0
1525,20084,21128,393,411,4849,1.932382315478297,0.0,1.932382315478297,0.030566399399090814,0.0
1526,16992,17992,354,357,3950,1.6459939445206053,0.0,1.6459939445206053,0.02599694107015136,0.0
1527,21193,22336,403,401,5132,2.069624068369225,0.0,2.069624068369225,0.03257789400643074,0.0
1528,16960,18019,338,300,3992,1.6238772275192441,0.0,1.6238772275192441,0.02569135055034712,0.0
1529,18189,19225,328,335,4361,1.7563593300934661,0.0,1.7563593300934661,0.027615326239979598,0.0
1530,16539,17539,311,328,3891,1.606842961495109,0.0,1.606842961495109,0.025120340292872315,0.0
1531,42584,44632,838,850,10198,4.083047748611887,0.0,4.083047748611887,0.06408872808895855,0.0
1532,17790,18808,330,342,4246,1.7040442713678046,0.0,1.7040442713678046,0.027118607346011358,0.0
1533,23687,24932,453,450,5731,2.2688553656173247,0.0,2.2688553656173247,0.03598198113050977,0.0
1534,18524,19520,339,379,4361,1.786393781637167,0.0,1.786393781637167,0.02814527272015703,0.0
1535,19579,20607,398,400,4573,1.8803238804774582,0.0,1.8803238804774582,0.029544941087334613,0.0
1536,17001,17982,323,310,4057,1.6305710356397056,0.0,1.6305710356397056,0.025784140473425688,0.0
1537,20572,21622,375,426,4872,1.9642564686687567,0.0,1.9642564686687567,0.03082403417803315,0.0
1538,16589,17627,344,343,3992,1.6188348423863446,0.0,1.6188348423863446,0.025367543383994915,0.0
1539,26659,27735,536,503,6286,2.576697257896739,0.0,2.576697257896739,0.04022015099074654,0.0
1540,19688,20677,367,353,4706,1.8713677814928484,0.0,1.8713677814928484,0.030121737755706476,0.0
1541,16179,17209,305,364,3717,1.5518727211086227,0.0,1.5518727211086227,0.02447689289004589,0.0
1542,19011,20034,386,386,4564,1.8276346233493972,0.0,1.8276346233493972,0.029012592741802387,0.0
1543,18426,19464,370,382,4343,1.7824937532065683,0.0,1.7824937532065683,0.0280674019704121,0.0
1544,16944,17881,358,371,3953,1.64216512223499,0.0,1.64216512223499,0.025696867549982398,0.0
1545,16533,17562,339,307,3891,1.5870368216054451,0.0,1.5870368216054451,0.025178424398557508,0.0
1546,17923,18902,362,324,4344,1.730318606107408,0.0,1.730318606107408,0.027389038531656005,0.0
1547,15519,16540,304,328,3662,1.5150544334544265,0.0,1.5150544334544265,0.02369652277995224,0.0
1548,15785,16839,307,278,3829,1.5238479628565345,0.0,1.5238479628565345,0.024161177257449828,0.0
1549,21468,22546,412,461,5143,2.0993935826279335,0.0,2.0993935826279335,0.03241570732459944,0.0
1550,16300,17310,315,330,3757,1.543338457310175,0.0,1.543338457310175,0.02468182691166133,0.0
1551,15702,16718,278,313,3768,1.4922226738134852,0.0,1.4922226738134852,0.024132408409955675,0.0
1552,18561,19616,336,385,4358,1.783111654963868,0.0,1.783111654963868,0.028156952147998748,0.0
1553,22990,24083,456,408,5498,2.2027217927512446,0.0,2.2027217927512446,0.03512245877696926,0.0
1554,19143,20201,434,388,4571,1.8670902683255544,0.0,1.8670902683255544,0.02947177190672645,0.0
1555,14774,15841,305,292,3483,1.4066762856265547,0.0,1.4066762856265547,0.02275709942602072,0.0
1556,22240,23275,481,420,5359,2.1355781673410514,0.0,2.1355781673410514,0.033846736362853826,0.0
1557,20155,21238,451,386,4784,1.9229825812281263,0.0,1.9229825812281263,0.030734534477053238,0.0
1558,20299,21358,391,353,4725,1.9538385194124437,0.0,1.9538385194124437,0.030392488237878483,0.0
1559,17052,18063,345,346,4060,1.612853970340176,0.0,1.612853970340176,0.026026040205484855,0.0
1560,16650,17710,326,320,3964,1.593270660505828,0.0,1.593270660505828,0.02548372085506584,0.0
1561,19644,20626,358,339,4702,1.8992524568361568,0.0,1.8992524568361568,0.029460061173891394,0.0
1562,19673,20733,369,357,4593,1.9109172671661334,0.0,1.9109172671661334,0.0294068981036264,0.0
1563,38492,40433,735,767,9130,3.674945479009571,0.0,3.674945479009571,0.058016917366479105,0.0
1564,22149,23169,445,445,5291,2.122283177511712,0.0,2.122283177511712,0.03351846611654558,0.0
1565,21564,22645,455,434,5084,2.06409724550353,0.0,2.06409724550353,0.032547017202620036,0.0
1566,16945,17933,329,306,4059,1.6409332793151832,0.0,1.6409332793151832,0.02593343831125771,0.0
1567,23538,24599,440,455,5518,2.2641338550355443,0.0,2.2641338550355443,0.03562390077879023,0.0
1568,17180,18213,349,319,4107,1.6460342945627773,0.0,1.6460342945627773,0.026163230948365288,0.0
1569,22268,23326,445,443,5263,2.163942822679681,0.0,2.163942822679681,0.033485218315629575,0.0
1570,16181,17258,321,372,3898,1.5429813259531835,0.0,1.5429813259531835,0.02505088485835597,0.0
1571,22096,23247,443,435,5242,2.1255652129784095,0.0,2.1255652129784095,0.03317155245263055,0.0
1572,22003,23029,462,459,5204,2.1141430332352282,0.0,2.1141430332352282,0.03358621766310812,0.0
1573,46432,48842,895,954,10874,4.448801101314985,0.0,4.448801101314985,0.0695909748667636,0.0
1574,22283,23449,459,454,5284,2.166204192318211,0.0,2.166204192318211,0.03363954014412026,0.0
1575,16772,17870,347,328,4001,1.583219142626631,0.0,1.583219142626631,0.025627888221344396,0.0
1576,18249,19304,392,363,4430,1.7564450268295309,0.0,1.7564450268295309,0.027915390140048194,0.0
1577,14592,15662,312,299,3498,1.4019946677703279,0.0,1.4019946677703279,0.022673210149915017,0.0
1578,21148,22197,410,416,5096,2.0312543613829996,0.0,2.0312543613829996,0.03212370922339664,0.0
1579,16348,17394,314,318,3913,1.5499962955113644,0.0,1.5499962955113644,0.024988291565547605,0.0
1580,43370,45353,886,836,9929,4.1668251650711765,0.0,4.1668251650711765,0.06518537234613452,0.0
1581,16303,17344,315,322,3891,1.5596708135702615,0.0,1.5596708135702615,0.024911636229140322,0.0
1582,18296,19307,356,362,4370,1.7864088536661573,0.0,1.7864088536661573,0.02803171511229566,0.0
1583,17925,18949,350,333,4232,1.6896860865357812,0.0,1.6896860865357812,0.02705936587296872,0.0
1584,15878,16958,324,292,3868,1.5367142778732465,0.0,1.5367142778732465,0.024457578655011684,0.0
1585,19690,20724,368,407,4581,1.8988237783161581,0.0,1.8988237783161581,0.02979665763250575,0.0
1586,16906,17912,343,315,3985,1.6023540772868723,0.0,1.6023540772868723,0.025640377493544815,0.0
1587,19887,20884,413,365,4858,1.913111215636334,0.0,1.913111215636334,0.030195215039945857,0.0
1588,27167,28623,535,566,6549,2.613514245891039,0.0,2.613514245891039,0.041592955628964735,0.0
1589,16880,17892,355,320,4024,1.629469698033433,0.0,1.629469698033433,0.025748093858261382,0.0
1590,15887,16908,313,288,3868,1.5293779821957492,0.0,1.5293779821957492,0.024508838636526017,0.0
1591,15233,16338,307,293,3787,1.4755972453146566,0.0,1.4755972453146566,0.023581384748349553,0.0
1592,18554,19578,359,373,4429,1.768283144320444,0.0,1.768283144320444,0.028197018358549236,0.0
1593,16036,17061,312,328,3872,1.5497028297654836,0.0,1.5497028297654836,0.02471020494131521,0.0
1594,18041,19034,369,353,4219,1.732603451012857,0.0,1.732603451012857,0.02736701417584751,0.0
1595,18842,19860,356,351,4489,1.8223794025738067,0.0,1.8223794025738067,0.028577325114570864,0.0
1596,30134,31385,592,596,7073,2.9099542442474386,0.0,2.9099542442474386,0.045508854550308106,0.0
1597,20735,21761,414,436,4907,2.0207351493388312,0.0,2.0207351493388312,0.03147270785818517,0.0
1598,17556,18559,399,348,4150,1.6914022016625576,0.0,1.6914022016625576,0.026697057048330468,0.0
1599,19052,20126,376,374,4575,1.8162520009494438,0.0,1.8162520009494438,0.029036845978093178,0.0
1600,17256,18241,365,336,4215,1.6446431976709148,0.0,1.6446431976709148,0.026403210391452107,0.0
1601,20231,21217,366,416,4804,1.938309411550505,0.0,1.938309411550505,0.030659978711846555,0.0
1602,17443,18482,350,367,4166,1.69021308086759,0.0,1.69021308086759,0.02678455006810097,0.0
1603,27937,29367,545,545,6561,2.678943785646817,0.0,2.678943785646817,0.04209578186144286,0.0
1604,15717,16750,351,325,3795,1.5064490457274813,0.0,1.5064490457274813,0.023927497921082123,0.0
1605,16560,17613,361,342,3927,1.6032013263211284,0.0,1.6032013263211284,0.02532544764925248,0.0
1606,21018,21994,402,437,4986,2.0111160752314965,0.0,2.0111160752314965,0.0321433064439699,0.0
1607,17525,18557,326,354,4211,1.70348626093511,0.0,1.70348626093511,0.026634859449009087,0.0
1608,17452,18450,324,303,4186,1.7059951805597955,0.0,1.7059951805597955,0.026398203133506982,0.0
1609,19207,20234,373,366,4606,1.8840333776265412,0.0,1.8840333776265412,0.029303630463671352,0.0
1610,16516,17541,296,337,3899,1.5724227997879878,0.0,1.5724227997879878,0.025216241316105507,0.0
1611,20237,21284,361,399,5017,1.9491571215132903,0.0,1.9491571215132903,0.031209724308687608,0.0
1612,17189,18233,356,355,3973,1.6280872386574667,0.0,1.6280872386574667,0.02606396318526844,0.0
1613,29741,31105,583,614,6938,2.843556859557569,0.0,2.843556859557569,0.04461864395301072,0.0
1614,18962,19977,372,411,4572,1.8186207914540147,0.0,1.8186207914540147,0.028982029465458824,0.0
1615,19024,20049,377,379,4562,1.8307136766213794,0.0,1.8307136766213794,0.028996275346607196,0.0
1616,15652,16632,337,333,3809,1.5145538019268978,0.0,1.5145538019268978,0.024293984000854953,0.0
1617,19432,20443,385,369,4675,1.8665153065204148,0.0,1.8665153065204148,0.029588818451779488,0.0
1618,15808,16808,308,295,3775,1.5128886542823463,0.0,1.5128886542823463,0.02411219180980764,0.0
1619,21532,22576,437,429,5124,2.0733423251151937,0.0,2.0733423251151937,0.03270782481326304,0.0
1620,15693,16742,314,319,3802,1.5130404162420352,0.0,1.5130404162420352,0.02412572224639424,0.0
1621,15896,16853,293,324,3786,1.4996659370078134,0.0,1.4996659370078134,0.024461541569911042,0.0
1622,20476,21529,407,427,4821,1.967073523768478,0.0,1.967073523768478,0.031179443284752088,0.0
1623,20981,22015,409,382,4957,2.0159501929584804,0.0,2.0159501929584804,0.03139620251487641,0.0
1624,16214,17247,341,334,3884,1.5809602319591134,0.0,1.5809602319591134,0.02500835987539541,0.0
1625,16191,17228,324,323,3876,1.56171310169892,0.0,1.56171310169892,0.024633810594055422,0.0
1626,18987,19999,374,390,4555,1.8013995859324878,0.0,1.8013995859324878,0.029040909360831802,0.0
1627,26352,27449,529,528,6140,2.5177068891430316,0.0,2.5177068891430316,0.039368500805149594,0.0
1628,16431,17432,345,311,3945,1.5740947312855578,0.0,1.5740947312855578,0.025095315426376254,0.0
1629,18410,19460,366,360,4272,1.7748785889971042,0.0,1.7748785889971042,0.027796837547812904,0.0
1630,18185,19237,340,355,4406,1.729130099661021,0.0,1.729130099661021,0.02735229511886881,0.0
1631,18908,19928,422,362,4503,1.8299735566429607,0.0,1.8299735566429607,0.02873376507473028,0.0
1632,18366,19416,377,379,4429,1.7757097389382066,0.0,1.7757097389382066,0.027983429341351854,0.0
1633,18264,19328,397,359,4340,1.7501387968769573,0.0,1.7501387968769573,0.02823747452119031,0.0
1634,17410,18396,364,353,4249,1.6765712190083761,0.0,1.6765712190083761,0.026903315818897634,0.0
1635,15612,16618,316,309,3669,1.5088045343943142,0.0,1.5088045343943142,0.023866248977465723,0.0
1636,16520,17558,330,338,3944,1.5683548286583264,0.0,1.5683548286583264,0.02509255443728051,0.0
1637,39621,41433,871,775,9283,3.838489801612518,0.0,3.838489801612518,0.059611330299403326,0.0
1638,20873,21875,424,414,4808,2.0224628710211574,0.0,2.0224628710211574,0.031069742545431756,0.0
1639,15313,16346,323,298,3614,1.4709956165849731,0.0,1.4709956165849731,0.023151880986944307,0.0
1640,19918,20930,397,402,4674,1.925802191380497,0.0,1.925802191380497,0.03020570895464138,0.0
1641,18141,19148,352,346,4324,1.7480202149106805,0.0,1.7480202149106805,0.027616445662599114,0.0
1642,14949,16010,326,309,3564,1.4468600483441374,0.0,1.4468600483441374,0.023146789287871783,0.0
1643,34136,35508,657,619,8000,3.257263958349476,0.0,3.257263958349476,0.05117580480155838,0.0
1644,18862,19911,364,406,4559,1.7909243561128634,0.0,1.7909243561128634,0.029031249449373225,0.0
1645,18260,19292,360,345,4288,1.732579973637969,0.0,1.732579973637969,0.02768049216177237,0.0
1646,15933,16985,318,319,3837,1.5382869286446768,0.0,1.5382869286446768,0.02445456344831992,0.0
1647,16224,17245,330,330,3907,1.548025656166421,0.0,1.548025656166421,0.024774463564943564,0.0
1648,19329,20373,371,346,4516,1.8649394091922293,0.0,1.8649394091922293,0.02928870147955871,0.0
1649,19198,20211,365,390,4457,1.8538057274009758,0.0,1.8538057274009758,0.02897629739903611,0.0
1650,17353,18321,375,379,4063,1.692427945767049,0.0,1.692427945767049,0.02657718707696753,0.0
1651,25968,27102,529,499,6195,2.4963558178530865,0.0,2.4963558178530865,0.03900806207648195,0.0
1652,27815,29045,538,564,6491,2.6988505000576826,0.0,2.6988505000576826,0.04170265743581316,0.0
1653,16876,17920,343,330,3960,1.6042686133858222,0.0,1.6042686133858222,0.0252310253900377,0.0
1654,17594,18591,318,358,4106,1.671765190285711,0.0,1.671765190285711,0.02651816685911318,0.0
1655,21165,22189,414,431,4979,2.0306340444504527,0.0,2.0306340444504527,0.03200340451478134,0.0
1656,16741,17690,308,314,4070,1.6063460475048492,0.0,1.6063460475048492,0.025612049599108237,0.0
1657,17887,18922,345,416,4352,1.7126727931954282,0.0,1.7126727931954282,0.027379217715033686,0.0
1658,19952,21082,379,386,4791,1.9249561954661871,0.0,1.9249561954661871,0.030417327863296883,0.0
1659,17664,18749,329,314,4284,1.6783400656994107,0.0,1.6783400656994107,0.026870909177986037,0.0
1660,26853,28027,509,543,6256,2.575866326912985,0.0,2.575866326912985,0.040496686667890434,0.0
1661,17310,18256,352,354,4093,1.671068992772343,0.0,1.671068992772343,0.02627928567496139,0.0
1662,20804,21890,441,403,4910,2.004476981248817,0.0,2.004476981248817,0.03137960201601923,0.0
1663,17104,18143,353,329,4070,1.6447612643691198,0.0,1.6447612643691198,0.0259559457308766,0.0
1664,15281,16315,284,342,3756,1.4651269906691102,0.0,1.4651269906691102,0.023512931593092177,0.0
1665,16863,17885,350,370,4021,1.6068712220278003,0.0,1.6068712220278003,0.02580860098178891,0.0
1666,16719,17782,344,340,3902,1.621075289929358,0.0,1.621075289929358,0.025451089225875717,0.0
1667,18040,19018,368,392,4283,1.7203482913968486,0.0,1.7203482913968486,0.02771863321388717,0.0
1668,19022,20051,383,379,4433,1.8290517168024327,0.0,1.8290517168024327,0.028788233371581852,0.0
1669,18558,19564,400,365,4386,1.7815316360029774,0.0,1.7815316360029774,0.028054213156855443,0.0
1670,17455,18482,336,353,4180,1.6751175782198489,0.0,1.6751175782198489,0.026689850327035032,0.0
1671,16098,17129,306,326,3837,1.5622077853973055,0.0,1.5622077853973055,0.02453290126718039,0.0
1672,16780,17711,325,340,3958,1.6410161455520773,0.0,1.6410161455520773,0.025450245594450305,0.0
1673,18719,19750,353,372,4455,1.805574594170549,0.0,1.805574594170549,0.028194502347825025,0.0
1674,20354,21382,425,377,4892,1.951346007351106,0.0,1.951346007351106,0.031122279490210118,0.0
1675,15237,16299,337,296,3638,1.4588018664148106,0.0,1.4588018664148106,0.023584394748581206,0.0
1676,17729,18758,371,386,4169,1.7116895716773903,0.0,1.7116895716773903,0.02699285502793273,0.0
1677,23088,24236,483,461,5517,2.2269821905917646,0.0,2.2269821905917646,0.035190713866388355,0.0
1678,20489,21605,349,457,4934,1.9841748549515343,0.0,1.9841748549515343,0.03115321444263518,0.0
1679,17452,18488,352,369,4105,1.6877932682185315,0.0,1.6877932682185315,0.02659478063884757,0.0
1680,16369,17423,315,344,3956,1.566828269825931,0.0,1.566828269825931,0.025151608818452565,0.0
1681,20893,21966,391,414,5074,2.004090942585879,0.0,2.004090942585879,0.03173852845496532,0.0
1682,17848,18795,331,348,4252,1.7049745675769383,0.0,1.7049745675769383,0.027191517088969826,0.0
1683,20739,21780,422,391,4937,1.992602973939709,0.0,1.992602973939709,0.03159039735639023,0.0
1684,19812,20861,342,412,4686,1.8828508102894725,0.0,1.8828508102894725,0.02992155808945195,0.0
1685,17764,18767,327,363,4300,1.6946521319248076,0.0,1.6946521319248076,0.02737099224219084,0.0
1686,19523,20521,384,366,4611,1.8618640775218824,0.0,1.8618640775218824,0.029373741271633152,0.0
1687,20790,21819,427,478,4936,2.01737582999549,0.0,2.01737582999549,0.03171715729872921,0.0
1688,19618,20674,411,386,4698,1.8795753390894478,0.0,1.8795753390894478,0.029907593820577838,0.0
1689,18748,19797,377,339,4450,1.7892304235194978,0.0,1.7892304235194978,0.02846454327599281,0.0
1690,20671,21619,438,411,4903,2.0043639336812187,0.0,2.0043639336812187,0.03131187577649027,0.0
1691,28022,29370,543,556,6716,2.6838981925453633,0.0,2.6838981925453633,0.04249060893674145,0.0
1692,16298,17388,305,348,3948,1.5557729969780436,0.0,1.5557729969780436,0.025053392513824303,0.0
1693,26445,27524,510,586,6226,2.5204449092249654,0.0,2.5204449092249654,0.03985402840940487,0.0
1694,17982,18997,346,348,4230,1.7508197879340268,0.0,1.7508197879340268,0.027544691220347573,0.0
1695,24112,25244,447,500,5635,2.330241116673038,0.0,2.330241116673038,0.03621928673463552,0.0
1696,18786,19878,378,340,4484,1.8268992393624477,0.0,1.8268992393624477,0.028645668783213965,0.0
1697,19282,20272,393,375,4595,1.8684733031759218,0.0,1.8684733031759218,0.029195455464513465,0.0
1698,33926,35844,688,631,7897,3.29102935712961,0.0,3.29102935712961,0.05139020695524951,0.0
1699,18000,18999,367,361,4331,1.7227826477599257,0.0,1.7227826477599257,0.027724559350079683,0.0
1700,20500,21551,402,442,4893,1.9361922537821465,0.0,1.9361922537821465,0.03124681587691147,0.0
1701,21344,22265,411,369,5066,2.0377704869948516,0.0,2.0377704869948516,0.03233488985365501,0.0
1702,18110,19176,327,360,4405,1.759673394143961,0.0,1.759673394143961,0.02784846692566646,0.0
1703,16320,17436,298,340,3887,1.569718213030704,0.0,1.569718213030704,0.024908066366312553,0.0
1704,43868,45787,858,893,10298,4.203196343842343,0.0,4.203196343842343,0.06567813296044417,0.0
1705,16707,17734,324,302,3999,1.5946512395726014,0.0,1.5946512395726014,0.025579574615491454,0.0
1706,21871,22874,406,429,5194,2.105037729947916,0.0,2.105037729947916,0.03307673293622953,0.0
1707,17802,18805,355,341,4205,1.7100557137745225,0.0,1.7100557137745225,0.026731756761188667,0.0
1708,17140,18200,338,355,4134,1.6427620883556266,0.0,1.6427620883556266,0.026276650690544065,0.0
1709,16046,17022,344,313,3905,1.5429979325876433,0.0,1.5429979325876433,0.02464037377351533,0.0
1710,17477,18523,385,316,4293,1.6702906976442193,0.0,1.6702906976442193,0.02696554868540321,0.0
1711,18969,20014,370,411,4569,1.8264659174975548,0.0,1.8264659174975548,0.02905872385246535,0.0
1712,19277,20348,392,374,4584,1.8625962314813058,0.0,1.8625962314813058,0.02925111477576366,0.0
1713,21912,22998,463,445,5049,2.1044098172572623,0.0,2.1044098172572623,0.03286204206533465,0.0
1714,18456,19523,406,362,4331,1.7633425207412006,0.0,1.7633425207412006,0.028280761182793393,0.0
1715,17228,18248,352,376,4018,1.6428171803266158,0.0,1.6428171803266158,0.026091783599964325,0.0
1716,18346,19363,369,362,4374,1.7571617767478667,0.0,1.7571617767478667,0.027925187949130702,0.0
1717,16991,18059,352,353,4000,1.655465212301293,0.0,1.655465212301293,0.02568743611741464,0.0
1718,17373,18373,329,335,4152,1.6561469344551387,0.0,1.6561469344551387,0.026478827823010385,0.0
1719,16808,17714,360,355,4051,1.6257387409533472,0.0,1.6257387409533472,0.025684559913411894,0.0
1720,20311,21377,436,356,4803,1.937354244248704,0.0,1.937354244248704,0.030671087504231566,0.0
1721,16878,17880,329,360,3975,1.6455795634405408,0.0,1.6455795634405408,0.025797243849197335,0.0
1722,21843,22807,429,398,5172,2.0891401134848477,0.0,2.0891401134848477,0.032790850720401395,0.0
1723,15259,16364,299,276,3755,1.4723602206847752,0.0,1.4723602206847752,0.023364868724807145,0.0
1724,42192,44327,813,863,9817,4.0395449418979545,0.0,4.0395449418979545,0.06330296732719361,0.0
1725,20392,21399,413,413,4893,1.9598107136186034,0.0,1.9598107136186034,0.031195491088931066,0.0
1726,19742,20803,407,384,4648,1.8697030138840756,0.0,1.8697030138840756,0.03001984913160686,0.0
1727,16410,17490,307,333,3999,1.5814481661240163,0.0,1.5814481661240163,0.0251413133110456,0.0
1728,16247,17305,327,345,3828,1.5713024384617535,0.0,1.5713024384617535,0.024543059531490437,0.0
1729,18595,19622,350,374,4499,1.7839855669025126,0.0,1.7839855669025126,0.02834487462608143,0.0
1730,15614,16621,322,302,3715,1.4947457940230642,0.0,1.4947457940230642,0.023746868132790217,0.0
1731,28002,29081,531,541,6630,2.6983248958598236,0.0,2.6983248958598236,0.0420012031794871,0.0
1732,18898,19930,369,350,4572,1.8310160641479862,0.0,1.8310160641479862,0.02897927472447168,0.0
1733,17575,18600,343,346,4263,1.7046241137213274,0.0,1.7046241137213274,0.026668027926865564,0.0
1734,16088,17088,328,307,3847,1.530261116998629,0.0,1.530261116998629,0.024567637055508944,0.0
1735,17710,18688,325,352,4159,1.7213473862030766,0.0,1.7213473862030766,0.026718898182172345,0.0
1736,16153,17105,338,335,3792,1.5795514898522993,0.0,1.5795514898522993,0.024664638639910058,0.0
1737,15861,16883,332,323,3891,1.5233151454913754,0.0,1.5233151454913754,0.02431415077115539,0.0
1738,18592,19689,384,361,4410,1.7761244785596189,0.0,1.7761244785596189,0.027952982521394595,0.0
1739,19618,20645,351,389,4657,1.9049979288714631,0.0,1.9049979288714631,0.029699474440745624,0.0
1740,15319,16290,308,304,3642,1.4857045016181567,0.0,1.4857045016181567,0.023389047991281522,0.0
1741,27802,28951,573,536,6531,2.653414840055341,0.0,2.653414840055341,0.04180465198936473,0.0
1742,16139,17177,309,339,3817,1.5393828924963198,0.0,1.5393828924963198,0.024682614805509703,0.0
1743,16620,17612,347,349,3917,1.6046250152204373,0.0,1.6046250152204373,0.025346211813879187,0.0
1744,16461,17560,326,303,4004,1.5771970444028947,0.0,1.5771970444028947,0.02548593417143429,0.0
1745,15369,16325,315,273,3702,1.4675834239010652,0.0,1.4675834239010652,0.023538512050130772,0.0
1746,29940,31507,574,597,7178,2.873337463983176,0.0,2.873337463983176,0.04554188678264934,0.0
1747,16445,17470,352,329,3974,1.5819156674541142,0.0,1.5819156674541142,0.025216462529237708,0.0
1748,16504,17586,338,331,3964,1.5969111806970209,0.0,1.5969111806970209,0.025443343288990866,0.0
1749,15931,16970,327,325,3820,1.5334182191143129,0.0,1.5334182191143129,0.024272875483440634,0.0
1750,16604,17657,335,328,3927,1.5811456766116616,0.0,1.5811456766116616,0.025050268927841693,0.0
1751,29481,30874,628,582,7029,2.8319142965428843,0.0,2.8319142965428843,0.044956379627333606,0.0
1752,18871,19893,343,369,4456,1.809934441248874,0.0,1.809934441248874,0.028571600081812067,0.0
1753,25057,26223,520,504,5906,2.4025953099934285,0.0,2.4025953099934285,0.037656059660239466,0.0
1754,16547,17551,314,315,4059,1.593881328832998,0.0,1.593881328832998,0.02558169913622264,0.0
1755,28357,29797,552,560,6801,2.7287776490671356,0.0,2.7287776490671356,0.042862735934277314,0.0
1756,17040,18118,343,350,4068,1.6447979913429918,0.0,1.6447979913429918,0.025707593878956173,0.0
1757,21185,22249,413,441,4986,2.072617711434621,0.0,2.072617711434621,0.03176598977193768,0.0
1758,17285,18278,399,312,4119,1.660881330358992,0.0,1.660881330358992,0.02616119513524993,0.0
1759,16870,17909,315,323,4030,1.6232292943204605,0.0,1.6232292943204605,0.025673776725951836,0.0
1760,17546,18587,337,343,4160,1.6914624964925236,0.0,1.6914624964925236,0.026648605070676075,0.0
1761,36354,37945,773,739,8477,3.4838950637720916,0.0,3.4838950637720916,0.054280619787537815,0.0
1762,16109,17165,325,294,3792,1.5500887036398086,0.0,1.5500887036398086,0.02476309755923751,0.0
1763,15899,16922,330,305,3738,1.530937266226856,0.0,1.530937266226856,0.024251702329747674,0.0
1764,17126,18170,335,324,4136,1.6326761885530676,0.0,1.6326761885530676,0.02606296744515703,0.0
1765,21513,22600,427,463,5041,2.0786221497520647,0.0,2.0786221497520647,0.03269074626550736,0.0
1766,17448,18503,342,300,4227,1.6712096744360916,0.0,1.6712096744360916,0.026725508121471113,0.0
1767,20062,21112,426,412,4819,1.9378006531249898,0.0,1.9378006531249898,0.030785865930903735,0.0
1768,18092,19150,332,357,4322,1.7335170329527811,0.0,1.7335170329527811,0.027459603514201784,0.0
1769,32208,33993,622,582,7662,3.0825703035024734,0.0,3.0825703035024734,0.04861705248474907,0.0
1770,17224,18254,390,340,4090,1.6644370770541432,0.0,1.6644370770541432,0.026250942266200034,0.0
1771,15928,16979,333,305,3812,1.5441457676695896,0.0,1.5441457676695896,0.024583683836403365,0.0
1772,17050,18082,370,340,4003,1.6384358686282823,0.0,1.6384358686282823,0.02578064234194557,0.0
1773,17232,18297,354,351,4180,1.6540042244925606,0.0,1.6540042244925606,0.026668561017953955,0.0
1774,18040,19081,355,321,4343,1.7171053769070113,0.0,1.7171053769070113,0.02748229960374972,0.0
1775,16481,17498,291,305,3920,1.5880096556352368,0.0,1.5880096556352368,0.024905536447473398,0.0
1776,22211,23248,456,431,5256,2.164573456466878,0.0,2.164573456466878,0.03334505656282425,0.0
1777,20061,21107,378,421,4761,1.9547589494941477,0.0,1.9547589494941477,0.03039027398424,0.0
1778,18674,19859,355,369,4533,1.8116002874354444,0.0,1.8116002874354444,0.028210374834622964,0.0
1779,23444,24478,466,455,5462,2.2399672738450205,0.0,2.2399672738450205,0.035023067904418045,0.0
1780,24553,25543,471,476,5942,2.34104913013751,0.0,2.34104913013751,0.037502659292389086,0.0
1781,17494,18521,368,346,4181,1.6883778583963347,0.0,1.6883778583963347,0.026776324116947494,0.0
1782,16558,17559,335,328,3823,1.603068435511456,0.0,1.603068435511456,0.024870169722231775,0.0
1783,19130,20158,372,362,4603,1.8270064008521707,0.0,1.8270064008521707,0.029082476119611653,0.0
1784,16754,17807,366,348,3930,1.6199458969895282,0.0,1.6199458969895282,0.025626262479984393,0.0
1785,17372,18381,368,349,4166,1.6859432384213056,0.0,1.6859432384213056,0.02659758423108573,0.0
1786,18594,19602,398,347,4432,1.7853234301699217,0.0,1.7853234301699217,0.028123514990749842,0.0
1787,21638,22684,410,392,5207,2.0851347128736126,0.0,2.0851347128736126,0.032902714127245054,0.0
1788,17603,18607,347,352,4161,1.7081960816813708,0.0,1.7081960816813708,0.026616159784825604,0.0
1789,17302,18352,344,382,4169,1.6500973792508702,0.0,1.6500973792508702,0.026599154133732112,0.0
1790,18335,19379,387,370,4340,1.7747003511141357,0.0,1.7747003511141357,0.027835218282184052,0.0
1791,21761,22880,439,456,5094,2.0868569889658355,0.0,2.0868569889658355,0.033175165919348513,0.0
1792,16082,17138,322,335,3842,1.56120235163144,0.0,1.56120235163144,0.02475701429706493,0.0
1793,18967,19993,367,351,4594,1.8253300986679324,0.0,1.8253300986679324,0.028959356795501105,0.0
1794,17675,18719,340,379,4178,1.7096831626557802,0.0,1.7096831626557802,0.026728574229636395,0.0
1795,17996,19003,354,354,4269,1.7317761096209547,0.0,1.7317761096209547,0.027390156934690126,0.0
1796,22579,23547,417,424,5262,2.1827370400024875,0.0,2.1827370400024875,0.033881304987957314,0.0
1797,16770,17823,363,301,4098,1.6216324531487598,0.0,1.6216324531487598,0.026010101044971017,0.0
1798,17799,18843,376,314,4271,1.7216271105606897,0.0,1.7216271105606897,0.0273473940373077,0.0
1799,18461,19460,377,338,4342,1.7708797850566638,0.0,1.7708797850566638,0.02764132315808492,0.0
1800,28328,29655,567,546,6688,2.7390198926604903,0.0,2.7390198926604903,0.0427717378767648,0.0
1801,19053,20113,364,380,4529,1.826618574795797,0.0,1.826618574795797,0.028665126786682288,0.0
1802,17066,18079,310,346,3995,1.6393630746643086,0.0,1.6393630746643086,0.025741978928694852,0.0
1803,16759,17794,321,363,4069,1.6148091837741725,0.0,1.6148091837741725,0.02600432942790109,0.0
1804,29390,30854,640,598,7024,2.8273520094559843,0.0,2.8273520094559843,0.0445894377283022,0.0
1805,16583,17693,315,319,3938,1.6137927757602857,0.0,1.6137927757602857,0.025309581647924143,0.0
1806,27993,29363,575,524,6617,2.6858553723925143,0.0,2.6858553723925143,0.042306580881494874,0.0
1807,16883,17926,361,339,4050,1.6335123148987438,0.0,1.6335123148987438,0.02596220517412122,0.0
1808,16426,17457,307,334,3917,1.5695142854696054,0.0,1.5695142854696054,0.02522212162479305,0.0
1809,19698,20692,413,366,4852,1.8814123364531143,0.0,1.8814123364531143,0.030416452827206827,0.0
1810,32707,34203,703,643,7835,3.149059560873417,0.0,3.149059560873417,0.049732450480276705,0.0
1811,15284,16314,296,311,3636,1.470786990262625,0.0,1.470786990262625,0.023328924288670533,0.0
1812,17831,18833,344,365,4186,1.7247124728251713,0.0,1.7247124728251713,0.027192860716113484,0.0
1813,21640,22589,417,430,5074,2.074017689875854,0.0,2.074017689875854,0.032260896482194025,0.0
1814,22165,23169,472,463,5138,2.130864965077794,0.0,2.130864965077794,0.0331012001007856,0.0
1815,22176,23225,475,412,5255,2.1616678979502275,0.0,2.1616678979502275,0.033502999960886695,0.0
1816,32850,34359,658,632,7758,3.136230536580381,0.0,3.136230536580381,0.049448367988305646,0.0
1817,17359,18370,334,345,4237,1.6720612857851156,0.0,1.6720612857851156,0.026709522853774457,0.0
1818,16534,17556,324,343,3876,1.5879021815564476,0.0,1.5879021815564476,0.025200831669927697,0.0
1819,34254,35647,729,647,8252,3.302349839022722,0.0,3.302349839022722,0.05218342556018725,0.0
1820,18658,19700,357,377,4355,1.7933516192623804,0.0,1.7933516192623804,0.028217076447973242,0.0
1821,17166,18186,329,351,4181,1.640400260496578,0.0,1.640400260496578,0.026378576327338654,0.0
1822,16451,17394,328,316,3842,1.5672998661881057,0.0,1.5672998661881057,0.02507595963237599,0.0
1823,30855,32062,563,575,7099,2.9824965550410254,0.0,2.9824965550410254,0.046128488577633596,0.0
1824,17784,18888,348,355,4265,1.7010388854244471,0.0,1.7010388854244471,0.027182772434992262,0.0
1825,15928,16902,352,325,3745,1.530223851333152,0.0,1.530223851333152,0.02417537265799159,0.0
1826,19941,20964,409,365,4717,1.9304288223111934,0.0,1.9304288223111934,0.030163055178418656,0.0
1827,22207,23197,423,425,5208,2.129498414593061,0.0,2.129498414593061,0.033805023681067116,0.0
1828,23863,24999,458,474,5599,2.2799569844326815,0.0,2.2799569844326815,0.03586955472758382,0.0
1829,18929,19941,370,373,4423,1.822803585812996,0.0,1.822803585812996,0.028326076712565203,0.0
1830,19532,20571,411,363,4620,1.8912590884329956,0.0,1.8912590884329956,0.02957283419417671,0.0
1831,17209,18270,329,359,4125,1.6775913604746224,0.0,1.6775913604746224,0.02632533293731311,0.0
1832,18353,19387,398,348,4371,1.7577108792012954,0.0,1.7577108792012954,0.02790260802068873,0.0
1833,18063,19089,384,375,4211,1.7620309579450664,0.0,1.7620309579450664,0.02718680896626873,0.0
1834,21387,22368,413,396,5122,2.0387168149460115,0.0,2.0387168149460115,0.03215216334415052,0.0
1835,24405,25528,500,495,5690,2.3500918818432326,0.0,2.3500918818432326,0.03679944586133742,0.0
1836,22295,23381,433,439,5338,2.132210477941711,0.0,2.132210477941711,0.033811840157532136,0.0
1837,19693,20659,426,378,4645,1.9156504040266797,0.0,1.9156504040266797,0.02976283277138104,0.0
1838,19009,20017,362,379,4566,1.8177827253990602,0.0,1.8177827253990602,0.028762834405336973,0.0
1839,21107,22188,413,442,4967,2.051630995362067,0.0,2.051630995362067,0.03189391791638286,0.0
1840,15724,16768,306,346,3819,1.5166504206738947,0.0,1.5166504206738947,0.024312121264800087,0.0
1841,18201,19235,364,362,4319,1.7549568301792897,0.0,1.7549568301792897,0.02793978251018143,0.0
1842,22049,23375,469,440,5328,2.1099342577884443,0.0,2.1099342577884443,0.033759671077264686,0.0
1843,17983,19017,363,333,4202,1.7305074285465722,0.0,1.7305074285465722,0.026923581027540642,0.0
1844,16258,17321,318,358,3836,1.5427608789167726,0.0,1.5427608789167726,0.0248771270822748,0.0
1845,17791,18834,354,376,4329,1.717163243955295,0.0,1.717163243955295,0.02730158940449524,0.0
1846,16705,17731,316,376,4036,1.5956325739086608,0.0,1.5956325739086608,0.025715458782556187,0.0
1847,15334,16334,281,280,3660,1.4659208242813568,0.0,1.4659208242813568,0.023493348573999494,0.0
1848,18813,19823,412,369,4486,1.8180446517825937,0.0,1.8180446517825937,0.028518423619715585,0.0
1849,16488,17497,325,328,3924,1.5619067000646722,0.0,1.5619067000646722,0.025242816280676362,0.0
1850,18150,19178,344,351,4366,1.7397002813265194,0.0,1.7397002813265194,0.027580262820873093,0.0
1851,18856,19893,363,383,4509,1.814721650179995,0.0,1.814721650179995,0.028310594941332378,0.0
1852,18526,19572,329,384,4473,1.7593770973414329,0.0,1.7593770973414329,0.028494654428974003,0.0
1853,17821,18865,342,338,4192,1.7120387588475714,0.0,1.7120387588475714,0.027022315091274465,0.0
1854,20279,21293,396,389,4897,1.9407105072229787,0.0,1.9407105072229787,0.030784550359414246,0.0
1855,17022,18064,304,329,4165,1.6422780545328863,0.0,1.6422780545328863,0.026214759526718315,0.0
1856,17089,18062,361,302,3960,1.6278339438591516,0.0,1.6278339438591516,0.025601426898364265,0.0
1857,20230,21325,376,399,4856,1.958038169545699,0.0,1.958038169545699,0.03083352672709737,0.0
1858,17600,18652,355,392,4182,1.696238191692222,0.0,1.696238191692222,0.026795901593798525,0.0
1859,15553,16574,314,321,3689,1.4840140596100089,0.0,1.4840140596100089,0.023557325676303708,0.0
1860,23294,24357,458,517,5487,2.21052278978416,0.0,2.21052278978416,0.03543799235420976,0.0
1861,19341,20354,362,357,4603,1.8357895711473646,0.0,1.8357895711473646,0.02927968035290487,0.0
1862,17645,18700,383,331,4164,1.7112963230116844,0.0,1.7112963230116844,0.02685015474693652,0.0
1863,30479,31597,640,586,7119,2.9454705435585966,0.0,2.9454705435585966,0.045513487013567874,0.0
1864,17096,18087,307,338,4046,1.629349754341609,0.0,1.629349754341609,0.025835724208368816,0.0
1865,20291,21319,419,427,4629,1.9286121896961874,0.0,1.9286121896961874,0.030673735740502056,0.0
1866,19516,20551,347,390,4723,1.859525987692699,0.0,1.859525987692699,0.030086050604125867,0.0
1867,19832,20848,391,373,4684,1.8886606486155637,0.0,1.8886606486155637,0.030048001111040314,0.0
1868,16223,17257,329,325,3914,1.5777266901622555,0.0,1.5777266901622555,0.025210653531763858,0.0
1869,29308,30749,598,585,6968,2.7977926013287657,0.0,2.7977926013287657,0.0446143886877608,0.0
1870,18803,19781,358,321,4476,1.8132117214897776,0.0,1.8132117214897776,0.028593373690511677,0.0
1871,18299,19335,354,366,4298,1.7586130654280459,0.0,1.7586130654280459,0.027841565092191163,0.0
1872,29800,31347,578,626,7056,2.8818228395554053,0.0,2.8818228395554053,0.04459798981621479,0.0
1873,41323,42924,839,829,9652,3.9789881988737195,0.0,3.9789881988737195,0.062151104125375424,0.0
1874,18562,19583,359,386,4403,1.79610045467628,0.0,1.79610045467628,0.028322840848729602,0.0
1875,18928,19930,419,331,4569,1.8173942243513068,0.0,1.8173942243513068,0.029191407760507725,0.0
1876,17734,18749,385,352,4227,1.6910631531231752,0.0,1.6910631531231752,0.02713942850347898,0.0
1877,20929,21888,451,431,4863,2.009848387921769,0.0,2.009848387921769,0.031681131152442955,0.0
1878,15865,16921,286,298,3787,1.5351418850368097,0.0,1.5351418850368097,0.02417729903387196,0.0
1879,22457,23477,459,418,5339,2.179212896983836,0.0,2.179212896983836,0.03363744453972937,0.0
1880,19316,20314,365,377,4529,1.842261369425361,0.0,1.842261369425361,0.029079673157367886,0.0
1881,17676,18674,337,348,4195,1.6841141689741423,0.0,1.6841141689741423,0.026436997605337673,0.0
1882,16789,17816,307,340,4077,1.5885040366952334,0.0,1.5885040366952334,0.025483506454942222,0.0
1883,16939,18047,352,342,4020,1.6337906328933829,0.0,1.6337906328933829,0.025789782041397025,0.0
1884,16493,17546,353,334,3876,1.5927673588820457,0.0,1.5927673588820457,0.025426309131133206,0.0
1885,29996,31835,572,601,7204,2.8631639811782517,0.0,2.8631639811782517,0.04589669088403569,0.0
1886,17220,18219,321,401,4025,1.6597202282039196,0.0,1.6597202282039196,0.026295830627535394,0.0
1887,17411,18489,337,326,4234,1.6634205847229566,0.0,1.6634205847229566,0.02679046657529098,0.0
1888,19564,20611,391,380,4666,1.8962402270301046,0.0,1.8962402270301046,0.029849909805683063,0.0
1889,22726,23805,432,472,5486,2.1655917478304603,0.0,2.1655917478304603,0.034421332612229176,0.0
1890,17389,18383,324,333,4156,1.6457120842050035,0.0,1.6457120842050035,0.026549189805262764,0.0
1891,18350,19347,359,368,4351,1.782391448320683,0.0,1.782391448320683,0.027653306485189745,0.0
1892,20665,21709,407,415,4906,2.0347028080278653,0.0,2.0347028080278653,0.03137521151108669,0.0
1893,19194,20235,379,337,4579,1.8498950081837469,0.0,1.8498950081837469,0.029029790720710477,0.0
1894,21204,22205,394,419,4976,2.030225933165184,0.0,2.030225933165184,0.03192194238725087,0.0
1895,17299,18287,357,344,4119,1.650473349208683,0.0,1.650473349208683,0.026251361564136138,0.0
1896,23336,24314,479,456,5463,2.235475268671712,0.0,2.235475268671712,0.03550318107377195,0.0
1897,16892,17920,345,337,4013,1.6113101298545276,0.0,1.6113101298545276,0.026013396614632374,0.0
1898,19332,20345,383,379,4573,1.8630861417311348,0.0,1.8630861417311348,0.02894547908168234,0.0
1899,22426,23463,407,495,5246,2.1464302572013847,0.0,2.1464302572013847,0.033927319619120926,0.0
1900,16456,17487,321,292,3955,1.5910581119587188,0.0,1.5910581119587188,0.025207766950534533,0.0
1901,15496,16537,300,319,3739,1.4834167099439108,0.0,1.4834167099439108,0.02391861068475782,0.0
1902,18235,19160,352,365,4390,1.7580621438595658,0.0,1.7580621438595658,0.027704409711048775,0.0
1903,18027,19100,391,358,4164,1.7137809821017889,0.0,1.7137809821017889,0.027211606822752293,0.0
1904,15871,16932,341,311,3742,1.548664897259561,0.0,1.548664897259561,0.02414771393826236,0.0
1905,25809,26858,534,503,6073,2.5191261725270064,0.0,2.5191261725270064,0.03859319764691309,0.0
1906,18040,19077,373,374,4259,1.7348243519127677,0.0,1.7348243519127677,0.027440820767027436,0.0
1907,18771,19778,368,371,4488,1.8190070923797395,0.0,1.8190070923797395,0.028551605502051002,0.0
1908,18401,19465,367,388,4422,1.77340099508425,0.0,1.77340099508425,0.028115154700674147,0.0
1909,17548,18541,332,353,4246,1.6787303090631311,0.0,1.6787303090631311,0.026815326600842355,0.0
1910,18744,19689,367,360,4453,1.8010393810790948,0.0,1.8010393810790948,0.028578829526705228,0.0
1911,16372,17380,324,344,3793,1.5854234803921572,0.0,1.5854234803921572,0.02463549488931938,0.0
1912,20053,21117,417,404,4925,1.9260412268696125,0.0,1.9260412268696125,0.031041131333265144,0.0
1913,19993,21043,402,354,4720,1.900918613144091,0.0,1.900918613144091,0.030345794021935657,0.0
1914,28162,29372,595,540,6770,2.65982238243873,0.0,2.65982238243873,0.04301693103131996,0.0
1915,16434,17504,340,320,3855,1.5823709041975351,0.0,1.5823709041975351,0.02536497166409683,0.0
1916,18170,19179,371,382,4236,1.744976079151861,0.0,1.744976079151861,0.027495797524105386,0.0
1917,19872,20902,388,434,4797,1.9178581976023261,0.0,1.9178581976023261,0.030254149225679476,0.0
1918,24298,25304,474,483,5622,2.3244165640528687,0.0,2.3244165640528687,0.0361542737765564,0.0
1919,15955,17008,313,298,3832,1.514998263707343,0.0,1.514998263707343,0.024273828282713815,0.0
1920,18225,19201,322,402,4374,1.7462361891994342,0.0,1.7462361891994342,0.02780846134844604,0.0
1921,18820,19928,362,382,4467,1.7888252132259912,0.0,1.7888252132259912,0.02874844052657598,0.0
1922,26411,27698,481,517,6175,2.503638695195023,0.0,2.503638695195023,0.039260939821327355,0.0
1923,20741,21803,404,399,4953,2.015994670775998,0.0,2.015994670775998,0.03133846758263234,0.0
1924,39923,42173,799,785,9296,3.829979990683636,0.0,3.829979990683636,0.06043971692676686,0.0
1925,20670,21619,396,453,4838,2.0012963328285354,0.0,2.0012963328285354,0.031218725397073113,0.0
1926,17707,18721,343,332,4147,1.6933338584191464,0.0,1.6933338584191464,0.026637028644061672,0.0
1927,31624,33178,622,686,7589,3.0541046528428635,0.0,3.0541046528428635,0.04773583831965201,0.0
1928,17397,18470,323,352,4208,1.6700852011973626,0.0,1.6700852011973626,0.026779342602177993,0.0
1929,37792,40171,777,726,8939,3.6179918207086956,0.0,3.6179918207086956,0.05717941297516436,0.0
1930,35066,36690,682,684,8354,3.341928318797787,0.0,3.341928318797787,0.05307751881640551,0.0
1931,16809,17861,325,309,4026,1.6277493009132091,0.0,1.6277493009132091,0.025348261021796933,0.0
1932,19783,20787,370,383,4719,1.8784308763335225,0.0,1.8784308763335225,0.03008245313952589,0.0
1933,20765,21732,415,385,4899,1.98533090089904,0.0,1.98533090089904,0.03130285566571277,0.0
1934,19432,20526,415,403,4718,1.8839321419251631,0.0,1.8839321419251631,0.029811521431691985,0.0
1935,17438,18442,347,358,4225,1.6390729377766504,0.0,1.6390729377766504,0.026584919127059826,0.0
1936,18891,19949,375,378,4478,1.821036853632159,0.0,1.821036853632159,0.028813296190416414,0.0
1937,18187,19191,375,380,4332,1.7271461354075197,0.0,1.7271461354075197,0.02791653676081428,0.0
1938,19981,21070,411,418,4681,1.9063701644757731,0.0,1.9063701644757731,0.03021725438117858,0.0
1939,16594,17540,371,329,3929,1.5693977503679675,0.0,1.5693977503679675,0.0254302281063087,0.0
1940,18329,19377,394,368,4254,1.7611844664244625,0.0,1.7611844664244625,0.02783340076460339,0.0
1941,19356,20418,403,364,4588,1.8435794038250486,0.0,1.8435794038250486,0.029204912145294852,0.0
1942,23129,24290,452,430,5531,2.224446120488207,0.0,2.224446120488207,0.03480278067222391,0.0
1943,18722,19760,368,377,4406,1.8231629872916975,0.0,1.8231629872916975,0.02869882538114061,0.0
1944,20831,21916,414,428,4967,1.995019958755267,0.0,1.995019958755267,0.031782088265017334,0.0
1945,19224,20302,386,357,4542,1.8375799549543674,0.0,1.8375799549543674,0.029512310349154275,0.0
1946,21617,22749,408,410,5141,2.0852739467677504,0.0,2.0852739467677504,0.03292819985830611,0.0
1947,24322,25395,463,490,5737,2.330503522619587,0.0,2.330503522619587,0.036446218677647406,0.0
1948,20315,21292,353,416,4857,1.9522701566793843,0.0,1.9522701566793843,0.03063874353043745,0.0
1949,18111,19169,375,396,4354,1.753888899112252,0.0,1.753888899112252,0.027656022417305994,0.0
1950,19404,20403,413,408,4556,1.8803598474577727,0.0,1.8803598474577727,0.029527297012005727,0.0
1951,31265,32511,557,639,7386,2.9739095779922957,0.0,2.9739095779922957,0.04725087429324554,0.0
1952,17379,18414,351,303,4157,1.6669563501708107,0.0,1.6669563501708107,0.026320311100354567,0.0
1953,21276,22417,426,432,4993,2.053184763895375,0.0,2.053184763895375,0.03194036639955626,0.0
1954,18906,19896,379,362,4501,1.8049437850775092,0.0,1.8049437850775092,0.02858519952620749,0.0
1955,15432,16458,312,302,3637,1.4743799146305507,0.0,1.4743799146305507,0.023325133422680295,0.0
1956,17113,18192,329,302,4116,1.6570036592298825,0.0,1.6570036592298825,0.026205279181555803,0.0
1957,18448,19461,331,423,4372,1.7690720321308937,0.0,1.7690720321308937,0.028013174915554502,0.0
1958,19815,20847,382,372,4651,1.911625787940475,0.0,1.911625787940475,0.0300947824117242,0.0
1959,21605,22666,409,419,5070,2.0622601511264533,0.0,2.0622601511264533,0.03238297130447414,0.0
1960,21018,22098,419,406,4944,2.0148167109963118,0.0,2.0148167109963118,0.03181271036246524,0.0
1961,20028,21047,370,432,4733,1.9164434556888243,0.0,1.9164434556888243,0.030666269026944717,0.0
1962,16726,17739,340,328,4016,1.6031122114590264,0.0,1.6031122114590264,0.025485101683169458,0.0
1963,20914,21948,409,487,4930,2.0188774850263,0.0,2.0188774850263,0.03174723147927621,0.0
1964,17556,18622,344,358,4200,1.6811986422730756,0.0,1.6811986422730756,0.02655989236390168,0.0
1965,21872,22854,434,418,5179,2.1130821267047333,0.0,2.1130821267047333,0.033204774127737965,0.0
1966,16749,17768,331,318,4012,1.623359372387306,0.0,1.623359372387306,0.02535342516028273,0.0
1967,17338,18406,386,339,4153,1.6525022184498863,0.0,1.6525022184498863,0.0266969283949083,0.0
1968,17177,18201,352,345,4189,1.6601316875892795,0.0,1.6601316875892795,0.02623279543460711,0.0
1969,19257,20214,396,393,4479,1.8842110907034382,0.0,1.8842110907034382,0.029075916907245095,0.0
1970,28125,29518,579,586,6591,2.7038966136162363,0.0,2.7038966136162363,0.042746541203275486,0.0
1971,18648,19669,358,319,4487,1.7808676794463258,0.0,1.7808676794463258,0.02835175368680894,0.0
1972,20115,21137,387,366,4762,1.9383363230457245,0.0,1.9383363230457245,0.030190601551168834,0.0
1973,18305,19311,342,390,4361,1.7435412898217983,0.0,1.7435412898217983,0.028084900472075403,0.0
1974,16726,17735,311,316,4008,1.595997576625455,0.0,1.595997576625455,0.02554641485711685,0.0
1975,15778,16796,304,348,3803,1.517030988144493,0.0,1.517030988144493,0.024176676704861632,0.0
1976,18656,19685,364,375,4380,1.7904139915486081,0.0,1.7904139915486081,0.02853456746740497,0.0
1977,17343,18429,314,334,4083,1.6724991923121326,0.0,1.6724991923121326,0.02638296491188166,0.0
1978,17694,18733,382,321,4176,1.717061934506691,0.0,1.717061934506691,0.02703733072742447,0.0
1979,22216,23335,448,424,5290,2.1164996216593273,0.0,2.1164996216593273,0.033996585372043066,0.0
1980,16383,17400,356,317,3885,1.5530784325605156,0.0,1.5530784325605156,0.025110707670591585,0.0
1981,22063,23162,435,431,5261,2.1456192116659163,0.0,2.1456192116659163,0.03335465795406732,0.0
1982,20235,21303,375,417,4869,1.9369433386190078,0.0,1.9369433386190078,0.03094555519087935,0.0
1983,18527,19557,365,361,4391,1.804594871286937,0.0,1.804594871286937,0.02788701428932251,0.0
1984,16884,17940,390,329,4035,1.6126443171579874,0.0,1.6126443171579874,0.025833603278034255,0.0
1985,16872,17876,347,351,4012,1.6530379012047702,0.0,1.6530379012047702,0.02575284642858934,0.0
1986,17415,18436,317,330,4131,1.677755460988803,0.0,1.677755460988803,0.026404659773763373,0.0
1987,16837,17842,336,361,3989,1.6278924318895993,0.0,1.6278924318895993,0.025603507693955044,0.0
1988,20738,21860,407,438,4912,1.9774118927765452,0.0,1.9774118927765452,0.03151946679329682,0.0
1989,17662,18681,311,391,4292,1.700250823608559,0.0,1.700250823608559,0.027027583427663995,0.0
1990,23980,25149,459,474,5606,2.3120537519604865,0.0,2.3120537519604865,0.03591928991400859,0.0
1991,16801,17838,343,339,3862,1.606681242359647,0.0,1.606681242359647,0.025441931813192344,0.0
1992,16126,17166,311,331,3837,1.5457693651429425,0.0,1.5457693651429425,0.02439406967585494,0.0
1993,17365,18356,363,324,4114,1.6795265756323552,0.0,1.6795265756323552,0.02645594828672589,0.0
1994,15504,16517,325,298,3760,1.5015960346739186,0.0,1.5015960346739186,0.023860317202848057,0.0
1995,19685,20750,415,376,4595,1.8997440981183438,0.0,1.8997440981183438,0.029747135812397085,0.0
1996,17122,18137,340,357,4002,1.6280350291408392,0.0,1.6280350291408392,0.02615110122441817,0.0
1997,16542,17570,357,379,3924,1.5794241285513122,0.0,1.5794241285513122,0.025173844499303964,0.0
1998,21460,22522,456,418,5183,2.0532131759397148,0.0,2.0532131759397148,0.03292914450927314,0.0
1999,20634,21659,396,365,4915,1.982868025370696,0.0,1.982868025370696,0.031232507088859805,0.0
