cell_id,material,x_mm,face,source_type,source,nominal_d_mm,n_photons,mean_d_direct_mm,sd_d_direct_mm,mean_tprop_ns,se_tprop_cluster_ns,var_tprop_ns2,mean_path_length_mm,mean_rho_detour,mean_v_apparent_mm_per_ns,angle_low_deg,angle_high_deg,stratum_n,stratum_mean_tprop_ns,stratum_se_cluster_ns,stratum_var_tprop_ns2
EJ200_xm650,EJ-200,-650,left,1,scintillation,50.0,22714101,52.32545387994909,18.771682029394682,0.6659218083896796,0.0002880229097776632,1.8010610731232897,126.34294974845163,2.425054762383635,120.74129342405706,0.0,15.0,972239,0.3173875024517565,0.0008606952714800413,0.7110659770792974
EJ200_xm650,EJ-200,-650,left,1,scintillation,50.0,22714101,52.32545387994909,18.771682029394682,0.6659218083896796,0.0002880229097776632,1.8010610731232897,126.34294974845163,2.425054762383635,120.74129342405706,15.0,30.0,2890621,0.3128224794939307,0.0003758593797914939,0.399984593209586
EJ200_xm650,EJ-200,-650,left,1,scintillation,50.0,22714101,52.32545387994909,18.771682029394682,0.6659218083896796,0.0002880229097776632,1.8010610731232897,126.34294974845163,2.425054762383635,120.74129342405706,30.0,39.2652479139,2519034,0.37069391962277815,0.0006032738165921269,0.9137440455520971
EJ200_xm650,EJ-200,-650,left,1,scintillation,50.0,22714101,52.32545387994909,18.771682029394682,0.6659218083896796,0.0002880229097776632,1.8010610731232897,126.34294974845163,2.425054762383635,120.74129342405706,39.2652479139,45.0,1980849,0.60464088424382,0.0015980544819181649,5.088741505098244
EJ200_xm650,EJ-200,-650,left,1,scintillation,50.0,22714101,52.32545387994909,18.771682029394682,0.6659218083896796,0.0002880229097776632,1.8010610731232897,126.34294974845163,2.425054762383635,120.74129342405706,45.0,60.0,5520635,0.5520570428194004,0.0007248244124485843,2.8305567491464583
EJ200_xm650,EJ-200,-650,left,1,scintillation,50.0,22714101,52.32545387994909,18.771682029394682,0.6659218083896796,0.0002880229097776632,1.8010610731232897,126.34294974845163,2.425054762383635,120.74129342405706,60.0,90.0,6671691,1.0454839183522895,0.00035264075091465753,0.7994204865668693
EJ200_xm650,EJ-200,-650,left,1,scintillation,50.0,22714101,52.32545387994909,18.771682029394682,0.6659218083896796,0.0002880229097776632,1.8010610731232897,126.34294974845163,2.425054762383635,120.74129342405706,90.0,120.0,1272606,0.9844564707393022,0.0006127438132825902,0.4736832048726515
EJ200_xm650,EJ-200,-650,left,1,scintillation,50.0,22714101,52.32545387994909,18.771682029394682,0.6659218083896796,0.0002880229097776632,1.8010610731232897,126.34294974845163,2.425054762383635,120.74129342405706,120.0,180.0000001,886426,0.5706266587771952,0.0020115164608362,3.657360567525733
EJ200_xm650,EJ-200,-650,right,1,scintillation,1350.0,2356969,1325.1801716151956,174.67278405321625,9.040432841607997,0.0019255025141247657,8.901742429984637,1715.3625919752778,1.3098722867099115,154.291886430045,0.0,15.0,360988,7.203839489673855,0.0008181457903854387,0.2432613421435974
EJ200_xm650,EJ-200,-650,right,1,scintillation,1350.0,2356969,1325.1801716151956,174.67278405321625,9.040432841607997,0.0019255025141247657,8.901742429984637,1715.3625919752778,1.3098722867099115,154.291886430045,15.0,30.0,670154,7.6953785755993955,0.000834067596096645,0.4776191353143986
EJ200_xm650,EJ-200,-650,right,1,scintillation,1350.0,2356969,1325.1801716151956,174.67278405321625,9.040432841607997,0.0019255025141247657,8.901742429984637,1715.3625919752778,1.3098722867099115,154.291886430045,30.0,39.2652479139,435207,8.633283676960936,0.0015600807498167635,1.039012582510935
EJ200_xm650,EJ-200,-650,right,1,scintillation,1350.0,2356969,1325.1801716151956,174.67278405321625,9.040432841607997,0.0019255025141247657,8.901742429984637,1715.3625919752778,1.3098722867099115,154.291886430045,39.2652479139,45.0,304974,9.93039535444045,0.004550862229815946,6.2170094319208715
EJ200_xm650,EJ-200,-650,right,1,scintillation,1350.0,2356969,1325.1801716151956,174.67278405321625,9.040432841607997,0.0019255025141247657,8.901742429984637,1715.3625919752778,1.3098722867099115,154.291886430045,45.0,60.0,437295,11.321498121074399,0.004212193188774078,7.889511457526282
EJ200_xm650,EJ-200,-650,right,1,scintillation,1350.0,2356969,1325.1801716151956,174.67278405321625,9.040432841607997,0.0019255025141247657,8.901742429984637,1715.3625919752778,1.3098722867099115,154.291886430045,60.0,90.0,58413,13.484229305104698,0.042359635821594445,105.40275707425084
EJ200_xm650,EJ-200,-650,right,1,scintillation,1350.0,2356969,1325.1801716151956,174.67278405321625,9.040432841607997,0.0019255025141247657,8.901742429984637,1715.3625919752778,1.3098722867099115,154.291886430045,90.0,120.0,8742,16.58611589376103,0.0963359238503789,80.04739712742179
EJ200_xm650,EJ-200,-650,right,1,scintillation,1350.0,2356969,1325.1801716151956,174.67278405321625,9.040432841607997,0.0019255025141247657,8.901742429984637,1715.3625919752778,1.3098722867099115,154.291886430045,120.0,180.0000001,81196,10.852370759390935,0.01216327183346657,12.086532166138753
EJ200_xm650,EJ-200,-650,left,2,Cherenkov,50.0,739134,52.57266889518696,2.5885513778196056,0.8742594676325333,0.002354043271893036,3.9075126785582612,165.88257146923976,3.15667581034301,102.9527314929292,0.0,15.0,1425,0.31007349139440415,0.02284331601150297,0.7354320279377529
EJ200_xm650,EJ-200,-650,left,2,Cherenkov,50.0,739134,52.57266889518696,2.5885513778196056,0.8742594676325333,0.002354043271893036,3.9075126785582612,165.88257146923976,3.15667581034301,102.9527314929292,15.0,30.0,3807,0.2912405802082746,0.007169292394684988,0.19284155848300383
EJ200_xm650,EJ-200,-650,left,2,Cherenkov,50.0,739134,52.57266889518696,2.5885513778196056,0.8742594676325333,0.002354043271893036,3.9075126785582612,165.88257146923976,3.15667581034301,102.9527314929292,30.0,39.2652479139,3378,0.4705582161366602,0.030454300880526017,2.880135899454087
EJ200_xm650,EJ-200,-650,left,2,Cherenkov,50.0,739134,52.57266889518696,2.5885513778196056,0.8742594676325333,0.002354043271893036,3.9075126785582612,165.88257146923976,3.15667581034301,102.9527314929292,39.2652479139,45.0,187641,0.8279721574317337,0.007107971998562834,9.429619512013886
EJ200_xm650,EJ-200,-650,left,2,Cherenkov,50.0,739134,52.57266889518696,2.5885513778196056,0.8742594676325333,0.002354043271893036,3.9075126785582612,165.88257146923976,3.15667581034301,102.9527314929292,45.0,60.0,196847,0.5442947297062696,0.003696485405685832,2.635304810802682
EJ200_xm650,EJ-200,-650,left,2,Cherenkov,50.0,739134,52.57266889518696,2.5885513778196056,0.8742594676325333,0.002354043271893036,3.9075126785582612,165.88257146923976,3.15667581034301,102.9527314929292,60.0,90.0,257225,1.1693634094722865,0.002080154062761157,1.119290224144169
EJ200_xm650,EJ-200,-650,left,2,Cherenkov,50.0,739134,52.57266889518696,2.5885513778196056,0.8742594676325333,0.002354043271893036,3.9075126785582612,165.88257146923976,3.15667581034301,102.9527314929292,90.0,120.0,49356,1.080001029697865,0.0031201867487968466,0.4868974001090125
EJ200_xm650,EJ-200,-650,left,2,Cherenkov,50.0,739134,52.57266889518696,2.5885513778196056,0.8742594676325333,0.002354043271893036,3.9075126785582612,165.88257146923976,3.15667581034301,102.9527314929292,120.0,180.0000001,39455,0.6705462427193155,0.012123979968997872,5.736379085504608
EJ200_xm650,EJ-200,-650,right,2,Cherenkov,1350.0,79940,1349.6285637701776,0.5637869314822008,10.817881053095212,0.013715738088124133,14.3776737994678,2052.6068150193396,1.5208547368008407,131.34926837414156,0.0,15.0,413,7.224810852589732,0.004810910272527992,0.008461121069700539
EJ200_xm650,EJ-200,-650,right,2,Cherenkov,1350.0,79940,1349.6285637701776,0.5637869314822008,10.817881053095212,0.013715738088124133,14.3776737994678,2052.6068150193396,1.5208547368008407,131.34926837414156,15.0,30.0,816,7.747343042801783,0.009942387910578132,0.0734040697828533
EJ200_xm650,EJ-200,-650,right,2,Cherenkov,1350.0,79940,1349.6285637701776,0.5637869314822008,10.817881053095212,0.013715738088124133,14.3776737994678,2052.6068150193396,1.5208547368008407,131.34926837414156,30.0,39.2652479139,662,8.740277672987466,0.016246019416107715,0.15223869005613722
EJ200_xm650,EJ-200,-650,right,2,Cherenkov,1350.0,79940,1349.6285637701776,0.5637869314822008,10.817881053095212,0.013715738088124133,14.3776737994678,2052.6068150193396,1.5208547368008407,131.34926837414156,39.2652479139,45.0,50711,9.868478144208355,0.01069904935105303,5.810255306576195
EJ200_xm650,EJ-200,-650,right,2,Cherenkov,1350.0,79940,1349.6285637701776,0.5637869314822008,10.817881053095212,0.013715738088124133,14.3776737994678,2052.6068150193396,1.5208547368008407,131.34926837414156,45.0,60.0,17404,11.664013992325895,0.017602973185141313,5.415613971075402
EJ200_xm650,EJ-200,-650,right,2,Cherenkov,1350.0,79940,1349.6285637701776,0.5637869314822008,10.817881053095212,0.013715738088124133,14.3776737994678,2052.6068150193396,1.5208547368008407,131.34926837414156,60.0,90.0,3727,19.966012966102515,0.13051071839218256,64.79274942667746
EJ200_xm650,EJ-200,-650,right,2,Cherenkov,1350.0,79940,1349.6285637701776,0.5637869314822008,10.817881053095212,0.013715738088124133,14.3776737994678,2052.6068150193396,1.5208547368008407,131.34926837414156,90.0,120.0,609,20.01752369450098,0.33420803305816166,67.1195652045302
EJ200_xm650,EJ-200,-650,right,2,Cherenkov,1350.0,79940,1349.6285637701776,0.5637869314822008,10.817881053095212,0.013715738088124133,14.3776737994678,2052.6068150193396,1.5208547368008407,131.34926837414156,120.0,180.0000001,5598,10.654657344026932,0.03576911013464483,7.195789236937387
EJ200_xm500,EJ-200,-500,left,1,scintillation,200.0,13350698,197.83469879324682,31.21004852114962,1.8142466607394656,0.0004963122724916336,3.2187388865180764,344.22022708614475,1.7518479899355237,133.3557637305582,0.0,15.0,872056,1.1197966012646658,0.0008943726441506496,0.699632317923885
EJ200_xm500,EJ-200,-500,left,1,scintillation,200.0,13350698,197.83469879324682,31.21004852114962,1.8142466607394656,0.0004963122724916336,3.2187388865180764,344.22022708614475,1.7518479899355237,133.3557637305582,15.0,30.0,2397414,1.1764416435127774,0.00044351059148026433,0.47005375145313044
EJ200_xm500,EJ-200,-500,left,1,scintillation,200.0,13350698,197.83469879324682,31.21004852114962,1.8142466607394656,0.0004963122724916336,3.2187388865180764,344.22022708614475,1.7518479899355237,133.3557637305582,30.0,39.2652479139,2103885,1.3398250182286258,0.000714623098319542,1.0282780122566113
EJ200_xm500,EJ-200,-500,left,1,scintillation,200.0,13350698,197.83469879324682,31.21004852114962,1.8142466607394656,0.0004963122724916336,3.2187388865180764,344.22022708614475,1.7518479899355237,133.3557637305582,39.2652479139,45.0,1485385,1.7435044027463669,0.002065419692205013,6.231493977040319
EJ200_xm500,EJ-200,-500,left,1,scintillation,200.0,13350698,197.83469879324682,31.21004852114962,1.8142466607394656,0.0004963122724916336,3.2187388865180764,344.22022708614475,1.7518479899355237,133.3557637305582,45.0,60.0,3480946,1.8702908073874318,0.0010200237825085184,3.641907638900087
EJ200_xm500,EJ-200,-500,left,1,scintillation,200.0,13350698,197.83469879324682,31.21004852114962,1.8142466607394656,0.0004963122724916336,3.2187388865180764,344.22022708614475,1.7518479899355237,133.3557637305582,60.0,90.0,2039824,3.041318478149625,0.0013349716351910798,3.6040346220905537
EJ200_xm500,EJ-200,-500,left,1,scintillation,200.0,13350698,197.83469879324682,31.21004852114962,1.8142466607394656,0.0004963122724916336,3.2187388865180764,344.22022708614475,1.7518479899355237,133.3557637305582,90.0,120.0,388961,3.1372527056417927,0.0026522395618377,2.827420538492918
EJ200_xm500,EJ-200,-500,left,1,scintillation,200.0,13350698,197.83469879324682,31.21004852114962,1.8142466607394656,0.0004963122724916336,3.2187388865180764,344.22022708614475,1.7518479899355237,133.3557637305582,120.0,180.0000001,582227,1.8575204004871688,0.0030263758517513565,5.23198018354217
EJ200_xm500,EJ-200,-500,right,1,scintillation,1200.0,2691218,1178.6512476979483,154.21215769188913,8.220235798463214,0.0017869877189172739,8.34103157014134,1559.7355104221938,1.340242632657255,152.53036425475332,0.0,15.0,400558,6.433449330035608,0.0008424380616737367,0.2837315708888255
EJ200_xm500,EJ-200,-500,right,1,scintillation,1200.0,2691218,1178.6512476979483,154.21215769188913,8.220235798463214,0.0017869877189172739,8.34103157014134,1559.7355104221938,1.340242632657255,152.53036425475332,15.0,30.0,782837,6.880161036049199,0.0007589783459398419,0.4513024683705069
EJ200_xm500,EJ-200,-500,right,1,scintillation,1200.0,2691218,1178.6512476979483,154.21215769188913,8.220235798463214,0.0017869877189172739,8.34103157014134,1559.7355104221938,1.340242632657255,152.53036425475332,30.0,39.2652479139,510753,7.767196353733139,0.0015593857145709798,1.214316459357697
EJ200_xm500,EJ-200,-500,right,1,scintillation,1200.0,2691218,1178.6512476979483,154.21215769188913,8.220235798463214,0.0017869877189172739,8.34103157014134,1559.7355104221938,1.340242632657255,152.53036425475332,39.2652479139,45.0,350052,9.204851274798525,0.004408781662858865,6.719361310215717
EJ200_xm500,EJ-200,-500,right,1,scintillation,1200.0,2691218,1178.6512476979483,154.21215769188913,8.220235798463214,0.0017869877189172739,8.34103157014134,1559.7355104221938,1.340242632657255,152.53036425475332,45.0,60.0,458977,10.496071977955223,0.0043169127139873935,8.640583253702303
EJ200_xm500,EJ-200,-500,right,1,scintillation,1200.0,2691218,1178.6512476979483,154.21215769188913,8.220235798463214,0.0017869877189172739,8.34103157014134,1559.7355104221938,1.340242632657255,152.53036425475332,60.0,90.0,83568,12.497608042999408,0.027752994118673054,64.3989277544446
EJ200_xm500,EJ-200,-500,right,1,scintillation,1200.0,2691218,1178.6512476979483,154.21215769188913,8.220235798463214,0.0017869877189172739,8.34103157014134,1559.7355104221938,1.340242632657255,152.53036425475332,90.0,120.0,12909,14.641051371543107,0.059845682712690466,47.16841538532037
EJ200_xm500,EJ-200,-500,right,1,scintillation,1200.0,2691218,1178.6512476979483,154.21215769188913,8.220235798463214,0.0017869877189172739,8.34103157014134,1559.7355104221938,1.340242632657255,152.53036425475332,120.0,180.0000001,91564,10.03975160901566,0.011818276960097364,12.903196992340952
EJ200_xm500,EJ-200,-500,left,2,Cherenkov,200.0,449133,200.31390229635088,0.8148570967793393,2.406904335307255,0.00418016341124317,7.464962547361757,456.68939681341226,2.2796237257457994,111.90916769096702,0.0,15.0,1145,1.119090149611394,0.025390589710136906,0.7248811421199977
EJ200_xm500,EJ-200,-500,left,2,Cherenkov,200.0,449133,200.31390229635088,0.8148570967793393,2.406904335307255,0.00418016341124317,7.464962547361757,456.68939681341226,2.2796237257457994,111.90916769096702,15.0,30.0,2937,1.15655438478423,0.008233777178719797,0.19582824388209952
EJ200_xm500,EJ-200,-500,left,2,Cherenkov,200.0,449133,200.31390229635088,0.8148570967793393,2.406904335307255,0.00418016341124317,7.464962547361757,456.68939681341226,2.2796237257457994,111.90916769096702,30.0,39.2652479139,2794,1.3853947915519678,0.025036287191329103,1.7134249496892313
EJ200_xm500,EJ-200,-500,left,2,Cherenkov,200.0,449133,200.31390229635088,0.8148570967793393,2.406904335307255,0.00418016341124317,7.464962547361757,456.68939681341226,2.2796237257457994,111.90916769096702,39.2652479139,45.0,153254,2.0121060983650616,0.008404948619368932,10.836419636447026
EJ200_xm500,EJ-200,-500,left,2,Cherenkov,200.0,449133,200.31390229635088,0.8148570967793393,2.406904335307255,0.00418016341124317,7.464962547361757,456.68939681341226,2.2796237257457994,111.90916769096702,45.0,60.0,136778,1.8765330393354216,0.004951678396487467,3.3949098499675854
EJ200_xm500,EJ-200,-500,left,2,Cherenkov,200.0,449133,200.31390229635088,0.8148570967793393,2.406904335307255,0.00418016341124317,7.464962547361757,456.68939681341226,2.2796237257457994,111.90916769096702,60.0,90.0,102635,3.6569549418019545,0.007597631876309103,5.9300718418779095
EJ200_xm500,EJ-200,-500,left,2,Cherenkov,200.0,449133,200.31390229635088,0.8148570967793393,2.406904335307255,0.00418016341124317,7.464962547361757,456.68939681341226,2.2796237257457994,111.90916769096702,90.0,120.0,19603,3.674562159698328,0.0164625287316418,5.293166132288864
EJ200_xm500,EJ-200,-500,left,2,Cherenkov,200.0,449133,200.31390229635088,0.8148570967793393,2.406904335307255,0.00418016341124317,7.464962547361757,456.68939681341226,2.2796237257457994,111.90916769096702,120.0,180.0000001,29987,2.003383359824975,0.01611489497192232,8.02241301445505
EJ200_xm500,EJ-200,-500,right,2,Cherenkov,1200.0,84492,1199.6258561298416,0.6211469864746942,10.176028347205209,0.013442155010525326,14.370105053692555,1930.820358819836,1.6095048372451315,125.85299132434787,0.0,15.0,474,6.458937439391814,0.015825407488846203,0.1130644111289385
EJ200_xm500,EJ-200,-500,right,2,Cherenkov,1200.0,84492,1199.6258561298416,0.6211469864746942,10.176028347205209,0.013442155010525326,14.370105053692555,1930.820358819836,1.6095048372451315,125.85299132434787,15.0,30.0,952,6.9418263733345675,0.014714654565080221,0.19415322450435468
EJ200_xm500,EJ-200,-500,right,2,Cherenkov,1200.0,84492,1199.6258561298416,0.6211469864746942,10.176028347205209,0.013442155010525326,14.370105053692555,1930.820358819836,1.6095048372451315,125.85299132434787,30.0,39.2652479139,677,8.021292332255356,0.05801958436298751,2.144904088791918
EJ200_xm500,EJ-200,-500,right,2,Cherenkov,1200.0,84492,1199.6258561298416,0.6211469864746942,10.176028347205209,0.013442155010525326,14.370105053692555,1930.820358819836,1.6095048372451315,125.85299132434787,39.2652479139,45.0,50646,9.281541236708044,0.012497588667398467,7.845575217289877
EJ200_xm500,EJ-200,-500,right,2,Cherenkov,1200.0,84492,1199.6258561298416,0.6211469864746942,10.176028347205209,0.013442155010525326,14.370105053692555,1930.820358819836,1.6095048372451315,125.85299132434787,45.0,60.0,18574,10.623618644132907,0.016385061766053772,5.037240752956521
EJ200_xm500,EJ-200,-500,right,2,Cherenkov,1200.0,84492,1199.6258561298416,0.6211469864746942,10.176028347205209,0.013442155010525326,14.370105053692555,1930.820358819836,1.6095048372451315,125.85299132434787,60.0,90.0,5636,16.934764251161592,0.08513533259479442,41.69746358210881
EJ200_xm500,EJ-200,-500,right,2,Cherenkov,1200.0,84492,1199.6258561298416,0.6211469864746942,10.176028347205209,0.013442155010525326,14.370105053692555,1930.820358819836,1.6095048372451315,125.85299132434787,90.0,120.0,1007,17.267546632988633,0.2265481332909753,51.67377159517446
EJ200_xm500,EJ-200,-500,right,2,Cherenkov,1200.0,84492,1199.6258561298416,0.6211469864746942,10.176028347205209,0.013442155010525326,14.370105053692555,1930.820358819836,1.6095048372451315,125.85299132434787,120.0,180.0000001,6526,9.877970609873262,0.03801902592249226,9.492316262872365
EJ200_xm200,EJ-200,-200,left,1,scintillation,500.0,7200383,492.2212087676497,65.71280558586314,3.8161350971582277,0.0008623530646348265,5.3762339351130475,724.0753409828978,1.4861272236378944,144.86782807174114,0.0,15.0,688185,2.728993900363752,0.0009938988543721071,0.6680067666813168
EJ200_xm200,EJ-200,-200,left,1,scintillation,500.0,7200383,492.2212087676497,65.71280558586314,3.8161350971582277,0.0008623530646348265,5.3762339351130475,724.0753409828978,1.4861272236378944,144.86782807174114,15.0,30.0,1705188,2.900096690154302,0.0005462260180964403,0.5201220439385157
EJ200_xm200,EJ-200,-200,left,1,scintillation,500.0,7200383,492.2212087676497,65.71280558586314,3.8161350971582277,0.0008623530646348265,5.3762339351130475,724.0753409828978,1.4861272236378944,144.86782807174114,30.0,39.2652479139,1362128,3.2869392604207786,0.0009682678952937106,1.3009840721347885
EJ200_xm200,EJ-200,-200,left,1,scintillation,500.0,7200383,492.2212087676497,65.71280558586314,3.8161350971582277,0.0008623530646348265,5.3762339351130475,724.0753409828978,1.4861272236378944,144.86782807174114,39.2652479139,45.0,894826,4.051440071223487,0.002998692415035728,7.969196688610364
EJ200_xm200,EJ-200,-200,left,1,scintillation,500.0,7200383,492.2212087676497,65.71280558586314,3.8161350971582277,0.0008623530646348265,5.3762339351130475,724.0753409828978,1.4861272236378944,144.86782807174114,45.0,60.0,1684823,4.512144114471039,0.0018574271797211445,6.02477179776011
EJ200_xm200,EJ-200,-200,left,1,scintillation,500.0,7200383,492.2212087676497,65.71280558586314,3.8161350971582277,0.0008623530646348265,5.3762339351130475,724.0753409828978,1.4861272236378944,144.86782807174114,60.0,90.0,480762,6.3662807286286345,0.0057048280160049425,15.33420291158285
EJ200_xm200,EJ-200,-200,left,1,scintillation,500.0,7200383,492.2212087676497,65.71280558586314,3.8161350971582277,0.0008623530646348265,5.3762339351130475,724.0753409828978,1.4861272236378944,144.86782807174114,90.0,120.0,84127,6.816762469860702,0.012422721372303899,13.122334067015238
EJ200_xm200,EJ-200,-200,left,1,scintillation,500.0,7200383,492.2212087676497,65.71280558586314,3.8161350971582277,0.0008623530646348265,5.3762339351130475,724.0753409828978,1.4861272236378944,144.86782807174114,120.0,180.0000001,300344,4.379983644232471,0.005092539698429847,7.869630102238919
EJ200_xm200,EJ-200,-200,right,1,scintillation,900.0,3849227,884.7506414474694,115.61470798028755,6.36632541663332,0.001389063804399797,7.488434608102928,1207.9662521977284,1.3793933304029486,150.8230671443118,0.0,15.0,508883,4.863728074210305,0.0009579253632956151,0.4631741262441267
EJ200_xm200,EJ-200,-200,right,1,scintillation,900.0,3849227,884.7506414474694,115.61470798028755,6.36632541663332,0.001389063804399797,7.488434608102928,1207.9662521977284,1.3793933304029486,150.8230671443118,15.0,30.0,1084600,5.192227006393438,0.000698865570909525,0.5281426287403193
EJ200_xm200,EJ-200,-200,right,1,scintillation,900.0,3849227,884.7506414474694,115.61470798028755,6.36632541663332,0.001389063804399797,7.488434608102928,1207.9662521977284,1.3793933304029486,150.8230671443118,30.0,39.2652479139,756729,5.882169069180515,0.001381064285302337,1.4660846180550564
EJ200_xm200,EJ-200,-200,right,1,scintillation,900.0,3849227,884.7506414474694,115.61470798028755,6.36632541663332,0.001389063804399797,7.488434608102928,1207.9662521977284,1.3793933304029486,150.8230671443118,39.2652479139,45.0,496185,7.161689340771675,0.004206232405377866,8.609956370608572
EJ200_xm200,EJ-200,-200,right,1,scintillation,900.0,3849227,884.7506414474694,115.61470798028755,6.36632541663332,0.001389063804399797,7.488434608102928,1207.9662521977284,1.3793933304029486,150.8230671443118,45.0,60.0,704254,8.083815230068952,0.0036636421360766907,9.352635537788089
EJ200_xm200,EJ-200,-200,right,1,scintillation,900.0,3849227,884.7506414474694,115.61470798028755,6.36632541663332,0.001389063804399797,7.488434608102928,1207.9662521977284,1.3793933304029486,150.8230671443118,60.0,90.0,139105,9.942181056875521,0.017242826571218322,42.04697381917508
EJ200_xm200,EJ-200,-200,right,1,scintillation,900.0,3849227,884.7506414474694,115.61470798028755,6.36632541663332,0.001389063804399797,7.488434608102928,1207.9662521977284,1.3793933304029486,150.8230671443118,90.0,120.0,22201,11.476837683444732,0.03896457538390672,34.49392838905922
EJ200_xm200,EJ-200,-200,right,1,scintillation,900.0,3849227,884.7506414474694,115.61470798028755,6.36632541663332,0.001389063804399797,7.488434608102928,1207.9662521977284,1.3793933304029486,150.8230671443118,120.0,180.0000001,137270,7.74589798427944,0.009242979914562343,11.660924124882577
EJ200_xm200,EJ-200,-200,left,2,Cherenkov,500.0,231458,499.8192959678192,0.6113409843526274,4.873809873753228,0.007548758430500318,12.212968824383953,924.7655405902909,1.8501096677729514,121.4347164656322,0.0,15.0,886,2.751763109546057,0.03153552305957377,0.8665754443073057
EJ200_xm200,EJ-200,-200,left,2,Cherenkov,500.0,231458,499.8192959678192,0.6113409843526274,4.873809873753228,0.007548758430500318,12.212968824383953,924.7655405902909,1.8501096677729514,121.4347164656322,15.0,30.0,2223,2.923545125044644,0.017313682244474597,0.6387623102992226
EJ200_xm200,EJ-200,-200,left,2,Cherenkov,500.0,231458,499.8192959678192,0.6113409843526274,4.873809873753228,0.007548758430500318,12.212968824383953,924.7655405902909,1.8501096677729514,121.4347164656322,30.0,39.2652479139,2076,3.3373156309543917,0.026885454067506587,1.4455430206673459
EJ200_xm200,EJ-200,-200,left,2,Cherenkov,500.0,231458,499.8192959678192,0.6113409843526274,4.873809873753228,0.007548758430500318,12.212968824383953,924.7655405902909,1.8501096677729514,121.4347164656322,39.2652479139,45.0,105119,4.239291874907931,0.01005781507802491,10.732759908731541
EJ200_xm200,EJ-200,-200,left,2,Cherenkov,500.0,231458,499.8192959678192,0.6113409843526274,4.873809873753228,0.007548758430500318,12.212968824383953,924.7655405902909,1.8501096677729514,121.4347164656322,45.0,60.0,70154,4.5348036682301025,0.00869588988577334,5.252741501293748
EJ200_xm200,EJ-200,-200,left,2,Cherenkov,500.0,231458,499.8192959678192,0.6113409843526274,4.873809873753228,0.007548758430500318,12.212968824383953,924.7655405902909,1.8501096677729514,121.4347164656322,60.0,90.0,28782,7.931977181045821,0.027388993175073446,21.990255405296907
EJ200_xm200,EJ-200,-200,left,2,Cherenkov,500.0,231458,499.8192959678192,0.6113409843526274,4.873809873753228,0.007548758430500318,12.212968824383953,924.7655405902909,1.8501096677729514,121.4347164656322,90.0,120.0,5385,8.10866447312319,0.06385749638456305,21.89729242496236
EJ200_xm200,EJ-200,-200,left,2,Cherenkov,500.0,231458,499.8192959678192,0.6113409843526274,4.873809873753228,0.007548758430500318,12.212968824383953,924.7655405902909,1.8501096677729514,121.4347164656322,120.0,180.0000001,16833,4.543982120191924,0.025133757776516427,10.630891928935167
EJ200_xm200,EJ-200,-200,right,2,Cherenkov,900.0,120404,899.6724259920761,1.3035971540542546,8.006269407254754,0.011326388841258124,14.292840461017306,1519.1256384161725,1.6884964282090797,124.58333727565457,0.0,15.0,646,4.869682935901582,0.021861218553164287,0.30318621958753766
EJ200_xm200,EJ-200,-200,right,2,Cherenkov,900.0,120404,899.6724259920761,1.3035971540542546,8.006269407254754,0.011326388841258124,14.292840461017306,1519.1256384161725,1.6884964282090797,124.58333727565457,15.0,30.0,1445,5.233028921914556,0.018200380181583542,0.4547844926226503
EJ200_xm200,EJ-200,-200,right,2,Cherenkov,900.0,120404,899.6724259920761,1.3035971540542546,8.006269407254754,0.011326388841258124,14.292840461017306,1519.1256384161725,1.6884964282090797,124.58333727565457,30.0,39.2652479139,1166,5.997939821034207,0.04203853842142575,2.0037007886957596
EJ200_xm200,EJ-200,-200,right,2,Cherenkov,900.0,120404,899.6724259920761,1.3035971540542546,8.006269407254754,0.011326388841258124,14.292840461017306,1519.1256384161725,1.6884964282090797,124.58333727565457,39.2652479139,45.0,68515,7.292376560302566,0.011634527315549177,9.3892066709031
EJ200_xm200,EJ-200,-200,right,2,Cherenkov,900.0,120404,899.6724259920761,1.3035971540542546,8.006269407254754,0.011326388841258124,14.292840461017306,1519.1256384161725,1.6884964282090797,124.58333727565457,45.0,60.0,29085,8.091859068269248,0.014563900680134592,6.191307403253987
EJ200_xm200,EJ-200,-200,right,2,Cherenkov,900.0,120404,899.6724259920761,1.3035971540542546,8.006269407254754,0.011326388841258124,14.292840461017306,1519.1256384161725,1.6884964282090797,124.58333727565457,60.0,90.0,8900,13.302351089178954,0.06621370409225909,38.84629479017309
EJ200_xm200,EJ-200,-200,right,2,Cherenkov,900.0,120404,899.6724259920761,1.3035971540542546,8.006269407254754,0.011326388841258124,14.292840461017306,1519.1256384161725,1.6884964282090797,124.58333727565457,90.0,120.0,1709,13.419104539173413,0.154073571612884,40.9107749578767
EJ200_xm200,EJ-200,-200,right,2,Cherenkov,900.0,120404,899.6724259920761,1.3035971540542546,8.006269407254754,0.011326388841258124,14.292840461017306,1519.1256384161725,1.6884964282090797,124.58333727565457,120.0,180.0000001,8938,7.828669336555735,0.03911087578526064,13.583984047788462
EJ200_xp0,EJ-200,0,left,1,scintillation,700.0,5124694,688.4339290213611,90.63017105602736,5.106702459278121,0.0011886185876246902,6.707197665701372,968.9576854177214,1.4216573087205637,148.51558183503315,0.0,15.0,585897,3.7954160190397523,0.0009759042654322311,0.554722852217596
EJ200_xp0,EJ-200,0,left,1,scintillation,700.0,5124694,688.4339290213611,90.63017105602736,5.106702459278121,0.0011886185876246902,6.707197665701372,968.9576854177214,1.4216573087205637,148.51558183503315,15.0,30.0,1351431,4.046129117925563,0.00066570033577825,0.5338065078055187
EJ200_xp0,EJ-200,0,left,1,scintillation,700.0,5124694,688.4339290213611,90.63017105602736,5.106702459278121,0.0011886185876246902,6.707197665701372,968.9576854177214,1.4216573087205637,148.51558183503315,30.0,39.2652479139,1003629,4.582234507253819,0.0011953673579229124,1.3984813696063298
EJ200_xp0,EJ-200,0,left,1,scintillation,700.0,5124694,688.4339290213611,90.63017105602736,5.106702459278121,0.0011886185876246902,6.707197665701372,968.9576854177214,1.4216573087205637,148.51558183503315,39.2652479139,45.0,638991,5.597219805997372,0.003705353629308627,8.589233882652593
EJ200_xp0,EJ-200,0,left,1,scintillation,700.0,5124694,688.4339290213611,90.63017105602736,5.106702459278121,0.0011886185876246902,6.707197665701372,968.9576854177214,1.4216573087205637,148.51558183503315,45.0,60.0,1059359,6.282743080515128,0.002768657671409736,7.792096369659667
EJ200_xp0,EJ-200,0,left,1,scintillation,700.0,5124694,688.4339290213611,90.63017105602736,5.106702459278121,0.0011886185876246902,6.707197665701372,968.9576854177214,1.4216573087205637,148.51558183503315,60.0,90.0,242525,8.370064986437667,0.010943754454074877,29.156507903897875
EJ200_xp0,EJ-200,0,left,1,scintillation,700.0,5124694,688.4339290213611,90.63017105602736,5.106702459278121,0.0011886185876246902,6.707197665701372,968.9576854177214,1.4216573087205637,148.51558183503315,90.0,120.0,40896,9.245214591696085,0.024061898580018476,23.49635215823575
EJ200_xp0,EJ-200,0,left,1,scintillation,700.0,5124694,688.4339290213611,90.63017105602736,5.106702459278121,0.0011886185876246902,6.707197665701372,968.9576854177214,1.4216573087205637,148.51558183503315,120.0,180.0000001,201966,6.136384452973782,0.007482686979276365,11.028256208575463
EJ200_xp0,EJ-200,0,right,1,scintillation,700.0,5122329,688.5299226162463,90.47410510928357,5.107354995586559,0.0011411695808424436,6.716476417451535,969.0813587959032,1.423405856059102,148.53299261403416,0.0,15.0,587106,3.796447850332571,0.000985085078765265,0.5648130152901931
EJ200_xp0,EJ-200,0,right,1,scintillation,700.0,5122329,688.5299226162463,90.47410510928357,5.107354995586559,0.0011411695808424436,6.716476417451535,969.0813587959032,1.423405856059102,148.53299261403416,15.0,30.0,1353266,4.046455596813113,0.0006335404381678693,0.5271598776374162
EJ200_xp0,EJ-200,0,right,1,scintillation,700.0,5122329,688.5299226162463,90.47410510928357,5.107354995586559,0.0011411695808424436,6.716476417451535,969.0813587959032,1.423405856059102,148.53299261403416,30.0,39.2652479139,1001772,4.581532593847415,0.0011739474833210774,1.3926961203606432
EJ200_xp0,EJ-200,0,right,1,scintillation,700.0,5122329,688.5299226162463,90.47410510928357,5.107354995586559,0.0011411695808424436,6.716476417451535,969.0813587959032,1.423405856059102,148.53299261403416,39.2652479139,45.0,638645,5.600111856439297,0.0037087831439757777,8.709555123856536
EJ200_xp0,EJ-200,0,right,1,scintillation,700.0,5122329,688.5299226162463,90.47410510928357,5.107354995586559,0.0011411695808424436,6.716476417451535,969.0813587959032,1.423405856059102,148.53299261403416,45.0,60.0,1057002,6.287036432047208,0.0027123110810570216,7.7659529992304
EJ200_xp0,EJ-200,0,right,1,scintillation,700.0,5122329,688.5299226162463,90.47410510928357,5.107354995586559,0.0011411695808424436,6.716476417451535,969.0813587959032,1.423405856059102,148.53299261403416,60.0,90.0,242880,8.37737752064153,0.01090610213154647,28.97172919990838
EJ200_xp0,EJ-200,0,right,1,scintillation,700.0,5122329,688.5299226162463,90.47410510928357,5.107354995586559,0.0011411695808424436,6.716476417451535,969.0813587959032,1.423405856059102,148.53299261403416,90.0,120.0,41108,9.27219952842397,0.024061925416712492,23.773016770998254
EJ200_xp0,EJ-200,0,right,1,scintillation,700.0,5122329,688.5299226162463,90.47410510928357,5.107354995586559,0.0011411695808424436,6.716476417451535,969.0813587959032,1.423405856059102,148.53299261403416,120.0,180.0000001,200550,6.129647950933105,0.007413253801431846,11.090256709987408
EJ200_xp0,EJ-200,0,left,2,Cherenkov,700.0,160521,699.7120356084267,3.4126356858482723,6.54296507272463,0.009966826645935576,15.091680974682006,1241.4748978487914,1.774200398987415,122.89591540268876,0.0,15.0,749,3.8037040471205708,0.027030226646964122,0.5237580476580188
EJ200_xp0,EJ-200,0,left,2,Cherenkov,700.0,160521,699.7120356084267,3.4126356858482723,6.54296507272463,0.009966826645935576,15.091680974682006,1241.4748978487914,1.774200398987415,122.89591540268876,15.0,30.0,1612,4.066128663356454,0.01829427154388991,0.4783012595840397
EJ200_xp0,EJ-200,0,left,2,Cherenkov,700.0,160521,699.7120356084267,3.4126356858482723,6.54296507272463,0.009966826645935576,15.091680974682006,1241.4748978487914,1.774200398987415,122.89591540268876,30.0,39.2652479139,1381,4.723141259824228,0.0430077229366406,2.3348651940516874
EJ200_xp0,EJ-200,0,left,2,Cherenkov,700.0,160521,699.7120356084267,3.4126356858482723,6.54296507272463,0.009966826645935576,15.091680974682006,1241.4748978487914,1.774200398987415,122.89591540268876,39.2652479139,45.0,81405,5.848444211752658,0.012059999986913423,11.630717083090126
EJ200_xp0,EJ-200,0,left,2,Cherenkov,700.0,160521,699.7120356084267,3.4126356858482723,6.54296507272463,0.009966826645935576,15.091680974682006,1241.4748978487914,1.774200398987415,122.89591540268876,45.0,60.0,44004,6.295827994400576,0.01183148279085772,6.0953145444520445
EJ200_xp0,EJ-200,0,left,2,Cherenkov,700.0,160521,699.7120356084267,3.4126356858482723,6.54296507272463,0.009966826645935576,15.091680974682006,1241.4748978487914,1.774200398987415,122.89591540268876,60.0,90.0,15854,10.75759832649397,0.04668922803358727,34.45984903292033
EJ200_xp0,EJ-200,0,left,2,Cherenkov,700.0,160521,699.7120356084267,3.4126356858482723,6.54296507272463,0.009966826645935576,15.091680974682006,1241.4748978487914,1.774200398987415,122.89591540268876,90.0,120.0,3063,10.910954171252369,0.10473119898959464,34.325489001260095
EJ200_xp0,EJ-200,0,left,2,Cherenkov,700.0,160521,699.7120356084267,3.4126356858482723,6.54296507272463,0.009966826645935576,15.091680974682006,1241.4748978487914,1.774200398987415,122.89591540268876,120.0,180.0000001,12453,6.2034555532224696,0.030824778591530592,11.895345306705714
EJ200_xp0,EJ-200,0,right,2,Cherenkov,700.0,160550,699.7330145258278,0.7187973557069679,6.536451003488421,0.010117092951794788,15.011499693948252,1240.2390563673287,1.7723986504478697,122.97237579811157,0.0,15.0,811,3.7862980237579777,0.02053349477031217,0.33768902895938524
EJ200_xp0,EJ-200,0,right,2,Cherenkov,700.0,160550,699.7330145258278,0.7187973557069679,6.536451003488421,0.010117092951794788,15.011499693948252,1240.2390563673287,1.7723986504478697,122.97237579811157,15.0,30.0,1692,4.077423535944713,0.017233828975295778,0.49062317938944133
EJ200_xp0,EJ-200,0,right,2,Cherenkov,700.0,160550,699.7330145258278,0.7187973557069679,6.536451003488421,0.010117092951794788,15.011499693948252,1240.2390563673287,1.7723986504478697,122.97237579811157,30.0,39.2652479139,1495,4.702944723473118,0.042597194415541856,2.620737486103316
EJ200_xp0,EJ-200,0,right,2,Cherenkov,700.0,160550,699.7330145258278,0.7187973557069679,6.536451003488421,0.010117092951794788,15.011499693948252,1240.2390563673287,1.7723986504478697,122.97237579811157,39.2652479139,45.0,81258,5.843003355805871,0.011957909335394297,11.526774998361695
EJ200_xp0,EJ-200,0,right,2,Cherenkov,700.0,160550,699.7330145258278,0.7187973557069679,6.536451003488421,0.010117092951794788,15.011499693948252,1240.2390563673287,1.7723986504478697,122.97237579811157,45.0,60.0,44284,6.285792278376231,0.011618105763750216,6.005236018268427
EJ200_xp0,EJ-200,0,right,2,Cherenkov,700.0,160550,699.7330145258278,0.7187973557069679,6.536451003488421,0.010117092951794788,15.011499693948252,1240.2390563673287,1.7723986504478697,122.97237579811157,60.0,90.0,15805,10.767864779741632,0.04723253701677353,34.79129981275851
EJ200_xp0,EJ-200,0,right,2,Cherenkov,700.0,160550,699.7330145258278,0.7187973557069679,6.536451003488421,0.010117092951794788,15.011499693948252,1240.2390563673287,1.7723986504478697,122.97237579811157,90.0,120.0,3047,10.737705495574517,0.10198404034290023,32.165856577299394
EJ200_xp0,EJ-200,0,right,2,Cherenkov,700.0,160550,699.7330145258278,0.7187973557069679,6.536451003488421,0.010117092951794788,15.011499693948252,1240.2390563673287,1.7723986504478697,122.97237579811157,120.0,180.0000001,12158,6.281619879739175,0.03240566659762771,12.650521066810256
EJ200_xp200,EJ-200,200,left,1,scintillation,900.0,3843659,884.6346147992092,115.92034575644344,6.363490186891124,0.0013895509570994275,7.431390425093966,1207.4283380039587,1.3806840585215006,150.83683446139975,0.0,15.0,508425,4.86261838447074,0.0009565844887737151,0.4656322545866445
EJ200_xp200,EJ-200,200,left,1,scintillation,900.0,3843659,884.6346147992092,115.92034575644344,6.363490186891124,0.0013895509570994275,7.431390425093966,1207.4283380039587,1.3806840585215006,150.83683446139975,15.0,30.0,1082973,5.1913509682395125,0.0006996033834852193,0.5274636763627285
EJ200_xp200,EJ-200,200,left,1,scintillation,900.0,3843659,884.6346147992092,115.92034575644344,6.363490186891124,0.0013895509570994275,7.431390425093966,1207.4283380039587,1.3806840585215006,150.83683446139975,30.0,39.2652479139,754549,5.880224382355873,0.001408759957100588,1.487736881103956
EJ200_xp200,EJ-200,200,left,1,scintillation,900.0,3843659,884.6346147992092,115.92034575644344,6.363490186891124,0.0013895509570994275,7.431390425093966,1207.4283380039587,1.3806840585215006,150.83683446139975,39.2652479139,45.0,495830,7.1626445962987,0.004256728968286288,8.728831086597054
EJ200_xp200,EJ-200,200,left,1,scintillation,900.0,3843659,884.6346147992092,115.92034575644344,6.363490186891124,0.0013895509570994275,7.431390425093966,1207.4283380039587,1.3806840585215006,150.83683446139975,45.0,60.0,704241,8.07533516301345,0.003590477346988697,9.126610232829691
EJ200_xp200,EJ-200,200,left,1,scintillation,900.0,3843659,884.6346147992092,115.92034575644344,6.363490186891124,0.0013895509570994275,7.431390425093966,1207.4283380039587,1.3806840585215006,150.83683446139975,60.0,90.0,138388,9.918521342900583,0.017455278430064464,41.74147668395658
EJ200_xp200,EJ-200,200,left,1,scintillation,900.0,3843659,884.6346147992092,115.92034575644344,6.363490186891124,0.0013895509570994275,7.431390425093966,1207.4283380039587,1.3806840585215006,150.83683446139975,90.0,120.0,22247,11.417628877222604,0.03820734726298945,31.995807053910994
EJ200_xp200,EJ-200,200,left,1,scintillation,900.0,3843659,884.6346147992092,115.92034575644344,6.363490186891124,0.0013895509570994275,7.431390425093966,1207.4283380039587,1.3806840585215006,150.83683446139975,120.0,180.0000001,137006,7.7569647648298865,0.009157594625309335,11.79815794210078
EJ200_xp200,EJ-200,200,right,1,scintillation,500.0,7187762,492.2271920094007,65.74982270668016,3.8165984782513713,0.0008706996732931361,5.3879439021141575,724.1631084499863,1.4871826210478778,144.8666165922068,0.0,15.0,684851,2.730364071321318,0.0009928863300047361,0.6774363861948745
EJ200_xp200,EJ-200,200,right,1,scintillation,500.0,7187762,492.2271920094007,65.74982270668016,3.8165984782513713,0.0008706996732931361,5.3879439021141575,724.1631084499863,1.4871826210478778,144.8666165922068,15.0,30.0,1705096,2.8996145419695973,0.0005434069229582646,0.5198836797292952
EJ200_xp200,EJ-200,200,right,1,scintillation,500.0,7187762,492.2271920094007,65.74982270668016,3.8165984782513713,0.0008706996732931361,5.3879439021141575,724.1631084499863,1.4871826210478778,144.8666165922068,30.0,39.2652479139,1361850,3.28591320578479,0.0009780796183925659,1.3105795704450038
EJ200_xp200,EJ-200,200,right,1,scintillation,500.0,7187762,492.2271920094007,65.74982270668016,3.8165984782513713,0.0008706996732931361,5.3879439021141575,724.1631084499863,1.4871826210478778,144.8666165922068,39.2652479139,45.0,889872,4.05639667635005,0.0030083004380293057,8.047178714833528
EJ200_xp200,EJ-200,200,right,1,scintillation,500.0,7187762,492.2271920094007,65.74982270668016,3.8165984782513713,0.0008706996732931361,5.3879439021141575,724.1631084499863,1.4871826210478778,144.8666165922068,45.0,60.0,1683461,4.51252197162786,0.0019065877602357057,6.0422359814201485
EJ200_xp200,EJ-200,200,right,1,scintillation,500.0,7187762,492.2271920094007,65.74982270668016,3.8165984782513713,0.0008706996732931361,5.3879439021141575,724.1631084499863,1.4871826210478778,144.8666165922068,60.0,90.0,479147,6.36656953349247,0.005562350084021361,15.2405214177802
EJ200_xp200,EJ-200,200,right,1,scintillation,500.0,7187762,492.2271920094007,65.74982270668016,3.8165984782513713,0.0008706996732931361,5.3879439021141575,724.1631084499863,1.4871826210478778,144.8666165922068,90.0,120.0,83942,6.83280330108086,0.012306700479082366,12.891123245016097
EJ200_xp200,EJ-200,200,right,1,scintillation,500.0,7187762,492.2271920094007,65.74982270668016,3.8165984782513713,0.0008706996732931361,5.3879439021141575,724.1631084499863,1.4871826210478778,144.8666165922068,120.0,180.0000001,299543,4.384867779427737,0.005177147643360176,8.035124517329283
EJ200_xp200,EJ-200,200,left,2,Cherenkov,900.0,120589,899.6737921318718,0.7635056325849612,8.007394079862628,0.011691829347234093,14.763837435707174,1519.338989437768,1.6887313635815566,124.70809637020542,0.0,15.0,740,4.854466112581657,0.017993420883443818,0.2338519791404785
EJ200_xp200,EJ-200,200,left,2,Cherenkov,900.0,120589,899.6737921318718,0.7635056325849612,8.007394079862628,0.011691829347234093,14.763837435707174,1519.338989437768,1.6887313635815566,124.70809637020542,15.0,30.0,1598,5.214916695597567,0.014069992728398569,0.3139959894790074
EJ200_xp200,EJ-200,200,left,2,Cherenkov,900.0,120589,899.6737921318718,0.7635056325849612,8.007394079862628,0.011691829347234093,14.763837435707174,1519.338989437768,1.6887313635815566,124.70809637020542,30.0,39.2652479139,1162,5.965403373179071,0.03449034424771977,1.333841959958015
EJ200_xp200,EJ-200,200,left,2,Cherenkov,900.0,120589,899.6737921318718,0.7635056325849612,8.007394079862628,0.011691829347234093,14.763837435707174,1519.338989437768,1.6887313635815566,124.70809637020542,39.2652479139,45.0,68791,7.300428784616795,0.012124100409400273,10.158295929168546
EJ200_xp200,EJ-200,200,left,2,Cherenkov,900.0,120589,899.6737921318718,0.7635056325849612,8.007394079862628,0.011691829347234093,14.763837435707174,1519.338989437768,1.6887313635815566,124.70809637020542,45.0,60.0,28691,8.104262751441055,0.014935036543325878,6.398293788565098
EJ200_xp200,EJ-200,200,left,2,Cherenkov,900.0,120589,899.6737921318718,0.7635056325849612,8.007394079862628,0.011691829347234093,14.763837435707174,1519.338989437768,1.6887313635815566,124.70809637020542,60.0,90.0,9024,13.369680792212634,0.06687196625690088,39.73417411513401
EJ200_xp200,EJ-200,200,left,2,Cherenkov,900.0,120589,899.6737921318718,0.7635056325849612,8.007394079862628,0.011691829347234093,14.763837435707174,1519.338989437768,1.6887313635815566,124.70809637020542,90.0,120.0,1688,13.33686339449305,0.15212127599981393,38.670095516097405
EJ200_xp200,EJ-200,200,left,2,Cherenkov,900.0,120589,899.6737921318718,0.7635056325849612,8.007394079862628,0.011691829347234093,14.763837435707174,1519.338989437768,1.6887313635815566,124.70809637020542,120.0,180.0000001,8895,7.7416841114159265,0.036099148482541754,11.75482133320046
EJ200_xp200,EJ-200,200,right,2,Cherenkov,500.0,231395,499.82276344061376,0.6538787458997193,4.8742110154730325,0.007567819298142532,12.06149418561942,924.8416658544053,1.8502520745955224,121.26618277553557,0.0,15.0,927,2.747938893319854,0.0301825930325544,0.836035584126801
EJ200_xp200,EJ-200,200,right,2,Cherenkov,500.0,231395,499.82276344061376,0.6538787458997193,4.8742110154730325,0.007567819298142532,12.06149418561942,924.8416658544053,1.8502520745955224,121.26618277553557,15.0,30.0,2033,2.9146336834082893,0.015375661316058328,0.4664667844625079
EJ200_xp200,EJ-200,200,right,2,Cherenkov,500.0,231395,499.82276344061376,0.6538787458997193,4.8742110154730325,0.007567819298142532,12.06149418561942,924.8416658544053,1.8502520745955224,121.26618277553557,30.0,39.2652479139,1841,3.408741506609515,0.03897256936588815,2.2703669333662173
EJ200_xp200,EJ-200,200,right,2,Cherenkov,500.0,231395,499.82276344061376,0.6538787458997193,4.8742110154730325,0.007567819298142532,12.06149418561942,924.8416658544053,1.8502520745955224,121.26618277553557,39.2652479139,45.0,104727,4.250618526067441,0.010299687558517364,10.900106509971994
EJ200_xp200,EJ-200,200,right,2,Cherenkov,500.0,231395,499.82276344061376,0.6538787458997193,4.8742110154730325,0.007567819298142532,12.06149418561942,924.8416658544053,1.8502520745955224,121.26618277553557,45.0,60.0,71024,4.516780156084364,0.00823894678949444,4.77038273937524
EJ200_xp200,EJ-200,200,right,2,Cherenkov,500.0,231395,499.82276344061376,0.6538787458997193,4.8742110154730325,0.007567819298142532,12.06149418561942,924.8416658544053,1.8502520745955224,121.26618277553557,60.0,90.0,28928,7.9254838367318525,0.02758191551288893,21.915001217925955
EJ200_xp200,EJ-200,200,right,2,Cherenkov,500.0,231395,499.82276344061376,0.6538787458997193,4.8742110154730325,0.007567819298142532,12.06149418561942,924.8416658544053,1.8502520745955224,121.26618277553557,90.0,120.0,5357,8.013253191937073,0.06259899746023377,20.686335844165058
EJ200_xp200,EJ-200,200,right,2,Cherenkov,500.0,231395,499.82276344061376,0.6538787458997193,4.8742110154730325,0.007567819298142532,12.06149418561942,924.8416658544053,1.8502520745955224,121.26618277553557,120.0,180.0000001,16558,4.527724436275575,0.024938514457726994,10.272645062490387
EJ200_xp500,EJ-200,500,left,1,scintillation,1200.0,2691350,1178.530180869747,154.65191602706852,8.217865711057263,0.0017841166101428118,8.380053635220236,1559.2862398882341,1.3433703090607771,152.5497428141089,0.0,15.0,401169,6.433568057432441,0.0008645810588138139,0.2912181722009137
EJ200_xp500,EJ-200,500,left,1,scintillation,1200.0,2691350,1178.530180869747,154.65191602706852,8.217865711057263,0.0017841166101428118,8.380053635220236,1559.2862398882341,1.3433703090607771,152.5497428141089,15.0,30.0,782564,6.882239630939295,0.0007732390492205337,0.4533543231124497
EJ200_xp500,EJ-200,500,left,1,scintillation,1200.0,2691350,1178.530180869747,154.65191602706852,8.217865711057263,0.0017841166101428118,8.380053635220236,1559.2862398882341,1.3433703090607771,152.5497428141089,30.0,39.2652479139,511980,7.768893228710026,0.0015843015192087326,1.2443421991291999
EJ200_xp500,EJ-200,500,left,1,scintillation,1200.0,2691350,1178.530180869747,154.65191602706852,8.217865711057263,0.0017841166101428118,8.380053635220236,1559.2862398882341,1.3433703090607771,152.5497428141089,39.2652479139,45.0,349291,9.216525907731766,0.004475774489295349,6.979762205666219
EJ200_xp500,EJ-200,500,left,1,scintillation,1200.0,2691350,1178.530180869747,154.65191602706852,8.217865711057263,0.0017841166101428118,8.380053635220236,1559.2862398882341,1.3433703090607771,152.5497428141089,45.0,60.0,458460,10.491412726344656,0.004328788876112888,8.56921975848509
EJ200_xp500,EJ-200,500,left,1,scintillation,1200.0,2691350,1178.530180869747,154.65191602706852,8.217865711057263,0.0017841166101428118,8.380053635220236,1559.2862398882341,1.3433703090607771,152.5497428141089,60.0,90.0,83739,12.447098570403178,0.027844575065367864,65.74292137063532
EJ200_xp500,EJ-200,500,left,1,scintillation,1200.0,2691350,1178.530180869747,154.65191602706852,8.217865711057263,0.0017841166101428118,8.380053635220236,1559.2862398882341,1.3433703090607771,152.5497428141089,90.0,120.0,12753,14.69331015371054,0.06326255801393611,50.531223039051696
EJ200_xp500,EJ-200,500,left,1,scintillation,1200.0,2691350,1178.530180869747,154.65191602706852,8.217865711057263,0.0017841166101428118,8.380053635220236,1559.2862398882341,1.3433703090607771,152.5497428141089,120.0,180.0000001,91394,10.00131175685209,0.011572348191445793,12.154893033463154
EJ200_xp500,EJ-200,500,right,1,scintillation,200.0,13338149,197.82834129450336,31.426059572245684,1.8143046663995657,0.0004972768658718427,3.212024900374567,344.23128182539574,1.7537123752213606,133.3468168573703,0.0,15.0,870048,1.1199345053293017,0.0009001983574694492,0.6991518510536012
EJ200_xp500,EJ-200,500,right,1,scintillation,200.0,13338149,197.82834129450336,31.426059572245684,1.8143046663995657,0.0004972768658718427,3.212024900374567,344.23128182539574,1.7537123752213606,133.3468168573703,15.0,30.0,2394519,1.1752292699724303,0.0004372617813052204,0.4532362595650212
EJ200_xp500,EJ-200,500,right,1,scintillation,200.0,13338149,197.82834129450336,31.426059572245684,1.8143046663995657,0.0004972768658718427,3.212024900374567,344.23128182539574,1.7537123752213606,133.3468168573703,30.0,39.2652479139,2103243,1.3401146140570952,0.0006945758583802215,1.0327921735309888
EJ200_xp500,EJ-200,500,right,1,scintillation,200.0,13338149,197.82834129450336,31.426059572245684,1.8143046663995657,0.0004972768658718427,3.212024900374567,344.23128182539574,1.7537123752213606,133.3468168573703,39.2652479139,45.0,1482149,1.7474568091275975,0.0020445359047605778,6.257332171711385
EJ200_xp500,EJ-200,500,right,1,scintillation,200.0,13338149,197.82834129450336,31.426059572245684,1.8143046663995657,0.0004972768658718427,3.212024900374567,344.23128182539574,1.7537123752213606,133.3468168573703,45.0,60.0,3481947,1.8697456568195625,0.0010304193881573746,3.645438973740925
EJ200_xp500,EJ-200,500,right,1,scintillation,200.0,13338149,197.82834129450336,31.426059572245684,1.8143046663995657,0.0004972768658718427,3.212024900374567,344.23128182539574,1.7537123752213606,133.3468168573703,60.0,90.0,2037752,3.041236446428942,0.001328890532668411,3.5789182495975513
EJ200_xp500,EJ-200,500,right,1,scintillation,200.0,13338149,197.82834129450336,31.426059572245684,1.8143046663995657,0.0004972768658718427,3.212024900374567,344.23128182539574,1.7537123752213606,133.3468168573703,90.0,120.0,388623,3.1424481677762226,0.0027781884693640394,2.958595850618968
EJ200_xp500,EJ-200,500,right,1,scintillation,200.0,13338149,197.82834129450336,31.426059572245684,1.8143046663995657,0.0004972768658718427,3.212024900374567,344.23128182539574,1.7537123752213606,133.3468168573703,120.0,180.0000001,579868,1.8513071416508984,0.002919707459454512,5.043993776339725
EJ200_xp500,EJ-200,500,left,2,Cherenkov,1200.0,84615,1199.6348114592388,0.43890888050444715,10.171828029216647,0.013636313485282617,14.390034003852875,1930.0233344414785,1.6088311567025333,125.89182140141257,0.0,15.0,495,6.46089570134335,0.016051695461144266,0.1240139627578074
EJ200_xp500,EJ-200,500,left,2,Cherenkov,1200.0,84615,1199.6348114592388,0.43890888050444715,10.171828029216647,0.013636313485282617,14.390034003852875,1930.0233344414785,1.6088311567025333,125.89182140141257,15.0,30.0,938,6.926322952054356,0.013467026124972326,0.15438046180162956
EJ200_xp500,EJ-200,500,left,2,Cherenkov,1200.0,84615,1199.6348114592388,0.43890888050444715,10.171828029216647,0.013636313485282617,14.390034003852875,1930.0233344414785,1.6088311567025333,125.89182140141257,30.0,39.2652479139,727,7.99836478045926,0.05089713612451663,1.7976522567484778
EJ200_xp500,EJ-200,500,left,2,Cherenkov,1200.0,84615,1199.6348114592388,0.43890888050444715,10.171828029216647,0.013636313485282617,14.390034003852875,1930.0233344414785,1.6088311567025333,125.89182140141257,39.2652479139,45.0,50703,9.271694975953157,0.012168596949205331,7.51857882129967
EJ200_xp500,EJ-200,500,left,2,Cherenkov,1200.0,84615,1199.6348114592388,0.43890888050444715,10.171828029216647,0.013636313485282617,14.390034003852875,1930.0233344414785,1.6088311567025333,125.89182140141257,45.0,60.0,18657,10.665315425170755,0.018166748176888264,6.120523792287074
EJ200_xp500,EJ-200,500,left,2,Cherenkov,1200.0,84615,1199.6348114592388,0.43890888050444715,10.171828029216647,0.013636313485282617,14.390034003852875,1930.0233344414785,1.6088311567025333,125.89182140141257,60.0,90.0,5641,16.912844050079723,0.08552699894887074,41.27131482536828
EJ200_xp500,EJ-200,500,left,2,Cherenkov,1200.0,84615,1199.6348114592388,0.43890888050444715,10.171828029216647,0.013636313485282617,14.390034003852875,1930.0233344414785,1.6088311567025333,125.89182140141257,90.0,120.0,928,17.322814479243007,0.22494328150701356,47.233033041257556
EJ200_xp500,EJ-200,500,left,2,Cherenkov,1200.0,84615,1199.6348114592388,0.43890888050444715,10.171828029216647,0.013636313485282617,14.390034003852875,1930.0233344414785,1.6088311567025333,125.89182140141257,120.0,180.0000001,6526,9.900845513205606,0.041474076790698415,11.343262602679602
EJ200_xp500,EJ-200,500,right,2,Cherenkov,200.0,448235,200.3064455724185,0.9503017875713851,2.41491599883106,0.004312778605339057,7.764381124915223,458.20946637688854,2.287284421389756,111.8790514934017,0.0,15.0,1112,1.1186500587611445,0.025771056017512724,0.7339440086534668
EJ200_xp500,EJ-200,500,right,2,Cherenkov,200.0,448235,200.3064455724185,0.9503017875713851,2.41491599883106,0.004312778605339057,7.764381124915223,458.20946637688854,2.287284421389756,111.8790514934017,15.0,30.0,2982,1.1680093370741906,0.01120534279208805,0.37008894281455085
EJ200_xp500,EJ-200,500,right,2,Cherenkov,200.0,448235,200.3064455724185,0.9503017875713851,2.41491599883106,0.004312778605339057,7.764381124915223,458.20946637688854,2.287284421389756,111.8790514934017,30.0,39.2652479139,2812,1.3563847192163876,0.021343805150363583,1.2651628199294596
EJ200_xp500,EJ-200,500,right,2,Cherenkov,200.0,448235,200.3064455724185,0.9503017875713851,2.41491599883106,0.004312778605339057,7.764381124915223,458.20946637688854,2.287284421389756,111.8790514934017,39.2652479139,45.0,152682,2.013202384905815,0.00855281174262385,11.029595191277744
EJ200_xp500,EJ-200,500,right,2,Cherenkov,200.0,448235,200.3064455724185,0.9503017875713851,2.41491599883106,0.004312778605339057,7.764381124915223,458.20946637688854,2.287284421389756,111.8790514934017,45.0,60.0,136906,1.895189728281263,0.005318738620176905,3.8307138427295175
EJ200_xp500,EJ-200,500,right,2,Cherenkov,200.0,448235,200.3064455724185,0.9503017875713851,2.41491599883106,0.004312778605339057,7.764381124915223,458.20946637688854,2.287284421389756,111.8790514934017,60.0,90.0,102434,3.6544112760915817,0.007659190302449829,5.993369889045566
EJ200_xp500,EJ-200,500,right,2,Cherenkov,200.0,448235,200.3064455724185,0.9503017875713851,2.41491599883106,0.004312778605339057,7.764381124915223,458.20946637688854,2.287284421389756,111.8790514934017,90.0,120.0,19594,3.671194364389998,0.017343869711741206,5.870118355320777
EJ200_xp500,EJ-200,500,right,2,Cherenkov,200.0,448235,200.3064455724185,0.9503017875713851,2.41491599883106,0.004312778605339057,7.764381124915223,458.20946637688854,2.287284421389756,111.8790514934017,120.0,180.0000001,29713,2.0461352840110014,0.01752503373580713,9.213593533634834
EJ200_xp650,EJ-200,650,left,1,scintillation,1350.0,2369762,1325.3379493073917,174.16102395932546,9.042127027280232,0.0019709459199381235,8.863921905537268,1715.6841902446033,1.314544636195185,154.28020793095436,0.0,15.0,362776,7.2037129961344455,0.0008277662229519965,0.24990405577529629
EJ200_xp650,EJ-200,650,left,1,scintillation,1350.0,2369762,1325.3379493073917,174.16102395932546,9.042127027280232,0.0019709459199381235,8.863921905537268,1715.6841902446033,1.314544636195185,154.28020793095436,15.0,30.0,673867,7.696142138660121,0.0008407695183297576,0.4696667171110107
EJ200_xp650,EJ-200,650,left,1,scintillation,1350.0,2369762,1325.3379493073917,174.16102395932546,9.042127027280232,0.0019709459199381235,8.863921905537268,1715.6841902446033,1.314544636195185,154.28020793095436,30.0,39.2652479139,437878,8.63321736507054,0.0015696218807358005,1.0824581845162982
EJ200_xp650,EJ-200,650,left,1,scintillation,1350.0,2369762,1325.3379493073917,174.16102395932546,9.042127027280232,0.0019709459199381235,8.863921905537268,1715.6841902446033,1.314544636195185,154.28020793095436,39.2652479139,45.0,306130,9.932270503133282,0.004426468213424051,6.053741106772819
EJ200_xp650,EJ-200,650,left,1,scintillation,1350.0,2369762,1325.3379493073917,174.16102395932546,9.042127027280232,0.0019709459199381235,8.863921905537268,1715.6841902446033,1.314544636195185,154.28020793095436,45.0,60.0,439855,11.336040307699259,0.00426252149549808,8.124977208409263
EJ200_xp650,EJ-200,650,left,1,scintillation,1350.0,2369762,1325.3379493073917,174.16102395932546,9.042127027280232,0.0019709459199381235,8.863921905537268,1715.6841902446033,1.314544636195185,154.28020793095436,60.0,90.0,58497,13.449376883374285,0.043441122364720926,104.24813982712121
EJ200_xp650,EJ-200,650,left,1,scintillation,1350.0,2369762,1325.3379493073917,174.16102395932546,9.042127027280232,0.0019709459199381235,8.863921905537268,1715.6841902446033,1.314544636195185,154.28020793095436,90.0,120.0,8729,16.63248152793962,0.09619369145663134,81.40643812595977
EJ200_xp650,EJ-200,650,left,1,scintillation,1350.0,2369762,1325.3379493073917,174.16102395932546,9.042127027280232,0.0019709459199381235,8.863921905537268,1715.6841902446033,1.314544636195185,154.28020793095436,120.0,180.0000001,82030,10.839565587343289,0.011391868271869578,11.056908210622112
EJ200_xp650,EJ-200,650,right,1,scintillation,50.0,22834156,52.31087882036101,18.793604370238352,0.6656365807009449,0.0002860888097990507,1.8006599644345456,126.28888311262024,2.4248447579361665,120.73966196667917,0.0,15.0,978295,0.31849978181408417,0.0008581849400200452,0.726350751087383
EJ200_xp650,EJ-200,650,right,1,scintillation,50.0,22834156,52.31087882036101,18.793604370238352,0.6656365807009449,0.0002860888097990507,1.8006599644345456,126.28888311262024,2.4248447579361665,120.73966196667917,15.0,30.0,2906509,0.31284526846024435,0.0003659700391423578,0.4009842387164865
EJ200_xp650,EJ-200,650,right,1,scintillation,50.0,22834156,52.31087882036101,18.793604370238352,0.6656365807009449,0.0002860888097990507,1.8006599644345456,126.28888311262024,2.4248447579361665,120.73966196667917,30.0,39.2652479139,2530302,0.37034597287767645,0.000611405579464801,0.9143501431810184
EJ200_xp650,EJ-200,650,right,1,scintillation,50.0,22834156,52.31087882036101,18.793604370238352,0.6656365807009449,0.0002860888097990507,1.8006599644345456,126.28888311262024,2.4248447579361665,120.73966196667917,39.2652479139,45.0,1991093,0.6031093594995924,0.0015880374859159616,5.08182602102612
EJ200_xp650,EJ-200,650,right,1,scintillation,50.0,22834156,52.31087882036101,18.793604370238352,0.6656365807009449,0.0002860888097990507,1.8006599644345456,126.28888311262024,2.4248447579361665,120.73966196667917,45.0,60.0,5551284,0.5515953921015192,0.0007195965920156148,2.837791217166026
EJ200_xp650,EJ-200,650,right,1,scintillation,50.0,22834156,52.31087882036101,18.793604370238352,0.6656365807009449,0.0002860888097990507,1.8006599644345456,126.28888311262024,2.4248447579361665,120.73966196667917,60.0,90.0,6706979,1.0454527761148105,0.00037337107612217757,0.7983960668560541
EJ200_xp650,EJ-200,650,right,1,scintillation,50.0,22834156,52.31087882036101,18.793604370238352,0.6656365807009449,0.0002860888097990507,1.8006599644345456,126.28888311262024,2.4248447579361665,120.73966196667917,90.0,120.0,1281933,0.9858535606447714,0.0006468599178593338,0.5108959276465015
EJ200_xp650,EJ-200,650,right,1,scintillation,50.0,22834156,52.31087882036101,18.793604370238352,0.6656365807009449,0.0002860888097990507,1.8006599644345456,126.28888311262024,2.4248447579361665,120.73966196667917,120.0,180.0000001,887761,0.5663129025694169,0.0020133821986631113,3.5565613851326683
EJ200_xp650,EJ-200,650,left,2,Cherenkov,1350.0,79783,1349.6300294970692,0.4428791268323574,10.821941918143294,0.013804453930047754,14.243770763891519,2053.377311592191,1.5214240912288197,131.33420369517802,0.0,15.0,448,7.224492161574927,0.005237534390384527,0.011900516020645568
EJ200_xp650,EJ-200,650,left,2,Cherenkov,1350.0,79783,1349.6300294970692,0.4428791268323574,10.821941918143294,0.013804453930047754,14.243770763891519,2053.377311592191,1.5214240912288197,131.33420369517802,15.0,30.0,851,7.770904652120248,0.022625843917427377,0.42423798297350857
EJ200_xp650,EJ-200,650,left,2,Cherenkov,1350.0,79783,1349.6300294970692,0.4428791268323574,10.821941918143294,0.013804453930047754,14.243770763891519,2053.377311592191,1.5214240912288197,131.33420369517802,30.0,39.2652479139,625,8.87059073211856,0.05800863904146518,2.05317937425977
EJ200_xp650,EJ-200,650,left,2,Cherenkov,1350.0,79783,1349.6300294970692,0.4428791268323574,10.821941918143294,0.013804453930047754,14.243770763891519,2053.377311592191,1.5214240912288197,131.33420369517802,39.2652479139,45.0,50685,9.847380689290262,0.01024410468727151,5.340848256188735
EJ200_xp650,EJ-200,650,left,2,Cherenkov,1350.0,79783,1349.6300294970692,0.4428791268323574,10.821941918143294,0.013804453930047754,14.243770763891519,2053.377311592191,1.5214240912288197,131.33420369517802,45.0,60.0,17341,11.669693174635219,0.016762589105766806,4.876429685683348
EJ200_xp650,EJ-200,650,left,2,Cherenkov,1350.0,79783,1349.6300294970692,0.4428791268323574,10.821941918143294,0.013804453930047754,14.243770763891519,2053.377311592191,1.5214240912288197,131.33420369517802,60.0,90.0,3669,20.00679727318832,0.13026067453448786,61.17294534622732
EJ200_xp650,EJ-200,650,left,2,Cherenkov,1350.0,79783,1349.6300294970692,0.4428791268323574,10.821941918143294,0.013804453930047754,14.243770763891519,2053.377311592191,1.5214240912288197,131.33420369517802,90.0,120.0,674,20.33841707406651,0.3172258575942487,67.28425027857918
EJ200_xp650,EJ-200,650,left,2,Cherenkov,1350.0,79783,1349.6300294970692,0.4428791268323574,10.821941918143294,0.013804453930047754,14.243770763891519,2053.377311592191,1.5214240912288197,131.33420369517802,120.0,180.0000001,5490,10.823604484341992,0.045203219590251344,11.373669860034596
EJ200_xp650,EJ-200,650,right,2,Cherenkov,50.0,741707,52.57067659189805,2.621681500714946,0.871407008297065,0.0023446468998317986,3.8222627129909146,165.34125718565065,3.146009405966207,102.99989777106892,0.0,15.0,1440,0.3085494068900151,0.022468186768572245,0.7147014588321288
EJ200_xp650,EJ-200,650,right,2,Cherenkov,50.0,741707,52.57067659189805,2.621681500714946,0.871407008297065,0.0023446468998317986,3.8222627129909146,165.34125718565065,3.146009405966207,102.99989777106892,15.0,30.0,3811,0.3026974322301761,0.010086674684099342,0.37920616794740514
EJ200_xp650,EJ-200,650,right,2,Cherenkov,50.0,741707,52.57067659189805,2.621681500714946,0.871407008297065,0.0023446468998317986,3.8222627129909146,165.34125718565065,3.146009405966207,102.99989777106892,30.0,39.2652479139,3299,0.39484378443628926,0.021468139178265948,1.4917498569652767
EJ200_xp650,EJ-200,650,right,2,Cherenkov,50.0,741707,52.57067659189805,2.621681500714946,0.871407008297065,0.0023446468998317986,3.8222627129909146,165.34125718565065,3.146009405966207,102.99989777106892,39.2652479139,45.0,187982,0.8196776968806212,0.007103363527337492,9.18070302546324
EJ200_xp650,EJ-200,650,right,2,Cherenkov,50.0,741707,52.57067659189805,2.621681500714946,0.871407008297065,0.0023446468998317986,3.8222627129909146,165.34125718565065,3.146009405966207,102.99989777106892,45.0,60.0,197544,0.5424788850514681,0.0036125571940788066,2.586947641093797
EJ200_xp650,EJ-200,650,right,2,Cherenkov,50.0,741707,52.57067659189805,2.621681500714946,0.871407008297065,0.0023446468998317986,3.8222627129909146,165.34125718565065,3.146009405966207,102.99989777106892,60.0,90.0,257161,1.1694310664975125,0.002019662241205323,1.0480925780857349
EJ200_xp650,EJ-200,650,right,2,Cherenkov,50.0,741707,52.57067659189805,2.621681500714946,0.871407008297065,0.0023446468998317986,3.8222627129909146,165.34125718565065,3.146009405966207,102.99989777106892,90.0,120.0,50056,1.08939519086618,0.003979749763189708,0.7973287887971268
EJ200_xp650,EJ-200,650,right,2,Cherenkov,50.0,741707,52.57067659189805,2.621681500714946,0.871407008297065,0.0023446468998317986,3.8222627129909146,165.34125718565065,3.146009405966207,102.99989777106892,120.0,180.0000001,40414,0.6660381884693561,0.01198697684010502,5.693152341193098
EJ204_xm650,EJ-204,-650,left,1,scintillation,50.0,23354563,52.24765797974394,17.005548430472114,0.5949230805330948,0.00016225870419520177,0.5917804214060272,112.87419942720157,2.1682629579707418,122.39459805535424,0.0,15.0,1023810,0.287100368890561,0.0005282173667361395,0.27760554293698786
EJ204_xm650,EJ-204,-650,left,1,scintillation,50.0,23354563,52.24765797974394,17.005548430472114,0.5949230805330948,0.00016225870419520177,0.5917804214060272,112.87419942720157,2.1682629579707418,122.39459805535424,15.0,30.0,3035942,0.2966011151933525,0.00022368763056556724,0.14911120557244595
EJ204_xm650,EJ-204,-650,left,1,scintillation,50.0,23354563,52.24765797974394,17.005548430472114,0.5949230805330948,0.00016225870419520177,0.5917804214060272,112.87419942720157,2.1682629579707418,122.39459805535424,30.0,39.2652479139,2636602,0.33458521492983345,0.0003189806305612012,0.2701945331472373
EJ204_xm650,EJ-204,-650,left,1,scintillation,50.0,23354563,52.24765797974394,17.005548430472114,0.5949230805330948,0.00016225870419520177,0.5917804214060272,112.87419942720157,2.1682629579707418,122.39459805535424,39.2652479139,45.0,2055119,0.41676879056542254,0.0007774966221529794,1.2444318298294705
EJ204_xm650,EJ-204,-650,left,1,scintillation,50.0,23354563,52.24765797974394,17.005548430472114,0.5949230805330948,0.00016225870419520177,0.5917804214060272,112.87419942720157,2.1682629579707418,122.39459805535424,45.0,60.0,5728461,0.4557922709689899,0.0003259844124333626,0.5926997574163693
EJ204_xm650,EJ-204,-650,left,1,scintillation,50.0,23354563,52.24765797974394,17.005548430472114,0.5949230805330948,0.00016225870419520177,0.5917804214060272,112.87419942720157,2.1682629579707418,122.39459805535424,60.0,90.0,6680708,1.0039888737453713,0.0002829373106497733,0.5017520210235027
EJ204_xm650,EJ-204,-650,left,1,scintillation,50.0,23354563,52.24765797974394,17.005548430472114,0.5949230805330948,0.00016225870419520177,0.5917804214060272,112.87419942720157,2.1682629579707418,122.39459805535424,90.0,120.0,1277004,0.9628188508899704,0.00046192054800158833,0.25898781978464336
EJ204_xm650,EJ-204,-650,left,1,scintillation,50.0,23354563,52.24765797974394,17.005548430472114,0.5949230805330948,0.00016225870419520177,0.5917804214060272,112.87419942720157,2.1682629579707418,122.39459805535424,120.0,180.0000001,916917,0.4506654070376351,0.0009254547197132918,0.7679244972149467
EJ204_xm650,EJ-204,-650,right,1,scintillation,1350.0,1368124,1319.9642444482329,189.0360805784835,8.664502110656144,0.001940846523748685,5.067245834241007,1644.0345433894697,1.2600455277853229,157.8649030035281,0.0,15.0,235254,7.192971088278862,0.0010971424180475696,0.27725184085323207
EJ204_xm650,EJ-204,-650,right,1,scintillation,1350.0,1368124,1319.9642444482329,189.0360805784835,8.664502110656144,0.001940846523748685,5.067245834241007,1644.0345433894697,1.2600455277853229,157.8649030035281,15.0,30.0,423268,7.677364523177566,0.0011154752858446144,0.5208296958149248
EJ204_xm650,EJ-204,-650,right,1,scintillation,1350.0,1368124,1319.9642444482329,189.0360805784835,8.664502110656144,0.001940846523748685,5.067245834241007,1644.0345433894697,1.2600455277853229,157.8649030035281,30.0,39.2652479139,257420,8.589322757752308,0.0019489307553477954,1.0010007251538866
EJ204_xm650,EJ-204,-650,right,1,scintillation,1350.0,1368124,1319.9642444482329,189.0360805784835,8.664502110656144,0.001940846523748685,5.067245834241007,1644.0345433894697,1.2600455277853229,157.8649030035281,39.2652479139,45.0,166439,9.701404723625995,0.003804593215050736,2.4314666635330298
EJ204_xm650,EJ-204,-650,right,1,scintillation,1350.0,1368124,1319.9642444482329,189.0360805784835,8.664502110656144,0.001940846523748685,5.067245834241007,1644.0345433894697,1.2600455277853229,157.8649030035281,45.0,60.0,216741,11.018142065406407,0.004811706366560198,5.017293842783104
EJ204_xm650,EJ-204,-650,right,1,scintillation,1350.0,1368124,1319.9642444482329,189.0360805784835,8.664502110656144,0.001940846523748685,5.067245834241007,1644.0345433894697,1.2600455277853229,157.8649030035281,60.0,90.0,24015,9.187849892595283,0.058836421516600915,82.47996080431663
EJ204_xm650,EJ-204,-650,right,1,scintillation,1350.0,1368124,1319.9642444482329,189.0360805784835,8.664502110656144,0.001940846523748685,5.067245834241007,1644.0345433894697,1.2600455277853229,157.8649030035281,90.0,120.0,3090,13.18013078705456,0.15086985306083003,69.75849892941602
EJ204_xm650,EJ-204,-650,right,1,scintillation,1350.0,1368124,1319.9642444482329,189.0360805784835,8.664502110656144,0.001940846523748685,5.067245834241007,1644.0345433894697,1.2600455277853229,157.8649030035281,120.0,180.0000001,41897,10.43377388462035,0.010534512978747699,4.705351695764591
EJ204_xm650,EJ-204,-650,left,2,Cherenkov,50.0,702620,52.57353579312641,2.5851870288686647,0.7252019103567928,0.0013088270938327155,1.1607665499343294,137.60007715773068,2.618808668925715,105.04534971291567,0.0,15.0,1401,0.27036949158586066,0.010542823357486035,0.15495868927352335
EJ204_xm650,EJ-204,-650,left,2,Cherenkov,50.0,702620,52.57353579312641,2.5851870288686647,0.7252019103567928,0.0013088270938327155,1.1607665499343294,137.60007715773068,2.618808668925715,105.04534971291567,15.0,30.0,3743,0.29692318868618733,0.008476075553581543,0.26535170536598834
EJ204_xm650,EJ-204,-650,left,2,Cherenkov,50.0,702620,52.57353579312641,2.5851870288686647,0.7252019103567928,0.0013088270938327155,1.1607665499343294,137.60007715773068,2.618808668925715,105.04534971291567,30.0,39.2652479139,3598,0.33929468456045453,0.011547897206855123,0.4752963615586574
EJ204_xm650,EJ-204,-650,left,2,Cherenkov,50.0,702620,52.57353579312641,2.5851870288686647,0.7252019103567928,0.0013088270938327155,1.1607665499343294,137.60007715773068,2.618808668925715,105.04534971291567,39.2652479139,45.0,180019,0.47950376584695253,0.0036913023621087298,2.4820771665161843
EJ204_xm650,EJ-204,-650,left,2,Cherenkov,50.0,702620,52.57353579312641,2.5851870288686647,0.7252019103567928,0.0013088270938327155,1.1607665499343294,137.60007715773068,2.618808668925715,105.04534971291567,45.0,60.0,190980,0.45670852028110315,0.0016818626943363958,0.5411072562754131
EJ204_xm650,EJ-204,-650,left,2,Cherenkov,50.0,702620,52.57353579312641,2.5851870288686647,0.7252019103567928,0.0013088270938327155,1.1607665499343294,137.60007715773068,2.618808668925715,105.04534971291567,60.0,90.0,237919,1.1194908040457123,0.0015351350371796849,0.5464914615133865
EJ204_xm650,EJ-204,-650,left,2,Cherenkov,50.0,702620,52.57353579312641,2.5851870288686647,0.7252019103567928,0.0013088270938327155,1.1607665499343294,137.60007715773068,2.618808668925715,105.04534971291567,90.0,120.0,45973,1.0542200017428949,0.0024696105983247063,0.2712451951696593
EJ204_xm650,EJ-204,-650,left,2,Cherenkov,50.0,702620,52.57353579312641,2.5851870288686647,0.7252019103567928,0.0013088270938327155,1.1607665499343294,137.60007715773068,2.618808668925715,105.04534971291567,120.0,180.0000001,38987,0.47386673639191457,0.005803050852697056,1.2678766453495174
EJ204_xm650,EJ-204,-650,right,2,Cherenkov,1350.0,39179,1349.6230633412083,0.5245736266086234,10.254213491009164,0.010918375276359023,4.4181607569286285,1945.6556122318968,1.4416179033571785,134.80371006796813,0.0,15.0,267,7.230278206238282,0.006907586695809657,0.012644886710667436
EJ204_xm650,EJ-204,-650,right,2,Cherenkov,1350.0,39179,1349.6230633412083,0.5245736266086234,10.254213491009164,0.010918375276359023,4.4181607569286285,1945.6556122318968,1.4416179033571785,134.80371006796813,15.0,30.0,501,7.770313145832501,0.011514204750117624,0.06958909890454379
EJ204_xm650,EJ-204,-650,right,2,Cherenkov,1350.0,39179,1349.6230633412083,0.5245736266086234,10.254213491009164,0.010918375276359023,4.4181607569286285,1945.6556122318968,1.4416179033571785,134.80371006796813,30.0,39.2652479139,363,8.736764321150753,0.0212765408670805,0.15763827057452318
EJ204_xm650,EJ-204,-650,right,2,Cherenkov,1350.0,39179,1349.6230633412083,0.5245736266086234,10.254213491009164,0.010918375276359023,4.4181607569286285,1945.6556122318968,1.4416179033571785,134.80371006796813,39.2652479139,45.0,26373,9.652113293755624,0.007152553476604886,1.3538852466038946
EJ204_xm650,EJ-204,-650,right,2,Cherenkov,1350.0,39179,1349.6230633412083,0.5245736266086234,10.254213491009164,0.010918375276359023,4.4181607569286285,1945.6556122318968,1.4416179033571785,134.80371006796813,45.0,60.0,7793,11.42862058916218,0.014350342623995637,1.5994092403275886
EJ204_xm650,EJ-204,-650,right,2,Cherenkov,1350.0,39179,1349.6230633412083,0.5245736266086234,10.254213491009164,0.010918375276359023,4.4181607569286285,1945.6556122318968,1.4416179033571785,134.80371006796813,60.0,90.0,1028,17.787253282292465,0.1302352980799682,17.713727306089822
EJ204_xm650,EJ-204,-650,right,2,Cherenkov,1350.0,39179,1349.6230633412083,0.5245736266086234,10.254213491009164,0.010918375276359023,4.4181607569286285,1945.6556122318968,1.4416179033571785,134.80371006796813,90.0,120.0,180,17.763643740387998,0.2744865268533688,13.683577929149749
EJ204_xm650,EJ-204,-650,right,2,Cherenkov,1350.0,39179,1349.6230633412083,0.5245736266086234,10.254213491009164,0.010918375276359023,4.4181607569286285,1945.6556122318968,1.4416179033571785,134.80371006796813,120.0,180.0000001,2674,10.341734238413633,0.035483478625263416,3.356958057717449
EJ204_xm500,EJ-204,-500,left,1,scintillation,200.0,12650972,197.44570396427025,31.41333135602917,1.6773144054456024,0.000348023878055443,1.2795889374449976,318.2420674203716,1.6211332450732956,135.72561117860315,0.0,15.0,858966,1.088912168299192,0.0006208011098483742,0.3142729873442054
EJ204_xm500,EJ-204,-500,left,1,scintillation,200.0,12650972,197.44570396427025,31.41333135602917,1.6773144054456024,0.000348023878055443,1.2795889374449976,318.2420674203716,1.6211332450732956,135.72561117860315,15.0,30.0,2358893,1.1554823122545679,0.0003369019489142224,0.19462746669567665
EJ204_xm500,EJ-204,-500,left,1,scintillation,200.0,12650972,197.44570396427025,31.41333135602917,1.6773144054456024,0.000348023878055443,1.2795889374449976,318.2420674203716,1.6211332450732956,135.72561117860315,30.0,39.2652479139,2052508,1.2977776316243164,0.00044340379418282517,0.3632235628647218
EJ204_xm500,EJ-204,-500,left,1,scintillation,200.0,12650972,197.44570396427025,31.41333135602917,1.6773144054456024,0.000348023878055443,1.2795889374449976,318.2420674203716,1.6211332450732956,135.72561117860315,39.2652479139,45.0,1419425,1.5056583962376355,0.0011085195889982968,1.7410067923732084
EJ204_xm500,EJ-204,-500,left,1,scintillation,200.0,12650972,197.44570396427025,31.41333135602917,1.6773144054456024,0.000348023878055443,1.2795889374449976,318.2420674203716,1.6211332450732956,135.72561117860315,45.0,60.0,3290723,1.7384481776407659,0.0005511299512059088,0.892203463161438
EJ204_xm500,EJ-204,-500,left,1,scintillation,200.0,12650972,197.44570396427025,31.41333135602917,1.6773144054456024,0.000348023878055443,1.2795889374449976,318.2420674203716,1.6211332450732956,135.72561117860315,60.0,90.0,1783084,2.8618365772257013,0.0010912115381507374,2.094242587974545
EJ204_xm500,EJ-204,-500,left,1,scintillation,200.0,12650972,197.44570396427025,31.41333135602917,1.6773144054456024,0.000348023878055443,1.2795889374449976,318.2420674203716,1.6211332450732956,135.72561117860315,90.0,120.0,337306,2.9972767034208494,0.0022404017565389096,1.6729950752322846
EJ204_xm500,EJ-204,-500,left,1,scintillation,200.0,12650972,197.44570396427025,31.41333135602917,1.6773144054456024,0.000348023878055443,1.2795889374449976,318.2420674203716,1.6211332450732956,135.72561117860315,120.0,180.0000001,550067,1.6782427250906775,0.0014535174842164717,1.1429234626635423
EJ204_xm500,EJ-204,-500,right,1,scintillation,1200.0,1648929,1174.2039163123106,166.70576699358367,7.841880921897347,0.0017589468467072921,5.026459321643898,1487.9476080534218,1.2845891172279928,156.55216554499614,0.0,15.0,274328,6.421927993247538,0.0010343204730192688,0.27859309078674244
EJ204_xm500,EJ-204,-500,right,1,scintillation,1200.0,1648929,1174.2039163123106,166.70576699358367,7.841880921897347,0.0017589468467072921,5.026459321643898,1487.9476080534218,1.2845891172279928,156.55216554499614,15.0,30.0,520796,6.861279986498293,0.0009709773163143384,0.4622386244578962
EJ204_xm500,EJ-204,-500,right,1,scintillation,1200.0,1648929,1174.2039163123106,166.70576699358367,7.841880921897347,0.0017589468467072921,5.026459321643898,1487.9476080534218,1.2845891172279928,156.55216554499614,30.0,39.2652479139,321054,7.710281788407472,0.0018076451659614352,1.0387061532099722
EJ204_xm500,EJ-204,-500,right,1,scintillation,1200.0,1648929,1174.2039163123106,166.70576699358367,7.841880921897347,0.0017589468467072921,5.026459321643898,1487.9476080534218,1.2845891172279928,156.55216554499614,39.2652479139,45.0,200554,8.933520205580095,0.004060851919641594,3.2157646838410727
EJ204_xm500,EJ-204,-500,right,1,scintillation,1200.0,1648929,1174.2039163123106,166.70576699358367,7.841880921897347,0.0017589468467072921,5.026459321643898,1487.9476080534218,1.2845891172279928,156.55216554499614,45.0,60.0,240283,10.113859352895727,0.004950488380654876,5.725014265984953
EJ204_xm500,EJ-204,-500,right,1,scintillation,1200.0,1648929,1174.2039163123106,166.70576699358367,7.841880921897347,0.0017589468467072921,5.026459321643898,1487.9476080534218,1.2845891172279928,156.55216554499614,60.0,90.0,36788,9.695885997219483,0.0398046510340128,59.481976788446616
EJ204_xm500,EJ-204,-500,right,1,scintillation,1200.0,1648929,1174.2039163123106,166.70576699358367,7.841880921897347,0.0017589468467072921,5.026459321643898,1487.9476080534218,1.2845891172279928,156.55216554499614,90.0,120.0,5165,12.748181152378864,0.09141340922556769,43.28881668341984
EJ204_xm500,EJ-204,-500,right,1,scintillation,1200.0,1648929,1174.2039163123106,166.70576699358367,7.841880921897347,0.0017589468467072921,5.026459321643898,1487.9476080534218,1.2845891172279928,156.55216554499614,120.0,180.0000001,49961,9.524788036036526,0.010417242210471902,5.488538909458384
EJ204_xm500,EJ-204,-500,left,2,Cherenkov,200.0,385874,200.30538050866193,0.9912732355575287,2.0831257999383537,0.0028513510857057296,2.9139082284803477,395.2548959963556,1.9730452602053195,115.54839379906876,0.0,15.0,1105,1.084337824823363,0.01648215085445836,0.29743310926032684
EJ204_xm500,EJ-204,-500,left,2,Cherenkov,200.0,385874,200.30538050866193,0.9912732355575287,2.0831257999383537,0.0028513510857057296,2.9139082284803477,395.2548959963556,1.9730452602053195,115.54839379906876,15.0,30.0,2915,1.145618156109194,0.004829083047835567,0.06580302984606012
EJ204_xm500,EJ-204,-500,left,2,Cherenkov,200.0,385874,200.30538050866193,0.9912732355575287,2.0831257999383537,0.0028513510857057296,2.9139082284803477,395.2548959963556,1.9730452602053195,115.54839379906876,30.0,39.2652479139,2658,1.321877829438165,0.01602930762880387,0.6709155240018836
EJ204_xm500,EJ-204,-500,left,2,Cherenkov,200.0,385874,200.30538050866193,0.9912732355575287,2.0831257999383537,0.0028513510857057296,2.9139082284803477,395.2548959963556,1.9730452602053195,115.54839379906876,39.2652479139,45.0,135386,1.5850323739600325,0.004859554777453264,3.178980616147669
EJ204_xm500,EJ-204,-500,left,2,Cherenkov,200.0,385874,200.30538050866193,0.9912732355575287,2.0831257999383537,0.0028513510857057296,2.9139082284803477,395.2548959963556,1.9730452602053195,115.54839379906876,45.0,60.0,121520,1.7589435409574279,0.0028167559850881623,0.940686532453626
EJ204_xm500,EJ-204,-500,left,2,Cherenkov,200.0,385874,200.30538050866193,0.9912732355575287,2.0831257999383537,0.0028513510857057296,2.9139082284803477,395.2548959963556,1.9730452602053195,115.54839379906876,60.0,90.0,80603,3.3366825309931984,0.00629145462784643,3.1918927516309843
EJ204_xm500,EJ-204,-500,left,2,Cherenkov,200.0,385874,200.30538050866193,0.9912732355575287,2.0831257999383537,0.0028513510857057296,2.9139082284803477,395.2548959963556,1.9730452602053195,115.54839379906876,90.0,120.0,15538,3.4120516909290997,0.014017845380921708,3.0471988627780373
EJ204_xm500,EJ-204,-500,left,2,Cherenkov,200.0,385874,200.30538050866193,0.9912732355575287,2.0831257999383537,0.0028513510857057296,2.9139082284803477,395.2548959963556,1.9730452602053195,115.54839379906876,120.0,180.0000001,26149,1.738948722164393,0.009649639722832072,2.447879187075239
EJ204_xm500,EJ-204,-500,right,2,Cherenkov,1200.0,42988,1199.5021377841222,4.885597150483805,9.599253354841554,0.012086571103495125,5.62726289050498,1821.381576855245,1.5184049340708043,129.91696786150635,0.0,15.0,327,6.418677029115483,0.0259423674323713,0.08999797584746005
EJ204_xm500,EJ-204,-500,right,2,Cherenkov,1200.0,42988,1199.5021377841222,4.885597150483805,9.599253354841554,0.012086571103495125,5.62726289050498,1821.381576855245,1.5184049340708043,129.91696786150635,15.0,30.0,644,6.900651789387334,0.017409955084413037,0.138210892193662
EJ204_xm500,EJ-204,-500,right,2,Cherenkov,1200.0,42988,1199.5021377841222,4.885597150483805,9.599253354841554,0.012086571103495125,5.62726289050498,1821.381576855245,1.5184049340708043,129.91696786150635,30.0,39.2652479139,426,7.8692378946542245,0.04369081363321797,0.6101661442855502
EJ204_xm500,EJ-204,-500,right,2,Cherenkov,1200.0,42988,1199.5021377841222,4.885597150483805,9.599253354841554,0.012086571103495125,5.62726289050498,1821.381576855245,1.5184049340708043,129.91696786150635,39.2652479139,45.0,27003,8.98000355510252,0.010307271872646606,2.9055892541350943
EJ204_xm500,EJ-204,-500,right,2,Cherenkov,1200.0,42988,1199.5021377841222,4.885597150483805,9.599253354841554,0.012086571103495125,5.62726289050498,1821.381576855245,1.5184049340708043,129.91696786150635,45.0,60.0,9054,10.401154118328334,0.016686851574386614,2.5146538395088527
EJ204_xm500,EJ-204,-500,right,2,Cherenkov,1200.0,42988,1199.5021377841222,4.885597150483805,9.599253354841554,0.012086571103495125,5.62726289050498,1821.381576855245,1.5184049340708043,129.91696786150635,60.0,90.0,1881,15.585367558375939,0.06948233605982676,9.101252074252784
EJ204_xm500,EJ-204,-500,right,2,Cherenkov,1200.0,42988,1199.5021377841222,4.885597150483805,9.599253354841554,0.012086571103495125,5.62726289050498,1821.381576855245,1.5184049340708043,129.91696786150635,90.0,120.0,344,15.77786745549763,0.20732510652556632,14.886164525413733
EJ204_xm500,EJ-204,-500,right,2,Cherenkov,1200.0,42988,1199.5021377841222,4.885597150483805,9.599253354841554,0.012086571103495125,5.62726289050498,1821.381576855245,1.5184049340708043,129.91696786150635,120.0,180.0000001,3309,9.475591588439197,0.0331569137630515,3.6334712158999167
EJ204_xm200,EJ-204,-200,left,1,scintillation,500.0,5922156,490.91015603050454,69.3042042592001,3.5785360434266567,0.0006360533032582148,2.4134507835312338,678.9959919906023,1.395015875871947,148.00168048673177,0.0,15.0,605215,2.6957314522245945,0.0007746553115553282,0.36695845334571864
EJ204_xm200,EJ-204,-200,left,1,scintillation,500.0,5922156,490.91015603050454,69.3042042592001,3.5785360434266567,0.0006360533032582148,2.4134507835312338,678.9959919906023,1.395015875871947,148.00168048673177,15.0,30.0,1482036,2.874974825302618,0.0004467275115161433,0.29947516984935696
EJ204_xm200,EJ-204,-200,left,1,scintillation,500.0,5922156,490.91015603050454,69.3042042592001,3.5785360434266567,0.0006360533032582148,2.4134507835312338,678.9959919906023,1.395015875871947,148.00168048673177,30.0,39.2652479139,1156078,3.225755634552876,0.0007194745165919556,0.603650592358095
EJ204_xm200,EJ-204,-200,left,1,scintillation,500.0,5922156,490.91015603050454,69.3042042592001,3.5785360434266567,0.0006360533032582148,2.4134507835312338,678.9959919906023,1.395015875871947,148.00168048673177,39.2652479139,45.0,726910,3.7181427948007006,0.001996338615400427,2.9136145086715537
EJ204_xm200,EJ-204,-200,left,1,scintillation,500.0,5922156,490.91015603050454,69.3042042592001,3.5785360434266567,0.0006360533032582148,2.4134507835312338,678.9959919906023,1.395015875871947,148.00168048673177,45.0,60.0,1323973,4.267199348137862,0.0012725265645698986,2.156104858792009
EJ204_xm200,EJ-204,-200,left,1,scintillation,500.0,5922156,490.91015603050454,69.3042042592001,3.5785360434266567,0.0006360533032582148,2.4134507835312338,678.9959919906023,1.395015875871947,148.00168048673177,60.0,90.0,332748,5.682939403300331,0.005220892681977416,9.065625224997362
EJ204_xm200,EJ-204,-200,left,1,scintillation,500.0,5922156,490.91015603050454,69.3042042592001,3.5785360434266567,0.0006360533032582148,2.4134507835312338,678.9959919906023,1.395015875871947,148.00168048673177,90.0,120.0,56861,6.234381321305779,0.010882160700705483,6.8970851245602205
EJ204_xm200,EJ-204,-200,left,1,scintillation,500.0,5922156,490.91015603050454,69.3042042592001,3.5785360434266567,0.0006360533032582148,2.4134507835312338,678.9959919906023,1.395015875871947,148.00168048673177,120.0,180.0000001,238335,4.083405705673359,0.0033215965284139884,2.6060565180255644
EJ204_xm200,EJ-204,-200,right,1,scintillation,900.0,2662631,881.5595196942465,124.80962765240601,6.023201700123583,0.001212857170268023,4.096986824611463,1142.8638712259735,1.3109679887541934,154.77843642606337,0.0,15.0,387117,4.8357831622605305,0.000969254742926242,0.3573374029081364
EJ204_xm200,EJ-204,-200,right,1,scintillation,900.0,2662631,881.5595196942465,124.80962765240601,6.023201700123583,0.001212857170268023,4.096986824611463,1142.8638712259735,1.3109679887541934,154.77843642606337,15.0,30.0,804632,5.1640243047511,0.000746701265906984,0.44496249200174987
EJ204_xm200,EJ-204,-200,right,1,scintillation,900.0,2662631,881.5595196942465,124.80962765240601,6.023201700123583,0.001212857170268023,4.096986824611463,1142.8638712259735,1.3109679887541934,154.77843642606337,30.0,39.2652479139,536722,5.807293124138019,0.0013813575201392367,1.0145222168184276
EJ204_xm200,EJ-204,-200,right,1,scintillation,900.0,2662631,881.5595196942465,124.80962765240601,6.023201700123583,0.001212857170268023,4.096986824611463,1142.8638712259735,1.3109679887541934,154.77843642606337,39.2652479139,45.0,326012,6.7703808636947285,0.0035309782372167104,4.086337392550945
EJ204_xm200,EJ-204,-200,right,1,scintillation,900.0,2662631,881.5595196942465,124.80962765240601,6.023201700123583,0.001212857170268023,4.096986824611463,1142.8638712259735,1.3109679887541934,154.77843642606337,45.0,60.0,435427,7.658348237671607,0.00337462549167057,5.099733379749637
EJ204_xm200,EJ-204,-200,right,1,scintillation,900.0,2662631,881.5595196942465,124.80962765240601,6.023201700123583,0.001212857170268023,4.096986824611463,1142.8638712259735,1.3109679887541934,154.77843642606337,60.0,90.0,74386,8.16025815130754,0.02088635926470655,32.87408558357036
EJ204_xm200,EJ-204,-200,right,1,scintillation,900.0,2662631,881.5595196942465,124.80962765240601,6.023201700123583,0.001212857170268023,4.096986824611463,1142.8638712259735,1.3109679887541934,154.77843642606337,90.0,120.0,11074,9.98976631617738,0.04626607675047723,23.67246087593739
EJ204_xm200,EJ-204,-200,right,1,scintillation,900.0,2662631,881.5595196942465,124.80962765240601,6.023201700123583,0.001212857170268023,4.096986824611463,1142.8638712259735,1.3109679887541934,154.77843642606337,120.0,180.0000001,87261,7.265512333973505,0.007592134620786426,5.133595659116089
EJ204_xm200,EJ-204,-200,left,2,Cherenkov,500.0,169498,499.8177224101349,0.5426877849231475,4.348145210412235,0.005438338931820609,4.6393299904139695,825.0248956511142,1.6505972311557104,125.87358783929685,0.0,15.0,718,2.709614605995723,0.023157422236923894,0.3834422565572835
EJ204_xm200,EJ-204,-200,left,2,Cherenkov,500.0,169498,499.8177224101349,0.5426877849231475,4.348145210412235,0.005438338931820609,4.6393299904139695,825.0248956511142,1.6505972311557104,125.87358783929685,15.0,30.0,1816,2.893673851648652,0.011887084176495822,0.24933983070962462
EJ204_xm200,EJ-204,-200,left,2,Cherenkov,500.0,169498,499.8177224101349,0.5426877849231475,4.348145210412235,0.005438338931820609,4.6393299904139695,825.0248956511142,1.6505972311557104,125.87358783929685,30.0,39.2652479139,1526,3.267959854134045,0.021380600890903358,0.6856872333783706
EJ204_xm200,EJ-204,-200,left,2,Cherenkov,500.0,169498,499.8177224101349,0.5426877849231475,4.348145210412235,0.005438338931820609,4.6393299904139695,825.0248956511142,1.6505972311557104,125.87358783929685,39.2652479139,45.0,80084,3.784684006745327,0.006975789390577956,3.813934595142223
EJ204_xm200,EJ-204,-200,left,2,Cherenkov,500.0,169498,499.8177224101349,0.5426877849231475,4.348145210412235,0.005438338931820609,4.6393299904139695,825.0248956511142,1.6505972311557104,125.87358783929685,45.0,60.0,52303,4.319874196587303,0.005593946882009673,1.614917507632203
EJ204_xm200,EJ-204,-200,left,2,Cherenkov,500.0,169498,499.8177224101349,0.5426877849231475,4.348145210412235,0.005438338931820609,4.6393299904139695,825.0248956511142,1.6505972311557104,125.87358783929685,60.0,90.0,17273,6.985872147937844,0.02194428725994726,8.374820433900751
EJ204_xm200,EJ-204,-200,left,2,Cherenkov,500.0,169498,499.8177224101349,0.5426877849231475,4.348145210412235,0.005438338931820609,4.6393299904139695,825.0248956511142,1.6505972311557104,125.87358783929685,90.0,120.0,3273,7.111252334360273,0.05344749845701743,9.30354288239512
EJ204_xm200,EJ-204,-200,left,2,Cherenkov,500.0,169498,499.8177224101349,0.5426877849231475,4.348145210412235,0.005438338931820609,4.6393299904139695,825.0248956511142,1.6505972311557104,125.87358783929685,120.0,180.0000001,12505,4.145340466481845,0.016065748099349488,3.2686662712125454
EJ204_xm200,EJ-204,-200,right,2,Cherenkov,900.0,71416,899.6701071512239,0.6193620841504942,7.393792240835695,0.009744837016687213,6.195218001721848,1402.9129700900448,1.5593388159530952,129.55984069203836,0.0,15.0,447,4.8901667412280325,0.031970525652874296,0.4464717220094663
EJ204_xm200,EJ-204,-200,right,2,Cherenkov,900.0,71416,899.6701071512239,0.6193620841504942,7.393792240835695,0.009744837016687213,6.195218001721848,1402.9129700900448,1.5593388159530952,129.55984069203836,15.0,30.0,957,5.189900959403702,0.014669941619852337,0.19810231676883205
EJ204_xm200,EJ-204,-200,right,2,Cherenkov,900.0,71416,899.6701071512239,0.6193620841504942,7.393792240835695,0.009744837016687213,6.195218001721848,1402.9129700900448,1.5593388159530952,129.55984069203836,30.0,39.2652479139,675,5.935943956693368,0.03841409560299108,0.9654014030976441
EJ204_xm200,EJ-204,-200,right,2,Cherenkov,900.0,71416,899.6701071512239,0.6193620841504942,7.393792240835695,0.009744837016687213,6.195218001721848,1402.9129700900448,1.5593388159530952,129.55984069203836,39.2652479139,45.0,42728,6.864566056279818,0.010403492198211305,4.563042487151499
EJ204_xm200,EJ-204,-200,right,2,Cherenkov,900.0,71416,899.6701071512239,0.6193620841504942,7.393792240835695,0.009744837016687213,6.195218001721848,1402.9129700900448,1.5593388159530952,129.55984069203836,45.0,60.0,16605,7.816108566908511,0.01402002789324441,3.186991934140103
EJ204_xm200,EJ-204,-200,right,2,Cherenkov,900.0,71416,899.6701071512239,0.6193620841504942,7.393792240835695,0.009744837016687213,6.195218001721848,1402.9129700900448,1.5593388159530952,129.55984069203836,60.0,90.0,3810,11.850958938145276,0.05222772607074317,10.414176136705635
EJ204_xm200,EJ-204,-200,right,2,Cherenkov,900.0,71416,899.6701071512239,0.6193620841504942,7.393792240835695,0.009744837016687213,6.195218001721848,1402.9129700900448,1.5593388159530952,129.55984069203836,90.0,120.0,698,11.953514582941045,0.13311704559875745,12.333432895362705
EJ204_xm200,EJ-204,-200,right,2,Cherenkov,900.0,71416,899.6701071512239,0.6193620841504942,7.393792240835695,0.009744837016687213,6.195218001721848,1402.9129700900448,1.5593388159530952,129.55984069203836,120.0,180.0000001,5496,7.329748327840153,0.03227188176921724,5.673488060048882
EJ204_xp0,EJ-204,0,left,1,scintillation,700.0,3876091,686.3658264898226,96.6865514988214,4.8062247732260435,0.0009249744266135708,3.263529028660411,911.9473218235213,1.342095995046617,152.16838514824772,0.0,15.0,482510,3.7670290161973363,0.0009029903967140003,0.39111229817520865
EJ204_xp0,EJ-204,0,left,1,scintillation,700.0,3876091,686.3658264898226,96.6865514988214,4.8062247732260435,0.0009249744266135708,3.263529028660411,911.9473218235213,1.342095995046617,152.16838514824772,15.0,30.0,1090482,4.020745848914364,0.0005799301584152581,0.3693989339252326
EJ204_xp0,EJ-204,0,left,1,scintillation,700.0,3876091,686.3658264898226,96.6865514988214,4.8062247732260435,0.0009249744266135708,3.263529028660411,911.9473218235213,1.342095995046617,152.16838514824772,30.0,39.2652479139,781016,4.512682055470488,0.001000423104750085,0.7950400990747397
EJ204_xp0,EJ-204,0,left,1,scintillation,700.0,3876091,686.3658264898226,96.6865514988214,4.8062247732260435,0.0009249744266135708,3.263529028660411,911.9473218235213,1.342095995046617,152.16838514824772,39.2652479139,45.0,469029,5.220053914378006,0.0027979411948172786,3.630745131800758
EJ204_xp0,EJ-204,0,left,1,scintillation,700.0,3876091,686.3658264898226,96.6865514988214,4.8062247732260435,0.0009249744266135708,3.263529028660411,911.9473218235213,1.342095995046617,152.16838514824772,45.0,60.0,740406,5.950550626563852,0.0021534254170223954,3.469025792776378
EJ204_xp0,EJ-204,0,left,1,scintillation,700.0,3876091,686.3658264898226,96.6865514988214,4.8062247732260435,0.0009249744266135708,3.263529028660411,911.9473218235213,1.342095995046617,152.16838514824772,60.0,90.0,146468,7.126353427375872,0.011351140267055856,18.89636318157303
EJ204_xp0,EJ-204,0,left,1,scintillation,700.0,3876091,686.3658264898226,96.6865514988214,4.8062247732260435,0.0009249744266135708,3.263529028660411,911.9473218235213,1.342095995046617,152.16838514824772,90.0,120.0,23302,8.190761051273524,0.024713810171853087,14.157167315866943
EJ204_xp0,EJ-204,0,left,1,scintillation,700.0,3876091,686.3658264898226,96.6865514988214,4.8062247732260435,0.0009249744266135708,3.263529028660411,911.9473218235213,1.342095995046617,152.16838514824772,120.0,180.0000001,142878,5.696353892032746,0.005377031990707756,4.1197750835915485
EJ204_xp0,EJ-204,0,right,1,scintillation,700.0,3875608,686.2775538445468,96.95188531840452,4.8050190380446365,0.0009176289347945684,3.2438465100265788,911.7186936945601,1.3424622015224057,152.15692554999706,0.0,15.0,481424,3.7665593561932162,0.0008834636723689228,0.374479766477954
EJ204_xp0,EJ-204,0,right,1,scintillation,700.0,3875608,686.2775538445468,96.95188531840452,4.8050190380446365,0.0009176289347945684,3.2438465100265788,911.7186936945601,1.3424622015224057,152.15692554999706,15.0,30.0,1088940,4.019010102718253,0.0005839388089902253,0.361114907008826
EJ204_xp0,EJ-204,0,right,1,scintillation,700.0,3875608,686.2775538445468,96.95188531840452,4.8050190380446365,0.0009176289347945684,3.2438465100265788,911.7186936945601,1.3424622015224057,152.15692554999706,30.0,39.2652479139,782406,4.5125396213067015,0.001013793627357728,0.8024626856470576
EJ204_xp0,EJ-204,0,right,1,scintillation,700.0,3875608,686.2775538445468,96.95188531840452,4.8050190380446365,0.0009176289347945684,3.2438465100265788,911.7186936945601,1.3424622015224057,152.15692554999706,39.2652479139,45.0,468987,5.223561346938215,0.0027952273372220007,3.690957448137546
EJ204_xp0,EJ-204,0,right,1,scintillation,700.0,3875608,686.2775538445468,96.95188531840452,4.8050190380446365,0.0009176289347945684,3.2438465100265788,911.7186936945601,1.3424622015224057,152.15692554999706,45.0,60.0,740006,5.9429436308388555,0.0021312607229151278,3.3998227143072626
EJ204_xp0,EJ-204,0,right,1,scintillation,700.0,3875608,686.2775538445468,96.95188531840452,4.8050190380446365,0.0009176289347945684,3.2438465100265788,911.7186936945601,1.3424622015224057,152.15692554999706,60.0,90.0,147227,7.113300415130868,0.011393829606093503,18.9209292207235
EJ204_xp0,EJ-204,0,right,1,scintillation,700.0,3875608,686.2775538445468,96.95188531840452,4.8050190380446365,0.0009176289347945684,3.2438465100265788,911.7186936945601,1.3424622015224057,152.15692554999706,90.0,120.0,23617,8.25992854491417,0.023854975707598175,13.432807931143572
EJ204_xp0,EJ-204,0,right,1,scintillation,700.0,3875608,686.2775538445468,96.95188531840452,4.8050190380446365,0.0009176289347945684,3.2438465100265788,911.7186936945601,1.3424622015224057,152.15692554999706,120.0,180.0000001,143001,5.678409897394171,0.005129142970993859,3.818409811860583
EJ204_xp0,EJ-204,0,left,2,Cherenkov,700.0,105874,699.7210503842581,0.6890813725926981,5.884500868372586,0.007631665349777824,5.75381179182034,1116.5366000739837,1.5956557443236137,128.22783025700494,0.0,15.0,589,3.8276827489962746,0.03774821225709448,0.6468129705018395
EJ204_xp0,EJ-204,0,left,2,Cherenkov,700.0,105874,699.7210503842581,0.6890813725926981,5.884500868372586,0.007631665349777824,5.75381179182034,1116.5366000739837,1.5956557443236137,128.22783025700494,15.0,30.0,1298,4.0254476694377885,0.00754936365124443,0.06911748571411991
EJ204_xp0,EJ-204,0,left,2,Cherenkov,700.0,105874,699.7210503842581,0.6890813725926981,5.884500868372586,0.007631665349777824,5.75381179182034,1116.5366000739837,1.5956557443236137,128.22783025700494,30.0,39.2652479139,1043,4.584893074400425,0.03016043831558203,0.9157430657426282
EJ204_xp0,EJ-204,0,left,2,Cherenkov,700.0,105874,699.7210503842581,0.6890813725926981,5.884500868372586,0.007631665349777824,5.75381179182034,1116.5366000739837,1.5956557443236137,128.22783025700494,39.2652479139,45.0,56088,5.33160669570951,0.009262731379861206,4.732459966928598
EJ204_xp0,EJ-204,0,left,2,Cherenkov,700.0,105874,699.7210503842581,0.6890813725926981,5.884500868372586,0.007631665349777824,5.75381179182034,1116.5366000739837,1.5956557443236137,128.22783025700494,45.0,60.0,29193,6.02667167813634,0.009066371341508407,2.3916664084361585
EJ204_xp0,EJ-204,0,left,2,Cherenkov,700.0,105874,699.7210503842581,0.6890813725926981,5.884500868372586,0.007631665349777824,5.75381179182034,1116.5366000739837,1.5956557443236137,128.22783025700494,60.0,90.0,7986,9.314746590916535,0.03537412914936242,9.979584451083966
EJ204_xp0,EJ-204,0,left,2,Cherenkov,700.0,105874,699.7210503842581,0.6890813725926981,5.884500868372586,0.007631665349777824,5.75381179182034,1116.5366000739837,1.5956557443236137,128.22783025700494,90.0,120.0,1552,9.296646473439235,0.07295649708137764,8.286967323733066
EJ204_xp0,EJ-204,0,left,2,Cherenkov,700.0,105874,699.7210503842581,0.6890813725926981,5.884500868372586,0.007631665349777824,5.75381179182034,1116.5366000739837,1.5956557443236137,128.22783025700494,120.0,180.0000001,8125,5.779977968832506,0.025277272577530884,5.087934740847842
EJ204_xp0,EJ-204,0,right,2,Cherenkov,700.0,105269,699.7276139881666,0.6549260575377117,5.895665057781492,0.00777584520942399,6.031195328699447,1118.6549188972415,1.598666941678704,128.15662550330518,0.0,15.0,572,3.817408194538719,0.03225421424520752,0.5884073022442475
EJ204_xp0,EJ-204,0,right,2,Cherenkov,700.0,105269,699.7276139881666,0.6549260575377117,5.895665057781492,0.00777584520942399,6.031195328699447,1118.6549188972415,1.598666941678704,128.15662550330518,15.0,30.0,1269,4.036659315667262,0.011816472994167184,0.17243428167056862
EJ204_xp0,EJ-204,0,right,2,Cherenkov,700.0,105269,699.7276139881666,0.6549260575377117,5.895665057781492,0.00777584520942399,6.031195328699447,1118.6549188972415,1.598666941678704,128.15662550330518,30.0,39.2652479139,1025,4.625647140045141,0.03505075290883293,1.2229421207304334
EJ204_xp0,EJ-204,0,right,2,Cherenkov,700.0,105269,699.7276139881666,0.6549260575377117,5.895665057781492,0.00777584520942399,6.031195328699447,1118.6549188972415,1.598666941678704,128.15662550330518,39.2652479139,45.0,55822,5.325277919282255,0.009264225023362938,4.726647374367197
EJ204_xp0,EJ-204,0,right,2,Cherenkov,700.0,105269,699.7276139881666,0.6549260575377117,5.895665057781492,0.00777584520942399,6.031195328699447,1118.6549188972415,1.598666941678704,128.15662550330518,45.0,60.0,28878,6.025428895525905,0.009069447623472424,2.372066403692962
EJ204_xp0,EJ-204,0,right,2,Cherenkov,700.0,105269,699.7276139881666,0.6549260575377117,5.895665057781492,0.00777584520942399,6.031195328699447,1118.6549188972415,1.598666941678704,128.15662550330518,60.0,90.0,8067,9.427467482629842,0.036791648070502996,11.167993807439828
EJ204_xp0,EJ-204,0,right,2,Cherenkov,700.0,105269,699.7276139881666,0.6549260575377117,5.895665057781492,0.00777584520942399,6.031195328699447,1118.6549188972415,1.598666941678704,128.15662550330518,90.0,120.0,1484,9.513106868424837,0.09461868462383344,13.359964499925397
EJ204_xp0,EJ-204,0,right,2,Cherenkov,700.0,105269,699.7276139881666,0.6549260575377117,5.895665057781492,0.00777584520942399,6.031195328699447,1118.6549188972415,1.598666941678704,128.15662550330518,120.0,180.0000001,8152,5.78319039007695,0.02537465275266311,5.33795098649329
EJ204_xp200,EJ-204,200,left,1,scintillation,900.0,2664893,881.7011173609693,124.45674064268644,6.022453185775614,0.0012307459699725431,4.103676361545531,1142.7217590089238,1.313178049785094,154.81680499149354,0.0,15.0,387513,4.835554197656934,0.0009571448889835976,0.3600376449204852
EJ204_xp200,EJ-204,200,left,1,scintillation,900.0,2664893,881.7011173609693,124.45674064268644,6.022453185775614,0.0012307459699725431,4.103676361545531,1142.7217590089238,1.313178049785094,154.81680499149354,15.0,30.0,807513,5.16317985779371,0.0007303507790687205,0.43300281521296924
EJ204_xp200,EJ-204,200,left,1,scintillation,900.0,2664893,881.7011173609693,124.45674064268644,6.022453185775614,0.0012307459699725431,4.103676361545531,1142.7217590089238,1.313178049785094,154.81680499149354,30.0,39.2652479139,536211,5.808511410541123,0.001364333608162073,1.0104635403142268
EJ204_xp200,EJ-204,200,left,1,scintillation,900.0,2664893,881.7011173609693,124.45674064268644,6.022453185775614,0.0012307459699725431,4.103676361545531,1142.7217590089238,1.313178049785094,154.81680499149354,39.2652479139,45.0,325672,6.774834231471328,0.0036315499612857554,4.2122657457463575
EJ204_xp200,EJ-204,200,left,1,scintillation,900.0,2664893,881.7011173609693,124.45674064268644,6.022453185775614,0.0012307459699725431,4.103676361545531,1142.7217590089238,1.313178049785094,154.81680499149354,45.0,60.0,436150,7.659212374612965,0.0033881214976442045,5.05793769376745
EJ204_xp200,EJ-204,200,left,1,scintillation,900.0,2664893,881.7011173609693,124.45674064268644,6.022453185775614,0.0012307459699725431,4.103676361545531,1142.7217590089238,1.313178049785094,154.81680499149354,60.0,90.0,73772,8.167882346823898,0.021198730905378646,33.32563535366249
EJ204_xp200,EJ-204,200,left,1,scintillation,900.0,2664893,881.7011173609693,124.45674064268644,6.022453185775614,0.0012307459699725431,4.103676361545531,1142.7217590089238,1.313178049785094,154.81680499149354,90.0,120.0,10959,9.99164407197061,0.04772591600780206,24.340024119812412
EJ204_xp200,EJ-204,200,left,1,scintillation,900.0,2664893,881.7011173609693,124.45674064268644,6.022453185775614,0.0012307459699725431,4.103676361545531,1142.7217590089238,1.313178049785094,154.81680499149354,120.0,180.0000001,87103,7.260736374711188,0.007615812018501888,5.011825210337996
EJ204_xp200,EJ-204,200,right,1,scintillation,500.0,5918379,490.8570097099318,69.35733768205459,3.5783942250588883,0.0006433207719639164,2.418803656968361,678.9692525140058,1.395242399657919,147.99950062779504,0.0,15.0,603390,2.6964153468923144,0.0007837434155045984,0.3703679317770989
EJ204_xp200,EJ-204,200,right,1,scintillation,500.0,5918379,490.8570097099318,69.35733768205459,3.5783942250588883,0.0006433207719639164,2.418803656968361,678.9692525140058,1.395242399657919,147.99950062779504,15.0,30.0,1481718,2.874306397222841,0.0004466536161911384,0.29757838551544324
EJ204_xp200,EJ-204,200,right,1,scintillation,500.0,5918379,490.8570097099318,69.35733768205459,3.5783942250588883,0.0006433207719639164,2.418803656968361,678.9692525140058,1.395242399657919,147.99950062779504,30.0,39.2652479139,1155591,3.224437204213796,0.0007134704335012019,0.5961929247736375
EJ204_xp200,EJ-204,200,right,1,scintillation,500.0,5918379,490.8570097099318,69.35733768205459,3.5783942250588883,0.0006433207719639164,2.418803656968361,678.9692525140058,1.395242399657919,147.99950062779504,39.2652479139,45.0,727427,3.7199703040873895,0.002021903506399823,2.944929093884099
EJ204_xp200,EJ-204,200,right,1,scintillation,500.0,5918379,490.8570097099318,69.35733768205459,3.5783942250588883,0.0006433207719639164,2.418803656968361,678.9692525140058,1.395242399657919,147.99950062779504,45.0,60.0,1322150,4.266955035380958,0.001289511247053478,2.1582477256437294
EJ204_xp200,EJ-204,200,right,1,scintillation,500.0,5918379,490.8570097099318,69.35733768205459,3.5783942250588883,0.0006433207719639164,2.418803656968361,678.9692525140058,1.395242399657919,147.99950062779504,60.0,90.0,332896,5.681798917695532,0.005181545136135443,9.053302870896935
EJ204_xp200,EJ-204,200,right,1,scintillation,500.0,5918379,490.8570097099318,69.35733768205459,3.5783942250588883,0.0006433207719639164,2.418803656968361,678.9692525140058,1.395242399657919,147.99950062779504,90.0,120.0,56826,6.238559742607893,0.011271579062268954,7.1476498519950695
EJ204_xp200,EJ-204,200,right,1,scintillation,500.0,5918379,490.8570097099318,69.35733768205459,3.5783942250588883,0.0006433207719639164,2.418803656968361,678.9692525140058,1.395242399657919,147.99950062779504,120.0,180.0000001,238381,4.0806065615744025,0.003286639776930022,2.6054701889224035
EJ204_xp200,EJ-204,200,left,2,Cherenkov,900.0,70545,899.6654781667595,0.5733368260759505,7.366904045483046,0.009560396131320769,5.935496407478595,1397.8106880270734,1.553674979011037,129.8424588334794,0.0,15.0,490,4.831365371133605,0.015470714831779924,0.11642960551254689
EJ204_xp200,EJ-204,200,left,2,Cherenkov,900.0,70545,899.6654781667595,0.5733368260759505,7.366904045483046,0.009560396131320769,5.935496407478595,1397.8106880270734,1.553674979011037,129.8424588334794,15.0,30.0,1011,5.176864708684857,0.011178970976274624,0.12423993616285856
EJ204_xp200,EJ-204,200,left,2,Cherenkov,900.0,70545,899.6654781667595,0.5733368260759505,7.366904045483046,0.009560396131320769,5.935496407478595,1397.8106880270734,1.553674979011037,129.8424588334794,30.0,39.2652479139,739,5.880097152586972,0.03177406930917579,0.7272193499255835
EJ204_xp200,EJ-204,200,left,2,Cherenkov,900.0,70545,899.6654781667595,0.5733368260759505,7.366904045483046,0.009560396131320769,5.935496407478595,1397.8106880270734,1.553674979011037,129.8424588334794,39.2652479139,45.0,42042,6.835979196325399,0.010149365650653292,4.29921922282535
EJ204_xp200,EJ-204,200,left,2,Cherenkov,900.0,70545,899.6654781667595,0.5733368260759505,7.366904045483046,0.009560396131320769,5.935496407478595,1397.8106880270734,1.553674979011037,129.8424588334794,45.0,60.0,16544,7.809042959200224,0.013648952185139906,3.1151652359000153
EJ204_xp200,EJ-204,200,left,2,Cherenkov,900.0,70545,899.6654781667595,0.5733368260759505,7.366904045483046,0.009560396131320769,5.935496407478595,1397.8106880270734,1.553674979011037,129.8424588334794,60.0,90.0,3736,11.85162829474,0.050733626052941336,9.55365912361728
EJ204_xp200,EJ-204,200,left,2,Cherenkov,900.0,70545,899.6654781667595,0.5733368260759505,7.366904045483046,0.009560396131320769,5.935496407478595,1397.8106880270734,1.553674979011037,129.8424588334794,90.0,120.0,680,11.971641097751327,0.12727952072541632,10.993802475243967
EJ204_xp200,EJ-204,200,left,2,Cherenkov,900.0,70545,899.6654781667595,0.5733368260759505,7.366904045483046,0.009560396131320769,5.935496407478595,1397.8106880270734,1.553674979011037,129.8424588334794,120.0,180.0000001,5303,7.30571968620845,0.031299105307033184,5.3269513081204
EJ204_xp200,EJ-204,200,right,2,Cherenkov,500.0,168626,499.81665694622404,0.7018053758201821,4.3451692310273,0.005365508510754249,4.603567340220163,824.460351262214,1.649472695442756,125.8149646756441,0.0,15.0,691,2.694922118235238,0.01960280970877847,0.26257791570345645
EJ204_xp200,EJ-204,200,right,2,Cherenkov,500.0,168626,499.81665694622404,0.7018053758201821,4.3451692310273,0.005365508510754249,4.603567340220163,824.460351262214,1.649472695442756,125.8149646756441,15.0,30.0,1645,2.9007463737043073,0.016049707232687574,0.4134394799029213
EJ204_xp200,EJ-204,200,right,2,Cherenkov,500.0,168626,499.81665694622404,0.7018053758201821,4.3451692310273,0.005365508510754249,4.603567340220163,824.460351262214,1.649472695442756,125.8149646756441,30.0,39.2652479139,1483,3.2623671854650533,0.020020330788182786,0.5843997319339209
EJ204_xp200,EJ-204,200,right,2,Cherenkov,500.0,168626,499.81665694622404,0.7018053758201821,4.3451692310273,0.005365508510754249,4.603567340220163,824.460351262214,1.649472695442756,125.8149646756441,39.2652479139,45.0,79404,3.770604662444048,0.006878470996409216,3.659005924383294
EJ204_xp200,EJ-204,200,right,2,Cherenkov,500.0,168626,499.81665694622404,0.7018053758201821,4.3451692310273,0.005365508510754249,4.603567340220163,824.460351262214,1.649472695442756,125.8149646756441,45.0,60.0,52527,4.316140925437788,0.005564590494262367,1.601184230599408
EJ204_xp200,EJ-204,200,right,2,Cherenkov,500.0,168626,499.81665694622404,0.7018053758201821,4.3451692310273,0.005365508510754249,4.603567340220163,824.460351262214,1.649472695442756,125.8149646756441,60.0,90.0,17282,6.996001548891788,0.022753184363780342,8.801928683602242
EJ204_xp200,EJ-204,200,right,2,Cherenkov,500.0,168626,499.81665694622404,0.7018053758201821,4.3451692310273,0.005365508510754249,4.603567340220163,824.460351262214,1.649472695442756,125.8149646756441,90.0,120.0,3267,7.014341340090104,0.049056819352860354,7.826654151973614
EJ204_xp200,EJ-204,200,right,2,Cherenkov,500.0,168626,499.81665694622404,0.7018053758201821,4.3451692310273,0.005365508510754249,4.603567340220163,824.460351262214,1.649472695442756,125.8149646756441,120.0,180.0000001,12327,4.161654767057714,0.016919098446020006,3.5518138551145064
EJ204_xp500,EJ-204,500,left,1,scintillation,1200.0,1652983,1174.2409864230488,166.8703342284784,7.840626645400764,0.001717096928580334,5.011285901902021,1487.7100520257077,1.292327035993704,156.5785412105479,0.0,15.0,275937,6.421731305953372,0.0009890431222126458,0.2760235968835758
EJ204_xp500,EJ-204,500,left,1,scintillation,1200.0,1652983,1174.2409864230488,166.8703342284784,7.840626645400764,0.001717096928580334,5.011285901902021,1487.7100520257077,1.292327035993704,156.5785412105479,15.0,30.0,522424,6.859632853531012,0.0009486020427161936,0.4722987856385572
EJ204_xp500,EJ-204,500,left,1,scintillation,1200.0,1652983,1174.2409864230488,166.8703342284784,7.840626645400764,0.001717096928580334,5.011285901902021,1487.7100520257077,1.292327035993704,156.5785412105479,30.0,39.2652479139,321252,7.71487904518088,0.001784998634455441,1.0227784843621563
EJ204_xp500,EJ-204,500,left,1,scintillation,1200.0,1652983,1174.2409864230488,166.8703342284784,7.840626645400764,0.001717096928580334,5.011285901902021,1487.7100520257077,1.292327035993704,156.5785412105479,39.2652479139,45.0,200250,8.934523147751744,0.00394012888103449,3.1261911571958763
EJ204_xp500,EJ-204,500,left,1,scintillation,1200.0,1652983,1174.2409864230488,166.8703342284784,7.840626645400764,0.001717096928580334,5.011285901902021,1487.7100520257077,1.292327035993704,156.5785412105479,45.0,60.0,240843,10.104281062424565,0.004885242250674825,5.7086060123709075
EJ204_xp500,EJ-204,500,left,1,scintillation,1200.0,1652983,1174.2409864230488,166.8703342284784,7.840626645400764,0.001717096928580334,5.011285901902021,1487.7100520257077,1.292327035993704,156.5785412105479,60.0,90.0,36952,9.739585044212392,0.040429718625926085,59.82862554305774
EJ204_xp500,EJ-204,500,left,1,scintillation,1200.0,1652983,1174.2409864230488,166.8703342284784,7.840626645400764,0.001717096928580334,5.011285901902021,1487.7100520257077,1.292327035993704,156.5785412105479,90.0,120.0,4953,12.6664769372544,0.09186034659619535,43.68082705798997
EJ204_xp500,EJ-204,500,left,1,scintillation,1200.0,1652983,1174.2409864230488,166.8703342284784,7.840626645400764,0.001717096928580334,5.011285901902021,1487.7100520257077,1.292327035993704,156.5785412105479,120.0,180.0000001,50372,9.550033646655619,0.010466544952352134,5.383317789218694
EJ204_xp500,EJ-204,500,right,1,scintillation,200.0,12664392,197.41079457457693,31.32701689565519,1.677329824327594,0.00032408750589211534,1.287107421214801,318.24524802545255,1.6207236763421777,135.7367161795568,0.0,15.0,861039,1.0886600069767496,0.0005948147487922327,0.30789108879988003
EJ204_xp500,EJ-204,500,right,1,scintillation,200.0,12664392,197.41079457457693,31.32701689565519,1.677329824327594,0.00032408750589211534,1.287107421214801,318.24524802545255,1.6207236763421777,135.7367161795568,15.0,30.0,2360975,1.1550378742855312,0.0002839936173256462,0.18718963324376348
EJ204_xp500,EJ-204,500,right,1,scintillation,200.0,12664392,197.41079457457693,31.32701689565519,1.677329824327594,0.00032408750589211534,1.287107421214801,318.24524802545255,1.6207236763421777,135.7367161795568,30.0,39.2652479139,2055044,1.2971843001492482,0.00042130229639795503,0.3610550038963791
EJ204_xp500,EJ-204,500,right,1,scintillation,200.0,12664392,197.41079457457693,31.32701689565519,1.677329824327594,0.00032408750589211534,1.287107421214801,318.24524802545255,1.6207236763421777,135.7367161795568,39.2652479139,45.0,1421211,1.5076656675752014,0.0011246753841658496,1.779918792328504
EJ204_xp500,EJ-204,500,right,1,scintillation,200.0,12664392,197.41079457457693,31.32701689565519,1.677329824327594,0.00032408750589211534,1.287107421214801,318.24524802545255,1.6207236763421777,135.7367161795568,45.0,60.0,3293998,1.7383774406069814,0.0005243110909785934,0.8910017293834427
EJ204_xp500,EJ-204,500,right,1,scintillation,200.0,12664392,197.41079457457693,31.32701689565519,1.677329824327594,0.00032408750589211534,1.287107421214801,318.24524802545255,1.6207236763421777,135.7367161795568,60.0,90.0,1783493,2.861956548616298,0.0011030610531651023,2.114232763458663
EJ204_xp500,EJ-204,500,right,1,scintillation,200.0,12664392,197.41079457457693,31.32701689565519,1.677329824327594,0.00032408750589211534,1.287107421214801,318.24524802545255,1.6207236763421777,135.7367161795568,90.0,120.0,337503,3.0022512740166913,0.0022730955419915403,1.7188493907007008
EJ204_xp500,EJ-204,500,right,1,scintillation,200.0,12664392,197.41079457457693,31.32701689565519,1.677329824327594,0.00032408750589211534,1.287107421214801,318.24524802545255,1.6207236763421777,135.7367161795568,120.0,180.0000001,551129,1.6796905996433198,0.0014614028949184027,1.1758788869950823
EJ204_xp500,EJ-204,500,left,2,Cherenkov,1200.0,43267,1199.615235232292,0.5448617530286077,9.559599322260683,0.011637930253309859,5.128722404490304,1813.8578194790716,1.5120204214288082,130.254799393325,0.0,15.0,367,6.449686968601082,0.013998312957607211,0.07038532428094157
EJ204_xp500,EJ-204,500,left,2,Cherenkov,1200.0,43267,1199.615235232292,0.5448617530286077,9.559599322260683,0.011637930253309859,5.128722404490304,1813.8578194790716,1.5120204214288082,130.254799393325,15.0,30.0,600,6.923259729257612,0.01584019323020832,0.1452743207130709
EJ204_xp500,EJ-204,500,left,2,Cherenkov,1200.0,43267,1199.615235232292,0.5448617530286077,9.559599322260683,0.011637930253309859,5.128722404490304,1813.8578194790716,1.5120204214288082,130.254799393325,30.0,39.2652479139,499,7.7987447020513585,0.02805550486821615,0.32949279518717844
EJ204_xp500,EJ-204,500,left,2,Cherenkov,1200.0,43267,1199.615235232292,0.5448617530286077,9.559599322260683,0.011637930253309859,5.128722404490304,1813.8578194790716,1.5120204214288082,130.254799393325,39.2652479139,45.0,27266,8.952497154397896,0.009557568828462681,2.454606468158701
EJ204_xp500,EJ-204,500,left,2,Cherenkov,1200.0,43267,1199.615235232292,0.5448617530286077,9.559599322260683,0.011637930253309859,5.128722404490304,1813.8578194790716,1.5120204214288082,130.254799393325,45.0,60.0,8980,10.375896002813125,0.01666950038176924,2.4600712447493436
EJ204_xp500,EJ-204,500,left,2,Cherenkov,1200.0,43267,1199.615235232292,0.5448617530286077,9.559599322260683,0.011637930253309859,5.128722404490304,1813.8578194790716,1.5120204214288082,130.254799393325,60.0,90.0,1898,15.479799942040927,0.06429683760223542,7.91347935611978
EJ204_xp500,EJ-204,500,left,2,Cherenkov,1200.0,43267,1199.615235232292,0.5448617530286077,9.559599322260683,0.011637930253309859,5.128722404490304,1813.8578194790716,1.5120204214288082,130.254799393325,90.0,120.0,330,15.635244216835696,0.14029640133541302,6.362775352123833
EJ204_xp500,EJ-204,500,left,2,Cherenkov,1200.0,43267,1199.615235232292,0.5448617530286077,9.559599322260683,0.011637930253309859,5.128722404490304,1813.8578194790716,1.5120204214288082,130.254799393325,120.0,180.0000001,3327,9.434323689892933,0.03213672623563205,3.436268022003091
EJ204_xp500,EJ-204,500,right,2,Cherenkov,200.0,384780,200.30830491844338,0.8855563174214512,2.0912237806898166,0.00284252547074473,2.9255550306594627,396.7915509785501,1.9807029931024462,115.30617916411016,0.0,15.0,962,1.0625807735075163,0.0007719210269346614,0.0002366393321850957
EJ204_xp500,EJ-204,500,right,2,Cherenkov,200.0,384780,200.30830491844338,0.8855563174214512,2.0912237806898166,0.00284252547074473,2.9255550306594627,396.7915509785501,1.9807029931024462,115.30617916411016,15.0,30.0,2624,1.1512215911921448,0.007441528855419577,0.1425594645470596
EJ204_xp500,EJ-204,500,right,2,Cherenkov,200.0,384780,200.30830491844338,0.8855563174214512,2.0912237806898166,0.00284252547074473,2.9255550306594627,396.7915509785501,1.9807029931024462,115.30617916411016,30.0,39.2652479139,2451,1.3403881212559972,0.01978748183672603,0.9410668509412237
EJ204_xp500,EJ-204,500,right,2,Cherenkov,200.0,384780,200.30830491844338,0.8855563174214512,2.0912237806898166,0.00284252547074473,2.9255550306594627,396.7915509785501,1.9807029931024462,115.30617916411016,39.2652479139,45.0,134924,1.5877356770803885,0.00486393404950524,3.214974981858185
EJ204_xp500,EJ-204,500,right,2,Cherenkov,200.0,384780,200.30830491844338,0.8855563174214512,2.0912237806898166,0.00284252547074473,2.9255550306594627,396.7915509785501,1.9807029931024462,115.30617916411016,45.0,60.0,121147,1.7536927523920625,0.0025991889482783986,0.8073121439951856
EJ204_xp500,EJ-204,500,right,2,Cherenkov,200.0,384780,200.30830491844338,0.8855563174214512,2.0912237806898166,0.00284252547074473,2.9255550306594627,396.7915509785501,1.9807029931024462,115.30617916411016,60.0,90.0,80964,3.3547848904742406,0.006376681545922983,3.2818178681085985
EJ204_xp500,EJ-204,500,right,2,Cherenkov,200.0,384780,200.30830491844338,0.8855563174214512,2.0912237806898166,0.00284252547074473,2.9255550306594627,396.7915509785501,1.9807029931024462,115.30617916411016,90.0,120.0,15579,3.4322759885086334,0.014430132354814986,3.2349728324248623
EJ204_xp500,EJ-204,500,right,2,Cherenkov,200.0,384780,200.30830491844338,0.8855563174214512,2.0912237806898166,0.00284252547074473,2.9255550306594627,396.7915509785501,1.9807029931024462,115.30617916411016,120.0,180.0000001,26129,1.7438972415116853,0.009486774228849476,2.3792549456071552
EJ204_xp650,EJ-204,650,left,1,scintillation,1350.0,1364707,1319.953133043934,189.1877246188715,8.664505156596086,0.001902413300248866,5.098473504285465,1644.0350526270367,1.2663654278621066,157.8771569455677,0.0,15.0,235309,7.194765296955326,0.0010609394887248083,0.2693778954554915
EJ204_xp650,EJ-204,650,left,1,scintillation,1350.0,1364707,1319.953133043934,189.1877246188715,8.664505156596086,0.001902413300248866,5.098473504285465,1644.0350526270367,1.2663654278621066,157.8771569455677,15.0,30.0,421794,7.677015956940422,0.0011166131408898092,0.5192465222448206
EJ204_xp650,EJ-204,650,left,1,scintillation,1350.0,1364707,1319.953133043934,189.1877246188715,8.664505156596086,0.001902413300248866,5.098473504285465,1644.0350526270367,1.2663654278621066,157.8771569455677,30.0,39.2652479139,256817,8.589200421348346,0.001996407595826862,1.031076551169079
EJ204_xp650,EJ-204,650,left,1,scintillation,1350.0,1364707,1319.953133043934,189.1877246188715,8.664505156596086,0.001902413300248866,5.098473504285465,1644.0350526270367,1.2663654278621066,157.8771569455677,39.2652479139,45.0,166024,9.710736356626777,0.003858552405158863,2.50307752669913
EJ204_xp650,EJ-204,650,left,1,scintillation,1350.0,1364707,1319.953133043934,189.1877246188715,8.664505156596086,0.001902413300248866,5.098473504285465,1644.0350526270367,1.2663654278621066,157.8771569455677,45.0,60.0,216036,11.012732274714272,0.004821471563544953,5.121442493767688
EJ204_xp650,EJ-204,650,left,1,scintillation,1350.0,1364707,1319.953133043934,189.1877246188715,8.664505156596086,0.001902413300248866,5.098473504285465,1644.0350526270367,1.2663654278621066,157.8771569455677,60.0,90.0,23950,9.224261233503853,0.05868551956718515,82.45282472519376
EJ204_xp650,EJ-204,650,left,1,scintillation,1350.0,1364707,1319.953133043934,189.1877246188715,8.664505156596086,0.001902413300248866,5.098473504285465,1644.0350526270367,1.2663654278621066,157.8771569455677,90.0,120.0,3050,13.270547505834614,0.1534765048005663,71.15715971955214
EJ204_xp650,EJ-204,650,left,1,scintillation,1350.0,1364707,1319.953133043934,189.1877246188715,8.664505156596086,0.001902413300248866,5.098473504285465,1644.0350526270367,1.2663654278621066,157.8771569455677,120.0,180.0000001,41727,10.419817128534898,0.010804364637089548,4.844163135524255
EJ204_xp650,EJ-204,650,right,1,scintillation,50.0,23248902,52.23798223426302,17.10695895671302,0.595033200764404,0.00017075115052810286,0.5925054240267984,112.89510380266803,2.1678562549140024,122.39074374806066,0.0,15.0,1018355,0.2875061495628105,0.0005307979456944883,0.2820137401637396
EJ204_xp650,EJ-204,650,right,1,scintillation,50.0,23248902,52.23798223426302,17.10695895671302,0.595033200764404,0.00017075115052810286,0.5925054240267984,112.89510380266803,2.1678562549140024,122.39074374806066,15.0,30.0,3023457,0.29622471519001375,0.00022031077970968057,0.14388361658987125
EJ204_xp650,EJ-204,650,right,1,scintillation,50.0,23248902,52.23798223426302,17.10695895671302,0.595033200764404,0.00017075115052810286,0.5925054240267984,112.89510380266803,2.1678562549140024,122.39074374806066,30.0,39.2652479139,2622548,0.33507433437348116,0.00033070557678033886,0.2793050011129145
EJ204_xp650,EJ-204,650,right,1,scintillation,50.0,23248902,52.23798223426302,17.10695895671302,0.595033200764404,0.00017075115052810286,0.5925054240267984,112.89510380266803,2.1678562549140024,122.39074374806066,39.2652479139,45.0,2043670,0.4183065983415766,0.0007896480485603667,1.2679923582467725
EJ204_xp650,EJ-204,650,right,1,scintillation,50.0,23248902,52.23798223426302,17.10695895671302,0.595033200764404,0.00017075115052810286,0.5925054240267984,112.89510380266803,2.1678562549140024,122.39074374806066,45.0,60.0,5704493,0.4558821658155178,0.00032830884086603617,0.5925682780757568
EJ204_xp650,EJ-204,650,right,1,scintillation,50.0,23248902,52.23798223426302,17.10695895671302,0.595033200764404,0.00017075115052810286,0.5925054240267984,112.89510380266803,2.1678562549140024,122.39074374806066,60.0,90.0,6652524,1.0038911150744885,0.0003125130009333136,0.505882218042206
EJ204_xp650,EJ-204,650,right,1,scintillation,50.0,23248902,52.23798223426302,17.10695895671302,0.595033200764404,0.00017075115052810286,0.5925054240267984,112.89510380266803,2.1678562549140024,122.39074374806066,90.0,120.0,1270550,0.9630575216115322,0.00046520258244509515,0.24994560658805787
EJ204_xp650,EJ-204,650,right,1,scintillation,50.0,23248902,52.23798223426302,17.10695895671302,0.595033200764404,0.00017075115052810286,0.5925054240267984,112.89510380266803,2.1678562549140024,122.39074374806066,120.0,180.0000001,913305,0.44808064353927823,0.0008633842942910454,0.7052631035771254
EJ204_xp650,EJ-204,650,left,2,Cherenkov,1350.0,39046,1349.6260277976623,0.4875297377893284,10.286197749647611,0.011195608352551248,4.772646614074176,1951.7235340793102,1.4461123223099184,134.54878080232479,0.0,15.0,287,7.222485195177394,0.006601010222760931,0.011962451008862729
EJ204_xp650,EJ-204,650,left,2,Cherenkov,1350.0,39046,1349.6260277976623,0.4875297377893284,10.286197749647611,0.011195608352551248,4.772646614074176,1951.7235340793102,1.4461123223099184,134.54878080232479,15.0,30.0,468,7.723915554818959,0.012107297374782472,0.062105348300441676
EJ204_xp650,EJ-204,650,left,2,Cherenkov,1350.0,39046,1349.6260277976623,0.4875297377893284,10.286197749647611,0.011195608352551248,4.772646614074176,1951.7235340793102,1.4461123223099184,134.54878080232479,30.0,39.2652479139,316,8.811732552531454,0.06658190259851592,1.3639661723328658
EJ204_xp650,EJ-204,650,left,2,Cherenkov,1350.0,39046,1349.6260277976623,0.4875297377893284,10.286197749647611,0.011195608352551248,4.772646614074176,1951.7235340793102,1.4461123223099184,134.54878080232479,39.2652479139,45.0,26183,9.670836176167978,0.00798272714499387,1.6827056024629456
EJ204_xp650,EJ-204,650,left,2,Cherenkov,1350.0,39046,1349.6260277976623,0.4875297377893284,10.286197749647611,0.011195608352551248,4.772646614074176,1951.7235340793102,1.4461123223099184,134.54878080232479,45.0,60.0,7908,11.445652490986275,0.014097786784226643,1.5309764831552855
EJ204_xp650,EJ-204,650,left,2,Cherenkov,1350.0,39046,1349.6260277976623,0.4875297377893284,10.286197749647611,0.011195608352551248,4.772646614074176,1951.7235340793102,1.4461123223099184,134.54878080232479,60.0,90.0,1062,17.844704666204752,0.1412937900660766,21.427156544187312
EJ204_xp650,EJ-204,650,left,2,Cherenkov,1350.0,39046,1349.6260277976623,0.4875297377893284,10.286197749647611,0.011195608352551248,4.772646614074176,1951.7235340793102,1.4461123223099184,134.54878080232479,90.0,120.0,152,17.42183785145242,0.314282371699559,15.02716881516119
EJ204_xp650,EJ-204,650,left,2,Cherenkov,1350.0,39046,1349.6260277976623,0.4875297377893284,10.286197749647611,0.011195608352551248,4.772646614074176,1951.7235340793102,1.4461123223099184,134.54878080232479,120.0,180.0000001,2670,10.426893223675524,0.03578547297498393,3.4530499264789114
EJ204_xp650,EJ-204,650,right,2,Cherenkov,50.0,703363,52.57137977698256,2.612331713581546,0.7231091906804855,0.0013080941499870708,1.1408762905138738,137.20298955183492,2.6110580363686164,105.06507868165647,0.0,15.0,1383,0.27945074920330104,0.014833094664856643,0.30128185135222935
EJ204_xp650,EJ-204,650,right,2,Cherenkov,50.0,703363,52.57137977698256,2.612331713581546,0.7231091906804855,0.0013080941499870708,1.1408762905138738,137.20298955183492,2.6110580363686164,105.06507868165647,15.0,30.0,3549,0.30466527792986053,0.010762794269130979,0.4037854403675428
EJ204_xp650,EJ-204,650,right,2,Cherenkov,50.0,703363,52.57137977698256,2.612331713581546,0.7231091906804855,0.0013080941499870708,1.1408762905138738,137.20298955183492,2.6110580363686164,105.06507868165647,30.0,39.2652479139,3337,0.33422135063521075,0.010931808174832063,0.3950404006212788
EJ204_xp650,EJ-204,650,right,2,Cherenkov,50.0,703363,52.57137977698256,2.612331713581546,0.7231091906804855,0.0013080941499870708,1.1408762905138738,137.20298955183492,2.6110580363686164,105.06507868165647,39.2652479139,45.0,180980,0.4737703960192848,0.003628355328659763,2.396963188242704
EJ204_xp650,EJ-204,650,right,2,Cherenkov,50.0,703363,52.57137977698256,2.612331713581546,0.7231091906804855,0.0013080941499870708,1.1408762905138738,137.20298955183492,2.6110580363686164,105.06507868165647,45.0,60.0,190995,0.4554357633683771,0.0016404032949780547,0.5111100898400742
EJ204_xp650,EJ-204,650,right,2,Cherenkov,50.0,703363,52.57137977698256,2.612331713581546,0.7231091906804855,0.0013080941499870708,1.1408762905138738,137.20298955183492,2.6110580363686164,105.06507868165647,60.0,90.0,237594,1.1184990627579363,0.0015463099604474287,0.561633985150211
EJ204_xp650,EJ-204,650,right,2,Cherenkov,50.0,703363,52.57137977698256,2.612331713581546,0.7231091906804855,0.0013080941499870708,1.1408762905138738,137.20298955183492,2.6110580363686164,105.06507868165647,90.0,120.0,46635,1.05313319732977,0.0025842385292571637,0.3101583672474231
EJ204_xp650,EJ-204,650,right,2,Cherenkov,50.0,703363,52.57137977698256,2.612331713581546,0.7231091906804855,0.0013080941499870708,1.1408762905138738,137.20298955183492,2.6110580363686164,105.06507868165647,120.0,180.0000001,38890,0.47402321186708823,0.0056530612642193565,1.259574187827469
EJ230_xm650,EJ-230,-650,left,1,scintillation,50.0,20898168,52.21550720048914,15.65846481281718,0.5769656139621323,0.0001407717741426161,0.3831937237745451,109.46706124857235,2.102427334312469,123.09434028399889,0.0,15.0,925765,0.27853516191635996,0.0004214207664926724,0.1583570402668284
EJ230_xm650,EJ-230,-650,left,1,scintillation,50.0,20898168,52.21550720048914,15.65846481281718,0.5769656139621323,0.0001407717741426161,0.3831937237745451,109.46706124857235,2.102427334312469,123.09434028399889,15.0,30.0,2747826,0.2923987649532049,0.00018146433091279697,0.0876716318959049
EJ230_xm650,EJ-230,-650,left,1,scintillation,50.0,20898168,52.21550720048914,15.65846481281718,0.5769656139621323,0.0001407717741426161,0.3831937237745451,109.46706124857235,2.102427334312469,123.09434028399889,30.0,39.2652479139,2380973,0.3270761996832529,0.0002473160642114454,0.14226936807094165
EJ230_xm650,EJ-230,-650,left,1,scintillation,50.0,20898168,52.21550720048914,15.65846481281718,0.5769656139621323,0.0001407717741426161,0.3831937237745451,109.46706124857235,2.102427334312469,123.09434028399889,39.2652479139,45.0,1852001,0.3824875768203139,0.0005598409633565406,0.5711003312641815
EJ230_xm650,EJ-230,-650,left,1,scintillation,50.0,20898168,52.21550720048914,15.65846481281718,0.5769656139621323,0.0001407717741426161,0.3831937237745451,109.46706124857235,2.102427334312469,123.09434028399889,45.0,60.0,5156011,0.44035733796556786,0.00022364899825082706,0.2500477422636507
EJ230_xm650,EJ-230,-650,left,1,scintillation,50.0,20898168,52.21550720048914,15.65846481281718,0.5769656139621323,0.0001407717741426161,0.3831937237745451,109.46706124857235,2.102427334312469,123.09434028399889,60.0,90.0,5881760,0.9870650831538496,0.000281005976412193,0.44603394378522254
EJ230_xm650,EJ-230,-650,left,1,scintillation,50.0,20898168,52.21550720048914,15.65846481281718,0.5769656139621323,0.0001407717741426161,0.3831937237745451,109.46706124857235,2.102427334312469,123.09434028399889,90.0,120.0,1127568,0.9550658036437509,0.00044936116381467055,0.22427883449100827
EJ230_xm650,EJ-230,-650,left,1,scintillation,50.0,20898168,52.21550720048914,15.65846481281718,0.5769656139621323,0.0001407717741426161,0.3831937237745451,109.46706124857235,2.102427334312469,123.09434028399889,120.0,180.0000001,826264,0.43086650601212556,0.0006253435052859107,0.32746403221173404
EJ230_xm650,EJ-230,-650,right,1,scintillation,1350.0,888423,1319.2317966802498,190.16182397849585,8.536024778067878,0.0022028646635501017,4.331902269612769,1619.6571684553962,1.241749585183398,159.46896511686322,0.0,15.0,162611,7.1918051943415575,0.00126983011050635,0.2616656409237592
EJ230_xm650,EJ-230,-650,right,1,scintillation,1350.0,888423,1319.2317966802498,190.16182397849585,8.536024778067878,0.0022028646635501017,4.331902269612769,1619.6571684553962,1.241749585183398,159.46896511686322,15.0,30.0,286355,7.674332957632834,0.0013325705364133134,0.5179666384574517
EJ230_xm650,EJ-230,-650,right,1,scintillation,1350.0,888423,1319.2317966802498,190.16182397849585,8.536024778067878,0.0022028646635501017,4.331902269612769,1619.6571684553962,1.241749585183398,159.46896511686322,30.0,39.2652479139,167275,8.576931488996655,0.0024342823896802736,0.9714421101831618
EJ230_xm650,EJ-230,-650,right,1,scintillation,1350.0,888423,1319.2317966802498,190.16182397849585,8.536024778067878,0.0022028646635501017,4.331902269612769,1619.6571684553962,1.241749585183398,159.46896511686322,39.2652479139,45.0,103923,9.655095392157653,0.004258919952687798,1.8793213048198822
EJ230_xm650,EJ-230,-650,right,1,scintillation,1350.0,888423,1319.2317966802498,190.16182397849585,8.536024778067878,0.0022028646635501017,4.331902269612769,1619.6571684553962,1.241749585183398,159.46896511686322,45.0,60.0,127760,10.915112431728593,0.006157877475660569,4.851241905739386
EJ230_xm650,EJ-230,-650,right,1,scintillation,1350.0,888423,1319.2317966802498,190.16182397849585,8.536024778067878,0.0022028646635501017,4.331902269612769,1619.6571684553962,1.241749585183398,159.46896511686322,60.0,90.0,13417,7.6523619168101185,0.0744281262361447,74.04513776850405
EJ230_xm650,EJ-230,-650,right,1,scintillation,1350.0,888423,1319.2317966802498,190.16182397849585,8.536024778067878,0.0022028646635501017,4.331902269612769,1619.6571684553962,1.241749585183398,159.46896511686322,90.0,120.0,1613,11.770780095673844,0.20810062506581534,68.9561974511839
EJ230_xm650,EJ-230,-650,right,1,scintillation,1350.0,888423,1319.2317966802498,190.16182397849585,8.536024778067878,0.0022028646635501017,4.331902269612769,1619.6571684553962,1.241749585183398,159.46896511686322,120.0,180.0000001,25469,10.298206729531936,0.01298083365300858,4.278026739921387
EJ230_xm650,EJ-230,-650,left,2,Cherenkov,50.0,683176,52.565685174975755,2.5818108985320753,0.6897470480932228,0.001036639436444371,0.683183772591558,130.8728199684985,2.49129406816396,105.9353385600194,0.0,15.0,1386,0.26987786017463417,0.010550214642619522,0.15338268396968444
EJ230_xm650,EJ-230,-650,left,2,Cherenkov,50.0,683176,52.565685174975755,2.5818108985320753,0.6897470480932228,0.001036639436444371,0.683183772591558,130.8728199684985,2.49129406816396,105.9353385600194,15.0,30.0,3632,0.28414724900999355,0.004157850637075563,0.061985471957191715
EJ230_xm650,EJ-230,-650,left,2,Cherenkov,50.0,683176,52.565685174975755,2.5818108985320753,0.6897470480932228,0.001036639436444371,0.683183772591558,130.8728199684985,2.49129406816396,105.9353385600194,30.0,39.2652479139,3189,0.3249571955440104,0.008354033414664102,0.22030745027561724
EJ230_xm650,EJ-230,-650,left,2,Cherenkov,50.0,683176,52.565685174975755,2.5818108985320753,0.6897470480932228,0.001036639436444371,0.683183772591558,130.8728199684985,2.49129406816396,105.9353385600194,39.2652479139,45.0,178424,0.4095780293432743,0.002509083245047795,1.1492616320415368
EJ230_xm650,EJ-230,-650,left,2,Cherenkov,50.0,683176,52.565685174975755,2.5818108985320753,0.6897470480932228,0.001036639436444371,0.683183772591558,130.8728199684985,2.49129406816396,105.9353385600194,45.0,60.0,187009,0.44178817296764056,0.0010514215653336962,0.2090902960097297
EJ230_xm650,EJ-230,-650,left,2,Cherenkov,50.0,683176,52.565685174975755,2.5818108985320753,0.6897470480932228,0.001036639436444371,0.683183772591558,130.8728199684985,2.49129406816396,105.9353385600194,60.0,90.0,227788,1.1004174549734138,0.0014893792408530624,0.49187309321423167
EJ230_xm650,EJ-230,-650,left,2,Cherenkov,50.0,683176,52.565685174975755,2.5818108985320753,0.6897470480932228,0.001036639436444371,0.683183772591558,130.8728199684985,2.49129406816396,105.9353385600194,90.0,120.0,43668,1.0432938091866693,0.002380063288885968,0.24458526905600464
EJ230_xm650,EJ-230,-650,left,2,Cherenkov,50.0,683176,52.565685174975755,2.5818108985320753,0.6897470480932228,0.001036639436444371,0.683183772591558,130.8728199684985,2.49129406816396,105.9353385600194,120.0,180.0000001,38080,0.44272340519543524,0.004202435361212639,0.6760906991940026
EJ230_xm650,EJ-230,-650,right,2,Cherenkov,1350.0,26266,1349.6072167938871,0.8325918975824129,10.114916696921641,0.010931732856194143,2.9838254357828617,1919.2251512882146,1.4220502734453413,135.8891273998555,0.0,15.0,210,7.214520981135383,0.006494901324239596,0.008371504948065933
EJ230_xm650,EJ-230,-650,right,2,Cherenkov,1350.0,26266,1349.6072167938871,0.8325918975824129,10.114916696921641,0.010931732856194143,2.9838254357828617,1919.2251512882146,1.4220502734453413,135.8891273998555,15.0,30.0,360,7.7394771641726114,0.014170838915396475,0.06808920387503292
EJ230_xm650,EJ-230,-650,right,2,Cherenkov,1350.0,26266,1349.6072167938871,0.8325918975824129,10.114916696921641,0.010931732856194143,2.9838254357828617,1919.2251512882146,1.4220502734453413,135.8891273998555,30.0,39.2652479139,239,8.756436177703089,0.02565471079348978,0.16333005313224191
EJ230_xm650,EJ-230,-650,right,2,Cherenkov,1350.0,26266,1349.6072167938871,0.8325918975824129,10.114916696921641,0.010931732856194143,2.9838254357828617,1919.2251512882146,1.4220502734453413,135.8891273998555,39.2652479139,45.0,18069,9.616448683556413,0.006491361518812553,0.7647102507508805
EJ230_xm650,EJ-230,-650,right,2,Cherenkov,1350.0,26266,1349.6072167938871,0.8325918975824129,10.114916696921641,0.010931732856194143,2.9838254357828617,1919.2251512882146,1.4220502734453413,135.8891273998555,45.0,60.0,5028,11.377613305295712,0.016062848542795456,1.2827678207486883
EJ230_xm650,EJ-230,-650,right,2,Cherenkov,1350.0,26266,1349.6072167938871,0.8325918975824129,10.114916696921641,0.010931732856194143,2.9838254357828617,1919.2251512882146,1.4220502734453413,135.8891273998555,60.0,90.0,510,17.10799257826378,0.16839354748134597,14.39652647800176
EJ230_xm650,EJ-230,-650,right,2,Cherenkov,1350.0,26266,1349.6072167938871,0.8325918975824129,10.114916696921641,0.010931732856194143,2.9838254357828617,1919.2251512882146,1.4220502734453413,135.8891273998555,90.0,120.0,93,17.324447257587586,0.4180284330586884,16.24991753436285
EJ230_xm650,EJ-230,-650,right,2,Cherenkov,1350.0,26266,1349.6072167938871,0.8325918975824129,10.114916696921641,0.010931732856194143,2.9838254357828617,1919.2251512882146,1.4220502734453413,135.8891273998555,120.0,180.0000001,1757,10.234406236570502,0.029517377646158506,1.5038236805268639
EJ230_xm500,EJ-230,-500,left,1,scintillation,200.0,10885651,197.34721557335664,30.348041056446714,1.6367853600067308,0.00029214522037823785,0.9026592148885948,310.5529188545749,1.5823941848769454,136.77368004839158,0.0,15.0,758992,1.078860578556854,0.000509133182362943,0.19248389664160337
EJ230_xm500,EJ-230,-500,left,1,scintillation,200.0,10885651,197.34721557335664,30.348041056446714,1.6367853600067308,0.00029214522037823785,0.9026592148885948,310.5529188545749,1.5823941848769454,136.77368004839158,15.0,30.0,2074031,1.149580474395158,0.00023737797378612394,0.11647283622911542
EJ230_xm500,EJ-230,-500,left,1,scintillation,200.0,10885651,197.34721557335664,30.348041056446714,1.6367853600067308,0.00029214522037823785,0.9026592148885948,310.5529188545749,1.5823941848769454,136.77368004839158,30.0,39.2652479139,1788502,1.28714108460897,0.0003387960683191692,0.20123877197841256
EJ230_xm500,EJ-230,-500,left,1,scintillation,200.0,10885651,197.34721557335664,30.348041056446714,1.6367853600067308,0.00029214522037823785,0.9026592148885948,310.5529188545749,1.5823941848769454,136.77368004839158,39.2652479139,45.0,1229141,1.4577504888710835,0.0008520494808965856,0.8940722864443686
EJ230_xm500,EJ-230,-500,left,1,scintillation,200.0,10885651,197.34721557335664,30.348041056446714,1.6367853600067308,0.00029214522037823785,0.9026592148885948,310.5529188545749,1.5823941848769454,136.77368004839158,45.0,60.0,2824652,1.7149705532808857,0.0004046372887437567,0.45015254328470666
EJ230_xm500,EJ-230,-500,left,1,scintillation,200.0,10885651,197.34721557335664,30.348041056446714,1.6367853600067308,0.00029214522037823785,0.9026592148885948,310.5529188545749,1.5823941848769454,136.77368004839158,60.0,90.0,1460771,2.795200318825176,0.0010979988103861711,1.7609831386538195
EJ230_xm500,EJ-230,-500,left,1,scintillation,200.0,10885651,197.34721557335664,30.348041056446714,1.6367853600067308,0.00029214522037823785,0.9026592148885948,310.5529188545749,1.5823941848769454,136.77368004839158,90.0,120.0,275601,2.9437010391850302,0.002298531297007947,1.4911456704910702
EJ230_xm500,EJ-230,-500,left,1,scintillation,200.0,10885651,197.34721557335664,30.348041056446714,1.6367853600067308,0.00029214522037823785,0.9026592148885948,310.5529188545749,1.5823941848769454,136.77368004839158,120.0,180.0000001,473961,1.6497080683190686,0.001159564128597046,0.6112239283192165
EJ230_xm500,EJ-230,-500,right,1,scintillation,1200.0,1108531,1173.3997565796437,168.3379924736129,7.701791371987473,0.0019492869712872444,4.25059823625228,1461.3671773432536,1.2603659028866352,158.38788412757896,0.0,15.0,196614,6.417109215207044,0.00119451260299677,0.2795787857615295
EJ230_xm500,EJ-230,-500,right,1,scintillation,1200.0,1108531,1173.3997565796437,168.3379924736129,7.701791371987473,0.0019492869712872444,4.25059823625228,1461.3671773432536,1.2603659028866352,158.38788412757896,15.0,30.0,364176,6.851793026952287,0.0011424997924162445,0.46998788424167515
EJ230_xm500,EJ-230,-500,right,1,scintillation,1200.0,1108531,1173.3997565796437,168.3379924736129,7.701791371987473,0.0019492869712872444,4.25059823625228,1461.3671773432536,1.2603659028866352,158.38788412757896,30.0,39.2652479139,216608,7.692701159095608,0.002109398577746335,0.9804858205553799
EJ230_xm500,EJ-230,-500,right,1,scintillation,1200.0,1108531,1173.3997565796437,168.3379924736129,7.701791371987473,0.0019492869712872444,4.25059823625228,1461.3671773432536,1.2603659028866352,158.38788412757896,39.2652479139,45.0,129170,8.841668727870681,0.004470410153446623,2.585958336801596
EJ230_xm500,EJ-230,-500,right,1,scintillation,1200.0,1108531,1173.3997565796437,168.3379924736129,7.701791371987473,0.0019492869712872444,4.25059823625228,1461.3671773432536,1.2603659028866352,158.38788412757896,45.0,60.0,147254,9.985630423412358,0.005959566316435539,5.381915729511178
EJ230_xm500,EJ-230,-500,right,1,scintillation,1200.0,1108531,1173.3997565796437,168.3379924736129,7.701791371987473,0.0019492869712872444,4.25059823625228,1461.3671773432536,1.2603659028866352,158.38788412757896,60.0,90.0,20683,8.542689833155428,0.053017576679711534,58.304009013778284
EJ230_xm500,EJ-230,-500,right,1,scintillation,1200.0,1108531,1173.3997565796437,168.3379924736129,7.701791371987473,0.0019492869712872444,4.25059823625228,1461.3671773432536,1.2603659028866352,158.38788412757896,90.0,120.0,2632,11.609993085310615,0.133759325833874,46.46216388651388
EJ230_xm500,EJ-230,-500,right,1,scintillation,1200.0,1108531,1173.3997565796437,168.3379924736129,7.701791371987473,0.0019492869712872444,4.25059823625228,1461.3671773432536,1.2603659028866352,158.38788412757896,120.0,180.0000001,31394,9.386298736104315,0.012278626314424449,4.8177857948117975
EJ230_xm500,EJ-230,-500,left,2,Cherenkov,200.0,355512,200.30627071043324,0.8097892692094478,1.9901482397697567,0.002381802588967695,1.8834355100443063,377.6132747244086,1.8849894354961962,116.91172461936273,0.0,15.0,959,1.076159647310746,0.013469474990895038,0.17304896737684272
EJ230_xm500,EJ-230,-500,left,2,Cherenkov,200.0,355512,200.30627071043324,0.8097892692094478,1.9901482397697567,0.002381802588967695,1.8834355100443063,377.6132747244086,1.8849894354961962,116.91172461936273,15.0,30.0,2775,1.147309975321751,0.0052911921948172,0.07613202895109161
EJ230_xm500,EJ-230,-500,left,2,Cherenkov,200.0,355512,200.30627071043324,0.8097892692094478,1.9901482397697567,0.002381802588967695,1.8834355100443063,377.6132747244086,1.8849894354961962,116.91172461936273,30.0,39.2652479139,2545,1.3055103234766343,0.012616414173982411,0.4032560711895534
EJ230_xm500,EJ-230,-500,left,2,Cherenkov,200.0,355512,200.30627071043324,0.8097892692094478,1.9901482397697567,0.002381802588967695,1.8834355100443063,377.6132747244086,1.8849894354961962,116.91172461936273,39.2652479139,45.0,126701,1.492734633265547,0.003506860455416782,1.5838260250347354
EJ230_xm500,EJ-230,-500,left,2,Cherenkov,200.0,355512,200.30627071043324,0.8097892692094478,1.9901482397697567,0.002381802588967695,1.8834355100443063,377.6132747244086,1.8849894354961962,116.91172461936273,45.0,60.0,113333,1.7291251913604266,0.0017918649404493879,0.36295002779506236
EJ230_xm500,EJ-230,-500,left,2,Cherenkov,200.0,355512,200.30627071043324,0.8097892692094478,1.9901482397697567,0.002381802588967695,1.8834355100443063,377.6132747244086,1.8849894354961962,116.91172461936273,60.0,90.0,70927,3.2290327476566008,0.006147979272019139,2.654018519642081
EJ230_xm500,EJ-230,-500,left,2,Cherenkov,200.0,355512,200.30627071043324,0.8097892692094478,1.9901482397697567,0.002381802588967695,1.8834355100443063,377.6132747244086,1.8849894354961962,116.91172461936273,90.0,120.0,13680,3.291013673021022,0.013639164286028342,2.5276846225492147
EJ230_xm500,EJ-230,-500,left,2,Cherenkov,200.0,355512,200.30627071043324,0.8097892692094478,1.9901482397697567,0.002381802588967695,1.8834355100443063,377.6132747244086,1.8849894354961962,116.91172461936273,120.0,180.0000001,24592,1.6606476146182574,0.006522048547390431,1.0506229042890003
EJ230_xm500,EJ-230,-500,right,2,Cherenkov,1200.0,29650,1199.617344762288,0.737453191372159,9.400683443321835,0.011986949757559954,3.9412196833862936,1783.704433415064,1.4868840327359045,131.67775150044136,0.0,15.0,260,6.475087912874128,0.022649160541457995,0.13169475973574407
EJ230_xm500,EJ-230,-500,right,2,Cherenkov,1200.0,29650,1199.617344762288,0.737453191372159,9.400683443321835,0.011986949757559954,3.9412196833862936,1783.704433415064,1.4868840327359045,131.67775150044136,15.0,30.0,458,6.932922343206935,0.01791821246864043,0.13717651336601477
EJ230_xm500,EJ-230,-500,right,2,Cherenkov,1200.0,29650,1199.617344762288,0.737453191372159,9.400683443321835,0.011986949757559954,3.9412196833862936,1783.704433415064,1.4868840327359045,131.67775150044136,30.0,39.2652479139,317,7.834234587641407,0.035263882577477076,0.38015205506200545
EJ230_xm500,EJ-230,-500,right,2,Cherenkov,1200.0,29650,1199.617344762288,0.737453191372159,9.400683443321835,0.011986949757559954,3.9412196833862936,1783.704433415064,1.4868840327359045,131.67775150044136,39.2652479139,45.0,18915,8.875301757419342,0.009617721801819433,1.7251705039476946
EJ230_xm500,EJ-230,-500,right,2,Cherenkov,1200.0,29650,1199.617344762288,0.737453191372159,9.400683443321835,0.011986949757559954,3.9412196833862936,1783.704433415064,1.4868840327359045,131.67775150044136,45.0,60.0,6121,10.304151936420428,0.019376686663461547,2.3268647369357893
EJ230_xm500,EJ-230,-500,right,2,Cherenkov,1200.0,29650,1199.617344762288,0.737453191372159,9.400683443321835,0.011986949757559954,3.9412196833862936,1783.704433415064,1.4868840327359045,131.67775150044136,60.0,90.0,999,15.24472018184612,0.07347042928404668,5.467338393545134
EJ230_xm500,EJ-230,-500,right,2,Cherenkov,1200.0,29650,1199.617344762288,0.737453191372159,9.400683443321835,0.011986949757559954,3.9412196833862936,1783.704433415064,1.4868840327359045,131.67775150044136,90.0,120.0,196,15.085613891377147,0.15617238939124667,4.859175001224514
EJ230_xm500,EJ-230,-500,right,2,Cherenkov,1200.0,29650,1199.617344762288,0.737453191372159,9.400683443321835,0.011986949757559954,3.9412196833862936,1783.704433415064,1.4868840327359045,131.67775150044136,120.0,180.0000001,2384,9.334609023021624,0.03499983637964871,2.885006991859825
EJ230_xm200,EJ-230,-200,left,1,scintillation,500.0,4721624,490.6713337151094,69.1747712024334,3.5055345042426644,0.0006086323482169106,1.7663579091256452,665.1453857581221,1.367800324853492,149.29146038961053,0.0,15.0,497981,2.6846174278560064,0.0007271106912811869,0.2650102711222795
EJ230_xm200,EJ-230,-200,left,1,scintillation,500.0,4721624,490.6713337151094,69.1747712024334,3.5055345042426644,0.0006086323482169106,1.7663579091256452,665.1453857581221,1.367800324853492,149.29146038961053,15.0,30.0,1217865,2.866686447677273,0.0004325591929036443,0.2239092848812767
EJ230_xm200,EJ-230,-200,left,1,scintillation,500.0,4721624,490.6713337151094,69.1747712024334,3.5055345042426644,0.0006086323482169106,1.7663579091256452,665.1453857581221,1.367800324853492,149.29146038961053,30.0,39.2652479139,933745,3.2086521159387993,0.0006714012520318869,0.41336695471945006
EJ230_xm200,EJ-230,-200,left,1,scintillation,500.0,4721624,490.6713337151094,69.1747712024334,3.5055345042426644,0.0006086323482169106,1.7663579091256452,665.1453857581221,1.367800324853492,149.29146038961053,39.2652479139,45.0,576516,3.6317225752913065,0.0017479377954836498,1.73006146414912
EJ230_xm200,EJ-230,-200,left,1,scintillation,500.0,4721624,490.6713337151094,69.1747712024334,3.5055345042426644,0.0006086323482169106,1.7663579091256452,665.1453857581221,1.367800324853492,149.29146038961053,45.0,60.0,1027908,4.209448145331085,0.001160573109547032,1.4066173658376222
EJ230_xm200,EJ-230,-200,left,1,scintillation,500.0,4721624,490.6713337151094,69.1747712024334,3.5055345042426644,0.0006086323482169106,1.7663579091256452,665.1453857581221,1.367800324853492,149.29146038961053,60.0,90.0,240337,5.462902198314164,0.0057616664934272924,7.936367145466573
EJ230_xm200,EJ-230,-200,left,1,scintillation,500.0,4721624,490.6713337151094,69.1747712024334,3.5055345042426644,0.0006086323482169106,1.7663579091256452,665.1453857581221,1.367800324853492,149.29146038961053,90.0,120.0,40497,6.06187056029772,0.012171756789454032,5.9835369985383124
EJ230_xm200,EJ-230,-200,left,1,scintillation,500.0,4721624,490.6713337151094,69.1747712024334,3.5055345042426644,0.0006086323482169106,1.7663579091256452,665.1453857581221,1.367800324853492,149.29146038961053,120.0,180.0000001,186775,4.007660136619529,0.0029025610600293935,1.555167852134275
EJ230_xm200,EJ-230,-200,right,1,scintillation,900.0,1925314,881.0140072159725,125.50096126159211,5.900960817246975,0.001314361957043608,3.275190375345126,1119.6698151146293,1.2853241203581458,156.52181569985748,0.0,15.0,293404,4.82802630130547,0.00105162079749482,0.3210273480569512
EJ230_xm200,EJ-230,-200,right,1,scintillation,900.0,1925314,881.0140072159725,125.50096126159211,5.900960817246975,0.001314361957043608,3.275190375345126,1119.6698151146293,1.2853241203581458,156.52181569985748,15.0,30.0,603798,5.154584548547718,0.0008195290529036557,0.389724861020742
EJ230_xm200,EJ-230,-200,right,1,scintillation,900.0,1925314,881.0140072159725,125.50096126159211,5.900960817246975,0.001314361957043608,3.275190375345126,1119.6698151146293,1.2853241203581458,156.52181569985748,30.0,39.2652479139,391655,5.779245807426811,0.0014712076447817887,0.8409009949229613
EJ230_xm200,EJ-230,-200,right,1,scintillation,900.0,1925314,881.0140072159725,125.50096126159211,5.900960817246975,0.001314361957043608,3.275190375345126,1119.6698151146293,1.2853241203581458,156.52181569985748,39.2652479139,45.0,229075,6.648330418185189,0.0036451486677981128,3.0953128335523346
EJ230_xm200,EJ-230,-200,right,1,scintillation,900.0,1925314,881.0140072159725,125.50096126159211,5.900960817246975,0.001314361957043608,3.275190375345126,1119.6698151146293,1.2853241203581458,156.52181569985748,45.0,60.0,294344,7.512078033777836,0.0037504807371242874,4.065460987441632
EJ230_xm200,EJ-230,-200,right,1,scintillation,900.0,1925314,881.0140072159725,125.50096126159211,5.900960817246975,0.001314361957043608,3.275190375345126,1119.6698151146293,1.2853241203581458,156.52181569985748,60.0,90.0,46727,7.423551165517559,0.026374435677087603,32.03465668913504
EJ230_xm200,EJ-230,-200,right,1,scintillation,900.0,1925314,881.0140072159725,125.50096126159211,5.900960817246975,0.001314361957043608,3.275190375345126,1119.6698151146293,1.2853241203581458,156.52181569985748,90.0,120.0,6543,9.520638826802033,0.05902250708815046,22.724399585627125
EJ230_xm200,EJ-230,-200,right,1,scintillation,900.0,1925314,881.0140072159725,125.50096126159211,5.900960817246975,0.001314361957043608,3.275190375345126,1119.6698151146293,1.2853241203581458,156.52181569985748,120.0,180.0000001,59768,7.1203099578716,0.008224346959216098,4.029304731501419
EJ230_xm200,EJ-230,-200,left,2,Cherenkov,500.0,142603,499.8241241124194,0.46739156041226115,4.20384745772643,0.0046830779001247585,2.9681734440180385,797.6454692936702,1.5958102766174977,127.30566887393671,0.0,15.0,574,2.6942618049249356,0.026000653329410803,0.39057310869431117
EJ230_xm200,EJ-230,-200,left,2,Cherenkov,500.0,142603,499.8241241124194,0.46739156041226115,4.20384745772643,0.0046830779001247585,2.9681734440180385,797.6454692936702,1.5958102766174977,127.30566887393671,15.0,30.0,1379,2.8839071883393936,0.011349996449688286,0.1732693827614291
EJ230_xm200,EJ-230,-200,left,2,Cherenkov,500.0,142603,499.8241241124194,0.46739156041226115,4.20384745772643,0.0046830779001247585,2.9681734440180385,797.6454692936702,1.5958102766174977,127.30566887393671,30.0,39.2652479139,1172,3.3033670718913006,0.029449841451867863,1.0011287793810588
EJ230_xm200,EJ-230,-200,left,2,Cherenkov,500.0,142603,499.8241241124194,0.46739156041226115,4.20384745772643,0.0046830779001247585,2.9681734440180385,797.6454692936702,1.5958102766174977,127.30566887393671,39.2652479139,45.0,68795,3.6675834066218176,0.00576352042528441,2.2882502402256115
EJ230_xm200,EJ-230,-200,left,2,Cherenkov,500.0,142603,499.8241241124194,0.46739156041226115,4.20384745772643,0.0046830779001247585,2.9681734440180385,797.6454692936702,1.5958102766174977,127.30566887393671,45.0,60.0,44303,4.2615209288452895,0.004405626400489655,0.8724735532670707
EJ230_xm200,EJ-230,-200,left,2,Cherenkov,500.0,142603,499.8241241124194,0.46739156041226115,4.20384745772643,0.0046830779001247585,2.9681734440180385,797.6454692936702,1.5958102766174977,127.30566887393671,60.0,90.0,13417,6.696803036995452,0.019863156301813397,5.2284628468955106
EJ230_xm200,EJ-230,-200,left,2,Cherenkov,500.0,142603,499.8241241124194,0.46739156041226115,4.20384745772643,0.0046830779001247585,2.9681734440180385,797.6454692936702,1.5958102766174977,127.30566887393671,90.0,120.0,2485,6.811225628265444,0.04777935726328421,5.53751158296965
EJ230_xm200,EJ-230,-200,left,2,Cherenkov,500.0,142603,499.8241241124194,0.46739156041226115,4.20384745772643,0.0046830779001247585,2.9681734440180385,797.6454692936702,1.5958102766174977,127.30566887393671,120.0,180.0000001,10478,4.027470348765991,0.012227442096590171,1.570235225526222
EJ230_xm200,EJ-230,-200,right,2,Cherenkov,900.0,53381,899.6393577380804,2.6750289777517264,7.182129380051985,0.009380899806229987,4.322745593608886,1362.7515751218648,1.5147472256493761,131.6689219492518,0.0,15.0,419,4.809293245646331,0.0025943001238148203,0.0026110488432316004
EJ230_xm200,EJ-230,-200,right,2,Cherenkov,900.0,53381,899.6393577380804,2.6750289777517264,7.182129380051985,0.009380899806229987,4.322745593608886,1362.7515751218648,1.5147472256493761,131.6689219492518,15.0,30.0,802,5.17028808168736,0.013786927874250704,0.14493971865650934
EJ230_xm200,EJ-230,-200,right,2,Cherenkov,900.0,53381,899.6393577380804,2.6750289777517264,7.182129380051985,0.009380899806229987,4.322745593608886,1362.7515751218648,1.5147472256493761,131.6689219492518,30.0,39.2652479139,511,5.885596148021507,0.037246983084343606,0.6818584749931844
EJ230_xm200,EJ-230,-200,right,2,Cherenkov,900.0,53381,899.6393577380804,2.6750289777517264,7.182129380051985,0.009380899806229987,4.322745593608886,1362.7515751218648,1.5147472256493761,131.6689219492518,39.2652479139,45.0,32377,6.700683204092832,0.009755913560763592,3.054672896333912
EJ230_xm200,EJ-230,-200,right,2,Cherenkov,900.0,53381,899.6393577380804,2.6750289777517264,7.182129380051985,0.009380899806229987,4.322745593608886,1362.7515751218648,1.5147472256493761,131.6689219492518,45.0,60.0,12351,7.702988015563278,0.013118925447759581,2.0879023281395916
EJ230_xm200,EJ-230,-200,right,2,Cherenkov,900.0,53381,899.6393577380804,2.6750289777517264,7.182129380051985,0.009380899806229987,4.322745593608886,1362.7515751218648,1.5147472256493761,131.6689219492518,60.0,90.0,2394,11.612886031532188,0.05129160091608755,6.240926712736808
EJ230_xm200,EJ-230,-200,right,2,Cherenkov,900.0,53381,899.6393577380804,2.6750289777517264,7.182129380051985,0.009380899806229987,4.322745593608886,1362.7515751218648,1.5147472256493761,131.6689219492518,90.0,120.0,435,11.737508209213969,0.1318101859089279,7.65984461858352
EJ230_xm200,EJ-230,-200,right,2,Cherenkov,900.0,53381,899.6393577380804,2.6750289777517264,7.182129380051985,0.009380899806229987,4.322745593608886,1362.7515751218648,1.5147472256493761,131.6689219492518,120.0,180.0000001,4092,7.142070768290598,0.02875962900621116,3.4149380583460243
EJ230_xp0,EJ-230,0,left,1,scintillation,700.0,2957937,686.0652832854245,96.63622643925414,4.709847402250768,0.0009179567495627029,2.4789476839907465,893.6607998773566,1.3153431848203374,153.65056130532489,0.0,15.0,383445,3.7555642043452746,0.0008745708122201023,0.29662200464355415
EJ230_xp0,EJ-230,0,left,1,scintillation,700.0,2957937,686.0652832854245,96.63622643925414,4.709847402250768,0.0009179567495627029,2.4789476839907465,893.6607998773566,1.3153431848203374,153.65056130532489,15.0,30.0,858756,4.010897301337627,0.0005909987167427875,0.30257948433763104
EJ230_xp0,EJ-230,0,left,1,scintillation,700.0,2957937,686.0652832854245,96.63622643925414,4.709847402250768,0.0009179567495627029,2.4789476839907465,893.6607998773566,1.3153431848203374,153.65056130532489,30.0,39.2652479139,603786,4.491317569683327,0.0009976761456678125,0.6115417138605501
EJ230_xp0,EJ-230,0,left,1,scintillation,700.0,2957937,686.0652832854245,96.63622643925414,4.709847402250768,0.0009179567495627029,2.4789476839907465,893.6607998773566,1.3153431848203374,153.65056130532489,39.2652479139,45.0,352523,5.1114572561066725,0.0026408606774083175,2.4298668721015027
EJ230_xp0,EJ-230,0,left,1,scintillation,700.0,2957937,686.0652832854245,96.63622643925414,4.709847402250768,0.0009179567495627029,2.4789476839907465,893.6607998773566,1.3153431848203374,153.65056130532489,45.0,60.0,539950,5.84973458067788,0.0021402721901672733,2.4522651882501023
EJ230_xp0,EJ-230,0,left,1,scintillation,700.0,2957937,686.0652832854245,96.63622643925414,4.709847402250768,0.0009179567495627029,2.4789476839907465,893.6607998773566,1.3153431848203374,153.65056130532489,60.0,90.0,99121,6.733666827229528,0.013312535744618345,17.365523394120437
EJ230_xp0,EJ-230,0,left,1,scintillation,700.0,2957937,686.0652832854245,96.63622643925414,4.709847402250768,0.0009179567495627029,2.4789476839907465,893.6607998773566,1.3153431848203374,153.65056130532489,90.0,120.0,15687,7.901980779579302,0.02846407176863117,12.67198304531314
EJ230_xp0,EJ-230,0,left,1,scintillation,700.0,2957937,686.0652832854245,96.63622643925414,4.709847402250768,0.0009179567495627029,2.4789476839907465,893.6607998773566,1.3153431848203374,153.65056130532489,120.0,180.0000001,104669,5.573055927708781,0.005137284936183388,2.762822431123883
EJ230_xp0,EJ-230,0,right,1,scintillation,700.0,2959844,685.9843668545122,96.87899605871314,4.708299562013034,0.000905809848855498,2.4649520703023704,893.3671182297887,1.316888592656918,153.65572489997686,0.0,15.0,384303,3.756020922128994,0.0008804682783434374,0.2934277780255048
EJ230_xp0,EJ-230,0,right,1,scintillation,700.0,2959844,685.9843668545122,96.87899605871314,4.708299562013034,0.000905809848855498,2.4649520703023704,893.3671182297887,1.316888592656918,153.65572489997686,15.0,30.0,858611,4.010108110784408,0.0005904411681598422,0.3003253317693009
EJ230_xp0,EJ-230,0,right,1,scintillation,700.0,2959844,685.9843668545122,96.87899605871314,4.708299562013034,0.000905809848855498,2.4649520703023704,893.3671182297887,1.316888592656918,153.65572489997686,30.0,39.2652479139,602883,4.489893959176422,0.0009973477747624907,0.5991186343178221
EJ230_xp0,EJ-230,0,right,1,scintillation,700.0,2959844,685.9843668545122,96.87899605871314,4.708299562013034,0.000905809848855498,2.4649520703023704,893.3671182297887,1.316888592656918,153.65572489997686,39.2652479139,45.0,353058,5.1094346314036905,0.0026194453012343645,2.4047259170614055
EJ230_xp0,EJ-230,0,right,1,scintillation,700.0,2959844,685.9843668545122,96.87899605871314,4.708299562013034,0.000905809848855498,2.4649520703023704,893.3671182297887,1.316888592656918,153.65572489997686,45.0,60.0,541568,5.849209760889343,0.0021344503873667355,2.4665190566517623
EJ230_xp0,EJ-230,0,right,1,scintillation,700.0,2959844,685.9843668545122,96.87899605871314,4.708299562013034,0.000905809848855498,2.4649520703023704,893.3671182297887,1.316888592656918,153.65572489997686,60.0,90.0,98606,6.701890351058312,0.013107696661730516,17.350465228138972
EJ230_xp0,EJ-230,0,right,1,scintillation,700.0,2959844,685.9843668545122,96.87899605871314,4.708299562013034,0.000905809848855498,2.4649520703023704,893.3671182297887,1.316888592656918,153.65572489997686,90.0,120.0,15576,7.901862041210994,0.02793707982535398,12.256035707656046
EJ230_xp0,EJ-230,0,right,1,scintillation,700.0,2959844,685.9843668545122,96.87899605871314,4.708299562013034,0.000905809848855498,2.4649520703023704,893.3671182297887,1.316888592656918,153.65572489997686,120.0,180.0000001,105239,5.5756973983152145,0.005066799797266252,2.7555651630155005
EJ230_xp0,EJ-230,0,left,2,Cherenkov,700.0,83874,699.7246977306801,0.5688609647114996,5.690402127074785,0.0069471582716013934,3.7596154832858844,1079.7081489533928,1.543020181331502,130.19996421933175,0.0,15.0,530,3.8089231303263453,0.03132191570369578,0.5129791221740145
EJ230_xp0,EJ-230,0,left,2,Cherenkov,700.0,83874,699.7246977306801,0.5688609647114996,5.690402127074785,0.0069471582716013934,3.7596154832858844,1079.7081489533928,1.543020181331502,130.19996421933175,15.0,30.0,1147,4.045981749742728,0.014060785502724002,0.22122157613885207
EJ230_xp0,EJ-230,0,left,2,Cherenkov,700.0,83874,699.7246977306801,0.5688609647114996,5.690402127074785,0.0069471582716013934,3.7596154832858844,1079.7081489533928,1.543020181331502,130.19996421933175,30.0,39.2652479139,882,4.53642427568964,0.018981436846123086,0.3134861421224251
EJ230_xp0,EJ-230,0,left,2,Cherenkov,700.0,83874,699.7246977306801,0.5688609647114996,5.690402127074785,0.0069471582716013934,3.7596154832858844,1079.7081489533928,1.543020181331502,130.19996421933175,39.2652479139,45.0,45318,5.173027871642184,0.007984835611008744,2.9067627606711994
EJ230_xp0,EJ-230,0,left,2,Cherenkov,700.0,83874,699.7246977306801,0.5688609647114996,5.690402127074785,0.0069471582716013934,3.7596154832858844,1079.7081489533928,1.543020181331502,130.19996421933175,45.0,60.0,22769,5.944152361789632,0.008062892319761929,1.4701714777764323
EJ230_xp0,EJ-230,0,left,2,Cherenkov,700.0,83874,699.7246977306801,0.5688609647114996,5.690402127074785,0.0069471582716013934,3.7596154832858844,1079.7081489533928,1.543020181331502,130.19996421933175,60.0,90.0,5577,8.985325215226155,0.03046622927842134,5.238830161094057
EJ230_xp0,EJ-230,0,left,2,Cherenkov,700.0,83874,699.7246977306801,0.5688609647114996,5.690402127074785,0.0069471582716013934,3.7596154832858844,1079.7081489533928,1.543020181331502,130.19996421933175,90.0,120.0,1057,9.18820881007964,0.08590825698483041,7.744126418357354
EJ230_xp0,EJ-230,0,left,2,Cherenkov,700.0,83874,699.7246977306801,0.5688609647114996,5.690402127074785,0.0069471582716013934,3.7596154832858844,1079.7081489533928,1.543020181331502,130.19996421933175,120.0,180.0000001,6594,5.614105826333835,0.020744554421301405,2.8298753705121165
EJ230_xp0,EJ-230,0,right,2,Cherenkov,700.0,83394,699.7239398906727,0.7114861789732256,5.701209869725748,0.0070934324842225,3.9076280586648693,1081.7586411517336,1.5459518225787485,130.1056740502278,0.0,15.0,517,3.7580473666606493,0.014973095956776025,0.11505492503546044
EJ230_xp0,EJ-230,0,right,2,Cherenkov,700.0,83394,699.7239398906727,0.7114861789732256,5.701209869725748,0.0070934324842225,3.9076280586648693,1081.7586411517336,1.5459518225787485,130.1056740502278,15.0,30.0,1141,4.015447229326231,0.003996270676761496,0.01628696060100765
EJ230_xp0,EJ-230,0,right,2,Cherenkov,700.0,83394,699.7239398906727,0.7114861789732256,5.701209869725748,0.0070934324842225,3.9076280586648693,1081.7586411517336,1.5459518225787485,130.1056740502278,30.0,39.2652479139,843,4.663075560857457,0.04559387085391368,1.725027857313421
EJ230_xp0,EJ-230,0,right,2,Cherenkov,700.0,83394,699.7239398906727,0.7114861789732256,5.701209869725748,0.0070934324842225,3.9076280586648693,1081.7586411517336,1.5459518225787485,130.1056740502278,39.2652479139,45.0,44933,5.17320644221334,0.008101453212493942,2.93930023467507
EJ230_xp0,EJ-230,0,right,2,Cherenkov,700.0,83394,699.7239398906727,0.7114861789732256,5.701209869725748,0.0070934324842225,3.9076280586648693,1081.7586411517336,1.5459518225787485,130.1056740502278,45.0,60.0,22841,5.945488209585262,0.00790408821524426,1.4378952520939237
EJ230_xp0,EJ-230,0,right,2,Cherenkov,700.0,83394,699.7239398906727,0.7114861789732256,5.701209869725748,0.0070934324842225,3.9076280586648693,1081.7586411517336,1.5459518225787485,130.1056740502278,60.0,90.0,5497,9.054803128658206,0.0338851901124474,6.291087637068713
EJ230_xp0,EJ-230,0,right,2,Cherenkov,700.0,83394,699.7239398906727,0.7114861789732256,5.701209869725748,0.0070934324842225,3.9076280586648693,1081.7586411517336,1.5459518225787485,130.1056740502278,90.0,120.0,1084,9.219144323370472,0.07507250948284157,6.225526366214268
EJ230_xp0,EJ-230,0,right,2,Cherenkov,700.0,83394,699.7239398906727,0.7114861789732256,5.701209869725748,0.0070934324842225,3.9076280586648693,1081.7586411517336,1.5459518225787485,130.1056740502278,120.0,180.0000001,6538,5.655368750841949,0.02317244082271188,3.495076485730312
EJ230_xp200,EJ-230,200,left,1,scintillation,900.0,1925053,881.0882321434814,125.38720782686603,5.90284301551817,0.0012921835884028038,3.2662585780135487,1120.0270815123288,1.2861417249120728,156.49204259114225,0.0,15.0,293124,4.829810594585361,0.0010447264634722534,0.3176962109702579
EJ230_xp200,EJ-230,200,left,1,scintillation,900.0,1925053,881.0882321434814,125.38720782686603,5.90284301551817,0.0012921835884028038,3.2662585780135487,1120.0270815123288,1.2861417249120728,156.49204259114225,15.0,30.0,603287,5.153850508264981,0.000808383121493757,0.38735283252220754
EJ230_xp200,EJ-230,200,left,1,scintillation,900.0,1925053,881.0882321434814,125.38720782686603,5.90284301551817,0.0012921835884028038,3.2662585780135487,1120.0270815123288,1.2861417249120728,156.49204259114225,30.0,39.2652479139,391758,5.781873939214026,0.0014710514927485248,0.8415491466286795
EJ230_xp200,EJ-230,200,left,1,scintillation,900.0,1925053,881.0882321434814,125.38720782686603,5.90284301551817,0.0012921835884028038,3.2662585780135487,1120.0270815123288,1.2861417249120728,156.49204259114225,39.2652479139,45.0,228842,6.652423600077465,0.003713493909146413,3.0875147174197224
EJ230_xp200,EJ-230,200,left,1,scintillation,900.0,1925053,881.0882321434814,125.38720782686603,5.90284301551817,0.0012921835884028038,3.2662585780135487,1120.0270815123288,1.2861417249120728,156.49204259114225,45.0,60.0,295325,7.510144502317794,0.003712829819609875,4.067405973169926
EJ230_xp200,EJ-230,200,left,1,scintillation,900.0,1925053,881.0882321434814,125.38720782686603,5.90284301551817,0.0012921835884028038,3.2662585780135487,1120.0270815123288,1.2861417249120728,156.49204259114225,60.0,90.0,46246,7.451891958583067,0.026414597822936724,31.87705881885502
EJ230_xp200,EJ-230,200,left,1,scintillation,900.0,1925053,881.0882321434814,125.38720782686603,5.90284301551817,0.0012921835884028038,3.2662585780135487,1120.0270815123288,1.2861417249120728,156.49204259114225,90.0,120.0,6669,9.385247504954338,0.059391112779891314,23.85818745071208
EJ230_xp200,EJ-230,200,left,1,scintillation,900.0,1925053,881.0882321434814,125.38720782686603,5.90284301551817,0.0012921835884028038,3.2662585780135487,1120.0270815123288,1.2861417249120728,156.49204259114225,120.0,180.0000001,59802,7.118626714887368,0.008168048930750849,3.9585624348411557
EJ230_xp200,EJ-230,200,right,1,scintillation,500.0,4722202,490.65355486359465,69.02318932709923,3.5058739368138894,0.0006237012457561415,1.7598407608370845,665.2098308119814,1.3682585097666717,149.26218596833365,0.0,15.0,498951,2.683476808286203,0.0007301543171461884,0.2629086150519919
EJ230_xp200,EJ-230,200,right,1,scintillation,500.0,4722202,490.65355486359465,69.02318932709923,3.5058739368138894,0.0006237012457561415,1.7598407608370845,665.2098308119814,1.3682585097666717,149.26218596833365,15.0,30.0,1215161,2.866334639602002,0.00043214376368129915,0.22278052677984483
EJ230_xp200,EJ-230,200,right,1,scintillation,500.0,4722202,490.65355486359465,69.02318932709923,3.5058739368138894,0.0006237012457561415,1.7598407608370845,665.2098308119814,1.3682585097666717,149.26218596833365,30.0,39.2652479139,933890,3.207793945831993,0.0006626162030289988,0.4025312200634339
EJ230_xp200,EJ-230,200,right,1,scintillation,500.0,4722202,490.65355486359465,69.02318932709923,3.5058739368138894,0.0006237012457561415,1.7598407608370845,665.2098308119814,1.3682585097666717,149.26218596833365,39.2652479139,45.0,576666,3.632770124903542,0.0017240509862145087,1.7325307524968565
EJ230_xp200,EJ-230,200,right,1,scintillation,500.0,4722202,490.65355486359465,69.02318932709923,3.5058739368138894,0.0006237012457561415,1.7598407608370845,665.2098308119814,1.3682585097666717,149.26218596833365,45.0,60.0,1028956,4.206973478589174,0.0011600385460113314,1.3771925039976196
EJ230_xp200,EJ-230,200,right,1,scintillation,500.0,4722202,490.65355486359465,69.02318932709923,3.5058739368138894,0.0006237012457561415,1.7598407608370845,665.2098308119814,1.3682585097666717,149.26218596833365,60.0,90.0,241327,5.470658591347877,0.005786984997885641,7.9193187024154525
EJ230_xp200,EJ-230,200,right,1,scintillation,500.0,4722202,490.65355486359465,69.02318932709923,3.5058739368138894,0.0006237012457561415,1.7598407608370845,665.2098308119814,1.3682585097666717,149.26218596833365,90.0,120.0,40638,6.0416739253664264,0.011809006673338014,5.763962626831223
EJ230_xp200,EJ-230,200,right,1,scintillation,500.0,4722202,490.65355486359465,69.02318932709923,3.5058739368138894,0.0006237012457561415,1.7598407608370845,665.2098308119814,1.3682585097666717,149.26218596833365,120.0,180.0000001,186613,4.009966796507679,0.002955176663325231,1.597478017538105
EJ230_xp200,EJ-230,200,left,2,Cherenkov,900.0,52933,899.668614704038,0.5936589897709025,7.171212662739563,0.009308091801497557,4.136064511216254,1360.6802943878176,1.5124001942569867,131.7464722195545,0.0,15.0,433,4.8560345595143035,0.024580575249746286,0.25822379907039306
EJ230_xp200,EJ-230,200,left,2,Cherenkov,900.0,52933,899.668614704038,0.5936589897709025,7.171212662739563,0.009308091801497557,4.136064511216254,1360.6802943878176,1.5124001942569867,131.7464722195545,15.0,30.0,725,5.174799448161355,0.015252030018987029,0.16293928640968858
EJ230_xp200,EJ-230,200,left,2,Cherenkov,900.0,52933,899.668614704038,0.5936589897709025,7.171212662739563,0.009308091801497557,4.136064511216254,1360.6802943878176,1.5124001942569867,131.7464722195545,30.0,39.2652479139,581,5.843780780031848,0.029016738644213926,0.47878235846273043
EJ230_xp200,EJ-230,200,left,2,Cherenkov,900.0,52933,899.668614704038,0.5936589897709025,7.171212662739563,0.009308091801497557,4.136064511216254,1360.6802943878176,1.5124001942569867,131.7464722195545,39.2652479139,45.0,32180,6.70487097319054,0.009904195723780328,3.1252794801480093
EJ230_xp200,EJ-230,200,left,2,Cherenkov,900.0,52933,899.668614704038,0.5936589897709025,7.171212662739563,0.009308091801497557,4.136064511216254,1360.6802943878176,1.5124001942569867,131.7464722195545,45.0,60.0,12111,7.678657642171762,0.012487224964426218,1.8957867057251718
EJ230_xp200,EJ-230,200,left,2,Cherenkov,900.0,52933,899.668614704038,0.5936589897709025,7.171212662739563,0.009308091801497557,4.136064511216254,1360.6802943878176,1.5124001942569867,131.7464722195545,60.0,90.0,2417,11.517982212165972,0.044685027270827786,4.679656023659561
EJ230_xp200,EJ-230,200,left,2,Cherenkov,900.0,52933,899.668614704038,0.5936589897709025,7.171212662739563,0.009308091801497557,4.136064511216254,1360.6802943878176,1.5124001942569867,131.7464722195545,90.0,120.0,466,11.574058609324393,0.0993257254306911,4.56281966142555
EJ230_xp200,EJ-230,200,left,2,Cherenkov,900.0,52933,899.668614704038,0.5936589897709025,7.171212662739563,0.009308091801497557,4.136064511216254,1360.6802943878176,1.5124001942569867,131.7464722195545,120.0,180.0000001,4020,7.052916850508446,0.02537693965501466,2.5744172049990084
EJ230_xp200,EJ-230,200,right,2,Cherenkov,500.0,142200,499.8156095640567,0.6434048101774007,4.203602768562328,0.00473138316792103,3.0390621383231924,797.5993351660505,1.5957410874300335,127.42216208164673,0.0,15.0,634,2.6988980505783355,0.021718482199107155,0.2970879959667343
EJ230_xp200,EJ-230,200,right,2,Cherenkov,500.0,142200,499.8156095640567,0.6434048101774007,4.203602768562328,0.00473138316792103,3.0390621383231924,797.5993351660505,1.5957410874300335,127.42216208164673,15.0,30.0,1435,2.8854023163933205,0.012962766166591474,0.2351775282880375
EJ230_xp200,EJ-230,200,right,2,Cherenkov,500.0,142200,499.8156095640567,0.6434048101774007,4.203602768562328,0.00473138316792103,3.0390621383231924,797.5993351660505,1.5957410874300335,127.42216208164673,30.0,39.2652479139,1137,3.276606607942942,0.02666995357506806,0.7950457690391364
EJ230_xp200,EJ-230,200,right,2,Cherenkov,500.0,142200,499.8156095640567,0.6434048101774007,4.203602768562328,0.00473138316792103,3.0390621383231924,797.5993351660505,1.5957410874300335,127.42216208164673,39.2652479139,45.0,68874,3.6697095608147543,0.00574470664677435,2.275048649560066
EJ230_xp200,EJ-230,200,right,2,Cherenkov,500.0,142200,499.8156095640567,0.6434048101774007,4.203602768562328,0.00473138316792103,3.0390621383231924,797.5993351660505,1.5957410874300335,127.42216208164673,45.0,60.0,44130,4.2752579769844035,0.004980753936527573,1.0755262002971548
EJ230_xp200,EJ-230,200,right,2,Cherenkov,500.0,142200,499.8156095640567,0.6434048101774007,4.203602768562328,0.00473138316792103,3.0390621383231924,797.5993351660505,1.5957410874300335,127.42216208164673,60.0,90.0,13106,6.7011047832486135,0.019528252430521347,5.105616684508355
EJ230_xp200,EJ-230,200,right,2,Cherenkov,500.0,142200,499.8156095640567,0.6434048101774007,4.203602768562328,0.00473138316792103,3.0390621383231924,797.5993351660505,1.5957410874300335,127.42216208164673,90.0,120.0,2380,6.835257446907483,0.05164910030215738,6.337002540948362
EJ230_xp200,EJ-230,200,right,2,Cherenkov,500.0,142200,499.8156095640567,0.6434048101774007,4.203602768562328,0.00473138316792103,3.0390621383231924,797.5993351660505,1.5957410874300335,127.42216208164673,120.0,180.0000001,10504,4.062057831251664,0.013890307137221954,2.0341774120199823
EJ230_xp500,EJ-230,500,left,1,scintillation,1200.0,1110667,1173.4599334925242,168.2051309641096,7.701572959319805,0.001941850001759585,4.25479254898768,1461.3252042412,1.2594491011723148,158.39369945441095,0.0,15.0,196831,6.417322248967846,0.001156633749028003,0.2686672634626248
EJ230_xp500,EJ-230,500,left,1,scintillation,1200.0,1110667,1173.4599334925242,168.2051309641096,7.701572959319805,0.001941850001759585,4.25479254898768,1461.3252042412,1.2594491011723148,158.39369945441095,15.0,30.0,364995,6.853479581719642,0.0011167570267833504,0.45779418372482894
EJ230_xp500,EJ-230,500,left,1,scintillation,1200.0,1110667,1173.4599334925242,168.2051309641096,7.701572959319805,0.001941850001759585,4.25479254898768,1461.3252042412,1.2594491011723148,158.39369945441095,30.0,39.2652479139,217316,7.691161257844776,0.0021472992713716557,0.9861842835026451
EJ230_xp500,EJ-230,500,left,1,scintillation,1200.0,1110667,1173.4599334925242,168.2051309641096,7.701572959319805,0.001941850001759585,4.25479254898768,1461.3252042412,1.2594491011723148,158.39369945441095,39.2652479139,45.0,129587,8.844160483928867,0.004472139372916988,2.5862899811978224
EJ230_xp500,EJ-230,500,left,1,scintillation,1200.0,1110667,1173.4599334925242,168.2051309641096,7.701572959319805,0.001941850001759585,4.25479254898768,1461.3252042412,1.2594491011723148,158.39369945441095,45.0,60.0,147053,9.974006978309609,0.006013396076568674,5.364800442968544
EJ230_xp500,EJ-230,500,left,1,scintillation,1200.0,1110667,1173.4599334925242,168.2051309641096,7.701572959319805,0.001941850001759585,4.25479254898768,1461.3252042412,1.2594491011723148,158.39369945441095,60.0,90.0,20968,8.573534369972231,0.05228568530726443,58.852982806656655
EJ230_xp500,EJ-230,500,left,1,scintillation,1200.0,1110667,1173.4599334925242,168.2051309641096,7.701572959319805,0.001941850001759585,4.25479254898768,1461.3252042412,1.2594491011723148,158.39369945441095,90.0,120.0,2679,11.902584691578111,0.1273453102519232,43.75566274981773
EJ230_xp500,EJ-230,500,left,1,scintillation,1200.0,1110667,1173.4599334925242,168.2051309641096,7.701572959319805,0.001941850001759585,4.25479254898768,1461.3252042412,1.2594491011723148,158.39369945441095,120.0,180.0000001,31238,9.392535780528087,0.01243887841084117,4.7307738664715515
EJ230_xp500,EJ-230,500,right,1,scintillation,200.0,10911146,197.36624166178433,30.294707822164206,1.6368820021757198,0.0002917315419840328,0.9001149581975891,310.57113317730676,1.5824688880020767,136.76941897820345,0.0,15.0,760285,1.0783648372051158,0.0004972088546798307,0.1818767521690361
EJ230_xp500,EJ-230,500,right,1,scintillation,200.0,10911146,197.36624166178433,30.294707822164206,1.6368820021757198,0.0002917315419840328,0.9001149581975891,310.57113317730676,1.5824688880020767,136.76941897820345,15.0,30.0,2078607,1.1496856725494824,0.0002437992889975008,0.12077887091814699
EJ230_xp500,EJ-230,500,right,1,scintillation,200.0,10911146,197.36624166178433,30.294707822164206,1.6368820021757198,0.0002917315419840328,0.9001149581975891,310.57113317730676,1.5824688880020767,136.76941897820345,30.0,39.2652479139,1795089,1.2877185910253592,0.0003434359630726711,0.20967782087690456
EJ230_xp500,EJ-230,500,right,1,scintillation,200.0,10911146,197.36624166178433,30.294707822164206,1.6368820021757198,0.0002917315419840328,0.9001149581975891,310.57113317730676,1.5824688880020767,136.76941897820345,39.2652479139,45.0,1231220,1.457861701778928,0.0008475893401983117,0.8912942958023984
EJ230_xp500,EJ-230,500,right,1,scintillation,200.0,10911146,197.36624166178433,30.294707822164206,1.6368820021757198,0.0002917315419840328,0.9001149581975891,310.57113317730676,1.5824688880020767,136.76941897820345,45.0,60.0,2832030,1.7145703423986345,0.000403792963438007,0.4350633640926005
EJ230_xp500,EJ-230,500,right,1,scintillation,200.0,10911146,197.36624166178433,30.294707822164206,1.6368820021757198,0.0002917315419840328,0.9001149581975891,310.57113317730676,1.5824688880020767,136.76941897820345,60.0,90.0,1464180,2.796257881330144,0.0011069528797562167,1.7577643910158534
EJ230_xp500,EJ-230,500,right,1,scintillation,200.0,10911146,197.36624166178433,30.294707822164206,1.6368820021757198,0.0002917315419840328,0.9001149581975891,310.57113317730676,1.5824688880020767,136.76941897820345,90.0,120.0,275202,2.9500052870634663,0.0023493010822383206,1.52077083068186
EJ230_xp500,EJ-230,500,right,1,scintillation,200.0,10911146,197.36624166178433,30.294707822164206,1.6368820021757198,0.0002917315419840328,0.9001149581975891,310.57113317730676,1.5824688880020767,136.76941897820345,120.0,180.0000001,474533,1.6486617046802927,0.001125888357140831,0.6011225485511908
EJ230_xp500,EJ-230,500,left,2,Cherenkov,1200.0,29710,1199.6280185014393,0.5417221412550479,9.391448699956502,0.011866115852473075,3.814548586790437,1781.9526340685222,1.485410437433886,131.74289894539635,0.0,15.0,224,6.436149562330934,0.01709213252095319,0.06394185516825956
EJ230_xp500,EJ-230,500,left,2,Cherenkov,1200.0,29710,1199.6280185014393,0.5417221412550479,9.391448699956502,0.011866115852473075,3.814548586790437,1781.9526340685222,1.485410437433886,131.74289894539635,15.0,30.0,478,6.91990225323554,0.016858276081346695,0.12873195718493946
EJ230_xp500,EJ-230,500,left,2,Cherenkov,1200.0,29710,1199.6280185014393,0.5417221412550479,9.391448699956502,0.011866115852473075,3.814548586790437,1781.9526340685222,1.485410437433886,131.74289894539635,30.0,39.2652479139,331,7.864600089302022,0.040000166493204904,0.471887364441514
EJ230_xp500,EJ-230,500,left,2,Cherenkov,1200.0,29710,1199.6280185014393,0.5417221412550479,9.391448699956502,0.011866115852473075,3.814548586790437,1781.9526340685222,1.485410437433886,131.74289894539635,39.2652479139,45.0,19041,8.863932456163905,0.009316892293256147,1.626848750039855
EJ230_xp500,EJ-230,500,left,2,Cherenkov,1200.0,29710,1199.6280185014393,0.5417221412550479,9.391448699956502,0.011866115852473075,3.814548586790437,1781.9526340685222,1.485410437433886,131.74289894539635,45.0,60.0,6041,10.315139357475891,0.01909910496888061,2.1755460819546357
EJ230_xp500,EJ-230,500,left,2,Cherenkov,1200.0,29710,1199.6280185014393,0.5417221412550479,9.391448699956502,0.011866115852473075,3.814548586790437,1781.9526340685222,1.485410437433886,131.74289894539635,60.0,90.0,1008,15.241085137228104,0.07454412022350598,5.518797188991925
EJ230_xp500,EJ-230,500,left,2,Cherenkov,1200.0,29710,1199.6280185014393,0.5417221412550479,9.391448699956502,0.011866115852473075,3.814548586790437,1781.9526340685222,1.485410437433886,131.74289894539635,90.0,120.0,178,15.23719694174196,0.18790520666165972,6.273296128150747
EJ230_xp500,EJ-230,500,left,2,Cherenkov,1200.0,29710,1199.6280185014393,0.5417221412550479,9.391448699956502,0.011866115852473075,3.814548586790437,1781.9526340685222,1.485410437433886,131.74289894539635,120.0,180.0000001,2409,9.340065519657612,0.031099882295855096,2.3318688487681953
EJ230_xp500,EJ-230,500,right,2,Cherenkov,200.0,355442,200.30116226390658,0.9250844879928957,1.9947335634640049,0.0024071374301763196,1.9150086505187502,378.48321437237183,1.8893975035829393,116.81061676952169,0.0,15.0,959,1.0617256773688613,0.0008764974893428621,0.0003918656897647921
EJ230_xp500,EJ-230,500,right,2,Cherenkov,200.0,355442,200.30116226390658,0.9250844879928957,1.9947335634640049,0.0024071374301763196,1.9150086505187502,378.48321437237183,1.8893975035829393,116.81061676952169,15.0,30.0,2667,1.147266327711808,0.005157617503481196,0.06815378565953645
EJ230_xp500,EJ-230,500,right,2,Cherenkov,200.0,355442,200.30116226390658,0.9250844879928957,1.9947335634640049,0.0024071374301763196,1.9150086505187502,378.48321437237183,1.8893975035829393,116.81061676952169,30.0,39.2652479139,2447,1.2845355518347952,0.006815166380080321,0.11190900236174328
EJ230_xp500,EJ-230,500,right,2,Cherenkov,200.0,355442,200.30116226390658,0.9250844879928957,1.9947335634640049,0.0024071374301763196,1.9150086505187502,378.48321437237183,1.8893975035829393,116.81061676952169,39.2652479139,45.0,126693,1.4985149992117914,0.0036231714195056985,1.667771546925135
EJ230_xp500,EJ-230,500,right,2,Cherenkov,200.0,355442,200.30116226390658,0.9250844879928957,1.9947335634640049,0.0024071374301763196,1.9150086505187502,378.48321437237183,1.8893975035829393,116.81061676952169,45.0,60.0,113092,1.7310336178043948,0.0018348765065301909,0.3852975919734467
EJ230_xp500,EJ-230,500,right,2,Cherenkov,200.0,355442,200.30116226390658,0.9250844879928957,1.9947335634640049,0.0024071374301763196,1.9150086505187502,378.48321437237183,1.8893975035829393,116.81061676952169,60.0,90.0,71031,3.230178159318693,0.006043513818370521,2.6164985353063557
EJ230_xp500,EJ-230,500,right,2,Cherenkov,200.0,355442,200.30116226390658,0.9250844879928957,1.9947335634640049,0.0024071374301763196,1.9150086505187502,378.48321437237183,1.8893975035829393,116.81061676952169,90.0,120.0,13847,3.297899233362835,0.013562023825417187,2.54496498038686
EJ230_xp500,EJ-230,500,right,2,Cherenkov,200.0,355442,200.30116226390658,0.9250844879928957,1.9947335634640049,0.0024071374301763196,1.9150086505187502,378.48321437237183,1.8893975035829393,116.81061676952169,120.0,180.0000001,24706,1.6621332603421688,0.006559120924630649,1.0745306776313317
EJ230_xp650,EJ-230,650,left,1,scintillation,1350.0,888152,1318.9143607952506,191.15954622118934,8.53456461086117,0.002189441145044792,4.351302721225238,1619.3799796646124,1.2421705237211824,159.46092725863969,0.0,15.0,162155,7.190201596115748,0.0013226863319510688,0.28517162780237726
EJ230_xp650,EJ-230,650,left,1,scintillation,1350.0,888152,1318.9143607952506,191.15954622118934,8.53456461086117,0.002189441145044792,4.351302721225238,1619.3799796646124,1.2421705237211824,159.46092725863969,15.0,30.0,286434,7.672557955786259,0.001350090825190961,0.5169928811562627
EJ230_xp650,EJ-230,650,left,1,scintillation,1350.0,888152,1318.9143607952506,191.15954622118934,8.53456461086117,0.002189441145044792,4.351302721225238,1619.3799796646124,1.2421705237211824,159.46092725863969,30.0,39.2652479139,167888,8.570768960379906,0.002459757255669543,1.0167336382551326
EJ230_xp650,EJ-230,650,left,1,scintillation,1350.0,888152,1318.9143607952506,191.15954622118934,8.53456461086117,0.002189441145044792,4.351302721225238,1619.3799796646124,1.2421705237211824,159.46092725863969,39.2652479139,45.0,103632,9.66124966778418,0.004308435529907538,1.9282619484644528
EJ230_xp650,EJ-230,650,left,1,scintillation,1350.0,888152,1318.9143607952506,191.15954622118934,8.53456461086117,0.002189441145044792,4.351302721225238,1619.3799796646124,1.2421705237211824,159.46092725863969,45.0,60.0,127555,10.923795720444042,0.0061524941209977774,4.81444288694945
EJ230_xp650,EJ-230,650,left,1,scintillation,1350.0,888152,1318.9143607952506,191.15954622118934,8.53456461086117,0.002189441145044792,4.351302721225238,1619.3799796646124,1.2421705237211824,159.46092725863969,60.0,90.0,13497,7.596932332753148,0.07435626732140102,74.02521901749878
EJ230_xp650,EJ-230,650,left,1,scintillation,1350.0,888152,1318.9143607952506,191.15954622118934,8.53456461086117,0.002189441145044792,4.351302721225238,1619.3799796646124,1.2421705237211824,159.46092725863969,90.0,120.0,1509,11.445298189343221,0.21223355559183354,69.53493712951749
EJ230_xp650,EJ-230,650,left,1,scintillation,1350.0,888152,1318.9143607952506,191.15954622118934,8.53456461086117,0.002189441145044792,4.351302721225238,1619.3799796646124,1.2421705237211824,159.46092725863969,120.0,180.0000001,25482,10.322840607626578,0.013032122510850052,4.303423624661718
EJ230_xp650,EJ-230,650,right,1,scintillation,50.0,20923329,52.20331076246405,15.628540974570276,0.5767874747415582,0.00014719514960006124,0.38492536937857447,109.433312742416,2.102882510929134,123.10237428487552,0.0,15.0,925611,0.2783729389057237,0.000409423431267953,0.1552999693873504
EJ230_xp650,EJ-230,650,right,1,scintillation,50.0,20923329,52.20331076246405,15.628540974570276,0.5767874747415582,0.00014719514960006124,0.38492536937857447,109.433312742416,2.102882510929134,123.10237428487552,15.0,30.0,2752665,0.2921384844799481,0.00017817082057956468,0.08424484890401555
EJ230_xp650,EJ-230,650,right,1,scintillation,50.0,20923329,52.20331076246405,15.628540974570276,0.5767874747415582,0.00014719514960006124,0.38492536937857447,109.433312742416,2.102882510929134,123.10237428487552,30.0,39.2652479139,2386706,0.3271680199349271,0.0002511428253628019,0.14522523318336794
EJ230_xp650,EJ-230,650,right,1,scintillation,50.0,20923329,52.20331076246405,15.628540974570276,0.5767874747415582,0.00014719514960006124,0.38492536937857447,109.433312742416,2.102882510929134,123.10237428487552,39.2652479139,45.0,1854140,0.3839848111672927,0.0005752145343801575,0.601602657501137
EJ230_xp650,EJ-230,650,right,1,scintillation,50.0,20923329,52.20331076246405,15.628540974570276,0.5767874747415582,0.00014719514960006124,0.38492536937857447,109.433312742416,2.102882510929134,123.10237428487552,45.0,60.0,5157487,0.4399752590833072,0.00022654406272159026,0.24439683565680853
EJ230_xp650,EJ-230,650,right,1,scintillation,50.0,20923329,52.20331076246405,15.628540974570276,0.5767874747415582,0.00014719514960006124,0.38492536937857447,109.433312742416,2.102882510929134,123.10237428487552,60.0,90.0,5892102,0.9863066238417896,0.00031266645536945484,0.44671613902768215
EJ230_xp650,EJ-230,650,right,1,scintillation,50.0,20923329,52.20331076246405,15.628540974570276,0.5767874747415582,0.00014719514960006124,0.38492536937857447,109.433312742416,2.102882510929134,123.10237428487552,90.0,120.0,1128601,0.9540747306466923,0.0004627367398510807,0.2240131208493128
EJ230_xp650,EJ-230,650,right,1,scintillation,50.0,20923329,52.20331076246405,15.628540974570276,0.5767874747415582,0.00014719514960006124,0.38492536937857447,109.433312742416,2.102882510929134,123.10237428487552,120.0,180.0000001,826017,0.43136955089300066,0.0006497954399667722,0.34493468216893985
EJ230_xp650,EJ-230,650,left,2,Cherenkov,1350.0,26397,1349.6214482310202,0.375930257521958,10.129610037089023,0.010933419717194214,2.964725139333538,1922.013007260975,1.4241024368317854,135.7255241144663,0.0,15.0,198,7.216160515502987,0.0055729321350824175,0.006093849438684629
EJ230_xp650,EJ-230,650,left,2,Cherenkov,1350.0,26397,1349.6214482310202,0.375930257521958,10.129610037089023,0.010933419717194214,2.964725139333538,1922.013007260975,1.4241024368317854,135.7255241144663,15.0,30.0,386,7.737654867760532,0.014624628310947234,0.0733312564487747
EJ230_xp650,EJ-230,650,left,2,Cherenkov,1350.0,26397,1349.6214482310202,0.375930257521958,10.129610037089023,0.010933419717194214,2.964725139333538,1922.013007260975,1.4241024368317854,135.7255241144663,30.0,39.2652479139,230,8.772519690058017,0.02477327191965895,0.13707809271794247
EJ230_xp650,EJ-230,650,left,2,Cherenkov,1350.0,26397,1349.6214482310202,0.375930257521958,10.129610037089023,0.010933419717194214,2.964725139333538,1922.013007260975,1.4241024368317854,135.7255241144663,39.2652479139,45.0,18033,9.613663795009693,0.006448331534007544,0.7601090462683402
EJ230_xp650,EJ-230,650,left,2,Cherenkov,1350.0,26397,1349.6214482310202,0.375930257521958,10.129610037089023,0.010933419717194214,2.964725139333538,1922.013007260975,1.4241024368317854,135.7255241144663,45.0,60.0,5113,11.379617345750642,0.014856200961685067,1.1182233398656933
EJ230_xp650,EJ-230,650,left,2,Cherenkov,1350.0,26397,1349.6214482310202,0.375930257521958,10.129610037089023,0.010933419717194214,2.964725139333538,1922.013007260975,1.4241024368317854,135.7255241144663,60.0,90.0,522,17.071154254187935,0.16213004868779257,13.109279581279793
EJ230_xp650,EJ-230,650,left,2,Cherenkov,1350.0,26397,1349.6214482310202,0.375930257521958,10.129610037089023,0.010933419717194214,2.964725139333538,1922.013007260975,1.4241024368317854,135.7255241144663,90.0,120.0,104,16.581934794272374,0.2682945489625275,7.58939327064445
EJ230_xp650,EJ-230,650,left,2,Cherenkov,1350.0,26397,1349.6214482310202,0.375930257521958,10.129610037089023,0.010933419717194214,2.964725139333538,1922.013007260975,1.4241024368317854,135.7255241144663,120.0,180.0000001,1811,10.367341587949893,0.037221137831599124,2.4599371360579028
EJ230_xp650,EJ-230,650,right,2,Cherenkov,50.0,682394,52.56562009441855,2.6212507651425705,0.6884512927417471,0.0010209757535970963,0.6611012866723759,130.6269423718841,2.4863891699816683,105.93945420714843,0.0,15.0,1372,0.27989979912187807,0.01496899163406226,0.3037117907796593
EJ230_xp650,EJ-230,650,right,2,Cherenkov,50.0,682394,52.56562009441855,2.6212507651425705,0.6884512927417471,0.0010209757535970963,0.6611012866723759,130.6269423718841,2.4863891699816683,105.93945420714843,15.0,30.0,3721,0.2827528404820114,0.0040527010514631095,0.05868013660332118
EJ230_xp650,EJ-230,650,right,2,Cherenkov,50.0,682394,52.56562009441855,2.6212507651425705,0.6884512927417471,0.0010209757535970963,0.6611012866723759,130.6269423718841,2.4863891699816683,105.93945420714843,30.0,39.2652479139,3116,0.32420615103602035,0.008093152497010127,0.20190457197751885
EJ230_xp650,EJ-230,650,right,2,Cherenkov,50.0,682394,52.56562009441855,2.6212507651425705,0.6884512927417471,0.0010209757535970963,0.6611012866723759,130.6269423718841,2.4863891699816683,105.93945420714843,39.2652479139,45.0,177137,0.4081632529928462,0.002515043148439497,1.123384529709105
EJ230_xp650,EJ-230,650,right,2,Cherenkov,50.0,682394,52.56562009441855,2.6212507651425705,0.6884512927417471,0.0010209757535970963,0.6611012866723759,130.6269423718841,2.4863891699816683,105.93945420714843,45.0,60.0,187805,0.4410969607673579,0.0009827610709323136,0.18224310717582906
EJ230_xp650,EJ-230,650,right,2,Cherenkov,50.0,682394,52.56562009441855,2.6212507651425705,0.6884512927417471,0.0010209757535970963,0.6611012866723759,130.6269423718841,2.4863891699816683,105.93945420714843,60.0,90.0,227098,1.0991696329739993,0.0014788443937889804,0.484706582259369
EJ230_xp650,EJ-230,650,right,2,Cherenkov,50.0,682394,52.56562009441855,2.6212507651425705,0.6884512927417471,0.0010209757535970963,0.6611012866723759,130.6269423718841,2.4863891699816683,105.93945420714843,90.0,120.0,43815,1.0432811644986655,0.0023805603936457166,0.2486571933241719
EJ230_xp650,EJ-230,650,right,2,Cherenkov,50.0,682394,52.56562009441855,2.6212507651425705,0.6884512927417471,0.0010209757535970963,0.6611012866723759,130.6269423718841,2.4863891699816683,105.93945420714843,120.0,180.0000001,38330,0.44030891872708144,0.003928054185960991,0.5956179941475688
