This is pdfTeX, Version 3.14159265-2.6-1.40.21 (TeX Live 2020) (preloaded format=pdflatex 2026.5.9)  13 JUN 2026 11:41
entering extended mode
 restricted \write18 enabled.
 file:line:error style messages enabled.
 %&-line parsing enabled.
**exec13_ej230_report_full.tex
(./exec13_ej230_report_full.tex
LaTeX2e <2020-10-01> patch level 4
L3 programming layer <2021-02-18>
(/usr/share/texlive/texmf-dist/tex/latex/beamer/beamer.cls
Document Class: beamer 2021/03/19 v3.62 A class for typesetting presentations
(/usr/share/texlive/texmf-dist/tex/latex/beamer/beamerbasemodes.sty
(/usr/share/texlive/texmf-dist/tex/latex/etoolbox/etoolbox.sty
Package: etoolbox 2020/10/05 v2.5k e-TeX tools for LaTeX (JAW)
\etb@tempcnta=\count179
)
\beamer@tempbox=\box47
\beamer@tempcount=\count180
\c@beamerpauses=\count181

(/usr/share/texlive/texmf-dist/tex/latex/beamer/beamerbasedecode.sty
\beamer@slideinframe=\count182
\beamer@minimum=\count183
\beamer@decode@box=\box48
)
\beamer@commentbox=\box49
\beamer@modecount=\count184
)
(/usr/share/texlive/texmf-dist/tex/generic/iftex/ifpdf.sty
Package: ifpdf 2019/10/25 v3.4 ifpdf legacy package. Use iftex instead.

(/usr/share/texlive/texmf-dist/tex/generic/iftex/iftex.sty
Package: iftex 2020/03/06 v1.0d TeX engine tests
))
\headdp=\dimen138
\footheight=\dimen139
\sidebarheight=\dimen140
\beamer@tempdim=\dimen141
\beamer@finalheight=\dimen142
\beamer@animht=\dimen143
\beamer@animdp=\dimen144
\beamer@animwd=\dimen145
\beamer@leftmargin=\dimen146
\beamer@rightmargin=\dimen147
\beamer@leftsidebar=\dimen148
\beamer@rightsidebar=\dimen149
\beamer@boxsize=\dimen150
\beamer@vboxoffset=\dimen151
\beamer@descdefault=\dimen152
\beamer@descriptionwidth=\dimen153
\beamer@lastskip=\skip47
\beamer@areabox=\box50
\beamer@animcurrent=\box51
\beamer@animshowbox=\box52
\beamer@sectionbox=\box53
\beamer@logobox=\box54
\beamer@linebox=\box55
\beamer@sectioncount=\count185
\beamer@subsubsectionmax=\count186
\beamer@subsectionmax=\count187
\beamer@sectionmax=\count188
\beamer@totalheads=\count189
\beamer@headcounter=\count190
\beamer@partstartpage=\count191
\beamer@sectionstartpage=\count192
\beamer@subsectionstartpage=\count193
\beamer@animationtempa=\count194
\beamer@animationtempb=\count195
\beamer@xpos=\count196
\beamer@ypos=\count197
\beamer@ypos@offset=\count198
\beamer@showpartnumber=\count199
\beamer@currentsubsection=\count266
\beamer@coveringdepth=\count267
\beamer@sectionadjust=\count268
\beamer@tocsectionnumber=\count269

(/usr/share/texlive/texmf-dist/tex/latex/beamer/beamerbaseoptions.sty
(/usr/share/texlive/texmf-dist/tex/latex/graphics/keyval.sty
Package: keyval 2014/10/28 v1.15 key=value parser (DPC)
\KV@toks@=\toks15
))
\beamer@paperwidth=\skip48
\beamer@paperheight=\skip49

(/usr/share/texlive/texmf-dist/tex/latex/geometry/geometry.sty
Package: geometry 2020/01/02 v5.9 Page Geometry

(/usr/share/texlive/texmf-dist/tex/generic/iftex/ifvtex.sty
Package: ifvtex 2019/10/25 v1.7 ifvtex legacy package. Use iftex instead.
)
\Gm@cnth=\count270
\Gm@cntv=\count271
\c@Gm@tempcnt=\count272
\Gm@bindingoffset=\dimen154
\Gm@wd@mp=\dimen155
\Gm@odd@mp=\dimen156
\Gm@even@mp=\dimen157
\Gm@layoutwidth=\dimen158
\Gm@layoutheight=\dimen159
\Gm@layouthoffset=\dimen160
\Gm@layoutvoffset=\dimen161
\Gm@dimlist=\toks16
)
(/usr/share/texlive/texmf-dist/tex/latex/base/size11.clo
File: size11.clo 2020/04/10 v1.4m Standard LaTeX file (size option)
)
(/usr/share/texlive/texmf-dist/tex/latex/pgf/basiclayer/pgfcore.sty
(/usr/share/texlive/texmf-dist/tex/latex/graphics/graphicx.sty
Package: graphicx 2020/09/09 v1.2b Enhanced LaTeX Graphics (DPC,SPQR)

(/usr/share/texlive/texmf-dist/tex/latex/graphics/graphics.sty
Package: graphics 2020/08/30 v1.4c Standard LaTeX Graphics (DPC,SPQR)

(/usr/share/texlive/texmf-dist/tex/latex/graphics/trig.sty
Package: trig 2016/01/03 v1.10 sin cos tan (DPC)
)
(/usr/share/texlive/texmf-dist/tex/latex/graphics-cfg/graphics.cfg
File: graphics.cfg 2016/06/04 v1.11 sample graphics configuration
)
Package graphics Info: Driver file: pdftex.def on input line 105.

(/usr/share/texlive/texmf-dist/tex/latex/graphics-def/pdftex.def
File: pdftex.def 2020/10/05 v1.2a Graphics/color driver for pdftex
))
\Gin@req@height=\dimen162
\Gin@req@width=\dimen163
)
(/usr/share/texlive/texmf-dist/tex/latex/pgf/systemlayer/pgfsys.sty
(/usr/share/texlive/texmf-dist/tex/latex/pgf/utilities/pgfrcs.sty
(/usr/share/texlive/texmf-dist/tex/generic/pgf/utilities/pgfutil-common.tex
\pgfutil@everybye=\toks17
\pgfutil@tempdima=\dimen164
\pgfutil@tempdimb=\dimen165

(/usr/share/texlive/texmf-dist/tex/generic/pgf/utilities/pgfutil-common-lists.t
ex)) (/usr/share/texlive/texmf-dist/tex/generic/pgf/utilities/pgfutil-latex.def
\pgfutil@abb=\box56
) (/usr/share/texlive/texmf-dist/tex/generic/pgf/utilities/pgfrcs.code.tex
(/usr/share/texlive/texmf-dist/tex/generic/pgf/pgf.revision.tex)
Package: pgfrcs 2020/12/27 v3.1.8b (3.1.8b)
))
(/usr/share/texlive/texmf-dist/tex/generic/pgf/systemlayer/pgfsys.code.tex
Package: pgfsys 2020/12/27 v3.1.8b (3.1.8b)

(/usr/share/texlive/texmf-dist/tex/generic/pgf/utilities/pgfkeys.code.tex
\pgfkeys@pathtoks=\toks18
\pgfkeys@temptoks=\toks19

(/usr/share/texlive/texmf-dist/tex/generic/pgf/utilities/pgfkeysfiltered.code.t
ex
\pgfkeys@tmptoks=\toks20
))
\pgf@x=\dimen166
\pgf@y=\dimen167
\pgf@xa=\dimen168
\pgf@ya=\dimen169
\pgf@xb=\dimen170
\pgf@yb=\dimen171
\pgf@xc=\dimen172
\pgf@yc=\dimen173
\pgf@xd=\dimen174
\pgf@yd=\dimen175
\w@pgf@writea=\write3
\r@pgf@reada=\read2
\c@pgf@counta=\count273
\c@pgf@countb=\count274
\c@pgf@countc=\count275
\c@pgf@countd=\count276
\t@pgf@toka=\toks21
\t@pgf@tokb=\toks22
\t@pgf@tokc=\toks23
\pgf@sys@id@count=\count277
 (/usr/share/texlive/texmf-dist/tex/generic/pgf/systemlayer/pgf.cfg
File: pgf.cfg 2020/12/27 v3.1.8b (3.1.8b)
)
Driver file for pgf: pgfsys-pdftex.def

(/usr/share/texlive/texmf-dist/tex/generic/pgf/systemlayer/pgfsys-pdftex.def
File: pgfsys-pdftex.def 2020/12/27 v3.1.8b (3.1.8b)

(/usr/share/texlive/texmf-dist/tex/generic/pgf/systemlayer/pgfsys-common-pdf.de
f
File: pgfsys-common-pdf.def 2020/12/27 v3.1.8b (3.1.8b)
)))
(/usr/share/texlive/texmf-dist/tex/generic/pgf/systemlayer/pgfsyssoftpath.code.
tex
File: pgfsyssoftpath.code.tex 2020/12/27 v3.1.8b (3.1.8b)
\pgfsyssoftpath@smallbuffer@items=\count278
\pgfsyssoftpath@bigbuffer@items=\count279
)
(/usr/share/texlive/texmf-dist/tex/generic/pgf/systemlayer/pgfsysprotocol.code.
tex
File: pgfsysprotocol.code.tex 2020/12/27 v3.1.8b (3.1.8b)
)) (/usr/share/texlive/texmf-dist/tex/latex/xcolor/xcolor.sty
Package: xcolor 2016/05/11 v2.12 LaTeX color extensions (UK)

(/usr/share/texlive/texmf-dist/tex/latex/graphics-cfg/color.cfg
File: color.cfg 2016/01/02 v1.6 sample color configuration
)
Package xcolor Info: Driver file: pdftex.def on input line 225.
Package xcolor Info: Model `cmy' substituted by `cmy0' on input line 1348.
Package xcolor Info: Model `hsb' substituted by `rgb' on input line 1352.
Package xcolor Info: Model `RGB' extended on input line 1364.
Package xcolor Info: Model `HTML' substituted by `rgb' on input line 1366.
Package xcolor Info: Model `Hsb' substituted by `hsb' on input line 1367.
Package xcolor Info: Model `tHsb' substituted by `hsb' on input line 1368.
Package xcolor Info: Model `HSB' substituted by `hsb' on input line 1369.
Package xcolor Info: Model `Gray' substituted by `gray' on input line 1370.
Package xcolor Info: Model `wave' substituted by `hsb' on input line 1371.
)
(/usr/share/texlive/texmf-dist/tex/generic/pgf/basiclayer/pgfcore.code.tex
Package: pgfcore 2020/12/27 v3.1.8b (3.1.8b)

(/usr/share/texlive/texmf-dist/tex/generic/pgf/math/pgfmath.code.tex
(/usr/share/texlive/texmf-dist/tex/generic/pgf/math/pgfmathcalc.code.tex
(/usr/share/texlive/texmf-dist/tex/generic/pgf/math/pgfmathutil.code.tex)
(/usr/share/texlive/texmf-dist/tex/generic/pgf/math/pgfmathparser.code.tex
\pgfmath@dimen=\dimen176
\pgfmath@count=\count280
\pgfmath@box=\box57
\pgfmath@toks=\toks24
\pgfmath@stack@operand=\toks25
\pgfmath@stack@operation=\toks26
)
(/usr/share/texlive/texmf-dist/tex/generic/pgf/math/pgfmathfunctions.code.tex
(/usr/share/texlive/texmf-dist/tex/generic/pgf/math/pgfmathfunctions.basic.code
.tex)
(/usr/share/texlive/texmf-dist/tex/generic/pgf/math/pgfmathfunctions.trigonomet
ric.code.tex)
(/usr/share/texlive/texmf-dist/tex/generic/pgf/math/pgfmathfunctions.random.cod
e.tex)
(/usr/share/texlive/texmf-dist/tex/generic/pgf/math/pgfmathfunctions.comparison
.code.tex)
(/usr/share/texlive/texmf-dist/tex/generic/pgf/math/pgfmathfunctions.base.code.
tex)
(/usr/share/texlive/texmf-dist/tex/generic/pgf/math/pgfmathfunctions.round.code
.tex)
(/usr/share/texlive/texmf-dist/tex/generic/pgf/math/pgfmathfunctions.misc.code.
tex)
(/usr/share/texlive/texmf-dist/tex/generic/pgf/math/pgfmathfunctions.integerari
thmetics.code.tex)))
(/usr/share/texlive/texmf-dist/tex/generic/pgf/math/pgfmathfloat.code.tex
\c@pgfmathroundto@lastzeros=\count281
))
(/usr/share/texlive/texmf-dist/tex/generic/pgf/math/pgfint.code.tex)
(/usr/share/texlive/texmf-dist/tex/generic/pgf/basiclayer/pgfcorepoints.code.te
x
File: pgfcorepoints.code.tex 2020/12/27 v3.1.8b (3.1.8b)
\pgf@picminx=\dimen177
\pgf@picmaxx=\dimen178
\pgf@picminy=\dimen179
\pgf@picmaxy=\dimen180
\pgf@pathminx=\dimen181
\pgf@pathmaxx=\dimen182
\pgf@pathminy=\dimen183
\pgf@pathmaxy=\dimen184
\pgf@xx=\dimen185
\pgf@xy=\dimen186
\pgf@yx=\dimen187
\pgf@yy=\dimen188
\pgf@zx=\dimen189
\pgf@zy=\dimen190
)
(/usr/share/texlive/texmf-dist/tex/generic/pgf/basiclayer/pgfcorepathconstruct.
code.tex
File: pgfcorepathconstruct.code.tex 2020/12/27 v3.1.8b (3.1.8b)
\pgf@path@lastx=\dimen191
\pgf@path@lasty=\dimen192
)
(/usr/share/texlive/texmf-dist/tex/generic/pgf/basiclayer/pgfcorepathusage.code
.tex
File: pgfcorepathusage.code.tex 2020/12/27 v3.1.8b (3.1.8b)
\pgf@shorten@end@additional=\dimen193
\pgf@shorten@start@additional=\dimen194
)
(/usr/share/texlive/texmf-dist/tex/generic/pgf/basiclayer/pgfcorescopes.code.te
x
File: pgfcorescopes.code.tex 2020/12/27 v3.1.8b (3.1.8b)
\pgfpic=\box58
\pgf@hbox=\box59
\pgf@layerbox@main=\box60
\pgf@picture@serial@count=\count282
)
(/usr/share/texlive/texmf-dist/tex/generic/pgf/basiclayer/pgfcoregraphicstate.c
ode.tex
File: pgfcoregraphicstate.code.tex 2020/12/27 v3.1.8b (3.1.8b)
\pgflinewidth=\dimen195
)
(/usr/share/texlive/texmf-dist/tex/generic/pgf/basiclayer/pgfcoretransformation
s.code.tex
File: pgfcoretransformations.code.tex 2020/12/27 v3.1.8b (3.1.8b)
\pgf@pt@x=\dimen196
\pgf@pt@y=\dimen197
\pgf@pt@temp=\dimen198
)
(/usr/share/texlive/texmf-dist/tex/generic/pgf/basiclayer/pgfcorequick.code.tex
File: pgfcorequick.code.tex 2020/12/27 v3.1.8b (3.1.8b)
)
(/usr/share/texlive/texmf-dist/tex/generic/pgf/basiclayer/pgfcoreobjects.code.t
ex
File: pgfcoreobjects.code.tex 2020/12/27 v3.1.8b (3.1.8b)
)
(/usr/share/texlive/texmf-dist/tex/generic/pgf/basiclayer/pgfcorepathprocessing
.code.tex
File: pgfcorepathprocessing.code.tex 2020/12/27 v3.1.8b (3.1.8b)
)
(/usr/share/texlive/texmf-dist/tex/generic/pgf/basiclayer/pgfcorearrows.code.te
x
File: pgfcorearrows.code.tex 2020/12/27 v3.1.8b (3.1.8b)
\pgfarrowsep=\dimen199
)
(/usr/share/texlive/texmf-dist/tex/generic/pgf/basiclayer/pgfcoreshade.code.tex
File: pgfcoreshade.code.tex 2020/12/27 v3.1.8b (3.1.8b)
\pgf@max=\dimen256
\pgf@sys@shading@range@num=\count283
\pgf@shadingcount=\count284
)
(/usr/share/texlive/texmf-dist/tex/generic/pgf/basiclayer/pgfcoreimage.code.tex
File: pgfcoreimage.code.tex 2020/12/27 v3.1.8b (3.1.8b)

(/usr/share/texlive/texmf-dist/tex/generic/pgf/basiclayer/pgfcoreexternal.code.
tex
File: pgfcoreexternal.code.tex 2020/12/27 v3.1.8b (3.1.8b)
\pgfexternal@startupbox=\box61
))
(/usr/share/texlive/texmf-dist/tex/generic/pgf/basiclayer/pgfcorelayers.code.te
x
File: pgfcorelayers.code.tex 2020/12/27 v3.1.8b (3.1.8b)
)
(/usr/share/texlive/texmf-dist/tex/generic/pgf/basiclayer/pgfcoretransparency.c
ode.tex
File: pgfcoretransparency.code.tex 2020/12/27 v3.1.8b (3.1.8b)
)
(/usr/share/texlive/texmf-dist/tex/generic/pgf/basiclayer/pgfcorepatterns.code.
tex
File: pgfcorepatterns.code.tex 2020/12/27 v3.1.8b (3.1.8b)
)
(/usr/share/texlive/texmf-dist/tex/generic/pgf/basiclayer/pgfcorerdf.code.tex
File: pgfcorerdf.code.tex 2020/12/27 v3.1.8b (3.1.8b)
))) (/usr/share/texlive/texmf-dist/tex/latex/pgf/utilities/xxcolor.sty
Package: xxcolor 2003/10/24 ver 0.1
\XC@nummixins=\count285
\XC@countmixins=\count286
)
(/usr/share/texlive/texmf-dist/tex/latex/base/atbegshi-ltx.sty
Package: atbegshi-ltx 2020/08/17 v1.0a Emulation of the original atbegshi packa
ge
with kernel methods
)
(/usr/share/texlive/texmf-dist/tex/latex/hyperref/hyperref.sty
Package: hyperref 2021-02-27 v7.00k Hypertext links for LaTeX

(/usr/share/texlive/texmf-dist/tex/generic/ltxcmds/ltxcmds.sty
Package: ltxcmds 2020-05-10 v1.25 LaTeX kernel commands for general use (HO)
)
(/usr/share/texlive/texmf-dist/tex/generic/pdftexcmds/pdftexcmds.sty
Package: pdftexcmds 2020-06-27 v0.33 Utility functions of pdfTeX for LuaTeX (HO
)

(/usr/share/texlive/texmf-dist/tex/generic/infwarerr/infwarerr.sty
Package: infwarerr 2019/12/03 v1.5 Providing info/warning/error messages (HO)
)
Package pdftexcmds Info: \pdf@primitive is available.
Package pdftexcmds Info: \pdf@ifprimitive is available.
Package pdftexcmds Info: \pdfdraftmode found.
)
(/usr/share/texlive/texmf-dist/tex/generic/kvsetkeys/kvsetkeys.sty
Package: kvsetkeys 2019/12/15 v1.18 Key value parser (HO)
)
(/usr/share/texlive/texmf-dist/tex/generic/kvdefinekeys/kvdefinekeys.sty
Package: kvdefinekeys 2019-12-19 v1.6 Define keys (HO)
)
(/usr/share/texlive/texmf-dist/tex/generic/pdfescape/pdfescape.sty
Package: pdfescape 2019/12/09 v1.15 Implements pdfTeX's escape features (HO)
)
(/usr/share/texlive/texmf-dist/tex/latex/hycolor/hycolor.sty
Package: hycolor 2020-01-27 v1.10 Color options for hyperref/bookmark (HO)
)
(/usr/share/texlive/texmf-dist/tex/latex/letltxmacro/letltxmacro.sty
Package: letltxmacro 2019/12/03 v1.6 Let assignment for LaTeX macros (HO)
)
(/usr/share/texlive/texmf-dist/tex/latex/auxhook/auxhook.sty
Package: auxhook 2019-12-17 v1.6 Hooks for auxiliary files (HO)
)
(/usr/share/texlive/texmf-dist/tex/latex/kvoptions/kvoptions.sty
Package: kvoptions 2020-10-07 v3.14 Key value format for package options (HO)
)
\@linkdim=\dimen257
\Hy@linkcounter=\count287
\Hy@pagecounter=\count288

(/usr/share/texlive/texmf-dist/tex/latex/hyperref/pd1enc.def
File: pd1enc.def 2021-02-27 v7.00k Hyperref: PDFDocEncoding definition (HO)
Now handling font encoding PD1 ...
... no UTF-8 mapping file for font encoding PD1
)
(/usr/share/texlive/texmf-dist/tex/latex/hyperref/hyperref-langpatches.def
File: hyperref-langpatches.def 2021-02-27 v7.00k Hyperref: patches for babel la
nguages
)
(/usr/share/texlive/texmf-dist/tex/generic/intcalc/intcalc.sty
Package: intcalc 2019/12/15 v1.3 Expandable calculations with integers (HO)
)
(/usr/share/texlive/texmf-dist/tex/generic/etexcmds/etexcmds.sty
Package: etexcmds 2019/12/15 v1.7 Avoid name clashes with e-TeX commands (HO)
)
\Hy@SavedSpaceFactor=\count289

(/usr/share/texlive/texmf-dist/tex/latex/hyperref/puenc.def
File: puenc.def 2021-02-27 v7.00k Hyperref: PDF Unicode definition (HO)
Now handling font encoding PU ...
... no UTF-8 mapping file for font encoding PU
)
Package hyperref Info: Option `bookmarks' set `true' on input line 4073.
Package hyperref Info: Option `bookmarksopen' set `true' on input line 4073.
Package hyperref Info: Option `implicit' set `false' on input line 4073.
Package hyperref Info: Hyper figures OFF on input line 4192.
Package hyperref Info: Link nesting OFF on input line 4197.
Package hyperref Info: Hyper index ON on input line 4200.
Package hyperref Info: Plain pages OFF on input line 4207.
Package hyperref Info: Backreferencing OFF on input line 4212.
Package hyperref Info: Implicit mode OFF; no redefinition of LaTeX internals.
Package hyperref Info: Bookmarks ON on input line 4445.
\c@Hy@tempcnt=\count290

(/usr/share/texlive/texmf-dist/tex/latex/url/url.sty
\Urlmuskip=\muskip16
Package: url 2013/09/16  ver 3.4  Verb mode for urls, etc.
)
LaTeX Info: Redefining \url on input line 4804.
\XeTeXLinkMargin=\dimen258

(/usr/share/texlive/texmf-dist/tex/generic/bitset/bitset.sty
Package: bitset 2019/12/09 v1.3 Handle bit-vector datatype (HO)

(/usr/share/texlive/texmf-dist/tex/generic/bigintcalc/bigintcalc.sty
Package: bigintcalc 2019/12/15 v1.5 Expandable calculations on big integers (HO
)
))
\Fld@menulength=\count291
\Field@Width=\dimen259
\Fld@charsize=\dimen260
Package hyperref Info: Hyper figures OFF on input line 6075.
Package hyperref Info: Link nesting OFF on input line 6080.
Package hyperref Info: Hyper index ON on input line 6083.
Package hyperref Info: backreferencing OFF on input line 6090.
Package hyperref Info: Link coloring OFF on input line 6095.
Package hyperref Info: Link coloring with OCG OFF on input line 6100.
Package hyperref Info: PDF/A mode OFF on input line 6105.
LaTeX Info: Redefining \ref on input line 6145.
LaTeX Info: Redefining \pageref on input line 6149.
\Hy@abspage=\count292


Package hyperref Message: Stopped early.

)
Package hyperref Info: Driver (autodetected): hpdftex.
 (/usr/share/texlive/texmf-dist/tex/latex/hyperref/hpdftex.def
File: hpdftex.def 2021-02-27 v7.00k Hyperref driver for pdfTeX

(/usr/share/texlive/texmf-dist/tex/latex/base/atveryend-ltx.sty
Package: atveryend-ltx 2020/08/19 v1.0a Emulation of the original atvery packag
e
with kernel methods
)
\Fld@listcount=\count293
\c@bookmark@seq@number=\count294

(/usr/share/texlive/texmf-dist/tex/latex/rerunfilecheck/rerunfilecheck.sty
Package: rerunfilecheck 2019/12/05 v1.9 Rerun checks for auxiliary files (HO)

(/usr/share/texlive/texmf-dist/tex/generic/uniquecounter/uniquecounter.sty
Package: uniquecounter 2019/12/15 v1.4 Provide unlimited unique counter (HO)
)
Package uniquecounter Info: New unique counter `rerunfilecheck' on input line 2
86.
))
(/usr/share/texlive/texmf-dist/tex/latex/beamer/beamerbaserequires.sty
(/usr/share/texlive/texmf-dist/tex/latex/beamer/beamerbasecompatibility.sty)
(/usr/share/texlive/texmf-dist/tex/latex/beamer/beamerbasefont.sty
(/usr/share/texlive/texmf-dist/tex/latex/amsfonts/amssymb.sty
Package: amssymb 2013/01/14 v3.01 AMS font symbols

(/usr/share/texlive/texmf-dist/tex/latex/amsfonts/amsfonts.sty
Package: amsfonts 2013/01/14 v3.01 Basic AMSFonts support
\@emptytoks=\toks27
\symAMSa=\mathgroup4
\symAMSb=\mathgroup5
LaTeX Font Info:    Redeclaring math symbol \hbar on input line 98.
LaTeX Font Info:    Overwriting math alphabet `\mathfrak' in version `bold'
(Font)                  U/euf/m/n --> U/euf/b/n on input line 106.
))
(/usr/share/texlive/texmf-dist/tex/latex/sansmathaccent/sansmathaccent.sty
Package: sansmathaccent 2020/01/31

(/usr/share/texlive/texmf-dist/tex/latex/koma-script/scrlfile.sty
Package: scrlfile 2021/03/17 v3.33 KOMA-Script package (file load hooks)

(/usr/share/texlive/texmf-dist/tex/latex/koma-script/scrlfile-hook.sty
Package: scrlfile-hook 2021/03/17 v3.33 KOMA-Script package (using LaTeX hooks)


LaTeX3 Info: Defining command \BeforeFile with sig. 'm' on line 61.


LaTeX3 Info: Defining command \AfterFile with sig. 'm' on line 65.


LaTeX3 Info: Defining command \BeforeClass with sig. 'm' on line 69.


LaTeX3 Info: Defining command \BeforePackage with sig. 'm' on line 73.


LaTeX3 Info: Defining command \AfterAtEndOfClass with sig. 'smo+m' on line 83.


LaTeX3 Info: Defining command \AfterAtEndOfPackage with sig. 'smo+m' on line
(LaTeX3)     93.


LaTeX3 Info: Defining command \scrlfile@AfterClass with sig. 'smo+m' on line
(LaTeX3)     173.


LaTeX3 Info: Defining command \AfterClass with sig. '' on line 174.


LaTeX3 Info: Defining command \scrlfile@AfterPackage with sig. 'smo+m' on line
(LaTeX3)     191.


LaTeX3 Info: Defining command \AfterPackage with sig. '' on line 192.


LaTeX3 Info: Defining command \ReplaceInput with sig. '' on line 193.


LaTeX3 Info: Defining command \ReplaceClass with sig. 'mm' on line 196.


LaTeX3 Info: Defining command \ReplacePackage with sig. 'mm' on line 199.


LaTeX3 Info: Defining command \UnReplaceInput with sig. '' on line 200.


LaTeX3 Info: Defining command \UnReplaceClass with sig. 'm' on line 203.


LaTeX3 Info: Defining command \UnReplacePackage with sig. 'mm' on line 206.


LaTeX3 Info: Defining command \PreventPackageFromLoading with sig. 's+om' on
(LaTeX3)     line 234.


LaTeX3 Info: Defining command \StorePreventPackageFromLoading with sig. 'm' on
(LaTeX3)     line 242.


LaTeX3 Info: Defining command \ResetPreventPackageFromLoading with sig. '' on
(LaTeX3)     line 247.


LaTeX3 Info: Defining command \UnPreventPackageFromLoading with sig. 'sm' on
(LaTeX3)     line 261.


LaTeX3 Info: Defining command \BeforeClosingMainAux with sig. 'om' on line
(LaTeX3)     274.


LaTeX3 Info: Defining command \AfterReadingMainAux with sig. 'om' on line 287.


LaTeX3 Info: Defining command \protected@immediate@write with sig. 'm+m+m' on
(LaTeX3)     line 298.


(/usr/share/texlive/texmf-dist/tex/latex/koma-script/scrlogo.sty
Package: scrlogo 2021/03/17 v3.33 KOMA-Script package (logo)
)))))
(/usr/share/texlive/texmf-dist/tex/latex/beamer/beamerbasetranslator.sty
(/usr/share/texlive/texmf-dist/tex/latex/translator/translator.sty
Package: translator 2020-08-03 v1.12c Easy translation of strings in LaTeX
))
(/usr/share/texlive/texmf-dist/tex/latex/beamer/beamerbasemisc.sty)
(/usr/share/texlive/texmf-dist/tex/latex/beamer/beamerbasetwoscreens.sty)
(/usr/share/texlive/texmf-dist/tex/latex/beamer/beamerbaseoverlay.sty
\beamer@argscount=\count295
\beamer@lastskipcover=\skip50
\beamer@trivlistdepth=\count296
)
(/usr/share/texlive/texmf-dist/tex/latex/beamer/beamerbasetitle.sty)
(/usr/share/texlive/texmf-dist/tex/latex/beamer/beamerbasesection.sty
\c@lecture=\count297
\c@part=\count298
\c@section=\count299
\c@subsection=\count300
\c@subsubsection=\count301
)
(/usr/share/texlive/texmf-dist/tex/latex/beamer/beamerbaseframe.sty
\beamer@framebox=\box62
\beamer@frametitlebox=\box63
\beamer@zoombox=\box64
\beamer@zoomcount=\count302
\beamer@zoomframecount=\count303
\beamer@frametextheight=\dimen261
\c@subsectionslide=\count304
\beamer@frametopskip=\skip51
\beamer@framebottomskip=\skip52
\beamer@frametopskipautobreak=\skip53
\beamer@framebottomskipautobreak=\skip54
\beamer@envbody=\toks28
\framewidth=\dimen262
\c@framenumber=\count305
)
(/usr/share/texlive/texmf-dist/tex/latex/beamer/beamerbaseverbatim.sty
\beamer@verbatimfileout=\write4
)
(/usr/share/texlive/texmf-dist/tex/latex/beamer/beamerbaseframesize.sty
\beamer@splitbox=\box65
\beamer@autobreakcount=\count306
\beamer@autobreaklastheight=\dimen263
\beamer@frametitletoks=\toks29
\beamer@framesubtitletoks=\toks30
)
(/usr/share/texlive/texmf-dist/tex/latex/beamer/beamerbaseframecomponents.sty
\beamer@footins=\box66
)
(/usr/share/texlive/texmf-dist/tex/latex/beamer/beamerbasecolor.sty)
(/usr/share/texlive/texmf-dist/tex/latex/beamer/beamerbasenotes.sty
\beamer@frameboxcopy=\box67
)
(/usr/share/texlive/texmf-dist/tex/latex/beamer/beamerbasetoc.sty)
(/usr/share/texlive/texmf-dist/tex/latex/beamer/beamerbasetemplates.sty
\beamer@sbttoks=\toks31

(/usr/share/texlive/texmf-dist/tex/latex/beamer/beamerbaseauxtemplates.sty
(/usr/share/texlive/texmf-dist/tex/latex/beamer/beamerbaseboxes.sty
\bmb@box=\box68
\bmb@colorbox=\box69
\bmb@boxwidth=\dimen264
\bmb@boxheight=\dimen265
\bmb@prevheight=\dimen266
\bmb@temp=\dimen267
\bmb@dima=\dimen268
\bmb@dimb=\dimen269
\bmb@prevheight=\dimen270
)
\beamer@blockheadheight=\dimen271
))
(/usr/share/texlive/texmf-dist/tex/latex/beamer/beamerbaselocalstructure.sty
(/usr/share/texlive/texmf-dist/tex/latex/tools/enumerate.sty
Package: enumerate 2015/07/23 v3.00 enumerate extensions (DPC)
\@enLab=\toks32
)
\beamer@bibiconwidth=\skip55
\c@figure=\count307
\c@table=\count308
\abovecaptionskip=\skip56
\belowcaptionskip=\skip57
)
(/usr/share/texlive/texmf-dist/tex/latex/beamer/beamerbasenavigation.sty
\beamer@section@min@dim=\dimen272
)
(/usr/share/texlive/texmf-dist/tex/latex/beamer/beamerbasetheorems.sty
(/usr/share/texlive/texmf-dist/tex/latex/amsmath/amsmath.sty
Package: amsmath 2020/09/23 v2.17i AMS math features
\@mathmargin=\skip58

For additional information on amsmath, use the `?' option.
(/usr/share/texlive/texmf-dist/tex/latex/amsmath/amstext.sty
Package: amstext 2000/06/29 v2.01 AMS text

(/usr/share/texlive/texmf-dist/tex/latex/amsmath/amsgen.sty
File: amsgen.sty 1999/11/30 v2.0 generic functions
\@emptytoks=\toks33
\ex@=\dimen273
))
(/usr/share/texlive/texmf-dist/tex/latex/amsmath/amsbsy.sty
Package: amsbsy 1999/11/29 v1.2d Bold Symbols
\pmbraise@=\dimen274
)
(/usr/share/texlive/texmf-dist/tex/latex/amsmath/amsopn.sty
Package: amsopn 2016/03/08 v2.02 operator names
)
\inf@bad=\count309
LaTeX Info: Redefining \frac on input line 234.
\uproot@=\count310
\leftroot@=\count311
LaTeX Info: Redefining \overline on input line 399.
\classnum@=\count312
\DOTSCASE@=\count313
LaTeX Info: Redefining \ldots on input line 496.
LaTeX Info: Redefining \dots on input line 499.
LaTeX Info: Redefining \cdots on input line 620.
\Mathstrutbox@=\box70
\strutbox@=\box71
\big@size=\dimen275
LaTeX Font Info:    Redeclaring font encoding OML on input line 743.
LaTeX Font Info:    Redeclaring font encoding OMS on input line 744.
\macc@depth=\count314
\c@MaxMatrixCols=\count315
\dotsspace@=\muskip17
\c@parentequation=\count316
\dspbrk@lvl=\count317
\tag@help=\toks34
\row@=\count318
\column@=\count319
\maxfields@=\count320
\andhelp@=\toks35
\eqnshift@=\dimen276
\alignsep@=\dimen277
\tagshift@=\dimen278
\tagwidth@=\dimen279
\totwidth@=\dimen280
\lineht@=\dimen281
\@envbody=\toks36
\multlinegap=\skip59
\multlinetaggap=\skip60
\mathdisplay@stack=\toks37
LaTeX Info: Redefining \[ on input line 2923.
LaTeX Info: Redefining \] on input line 2924.
)
(/usr/share/texlive/texmf-dist/tex/latex/amscls/amsthm.sty
Package: amsthm 2020/05/29 v2.20.6
\thm@style=\toks38
\thm@bodyfont=\toks39
\thm@headfont=\toks40
\thm@notefont=\toks41
\thm@headpunct=\toks42
\thm@preskip=\skip61
\thm@postskip=\skip62
\thm@headsep=\skip63
\dth@everypar=\toks43
)
\c@theorem=\count321
)
(/usr/share/texlive/texmf-dist/tex/latex/beamer/beamerbasethemes.sty))
(/usr/share/texlive/texmf-dist/tex/latex/beamer/beamerthemedefault.sty
(/usr/share/texlive/texmf-dist/tex/latex/beamer/beamerfontthemedefault.sty)
(/usr/share/texlive/texmf-dist/tex/latex/beamer/beamercolorthemedefault.sty)
(/usr/share/texlive/texmf-dist/tex/latex/beamer/beamerinnerthemedefault.sty
\beamer@dima=\dimen282
\beamer@dimb=\dimen283
)
(/usr/share/texlive/texmf-dist/tex/latex/beamer/beamerouterthemedefault.sty)))
(/usr/share/texlive/texmf-dist/tex/latex/base/inputenc.sty
Package: inputenc 2020/08/01 v1.3d Input encoding file
\inpenc@prehook=\toks44
\inpenc@posthook=\toks45
)
(/usr/share/texlive/texmf-dist/tex/latex/base/fontenc.sty
Package: fontenc 2020/08/10 v2.0s Standard LaTeX package
)
(/usr/share/texlive/texmf-dist/tex/latex/booktabs/booktabs.sty
Package: booktabs 2020/01/12 v1.61803398 Publication quality tables
\heavyrulewidth=\dimen284
\lightrulewidth=\dimen285
\cmidrulewidth=\dimen286
\belowrulesep=\dimen287
\belowbottomsep=\dimen288
\aboverulesep=\dimen289
\abovetopsep=\dimen290
\cmidrulesep=\dimen291
\cmidrulekern=\dimen292
\defaultaddspace=\dimen293
\@cmidla=\count322
\@cmidlb=\count323
\@aboverulesep=\dimen294
\@belowrulesep=\dimen295
\@thisruleclass=\count324
\@lastruleclass=\count325
\@thisrulewidth=\dimen296
)
(../tables/exec14_macros.tex)
(/usr/share/texlive/texmf-dist/tex/latex/pgf/frontendlayer/tikz.sty
(/usr/share/texlive/texmf-dist/tex/latex/pgf/basiclayer/pgf.sty
Package: pgf 2020/12/27 v3.1.8b (3.1.8b)

(/usr/share/texlive/texmf-dist/tex/generic/pgf/modules/pgfmoduleshapes.code.tex
File: pgfmoduleshapes.code.tex 2020/12/27 v3.1.8b (3.1.8b)
\pgfnodeparttextbox=\box72
) (/usr/share/texlive/texmf-dist/tex/generic/pgf/modules/pgfmoduleplot.code.tex
File: pgfmoduleplot.code.tex 2020/12/27 v3.1.8b (3.1.8b)
)
(/usr/share/texlive/texmf-dist/tex/latex/pgf/compatibility/pgfcomp-version-0-65
.sty
Package: pgfcomp-version-0-65 2020/12/27 v3.1.8b (3.1.8b)
\pgf@nodesepstart=\dimen297
\pgf@nodesepend=\dimen298
)
(/usr/share/texlive/texmf-dist/tex/latex/pgf/compatibility/pgfcomp-version-1-18
.sty
Package: pgfcomp-version-1-18 2020/12/27 v3.1.8b (3.1.8b)
)) (/usr/share/texlive/texmf-dist/tex/latex/pgf/utilities/pgffor.sty
(/usr/share/texlive/texmf-dist/tex/latex/pgf/utilities/pgfkeys.sty
(/usr/share/texlive/texmf-dist/tex/generic/pgf/utilities/pgfkeys.code.tex))
(/usr/share/texlive/texmf-dist/tex/latex/pgf/math/pgfmath.sty
(/usr/share/texlive/texmf-dist/tex/generic/pgf/math/pgfmath.code.tex))
(/usr/share/texlive/texmf-dist/tex/generic/pgf/utilities/pgffor.code.tex
Package: pgffor 2020/12/27 v3.1.8b (3.1.8b)

(/usr/share/texlive/texmf-dist/tex/generic/pgf/math/pgfmath.code.tex)
\pgffor@iter=\dimen299
\pgffor@skip=\dimen300
\pgffor@stack=\toks46
\pgffor@toks=\toks47
))
(/usr/share/texlive/texmf-dist/tex/generic/pgf/frontendlayer/tikz/tikz.code.tex
Package: tikz 2020/12/27 v3.1.8b (3.1.8b)

(/usr/share/texlive/texmf-dist/tex/generic/pgf/libraries/pgflibraryplothandlers
.code.tex
File: pgflibraryplothandlers.code.tex 2020/12/27 v3.1.8b (3.1.8b)
\pgf@plot@mark@count=\count326
\pgfplotmarksize=\dimen301
)
\tikz@lastx=\dimen302
\tikz@lasty=\dimen303
\tikz@lastxsaved=\dimen304
\tikz@lastysaved=\dimen305
\tikz@lastmovetox=\dimen306
\tikz@lastmovetoy=\dimen307
\tikzleveldistance=\dimen308
\tikzsiblingdistance=\dimen309
\tikz@figbox=\box73
\tikz@figbox@bg=\box74
\tikz@tempbox=\box75
\tikz@tempbox@bg=\box76
\tikztreelevel=\count327
\tikznumberofchildren=\count328
\tikznumberofcurrentchild=\count329
\tikz@fig@count=\count330

(/usr/share/texlive/texmf-dist/tex/generic/pgf/modules/pgfmodulematrix.code.tex
File: pgfmodulematrix.code.tex 2020/12/27 v3.1.8b (3.1.8b)
\pgfmatrixcurrentrow=\count331
\pgfmatrixcurrentcolumn=\count332
\pgf@matrix@numberofcolumns=\count333
)
\tikz@expandcount=\count334

(/usr/share/texlive/texmf-dist/tex/generic/pgf/frontendlayer/tikz/libraries/tik
zlibrarytopaths.code.tex
File: tikzlibrarytopaths.code.tex 2020/12/27 v3.1.8b (3.1.8b)
)))
(/usr/share/texlive/texmf-dist/tex/latex/l3backend/l3backend-pdftex.def
File: l3backend-pdftex.def 2021-03-18 L3 backend support: PDF output (pdfTeX)
\l__color_backend_stack_int=\count335
\l__pdf_internal_box=\box77
)
(./exec13_ej230_report_full.aux)
\openout1 = `exec13_ej230_report_full.aux'.

LaTeX Font Info:    Checking defaults for OML/cmm/m/it on input line 21.
LaTeX Font Info:    ... okay on input line 21.
LaTeX Font Info:    Checking defaults for OMS/cmsy/m/n on input line 21.
LaTeX Font Info:    ... okay on input line 21.
LaTeX Font Info:    Checking defaults for OT1/cmr/m/n on input line 21.
LaTeX Font Info:    ... okay on input line 21.
LaTeX Font Info:    Checking defaults for T1/cmr/m/n on input line 21.
LaTeX Font Info:    ... okay on input line 21.
LaTeX Font Info:    Checking defaults for TS1/cmr/m/n on input line 21.
LaTeX Font Info:    ... okay on input line 21.
LaTeX Font Info:    Checking defaults for OMX/cmex/m/n on input line 21.
LaTeX Font Info:    ... okay on input line 21.
LaTeX Font Info:    Checking defaults for U/cmr/m/n on input line 21.
LaTeX Font Info:    ... okay on input line 21.
LaTeX Font Info:    Checking defaults for PD1/pdf/m/n on input line 21.
LaTeX Font Info:    ... okay on input line 21.
LaTeX Font Info:    Checking defaults for PU/pdf/m/n on input line 21.
LaTeX Font Info:    ... okay on input line 21.

*geometry* driver: auto-detecting
*geometry* detected driver: pdftex
*geometry* verbose mode - [ preamble ] result:
* driver: pdftex
* paper: custom
* layout: <same size as paper>
* layoutoffset:(h,v)=(0.0pt,0.0pt)
* modes: includehead includefoot 
* h-part:(L,W,R)=(28.45274pt, 398.3386pt, 28.45274pt)
* v-part:(T,H,B)=(0.0pt, 256.0748pt, 0.0pt)
* \paperwidth=455.24408pt
* \paperheight=256.0748pt
* \textwidth=398.3386pt
* \textheight=227.62207pt
* \oddsidemargin=-43.81725pt
* \evensidemargin=-43.81725pt
* \topmargin=-72.26999pt
* \headheight=14.22636pt
* \headsep=0.0pt
* \topskip=11.0pt
* \footskip=14.22636pt
* \marginparwidth=4.0pt
* \marginparsep=10.0pt
* \columnsep=10.0pt
* \skip\footins=10.0pt plus 4.0pt minus 2.0pt
* \hoffset=0.0pt
* \voffset=0.0pt
* \mag=1000
* \@twocolumnfalse
* \@twosidefalse
* \@mparswitchfalse
* \@reversemarginfalse
* (1in=72.27pt=25.4mm, 1cm=28.453pt)

(/usr/share/texlive/texmf-dist/tex/context/base/mkii/supp-pdf.mkii
[Loading MPS to PDF converter (version 2006.09.02).]
\scratchcounter=\count336
\scratchdimen=\dimen310
\scratchbox=\box78
\nofMPsegments=\count337
\nofMParguments=\count338
\everyMPshowfont=\toks48
\MPscratchCnt=\count339
\MPscratchDim=\dimen311
\MPnumerator=\count340
\makeMPintoPDFobject=\count341
\everyMPtoPDFconversion=\toks49
) (/usr/share/texlive/texmf-dist/tex/latex/epstopdf-pkg/epstopdf-base.sty
Package: epstopdf-base 2020-01-24 v2.11 Base part for package epstopdf
Package epstopdf-base Info: Redefining graphics rule for `.eps' on input line 4
85.

(/usr/share/texlive/texmf-dist/tex/latex/latexconfig/epstopdf-sys.cfg
File: epstopdf-sys.cfg 2010/07/13 v1.3 Configuration of (r)epstopdf for TeX Liv
e
))
Package hyperref Info: Link coloring OFF on input line 21.

(/usr/share/texlive/texmf-dist/tex/latex/hyperref/nameref.sty
Package: nameref 2021-04-02 v2.47 Cross-referencing by name of section

(/usr/share/texlive/texmf-dist/tex/latex/refcount/refcount.sty
Package: refcount 2019/12/15 v3.6 Data extraction from label references (HO)
)
(/usr/share/texlive/texmf-dist/tex/generic/gettitlestring/gettitlestring.sty
Package: gettitlestring 2019/12/15 v1.6 Cleanup title references (HO)
)
\c@section@level=\count342
)
LaTeX Info: Redefining \ref on input line 21.
LaTeX Info: Redefining \pageref on input line 21.
LaTeX Info: Redefining \nameref on input line 21.

(./exec13_ej230_report_full.out) (./exec13_ej230_report_full.out)
\@outlinefile=\write5
\openout5 = `exec13_ej230_report_full.out'.

LaTeX Font Info:    Overwriting symbol font `operators' in version `normal'
(Font)                  OT1/cmr/m/n --> OT1/cmss/m/n on input line 21.
LaTeX Font Info:    Overwriting symbol font `operators' in version `bold'
(Font)                  OT1/cmr/bx/n --> OT1/cmss/b/n on input line 21.
\symnumbers=\mathgroup6
\sympureletters=\mathgroup7
LaTeX Font Info:    Overwriting math alphabet `\mathrm' in version `normal'
(Font)                  OT1/cmss/m/n --> T1/cmr/m/n on input line 21.
LaTeX Font Info:    Redeclaring math alphabet \mathbf on input line 21.
LaTeX Font Info:    Overwriting math alphabet `\mathbf' in version `normal'
(Font)                  OT1/cmr/bx/n --> T1/cmss/b/n on input line 21.
LaTeX Font Info:    Overwriting math alphabet `\mathbf' in version `bold'
(Font)                  OT1/cmr/bx/n --> T1/cmss/b/n on input line 21.
LaTeX Font Info:    Redeclaring math alphabet \mathsf on input line 21.
LaTeX Font Info:    Overwriting math alphabet `\mathsf' in version `normal'
(Font)                  OT1/cmss/m/n --> T1/cmss/m/n on input line 21.
LaTeX Font Info:    Overwriting math alphabet `\mathsf' in version `bold'
(Font)                  OT1/cmss/bx/n --> T1/cmss/m/n on input line 21.
LaTeX Font Info:    Redeclaring math alphabet \mathit on input line 21.
LaTeX Font Info:    Overwriting math alphabet `\mathit' in version `normal'
(Font)                  OT1/cmr/m/it --> T1/cmss/m/it on input line 21.
LaTeX Font Info:    Overwriting math alphabet `\mathit' in version `bold'
(Font)                  OT1/cmr/bx/it --> T1/cmss/m/it on input line 21.
LaTeX Font Info:    Redeclaring math alphabet \mathtt on input line 21.
LaTeX Font Info:    Overwriting math alphabet `\mathtt' in version `normal'
(Font)                  OT1/cmtt/m/n --> T1/cmtt/m/n on input line 21.
LaTeX Font Info:    Overwriting math alphabet `\mathtt' in version `bold'
(Font)                  OT1/cmtt/m/n --> T1/cmtt/m/n on input line 21.
LaTeX Font Info:    Overwriting symbol font `numbers' in version `bold'
(Font)                  T1/cmss/m/n --> T1/cmss/b/n on input line 21.
LaTeX Font Info:    Overwriting symbol font `pureletters' in version `bold'
(Font)                  T1/cmss/m/it --> T1/cmss/b/it on input line 21.
LaTeX Font Info:    Overwriting math alphabet `\mathrm' in version `bold'
(Font)                  OT1/cmss/b/n --> T1/cmr/b/n on input line 21.
LaTeX Font Info:    Overwriting math alphabet `\mathbf' in version `bold'
(Font)                  T1/cmss/b/n --> T1/cmss/b/n on input line 21.
LaTeX Font Info:    Overwriting math alphabet `\mathsf' in version `bold'
(Font)                  T1/cmss/m/n --> T1/cmss/b/n on input line 21.
LaTeX Font Info:    Overwriting math alphabet `\mathit' in version `bold'
(Font)                  T1/cmss/m/it --> T1/cmss/b/it on input line 21.
LaTeX Font Info:    Overwriting math alphabet `\mathtt' in version `bold'
(Font)                  T1/cmtt/m/n --> T1/cmtt/b/n on input line 21.
LaTeX Font Info:    Redeclaring symbol font `pureletters' on input line 21.
LaTeX Font Info:    Encoding `T1' has changed to `OT1' for symbol font
(Font)              `pureletters' in the math version `normal' on input line 21
.
LaTeX Font Info:    Overwriting symbol font `pureletters' in version `normal'
(Font)                  T1/cmss/m/it --> OT1/mathkerncmss/m/sl on input line 21
.
LaTeX Font Info:    Encoding `T1' has changed to `OT1' for symbol font
(Font)              `pureletters' in the math version `bold' on input line 21.
LaTeX Font Info:    Overwriting symbol font `pureletters' in version `bold'
(Font)                  T1/cmss/b/it --> OT1/mathkerncmss/m/sl on input line 21
.
LaTeX Font Info:    Overwriting symbol font `pureletters' in version `bold'
(Font)                  OT1/mathkerncmss/m/sl --> OT1/mathkerncmss/bx/sl on inp
ut line 21.

(/usr/share/texlive/texmf-dist/tex/latex/translator/translator-basic-dictionary
-English.dict
Dictionary: translator-basic-dictionary, Language: English 
)
(/usr/share/texlive/texmf-dist/tex/latex/translator/translator-bibliography-dic
tionary-English.dict
Dictionary: translator-bibliography-dictionary, Language: English 
)
(/usr/share/texlive/texmf-dist/tex/latex/translator/translator-environment-dict
ionary-English.dict
Dictionary: translator-environment-dictionary, Language: English 
)
(/usr/share/texlive/texmf-dist/tex/latex/translator/translator-months-dictionar
y-English.dict
Dictionary: translator-months-dictionary, Language: English 
)
(/usr/share/texlive/texmf-dist/tex/latex/translator/translator-numbers-dictiona
ry-English.dict
Dictionary: translator-numbers-dictionary, Language: English 
)
(/usr/share/texlive/texmf-dist/tex/latex/translator/translator-theorem-dictiona
ry-English.dict
Dictionary: translator-theorem-dictionary, Language: English 
) (./exec13_ej230_report_full.nav) (../tables/provenance.tex
LaTeX Font Info:    Trying to load font information for T1+cmtt on input line 6
.

(/usr/share/texlive/texmf-dist/tex/latex/base/t1cmtt.fd
File: t1cmtt.fd 2019/12/16 v2.5j Standard LaTeX font definitions
)
LaTeX Font Info:    Trying to load font information for U+msa on input line 14.


(/usr/share/texlive/texmf-dist/tex/latex/amsfonts/umsa.fd
File: umsa.fd 2013/01/14 v3.01 AMS symbols A
)
LaTeX Font Info:    Trying to load font information for U+msb on input line 14.


(/usr/share/texlive/texmf-dist/tex/latex/amsfonts/umsb.fd
File: umsb.fd 2013/01/14 v3.01 AMS symbols B
)
LaTeX Font Info:    Trying to load font information for OT1+mathkerncmss on inp
ut line 14.

(/usr/share/texlive/texmf-dist/tex/latex/sansmathaccent/ot1mathkerncmss.fd
File: ot1mathkerncmss.fd 2020/01/31 Fontinst v1.933 font definitions for OT1/ma
thkerncmss.
))
[1

{/usr/share/texlive/texmf-dist/fonts/map/pdftex/updmap/pdftex.map}] [2

]
[3

] [4

]
<..//figs/muon_-690mm_geometry.png, id=68, 867.24pt x 231.264pt>
File: ..//figs/muon_-690mm_geometry.png Graphic file (type png)
<use ..//figs/muon_-690mm_geometry.png>
Package pdftex.def Info: ..//figs/muon_-690mm_geometry.png  used on input line 
97.
(pdftex.def)             Requested size: 207.13776pt x 55.2363pt.
<..//figs/muon_-690mm_top_profile.png, id=70, 578.16pt x 325.215pt>
File: ..//figs/muon_-690mm_top_profile.png Graphic file (type png)
<use ..//figs/muon_-690mm_top_profile.png>
Package pdftex.def Info: ..//figs/muon_-690mm_top_profile.png  used on input li
ne 97.
(pdftex.def)             Requested size: 183.23842pt x 103.06851pt.
 (../tables/key_position_-690.tex) [5

 <..//figs/muon_-690mm_geometry.png> <..//figs/muon_-690mm_top_profile.png>]
<..//figs/exec11_arrival_-690mm.png, id=81, 975.645pt x 346.896pt>
File: ..//figs/exec11_arrival_-690mm.png Graphic file (type png)
<use ..//figs/exec11_arrival_-690mm.png>
Package pdftex.def Info: ..//figs/exec11_arrival_-690mm.png  used on input line
 100.
(pdftex.def)             Requested size: 398.3348pt x 141.63014pt.
 [6

 <..//figs/exec11_arrival_-690mm.png>]
<..//figs/exec13_tN_-690mm.png, id=90, 1011.78pt x 614.295pt>
File: ..//figs/exec13_tN_-690mm.png Graphic file (type png)
<use ..//figs/exec13_tN_-690mm.png>
Package pdftex.def Info: ..//figs/exec13_tN_-690mm.png  used on input line 103.

(pdftex.def)             Requested size: 348.7557pt x 211.74452pt.
 [7

 <..//figs/exec13_tN_-690mm.png>]
<..//figs/exec13_tn_-690mm_top.png, id=98, 832.0686pt x 553.5882pt>
File: ..//figs/exec13_tn_-690mm_top.png Graphic file (type png)
<use ..//figs/exec13_tn_-690mm_top.png>
Package pdftex.def Info: ..//figs/exec13_tn_-690mm_top.png  used on input line 
122.
(pdftex.def)             Requested size: 238.99568pt x 159.00754pt.
<..//figs/exec13_tn_-690mm_endL.png, id=99, 981.4266pt x 377.2494pt>
File: ..//figs/exec13_tn_-690mm_endL.png Graphic file (type png)
<use ..//figs/exec13_tn_-690mm_endL.png>
Package pdftex.def Info: ..//figs/exec13_tn_-690mm_endL.png  used on input line
 122.
(pdftex.def)             Requested size: 151.37077pt x 58.18523pt.
<..//figs/exec13_tn_-690mm_endR.png, id=100, 971.7906pt x 377.2494pt>
File: ..//figs/exec13_tn_-690mm_endR.png Graphic file (type png)
<use ..//figs/exec13_tn_-690mm_endR.png>
Package pdftex.def Info: ..//figs/exec13_tn_-690mm_endR.png  used on input line
 122.
(pdftex.def)             Requested size: 151.3674pt x 58.76086pt.
 [8

 <..//figs/exec13_tn_-690mm_top.png> <..//figs/exec13_tn_-690mm_endL.png> <..//
figs/exec13_tn_-690mm_endR.png>]
<..//figs/muon_-650mm_geometry.png, id=112, 867.24pt x 231.264pt>
File: ..//figs/muon_-650mm_geometry.png Graphic file (type png)
<use ..//figs/muon_-650mm_geometry.png>
Package pdftex.def Info: ..//figs/muon_-650mm_geometry.png  used on input line 
134.
(pdftex.def)             Requested size: 207.13776pt x 55.2363pt.
<..//figs/muon_-650mm_top_profile.png, id=113, 578.16pt x 325.215pt>
File: ..//figs/muon_-650mm_top_profile.png Graphic file (type png)
<use ..//figs/muon_-650mm_top_profile.png>
Package pdftex.def Info: ..//figs/muon_-650mm_top_profile.png  used on input li
ne 134.
(pdftex.def)             Requested size: 183.23842pt x 103.06851pt.

(../tables/key_position_-650.tex) [9

 <..//figs/muon_-650mm_geometry.png> <..//figs/muon_-650mm_top_profile.png>]
<..//figs/exec11_arrival_-650mm.png, id=121, 975.645pt x 346.896pt>
File: ..//figs/exec11_arrival_-650mm.png Graphic file (type png)
<use ..//figs/exec11_arrival_-650mm.png>
Package pdftex.def Info: ..//figs/exec11_arrival_-650mm.png  used on input line
 137.
(pdftex.def)             Requested size: 398.3348pt x 141.63014pt.
 [10

 <..//figs/exec11_arrival_-650mm.png>]
<..//figs/exec13_tN_-650mm.png, id=128, 1011.78pt x 614.295pt>
File: ..//figs/exec13_tN_-650mm.png Graphic file (type png)
<use ..//figs/exec13_tN_-650mm.png>
Package pdftex.def Info: ..//figs/exec13_tN_-650mm.png  used on input line 140.

(pdftex.def)             Requested size: 348.7557pt x 211.74452pt.

[11

 <..//figs/exec13_tN_-650mm.png>]
<..//figs/exec13_tn_-650mm_top.png, id=135, 832.0686pt x 553.5882pt>
File: ..//figs/exec13_tn_-650mm_top.png Graphic file (type png)
<use ..//figs/exec13_tn_-650mm_top.png>
Package pdftex.def Info: ..//figs/exec13_tn_-650mm_top.png  used on input line 
159.
(pdftex.def)             Requested size: 238.99568pt x 159.00754pt.
<..//figs/exec13_tn_-650mm_endL.png, id=136, 973.7178pt x 377.2494pt>
File: ..//figs/exec13_tn_-650mm_endL.png Graphic file (type png)
<use ..//figs/exec13_tn_-650mm_endL.png>
Package pdftex.def Info: ..//figs/exec13_tn_-650mm_endL.png  used on input line
 159.
(pdftex.def)             Requested size: 151.37042pt x 58.64574pt.
<..//figs/exec13_tn_-650mm_endR.png, id=137, 971.7906pt x 377.2494pt>
File: ..//figs/exec13_tn_-650mm_endR.png Graphic file (type png)
<use ..//figs/exec13_tn_-650mm_endR.png>
Package pdftex.def Info: ..//figs/exec13_tn_-650mm_endR.png  used on input line
 159.
(pdftex.def)             Requested size: 151.3674pt x 58.76086pt.
 [12

 <..//figs/exec13_tn_-650mm_top.png> <..//figs/exec13_tn_-650mm_endL.png> <..//
figs/exec13_tn_-650mm_endR.png>]
<..//figs/muon_-400mm_geometry.png, id=146, 867.24pt x 231.264pt>
File: ..//figs/muon_-400mm_geometry.png Graphic file (type png)
<use ..//figs/muon_-400mm_geometry.png>
Package pdftex.def Info: ..//figs/muon_-400mm_geometry.png  used on input line 
171.
(pdftex.def)             Requested size: 207.13776pt x 55.2363pt.
<..//figs/muon_-400mm_top_profile.png, id=147, 578.16pt x 325.215pt>
File: ..//figs/muon_-400mm_top_profile.png Graphic file (type png)
<use ..//figs/muon_-400mm_top_profile.png>
Package pdftex.def Info: ..//figs/muon_-400mm_top_profile.png  used on input li
ne 171.
(pdftex.def)             Requested size: 183.23842pt x 103.06851pt.

(../tables/key_position_-400.tex) [13

 <..//figs/muon_-400mm_geometry.png> <..//figs/muon_-400mm_top_profile.png>]
<..//figs/exec11_arrival_-400mm.png, id=156, 975.645pt x 346.896pt>
File: ..//figs/exec11_arrival_-400mm.png Graphic file (type png)
<use ..//figs/exec11_arrival_-400mm.png>
Package pdftex.def Info: ..//figs/exec11_arrival_-400mm.png  used on input line
 174.
(pdftex.def)             Requested size: 398.3348pt x 141.63014pt.
 [14

 <..//figs/exec11_arrival_-400mm.png>]
<..//figs/exec13_tN_-400mm.png, id=163, 1011.78pt x 614.295pt>
File: ..//figs/exec13_tN_-400mm.png Graphic file (type png)
<use ..//figs/exec13_tN_-400mm.png>
Package pdftex.def Info: ..//figs/exec13_tN_-400mm.png  used on input line 177.

(pdftex.def)             Requested size: 348.7557pt x 211.74452pt.

[15

 <..//figs/exec13_tN_-400mm.png>]
<..//figs/exec13_tn_-400mm_top.png, id=170, 832.0686pt x 553.5882pt>
File: ..//figs/exec13_tn_-400mm_top.png Graphic file (type png)
<use ..//figs/exec13_tn_-400mm_top.png>
Package pdftex.def Info: ..//figs/exec13_tn_-400mm_top.png  used on input line 
196.
(pdftex.def)             Requested size: 238.99568pt x 159.00754pt.
<..//figs/exec13_tn_-400mm_endL.png, id=171, 973.7178pt x 377.2494pt>
File: ..//figs/exec13_tn_-400mm_endL.png Graphic file (type png)
<use ..//figs/exec13_tn_-400mm_endL.png>
Package pdftex.def Info: ..//figs/exec13_tn_-400mm_endL.png  used on input line
 196.
(pdftex.def)             Requested size: 151.37042pt x 58.64574pt.
<..//figs/exec13_tn_-400mm_endR.png, id=172, 971.7906pt x 377.2494pt>
File: ..//figs/exec13_tn_-400mm_endR.png Graphic file (type png)
<use ..//figs/exec13_tn_-400mm_endR.png>
Package pdftex.def Info: ..//figs/exec13_tn_-400mm_endR.png  used on input line
 196.
(pdftex.def)             Requested size: 151.3674pt x 58.76086pt.
 [16

 <..//figs/exec13_tn_-400mm_top.png> <..//figs/exec13_tn_-400mm_endL.png> <..//
figs/exec13_tn_-400mm_endR.png>]
<..//figs/muon_0mm_geometry.png, id=181, 867.24pt x 231.264pt>
File: ..//figs/muon_0mm_geometry.png Graphic file (type png)
<use ..//figs/muon_0mm_geometry.png>
Package pdftex.def Info: ..//figs/muon_0mm_geometry.png  used on input line 208
.
(pdftex.def)             Requested size: 207.13776pt x 55.2363pt.
<..//figs/muon_0mm_top_profile.png, id=182, 578.16pt x 325.215pt>
File: ..//figs/muon_0mm_top_profile.png Graphic file (type png)
<use ..//figs/muon_0mm_top_profile.png>
Package pdftex.def Info: ..//figs/muon_0mm_top_profile.png  used on input line 
208.
(pdftex.def)             Requested size: 183.23842pt x 103.06851pt.

(../tables/key_position_0.tex) [17

 <..//figs/muon_0mm_geometry.png> <..//figs/muon_0mm_top_profile.png>]
<..//figs/exec11_arrival_0mm.png, id=190, 975.645pt x 346.896pt>
File: ..//figs/exec11_arrival_0mm.png Graphic file (type png)
<use ..//figs/exec11_arrival_0mm.png>
Package pdftex.def Info: ..//figs/exec11_arrival_0mm.png  used on input line 21
1.
(pdftex.def)             Requested size: 398.3348pt x 141.63014pt.
 [18

 <..//figs/exec11_arrival_0mm.png>]
<..//figs/exec13_tN_0mm.png, id=197, 1011.78pt x 614.295pt>
File: ..//figs/exec13_tN_0mm.png Graphic file (type png)
<use ..//figs/exec13_tN_0mm.png>
Package pdftex.def Info: ..//figs/exec13_tN_0mm.png  used on input line 214.
(pdftex.def)             Requested size: 348.7557pt x 211.74452pt.
 [19

 <..//figs/exec13_tN_0mm.png>]
<..//figs/exec13_tn_0mm_top.png, id=205, 832.0686pt x 553.5882pt>
File: ..//figs/exec13_tn_0mm_top.png Graphic file (type png)
<use ..//figs/exec13_tn_0mm_top.png>
Package pdftex.def Info: ..//figs/exec13_tn_0mm_top.png  used on input line 233
.
(pdftex.def)             Requested size: 238.99568pt x 159.00754pt.
<..//figs/exec13_tn_0mm_endL.png, id=206, 967.9362pt x 377.2494pt>
File: ..//figs/exec13_tn_0mm_endL.png Graphic file (type png)
<use ..//figs/exec13_tn_0mm_endL.png>
Package pdftex.def Info: ..//figs/exec13_tn_0mm_endL.png  used on input line 23
3.
(pdftex.def)             Requested size: 151.3578pt x 58.99112pt.
<..//figs/exec13_tn_0mm_endR.png, id=207, 967.9362pt x 377.2494pt>
File: ..//figs/exec13_tn_0mm_endR.png Graphic file (type png)
<use ..//figs/exec13_tn_0mm_endR.png>
Package pdftex.def Info: ..//figs/exec13_tn_0mm_endR.png  used on input line 23
3.
(pdftex.def)             Requested size: 151.3578pt x 58.99112pt.
 [20

 <..//figs/exec13_tn_0mm_top.png> <..//figs/exec13_tn_0mm_endL.png> <..//figs/e
xec13_tn_0mm_endR.png>]
<..//figs/muon_400mm_geometry.png, id=216, 867.24pt x 231.264pt>
File: ..//figs/muon_400mm_geometry.png Graphic file (type png)
<use ..//figs/muon_400mm_geometry.png>
Package pdftex.def Info: ..//figs/muon_400mm_geometry.png  used on input line 2
45.
(pdftex.def)             Requested size: 207.13776pt x 55.2363pt.
<..//figs/muon_400mm_top_profile.png, id=217, 578.16pt x 325.215pt>
File: ..//figs/muon_400mm_top_profile.png Graphic file (type png)
<use ..//figs/muon_400mm_top_profile.png>
Package pdftex.def Info: ..//figs/muon_400mm_top_profile.png  used on input lin
e 245.
(pdftex.def)             Requested size: 183.23842pt x 103.06851pt.
 (../tables/key_position_400.tex) [21

 <..//figs/muon_400mm_geometry.png> <..//figs/muon_400mm_top_profile.png>]
<..//figs/exec11_arrival_400mm.png, id=225, 975.645pt x 346.896pt>
File: ..//figs/exec11_arrival_400mm.png Graphic file (type png)
<use ..//figs/exec11_arrival_400mm.png>
Package pdftex.def Info: ..//figs/exec11_arrival_400mm.png  used on input line 
248.
(pdftex.def)             Requested size: 398.3348pt x 141.63014pt.

[22

 <..//figs/exec11_arrival_400mm.png>]
<..//figs/exec13_tN_400mm.png, id=233, 1011.78pt x 614.295pt>
File: ..//figs/exec13_tN_400mm.png Graphic file (type png)
<use ..//figs/exec13_tN_400mm.png>
Package pdftex.def Info: ..//figs/exec13_tN_400mm.png  used on input line 251.
(pdftex.def)             Requested size: 348.7557pt x 211.74452pt.
 [23

 <..//figs/exec13_tN_400mm.png>]
<..//figs/exec13_tn_400mm_top.png, id=240, 832.0686pt x 553.5882pt>
File: ..//figs/exec13_tn_400mm_top.png Graphic file (type png)
<use ..//figs/exec13_tn_400mm_top.png>
Package pdftex.def Info: ..//figs/exec13_tn_400mm_top.png  used on input line 2
70.
(pdftex.def)             Requested size: 238.99568pt x 159.00754pt.
<..//figs/exec13_tn_400mm_endL.png, id=241, 971.7906pt x 377.2494pt>
File: ..//figs/exec13_tn_400mm_endL.png Graphic file (type png)
<use ..//figs/exec13_tn_400mm_endL.png>
Package pdftex.def Info: ..//figs/exec13_tn_400mm_endL.png  used on input line 
270.
(pdftex.def)             Requested size: 151.3674pt x 58.76086pt.
<..//figs/exec13_tn_400mm_endR.png, id=242, 973.7178pt x 377.2494pt>
File: ..//figs/exec13_tn_400mm_endR.png Graphic file (type png)
<use ..//figs/exec13_tn_400mm_endR.png>
Package pdftex.def Info: ..//figs/exec13_tn_400mm_endR.png  used on input line 
270.
(pdftex.def)             Requested size: 151.37042pt x 58.64574pt.

[24

 <..//figs/exec13_tn_400mm_top.png> <..//figs/exec13_tn_400mm_endL.png> <..//fi
gs/exec13_tn_400mm_endR.png>]
<..//figs/muon_650mm_geometry.png, id=251, 867.24pt x 231.264pt>
File: ..//figs/muon_650mm_geometry.png Graphic file (type png)
<use ..//figs/muon_650mm_geometry.png>
Package pdftex.def Info: ..//figs/muon_650mm_geometry.png  used on input line 2
82.
(pdftex.def)             Requested size: 207.13776pt x 55.2363pt.
<..//figs/muon_650mm_top_profile.png, id=252, 578.16pt x 325.215pt>
File: ..//figs/muon_650mm_top_profile.png Graphic file (type png)
<use ..//figs/muon_650mm_top_profile.png>
Package pdftex.def Info: ..//figs/muon_650mm_top_profile.png  used on input lin
e 282.
(pdftex.def)             Requested size: 183.23842pt x 103.06851pt.
 (../tables/key_position_650.tex) [25

 <..//figs/muon_650mm_geometry.png> <..//figs/muon_650mm_top_profile.png>]
<..//figs/exec11_arrival_650mm.png, id=261, 975.645pt x 346.896pt>
File: ..//figs/exec11_arrival_650mm.png Graphic file (type png)
<use ..//figs/exec11_arrival_650mm.png>
Package pdftex.def Info: ..//figs/exec11_arrival_650mm.png  used on input line 
285.
(pdftex.def)             Requested size: 398.3348pt x 141.63014pt.
 [26

 <..//figs/exec11_arrival_650mm.png>]
<..//figs/exec13_tN_650mm.png, id=268, 1011.78pt x 614.295pt>
File: ..//figs/exec13_tN_650mm.png Graphic file (type png)
<use ..//figs/exec13_tN_650mm.png>
Package pdftex.def Info: ..//figs/exec13_tN_650mm.png  used on input line 288.
(pdftex.def)             Requested size: 348.7557pt x 211.74452pt.
 [27

 <..//figs/exec13_tN_650mm.png>]
<..//figs/exec13_tn_650mm_top.png, id=275, 832.0686pt x 553.5882pt>
File: ..//figs/exec13_tn_650mm_top.png Graphic file (type png)
<use ..//figs/exec13_tn_650mm_top.png>
Package pdftex.def Info: ..//figs/exec13_tn_650mm_top.png  used on input line 3
07.
(pdftex.def)             Requested size: 238.99568pt x 159.00754pt.
<..//figs/exec13_tn_650mm_endL.png, id=276, 971.7906pt x 377.2494pt>
File: ..//figs/exec13_tn_650mm_endL.png Graphic file (type png)
<use ..//figs/exec13_tn_650mm_endL.png>
Package pdftex.def Info: ..//figs/exec13_tn_650mm_endL.png  used on input line 
307.
(pdftex.def)             Requested size: 151.3674pt x 58.76086pt.
<..//figs/exec13_tn_650mm_endR.png, id=277, 973.7178pt x 377.2494pt>
File: ..//figs/exec13_tn_650mm_endR.png Graphic file (type png)
<use ..//figs/exec13_tn_650mm_endR.png>
Package pdftex.def Info: ..//figs/exec13_tn_650mm_endR.png  used on input line 
307.
(pdftex.def)             Requested size: 151.37042pt x 58.64574pt.
 [28

 <..//figs/exec13_tn_650mm_top.png> <..//figs/exec13_tn_650mm_endL.png> <..//fi
gs/exec13_tn_650mm_endR.png>]
<..//figs/muon_690mm_geometry.png, id=286, 867.24pt x 231.264pt>
File: ..//figs/muon_690mm_geometry.png Graphic file (type png)
<use ..//figs/muon_690mm_geometry.png>
Package pdftex.def Info: ..//figs/muon_690mm_geometry.png  used on input line 3
19.
(pdftex.def)             Requested size: 207.13776pt x 55.2363pt.
<..//figs/muon_690mm_top_profile.png, id=287, 578.16pt x 325.215pt>
File: ..//figs/muon_690mm_top_profile.png Graphic file (type png)
<use ..//figs/muon_690mm_top_profile.png>
Package pdftex.def Info: ..//figs/muon_690mm_top_profile.png  used on input lin
e 319.
(pdftex.def)             Requested size: 183.23842pt x 103.06851pt.
 (../tables/key_position_690.tex) [29

 <..//figs/muon_690mm_geometry.png> <..//figs/muon_690mm_top_profile.png>]
<..//figs/exec11_arrival_690mm.png, id=295, 975.645pt x 346.896pt>
File: ..//figs/exec11_arrival_690mm.png Graphic file (type png)
<use ..//figs/exec11_arrival_690mm.png>
Package pdftex.def Info: ..//figs/exec11_arrival_690mm.png  used on input line 
322.
(pdftex.def)             Requested size: 398.3348pt x 141.63014pt.
 [30

 <..//figs/exec11_arrival_690mm.png>]
<..//figs/exec13_tN_690mm.png, id=302, 1011.78pt x 614.295pt>
File: ..//figs/exec13_tN_690mm.png Graphic file (type png)
<use ..//figs/exec13_tN_690mm.png>
Package pdftex.def Info: ..//figs/exec13_tN_690mm.png  used on input line 325.
(pdftex.def)             Requested size: 348.7557pt x 211.74452pt.
 [31

 <..//figs/exec13_tN_690mm.png>]
<..//figs/exec13_tn_690mm_top.png, id=310, 832.0686pt x 553.5882pt>
File: ..//figs/exec13_tn_690mm_top.png Graphic file (type png)
<use ..//figs/exec13_tn_690mm_top.png>
Package pdftex.def Info: ..//figs/exec13_tn_690mm_top.png  used on input line 3
44.
(pdftex.def)             Requested size: 238.99568pt x 159.00754pt.
<..//figs/exec13_tn_690mm_endL.png, id=311, 971.7906pt x 377.2494pt>
File: ..//figs/exec13_tn_690mm_endL.png Graphic file (type png)
<use ..//figs/exec13_tn_690mm_endL.png>
Package pdftex.def Info: ..//figs/exec13_tn_690mm_endL.png  used on input line 
344.
(pdftex.def)             Requested size: 151.3674pt x 58.76086pt.
<..//figs/exec13_tn_690mm_endR.png, id=312, 981.4266pt x 377.2494pt>
File: ..//figs/exec13_tn_690mm_endR.png Graphic file (type png)
<use ..//figs/exec13_tn_690mm_endR.png>
Package pdftex.def Info: ..//figs/exec13_tn_690mm_endR.png  used on input line 
344.
(pdftex.def)             Requested size: 151.37077pt x 58.18523pt.
 [32

 <..//figs/exec13_tn_690mm_top.png> <..//figs/exec13_tn_690mm_endL.png> <..//fi
gs/exec13_tn_690mm_endR.png>]
<..//figs/exec13_tN_summary.png, id=321, 939.51pt x 361.35pt>
File: ..//figs/exec13_tN_summary.png Graphic file (type png)
<use ..//figs/exec13_tN_summary.png>
Package pdftex.def Info: ..//figs/exec13_tN_summary.png  used on input line 351
.
(pdftex.def)             Requested size: 398.33315pt x 153.20505pt.
(../tables/tN_summary.tex) [33

 <..//figs/exec13_tN_summary.png>] [34

]
<..//figs/P1_npe_vs_x.png, id=338, 650.43pt x 397.485pt>
File: ..//figs/P1_npe_vs_x.png Graphic file (type png)
<use ..//figs/P1_npe_vs_x.png>
Package pdftex.def Info: ..//figs/P1_npe_vs_x.png  used on input line 398.
(pdftex.def)             Requested size: 255.74095pt x 156.28613pt.
 [35

 <..//figs/P1_npe_vs_x.png>]
<..//figs/P2_npe_heatmap_top.png, id=345, 722.7pt x 505.89pt>
File: ..//figs/P2_npe_heatmap_top.png Graphic file (type png)
<use ..//figs/P2_npe_heatmap_top.png>
Package pdftex.def Info: ..//figs/P2_npe_heatmap_top.png  used on input line 40
5.
(pdftex.def)             Requested size: 223.26276pt x 156.28392pt.
 (../tables/top_localization_summary.tex) [36

 <..//figs/P2_npe_heatmap_top.png>]
<..//figs/fits_attenuation_velocity.png, id=352, 867.24pt x 361.35pt>
File: ..//figs/fits_attenuation_velocity.png Graphic file (type png)
<use ..//figs/fits_attenuation_velocity.png>
Package pdftex.def Info: ..//figs/fits_attenuation_velocity.png  used on input 
line 413.
(pdftex.def)             Requested size: 278.29pt x 115.95416pt.
 (../tables/attenuation_fit.tex) [37

 <..//figs/fits_attenuation_velocity.png>] [38

]
<..//figs/exec10_fano_vs_mean.png, id=371, 614.295pt x 397.485pt>
File: ..//figs/exec10_fano_vs_mean.png Graphic file (type png)
<use ..//figs/exec10_fano_vs_mean.png>
Package pdftex.def Info: ..//figs/exec10_fano_vs_mean.png  used on input line 4
51.
(pdftex.def)             Requested size: 214.26596pt x 138.64268pt.
 (../tables/fano_fit.tex) [39

 <..//figs/exec10_fano_vs_mean.png>] [40

]
<..//figs/exec10_landau_fit_example.png, id=389, 614.295pt x 397.485pt>
File: ..//figs/exec10_landau_fit_example.png Graphic file (type png)
<use ..//figs/exec10_landau_fit_example.png>
Package pdftex.def Info: ..//figs/exec10_landau_fit_example.png  used on input 
line 496.
(pdftex.def)             Requested size: 214.26596pt x 138.64268pt.
 [41

 <..//figs/exec10_landau_fit_example.png>]
<..//figs/P5_tdist_examples.png, id=397, 867.24pt x 794.97pt>
File: ..//figs/P5_tdist_examples.png Graphic file (type png)
<use ..//figs/P5_tdist_examples.png>
Package pdftex.def Info: ..//figs/P5_tdist_examples.png  used on input line 504
.
(pdftex.def)             Requested size: 151.23994pt x 138.63661pt.
 [42

 <..//figs/P5_tdist_examples.png>]
<..//figs/P6_tmean_vs_x.png, id=404, 939.51pt x 361.35pt>
File: ..//figs/P6_tmean_vs_x.png Graphic file (type png)
<use ..//figs/P6_tmean_vs_x.png>
Package pdftex.def Info: ..//figs/P6_tmean_vs_x.png  used on input line 512.
(pdftex.def)             Requested size: 398.33315pt x 153.20505pt.
 [43

 <..//figs/P6_tmean_vs_x.png>]
(../tables/landau_key_positions.tex) [44

] (../tables/window_dip_mechanism.tex)
[45

] (../tables/window_dip_test.tex)
<..//figs/exec08b_window_dip_profiles.png, id=422, 1409.265pt x 650.43pt>
File: ..//figs/exec08b_window_dip_profiles.png Graphic file (type png)
<use ..//figs/exec08b_window_dip_profiles.png>
Package pdftex.def Info: ..//figs/exec08b_window_dip_profiles.png  used on inpu
t line 581.
(pdftex.def)             Requested size: 203.15048pt x 93.75911pt.
 (../tables/window_dip_summary.tex)
[46

 <..//figs/exec08b_window_dip_profiles.png>]
<..//figs/P7_deltaT_end.png, id=429, 939.51pt x 361.35pt>
File: ..//figs/P7_deltaT_end.png Graphic file (type png)
<use ..//figs/P7_deltaT_end.png>
Package pdftex.def Info: ..//figs/P7_deltaT_end.png  used on input line 591.
(pdftex.def)             Requested size: 393.24394pt x 151.24767pt.
 (../tables/sum4_timing.tex)
[47

 <..//figs/P7_deltaT_end.png>] (../tables/endtop_endonly_ratio.tex)
(../tables/endtop_endonly_tails.tex)
<..//figs/exec09_tail_comparison.png, id=437, 975.645pt x 867.24pt>
File: ..//figs/exec09_tail_comparison.png Graphic file (type png)
<use ..//figs/exec09_tail_comparison.png>
Package pdftex.def Info: ..//figs/exec09_tail_comparison.png  used on input lin
e 609.
(pdftex.def)             Requested size: 119.09698pt x 105.864pt.
 [48

 <..//figs/exec09_tail_comparison.png>]
<..//figs/exec10_velocity_estimators.png, id=444, 939.51pt x 650.43pt>
File: ..//figs/exec10_velocity_estimators.png Graphic file (type png)
<use ..//figs/exec10_velocity_estimators.png>
Package pdftex.def Info: ..//figs/exec10_velocity_estimators.png  used on input
 line 621.
(pdftex.def)             Requested size: 246.96797pt x 170.97366pt.
(../tables/velocity_estimators.tex) [49

 <..//figs/exec10_velocity_estimators.png>] (../tables/top_timing_estimates.tex
) (../tables/top_timing_comparison.tex)
[50

] (../tables/numerical_conclusions.tex (../tables/sum4_timing.tex)) [51

]
File: ..//figs/muon_-690mm_geometry.png Graphic file (type png)
<use ..//figs/muon_-690mm_geometry.png>
Package pdftex.def Info: ..//figs/muon_-690mm_geometry.png  used on input line 
655.
(pdftex.def)             Requested size: 207.13776pt x 55.2363pt.
File: ..//figs/muon_-690mm_top_profile.png Graphic file (type png)
<use ..//figs/muon_-690mm_top_profile.png>
Package pdftex.def Info: ..//figs/muon_-690mm_top_profile.png  used on input li
ne 655.
(pdftex.def)             Requested size: 183.23842pt x 103.06851pt.

(../tables/key_position_-690.tex) [52

]
File: ..//figs/exec11_arrival_-690mm.png Graphic file (type png)
<use ..//figs/exec11_arrival_-690mm.png>
Package pdftex.def Info: ..//figs/exec11_arrival_-690mm.png  used on input line
 658.
(pdftex.def)             Requested size: 398.3348pt x 141.63014pt.
 [53

]
<..//figs/muon_-670mm_geometry.png, id=475, 867.24pt x 231.264pt>
File: ..//figs/muon_-670mm_geometry.png Graphic file (type png)
<use ..//figs/muon_-670mm_geometry.png>
Package pdftex.def Info: ..//figs/muon_-670mm_geometry.png  used on input line 
670.
(pdftex.def)             Requested size: 207.13776pt x 55.2363pt.
<..//figs/muon_-670mm_top_profile.png, id=476, 578.16pt x 325.215pt>
File: ..//figs/muon_-670mm_top_profile.png Graphic file (type png)
<use ..//figs/muon_-670mm_top_profile.png>
Package pdftex.def Info: ..//figs/muon_-670mm_top_profile.png  used on input li
ne 670.
(pdftex.def)             Requested size: 183.23842pt x 103.06851pt.
 (../tables/position_-670.tex)
[54

 <..//figs/muon_-670mm_geometry.png> <..//figs/muon_-670mm_top_profile.png>]
<..//figs/exec11_arrival_-670mm.png, id=484, 975.645pt x 346.896pt>
File: ..//figs/exec11_arrival_-670mm.png Graphic file (type png)
<use ..//figs/exec11_arrival_-670mm.png>
Package pdftex.def Info: ..//figs/exec11_arrival_-670mm.png  used on input line
 673.
(pdftex.def)             Requested size: 398.3348pt x 141.63014pt.
[55

 <..//figs/exec11_arrival_-670mm.png>]
File: ..//figs/muon_-650mm_geometry.png Graphic file (type png)
<use ..//figs/muon_-650mm_geometry.png>
Package pdftex.def Info: ..//figs/muon_-650mm_geometry.png  used on input line 
685.
(pdftex.def)             Requested size: 207.13776pt x 55.2363pt.
File: ..//figs/muon_-650mm_top_profile.png Graphic file (type png)
<use ..//figs/muon_-650mm_top_profile.png>
Package pdftex.def Info: ..//figs/muon_-650mm_top_profile.png  used on input li
ne 685.
(pdftex.def)             Requested size: 183.23842pt x 103.06851pt.
 (../tables/key_position_-650.tex)
[56

]
File: ..//figs/exec11_arrival_-650mm.png Graphic file (type png)
<use ..//figs/exec11_arrival_-650mm.png>
Package pdftex.def Info: ..//figs/exec11_arrival_-650mm.png  used on input line
 688.
(pdftex.def)             Requested size: 398.3348pt x 141.63014pt.
 [57

]
<..//figs/muon_-600mm_geometry.png, id=502, 867.24pt x 231.264pt>
File: ..//figs/muon_-600mm_geometry.png Graphic file (type png)
<use ..//figs/muon_-600mm_geometry.png>
Package pdftex.def Info: ..//figs/muon_-600mm_geometry.png  used on input line 
700.
(pdftex.def)             Requested size: 207.13776pt x 55.2363pt.
<..//figs/muon_-600mm_top_profile.png, id=503, 578.16pt x 325.215pt>
File: ..//figs/muon_-600mm_top_profile.png Graphic file (type png)
<use ..//figs/muon_-600mm_top_profile.png>
Package pdftex.def Info: ..//figs/muon_-600mm_top_profile.png  used on input li
ne 700.
(pdftex.def)             Requested size: 183.23842pt x 103.06851pt.
 (../tables/position_-600.tex) [58

 <..//figs/muon_-600mm_geometry.png> <..//figs/muon_-600mm_top_profile.png>]
<..//figs/exec11_arrival_-600mm.png, id=511, 975.645pt x 346.896pt>
File: ..//figs/exec11_arrival_-600mm.png Graphic file (type png)
<use ..//figs/exec11_arrival_-600mm.png>
Package pdftex.def Info: ..//figs/exec11_arrival_-600mm.png  used on input line
 703.
(pdftex.def)             Requested size: 398.3348pt x 141.63014pt.
 [59

 <..//figs/exec11_arrival_-600mm.png>]
<..//figs/muon_-550mm_geometry.png, id=518, 867.24pt x 231.264pt>
File: ..//figs/muon_-550mm_geometry.png Graphic file (type png)
<use ..//figs/muon_-550mm_geometry.png>
Package pdftex.def Info: ..//figs/muon_-550mm_geometry.png  used on input line 
715.
(pdftex.def)             Requested size: 207.13776pt x 55.2363pt.
<..//figs/muon_-550mm_top_profile.png, id=519, 578.16pt x 325.215pt>
File: ..//figs/muon_-550mm_top_profile.png Graphic file (type png)
<use ..//figs/muon_-550mm_top_profile.png>
Package pdftex.def Info: ..//figs/muon_-550mm_top_profile.png  used on input li
ne 715.
(pdftex.def)             Requested size: 183.23842pt x 103.06851pt.
 (../tables/position_-550.tex) [60

 <..//figs/muon_-550mm_geometry.png> <..//figs/muon_-550mm_top_profile.png>]
<..//figs/exec11_arrival_-550mm.png, id=527, 975.645pt x 346.896pt>
File: ..//figs/exec11_arrival_-550mm.png Graphic file (type png)
<use ..//figs/exec11_arrival_-550mm.png>
Package pdftex.def Info: ..//figs/exec11_arrival_-550mm.png  used on input line
 718.
(pdftex.def)             Requested size: 398.3348pt x 141.63014pt.
 [61

 <..//figs/exec11_arrival_-550mm.png>]
<..//figs/muon_-500mm_geometry.png, id=535, 867.24pt x 231.264pt>
File: ..//figs/muon_-500mm_geometry.png Graphic file (type png)
<use ..//figs/muon_-500mm_geometry.png>
Package pdftex.def Info: ..//figs/muon_-500mm_geometry.png  used on input line 
730.
(pdftex.def)             Requested size: 207.13776pt x 55.2363pt.
<..//figs/muon_-500mm_top_profile.png, id=536, 578.16pt x 325.215pt>
File: ..//figs/muon_-500mm_top_profile.png Graphic file (type png)
<use ..//figs/muon_-500mm_top_profile.png>
Package pdftex.def Info: ..//figs/muon_-500mm_top_profile.png  used on input li
ne 730.
(pdftex.def)             Requested size: 183.23842pt x 103.06851pt.

(../tables/position_-500.tex) [62

 <..//figs/muon_-500mm_geometry.png> <..//figs/muon_-500mm_top_profile.png>]
<..//figs/exec11_arrival_-500mm.png, id=544, 975.645pt x 346.896pt>
File: ..//figs/exec11_arrival_-500mm.png Graphic file (type png)
<use ..//figs/exec11_arrival_-500mm.png>
Package pdftex.def Info: ..//figs/exec11_arrival_-500mm.png  used on input line
 733.
(pdftex.def)             Requested size: 398.3348pt x 141.63014pt.
 [63

 <..//figs/exec11_arrival_-500mm.png>]
<..//figs/muon_-450mm_geometry.png, id=551, 867.24pt x 231.264pt>
File: ..//figs/muon_-450mm_geometry.png Graphic file (type png)
<use ..//figs/muon_-450mm_geometry.png>
Package pdftex.def Info: ..//figs/muon_-450mm_geometry.png  used on input line 
745.
(pdftex.def)             Requested size: 207.13776pt x 55.2363pt.
<..//figs/muon_-450mm_top_profile.png, id=552, 578.16pt x 325.215pt>
File: ..//figs/muon_-450mm_top_profile.png Graphic file (type png)
<use ..//figs/muon_-450mm_top_profile.png>
Package pdftex.def Info: ..//figs/muon_-450mm_top_profile.png  used on input li
ne 745.
(pdftex.def)             Requested size: 183.23842pt x 103.06851pt.

(../tables/position_-450.tex) [64

 <..//figs/muon_-450mm_geometry.png> <..//figs/muon_-450mm_top_profile.png>]
<..//figs/exec11_arrival_-450mm.png, id=560, 975.645pt x 346.896pt>
File: ..//figs/exec11_arrival_-450mm.png Graphic file (type png)
<use ..//figs/exec11_arrival_-450mm.png>
Package pdftex.def Info: ..//figs/exec11_arrival_-450mm.png  used on input line
 748.
(pdftex.def)             Requested size: 398.3348pt x 141.63014pt.
 [65

 <..//figs/exec11_arrival_-450mm.png>]
File: ..//figs/muon_-400mm_geometry.png Graphic file (type png)
<use ..//figs/muon_-400mm_geometry.png>
Package pdftex.def Info: ..//figs/muon_-400mm_geometry.png  used on input line 
760.
(pdftex.def)             Requested size: 207.13776pt x 55.2363pt.
File: ..//figs/muon_-400mm_top_profile.png Graphic file (type png)
<use ..//figs/muon_-400mm_top_profile.png>
Package pdftex.def Info: ..//figs/muon_-400mm_top_profile.png  used on input li
ne 760.
(pdftex.def)             Requested size: 183.23842pt x 103.06851pt.

(../tables/key_position_-400.tex) [66

]
File: ..//figs/exec11_arrival_-400mm.png Graphic file (type png)
<use ..//figs/exec11_arrival_-400mm.png>
Package pdftex.def Info: ..//figs/exec11_arrival_-400mm.png  used on input line
 763.
(pdftex.def)             Requested size: 398.3348pt x 141.63014pt.
 [67

]
<..//figs/muon_-350mm_geometry.png, id=578, 867.24pt x 231.264pt>
File: ..//figs/muon_-350mm_geometry.png Graphic file (type png)
<use ..//figs/muon_-350mm_geometry.png>
Package pdftex.def Info: ..//figs/muon_-350mm_geometry.png  used on input line 
775.
(pdftex.def)             Requested size: 207.13776pt x 55.2363pt.
<..//figs/muon_-350mm_top_profile.png, id=579, 578.16pt x 325.215pt>
File: ..//figs/muon_-350mm_top_profile.png Graphic file (type png)
<use ..//figs/muon_-350mm_top_profile.png>
Package pdftex.def Info: ..//figs/muon_-350mm_top_profile.png  used on input li
ne 775.
(pdftex.def)             Requested size: 183.23842pt x 103.06851pt.
 (../tables/position_-350.tex)
[68

 <..//figs/muon_-350mm_geometry.png> <..//figs/muon_-350mm_top_profile.png>]
<..//figs/exec11_arrival_-350mm.png, id=587, 975.645pt x 346.896pt>
File: ..//figs/exec11_arrival_-350mm.png Graphic file (type png)
<use ..//figs/exec11_arrival_-350mm.png>
Package pdftex.def Info: ..//figs/exec11_arrival_-350mm.png  used on input line
 778.
(pdftex.def)             Requested size: 398.3348pt x 141.63014pt.
[69

 <..//figs/exec11_arrival_-350mm.png>]
<..//figs/muon_-300mm_geometry.png, id=594, 867.24pt x 231.264pt>
File: ..//figs/muon_-300mm_geometry.png Graphic file (type png)
<use ..//figs/muon_-300mm_geometry.png>
Package pdftex.def Info: ..//figs/muon_-300mm_geometry.png  used on input line 
790.
(pdftex.def)             Requested size: 207.13776pt x 55.2363pt.
<..//figs/muon_-300mm_top_profile.png, id=595, 578.16pt x 325.215pt>
File: ..//figs/muon_-300mm_top_profile.png Graphic file (type png)
<use ..//figs/muon_-300mm_top_profile.png>
Package pdftex.def Info: ..//figs/muon_-300mm_top_profile.png  used on input li
ne 790.
(pdftex.def)             Requested size: 183.23842pt x 103.06851pt.
 (../tables/position_-300.tex)
[70

 <..//figs/muon_-300mm_geometry.png> <..//figs/muon_-300mm_top_profile.png>]
<..//figs/exec11_arrival_-300mm.png, id=603, 975.645pt x 346.896pt>
File: ..//figs/exec11_arrival_-300mm.png Graphic file (type png)
<use ..//figs/exec11_arrival_-300mm.png>
Package pdftex.def Info: ..//figs/exec11_arrival_-300mm.png  used on input line
 793.
(pdftex.def)             Requested size: 398.3348pt x 141.63014pt.
[71

 <..//figs/exec11_arrival_-300mm.png>]
<..//figs/muon_-250mm_geometry.png, id=611, 867.24pt x 231.264pt>
File: ..//figs/muon_-250mm_geometry.png Graphic file (type png)
<use ..//figs/muon_-250mm_geometry.png>
Package pdftex.def Info: ..//figs/muon_-250mm_geometry.png  used on input line 
805.
(pdftex.def)             Requested size: 207.13776pt x 55.2363pt.
<..//figs/muon_-250mm_top_profile.png, id=612, 578.16pt x 325.215pt>
File: ..//figs/muon_-250mm_top_profile.png Graphic file (type png)
<use ..//figs/muon_-250mm_top_profile.png>
Package pdftex.def Info: ..//figs/muon_-250mm_top_profile.png  used on input li
ne 805.
(pdftex.def)             Requested size: 183.23842pt x 103.06851pt.
 (../tables/position_-250.tex)
[72

 <..//figs/muon_-250mm_geometry.png> <..//figs/muon_-250mm_top_profile.png>]
<..//figs/exec11_arrival_-250mm.png, id=620, 975.645pt x 346.896pt>
File: ..//figs/exec11_arrival_-250mm.png Graphic file (type png)
<use ..//figs/exec11_arrival_-250mm.png>
Package pdftex.def Info: ..//figs/exec11_arrival_-250mm.png  used on input line
 808.
(pdftex.def)             Requested size: 398.3348pt x 141.63014pt.
[73

 <..//figs/exec11_arrival_-250mm.png>]
<..//figs/muon_-200mm_geometry.png, id=628, 867.24pt x 231.264pt>
File: ..//figs/muon_-200mm_geometry.png Graphic file (type png)
<use ..//figs/muon_-200mm_geometry.png>
Package pdftex.def Info: ..//figs/muon_-200mm_geometry.png  used on input line 
820.
(pdftex.def)             Requested size: 207.13776pt x 55.2363pt.
<..//figs/muon_-200mm_top_profile.png, id=629, 578.16pt x 325.215pt>
File: ..//figs/muon_-200mm_top_profile.png Graphic file (type png)
<use ..//figs/muon_-200mm_top_profile.png>
Package pdftex.def Info: ..//figs/muon_-200mm_top_profile.png  used on input li
ne 820.
(pdftex.def)             Requested size: 183.23842pt x 103.06851pt.
 (../tables/position_-200.tex)
[74

 <..//figs/muon_-200mm_geometry.png> <..//figs/muon_-200mm_top_profile.png>]
<..//figs/exec11_arrival_-200mm.png, id=637, 975.645pt x 346.896pt>
File: ..//figs/exec11_arrival_-200mm.png Graphic file (type png)
<use ..//figs/exec11_arrival_-200mm.png>
Package pdftex.def Info: ..//figs/exec11_arrival_-200mm.png  used on input line
 823.
(pdftex.def)             Requested size: 398.3348pt x 141.63014pt.
[75

 <..//figs/exec11_arrival_-200mm.png>]
<..//figs/muon_-150mm_geometry.png, id=644, 867.24pt x 231.264pt>
File: ..//figs/muon_-150mm_geometry.png Graphic file (type png)
<use ..//figs/muon_-150mm_geometry.png>
Package pdftex.def Info: ..//figs/muon_-150mm_geometry.png  used on input line 
835.
(pdftex.def)             Requested size: 207.13776pt x 55.2363pt.
<..//figs/muon_-150mm_top_profile.png, id=645, 578.16pt x 325.215pt>
File: ..//figs/muon_-150mm_top_profile.png Graphic file (type png)
<use ..//figs/muon_-150mm_top_profile.png>
Package pdftex.def Info: ..//figs/muon_-150mm_top_profile.png  used on input li
ne 835.
(pdftex.def)             Requested size: 183.23842pt x 103.06851pt.
 (../tables/position_-150.tex)
[76

 <..//figs/muon_-150mm_geometry.png> <..//figs/muon_-150mm_top_profile.png>]
<..//figs/exec11_arrival_-150mm.png, id=653, 975.645pt x 346.896pt>
File: ..//figs/exec11_arrival_-150mm.png Graphic file (type png)
<use ..//figs/exec11_arrival_-150mm.png>
Package pdftex.def Info: ..//figs/exec11_arrival_-150mm.png  used on input line
 838.
(pdftex.def)             Requested size: 398.3348pt x 141.63014pt.
[77

 <..//figs/exec11_arrival_-150mm.png>]
<..//figs/muon_-100mm_geometry.png, id=660, 867.24pt x 231.264pt>
File: ..//figs/muon_-100mm_geometry.png Graphic file (type png)
<use ..//figs/muon_-100mm_geometry.png>
Package pdftex.def Info: ..//figs/muon_-100mm_geometry.png  used on input line 
850.
(pdftex.def)             Requested size: 207.13776pt x 55.2363pt.
<..//figs/muon_-100mm_top_profile.png, id=661, 578.16pt x 325.215pt>
File: ..//figs/muon_-100mm_top_profile.png Graphic file (type png)
<use ..//figs/muon_-100mm_top_profile.png>
Package pdftex.def Info: ..//figs/muon_-100mm_top_profile.png  used on input li
ne 850.
(pdftex.def)             Requested size: 183.23842pt x 103.06851pt.
 (../tables/position_-100.tex)
[78

 <..//figs/muon_-100mm_geometry.png> <..//figs/muon_-100mm_top_profile.png>]
<..//figs/exec11_arrival_-100mm.png, id=669, 975.645pt x 346.896pt>
File: ..//figs/exec11_arrival_-100mm.png Graphic file (type png)
<use ..//figs/exec11_arrival_-100mm.png>
Package pdftex.def Info: ..//figs/exec11_arrival_-100mm.png  used on input line
 853.
(pdftex.def)             Requested size: 398.3348pt x 141.63014pt.
[79

 <..//figs/exec11_arrival_-100mm.png>]
<..//figs/muon_-50mm_geometry.png, id=677, 867.24pt x 231.264pt>
File: ..//figs/muon_-50mm_geometry.png Graphic file (type png)
<use ..//figs/muon_-50mm_geometry.png>
Package pdftex.def Info: ..//figs/muon_-50mm_geometry.png  used on input line 8
65.
(pdftex.def)             Requested size: 207.13776pt x 55.2363pt.
<..//figs/muon_-50mm_top_profile.png, id=678, 578.16pt x 325.215pt>
File: ..//figs/muon_-50mm_top_profile.png Graphic file (type png)
<use ..//figs/muon_-50mm_top_profile.png>
Package pdftex.def Info: ..//figs/muon_-50mm_top_profile.png  used on input lin
e 865.
(pdftex.def)             Requested size: 183.23842pt x 103.06851pt.
 (../tables/position_-50.tex) [80

 <..//figs/muon_-50mm_geometry.png> <..//figs/muon_-50mm_top_profile.png>]
<..//figs/exec11_arrival_-50mm.png, id=686, 975.645pt x 346.896pt>
File: ..//figs/exec11_arrival_-50mm.png Graphic file (type png)
<use ..//figs/exec11_arrival_-50mm.png>
Package pdftex.def Info: ..//figs/exec11_arrival_-50mm.png  used on input line 
868.
(pdftex.def)             Requested size: 398.3348pt x 141.63014pt.
 [81

 <..//figs/exec11_arrival_-50mm.png>]
File: ..//figs/muon_0mm_geometry.png Graphic file (type png)
<use ..//figs/muon_0mm_geometry.png>
Package pdftex.def Info: ..//figs/muon_0mm_geometry.png  used on input line 880
.
(pdftex.def)             Requested size: 207.13776pt x 55.2363pt.
File: ..//figs/muon_0mm_top_profile.png Graphic file (type png)
<use ..//figs/muon_0mm_top_profile.png>
Package pdftex.def Info: ..//figs/muon_0mm_top_profile.png  used on input line 
880.
(pdftex.def)             Requested size: 183.23842pt x 103.06851pt.
 (../tables/key_position_0.tex) [82

]
File: ..//figs/exec11_arrival_0mm.png Graphic file (type png)
<use ..//figs/exec11_arrival_0mm.png>
Package pdftex.def Info: ..//figs/exec11_arrival_0mm.png  used on input line 88
3.
(pdftex.def)             Requested size: 398.3348pt x 141.63014pt.
 [83

]
<..//figs/muon_50mm_geometry.png, id=703, 867.24pt x 231.264pt>
File: ..//figs/muon_50mm_geometry.png Graphic file (type png)
<use ..//figs/muon_50mm_geometry.png>
Package pdftex.def Info: ..//figs/muon_50mm_geometry.png  used on input line 89
5.
(pdftex.def)             Requested size: 207.13776pt x 55.2363pt.
<..//figs/muon_50mm_top_profile.png, id=704, 578.16pt x 325.215pt>
File: ..//figs/muon_50mm_top_profile.png Graphic file (type png)
<use ..//figs/muon_50mm_top_profile.png>
Package pdftex.def Info: ..//figs/muon_50mm_top_profile.png  used on input line
 895.
(pdftex.def)             Requested size: 183.23842pt x 103.06851pt.

(../tables/position_50.tex) [84

 <..//figs/muon_50mm_geometry.png> <..//figs/muon_50mm_top_profile.png>]
<..//figs/exec11_arrival_50mm.png, id=712, 975.645pt x 346.896pt>
File: ..//figs/exec11_arrival_50mm.png Graphic file (type png)
<use ..//figs/exec11_arrival_50mm.png>
Package pdftex.def Info: ..//figs/exec11_arrival_50mm.png  used on input line 8
98.
(pdftex.def)             Requested size: 398.3348pt x 141.63014pt.
 [85

 <..//figs/exec11_arrival_50mm.png>]
<..//figs/muon_100mm_geometry.png, id=720, 867.24pt x 231.264pt>
File: ..//figs/muon_100mm_geometry.png Graphic file (type png)
<use ..//figs/muon_100mm_geometry.png>
Package pdftex.def Info: ..//figs/muon_100mm_geometry.png  used on input line 9
10.
(pdftex.def)             Requested size: 207.13776pt x 55.2363pt.
<..//figs/muon_100mm_top_profile.png, id=721, 578.16pt x 325.215pt>
File: ..//figs/muon_100mm_top_profile.png Graphic file (type png)
<use ..//figs/muon_100mm_top_profile.png>
Package pdftex.def Info: ..//figs/muon_100mm_top_profile.png  used on input lin
e 910.
(pdftex.def)             Requested size: 183.23842pt x 103.06851pt.

(../tables/position_100.tex) [86

 <..//figs/muon_100mm_geometry.png> <..//figs/muon_100mm_top_profile.png>]
<..//figs/exec11_arrival_100mm.png, id=729, 975.645pt x 346.896pt>
File: ..//figs/exec11_arrival_100mm.png Graphic file (type png)
<use ..//figs/exec11_arrival_100mm.png>
Package pdftex.def Info: ..//figs/exec11_arrival_100mm.png  used on input line 
913.
(pdftex.def)             Requested size: 398.3348pt x 141.63014pt.
 [87

 <..//figs/exec11_arrival_100mm.png>]
<..//figs/muon_150mm_geometry.png, id=736, 867.24pt x 231.264pt>
File: ..//figs/muon_150mm_geometry.png Graphic file (type png)
<use ..//figs/muon_150mm_geometry.png>
Package pdftex.def Info: ..//figs/muon_150mm_geometry.png  used on input line 9
25.
(pdftex.def)             Requested size: 207.13776pt x 55.2363pt.
<..//figs/muon_150mm_top_profile.png, id=737, 578.16pt x 325.215pt>
File: ..//figs/muon_150mm_top_profile.png Graphic file (type png)
<use ..//figs/muon_150mm_top_profile.png>
Package pdftex.def Info: ..//figs/muon_150mm_top_profile.png  used on input lin
e 925.
(pdftex.def)             Requested size: 183.23842pt x 103.06851pt.

(../tables/position_150.tex) [88

 <..//figs/muon_150mm_geometry.png> <..//figs/muon_150mm_top_profile.png>]
<..//figs/exec11_arrival_150mm.png, id=745, 975.645pt x 346.896pt>
File: ..//figs/exec11_arrival_150mm.png Graphic file (type png)
<use ..//figs/exec11_arrival_150mm.png>
Package pdftex.def Info: ..//figs/exec11_arrival_150mm.png  used on input line 
928.
(pdftex.def)             Requested size: 398.3348pt x 141.63014pt.
 [89

 <..//figs/exec11_arrival_150mm.png>]
<..//figs/muon_200mm_geometry.png, id=752, 867.24pt x 231.264pt>
File: ..//figs/muon_200mm_geometry.png Graphic file (type png)
<use ..//figs/muon_200mm_geometry.png>
Package pdftex.def Info: ..//figs/muon_200mm_geometry.png  used on input line 9
40.
(pdftex.def)             Requested size: 207.13776pt x 55.2363pt.
<..//figs/muon_200mm_top_profile.png, id=753, 578.16pt x 325.215pt>
File: ..//figs/muon_200mm_top_profile.png Graphic file (type png)
<use ..//figs/muon_200mm_top_profile.png>
Package pdftex.def Info: ..//figs/muon_200mm_top_profile.png  used on input lin
e 940.
(pdftex.def)             Requested size: 183.23842pt x 103.06851pt.

(../tables/position_200.tex) [90

 <..//figs/muon_200mm_geometry.png> <..//figs/muon_200mm_top_profile.png>]
<..//figs/exec11_arrival_200mm.png, id=761, 975.645pt x 346.896pt>
File: ..//figs/exec11_arrival_200mm.png Graphic file (type png)
<use ..//figs/exec11_arrival_200mm.png>
Package pdftex.def Info: ..//figs/exec11_arrival_200mm.png  used on input line 
943.
(pdftex.def)             Requested size: 398.3348pt x 141.63014pt.
 [91

 <..//figs/exec11_arrival_200mm.png>]
<..//figs/muon_250mm_geometry.png, id=769, 867.24pt x 231.264pt>
File: ..//figs/muon_250mm_geometry.png Graphic file (type png)
<use ..//figs/muon_250mm_geometry.png>
Package pdftex.def Info: ..//figs/muon_250mm_geometry.png  used on input line 9
55.
(pdftex.def)             Requested size: 207.13776pt x 55.2363pt.
<..//figs/muon_250mm_top_profile.png, id=770, 578.16pt x 325.215pt>
File: ..//figs/muon_250mm_top_profile.png Graphic file (type png)
<use ..//figs/muon_250mm_top_profile.png>
Package pdftex.def Info: ..//figs/muon_250mm_top_profile.png  used on input lin
e 955.
(pdftex.def)             Requested size: 183.23842pt x 103.06851pt.

(../tables/position_250.tex) [92

 <..//figs/muon_250mm_geometry.png> <..//figs/muon_250mm_top_profile.png>]
<..//figs/exec11_arrival_250mm.png, id=778, 975.645pt x 346.896pt>
File: ..//figs/exec11_arrival_250mm.png Graphic file (type png)
<use ..//figs/exec11_arrival_250mm.png>
Package pdftex.def Info: ..//figs/exec11_arrival_250mm.png  used on input line 
958.
(pdftex.def)             Requested size: 398.3348pt x 141.63014pt.
 [93

 <..//figs/exec11_arrival_250mm.png>]
<..//figs/muon_300mm_geometry.png, id=785, 867.24pt x 231.264pt>
File: ..//figs/muon_300mm_geometry.png Graphic file (type png)
<use ..//figs/muon_300mm_geometry.png>
Package pdftex.def Info: ..//figs/muon_300mm_geometry.png  used on input line 9
70.
(pdftex.def)             Requested size: 207.13776pt x 55.2363pt.
<..//figs/muon_300mm_top_profile.png, id=786, 578.16pt x 325.215pt>
File: ..//figs/muon_300mm_top_profile.png Graphic file (type png)
<use ..//figs/muon_300mm_top_profile.png>
Package pdftex.def Info: ..//figs/muon_300mm_top_profile.png  used on input lin
e 970.
(pdftex.def)             Requested size: 183.23842pt x 103.06851pt.

(../tables/position_300.tex) [94

 <..//figs/muon_300mm_geometry.png> <..//figs/muon_300mm_top_profile.png>]
<..//figs/exec11_arrival_300mm.png, id=794, 975.645pt x 346.896pt>
File: ..//figs/exec11_arrival_300mm.png Graphic file (type png)
<use ..//figs/exec11_arrival_300mm.png>
Package pdftex.def Info: ..//figs/exec11_arrival_300mm.png  used on input line 
973.
(pdftex.def)             Requested size: 398.3348pt x 141.63014pt.
 [95

 <..//figs/exec11_arrival_300mm.png>]
<..//figs/muon_350mm_geometry.png, id=801, 867.24pt x 231.264pt>
File: ..//figs/muon_350mm_geometry.png Graphic file (type png)
<use ..//figs/muon_350mm_geometry.png>
Package pdftex.def Info: ..//figs/muon_350mm_geometry.png  used on input line 9
85.
(pdftex.def)             Requested size: 207.13776pt x 55.2363pt.
<..//figs/muon_350mm_top_profile.png, id=802, 578.16pt x 325.215pt>
File: ..//figs/muon_350mm_top_profile.png Graphic file (type png)
<use ..//figs/muon_350mm_top_profile.png>
Package pdftex.def Info: ..//figs/muon_350mm_top_profile.png  used on input lin
e 985.
(pdftex.def)             Requested size: 183.23842pt x 103.06851pt.

(../tables/position_350.tex) [96

 <..//figs/muon_350mm_geometry.png> <..//figs/muon_350mm_top_profile.png>]
<..//figs/exec11_arrival_350mm.png, id=811, 975.645pt x 346.896pt>
File: ..//figs/exec11_arrival_350mm.png Graphic file (type png)
<use ..//figs/exec11_arrival_350mm.png>
Package pdftex.def Info: ..//figs/exec11_arrival_350mm.png  used on input line 
988.
(pdftex.def)             Requested size: 398.3348pt x 141.63014pt.
 [97

 <..//figs/exec11_arrival_350mm.png>]
File: ..//figs/muon_400mm_geometry.png Graphic file (type png)
<use ..//figs/muon_400mm_geometry.png>
Package pdftex.def Info: ..//figs/muon_400mm_geometry.png  used on input line 1
000.
(pdftex.def)             Requested size: 207.13776pt x 55.2363pt.
File: ..//figs/muon_400mm_top_profile.png Graphic file (type png)
<use ..//figs/muon_400mm_top_profile.png>
Package pdftex.def Info: ..//figs/muon_400mm_top_profile.png  used on input lin
e 1000.
(pdftex.def)             Requested size: 183.23842pt x 103.06851pt.

(../tables/key_position_400.tex) [98

]
File: ..//figs/exec11_arrival_400mm.png Graphic file (type png)
<use ..//figs/exec11_arrival_400mm.png>
Package pdftex.def Info: ..//figs/exec11_arrival_400mm.png  used on input line 
1003.
(pdftex.def)             Requested size: 398.3348pt x 141.63014pt.
 [99

]
<..//figs/muon_450mm_geometry.png, id=829, 867.24pt x 231.264pt>
File: ..//figs/muon_450mm_geometry.png Graphic file (type png)
<use ..//figs/muon_450mm_geometry.png>
Package pdftex.def Info: ..//figs/muon_450mm_geometry.png  used on input line 1
015.
(pdftex.def)             Requested size: 207.13776pt x 55.2363pt.
<..//figs/muon_450mm_top_profile.png, id=830, 578.16pt x 325.215pt>
File: ..//figs/muon_450mm_top_profile.png Graphic file (type png)
<use ..//figs/muon_450mm_top_profile.png>
Package pdftex.def Info: ..//figs/muon_450mm_top_profile.png  used on input lin
e 1015.
(pdftex.def)             Requested size: 183.23842pt x 103.06851pt.
 (../tables/position_450.tex)
[100

 <..//figs/muon_450mm_geometry.png> <..//figs/muon_450mm_top_profile.png>]
<..//figs/exec11_arrival_450mm.png, id=838, 975.645pt x 346.896pt>
File: ..//figs/exec11_arrival_450mm.png Graphic file (type png)
<use ..//figs/exec11_arrival_450mm.png>
Package pdftex.def Info: ..//figs/exec11_arrival_450mm.png  used on input line 
1018.
(pdftex.def)             Requested size: 398.3348pt x 141.63014pt.

[101

 <..//figs/exec11_arrival_450mm.png>]
<..//figs/muon_500mm_geometry.png, id=845, 867.24pt x 231.264pt>
File: ..//figs/muon_500mm_geometry.png Graphic file (type png)
<use ..//figs/muon_500mm_geometry.png>
Package pdftex.def Info: ..//figs/muon_500mm_geometry.png  used on input line 1
030.
(pdftex.def)             Requested size: 207.13776pt x 55.2363pt.
<..//figs/muon_500mm_top_profile.png, id=846, 578.16pt x 325.215pt>
File: ..//figs/muon_500mm_top_profile.png Graphic file (type png)
<use ..//figs/muon_500mm_top_profile.png>
Package pdftex.def Info: ..//figs/muon_500mm_top_profile.png  used on input lin
e 1030.
(pdftex.def)             Requested size: 183.23842pt x 103.06851pt.
 (../tables/position_500.tex) [102

 <..//figs/muon_500mm_geometry.png> <..//figs/muon_500mm_top_profile.png>]
<..//figs/exec11_arrival_500mm.png, id=854, 975.645pt x 346.896pt>
File: ..//figs/exec11_arrival_500mm.png Graphic file (type png)
<use ..//figs/exec11_arrival_500mm.png>
Package pdftex.def Info: ..//figs/exec11_arrival_500mm.png  used on input line 
1033.
(pdftex.def)             Requested size: 398.3348pt x 141.63014pt.
 [103

 <..//figs/exec11_arrival_500mm.png>]
<..//figs/muon_550mm_geometry.png, id=862, 867.24pt x 231.264pt>
File: ..//figs/muon_550mm_geometry.png Graphic file (type png)
<use ..//figs/muon_550mm_geometry.png>
Package pdftex.def Info: ..//figs/muon_550mm_geometry.png  used on input line 1
045.
(pdftex.def)             Requested size: 207.13776pt x 55.2363pt.
<..//figs/muon_550mm_top_profile.png, id=863, 578.16pt x 325.215pt>
File: ..//figs/muon_550mm_top_profile.png Graphic file (type png)
<use ..//figs/muon_550mm_top_profile.png>
Package pdftex.def Info: ..//figs/muon_550mm_top_profile.png  used on input lin
e 1045.
(pdftex.def)             Requested size: 183.23842pt x 103.06851pt.
 (../tables/position_550.tex) [104

 <..//figs/muon_550mm_geometry.png> <..//figs/muon_550mm_top_profile.png>]
<..//figs/exec11_arrival_550mm.png, id=871, 975.645pt x 346.896pt>
File: ..//figs/exec11_arrival_550mm.png Graphic file (type png)
<use ..//figs/exec11_arrival_550mm.png>
Package pdftex.def Info: ..//figs/exec11_arrival_550mm.png  used on input line 
1048.
(pdftex.def)             Requested size: 398.3348pt x 141.63014pt.
 [105

 <..//figs/exec11_arrival_550mm.png>]
<..//figs/muon_600mm_geometry.png, id=878, 867.24pt x 231.264pt>
File: ..//figs/muon_600mm_geometry.png Graphic file (type png)
<use ..//figs/muon_600mm_geometry.png>
Package pdftex.def Info: ..//figs/muon_600mm_geometry.png  used on input line 1
060.
(pdftex.def)             Requested size: 207.13776pt x 55.2363pt.
<..//figs/muon_600mm_top_profile.png, id=879, 578.16pt x 325.215pt>
File: ..//figs/muon_600mm_top_profile.png Graphic file (type png)
<use ..//figs/muon_600mm_top_profile.png>
Package pdftex.def Info: ..//figs/muon_600mm_top_profile.png  used on input lin
e 1060.
(pdftex.def)             Requested size: 183.23842pt x 103.06851pt.
 (../tables/position_600.tex) [106

 <..//figs/muon_600mm_geometry.png> <..//figs/muon_600mm_top_profile.png>]
<..//figs/exec11_arrival_600mm.png, id=887, 975.645pt x 346.896pt>
File: ..//figs/exec11_arrival_600mm.png Graphic file (type png)
<use ..//figs/exec11_arrival_600mm.png>
Package pdftex.def Info: ..//figs/exec11_arrival_600mm.png  used on input line 
1063.
(pdftex.def)             Requested size: 398.3348pt x 141.63014pt.
 [107

 <..//figs/exec11_arrival_600mm.png>]
File: ..//figs/muon_650mm_geometry.png Graphic file (type png)
<use ..//figs/muon_650mm_geometry.png>
Package pdftex.def Info: ..//figs/muon_650mm_geometry.png  used on input line 1
075.
(pdftex.def)             Requested size: 207.13776pt x 55.2363pt.
File: ..//figs/muon_650mm_top_profile.png Graphic file (type png)
<use ..//figs/muon_650mm_top_profile.png>
Package pdftex.def Info: ..//figs/muon_650mm_top_profile.png  used on input lin
e 1075.
(pdftex.def)             Requested size: 183.23842pt x 103.06851pt.
 (../tables/key_position_650.tex) [108

]
File: ..//figs/exec11_arrival_650mm.png Graphic file (type png)
<use ..//figs/exec11_arrival_650mm.png>
Package pdftex.def Info: ..//figs/exec11_arrival_650mm.png  used on input line 
1078.
(pdftex.def)             Requested size: 398.3348pt x 141.63014pt.
 [109

]
<..//figs/muon_670mm_geometry.png, id=905, 867.24pt x 231.264pt>
File: ..//figs/muon_670mm_geometry.png Graphic file (type png)
<use ..//figs/muon_670mm_geometry.png>
Package pdftex.def Info: ..//figs/muon_670mm_geometry.png  used on input line 1
090.
(pdftex.def)             Requested size: 207.13776pt x 55.2363pt.
<..//figs/muon_670mm_top_profile.png, id=906, 578.16pt x 325.215pt>
File: ..//figs/muon_670mm_top_profile.png Graphic file (type png)
<use ..//figs/muon_670mm_top_profile.png>
Package pdftex.def Info: ..//figs/muon_670mm_top_profile.png  used on input lin
e 1090.
(pdftex.def)             Requested size: 183.23842pt x 103.06851pt.

(../tables/position_670.tex) [110

 <..//figs/muon_670mm_geometry.png> <..//figs/muon_670mm_top_profile.png>]
<..//figs/exec11_arrival_670mm.png, id=914, 975.645pt x 346.896pt>
File: ..//figs/exec11_arrival_670mm.png Graphic file (type png)
<use ..//figs/exec11_arrival_670mm.png>
Package pdftex.def Info: ..//figs/exec11_arrival_670mm.png  used on input line 
1093.
(pdftex.def)             Requested size: 398.3348pt x 141.63014pt.
 [111

 <..//figs/exec11_arrival_670mm.png>]
File: ..//figs/muon_690mm_geometry.png Graphic file (type png)
<use ..//figs/muon_690mm_geometry.png>
Package pdftex.def Info: ..//figs/muon_690mm_geometry.png  used on input line 1
105.
(pdftex.def)             Requested size: 207.13776pt x 55.2363pt.
File: ..//figs/muon_690mm_top_profile.png Graphic file (type png)
<use ..//figs/muon_690mm_top_profile.png>
Package pdftex.def Info: ..//figs/muon_690mm_top_profile.png  used on input lin
e 1105.
(pdftex.def)             Requested size: 183.23842pt x 103.06851pt.

(../tables/key_position_690.tex) [112

]
File: ..//figs/exec11_arrival_690mm.png Graphic file (type png)
<use ..//figs/exec11_arrival_690mm.png>
Package pdftex.def Info: ..//figs/exec11_arrival_690mm.png  used on input line 
1108.
(pdftex.def)             Requested size: 398.3348pt x 141.63014pt.
 [113

]

Package hyperref Warning: Token not allowed in a PDF string (Unicode):
(hyperref)                removing `\translate ' on input line 1110.

(../tables/validation_summary.tex) [114

]
<..//figs/exec08b_id18_impact_maps.png, id=936, 1300.86pt x 650.43pt>
File: ..//figs/exec08b_id18_impact_maps.png Graphic file (type png)
<use ..//figs/exec08b_id18_impact_maps.png>
Package pdftex.def Info: ..//figs/exec08b_id18_impact_maps.png  used on input l
ine 1117.
(pdftex.def)             Requested size: 393.23843pt x 196.61922pt.
 [115

 <..//figs/exec08b_id18_impact_maps.png>] (../tables/threshold_rationale.tex) [
116

] [117

]
(../tables/window_dip_summary.tex) [118

]
File: ..//figs/exec09_tail_comparison.png Graphic file (type png)
<use ..//figs/exec09_tail_comparison.png>
Package pdftex.def Info: ..//figs/exec09_tail_comparison.png  used on input lin
e 1182.
(pdftex.def)             Requested size: 221.1929pt x 196.6159pt.
 [119

]
\tf@nav=\write6
\openout6 = `exec13_ej230_report_full.nav'.

\tf@toc=\write7
\openout7 = `exec13_ej230_report_full.toc'.

\tf@snm=\write8
\openout8 = `exec13_ej230_report_full.snm'.

 (./exec13_ej230_report_full.aux)
Package rerunfilecheck Info: File `exec13_ej230_report_full.out' has not change
d.
(rerunfilecheck)             Checksum: 12D2AF632013C3D5F05F3AA97EB3E234;766.
 ) 
Here is how much of TeX's memory you used:
 25468 strings out of 481008
 495701 string characters out of 5909440
 771885 words of memory out of 5000000
 41571 multiletter control sequences out of 15000+600000
 436315 words of font info for 104 fonts, out of 8000000 for 9000
 14 hyphenation exceptions out of 8191
 131i,14n,132p,511b,977s stack positions out of 5000i,500n,10000p,200000b,80000s
{/usr/share/texlive/texmf-dist/fonts/enc/dvips/cm-super/cm-super-t1.enc}</usr
/share/texlive/texmf-dist/fonts/type1/public/amsfonts/cm/cmex10.pfb></usr/share
/texlive/texmf-dist/fonts/type1/public/amsfonts/cmextra/cmex8.pfb></usr/share/t
exlive/texmf-dist/fonts/type1/public/amsfonts/cm/cmmi10.pfb></usr/share/texlive
/texmf-dist/fonts/type1/public/amsfonts/cm/cmmi12.pfb></usr/share/texlive/texmf
-dist/fonts/type1/public/amsfonts/cm/cmmi5.pfb></usr/share/texlive/texmf-dist/f
onts/type1/public/amsfonts/cm/cmmi6.pfb></usr/share/texlive/texmf-dist/fonts/ty
pe1/public/amsfonts/cm/cmmi8.pfb></usr/share/texlive/texmf-dist/fonts/type1/pub
lic/amsfonts/cm/cmmi9.pfb></usr/share/texlive/texmf-dist/fonts/type1/public/ams
fonts/cm/cmss10.pfb></usr/share/texlive/texmf-dist/fonts/type1/public/amsfonts/
cm/cmss12.pfb></usr/share/texlive/texmf-dist/fonts/type1/public/amsfonts/cm/cms
s8.pfb></usr/share/texlive/texmf-dist/fonts/type1/public/amsfonts/cm/cmss9.pfb>
</usr/share/texlive/texmf-dist/fonts/type1/public/amsfonts/cm/cmssi10.pfb></usr
/share/texlive/texmf-dist/fonts/type1/public/amsfonts/cm/cmssi12.pfb></usr/shar
e/texlive/texmf-dist/fonts/type1/public/amsfonts/cm/cmssi8.pfb></usr/share/texl
ive/texmf-dist/fonts/type1/public/amsfonts/cm/cmssi9.pfb></usr/share/texlive/te
xmf-dist/fonts/type1/public/amsfonts/cm/cmsy10.pfb></usr/share/texlive/texmf-di
st/fonts/type1/public/amsfonts/cm/cmsy6.pfb></usr/share/texlive/texmf-dist/font
s/type1/public/amsfonts/cm/cmsy7.pfb></usr/share/texlive/texmf-dist/fonts/type1
/public/amsfonts/cm/cmsy8.pfb></usr/share/texlive/texmf-dist/fonts/type1/public
/amsfonts/cm/cmsy9.pfb></usr/share/texlive/texmf-dist/fonts/type1/public/amsfon
ts/symbols/msam10.pfb></usr/share/texlive/texmf-dist/fonts/type1/public/cm-supe
r/sfrm0500.pfb></usr/share/texlive/texmf-dist/fonts/type1/public/cm-super/sfrm0
600.pfb></usr/share/texlive/texmf-dist/fonts/type1/public/cm-super/sfrm0800.pfb
></usr/share/texlive/texmf-dist/fonts/type1/public/cm-super/sfrm0900.pfb></usr/
share/texlive/texmf-dist/fonts/type1/public/cm-super/sfrm1000.pfb></usr/share/t
exlive/texmf-dist/fonts/type1/public/cm-super/sfsi0900.pfb></usr/share/texlive/
texmf-dist/fonts/type1/public/cm-super/sfsi1095.pfb></usr/share/texlive/texmf-d
ist/fonts/type1/public/cm-super/sfss0500.pfb></usr/share/texlive/texmf-dist/fon
ts/type1/public/cm-super/sfss0600.pfb></usr/share/texlive/texmf-dist/fonts/type
1/public/cm-super/sfss0700.pfb></usr/share/texlive/texmf-dist/fonts/type1/publi
c/cm-super/sfss0800.pfb></usr/share/texlive/texmf-dist/fonts/type1/public/cm-su
per/sfss0900.pfb></usr/share/texlive/texmf-dist/fonts/type1/public/cm-super/sfs
s1000.pfb></usr/share/texlive/texmf-dist/fonts/type1/public/cm-super/sfss1095.p
fb></usr/share/texlive/texmf-dist/fonts/type1/public/cm-super/sfss1200.pfb></us
r/share/texlive/texmf-dist/fonts/type1/public/cm-super/sfss1440.pfb></usr/share
/texlive/texmf-dist/fonts/type1/public/cm-super/sfsx0800.pfb></usr/share/texliv
e/texmf-dist/fonts/type1/public/cm-super/sfsx1000.pfb></usr/share/texlive/texmf
-dist/fonts/type1/public/cm-super/sfsx1095.pfb></usr/share/texlive/texmf-dist/f
onts/type1/public/cm-super/sftt0800.pfb></usr/share/texlive/texmf-dist/fonts/ty
pe1/public/cm-super/sftt1000.pfb></usr/share/texlive/texmf-dist/fonts/type1/pub
lic/cm-super/sftt1095.pfb>
Output written on exec13_ej230_report_full.pdf (119 pages, 19467301 bytes).
PDF statistics:
 1161 PDF objects out of 1200 (max. 8388607)
 714 compressed objects within 8 object streams
 244 named destinations out of 1000 (max. 500000)
 753 words of extra memory for PDF output out of 10000 (max. 10000000)

