nohup: ignoring input
[2026-06-11T21:01:59] EXEC_08 pair scan starting
[2026-06-11T21:01:59]   Build:   /home/rrios/ej200/build
[2026-06-11T21:01:59]   Macros:  /home/rrios/ej200/macros/pairscan
[2026-06-11T21:01:59]   Output:  /home/rrios/ej200/results/pairscan_2026-06-11
[2026-06-11T21:01:59]   Pair:    IDs (28, 29)
[2026-06-11T21:01:59]   Events:  3000
[2026-06-11T21:01:59]   Commit:  f431c01
[2026-06-11T21:01:59] START pairscan_x-422.0mm (x=-422.0 mm)

**************************************************************
 Geant4 version Name: geant4-11-04 [MT]   (5-December-2025)
  << in Multi-threaded mode >> 
                       Copyright : Geant4 Collaboration
                      References : NIM A 506 (2003), 250-303
                                 : IEEE-TNS 53 (2006), 270-278
                                 : NIM A 835 (2016), 186-225
                             WWW : http://geant4.org/
**************************************************************

Accumulable registered as "NEndLeft"
Accumulable registered as "NEndRight"
Accumulable registered as "NTop"
Accumulable registered as "NEventsWithHits"
Accumulable registered as "NScintPhotons"

-------- WWWW ------- G4Exception-START -------- WWWW -------
*** G4Exception : mat031
      issued by : G4Material::FillVectors()
For material opsc-101 sum of fractional masses 0.996667 is not 1 - results may be wrong

*** This is just a warning message. ***
-------- WWWW -------- G4Exception-END --------- WWWW -------

Checking overlaps for volume BarPV:0 (G4Box) ... OK! 
Checking overlaps for volume ReflectorYMinusPV:0 (G4Box) ... OK! 
Checking overlaps for volume ReflectorZMinusPV:3 (G4Box) ... OK! 
Checking overlaps for volume ReflectorZPlusPV:4 (G4Box) ... OK! 
Checking overlaps for volume ReflectorYPlusPV:5 (G4SubtractionSolid) ... OK! 
Checking overlaps for volume ReflectorXMinusPV:1 (G4Box) ... OK! 
Checking overlaps for volume ReflectorXPlusPV:2 (G4Box) ... OK! 
Checking overlaps for volume TopSiPMPV:16 (G4Box) ... OK! 
Checking overlaps for volume TopSiPMPV:17 (G4Box) ... OK! 
Checking overlaps for volume TopSiPMPV:18 (G4Box) ... OK! 
Checking overlaps for volume TopSiPMPV:19 (G4Box) ... OK! 
Checking overlaps for volume TopSiPMPV:20 (G4Box) ... OK! 
Checking overlaps for volume TopSiPMPV:21 (G4Box) ... OK! 
Checking overlaps for volume TopSiPMPV:22 (G4Box) ... OK! 
Checking overlaps for volume TopSiPMPV:23 (G4Box) ... OK! 
Checking overlaps for volume TopSiPMPV:24 (G4Box) ... OK! 
Checking overlaps for volume TopSiPMPV:25 (G4Box) ... OK! 
Checking overlaps for volume TopSiPMPV:26 (G4Box) ... OK! 
Checking overlaps for volume TopSiPMPV:27 (G4Box) ... OK! 
Checking overlaps for volume TopSiPMPV:28 (G4Box) ... OK! 
Checking overlaps for volume TopSiPMPV:29 (G4Box) ... OK! 
Checking overlaps for volume TopSiPMPV:30 (G4Box) ... OK! 
Checking overlaps for volume TopSiPMPV:31 (G4Box) ... OK! 
Checking overlaps for volume TopSiPMPV:32 (G4Box) ... OK! 
Checking overlaps for volume TopSiPMPV:33 (G4Box) ... OK! 
Checking overlaps for volume TopSiPMPV:34 (G4Box) ... OK! 
Checking overlaps for volume TopSiPMPV:35 (G4Box) ... OK! 
Checking overlaps for volume TopSiPMPV:36 (G4Box) ... OK! 
Checking overlaps for volume TopSiPMPV:37 (G4Box) ... OK! 
Checking overlaps for volume TopSiPMPV:38 (G4Box) ... OK! 
Checking overlaps for volume TopSiPMPV:39 (G4Box) ... OK! 
Checking overlaps for volume TopSiPMPV:40 (G4Box) ... OK! 
Checking overlaps for volume TopSiPMPV:41 (G4Box) ... OK! 
Checking overlaps for volume TopSiPMPV:42 (G4Box) ... OK! 
Checking overlaps for volume TopSiPMPV:43 (G4Box) ... OK! 
Checking overlaps for volume TopSiPMPV:44 (G4Box) ... OK! 
Checking overlaps for volume TopSiPMPV:45 (G4Box) ... OK! 
Checking overlaps for volume TopSiPMPV:46 (G4Box) ... OK! 
Checking overlaps for volume TopSiPMPV:47 (G4Box) ... OK! 
Checking overlaps for volume TopSiPMPV:48 (G4Box) ... OK! 
Checking overlaps for volume TopSiPMPV:49 (G4Box) ... OK! 
Checking overlaps for volume TopSiPMPV:50 (G4Box) ... OK! 
Checking overlaps for volume TopSiPMPV:51 (G4Box) ... OK! 
Checking overlaps for volume TopSiPMPV:52 (G4Box) ... OK! 
Checking overlaps for volume TopSiPMPV:53 (G4Box) ... OK! 
Checking overlaps for volume TopSiPMPV:54 (G4Box) ... OK! 
Checking overlaps for volume TopSiPMPV:55 (G4Box) ... OK! 
Checking overlaps for volume TopSiPMPV:56 (G4Box) ... OK! 
Checking overlaps for volume TopSiPMPV:57 (G4Box) ... OK! 
Checking overlaps for volume TopSiPMPV:58 (G4Box) ... OK! 
Checking overlaps for volume TopSiPMPV:59 (G4Box) ... OK! 
Checking overlaps for volume TopSiPMPV:60 (G4Box) ... OK! 
Checking overlaps for volume TopSiPMPV:61 (G4Box) ... OK! 
Checking overlaps for volume TopSiPMPV:62 (G4Box) ... OK! 
Checking overlaps for volume TopSiPMPV:63 (G4Box) ... OK! 
Checking overlaps for volume TopSiPMPV:64 (G4Box) ... OK! 
Checking overlaps for volume TopSiPMPV:65 (G4Box) ... OK! 
Checking overlaps for volume TopSiPMPV:66 (G4Box) ... OK! 
Checking overlaps for volume TopSiPMPV:67 (G4Box) ... OK! 
Checking overlaps for volume TopSiPMPV:68 (G4Box) ... OK! 
Checking overlaps for volume TopSiPMPV:69 (G4Box) ... OK! 
Checking overlaps for volume TopSiPMPV:70 (G4Box) ... OK! 
Checking overlaps for volume TopSiPMPV:71 (G4Box) ... OK! 
Checking overlaps for volume TopSiPMPV:72 (G4Box) ... OK! 
Checking overlaps for volume TopSiPMPV:73 (G4Box) ... OK! 
Checking overlaps for volume TopSiPMPV:74 (G4Box) ... OK! 
Checking overlaps for volume TopSiPMPV:75 (G4Box) ... OK! 
Checking overlaps for volume TopSiPMPV:76 (G4Box) ... OK! 
Checking overlaps for volume TopSiPMPV:77 (G4Box) ... OK! 
Checking overlaps for volume TopSiPMPV:78 (G4Box) ... OK! 
Checking overlaps for volume TopSiPMPV:79 (G4Box) ... OK! 
Checking overlaps for volume TopSiPMPV:80 (G4Box) ... OK! 
Checking overlaps for volume TopSiPMPV:81 (G4Box) ... OK! 
Checking overlaps for volume TopSiPMPV:82 (G4Box) ... OK! 
Checking overlaps for volume TopSiPMPV:83 (G4Box) ... OK! 
Checking overlaps for volume TopSiPMPV:84 (G4Box) ... OK! 
Checking overlaps for volume TopSiPMPV:85 (G4Box) ... OK! 
### Birks coefficients used in run time
G4WT2 > Accumulable registered as "NEndLeft"
G4WT2 > Accumulable registered as "NEndRight"
G4WT2 > Accumulable registered as "NTop"
G4WT2 > Accumulable registered as "NEventsWithHits"
G4WT2 > Accumulable registered as "NScintPhotons"
G4WT12 > Accumulable registered as "NEndLeft"
G4WT12 > Accumulable registered as "NEndRight"
G4WT12 > Accumulable registered as "NTop"
G4WT12 > Accumulable registered as "NEventsWithHits"
G4WT12 > Accumulable registered as "NScintPhotons"
G4WT14 > Accumulable registered as "NEndLeft"
G4WT14 > Accumulable registered as "NEndRight"
G4WT14 > Accumulable registered as "NTop"
G4WT14 > Accumulable registered as "NEventsWithHits"
G4WT14 > Accumulable registered as "NScintPhotons"
G4WT8 > Accumulable registered as "NEndLeft"
G4WT8 > Accumulable registered as "NEndRight"
G4WT8 > Accumulable registered as "NTop"
G4WT8 > Accumulable registered as "NEventsWithHits"
G4WT8 > Accumulable registered as "NScintPhotons"
G4WT9 > Accumulable registered as "NEndLeft"
G4WT9 > Accumulable registered as "NEndRight"
G4WT9 > Accumulable registered as "NTop"
G4WT9 > Accumulable registered as "NEventsWithHits"
G4WT9 > Accumulable registered as "NScintPhotons"
G4WT20 > Accumulable registered as "NEndLeft"
G4WT20 > Accumulable registered as "NEndRight"
G4WT20 > Accumulable registered as "NTop"
G4WT20 > Accumulable registered as "NEventsWithHits"
G4WT20 > Accumulable registered as "NScintPhotons"
G4WT19 > Accumulable registered as "NEndLeft"
G4WT19 > Accumulable registered as "NEndRight"
G4WT19 > Accumulable registered as "NTop"
G4WT19 > Accumulable registered as "NEventsWithHits"
G4WT19 > Accumulable registered as "NScintPhotons"
G4WT11 > Accumulable registered as "NEndLeft"
G4WT11 > Accumulable registered as "NEndRight"
G4WT11 > Accumulable registered as "NTop"
G4WT11 > Accumulable registered as "NEventsWithHits"
G4WT11 > Accumulable registered as "NScintPhotons"
G4WT4 > Accumulable registered as "NEndLeft"
G4WT4 > Accumulable registered as "NEndRight"
G4WT4 > Accumulable registered as "NTop"
G4WT4 > Accumulable registered as "NEventsWithHits"
G4WT4 > Accumulable registered as "NScintPhotons"
G4WT18 > Accumulable registered as "NEndLeft"
G4WT18 > Accumulable registered as "NEndRight"
G4WT18 > Accumulable registered as "NTop"
G4WT18 > Accumulable registered as "NEventsWithHits"
G4WT18 > Accumulable registered as "NScintPhotons"
G4WT17 > Accumulable registered as "NEndLeft"
G4WT17 > Accumulable registered as "NEndRight"
G4WT17 > Accumulable registered as "NTop"
G4WT17 > Accumulable registered as "NEventsWithHits"
G4WT17 > Accumulable registered as "NScintPhotons"
G4WT3 > Accumulable registered as "NEndLeft"
G4WT3 > Accumulable registered as "NEndRight"
G4WT3 > Accumulable registered as "NTop"
G4WT3 > Accumulable registered as "NEventsWithHits"
G4WT3 > Accumulable registered as "NScintPhotons"
G4WT1 > Accumulable registered as "NEndLeft"
G4WT1 > Accumulable registered as "NEndRight"
G4WT1 > Accumulable registered as "NTop"
G4WT1 > Accumulable registered as "NEventsWithHits"
G4WT1 > Accumulable registered as "NScintPhotons"
G4WT5 > Accumulable registered as "NEndLeft"
G4WT5 > Accumulable registered as "NEndRight"
G4WT5 > Accumulable registered as "NTop"
G4WT5 > Accumulable registered as "NEventsWithHits"
G4WT5 > Accumulable registered as "NScintPhotons"
G4WT22 > Accumulable registered as "NEndLeft"
G4WT22 > Accumulable registered as "NEndRight"
G4WT22 > Accumulable registered as "NTop"
G4WT22 > Accumulable registered as "NEventsWithHits"
G4WT22 > Accumulable registered as "NScintPhotons"
G4WT13 > Accumulable registered as "NEndLeft"
G4WT13 > Accumulable registered as "NEndRight"
G4WT13 > Accumulable registered as "NTop"
G4WT13 > Accumulable registered as "NEventsWithHits"
G4WT13 > Accumulable registered as "NScintPhotons"
G4WT16 > Accumulable registered as "NEndLeft"
G4WT16 > Accumulable registered as "NEndRight"
G4WT16 > Accumulable registered as "NTop"
G4WT16 > Accumulable registered as "NEventsWithHits"
G4WT16 > Accumulable registered as "NScintPhotons"
G4WT21 > Accumulable registered as "NEndLeft"
G4WT21 > Accumulable registered as "NEndRight"
G4WT21 > Accumulable registered as "NTop"
G4WT21 > Accumulable registered as "NEventsWithHits"
G4WT21 > Accumulable registered as "NScintPhotons"
G4WT7 > Accumulable registered as "NEndLeft"
G4WT7 > Accumulable registered as "NEndRight"
G4WT7 > Accumulable registered as "NTop"
G4WT7 > Accumulable registered as "NEventsWithHits"
G4WT7 > Accumulable registered as "NScintPhotons"
G4WT15 > Accumulable registered as "NEndLeft"
G4WT15 > Accumulable registered as "NEndRight"
G4WT15 > Accumulable registered as "NTop"
G4WT15 > Accumulable registered as "NEventsWithHits"
G4WT15 > Accumulable registered as "NScintPhotons"
G4WT6 > Accumulable registered as "NEndLeft"
G4WT6 > Accumulable registered as "NEndRight"
G4WT6 > Accumulable registered as "NTop"
G4WT6 > Accumulable registered as "NEventsWithHits"
G4WT6 > Accumulable registered as "NScintPhotons"
G4WT23 > Accumulable registered as "NEndLeft"
G4WT23 > Accumulable registered as "NEndRight"
G4WT23 > Accumulable registered as "NTop"
G4WT23 > Accumulable registered as "NEventsWithHits"
G4WT23 > Accumulable registered as "NScintPhotons"
G4WT10 > Accumulable registered as "NEndLeft"
G4WT10 > Accumulable registered as "NEndRight"
G4WT10 > Accumulable registered as "NTop"
G4WT10 > Accumulable registered as "NEventsWithHits"
G4WT10 > Accumulable registered as "NScintPhotons"
G4WT0 > Accumulable registered as "NEndLeft"
G4WT0 > Accumulable registered as "NEndRight"
G4WT0 > Accumulable registered as "NTop"
G4WT0 > Accumulable registered as "NEventsWithHits"
G4WT0 > Accumulable registered as "NScintPhotons"

=== Active Scintillator Baseline ===
  SSLG4 code            : OPSC-101
  Yield                 : 10400 ph/MeV
  Rise time tau_r       : 0.7 ns
  Decay time tau_d      : 1.8 ns
  Attenuation length    : 160 cm
  Emission peak lambda  : 408.8 nm
  Finite rise time      : enabled
=====================================

=== Active Readout / Wrapping Configuration ===
  Readout configuration : Top
  SiPM model            : AFBR-S4N66P024M
  SiPM PDE file         : /home/rrios/ej200/data/sipm/AFBR-S4N66P024M_pde.txt
  -X face               : wrapped
  +X face               : wrapped
  -Y face               : wrapped
  +Y face               : instrumented
  -Z face               : wrapped
  +Z face               : wrapped
  Reflector R           : 0.98
  Active End SiPMs      : 0 (L=0, R=0)
  Active Top SiPMs      : 70
==============================================
G4WT3 > 
=== EJ Scintillator Bar Run Summary ===
  Run ID                : 0
  Events run            : 162
  Events with ≥1 hit    : 162
  End-left  photons     : 0
  End-right photons     : 0
  Top SiPM  photons     : 784020
  Scint photons generated: 3215509
  Total photons detected : 784020
  Detection efficiency   : 24.3825 %
  ROOT output           : photon_hits_run000.root
==============================

G4WT4 > 
=== EJ Scintillator Bar Run Summary ===
  Run ID                : 0
  Events run            : 108
  Events with ≥1 hit    : 108
  End-left  photons     : 0
  End-right photons     : 0
  Top SiPM  photons     : 532931
  Scint photons generated: 2187201
  Total photons detected : 532931
  Detection efficiency   : 24.3659 %
  ROOT output           : photon_hits_run000.root
==============================

G4WT19 > 
=== EJ Scintillator Bar Run Summary ===
  Run ID                : 0
  Events run            : 162
  Events with ≥1 hit    : 162
  End-left  photons     : 0
  End-right photons     : 0
  Top SiPM  photons     : 783803
  Scint photons generated: 3217311
  Total photons detected : 783803
  Detection efficiency   : 24.3621 %
  ROOT output           : photon_hits_run000.root
==============================

G4WT8 > 
=== EJ Scintillator Bar Run Summary ===
  Run ID                : 0
  Events run            : 108
  Events with ≥1 hit    : 108
  End-left  photons     : 0
  End-right photons     : 0
  Top SiPM  photons     : 519968
  Scint photons generated: 2135387
  Total photons detected : 519968
  Detection efficiency   : 24.3501 %
  ROOT output           : photon_hits_run000.root
==============================

G4WT20 > 
=== EJ Scintillator Bar Run Summary ===
  Run ID                : 0
  Events run            : 108
  Events with ≥1 hit    : 108
  End-left  photons     : 0
  End-right photons     : 0
  Top SiPM  photons     : 525859
  Scint photons generated: 2156805
  Total photons detected : 525859
  Detection efficiency   : 24.3814 %
  ROOT output           : photon_hits_run000.root
==============================

G4WT17 > 
=== EJ Scintillator Bar Run Summary ===
  Run ID                : 0
  Events run            : 162
  Events with ≥1 hit    : 162
  End-left  photons     : 0
  End-right photons     : 0
  Top SiPM  photons     : 774766
  Scint photons generated: 3183122
  Total photons detected : 774766
  Detection efficiency   : 24.3398 %
  ROOT output           : photon_hits_run000.root
==============================

G4WT11 > 
=== EJ Scintillator Bar Run Summary ===
  Run ID                : 0
  Events run            : 108
  Events with ≥1 hit    : 108
  End-left  photons     : 0
  End-right photons     : 0
  Top SiPM  photons     : 525395
  Scint photons generated: 2155757
  Total photons detected : 525395
  Detection efficiency   : 24.3717 %
  ROOT output           : photon_hits_run000.root
==============================

G4WT21 > 
=== EJ Scintillator Bar Run Summary ===
  Run ID                : 0
  Events run            : 108
  Events with ≥1 hit    : 108
  End-left  photons     : 0
  End-right photons     : 0
  Top SiPM  photons     : 520610
  Scint photons generated: 2141004
  Total photons detected : 520610
  Detection efficiency   : 24.3162 %
  ROOT output           : photon_hits_run000.root
==============================

G4WT18 > 
=== EJ Scintillator Bar Run Summary ===
  Run ID                : 0
  Events run            : 108
  Events with ≥1 hit    : 108
  End-left  photons     : 0
  End-right photons     : 0
  Top SiPM  photons     : 545093
  Scint photons generated: 2240620
  Total photons detected : 545093
  Detection efficiency   : 24.3278 %
  ROOT output           : photon_hits_run000.root
==============================

G4WT6 > 
=== EJ Scintillator Bar Run Summary ===
  Run ID                : 0
  Events run            : 108
  Events with ≥1 hit    : 108
  End-left  photons     : 0
  End-right photons     : 0
  Top SiPM  photons     : 520285
  Scint photons generated: 2137382
  Total photons detected : 520285
  Detection efficiency   : 24.3422 %
  ROOT output           : photon_hits_run000.root
==============================

G4WT13 > 
=== EJ Scintillator Bar Run Summary ===
  Run ID                : 0
  Events run            : 162
  Events with ≥1 hit    : 162
  End-left  photons     : 0
  End-right photons     : 0
  Top SiPM  photons     : 772613
  Scint photons generated: 3174761
  Total photons detected : 772613
  Detection efficiency   : 24.3361 %
  ROOT output           : photon_hits_run000.root
==============================

G4WT16 > 
=== EJ Scintillator Bar Run Summary ===
  Run ID                : 0
  Events run            : 108
  Events with ≥1 hit    : 108
  End-left  photons     : 0
  End-right photons     : 0
  Top SiPM  photons     : 542526
  Scint photons generated: 2226460
  Total photons detected : 542526
  Detection efficiency   : 24.3672 %
  ROOT output           : photon_hits_run000.root
==============================

G4WT14 > 
=== EJ Scintillator Bar Run Summary ===
  Run ID                : 0
  Events run            : 162
  Events with ≥1 hit    : 162
  End-left  photons     : 0
  End-right photons     : 0
  Top SiPM  photons     : 787078
  Scint photons generated: 3241864
  Total photons detected : 787078
  Detection efficiency   : 24.2786 %
  ROOT output           : photon_hits_run000.root
==============================

G4WT5 > 
=== EJ Scintillator Bar Run Summary ===
  Run ID                : 0
  Events run            : 108
  Events with ≥1 hit    : 108
  End-left  photons     : 0
  End-right photons     : 0
  Top SiPM  photons     : 520545
  Scint photons generated: 2138917
  Total photons detected : 520545
  Detection efficiency   : 24.3368 %
  ROOT output           : photon_hits_run000.root
==============================

G4WT1 > 
=== EJ Scintillator Bar Run Summary ===
  Run ID                : 0
  Events run            : 108
  Events with ≥1 hit    : 108
  End-left  photons     : 0
  End-right photons     : 0
  Top SiPM  photons     : 524205
  Scint photons generated: 2150907
  Total photons detected : 524205
  Detection efficiency   : 24.3713 %
  ROOT output           : photon_hits_run000.root
==============================

G4WT9 > 
=== EJ Scintillator Bar Run Summary ===
  Run ID                : 0
  Events run            : 108
  Events with ≥1 hit    : 108
  End-left  photons     : 0
  End-right photons     : 0
  Top SiPM  photons     : 521764
  Scint photons generated: 2144819
  Total photons detected : 521764
  Detection efficiency   : 24.3267 %
  ROOT output           : photon_hits_run000.root
==============================

G4WT2 > 
=== EJ Scintillator Bar Run Summary ===
  Run ID                : 0
  Events run            : 108
  Events with ≥1 hit    : 108
  End-left  photons     : 0
  End-right photons     : 0
  Top SiPM  photons     : 522666
  Scint photons generated: 2144753
  Total photons detected : 522666
  Detection efficiency   : 24.3695 %
  ROOT output           : photon_hits_run000.root
==============================

G4WT12 > 
=== EJ Scintillator Bar Run Summary ===
  Run ID                : 0
  Events run            : 108
  Events with ≥1 hit    : 108
  End-left  photons     : 0
  End-right photons     : 0
  Top SiPM  photons     : 523195
  Scint photons generated: 2148121
  Total photons detected : 523195
  Detection efficiency   : 24.3559 %
  ROOT output           : photon_hits_run000.root
==============================

G4WT23 > 
=== EJ Scintillator Bar Run Summary ===
  Run ID                : 0
  Events run            : 108
  Events with ≥1 hit    : 108
  End-left  photons     : 0
  End-right photons     : 0
  Top SiPM  photons     : 527621
  Scint photons generated: 2167060
  Total photons detected : 527621
  Detection efficiency   : 24.3473 %
  ROOT output           : photon_hits_run000.root
==============================

G4WT22 > 
=== EJ Scintillator Bar Run Summary ===
  Run ID                : 0
  Events run            : 108
  Events with ≥1 hit    : 108
  End-left  photons     : 0
  End-right photons     : 0
  Top SiPM  photons     : 535819
  Scint photons generated: 2204613
  Total photons detected : 535819
  Detection efficiency   : 24.3044 %
  ROOT output           : photon_hits_run000.root
==============================

G4WT7 > 
=== EJ Scintillator Bar Run Summary ===
  Run ID                : 0
  Events run            : 162
  Events with ≥1 hit    : 162
  End-left  photons     : 0
  End-right photons     : 0
  Top SiPM  photons     : 774369
  Scint photons generated: 3178342
  Total photons detected : 774369
  Detection efficiency   : 24.3639 %
  ROOT output           : photon_hits_run000.root
==============================

G4WT15 > 
=== EJ Scintillator Bar Run Summary ===
  Run ID                : 0
  Events run            : 108
  Events with ≥1 hit    : 108
  End-left  photons     : 0
  End-right photons     : 0
  Top SiPM  photons     : 520515
  Scint photons generated: 2134118
  Total photons detected : 520515
  Detection efficiency   : 24.3902 %
  ROOT output           : photon_hits_run000.root
==============================

G4WT10 > 
=== EJ Scintillator Bar Run Summary ===
  Run ID                : 0
  Events run            : 138
  Events with ≥1 hit    : 138
  End-left  photons     : 0
  End-right photons     : 0
  Top SiPM  photons     : 662763
  Scint photons generated: 2723662
  Total photons detected : 662763
  Detection efficiency   : 24.3335 %
  ROOT output           : photon_hits_run000.root
==============================

G4WT0 > 
=== EJ Scintillator Bar Run Summary ===
  Run ID                : 0
  Events run            : 162
  Events with ≥1 hit    : 162
  End-left  photons     : 0
  End-right photons     : 0
  Top SiPM  photons     : 780288
  Scint photons generated: 3202275
  Total photons detected : 780288
  Detection efficiency   : 24.3667 %
  ROOT output           : photon_hits_run000.root
==============================


=== EJ Scintillator Bar Run Summary ===
  Run ID                : 0
  Events run            : 3000
  Events with ≥1 hit    : 3000
  End-left  photons     : 0
  End-right photons     : 0
  Top SiPM  photons     : 14548697
  Scint photons generated: 59750770
  Total photons detected : 14548697
  Detection efficiency   : 24.3490 %
  ROOT output           : photon_hits_run000.root
==============================


=== Boundary Census (diagnostic) ===
  Bar -> reflector panel   : 1130063323
  Bar -> World (escaped)   : 0
  Bar -> Bar (TIR/refl)    : 0
  Bar -> SiPM (entering)   : 23276642
  Killed in WorldLV        : 142018
====================================

[2026-06-11T21:07:22] DONE pairscan_x-422.0mm (entries=14548697.0)
[2026-06-11T21:07:22] START pairscan_x-423.0mm (x=-423.0 mm)

**************************************************************
 Geant4 version Name: geant4-11-04 [MT]   (5-December-2025)
  << in Multi-threaded mode >> 
                       Copyright : Geant4 Collaboration
                      References : NIM A 506 (2003), 250-303
                                 : IEEE-TNS 53 (2006), 270-278
                                 : NIM A 835 (2016), 186-225
                             WWW : http://geant4.org/
**************************************************************

Accumulable registered as "NEndLeft"
Accumulable registered as "NEndRight"
Accumulable registered as "NTop"
Accumulable registered as "NEventsWithHits"
Accumulable registered as "NScintPhotons"

-------- WWWW ------- G4Exception-START -------- WWWW -------
*** G4Exception : mat031
      issued by : G4Material::FillVectors()
For material opsc-101 sum of fractional masses 0.996667 is not 1 - results may be wrong

*** This is just a warning message. ***
-------- WWWW -------- G4Exception-END --------- WWWW -------

Checking overlaps for volume BarPV:0 (G4Box) ... OK! 
Checking overlaps for volume ReflectorYMinusPV:0 (G4Box) ... OK! 
Checking overlaps for volume ReflectorZMinusPV:3 (G4Box) ... OK! 
Checking overlaps for volume ReflectorZPlusPV:4 (G4Box) ... OK! 
Checking overlaps for volume ReflectorYPlusPV:5 (G4SubtractionSolid) ... OK! 
Checking overlaps for volume ReflectorXMinusPV:1 (G4Box) ... OK! 
Checking overlaps for volume ReflectorXPlusPV:2 (G4Box) ... OK! 
Checking overlaps for volume TopSiPMPV:16 (G4Box) ... OK! 
Checking overlaps for volume TopSiPMPV:17 (G4Box) ... OK! 
Checking overlaps for volume TopSiPMPV:18 (G4Box) ... OK! 
Checking overlaps for volume TopSiPMPV:19 (G4Box) ... OK! 
Checking overlaps for volume TopSiPMPV:20 (G4Box) ... OK! 
Checking overlaps for volume TopSiPMPV:21 (G4Box) ... OK! 
Checking overlaps for volume TopSiPMPV:22 (G4Box) ... OK! 
Checking overlaps for volume TopSiPMPV:23 (G4Box) ... OK! 
Checking overlaps for volume TopSiPMPV:24 (G4Box) ... OK! 
Checking overlaps for volume TopSiPMPV:25 (G4Box) ... OK! 
Checking overlaps for volume TopSiPMPV:26 (G4Box) ... OK! 
Checking overlaps for volume TopSiPMPV:27 (G4Box) ... OK! 
Checking overlaps for volume TopSiPMPV:28 (G4Box) ... OK! 
Checking overlaps for volume TopSiPMPV:29 (G4Box) ... OK! 
Checking overlaps for volume TopSiPMPV:30 (G4Box) ... OK! 
Checking overlaps for volume TopSiPMPV:31 (G4Box) ... OK! 
Checking overlaps for volume TopSiPMPV:32 (G4Box) ... OK! 
Checking overlaps for volume TopSiPMPV:33 (G4Box) ... OK! 
Checking overlaps for volume TopSiPMPV:34 (G4Box) ... OK! 
Checking overlaps for volume TopSiPMPV:35 (G4Box) ... OK! 
Checking overlaps for volume TopSiPMPV:36 (G4Box) ... OK! 
Checking overlaps for volume TopSiPMPV:37 (G4Box) ... OK! 
Checking overlaps for volume TopSiPMPV:38 (G4Box) ... OK! 
Checking overlaps for volume TopSiPMPV:39 (G4Box) ... OK! 
Checking overlaps for volume TopSiPMPV:40 (G4Box) ... OK! 
Checking overlaps for volume TopSiPMPV:41 (G4Box) ... OK! 
Checking overlaps for volume TopSiPMPV:42 (G4Box) ... OK! 
Checking overlaps for volume TopSiPMPV:43 (G4Box) ... OK! 
Checking overlaps for volume TopSiPMPV:44 (G4Box) ... OK! 
Checking overlaps for volume TopSiPMPV:45 (G4Box) ... OK! 
Checking overlaps for volume TopSiPMPV:46 (G4Box) ... OK! 
Checking overlaps for volume TopSiPMPV:47 (G4Box) ... OK! 
Checking overlaps for volume TopSiPMPV:48 (G4Box) ... OK! 
Checking overlaps for volume TopSiPMPV:49 (G4Box) ... OK! 
Checking overlaps for volume TopSiPMPV:50 (G4Box) ... OK! 
Checking overlaps for volume TopSiPMPV:51 (G4Box) ... OK! 
Checking overlaps for volume TopSiPMPV:52 (G4Box) ... OK! 
Checking overlaps for volume TopSiPMPV:53 (G4Box) ... OK! 
Checking overlaps for volume TopSiPMPV:54 (G4Box) ... OK! 
Checking overlaps for volume TopSiPMPV:55 (G4Box) ... OK! 
Checking overlaps for volume TopSiPMPV:56 (G4Box) ... OK! 
Checking overlaps for volume TopSiPMPV:57 (G4Box) ... OK! 
Checking overlaps for volume TopSiPMPV:58 (G4Box) ... OK! 
Checking overlaps for volume TopSiPMPV:59 (G4Box) ... OK! 
Checking overlaps for volume TopSiPMPV:60 (G4Box) ... OK! 
Checking overlaps for volume TopSiPMPV:61 (G4Box) ... OK! 
Checking overlaps for volume TopSiPMPV:62 (G4Box) ... OK! 
Checking overlaps for volume TopSiPMPV:63 (G4Box) ... OK! 
Checking overlaps for volume TopSiPMPV:64 (G4Box) ... OK! 
Checking overlaps for volume TopSiPMPV:65 (G4Box) ... OK! 
Checking overlaps for volume TopSiPMPV:66 (G4Box) ... OK! 
Checking overlaps for volume TopSiPMPV:67 (G4Box) ... OK! 
Checking overlaps for volume TopSiPMPV:68 (G4Box) ... OK! 
Checking overlaps for volume TopSiPMPV:69 (G4Box) ... OK! 
Checking overlaps for volume TopSiPMPV:70 (G4Box) ... OK! 
Checking overlaps for volume TopSiPMPV:71 (G4Box) ... OK! 
Checking overlaps for volume TopSiPMPV:72 (G4Box) ... OK! 
Checking overlaps for volume TopSiPMPV:73 (G4Box) ... OK! 
Checking overlaps for volume TopSiPMPV:74 (G4Box) ... OK! 
Checking overlaps for volume TopSiPMPV:75 (G4Box) ... OK! 
Checking overlaps for volume TopSiPMPV:76 (G4Box) ... OK! 
Checking overlaps for volume TopSiPMPV:77 (G4Box) ... OK! 
Checking overlaps for volume TopSiPMPV:78 (G4Box) ... OK! 
Checking overlaps for volume TopSiPMPV:79 (G4Box) ... OK! 
Checking overlaps for volume TopSiPMPV:80 (G4Box) ... OK! 
Checking overlaps for volume TopSiPMPV:81 (G4Box) ... OK! 
Checking overlaps for volume TopSiPMPV:82 (G4Box) ... OK! 
Checking overlaps for volume TopSiPMPV:83 (G4Box) ... OK! 
Checking overlaps for volume TopSiPMPV:84 (G4Box) ... OK! 
Checking overlaps for volume TopSiPMPV:85 (G4Box) ... OK! 
### Birks coefficients used in run time
G4WT22 > Accumulable registered as "NEndLeft"
G4WT22 > Accumulable registered as "NEndRight"
G4WT22 > Accumulable registered as "NTop"
G4WT22 > Accumulable registered as "NEventsWithHits"
G4WT22 > Accumulable registered as "NScintPhotons"
G4WT3 > Accumulable registered as "NEndLeft"
G4WT3 > Accumulable registered as "NEndRight"
G4WT3 > Accumulable registered as "NTop"
G4WT3 > Accumulable registered as "NEventsWithHits"
G4WT3 > Accumulable registered as "NScintPhotons"
G4WT1 > Accumulable registered as "NEndLeft"
G4WT1 > Accumulable registered as "NEndRight"
G4WT1 > Accumulable registered as "NTop"
G4WT1 > Accumulable registered as "NEventsWithHits"
G4WT1 > Accumulable registered as "NScintPhotons"
G4WT9 > Accumulable registered as "NEndLeft"
G4WT9 > Accumulable registered as "NEndRight"
G4WT9 > Accumulable registered as "NTop"
G4WT9 > Accumulable registered as "NEventsWithHits"
G4WT9 > Accumulable registered as "NScintPhotons"
G4WT17 > Accumulable registered as "NEndLeft"
G4WT17 > Accumulable registered as "NEndRight"
G4WT17 > Accumulable registered as "NTop"
G4WT17 > Accumulable registered as "NEventsWithHits"
G4WT17 > Accumulable registered as "NScintPhotons"
G4WT21 > Accumulable registered as "NEndLeft"
G4WT21 > Accumulable registered as "NEndRight"
G4WT21 > Accumulable registered as "NTop"
G4WT21 > Accumulable registered as "NEventsWithHits"
G4WT21 > Accumulable registered as "NScintPhotons"
G4WT4 > Accumulable registered as "NEndLeft"
G4WT4 > Accumulable registered as "NEndRight"
G4WT4 > Accumulable registered as "NTop"
G4WT4 > Accumulable registered as "NEventsWithHits"
G4WT4 > Accumulable registered as "NScintPhotons"
G4WT8 > Accumulable registered as "NEndLeft"
G4WT8 > Accumulable registered as "NEndRight"
G4WT8 > Accumulable registered as "NTop"
G4WT8 > Accumulable registered as "NEventsWithHits"
G4WT8 > Accumulable registered as "NScintPhotons"
G4WT2 > Accumulable registered as "NEndLeft"
G4WT2 > Accumulable registered as "NEndRight"
G4WT2 > Accumulable registered as "NTop"
G4WT2 > Accumulable registered as "NEventsWithHits"
G4WT2 > Accumulable registered as "NScintPhotons"
G4WT12 > Accumulable registered as "NEndLeft"
G4WT12 > Accumulable registered as "NEndRight"
G4WT12 > Accumulable registered as "NTop"
G4WT12 > Accumulable registered as "NEventsWithHits"
G4WT12 > Accumulable registered as "NScintPhotons"
G4WT5 > Accumulable registered as "NEndLeft"
G4WT5 > Accumulable registered as "NEndRight"
G4WT5 > Accumulable registered as "NTop"
G4WT5 > Accumulable registered as "NEventsWithHits"
G4WT5 > Accumulable registered as "NScintPhotons"
G4WT18 > Accumulable registered as "NEndLeft"
G4WT20 > Accumulable registered as "NEndLeft"
G4WT18 > Accumulable registered as "NEndRight"
G4WT20 > Accumulable registered as "NEndRight"
G4WT18 > Accumulable registered as "NTop"
G4WT20 > Accumulable registered as "NTop"
G4WT20 > Accumulable registered as "NEventsWithHits"
G4WT18 > Accumulable registered as "NEventsWithHits"
G4WT20 > Accumulable registered as "NScintPhotons"
G4WT18 > Accumulable registered as "NScintPhotons"
G4WT14 > Accumulable registered as "NEndLeft"
G4WT14 > Accumulable registered as "NEndRight"
G4WT14 > Accumulable registered as "NTop"
G4WT14 > Accumulable registered as "NEventsWithHits"
G4WT14 > Accumulable registered as "NScintPhotons"
G4WT6 > Accumulable registered as "NEndLeft"
G4WT6 > Accumulable registered as "NEndRight"
G4WT6 > Accumulable registered as "NTop"
G4WT6 > Accumulable registered as "NEventsWithHits"
G4WT6 > Accumulable registered as "NScintPhotons"
G4WT7 > Accumulable registered as "NEndLeft"
G4WT7 > Accumulable registered as "NEndRight"
G4WT7 > Accumulable registered as "NTop"
G4WT7 > Accumulable registered as "NEventsWithHits"
G4WT7 > Accumulable registered as "NScintPhotons"
G4WT11 > Accumulable registered as "NEndLeft"
G4WT23 > Accumulable registered as "NEndLeft"
G4WT11 > Accumulable registered as "NEndRight"
G4WT11 > Accumulable registered as "NTop"
G4WT23 > Accumulable registered as "NEndRight"
G4WT23 > Accumulable registered as "NTop"
G4WT11 > Accumulable registered as "NEventsWithHits"
G4WT11 > Accumulable registered as "NScintPhotons"
G4WT23 > Accumulable registered as "NEventsWithHits"
G4WT23 > Accumulable registered as "NScintPhotons"
G4WT16 > Accumulable registered as "NEndLeft"
G4WT16 > Accumulable registered as "NEndRight"
G4WT16 > Accumulable registered as "NTop"
G4WT16 > Accumulable registered as "NEventsWithHits"
G4WT16 > Accumulable registered as "NScintPhotons"
G4WT19 > Accumulable registered as "NEndLeft"
G4WT19 > Accumulable registered as "NEndRight"
G4WT19 > Accumulable registered as "NTop"
G4WT19 > Accumulable registered as "NEventsWithHits"
G4WT19 > Accumulable registered as "NScintPhotons"
G4WT13 > Accumulable registered as "NEndLeft"
G4WT13 > Accumulable registered as "NEndRight"
G4WT13 > Accumulable registered as "NTop"
G4WT13 > Accumulable registered as "NEventsWithHits"
G4WT13 > Accumulable registered as "NScintPhotons"
G4WT15 > Accumulable registered as "NEndLeft"
G4WT15 > Accumulable registered as "NEndRight"
G4WT15 > Accumulable registered as "NTop"
G4WT15 > Accumulable registered as "NEventsWithHits"
G4WT15 > Accumulable registered as "NScintPhotons"
G4WT0 > Accumulable registered as "NEndLeft"
G4WT0 > Accumulable registered as "NEndRight"
G4WT0 > Accumulable registered as "NTop"
G4WT0 > Accumulable registered as "NEventsWithHits"
G4WT0 > Accumulable registered as "NScintPhotons"
G4WT10 > Accumulable registered as "NEndLeft"
G4WT10 > Accumulable registered as "NEndRight"
G4WT10 > Accumulable registered as "NTop"
G4WT10 > Accumulable registered as "NEventsWithHits"
G4WT10 > Accumulable registered as "NScintPhotons"

=== Active Scintillator Baseline ===
  SSLG4 code            : OPSC-101
  Yield                 : 10400 ph/MeV
  Rise time tau_r       : 0.7 ns
  Decay time tau_d      : 1.8 ns
  Attenuation length    : 160 cm
  Emission peak lambda  : 408.8 nm
  Finite rise time      : enabled
=====================================

=== Active Readout / Wrapping Configuration ===
  Readout configuration : Top
  SiPM model            : AFBR-S4N66P024M
  SiPM PDE file         : /home/rrios/ej200/data/sipm/AFBR-S4N66P024M_pde.txt
  -X face               : wrapped
  +X face               : wrapped
  -Y face               : wrapped
  +Y face               : instrumented
  -Z face               : wrapped
  +Z face               : wrapped
  Reflector R           : 0.98
  Active End SiPMs      : 0 (L=0, R=0)
  Active Top SiPMs      : 70
==============================================
G4WT12 > 
=== EJ Scintillator Bar Run Summary ===
  Run ID                : 0
  Events run            : 162
  Events with ≥1 hit    : 162
  End-left  photons     : 0
  End-right photons     : 0
  Top SiPM  photons     : 772491
  Scint photons generated: 3188762
  Total photons detected : 772491
  Detection efficiency   : 24.2254 %
  ROOT output           : photon_hits_run000.root
==============================

G4WT4 > 
=== EJ Scintillator Bar Run Summary ===
  Run ID                : 0
  Events run            : 108
  Events with ≥1 hit    : 108
  End-left  photons     : 0
  End-right photons     : 0
  Top SiPM  photons     : 513992
  Scint photons generated: 2120238
  Total photons detected : 513992
  Detection efficiency   : 24.2422 %
  ROOT output           : photon_hits_run000.root
==============================

G4WT20 > 
=== EJ Scintillator Bar Run Summary ===
  Run ID                : 0
  Events run            : 108
  Events with ≥1 hit    : 108
  End-left  photons     : 0
  End-right photons     : 0
  Top SiPM  photons     : 541409
  Scint photons generated: 2230249
  Total photons detected : 541409
  Detection efficiency   : 24.2757 %
  ROOT output           : photon_hits_run000.root
==============================

G4WT10 > 
=== EJ Scintillator Bar Run Summary ===
  Run ID                : 0
  Events run            : 108
  Events with ≥1 hit    : 108
  End-left  photons     : 0
  End-right photons     : 0
  Top SiPM  photons     : 527024
  Scint photons generated: 2175082
  Total photons detected : 527024
  Detection efficiency   : 24.2301 %
  ROOT output           : photon_hits_run000.root
==============================

G4WT7 > 
=== EJ Scintillator Bar Run Summary ===
  Run ID                : 0
  Events run            : 108
  Events with ≥1 hit    : 108
  End-left  photons     : 0
  End-right photons     : 0
  Top SiPM  photons     : 521677
  Scint photons generated: 2154452
  Total photons detected : 521677
  Detection efficiency   : 24.2139 %
  ROOT output           : photon_hits_run000.root
==============================

G4WT13 > 
=== EJ Scintillator Bar Run Summary ===
  Run ID                : 0
  Events run            : 108
  Events with ≥1 hit    : 108
  End-left  photons     : 0
  End-right photons     : 0
  Top SiPM  photons     : 512931
  Scint photons generated: 2116930
  Total photons detected : 512931
  Detection efficiency   : 24.2299 %
  ROOT output           : photon_hits_run000.root
==============================

G4WT9 > 
=== EJ Scintillator Bar Run Summary ===
  Run ID                : 0
  Events run            : 108
  Events with ≥1 hit    : 108
  End-left  photons     : 0
  End-right photons     : 0
  Top SiPM  photons     : 517100
  Scint photons generated: 2130167
  Total photons detected : 517100
  Detection efficiency   : 24.2751 %
  ROOT output           : photon_hits_run000.root
==============================

G4WT8 > 
=== EJ Scintillator Bar Run Summary ===
  Run ID                : 0
  Events run            : 108
  Events with ≥1 hit    : 108
  End-left  photons     : 0
  End-right photons     : 0
  Top SiPM  photons     : 525621
  Scint photons generated: 2164645
  Total photons detected : 525621
  Detection efficiency   : 24.2821 %
  ROOT output           : photon_hits_run000.root
==============================

G4WT5 > 
=== EJ Scintillator Bar Run Summary ===
  Run ID                : 0
  Events run            : 108
  Events with ≥1 hit    : 108
  End-left  photons     : 0
  End-right photons     : 0
  Top SiPM  photons     : 525205
  Scint photons generated: 2169776
  Total photons detected : 525205
  Detection efficiency   : 24.2055 %
  ROOT output           : photon_hits_run000.root
==============================

G4WT16 > 
=== EJ Scintillator Bar Run Summary ===
  Run ID                : 0
  Events run            : 162
  Events with ≥1 hit    : 162
  End-left  photons     : 0
  End-right photons     : 0
  Top SiPM  photons     : 743057
  Scint photons generated: 3062858
  Total photons detected : 743057
  Detection efficiency   : 24.2602 %
  ROOT output           : photon_hits_run000.root
==============================

G4WT0 > 
=== EJ Scintillator Bar Run Summary ===
  Run ID                : 0
  Events run            : 108
  Events with ≥1 hit    : 108
  End-left  photons     : 0
  End-right photons     : 0
  Top SiPM  photons     : 528328
  Scint photons generated: 2180868
  Total photons detected : 528328
  Detection efficiency   : 24.2256 %
  ROOT output           : photon_hits_run000.root
==============================

G4WT14 > 
=== EJ Scintillator Bar Run Summary ===
  Run ID                : 0
  Events run            : 108
  Events with ≥1 hit    : 108
  End-left  photons     : 0
  End-right photons     : 0
  Top SiPM  photons     : 534115
  Scint photons generated: 2201237
  Total photons detected : 534115
  Detection efficiency   : 24.2643 %
  ROOT output           : photon_hits_run000.root
==============================

G4WT1 > 
=== EJ Scintillator Bar Run Summary ===
  Run ID                : 0
  Events run            : 108
  Events with ≥1 hit    : 108
  End-left  photons     : 0
  End-right photons     : 0
  Top SiPM  photons     : 532991
  Scint photons generated: 2198809
  Total photons detected : 532991
  Detection efficiency   : 24.2400 %
  ROOT output           : photon_hits_run000.root
==============================

G4WT17 > 
=== EJ Scintillator Bar Run Summary ===
  Run ID                : 0
  Events run            : 108
  Events with ≥1 hit    : 108
  End-left  photons     : 0
  End-right photons     : 0
  Top SiPM  photons     : 514185
  Scint photons generated: 2117940
  Total photons detected : 514185
  Detection efficiency   : 24.2776 %
  ROOT output           : photon_hits_run000.root
==============================

G4WT21 > 
=== EJ Scintillator Bar Run Summary ===
  Run ID                : 0
  Events run            : 162
  Events with ≥1 hit    : 162
  End-left  photons     : 0
  End-right photons     : 0
  Top SiPM  photons     : 758342
  Scint photons generated: 3129076
  Total photons detected : 758342
  Detection efficiency   : 24.2353 %
  ROOT output           : photon_hits_run000.root
==============================

G4WT22 > 
=== EJ Scintillator Bar Run Summary ===
  Run ID                : 0
  Events run            : 162
  Events with ≥1 hit    : 162
  End-left  photons     : 0
  End-right photons     : 0
  Top SiPM  photons     : 774764
  Scint photons generated: 3192663
  Total photons detected : 774764
  Detection efficiency   : 24.2670 %
  ROOT output           : photon_hits_run000.root
==============================

G4WT19 > 
=== EJ Scintillator Bar Run Summary ===
  Run ID                : 0
  Events run            : 108
  Events with ≥1 hit    : 108
  End-left  photons     : 0
  End-right photons     : 0
  Top SiPM  photons     : 521371
  Scint photons generated: 2150227
  Total photons detected : 521371
  Detection efficiency   : 24.2473 %
  ROOT output           : photon_hits_run000.root
==============================

G4WT11 > 
=== EJ Scintillator Bar Run Summary ===
  Run ID                : 0
  Events run            : 138
  Events with ≥1 hit    : 138
  End-left  photons     : 0
  End-right photons     : 0
  Top SiPM  photons     : 654239
  Scint photons generated: 2698190
  Total photons detected : 654239
  Detection efficiency   : 24.2473 %
  ROOT output           : photon_hits_run000.root
==============================

G4WT15 > 
=== EJ Scintillator Bar Run Summary ===
  Run ID                : 0
  Events run            : 108
  Events with ≥1 hit    : 108
  End-left  photons     : 0
  End-right photons     : 0
  Top SiPM  photons     : 517483
  Scint photons generated: 2131457
  Total photons detected : 517483
  Detection efficiency   : 24.2784 %
  ROOT output           : photon_hits_run000.root
==============================

G4WT3 > 
=== EJ Scintillator Bar Run Summary ===
  Run ID                : 0
  Events run            : 108
  Events with ≥1 hit    : 108
  End-left  photons     : 0
  End-right photons     : 0
  Top SiPM  photons     : 515725
  Scint photons generated: 2126763
  Total photons detected : 515725
  Detection efficiency   : 24.2493 %
  ROOT output           : photon_hits_run000.root
==============================

G4WT18 > 
=== EJ Scintillator Bar Run Summary ===
  Run ID                : 0
  Events run            : 162
  Events with ≥1 hit    : 162
  End-left  photons     : 0
  End-right photons     : 0
  Top SiPM  photons     : 763197
  Scint photons generated: 3149611
  Total photons detected : 763197
  Detection efficiency   : 24.2315 %
  ROOT output           : photon_hits_run000.root
==============================

G4WT2 > 
=== EJ Scintillator Bar Run Summary ===
  Run ID                : 0
  Events run            : 162
  Events with ≥1 hit    : 162
  End-left  photons     : 0
  End-right photons     : 0
  Top SiPM  photons     : 769610
  Scint photons generated: 3174214
  Total photons detected : 769610
  Detection efficiency   : 24.2457 %
  ROOT output           : photon_hits_run000.root
==============================

G4WT23 > 
=== EJ Scintillator Bar Run Summary ===
  Run ID                : 0
  Events run            : 108
  Events with ≥1 hit    : 108
  End-left  photons     : 0
  End-right photons     : 0
  Top SiPM  photons     : 549940
  Scint photons generated: 2266284
  Total photons detected : 549940
  Detection efficiency   : 24.2662 %
  ROOT output           : photon_hits_run000.root
==============================

G4WT6 > 
=== EJ Scintillator Bar Run Summary ===
  Run ID                : 0
  Events run            : 162
  Events with ≥1 hit    : 162
  End-left  photons     : 0
  End-right photons     : 0
  Top SiPM  photons     : 771138
  Scint photons generated: 3181094
  Total photons detected : 771138
  Detection efficiency   : 24.2413 %
  ROOT output           : photon_hits_run000.root
==============================


=== EJ Scintillator Bar Run Summary ===
  Run ID                : 0
  Events run            : 3000
  Events with ≥1 hit    : 3000
  End-left  photons     : 0
  End-right photons     : 0
  Top SiPM  photons     : 14405935
  Scint photons generated: 59411592
  Total photons detected : 14405935
  Detection efficiency   : 24.2477 %
  ROOT output           : photon_hits_run000.root
==============================


=== Boundary Census (diagnostic) ===
  Bar -> reflector panel   : 1127597304
  Bar -> World (escaped)   : 0
  Bar -> Bar (TIR/refl)    : 0
  Bar -> SiPM (entering)   : 23065301
  Killed in WorldLV        : 140669
====================================

[2026-06-11T21:12:45] DONE pairscan_x-423.0mm (entries=14405935.0)
[2026-06-11T21:12:45] START pairscan_x-424.0mm (x=-424.0 mm)

**************************************************************
 Geant4 version Name: geant4-11-04 [MT]   (5-December-2025)
  << in Multi-threaded mode >> 
                       Copyright : Geant4 Collaboration
                      References : NIM A 506 (2003), 250-303
                                 : IEEE-TNS 53 (2006), 270-278
                                 : NIM A 835 (2016), 186-225
                             WWW : http://geant4.org/
**************************************************************

Accumulable registered as "NEndLeft"
Accumulable registered as "NEndRight"
Accumulable registered as "NTop"
Accumulable registered as "NEventsWithHits"
Accumulable registered as "NScintPhotons"

-------- WWWW ------- G4Exception-START -------- WWWW -------
*** G4Exception : mat031
      issued by : G4Material::FillVectors()
For material opsc-101 sum of fractional masses 0.996667 is not 1 - results may be wrong

*** This is just a warning message. ***
-------- WWWW -------- G4Exception-END --------- WWWW -------

Checking overlaps for volume BarPV:0 (G4Box) ... OK! 
Checking overlaps for volume ReflectorYMinusPV:0 (G4Box) ... OK! 
Checking overlaps for volume ReflectorZMinusPV:3 (G4Box) ... OK! 
Checking overlaps for volume ReflectorZPlusPV:4 (G4Box) ... OK! 
Checking overlaps for volume ReflectorYPlusPV:5 (G4SubtractionSolid) ... OK! 
Checking overlaps for volume ReflectorXMinusPV:1 (G4Box) ... OK! 
Checking overlaps for volume ReflectorXPlusPV:2 (G4Box) ... OK! 
Checking overlaps for volume TopSiPMPV:16 (G4Box) ... OK! 
Checking overlaps for volume TopSiPMPV:17 (G4Box) ... OK! 
Checking overlaps for volume TopSiPMPV:18 (G4Box) ... OK! 
Checking overlaps for volume TopSiPMPV:19 (G4Box) ... OK! 
Checking overlaps for volume TopSiPMPV:20 (G4Box) ... OK! 
Checking overlaps for volume TopSiPMPV:21 (G4Box) ... OK! 
Checking overlaps for volume TopSiPMPV:22 (G4Box) ... OK! 
Checking overlaps for volume TopSiPMPV:23 (G4Box) ... OK! 
Checking overlaps for volume TopSiPMPV:24 (G4Box) ... OK! 
Checking overlaps for volume TopSiPMPV:25 (G4Box) ... OK! 
Checking overlaps for volume TopSiPMPV:26 (G4Box) ... OK! 
Checking overlaps for volume TopSiPMPV:27 (G4Box) ... OK! 
Checking overlaps for volume TopSiPMPV:28 (G4Box) ... OK! 
Checking overlaps for volume TopSiPMPV:29 (G4Box) ... OK! 
Checking overlaps for volume TopSiPMPV:30 (G4Box) ... OK! 
Checking overlaps for volume TopSiPMPV:31 (G4Box) ... OK! 
Checking overlaps for volume TopSiPMPV:32 (G4Box) ... OK! 
Checking overlaps for volume TopSiPMPV:33 (G4Box) ... OK! 
Checking overlaps for volume TopSiPMPV:34 (G4Box) ... OK! 
Checking overlaps for volume TopSiPMPV:35 (G4Box) ... OK! 
Checking overlaps for volume TopSiPMPV:36 (G4Box) ... OK! 
Checking overlaps for volume TopSiPMPV:37 (G4Box) ... OK! 
Checking overlaps for volume TopSiPMPV:38 (G4Box) ... OK! 
Checking overlaps for volume TopSiPMPV:39 (G4Box) ... OK! 
Checking overlaps for volume TopSiPMPV:40 (G4Box) ... OK! 
Checking overlaps for volume TopSiPMPV:41 (G4Box) ... OK! 
Checking overlaps for volume TopSiPMPV:42 (G4Box) ... OK! 
Checking overlaps for volume TopSiPMPV:43 (G4Box) ... OK! 
Checking overlaps for volume TopSiPMPV:44 (G4Box) ... OK! 
Checking overlaps for volume TopSiPMPV:45 (G4Box) ... OK! 
Checking overlaps for volume TopSiPMPV:46 (G4Box) ... OK! 
Checking overlaps for volume TopSiPMPV:47 (G4Box) ... OK! 
Checking overlaps for volume TopSiPMPV:48 (G4Box) ... OK! 
Checking overlaps for volume TopSiPMPV:49 (G4Box) ... OK! 
Checking overlaps for volume TopSiPMPV:50 (G4Box) ... OK! 
Checking overlaps for volume TopSiPMPV:51 (G4Box) ... OK! 
Checking overlaps for volume TopSiPMPV:52 (G4Box) ... OK! 
Checking overlaps for volume TopSiPMPV:53 (G4Box) ... OK! 
Checking overlaps for volume TopSiPMPV:54 (G4Box) ... OK! 
Checking overlaps for volume TopSiPMPV:55 (G4Box) ... OK! 
Checking overlaps for volume TopSiPMPV:56 (G4Box) ... OK! 
Checking overlaps for volume TopSiPMPV:57 (G4Box) ... OK! 
Checking overlaps for volume TopSiPMPV:58 (G4Box) ... OK! 
Checking overlaps for volume TopSiPMPV:59 (G4Box) ... OK! 
Checking overlaps for volume TopSiPMPV:60 (G4Box) ... OK! 
Checking overlaps for volume TopSiPMPV:61 (G4Box) ... OK! 
Checking overlaps for volume TopSiPMPV:62 (G4Box) ... OK! 
Checking overlaps for volume TopSiPMPV:63 (G4Box) ... OK! 
Checking overlaps for volume TopSiPMPV:64 (G4Box) ... OK! 
Checking overlaps for volume TopSiPMPV:65 (G4Box) ... OK! 
Checking overlaps for volume TopSiPMPV:66 (G4Box) ... OK! 
Checking overlaps for volume TopSiPMPV:67 (G4Box) ... OK! 
Checking overlaps for volume TopSiPMPV:68 (G4Box) ... OK! 
Checking overlaps for volume TopSiPMPV:69 (G4Box) ... OK! 
Checking overlaps for volume TopSiPMPV:70 (G4Box) ... OK! 
Checking overlaps for volume TopSiPMPV:71 (G4Box) ... OK! 
Checking overlaps for volume TopSiPMPV:72 (G4Box) ... OK! 
Checking overlaps for volume TopSiPMPV:73 (G4Box) ... OK! 
Checking overlaps for volume TopSiPMPV:74 (G4Box) ... OK! 
Checking overlaps for volume TopSiPMPV:75 (G4Box) ... OK! 
Checking overlaps for volume TopSiPMPV:76 (G4Box) ... OK! 
Checking overlaps for volume TopSiPMPV:77 (G4Box) ... OK! 
Checking overlaps for volume TopSiPMPV:78 (G4Box) ... OK! 
Checking overlaps for volume TopSiPMPV:79 (G4Box) ... OK! 
Checking overlaps for volume TopSiPMPV:80 (G4Box) ... OK! 
Checking overlaps for volume TopSiPMPV:81 (G4Box) ... OK! 
Checking overlaps for volume TopSiPMPV:82 (G4Box) ... OK! 
Checking overlaps for volume TopSiPMPV:83 (G4Box) ... OK! 
Checking overlaps for volume TopSiPMPV:84 (G4Box) ... OK! 
Checking overlaps for volume TopSiPMPV:85 (G4Box) ... OK! 
### Birks coefficients used in run time
G4WT18 > Accumulable registered as "NEndLeft"
G4WT18 > Accumulable registered as "NEndRight"
G4WT18 > Accumulable registered as "NTop"
G4WT18 > Accumulable registered as "NEventsWithHits"
G4WT18 > Accumulable registered as "NScintPhotons"
G4WT23 > Accumulable registered as "NEndLeft"
G4WT23 > Accumulable registered as "NEndRight"
G4WT23 > Accumulable registered as "NTop"
G4WT23 > Accumulable registered as "NEventsWithHits"
G4WT23 > Accumulable registered as "NScintPhotons"
G4WT1 > Accumulable registered as "NEndLeft"
G4WT1 > Accumulable registered as "NEndRight"
G4WT1 > Accumulable registered as "NTop"
G4WT1 > Accumulable registered as "NEventsWithHits"
G4WT1 > Accumulable registered as "NScintPhotons"
G4WT16 > Accumulable registered as "NEndLeft"
G4WT16 > Accumulable registered as "NEndRight"
G4WT16 > Accumulable registered as "NTop"
G4WT16 > Accumulable registered as "NEventsWithHits"
G4WT16 > Accumulable registered as "NScintPhotons"
G4WT19 > Accumulable registered as "NEndLeft"
G4WT19 > Accumulable registered as "NEndRight"
G4WT19 > Accumulable registered as "NTop"
G4WT19 > Accumulable registered as "NEventsWithHits"
G4WT19 > Accumulable registered as "NScintPhotons"
G4WT12 > Accumulable registered as "NEndLeft"
G4WT12 > Accumulable registered as "NEndRight"
G4WT12 > Accumulable registered as "NTop"
G4WT12 > Accumulable registered as "NEventsWithHits"
G4WT12 > Accumulable registered as "NScintPhotons"
G4WT2 > Accumulable registered as "NEndLeft"
G4WT2 > Accumulable registered as "NEndRight"
G4WT2 > Accumulable registered as "NTop"
G4WT2 > Accumulable registered as "NEventsWithHits"
G4WT2 > Accumulable registered as "NScintPhotons"
G4WT13 > Accumulable registered as "NEndLeft"
G4WT13 > Accumulable registered as "NEndRight"
G4WT13 > Accumulable registered as "NTop"
G4WT13 > Accumulable registered as "NEventsWithHits"
G4WT13 > Accumulable registered as "NScintPhotons"
G4WT14 > Accumulable registered as "NEndLeft"
G4WT14 > Accumulable registered as "NEndRight"
G4WT14 > Accumulable registered as "NTop"
G4WT14 > Accumulable registered as "NEventsWithHits"
G4WT14 > Accumulable registered as "NScintPhotons"
G4WT8 > Accumulable registered as "NEndLeft"
G4WT8 > Accumulable registered as "NEndRight"
G4WT8 > Accumulable registered as "NTop"
G4WT8 > Accumulable registered as "NEventsWithHits"
G4WT8 > Accumulable registered as "NScintPhotons"
G4WT21 > Accumulable registered as "NEndLeft"
G4WT21 > Accumulable registered as "NEndRight"
G4WT21 > Accumulable registered as "NTop"
G4WT21 > Accumulable registered as "NEventsWithHits"
G4WT21 > Accumulable registered as "NScintPhotons"
G4WT10 > Accumulable registered as "NEndLeft"
G4WT10 > Accumulable registered as "NEndRight"
G4WT10 > Accumulable registered as "NTop"
G4WT10 > Accumulable registered as "NEventsWithHits"
G4WT10 > Accumulable registered as "NScintPhotons"
G4WT17 > Accumulable registered as "NEndLeft"
G4WT17 > Accumulable registered as "NEndRight"
G4WT17 > Accumulable registered as "NTop"
G4WT17 > Accumulable registered as "NEventsWithHits"
G4WT17 > Accumulable registered as "NScintPhotons"
G4WT11 > Accumulable registered as "NEndLeft"
G4WT11 > Accumulable registered as "NEndRight"
G4WT11 > Accumulable registered as "NTop"
G4WT11 > Accumulable registered as "NEventsWithHits"
G4WT11 > Accumulable registered as "NScintPhotons"
G4WT3 > Accumulable registered as "NEndLeft"
G4WT3 > Accumulable registered as "NEndRight"
G4WT3 > Accumulable registered as "NTop"
G4WT3 > Accumulable registered as "NEventsWithHits"
G4WT3 > Accumulable registered as "NScintPhotons"
G4WT0 > Accumulable registered as "NEndLeft"
G4WT0 > Accumulable registered as "NEndRight"
G4WT0 > Accumulable registered as "NTop"
G4WT0 > Accumulable registered as "NEventsWithHits"
G4WT0 > Accumulable registered as "NScintPhotons"
G4WT7 > Accumulable registered as "NEndLeft"
G4WT7 > Accumulable registered as "NEndRight"
G4WT7 > Accumulable registered as "NTop"
G4WT7 > Accumulable registered as "NEventsWithHits"
G4WT7 > Accumulable registered as "NScintPhotons"
G4WT6 > Accumulable registered as "NEndLeft"
G4WT6 > Accumulable registered as "NEndRight"
G4WT6 > Accumulable registered as "NTop"
G4WT6 > Accumulable registered as "NEventsWithHits"
G4WT6 > Accumulable registered as "NScintPhotons"
G4WT4 > Accumulable registered as "NEndLeft"
G4WT4 > Accumulable registered as "NEndRight"
G4WT4 > Accumulable registered as "NTop"
G4WT4 > Accumulable registered as "NEventsWithHits"
G4WT4 > Accumulable registered as "NScintPhotons"
G4WT9 > Accumulable registered as "NEndLeft"
G4WT9 > Accumulable registered as "NEndRight"
G4WT9 > Accumulable registered as "NTop"
G4WT9 > Accumulable registered as "NEventsWithHits"
G4WT9 > Accumulable registered as "NScintPhotons"
G4WT22 > Accumulable registered as "NEndLeft"
G4WT22 > Accumulable registered as "NEndRight"
G4WT22 > Accumulable registered as "NTop"
G4WT22 > Accumulable registered as "NEventsWithHits"
G4WT22 > Accumulable registered as "NScintPhotons"
G4WT5 > Accumulable registered as "NEndLeft"
G4WT5 > Accumulable registered as "NEndRight"
G4WT5 > Accumulable registered as "NTop"
G4WT5 > Accumulable registered as "NEventsWithHits"
G4WT5 > Accumulable registered as "NScintPhotons"
G4WT15 > Accumulable registered as "NEndLeft"
G4WT15 > Accumulable registered as "NEndRight"
G4WT15 > Accumulable registered as "NTop"
G4WT15 > Accumulable registered as "NEventsWithHits"
G4WT15 > Accumulable registered as "NScintPhotons"
G4WT20 > Accumulable registered as "NEndLeft"
G4WT20 > Accumulable registered as "NEndRight"
G4WT20 > Accumulable registered as "NTop"
G4WT20 > Accumulable registered as "NEventsWithHits"
G4WT20 > Accumulable registered as "NScintPhotons"

=== Active Scintillator Baseline ===
  SSLG4 code            : OPSC-101
  Yield                 : 10400 ph/MeV
  Rise time tau_r       : 0.7 ns
  Decay time tau_d      : 1.8 ns
  Attenuation length    : 160 cm
  Emission peak lambda  : 408.8 nm
  Finite rise time      : enabled
=====================================

=== Active Readout / Wrapping Configuration ===
  Readout configuration : Top
  SiPM model            : AFBR-S4N66P024M
  SiPM PDE file         : /home/rrios/ej200/data/sipm/AFBR-S4N66P024M_pde.txt
  -X face               : wrapped
  +X face               : wrapped
  -Y face               : wrapped
  +Y face               : instrumented
  -Z face               : wrapped
  +Z face               : wrapped
  Reflector R           : 0.98
  Active End SiPMs      : 0 (L=0, R=0)
  Active Top SiPMs      : 70
==============================================
G4WT4 > 
=== EJ Scintillator Bar Run Summary ===
  Run ID                : 0
  Events run            : 108
  Events with ≥1 hit    : 108
  End-left  photons     : 0
  End-right photons     : 0
  Top SiPM  photons     : 525762
  Scint photons generated: 2173067
  Total photons detected : 525762
  Detection efficiency   : 24.1945 %
  ROOT output           : photon_hits_run000.root
==============================

G4WT20 > 
=== EJ Scintillator Bar Run Summary ===
  Run ID                : 0
  Events run            : 108
  Events with ≥1 hit    : 108
  End-left  photons     : 0
  End-right photons     : 0
  Top SiPM  photons     : 530037
  Scint photons generated: 2193589
  Total photons detected : 530037
  Detection efficiency   : 24.1630 %
  ROOT output           : photon_hits_run000.root
==============================

G4WT2 > 
=== EJ Scintillator Bar Run Summary ===
  Run ID                : 0
  Events run            : 162
  Events with ≥1 hit    : 162
  End-left  photons     : 0
  End-right photons     : 0
  Top SiPM  photons     : 750333
  Scint photons generated: 3105587
  Total photons detected : 750333
  Detection efficiency   : 24.1607 %
  ROOT output           : photon_hits_run000.root
==============================

G4WT17 > 
=== EJ Scintillator Bar Run Summary ===
  Run ID                : 0
  Events run            : 162
  Events with ≥1 hit    : 162
  End-left  photons     : 0
  End-right photons     : 0
  Top SiPM  photons     : 779114
  Scint photons generated: 3225584
  Total photons detected : 779114
  Detection efficiency   : 24.1542 %
  ROOT output           : photon_hits_run000.root
==============================

G4WT0 > 
=== EJ Scintillator Bar Run Summary ===
  Run ID                : 0
  Events run            : 108
  Events with ≥1 hit    : 108
  End-left  photons     : 0
  End-right photons     : 0
  Top SiPM  photons     : 532372
  Scint photons generated: 2203551
  Total photons detected : 532372
  Detection efficiency   : 24.1597 %
  ROOT output           : photon_hits_run000.root
==============================

G4WT19 > 
=== EJ Scintillator Bar Run Summary ===
  Run ID                : 0
  Events run            : 108
  Events with ≥1 hit    : 108
  End-left  photons     : 0
  End-right photons     : 0
  Top SiPM  photons     : 519554
  Scint photons generated: 2150114
  Total photons detected : 519554
  Detection efficiency   : 24.1640 %
  ROOT output           : photon_hits_run000.root
==============================

G4WT10 > 
=== EJ Scintillator Bar Run Summary ===
  Run ID                : 0
  Events run            : 108
  Events with ≥1 hit    : 108
  End-left  photons     : 0
  End-right photons     : 0
  Top SiPM  photons     : 524622
  Scint photons generated: 2169560
  Total photons detected : 524622
  Detection efficiency   : 24.1810 %
  ROOT output           : photon_hits_run000.root
==============================

G4WT1 > 
=== EJ Scintillator Bar Run Summary ===
  Run ID                : 0
  Events run            : 108
  Events with ≥1 hit    : 108
  End-left  photons     : 0
  End-right photons     : 0
  Top SiPM  photons     : 531395
  Scint photons generated: 2203078
  Total photons detected : 531395
  Detection efficiency   : 24.1206 %
  ROOT output           : photon_hits_run000.root
==============================

G4WT13 > 
=== EJ Scintillator Bar Run Summary ===
  Run ID                : 0
  Events run            : 108
  Events with ≥1 hit    : 108
  End-left  photons     : 0
  End-right photons     : 0
  Top SiPM  photons     : 521818
  Scint photons generated: 2160979
  Total photons detected : 521818
  Detection efficiency   : 24.1473 %
  ROOT output           : photon_hits_run000.root
==============================

G4WT6 > 
=== EJ Scintillator Bar Run Summary ===
  Run ID                : 0
  Events run            : 108
  Events with ≥1 hit    : 108
  End-left  photons     : 0
  End-right photons     : 0
  Top SiPM  photons     : 521678
  Scint photons generated: 2161692
  Total photons detected : 521678
  Detection efficiency   : 24.1329 %
  ROOT output           : photon_hits_run000.root
==============================

G4WT16 > 
=== EJ Scintillator Bar Run Summary ===
  Run ID                : 0
  Events run            : 138
  Events with ≥1 hit    : 138
  End-left  photons     : 0
  End-right photons     : 0
  Top SiPM  photons     : 672681
  Scint photons generated: 2785980
  Total photons detected : 672681
  Detection efficiency   : 24.1452 %
  ROOT output           : photon_hits_run000.root
==============================

G4WT5 > 
=== EJ Scintillator Bar Run Summary ===
  Run ID                : 0
  Events run            : 108
  Events with ≥1 hit    : 108
  End-left  photons     : 0
  End-right photons     : 0
  Top SiPM  photons     : 539571
  Scint photons generated: 2232476
  Total photons detected : 539571
  Detection efficiency   : 24.1692 %
  ROOT output           : photon_hits_run000.root
==============================

G4WT15 > 
=== EJ Scintillator Bar Run Summary ===
  Run ID                : 0
  Events run            : 108
  Events with ≥1 hit    : 108
  End-left  photons     : 0
  End-right photons     : 0
  Top SiPM  photons     : 524754
  Scint photons generated: 2171598
  Total photons detected : 524754
  Detection efficiency   : 24.1644 %
  ROOT output           : photon_hits_run000.root
==============================

G4WT8 > 
=== EJ Scintillator Bar Run Summary ===
  Run ID                : 0
  Events run            : 162
  Events with ≥1 hit    : 162
  End-left  photons     : 0
  End-right photons     : 0
  Top SiPM  photons     : 757335
  Scint photons generated: 3136583
  Total photons detected : 757335
  Detection efficiency   : 24.1452 %
  ROOT output           : photon_hits_run000.root
==============================

G4WT21 > 
=== EJ Scintillator Bar Run Summary ===
  Run ID                : 0
  Events run            : 108
  Events with ≥1 hit    : 108
  End-left  photons     : 0
  End-right photons     : 0
  Top SiPM  photons     : 522654
  Scint photons generated: 2172637
  Total photons detected : 522654
  Detection efficiency   : 24.0562 %
  ROOT output           : photon_hits_run000.root
==============================

G4WT7 > 
=== EJ Scintillator Bar Run Summary ===
  Run ID                : 0
  Events run            : 108
  Events with ≥1 hit    : 108
  End-left  photons     : 0
  End-right photons     : 0
  Top SiPM  photons     : 523117
  Scint photons generated: 2167340
  Total photons detected : 523117
  Detection efficiency   : 24.1364 %
  ROOT output           : photon_hits_run000.root
==============================

G4WT14 > 
=== EJ Scintillator Bar Run Summary ===
  Run ID                : 0
  Events run            : 108
  Events with ≥1 hit    : 108
  End-left  photons     : 0
  End-right photons     : 0
  Top SiPM  photons     : 529929
  Scint photons generated: 2191994
  Total photons detected : 529929
  Detection efficiency   : 24.1757 %
  ROOT output           : photon_hits_run000.root
==============================

G4WT11 > 
=== EJ Scintillator Bar Run Summary ===
  Run ID                : 0
  Events run            : 108
  Events with ≥1 hit    : 108
  End-left  photons     : 0
  End-right photons     : 0
  Top SiPM  photons     : 518054
  Scint photons generated: 2143448
  Total photons detected : 518054
  Detection efficiency   : 24.1692 %
  ROOT output           : photon_hits_run000.root
==============================

G4WT9 > 
=== EJ Scintillator Bar Run Summary ===
  Run ID                : 0
  Events run            : 108
  Events with ≥1 hit    : 108
  End-left  photons     : 0
  End-right photons     : 0
  Top SiPM  photons     : 517239
  Scint photons generated: 2144574
  Total photons detected : 517239
  Detection efficiency   : 24.1185 %
  ROOT output           : photon_hits_run000.root
==============================

G4WT18 > 
=== EJ Scintillator Bar Run Summary ===
  Run ID                : 0
  Events run            : 162
  Events with ≥1 hit    : 162
  End-left  photons     : 0
  End-right photons     : 0
  Top SiPM  photons     : 767190
  Scint photons generated: 3173807
  Total photons detected : 767190
  Detection efficiency   : 24.1725 %
  ROOT output           : photon_hits_run000.root
==============================

G4WT12 > 
=== EJ Scintillator Bar Run Summary ===
  Run ID                : 0
  Events run            : 162
  Events with ≥1 hit    : 162
  End-left  photons     : 0
  End-right photons     : 0
  Top SiPM  photons     : 768950
  Scint photons generated: 3183481
  Total photons detected : 768950
  Detection efficiency   : 24.1544 %
  ROOT output           : photon_hits_run000.root
==============================

G4WT3 > 
=== EJ Scintillator Bar Run Summary ===
  Run ID                : 0
  Events run            : 162
  Events with ≥1 hit    : 162
  End-left  photons     : 0
  End-right photons     : 0
  Top SiPM  photons     : 768255
  Scint photons generated: 3171780
  Total photons detected : 768255
  Detection efficiency   : 24.2216 %
  ROOT output           : photon_hits_run000.root
==============================

G4WT22 > 
=== EJ Scintillator Bar Run Summary ===
  Run ID                : 0
  Events run            : 162
  Events with ≥1 hit    : 162
  End-left  photons     : 0
  End-right photons     : 0
  Top SiPM  photons     : 773795
  Scint photons generated: 3205424
  Total photons detected : 773795
  Detection efficiency   : 24.1402 %
  ROOT output           : photon_hits_run000.root
==============================

G4WT23 > 
=== EJ Scintillator Bar Run Summary ===
  Run ID                : 0
  Events run            : 108
  Events with ≥1 hit    : 108
  End-left  photons     : 0
  End-right photons     : 0
  Top SiPM  photons     : 535946
  Scint photons generated: 2215412
  Total photons detected : 535946
  Detection efficiency   : 24.1917 %
  ROOT output           : photon_hits_run000.root
==============================


=== EJ Scintillator Bar Run Summary ===
  Run ID                : 0
  Events run            : 3000
  Events with ≥1 hit    : 3000
  End-left  photons     : 0
  End-right photons     : 0
  Top SiPM  photons     : 14456155
  Scint photons generated: 59843335
  Total photons detected : 14456155
  Detection efficiency   : 24.1567 %
  ROOT output           : photon_hits_run000.root
==============================


=== Boundary Census (diagnostic) ===
  Bar -> reflector panel   : 1138065166
  Bar -> World (escaped)   : 0
  Bar -> Bar (TIR/refl)    : 0
  Bar -> SiPM (entering)   : 23142937
  Killed in WorldLV        : 141061
====================================

[2026-06-11T21:18:10] DONE pairscan_x-424.0mm (entries=14456155.0)
[2026-06-11T21:18:10] START pairscan_x-425.0mm (x=-425.0 mm)

**************************************************************
 Geant4 version Name: geant4-11-04 [MT]   (5-December-2025)
  << in Multi-threaded mode >> 
                       Copyright : Geant4 Collaboration
                      References : NIM A 506 (2003), 250-303
                                 : IEEE-TNS 53 (2006), 270-278
                                 : NIM A 835 (2016), 186-225
                             WWW : http://geant4.org/
**************************************************************

Accumulable registered as "NEndLeft"
Accumulable registered as "NEndRight"
Accumulable registered as "NTop"
Accumulable registered as "NEventsWithHits"
Accumulable registered as "NScintPhotons"

-------- WWWW ------- G4Exception-START -------- WWWW -------
*** G4Exception : mat031
      issued by : G4Material::FillVectors()
For material opsc-101 sum of fractional masses 0.996667 is not 1 - results may be wrong

*** This is just a warning message. ***
-------- WWWW -------- G4Exception-END --------- WWWW -------

Checking overlaps for volume BarPV:0 (G4Box) ... OK! 
Checking overlaps for volume ReflectorYMinusPV:0 (G4Box) ... OK! 
Checking overlaps for volume ReflectorZMinusPV:3 (G4Box) ... OK! 
Checking overlaps for volume ReflectorZPlusPV:4 (G4Box) ... OK! 
Checking overlaps for volume ReflectorYPlusPV:5 (G4SubtractionSolid) ... OK! 
Checking overlaps for volume ReflectorXMinusPV:1 (G4Box) ... OK! 
Checking overlaps for volume ReflectorXPlusPV:2 (G4Box) ... OK! 
Checking overlaps for volume TopSiPMPV:16 (G4Box) ... OK! 
Checking overlaps for volume TopSiPMPV:17 (G4Box) ... OK! 
Checking overlaps for volume TopSiPMPV:18 (G4Box) ... OK! 
Checking overlaps for volume TopSiPMPV:19 (G4Box) ... OK! 
Checking overlaps for volume TopSiPMPV:20 (G4Box) ... OK! 
Checking overlaps for volume TopSiPMPV:21 (G4Box) ... OK! 
Checking overlaps for volume TopSiPMPV:22 (G4Box) ... OK! 
Checking overlaps for volume TopSiPMPV:23 (G4Box) ... OK! 
Checking overlaps for volume TopSiPMPV:24 (G4Box) ... OK! 
Checking overlaps for volume TopSiPMPV:25 (G4Box) ... OK! 
Checking overlaps for volume TopSiPMPV:26 (G4Box) ... OK! 
Checking overlaps for volume TopSiPMPV:27 (G4Box) ... OK! 
Checking overlaps for volume TopSiPMPV:28 (G4Box) ... OK! 
Checking overlaps for volume TopSiPMPV:29 (G4Box) ... OK! 
Checking overlaps for volume TopSiPMPV:30 (G4Box) ... OK! 
Checking overlaps for volume TopSiPMPV:31 (G4Box) ... OK! 
Checking overlaps for volume TopSiPMPV:32 (G4Box) ... OK! 
Checking overlaps for volume TopSiPMPV:33 (G4Box) ... OK! 
Checking overlaps for volume TopSiPMPV:34 (G4Box) ... OK! 
Checking overlaps for volume TopSiPMPV:35 (G4Box) ... OK! 
Checking overlaps for volume TopSiPMPV:36 (G4Box) ... OK! 
Checking overlaps for volume TopSiPMPV:37 (G4Box) ... OK! 
Checking overlaps for volume TopSiPMPV:38 (G4Box) ... OK! 
Checking overlaps for volume TopSiPMPV:39 (G4Box) ... OK! 
Checking overlaps for volume TopSiPMPV:40 (G4Box) ... OK! 
Checking overlaps for volume TopSiPMPV:41 (G4Box) ... OK! 
Checking overlaps for volume TopSiPMPV:42 (G4Box) ... OK! 
Checking overlaps for volume TopSiPMPV:43 (G4Box) ... OK! 
Checking overlaps for volume TopSiPMPV:44 (G4Box) ... OK! 
Checking overlaps for volume TopSiPMPV:45 (G4Box) ... OK! 
Checking overlaps for volume TopSiPMPV:46 (G4Box) ... OK! 
Checking overlaps for volume TopSiPMPV:47 (G4Box) ... OK! 
Checking overlaps for volume TopSiPMPV:48 (G4Box) ... OK! 
Checking overlaps for volume TopSiPMPV:49 (G4Box) ... OK! 
Checking overlaps for volume TopSiPMPV:50 (G4Box) ... OK! 
Checking overlaps for volume TopSiPMPV:51 (G4Box) ... OK! 
Checking overlaps for volume TopSiPMPV:52 (G4Box) ... OK! 
Checking overlaps for volume TopSiPMPV:53 (G4Box) ... OK! 
Checking overlaps for volume TopSiPMPV:54 (G4Box) ... OK! 
Checking overlaps for volume TopSiPMPV:55 (G4Box) ... OK! 
Checking overlaps for volume TopSiPMPV:56 (G4Box) ... OK! 
Checking overlaps for volume TopSiPMPV:57 (G4Box) ... OK! 
Checking overlaps for volume TopSiPMPV:58 (G4Box) ... OK! 
Checking overlaps for volume TopSiPMPV:59 (G4Box) ... OK! 
Checking overlaps for volume TopSiPMPV:60 (G4Box) ... OK! 
Checking overlaps for volume TopSiPMPV:61 (G4Box) ... OK! 
Checking overlaps for volume TopSiPMPV:62 (G4Box) ... OK! 
Checking overlaps for volume TopSiPMPV:63 (G4Box) ... OK! 
Checking overlaps for volume TopSiPMPV:64 (G4Box) ... OK! 
Checking overlaps for volume TopSiPMPV:65 (G4Box) ... OK! 
Checking overlaps for volume TopSiPMPV:66 (G4Box) ... OK! 
Checking overlaps for volume TopSiPMPV:67 (G4Box) ... OK! 
Checking overlaps for volume TopSiPMPV:68 (G4Box) ... OK! 
Checking overlaps for volume TopSiPMPV:69 (G4Box) ... OK! 
Checking overlaps for volume TopSiPMPV:70 (G4Box) ... OK! 
Checking overlaps for volume TopSiPMPV:71 (G4Box) ... OK! 
Checking overlaps for volume TopSiPMPV:72 (G4Box) ... OK! 
Checking overlaps for volume TopSiPMPV:73 (G4Box) ... OK! 
Checking overlaps for volume TopSiPMPV:74 (G4Box) ... OK! 
Checking overlaps for volume TopSiPMPV:75 (G4Box) ... OK! 
Checking overlaps for volume TopSiPMPV:76 (G4Box) ... OK! 
Checking overlaps for volume TopSiPMPV:77 (G4Box) ... OK! 
Checking overlaps for volume TopSiPMPV:78 (G4Box) ... OK! 
Checking overlaps for volume TopSiPMPV:79 (G4Box) ... OK! 
Checking overlaps for volume TopSiPMPV:80 (G4Box) ... OK! 
Checking overlaps for volume TopSiPMPV:81 (G4Box) ... OK! 
Checking overlaps for volume TopSiPMPV:82 (G4Box) ... OK! 
Checking overlaps for volume TopSiPMPV:83 (G4Box) ... OK! 
Checking overlaps for volume TopSiPMPV:84 (G4Box) ... OK! 
Checking overlaps for volume TopSiPMPV:85 (G4Box) ... OK! 
### Birks coefficients used in run time
G4WT22 > Accumulable registered as "NEndLeft"
G4WT22 > Accumulable registered as "NEndRight"
G4WT22 > Accumulable registered as "NTop"
G4WT22 > Accumulable registered as "NEventsWithHits"
G4WT22 > Accumulable registered as "NScintPhotons"
G4WT1 > Accumulable registered as "NEndLeft"
G4WT1 > Accumulable registered as "NEndRight"
G4WT1 > Accumulable registered as "NTop"
G4WT21 > Accumulable registered as "NEndLeft"
G4WT1 > Accumulable registered as "NEventsWithHits"
G4WT21 > Accumulable registered as "NEndRight"
G4WT1 > Accumulable registered as "NScintPhotons"
G4WT21 > Accumulable registered as "NTop"
G4WT21 > Accumulable registered as "NEventsWithHits"
G4WT21 > Accumulable registered as "NScintPhotons"
G4WT19 > Accumulable registered as "NEndLeft"
G4WT19 > Accumulable registered as "NEndRight"
G4WT19 > Accumulable registered as "NTop"
G4WT19 > Accumulable registered as "NEventsWithHits"
G4WT19 > Accumulable registered as "NScintPhotons"
G4WT12 > Accumulable registered as "NEndLeft"
G4WT12 > Accumulable registered as "NEndRight"
G4WT12 > Accumulable registered as "NTop"
G4WT12 > Accumulable registered as "NEventsWithHits"
G4WT12 > Accumulable registered as "NScintPhotons"
G4WT23 > Accumulable registered as "NEndLeft"
G4WT23 > Accumulable registered as "NEndRight"
G4WT23 > Accumulable registered as "NTop"
G4WT23 > Accumulable registered as "NEventsWithHits"
G4WT23 > Accumulable registered as "NScintPhotons"
G4WT6 > Accumulable registered as "NEndLeft"
G4WT6 > Accumulable registered as "NEndRight"
G4WT6 > Accumulable registered as "NTop"
G4WT6 > Accumulable registered as "NEventsWithHits"
G4WT6 > Accumulable registered as "NScintPhotons"
G4WT8 > Accumulable registered as "NEndLeft"
G4WT8 > Accumulable registered as "NEndRight"
G4WT8 > Accumulable registered as "NTop"
G4WT8 > Accumulable registered as "NEventsWithHits"
G4WT8 > Accumulable registered as "NScintPhotons"
G4WT0 > Accumulable registered as "NEndLeft"
G4WT0 > Accumulable registered as "NEndRight"
G4WT0 > Accumulable registered as "NTop"
G4WT0 > Accumulable registered as "NEventsWithHits"
G4WT0 > Accumulable registered as "NScintPhotons"
G4WT2 > Accumulable registered as "NEndLeft"
G4WT2 > Accumulable registered as "NEndRight"
G4WT2 > Accumulable registered as "NTop"
G4WT2 > Accumulable registered as "NEventsWithHits"
G4WT2 > Accumulable registered as "NScintPhotons"
G4WT9 > Accumulable registered as "NEndLeft"
G4WT9 > Accumulable registered as "NEndRight"
G4WT9 > Accumulable registered as "NTop"
G4WT9 > Accumulable registered as "NEventsWithHits"
G4WT9 > Accumulable registered as "NScintPhotons"
G4WT4 > Accumulable registered as "NEndLeft"
G4WT4 > Accumulable registered as "NEndRight"
G4WT4 > Accumulable registered as "NTop"
G4WT4 > Accumulable registered as "NEventsWithHits"
G4WT4 > Accumulable registered as "NScintPhotons"
G4WT5 > Accumulable registered as "NEndLeft"
G4WT5 > Accumulable registered as "NEndRight"
G4WT5 > Accumulable registered as "NTop"
G4WT7 > Accumulable registered as "NEndLeft"
G4WT7 > Accumulable registered as "NEndRight"
G4WT7 > Accumulable registered as "NTop"
G4WT5 > Accumulable registered as "NEventsWithHits"
G4WT5 > Accumulable registered as "NScintPhotons"
G4WT7 > Accumulable registered as "NEventsWithHits"
G4WT7 > Accumulable registered as "NScintPhotons"
G4WT3 > Accumulable registered as "NEndLeft"
G4WT3 > Accumulable registered as "NEndRight"
G4WT3 > Accumulable registered as "NTop"
G4WT3 > Accumulable registered as "NEventsWithHits"
G4WT3 > Accumulable registered as "NScintPhotons"
G4WT17 > Accumulable registered as "NEndLeft"
G4WT14 > Accumulable registered as "NEndLeft"
G4WT14 > Accumulable registered as "NEndRight"
G4WT14 > Accumulable registered as "NTop"
G4WT17 > Accumulable registered as "NEndRight"
G4WT17 > Accumulable registered as "NTop"
G4WT14 > Accumulable registered as "NEventsWithHits"
G4WT14 > Accumulable registered as "NScintPhotons"
G4WT17 > Accumulable registered as "NEventsWithHits"
G4WT17 > Accumulable registered as "NScintPhotons"
G4WT16 > Accumulable registered as "NEndLeft"
G4WT16 > Accumulable registered as "NEndRight"
G4WT16 > Accumulable registered as "NTop"
G4WT16 > Accumulable registered as "NEventsWithHits"
G4WT16 > Accumulable registered as "NScintPhotons"
G4WT11 > Accumulable registered as "NEndLeft"
G4WT11 > Accumulable registered as "NEndRight"
G4WT11 > Accumulable registered as "NTop"
G4WT11 > Accumulable registered as "NEventsWithHits"
G4WT11 > Accumulable registered as "NScintPhotons"
G4WT18 > Accumulable registered as "NEndLeft"
G4WT18 > Accumulable registered as "NEndRight"
G4WT18 > Accumulable registered as "NTop"
G4WT18 > Accumulable registered as "NEventsWithHits"
G4WT18 > Accumulable registered as "NScintPhotons"
G4WT10 > Accumulable registered as "NEndLeft"
G4WT10 > Accumulable registered as "NEndRight"
G4WT10 > Accumulable registered as "NTop"
G4WT10 > Accumulable registered as "NEventsWithHits"
G4WT10 > Accumulable registered as "NScintPhotons"
G4WT15 > Accumulable registered as "NEndLeft"
G4WT15 > Accumulable registered as "NEndRight"
G4WT15 > Accumulable registered as "NTop"
G4WT15 > Accumulable registered as "NEventsWithHits"
G4WT15 > Accumulable registered as "NScintPhotons"
G4WT13 > Accumulable registered as "NEndLeft"
G4WT13 > Accumulable registered as "NEndRight"
G4WT13 > Accumulable registered as "NTop"
G4WT13 > Accumulable registered as "NEventsWithHits"
G4WT13 > Accumulable registered as "NScintPhotons"
G4WT20 > Accumulable registered as "NEndLeft"
G4WT20 > Accumulable registered as "NEndRight"
G4WT20 > Accumulable registered as "NTop"
G4WT20 > Accumulable registered as "NEventsWithHits"
G4WT20 > Accumulable registered as "NScintPhotons"

=== Active Scintillator Baseline ===
  SSLG4 code            : OPSC-101
  Yield                 : 10400 ph/MeV
  Rise time tau_r       : 0.7 ns
  Decay time tau_d      : 1.8 ns
  Attenuation length    : 160 cm
  Emission peak lambda  : 408.8 nm
  Finite rise time      : enabled
=====================================

=== Active Readout / Wrapping Configuration ===
  Readout configuration : Top
  SiPM model            : AFBR-S4N66P024M
  SiPM PDE file         : /home/rrios/ej200/data/sipm/AFBR-S4N66P024M_pde.txt
  -X face               : wrapped
  +X face               : wrapped
  -Y face               : wrapped
  +Y face               : instrumented
  -Z face               : wrapped
  +Z face               : wrapped
  Reflector R           : 0.98
  Active End SiPMs      : 0 (L=0, R=0)
  Active Top SiPMs      : 70
==============================================
G4WT21 > 
=== EJ Scintillator Bar Run Summary ===
  Run ID                : 0
  Events run            : 108
  Events with ≥1 hit    : 108
  End-left  photons     : 0
  End-right photons     : 0
  Top SiPM  photons     : 529012
  Scint photons generated: 2190188
  Total photons detected : 529012
  Detection efficiency   : 24.1537 %
  ROOT output           : photon_hits_run000.root
==============================

G4WT3 > 
=== EJ Scintillator Bar Run Summary ===
  Run ID                : 0
  Events run            : 108
  Events with ≥1 hit    : 108
  End-left  photons     : 0
  End-right photons     : 0
  Top SiPM  photons     : 524397
  Scint photons generated: 2167259
  Total photons detected : 524397
  Detection efficiency   : 24.1963 %
  ROOT output           : photon_hits_run000.root
==============================

G4WT15 > 
=== EJ Scintillator Bar Run Summary ===
  Run ID                : 0
  Events run            : 162
  Events with ≥1 hit    : 162
  End-left  photons     : 0
  End-right photons     : 0
  Top SiPM  photons     : 773990
  Scint photons generated: 3198368
  Total photons detected : 773990
  Detection efficiency   : 24.1995 %
  ROOT output           : photon_hits_run000.root
==============================

G4WT7 > 
=== EJ Scintillator Bar Run Summary ===
  Run ID                : 0
  Events run            : 162
  Events with ≥1 hit    : 162
  End-left  photons     : 0
  End-right photons     : 0
  Top SiPM  photons     : 804030
  Scint photons generated: 3324075
  Total photons detected : 804030
  Detection efficiency   : 24.1881 %
  ROOT output           : photon_hits_run000.root
==============================

G4WT14 > 
=== EJ Scintillator Bar Run Summary ===
  Run ID                : 0
  Events run            : 108
  Events with ≥1 hit    : 108
  End-left  photons     : 0
  End-right photons     : 0
  Top SiPM  photons     : 526486
  Scint photons generated: 2175967
  Total photons detected : 526486
  Detection efficiency   : 24.1955 %
  ROOT output           : photon_hits_run000.root
==============================

G4WT1 > 
=== EJ Scintillator Bar Run Summary ===
  Run ID                : 0
  Events run            : 108
  Events with ≥1 hit    : 108
  End-left  photons     : 0
  End-right photons     : 0
  Top SiPM  photons     : 531816
  Scint photons generated: 2200919
  Total photons detected : 531816
  Detection efficiency   : 24.1634 %
  ROOT output           : photon_hits_run000.root
==============================

G4WT5 > 
=== EJ Scintillator Bar Run Summary ===
  Run ID                : 0
  Events run            : 108
  Events with ≥1 hit    : 108
  End-left  photons     : 0
  End-right photons     : 0
  Top SiPM  photons     : 527457
  Scint photons generated: 2174901
  Total photons detected : 527457
  Detection efficiency   : 24.2520 %
  ROOT output           : photon_hits_run000.root
==============================

G4WT18 > 
=== EJ Scintillator Bar Run Summary ===
  Run ID                : 0
  Events run            : 162
  Events with ≥1 hit    : 162
  End-left  photons     : 0
  End-right photons     : 0
  Top SiPM  photons     : 768015
  Scint photons generated: 3176852
  Total photons detected : 768015
  Detection efficiency   : 24.1753 %
  ROOT output           : photon_hits_run000.root
==============================

G4WT8 > 
=== EJ Scintillator Bar Run Summary ===
  Run ID                : 0
  Events run            : 108
  Events with ≥1 hit    : 108
  End-left  photons     : 0
  End-right photons     : 0
  Top SiPM  photons     : 526465
  Scint photons generated: 2175062
  Total photons detected : 526465
  Detection efficiency   : 24.2046 %
  ROOT output           : photon_hits_run000.root
==============================

G4WT16 > 
=== EJ Scintillator Bar Run Summary ===
  Run ID                : 0
  Events run            : 162
  Events with ≥1 hit    : 162
  End-left  photons     : 0
  End-right photons     : 0
  Top SiPM  photons     : 776564
  Scint photons generated: 3213394
  Total photons detected : 776564
  Detection efficiency   : 24.1665 %
  ROOT output           : photon_hits_run000.root
==============================

G4WT6 > 
=== EJ Scintillator Bar Run Summary ===
  Run ID                : 0
  Events run            : 108
  Events with ≥1 hit    : 108
  End-left  photons     : 0
  End-right photons     : 0
  Top SiPM  photons     : 533534
  Scint photons generated: 2204937
  Total photons detected : 533534
  Detection efficiency   : 24.1972 %
  ROOT output           : photon_hits_run000.root
==============================

G4WT2 > 
=== EJ Scintillator Bar Run Summary ===
  Run ID                : 0
  Events run            : 108
  Events with ≥1 hit    : 108
  End-left  photons     : 0
  End-right photons     : 0
  Top SiPM  photons     : 532211
  Scint photons generated: 2199468
  Total photons detected : 532211
  Detection efficiency   : 24.1973 %
  ROOT output           : photon_hits_run000.root
==============================

G4WT20 > 
=== EJ Scintillator Bar Run Summary ===
  Run ID                : 0
  Events run            : 138
  Events with ≥1 hit    : 138
  End-left  photons     : 0
  End-right photons     : 0
  Top SiPM  photons     : 675375
  Scint photons generated: 2793529
  Total photons detected : 675375
  Detection efficiency   : 24.1764 %
  ROOT output           : photon_hits_run000.root
==============================

G4WT13 > 
=== EJ Scintillator Bar Run Summary ===
  Run ID                : 0
  Events run            : 162
  Events with ≥1 hit    : 162
  End-left  photons     : 0
  End-right photons     : 0
  Top SiPM  photons     : 769967
  Scint photons generated: 3179332
  Total photons detected : 769967
  Detection efficiency   : 24.2179 %
  ROOT output           : photon_hits_run000.root
==============================

G4WT4 > 
=== EJ Scintillator Bar Run Summary ===
  Run ID                : 0
  Events run            : 108
  Events with ≥1 hit    : 108
  End-left  photons     : 0
  End-right photons     : 0
  Top SiPM  photons     : 532015
  Scint photons generated: 2196235
  Total photons detected : 532015
  Detection efficiency   : 24.2240 %
  ROOT output           : photon_hits_run000.root
==============================

G4WT19 > 
=== EJ Scintillator Bar Run Summary ===
  Run ID                : 0
  Events run            : 108
  Events with ≥1 hit    : 108
  End-left  photons     : 0
  End-right photons     : 0
  Top SiPM  photons     : 534515
  Scint photons generated: 2208641
  Total photons detected : 534515
  Detection efficiency   : 24.2011 %
  ROOT output           : photon_hits_run000.root
==============================

G4WT9 > 
=== EJ Scintillator Bar Run Summary ===
  Run ID                : 0
  Events run            : 108
  Events with ≥1 hit    : 108
  End-left  photons     : 0
  End-right photons     : 0
  Top SiPM  photons     : 545171
  Scint photons generated: 2251360
  Total photons detected : 545171
  Detection efficiency   : 24.2152 %
  ROOT output           : photon_hits_run000.root
==============================

G4WT23 > 
=== EJ Scintillator Bar Run Summary ===
  Run ID                : 0
  Events run            : 108
  Events with ≥1 hit    : 108
  End-left  photons     : 0
  End-right photons     : 0
  Top SiPM  photons     : 538323
  Scint photons generated: 2219557
  Total photons detected : 538323
  Detection efficiency   : 24.2536 %
  ROOT output           : photon_hits_run000.root
==============================

G4WT10 > 
=== EJ Scintillator Bar Run Summary ===
  Run ID                : 0
  Events run            : 162
  Events with ≥1 hit    : 162
  End-left  photons     : 0
  End-right photons     : 0
  Top SiPM  photons     : 781665
  Scint photons generated: 3231500
  Total photons detected : 781665
  Detection efficiency   : 24.1889 %
  ROOT output           : photon_hits_run000.root
==============================

G4WT22 > 
=== EJ Scintillator Bar Run Summary ===
  Run ID                : 0
  Events run            : 108
  Events with ≥1 hit    : 108
  End-left  photons     : 0
  End-right photons     : 0
  Top SiPM  photons     : 535051
  Scint photons generated: 2209856
  Total photons detected : 535051
  Detection efficiency   : 24.2120 %
  ROOT output           : photon_hits_run000.root
==============================

G4WT11 > 
=== EJ Scintillator Bar Run Summary ===
  Run ID                : 0
  Events run            : 162
  Events with ≥1 hit    : 162
  End-left  photons     : 0
  End-right photons     : 0
  Top SiPM  photons     : 765902
  Scint photons generated: 3168417
  Total photons detected : 765902
  Detection efficiency   : 24.1730 %
  ROOT output           : photon_hits_run000.root
==============================

G4WT12 > 
=== EJ Scintillator Bar Run Summary ===
  Run ID                : 0
  Events run            : 108
  Events with ≥1 hit    : 108
  End-left  photons     : 0
  End-right photons     : 0
  Top SiPM  photons     : 531741
  Scint photons generated: 2198995
  Total photons detected : 531741
  Detection efficiency   : 24.1811 %
  ROOT output           : photon_hits_run000.root
==============================

G4WT0 > 
=== EJ Scintillator Bar Run Summary ===
  Run ID                : 0
  Events run            : 108
  Events with ≥1 hit    : 108
  End-left  photons     : 0
  End-right photons     : 0
  Top SiPM  photons     : 527271
  Scint photons generated: 2181160
  Total photons detected : 527271
  Detection efficiency   : 24.1739 %
  ROOT output           : photon_hits_run000.root
==============================

G4WT17 > 
=== EJ Scintillator Bar Run Summary ===
  Run ID                : 0
  Events run            : 108
  Events with ≥1 hit    : 108
  End-left  photons     : 0
  End-right photons     : 0
  Top SiPM  photons     : 528120
  Scint photons generated: 2182701
  Total photons detected : 528120
  Detection efficiency   : 24.1957 %
  ROOT output           : photon_hits_run000.root
==============================


=== EJ Scintillator Bar Run Summary ===
  Run ID                : 0
  Events run            : 3000
  Events with ≥1 hit    : 3000
  End-left  photons     : 0
  End-right photons     : 0
  Top SiPM  photons     : 14619093
  Scint photons generated: 60422673
  Total photons detected : 14619093
  Detection efficiency   : 24.1947 %
  ROOT output           : photon_hits_run000.root
==============================


=== Boundary Census (diagnostic) ===
  Bar -> reflector panel   : 1147494366
  Bar -> World (escaped)   : 0
  Bar -> Bar (TIR/refl)    : 0
  Bar -> SiPM (entering)   : 23384318
  Killed in WorldLV        : 142940
====================================

[2026-06-11T21:23:43] DONE pairscan_x-425.0mm (entries=14619093.0)
[2026-06-11T21:23:43] START pairscan_x-426.0mm (x=-426.0 mm)

**************************************************************
 Geant4 version Name: geant4-11-04 [MT]   (5-December-2025)
  << in Multi-threaded mode >> 
                       Copyright : Geant4 Collaboration
                      References : NIM A 506 (2003), 250-303
                                 : IEEE-TNS 53 (2006), 270-278
                                 : NIM A 835 (2016), 186-225
                             WWW : http://geant4.org/
**************************************************************

Accumulable registered as "NEndLeft"
Accumulable registered as "NEndRight"
Accumulable registered as "NTop"
Accumulable registered as "NEventsWithHits"
Accumulable registered as "NScintPhotons"

-------- WWWW ------- G4Exception-START -------- WWWW -------
*** G4Exception : mat031
      issued by : G4Material::FillVectors()
For material opsc-101 sum of fractional masses 0.996667 is not 1 - results may be wrong

*** This is just a warning message. ***
-------- WWWW -------- G4Exception-END --------- WWWW -------

Checking overlaps for volume BarPV:0 (G4Box) ... OK! 
Checking overlaps for volume ReflectorYMinusPV:0 (G4Box) ... OK! 
Checking overlaps for volume ReflectorZMinusPV:3 (G4Box) ... OK! 
Checking overlaps for volume ReflectorZPlusPV:4 (G4Box) ... OK! 
Checking overlaps for volume ReflectorYPlusPV:5 (G4SubtractionSolid) ... OK! 
Checking overlaps for volume ReflectorXMinusPV:1 (G4Box) ... OK! 
Checking overlaps for volume ReflectorXPlusPV:2 (G4Box) ... OK! 
Checking overlaps for volume TopSiPMPV:16 (G4Box) ... OK! 
Checking overlaps for volume TopSiPMPV:17 (G4Box) ... OK! 
Checking overlaps for volume TopSiPMPV:18 (G4Box) ... OK! 
Checking overlaps for volume TopSiPMPV:19 (G4Box) ... OK! 
Checking overlaps for volume TopSiPMPV:20 (G4Box) ... OK! 
Checking overlaps for volume TopSiPMPV:21 (G4Box) ... OK! 
Checking overlaps for volume TopSiPMPV:22 (G4Box) ... OK! 
Checking overlaps for volume TopSiPMPV:23 (G4Box) ... OK! 
Checking overlaps for volume TopSiPMPV:24 (G4Box) ... OK! 
Checking overlaps for volume TopSiPMPV:25 (G4Box) ... OK! 
Checking overlaps for volume TopSiPMPV:26 (G4Box) ... OK! 
Checking overlaps for volume TopSiPMPV:27 (G4Box) ... OK! 
Checking overlaps for volume TopSiPMPV:28 (G4Box) ... OK! 
Checking overlaps for volume TopSiPMPV:29 (G4Box) ... OK! 
Checking overlaps for volume TopSiPMPV:30 (G4Box) ... OK! 
Checking overlaps for volume TopSiPMPV:31 (G4Box) ... OK! 
Checking overlaps for volume TopSiPMPV:32 (G4Box) ... OK! 
Checking overlaps for volume TopSiPMPV:33 (G4Box) ... OK! 
Checking overlaps for volume TopSiPMPV:34 (G4Box) ... OK! 
Checking overlaps for volume TopSiPMPV:35 (G4Box) ... OK! 
Checking overlaps for volume TopSiPMPV:36 (G4Box) ... OK! 
Checking overlaps for volume TopSiPMPV:37 (G4Box) ... OK! 
Checking overlaps for volume TopSiPMPV:38 (G4Box) ... OK! 
Checking overlaps for volume TopSiPMPV:39 (G4Box) ... OK! 
Checking overlaps for volume TopSiPMPV:40 (G4Box) ... OK! 
Checking overlaps for volume TopSiPMPV:41 (G4Box) ... OK! 
Checking overlaps for volume TopSiPMPV:42 (G4Box) ... OK! 
Checking overlaps for volume TopSiPMPV:43 (G4Box) ... OK! 
Checking overlaps for volume TopSiPMPV:44 (G4Box) ... OK! 
Checking overlaps for volume TopSiPMPV:45 (G4Box) ... OK! 
Checking overlaps for volume TopSiPMPV:46 (G4Box) ... OK! 
Checking overlaps for volume TopSiPMPV:47 (G4Box) ... OK! 
Checking overlaps for volume TopSiPMPV:48 (G4Box) ... OK! 
Checking overlaps for volume TopSiPMPV:49 (G4Box) ... OK! 
Checking overlaps for volume TopSiPMPV:50 (G4Box) ... OK! 
Checking overlaps for volume TopSiPMPV:51 (G4Box) ... OK! 
Checking overlaps for volume TopSiPMPV:52 (G4Box) ... OK! 
Checking overlaps for volume TopSiPMPV:53 (G4Box) ... OK! 
Checking overlaps for volume TopSiPMPV:54 (G4Box) ... OK! 
Checking overlaps for volume TopSiPMPV:55 (G4Box) ... OK! 
Checking overlaps for volume TopSiPMPV:56 (G4Box) ... OK! 
Checking overlaps for volume TopSiPMPV:57 (G4Box) ... OK! 
Checking overlaps for volume TopSiPMPV:58 (G4Box) ... OK! 
Checking overlaps for volume TopSiPMPV:59 (G4Box) ... OK! 
Checking overlaps for volume TopSiPMPV:60 (G4Box) ... OK! 
Checking overlaps for volume TopSiPMPV:61 (G4Box) ... OK! 
Checking overlaps for volume TopSiPMPV:62 (G4Box) ... OK! 
Checking overlaps for volume TopSiPMPV:63 (G4Box) ... OK! 
Checking overlaps for volume TopSiPMPV:64 (G4Box) ... OK! 
Checking overlaps for volume TopSiPMPV:65 (G4Box) ... OK! 
Checking overlaps for volume TopSiPMPV:66 (G4Box) ... OK! 
Checking overlaps for volume TopSiPMPV:67 (G4Box) ... OK! 
Checking overlaps for volume TopSiPMPV:68 (G4Box) ... OK! 
Checking overlaps for volume TopSiPMPV:69 (G4Box) ... OK! 
Checking overlaps for volume TopSiPMPV:70 (G4Box) ... OK! 
Checking overlaps for volume TopSiPMPV:71 (G4Box) ... OK! 
Checking overlaps for volume TopSiPMPV:72 (G4Box) ... OK! 
Checking overlaps for volume TopSiPMPV:73 (G4Box) ... OK! 
Checking overlaps for volume TopSiPMPV:74 (G4Box) ... OK! 
Checking overlaps for volume TopSiPMPV:75 (G4Box) ... OK! 
Checking overlaps for volume TopSiPMPV:76 (G4Box) ... OK! 
Checking overlaps for volume TopSiPMPV:77 (G4Box) ... OK! 
Checking overlaps for volume TopSiPMPV:78 (G4Box) ... OK! 
Checking overlaps for volume TopSiPMPV:79 (G4Box) ... OK! 
Checking overlaps for volume TopSiPMPV:80 (G4Box) ... OK! 
Checking overlaps for volume TopSiPMPV:81 (G4Box) ... OK! 
Checking overlaps for volume TopSiPMPV:82 (G4Box) ... OK! 
Checking overlaps for volume TopSiPMPV:83 (G4Box) ... OK! 
Checking overlaps for volume TopSiPMPV:84 (G4Box) ... OK! 
Checking overlaps for volume TopSiPMPV:85 (G4Box) ... OK! 
### Birks coefficients used in run time
G4WT19 > Accumulable registered as "NEndLeft"
G4WT19 > Accumulable registered as "NEndRight"
G4WT19 > Accumulable registered as "NTop"
G4WT19 > Accumulable registered as "NEventsWithHits"
G4WT19 > Accumulable registered as "NScintPhotons"
G4WT1 > Accumulable registered as "NEndLeft"
G4WT1 > Accumulable registered as "NEndRight"
G4WT1 > Accumulable registered as "NTop"
G4WT1 > Accumulable registered as "NEventsWithHits"
G4WT1 > Accumulable registered as "NScintPhotons"
G4WT20 > Accumulable registered as "NEndLeft"
G4WT20 > Accumulable registered as "NEndRight"
G4WT20 > Accumulable registered as "NTop"
G4WT17 > Accumulable registered as "NEndLeft"
G4WT17 > Accumulable registered as "NEndRight"
G4WT17 > Accumulable registered as "NTop"
G4WT20 > Accumulable registered as "NEventsWithHits"
G4WT20 > Accumulable registered as "NScintPhotons"
G4WT17 > Accumulable registered as "NEventsWithHits"
G4WT17 > Accumulable registered as "NScintPhotons"
G4WT13 > Accumulable registered as "NEndLeft"
G4WT13 > Accumulable registered as "NEndRight"
G4WT13 > Accumulable registered as "NTop"
G4WT13 > Accumulable registered as "NEventsWithHits"
G4WT13 > Accumulable registered as "NScintPhotons"
G4WT10 > Accumulable registered as "NEndLeft"
G4WT10 > Accumulable registered as "NEndRight"
G4WT10 > Accumulable registered as "NTop"
G4WT10 > Accumulable registered as "NEventsWithHits"
G4WT10 > Accumulable registered as "NScintPhotons"
G4WT5 > Accumulable registered as "NEndLeft"
G4WT5 > Accumulable registered as "NEndRight"
G4WT5 > Accumulable registered as "NTop"
G4WT5 > Accumulable registered as "NEventsWithHits"
G4WT5 > Accumulable registered as "NScintPhotons"
G4WT15 > Accumulable registered as "NEndLeft"
G4WT15 > Accumulable registered as "NEndRight"
G4WT15 > Accumulable registered as "NTop"
G4WT15 > Accumulable registered as "NEventsWithHits"
G4WT15 > Accumulable registered as "NScintPhotons"
G4WT7 > Accumulable registered as "NEndLeft"
G4WT7 > Accumulable registered as "NEndRight"
G4WT7 > Accumulable registered as "NTop"
G4WT7 > Accumulable registered as "NEventsWithHits"
G4WT7 > Accumulable registered as "NScintPhotons"
G4WT9 > Accumulable registered as "NEndLeft"
G4WT9 > Accumulable registered as "NEndRight"
G4WT9 > Accumulable registered as "NTop"
G4WT9 > Accumulable registered as "NEventsWithHits"
G4WT9 > Accumulable registered as "NScintPhotons"
G4WT21 > Accumulable registered as "NEndLeft"
G4WT21 > Accumulable registered as "NEndRight"
G4WT21 > Accumulable registered as "NTop"
G4WT21 > Accumulable registered as "NEventsWithHits"
G4WT21 > Accumulable registered as "NScintPhotons"
G4WT12 > Accumulable registered as "NEndLeft"
G4WT12 > Accumulable registered as "NEndRight"
G4WT12 > Accumulable registered as "NTop"
G4WT12 > Accumulable registered as "NEventsWithHits"
G4WT12 > Accumulable registered as "NScintPhotons"
G4WT18 > Accumulable registered as "NEndLeft"
G4WT18 > Accumulable registered as "NEndRight"
G4WT23 > Accumulable registered as "NEndLeft"
G4WT23 > Accumulable registered as "NEndRight"
G4WT23 > Accumulable registered as "NTop"
G4WT18 > Accumulable registered as "NTop"
G4WT23 > Accumulable registered as "NEventsWithHits"
G4WT23 > Accumulable registered as "NScintPhotons"
G4WT18 > Accumulable registered as "NEventsWithHits"
G4WT18 > Accumulable registered as "NScintPhotons"
G4WT2 > Accumulable registered as "NEndLeft"
G4WT2 > Accumulable registered as "NEndRight"
G4WT2 > Accumulable registered as "NTop"
G4WT2 > Accumulable registered as "NEventsWithHits"
G4WT2 > Accumulable registered as "NScintPhotons"
G4WT16 > Accumulable registered as "NEndLeft"
G4WT16 > Accumulable registered as "NEndRight"
G4WT16 > Accumulable registered as "NTop"
G4WT16 > Accumulable registered as "NEventsWithHits"
G4WT16 > Accumulable registered as "NScintPhotons"
G4WT11 > Accumulable registered as "NEndLeft"
G4WT11 > Accumulable registered as "NEndRight"
G4WT11 > Accumulable registered as "NTop"
G4WT11 > Accumulable registered as "NEventsWithHits"
G4WT11 > Accumulable registered as "NScintPhotons"
G4WT14 > Accumulable registered as "NEndLeft"
G4WT14 > Accumulable registered as "NEndRight"
G4WT14 > Accumulable registered as "NTop"
G4WT14 > Accumulable registered as "NEventsWithHits"
G4WT14 > Accumulable registered as "NScintPhotons"
G4WT22 > Accumulable registered as "NEndLeft"
G4WT22 > Accumulable registered as "NEndRight"
G4WT22 > Accumulable registered as "NTop"
G4WT22 > Accumulable registered as "NEventsWithHits"
G4WT22 > Accumulable registered as "NScintPhotons"
G4WT4 > Accumulable registered as "NEndLeft"
G4WT4 > Accumulable registered as "NEndRight"
G4WT4 > Accumulable registered as "NTop"
G4WT4 > Accumulable registered as "NEventsWithHits"
G4WT4 > Accumulable registered as "NScintPhotons"
G4WT8 > Accumulable registered as "NEndLeft"
G4WT8 > Accumulable registered as "NEndRight"
G4WT8 > Accumulable registered as "NTop"
G4WT8 > Accumulable registered as "NEventsWithHits"
G4WT8 > Accumulable registered as "NScintPhotons"
G4WT3 > Accumulable registered as "NEndLeft"
G4WT3 > Accumulable registered as "NEndRight"
G4WT3 > Accumulable registered as "NTop"
G4WT3 > Accumulable registered as "NEventsWithHits"
G4WT3 > Accumulable registered as "NScintPhotons"
G4WT0 > Accumulable registered as "NEndLeft"
G4WT0 > Accumulable registered as "NEndRight"
G4WT0 > Accumulable registered as "NTop"
G4WT0 > Accumulable registered as "NEventsWithHits"
G4WT0 > Accumulable registered as "NScintPhotons"
G4WT6 > Accumulable registered as "NEndLeft"
G4WT6 > Accumulable registered as "NEndRight"
G4WT6 > Accumulable registered as "NTop"
G4WT6 > Accumulable registered as "NEventsWithHits"
G4WT6 > Accumulable registered as "NScintPhotons"

=== Active Scintillator Baseline ===
  SSLG4 code            : OPSC-101
  Yield                 : 10400 ph/MeV
  Rise time tau_r       : 0.7 ns
  Decay time tau_d      : 1.8 ns
  Attenuation length    : 160 cm
  Emission peak lambda  : 408.8 nm
  Finite rise time      : enabled
=====================================

=== Active Readout / Wrapping Configuration ===
  Readout configuration : Top
  SiPM model            : AFBR-S4N66P024M
  SiPM PDE file         : /home/rrios/ej200/data/sipm/AFBR-S4N66P024M_pde.txt
  -X face               : wrapped
  +X face               : wrapped
  -Y face               : wrapped
  +Y face               : instrumented
  -Z face               : wrapped
  +Z face               : wrapped
  Reflector R           : 0.98
  Active End SiPMs      : 0 (L=0, R=0)
  Active Top SiPMs      : 70
==============================================
G4WT16 > 
=== EJ Scintillator Bar Run Summary ===
  Run ID                : 0
  Events run            : 138
  Events with ≥1 hit    : 138
  End-left  photons     : 0
  End-right photons     : 0
  Top SiPM  photons     : 658320
  Scint photons generated: 2718401
  Total photons detected : 658320
  Detection efficiency   : 24.2172 %
  ROOT output           : photon_hits_run000.root
==============================

G4WT17 > 
=== EJ Scintillator Bar Run Summary ===
  Run ID                : 0
  Events run            : 162
  Events with ≥1 hit    : 162
  End-left  photons     : 0
  End-right photons     : 0
  Top SiPM  photons     : 777794
  Scint photons generated: 3207200
  Total photons detected : 777794
  Detection efficiency   : 24.2515 %
  ROOT output           : photon_hits_run000.root
==============================

G4WT18 > 
=== EJ Scintillator Bar Run Summary ===
  Run ID                : 0
  Events run            : 162
  Events with ≥1 hit    : 162
  End-left  photons     : 0
  End-right photons     : 0
  Top SiPM  photons     : 783230
  Scint photons generated: 3227399
  Total photons detected : 783230
  Detection efficiency   : 24.2681 %
  ROOT output           : photon_hits_run000.root
==============================

G4WT13 > 
=== EJ Scintillator Bar Run Summary ===
  Run ID                : 0
  Events run            : 108
  Events with ≥1 hit    : 108
  End-left  photons     : 0
  End-right photons     : 0
  Top SiPM  photons     : 558481
  Scint photons generated: 2306345
  Total photons detected : 558481
  Detection efficiency   : 24.2150 %
  ROOT output           : photon_hits_run000.root
==============================

G4WT0 > 
=== EJ Scintillator Bar Run Summary ===
  Run ID                : 0
  Events run            : 162
  Events with ≥1 hit    : 162
  End-left  photons     : 0
  End-right photons     : 0
  Top SiPM  photons     : 770591
  Scint photons generated: 3183553
  Total photons detected : 770591
  Detection efficiency   : 24.2054 %
  ROOT output           : photon_hits_run000.root
==============================

G4WT4 > 
=== EJ Scintillator Bar Run Summary ===
  Run ID                : 0
  Events run            : 108
  Events with ≥1 hit    : 108
  End-left  photons     : 0
  End-right photons     : 0
  Top SiPM  photons     : 527044
  Scint photons generated: 2172718
  Total photons detected : 527044
  Detection efficiency   : 24.2574 %
  ROOT output           : photon_hits_run000.root
==============================

G4WT21 > 
=== EJ Scintillator Bar Run Summary ===
  Run ID                : 0
  Events run            : 162
  Events with ≥1 hit    : 162
  End-left  photons     : 0
  End-right photons     : 0
  Top SiPM  photons     : 779178
  Scint photons generated: 3212886
  Total photons detected : 779178
  Detection efficiency   : 24.2517 %
  ROOT output           : photon_hits_run000.root
==============================

G4WT8 > 
=== EJ Scintillator Bar Run Summary ===
  Run ID                : 0
  Events run            : 108
  Events with ≥1 hit    : 108
  End-left  photons     : 0
  End-right photons     : 0
  Top SiPM  photons     : 557334
  Scint photons generated: 2300001
  Total photons detected : 557334
  Detection efficiency   : 24.2319 %
  ROOT output           : photon_hits_run000.root
==============================

G4WT9 > 
=== EJ Scintillator Bar Run Summary ===
  Run ID                : 0
  Events run            : 162
  Events with ≥1 hit    : 162
  End-left  photons     : 0
  End-right photons     : 0
  Top SiPM  photons     : 777947
  Scint photons generated: 3210081
  Total photons detected : 777947
  Detection efficiency   : 24.2345 %
  ROOT output           : photon_hits_run000.root
==============================

G4WT10 > 
=== EJ Scintillator Bar Run Summary ===
  Run ID                : 0
  Events run            : 108
  Events with ≥1 hit    : 108
  End-left  photons     : 0
  End-right photons     : 0
  Top SiPM  photons     : 550134
  Scint photons generated: 2267702
  Total photons detected : 550134
  Detection efficiency   : 24.2595 %
  ROOT output           : photon_hits_run000.root
==============================

G4WT20 > 
=== EJ Scintillator Bar Run Summary ===
  Run ID                : 0
  Events run            : 108
  Events with ≥1 hit    : 108
  End-left  photons     : 0
  End-right photons     : 0
  Top SiPM  photons     : 559223
  Scint photons generated: 2306981
  Total photons detected : 559223
  Detection efficiency   : 24.2405 %
  ROOT output           : photon_hits_run000.root
==============================

G4WT22 > 
=== EJ Scintillator Bar Run Summary ===
  Run ID                : 0
  Events run            : 108
  Events with ≥1 hit    : 108
  End-left  photons     : 0
  End-right photons     : 0
  Top SiPM  photons     : 526580
  Scint photons generated: 2175517
  Total photons detected : 526580
  Detection efficiency   : 24.2048 %
  ROOT output           : photon_hits_run000.root
==============================

G4WT3 > 
=== EJ Scintillator Bar Run Summary ===
  Run ID                : 0
  Events run            : 108
  Events with ≥1 hit    : 108
  End-left  photons     : 0
  End-right photons     : 0
  Top SiPM  photons     : 533975
  Scint photons generated: 2203033
  Total photons detected : 533975
  Detection efficiency   : 24.2382 %
  ROOT output           : photon_hits_run000.root
==============================

G4WT12 > 
=== EJ Scintillator Bar Run Summary ===
  Run ID                : 0
  Events run            : 108
  Events with ≥1 hit    : 108
  End-left  photons     : 0
  End-right photons     : 0
  Top SiPM  photons     : 531888
  Scint photons generated: 2196945
  Total photons detected : 531888
  Detection efficiency   : 24.2103 %
  ROOT output           : photon_hits_run000.root
==============================

G4WT19 > 
=== EJ Scintillator Bar Run Summary ===
  Run ID                : 0
  Events run            : 108
  Events with ≥1 hit    : 108
  End-left  photons     : 0
  End-right photons     : 0
  Top SiPM  photons     : 534877
  Scint photons generated: 2206517
  Total photons detected : 534877
  Detection efficiency   : 24.2408 %
  ROOT output           : photon_hits_run000.root
==============================

G4WT14 > 
=== EJ Scintillator Bar Run Summary ===
  Run ID                : 0
  Events run            : 108
  Events with ≥1 hit    : 108
  End-left  photons     : 0
  End-right photons     : 0
  Top SiPM  photons     : 532041
  Scint photons generated: 2198803
  Total photons detected : 532041
  Detection efficiency   : 24.1968 %
  ROOT output           : photon_hits_run000.root
==============================

G4WT7 > 
=== EJ Scintillator Bar Run Summary ===
  Run ID                : 0
  Events run            : 108
  Events with ≥1 hit    : 108
  End-left  photons     : 0
  End-right photons     : 0
  Top SiPM  photons     : 531684
  Scint photons generated: 2197616
  Total photons detected : 531684
  Detection efficiency   : 24.1937 %
  ROOT output           : photon_hits_run000.root
==============================

G4WT11 > 
=== EJ Scintillator Bar Run Summary ===
  Run ID                : 0
  Events run            : 108
  Events with ≥1 hit    : 108
  End-left  photons     : 0
  End-right photons     : 0
  Top SiPM  photons     : 539150
  Scint photons generated: 2225853
  Total photons detected : 539150
  Detection efficiency   : 24.2222 %
  ROOT output           : photon_hits_run000.root
==============================

G4WT6 > 
=== EJ Scintillator Bar Run Summary ===
  Run ID                : 0
  Events run            : 162
  Events with ≥1 hit    : 162
  End-left  photons     : 0
  End-right photons     : 0
  Top SiPM  photons     : 775379
  Scint photons generated: 3198552
  Total photons detected : 775379
  Detection efficiency   : 24.2416 %
  ROOT output           : photon_hits_run000.root
==============================

G4WT15 > 
=== EJ Scintillator Bar Run Summary ===
  Run ID                : 0
  Events run            : 108
  Events with ≥1 hit    : 108
  End-left  photons     : 0
  End-right photons     : 0
  Top SiPM  photons     : 528085
  Scint photons generated: 2184006
  Total photons detected : 528085
  Detection efficiency   : 24.1796 %
  ROOT output           : photon_hits_run000.root
==============================

G4WT23 > 
=== EJ Scintillator Bar Run Summary ===
  Run ID                : 0
  Events run            : 108
  Events with ≥1 hit    : 108
  End-left  photons     : 0
  End-right photons     : 0
  Top SiPM  photons     : 529581
  Scint photons generated: 2183189
  Total photons detected : 529581
  Detection efficiency   : 24.2572 %
  ROOT output           : photon_hits_run000.root
==============================

G4WT2 > 
=== EJ Scintillator Bar Run Summary ===
  Run ID                : 0
  Events run            : 162
  Events with ≥1 hit    : 162
  End-left  photons     : 0
  End-right photons     : 0
  Top SiPM  photons     : 783972
  Scint photons generated: 3240474
  Total photons detected : 783972
  Detection efficiency   : 24.1931 %
  ROOT output           : photon_hits_run000.root
==============================

G4WT5 > 
=== EJ Scintillator Bar Run Summary ===
  Run ID                : 0
  Events run            : 108
  Events with ≥1 hit    : 108
  End-left  photons     : 0
  End-right photons     : 0
  Top SiPM  photons     : 528554
  Scint photons generated: 2177202
  Total photons detected : 528554
  Detection efficiency   : 24.2768 %
  ROOT output           : photon_hits_run000.root
==============================

G4WT1 > 
=== EJ Scintillator Bar Run Summary ===
  Run ID                : 0
  Events run            : 108
  Events with ≥1 hit    : 108
  End-left  photons     : 0
  End-right photons     : 0
  Top SiPM  photons     : 526059
  Scint photons generated: 2170652
  Total photons detected : 526059
  Detection efficiency   : 24.2351 %
  ROOT output           : photon_hits_run000.root
==============================


=== EJ Scintillator Bar Run Summary ===
  Run ID                : 0
  Events run            : 3000
  Events with ≥1 hit    : 3000
  End-left  photons     : 0
  End-right photons     : 0
  Top SiPM  photons     : 14701101
  Scint photons generated: 60671626
  Total photons detected : 14701101
  Detection efficiency   : 24.2306 %
  ROOT output           : photon_hits_run000.root
==============================


=== Boundary Census (diagnostic) ===
  Bar -> reflector panel   : 1150524192
  Bar -> World (escaped)   : 0
  Bar -> Bar (TIR/refl)    : 0
  Bar -> SiPM (entering)   : 23517237
  Killed in WorldLV        : 143346
====================================

[2026-06-11T21:29:11] DONE pairscan_x-426.0mm (entries=14701101.0)
[2026-06-11T21:29:11] START pairscan_x-427.0mm (x=-427.0 mm)

**************************************************************
 Geant4 version Name: geant4-11-04 [MT]   (5-December-2025)
  << in Multi-threaded mode >> 
                       Copyright : Geant4 Collaboration
                      References : NIM A 506 (2003), 250-303
                                 : IEEE-TNS 53 (2006), 270-278
                                 : NIM A 835 (2016), 186-225
                             WWW : http://geant4.org/
**************************************************************

Accumulable registered as "NEndLeft"
Accumulable registered as "NEndRight"
Accumulable registered as "NTop"
Accumulable registered as "NEventsWithHits"
Accumulable registered as "NScintPhotons"

-------- WWWW ------- G4Exception-START -------- WWWW -------
*** G4Exception : mat031
      issued by : G4Material::FillVectors()
For material opsc-101 sum of fractional masses 0.996667 is not 1 - results may be wrong

*** This is just a warning message. ***
-------- WWWW -------- G4Exception-END --------- WWWW -------

Checking overlaps for volume BarPV:0 (G4Box) ... OK! 
Checking overlaps for volume ReflectorYMinusPV:0 (G4Box) ... OK! 
Checking overlaps for volume ReflectorZMinusPV:3 (G4Box) ... OK! 
Checking overlaps for volume ReflectorZPlusPV:4 (G4Box) ... OK! 
Checking overlaps for volume ReflectorYPlusPV:5 (G4SubtractionSolid) ... OK! 
Checking overlaps for volume ReflectorXMinusPV:1 (G4Box) ... OK! 
Checking overlaps for volume ReflectorXPlusPV:2 (G4Box) ... OK! 
Checking overlaps for volume TopSiPMPV:16 (G4Box) ... OK! 
Checking overlaps for volume TopSiPMPV:17 (G4Box) ... OK! 
Checking overlaps for volume TopSiPMPV:18 (G4Box) ... OK! 
Checking overlaps for volume TopSiPMPV:19 (G4Box) ... OK! 
Checking overlaps for volume TopSiPMPV:20 (G4Box) ... OK! 
Checking overlaps for volume TopSiPMPV:21 (G4Box) ... OK! 
Checking overlaps for volume TopSiPMPV:22 (G4Box) ... OK! 
Checking overlaps for volume TopSiPMPV:23 (G4Box) ... OK! 
Checking overlaps for volume TopSiPMPV:24 (G4Box) ... OK! 
Checking overlaps for volume TopSiPMPV:25 (G4Box) ... OK! 
Checking overlaps for volume TopSiPMPV:26 (G4Box) ... OK! 
Checking overlaps for volume TopSiPMPV:27 (G4Box) ... OK! 
Checking overlaps for volume TopSiPMPV:28 (G4Box) ... OK! 
Checking overlaps for volume TopSiPMPV:29 (G4Box) ... OK! 
Checking overlaps for volume TopSiPMPV:30 (G4Box) ... OK! 
Checking overlaps for volume TopSiPMPV:31 (G4Box) ... OK! 
Checking overlaps for volume TopSiPMPV:32 (G4Box) ... OK! 
Checking overlaps for volume TopSiPMPV:33 (G4Box) ... OK! 
Checking overlaps for volume TopSiPMPV:34 (G4Box) ... OK! 
Checking overlaps for volume TopSiPMPV:35 (G4Box) ... OK! 
Checking overlaps for volume TopSiPMPV:36 (G4Box) ... OK! 
Checking overlaps for volume TopSiPMPV:37 (G4Box) ... OK! 
Checking overlaps for volume TopSiPMPV:38 (G4Box) ... OK! 
Checking overlaps for volume TopSiPMPV:39 (G4Box) ... OK! 
Checking overlaps for volume TopSiPMPV:40 (G4Box) ... OK! 
Checking overlaps for volume TopSiPMPV:41 (G4Box) ... OK! 
Checking overlaps for volume TopSiPMPV:42 (G4Box) ... OK! 
Checking overlaps for volume TopSiPMPV:43 (G4Box) ... OK! 
Checking overlaps for volume TopSiPMPV:44 (G4Box) ... OK! 
Checking overlaps for volume TopSiPMPV:45 (G4Box) ... OK! 
Checking overlaps for volume TopSiPMPV:46 (G4Box) ... OK! 
Checking overlaps for volume TopSiPMPV:47 (G4Box) ... OK! 
Checking overlaps for volume TopSiPMPV:48 (G4Box) ... OK! 
Checking overlaps for volume TopSiPMPV:49 (G4Box) ... OK! 
Checking overlaps for volume TopSiPMPV:50 (G4Box) ... OK! 
Checking overlaps for volume TopSiPMPV:51 (G4Box) ... OK! 
Checking overlaps for volume TopSiPMPV:52 (G4Box) ... OK! 
Checking overlaps for volume TopSiPMPV:53 (G4Box) ... OK! 
Checking overlaps for volume TopSiPMPV:54 (G4Box) ... OK! 
Checking overlaps for volume TopSiPMPV:55 (G4Box) ... OK! 
Checking overlaps for volume TopSiPMPV:56 (G4Box) ... OK! 
Checking overlaps for volume TopSiPMPV:57 (G4Box) ... OK! 
Checking overlaps for volume TopSiPMPV:58 (G4Box) ... OK! 
Checking overlaps for volume TopSiPMPV:59 (G4Box) ... OK! 
Checking overlaps for volume TopSiPMPV:60 (G4Box) ... OK! 
Checking overlaps for volume TopSiPMPV:61 (G4Box) ... OK! 
Checking overlaps for volume TopSiPMPV:62 (G4Box) ... OK! 
Checking overlaps for volume TopSiPMPV:63 (G4Box) ... OK! 
Checking overlaps for volume TopSiPMPV:64 (G4Box) ... OK! 
Checking overlaps for volume TopSiPMPV:65 (G4Box) ... OK! 
Checking overlaps for volume TopSiPMPV:66 (G4Box) ... OK! 
Checking overlaps for volume TopSiPMPV:67 (G4Box) ... OK! 
Checking overlaps for volume TopSiPMPV:68 (G4Box) ... OK! 
Checking overlaps for volume TopSiPMPV:69 (G4Box) ... OK! 
Checking overlaps for volume TopSiPMPV:70 (G4Box) ... OK! 
Checking overlaps for volume TopSiPMPV:71 (G4Box) ... OK! 
Checking overlaps for volume TopSiPMPV:72 (G4Box) ... OK! 
Checking overlaps for volume TopSiPMPV:73 (G4Box) ... OK! 
Checking overlaps for volume TopSiPMPV:74 (G4Box) ... OK! 
Checking overlaps for volume TopSiPMPV:75 (G4Box) ... OK! 
Checking overlaps for volume TopSiPMPV:76 (G4Box) ... OK! 
Checking overlaps for volume TopSiPMPV:77 (G4Box) ... OK! 
Checking overlaps for volume TopSiPMPV:78 (G4Box) ... OK! 
Checking overlaps for volume TopSiPMPV:79 (G4Box) ... OK! 
Checking overlaps for volume TopSiPMPV:80 (G4Box) ... OK! 
Checking overlaps for volume TopSiPMPV:81 (G4Box) ... OK! 
Checking overlaps for volume TopSiPMPV:82 (G4Box) ... OK! 
Checking overlaps for volume TopSiPMPV:83 (G4Box) ... OK! 
Checking overlaps for volume TopSiPMPV:84 (G4Box) ... OK! 
Checking overlaps for volume TopSiPMPV:85 (G4Box) ... OK! 
### Birks coefficients used in run time
G4WT22 > Accumulable registered as "NEndLeft"
G4WT22 > Accumulable registered as "NEndRight"
G4WT22 > Accumulable registered as "NTop"
G4WT22 > Accumulable registered as "NEventsWithHits"
G4WT22 > Accumulable registered as "NScintPhotons"
G4WT1 > Accumulable registered as "NEndLeft"
G4WT1 > Accumulable registered as "NEndRight"
G4WT1 > Accumulable registered as "NTop"
G4WT1 > Accumulable registered as "NEventsWithHits"
G4WT1 > Accumulable registered as "NScintPhotons"
G4WT9 > Accumulable registered as "NEndLeft"
G4WT9 > Accumulable registered as "NEndRight"
G4WT9 > Accumulable registered as "NTop"
G4WT9 > Accumulable registered as "NEventsWithHits"
G4WT9 > Accumulable registered as "NScintPhotons"
G4WT23 > Accumulable registered as "NEndLeft"
G4WT23 > Accumulable registered as "NEndRight"
G4WT23 > Accumulable registered as "NTop"
G4WT23 > Accumulable registered as "NEventsWithHits"
G4WT23 > Accumulable registered as "NScintPhotons"
G4WT21 > Accumulable registered as "NEndLeft"
G4WT21 > Accumulable registered as "NEndRight"
G4WT21 > Accumulable registered as "NTop"
G4WT21 > Accumulable registered as "NEventsWithHits"
G4WT21 > Accumulable registered as "NScintPhotons"
G4WT2 > Accumulable registered as "NEndLeft"
G4WT2 > Accumulable registered as "NEndRight"
G4WT2 > Accumulable registered as "NTop"
G4WT2 > Accumulable registered as "NEventsWithHits"
G4WT2 > Accumulable registered as "NScintPhotons"
G4WT0 > Accumulable registered as "NEndLeft"
G4WT0 > Accumulable registered as "NEndRight"
G4WT0 > Accumulable registered as "NTop"
G4WT0 > Accumulable registered as "NEventsWithHits"
G4WT0 > Accumulable registered as "NScintPhotons"
G4WT10 > Accumulable registered as "NEndLeft"
G4WT10 > Accumulable registered as "NEndRight"
G4WT10 > Accumulable registered as "NTop"
G4WT10 > Accumulable registered as "NEventsWithHits"
G4WT10 > Accumulable registered as "NScintPhotons"
G4WT16 > Accumulable registered as "NEndLeft"
G4WT16 > Accumulable registered as "NEndRight"
G4WT16 > Accumulable registered as "NTop"
G4WT16 > Accumulable registered as "NEventsWithHits"
G4WT16 > Accumulable registered as "NScintPhotons"
G4WT11 > Accumulable registered as "NEndLeft"
G4WT11 > Accumulable registered as "NEndRight"
G4WT11 > Accumulable registered as "NTop"
G4WT11 > Accumulable registered as "NEventsWithHits"
G4WT11 > Accumulable registered as "NScintPhotons"
G4WT8 > Accumulable registered as "NEndLeft"
G4WT8 > Accumulable registered as "NEndRight"
G4WT8 > Accumulable registered as "NTop"
G4WT8 > Accumulable registered as "NEventsWithHits"
G4WT8 > Accumulable registered as "NScintPhotons"
G4WT19 > Accumulable registered as "NEndLeft"
G4WT19 > Accumulable registered as "NEndRight"
G4WT19 > Accumulable registered as "NTop"
G4WT19 > Accumulable registered as "NEventsWithHits"
G4WT19 > Accumulable registered as "NScintPhotons"
G4WT20 > Accumulable registered as "NEndLeft"
G4WT20 > Accumulable registered as "NEndRight"
G4WT20 > Accumulable registered as "NTop"
G4WT20 > Accumulable registered as "NEventsWithHits"
G4WT20 > Accumulable registered as "NScintPhotons"
G4WT4 > Accumulable registered as "NEndLeft"
G4WT4 > Accumulable registered as "NEndRight"
G4WT4 > Accumulable registered as "NTop"
G4WT4 > Accumulable registered as "NEventsWithHits"
G4WT4 > Accumulable registered as "NScintPhotons"
G4WT15 > Accumulable registered as "NEndLeft"
G4WT15 > Accumulable registered as "NEndRight"
G4WT15 > Accumulable registered as "NTop"
G4WT15 > Accumulable registered as "NEventsWithHits"
G4WT15 > Accumulable registered as "NScintPhotons"
G4WT7 > Accumulable registered as "NEndLeft"
G4WT7 > Accumulable registered as "NEndRight"
G4WT7 > Accumulable registered as "NTop"
G4WT7 > Accumulable registered as "NEventsWithHits"
G4WT7 > Accumulable registered as "NScintPhotons"
G4WT14 > Accumulable registered as "NEndLeft"
G4WT14 > Accumulable registered as "NEndRight"
G4WT14 > Accumulable registered as "NTop"
G4WT14 > Accumulable registered as "NEventsWithHits"
G4WT14 > Accumulable registered as "NScintPhotons"
G4WT18 > Accumulable registered as "NEndLeft"
G4WT18 > Accumulable registered as "NEndRight"
G4WT18 > Accumulable registered as "NTop"
G4WT18 > Accumulable registered as "NEventsWithHits"
G4WT18 > Accumulable registered as "NScintPhotons"
G4WT3 > Accumulable registered as "NEndLeft"
G4WT3 > Accumulable registered as "NEndRight"
G4WT3 > Accumulable registered as "NTop"
G4WT3 > Accumulable registered as "NEventsWithHits"
G4WT3 > Accumulable registered as "NScintPhotons"
G4WT5 > Accumulable registered as "NEndLeft"
G4WT5 > Accumulable registered as "NEndRight"
G4WT5 > Accumulable registered as "NTop"
G4WT5 > Accumulable registered as "NEventsWithHits"
G4WT5 > Accumulable registered as "NScintPhotons"
G4WT13 > Accumulable registered as "NEndLeft"
G4WT13 > Accumulable registered as "NEndRight"
G4WT13 > Accumulable registered as "NTop"
G4WT13 > Accumulable registered as "NEventsWithHits"
G4WT13 > Accumulable registered as "NScintPhotons"
G4WT17 > Accumulable registered as "NEndLeft"
G4WT17 > Accumulable registered as "NEndRight"
G4WT17 > Accumulable registered as "NTop"
G4WT17 > Accumulable registered as "NEventsWithHits"
G4WT17 > Accumulable registered as "NScintPhotons"
G4WT6 > Accumulable registered as "NEndLeft"
G4WT6 > Accumulable registered as "NEndRight"
G4WT6 > Accumulable registered as "NTop"
G4WT6 > Accumulable registered as "NEventsWithHits"
G4WT6 > Accumulable registered as "NScintPhotons"
G4WT12 > Accumulable registered as "NEndLeft"
G4WT12 > Accumulable registered as "NEndRight"
G4WT12 > Accumulable registered as "NTop"
G4WT12 > Accumulable registered as "NEventsWithHits"
G4WT12 > Accumulable registered as "NScintPhotons"

=== Active Scintillator Baseline ===
  SSLG4 code            : OPSC-101
  Yield                 : 10400 ph/MeV
  Rise time tau_r       : 0.7 ns
  Decay time tau_d      : 1.8 ns
  Attenuation length    : 160 cm
  Emission peak lambda  : 408.8 nm
  Finite rise time      : enabled
=====================================

=== Active Readout / Wrapping Configuration ===
  Readout configuration : Top
  SiPM model            : AFBR-S4N66P024M
  SiPM PDE file         : /home/rrios/ej200/data/sipm/AFBR-S4N66P024M_pde.txt
  -X face               : wrapped
  +X face               : wrapped
  -Y face               : wrapped
  +Y face               : instrumented
  -Z face               : wrapped
  +Z face               : wrapped
  Reflector R           : 0.98
  Active End SiPMs      : 0 (L=0, R=0)
  Active Top SiPMs      : 70
==============================================
G4WT1 > 
=== EJ Scintillator Bar Run Summary ===
  Run ID                : 0
  Events run            : 162
  Events with ≥1 hit    : 162
  End-left  photons     : 0
  End-right photons     : 0
  Top SiPM  photons     : 789265
  Scint photons generated: 3233396
  Total photons detected : 789265
  Detection efficiency   : 24.4098 %
  ROOT output           : photon_hits_run000.root
==============================

G4WT6 > 
=== EJ Scintillator Bar Run Summary ===
  Run ID                : 0
  Events run            : 108
  Events with ≥1 hit    : 108
  End-left  photons     : 0
  End-right photons     : 0
  Top SiPM  photons     : 536705
  Scint photons generated: 2204203
  Total photons detected : 536705
  Detection efficiency   : 24.3492 %
  ROOT output           : photon_hits_run000.root
==============================

G4WT2 > 
=== EJ Scintillator Bar Run Summary ===
  Run ID                : 0
  Events run            : 108
  Events with ≥1 hit    : 108
  End-left  photons     : 0
  End-right photons     : 0
  Top SiPM  photons     : 525403
  Scint photons generated: 2157188
  Total photons detected : 525403
  Detection efficiency   : 24.3559 %
  ROOT output           : photon_hits_run000.root
==============================

G4WT19 > 
=== EJ Scintillator Bar Run Summary ===
  Run ID                : 0
  Events run            : 108
  Events with ≥1 hit    : 108
  End-left  photons     : 0
  End-right photons     : 0
  Top SiPM  photons     : 526235
  Scint photons generated: 2162808
  Total photons detected : 526235
  Detection efficiency   : 24.3311 %
  ROOT output           : photon_hits_run000.root
==============================

G4WT4 > 
=== EJ Scintillator Bar Run Summary ===
  Run ID                : 0
  Events run            : 108
  Events with ≥1 hit    : 108
  End-left  photons     : 0
  End-right photons     : 0
  Top SiPM  photons     : 530712
  Scint photons generated: 2177317
  Total photons detected : 530712
  Detection efficiency   : 24.3746 %
  ROOT output           : photon_hits_run000.root
==============================

G4WT3 > 
=== EJ Scintillator Bar Run Summary ===
  Run ID                : 0
  Events run            : 162
  Events with ≥1 hit    : 162
  End-left  photons     : 0
  End-right photons     : 0
  Top SiPM  photons     : 796370
  Scint photons generated: 3264583
  Total photons detected : 796370
  Detection efficiency   : 24.3942 %
  ROOT output           : photon_hits_run000.root
==============================

G4WT8 > 
=== EJ Scintillator Bar Run Summary ===
  Run ID                : 0
  Events run            : 108
  Events with ≥1 hit    : 108
  End-left  photons     : 0
  End-right photons     : 0
  Top SiPM  photons     : 545412
  Scint photons generated: 2242728
  Total photons detected : 545412
  Detection efficiency   : 24.3191 %
  ROOT output           : photon_hits_run000.root
==============================

G4WT9 > 
=== EJ Scintillator Bar Run Summary ===
  Run ID                : 0
  Events run            : 108
  Events with ≥1 hit    : 108
  End-left  photons     : 0
  End-right photons     : 0
  Top SiPM  photons     : 531176
  Scint photons generated: 2183340
  Total photons detected : 531176
  Detection efficiency   : 24.3286 %
  ROOT output           : photon_hits_run000.root
==============================

G4WT16 > 
=== EJ Scintillator Bar Run Summary ===
  Run ID                : 0
  Events run            : 108
  Events with ≥1 hit    : 108
  End-left  photons     : 0
  End-right photons     : 0
  Top SiPM  photons     : 551429
  Scint photons generated: 2267137
  Total photons detected : 551429
  Detection efficiency   : 24.3227 %
  ROOT output           : photon_hits_run000.root
==============================

G4WT0 > 
=== EJ Scintillator Bar Run Summary ===
  Run ID                : 0
  Events run            : 162
  Events with ≥1 hit    : 162
  End-left  photons     : 0
  End-right photons     : 0
  Top SiPM  photons     : 783953
  Scint photons generated: 3219202
  Total photons detected : 783953
  Detection efficiency   : 24.3524 %
  ROOT output           : photon_hits_run000.root
==============================

G4WT11 > 
=== EJ Scintillator Bar Run Summary ===
  Run ID                : 0
  Events run            : 108
  Events with ≥1 hit    : 108
  End-left  photons     : 0
  End-right photons     : 0
  Top SiPM  photons     : 532877
  Scint photons generated: 2187497
  Total photons detected : 532877
  Detection efficiency   : 24.3601 %
  ROOT output           : photon_hits_run000.root
==============================

G4WT7 > 
=== EJ Scintillator Bar Run Summary ===
  Run ID                : 0
  Events run            : 108
  Events with ≥1 hit    : 108
  End-left  photons     : 0
  End-right photons     : 0
  Top SiPM  photons     : 524448
  Scint photons generated: 2151445
  Total photons detected : 524448
  Detection efficiency   : 24.3765 %
  ROOT output           : photon_hits_run000.root
==============================

G4WT10 > 
=== EJ Scintillator Bar Run Summary ===
  Run ID                : 0
  Events run            : 162
  Events with ≥1 hit    : 162
  End-left  photons     : 0
  End-right photons     : 0
  Top SiPM  photons     : 787032
  Scint photons generated: 3230748
  Total photons detected : 787032
  Detection efficiency   : 24.3607 %
  ROOT output           : photon_hits_run000.root
==============================

G4WT13 > 
=== EJ Scintillator Bar Run Summary ===
  Run ID                : 0
  Events run            : 162
  Events with ≥1 hit    : 162
  End-left  photons     : 0
  End-right photons     : 0
  Top SiPM  photons     : 787341
  Scint photons generated: 3233039
  Total photons detected : 787341
  Detection efficiency   : 24.3530 %
  ROOT output           : photon_hits_run000.root
==============================

G4WT20 > 
=== EJ Scintillator Bar Run Summary ===
  Run ID                : 0
  Events run            : 108
  Events with ≥1 hit    : 108
  End-left  photons     : 0
  End-right photons     : 0
  Top SiPM  photons     : 540443
  Scint photons generated: 2219588
  Total photons detected : 540443
  Detection efficiency   : 24.3488 %
  ROOT output           : photon_hits_run000.root
==============================

G4WT22 > 
=== EJ Scintillator Bar Run Summary ===
  Run ID                : 0
  Events run            : 162
  Events with ≥1 hit    : 162
  End-left  photons     : 0
  End-right photons     : 0
  Top SiPM  photons     : 788670
  Scint photons generated: 3239196
  Total photons detected : 788670
  Detection efficiency   : 24.3477 %
  ROOT output           : photon_hits_run000.root
==============================

G4WT15 > 
=== EJ Scintillator Bar Run Summary ===
  Run ID                : 0
  Events run            : 108
  Events with ≥1 hit    : 108
  End-left  photons     : 0
  End-right photons     : 0
  Top SiPM  photons     : 529063
  Scint photons generated: 2169085
  Total photons detected : 529063
  Detection efficiency   : 24.3911 %
  ROOT output           : photon_hits_run000.root
==============================

G4WT14 > 
=== EJ Scintillator Bar Run Summary ===
  Run ID                : 0
  Events run            : 108
  Events with ≥1 hit    : 108
  End-left  photons     : 0
  End-right photons     : 0
  Top SiPM  photons     : 534805
  Scint photons generated: 2194564
  Total photons detected : 534805
  Detection efficiency   : 24.3695 %
  ROOT output           : photon_hits_run000.root
==============================

G4WT18 > 
=== EJ Scintillator Bar Run Summary ===
  Run ID                : 0
  Events run            : 108
  Events with ≥1 hit    : 108
  End-left  photons     : 0
  End-right photons     : 0
  Top SiPM  photons     : 544683
  Scint photons generated: 2228594
  Total photons detected : 544683
  Detection efficiency   : 24.4407 %
  ROOT output           : photon_hits_run000.root
==============================

G4WT21 > 
=== EJ Scintillator Bar Run Summary ===
  Run ID                : 0
  Events run            : 108
  Events with ≥1 hit    : 108
  End-left  photons     : 0
  End-right photons     : 0
  Top SiPM  photons     : 531622
  Scint photons generated: 2185189
  Total photons detected : 531622
  Detection efficiency   : 24.3284 %
  ROOT output           : photon_hits_run000.root
==============================

G4WT23 > 
=== EJ Scintillator Bar Run Summary ===
  Run ID                : 0
  Events run            : 108
  Events with ≥1 hit    : 108
  End-left  photons     : 0
  End-right photons     : 0
  Top SiPM  photons     : 543476
  Scint photons generated: 2232148
  Total photons detected : 543476
  Detection efficiency   : 24.3477 %
  ROOT output           : photon_hits_run000.root
==============================

G4WT5 > 
=== EJ Scintillator Bar Run Summary ===
  Run ID                : 0
  Events run            : 108
  Events with ≥1 hit    : 108
  End-left  photons     : 0
  End-right photons     : 0
  Top SiPM  photons     : 539746
  Scint photons generated: 2216043
  Total photons detected : 539746
  Detection efficiency   : 24.3563 %
  ROOT output           : photon_hits_run000.root
==============================

G4WT12 > 
=== EJ Scintillator Bar Run Summary ===
  Run ID                : 0
  Events run            : 162
  Events with ≥1 hit    : 162
  End-left  photons     : 0
  End-right photons     : 0
  Top SiPM  photons     : 755854
  Scint photons generated: 3105897
  Total photons detected : 755854
  Detection efficiency   : 24.3361 %
  ROOT output           : photon_hits_run000.root
==============================

G4WT17 > 
=== EJ Scintillator Bar Run Summary ===
  Run ID                : 0
  Events run            : 138
  Events with ≥1 hit    : 138
  End-left  photons     : 0
  End-right photons     : 0
  Top SiPM  photons     : 661148
  Scint photons generated: 2715620
  Total photons detected : 661148
  Detection efficiency   : 24.3461 %
  ROOT output           : photon_hits_run000.root
==============================


=== EJ Scintillator Bar Run Summary ===
  Run ID                : 0
  Events run            : 3000
  Events with ≥1 hit    : 3000
  End-left  photons     : 0
  End-right photons     : 0
  Top SiPM  photons     : 14717868
  Scint photons generated: 60420555
  Total photons detected : 14717868
  Detection efficiency   : 24.3590 %
  ROOT output           : photon_hits_run000.root
==============================


=== Boundary Census (diagnostic) ===
  Bar -> reflector panel   : 1143092074
  Bar -> World (escaped)   : 0
  Bar -> Bar (TIR/refl)    : 0
  Bar -> SiPM (entering)   : 23539090
  Killed in WorldLV        : 143329
====================================

[2026-06-11T21:34:39] DONE pairscan_x-427.0mm (entries=14717868.0)
[2026-06-11T21:34:39] START pairscan_x-428.0mm (x=-428.0 mm)

**************************************************************
 Geant4 version Name: geant4-11-04 [MT]   (5-December-2025)
  << in Multi-threaded mode >> 
                       Copyright : Geant4 Collaboration
                      References : NIM A 506 (2003), 250-303
                                 : IEEE-TNS 53 (2006), 270-278
                                 : NIM A 835 (2016), 186-225
                             WWW : http://geant4.org/
**************************************************************

Accumulable registered as "NEndLeft"
Accumulable registered as "NEndRight"
Accumulable registered as "NTop"
Accumulable registered as "NEventsWithHits"
Accumulable registered as "NScintPhotons"

-------- WWWW ------- G4Exception-START -------- WWWW -------
*** G4Exception : mat031
      issued by : G4Material::FillVectors()
For material opsc-101 sum of fractional masses 0.996667 is not 1 - results may be wrong

*** This is just a warning message. ***
-------- WWWW -------- G4Exception-END --------- WWWW -------

Checking overlaps for volume BarPV:0 (G4Box) ... OK! 
Checking overlaps for volume ReflectorYMinusPV:0 (G4Box) ... OK! 
Checking overlaps for volume ReflectorZMinusPV:3 (G4Box) ... OK! 
Checking overlaps for volume ReflectorZPlusPV:4 (G4Box) ... OK! 
Checking overlaps for volume ReflectorYPlusPV:5 (G4SubtractionSolid) ... OK! 
Checking overlaps for volume ReflectorXMinusPV:1 (G4Box) ... OK! 
Checking overlaps for volume ReflectorXPlusPV:2 (G4Box) ... OK! 
Checking overlaps for volume TopSiPMPV:16 (G4Box) ... OK! 
Checking overlaps for volume TopSiPMPV:17 (G4Box) ... OK! 
Checking overlaps for volume TopSiPMPV:18 (G4Box) ... OK! 
Checking overlaps for volume TopSiPMPV:19 (G4Box) ... OK! 
Checking overlaps for volume TopSiPMPV:20 (G4Box) ... OK! 
Checking overlaps for volume TopSiPMPV:21 (G4Box) ... OK! 
Checking overlaps for volume TopSiPMPV:22 (G4Box) ... OK! 
Checking overlaps for volume TopSiPMPV:23 (G4Box) ... OK! 
Checking overlaps for volume TopSiPMPV:24 (G4Box) ... OK! 
Checking overlaps for volume TopSiPMPV:25 (G4Box) ... OK! 
Checking overlaps for volume TopSiPMPV:26 (G4Box) ... OK! 
Checking overlaps for volume TopSiPMPV:27 (G4Box) ... OK! 
Checking overlaps for volume TopSiPMPV:28 (G4Box) ... OK! 
Checking overlaps for volume TopSiPMPV:29 (G4Box) ... OK! 
Checking overlaps for volume TopSiPMPV:30 (G4Box) ... OK! 
Checking overlaps for volume TopSiPMPV:31 (G4Box) ... OK! 
Checking overlaps for volume TopSiPMPV:32 (G4Box) ... OK! 
Checking overlaps for volume TopSiPMPV:33 (G4Box) ... OK! 
Checking overlaps for volume TopSiPMPV:34 (G4Box) ... OK! 
Checking overlaps for volume TopSiPMPV:35 (G4Box) ... OK! 
Checking overlaps for volume TopSiPMPV:36 (G4Box) ... OK! 
Checking overlaps for volume TopSiPMPV:37 (G4Box) ... OK! 
Checking overlaps for volume TopSiPMPV:38 (G4Box) ... OK! 
Checking overlaps for volume TopSiPMPV:39 (G4Box) ... OK! 
Checking overlaps for volume TopSiPMPV:40 (G4Box) ... OK! 
Checking overlaps for volume TopSiPMPV:41 (G4Box) ... OK! 
Checking overlaps for volume TopSiPMPV:42 (G4Box) ... OK! 
Checking overlaps for volume TopSiPMPV:43 (G4Box) ... OK! 
Checking overlaps for volume TopSiPMPV:44 (G4Box) ... OK! 
Checking overlaps for volume TopSiPMPV:45 (G4Box) ... OK! 
Checking overlaps for volume TopSiPMPV:46 (G4Box) ... OK! 
Checking overlaps for volume TopSiPMPV:47 (G4Box) ... OK! 
Checking overlaps for volume TopSiPMPV:48 (G4Box) ... OK! 
Checking overlaps for volume TopSiPMPV:49 (G4Box) ... OK! 
Checking overlaps for volume TopSiPMPV:50 (G4Box) ... OK! 
Checking overlaps for volume TopSiPMPV:51 (G4Box) ... OK! 
Checking overlaps for volume TopSiPMPV:52 (G4Box) ... OK! 
Checking overlaps for volume TopSiPMPV:53 (G4Box) ... OK! 
Checking overlaps for volume TopSiPMPV:54 (G4Box) ... OK! 
Checking overlaps for volume TopSiPMPV:55 (G4Box) ... OK! 
Checking overlaps for volume TopSiPMPV:56 (G4Box) ... OK! 
Checking overlaps for volume TopSiPMPV:57 (G4Box) ... OK! 
Checking overlaps for volume TopSiPMPV:58 (G4Box) ... OK! 
Checking overlaps for volume TopSiPMPV:59 (G4Box) ... OK! 
Checking overlaps for volume TopSiPMPV:60 (G4Box) ... OK! 
Checking overlaps for volume TopSiPMPV:61 (G4Box) ... OK! 
Checking overlaps for volume TopSiPMPV:62 (G4Box) ... OK! 
Checking overlaps for volume TopSiPMPV:63 (G4Box) ... OK! 
Checking overlaps for volume TopSiPMPV:64 (G4Box) ... OK! 
Checking overlaps for volume TopSiPMPV:65 (G4Box) ... OK! 
Checking overlaps for volume TopSiPMPV:66 (G4Box) ... OK! 
Checking overlaps for volume TopSiPMPV:67 (G4Box) ... OK! 
Checking overlaps for volume TopSiPMPV:68 (G4Box) ... OK! 
Checking overlaps for volume TopSiPMPV:69 (G4Box) ... OK! 
Checking overlaps for volume TopSiPMPV:70 (G4Box) ... OK! 
Checking overlaps for volume TopSiPMPV:71 (G4Box) ... OK! 
Checking overlaps for volume TopSiPMPV:72 (G4Box) ... OK! 
Checking overlaps for volume TopSiPMPV:73 (G4Box) ... OK! 
Checking overlaps for volume TopSiPMPV:74 (G4Box) ... OK! 
Checking overlaps for volume TopSiPMPV:75 (G4Box) ... OK! 
Checking overlaps for volume TopSiPMPV:76 (G4Box) ... OK! 
Checking overlaps for volume TopSiPMPV:77 (G4Box) ... OK! 
Checking overlaps for volume TopSiPMPV:78 (G4Box) ... OK! 
Checking overlaps for volume TopSiPMPV:79 (G4Box) ... OK! 
Checking overlaps for volume TopSiPMPV:80 (G4Box) ... OK! 
Checking overlaps for volume TopSiPMPV:81 (G4Box) ... OK! 
Checking overlaps for volume TopSiPMPV:82 (G4Box) ... OK! 
Checking overlaps for volume TopSiPMPV:83 (G4Box) ... OK! 
Checking overlaps for volume TopSiPMPV:84 (G4Box) ... OK! 
Checking overlaps for volume TopSiPMPV:85 (G4Box) ... OK! 
### Birks coefficients used in run time
G4WT17 > Accumulable registered as "NEndLeft"
G4WT17 > Accumulable registered as "NEndRight"
G4WT17 > Accumulable registered as "NTop"
G4WT17 > Accumulable registered as "NEventsWithHits"
G4WT17 > Accumulable registered as "NScintPhotons"
G4WT14 > Accumulable registered as "NEndLeft"
G4WT14 > Accumulable registered as "NEndRight"
G4WT14 > Accumulable registered as "NTop"
G4WT14 > Accumulable registered as "NEventsWithHits"
G4WT14 > Accumulable registered as "NScintPhotons"
G4WT6 > Accumulable registered as "NEndLeft"
G4WT6 > Accumulable registered as "NEndRight"
G4WT6 > Accumulable registered as "NTop"
G4WT6 > Accumulable registered as "NEventsWithHits"
G4WT6 > Accumulable registered as "NScintPhotons"
G4WT10 > Accumulable registered as "NEndLeft"
G4WT10 > Accumulable registered as "NEndRight"
G4WT10 > Accumulable registered as "NTop"
G4WT10 > Accumulable registered as "NEventsWithHits"
G4WT10 > Accumulable registered as "NScintPhotons"
G4WT8 > Accumulable registered as "NEndLeft"
G4WT8 > Accumulable registered as "NEndRight"
G4WT8 > Accumulable registered as "NTop"
G4WT8 > Accumulable registered as "NEventsWithHits"
G4WT8 > Accumulable registered as "NScintPhotons"
G4WT9 > Accumulable registered as "NEndLeft"
G4WT9 > Accumulable registered as "NEndRight"
G4WT9 > Accumulable registered as "NTop"
G4WT9 > Accumulable registered as "NEventsWithHits"
G4WT9 > Accumulable registered as "NScintPhotons"
G4WT21 > Accumulable registered as "NEndLeft"
G4WT21 > Accumulable registered as "NEndRight"
G4WT21 > Accumulable registered as "NTop"
G4WT21 > Accumulable registered as "NEventsWithHits"
G4WT21 > Accumulable registered as "NScintPhotons"
G4WT23 > Accumulable registered as "NEndLeft"
G4WT23 > Accumulable registered as "NEndRight"
G4WT23 > Accumulable registered as "NTop"
G4WT23 > Accumulable registered as "NEventsWithHits"
G4WT23 > Accumulable registered as "NScintPhotons"
G4WT20 > Accumulable registered as "NEndLeft"
G4WT20 > Accumulable registered as "NEndRight"
G4WT20 > Accumulable registered as "NTop"
G4WT20 > Accumulable registered as "NEventsWithHits"
G4WT20 > Accumulable registered as "NScintPhotons"
G4WT0 > Accumulable registered as "NEndLeft"
G4WT0 > Accumulable registered as "NEndRight"
G4WT0 > Accumulable registered as "NTop"
G4WT0 > Accumulable registered as "NEventsWithHits"
G4WT0 > Accumulable registered as "NScintPhotons"
G4WT4 > Accumulable registered as "NEndLeft"
G4WT4 > Accumulable registered as "NEndRight"
G4WT4 > Accumulable registered as "NTop"
G4WT4 > Accumulable registered as "NEventsWithHits"
G4WT4 > Accumulable registered as "NScintPhotons"
G4WT15 > Accumulable registered as "NEndLeft"
G4WT15 > Accumulable registered as "NEndRight"
G4WT15 > Accumulable registered as "NTop"
G4WT15 > Accumulable registered as "NEventsWithHits"
G4WT15 > Accumulable registered as "NScintPhotons"
G4WT19 > Accumulable registered as "NEndLeft"
G4WT19 > Accumulable registered as "NEndRight"
G4WT19 > Accumulable registered as "NTop"
G4WT19 > Accumulable registered as "NEventsWithHits"
G4WT19 > Accumulable registered as "NScintPhotons"
G4WT1 > Accumulable registered as "NEndLeft"
G4WT1 > Accumulable registered as "NEndRight"
G4WT1 > Accumulable registered as "NTop"
G4WT1 > Accumulable registered as "NEventsWithHits"
G4WT1 > Accumulable registered as "NScintPhotons"
G4WT5 > Accumulable registered as "NEndLeft"
G4WT5 > Accumulable registered as "NEndRight"
G4WT5 > Accumulable registered as "NTop"
G4WT5 > Accumulable registered as "NEventsWithHits"
G4WT5 > Accumulable registered as "NScintPhotons"
G4WT12 > Accumulable registered as "NEndLeft"
G4WT12 > Accumulable registered as "NEndRight"
G4WT12 > Accumulable registered as "NTop"
G4WT12 > Accumulable registered as "NEventsWithHits"
G4WT12 > Accumulable registered as "NScintPhotons"
G4WT16 > Accumulable registered as "NEndLeft"
G4WT16 > Accumulable registered as "NEndRight"
G4WT16 > Accumulable registered as "NTop"
G4WT16 > Accumulable registered as "NEventsWithHits"
G4WT16 > Accumulable registered as "NScintPhotons"
G4WT2 > Accumulable registered as "NEndLeft"
G4WT2 > Accumulable registered as "NEndRight"
G4WT2 > Accumulable registered as "NTop"
G4WT2 > Accumulable registered as "NEventsWithHits"
G4WT2 > Accumulable registered as "NScintPhotons"
G4WT18 > Accumulable registered as "NEndLeft"
G4WT18 > Accumulable registered as "NEndRight"
G4WT18 > Accumulable registered as "NTop"
G4WT18 > Accumulable registered as "NEventsWithHits"
G4WT18 > Accumulable registered as "NScintPhotons"
G4WT7 > Accumulable registered as "NEndLeft"
G4WT7 > Accumulable registered as "NEndRight"
G4WT7 > Accumulable registered as "NTop"
G4WT7 > Accumulable registered as "NEventsWithHits"
G4WT7 > Accumulable registered as "NScintPhotons"
G4WT11 > Accumulable registered as "NEndLeft"
G4WT11 > Accumulable registered as "NEndRight"
G4WT11 > Accumulable registered as "NTop"
G4WT11 > Accumulable registered as "NEventsWithHits"
G4WT11 > Accumulable registered as "NScintPhotons"
G4WT13 > Accumulable registered as "NEndLeft"
G4WT13 > Accumulable registered as "NEndRight"
G4WT13 > Accumulable registered as "NTop"
G4WT13 > Accumulable registered as "NEventsWithHits"
G4WT13 > Accumulable registered as "NScintPhotons"
G4WT22 > Accumulable registered as "NEndLeft"
G4WT22 > Accumulable registered as "NEndRight"
G4WT22 > Accumulable registered as "NTop"
G4WT22 > Accumulable registered as "NEventsWithHits"
G4WT22 > Accumulable registered as "NScintPhotons"
G4WT3 > Accumulable registered as "NEndLeft"
G4WT3 > Accumulable registered as "NEndRight"
G4WT3 > Accumulable registered as "NTop"
G4WT3 > Accumulable registered as "NEventsWithHits"
G4WT3 > Accumulable registered as "NScintPhotons"

=== Active Scintillator Baseline ===
  SSLG4 code            : OPSC-101
  Yield                 : 10400 ph/MeV
  Rise time tau_r       : 0.7 ns
  Decay time tau_d      : 1.8 ns
  Attenuation length    : 160 cm
  Emission peak lambda  : 408.8 nm
  Finite rise time      : enabled
=====================================

=== Active Readout / Wrapping Configuration ===
  Readout configuration : Top
  SiPM model            : AFBR-S4N66P024M
  SiPM PDE file         : /home/rrios/ej200/data/sipm/AFBR-S4N66P024M_pde.txt
  -X face               : wrapped
  +X face               : wrapped
  -Y face               : wrapped
  +Y face               : instrumented
  -Z face               : wrapped
  +Z face               : wrapped
  Reflector R           : 0.98
  Active End SiPMs      : 0 (L=0, R=0)
  Active Top SiPMs      : 70
==============================================
G4WT23 > 
=== EJ Scintillator Bar Run Summary ===
  Run ID                : 0
  Events run            : 108
  Events with ≥1 hit    : 108
  End-left  photons     : 0
  End-right photons     : 0
  Top SiPM  photons     : 534310
  Scint photons generated: 2207118
  Total photons detected : 534310
  Detection efficiency   : 24.2085 %
  ROOT output           : photon_hits_run000.root
==============================

G4WT19 > 
=== EJ Scintillator Bar Run Summary ===
  Run ID                : 0
  Events run            : 108
  Events with ≥1 hit    : 108
  End-left  photons     : 0
  End-right photons     : 0
  Top SiPM  photons     : 526788
  Scint photons generated: 2170099
  Total photons detected : 526788
  Detection efficiency   : 24.2748 %
  ROOT output           : photon_hits_run000.root
==============================

G4WT18 > 
=== EJ Scintillator Bar Run Summary ===
  Run ID                : 0
  Events run            : 108
  Events with ≥1 hit    : 108
  End-left  photons     : 0
  End-right photons     : 0
  Top SiPM  photons     : 532165
  Scint photons generated: 2192684
  Total photons detected : 532165
  Detection efficiency   : 24.2700 %
  ROOT output           : photon_hits_run000.root
==============================

G4WT1 > 
=== EJ Scintillator Bar Run Summary ===
  Run ID                : 0
  Events run            : 108
  Events with ≥1 hit    : 108
  End-left  photons     : 0
  End-right photons     : 0
  Top SiPM  photons     : 523756
  Scint photons generated: 2158424
  Total photons detected : 523756
  Detection efficiency   : 24.2657 %
  ROOT output           : photon_hits_run000.root
==============================

G4WT22 > 
=== EJ Scintillator Bar Run Summary ===
  Run ID                : 0
  Events run            : 108
  Events with ≥1 hit    : 108
  End-left  photons     : 0
  End-right photons     : 0
  Top SiPM  photons     : 525428
  Scint photons generated: 2165032
  Total photons detected : 525428
  Detection efficiency   : 24.2688 %
  ROOT output           : photon_hits_run000.root
==============================

G4WT20 > 
=== EJ Scintillator Bar Run Summary ===
  Run ID                : 0
  Events run            : 108
  Events with ≥1 hit    : 108
  End-left  photons     : 0
  End-right photons     : 0
  Top SiPM  photons     : 531574
  Scint photons generated: 2190128
  Total photons detected : 531574
  Detection efficiency   : 24.2714 %
  ROOT output           : photon_hits_run000.root
==============================

G4WT14 > 
=== EJ Scintillator Bar Run Summary ===
  Run ID                : 0
  Events run            : 108
  Events with ≥1 hit    : 108
  End-left  photons     : 0
  End-right photons     : 0
  Top SiPM  photons     : 530563
  Scint photons generated: 2189634
  Total photons detected : 530563
  Detection efficiency   : 24.2307 %
  ROOT output           : photon_hits_run000.root
==============================

G4WT2 > 
=== EJ Scintillator Bar Run Summary ===
  Run ID                : 0
  Events run            : 108
  Events with ≥1 hit    : 108
  End-left  photons     : 0
  End-right photons     : 0
  Top SiPM  photons     : 536975
  Scint photons generated: 2213799
  Total photons detected : 536975
  Detection efficiency   : 24.2558 %
  ROOT output           : photon_hits_run000.root
==============================

G4WT16 > 
=== EJ Scintillator Bar Run Summary ===
  Run ID                : 0
  Events run            : 162
  Events with ≥1 hit    : 162
  End-left  photons     : 0
  End-right photons     : 0
  Top SiPM  photons     : 777825
  Scint photons generated: 3211713
  Total photons detected : 777825
  Detection efficiency   : 24.2184 %
  ROOT output           : photon_hits_run000.root
==============================

G4WT5 > 
=== EJ Scintillator Bar Run Summary ===
  Run ID                : 0
  Events run            : 108
  Events with ≥1 hit    : 108
  End-left  photons     : 0
  End-right photons     : 0
  Top SiPM  photons     : 527301
  Scint photons generated: 2173583
  Total photons detected : 527301
  Detection efficiency   : 24.2595 %
  ROOT output           : photon_hits_run000.root
==============================

G4WT8 > 
=== EJ Scintillator Bar Run Summary ===
  Run ID                : 0
  Events run            : 108
  Events with ≥1 hit    : 108
  End-left  photons     : 0
  End-right photons     : 0
  Top SiPM  photons     : 540711
  Scint photons generated: 2232171
  Total photons detected : 540711
  Detection efficiency   : 24.2235 %
  ROOT output           : photon_hits_run000.root
==============================

G4WT6 > 
=== EJ Scintillator Bar Run Summary ===
  Run ID                : 0
  Events run            : 108
  Events with ≥1 hit    : 108
  End-left  photons     : 0
  End-right photons     : 0
  Top SiPM  photons     : 542545
  Scint photons generated: 2236882
  Total photons detected : 542545
  Detection efficiency   : 24.2545 %
  ROOT output           : photon_hits_run000.root
==============================

G4WT15 > 
=== EJ Scintillator Bar Run Summary ===
  Run ID                : 0
  Events run            : 138
  Events with ≥1 hit    : 138
  End-left  photons     : 0
  End-right photons     : 0
  Top SiPM  photons     : 673159
  Scint photons generated: 2774500
  Total photons detected : 673159
  Detection efficiency   : 24.2624 %
  ROOT output           : photon_hits_run000.root
==============================

G4WT21 > 
=== EJ Scintillator Bar Run Summary ===
  Run ID                : 0
  Events run            : 108
  Events with ≥1 hit    : 108
  End-left  photons     : 0
  End-right photons     : 0
  Top SiPM  photons     : 556652
  Scint photons generated: 2294818
  Total photons detected : 556652
  Detection efficiency   : 24.2569 %
  ROOT output           : photon_hits_run000.root
==============================

G4WT3 > 
=== EJ Scintillator Bar Run Summary ===
  Run ID                : 0
  Events run            : 108
  Events with ≥1 hit    : 108
  End-left  photons     : 0
  End-right photons     : 0
  Top SiPM  photons     : 539946
  Scint photons generated: 2228078
  Total photons detected : 539946
  Detection efficiency   : 24.2337 %
  ROOT output           : photon_hits_run000.root
==============================

G4WT4 > 
=== EJ Scintillator Bar Run Summary ===
  Run ID                : 0
  Events run            : 162
  Events with ≥1 hit    : 162
  End-left  photons     : 0
  End-right photons     : 0
  Top SiPM  photons     : 784708
  Scint photons generated: 3237812
  Total photons detected : 784708
  Detection efficiency   : 24.2357 %
  ROOT output           : photon_hits_run000.root
==============================

G4WT0 > 
=== EJ Scintillator Bar Run Summary ===
  Run ID                : 0
  Events run            : 162
  Events with ≥1 hit    : 162
  End-left  photons     : 0
  End-right photons     : 0
  Top SiPM  photons     : 771752
  Scint photons generated: 3180572
  Total photons detected : 771752
  Detection efficiency   : 24.2646 %
  ROOT output           : photon_hits_run000.root
==============================

G4WT11 > 
=== EJ Scintillator Bar Run Summary ===
  Run ID                : 0
  Events run            : 108
  Events with ≥1 hit    : 108
  End-left  photons     : 0
  End-right photons     : 0
  Top SiPM  photons     : 527584
  Scint photons generated: 2176018
  Total photons detected : 527584
  Detection efficiency   : 24.2454 %
  ROOT output           : photon_hits_run000.root
==============================

G4WT12 > 
=== EJ Scintillator Bar Run Summary ===
  Run ID                : 0
  Events run            : 162
  Events with ≥1 hit    : 162
  End-left  photons     : 0
  End-right photons     : 0
  Top SiPM  photons     : 777775
  Scint photons generated: 3206507
  Total photons detected : 777775
  Detection efficiency   : 24.2561 %
  ROOT output           : photon_hits_run000.root
==============================

G4WT13 > 
=== EJ Scintillator Bar Run Summary ===
  Run ID                : 0
  Events run            : 162
  Events with ≥1 hit    : 162
  End-left  photons     : 0
  End-right photons     : 0
  Top SiPM  photons     : 788425
  Scint photons generated: 3246416
  Total photons detected : 788425
  Detection efficiency   : 24.2860 %
  ROOT output           : photon_hits_run000.root
==============================

G4WT9 > 
=== EJ Scintillator Bar Run Summary ===
  Run ID                : 0
  Events run            : 162
  Events with ≥1 hit    : 162
  End-left  photons     : 0
  End-right photons     : 0
  Top SiPM  photons     : 763283
  Scint photons generated: 3151589
  Total photons detected : 763283
  Detection efficiency   : 24.2190 %
  ROOT output           : photon_hits_run000.root
==============================

G4WT17 > 
=== EJ Scintillator Bar Run Summary ===
  Run ID                : 0
  Events run            : 108
  Events with ≥1 hit    : 108
  End-left  photons     : 0
  End-right photons     : 0
  Top SiPM  photons     : 532462
  Scint photons generated: 2193733
  Total photons detected : 532462
  Detection efficiency   : 24.2720 %
  ROOT output           : photon_hits_run000.root
==============================

G4WT10 > 
=== EJ Scintillator Bar Run Summary ===
  Run ID                : 0
  Events run            : 108
  Events with ≥1 hit    : 108
  End-left  photons     : 0
  End-right photons     : 0
  Top SiPM  photons     : 531519
  Scint photons generated: 2196124
  Total photons detected : 531519
  Detection efficiency   : 24.2026 %
  ROOT output           : photon_hits_run000.root
==============================

G4WT7 > 
=== EJ Scintillator Bar Run Summary ===
  Run ID                : 0
  Events run            : 162
  Events with ≥1 hit    : 162
  End-left  photons     : 0
  End-right photons     : 0
  Top SiPM  photons     : 770896
  Scint photons generated: 3181773
  Total photons detected : 770896
  Detection efficiency   : 24.2285 %
  ROOT output           : photon_hits_run000.root
==============================


=== EJ Scintillator Bar Run Summary ===
  Run ID                : 0
  Events run            : 3000
  Events with ≥1 hit    : 3000
  End-left  photons     : 0
  End-right photons     : 0
  Top SiPM  photons     : 14648102
  Scint photons generated: 60409207
  Total photons detected : 14648102
  Detection efficiency   : 24.2481 %
  ROOT output           : photon_hits_run000.root
==============================


=== Boundary Census (diagnostic) ===
  Bar -> reflector panel   : 1145518756
  Bar -> World (escaped)   : 0
  Bar -> Bar (TIR/refl)    : 0
  Bar -> SiPM (entering)   : 23436542
  Killed in WorldLV        : 142569
====================================

[2026-06-11T21:40:06] DONE pairscan_x-428.0mm (entries=14648102.0)
[2026-06-11T21:40:06] START pairscan_x-429.0mm (x=-429.0 mm)

**************************************************************
 Geant4 version Name: geant4-11-04 [MT]   (5-December-2025)
  << in Multi-threaded mode >> 
                       Copyright : Geant4 Collaboration
                      References : NIM A 506 (2003), 250-303
                                 : IEEE-TNS 53 (2006), 270-278
                                 : NIM A 835 (2016), 186-225
                             WWW : http://geant4.org/
**************************************************************

Accumulable registered as "NEndLeft"
Accumulable registered as "NEndRight"
Accumulable registered as "NTop"
Accumulable registered as "NEventsWithHits"
Accumulable registered as "NScintPhotons"

-------- WWWW ------- G4Exception-START -------- WWWW -------
*** G4Exception : mat031
      issued by : G4Material::FillVectors()
For material opsc-101 sum of fractional masses 0.996667 is not 1 - results may be wrong

*** This is just a warning message. ***
-------- WWWW -------- G4Exception-END --------- WWWW -------

Checking overlaps for volume BarPV:0 (G4Box) ... OK! 
Checking overlaps for volume ReflectorYMinusPV:0 (G4Box) ... OK! 
Checking overlaps for volume ReflectorZMinusPV:3 (G4Box) ... OK! 
Checking overlaps for volume ReflectorZPlusPV:4 (G4Box) ... OK! 
Checking overlaps for volume ReflectorYPlusPV:5 (G4SubtractionSolid) ... OK! 
Checking overlaps for volume ReflectorXMinusPV:1 (G4Box) ... OK! 
Checking overlaps for volume ReflectorXPlusPV:2 (G4Box) ... OK! 
Checking overlaps for volume TopSiPMPV:16 (G4Box) ... OK! 
Checking overlaps for volume TopSiPMPV:17 (G4Box) ... OK! 
Checking overlaps for volume TopSiPMPV:18 (G4Box) ... OK! 
Checking overlaps for volume TopSiPMPV:19 (G4Box) ... OK! 
Checking overlaps for volume TopSiPMPV:20 (G4Box) ... OK! 
Checking overlaps for volume TopSiPMPV:21 (G4Box) ... OK! 
Checking overlaps for volume TopSiPMPV:22 (G4Box) ... OK! 
Checking overlaps for volume TopSiPMPV:23 (G4Box) ... OK! 
Checking overlaps for volume TopSiPMPV:24 (G4Box) ... OK! 
Checking overlaps for volume TopSiPMPV:25 (G4Box) ... OK! 
Checking overlaps for volume TopSiPMPV:26 (G4Box) ... OK! 
Checking overlaps for volume TopSiPMPV:27 (G4Box) ... OK! 
Checking overlaps for volume TopSiPMPV:28 (G4Box) ... OK! 
Checking overlaps for volume TopSiPMPV:29 (G4Box) ... OK! 
Checking overlaps for volume TopSiPMPV:30 (G4Box) ... OK! 
Checking overlaps for volume TopSiPMPV:31 (G4Box) ... OK! 
Checking overlaps for volume TopSiPMPV:32 (G4Box) ... OK! 
Checking overlaps for volume TopSiPMPV:33 (G4Box) ... OK! 
Checking overlaps for volume TopSiPMPV:34 (G4Box) ... OK! 
Checking overlaps for volume TopSiPMPV:35 (G4Box) ... OK! 
Checking overlaps for volume TopSiPMPV:36 (G4Box) ... OK! 
Checking overlaps for volume TopSiPMPV:37 (G4Box) ... OK! 
Checking overlaps for volume TopSiPMPV:38 (G4Box) ... OK! 
Checking overlaps for volume TopSiPMPV:39 (G4Box) ... OK! 
Checking overlaps for volume TopSiPMPV:40 (G4Box) ... OK! 
Checking overlaps for volume TopSiPMPV:41 (G4Box) ... OK! 
Checking overlaps for volume TopSiPMPV:42 (G4Box) ... OK! 
Checking overlaps for volume TopSiPMPV:43 (G4Box) ... OK! 
Checking overlaps for volume TopSiPMPV:44 (G4Box) ... OK! 
Checking overlaps for volume TopSiPMPV:45 (G4Box) ... OK! 
Checking overlaps for volume TopSiPMPV:46 (G4Box) ... OK! 
Checking overlaps for volume TopSiPMPV:47 (G4Box) ... OK! 
Checking overlaps for volume TopSiPMPV:48 (G4Box) ... OK! 
Checking overlaps for volume TopSiPMPV:49 (G4Box) ... OK! 
Checking overlaps for volume TopSiPMPV:50 (G4Box) ... OK! 
Checking overlaps for volume TopSiPMPV:51 (G4Box) ... OK! 
Checking overlaps for volume TopSiPMPV:52 (G4Box) ... OK! 
Checking overlaps for volume TopSiPMPV:53 (G4Box) ... OK! 
Checking overlaps for volume TopSiPMPV:54 (G4Box) ... OK! 
Checking overlaps for volume TopSiPMPV:55 (G4Box) ... OK! 
Checking overlaps for volume TopSiPMPV:56 (G4Box) ... OK! 
Checking overlaps for volume TopSiPMPV:57 (G4Box) ... OK! 
Checking overlaps for volume TopSiPMPV:58 (G4Box) ... OK! 
Checking overlaps for volume TopSiPMPV:59 (G4Box) ... OK! 
Checking overlaps for volume TopSiPMPV:60 (G4Box) ... OK! 
Checking overlaps for volume TopSiPMPV:61 (G4Box) ... OK! 
Checking overlaps for volume TopSiPMPV:62 (G4Box) ... OK! 
Checking overlaps for volume TopSiPMPV:63 (G4Box) ... OK! 
Checking overlaps for volume TopSiPMPV:64 (G4Box) ... OK! 
Checking overlaps for volume TopSiPMPV:65 (G4Box) ... OK! 
Checking overlaps for volume TopSiPMPV:66 (G4Box) ... OK! 
Checking overlaps for volume TopSiPMPV:67 (G4Box) ... OK! 
Checking overlaps for volume TopSiPMPV:68 (G4Box) ... OK! 
Checking overlaps for volume TopSiPMPV:69 (G4Box) ... OK! 
Checking overlaps for volume TopSiPMPV:70 (G4Box) ... OK! 
Checking overlaps for volume TopSiPMPV:71 (G4Box) ... OK! 
Checking overlaps for volume TopSiPMPV:72 (G4Box) ... OK! 
Checking overlaps for volume TopSiPMPV:73 (G4Box) ... OK! 
Checking overlaps for volume TopSiPMPV:74 (G4Box) ... OK! 
Checking overlaps for volume TopSiPMPV:75 (G4Box) ... OK! 
Checking overlaps for volume TopSiPMPV:76 (G4Box) ... OK! 
Checking overlaps for volume TopSiPMPV:77 (G4Box) ... OK! 
Checking overlaps for volume TopSiPMPV:78 (G4Box) ... OK! 
Checking overlaps for volume TopSiPMPV:79 (G4Box) ... OK! 
Checking overlaps for volume TopSiPMPV:80 (G4Box) ... OK! 
Checking overlaps for volume TopSiPMPV:81 (G4Box) ... OK! 
Checking overlaps for volume TopSiPMPV:82 (G4Box) ... OK! 
Checking overlaps for volume TopSiPMPV:83 (G4Box) ... OK! 
Checking overlaps for volume TopSiPMPV:84 (G4Box) ... OK! 
Checking overlaps for volume TopSiPMPV:85 (G4Box) ... OK! 
### Birks coefficients used in run time
G4WT15 > Accumulable registered as "NEndLeft"
G4WT8 > Accumulable registered as "NEndLeft"
G4WT8 > Accumulable registered as "NEndRight"
G4WT15 > Accumulable registered as "NEndRight"
G4WT15 > Accumulable registered as "NTop"
G4WT8 > Accumulable registered as "NTop"
G4WT8 > Accumulable registered as "NEventsWithHits"
G4WT8 > Accumulable registered as "NScintPhotons"
G4WT15 > Accumulable registered as "NEventsWithHits"
G4WT15 > Accumulable registered as "NScintPhotons"
G4WT6 > Accumulable registered as "NEndLeft"
G4WT6 > Accumulable registered as "NEndRight"
G4WT6 > Accumulable registered as "NTop"
G4WT6 > Accumulable registered as "NEventsWithHits"
G4WT6 > Accumulable registered as "NScintPhotons"
G4WT11 > Accumulable registered as "NEndLeft"
G4WT11 > Accumulable registered as "NEndRight"
G4WT11 > Accumulable registered as "NTop"
G4WT11 > Accumulable registered as "NEventsWithHits"
G4WT11 > Accumulable registered as "NScintPhotons"
G4WT12 > Accumulable registered as "NEndLeft"
G4WT12 > Accumulable registered as "NEndRight"
G4WT12 > Accumulable registered as "NTop"
G4WT12 > Accumulable registered as "NEventsWithHits"
G4WT12 > Accumulable registered as "NScintPhotons"
G4WT16 > Accumulable registered as "NEndLeft"
G4WT16 > Accumulable registered as "NEndRight"
G4WT16 > Accumulable registered as "NTop"
G4WT16 > Accumulable registered as "NEventsWithHits"
G4WT16 > Accumulable registered as "NScintPhotons"
G4WT19 > Accumulable registered as "NEndLeft"
G4WT19 > Accumulable registered as "NEndRight"
G4WT19 > Accumulable registered as "NTop"
G4WT19 > Accumulable registered as "NEventsWithHits"
G4WT19 > Accumulable registered as "NScintPhotons"
G4WT0 > Accumulable registered as "NEndLeft"
G4WT0 > Accumulable registered as "NEndRight"
G4WT0 > Accumulable registered as "NTop"
G4WT0 > Accumulable registered as "NEventsWithHits"
G4WT0 > Accumulable registered as "NScintPhotons"
G4WT7 > Accumulable registered as "NEndLeft"
G4WT7 > Accumulable registered as "NEndRight"
G4WT7 > Accumulable registered as "NTop"
G4WT7 > Accumulable registered as "NEventsWithHits"
G4WT7 > Accumulable registered as "NScintPhotons"
G4WT22 > Accumulable registered as "NEndLeft"
G4WT22 > Accumulable registered as "NEndRight"
G4WT22 > Accumulable registered as "NTop"
G4WT22 > Accumulable registered as "NEventsWithHits"
G4WT22 > Accumulable registered as "NScintPhotons"
G4WT2 > Accumulable registered as "NEndLeft"
G4WT2 > Accumulable registered as "NEndRight"
G4WT2 > Accumulable registered as "NTop"
G4WT2 > Accumulable registered as "NEventsWithHits"
G4WT2 > Accumulable registered as "NScintPhotons"
G4WT18 > Accumulable registered as "NEndLeft"
G4WT18 > Accumulable registered as "NEndRight"
G4WT18 > Accumulable registered as "NTop"
G4WT18 > Accumulable registered as "NEventsWithHits"
G4WT18 > Accumulable registered as "NScintPhotons"
G4WT23 > Accumulable registered as "NEndLeft"
G4WT23 > Accumulable registered as "NEndRight"
G4WT23 > Accumulable registered as "NTop"
G4WT23 > Accumulable registered as "NEventsWithHits"
G4WT23 > Accumulable registered as "NScintPhotons"
G4WT17 > Accumulable registered as "NEndLeft"
G4WT17 > Accumulable registered as "NEndRight"
G4WT17 > Accumulable registered as "NTop"
G4WT17 > Accumulable registered as "NEventsWithHits"
G4WT17 > Accumulable registered as "NScintPhotons"
G4WT10 > Accumulable registered as "NEndLeft"
G4WT10 > Accumulable registered as "NEndRight"
G4WT10 > Accumulable registered as "NTop"
G4WT10 > Accumulable registered as "NEventsWithHits"
G4WT10 > Accumulable registered as "NScintPhotons"
G4WT14 > Accumulable registered as "NEndLeft"
G4WT14 > Accumulable registered as "NEndRight"
G4WT14 > Accumulable registered as "NTop"
G4WT14 > Accumulable registered as "NEventsWithHits"
G4WT14 > Accumulable registered as "NScintPhotons"
G4WT9 > Accumulable registered as "NEndLeft"
G4WT9 > Accumulable registered as "NEndRight"
G4WT9 > Accumulable registered as "NTop"
G4WT9 > Accumulable registered as "NEventsWithHits"
G4WT9 > Accumulable registered as "NScintPhotons"
G4WT1 > Accumulable registered as "NEndLeft"
G4WT1 > Accumulable registered as "NEndRight"
G4WT1 > Accumulable registered as "NTop"
G4WT1 > Accumulable registered as "NEventsWithHits"
G4WT1 > Accumulable registered as "NScintPhotons"
G4WT20 > Accumulable registered as "NEndLeft"
G4WT20 > Accumulable registered as "NEndRight"
G4WT20 > Accumulable registered as "NTop"
G4WT20 > Accumulable registered as "NEventsWithHits"
G4WT20 > Accumulable registered as "NScintPhotons"
G4WT21 > Accumulable registered as "NEndLeft"
G4WT21 > Accumulable registered as "NEndRight"
G4WT21 > Accumulable registered as "NTop"
G4WT21 > Accumulable registered as "NEventsWithHits"
G4WT21 > Accumulable registered as "NScintPhotons"
G4WT13 > Accumulable registered as "NEndLeft"
G4WT13 > Accumulable registered as "NEndRight"
G4WT13 > Accumulable registered as "NTop"
G4WT13 > Accumulable registered as "NEventsWithHits"
G4WT13 > Accumulable registered as "NScintPhotons"
G4WT4 > Accumulable registered as "NEndLeft"
G4WT4 > Accumulable registered as "NEndRight"
G4WT4 > Accumulable registered as "NTop"
G4WT4 > Accumulable registered as "NEventsWithHits"
G4WT4 > Accumulable registered as "NScintPhotons"
G4WT5 > Accumulable registered as "NEndLeft"
G4WT5 > Accumulable registered as "NEndRight"
G4WT5 > Accumulable registered as "NTop"
G4WT5 > Accumulable registered as "NEventsWithHits"
G4WT5 > Accumulable registered as "NScintPhotons"
G4WT3 > Accumulable registered as "NEndLeft"
G4WT3 > Accumulable registered as "NEndRight"
G4WT3 > Accumulable registered as "NTop"
G4WT3 > Accumulable registered as "NEventsWithHits"
G4WT3 > Accumulable registered as "NScintPhotons"

=== Active Scintillator Baseline ===
  SSLG4 code            : OPSC-101
  Yield                 : 10400 ph/MeV
  Rise time tau_r       : 0.7 ns
  Decay time tau_d      : 1.8 ns
  Attenuation length    : 160 cm
  Emission peak lambda  : 408.8 nm
  Finite rise time      : enabled
=====================================

=== Active Readout / Wrapping Configuration ===
  Readout configuration : Top
  SiPM model            : AFBR-S4N66P024M
  SiPM PDE file         : /home/rrios/ej200/data/sipm/AFBR-S4N66P024M_pde.txt
  -X face               : wrapped
  +X face               : wrapped
  -Y face               : wrapped
  +Y face               : instrumented
  -Z face               : wrapped
  +Z face               : wrapped
  Reflector R           : 0.98
  Active End SiPMs      : 0 (L=0, R=0)
  Active Top SiPMs      : 70
==============================================
G4WT3 > 
=== EJ Scintillator Bar Run Summary ===
  Run ID                : 0
  Events run            : 108
  Events with ≥1 hit    : 108
  End-left  photons     : 0
  End-right photons     : 0
  Top SiPM  photons     : 529060
  Scint photons generated: 2189967
  Total photons detected : 529060
  Detection efficiency   : 24.1584 %
  ROOT output           : photon_hits_run000.root
==============================

G4WT2 > 
=== EJ Scintillator Bar Run Summary ===
  Run ID                : 0
  Events run            : 162
  Events with ≥1 hit    : 162
  End-left  photons     : 0
  End-right photons     : 0
  Top SiPM  photons     : 771951
  Scint photons generated: 3193533
  Total photons detected : 771951
  Detection efficiency   : 24.1723 %
  ROOT output           : photon_hits_run000.root
==============================

G4WT16 > 
=== EJ Scintillator Bar Run Summary ===
  Run ID                : 0
  Events run            : 108
  Events with ≥1 hit    : 108
  End-left  photons     : 0
  End-right photons     : 0
  Top SiPM  photons     : 522996
  Scint photons generated: 2163258
  Total photons detected : 522996
  Detection efficiency   : 24.1763 %
  ROOT output           : photon_hits_run000.root
==============================

G4WT0 > 
=== EJ Scintillator Bar Run Summary ===
  Run ID                : 0
  Events run            : 108
  Events with ≥1 hit    : 108
  End-left  photons     : 0
  End-right photons     : 0
  Top SiPM  photons     : 529379
  Scint photons generated: 2188888
  Total photons detected : 529379
  Detection efficiency   : 24.1848 %
  ROOT output           : photon_hits_run000.root
==============================

G4WT22 > 
=== EJ Scintillator Bar Run Summary ===
  Run ID                : 0
  Events run            : 138
  Events with ≥1 hit    : 138
  End-left  photons     : 0
  End-right photons     : 0
  Top SiPM  photons     : 648578
  Scint photons generated: 2685811
  Total photons detected : 648578
  Detection efficiency   : 24.1483 %
  ROOT output           : photon_hits_run000.root
==============================

G4WT8 > 
=== EJ Scintillator Bar Run Summary ===
  Run ID                : 0
  Events run            : 108
  Events with ≥1 hit    : 108
  End-left  photons     : 0
  End-right photons     : 0
  Top SiPM  photons     : 530039
  Scint photons generated: 2191386
  Total photons detected : 530039
  Detection efficiency   : 24.1874 %
  ROOT output           : photon_hits_run000.root
==============================

G4WT17 > 
=== EJ Scintillator Bar Run Summary ===
  Run ID                : 0
  Events run            : 108
  Events with ≥1 hit    : 108
  End-left  photons     : 0
  End-right photons     : 0
  Top SiPM  photons     : 536688
  Scint photons generated: 2222420
  Total photons detected : 536688
  Detection efficiency   : 24.1488 %
  ROOT output           : photon_hits_run000.root
==============================

G4WT20 > 
=== EJ Scintillator Bar Run Summary ===
  Run ID                : 0
  Events run            : 108
  Events with ≥1 hit    : 108
  End-left  photons     : 0
  End-right photons     : 0
  Top SiPM  photons     : 546698
  Scint photons generated: 2265934
  Total photons detected : 546698
  Detection efficiency   : 24.1268 %
  ROOT output           : photon_hits_run000.root
==============================

G4WT14 > 
=== EJ Scintillator Bar Run Summary ===
  Run ID                : 0
  Events run            : 108
  Events with ≥1 hit    : 108
  End-left  photons     : 0
  End-right photons     : 0
  Top SiPM  photons     : 540730
  Scint photons generated: 2239948
  Total photons detected : 540730
  Detection efficiency   : 24.1403 %
  ROOT output           : photon_hits_run000.root
==============================

G4WT13 > 
=== EJ Scintillator Bar Run Summary ===
  Run ID                : 0
  Events run            : 108
  Events with ≥1 hit    : 108
  End-left  photons     : 0
  End-right photons     : 0
  Top SiPM  photons     : 529945
  Scint photons generated: 2192614
  Total photons detected : 529945
  Detection efficiency   : 24.1696 %
  ROOT output           : photon_hits_run000.root
==============================

G4WT19 > 
=== EJ Scintillator Bar Run Summary ===
  Run ID                : 0
  Events run            : 108
  Events with ≥1 hit    : 108
  End-left  photons     : 0
  End-right photons     : 0
  Top SiPM  photons     : 529276
  Scint photons generated: 2188385
  Total photons detected : 529276
  Detection efficiency   : 24.1857 %
  ROOT output           : photon_hits_run000.root
==============================

G4WT1 > 
=== EJ Scintillator Bar Run Summary ===
  Run ID                : 0
  Events run            : 108
  Events with ≥1 hit    : 108
  End-left  photons     : 0
  End-right photons     : 0
  Top SiPM  photons     : 535605
  Scint photons generated: 2218589
  Total photons detected : 535605
  Detection efficiency   : 24.1417 %
  ROOT output           : photon_hits_run000.root
==============================

G4WT10 > 
=== EJ Scintillator Bar Run Summary ===
  Run ID                : 0
  Events run            : 108
  Events with ≥1 hit    : 108
  End-left  photons     : 0
  End-right photons     : 0
  Top SiPM  photons     : 531646
  Scint photons generated: 2194545
  Total photons detected : 531646
  Detection efficiency   : 24.2258 %
  ROOT output           : photon_hits_run000.root
==============================

G4WT11 > 
=== EJ Scintillator Bar Run Summary ===
  Run ID                : 0
  Events run            : 162
  Events with ≥1 hit    : 162
  End-left  photons     : 0
  End-right photons     : 0
  Top SiPM  photons     : 756227
  Scint photons generated: 3125575
  Total photons detected : 756227
  Detection efficiency   : 24.1948 %
  ROOT output           : photon_hits_run000.root
==============================

G4WT5 > 
=== EJ Scintillator Bar Run Summary ===
  Run ID                : 0
  Events run            : 162
  Events with ≥1 hit    : 162
  End-left  photons     : 0
  End-right photons     : 0
  Top SiPM  photons     : 772308
  Scint photons generated: 3196742
  Total photons detected : 772308
  Detection efficiency   : 24.1592 %
  ROOT output           : photon_hits_run000.root
==============================

G4WT6 > 
=== EJ Scintillator Bar Run Summary ===
  Run ID                : 0
  Events run            : 108
  Events with ≥1 hit    : 108
  End-left  photons     : 0
  End-right photons     : 0
  Top SiPM  photons     : 532047
  Scint photons generated: 2200352
  Total photons detected : 532047
  Detection efficiency   : 24.1801 %
  ROOT output           : photon_hits_run000.root
==============================

G4WT12 > 
=== EJ Scintillator Bar Run Summary ===
  Run ID                : 0
  Events run            : 108
  Events with ≥1 hit    : 108
  End-left  photons     : 0
  End-right photons     : 0
  Top SiPM  photons     : 535171
  Scint photons generated: 2216853
  Total photons detected : 535171
  Detection efficiency   : 24.1410 %
  ROOT output           : photon_hits_run000.root
==============================

G4WT7 > 
=== EJ Scintillator Bar Run Summary ===
  Run ID                : 0
  Events run            : 162
  Events with ≥1 hit    : 162
  End-left  photons     : 0
  End-right photons     : 0
  Top SiPM  photons     : 768674
  Scint photons generated: 3178007
  Total photons detected : 768674
  Detection efficiency   : 24.1873 %
  ROOT output           : photon_hits_run000.root
==============================

G4WT4 > 
=== EJ Scintillator Bar Run Summary ===
  Run ID                : 0
  Events run            : 162
  Events with ≥1 hit    : 162
  End-left  photons     : 0
  End-right photons     : 0
  Top SiPM  photons     : 790309
  Scint photons generated: 3267288
  Total photons detected : 790309
  Detection efficiency   : 24.1885 %
  ROOT output           : photon_hits_run000.root
==============================

G4WT18 > 
=== EJ Scintillator Bar Run Summary ===
  Run ID                : 0
  Events run            : 108
  Events with ≥1 hit    : 108
  End-left  photons     : 0
  End-right photons     : 0
  Top SiPM  photons     : 530932
  Scint photons generated: 2198148
  Total photons detected : 530932
  Detection efficiency   : 24.1536 %
  ROOT output           : photon_hits_run000.root
==============================

G4WT15 > 
=== EJ Scintillator Bar Run Summary ===
  Run ID                : 0
  Events run            : 108
  Events with ≥1 hit    : 108
  End-left  photons     : 0
  End-right photons     : 0
  Top SiPM  photons     : 552205
  Scint photons generated: 2287764
  Total photons detected : 552205
  Detection efficiency   : 24.1373 %
  ROOT output           : photon_hits_run000.root
==============================

G4WT21 > 
=== EJ Scintillator Bar Run Summary ===
  Run ID                : 0
  Events run            : 162
  Events with ≥1 hit    : 162
  End-left  photons     : 0
  End-right photons     : 0
  Top SiPM  photons     : 761786
  Scint photons generated: 3144852
  Total photons detected : 761786
  Detection efficiency   : 24.2233 %
  ROOT output           : photon_hits_run000.root
==============================

G4WT9 > 
=== EJ Scintillator Bar Run Summary ===
  Run ID                : 0
  Events run            : 162
  Events with ≥1 hit    : 162
  End-left  photons     : 0
  End-right photons     : 0
  Top SiPM  photons     : 753887
  Scint photons generated: 3128252
  Total photons detected : 753887
  Detection efficiency   : 24.0993 %
  ROOT output           : photon_hits_run000.root
==============================

G4WT23 > 
=== EJ Scintillator Bar Run Summary ===
  Run ID                : 0
  Events run            : 108
  Events with ≥1 hit    : 108
  End-left  photons     : 0
  End-right photons     : 0
  Top SiPM  photons     : 540016
  Scint photons generated: 2235683
  Total photons detected : 540016
  Detection efficiency   : 24.1544 %
  ROOT output           : photon_hits_run000.root
==============================


=== EJ Scintillator Bar Run Summary ===
  Run ID                : 0
  Events run            : 3000
  Events with ≥1 hit    : 3000
  End-left  photons     : 0
  End-right photons     : 0
  Top SiPM  photons     : 14576153
  Scint photons generated: 60314794
  Total photons detected : 14576153
  Detection efficiency   : 24.1668 %
  ROOT output           : photon_hits_run000.root
==============================


=== Boundary Census (diagnostic) ===
  Bar -> reflector panel   : 1146280134
  Bar -> World (escaped)   : 0
  Bar -> Bar (TIR/refl)    : 0
  Bar -> SiPM (entering)   : 23318013
  Killed in WorldLV        : 142432
====================================

[2026-06-11T21:45:37] DONE pairscan_x-429.0mm (entries=14576153.0)
[2026-06-11T21:45:37] START pairscan_x-430.0mm (x=-430.0 mm)

**************************************************************
 Geant4 version Name: geant4-11-04 [MT]   (5-December-2025)
  << in Multi-threaded mode >> 
                       Copyright : Geant4 Collaboration
                      References : NIM A 506 (2003), 250-303
                                 : IEEE-TNS 53 (2006), 270-278
                                 : NIM A 835 (2016), 186-225
                             WWW : http://geant4.org/
**************************************************************

Accumulable registered as "NEndLeft"
Accumulable registered as "NEndRight"
Accumulable registered as "NTop"
Accumulable registered as "NEventsWithHits"
Accumulable registered as "NScintPhotons"

-------- WWWW ------- G4Exception-START -------- WWWW -------
*** G4Exception : mat031
      issued by : G4Material::FillVectors()
For material opsc-101 sum of fractional masses 0.996667 is not 1 - results may be wrong

*** This is just a warning message. ***
-------- WWWW -------- G4Exception-END --------- WWWW -------

Checking overlaps for volume BarPV:0 (G4Box) ... OK! 
Checking overlaps for volume ReflectorYMinusPV:0 (G4Box) ... OK! 
Checking overlaps for volume ReflectorZMinusPV:3 (G4Box) ... OK! 
Checking overlaps for volume ReflectorZPlusPV:4 (G4Box) ... OK! 
Checking overlaps for volume ReflectorYPlusPV:5 (G4SubtractionSolid) ... OK! 
Checking overlaps for volume ReflectorXMinusPV:1 (G4Box) ... OK! 
Checking overlaps for volume ReflectorXPlusPV:2 (G4Box) ... OK! 
Checking overlaps for volume TopSiPMPV:16 (G4Box) ... OK! 
Checking overlaps for volume TopSiPMPV:17 (G4Box) ... OK! 
Checking overlaps for volume TopSiPMPV:18 (G4Box) ... OK! 
Checking overlaps for volume TopSiPMPV:19 (G4Box) ... OK! 
Checking overlaps for volume TopSiPMPV:20 (G4Box) ... OK! 
Checking overlaps for volume TopSiPMPV:21 (G4Box) ... OK! 
Checking overlaps for volume TopSiPMPV:22 (G4Box) ... OK! 
Checking overlaps for volume TopSiPMPV:23 (G4Box) ... OK! 
Checking overlaps for volume TopSiPMPV:24 (G4Box) ... OK! 
Checking overlaps for volume TopSiPMPV:25 (G4Box) ... OK! 
Checking overlaps for volume TopSiPMPV:26 (G4Box) ... OK! 
Checking overlaps for volume TopSiPMPV:27 (G4Box) ... OK! 
Checking overlaps for volume TopSiPMPV:28 (G4Box) ... OK! 
Checking overlaps for volume TopSiPMPV:29 (G4Box) ... OK! 
Checking overlaps for volume TopSiPMPV:30 (G4Box) ... OK! 
Checking overlaps for volume TopSiPMPV:31 (G4Box) ... OK! 
Checking overlaps for volume TopSiPMPV:32 (G4Box) ... OK! 
Checking overlaps for volume TopSiPMPV:33 (G4Box) ... OK! 
Checking overlaps for volume TopSiPMPV:34 (G4Box) ... OK! 
Checking overlaps for volume TopSiPMPV:35 (G4Box) ... OK! 
Checking overlaps for volume TopSiPMPV:36 (G4Box) ... OK! 
Checking overlaps for volume TopSiPMPV:37 (G4Box) ... OK! 
Checking overlaps for volume TopSiPMPV:38 (G4Box) ... OK! 
Checking overlaps for volume TopSiPMPV:39 (G4Box) ... OK! 
Checking overlaps for volume TopSiPMPV:40 (G4Box) ... OK! 
Checking overlaps for volume TopSiPMPV:41 (G4Box) ... OK! 
Checking overlaps for volume TopSiPMPV:42 (G4Box) ... OK! 
Checking overlaps for volume TopSiPMPV:43 (G4Box) ... OK! 
Checking overlaps for volume TopSiPMPV:44 (G4Box) ... OK! 
Checking overlaps for volume TopSiPMPV:45 (G4Box) ... OK! 
Checking overlaps for volume TopSiPMPV:46 (G4Box) ... OK! 
Checking overlaps for volume TopSiPMPV:47 (G4Box) ... OK! 
Checking overlaps for volume TopSiPMPV:48 (G4Box) ... OK! 
Checking overlaps for volume TopSiPMPV:49 (G4Box) ... OK! 
Checking overlaps for volume TopSiPMPV:50 (G4Box) ... OK! 
Checking overlaps for volume TopSiPMPV:51 (G4Box) ... OK! 
Checking overlaps for volume TopSiPMPV:52 (G4Box) ... OK! 
Checking overlaps for volume TopSiPMPV:53 (G4Box) ... OK! 
Checking overlaps for volume TopSiPMPV:54 (G4Box) ... OK! 
Checking overlaps for volume TopSiPMPV:55 (G4Box) ... OK! 
Checking overlaps for volume TopSiPMPV:56 (G4Box) ... OK! 
Checking overlaps for volume TopSiPMPV:57 (G4Box) ... OK! 
Checking overlaps for volume TopSiPMPV:58 (G4Box) ... OK! 
Checking overlaps for volume TopSiPMPV:59 (G4Box) ... OK! 
Checking overlaps for volume TopSiPMPV:60 (G4Box) ... OK! 
Checking overlaps for volume TopSiPMPV:61 (G4Box) ... OK! 
Checking overlaps for volume TopSiPMPV:62 (G4Box) ... OK! 
Checking overlaps for volume TopSiPMPV:63 (G4Box) ... OK! 
Checking overlaps for volume TopSiPMPV:64 (G4Box) ... OK! 
Checking overlaps for volume TopSiPMPV:65 (G4Box) ... OK! 
Checking overlaps for volume TopSiPMPV:66 (G4Box) ... OK! 
Checking overlaps for volume TopSiPMPV:67 (G4Box) ... OK! 
Checking overlaps for volume TopSiPMPV:68 (G4Box) ... OK! 
Checking overlaps for volume TopSiPMPV:69 (G4Box) ... OK! 
Checking overlaps for volume TopSiPMPV:70 (G4Box) ... OK! 
Checking overlaps for volume TopSiPMPV:71 (G4Box) ... OK! 
Checking overlaps for volume TopSiPMPV:72 (G4Box) ... OK! 
Checking overlaps for volume TopSiPMPV:73 (G4Box) ... OK! 
Checking overlaps for volume TopSiPMPV:74 (G4Box) ... OK! 
Checking overlaps for volume TopSiPMPV:75 (G4Box) ... OK! 
Checking overlaps for volume TopSiPMPV:76 (G4Box) ... OK! 
Checking overlaps for volume TopSiPMPV:77 (G4Box) ... OK! 
Checking overlaps for volume TopSiPMPV:78 (G4Box) ... OK! 
Checking overlaps for volume TopSiPMPV:79 (G4Box) ... OK! 
Checking overlaps for volume TopSiPMPV:80 (G4Box) ... OK! 
Checking overlaps for volume TopSiPMPV:81 (G4Box) ... OK! 
Checking overlaps for volume TopSiPMPV:82 (G4Box) ... OK! 
Checking overlaps for volume TopSiPMPV:83 (G4Box) ... OK! 
Checking overlaps for volume TopSiPMPV:84 (G4Box) ... OK! 
Checking overlaps for volume TopSiPMPV:85 (G4Box) ... OK! 
### Birks coefficients used in run time
G4WT17 > Accumulable registered as "NEndLeft"
G4WT17 > Accumulable registered as "NEndRight"
G4WT17 > Accumulable registered as "NTop"
G4WT17 > Accumulable registered as "NEventsWithHits"
G4WT17 > Accumulable registered as "NScintPhotons"
G4WT18 > Accumulable registered as "NEndLeft"
G4WT18 > Accumulable registered as "NEndRight"
G4WT18 > Accumulable registered as "NTop"
G4WT18 > Accumulable registered as "NEventsWithHits"
G4WT18 > Accumulable registered as "NScintPhotons"
G4WT16 > Accumulable registered as "NEndLeft"
G4WT13 > Accumulable registered as "NEndLeft"
G4WT13 > Accumulable registered as "NEndRight"
G4WT13 > Accumulable registered as "NTop"
G4WT16 > Accumulable registered as "NEndRight"
G4WT16 > Accumulable registered as "NTop"
G4WT16 > Accumulable registered as "NEventsWithHits"
G4WT16 > Accumulable registered as "NScintPhotons"
G4WT13 > Accumulable registered as "NEventsWithHits"
G4WT13 > Accumulable registered as "NScintPhotons"
G4WT10 > Accumulable registered as "NEndLeft"
G4WT10 > Accumulable registered as "NEndRight"
G4WT10 > Accumulable registered as "NTop"
G4WT10 > Accumulable registered as "NEventsWithHits"
G4WT10 > Accumulable registered as "NScintPhotons"
G4WT9 > Accumulable registered as "NEndLeft"
G4WT9 > Accumulable registered as "NEndRight"
G4WT9 > Accumulable registered as "NTop"
G4WT9 > Accumulable registered as "NEventsWithHits"
G4WT9 > Accumulable registered as "NScintPhotons"
G4WT22 > Accumulable registered as "NEndLeft"
G4WT22 > Accumulable registered as "NEndRight"
G4WT22 > Accumulable registered as "NTop"
G4WT22 > Accumulable registered as "NEventsWithHits"
G4WT22 > Accumulable registered as "NScintPhotons"
G4WT15 > Accumulable registered as "NEndLeft"
G4WT15 > Accumulable registered as "NEndRight"
G4WT15 > Accumulable registered as "NTop"
G4WT15 > Accumulable registered as "NEventsWithHits"
G4WT15 > Accumulable registered as "NScintPhotons"
G4WT21 > Accumulable registered as "NEndLeft"
G4WT21 > Accumulable registered as "NEndRight"
G4WT21 > Accumulable registered as "NTop"
G4WT21 > Accumulable registered as "NEventsWithHits"
G4WT21 > Accumulable registered as "NScintPhotons"
G4WT4 > Accumulable registered as "NEndLeft"
G4WT4 > Accumulable registered as "NEndRight"
G4WT4 > Accumulable registered as "NTop"
G4WT4 > Accumulable registered as "NEventsWithHits"
G4WT4 > Accumulable registered as "NScintPhotons"
G4WT23 > Accumulable registered as "NEndLeft"
G4WT23 > Accumulable registered as "NEndRight"
G4WT23 > Accumulable registered as "NTop"
G4WT23 > Accumulable registered as "NEventsWithHits"
G4WT23 > Accumulable registered as "NScintPhotons"
G4WT12 > Accumulable registered as "NEndLeft"
G4WT12 > Accumulable registered as "NEndRight"
G4WT12 > Accumulable registered as "NTop"
G4WT12 > Accumulable registered as "NEventsWithHits"
G4WT12 > Accumulable registered as "NScintPhotons"
G4WT3 > Accumulable registered as "NEndLeft"
G4WT3 > Accumulable registered as "NEndRight"
G4WT3 > Accumulable registered as "NTop"
G4WT3 > Accumulable registered as "NEventsWithHits"
G4WT3 > Accumulable registered as "NScintPhotons"
G4WT1 > Accumulable registered as "NEndLeft"
G4WT1 > Accumulable registered as "NEndRight"
G4WT1 > Accumulable registered as "NTop"
G4WT1 > Accumulable registered as "NEventsWithHits"
G4WT1 > Accumulable registered as "NScintPhotons"
G4WT19 > Accumulable registered as "NEndLeft"
G4WT19 > Accumulable registered as "NEndRight"
G4WT19 > Accumulable registered as "NTop"
G4WT19 > Accumulable registered as "NEventsWithHits"
G4WT19 > Accumulable registered as "NScintPhotons"
G4WT11 > Accumulable registered as "NEndLeft"
G4WT11 > Accumulable registered as "NEndRight"
G4WT11 > Accumulable registered as "NTop"
G4WT11 > Accumulable registered as "NEventsWithHits"
G4WT11 > Accumulable registered as "NScintPhotons"
G4WT5 > Accumulable registered as "NEndLeft"
G4WT5 > Accumulable registered as "NEndRight"
G4WT5 > Accumulable registered as "NTop"
G4WT5 > Accumulable registered as "NEventsWithHits"
G4WT5 > Accumulable registered as "NScintPhotons"
G4WT14 > Accumulable registered as "NEndLeft"
G4WT14 > Accumulable registered as "NEndRight"
G4WT14 > Accumulable registered as "NTop"
G4WT6 > Accumulable registered as "NEndLeft"
G4WT6 > Accumulable registered as "NEndRight"
G4WT6 > Accumulable registered as "NTop"
G4WT14 > Accumulable registered as "NEventsWithHits"
G4WT14 > Accumulable registered as "NScintPhotons"
G4WT6 > Accumulable registered as "NEventsWithHits"
G4WT6 > Accumulable registered as "NScintPhotons"
G4WT0 > Accumulable registered as "NEndLeft"
G4WT0 > Accumulable registered as "NEndRight"
G4WT0 > Accumulable registered as "NTop"
G4WT0 > Accumulable registered as "NEventsWithHits"
G4WT0 > Accumulable registered as "NScintPhotons"
G4WT2 > Accumulable registered as "NEndLeft"
G4WT2 > Accumulable registered as "NEndRight"
G4WT2 > Accumulable registered as "NTop"
G4WT8 > Accumulable registered as "NEndLeft"
G4WT8 > Accumulable registered as "NEndRight"
G4WT2 > Accumulable registered as "NEventsWithHits"
G4WT2 > Accumulable registered as "NScintPhotons"
G4WT8 > Accumulable registered as "NTop"
G4WT8 > Accumulable registered as "NEventsWithHits"
G4WT8 > Accumulable registered as "NScintPhotons"
G4WT20 > Accumulable registered as "NEndLeft"
G4WT20 > Accumulable registered as "NEndRight"
G4WT20 > Accumulable registered as "NTop"
G4WT20 > Accumulable registered as "NEventsWithHits"
G4WT20 > Accumulable registered as "NScintPhotons"
G4WT7 > Accumulable registered as "NEndLeft"
G4WT7 > Accumulable registered as "NEndRight"
G4WT7 > Accumulable registered as "NTop"
G4WT7 > Accumulable registered as "NEventsWithHits"
G4WT7 > Accumulable registered as "NScintPhotons"

=== Active Scintillator Baseline ===
  SSLG4 code            : OPSC-101
  Yield                 : 10400 ph/MeV
  Rise time tau_r       : 0.7 ns
  Decay time tau_d      : 1.8 ns
  Attenuation length    : 160 cm
  Emission peak lambda  : 408.8 nm
  Finite rise time      : enabled
=====================================

=== Active Readout / Wrapping Configuration ===
  Readout configuration : Top
  SiPM model            : AFBR-S4N66P024M
  SiPM PDE file         : /home/rrios/ej200/data/sipm/AFBR-S4N66P024M_pde.txt
  -X face               : wrapped
  +X face               : wrapped
  -Y face               : wrapped
  +Y face               : instrumented
  -Z face               : wrapped
  +Z face               : wrapped
  Reflector R           : 0.98
  Active End SiPMs      : 0 (L=0, R=0)
  Active Top SiPMs      : 70
==============================================
G4WT21 > 
=== EJ Scintillator Bar Run Summary ===
  Run ID                : 0
  Events run            : 162
  Events with ≥1 hit    : 162
  End-left  photons     : 0
  End-right photons     : 0
  Top SiPM  photons     : 783225
  Scint photons generated: 3235794
  Total photons detected : 783225
  Detection efficiency   : 24.2050 %
  ROOT output           : photon_hits_run000.root
==============================

G4WT16 > 
=== EJ Scintillator Bar Run Summary ===
  Run ID                : 0
  Events run            : 108
  Events with ≥1 hit    : 108
  End-left  photons     : 0
  End-right photons     : 0
  Top SiPM  photons     : 537607
  Scint photons generated: 2220015
  Total photons detected : 537607
  Detection efficiency   : 24.2164 %
  ROOT output           : photon_hits_run000.root
==============================

G4WT18 > 
=== EJ Scintillator Bar Run Summary ===
  Run ID                : 0
  Events run            : 162
  Events with ≥1 hit    : 162
  End-left  photons     : 0
  End-right photons     : 0
  Top SiPM  photons     : 764322
  Scint photons generated: 3161838
  Total photons detected : 764322
  Detection efficiency   : 24.1733 %
  ROOT output           : photon_hits_run000.root
==============================

G4WT0 > 
=== EJ Scintillator Bar Run Summary ===
  Run ID                : 0
  Events run            : 108
  Events with ≥1 hit    : 108
  End-left  photons     : 0
  End-right photons     : 0
  Top SiPM  photons     : 514796
  Scint photons generated: 2127271
  Total photons detected : 514796
  Detection efficiency   : 24.1998 %
  ROOT output           : photon_hits_run000.root
==============================

G4WT22 > 
=== EJ Scintillator Bar Run Summary ===
  Run ID                : 0
  Events run            : 108
  Events with ≥1 hit    : 108
  End-left  photons     : 0
  End-right photons     : 0
  Top SiPM  photons     : 524594
  Scint photons generated: 2163437
  Total photons detected : 524594
  Detection efficiency   : 24.2482 %
  ROOT output           : photon_hits_run000.root
==============================

G4WT7 > 
=== EJ Scintillator Bar Run Summary ===
  Run ID                : 0
  Events run            : 108
  Events with ≥1 hit    : 108
  End-left  photons     : 0
  End-right photons     : 0
  Top SiPM  photons     : 542696
  Scint photons generated: 2245419
  Total photons detected : 542696
  Detection efficiency   : 24.1690 %
  ROOT output           : photon_hits_run000.root
==============================

G4WT14 > 
=== EJ Scintillator Bar Run Summary ===
  Run ID                : 0
  Events run            : 108
  Events with ≥1 hit    : 108
  End-left  photons     : 0
  End-right photons     : 0
  Top SiPM  photons     : 522071
  Scint photons generated: 2155166
  Total photons detected : 522071
  Detection efficiency   : 24.2242 %
  ROOT output           : photon_hits_run000.root
==============================

G4WT20 > 
=== EJ Scintillator Bar Run Summary ===
  Run ID                : 0
  Events run            : 108
  Events with ≥1 hit    : 108
  End-left  photons     : 0
  End-right photons     : 0
  Top SiPM  photons     : 540796
  Scint photons generated: 2233901
  Total photons detected : 540796
  Detection efficiency   : 24.2086 %
  ROOT output           : photon_hits_run000.root
==============================

G4WT11 > 
=== EJ Scintillator Bar Run Summary ===
  Run ID                : 0
  Events run            : 138
  Events with ≥1 hit    : 138
  End-left  photons     : 0
  End-right photons     : 0
  Top SiPM  photons     : 662118
  Scint photons generated: 2736212
  Total photons detected : 662118
  Detection efficiency   : 24.1983 %
  ROOT output           : photon_hits_run000.root
==============================

G4WT9 > 
=== EJ Scintillator Bar Run Summary ===
  Run ID                : 0
  Events run            : 108
  Events with ≥1 hit    : 108
  End-left  photons     : 0
  End-right photons     : 0
  Top SiPM  photons     : 528835
  Scint photons generated: 2184844
  Total photons detected : 528835
  Detection efficiency   : 24.2047 %
  ROOT output           : photon_hits_run000.root
==============================

G4WT12 > 
=== EJ Scintillator Bar Run Summary ===
  Run ID                : 0
  Events run            : 108
  Events with ≥1 hit    : 108
  End-left  photons     : 0
  End-right photons     : 0
  Top SiPM  photons     : 540027
  Scint photons generated: 2231743
  Total photons detected : 540027
  Detection efficiency   : 24.1975 %
  ROOT output           : photon_hits_run000.root
==============================

G4WT15 > 
=== EJ Scintillator Bar Run Summary ===
  Run ID                : 0
  Events run            : 162
  Events with ≥1 hit    : 162
  End-left  photons     : 0
  End-right photons     : 0
  Top SiPM  photons     : 772184
  Scint photons generated: 3199284
  Total photons detected : 772184
  Detection efficiency   : 24.1362 %
  ROOT output           : photon_hits_run000.root
==============================

G4WT5 > 
=== EJ Scintillator Bar Run Summary ===
  Run ID                : 0
  Events run            : 108
  Events with ≥1 hit    : 108
  End-left  photons     : 0
  End-right photons     : 0
  Top SiPM  photons     : 524281
  Scint photons generated: 2164122
  Total photons detected : 524281
  Detection efficiency   : 24.2260 %
  ROOT output           : photon_hits_run000.root
==============================

G4WT13 > 
=== EJ Scintillator Bar Run Summary ===
  Run ID                : 0
  Events run            : 162
  Events with ≥1 hit    : 162
  End-left  photons     : 0
  End-right photons     : 0
  Top SiPM  photons     : 768813
  Scint photons generated: 3176280
  Total photons detected : 768813
  Detection efficiency   : 24.2048 %
  ROOT output           : photon_hits_run000.root
==============================

G4WT23 > 
=== EJ Scintillator Bar Run Summary ===
  Run ID                : 0
  Events run            : 108
  Events with ≥1 hit    : 108
  End-left  photons     : 0
  End-right photons     : 0
  Top SiPM  photons     : 527711
  Scint photons generated: 2176317
  Total photons detected : 527711
  Detection efficiency   : 24.2479 %
  ROOT output           : photon_hits_run000.root
==============================

G4WT6 > 
=== EJ Scintillator Bar Run Summary ===
  Run ID                : 0
  Events run            : 108
  Events with ≥1 hit    : 108
  End-left  photons     : 0
  End-right photons     : 0
  Top SiPM  photons     : 523742
  Scint photons generated: 2159047
  Total photons detected : 523742
  Detection efficiency   : 24.2580 %
  ROOT output           : photon_hits_run000.root
==============================

G4WT19 > 
=== EJ Scintillator Bar Run Summary ===
  Run ID                : 0
  Events run            : 108
  Events with ≥1 hit    : 108
  End-left  photons     : 0
  End-right photons     : 0
  Top SiPM  photons     : 534109
  Scint photons generated: 2204352
  Total photons detected : 534109
  Detection efficiency   : 24.2298 %
  ROOT output           : photon_hits_run000.root
==============================

G4WT10 > 
=== EJ Scintillator Bar Run Summary ===
  Run ID                : 0
  Events run            : 162
  Events with ≥1 hit    : 162
  End-left  photons     : 0
  End-right photons     : 0
  Top SiPM  photons     : 767480
  Scint photons generated: 3172779
  Total photons detected : 767480
  Detection efficiency   : 24.1895 %
  ROOT output           : photon_hits_run000.root
==============================

G4WT4 > 
=== EJ Scintillator Bar Run Summary ===
  Run ID                : 0
  Events run            : 162
  Events with ≥1 hit    : 162
  End-left  photons     : 0
  End-right photons     : 0
  Top SiPM  photons     : 777206
  Scint photons generated: 3216965
  Total photons detected : 777206
  Detection efficiency   : 24.1596 %
  ROOT output           : photon_hits_run000.root
==============================

G4WT17 > 
=== EJ Scintillator Bar Run Summary ===
  Run ID                : 0
  Events run            : 108
  Events with ≥1 hit    : 108
  End-left  photons     : 0
  End-right photons     : 0
  Top SiPM  photons     : 515002
  Scint photons generated: 2134745
  Total photons detected : 515002
  Detection efficiency   : 24.1248 %
  ROOT output           : photon_hits_run000.root
==============================

G4WT1 > 
=== EJ Scintillator Bar Run Summary ===
  Run ID                : 0
  Events run            : 108
  Events with ≥1 hit    : 108
  End-left  photons     : 0
  End-right photons     : 0
  Top SiPM  photons     : 537104
  Scint photons generated: 2222346
  Total photons detected : 537104
  Detection efficiency   : 24.1683 %
  ROOT output           : photon_hits_run000.root
==============================

G4WT2 > 
=== EJ Scintillator Bar Run Summary ===
  Run ID                : 0
  Events run            : 162
  Events with ≥1 hit    : 162
  End-left  photons     : 0
  End-right photons     : 0
  Top SiPM  photons     : 777618
  Scint photons generated: 3214392
  Total photons detected : 777618
  Detection efficiency   : 24.1918 %
  ROOT output           : photon_hits_run000.root
==============================

G4WT8 > 
=== EJ Scintillator Bar Run Summary ===
  Run ID                : 0
  Events run            : 108
  Events with ≥1 hit    : 108
  End-left  photons     : 0
  End-right photons     : 0
  Top SiPM  photons     : 523131
  Scint photons generated: 2168534
  Total photons detected : 523131
  Detection efficiency   : 24.1237 %
  ROOT output           : photon_hits_run000.root
==============================

G4WT3 > 
=== EJ Scintillator Bar Run Summary ===
  Run ID                : 0
  Events run            : 108
  Events with ≥1 hit    : 108
  End-left  photons     : 0
  End-right photons     : 0
  Top SiPM  photons     : 530186
  Scint photons generated: 2185818
  Total photons detected : 530186
  Detection efficiency   : 24.2557 %
  ROOT output           : photon_hits_run000.root
==============================


=== EJ Scintillator Bar Run Summary ===
  Run ID                : 0
  Events run            : 3000
  Events with ≥1 hit    : 3000
  End-left  photons     : 0
  End-right photons     : 0
  Top SiPM  photons     : 14539654
  Scint photons generated: 60090621
  Total photons detected : 14539654
  Detection efficiency   : 24.1962 %
  ROOT output           : photon_hits_run000.root
==============================


=== Boundary Census (diagnostic) ===
  Bar -> reflector panel   : 1140760971
  Bar -> World (escaped)   : 0
  Bar -> Bar (TIR/refl)    : 0
  Bar -> SiPM (entering)   : 23257768
  Killed in WorldLV        : 141648
====================================

[2026-06-11T21:51:03] DONE pairscan_x-430.0mm (entries=14539654.0)
[2026-06-11T21:51:03] START pairscan_x-431.0mm (x=-431.0 mm)

**************************************************************
 Geant4 version Name: geant4-11-04 [MT]   (5-December-2025)
  << in Multi-threaded mode >> 
                       Copyright : Geant4 Collaboration
                      References : NIM A 506 (2003), 250-303
                                 : IEEE-TNS 53 (2006), 270-278
                                 : NIM A 835 (2016), 186-225
                             WWW : http://geant4.org/
**************************************************************

Accumulable registered as "NEndLeft"
Accumulable registered as "NEndRight"
Accumulable registered as "NTop"
Accumulable registered as "NEventsWithHits"
Accumulable registered as "NScintPhotons"

-------- WWWW ------- G4Exception-START -------- WWWW -------
*** G4Exception : mat031
      issued by : G4Material::FillVectors()
For material opsc-101 sum of fractional masses 0.996667 is not 1 - results may be wrong

*** This is just a warning message. ***
-------- WWWW -------- G4Exception-END --------- WWWW -------

Checking overlaps for volume BarPV:0 (G4Box) ... OK! 
Checking overlaps for volume ReflectorYMinusPV:0 (G4Box) ... OK! 
Checking overlaps for volume ReflectorZMinusPV:3 (G4Box) ... OK! 
Checking overlaps for volume ReflectorZPlusPV:4 (G4Box) ... OK! 
Checking overlaps for volume ReflectorYPlusPV:5 (G4SubtractionSolid) ... OK! 
Checking overlaps for volume ReflectorXMinusPV:1 (G4Box) ... OK! 
Checking overlaps for volume ReflectorXPlusPV:2 (G4Box) ... OK! 
Checking overlaps for volume TopSiPMPV:16 (G4Box) ... OK! 
Checking overlaps for volume TopSiPMPV:17 (G4Box) ... OK! 
Checking overlaps for volume TopSiPMPV:18 (G4Box) ... OK! 
Checking overlaps for volume TopSiPMPV:19 (G4Box) ... OK! 
Checking overlaps for volume TopSiPMPV:20 (G4Box) ... OK! 
Checking overlaps for volume TopSiPMPV:21 (G4Box) ... OK! 
Checking overlaps for volume TopSiPMPV:22 (G4Box) ... OK! 
Checking overlaps for volume TopSiPMPV:23 (G4Box) ... OK! 
Checking overlaps for volume TopSiPMPV:24 (G4Box) ... OK! 
Checking overlaps for volume TopSiPMPV:25 (G4Box) ... OK! 
Checking overlaps for volume TopSiPMPV:26 (G4Box) ... OK! 
Checking overlaps for volume TopSiPMPV:27 (G4Box) ... OK! 
Checking overlaps for volume TopSiPMPV:28 (G4Box) ... OK! 
Checking overlaps for volume TopSiPMPV:29 (G4Box) ... OK! 
Checking overlaps for volume TopSiPMPV:30 (G4Box) ... OK! 
Checking overlaps for volume TopSiPMPV:31 (G4Box) ... OK! 
Checking overlaps for volume TopSiPMPV:32 (G4Box) ... OK! 
Checking overlaps for volume TopSiPMPV:33 (G4Box) ... OK! 
Checking overlaps for volume TopSiPMPV:34 (G4Box) ... OK! 
Checking overlaps for volume TopSiPMPV:35 (G4Box) ... OK! 
Checking overlaps for volume TopSiPMPV:36 (G4Box) ... OK! 
Checking overlaps for volume TopSiPMPV:37 (G4Box) ... OK! 
Checking overlaps for volume TopSiPMPV:38 (G4Box) ... OK! 
Checking overlaps for volume TopSiPMPV:39 (G4Box) ... OK! 
Checking overlaps for volume TopSiPMPV:40 (G4Box) ... OK! 
Checking overlaps for volume TopSiPMPV:41 (G4Box) ... OK! 
Checking overlaps for volume TopSiPMPV:42 (G4Box) ... OK! 
Checking overlaps for volume TopSiPMPV:43 (G4Box) ... OK! 
Checking overlaps for volume TopSiPMPV:44 (G4Box) ... OK! 
Checking overlaps for volume TopSiPMPV:45 (G4Box) ... OK! 
Checking overlaps for volume TopSiPMPV:46 (G4Box) ... OK! 
Checking overlaps for volume TopSiPMPV:47 (G4Box) ... OK! 
Checking overlaps for volume TopSiPMPV:48 (G4Box) ... OK! 
Checking overlaps for volume TopSiPMPV:49 (G4Box) ... OK! 
Checking overlaps for volume TopSiPMPV:50 (G4Box) ... OK! 
Checking overlaps for volume TopSiPMPV:51 (G4Box) ... OK! 
Checking overlaps for volume TopSiPMPV:52 (G4Box) ... OK! 
Checking overlaps for volume TopSiPMPV:53 (G4Box) ... OK! 
Checking overlaps for volume TopSiPMPV:54 (G4Box) ... OK! 
Checking overlaps for volume TopSiPMPV:55 (G4Box) ... OK! 
Checking overlaps for volume TopSiPMPV:56 (G4Box) ... OK! 
Checking overlaps for volume TopSiPMPV:57 (G4Box) ... OK! 
Checking overlaps for volume TopSiPMPV:58 (G4Box) ... OK! 
Checking overlaps for volume TopSiPMPV:59 (G4Box) ... OK! 
Checking overlaps for volume TopSiPMPV:60 (G4Box) ... OK! 
Checking overlaps for volume TopSiPMPV:61 (G4Box) ... OK! 
Checking overlaps for volume TopSiPMPV:62 (G4Box) ... OK! 
Checking overlaps for volume TopSiPMPV:63 (G4Box) ... OK! 
Checking overlaps for volume TopSiPMPV:64 (G4Box) ... OK! 
Checking overlaps for volume TopSiPMPV:65 (G4Box) ... OK! 
Checking overlaps for volume TopSiPMPV:66 (G4Box) ... OK! 
Checking overlaps for volume TopSiPMPV:67 (G4Box) ... OK! 
Checking overlaps for volume TopSiPMPV:68 (G4Box) ... OK! 
Checking overlaps for volume TopSiPMPV:69 (G4Box) ... OK! 
Checking overlaps for volume TopSiPMPV:70 (G4Box) ... OK! 
Checking overlaps for volume TopSiPMPV:71 (G4Box) ... OK! 
Checking overlaps for volume TopSiPMPV:72 (G4Box) ... OK! 
Checking overlaps for volume TopSiPMPV:73 (G4Box) ... OK! 
Checking overlaps for volume TopSiPMPV:74 (G4Box) ... OK! 
Checking overlaps for volume TopSiPMPV:75 (G4Box) ... OK! 
Checking overlaps for volume TopSiPMPV:76 (G4Box) ... OK! 
Checking overlaps for volume TopSiPMPV:77 (G4Box) ... OK! 
Checking overlaps for volume TopSiPMPV:78 (G4Box) ... OK! 
Checking overlaps for volume TopSiPMPV:79 (G4Box) ... OK! 
Checking overlaps for volume TopSiPMPV:80 (G4Box) ... OK! 
Checking overlaps for volume TopSiPMPV:81 (G4Box) ... OK! 
Checking overlaps for volume TopSiPMPV:82 (G4Box) ... OK! 
Checking overlaps for volume TopSiPMPV:83 (G4Box) ... OK! 
Checking overlaps for volume TopSiPMPV:84 (G4Box) ... OK! 
Checking overlaps for volume TopSiPMPV:85 (G4Box) ... OK! 
### Birks coefficients used in run time
G4WT11 > Accumulable registered as "NEndLeft"
G4WT11 > Accumulable registered as "NEndRight"
G4WT11 > Accumulable registered as "NTop"
G4WT11 > Accumulable registered as "NEventsWithHits"
G4WT11 > Accumulable registered as "NScintPhotons"
G4WT8 > Accumulable registered as "NEndLeft"
G4WT8 > Accumulable registered as "NEndRight"
G4WT8 > Accumulable registered as "NTop"
G4WT8 > Accumulable registered as "NEventsWithHits"
G4WT8 > Accumulable registered as "NScintPhotons"
G4WT23 > Accumulable registered as "NEndLeft"
G4WT23 > Accumulable registered as "NEndRight"
G4WT23 > Accumulable registered as "NTop"
G4WT23 > Accumulable registered as "NEventsWithHits"
G4WT23 > Accumulable registered as "NScintPhotons"
G4WT7 > Accumulable registered as "NEndLeft"
G4WT7 > Accumulable registered as "NEndRight"
G4WT7 > Accumulable registered as "NTop"
G4WT7 > Accumulable registered as "NEventsWithHits"
G4WT7 > Accumulable registered as "NScintPhotons"
G4WT6 > Accumulable registered as "NEndLeft"
G4WT6 > Accumulable registered as "NEndRight"
G4WT6 > Accumulable registered as "NTop"
G4WT6 > Accumulable registered as "NEventsWithHits"
G4WT6 > Accumulable registered as "NScintPhotons"
G4WT0 > Accumulable registered as "NEndLeft"
G4WT0 > Accumulable registered as "NEndRight"
G4WT0 > Accumulable registered as "NTop"
G4WT0 > Accumulable registered as "NEventsWithHits"
G4WT0 > Accumulable registered as "NScintPhotons"
G4WT12 > Accumulable registered as "NEndLeft"
G4WT12 > Accumulable registered as "NEndRight"
G4WT12 > Accumulable registered as "NTop"
G4WT12 > Accumulable registered as "NEventsWithHits"
G4WT12 > Accumulable registered as "NScintPhotons"
G4WT3 > Accumulable registered as "NEndLeft"
G4WT3 > Accumulable registered as "NEndRight"
G4WT3 > Accumulable registered as "NTop"
G4WT3 > Accumulable registered as "NEventsWithHits"
G4WT3 > Accumulable registered as "NScintPhotons"
G4WT2 > Accumulable registered as "NEndLeft"
G4WT2 > Accumulable registered as "NEndRight"
G4WT2 > Accumulable registered as "NTop"
G4WT2 > Accumulable registered as "NEventsWithHits"
G4WT2 > Accumulable registered as "NScintPhotons"
G4WT22 > Accumulable registered as "NEndLeft"
G4WT22 > Accumulable registered as "NEndRight"
G4WT22 > Accumulable registered as "NTop"
G4WT20 > Accumulable registered as "NEndLeft"
G4WT22 > Accumulable registered as "NEventsWithHits"
G4WT20 > Accumulable registered as "NEndRight"
G4WT22 > Accumulable registered as "NScintPhotons"
G4WT20 > Accumulable registered as "NTop"
G4WT20 > Accumulable registered as "NEventsWithHits"
G4WT20 > Accumulable registered as "NScintPhotons"
G4WT14 > Accumulable registered as "NEndLeft"
G4WT14 > Accumulable registered as "NEndRight"
G4WT14 > Accumulable registered as "NTop"
G4WT14 > Accumulable registered as "NEventsWithHits"
G4WT14 > Accumulable registered as "NScintPhotons"
G4WT13 > Accumulable registered as "NEndLeft"
G4WT13 > Accumulable registered as "NEndRight"
G4WT13 > Accumulable registered as "NTop"
G4WT13 > Accumulable registered as "NEventsWithHits"
G4WT13 > Accumulable registered as "NScintPhotons"
G4WT1 > Accumulable registered as "NEndLeft"
G4WT1 > Accumulable registered as "NEndRight"
G4WT1 > Accumulable registered as "NTop"
G4WT1 > Accumulable registered as "NEventsWithHits"
G4WT1 > Accumulable registered as "NScintPhotons"
G4WT4 > Accumulable registered as "NEndLeft"
G4WT4 > Accumulable registered as "NEndRight"
G4WT4 > Accumulable registered as "NTop"
G4WT4 > Accumulable registered as "NEventsWithHits"
G4WT4 > Accumulable registered as "NScintPhotons"
G4WT18 > Accumulable registered as "NEndLeft"
G4WT18 > Accumulable registered as "NEndRight"
G4WT18 > Accumulable registered as "NTop"
G4WT18 > Accumulable registered as "NEventsWithHits"
G4WT18 > Accumulable registered as "NScintPhotons"
G4WT16 > Accumulable registered as "NEndLeft"
G4WT16 > Accumulable registered as "NEndRight"
G4WT16 > Accumulable registered as "NTop"
G4WT16 > Accumulable registered as "NEventsWithHits"
G4WT16 > Accumulable registered as "NScintPhotons"
G4WT17 > Accumulable registered as "NEndLeft"
G4WT17 > Accumulable registered as "NEndRight"
G4WT17 > Accumulable registered as "NTop"
G4WT17 > Accumulable registered as "NEventsWithHits"
G4WT17 > Accumulable registered as "NScintPhotons"
G4WT9 > Accumulable registered as "NEndLeft"
G4WT9 > Accumulable registered as "NEndRight"
G4WT9 > Accumulable registered as "NTop"
G4WT9 > Accumulable registered as "NEventsWithHits"
G4WT9 > Accumulable registered as "NScintPhotons"
G4WT21 > Accumulable registered as "NEndLeft"
G4WT21 > Accumulable registered as "NEndRight"
G4WT21 > Accumulable registered as "NTop"
G4WT21 > Accumulable registered as "NEventsWithHits"
G4WT21 > Accumulable registered as "NScintPhotons"
G4WT5 > Accumulable registered as "NEndLeft"
G4WT5 > Accumulable registered as "NEndRight"
G4WT5 > Accumulable registered as "NTop"
G4WT5 > Accumulable registered as "NEventsWithHits"
G4WT5 > Accumulable registered as "NScintPhotons"
G4WT15 > Accumulable registered as "NEndLeft"
G4WT15 > Accumulable registered as "NEndRight"
G4WT15 > Accumulable registered as "NTop"
G4WT15 > Accumulable registered as "NEventsWithHits"
G4WT15 > Accumulable registered as "NScintPhotons"
G4WT10 > Accumulable registered as "NEndLeft"
G4WT10 > Accumulable registered as "NEndRight"
G4WT10 > Accumulable registered as "NTop"
G4WT10 > Accumulable registered as "NEventsWithHits"
G4WT10 > Accumulable registered as "NScintPhotons"
G4WT19 > Accumulable registered as "NEndLeft"
G4WT19 > Accumulable registered as "NEndRight"
G4WT19 > Accumulable registered as "NTop"
G4WT19 > Accumulable registered as "NEventsWithHits"
G4WT19 > Accumulable registered as "NScintPhotons"

=== Active Scintillator Baseline ===
  SSLG4 code            : OPSC-101
  Yield                 : 10400 ph/MeV
  Rise time tau_r       : 0.7 ns
  Decay time tau_d      : 1.8 ns
  Attenuation length    : 160 cm
  Emission peak lambda  : 408.8 nm
  Finite rise time      : enabled
=====================================

=== Active Readout / Wrapping Configuration ===
  Readout configuration : Top
  SiPM model            : AFBR-S4N66P024M
  SiPM PDE file         : /home/rrios/ej200/data/sipm/AFBR-S4N66P024M_pde.txt
  -X face               : wrapped
  +X face               : wrapped
  -Y face               : wrapped
  +Y face               : instrumented
  -Z face               : wrapped
  +Z face               : wrapped
  Reflector R           : 0.98
  Active End SiPMs      : 0 (L=0, R=0)
  Active Top SiPMs      : 70
==============================================
G4WT11 > 
=== EJ Scintillator Bar Run Summary ===
  Run ID                : 0
  Events run            : 108
  Events with ≥1 hit    : 108
  End-left  photons     : 0
  End-right photons     : 0
  Top SiPM  photons     : 523090
  Scint photons generated: 2161094
  Total photons detected : 523090
  Detection efficiency   : 24.2049 %
  ROOT output           : photon_hits_run000.root
==============================

G4WT7 > 
=== EJ Scintillator Bar Run Summary ===
  Run ID                : 0
  Events run            : 108
  Events with ≥1 hit    : 108
  End-left  photons     : 0
  End-right photons     : 0
  Top SiPM  photons     : 514362
  Scint photons generated: 2121258
  Total photons detected : 514362
  Detection efficiency   : 24.2480 %
  ROOT output           : photon_hits_run000.root
==============================

G4WT6 > 
=== EJ Scintillator Bar Run Summary ===
  Run ID                : 0
  Events run            : 108
  Events with ≥1 hit    : 108
  End-left  photons     : 0
  End-right photons     : 0
  Top SiPM  photons     : 514860
  Scint photons generated: 2119976
  Total photons detected : 514860
  Detection efficiency   : 24.2861 %
  ROOT output           : photon_hits_run000.root
==============================

G4WT22 > 
=== EJ Scintillator Bar Run Summary ===
  Run ID                : 0
  Events run            : 162
  Events with ≥1 hit    : 162
  End-left  photons     : 0
  End-right photons     : 0
  Top SiPM  photons     : 762816
  Scint photons generated: 3144092
  Total photons detected : 762816
  Detection efficiency   : 24.2619 %
  ROOT output           : photon_hits_run000.root
==============================

G4WT21 > 
=== EJ Scintillator Bar Run Summary ===
  Run ID                : 0
  Events run            : 162
  Events with ≥1 hit    : 162
  End-left  photons     : 0
  End-right photons     : 0
  Top SiPM  photons     : 766785
  Scint photons generated: 3165805
  Total photons detected : 766785
  Detection efficiency   : 24.2209 %
  ROOT output           : photon_hits_run000.root
==============================

G4WT14 > 
=== EJ Scintillator Bar Run Summary ===
  Run ID                : 0
  Events run            : 108
  Events with ≥1 hit    : 108
  End-left  photons     : 0
  End-right photons     : 0
  Top SiPM  photons     : 528254
  Scint photons generated: 2181769
  Total photons detected : 528254
  Detection efficiency   : 24.2122 %
  ROOT output           : photon_hits_run000.root
==============================

G4WT4 > 
=== EJ Scintillator Bar Run Summary ===
  Run ID                : 0
  Events run            : 108
  Events with ≥1 hit    : 108
  End-left  photons     : 0
  End-right photons     : 0
  Top SiPM  photons     : 534613
  Scint photons generated: 2207907
  Total photons detected : 534613
  Detection efficiency   : 24.2136 %
  ROOT output           : photon_hits_run000.root
==============================

G4WT20 > 
=== EJ Scintillator Bar Run Summary ===
  Run ID                : 0
  Events run            : 108
  Events with ≥1 hit    : 108
  End-left  photons     : 0
  End-right photons     : 0
  Top SiPM  photons     : 520422
  Scint photons generated: 2147281
  Total photons detected : 520422
  Detection efficiency   : 24.2363 %
  ROOT output           : photon_hits_run000.root
==============================

G4WT23 > 
=== EJ Scintillator Bar Run Summary ===
  Run ID                : 0
  Events run            : 108
  Events with ≥1 hit    : 108
  End-left  photons     : 0
  End-right photons     : 0
  Top SiPM  photons     : 535020
  Scint photons generated: 2207149
  Total photons detected : 535020
  Detection efficiency   : 24.2403 %
  ROOT output           : photon_hits_run000.root
==============================

G4WT15 > 
=== EJ Scintillator Bar Run Summary ===
  Run ID                : 0
  Events run            : 108
  Events with ≥1 hit    : 108
  End-left  photons     : 0
  End-right photons     : 0
  Top SiPM  photons     : 524231
  Scint photons generated: 2161196
  Total photons detected : 524231
  Detection efficiency   : 24.2565 %
  ROOT output           : photon_hits_run000.root
==============================

G4WT5 > 
=== EJ Scintillator Bar Run Summary ===
  Run ID                : 0
  Events run            : 108
  Events with ≥1 hit    : 108
  End-left  photons     : 0
  End-right photons     : 0
  Top SiPM  photons     : 518075
  Scint photons generated: 2141583
  Total photons detected : 518075
  Detection efficiency   : 24.1912 %
  ROOT output           : photon_hits_run000.root
==============================

G4WT8 > 
=== EJ Scintillator Bar Run Summary ===
  Run ID                : 0
  Events run            : 108
  Events with ≥1 hit    : 108
  End-left  photons     : 0
  End-right photons     : 0
  Top SiPM  photons     : 523756
  Scint photons generated: 2157422
  Total photons detected : 523756
  Detection efficiency   : 24.2769 %
  ROOT output           : photon_hits_run000.root
==============================

G4WT18 > 
=== EJ Scintillator Bar Run Summary ===
  Run ID                : 0
  Events run            : 108
  Events with ≥1 hit    : 108
  End-left  photons     : 0
  End-right photons     : 0
  Top SiPM  photons     : 520067
  Scint photons generated: 2143155
  Total photons detected : 520067
  Detection efficiency   : 24.2664 %
  ROOT output           : photon_hits_run000.root
==============================

G4WT17 > 
=== EJ Scintillator Bar Run Summary ===
  Run ID                : 0
  Events run            : 162
  Events with ≥1 hit    : 162
  End-left  photons     : 0
  End-right photons     : 0
  Top SiPM  photons     : 752937
  Scint photons generated: 3104564
  Total photons detected : 752937
  Detection efficiency   : 24.2526 %
  ROOT output           : photon_hits_run000.root
==============================

G4WT1 > 
=== EJ Scintillator Bar Run Summary ===
  Run ID                : 0
  Events run            : 162
  Events with ≥1 hit    : 162
  End-left  photons     : 0
  End-right photons     : 0
  Top SiPM  photons     : 775015
  Scint photons generated: 3193238
  Total photons detected : 775015
  Detection efficiency   : 24.2705 %
  ROOT output           : photon_hits_run000.root
==============================

G4WT0 > 
=== EJ Scintillator Bar Run Summary ===
  Run ID                : 0
  Events run            : 108
  Events with ≥1 hit    : 108
  End-left  photons     : 0
  End-right photons     : 0
  Top SiPM  photons     : 529091
  Scint photons generated: 2181761
  Total photons detected : 529091
  Detection efficiency   : 24.2506 %
  ROOT output           : photon_hits_run000.root
==============================

G4WT3 > 
=== EJ Scintillator Bar Run Summary ===
  Run ID                : 0
  Events run            : 138
  Events with ≥1 hit    : 138
  End-left  photons     : 0
  End-right photons     : 0
  Top SiPM  photons     : 647002
  Scint photons generated: 2667030
  Total photons detected : 647002
  Detection efficiency   : 24.2593 %
  ROOT output           : photon_hits_run000.root
==============================

G4WT12 > 
=== EJ Scintillator Bar Run Summary ===
  Run ID                : 0
  Events run            : 162
  Events with ≥1 hit    : 162
  End-left  photons     : 0
  End-right photons     : 0
  Top SiPM  photons     : 769586
  Scint photons generated: 3171454
  Total photons detected : 769586
  Detection efficiency   : 24.2660 %
  ROOT output           : photon_hits_run000.root
==============================

G4WT10 > 
=== EJ Scintillator Bar Run Summary ===
  Run ID                : 0
  Events run            : 108
  Events with ≥1 hit    : 108
  End-left  photons     : 0
  End-right photons     : 0
  Top SiPM  photons     : 521440
  Scint photons generated: 2148343
  Total photons detected : 521440
  Detection efficiency   : 24.2717 %
  ROOT output           : photon_hits_run000.root
==============================

G4WT13 > 
=== EJ Scintillator Bar Run Summary ===
  Run ID                : 0
  Events run            : 162
  Events with ≥1 hit    : 162
  End-left  photons     : 0
  End-right photons     : 0
  Top SiPM  photons     : 772184
  Scint photons generated: 3185066
  Total photons detected : 772184
  Detection efficiency   : 24.2439 %
  ROOT output           : photon_hits_run000.root
==============================

G4WT19 > 
=== EJ Scintillator Bar Run Summary ===
  Run ID                : 0
  Events run            : 108
  Events with ≥1 hit    : 108
  End-left  photons     : 0
  End-right photons     : 0
  Top SiPM  photons     : 541776
  Scint photons generated: 2236616
  Total photons detected : 541776
  Detection efficiency   : 24.2230 %
  ROOT output           : photon_hits_run000.root
==============================

G4WT9 > 
=== EJ Scintillator Bar Run Summary ===
  Run ID                : 0
  Events run            : 108
  Events with ≥1 hit    : 108
  End-left  photons     : 0
  End-right photons     : 0
  Top SiPM  photons     : 514223
  Scint photons generated: 2120576
  Total photons detected : 514223
  Detection efficiency   : 24.2492 %
  ROOT output           : photon_hits_run000.root
==============================

G4WT2 > 
=== EJ Scintillator Bar Run Summary ===
  Run ID                : 0
  Events run            : 108
  Events with ≥1 hit    : 108
  End-left  photons     : 0
  End-right photons     : 0
  Top SiPM  photons     : 527094
  Scint photons generated: 2173428
  Total photons detected : 527094
  Detection efficiency   : 24.2517 %
  ROOT output           : photon_hits_run000.root
==============================

G4WT16 > 
=== EJ Scintillator Bar Run Summary ===
  Run ID                : 0
  Events run            : 162
  Events with ≥1 hit    : 162
  End-left  photons     : 0
  End-right photons     : 0
  Top SiPM  photons     : 770204
  Scint photons generated: 3175516
  Total photons detected : 770204
  Detection efficiency   : 24.2545 %
  ROOT output           : photon_hits_run000.root
==============================


=== EJ Scintillator Bar Run Summary ===
  Run ID                : 0
  Events run            : 3000
  Events with ≥1 hit    : 3000
  End-left  photons     : 0
  End-right photons     : 0
  Top SiPM  photons     : 14406903
  Scint photons generated: 59417279
  Total photons detected : 14406903
  Detection efficiency   : 24.2470 %
  ROOT output           : photon_hits_run000.root
==============================


=== Boundary Census (diagnostic) ===
  Bar -> reflector panel   : 1127124855
  Bar -> World (escaped)   : 0
  Bar -> Bar (TIR/refl)    : 0
  Bar -> SiPM (entering)   : 23045938
  Killed in WorldLV        : 140932
====================================

[2026-06-11T21:56:22] DONE pairscan_x-431.0mm (entries=14406903.0)
[2026-06-11T21:56:22] START pairscan_x-432.0mm (x=-432.0 mm)

**************************************************************
 Geant4 version Name: geant4-11-04 [MT]   (5-December-2025)
  << in Multi-threaded mode >> 
                       Copyright : Geant4 Collaboration
                      References : NIM A 506 (2003), 250-303
                                 : IEEE-TNS 53 (2006), 270-278
                                 : NIM A 835 (2016), 186-225
                             WWW : http://geant4.org/
**************************************************************

Accumulable registered as "NEndLeft"
Accumulable registered as "NEndRight"
Accumulable registered as "NTop"
Accumulable registered as "NEventsWithHits"
Accumulable registered as "NScintPhotons"

-------- WWWW ------- G4Exception-START -------- WWWW -------
*** G4Exception : mat031
      issued by : G4Material::FillVectors()
For material opsc-101 sum of fractional masses 0.996667 is not 1 - results may be wrong

*** This is just a warning message. ***
-------- WWWW -------- G4Exception-END --------- WWWW -------

Checking overlaps for volume BarPV:0 (G4Box) ... OK! 
Checking overlaps for volume ReflectorYMinusPV:0 (G4Box) ... OK! 
Checking overlaps for volume ReflectorZMinusPV:3 (G4Box) ... OK! 
Checking overlaps for volume ReflectorZPlusPV:4 (G4Box) ... OK! 
Checking overlaps for volume ReflectorYPlusPV:5 (G4SubtractionSolid) ... OK! 
Checking overlaps for volume ReflectorXMinusPV:1 (G4Box) ... OK! 
Checking overlaps for volume ReflectorXPlusPV:2 (G4Box) ... OK! 
Checking overlaps for volume TopSiPMPV:16 (G4Box) ... OK! 
Checking overlaps for volume TopSiPMPV:17 (G4Box) ... OK! 
Checking overlaps for volume TopSiPMPV:18 (G4Box) ... OK! 
Checking overlaps for volume TopSiPMPV:19 (G4Box) ... OK! 
Checking overlaps for volume TopSiPMPV:20 (G4Box) ... OK! 
Checking overlaps for volume TopSiPMPV:21 (G4Box) ... OK! 
Checking overlaps for volume TopSiPMPV:22 (G4Box) ... OK! 
Checking overlaps for volume TopSiPMPV:23 (G4Box) ... OK! 
Checking overlaps for volume TopSiPMPV:24 (G4Box) ... OK! 
Checking overlaps for volume TopSiPMPV:25 (G4Box) ... OK! 
Checking overlaps for volume TopSiPMPV:26 (G4Box) ... OK! 
Checking overlaps for volume TopSiPMPV:27 (G4Box) ... OK! 
Checking overlaps for volume TopSiPMPV:28 (G4Box) ... OK! 
Checking overlaps for volume TopSiPMPV:29 (G4Box) ... OK! 
Checking overlaps for volume TopSiPMPV:30 (G4Box) ... OK! 
Checking overlaps for volume TopSiPMPV:31 (G4Box) ... OK! 
Checking overlaps for volume TopSiPMPV:32 (G4Box) ... OK! 
Checking overlaps for volume TopSiPMPV:33 (G4Box) ... OK! 
Checking overlaps for volume TopSiPMPV:34 (G4Box) ... OK! 
Checking overlaps for volume TopSiPMPV:35 (G4Box) ... OK! 
Checking overlaps for volume TopSiPMPV:36 (G4Box) ... OK! 
Checking overlaps for volume TopSiPMPV:37 (G4Box) ... OK! 
Checking overlaps for volume TopSiPMPV:38 (G4Box) ... OK! 
Checking overlaps for volume TopSiPMPV:39 (G4Box) ... OK! 
Checking overlaps for volume TopSiPMPV:40 (G4Box) ... OK! 
Checking overlaps for volume TopSiPMPV:41 (G4Box) ... OK! 
Checking overlaps for volume TopSiPMPV:42 (G4Box) ... OK! 
Checking overlaps for volume TopSiPMPV:43 (G4Box) ... OK! 
Checking overlaps for volume TopSiPMPV:44 (G4Box) ... OK! 
Checking overlaps for volume TopSiPMPV:45 (G4Box) ... OK! 
Checking overlaps for volume TopSiPMPV:46 (G4Box) ... OK! 
Checking overlaps for volume TopSiPMPV:47 (G4Box) ... OK! 
Checking overlaps for volume TopSiPMPV:48 (G4Box) ... OK! 
Checking overlaps for volume TopSiPMPV:49 (G4Box) ... OK! 
Checking overlaps for volume TopSiPMPV:50 (G4Box) ... OK! 
Checking overlaps for volume TopSiPMPV:51 (G4Box) ... OK! 
Checking overlaps for volume TopSiPMPV:52 (G4Box) ... OK! 
Checking overlaps for volume TopSiPMPV:53 (G4Box) ... OK! 
Checking overlaps for volume TopSiPMPV:54 (G4Box) ... OK! 
Checking overlaps for volume TopSiPMPV:55 (G4Box) ... OK! 
Checking overlaps for volume TopSiPMPV:56 (G4Box) ... OK! 
Checking overlaps for volume TopSiPMPV:57 (G4Box) ... OK! 
Checking overlaps for volume TopSiPMPV:58 (G4Box) ... OK! 
Checking overlaps for volume TopSiPMPV:59 (G4Box) ... OK! 
Checking overlaps for volume TopSiPMPV:60 (G4Box) ... OK! 
Checking overlaps for volume TopSiPMPV:61 (G4Box) ... OK! 
Checking overlaps for volume TopSiPMPV:62 (G4Box) ... OK! 
Checking overlaps for volume TopSiPMPV:63 (G4Box) ... OK! 
Checking overlaps for volume TopSiPMPV:64 (G4Box) ... OK! 
Checking overlaps for volume TopSiPMPV:65 (G4Box) ... OK! 
Checking overlaps for volume TopSiPMPV:66 (G4Box) ... OK! 
Checking overlaps for volume TopSiPMPV:67 (G4Box) ... OK! 
Checking overlaps for volume TopSiPMPV:68 (G4Box) ... OK! 
Checking overlaps for volume TopSiPMPV:69 (G4Box) ... OK! 
Checking overlaps for volume TopSiPMPV:70 (G4Box) ... OK! 
Checking overlaps for volume TopSiPMPV:71 (G4Box) ... OK! 
Checking overlaps for volume TopSiPMPV:72 (G4Box) ... OK! 
Checking overlaps for volume TopSiPMPV:73 (G4Box) ... OK! 
Checking overlaps for volume TopSiPMPV:74 (G4Box) ... OK! 
Checking overlaps for volume TopSiPMPV:75 (G4Box) ... OK! 
Checking overlaps for volume TopSiPMPV:76 (G4Box) ... OK! 
Checking overlaps for volume TopSiPMPV:77 (G4Box) ... OK! 
Checking overlaps for volume TopSiPMPV:78 (G4Box) ... OK! 
Checking overlaps for volume TopSiPMPV:79 (G4Box) ... OK! 
Checking overlaps for volume TopSiPMPV:80 (G4Box) ... OK! 
Checking overlaps for volume TopSiPMPV:81 (G4Box) ... OK! 
Checking overlaps for volume TopSiPMPV:82 (G4Box) ... OK! 
Checking overlaps for volume TopSiPMPV:83 (G4Box) ... OK! 
Checking overlaps for volume TopSiPMPV:84 (G4Box) ... OK! 
Checking overlaps for volume TopSiPMPV:85 (G4Box) ... OK! 
### Birks coefficients used in run time
G4WT18 > Accumulable registered as "NEndLeft"
G4WT18 > Accumulable registered as "NEndRight"
G4WT18 > Accumulable registered as "NTop"
G4WT18 > Accumulable registered as "NEventsWithHits"
G4WT18 > Accumulable registered as "NScintPhotons"
G4WT2 > Accumulable registered as "NEndLeft"
G4WT2 > Accumulable registered as "NEndRight"
G4WT2 > Accumulable registered as "NTop"
G4WT2 > Accumulable registered as "NEventsWithHits"
G4WT2 > Accumulable registered as "NScintPhotons"
G4WT9 > Accumulable registered as "NEndLeft"
G4WT9 > Accumulable registered as "NEndRight"
G4WT9 > Accumulable registered as "NTop"
G4WT9 > Accumulable registered as "NEventsWithHits"
G4WT9 > Accumulable registered as "NScintPhotons"
G4WT0 > Accumulable registered as "NEndLeft"
G4WT0 > Accumulable registered as "NEndRight"
G4WT0 > Accumulable registered as "NTop"
G4WT0 > Accumulable registered as "NEventsWithHits"
G4WT0 > Accumulable registered as "NScintPhotons"
G4WT21 > Accumulable registered as "NEndLeft"
G4WT21 > Accumulable registered as "NEndRight"
G4WT21 > Accumulable registered as "NTop"
G4WT21 > Accumulable registered as "NEventsWithHits"
G4WT21 > Accumulable registered as "NScintPhotons"
G4WT13 > Accumulable registered as "NEndLeft"
G4WT13 > Accumulable registered as "NEndRight"
G4WT13 > Accumulable registered as "NTop"
G4WT13 > Accumulable registered as "NEventsWithHits"
G4WT13 > Accumulable registered as "NScintPhotons"
G4WT22 > Accumulable registered as "NEndLeft"
G4WT22 > Accumulable registered as "NEndRight"
G4WT22 > Accumulable registered as "NTop"
G4WT22 > Accumulable registered as "NEventsWithHits"
G4WT22 > Accumulable registered as "NScintPhotons"
G4WT3 > Accumulable registered as "NEndLeft"
G4WT3 > Accumulable registered as "NEndRight"
G4WT3 > Accumulable registered as "NTop"
G4WT3 > Accumulable registered as "NEventsWithHits"
G4WT3 > Accumulable registered as "NScintPhotons"
G4WT8 > Accumulable registered as "NEndLeft"
G4WT8 > Accumulable registered as "NEndRight"
G4WT8 > Accumulable registered as "NTop"
G4WT8 > Accumulable registered as "NEventsWithHits"
G4WT8 > Accumulable registered as "NScintPhotons"
G4WT7 > Accumulable registered as "NEndLeft"
G4WT7 > Accumulable registered as "NEndRight"
G4WT7 > Accumulable registered as "NTop"
G4WT7 > Accumulable registered as "NEventsWithHits"
G4WT7 > Accumulable registered as "NScintPhotons"
G4WT6 > Accumulable registered as "NEndLeft"
G4WT6 > Accumulable registered as "NEndRight"
G4WT6 > Accumulable registered as "NTop"
G4WT6 > Accumulable registered as "NEventsWithHits"
G4WT6 > Accumulable registered as "NScintPhotons"
G4WT12 > Accumulable registered as "NEndLeft"
G4WT12 > Accumulable registered as "NEndRight"
G4WT16 > Accumulable registered as "NEndLeft"
G4WT12 > Accumulable registered as "NTop"
G4WT16 > Accumulable registered as "NEndRight"
G4WT16 > Accumulable registered as "NTop"
G4WT12 > Accumulable registered as "NEventsWithHits"
G4WT12 > Accumulable registered as "NScintPhotons"
G4WT16 > Accumulable registered as "NEventsWithHits"
G4WT16 > Accumulable registered as "NScintPhotons"
G4WT4 > Accumulable registered as "NEndLeft"
G4WT4 > Accumulable registered as "NEndRight"
G4WT4 > Accumulable registered as "NTop"
G4WT4 > Accumulable registered as "NEventsWithHits"
G4WT4 > Accumulable registered as "NScintPhotons"
G4WT23 > Accumulable registered as "NEndLeft"
G4WT15 > Accumulable registered as "NEndLeft"
G4WT15 > Accumulable registered as "NEndRight"
G4WT15 > Accumulable registered as "NTop"
G4WT23 > Accumulable registered as "NEndRight"
G4WT23 > Accumulable registered as "NTop"
G4WT15 > Accumulable registered as "NEventsWithHits"
G4WT15 > Accumulable registered as "NScintPhotons"
G4WT23 > Accumulable registered as "NEventsWithHits"
G4WT23 > Accumulable registered as "NScintPhotons"
G4WT10 > Accumulable registered as "NEndLeft"
G4WT10 > Accumulable registered as "NEndRight"
G4WT10 > Accumulable registered as "NTop"
G4WT10 > Accumulable registered as "NEventsWithHits"
G4WT10 > Accumulable registered as "NScintPhotons"
G4WT11 > Accumulable registered as "NEndLeft"
G4WT11 > Accumulable registered as "NEndRight"
G4WT11 > Accumulable registered as "NTop"
G4WT11 > Accumulable registered as "NEventsWithHits"
G4WT11 > Accumulable registered as "NScintPhotons"
G4WT5 > Accumulable registered as "NEndLeft"
G4WT5 > Accumulable registered as "NEndRight"
G4WT5 > Accumulable registered as "NTop"
G4WT5 > Accumulable registered as "NEventsWithHits"
G4WT5 > Accumulable registered as "NScintPhotons"
G4WT14 > Accumulable registered as "NEndLeft"
G4WT14 > Accumulable registered as "NEndRight"
G4WT14 > Accumulable registered as "NTop"
G4WT14 > Accumulable registered as "NEventsWithHits"
G4WT14 > Accumulable registered as "NScintPhotons"
G4WT19 > Accumulable registered as "NEndLeft"
G4WT19 > Accumulable registered as "NEndRight"
G4WT19 > Accumulable registered as "NTop"
G4WT19 > Accumulable registered as "NEventsWithHits"
G4WT19 > Accumulable registered as "NScintPhotons"
G4WT17 > Accumulable registered as "NEndLeft"
G4WT17 > Accumulable registered as "NEndRight"
G4WT17 > Accumulable registered as "NTop"
G4WT17 > Accumulable registered as "NEventsWithHits"
G4WT17 > Accumulable registered as "NScintPhotons"
G4WT20 > Accumulable registered as "NEndLeft"
G4WT20 > Accumulable registered as "NEndRight"
G4WT20 > Accumulable registered as "NTop"
G4WT20 > Accumulable registered as "NEventsWithHits"
G4WT20 > Accumulable registered as "NScintPhotons"
G4WT1 > Accumulable registered as "NEndLeft"
G4WT1 > Accumulable registered as "NEndRight"
G4WT1 > Accumulable registered as "NTop"
G4WT1 > Accumulable registered as "NEventsWithHits"
G4WT1 > Accumulable registered as "NScintPhotons"

=== Active Scintillator Baseline ===
  SSLG4 code            : OPSC-101
  Yield                 : 10400 ph/MeV
  Rise time tau_r       : 0.7 ns
  Decay time tau_d      : 1.8 ns
  Attenuation length    : 160 cm
  Emission peak lambda  : 408.8 nm
  Finite rise time      : enabled
=====================================

=== Active Readout / Wrapping Configuration ===
  Readout configuration : Top
  SiPM model            : AFBR-S4N66P024M
  SiPM PDE file         : /home/rrios/ej200/data/sipm/AFBR-S4N66P024M_pde.txt
  -X face               : wrapped
  +X face               : wrapped
  -Y face               : wrapped
  +Y face               : instrumented
  -Z face               : wrapped
  +Z face               : wrapped
  Reflector R           : 0.98
  Active End SiPMs      : 0 (L=0, R=0)
  Active Top SiPMs      : 70
==============================================
G4WT15 > 
=== EJ Scintillator Bar Run Summary ===
  Run ID                : 0
  Events run            : 108
  Events with ≥1 hit    : 108
  End-left  photons     : 0
  End-right photons     : 0
  Top SiPM  photons     : 523517
  Scint photons generated: 2150513
  Total photons detected : 523517
  Detection efficiency   : 24.3438 %
  ROOT output           : photon_hits_run000.root
==============================

G4WT14 > 
=== EJ Scintillator Bar Run Summary ===
  Run ID                : 0
  Events run            : 162
  Events with ≥1 hit    : 162
  End-left  photons     : 0
  End-right photons     : 0
  Top SiPM  photons     : 746091
  Scint photons generated: 3064850
  Total photons detected : 746091
  Detection efficiency   : 24.3435 %
  ROOT output           : photon_hits_run000.root
==============================

G4WT18 > 
=== EJ Scintillator Bar Run Summary ===
  Run ID                : 0
  Events run            : 108
  Events with ≥1 hit    : 108
  End-left  photons     : 0
  End-right photons     : 0
  Top SiPM  photons     : 516817
  Scint photons generated: 2127515
  Total photons detected : 516817
  Detection efficiency   : 24.2920 %
  ROOT output           : photon_hits_run000.root
==============================

G4WT17 > 
=== EJ Scintillator Bar Run Summary ===
  Run ID                : 0
  Events run            : 108
  Events with ≥1 hit    : 108
  End-left  photons     : 0
  End-right photons     : 0
  Top SiPM  photons     : 547777
  Scint photons generated: 2251093
  Total photons detected : 547777
  Detection efficiency   : 24.3338 %
  ROOT output           : photon_hits_run000.root
==============================

G4WT4 > 
=== EJ Scintillator Bar Run Summary ===
  Run ID                : 0
  Events run            : 162
  Events with ≥1 hit    : 162
  End-left  photons     : 0
  End-right photons     : 0
  Top SiPM  photons     : 782957
  Scint photons generated: 3215326
  Total photons detected : 782957
  Detection efficiency   : 24.3508 %
  ROOT output           : photon_hits_run000.root
==============================

G4WT22 > 
=== EJ Scintillator Bar Run Summary ===
  Run ID                : 0
  Events run            : 108
  Events with ≥1 hit    : 108
  End-left  photons     : 0
  End-right photons     : 0
  Top SiPM  photons     : 530385
  Scint photons generated: 2179455
  Total photons detected : 530385
  Detection efficiency   : 24.3357 %
  ROOT output           : photon_hits_run000.root
==============================

G4WT9 > 
=== EJ Scintillator Bar Run Summary ===
  Run ID                : 0
  Events run            : 108
  Events with ≥1 hit    : 108
  End-left  photons     : 0
  End-right photons     : 0
  Top SiPM  photons     : 527860
  Scint photons generated: 2168118
  Total photons detected : 527860
  Detection efficiency   : 24.3465 %
  ROOT output           : photon_hits_run000.root
==============================

G4WT5 > 
=== EJ Scintillator Bar Run Summary ===
  Run ID                : 0
  Events run            : 108
  Events with ≥1 hit    : 108
  End-left  photons     : 0
  End-right photons     : 0
  Top SiPM  photons     : 533681
  Scint photons generated: 2196324
  Total photons detected : 533681
  Detection efficiency   : 24.2988 %
  ROOT output           : photon_hits_run000.root
==============================

G4WT21 > 
=== EJ Scintillator Bar Run Summary ===
  Run ID                : 0
  Events run            : 108
  Events with ≥1 hit    : 108
  End-left  photons     : 0
  End-right photons     : 0
  Top SiPM  photons     : 531255
  Scint photons generated: 2183093
  Total photons detected : 531255
  Detection efficiency   : 24.3350 %
  ROOT output           : photon_hits_run000.root
==============================

G4WT7 > 
=== EJ Scintillator Bar Run Summary ===
  Run ID                : 0
  Events run            : 108
  Events with ≥1 hit    : 108
  End-left  photons     : 0
  End-right photons     : 0
  Top SiPM  photons     : 525562
  Scint photons generated: 2157633
  Total photons detected : 525562
  Detection efficiency   : 24.3583 %
  ROOT output           : photon_hits_run000.root
==============================

G4WT12 > 
=== EJ Scintillator Bar Run Summary ===
  Run ID                : 0
  Events run            : 108
  Events with ≥1 hit    : 108
  End-left  photons     : 0
  End-right photons     : 0
  Top SiPM  photons     : 524936
  Scint photons generated: 2150561
  Total photons detected : 524936
  Detection efficiency   : 24.4093 %
  ROOT output           : photon_hits_run000.root
==============================

G4WT23 > 
=== EJ Scintillator Bar Run Summary ===
  Run ID                : 0
  Events run            : 108
  Events with ≥1 hit    : 108
  End-left  photons     : 0
  End-right photons     : 0
  Top SiPM  photons     : 527283
  Scint photons generated: 2166845
  Total photons detected : 527283
  Detection efficiency   : 24.3341 %
  ROOT output           : photon_hits_run000.root
==============================

G4WT11 > 
=== EJ Scintillator Bar Run Summary ===
  Run ID                : 0
  Events run            : 162
  Events with ≥1 hit    : 162
  End-left  photons     : 0
  End-right photons     : 0
  Top SiPM  photons     : 760034
  Scint photons generated: 3125064
  Total photons detected : 760034
  Detection efficiency   : 24.3206 %
  ROOT output           : photon_hits_run000.root
==============================

G4WT19 > 
=== EJ Scintillator Bar Run Summary ===
  Run ID                : 0
  Events run            : 162
  Events with ≥1 hit    : 162
  End-left  photons     : 0
  End-right photons     : 0
  Top SiPM  photons     : 776744
  Scint photons generated: 3188630
  Total photons detected : 776744
  Detection efficiency   : 24.3598 %
  ROOT output           : photon_hits_run000.root
==============================

G4WT3 > 
=== EJ Scintillator Bar Run Summary ===
  Run ID                : 0
  Events run            : 162
  Events with ≥1 hit    : 162
  End-left  photons     : 0
  End-right photons     : 0
  Top SiPM  photons     : 789859
  Scint photons generated: 3236198
  Total photons detected : 789859
  Detection efficiency   : 24.4070 %
  ROOT output           : photon_hits_run000.root
==============================

G4WT13 > 
=== EJ Scintillator Bar Run Summary ===
  Run ID                : 0
  Events run            : 162
  Events with ≥1 hit    : 162
  End-left  photons     : 0
  End-right photons     : 0
  Top SiPM  photons     : 780492
  Scint photons generated: 3204810
  Total photons detected : 780492
  Detection efficiency   : 24.3538 %
  ROOT output           : photon_hits_run000.root
==============================

G4WT6 > 
=== EJ Scintillator Bar Run Summary ===
  Run ID                : 0
  Events run            : 138
  Events with ≥1 hit    : 138
  End-left  photons     : 0
  End-right photons     : 0
  Top SiPM  photons     : 662898
  Scint photons generated: 2727215
  Total photons detected : 662898
  Detection efficiency   : 24.3068 %
  ROOT output           : photon_hits_run000.root
==============================

G4WT16 > 
=== EJ Scintillator Bar Run Summary ===
  Run ID                : 0
  Events run            : 108
  Events with ≥1 hit    : 108
  End-left  photons     : 0
  End-right photons     : 0
  Top SiPM  photons     : 523973
  Scint photons generated: 2146554
  Total photons detected : 523973
  Detection efficiency   : 24.4100 %
  ROOT output           : photon_hits_run000.root
==============================

G4WT10 > 
=== EJ Scintillator Bar Run Summary ===
  Run ID                : 0
  Events run            : 108
  Events with ≥1 hit    : 108
  End-left  photons     : 0
  End-right photons     : 0
  Top SiPM  photons     : 517433
  Scint photons generated: 2129109
  Total photons detected : 517433
  Detection efficiency   : 24.3028 %
  ROOT output           : photon_hits_run000.root
==============================

G4WT8 > 
=== EJ Scintillator Bar Run Summary ===
  Run ID                : 0
  Events run            : 108
  Events with ≥1 hit    : 108
  End-left  photons     : 0
  End-right photons     : 0
  Top SiPM  photons     : 518205
  Scint photons generated: 2127503
  Total photons detected : 518205
  Detection efficiency   : 24.3574 %
  ROOT output           : photon_hits_run000.root
==============================

G4WT1 > 
=== EJ Scintillator Bar Run Summary ===
  Run ID                : 0
  Events run            : 108
  Events with ≥1 hit    : 108
  End-left  photons     : 0
  End-right photons     : 0
  Top SiPM  photons     : 520610
  Scint photons generated: 2136480
  Total photons detected : 520610
  Detection efficiency   : 24.3677 %
  ROOT output           : photon_hits_run000.root
==============================

G4WT0 > 
=== EJ Scintillator Bar Run Summary ===
  Run ID                : 0
  Events run            : 108
  Events with ≥1 hit    : 108
  End-left  photons     : 0
  End-right photons     : 0
  Top SiPM  photons     : 524556
  Scint photons generated: 2155384
  Total photons detected : 524556
  Detection efficiency   : 24.3370 %
  ROOT output           : photon_hits_run000.root
==============================

G4WT2 > 
=== EJ Scintillator Bar Run Summary ===
  Run ID                : 0
  Events run            : 162
  Events with ≥1 hit    : 162
  End-left  photons     : 0
  End-right photons     : 0
  Top SiPM  photons     : 788355
  Scint photons generated: 3241171
  Total photons detected : 788355
  Detection efficiency   : 24.3232 %
  ROOT output           : photon_hits_run000.root
==============================

G4WT20 > 
=== EJ Scintillator Bar Run Summary ===
  Run ID                : 0
  Events run            : 108
  Events with ≥1 hit    : 108
  End-left  photons     : 0
  End-right photons     : 0
  Top SiPM  photons     : 559100
  Scint photons generated: 2291572
  Total photons detected : 559100
  Detection efficiency   : 24.3981 %
  ROOT output           : photon_hits_run000.root
==============================


=== EJ Scintillator Bar Run Summary ===
  Run ID                : 0
  Events run            : 3000
  Events with ≥1 hit    : 3000
  End-left  photons     : 0
  End-right photons     : 0
  Top SiPM  photons     : 14540380
  Scint photons generated: 59721016
  Total photons detected : 14540380
  Detection efficiency   : 24.3472 %
  ROOT output           : photon_hits_run000.root
==============================


=== Boundary Census (diagnostic) ===
  Bar -> reflector panel   : 1129683889
  Bar -> World (escaped)   : 0
  Bar -> Bar (TIR/refl)    : 0
  Bar -> SiPM (entering)   : 23260024
  Killed in WorldLV        : 141882
====================================

[2026-06-11T22:01:42] DONE pairscan_x-432.0mm (entries=14540380.0)
[2026-06-11T22:01:42] START pairscan_x-433.0mm (x=-433.0 mm)

**************************************************************
 Geant4 version Name: geant4-11-04 [MT]   (5-December-2025)
  << in Multi-threaded mode >> 
                       Copyright : Geant4 Collaboration
                      References : NIM A 506 (2003), 250-303
                                 : IEEE-TNS 53 (2006), 270-278
                                 : NIM A 835 (2016), 186-225
                             WWW : http://geant4.org/
**************************************************************

Accumulable registered as "NEndLeft"
Accumulable registered as "NEndRight"
Accumulable registered as "NTop"
Accumulable registered as "NEventsWithHits"
Accumulable registered as "NScintPhotons"

-------- WWWW ------- G4Exception-START -------- WWWW -------
*** G4Exception : mat031
      issued by : G4Material::FillVectors()
For material opsc-101 sum of fractional masses 0.996667 is not 1 - results may be wrong

*** This is just a warning message. ***
-------- WWWW -------- G4Exception-END --------- WWWW -------

Checking overlaps for volume BarPV:0 (G4Box) ... OK! 
Checking overlaps for volume ReflectorYMinusPV:0 (G4Box) ... OK! 
Checking overlaps for volume ReflectorZMinusPV:3 (G4Box) ... OK! 
Checking overlaps for volume ReflectorZPlusPV:4 (G4Box) ... OK! 
Checking overlaps for volume ReflectorYPlusPV:5 (G4SubtractionSolid) ... OK! 
Checking overlaps for volume ReflectorXMinusPV:1 (G4Box) ... OK! 
Checking overlaps for volume ReflectorXPlusPV:2 (G4Box) ... OK! 
Checking overlaps for volume TopSiPMPV:16 (G4Box) ... OK! 
Checking overlaps for volume TopSiPMPV:17 (G4Box) ... OK! 
Checking overlaps for volume TopSiPMPV:18 (G4Box) ... OK! 
Checking overlaps for volume TopSiPMPV:19 (G4Box) ... OK! 
Checking overlaps for volume TopSiPMPV:20 (G4Box) ... OK! 
Checking overlaps for volume TopSiPMPV:21 (G4Box) ... OK! 
Checking overlaps for volume TopSiPMPV:22 (G4Box) ... OK! 
Checking overlaps for volume TopSiPMPV:23 (G4Box) ... OK! 
Checking overlaps for volume TopSiPMPV:24 (G4Box) ... OK! 
Checking overlaps for volume TopSiPMPV:25 (G4Box) ... OK! 
Checking overlaps for volume TopSiPMPV:26 (G4Box) ... OK! 
Checking overlaps for volume TopSiPMPV:27 (G4Box) ... OK! 
Checking overlaps for volume TopSiPMPV:28 (G4Box) ... OK! 
Checking overlaps for volume TopSiPMPV:29 (G4Box) ... OK! 
Checking overlaps for volume TopSiPMPV:30 (G4Box) ... OK! 
Checking overlaps for volume TopSiPMPV:31 (G4Box) ... OK! 
Checking overlaps for volume TopSiPMPV:32 (G4Box) ... OK! 
Checking overlaps for volume TopSiPMPV:33 (G4Box) ... OK! 
Checking overlaps for volume TopSiPMPV:34 (G4Box) ... OK! 
Checking overlaps for volume TopSiPMPV:35 (G4Box) ... OK! 
Checking overlaps for volume TopSiPMPV:36 (G4Box) ... OK! 
Checking overlaps for volume TopSiPMPV:37 (G4Box) ... OK! 
Checking overlaps for volume TopSiPMPV:38 (G4Box) ... OK! 
Checking overlaps for volume TopSiPMPV:39 (G4Box) ... OK! 
Checking overlaps for volume TopSiPMPV:40 (G4Box) ... OK! 
Checking overlaps for volume TopSiPMPV:41 (G4Box) ... OK! 
Checking overlaps for volume TopSiPMPV:42 (G4Box) ... OK! 
Checking overlaps for volume TopSiPMPV:43 (G4Box) ... OK! 
Checking overlaps for volume TopSiPMPV:44 (G4Box) ... OK! 
Checking overlaps for volume TopSiPMPV:45 (G4Box) ... OK! 
Checking overlaps for volume TopSiPMPV:46 (G4Box) ... OK! 
Checking overlaps for volume TopSiPMPV:47 (G4Box) ... OK! 
Checking overlaps for volume TopSiPMPV:48 (G4Box) ... OK! 
Checking overlaps for volume TopSiPMPV:49 (G4Box) ... OK! 
Checking overlaps for volume TopSiPMPV:50 (G4Box) ... OK! 
Checking overlaps for volume TopSiPMPV:51 (G4Box) ... OK! 
Checking overlaps for volume TopSiPMPV:52 (G4Box) ... OK! 
Checking overlaps for volume TopSiPMPV:53 (G4Box) ... OK! 
Checking overlaps for volume TopSiPMPV:54 (G4Box) ... OK! 
Checking overlaps for volume TopSiPMPV:55 (G4Box) ... OK! 
Checking overlaps for volume TopSiPMPV:56 (G4Box) ... OK! 
Checking overlaps for volume TopSiPMPV:57 (G4Box) ... OK! 
Checking overlaps for volume TopSiPMPV:58 (G4Box) ... OK! 
Checking overlaps for volume TopSiPMPV:59 (G4Box) ... OK! 
Checking overlaps for volume TopSiPMPV:60 (G4Box) ... OK! 
Checking overlaps for volume TopSiPMPV:61 (G4Box) ... OK! 
Checking overlaps for volume TopSiPMPV:62 (G4Box) ... OK! 
Checking overlaps for volume TopSiPMPV:63 (G4Box) ... OK! 
Checking overlaps for volume TopSiPMPV:64 (G4Box) ... OK! 
Checking overlaps for volume TopSiPMPV:65 (G4Box) ... OK! 
Checking overlaps for volume TopSiPMPV:66 (G4Box) ... OK! 
Checking overlaps for volume TopSiPMPV:67 (G4Box) ... OK! 
Checking overlaps for volume TopSiPMPV:68 (G4Box) ... OK! 
Checking overlaps for volume TopSiPMPV:69 (G4Box) ... OK! 
Checking overlaps for volume TopSiPMPV:70 (G4Box) ... OK! 
Checking overlaps for volume TopSiPMPV:71 (G4Box) ... OK! 
Checking overlaps for volume TopSiPMPV:72 (G4Box) ... OK! 
Checking overlaps for volume TopSiPMPV:73 (G4Box) ... OK! 
Checking overlaps for volume TopSiPMPV:74 (G4Box) ... OK! 
Checking overlaps for volume TopSiPMPV:75 (G4Box) ... OK! 
Checking overlaps for volume TopSiPMPV:76 (G4Box) ... OK! 
Checking overlaps for volume TopSiPMPV:77 (G4Box) ... OK! 
Checking overlaps for volume TopSiPMPV:78 (G4Box) ... OK! 
Checking overlaps for volume TopSiPMPV:79 (G4Box) ... OK! 
Checking overlaps for volume TopSiPMPV:80 (G4Box) ... OK! 
Checking overlaps for volume TopSiPMPV:81 (G4Box) ... OK! 
Checking overlaps for volume TopSiPMPV:82 (G4Box) ... OK! 
Checking overlaps for volume TopSiPMPV:83 (G4Box) ... OK! 
Checking overlaps for volume TopSiPMPV:84 (G4Box) ... OK! 
Checking overlaps for volume TopSiPMPV:85 (G4Box) ... OK! 
### Birks coefficients used in run time
G4WT22 > Accumulable registered as "NEndLeft"
G4WT22 > Accumulable registered as "NEndRight"
G4WT22 > Accumulable registered as "NTop"
G4WT22 > Accumulable registered as "NEventsWithHits"
G4WT22 > Accumulable registered as "NScintPhotons"
G4WT4 > Accumulable registered as "NEndLeft"
G4WT4 > Accumulable registered as "NEndRight"
G4WT4 > Accumulable registered as "NTop"
G4WT4 > Accumulable registered as "NEventsWithHits"
G4WT4 > Accumulable registered as "NScintPhotons"
G4WT11 > Accumulable registered as "NEndLeft"
G4WT11 > Accumulable registered as "NEndRight"
G4WT11 > Accumulable registered as "NTop"
G4WT11 > Accumulable registered as "NEventsWithHits"
G4WT11 > Accumulable registered as "NScintPhotons"
G4WT20 > Accumulable registered as "NEndLeft"
G4WT20 > Accumulable registered as "NEndRight"
G4WT20 > Accumulable registered as "NTop"
G4WT20 > Accumulable registered as "NEventsWithHits"
G4WT20 > Accumulable registered as "NScintPhotons"
G4WT0 > Accumulable registered as "NEndLeft"
G4WT0 > Accumulable registered as "NEndRight"
G4WT0 > Accumulable registered as "NTop"
G4WT0 > Accumulable registered as "NEventsWithHits"
G4WT0 > Accumulable registered as "NScintPhotons"
G4WT16 > Accumulable registered as "NEndLeft"
G4WT16 > Accumulable registered as "NEndRight"
G4WT16 > Accumulable registered as "NTop"
G4WT16 > Accumulable registered as "NEventsWithHits"
G4WT16 > Accumulable registered as "NScintPhotons"
G4WT9 > Accumulable registered as "NEndLeft"
G4WT9 > Accumulable registered as "NEndRight"
G4WT9 > Accumulable registered as "NTop"
G4WT9 > Accumulable registered as "NEventsWithHits"
G4WT9 > Accumulable registered as "NScintPhotons"
G4WT12 > Accumulable registered as "NEndLeft"
G4WT12 > Accumulable registered as "NEndRight"
G4WT12 > Accumulable registered as "NTop"
G4WT12 > Accumulable registered as "NEventsWithHits"
G4WT12 > Accumulable registered as "NScintPhotons"
G4WT15 > Accumulable registered as "NEndLeft"
G4WT15 > Accumulable registered as "NEndRight"
G4WT15 > Accumulable registered as "NTop"
G4WT15 > Accumulable registered as "NEventsWithHits"
G4WT15 > Accumulable registered as "NScintPhotons"
G4WT3 > Accumulable registered as "NEndLeft"
G4WT3 > Accumulable registered as "NEndRight"
G4WT3 > Accumulable registered as "NTop"
G4WT3 > Accumulable registered as "NEventsWithHits"
G4WT3 > Accumulable registered as "NScintPhotons"
G4WT17 > Accumulable registered as "NEndLeft"
G4WT17 > Accumulable registered as "NEndRight"
G4WT17 > Accumulable registered as "NTop"
G4WT17 > Accumulable registered as "NEventsWithHits"
G4WT17 > Accumulable registered as "NScintPhotons"
G4WT2 > Accumulable registered as "NEndLeft"
G4WT2 > Accumulable registered as "NEndRight"
G4WT2 > Accumulable registered as "NTop"
G4WT2 > Accumulable registered as "NEventsWithHits"
G4WT2 > Accumulable registered as "NScintPhotons"
G4WT8 > Accumulable registered as "NEndLeft"
G4WT8 > Accumulable registered as "NEndRight"
G4WT6 > Accumulable registered as "NEndLeft"
G4WT6 > Accumulable registered as "NEndRight"
G4WT6 > Accumulable registered as "NTop"
G4WT6 > Accumulable registered as "NEventsWithHits"
G4WT8 > Accumulable registered as "NTop"
G4WT8 > Accumulable registered as "NEventsWithHits"
G4WT6 > Accumulable registered as "NScintPhotons"
G4WT8 > Accumulable registered as "NScintPhotons"
G4WT1 > Accumulable registered as "NEndLeft"
G4WT1 > Accumulable registered as "NEndRight"
G4WT1 > Accumulable registered as "NTop"
G4WT1 > Accumulable registered as "NEventsWithHits"
G4WT1 > Accumulable registered as "NScintPhotons"
G4WT14 > Accumulable registered as "NEndLeft"
G4WT14 > Accumulable registered as "NEndRight"
G4WT14 > Accumulable registered as "NTop"
G4WT14 > Accumulable registered as "NEventsWithHits"
G4WT14 > Accumulable registered as "NScintPhotons"
G4WT18 > Accumulable registered as "NEndLeft"
G4WT18 > Accumulable registered as "NEndRight"
G4WT18 > Accumulable registered as "NTop"
G4WT18 > Accumulable registered as "NEventsWithHits"
G4WT18 > Accumulable registered as "NScintPhotons"
G4WT13 > Accumulable registered as "NEndLeft"
G4WT13 > Accumulable registered as "NEndRight"
G4WT13 > Accumulable registered as "NTop"
G4WT13 > Accumulable registered as "NEventsWithHits"
G4WT13 > Accumulable registered as "NScintPhotons"
G4WT10 > Accumulable registered as "NEndLeft"
G4WT10 > Accumulable registered as "NEndRight"
G4WT10 > Accumulable registered as "NTop"
G4WT10 > Accumulable registered as "NEventsWithHits"
G4WT10 > Accumulable registered as "NScintPhotons"
G4WT21 > Accumulable registered as "NEndLeft"
G4WT21 > Accumulable registered as "NEndRight"
G4WT21 > Accumulable registered as "NTop"
G4WT21 > Accumulable registered as "NEventsWithHits"
G4WT21 > Accumulable registered as "NScintPhotons"
G4WT23 > Accumulable registered as "NEndLeft"
G4WT23 > Accumulable registered as "NEndRight"
G4WT23 > Accumulable registered as "NTop"
G4WT23 > Accumulable registered as "NEventsWithHits"
G4WT23 > Accumulable registered as "NScintPhotons"
G4WT7 > Accumulable registered as "NEndLeft"
G4WT7 > Accumulable registered as "NEndRight"
G4WT7 > Accumulable registered as "NTop"
G4WT7 > Accumulable registered as "NEventsWithHits"
G4WT7 > Accumulable registered as "NScintPhotons"
G4WT5 > Accumulable registered as "NEndLeft"
G4WT5 > Accumulable registered as "NEndRight"
G4WT5 > Accumulable registered as "NTop"
G4WT5 > Accumulable registered as "NEventsWithHits"
G4WT5 > Accumulable registered as "NScintPhotons"
G4WT19 > Accumulable registered as "NEndLeft"
G4WT19 > Accumulable registered as "NEndRight"
G4WT19 > Accumulable registered as "NTop"
G4WT19 > Accumulable registered as "NEventsWithHits"
G4WT19 > Accumulable registered as "NScintPhotons"

=== Active Scintillator Baseline ===
  SSLG4 code            : OPSC-101
  Yield                 : 10400 ph/MeV
  Rise time tau_r       : 0.7 ns
  Decay time tau_d      : 1.8 ns
  Attenuation length    : 160 cm
  Emission peak lambda  : 408.8 nm
  Finite rise time      : enabled
=====================================

=== Active Readout / Wrapping Configuration ===
  Readout configuration : Top
  SiPM model            : AFBR-S4N66P024M
  SiPM PDE file         : /home/rrios/ej200/data/sipm/AFBR-S4N66P024M_pde.txt
  -X face               : wrapped
  +X face               : wrapped
  -Y face               : wrapped
  +Y face               : instrumented
  -Z face               : wrapped
  +Z face               : wrapped
  Reflector R           : 0.98
  Active End SiPMs      : 0 (L=0, R=0)
  Active Top SiPMs      : 70
==============================================
G4WT6 > 
=== EJ Scintillator Bar Run Summary ===
  Run ID                : 0
  Events run            : 108
  Events with ≥1 hit    : 108
  End-left  photons     : 0
  End-right photons     : 0
  Top SiPM  photons     : 527741
  Scint photons generated: 2173944
  Total photons detected : 527741
  Detection efficiency   : 24.2757 %
  ROOT output           : photon_hits_run000.root
==============================

G4WT21 > 
=== EJ Scintillator Bar Run Summary ===
  Run ID                : 0
  Events run            : 162
  Events with ≥1 hit    : 162
  End-left  photons     : 0
  End-right photons     : 0
  Top SiPM  photons     : 807048
  Scint photons generated: 3327031
  Total photons detected : 807048
  Detection efficiency   : 24.2573 %
  ROOT output           : photon_hits_run000.root
==============================

G4WT3 > 
=== EJ Scintillator Bar Run Summary ===
  Run ID                : 0
  Events run            : 162
  Events with ≥1 hit    : 162
  End-left  photons     : 0
  End-right photons     : 0
  Top SiPM  photons     : 769325
  Scint photons generated: 3174767
  Total photons detected : 769325
  Detection efficiency   : 24.2325 %
  ROOT output           : photon_hits_run000.root
==============================

G4WT16 > 
=== EJ Scintillator Bar Run Summary ===
  Run ID                : 0
  Events run            : 162
  Events with ≥1 hit    : 162
  End-left  photons     : 0
  End-right photons     : 0
  Top SiPM  photons     : 801497
  Scint photons generated: 3298684
  Total photons detected : 801497
  Detection efficiency   : 24.2975 %
  ROOT output           : photon_hits_run000.root
==============================

G4WT0 > 
=== EJ Scintillator Bar Run Summary ===
  Run ID                : 0
  Events run            : 108
  Events with ≥1 hit    : 108
  End-left  photons     : 0
  End-right photons     : 0
  Top SiPM  photons     : 522632
  Scint photons generated: 2156506
  Total photons detected : 522632
  Detection efficiency   : 24.2351 %
  ROOT output           : photon_hits_run000.root
==============================

G4WT2 > 
=== EJ Scintillator Bar Run Summary ===
  Run ID                : 0
  Events run            : 162
  Events with ≥1 hit    : 162
  End-left  photons     : 0
  End-right photons     : 0
  Top SiPM  photons     : 766212
  Scint photons generated: 3160419
  Total photons detected : 766212
  Detection efficiency   : 24.2440 %
  ROOT output           : photon_hits_run000.root
==============================

G4WT14 > 
=== EJ Scintillator Bar Run Summary ===
  Run ID                : 0
  Events run            : 162
  Events with ≥1 hit    : 162
  End-left  photons     : 0
  End-right photons     : 0
  Top SiPM  photons     : 787376
  Scint photons generated: 3239175
  Total photons detected : 787376
  Detection efficiency   : 24.3079 %
  ROOT output           : photon_hits_run000.root
==============================

G4WT7 > 
=== EJ Scintillator Bar Run Summary ===
  Run ID                : 0
  Events run            : 108
  Events with ≥1 hit    : 108
  End-left  photons     : 0
  End-right photons     : 0
  Top SiPM  photons     : 531633
  Scint photons generated: 2189712
  Total photons detected : 531633
  Detection efficiency   : 24.2787 %
  ROOT output           : photon_hits_run000.root
==============================

G4WT17 > 
=== EJ Scintillator Bar Run Summary ===
  Run ID                : 0
  Events run            : 162
  Events with ≥1 hit    : 162
  End-left  photons     : 0
  End-right photons     : 0
  Top SiPM  photons     : 777740
  Scint photons generated: 3206415
  Total photons detected : 777740
  Detection efficiency   : 24.2557 %
  ROOT output           : photon_hits_run000.root
==============================

G4WT19 > 
=== EJ Scintillator Bar Run Summary ===
  Run ID                : 0
  Events run            : 108
  Events with ≥1 hit    : 108
  End-left  photons     : 0
  End-right photons     : 0
  Top SiPM  photons     : 522630
  Scint photons generated: 2151158
  Total photons detected : 522630
  Detection efficiency   : 24.2953 %
  ROOT output           : photon_hits_run000.root
==============================

G4WT20 > 
=== EJ Scintillator Bar Run Summary ===
  Run ID                : 0
  Events run            : 108
  Events with ≥1 hit    : 108
  End-left  photons     : 0
  End-right photons     : 0
  Top SiPM  photons     : 534503
  Scint photons generated: 2210010
  Total photons detected : 534503
  Detection efficiency   : 24.1855 %
  ROOT output           : photon_hits_run000.root
==============================

G4WT8 > 
=== EJ Scintillator Bar Run Summary ===
  Run ID                : 0
  Events run            : 108
  Events with ≥1 hit    : 108
  End-left  photons     : 0
  End-right photons     : 0
  Top SiPM  photons     : 535231
  Scint photons generated: 2204425
  Total photons detected : 535231
  Detection efficiency   : 24.2798 %
  ROOT output           : photon_hits_run000.root
==============================

G4WT1 > 
=== EJ Scintillator Bar Run Summary ===
  Run ID                : 0
  Events run            : 108
  Events with ≥1 hit    : 108
  End-left  photons     : 0
  End-right photons     : 0
  Top SiPM  photons     : 540498
  Scint photons generated: 2231432
  Total photons detected : 540498
  Detection efficiency   : 24.2220 %
  ROOT output           : photon_hits_run000.root
==============================

G4WT11 > 
=== EJ Scintillator Bar Run Summary ===
  Run ID                : 0
  Events run            : 108
  Events with ≥1 hit    : 108
  End-left  photons     : 0
  End-right photons     : 0
  Top SiPM  photons     : 525639
  Scint photons generated: 2165830
  Total photons detected : 525639
  Detection efficiency   : 24.2696 %
  ROOT output           : photon_hits_run000.root
==============================

G4WT18 > 
=== EJ Scintillator Bar Run Summary ===
  Run ID                : 0
  Events run            : 138
  Events with ≥1 hit    : 138
  End-left  photons     : 0
  End-right photons     : 0
  Top SiPM  photons     : 667270
  Scint photons generated: 2752191
  Total photons detected : 667270
  Detection efficiency   : 24.2450 %
  ROOT output           : photon_hits_run000.root
==============================

G4WT13 > 
=== EJ Scintillator Bar Run Summary ===
  Run ID                : 0
  Events run            : 108
  Events with ≥1 hit    : 108
  End-left  photons     : 0
  End-right photons     : 0
  Top SiPM  photons     : 523573
  Scint photons generated: 2161550
  Total photons detected : 523573
  Detection efficiency   : 24.2221 %
  ROOT output           : photon_hits_run000.root
==============================

G4WT5 > 
=== EJ Scintillator Bar Run Summary ===
  Run ID                : 0
  Events run            : 162
  Events with ≥1 hit    : 162
  End-left  photons     : 0
  End-right photons     : 0
  Top SiPM  photons     : 777795
  Scint photons generated: 3204271
  Total photons detected : 777795
  Detection efficiency   : 24.2737 %
  ROOT output           : photon_hits_run000.root
==============================

G4WT22 > 
=== EJ Scintillator Bar Run Summary ===
  Run ID                : 0
  Events run            : 108
  Events with ≥1 hit    : 108
  End-left  photons     : 0
  End-right photons     : 0
  Top SiPM  photons     : 519597
  Scint photons generated: 2144053
  Total photons detected : 519597
  Detection efficiency   : 24.2343 %
  ROOT output           : photon_hits_run000.root
==============================

G4WT10 > 
=== EJ Scintillator Bar Run Summary ===
  Run ID                : 0
  Events run            : 108
  Events with ≥1 hit    : 108
  End-left  photons     : 0
  End-right photons     : 0
  Top SiPM  photons     : 540448
  Scint photons generated: 2227572
  Total photons detected : 540448
  Detection efficiency   : 24.2618 %
  ROOT output           : photon_hits_run000.root
==============================

G4WT9 > 
=== EJ Scintillator Bar Run Summary ===
  Run ID                : 0
  Events run            : 108
  Events with ≥1 hit    : 108
  End-left  photons     : 0
  End-right photons     : 0
  Top SiPM  photons     : 527600
  Scint photons generated: 2176924
  Total photons detected : 527600
  Detection efficiency   : 24.2360 %
  ROOT output           : photon_hits_run000.root
==============================

G4WT15 > 
=== EJ Scintillator Bar Run Summary ===
  Run ID                : 0
  Events run            : 108
  Events with ≥1 hit    : 108
  End-left  photons     : 0
  End-right photons     : 0
  Top SiPM  photons     : 548917
  Scint photons generated: 2262923
  Total photons detected : 548917
  Detection efficiency   : 24.2570 %
  ROOT output           : photon_hits_run000.root
==============================

G4WT12 > 
=== EJ Scintillator Bar Run Summary ===
  Run ID                : 0
  Events run            : 108
  Events with ≥1 hit    : 108
  End-left  photons     : 0
  End-right photons     : 0
  Top SiPM  photons     : 517730
  Scint photons generated: 2135825
  Total photons detected : 517730
  Detection efficiency   : 24.2403 %
  ROOT output           : photon_hits_run000.root
==============================

G4WT4 > 
=== EJ Scintillator Bar Run Summary ===
  Run ID                : 0
  Events run            : 108
  Events with ≥1 hit    : 108
  End-left  photons     : 0
  End-right photons     : 0
  Top SiPM  photons     : 538357
  Scint photons generated: 2217033
  Total photons detected : 538357
  Detection efficiency   : 24.2828 %
  ROOT output           : photon_hits_run000.root
==============================

G4WT23 > 
=== EJ Scintillator Bar Run Summary ===
  Run ID                : 0
  Events run            : 108
  Events with ≥1 hit    : 108
  End-left  photons     : 0
  End-right photons     : 0
  Top SiPM  photons     : 533210
  Scint photons generated: 2199421
  Total photons detected : 533210
  Detection efficiency   : 24.2432 %
  ROOT output           : photon_hits_run000.root
==============================


=== EJ Scintillator Bar Run Summary ===
  Run ID                : 0
  Events run            : 3000
  Events with ≥1 hit    : 3000
  End-left  photons     : 0
  End-right photons     : 0
  Top SiPM  photons     : 14644202
  Scint photons generated: 60371271
  Total photons detected : 14644202
  Detection efficiency   : 24.2569 %
  ROOT output           : photon_hits_run000.root
==============================


=== Boundary Census (diagnostic) ===
  Bar -> reflector panel   : 1144569348
  Bar -> World (escaped)   : 0
  Bar -> Bar (TIR/refl)    : 0
  Bar -> SiPM (entering)   : 23420593
  Killed in WorldLV        : 142698
====================================

[2026-06-11T22:07:10] DONE pairscan_x-433.0mm (entries=14644202.0)
[2026-06-11T22:07:10] START pairscan_x-434.0mm (x=-434.0 mm)

**************************************************************
 Geant4 version Name: geant4-11-04 [MT]   (5-December-2025)
  << in Multi-threaded mode >> 
                       Copyright : Geant4 Collaboration
                      References : NIM A 506 (2003), 250-303
                                 : IEEE-TNS 53 (2006), 270-278
                                 : NIM A 835 (2016), 186-225
                             WWW : http://geant4.org/
**************************************************************

Accumulable registered as "NEndLeft"
Accumulable registered as "NEndRight"
Accumulable registered as "NTop"
Accumulable registered as "NEventsWithHits"
Accumulable registered as "NScintPhotons"

-------- WWWW ------- G4Exception-START -------- WWWW -------
*** G4Exception : mat031
      issued by : G4Material::FillVectors()
For material opsc-101 sum of fractional masses 0.996667 is not 1 - results may be wrong

*** This is just a warning message. ***
-------- WWWW -------- G4Exception-END --------- WWWW -------

Checking overlaps for volume BarPV:0 (G4Box) ... OK! 
Checking overlaps for volume ReflectorYMinusPV:0 (G4Box) ... OK! 
Checking overlaps for volume ReflectorZMinusPV:3 (G4Box) ... OK! 
Checking overlaps for volume ReflectorZPlusPV:4 (G4Box) ... OK! 
Checking overlaps for volume ReflectorYPlusPV:5 (G4SubtractionSolid) ... OK! 
Checking overlaps for volume ReflectorXMinusPV:1 (G4Box) ... OK! 
Checking overlaps for volume ReflectorXPlusPV:2 (G4Box) ... OK! 
Checking overlaps for volume TopSiPMPV:16 (G4Box) ... OK! 
Checking overlaps for volume TopSiPMPV:17 (G4Box) ... OK! 
Checking overlaps for volume TopSiPMPV:18 (G4Box) ... OK! 
Checking overlaps for volume TopSiPMPV:19 (G4Box) ... OK! 
Checking overlaps for volume TopSiPMPV:20 (G4Box) ... OK! 
Checking overlaps for volume TopSiPMPV:21 (G4Box) ... OK! 
Checking overlaps for volume TopSiPMPV:22 (G4Box) ... OK! 
Checking overlaps for volume TopSiPMPV:23 (G4Box) ... OK! 
Checking overlaps for volume TopSiPMPV:24 (G4Box) ... OK! 
Checking overlaps for volume TopSiPMPV:25 (G4Box) ... OK! 
Checking overlaps for volume TopSiPMPV:26 (G4Box) ... OK! 
Checking overlaps for volume TopSiPMPV:27 (G4Box) ... OK! 
Checking overlaps for volume TopSiPMPV:28 (G4Box) ... OK! 
Checking overlaps for volume TopSiPMPV:29 (G4Box) ... OK! 
Checking overlaps for volume TopSiPMPV:30 (G4Box) ... OK! 
Checking overlaps for volume TopSiPMPV:31 (G4Box) ... OK! 
Checking overlaps for volume TopSiPMPV:32 (G4Box) ... OK! 
Checking overlaps for volume TopSiPMPV:33 (G4Box) ... OK! 
Checking overlaps for volume TopSiPMPV:34 (G4Box) ... OK! 
Checking overlaps for volume TopSiPMPV:35 (G4Box) ... OK! 
Checking overlaps for volume TopSiPMPV:36 (G4Box) ... OK! 
Checking overlaps for volume TopSiPMPV:37 (G4Box) ... OK! 
Checking overlaps for volume TopSiPMPV:38 (G4Box) ... OK! 
Checking overlaps for volume TopSiPMPV:39 (G4Box) ... OK! 
Checking overlaps for volume TopSiPMPV:40 (G4Box) ... OK! 
Checking overlaps for volume TopSiPMPV:41 (G4Box) ... OK! 
Checking overlaps for volume TopSiPMPV:42 (G4Box) ... OK! 
Checking overlaps for volume TopSiPMPV:43 (G4Box) ... OK! 
Checking overlaps for volume TopSiPMPV:44 (G4Box) ... OK! 
Checking overlaps for volume TopSiPMPV:45 (G4Box) ... OK! 
Checking overlaps for volume TopSiPMPV:46 (G4Box) ... OK! 
Checking overlaps for volume TopSiPMPV:47 (G4Box) ... OK! 
Checking overlaps for volume TopSiPMPV:48 (G4Box) ... OK! 
Checking overlaps for volume TopSiPMPV:49 (G4Box) ... OK! 
Checking overlaps for volume TopSiPMPV:50 (G4Box) ... OK! 
Checking overlaps for volume TopSiPMPV:51 (G4Box) ... OK! 
Checking overlaps for volume TopSiPMPV:52 (G4Box) ... OK! 
Checking overlaps for volume TopSiPMPV:53 (G4Box) ... OK! 
Checking overlaps for volume TopSiPMPV:54 (G4Box) ... OK! 
Checking overlaps for volume TopSiPMPV:55 (G4Box) ... OK! 
Checking overlaps for volume TopSiPMPV:56 (G4Box) ... OK! 
Checking overlaps for volume TopSiPMPV:57 (G4Box) ... OK! 
Checking overlaps for volume TopSiPMPV:58 (G4Box) ... OK! 
Checking overlaps for volume TopSiPMPV:59 (G4Box) ... OK! 
Checking overlaps for volume TopSiPMPV:60 (G4Box) ... OK! 
Checking overlaps for volume TopSiPMPV:61 (G4Box) ... OK! 
Checking overlaps for volume TopSiPMPV:62 (G4Box) ... OK! 
Checking overlaps for volume TopSiPMPV:63 (G4Box) ... OK! 
Checking overlaps for volume TopSiPMPV:64 (G4Box) ... OK! 
Checking overlaps for volume TopSiPMPV:65 (G4Box) ... OK! 
Checking overlaps for volume TopSiPMPV:66 (G4Box) ... OK! 
Checking overlaps for volume TopSiPMPV:67 (G4Box) ... OK! 
Checking overlaps for volume TopSiPMPV:68 (G4Box) ... OK! 
Checking overlaps for volume TopSiPMPV:69 (G4Box) ... OK! 
Checking overlaps for volume TopSiPMPV:70 (G4Box) ... OK! 
Checking overlaps for volume TopSiPMPV:71 (G4Box) ... OK! 
Checking overlaps for volume TopSiPMPV:72 (G4Box) ... OK! 
Checking overlaps for volume TopSiPMPV:73 (G4Box) ... OK! 
Checking overlaps for volume TopSiPMPV:74 (G4Box) ... OK! 
Checking overlaps for volume TopSiPMPV:75 (G4Box) ... OK! 
Checking overlaps for volume TopSiPMPV:76 (G4Box) ... OK! 
Checking overlaps for volume TopSiPMPV:77 (G4Box) ... OK! 
Checking overlaps for volume TopSiPMPV:78 (G4Box) ... OK! 
Checking overlaps for volume TopSiPMPV:79 (G4Box) ... OK! 
Checking overlaps for volume TopSiPMPV:80 (G4Box) ... OK! 
Checking overlaps for volume TopSiPMPV:81 (G4Box) ... OK! 
Checking overlaps for volume TopSiPMPV:82 (G4Box) ... OK! 
Checking overlaps for volume TopSiPMPV:83 (G4Box) ... OK! 
Checking overlaps for volume TopSiPMPV:84 (G4Box) ... OK! 
Checking overlaps for volume TopSiPMPV:85 (G4Box) ... OK! 
### Birks coefficients used in run time
G4WT14 > Accumulable registered as "NEndLeft"
G4WT14 > Accumulable registered as "NEndRight"
G4WT14 > Accumulable registered as "NTop"
G4WT14 > Accumulable registered as "NEventsWithHits"
G4WT14 > Accumulable registered as "NScintPhotons"
G4WT2 > Accumulable registered as "NEndLeft"
G4WT2 > Accumulable registered as "NEndRight"
G4WT2 > Accumulable registered as "NTop"
G4WT2 > Accumulable registered as "NEventsWithHits"
G4WT2 > Accumulable registered as "NScintPhotons"
G4WT13 > Accumulable registered as "NEndLeft"
G4WT13 > Accumulable registered as "NEndRight"
G4WT13 > Accumulable registered as "NTop"
G4WT13 > Accumulable registered as "NEventsWithHits"
G4WT13 > Accumulable registered as "NScintPhotons"
G4WT20 > Accumulable registered as "NEndLeft"
G4WT20 > Accumulable registered as "NEndRight"
G4WT20 > Accumulable registered as "NTop"
G4WT20 > Accumulable registered as "NEventsWithHits"
G4WT20 > Accumulable registered as "NScintPhotons"
G4WT3 > Accumulable registered as "NEndLeft"
G4WT3 > Accumulable registered as "NEndRight"
G4WT3 > Accumulable registered as "NTop"
G4WT3 > Accumulable registered as "NEventsWithHits"
G4WT3 > Accumulable registered as "NScintPhotons"
G4WT15 > Accumulable registered as "NEndLeft"
G4WT15 > Accumulable registered as "NEndRight"
G4WT15 > Accumulable registered as "NTop"
G4WT15 > Accumulable registered as "NEventsWithHits"
G4WT15 > Accumulable registered as "NScintPhotons"
G4WT16 > Accumulable registered as "NEndLeft"
G4WT16 > Accumulable registered as "NEndRight"
G4WT16 > Accumulable registered as "NTop"
G4WT16 > Accumulable registered as "NEventsWithHits"
G4WT16 > Accumulable registered as "NScintPhotons"
G4WT21 > Accumulable registered as "NEndLeft"
G4WT21 > Accumulable registered as "NEndRight"
G4WT21 > Accumulable registered as "NTop"
G4WT21 > Accumulable registered as "NEventsWithHits"
G4WT21 > Accumulable registered as "NScintPhotons"
G4WT5 > Accumulable registered as "NEndLeft"
G4WT5 > Accumulable registered as "NEndRight"
G4WT5 > Accumulable registered as "NTop"
G4WT5 > Accumulable registered as "NEventsWithHits"
G4WT5 > Accumulable registered as "NScintPhotons"
G4WT6 > Accumulable registered as "NEndLeft"
G4WT6 > Accumulable registered as "NEndRight"
G4WT6 > Accumulable registered as "NTop"
G4WT6 > Accumulable registered as "NEventsWithHits"
G4WT6 > Accumulable registered as "NScintPhotons"
G4WT12 > Accumulable registered as "NEndLeft"
G4WT12 > Accumulable registered as "NEndRight"
G4WT12 > Accumulable registered as "NTop"
G4WT12 > Accumulable registered as "NEventsWithHits"
G4WT12 > Accumulable registered as "NScintPhotons"
G4WT9 > Accumulable registered as "NEndLeft"
G4WT9 > Accumulable registered as "NEndRight"
G4WT9 > Accumulable registered as "NTop"
G4WT9 > Accumulable registered as "NEventsWithHits"
G4WT22 > Accumulable registered as "NEndLeft"
G4WT9 > Accumulable registered as "NScintPhotons"
G4WT22 > Accumulable registered as "NEndRight"
G4WT22 > Accumulable registered as "NTop"
G4WT22 > Accumulable registered as "NEventsWithHits"
G4WT22 > Accumulable registered as "NScintPhotons"
G4WT7 > Accumulable registered as "NEndLeft"
G4WT7 > Accumulable registered as "NEndRight"
G4WT7 > Accumulable registered as "NTop"
G4WT7 > Accumulable registered as "NEventsWithHits"
G4WT7 > Accumulable registered as "NScintPhotons"
G4WT11 > Accumulable registered as "NEndLeft"
G4WT11 > Accumulable registered as "NEndRight"
G4WT11 > Accumulable registered as "NTop"
G4WT11 > Accumulable registered as "NEventsWithHits"
G4WT11 > Accumulable registered as "NScintPhotons"
G4WT23 > Accumulable registered as "NEndLeft"
G4WT23 > Accumulable registered as "NEndRight"
G4WT23 > Accumulable registered as "NTop"
G4WT23 > Accumulable registered as "NEventsWithHits"
G4WT23 > Accumulable registered as "NScintPhotons"
G4WT8 > Accumulable registered as "NEndLeft"
G4WT8 > Accumulable registered as "NEndRight"
G4WT8 > Accumulable registered as "NTop"
G4WT8 > Accumulable registered as "NEventsWithHits"
G4WT8 > Accumulable registered as "NScintPhotons"
G4WT19 > Accumulable registered as "NEndLeft"
G4WT19 > Accumulable registered as "NEndRight"
G4WT19 > Accumulable registered as "NTop"
G4WT17 > Accumulable registered as "NEndLeft"
G4WT17 > Accumulable registered as "NEndRight"
G4WT17 > Accumulable registered as "NTop"
G4WT19 > Accumulable registered as "NEventsWithHits"
G4WT19 > Accumulable registered as "NScintPhotons"
G4WT17 > Accumulable registered as "NEventsWithHits"
G4WT17 > Accumulable registered as "NScintPhotons"
G4WT1 > Accumulable registered as "NEndLeft"
G4WT1 > Accumulable registered as "NEndRight"
G4WT1 > Accumulable registered as "NTop"
G4WT1 > Accumulable registered as "NEventsWithHits"
G4WT1 > Accumulable registered as "NScintPhotons"
G4WT4 > Accumulable registered as "NEndLeft"
G4WT4 > Accumulable registered as "NEndRight"
G4WT4 > Accumulable registered as "NTop"
G4WT4 > Accumulable registered as "NEventsWithHits"
G4WT4 > Accumulable registered as "NScintPhotons"
G4WT10 > Accumulable registered as "NEndLeft"
G4WT10 > Accumulable registered as "NEndRight"
G4WT10 > Accumulable registered as "NTop"
G4WT10 > Accumulable registered as "NEventsWithHits"
G4WT10 > Accumulable registered as "NScintPhotons"
G4WT18 > Accumulable registered as "NEndLeft"
G4WT18 > Accumulable registered as "NEndRight"
G4WT18 > Accumulable registered as "NTop"
G4WT18 > Accumulable registered as "NEventsWithHits"
G4WT18 > Accumulable registered as "NScintPhotons"
G4WT0 > Accumulable registered as "NEndLeft"
G4WT0 > Accumulable registered as "NEndRight"
G4WT0 > Accumulable registered as "NTop"
G4WT0 > Accumulable registered as "NEventsWithHits"
G4WT0 > Accumulable registered as "NScintPhotons"

=== Active Scintillator Baseline ===
  SSLG4 code            : OPSC-101
  Yield                 : 10400 ph/MeV
  Rise time tau_r       : 0.7 ns
  Decay time tau_d      : 1.8 ns
  Attenuation length    : 160 cm
  Emission peak lambda  : 408.8 nm
  Finite rise time      : enabled
=====================================

=== Active Readout / Wrapping Configuration ===
  Readout configuration : Top
  SiPM model            : AFBR-S4N66P024M
  SiPM PDE file         : /home/rrios/ej200/data/sipm/AFBR-S4N66P024M_pde.txt
  -X face               : wrapped
  +X face               : wrapped
  -Y face               : wrapped
  +Y face               : instrumented
  -Z face               : wrapped
  +Z face               : wrapped
  Reflector R           : 0.98
  Active End SiPMs      : 0 (L=0, R=0)
  Active Top SiPMs      : 70
==============================================
G4WT23 > 
=== EJ Scintillator Bar Run Summary ===
  Run ID                : 0
  Events run            : 162
  Events with ≥1 hit    : 162
  End-left  photons     : 0
  End-right photons     : 0
  Top SiPM  photons     : 761868
  Scint photons generated: 3148422
  Total photons detected : 761868
  Detection efficiency   : 24.1984 %
  ROOT output           : photon_hits_run000.root
==============================

G4WT8 > 
=== EJ Scintillator Bar Run Summary ===
  Run ID                : 0
  Events run            : 108
  Events with ≥1 hit    : 108
  End-left  photons     : 0
  End-right photons     : 0
  Top SiPM  photons     : 534735
  Scint photons generated: 2215424
  Total photons detected : 534735
  Detection efficiency   : 24.1369 %
  ROOT output           : photon_hits_run000.root
==============================

G4WT4 > 
=== EJ Scintillator Bar Run Summary ===
  Run ID                : 0
  Events run            : 108
  Events with ≥1 hit    : 108
  End-left  photons     : 0
  End-right photons     : 0
  Top SiPM  photons     : 525671
  Scint photons generated: 2168844
  Total photons detected : 525671
  Detection efficiency   : 24.2374 %
  ROOT output           : photon_hits_run000.root
==============================

G4WT15 > 
=== EJ Scintillator Bar Run Summary ===
  Run ID                : 0
  Events run            : 162
  Events with ≥1 hit    : 162
  End-left  photons     : 0
  End-right photons     : 0
  Top SiPM  photons     : 777276
  Scint photons generated: 3212251
  Total photons detected : 777276
  Detection efficiency   : 24.1972 %
  ROOT output           : photon_hits_run000.root
==============================

G4WT7 > 
=== EJ Scintillator Bar Run Summary ===
  Run ID                : 0
  Events run            : 162
  Events with ≥1 hit    : 162
  End-left  photons     : 0
  End-right photons     : 0
  Top SiPM  photons     : 777520
  Scint photons generated: 3214989
  Total photons detected : 777520
  Detection efficiency   : 24.1842 %
  ROOT output           : photon_hits_run000.root
==============================

G4WT12 > 
=== EJ Scintillator Bar Run Summary ===
  Run ID                : 0
  Events run            : 162
  Events with ≥1 hit    : 162
  End-left  photons     : 0
  End-right photons     : 0
  Top SiPM  photons     : 756938
  Scint photons generated: 3127985
  Total photons detected : 756938
  Detection efficiency   : 24.1989 %
  ROOT output           : photon_hits_run000.root
==============================

G4WT9 > 
=== EJ Scintillator Bar Run Summary ===
  Run ID                : 0
  Events run            : 108
  Events with ≥1 hit    : 108
  End-left  photons     : 0
  End-right photons     : 0
  Top SiPM  photons     : 527623
  Scint photons generated: 2184441
  Total photons detected : 527623
  Detection efficiency   : 24.1537 %
  ROOT output           : photon_hits_run000.root
==============================

G4WT18 > 
=== EJ Scintillator Bar Run Summary ===
  Run ID                : 0
  Events run            : 162
  Events with ≥1 hit    : 162
  End-left  photons     : 0
  End-right photons     : 0
  Top SiPM  photons     : 747096
  Scint photons generated: 3088410
  Total photons detected : 747096
  Detection efficiency   : 24.1903 %
  ROOT output           : photon_hits_run000.root
==============================

G4WT20 > 
=== EJ Scintillator Bar Run Summary ===
  Run ID                : 0
  Events run            : 108
  Events with ≥1 hit    : 108
  End-left  photons     : 0
  End-right photons     : 0
  Top SiPM  photons     : 526410
  Scint photons generated: 2175907
  Total photons detected : 526410
  Detection efficiency   : 24.1927 %
  ROOT output           : photon_hits_run000.root
==============================

G4WT14 > 
=== EJ Scintillator Bar Run Summary ===
  Run ID                : 0
  Events run            : 108
  Events with ≥1 hit    : 108
  End-left  photons     : 0
  End-right photons     : 0
  Top SiPM  photons     : 521412
  Scint photons generated: 2158487
  Total photons detected : 521412
  Detection efficiency   : 24.1564 %
  ROOT output           : photon_hits_run000.root
==============================

G4WT16 > 
=== EJ Scintillator Bar Run Summary ===
  Run ID                : 0
  Events run            : 138
  Events with ≥1 hit    : 138
  End-left  photons     : 0
  End-right photons     : 0
  Top SiPM  photons     : 664599
  Scint photons generated: 2741664
  Total photons detected : 664599
  Detection efficiency   : 24.2407 %
  ROOT output           : photon_hits_run000.root
==============================

G4WT6 > 
=== EJ Scintillator Bar Run Summary ===
  Run ID                : 0
  Events run            : 108
  Events with ≥1 hit    : 108
  End-left  photons     : 0
  End-right photons     : 0
  Top SiPM  photons     : 524334
  Scint photons generated: 2170329
  Total photons detected : 524334
  Detection efficiency   : 24.1592 %
  ROOT output           : photon_hits_run000.root
==============================

G4WT2 > 
=== EJ Scintillator Bar Run Summary ===
  Run ID                : 0
  Events run            : 108
  Events with ≥1 hit    : 108
  End-left  photons     : 0
  End-right photons     : 0
  Top SiPM  photons     : 537928
  Scint photons generated: 2222955
  Total photons detected : 537928
  Detection efficiency   : 24.1988 %
  ROOT output           : photon_hits_run000.root
==============================

G4WT17 > 
=== EJ Scintillator Bar Run Summary ===
  Run ID                : 0
  Events run            : 108
  Events with ≥1 hit    : 108
  End-left  photons     : 0
  End-right photons     : 0
  Top SiPM  photons     : 524030
  Scint photons generated: 2164287
  Total photons detected : 524030
  Detection efficiency   : 24.2126 %
  ROOT output           : photon_hits_run000.root
==============================

G4WT11 > 
=== EJ Scintillator Bar Run Summary ===
  Run ID                : 0
  Events run            : 162
  Events with ≥1 hit    : 162
  End-left  photons     : 0
  End-right photons     : 0
  Top SiPM  photons     : 762501
  Scint photons generated: 3155633
  Total photons detected : 762501
  Detection efficiency   : 24.1632 %
  ROOT output           : photon_hits_run000.root
==============================

G4WT5 > 
=== EJ Scintillator Bar Run Summary ===
  Run ID                : 0
  Events run            : 108
  Events with ≥1 hit    : 108
  End-left  photons     : 0
  End-right photons     : 0
  Top SiPM  photons     : 528593
  Scint photons generated: 2188828
  Total photons detected : 528593
  Detection efficiency   : 24.1496 %
  ROOT output           : photon_hits_run000.root
==============================

G4WT21 > 
=== EJ Scintillator Bar Run Summary ===
  Run ID                : 0
  Events run            : 108
  Events with ≥1 hit    : 108
  End-left  photons     : 0
  End-right photons     : 0
  Top SiPM  photons     : 527457
  Scint photons generated: 2180826
  Total photons detected : 527457
  Detection efficiency   : 24.1861 %
  ROOT output           : photon_hits_run000.root
==============================

G4WT22 > 
=== EJ Scintillator Bar Run Summary ===
  Run ID                : 0
  Events run            : 108
  Events with ≥1 hit    : 108
  End-left  photons     : 0
  End-right photons     : 0
  Top SiPM  photons     : 537367
  Scint photons generated: 2219978
  Total photons detected : 537367
  Detection efficiency   : 24.2060 %
  ROOT output           : photon_hits_run000.root
==============================

G4WT19 > 
=== EJ Scintillator Bar Run Summary ===
  Run ID                : 0
  Events run            : 162
  Events with ≥1 hit    : 162
  End-left  photons     : 0
  End-right photons     : 0
  Top SiPM  photons     : 787764
  Scint photons generated: 3256595
  Total photons detected : 787764
  Detection efficiency   : 24.1898 %
  ROOT output           : photon_hits_run000.root
==============================

G4WT10 > 
=== EJ Scintillator Bar Run Summary ===
  Run ID                : 0
  Events run            : 108
  Events with ≥1 hit    : 108
  End-left  photons     : 0
  End-right photons     : 0
  Top SiPM  photons     : 531693
  Scint photons generated: 2204615
  Total photons detected : 531693
  Detection efficiency   : 24.1173 %
  ROOT output           : photon_hits_run000.root
==============================

G4WT3 > 
=== EJ Scintillator Bar Run Summary ===
  Run ID                : 0
  Events run            : 108
  Events with ≥1 hit    : 108
  End-left  photons     : 0
  End-right photons     : 0
  Top SiPM  photons     : 524114
  Scint photons generated: 2171319
  Total photons detected : 524114
  Detection efficiency   : 24.1380 %
  ROOT output           : photon_hits_run000.root
==============================

G4WT0 > 
=== EJ Scintillator Bar Run Summary ===
  Run ID                : 0
  Events run            : 108
  Events with ≥1 hit    : 108
  End-left  photons     : 0
  End-right photons     : 0
  Top SiPM  photons     : 528210
  Scint photons generated: 2183344
  Total photons detected : 528210
  Detection efficiency   : 24.1927 %
  ROOT output           : photon_hits_run000.root
==============================

G4WT13 > 
=== EJ Scintillator Bar Run Summary ===
  Run ID                : 0
  Events run            : 108
  Events with ≥1 hit    : 108
  End-left  photons     : 0
  End-right photons     : 0
  Top SiPM  photons     : 529625
  Scint photons generated: 2190863
  Total photons detected : 529625
  Detection efficiency   : 24.1743 %
  ROOT output           : photon_hits_run000.root
==============================

G4WT1 > 
=== EJ Scintillator Bar Run Summary ===
  Run ID                : 0
  Events run            : 108
  Events with ≥1 hit    : 108
  End-left  photons     : 0
  End-right photons     : 0
  Top SiPM  photons     : 526783
  Scint photons generated: 2177369
  Total photons detected : 526783
  Detection efficiency   : 24.1936 %
  ROOT output           : photon_hits_run000.root
==============================


=== EJ Scintillator Bar Run Summary ===
  Run ID                : 0
  Events run            : 3000
  Events with ≥1 hit    : 3000
  End-left  photons     : 0
  End-right photons     : 0
  Top SiPM  photons     : 14491547
  Scint photons generated: 59923765
  Total photons detected : 14491547
  Detection efficiency   : 24.1833 %
  ROOT output           : photon_hits_run000.root
==============================


=== Boundary Census (diagnostic) ===
  Bar -> reflector panel   : 1138312911
  Bar -> World (escaped)   : 0
  Bar -> Bar (TIR/refl)    : 0
  Bar -> SiPM (entering)   : 23185570
  Killed in WorldLV        : 141730
====================================

[2026-06-11T22:12:39] DONE pairscan_x-434.0mm (entries=14491547.0)
[2026-06-11T22:12:39] START pairscan_x-435.0mm (x=-435.0 mm)

**************************************************************
 Geant4 version Name: geant4-11-04 [MT]   (5-December-2025)
  << in Multi-threaded mode >> 
                       Copyright : Geant4 Collaboration
                      References : NIM A 506 (2003), 250-303
                                 : IEEE-TNS 53 (2006), 270-278
                                 : NIM A 835 (2016), 186-225
                             WWW : http://geant4.org/
**************************************************************

Accumulable registered as "NEndLeft"
Accumulable registered as "NEndRight"
Accumulable registered as "NTop"
Accumulable registered as "NEventsWithHits"
Accumulable registered as "NScintPhotons"

-------- WWWW ------- G4Exception-START -------- WWWW -------
*** G4Exception : mat031
      issued by : G4Material::FillVectors()
For material opsc-101 sum of fractional masses 0.996667 is not 1 - results may be wrong

*** This is just a warning message. ***
-------- WWWW -------- G4Exception-END --------- WWWW -------

Checking overlaps for volume BarPV:0 (G4Box) ... OK! 
Checking overlaps for volume ReflectorYMinusPV:0 (G4Box) ... OK! 
Checking overlaps for volume ReflectorZMinusPV:3 (G4Box) ... OK! 
Checking overlaps for volume ReflectorZPlusPV:4 (G4Box) ... OK! 
Checking overlaps for volume ReflectorYPlusPV:5 (G4SubtractionSolid) ... OK! 
Checking overlaps for volume ReflectorXMinusPV:1 (G4Box) ... OK! 
Checking overlaps for volume ReflectorXPlusPV:2 (G4Box) ... OK! 
Checking overlaps for volume TopSiPMPV:16 (G4Box) ... OK! 
Checking overlaps for volume TopSiPMPV:17 (G4Box) ... OK! 
Checking overlaps for volume TopSiPMPV:18 (G4Box) ... OK! 
Checking overlaps for volume TopSiPMPV:19 (G4Box) ... OK! 
Checking overlaps for volume TopSiPMPV:20 (G4Box) ... OK! 
Checking overlaps for volume TopSiPMPV:21 (G4Box) ... OK! 
Checking overlaps for volume TopSiPMPV:22 (G4Box) ... OK! 
Checking overlaps for volume TopSiPMPV:23 (G4Box) ... OK! 
Checking overlaps for volume TopSiPMPV:24 (G4Box) ... OK! 
Checking overlaps for volume TopSiPMPV:25 (G4Box) ... OK! 
Checking overlaps for volume TopSiPMPV:26 (G4Box) ... OK! 
Checking overlaps for volume TopSiPMPV:27 (G4Box) ... OK! 
Checking overlaps for volume TopSiPMPV:28 (G4Box) ... OK! 
Checking overlaps for volume TopSiPMPV:29 (G4Box) ... OK! 
Checking overlaps for volume TopSiPMPV:30 (G4Box) ... OK! 
Checking overlaps for volume TopSiPMPV:31 (G4Box) ... OK! 
Checking overlaps for volume TopSiPMPV:32 (G4Box) ... OK! 
Checking overlaps for volume TopSiPMPV:33 (G4Box) ... OK! 
Checking overlaps for volume TopSiPMPV:34 (G4Box) ... OK! 
Checking overlaps for volume TopSiPMPV:35 (G4Box) ... OK! 
Checking overlaps for volume TopSiPMPV:36 (G4Box) ... OK! 
Checking overlaps for volume TopSiPMPV:37 (G4Box) ... OK! 
Checking overlaps for volume TopSiPMPV:38 (G4Box) ... OK! 
Checking overlaps for volume TopSiPMPV:39 (G4Box) ... OK! 
Checking overlaps for volume TopSiPMPV:40 (G4Box) ... OK! 
Checking overlaps for volume TopSiPMPV:41 (G4Box) ... OK! 
Checking overlaps for volume TopSiPMPV:42 (G4Box) ... OK! 
Checking overlaps for volume TopSiPMPV:43 (G4Box) ... OK! 
Checking overlaps for volume TopSiPMPV:44 (G4Box) ... OK! 
Checking overlaps for volume TopSiPMPV:45 (G4Box) ... OK! 
Checking overlaps for volume TopSiPMPV:46 (G4Box) ... OK! 
Checking overlaps for volume TopSiPMPV:47 (G4Box) ... OK! 
Checking overlaps for volume TopSiPMPV:48 (G4Box) ... OK! 
Checking overlaps for volume TopSiPMPV:49 (G4Box) ... OK! 
Checking overlaps for volume TopSiPMPV:50 (G4Box) ... OK! 
Checking overlaps for volume TopSiPMPV:51 (G4Box) ... OK! 
Checking overlaps for volume TopSiPMPV:52 (G4Box) ... OK! 
Checking overlaps for volume TopSiPMPV:53 (G4Box) ... OK! 
Checking overlaps for volume TopSiPMPV:54 (G4Box) ... OK! 
Checking overlaps for volume TopSiPMPV:55 (G4Box) ... OK! 
Checking overlaps for volume TopSiPMPV:56 (G4Box) ... OK! 
Checking overlaps for volume TopSiPMPV:57 (G4Box) ... OK! 
Checking overlaps for volume TopSiPMPV:58 (G4Box) ... OK! 
Checking overlaps for volume TopSiPMPV:59 (G4Box) ... OK! 
Checking overlaps for volume TopSiPMPV:60 (G4Box) ... OK! 
Checking overlaps for volume TopSiPMPV:61 (G4Box) ... OK! 
Checking overlaps for volume TopSiPMPV:62 (G4Box) ... OK! 
Checking overlaps for volume TopSiPMPV:63 (G4Box) ... OK! 
Checking overlaps for volume TopSiPMPV:64 (G4Box) ... OK! 
Checking overlaps for volume TopSiPMPV:65 (G4Box) ... OK! 
Checking overlaps for volume TopSiPMPV:66 (G4Box) ... OK! 
Checking overlaps for volume TopSiPMPV:67 (G4Box) ... OK! 
Checking overlaps for volume TopSiPMPV:68 (G4Box) ... OK! 
Checking overlaps for volume TopSiPMPV:69 (G4Box) ... OK! 
Checking overlaps for volume TopSiPMPV:70 (G4Box) ... OK! 
Checking overlaps for volume TopSiPMPV:71 (G4Box) ... OK! 
Checking overlaps for volume TopSiPMPV:72 (G4Box) ... OK! 
Checking overlaps for volume TopSiPMPV:73 (G4Box) ... OK! 
Checking overlaps for volume TopSiPMPV:74 (G4Box) ... OK! 
Checking overlaps for volume TopSiPMPV:75 (G4Box) ... OK! 
Checking overlaps for volume TopSiPMPV:76 (G4Box) ... OK! 
Checking overlaps for volume TopSiPMPV:77 (G4Box) ... OK! 
Checking overlaps for volume TopSiPMPV:78 (G4Box) ... OK! 
Checking overlaps for volume TopSiPMPV:79 (G4Box) ... OK! 
Checking overlaps for volume TopSiPMPV:80 (G4Box) ... OK! 
Checking overlaps for volume TopSiPMPV:81 (G4Box) ... OK! 
Checking overlaps for volume TopSiPMPV:82 (G4Box) ... OK! 
Checking overlaps for volume TopSiPMPV:83 (G4Box) ... OK! 
Checking overlaps for volume TopSiPMPV:84 (G4Box) ... OK! 
Checking overlaps for volume TopSiPMPV:85 (G4Box) ... OK! 
### Birks coefficients used in run time
G4WT6 > Accumulable registered as "NEndLeft"
G4WT6 > Accumulable registered as "NEndRight"
G4WT6 > Accumulable registered as "NTop"
G4WT6 > Accumulable registered as "NEventsWithHits"
G4WT6 > Accumulable registered as "NScintPhotons"
G4WT20 > Accumulable registered as "NEndLeft"
G4WT20 > Accumulable registered as "NEndRight"
G4WT20 > Accumulable registered as "NTop"
G4WT20 > Accumulable registered as "NEventsWithHits"
G4WT20 > Accumulable registered as "NScintPhotons"
G4WT21 > Accumulable registered as "NEndLeft"
G4WT21 > Accumulable registered as "NEndRight"
G4WT21 > Accumulable registered as "NTop"
G4WT21 > Accumulable registered as "NEventsWithHits"
G4WT21 > Accumulable registered as "NScintPhotons"
G4WT12 > Accumulable registered as "NEndLeft"
G4WT12 > Accumulable registered as "NEndRight"
G4WT12 > Accumulable registered as "NTop"
G4WT12 > Accumulable registered as "NEventsWithHits"
G4WT12 > Accumulable registered as "NScintPhotons"
G4WT17 > Accumulable registered as "NEndLeft"
G4WT17 > Accumulable registered as "NEndRight"
G4WT17 > Accumulable registered as "NTop"
G4WT17 > Accumulable registered as "NEventsWithHits"
G4WT17 > Accumulable registered as "NScintPhotons"
G4WT5 > Accumulable registered as "NEndLeft"
G4WT5 > Accumulable registered as "NEndRight"
G4WT5 > Accumulable registered as "NTop"
G4WT5 > Accumulable registered as "NEventsWithHits"
G4WT5 > Accumulable registered as "NScintPhotons"
G4WT4 > Accumulable registered as "NEndLeft"
G4WT4 > Accumulable registered as "NEndRight"
G4WT4 > Accumulable registered as "NTop"
G4WT4 > Accumulable registered as "NEventsWithHits"
G4WT4 > Accumulable registered as "NScintPhotons"
G4WT19 > Accumulable registered as "NEndLeft"
G4WT19 > Accumulable registered as "NEndRight"
G4WT19 > Accumulable registered as "NTop"
G4WT19 > Accumulable registered as "NEventsWithHits"
G4WT19 > Accumulable registered as "NScintPhotons"
G4WT2 > Accumulable registered as "NEndLeft"
G4WT2 > Accumulable registered as "NEndRight"
G4WT2 > Accumulable registered as "NTop"
G4WT2 > Accumulable registered as "NEventsWithHits"
G4WT2 > Accumulable registered as "NScintPhotons"
G4WT7 > Accumulable registered as "NEndLeft"
G4WT7 > Accumulable registered as "NEndRight"
G4WT7 > Accumulable registered as "NTop"
G4WT7 > Accumulable registered as "NEventsWithHits"
G4WT7 > Accumulable registered as "NScintPhotons"
G4WT15 > Accumulable registered as "NEndLeft"
G4WT15 > Accumulable registered as "NEndRight"
G4WT15 > Accumulable registered as "NTop"
G4WT15 > Accumulable registered as "NEventsWithHits"
G4WT15 > Accumulable registered as "NScintPhotons"
G4WT22 > Accumulable registered as "NEndLeft"
G4WT22 > Accumulable registered as "NEndRight"
G4WT22 > Accumulable registered as "NTop"
G4WT22 > Accumulable registered as "NEventsWithHits"
G4WT22 > Accumulable registered as "NScintPhotons"
G4WT10 > Accumulable registered as "NEndLeft"
G4WT10 > Accumulable registered as "NEndRight"
G4WT10 > Accumulable registered as "NTop"
G4WT10 > Accumulable registered as "NEventsWithHits"
G4WT10 > Accumulable registered as "NScintPhotons"
G4WT11 > Accumulable registered as "NEndLeft"
G4WT11 > Accumulable registered as "NEndRight"
G4WT11 > Accumulable registered as "NTop"
G4WT11 > Accumulable registered as "NEventsWithHits"
G4WT11 > Accumulable registered as "NScintPhotons"
G4WT23 > Accumulable registered as "NEndLeft"
G4WT23 > Accumulable registered as "NEndRight"
G4WT23 > Accumulable registered as "NTop"
G4WT23 > Accumulable registered as "NEventsWithHits"
G4WT23 > Accumulable registered as "NScintPhotons"
G4WT1 > Accumulable registered as "NEndLeft"
G4WT1 > Accumulable registered as "NEndRight"
G4WT1 > Accumulable registered as "NTop"
G4WT1 > Accumulable registered as "NEventsWithHits"
G4WT1 > Accumulable registered as "NScintPhotons"
G4WT3 > Accumulable registered as "NEndLeft"
G4WT3 > Accumulable registered as "NEndRight"
G4WT3 > Accumulable registered as "NTop"
G4WT3 > Accumulable registered as "NEventsWithHits"
G4WT3 > Accumulable registered as "NScintPhotons"
G4WT16 > Accumulable registered as "NEndLeft"
G4WT16 > Accumulable registered as "NEndRight"
G4WT16 > Accumulable registered as "NTop"
G4WT16 > Accumulable registered as "NEventsWithHits"
G4WT16 > Accumulable registered as "NScintPhotons"
G4WT18 > Accumulable registered as "NEndLeft"
G4WT18 > Accumulable registered as "NEndRight"
G4WT18 > Accumulable registered as "NTop"
G4WT18 > Accumulable registered as "NEventsWithHits"
G4WT18 > Accumulable registered as "NScintPhotons"
G4WT14 > Accumulable registered as "NEndLeft"
G4WT14 > Accumulable registered as "NEndRight"
G4WT14 > Accumulable registered as "NTop"
G4WT14 > Accumulable registered as "NEventsWithHits"
G4WT14 > Accumulable registered as "NScintPhotons"
G4WT0 > Accumulable registered as "NEndLeft"
G4WT0 > Accumulable registered as "NEndRight"
G4WT0 > Accumulable registered as "NTop"
G4WT0 > Accumulable registered as "NEventsWithHits"
G4WT0 > Accumulable registered as "NScintPhotons"
G4WT8 > Accumulable registered as "NEndLeft"
G4WT8 > Accumulable registered as "NEndRight"
G4WT8 > Accumulable registered as "NTop"
G4WT8 > Accumulable registered as "NEventsWithHits"
G4WT8 > Accumulable registered as "NScintPhotons"
G4WT9 > Accumulable registered as "NEndLeft"
G4WT9 > Accumulable registered as "NEndRight"
G4WT9 > Accumulable registered as "NTop"
G4WT9 > Accumulable registered as "NEventsWithHits"
G4WT9 > Accumulable registered as "NScintPhotons"
G4WT13 > Accumulable registered as "NEndLeft"
G4WT13 > Accumulable registered as "NEndRight"
G4WT13 > Accumulable registered as "NTop"
G4WT13 > Accumulable registered as "NEventsWithHits"
G4WT13 > Accumulable registered as "NScintPhotons"

=== Active Scintillator Baseline ===
  SSLG4 code            : OPSC-101
  Yield                 : 10400 ph/MeV
  Rise time tau_r       : 0.7 ns
  Decay time tau_d      : 1.8 ns
  Attenuation length    : 160 cm
  Emission peak lambda  : 408.8 nm
  Finite rise time      : enabled
=====================================

=== Active Readout / Wrapping Configuration ===
  Readout configuration : Top
  SiPM model            : AFBR-S4N66P024M
  SiPM PDE file         : /home/rrios/ej200/data/sipm/AFBR-S4N66P024M_pde.txt
  -X face               : wrapped
  +X face               : wrapped
  -Y face               : wrapped
  +Y face               : instrumented
  -Z face               : wrapped
  +Z face               : wrapped
  Reflector R           : 0.98
  Active End SiPMs      : 0 (L=0, R=0)
  Active Top SiPMs      : 70
==============================================
G4WT12 > 
=== EJ Scintillator Bar Run Summary ===
  Run ID                : 0
  Events run            : 162
  Events with ≥1 hit    : 162
  End-left  photons     : 0
  End-right photons     : 0
  Top SiPM  photons     : 789192
  Scint photons generated: 3258918
  Total photons detected : 789192
  Detection efficiency   : 24.2164 %
  ROOT output           : photon_hits_run000.root
==============================

G4WT16 > 
=== EJ Scintillator Bar Run Summary ===
  Run ID                : 0
  Events run            : 162
  Events with ≥1 hit    : 162
  End-left  photons     : 0
  End-right photons     : 0
  Top SiPM  photons     : 763945
  Scint photons generated: 3163454
  Total photons detected : 763945
  Detection efficiency   : 24.1491 %
  ROOT output           : photon_hits_run000.root
==============================

G4WT5 > 
=== EJ Scintillator Bar Run Summary ===
  Run ID                : 0
  Events run            : 108
  Events with ≥1 hit    : 108
  End-left  photons     : 0
  End-right photons     : 0
  Top SiPM  photons     : 561074
  Scint photons generated: 2318460
  Total photons detected : 561074
  Detection efficiency   : 24.2003 %
  ROOT output           : photon_hits_run000.root
==============================

G4WT18 > 
=== EJ Scintillator Bar Run Summary ===
  Run ID                : 0
  Events run            : 108
  Events with ≥1 hit    : 108
  End-left  photons     : 0
  End-right photons     : 0
  Top SiPM  photons     : 531696
  Scint photons generated: 2195083
  Total photons detected : 531696
  Detection efficiency   : 24.2221 %
  ROOT output           : photon_hits_run000.root
==============================

G4WT6 > 
=== EJ Scintillator Bar Run Summary ===
  Run ID                : 0
  Events run            : 162
  Events with ≥1 hit    : 162
  End-left  photons     : 0
  End-right photons     : 0
  Top SiPM  photons     : 747867
  Scint photons generated: 3085504
  Total photons detected : 747867
  Detection efficiency   : 24.2381 %
  ROOT output           : photon_hits_run000.root
==============================

G4WT4 > 
=== EJ Scintillator Bar Run Summary ===
  Run ID                : 0
  Events run            : 108
  Events with ≥1 hit    : 108
  End-left  photons     : 0
  End-right photons     : 0
  Top SiPM  photons     : 527697
  Scint photons generated: 2183666
  Total photons detected : 527697
  Detection efficiency   : 24.1656 %
  ROOT output           : photon_hits_run000.root
==============================

G4WT20 > 
=== EJ Scintillator Bar Run Summary ===
  Run ID                : 0
  Events run            : 108
  Events with ≥1 hit    : 108
  End-left  photons     : 0
  End-right photons     : 0
  Top SiPM  photons     : 525241
  Scint photons generated: 2168882
  Total photons detected : 525241
  Detection efficiency   : 24.2171 %
  ROOT output           : photon_hits_run000.root
==============================

G4WT7 > 
=== EJ Scintillator Bar Run Summary ===
  Run ID                : 0
  Events run            : 108
  Events with ≥1 hit    : 108
  End-left  photons     : 0
  End-right photons     : 0
  Top SiPM  photons     : 527425
  Scint photons generated: 2175744
  Total photons detected : 527425
  Detection efficiency   : 24.2411 %
  ROOT output           : photon_hits_run000.root
==============================

G4WT15 > 
=== EJ Scintillator Bar Run Summary ===
  Run ID                : 0
  Events run            : 162
  Events with ≥1 hit    : 162
  End-left  photons     : 0
  End-right photons     : 0
  Top SiPM  photons     : 785263
  Scint photons generated: 3250424
  Total photons detected : 785263
  Detection efficiency   : 24.1588 %
  ROOT output           : photon_hits_run000.root
==============================

G4WT21 > 
=== EJ Scintillator Bar Run Summary ===
  Run ID                : 0
  Events run            : 108
  Events with ≥1 hit    : 108
  End-left  photons     : 0
  End-right photons     : 0
  Top SiPM  photons     : 523636
  Scint photons generated: 2160494
  Total photons detected : 523636
  Detection efficiency   : 24.2369 %
  ROOT output           : photon_hits_run000.root
==============================

G4WT13 > 
=== EJ Scintillator Bar Run Summary ===
  Run ID                : 0
  Events run            : 108
  Events with ≥1 hit    : 108
  End-left  photons     : 0
  End-right photons     : 0
  Top SiPM  photons     : 522307
  Scint photons generated: 2156769
  Total photons detected : 522307
  Detection efficiency   : 24.2171 %
  ROOT output           : photon_hits_run000.root
==============================

G4WT8 > 
=== EJ Scintillator Bar Run Summary ===
  Run ID                : 0
  Events run            : 108
  Events with ≥1 hit    : 108
  End-left  photons     : 0
  End-right photons     : 0
  Top SiPM  photons     : 523699
  Scint photons generated: 2161899
  Total photons detected : 523699
  Detection efficiency   : 24.2240 %
  ROOT output           : photon_hits_run000.root
==============================

G4WT11 > 
=== EJ Scintillator Bar Run Summary ===
  Run ID                : 0
  Events run            : 162
  Events with ≥1 hit    : 162
  End-left  photons     : 0
  End-right photons     : 0
  Top SiPM  photons     : 773730
  Scint photons generated: 3187134
  Total photons detected : 773730
  Detection efficiency   : 24.2767 %
  ROOT output           : photon_hits_run000.root
==============================

G4WT1 > 
=== EJ Scintillator Bar Run Summary ===
  Run ID                : 0
  Events run            : 108
  Events with ≥1 hit    : 108
  End-left  photons     : 0
  End-right photons     : 0
  Top SiPM  photons     : 517805
  Scint photons generated: 2136929
  Total photons detected : 517805
  Detection efficiency   : 24.2313 %
  ROOT output           : photon_hits_run000.root
==============================

G4WT14 > 
=== EJ Scintillator Bar Run Summary ===
  Run ID                : 0
  Events run            : 108
  Events with ≥1 hit    : 108
  End-left  photons     : 0
  End-right photons     : 0
  Top SiPM  photons     : 525640
  Scint photons generated: 2167145
  Total photons detected : 525640
  Detection efficiency   : 24.2550 %
  ROOT output           : photon_hits_run000.root
==============================

G4WT19 > 
=== EJ Scintillator Bar Run Summary ===
  Run ID                : 0
  Events run            : 138
  Events with ≥1 hit    : 138
  End-left  photons     : 0
  End-right photons     : 0
  Top SiPM  photons     : 667681
  Scint photons generated: 2759275
  Total photons detected : 667681
  Detection efficiency   : 24.1977 %
  ROOT output           : photon_hits_run000.root
==============================

G4WT3 > 
=== EJ Scintillator Bar Run Summary ===
  Run ID                : 0
  Events run            : 162
  Events with ≥1 hit    : 162
  End-left  photons     : 0
  End-right photons     : 0
  Top SiPM  photons     : 779395
  Scint photons generated: 3219808
  Total photons detected : 779395
  Detection efficiency   : 24.2063 %
  ROOT output           : photon_hits_run000.root
==============================

G4WT2 > 
=== EJ Scintillator Bar Run Summary ===
  Run ID                : 0
  Events run            : 162
  Events with ≥1 hit    : 162
  End-left  photons     : 0
  End-right photons     : 0
  Top SiPM  photons     : 754557
  Scint photons generated: 3114988
  Total photons detected : 754557
  Detection efficiency   : 24.2234 %
  ROOT output           : photon_hits_run000.root
==============================

G4WT9 > 
=== EJ Scintillator Bar Run Summary ===
  Run ID                : 0
  Events run            : 108
  Events with ≥1 hit    : 108
  End-left  photons     : 0
  End-right photons     : 0
  Top SiPM  photons     : 525133
  Scint photons generated: 2170432
  Total photons detected : 525133
  Detection efficiency   : 24.1949 %
  ROOT output           : photon_hits_run000.root
==============================

G4WT22 > 
=== EJ Scintillator Bar Run Summary ===
  Run ID                : 0
  Events run            : 108
  Events with ≥1 hit    : 108
  End-left  photons     : 0
  End-right photons     : 0
  Top SiPM  photons     : 524921
  Scint photons generated: 2174121
  Total photons detected : 524921
  Detection efficiency   : 24.1441 %
  ROOT output           : photon_hits_run000.root
==============================

G4WT0 > 
=== EJ Scintillator Bar Run Summary ===
  Run ID                : 0
  Events run            : 108
  Events with ≥1 hit    : 108
  End-left  photons     : 0
  End-right photons     : 0
  Top SiPM  photons     : 522874
  Scint photons generated: 2160327
  Total photons detected : 522874
  Detection efficiency   : 24.2035 %
  ROOT output           : photon_hits_run000.root
==============================

G4WT23 > 
=== EJ Scintillator Bar Run Summary ===
  Run ID                : 0
  Events run            : 108
  Events with ≥1 hit    : 108
  End-left  photons     : 0
  End-right photons     : 0
  Top SiPM  photons     : 528379
  Scint photons generated: 2187430
  Total photons detected : 528379
  Detection efficiency   : 24.1552 %
  ROOT output           : photon_hits_run000.root
==============================

G4WT17 > 
=== EJ Scintillator Bar Run Summary ===
  Run ID                : 0
  Events run            : 108
  Events with ≥1 hit    : 108
  End-left  photons     : 0
  End-right photons     : 0
  Top SiPM  photons     : 549178
  Scint photons generated: 2264907
  Total photons detected : 549178
  Detection efficiency   : 24.2473 %
  ROOT output           : photon_hits_run000.root
==============================

G4WT10 > 
=== EJ Scintillator Bar Run Summary ===
  Run ID                : 0
  Events run            : 108
  Events with ≥1 hit    : 108
  End-left  photons     : 0
  End-right photons     : 0
  Top SiPM  photons     : 549785
  Scint photons generated: 2272042
  Total photons detected : 549785
  Detection efficiency   : 24.1978 %
  ROOT output           : photon_hits_run000.root
==============================


=== EJ Scintillator Bar Run Summary ===
  Run ID                : 0
  Events run            : 3000
  Events with ≥1 hit    : 3000
  End-left  photons     : 0
  End-right photons     : 0
  Top SiPM  photons     : 14548120
  Scint photons generated: 60093835
  Total photons detected : 14548120
  Detection efficiency   : 24.2090 %
  ROOT output           : photon_hits_run000.root
==============================


=== Boundary Census (diagnostic) ===
  Bar -> reflector panel   : 1140918521
  Bar -> World (escaped)   : 0
  Bar -> Bar (TIR/refl)    : 0
  Bar -> SiPM (entering)   : 23269157
  Killed in WorldLV        : 142003
====================================

[2026-06-11T22:18:08] DONE pairscan_x-435.0mm (entries=14548120.0)
[2026-06-11T22:18:08] START pairscan_x-436.0mm (x=-436.0 mm)

**************************************************************
 Geant4 version Name: geant4-11-04 [MT]   (5-December-2025)
  << in Multi-threaded mode >> 
                       Copyright : Geant4 Collaboration
                      References : NIM A 506 (2003), 250-303
                                 : IEEE-TNS 53 (2006), 270-278
                                 : NIM A 835 (2016), 186-225
                             WWW : http://geant4.org/
**************************************************************

Accumulable registered as "NEndLeft"
Accumulable registered as "NEndRight"
Accumulable registered as "NTop"
Accumulable registered as "NEventsWithHits"
Accumulable registered as "NScintPhotons"

-------- WWWW ------- G4Exception-START -------- WWWW -------
*** G4Exception : mat031
      issued by : G4Material::FillVectors()
For material opsc-101 sum of fractional masses 0.996667 is not 1 - results may be wrong

*** This is just a warning message. ***
-------- WWWW -------- G4Exception-END --------- WWWW -------

Checking overlaps for volume BarPV:0 (G4Box) ... OK! 
Checking overlaps for volume ReflectorYMinusPV:0 (G4Box) ... OK! 
Checking overlaps for volume ReflectorZMinusPV:3 (G4Box) ... OK! 
Checking overlaps for volume ReflectorZPlusPV:4 (G4Box) ... OK! 
Checking overlaps for volume ReflectorYPlusPV:5 (G4SubtractionSolid) ... OK! 
Checking overlaps for volume ReflectorXMinusPV:1 (G4Box) ... OK! 
Checking overlaps for volume ReflectorXPlusPV:2 (G4Box) ... OK! 
Checking overlaps for volume TopSiPMPV:16 (G4Box) ... OK! 
Checking overlaps for volume TopSiPMPV:17 (G4Box) ... OK! 
Checking overlaps for volume TopSiPMPV:18 (G4Box) ... OK! 
Checking overlaps for volume TopSiPMPV:19 (G4Box) ... OK! 
Checking overlaps for volume TopSiPMPV:20 (G4Box) ... OK! 
Checking overlaps for volume TopSiPMPV:21 (G4Box) ... OK! 
Checking overlaps for volume TopSiPMPV:22 (G4Box) ... OK! 
Checking overlaps for volume TopSiPMPV:23 (G4Box) ... OK! 
Checking overlaps for volume TopSiPMPV:24 (G4Box) ... OK! 
Checking overlaps for volume TopSiPMPV:25 (G4Box) ... OK! 
Checking overlaps for volume TopSiPMPV:26 (G4Box) ... OK! 
Checking overlaps for volume TopSiPMPV:27 (G4Box) ... OK! 
Checking overlaps for volume TopSiPMPV:28 (G4Box) ... OK! 
Checking overlaps for volume TopSiPMPV:29 (G4Box) ... OK! 
Checking overlaps for volume TopSiPMPV:30 (G4Box) ... OK! 
Checking overlaps for volume TopSiPMPV:31 (G4Box) ... OK! 
Checking overlaps for volume TopSiPMPV:32 (G4Box) ... OK! 
Checking overlaps for volume TopSiPMPV:33 (G4Box) ... OK! 
Checking overlaps for volume TopSiPMPV:34 (G4Box) ... OK! 
Checking overlaps for volume TopSiPMPV:35 (G4Box) ... OK! 
Checking overlaps for volume TopSiPMPV:36 (G4Box) ... OK! 
Checking overlaps for volume TopSiPMPV:37 (G4Box) ... OK! 
Checking overlaps for volume TopSiPMPV:38 (G4Box) ... OK! 
Checking overlaps for volume TopSiPMPV:39 (G4Box) ... OK! 
Checking overlaps for volume TopSiPMPV:40 (G4Box) ... OK! 
Checking overlaps for volume TopSiPMPV:41 (G4Box) ... OK! 
Checking overlaps for volume TopSiPMPV:42 (G4Box) ... OK! 
Checking overlaps for volume TopSiPMPV:43 (G4Box) ... OK! 
Checking overlaps for volume TopSiPMPV:44 (G4Box) ... OK! 
Checking overlaps for volume TopSiPMPV:45 (G4Box) ... OK! 
Checking overlaps for volume TopSiPMPV:46 (G4Box) ... OK! 
Checking overlaps for volume TopSiPMPV:47 (G4Box) ... OK! 
Checking overlaps for volume TopSiPMPV:48 (G4Box) ... OK! 
Checking overlaps for volume TopSiPMPV:49 (G4Box) ... OK! 
Checking overlaps for volume TopSiPMPV:50 (G4Box) ... OK! 
Checking overlaps for volume TopSiPMPV:51 (G4Box) ... OK! 
Checking overlaps for volume TopSiPMPV:52 (G4Box) ... OK! 
Checking overlaps for volume TopSiPMPV:53 (G4Box) ... OK! 
Checking overlaps for volume TopSiPMPV:54 (G4Box) ... OK! 
Checking overlaps for volume TopSiPMPV:55 (G4Box) ... OK! 
Checking overlaps for volume TopSiPMPV:56 (G4Box) ... OK! 
Checking overlaps for volume TopSiPMPV:57 (G4Box) ... OK! 
Checking overlaps for volume TopSiPMPV:58 (G4Box) ... OK! 
Checking overlaps for volume TopSiPMPV:59 (G4Box) ... OK! 
Checking overlaps for volume TopSiPMPV:60 (G4Box) ... OK! 
Checking overlaps for volume TopSiPMPV:61 (G4Box) ... OK! 
Checking overlaps for volume TopSiPMPV:62 (G4Box) ... OK! 
Checking overlaps for volume TopSiPMPV:63 (G4Box) ... OK! 
Checking overlaps for volume TopSiPMPV:64 (G4Box) ... OK! 
Checking overlaps for volume TopSiPMPV:65 (G4Box) ... OK! 
Checking overlaps for volume TopSiPMPV:66 (G4Box) ... OK! 
Checking overlaps for volume TopSiPMPV:67 (G4Box) ... OK! 
Checking overlaps for volume TopSiPMPV:68 (G4Box) ... OK! 
Checking overlaps for volume TopSiPMPV:69 (G4Box) ... OK! 
Checking overlaps for volume TopSiPMPV:70 (G4Box) ... OK! 
Checking overlaps for volume TopSiPMPV:71 (G4Box) ... OK! 
Checking overlaps for volume TopSiPMPV:72 (G4Box) ... OK! 
Checking overlaps for volume TopSiPMPV:73 (G4Box) ... OK! 
Checking overlaps for volume TopSiPMPV:74 (G4Box) ... OK! 
Checking overlaps for volume TopSiPMPV:75 (G4Box) ... OK! 
Checking overlaps for volume TopSiPMPV:76 (G4Box) ... OK! 
Checking overlaps for volume TopSiPMPV:77 (G4Box) ... OK! 
Checking overlaps for volume TopSiPMPV:78 (G4Box) ... OK! 
Checking overlaps for volume TopSiPMPV:79 (G4Box) ... OK! 
Checking overlaps for volume TopSiPMPV:80 (G4Box) ... OK! 
Checking overlaps for volume TopSiPMPV:81 (G4Box) ... OK! 
Checking overlaps for volume TopSiPMPV:82 (G4Box) ... OK! 
Checking overlaps for volume TopSiPMPV:83 (G4Box) ... OK! 
Checking overlaps for volume TopSiPMPV:84 (G4Box) ... OK! 
Checking overlaps for volume TopSiPMPV:85 (G4Box) ... OK! 
### Birks coefficients used in run time
G4WT16 > Accumulable registered as "NEndLeft"
G4WT17 > Accumulable registered as "NEndLeft"
G4WT16 > Accumulable registered as "NEndRight"
G4WT17 > Accumulable registered as "NEndRight"
G4WT16 > Accumulable registered as "NTop"
G4WT17 > Accumulable registered as "NTop"
G4WT16 > Accumulable registered as "NEventsWithHits"
G4WT16 > Accumulable registered as "NScintPhotons"
G4WT17 > Accumulable registered as "NEventsWithHits"
G4WT17 > Accumulable registered as "NScintPhotons"
G4WT10 > Accumulable registered as "NEndLeft"
G4WT10 > Accumulable registered as "NEndRight"
G4WT10 > Accumulable registered as "NTop"
G4WT10 > Accumulable registered as "NEventsWithHits"
G4WT10 > Accumulable registered as "NScintPhotons"
G4WT8 > Accumulable registered as "NEndLeft"
G4WT8 > Accumulable registered as "NEndRight"
G4WT8 > Accumulable registered as "NTop"
G4WT8 > Accumulable registered as "NEventsWithHits"
G4WT8 > Accumulable registered as "NScintPhotons"
G4WT15 > Accumulable registered as "NEndLeft"
G4WT15 > Accumulable registered as "NEndRight"
G4WT15 > Accumulable registered as "NTop"
G4WT15 > Accumulable registered as "NEventsWithHits"
G4WT15 > Accumulable registered as "NScintPhotons"
G4WT2 > Accumulable registered as "NEndLeft"
G4WT2 > Accumulable registered as "NEndRight"
G4WT2 > Accumulable registered as "NTop"
G4WT2 > Accumulable registered as "NEventsWithHits"
G4WT2 > Accumulable registered as "NScintPhotons"
G4WT11 > Accumulable registered as "NEndLeft"
G4WT11 > Accumulable registered as "NEndRight"
G4WT11 > Accumulable registered as "NTop"
G4WT11 > Accumulable registered as "NEventsWithHits"
G4WT11 > Accumulable registered as "NScintPhotons"
G4WT3 > Accumulable registered as "NEndLeft"
G4WT3 > Accumulable registered as "NEndRight"
G4WT3 > Accumulable registered as "NTop"
G4WT3 > Accumulable registered as "NEventsWithHits"
G4WT3 > Accumulable registered as "NScintPhotons"
G4WT18 > Accumulable registered as "NEndLeft"
G4WT18 > Accumulable registered as "NEndRight"
G4WT18 > Accumulable registered as "NTop"
G4WT18 > Accumulable registered as "NEventsWithHits"
G4WT18 > Accumulable registered as "NScintPhotons"
G4WT4 > Accumulable registered as "NEndLeft"
G4WT4 > Accumulable registered as "NEndRight"
G4WT4 > Accumulable registered as "NTop"
G4WT4 > Accumulable registered as "NEventsWithHits"
G4WT4 > Accumulable registered as "NScintPhotons"
G4WT20 > Accumulable registered as "NEndLeft"
G4WT20 > Accumulable registered as "NEndRight"
G4WT20 > Accumulable registered as "NTop"
G4WT20 > Accumulable registered as "NEventsWithHits"
G4WT20 > Accumulable registered as "NScintPhotons"
G4WT5 > Accumulable registered as "NEndLeft"
G4WT5 > Accumulable registered as "NEndRight"
G4WT5 > Accumulable registered as "NTop"
G4WT5 > Accumulable registered as "NEventsWithHits"
G4WT5 > Accumulable registered as "NScintPhotons"
G4WT21 > Accumulable registered as "NEndLeft"
G4WT23 > Accumulable registered as "NEndLeft"
G4WT23 > Accumulable registered as "NEndRight"
G4WT23 > Accumulable registered as "NTop"
G4WT21 > Accumulable registered as "NEndRight"
G4WT21 > Accumulable registered as "NTop"
G4WT23 > Accumulable registered as "NEventsWithHits"
G4WT23 > Accumulable registered as "NScintPhotons"
G4WT21 > Accumulable registered as "NEventsWithHits"
G4WT21 > Accumulable registered as "NScintPhotons"
G4WT13 > Accumulable registered as "NEndLeft"
G4WT13 > Accumulable registered as "NEndRight"
G4WT13 > Accumulable registered as "NTop"
G4WT13 > Accumulable registered as "NEventsWithHits"
G4WT13 > Accumulable registered as "NScintPhotons"
G4WT7 > Accumulable registered as "NEndLeft"
G4WT7 > Accumulable registered as "NEndRight"
G4WT7 > Accumulable registered as "NTop"
G4WT7 > Accumulable registered as "NEventsWithHits"
G4WT7 > Accumulable registered as "NScintPhotons"
G4WT1 > Accumulable registered as "NEndLeft"
G4WT1 > Accumulable registered as "NEndRight"
G4WT1 > Accumulable registered as "NTop"
G4WT1 > Accumulable registered as "NEventsWithHits"
G4WT1 > Accumulable registered as "NScintPhotons"
G4WT14 > Accumulable registered as "NEndLeft"
G4WT14 > Accumulable registered as "NEndRight"
G4WT14 > Accumulable registered as "NTop"
G4WT19 > Accumulable registered as "NEndLeft"
G4WT14 > Accumulable registered as "NEventsWithHits"
G4WT19 > Accumulable registered as "NEndRight"
G4WT14 > Accumulable registered as "NScintPhotons"
G4WT19 > Accumulable registered as "NTop"
G4WT19 > Accumulable registered as "NEventsWithHits"
G4WT19 > Accumulable registered as "NScintPhotons"
G4WT12 > Accumulable registered as "NEndLeft"
G4WT12 > Accumulable registered as "NEndRight"
G4WT12 > Accumulable registered as "NTop"
G4WT6 > Accumulable registered as "NEndLeft"
G4WT12 > Accumulable registered as "NEventsWithHits"
G4WT6 > Accumulable registered as "NEndRight"
G4WT12 > Accumulable registered as "NScintPhotons"
G4WT6 > Accumulable registered as "NTop"
G4WT6 > Accumulable registered as "NEventsWithHits"
G4WT6 > Accumulable registered as "NScintPhotons"
G4WT22 > Accumulable registered as "NEndLeft"
G4WT22 > Accumulable registered as "NEndRight"
G4WT22 > Accumulable registered as "NTop"
G4WT22 > Accumulable registered as "NEventsWithHits"
G4WT22 > Accumulable registered as "NScintPhotons"
G4WT9 > Accumulable registered as "NEndLeft"
G4WT9 > Accumulable registered as "NEndRight"
G4WT9 > Accumulable registered as "NTop"
G4WT9 > Accumulable registered as "NEventsWithHits"
G4WT9 > Accumulable registered as "NScintPhotons"
G4WT0 > Accumulable registered as "NEndLeft"
G4WT0 > Accumulable registered as "NEndRight"
G4WT0 > Accumulable registered as "NTop"
G4WT0 > Accumulable registered as "NEventsWithHits"
G4WT0 > Accumulable registered as "NScintPhotons"

=== Active Scintillator Baseline ===
  SSLG4 code            : OPSC-101
  Yield                 : 10400 ph/MeV
  Rise time tau_r       : 0.7 ns
  Decay time tau_d      : 1.8 ns
  Attenuation length    : 160 cm
  Emission peak lambda  : 408.8 nm
  Finite rise time      : enabled
=====================================

=== Active Readout / Wrapping Configuration ===
  Readout configuration : Top
  SiPM model            : AFBR-S4N66P024M
  SiPM PDE file         : /home/rrios/ej200/data/sipm/AFBR-S4N66P024M_pde.txt
  -X face               : wrapped
  +X face               : wrapped
  -Y face               : wrapped
  +Y face               : instrumented
  -Z face               : wrapped
  +Z face               : wrapped
  Reflector R           : 0.98
  Active End SiPMs      : 0 (L=0, R=0)
  Active Top SiPMs      : 70
==============================================
G4WT17 > 
=== EJ Scintillator Bar Run Summary ===
  Run ID                : 0
  Events run            : 138
  Events with ≥1 hit    : 138
  End-left  photons     : 0
  End-right photons     : 0
  Top SiPM  photons     : 669649
  Scint photons generated: 2755234
  Total photons detected : 669649
  Detection efficiency   : 24.3046 %
  ROOT output           : photon_hits_run000.root
==============================

G4WT2 > 
=== EJ Scintillator Bar Run Summary ===
  Run ID                : 0
  Events run            : 108
  Events with ≥1 hit    : 108
  End-left  photons     : 0
  End-right photons     : 0
  Top SiPM  photons     : 544574
  Scint photons generated: 2244985
  Total photons detected : 544574
  Detection efficiency   : 24.2574 %
  ROOT output           : photon_hits_run000.root
==============================

G4WT10 > 
=== EJ Scintillator Bar Run Summary ===
  Run ID                : 0
  Events run            : 108
  Events with ≥1 hit    : 108
  End-left  photons     : 0
  End-right photons     : 0
  Top SiPM  photons     : 526925
  Scint photons generated: 2166505
  Total photons detected : 526925
  Detection efficiency   : 24.3214 %
  ROOT output           : photon_hits_run000.root
==============================

G4WT9 > 
=== EJ Scintillator Bar Run Summary ===
  Run ID                : 0
  Events run            : 162
  Events with ≥1 hit    : 162
  End-left  photons     : 0
  End-right photons     : 0
  Top SiPM  photons     : 777331
  Scint photons generated: 3205751
  Total photons detected : 777331
  Detection efficiency   : 24.2480 %
  ROOT output           : photon_hits_run000.root
==============================

G4WT3 > 
=== EJ Scintillator Bar Run Summary ===
  Run ID                : 0
  Events run            : 162
  Events with ≥1 hit    : 162
  End-left  photons     : 0
  End-right photons     : 0
  Top SiPM  photons     : 783201
  Scint photons generated: 3228578
  Total photons detected : 783201
  Detection efficiency   : 24.2584 %
  ROOT output           : photon_hits_run000.root
==============================

G4WT0 > 
=== EJ Scintillator Bar Run Summary ===
  Run ID                : 0
  Events run            : 108
  Events with ≥1 hit    : 108
  End-left  photons     : 0
  End-right photons     : 0
  Top SiPM  photons     : 558143
  Scint photons generated: 2303735
  Total photons detected : 558143
  Detection efficiency   : 24.2277 %
  ROOT output           : photon_hits_run000.root
==============================

G4WT16 > 
=== EJ Scintillator Bar Run Summary ===
  Run ID                : 0
  Events run            : 108
  Events with ≥1 hit    : 108
  End-left  photons     : 0
  End-right photons     : 0
  Top SiPM  photons     : 520972
  Scint photons generated: 2145070
  Total photons detected : 520972
  Detection efficiency   : 24.2869 %
  ROOT output           : photon_hits_run000.root
==============================

G4WT22 > 
=== EJ Scintillator Bar Run Summary ===
  Run ID                : 0
  Events run            : 108
  Events with ≥1 hit    : 108
  End-left  photons     : 0
  End-right photons     : 0
  Top SiPM  photons     : 544429
  Scint photons generated: 2242308
  Total photons detected : 544429
  Detection efficiency   : 24.2798 %
  ROOT output           : photon_hits_run000.root
==============================

G4WT14 > 
=== EJ Scintillator Bar Run Summary ===
  Run ID                : 0
  Events run            : 108
  Events with ≥1 hit    : 108
  End-left  photons     : 0
  End-right photons     : 0
  Top SiPM  photons     : 549641
  Scint photons generated: 2264811
  Total photons detected : 549641
  Detection efficiency   : 24.2687 %
  ROOT output           : photon_hits_run000.root
==============================

G4WT15 > 
=== EJ Scintillator Bar Run Summary ===
  Run ID                : 0
  Events run            : 162
  Events with ≥1 hit    : 162
  End-left  photons     : 0
  End-right photons     : 0
  Top SiPM  photons     : 762883
  Scint photons generated: 3148145
  Total photons detected : 762883
  Detection efficiency   : 24.2328 %
  ROOT output           : photon_hits_run000.root
==============================

G4WT20 > 
=== EJ Scintillator Bar Run Summary ===
  Run ID                : 0
  Events run            : 108
  Events with ≥1 hit    : 108
  End-left  photons     : 0
  End-right photons     : 0
  Top SiPM  photons     : 532681
  Scint photons generated: 2192269
  Total photons detected : 532681
  Detection efficiency   : 24.2982 %
  ROOT output           : photon_hits_run000.root
==============================

G4WT12 > 
=== EJ Scintillator Bar Run Summary ===
  Run ID                : 0
  Events run            : 108
  Events with ≥1 hit    : 108
  End-left  photons     : 0
  End-right photons     : 0
  Top SiPM  photons     : 525143
  Scint photons generated: 2168413
  Total photons detected : 525143
  Detection efficiency   : 24.2178 %
  ROOT output           : photon_hits_run000.root
==============================

G4WT5 > 
=== EJ Scintillator Bar Run Summary ===
  Run ID                : 0
  Events run            : 108
  Events with ≥1 hit    : 108
  End-left  photons     : 0
  End-right photons     : 0
  Top SiPM  photons     : 522517
  Scint photons generated: 2154357
  Total photons detected : 522517
  Detection efficiency   : 24.2540 %
  ROOT output           : photon_hits_run000.root
==============================

G4WT11 > 
=== EJ Scintillator Bar Run Summary ===
  Run ID                : 0
  Events run            : 162
  Events with ≥1 hit    : 162
  End-left  photons     : 0
  End-right photons     : 0
  Top SiPM  photons     : 776474
  Scint photons generated: 3199654
  Total photons detected : 776474
  Detection efficiency   : 24.2674 %
  ROOT output           : photon_hits_run000.root
==============================

G4WT21 > 
=== EJ Scintillator Bar Run Summary ===
  Run ID                : 0
  Events run            : 162
  Events with ≥1 hit    : 162
  End-left  photons     : 0
  End-right photons     : 0
  Top SiPM  photons     : 768598
  Scint photons generated: 3172265
  Total photons detected : 768598
  Detection efficiency   : 24.2287 %
  ROOT output           : photon_hits_run000.root
==============================

G4WT6 > 
=== EJ Scintillator Bar Run Summary ===
  Run ID                : 0
  Events run            : 108
  Events with ≥1 hit    : 108
  End-left  photons     : 0
  End-right photons     : 0
  Top SiPM  photons     : 538219
  Scint photons generated: 2214785
  Total photons detected : 538219
  Detection efficiency   : 24.3012 %
  ROOT output           : photon_hits_run000.root
==============================

G4WT1 > 
=== EJ Scintillator Bar Run Summary ===
  Run ID                : 0
  Events run            : 108
  Events with ≥1 hit    : 108
  End-left  photons     : 0
  End-right photons     : 0
  Top SiPM  photons     : 538948
  Scint photons generated: 2218321
  Total photons detected : 538948
  Detection efficiency   : 24.2953 %
  ROOT output           : photon_hits_run000.root
==============================

G4WT18 > 
=== EJ Scintillator Bar Run Summary ===
  Run ID                : 0
  Events run            : 162
  Events with ≥1 hit    : 162
  End-left  photons     : 0
  End-right photons     : 0
  Top SiPM  photons     : 771248
  Scint photons generated: 3184518
  Total photons detected : 771248
  Detection efficiency   : 24.2187 %
  ROOT output           : photon_hits_run000.root
==============================

G4WT4 > 
=== EJ Scintillator Bar Run Summary ===
  Run ID                : 0
  Events run            : 108
  Events with ≥1 hit    : 108
  End-left  photons     : 0
  End-right photons     : 0
  Top SiPM  photons     : 529385
  Scint photons generated: 2176820
  Total photons detected : 529385
  Detection efficiency   : 24.3192 %
  ROOT output           : photon_hits_run000.root
==============================

G4WT7 > 
=== EJ Scintillator Bar Run Summary ===
  Run ID                : 0
  Events run            : 108
  Events with ≥1 hit    : 108
  End-left  photons     : 0
  End-right photons     : 0
  Top SiPM  photons     : 530414
  Scint photons generated: 2185397
  Total photons detected : 530414
  Detection efficiency   : 24.2708 %
  ROOT output           : photon_hits_run000.root
==============================

G4WT23 > 
=== EJ Scintillator Bar Run Summary ===
  Run ID                : 0
  Events run            : 108
  Events with ≥1 hit    : 108
  End-left  photons     : 0
  End-right photons     : 0
  Top SiPM  photons     : 529920
  Scint photons generated: 2185317
  Total photons detected : 529920
  Detection efficiency   : 24.2491 %
  ROOT output           : photon_hits_run000.root
==============================

G4WT8 > 
=== EJ Scintillator Bar Run Summary ===
  Run ID                : 0
  Events run            : 108
  Events with ≥1 hit    : 108
  End-left  photons     : 0
  End-right photons     : 0
  Top SiPM  photons     : 524309
  Scint photons generated: 2161347
  Total photons detected : 524309
  Detection efficiency   : 24.2584 %
  ROOT output           : photon_hits_run000.root
==============================

G4WT19 > 
=== EJ Scintillator Bar Run Summary ===
  Run ID                : 0
  Events run            : 108
  Events with ≥1 hit    : 108
  End-left  photons     : 0
  End-right photons     : 0
  Top SiPM  photons     : 533574
  Scint photons generated: 2199562
  Total photons detected : 533574
  Detection efficiency   : 24.2582 %
  ROOT output           : photon_hits_run000.root
==============================

G4WT13 > 
=== EJ Scintillator Bar Run Summary ===
  Run ID                : 0
  Events run            : 162
  Events with ≥1 hit    : 162
  End-left  photons     : 0
  End-right photons     : 0
  Top SiPM  photons     : 771903
  Scint photons generated: 3181497
  Total photons detected : 771903
  Detection efficiency   : 24.2623 %
  ROOT output           : photon_hits_run000.root
==============================


=== EJ Scintillator Bar Run Summary ===
  Run ID                : 0
  Events run            : 3000
  Events with ≥1 hit    : 3000
  End-left  photons     : 0
  End-right photons     : 0
  Top SiPM  photons     : 14631081
  Scint photons generated: 60299644
  Total photons detected : 14631081
  Detection efficiency   : 24.2640 %
  ROOT output           : photon_hits_run000.root
==============================


=== Boundary Census (diagnostic) ===
  Bar -> reflector panel   : 1142952616
  Bar -> World (escaped)   : 0
  Bar -> Bar (TIR/refl)    : 0
  Bar -> SiPM (entering)   : 23403017
  Killed in WorldLV        : 142943
====================================

[2026-06-11T22:23:34] DONE pairscan_x-436.0mm (entries=14631081.0)
[2026-06-11T22:23:34] START pairscan_x-437.0mm (x=-437.0 mm)

**************************************************************
 Geant4 version Name: geant4-11-04 [MT]   (5-December-2025)
  << in Multi-threaded mode >> 
                       Copyright : Geant4 Collaboration
                      References : NIM A 506 (2003), 250-303
                                 : IEEE-TNS 53 (2006), 270-278
                                 : NIM A 835 (2016), 186-225
                             WWW : http://geant4.org/
**************************************************************

Accumulable registered as "NEndLeft"
Accumulable registered as "NEndRight"
Accumulable registered as "NTop"
Accumulable registered as "NEventsWithHits"
Accumulable registered as "NScintPhotons"

-------- WWWW ------- G4Exception-START -------- WWWW -------
*** G4Exception : mat031
      issued by : G4Material::FillVectors()
For material opsc-101 sum of fractional masses 0.996667 is not 1 - results may be wrong

*** This is just a warning message. ***
-------- WWWW -------- G4Exception-END --------- WWWW -------

Checking overlaps for volume BarPV:0 (G4Box) ... OK! 
Checking overlaps for volume ReflectorYMinusPV:0 (G4Box) ... OK! 
Checking overlaps for volume ReflectorZMinusPV:3 (G4Box) ... OK! 
Checking overlaps for volume ReflectorZPlusPV:4 (G4Box) ... OK! 
Checking overlaps for volume ReflectorYPlusPV:5 (G4SubtractionSolid) ... OK! 
Checking overlaps for volume ReflectorXMinusPV:1 (G4Box) ... OK! 
Checking overlaps for volume ReflectorXPlusPV:2 (G4Box) ... OK! 
Checking overlaps for volume TopSiPMPV:16 (G4Box) ... OK! 
Checking overlaps for volume TopSiPMPV:17 (G4Box) ... OK! 
Checking overlaps for volume TopSiPMPV:18 (G4Box) ... OK! 
Checking overlaps for volume TopSiPMPV:19 (G4Box) ... OK! 
Checking overlaps for volume TopSiPMPV:20 (G4Box) ... OK! 
Checking overlaps for volume TopSiPMPV:21 (G4Box) ... OK! 
Checking overlaps for volume TopSiPMPV:22 (G4Box) ... OK! 
Checking overlaps for volume TopSiPMPV:23 (G4Box) ... OK! 
Checking overlaps for volume TopSiPMPV:24 (G4Box) ... OK! 
Checking overlaps for volume TopSiPMPV:25 (G4Box) ... OK! 
Checking overlaps for volume TopSiPMPV:26 (G4Box) ... OK! 
Checking overlaps for volume TopSiPMPV:27 (G4Box) ... OK! 
Checking overlaps for volume TopSiPMPV:28 (G4Box) ... OK! 
Checking overlaps for volume TopSiPMPV:29 (G4Box) ... OK! 
Checking overlaps for volume TopSiPMPV:30 (G4Box) ... OK! 
Checking overlaps for volume TopSiPMPV:31 (G4Box) ... OK! 
Checking overlaps for volume TopSiPMPV:32 (G4Box) ... OK! 
Checking overlaps for volume TopSiPMPV:33 (G4Box) ... OK! 
Checking overlaps for volume TopSiPMPV:34 (G4Box) ... OK! 
Checking overlaps for volume TopSiPMPV:35 (G4Box) ... OK! 
Checking overlaps for volume TopSiPMPV:36 (G4Box) ... OK! 
Checking overlaps for volume TopSiPMPV:37 (G4Box) ... OK! 
Checking overlaps for volume TopSiPMPV:38 (G4Box) ... OK! 
Checking overlaps for volume TopSiPMPV:39 (G4Box) ... OK! 
Checking overlaps for volume TopSiPMPV:40 (G4Box) ... OK! 
Checking overlaps for volume TopSiPMPV:41 (G4Box) ... OK! 
Checking overlaps for volume TopSiPMPV:42 (G4Box) ... OK! 
Checking overlaps for volume TopSiPMPV:43 (G4Box) ... OK! 
Checking overlaps for volume TopSiPMPV:44 (G4Box) ... OK! 
Checking overlaps for volume TopSiPMPV:45 (G4Box) ... OK! 
Checking overlaps for volume TopSiPMPV:46 (G4Box) ... OK! 
Checking overlaps for volume TopSiPMPV:47 (G4Box) ... OK! 
Checking overlaps for volume TopSiPMPV:48 (G4Box) ... OK! 
Checking overlaps for volume TopSiPMPV:49 (G4Box) ... OK! 
Checking overlaps for volume TopSiPMPV:50 (G4Box) ... OK! 
Checking overlaps for volume TopSiPMPV:51 (G4Box) ... OK! 
Checking overlaps for volume TopSiPMPV:52 (G4Box) ... OK! 
Checking overlaps for volume TopSiPMPV:53 (G4Box) ... OK! 
Checking overlaps for volume TopSiPMPV:54 (G4Box) ... OK! 
Checking overlaps for volume TopSiPMPV:55 (G4Box) ... OK! 
Checking overlaps for volume TopSiPMPV:56 (G4Box) ... OK! 
Checking overlaps for volume TopSiPMPV:57 (G4Box) ... OK! 
Checking overlaps for volume TopSiPMPV:58 (G4Box) ... OK! 
Checking overlaps for volume TopSiPMPV:59 (G4Box) ... OK! 
Checking overlaps for volume TopSiPMPV:60 (G4Box) ... OK! 
Checking overlaps for volume TopSiPMPV:61 (G4Box) ... OK! 
Checking overlaps for volume TopSiPMPV:62 (G4Box) ... OK! 
Checking overlaps for volume TopSiPMPV:63 (G4Box) ... OK! 
Checking overlaps for volume TopSiPMPV:64 (G4Box) ... OK! 
Checking overlaps for volume TopSiPMPV:65 (G4Box) ... OK! 
Checking overlaps for volume TopSiPMPV:66 (G4Box) ... OK! 
Checking overlaps for volume TopSiPMPV:67 (G4Box) ... OK! 
Checking overlaps for volume TopSiPMPV:68 (G4Box) ... OK! 
Checking overlaps for volume TopSiPMPV:69 (G4Box) ... OK! 
Checking overlaps for volume TopSiPMPV:70 (G4Box) ... OK! 
Checking overlaps for volume TopSiPMPV:71 (G4Box) ... OK! 
Checking overlaps for volume TopSiPMPV:72 (G4Box) ... OK! 
Checking overlaps for volume TopSiPMPV:73 (G4Box) ... OK! 
Checking overlaps for volume TopSiPMPV:74 (G4Box) ... OK! 
Checking overlaps for volume TopSiPMPV:75 (G4Box) ... OK! 
Checking overlaps for volume TopSiPMPV:76 (G4Box) ... OK! 
Checking overlaps for volume TopSiPMPV:77 (G4Box) ... OK! 
Checking overlaps for volume TopSiPMPV:78 (G4Box) ... OK! 
Checking overlaps for volume TopSiPMPV:79 (G4Box) ... OK! 
Checking overlaps for volume TopSiPMPV:80 (G4Box) ... OK! 
Checking overlaps for volume TopSiPMPV:81 (G4Box) ... OK! 
Checking overlaps for volume TopSiPMPV:82 (G4Box) ... OK! 
Checking overlaps for volume TopSiPMPV:83 (G4Box) ... OK! 
Checking overlaps for volume TopSiPMPV:84 (G4Box) ... OK! 
Checking overlaps for volume TopSiPMPV:85 (G4Box) ... OK! 
### Birks coefficients used in run time
G4WT21 > Accumulable registered as "NEndLeft"
G4WT21 > Accumulable registered as "NEndRight"
G4WT21 > Accumulable registered as "NTop"
G4WT21 > Accumulable registered as "NEventsWithHits"
G4WT21 > Accumulable registered as "NScintPhotons"
G4WT23 > Accumulable registered as "NEndLeft"
G4WT23 > Accumulable registered as "NEndRight"
G4WT23 > Accumulable registered as "NTop"
G4WT23 > Accumulable registered as "NEventsWithHits"
G4WT23 > Accumulable registered as "NScintPhotons"
G4WT22 > Accumulable registered as "NEndLeft"
G4WT9 > Accumulable registered as "NEndLeft"
G4WT22 > Accumulable registered as "NEndRight"
G4WT22 > Accumulable registered as "NTop"
G4WT9 > Accumulable registered as "NEndRight"
G4WT9 > Accumulable registered as "NTop"
G4WT22 > Accumulable registered as "NEventsWithHits"
G4WT22 > Accumulable registered as "NScintPhotons"
G4WT9 > Accumulable registered as "NEventsWithHits"
G4WT9 > Accumulable registered as "NScintPhotons"
G4WT7 > Accumulable registered as "NEndLeft"
G4WT7 > Accumulable registered as "NEndRight"
G4WT7 > Accumulable registered as "NTop"
G4WT7 > Accumulable registered as "NEventsWithHits"
G4WT7 > Accumulable registered as "NScintPhotons"
G4WT3 > Accumulable registered as "NEndLeft"
G4WT3 > Accumulable registered as "NEndRight"
G4WT3 > Accumulable registered as "NTop"
G4WT3 > Accumulable registered as "NEventsWithHits"
G4WT3 > Accumulable registered as "NScintPhotons"
G4WT1 > Accumulable registered as "NEndLeft"
G4WT1 > Accumulable registered as "NEndRight"
G4WT1 > Accumulable registered as "NTop"
G4WT1 > Accumulable registered as "NEventsWithHits"
G4WT1 > Accumulable registered as "NScintPhotons"
G4WT8 > Accumulable registered as "NEndLeft"
G4WT8 > Accumulable registered as "NEndRight"
G4WT8 > Accumulable registered as "NTop"
G4WT8 > Accumulable registered as "NEventsWithHits"
G4WT8 > Accumulable registered as "NScintPhotons"
G4WT14 > Accumulable registered as "NEndLeft"
G4WT14 > Accumulable registered as "NEndRight"
G4WT14 > Accumulable registered as "NTop"
G4WT14 > Accumulable registered as "NEventsWithHits"
G4WT14 > Accumulable registered as "NScintPhotons"
G4WT5 > Accumulable registered as "NEndLeft"
G4WT5 > Accumulable registered as "NEndRight"
G4WT5 > Accumulable registered as "NTop"
G4WT5 > Accumulable registered as "NEventsWithHits"
G4WT5 > Accumulable registered as "NScintPhotons"
G4WT10 > Accumulable registered as "NEndLeft"
G4WT10 > Accumulable registered as "NEndRight"
G4WT10 > Accumulable registered as "NTop"
G4WT10 > Accumulable registered as "NEventsWithHits"
G4WT10 > Accumulable registered as "NScintPhotons"
G4WT17 > Accumulable registered as "NEndLeft"
G4WT17 > Accumulable registered as "NEndRight"
G4WT17 > Accumulable registered as "NTop"
G4WT17 > Accumulable registered as "NEventsWithHits"
G4WT17 > Accumulable registered as "NScintPhotons"
G4WT11 > Accumulable registered as "NEndLeft"
G4WT11 > Accumulable registered as "NEndRight"
G4WT11 > Accumulable registered as "NTop"
G4WT11 > Accumulable registered as "NEventsWithHits"
G4WT11 > Accumulable registered as "NScintPhotons"
G4WT12 > Accumulable registered as "NEndLeft"
G4WT12 > Accumulable registered as "NEndRight"
G4WT12 > Accumulable registered as "NTop"
G4WT12 > Accumulable registered as "NEventsWithHits"
G4WT12 > Accumulable registered as "NScintPhotons"
G4WT13 > Accumulable registered as "NEndLeft"
G4WT13 > Accumulable registered as "NEndRight"
G4WT13 > Accumulable registered as "NTop"
G4WT13 > Accumulable registered as "NEventsWithHits"
G4WT13 > Accumulable registered as "NScintPhotons"
G4WT16 > Accumulable registered as "NEndLeft"
G4WT16 > Accumulable registered as "NEndRight"
G4WT16 > Accumulable registered as "NTop"
G4WT16 > Accumulable registered as "NEventsWithHits"
G4WT16 > Accumulable registered as "NScintPhotons"
G4WT15 > Accumulable registered as "NEndLeft"
G4WT15 > Accumulable registered as "NEndRight"
G4WT15 > Accumulable registered as "NTop"
G4WT15 > Accumulable registered as "NEventsWithHits"
G4WT15 > Accumulable registered as "NScintPhotons"
G4WT18 > Accumulable registered as "NEndLeft"
G4WT18 > Accumulable registered as "NEndRight"
G4WT18 > Accumulable registered as "NTop"
G4WT18 > Accumulable registered as "NEventsWithHits"
G4WT18 > Accumulable registered as "NScintPhotons"
G4WT2 > Accumulable registered as "NEndLeft"
G4WT6 > Accumulable registered as "NEndLeft"
G4WT6 > Accumulable registered as "NEndRight"
G4WT6 > Accumulable registered as "NTop"
G4WT6 > Accumulable registered as "NEventsWithHits"
G4WT2 > Accumulable registered as "NEndRight"
G4WT2 > Accumulable registered as "NTop"
G4WT6 > Accumulable registered as "NScintPhotons"
G4WT2 > Accumulable registered as "NEventsWithHits"
G4WT2 > Accumulable registered as "NScintPhotons"
G4WT20 > Accumulable registered as "NEndLeft"
G4WT20 > Accumulable registered as "NEndRight"
G4WT20 > Accumulable registered as "NTop"
G4WT20 > Accumulable registered as "NEventsWithHits"
G4WT20 > Accumulable registered as "NScintPhotons"
G4WT4 > Accumulable registered as "NEndLeft"
G4WT4 > Accumulable registered as "NEndRight"
G4WT4 > Accumulable registered as "NTop"
G4WT4 > Accumulable registered as "NEventsWithHits"
G4WT4 > Accumulable registered as "NScintPhotons"
G4WT19 > Accumulable registered as "NEndLeft"
G4WT19 > Accumulable registered as "NEndRight"
G4WT19 > Accumulable registered as "NTop"
G4WT19 > Accumulable registered as "NEventsWithHits"
G4WT19 > Accumulable registered as "NScintPhotons"
G4WT0 > Accumulable registered as "NEndLeft"
G4WT0 > Accumulable registered as "NEndRight"
G4WT0 > Accumulable registered as "NTop"
G4WT0 > Accumulable registered as "NEventsWithHits"
G4WT0 > Accumulable registered as "NScintPhotons"

=== Active Scintillator Baseline ===
  SSLG4 code            : OPSC-101
  Yield                 : 10400 ph/MeV
  Rise time tau_r       : 0.7 ns
  Decay time tau_d      : 1.8 ns
  Attenuation length    : 160 cm
  Emission peak lambda  : 408.8 nm
  Finite rise time      : enabled
=====================================

=== Active Readout / Wrapping Configuration ===
  Readout configuration : Top
  SiPM model            : AFBR-S4N66P024M
  SiPM PDE file         : /home/rrios/ej200/data/sipm/AFBR-S4N66P024M_pde.txt
  -X face               : wrapped
  +X face               : wrapped
  -Y face               : wrapped
  +Y face               : instrumented
  -Z face               : wrapped
  +Z face               : wrapped
  Reflector R           : 0.98
  Active End SiPMs      : 0 (L=0, R=0)
  Active Top SiPMs      : 70
==============================================
G4WT14 > 
=== EJ Scintillator Bar Run Summary ===
  Run ID                : 0
  Events run            : 108
  Events with ≥1 hit    : 108
  End-left  photons     : 0
  End-right photons     : 0
  Top SiPM  photons     : 528476
  Scint photons generated: 2163608
  Total photons detected : 528476
  Detection efficiency   : 24.4257 %
  ROOT output           : photon_hits_run000.root
==============================

G4WT13 > 
=== EJ Scintillator Bar Run Summary ===
  Run ID                : 0
  Events run            : 108
  Events with ≥1 hit    : 108
  End-left  photons     : 0
  End-right photons     : 0
  Top SiPM  photons     : 546004
  Scint photons generated: 2243790
  Total photons detected : 546004
  Detection efficiency   : 24.3340 %
  ROOT output           : photon_hits_run000.root
==============================

G4WT0 > 
=== EJ Scintillator Bar Run Summary ===
  Run ID                : 0
  Events run            : 162
  Events with ≥1 hit    : 162
  End-left  photons     : 0
  End-right photons     : 0
  Top SiPM  photons     : 783173
  Scint photons generated: 3218171
  Total photons detected : 783173
  Detection efficiency   : 24.3360 %
  ROOT output           : photon_hits_run000.root
==============================

G4WT2 > 
=== EJ Scintillator Bar Run Summary ===
  Run ID                : 0
  Events run            : 108
  Events with ≥1 hit    : 108
  End-left  photons     : 0
  End-right photons     : 0
  Top SiPM  photons     : 540337
  Scint photons generated: 2215788
  Total photons detected : 540337
  Detection efficiency   : 24.3858 %
  ROOT output           : photon_hits_run000.root
==============================

G4WT5 > 
=== EJ Scintillator Bar Run Summary ===
  Run ID                : 0
  Events run            : 162
  Events with ≥1 hit    : 162
  End-left  photons     : 0
  End-right photons     : 0
  Top SiPM  photons     : 785290
  Scint photons generated: 3223598
  Total photons detected : 785290
  Detection efficiency   : 24.3607 %
  ROOT output           : photon_hits_run000.root
==============================

G4WT6 > 
=== EJ Scintillator Bar Run Summary ===
  Run ID                : 0
  Events run            : 162
  Events with ≥1 hit    : 162
  End-left  photons     : 0
  End-right photons     : 0
  Top SiPM  photons     : 785497
  Scint photons generated: 3223468
  Total photons detected : 785497
  Detection efficiency   : 24.3681 %
  ROOT output           : photon_hits_run000.root
==============================

G4WT4 > 
=== EJ Scintillator Bar Run Summary ===
  Run ID                : 0
  Events run            : 162
  Events with ≥1 hit    : 162
  End-left  photons     : 0
  End-right photons     : 0
  Top SiPM  photons     : 757807
  Scint photons generated: 3109639
  Total photons detected : 757807
  Detection efficiency   : 24.3696 %
  ROOT output           : photon_hits_run000.root
==============================

G4WT17 > 
=== EJ Scintillator Bar Run Summary ===
  Run ID                : 0
  Events run            : 162
  Events with ≥1 hit    : 162
  End-left  photons     : 0
  End-right photons     : 0
  Top SiPM  photons     : 777189
  Scint photons generated: 3190105
  Total photons detected : 777189
  Detection efficiency   : 24.3625 %
  ROOT output           : photon_hits_run000.root
==============================

G4WT8 > 
=== EJ Scintillator Bar Run Summary ===
  Run ID                : 0
  Events run            : 108
  Events with ≥1 hit    : 108
  End-left  photons     : 0
  End-right photons     : 0
  Top SiPM  photons     : 541964
  Scint photons generated: 2227624
  Total photons detected : 541964
  Detection efficiency   : 24.3292 %
  ROOT output           : photon_hits_run000.root
==============================

G4WT21 > 
=== EJ Scintillator Bar Run Summary ===
  Run ID                : 0
  Events run            : 108
  Events with ≥1 hit    : 108
  End-left  photons     : 0
  End-right photons     : 0
  Top SiPM  photons     : 543995
  Scint photons generated: 2232747
  Total photons detected : 543995
  Detection efficiency   : 24.3644 %
  ROOT output           : photon_hits_run000.root
==============================

G4WT20 > 
=== EJ Scintillator Bar Run Summary ===
  Run ID                : 0
  Events run            : 108
  Events with ≥1 hit    : 108
  End-left  photons     : 0
  End-right photons     : 0
  Top SiPM  photons     : 558500
  Scint photons generated: 2291633
  Total photons detected : 558500
  Detection efficiency   : 24.3713 %
  ROOT output           : photon_hits_run000.root
==============================

G4WT18 > 
=== EJ Scintillator Bar Run Summary ===
  Run ID                : 0
  Events run            : 108
  Events with ≥1 hit    : 108
  End-left  photons     : 0
  End-right photons     : 0
  Top SiPM  photons     : 530868
  Scint photons generated: 2181520
  Total photons detected : 530868
  Detection efficiency   : 24.3348 %
  ROOT output           : photon_hits_run000.root
==============================

G4WT3 > 
=== EJ Scintillator Bar Run Summary ===
  Run ID                : 0
  Events run            : 108
  Events with ≥1 hit    : 108
  End-left  photons     : 0
  End-right photons     : 0
  Top SiPM  photons     : 556932
  Scint photons generated: 2281246
  Total photons detected : 556932
  Detection efficiency   : 24.4135 %
  ROOT output           : photon_hits_run000.root
==============================

G4WT1 > 
=== EJ Scintillator Bar Run Summary ===
  Run ID                : 0
  Events run            : 108
  Events with ≥1 hit    : 108
  End-left  photons     : 0
  End-right photons     : 0
  Top SiPM  photons     : 545044
  Scint photons generated: 2236043
  Total photons detected : 545044
  Detection efficiency   : 24.3754 %
  ROOT output           : photon_hits_run000.root
==============================

G4WT11 > 
=== EJ Scintillator Bar Run Summary ===
  Run ID                : 0
  Events run            : 108
  Events with ≥1 hit    : 108
  End-left  photons     : 0
  End-right photons     : 0
  Top SiPM  photons     : 525763
  Scint photons generated: 2162655
  Total photons detected : 525763
  Detection efficiency   : 24.3110 %
  ROOT output           : photon_hits_run000.root
==============================

G4WT15 > 
=== EJ Scintillator Bar Run Summary ===
  Run ID                : 0
  Events run            : 108
  Events with ≥1 hit    : 108
  End-left  photons     : 0
  End-right photons     : 0
  Top SiPM  photons     : 532405
  Scint photons generated: 2188627
  Total photons detected : 532405
  Detection efficiency   : 24.3260 %
  ROOT output           : photon_hits_run000.root
==============================

G4WT12 > 
=== EJ Scintillator Bar Run Summary ===
  Run ID                : 0
  Events run            : 108
  Events with ≥1 hit    : 108
  End-left  photons     : 0
  End-right photons     : 0
  Top SiPM  photons     : 525703
  Scint photons generated: 2159094
  Total photons detected : 525703
  Detection efficiency   : 24.3483 %
  ROOT output           : photon_hits_run000.root
==============================

G4WT19 > 
=== EJ Scintillator Bar Run Summary ===
  Run ID                : 0
  Events run            : 108
  Events with ≥1 hit    : 108
  End-left  photons     : 0
  End-right photons     : 0
  Top SiPM  photons     : 539146
  Scint photons generated: 2211451
  Total photons detected : 539146
  Detection efficiency   : 24.3797 %
  ROOT output           : photon_hits_run000.root
==============================

G4WT9 > 
=== EJ Scintillator Bar Run Summary ===
  Run ID                : 0
  Events run            : 162
  Events with ≥1 hit    : 162
  End-left  photons     : 0
  End-right photons     : 0
  Top SiPM  photons     : 779907
  Scint photons generated: 3198338
  Total photons detected : 779907
  Detection efficiency   : 24.3848 %
  ROOT output           : photon_hits_run000.root
==============================

G4WT16 > 
=== EJ Scintillator Bar Run Summary ===
  Run ID                : 0
  Events run            : 162
  Events with ≥1 hit    : 162
  End-left  photons     : 0
  End-right photons     : 0
  Top SiPM  photons     : 797288
  Scint photons generated: 3276565
  Total photons detected : 797288
  Detection efficiency   : 24.3330 %
  ROOT output           : photon_hits_run000.root
==============================

G4WT23 > 
=== EJ Scintillator Bar Run Summary ===
  Run ID                : 0
  Events run            : 108
  Events with ≥1 hit    : 108
  End-left  photons     : 0
  End-right photons     : 0
  Top SiPM  photons     : 523285
  Scint photons generated: 2149216
  Total photons detected : 523285
  Detection efficiency   : 24.3477 %
  ROOT output           : photon_hits_run000.root
==============================

G4WT7 > 
=== EJ Scintillator Bar Run Summary ===
  Run ID                : 0
  Events run            : 108
  Events with ≥1 hit    : 108
  End-left  photons     : 0
  End-right photons     : 0
  Top SiPM  photons     : 531911
  Scint photons generated: 2186683
  Total photons detected : 531911
  Detection efficiency   : 24.3250 %
  ROOT output           : photon_hits_run000.root
==============================

G4WT10 > 
=== EJ Scintillator Bar Run Summary ===
  Run ID                : 0
  Events run            : 108
  Events with ≥1 hit    : 108
  End-left  photons     : 0
  End-right photons     : 0
  Top SiPM  photons     : 546140
  Scint photons generated: 2245448
  Total photons detected : 546140
  Detection efficiency   : 24.3221 %
  ROOT output           : photon_hits_run000.root
==============================

G4WT22 > 
=== EJ Scintillator Bar Run Summary ===
  Run ID                : 0
  Events run            : 138
  Events with ≥1 hit    : 138
  End-left  photons     : 0
  End-right photons     : 0
  Top SiPM  photons     : 668259
  Scint photons generated: 2744366
  Total photons detected : 668259
  Detection efficiency   : 24.3502 %
  ROOT output           : photon_hits_run000.root
==============================


=== EJ Scintillator Bar Run Summary ===
  Run ID                : 0
  Events run            : 3000
  Events with ≥1 hit    : 3000
  End-left  photons     : 0
  End-right photons     : 0
  Top SiPM  photons     : 14750883
  Scint photons generated: 60561423
  Total photons detected : 14750883
  Detection efficiency   : 24.3569 %
  ROOT output           : photon_hits_run000.root
==============================


=== Boundary Census (diagnostic) ===
  Bar -> reflector panel   : 1145974302
  Bar -> World (escaped)   : 0
  Bar -> Bar (TIR/refl)    : 0
  Bar -> SiPM (entering)   : 23615563
  Killed in WorldLV        : 144355
====================================

[2026-06-11T22:29:02] DONE pairscan_x-437.0mm (entries=14750883.0)
[2026-06-11T22:29:02] START pairscan_x-438.0mm (x=-438.0 mm)

**************************************************************
 Geant4 version Name: geant4-11-04 [MT]   (5-December-2025)
  << in Multi-threaded mode >> 
                       Copyright : Geant4 Collaboration
                      References : NIM A 506 (2003), 250-303
                                 : IEEE-TNS 53 (2006), 270-278
                                 : NIM A 835 (2016), 186-225
                             WWW : http://geant4.org/
**************************************************************

Accumulable registered as "NEndLeft"
Accumulable registered as "NEndRight"
Accumulable registered as "NTop"
Accumulable registered as "NEventsWithHits"
Accumulable registered as "NScintPhotons"

-------- WWWW ------- G4Exception-START -------- WWWW -------
*** G4Exception : mat031
      issued by : G4Material::FillVectors()
For material opsc-101 sum of fractional masses 0.996667 is not 1 - results may be wrong

*** This is just a warning message. ***
-------- WWWW -------- G4Exception-END --------- WWWW -------

Checking overlaps for volume BarPV:0 (G4Box) ... OK! 
Checking overlaps for volume ReflectorYMinusPV:0 (G4Box) ... OK! 
Checking overlaps for volume ReflectorZMinusPV:3 (G4Box) ... OK! 
Checking overlaps for volume ReflectorZPlusPV:4 (G4Box) ... OK! 
Checking overlaps for volume ReflectorYPlusPV:5 (G4SubtractionSolid) ... OK! 
Checking overlaps for volume ReflectorXMinusPV:1 (G4Box) ... OK! 
Checking overlaps for volume ReflectorXPlusPV:2 (G4Box) ... OK! 
Checking overlaps for volume TopSiPMPV:16 (G4Box) ... OK! 
Checking overlaps for volume TopSiPMPV:17 (G4Box) ... OK! 
Checking overlaps for volume TopSiPMPV:18 (G4Box) ... OK! 
Checking overlaps for volume TopSiPMPV:19 (G4Box) ... OK! 
Checking overlaps for volume TopSiPMPV:20 (G4Box) ... OK! 
Checking overlaps for volume TopSiPMPV:21 (G4Box) ... OK! 
Checking overlaps for volume TopSiPMPV:22 (G4Box) ... OK! 
Checking overlaps for volume TopSiPMPV:23 (G4Box) ... OK! 
Checking overlaps for volume TopSiPMPV:24 (G4Box) ... OK! 
Checking overlaps for volume TopSiPMPV:25 (G4Box) ... OK! 
Checking overlaps for volume TopSiPMPV:26 (G4Box) ... OK! 
Checking overlaps for volume TopSiPMPV:27 (G4Box) ... OK! 
Checking overlaps for volume TopSiPMPV:28 (G4Box) ... OK! 
Checking overlaps for volume TopSiPMPV:29 (G4Box) ... OK! 
Checking overlaps for volume TopSiPMPV:30 (G4Box) ... OK! 
Checking overlaps for volume TopSiPMPV:31 (G4Box) ... OK! 
Checking overlaps for volume TopSiPMPV:32 (G4Box) ... OK! 
Checking overlaps for volume TopSiPMPV:33 (G4Box) ... OK! 
Checking overlaps for volume TopSiPMPV:34 (G4Box) ... OK! 
Checking overlaps for volume TopSiPMPV:35 (G4Box) ... OK! 
Checking overlaps for volume TopSiPMPV:36 (G4Box) ... OK! 
Checking overlaps for volume TopSiPMPV:37 (G4Box) ... OK! 
Checking overlaps for volume TopSiPMPV:38 (G4Box) ... OK! 
Checking overlaps for volume TopSiPMPV:39 (G4Box) ... OK! 
Checking overlaps for volume TopSiPMPV:40 (G4Box) ... OK! 
Checking overlaps for volume TopSiPMPV:41 (G4Box) ... OK! 
Checking overlaps for volume TopSiPMPV:42 (G4Box) ... OK! 
Checking overlaps for volume TopSiPMPV:43 (G4Box) ... OK! 
Checking overlaps for volume TopSiPMPV:44 (G4Box) ... OK! 
Checking overlaps for volume TopSiPMPV:45 (G4Box) ... OK! 
Checking overlaps for volume TopSiPMPV:46 (G4Box) ... OK! 
Checking overlaps for volume TopSiPMPV:47 (G4Box) ... OK! 
Checking overlaps for volume TopSiPMPV:48 (G4Box) ... OK! 
Checking overlaps for volume TopSiPMPV:49 (G4Box) ... OK! 
Checking overlaps for volume TopSiPMPV:50 (G4Box) ... OK! 
Checking overlaps for volume TopSiPMPV:51 (G4Box) ... OK! 
Checking overlaps for volume TopSiPMPV:52 (G4Box) ... OK! 
Checking overlaps for volume TopSiPMPV:53 (G4Box) ... OK! 
Checking overlaps for volume TopSiPMPV:54 (G4Box) ... OK! 
Checking overlaps for volume TopSiPMPV:55 (G4Box) ... OK! 
Checking overlaps for volume TopSiPMPV:56 (G4Box) ... OK! 
Checking overlaps for volume TopSiPMPV:57 (G4Box) ... OK! 
Checking overlaps for volume TopSiPMPV:58 (G4Box) ... OK! 
Checking overlaps for volume TopSiPMPV:59 (G4Box) ... OK! 
Checking overlaps for volume TopSiPMPV:60 (G4Box) ... OK! 
Checking overlaps for volume TopSiPMPV:61 (G4Box) ... OK! 
Checking overlaps for volume TopSiPMPV:62 (G4Box) ... OK! 
Checking overlaps for volume TopSiPMPV:63 (G4Box) ... OK! 
Checking overlaps for volume TopSiPMPV:64 (G4Box) ... OK! 
Checking overlaps for volume TopSiPMPV:65 (G4Box) ... OK! 
Checking overlaps for volume TopSiPMPV:66 (G4Box) ... OK! 
Checking overlaps for volume TopSiPMPV:67 (G4Box) ... OK! 
Checking overlaps for volume TopSiPMPV:68 (G4Box) ... OK! 
Checking overlaps for volume TopSiPMPV:69 (G4Box) ... OK! 
Checking overlaps for volume TopSiPMPV:70 (G4Box) ... OK! 
Checking overlaps for volume TopSiPMPV:71 (G4Box) ... OK! 
Checking overlaps for volume TopSiPMPV:72 (G4Box) ... OK! 
Checking overlaps for volume TopSiPMPV:73 (G4Box) ... OK! 
Checking overlaps for volume TopSiPMPV:74 (G4Box) ... OK! 
Checking overlaps for volume TopSiPMPV:75 (G4Box) ... OK! 
Checking overlaps for volume TopSiPMPV:76 (G4Box) ... OK! 
Checking overlaps for volume TopSiPMPV:77 (G4Box) ... OK! 
Checking overlaps for volume TopSiPMPV:78 (G4Box) ... OK! 
Checking overlaps for volume TopSiPMPV:79 (G4Box) ... OK! 
Checking overlaps for volume TopSiPMPV:80 (G4Box) ... OK! 
Checking overlaps for volume TopSiPMPV:81 (G4Box) ... OK! 
Checking overlaps for volume TopSiPMPV:82 (G4Box) ... OK! 
Checking overlaps for volume TopSiPMPV:83 (G4Box) ... OK! 
Checking overlaps for volume TopSiPMPV:84 (G4Box) ... OK! 
Checking overlaps for volume TopSiPMPV:85 (G4Box) ... OK! 
### Birks coefficients used in run time
G4WT7 > Accumulable registered as "NEndLeft"
G4WT7 > Accumulable registered as "NEndRight"
G4WT7 > Accumulable registered as "NTop"
G4WT7 > Accumulable registered as "NEventsWithHits"
G4WT7 > Accumulable registered as "NScintPhotons"
G4WT0 > Accumulable registered as "NEndLeft"
G4WT0 > Accumulable registered as "NEndRight"
G4WT0 > Accumulable registered as "NTop"
G4WT0 > Accumulable registered as "NEventsWithHits"
G4WT0 > Accumulable registered as "NScintPhotons"
G4WT3 > Accumulable registered as "NEndLeft"
G4WT3 > Accumulable registered as "NEndRight"
G4WT3 > Accumulable registered as "NTop"
G4WT3 > Accumulable registered as "NEventsWithHits"
G4WT3 > Accumulable registered as "NScintPhotons"
G4WT18 > Accumulable registered as "NEndLeft"
G4WT18 > Accumulable registered as "NEndRight"
G4WT18 > Accumulable registered as "NTop"
G4WT18 > Accumulable registered as "NEventsWithHits"
G4WT18 > Accumulable registered as "NScintPhotons"
G4WT23 > Accumulable registered as "NEndLeft"
G4WT23 > Accumulable registered as "NEndRight"
G4WT23 > Accumulable registered as "NTop"
G4WT23 > Accumulable registered as "NEventsWithHits"
G4WT23 > Accumulable registered as "NScintPhotons"
G4WT8 > Accumulable registered as "NEndLeft"
G4WT8 > Accumulable registered as "NEndRight"
G4WT8 > Accumulable registered as "NTop"
G4WT8 > Accumulable registered as "NEventsWithHits"
G4WT8 > Accumulable registered as "NScintPhotons"
G4WT5 > Accumulable registered as "NEndLeft"
G4WT5 > Accumulable registered as "NEndRight"
G4WT5 > Accumulable registered as "NTop"
G4WT5 > Accumulable registered as "NEventsWithHits"
G4WT5 > Accumulable registered as "NScintPhotons"
G4WT16 > Accumulable registered as "NEndLeft"
G4WT16 > Accumulable registered as "NEndRight"
G4WT16 > Accumulable registered as "NTop"
G4WT16 > Accumulable registered as "NEventsWithHits"
G4WT16 > Accumulable registered as "NScintPhotons"
G4WT10 > Accumulable registered as "NEndLeft"
G4WT10 > Accumulable registered as "NEndRight"
G4WT10 > Accumulable registered as "NTop"
G4WT10 > Accumulable registered as "NEventsWithHits"
G4WT10 > Accumulable registered as "NScintPhotons"
G4WT2 > Accumulable registered as "NEndLeft"
G4WT2 > Accumulable registered as "NEndRight"
G4WT2 > Accumulable registered as "NTop"
G4WT2 > Accumulable registered as "NEventsWithHits"
G4WT2 > Accumulable registered as "NScintPhotons"
G4WT6 > Accumulable registered as "NEndLeft"
G4WT6 > Accumulable registered as "NEndRight"
G4WT6 > Accumulable registered as "NTop"
G4WT6 > Accumulable registered as "NEventsWithHits"
G4WT6 > Accumulable registered as "NScintPhotons"
G4WT12 > Accumulable registered as "NEndLeft"
G4WT12 > Accumulable registered as "NEndRight"
G4WT12 > Accumulable registered as "NTop"
G4WT12 > Accumulable registered as "NEventsWithHits"
G4WT12 > Accumulable registered as "NScintPhotons"
G4WT20 > Accumulable registered as "NEndLeft"
G4WT20 > Accumulable registered as "NEndRight"
G4WT20 > Accumulable registered as "NTop"
G4WT20 > Accumulable registered as "NEventsWithHits"
G4WT20 > Accumulable registered as "NScintPhotons"
G4WT4 > Accumulable registered as "NEndLeft"
G4WT4 > Accumulable registered as "NEndRight"
G4WT4 > Accumulable registered as "NTop"
G4WT4 > Accumulable registered as "NEventsWithHits"
G4WT4 > Accumulable registered as "NScintPhotons"
G4WT17 > Accumulable registered as "NEndLeft"
G4WT17 > Accumulable registered as "NEndRight"
G4WT17 > Accumulable registered as "NTop"
G4WT17 > Accumulable registered as "NEventsWithHits"
G4WT17 > Accumulable registered as "NScintPhotons"
G4WT15 > Accumulable registered as "NEndLeft"
G4WT14 > Accumulable registered as "NEndLeft"
G4WT15 > Accumulable registered as "NEndRight"
G4WT15 > Accumulable registered as "NTop"
G4WT14 > Accumulable registered as "NEndRight"
G4WT14 > Accumulable registered as "NTop"
G4WT15 > Accumulable registered as "NEventsWithHits"
G4WT15 > Accumulable registered as "NScintPhotons"
G4WT14 > Accumulable registered as "NEventsWithHits"
G4WT14 > Accumulable registered as "NScintPhotons"
G4WT9 > Accumulable registered as "NEndLeft"
G4WT9 > Accumulable registered as "NEndRight"
G4WT9 > Accumulable registered as "NTop"
G4WT22 > Accumulable registered as "NEndLeft"
G4WT22 > Accumulable registered as "NEndRight"
G4WT22 > Accumulable registered as "NTop"
G4WT9 > Accumulable registered as "NEventsWithHits"
G4WT9 > Accumulable registered as "NScintPhotons"
G4WT22 > Accumulable registered as "NEventsWithHits"
G4WT22 > Accumulable registered as "NScintPhotons"
G4WT11 > Accumulable registered as "NEndLeft"
G4WT11 > Accumulable registered as "NEndRight"
G4WT11 > Accumulable registered as "NTop"
G4WT11 > Accumulable registered as "NEventsWithHits"
G4WT11 > Accumulable registered as "NScintPhotons"
G4WT13 > Accumulable registered as "NEndLeft"
G4WT13 > Accumulable registered as "NEndRight"
G4WT13 > Accumulable registered as "NTop"
G4WT13 > Accumulable registered as "NEventsWithHits"
G4WT13 > Accumulable registered as "NScintPhotons"
G4WT21 > Accumulable registered as "NEndLeft"
G4WT21 > Accumulable registered as "NEndRight"
G4WT21 > Accumulable registered as "NTop"
G4WT21 > Accumulable registered as "NEventsWithHits"
G4WT21 > Accumulable registered as "NScintPhotons"
G4WT1 > Accumulable registered as "NEndLeft"
G4WT1 > Accumulable registered as "NEndRight"
G4WT1 > Accumulable registered as "NTop"
G4WT1 > Accumulable registered as "NEventsWithHits"
G4WT1 > Accumulable registered as "NScintPhotons"
G4WT19 > Accumulable registered as "NEndLeft"
G4WT19 > Accumulable registered as "NEndRight"
G4WT19 > Accumulable registered as "NTop"
G4WT19 > Accumulable registered as "NEventsWithHits"
G4WT19 > Accumulable registered as "NScintPhotons"

=== Active Scintillator Baseline ===
  SSLG4 code            : OPSC-101
  Yield                 : 10400 ph/MeV
  Rise time tau_r       : 0.7 ns
  Decay time tau_d      : 1.8 ns
  Attenuation length    : 160 cm
  Emission peak lambda  : 408.8 nm
  Finite rise time      : enabled
=====================================

=== Active Readout / Wrapping Configuration ===
  Readout configuration : Top
  SiPM model            : AFBR-S4N66P024M
  SiPM PDE file         : /home/rrios/ej200/data/sipm/AFBR-S4N66P024M_pde.txt
  -X face               : wrapped
  +X face               : wrapped
  -Y face               : wrapped
  +Y face               : instrumented
  -Z face               : wrapped
  +Z face               : wrapped
  Reflector R           : 0.98
  Active End SiPMs      : 0 (L=0, R=0)
  Active Top SiPMs      : 70
==============================================
G4WT7 > 
=== EJ Scintillator Bar Run Summary ===
  Run ID                : 0
  Events run            : 162
  Events with ≥1 hit    : 162
  End-left  photons     : 0
  End-right photons     : 0
  Top SiPM  photons     : 802313
  Scint photons generated: 3310137
  Total photons detected : 802313
  Detection efficiency   : 24.2381 %
  ROOT output           : photon_hits_run000.root
==============================

G4WT2 > 
=== EJ Scintillator Bar Run Summary ===
  Run ID                : 0
  Events run            : 162
  Events with ≥1 hit    : 162
  End-left  photons     : 0
  End-right photons     : 0
  Top SiPM  photons     : 792044
  Scint photons generated: 3267120
  Total photons detected : 792044
  Detection efficiency   : 24.2429 %
  ROOT output           : photon_hits_run000.root
==============================

G4WT6 > 
=== EJ Scintillator Bar Run Summary ===
  Run ID                : 0
  Events run            : 162
  Events with ≥1 hit    : 162
  End-left  photons     : 0
  End-right photons     : 0
  Top SiPM  photons     : 785853
  Scint photons generated: 3242605
  Total photons detected : 785853
  Detection efficiency   : 24.2352 %
  ROOT output           : photon_hits_run000.root
==============================

G4WT0 > 
=== EJ Scintillator Bar Run Summary ===
  Run ID                : 0
  Events run            : 162
  Events with ≥1 hit    : 162
  End-left  photons     : 0
  End-right photons     : 0
  Top SiPM  photons     : 799520
  Scint photons generated: 3291172
  Total photons detected : 799520
  Detection efficiency   : 24.2929 %
  ROOT output           : photon_hits_run000.root
==============================

G4WT8 > 
=== EJ Scintillator Bar Run Summary ===
  Run ID                : 0
  Events run            : 108
  Events with ≥1 hit    : 108
  End-left  photons     : 0
  End-right photons     : 0
  Top SiPM  photons     : 543112
  Scint photons generated: 2239231
  Total photons detected : 543112
  Detection efficiency   : 24.2544 %
  ROOT output           : photon_hits_run000.root
==============================

G4WT18 > 
=== EJ Scintillator Bar Run Summary ===
  Run ID                : 0
  Events run            : 162
  Events with ≥1 hit    : 162
  End-left  photons     : 0
  End-right photons     : 0
  Top SiPM  photons     : 788721
  Scint photons generated: 3249603
  Total photons detected : 788721
  Detection efficiency   : 24.2713 %
  ROOT output           : photon_hits_run000.root
==============================

G4WT22 > 
=== EJ Scintillator Bar Run Summary ===
  Run ID                : 0
  Events run            : 108
  Events with ≥1 hit    : 108
  End-left  photons     : 0
  End-right photons     : 0
  Top SiPM  photons     : 541019
  Scint photons generated: 2231674
  Total photons detected : 541019
  Detection efficiency   : 24.2427 %
  ROOT output           : photon_hits_run000.root
==============================

G4WT12 > 
=== EJ Scintillator Bar Run Summary ===
  Run ID                : 0
  Events run            : 108
  Events with ≥1 hit    : 108
  End-left  photons     : 0
  End-right photons     : 0
  Top SiPM  photons     : 545984
  Scint photons generated: 2251328
  Total photons detected : 545984
  Detection efficiency   : 24.2516 %
  ROOT output           : photon_hits_run000.root
==============================

G4WT9 > 
=== EJ Scintillator Bar Run Summary ===
  Run ID                : 0
  Events run            : 162
  Events with ≥1 hit    : 162
  End-left  photons     : 0
  End-right photons     : 0
  Top SiPM  photons     : 783869
  Scint photons generated: 3229338
  Total photons detected : 783869
  Detection efficiency   : 24.2734 %
  ROOT output           : photon_hits_run000.root
==============================

G4WT16 > 
=== EJ Scintillator Bar Run Summary ===
  Run ID                : 0
  Events run            : 138
  Events with ≥1 hit    : 138
  End-left  photons     : 0
  End-right photons     : 0
  Top SiPM  photons     : 675339
  Scint photons generated: 2781423
  Total photons detected : 675339
  Detection efficiency   : 24.2803 %
  ROOT output           : photon_hits_run000.root
==============================

G4WT4 > 
=== EJ Scintillator Bar Run Summary ===
  Run ID                : 0
  Events run            : 108
  Events with ≥1 hit    : 108
  End-left  photons     : 0
  End-right photons     : 0
  Top SiPM  photons     : 524387
  Scint photons generated: 2165079
  Total photons detected : 524387
  Detection efficiency   : 24.2202 %
  ROOT output           : photon_hits_run000.root
==============================

G4WT5 > 
=== EJ Scintillator Bar Run Summary ===
  Run ID                : 0
  Events run            : 108
  Events with ≥1 hit    : 108
  End-left  photons     : 0
  End-right photons     : 0
  Top SiPM  photons     : 531630
  Scint photons generated: 2188297
  Total photons detected : 531630
  Detection efficiency   : 24.2942 %
  ROOT output           : photon_hits_run000.root
==============================

G4WT3 > 
=== EJ Scintillator Bar Run Summary ===
  Run ID                : 0
  Events run            : 108
  Events with ≥1 hit    : 108
  End-left  photons     : 0
  End-right photons     : 0
  Top SiPM  photons     : 527218
  Scint photons generated: 2178243
  Total photons detected : 527218
  Detection efficiency   : 24.2038 %
  ROOT output           : photon_hits_run000.root
==============================

G4WT14 > 
=== EJ Scintillator Bar Run Summary ===
  Run ID                : 0
  Events run            : 108
  Events with ≥1 hit    : 108
  End-left  photons     : 0
  End-right photons     : 0
  Top SiPM  photons     : 526578
  Scint photons generated: 2174242
  Total photons detected : 526578
  Detection efficiency   : 24.2189 %
  ROOT output           : photon_hits_run000.root
==============================

G4WT23 > 
=== EJ Scintillator Bar Run Summary ===
  Run ID                : 0
  Events run            : 108
  Events with ≥1 hit    : 108
  End-left  photons     : 0
  End-right photons     : 0
  Top SiPM  photons     : 529394
  Scint photons generated: 2180727
  Total photons detected : 529394
  Detection efficiency   : 24.2760 %
  ROOT output           : photon_hits_run000.root
==============================

G4WT11 > 
=== EJ Scintillator Bar Run Summary ===
  Run ID                : 0
  Events run            : 108
  Events with ≥1 hit    : 108
  End-left  photons     : 0
  End-right photons     : 0
  Top SiPM  photons     : 538606
  Scint photons generated: 2218149
  Total photons detected : 538606
  Detection efficiency   : 24.2818 %
  ROOT output           : photon_hits_run000.root
==============================

G4WT17 > 
=== EJ Scintillator Bar Run Summary ===
  Run ID                : 0
  Events run            : 108
  Events with ≥1 hit    : 108
  End-left  photons     : 0
  End-right photons     : 0
  Top SiPM  photons     : 526658
  Scint photons generated: 2172615
  Total photons detected : 526658
  Detection efficiency   : 24.2407 %
  ROOT output           : photon_hits_run000.root
==============================

G4WT1 > 
=== EJ Scintillator Bar Run Summary ===
  Run ID                : 0
  Events run            : 162
  Events with ≥1 hit    : 162
  End-left  photons     : 0
  End-right photons     : 0
  Top SiPM  photons     : 780402
  Scint photons generated: 3215993
  Total photons detected : 780402
  Detection efficiency   : 24.2663 %
  ROOT output           : photon_hits_run000.root
==============================

G4WT13 > 
=== EJ Scintillator Bar Run Summary ===
  Run ID                : 0
  Events run            : 108
  Events with ≥1 hit    : 108
  End-left  photons     : 0
  End-right photons     : 0
  Top SiPM  photons     : 533276
  Scint photons generated: 2198831
  Total photons detected : 533276
  Detection efficiency   : 24.2527 %
  ROOT output           : photon_hits_run000.root
==============================

G4WT20 > 
=== EJ Scintillator Bar Run Summary ===
  Run ID                : 0
  Events run            : 108
  Events with ≥1 hit    : 108
  End-left  photons     : 0
  End-right photons     : 0
  Top SiPM  photons     : 535330
  Scint photons generated: 2205660
  Total photons detected : 535330
  Detection efficiency   : 24.2707 %
  ROOT output           : photon_hits_run000.root
==============================

G4WT19 > 
=== EJ Scintillator Bar Run Summary ===
  Run ID                : 0
  Events run            : 108
  Events with ≥1 hit    : 108
  End-left  photons     : 0
  End-right photons     : 0
  Top SiPM  photons     : 540291
  Scint photons generated: 2229408
  Total photons detected : 540291
  Detection efficiency   : 24.2347 %
  ROOT output           : photon_hits_run000.root
==============================

G4WT21 > 
=== EJ Scintillator Bar Run Summary ===
  Run ID                : 0
  Events run            : 108
  Events with ≥1 hit    : 108
  End-left  photons     : 0
  End-right photons     : 0
  Top SiPM  photons     : 538928
  Scint photons generated: 2220351
  Total photons detected : 538928
  Detection efficiency   : 24.2722 %
  ROOT output           : photon_hits_run000.root
==============================

G4WT15 > 
=== EJ Scintillator Bar Run Summary ===
  Run ID                : 0
  Events run            : 108
  Events with ≥1 hit    : 108
  End-left  photons     : 0
  End-right photons     : 0
  Top SiPM  photons     : 544199
  Scint photons generated: 2241298
  Total photons detected : 544199
  Detection efficiency   : 24.2805 %
  ROOT output           : photon_hits_run000.root
==============================

G4WT10 > 
=== EJ Scintillator Bar Run Summary ===
  Run ID                : 0
  Events run            : 108
  Events with ≥1 hit    : 108
  End-left  photons     : 0
  End-right photons     : 0
  Top SiPM  photons     : 533959
  Scint photons generated: 2202858
  Total photons detected : 533959
  Detection efficiency   : 24.2394 %
  ROOT output           : photon_hits_run000.root
==============================


=== EJ Scintillator Bar Run Summary ===
  Run ID                : 0
  Events run            : 3000
  Events with ≥1 hit    : 3000
  End-left  photons     : 0
  End-right photons     : 0
  Top SiPM  photons     : 14768630
  Scint photons generated: 60885382
  Total photons detected : 14768630
  Detection efficiency   : 24.2564 %
  ROOT output           : photon_hits_run000.root
==============================


=== Boundary Census (diagnostic) ===
  Bar -> reflector panel   : 1155118631
  Bar -> World (escaped)   : 0
  Bar -> Bar (TIR/refl)    : 0
  Bar -> SiPM (entering)   : 23644272
  Killed in WorldLV        : 143609
====================================

[2026-06-11T22:34:34] DONE pairscan_x-438.0mm (entries=14768630.0)
[2026-06-11T22:34:34] START pairscan_x-439.0mm (x=-439.0 mm)

**************************************************************
 Geant4 version Name: geant4-11-04 [MT]   (5-December-2025)
  << in Multi-threaded mode >> 
                       Copyright : Geant4 Collaboration
                      References : NIM A 506 (2003), 250-303
                                 : IEEE-TNS 53 (2006), 270-278
                                 : NIM A 835 (2016), 186-225
                             WWW : http://geant4.org/
**************************************************************

Accumulable registered as "NEndLeft"
Accumulable registered as "NEndRight"
Accumulable registered as "NTop"
Accumulable registered as "NEventsWithHits"
Accumulable registered as "NScintPhotons"

-------- WWWW ------- G4Exception-START -------- WWWW -------
*** G4Exception : mat031
      issued by : G4Material::FillVectors()
For material opsc-101 sum of fractional masses 0.996667 is not 1 - results may be wrong

*** This is just a warning message. ***
-------- WWWW -------- G4Exception-END --------- WWWW -------

Checking overlaps for volume BarPV:0 (G4Box) ... OK! 
Checking overlaps for volume ReflectorYMinusPV:0 (G4Box) ... OK! 
Checking overlaps for volume ReflectorZMinusPV:3 (G4Box) ... OK! 
Checking overlaps for volume ReflectorZPlusPV:4 (G4Box) ... OK! 
Checking overlaps for volume ReflectorYPlusPV:5 (G4SubtractionSolid) ... OK! 
Checking overlaps for volume ReflectorXMinusPV:1 (G4Box) ... OK! 
Checking overlaps for volume ReflectorXPlusPV:2 (G4Box) ... OK! 
Checking overlaps for volume TopSiPMPV:16 (G4Box) ... OK! 
Checking overlaps for volume TopSiPMPV:17 (G4Box) ... OK! 
Checking overlaps for volume TopSiPMPV:18 (G4Box) ... OK! 
Checking overlaps for volume TopSiPMPV:19 (G4Box) ... OK! 
Checking overlaps for volume TopSiPMPV:20 (G4Box) ... OK! 
Checking overlaps for volume TopSiPMPV:21 (G4Box) ... OK! 
Checking overlaps for volume TopSiPMPV:22 (G4Box) ... OK! 
Checking overlaps for volume TopSiPMPV:23 (G4Box) ... OK! 
Checking overlaps for volume TopSiPMPV:24 (G4Box) ... OK! 
Checking overlaps for volume TopSiPMPV:25 (G4Box) ... OK! 
Checking overlaps for volume TopSiPMPV:26 (G4Box) ... OK! 
Checking overlaps for volume TopSiPMPV:27 (G4Box) ... OK! 
Checking overlaps for volume TopSiPMPV:28 (G4Box) ... OK! 
Checking overlaps for volume TopSiPMPV:29 (G4Box) ... OK! 
Checking overlaps for volume TopSiPMPV:30 (G4Box) ... OK! 
Checking overlaps for volume TopSiPMPV:31 (G4Box) ... OK! 
Checking overlaps for volume TopSiPMPV:32 (G4Box) ... OK! 
Checking overlaps for volume TopSiPMPV:33 (G4Box) ... OK! 
Checking overlaps for volume TopSiPMPV:34 (G4Box) ... OK! 
Checking overlaps for volume TopSiPMPV:35 (G4Box) ... OK! 
Checking overlaps for volume TopSiPMPV:36 (G4Box) ... OK! 
Checking overlaps for volume TopSiPMPV:37 (G4Box) ... OK! 
Checking overlaps for volume TopSiPMPV:38 (G4Box) ... OK! 
Checking overlaps for volume TopSiPMPV:39 (G4Box) ... OK! 
Checking overlaps for volume TopSiPMPV:40 (G4Box) ... OK! 
Checking overlaps for volume TopSiPMPV:41 (G4Box) ... OK! 
Checking overlaps for volume TopSiPMPV:42 (G4Box) ... OK! 
Checking overlaps for volume TopSiPMPV:43 (G4Box) ... OK! 
Checking overlaps for volume TopSiPMPV:44 (G4Box) ... OK! 
Checking overlaps for volume TopSiPMPV:45 (G4Box) ... OK! 
Checking overlaps for volume TopSiPMPV:46 (G4Box) ... OK! 
Checking overlaps for volume TopSiPMPV:47 (G4Box) ... OK! 
Checking overlaps for volume TopSiPMPV:48 (G4Box) ... OK! 
Checking overlaps for volume TopSiPMPV:49 (G4Box) ... OK! 
Checking overlaps for volume TopSiPMPV:50 (G4Box) ... OK! 
Checking overlaps for volume TopSiPMPV:51 (G4Box) ... OK! 
Checking overlaps for volume TopSiPMPV:52 (G4Box) ... OK! 
Checking overlaps for volume TopSiPMPV:53 (G4Box) ... OK! 
Checking overlaps for volume TopSiPMPV:54 (G4Box) ... OK! 
Checking overlaps for volume TopSiPMPV:55 (G4Box) ... OK! 
Checking overlaps for volume TopSiPMPV:56 (G4Box) ... OK! 
Checking overlaps for volume TopSiPMPV:57 (G4Box) ... OK! 
Checking overlaps for volume TopSiPMPV:58 (G4Box) ... OK! 
Checking overlaps for volume TopSiPMPV:59 (G4Box) ... OK! 
Checking overlaps for volume TopSiPMPV:60 (G4Box) ... OK! 
Checking overlaps for volume TopSiPMPV:61 (G4Box) ... OK! 
Checking overlaps for volume TopSiPMPV:62 (G4Box) ... OK! 
Checking overlaps for volume TopSiPMPV:63 (G4Box) ... OK! 
Checking overlaps for volume TopSiPMPV:64 (G4Box) ... OK! 
Checking overlaps for volume TopSiPMPV:65 (G4Box) ... OK! 
Checking overlaps for volume TopSiPMPV:66 (G4Box) ... OK! 
Checking overlaps for volume TopSiPMPV:67 (G4Box) ... OK! 
Checking overlaps for volume TopSiPMPV:68 (G4Box) ... OK! 
Checking overlaps for volume TopSiPMPV:69 (G4Box) ... OK! 
Checking overlaps for volume TopSiPMPV:70 (G4Box) ... OK! 
Checking overlaps for volume TopSiPMPV:71 (G4Box) ... OK! 
Checking overlaps for volume TopSiPMPV:72 (G4Box) ... OK! 
Checking overlaps for volume TopSiPMPV:73 (G4Box) ... OK! 
Checking overlaps for volume TopSiPMPV:74 (G4Box) ... OK! 
Checking overlaps for volume TopSiPMPV:75 (G4Box) ... OK! 
Checking overlaps for volume TopSiPMPV:76 (G4Box) ... OK! 
Checking overlaps for volume TopSiPMPV:77 (G4Box) ... OK! 
Checking overlaps for volume TopSiPMPV:78 (G4Box) ... OK! 
Checking overlaps for volume TopSiPMPV:79 (G4Box) ... OK! 
Checking overlaps for volume TopSiPMPV:80 (G4Box) ... OK! 
Checking overlaps for volume TopSiPMPV:81 (G4Box) ... OK! 
Checking overlaps for volume TopSiPMPV:82 (G4Box) ... OK! 
Checking overlaps for volume TopSiPMPV:83 (G4Box) ... OK! 
Checking overlaps for volume TopSiPMPV:84 (G4Box) ... OK! 
Checking overlaps for volume TopSiPMPV:85 (G4Box) ... OK! 
### Birks coefficients used in run time
G4WT7 > Accumulable registered as "NEndLeft"
G4WT7 > Accumulable registered as "NEndRight"
G4WT7 > Accumulable registered as "NTop"
G4WT7 > Accumulable registered as "NEventsWithHits"
G4WT7 > Accumulable registered as "NScintPhotons"
G4WT18 > Accumulable registered as "NEndLeft"
G4WT18 > Accumulable registered as "NEndRight"
G4WT18 > Accumulable registered as "NTop"
G4WT18 > Accumulable registered as "NEventsWithHits"
G4WT18 > Accumulable registered as "NScintPhotons"
G4WT9 > Accumulable registered as "NEndLeft"
G4WT9 > Accumulable registered as "NEndRight"
G4WT9 > Accumulable registered as "NTop"
G4WT9 > Accumulable registered as "NEventsWithHits"
G4WT9 > Accumulable registered as "NScintPhotons"
G4WT5 > Accumulable registered as "NEndLeft"
G4WT5 > Accumulable registered as "NEndRight"
G4WT5 > Accumulable registered as "NTop"
G4WT5 > Accumulable registered as "NEventsWithHits"
G4WT5 > Accumulable registered as "NScintPhotons"
G4WT4 > Accumulable registered as "NEndLeft"
G4WT4 > Accumulable registered as "NEndRight"
G4WT4 > Accumulable registered as "NTop"
G4WT4 > Accumulable registered as "NEventsWithHits"
G4WT4 > Accumulable registered as "NScintPhotons"
G4WT20 > Accumulable registered as "NEndLeft"
G4WT20 > Accumulable registered as "NEndRight"
G4WT20 > Accumulable registered as "NTop"
G4WT20 > Accumulable registered as "NEventsWithHits"
G4WT20 > Accumulable registered as "NScintPhotons"
G4WT8 > Accumulable registered as "NEndLeft"
G4WT8 > Accumulable registered as "NEndRight"
G4WT8 > Accumulable registered as "NTop"
G4WT8 > Accumulable registered as "NEventsWithHits"
G4WT8 > Accumulable registered as "NScintPhotons"
G4WT12 > Accumulable registered as "NEndLeft"
G4WT12 > Accumulable registered as "NEndRight"
G4WT12 > Accumulable registered as "NTop"
G4WT12 > Accumulable registered as "NEventsWithHits"
G4WT12 > Accumulable registered as "NScintPhotons"
G4WT15 > Accumulable registered as "NEndLeft"
G4WT13 > Accumulable registered as "NEndLeft"
G4WT13 > Accumulable registered as "NEndRight"
G4WT15 > Accumulable registered as "NEndRight"
G4WT13 > Accumulable registered as "NTop"
G4WT15 > Accumulable registered as "NTop"
G4WT13 > Accumulable registered as "NEventsWithHits"
G4WT13 > Accumulable registered as "NScintPhotons"
G4WT15 > Accumulable registered as "NEventsWithHits"
G4WT15 > Accumulable registered as "NScintPhotons"
G4WT19 > Accumulable registered as "NEndLeft"
G4WT19 > Accumulable registered as "NEndRight"
G4WT19 > Accumulable registered as "NTop"
G4WT19 > Accumulable registered as "NEventsWithHits"
G4WT19 > Accumulable registered as "NScintPhotons"
G4WT1 > Accumulable registered as "NEndLeft"
G4WT1 > Accumulable registered as "NEndRight"
G4WT1 > Accumulable registered as "NTop"
G4WT1 > Accumulable registered as "NEventsWithHits"
G4WT1 > Accumulable registered as "NScintPhotons"
G4WT14 > Accumulable registered as "NEndLeft"
G4WT14 > Accumulable registered as "NEndRight"
G4WT14 > Accumulable registered as "NTop"
G4WT14 > Accumulable registered as "NEventsWithHits"
G4WT14 > Accumulable registered as "NScintPhotons"
G4WT0 > Accumulable registered as "NEndLeft"
G4WT0 > Accumulable registered as "NEndRight"
G4WT0 > Accumulable registered as "NTop"
G4WT0 > Accumulable registered as "NEventsWithHits"
G4WT0 > Accumulable registered as "NScintPhotons"
G4WT10 > Accumulable registered as "NEndLeft"
G4WT10 > Accumulable registered as "NEndRight"
G4WT10 > Accumulable registered as "NTop"
G4WT10 > Accumulable registered as "NEventsWithHits"
G4WT10 > Accumulable registered as "NScintPhotons"
G4WT21 > Accumulable registered as "NEndLeft"
G4WT21 > Accumulable registered as "NEndRight"
G4WT21 > Accumulable registered as "NTop"
G4WT21 > Accumulable registered as "NEventsWithHits"
G4WT21 > Accumulable registered as "NScintPhotons"
G4WT17 > Accumulable registered as "NEndLeft"
G4WT17 > Accumulable registered as "NEndRight"
G4WT17 > Accumulable registered as "NTop"
G4WT6 > Accumulable registered as "NEndLeft"
G4WT6 > Accumulable registered as "NEndRight"
G4WT6 > Accumulable registered as "NTop"
G4WT6 > Accumulable registered as "NEventsWithHits"
G4WT6 > Accumulable registered as "NScintPhotons"
G4WT17 > Accumulable registered as "NEventsWithHits"
G4WT17 > Accumulable registered as "NScintPhotons"
G4WT11 > Accumulable registered as "NEndLeft"
G4WT11 > Accumulable registered as "NEndRight"
G4WT11 > Accumulable registered as "NTop"
G4WT11 > Accumulable registered as "NEventsWithHits"
G4WT11 > Accumulable registered as "NScintPhotons"
G4WT16 > Accumulable registered as "NEndLeft"
G4WT16 > Accumulable registered as "NEndRight"
G4WT16 > Accumulable registered as "NTop"
G4WT16 > Accumulable registered as "NEventsWithHits"
G4WT16 > Accumulable registered as "NScintPhotons"
G4WT3 > Accumulable registered as "NEndLeft"
G4WT23 > Accumulable registered as "NEndLeft"
G4WT3 > Accumulable registered as "NEndRight"
G4WT3 > Accumulable registered as "NTop"
G4WT23 > Accumulable registered as "NEndRight"
G4WT23 > Accumulable registered as "NTop"
G4WT3 > Accumulable registered as "NEventsWithHits"
G4WT3 > Accumulable registered as "NScintPhotons"
G4WT23 > Accumulable registered as "NEventsWithHits"
G4WT23 > Accumulable registered as "NScintPhotons"
G4WT2 > Accumulable registered as "NEndLeft"
G4WT2 > Accumulable registered as "NEndRight"
G4WT2 > Accumulable registered as "NTop"
G4WT2 > Accumulable registered as "NEventsWithHits"
G4WT2 > Accumulable registered as "NScintPhotons"
G4WT22 > Accumulable registered as "NEndLeft"
G4WT22 > Accumulable registered as "NEndRight"
G4WT22 > Accumulable registered as "NTop"
G4WT22 > Accumulable registered as "NEventsWithHits"
G4WT22 > Accumulable registered as "NScintPhotons"

=== Active Scintillator Baseline ===
  SSLG4 code            : OPSC-101
  Yield                 : 10400 ph/MeV
  Rise time tau_r       : 0.7 ns
  Decay time tau_d      : 1.8 ns
  Attenuation length    : 160 cm
  Emission peak lambda  : 408.8 nm
  Finite rise time      : enabled
=====================================

=== Active Readout / Wrapping Configuration ===
  Readout configuration : Top
  SiPM model            : AFBR-S4N66P024M
  SiPM PDE file         : /home/rrios/ej200/data/sipm/AFBR-S4N66P024M_pde.txt
  -X face               : wrapped
  +X face               : wrapped
  -Y face               : wrapped
  +Y face               : instrumented
  -Z face               : wrapped
  +Z face               : wrapped
  Reflector R           : 0.98
  Active End SiPMs      : 0 (L=0, R=0)
  Active Top SiPMs      : 70
==============================================
G4WT17 > 
=== EJ Scintillator Bar Run Summary ===
  Run ID                : 0
  Events run            : 162
  Events with ≥1 hit    : 162
  End-left  photons     : 0
  End-right photons     : 0
  Top SiPM  photons     : 773766
  Scint photons generated: 3198632
  Total photons detected : 773766
  Detection efficiency   : 24.1905 %
  ROOT output           : photon_hits_run000.root
==============================

G4WT9 > 
=== EJ Scintillator Bar Run Summary ===
  Run ID                : 0
  Events run            : 108
  Events with ≥1 hit    : 108
  End-left  photons     : 0
  End-right photons     : 0
  Top SiPM  photons     : 524175
  Scint photons generated: 2166148
  Total photons detected : 524175
  Detection efficiency   : 24.1985 %
  ROOT output           : photon_hits_run000.root
==============================

G4WT14 > 
=== EJ Scintillator Bar Run Summary ===
  Run ID                : 0
  Events run            : 138
  Events with ≥1 hit    : 138
  End-left  photons     : 0
  End-right photons     : 0
  Top SiPM  photons     : 668087
  Scint photons generated: 2763838
  Total photons detected : 668087
  Detection efficiency   : 24.1724 %
  ROOT output           : photon_hits_run000.root
==============================

G4WT23 > 
=== EJ Scintillator Bar Run Summary ===
  Run ID                : 0
  Events run            : 108
  Events with ≥1 hit    : 108
  End-left  photons     : 0
  End-right photons     : 0
  Top SiPM  photons     : 519364
  Scint photons generated: 2146486
  Total photons detected : 519364
  Detection efficiency   : 24.1960 %
  ROOT output           : photon_hits_run000.root
==============================

G4WT6 > 
=== EJ Scintillator Bar Run Summary ===
  Run ID                : 0
  Events run            : 162
  Events with ≥1 hit    : 162
  End-left  photons     : 0
  End-right photons     : 0
  Top SiPM  photons     : 754434
  Scint photons generated: 3120893
  Total photons detected : 754434
  Detection efficiency   : 24.1737 %
  ROOT output           : photon_hits_run000.root
==============================

G4WT2 > 
=== EJ Scintillator Bar Run Summary ===
  Run ID                : 0
  Events run            : 108
  Events with ≥1 hit    : 108
  End-left  photons     : 0
  End-right photons     : 0
  Top SiPM  photons     : 527958
  Scint photons generated: 2184072
  Total photons detected : 527958
  Detection efficiency   : 24.1731 %
  ROOT output           : photon_hits_run000.root
==============================

G4WT10 > 
=== EJ Scintillator Bar Run Summary ===
  Run ID                : 0
  Events run            : 108
  Events with ≥1 hit    : 108
  End-left  photons     : 0
  End-right photons     : 0
  Top SiPM  photons     : 520080
  Scint photons generated: 2156743
  Total photons detected : 520080
  Detection efficiency   : 24.1141 %
  ROOT output           : photon_hits_run000.root
==============================

G4WT21 > 
=== EJ Scintillator Bar Run Summary ===
  Run ID                : 0
  Events run            : 162
  Events with ≥1 hit    : 162
  End-left  photons     : 0
  End-right photons     : 0
  Top SiPM  photons     : 766463
  Scint photons generated: 3165012
  Total photons detected : 766463
  Detection efficiency   : 24.2167 %
  ROOT output           : photon_hits_run000.root
==============================

G4WT15 > 
=== EJ Scintillator Bar Run Summary ===
  Run ID                : 0
  Events run            : 108
  Events with ≥1 hit    : 108
  End-left  photons     : 0
  End-right photons     : 0
  Top SiPM  photons     : 537507
  Scint photons generated: 2222089
  Total photons detected : 537507
  Detection efficiency   : 24.1893 %
  ROOT output           : photon_hits_run000.root
==============================

G4WT22 > 
=== EJ Scintillator Bar Run Summary ===
  Run ID                : 0
  Events run            : 108
  Events with ≥1 hit    : 108
  End-left  photons     : 0
  End-right photons     : 0
  Top SiPM  photons     : 539909
  Scint photons generated: 2231088
  Total photons detected : 539909
  Detection efficiency   : 24.1994 %
  ROOT output           : photon_hits_run000.root
==============================

G4WT1 > 
=== EJ Scintillator Bar Run Summary ===
  Run ID                : 0
  Events run            : 108
  Events with ≥1 hit    : 108
  End-left  photons     : 0
  End-right photons     : 0
  Top SiPM  photons     : 536203
  Scint photons generated: 2220332
  Total photons detected : 536203
  Detection efficiency   : 24.1497 %
  ROOT output           : photon_hits_run000.root
==============================

G4WT0 > 
=== EJ Scintillator Bar Run Summary ===
  Run ID                : 0
  Events run            : 162
  Events with ≥1 hit    : 162
  End-left  photons     : 0
  End-right photons     : 0
  Top SiPM  photons     : 781566
  Scint photons generated: 3229791
  Total photons detected : 781566
  Detection efficiency   : 24.1987 %
  ROOT output           : photon_hits_run000.root
==============================

G4WT13 > 
=== EJ Scintillator Bar Run Summary ===
  Run ID                : 0
  Events run            : 162
  Events with ≥1 hit    : 162
  End-left  photons     : 0
  End-right photons     : 0
  Top SiPM  photons     : 770962
  Scint photons generated: 3183204
  Total photons detected : 770962
  Detection efficiency   : 24.2197 %
  ROOT output           : photon_hits_run000.root
==============================

G4WT8 > 
=== EJ Scintillator Bar Run Summary ===
  Run ID                : 0
  Events run            : 108
  Events with ≥1 hit    : 108
  End-left  photons     : 0
  End-right photons     : 0
  Top SiPM  photons     : 521139
  Scint photons generated: 2155493
  Total photons detected : 521139
  Detection efficiency   : 24.1773 %
  ROOT output           : photon_hits_run000.root
==============================

G4WT7 > 
=== EJ Scintillator Bar Run Summary ===
  Run ID                : 0
  Events run            : 108
  Events with ≥1 hit    : 108
  End-left  photons     : 0
  End-right photons     : 0
  Top SiPM  photons     : 522452
  Scint photons generated: 2163358
  Total photons detected : 522452
  Detection efficiency   : 24.1500 %
  ROOT output           : photon_hits_run000.root
==============================

G4WT19 > 
=== EJ Scintillator Bar Run Summary ===
  Run ID                : 0
  Events run            : 108
  Events with ≥1 hit    : 108
  End-left  photons     : 0
  End-right photons     : 0
  Top SiPM  photons     : 524917
  Scint photons generated: 2173598
  Total photons detected : 524917
  Detection efficiency   : 24.1497 %
  ROOT output           : photon_hits_run000.root
==============================

G4WT3 > 
=== EJ Scintillator Bar Run Summary ===
  Run ID                : 0
  Events run            : 108
  Events with ≥1 hit    : 108
  End-left  photons     : 0
  End-right photons     : 0
  Top SiPM  photons     : 531046
  Scint photons generated: 2194325
  Total photons detected : 531046
  Detection efficiency   : 24.2009 %
  ROOT output           : photon_hits_run000.root
==============================

G4WT18 > 
=== EJ Scintillator Bar Run Summary ===
  Run ID                : 0
  Events run            : 108
  Events with ≥1 hit    : 108
  End-left  photons     : 0
  End-right photons     : 0
  Top SiPM  photons     : 530962
  Scint photons generated: 2198482
  Total photons detected : 530962
  Detection efficiency   : 24.1513 %
  ROOT output           : photon_hits_run000.root
==============================

G4WT16 > 
=== EJ Scintillator Bar Run Summary ===
  Run ID                : 0
  Events run            : 108
  Events with ≥1 hit    : 108
  End-left  photons     : 0
  End-right photons     : 0
  Top SiPM  photons     : 522593
  Scint photons generated: 2162116
  Total photons detected : 522593
  Detection efficiency   : 24.1704 %
  ROOT output           : photon_hits_run000.root
==============================

G4WT4 > 
=== EJ Scintillator Bar Run Summary ===
  Run ID                : 0
  Events run            : 162
  Events with ≥1 hit    : 162
  End-left  photons     : 0
  End-right photons     : 0
  Top SiPM  photons     : 774881
  Scint photons generated: 3207156
  Total photons detected : 774881
  Detection efficiency   : 24.1610 %
  ROOT output           : photon_hits_run000.root
==============================

G4WT20 > 
=== EJ Scintillator Bar Run Summary ===
  Run ID                : 0
  Events run            : 108
  Events with ≥1 hit    : 108
  End-left  photons     : 0
  End-right photons     : 0
  Top SiPM  photons     : 539536
  Scint photons generated: 2229480
  Total photons detected : 539536
  Detection efficiency   : 24.2001 %
  ROOT output           : photon_hits_run000.root
==============================

G4WT12 > 
=== EJ Scintillator Bar Run Summary ===
  Run ID                : 0
  Events run            : 108
  Events with ≥1 hit    : 108
  End-left  photons     : 0
  End-right photons     : 0
  Top SiPM  photons     : 528547
  Scint photons generated: 2188946
  Total photons detected : 528547
  Detection efficiency   : 24.1462 %
  ROOT output           : photon_hits_run000.root
==============================

G4WT5 > 
=== EJ Scintillator Bar Run Summary ===
  Run ID                : 0
  Events run            : 108
  Events with ≥1 hit    : 108
  End-left  photons     : 0
  End-right photons     : 0
  Top SiPM  photons     : 538434
  Scint photons generated: 2223842
  Total photons detected : 538434
  Detection efficiency   : 24.2119 %
  ROOT output           : photon_hits_run000.root
==============================

G4WT11 > 
=== EJ Scintillator Bar Run Summary ===
  Run ID                : 0
  Events run            : 162
  Events with ≥1 hit    : 162
  End-left  photons     : 0
  End-right photons     : 0
  Top SiPM  photons     : 760787
  Scint photons generated: 3144897
  Total photons detected : 760787
  Detection efficiency   : 24.1912 %
  ROOT output           : photon_hits_run000.root
==============================


=== EJ Scintillator Bar Run Summary ===
  Run ID                : 0
  Events run            : 3000
  Events with ≥1 hit    : 3000
  End-left  photons     : 0
  End-right photons     : 0
  Top SiPM  photons     : 14515768
  Scint photons generated: 60030021
  Total photons detected : 14515768
  Detection efficiency   : 24.1808 %
  ROOT output           : photon_hits_run000.root
==============================


=== Boundary Census (diagnostic) ===
  Bar -> reflector panel   : 1141027453
  Bar -> World (escaped)   : 0
  Bar -> Bar (TIR/refl)    : 0
  Bar -> SiPM (entering)   : 23231632
  Killed in WorldLV        : 142802
====================================

[2026-06-11T22:40:00] DONE pairscan_x-439.0mm (entries=14515768.0)
[2026-06-11T22:40:00] START pairscan_x-440.0mm (x=-440.0 mm)

**************************************************************
 Geant4 version Name: geant4-11-04 [MT]   (5-December-2025)
  << in Multi-threaded mode >> 
                       Copyright : Geant4 Collaboration
                      References : NIM A 506 (2003), 250-303
                                 : IEEE-TNS 53 (2006), 270-278
                                 : NIM A 835 (2016), 186-225
                             WWW : http://geant4.org/
**************************************************************

Accumulable registered as "NEndLeft"
Accumulable registered as "NEndRight"
Accumulable registered as "NTop"
Accumulable registered as "NEventsWithHits"
Accumulable registered as "NScintPhotons"

-------- WWWW ------- G4Exception-START -------- WWWW -------
*** G4Exception : mat031
      issued by : G4Material::FillVectors()
For material opsc-101 sum of fractional masses 0.996667 is not 1 - results may be wrong

*** This is just a warning message. ***
-------- WWWW -------- G4Exception-END --------- WWWW -------

Checking overlaps for volume BarPV:0 (G4Box) ... OK! 
Checking overlaps for volume ReflectorYMinusPV:0 (G4Box) ... OK! 
Checking overlaps for volume ReflectorZMinusPV:3 (G4Box) ... OK! 
Checking overlaps for volume ReflectorZPlusPV:4 (G4Box) ... OK! 
Checking overlaps for volume ReflectorYPlusPV:5 (G4SubtractionSolid) ... OK! 
Checking overlaps for volume ReflectorXMinusPV:1 (G4Box) ... OK! 
Checking overlaps for volume ReflectorXPlusPV:2 (G4Box) ... OK! 
Checking overlaps for volume TopSiPMPV:16 (G4Box) ... OK! 
Checking overlaps for volume TopSiPMPV:17 (G4Box) ... OK! 
Checking overlaps for volume TopSiPMPV:18 (G4Box) ... OK! 
Checking overlaps for volume TopSiPMPV:19 (G4Box) ... OK! 
Checking overlaps for volume TopSiPMPV:20 (G4Box) ... OK! 
Checking overlaps for volume TopSiPMPV:21 (G4Box) ... OK! 
Checking overlaps for volume TopSiPMPV:22 (G4Box) ... OK! 
Checking overlaps for volume TopSiPMPV:23 (G4Box) ... OK! 
Checking overlaps for volume TopSiPMPV:24 (G4Box) ... OK! 
Checking overlaps for volume TopSiPMPV:25 (G4Box) ... OK! 
Checking overlaps for volume TopSiPMPV:26 (G4Box) ... OK! 
Checking overlaps for volume TopSiPMPV:27 (G4Box) ... OK! 
Checking overlaps for volume TopSiPMPV:28 (G4Box) ... OK! 
Checking overlaps for volume TopSiPMPV:29 (G4Box) ... OK! 
Checking overlaps for volume TopSiPMPV:30 (G4Box) ... OK! 
Checking overlaps for volume TopSiPMPV:31 (G4Box) ... OK! 
Checking overlaps for volume TopSiPMPV:32 (G4Box) ... OK! 
Checking overlaps for volume TopSiPMPV:33 (G4Box) ... OK! 
Checking overlaps for volume TopSiPMPV:34 (G4Box) ... OK! 
Checking overlaps for volume TopSiPMPV:35 (G4Box) ... OK! 
Checking overlaps for volume TopSiPMPV:36 (G4Box) ... OK! 
Checking overlaps for volume TopSiPMPV:37 (G4Box) ... OK! 
Checking overlaps for volume TopSiPMPV:38 (G4Box) ... OK! 
Checking overlaps for volume TopSiPMPV:39 (G4Box) ... OK! 
Checking overlaps for volume TopSiPMPV:40 (G4Box) ... OK! 
Checking overlaps for volume TopSiPMPV:41 (G4Box) ... OK! 
Checking overlaps for volume TopSiPMPV:42 (G4Box) ... OK! 
Checking overlaps for volume TopSiPMPV:43 (G4Box) ... OK! 
Checking overlaps for volume TopSiPMPV:44 (G4Box) ... OK! 
Checking overlaps for volume TopSiPMPV:45 (G4Box) ... OK! 
Checking overlaps for volume TopSiPMPV:46 (G4Box) ... OK! 
Checking overlaps for volume TopSiPMPV:47 (G4Box) ... OK! 
Checking overlaps for volume TopSiPMPV:48 (G4Box) ... OK! 
Checking overlaps for volume TopSiPMPV:49 (G4Box) ... OK! 
Checking overlaps for volume TopSiPMPV:50 (G4Box) ... OK! 
Checking overlaps for volume TopSiPMPV:51 (G4Box) ... OK! 
Checking overlaps for volume TopSiPMPV:52 (G4Box) ... OK! 
Checking overlaps for volume TopSiPMPV:53 (G4Box) ... OK! 
Checking overlaps for volume TopSiPMPV:54 (G4Box) ... OK! 
Checking overlaps for volume TopSiPMPV:55 (G4Box) ... OK! 
Checking overlaps for volume TopSiPMPV:56 (G4Box) ... OK! 
Checking overlaps for volume TopSiPMPV:57 (G4Box) ... OK! 
Checking overlaps for volume TopSiPMPV:58 (G4Box) ... OK! 
Checking overlaps for volume TopSiPMPV:59 (G4Box) ... OK! 
Checking overlaps for volume TopSiPMPV:60 (G4Box) ... OK! 
Checking overlaps for volume TopSiPMPV:61 (G4Box) ... OK! 
Checking overlaps for volume TopSiPMPV:62 (G4Box) ... OK! 
Checking overlaps for volume TopSiPMPV:63 (G4Box) ... OK! 
Checking overlaps for volume TopSiPMPV:64 (G4Box) ... OK! 
Checking overlaps for volume TopSiPMPV:65 (G4Box) ... OK! 
Checking overlaps for volume TopSiPMPV:66 (G4Box) ... OK! 
Checking overlaps for volume TopSiPMPV:67 (G4Box) ... OK! 
Checking overlaps for volume TopSiPMPV:68 (G4Box) ... OK! 
Checking overlaps for volume TopSiPMPV:69 (G4Box) ... OK! 
Checking overlaps for volume TopSiPMPV:70 (G4Box) ... OK! 
Checking overlaps for volume TopSiPMPV:71 (G4Box) ... OK! 
Checking overlaps for volume TopSiPMPV:72 (G4Box) ... OK! 
Checking overlaps for volume TopSiPMPV:73 (G4Box) ... OK! 
Checking overlaps for volume TopSiPMPV:74 (G4Box) ... OK! 
Checking overlaps for volume TopSiPMPV:75 (G4Box) ... OK! 
Checking overlaps for volume TopSiPMPV:76 (G4Box) ... OK! 
Checking overlaps for volume TopSiPMPV:77 (G4Box) ... OK! 
Checking overlaps for volume TopSiPMPV:78 (G4Box) ... OK! 
Checking overlaps for volume TopSiPMPV:79 (G4Box) ... OK! 
Checking overlaps for volume TopSiPMPV:80 (G4Box) ... OK! 
Checking overlaps for volume TopSiPMPV:81 (G4Box) ... OK! 
Checking overlaps for volume TopSiPMPV:82 (G4Box) ... OK! 
Checking overlaps for volume TopSiPMPV:83 (G4Box) ... OK! 
Checking overlaps for volume TopSiPMPV:84 (G4Box) ... OK! 
Checking overlaps for volume TopSiPMPV:85 (G4Box) ... OK! 
### Birks coefficients used in run time
G4WT1 > Accumulable registered as "NEndLeft"
G4WT1 > Accumulable registered as "NEndRight"
G4WT1 > Accumulable registered as "NTop"
G4WT1 > Accumulable registered as "NEventsWithHits"
G4WT1 > Accumulable registered as "NScintPhotons"
G4WT20 > Accumulable registered as "NEndLeft"
G4WT20 > Accumulable registered as "NEndRight"
G4WT20 > Accumulable registered as "NTop"
G4WT20 > Accumulable registered as "NEventsWithHits"
G4WT20 > Accumulable registered as "NScintPhotons"
G4WT2 > Accumulable registered as "NEndLeft"
G4WT2 > Accumulable registered as "NEndRight"
G4WT2 > Accumulable registered as "NTop"
G4WT2 > Accumulable registered as "NEventsWithHits"
G4WT2 > Accumulable registered as "NScintPhotons"
G4WT14 > Accumulable registered as "NEndLeft"
G4WT14 > Accumulable registered as "NEndRight"
G4WT14 > Accumulable registered as "NTop"
G4WT14 > Accumulable registered as "NEventsWithHits"
G4WT14 > Accumulable registered as "NScintPhotons"
G4WT22 > Accumulable registered as "NEndLeft"
G4WT22 > Accumulable registered as "NEndRight"
G4WT22 > Accumulable registered as "NTop"
G4WT22 > Accumulable registered as "NEventsWithHits"
G4WT22 > Accumulable registered as "NScintPhotons"
G4WT15 > Accumulable registered as "NEndLeft"
G4WT15 > Accumulable registered as "NEndRight"
G4WT15 > Accumulable registered as "NTop"
G4WT15 > Accumulable registered as "NEventsWithHits"
G4WT15 > Accumulable registered as "NScintPhotons"
G4WT0 > Accumulable registered as "NEndLeft"
G4WT0 > Accumulable registered as "NEndRight"
G4WT0 > Accumulable registered as "NTop"
G4WT0 > Accumulable registered as "NEventsWithHits"
G4WT0 > Accumulable registered as "NScintPhotons"
G4WT19 > Accumulable registered as "NEndLeft"
G4WT19 > Accumulable registered as "NEndRight"
G4WT19 > Accumulable registered as "NTop"
G4WT19 > Accumulable registered as "NEventsWithHits"
G4WT19 > Accumulable registered as "NScintPhotons"
G4WT13 > Accumulable registered as "NEndLeft"
G4WT13 > Accumulable registered as "NEndRight"
G4WT13 > Accumulable registered as "NTop"
G4WT13 > Accumulable registered as "NEventsWithHits"
G4WT13 > Accumulable registered as "NScintPhotons"
G4WT7 > Accumulable registered as "NEndLeft"
G4WT7 > Accumulable registered as "NEndRight"
G4WT7 > Accumulable registered as "NTop"
G4WT7 > Accumulable registered as "NEventsWithHits"
G4WT7 > Accumulable registered as "NScintPhotons"
G4WT4 > Accumulable registered as "NEndLeft"
G4WT4 > Accumulable registered as "NEndRight"
G4WT4 > Accumulable registered as "NTop"
G4WT4 > Accumulable registered as "NEventsWithHits"
G4WT4 > Accumulable registered as "NScintPhotons"
G4WT12 > Accumulable registered as "NEndLeft"
G4WT12 > Accumulable registered as "NEndRight"
G4WT12 > Accumulable registered as "NTop"
G4WT12 > Accumulable registered as "NEventsWithHits"
G4WT12 > Accumulable registered as "NScintPhotons"
G4WT3 > Accumulable registered as "NEndLeft"
G4WT3 > Accumulable registered as "NEndRight"
G4WT3 > Accumulable registered as "NTop"
G4WT3 > Accumulable registered as "NEventsWithHits"
G4WT3 > Accumulable registered as "NScintPhotons"
G4WT18 > Accumulable registered as "NEndLeft"
G4WT18 > Accumulable registered as "NEndRight"
G4WT18 > Accumulable registered as "NTop"
G4WT18 > Accumulable registered as "NEventsWithHits"
G4WT18 > Accumulable registered as "NScintPhotons"
G4WT16 > Accumulable registered as "NEndLeft"
G4WT16 > Accumulable registered as "NEndRight"
G4WT16 > Accumulable registered as "NTop"
G4WT16 > Accumulable registered as "NEventsWithHits"
G4WT16 > Accumulable registered as "NScintPhotons"
G4WT17 > Accumulable registered as "NEndLeft"
G4WT17 > Accumulable registered as "NEndRight"
G4WT17 > Accumulable registered as "NTop"
G4WT17 > Accumulable registered as "NEventsWithHits"
G4WT17 > Accumulable registered as "NScintPhotons"
G4WT23 > Accumulable registered as "NEndLeft"
G4WT23 > Accumulable registered as "NEndRight"
G4WT23 > Accumulable registered as "NTop"
G4WT23 > Accumulable registered as "NEventsWithHits"
G4WT23 > Accumulable registered as "NScintPhotons"
G4WT10 > Accumulable registered as "NEndLeft"
G4WT10 > Accumulable registered as "NEndRight"
G4WT10 > Accumulable registered as "NTop"
G4WT10 > Accumulable registered as "NEventsWithHits"
G4WT10 > Accumulable registered as "NScintPhotons"
G4WT6 > Accumulable registered as "NEndLeft"
G4WT6 > Accumulable registered as "NEndRight"
G4WT6 > Accumulable registered as "NTop"
G4WT6 > Accumulable registered as "NEventsWithHits"
G4WT6 > Accumulable registered as "NScintPhotons"
G4WT9 > Accumulable registered as "NEndLeft"
G4WT9 > Accumulable registered as "NEndRight"
G4WT9 > Accumulable registered as "NTop"
G4WT9 > Accumulable registered as "NEventsWithHits"
G4WT9 > Accumulable registered as "NScintPhotons"
G4WT21 > Accumulable registered as "NEndLeft"
G4WT21 > Accumulable registered as "NEndRight"
G4WT21 > Accumulable registered as "NTop"
G4WT21 > Accumulable registered as "NEventsWithHits"
G4WT21 > Accumulable registered as "NScintPhotons"
G4WT5 > Accumulable registered as "NEndLeft"
G4WT5 > Accumulable registered as "NEndRight"
G4WT5 > Accumulable registered as "NTop"
G4WT5 > Accumulable registered as "NEventsWithHits"
G4WT5 > Accumulable registered as "NScintPhotons"
G4WT11 > Accumulable registered as "NEndLeft"
G4WT11 > Accumulable registered as "NEndRight"
G4WT11 > Accumulable registered as "NTop"
G4WT11 > Accumulable registered as "NEventsWithHits"
G4WT11 > Accumulable registered as "NScintPhotons"
G4WT8 > Accumulable registered as "NEndLeft"
G4WT8 > Accumulable registered as "NEndRight"
G4WT8 > Accumulable registered as "NTop"
G4WT8 > Accumulable registered as "NEventsWithHits"
G4WT8 > Accumulable registered as "NScintPhotons"

=== Active Scintillator Baseline ===
  SSLG4 code            : OPSC-101
  Yield                 : 10400 ph/MeV
  Rise time tau_r       : 0.7 ns
  Decay time tau_d      : 1.8 ns
  Attenuation length    : 160 cm
  Emission peak lambda  : 408.8 nm
  Finite rise time      : enabled
=====================================

=== Active Readout / Wrapping Configuration ===
  Readout configuration : Top
  SiPM model            : AFBR-S4N66P024M
  SiPM PDE file         : /home/rrios/ej200/data/sipm/AFBR-S4N66P024M_pde.txt
  -X face               : wrapped
  +X face               : wrapped
  -Y face               : wrapped
  +Y face               : instrumented
  -Z face               : wrapped
  +Z face               : wrapped
  Reflector R           : 0.98
  Active End SiPMs      : 0 (L=0, R=0)
  Active Top SiPMs      : 70
==============================================
G4WT6 > 
=== EJ Scintillator Bar Run Summary ===
  Run ID                : 0
  Events run            : 162
  Events with ≥1 hit    : 162
  End-left  photons     : 0
  End-right photons     : 0
  Top SiPM  photons     : 759387
  Scint photons generated: 3133453
  Total photons detected : 759387
  Detection efficiency   : 24.2348 %
  ROOT output           : photon_hits_run000.root
==============================

G4WT4 > 
=== EJ Scintillator Bar Run Summary ===
  Run ID                : 0
  Events run            : 108
  Events with ≥1 hit    : 108
  End-left  photons     : 0
  End-right photons     : 0
  Top SiPM  photons     : 516211
  Scint photons generated: 2134603
  Total photons detected : 516211
  Detection efficiency   : 24.1830 %
  ROOT output           : photon_hits_run000.root
==============================

G4WT10 > 
=== EJ Scintillator Bar Run Summary ===
  Run ID                : 0
  Events run            : 108
  Events with ≥1 hit    : 108
  End-left  photons     : 0
  End-right photons     : 0
  Top SiPM  photons     : 525505
  Scint photons generated: 2167498
  Total photons detected : 525505
  Detection efficiency   : 24.2448 %
  ROOT output           : photon_hits_run000.root
==============================

G4WT18 > 
=== EJ Scintillator Bar Run Summary ===
  Run ID                : 0
  Events run            : 108
  Events with ≥1 hit    : 108
  End-left  photons     : 0
  End-right photons     : 0
  Top SiPM  photons     : 520791
  Scint photons generated: 2155448
  Total photons detected : 520791
  Detection efficiency   : 24.1616 %
  ROOT output           : photon_hits_run000.root
==============================

G4WT14 > 
=== EJ Scintillator Bar Run Summary ===
  Run ID                : 0
  Events run            : 108
  Events with ≥1 hit    : 108
  End-left  photons     : 0
  End-right photons     : 0
  Top SiPM  photons     : 531793
  Scint photons generated: 2196122
  Total photons detected : 531793
  Detection efficiency   : 24.2151 %
  ROOT output           : photon_hits_run000.root
==============================

G4WT22 > 
=== EJ Scintillator Bar Run Summary ===
  Run ID                : 0
  Events run            : 138
  Events with ≥1 hit    : 138
  End-left  photons     : 0
  End-right photons     : 0
  Top SiPM  photons     : 663505
  Scint photons generated: 2744501
  Total photons detected : 663505
  Detection efficiency   : 24.1758 %
  ROOT output           : photon_hits_run000.root
==============================

G4WT23 > 
=== EJ Scintillator Bar Run Summary ===
  Run ID                : 0
  Events run            : 108
  Events with ≥1 hit    : 108
  End-left  photons     : 0
  End-right photons     : 0
  Top SiPM  photons     : 549438
  Scint photons generated: 2275068
  Total photons detected : 549438
  Detection efficiency   : 24.1504 %
  ROOT output           : photon_hits_run000.root
==============================

G4WT1 > 
=== EJ Scintillator Bar Run Summary ===
  Run ID                : 0
  Events run            : 108
  Events with ≥1 hit    : 108
  End-left  photons     : 0
  End-right photons     : 0
  Top SiPM  photons     : 529798
  Scint photons generated: 2188796
  Total photons detected : 529798
  Detection efficiency   : 24.2050 %
  ROOT output           : photon_hits_run000.root
==============================

G4WT5 > 
=== EJ Scintillator Bar Run Summary ===
  Run ID                : 0
  Events run            : 108
  Events with ≥1 hit    : 108
  End-left  photons     : 0
  End-right photons     : 0
  Top SiPM  photons     : 530479
  Scint photons generated: 2193692
  Total photons detected : 530479
  Detection efficiency   : 24.1820 %
  ROOT output           : photon_hits_run000.root
==============================

G4WT11 > 
=== EJ Scintillator Bar Run Summary ===
  Run ID                : 0
  Events run            : 108
  Events with ≥1 hit    : 108
  End-left  photons     : 0
  End-right photons     : 0
  Top SiPM  photons     : 522992
  Scint photons generated: 2163228
  Total photons detected : 522992
  Detection efficiency   : 24.1765 %
  ROOT output           : photon_hits_run000.root
==============================

G4WT3 > 
=== EJ Scintillator Bar Run Summary ===
  Run ID                : 0
  Events run            : 162
  Events with ≥1 hit    : 162
  End-left  photons     : 0
  End-right photons     : 0
  Top SiPM  photons     : 768198
  Scint photons generated: 3176181
  Total photons detected : 768198
  Detection efficiency   : 24.1862 %
  ROOT output           : photon_hits_run000.root
==============================

G4WT13 > 
=== EJ Scintillator Bar Run Summary ===
  Run ID                : 0
  Events run            : 108
  Events with ≥1 hit    : 108
  End-left  photons     : 0
  End-right photons     : 0
  Top SiPM  photons     : 531513
  Scint photons generated: 2197139
  Total photons detected : 531513
  Detection efficiency   : 24.1911 %
  ROOT output           : photon_hits_run000.root
==============================

G4WT21 > 
=== EJ Scintillator Bar Run Summary ===
  Run ID                : 0
  Events run            : 108
  Events with ≥1 hit    : 108
  End-left  photons     : 0
  End-right photons     : 0
  Top SiPM  photons     : 532515
  Scint photons generated: 2205293
  Total photons detected : 532515
  Detection efficiency   : 24.1471 %
  ROOT output           : photon_hits_run000.root
==============================

G4WT19 > 
=== EJ Scintillator Bar Run Summary ===
  Run ID                : 0
  Events run            : 162
  Events with ≥1 hit    : 162
  End-left  photons     : 0
  End-right photons     : 0
  Top SiPM  photons     : 774960
  Scint photons generated: 3201237
  Total photons detected : 774960
  Detection efficiency   : 24.2081 %
  ROOT output           : photon_hits_run000.root
==============================

G4WT16 > 
=== EJ Scintillator Bar Run Summary ===
  Run ID                : 0
  Events run            : 108
  Events with ≥1 hit    : 108
  End-left  photons     : 0
  End-right photons     : 0
  Top SiPM  photons     : 520165
  Scint photons generated: 2148282
  Total photons detected : 520165
  Detection efficiency   : 24.2131 %
  ROOT output           : photon_hits_run000.root
==============================

G4WT15 > 
=== EJ Scintillator Bar Run Summary ===
  Run ID                : 0
  Events run            : 108
  Events with ≥1 hit    : 108
  End-left  photons     : 0
  End-right photons     : 0
  Top SiPM  photons     : 531887
  Scint photons generated: 2200313
  Total photons detected : 531887
  Detection efficiency   : 24.1732 %
  ROOT output           : photon_hits_run000.root
==============================

G4WT9 > 
=== EJ Scintillator Bar Run Summary ===
  Run ID                : 0
  Events run            : 108
  Events with ≥1 hit    : 108
  End-left  photons     : 0
  End-right photons     : 0
  Top SiPM  photons     : 532671
  Scint photons generated: 2201938
  Total photons detected : 532671
  Detection efficiency   : 24.1910 %
  ROOT output           : photon_hits_run000.root
==============================

G4WT17 > 
=== EJ Scintillator Bar Run Summary ===
  Run ID                : 0
  Events run            : 108
  Events with ≥1 hit    : 108
  End-left  photons     : 0
  End-right photons     : 0
  Top SiPM  photons     : 524347
  Scint photons generated: 2168524
  Total photons detected : 524347
  Detection efficiency   : 24.1799 %
  ROOT output           : photon_hits_run000.root
==============================

G4WT20 > 
=== EJ Scintillator Bar Run Summary ===
  Run ID                : 0
  Events run            : 108
  Events with ≥1 hit    : 108
  End-left  photons     : 0
  End-right photons     : 0
  Top SiPM  photons     : 527886
  Scint photons generated: 2176973
  Total photons detected : 527886
  Detection efficiency   : 24.2486 %
  ROOT output           : photon_hits_run000.root
==============================

G4WT12 > 
=== EJ Scintillator Bar Run Summary ===
  Run ID                : 0
  Events run            : 162
  Events with ≥1 hit    : 162
  End-left  photons     : 0
  End-right photons     : 0
  Top SiPM  photons     : 777718
  Scint photons generated: 3211123
  Total photons detected : 777718
  Detection efficiency   : 24.2195 %
  ROOT output           : photon_hits_run000.root
==============================

G4WT0 > 
=== EJ Scintillator Bar Run Summary ===
  Run ID                : 0
  Events run            : 108
  Events with ≥1 hit    : 108
  End-left  photons     : 0
  End-right photons     : 0
  Top SiPM  photons     : 521309
  Scint photons generated: 2156655
  Total photons detected : 521309
  Detection efficiency   : 24.1721 %
  ROOT output           : photon_hits_run000.root
==============================

G4WT7 > 
=== EJ Scintillator Bar Run Summary ===
  Run ID                : 0
  Events run            : 162
  Events with ≥1 hit    : 162
  End-left  photons     : 0
  End-right photons     : 0
  Top SiPM  photons     : 762415
  Scint photons generated: 3148551
  Total photons detected : 762415
  Detection efficiency   : 24.2148 %
  ROOT output           : photon_hits_run000.root
==============================

G4WT2 > 
=== EJ Scintillator Bar Run Summary ===
  Run ID                : 0
  Events run            : 162
  Events with ≥1 hit    : 162
  End-left  photons     : 0
  End-right photons     : 0
  Top SiPM  photons     : 777468
  Scint photons generated: 3215937
  Total photons detected : 777468
  Detection efficiency   : 24.1755 %
  ROOT output           : photon_hits_run000.root
==============================

G4WT8 > 
=== EJ Scintillator Bar Run Summary ===
  Run ID                : 0
  Events run            : 162
  Events with ≥1 hit    : 162
  End-left  photons     : 0
  End-right photons     : 0
  Top SiPM  photons     : 777626
  Scint photons generated: 3213240
  Total photons detected : 777626
  Detection efficiency   : 24.2007 %
  ROOT output           : photon_hits_run000.root
==============================


=== EJ Scintillator Bar Run Summary ===
  Run ID                : 0
  Events run            : 3000
  Events with ≥1 hit    : 3000
  End-left  photons     : 0
  End-right photons     : 0
  Top SiPM  photons     : 14510577
  Scint photons generated: 59973795
  Total photons detected : 14510577
  Detection efficiency   : 24.1949 %
  ROOT output           : photon_hits_run000.root
==============================


=== Boundary Census (diagnostic) ===
  Bar -> reflector panel   : 1139084780
  Bar -> World (escaped)   : 0
  Bar -> Bar (TIR/refl)    : 0
  Bar -> SiPM (entering)   : 23211781
  Killed in WorldLV        : 142057
====================================

[2026-06-11T22:45:25] DONE pairscan_x-440.0mm (entries=14510577.0)
[2026-06-11T22:45:25] START pairscan_x-441.0mm (x=-441.0 mm)

**************************************************************
 Geant4 version Name: geant4-11-04 [MT]   (5-December-2025)
  << in Multi-threaded mode >> 
                       Copyright : Geant4 Collaboration
                      References : NIM A 506 (2003), 250-303
                                 : IEEE-TNS 53 (2006), 270-278
                                 : NIM A 835 (2016), 186-225
                             WWW : http://geant4.org/
**************************************************************

Accumulable registered as "NEndLeft"
Accumulable registered as "NEndRight"
Accumulable registered as "NTop"
Accumulable registered as "NEventsWithHits"
Accumulable registered as "NScintPhotons"

-------- WWWW ------- G4Exception-START -------- WWWW -------
*** G4Exception : mat031
      issued by : G4Material::FillVectors()
For material opsc-101 sum of fractional masses 0.996667 is not 1 - results may be wrong

*** This is just a warning message. ***
-------- WWWW -------- G4Exception-END --------- WWWW -------

Checking overlaps for volume BarPV:0 (G4Box) ... OK! 
Checking overlaps for volume ReflectorYMinusPV:0 (G4Box) ... OK! 
Checking overlaps for volume ReflectorZMinusPV:3 (G4Box) ... OK! 
Checking overlaps for volume ReflectorZPlusPV:4 (G4Box) ... OK! 
Checking overlaps for volume ReflectorYPlusPV:5 (G4SubtractionSolid) ... OK! 
Checking overlaps for volume ReflectorXMinusPV:1 (G4Box) ... OK! 
Checking overlaps for volume ReflectorXPlusPV:2 (G4Box) ... OK! 
Checking overlaps for volume TopSiPMPV:16 (G4Box) ... OK! 
Checking overlaps for volume TopSiPMPV:17 (G4Box) ... OK! 
Checking overlaps for volume TopSiPMPV:18 (G4Box) ... OK! 
Checking overlaps for volume TopSiPMPV:19 (G4Box) ... OK! 
Checking overlaps for volume TopSiPMPV:20 (G4Box) ... OK! 
Checking overlaps for volume TopSiPMPV:21 (G4Box) ... OK! 
Checking overlaps for volume TopSiPMPV:22 (G4Box) ... OK! 
Checking overlaps for volume TopSiPMPV:23 (G4Box) ... OK! 
Checking overlaps for volume TopSiPMPV:24 (G4Box) ... OK! 
Checking overlaps for volume TopSiPMPV:25 (G4Box) ... OK! 
Checking overlaps for volume TopSiPMPV:26 (G4Box) ... OK! 
Checking overlaps for volume TopSiPMPV:27 (G4Box) ... OK! 
Checking overlaps for volume TopSiPMPV:28 (G4Box) ... OK! 
Checking overlaps for volume TopSiPMPV:29 (G4Box) ... OK! 
Checking overlaps for volume TopSiPMPV:30 (G4Box) ... OK! 
Checking overlaps for volume TopSiPMPV:31 (G4Box) ... OK! 
Checking overlaps for volume TopSiPMPV:32 (G4Box) ... OK! 
Checking overlaps for volume TopSiPMPV:33 (G4Box) ... OK! 
Checking overlaps for volume TopSiPMPV:34 (G4Box) ... OK! 
Checking overlaps for volume TopSiPMPV:35 (G4Box) ... OK! 
Checking overlaps for volume TopSiPMPV:36 (G4Box) ... OK! 
Checking overlaps for volume TopSiPMPV:37 (G4Box) ... OK! 
Checking overlaps for volume TopSiPMPV:38 (G4Box) ... OK! 
Checking overlaps for volume TopSiPMPV:39 (G4Box) ... OK! 
Checking overlaps for volume TopSiPMPV:40 (G4Box) ... OK! 
Checking overlaps for volume TopSiPMPV:41 (G4Box) ... OK! 
Checking overlaps for volume TopSiPMPV:42 (G4Box) ... OK! 
Checking overlaps for volume TopSiPMPV:43 (G4Box) ... OK! 
Checking overlaps for volume TopSiPMPV:44 (G4Box) ... OK! 
Checking overlaps for volume TopSiPMPV:45 (G4Box) ... OK! 
Checking overlaps for volume TopSiPMPV:46 (G4Box) ... OK! 
Checking overlaps for volume TopSiPMPV:47 (G4Box) ... OK! 
Checking overlaps for volume TopSiPMPV:48 (G4Box) ... OK! 
Checking overlaps for volume TopSiPMPV:49 (G4Box) ... OK! 
Checking overlaps for volume TopSiPMPV:50 (G4Box) ... OK! 
Checking overlaps for volume TopSiPMPV:51 (G4Box) ... OK! 
Checking overlaps for volume TopSiPMPV:52 (G4Box) ... OK! 
Checking overlaps for volume TopSiPMPV:53 (G4Box) ... OK! 
Checking overlaps for volume TopSiPMPV:54 (G4Box) ... OK! 
Checking overlaps for volume TopSiPMPV:55 (G4Box) ... OK! 
Checking overlaps for volume TopSiPMPV:56 (G4Box) ... OK! 
Checking overlaps for volume TopSiPMPV:57 (G4Box) ... OK! 
Checking overlaps for volume TopSiPMPV:58 (G4Box) ... OK! 
Checking overlaps for volume TopSiPMPV:59 (G4Box) ... OK! 
Checking overlaps for volume TopSiPMPV:60 (G4Box) ... OK! 
Checking overlaps for volume TopSiPMPV:61 (G4Box) ... OK! 
Checking overlaps for volume TopSiPMPV:62 (G4Box) ... OK! 
Checking overlaps for volume TopSiPMPV:63 (G4Box) ... OK! 
Checking overlaps for volume TopSiPMPV:64 (G4Box) ... OK! 
Checking overlaps for volume TopSiPMPV:65 (G4Box) ... OK! 
Checking overlaps for volume TopSiPMPV:66 (G4Box) ... OK! 
Checking overlaps for volume TopSiPMPV:67 (G4Box) ... OK! 
Checking overlaps for volume TopSiPMPV:68 (G4Box) ... OK! 
Checking overlaps for volume TopSiPMPV:69 (G4Box) ... OK! 
Checking overlaps for volume TopSiPMPV:70 (G4Box) ... OK! 
Checking overlaps for volume TopSiPMPV:71 (G4Box) ... OK! 
Checking overlaps for volume TopSiPMPV:72 (G4Box) ... OK! 
Checking overlaps for volume TopSiPMPV:73 (G4Box) ... OK! 
Checking overlaps for volume TopSiPMPV:74 (G4Box) ... OK! 
Checking overlaps for volume TopSiPMPV:75 (G4Box) ... OK! 
Checking overlaps for volume TopSiPMPV:76 (G4Box) ... OK! 
Checking overlaps for volume TopSiPMPV:77 (G4Box) ... OK! 
Checking overlaps for volume TopSiPMPV:78 (G4Box) ... OK! 
Checking overlaps for volume TopSiPMPV:79 (G4Box) ... OK! 
Checking overlaps for volume TopSiPMPV:80 (G4Box) ... OK! 
Checking overlaps for volume TopSiPMPV:81 (G4Box) ... OK! 
Checking overlaps for volume TopSiPMPV:82 (G4Box) ... OK! 
Checking overlaps for volume TopSiPMPV:83 (G4Box) ... OK! 
Checking overlaps for volume TopSiPMPV:84 (G4Box) ... OK! 
Checking overlaps for volume TopSiPMPV:85 (G4Box) ... OK! 
### Birks coefficients used in run time
G4WT20 > Accumulable registered as "NEndLeft"
G4WT20 > Accumulable registered as "NEndRight"
G4WT20 > Accumulable registered as "NTop"
G4WT20 > Accumulable registered as "NEventsWithHits"
G4WT20 > Accumulable registered as "NScintPhotons"
G4WT19 > Accumulable registered as "NEndLeft"
G4WT19 > Accumulable registered as "NEndRight"
G4WT19 > Accumulable registered as "NTop"
G4WT19 > Accumulable registered as "NEventsWithHits"
G4WT19 > Accumulable registered as "NScintPhotons"
G4WT0 > Accumulable registered as "NEndLeft"
G4WT0 > Accumulable registered as "NEndRight"
G4WT0 > Accumulable registered as "NTop"
G4WT0 > Accumulable registered as "NEventsWithHits"
G4WT0 > Accumulable registered as "NScintPhotons"
G4WT12 > Accumulable registered as "NEndLeft"
G4WT12 > Accumulable registered as "NEndRight"
G4WT12 > Accumulable registered as "NTop"
G4WT12 > Accumulable registered as "NEventsWithHits"
G4WT12 > Accumulable registered as "NScintPhotons"
G4WT1 > Accumulable registered as "NEndLeft"
G4WT1 > Accumulable registered as "NEndRight"
G4WT1 > Accumulable registered as "NTop"
G4WT6 > Accumulable registered as "NEndLeft"
G4WT6 > Accumulable registered as "NEndRight"
G4WT1 > Accumulable registered as "NEventsWithHits"
G4WT1 > Accumulable registered as "NScintPhotons"
G4WT6 > Accumulable registered as "NTop"
G4WT6 > Accumulable registered as "NEventsWithHits"
G4WT6 > Accumulable registered as "NScintPhotons"
G4WT7 > Accumulable registered as "NEndLeft"
G4WT7 > Accumulable registered as "NEndRight"
G4WT7 > Accumulable registered as "NTop"
G4WT7 > Accumulable registered as "NEventsWithHits"
G4WT7 > Accumulable registered as "NScintPhotons"
G4WT16 > Accumulable registered as "NEndLeft"
G4WT16 > Accumulable registered as "NEndRight"
G4WT16 > Accumulable registered as "NTop"
G4WT16 > Accumulable registered as "NEventsWithHits"
G4WT16 > Accumulable registered as "NScintPhotons"
G4WT21 > Accumulable registered as "NEndLeft"
G4WT21 > Accumulable registered as "NEndRight"
G4WT21 > Accumulable registered as "NTop"
G4WT21 > Accumulable registered as "NEventsWithHits"
G4WT21 > Accumulable registered as "NScintPhotons"
G4WT14 > Accumulable registered as "NEndLeft"
G4WT14 > Accumulable registered as "NEndRight"
G4WT14 > Accumulable registered as "NTop"
G4WT14 > Accumulable registered as "NEventsWithHits"
G4WT14 > Accumulable registered as "NScintPhotons"
G4WT18 > Accumulable registered as "NEndLeft"
G4WT18 > Accumulable registered as "NEndRight"
G4WT18 > Accumulable registered as "NTop"
G4WT18 > Accumulable registered as "NEventsWithHits"
G4WT18 > Accumulable registered as "NScintPhotons"
G4WT11 > Accumulable registered as "NEndLeft"
G4WT11 > Accumulable registered as "NEndRight"
G4WT11 > Accumulable registered as "NTop"
G4WT11 > Accumulable registered as "NEventsWithHits"
G4WT11 > Accumulable registered as "NScintPhotons"
G4WT9 > Accumulable registered as "NEndLeft"
G4WT9 > Accumulable registered as "NEndRight"
G4WT9 > Accumulable registered as "NTop"
G4WT9 > Accumulable registered as "NEventsWithHits"
G4WT9 > Accumulable registered as "NScintPhotons"
G4WT17 > Accumulable registered as "NEndLeft"
G4WT17 > Accumulable registered as "NEndRight"
G4WT17 > Accumulable registered as "NTop"
G4WT17 > Accumulable registered as "NEventsWithHits"
G4WT17 > Accumulable registered as "NScintPhotons"
G4WT22 > Accumulable registered as "NEndLeft"
G4WT22 > Accumulable registered as "NEndRight"
G4WT22 > Accumulable registered as "NTop"
G4WT22 > Accumulable registered as "NEventsWithHits"
G4WT22 > Accumulable registered as "NScintPhotons"
G4WT10 > Accumulable registered as "NEndLeft"
G4WT10 > Accumulable registered as "NEndRight"
G4WT10 > Accumulable registered as "NTop"
G4WT10 > Accumulable registered as "NEventsWithHits"
G4WT10 > Accumulable registered as "NScintPhotons"
G4WT2 > Accumulable registered as "NEndLeft"
G4WT2 > Accumulable registered as "NEndRight"
G4WT2 > Accumulable registered as "NTop"
G4WT2 > Accumulable registered as "NEventsWithHits"
G4WT2 > Accumulable registered as "NScintPhotons"
G4WT4 > Accumulable registered as "NEndLeft"
G4WT4 > Accumulable registered as "NEndRight"
G4WT4 > Accumulable registered as "NTop"
G4WT4 > Accumulable registered as "NEventsWithHits"
G4WT4 > Accumulable registered as "NScintPhotons"
G4WT13 > Accumulable registered as "NEndLeft"
G4WT13 > Accumulable registered as "NEndRight"
G4WT13 > Accumulable registered as "NTop"
G4WT13 > Accumulable registered as "NEventsWithHits"
G4WT13 > Accumulable registered as "NScintPhotons"
G4WT23 > Accumulable registered as "NEndLeft"
G4WT23 > Accumulable registered as "NEndRight"
G4WT23 > Accumulable registered as "NTop"
G4WT23 > Accumulable registered as "NEventsWithHits"
G4WT23 > Accumulable registered as "NScintPhotons"
G4WT8 > Accumulable registered as "NEndLeft"
G4WT8 > Accumulable registered as "NEndRight"
G4WT8 > Accumulable registered as "NTop"
G4WT8 > Accumulable registered as "NEventsWithHits"
G4WT8 > Accumulable registered as "NScintPhotons"
G4WT15 > Accumulable registered as "NEndLeft"
G4WT15 > Accumulable registered as "NEndRight"
G4WT15 > Accumulable registered as "NTop"
G4WT15 > Accumulable registered as "NEventsWithHits"
G4WT15 > Accumulable registered as "NScintPhotons"
G4WT5 > Accumulable registered as "NEndLeft"
G4WT5 > Accumulable registered as "NEndRight"
G4WT5 > Accumulable registered as "NTop"
G4WT5 > Accumulable registered as "NEventsWithHits"
G4WT5 > Accumulable registered as "NScintPhotons"
G4WT3 > Accumulable registered as "NEndLeft"
G4WT3 > Accumulable registered as "NEndRight"
G4WT3 > Accumulable registered as "NTop"
G4WT3 > Accumulable registered as "NEventsWithHits"
G4WT3 > Accumulable registered as "NScintPhotons"

=== Active Scintillator Baseline ===
  SSLG4 code            : OPSC-101
  Yield                 : 10400 ph/MeV
  Rise time tau_r       : 0.7 ns
  Decay time tau_d      : 1.8 ns
  Attenuation length    : 160 cm
  Emission peak lambda  : 408.8 nm
  Finite rise time      : enabled
=====================================

=== Active Readout / Wrapping Configuration ===
  Readout configuration : Top
  SiPM model            : AFBR-S4N66P024M
  SiPM PDE file         : /home/rrios/ej200/data/sipm/AFBR-S4N66P024M_pde.txt
  -X face               : wrapped
  +X face               : wrapped
  -Y face               : wrapped
  +Y face               : instrumented
  -Z face               : wrapped
  +Z face               : wrapped
  Reflector R           : 0.98
  Active End SiPMs      : 0 (L=0, R=0)
  Active Top SiPMs      : 70
==============================================
G4WT21 > 
=== EJ Scintillator Bar Run Summary ===
  Run ID                : 0
  Events run            : 108
  Events with ≥1 hit    : 108
  End-left  photons     : 0
  End-right photons     : 0
  Top SiPM  photons     : 519577
  Scint photons generated: 2144223
  Total photons detected : 519577
  Detection efficiency   : 24.2315 %
  ROOT output           : photon_hits_run000.root
==============================

G4WT19 > 
=== EJ Scintillator Bar Run Summary ===
  Run ID                : 0
  Events run            : 108
  Events with ≥1 hit    : 108
  End-left  photons     : 0
  End-right photons     : 0
  Top SiPM  photons     : 526622
  Scint photons generated: 2169839
  Total photons detected : 526622
  Detection efficiency   : 24.2701 %
  ROOT output           : photon_hits_run000.root
==============================

G4WT15 > 
=== EJ Scintillator Bar Run Summary ===
  Run ID                : 0
  Events run            : 162
  Events with ≥1 hit    : 162
  End-left  photons     : 0
  End-right photons     : 0
  Top SiPM  photons     : 773541
  Scint photons generated: 3185962
  Total photons detected : 773541
  Detection efficiency   : 24.2797 %
  ROOT output           : photon_hits_run000.root
==============================

G4WT23 > 
=== EJ Scintillator Bar Run Summary ===
  Run ID                : 0
  Events run            : 108
  Events with ≥1 hit    : 108
  End-left  photons     : 0
  End-right photons     : 0
  Top SiPM  photons     : 524374
  Scint photons generated: 2165948
  Total photons detected : 524374
  Detection efficiency   : 24.2099 %
  ROOT output           : photon_hits_run000.root
==============================

G4WT20 > 
=== EJ Scintillator Bar Run Summary ===
  Run ID                : 0
  Events run            : 108
  Events with ≥1 hit    : 108
  End-left  photons     : 0
  End-right photons     : 0
  Top SiPM  photons     : 510684
  Scint photons generated: 2109865
  Total photons detected : 510684
  Detection efficiency   : 24.2046 %
  ROOT output           : photon_hits_run000.root
==============================

G4WT22 > 
=== EJ Scintillator Bar Run Summary ===
  Run ID                : 0
  Events run            : 162
  Events with ≥1 hit    : 162
  End-left  photons     : 0
  End-right photons     : 0
  Top SiPM  photons     : 759758
  Scint photons generated: 3133161
  Total photons detected : 759758
  Detection efficiency   : 24.2489 %
  ROOT output           : photon_hits_run000.root
==============================

G4WT4 > 
=== EJ Scintillator Bar Run Summary ===
  Run ID                : 0
  Events run            : 108
  Events with ≥1 hit    : 108
  End-left  photons     : 0
  End-right photons     : 0
  Top SiPM  photons     : 536364
  Scint photons generated: 2214946
  Total photons detected : 536364
  Detection efficiency   : 24.2157 %
  ROOT output           : photon_hits_run000.root
==============================

G4WT3 > 
=== EJ Scintillator Bar Run Summary ===
  Run ID                : 0
  Events run            : 108
  Events with ≥1 hit    : 108
  End-left  photons     : 0
  End-right photons     : 0
  Top SiPM  photons     : 529333
  Scint photons generated: 2178798
  Total photons detected : 529333
  Detection efficiency   : 24.2947 %
  ROOT output           : photon_hits_run000.root
==============================

G4WT13 > 
=== EJ Scintillator Bar Run Summary ===
  Run ID                : 0
  Events run            : 108
  Events with ≥1 hit    : 108
  End-left  photons     : 0
  End-right photons     : 0
  Top SiPM  photons     : 527405
  Scint photons generated: 2178423
  Total photons detected : 527405
  Detection efficiency   : 24.2104 %
  ROOT output           : photon_hits_run000.root
==============================

G4WT2 > 
=== EJ Scintillator Bar Run Summary ===
  Run ID                : 0
  Events run            : 108
  Events with ≥1 hit    : 108
  End-left  photons     : 0
  End-right photons     : 0
  Top SiPM  photons     : 510966
  Scint photons generated: 2111818
  Total photons detected : 510966
  Detection efficiency   : 24.1956 %
  ROOT output           : photon_hits_run000.root
==============================

G4WT11 > 
=== EJ Scintillator Bar Run Summary ===
  Run ID                : 0
  Events run            : 108
  Events with ≥1 hit    : 108
  End-left  photons     : 0
  End-right photons     : 0
  Top SiPM  photons     : 526018
  Scint photons generated: 2170276
  Total photons detected : 526018
  Detection efficiency   : 24.2374 %
  ROOT output           : photon_hits_run000.root
==============================

G4WT17 > 
=== EJ Scintillator Bar Run Summary ===
  Run ID                : 0
  Events run            : 138
  Events with ≥1 hit    : 138
  End-left  photons     : 0
  End-right photons     : 0
  Top SiPM  photons     : 676823
  Scint photons generated: 2793593
  Total photons detected : 676823
  Detection efficiency   : 24.2277 %
  ROOT output           : photon_hits_run000.root
==============================

G4WT8 > 
=== EJ Scintillator Bar Run Summary ===
  Run ID                : 0
  Events run            : 162
  Events with ≥1 hit    : 162
  End-left  photons     : 0
  End-right photons     : 0
  Top SiPM  photons     : 783991
  Scint photons generated: 3228856
  Total photons detected : 783991
  Detection efficiency   : 24.2808 %
  ROOT output           : photon_hits_run000.root
==============================

G4WT10 > 
=== EJ Scintillator Bar Run Summary ===
  Run ID                : 0
  Events run            : 162
  Events with ≥1 hit    : 162
  End-left  photons     : 0
  End-right photons     : 0
  Top SiPM  photons     : 771999
  Scint photons generated: 3185956
  Total photons detected : 771999
  Detection efficiency   : 24.2313 %
  ROOT output           : photon_hits_run000.root
==============================

G4WT0 > 
=== EJ Scintillator Bar Run Summary ===
  Run ID                : 0
  Events run            : 108
  Events with ≥1 hit    : 108
  End-left  photons     : 0
  End-right photons     : 0
  Top SiPM  photons     : 546866
  Scint photons generated: 2258144
  Total photons detected : 546866
  Detection efficiency   : 24.2175 %
  ROOT output           : photon_hits_run000.root
==============================

G4WT5 > 
=== EJ Scintillator Bar Run Summary ===
  Run ID                : 0
  Events run            : 162
  Events with ≥1 hit    : 162
  End-left  photons     : 0
  End-right photons     : 0
  Top SiPM  photons     : 786922
  Scint photons generated: 3244760
  Total photons detected : 786922
  Detection efficiency   : 24.2521 %
  ROOT output           : photon_hits_run000.root
==============================

G4WT6 > 
=== EJ Scintillator Bar Run Summary ===
  Run ID                : 0
  Events run            : 108
  Events with ≥1 hit    : 108
  End-left  photons     : 0
  End-right photons     : 0
  Top SiPM  photons     : 527293
  Scint photons generated: 2171431
  Total photons detected : 527293
  Detection efficiency   : 24.2832 %
  ROOT output           : photon_hits_run000.root
==============================

G4WT7 > 
=== EJ Scintillator Bar Run Summary ===
  Run ID                : 0
  Events run            : 162
  Events with ≥1 hit    : 162
  End-left  photons     : 0
  End-right photons     : 0
  Top SiPM  photons     : 765279
  Scint photons generated: 3158124
  Total photons detected : 765279
  Detection efficiency   : 24.2321 %
  ROOT output           : photon_hits_run000.root
==============================

G4WT14 > 
=== EJ Scintillator Bar Run Summary ===
  Run ID                : 0
  Events run            : 108
  Events with ≥1 hit    : 108
  End-left  photons     : 0
  End-right photons     : 0
  Top SiPM  photons     : 523137
  Scint photons generated: 2158923
  Total photons detected : 523137
  Detection efficiency   : 24.2314 %
  ROOT output           : photon_hits_run000.root
==============================

G4WT16 > 
=== EJ Scintillator Bar Run Summary ===
  Run ID                : 0
  Events run            : 108
  Events with ≥1 hit    : 108
  End-left  photons     : 0
  End-right photons     : 0
  Top SiPM  photons     : 528278
  Scint photons generated: 2173499
  Total photons detected : 528278
  Detection efficiency   : 24.3054 %
  ROOT output           : photon_hits_run000.root
==============================

G4WT9 > 
=== EJ Scintillator Bar Run Summary ===
  Run ID                : 0
  Events run            : 108
  Events with ≥1 hit    : 108
  End-left  photons     : 0
  End-right photons     : 0
  Top SiPM  photons     : 528188
  Scint photons generated: 2172031
  Total photons detected : 528188
  Detection efficiency   : 24.3177 %
  ROOT output           : photon_hits_run000.root
==============================

G4WT12 > 
=== EJ Scintillator Bar Run Summary ===
  Run ID                : 0
  Events run            : 108
  Events with ≥1 hit    : 108
  End-left  photons     : 0
  End-right photons     : 0
  Top SiPM  photons     : 535111
  Scint photons generated: 2208601
  Total photons detected : 535111
  Detection efficiency   : 24.2285 %
  ROOT output           : photon_hits_run000.root
==============================

G4WT18 > 
=== EJ Scintillator Bar Run Summary ===
  Run ID                : 0
  Events run            : 162
  Events with ≥1 hit    : 162
  End-left  photons     : 0
  End-right photons     : 0
  Top SiPM  photons     : 794122
  Scint photons generated: 3278202
  Total photons detected : 794122
  Detection efficiency   : 24.2243 %
  ROOT output           : photon_hits_run000.root
==============================

G4WT1 > 
=== EJ Scintillator Bar Run Summary ===
  Run ID                : 0
  Events run            : 108
  Events with ≥1 hit    : 108
  End-left  photons     : 0
  End-right photons     : 0
  Top SiPM  photons     : 526650
  Scint photons generated: 2166055
  Total photons detected : 526650
  Detection efficiency   : 24.3138 %
  ROOT output           : photon_hits_run000.root
==============================


=== EJ Scintillator Bar Run Summary ===
  Run ID                : 0
  Events run            : 3000
  Events with ≥1 hit    : 3000
  End-left  photons     : 0
  End-right photons     : 0
  Top SiPM  photons     : 14539301
  Scint photons generated: 59961434
  Total photons detected : 14539301
  Detection efficiency   : 24.2478 %
  ROOT output           : photon_hits_run000.root
==============================


=== Boundary Census (diagnostic) ===
  Bar -> reflector panel   : 1138400508
  Bar -> World (escaped)   : 0
  Bar -> Bar (TIR/refl)    : 0
  Bar -> SiPM (entering)   : 23271338
  Killed in WorldLV        : 142327
====================================

[2026-06-11T22:50:55] DONE pairscan_x-441.0mm (entries=14539301.0)
[2026-06-11T22:50:55] START pairscan_x-442.0mm (x=-442.0 mm)

**************************************************************
 Geant4 version Name: geant4-11-04 [MT]   (5-December-2025)
  << in Multi-threaded mode >> 
                       Copyright : Geant4 Collaboration
                      References : NIM A 506 (2003), 250-303
                                 : IEEE-TNS 53 (2006), 270-278
                                 : NIM A 835 (2016), 186-225
                             WWW : http://geant4.org/
**************************************************************

Accumulable registered as "NEndLeft"
Accumulable registered as "NEndRight"
Accumulable registered as "NTop"
Accumulable registered as "NEventsWithHits"
Accumulable registered as "NScintPhotons"

-------- WWWW ------- G4Exception-START -------- WWWW -------
*** G4Exception : mat031
      issued by : G4Material::FillVectors()
For material opsc-101 sum of fractional masses 0.996667 is not 1 - results may be wrong

*** This is just a warning message. ***
-------- WWWW -------- G4Exception-END --------- WWWW -------

Checking overlaps for volume BarPV:0 (G4Box) ... OK! 
Checking overlaps for volume ReflectorYMinusPV:0 (G4Box) ... OK! 
Checking overlaps for volume ReflectorZMinusPV:3 (G4Box) ... OK! 
Checking overlaps for volume ReflectorZPlusPV:4 (G4Box) ... OK! 
Checking overlaps for volume ReflectorYPlusPV:5 (G4SubtractionSolid) ... OK! 
Checking overlaps for volume ReflectorXMinusPV:1 (G4Box) ... OK! 
Checking overlaps for volume ReflectorXPlusPV:2 (G4Box) ... OK! 
Checking overlaps for volume TopSiPMPV:16 (G4Box) ... OK! 
Checking overlaps for volume TopSiPMPV:17 (G4Box) ... OK! 
Checking overlaps for volume TopSiPMPV:18 (G4Box) ... OK! 
Checking overlaps for volume TopSiPMPV:19 (G4Box) ... OK! 
Checking overlaps for volume TopSiPMPV:20 (G4Box) ... OK! 
Checking overlaps for volume TopSiPMPV:21 (G4Box) ... OK! 
Checking overlaps for volume TopSiPMPV:22 (G4Box) ... OK! 
Checking overlaps for volume TopSiPMPV:23 (G4Box) ... OK! 
Checking overlaps for volume TopSiPMPV:24 (G4Box) ... OK! 
Checking overlaps for volume TopSiPMPV:25 (G4Box) ... OK! 
Checking overlaps for volume TopSiPMPV:26 (G4Box) ... OK! 
Checking overlaps for volume TopSiPMPV:27 (G4Box) ... OK! 
Checking overlaps for volume TopSiPMPV:28 (G4Box) ... OK! 
Checking overlaps for volume TopSiPMPV:29 (G4Box) ... OK! 
Checking overlaps for volume TopSiPMPV:30 (G4Box) ... OK! 
Checking overlaps for volume TopSiPMPV:31 (G4Box) ... OK! 
Checking overlaps for volume TopSiPMPV:32 (G4Box) ... OK! 
Checking overlaps for volume TopSiPMPV:33 (G4Box) ... OK! 
Checking overlaps for volume TopSiPMPV:34 (G4Box) ... OK! 
Checking overlaps for volume TopSiPMPV:35 (G4Box) ... OK! 
Checking overlaps for volume TopSiPMPV:36 (G4Box) ... OK! 
Checking overlaps for volume TopSiPMPV:37 (G4Box) ... OK! 
Checking overlaps for volume TopSiPMPV:38 (G4Box) ... OK! 
Checking overlaps for volume TopSiPMPV:39 (G4Box) ... OK! 
Checking overlaps for volume TopSiPMPV:40 (G4Box) ... OK! 
Checking overlaps for volume TopSiPMPV:41 (G4Box) ... OK! 
Checking overlaps for volume TopSiPMPV:42 (G4Box) ... OK! 
Checking overlaps for volume TopSiPMPV:43 (G4Box) ... OK! 
Checking overlaps for volume TopSiPMPV:44 (G4Box) ... OK! 
Checking overlaps for volume TopSiPMPV:45 (G4Box) ... OK! 
Checking overlaps for volume TopSiPMPV:46 (G4Box) ... OK! 
Checking overlaps for volume TopSiPMPV:47 (G4Box) ... OK! 
Checking overlaps for volume TopSiPMPV:48 (G4Box) ... OK! 
Checking overlaps for volume TopSiPMPV:49 (G4Box) ... OK! 
Checking overlaps for volume TopSiPMPV:50 (G4Box) ... OK! 
Checking overlaps for volume TopSiPMPV:51 (G4Box) ... OK! 
Checking overlaps for volume TopSiPMPV:52 (G4Box) ... OK! 
Checking overlaps for volume TopSiPMPV:53 (G4Box) ... OK! 
Checking overlaps for volume TopSiPMPV:54 (G4Box) ... OK! 
Checking overlaps for volume TopSiPMPV:55 (G4Box) ... OK! 
Checking overlaps for volume TopSiPMPV:56 (G4Box) ... OK! 
Checking overlaps for volume TopSiPMPV:57 (G4Box) ... OK! 
Checking overlaps for volume TopSiPMPV:58 (G4Box) ... OK! 
Checking overlaps for volume TopSiPMPV:59 (G4Box) ... OK! 
Checking overlaps for volume TopSiPMPV:60 (G4Box) ... OK! 
Checking overlaps for volume TopSiPMPV:61 (G4Box) ... OK! 
Checking overlaps for volume TopSiPMPV:62 (G4Box) ... OK! 
Checking overlaps for volume TopSiPMPV:63 (G4Box) ... OK! 
Checking overlaps for volume TopSiPMPV:64 (G4Box) ... OK! 
Checking overlaps for volume TopSiPMPV:65 (G4Box) ... OK! 
Checking overlaps for volume TopSiPMPV:66 (G4Box) ... OK! 
Checking overlaps for volume TopSiPMPV:67 (G4Box) ... OK! 
Checking overlaps for volume TopSiPMPV:68 (G4Box) ... OK! 
Checking overlaps for volume TopSiPMPV:69 (G4Box) ... OK! 
Checking overlaps for volume TopSiPMPV:70 (G4Box) ... OK! 
Checking overlaps for volume TopSiPMPV:71 (G4Box) ... OK! 
Checking overlaps for volume TopSiPMPV:72 (G4Box) ... OK! 
Checking overlaps for volume TopSiPMPV:73 (G4Box) ... OK! 
Checking overlaps for volume TopSiPMPV:74 (G4Box) ... OK! 
Checking overlaps for volume TopSiPMPV:75 (G4Box) ... OK! 
Checking overlaps for volume TopSiPMPV:76 (G4Box) ... OK! 
Checking overlaps for volume TopSiPMPV:77 (G4Box) ... OK! 
Checking overlaps for volume TopSiPMPV:78 (G4Box) ... OK! 
Checking overlaps for volume TopSiPMPV:79 (G4Box) ... OK! 
Checking overlaps for volume TopSiPMPV:80 (G4Box) ... OK! 
Checking overlaps for volume TopSiPMPV:81 (G4Box) ... OK! 
Checking overlaps for volume TopSiPMPV:82 (G4Box) ... OK! 
Checking overlaps for volume TopSiPMPV:83 (G4Box) ... OK! 
Checking overlaps for volume TopSiPMPV:84 (G4Box) ... OK! 
Checking overlaps for volume TopSiPMPV:85 (G4Box) ... OK! 
### Birks coefficients used in run time
G4WT22 > Accumulable registered as "NEndLeft"
G4WT22 > Accumulable registered as "NEndRight"
G4WT22 > Accumulable registered as "NTop"
G4WT22 > Accumulable registered as "NEventsWithHits"
G4WT22 > Accumulable registered as "NScintPhotons"
G4WT15 > Accumulable registered as "NEndLeft"
G4WT15 > Accumulable registered as "NEndRight"
G4WT15 > Accumulable registered as "NTop"
G4WT15 > Accumulable registered as "NEventsWithHits"
G4WT15 > Accumulable registered as "NScintPhotons"
G4WT23 > Accumulable registered as "NEndLeft"
G4WT23 > Accumulable registered as "NEndRight"
G4WT23 > Accumulable registered as "NTop"
G4WT23 > Accumulable registered as "NEventsWithHits"
G4WT23 > Accumulable registered as "NScintPhotons"
G4WT7 > Accumulable registered as "NEndLeft"
G4WT7 > Accumulable registered as "NEndRight"
G4WT7 > Accumulable registered as "NTop"
G4WT7 > Accumulable registered as "NEventsWithHits"
G4WT7 > Accumulable registered as "NScintPhotons"
G4WT19 > Accumulable registered as "NEndLeft"
G4WT19 > Accumulable registered as "NEndRight"
G4WT19 > Accumulable registered as "NTop"
G4WT19 > Accumulable registered as "NEventsWithHits"
G4WT19 > Accumulable registered as "NScintPhotons"
G4WT3 > Accumulable registered as "NEndLeft"
G4WT3 > Accumulable registered as "NEndRight"
G4WT3 > Accumulable registered as "NTop"
G4WT3 > Accumulable registered as "NEventsWithHits"
G4WT3 > Accumulable registered as "NScintPhotons"
G4WT1 > Accumulable registered as "NEndLeft"
G4WT1 > Accumulable registered as "NEndRight"
G4WT1 > Accumulable registered as "NTop"
G4WT1 > Accumulable registered as "NEventsWithHits"
G4WT1 > Accumulable registered as "NScintPhotons"
G4WT18 > Accumulable registered as "NEndLeft"
G4WT18 > Accumulable registered as "NEndRight"
G4WT18 > Accumulable registered as "NTop"
G4WT18 > Accumulable registered as "NEventsWithHits"
G4WT18 > Accumulable registered as "NScintPhotons"
G4WT12 > Accumulable registered as "NEndLeft"
G4WT12 > Accumulable registered as "NEndRight"
G4WT12 > Accumulable registered as "NTop"
G4WT12 > Accumulable registered as "NEventsWithHits"
G4WT12 > Accumulable registered as "NScintPhotons"
G4WT13 > Accumulable registered as "NEndLeft"
G4WT13 > Accumulable registered as "NEndRight"
G4WT13 > Accumulable registered as "NTop"
G4WT13 > Accumulable registered as "NEventsWithHits"
G4WT13 > Accumulable registered as "NScintPhotons"
G4WT9 > Accumulable registered as "NEndLeft"
G4WT9 > Accumulable registered as "NEndRight"
G4WT9 > Accumulable registered as "NTop"
G4WT9 > Accumulable registered as "NEventsWithHits"
G4WT9 > Accumulable registered as "NScintPhotons"
G4WT8 > Accumulable registered as "NEndLeft"
G4WT8 > Accumulable registered as "NEndRight"
G4WT8 > Accumulable registered as "NTop"
G4WT8 > Accumulable registered as "NEventsWithHits"
G4WT8 > Accumulable registered as "NScintPhotons"
G4WT11 > Accumulable registered as "NEndLeft"
G4WT11 > Accumulable registered as "NEndRight"
G4WT11 > Accumulable registered as "NTop"
G4WT11 > Accumulable registered as "NEventsWithHits"
G4WT11 > Accumulable registered as "NScintPhotons"
G4WT21 > Accumulable registered as "NEndLeft"
G4WT21 > Accumulable registered as "NEndRight"
G4WT21 > Accumulable registered as "NTop"
G4WT4 > Accumulable registered as "NEndLeft"
G4WT21 > Accumulable registered as "NEventsWithHits"
G4WT4 > Accumulable registered as "NEndRight"
G4WT4 > Accumulable registered as "NTop"
G4WT21 > Accumulable registered as "NScintPhotons"
G4WT4 > Accumulable registered as "NEventsWithHits"
G4WT4 > Accumulable registered as "NScintPhotons"
G4WT14 > Accumulable registered as "NEndLeft"
G4WT14 > Accumulable registered as "NEndRight"
G4WT14 > Accumulable registered as "NTop"
G4WT14 > Accumulable registered as "NEventsWithHits"
G4WT14 > Accumulable registered as "NScintPhotons"
G4WT16 > Accumulable registered as "NEndLeft"
G4WT16 > Accumulable registered as "NEndRight"
G4WT16 > Accumulable registered as "NTop"
G4WT16 > Accumulable registered as "NEventsWithHits"
G4WT16 > Accumulable registered as "NScintPhotons"
G4WT6 > Accumulable registered as "NEndLeft"
G4WT6 > Accumulable registered as "NEndRight"
G4WT6 > Accumulable registered as "NTop"
G4WT6 > Accumulable registered as "NEventsWithHits"
G4WT6 > Accumulable registered as "NScintPhotons"
G4WT2 > Accumulable registered as "NEndLeft"
G4WT2 > Accumulable registered as "NEndRight"
G4WT2 > Accumulable registered as "NTop"
G4WT2 > Accumulable registered as "NEventsWithHits"
G4WT2 > Accumulable registered as "NScintPhotons"
G4WT0 > Accumulable registered as "NEndLeft"
G4WT0 > Accumulable registered as "NEndRight"
G4WT0 > Accumulable registered as "NTop"
G4WT0 > Accumulable registered as "NEventsWithHits"
G4WT0 > Accumulable registered as "NScintPhotons"
G4WT5 > Accumulable registered as "NEndLeft"
G4WT5 > Accumulable registered as "NEndRight"
G4WT5 > Accumulable registered as "NTop"
G4WT5 > Accumulable registered as "NEventsWithHits"
G4WT5 > Accumulable registered as "NScintPhotons"
G4WT10 > Accumulable registered as "NEndLeft"
G4WT10 > Accumulable registered as "NEndRight"
G4WT10 > Accumulable registered as "NTop"
G4WT10 > Accumulable registered as "NEventsWithHits"
G4WT10 > Accumulable registered as "NScintPhotons"
G4WT17 > Accumulable registered as "NEndLeft"
G4WT17 > Accumulable registered as "NEndRight"
G4WT17 > Accumulable registered as "NTop"
G4WT17 > Accumulable registered as "NEventsWithHits"
G4WT17 > Accumulable registered as "NScintPhotons"
G4WT20 > Accumulable registered as "NEndLeft"
G4WT20 > Accumulable registered as "NEndRight"
G4WT20 > Accumulable registered as "NTop"
G4WT20 > Accumulable registered as "NEventsWithHits"
G4WT20 > Accumulable registered as "NScintPhotons"

=== Active Scintillator Baseline ===
  SSLG4 code            : OPSC-101
  Yield                 : 10400 ph/MeV
  Rise time tau_r       : 0.7 ns
  Decay time tau_d      : 1.8 ns
  Attenuation length    : 160 cm
  Emission peak lambda  : 408.8 nm
  Finite rise time      : enabled
=====================================

=== Active Readout / Wrapping Configuration ===
  Readout configuration : Top
  SiPM model            : AFBR-S4N66P024M
  SiPM PDE file         : /home/rrios/ej200/data/sipm/AFBR-S4N66P024M_pde.txt
  -X face               : wrapped
  +X face               : wrapped
  -Y face               : wrapped
  +Y face               : instrumented
  -Z face               : wrapped
  +Z face               : wrapped
  Reflector R           : 0.98
  Active End SiPMs      : 0 (L=0, R=0)
  Active Top SiPMs      : 70
==============================================
G4WT21 > 
=== EJ Scintillator Bar Run Summary ===
  Run ID                : 0
  Events run            : 162
  Events with ≥1 hit    : 162
  End-left  photons     : 0
  End-right photons     : 0
  Top SiPM  photons     : 789470
  Scint photons generated: 3244432
  Total photons detected : 789470
  Detection efficiency   : 24.3331 %
  ROOT output           : photon_hits_run000.root
==============================

G4WT11 > 
=== EJ Scintillator Bar Run Summary ===
  Run ID                : 0
  Events run            : 108
  Events with ≥1 hit    : 108
  End-left  photons     : 0
  End-right photons     : 0
  Top SiPM  photons     : 521850
  Scint photons generated: 2147754
  Total photons detected : 521850
  Detection efficiency   : 24.2975 %
  ROOT output           : photon_hits_run000.root
==============================

G4WT14 > 
=== EJ Scintillator Bar Run Summary ===
  Run ID                : 0
  Events run            : 162
  Events with ≥1 hit    : 162
  End-left  photons     : 0
  End-right photons     : 0
  Top SiPM  photons     : 770971
  Scint photons generated: 3169415
  Total photons detected : 770971
  Detection efficiency   : 24.3253 %
  ROOT output           : photon_hits_run000.root
==============================

G4WT19 > 
=== EJ Scintillator Bar Run Summary ===
  Run ID                : 0
  Events run            : 108
  Events with ≥1 hit    : 108
  End-left  photons     : 0
  End-right photons     : 0
  Top SiPM  photons     : 512936
  Scint photons generated: 2107575
  Total photons detected : 512936
  Detection efficiency   : 24.3377 %
  ROOT output           : photon_hits_run000.root
==============================

G4WT22 > 
=== EJ Scintillator Bar Run Summary ===
  Run ID                : 0
  Events run            : 162
  Events with ≥1 hit    : 162
  End-left  photons     : 0
  End-right photons     : 0
  Top SiPM  photons     : 756292
  Scint photons generated: 3105575
  Total photons detected : 756292
  Detection efficiency   : 24.3527 %
  ROOT output           : photon_hits_run000.root
==============================

G4WT1 > 
=== EJ Scintillator Bar Run Summary ===
  Run ID                : 0
  Events run            : 108
  Events with ≥1 hit    : 108
  End-left  photons     : 0
  End-right photons     : 0
  Top SiPM  photons     : 538998
  Scint photons generated: 2212029
  Total photons detected : 538998
  Detection efficiency   : 24.3667 %
  ROOT output           : photon_hits_run000.root
==============================

G4WT20 > 
=== EJ Scintillator Bar Run Summary ===
  Run ID                : 0
  Events run            : 162
  Events with ≥1 hit    : 162
  End-left  photons     : 0
  End-right photons     : 0
  Top SiPM  photons     : 771756
  Scint photons generated: 3167588
  Total photons detected : 771756
  Detection efficiency   : 24.3642 %
  ROOT output           : photon_hits_run000.root
==============================

G4WT17 > 
=== EJ Scintillator Bar Run Summary ===
  Run ID                : 0
  Events run            : 162
  Events with ≥1 hit    : 162
  End-left  photons     : 0
  End-right photons     : 0
  Top SiPM  photons     : 785805
  Scint photons generated: 3226331
  Total photons detected : 785805
  Detection efficiency   : 24.3560 %
  ROOT output           : photon_hits_run000.root
==============================

G4WT13 > 
=== EJ Scintillator Bar Run Summary ===
  Run ID                : 0
  Events run            : 108
  Events with ≥1 hit    : 108
  End-left  photons     : 0
  End-right photons     : 0
  Top SiPM  photons     : 521763
  Scint photons generated: 2141195
  Total photons detected : 521763
  Detection efficiency   : 24.3678 %
  ROOT output           : photon_hits_run000.root
==============================

G4WT18 > 
=== EJ Scintillator Bar Run Summary ===
  Run ID                : 0
  Events run            : 108
  Events with ≥1 hit    : 108
  End-left  photons     : 0
  End-right photons     : 0
  Top SiPM  photons     : 522407
  Scint photons generated: 2142203
  Total photons detected : 522407
  Detection efficiency   : 24.3864 %
  ROOT output           : photon_hits_run000.root
==============================

G4WT7 > 
=== EJ Scintillator Bar Run Summary ===
  Run ID                : 0
  Events run            : 162
  Events with ≥1 hit    : 162
  End-left  photons     : 0
  End-right photons     : 0
  Top SiPM  photons     : 774167
  Scint photons generated: 3181454
  Total photons detected : 774167
  Detection efficiency   : 24.3337 %
  ROOT output           : photon_hits_run000.root
==============================

G4WT15 > 
=== EJ Scintillator Bar Run Summary ===
  Run ID                : 0
  Events run            : 108
  Events with ≥1 hit    : 108
  End-left  photons     : 0
  End-right photons     : 0
  Top SiPM  photons     : 549636
  Scint photons generated: 2263248
  Total photons detected : 549636
  Detection efficiency   : 24.2853 %
  ROOT output           : photon_hits_run000.root
==============================

G4WT10 > 
=== EJ Scintillator Bar Run Summary ===
  Run ID                : 0
  Events run            : 162
  Events with ≥1 hit    : 162
  End-left  photons     : 0
  End-right photons     : 0
  Top SiPM  photons     : 766961
  Scint photons generated: 3153057
  Total photons detected : 766961
  Detection efficiency   : 24.3244 %
  ROOT output           : photon_hits_run000.root
==============================

G4WT12 > 
=== EJ Scintillator Bar Run Summary ===
  Run ID                : 0
  Events run            : 108
  Events with ≥1 hit    : 108
  End-left  photons     : 0
  End-right photons     : 0
  Top SiPM  photons     : 537217
  Scint photons generated: 2205509
  Total photons detected : 537217
  Detection efficiency   : 24.3580 %
  ROOT output           : photon_hits_run000.root
==============================

G4WT16 > 
=== EJ Scintillator Bar Run Summary ===
  Run ID                : 0
  Events run            : 108
  Events with ≥1 hit    : 108
  End-left  photons     : 0
  End-right photons     : 0
  Top SiPM  photons     : 520450
  Scint photons generated: 2141353
  Total photons detected : 520450
  Detection efficiency   : 24.3047 %
  ROOT output           : photon_hits_run000.root
==============================

G4WT0 > 
=== EJ Scintillator Bar Run Summary ===
  Run ID                : 0
  Events run            : 108
  Events with ≥1 hit    : 108
  End-left  photons     : 0
  End-right photons     : 0
  Top SiPM  photons     : 534544
  Scint photons generated: 2191793
  Total photons detected : 534544
  Detection efficiency   : 24.3884 %
  ROOT output           : photon_hits_run000.root
==============================

G4WT3 > 
=== EJ Scintillator Bar Run Summary ===
  Run ID                : 0
  Events run            : 108
  Events with ≥1 hit    : 108
  End-left  photons     : 0
  End-right photons     : 0
  Top SiPM  photons     : 537951
  Scint photons generated: 2213769
  Total photons detected : 537951
  Detection efficiency   : 24.3002 %
  ROOT output           : photon_hits_run000.root
==============================

G4WT23 > 
=== EJ Scintillator Bar Run Summary ===
  Run ID                : 0
  Events run            : 108
  Events with ≥1 hit    : 108
  End-left  photons     : 0
  End-right photons     : 0
  Top SiPM  photons     : 520990
  Scint photons generated: 2139602
  Total photons detected : 520990
  Detection efficiency   : 24.3499 %
  ROOT output           : photon_hits_run000.root
==============================

G4WT4 > 
=== EJ Scintillator Bar Run Summary ===
  Run ID                : 0
  Events run            : 108
  Events with ≥1 hit    : 108
  End-left  photons     : 0
  End-right photons     : 0
  Top SiPM  photons     : 518709
  Scint photons generated: 2126292
  Total photons detected : 518709
  Detection efficiency   : 24.3950 %
  ROOT output           : photon_hits_run000.root
==============================

G4WT9 > 
=== EJ Scintillator Bar Run Summary ===
  Run ID                : 0
  Events run            : 108
  Events with ≥1 hit    : 108
  End-left  photons     : 0
  End-right photons     : 0
  Top SiPM  photons     : 527233
  Scint photons generated: 2167743
  Total photons detected : 527233
  Detection efficiency   : 24.3217 %
  ROOT output           : photon_hits_run000.root
==============================

G4WT2 > 
=== EJ Scintillator Bar Run Summary ===
  Run ID                : 0
  Events run            : 108
  Events with ≥1 hit    : 108
  End-left  photons     : 0
  End-right photons     : 0
  Top SiPM  photons     : 560027
  Scint photons generated: 2299999
  Total photons detected : 560027
  Detection efficiency   : 24.3490 %
  ROOT output           : photon_hits_run000.root
==============================

G4WT5 > 
=== EJ Scintillator Bar Run Summary ===
  Run ID                : 0
  Events run            : 138
  Events with ≥1 hit    : 138
  End-left  photons     : 0
  End-right photons     : 0
  Top SiPM  photons     : 668614
  Scint photons generated: 2747075
  Total photons detected : 668614
  Detection efficiency   : 24.3391 %
  ROOT output           : photon_hits_run000.root
==============================

G4WT8 > 
=== EJ Scintillator Bar Run Summary ===
  Run ID                : 0
  Events run            : 108
  Events with ≥1 hit    : 108
  End-left  photons     : 0
  End-right photons     : 0
  Top SiPM  photons     : 521847
  Scint photons generated: 2143917
  Total photons detected : 521847
  Detection efficiency   : 24.3408 %
  ROOT output           : photon_hits_run000.root
==============================

G4WT6 > 
=== EJ Scintillator Bar Run Summary ===
  Run ID                : 0
  Events run            : 108
  Events with ≥1 hit    : 108
  End-left  photons     : 0
  End-right photons     : 0
  Top SiPM  photons     : 524748
  Scint photons generated: 2152562
  Total photons detected : 524748
  Detection efficiency   : 24.3778 %
  ROOT output           : photon_hits_run000.root
==============================


=== EJ Scintillator Bar Run Summary ===
  Run ID                : 0
  Events run            : 3000
  Events with ≥1 hit    : 3000
  End-left  photons     : 0
  End-right photons     : 0
  Top SiPM  photons     : 14555342
  Scint photons generated: 59791470
  Total photons detected : 14555342
  Detection efficiency   : 24.3435 %
  ROOT output           : photon_hits_run000.root
==============================


=== Boundary Census (diagnostic) ===
  Bar -> reflector panel   : 1131443517
  Bar -> World (escaped)   : 0
  Bar -> Bar (TIR/refl)    : 0
  Bar -> SiPM (entering)   : 23283440
  Killed in WorldLV        : 142540
====================================

[2026-06-11T22:56:22] DONE pairscan_x-442.0mm (entries=14555342.0)
[2026-06-11T22:56:22] START pairscan_x-443.0mm (x=-443.0 mm)

**************************************************************
 Geant4 version Name: geant4-11-04 [MT]   (5-December-2025)
  << in Multi-threaded mode >> 
                       Copyright : Geant4 Collaboration
                      References : NIM A 506 (2003), 250-303
                                 : IEEE-TNS 53 (2006), 270-278
                                 : NIM A 835 (2016), 186-225
                             WWW : http://geant4.org/
**************************************************************

Accumulable registered as "NEndLeft"
Accumulable registered as "NEndRight"
Accumulable registered as "NTop"
Accumulable registered as "NEventsWithHits"
Accumulable registered as "NScintPhotons"

-------- WWWW ------- G4Exception-START -------- WWWW -------
*** G4Exception : mat031
      issued by : G4Material::FillVectors()
For material opsc-101 sum of fractional masses 0.996667 is not 1 - results may be wrong

*** This is just a warning message. ***
-------- WWWW -------- G4Exception-END --------- WWWW -------

Checking overlaps for volume BarPV:0 (G4Box) ... OK! 
Checking overlaps for volume ReflectorYMinusPV:0 (G4Box) ... OK! 
Checking overlaps for volume ReflectorZMinusPV:3 (G4Box) ... OK! 
Checking overlaps for volume ReflectorZPlusPV:4 (G4Box) ... OK! 
Checking overlaps for volume ReflectorYPlusPV:5 (G4SubtractionSolid) ... OK! 
Checking overlaps for volume ReflectorXMinusPV:1 (G4Box) ... OK! 
Checking overlaps for volume ReflectorXPlusPV:2 (G4Box) ... OK! 
Checking overlaps for volume TopSiPMPV:16 (G4Box) ... OK! 
Checking overlaps for volume TopSiPMPV:17 (G4Box) ... OK! 
Checking overlaps for volume TopSiPMPV:18 (G4Box) ... OK! 
Checking overlaps for volume TopSiPMPV:19 (G4Box) ... OK! 
Checking overlaps for volume TopSiPMPV:20 (G4Box) ... OK! 
Checking overlaps for volume TopSiPMPV:21 (G4Box) ... OK! 
Checking overlaps for volume TopSiPMPV:22 (G4Box) ... OK! 
Checking overlaps for volume TopSiPMPV:23 (G4Box) ... OK! 
Checking overlaps for volume TopSiPMPV:24 (G4Box) ... OK! 
Checking overlaps for volume TopSiPMPV:25 (G4Box) ... OK! 
Checking overlaps for volume TopSiPMPV:26 (G4Box) ... OK! 
Checking overlaps for volume TopSiPMPV:27 (G4Box) ... OK! 
Checking overlaps for volume TopSiPMPV:28 (G4Box) ... OK! 
Checking overlaps for volume TopSiPMPV:29 (G4Box) ... OK! 
Checking overlaps for volume TopSiPMPV:30 (G4Box) ... OK! 
Checking overlaps for volume TopSiPMPV:31 (G4Box) ... OK! 
Checking overlaps for volume TopSiPMPV:32 (G4Box) ... OK! 
Checking overlaps for volume TopSiPMPV:33 (G4Box) ... OK! 
Checking overlaps for volume TopSiPMPV:34 (G4Box) ... OK! 
Checking overlaps for volume TopSiPMPV:35 (G4Box) ... OK! 
Checking overlaps for volume TopSiPMPV:36 (G4Box) ... OK! 
Checking overlaps for volume TopSiPMPV:37 (G4Box) ... OK! 
Checking overlaps for volume TopSiPMPV:38 (G4Box) ... OK! 
Checking overlaps for volume TopSiPMPV:39 (G4Box) ... OK! 
Checking overlaps for volume TopSiPMPV:40 (G4Box) ... OK! 
Checking overlaps for volume TopSiPMPV:41 (G4Box) ... OK! 
Checking overlaps for volume TopSiPMPV:42 (G4Box) ... OK! 
Checking overlaps for volume TopSiPMPV:43 (G4Box) ... OK! 
Checking overlaps for volume TopSiPMPV:44 (G4Box) ... OK! 
Checking overlaps for volume TopSiPMPV:45 (G4Box) ... OK! 
Checking overlaps for volume TopSiPMPV:46 (G4Box) ... OK! 
Checking overlaps for volume TopSiPMPV:47 (G4Box) ... OK! 
Checking overlaps for volume TopSiPMPV:48 (G4Box) ... OK! 
Checking overlaps for volume TopSiPMPV:49 (G4Box) ... OK! 
Checking overlaps for volume TopSiPMPV:50 (G4Box) ... OK! 
Checking overlaps for volume TopSiPMPV:51 (G4Box) ... OK! 
Checking overlaps for volume TopSiPMPV:52 (G4Box) ... OK! 
Checking overlaps for volume TopSiPMPV:53 (G4Box) ... OK! 
Checking overlaps for volume TopSiPMPV:54 (G4Box) ... OK! 
Checking overlaps for volume TopSiPMPV:55 (G4Box) ... OK! 
Checking overlaps for volume TopSiPMPV:56 (G4Box) ... OK! 
Checking overlaps for volume TopSiPMPV:57 (G4Box) ... OK! 
Checking overlaps for volume TopSiPMPV:58 (G4Box) ... OK! 
Checking overlaps for volume TopSiPMPV:59 (G4Box) ... OK! 
Checking overlaps for volume TopSiPMPV:60 (G4Box) ... OK! 
Checking overlaps for volume TopSiPMPV:61 (G4Box) ... OK! 
Checking overlaps for volume TopSiPMPV:62 (G4Box) ... OK! 
Checking overlaps for volume TopSiPMPV:63 (G4Box) ... OK! 
Checking overlaps for volume TopSiPMPV:64 (G4Box) ... OK! 
Checking overlaps for volume TopSiPMPV:65 (G4Box) ... OK! 
Checking overlaps for volume TopSiPMPV:66 (G4Box) ... OK! 
Checking overlaps for volume TopSiPMPV:67 (G4Box) ... OK! 
Checking overlaps for volume TopSiPMPV:68 (G4Box) ... OK! 
Checking overlaps for volume TopSiPMPV:69 (G4Box) ... OK! 
Checking overlaps for volume TopSiPMPV:70 (G4Box) ... OK! 
Checking overlaps for volume TopSiPMPV:71 (G4Box) ... OK! 
Checking overlaps for volume TopSiPMPV:72 (G4Box) ... OK! 
Checking overlaps for volume TopSiPMPV:73 (G4Box) ... OK! 
Checking overlaps for volume TopSiPMPV:74 (G4Box) ... OK! 
Checking overlaps for volume TopSiPMPV:75 (G4Box) ... OK! 
Checking overlaps for volume TopSiPMPV:76 (G4Box) ... OK! 
Checking overlaps for volume TopSiPMPV:77 (G4Box) ... OK! 
Checking overlaps for volume TopSiPMPV:78 (G4Box) ... OK! 
Checking overlaps for volume TopSiPMPV:79 (G4Box) ... OK! 
Checking overlaps for volume TopSiPMPV:80 (G4Box) ... OK! 
Checking overlaps for volume TopSiPMPV:81 (G4Box) ... OK! 
Checking overlaps for volume TopSiPMPV:82 (G4Box) ... OK! 
Checking overlaps for volume TopSiPMPV:83 (G4Box) ... OK! 
Checking overlaps for volume TopSiPMPV:84 (G4Box) ... OK! 
Checking overlaps for volume TopSiPMPV:85 (G4Box) ... OK! 
### Birks coefficients used in run time
G4WT18 > Accumulable registered as "NEndLeft"
G4WT18 > Accumulable registered as "NEndRight"
G4WT18 > Accumulable registered as "NTop"
G4WT18 > Accumulable registered as "NEventsWithHits"
G4WT18 > Accumulable registered as "NScintPhotons"
G4WT16 > Accumulable registered as "NEndLeft"
G4WT16 > Accumulable registered as "NEndRight"
G4WT16 > Accumulable registered as "NTop"
G4WT16 > Accumulable registered as "NEventsWithHits"
G4WT16 > Accumulable registered as "NScintPhotons"
G4WT19 > Accumulable registered as "NEndLeft"
G4WT19 > Accumulable registered as "NEndRight"
G4WT19 > Accumulable registered as "NTop"
G4WT19 > Accumulable registered as "NEventsWithHits"
G4WT19 > Accumulable registered as "NScintPhotons"
G4WT8 > Accumulable registered as "NEndLeft"
G4WT8 > Accumulable registered as "NEndRight"
G4WT8 > Accumulable registered as "NTop"
G4WT8 > Accumulable registered as "NEventsWithHits"
G4WT8 > Accumulable registered as "NScintPhotons"
G4WT20 > Accumulable registered as "NEndLeft"
G4WT20 > Accumulable registered as "NEndRight"
G4WT20 > Accumulable registered as "NTop"
G4WT20 > Accumulable registered as "NEventsWithHits"
G4WT20 > Accumulable registered as "NScintPhotons"
G4WT3 > Accumulable registered as "NEndLeft"
G4WT3 > Accumulable registered as "NEndRight"
G4WT3 > Accumulable registered as "NTop"
G4WT3 > Accumulable registered as "NEventsWithHits"
G4WT3 > Accumulable registered as "NScintPhotons"
G4WT12 > Accumulable registered as "NEndLeft"
G4WT12 > Accumulable registered as "NEndRight"
G4WT12 > Accumulable registered as "NTop"
G4WT12 > Accumulable registered as "NEventsWithHits"
G4WT12 > Accumulable registered as "NScintPhotons"
G4WT5 > Accumulable registered as "NEndLeft"
G4WT5 > Accumulable registered as "NEndRight"
G4WT5 > Accumulable registered as "NTop"
G4WT5 > Accumulable registered as "NEventsWithHits"
G4WT5 > Accumulable registered as "NScintPhotons"
G4WT11 > Accumulable registered as "NEndLeft"
G4WT11 > Accumulable registered as "NEndRight"
G4WT11 > Accumulable registered as "NTop"
G4WT11 > Accumulable registered as "NEventsWithHits"
G4WT11 > Accumulable registered as "NScintPhotons"
G4WT22 > Accumulable registered as "NEndLeft"
G4WT22 > Accumulable registered as "NEndRight"
G4WT22 > Accumulable registered as "NTop"
G4WT22 > Accumulable registered as "NEventsWithHits"
G4WT22 > Accumulable registered as "NScintPhotons"
G4WT7 > Accumulable registered as "NEndLeft"
G4WT7 > Accumulable registered as "NEndRight"
G4WT7 > Accumulable registered as "NTop"
G4WT7 > Accumulable registered as "NEventsWithHits"
G4WT7 > Accumulable registered as "NScintPhotons"
G4WT6 > Accumulable registered as "NEndLeft"
G4WT6 > Accumulable registered as "NEndRight"
G4WT10 > Accumulable registered as "NEndLeft"
G4WT10 > Accumulable registered as "NEndRight"
G4WT6 > Accumulable registered as "NTop"
G4WT10 > Accumulable registered as "NTop"
G4WT10 > Accumulable registered as "NEventsWithHits"
G4WT6 > Accumulable registered as "NEventsWithHits"
G4WT10 > Accumulable registered as "NScintPhotons"
G4WT6 > Accumulable registered as "NScintPhotons"
G4WT2 > Accumulable registered as "NEndLeft"
G4WT2 > Accumulable registered as "NEndRight"
G4WT15 > Accumulable registered as "NEndLeft"
G4WT15 > Accumulable registered as "NEndRight"
G4WT2 > Accumulable registered as "NTop"
G4WT15 > Accumulable registered as "NTop"
G4WT2 > Accumulable registered as "NEventsWithHits"
G4WT2 > Accumulable registered as "NScintPhotons"
G4WT15 > Accumulable registered as "NEventsWithHits"
G4WT15 > Accumulable registered as "NScintPhotons"
G4WT14 > Accumulable registered as "NEndLeft"
G4WT14 > Accumulable registered as "NEndRight"
G4WT14 > Accumulable registered as "NTop"
G4WT14 > Accumulable registered as "NEventsWithHits"
G4WT14 > Accumulable registered as "NScintPhotons"
G4WT13 > Accumulable registered as "NEndLeft"
G4WT13 > Accumulable registered as "NEndRight"
G4WT13 > Accumulable registered as "NTop"
G4WT13 > Accumulable registered as "NEventsWithHits"
G4WT13 > Accumulable registered as "NScintPhotons"
G4WT1 > Accumulable registered as "NEndLeft"
G4WT1 > Accumulable registered as "NEndRight"
G4WT1 > Accumulable registered as "NTop"
G4WT1 > Accumulable registered as "NEventsWithHits"
G4WT1 > Accumulable registered as "NScintPhotons"
G4WT21 > Accumulable registered as "NEndLeft"
G4WT21 > Accumulable registered as "NEndRight"
G4WT21 > Accumulable registered as "NTop"
G4WT21 > Accumulable registered as "NEventsWithHits"
G4WT21 > Accumulable registered as "NScintPhotons"
G4WT0 > Accumulable registered as "NEndLeft"
G4WT0 > Accumulable registered as "NEndRight"
G4WT0 > Accumulable registered as "NTop"
G4WT0 > Accumulable registered as "NEventsWithHits"
G4WT0 > Accumulable registered as "NScintPhotons"
G4WT17 > Accumulable registered as "NEndLeft"
G4WT17 > Accumulable registered as "NEndRight"
G4WT17 > Accumulable registered as "NTop"
G4WT17 > Accumulable registered as "NEventsWithHits"
G4WT17 > Accumulable registered as "NScintPhotons"
G4WT9 > Accumulable registered as "NEndLeft"
G4WT9 > Accumulable registered as "NEndRight"
G4WT9 > Accumulable registered as "NTop"
G4WT9 > Accumulable registered as "NEventsWithHits"
G4WT9 > Accumulable registered as "NScintPhotons"
G4WT4 > Accumulable registered as "NEndLeft"
G4WT4 > Accumulable registered as "NEndRight"
G4WT4 > Accumulable registered as "NTop"
G4WT4 > Accumulable registered as "NEventsWithHits"
G4WT4 > Accumulable registered as "NScintPhotons"
G4WT23 > Accumulable registered as "NEndLeft"
G4WT23 > Accumulable registered as "NEndRight"
G4WT23 > Accumulable registered as "NTop"
G4WT23 > Accumulable registered as "NEventsWithHits"
G4WT23 > Accumulable registered as "NScintPhotons"

=== Active Scintillator Baseline ===
  SSLG4 code            : OPSC-101
  Yield                 : 10400 ph/MeV
  Rise time tau_r       : 0.7 ns
  Decay time tau_d      : 1.8 ns
  Attenuation length    : 160 cm
  Emission peak lambda  : 408.8 nm
  Finite rise time      : enabled
=====================================

=== Active Readout / Wrapping Configuration ===
  Readout configuration : Top
  SiPM model            : AFBR-S4N66P024M
  SiPM PDE file         : /home/rrios/ej200/data/sipm/AFBR-S4N66P024M_pde.txt
  -X face               : wrapped
  +X face               : wrapped
  -Y face               : wrapped
  +Y face               : instrumented
  -Z face               : wrapped
  +Z face               : wrapped
  Reflector R           : 0.98
  Active End SiPMs      : 0 (L=0, R=0)
  Active Top SiPMs      : 70
==============================================
G4WT6 > 
=== EJ Scintillator Bar Run Summary ===
  Run ID                : 0
  Events run            : 108
  Events with ≥1 hit    : 108
  End-left  photons     : 0
  End-right photons     : 0
  Top SiPM  photons     : 535454
  Scint photons generated: 2201579
  Total photons detected : 535454
  Detection efficiency   : 24.3214 %
  ROOT output           : photon_hits_run000.root
==============================

G4WT8 > 
=== EJ Scintillator Bar Run Summary ===
  Run ID                : 0
  Events run            : 162
  Events with ≥1 hit    : 162
  End-left  photons     : 0
  End-right photons     : 0
  Top SiPM  photons     : 777429
  Scint photons generated: 3204717
  Total photons detected : 777429
  Detection efficiency   : 24.2589 %
  ROOT output           : photon_hits_run000.root
==============================

G4WT19 > 
=== EJ Scintillator Bar Run Summary ===
  Run ID                : 0
  Events run            : 108
  Events with ≥1 hit    : 108
  End-left  photons     : 0
  End-right photons     : 0
  Top SiPM  photons     : 522478
  Scint photons generated: 2159401
  Total photons detected : 522478
  Detection efficiency   : 24.1955 %
  ROOT output           : photon_hits_run000.root
==============================

G4WT7 > 
=== EJ Scintillator Bar Run Summary ===
  Run ID                : 0
  Events run            : 108
  Events with ≥1 hit    : 108
  End-left  photons     : 0
  End-right photons     : 0
  Top SiPM  photons     : 525105
  Scint photons generated: 2165582
  Total photons detected : 525105
  Detection efficiency   : 24.2478 %
  ROOT output           : photon_hits_run000.root
==============================

G4WT17 > 
=== EJ Scintillator Bar Run Summary ===
  Run ID                : 0
  Events run            : 162
  Events with ≥1 hit    : 162
  End-left  photons     : 0
  End-right photons     : 0
  Top SiPM  photons     : 772606
  Scint photons generated: 3188536
  Total photons detected : 772606
  Detection efficiency   : 24.2307 %
  ROOT output           : photon_hits_run000.root
==============================

G4WT20 > 
=== EJ Scintillator Bar Run Summary ===
  Run ID                : 0
  Events run            : 108
  Events with ≥1 hit    : 108
  End-left  photons     : 0
  End-right photons     : 0
  Top SiPM  photons     : 542042
  Scint photons generated: 2234136
  Total photons detected : 542042
  Detection efficiency   : 24.2618 %
  ROOT output           : photon_hits_run000.root
==============================

G4WT5 > 
=== EJ Scintillator Bar Run Summary ===
  Run ID                : 0
  Events run            : 108
  Events with ≥1 hit    : 108
  End-left  photons     : 0
  End-right photons     : 0
  Top SiPM  photons     : 541587
  Scint photons generated: 2234813
  Total photons detected : 541587
  Detection efficiency   : 24.2341 %
  ROOT output           : photon_hits_run000.root
==============================

G4WT2 > 
=== EJ Scintillator Bar Run Summary ===
  Run ID                : 0
  Events run            : 162
  Events with ≥1 hit    : 162
  End-left  photons     : 0
  End-right photons     : 0
  Top SiPM  photons     : 768745
  Scint photons generated: 3172293
  Total photons detected : 768745
  Detection efficiency   : 24.2331 %
  ROOT output           : photon_hits_run000.root
==============================

G4WT13 > 
=== EJ Scintillator Bar Run Summary ===
  Run ID                : 0
  Events run            : 108
  Events with ≥1 hit    : 108
  End-left  photons     : 0
  End-right photons     : 0
  Top SiPM  photons     : 527277
  Scint photons generated: 2172694
  Total photons detected : 527277
  Detection efficiency   : 24.2684 %
  ROOT output           : photon_hits_run000.root
==============================

G4WT0 > 
=== EJ Scintillator Bar Run Summary ===
  Run ID                : 0
  Events run            : 162
  Events with ≥1 hit    : 162
  End-left  photons     : 0
  End-right photons     : 0
  Top SiPM  photons     : 783601
  Scint photons generated: 3226548
  Total photons detected : 783601
  Detection efficiency   : 24.2860 %
  ROOT output           : photon_hits_run000.root
==============================

G4WT16 > 
=== EJ Scintillator Bar Run Summary ===
  Run ID                : 0
  Events run            : 108
  Events with ≥1 hit    : 108
  End-left  photons     : 0
  End-right photons     : 0
  Top SiPM  photons     : 575740
  Scint photons generated: 2374072
  Total photons detected : 575740
  Detection efficiency   : 24.2512 %
  ROOT output           : photon_hits_run000.root
==============================

G4WT23 > 
=== EJ Scintillator Bar Run Summary ===
  Run ID                : 0
  Events run            : 108
  Events with ≥1 hit    : 108
  End-left  photons     : 0
  End-right photons     : 0
  Top SiPM  photons     : 534244
  Scint photons generated: 2198772
  Total photons detected : 534244
  Detection efficiency   : 24.2974 %
  ROOT output           : photon_hits_run000.root
==============================

G4WT18 > 
=== EJ Scintillator Bar Run Summary ===
  Run ID                : 0
  Events run            : 162
  Events with ≥1 hit    : 162
  End-left  photons     : 0
  End-right photons     : 0
  Top SiPM  photons     : 780834
  Scint photons generated: 3218561
  Total photons detected : 780834
  Detection efficiency   : 24.2603 %
  ROOT output           : photon_hits_run000.root
==============================

G4WT15 > 
=== EJ Scintillator Bar Run Summary ===
  Run ID                : 0
  Events run            : 108
  Events with ≥1 hit    : 108
  End-left  photons     : 0
  End-right photons     : 0
  Top SiPM  photons     : 525617
  Scint photons generated: 2165966
  Total photons detected : 525617
  Detection efficiency   : 24.2671 %
  ROOT output           : photon_hits_run000.root
==============================

G4WT12 > 
=== EJ Scintillator Bar Run Summary ===
  Run ID                : 0
  Events run            : 138
  Events with ≥1 hit    : 138
  End-left  photons     : 0
  End-right photons     : 0
  Top SiPM  photons     : 657480
  Scint photons generated: 2706787
  Total photons detected : 657480
  Detection efficiency   : 24.2901 %
  ROOT output           : photon_hits_run000.root
==============================

G4WT3 > 
=== EJ Scintillator Bar Run Summary ===
  Run ID                : 0
  Events run            : 108
  Events with ≥1 hit    : 108
  End-left  photons     : 0
  End-right photons     : 0
  Top SiPM  photons     : 529542
  Scint photons generated: 2185420
  Total photons detected : 529542
  Detection efficiency   : 24.2307 %
  ROOT output           : photon_hits_run000.root
==============================

G4WT22 > 
=== EJ Scintillator Bar Run Summary ===
  Run ID                : 0
  Events run            : 162
  Events with ≥1 hit    : 162
  End-left  photons     : 0
  End-right photons     : 0
  Top SiPM  photons     : 771050
  Scint photons generated: 3180621
  Total photons detected : 771050
  Detection efficiency   : 24.2421 %
  ROOT output           : photon_hits_run000.root
==============================

G4WT21 > 
=== EJ Scintillator Bar Run Summary ===
  Run ID                : 0
  Events run            : 108
  Events with ≥1 hit    : 108
  End-left  photons     : 0
  End-right photons     : 0
  Top SiPM  photons     : 530407
  Scint photons generated: 2186431
  Total photons detected : 530407
  Detection efficiency   : 24.2590 %
  ROOT output           : photon_hits_run000.root
==============================

G4WT9 > 
=== EJ Scintillator Bar Run Summary ===
  Run ID                : 0
  Events run            : 108
  Events with ≥1 hit    : 108
  End-left  photons     : 0
  End-right photons     : 0
  Top SiPM  photons     : 522310
  Scint photons generated: 2156344
  Total photons detected : 522310
  Detection efficiency   : 24.2220 %
  ROOT output           : photon_hits_run000.root
==============================

G4WT10 > 
=== EJ Scintillator Bar Run Summary ===
  Run ID                : 0
  Events run            : 108
  Events with ≥1 hit    : 108
  End-left  photons     : 0
  End-right photons     : 0
  Top SiPM  photons     : 534739
  Scint photons generated: 2208079
  Total photons detected : 534739
  Detection efficiency   : 24.2174 %
  ROOT output           : photon_hits_run000.root
==============================

G4WT1 > 
=== EJ Scintillator Bar Run Summary ===
  Run ID                : 0
  Events run            : 108
  Events with ≥1 hit    : 108
  End-left  photons     : 0
  End-right photons     : 0
  Top SiPM  photons     : 541216
  Scint photons generated: 2232710
  Total photons detected : 541216
  Detection efficiency   : 24.2403 %
  ROOT output           : photon_hits_run000.root
==============================

G4WT14 > 
=== EJ Scintillator Bar Run Summary ===
  Run ID                : 0
  Events run            : 162
  Events with ≥1 hit    : 162
  End-left  photons     : 0
  End-right photons     : 0
  Top SiPM  photons     : 788098
  Scint photons generated: 3250071
  Total photons detected : 788098
  Detection efficiency   : 24.2486 %
  ROOT output           : photon_hits_run000.root
==============================

G4WT11 > 
=== EJ Scintillator Bar Run Summary ===
  Run ID                : 0
  Events run            : 108
  Events with ≥1 hit    : 108
  End-left  photons     : 0
  End-right photons     : 0
  Top SiPM  photons     : 526759
  Scint photons generated: 2170343
  Total photons detected : 526759
  Detection efficiency   : 24.2708 %
  ROOT output           : photon_hits_run000.root
==============================

G4WT4 > 
=== EJ Scintillator Bar Run Summary ===
  Run ID                : 0
  Events run            : 108
  Events with ≥1 hit    : 108
  End-left  photons     : 0
  End-right photons     : 0
  Top SiPM  photons     : 524360
  Scint photons generated: 2160687
  Total photons detected : 524360
  Detection efficiency   : 24.2682 %
  ROOT output           : photon_hits_run000.root
==============================


=== EJ Scintillator Bar Run Summary ===
  Run ID                : 0
  Events run            : 3000
  Events with ≥1 hit    : 3000
  End-left  photons     : 0
  End-right photons     : 0
  Top SiPM  photons     : 14638720
  Scint photons generated: 60355163
  Total photons detected : 14638720
  Detection efficiency   : 24.2543 %
  ROOT output           : photon_hits_run000.root
==============================


=== Boundary Census (diagnostic) ===
  Bar -> reflector panel   : 1144476895
  Bar -> World (escaped)   : 0
  Bar -> Bar (TIR/refl)    : 0
  Bar -> SiPM (entering)   : 23414193
  Killed in WorldLV        : 143312
====================================

[2026-06-11T23:01:47] DONE pairscan_x-443.0mm (entries=14638720.0)
[2026-06-11T23:01:47] START pairscan_x-444.0mm (x=-444.0 mm)

**************************************************************
 Geant4 version Name: geant4-11-04 [MT]   (5-December-2025)
  << in Multi-threaded mode >> 
                       Copyright : Geant4 Collaboration
                      References : NIM A 506 (2003), 250-303
                                 : IEEE-TNS 53 (2006), 270-278
                                 : NIM A 835 (2016), 186-225
                             WWW : http://geant4.org/
**************************************************************

Accumulable registered as "NEndLeft"
Accumulable registered as "NEndRight"
Accumulable registered as "NTop"
Accumulable registered as "NEventsWithHits"
Accumulable registered as "NScintPhotons"

-------- WWWW ------- G4Exception-START -------- WWWW -------
*** G4Exception : mat031
      issued by : G4Material::FillVectors()
For material opsc-101 sum of fractional masses 0.996667 is not 1 - results may be wrong

*** This is just a warning message. ***
-------- WWWW -------- G4Exception-END --------- WWWW -------

Checking overlaps for volume BarPV:0 (G4Box) ... OK! 
Checking overlaps for volume ReflectorYMinusPV:0 (G4Box) ... OK! 
Checking overlaps for volume ReflectorZMinusPV:3 (G4Box) ... OK! 
Checking overlaps for volume ReflectorZPlusPV:4 (G4Box) ... OK! 
Checking overlaps for volume ReflectorYPlusPV:5 (G4SubtractionSolid) ... OK! 
Checking overlaps for volume ReflectorXMinusPV:1 (G4Box) ... OK! 
Checking overlaps for volume ReflectorXPlusPV:2 (G4Box) ... OK! 
Checking overlaps for volume TopSiPMPV:16 (G4Box) ... OK! 
Checking overlaps for volume TopSiPMPV:17 (G4Box) ... OK! 
Checking overlaps for volume TopSiPMPV:18 (G4Box) ... OK! 
Checking overlaps for volume TopSiPMPV:19 (G4Box) ... OK! 
Checking overlaps for volume TopSiPMPV:20 (G4Box) ... OK! 
Checking overlaps for volume TopSiPMPV:21 (G4Box) ... OK! 
Checking overlaps for volume TopSiPMPV:22 (G4Box) ... OK! 
Checking overlaps for volume TopSiPMPV:23 (G4Box) ... OK! 
Checking overlaps for volume TopSiPMPV:24 (G4Box) ... OK! 
Checking overlaps for volume TopSiPMPV:25 (G4Box) ... OK! 
Checking overlaps for volume TopSiPMPV:26 (G4Box) ... OK! 
Checking overlaps for volume TopSiPMPV:27 (G4Box) ... OK! 
Checking overlaps for volume TopSiPMPV:28 (G4Box) ... OK! 
Checking overlaps for volume TopSiPMPV:29 (G4Box) ... OK! 
Checking overlaps for volume TopSiPMPV:30 (G4Box) ... OK! 
Checking overlaps for volume TopSiPMPV:31 (G4Box) ... OK! 
Checking overlaps for volume TopSiPMPV:32 (G4Box) ... OK! 
Checking overlaps for volume TopSiPMPV:33 (G4Box) ... OK! 
Checking overlaps for volume TopSiPMPV:34 (G4Box) ... OK! 
Checking overlaps for volume TopSiPMPV:35 (G4Box) ... OK! 
Checking overlaps for volume TopSiPMPV:36 (G4Box) ... OK! 
Checking overlaps for volume TopSiPMPV:37 (G4Box) ... OK! 
Checking overlaps for volume TopSiPMPV:38 (G4Box) ... OK! 
Checking overlaps for volume TopSiPMPV:39 (G4Box) ... OK! 
Checking overlaps for volume TopSiPMPV:40 (G4Box) ... OK! 
Checking overlaps for volume TopSiPMPV:41 (G4Box) ... OK! 
Checking overlaps for volume TopSiPMPV:42 (G4Box) ... OK! 
Checking overlaps for volume TopSiPMPV:43 (G4Box) ... OK! 
Checking overlaps for volume TopSiPMPV:44 (G4Box) ... OK! 
Checking overlaps for volume TopSiPMPV:45 (G4Box) ... OK! 
Checking overlaps for volume TopSiPMPV:46 (G4Box) ... OK! 
Checking overlaps for volume TopSiPMPV:47 (G4Box) ... OK! 
Checking overlaps for volume TopSiPMPV:48 (G4Box) ... OK! 
Checking overlaps for volume TopSiPMPV:49 (G4Box) ... OK! 
Checking overlaps for volume TopSiPMPV:50 (G4Box) ... OK! 
Checking overlaps for volume TopSiPMPV:51 (G4Box) ... OK! 
Checking overlaps for volume TopSiPMPV:52 (G4Box) ... OK! 
Checking overlaps for volume TopSiPMPV:53 (G4Box) ... OK! 
Checking overlaps for volume TopSiPMPV:54 (G4Box) ... OK! 
Checking overlaps for volume TopSiPMPV:55 (G4Box) ... OK! 
Checking overlaps for volume TopSiPMPV:56 (G4Box) ... OK! 
Checking overlaps for volume TopSiPMPV:57 (G4Box) ... OK! 
Checking overlaps for volume TopSiPMPV:58 (G4Box) ... OK! 
Checking overlaps for volume TopSiPMPV:59 (G4Box) ... OK! 
Checking overlaps for volume TopSiPMPV:60 (G4Box) ... OK! 
Checking overlaps for volume TopSiPMPV:61 (G4Box) ... OK! 
Checking overlaps for volume TopSiPMPV:62 (G4Box) ... OK! 
Checking overlaps for volume TopSiPMPV:63 (G4Box) ... OK! 
Checking overlaps for volume TopSiPMPV:64 (G4Box) ... OK! 
Checking overlaps for volume TopSiPMPV:65 (G4Box) ... OK! 
Checking overlaps for volume TopSiPMPV:66 (G4Box) ... OK! 
Checking overlaps for volume TopSiPMPV:67 (G4Box) ... OK! 
Checking overlaps for volume TopSiPMPV:68 (G4Box) ... OK! 
Checking overlaps for volume TopSiPMPV:69 (G4Box) ... OK! 
Checking overlaps for volume TopSiPMPV:70 (G4Box) ... OK! 
Checking overlaps for volume TopSiPMPV:71 (G4Box) ... OK! 
Checking overlaps for volume TopSiPMPV:72 (G4Box) ... OK! 
Checking overlaps for volume TopSiPMPV:73 (G4Box) ... OK! 
Checking overlaps for volume TopSiPMPV:74 (G4Box) ... OK! 
Checking overlaps for volume TopSiPMPV:75 (G4Box) ... OK! 
Checking overlaps for volume TopSiPMPV:76 (G4Box) ... OK! 
Checking overlaps for volume TopSiPMPV:77 (G4Box) ... OK! 
Checking overlaps for volume TopSiPMPV:78 (G4Box) ... OK! 
Checking overlaps for volume TopSiPMPV:79 (G4Box) ... OK! 
Checking overlaps for volume TopSiPMPV:80 (G4Box) ... OK! 
Checking overlaps for volume TopSiPMPV:81 (G4Box) ... OK! 
Checking overlaps for volume TopSiPMPV:82 (G4Box) ... OK! 
Checking overlaps for volume TopSiPMPV:83 (G4Box) ... OK! 
Checking overlaps for volume TopSiPMPV:84 (G4Box) ... OK! 
Checking overlaps for volume TopSiPMPV:85 (G4Box) ... OK! 
### Birks coefficients used in run time
G4WT1 > Accumulable registered as "NEndLeft"
G4WT1 > Accumulable registered as "NEndRight"
G4WT1 > Accumulable registered as "NTop"
G4WT1 > Accumulable registered as "NEventsWithHits"
G4WT1 > Accumulable registered as "NScintPhotons"
G4WT18 > Accumulable registered as "NEndLeft"
G4WT18 > Accumulable registered as "NEndRight"
G4WT18 > Accumulable registered as "NTop"
G4WT18 > Accumulable registered as "NEventsWithHits"
G4WT18 > Accumulable registered as "NScintPhotons"
G4WT17 > Accumulable registered as "NEndLeft"
G4WT17 > Accumulable registered as "NEndRight"
G4WT17 > Accumulable registered as "NTop"
G4WT17 > Accumulable registered as "NEventsWithHits"
G4WT17 > Accumulable registered as "NScintPhotons"
G4WT19 > Accumulable registered as "NEndLeft"
G4WT19 > Accumulable registered as "NEndRight"
G4WT19 > Accumulable registered as "NTop"
G4WT19 > Accumulable registered as "NEventsWithHits"
G4WT19 > Accumulable registered as "NScintPhotons"
G4WT3 > Accumulable registered as "NEndLeft"
G4WT3 > Accumulable registered as "NEndRight"
G4WT3 > Accumulable registered as "NTop"
G4WT3 > Accumulable registered as "NEventsWithHits"
G4WT3 > Accumulable registered as "NScintPhotons"
G4WT16 > Accumulable registered as "NEndLeft"
G4WT16 > Accumulable registered as "NEndRight"
G4WT16 > Accumulable registered as "NTop"
G4WT16 > Accumulable registered as "NEventsWithHits"
G4WT16 > Accumulable registered as "NScintPhotons"
G4WT21 > Accumulable registered as "NEndLeft"
G4WT21 > Accumulable registered as "NEndRight"
G4WT21 > Accumulable registered as "NTop"
G4WT21 > Accumulable registered as "NEventsWithHits"
G4WT21 > Accumulable registered as "NScintPhotons"
G4WT13 > Accumulable registered as "NEndLeft"
G4WT13 > Accumulable registered as "NEndRight"
G4WT13 > Accumulable registered as "NTop"
G4WT13 > Accumulable registered as "NEventsWithHits"
G4WT13 > Accumulable registered as "NScintPhotons"
G4WT8 > Accumulable registered as "NEndLeft"
G4WT8 > Accumulable registered as "NEndRight"
G4WT8 > Accumulable registered as "NTop"
G4WT8 > Accumulable registered as "NEventsWithHits"
G4WT8 > Accumulable registered as "NScintPhotons"
G4WT22 > Accumulable registered as "NEndLeft"
G4WT22 > Accumulable registered as "NEndRight"
G4WT22 > Accumulable registered as "NTop"
G4WT22 > Accumulable registered as "NEventsWithHits"
G4WT22 > Accumulable registered as "NScintPhotons"
G4WT0 > Accumulable registered as "NEndLeft"
G4WT0 > Accumulable registered as "NEndRight"
G4WT0 > Accumulable registered as "NTop"
G4WT0 > Accumulable registered as "NEventsWithHits"
G4WT0 > Accumulable registered as "NScintPhotons"
G4WT9 > Accumulable registered as "NEndLeft"
G4WT9 > Accumulable registered as "NEndRight"
G4WT9 > Accumulable registered as "NTop"
G4WT9 > Accumulable registered as "NEventsWithHits"
G4WT9 > Accumulable registered as "NScintPhotons"
G4WT23 > Accumulable registered as "NEndLeft"
G4WT23 > Accumulable registered as "NEndRight"
G4WT23 > Accumulable registered as "NTop"
G4WT23 > Accumulable registered as "NEventsWithHits"
G4WT23 > Accumulable registered as "NScintPhotons"
G4WT7 > Accumulable registered as "NEndLeft"
G4WT7 > Accumulable registered as "NEndRight"
G4WT7 > Accumulable registered as "NTop"
G4WT7 > Accumulable registered as "NEventsWithHits"
G4WT7 > Accumulable registered as "NScintPhotons"
G4WT15 > Accumulable registered as "NEndLeft"
G4WT15 > Accumulable registered as "NEndRight"
G4WT15 > Accumulable registered as "NTop"
G4WT15 > Accumulable registered as "NEventsWithHits"
G4WT15 > Accumulable registered as "NScintPhotons"
G4WT11 > Accumulable registered as "NEndLeft"
G4WT11 > Accumulable registered as "NEndRight"
G4WT11 > Accumulable registered as "NTop"
G4WT11 > Accumulable registered as "NEventsWithHits"
G4WT11 > Accumulable registered as "NScintPhotons"
G4WT10 > Accumulable registered as "NEndLeft"
G4WT10 > Accumulable registered as "NEndRight"
G4WT10 > Accumulable registered as "NTop"
G4WT10 > Accumulable registered as "NEventsWithHits"
G4WT10 > Accumulable registered as "NScintPhotons"
G4WT4 > Accumulable registered as "NEndLeft"
G4WT4 > Accumulable registered as "NEndRight"
G4WT4 > Accumulable registered as "NTop"
G4WT4 > Accumulable registered as "NEventsWithHits"
G4WT4 > Accumulable registered as "NScintPhotons"
G4WT5 > Accumulable registered as "NEndLeft"
G4WT5 > Accumulable registered as "NEndRight"
G4WT5 > Accumulable registered as "NTop"
G4WT5 > Accumulable registered as "NEventsWithHits"
G4WT5 > Accumulable registered as "NScintPhotons"
G4WT2 > Accumulable registered as "NEndLeft"
G4WT2 > Accumulable registered as "NEndRight"
G4WT2 > Accumulable registered as "NTop"
G4WT2 > Accumulable registered as "NEventsWithHits"
G4WT2 > Accumulable registered as "NScintPhotons"
G4WT14 > Accumulable registered as "NEndLeft"
G4WT14 > Accumulable registered as "NEndRight"
G4WT14 > Accumulable registered as "NTop"
G4WT14 > Accumulable registered as "NEventsWithHits"
G4WT14 > Accumulable registered as "NScintPhotons"
G4WT12 > Accumulable registered as "NEndLeft"
G4WT12 > Accumulable registered as "NEndRight"
G4WT12 > Accumulable registered as "NTop"
G4WT12 > Accumulable registered as "NEventsWithHits"
G4WT12 > Accumulable registered as "NScintPhotons"
G4WT6 > Accumulable registered as "NEndLeft"
G4WT6 > Accumulable registered as "NEndRight"
G4WT6 > Accumulable registered as "NTop"
G4WT6 > Accumulable registered as "NEventsWithHits"
G4WT6 > Accumulable registered as "NScintPhotons"
G4WT20 > Accumulable registered as "NEndLeft"
G4WT20 > Accumulable registered as "NEndRight"
G4WT20 > Accumulable registered as "NTop"
G4WT20 > Accumulable registered as "NEventsWithHits"
G4WT20 > Accumulable registered as "NScintPhotons"

=== Active Scintillator Baseline ===
  SSLG4 code            : OPSC-101
  Yield                 : 10400 ph/MeV
  Rise time tau_r       : 0.7 ns
  Decay time tau_d      : 1.8 ns
  Attenuation length    : 160 cm
  Emission peak lambda  : 408.8 nm
  Finite rise time      : enabled
=====================================

=== Active Readout / Wrapping Configuration ===
  Readout configuration : Top
  SiPM model            : AFBR-S4N66P024M
  SiPM PDE file         : /home/rrios/ej200/data/sipm/AFBR-S4N66P024M_pde.txt
  -X face               : wrapped
  +X face               : wrapped
  -Y face               : wrapped
  +Y face               : instrumented
  -Z face               : wrapped
  +Z face               : wrapped
  Reflector R           : 0.98
  Active End SiPMs      : 0 (L=0, R=0)
  Active Top SiPMs      : 70
==============================================
G4WT20 > 
=== EJ Scintillator Bar Run Summary ===
  Run ID                : 0
  Events run            : 108
  Events with ≥1 hit    : 108
  End-left  photons     : 0
  End-right photons     : 0
  Top SiPM  photons     : 520426
  Scint photons generated: 2151863
  Total photons detected : 520426
  Detection efficiency   : 24.1849 %
  ROOT output           : photon_hits_run000.root
==============================

G4WT16 > 
=== EJ Scintillator Bar Run Summary ===
  Run ID                : 0
  Events run            : 108
  Events with ≥1 hit    : 108
  End-left  photons     : 0
  End-right photons     : 0
  Top SiPM  photons     : 524949
  Scint photons generated: 2171226
  Total photons detected : 524949
  Detection efficiency   : 24.1775 %
  ROOT output           : photon_hits_run000.root
==============================

G4WT9 > 
=== EJ Scintillator Bar Run Summary ===
  Run ID                : 0
  Events run            : 162
  Events with ≥1 hit    : 162
  End-left  photons     : 0
  End-right photons     : 0
  Top SiPM  photons     : 789042
  Scint photons generated: 3263674
  Total photons detected : 789042
  Detection efficiency   : 24.1765 %
  ROOT output           : photon_hits_run000.root
==============================

G4WT0 > 
=== EJ Scintillator Bar Run Summary ===
  Run ID                : 0
  Events run            : 162
  Events with ≥1 hit    : 162
  End-left  photons     : 0
  End-right photons     : 0
  Top SiPM  photons     : 779745
  Scint photons generated: 3224888
  Total photons detected : 779745
  Detection efficiency   : 24.1790 %
  ROOT output           : photon_hits_run000.root
==============================

G4WT3 > 
=== EJ Scintillator Bar Run Summary ===
  Run ID                : 0
  Events run            : 108
  Events with ≥1 hit    : 108
  End-left  photons     : 0
  End-right photons     : 0
  Top SiPM  photons     : 538647
  Scint photons generated: 2227549
  Total photons detected : 538647
  Detection efficiency   : 24.1812 %
  ROOT output           : photon_hits_run000.root
==============================

G4WT14 > 
=== EJ Scintillator Bar Run Summary ===
  Run ID                : 0
  Events run            : 108
  Events with ≥1 hit    : 108
  End-left  photons     : 0
  End-right photons     : 0
  Top SiPM  photons     : 522584
  Scint photons generated: 2161504
  Total photons detected : 522584
  Detection efficiency   : 24.1769 %
  ROOT output           : photon_hits_run000.root
==============================

G4WT11 > 
=== EJ Scintillator Bar Run Summary ===
  Run ID                : 0
  Events run            : 138
  Events with ≥1 hit    : 138
  End-left  photons     : 0
  End-right photons     : 0
  Top SiPM  photons     : 675225
  Scint photons generated: 2789967
  Total photons detected : 675225
  Detection efficiency   : 24.2019 %
  ROOT output           : photon_hits_run000.root
==============================

G4WT21 > 
=== EJ Scintillator Bar Run Summary ===
  Run ID                : 0
  Events run            : 108
  Events with ≥1 hit    : 108
  End-left  photons     : 0
  End-right photons     : 0
  Top SiPM  photons     : 537391
  Scint photons generated: 2224707
  Total photons detected : 537391
  Detection efficiency   : 24.1556 %
  ROOT output           : photon_hits_run000.root
==============================

G4WT5 > 
=== EJ Scintillator Bar Run Summary ===
  Run ID                : 0
  Events run            : 108
  Events with ≥1 hit    : 108
  End-left  photons     : 0
  End-right photons     : 0
  Top SiPM  photons     : 524177
  Scint photons generated: 2173845
  Total photons detected : 524177
  Detection efficiency   : 24.1129 %
  ROOT output           : photon_hits_run000.root
==============================

G4WT19 > 
=== EJ Scintillator Bar Run Summary ===
  Run ID                : 0
  Events run            : 108
  Events with ≥1 hit    : 108
  End-left  photons     : 0
  End-right photons     : 0
  Top SiPM  photons     : 526191
  Scint photons generated: 2176397
  Total photons detected : 526191
  Detection efficiency   : 24.1772 %
  ROOT output           : photon_hits_run000.root
==============================

G4WT1 > 
=== EJ Scintillator Bar Run Summary ===
  Run ID                : 0
  Events run            : 108
  Events with ≥1 hit    : 108
  End-left  photons     : 0
  End-right photons     : 0
  Top SiPM  photons     : 523030
  Scint photons generated: 2163018
  Total photons detected : 523030
  Detection efficiency   : 24.1806 %
  ROOT output           : photon_hits_run000.root
==============================

G4WT23 > 
=== EJ Scintillator Bar Run Summary ===
  Run ID                : 0
  Events run            : 162
  Events with ≥1 hit    : 162
  End-left  photons     : 0
  End-right photons     : 0
  Top SiPM  photons     : 757094
  Scint photons generated: 3124184
  Total photons detected : 757094
  Detection efficiency   : 24.2333 %
  ROOT output           : photon_hits_run000.root
==============================

G4WT15 > 
=== EJ Scintillator Bar Run Summary ===
  Run ID                : 0
  Events run            : 108
  Events with ≥1 hit    : 108
  End-left  photons     : 0
  End-right photons     : 0
  Top SiPM  photons     : 528796
  Scint photons generated: 2188083
  Total photons detected : 528796
  Detection efficiency   : 24.1671 %
  ROOT output           : photon_hits_run000.root
==============================

G4WT8 > 
=== EJ Scintillator Bar Run Summary ===
  Run ID                : 0
  Events run            : 162
  Events with ≥1 hit    : 162
  End-left  photons     : 0
  End-right photons     : 0
  Top SiPM  photons     : 787358
  Scint photons generated: 3259511
  Total photons detected : 787358
  Detection efficiency   : 24.1557 %
  ROOT output           : photon_hits_run000.root
==============================

G4WT18 > 
=== EJ Scintillator Bar Run Summary ===
  Run ID                : 0
  Events run            : 108
  Events with ≥1 hit    : 108
  End-left  photons     : 0
  End-right photons     : 0
  Top SiPM  photons     : 526965
  Scint photons generated: 2181965
  Total photons detected : 526965
  Detection efficiency   : 24.1509 %
  ROOT output           : photon_hits_run000.root
==============================

G4WT2 > 
=== EJ Scintillator Bar Run Summary ===
  Run ID                : 0
  Events run            : 108
  Events with ≥1 hit    : 108
  End-left  photons     : 0
  End-right photons     : 0
  Top SiPM  photons     : 526152
  Scint photons generated: 2172924
  Total photons detected : 526152
  Detection efficiency   : 24.2140 %
  ROOT output           : photon_hits_run000.root
==============================

G4WT22 > 
=== EJ Scintillator Bar Run Summary ===
  Run ID                : 0
  Events run            : 162
  Events with ≥1 hit    : 162
  End-left  photons     : 0
  End-right photons     : 0
  Top SiPM  photons     : 775108
  Scint photons generated: 3205134
  Total photons detected : 775108
  Detection efficiency   : 24.1833 %
  ROOT output           : photon_hits_run000.root
==============================

G4WT17 > 
=== EJ Scintillator Bar Run Summary ===
  Run ID                : 0
  Events run            : 108
  Events with ≥1 hit    : 108
  End-left  photons     : 0
  End-right photons     : 0
  Top SiPM  photons     : 529377
  Scint photons generated: 2182061
  Total photons detected : 529377
  Detection efficiency   : 24.2604 %
  ROOT output           : photon_hits_run000.root
==============================

G4WT4 > 
=== EJ Scintillator Bar Run Summary ===
  Run ID                : 0
  Events run            : 108
  Events with ≥1 hit    : 108
  End-left  photons     : 0
  End-right photons     : 0
  Top SiPM  photons     : 524436
  Scint photons generated: 2167095
  Total photons detected : 524436
  Detection efficiency   : 24.2000 %
  ROOT output           : photon_hits_run000.root
==============================

G4WT7 > 
=== EJ Scintillator Bar Run Summary ===
  Run ID                : 0
  Events run            : 108
  Events with ≥1 hit    : 108
  End-left  photons     : 0
  End-right photons     : 0
  Top SiPM  photons     : 547587
  Scint photons generated: 2264742
  Total photons detected : 547587
  Detection efficiency   : 24.1788 %
  ROOT output           : photon_hits_run000.root
==============================

G4WT12 > 
=== EJ Scintillator Bar Run Summary ===
  Run ID                : 0
  Events run            : 108
  Events with ≥1 hit    : 108
  End-left  photons     : 0
  End-right photons     : 0
  Top SiPM  photons     : 527742
  Scint photons generated: 2184459
  Total photons detected : 527742
  Detection efficiency   : 24.1589 %
  ROOT output           : photon_hits_run000.root
==============================

G4WT13 > 
=== EJ Scintillator Bar Run Summary ===
  Run ID                : 0
  Events run            : 108
  Events with ≥1 hit    : 108
  End-left  photons     : 0
  End-right photons     : 0
  Top SiPM  photons     : 534282
  Scint photons generated: 2209870
  Total photons detected : 534282
  Detection efficiency   : 24.1771 %
  ROOT output           : photon_hits_run000.root
==============================

G4WT10 > 
=== EJ Scintillator Bar Run Summary ===
  Run ID                : 0
  Events run            : 162
  Events with ≥1 hit    : 162
  End-left  photons     : 0
  End-right photons     : 0
  Top SiPM  photons     : 764262
  Scint photons generated: 3165265
  Total photons detected : 764262
  Detection efficiency   : 24.1453 %
  ROOT output           : photon_hits_run000.root
==============================

G4WT6 > 
=== EJ Scintillator Bar Run Summary ===
  Run ID                : 0
  Events run            : 162
  Events with ≥1 hit    : 162
  End-left  photons     : 0
  End-right photons     : 0
  Top SiPM  photons     : 771150
  Scint photons generated: 3192931
  Total photons detected : 771150
  Detection efficiency   : 24.1518 %
  ROOT output           : photon_hits_run000.root
==============================


=== EJ Scintillator Bar Run Summary ===
  Run ID                : 0
  Events run            : 3000
  Events with ≥1 hit    : 3000
  End-left  photons     : 0
  End-right photons     : 0
  Top SiPM  photons     : 14561716
  Scint photons generated: 60226862
  Total photons detected : 14561716
  Detection efficiency   : 24.1781 %
  ROOT output           : photon_hits_run000.root
==============================


=== Boundary Census (diagnostic) ===
  Bar -> reflector panel   : 1144388750
  Bar -> World (escaped)   : 0
  Bar -> Bar (TIR/refl)    : 0
  Bar -> SiPM (entering)   : 23292483
  Killed in WorldLV        : 142036
====================================

[2026-06-11T23:07:10] DONE pairscan_x-444.0mm (entries=14561716.0)
[2026-06-11T23:07:10] START pairscan_x-445.0mm (x=-445.0 mm)

**************************************************************
 Geant4 version Name: geant4-11-04 [MT]   (5-December-2025)
  << in Multi-threaded mode >> 
                       Copyright : Geant4 Collaboration
                      References : NIM A 506 (2003), 250-303
                                 : IEEE-TNS 53 (2006), 270-278
                                 : NIM A 835 (2016), 186-225
                             WWW : http://geant4.org/
**************************************************************

Accumulable registered as "NEndLeft"
Accumulable registered as "NEndRight"
Accumulable registered as "NTop"
Accumulable registered as "NEventsWithHits"
Accumulable registered as "NScintPhotons"

-------- WWWW ------- G4Exception-START -------- WWWW -------
*** G4Exception : mat031
      issued by : G4Material::FillVectors()
For material opsc-101 sum of fractional masses 0.996667 is not 1 - results may be wrong

*** This is just a warning message. ***
-------- WWWW -------- G4Exception-END --------- WWWW -------

Checking overlaps for volume BarPV:0 (G4Box) ... OK! 
Checking overlaps for volume ReflectorYMinusPV:0 (G4Box) ... OK! 
Checking overlaps for volume ReflectorZMinusPV:3 (G4Box) ... OK! 
Checking overlaps for volume ReflectorZPlusPV:4 (G4Box) ... OK! 
Checking overlaps for volume ReflectorYPlusPV:5 (G4SubtractionSolid) ... OK! 
Checking overlaps for volume ReflectorXMinusPV:1 (G4Box) ... OK! 
Checking overlaps for volume ReflectorXPlusPV:2 (G4Box) ... OK! 
Checking overlaps for volume TopSiPMPV:16 (G4Box) ... OK! 
Checking overlaps for volume TopSiPMPV:17 (G4Box) ... OK! 
Checking overlaps for volume TopSiPMPV:18 (G4Box) ... OK! 
Checking overlaps for volume TopSiPMPV:19 (G4Box) ... OK! 
Checking overlaps for volume TopSiPMPV:20 (G4Box) ... OK! 
Checking overlaps for volume TopSiPMPV:21 (G4Box) ... OK! 
Checking overlaps for volume TopSiPMPV:22 (G4Box) ... OK! 
Checking overlaps for volume TopSiPMPV:23 (G4Box) ... OK! 
Checking overlaps for volume TopSiPMPV:24 (G4Box) ... OK! 
Checking overlaps for volume TopSiPMPV:25 (G4Box) ... OK! 
Checking overlaps for volume TopSiPMPV:26 (G4Box) ... OK! 
Checking overlaps for volume TopSiPMPV:27 (G4Box) ... OK! 
Checking overlaps for volume TopSiPMPV:28 (G4Box) ... OK! 
Checking overlaps for volume TopSiPMPV:29 (G4Box) ... OK! 
Checking overlaps for volume TopSiPMPV:30 (G4Box) ... OK! 
Checking overlaps for volume TopSiPMPV:31 (G4Box) ... OK! 
Checking overlaps for volume TopSiPMPV:32 (G4Box) ... OK! 
Checking overlaps for volume TopSiPMPV:33 (G4Box) ... OK! 
Checking overlaps for volume TopSiPMPV:34 (G4Box) ... OK! 
Checking overlaps for volume TopSiPMPV:35 (G4Box) ... OK! 
Checking overlaps for volume TopSiPMPV:36 (G4Box) ... OK! 
Checking overlaps for volume TopSiPMPV:37 (G4Box) ... OK! 
Checking overlaps for volume TopSiPMPV:38 (G4Box) ... OK! 
Checking overlaps for volume TopSiPMPV:39 (G4Box) ... OK! 
Checking overlaps for volume TopSiPMPV:40 (G4Box) ... OK! 
Checking overlaps for volume TopSiPMPV:41 (G4Box) ... OK! 
Checking overlaps for volume TopSiPMPV:42 (G4Box) ... OK! 
Checking overlaps for volume TopSiPMPV:43 (G4Box) ... OK! 
Checking overlaps for volume TopSiPMPV:44 (G4Box) ... OK! 
Checking overlaps for volume TopSiPMPV:45 (G4Box) ... OK! 
Checking overlaps for volume TopSiPMPV:46 (G4Box) ... OK! 
Checking overlaps for volume TopSiPMPV:47 (G4Box) ... OK! 
Checking overlaps for volume TopSiPMPV:48 (G4Box) ... OK! 
Checking overlaps for volume TopSiPMPV:49 (G4Box) ... OK! 
Checking overlaps for volume TopSiPMPV:50 (G4Box) ... OK! 
Checking overlaps for volume TopSiPMPV:51 (G4Box) ... OK! 
Checking overlaps for volume TopSiPMPV:52 (G4Box) ... OK! 
Checking overlaps for volume TopSiPMPV:53 (G4Box) ... OK! 
Checking overlaps for volume TopSiPMPV:54 (G4Box) ... OK! 
Checking overlaps for volume TopSiPMPV:55 (G4Box) ... OK! 
Checking overlaps for volume TopSiPMPV:56 (G4Box) ... OK! 
Checking overlaps for volume TopSiPMPV:57 (G4Box) ... OK! 
Checking overlaps for volume TopSiPMPV:58 (G4Box) ... OK! 
Checking overlaps for volume TopSiPMPV:59 (G4Box) ... OK! 
Checking overlaps for volume TopSiPMPV:60 (G4Box) ... OK! 
Checking overlaps for volume TopSiPMPV:61 (G4Box) ... OK! 
Checking overlaps for volume TopSiPMPV:62 (G4Box) ... OK! 
Checking overlaps for volume TopSiPMPV:63 (G4Box) ... OK! 
Checking overlaps for volume TopSiPMPV:64 (G4Box) ... OK! 
Checking overlaps for volume TopSiPMPV:65 (G4Box) ... OK! 
Checking overlaps for volume TopSiPMPV:66 (G4Box) ... OK! 
Checking overlaps for volume TopSiPMPV:67 (G4Box) ... OK! 
Checking overlaps for volume TopSiPMPV:68 (G4Box) ... OK! 
Checking overlaps for volume TopSiPMPV:69 (G4Box) ... OK! 
Checking overlaps for volume TopSiPMPV:70 (G4Box) ... OK! 
Checking overlaps for volume TopSiPMPV:71 (G4Box) ... OK! 
Checking overlaps for volume TopSiPMPV:72 (G4Box) ... OK! 
Checking overlaps for volume TopSiPMPV:73 (G4Box) ... OK! 
Checking overlaps for volume TopSiPMPV:74 (G4Box) ... OK! 
Checking overlaps for volume TopSiPMPV:75 (G4Box) ... OK! 
Checking overlaps for volume TopSiPMPV:76 (G4Box) ... OK! 
Checking overlaps for volume TopSiPMPV:77 (G4Box) ... OK! 
Checking overlaps for volume TopSiPMPV:78 (G4Box) ... OK! 
Checking overlaps for volume TopSiPMPV:79 (G4Box) ... OK! 
Checking overlaps for volume TopSiPMPV:80 (G4Box) ... OK! 
Checking overlaps for volume TopSiPMPV:81 (G4Box) ... OK! 
Checking overlaps for volume TopSiPMPV:82 (G4Box) ... OK! 
Checking overlaps for volume TopSiPMPV:83 (G4Box) ... OK! 
Checking overlaps for volume TopSiPMPV:84 (G4Box) ... OK! 
Checking overlaps for volume TopSiPMPV:85 (G4Box) ... OK! 
### Birks coefficients used in run time
G4WT16 > Accumulable registered as "NEndLeft"
G4WT16 > Accumulable registered as "NEndRight"
G4WT16 > Accumulable registered as "NTop"
G4WT16 > Accumulable registered as "NEventsWithHits"
G4WT16 > Accumulable registered as "NScintPhotons"
G4WT18 > Accumulable registered as "NEndLeft"
G4WT18 > Accumulable registered as "NEndRight"
G4WT18 > Accumulable registered as "NTop"
G4WT12 > Accumulable registered as "NEndLeft"
G4WT12 > Accumulable registered as "NEndRight"
G4WT18 > Accumulable registered as "NEventsWithHits"
G4WT12 > Accumulable registered as "NTop"
G4WT18 > Accumulable registered as "NScintPhotons"
G4WT12 > Accumulable registered as "NEventsWithHits"
G4WT12 > Accumulable registered as "NScintPhotons"
G4WT14 > Accumulable registered as "NEndLeft"
G4WT14 > Accumulable registered as "NEndRight"
G4WT14 > Accumulable registered as "NTop"
G4WT14 > Accumulable registered as "NEventsWithHits"
G4WT14 > Accumulable registered as "NScintPhotons"
G4WT5 > Accumulable registered as "NEndLeft"
G4WT5 > Accumulable registered as "NEndRight"
G4WT5 > Accumulable registered as "NTop"
G4WT5 > Accumulable registered as "NEventsWithHits"
G4WT5 > Accumulable registered as "NScintPhotons"
G4WT7 > Accumulable registered as "NEndLeft"
G4WT7 > Accumulable registered as "NEndRight"
G4WT7 > Accumulable registered as "NTop"
G4WT7 > Accumulable registered as "NEventsWithHits"
G4WT7 > Accumulable registered as "NScintPhotons"
G4WT21 > Accumulable registered as "NEndLeft"
G4WT21 > Accumulable registered as "NEndRight"
G4WT21 > Accumulable registered as "NTop"
G4WT21 > Accumulable registered as "NEventsWithHits"
G4WT21 > Accumulable registered as "NScintPhotons"
G4WT2 > Accumulable registered as "NEndLeft"
G4WT2 > Accumulable registered as "NEndRight"
G4WT2 > Accumulable registered as "NTop"
G4WT2 > Accumulable registered as "NEventsWithHits"
G4WT2 > Accumulable registered as "NScintPhotons"
G4WT15 > Accumulable registered as "NEndLeft"
G4WT15 > Accumulable registered as "NEndRight"
G4WT15 > Accumulable registered as "NTop"
G4WT15 > Accumulable registered as "NEventsWithHits"
G4WT15 > Accumulable registered as "NScintPhotons"
G4WT17 > Accumulable registered as "NEndLeft"
G4WT17 > Accumulable registered as "NEndRight"
G4WT17 > Accumulable registered as "NTop"
G4WT17 > Accumulable registered as "NEventsWithHits"
G4WT17 > Accumulable registered as "NScintPhotons"
G4WT9 > Accumulable registered as "NEndLeft"
G4WT9 > Accumulable registered as "NEndRight"
G4WT9 > Accumulable registered as "NTop"
G4WT9 > Accumulable registered as "NEventsWithHits"
G4WT9 > Accumulable registered as "NScintPhotons"
G4WT10 > Accumulable registered as "NEndLeft"
G4WT10 > Accumulable registered as "NEndRight"
G4WT10 > Accumulable registered as "NTop"
G4WT10 > Accumulable registered as "NEventsWithHits"
G4WT10 > Accumulable registered as "NScintPhotons"
G4WT6 > Accumulable registered as "NEndLeft"
G4WT6 > Accumulable registered as "NEndRight"
G4WT6 > Accumulable registered as "NTop"
G4WT6 > Accumulable registered as "NEventsWithHits"
G4WT6 > Accumulable registered as "NScintPhotons"
G4WT19 > Accumulable registered as "NEndLeft"
G4WT19 > Accumulable registered as "NEndRight"
G4WT19 > Accumulable registered as "NTop"
G4WT19 > Accumulable registered as "NEventsWithHits"
G4WT19 > Accumulable registered as "NScintPhotons"
G4WT4 > Accumulable registered as "NEndLeft"
G4WT4 > Accumulable registered as "NEndRight"
G4WT4 > Accumulable registered as "NTop"
G4WT4 > Accumulable registered as "NEventsWithHits"
G4WT4 > Accumulable registered as "NScintPhotons"
G4WT1 > Accumulable registered as "NEndLeft"
G4WT1 > Accumulable registered as "NEndRight"
G4WT1 > Accumulable registered as "NTop"
G4WT1 > Accumulable registered as "NEventsWithHits"
G4WT1 > Accumulable registered as "NScintPhotons"
G4WT23 > Accumulable registered as "NEndLeft"
G4WT23 > Accumulable registered as "NEndRight"
G4WT23 > Accumulable registered as "NTop"
G4WT23 > Accumulable registered as "NEventsWithHits"
G4WT23 > Accumulable registered as "NScintPhotons"
G4WT11 > Accumulable registered as "NEndLeft"
G4WT11 > Accumulable registered as "NEndRight"
G4WT11 > Accumulable registered as "NTop"
G4WT11 > Accumulable registered as "NEventsWithHits"
G4WT11 > Accumulable registered as "NScintPhotons"
G4WT0 > Accumulable registered as "NEndLeft"
G4WT0 > Accumulable registered as "NEndRight"
G4WT0 > Accumulable registered as "NTop"
G4WT0 > Accumulable registered as "NEventsWithHits"
G4WT0 > Accumulable registered as "NScintPhotons"
G4WT22 > Accumulable registered as "NEndLeft"
G4WT22 > Accumulable registered as "NEndRight"
G4WT22 > Accumulable registered as "NTop"
G4WT22 > Accumulable registered as "NEventsWithHits"
G4WT22 > Accumulable registered as "NScintPhotons"
G4WT20 > Accumulable registered as "NEndLeft"
G4WT20 > Accumulable registered as "NEndRight"
G4WT20 > Accumulable registered as "NTop"
G4WT20 > Accumulable registered as "NEventsWithHits"
G4WT20 > Accumulable registered as "NScintPhotons"
G4WT3 > Accumulable registered as "NEndLeft"
G4WT3 > Accumulable registered as "NEndRight"
G4WT13 > Accumulable registered as "NEndLeft"
G4WT13 > Accumulable registered as "NEndRight"
G4WT3 > Accumulable registered as "NTop"
G4WT13 > Accumulable registered as "NTop"
G4WT3 > Accumulable registered as "NEventsWithHits"
G4WT3 > Accumulable registered as "NScintPhotons"
G4WT13 > Accumulable registered as "NEventsWithHits"
G4WT13 > Accumulable registered as "NScintPhotons"
G4WT8 > Accumulable registered as "NEndLeft"
G4WT8 > Accumulable registered as "NEndRight"
G4WT8 > Accumulable registered as "NTop"
G4WT8 > Accumulable registered as "NEventsWithHits"
G4WT8 > Accumulable registered as "NScintPhotons"

=== Active Scintillator Baseline ===
  SSLG4 code            : OPSC-101
  Yield                 : 10400 ph/MeV
  Rise time tau_r       : 0.7 ns
  Decay time tau_d      : 1.8 ns
  Attenuation length    : 160 cm
  Emission peak lambda  : 408.8 nm
  Finite rise time      : enabled
=====================================

=== Active Readout / Wrapping Configuration ===
  Readout configuration : Top
  SiPM model            : AFBR-S4N66P024M
  SiPM PDE file         : /home/rrios/ej200/data/sipm/AFBR-S4N66P024M_pde.txt
  -X face               : wrapped
  +X face               : wrapped
  -Y face               : wrapped
  +Y face               : instrumented
  -Z face               : wrapped
  +Z face               : wrapped
  Reflector R           : 0.98
  Active End SiPMs      : 0 (L=0, R=0)
  Active Top SiPMs      : 70
==============================================
G4WT14 > 
=== EJ Scintillator Bar Run Summary ===
  Run ID                : 0
  Events run            : 162
  Events with ≥1 hit    : 162
  End-left  photons     : 0
  End-right photons     : 0
  Top SiPM  photons     : 783897
  Scint photons generated: 3233751
  Total photons detected : 783897
  Detection efficiency   : 24.2411 %
  ROOT output           : photon_hits_run000.root
==============================

G4WT16 > 
=== EJ Scintillator Bar Run Summary ===
  Run ID                : 0
  Events run            : 108
  Events with ≥1 hit    : 108
  End-left  photons     : 0
  End-right photons     : 0
  Top SiPM  photons     : 555025
  Scint photons generated: 2291681
  Total photons detected : 555025
  Detection efficiency   : 24.2191 %
  ROOT output           : photon_hits_run000.root
==============================

G4WT2 > 
=== EJ Scintillator Bar Run Summary ===
  Run ID                : 0
  Events run            : 108
  Events with ≥1 hit    : 108
  End-left  photons     : 0
  End-right photons     : 0
  Top SiPM  photons     : 529147
  Scint photons generated: 2186528
  Total photons detected : 529147
  Detection efficiency   : 24.2003 %
  ROOT output           : photon_hits_run000.root
==============================

G4WT17 > 
=== EJ Scintillator Bar Run Summary ===
  Run ID                : 0
  Events run            : 108
  Events with ≥1 hit    : 108
  End-left  photons     : 0
  End-right photons     : 0
  Top SiPM  photons     : 526849
  Scint photons generated: 2169813
  Total photons detected : 526849
  Detection efficiency   : 24.2808 %
  ROOT output           : photon_hits_run000.root
==============================

G4WT15 > 
=== EJ Scintillator Bar Run Summary ===
  Run ID                : 0
  Events run            : 108
  Events with ≥1 hit    : 108
  End-left  photons     : 0
  End-right photons     : 0
  Top SiPM  photons     : 521181
  Scint photons generated: 2156141
  Total photons detected : 521181
  Detection efficiency   : 24.1719 %
  ROOT output           : photon_hits_run000.root
==============================

G4WT19 > 
=== EJ Scintillator Bar Run Summary ===
  Run ID                : 0
  Events run            : 108
  Events with ≥1 hit    : 108
  End-left  photons     : 0
  End-right photons     : 0
  Top SiPM  photons     : 539647
  Scint photons generated: 2229504
  Total photons detected : 539647
  Detection efficiency   : 24.2048 %
  ROOT output           : photon_hits_run000.root
==============================

G4WT18 > 
=== EJ Scintillator Bar Run Summary ===
  Run ID                : 0
  Events run            : 162
  Events with ≥1 hit    : 162
  End-left  photons     : 0
  End-right photons     : 0
  Top SiPM  photons     : 775245
  Scint photons generated: 3207286
  Total photons detected : 775245
  Detection efficiency   : 24.1714 %
  ROOT output           : photon_hits_run000.root
==============================

G4WT21 > 
=== EJ Scintillator Bar Run Summary ===
  Run ID                : 0
  Events run            : 108
  Events with ≥1 hit    : 108
  End-left  photons     : 0
  End-right photons     : 0
  Top SiPM  photons     : 537214
  Scint photons generated: 2217577
  Total photons detected : 537214
  Detection efficiency   : 24.2253 %
  ROOT output           : photon_hits_run000.root
==============================

G4WT5 > 
=== EJ Scintillator Bar Run Summary ===
  Run ID                : 0
  Events run            : 108
  Events with ≥1 hit    : 108
  End-left  photons     : 0
  End-right photons     : 0
  Top SiPM  photons     : 517777
  Scint photons generated: 2139542
  Total photons detected : 517777
  Detection efficiency   : 24.2004 %
  ROOT output           : photon_hits_run000.root
==============================

G4WT12 > 
=== EJ Scintillator Bar Run Summary ===
  Run ID                : 0
  Events run            : 108
  Events with ≥1 hit    : 108
  End-left  photons     : 0
  End-right photons     : 0
  Top SiPM  photons     : 531209
  Scint photons generated: 2198297
  Total photons detected : 531209
  Detection efficiency   : 24.1646 %
  ROOT output           : photon_hits_run000.root
==============================

G4WT7 > 
=== EJ Scintillator Bar Run Summary ===
  Run ID                : 0
  Events run            : 162
  Events with ≥1 hit    : 162
  End-left  photons     : 0
  End-right photons     : 0
  Top SiPM  photons     : 775002
  Scint photons generated: 3203231
  Total photons detected : 775002
  Detection efficiency   : 24.1944 %
  ROOT output           : photon_hits_run000.root
==============================

G4WT8 > 
=== EJ Scintillator Bar Run Summary ===
  Run ID                : 0
  Events run            : 162
  Events with ≥1 hit    : 162
  End-left  photons     : 0
  End-right photons     : 0
  Top SiPM  photons     : 758774
  Scint photons generated: 3129982
  Total photons detected : 758774
  Detection efficiency   : 24.2421 %
  ROOT output           : photon_hits_run000.root
==============================

G4WT9 > 
=== EJ Scintillator Bar Run Summary ===
  Run ID                : 0
  Events run            : 108
  Events with ≥1 hit    : 108
  End-left  photons     : 0
  End-right photons     : 0
  Top SiPM  photons     : 529349
  Scint photons generated: 2188768
  Total photons detected : 529349
  Detection efficiency   : 24.1848 %
  ROOT output           : photon_hits_run000.root
==============================

G4WT10 > 
=== EJ Scintillator Bar Run Summary ===
  Run ID                : 0
  Events run            : 108
  Events with ≥1 hit    : 108
  End-left  photons     : 0
  End-right photons     : 0
  Top SiPM  photons     : 522258
  Scint photons generated: 2155112
  Total photons detected : 522258
  Detection efficiency   : 24.2335 %
  ROOT output           : photon_hits_run000.root
==============================

G4WT23 > 
=== EJ Scintillator Bar Run Summary ===
  Run ID                : 0
  Events run            : 108
  Events with ≥1 hit    : 108
  End-left  photons     : 0
  End-right photons     : 0
  Top SiPM  photons     : 527549
  Scint photons generated: 2177802
  Total photons detected : 527549
  Detection efficiency   : 24.2239 %
  ROOT output           : photon_hits_run000.root
==============================

G4WT20 > 
=== EJ Scintillator Bar Run Summary ===
  Run ID                : 0
  Events run            : 162
  Events with ≥1 hit    : 162
  End-left  photons     : 0
  End-right photons     : 0
  Top SiPM  photons     : 769837
  Scint photons generated: 3183582
  Total photons detected : 769837
  Detection efficiency   : 24.1815 %
  ROOT output           : photon_hits_run000.root
==============================

G4WT6 > 
=== EJ Scintillator Bar Run Summary ===
  Run ID                : 0
  Events run            : 108
  Events with ≥1 hit    : 108
  End-left  photons     : 0
  End-right photons     : 0
  Top SiPM  photons     : 522903
  Scint photons generated: 2160623
  Total photons detected : 522903
  Detection efficiency   : 24.2015 %
  ROOT output           : photon_hits_run000.root
==============================

G4WT0 > 
=== EJ Scintillator Bar Run Summary ===
  Run ID                : 0
  Events run            : 108
  Events with ≥1 hit    : 108
  End-left  photons     : 0
  End-right photons     : 0
  Top SiPM  photons     : 547287
  Scint photons generated: 2257585
  Total photons detected : 547287
  Detection efficiency   : 24.2421 %
  ROOT output           : photon_hits_run000.root
==============================

G4WT22 > 
=== EJ Scintillator Bar Run Summary ===
  Run ID                : 0
  Events run            : 108
  Events with ≥1 hit    : 108
  End-left  photons     : 0
  End-right photons     : 0
  Top SiPM  photons     : 523718
  Scint photons generated: 2167474
  Total photons detected : 523718
  Detection efficiency   : 24.1626 %
  ROOT output           : photon_hits_run000.root
==============================

G4WT13 > 
=== EJ Scintillator Bar Run Summary ===
  Run ID                : 0
  Events run            : 108
  Events with ≥1 hit    : 108
  End-left  photons     : 0
  End-right photons     : 0
  Top SiPM  photons     : 547330
  Scint photons generated: 2263543
  Total photons detected : 547330
  Detection efficiency   : 24.1802 %
  ROOT output           : photon_hits_run000.root
==============================

G4WT11 > 
=== EJ Scintillator Bar Run Summary ===
  Run ID                : 0
  Events run            : 138
  Events with ≥1 hit    : 138
  End-left  photons     : 0
  End-right photons     : 0
  Top SiPM  photons     : 660980
  Scint photons generated: 2726405
  Total photons detected : 660980
  Detection efficiency   : 24.2436 %
  ROOT output           : photon_hits_run000.root
==============================

G4WT4 > 
=== EJ Scintillator Bar Run Summary ===
  Run ID                : 0
  Events run            : 162
  Events with ≥1 hit    : 162
  End-left  photons     : 0
  End-right photons     : 0
  Top SiPM  photons     : 766688
  Scint photons generated: 3168099
  Total photons detected : 766688
  Detection efficiency   : 24.2003 %
  ROOT output           : photon_hits_run000.root
==============================

G4WT1 > 
=== EJ Scintillator Bar Run Summary ===
  Run ID                : 0
  Events run            : 162
  Events with ≥1 hit    : 162
  End-left  photons     : 0
  End-right photons     : 0
  Top SiPM  photons     : 766035
  Scint photons generated: 3165042
  Total photons detected : 766035
  Detection efficiency   : 24.2030 %
  ROOT output           : photon_hits_run000.root
==============================

G4WT3 > 
=== EJ Scintillator Bar Run Summary ===
  Run ID                : 0
  Events run            : 108
  Events with ≥1 hit    : 108
  End-left  photons     : 0
  End-right photons     : 0
  Top SiPM  photons     : 523760
  Scint photons generated: 2163746
  Total photons detected : 523760
  Detection efficiency   : 24.2062 %
  ROOT output           : photon_hits_run000.root
==============================


=== EJ Scintillator Bar Run Summary ===
  Run ID                : 0
  Events run            : 3000
  Events with ≥1 hit    : 3000
  End-left  photons     : 0
  End-right photons     : 0
  Top SiPM  photons     : 14558661
  Scint photons generated: 60141114
  Total photons detected : 14558661
  Detection efficiency   : 24.2075 %
  ROOT output           : photon_hits_run000.root
==============================


=== Boundary Census (diagnostic) ===
  Bar -> reflector panel   : 1142360195
  Bar -> World (escaped)   : 0
  Bar -> Bar (TIR/refl)    : 0
  Bar -> SiPM (entering)   : 23282436
  Killed in WorldLV        : 142136
====================================

[2026-06-11T23:12:31] DONE pairscan_x-445.0mm (entries=14558661.0)
[2026-06-11T23:12:31] START pairscan_x-446.0mm (x=-446.0 mm)

**************************************************************
 Geant4 version Name: geant4-11-04 [MT]   (5-December-2025)
  << in Multi-threaded mode >> 
                       Copyright : Geant4 Collaboration
                      References : NIM A 506 (2003), 250-303
                                 : IEEE-TNS 53 (2006), 270-278
                                 : NIM A 835 (2016), 186-225
                             WWW : http://geant4.org/
**************************************************************

Accumulable registered as "NEndLeft"
Accumulable registered as "NEndRight"
Accumulable registered as "NTop"
Accumulable registered as "NEventsWithHits"
Accumulable registered as "NScintPhotons"

-------- WWWW ------- G4Exception-START -------- WWWW -------
*** G4Exception : mat031
      issued by : G4Material::FillVectors()
For material opsc-101 sum of fractional masses 0.996667 is not 1 - results may be wrong

*** This is just a warning message. ***
-------- WWWW -------- G4Exception-END --------- WWWW -------

Checking overlaps for volume BarPV:0 (G4Box) ... OK! 
Checking overlaps for volume ReflectorYMinusPV:0 (G4Box) ... OK! 
Checking overlaps for volume ReflectorZMinusPV:3 (G4Box) ... OK! 
Checking overlaps for volume ReflectorZPlusPV:4 (G4Box) ... OK! 
Checking overlaps for volume ReflectorYPlusPV:5 (G4SubtractionSolid) ... OK! 
Checking overlaps for volume ReflectorXMinusPV:1 (G4Box) ... OK! 
Checking overlaps for volume ReflectorXPlusPV:2 (G4Box) ... OK! 
Checking overlaps for volume TopSiPMPV:16 (G4Box) ... OK! 
Checking overlaps for volume TopSiPMPV:17 (G4Box) ... OK! 
Checking overlaps for volume TopSiPMPV:18 (G4Box) ... OK! 
Checking overlaps for volume TopSiPMPV:19 (G4Box) ... OK! 
Checking overlaps for volume TopSiPMPV:20 (G4Box) ... OK! 
Checking overlaps for volume TopSiPMPV:21 (G4Box) ... OK! 
Checking overlaps for volume TopSiPMPV:22 (G4Box) ... OK! 
Checking overlaps for volume TopSiPMPV:23 (G4Box) ... OK! 
Checking overlaps for volume TopSiPMPV:24 (G4Box) ... OK! 
Checking overlaps for volume TopSiPMPV:25 (G4Box) ... OK! 
Checking overlaps for volume TopSiPMPV:26 (G4Box) ... OK! 
Checking overlaps for volume TopSiPMPV:27 (G4Box) ... OK! 
Checking overlaps for volume TopSiPMPV:28 (G4Box) ... OK! 
Checking overlaps for volume TopSiPMPV:29 (G4Box) ... OK! 
Checking overlaps for volume TopSiPMPV:30 (G4Box) ... OK! 
Checking overlaps for volume TopSiPMPV:31 (G4Box) ... OK! 
Checking overlaps for volume TopSiPMPV:32 (G4Box) ... OK! 
Checking overlaps for volume TopSiPMPV:33 (G4Box) ... OK! 
Checking overlaps for volume TopSiPMPV:34 (G4Box) ... OK! 
Checking overlaps for volume TopSiPMPV:35 (G4Box) ... OK! 
Checking overlaps for volume TopSiPMPV:36 (G4Box) ... OK! 
Checking overlaps for volume TopSiPMPV:37 (G4Box) ... OK! 
Checking overlaps for volume TopSiPMPV:38 (G4Box) ... OK! 
Checking overlaps for volume TopSiPMPV:39 (G4Box) ... OK! 
Checking overlaps for volume TopSiPMPV:40 (G4Box) ... OK! 
Checking overlaps for volume TopSiPMPV:41 (G4Box) ... OK! 
Checking overlaps for volume TopSiPMPV:42 (G4Box) ... OK! 
Checking overlaps for volume TopSiPMPV:43 (G4Box) ... OK! 
Checking overlaps for volume TopSiPMPV:44 (G4Box) ... OK! 
Checking overlaps for volume TopSiPMPV:45 (G4Box) ... OK! 
Checking overlaps for volume TopSiPMPV:46 (G4Box) ... OK! 
Checking overlaps for volume TopSiPMPV:47 (G4Box) ... OK! 
Checking overlaps for volume TopSiPMPV:48 (G4Box) ... OK! 
Checking overlaps for volume TopSiPMPV:49 (G4Box) ... OK! 
Checking overlaps for volume TopSiPMPV:50 (G4Box) ... OK! 
Checking overlaps for volume TopSiPMPV:51 (G4Box) ... OK! 
Checking overlaps for volume TopSiPMPV:52 (G4Box) ... OK! 
Checking overlaps for volume TopSiPMPV:53 (G4Box) ... OK! 
Checking overlaps for volume TopSiPMPV:54 (G4Box) ... OK! 
Checking overlaps for volume TopSiPMPV:55 (G4Box) ... OK! 
Checking overlaps for volume TopSiPMPV:56 (G4Box) ... OK! 
Checking overlaps for volume TopSiPMPV:57 (G4Box) ... OK! 
Checking overlaps for volume TopSiPMPV:58 (G4Box) ... OK! 
Checking overlaps for volume TopSiPMPV:59 (G4Box) ... OK! 
Checking overlaps for volume TopSiPMPV:60 (G4Box) ... OK! 
Checking overlaps for volume TopSiPMPV:61 (G4Box) ... OK! 
Checking overlaps for volume TopSiPMPV:62 (G4Box) ... OK! 
Checking overlaps for volume TopSiPMPV:63 (G4Box) ... OK! 
Checking overlaps for volume TopSiPMPV:64 (G4Box) ... OK! 
Checking overlaps for volume TopSiPMPV:65 (G4Box) ... OK! 
Checking overlaps for volume TopSiPMPV:66 (G4Box) ... OK! 
Checking overlaps for volume TopSiPMPV:67 (G4Box) ... OK! 
Checking overlaps for volume TopSiPMPV:68 (G4Box) ... OK! 
Checking overlaps for volume TopSiPMPV:69 (G4Box) ... OK! 
Checking overlaps for volume TopSiPMPV:70 (G4Box) ... OK! 
Checking overlaps for volume TopSiPMPV:71 (G4Box) ... OK! 
Checking overlaps for volume TopSiPMPV:72 (G4Box) ... OK! 
Checking overlaps for volume TopSiPMPV:73 (G4Box) ... OK! 
Checking overlaps for volume TopSiPMPV:74 (G4Box) ... OK! 
Checking overlaps for volume TopSiPMPV:75 (G4Box) ... OK! 
Checking overlaps for volume TopSiPMPV:76 (G4Box) ... OK! 
Checking overlaps for volume TopSiPMPV:77 (G4Box) ... OK! 
Checking overlaps for volume TopSiPMPV:78 (G4Box) ... OK! 
Checking overlaps for volume TopSiPMPV:79 (G4Box) ... OK! 
Checking overlaps for volume TopSiPMPV:80 (G4Box) ... OK! 
Checking overlaps for volume TopSiPMPV:81 (G4Box) ... OK! 
Checking overlaps for volume TopSiPMPV:82 (G4Box) ... OK! 
Checking overlaps for volume TopSiPMPV:83 (G4Box) ... OK! 
Checking overlaps for volume TopSiPMPV:84 (G4Box) ... OK! 
Checking overlaps for volume TopSiPMPV:85 (G4Box) ... OK! 
### Birks coefficients used in run time
G4WT18 > Accumulable registered as "NEndLeft"
G4WT18 > Accumulable registered as "NEndRight"
G4WT18 > Accumulable registered as "NTop"
G4WT18 > Accumulable registered as "NEventsWithHits"
G4WT18 > Accumulable registered as "NScintPhotons"
G4WT21 > Accumulable registered as "NEndLeft"
G4WT21 > Accumulable registered as "NEndRight"
G4WT21 > Accumulable registered as "NTop"
G4WT21 > Accumulable registered as "NEventsWithHits"
G4WT21 > Accumulable registered as "NScintPhotons"
G4WT14 > Accumulable registered as "NEndLeft"
G4WT14 > Accumulable registered as "NEndRight"
G4WT14 > Accumulable registered as "NTop"
G4WT14 > Accumulable registered as "NEventsWithHits"
G4WT14 > Accumulable registered as "NScintPhotons"
G4WT20 > Accumulable registered as "NEndLeft"
G4WT20 > Accumulable registered as "NEndRight"
G4WT20 > Accumulable registered as "NTop"
G4WT20 > Accumulable registered as "NEventsWithHits"
G4WT20 > Accumulable registered as "NScintPhotons"
G4WT9 > Accumulable registered as "NEndLeft"
G4WT9 > Accumulable registered as "NEndRight"
G4WT9 > Accumulable registered as "NTop"
G4WT9 > Accumulable registered as "NEventsWithHits"
G4WT9 > Accumulable registered as "NScintPhotons"
G4WT1 > Accumulable registered as "NEndLeft"
G4WT1 > Accumulable registered as "NEndRight"
G4WT1 > Accumulable registered as "NTop"
G4WT1 > Accumulable registered as "NEventsWithHits"
G4WT1 > Accumulable registered as "NScintPhotons"
G4WT13 > Accumulable registered as "NEndLeft"
G4WT13 > Accumulable registered as "NEndRight"
G4WT13 > Accumulable registered as "NTop"
G4WT13 > Accumulable registered as "NEventsWithHits"
G4WT13 > Accumulable registered as "NScintPhotons"
G4WT17 > Accumulable registered as "NEndLeft"
G4WT17 > Accumulable registered as "NEndRight"
G4WT17 > Accumulable registered as "NTop"
G4WT17 > Accumulable registered as "NEventsWithHits"
G4WT17 > Accumulable registered as "NScintPhotons"
G4WT7 > Accumulable registered as "NEndLeft"
G4WT7 > Accumulable registered as "NEndRight"
G4WT7 > Accumulable registered as "NTop"
G4WT7 > Accumulable registered as "NEventsWithHits"
G4WT7 > Accumulable registered as "NScintPhotons"
G4WT12 > Accumulable registered as "NEndLeft"
G4WT12 > Accumulable registered as "NEndRight"
G4WT12 > Accumulable registered as "NTop"
G4WT12 > Accumulable registered as "NEventsWithHits"
G4WT12 > Accumulable registered as "NScintPhotons"
G4WT3 > Accumulable registered as "NEndLeft"
G4WT3 > Accumulable registered as "NEndRight"
G4WT3 > Accumulable registered as "NTop"
G4WT3 > Accumulable registered as "NEventsWithHits"
G4WT3 > Accumulable registered as "NScintPhotons"
G4WT15 > Accumulable registered as "NEndLeft"
G4WT15 > Accumulable registered as "NEndRight"
G4WT15 > Accumulable registered as "NTop"
G4WT15 > Accumulable registered as "NEventsWithHits"
G4WT15 > Accumulable registered as "NScintPhotons"
G4WT23 > Accumulable registered as "NEndLeft"
G4WT23 > Accumulable registered as "NEndRight"
G4WT23 > Accumulable registered as "NTop"
G4WT23 > Accumulable registered as "NEventsWithHits"
G4WT23 > Accumulable registered as "NScintPhotons"
G4WT8 > Accumulable registered as "NEndLeft"
G4WT8 > Accumulable registered as "NEndRight"
G4WT8 > Accumulable registered as "NTop"
G4WT8 > Accumulable registered as "NEventsWithHits"
G4WT8 > Accumulable registered as "NScintPhotons"
G4WT5 > Accumulable registered as "NEndLeft"
G4WT5 > Accumulable registered as "NEndRight"
G4WT5 > Accumulable registered as "NTop"
G4WT5 > Accumulable registered as "NEventsWithHits"
G4WT5 > Accumulable registered as "NScintPhotons"
G4WT2 > Accumulable registered as "NEndLeft"
G4WT2 > Accumulable registered as "NEndRight"
G4WT2 > Accumulable registered as "NTop"
G4WT2 > Accumulable registered as "NEventsWithHits"
G4WT2 > Accumulable registered as "NScintPhotons"
G4WT19 > Accumulable registered as "NEndLeft"
G4WT19 > Accumulable registered as "NEndRight"
G4WT19 > Accumulable registered as "NTop"
G4WT19 > Accumulable registered as "NEventsWithHits"
G4WT19 > Accumulable registered as "NScintPhotons"
G4WT10 > Accumulable registered as "NEndLeft"
G4WT10 > Accumulable registered as "NEndRight"
G4WT10 > Accumulable registered as "NTop"
G4WT10 > Accumulable registered as "NEventsWithHits"
G4WT10 > Accumulable registered as "NScintPhotons"
G4WT6 > Accumulable registered as "NEndLeft"
G4WT6 > Accumulable registered as "NEndRight"
G4WT6 > Accumulable registered as "NTop"
G4WT6 > Accumulable registered as "NEventsWithHits"
G4WT6 > Accumulable registered as "NScintPhotons"
G4WT11 > Accumulable registered as "NEndLeft"
G4WT11 > Accumulable registered as "NEndRight"
G4WT11 > Accumulable registered as "NTop"
G4WT11 > Accumulable registered as "NEventsWithHits"
G4WT11 > Accumulable registered as "NScintPhotons"
G4WT22 > Accumulable registered as "NEndLeft"
G4WT22 > Accumulable registered as "NEndRight"
G4WT22 > Accumulable registered as "NTop"
G4WT22 > Accumulable registered as "NEventsWithHits"
G4WT22 > Accumulable registered as "NScintPhotons"
G4WT0 > Accumulable registered as "NEndLeft"
G4WT0 > Accumulable registered as "NEndRight"
G4WT0 > Accumulable registered as "NTop"
G4WT0 > Accumulable registered as "NEventsWithHits"
G4WT0 > Accumulable registered as "NScintPhotons"
G4WT4 > Accumulable registered as "NEndLeft"
G4WT4 > Accumulable registered as "NEndRight"
G4WT4 > Accumulable registered as "NTop"
G4WT4 > Accumulable registered as "NEventsWithHits"
G4WT4 > Accumulable registered as "NScintPhotons"
G4WT16 > Accumulable registered as "NEndLeft"
G4WT16 > Accumulable registered as "NEndRight"
G4WT16 > Accumulable registered as "NTop"
G4WT16 > Accumulable registered as "NEventsWithHits"
G4WT16 > Accumulable registered as "NScintPhotons"

=== Active Scintillator Baseline ===
  SSLG4 code            : OPSC-101
  Yield                 : 10400 ph/MeV
  Rise time tau_r       : 0.7 ns
  Decay time tau_d      : 1.8 ns
  Attenuation length    : 160 cm
  Emission peak lambda  : 408.8 nm
  Finite rise time      : enabled
=====================================

=== Active Readout / Wrapping Configuration ===
  Readout configuration : Top
  SiPM model            : AFBR-S4N66P024M
  SiPM PDE file         : /home/rrios/ej200/data/sipm/AFBR-S4N66P024M_pde.txt
  -X face               : wrapped
  +X face               : wrapped
  -Y face               : wrapped
  +Y face               : instrumented
  -Z face               : wrapped
  +Z face               : wrapped
  Reflector R           : 0.98
  Active End SiPMs      : 0 (L=0, R=0)
  Active Top SiPMs      : 70
==============================================
G4WT17 > 
=== EJ Scintillator Bar Run Summary ===
  Run ID                : 0
  Events run            : 162
  Events with ≥1 hit    : 162
  End-left  photons     : 0
  End-right photons     : 0
  Top SiPM  photons     : 789658
  Scint photons generated: 3255789
  Total photons detected : 789658
  Detection efficiency   : 24.2540 %
  ROOT output           : photon_hits_run000.root
==============================

G4WT3 > 
=== EJ Scintillator Bar Run Summary ===
  Run ID                : 0
  Events run            : 108
  Events with ≥1 hit    : 108
  End-left  photons     : 0
  End-right photons     : 0
  Top SiPM  photons     : 529926
  Scint photons generated: 2183562
  Total photons detected : 529926
  Detection efficiency   : 24.2689 %
  ROOT output           : photon_hits_run000.root
==============================

G4WT12 > 
=== EJ Scintillator Bar Run Summary ===
  Run ID                : 0
  Events run            : 108
  Events with ≥1 hit    : 108
  End-left  photons     : 0
  End-right photons     : 0
  Top SiPM  photons     : 519005
  Scint photons generated: 2145328
  Total photons detected : 519005
  Detection efficiency   : 24.1923 %
  ROOT output           : photon_hits_run000.root
==============================

G4WT8 > 
=== EJ Scintillator Bar Run Summary ===
  Run ID                : 0
  Events run            : 108
  Events with ≥1 hit    : 108
  End-left  photons     : 0
  End-right photons     : 0
  Top SiPM  photons     : 530448
  Scint photons generated: 2188687
  Total photons detected : 530448
  Detection efficiency   : 24.2359 %
  ROOT output           : photon_hits_run000.root
==============================

G4WT19 > 
=== EJ Scintillator Bar Run Summary ===
  Run ID                : 0
  Events run            : 108
  Events with ≥1 hit    : 108
  End-left  photons     : 0
  End-right photons     : 0
  Top SiPM  photons     : 528097
  Scint photons generated: 2174908
  Total photons detected : 528097
  Detection efficiency   : 24.2813 %
  ROOT output           : photon_hits_run000.root
==============================

G4WT18 > 
=== EJ Scintillator Bar Run Summary ===
  Run ID                : 0
  Events run            : 162
  Events with ≥1 hit    : 162
  End-left  photons     : 0
  End-right photons     : 0
  Top SiPM  photons     : 791468
  Scint photons generated: 3260131
  Total photons detected : 791468
  Detection efficiency   : 24.2772 %
  ROOT output           : photon_hits_run000.root
==============================

G4WT16 > 
=== EJ Scintillator Bar Run Summary ===
  Run ID                : 0
  Events run            : 108
  Events with ≥1 hit    : 108
  End-left  photons     : 0
  End-right photons     : 0
  Top SiPM  photons     : 529462
  Scint photons generated: 2183941
  Total photons detected : 529462
  Detection efficiency   : 24.2434 %
  ROOT output           : photon_hits_run000.root
==============================

G4WT22 > 
=== EJ Scintillator Bar Run Summary ===
  Run ID                : 0
  Events run            : 108
  Events with ≥1 hit    : 108
  End-left  photons     : 0
  End-right photons     : 0
  Top SiPM  photons     : 545395
  Scint photons generated: 2248744
  Total photons detected : 545395
  Detection efficiency   : 24.2533 %
  ROOT output           : photon_hits_run000.root
==============================

G4WT15 > 
=== EJ Scintillator Bar Run Summary ===
  Run ID                : 0
  Events run            : 108
  Events with ≥1 hit    : 108
  End-left  photons     : 0
  End-right photons     : 0
  Top SiPM  photons     : 555019
  Scint photons generated: 2291950
  Total photons detected : 555019
  Detection efficiency   : 24.2160 %
  ROOT output           : photon_hits_run000.root
==============================

G4WT0 > 
=== EJ Scintillator Bar Run Summary ===
  Run ID                : 0
  Events run            : 108
  Events with ≥1 hit    : 108
  End-left  photons     : 0
  End-right photons     : 0
  Top SiPM  photons     : 551155
  Scint photons generated: 2273517
  Total photons detected : 551155
  Detection efficiency   : 24.2424 %
  ROOT output           : photon_hits_run000.root
==============================

G4WT4 > 
=== EJ Scintillator Bar Run Summary ===
  Run ID                : 0
  Events run            : 162
  Events with ≥1 hit    : 162
  End-left  photons     : 0
  End-right photons     : 0
  Top SiPM  photons     : 772140
  Scint photons generated: 3180873
  Total photons detected : 772140
  Detection efficiency   : 24.2745 %
  ROOT output           : photon_hits_run000.root
==============================

G4WT2 > 
=== EJ Scintillator Bar Run Summary ===
  Run ID                : 0
  Events run            : 162
  Events with ≥1 hit    : 162
  End-left  photons     : 0
  End-right photons     : 0
  Top SiPM  photons     : 781744
  Scint photons generated: 3221687
  Total photons detected : 781744
  Detection efficiency   : 24.2651 %
  ROOT output           : photon_hits_run000.root
==============================

G4WT5 > 
=== EJ Scintillator Bar Run Summary ===
  Run ID                : 0
  Events run            : 108
  Events with ≥1 hit    : 108
  End-left  photons     : 0
  End-right photons     : 0
  Top SiPM  photons     : 526595
  Scint photons generated: 2176413
  Total photons detected : 526595
  Detection efficiency   : 24.1955 %
  ROOT output           : photon_hits_run000.root
==============================

G4WT23 > 
=== EJ Scintillator Bar Run Summary ===
  Run ID                : 0
  Events run            : 162
  Events with ≥1 hit    : 162
  End-left  photons     : 0
  End-right photons     : 0
  Top SiPM  photons     : 775685
  Scint photons generated: 3201669
  Total photons detected : 775685
  Detection efficiency   : 24.2275 %
  ROOT output           : photon_hits_run000.root
==============================

G4WT14 > 
=== EJ Scintillator Bar Run Summary ===
  Run ID                : 0
  Events run            : 108
  Events with ≥1 hit    : 108
  End-left  photons     : 0
  End-right photons     : 0
  Top SiPM  photons     : 528731
  Scint photons generated: 2184573
  Total photons detected : 528731
  Detection efficiency   : 24.2029 %
  ROOT output           : photon_hits_run000.root
==============================

G4WT11 > 
=== EJ Scintillator Bar Run Summary ===
  Run ID                : 0
  Events run            : 108
  Events with ≥1 hit    : 108
  End-left  photons     : 0
  End-right photons     : 0
  Top SiPM  photons     : 532101
  Scint photons generated: 2189666
  Total photons detected : 532101
  Detection efficiency   : 24.3006 %
  ROOT output           : photon_hits_run000.root
==============================

G4WT13 > 
=== EJ Scintillator Bar Run Summary ===
  Run ID                : 0
  Events run            : 108
  Events with ≥1 hit    : 108
  End-left  photons     : 0
  End-right photons     : 0
  Top SiPM  photons     : 552666
  Scint photons generated: 2276178
  Total photons detected : 552666
  Detection efficiency   : 24.2804 %
  ROOT output           : photon_hits_run000.root
==============================

G4WT21 > 
=== EJ Scintillator Bar Run Summary ===
  Run ID                : 0
  Events run            : 108
  Events with ≥1 hit    : 108
  End-left  photons     : 0
  End-right photons     : 0
  Top SiPM  photons     : 532884
  Scint photons generated: 2196573
  Total photons detected : 532884
  Detection efficiency   : 24.2598 %
  ROOT output           : photon_hits_run000.root
==============================

G4WT1 > 
=== EJ Scintillator Bar Run Summary ===
  Run ID                : 0
  Events run            : 138
  Events with ≥1 hit    : 138
  End-left  photons     : 0
  End-right photons     : 0
  Top SiPM  photons     : 658302
  Scint photons generated: 2717442
  Total photons detected : 658302
  Detection efficiency   : 24.2251 %
  ROOT output           : photon_hits_run000.root
==============================

G4WT6 > 
=== EJ Scintillator Bar Run Summary ===
  Run ID                : 0
  Events run            : 162
  Events with ≥1 hit    : 162
  End-left  photons     : 0
  End-right photons     : 0
  Top SiPM  photons     : 771830
  Scint photons generated: 3186582
  Total photons detected : 771830
  Detection efficiency   : 24.2213 %
  ROOT output           : photon_hits_run000.root
==============================

G4WT7 > 
=== EJ Scintillator Bar Run Summary ===
  Run ID                : 0
  Events run            : 108
  Events with ≥1 hit    : 108
  End-left  photons     : 0
  End-right photons     : 0
  Top SiPM  photons     : 531413
  Scint photons generated: 2192535
  Total photons detected : 531413
  Detection efficiency   : 24.2374 %
  ROOT output           : photon_hits_run000.root
==============================

G4WT10 > 
=== EJ Scintillator Bar Run Summary ===
  Run ID                : 0
  Events run            : 162
  Events with ≥1 hit    : 162
  End-left  photons     : 0
  End-right photons     : 0
  Top SiPM  photons     : 768360
  Scint photons generated: 3171902
  Total photons detected : 768360
  Detection efficiency   : 24.2240 %
  ROOT output           : photon_hits_run000.root
==============================

G4WT20 > 
=== EJ Scintillator Bar Run Summary ===
  Run ID                : 0
  Events run            : 108
  Events with ≥1 hit    : 108
  End-left  photons     : 0
  End-right photons     : 0
  Top SiPM  photons     : 540088
  Scint photons generated: 2227070
  Total photons detected : 540088
  Detection efficiency   : 24.2511 %
  ROOT output           : photon_hits_run000.root
==============================

G4WT9 > 
=== EJ Scintillator Bar Run Summary ===
  Run ID                : 0
  Events run            : 108
  Events with ≥1 hit    : 108
  End-left  photons     : 0
  End-right photons     : 0
  Top SiPM  photons     : 523438
  Scint photons generated: 2160421
  Total photons detected : 523438
  Detection efficiency   : 24.2285 %
  ROOT output           : photon_hits_run000.root
==============================


=== EJ Scintillator Bar Run Summary ===
  Run ID                : 0
  Events run            : 3000
  Events with ≥1 hit    : 3000
  End-left  photons     : 0
  End-right photons     : 0
  Top SiPM  photons     : 14665610
  Scint photons generated: 60490141
  Total photons detected : 14665610
  Detection efficiency   : 24.2446 %
  ROOT output           : photon_hits_run000.root
==============================


=== Boundary Census (diagnostic) ===
  Bar -> reflector panel   : 1146931881
  Bar -> World (escaped)   : 0
  Bar -> Bar (TIR/refl)    : 0
  Bar -> SiPM (entering)   : 23454992
  Killed in WorldLV        : 142987
====================================

[2026-06-11T23:17:55] DONE pairscan_x-446.0mm (entries=14665610.0)
[2026-06-11T23:17:55] START pairscan_x-447.0mm (x=-447.0 mm)

**************************************************************
 Geant4 version Name: geant4-11-04 [MT]   (5-December-2025)
  << in Multi-threaded mode >> 
                       Copyright : Geant4 Collaboration
                      References : NIM A 506 (2003), 250-303
                                 : IEEE-TNS 53 (2006), 270-278
                                 : NIM A 835 (2016), 186-225
                             WWW : http://geant4.org/
**************************************************************

Accumulable registered as "NEndLeft"
Accumulable registered as "NEndRight"
Accumulable registered as "NTop"
Accumulable registered as "NEventsWithHits"
Accumulable registered as "NScintPhotons"

-------- WWWW ------- G4Exception-START -------- WWWW -------
*** G4Exception : mat031
      issued by : G4Material::FillVectors()
For material opsc-101 sum of fractional masses 0.996667 is not 1 - results may be wrong

*** This is just a warning message. ***
-------- WWWW -------- G4Exception-END --------- WWWW -------

Checking overlaps for volume BarPV:0 (G4Box) ... OK! 
Checking overlaps for volume ReflectorYMinusPV:0 (G4Box) ... OK! 
Checking overlaps for volume ReflectorZMinusPV:3 (G4Box) ... OK! 
Checking overlaps for volume ReflectorZPlusPV:4 (G4Box) ... OK! 
Checking overlaps for volume ReflectorYPlusPV:5 (G4SubtractionSolid) ... OK! 
Checking overlaps for volume ReflectorXMinusPV:1 (G4Box) ... OK! 
Checking overlaps for volume ReflectorXPlusPV:2 (G4Box) ... OK! 
Checking overlaps for volume TopSiPMPV:16 (G4Box) ... OK! 
Checking overlaps for volume TopSiPMPV:17 (G4Box) ... OK! 
Checking overlaps for volume TopSiPMPV:18 (G4Box) ... OK! 
Checking overlaps for volume TopSiPMPV:19 (G4Box) ... OK! 
Checking overlaps for volume TopSiPMPV:20 (G4Box) ... OK! 
Checking overlaps for volume TopSiPMPV:21 (G4Box) ... OK! 
Checking overlaps for volume TopSiPMPV:22 (G4Box) ... OK! 
Checking overlaps for volume TopSiPMPV:23 (G4Box) ... OK! 
Checking overlaps for volume TopSiPMPV:24 (G4Box) ... OK! 
Checking overlaps for volume TopSiPMPV:25 (G4Box) ... OK! 
Checking overlaps for volume TopSiPMPV:26 (G4Box) ... OK! 
Checking overlaps for volume TopSiPMPV:27 (G4Box) ... OK! 
Checking overlaps for volume TopSiPMPV:28 (G4Box) ... OK! 
Checking overlaps for volume TopSiPMPV:29 (G4Box) ... OK! 
Checking overlaps for volume TopSiPMPV:30 (G4Box) ... OK! 
Checking overlaps for volume TopSiPMPV:31 (G4Box) ... OK! 
Checking overlaps for volume TopSiPMPV:32 (G4Box) ... OK! 
Checking overlaps for volume TopSiPMPV:33 (G4Box) ... OK! 
Checking overlaps for volume TopSiPMPV:34 (G4Box) ... OK! 
Checking overlaps for volume TopSiPMPV:35 (G4Box) ... OK! 
Checking overlaps for volume TopSiPMPV:36 (G4Box) ... OK! 
Checking overlaps for volume TopSiPMPV:37 (G4Box) ... OK! 
Checking overlaps for volume TopSiPMPV:38 (G4Box) ... OK! 
Checking overlaps for volume TopSiPMPV:39 (G4Box) ... OK! 
Checking overlaps for volume TopSiPMPV:40 (G4Box) ... OK! 
Checking overlaps for volume TopSiPMPV:41 (G4Box) ... OK! 
Checking overlaps for volume TopSiPMPV:42 (G4Box) ... OK! 
Checking overlaps for volume TopSiPMPV:43 (G4Box) ... OK! 
Checking overlaps for volume TopSiPMPV:44 (G4Box) ... OK! 
Checking overlaps for volume TopSiPMPV:45 (G4Box) ... OK! 
Checking overlaps for volume TopSiPMPV:46 (G4Box) ... OK! 
Checking overlaps for volume TopSiPMPV:47 (G4Box) ... OK! 
Checking overlaps for volume TopSiPMPV:48 (G4Box) ... OK! 
Checking overlaps for volume TopSiPMPV:49 (G4Box) ... OK! 
Checking overlaps for volume TopSiPMPV:50 (G4Box) ... OK! 
Checking overlaps for volume TopSiPMPV:51 (G4Box) ... OK! 
Checking overlaps for volume TopSiPMPV:52 (G4Box) ... OK! 
Checking overlaps for volume TopSiPMPV:53 (G4Box) ... OK! 
Checking overlaps for volume TopSiPMPV:54 (G4Box) ... OK! 
Checking overlaps for volume TopSiPMPV:55 (G4Box) ... OK! 
Checking overlaps for volume TopSiPMPV:56 (G4Box) ... OK! 
Checking overlaps for volume TopSiPMPV:57 (G4Box) ... OK! 
Checking overlaps for volume TopSiPMPV:58 (G4Box) ... OK! 
Checking overlaps for volume TopSiPMPV:59 (G4Box) ... OK! 
Checking overlaps for volume TopSiPMPV:60 (G4Box) ... OK! 
Checking overlaps for volume TopSiPMPV:61 (G4Box) ... OK! 
Checking overlaps for volume TopSiPMPV:62 (G4Box) ... OK! 
Checking overlaps for volume TopSiPMPV:63 (G4Box) ... OK! 
Checking overlaps for volume TopSiPMPV:64 (G4Box) ... OK! 
Checking overlaps for volume TopSiPMPV:65 (G4Box) ... OK! 
Checking overlaps for volume TopSiPMPV:66 (G4Box) ... OK! 
Checking overlaps for volume TopSiPMPV:67 (G4Box) ... OK! 
Checking overlaps for volume TopSiPMPV:68 (G4Box) ... OK! 
Checking overlaps for volume TopSiPMPV:69 (G4Box) ... OK! 
Checking overlaps for volume TopSiPMPV:70 (G4Box) ... OK! 
Checking overlaps for volume TopSiPMPV:71 (G4Box) ... OK! 
Checking overlaps for volume TopSiPMPV:72 (G4Box) ... OK! 
Checking overlaps for volume TopSiPMPV:73 (G4Box) ... OK! 
Checking overlaps for volume TopSiPMPV:74 (G4Box) ... OK! 
Checking overlaps for volume TopSiPMPV:75 (G4Box) ... OK! 
Checking overlaps for volume TopSiPMPV:76 (G4Box) ... OK! 
Checking overlaps for volume TopSiPMPV:77 (G4Box) ... OK! 
Checking overlaps for volume TopSiPMPV:78 (G4Box) ... OK! 
Checking overlaps for volume TopSiPMPV:79 (G4Box) ... OK! 
Checking overlaps for volume TopSiPMPV:80 (G4Box) ... OK! 
Checking overlaps for volume TopSiPMPV:81 (G4Box) ... OK! 
Checking overlaps for volume TopSiPMPV:82 (G4Box) ... OK! 
Checking overlaps for volume TopSiPMPV:83 (G4Box) ... OK! 
Checking overlaps for volume TopSiPMPV:84 (G4Box) ... OK! 
Checking overlaps for volume TopSiPMPV:85 (G4Box) ... OK! 
### Birks coefficients used in run time
G4WT6 > Accumulable registered as "NEndLeft"
G4WT6 > Accumulable registered as "NEndRight"
G4WT6 > Accumulable registered as "NTop"
G4WT6 > Accumulable registered as "NEventsWithHits"
G4WT6 > Accumulable registered as "NScintPhotons"
G4WT14 > Accumulable registered as "NEndLeft"
G4WT14 > Accumulable registered as "NEndRight"
G4WT23 > Accumulable registered as "NEndLeft"
G4WT14 > Accumulable registered as "NTop"
G4WT23 > Accumulable registered as "NEndRight"
G4WT23 > Accumulable registered as "NTop"
G4WT14 > Accumulable registered as "NEventsWithHits"
G4WT14 > Accumulable registered as "NScintPhotons"
G4WT23 > Accumulable registered as "NEventsWithHits"
G4WT23 > Accumulable registered as "NScintPhotons"
G4WT16 > Accumulable registered as "NEndLeft"
G4WT16 > Accumulable registered as "NEndRight"
G4WT16 > Accumulable registered as "NTop"
G4WT16 > Accumulable registered as "NEventsWithHits"
G4WT16 > Accumulable registered as "NScintPhotons"
G4WT18 > Accumulable registered as "NEndLeft"
G4WT18 > Accumulable registered as "NEndRight"
G4WT18 > Accumulable registered as "NTop"
G4WT18 > Accumulable registered as "NEventsWithHits"
G4WT18 > Accumulable registered as "NScintPhotons"
G4WT1 > Accumulable registered as "NEndLeft"
G4WT1 > Accumulable registered as "NEndRight"
G4WT1 > Accumulable registered as "NTop"
G4WT1 > Accumulable registered as "NEventsWithHits"
G4WT1 > Accumulable registered as "NScintPhotons"
G4WT4 > Accumulable registered as "NEndLeft"
G4WT4 > Accumulable registered as "NEndRight"
G4WT4 > Accumulable registered as "NTop"
G4WT4 > Accumulable registered as "NEventsWithHits"
G4WT4 > Accumulable registered as "NScintPhotons"
G4WT13 > Accumulable registered as "NEndLeft"
G4WT13 > Accumulable registered as "NEndRight"
G4WT13 > Accumulable registered as "NTop"
G4WT13 > Accumulable registered as "NEventsWithHits"
G4WT13 > Accumulable registered as "NScintPhotons"
G4WT3 > Accumulable registered as "NEndLeft"
G4WT3 > Accumulable registered as "NEndRight"
G4WT3 > Accumulable registered as "NTop"
G4WT3 > Accumulable registered as "NEventsWithHits"
G4WT3 > Accumulable registered as "NScintPhotons"
G4WT15 > Accumulable registered as "NEndLeft"
G4WT15 > Accumulable registered as "NEndRight"
G4WT15 > Accumulable registered as "NTop"
G4WT15 > Accumulable registered as "NEventsWithHits"
G4WT15 > Accumulable registered as "NScintPhotons"
G4WT7 > Accumulable registered as "NEndLeft"
G4WT7 > Accumulable registered as "NEndRight"
G4WT7 > Accumulable registered as "NTop"
G4WT7 > Accumulable registered as "NEventsWithHits"
G4WT7 > Accumulable registered as "NScintPhotons"
G4WT17 > Accumulable registered as "NEndLeft"
G4WT17 > Accumulable registered as "NEndRight"
G4WT17 > Accumulable registered as "NTop"
G4WT17 > Accumulable registered as "NEventsWithHits"
G4WT17 > Accumulable registered as "NScintPhotons"
G4WT0 > Accumulable registered as "NEndLeft"
G4WT0 > Accumulable registered as "NEndRight"
G4WT0 > Accumulable registered as "NTop"
G4WT0 > Accumulable registered as "NEventsWithHits"
G4WT0 > Accumulable registered as "NScintPhotons"
G4WT12 > Accumulable registered as "NEndLeft"
G4WT12 > Accumulable registered as "NEndRight"
G4WT12 > Accumulable registered as "NTop"
G4WT12 > Accumulable registered as "NEventsWithHits"
G4WT12 > Accumulable registered as "NScintPhotons"
G4WT8 > Accumulable registered as "NEndLeft"
G4WT8 > Accumulable registered as "NEndRight"
G4WT8 > Accumulable registered as "NTop"
G4WT8 > Accumulable registered as "NEventsWithHits"
G4WT8 > Accumulable registered as "NScintPhotons"
G4WT21 > Accumulable registered as "NEndLeft"
G4WT21 > Accumulable registered as "NEndRight"
G4WT21 > Accumulable registered as "NTop"
G4WT21 > Accumulable registered as "NEventsWithHits"
G4WT21 > Accumulable registered as "NScintPhotons"
G4WT5 > Accumulable registered as "NEndLeft"
G4WT5 > Accumulable registered as "NEndRight"
G4WT5 > Accumulable registered as "NTop"
G4WT5 > Accumulable registered as "NEventsWithHits"
G4WT5 > Accumulable registered as "NScintPhotons"
G4WT9 > Accumulable registered as "NEndLeft"
G4WT9 > Accumulable registered as "NEndRight"
G4WT9 > Accumulable registered as "NTop"
G4WT9 > Accumulable registered as "NEventsWithHits"
G4WT9 > Accumulable registered as "NScintPhotons"
G4WT19 > Accumulable registered as "NEndLeft"
G4WT19 > Accumulable registered as "NEndRight"
G4WT19 > Accumulable registered as "NTop"
G4WT19 > Accumulable registered as "NEventsWithHits"
G4WT19 > Accumulable registered as "NScintPhotons"
G4WT11 > Accumulable registered as "NEndLeft"
G4WT11 > Accumulable registered as "NEndRight"
G4WT11 > Accumulable registered as "NTop"
G4WT11 > Accumulable registered as "NEventsWithHits"
G4WT11 > Accumulable registered as "NScintPhotons"
G4WT22 > Accumulable registered as "NEndLeft"
G4WT22 > Accumulable registered as "NEndRight"
G4WT22 > Accumulable registered as "NTop"
G4WT22 > Accumulable registered as "NEventsWithHits"
G4WT22 > Accumulable registered as "NScintPhotons"
G4WT10 > Accumulable registered as "NEndLeft"
G4WT10 > Accumulable registered as "NEndRight"
G4WT10 > Accumulable registered as "NTop"
G4WT10 > Accumulable registered as "NEventsWithHits"
G4WT10 > Accumulable registered as "NScintPhotons"
G4WT2 > Accumulable registered as "NEndLeft"
G4WT2 > Accumulable registered as "NEndRight"
G4WT2 > Accumulable registered as "NTop"
G4WT2 > Accumulable registered as "NEventsWithHits"
G4WT2 > Accumulable registered as "NScintPhotons"
G4WT20 > Accumulable registered as "NEndLeft"
G4WT20 > Accumulable registered as "NEndRight"
G4WT20 > Accumulable registered as "NTop"
G4WT20 > Accumulable registered as "NEventsWithHits"
G4WT20 > Accumulable registered as "NScintPhotons"

=== Active Scintillator Baseline ===
  SSLG4 code            : OPSC-101
  Yield                 : 10400 ph/MeV
  Rise time tau_r       : 0.7 ns
  Decay time tau_d      : 1.8 ns
  Attenuation length    : 160 cm
  Emission peak lambda  : 408.8 nm
  Finite rise time      : enabled
=====================================

=== Active Readout / Wrapping Configuration ===
  Readout configuration : Top
  SiPM model            : AFBR-S4N66P024M
  SiPM PDE file         : /home/rrios/ej200/data/sipm/AFBR-S4N66P024M_pde.txt
  -X face               : wrapped
  +X face               : wrapped
  -Y face               : wrapped
  +Y face               : instrumented
  -Z face               : wrapped
  +Z face               : wrapped
  Reflector R           : 0.98
  Active End SiPMs      : 0 (L=0, R=0)
  Active Top SiPMs      : 70
==============================================
G4WT13 > 
=== EJ Scintillator Bar Run Summary ===
  Run ID                : 0
  Events run            : 162
  Events with ≥1 hit    : 162
  End-left  photons     : 0
  End-right photons     : 0
  Top SiPM  photons     : 784376
  Scint photons generated: 3222420
  Total photons detected : 784376
  Detection efficiency   : 24.3412 %
  ROOT output           : photon_hits_run000.root
==============================

G4WT2 > 
=== EJ Scintillator Bar Run Summary ===
  Run ID                : 0
  Events run            : 108
  Events with ≥1 hit    : 108
  End-left  photons     : 0
  End-right photons     : 0
  Top SiPM  photons     : 533077
  Scint photons generated: 2190427
  Total photons detected : 533077
  Detection efficiency   : 24.3367 %
  ROOT output           : photon_hits_run000.root
==============================

G4WT15 > 
=== EJ Scintillator Bar Run Summary ===
  Run ID                : 0
  Events run            : 108
  Events with ≥1 hit    : 108
  End-left  photons     : 0
  End-right photons     : 0
  Top SiPM  photons     : 545532
  Scint photons generated: 2239560
  Total photons detected : 545532
  Detection efficiency   : 24.3589 %
  ROOT output           : photon_hits_run000.root
==============================

G4WT20 > 
=== EJ Scintillator Bar Run Summary ===
  Run ID                : 0
  Events run            : 108
  Events with ≥1 hit    : 108
  End-left  photons     : 0
  End-right photons     : 0
  Top SiPM  photons     : 539412
  Scint photons generated: 2213472
  Total photons detected : 539412
  Detection efficiency   : 24.3695 %
  ROOT output           : photon_hits_run000.root
==============================

G4WT16 > 
=== EJ Scintillator Bar Run Summary ===
  Run ID                : 0
  Events run            : 162
  Events with ≥1 hit    : 162
  End-left  photons     : 0
  End-right photons     : 0
  Top SiPM  photons     : 787679
  Scint photons generated: 3231268
  Total photons detected : 787679
  Detection efficiency   : 24.3768 %
  ROOT output           : photon_hits_run000.root
==============================

G4WT8 > 
=== EJ Scintillator Bar Run Summary ===
  Run ID                : 0
  Events run            : 108
  Events with ≥1 hit    : 108
  End-left  photons     : 0
  End-right photons     : 0
  Top SiPM  photons     : 527111
  Scint photons generated: 2162873
  Total photons detected : 527111
  Detection efficiency   : 24.3709 %
  ROOT output           : photon_hits_run000.root
==============================

G4WT5 > 
=== EJ Scintillator Bar Run Summary ===
  Run ID                : 0
  Events run            : 162
  Events with ≥1 hit    : 162
  End-left  photons     : 0
  End-right photons     : 0
  Top SiPM  photons     : 780085
  Scint photons generated: 3200095
  Total photons detected : 780085
  Detection efficiency   : 24.3769 %
  ROOT output           : photon_hits_run000.root
==============================

G4WT18 > 
=== EJ Scintillator Bar Run Summary ===
  Run ID                : 0
  Events run            : 108
  Events with ≥1 hit    : 108
  End-left  photons     : 0
  End-right photons     : 0
  Top SiPM  photons     : 531531
  Scint photons generated: 2179672
  Total photons detected : 531531
  Detection efficiency   : 24.3858 %
  ROOT output           : photon_hits_run000.root
==============================

G4WT4 > 
=== EJ Scintillator Bar Run Summary ===
  Run ID                : 0
  Events run            : 162
  Events with ≥1 hit    : 162
  End-left  photons     : 0
  End-right photons     : 0
  Top SiPM  photons     : 778916
  Scint photons generated: 3200521
  Total photons detected : 778916
  Detection efficiency   : 24.3372 %
  ROOT output           : photon_hits_run000.root
==============================

G4WT23 > 
=== EJ Scintillator Bar Run Summary ===
  Run ID                : 0
  Events run            : 162
  Events with ≥1 hit    : 162
  End-left  photons     : 0
  End-right photons     : 0
  Top SiPM  photons     : 776780
  Scint photons generated: 3187363
  Total photons detected : 776780
  Detection efficiency   : 24.3706 %
  ROOT output           : photon_hits_run000.root
==============================

G4WT1 > 
=== EJ Scintillator Bar Run Summary ===
  Run ID                : 0
  Events run            : 138
  Events with ≥1 hit    : 138
  End-left  photons     : 0
  End-right photons     : 0
  Top SiPM  photons     : 658172
  Scint photons generated: 2702334
  Total photons detected : 658172
  Detection efficiency   : 24.3557 %
  ROOT output           : photon_hits_run000.root
==============================

G4WT6 > 
=== EJ Scintillator Bar Run Summary ===
  Run ID                : 0
  Events run            : 108
  Events with ≥1 hit    : 108
  End-left  photons     : 0
  End-right photons     : 0
  Top SiPM  photons     : 526491
  Scint photons generated: 2160190
  Total photons detected : 526491
  Detection efficiency   : 24.3724 %
  ROOT output           : photon_hits_run000.root
==============================

G4WT14 > 
=== EJ Scintillator Bar Run Summary ===
  Run ID                : 0
  Events run            : 108
  Events with ≥1 hit    : 108
  End-left  photons     : 0
  End-right photons     : 0
  Top SiPM  photons     : 531129
  Scint photons generated: 2182518
  Total photons detected : 531129
  Detection efficiency   : 24.3356 %
  ROOT output           : photon_hits_run000.root
==============================

G4WT22 > 
=== EJ Scintillator Bar Run Summary ===
  Run ID                : 0
  Events run            : 108
  Events with ≥1 hit    : 108
  End-left  photons     : 0
  End-right photons     : 0
  Top SiPM  photons     : 522716
  Scint photons generated: 2145955
  Total photons detected : 522716
  Detection efficiency   : 24.3582 %
  ROOT output           : photon_hits_run000.root
==============================

G4WT7 > 
=== EJ Scintillator Bar Run Summary ===
  Run ID                : 0
  Events run            : 162
  Events with ≥1 hit    : 162
  End-left  photons     : 0
  End-right photons     : 0
  Top SiPM  photons     : 775197
  Scint photons generated: 3179793
  Total photons detected : 775197
  Detection efficiency   : 24.3789 %
  ROOT output           : photon_hits_run000.root
==============================

G4WT11 > 
=== EJ Scintillator Bar Run Summary ===
  Run ID                : 0
  Events run            : 108
  Events with ≥1 hit    : 108
  End-left  photons     : 0
  End-right photons     : 0
  Top SiPM  photons     : 546197
  Scint photons generated: 2243185
  Total photons detected : 546197
  Detection efficiency   : 24.3492 %
  ROOT output           : photon_hits_run000.root
==============================

G4WT3 > 
=== EJ Scintillator Bar Run Summary ===
  Run ID                : 0
  Events run            : 108
  Events with ≥1 hit    : 108
  End-left  photons     : 0
  End-right photons     : 0
  Top SiPM  photons     : 534672
  Scint photons generated: 2196351
  Total photons detected : 534672
  Detection efficiency   : 24.3436 %
  ROOT output           : photon_hits_run000.root
==============================

G4WT10 > 
=== EJ Scintillator Bar Run Summary ===
  Run ID                : 0
  Events run            : 108
  Events with ≥1 hit    : 108
  End-left  photons     : 0
  End-right photons     : 0
  Top SiPM  photons     : 538326
  Scint photons generated: 2213032
  Total photons detected : 538326
  Detection efficiency   : 24.3253 %
  ROOT output           : photon_hits_run000.root
==============================

G4WT21 > 
=== EJ Scintillator Bar Run Summary ===
  Run ID                : 0
  Events run            : 108
  Events with ≥1 hit    : 108
  End-left  photons     : 0
  End-right photons     : 0
  Top SiPM  photons     : 529229
  Scint photons generated: 2167783
  Total photons detected : 529229
  Detection efficiency   : 24.4134 %
  ROOT output           : photon_hits_run000.root
==============================

G4WT17 > 
=== EJ Scintillator Bar Run Summary ===
  Run ID                : 0
  Events run            : 108
  Events with ≥1 hit    : 108
  End-left  photons     : 0
  End-right photons     : 0
  Top SiPM  photons     : 528489
  Scint photons generated: 2169452
  Total photons detected : 528489
  Detection efficiency   : 24.3605 %
  ROOT output           : photon_hits_run000.root
==============================

G4WT19 > 
=== EJ Scintillator Bar Run Summary ===
  Run ID                : 0
  Events run            : 108
  Events with ≥1 hit    : 108
  End-left  photons     : 0
  End-right photons     : 0
  Top SiPM  photons     : 524684
  Scint photons generated: 2152110
  Total photons detected : 524684
  Detection efficiency   : 24.3800 %
  ROOT output           : photon_hits_run000.root
==============================

G4WT12 > 
=== EJ Scintillator Bar Run Summary ===
  Run ID                : 0
  Events run            : 162
  Events with ≥1 hit    : 162
  End-left  photons     : 0
  End-right photons     : 0
  Top SiPM  photons     : 776075
  Scint photons generated: 3185951
  Total photons detected : 776075
  Detection efficiency   : 24.3593 %
  ROOT output           : photon_hits_run000.root
==============================

G4WT0 > 
=== EJ Scintillator Bar Run Summary ===
  Run ID                : 0
  Events run            : 108
  Events with ≥1 hit    : 108
  End-left  photons     : 0
  End-right photons     : 0
  Top SiPM  photons     : 545947
  Scint photons generated: 2240981
  Total photons detected : 545947
  Detection efficiency   : 24.3620 %
  ROOT output           : photon_hits_run000.root
==============================

G4WT9 > 
=== EJ Scintillator Bar Run Summary ===
  Run ID                : 0
  Events run            : 108
  Events with ≥1 hit    : 108
  End-left  photons     : 0
  End-right photons     : 0
  Top SiPM  photons     : 533141
  Scint photons generated: 2184684
  Total photons detected : 533141
  Detection efficiency   : 24.4036 %
  ROOT output           : photon_hits_run000.root
==============================


=== EJ Scintillator Bar Run Summary ===
  Run ID                : 0
  Events run            : 3000
  Events with ≥1 hit    : 3000
  End-left  photons     : 0
  End-right photons     : 0
  Top SiPM  photons     : 14654964
  Scint photons generated: 60151990
  Total photons detected : 14654964
  Detection efficiency   : 24.3632 %
  ROOT output           : photon_hits_run000.root
==============================


=== Boundary Census (diagnostic) ===
  Bar -> reflector panel   : 1138348788
  Bar -> World (escaped)   : 0
  Bar -> Bar (TIR/refl)    : 0
  Bar -> SiPM (entering)   : 23459028
  Killed in WorldLV        : 143147
====================================

[2026-06-11T23:23:20] DONE pairscan_x-447.0mm (entries=14654964.0)
[2026-06-11T23:23:20] START pairscan_x-448.0mm (x=-448.0 mm)

**************************************************************
 Geant4 version Name: geant4-11-04 [MT]   (5-December-2025)
  << in Multi-threaded mode >> 
                       Copyright : Geant4 Collaboration
                      References : NIM A 506 (2003), 250-303
                                 : IEEE-TNS 53 (2006), 270-278
                                 : NIM A 835 (2016), 186-225
                             WWW : http://geant4.org/
**************************************************************

Accumulable registered as "NEndLeft"
Accumulable registered as "NEndRight"
Accumulable registered as "NTop"
Accumulable registered as "NEventsWithHits"
Accumulable registered as "NScintPhotons"

-------- WWWW ------- G4Exception-START -------- WWWW -------
*** G4Exception : mat031
      issued by : G4Material::FillVectors()
For material opsc-101 sum of fractional masses 0.996667 is not 1 - results may be wrong

*** This is just a warning message. ***
-------- WWWW -------- G4Exception-END --------- WWWW -------

Checking overlaps for volume BarPV:0 (G4Box) ... OK! 
Checking overlaps for volume ReflectorYMinusPV:0 (G4Box) ... OK! 
Checking overlaps for volume ReflectorZMinusPV:3 (G4Box) ... OK! 
Checking overlaps for volume ReflectorZPlusPV:4 (G4Box) ... OK! 
Checking overlaps for volume ReflectorYPlusPV:5 (G4SubtractionSolid) ... OK! 
Checking overlaps for volume ReflectorXMinusPV:1 (G4Box) ... OK! 
Checking overlaps for volume ReflectorXPlusPV:2 (G4Box) ... OK! 
Checking overlaps for volume TopSiPMPV:16 (G4Box) ... OK! 
Checking overlaps for volume TopSiPMPV:17 (G4Box) ... OK! 
Checking overlaps for volume TopSiPMPV:18 (G4Box) ... OK! 
Checking overlaps for volume TopSiPMPV:19 (G4Box) ... OK! 
Checking overlaps for volume TopSiPMPV:20 (G4Box) ... OK! 
Checking overlaps for volume TopSiPMPV:21 (G4Box) ... OK! 
Checking overlaps for volume TopSiPMPV:22 (G4Box) ... OK! 
Checking overlaps for volume TopSiPMPV:23 (G4Box) ... OK! 
Checking overlaps for volume TopSiPMPV:24 (G4Box) ... OK! 
Checking overlaps for volume TopSiPMPV:25 (G4Box) ... OK! 
Checking overlaps for volume TopSiPMPV:26 (G4Box) ... OK! 
Checking overlaps for volume TopSiPMPV:27 (G4Box) ... OK! 
Checking overlaps for volume TopSiPMPV:28 (G4Box) ... OK! 
Checking overlaps for volume TopSiPMPV:29 (G4Box) ... OK! 
Checking overlaps for volume TopSiPMPV:30 (G4Box) ... OK! 
Checking overlaps for volume TopSiPMPV:31 (G4Box) ... OK! 
Checking overlaps for volume TopSiPMPV:32 (G4Box) ... OK! 
Checking overlaps for volume TopSiPMPV:33 (G4Box) ... OK! 
Checking overlaps for volume TopSiPMPV:34 (G4Box) ... OK! 
Checking overlaps for volume TopSiPMPV:35 (G4Box) ... OK! 
Checking overlaps for volume TopSiPMPV:36 (G4Box) ... OK! 
Checking overlaps for volume TopSiPMPV:37 (G4Box) ... OK! 
Checking overlaps for volume TopSiPMPV:38 (G4Box) ... OK! 
Checking overlaps for volume TopSiPMPV:39 (G4Box) ... OK! 
Checking overlaps for volume TopSiPMPV:40 (G4Box) ... OK! 
Checking overlaps for volume TopSiPMPV:41 (G4Box) ... OK! 
Checking overlaps for volume TopSiPMPV:42 (G4Box) ... OK! 
Checking overlaps for volume TopSiPMPV:43 (G4Box) ... OK! 
Checking overlaps for volume TopSiPMPV:44 (G4Box) ... OK! 
Checking overlaps for volume TopSiPMPV:45 (G4Box) ... OK! 
Checking overlaps for volume TopSiPMPV:46 (G4Box) ... OK! 
Checking overlaps for volume TopSiPMPV:47 (G4Box) ... OK! 
Checking overlaps for volume TopSiPMPV:48 (G4Box) ... OK! 
Checking overlaps for volume TopSiPMPV:49 (G4Box) ... OK! 
Checking overlaps for volume TopSiPMPV:50 (G4Box) ... OK! 
Checking overlaps for volume TopSiPMPV:51 (G4Box) ... OK! 
Checking overlaps for volume TopSiPMPV:52 (G4Box) ... OK! 
Checking overlaps for volume TopSiPMPV:53 (G4Box) ... OK! 
Checking overlaps for volume TopSiPMPV:54 (G4Box) ... OK! 
Checking overlaps for volume TopSiPMPV:55 (G4Box) ... OK! 
Checking overlaps for volume TopSiPMPV:56 (G4Box) ... OK! 
Checking overlaps for volume TopSiPMPV:57 (G4Box) ... OK! 
Checking overlaps for volume TopSiPMPV:58 (G4Box) ... OK! 
Checking overlaps for volume TopSiPMPV:59 (G4Box) ... OK! 
Checking overlaps for volume TopSiPMPV:60 (G4Box) ... OK! 
Checking overlaps for volume TopSiPMPV:61 (G4Box) ... OK! 
Checking overlaps for volume TopSiPMPV:62 (G4Box) ... OK! 
Checking overlaps for volume TopSiPMPV:63 (G4Box) ... OK! 
Checking overlaps for volume TopSiPMPV:64 (G4Box) ... OK! 
Checking overlaps for volume TopSiPMPV:65 (G4Box) ... OK! 
Checking overlaps for volume TopSiPMPV:66 (G4Box) ... OK! 
Checking overlaps for volume TopSiPMPV:67 (G4Box) ... OK! 
Checking overlaps for volume TopSiPMPV:68 (G4Box) ... OK! 
Checking overlaps for volume TopSiPMPV:69 (G4Box) ... OK! 
Checking overlaps for volume TopSiPMPV:70 (G4Box) ... OK! 
Checking overlaps for volume TopSiPMPV:71 (G4Box) ... OK! 
Checking overlaps for volume TopSiPMPV:72 (G4Box) ... OK! 
Checking overlaps for volume TopSiPMPV:73 (G4Box) ... OK! 
Checking overlaps for volume TopSiPMPV:74 (G4Box) ... OK! 
Checking overlaps for volume TopSiPMPV:75 (G4Box) ... OK! 
Checking overlaps for volume TopSiPMPV:76 (G4Box) ... OK! 
Checking overlaps for volume TopSiPMPV:77 (G4Box) ... OK! 
Checking overlaps for volume TopSiPMPV:78 (G4Box) ... OK! 
Checking overlaps for volume TopSiPMPV:79 (G4Box) ... OK! 
Checking overlaps for volume TopSiPMPV:80 (G4Box) ... OK! 
Checking overlaps for volume TopSiPMPV:81 (G4Box) ... OK! 
Checking overlaps for volume TopSiPMPV:82 (G4Box) ... OK! 
Checking overlaps for volume TopSiPMPV:83 (G4Box) ... OK! 
Checking overlaps for volume TopSiPMPV:84 (G4Box) ... OK! 
Checking overlaps for volume TopSiPMPV:85 (G4Box) ... OK! 
### Birks coefficients used in run time
G4WT6 > Accumulable registered as "NEndLeft"
G4WT6 > Accumulable registered as "NEndRight"
G4WT6 > Accumulable registered as "NTop"
G4WT6 > Accumulable registered as "NEventsWithHits"
G4WT6 > Accumulable registered as "NScintPhotons"
G4WT0 > Accumulable registered as "NEndLeft"
G4WT0 > Accumulable registered as "NEndRight"
G4WT0 > Accumulable registered as "NTop"
G4WT0 > Accumulable registered as "NEventsWithHits"
G4WT0 > Accumulable registered as "NScintPhotons"
G4WT2 > Accumulable registered as "NEndLeft"
G4WT2 > Accumulable registered as "NEndRight"
G4WT2 > Accumulable registered as "NTop"
G4WT2 > Accumulable registered as "NEventsWithHits"
G4WT2 > Accumulable registered as "NScintPhotons"
G4WT16 > Accumulable registered as "NEndLeft"
G4WT16 > Accumulable registered as "NEndRight"
G4WT16 > Accumulable registered as "NTop"
G4WT16 > Accumulable registered as "NEventsWithHits"
G4WT16 > Accumulable registered as "NScintPhotons"
G4WT8 > Accumulable registered as "NEndLeft"
G4WT8 > Accumulable registered as "NEndRight"
G4WT8 > Accumulable registered as "NTop"
G4WT8 > Accumulable registered as "NEventsWithHits"
G4WT8 > Accumulable registered as "NScintPhotons"
G4WT21 > Accumulable registered as "NEndLeft"
G4WT21 > Accumulable registered as "NEndRight"
G4WT21 > Accumulable registered as "NTop"
G4WT21 > Accumulable registered as "NEventsWithHits"
G4WT21 > Accumulable registered as "NScintPhotons"
G4WT11 > Accumulable registered as "NEndLeft"
G4WT11 > Accumulable registered as "NEndRight"
G4WT11 > Accumulable registered as "NTop"
G4WT11 > Accumulable registered as "NEventsWithHits"
G4WT11 > Accumulable registered as "NScintPhotons"
G4WT19 > Accumulable registered as "NEndLeft"
G4WT19 > Accumulable registered as "NEndRight"
G4WT19 > Accumulable registered as "NTop"
G4WT19 > Accumulable registered as "NEventsWithHits"
G4WT19 > Accumulable registered as "NScintPhotons"
G4WT1 > Accumulable registered as "NEndLeft"
G4WT1 > Accumulable registered as "NEndRight"
G4WT1 > Accumulable registered as "NTop"
G4WT1 > Accumulable registered as "NEventsWithHits"
G4WT1 > Accumulable registered as "NScintPhotons"
G4WT12 > Accumulable registered as "NEndLeft"
G4WT12 > Accumulable registered as "NEndRight"
G4WT12 > Accumulable registered as "NTop"
G4WT12 > Accumulable registered as "NEventsWithHits"
G4WT12 > Accumulable registered as "NScintPhotons"
G4WT22 > Accumulable registered as "NEndLeft"
G4WT22 > Accumulable registered as "NEndRight"
G4WT22 > Accumulable registered as "NTop"
G4WT22 > Accumulable registered as "NEventsWithHits"
G4WT22 > Accumulable registered as "NScintPhotons"
G4WT14 > Accumulable registered as "NEndLeft"
G4WT14 > Accumulable registered as "NEndRight"
G4WT14 > Accumulable registered as "NTop"
G4WT13 > Accumulable registered as "NEndLeft"
G4WT14 > Accumulable registered as "NEventsWithHits"
G4WT13 > Accumulable registered as "NEndRight"
G4WT14 > Accumulable registered as "NScintPhotons"
G4WT13 > Accumulable registered as "NTop"
G4WT13 > Accumulable registered as "NEventsWithHits"
G4WT13 > Accumulable registered as "NScintPhotons"
G4WT9 > Accumulable registered as "NEndLeft"
G4WT9 > Accumulable registered as "NEndRight"
G4WT9 > Accumulable registered as "NTop"
G4WT9 > Accumulable registered as "NEventsWithHits"
G4WT9 > Accumulable registered as "NScintPhotons"
G4WT7 > Accumulable registered as "NEndLeft"
G4WT7 > Accumulable registered as "NEndRight"
G4WT7 > Accumulable registered as "NTop"
G4WT7 > Accumulable registered as "NEventsWithHits"
G4WT7 > Accumulable registered as "NScintPhotons"
G4WT10 > Accumulable registered as "NEndLeft"
G4WT10 > Accumulable registered as "NEndRight"
G4WT10 > Accumulable registered as "NTop"
G4WT10 > Accumulable registered as "NEventsWithHits"
G4WT10 > Accumulable registered as "NScintPhotons"
G4WT23 > Accumulable registered as "NEndLeft"
G4WT23 > Accumulable registered as "NEndRight"
G4WT23 > Accumulable registered as "NTop"
G4WT23 > Accumulable registered as "NEventsWithHits"
G4WT23 > Accumulable registered as "NScintPhotons"
G4WT15 > Accumulable registered as "NEndLeft"
G4WT15 > Accumulable registered as "NEndRight"
G4WT15 > Accumulable registered as "NTop"
G4WT15 > Accumulable registered as "NEventsWithHits"
G4WT15 > Accumulable registered as "NScintPhotons"
G4WT3 > Accumulable registered as "NEndLeft"
G4WT3 > Accumulable registered as "NEndRight"
G4WT3 > Accumulable registered as "NTop"
G4WT3 > Accumulable registered as "NEventsWithHits"
G4WT3 > Accumulable registered as "NScintPhotons"
G4WT20 > Accumulable registered as "NEndLeft"
G4WT20 > Accumulable registered as "NEndRight"
G4WT20 > Accumulable registered as "NTop"
G4WT20 > Accumulable registered as "NEventsWithHits"
G4WT20 > Accumulable registered as "NScintPhotons"
G4WT4 > Accumulable registered as "NEndLeft"
G4WT4 > Accumulable registered as "NEndRight"
G4WT4 > Accumulable registered as "NTop"
G4WT4 > Accumulable registered as "NEventsWithHits"
G4WT4 > Accumulable registered as "NScintPhotons"
G4WT17 > Accumulable registered as "NEndLeft"
G4WT17 > Accumulable registered as "NEndRight"
G4WT17 > Accumulable registered as "NTop"
G4WT17 > Accumulable registered as "NEventsWithHits"
G4WT17 > Accumulable registered as "NScintPhotons"
G4WT18 > Accumulable registered as "NEndLeft"
G4WT18 > Accumulable registered as "NEndRight"
G4WT18 > Accumulable registered as "NTop"
G4WT18 > Accumulable registered as "NEventsWithHits"
G4WT18 > Accumulable registered as "NScintPhotons"
G4WT5 > Accumulable registered as "NEndLeft"
G4WT5 > Accumulable registered as "NEndRight"
G4WT5 > Accumulable registered as "NTop"
G4WT5 > Accumulable registered as "NEventsWithHits"
G4WT5 > Accumulable registered as "NScintPhotons"

=== Active Scintillator Baseline ===
  SSLG4 code            : OPSC-101
  Yield                 : 10400 ph/MeV
  Rise time tau_r       : 0.7 ns
  Decay time tau_d      : 1.8 ns
  Attenuation length    : 160 cm
  Emission peak lambda  : 408.8 nm
  Finite rise time      : enabled
=====================================

=== Active Readout / Wrapping Configuration ===
  Readout configuration : Top
  SiPM model            : AFBR-S4N66P024M
  SiPM PDE file         : /home/rrios/ej200/data/sipm/AFBR-S4N66P024M_pde.txt
  -X face               : wrapped
  +X face               : wrapped
  -Y face               : wrapped
  +Y face               : instrumented
  -Z face               : wrapped
  +Z face               : wrapped
  Reflector R           : 0.98
  Active End SiPMs      : 0 (L=0, R=0)
  Active Top SiPMs      : 70
==============================================
G4WT22 > 
=== EJ Scintillator Bar Run Summary ===
  Run ID                : 0
  Events run            : 162
  Events with ≥1 hit    : 162
  End-left  photons     : 0
  End-right photons     : 0
  Top SiPM  photons     : 773735
  Scint photons generated: 3195140
  Total photons detected : 773735
  Detection efficiency   : 24.2160 %
  ROOT output           : photon_hits_run000.root
==============================

G4WT8 > 
=== EJ Scintillator Bar Run Summary ===
  Run ID                : 0
  Events run            : 138
  Events with ≥1 hit    : 138
  End-left  photons     : 0
  End-right photons     : 0
  Top SiPM  photons     : 657291
  Scint photons generated: 2715879
  Total photons detected : 657291
  Detection efficiency   : 24.2018 %
  ROOT output           : photon_hits_run000.root
==============================

G4WT20 > 
=== EJ Scintillator Bar Run Summary ===
  Run ID                : 0
  Events run            : 108
  Events with ≥1 hit    : 108
  End-left  photons     : 0
  End-right photons     : 0
  Top SiPM  photons     : 521015
  Scint photons generated: 2148644
  Total photons detected : 521015
  Detection efficiency   : 24.2485 %
  ROOT output           : photon_hits_run000.root
==============================

G4WT13 > 
=== EJ Scintillator Bar Run Summary ===
  Run ID                : 0
  Events run            : 108
  Events with ≥1 hit    : 108
  End-left  photons     : 0
  End-right photons     : 0
  Top SiPM  photons     : 535992
  Scint photons generated: 2204290
  Total photons detected : 535992
  Detection efficiency   : 24.3159 %
  ROOT output           : photon_hits_run000.root
==============================

G4WT11 > 
=== EJ Scintillator Bar Run Summary ===
  Run ID                : 0
  Events run            : 162
  Events with ≥1 hit    : 162
  End-left  photons     : 0
  End-right photons     : 0
  Top SiPM  photons     : 782959
  Scint photons generated: 3222111
  Total photons detected : 782959
  Detection efficiency   : 24.2996 %
  ROOT output           : photon_hits_run000.root
==============================

G4WT2 > 
=== EJ Scintillator Bar Run Summary ===
  Run ID                : 0
  Events run            : 108
  Events with ≥1 hit    : 108
  End-left  photons     : 0
  End-right photons     : 0
  Top SiPM  photons     : 540131
  Scint photons generated: 2226255
  Total photons detected : 540131
  Detection efficiency   : 24.2619 %
  ROOT output           : photon_hits_run000.root
==============================

G4WT9 > 
=== EJ Scintillator Bar Run Summary ===
  Run ID                : 0
  Events run            : 108
  Events with ≥1 hit    : 108
  End-left  photons     : 0
  End-right photons     : 0
  Top SiPM  photons     : 528237
  Scint photons generated: 2176625
  Total photons detected : 528237
  Detection efficiency   : 24.2686 %
  ROOT output           : photon_hits_run000.root
==============================

G4WT15 > 
=== EJ Scintillator Bar Run Summary ===
  Run ID                : 0
  Events run            : 162
  Events with ≥1 hit    : 162
  End-left  photons     : 0
  End-right photons     : 0
  Top SiPM  photons     : 767570
  Scint photons generated: 3166229
  Total photons detected : 767570
  Detection efficiency   : 24.2424 %
  ROOT output           : photon_hits_run000.root
==============================

G4WT23 > 
=== EJ Scintillator Bar Run Summary ===
  Run ID                : 0
  Events run            : 162
  Events with ≥1 hit    : 162
  End-left  photons     : 0
  End-right photons     : 0
  Top SiPM  photons     : 775871
  Scint photons generated: 3202046
  Total photons detected : 775871
  Detection efficiency   : 24.2305 %
  ROOT output           : photon_hits_run000.root
==============================

G4WT4 > 
=== EJ Scintillator Bar Run Summary ===
  Run ID                : 0
  Events run            : 108
  Events with ≥1 hit    : 108
  End-left  photons     : 0
  End-right photons     : 0
  Top SiPM  photons     : 528988
  Scint photons generated: 2175923
  Total photons detected : 528988
  Detection efficiency   : 24.3110 %
  ROOT output           : photon_hits_run000.root
==============================

G4WT12 > 
=== EJ Scintillator Bar Run Summary ===
  Run ID                : 0
  Events run            : 162
  Events with ≥1 hit    : 162
  End-left  photons     : 0
  End-right photons     : 0
  Top SiPM  photons     : 760979
  Scint photons generated: 3137294
  Total photons detected : 760979
  Detection efficiency   : 24.2559 %
  ROOT output           : photon_hits_run000.root
==============================

G4WT16 > 
=== EJ Scintillator Bar Run Summary ===
  Run ID                : 0
  Events run            : 108
  Events with ≥1 hit    : 108
  End-left  photons     : 0
  End-right photons     : 0
  Top SiPM  photons     : 524931
  Scint photons generated: 2163385
  Total photons detected : 524931
  Detection efficiency   : 24.2643 %
  ROOT output           : photon_hits_run000.root
==============================

G4WT14 > 
=== EJ Scintillator Bar Run Summary ===
  Run ID                : 0
  Events run            : 108
  Events with ≥1 hit    : 108
  End-left  photons     : 0
  End-right photons     : 0
  Top SiPM  photons     : 524505
  Scint photons generated: 2162828
  Total photons detected : 524505
  Detection efficiency   : 24.2509 %
  ROOT output           : photon_hits_run000.root
==============================

G4WT6 > 
=== EJ Scintillator Bar Run Summary ===
  Run ID                : 0
  Events run            : 162
  Events with ≥1 hit    : 162
  End-left  photons     : 0
  End-right photons     : 0
  Top SiPM  photons     : 761045
  Scint photons generated: 3136599
  Total photons detected : 761045
  Detection efficiency   : 24.2634 %
  ROOT output           : photon_hits_run000.root
==============================

G4WT0 > 
=== EJ Scintillator Bar Run Summary ===
  Run ID                : 0
  Events run            : 108
  Events with ≥1 hit    : 108
  End-left  photons     : 0
  End-right photons     : 0
  Top SiPM  photons     : 521350
  Scint photons generated: 2146883
  Total photons detected : 521350
  Detection efficiency   : 24.2840 %
  ROOT output           : photon_hits_run000.root
==============================

G4WT17 > 
=== EJ Scintillator Bar Run Summary ===
  Run ID                : 0
  Events run            : 108
  Events with ≥1 hit    : 108
  End-left  photons     : 0
  End-right photons     : 0
  Top SiPM  photons     : 529662
  Scint photons generated: 2175770
  Total photons detected : 529662
  Detection efficiency   : 24.3437 %
  ROOT output           : photon_hits_run000.root
==============================

G4WT3 > 
=== EJ Scintillator Bar Run Summary ===
  Run ID                : 0
  Events run            : 162
  Events with ≥1 hit    : 162
  End-left  photons     : 0
  End-right photons     : 0
  Top SiPM  photons     : 764539
  Scint photons generated: 3146000
  Total photons detected : 764539
  Detection efficiency   : 24.3019 %
  ROOT output           : photon_hits_run000.root
==============================

G4WT10 > 
=== EJ Scintillator Bar Run Summary ===
  Run ID                : 0
  Events run            : 108
  Events with ≥1 hit    : 108
  End-left  photons     : 0
  End-right photons     : 0
  Top SiPM  photons     : 545532
  Scint photons generated: 2244954
  Total photons detected : 545532
  Detection efficiency   : 24.3004 %
  ROOT output           : photon_hits_run000.root
==============================

G4WT1 > 
=== EJ Scintillator Bar Run Summary ===
  Run ID                : 0
  Events run            : 108
  Events with ≥1 hit    : 108
  End-left  photons     : 0
  End-right photons     : 0
  Top SiPM  photons     : 536587
  Scint photons generated: 2208910
  Total photons detected : 536587
  Detection efficiency   : 24.2919 %
  ROOT output           : photon_hits_run000.root
==============================

G4WT7 > 
=== EJ Scintillator Bar Run Summary ===
  Run ID                : 0
  Events run            : 108
  Events with ≥1 hit    : 108
  End-left  photons     : 0
  End-right photons     : 0
  Top SiPM  photons     : 533292
  Scint photons generated: 2197857
  Total photons detected : 533292
  Detection efficiency   : 24.2642 %
  ROOT output           : photon_hits_run000.root
==============================

G4WT5 > 
=== EJ Scintillator Bar Run Summary ===
  Run ID                : 0
  Events run            : 108
  Events with ≥1 hit    : 108
  End-left  photons     : 0
  End-right photons     : 0
  Top SiPM  photons     : 572866
  Scint photons generated: 2362727
  Total photons detected : 572866
  Detection efficiency   : 24.2460 %
  ROOT output           : photon_hits_run000.root
==============================

G4WT18 > 
=== EJ Scintillator Bar Run Summary ===
  Run ID                : 0
  Events run            : 108
  Events with ≥1 hit    : 108
  End-left  photons     : 0
  End-right photons     : 0
  Top SiPM  photons     : 518129
  Scint photons generated: 2138477
  Total photons detected : 518129
  Detection efficiency   : 24.2289 %
  ROOT output           : photon_hits_run000.root
==============================

G4WT21 > 
=== EJ Scintillator Bar Run Summary ===
  Run ID                : 0
  Events run            : 108
  Events with ≥1 hit    : 108
  End-left  photons     : 0
  End-right photons     : 0
  Top SiPM  photons     : 530485
  Scint photons generated: 2189687
  Total photons detected : 530485
  Detection efficiency   : 24.2265 %
  ROOT output           : photon_hits_run000.root
==============================

G4WT19 > 
=== EJ Scintillator Bar Run Summary ===
  Run ID                : 0
  Events run            : 108
  Events with ≥1 hit    : 108
  End-left  photons     : 0
  End-right photons     : 0
  Top SiPM  photons     : 548873
  Scint photons generated: 2264491
  Total photons detected : 548873
  Detection efficiency   : 24.2383 %
  ROOT output           : photon_hits_run000.root
==============================


=== EJ Scintillator Bar Run Summary ===
  Run ID                : 0
  Events run            : 3000
  Events with ≥1 hit    : 3000
  End-left  photons     : 0
  End-right photons     : 0
  Top SiPM  photons     : 14584564
  Scint photons generated: 60109004
  Total photons detected : 14584564
  Detection efficiency   : 24.2635 %
  ROOT output           : photon_hits_run000.root
==============================


=== Boundary Census (diagnostic) ===
  Bar -> reflector panel   : 1140273302
  Bar -> World (escaped)   : 0
  Bar -> Bar (TIR/refl)    : 0
  Bar -> SiPM (entering)   : 23331437
  Killed in WorldLV        : 142349
====================================

[2026-06-11T23:28:45] DONE pairscan_x-448.0mm (entries=14584564.0)
[2026-06-11T23:28:45] START pairscan_x-449.0mm (x=-449.0 mm)

**************************************************************
 Geant4 version Name: geant4-11-04 [MT]   (5-December-2025)
  << in Multi-threaded mode >> 
                       Copyright : Geant4 Collaboration
                      References : NIM A 506 (2003), 250-303
                                 : IEEE-TNS 53 (2006), 270-278
                                 : NIM A 835 (2016), 186-225
                             WWW : http://geant4.org/
**************************************************************

Accumulable registered as "NEndLeft"
Accumulable registered as "NEndRight"
Accumulable registered as "NTop"
Accumulable registered as "NEventsWithHits"
Accumulable registered as "NScintPhotons"

-------- WWWW ------- G4Exception-START -------- WWWW -------
*** G4Exception : mat031
      issued by : G4Material::FillVectors()
For material opsc-101 sum of fractional masses 0.996667 is not 1 - results may be wrong

*** This is just a warning message. ***
-------- WWWW -------- G4Exception-END --------- WWWW -------

Checking overlaps for volume BarPV:0 (G4Box) ... OK! 
Checking overlaps for volume ReflectorYMinusPV:0 (G4Box) ... OK! 
Checking overlaps for volume ReflectorZMinusPV:3 (G4Box) ... OK! 
Checking overlaps for volume ReflectorZPlusPV:4 (G4Box) ... OK! 
Checking overlaps for volume ReflectorYPlusPV:5 (G4SubtractionSolid) ... OK! 
Checking overlaps for volume ReflectorXMinusPV:1 (G4Box) ... OK! 
Checking overlaps for volume ReflectorXPlusPV:2 (G4Box) ... OK! 
Checking overlaps for volume TopSiPMPV:16 (G4Box) ... OK! 
Checking overlaps for volume TopSiPMPV:17 (G4Box) ... OK! 
Checking overlaps for volume TopSiPMPV:18 (G4Box) ... OK! 
Checking overlaps for volume TopSiPMPV:19 (G4Box) ... OK! 
Checking overlaps for volume TopSiPMPV:20 (G4Box) ... OK! 
Checking overlaps for volume TopSiPMPV:21 (G4Box) ... OK! 
Checking overlaps for volume TopSiPMPV:22 (G4Box) ... OK! 
Checking overlaps for volume TopSiPMPV:23 (G4Box) ... OK! 
Checking overlaps for volume TopSiPMPV:24 (G4Box) ... OK! 
Checking overlaps for volume TopSiPMPV:25 (G4Box) ... OK! 
Checking overlaps for volume TopSiPMPV:26 (G4Box) ... OK! 
Checking overlaps for volume TopSiPMPV:27 (G4Box) ... OK! 
Checking overlaps for volume TopSiPMPV:28 (G4Box) ... OK! 
Checking overlaps for volume TopSiPMPV:29 (G4Box) ... OK! 
Checking overlaps for volume TopSiPMPV:30 (G4Box) ... OK! 
Checking overlaps for volume TopSiPMPV:31 (G4Box) ... OK! 
Checking overlaps for volume TopSiPMPV:32 (G4Box) ... OK! 
Checking overlaps for volume TopSiPMPV:33 (G4Box) ... OK! 
Checking overlaps for volume TopSiPMPV:34 (G4Box) ... OK! 
Checking overlaps for volume TopSiPMPV:35 (G4Box) ... OK! 
Checking overlaps for volume TopSiPMPV:36 (G4Box) ... OK! 
Checking overlaps for volume TopSiPMPV:37 (G4Box) ... OK! 
Checking overlaps for volume TopSiPMPV:38 (G4Box) ... OK! 
Checking overlaps for volume TopSiPMPV:39 (G4Box) ... OK! 
Checking overlaps for volume TopSiPMPV:40 (G4Box) ... OK! 
Checking overlaps for volume TopSiPMPV:41 (G4Box) ... OK! 
Checking overlaps for volume TopSiPMPV:42 (G4Box) ... OK! 
Checking overlaps for volume TopSiPMPV:43 (G4Box) ... OK! 
Checking overlaps for volume TopSiPMPV:44 (G4Box) ... OK! 
Checking overlaps for volume TopSiPMPV:45 (G4Box) ... OK! 
Checking overlaps for volume TopSiPMPV:46 (G4Box) ... OK! 
Checking overlaps for volume TopSiPMPV:47 (G4Box) ... OK! 
Checking overlaps for volume TopSiPMPV:48 (G4Box) ... OK! 
Checking overlaps for volume TopSiPMPV:49 (G4Box) ... OK! 
Checking overlaps for volume TopSiPMPV:50 (G4Box) ... OK! 
Checking overlaps for volume TopSiPMPV:51 (G4Box) ... OK! 
Checking overlaps for volume TopSiPMPV:52 (G4Box) ... OK! 
Checking overlaps for volume TopSiPMPV:53 (G4Box) ... OK! 
Checking overlaps for volume TopSiPMPV:54 (G4Box) ... OK! 
Checking overlaps for volume TopSiPMPV:55 (G4Box) ... OK! 
Checking overlaps for volume TopSiPMPV:56 (G4Box) ... OK! 
Checking overlaps for volume TopSiPMPV:57 (G4Box) ... OK! 
Checking overlaps for volume TopSiPMPV:58 (G4Box) ... OK! 
Checking overlaps for volume TopSiPMPV:59 (G4Box) ... OK! 
Checking overlaps for volume TopSiPMPV:60 (G4Box) ... OK! 
Checking overlaps for volume TopSiPMPV:61 (G4Box) ... OK! 
Checking overlaps for volume TopSiPMPV:62 (G4Box) ... OK! 
Checking overlaps for volume TopSiPMPV:63 (G4Box) ... OK! 
Checking overlaps for volume TopSiPMPV:64 (G4Box) ... OK! 
Checking overlaps for volume TopSiPMPV:65 (G4Box) ... OK! 
Checking overlaps for volume TopSiPMPV:66 (G4Box) ... OK! 
Checking overlaps for volume TopSiPMPV:67 (G4Box) ... OK! 
Checking overlaps for volume TopSiPMPV:68 (G4Box) ... OK! 
Checking overlaps for volume TopSiPMPV:69 (G4Box) ... OK! 
Checking overlaps for volume TopSiPMPV:70 (G4Box) ... OK! 
Checking overlaps for volume TopSiPMPV:71 (G4Box) ... OK! 
Checking overlaps for volume TopSiPMPV:72 (G4Box) ... OK! 
Checking overlaps for volume TopSiPMPV:73 (G4Box) ... OK! 
Checking overlaps for volume TopSiPMPV:74 (G4Box) ... OK! 
Checking overlaps for volume TopSiPMPV:75 (G4Box) ... OK! 
Checking overlaps for volume TopSiPMPV:76 (G4Box) ... OK! 
Checking overlaps for volume TopSiPMPV:77 (G4Box) ... OK! 
Checking overlaps for volume TopSiPMPV:78 (G4Box) ... OK! 
Checking overlaps for volume TopSiPMPV:79 (G4Box) ... OK! 
Checking overlaps for volume TopSiPMPV:80 (G4Box) ... OK! 
Checking overlaps for volume TopSiPMPV:81 (G4Box) ... OK! 
Checking overlaps for volume TopSiPMPV:82 (G4Box) ... OK! 
Checking overlaps for volume TopSiPMPV:83 (G4Box) ... OK! 
Checking overlaps for volume TopSiPMPV:84 (G4Box) ... OK! 
Checking overlaps for volume TopSiPMPV:85 (G4Box) ... OK! 
### Birks coefficients used in run time
G4WT8 > Accumulable registered as "NEndLeft"
G4WT8 > Accumulable registered as "NEndRight"
G4WT8 > Accumulable registered as "NTop"
G4WT8 > Accumulable registered as "NEventsWithHits"
G4WT8 > Accumulable registered as "NScintPhotons"
G4WT22 > Accumulable registered as "NEndLeft"
G4WT22 > Accumulable registered as "NEndRight"
G4WT22 > Accumulable registered as "NTop"
G4WT22 > Accumulable registered as "NEventsWithHits"
G4WT22 > Accumulable registered as "NScintPhotons"
G4WT21 > Accumulable registered as "NEndLeft"
G4WT21 > Accumulable registered as "NEndRight"
G4WT21 > Accumulable registered as "NTop"
G4WT17 > Accumulable registered as "NEndLeft"
G4WT17 > Accumulable registered as "NEndRight"
G4WT17 > Accumulable registered as "NTop"
G4WT21 > Accumulable registered as "NEventsWithHits"
G4WT17 > Accumulable registered as "NEventsWithHits"
G4WT21 > Accumulable registered as "NScintPhotons"
G4WT17 > Accumulable registered as "NScintPhotons"
G4WT7 > Accumulable registered as "NEndLeft"
G4WT7 > Accumulable registered as "NEndRight"
G4WT7 > Accumulable registered as "NTop"
G4WT7 > Accumulable registered as "NEventsWithHits"
G4WT7 > Accumulable registered as "NScintPhotons"
G4WT1 > Accumulable registered as "NEndLeft"
G4WT1 > Accumulable registered as "NEndRight"
G4WT1 > Accumulable registered as "NTop"
G4WT1 > Accumulable registered as "NEventsWithHits"
G4WT1 > Accumulable registered as "NScintPhotons"
G4WT19 > Accumulable registered as "NEndLeft"
G4WT19 > Accumulable registered as "NEndRight"
G4WT19 > Accumulable registered as "NTop"
G4WT19 > Accumulable registered as "NEventsWithHits"
G4WT19 > Accumulable registered as "NScintPhotons"
G4WT2 > Accumulable registered as "NEndLeft"
G4WT2 > Accumulable registered as "NEndRight"
G4WT2 > Accumulable registered as "NTop"
G4WT2 > Accumulable registered as "NEventsWithHits"
G4WT2 > Accumulable registered as "NScintPhotons"
G4WT18 > Accumulable registered as "NEndLeft"
G4WT18 > Accumulable registered as "NEndRight"
G4WT18 > Accumulable registered as "NTop"
G4WT18 > Accumulable registered as "NEventsWithHits"
G4WT18 > Accumulable registered as "NScintPhotons"
G4WT13 > Accumulable registered as "NEndLeft"
G4WT13 > Accumulable registered as "NEndRight"
G4WT13 > Accumulable registered as "NTop"
G4WT13 > Accumulable registered as "NEventsWithHits"
G4WT13 > Accumulable registered as "NScintPhotons"
G4WT15 > Accumulable registered as "NEndLeft"
G4WT15 > Accumulable registered as "NEndRight"
G4WT15 > Accumulable registered as "NTop"
G4WT20 > Accumulable registered as "NEndLeft"
G4WT15 > Accumulable registered as "NEventsWithHits"
G4WT20 > Accumulable registered as "NEndRight"
G4WT15 > Accumulable registered as "NScintPhotons"
G4WT20 > Accumulable registered as "NTop"
G4WT20 > Accumulable registered as "NEventsWithHits"
G4WT20 > Accumulable registered as "NScintPhotons"
G4WT6 > Accumulable registered as "NEndLeft"
G4WT6 > Accumulable registered as "NEndRight"
G4WT6 > Accumulable registered as "NTop"
G4WT6 > Accumulable registered as "NEventsWithHits"
G4WT6 > Accumulable registered as "NScintPhotons"
G4WT10 > Accumulable registered as "NEndLeft"
G4WT10 > Accumulable registered as "NEndRight"
G4WT10 > Accumulable registered as "NTop"
G4WT10 > Accumulable registered as "NEventsWithHits"
G4WT10 > Accumulable registered as "NScintPhotons"
G4WT16 > Accumulable registered as "NEndLeft"
G4WT16 > Accumulable registered as "NEndRight"
G4WT16 > Accumulable registered as "NTop"
G4WT16 > Accumulable registered as "NEventsWithHits"
G4WT16 > Accumulable registered as "NScintPhotons"
G4WT3 > Accumulable registered as "NEndLeft"
G4WT3 > Accumulable registered as "NEndRight"
G4WT3 > Accumulable registered as "NTop"
G4WT3 > Accumulable registered as "NEventsWithHits"
G4WT3 > Accumulable registered as "NScintPhotons"
G4WT9 > Accumulable registered as "NEndLeft"
G4WT9 > Accumulable registered as "NEndRight"
G4WT9 > Accumulable registered as "NTop"
G4WT9 > Accumulable registered as "NEventsWithHits"
G4WT9 > Accumulable registered as "NScintPhotons"
G4WT23 > Accumulable registered as "NEndLeft"
G4WT23 > Accumulable registered as "NEndRight"
G4WT23 > Accumulable registered as "NTop"
G4WT23 > Accumulable registered as "NEventsWithHits"
G4WT23 > Accumulable registered as "NScintPhotons"
G4WT4 > Accumulable registered as "NEndLeft"
G4WT4 > Accumulable registered as "NEndRight"
G4WT4 > Accumulable registered as "NTop"
G4WT0 > Accumulable registered as "NEndLeft"
G4WT0 > Accumulable registered as "NEndRight"
G4WT4 > Accumulable registered as "NEventsWithHits"
G4WT4 > Accumulable registered as "NScintPhotons"
G4WT0 > Accumulable registered as "NTop"
G4WT0 > Accumulable registered as "NEventsWithHits"
G4WT0 > Accumulable registered as "NScintPhotons"
G4WT14 > Accumulable registered as "NEndLeft"
G4WT14 > Accumulable registered as "NEndRight"
G4WT14 > Accumulable registered as "NTop"
G4WT14 > Accumulable registered as "NEventsWithHits"
G4WT14 > Accumulable registered as "NScintPhotons"
G4WT5 > Accumulable registered as "NEndLeft"
G4WT5 > Accumulable registered as "NEndRight"
G4WT5 > Accumulable registered as "NTop"
G4WT5 > Accumulable registered as "NEventsWithHits"
G4WT5 > Accumulable registered as "NScintPhotons"
G4WT12 > Accumulable registered as "NEndLeft"
G4WT12 > Accumulable registered as "NEndRight"
G4WT12 > Accumulable registered as "NTop"
G4WT12 > Accumulable registered as "NEventsWithHits"
G4WT12 > Accumulable registered as "NScintPhotons"
G4WT11 > Accumulable registered as "NEndLeft"
G4WT11 > Accumulable registered as "NEndRight"
G4WT11 > Accumulable registered as "NTop"
G4WT11 > Accumulable registered as "NEventsWithHits"
G4WT11 > Accumulable registered as "NScintPhotons"

=== Active Scintillator Baseline ===
  SSLG4 code            : OPSC-101
  Yield                 : 10400 ph/MeV
  Rise time tau_r       : 0.7 ns
  Decay time tau_d      : 1.8 ns
  Attenuation length    : 160 cm
  Emission peak lambda  : 408.8 nm
  Finite rise time      : enabled
=====================================

=== Active Readout / Wrapping Configuration ===
  Readout configuration : Top
  SiPM model            : AFBR-S4N66P024M
  SiPM PDE file         : /home/rrios/ej200/data/sipm/AFBR-S4N66P024M_pde.txt
  -X face               : wrapped
  +X face               : wrapped
  -Y face               : wrapped
  +Y face               : instrumented
  -Z face               : wrapped
  +Z face               : wrapped
  Reflector R           : 0.98
  Active End SiPMs      : 0 (L=0, R=0)
  Active Top SiPMs      : 70
==============================================
G4WT8 > 
=== EJ Scintillator Bar Run Summary ===
  Run ID                : 0
  Events run            : 108
  Events with ≥1 hit    : 108
  End-left  photons     : 0
  End-right photons     : 0
  Top SiPM  photons     : 535344
  Scint photons generated: 2209796
  Total photons detected : 535344
  Detection efficiency   : 24.2259 %
  ROOT output           : photon_hits_run000.root
==============================

G4WT6 > 
=== EJ Scintillator Bar Run Summary ===
  Run ID                : 0
  Events run            : 162
  Events with ≥1 hit    : 162
  End-left  photons     : 0
  End-right photons     : 0
  Top SiPM  photons     : 768730
  Scint photons generated: 3178760
  Total photons detected : 768730
  Detection efficiency   : 24.1833 %
  ROOT output           : photon_hits_run000.root
==============================

G4WT19 > 
=== EJ Scintillator Bar Run Summary ===
  Run ID                : 0
  Events run            : 162
  Events with ≥1 hit    : 162
  End-left  photons     : 0
  End-right photons     : 0
  Top SiPM  photons     : 791031
  Scint photons generated: 3272807
  Total photons detected : 791031
  Detection efficiency   : 24.1698 %
  ROOT output           : photon_hits_run000.root
==============================

G4WT22 > 
=== EJ Scintillator Bar Run Summary ===
  Run ID                : 0
  Events run            : 108
  Events with ≥1 hit    : 108
  End-left  photons     : 0
  End-right photons     : 0
  Top SiPM  photons     : 522864
  Scint photons generated: 2158573
  Total photons detected : 522864
  Detection efficiency   : 24.2227 %
  ROOT output           : photon_hits_run000.root
==============================

G4WT2 > 
=== EJ Scintillator Bar Run Summary ===
  Run ID                : 0
  Events run            : 108
  Events with ≥1 hit    : 108
  End-left  photons     : 0
  End-right photons     : 0
  Top SiPM  photons     : 543008
  Scint photons generated: 2246108
  Total photons detected : 543008
  Detection efficiency   : 24.1755 %
  ROOT output           : photon_hits_run000.root
==============================

G4WT21 > 
=== EJ Scintillator Bar Run Summary ===
  Run ID                : 0
  Events run            : 108
  Events with ≥1 hit    : 108
  End-left  photons     : 0
  End-right photons     : 0
  Top SiPM  photons     : 530244
  Scint photons generated: 2194274
  Total photons detected : 530244
  Detection efficiency   : 24.1649 %
  ROOT output           : photon_hits_run000.root
==============================

G4WT5 > 
=== EJ Scintillator Bar Run Summary ===
  Run ID                : 0
  Events run            : 108
  Events with ≥1 hit    : 108
  End-left  photons     : 0
  End-right photons     : 0
  Top SiPM  photons     : 532033
  Scint photons generated: 2202535
  Total photons detected : 532033
  Detection efficiency   : 24.1555 %
  ROOT output           : photon_hits_run000.root
==============================

G4WT10 > 
=== EJ Scintillator Bar Run Summary ===
  Run ID                : 0
  Events run            : 108
  Events with ≥1 hit    : 108
  End-left  photons     : 0
  End-right photons     : 0
  Top SiPM  photons     : 553042
  Scint photons generated: 2285580
  Total photons detected : 553042
  Detection efficiency   : 24.1970 %
  ROOT output           : photon_hits_run000.root
==============================

G4WT12 > 
=== EJ Scintillator Bar Run Summary ===
  Run ID                : 0
  Events run            : 108
  Events with ≥1 hit    : 108
  End-left  photons     : 0
  End-right photons     : 0
  Top SiPM  photons     : 530941
  Scint photons generated: 2192658
  Total photons detected : 530941
  Detection efficiency   : 24.2145 %
  ROOT output           : photon_hits_run000.root
==============================

G4WT20 > 
=== EJ Scintillator Bar Run Summary ===
  Run ID                : 0
  Events run            : 162
  Events with ≥1 hit    : 162
  End-left  photons     : 0
  End-right photons     : 0
  Top SiPM  photons     : 769581
  Scint photons generated: 3184797
  Total photons detected : 769581
  Detection efficiency   : 24.1642 %
  ROOT output           : photon_hits_run000.root
==============================

G4WT18 > 
=== EJ Scintillator Bar Run Summary ===
  Run ID                : 0
  Events run            : 108
  Events with ≥1 hit    : 108
  End-left  photons     : 0
  End-right photons     : 0
  Top SiPM  photons     : 528733
  Scint photons generated: 2187930
  Total photons detected : 528733
  Detection efficiency   : 24.1659 %
  ROOT output           : photon_hits_run000.root
==============================

G4WT4 > 
=== EJ Scintillator Bar Run Summary ===
  Run ID                : 0
  Events run            : 162
  Events with ≥1 hit    : 162
  End-left  photons     : 0
  End-right photons     : 0
  Top SiPM  photons     : 741947
  Scint photons generated: 3070823
  Total photons detected : 741947
  Detection efficiency   : 24.1612 %
  ROOT output           : photon_hits_run000.root
==============================

G4WT1 > 
=== EJ Scintillator Bar Run Summary ===
  Run ID                : 0
  Events run            : 138
  Events with ≥1 hit    : 138
  End-left  photons     : 0
  End-right photons     : 0
  Top SiPM  photons     : 669557
  Scint photons generated: 2772279
  Total photons detected : 669557
  Detection efficiency   : 24.1519 %
  ROOT output           : photon_hits_run000.root
==============================

G4WT0 > 
=== EJ Scintillator Bar Run Summary ===
  Run ID                : 0
  Events run            : 108
  Events with ≥1 hit    : 108
  End-left  photons     : 0
  End-right photons     : 0
  Top SiPM  photons     : 551580
  Scint photons generated: 2278529
  Total photons detected : 551580
  Detection efficiency   : 24.2077 %
  ROOT output           : photon_hits_run000.root
==============================

G4WT13 > 
=== EJ Scintillator Bar Run Summary ===
  Run ID                : 0
  Events run            : 162
  Events with ≥1 hit    : 162
  End-left  photons     : 0
  End-right photons     : 0
  Top SiPM  photons     : 786499
  Scint photons generated: 3255071
  Total photons detected : 786499
  Detection efficiency   : 24.1623 %
  ROOT output           : photon_hits_run000.root
==============================

G4WT16 > 
=== EJ Scintillator Bar Run Summary ===
  Run ID                : 0
  Events run            : 108
  Events with ≥1 hit    : 108
  End-left  photons     : 0
  End-right photons     : 0
  Top SiPM  photons     : 534838
  Scint photons generated: 2211040
  Total photons detected : 534838
  Detection efficiency   : 24.1894 %
  ROOT output           : photon_hits_run000.root
==============================

G4WT3 > 
=== EJ Scintillator Bar Run Summary ===
  Run ID                : 0
  Events run            : 108
  Events with ≥1 hit    : 108
  End-left  photons     : 0
  End-right photons     : 0
  Top SiPM  photons     : 551661
  Scint photons generated: 2286769
  Total photons detected : 551661
  Detection efficiency   : 24.1240 %
  ROOT output           : photon_hits_run000.root
==============================

G4WT14 > 
=== EJ Scintillator Bar Run Summary ===
  Run ID                : 0
  Events run            : 108
  Events with ≥1 hit    : 108
  End-left  photons     : 0
  End-right photons     : 0
  Top SiPM  photons     : 529111
  Scint photons generated: 2188151
  Total photons detected : 529111
  Detection efficiency   : 24.1807 %
  ROOT output           : photon_hits_run000.root
==============================

G4WT11 > 
=== EJ Scintillator Bar Run Summary ===
  Run ID                : 0
  Events run            : 108
  Events with ≥1 hit    : 108
  End-left  photons     : 0
  End-right photons     : 0
  Top SiPM  photons     : 537962
  Scint photons generated: 2224228
  Total photons detected : 537962
  Detection efficiency   : 24.1865 %
  ROOT output           : photon_hits_run000.root
==============================

G4WT9 > 
=== EJ Scintillator Bar Run Summary ===
  Run ID                : 0
  Events run            : 108
  Events with ≥1 hit    : 108
  End-left  photons     : 0
  End-right photons     : 0
  Top SiPM  photons     : 526511
  Scint photons generated: 2179011
  Total photons detected : 526511
  Detection efficiency   : 24.1628 %
  ROOT output           : photon_hits_run000.root
==============================

G4WT7 > 
=== EJ Scintillator Bar Run Summary ===
  Run ID                : 0
  Events run            : 162
  Events with ≥1 hit    : 162
  End-left  photons     : 0
  End-right photons     : 0
  Top SiPM  photons     : 752384
  Scint photons generated: 3110814
  Total photons detected : 752384
  Detection efficiency   : 24.1861 %
  ROOT output           : photon_hits_run000.root
==============================

G4WT17 > 
=== EJ Scintillator Bar Run Summary ===
  Run ID                : 0
  Events run            : 108
  Events with ≥1 hit    : 108
  End-left  photons     : 0
  End-right photons     : 0
  Top SiPM  photons     : 519819
  Scint photons generated: 2151249
  Total photons detected : 519819
  Detection efficiency   : 24.1636 %
  ROOT output           : photon_hits_run000.root
==============================

G4WT23 > 
=== EJ Scintillator Bar Run Summary ===
  Run ID                : 0
  Events run            : 108
  Events with ≥1 hit    : 108
  End-left  photons     : 0
  End-right photons     : 0
  Top SiPM  photons     : 543443
  Scint photons generated: 2248703
  Total photons detected : 543443
  Detection efficiency   : 24.1670 %
  ROOT output           : photon_hits_run000.root
==============================

G4WT15 > 
=== EJ Scintillator Bar Run Summary ===
  Run ID                : 0
  Events run            : 162
  Events with ≥1 hit    : 162
  End-left  photons     : 0
  End-right photons     : 0
  Top SiPM  photons     : 780641
  Scint photons generated: 3230919
  Total photons detected : 780641
  Detection efficiency   : 24.1616 %
  ROOT output           : photon_hits_run000.root
==============================


=== EJ Scintillator Bar Run Summary ===
  Run ID                : 0
  Events run            : 3000
  Events with ≥1 hit    : 3000
  End-left  photons     : 0
  End-right photons     : 0
  Top SiPM  photons     : 14631504
  Scint photons generated: 60521404
  Total photons detected : 14631504
  Detection efficiency   : 24.1758 %
  ROOT output           : photon_hits_run000.root
==============================


=== Boundary Census (diagnostic) ===
  Bar -> reflector panel   : 1149843579
  Bar -> World (escaped)   : 0
  Bar -> Bar (TIR/refl)    : 0
  Bar -> SiPM (entering)   : 23404894
  Killed in WorldLV        : 143161
====================================

[2026-06-11T23:34:16] DONE pairscan_x-449.0mm (entries=14631504.0)
[2026-06-11T23:34:16] START pairscan_x-450.0mm (x=-450.0 mm)

**************************************************************
 Geant4 version Name: geant4-11-04 [MT]   (5-December-2025)
  << in Multi-threaded mode >> 
                       Copyright : Geant4 Collaboration
                      References : NIM A 506 (2003), 250-303
                                 : IEEE-TNS 53 (2006), 270-278
                                 : NIM A 835 (2016), 186-225
                             WWW : http://geant4.org/
**************************************************************

Accumulable registered as "NEndLeft"
Accumulable registered as "NEndRight"
Accumulable registered as "NTop"
Accumulable registered as "NEventsWithHits"
Accumulable registered as "NScintPhotons"

-------- WWWW ------- G4Exception-START -------- WWWW -------
*** G4Exception : mat031
      issued by : G4Material::FillVectors()
For material opsc-101 sum of fractional masses 0.996667 is not 1 - results may be wrong

*** This is just a warning message. ***
-------- WWWW -------- G4Exception-END --------- WWWW -------

Checking overlaps for volume BarPV:0 (G4Box) ... OK! 
Checking overlaps for volume ReflectorYMinusPV:0 (G4Box) ... OK! 
Checking overlaps for volume ReflectorZMinusPV:3 (G4Box) ... OK! 
Checking overlaps for volume ReflectorZPlusPV:4 (G4Box) ... OK! 
Checking overlaps for volume ReflectorYPlusPV:5 (G4SubtractionSolid) ... OK! 
Checking overlaps for volume ReflectorXMinusPV:1 (G4Box) ... OK! 
Checking overlaps for volume ReflectorXPlusPV:2 (G4Box) ... OK! 
Checking overlaps for volume TopSiPMPV:16 (G4Box) ... OK! 
Checking overlaps for volume TopSiPMPV:17 (G4Box) ... OK! 
Checking overlaps for volume TopSiPMPV:18 (G4Box) ... OK! 
Checking overlaps for volume TopSiPMPV:19 (G4Box) ... OK! 
Checking overlaps for volume TopSiPMPV:20 (G4Box) ... OK! 
Checking overlaps for volume TopSiPMPV:21 (G4Box) ... OK! 
Checking overlaps for volume TopSiPMPV:22 (G4Box) ... OK! 
Checking overlaps for volume TopSiPMPV:23 (G4Box) ... OK! 
Checking overlaps for volume TopSiPMPV:24 (G4Box) ... OK! 
Checking overlaps for volume TopSiPMPV:25 (G4Box) ... OK! 
Checking overlaps for volume TopSiPMPV:26 (G4Box) ... OK! 
Checking overlaps for volume TopSiPMPV:27 (G4Box) ... OK! 
Checking overlaps for volume TopSiPMPV:28 (G4Box) ... OK! 
Checking overlaps for volume TopSiPMPV:29 (G4Box) ... OK! 
Checking overlaps for volume TopSiPMPV:30 (G4Box) ... OK! 
Checking overlaps for volume TopSiPMPV:31 (G4Box) ... OK! 
Checking overlaps for volume TopSiPMPV:32 (G4Box) ... OK! 
Checking overlaps for volume TopSiPMPV:33 (G4Box) ... OK! 
Checking overlaps for volume TopSiPMPV:34 (G4Box) ... OK! 
Checking overlaps for volume TopSiPMPV:35 (G4Box) ... OK! 
Checking overlaps for volume TopSiPMPV:36 (G4Box) ... OK! 
Checking overlaps for volume TopSiPMPV:37 (G4Box) ... OK! 
Checking overlaps for volume TopSiPMPV:38 (G4Box) ... OK! 
Checking overlaps for volume TopSiPMPV:39 (G4Box) ... OK! 
Checking overlaps for volume TopSiPMPV:40 (G4Box) ... OK! 
Checking overlaps for volume TopSiPMPV:41 (G4Box) ... OK! 
Checking overlaps for volume TopSiPMPV:42 (G4Box) ... OK! 
Checking overlaps for volume TopSiPMPV:43 (G4Box) ... OK! 
Checking overlaps for volume TopSiPMPV:44 (G4Box) ... OK! 
Checking overlaps for volume TopSiPMPV:45 (G4Box) ... OK! 
Checking overlaps for volume TopSiPMPV:46 (G4Box) ... OK! 
Checking overlaps for volume TopSiPMPV:47 (G4Box) ... OK! 
Checking overlaps for volume TopSiPMPV:48 (G4Box) ... OK! 
Checking overlaps for volume TopSiPMPV:49 (G4Box) ... OK! 
Checking overlaps for volume TopSiPMPV:50 (G4Box) ... OK! 
Checking overlaps for volume TopSiPMPV:51 (G4Box) ... OK! 
Checking overlaps for volume TopSiPMPV:52 (G4Box) ... OK! 
Checking overlaps for volume TopSiPMPV:53 (G4Box) ... OK! 
Checking overlaps for volume TopSiPMPV:54 (G4Box) ... OK! 
Checking overlaps for volume TopSiPMPV:55 (G4Box) ... OK! 
Checking overlaps for volume TopSiPMPV:56 (G4Box) ... OK! 
Checking overlaps for volume TopSiPMPV:57 (G4Box) ... OK! 
Checking overlaps for volume TopSiPMPV:58 (G4Box) ... OK! 
Checking overlaps for volume TopSiPMPV:59 (G4Box) ... OK! 
Checking overlaps for volume TopSiPMPV:60 (G4Box) ... OK! 
Checking overlaps for volume TopSiPMPV:61 (G4Box) ... OK! 
Checking overlaps for volume TopSiPMPV:62 (G4Box) ... OK! 
Checking overlaps for volume TopSiPMPV:63 (G4Box) ... OK! 
Checking overlaps for volume TopSiPMPV:64 (G4Box) ... OK! 
Checking overlaps for volume TopSiPMPV:65 (G4Box) ... OK! 
Checking overlaps for volume TopSiPMPV:66 (G4Box) ... OK! 
Checking overlaps for volume TopSiPMPV:67 (G4Box) ... OK! 
Checking overlaps for volume TopSiPMPV:68 (G4Box) ... OK! 
Checking overlaps for volume TopSiPMPV:69 (G4Box) ... OK! 
Checking overlaps for volume TopSiPMPV:70 (G4Box) ... OK! 
Checking overlaps for volume TopSiPMPV:71 (G4Box) ... OK! 
Checking overlaps for volume TopSiPMPV:72 (G4Box) ... OK! 
Checking overlaps for volume TopSiPMPV:73 (G4Box) ... OK! 
Checking overlaps for volume TopSiPMPV:74 (G4Box) ... OK! 
Checking overlaps for volume TopSiPMPV:75 (G4Box) ... OK! 
Checking overlaps for volume TopSiPMPV:76 (G4Box) ... OK! 
Checking overlaps for volume TopSiPMPV:77 (G4Box) ... OK! 
Checking overlaps for volume TopSiPMPV:78 (G4Box) ... OK! 
Checking overlaps for volume TopSiPMPV:79 (G4Box) ... OK! 
Checking overlaps for volume TopSiPMPV:80 (G4Box) ... OK! 
Checking overlaps for volume TopSiPMPV:81 (G4Box) ... OK! 
Checking overlaps for volume TopSiPMPV:82 (G4Box) ... OK! 
Checking overlaps for volume TopSiPMPV:83 (G4Box) ... OK! 
Checking overlaps for volume TopSiPMPV:84 (G4Box) ... OK! 
Checking overlaps for volume TopSiPMPV:85 (G4Box) ... OK! 
### Birks coefficients used in run time
G4WT22 > Accumulable registered as "NEndLeft"
G4WT22 > Accumulable registered as "NEndRight"
G4WT22 > Accumulable registered as "NTop"
G4WT22 > Accumulable registered as "NEventsWithHits"
G4WT22 > Accumulable registered as "NScintPhotons"
G4WT1 > Accumulable registered as "NEndLeft"
G4WT1 > Accumulable registered as "NEndRight"
G4WT1 > Accumulable registered as "NTop"
G4WT1 > Accumulable registered as "NEventsWithHits"
G4WT1 > Accumulable registered as "NScintPhotons"
G4WT18 > Accumulable registered as "NEndLeft"
G4WT18 > Accumulable registered as "NEndRight"
G4WT18 > Accumulable registered as "NTop"
G4WT18 > Accumulable registered as "NEventsWithHits"
G4WT18 > Accumulable registered as "NScintPhotons"
G4WT11 > Accumulable registered as "NEndLeft"
G4WT11 > Accumulable registered as "NEndRight"
G4WT11 > Accumulable registered as "NTop"
G4WT11 > Accumulable registered as "NEventsWithHits"
G4WT11 > Accumulable registered as "NScintPhotons"
G4WT14 > Accumulable registered as "NEndLeft"
G4WT14 > Accumulable registered as "NEndRight"
G4WT14 > Accumulable registered as "NTop"
G4WT14 > Accumulable registered as "NEventsWithHits"
G4WT14 > Accumulable registered as "NScintPhotons"
G4WT23 > Accumulable registered as "NEndLeft"
G4WT23 > Accumulable registered as "NEndRight"
G4WT23 > Accumulable registered as "NTop"
G4WT23 > Accumulable registered as "NEventsWithHits"
G4WT23 > Accumulable registered as "NScintPhotons"
G4WT17 > Accumulable registered as "NEndLeft"
G4WT17 > Accumulable registered as "NEndRight"
G4WT17 > Accumulable registered as "NTop"
G4WT17 > Accumulable registered as "NEventsWithHits"
G4WT17 > Accumulable registered as "NScintPhotons"
G4WT9 > Accumulable registered as "NEndLeft"
G4WT9 > Accumulable registered as "NEndRight"
G4WT9 > Accumulable registered as "NTop"
G4WT9 > Accumulable registered as "NEventsWithHits"
G4WT9 > Accumulable registered as "NScintPhotons"
G4WT16 > Accumulable registered as "NEndLeft"
G4WT16 > Accumulable registered as "NEndRight"
G4WT16 > Accumulable registered as "NTop"
G4WT16 > Accumulable registered as "NEventsWithHits"
G4WT16 > Accumulable registered as "NScintPhotons"
G4WT4 > Accumulable registered as "NEndLeft"
G4WT4 > Accumulable registered as "NEndRight"
G4WT4 > Accumulable registered as "NTop"
G4WT4 > Accumulable registered as "NEventsWithHits"
G4WT4 > Accumulable registered as "NScintPhotons"
G4WT8 > Accumulable registered as "NEndLeft"
G4WT8 > Accumulable registered as "NEndRight"
G4WT8 > Accumulable registered as "NTop"
G4WT8 > Accumulable registered as "NEventsWithHits"
G4WT8 > Accumulable registered as "NScintPhotons"
G4WT21 > Accumulable registered as "NEndLeft"
G4WT21 > Accumulable registered as "NEndRight"
G4WT21 > Accumulable registered as "NTop"
G4WT21 > Accumulable registered as "NEventsWithHits"
G4WT21 > Accumulable registered as "NScintPhotons"
G4WT5 > Accumulable registered as "NEndLeft"
G4WT5 > Accumulable registered as "NEndRight"
G4WT5 > Accumulable registered as "NTop"
G4WT5 > Accumulable registered as "NEventsWithHits"
G4WT5 > Accumulable registered as "NScintPhotons"
G4WT2 > Accumulable registered as "NEndLeft"
G4WT2 > Accumulable registered as "NEndRight"
G4WT2 > Accumulable registered as "NTop"
G4WT2 > Accumulable registered as "NEventsWithHits"
G4WT2 > Accumulable registered as "NScintPhotons"
G4WT20 > Accumulable registered as "NEndLeft"
G4WT20 > Accumulable registered as "NEndRight"
G4WT20 > Accumulable registered as "NTop"
G4WT20 > Accumulable registered as "NEventsWithHits"
G4WT20 > Accumulable registered as "NScintPhotons"
G4WT6 > Accumulable registered as "NEndLeft"
G4WT6 > Accumulable registered as "NEndRight"
G4WT6 > Accumulable registered as "NTop"
G4WT6 > Accumulable registered as "NEventsWithHits"
G4WT6 > Accumulable registered as "NScintPhotons"
G4WT10 > Accumulable registered as "NEndLeft"
G4WT10 > Accumulable registered as "NEndRight"
G4WT10 > Accumulable registered as "NTop"
G4WT10 > Accumulable registered as "NEventsWithHits"
G4WT10 > Accumulable registered as "NScintPhotons"
G4WT12 > Accumulable registered as "NEndLeft"
G4WT12 > Accumulable registered as "NEndRight"
G4WT12 > Accumulable registered as "NTop"
G4WT12 > Accumulable registered as "NEventsWithHits"
G4WT12 > Accumulable registered as "NScintPhotons"
G4WT3 > Accumulable registered as "NEndLeft"
G4WT3 > Accumulable registered as "NEndRight"
G4WT3 > Accumulable registered as "NTop"
G4WT3 > Accumulable registered as "NEventsWithHits"
G4WT3 > Accumulable registered as "NScintPhotons"
G4WT19 > Accumulable registered as "NEndLeft"
G4WT19 > Accumulable registered as "NEndRight"
G4WT19 > Accumulable registered as "NTop"
G4WT19 > Accumulable registered as "NEventsWithHits"
G4WT19 > Accumulable registered as "NScintPhotons"
G4WT13 > Accumulable registered as "NEndLeft"
G4WT13 > Accumulable registered as "NEndRight"
G4WT13 > Accumulable registered as "NTop"
G4WT13 > Accumulable registered as "NEventsWithHits"
G4WT13 > Accumulable registered as "NScintPhotons"
G4WT7 > Accumulable registered as "NEndLeft"
G4WT7 > Accumulable registered as "NEndRight"
G4WT7 > Accumulable registered as "NTop"
G4WT7 > Accumulable registered as "NEventsWithHits"
G4WT7 > Accumulable registered as "NScintPhotons"
G4WT15 > Accumulable registered as "NEndLeft"
G4WT15 > Accumulable registered as "NEndRight"
G4WT15 > Accumulable registered as "NTop"
G4WT15 > Accumulable registered as "NEventsWithHits"
G4WT15 > Accumulable registered as "NScintPhotons"
G4WT0 > Accumulable registered as "NEndLeft"
G4WT0 > Accumulable registered as "NEndRight"
G4WT0 > Accumulable registered as "NTop"
G4WT0 > Accumulable registered as "NEventsWithHits"
G4WT0 > Accumulable registered as "NScintPhotons"

=== Active Scintillator Baseline ===
  SSLG4 code            : OPSC-101
  Yield                 : 10400 ph/MeV
  Rise time tau_r       : 0.7 ns
  Decay time tau_d      : 1.8 ns
  Attenuation length    : 160 cm
  Emission peak lambda  : 408.8 nm
  Finite rise time      : enabled
=====================================

=== Active Readout / Wrapping Configuration ===
  Readout configuration : Top
  SiPM model            : AFBR-S4N66P024M
  SiPM PDE file         : /home/rrios/ej200/data/sipm/AFBR-S4N66P024M_pde.txt
  -X face               : wrapped
  +X face               : wrapped
  -Y face               : wrapped
  +Y face               : instrumented
  -Z face               : wrapped
  +Z face               : wrapped
  Reflector R           : 0.98
  Active End SiPMs      : 0 (L=0, R=0)
  Active Top SiPMs      : 70
==============================================
G4WT6 > 
=== EJ Scintillator Bar Run Summary ===
  Run ID                : 0
  Events run            : 108
  Events with ≥1 hit    : 108
  End-left  photons     : 0
  End-right photons     : 0
  Top SiPM  photons     : 545980
  Scint photons generated: 2255068
  Total photons detected : 545980
  Detection efficiency   : 24.2112 %
  ROOT output           : photon_hits_run000.root
==============================

G4WT17 > 
=== EJ Scintillator Bar Run Summary ===
  Run ID                : 0
  Events run            : 162
  Events with ≥1 hit    : 162
  End-left  photons     : 0
  End-right photons     : 0
  Top SiPM  photons     : 765033
  Scint photons generated: 3161266
  Total photons detected : 765033
  Detection efficiency   : 24.2002 %
  ROOT output           : photon_hits_run000.root
==============================

G4WT2 > 
=== EJ Scintillator Bar Run Summary ===
  Run ID                : 0
  Events run            : 108
  Events with ≥1 hit    : 108
  End-left  photons     : 0
  End-right photons     : 0
  Top SiPM  photons     : 513753
  Scint photons generated: 2126052
  Total photons detected : 513753
  Detection efficiency   : 24.1646 %
  ROOT output           : photon_hits_run000.root
==============================

G4WT7 > 
=== EJ Scintillator Bar Run Summary ===
  Run ID                : 0
  Events run            : 162
  Events with ≥1 hit    : 162
  End-left  photons     : 0
  End-right photons     : 0
  Top SiPM  photons     : 792814
  Scint photons generated: 3275803
  Total photons detected : 792814
  Detection efficiency   : 24.2021 %
  ROOT output           : photon_hits_run000.root
==============================

G4WT14 > 
=== EJ Scintillator Bar Run Summary ===
  Run ID                : 0
  Events run            : 108
  Events with ≥1 hit    : 108
  End-left  photons     : 0
  End-right photons     : 0
  Top SiPM  photons     : 539529
  Scint photons generated: 2232875
  Total photons detected : 539529
  Detection efficiency   : 24.1630 %
  ROOT output           : photon_hits_run000.root
==============================

G4WT23 > 
=== EJ Scintillator Bar Run Summary ===
  Run ID                : 0
  Events run            : 108
  Events with ≥1 hit    : 108
  End-left  photons     : 0
  End-right photons     : 0
  Top SiPM  photons     : 541947
  Scint photons generated: 2239730
  Total photons detected : 541947
  Detection efficiency   : 24.1970 %
  ROOT output           : photon_hits_run000.root
==============================

G4WT18 > 
=== EJ Scintillator Bar Run Summary ===
  Run ID                : 0
  Events run            : 162
  Events with ≥1 hit    : 162
  End-left  photons     : 0
  End-right photons     : 0
  Top SiPM  photons     : 773707
  Scint photons generated: 3195208
  Total photons detected : 773707
  Detection efficiency   : 24.2146 %
  ROOT output           : photon_hits_run000.root
==============================

G4WT22 > 
=== EJ Scintillator Bar Run Summary ===
  Run ID                : 0
  Events run            : 108
  Events with ≥1 hit    : 108
  End-left  photons     : 0
  End-right photons     : 0
  Top SiPM  photons     : 524518
  Scint photons generated: 2160765
  Total photons detected : 524518
  Detection efficiency   : 24.2746 %
  ROOT output           : photon_hits_run000.root
==============================

G4WT9 > 
=== EJ Scintillator Bar Run Summary ===
  Run ID                : 0
  Events run            : 108
  Events with ≥1 hit    : 108
  End-left  photons     : 0
  End-right photons     : 0
  Top SiPM  photons     : 547522
  Scint photons generated: 2265783
  Total photons detected : 547522
  Detection efficiency   : 24.1648 %
  ROOT output           : photon_hits_run000.root
==============================

G4WT21 > 
=== EJ Scintillator Bar Run Summary ===
  Run ID                : 0
  Events run            : 108
  Events with ≥1 hit    : 108
  End-left  photons     : 0
  End-right photons     : 0
  Top SiPM  photons     : 523078
  Scint photons generated: 2163321
  Total photons detected : 523078
  Detection efficiency   : 24.1794 %
  ROOT output           : photon_hits_run000.root
==============================

G4WT1 > 
=== EJ Scintillator Bar Run Summary ===
  Run ID                : 0
  Events run            : 108
  Events with ≥1 hit    : 108
  End-left  photons     : 0
  End-right photons     : 0
  Top SiPM  photons     : 529050
  Scint photons generated: 2185774
  Total photons detected : 529050
  Detection efficiency   : 24.2042 %
  ROOT output           : photon_hits_run000.root
==============================

G4WT4 > 
=== EJ Scintillator Bar Run Summary ===
  Run ID                : 0
  Events run            : 162
  Events with ≥1 hit    : 162
  End-left  photons     : 0
  End-right photons     : 0
  Top SiPM  photons     : 763956
  Scint photons generated: 3158035
  Total photons detected : 763956
  Detection efficiency   : 24.1909 %
  ROOT output           : photon_hits_run000.root
==============================

G4WT19 > 
=== EJ Scintillator Bar Run Summary ===
  Run ID                : 0
  Events run            : 108
  Events with ≥1 hit    : 108
  End-left  photons     : 0
  End-right photons     : 0
  Top SiPM  photons     : 519904
  Scint photons generated: 2149357
  Total photons detected : 519904
  Detection efficiency   : 24.1888 %
  ROOT output           : photon_hits_run000.root
==============================

G4WT12 > 
=== EJ Scintillator Bar Run Summary ===
  Run ID                : 0
  Events run            : 162
  Events with ≥1 hit    : 162
  End-left  photons     : 0
  End-right photons     : 0
  Top SiPM  photons     : 753634
  Scint photons generated: 3119837
  Total photons detected : 753634
  Detection efficiency   : 24.1562 %
  ROOT output           : photon_hits_run000.root
==============================

G4WT3 > 
=== EJ Scintillator Bar Run Summary ===
  Run ID                : 0
  Events run            : 162
  Events with ≥1 hit    : 162
  End-left  photons     : 0
  End-right photons     : 0
  Top SiPM  photons     : 766680
  Scint photons generated: 3167551
  Total photons detected : 766680
  Detection efficiency   : 24.2042 %
  ROOT output           : photon_hits_run000.root
==============================

G4WT8 > 
=== EJ Scintillator Bar Run Summary ===
  Run ID                : 0
  Events run            : 108
  Events with ≥1 hit    : 108
  End-left  photons     : 0
  End-right photons     : 0
  Top SiPM  photons     : 522082
  Scint photons generated: 2162209
  Total photons detected : 522082
  Detection efficiency   : 24.1458 %
  ROOT output           : photon_hits_run000.root
==============================

G4WT20 > 
=== EJ Scintillator Bar Run Summary ===
  Run ID                : 0
  Events run            : 108
  Events with ≥1 hit    : 108
  End-left  photons     : 0
  End-right photons     : 0
  Top SiPM  photons     : 539255
  Scint photons generated: 2226478
  Total photons detected : 539255
  Detection efficiency   : 24.2201 %
  ROOT output           : photon_hits_run000.root
==============================

G4WT0 > 
=== EJ Scintillator Bar Run Summary ===
  Run ID                : 0
  Events run            : 138
  Events with ≥1 hit    : 138
  End-left  photons     : 0
  End-right photons     : 0
  Top SiPM  photons     : 661169
  Scint photons generated: 2730545
  Total photons detected : 661169
  Detection efficiency   : 24.2138 %
  ROOT output           : photon_hits_run000.root
==============================

G4WT13 > 
=== EJ Scintillator Bar Run Summary ===
  Run ID                : 0
  Events run            : 108
  Events with ≥1 hit    : 108
  End-left  photons     : 0
  End-right photons     : 0
  Top SiPM  photons     : 514667
  Scint photons generated: 2128063
  Total photons detected : 514667
  Detection efficiency   : 24.1848 %
  ROOT output           : photon_hits_run000.root
==============================

G4WT5 > 
=== EJ Scintillator Bar Run Summary ===
  Run ID                : 0
  Events run            : 108
  Events with ≥1 hit    : 108
  End-left  photons     : 0
  End-right photons     : 0
  Top SiPM  photons     : 521964
  Scint photons generated: 2158399
  Total photons detected : 521964
  Detection efficiency   : 24.1829 %
  ROOT output           : photon_hits_run000.root
==============================

G4WT15 > 
=== EJ Scintillator Bar Run Summary ===
  Run ID                : 0
  Events run            : 108
  Events with ≥1 hit    : 108
  End-left  photons     : 0
  End-right photons     : 0
  Top SiPM  photons     : 516404
  Scint photons generated: 2131613
  Total photons detected : 516404
  Detection efficiency   : 24.2260 %
  ROOT output           : photon_hits_run000.root
==============================

G4WT10 > 
=== EJ Scintillator Bar Run Summary ===
  Run ID                : 0
  Events run            : 108
  Events with ≥1 hit    : 108
  End-left  photons     : 0
  End-right photons     : 0
  Top SiPM  photons     : 527410
  Scint photons generated: 2177751
  Total photons detected : 527410
  Detection efficiency   : 24.2181 %
  ROOT output           : photon_hits_run000.root
==============================

G4WT11 > 
=== EJ Scintillator Bar Run Summary ===
  Run ID                : 0
  Events run            : 162
  Events with ≥1 hit    : 162
  End-left  photons     : 0
  End-right photons     : 0
  Top SiPM  photons     : 779012
  Scint photons generated: 3223203
  Total photons detected : 779012
  Detection efficiency   : 24.1689 %
  ROOT output           : photon_hits_run000.root
==============================

G4WT16 > 
=== EJ Scintillator Bar Run Summary ===
  Run ID                : 0
  Events run            : 108
  Events with ≥1 hit    : 108
  End-left  photons     : 0
  End-right photons     : 0
  Top SiPM  photons     : 548283
  Scint photons generated: 2265018
  Total photons detected : 548283
  Detection efficiency   : 24.2066 %
  ROOT output           : photon_hits_run000.root
==============================


=== EJ Scintillator Bar Run Summary ===
  Run ID                : 0
  Events run            : 3000
  Events with ≥1 hit    : 3000
  End-left  photons     : 0
  End-right photons     : 0
  Top SiPM  photons     : 14531351
  Scint photons generated: 60059704
  Total photons detected : 14531351
  Detection efficiency   : 24.1948 %
  ROOT output           : photon_hits_run000.root
==============================


=== Boundary Census (diagnostic) ===
  Bar -> reflector panel   : 1141836323
  Bar -> World (escaped)   : 0
  Bar -> Bar (TIR/refl)    : 0
  Bar -> SiPM (entering)   : 23264859
  Killed in WorldLV        : 141562
====================================

[2026-06-11T23:39:45] DONE pairscan_x-450.0mm (entries=14531351.0)
[2026-06-11T23:39:45] START pairscan_x-451.0mm (x=-451.0 mm)

**************************************************************
 Geant4 version Name: geant4-11-04 [MT]   (5-December-2025)
  << in Multi-threaded mode >> 
                       Copyright : Geant4 Collaboration
                      References : NIM A 506 (2003), 250-303
                                 : IEEE-TNS 53 (2006), 270-278
                                 : NIM A 835 (2016), 186-225
                             WWW : http://geant4.org/
**************************************************************

Accumulable registered as "NEndLeft"
Accumulable registered as "NEndRight"
Accumulable registered as "NTop"
Accumulable registered as "NEventsWithHits"
Accumulable registered as "NScintPhotons"

-------- WWWW ------- G4Exception-START -------- WWWW -------
*** G4Exception : mat031
      issued by : G4Material::FillVectors()
For material opsc-101 sum of fractional masses 0.996667 is not 1 - results may be wrong

*** This is just a warning message. ***
-------- WWWW -------- G4Exception-END --------- WWWW -------

Checking overlaps for volume BarPV:0 (G4Box) ... OK! 
Checking overlaps for volume ReflectorYMinusPV:0 (G4Box) ... OK! 
Checking overlaps for volume ReflectorZMinusPV:3 (G4Box) ... OK! 
Checking overlaps for volume ReflectorZPlusPV:4 (G4Box) ... OK! 
Checking overlaps for volume ReflectorYPlusPV:5 (G4SubtractionSolid) ... OK! 
Checking overlaps for volume ReflectorXMinusPV:1 (G4Box) ... OK! 
Checking overlaps for volume ReflectorXPlusPV:2 (G4Box) ... OK! 
Checking overlaps for volume TopSiPMPV:16 (G4Box) ... OK! 
Checking overlaps for volume TopSiPMPV:17 (G4Box) ... OK! 
Checking overlaps for volume TopSiPMPV:18 (G4Box) ... OK! 
Checking overlaps for volume TopSiPMPV:19 (G4Box) ... OK! 
Checking overlaps for volume TopSiPMPV:20 (G4Box) ... OK! 
Checking overlaps for volume TopSiPMPV:21 (G4Box) ... OK! 
Checking overlaps for volume TopSiPMPV:22 (G4Box) ... OK! 
Checking overlaps for volume TopSiPMPV:23 (G4Box) ... OK! 
Checking overlaps for volume TopSiPMPV:24 (G4Box) ... OK! 
Checking overlaps for volume TopSiPMPV:25 (G4Box) ... OK! 
Checking overlaps for volume TopSiPMPV:26 (G4Box) ... OK! 
Checking overlaps for volume TopSiPMPV:27 (G4Box) ... OK! 
Checking overlaps for volume TopSiPMPV:28 (G4Box) ... OK! 
Checking overlaps for volume TopSiPMPV:29 (G4Box) ... OK! 
Checking overlaps for volume TopSiPMPV:30 (G4Box) ... OK! 
Checking overlaps for volume TopSiPMPV:31 (G4Box) ... OK! 
Checking overlaps for volume TopSiPMPV:32 (G4Box) ... OK! 
Checking overlaps for volume TopSiPMPV:33 (G4Box) ... OK! 
Checking overlaps for volume TopSiPMPV:34 (G4Box) ... OK! 
Checking overlaps for volume TopSiPMPV:35 (G4Box) ... OK! 
Checking overlaps for volume TopSiPMPV:36 (G4Box) ... OK! 
Checking overlaps for volume TopSiPMPV:37 (G4Box) ... OK! 
Checking overlaps for volume TopSiPMPV:38 (G4Box) ... OK! 
Checking overlaps for volume TopSiPMPV:39 (G4Box) ... OK! 
Checking overlaps for volume TopSiPMPV:40 (G4Box) ... OK! 
Checking overlaps for volume TopSiPMPV:41 (G4Box) ... OK! 
Checking overlaps for volume TopSiPMPV:42 (G4Box) ... OK! 
Checking overlaps for volume TopSiPMPV:43 (G4Box) ... OK! 
Checking overlaps for volume TopSiPMPV:44 (G4Box) ... OK! 
Checking overlaps for volume TopSiPMPV:45 (G4Box) ... OK! 
Checking overlaps for volume TopSiPMPV:46 (G4Box) ... OK! 
Checking overlaps for volume TopSiPMPV:47 (G4Box) ... OK! 
Checking overlaps for volume TopSiPMPV:48 (G4Box) ... OK! 
Checking overlaps for volume TopSiPMPV:49 (G4Box) ... OK! 
Checking overlaps for volume TopSiPMPV:50 (G4Box) ... OK! 
Checking overlaps for volume TopSiPMPV:51 (G4Box) ... OK! 
Checking overlaps for volume TopSiPMPV:52 (G4Box) ... OK! 
Checking overlaps for volume TopSiPMPV:53 (G4Box) ... OK! 
Checking overlaps for volume TopSiPMPV:54 (G4Box) ... OK! 
Checking overlaps for volume TopSiPMPV:55 (G4Box) ... OK! 
Checking overlaps for volume TopSiPMPV:56 (G4Box) ... OK! 
Checking overlaps for volume TopSiPMPV:57 (G4Box) ... OK! 
Checking overlaps for volume TopSiPMPV:58 (G4Box) ... OK! 
Checking overlaps for volume TopSiPMPV:59 (G4Box) ... OK! 
Checking overlaps for volume TopSiPMPV:60 (G4Box) ... OK! 
Checking overlaps for volume TopSiPMPV:61 (G4Box) ... OK! 
Checking overlaps for volume TopSiPMPV:62 (G4Box) ... OK! 
Checking overlaps for volume TopSiPMPV:63 (G4Box) ... OK! 
Checking overlaps for volume TopSiPMPV:64 (G4Box) ... OK! 
Checking overlaps for volume TopSiPMPV:65 (G4Box) ... OK! 
Checking overlaps for volume TopSiPMPV:66 (G4Box) ... OK! 
Checking overlaps for volume TopSiPMPV:67 (G4Box) ... OK! 
Checking overlaps for volume TopSiPMPV:68 (G4Box) ... OK! 
Checking overlaps for volume TopSiPMPV:69 (G4Box) ... OK! 
Checking overlaps for volume TopSiPMPV:70 (G4Box) ... OK! 
Checking overlaps for volume TopSiPMPV:71 (G4Box) ... OK! 
Checking overlaps for volume TopSiPMPV:72 (G4Box) ... OK! 
Checking overlaps for volume TopSiPMPV:73 (G4Box) ... OK! 
Checking overlaps for volume TopSiPMPV:74 (G4Box) ... OK! 
Checking overlaps for volume TopSiPMPV:75 (G4Box) ... OK! 
Checking overlaps for volume TopSiPMPV:76 (G4Box) ... OK! 
Checking overlaps for volume TopSiPMPV:77 (G4Box) ... OK! 
Checking overlaps for volume TopSiPMPV:78 (G4Box) ... OK! 
Checking overlaps for volume TopSiPMPV:79 (G4Box) ... OK! 
Checking overlaps for volume TopSiPMPV:80 (G4Box) ... OK! 
Checking overlaps for volume TopSiPMPV:81 (G4Box) ... OK! 
Checking overlaps for volume TopSiPMPV:82 (G4Box) ... OK! 
Checking overlaps for volume TopSiPMPV:83 (G4Box) ... OK! 
Checking overlaps for volume TopSiPMPV:84 (G4Box) ... OK! 
Checking overlaps for volume TopSiPMPV:85 (G4Box) ... OK! 
### Birks coefficients used in run time
G4WT16 > Accumulable registered as "NEndLeft"
G4WT16 > Accumulable registered as "NEndRight"
G4WT16 > Accumulable registered as "NTop"
G4WT16 > Accumulable registered as "NEventsWithHits"
G4WT16 > Accumulable registered as "NScintPhotons"
G4WT8 > Accumulable registered as "NEndLeft"
G4WT8 > Accumulable registered as "NEndRight"
G4WT8 > Accumulable registered as "NTop"
G4WT8 > Accumulable registered as "NEventsWithHits"
G4WT8 > Accumulable registered as "NScintPhotons"
G4WT6 > Accumulable registered as "NEndLeft"
G4WT6 > Accumulable registered as "NEndRight"
G4WT6 > Accumulable registered as "NTop"
G4WT6 > Accumulable registered as "NEventsWithHits"
G4WT6 > Accumulable registered as "NScintPhotons"
G4WT7 > Accumulable registered as "NEndLeft"
G4WT7 > Accumulable registered as "NEndRight"
G4WT7 > Accumulable registered as "NTop"
G4WT7 > Accumulable registered as "NEventsWithHits"
G4WT7 > Accumulable registered as "NScintPhotons"
G4WT2 > Accumulable registered as "NEndLeft"
G4WT2 > Accumulable registered as "NEndRight"
G4WT2 > Accumulable registered as "NTop"
G4WT2 > Accumulable registered as "NEventsWithHits"
G4WT2 > Accumulable registered as "NScintPhotons"
G4WT19 > Accumulable registered as "NEndLeft"
G4WT19 > Accumulable registered as "NEndRight"
G4WT19 > Accumulable registered as "NTop"
G4WT19 > Accumulable registered as "NEventsWithHits"
G4WT19 > Accumulable registered as "NScintPhotons"
G4WT18 > Accumulable registered as "NEndLeft"
G4WT18 > Accumulable registered as "NEndRight"
G4WT18 > Accumulable registered as "NTop"
G4WT18 > Accumulable registered as "NEventsWithHits"
G4WT18 > Accumulable registered as "NScintPhotons"
G4WT12 > Accumulable registered as "NEndLeft"
G4WT12 > Accumulable registered as "NEndRight"
G4WT12 > Accumulable registered as "NTop"
G4WT12 > Accumulable registered as "NEventsWithHits"
G4WT12 > Accumulable registered as "NScintPhotons"
G4WT23 > Accumulable registered as "NEndLeft"
G4WT23 > Accumulable registered as "NEndRight"
G4WT23 > Accumulable registered as "NTop"
G4WT23 > Accumulable registered as "NEventsWithHits"
G4WT23 > Accumulable registered as "NScintPhotons"
G4WT14 > Accumulable registered as "NEndLeft"
G4WT14 > Accumulable registered as "NEndRight"
G4WT14 > Accumulable registered as "NTop"
G4WT14 > Accumulable registered as "NEventsWithHits"
G4WT14 > Accumulable registered as "NScintPhotons"
G4WT15 > Accumulable registered as "NEndLeft"
G4WT15 > Accumulable registered as "NEndRight"
G4WT15 > Accumulable registered as "NTop"
G4WT15 > Accumulable registered as "NEventsWithHits"
G4WT15 > Accumulable registered as "NScintPhotons"
G4WT17 > Accumulable registered as "NEndLeft"
G4WT17 > Accumulable registered as "NEndRight"
G4WT17 > Accumulable registered as "NTop"
G4WT17 > Accumulable registered as "NEventsWithHits"
G4WT17 > Accumulable registered as "NScintPhotons"
G4WT0 > Accumulable registered as "NEndLeft"
G4WT0 > Accumulable registered as "NEndRight"
G4WT0 > Accumulable registered as "NTop"
G4WT0 > Accumulable registered as "NEventsWithHits"
G4WT0 > Accumulable registered as "NScintPhotons"
G4WT13 > Accumulable registered as "NEndLeft"
G4WT13 > Accumulable registered as "NEndRight"
G4WT13 > Accumulable registered as "NTop"
G4WT13 > Accumulable registered as "NEventsWithHits"
G4WT13 > Accumulable registered as "NScintPhotons"
G4WT22 > Accumulable registered as "NEndLeft"
G4WT22 > Accumulable registered as "NEndRight"
G4WT22 > Accumulable registered as "NTop"
G4WT22 > Accumulable registered as "NEventsWithHits"
G4WT22 > Accumulable registered as "NScintPhotons"
G4WT20 > Accumulable registered as "NEndLeft"
G4WT20 > Accumulable registered as "NEndRight"
G4WT20 > Accumulable registered as "NTop"
G4WT20 > Accumulable registered as "NEventsWithHits"
G4WT20 > Accumulable registered as "NScintPhotons"
G4WT9 > Accumulable registered as "NEndLeft"
G4WT9 > Accumulable registered as "NEndRight"
G4WT9 > Accumulable registered as "NTop"
G4WT9 > Accumulable registered as "NEventsWithHits"
G4WT9 > Accumulable registered as "NScintPhotons"
G4WT11 > Accumulable registered as "NEndLeft"
G4WT11 > Accumulable registered as "NEndRight"
G4WT11 > Accumulable registered as "NTop"
G4WT11 > Accumulable registered as "NEventsWithHits"
G4WT11 > Accumulable registered as "NScintPhotons"
G4WT21 > Accumulable registered as "NEndLeft"
G4WT21 > Accumulable registered as "NEndRight"
G4WT21 > Accumulable registered as "NTop"
G4WT21 > Accumulable registered as "NEventsWithHits"
G4WT21 > Accumulable registered as "NScintPhotons"
G4WT3 > Accumulable registered as "NEndLeft"
G4WT3 > Accumulable registered as "NEndRight"
G4WT3 > Accumulable registered as "NTop"
G4WT3 > Accumulable registered as "NEventsWithHits"
G4WT3 > Accumulable registered as "NScintPhotons"
G4WT10 > Accumulable registered as "NEndLeft"
G4WT10 > Accumulable registered as "NEndRight"
G4WT10 > Accumulable registered as "NTop"
G4WT10 > Accumulable registered as "NEventsWithHits"
G4WT10 > Accumulable registered as "NScintPhotons"
G4WT5 > Accumulable registered as "NEndLeft"
G4WT5 > Accumulable registered as "NEndRight"
G4WT5 > Accumulable registered as "NTop"
G4WT5 > Accumulable registered as "NEventsWithHits"
G4WT5 > Accumulable registered as "NScintPhotons"
G4WT4 > Accumulable registered as "NEndLeft"
G4WT4 > Accumulable registered as "NEndRight"
G4WT4 > Accumulable registered as "NTop"
G4WT4 > Accumulable registered as "NEventsWithHits"
G4WT4 > Accumulable registered as "NScintPhotons"
G4WT1 > Accumulable registered as "NEndLeft"
G4WT1 > Accumulable registered as "NEndRight"
G4WT1 > Accumulable registered as "NTop"
G4WT1 > Accumulable registered as "NEventsWithHits"
G4WT1 > Accumulable registered as "NScintPhotons"

=== Active Scintillator Baseline ===
  SSLG4 code            : OPSC-101
  Yield                 : 10400 ph/MeV
  Rise time tau_r       : 0.7 ns
  Decay time tau_d      : 1.8 ns
  Attenuation length    : 160 cm
  Emission peak lambda  : 408.8 nm
  Finite rise time      : enabled
=====================================

=== Active Readout / Wrapping Configuration ===
  Readout configuration : Top
  SiPM model            : AFBR-S4N66P024M
  SiPM PDE file         : /home/rrios/ej200/data/sipm/AFBR-S4N66P024M_pde.txt
  -X face               : wrapped
  +X face               : wrapped
  -Y face               : wrapped
  +Y face               : instrumented
  -Z face               : wrapped
  +Z face               : wrapped
  Reflector R           : 0.98
  Active End SiPMs      : 0 (L=0, R=0)
  Active Top SiPMs      : 70
==============================================
G4WT11 > 
=== EJ Scintillator Bar Run Summary ===
  Run ID                : 0
  Events run            : 108
  Events with ≥1 hit    : 108
  End-left  photons     : 0
  End-right photons     : 0
  Top SiPM  photons     : 515733
  Scint photons generated: 2124343
  Total photons detected : 515733
  Detection efficiency   : 24.2773 %
  ROOT output           : photon_hits_run000.root
==============================

G4WT14 > 
=== EJ Scintillator Bar Run Summary ===
  Run ID                : 0
  Events run            : 162
  Events with ≥1 hit    : 162
  End-left  photons     : 0
  End-right photons     : 0
  Top SiPM  photons     : 762433
  Scint photons generated: 3139499
  Total photons detected : 762433
  Detection efficiency   : 24.2852 %
  ROOT output           : photon_hits_run000.root
==============================

G4WT9 > 
=== EJ Scintillator Bar Run Summary ===
  Run ID                : 0
  Events run            : 108
  Events with ≥1 hit    : 108
  End-left  photons     : 0
  End-right photons     : 0
  Top SiPM  photons     : 516094
  Scint photons generated: 2130293
  Total photons detected : 516094
  Detection efficiency   : 24.2264 %
  ROOT output           : photon_hits_run000.root
==============================

G4WT20 > 
=== EJ Scintillator Bar Run Summary ===
  Run ID                : 0
  Events run            : 162
  Events with ≥1 hit    : 162
  End-left  photons     : 0
  End-right photons     : 0
  Top SiPM  photons     : 785621
  Scint photons generated: 3235573
  Total photons detected : 785621
  Detection efficiency   : 24.2807 %
  ROOT output           : photon_hits_run000.root
==============================

G4WT17 > 
=== EJ Scintillator Bar Run Summary ===
  Run ID                : 0
  Events run            : 108
  Events with ≥1 hit    : 108
  End-left  photons     : 0
  End-right photons     : 0
  Top SiPM  photons     : 536700
  Scint photons generated: 2214838
  Total photons detected : 536700
  Detection efficiency   : 24.2320 %
  ROOT output           : photon_hits_run000.root
==============================

G4WT1 > 
=== EJ Scintillator Bar Run Summary ===
  Run ID                : 0
  Events run            : 162
  Events with ≥1 hit    : 162
  End-left  photons     : 0
  End-right photons     : 0
  Top SiPM  photons     : 774514
  Scint photons generated: 3193584
  Total photons detected : 774514
  Detection efficiency   : 24.2522 %
  ROOT output           : photon_hits_run000.root
==============================

G4WT18 > 
=== EJ Scintillator Bar Run Summary ===
  Run ID                : 0
  Events run            : 108
  Events with ≥1 hit    : 108
  End-left  photons     : 0
  End-right photons     : 0
  Top SiPM  photons     : 520488
  Scint photons generated: 2141518
  Total photons detected : 520488
  Detection efficiency   : 24.3046 %
  ROOT output           : photon_hits_run000.root
==============================

G4WT0 > 
=== EJ Scintillator Bar Run Summary ===
  Run ID                : 0
  Events run            : 108
  Events with ≥1 hit    : 108
  End-left  photons     : 0
  End-right photons     : 0
  Top SiPM  photons     : 545627
  Scint photons generated: 2250919
  Total photons detected : 545627
  Detection efficiency   : 24.2402 %
  ROOT output           : photon_hits_run000.root
==============================

G4WT19 > 
=== EJ Scintillator Bar Run Summary ===
  Run ID                : 0
  Events run            : 108
  Events with ≥1 hit    : 108
  End-left  photons     : 0
  End-right photons     : 0
  Top SiPM  photons     : 534257
  Scint photons generated: 2203822
  Total photons detected : 534257
  Detection efficiency   : 24.2423 %
  ROOT output           : photon_hits_run000.root
==============================

G4WT5 > 
=== EJ Scintillator Bar Run Summary ===
  Run ID                : 0
  Events run            : 108
  Events with ≥1 hit    : 108
  End-left  photons     : 0
  End-right photons     : 0
  Top SiPM  photons     : 521278
  Scint photons generated: 2150442
  Total photons detected : 521278
  Detection efficiency   : 24.2405 %
  ROOT output           : photon_hits_run000.root
==============================

G4WT16 > 
=== EJ Scintillator Bar Run Summary ===
  Run ID                : 0
  Events run            : 162
  Events with ≥1 hit    : 162
  End-left  photons     : 0
  End-right photons     : 0
  Top SiPM  photons     : 760362
  Scint photons generated: 3136559
  Total photons detected : 760362
  Detection efficiency   : 24.2419 %
  ROOT output           : photon_hits_run000.root
==============================

G4WT3 > 
=== EJ Scintillator Bar Run Summary ===
  Run ID                : 0
  Events run            : 108
  Events with ≥1 hit    : 108
  End-left  photons     : 0
  End-right photons     : 0
  Top SiPM  photons     : 536195
  Scint photons generated: 2211828
  Total photons detected : 536195
  Detection efficiency   : 24.2422 %
  ROOT output           : photon_hits_run000.root
==============================

G4WT23 > 
=== EJ Scintillator Bar Run Summary ===
  Run ID                : 0
  Events run            : 108
  Events with ≥1 hit    : 108
  End-left  photons     : 0
  End-right photons     : 0
  Top SiPM  photons     : 534233
  Scint photons generated: 2203895
  Total photons detected : 534233
  Detection efficiency   : 24.2404 %
  ROOT output           : photon_hits_run000.root
==============================

G4WT22 > 
=== EJ Scintillator Bar Run Summary ===
  Run ID                : 0
  Events run            : 108
  Events with ≥1 hit    : 108
  End-left  photons     : 0
  End-right photons     : 0
  Top SiPM  photons     : 519076
  Scint photons generated: 2140541
  Total photons detected : 519076
  Detection efficiency   : 24.2498 %
  ROOT output           : photon_hits_run000.root
==============================

G4WT10 > 
=== EJ Scintillator Bar Run Summary ===
  Run ID                : 0
  Events run            : 162
  Events with ≥1 hit    : 162
  End-left  photons     : 0
  End-right photons     : 0
  Top SiPM  photons     : 783046
  Scint photons generated: 3229835
  Total photons detected : 783046
  Detection efficiency   : 24.2441 %
  ROOT output           : photon_hits_run000.root
==============================

G4WT15 > 
=== EJ Scintillator Bar Run Summary ===
  Run ID                : 0
  Events run            : 162
  Events with ≥1 hit    : 162
  End-left  photons     : 0
  End-right photons     : 0
  Top SiPM  photons     : 765938
  Scint photons generated: 3159400
  Total photons detected : 765938
  Detection efficiency   : 24.2431 %
  ROOT output           : photon_hits_run000.root
==============================

G4WT2 > 
=== EJ Scintillator Bar Run Summary ===
  Run ID                : 0
  Events run            : 108
  Events with ≥1 hit    : 108
  End-left  photons     : 0
  End-right photons     : 0
  Top SiPM  photons     : 544078
  Scint photons generated: 2247113
  Total photons detected : 544078
  Detection efficiency   : 24.2123 %
  ROOT output           : photon_hits_run000.root
==============================

G4WT4 > 
=== EJ Scintillator Bar Run Summary ===
  Run ID                : 0
  Events run            : 108
  Events with ≥1 hit    : 108
  End-left  photons     : 0
  End-right photons     : 0
  Top SiPM  photons     : 532075
  Scint photons generated: 2196021
  Total photons detected : 532075
  Detection efficiency   : 24.2290 %
  ROOT output           : photon_hits_run000.root
==============================

G4WT6 > 
=== EJ Scintillator Bar Run Summary ===
  Run ID                : 0
  Events run            : 138
  Events with ≥1 hit    : 138
  End-left  photons     : 0
  End-right photons     : 0
  Top SiPM  photons     : 656091
  Scint photons generated: 2706609
  Total photons detected : 656091
  Detection efficiency   : 24.2403 %
  ROOT output           : photon_hits_run000.root
==============================

G4WT12 > 
=== EJ Scintillator Bar Run Summary ===
  Run ID                : 0
  Events run            : 108
  Events with ≥1 hit    : 108
  End-left  photons     : 0
  End-right photons     : 0
  Top SiPM  photons     : 548493
  Scint photons generated: 2265243
  Total photons detected : 548493
  Detection efficiency   : 24.2134 %
  ROOT output           : photon_hits_run000.root
==============================

G4WT7 > 
=== EJ Scintillator Bar Run Summary ===
  Run ID                : 0
  Events run            : 108
  Events with ≥1 hit    : 108
  End-left  photons     : 0
  End-right photons     : 0
  Top SiPM  photons     : 521728
  Scint photons generated: 2149098
  Total photons detected : 521728
  Detection efficiency   : 24.2766 %
  ROOT output           : photon_hits_run000.root
==============================

G4WT21 > 
=== EJ Scintillator Bar Run Summary ===
  Run ID                : 0
  Events run            : 162
  Events with ≥1 hit    : 162
  End-left  photons     : 0
  End-right photons     : 0
  Top SiPM  photons     : 766132
  Scint photons generated: 3158992
  Total photons detected : 766132
  Detection efficiency   : 24.2524 %
  ROOT output           : photon_hits_run000.root
==============================

G4WT8 > 
=== EJ Scintillator Bar Run Summary ===
  Run ID                : 0
  Events run            : 108
  Events with ≥1 hit    : 108
  End-left  photons     : 0
  End-right photons     : 0
  Top SiPM  photons     : 517261
  Scint photons generated: 2138562
  Total photons detected : 517261
  Detection efficiency   : 24.1873 %
  ROOT output           : photon_hits_run000.root
==============================

G4WT13 > 
=== EJ Scintillator Bar Run Summary ===
  Run ID                : 0
  Events run            : 108
  Events with ≥1 hit    : 108
  End-left  photons     : 0
  End-right photons     : 0
  Top SiPM  photons     : 533048
  Scint photons generated: 2201314
  Total photons detected : 533048
  Detection efficiency   : 24.2150 %
  ROOT output           : photon_hits_run000.root
==============================


=== EJ Scintillator Bar Run Summary ===
  Run ID                : 0
  Events run            : 3000
  Events with ≥1 hit    : 3000
  End-left  photons     : 0
  End-right photons     : 0
  Top SiPM  photons     : 14530501
  Scint photons generated: 59929841
  Total photons detected : 14530501
  Detection efficiency   : 24.2459 %
  ROOT output           : photon_hits_run000.root
==============================


=== Boundary Census (diagnostic) ===
  Bar -> reflector panel   : 1136934267
  Bar -> World (escaped)   : 0
  Bar -> Bar (TIR/refl)    : 0
  Bar -> SiPM (entering)   : 23246015
  Killed in WorldLV        : 141684
====================================

[2026-06-11T23:45:12] DONE pairscan_x-451.0mm (entries=14530501.0)
[2026-06-11T23:45:12] START pairscan_x-452.0mm (x=-452.0 mm)

**************************************************************
 Geant4 version Name: geant4-11-04 [MT]   (5-December-2025)
  << in Multi-threaded mode >> 
                       Copyright : Geant4 Collaboration
                      References : NIM A 506 (2003), 250-303
                                 : IEEE-TNS 53 (2006), 270-278
                                 : NIM A 835 (2016), 186-225
                             WWW : http://geant4.org/
**************************************************************

Accumulable registered as "NEndLeft"
Accumulable registered as "NEndRight"
Accumulable registered as "NTop"
Accumulable registered as "NEventsWithHits"
Accumulable registered as "NScintPhotons"

-------- WWWW ------- G4Exception-START -------- WWWW -------
*** G4Exception : mat031
      issued by : G4Material::FillVectors()
For material opsc-101 sum of fractional masses 0.996667 is not 1 - results may be wrong

*** This is just a warning message. ***
-------- WWWW -------- G4Exception-END --------- WWWW -------

Checking overlaps for volume BarPV:0 (G4Box) ... OK! 
Checking overlaps for volume ReflectorYMinusPV:0 (G4Box) ... OK! 
Checking overlaps for volume ReflectorZMinusPV:3 (G4Box) ... OK! 
Checking overlaps for volume ReflectorZPlusPV:4 (G4Box) ... OK! 
Checking overlaps for volume ReflectorYPlusPV:5 (G4SubtractionSolid) ... OK! 
Checking overlaps for volume ReflectorXMinusPV:1 (G4Box) ... OK! 
Checking overlaps for volume ReflectorXPlusPV:2 (G4Box) ... OK! 
Checking overlaps for volume TopSiPMPV:16 (G4Box) ... OK! 
Checking overlaps for volume TopSiPMPV:17 (G4Box) ... OK! 
Checking overlaps for volume TopSiPMPV:18 (G4Box) ... OK! 
Checking overlaps for volume TopSiPMPV:19 (G4Box) ... OK! 
Checking overlaps for volume TopSiPMPV:20 (G4Box) ... OK! 
Checking overlaps for volume TopSiPMPV:21 (G4Box) ... OK! 
Checking overlaps for volume TopSiPMPV:22 (G4Box) ... OK! 
Checking overlaps for volume TopSiPMPV:23 (G4Box) ... OK! 
Checking overlaps for volume TopSiPMPV:24 (G4Box) ... OK! 
Checking overlaps for volume TopSiPMPV:25 (G4Box) ... OK! 
Checking overlaps for volume TopSiPMPV:26 (G4Box) ... OK! 
Checking overlaps for volume TopSiPMPV:27 (G4Box) ... OK! 
Checking overlaps for volume TopSiPMPV:28 (G4Box) ... OK! 
Checking overlaps for volume TopSiPMPV:29 (G4Box) ... OK! 
Checking overlaps for volume TopSiPMPV:30 (G4Box) ... OK! 
Checking overlaps for volume TopSiPMPV:31 (G4Box) ... OK! 
Checking overlaps for volume TopSiPMPV:32 (G4Box) ... OK! 
Checking overlaps for volume TopSiPMPV:33 (G4Box) ... OK! 
Checking overlaps for volume TopSiPMPV:34 (G4Box) ... OK! 
Checking overlaps for volume TopSiPMPV:35 (G4Box) ... OK! 
Checking overlaps for volume TopSiPMPV:36 (G4Box) ... OK! 
Checking overlaps for volume TopSiPMPV:37 (G4Box) ... OK! 
Checking overlaps for volume TopSiPMPV:38 (G4Box) ... OK! 
Checking overlaps for volume TopSiPMPV:39 (G4Box) ... OK! 
Checking overlaps for volume TopSiPMPV:40 (G4Box) ... OK! 
Checking overlaps for volume TopSiPMPV:41 (G4Box) ... OK! 
Checking overlaps for volume TopSiPMPV:42 (G4Box) ... OK! 
Checking overlaps for volume TopSiPMPV:43 (G4Box) ... OK! 
Checking overlaps for volume TopSiPMPV:44 (G4Box) ... OK! 
Checking overlaps for volume TopSiPMPV:45 (G4Box) ... OK! 
Checking overlaps for volume TopSiPMPV:46 (G4Box) ... OK! 
Checking overlaps for volume TopSiPMPV:47 (G4Box) ... OK! 
Checking overlaps for volume TopSiPMPV:48 (G4Box) ... OK! 
Checking overlaps for volume TopSiPMPV:49 (G4Box) ... OK! 
Checking overlaps for volume TopSiPMPV:50 (G4Box) ... OK! 
Checking overlaps for volume TopSiPMPV:51 (G4Box) ... OK! 
Checking overlaps for volume TopSiPMPV:52 (G4Box) ... OK! 
Checking overlaps for volume TopSiPMPV:53 (G4Box) ... OK! 
Checking overlaps for volume TopSiPMPV:54 (G4Box) ... OK! 
Checking overlaps for volume TopSiPMPV:55 (G4Box) ... OK! 
Checking overlaps for volume TopSiPMPV:56 (G4Box) ... OK! 
Checking overlaps for volume TopSiPMPV:57 (G4Box) ... OK! 
Checking overlaps for volume TopSiPMPV:58 (G4Box) ... OK! 
Checking overlaps for volume TopSiPMPV:59 (G4Box) ... OK! 
Checking overlaps for volume TopSiPMPV:60 (G4Box) ... OK! 
Checking overlaps for volume TopSiPMPV:61 (G4Box) ... OK! 
Checking overlaps for volume TopSiPMPV:62 (G4Box) ... OK! 
Checking overlaps for volume TopSiPMPV:63 (G4Box) ... OK! 
Checking overlaps for volume TopSiPMPV:64 (G4Box) ... OK! 
Checking overlaps for volume TopSiPMPV:65 (G4Box) ... OK! 
Checking overlaps for volume TopSiPMPV:66 (G4Box) ... OK! 
Checking overlaps for volume TopSiPMPV:67 (G4Box) ... OK! 
Checking overlaps for volume TopSiPMPV:68 (G4Box) ... OK! 
Checking overlaps for volume TopSiPMPV:69 (G4Box) ... OK! 
Checking overlaps for volume TopSiPMPV:70 (G4Box) ... OK! 
Checking overlaps for volume TopSiPMPV:71 (G4Box) ... OK! 
Checking overlaps for volume TopSiPMPV:72 (G4Box) ... OK! 
Checking overlaps for volume TopSiPMPV:73 (G4Box) ... OK! 
Checking overlaps for volume TopSiPMPV:74 (G4Box) ... OK! 
Checking overlaps for volume TopSiPMPV:75 (G4Box) ... OK! 
Checking overlaps for volume TopSiPMPV:76 (G4Box) ... OK! 
Checking overlaps for volume TopSiPMPV:77 (G4Box) ... OK! 
Checking overlaps for volume TopSiPMPV:78 (G4Box) ... OK! 
Checking overlaps for volume TopSiPMPV:79 (G4Box) ... OK! 
Checking overlaps for volume TopSiPMPV:80 (G4Box) ... OK! 
Checking overlaps for volume TopSiPMPV:81 (G4Box) ... OK! 
Checking overlaps for volume TopSiPMPV:82 (G4Box) ... OK! 
Checking overlaps for volume TopSiPMPV:83 (G4Box) ... OK! 
Checking overlaps for volume TopSiPMPV:84 (G4Box) ... OK! 
Checking overlaps for volume TopSiPMPV:85 (G4Box) ... OK! 
### Birks coefficients used in run time
G4WT14 > Accumulable registered as "NEndLeft"
G4WT14 > Accumulable registered as "NEndRight"
G4WT14 > Accumulable registered as "NTop"
G4WT14 > Accumulable registered as "NEventsWithHits"
G4WT14 > Accumulable registered as "NScintPhotons"
G4WT19 > Accumulable registered as "NEndLeft"
G4WT19 > Accumulable registered as "NEndRight"
G4WT19 > Accumulable registered as "NTop"
G4WT19 > Accumulable registered as "NEventsWithHits"
G4WT19 > Accumulable registered as "NScintPhotons"
G4WT6 > Accumulable registered as "NEndLeft"
G4WT6 > Accumulable registered as "NEndRight"
G4WT6 > Accumulable registered as "NTop"
G4WT6 > Accumulable registered as "NEventsWithHits"
G4WT6 > Accumulable registered as "NScintPhotons"
G4WT5 > Accumulable registered as "NEndLeft"
G4WT5 > Accumulable registered as "NEndRight"
G4WT5 > Accumulable registered as "NTop"
G4WT5 > Accumulable registered as "NEventsWithHits"
G4WT5 > Accumulable registered as "NScintPhotons"
G4WT23 > Accumulable registered as "NEndLeft"
G4WT23 > Accumulable registered as "NEndRight"
G4WT23 > Accumulable registered as "NTop"
G4WT23 > Accumulable registered as "NEventsWithHits"
G4WT23 > Accumulable registered as "NScintPhotons"
G4WT13 > Accumulable registered as "NEndLeft"
G4WT13 > Accumulable registered as "NEndRight"
G4WT13 > Accumulable registered as "NTop"
G4WT13 > Accumulable registered as "NEventsWithHits"
G4WT13 > Accumulable registered as "NScintPhotons"
G4WT9 > Accumulable registered as "NEndLeft"
G4WT9 > Accumulable registered as "NEndRight"
G4WT9 > Accumulable registered as "NTop"
G4WT9 > Accumulable registered as "NEventsWithHits"
G4WT9 > Accumulable registered as "NScintPhotons"
G4WT22 > Accumulable registered as "NEndLeft"
G4WT22 > Accumulable registered as "NEndRight"
G4WT22 > Accumulable registered as "NTop"
G4WT22 > Accumulable registered as "NEventsWithHits"
G4WT22 > Accumulable registered as "NScintPhotons"
G4WT3 > Accumulable registered as "NEndLeft"
G4WT3 > Accumulable registered as "NEndRight"
G4WT3 > Accumulable registered as "NTop"
G4WT3 > Accumulable registered as "NEventsWithHits"
G4WT3 > Accumulable registered as "NScintPhotons"
G4WT8 > Accumulable registered as "NEndLeft"
G4WT8 > Accumulable registered as "NEndRight"
G4WT8 > Accumulable registered as "NTop"
G4WT8 > Accumulable registered as "NEventsWithHits"
G4WT8 > Accumulable registered as "NScintPhotons"
G4WT12 > Accumulable registered as "NEndLeft"
G4WT12 > Accumulable registered as "NEndRight"
G4WT12 > Accumulable registered as "NTop"
G4WT12 > Accumulable registered as "NEventsWithHits"
G4WT12 > Accumulable registered as "NScintPhotons"
G4WT15 > Accumulable registered as "NEndLeft"
G4WT15 > Accumulable registered as "NEndRight"
G4WT15 > Accumulable registered as "NTop"
G4WT15 > Accumulable registered as "NEventsWithHits"
G4WT15 > Accumulable registered as "NScintPhotons"
G4WT20 > Accumulable registered as "NEndLeft"
G4WT20 > Accumulable registered as "NEndRight"
G4WT20 > Accumulable registered as "NTop"
G4WT20 > Accumulable registered as "NEventsWithHits"
G4WT20 > Accumulable registered as "NScintPhotons"
G4WT21 > Accumulable registered as "NEndLeft"
G4WT21 > Accumulable registered as "NEndRight"
G4WT21 > Accumulable registered as "NTop"
G4WT21 > Accumulable registered as "NEventsWithHits"
G4WT21 > Accumulable registered as "NScintPhotons"
G4WT16 > Accumulable registered as "NEndLeft"
G4WT16 > Accumulable registered as "NEndRight"
G4WT16 > Accumulable registered as "NTop"
G4WT16 > Accumulable registered as "NEventsWithHits"
G4WT16 > Accumulable registered as "NScintPhotons"
G4WT1 > Accumulable registered as "NEndLeft"
G4WT1 > Accumulable registered as "NEndRight"
G4WT1 > Accumulable registered as "NTop"
G4WT1 > Accumulable registered as "NEventsWithHits"
G4WT1 > Accumulable registered as "NScintPhotons"
G4WT11 > Accumulable registered as "NEndLeft"
G4WT11 > Accumulable registered as "NEndRight"
G4WT11 > Accumulable registered as "NTop"
G4WT11 > Accumulable registered as "NEventsWithHits"
G4WT11 > Accumulable registered as "NScintPhotons"
G4WT2 > Accumulable registered as "NEndLeft"
G4WT2 > Accumulable registered as "NEndRight"
G4WT2 > Accumulable registered as "NTop"
G4WT2 > Accumulable registered as "NEventsWithHits"
G4WT2 > Accumulable registered as "NScintPhotons"
G4WT0 > Accumulable registered as "NEndLeft"
G4WT0 > Accumulable registered as "NEndRight"
G4WT0 > Accumulable registered as "NTop"
G4WT0 > Accumulable registered as "NEventsWithHits"
G4WT0 > Accumulable registered as "NScintPhotons"
G4WT7 > Accumulable registered as "NEndLeft"
G4WT7 > Accumulable registered as "NEndRight"
G4WT17 > Accumulable registered as "NEndLeft"
G4WT7 > Accumulable registered as "NTop"
G4WT17 > Accumulable registered as "NEndRight"
G4WT17 > Accumulable registered as "NTop"
G4WT7 > Accumulable registered as "NEventsWithHits"
G4WT7 > Accumulable registered as "NScintPhotons"
G4WT17 > Accumulable registered as "NEventsWithHits"
G4WT17 > Accumulable registered as "NScintPhotons"
G4WT18 > Accumulable registered as "NEndLeft"
G4WT18 > Accumulable registered as "NEndRight"
G4WT18 > Accumulable registered as "NTop"
G4WT18 > Accumulable registered as "NEventsWithHits"
G4WT18 > Accumulable registered as "NScintPhotons"
G4WT10 > Accumulable registered as "NEndLeft"
G4WT10 > Accumulable registered as "NEndRight"
G4WT10 > Accumulable registered as "NTop"
G4WT10 > Accumulable registered as "NEventsWithHits"
G4WT10 > Accumulable registered as "NScintPhotons"
G4WT4 > Accumulable registered as "NEndLeft"
G4WT4 > Accumulable registered as "NEndRight"
G4WT4 > Accumulable registered as "NTop"
G4WT4 > Accumulable registered as "NEventsWithHits"
G4WT4 > Accumulable registered as "NScintPhotons"

=== Active Scintillator Baseline ===
  SSLG4 code            : OPSC-101
  Yield                 : 10400 ph/MeV
  Rise time tau_r       : 0.7 ns
  Decay time tau_d      : 1.8 ns
  Attenuation length    : 160 cm
  Emission peak lambda  : 408.8 nm
  Finite rise time      : enabled
=====================================

=== Active Readout / Wrapping Configuration ===
  Readout configuration : Top
  SiPM model            : AFBR-S4N66P024M
  SiPM PDE file         : /home/rrios/ej200/data/sipm/AFBR-S4N66P024M_pde.txt
  -X face               : wrapped
  +X face               : wrapped
  -Y face               : wrapped
  +Y face               : instrumented
  -Z face               : wrapped
  +Z face               : wrapped
  Reflector R           : 0.98
  Active End SiPMs      : 0 (L=0, R=0)
  Active Top SiPMs      : 70
==============================================
G4WT21 > 
=== EJ Scintillator Bar Run Summary ===
  Run ID                : 0
  Events run            : 162
  Events with ≥1 hit    : 162
  End-left  photons     : 0
  End-right photons     : 0
  Top SiPM  photons     : 798855
  Scint photons generated: 3277833
  Total photons detected : 798855
  Detection efficiency   : 24.3714 %
  ROOT output           : photon_hits_run000.root
==============================

G4WT5 > 
=== EJ Scintillator Bar Run Summary ===
  Run ID                : 0
  Events run            : 138
  Events with ≥1 hit    : 138
  End-left  photons     : 0
  End-right photons     : 0
  Top SiPM  photons     : 674857
  Scint photons generated: 2766390
  Total photons detected : 674857
  Detection efficiency   : 24.3949 %
  ROOT output           : photon_hits_run000.root
==============================

G4WT22 > 
=== EJ Scintillator Bar Run Summary ===
  Run ID                : 0
  Events run            : 162
  Events with ≥1 hit    : 162
  End-left  photons     : 0
  End-right photons     : 0
  Top SiPM  photons     : 795257
  Scint photons generated: 3262418
  Total photons detected : 795257
  Detection efficiency   : 24.3763 %
  ROOT output           : photon_hits_run000.root
==============================

G4WT1 > 
=== EJ Scintillator Bar Run Summary ===
  Run ID                : 0
  Events run            : 108
  Events with ≥1 hit    : 108
  End-left  photons     : 0
  End-right photons     : 0
  Top SiPM  photons     : 525819
  Scint photons generated: 2163319
  Total photons detected : 525819
  Detection efficiency   : 24.3061 %
  ROOT output           : photon_hits_run000.root
==============================

G4WT7 > 
=== EJ Scintillator Bar Run Summary ===
  Run ID                : 0
  Events run            : 108
  Events with ≥1 hit    : 108
  End-left  photons     : 0
  End-right photons     : 0
  Top SiPM  photons     : 526330
  Scint photons generated: 2162117
  Total photons detected : 526330
  Detection efficiency   : 24.3433 %
  ROOT output           : photon_hits_run000.root
==============================

G4WT6 > 
=== EJ Scintillator Bar Run Summary ===
  Run ID                : 0
  Events run            : 162
  Events with ≥1 hit    : 162
  End-left  photons     : 0
  End-right photons     : 0
  Top SiPM  photons     : 759851
  Scint photons generated: 3120559
  Total photons detected : 759851
  Detection efficiency   : 24.3498 %
  ROOT output           : photon_hits_run000.root
==============================

G4WT20 > 
=== EJ Scintillator Bar Run Summary ===
  Run ID                : 0
  Events run            : 108
  Events with ≥1 hit    : 108
  End-left  photons     : 0
  End-right photons     : 0
  Top SiPM  photons     : 552975
  Scint photons generated: 2274741
  Total photons detected : 552975
  Detection efficiency   : 24.3094 %
  ROOT output           : photon_hits_run000.root
==============================

G4WT9 > 
=== EJ Scintillator Bar Run Summary ===
  Run ID                : 0
  Events run            : 108
  Events with ≥1 hit    : 108
  End-left  photons     : 0
  End-right photons     : 0
  Top SiPM  photons     : 529136
  Scint photons generated: 2172408
  Total photons detected : 529136
  Detection efficiency   : 24.3571 %
  ROOT output           : photon_hits_run000.root
==============================

G4WT19 > 
=== EJ Scintillator Bar Run Summary ===
  Run ID                : 0
  Events run            : 108
  Events with ≥1 hit    : 108
  End-left  photons     : 0
  End-right photons     : 0
  Top SiPM  photons     : 543167
  Scint photons generated: 2231219
  Total photons detected : 543167
  Detection efficiency   : 24.3440 %
  ROOT output           : photon_hits_run000.root
==============================

G4WT17 > 
=== EJ Scintillator Bar Run Summary ===
  Run ID                : 0
  Events run            : 108
  Events with ≥1 hit    : 108
  End-left  photons     : 0
  End-right photons     : 0
  Top SiPM  photons     : 538542
  Scint photons generated: 2217500
  Total photons detected : 538542
  Detection efficiency   : 24.2860 %
  ROOT output           : photon_hits_run000.root
==============================

G4WT11 > 
=== EJ Scintillator Bar Run Summary ===
  Run ID                : 0
  Events run            : 108
  Events with ≥1 hit    : 108
  End-left  photons     : 0
  End-right photons     : 0
  Top SiPM  photons     : 530323
  Scint photons generated: 2178393
  Total photons detected : 530323
  Detection efficiency   : 24.3447 %
  ROOT output           : photon_hits_run000.root
==============================

G4WT10 > 
=== EJ Scintillator Bar Run Summary ===
  Run ID                : 0
  Events run            : 108
  Events with ≥1 hit    : 108
  End-left  photons     : 0
  End-right photons     : 0
  Top SiPM  photons     : 525026
  Scint photons generated: 2155345
  Total photons detected : 525026
  Detection efficiency   : 24.3593 %
  ROOT output           : photon_hits_run000.root
==============================

G4WT2 > 
=== EJ Scintillator Bar Run Summary ===
  Run ID                : 0
  Events run            : 108
  Events with ≥1 hit    : 108
  End-left  photons     : 0
  End-right photons     : 0
  Top SiPM  photons     : 526903
  Scint photons generated: 2168355
  Total photons detected : 526903
  Detection efficiency   : 24.2997 %
  ROOT output           : photon_hits_run000.root
==============================

G4WT3 > 
=== EJ Scintillator Bar Run Summary ===
  Run ID                : 0
  Events run            : 162
  Events with ≥1 hit    : 162
  End-left  photons     : 0
  End-right photons     : 0
  Top SiPM  photons     : 790335
  Scint photons generated: 3244042
  Total photons detected : 790335
  Detection efficiency   : 24.3627 %
  ROOT output           : photon_hits_run000.root
==============================

G4WT23 > 
=== EJ Scintillator Bar Run Summary ===
  Run ID                : 0
  Events run            : 108
  Events with ≥1 hit    : 108
  End-left  photons     : 0
  End-right photons     : 0
  Top SiPM  photons     : 547654
  Scint photons generated: 2247563
  Total photons detected : 547654
  Detection efficiency   : 24.3666 %
  ROOT output           : photon_hits_run000.root
==============================

G4WT16 > 
=== EJ Scintillator Bar Run Summary ===
  Run ID                : 0
  Events run            : 108
  Events with ≥1 hit    : 108
  End-left  photons     : 0
  End-right photons     : 0
  Top SiPM  photons     : 543938
  Scint photons generated: 2234799
  Total photons detected : 543938
  Detection efficiency   : 24.3395 %
  ROOT output           : photon_hits_run000.root
==============================

G4WT15 > 
=== EJ Scintillator Bar Run Summary ===
  Run ID                : 0
  Events run            : 108
  Events with ≥1 hit    : 108
  End-left  photons     : 0
  End-right photons     : 0
  Top SiPM  photons     : 535497
  Scint photons generated: 2198014
  Total photons detected : 535497
  Detection efficiency   : 24.3628 %
  ROOT output           : photon_hits_run000.root
==============================

G4WT13 > 
=== EJ Scintillator Bar Run Summary ===
  Run ID                : 0
  Events run            : 108
  Events with ≥1 hit    : 108
  End-left  photons     : 0
  End-right photons     : 0
  Top SiPM  photons     : 528508
  Scint photons generated: 2168429
  Total photons detected : 528508
  Detection efficiency   : 24.3729 %
  ROOT output           : photon_hits_run000.root
==============================

G4WT4 > 
=== EJ Scintillator Bar Run Summary ===
  Run ID                : 0
  Events run            : 162
  Events with ≥1 hit    : 162
  End-left  photons     : 0
  End-right photons     : 0
  Top SiPM  photons     : 778168
  Scint photons generated: 3197312
  Total photons detected : 778168
  Detection efficiency   : 24.3382 %
  ROOT output           : photon_hits_run000.root
==============================

G4WT0 > 
=== EJ Scintillator Bar Run Summary ===
  Run ID                : 0
  Events run            : 162
  Events with ≥1 hit    : 162
  End-left  photons     : 0
  End-right photons     : 0
  Top SiPM  photons     : 780890
  Scint photons generated: 3202853
  Total photons detected : 780890
  Detection efficiency   : 24.3811 %
  ROOT output           : photon_hits_run000.root
==============================

G4WT14 > 
=== EJ Scintillator Bar Run Summary ===
  Run ID                : 0
  Events run            : 108
  Events with ≥1 hit    : 108
  End-left  photons     : 0
  End-right photons     : 0
  Top SiPM  photons     : 528552
  Scint photons generated: 2174598
  Total photons detected : 528552
  Detection efficiency   : 24.3057 %
  ROOT output           : photon_hits_run000.root
==============================

G4WT12 > 
=== EJ Scintillator Bar Run Summary ===
  Run ID                : 0
  Events run            : 162
  Events with ≥1 hit    : 162
  End-left  photons     : 0
  End-right photons     : 0
  Top SiPM  photons     : 773663
  Scint photons generated: 3171137
  Total photons detected : 773663
  Detection efficiency   : 24.3970 %
  ROOT output           : photon_hits_run000.root
==============================

G4WT18 > 
=== EJ Scintillator Bar Run Summary ===
  Run ID                : 0
  Events run            : 108
  Events with ≥1 hit    : 108
  End-left  photons     : 0
  End-right photons     : 0
  Top SiPM  photons     : 531693
  Scint photons generated: 2180412
  Total photons detected : 531693
  Detection efficiency   : 24.3850 %
  ROOT output           : photon_hits_run000.root
==============================

G4WT8 > 
=== EJ Scintillator Bar Run Summary ===
  Run ID                : 0
  Events run            : 108
  Events with ≥1 hit    : 108
  End-left  photons     : 0
  End-right photons     : 0
  Top SiPM  photons     : 544589
  Scint photons generated: 2235533
  Total photons detected : 544589
  Detection efficiency   : 24.3606 %
  ROOT output           : photon_hits_run000.root
==============================


=== EJ Scintillator Bar Run Summary ===
  Run ID                : 0
  Events run            : 3000
  Events with ≥1 hit    : 3000
  End-left  photons     : 0
  End-right photons     : 0
  Top SiPM  photons     : 14710528
  Scint photons generated: 60405289
  Total photons detected : 14710528
  Detection efficiency   : 24.3530 %
  ROOT output           : photon_hits_run000.root
==============================


=== Boundary Census (diagnostic) ===
  Bar -> reflector panel   : 1143790188
  Bar -> World (escaped)   : 0
  Bar -> Bar (TIR/refl)    : 0
  Bar -> SiPM (entering)   : 23544822
  Killed in WorldLV        : 143889
====================================

[2026-06-11T23:50:41] DONE pairscan_x-452.0mm (entries=14710528.0)
[2026-06-11T23:50:41] START pairscan_x-453.0mm (x=-453.0 mm)

**************************************************************
 Geant4 version Name: geant4-11-04 [MT]   (5-December-2025)
  << in Multi-threaded mode >> 
                       Copyright : Geant4 Collaboration
                      References : NIM A 506 (2003), 250-303
                                 : IEEE-TNS 53 (2006), 270-278
                                 : NIM A 835 (2016), 186-225
                             WWW : http://geant4.org/
**************************************************************

Accumulable registered as "NEndLeft"
Accumulable registered as "NEndRight"
Accumulable registered as "NTop"
Accumulable registered as "NEventsWithHits"
Accumulable registered as "NScintPhotons"

-------- WWWW ------- G4Exception-START -------- WWWW -------
*** G4Exception : mat031
      issued by : G4Material::FillVectors()
For material opsc-101 sum of fractional masses 0.996667 is not 1 - results may be wrong

*** This is just a warning message. ***
-------- WWWW -------- G4Exception-END --------- WWWW -------

Checking overlaps for volume BarPV:0 (G4Box) ... OK! 
Checking overlaps for volume ReflectorYMinusPV:0 (G4Box) ... OK! 
Checking overlaps for volume ReflectorZMinusPV:3 (G4Box) ... OK! 
Checking overlaps for volume ReflectorZPlusPV:4 (G4Box) ... OK! 
Checking overlaps for volume ReflectorYPlusPV:5 (G4SubtractionSolid) ... OK! 
Checking overlaps for volume ReflectorXMinusPV:1 (G4Box) ... OK! 
Checking overlaps for volume ReflectorXPlusPV:2 (G4Box) ... OK! 
Checking overlaps for volume TopSiPMPV:16 (G4Box) ... OK! 
Checking overlaps for volume TopSiPMPV:17 (G4Box) ... OK! 
Checking overlaps for volume TopSiPMPV:18 (G4Box) ... OK! 
Checking overlaps for volume TopSiPMPV:19 (G4Box) ... OK! 
Checking overlaps for volume TopSiPMPV:20 (G4Box) ... OK! 
Checking overlaps for volume TopSiPMPV:21 (G4Box) ... OK! 
Checking overlaps for volume TopSiPMPV:22 (G4Box) ... OK! 
Checking overlaps for volume TopSiPMPV:23 (G4Box) ... OK! 
Checking overlaps for volume TopSiPMPV:24 (G4Box) ... OK! 
Checking overlaps for volume TopSiPMPV:25 (G4Box) ... OK! 
Checking overlaps for volume TopSiPMPV:26 (G4Box) ... OK! 
Checking overlaps for volume TopSiPMPV:27 (G4Box) ... OK! 
Checking overlaps for volume TopSiPMPV:28 (G4Box) ... OK! 
Checking overlaps for volume TopSiPMPV:29 (G4Box) ... OK! 
Checking overlaps for volume TopSiPMPV:30 (G4Box) ... OK! 
Checking overlaps for volume TopSiPMPV:31 (G4Box) ... OK! 
Checking overlaps for volume TopSiPMPV:32 (G4Box) ... OK! 
Checking overlaps for volume TopSiPMPV:33 (G4Box) ... OK! 
Checking overlaps for volume TopSiPMPV:34 (G4Box) ... OK! 
Checking overlaps for volume TopSiPMPV:35 (G4Box) ... OK! 
Checking overlaps for volume TopSiPMPV:36 (G4Box) ... OK! 
Checking overlaps for volume TopSiPMPV:37 (G4Box) ... OK! 
Checking overlaps for volume TopSiPMPV:38 (G4Box) ... OK! 
Checking overlaps for volume TopSiPMPV:39 (G4Box) ... OK! 
Checking overlaps for volume TopSiPMPV:40 (G4Box) ... OK! 
Checking overlaps for volume TopSiPMPV:41 (G4Box) ... OK! 
Checking overlaps for volume TopSiPMPV:42 (G4Box) ... OK! 
Checking overlaps for volume TopSiPMPV:43 (G4Box) ... OK! 
Checking overlaps for volume TopSiPMPV:44 (G4Box) ... OK! 
Checking overlaps for volume TopSiPMPV:45 (G4Box) ... OK! 
Checking overlaps for volume TopSiPMPV:46 (G4Box) ... OK! 
Checking overlaps for volume TopSiPMPV:47 (G4Box) ... OK! 
Checking overlaps for volume TopSiPMPV:48 (G4Box) ... OK! 
Checking overlaps for volume TopSiPMPV:49 (G4Box) ... OK! 
Checking overlaps for volume TopSiPMPV:50 (G4Box) ... OK! 
Checking overlaps for volume TopSiPMPV:51 (G4Box) ... OK! 
Checking overlaps for volume TopSiPMPV:52 (G4Box) ... OK! 
Checking overlaps for volume TopSiPMPV:53 (G4Box) ... OK! 
Checking overlaps for volume TopSiPMPV:54 (G4Box) ... OK! 
Checking overlaps for volume TopSiPMPV:55 (G4Box) ... OK! 
Checking overlaps for volume TopSiPMPV:56 (G4Box) ... OK! 
Checking overlaps for volume TopSiPMPV:57 (G4Box) ... OK! 
Checking overlaps for volume TopSiPMPV:58 (G4Box) ... OK! 
Checking overlaps for volume TopSiPMPV:59 (G4Box) ... OK! 
Checking overlaps for volume TopSiPMPV:60 (G4Box) ... OK! 
Checking overlaps for volume TopSiPMPV:61 (G4Box) ... OK! 
Checking overlaps for volume TopSiPMPV:62 (G4Box) ... OK! 
Checking overlaps for volume TopSiPMPV:63 (G4Box) ... OK! 
Checking overlaps for volume TopSiPMPV:64 (G4Box) ... OK! 
Checking overlaps for volume TopSiPMPV:65 (G4Box) ... OK! 
Checking overlaps for volume TopSiPMPV:66 (G4Box) ... OK! 
Checking overlaps for volume TopSiPMPV:67 (G4Box) ... OK! 
Checking overlaps for volume TopSiPMPV:68 (G4Box) ... OK! 
Checking overlaps for volume TopSiPMPV:69 (G4Box) ... OK! 
Checking overlaps for volume TopSiPMPV:70 (G4Box) ... OK! 
Checking overlaps for volume TopSiPMPV:71 (G4Box) ... OK! 
Checking overlaps for volume TopSiPMPV:72 (G4Box) ... OK! 
Checking overlaps for volume TopSiPMPV:73 (G4Box) ... OK! 
Checking overlaps for volume TopSiPMPV:74 (G4Box) ... OK! 
Checking overlaps for volume TopSiPMPV:75 (G4Box) ... OK! 
Checking overlaps for volume TopSiPMPV:76 (G4Box) ... OK! 
Checking overlaps for volume TopSiPMPV:77 (G4Box) ... OK! 
Checking overlaps for volume TopSiPMPV:78 (G4Box) ... OK! 
Checking overlaps for volume TopSiPMPV:79 (G4Box) ... OK! 
Checking overlaps for volume TopSiPMPV:80 (G4Box) ... OK! 
Checking overlaps for volume TopSiPMPV:81 (G4Box) ... OK! 
Checking overlaps for volume TopSiPMPV:82 (G4Box) ... OK! 
Checking overlaps for volume TopSiPMPV:83 (G4Box) ... OK! 
Checking overlaps for volume TopSiPMPV:84 (G4Box) ... OK! 
Checking overlaps for volume TopSiPMPV:85 (G4Box) ... OK! 
### Birks coefficients used in run time
G4WT15 > Accumulable registered as "NEndLeft"
G4WT2 > Accumulable registered as "NEndLeft"
G4WT15 > Accumulable registered as "NEndRight"
G4WT2 > Accumulable registered as "NEndRight"
G4WT2 > Accumulable registered as "NTop"
G4WT15 > Accumulable registered as "NTop"
G4WT2 > Accumulable registered as "NEventsWithHits"
G4WT2 > Accumulable registered as "NScintPhotons"
G4WT15 > Accumulable registered as "NEventsWithHits"
G4WT15 > Accumulable registered as "NScintPhotons"
G4WT17 > Accumulable registered as "NEndLeft"
G4WT17 > Accumulable registered as "NEndRight"
G4WT17 > Accumulable registered as "NTop"
G4WT17 > Accumulable registered as "NEventsWithHits"
G4WT17 > Accumulable registered as "NScintPhotons"
G4WT22 > Accumulable registered as "NEndLeft"
G4WT22 > Accumulable registered as "NEndRight"
G4WT22 > Accumulable registered as "NTop"
G4WT22 > Accumulable registered as "NEventsWithHits"
G4WT22 > Accumulable registered as "NScintPhotons"
G4WT12 > Accumulable registered as "NEndLeft"
G4WT12 > Accumulable registered as "NEndRight"
G4WT12 > Accumulable registered as "NTop"
G4WT12 > Accumulable registered as "NEventsWithHits"
G4WT12 > Accumulable registered as "NScintPhotons"
G4WT16 > Accumulable registered as "NEndLeft"
G4WT16 > Accumulable registered as "NEndRight"
G4WT16 > Accumulable registered as "NTop"
G4WT16 > Accumulable registered as "NEventsWithHits"
G4WT16 > Accumulable registered as "NScintPhotons"
G4WT10 > Accumulable registered as "NEndLeft"
G4WT10 > Accumulable registered as "NEndRight"
G4WT10 > Accumulable registered as "NTop"
G4WT10 > Accumulable registered as "NEventsWithHits"
G4WT10 > Accumulable registered as "NScintPhotons"
G4WT6 > Accumulable registered as "NEndLeft"
G4WT6 > Accumulable registered as "NEndRight"
G4WT6 > Accumulable registered as "NTop"
G4WT6 > Accumulable registered as "NEventsWithHits"
G4WT6 > Accumulable registered as "NScintPhotons"
G4WT23 > Accumulable registered as "NEndLeft"
G4WT23 > Accumulable registered as "NEndRight"
G4WT23 > Accumulable registered as "NTop"
G4WT23 > Accumulable registered as "NEventsWithHits"
G4WT23 > Accumulable registered as "NScintPhotons"
G4WT13 > Accumulable registered as "NEndLeft"
G4WT13 > Accumulable registered as "NEndRight"
G4WT13 > Accumulable registered as "NTop"
G4WT13 > Accumulable registered as "NEventsWithHits"
G4WT13 > Accumulable registered as "NScintPhotons"
G4WT21 > Accumulable registered as "NEndLeft"
G4WT21 > Accumulable registered as "NEndRight"
G4WT21 > Accumulable registered as "NTop"
G4WT0 > Accumulable registered as "NEndLeft"
G4WT0 > Accumulable registered as "NEndRight"
G4WT0 > Accumulable registered as "NTop"
G4WT21 > Accumulable registered as "NEventsWithHits"
G4WT21 > Accumulable registered as "NScintPhotons"
G4WT0 > Accumulable registered as "NEventsWithHits"
G4WT0 > Accumulable registered as "NScintPhotons"
G4WT3 > Accumulable registered as "NEndLeft"
G4WT3 > Accumulable registered as "NEndRight"
G4WT3 > Accumulable registered as "NTop"
G4WT3 > Accumulable registered as "NEventsWithHits"
G4WT3 > Accumulable registered as "NScintPhotons"
G4WT11 > Accumulable registered as "NEndLeft"
G4WT11 > Accumulable registered as "NEndRight"
G4WT11 > Accumulable registered as "NTop"
G4WT11 > Accumulable registered as "NEventsWithHits"
G4WT11 > Accumulable registered as "NScintPhotons"
G4WT1 > Accumulable registered as "NEndLeft"
G4WT1 > Accumulable registered as "NEndRight"
G4WT1 > Accumulable registered as "NTop"
G4WT1 > Accumulable registered as "NEventsWithHits"
G4WT1 > Accumulable registered as "NScintPhotons"
G4WT20 > Accumulable registered as "NEndLeft"
G4WT20 > Accumulable registered as "NEndRight"
G4WT20 > Accumulable registered as "NTop"
G4WT20 > Accumulable registered as "NEventsWithHits"
G4WT20 > Accumulable registered as "NScintPhotons"
G4WT9 > Accumulable registered as "NEndLeft"
G4WT9 > Accumulable registered as "NEndRight"
G4WT9 > Accumulable registered as "NTop"
G4WT9 > Accumulable registered as "NEventsWithHits"
G4WT9 > Accumulable registered as "NScintPhotons"
G4WT8 > Accumulable registered as "NEndLeft"
G4WT8 > Accumulable registered as "NEndRight"
G4WT8 > Accumulable registered as "NTop"
G4WT8 > Accumulable registered as "NEventsWithHits"
G4WT8 > Accumulable registered as "NScintPhotons"
G4WT4 > Accumulable registered as "NEndLeft"
G4WT4 > Accumulable registered as "NEndRight"
G4WT4 > Accumulable registered as "NTop"
G4WT4 > Accumulable registered as "NEventsWithHits"
G4WT4 > Accumulable registered as "NScintPhotons"
G4WT14 > Accumulable registered as "NEndLeft"
G4WT14 > Accumulable registered as "NEndRight"
G4WT14 > Accumulable registered as "NTop"
G4WT14 > Accumulable registered as "NEventsWithHits"
G4WT14 > Accumulable registered as "NScintPhotons"
G4WT19 > Accumulable registered as "NEndLeft"
G4WT19 > Accumulable registered as "NEndRight"
G4WT19 > Accumulable registered as "NTop"
G4WT19 > Accumulable registered as "NEventsWithHits"
G4WT19 > Accumulable registered as "NScintPhotons"
G4WT5 > Accumulable registered as "NEndLeft"
G4WT5 > Accumulable registered as "NEndRight"
G4WT5 > Accumulable registered as "NTop"
G4WT5 > Accumulable registered as "NEventsWithHits"
G4WT5 > Accumulable registered as "NScintPhotons"
G4WT7 > Accumulable registered as "NEndLeft"
G4WT7 > Accumulable registered as "NEndRight"
G4WT7 > Accumulable registered as "NTop"
G4WT18 > Accumulable registered as "NEndLeft"
G4WT7 > Accumulable registered as "NEventsWithHits"
G4WT7 > Accumulable registered as "NScintPhotons"
G4WT18 > Accumulable registered as "NEndRight"
G4WT18 > Accumulable registered as "NTop"
G4WT18 > Accumulable registered as "NEventsWithHits"
G4WT18 > Accumulable registered as "NScintPhotons"

=== Active Scintillator Baseline ===
  SSLG4 code            : OPSC-101
  Yield                 : 10400 ph/MeV
  Rise time tau_r       : 0.7 ns
  Decay time tau_d      : 1.8 ns
  Attenuation length    : 160 cm
  Emission peak lambda  : 408.8 nm
  Finite rise time      : enabled
=====================================

=== Active Readout / Wrapping Configuration ===
  Readout configuration : Top
  SiPM model            : AFBR-S4N66P024M
  SiPM PDE file         : /home/rrios/ej200/data/sipm/AFBR-S4N66P024M_pde.txt
  -X face               : wrapped
  +X face               : wrapped
  -Y face               : wrapped
  +Y face               : instrumented
  -Z face               : wrapped
  +Z face               : wrapped
  Reflector R           : 0.98
  Active End SiPMs      : 0 (L=0, R=0)
  Active Top SiPMs      : 70
==============================================
G4WT20 > 
=== EJ Scintillator Bar Run Summary ===
  Run ID                : 0
  Events run            : 138
  Events with ≥1 hit    : 138
  End-left  photons     : 0
  End-right photons     : 0
  Top SiPM  photons     : 656172
  Scint photons generated: 2708356
  Total photons detected : 656172
  Detection efficiency   : 24.2277 %
  ROOT output           : photon_hits_run000.root
==============================

G4WT12 > 
=== EJ Scintillator Bar Run Summary ===
  Run ID                : 0
  Events run            : 162
  Events with ≥1 hit    : 162
  End-left  photons     : 0
  End-right photons     : 0
  Top SiPM  photons     : 766518
  Scint photons generated: 3162976
  Total photons detected : 766518
  Detection efficiency   : 24.2341 %
  ROOT output           : photon_hits_run000.root
==============================

G4WT13 > 
=== EJ Scintillator Bar Run Summary ===
  Run ID                : 0
  Events run            : 108
  Events with ≥1 hit    : 108
  End-left  photons     : 0
  End-right photons     : 0
  Top SiPM  photons     : 528426
  Scint photons generated: 2177937
  Total photons detected : 528426
  Detection efficiency   : 24.2627 %
  ROOT output           : photon_hits_run000.root
==============================

G4WT10 > 
=== EJ Scintillator Bar Run Summary ===
  Run ID                : 0
  Events run            : 108
  Events with ≥1 hit    : 108
  End-left  photons     : 0
  End-right photons     : 0
  Top SiPM  photons     : 531410
  Scint photons generated: 2191572
  Total photons detected : 531410
  Detection efficiency   : 24.2479 %
  ROOT output           : photon_hits_run000.root
==============================

G4WT22 > 
=== EJ Scintillator Bar Run Summary ===
  Run ID                : 0
  Events run            : 108
  Events with ≥1 hit    : 108
  End-left  photons     : 0
  End-right photons     : 0
  Top SiPM  photons     : 519757
  Scint photons generated: 2142452
  Total photons detected : 519757
  Detection efficiency   : 24.2599 %
  ROOT output           : photon_hits_run000.root
==============================

G4WT21 > 
=== EJ Scintillator Bar Run Summary ===
  Run ID                : 0
  Events run            : 108
  Events with ≥1 hit    : 108
  End-left  photons     : 0
  End-right photons     : 0
  Top SiPM  photons     : 559694
  Scint photons generated: 2310183
  Total photons detected : 559694
  Detection efficiency   : 24.2273 %
  ROOT output           : photon_hits_run000.root
==============================

G4WT4 > 
=== EJ Scintillator Bar Run Summary ===
  Run ID                : 0
  Events run            : 162
  Events with ≥1 hit    : 162
  End-left  photons     : 0
  End-right photons     : 0
  Top SiPM  photons     : 759484
  Scint photons generated: 3129318
  Total photons detected : 759484
  Detection efficiency   : 24.2700 %
  ROOT output           : photon_hits_run000.root
==============================

G4WT23 > 
=== EJ Scintillator Bar Run Summary ===
  Run ID                : 0
  Events run            : 108
  Events with ≥1 hit    : 108
  End-left  photons     : 0
  End-right photons     : 0
  Top SiPM  photons     : 542223
  Scint photons generated: 2233532
  Total photons detected : 542223
  Detection efficiency   : 24.2765 %
  ROOT output           : photon_hits_run000.root
==============================

G4WT0 > 
=== EJ Scintillator Bar Run Summary ===
  Run ID                : 0
  Events run            : 162
  Events with ≥1 hit    : 162
  End-left  photons     : 0
  End-right photons     : 0
  Top SiPM  photons     : 750347
  Scint photons generated: 3089887
  Total photons detected : 750347
  Detection efficiency   : 24.2840 %
  ROOT output           : photon_hits_run000.root
==============================

G4WT3 > 
=== EJ Scintillator Bar Run Summary ===
  Run ID                : 0
  Events run            : 108
  Events with ≥1 hit    : 108
  End-left  photons     : 0
  End-right photons     : 0
  Top SiPM  photons     : 546201
  Scint photons generated: 2247511
  Total photons detected : 546201
  Detection efficiency   : 24.3025 %
  ROOT output           : photon_hits_run000.root
==============================

G4WT1 > 
=== EJ Scintillator Bar Run Summary ===
  Run ID                : 0
  Events run            : 108
  Events with ≥1 hit    : 108
  End-left  photons     : 0
  End-right photons     : 0
  Top SiPM  photons     : 537312
  Scint photons generated: 2212223
  Total photons detected : 537312
  Detection efficiency   : 24.2883 %
  ROOT output           : photon_hits_run000.root
==============================

G4WT17 > 
=== EJ Scintillator Bar Run Summary ===
  Run ID                : 0
  Events run            : 108
  Events with ≥1 hit    : 108
  End-left  photons     : 0
  End-right photons     : 0
  Top SiPM  photons     : 538072
  Scint photons generated: 2218017
  Total photons detected : 538072
  Detection efficiency   : 24.2591 %
  ROOT output           : photon_hits_run000.root
==============================

G4WT2 > 
=== EJ Scintillator Bar Run Summary ===
  Run ID                : 0
  Events run            : 162
  Events with ≥1 hit    : 162
  End-left  photons     : 0
  End-right photons     : 0
  Top SiPM  photons     : 765711
  Scint photons generated: 3150913
  Total photons detected : 765711
  Detection efficiency   : 24.3012 %
  ROOT output           : photon_hits_run000.root
==============================

G4WT19 > 
=== EJ Scintillator Bar Run Summary ===
  Run ID                : 0
  Events run            : 108
  Events with ≥1 hit    : 108
  End-left  photons     : 0
  End-right photons     : 0
  Top SiPM  photons     : 520321
  Scint photons generated: 2140600
  Total photons detected : 520321
  Detection efficiency   : 24.3073 %
  ROOT output           : photon_hits_run000.root
==============================

G4WT7 > 
=== EJ Scintillator Bar Run Summary ===
  Run ID                : 0
  Events run            : 108
  Events with ≥1 hit    : 108
  End-left  photons     : 0
  End-right photons     : 0
  Top SiPM  photons     : 539334
  Scint photons generated: 2224661
  Total photons detected : 539334
  Detection efficiency   : 24.2434 %
  ROOT output           : photon_hits_run000.root
==============================

G4WT15 > 
=== EJ Scintillator Bar Run Summary ===
  Run ID                : 0
  Events run            : 108
  Events with ≥1 hit    : 108
  End-left  photons     : 0
  End-right photons     : 0
  Top SiPM  photons     : 529741
  Scint photons generated: 2181835
  Total photons detected : 529741
  Detection efficiency   : 24.2796 %
  ROOT output           : photon_hits_run000.root
==============================

G4WT18 > 
=== EJ Scintillator Bar Run Summary ===
  Run ID                : 0
  Events run            : 162
  Events with ≥1 hit    : 162
  End-left  photons     : 0
  End-right photons     : 0
  Top SiPM  photons     : 763864
  Scint photons generated: 3147175
  Total photons detected : 763864
  Detection efficiency   : 24.2714 %
  ROOT output           : photon_hits_run000.root
==============================

G4WT11 > 
=== EJ Scintillator Bar Run Summary ===
  Run ID                : 0
  Events run            : 162
  Events with ≥1 hit    : 162
  End-left  photons     : 0
  End-right photons     : 0
  Top SiPM  photons     : 780160
  Scint photons generated: 3214546
  Total photons detected : 780160
  Detection efficiency   : 24.2697 %
  ROOT output           : photon_hits_run000.root
==============================

G4WT6 > 
=== EJ Scintillator Bar Run Summary ===
  Run ID                : 0
  Events run            : 108
  Events with ≥1 hit    : 108
  End-left  photons     : 0
  End-right photons     : 0
  Top SiPM  photons     : 519017
  Scint photons generated: 2135310
  Total photons detected : 519017
  Detection efficiency   : 24.3064 %
  ROOT output           : photon_hits_run000.root
==============================

G4WT16 > 
=== EJ Scintillator Bar Run Summary ===
  Run ID                : 0
  Events run            : 108
  Events with ≥1 hit    : 108
  End-left  photons     : 0
  End-right photons     : 0
  Top SiPM  photons     : 527479
  Scint photons generated: 2174413
  Total photons detected : 527479
  Detection efficiency   : 24.2585 %
  ROOT output           : photon_hits_run000.root
==============================

G4WT8 > 
=== EJ Scintillator Bar Run Summary ===
  Run ID                : 0
  Events run            : 162
  Events with ≥1 hit    : 162
  End-left  photons     : 0
  End-right photons     : 0
  Top SiPM  photons     : 773539
  Scint photons generated: 3187705
  Total photons detected : 773539
  Detection efficiency   : 24.2663 %
  ROOT output           : photon_hits_run000.root
==============================

G4WT14 > 
=== EJ Scintillator Bar Run Summary ===
  Run ID                : 0
  Events run            : 108
  Events with ≥1 hit    : 108
  End-left  photons     : 0
  End-right photons     : 0
  Top SiPM  photons     : 519848
  Scint photons generated: 2140532
  Total photons detected : 519848
  Detection efficiency   : 24.2859 %
  ROOT output           : photon_hits_run000.root
==============================

G4WT5 > 
=== EJ Scintillator Bar Run Summary ===
  Run ID                : 0
  Events run            : 108
  Events with ≥1 hit    : 108
  End-left  photons     : 0
  End-right photons     : 0
  Top SiPM  photons     : 538070
  Scint photons generated: 2221517
  Total photons detected : 538070
  Detection efficiency   : 24.2208 %
  ROOT output           : photon_hits_run000.root
==============================

G4WT9 > 
=== EJ Scintillator Bar Run Summary ===
  Run ID                : 0
  Events run            : 108
  Events with ≥1 hit    : 108
  End-left  photons     : 0
  End-right photons     : 0
  Top SiPM  photons     : 518988
  Scint photons generated: 2136976
  Total photons detected : 518988
  Detection efficiency   : 24.2861 %
  ROOT output           : photon_hits_run000.root
==============================


=== EJ Scintillator Bar Run Summary ===
  Run ID                : 0
  Events run            : 3000
  Events with ≥1 hit    : 3000
  End-left  photons     : 0
  End-right photons     : 0
  Top SiPM  photons     : 14531688
  Scint photons generated: 59880147
  Total photons detected : 14531688
  Detection efficiency   : 24.2680 %
  ROOT output           : photon_hits_run000.root
==============================


=== Boundary Census (diagnostic) ===
  Bar -> reflector panel   : 1135715154
  Bar -> World (escaped)   : 0
  Bar -> Bar (TIR/refl)    : 0
  Bar -> SiPM (entering)   : 23241205
  Killed in WorldLV        : 142060
====================================

[2026-06-11T23:56:06] DONE pairscan_x-453.0mm (entries=14531688.0)
[2026-06-11T23:56:06] START pairscan_x-454.0mm (x=-454.0 mm)

**************************************************************
 Geant4 version Name: geant4-11-04 [MT]   (5-December-2025)
  << in Multi-threaded mode >> 
                       Copyright : Geant4 Collaboration
                      References : NIM A 506 (2003), 250-303
                                 : IEEE-TNS 53 (2006), 270-278
                                 : NIM A 835 (2016), 186-225
                             WWW : http://geant4.org/
**************************************************************

Accumulable registered as "NEndLeft"
Accumulable registered as "NEndRight"
Accumulable registered as "NTop"
Accumulable registered as "NEventsWithHits"
Accumulable registered as "NScintPhotons"

-------- WWWW ------- G4Exception-START -------- WWWW -------
*** G4Exception : mat031
      issued by : G4Material::FillVectors()
For material opsc-101 sum of fractional masses 0.996667 is not 1 - results may be wrong

*** This is just a warning message. ***
-------- WWWW -------- G4Exception-END --------- WWWW -------

Checking overlaps for volume BarPV:0 (G4Box) ... OK! 
Checking overlaps for volume ReflectorYMinusPV:0 (G4Box) ... OK! 
Checking overlaps for volume ReflectorZMinusPV:3 (G4Box) ... OK! 
Checking overlaps for volume ReflectorZPlusPV:4 (G4Box) ... OK! 
Checking overlaps for volume ReflectorYPlusPV:5 (G4SubtractionSolid) ... OK! 
Checking overlaps for volume ReflectorXMinusPV:1 (G4Box) ... OK! 
Checking overlaps for volume ReflectorXPlusPV:2 (G4Box) ... OK! 
Checking overlaps for volume TopSiPMPV:16 (G4Box) ... OK! 
Checking overlaps for volume TopSiPMPV:17 (G4Box) ... OK! 
Checking overlaps for volume TopSiPMPV:18 (G4Box) ... OK! 
Checking overlaps for volume TopSiPMPV:19 (G4Box) ... OK! 
Checking overlaps for volume TopSiPMPV:20 (G4Box) ... OK! 
Checking overlaps for volume TopSiPMPV:21 (G4Box) ... OK! 
Checking overlaps for volume TopSiPMPV:22 (G4Box) ... OK! 
Checking overlaps for volume TopSiPMPV:23 (G4Box) ... OK! 
Checking overlaps for volume TopSiPMPV:24 (G4Box) ... OK! 
Checking overlaps for volume TopSiPMPV:25 (G4Box) ... OK! 
Checking overlaps for volume TopSiPMPV:26 (G4Box) ... OK! 
Checking overlaps for volume TopSiPMPV:27 (G4Box) ... OK! 
Checking overlaps for volume TopSiPMPV:28 (G4Box) ... OK! 
Checking overlaps for volume TopSiPMPV:29 (G4Box) ... OK! 
Checking overlaps for volume TopSiPMPV:30 (G4Box) ... OK! 
Checking overlaps for volume TopSiPMPV:31 (G4Box) ... OK! 
Checking overlaps for volume TopSiPMPV:32 (G4Box) ... OK! 
Checking overlaps for volume TopSiPMPV:33 (G4Box) ... OK! 
Checking overlaps for volume TopSiPMPV:34 (G4Box) ... OK! 
Checking overlaps for volume TopSiPMPV:35 (G4Box) ... OK! 
Checking overlaps for volume TopSiPMPV:36 (G4Box) ... OK! 
Checking overlaps for volume TopSiPMPV:37 (G4Box) ... OK! 
Checking overlaps for volume TopSiPMPV:38 (G4Box) ... OK! 
Checking overlaps for volume TopSiPMPV:39 (G4Box) ... OK! 
Checking overlaps for volume TopSiPMPV:40 (G4Box) ... OK! 
Checking overlaps for volume TopSiPMPV:41 (G4Box) ... OK! 
Checking overlaps for volume TopSiPMPV:42 (G4Box) ... OK! 
Checking overlaps for volume TopSiPMPV:43 (G4Box) ... OK! 
Checking overlaps for volume TopSiPMPV:44 (G4Box) ... OK! 
Checking overlaps for volume TopSiPMPV:45 (G4Box) ... OK! 
Checking overlaps for volume TopSiPMPV:46 (G4Box) ... OK! 
Checking overlaps for volume TopSiPMPV:47 (G4Box) ... OK! 
Checking overlaps for volume TopSiPMPV:48 (G4Box) ... OK! 
Checking overlaps for volume TopSiPMPV:49 (G4Box) ... OK! 
Checking overlaps for volume TopSiPMPV:50 (G4Box) ... OK! 
Checking overlaps for volume TopSiPMPV:51 (G4Box) ... OK! 
Checking overlaps for volume TopSiPMPV:52 (G4Box) ... OK! 
Checking overlaps for volume TopSiPMPV:53 (G4Box) ... OK! 
Checking overlaps for volume TopSiPMPV:54 (G4Box) ... OK! 
Checking overlaps for volume TopSiPMPV:55 (G4Box) ... OK! 
Checking overlaps for volume TopSiPMPV:56 (G4Box) ... OK! 
Checking overlaps for volume TopSiPMPV:57 (G4Box) ... OK! 
Checking overlaps for volume TopSiPMPV:58 (G4Box) ... OK! 
Checking overlaps for volume TopSiPMPV:59 (G4Box) ... OK! 
Checking overlaps for volume TopSiPMPV:60 (G4Box) ... OK! 
Checking overlaps for volume TopSiPMPV:61 (G4Box) ... OK! 
Checking overlaps for volume TopSiPMPV:62 (G4Box) ... OK! 
Checking overlaps for volume TopSiPMPV:63 (G4Box) ... OK! 
Checking overlaps for volume TopSiPMPV:64 (G4Box) ... OK! 
Checking overlaps for volume TopSiPMPV:65 (G4Box) ... OK! 
Checking overlaps for volume TopSiPMPV:66 (G4Box) ... OK! 
Checking overlaps for volume TopSiPMPV:67 (G4Box) ... OK! 
Checking overlaps for volume TopSiPMPV:68 (G4Box) ... OK! 
Checking overlaps for volume TopSiPMPV:69 (G4Box) ... OK! 
Checking overlaps for volume TopSiPMPV:70 (G4Box) ... OK! 
Checking overlaps for volume TopSiPMPV:71 (G4Box) ... OK! 
Checking overlaps for volume TopSiPMPV:72 (G4Box) ... OK! 
Checking overlaps for volume TopSiPMPV:73 (G4Box) ... OK! 
Checking overlaps for volume TopSiPMPV:74 (G4Box) ... OK! 
Checking overlaps for volume TopSiPMPV:75 (G4Box) ... OK! 
Checking overlaps for volume TopSiPMPV:76 (G4Box) ... OK! 
Checking overlaps for volume TopSiPMPV:77 (G4Box) ... OK! 
Checking overlaps for volume TopSiPMPV:78 (G4Box) ... OK! 
Checking overlaps for volume TopSiPMPV:79 (G4Box) ... OK! 
Checking overlaps for volume TopSiPMPV:80 (G4Box) ... OK! 
Checking overlaps for volume TopSiPMPV:81 (G4Box) ... OK! 
Checking overlaps for volume TopSiPMPV:82 (G4Box) ... OK! 
Checking overlaps for volume TopSiPMPV:83 (G4Box) ... OK! 
Checking overlaps for volume TopSiPMPV:84 (G4Box) ... OK! 
Checking overlaps for volume TopSiPMPV:85 (G4Box) ... OK! 
### Birks coefficients used in run time
G4WT7 > Accumulable registered as "NEndLeft"
G4WT7 > Accumulable registered as "NEndRight"
G4WT7 > Accumulable registered as "NTop"
G4WT7 > Accumulable registered as "NEventsWithHits"
G4WT7 > Accumulable registered as "NScintPhotons"
G4WT1 > Accumulable registered as "NEndLeft"
G4WT1 > Accumulable registered as "NEndRight"
G4WT1 > Accumulable registered as "NTop"
G4WT1 > Accumulable registered as "NEventsWithHits"
G4WT1 > Accumulable registered as "NScintPhotons"
G4WT6 > Accumulable registered as "NEndLeft"
G4WT6 > Accumulable registered as "NEndRight"
G4WT6 > Accumulable registered as "NTop"
G4WT6 > Accumulable registered as "NEventsWithHits"
G4WT6 > Accumulable registered as "NScintPhotons"
G4WT16 > Accumulable registered as "NEndLeft"
G4WT16 > Accumulable registered as "NEndRight"
G4WT16 > Accumulable registered as "NTop"
G4WT16 > Accumulable registered as "NEventsWithHits"
G4WT16 > Accumulable registered as "NScintPhotons"
G4WT22 > Accumulable registered as "NEndLeft"
G4WT22 > Accumulable registered as "NEndRight"
G4WT22 > Accumulable registered as "NTop"
G4WT22 > Accumulable registered as "NEventsWithHits"
G4WT22 > Accumulable registered as "NScintPhotons"
G4WT14 > Accumulable registered as "NEndLeft"
G4WT14 > Accumulable registered as "NEndRight"
G4WT14 > Accumulable registered as "NTop"
G4WT14 > Accumulable registered as "NEventsWithHits"
G4WT14 > Accumulable registered as "NScintPhotons"
G4WT12 > Accumulable registered as "NEndLeft"
G4WT12 > Accumulable registered as "NEndRight"
G4WT12 > Accumulable registered as "NTop"
G4WT12 > Accumulable registered as "NEventsWithHits"
G4WT5 > Accumulable registered as "NEndLeft"
G4WT12 > Accumulable registered as "NScintPhotons"
G4WT5 > Accumulable registered as "NEndRight"
G4WT5 > Accumulable registered as "NTop"
G4WT5 > Accumulable registered as "NEventsWithHits"
G4WT5 > Accumulable registered as "NScintPhotons"
G4WT17 > Accumulable registered as "NEndLeft"
G4WT17 > Accumulable registered as "NEndRight"
G4WT17 > Accumulable registered as "NTop"
G4WT17 > Accumulable registered as "NEventsWithHits"
G4WT17 > Accumulable registered as "NScintPhotons"
G4WT19 > Accumulable registered as "NEndLeft"
G4WT19 > Accumulable registered as "NEndRight"
G4WT19 > Accumulable registered as "NTop"
G4WT19 > Accumulable registered as "NEventsWithHits"
G4WT19 > Accumulable registered as "NScintPhotons"
G4WT4 > Accumulable registered as "NEndLeft"
G4WT4 > Accumulable registered as "NEndRight"
G4WT4 > Accumulable registered as "NTop"
G4WT4 > Accumulable registered as "NEventsWithHits"
G4WT4 > Accumulable registered as "NScintPhotons"
G4WT10 > Accumulable registered as "NEndLeft"
G4WT10 > Accumulable registered as "NEndRight"
G4WT10 > Accumulable registered as "NTop"
G4WT10 > Accumulable registered as "NEventsWithHits"
G4WT10 > Accumulable registered as "NScintPhotons"
G4WT2 > Accumulable registered as "NEndLeft"
G4WT2 > Accumulable registered as "NEndRight"
G4WT2 > Accumulable registered as "NTop"
G4WT2 > Accumulable registered as "NEventsWithHits"
G4WT2 > Accumulable registered as "NScintPhotons"
G4WT11 > Accumulable registered as "NEndLeft"
G4WT11 > Accumulable registered as "NEndRight"
G4WT11 > Accumulable registered as "NTop"
G4WT11 > Accumulable registered as "NEventsWithHits"
G4WT11 > Accumulable registered as "NScintPhotons"
G4WT20 > Accumulable registered as "NEndLeft"
G4WT20 > Accumulable registered as "NEndRight"
G4WT20 > Accumulable registered as "NTop"
G4WT20 > Accumulable registered as "NEventsWithHits"
G4WT20 > Accumulable registered as "NScintPhotons"
G4WT13 > Accumulable registered as "NEndLeft"
G4WT13 > Accumulable registered as "NEndRight"
G4WT13 > Accumulable registered as "NTop"
G4WT13 > Accumulable registered as "NEventsWithHits"
G4WT13 > Accumulable registered as "NScintPhotons"
G4WT9 > Accumulable registered as "NEndLeft"
G4WT9 > Accumulable registered as "NEndRight"
G4WT9 > Accumulable registered as "NTop"
G4WT9 > Accumulable registered as "NEventsWithHits"
G4WT9 > Accumulable registered as "NScintPhotons"
G4WT3 > Accumulable registered as "NEndLeft"
G4WT3 > Accumulable registered as "NEndRight"
G4WT3 > Accumulable registered as "NTop"
G4WT3 > Accumulable registered as "NEventsWithHits"
G4WT3 > Accumulable registered as "NScintPhotons"
G4WT0 > Accumulable registered as "NEndLeft"
G4WT0 > Accumulable registered as "NEndRight"
G4WT0 > Accumulable registered as "NTop"
G4WT0 > Accumulable registered as "NEventsWithHits"
G4WT0 > Accumulable registered as "NScintPhotons"
G4WT8 > Accumulable registered as "NEndLeft"
G4WT8 > Accumulable registered as "NEndRight"
G4WT8 > Accumulable registered as "NTop"
G4WT8 > Accumulable registered as "NEventsWithHits"
G4WT8 > Accumulable registered as "NScintPhotons"
G4WT15 > Accumulable registered as "NEndLeft"
G4WT15 > Accumulable registered as "NEndRight"
G4WT15 > Accumulable registered as "NTop"
G4WT15 > Accumulable registered as "NEventsWithHits"
G4WT15 > Accumulable registered as "NScintPhotons"
G4WT18 > Accumulable registered as "NEndLeft"
G4WT18 > Accumulable registered as "NEndRight"
G4WT18 > Accumulable registered as "NTop"
G4WT18 > Accumulable registered as "NEventsWithHits"
G4WT18 > Accumulable registered as "NScintPhotons"
G4WT21 > Accumulable registered as "NEndLeft"
G4WT21 > Accumulable registered as "NEndRight"
G4WT21 > Accumulable registered as "NTop"
G4WT21 > Accumulable registered as "NEventsWithHits"
G4WT21 > Accumulable registered as "NScintPhotons"
G4WT23 > Accumulable registered as "NEndLeft"
G4WT23 > Accumulable registered as "NEndRight"
G4WT23 > Accumulable registered as "NTop"
G4WT23 > Accumulable registered as "NEventsWithHits"
G4WT23 > Accumulable registered as "NScintPhotons"

=== Active Scintillator Baseline ===
  SSLG4 code            : OPSC-101
  Yield                 : 10400 ph/MeV
  Rise time tau_r       : 0.7 ns
  Decay time tau_d      : 1.8 ns
  Attenuation length    : 160 cm
  Emission peak lambda  : 408.8 nm
  Finite rise time      : enabled
=====================================

=== Active Readout / Wrapping Configuration ===
  Readout configuration : Top
  SiPM model            : AFBR-S4N66P024M
  SiPM PDE file         : /home/rrios/ej200/data/sipm/AFBR-S4N66P024M_pde.txt
  -X face               : wrapped
  +X face               : wrapped
  -Y face               : wrapped
  +Y face               : instrumented
  -Z face               : wrapped
  +Z face               : wrapped
  Reflector R           : 0.98
  Active End SiPMs      : 0 (L=0, R=0)
  Active Top SiPMs      : 70
==============================================
G4WT9 > 
=== EJ Scintillator Bar Run Summary ===
  Run ID                : 0
  Events run            : 162
  Events with ≥1 hit    : 162
  End-left  photons     : 0
  End-right photons     : 0
  Top SiPM  photons     : 762776
  Scint photons generated: 3159894
  Total photons detected : 762776
  Detection efficiency   : 24.1393 %
  ROOT output           : photon_hits_run000.root
==============================

G4WT20 > 
=== EJ Scintillator Bar Run Summary ===
  Run ID                : 0
  Events run            : 108
  Events with ≥1 hit    : 108
  End-left  photons     : 0
  End-right photons     : 0
  Top SiPM  photons     : 546029
  Scint photons generated: 2260303
  Total photons detected : 546029
  Detection efficiency   : 24.1573 %
  ROOT output           : photon_hits_run000.root
==============================

G4WT18 > 
=== EJ Scintillator Bar Run Summary ===
  Run ID                : 0
  Events run            : 108
  Events with ≥1 hit    : 108
  End-left  photons     : 0
  End-right photons     : 0
  Top SiPM  photons     : 512380
  Scint photons generated: 2123479
  Total photons detected : 512380
  Detection efficiency   : 24.1293 %
  ROOT output           : photon_hits_run000.root
==============================

G4WT7 > 
=== EJ Scintillator Bar Run Summary ===
  Run ID                : 0
  Events run            : 162
  Events with ≥1 hit    : 162
  End-left  photons     : 0
  End-right photons     : 0
  Top SiPM  photons     : 769154
  Scint photons generated: 3182152
  Total photons detected : 769154
  Detection efficiency   : 24.1709 %
  ROOT output           : photon_hits_run000.root
==============================

G4WT1 > 
=== EJ Scintillator Bar Run Summary ===
  Run ID                : 0
  Events run            : 108
  Events with ≥1 hit    : 108
  End-left  photons     : 0
  End-right photons     : 0
  Top SiPM  photons     : 527972
  Scint photons generated: 2184235
  Total photons detected : 527972
  Detection efficiency   : 24.1719 %
  ROOT output           : photon_hits_run000.root
==============================

G4WT3 > 
=== EJ Scintillator Bar Run Summary ===
  Run ID                : 0
  Events run            : 162
  Events with ≥1 hit    : 162
  End-left  photons     : 0
  End-right photons     : 0
  Top SiPM  photons     : 758037
  Scint photons generated: 3143515
  Total photons detected : 758037
  Detection efficiency   : 24.1143 %
  ROOT output           : photon_hits_run000.root
==============================

G4WT8 > 
=== EJ Scintillator Bar Run Summary ===
  Run ID                : 0
  Events run            : 108
  Events with ≥1 hit    : 108
  End-left  photons     : 0
  End-right photons     : 0
  Top SiPM  photons     : 527019
  Scint photons generated: 2180361
  Total photons detected : 527019
  Detection efficiency   : 24.1712 %
  ROOT output           : photon_hits_run000.root
==============================

G4WT0 > 
=== EJ Scintillator Bar Run Summary ===
  Run ID                : 0
  Events run            : 108
  Events with ≥1 hit    : 108
  End-left  photons     : 0
  End-right photons     : 0
  Top SiPM  photons     : 523683
  Scint photons generated: 2168323
  Total photons detected : 523683
  Detection efficiency   : 24.1515 %
  ROOT output           : photon_hits_run000.root
==============================

G4WT4 > 
=== EJ Scintillator Bar Run Summary ===
  Run ID                : 0
  Events run            : 162
  Events with ≥1 hit    : 162
  End-left  photons     : 0
  End-right photons     : 0
  Top SiPM  photons     : 754930
  Scint photons generated: 3123453
  Total photons detected : 754930
  Detection efficiency   : 24.1697 %
  ROOT output           : photon_hits_run000.root
==============================

G4WT15 > 
=== EJ Scintillator Bar Run Summary ===
  Run ID                : 0
  Events run            : 108
  Events with ≥1 hit    : 108
  End-left  photons     : 0
  End-right photons     : 0
  Top SiPM  photons     : 521931
  Scint photons generated: 2163039
  Total photons detected : 521931
  Detection efficiency   : 24.1295 %
  ROOT output           : photon_hits_run000.root
==============================

G4WT6 > 
=== EJ Scintillator Bar Run Summary ===
  Run ID                : 0
  Events run            : 108
  Events with ≥1 hit    : 108
  End-left  photons     : 0
  End-right photons     : 0
  Top SiPM  photons     : 519793
  Scint photons generated: 2151352
  Total photons detected : 519793
  Detection efficiency   : 24.1612 %
  ROOT output           : photon_hits_run000.root
==============================

G4WT10 > 
=== EJ Scintillator Bar Run Summary ===
  Run ID                : 0
  Events run            : 108
  Events with ≥1 hit    : 108
  End-left  photons     : 0
  End-right photons     : 0
  Top SiPM  photons     : 528768
  Scint photons generated: 2185409
  Total photons detected : 528768
  Detection efficiency   : 24.1954 %
  ROOT output           : photon_hits_run000.root
==============================

G4WT14 > 
=== EJ Scintillator Bar Run Summary ===
  Run ID                : 0
  Events run            : 162
  Events with ≥1 hit    : 162
  End-left  photons     : 0
  End-right photons     : 0
  Top SiPM  photons     : 774066
  Scint photons generated: 3202065
  Total photons detected : 774066
  Detection efficiency   : 24.1740 %
  ROOT output           : photon_hits_run000.root
==============================

G4WT2 > 
=== EJ Scintillator Bar Run Summary ===
  Run ID                : 0
  Events run            : 162
  Events with ≥1 hit    : 162
  End-left  photons     : 0
  End-right photons     : 0
  Top SiPM  photons     : 768797
  Scint photons generated: 3181882
  Total photons detected : 768797
  Detection efficiency   : 24.1617 %
  ROOT output           : photon_hits_run000.root
==============================

G4WT19 > 
=== EJ Scintillator Bar Run Summary ===
  Run ID                : 0
  Events run            : 108
  Events with ≥1 hit    : 108
  End-left  photons     : 0
  End-right photons     : 0
  Top SiPM  photons     : 511420
  Scint photons generated: 2116191
  Total photons detected : 511420
  Detection efficiency   : 24.1670 %
  ROOT output           : photon_hits_run000.root
==============================

G4WT21 > 
=== EJ Scintillator Bar Run Summary ===
  Run ID                : 0
  Events run            : 108
  Events with ≥1 hit    : 108
  End-left  photons     : 0
  End-right photons     : 0
  Top SiPM  photons     : 535873
  Scint photons generated: 2213388
  Total photons detected : 535873
  Detection efficiency   : 24.2105 %
  ROOT output           : photon_hits_run000.root
==============================

G4WT13 > 
=== EJ Scintillator Bar Run Summary ===
  Run ID                : 0
  Events run            : 162
  Events with ≥1 hit    : 162
  End-left  photons     : 0
  End-right photons     : 0
  Top SiPM  photons     : 761969
  Scint photons generated: 3152999
  Total photons detected : 761969
  Detection efficiency   : 24.1665 %
  ROOT output           : photon_hits_run000.root
==============================

G4WT22 > 
=== EJ Scintillator Bar Run Summary ===
  Run ID                : 0
  Events run            : 108
  Events with ≥1 hit    : 108
  End-left  photons     : 0
  End-right photons     : 0
  Top SiPM  photons     : 531210
  Scint photons generated: 2196719
  Total photons detected : 531210
  Detection efficiency   : 24.1820 %
  ROOT output           : photon_hits_run000.root
==============================

G4WT16 > 
=== EJ Scintillator Bar Run Summary ===
  Run ID                : 0
  Events run            : 108
  Events with ≥1 hit    : 108
  End-left  photons     : 0
  End-right photons     : 0
  Top SiPM  photons     : 512999
  Scint photons generated: 2122241
  Total photons detected : 512999
  Detection efficiency   : 24.1725 %
  ROOT output           : photon_hits_run000.root
==============================

G4WT12 > 
=== EJ Scintillator Bar Run Summary ===
  Run ID                : 0
  Events run            : 138
  Events with ≥1 hit    : 138
  End-left  photons     : 0
  End-right photons     : 0
  Top SiPM  photons     : 665082
  Scint photons generated: 2755542
  Total photons detected : 665082
  Detection efficiency   : 24.1362 %
  ROOT output           : photon_hits_run000.root
==============================

G4WT11 > 
=== EJ Scintillator Bar Run Summary ===
  Run ID                : 0
  Events run            : 108
  Events with ≥1 hit    : 108
  End-left  photons     : 0
  End-right photons     : 0
  Top SiPM  photons     : 522219
  Scint photons generated: 2156713
  Total photons detected : 522219
  Detection efficiency   : 24.2137 %
  ROOT output           : photon_hits_run000.root
==============================

G4WT17 > 
=== EJ Scintillator Bar Run Summary ===
  Run ID                : 0
  Events run            : 108
  Events with ≥1 hit    : 108
  End-left  photons     : 0
  End-right photons     : 0
  Top SiPM  photons     : 516388
  Scint photons generated: 2134370
  Total photons detected : 516388
  Detection efficiency   : 24.1939 %
  ROOT output           : photon_hits_run000.root
==============================

G4WT23 > 
=== EJ Scintillator Bar Run Summary ===
  Run ID                : 0
  Events run            : 108
  Events with ≥1 hit    : 108
  End-left  photons     : 0
  End-right photons     : 0
  Top SiPM  photons     : 519298
  Scint photons generated: 2152279
  Total photons detected : 519298
  Detection efficiency   : 24.1278 %
  ROOT output           : photon_hits_run000.root
==============================

G4WT5 > 
=== EJ Scintillator Bar Run Summary ===
  Run ID                : 0
  Events run            : 108
  Events with ≥1 hit    : 108
  End-left  photons     : 0
  End-right photons     : 0
  Top SiPM  photons     : 524693
  Scint photons generated: 2179170
  Total photons detected : 524693
  Detection efficiency   : 24.0777 %
  ROOT output           : photon_hits_run000.root
==============================


=== EJ Scintillator Bar Run Summary ===
  Run ID                : 0
  Events run            : 3000
  Events with ≥1 hit    : 3000
  End-left  photons     : 0
  End-right photons     : 0
  Top SiPM  photons     : 14396486
  Scint photons generated: 59589074
  Total photons detected : 14396486
  Detection efficiency   : 24.1596 %
  ROOT output           : photon_hits_run000.root
==============================


=== Boundary Census (diagnostic) ===
  Bar -> reflector panel   : 1133724290
  Bar -> World (escaped)   : 0
  Bar -> Bar (TIR/refl)    : 0
  Bar -> SiPM (entering)   : 23051350
  Killed in WorldLV        : 141023
====================================

[2026-06-12T00:01:29] DONE pairscan_x-454.0mm (entries=14396486.0)
[2026-06-12T00:01:29] START pairscan_x-455.0mm (x=-455.0 mm)

**************************************************************
 Geant4 version Name: geant4-11-04 [MT]   (5-December-2025)
  << in Multi-threaded mode >> 
                       Copyright : Geant4 Collaboration
                      References : NIM A 506 (2003), 250-303
                                 : IEEE-TNS 53 (2006), 270-278
                                 : NIM A 835 (2016), 186-225
                             WWW : http://geant4.org/
**************************************************************

Accumulable registered as "NEndLeft"
Accumulable registered as "NEndRight"
Accumulable registered as "NTop"
Accumulable registered as "NEventsWithHits"
Accumulable registered as "NScintPhotons"

-------- WWWW ------- G4Exception-START -------- WWWW -------
*** G4Exception : mat031
      issued by : G4Material::FillVectors()
For material opsc-101 sum of fractional masses 0.996667 is not 1 - results may be wrong

*** This is just a warning message. ***
-------- WWWW -------- G4Exception-END --------- WWWW -------

Checking overlaps for volume BarPV:0 (G4Box) ... OK! 
Checking overlaps for volume ReflectorYMinusPV:0 (G4Box) ... OK! 
Checking overlaps for volume ReflectorZMinusPV:3 (G4Box) ... OK! 
Checking overlaps for volume ReflectorZPlusPV:4 (G4Box) ... OK! 
Checking overlaps for volume ReflectorYPlusPV:5 (G4SubtractionSolid) ... OK! 
Checking overlaps for volume ReflectorXMinusPV:1 (G4Box) ... OK! 
Checking overlaps for volume ReflectorXPlusPV:2 (G4Box) ... OK! 
Checking overlaps for volume TopSiPMPV:16 (G4Box) ... OK! 
Checking overlaps for volume TopSiPMPV:17 (G4Box) ... OK! 
Checking overlaps for volume TopSiPMPV:18 (G4Box) ... OK! 
Checking overlaps for volume TopSiPMPV:19 (G4Box) ... OK! 
Checking overlaps for volume TopSiPMPV:20 (G4Box) ... OK! 
Checking overlaps for volume TopSiPMPV:21 (G4Box) ... OK! 
Checking overlaps for volume TopSiPMPV:22 (G4Box) ... OK! 
Checking overlaps for volume TopSiPMPV:23 (G4Box) ... OK! 
Checking overlaps for volume TopSiPMPV:24 (G4Box) ... OK! 
Checking overlaps for volume TopSiPMPV:25 (G4Box) ... OK! 
Checking overlaps for volume TopSiPMPV:26 (G4Box) ... OK! 
Checking overlaps for volume TopSiPMPV:27 (G4Box) ... OK! 
Checking overlaps for volume TopSiPMPV:28 (G4Box) ... OK! 
Checking overlaps for volume TopSiPMPV:29 (G4Box) ... OK! 
Checking overlaps for volume TopSiPMPV:30 (G4Box) ... OK! 
Checking overlaps for volume TopSiPMPV:31 (G4Box) ... OK! 
Checking overlaps for volume TopSiPMPV:32 (G4Box) ... OK! 
Checking overlaps for volume TopSiPMPV:33 (G4Box) ... OK! 
Checking overlaps for volume TopSiPMPV:34 (G4Box) ... OK! 
Checking overlaps for volume TopSiPMPV:35 (G4Box) ... OK! 
Checking overlaps for volume TopSiPMPV:36 (G4Box) ... OK! 
Checking overlaps for volume TopSiPMPV:37 (G4Box) ... OK! 
Checking overlaps for volume TopSiPMPV:38 (G4Box) ... OK! 
Checking overlaps for volume TopSiPMPV:39 (G4Box) ... OK! 
Checking overlaps for volume TopSiPMPV:40 (G4Box) ... OK! 
Checking overlaps for volume TopSiPMPV:41 (G4Box) ... OK! 
Checking overlaps for volume TopSiPMPV:42 (G4Box) ... OK! 
Checking overlaps for volume TopSiPMPV:43 (G4Box) ... OK! 
Checking overlaps for volume TopSiPMPV:44 (G4Box) ... OK! 
Checking overlaps for volume TopSiPMPV:45 (G4Box) ... OK! 
Checking overlaps for volume TopSiPMPV:46 (G4Box) ... OK! 
Checking overlaps for volume TopSiPMPV:47 (G4Box) ... OK! 
Checking overlaps for volume TopSiPMPV:48 (G4Box) ... OK! 
Checking overlaps for volume TopSiPMPV:49 (G4Box) ... OK! 
Checking overlaps for volume TopSiPMPV:50 (G4Box) ... OK! 
Checking overlaps for volume TopSiPMPV:51 (G4Box) ... OK! 
Checking overlaps for volume TopSiPMPV:52 (G4Box) ... OK! 
Checking overlaps for volume TopSiPMPV:53 (G4Box) ... OK! 
Checking overlaps for volume TopSiPMPV:54 (G4Box) ... OK! 
Checking overlaps for volume TopSiPMPV:55 (G4Box) ... OK! 
Checking overlaps for volume TopSiPMPV:56 (G4Box) ... OK! 
Checking overlaps for volume TopSiPMPV:57 (G4Box) ... OK! 
Checking overlaps for volume TopSiPMPV:58 (G4Box) ... OK! 
Checking overlaps for volume TopSiPMPV:59 (G4Box) ... OK! 
Checking overlaps for volume TopSiPMPV:60 (G4Box) ... OK! 
Checking overlaps for volume TopSiPMPV:61 (G4Box) ... OK! 
Checking overlaps for volume TopSiPMPV:62 (G4Box) ... OK! 
Checking overlaps for volume TopSiPMPV:63 (G4Box) ... OK! 
Checking overlaps for volume TopSiPMPV:64 (G4Box) ... OK! 
Checking overlaps for volume TopSiPMPV:65 (G4Box) ... OK! 
Checking overlaps for volume TopSiPMPV:66 (G4Box) ... OK! 
Checking overlaps for volume TopSiPMPV:67 (G4Box) ... OK! 
Checking overlaps for volume TopSiPMPV:68 (G4Box) ... OK! 
Checking overlaps for volume TopSiPMPV:69 (G4Box) ... OK! 
Checking overlaps for volume TopSiPMPV:70 (G4Box) ... OK! 
Checking overlaps for volume TopSiPMPV:71 (G4Box) ... OK! 
Checking overlaps for volume TopSiPMPV:72 (G4Box) ... OK! 
Checking overlaps for volume TopSiPMPV:73 (G4Box) ... OK! 
Checking overlaps for volume TopSiPMPV:74 (G4Box) ... OK! 
Checking overlaps for volume TopSiPMPV:75 (G4Box) ... OK! 
Checking overlaps for volume TopSiPMPV:76 (G4Box) ... OK! 
Checking overlaps for volume TopSiPMPV:77 (G4Box) ... OK! 
Checking overlaps for volume TopSiPMPV:78 (G4Box) ... OK! 
Checking overlaps for volume TopSiPMPV:79 (G4Box) ... OK! 
Checking overlaps for volume TopSiPMPV:80 (G4Box) ... OK! 
Checking overlaps for volume TopSiPMPV:81 (G4Box) ... OK! 
Checking overlaps for volume TopSiPMPV:82 (G4Box) ... OK! 
Checking overlaps for volume TopSiPMPV:83 (G4Box) ... OK! 
Checking overlaps for volume TopSiPMPV:84 (G4Box) ... OK! 
Checking overlaps for volume TopSiPMPV:85 (G4Box) ... OK! 
### Birks coefficients used in run time
G4WT4 > Accumulable registered as "NEndLeft"
G4WT4 > Accumulable registered as "NEndRight"
G4WT4 > Accumulable registered as "NTop"
G4WT4 > Accumulable registered as "NEventsWithHits"
G4WT4 > Accumulable registered as "NScintPhotons"
G4WT16 > Accumulable registered as "NEndLeft"
G4WT16 > Accumulable registered as "NEndRight"
G4WT16 > Accumulable registered as "NTop"
G4WT16 > Accumulable registered as "NEventsWithHits"
G4WT16 > Accumulable registered as "NScintPhotons"
G4WT8 > Accumulable registered as "NEndLeft"
G4WT8 > Accumulable registered as "NEndRight"
G4WT8 > Accumulable registered as "NTop"
G4WT8 > Accumulable registered as "NEventsWithHits"
G4WT8 > Accumulable registered as "NScintPhotons"
G4WT13 > Accumulable registered as "NEndLeft"
G4WT13 > Accumulable registered as "NEndRight"
G4WT13 > Accumulable registered as "NTop"
G4WT13 > Accumulable registered as "NEventsWithHits"
G4WT13 > Accumulable registered as "NScintPhotons"
G4WT18 > Accumulable registered as "NEndLeft"
G4WT18 > Accumulable registered as "NEndRight"
G4WT18 > Accumulable registered as "NTop"
G4WT18 > Accumulable registered as "NEventsWithHits"
G4WT18 > Accumulable registered as "NScintPhotons"
G4WT17 > Accumulable registered as "NEndLeft"
G4WT17 > Accumulable registered as "NEndRight"
G4WT17 > Accumulable registered as "NTop"
G4WT17 > Accumulable registered as "NEventsWithHits"
G4WT17 > Accumulable registered as "NScintPhotons"
G4WT23 > Accumulable registered as "NEndLeft"
G4WT23 > Accumulable registered as "NEndRight"
G4WT23 > Accumulable registered as "NTop"
G4WT23 > Accumulable registered as "NEventsWithHits"
G4WT23 > Accumulable registered as "NScintPhotons"
G4WT22 > Accumulable registered as "NEndLeft"
G4WT22 > Accumulable registered as "NEndRight"
G4WT22 > Accumulable registered as "NTop"
G4WT22 > Accumulable registered as "NEventsWithHits"
G4WT22 > Accumulable registered as "NScintPhotons"
G4WT12 > Accumulable registered as "NEndLeft"
G4WT12 > Accumulable registered as "NEndRight"
G4WT12 > Accumulable registered as "NTop"
G4WT12 > Accumulable registered as "NEventsWithHits"
G4WT12 > Accumulable registered as "NScintPhotons"
G4WT15 > Accumulable registered as "NEndLeft"
G4WT15 > Accumulable registered as "NEndRight"
G4WT15 > Accumulable registered as "NTop"
G4WT15 > Accumulable registered as "NEventsWithHits"
G4WT15 > Accumulable registered as "NScintPhotons"
G4WT21 > Accumulable registered as "NEndLeft"
G4WT21 > Accumulable registered as "NEndRight"
G4WT21 > Accumulable registered as "NTop"
G4WT21 > Accumulable registered as "NEventsWithHits"
G4WT21 > Accumulable registered as "NScintPhotons"
G4WT9 > Accumulable registered as "NEndLeft"
G4WT9 > Accumulable registered as "NEndRight"
G4WT9 > Accumulable registered as "NTop"
G4WT9 > Accumulable registered as "NEventsWithHits"
G4WT9 > Accumulable registered as "NScintPhotons"
G4WT0 > Accumulable registered as "NEndLeft"
G4WT0 > Accumulable registered as "NEndRight"
G4WT0 > Accumulable registered as "NTop"
G4WT0 > Accumulable registered as "NEventsWithHits"
G4WT0 > Accumulable registered as "NScintPhotons"
G4WT10 > Accumulable registered as "NEndLeft"
G4WT10 > Accumulable registered as "NEndRight"
G4WT10 > Accumulable registered as "NTop"
G4WT10 > Accumulable registered as "NEventsWithHits"
G4WT10 > Accumulable registered as "NScintPhotons"
G4WT19 > Accumulable registered as "NEndLeft"
G4WT19 > Accumulable registered as "NEndRight"
G4WT19 > Accumulable registered as "NTop"
G4WT19 > Accumulable registered as "NEventsWithHits"
G4WT19 > Accumulable registered as "NScintPhotons"
G4WT3 > Accumulable registered as "NEndLeft"
G4WT3 > Accumulable registered as "NEndRight"
G4WT3 > Accumulable registered as "NTop"
G4WT3 > Accumulable registered as "NEventsWithHits"
G4WT3 > Accumulable registered as "NScintPhotons"
G4WT14 > Accumulable registered as "NEndLeft"
G4WT14 > Accumulable registered as "NEndRight"
G4WT14 > Accumulable registered as "NTop"
G4WT14 > Accumulable registered as "NEventsWithHits"
G4WT14 > Accumulable registered as "NScintPhotons"
G4WT6 > Accumulable registered as "NEndLeft"
G4WT6 > Accumulable registered as "NEndRight"
G4WT6 > Accumulable registered as "NTop"
G4WT6 > Accumulable registered as "NEventsWithHits"
G4WT6 > Accumulable registered as "NScintPhotons"
G4WT20 > Accumulable registered as "NEndLeft"
G4WT20 > Accumulable registered as "NEndRight"
G4WT20 > Accumulable registered as "NTop"
G4WT20 > Accumulable registered as "NEventsWithHits"
G4WT20 > Accumulable registered as "NScintPhotons"
G4WT11 > Accumulable registered as "NEndLeft"
G4WT11 > Accumulable registered as "NEndRight"
G4WT11 > Accumulable registered as "NTop"
G4WT11 > Accumulable registered as "NEventsWithHits"
G4WT11 > Accumulable registered as "NScintPhotons"
G4WT2 > Accumulable registered as "NEndLeft"
G4WT2 > Accumulable registered as "NEndRight"
G4WT2 > Accumulable registered as "NTop"
G4WT2 > Accumulable registered as "NEventsWithHits"
G4WT2 > Accumulable registered as "NScintPhotons"
G4WT5 > Accumulable registered as "NEndLeft"
G4WT5 > Accumulable registered as "NEndRight"
G4WT5 > Accumulable registered as "NTop"
G4WT5 > Accumulable registered as "NEventsWithHits"
G4WT5 > Accumulable registered as "NScintPhotons"
G4WT7 > Accumulable registered as "NEndLeft"
G4WT7 > Accumulable registered as "NEndRight"
G4WT7 > Accumulable registered as "NTop"
G4WT7 > Accumulable registered as "NEventsWithHits"
G4WT7 > Accumulable registered as "NScintPhotons"
G4WT1 > Accumulable registered as "NEndLeft"
G4WT1 > Accumulable registered as "NEndRight"
G4WT1 > Accumulable registered as "NTop"
G4WT1 > Accumulable registered as "NEventsWithHits"
G4WT1 > Accumulable registered as "NScintPhotons"

=== Active Scintillator Baseline ===
  SSLG4 code            : OPSC-101
  Yield                 : 10400 ph/MeV
  Rise time tau_r       : 0.7 ns
  Decay time tau_d      : 1.8 ns
  Attenuation length    : 160 cm
  Emission peak lambda  : 408.8 nm
  Finite rise time      : enabled
=====================================

=== Active Readout / Wrapping Configuration ===
  Readout configuration : Top
  SiPM model            : AFBR-S4N66P024M
  SiPM PDE file         : /home/rrios/ej200/data/sipm/AFBR-S4N66P024M_pde.txt
  -X face               : wrapped
  +X face               : wrapped
  -Y face               : wrapped
  +Y face               : instrumented
  -Z face               : wrapped
  +Z face               : wrapped
  Reflector R           : 0.98
  Active End SiPMs      : 0 (L=0, R=0)
  Active Top SiPMs      : 70
==============================================
G4WT3 > 
=== EJ Scintillator Bar Run Summary ===
  Run ID                : 0
  Events run            : 108
  Events with ≥1 hit    : 108
  End-left  photons     : 0
  End-right photons     : 0
  Top SiPM  photons     : 537950
  Scint photons generated: 2227658
  Total photons detected : 537950
  Detection efficiency   : 24.1487 %
  ROOT output           : photon_hits_run000.root
==============================

G4WT4 > 
=== EJ Scintillator Bar Run Summary ===
  Run ID                : 0
  Events run            : 108
  Events with ≥1 hit    : 108
  End-left  photons     : 0
  End-right photons     : 0
  Top SiPM  photons     : 523854
  Scint photons generated: 2168555
  Total photons detected : 523854
  Detection efficiency   : 24.1568 %
  ROOT output           : photon_hits_run000.root
==============================

G4WT21 > 
=== EJ Scintillator Bar Run Summary ===
  Run ID                : 0
  Events run            : 108
  Events with ≥1 hit    : 108
  End-left  photons     : 0
  End-right photons     : 0
  Top SiPM  photons     : 521824
  Scint photons generated: 2157336
  Total photons detected : 521824
  Detection efficiency   : 24.1884 %
  ROOT output           : photon_hits_run000.root
==============================

G4WT10 > 
=== EJ Scintillator Bar Run Summary ===
  Run ID                : 0
  Events run            : 162
  Events with ≥1 hit    : 162
  End-left  photons     : 0
  End-right photons     : 0
  Top SiPM  photons     : 786120
  Scint photons generated: 3249791
  Total photons detected : 786120
  Detection efficiency   : 24.1899 %
  ROOT output           : photon_hits_run000.root
==============================

G4WT17 > 
=== EJ Scintillator Bar Run Summary ===
  Run ID                : 0
  Events run            : 162
  Events with ≥1 hit    : 162
  End-left  photons     : 0
  End-right photons     : 0
  Top SiPM  photons     : 785189
  Scint photons generated: 3245169
  Total photons detected : 785189
  Detection efficiency   : 24.1956 %
  ROOT output           : photon_hits_run000.root
==============================

G4WT20 > 
=== EJ Scintillator Bar Run Summary ===
  Run ID                : 0
  Events run            : 162
  Events with ≥1 hit    : 162
  End-left  photons     : 0
  End-right photons     : 0
  Top SiPM  photons     : 771362
  Scint photons generated: 3186194
  Total photons detected : 771362
  Detection efficiency   : 24.2095 %
  ROOT output           : photon_hits_run000.root
==============================

G4WT5 > 
=== EJ Scintillator Bar Run Summary ===
  Run ID                : 0
  Events run            : 108
  Events with ≥1 hit    : 108
  End-left  photons     : 0
  End-right photons     : 0
  Top SiPM  photons     : 532314
  Scint photons generated: 2201207
  Total photons detected : 532314
  Detection efficiency   : 24.1828 %
  ROOT output           : photon_hits_run000.root
==============================

G4WT19 > 
=== EJ Scintillator Bar Run Summary ===
  Run ID                : 0
  Events run            : 108
  Events with ≥1 hit    : 108
  End-left  photons     : 0
  End-right photons     : 0
  Top SiPM  photons     : 524839
  Scint photons generated: 2169301
  Total photons detected : 524839
  Detection efficiency   : 24.1939 %
  ROOT output           : photon_hits_run000.root
==============================

G4WT18 > 
=== EJ Scintillator Bar Run Summary ===
  Run ID                : 0
  Events run            : 108
  Events with ≥1 hit    : 108
  End-left  photons     : 0
  End-right photons     : 0
  Top SiPM  photons     : 532471
  Scint photons generated: 2199206
  Total photons detected : 532471
  Detection efficiency   : 24.2120 %
  ROOT output           : photon_hits_run000.root
==============================

G4WT6 > 
=== EJ Scintillator Bar Run Summary ===
  Run ID                : 0
  Events run            : 108
  Events with ≥1 hit    : 108
  End-left  photons     : 0
  End-right photons     : 0
  Top SiPM  photons     : 542696
  Scint photons generated: 2242497
  Total photons detected : 542696
  Detection efficiency   : 24.2005 %
  ROOT output           : photon_hits_run000.root
==============================

G4WT7 > 
=== EJ Scintillator Bar Run Summary ===
  Run ID                : 0
  Events run            : 108
  Events with ≥1 hit    : 108
  End-left  photons     : 0
  End-right photons     : 0
  Top SiPM  photons     : 543110
  Scint photons generated: 2248402
  Total photons detected : 543110
  Detection efficiency   : 24.1554 %
  ROOT output           : photon_hits_run000.root
==============================

G4WT13 > 
=== EJ Scintillator Bar Run Summary ===
  Run ID                : 0
  Events run            : 108
  Events with ≥1 hit    : 108
  End-left  photons     : 0
  End-right photons     : 0
  Top SiPM  photons     : 523943
  Scint photons generated: 2164140
  Total photons detected : 523943
  Detection efficiency   : 24.2102 %
  ROOT output           : photon_hits_run000.root
==============================

G4WT8 > 
=== EJ Scintillator Bar Run Summary ===
  Run ID                : 0
  Events run            : 138
  Events with ≥1 hit    : 138
  End-left  photons     : 0
  End-right photons     : 0
  Top SiPM  photons     : 671739
  Scint photons generated: 2774600
  Total photons detected : 671739
  Detection efficiency   : 24.2103 %
  ROOT output           : photon_hits_run000.root
==============================

G4WT11 > 
=== EJ Scintillator Bar Run Summary ===
  Run ID                : 0
  Events run            : 108
  Events with ≥1 hit    : 108
  End-left  photons     : 0
  End-right photons     : 0
  Top SiPM  photons     : 544948
  Scint photons generated: 2247573
  Total photons detected : 544948
  Detection efficiency   : 24.2461 %
  ROOT output           : photon_hits_run000.root
==============================

G4WT16 > 
=== EJ Scintillator Bar Run Summary ===
  Run ID                : 0
  Events run            : 108
  Events with ≥1 hit    : 108
  End-left  photons     : 0
  End-right photons     : 0
  Top SiPM  photons     : 534751
  Scint photons generated: 2212511
  Total photons detected : 534751
  Detection efficiency   : 24.1694 %
  ROOT output           : photon_hits_run000.root
==============================

G4WT15 > 
=== EJ Scintillator Bar Run Summary ===
  Run ID                : 0
  Events run            : 108
  Events with ≥1 hit    : 108
  End-left  photons     : 0
  End-right photons     : 0
  Top SiPM  photons     : 527336
  Scint photons generated: 2182130
  Total photons detected : 527336
  Detection efficiency   : 24.1661 %
  ROOT output           : photon_hits_run000.root
==============================

G4WT2 > 
=== EJ Scintillator Bar Run Summary ===
  Run ID                : 0
  Events run            : 162
  Events with ≥1 hit    : 162
  End-left  photons     : 0
  End-right photons     : 0
  Top SiPM  photons     : 759568
  Scint photons generated: 3141969
  Total photons detected : 759568
  Detection efficiency   : 24.1749 %
  ROOT output           : photon_hits_run000.root
==============================

G4WT12 > 
=== EJ Scintillator Bar Run Summary ===
  Run ID                : 0
  Events run            : 108
  Events with ≥1 hit    : 108
  End-left  photons     : 0
  End-right photons     : 0
  Top SiPM  photons     : 534675
  Scint photons generated: 2213517
  Total photons detected : 534675
  Detection efficiency   : 24.1550 %
  ROOT output           : photon_hits_run000.root
==============================

G4WT14 > 
=== EJ Scintillator Bar Run Summary ===
  Run ID                : 0
  Events run            : 162
  Events with ≥1 hit    : 162
  End-left  photons     : 0
  End-right photons     : 0
  Top SiPM  photons     : 760207
  Scint photons generated: 3142209
  Total photons detected : 760207
  Detection efficiency   : 24.1934 %
  ROOT output           : photon_hits_run000.root
==============================

G4WT0 > 
=== EJ Scintillator Bar Run Summary ===
  Run ID                : 0
  Events run            : 162
  Events with ≥1 hit    : 162
  End-left  photons     : 0
  End-right photons     : 0
  Top SiPM  photons     : 766881
  Scint photons generated: 3170329
  Total photons detected : 766881
  Detection efficiency   : 24.1893 %
  ROOT output           : photon_hits_run000.root
==============================

G4WT9 > 
=== EJ Scintillator Bar Run Summary ===
  Run ID                : 0
  Events run            : 108
  Events with ≥1 hit    : 108
  End-left  photons     : 0
  End-right photons     : 0
  Top SiPM  photons     : 537306
  Scint photons generated: 2217938
  Total photons detected : 537306
  Detection efficiency   : 24.2255 %
  ROOT output           : photon_hits_run000.root
==============================

G4WT23 > 
=== EJ Scintillator Bar Run Summary ===
  Run ID                : 0
  Events run            : 108
  Events with ≥1 hit    : 108
  End-left  photons     : 0
  End-right photons     : 0
  Top SiPM  photons     : 527534
  Scint photons generated: 2180155
  Total photons detected : 527534
  Detection efficiency   : 24.1971 %
  ROOT output           : photon_hits_run000.root
==============================

G4WT22 > 
=== EJ Scintillator Bar Run Summary ===
  Run ID                : 0
  Events run            : 162
  Events with ≥1 hit    : 162
  End-left  photons     : 0
  End-right photons     : 0
  Top SiPM  photons     : 772976
  Scint photons generated: 3196768
  Total photons detected : 772976
  Detection efficiency   : 24.1799 %
  ROOT output           : photon_hits_run000.root
==============================

G4WT1 > 
=== EJ Scintillator Bar Run Summary ===
  Run ID                : 0
  Events run            : 108
  Events with ≥1 hit    : 108
  End-left  photons     : 0
  End-right photons     : 0
  Top SiPM  photons     : 539996
  Scint photons generated: 2232027
  Total photons detected : 539996
  Detection efficiency   : 24.1931 %
  ROOT output           : photon_hits_run000.root
==============================


=== EJ Scintillator Bar Run Summary ===
  Run ID                : 0
  Events run            : 3000
  Events with ≥1 hit    : 3000
  End-left  photons     : 0
  End-right photons     : 0
  Top SiPM  photons     : 14603589
  Scint photons generated: 60371182
  Total photons detected : 14603589
  Detection efficiency   : 24.1897 %
  ROOT output           : photon_hits_run000.root
==============================


=== Boundary Census (diagnostic) ===
  Bar -> reflector panel   : 1146434333
  Bar -> World (escaped)   : 0
  Bar -> Bar (TIR/refl)    : 0
  Bar -> SiPM (entering)   : 23358495
  Killed in WorldLV        : 142972
====================================

[2026-06-12T00:06:57] DONE pairscan_x-455.0mm (entries=14603589.0)
[2026-06-12T00:06:57] START pairscan_x-456.0mm (x=-456.0 mm)

**************************************************************
 Geant4 version Name: geant4-11-04 [MT]   (5-December-2025)
  << in Multi-threaded mode >> 
                       Copyright : Geant4 Collaboration
                      References : NIM A 506 (2003), 250-303
                                 : IEEE-TNS 53 (2006), 270-278
                                 : NIM A 835 (2016), 186-225
                             WWW : http://geant4.org/
**************************************************************

Accumulable registered as "NEndLeft"
Accumulable registered as "NEndRight"
Accumulable registered as "NTop"
Accumulable registered as "NEventsWithHits"
Accumulable registered as "NScintPhotons"

-------- WWWW ------- G4Exception-START -------- WWWW -------
*** G4Exception : mat031
      issued by : G4Material::FillVectors()
For material opsc-101 sum of fractional masses 0.996667 is not 1 - results may be wrong

*** This is just a warning message. ***
-------- WWWW -------- G4Exception-END --------- WWWW -------

Checking overlaps for volume BarPV:0 (G4Box) ... OK! 
Checking overlaps for volume ReflectorYMinusPV:0 (G4Box) ... OK! 
Checking overlaps for volume ReflectorZMinusPV:3 (G4Box) ... OK! 
Checking overlaps for volume ReflectorZPlusPV:4 (G4Box) ... OK! 
Checking overlaps for volume ReflectorYPlusPV:5 (G4SubtractionSolid) ... OK! 
Checking overlaps for volume ReflectorXMinusPV:1 (G4Box) ... OK! 
Checking overlaps for volume ReflectorXPlusPV:2 (G4Box) ... OK! 
Checking overlaps for volume TopSiPMPV:16 (G4Box) ... OK! 
Checking overlaps for volume TopSiPMPV:17 (G4Box) ... OK! 
Checking overlaps for volume TopSiPMPV:18 (G4Box) ... OK! 
Checking overlaps for volume TopSiPMPV:19 (G4Box) ... OK! 
Checking overlaps for volume TopSiPMPV:20 (G4Box) ... OK! 
Checking overlaps for volume TopSiPMPV:21 (G4Box) ... OK! 
Checking overlaps for volume TopSiPMPV:22 (G4Box) ... OK! 
Checking overlaps for volume TopSiPMPV:23 (G4Box) ... OK! 
Checking overlaps for volume TopSiPMPV:24 (G4Box) ... OK! 
Checking overlaps for volume TopSiPMPV:25 (G4Box) ... OK! 
Checking overlaps for volume TopSiPMPV:26 (G4Box) ... OK! 
Checking overlaps for volume TopSiPMPV:27 (G4Box) ... OK! 
Checking overlaps for volume TopSiPMPV:28 (G4Box) ... OK! 
Checking overlaps for volume TopSiPMPV:29 (G4Box) ... OK! 
Checking overlaps for volume TopSiPMPV:30 (G4Box) ... OK! 
Checking overlaps for volume TopSiPMPV:31 (G4Box) ... OK! 
Checking overlaps for volume TopSiPMPV:32 (G4Box) ... OK! 
Checking overlaps for volume TopSiPMPV:33 (G4Box) ... OK! 
Checking overlaps for volume TopSiPMPV:34 (G4Box) ... OK! 
Checking overlaps for volume TopSiPMPV:35 (G4Box) ... OK! 
Checking overlaps for volume TopSiPMPV:36 (G4Box) ... OK! 
Checking overlaps for volume TopSiPMPV:37 (G4Box) ... OK! 
Checking overlaps for volume TopSiPMPV:38 (G4Box) ... OK! 
Checking overlaps for volume TopSiPMPV:39 (G4Box) ... OK! 
Checking overlaps for volume TopSiPMPV:40 (G4Box) ... OK! 
Checking overlaps for volume TopSiPMPV:41 (G4Box) ... OK! 
Checking overlaps for volume TopSiPMPV:42 (G4Box) ... OK! 
Checking overlaps for volume TopSiPMPV:43 (G4Box) ... OK! 
Checking overlaps for volume TopSiPMPV:44 (G4Box) ... OK! 
Checking overlaps for volume TopSiPMPV:45 (G4Box) ... OK! 
Checking overlaps for volume TopSiPMPV:46 (G4Box) ... OK! 
Checking overlaps for volume TopSiPMPV:47 (G4Box) ... OK! 
Checking overlaps for volume TopSiPMPV:48 (G4Box) ... OK! 
Checking overlaps for volume TopSiPMPV:49 (G4Box) ... OK! 
Checking overlaps for volume TopSiPMPV:50 (G4Box) ... OK! 
Checking overlaps for volume TopSiPMPV:51 (G4Box) ... OK! 
Checking overlaps for volume TopSiPMPV:52 (G4Box) ... OK! 
Checking overlaps for volume TopSiPMPV:53 (G4Box) ... OK! 
Checking overlaps for volume TopSiPMPV:54 (G4Box) ... OK! 
Checking overlaps for volume TopSiPMPV:55 (G4Box) ... OK! 
Checking overlaps for volume TopSiPMPV:56 (G4Box) ... OK! 
Checking overlaps for volume TopSiPMPV:57 (G4Box) ... OK! 
Checking overlaps for volume TopSiPMPV:58 (G4Box) ... OK! 
Checking overlaps for volume TopSiPMPV:59 (G4Box) ... OK! 
Checking overlaps for volume TopSiPMPV:60 (G4Box) ... OK! 
Checking overlaps for volume TopSiPMPV:61 (G4Box) ... OK! 
Checking overlaps for volume TopSiPMPV:62 (G4Box) ... OK! 
Checking overlaps for volume TopSiPMPV:63 (G4Box) ... OK! 
Checking overlaps for volume TopSiPMPV:64 (G4Box) ... OK! 
Checking overlaps for volume TopSiPMPV:65 (G4Box) ... OK! 
Checking overlaps for volume TopSiPMPV:66 (G4Box) ... OK! 
Checking overlaps for volume TopSiPMPV:67 (G4Box) ... OK! 
Checking overlaps for volume TopSiPMPV:68 (G4Box) ... OK! 
Checking overlaps for volume TopSiPMPV:69 (G4Box) ... OK! 
Checking overlaps for volume TopSiPMPV:70 (G4Box) ... OK! 
Checking overlaps for volume TopSiPMPV:71 (G4Box) ... OK! 
Checking overlaps for volume TopSiPMPV:72 (G4Box) ... OK! 
Checking overlaps for volume TopSiPMPV:73 (G4Box) ... OK! 
Checking overlaps for volume TopSiPMPV:74 (G4Box) ... OK! 
Checking overlaps for volume TopSiPMPV:75 (G4Box) ... OK! 
Checking overlaps for volume TopSiPMPV:76 (G4Box) ... OK! 
Checking overlaps for volume TopSiPMPV:77 (G4Box) ... OK! 
Checking overlaps for volume TopSiPMPV:78 (G4Box) ... OK! 
Checking overlaps for volume TopSiPMPV:79 (G4Box) ... OK! 
Checking overlaps for volume TopSiPMPV:80 (G4Box) ... OK! 
Checking overlaps for volume TopSiPMPV:81 (G4Box) ... OK! 
Checking overlaps for volume TopSiPMPV:82 (G4Box) ... OK! 
Checking overlaps for volume TopSiPMPV:83 (G4Box) ... OK! 
Checking overlaps for volume TopSiPMPV:84 (G4Box) ... OK! 
Checking overlaps for volume TopSiPMPV:85 (G4Box) ... OK! 
### Birks coefficients used in run time
G4WT18 > Accumulable registered as "NEndLeft"
G4WT18 > Accumulable registered as "NEndRight"
G4WT18 > Accumulable registered as "NTop"
G4WT18 > Accumulable registered as "NEventsWithHits"
G4WT18 > Accumulable registered as "NScintPhotons"
G4WT19 > Accumulable registered as "NEndLeft"
G4WT19 > Accumulable registered as "NEndRight"
G4WT19 > Accumulable registered as "NTop"
G4WT19 > Accumulable registered as "NEventsWithHits"
G4WT19 > Accumulable registered as "NScintPhotons"
G4WT13 > Accumulable registered as "NEndLeft"
G4WT13 > Accumulable registered as "NEndRight"
G4WT13 > Accumulable registered as "NTop"
G4WT13 > Accumulable registered as "NEventsWithHits"
G4WT13 > Accumulable registered as "NScintPhotons"
G4WT16 > Accumulable registered as "NEndLeft"
G4WT16 > Accumulable registered as "NEndRight"
G4WT16 > Accumulable registered as "NTop"
G4WT16 > Accumulable registered as "NEventsWithHits"
G4WT16 > Accumulable registered as "NScintPhotons"
G4WT17 > Accumulable registered as "NEndLeft"
G4WT17 > Accumulable registered as "NEndRight"
G4WT17 > Accumulable registered as "NTop"
G4WT17 > Accumulable registered as "NEventsWithHits"
G4WT17 > Accumulable registered as "NScintPhotons"
G4WT1 > Accumulable registered as "NEndLeft"
G4WT1 > Accumulable registered as "NEndRight"
G4WT1 > Accumulable registered as "NTop"
G4WT1 > Accumulable registered as "NEventsWithHits"
G4WT1 > Accumulable registered as "NScintPhotons"
G4WT8 > Accumulable registered as "NEndLeft"
G4WT8 > Accumulable registered as "NEndRight"
G4WT8 > Accumulable registered as "NTop"
G4WT8 > Accumulable registered as "NEventsWithHits"
G4WT8 > Accumulable registered as "NScintPhotons"
G4WT4 > Accumulable registered as "NEndLeft"
G4WT4 > Accumulable registered as "NEndRight"
G4WT4 > Accumulable registered as "NTop"
G4WT4 > Accumulable registered as "NEventsWithHits"
G4WT4 > Accumulable registered as "NScintPhotons"
G4WT22 > Accumulable registered as "NEndLeft"
G4WT22 > Accumulable registered as "NEndRight"
G4WT22 > Accumulable registered as "NTop"
G4WT22 > Accumulable registered as "NEventsWithHits"
G4WT22 > Accumulable registered as "NScintPhotons"
G4WT15 > Accumulable registered as "NEndLeft"
G4WT15 > Accumulable registered as "NEndRight"
G4WT15 > Accumulable registered as "NTop"
G4WT15 > Accumulable registered as "NEventsWithHits"
G4WT15 > Accumulable registered as "NScintPhotons"
G4WT2 > Accumulable registered as "NEndLeft"
G4WT2 > Accumulable registered as "NEndRight"
G4WT2 > Accumulable registered as "NTop"
G4WT2 > Accumulable registered as "NEventsWithHits"
G4WT2 > Accumulable registered as "NScintPhotons"
G4WT12 > Accumulable registered as "NEndLeft"
G4WT12 > Accumulable registered as "NEndRight"
G4WT12 > Accumulable registered as "NTop"
G4WT12 > Accumulable registered as "NEventsWithHits"
G4WT12 > Accumulable registered as "NScintPhotons"
G4WT6 > Accumulable registered as "NEndLeft"
G4WT6 > Accumulable registered as "NEndRight"
G4WT6 > Accumulable registered as "NTop"
G4WT6 > Accumulable registered as "NEventsWithHits"
G4WT6 > Accumulable registered as "NScintPhotons"
G4WT10 > Accumulable registered as "NEndLeft"
G4WT10 > Accumulable registered as "NEndRight"
G4WT10 > Accumulable registered as "NTop"
G4WT10 > Accumulable registered as "NEventsWithHits"
G4WT10 > Accumulable registered as "NScintPhotons"
G4WT14 > Accumulable registered as "NEndLeft"
G4WT14 > Accumulable registered as "NEndRight"
G4WT14 > Accumulable registered as "NTop"
G4WT14 > Accumulable registered as "NEventsWithHits"
G4WT14 > Accumulable registered as "NScintPhotons"
G4WT0 > Accumulable registered as "NEndLeft"
G4WT0 > Accumulable registered as "NEndRight"
G4WT0 > Accumulable registered as "NTop"
G4WT0 > Accumulable registered as "NEventsWithHits"
G4WT0 > Accumulable registered as "NScintPhotons"
G4WT20 > Accumulable registered as "NEndLeft"
G4WT20 > Accumulable registered as "NEndRight"
G4WT20 > Accumulable registered as "NTop"
G4WT20 > Accumulable registered as "NEventsWithHits"
G4WT20 > Accumulable registered as "NScintPhotons"
G4WT21 > Accumulable registered as "NEndLeft"
G4WT21 > Accumulable registered as "NEndRight"
G4WT21 > Accumulable registered as "NTop"
G4WT21 > Accumulable registered as "NEventsWithHits"
G4WT21 > Accumulable registered as "NScintPhotons"
G4WT23 > Accumulable registered as "NEndLeft"
G4WT23 > Accumulable registered as "NEndRight"
G4WT23 > Accumulable registered as "NTop"
G4WT23 > Accumulable registered as "NEventsWithHits"
G4WT23 > Accumulable registered as "NScintPhotons"
G4WT3 > Accumulable registered as "NEndLeft"
G4WT3 > Accumulable registered as "NEndRight"
G4WT3 > Accumulable registered as "NTop"
G4WT3 > Accumulable registered as "NEventsWithHits"
G4WT3 > Accumulable registered as "NScintPhotons"
G4WT11 > Accumulable registered as "NEndLeft"
G4WT11 > Accumulable registered as "NEndRight"
G4WT11 > Accumulable registered as "NTop"
G4WT11 > Accumulable registered as "NEventsWithHits"
G4WT11 > Accumulable registered as "NScintPhotons"
G4WT7 > Accumulable registered as "NEndLeft"
G4WT7 > Accumulable registered as "NEndRight"
G4WT7 > Accumulable registered as "NTop"
G4WT7 > Accumulable registered as "NEventsWithHits"
G4WT7 > Accumulable registered as "NScintPhotons"
G4WT9 > Accumulable registered as "NEndLeft"
G4WT9 > Accumulable registered as "NEndRight"
G4WT9 > Accumulable registered as "NTop"
G4WT9 > Accumulable registered as "NEventsWithHits"
G4WT9 > Accumulable registered as "NScintPhotons"
G4WT5 > Accumulable registered as "NEndLeft"
G4WT5 > Accumulable registered as "NEndRight"
G4WT5 > Accumulable registered as "NTop"
G4WT5 > Accumulable registered as "NEventsWithHits"
G4WT5 > Accumulable registered as "NScintPhotons"

=== Active Scintillator Baseline ===
  SSLG4 code            : OPSC-101
  Yield                 : 10400 ph/MeV
  Rise time tau_r       : 0.7 ns
  Decay time tau_d      : 1.8 ns
  Attenuation length    : 160 cm
  Emission peak lambda  : 408.8 nm
  Finite rise time      : enabled
=====================================

=== Active Readout / Wrapping Configuration ===
  Readout configuration : Top
  SiPM model            : AFBR-S4N66P024M
  SiPM PDE file         : /home/rrios/ej200/data/sipm/AFBR-S4N66P024M_pde.txt
  -X face               : wrapped
  +X face               : wrapped
  -Y face               : wrapped
  +Y face               : instrumented
  -Z face               : wrapped
  +Z face               : wrapped
  Reflector R           : 0.98
  Active End SiPMs      : 0 (L=0, R=0)
  Active Top SiPMs      : 70
==============================================
G4WT10 > 
=== EJ Scintillator Bar Run Summary ===
  Run ID                : 0
  Events run            : 162
  Events with ≥1 hit    : 162
  End-left  photons     : 0
  End-right photons     : 0
  Top SiPM  photons     : 778835
  Scint photons generated: 3215630
  Total photons detected : 778835
  Detection efficiency   : 24.2203 %
  ROOT output           : photon_hits_run000.root
==============================

G4WT9 > 
=== EJ Scintillator Bar Run Summary ===
  Run ID                : 0
  Events run            : 108
  Events with ≥1 hit    : 108
  End-left  photons     : 0
  End-right photons     : 0
  Top SiPM  photons     : 528786
  Scint photons generated: 2180681
  Total photons detected : 528786
  Detection efficiency   : 24.2487 %
  ROOT output           : photon_hits_run000.root
==============================

G4WT8 > 
=== EJ Scintillator Bar Run Summary ===
  Run ID                : 0
  Events run            : 162
  Events with ≥1 hit    : 162
  End-left  photons     : 0
  End-right photons     : 0
  Top SiPM  photons     : 770341
  Scint photons generated: 3174971
  Total photons detected : 770341
  Detection efficiency   : 24.2629 %
  ROOT output           : photon_hits_run000.root
==============================

G4WT5 > 
=== EJ Scintillator Bar Run Summary ===
  Run ID                : 0
  Events run            : 162
  Events with ≥1 hit    : 162
  End-left  photons     : 0
  End-right photons     : 0
  Top SiPM  photons     : 778712
  Scint photons generated: 3209141
  Total photons detected : 778712
  Detection efficiency   : 24.2654 %
  ROOT output           : photon_hits_run000.root
==============================

G4WT11 > 
=== EJ Scintillator Bar Run Summary ===
  Run ID                : 0
  Events run            : 108
  Events with ≥1 hit    : 108
  End-left  photons     : 0
  End-right photons     : 0
  Top SiPM  photons     : 529908
  Scint photons generated: 2182800
  Total photons detected : 529908
  Detection efficiency   : 24.2765 %
  ROOT output           : photon_hits_run000.root
==============================

G4WT3 > 
=== EJ Scintillator Bar Run Summary ===
  Run ID                : 0
  Events run            : 108
  Events with ≥1 hit    : 108
  End-left  photons     : 0
  End-right photons     : 0
  Top SiPM  photons     : 533099
  Scint photons generated: 2199572
  Total photons detected : 533099
  Detection efficiency   : 24.2365 %
  ROOT output           : photon_hits_run000.root
==============================

G4WT23 > 
=== EJ Scintillator Bar Run Summary ===
  Run ID                : 0
  Events run            : 162
  Events with ≥1 hit    : 162
  End-left  photons     : 0
  End-right photons     : 0
  Top SiPM  photons     : 760708
  Scint photons generated: 3133551
  Total photons detected : 760708
  Detection efficiency   : 24.2762 %
  ROOT output           : photon_hits_run000.root
==============================

G4WT18 > 
=== EJ Scintillator Bar Run Summary ===
  Run ID                : 0
  Events run            : 108
  Events with ≥1 hit    : 108
  End-left  photons     : 0
  End-right photons     : 0
  Top SiPM  photons     : 536857
  Scint photons generated: 2213777
  Total photons detected : 536857
  Detection efficiency   : 24.2507 %
  ROOT output           : photon_hits_run000.root
==============================

G4WT21 > 
=== EJ Scintillator Bar Run Summary ===
  Run ID                : 0
  Events run            : 108
  Events with ≥1 hit    : 108
  End-left  photons     : 0
  End-right photons     : 0
  Top SiPM  photons     : 525252
  Scint photons generated: 2161022
  Total photons detected : 525252
  Detection efficiency   : 24.3057 %
  ROOT output           : photon_hits_run000.root
==============================

G4WT15 > 
=== EJ Scintillator Bar Run Summary ===
  Run ID                : 0
  Events run            : 138
  Events with ≥1 hit    : 138
  End-left  photons     : 0
  End-right photons     : 0
  Top SiPM  photons     : 658788
  Scint photons generated: 2719654
  Total photons detected : 658788
  Detection efficiency   : 24.2232 %
  ROOT output           : photon_hits_run000.root
==============================

G4WT6 > 
=== EJ Scintillator Bar Run Summary ===
  Run ID                : 0
  Events run            : 108
  Events with ≥1 hit    : 108
  End-left  photons     : 0
  End-right photons     : 0
  Top SiPM  photons     : 551506
  Scint photons generated: 2277025
  Total photons detected : 551506
  Detection efficiency   : 24.2205 %
  ROOT output           : photon_hits_run000.root
==============================

G4WT2 > 
=== EJ Scintillator Bar Run Summary ===
  Run ID                : 0
  Events run            : 108
  Events with ≥1 hit    : 108
  End-left  photons     : 0
  End-right photons     : 0
  Top SiPM  photons     : 516570
  Scint photons generated: 2122326
  Total photons detected : 516570
  Detection efficiency   : 24.3398 %
  ROOT output           : photon_hits_run000.root
==============================

G4WT16 > 
=== EJ Scintillator Bar Run Summary ===
  Run ID                : 0
  Events run            : 108
  Events with ≥1 hit    : 108
  End-left  photons     : 0
  End-right photons     : 0
  Top SiPM  photons     : 527422
  Scint photons generated: 2174273
  Total photons detected : 527422
  Detection efficiency   : 24.2574 %
  ROOT output           : photon_hits_run000.root
==============================

G4WT0 > 
=== EJ Scintillator Bar Run Summary ===
  Run ID                : 0
  Events run            : 108
  Events with ≥1 hit    : 108
  End-left  photons     : 0
  End-right photons     : 0
  Top SiPM  photons     : 521420
  Scint photons generated: 2151780
  Total photons detected : 521420
  Detection efficiency   : 24.2320 %
  ROOT output           : photon_hits_run000.root
==============================

G4WT17 > 
=== EJ Scintillator Bar Run Summary ===
  Run ID                : 0
  Events run            : 162
  Events with ≥1 hit    : 162
  End-left  photons     : 0
  End-right photons     : 0
  Top SiPM  photons     : 755942
  Scint photons generated: 3119430
  Total photons detected : 755942
  Detection efficiency   : 24.2333 %
  ROOT output           : photon_hits_run000.root
==============================

G4WT1 > 
=== EJ Scintillator Bar Run Summary ===
  Run ID                : 0
  Events run            : 108
  Events with ≥1 hit    : 108
  End-left  photons     : 0
  End-right photons     : 0
  Top SiPM  photons     : 523287
  Scint photons generated: 2161636
  Total photons detected : 523287
  Detection efficiency   : 24.2079 %
  ROOT output           : photon_hits_run000.root
==============================

G4WT14 > 
=== EJ Scintillator Bar Run Summary ===
  Run ID                : 0
  Events run            : 108
  Events with ≥1 hit    : 108
  End-left  photons     : 0
  End-right photons     : 0
  Top SiPM  photons     : 524139
  Scint photons generated: 2163317
  Total photons detected : 524139
  Detection efficiency   : 24.2285 %
  ROOT output           : photon_hits_run000.root
==============================

G4WT20 > 
=== EJ Scintillator Bar Run Summary ===
  Run ID                : 0
  Events run            : 162
  Events with ≥1 hit    : 162
  End-left  photons     : 0
  End-right photons     : 0
  Top SiPM  photons     : 773485
  Scint photons generated: 3195205
  Total photons detected : 773485
  Detection efficiency   : 24.2077 %
  ROOT output           : photon_hits_run000.root
==============================

G4WT4 > 
=== EJ Scintillator Bar Run Summary ===
  Run ID                : 0
  Events run            : 162
  Events with ≥1 hit    : 162
  End-left  photons     : 0
  End-right photons     : 0
  Top SiPM  photons     : 774044
  Scint photons generated: 3193474
  Total photons detected : 774044
  Detection efficiency   : 24.2383 %
  ROOT output           : photon_hits_run000.root
==============================

G4WT12 > 
=== EJ Scintillator Bar Run Summary ===
  Run ID                : 0
  Events run            : 108
  Events with ≥1 hit    : 108
  End-left  photons     : 0
  End-right photons     : 0
  Top SiPM  photons     : 516975
  Scint photons generated: 2132581
  Total photons detected : 516975
  Detection efficiency   : 24.2418 %
  ROOT output           : photon_hits_run000.root
==============================

G4WT22 > 
=== EJ Scintillator Bar Run Summary ===
  Run ID                : 0
  Events run            : 108
  Events with ≥1 hit    : 108
  End-left  photons     : 0
  End-right photons     : 0
  Top SiPM  photons     : 525837
  Scint photons generated: 2169286
  Total photons detected : 525837
  Detection efficiency   : 24.2401 %
  ROOT output           : photon_hits_run000.root
==============================

G4WT19 > 
=== EJ Scintillator Bar Run Summary ===
  Run ID                : 0
  Events run            : 108
  Events with ≥1 hit    : 108
  End-left  photons     : 0
  End-right photons     : 0
  Top SiPM  photons     : 530564
  Scint photons generated: 2187396
  Total photons detected : 530564
  Detection efficiency   : 24.2555 %
  ROOT output           : photon_hits_run000.root
==============================

G4WT7 > 
=== EJ Scintillator Bar Run Summary ===
  Run ID                : 0
  Events run            : 108
  Events with ≥1 hit    : 108
  End-left  photons     : 0
  End-right photons     : 0
  Top SiPM  photons     : 538716
  Scint photons generated: 2224336
  Total photons detected : 538716
  Detection efficiency   : 24.2192 %
  ROOT output           : photon_hits_run000.root
==============================

G4WT13 > 
=== EJ Scintillator Bar Run Summary ===
  Run ID                : 0
  Events run            : 108
  Events with ≥1 hit    : 108
  End-left  photons     : 0
  End-right photons     : 0
  Top SiPM  photons     : 527508
  Scint photons generated: 2172255
  Total photons detected : 527508
  Detection efficiency   : 24.2839 %
  ROOT output           : photon_hits_run000.root
==============================


=== EJ Scintillator Bar Run Summary ===
  Run ID                : 0
  Events run            : 3000
  Events with ≥1 hit    : 3000
  End-left  photons     : 0
  End-right photons     : 0
  Top SiPM  photons     : 14508701
  Scint photons generated: 59835119
  Total photons detected : 14508701
  Detection efficiency   : 24.2478 %
  ROOT output           : photon_hits_run000.root
==============================


=== Boundary Census (diagnostic) ===
  Bar -> reflector panel   : 1135514125
  Bar -> World (escaped)   : 0
  Bar -> Bar (TIR/refl)    : 0
  Bar -> SiPM (entering)   : 23209533
  Killed in WorldLV        : 141689
====================================

[2026-06-12T00:12:22] DONE pairscan_x-456.0mm (entries=14508701.0)
[2026-06-12T00:12:22] START pairscan_x-457.0mm (x=-457.0 mm)

**************************************************************
 Geant4 version Name: geant4-11-04 [MT]   (5-December-2025)
  << in Multi-threaded mode >> 
                       Copyright : Geant4 Collaboration
                      References : NIM A 506 (2003), 250-303
                                 : IEEE-TNS 53 (2006), 270-278
                                 : NIM A 835 (2016), 186-225
                             WWW : http://geant4.org/
**************************************************************

Accumulable registered as "NEndLeft"
Accumulable registered as "NEndRight"
Accumulable registered as "NTop"
Accumulable registered as "NEventsWithHits"
Accumulable registered as "NScintPhotons"

-------- WWWW ------- G4Exception-START -------- WWWW -------
*** G4Exception : mat031
      issued by : G4Material::FillVectors()
For material opsc-101 sum of fractional masses 0.996667 is not 1 - results may be wrong

*** This is just a warning message. ***
-------- WWWW -------- G4Exception-END --------- WWWW -------

Checking overlaps for volume BarPV:0 (G4Box) ... OK! 
Checking overlaps for volume ReflectorYMinusPV:0 (G4Box) ... OK! 
Checking overlaps for volume ReflectorZMinusPV:3 (G4Box) ... OK! 
Checking overlaps for volume ReflectorZPlusPV:4 (G4Box) ... OK! 
Checking overlaps for volume ReflectorYPlusPV:5 (G4SubtractionSolid) ... OK! 
Checking overlaps for volume ReflectorXMinusPV:1 (G4Box) ... OK! 
Checking overlaps for volume ReflectorXPlusPV:2 (G4Box) ... OK! 
Checking overlaps for volume TopSiPMPV:16 (G4Box) ... OK! 
Checking overlaps for volume TopSiPMPV:17 (G4Box) ... OK! 
Checking overlaps for volume TopSiPMPV:18 (G4Box) ... OK! 
Checking overlaps for volume TopSiPMPV:19 (G4Box) ... OK! 
Checking overlaps for volume TopSiPMPV:20 (G4Box) ... OK! 
Checking overlaps for volume TopSiPMPV:21 (G4Box) ... OK! 
Checking overlaps for volume TopSiPMPV:22 (G4Box) ... OK! 
Checking overlaps for volume TopSiPMPV:23 (G4Box) ... OK! 
Checking overlaps for volume TopSiPMPV:24 (G4Box) ... OK! 
Checking overlaps for volume TopSiPMPV:25 (G4Box) ... OK! 
Checking overlaps for volume TopSiPMPV:26 (G4Box) ... OK! 
Checking overlaps for volume TopSiPMPV:27 (G4Box) ... OK! 
Checking overlaps for volume TopSiPMPV:28 (G4Box) ... OK! 
Checking overlaps for volume TopSiPMPV:29 (G4Box) ... OK! 
Checking overlaps for volume TopSiPMPV:30 (G4Box) ... OK! 
Checking overlaps for volume TopSiPMPV:31 (G4Box) ... OK! 
Checking overlaps for volume TopSiPMPV:32 (G4Box) ... OK! 
Checking overlaps for volume TopSiPMPV:33 (G4Box) ... OK! 
Checking overlaps for volume TopSiPMPV:34 (G4Box) ... OK! 
Checking overlaps for volume TopSiPMPV:35 (G4Box) ... OK! 
Checking overlaps for volume TopSiPMPV:36 (G4Box) ... OK! 
Checking overlaps for volume TopSiPMPV:37 (G4Box) ... OK! 
Checking overlaps for volume TopSiPMPV:38 (G4Box) ... OK! 
Checking overlaps for volume TopSiPMPV:39 (G4Box) ... OK! 
Checking overlaps for volume TopSiPMPV:40 (G4Box) ... OK! 
Checking overlaps for volume TopSiPMPV:41 (G4Box) ... OK! 
Checking overlaps for volume TopSiPMPV:42 (G4Box) ... OK! 
Checking overlaps for volume TopSiPMPV:43 (G4Box) ... OK! 
Checking overlaps for volume TopSiPMPV:44 (G4Box) ... OK! 
Checking overlaps for volume TopSiPMPV:45 (G4Box) ... OK! 
Checking overlaps for volume TopSiPMPV:46 (G4Box) ... OK! 
Checking overlaps for volume TopSiPMPV:47 (G4Box) ... OK! 
Checking overlaps for volume TopSiPMPV:48 (G4Box) ... OK! 
Checking overlaps for volume TopSiPMPV:49 (G4Box) ... OK! 
Checking overlaps for volume TopSiPMPV:50 (G4Box) ... OK! 
Checking overlaps for volume TopSiPMPV:51 (G4Box) ... OK! 
Checking overlaps for volume TopSiPMPV:52 (G4Box) ... OK! 
Checking overlaps for volume TopSiPMPV:53 (G4Box) ... OK! 
Checking overlaps for volume TopSiPMPV:54 (G4Box) ... OK! 
Checking overlaps for volume TopSiPMPV:55 (G4Box) ... OK! 
Checking overlaps for volume TopSiPMPV:56 (G4Box) ... OK! 
Checking overlaps for volume TopSiPMPV:57 (G4Box) ... OK! 
Checking overlaps for volume TopSiPMPV:58 (G4Box) ... OK! 
Checking overlaps for volume TopSiPMPV:59 (G4Box) ... OK! 
Checking overlaps for volume TopSiPMPV:60 (G4Box) ... OK! 
Checking overlaps for volume TopSiPMPV:61 (G4Box) ... OK! 
Checking overlaps for volume TopSiPMPV:62 (G4Box) ... OK! 
Checking overlaps for volume TopSiPMPV:63 (G4Box) ... OK! 
Checking overlaps for volume TopSiPMPV:64 (G4Box) ... OK! 
Checking overlaps for volume TopSiPMPV:65 (G4Box) ... OK! 
Checking overlaps for volume TopSiPMPV:66 (G4Box) ... OK! 
Checking overlaps for volume TopSiPMPV:67 (G4Box) ... OK! 
Checking overlaps for volume TopSiPMPV:68 (G4Box) ... OK! 
Checking overlaps for volume TopSiPMPV:69 (G4Box) ... OK! 
Checking overlaps for volume TopSiPMPV:70 (G4Box) ... OK! 
Checking overlaps for volume TopSiPMPV:71 (G4Box) ... OK! 
Checking overlaps for volume TopSiPMPV:72 (G4Box) ... OK! 
Checking overlaps for volume TopSiPMPV:73 (G4Box) ... OK! 
Checking overlaps for volume TopSiPMPV:74 (G4Box) ... OK! 
Checking overlaps for volume TopSiPMPV:75 (G4Box) ... OK! 
Checking overlaps for volume TopSiPMPV:76 (G4Box) ... OK! 
Checking overlaps for volume TopSiPMPV:77 (G4Box) ... OK! 
Checking overlaps for volume TopSiPMPV:78 (G4Box) ... OK! 
Checking overlaps for volume TopSiPMPV:79 (G4Box) ... OK! 
Checking overlaps for volume TopSiPMPV:80 (G4Box) ... OK! 
Checking overlaps for volume TopSiPMPV:81 (G4Box) ... OK! 
Checking overlaps for volume TopSiPMPV:82 (G4Box) ... OK! 
Checking overlaps for volume TopSiPMPV:83 (G4Box) ... OK! 
Checking overlaps for volume TopSiPMPV:84 (G4Box) ... OK! 
Checking overlaps for volume TopSiPMPV:85 (G4Box) ... OK! 
### Birks coefficients used in run time
G4WT6 > Accumulable registered as "NEndLeft"
G4WT6 > Accumulable registered as "NEndRight"
G4WT6 > Accumulable registered as "NTop"
G4WT6 > Accumulable registered as "NEventsWithHits"
G4WT6 > Accumulable registered as "NScintPhotons"
G4WT3 > Accumulable registered as "NEndLeft"
G4WT3 > Accumulable registered as "NEndRight"
G4WT3 > Accumulable registered as "NTop"
G4WT3 > Accumulable registered as "NEventsWithHits"
G4WT3 > Accumulable registered as "NScintPhotons"
G4WT4 > Accumulable registered as "NEndLeft"
G4WT4 > Accumulable registered as "NEndRight"
G4WT4 > Accumulable registered as "NTop"
G4WT4 > Accumulable registered as "NEventsWithHits"
G4WT4 > Accumulable registered as "NScintPhotons"
G4WT14 > Accumulable registered as "NEndLeft"
G4WT14 > Accumulable registered as "NEndRight"
G4WT14 > Accumulable registered as "NTop"
G4WT14 > Accumulable registered as "NEventsWithHits"
G4WT14 > Accumulable registered as "NScintPhotons"
G4WT2 > Accumulable registered as "NEndLeft"
G4WT2 > Accumulable registered as "NEndRight"
G4WT2 > Accumulable registered as "NTop"
G4WT2 > Accumulable registered as "NEventsWithHits"
G4WT2 > Accumulable registered as "NScintPhotons"
G4WT15 > Accumulable registered as "NEndLeft"
G4WT15 > Accumulable registered as "NEndRight"
G4WT15 > Accumulable registered as "NTop"
G4WT15 > Accumulable registered as "NEventsWithHits"
G4WT15 > Accumulable registered as "NScintPhotons"
G4WT8 > Accumulable registered as "NEndLeft"
G4WT8 > Accumulable registered as "NEndRight"
G4WT8 > Accumulable registered as "NTop"
G4WT8 > Accumulable registered as "NEventsWithHits"
G4WT8 > Accumulable registered as "NScintPhotons"
G4WT19 > Accumulable registered as "NEndLeft"
G4WT19 > Accumulable registered as "NEndRight"
G4WT19 > Accumulable registered as "NTop"
G4WT19 > Accumulable registered as "NEventsWithHits"
G4WT19 > Accumulable registered as "NScintPhotons"
G4WT13 > Accumulable registered as "NEndLeft"
G4WT13 > Accumulable registered as "NEndRight"
G4WT13 > Accumulable registered as "NTop"
G4WT13 > Accumulable registered as "NEventsWithHits"
G4WT13 > Accumulable registered as "NScintPhotons"
G4WT11 > Accumulable registered as "NEndLeft"
G4WT11 > Accumulable registered as "NEndRight"
G4WT11 > Accumulable registered as "NTop"
G4WT11 > Accumulable registered as "NEventsWithHits"
G4WT11 > Accumulable registered as "NScintPhotons"
G4WT16 > Accumulable registered as "NEndLeft"
G4WT16 > Accumulable registered as "NEndRight"
G4WT16 > Accumulable registered as "NTop"
G4WT16 > Accumulable registered as "NEventsWithHits"
G4WT16 > Accumulable registered as "NScintPhotons"
G4WT7 > Accumulable registered as "NEndLeft"
G4WT7 > Accumulable registered as "NEndRight"
G4WT7 > Accumulable registered as "NTop"
G4WT7 > Accumulable registered as "NEventsWithHits"
G4WT7 > Accumulable registered as "NScintPhotons"
G4WT17 > Accumulable registered as "NEndLeft"
G4WT17 > Accumulable registered as "NEndRight"
G4WT17 > Accumulable registered as "NTop"
G4WT17 > Accumulable registered as "NEventsWithHits"
G4WT17 > Accumulable registered as "NScintPhotons"
G4WT23 > Accumulable registered as "NEndLeft"
G4WT23 > Accumulable registered as "NEndRight"
G4WT23 > Accumulable registered as "NTop"
G4WT23 > Accumulable registered as "NEventsWithHits"
G4WT23 > Accumulable registered as "NScintPhotons"
G4WT1 > Accumulable registered as "NEndLeft"
G4WT1 > Accumulable registered as "NEndRight"
G4WT1 > Accumulable registered as "NTop"
G4WT1 > Accumulable registered as "NEventsWithHits"
G4WT1 > Accumulable registered as "NScintPhotons"
G4WT10 > Accumulable registered as "NEndLeft"
G4WT10 > Accumulable registered as "NEndRight"
G4WT10 > Accumulable registered as "NTop"
G4WT10 > Accumulable registered as "NEventsWithHits"
G4WT10 > Accumulable registered as "NScintPhotons"
G4WT12 > Accumulable registered as "NEndLeft"
G4WT12 > Accumulable registered as "NEndRight"
G4WT12 > Accumulable registered as "NTop"
G4WT12 > Accumulable registered as "NEventsWithHits"
G4WT12 > Accumulable registered as "NScintPhotons"
G4WT20 > Accumulable registered as "NEndLeft"
G4WT20 > Accumulable registered as "NEndRight"
G4WT20 > Accumulable registered as "NTop"
G4WT20 > Accumulable registered as "NEventsWithHits"
G4WT20 > Accumulable registered as "NScintPhotons"
G4WT9 > Accumulable registered as "NEndLeft"
G4WT9 > Accumulable registered as "NEndRight"
G4WT9 > Accumulable registered as "NTop"
G4WT9 > Accumulable registered as "NEventsWithHits"
G4WT9 > Accumulable registered as "NScintPhotons"
G4WT21 > Accumulable registered as "NEndLeft"
G4WT21 > Accumulable registered as "NEndRight"
G4WT21 > Accumulable registered as "NTop"
G4WT21 > Accumulable registered as "NEventsWithHits"
G4WT21 > Accumulable registered as "NScintPhotons"
G4WT5 > Accumulable registered as "NEndLeft"
G4WT5 > Accumulable registered as "NEndRight"
G4WT5 > Accumulable registered as "NTop"
G4WT5 > Accumulable registered as "NEventsWithHits"
G4WT5 > Accumulable registered as "NScintPhotons"
G4WT22 > Accumulable registered as "NEndLeft"
G4WT22 > Accumulable registered as "NEndRight"
G4WT22 > Accumulable registered as "NTop"
G4WT22 > Accumulable registered as "NEventsWithHits"
G4WT22 > Accumulable registered as "NScintPhotons"
G4WT0 > Accumulable registered as "NEndLeft"
G4WT0 > Accumulable registered as "NEndRight"
G4WT0 > Accumulable registered as "NTop"
G4WT0 > Accumulable registered as "NEventsWithHits"
G4WT0 > Accumulable registered as "NScintPhotons"
G4WT18 > Accumulable registered as "NEndLeft"
G4WT18 > Accumulable registered as "NEndRight"
G4WT18 > Accumulable registered as "NTop"
G4WT18 > Accumulable registered as "NEventsWithHits"
G4WT18 > Accumulable registered as "NScintPhotons"

=== Active Scintillator Baseline ===
  SSLG4 code            : OPSC-101
  Yield                 : 10400 ph/MeV
  Rise time tau_r       : 0.7 ns
  Decay time tau_d      : 1.8 ns
  Attenuation length    : 160 cm
  Emission peak lambda  : 408.8 nm
  Finite rise time      : enabled
=====================================

=== Active Readout / Wrapping Configuration ===
  Readout configuration : Top
  SiPM model            : AFBR-S4N66P024M
  SiPM PDE file         : /home/rrios/ej200/data/sipm/AFBR-S4N66P024M_pde.txt
  -X face               : wrapped
  +X face               : wrapped
  -Y face               : wrapped
  +Y face               : instrumented
  -Z face               : wrapped
  +Z face               : wrapped
  Reflector R           : 0.98
  Active End SiPMs      : 0 (L=0, R=0)
  Active Top SiPMs      : 70
==============================================
G4WT2 > 
=== EJ Scintillator Bar Run Summary ===
  Run ID                : 0
  Events run            : 162
  Events with ≥1 hit    : 162
  End-left  photons     : 0
  End-right photons     : 0
  Top SiPM  photons     : 782410
  Scint photons generated: 3217687
  Total photons detected : 782410
  Detection efficiency   : 24.3159 %
  ROOT output           : photon_hits_run000.root
==============================

G4WT13 > 
=== EJ Scintillator Bar Run Summary ===
  Run ID                : 0
  Events run            : 162
  Events with ≥1 hit    : 162
  End-left  photons     : 0
  End-right photons     : 0
  Top SiPM  photons     : 777288
  Scint photons generated: 3196441
  Total photons detected : 777288
  Detection efficiency   : 24.3173 %
  ROOT output           : photon_hits_run000.root
==============================

G4WT8 > 
=== EJ Scintillator Bar Run Summary ===
  Run ID                : 0
  Events run            : 138
  Events with ≥1 hit    : 138
  End-left  photons     : 0
  End-right photons     : 0
  Top SiPM  photons     : 667518
  Scint photons generated: 2749512
  Total photons detected : 667518
  Detection efficiency   : 24.2777 %
  ROOT output           : photon_hits_run000.root
==============================

G4WT21 > 
=== EJ Scintillator Bar Run Summary ===
  Run ID                : 0
  Events run            : 162
  Events with ≥1 hit    : 162
  End-left  photons     : 0
  End-right photons     : 0
  Top SiPM  photons     : 774061
  Scint photons generated: 3177777
  Total photons detected : 774061
  Detection efficiency   : 24.3586 %
  ROOT output           : photon_hits_run000.root
==============================

G4WT14 > 
=== EJ Scintillator Bar Run Summary ===
  Run ID                : 0
  Events run            : 108
  Events with ≥1 hit    : 108
  End-left  photons     : 0
  End-right photons     : 0
  Top SiPM  photons     : 531228
  Scint photons generated: 2182335
  Total photons detected : 531228
  Detection efficiency   : 24.3422 %
  ROOT output           : photon_hits_run000.root
==============================

G4WT17 > 
=== EJ Scintillator Bar Run Summary ===
  Run ID                : 0
  Events run            : 108
  Events with ≥1 hit    : 108
  End-left  photons     : 0
  End-right photons     : 0
  Top SiPM  photons     : 540694
  Scint photons generated: 2216077
  Total photons detected : 540694
  Detection efficiency   : 24.3987 %
  ROOT output           : photon_hits_run000.root
==============================

G4WT10 > 
=== EJ Scintillator Bar Run Summary ===
  Run ID                : 0
  Events run            : 162
  Events with ≥1 hit    : 162
  End-left  photons     : 0
  End-right photons     : 0
  Top SiPM  photons     : 790608
  Scint photons generated: 3247993
  Total photons detected : 790608
  Detection efficiency   : 24.3414 %
  ROOT output           : photon_hits_run000.root
==============================

G4WT12 > 
=== EJ Scintillator Bar Run Summary ===
  Run ID                : 0
  Events run            : 108
  Events with ≥1 hit    : 108
  End-left  photons     : 0
  End-right photons     : 0
  Top SiPM  photons     : 526780
  Scint photons generated: 2162746
  Total photons detected : 526780
  Detection efficiency   : 24.3570 %
  ROOT output           : photon_hits_run000.root
==============================

G4WT23 > 
=== EJ Scintillator Bar Run Summary ===
  Run ID                : 0
  Events run            : 162
  Events with ≥1 hit    : 162
  End-left  photons     : 0
  End-right photons     : 0
  Top SiPM  photons     : 788513
  Scint photons generated: 3240167
  Total photons detected : 788513
  Detection efficiency   : 24.3356 %
  ROOT output           : photon_hits_run000.root
==============================

G4WT1 > 
=== EJ Scintillator Bar Run Summary ===
  Run ID                : 0
  Events run            : 108
  Events with ≥1 hit    : 108
  End-left  photons     : 0
  End-right photons     : 0
  Top SiPM  photons     : 522416
  Scint photons generated: 2147974
  Total photons detected : 522416
  Detection efficiency   : 24.3213 %
  ROOT output           : photon_hits_run000.root
==============================

G4WT18 > 
=== EJ Scintillator Bar Run Summary ===
  Run ID                : 0
  Events run            : 108
  Events with ≥1 hit    : 108
  End-left  photons     : 0
  End-right photons     : 0
  Top SiPM  photons     : 539101
  Scint photons generated: 2213070
  Total photons detected : 539101
  Detection efficiency   : 24.3599 %
  ROOT output           : photon_hits_run000.root
==============================

G4WT9 > 
=== EJ Scintillator Bar Run Summary ===
  Run ID                : 0
  Events run            : 162
  Events with ≥1 hit    : 162
  End-left  photons     : 0
  End-right photons     : 0
  Top SiPM  photons     : 788197
  Scint photons generated: 3240018
  Total photons detected : 788197
  Detection efficiency   : 24.3269 %
  ROOT output           : photon_hits_run000.root
==============================

G4WT4 > 
=== EJ Scintillator Bar Run Summary ===
  Run ID                : 0
  Events run            : 108
  Events with ≥1 hit    : 108
  End-left  photons     : 0
  End-right photons     : 0
  Top SiPM  photons     : 532358
  Scint photons generated: 2183770
  Total photons detected : 532358
  Detection efficiency   : 24.3779 %
  ROOT output           : photon_hits_run000.root
==============================

G4WT19 > 
=== EJ Scintillator Bar Run Summary ===
  Run ID                : 0
  Events run            : 162
  Events with ≥1 hit    : 162
  End-left  photons     : 0
  End-right photons     : 0
  Top SiPM  photons     : 766677
  Scint photons generated: 3145289
  Total photons detected : 766677
  Detection efficiency   : 24.3754 %
  ROOT output           : photon_hits_run000.root
==============================

G4WT22 > 
=== EJ Scintillator Bar Run Summary ===
  Run ID                : 0
  Events run            : 108
  Events with ≥1 hit    : 108
  End-left  photons     : 0
  End-right photons     : 0
  Top SiPM  photons     : 523221
  Scint photons generated: 2154750
  Total photons detected : 523221
  Detection efficiency   : 24.2822 %
  ROOT output           : photon_hits_run000.root
==============================

G4WT6 > 
=== EJ Scintillator Bar Run Summary ===
  Run ID                : 0
  Events run            : 108
  Events with ≥1 hit    : 108
  End-left  photons     : 0
  End-right photons     : 0
  Top SiPM  photons     : 524534
  Scint photons generated: 2153727
  Total photons detected : 524534
  Detection efficiency   : 24.3547 %
  ROOT output           : photon_hits_run000.root
==============================

G4WT15 > 
=== EJ Scintillator Bar Run Summary ===
  Run ID                : 0
  Events run            : 108
  Events with ≥1 hit    : 108
  End-left  photons     : 0
  End-right photons     : 0
  Top SiPM  photons     : 532573
  Scint photons generated: 2187227
  Total photons detected : 532573
  Detection efficiency   : 24.3492 %
  ROOT output           : photon_hits_run000.root
==============================

G4WT3 > 
=== EJ Scintillator Bar Run Summary ===
  Run ID                : 0
  Events run            : 108
  Events with ≥1 hit    : 108
  End-left  photons     : 0
  End-right photons     : 0
  Top SiPM  photons     : 553088
  Scint photons generated: 2265589
  Total photons detected : 553088
  Detection efficiency   : 24.4125 %
  ROOT output           : photon_hits_run000.root
==============================

G4WT5 > 
=== EJ Scintillator Bar Run Summary ===
  Run ID                : 0
  Events run            : 108
  Events with ≥1 hit    : 108
  End-left  photons     : 0
  End-right photons     : 0
  Top SiPM  photons     : 524044
  Scint photons generated: 2152721
  Total photons detected : 524044
  Detection efficiency   : 24.3433 %
  ROOT output           : photon_hits_run000.root
==============================

G4WT20 > 
=== EJ Scintillator Bar Run Summary ===
  Run ID                : 0
  Events run            : 108
  Events with ≥1 hit    : 108
  End-left  photons     : 0
  End-right photons     : 0
  Top SiPM  photons     : 536962
  Scint photons generated: 2204927
  Total photons detected : 536962
  Detection efficiency   : 24.3528 %
  ROOT output           : photon_hits_run000.root
==============================

G4WT11 > 
=== EJ Scintillator Bar Run Summary ===
  Run ID                : 0
  Events run            : 108
  Events with ≥1 hit    : 108
  End-left  photons     : 0
  End-right photons     : 0
  Top SiPM  photons     : 533143
  Scint photons generated: 2188414
  Total photons detected : 533143
  Detection efficiency   : 24.3621 %
  ROOT output           : photon_hits_run000.root
==============================

G4WT0 > 
=== EJ Scintillator Bar Run Summary ===
  Run ID                : 0
  Events run            : 108
  Events with ≥1 hit    : 108
  End-left  photons     : 0
  End-right photons     : 0
  Top SiPM  photons     : 531998
  Scint photons generated: 2187932
  Total photons detected : 531998
  Detection efficiency   : 24.3151 %
  ROOT output           : photon_hits_run000.root
==============================

G4WT16 > 
=== EJ Scintillator Bar Run Summary ===
  Run ID                : 0
  Events run            : 108
  Events with ≥1 hit    : 108
  End-left  photons     : 0
  End-right photons     : 0
  Top SiPM  photons     : 534440
  Scint photons generated: 2196462
  Total photons detected : 534440
  Detection efficiency   : 24.3319 %
  ROOT output           : photon_hits_run000.root
==============================

G4WT7 > 
=== EJ Scintillator Bar Run Summary ===
  Run ID                : 0
  Events run            : 108
  Events with ≥1 hit    : 108
  End-left  photons     : 0
  End-right photons     : 0
  Top SiPM  photons     : 559812
  Scint photons generated: 2300639
  Total photons detected : 559812
  Detection efficiency   : 24.3329 %
  ROOT output           : photon_hits_run000.root
==============================


=== EJ Scintillator Bar Run Summary ===
  Run ID                : 0
  Events run            : 3000
  Events with ≥1 hit    : 3000
  End-left  photons     : 0
  End-right photons     : 0
  Top SiPM  photons     : 14681664
  Scint photons generated: 60313244
  Total photons detected : 14681664
  Detection efficiency   : 24.3424 %
  ROOT output           : photon_hits_run000.root
==============================


=== Boundary Census (diagnostic) ===
  Bar -> reflector panel   : 1141170964
  Bar -> World (escaped)   : 0
  Bar -> Bar (TIR/refl)    : 0
  Bar -> SiPM (entering)   : 23481722
  Killed in WorldLV        : 142870
====================================

[2026-06-12T00:17:42] DONE pairscan_x-457.0mm (entries=14681664.0)
[2026-06-12T00:17:42] START pairscan_x-458.0mm (x=-458.0 mm)

**************************************************************
 Geant4 version Name: geant4-11-04 [MT]   (5-December-2025)
  << in Multi-threaded mode >> 
                       Copyright : Geant4 Collaboration
                      References : NIM A 506 (2003), 250-303
                                 : IEEE-TNS 53 (2006), 270-278
                                 : NIM A 835 (2016), 186-225
                             WWW : http://geant4.org/
**************************************************************

Accumulable registered as "NEndLeft"
Accumulable registered as "NEndRight"
Accumulable registered as "NTop"
Accumulable registered as "NEventsWithHits"
Accumulable registered as "NScintPhotons"

-------- WWWW ------- G4Exception-START -------- WWWW -------
*** G4Exception : mat031
      issued by : G4Material::FillVectors()
For material opsc-101 sum of fractional masses 0.996667 is not 1 - results may be wrong

*** This is just a warning message. ***
-------- WWWW -------- G4Exception-END --------- WWWW -------

Checking overlaps for volume BarPV:0 (G4Box) ... OK! 
Checking overlaps for volume ReflectorYMinusPV:0 (G4Box) ... OK! 
Checking overlaps for volume ReflectorZMinusPV:3 (G4Box) ... OK! 
Checking overlaps for volume ReflectorZPlusPV:4 (G4Box) ... OK! 
Checking overlaps for volume ReflectorYPlusPV:5 (G4SubtractionSolid) ... OK! 
Checking overlaps for volume ReflectorXMinusPV:1 (G4Box) ... OK! 
Checking overlaps for volume ReflectorXPlusPV:2 (G4Box) ... OK! 
Checking overlaps for volume TopSiPMPV:16 (G4Box) ... OK! 
Checking overlaps for volume TopSiPMPV:17 (G4Box) ... OK! 
Checking overlaps for volume TopSiPMPV:18 (G4Box) ... OK! 
Checking overlaps for volume TopSiPMPV:19 (G4Box) ... OK! 
Checking overlaps for volume TopSiPMPV:20 (G4Box) ... OK! 
Checking overlaps for volume TopSiPMPV:21 (G4Box) ... OK! 
Checking overlaps for volume TopSiPMPV:22 (G4Box) ... OK! 
Checking overlaps for volume TopSiPMPV:23 (G4Box) ... OK! 
Checking overlaps for volume TopSiPMPV:24 (G4Box) ... OK! 
Checking overlaps for volume TopSiPMPV:25 (G4Box) ... OK! 
Checking overlaps for volume TopSiPMPV:26 (G4Box) ... OK! 
Checking overlaps for volume TopSiPMPV:27 (G4Box) ... OK! 
Checking overlaps for volume TopSiPMPV:28 (G4Box) ... OK! 
Checking overlaps for volume TopSiPMPV:29 (G4Box) ... OK! 
Checking overlaps for volume TopSiPMPV:30 (G4Box) ... OK! 
Checking overlaps for volume TopSiPMPV:31 (G4Box) ... OK! 
Checking overlaps for volume TopSiPMPV:32 (G4Box) ... OK! 
Checking overlaps for volume TopSiPMPV:33 (G4Box) ... OK! 
Checking overlaps for volume TopSiPMPV:34 (G4Box) ... OK! 
Checking overlaps for volume TopSiPMPV:35 (G4Box) ... OK! 
Checking overlaps for volume TopSiPMPV:36 (G4Box) ... OK! 
Checking overlaps for volume TopSiPMPV:37 (G4Box) ... OK! 
Checking overlaps for volume TopSiPMPV:38 (G4Box) ... OK! 
Checking overlaps for volume TopSiPMPV:39 (G4Box) ... OK! 
Checking overlaps for volume TopSiPMPV:40 (G4Box) ... OK! 
Checking overlaps for volume TopSiPMPV:41 (G4Box) ... OK! 
Checking overlaps for volume TopSiPMPV:42 (G4Box) ... OK! 
Checking overlaps for volume TopSiPMPV:43 (G4Box) ... OK! 
Checking overlaps for volume TopSiPMPV:44 (G4Box) ... OK! 
Checking overlaps for volume TopSiPMPV:45 (G4Box) ... OK! 
Checking overlaps for volume TopSiPMPV:46 (G4Box) ... OK! 
Checking overlaps for volume TopSiPMPV:47 (G4Box) ... OK! 
Checking overlaps for volume TopSiPMPV:48 (G4Box) ... OK! 
Checking overlaps for volume TopSiPMPV:49 (G4Box) ... OK! 
Checking overlaps for volume TopSiPMPV:50 (G4Box) ... OK! 
Checking overlaps for volume TopSiPMPV:51 (G4Box) ... OK! 
Checking overlaps for volume TopSiPMPV:52 (G4Box) ... OK! 
Checking overlaps for volume TopSiPMPV:53 (G4Box) ... OK! 
Checking overlaps for volume TopSiPMPV:54 (G4Box) ... OK! 
Checking overlaps for volume TopSiPMPV:55 (G4Box) ... OK! 
Checking overlaps for volume TopSiPMPV:56 (G4Box) ... OK! 
Checking overlaps for volume TopSiPMPV:57 (G4Box) ... OK! 
Checking overlaps for volume TopSiPMPV:58 (G4Box) ... OK! 
Checking overlaps for volume TopSiPMPV:59 (G4Box) ... OK! 
Checking overlaps for volume TopSiPMPV:60 (G4Box) ... OK! 
Checking overlaps for volume TopSiPMPV:61 (G4Box) ... OK! 
Checking overlaps for volume TopSiPMPV:62 (G4Box) ... OK! 
Checking overlaps for volume TopSiPMPV:63 (G4Box) ... OK! 
Checking overlaps for volume TopSiPMPV:64 (G4Box) ... OK! 
Checking overlaps for volume TopSiPMPV:65 (G4Box) ... OK! 
Checking overlaps for volume TopSiPMPV:66 (G4Box) ... OK! 
Checking overlaps for volume TopSiPMPV:67 (G4Box) ... OK! 
Checking overlaps for volume TopSiPMPV:68 (G4Box) ... OK! 
Checking overlaps for volume TopSiPMPV:69 (G4Box) ... OK! 
Checking overlaps for volume TopSiPMPV:70 (G4Box) ... OK! 
Checking overlaps for volume TopSiPMPV:71 (G4Box) ... OK! 
Checking overlaps for volume TopSiPMPV:72 (G4Box) ... OK! 
Checking overlaps for volume TopSiPMPV:73 (G4Box) ... OK! 
Checking overlaps for volume TopSiPMPV:74 (G4Box) ... OK! 
Checking overlaps for volume TopSiPMPV:75 (G4Box) ... OK! 
Checking overlaps for volume TopSiPMPV:76 (G4Box) ... OK! 
Checking overlaps for volume TopSiPMPV:77 (G4Box) ... OK! 
Checking overlaps for volume TopSiPMPV:78 (G4Box) ... OK! 
Checking overlaps for volume TopSiPMPV:79 (G4Box) ... OK! 
Checking overlaps for volume TopSiPMPV:80 (G4Box) ... OK! 
Checking overlaps for volume TopSiPMPV:81 (G4Box) ... OK! 
Checking overlaps for volume TopSiPMPV:82 (G4Box) ... OK! 
Checking overlaps for volume TopSiPMPV:83 (G4Box) ... OK! 
Checking overlaps for volume TopSiPMPV:84 (G4Box) ... OK! 
Checking overlaps for volume TopSiPMPV:85 (G4Box) ... OK! 
### Birks coefficients used in run time
G4WT14 > Accumulable registered as "NEndLeft"
G4WT14 > Accumulable registered as "NEndRight"
G4WT14 > Accumulable registered as "NTop"
G4WT14 > Accumulable registered as "NEventsWithHits"
G4WT14 > Accumulable registered as "NScintPhotons"
G4WT8 > Accumulable registered as "NEndLeft"
G4WT8 > Accumulable registered as "NEndRight"
G4WT8 > Accumulable registered as "NTop"
G4WT8 > Accumulable registered as "NEventsWithHits"
G4WT8 > Accumulable registered as "NScintPhotons"
G4WT21 > Accumulable registered as "NEndLeft"
G4WT21 > Accumulable registered as "NEndRight"
G4WT21 > Accumulable registered as "NTop"
G4WT21 > Accumulable registered as "NEventsWithHits"
G4WT21 > Accumulable registered as "NScintPhotons"
G4WT17 > Accumulable registered as "NEndLeft"
G4WT17 > Accumulable registered as "NEndRight"
G4WT17 > Accumulable registered as "NTop"
G4WT17 > Accumulable registered as "NEventsWithHits"
G4WT17 > Accumulable registered as "NScintPhotons"
G4WT20 > Accumulable registered as "NEndLeft"
G4WT20 > Accumulable registered as "NEndRight"
G4WT20 > Accumulable registered as "NTop"
G4WT20 > Accumulable registered as "NEventsWithHits"
G4WT20 > Accumulable registered as "NScintPhotons"
G4WT6 > Accumulable registered as "NEndLeft"
G4WT6 > Accumulable registered as "NEndRight"
G4WT6 > Accumulable registered as "NTop"
G4WT6 > Accumulable registered as "NEventsWithHits"
G4WT6 > Accumulable registered as "NScintPhotons"
G4WT19 > Accumulable registered as "NEndLeft"
G4WT19 > Accumulable registered as "NEndRight"
G4WT19 > Accumulable registered as "NTop"
G4WT19 > Accumulable registered as "NEventsWithHits"
G4WT19 > Accumulable registered as "NScintPhotons"
G4WT18 > Accumulable registered as "NEndLeft"
G4WT18 > Accumulable registered as "NEndRight"
G4WT18 > Accumulable registered as "NTop"
G4WT18 > Accumulable registered as "NEventsWithHits"
G4WT18 > Accumulable registered as "NScintPhotons"
G4WT22 > Accumulable registered as "NEndLeft"
G4WT22 > Accumulable registered as "NEndRight"
G4WT22 > Accumulable registered as "NTop"
G4WT22 > Accumulable registered as "NEventsWithHits"
G4WT22 > Accumulable registered as "NScintPhotons"
G4WT12 > Accumulable registered as "NEndLeft"
G4WT12 > Accumulable registered as "NEndRight"
G4WT12 > Accumulable registered as "NTop"
G4WT12 > Accumulable registered as "NEventsWithHits"
G4WT12 > Accumulable registered as "NScintPhotons"
G4WT13 > Accumulable registered as "NEndLeft"
G4WT13 > Accumulable registered as "NEndRight"
G4WT13 > Accumulable registered as "NTop"
G4WT13 > Accumulable registered as "NEventsWithHits"
G4WT13 > Accumulable registered as "NScintPhotons"
G4WT1 > Accumulable registered as "NEndLeft"
G4WT1 > Accumulable registered as "NEndRight"
G4WT1 > Accumulable registered as "NTop"
G4WT1 > Accumulable registered as "NEventsWithHits"
G4WT1 > Accumulable registered as "NScintPhotons"
G4WT23 > Accumulable registered as "NEndLeft"
G4WT23 > Accumulable registered as "NEndRight"
G4WT23 > Accumulable registered as "NTop"
G4WT0 > Accumulable registered as "NEndLeft"
G4WT0 > Accumulable registered as "NEndRight"
G4WT0 > Accumulable registered as "NTop"
G4WT23 > Accumulable registered as "NEventsWithHits"
G4WT23 > Accumulable registered as "NScintPhotons"
G4WT0 > Accumulable registered as "NEventsWithHits"
G4WT0 > Accumulable registered as "NScintPhotons"
G4WT16 > Accumulable registered as "NEndLeft"
G4WT16 > Accumulable registered as "NEndRight"
G4WT16 > Accumulable registered as "NTop"
G4WT16 > Accumulable registered as "NEventsWithHits"
G4WT16 > Accumulable registered as "NScintPhotons"
G4WT5 > Accumulable registered as "NEndLeft"
G4WT5 > Accumulable registered as "NEndRight"
G4WT5 > Accumulable registered as "NTop"
G4WT7 > Accumulable registered as "NEndLeft"
G4WT7 > Accumulable registered as "NEndRight"
G4WT7 > Accumulable registered as "NTop"
G4WT5 > Accumulable registered as "NEventsWithHits"
G4WT5 > Accumulable registered as "NScintPhotons"
G4WT7 > Accumulable registered as "NEventsWithHits"
G4WT7 > Accumulable registered as "NScintPhotons"
G4WT2 > Accumulable registered as "NEndLeft"
G4WT2 > Accumulable registered as "NEndRight"
G4WT2 > Accumulable registered as "NTop"
G4WT2 > Accumulable registered as "NEventsWithHits"
G4WT2 > Accumulable registered as "NScintPhotons"
G4WT11 > Accumulable registered as "NEndLeft"
G4WT11 > Accumulable registered as "NEndRight"
G4WT11 > Accumulable registered as "NTop"
G4WT11 > Accumulable registered as "NEventsWithHits"
G4WT11 > Accumulable registered as "NScintPhotons"
G4WT9 > Accumulable registered as "NEndLeft"
G4WT9 > Accumulable registered as "NEndRight"
G4WT9 > Accumulable registered as "NTop"
G4WT9 > Accumulable registered as "NEventsWithHits"
G4WT9 > Accumulable registered as "NScintPhotons"
G4WT3 > Accumulable registered as "NEndLeft"
G4WT3 > Accumulable registered as "NEndRight"
G4WT3 > Accumulable registered as "NTop"
G4WT3 > Accumulable registered as "NEventsWithHits"
G4WT3 > Accumulable registered as "NScintPhotons"
G4WT15 > Accumulable registered as "NEndLeft"
G4WT15 > Accumulable registered as "NEndRight"
G4WT15 > Accumulable registered as "NTop"
G4WT15 > Accumulable registered as "NEventsWithHits"
G4WT15 > Accumulable registered as "NScintPhotons"
G4WT4 > Accumulable registered as "NEndLeft"
G4WT4 > Accumulable registered as "NEndRight"
G4WT4 > Accumulable registered as "NTop"
G4WT4 > Accumulable registered as "NEventsWithHits"
G4WT4 > Accumulable registered as "NScintPhotons"
G4WT10 > Accumulable registered as "NEndLeft"
G4WT10 > Accumulable registered as "NEndRight"
G4WT10 > Accumulable registered as "NTop"
G4WT10 > Accumulable registered as "NEventsWithHits"
G4WT10 > Accumulable registered as "NScintPhotons"

=== Active Scintillator Baseline ===
  SSLG4 code            : OPSC-101
  Yield                 : 10400 ph/MeV
  Rise time tau_r       : 0.7 ns
  Decay time tau_d      : 1.8 ns
  Attenuation length    : 160 cm
  Emission peak lambda  : 408.8 nm
  Finite rise time      : enabled
=====================================

=== Active Readout / Wrapping Configuration ===
  Readout configuration : Top
  SiPM model            : AFBR-S4N66P024M
  SiPM PDE file         : /home/rrios/ej200/data/sipm/AFBR-S4N66P024M_pde.txt
  -X face               : wrapped
  +X face               : wrapped
  -Y face               : wrapped
  +Y face               : instrumented
  -Z face               : wrapped
  +Z face               : wrapped
  Reflector R           : 0.98
  Active End SiPMs      : 0 (L=0, R=0)
  Active Top SiPMs      : 70
==============================================
G4WT18 > 
=== EJ Scintillator Bar Run Summary ===
  Run ID                : 0
  Events run            : 162
  Events with ≥1 hit    : 162
  End-left  photons     : 0
  End-right photons     : 0
  Top SiPM  photons     : 777898
  Scint photons generated: 3210310
  Total photons detected : 777898
  Detection efficiency   : 24.2312 %
  ROOT output           : photon_hits_run000.root
==============================

G4WT17 > 
=== EJ Scintillator Bar Run Summary ===
  Run ID                : 0
  Events run            : 162
  Events with ≥1 hit    : 162
  End-left  photons     : 0
  End-right photons     : 0
  Top SiPM  photons     : 787304
  Scint photons generated: 3243013
  Total photons detected : 787304
  Detection efficiency   : 24.2769 %
  ROOT output           : photon_hits_run000.root
==============================

G4WT5 > 
=== EJ Scintillator Bar Run Summary ===
  Run ID                : 0
  Events run            : 162
  Events with ≥1 hit    : 162
  End-left  photons     : 0
  End-right photons     : 0
  Top SiPM  photons     : 780441
  Scint photons generated: 3217625
  Total photons detected : 780441
  Detection efficiency   : 24.2552 %
  ROOT output           : photon_hits_run000.root
==============================

G4WT6 > 
=== EJ Scintillator Bar Run Summary ===
  Run ID                : 0
  Events run            : 108
  Events with ≥1 hit    : 108
  End-left  photons     : 0
  End-right photons     : 0
  Top SiPM  photons     : 534747
  Scint photons generated: 2206770
  Total photons detected : 534747
  Detection efficiency   : 24.2321 %
  ROOT output           : photon_hits_run000.root
==============================

G4WT2 > 
=== EJ Scintillator Bar Run Summary ===
  Run ID                : 0
  Events run            : 108
  Events with ≥1 hit    : 108
  End-left  photons     : 0
  End-right photons     : 0
  Top SiPM  photons     : 527343
  Scint photons generated: 2172273
  Total photons detected : 527343
  Detection efficiency   : 24.2761 %
  ROOT output           : photon_hits_run000.root
==============================

G4WT19 > 
=== EJ Scintillator Bar Run Summary ===
  Run ID                : 0
  Events run            : 108
  Events with ≥1 hit    : 108
  End-left  photons     : 0
  End-right photons     : 0
  Top SiPM  photons     : 527586
  Scint photons generated: 2177435
  Total photons detected : 527586
  Detection efficiency   : 24.2297 %
  ROOT output           : photon_hits_run000.root
==============================

G4WT3 > 
=== EJ Scintillator Bar Run Summary ===
  Run ID                : 0
  Events run            : 108
  Events with ≥1 hit    : 108
  End-left  photons     : 0
  End-right photons     : 0
  Top SiPM  photons     : 549747
  Scint photons generated: 2264486
  Total photons detected : 549747
  Detection efficiency   : 24.2769 %
  ROOT output           : photon_hits_run000.root
==============================

G4WT8 > 
=== EJ Scintillator Bar Run Summary ===
  Run ID                : 0
  Events run            : 162
  Events with ≥1 hit    : 162
  End-left  photons     : 0
  End-right photons     : 0
  Top SiPM  photons     : 777830
  Scint photons generated: 3208893
  Total photons detected : 777830
  Detection efficiency   : 24.2398 %
  ROOT output           : photon_hits_run000.root
==============================

G4WT22 > 
=== EJ Scintillator Bar Run Summary ===
  Run ID                : 0
  Events run            : 108
  Events with ≥1 hit    : 108
  End-left  photons     : 0
  End-right photons     : 0
  Top SiPM  photons     : 547228
  Scint photons generated: 2260795
  Total photons detected : 547228
  Detection efficiency   : 24.2051 %
  ROOT output           : photon_hits_run000.root
==============================

G4WT1 > 
=== EJ Scintillator Bar Run Summary ===
  Run ID                : 0
  Events run            : 162
  Events with ≥1 hit    : 162
  End-left  photons     : 0
  End-right photons     : 0
  Top SiPM  photons     : 770301
  Scint photons generated: 3175426
  Total photons detected : 770301
  Detection efficiency   : 24.2582 %
  ROOT output           : photon_hits_run000.root
==============================

G4WT15 > 
=== EJ Scintillator Bar Run Summary ===
  Run ID                : 0
  Events run            : 108
  Events with ≥1 hit    : 108
  End-left  photons     : 0
  End-right photons     : 0
  Top SiPM  photons     : 563336
  Scint photons generated: 2323083
  Total photons detected : 563336
  Detection efficiency   : 24.2495 %
  ROOT output           : photon_hits_run000.root
==============================

G4WT16 > 
=== EJ Scintillator Bar Run Summary ===
  Run ID                : 0
  Events run            : 108
  Events with ≥1 hit    : 108
  End-left  photons     : 0
  End-right photons     : 0
  Top SiPM  photons     : 524329
  Scint photons generated: 2160494
  Total photons detected : 524329
  Detection efficiency   : 24.2689 %
  ROOT output           : photon_hits_run000.root
==============================

G4WT13 > 
=== EJ Scintillator Bar Run Summary ===
  Run ID                : 0
  Events run            : 108
  Events with ≥1 hit    : 108
  End-left  photons     : 0
  End-right photons     : 0
  Top SiPM  photons     : 523751
  Scint photons generated: 2159824
  Total photons detected : 523751
  Detection efficiency   : 24.2497 %
  ROOT output           : photon_hits_run000.root
==============================

G4WT11 > 
=== EJ Scintillator Bar Run Summary ===
  Run ID                : 0
  Events run            : 162
  Events with ≥1 hit    : 162
  End-left  photons     : 0
  End-right photons     : 0
  Top SiPM  photons     : 796067
  Scint photons generated: 3286184
  Total photons detected : 796067
  Detection efficiency   : 24.2247 %
  ROOT output           : photon_hits_run000.root
==============================

G4WT21 > 
=== EJ Scintillator Bar Run Summary ===
  Run ID                : 0
  Events run            : 108
  Events with ≥1 hit    : 108
  End-left  photons     : 0
  End-right photons     : 0
  Top SiPM  photons     : 529159
  Scint photons generated: 2184531
  Total photons detected : 529159
  Detection efficiency   : 24.2230 %
  ROOT output           : photon_hits_run000.root
==============================

G4WT0 > 
=== EJ Scintillator Bar Run Summary ===
  Run ID                : 0
  Events run            : 108
  Events with ≥1 hit    : 108
  End-left  photons     : 0
  End-right photons     : 0
  Top SiPM  photons     : 525623
  Scint photons generated: 2171489
  Total photons detected : 525623
  Detection efficiency   : 24.2056 %
  ROOT output           : photon_hits_run000.root
==============================

G4WT20 > 
=== EJ Scintillator Bar Run Summary ===
  Run ID                : 0
  Events run            : 108
  Events with ≥1 hit    : 108
  End-left  photons     : 0
  End-right photons     : 0
  Top SiPM  photons     : 531090
  Scint photons generated: 2192523
  Total photons detected : 531090
  Detection efficiency   : 24.2228 %
  ROOT output           : photon_hits_run000.root
==============================

G4WT7 > 
=== EJ Scintillator Bar Run Summary ===
  Run ID                : 0
  Events run            : 108
  Events with ≥1 hit    : 108
  End-left  photons     : 0
  End-right photons     : 0
  Top SiPM  photons     : 529408
  Scint photons generated: 2181559
  Total photons detected : 529408
  Detection efficiency   : 24.2674 %
  ROOT output           : photon_hits_run000.root
==============================

G4WT4 > 
=== EJ Scintillator Bar Run Summary ===
  Run ID                : 0
  Events run            : 162
  Events with ≥1 hit    : 162
  End-left  photons     : 0
  End-right photons     : 0
  Top SiPM  photons     : 791362
  Scint photons generated: 3263830
  Total photons detected : 791362
  Detection efficiency   : 24.2464 %
  ROOT output           : photon_hits_run000.root
==============================

G4WT9 > 
=== EJ Scintillator Bar Run Summary ===
  Run ID                : 0
  Events run            : 108
  Events with ≥1 hit    : 108
  End-left  photons     : 0
  End-right photons     : 0
  Top SiPM  photons     : 533043
  Scint photons generated: 2194445
  Total photons detected : 533043
  Detection efficiency   : 24.2906 %
  ROOT output           : photon_hits_run000.root
==============================

G4WT10 > 
=== EJ Scintillator Bar Run Summary ===
  Run ID                : 0
  Events run            : 108
  Events with ≥1 hit    : 108
  End-left  photons     : 0
  End-right photons     : 0
  Top SiPM  photons     : 520931
  Scint photons generated: 2148689
  Total photons detected : 520931
  Detection efficiency   : 24.2441 %
  ROOT output           : photon_hits_run000.root
==============================

G4WT14 > 
=== EJ Scintillator Bar Run Summary ===
  Run ID                : 0
  Events run            : 108
  Events with ≥1 hit    : 108
  End-left  photons     : 0
  End-right photons     : 0
  Top SiPM  photons     : 515547
  Scint photons generated: 2123620
  Total photons detected : 515547
  Detection efficiency   : 24.2768 %
  ROOT output           : photon_hits_run000.root
==============================

G4WT23 > 
=== EJ Scintillator Bar Run Summary ===
  Run ID                : 0
  Events run            : 108
  Events with ≥1 hit    : 108
  End-left  photons     : 0
  End-right photons     : 0
  Top SiPM  photons     : 528018
  Scint photons generated: 2184222
  Total photons detected : 528018
  Detection efficiency   : 24.1742 %
  ROOT output           : photon_hits_run000.root
==============================

G4WT12 > 
=== EJ Scintillator Bar Run Summary ===
  Run ID                : 0
  Events run            : 138
  Events with ≥1 hit    : 138
  End-left  photons     : 0
  End-right photons     : 0
  Top SiPM  photons     : 662825
  Scint photons generated: 2738692
  Total photons detected : 662825
  Detection efficiency   : 24.2022 %
  ROOT output           : photon_hits_run000.root
==============================


=== EJ Scintillator Bar Run Summary ===
  Run ID                : 0
  Events run            : 3000
  Events with ≥1 hit    : 3000
  End-left  photons     : 0
  End-right photons     : 0
  Top SiPM  photons     : 14654914
  Scint photons generated: 60450211
  Total photons detected : 14654914
  Detection efficiency   : 24.2429 %
  ROOT output           : photon_hits_run000.root
==============================


=== Boundary Census (diagnostic) ===
  Bar -> reflector panel   : 1146730458
  Bar -> World (escaped)   : 0
  Bar -> Bar (TIR/refl)    : 0
  Bar -> SiPM (entering)   : 23448429
  Killed in WorldLV        : 142708
====================================

[2026-06-12T00:23:09] DONE pairscan_x-458.0mm (entries=14654914.0)
[2026-06-12T00:23:09] START pairscan_x-459.0mm (x=-459.0 mm)

**************************************************************
 Geant4 version Name: geant4-11-04 [MT]   (5-December-2025)
  << in Multi-threaded mode >> 
                       Copyright : Geant4 Collaboration
                      References : NIM A 506 (2003), 250-303
                                 : IEEE-TNS 53 (2006), 270-278
                                 : NIM A 835 (2016), 186-225
                             WWW : http://geant4.org/
**************************************************************

Accumulable registered as "NEndLeft"
Accumulable registered as "NEndRight"
Accumulable registered as "NTop"
Accumulable registered as "NEventsWithHits"
Accumulable registered as "NScintPhotons"

-------- WWWW ------- G4Exception-START -------- WWWW -------
*** G4Exception : mat031
      issued by : G4Material::FillVectors()
For material opsc-101 sum of fractional masses 0.996667 is not 1 - results may be wrong

*** This is just a warning message. ***
-------- WWWW -------- G4Exception-END --------- WWWW -------

Checking overlaps for volume BarPV:0 (G4Box) ... OK! 
Checking overlaps for volume ReflectorYMinusPV:0 (G4Box) ... OK! 
Checking overlaps for volume ReflectorZMinusPV:3 (G4Box) ... OK! 
Checking overlaps for volume ReflectorZPlusPV:4 (G4Box) ... OK! 
Checking overlaps for volume ReflectorYPlusPV:5 (G4SubtractionSolid) ... OK! 
Checking overlaps for volume ReflectorXMinusPV:1 (G4Box) ... OK! 
Checking overlaps for volume ReflectorXPlusPV:2 (G4Box) ... OK! 
Checking overlaps for volume TopSiPMPV:16 (G4Box) ... OK! 
Checking overlaps for volume TopSiPMPV:17 (G4Box) ... OK! 
Checking overlaps for volume TopSiPMPV:18 (G4Box) ... OK! 
Checking overlaps for volume TopSiPMPV:19 (G4Box) ... OK! 
Checking overlaps for volume TopSiPMPV:20 (G4Box) ... OK! 
Checking overlaps for volume TopSiPMPV:21 (G4Box) ... OK! 
Checking overlaps for volume TopSiPMPV:22 (G4Box) ... OK! 
Checking overlaps for volume TopSiPMPV:23 (G4Box) ... OK! 
Checking overlaps for volume TopSiPMPV:24 (G4Box) ... OK! 
Checking overlaps for volume TopSiPMPV:25 (G4Box) ... OK! 
Checking overlaps for volume TopSiPMPV:26 (G4Box) ... OK! 
Checking overlaps for volume TopSiPMPV:27 (G4Box) ... OK! 
Checking overlaps for volume TopSiPMPV:28 (G4Box) ... OK! 
Checking overlaps for volume TopSiPMPV:29 (G4Box) ... OK! 
Checking overlaps for volume TopSiPMPV:30 (G4Box) ... OK! 
Checking overlaps for volume TopSiPMPV:31 (G4Box) ... OK! 
Checking overlaps for volume TopSiPMPV:32 (G4Box) ... OK! 
Checking overlaps for volume TopSiPMPV:33 (G4Box) ... OK! 
Checking overlaps for volume TopSiPMPV:34 (G4Box) ... OK! 
Checking overlaps for volume TopSiPMPV:35 (G4Box) ... OK! 
Checking overlaps for volume TopSiPMPV:36 (G4Box) ... OK! 
Checking overlaps for volume TopSiPMPV:37 (G4Box) ... OK! 
Checking overlaps for volume TopSiPMPV:38 (G4Box) ... OK! 
Checking overlaps for volume TopSiPMPV:39 (G4Box) ... OK! 
Checking overlaps for volume TopSiPMPV:40 (G4Box) ... OK! 
Checking overlaps for volume TopSiPMPV:41 (G4Box) ... OK! 
Checking overlaps for volume TopSiPMPV:42 (G4Box) ... OK! 
Checking overlaps for volume TopSiPMPV:43 (G4Box) ... OK! 
Checking overlaps for volume TopSiPMPV:44 (G4Box) ... OK! 
Checking overlaps for volume TopSiPMPV:45 (G4Box) ... OK! 
Checking overlaps for volume TopSiPMPV:46 (G4Box) ... OK! 
Checking overlaps for volume TopSiPMPV:47 (G4Box) ... OK! 
Checking overlaps for volume TopSiPMPV:48 (G4Box) ... OK! 
Checking overlaps for volume TopSiPMPV:49 (G4Box) ... OK! 
Checking overlaps for volume TopSiPMPV:50 (G4Box) ... OK! 
Checking overlaps for volume TopSiPMPV:51 (G4Box) ... OK! 
Checking overlaps for volume TopSiPMPV:52 (G4Box) ... OK! 
Checking overlaps for volume TopSiPMPV:53 (G4Box) ... OK! 
Checking overlaps for volume TopSiPMPV:54 (G4Box) ... OK! 
Checking overlaps for volume TopSiPMPV:55 (G4Box) ... OK! 
Checking overlaps for volume TopSiPMPV:56 (G4Box) ... OK! 
Checking overlaps for volume TopSiPMPV:57 (G4Box) ... OK! 
Checking overlaps for volume TopSiPMPV:58 (G4Box) ... OK! 
Checking overlaps for volume TopSiPMPV:59 (G4Box) ... OK! 
Checking overlaps for volume TopSiPMPV:60 (G4Box) ... OK! 
Checking overlaps for volume TopSiPMPV:61 (G4Box) ... OK! 
Checking overlaps for volume TopSiPMPV:62 (G4Box) ... OK! 
Checking overlaps for volume TopSiPMPV:63 (G4Box) ... OK! 
Checking overlaps for volume TopSiPMPV:64 (G4Box) ... OK! 
Checking overlaps for volume TopSiPMPV:65 (G4Box) ... OK! 
Checking overlaps for volume TopSiPMPV:66 (G4Box) ... OK! 
Checking overlaps for volume TopSiPMPV:67 (G4Box) ... OK! 
Checking overlaps for volume TopSiPMPV:68 (G4Box) ... OK! 
Checking overlaps for volume TopSiPMPV:69 (G4Box) ... OK! 
Checking overlaps for volume TopSiPMPV:70 (G4Box) ... OK! 
Checking overlaps for volume TopSiPMPV:71 (G4Box) ... OK! 
Checking overlaps for volume TopSiPMPV:72 (G4Box) ... OK! 
Checking overlaps for volume TopSiPMPV:73 (G4Box) ... OK! 
Checking overlaps for volume TopSiPMPV:74 (G4Box) ... OK! 
Checking overlaps for volume TopSiPMPV:75 (G4Box) ... OK! 
Checking overlaps for volume TopSiPMPV:76 (G4Box) ... OK! 
Checking overlaps for volume TopSiPMPV:77 (G4Box) ... OK! 
Checking overlaps for volume TopSiPMPV:78 (G4Box) ... OK! 
Checking overlaps for volume TopSiPMPV:79 (G4Box) ... OK! 
Checking overlaps for volume TopSiPMPV:80 (G4Box) ... OK! 
Checking overlaps for volume TopSiPMPV:81 (G4Box) ... OK! 
Checking overlaps for volume TopSiPMPV:82 (G4Box) ... OK! 
Checking overlaps for volume TopSiPMPV:83 (G4Box) ... OK! 
Checking overlaps for volume TopSiPMPV:84 (G4Box) ... OK! 
Checking overlaps for volume TopSiPMPV:85 (G4Box) ... OK! 
### Birks coefficients used in run time
G4WT0 > Accumulable registered as "NEndLeft"
G4WT18 > Accumulable registered as "NEndLeft"
G4WT0 > Accumulable registered as "NEndRight"
G4WT18 > Accumulable registered as "NEndRight"
G4WT0 > Accumulable registered as "NTop"
G4WT18 > Accumulable registered as "NTop"
G4WT0 > Accumulable registered as "NEventsWithHits"
G4WT0 > Accumulable registered as "NScintPhotons"
G4WT18 > Accumulable registered as "NEventsWithHits"
G4WT18 > Accumulable registered as "NScintPhotons"
G4WT13 > Accumulable registered as "NEndLeft"
G4WT13 > Accumulable registered as "NEndRight"
G4WT13 > Accumulable registered as "NTop"
G4WT13 > Accumulable registered as "NEventsWithHits"
G4WT13 > Accumulable registered as "NScintPhotons"
G4WT17 > Accumulable registered as "NEndLeft"
G4WT17 > Accumulable registered as "NEndRight"
G4WT17 > Accumulable registered as "NTop"
G4WT17 > Accumulable registered as "NEventsWithHits"
G4WT17 > Accumulable registered as "NScintPhotons"
G4WT8 > Accumulable registered as "NEndLeft"
G4WT8 > Accumulable registered as "NEndRight"
G4WT8 > Accumulable registered as "NTop"
G4WT8 > Accumulable registered as "NEventsWithHits"
G4WT8 > Accumulable registered as "NScintPhotons"
G4WT15 > Accumulable registered as "NEndLeft"
G4WT15 > Accumulable registered as "NEndRight"
G4WT15 > Accumulable registered as "NTop"
G4WT15 > Accumulable registered as "NEventsWithHits"
G4WT15 > Accumulable registered as "NScintPhotons"
G4WT12 > Accumulable registered as "NEndLeft"
G4WT12 > Accumulable registered as "NEndRight"
G4WT12 > Accumulable registered as "NTop"
G4WT12 > Accumulable registered as "NEventsWithHits"
G4WT12 > Accumulable registered as "NScintPhotons"
G4WT14 > Accumulable registered as "NEndLeft"
G4WT14 > Accumulable registered as "NEndRight"
G4WT14 > Accumulable registered as "NTop"
G4WT14 > Accumulable registered as "NEventsWithHits"
G4WT14 > Accumulable registered as "NScintPhotons"
G4WT23 > Accumulable registered as "NEndLeft"
G4WT23 > Accumulable registered as "NEndRight"
G4WT23 > Accumulable registered as "NTop"
G4WT23 > Accumulable registered as "NEventsWithHits"
G4WT23 > Accumulable registered as "NScintPhotons"
G4WT2 > Accumulable registered as "NEndLeft"
G4WT2 > Accumulable registered as "NEndRight"
G4WT2 > Accumulable registered as "NTop"
G4WT2 > Accumulable registered as "NEventsWithHits"
G4WT2 > Accumulable registered as "NScintPhotons"
G4WT16 > Accumulable registered as "NEndLeft"
G4WT16 > Accumulable registered as "NEndRight"
G4WT16 > Accumulable registered as "NTop"
G4WT16 > Accumulable registered as "NEventsWithHits"
G4WT16 > Accumulable registered as "NScintPhotons"
G4WT1 > Accumulable registered as "NEndLeft"
G4WT1 > Accumulable registered as "NEndRight"
G4WT1 > Accumulable registered as "NTop"
G4WT1 > Accumulable registered as "NEventsWithHits"
G4WT1 > Accumulable registered as "NScintPhotons"
G4WT21 > Accumulable registered as "NEndLeft"
G4WT21 > Accumulable registered as "NEndRight"
G4WT21 > Accumulable registered as "NTop"
G4WT21 > Accumulable registered as "NEventsWithHits"
G4WT21 > Accumulable registered as "NScintPhotons"
G4WT3 > Accumulable registered as "NEndLeft"
G4WT3 > Accumulable registered as "NEndRight"
G4WT3 > Accumulable registered as "NTop"
G4WT3 > Accumulable registered as "NEventsWithHits"
G4WT11 > Accumulable registered as "NEndLeft"
G4WT3 > Accumulable registered as "NScintPhotons"
G4WT11 > Accumulable registered as "NEndRight"
G4WT11 > Accumulable registered as "NTop"
G4WT11 > Accumulable registered as "NEventsWithHits"
G4WT11 > Accumulable registered as "NScintPhotons"
G4WT10 > Accumulable registered as "NEndLeft"
G4WT10 > Accumulable registered as "NEndRight"
G4WT10 > Accumulable registered as "NTop"
G4WT10 > Accumulable registered as "NEventsWithHits"
G4WT10 > Accumulable registered as "NScintPhotons"
G4WT19 > Accumulable registered as "NEndLeft"
G4WT19 > Accumulable registered as "NEndRight"
G4WT19 > Accumulable registered as "NTop"
G4WT20 > Accumulable registered as "NEndLeft"
G4WT20 > Accumulable registered as "NEndRight"
G4WT20 > Accumulable registered as "NTop"
G4WT19 > Accumulable registered as "NEventsWithHits"
G4WT19 > Accumulable registered as "NScintPhotons"
G4WT20 > Accumulable registered as "NEventsWithHits"
G4WT20 > Accumulable registered as "NScintPhotons"
G4WT5 > Accumulable registered as "NEndLeft"
G4WT5 > Accumulable registered as "NEndRight"
G4WT5 > Accumulable registered as "NTop"
G4WT5 > Accumulable registered as "NEventsWithHits"
G4WT5 > Accumulable registered as "NScintPhotons"
G4WT4 > Accumulable registered as "NEndLeft"
G4WT4 > Accumulable registered as "NEndRight"
G4WT4 > Accumulable registered as "NTop"
G4WT4 > Accumulable registered as "NEventsWithHits"
G4WT4 > Accumulable registered as "NScintPhotons"
G4WT7 > Accumulable registered as "NEndLeft"
G4WT7 > Accumulable registered as "NEndRight"
G4WT7 > Accumulable registered as "NTop"
G4WT7 > Accumulable registered as "NEventsWithHits"
G4WT7 > Accumulable registered as "NScintPhotons"
G4WT9 > Accumulable registered as "NEndLeft"
G4WT9 > Accumulable registered as "NEndRight"
G4WT9 > Accumulable registered as "NTop"
G4WT9 > Accumulable registered as "NEventsWithHits"
G4WT9 > Accumulable registered as "NScintPhotons"
G4WT22 > Accumulable registered as "NEndLeft"
G4WT22 > Accumulable registered as "NEndRight"
G4WT22 > Accumulable registered as "NTop"
G4WT22 > Accumulable registered as "NEventsWithHits"
G4WT22 > Accumulable registered as "NScintPhotons"
G4WT6 > Accumulable registered as "NEndLeft"
G4WT6 > Accumulable registered as "NEndRight"
G4WT6 > Accumulable registered as "NTop"
G4WT6 > Accumulable registered as "NEventsWithHits"
G4WT6 > Accumulable registered as "NScintPhotons"

=== Active Scintillator Baseline ===
  SSLG4 code            : OPSC-101
  Yield                 : 10400 ph/MeV
  Rise time tau_r       : 0.7 ns
  Decay time tau_d      : 1.8 ns
  Attenuation length    : 160 cm
  Emission peak lambda  : 408.8 nm
  Finite rise time      : enabled
=====================================

=== Active Readout / Wrapping Configuration ===
  Readout configuration : Top
  SiPM model            : AFBR-S4N66P024M
  SiPM PDE file         : /home/rrios/ej200/data/sipm/AFBR-S4N66P024M_pde.txt
  -X face               : wrapped
  +X face               : wrapped
  -Y face               : wrapped
  +Y face               : instrumented
  -Z face               : wrapped
  +Z face               : wrapped
  Reflector R           : 0.98
  Active End SiPMs      : 0 (L=0, R=0)
  Active Top SiPMs      : 70
==============================================
G4WT23 > 
=== EJ Scintillator Bar Run Summary ===
  Run ID                : 0
  Events run            : 162
  Events with ≥1 hit    : 162
  End-left  photons     : 0
  End-right photons     : 0
  Top SiPM  photons     : 768384
  Scint photons generated: 3179472
  Total photons detected : 768384
  Detection efficiency   : 24.1670 %
  ROOT output           : photon_hits_run000.root
==============================

G4WT6 > 
=== EJ Scintillator Bar Run Summary ===
  Run ID                : 0
  Events run            : 108
  Events with ≥1 hit    : 108
  End-left  photons     : 0
  End-right photons     : 0
  Top SiPM  photons     : 546676
  Scint photons generated: 2264787
  Total photons detected : 546676
  Detection efficiency   : 24.1381 %
  ROOT output           : photon_hits_run000.root
==============================

G4WT22 > 
=== EJ Scintillator Bar Run Summary ===
  Run ID                : 0
  Events run            : 108
  Events with ≥1 hit    : 108
  End-left  photons     : 0
  End-right photons     : 0
  Top SiPM  photons     : 516525
  Scint photons generated: 2142657
  Total photons detected : 516525
  Detection efficiency   : 24.1068 %
  ROOT output           : photon_hits_run000.root
==============================

G4WT1 > 
=== EJ Scintillator Bar Run Summary ===
  Run ID                : 0
  Events run            : 108
  Events with ≥1 hit    : 108
  End-left  photons     : 0
  End-right photons     : 0
  Top SiPM  photons     : 527295
  Scint photons generated: 2180984
  Total photons detected : 527295
  Detection efficiency   : 24.1769 %
  ROOT output           : photon_hits_run000.root
==============================

G4WT11 > 
=== EJ Scintillator Bar Run Summary ===
  Run ID                : 0
  Events run            : 108
  Events with ≥1 hit    : 108
  End-left  photons     : 0
  End-right photons     : 0
  Top SiPM  photons     : 521853
  Scint photons generated: 2158296
  Total photons detected : 521853
  Detection efficiency   : 24.1789 %
  ROOT output           : photon_hits_run000.root
==============================

G4WT15 > 
=== EJ Scintillator Bar Run Summary ===
  Run ID                : 0
  Events run            : 108
  Events with ≥1 hit    : 108
  End-left  photons     : 0
  End-right photons     : 0
  Top SiPM  photons     : 522614
  Scint photons generated: 2161636
  Total photons detected : 522614
  Detection efficiency   : 24.1768 %
  ROOT output           : photon_hits_run000.root
==============================

G4WT12 > 
=== EJ Scintillator Bar Run Summary ===
  Run ID                : 0
  Events run            : 108
  Events with ≥1 hit    : 108
  End-left  photons     : 0
  End-right photons     : 0
  Top SiPM  photons     : 543873
  Scint photons generated: 2243326
  Total photons detected : 543873
  Detection efficiency   : 24.2440 %
  ROOT output           : photon_hits_run000.root
==============================

G4WT10 > 
=== EJ Scintillator Bar Run Summary ===
  Run ID                : 0
  Events run            : 108
  Events with ≥1 hit    : 108
  End-left  photons     : 0
  End-right photons     : 0
  Top SiPM  photons     : 528962
  Scint photons generated: 2186102
  Total photons detected : 528962
  Detection efficiency   : 24.1966 %
  ROOT output           : photon_hits_run000.root
==============================

G4WT4 > 
=== EJ Scintillator Bar Run Summary ===
  Run ID                : 0
  Events run            : 108
  Events with ≥1 hit    : 108
  End-left  photons     : 0
  End-right photons     : 0
  Top SiPM  photons     : 522032
  Scint photons generated: 2164355
  Total photons detected : 522032
  Detection efficiency   : 24.1195 %
  ROOT output           : photon_hits_run000.root
==============================

G4WT21 > 
=== EJ Scintillator Bar Run Summary ===
  Run ID                : 0
  Events run            : 108
  Events with ≥1 hit    : 108
  End-left  photons     : 0
  End-right photons     : 0
  Top SiPM  photons     : 523874
  Scint photons generated: 2170282
  Total photons detected : 523874
  Detection efficiency   : 24.1385 %
  ROOT output           : photon_hits_run000.root
==============================

G4WT7 > 
=== EJ Scintillator Bar Run Summary ===
  Run ID                : 0
  Events run            : 108
  Events with ≥1 hit    : 108
  End-left  photons     : 0
  End-right photons     : 0
  Top SiPM  photons     : 525286
  Scint photons generated: 2176100
  Total photons detected : 525286
  Detection efficiency   : 24.1389 %
  ROOT output           : photon_hits_run000.root
==============================

G4WT20 > 
=== EJ Scintillator Bar Run Summary ===
  Run ID                : 0
  Events run            : 162
  Events with ≥1 hit    : 162
  End-left  photons     : 0
  End-right photons     : 0
  Top SiPM  photons     : 788280
  Scint photons generated: 3254336
  Total photons detected : 788280
  Detection efficiency   : 24.2225 %
  ROOT output           : photon_hits_run000.root
==============================

G4WT19 > 
=== EJ Scintillator Bar Run Summary ===
  Run ID                : 0
  Events run            : 162
  Events with ≥1 hit    : 162
  End-left  photons     : 0
  End-right photons     : 0
  Top SiPM  photons     : 782841
  Scint photons generated: 3234893
  Total photons detected : 782841
  Detection efficiency   : 24.1999 %
  ROOT output           : photon_hits_run000.root
==============================

G4WT14 > 
=== EJ Scintillator Bar Run Summary ===
  Run ID                : 0
  Events run            : 108
  Events with ≥1 hit    : 108
  End-left  photons     : 0
  End-right photons     : 0
  Top SiPM  photons     : 527671
  Scint photons generated: 2185922
  Total photons detected : 527671
  Detection efficiency   : 24.1395 %
  ROOT output           : photon_hits_run000.root
==============================

G4WT2 > 
=== EJ Scintillator Bar Run Summary ===
  Run ID                : 0
  Events run            : 108
  Events with ≥1 hit    : 108
  End-left  photons     : 0
  End-right photons     : 0
  Top SiPM  photons     : 522823
  Scint photons generated: 2165916
  Total photons detected : 522823
  Detection efficiency   : 24.1387 %
  ROOT output           : photon_hits_run000.root
==============================

G4WT5 > 
=== EJ Scintillator Bar Run Summary ===
  Run ID                : 0
  Events run            : 162
  Events with ≥1 hit    : 162
  End-left  photons     : 0
  End-right photons     : 0
  Top SiPM  photons     : 780978
  Scint photons generated: 3233574
  Total photons detected : 780978
  Detection efficiency   : 24.1522 %
  ROOT output           : photon_hits_run000.root
==============================

G4WT16 > 
=== EJ Scintillator Bar Run Summary ===
  Run ID                : 0
  Events run            : 108
  Events with ≥1 hit    : 108
  End-left  photons     : 0
  End-right photons     : 0
  Top SiPM  photons     : 532687
  Scint photons generated: 2200908
  Total photons detected : 532687
  Detection efficiency   : 24.2031 %
  ROOT output           : photon_hits_run000.root
==============================

G4WT8 > 
=== EJ Scintillator Bar Run Summary ===
  Run ID                : 0
  Events run            : 138
  Events with ≥1 hit    : 138
  End-left  photons     : 0
  End-right photons     : 0
  Top SiPM  photons     : 666894
  Scint photons generated: 2762412
  Total photons detected : 666894
  Detection efficiency   : 24.1417 %
  ROOT output           : photon_hits_run000.root
==============================

G4WT0 > 
=== EJ Scintillator Bar Run Summary ===
  Run ID                : 0
  Events run            : 162
  Events with ≥1 hit    : 162
  End-left  photons     : 0
  End-right photons     : 0
  Top SiPM  photons     : 776100
  Scint photons generated: 3209573
  Total photons detected : 776100
  Detection efficiency   : 24.1808 %
  ROOT output           : photon_hits_run000.root
==============================

G4WT17 > 
=== EJ Scintillator Bar Run Summary ===
  Run ID                : 0
  Events run            : 162
  Events with ≥1 hit    : 162
  End-left  photons     : 0
  End-right photons     : 0
  Top SiPM  photons     : 774965
  Scint photons generated: 3205008
  Total photons detected : 774965
  Detection efficiency   : 24.1798 %
  ROOT output           : photon_hits_run000.root
==============================

G4WT3 > 
=== EJ Scintillator Bar Run Summary ===
  Run ID                : 0
  Events run            : 108
  Events with ≥1 hit    : 108
  End-left  photons     : 0
  End-right photons     : 0
  Top SiPM  photons     : 518697
  Scint photons generated: 2145195
  Total photons detected : 518697
  Detection efficiency   : 24.1795 %
  ROOT output           : photon_hits_run000.root
==============================

G4WT9 > 
=== EJ Scintillator Bar Run Summary ===
  Run ID                : 0
  Events run            : 108
  Events with ≥1 hit    : 108
  End-left  photons     : 0
  End-right photons     : 0
  Top SiPM  photons     : 529662
  Scint photons generated: 2192804
  Total photons detected : 529662
  Detection efficiency   : 24.1546 %
  ROOT output           : photon_hits_run000.root
==============================

G4WT13 > 
=== EJ Scintillator Bar Run Summary ===
  Run ID                : 0
  Events run            : 108
  Events with ≥1 hit    : 108
  End-left  photons     : 0
  End-right photons     : 0
  Top SiPM  photons     : 532705
  Scint photons generated: 2205364
  Total photons detected : 532705
  Detection efficiency   : 24.1550 %
  ROOT output           : photon_hits_run000.root
==============================

G4WT18 > 
=== EJ Scintillator Bar Run Summary ===
  Run ID                : 0
  Events run            : 162
  Events with ≥1 hit    : 162
  End-left  photons     : 0
  End-right photons     : 0
  Top SiPM  photons     : 764393
  Scint photons generated: 3159443
  Total photons detected : 764393
  Detection efficiency   : 24.1939 %
  ROOT output           : photon_hits_run000.root
==============================


=== EJ Scintillator Bar Run Summary ===
  Run ID                : 0
  Events run            : 3000
  Events with ≥1 hit    : 3000
  End-left  photons     : 0
  End-right photons     : 0
  Top SiPM  photons     : 14546070
  Scint photons generated: 60183345
  Total photons detected : 14546070
  Detection efficiency   : 24.1696 %
  ROOT output           : photon_hits_run000.root
==============================


=== Boundary Census (diagnostic) ===
  Bar -> reflector panel   : 1143966280
  Bar -> World (escaped)   : 0
  Bar -> Bar (TIR/refl)    : 0
  Bar -> SiPM (entering)   : 23263588
  Killed in WorldLV        : 142469
====================================

[2026-06-12T00:28:38] DONE pairscan_x-459.0mm (entries=14546070.0)
[2026-06-12T00:28:38] START pairscan_x-460.0mm (x=-460.0 mm)

**************************************************************
 Geant4 version Name: geant4-11-04 [MT]   (5-December-2025)
  << in Multi-threaded mode >> 
                       Copyright : Geant4 Collaboration
                      References : NIM A 506 (2003), 250-303
                                 : IEEE-TNS 53 (2006), 270-278
                                 : NIM A 835 (2016), 186-225
                             WWW : http://geant4.org/
**************************************************************

Accumulable registered as "NEndLeft"
Accumulable registered as "NEndRight"
Accumulable registered as "NTop"
Accumulable registered as "NEventsWithHits"
Accumulable registered as "NScintPhotons"

-------- WWWW ------- G4Exception-START -------- WWWW -------
*** G4Exception : mat031
      issued by : G4Material::FillVectors()
For material opsc-101 sum of fractional masses 0.996667 is not 1 - results may be wrong

*** This is just a warning message. ***
-------- WWWW -------- G4Exception-END --------- WWWW -------

Checking overlaps for volume BarPV:0 (G4Box) ... OK! 
Checking overlaps for volume ReflectorYMinusPV:0 (G4Box) ... OK! 
Checking overlaps for volume ReflectorZMinusPV:3 (G4Box) ... OK! 
Checking overlaps for volume ReflectorZPlusPV:4 (G4Box) ... OK! 
Checking overlaps for volume ReflectorYPlusPV:5 (G4SubtractionSolid) ... OK! 
Checking overlaps for volume ReflectorXMinusPV:1 (G4Box) ... OK! 
Checking overlaps for volume ReflectorXPlusPV:2 (G4Box) ... OK! 
Checking overlaps for volume TopSiPMPV:16 (G4Box) ... OK! 
Checking overlaps for volume TopSiPMPV:17 (G4Box) ... OK! 
Checking overlaps for volume TopSiPMPV:18 (G4Box) ... OK! 
Checking overlaps for volume TopSiPMPV:19 (G4Box) ... OK! 
Checking overlaps for volume TopSiPMPV:20 (G4Box) ... OK! 
Checking overlaps for volume TopSiPMPV:21 (G4Box) ... OK! 
Checking overlaps for volume TopSiPMPV:22 (G4Box) ... OK! 
Checking overlaps for volume TopSiPMPV:23 (G4Box) ... OK! 
Checking overlaps for volume TopSiPMPV:24 (G4Box) ... OK! 
Checking overlaps for volume TopSiPMPV:25 (G4Box) ... OK! 
Checking overlaps for volume TopSiPMPV:26 (G4Box) ... OK! 
Checking overlaps for volume TopSiPMPV:27 (G4Box) ... OK! 
Checking overlaps for volume TopSiPMPV:28 (G4Box) ... OK! 
Checking overlaps for volume TopSiPMPV:29 (G4Box) ... OK! 
Checking overlaps for volume TopSiPMPV:30 (G4Box) ... OK! 
Checking overlaps for volume TopSiPMPV:31 (G4Box) ... OK! 
Checking overlaps for volume TopSiPMPV:32 (G4Box) ... OK! 
Checking overlaps for volume TopSiPMPV:33 (G4Box) ... OK! 
Checking overlaps for volume TopSiPMPV:34 (G4Box) ... OK! 
Checking overlaps for volume TopSiPMPV:35 (G4Box) ... OK! 
Checking overlaps for volume TopSiPMPV:36 (G4Box) ... OK! 
Checking overlaps for volume TopSiPMPV:37 (G4Box) ... OK! 
Checking overlaps for volume TopSiPMPV:38 (G4Box) ... OK! 
Checking overlaps for volume TopSiPMPV:39 (G4Box) ... OK! 
Checking overlaps for volume TopSiPMPV:40 (G4Box) ... OK! 
Checking overlaps for volume TopSiPMPV:41 (G4Box) ... OK! 
Checking overlaps for volume TopSiPMPV:42 (G4Box) ... OK! 
Checking overlaps for volume TopSiPMPV:43 (G4Box) ... OK! 
Checking overlaps for volume TopSiPMPV:44 (G4Box) ... OK! 
Checking overlaps for volume TopSiPMPV:45 (G4Box) ... OK! 
Checking overlaps for volume TopSiPMPV:46 (G4Box) ... OK! 
Checking overlaps for volume TopSiPMPV:47 (G4Box) ... OK! 
Checking overlaps for volume TopSiPMPV:48 (G4Box) ... OK! 
Checking overlaps for volume TopSiPMPV:49 (G4Box) ... OK! 
Checking overlaps for volume TopSiPMPV:50 (G4Box) ... OK! 
Checking overlaps for volume TopSiPMPV:51 (G4Box) ... OK! 
Checking overlaps for volume TopSiPMPV:52 (G4Box) ... OK! 
Checking overlaps for volume TopSiPMPV:53 (G4Box) ... OK! 
Checking overlaps for volume TopSiPMPV:54 (G4Box) ... OK! 
Checking overlaps for volume TopSiPMPV:55 (G4Box) ... OK! 
Checking overlaps for volume TopSiPMPV:56 (G4Box) ... OK! 
Checking overlaps for volume TopSiPMPV:57 (G4Box) ... OK! 
Checking overlaps for volume TopSiPMPV:58 (G4Box) ... OK! 
Checking overlaps for volume TopSiPMPV:59 (G4Box) ... OK! 
Checking overlaps for volume TopSiPMPV:60 (G4Box) ... OK! 
Checking overlaps for volume TopSiPMPV:61 (G4Box) ... OK! 
Checking overlaps for volume TopSiPMPV:62 (G4Box) ... OK! 
Checking overlaps for volume TopSiPMPV:63 (G4Box) ... OK! 
Checking overlaps for volume TopSiPMPV:64 (G4Box) ... OK! 
Checking overlaps for volume TopSiPMPV:65 (G4Box) ... OK! 
Checking overlaps for volume TopSiPMPV:66 (G4Box) ... OK! 
Checking overlaps for volume TopSiPMPV:67 (G4Box) ... OK! 
Checking overlaps for volume TopSiPMPV:68 (G4Box) ... OK! 
Checking overlaps for volume TopSiPMPV:69 (G4Box) ... OK! 
Checking overlaps for volume TopSiPMPV:70 (G4Box) ... OK! 
Checking overlaps for volume TopSiPMPV:71 (G4Box) ... OK! 
Checking overlaps for volume TopSiPMPV:72 (G4Box) ... OK! 
Checking overlaps for volume TopSiPMPV:73 (G4Box) ... OK! 
Checking overlaps for volume TopSiPMPV:74 (G4Box) ... OK! 
Checking overlaps for volume TopSiPMPV:75 (G4Box) ... OK! 
Checking overlaps for volume TopSiPMPV:76 (G4Box) ... OK! 
Checking overlaps for volume TopSiPMPV:77 (G4Box) ... OK! 
Checking overlaps for volume TopSiPMPV:78 (G4Box) ... OK! 
Checking overlaps for volume TopSiPMPV:79 (G4Box) ... OK! 
Checking overlaps for volume TopSiPMPV:80 (G4Box) ... OK! 
Checking overlaps for volume TopSiPMPV:81 (G4Box) ... OK! 
Checking overlaps for volume TopSiPMPV:82 (G4Box) ... OK! 
Checking overlaps for volume TopSiPMPV:83 (G4Box) ... OK! 
Checking overlaps for volume TopSiPMPV:84 (G4Box) ... OK! 
Checking overlaps for volume TopSiPMPV:85 (G4Box) ... OK! 
### Birks coefficients used in run time
G4WT13 > Accumulable registered as "NEndLeft"
G4WT13 > Accumulable registered as "NEndRight"
G4WT13 > Accumulable registered as "NTop"
G4WT13 > Accumulable registered as "NEventsWithHits"
G4WT13 > Accumulable registered as "NScintPhotons"
G4WT14 > Accumulable registered as "NEndLeft"
G4WT14 > Accumulable registered as "NEndRight"
G4WT14 > Accumulable registered as "NTop"
G4WT16 > Accumulable registered as "NEndLeft"
G4WT14 > Accumulable registered as "NEventsWithHits"
G4WT14 > Accumulable registered as "NScintPhotons"
G4WT16 > Accumulable registered as "NEndRight"
G4WT16 > Accumulable registered as "NTop"
G4WT16 > Accumulable registered as "NEventsWithHits"
G4WT16 > Accumulable registered as "NScintPhotons"
G4WT0 > Accumulable registered as "NEndLeft"
G4WT0 > Accumulable registered as "NEndRight"
G4WT0 > Accumulable registered as "NTop"
G4WT0 > Accumulable registered as "NEventsWithHits"
G4WT0 > Accumulable registered as "NScintPhotons"
G4WT5 > Accumulable registered as "NEndLeft"
G4WT5 > Accumulable registered as "NEndRight"
G4WT5 > Accumulable registered as "NTop"
G4WT5 > Accumulable registered as "NEventsWithHits"
G4WT5 > Accumulable registered as "NScintPhotons"
G4WT6 > Accumulable registered as "NEndLeft"
G4WT6 > Accumulable registered as "NEndRight"
G4WT6 > Accumulable registered as "NTop"
G4WT6 > Accumulable registered as "NEventsWithHits"
G4WT6 > Accumulable registered as "NScintPhotons"
G4WT9 > Accumulable registered as "NEndLeft"
G4WT9 > Accumulable registered as "NEndRight"
G4WT9 > Accumulable registered as "NTop"
G4WT9 > Accumulable registered as "NEventsWithHits"
G4WT9 > Accumulable registered as "NScintPhotons"
G4WT20 > Accumulable registered as "NEndLeft"
G4WT20 > Accumulable registered as "NEndRight"
G4WT20 > Accumulable registered as "NTop"
G4WT20 > Accumulable registered as "NEventsWithHits"
G4WT20 > Accumulable registered as "NScintPhotons"
G4WT22 > Accumulable registered as "NEndLeft"
G4WT22 > Accumulable registered as "NEndRight"
G4WT22 > Accumulable registered as "NTop"
G4WT22 > Accumulable registered as "NEventsWithHits"
G4WT22 > Accumulable registered as "NScintPhotons"
G4WT23 > Accumulable registered as "NEndLeft"
G4WT23 > Accumulable registered as "NEndRight"
G4WT23 > Accumulable registered as "NTop"
G4WT23 > Accumulable registered as "NEventsWithHits"
G4WT23 > Accumulable registered as "NScintPhotons"
G4WT21 > Accumulable registered as "NEndLeft"
G4WT21 > Accumulable registered as "NEndRight"
G4WT21 > Accumulable registered as "NTop"
G4WT21 > Accumulable registered as "NEventsWithHits"
G4WT21 > Accumulable registered as "NScintPhotons"
G4WT15 > Accumulable registered as "NEndLeft"
G4WT15 > Accumulable registered as "NEndRight"
G4WT15 > Accumulable registered as "NTop"
G4WT15 > Accumulable registered as "NEventsWithHits"
G4WT15 > Accumulable registered as "NScintPhotons"
G4WT7 > Accumulable registered as "NEndLeft"
G4WT7 > Accumulable registered as "NEndRight"
G4WT7 > Accumulable registered as "NTop"
G4WT7 > Accumulable registered as "NEventsWithHits"
G4WT7 > Accumulable registered as "NScintPhotons"
G4WT1 > Accumulable registered as "NEndLeft"
G4WT1 > Accumulable registered as "NEndRight"
G4WT1 > Accumulable registered as "NTop"
G4WT1 > Accumulable registered as "NEventsWithHits"
G4WT1 > Accumulable registered as "NScintPhotons"
G4WT11 > Accumulable registered as "NEndLeft"
G4WT11 > Accumulable registered as "NEndRight"
G4WT11 > Accumulable registered as "NTop"
G4WT11 > Accumulable registered as "NEventsWithHits"
G4WT11 > Accumulable registered as "NScintPhotons"
G4WT2 > Accumulable registered as "NEndLeft"
G4WT2 > Accumulable registered as "NEndRight"
G4WT2 > Accumulable registered as "NTop"
G4WT2 > Accumulable registered as "NEventsWithHits"
G4WT2 > Accumulable registered as "NScintPhotons"
G4WT17 > Accumulable registered as "NEndLeft"
G4WT17 > Accumulable registered as "NEndRight"
G4WT17 > Accumulable registered as "NTop"
G4WT17 > Accumulable registered as "NEventsWithHits"
G4WT17 > Accumulable registered as "NScintPhotons"
G4WT4 > Accumulable registered as "NEndLeft"
G4WT4 > Accumulable registered as "NEndRight"
G4WT4 > Accumulable registered as "NTop"
G4WT4 > Accumulable registered as "NEventsWithHits"
G4WT4 > Accumulable registered as "NScintPhotons"
G4WT19 > Accumulable registered as "NEndLeft"
G4WT19 > Accumulable registered as "NEndRight"
G4WT19 > Accumulable registered as "NTop"
G4WT19 > Accumulable registered as "NEventsWithHits"
G4WT19 > Accumulable registered as "NScintPhotons"
G4WT8 > Accumulable registered as "NEndLeft"
G4WT8 > Accumulable registered as "NEndRight"
G4WT8 > Accumulable registered as "NTop"
G4WT8 > Accumulable registered as "NEventsWithHits"
G4WT8 > Accumulable registered as "NScintPhotons"
G4WT10 > Accumulable registered as "NEndLeft"
G4WT10 > Accumulable registered as "NEndRight"
G4WT10 > Accumulable registered as "NTop"
G4WT10 > Accumulable registered as "NEventsWithHits"
G4WT10 > Accumulable registered as "NScintPhotons"
G4WT18 > Accumulable registered as "NEndLeft"
G4WT18 > Accumulable registered as "NEndRight"
G4WT18 > Accumulable registered as "NTop"
G4WT18 > Accumulable registered as "NEventsWithHits"
G4WT18 > Accumulable registered as "NScintPhotons"
G4WT12 > Accumulable registered as "NEndLeft"
G4WT12 > Accumulable registered as "NEndRight"
G4WT12 > Accumulable registered as "NTop"
G4WT12 > Accumulable registered as "NEventsWithHits"
G4WT12 > Accumulable registered as "NScintPhotons"
G4WT3 > Accumulable registered as "NEndLeft"
G4WT3 > Accumulable registered as "NEndRight"
G4WT3 > Accumulable registered as "NTop"
G4WT3 > Accumulable registered as "NEventsWithHits"
G4WT3 > Accumulable registered as "NScintPhotons"

=== Active Scintillator Baseline ===
  SSLG4 code            : OPSC-101
  Yield                 : 10400 ph/MeV
  Rise time tau_r       : 0.7 ns
  Decay time tau_d      : 1.8 ns
  Attenuation length    : 160 cm
  Emission peak lambda  : 408.8 nm
  Finite rise time      : enabled
=====================================

=== Active Readout / Wrapping Configuration ===
  Readout configuration : Top
  SiPM model            : AFBR-S4N66P024M
  SiPM PDE file         : /home/rrios/ej200/data/sipm/AFBR-S4N66P024M_pde.txt
  -X face               : wrapped
  +X face               : wrapped
  -Y face               : wrapped
  +Y face               : instrumented
  -Z face               : wrapped
  +Z face               : wrapped
  Reflector R           : 0.98
  Active End SiPMs      : 0 (L=0, R=0)
  Active Top SiPMs      : 70
==============================================
G4WT23 > 
=== EJ Scintillator Bar Run Summary ===
  Run ID                : 0
  Events run            : 162
  Events with ≥1 hit    : 162
  End-left  photons     : 0
  End-right photons     : 0
  Top SiPM  photons     : 762596
  Scint photons generated: 3148997
  Total photons detected : 762596
  Detection efficiency   : 24.2171 %
  ROOT output           : photon_hits_run000.root
==============================

G4WT22 > 
=== EJ Scintillator Bar Run Summary ===
  Run ID                : 0
  Events run            : 108
  Events with ≥1 hit    : 108
  End-left  photons     : 0
  End-right photons     : 0
  Top SiPM  photons     : 524369
  Scint photons generated: 2162687
  Total photons detected : 524369
  Detection efficiency   : 24.2462 %
  ROOT output           : photon_hits_run000.root
==============================

G4WT13 > 
=== EJ Scintillator Bar Run Summary ===
  Run ID                : 0
  Events run            : 108
  Events with ≥1 hit    : 108
  End-left  photons     : 0
  End-right photons     : 0
  Top SiPM  photons     : 521856
  Scint photons generated: 2157071
  Total photons detected : 521856
  Detection efficiency   : 24.1928 %
  ROOT output           : photon_hits_run000.root
==============================

G4WT19 > 
=== EJ Scintillator Bar Run Summary ===
  Run ID                : 0
  Events run            : 162
  Events with ≥1 hit    : 162
  End-left  photons     : 0
  End-right photons     : 0
  Top SiPM  photons     : 808217
  Scint photons generated: 3340107
  Total photons detected : 808217
  Detection efficiency   : 24.1973 %
  ROOT output           : photon_hits_run000.root
==============================

G4WT3 > 
=== EJ Scintillator Bar Run Summary ===
  Run ID                : 0
  Events run            : 162
  Events with ≥1 hit    : 162
  End-left  photons     : 0
  End-right photons     : 0
  Top SiPM  photons     : 748303
  Scint photons generated: 3089816
  Total photons detected : 748303
  Detection efficiency   : 24.2184 %
  ROOT output           : photon_hits_run000.root
==============================

G4WT18 > 
=== EJ Scintillator Bar Run Summary ===
  Run ID                : 0
  Events run            : 108
  Events with ≥1 hit    : 108
  End-left  photons     : 0
  End-right photons     : 0
  Top SiPM  photons     : 542498
  Scint photons generated: 2242948
  Total photons detected : 542498
  Detection efficiency   : 24.1868 %
  ROOT output           : photon_hits_run000.root
==============================

G4WT1 > 
=== EJ Scintillator Bar Run Summary ===
  Run ID                : 0
  Events run            : 162
  Events with ≥1 hit    : 162
  End-left  photons     : 0
  End-right photons     : 0
  Top SiPM  photons     : 766495
  Scint photons generated: 3168015
  Total photons detected : 766495
  Detection efficiency   : 24.1948 %
  ROOT output           : photon_hits_run000.root
==============================

G4WT15 > 
=== EJ Scintillator Bar Run Summary ===
  Run ID                : 0
  Events run            : 108
  Events with ≥1 hit    : 108
  End-left  photons     : 0
  End-right photons     : 0
  Top SiPM  photons     : 522892
  Scint photons generated: 2155705
  Total photons detected : 522892
  Detection efficiency   : 24.2562 %
  ROOT output           : photon_hits_run000.root
==============================

G4WT7 > 
=== EJ Scintillator Bar Run Summary ===
  Run ID                : 0
  Events run            : 108
  Events with ≥1 hit    : 108
  End-left  photons     : 0
  End-right photons     : 0
  Top SiPM  photons     : 525073
  Scint photons generated: 2166264
  Total photons detected : 525073
  Detection efficiency   : 24.2386 %
  ROOT output           : photon_hits_run000.root
==============================

G4WT8 > 
=== EJ Scintillator Bar Run Summary ===
  Run ID                : 0
  Events run            : 162
  Events with ≥1 hit    : 162
  End-left  photons     : 0
  End-right photons     : 0
  Top SiPM  photons     : 782622
  Scint photons generated: 3233127
  Total photons detected : 782622
  Detection efficiency   : 24.2063 %
  ROOT output           : photon_hits_run000.root
==============================

G4WT17 > 
=== EJ Scintillator Bar Run Summary ===
  Run ID                : 0
  Events run            : 162
  Events with ≥1 hit    : 162
  End-left  photons     : 0
  End-right photons     : 0
  Top SiPM  photons     : 749795
  Scint photons generated: 3092761
  Total photons detected : 749795
  Detection efficiency   : 24.2435 %
  ROOT output           : photon_hits_run000.root
==============================

G4WT21 > 
=== EJ Scintillator Bar Run Summary ===
  Run ID                : 0
  Events run            : 138
  Events with ≥1 hit    : 138
  End-left  photons     : 0
  End-right photons     : 0
  Top SiPM  photons     : 660067
  Scint photons generated: 2725852
  Total photons detected : 660067
  Detection efficiency   : 24.2151 %
  ROOT output           : photon_hits_run000.root
==============================

G4WT20 > 
=== EJ Scintillator Bar Run Summary ===
  Run ID                : 0
  Events run            : 108
  Events with ≥1 hit    : 108
  End-left  photons     : 0
  End-right photons     : 0
  Top SiPM  photons     : 516924
  Scint photons generated: 2129783
  Total photons detected : 516924
  Detection efficiency   : 24.2712 %
  ROOT output           : photon_hits_run000.root
==============================

G4WT2 > 
=== EJ Scintillator Bar Run Summary ===
  Run ID                : 0
  Events run            : 108
  Events with ≥1 hit    : 108
  End-left  photons     : 0
  End-right photons     : 0
  Top SiPM  photons     : 526763
  Scint photons generated: 2182061
  Total photons detected : 526763
  Detection efficiency   : 24.1406 %
  ROOT output           : photon_hits_run000.root
==============================

G4WT0 > 
=== EJ Scintillator Bar Run Summary ===
  Run ID                : 0
  Events run            : 108
  Events with ≥1 hit    : 108
  End-left  photons     : 0
  End-right photons     : 0
  Top SiPM  photons     : 516585
  Scint photons generated: 2131673
  Total photons detected : 516585
  Detection efficiency   : 24.2338 %
  ROOT output           : photon_hits_run000.root
==============================

G4WT16 > 
=== EJ Scintillator Bar Run Summary ===
  Run ID                : 0
  Events run            : 108
  Events with ≥1 hit    : 108
  End-left  photons     : 0
  End-right photons     : 0
  Top SiPM  photons     : 522553
  Scint photons generated: 2155402
  Total photons detected : 522553
  Detection efficiency   : 24.2439 %
  ROOT output           : photon_hits_run000.root
==============================

G4WT6 > 
=== EJ Scintillator Bar Run Summary ===
  Run ID                : 0
  Events run            : 162
  Events with ≥1 hit    : 162
  End-left  photons     : 0
  End-right photons     : 0
  Top SiPM  photons     : 768909
  Scint photons generated: 3178218
  Total photons detected : 768909
  Detection efficiency   : 24.1931 %
  ROOT output           : photon_hits_run000.root
==============================

G4WT14 > 
=== EJ Scintillator Bar Run Summary ===
  Run ID                : 0
  Events run            : 108
  Events with ≥1 hit    : 108
  End-left  photons     : 0
  End-right photons     : 0
  Top SiPM  photons     : 530556
  Scint photons generated: 2195109
  Total photons detected : 530556
  Detection efficiency   : 24.1699 %
  ROOT output           : photon_hits_run000.root
==============================

G4WT4 > 
=== EJ Scintillator Bar Run Summary ===
  Run ID                : 0
  Events run            : 108
  Events with ≥1 hit    : 108
  End-left  photons     : 0
  End-right photons     : 0
  Top SiPM  photons     : 530565
  Scint photons generated: 2192770
  Total photons detected : 530565
  Detection efficiency   : 24.1961 %
  ROOT output           : photon_hits_run000.root
==============================

G4WT5 > 
=== EJ Scintillator Bar Run Summary ===
  Run ID                : 0
  Events run            : 108
  Events with ≥1 hit    : 108
  End-left  photons     : 0
  End-right photons     : 0
  Top SiPM  photons     : 516868
  Scint photons generated: 2135712
  Total photons detected : 516868
  Detection efficiency   : 24.2012 %
  ROOT output           : photon_hits_run000.root
==============================

G4WT11 > 
=== EJ Scintillator Bar Run Summary ===
  Run ID                : 0
  Events run            : 108
  Events with ≥1 hit    : 108
  End-left  photons     : 0
  End-right photons     : 0
  Top SiPM  photons     : 537375
  Scint photons generated: 2224292
  Total photons detected : 537375
  Detection efficiency   : 24.1594 %
  ROOT output           : photon_hits_run000.root
==============================

G4WT10 > 
=== EJ Scintillator Bar Run Summary ===
  Run ID                : 0
  Events run            : 108
  Events with ≥1 hit    : 108
  End-left  photons     : 0
  End-right photons     : 0
  Top SiPM  photons     : 518968
  Scint photons generated: 2142083
  Total photons detected : 518968
  Detection efficiency   : 24.2273 %
  ROOT output           : photon_hits_run000.root
==============================

G4WT12 > 
=== EJ Scintillator Bar Run Summary ===
  Run ID                : 0
  Events run            : 108
  Events with ≥1 hit    : 108
  End-left  photons     : 0
  End-right photons     : 0
  Top SiPM  photons     : 528079
  Scint photons generated: 2185251
  Total photons detected : 528079
  Detection efficiency   : 24.1656 %
  ROOT output           : photon_hits_run000.root
==============================

G4WT9 > 
=== EJ Scintillator Bar Run Summary ===
  Run ID                : 0
  Events run            : 108
  Events with ≥1 hit    : 108
  End-left  photons     : 0
  End-right photons     : 0
  Top SiPM  photons     : 534658
  Scint photons generated: 2208664
  Total photons detected : 534658
  Detection efficiency   : 24.2073 %
  ROOT output           : photon_hits_run000.root
==============================


=== EJ Scintillator Bar Run Summary ===
  Run ID                : 0
  Events run            : 3000
  Events with ≥1 hit    : 3000
  End-left  photons     : 0
  End-right photons     : 0
  Top SiPM  photons     : 14463586
  Scint photons generated: 59744368
  Total photons detected : 14463586
  Detection efficiency   : 24.2091 %
  ROOT output           : photon_hits_run000.root
==============================


=== Boundary Census (diagnostic) ===
  Bar -> reflector panel   : 1135261552
  Bar -> World (escaped)   : 0
  Bar -> Bar (TIR/refl)    : 0
  Bar -> SiPM (entering)   : 23126833
  Killed in WorldLV        : 140656
====================================

[2026-06-12T00:34:09] DONE pairscan_x-460.0mm (entries=14463586.0)
[2026-06-12T00:34:09] START pairscan_x-461.0mm (x=-461.0 mm)

**************************************************************
 Geant4 version Name: geant4-11-04 [MT]   (5-December-2025)
  << in Multi-threaded mode >> 
                       Copyright : Geant4 Collaboration
                      References : NIM A 506 (2003), 250-303
                                 : IEEE-TNS 53 (2006), 270-278
                                 : NIM A 835 (2016), 186-225
                             WWW : http://geant4.org/
**************************************************************

Accumulable registered as "NEndLeft"
Accumulable registered as "NEndRight"
Accumulable registered as "NTop"
Accumulable registered as "NEventsWithHits"
Accumulable registered as "NScintPhotons"

-------- WWWW ------- G4Exception-START -------- WWWW -------
*** G4Exception : mat031
      issued by : G4Material::FillVectors()
For material opsc-101 sum of fractional masses 0.996667 is not 1 - results may be wrong

*** This is just a warning message. ***
-------- WWWW -------- G4Exception-END --------- WWWW -------

Checking overlaps for volume BarPV:0 (G4Box) ... OK! 
Checking overlaps for volume ReflectorYMinusPV:0 (G4Box) ... OK! 
Checking overlaps for volume ReflectorZMinusPV:3 (G4Box) ... OK! 
Checking overlaps for volume ReflectorZPlusPV:4 (G4Box) ... OK! 
Checking overlaps for volume ReflectorYPlusPV:5 (G4SubtractionSolid) ... OK! 
Checking overlaps for volume ReflectorXMinusPV:1 (G4Box) ... OK! 
Checking overlaps for volume ReflectorXPlusPV:2 (G4Box) ... OK! 
Checking overlaps for volume TopSiPMPV:16 (G4Box) ... OK! 
Checking overlaps for volume TopSiPMPV:17 (G4Box) ... OK! 
Checking overlaps for volume TopSiPMPV:18 (G4Box) ... OK! 
Checking overlaps for volume TopSiPMPV:19 (G4Box) ... OK! 
Checking overlaps for volume TopSiPMPV:20 (G4Box) ... OK! 
Checking overlaps for volume TopSiPMPV:21 (G4Box) ... OK! 
Checking overlaps for volume TopSiPMPV:22 (G4Box) ... OK! 
Checking overlaps for volume TopSiPMPV:23 (G4Box) ... OK! 
Checking overlaps for volume TopSiPMPV:24 (G4Box) ... OK! 
Checking overlaps for volume TopSiPMPV:25 (G4Box) ... OK! 
Checking overlaps for volume TopSiPMPV:26 (G4Box) ... OK! 
Checking overlaps for volume TopSiPMPV:27 (G4Box) ... OK! 
Checking overlaps for volume TopSiPMPV:28 (G4Box) ... OK! 
Checking overlaps for volume TopSiPMPV:29 (G4Box) ... OK! 
Checking overlaps for volume TopSiPMPV:30 (G4Box) ... OK! 
Checking overlaps for volume TopSiPMPV:31 (G4Box) ... OK! 
Checking overlaps for volume TopSiPMPV:32 (G4Box) ... OK! 
Checking overlaps for volume TopSiPMPV:33 (G4Box) ... OK! 
Checking overlaps for volume TopSiPMPV:34 (G4Box) ... OK! 
Checking overlaps for volume TopSiPMPV:35 (G4Box) ... OK! 
Checking overlaps for volume TopSiPMPV:36 (G4Box) ... OK! 
Checking overlaps for volume TopSiPMPV:37 (G4Box) ... OK! 
Checking overlaps for volume TopSiPMPV:38 (G4Box) ... OK! 
Checking overlaps for volume TopSiPMPV:39 (G4Box) ... OK! 
Checking overlaps for volume TopSiPMPV:40 (G4Box) ... OK! 
Checking overlaps for volume TopSiPMPV:41 (G4Box) ... OK! 
Checking overlaps for volume TopSiPMPV:42 (G4Box) ... OK! 
Checking overlaps for volume TopSiPMPV:43 (G4Box) ... OK! 
Checking overlaps for volume TopSiPMPV:44 (G4Box) ... OK! 
Checking overlaps for volume TopSiPMPV:45 (G4Box) ... OK! 
Checking overlaps for volume TopSiPMPV:46 (G4Box) ... OK! 
Checking overlaps for volume TopSiPMPV:47 (G4Box) ... OK! 
Checking overlaps for volume TopSiPMPV:48 (G4Box) ... OK! 
Checking overlaps for volume TopSiPMPV:49 (G4Box) ... OK! 
Checking overlaps for volume TopSiPMPV:50 (G4Box) ... OK! 
Checking overlaps for volume TopSiPMPV:51 (G4Box) ... OK! 
Checking overlaps for volume TopSiPMPV:52 (G4Box) ... OK! 
Checking overlaps for volume TopSiPMPV:53 (G4Box) ... OK! 
Checking overlaps for volume TopSiPMPV:54 (G4Box) ... OK! 
Checking overlaps for volume TopSiPMPV:55 (G4Box) ... OK! 
Checking overlaps for volume TopSiPMPV:56 (G4Box) ... OK! 
Checking overlaps for volume TopSiPMPV:57 (G4Box) ... OK! 
Checking overlaps for volume TopSiPMPV:58 (G4Box) ... OK! 
Checking overlaps for volume TopSiPMPV:59 (G4Box) ... OK! 
Checking overlaps for volume TopSiPMPV:60 (G4Box) ... OK! 
Checking overlaps for volume TopSiPMPV:61 (G4Box) ... OK! 
Checking overlaps for volume TopSiPMPV:62 (G4Box) ... OK! 
Checking overlaps for volume TopSiPMPV:63 (G4Box) ... OK! 
Checking overlaps for volume TopSiPMPV:64 (G4Box) ... OK! 
Checking overlaps for volume TopSiPMPV:65 (G4Box) ... OK! 
Checking overlaps for volume TopSiPMPV:66 (G4Box) ... OK! 
Checking overlaps for volume TopSiPMPV:67 (G4Box) ... OK! 
Checking overlaps for volume TopSiPMPV:68 (G4Box) ... OK! 
Checking overlaps for volume TopSiPMPV:69 (G4Box) ... OK! 
Checking overlaps for volume TopSiPMPV:70 (G4Box) ... OK! 
Checking overlaps for volume TopSiPMPV:71 (G4Box) ... OK! 
Checking overlaps for volume TopSiPMPV:72 (G4Box) ... OK! 
Checking overlaps for volume TopSiPMPV:73 (G4Box) ... OK! 
Checking overlaps for volume TopSiPMPV:74 (G4Box) ... OK! 
Checking overlaps for volume TopSiPMPV:75 (G4Box) ... OK! 
Checking overlaps for volume TopSiPMPV:76 (G4Box) ... OK! 
Checking overlaps for volume TopSiPMPV:77 (G4Box) ... OK! 
Checking overlaps for volume TopSiPMPV:78 (G4Box) ... OK! 
Checking overlaps for volume TopSiPMPV:79 (G4Box) ... OK! 
Checking overlaps for volume TopSiPMPV:80 (G4Box) ... OK! 
Checking overlaps for volume TopSiPMPV:81 (G4Box) ... OK! 
Checking overlaps for volume TopSiPMPV:82 (G4Box) ... OK! 
Checking overlaps for volume TopSiPMPV:83 (G4Box) ... OK! 
Checking overlaps for volume TopSiPMPV:84 (G4Box) ... OK! 
Checking overlaps for volume TopSiPMPV:85 (G4Box) ... OK! 
### Birks coefficients used in run time
G4WT19 > Accumulable registered as "NEndLeft"
G4WT23 > Accumulable registered as "NEndLeft"
G4WT23 > Accumulable registered as "NEndRight"
G4WT23 > Accumulable registered as "NTop"
G4WT19 > Accumulable registered as "NEndRight"
G4WT19 > Accumulable registered as "NTop"
G4WT23 > Accumulable registered as "NEventsWithHits"
G4WT23 > Accumulable registered as "NScintPhotons"
G4WT19 > Accumulable registered as "NEventsWithHits"
G4WT19 > Accumulable registered as "NScintPhotons"
G4WT15 > Accumulable registered as "NEndLeft"
G4WT15 > Accumulable registered as "NEndRight"
G4WT15 > Accumulable registered as "NTop"
G4WT15 > Accumulable registered as "NEventsWithHits"
G4WT15 > Accumulable registered as "NScintPhotons"
G4WT13 > Accumulable registered as "NEndLeft"
G4WT13 > Accumulable registered as "NEndRight"
G4WT13 > Accumulable registered as "NTop"
G4WT13 > Accumulable registered as "NEventsWithHits"
G4WT13 > Accumulable registered as "NScintPhotons"
G4WT17 > Accumulable registered as "NEndLeft"
G4WT17 > Accumulable registered as "NEndRight"
G4WT17 > Accumulable registered as "NTop"
G4WT17 > Accumulable registered as "NEventsWithHits"
G4WT17 > Accumulable registered as "NScintPhotons"
G4WT18 > Accumulable registered as "NEndLeft"
G4WT18 > Accumulable registered as "NEndRight"
G4WT18 > Accumulable registered as "NTop"
G4WT18 > Accumulable registered as "NEventsWithHits"
G4WT18 > Accumulable registered as "NScintPhotons"
G4WT0 > Accumulable registered as "NEndLeft"
G4WT0 > Accumulable registered as "NEndRight"
G4WT0 > Accumulable registered as "NTop"
G4WT0 > Accumulable registered as "NEventsWithHits"
G4WT0 > Accumulable registered as "NScintPhotons"
G4WT1 > Accumulable registered as "NEndLeft"
G4WT1 > Accumulable registered as "NEndRight"
G4WT1 > Accumulable registered as "NTop"
G4WT1 > Accumulable registered as "NEventsWithHits"
G4WT1 > Accumulable registered as "NScintPhotons"
G4WT9 > Accumulable registered as "NEndLeft"
G4WT9 > Accumulable registered as "NEndRight"
G4WT9 > Accumulable registered as "NTop"
G4WT9 > Accumulable registered as "NEventsWithHits"
G4WT9 > Accumulable registered as "NScintPhotons"
G4WT2 > Accumulable registered as "NEndLeft"
G4WT2 > Accumulable registered as "NEndRight"
G4WT2 > Accumulable registered as "NTop"
G4WT2 > Accumulable registered as "NEventsWithHits"
G4WT2 > Accumulable registered as "NScintPhotons"
G4WT12 > Accumulable registered as "NEndLeft"
G4WT20 > Accumulable registered as "NEndLeft"
G4WT20 > Accumulable registered as "NEndRight"
G4WT20 > Accumulable registered as "NTop"
G4WT12 > Accumulable registered as "NEndRight"
G4WT12 > Accumulable registered as "NTop"
G4WT20 > Accumulable registered as "NEventsWithHits"
G4WT20 > Accumulable registered as "NScintPhotons"
G4WT12 > Accumulable registered as "NEventsWithHits"
G4WT12 > Accumulable registered as "NScintPhotons"
G4WT4 > Accumulable registered as "NEndLeft"
G4WT4 > Accumulable registered as "NEndRight"
G4WT4 > Accumulable registered as "NTop"
G4WT4 > Accumulable registered as "NEventsWithHits"
G4WT4 > Accumulable registered as "NScintPhotons"
G4WT22 > Accumulable registered as "NEndLeft"
G4WT22 > Accumulable registered as "NEndRight"
G4WT22 > Accumulable registered as "NTop"
G4WT22 > Accumulable registered as "NEventsWithHits"
G4WT22 > Accumulable registered as "NScintPhotons"
G4WT11 > Accumulable registered as "NEndLeft"
G4WT11 > Accumulable registered as "NEndRight"
G4WT11 > Accumulable registered as "NTop"
G4WT11 > Accumulable registered as "NEventsWithHits"
G4WT11 > Accumulable registered as "NScintPhotons"
G4WT3 > Accumulable registered as "NEndLeft"
G4WT3 > Accumulable registered as "NEndRight"
G4WT3 > Accumulable registered as "NTop"
G4WT3 > Accumulable registered as "NEventsWithHits"
G4WT3 > Accumulable registered as "NScintPhotons"
G4WT14 > Accumulable registered as "NEndLeft"
G4WT14 > Accumulable registered as "NEndRight"
G4WT14 > Accumulable registered as "NTop"
G4WT14 > Accumulable registered as "NEventsWithHits"
G4WT14 > Accumulable registered as "NScintPhotons"
G4WT5 > Accumulable registered as "NEndLeft"
G4WT5 > Accumulable registered as "NEndRight"
G4WT5 > Accumulable registered as "NTop"
G4WT5 > Accumulable registered as "NEventsWithHits"
G4WT5 > Accumulable registered as "NScintPhotons"
G4WT6 > Accumulable registered as "NEndLeft"
G4WT6 > Accumulable registered as "NEndRight"
G4WT6 > Accumulable registered as "NTop"
G4WT6 > Accumulable registered as "NEventsWithHits"
G4WT6 > Accumulable registered as "NScintPhotons"
G4WT21 > Accumulable registered as "NEndLeft"
G4WT21 > Accumulable registered as "NEndRight"
G4WT21 > Accumulable registered as "NTop"
G4WT21 > Accumulable registered as "NEventsWithHits"
G4WT21 > Accumulable registered as "NScintPhotons"
G4WT7 > Accumulable registered as "NEndLeft"
G4WT7 > Accumulable registered as "NEndRight"
G4WT7 > Accumulable registered as "NTop"
G4WT7 > Accumulable registered as "NEventsWithHits"
G4WT7 > Accumulable registered as "NScintPhotons"
G4WT8 > Accumulable registered as "NEndLeft"
G4WT8 > Accumulable registered as "NEndRight"
G4WT8 > Accumulable registered as "NTop"
G4WT8 > Accumulable registered as "NEventsWithHits"
G4WT8 > Accumulable registered as "NScintPhotons"
G4WT10 > Accumulable registered as "NEndLeft"
G4WT10 > Accumulable registered as "NEndRight"
G4WT10 > Accumulable registered as "NTop"
G4WT10 > Accumulable registered as "NEventsWithHits"
G4WT10 > Accumulable registered as "NScintPhotons"
G4WT16 > Accumulable registered as "NEndLeft"
G4WT16 > Accumulable registered as "NEndRight"
G4WT16 > Accumulable registered as "NTop"
G4WT16 > Accumulable registered as "NEventsWithHits"
G4WT16 > Accumulable registered as "NScintPhotons"

=== Active Scintillator Baseline ===
  SSLG4 code            : OPSC-101
  Yield                 : 10400 ph/MeV
  Rise time tau_r       : 0.7 ns
  Decay time tau_d      : 1.8 ns
  Attenuation length    : 160 cm
  Emission peak lambda  : 408.8 nm
  Finite rise time      : enabled
=====================================

=== Active Readout / Wrapping Configuration ===
  Readout configuration : Top
  SiPM model            : AFBR-S4N66P024M
  SiPM PDE file         : /home/rrios/ej200/data/sipm/AFBR-S4N66P024M_pde.txt
  -X face               : wrapped
  +X face               : wrapped
  -Y face               : wrapped
  +Y face               : instrumented
  -Z face               : wrapped
  +Z face               : wrapped
  Reflector R           : 0.98
  Active End SiPMs      : 0 (L=0, R=0)
  Active Top SiPMs      : 70
==============================================
G4WT17 > 
=== EJ Scintillator Bar Run Summary ===
  Run ID                : 0
  Events run            : 108
  Events with ≥1 hit    : 108
  End-left  photons     : 0
  End-right photons     : 0
  Top SiPM  photons     : 512478
  Scint photons generated: 2116853
  Total photons detected : 512478
  Detection efficiency   : 24.2094 %
  ROOT output           : photon_hits_run000.root
==============================

G4WT15 > 
=== EJ Scintillator Bar Run Summary ===
  Run ID                : 0
  Events run            : 108
  Events with ≥1 hit    : 108
  End-left  photons     : 0
  End-right photons     : 0
  Top SiPM  photons     : 539625
  Scint photons generated: 2228332
  Total photons detected : 539625
  Detection efficiency   : 24.2165 %
  ROOT output           : photon_hits_run000.root
==============================

G4WT12 > 
=== EJ Scintillator Bar Run Summary ===
  Run ID                : 0
  Events run            : 162
  Events with ≥1 hit    : 162
  End-left  photons     : 0
  End-right photons     : 0
  Top SiPM  photons     : 774245
  Scint photons generated: 3194111
  Total photons detected : 774245
  Detection efficiency   : 24.2398 %
  ROOT output           : photon_hits_run000.root
==============================

G4WT10 > 
=== EJ Scintillator Bar Run Summary ===
  Run ID                : 0
  Events run            : 108
  Events with ≥1 hit    : 108
  End-left  photons     : 0
  End-right photons     : 0
  Top SiPM  photons     : 537344
  Scint photons generated: 2211803
  Total photons detected : 537344
  Detection efficiency   : 24.2944 %
  ROOT output           : photon_hits_run000.root
==============================

G4WT20 > 
=== EJ Scintillator Bar Run Summary ===
  Run ID                : 0
  Events run            : 162
  Events with ≥1 hit    : 162
  End-left  photons     : 0
  End-right photons     : 0
  Top SiPM  photons     : 805080
  Scint photons generated: 3323852
  Total photons detected : 805080
  Detection efficiency   : 24.2213 %
  ROOT output           : photon_hits_run000.root
==============================

G4WT2 > 
=== EJ Scintillator Bar Run Summary ===
  Run ID                : 0
  Events run            : 108
  Events with ≥1 hit    : 108
  End-left  photons     : 0
  End-right photons     : 0
  Top SiPM  photons     : 526536
  Scint photons generated: 2172655
  Total photons detected : 526536
  Detection efficiency   : 24.2347 %
  ROOT output           : photon_hits_run000.root
==============================

G4WT4 > 
=== EJ Scintillator Bar Run Summary ===
  Run ID                : 0
  Events run            : 162
  Events with ≥1 hit    : 162
  End-left  photons     : 0
  End-right photons     : 0
  Top SiPM  photons     : 782157
  Scint photons generated: 3228985
  Total photons detected : 782157
  Detection efficiency   : 24.2230 %
  ROOT output           : photon_hits_run000.root
==============================

G4WT14 > 
=== EJ Scintillator Bar Run Summary ===
  Run ID                : 0
  Events run            : 108
  Events with ≥1 hit    : 108
  End-left  photons     : 0
  End-right photons     : 0
  Top SiPM  photons     : 545511
  Scint photons generated: 2250363
  Total photons detected : 545511
  Detection efficiency   : 24.2410 %
  ROOT output           : photon_hits_run000.root
==============================

G4WT11 > 
=== EJ Scintillator Bar Run Summary ===
  Run ID                : 0
  Events run            : 108
  Events with ≥1 hit    : 108
  End-left  photons     : 0
  End-right photons     : 0
  Top SiPM  photons     : 525907
  Scint photons generated: 2167284
  Total photons detected : 525907
  Detection efficiency   : 24.2657 %
  ROOT output           : photon_hits_run000.root
==============================

G4WT13 > 
=== EJ Scintillator Bar Run Summary ===
  Run ID                : 0
  Events run            : 162
  Events with ≥1 hit    : 162
  End-left  photons     : 0
  End-right photons     : 0
  Top SiPM  photons     : 777637
  Scint photons generated: 3208587
  Total photons detected : 777637
  Detection efficiency   : 24.2361 %
  ROOT output           : photon_hits_run000.root
==============================

G4WT5 > 
=== EJ Scintillator Bar Run Summary ===
  Run ID                : 0
  Events run            : 108
  Events with ≥1 hit    : 108
  End-left  photons     : 0
  End-right photons     : 0
  Top SiPM  photons     : 523151
  Scint photons generated: 2159705
  Total photons detected : 523151
  Detection efficiency   : 24.2233 %
  ROOT output           : photon_hits_run000.root
==============================

G4WT3 > 
=== EJ Scintillator Bar Run Summary ===
  Run ID                : 0
  Events run            : 138
  Events with ≥1 hit    : 138
  End-left  photons     : 0
  End-right photons     : 0
  Top SiPM  photons     : 656080
  Scint photons generated: 2704334
  Total photons detected : 656080
  Detection efficiency   : 24.2603 %
  ROOT output           : photon_hits_run000.root
==============================

G4WT6 > 
=== EJ Scintillator Bar Run Summary ===
  Run ID                : 0
  Events run            : 108
  Events with ≥1 hit    : 108
  End-left  photons     : 0
  End-right photons     : 0
  Top SiPM  photons     : 526794
  Scint photons generated: 2171823
  Total photons detected : 526794
  Detection efficiency   : 24.2558 %
  ROOT output           : photon_hits_run000.root
==============================

G4WT21 > 
=== EJ Scintillator Bar Run Summary ===
  Run ID                : 0
  Events run            : 108
  Events with ≥1 hit    : 108
  End-left  photons     : 0
  End-right photons     : 0
  Top SiPM  photons     : 544874
  Scint photons generated: 2245733
  Total photons detected : 544874
  Detection efficiency   : 24.2626 %
  ROOT output           : photon_hits_run000.root
==============================

G4WT22 > 
=== EJ Scintillator Bar Run Summary ===
  Run ID                : 0
  Events run            : 108
  Events with ≥1 hit    : 108
  End-left  photons     : 0
  End-right photons     : 0
  Top SiPM  photons     : 529445
  Scint photons generated: 2186104
  Total photons detected : 529445
  Detection efficiency   : 24.2187 %
  ROOT output           : photon_hits_run000.root
==============================

G4WT16 > 
=== EJ Scintillator Bar Run Summary ===
  Run ID                : 0
  Events run            : 108
  Events with ≥1 hit    : 108
  End-left  photons     : 0
  End-right photons     : 0
  Top SiPM  photons     : 524530
  Scint photons generated: 2158726
  Total photons detected : 524530
  Detection efficiency   : 24.2981 %
  ROOT output           : photon_hits_run000.root
==============================

G4WT0 > 
=== EJ Scintillator Bar Run Summary ===
  Run ID                : 0
  Events run            : 162
  Events with ≥1 hit    : 162
  End-left  photons     : 0
  End-right photons     : 0
  Top SiPM  photons     : 778248
  Scint photons generated: 3202935
  Total photons detected : 778248
  Detection efficiency   : 24.2980 %
  ROOT output           : photon_hits_run000.root
==============================

G4WT18 > 
=== EJ Scintillator Bar Run Summary ===
  Run ID                : 0
  Events run            : 162
  Events with ≥1 hit    : 162
  End-left  photons     : 0
  End-right photons     : 0
  Top SiPM  photons     : 781392
  Scint photons generated: 3228700
  Total photons detected : 781392
  Detection efficiency   : 24.2014 %
  ROOT output           : photon_hits_run000.root
==============================

G4WT19 > 
=== EJ Scintillator Bar Run Summary ===
  Run ID                : 0
  Events run            : 162
  Events with ≥1 hit    : 162
  End-left  photons     : 0
  End-right photons     : 0
  Top SiPM  photons     : 765002
  Scint photons generated: 3150316
  Total photons detected : 765002
  Detection efficiency   : 24.2833 %
  ROOT output           : photon_hits_run000.root
==============================

G4WT23 > 
=== EJ Scintillator Bar Run Summary ===
  Run ID                : 0
  Events run            : 108
  Events with ≥1 hit    : 108
  End-left  photons     : 0
  End-right photons     : 0
  Top SiPM  photons     : 530806
  Scint photons generated: 2190672
  Total photons detected : 530806
  Detection efficiency   : 24.2303 %
  ROOT output           : photon_hits_run000.root
==============================

G4WT1 > 
=== EJ Scintillator Bar Run Summary ===
  Run ID                : 0
  Events run            : 108
  Events with ≥1 hit    : 108
  End-left  photons     : 0
  End-right photons     : 0
  Top SiPM  photons     : 531921
  Scint photons generated: 2195130
  Total photons detected : 531921
  Detection efficiency   : 24.2319 %
  ROOT output           : photon_hits_run000.root
==============================

G4WT7 > 
=== EJ Scintillator Bar Run Summary ===
  Run ID                : 0
  Events run            : 108
  Events with ≥1 hit    : 108
  End-left  photons     : 0
  End-right photons     : 0
  Top SiPM  photons     : 536255
  Scint photons generated: 2208883
  Total photons detected : 536255
  Detection efficiency   : 24.2772 %
  ROOT output           : photon_hits_run000.root
==============================

G4WT9 > 
=== EJ Scintillator Bar Run Summary ===
  Run ID                : 0
  Events run            : 108
  Events with ≥1 hit    : 108
  End-left  photons     : 0
  End-right photons     : 0
  Top SiPM  photons     : 524403
  Scint photons generated: 2163062
  Total photons detected : 524403
  Detection efficiency   : 24.2435 %
  ROOT output           : photon_hits_run000.root
==============================

G4WT8 > 
=== EJ Scintillator Bar Run Summary ===
  Run ID                : 0
  Events run            : 108
  Events with ≥1 hit    : 108
  End-left  photons     : 0
  End-right photons     : 0
  Top SiPM  photons     : 533983
  Scint photons generated: 2200617
  Total photons detected : 533983
  Detection efficiency   : 24.2651 %
  ROOT output           : photon_hits_run000.root
==============================


=== EJ Scintillator Bar Run Summary ===
  Run ID                : 0
  Events run            : 3000
  Events with ≥1 hit    : 3000
  End-left  photons     : 0
  End-right photons     : 0
  Top SiPM  photons     : 14613404
  Scint photons generated: 60269565
  Total photons detected : 14613404
  Detection efficiency   : 24.2467 %
  ROOT output           : photon_hits_run000.root
==============================


=== Boundary Census (diagnostic) ===
  Bar -> reflector panel   : 1142964555
  Bar -> World (escaped)   : 0
  Bar -> Bar (TIR/refl)    : 0
  Bar -> SiPM (entering)   : 23385384
  Killed in WorldLV        : 142850
====================================

[2026-06-12T00:39:40] DONE pairscan_x-461.0mm (entries=14613404.0)
[2026-06-12T00:39:40] START pairscan_x-462.0mm (x=-462.0 mm)

**************************************************************
 Geant4 version Name: geant4-11-04 [MT]   (5-December-2025)
  << in Multi-threaded mode >> 
                       Copyright : Geant4 Collaboration
                      References : NIM A 506 (2003), 250-303
                                 : IEEE-TNS 53 (2006), 270-278
                                 : NIM A 835 (2016), 186-225
                             WWW : http://geant4.org/
**************************************************************

Accumulable registered as "NEndLeft"
Accumulable registered as "NEndRight"
Accumulable registered as "NTop"
Accumulable registered as "NEventsWithHits"
Accumulable registered as "NScintPhotons"

-------- WWWW ------- G4Exception-START -------- WWWW -------
*** G4Exception : mat031
      issued by : G4Material::FillVectors()
For material opsc-101 sum of fractional masses 0.996667 is not 1 - results may be wrong

*** This is just a warning message. ***
-------- WWWW -------- G4Exception-END --------- WWWW -------

Checking overlaps for volume BarPV:0 (G4Box) ... OK! 
Checking overlaps for volume ReflectorYMinusPV:0 (G4Box) ... OK! 
Checking overlaps for volume ReflectorZMinusPV:3 (G4Box) ... OK! 
Checking overlaps for volume ReflectorZPlusPV:4 (G4Box) ... OK! 
Checking overlaps for volume ReflectorYPlusPV:5 (G4SubtractionSolid) ... OK! 
Checking overlaps for volume ReflectorXMinusPV:1 (G4Box) ... OK! 
Checking overlaps for volume ReflectorXPlusPV:2 (G4Box) ... OK! 
Checking overlaps for volume TopSiPMPV:16 (G4Box) ... OK! 
Checking overlaps for volume TopSiPMPV:17 (G4Box) ... OK! 
Checking overlaps for volume TopSiPMPV:18 (G4Box) ... OK! 
Checking overlaps for volume TopSiPMPV:19 (G4Box) ... OK! 
Checking overlaps for volume TopSiPMPV:20 (G4Box) ... OK! 
Checking overlaps for volume TopSiPMPV:21 (G4Box) ... OK! 
Checking overlaps for volume TopSiPMPV:22 (G4Box) ... OK! 
Checking overlaps for volume TopSiPMPV:23 (G4Box) ... OK! 
Checking overlaps for volume TopSiPMPV:24 (G4Box) ... OK! 
Checking overlaps for volume TopSiPMPV:25 (G4Box) ... OK! 
Checking overlaps for volume TopSiPMPV:26 (G4Box) ... OK! 
Checking overlaps for volume TopSiPMPV:27 (G4Box) ... OK! 
Checking overlaps for volume TopSiPMPV:28 (G4Box) ... OK! 
Checking overlaps for volume TopSiPMPV:29 (G4Box) ... OK! 
Checking overlaps for volume TopSiPMPV:30 (G4Box) ... OK! 
Checking overlaps for volume TopSiPMPV:31 (G4Box) ... OK! 
Checking overlaps for volume TopSiPMPV:32 (G4Box) ... OK! 
Checking overlaps for volume TopSiPMPV:33 (G4Box) ... OK! 
Checking overlaps for volume TopSiPMPV:34 (G4Box) ... OK! 
Checking overlaps for volume TopSiPMPV:35 (G4Box) ... OK! 
Checking overlaps for volume TopSiPMPV:36 (G4Box) ... OK! 
Checking overlaps for volume TopSiPMPV:37 (G4Box) ... OK! 
Checking overlaps for volume TopSiPMPV:38 (G4Box) ... OK! 
Checking overlaps for volume TopSiPMPV:39 (G4Box) ... OK! 
Checking overlaps for volume TopSiPMPV:40 (G4Box) ... OK! 
Checking overlaps for volume TopSiPMPV:41 (G4Box) ... OK! 
Checking overlaps for volume TopSiPMPV:42 (G4Box) ... OK! 
Checking overlaps for volume TopSiPMPV:43 (G4Box) ... OK! 
Checking overlaps for volume TopSiPMPV:44 (G4Box) ... OK! 
Checking overlaps for volume TopSiPMPV:45 (G4Box) ... OK! 
Checking overlaps for volume TopSiPMPV:46 (G4Box) ... OK! 
Checking overlaps for volume TopSiPMPV:47 (G4Box) ... OK! 
Checking overlaps for volume TopSiPMPV:48 (G4Box) ... OK! 
Checking overlaps for volume TopSiPMPV:49 (G4Box) ... OK! 
Checking overlaps for volume TopSiPMPV:50 (G4Box) ... OK! 
Checking overlaps for volume TopSiPMPV:51 (G4Box) ... OK! 
Checking overlaps for volume TopSiPMPV:52 (G4Box) ... OK! 
Checking overlaps for volume TopSiPMPV:53 (G4Box) ... OK! 
Checking overlaps for volume TopSiPMPV:54 (G4Box) ... OK! 
Checking overlaps for volume TopSiPMPV:55 (G4Box) ... OK! 
Checking overlaps for volume TopSiPMPV:56 (G4Box) ... OK! 
Checking overlaps for volume TopSiPMPV:57 (G4Box) ... OK! 
Checking overlaps for volume TopSiPMPV:58 (G4Box) ... OK! 
Checking overlaps for volume TopSiPMPV:59 (G4Box) ... OK! 
Checking overlaps for volume TopSiPMPV:60 (G4Box) ... OK! 
Checking overlaps for volume TopSiPMPV:61 (G4Box) ... OK! 
Checking overlaps for volume TopSiPMPV:62 (G4Box) ... OK! 
Checking overlaps for volume TopSiPMPV:63 (G4Box) ... OK! 
Checking overlaps for volume TopSiPMPV:64 (G4Box) ... OK! 
Checking overlaps for volume TopSiPMPV:65 (G4Box) ... OK! 
Checking overlaps for volume TopSiPMPV:66 (G4Box) ... OK! 
Checking overlaps for volume TopSiPMPV:67 (G4Box) ... OK! 
Checking overlaps for volume TopSiPMPV:68 (G4Box) ... OK! 
Checking overlaps for volume TopSiPMPV:69 (G4Box) ... OK! 
Checking overlaps for volume TopSiPMPV:70 (G4Box) ... OK! 
Checking overlaps for volume TopSiPMPV:71 (G4Box) ... OK! 
Checking overlaps for volume TopSiPMPV:72 (G4Box) ... OK! 
Checking overlaps for volume TopSiPMPV:73 (G4Box) ... OK! 
Checking overlaps for volume TopSiPMPV:74 (G4Box) ... OK! 
Checking overlaps for volume TopSiPMPV:75 (G4Box) ... OK! 
Checking overlaps for volume TopSiPMPV:76 (G4Box) ... OK! 
Checking overlaps for volume TopSiPMPV:77 (G4Box) ... OK! 
Checking overlaps for volume TopSiPMPV:78 (G4Box) ... OK! 
Checking overlaps for volume TopSiPMPV:79 (G4Box) ... OK! 
Checking overlaps for volume TopSiPMPV:80 (G4Box) ... OK! 
Checking overlaps for volume TopSiPMPV:81 (G4Box) ... OK! 
Checking overlaps for volume TopSiPMPV:82 (G4Box) ... OK! 
Checking overlaps for volume TopSiPMPV:83 (G4Box) ... OK! 
Checking overlaps for volume TopSiPMPV:84 (G4Box) ... OK! 
Checking overlaps for volume TopSiPMPV:85 (G4Box) ... OK! 
### Birks coefficients used in run time
G4WT4 > Accumulable registered as "NEndLeft"
G4WT19 > Accumulable registered as "NEndLeft"
G4WT19 > Accumulable registered as "NEndRight"
G4WT4 > Accumulable registered as "NEndRight"
G4WT4 > Accumulable registered as "NTop"
G4WT19 > Accumulable registered as "NTop"
G4WT19 > Accumulable registered as "NEventsWithHits"
G4WT19 > Accumulable registered as "NScintPhotons"
G4WT4 > Accumulable registered as "NEventsWithHits"
G4WT4 > Accumulable registered as "NScintPhotons"
G4WT0 > Accumulable registered as "NEndLeft"
G4WT0 > Accumulable registered as "NEndRight"
G4WT0 > Accumulable registered as "NTop"
G4WT0 > Accumulable registered as "NEventsWithHits"
G4WT0 > Accumulable registered as "NScintPhotons"
G4WT22 > Accumulable registered as "NEndLeft"
G4WT22 > Accumulable registered as "NEndRight"
G4WT22 > Accumulable registered as "NTop"
G4WT22 > Accumulable registered as "NEventsWithHits"
G4WT22 > Accumulable registered as "NScintPhotons"
G4WT9 > Accumulable registered as "NEndLeft"
G4WT9 > Accumulable registered as "NEndRight"
G4WT9 > Accumulable registered as "NTop"
G4WT9 > Accumulable registered as "NEventsWithHits"
G4WT9 > Accumulable registered as "NScintPhotons"
G4WT20 > Accumulable registered as "NEndLeft"
G4WT20 > Accumulable registered as "NEndRight"
G4WT20 > Accumulable registered as "NTop"
G4WT20 > Accumulable registered as "NEventsWithHits"
G4WT20 > Accumulable registered as "NScintPhotons"
G4WT18 > Accumulable registered as "NEndLeft"
G4WT18 > Accumulable registered as "NEndRight"
G4WT18 > Accumulable registered as "NTop"
G4WT18 > Accumulable registered as "NEventsWithHits"
G4WT18 > Accumulable registered as "NScintPhotons"
G4WT21 > Accumulable registered as "NEndLeft"
G4WT21 > Accumulable registered as "NEndRight"
G4WT21 > Accumulable registered as "NTop"
G4WT21 > Accumulable registered as "NEventsWithHits"
G4WT21 > Accumulable registered as "NScintPhotons"
G4WT16 > Accumulable registered as "NEndLeft"
G4WT16 > Accumulable registered as "NEndRight"
G4WT16 > Accumulable registered as "NTop"
G4WT16 > Accumulable registered as "NEventsWithHits"
G4WT16 > Accumulable registered as "NScintPhotons"
G4WT5 > Accumulable registered as "NEndLeft"
G4WT5 > Accumulable registered as "NEndRight"
G4WT5 > Accumulable registered as "NTop"
G4WT5 > Accumulable registered as "NEventsWithHits"
G4WT5 > Accumulable registered as "NScintPhotons"
G4WT8 > Accumulable registered as "NEndLeft"
G4WT8 > Accumulable registered as "NEndRight"
G4WT14 > Accumulable registered as "NEndLeft"
G4WT8 > Accumulable registered as "NTop"
G4WT8 > Accumulable registered as "NEventsWithHits"
G4WT8 > Accumulable registered as "NScintPhotons"
G4WT14 > Accumulable registered as "NEndRight"
G4WT14 > Accumulable registered as "NTop"
G4WT14 > Accumulable registered as "NEventsWithHits"
G4WT14 > Accumulable registered as "NScintPhotons"
G4WT15 > Accumulable registered as "NEndLeft"
G4WT15 > Accumulable registered as "NEndRight"
G4WT15 > Accumulable registered as "NTop"
G4WT12 > Accumulable registered as "NEndLeft"
G4WT15 > Accumulable registered as "NEventsWithHits"
G4WT15 > Accumulable registered as "NScintPhotons"
G4WT12 > Accumulable registered as "NEndRight"
G4WT12 > Accumulable registered as "NTop"
G4WT12 > Accumulable registered as "NEventsWithHits"
G4WT12 > Accumulable registered as "NScintPhotons"
G4WT17 > Accumulable registered as "NEndLeft"
G4WT17 > Accumulable registered as "NEndRight"
G4WT17 > Accumulable registered as "NTop"
G4WT17 > Accumulable registered as "NEventsWithHits"
G4WT17 > Accumulable registered as "NScintPhotons"
G4WT11 > Accumulable registered as "NEndLeft"
G4WT11 > Accumulable registered as "NEndRight"
G4WT11 > Accumulable registered as "NTop"
G4WT11 > Accumulable registered as "NEventsWithHits"
G4WT11 > Accumulable registered as "NScintPhotons"
G4WT13 > Accumulable registered as "NEndLeft"
G4WT13 > Accumulable registered as "NEndRight"
G4WT13 > Accumulable registered as "NTop"
G4WT10 > Accumulable registered as "NEndLeft"
G4WT10 > Accumulable registered as "NEndRight"
G4WT10 > Accumulable registered as "NTop"
G4WT13 > Accumulable registered as "NEventsWithHits"
G4WT10 > Accumulable registered as "NEventsWithHits"
G4WT13 > Accumulable registered as "NScintPhotons"
G4WT10 > Accumulable registered as "NScintPhotons"
G4WT1 > Accumulable registered as "NEndLeft"
G4WT1 > Accumulable registered as "NEndRight"
G4WT1 > Accumulable registered as "NTop"
G4WT1 > Accumulable registered as "NEventsWithHits"
G4WT1 > Accumulable registered as "NScintPhotons"
G4WT2 > Accumulable registered as "NEndLeft"
G4WT2 > Accumulable registered as "NEndRight"
G4WT2 > Accumulable registered as "NTop"
G4WT2 > Accumulable registered as "NEventsWithHits"
G4WT2 > Accumulable registered as "NScintPhotons"
G4WT6 > Accumulable registered as "NEndLeft"
G4WT6 > Accumulable registered as "NEndRight"
G4WT6 > Accumulable registered as "NTop"
G4WT6 > Accumulable registered as "NEventsWithHits"
G4WT6 > Accumulable registered as "NScintPhotons"
G4WT23 > Accumulable registered as "NEndLeft"
G4WT23 > Accumulable registered as "NEndRight"
G4WT23 > Accumulable registered as "NTop"
G4WT23 > Accumulable registered as "NEventsWithHits"
G4WT23 > Accumulable registered as "NScintPhotons"
G4WT7 > Accumulable registered as "NEndLeft"
G4WT7 > Accumulable registered as "NEndRight"
G4WT7 > Accumulable registered as "NTop"
G4WT7 > Accumulable registered as "NEventsWithHits"
G4WT7 > Accumulable registered as "NScintPhotons"
G4WT3 > Accumulable registered as "NEndLeft"
G4WT3 > Accumulable registered as "NEndRight"
G4WT3 > Accumulable registered as "NTop"
G4WT3 > Accumulable registered as "NEventsWithHits"
G4WT3 > Accumulable registered as "NScintPhotons"

=== Active Scintillator Baseline ===
  SSLG4 code            : OPSC-101
  Yield                 : 10400 ph/MeV
  Rise time tau_r       : 0.7 ns
  Decay time tau_d      : 1.8 ns
  Attenuation length    : 160 cm
  Emission peak lambda  : 408.8 nm
  Finite rise time      : enabled
=====================================

=== Active Readout / Wrapping Configuration ===
  Readout configuration : Top
  SiPM model            : AFBR-S4N66P024M
  SiPM PDE file         : /home/rrios/ej200/data/sipm/AFBR-S4N66P024M_pde.txt
  -X face               : wrapped
  +X face               : wrapped
  -Y face               : wrapped
  +Y face               : instrumented
  -Z face               : wrapped
  +Z face               : wrapped
  Reflector R           : 0.98
  Active End SiPMs      : 0 (L=0, R=0)
  Active Top SiPMs      : 70
==============================================
G4WT12 > 
=== EJ Scintillator Bar Run Summary ===
  Run ID                : 0
  Events run            : 108
  Events with ≥1 hit    : 108
  End-left  photons     : 0
  End-right photons     : 0
  Top SiPM  photons     : 523491
  Scint photons generated: 2149734
  Total photons detected : 523491
  Detection efficiency   : 24.3514 %
  ROOT output           : photon_hits_run000.root
==============================

G4WT11 > 
=== EJ Scintillator Bar Run Summary ===
  Run ID                : 0
  Events run            : 162
  Events with ≥1 hit    : 162
  End-left  photons     : 0
  End-right photons     : 0
  Top SiPM  photons     : 771988
  Scint photons generated: 3166751
  Total photons detected : 771988
  Detection efficiency   : 24.3779 %
  ROOT output           : photon_hits_run000.root
==============================

G4WT4 > 
=== EJ Scintillator Bar Run Summary ===
  Run ID                : 0
  Events run            : 162
  Events with ≥1 hit    : 162
  End-left  photons     : 0
  End-right photons     : 0
  Top SiPM  photons     : 771140
  Scint photons generated: 3165458
  Total photons detected : 771140
  Detection efficiency   : 24.3611 %
  ROOT output           : photon_hits_run000.root
==============================

G4WT3 > 
=== EJ Scintillator Bar Run Summary ===
  Run ID                : 0
  Events run            : 108
  Events with ≥1 hit    : 108
  End-left  photons     : 0
  End-right photons     : 0
  Top SiPM  photons     : 539585
  Scint photons generated: 2218135
  Total photons detected : 539585
  Detection efficiency   : 24.3261 %
  ROOT output           : photon_hits_run000.root
==============================

G4WT2 > 
=== EJ Scintillator Bar Run Summary ===
  Run ID                : 0
  Events run            : 108
  Events with ≥1 hit    : 108
  End-left  photons     : 0
  End-right photons     : 0
  Top SiPM  photons     : 517115
  Scint photons generated: 2121642
  Total photons detected : 517115
  Detection efficiency   : 24.3733 %
  ROOT output           : photon_hits_run000.root
==============================

G4WT7 > 
=== EJ Scintillator Bar Run Summary ===
  Run ID                : 0
  Events run            : 108
  Events with ≥1 hit    : 108
  End-left  photons     : 0
  End-right photons     : 0
  Top SiPM  photons     : 520165
  Scint photons generated: 2132039
  Total photons detected : 520165
  Detection efficiency   : 24.3975 %
  ROOT output           : photon_hits_run000.root
==============================

G4WT21 > 
=== EJ Scintillator Bar Run Summary ===
  Run ID                : 0
  Events run            : 162
  Events with ≥1 hit    : 162
  End-left  photons     : 0
  End-right photons     : 0
  Top SiPM  photons     : 769085
  Scint photons generated: 3162114
  Total photons detected : 769085
  Detection efficiency   : 24.3219 %
  ROOT output           : photon_hits_run000.root
==============================

G4WT0 > 
=== EJ Scintillator Bar Run Summary ===
  Run ID                : 0
  Events run            : 162
  Events with ≥1 hit    : 162
  End-left  photons     : 0
  End-right photons     : 0
  Top SiPM  photons     : 769312
  Scint photons generated: 3162787
  Total photons detected : 769312
  Detection efficiency   : 24.3239 %
  ROOT output           : photon_hits_run000.root
==============================

G4WT1 > 
=== EJ Scintillator Bar Run Summary ===
  Run ID                : 0
  Events run            : 108
  Events with ≥1 hit    : 108
  End-left  photons     : 0
  End-right photons     : 0
  Top SiPM  photons     : 517440
  Scint photons generated: 2124463
  Total photons detected : 517440
  Detection efficiency   : 24.3563 %
  ROOT output           : photon_hits_run000.root
==============================

G4WT13 > 
=== EJ Scintillator Bar Run Summary ===
  Run ID                : 0
  Events run            : 108
  Events with ≥1 hit    : 108
  End-left  photons     : 0
  End-right photons     : 0
  Top SiPM  photons     : 536367
  Scint photons generated: 2203009
  Total photons detected : 536367
  Detection efficiency   : 24.3470 %
  ROOT output           : photon_hits_run000.root
==============================

G4WT10 > 
=== EJ Scintillator Bar Run Summary ===
  Run ID                : 0
  Events run            : 108
  Events with ≥1 hit    : 108
  End-left  photons     : 0
  End-right photons     : 0
  Top SiPM  photons     : 523006
  Scint photons generated: 2147131
  Total photons detected : 523006
  Detection efficiency   : 24.3584 %
  ROOT output           : photon_hits_run000.root
==============================

G4WT8 > 
=== EJ Scintillator Bar Run Summary ===
  Run ID                : 0
  Events run            : 108
  Events with ≥1 hit    : 108
  End-left  photons     : 0
  End-right photons     : 0
  Top SiPM  photons     : 532973
  Scint photons generated: 2187496
  Total photons detected : 532973
  Detection efficiency   : 24.3645 %
  ROOT output           : photon_hits_run000.root
==============================

G4WT9 > 
=== EJ Scintillator Bar Run Summary ===
  Run ID                : 0
  Events run            : 108
  Events with ≥1 hit    : 108
  End-left  photons     : 0
  End-right photons     : 0
  Top SiPM  photons     : 527875
  Scint photons generated: 2166714
  Total photons detected : 527875
  Detection efficiency   : 24.3629 %
  ROOT output           : photon_hits_run000.root
==============================

G4WT15 > 
=== EJ Scintillator Bar Run Summary ===
  Run ID                : 0
  Events run            : 108
  Events with ≥1 hit    : 108
  End-left  photons     : 0
  End-right photons     : 0
  Top SiPM  photons     : 507208
  Scint photons generated: 2082527
  Total photons detected : 507208
  Detection efficiency   : 24.3554 %
  ROOT output           : photon_hits_run000.root
==============================

G4WT19 > 
=== EJ Scintillator Bar Run Summary ===
  Run ID                : 0
  Events run            : 162
  Events with ≥1 hit    : 162
  End-left  photons     : 0
  End-right photons     : 0
  Top SiPM  photons     : 763591
  Scint photons generated: 3137090
  Total photons detected : 763591
  Detection efficiency   : 24.3407 %
  ROOT output           : photon_hits_run000.root
==============================

G4WT22 > 
=== EJ Scintillator Bar Run Summary ===
  Run ID                : 0
  Events run            : 108
  Events with ≥1 hit    : 108
  End-left  photons     : 0
  End-right photons     : 0
  Top SiPM  photons     : 513897
  Scint photons generated: 2106978
  Total photons detected : 513897
  Detection efficiency   : 24.3902 %
  ROOT output           : photon_hits_run000.root
==============================

G4WT17 > 
=== EJ Scintillator Bar Run Summary ===
  Run ID                : 0
  Events run            : 162
  Events with ≥1 hit    : 162
  End-left  photons     : 0
  End-right photons     : 0
  Top SiPM  photons     : 759590
  Scint photons generated: 3120800
  Total photons detected : 759590
  Detection efficiency   : 24.3396 %
  ROOT output           : photon_hits_run000.root
==============================

G4WT5 > 
=== EJ Scintillator Bar Run Summary ===
  Run ID                : 0
  Events run            : 108
  Events with ≥1 hit    : 108
  End-left  photons     : 0
  End-right photons     : 0
  Top SiPM  photons     : 528816
  Scint photons generated: 2170215
  Total photons detected : 528816
  Detection efficiency   : 24.3670 %
  ROOT output           : photon_hits_run000.root
==============================

G4WT6 > 
=== EJ Scintillator Bar Run Summary ===
  Run ID                : 0
  Events run            : 108
  Events with ≥1 hit    : 108
  End-left  photons     : 0
  End-right photons     : 0
  Top SiPM  photons     : 528108
  Scint photons generated: 2173215
  Total photons detected : 528108
  Detection efficiency   : 24.3008 %
  ROOT output           : photon_hits_run000.root
==============================

G4WT18 > 
=== EJ Scintillator Bar Run Summary ===
  Run ID                : 0
  Events run            : 162
  Events with ≥1 hit    : 162
  End-left  photons     : 0
  End-right photons     : 0
  Top SiPM  photons     : 803410
  Scint photons generated: 3297281
  Total photons detected : 803410
  Detection efficiency   : 24.3658 %
  ROOT output           : photon_hits_run000.root
==============================

G4WT14 > 
=== EJ Scintillator Bar Run Summary ===
  Run ID                : 0
  Events run            : 108
  Events with ≥1 hit    : 108
  End-left  photons     : 0
  End-right photons     : 0
  Top SiPM  photons     : 542517
  Scint photons generated: 2227360
  Total photons detected : 542517
  Detection efficiency   : 24.3570 %
  ROOT output           : photon_hits_run000.root
==============================

G4WT23 > 
=== EJ Scintillator Bar Run Summary ===
  Run ID                : 0
  Events run            : 108
  Events with ≥1 hit    : 108
  End-left  photons     : 0
  End-right photons     : 0
  Top SiPM  photons     : 545691
  Scint photons generated: 2242463
  Total photons detected : 545691
  Detection efficiency   : 24.3344 %
  ROOT output           : photon_hits_run000.root
==============================

G4WT20 > 
=== EJ Scintillator Bar Run Summary ===
  Run ID                : 0
  Events run            : 108
  Events with ≥1 hit    : 108
  End-left  photons     : 0
  End-right photons     : 0
  Top SiPM  photons     : 527162
  Scint photons generated: 2168161
  Total photons detected : 527162
  Detection efficiency   : 24.3138 %
  ROOT output           : photon_hits_run000.root
==============================

G4WT16 > 
=== EJ Scintillator Bar Run Summary ===
  Run ID                : 0
  Events run            : 138
  Events with ≥1 hit    : 138
  End-left  photons     : 0
  End-right photons     : 0
  Top SiPM  photons     : 659721
  Scint photons generated: 2711051
  Total photons detected : 659721
  Detection efficiency   : 24.3345 %
  ROOT output           : photon_hits_run000.root
==============================


=== EJ Scintillator Bar Run Summary ===
  Run ID                : 0
  Events run            : 3000
  Events with ≥1 hit    : 3000
  End-left  photons     : 0
  End-right photons     : 0
  Top SiPM  photons     : 14499253
  Scint photons generated: 59544614
  Total photons detected : 14499253
  Detection efficiency   : 24.3502 %
  ROOT output           : photon_hits_run000.root
==============================


=== Boundary Census (diagnostic) ===
  Bar -> reflector panel   : 1126971442
  Bar -> World (escaped)   : 0
  Bar -> Bar (TIR/refl)    : 0
  Bar -> SiPM (entering)   : 23191500
  Killed in WorldLV        : 142107
====================================

[2026-06-12T00:45:08] DONE pairscan_x-462.0mm (entries=14499253.0)
[2026-06-12T00:45:08] Loop complete: done=41 skip=0 error=0
[2026-06-12T00:45:08] Starting analysis: analyze_pair_scan.C

Processing analysis/analyze_pair_scan.C("/home/rrios/ej200/results/pairscan_2026-06-11")...
[INFO] Found 41 position files in /home/rrios/ej200/results/pairscan_2026-06-11
[POS] x=-422.0 mm: 3000 evts, ε=1.00, <NPE_A>=309.4, <NPE_B>=421.2, μ_Δt=118.3 ps, σ_Δt=114.3 ps
[POS] x=-423.0 mm: 3000 evts, ε=1.00, <NPE_A>=304.7, <NPE_B>=417.3, μ_Δt=112.4 ps, σ_Δt=115.4 ps
[POS] x=-424.0 mm: 3000 evts, ε=1.00, <NPE_A>=299.8, <NPE_B>=420.7, μ_Δt=108.4 ps, σ_Δt=112.4 ps
[POS] x=-425.0 mm: 3000 evts, ε=1.00, <NPE_A>=309.5, <NPE_B>=421.8, μ_Δt=110.5 ps, σ_Δt=109.6 ps
[POS] x=-426.0 mm: 3000 evts, ε=1.00, <NPE_A>=312.1, <NPE_B>=417.1, μ_Δt=102.7 ps, σ_Δt=112.8 ps
[POS] x=-427.0 mm: 3000 evts, ε=1.00, <NPE_A>=308.8, <NPE_B>=409.3, μ_Δt=99.7 ps, σ_Δt=112.0 ps
[POS] x=-428.0 mm: 3000 evts, ε=1.00, <NPE_A>=310.2, <NPE_B>=393.2, μ_Δt=98.4 ps, σ_Δt=106.1 ps
[POS] x=-429.0 mm: 3000 evts, ε=1.00, <NPE_A>=316.8, <NPE_B>=365.2, μ_Δt=88.7 ps, σ_Δt=111.6 ps
[POS] x=-430.0 mm: 3000 evts, ε=1.00, <NPE_A>=324.8, <NPE_B>=366.0, μ_Δt=78.5 ps, σ_Δt=111.4 ps
[POS] x=-431.0 mm: 3000 evts, ε=1.00, <NPE_A>=341.9, <NPE_B>=362.6, μ_Δt=74.3 ps, σ_Δt=110.9 ps
[POS] x=-432.0 mm: 3000 evts, ε=1.00, <NPE_A>=361.3, <NPE_B>=363.7, μ_Δt=70.2 ps, σ_Δt=111.4 ps
[POS] x=-433.0 mm: 3000 evts, ε=1.00, <NPE_A>=378.9, <NPE_B>=367.6, μ_Δt=62.1 ps, σ_Δt=106.9 ps
[POS] x=-434.0 mm: 3000 evts, ε=1.00, <NPE_A>=393.3, <NPE_B>=365.1, μ_Δt=62.1 ps, σ_Δt=105.1 ps
[POS] x=-435.0 mm: 3000 evts, ε=1.00, <NPE_A>=406.4, <NPE_B>=366.3, μ_Δt=62.2 ps, σ_Δt=105.0 ps
[POS] x=-436.0 mm: 3000 evts, ε=1.00, <NPE_A>=414.3, <NPE_B>=395.8, μ_Δt=50.8 ps, σ_Δt=107.2 ps
[POS] x=-437.0 mm: 3000 evts, ε=1.00, <NPE_A>=421.1, <NPE_B>=414.4, μ_Δt=42.6 ps, σ_Δt=109.8 ps
[POS] x=-438.0 mm: 3000 evts, ε=1.00, <NPE_A>=427.8, <NPE_B>=424.0, μ_Δt=40.9 ps, σ_Δt=105.6 ps
[POS] x=-439.0 mm: 3000 evts, ε=1.00, <NPE_A>=426.5, <NPE_B>=424.3, μ_Δt=26.8 ps, σ_Δt=23.0 ps
[POS] x=-440.0 mm: 3000 evts, ε=1.00, <NPE_A>=429.6, <NPE_B>=426.8, μ_Δt=22.7 ps, σ_Δt=113.7 ps
[POS] x=-441.0 mm: 3000 evts, ε=1.00, <NPE_A>=432.6, <NPE_B>=427.8, μ_Δt=6.9 ps, σ_Δt=101.4 ps
[POS] x=-442.0 mm: 3000 evts, ε=1.00, <NPE_A>=431.3, <NPE_B>=426.2, μ_Δt=0.3 ps, σ_Δt=40.8 ps
[POS] x=-443.0 mm: 3000 evts, ε=1.00, <NPE_A>=433.7, <NPE_B>=429.2, μ_Δt=-8.9 ps, σ_Δt=91.8 ps
[POS] x=-444.0 mm: 3000 evts, ε=1.00, <NPE_A>=431.8, <NPE_B>=425.1, μ_Δt=-25.6 ps, σ_Δt=24.4 ps
[POS] x=-445.0 mm: 3000 evts, ε=1.00, <NPE_A>=426.8, <NPE_B>=422.8, μ_Δt=-32.3 ps, σ_Δt=103.7 ps
[POS] x=-446.0 mm: 3000 evts, ε=1.00, <NPE_A>=423.4, <NPE_B>=420.6, μ_Δt=-43.6 ps, σ_Δt=109.6 ps
[POS] x=-447.0 mm: 3000 evts, ε=1.00, <NPE_A>=412.8, <NPE_B>=413.7, μ_Δt=-46.5 ps, σ_Δt=110.5 ps
[POS] x=-448.0 mm: 3000 evts, ε=1.00, <NPE_A>=395.5, <NPE_B>=410.5, μ_Δt=-50.6 ps, σ_Δt=106.7 ps
[POS] x=-449.0 mm: 3000 evts, ε=1.00, <NPE_A>=368.2, <NPE_B>=408.6, μ_Δt=-56.3 ps, σ_Δt=110.0 ps
[POS] x=-450.0 mm: 3000 evts, ε=1.00, <NPE_A>=365.0, <NPE_B>=395.6, μ_Δt=-58.5 ps, σ_Δt=108.4 ps
[POS] x=-451.0 mm: 3000 evts, ε=1.00, <NPE_A>=364.4, <NPE_B>=375.3, μ_Δt=-69.6 ps, σ_Δt=107.6 ps
[POS] x=-452.0 mm: 3000 evts, ε=1.00, <NPE_A>=367.5, <NPE_B>=364.9, μ_Δt=-69.9 ps, σ_Δt=109.4 ps
[POS] x=-453.0 mm: 3000 evts, ε=1.00, <NPE_A>=363.5, <NPE_B>=344.7, μ_Δt=-70.7 ps, σ_Δt=106.0 ps
[POS] x=-454.0 mm: 3000 evts, ε=1.00, <NPE_A>=360.3, <NPE_B>=321.6, μ_Δt=-79.7 ps, σ_Δt=111.7 ps
[POS] x=-455.0 mm: 3000 evts, ε=1.00, <NPE_A>=364.4, <NPE_B>=319.9, μ_Δt=-81.6 ps, σ_Δt=112.1 ps
[POS] x=-456.0 mm: 3000 evts, ε=1.00, <NPE_A>=389.1, <NPE_B>=309.9, μ_Δt=-98.2 ps, σ_Δt=113.2 ps
[POS] x=-457.0 mm: 3000 evts, ε=1.00, <NPE_A>=409.3, <NPE_B>=312.5, μ_Δt=-96.6 ps, σ_Δt=114.7 ps
[POS] x=-458.0 mm: 3000 evts, ε=1.00, <NPE_A>=419.6, <NPE_B>=315.7, μ_Δt=-99.8 ps, σ_Δt=112.1 ps
[POS] x=-459.0 mm: 3000 evts, ε=1.00, <NPE_A>=425.7, <NPE_B>=314.0, μ_Δt=-100.2 ps, σ_Δt=110.9 ps
[POS] x=-460.0 mm: 3000 evts, ε=1.00, <NPE_A>=424.6, <NPE_B>=307.0, μ_Δt=-107.1 ps, σ_Δt=111.9 ps
[POS] x=-461.0 mm: 3000 evts, ε=1.00, <NPE_A>=429.7, <NPE_B>=316.2, μ_Δt=-105.4 ps, σ_Δt=108.3 ps
[POS] x=-462.0 mm: 3000 evts, ε=1.0
 *** Break *** segmentation violation
0, <NPE_A>=425.3, <NPE_B>=314.0, μ_Δt=-116.9 ps, σ_Δt=113.3 ps

[CALIB] Linear calibration:
  DeltaT slope m = 6.828 ± 0.040 ps/mm  ->  v_eff = 29.29 cm/ns
  R slope k = -0.0117 ± 0.0000 1/mm  ->  lambda_eff = 17.0 cm
[OUT] Wrote /home/rrios/ej200/results/pairscan_2026-06-11/analysis/pairscan_summary.csv



===========================================================
There was a crash.
This is the entire stack trace of all threads:
===========================================================
#0  0x00007f51126d9fba in wait4 () from /lib64/libc.so.6
#1  0x00007f511264f483 in do_system () from /lib64/libc.so.6
#2  0x00007f51130aa8b6 in TUnixSystem::StackTrace() () from /usr/lib64/root/libCore.so.6.38
#3  0x00007f51130ad85d in TUnixSystem::DispatchSignals(ESignals) () from /usr/lib64/root/libCore.so.6.38
#4  <signal handler called>
#5  0x00007f511286f4f8 in ?? ()
#6  0x3fb4db1395c312bb in ?? ()
#7  0x3f51297e9d394920 in ?? ()
#8  0x401bc323623de9ea in ?? ()
#9  0x3ff0000000000000 in ?? ()
#10 0x407a94fc962fc963 in ?? ()
#11 0x40739ff3b645a1cb in ?? ()
#12 0x00007f50fe6054d8 in vtable for TF1 () from /usr/lib64/root/libHist.so.6.38
#13 0x0200000000000000 in ?? ()
#14 0x00007f51131efc90 in vtable for TString () from /usr/lib64/root/libCore.so.6.38
#15 0x645f6e696c5f6610 in ?? ()
#16 0x0000000000000074 in ?? ()
#17 0x00007f51131efc90 in vtable for TString () from /usr/lib64/root/libCore.so.6.38
#18 0x000000316c6f7008 in ?? ()
#19 0x0000000000000030 in ?? ()
#20 0x00007f50fe605a18 in vtable for TF1 () from /usr/lib64/root/libHist.so.6.38
#21 0x0000000200010002 in ?? ()
#22 0x00007f50fe605ab0 in vtable for TF1 () from /usr/lib64/root/libHist.so.6.38
#23 0x000055cd00000013 in ?? ()
#24 0x00007f50fe605b40 in vtable for TF1 () from /usr/lib64/root/libHist.so.6.38
#25 0x3f80000000010001 in ?? ()
#26 0xc07cc00000000000 in ?? ()
#27 0xc07a800000000000 in ?? ()
#28 0x0000000100000002 in ?? ()
#29 0x0000000000000064 in ?? ()
#30 0x0000002300000025 in ?? ()
#31 0x408bce61543294cf in ?? ()
#32 0xc0915c0000000000 in ?? ()
#33 0xc0915c0000000000 in ?? ()
#34 0x000055cddecca450 in ?? ()
#35 0x000055cddecca460 in ?? ()
#36 0x000055cddecca460 in ?? ()
#37 0x000055cde043fd00 in ?? ()
#38 0x000055cde043fd10 in ?? ()
#39 0x000055cde043fd10 in ?? ()
#40 0x000055cde0434a20 in ?? ()
#41 0x000055cde0434a30 in ?? ()
#42 0x000055cde0434a30 in ?? ()
#43 0x0000000000000000 in ?? ()
===========================================================


The lines below might hint at the cause of the crash. If you see question
marks as part of the stack trace, try to recompile with debugging information
enabled and export CLING_DEBUG=1 environment variable before running.
You may get help by asking at the ROOT forum https://root.cern/forum
preferably using the command (.forum bug) in the ROOT prompt.
Only if you are really convinced it is a bug in ROOT then please submit a
report at https://root.cern/bugs or (preferably) using the command (.gh bug) in
the ROOT prompt. Please post the ENTIRE stack trace
from above as an attachment in addition to anything else
that might help us fixing this issue.
===========================================================
#5  0x00007f511286f4f8 in ?? ()
#6  0x3fb4db1395c312bb in ?? ()
#7  0x3f51297e9d394920 in ?? ()
#8  0x401bc323623de9ea in ?? ()
#9  0x3ff0000000000000 in ?? ()
#10 0x407a94fc962fc963 in ?? ()
#11 0x40739ff3b645a1cb in ?? ()
#12 0x00007f50fe6054d8 in vtable for TF1 () from /usr/lib64/root/libHist.so.6.38
#13 0x0200000000000000 in ?? ()
#14 0x00007f51131efc90 in vtable for TString () from /usr/lib64/root/libCore.so.6.38
#15 0x645f6e696c5f6610 in ?? ()
#16 0x0000000000000074 in ?? ()
#17 0x00007f51131efc90 in vtable for TString () from /usr/lib64/root/libCore.so.6.38
#18 0x000000316c6f7008 in ?? ()
#19 0x0000000000000030 in ?? ()
#20 0x00007f50fe605a18 in vtable for TF1 () from /usr/lib64/root/libHist.so.6.38
#21 0x0000000200010002 in ?? ()
#22 0x00007f50fe605ab0 in vtable for TF1 () from /usr/lib64/root/libHist.so.6.38
#23 0x000055cd00000013 in ?? ()
#24 0x00007f50fe605b40 in vtable for TF1 () from /usr/lib64/root/libHist.so.6.38
#25 0x3f80000000010001 in ?? ()
#26 0xc07cc00000000000 in ?? ()
#27 0xc07a800000000000 in ?? ()
#28 0x0000000100000002 in ?? ()
#29 0x0000000000000064 in ?? ()
#30 0x0000002300000025 in ?? ()
#31 0x408bce61543294cf in ?? ()
#32 0xc0915c0000000000 in ?? ()
#33 0xc0915c0000000000 in ?? ()
#34 0x000055cddecca450 in ?? ()
#35 0x000055cddecca460 in ?? ()
#36 0x000055cddecca460 in ?? ()
#37 0x000055cde043fd00 in ?? ()
#38 0x000055cde043fd10 in ?? ()
#39 0x000055cde043fd10 in ?? ()
#40 0x000055cde0434a20 in ?? ()
#41 0x000055cde0434a30 in ?? ()
#42 0x000055cde0434a30 in ?? ()
#43 0x0000000000000000 in ?? ()
===========================================================


