run_tag,event_id,track_id,global_id,detected_end_side,n_reflections_scint_air,n_reflections_air_reflector,n_total_internal_reflections,visited_air_gap,visited_reflector_boundary,first_detection_time_ns,gun_x_mm
exec27_edge_x-400,3,1517,4,0,1,0,0,1,0,4.78821998198,-400
exec27_edge_x-400,33,1466,5,0,3,3,0,1,1,4.35635588997,-400
exec27_edge_x-400,27,1359,7,0,5,0,0,1,0,2.30834513093,-400
exec27_edge_x-400,33,1450,5,0,1,0,0,1,0,2.21559046264,-400
exec27_edge_x-400,18,1463,2,0,20,4,0,1,1,2.63160434724,-400
exec27_edge_x-400,39,1400,7,0,11,0,0,1,0,3.33283316721,-400
exec27_edge_x-400,24,1422,4,0,4,0,0,1,0,4.96259738719,-400
exec27_edge_x-400,39,1391,7,0,2,0,0,1,0,3.93660772046,-400
exec27_edge_x-400,6,1599,15,1,4,0,0,1,0,5.69464574158,-400
exec27_edge_x-400,36,1198,6,0,6,1,0,1,1,6.62713744174,-400
exec27_edge_x-400,9,1542,6,0,4,0,0,1,0,6.69109438929,-400
exec27_edge_x-400,0,1350,3,0,6,0,0,1,0,3.53984873732,-400
exec27_edge_x-400,36,1193,4,0,13,3,0,1,1,4.39652514768,-400
exec27_edge_x-400,0,1344,0,0,6,0,0,1,0,2.35318231544,-400
exec27_edge_x-400,42,2125,6,0,8,1,0,1,1,2.83355519225,-400
exec27_edge_x-400,3,1435,5,0,0,0,0,1,0,6.50978369133,-400
exec27_edge_x-400,12,3023,5,0,3,1,0,1,1,5.37153775135,-400
exec27_edge_x-400,42,2105,7,0,3,0,0,1,0,3.58758449053,-400
exec27_edge_x-400,21,1702,2,0,17,5,0,1,1,10.0188084171,-400
exec27_edge_x-400,30,1507,0,0,8,3,0,1,1,1.97315481715,-400
exec27_edge_x-400,30,1492,7,0,7,0,0,1,1,2.833960761,-400
exec27_edge_x-400,27,1261,1,0,15,0,0,1,0,4.09752372657,-400
exec27_edge_x-400,21,1689,0,0,21,7,0,1,1,4.4444149718,-400
exec27_edge_x-400,36,1133,0,0,16,0,0,1,0,4.68140154301,-400
exec27_edge_x-400,18,1341,0,0,2,0,0,1,0,1.513459309,-400
exec27_edge_x-400,45,1452,5,0,2,0,0,1,0,4.76418910426,-400
exec27_edge_x-400,21,1673,5,0,8,2,0,1,1,6.82993517196,-400
exec27_edge_x-400,6,1514,7,0,4,0,0,1,0,4.23376557519,-400
exec27_edge_x-400,6,1511,6,0,8,0,0,1,1,3.33470275154,-400
exec27_edge_x-400,9,1463,12,1,0,0,0,1,0,6.39561080552,-400
exec27_edge_x-400,42,2054,9,1,14,2,0,1,1,7.68150736536,-400
exec27_edge_x-400,9,1448,3,0,4,0,0,1,0,2.75652674937,-400
exec27_edge_x-400,12,2932,3,0,2,0,0,1,0,3.92807109915,-400
exec27_edge_x-400,45,1416,7,0,2,0,0,1,0,2.1379651975,-400
exec27_edge_x-400,12,2923,8,1,14,0,0,1,0,8.29211440265,-400
exec27_edge_x-400,24,1295,4,0,6,0,0,1,0,5.4594799758,-400
exec27_edge_x-400,24,1600,3,0,7,0,0,1,1,8.74790381133,-400
exec27_edge_x-400,42,2016,3,0,25,1,0,1,1,3.06344446776,-400
exec27_edge_x-400,36,1059,7,0,0,0,0,1,0,2.68856518102,-400
exec27_edge_x-400,42,2011,1,0,20,4,0,1,1,3.49788462894,-400
exec27_edge_x-400,45,1388,1,0,6,0,0,1,0,1.96243069,-400
exec27_edge_x-400,24,1276,7,0,3,2,0,1,1,3.24670909397,-400
exec27_edge_x-400,33,1297,4,0,6,0,0,1,0,4.2812539557,-400
exec27_edge_x-400,45,1383,1,0,1,0,0,1,1,5.88109391576,-400
exec27_edge_x-400,45,1585,1,0,0,0,0,0,0,6.39235067366,-400
exec27_edge_x-400,15,1182,2,0,4,1,0,1,1,4.237549007,-400
exec27_edge_x-400,42,1991,0,0,8,0,0,1,0,5.59497782399,-400
exec27_edge_x-400,15,1176,7,0,9,3,0,1,1,4.41675463994,-400
exec27_edge_x-400,30,1381,2,0,3,0,0,1,0,2.90836124042,-400
exec27_edge_x-400,39,1205,6,0,6,1,0,1,1,8.11733126122,-400
exec27_edge_x-400,18,1263,1,0,4,1,0,1,1,3.19369819388,-400
exec27_edge_x-400,42,1976,4,0,11,2,0,1,1,2.23275052297,-400
exec27_edge_x-400,24,1255,0,0,12,0,0,1,0,3.01693806207,-400
exec27_edge_x-400,30,1372,7,0,2,4,0,1,1,6.76874172204,-400
exec27_edge_x-400,30,1738,7,0,0,0,0,0,0,7.02456103757,-400
exec27_edge_x-400,30,1370,1,0,14,0,0,1,0,3.76333368274,-400
exec27_edge_x-400,21,1571,13,1,19,0,0,1,0,5.70567277134,-400
exec27_edge_x-400,33,1263,0,0,10,2,0,1,1,3.44375513885,-400
exec27_edge_x-400,39,1184,5,0,4,0,0,1,1,3.25997536858,-400
exec27_edge_x-400,0,1188,2,0,4,0,0,1,0,2.97913724051,-400
exec27_edge_x-400,18,1249,0,0,7,0,0,1,0,1.91037939097,-400
exec27_edge_x-400,30,1356,5,0,4,0,0,1,0,3.49356872216,-400
exec27_edge_x-400,0,1532,2,0,5,14,0,1,1,5.65217467045,-400
exec27_edge_x-400,15,1128,5,0,4,0,0,1,0,3.6063097135,-400
exec27_edge_x-400,36,1013,1,0,4,1,0,1,1,9.37916701978,-400
exec27_edge_x-400,24,1222,3,0,0,0,0,0,0,4.39854310841,-400
exec27_edge_x-400,6,1393,0,0,8,0,0,1,0,2.23027578094,-400
exec27_edge_x-400,36,1010,4,0,5,0,0,1,0,2.48185880378,-400
exec27_edge_x-400,9,1348,2,0,12,4,0,1,1,9.46593667911,-400
exec27_edge_x-400,30,1338,6,0,4,0,0,1,0,5.06553314933,-400
exec27_edge_x-400,15,1110,0,0,10,2,0,1,1,7.62300962515,-400
exec27_edge_x-400,18,1226,7,0,4,0,0,1,0,2.27313578489,-400
exec27_edge_x-400,30,1316,6,0,6,0,0,1,0,2.50974743627,-400
exec27_edge_x-400,45,1272,2,0,6,0,0,1,0,1.75571201739,-400
exec27_edge_x-400,24,1181,3,0,6,0,0,1,0,3.1749256527,-400
exec27_edge_x-400,30,1309,4,0,6,0,0,1,0,3.02753876986,-400
exec27_edge_x-400,12,2814,7,0,26,13,0,1,1,2.38182133363,-400
exec27_edge_x-400,9,1305,1,0,4,0,0,1,1,7.01459183384,-400
exec27_edge_x-400,36,961,0,0,22,4,0,1,1,6.25238889118,-400
exec27_edge_x-400,39,1112,3,0,2,0,0,1,1,2.82005123778,-400
exec27_edge_x-400,39,1555,3,0,0,0,0,0,0,3.25281222161,-400
exec27_edge_x-400,12,2803,4,0,48,10,0,1,1,5.49908681106,-400
exec27_edge_x-400,30,1283,7,0,18,2,0,1,1,6.28591779306,-400
exec27_edge_x-400,33,1190,6,0,0,0,0,1,0,9.1839380391,-400
exec27_edge_x-400,21,1496,5,0,5,0,0,1,0,4.21943267627,-400
exec27_edge_x-400,30,1280,6,0,13,0,0,1,1,2.47183760837,-400
exec27_edge_x-400,39,1107,5,0,13,1,0,1,1,11.9819995171,-400
exec27_edge_x-400,33,1187,6,0,6,0,0,1,0,1.67878436753,-400
exec27_edge_x-400,24,1137,14,1,3,0,0,1,1,4.16108438922,-400
exec27_edge_x-400,30,1270,0,0,13,5,0,1,1,3.75394032224,-400
exec27_edge_x-400,27,1038,7,0,9,0,0,1,0,3.0667565098,-400
exec27_edge_x-400,36,915,3,0,10,0,0,1,0,2.14494540482,-400
exec27_edge_x-400,15,1041,1,0,8,4,0,1,1,3.91038395058,-400
exec27_edge_x-400,42,1865,1,0,14,2,0,1,1,1.99543650701,-400
exec27_edge_x-400,24,1108,7,0,12,0,0,1,0,3.52940914727,-400
exec27_edge_x-400,3,1185,5,0,11,1,0,1,1,3.1026779123,-400
exec27_edge_x-400,9,1253,0,0,15,2,0,1,1,4.53996281574,-400
exec27_edge_x-400,0,1068,0,0,7,5,0,1,1,3.92946087684,-400
exec27_edge_x-400,12,2756,7,0,0,0,0,1,0,1.93376012734,-400
exec27_edge_x-400,0,1052,3,0,10,4,0,1,1,2.96568374086,-400
exec27_edge_x-400,42,1825,5,0,14,3,0,1,1,3.70424508534,-400
exec27_edge_x-400,36,845,1,0,6,0,0,1,0,4.22453097856,-400
exec27_edge_x-400,27,979,0,0,4,0,0,1,0,4.05604001558,-400
exec27_edge_x-400,21,1400,2,0,8,1,0,1,1,2.49194025663,-400
exec27_edge_x-400,33,1105,2,0,7,0,0,1,0,4.10445488435,-400
exec27_edge_x-400,24,1051,3,0,13,0,0,1,0,5.51996986211,-400
exec27_edge_x-400,15,971,0,0,0,0,0,0,0,5.05708103523,-400
exec27_edge_x-400,39,1009,2,0,10,0,0,1,0,3.39696368989,-400
exec27_edge_x-400,33,1081,7,0,5,3,0,1,1,1.9955198873,-400
exec27_edge_x-400,24,1031,0,0,4,0,0,1,0,2.96043512138,-400
exec27_edge_x-400,27,945,0,0,0,0,0,1,0,4.22189468052,-400
exec27_edge_x-400,6,1230,0,0,5,0,0,1,1,2.60028092082,-400
exec27_edge_x-400,3,1088,1,0,18,2,0,1,1,3.97756467973,-400
exec27_edge_x-400,39,979,1,0,0,0,0,1,0,2.8703516914,-400
exec27_edge_x-400,36,780,2,0,8,0,0,1,0,4.44655369576,-400
exec27_edge_x-400,36,777,2,0,28,20,0,1,1,6.88548424437,-400
exec27_edge_x-400,3,1069,0,0,9,5,0,1,1,6.08908310989,-400
exec27_edge_x-400,12,2638,5,0,7,2,0,1,1,6.1896127521,-400
exec27_edge_x-400,30,1130,2,0,4,0,0,1,0,2.86471759494,-400
exec27_edge_x-400,30,1126,6,0,14,8,0,1,1,3.12215986667,-400
exec27_edge_x-400,12,2627,7,0,0,0,0,0,0,2.79877779262,-400
exec27_edge_x-400,12,2623,7,0,4,0,0,1,0,3.47409401489,-400
exec27_edge_x-400,36,739,3,0,8,0,0,1,0,4.31621971622,-400
exec27_edge_x-400,27,890,0,0,9,0,0,1,1,2.36454442507,-400
exec27_edge_x-400,0,929,3,0,1,0,0,1,0,2.01818886459,-400
exec27_edge_x-400,21,1295,5,0,3,0,0,1,0,1.57070943463,-400
exec27_edge_x-400,24,927,4,0,2,0,0,1,0,10.0782934764,-400
exec27_edge_x-400,15,852,1,0,2,0,0,1,0,2.26690771064,-400
exec27_edge_x-400,6,1121,2,0,6,0,0,1,0,2.79668839164,-400
exec27_edge_x-400,33,987,6,0,17,1,0,1,1,2.9253019478,-400
exec27_edge_x-400,18,948,7,0,4,0,0,1,0,3.72641122957,-400
exec27_edge_x-400,27,846,7,0,1,3,0,1,1,1.95161512117,-400
exec27_edge_x-400,15,830,1,0,2,0,0,1,0,5.19210509786,-400
exec27_edge_x-400,9,1063,3,0,10,0,0,1,0,6.16250685676,-400
exec27_edge_x-400,18,939,7,0,6,0,0,1,0,2.58753281211,-400
exec27_edge_x-400,0,884,0,0,13,0,0,1,0,2.80537912815,-400
exec27_edge_x-400,0,883,5,0,13,1,0,1,1,2.43392508357,-400
exec27_edge_x-400,24,898,2,0,4,0,0,1,0,3.54088627076,-400
exec27_edge_x-400,36,700,5,0,43,30,0,1,1,4.14474415616,-400
exec27_edge_x-400,0,870,15,1,13,0,0,1,0,7.35623935159,-400
exec27_edge_x-400,21,1245,7,0,8,1,0,1,1,2.65495975641,-400
exec27_edge_x-400,6,1089,4,0,1,0,0,1,0,5.91136265524,-400
exec27_edge_x-400,9,1038,0,0,13,2,0,1,1,5.30568102772,-400
exec27_edge_x-400,3,967,3,0,16,0,0,1,0,2.03630248063,-400
exec27_edge_x-400,12,2528,5,0,7,0,0,1,1,1.78272235028,-400
exec27_edge_x-400,36,651,4,0,1,0,0,1,0,1.78906071398,-400
exec27_edge_x-400,18,882,2,0,10,0,0,1,0,4.36209846588,-400
exec27_edge_x-400,39,841,2,0,3,0,0,1,0,2.50705650429,-400
exec27_edge_x-400,36,636,0,0,4,0,0,1,0,1.47887956967,-400
exec27_edge_x-400,27,783,7,0,8,1,0,1,1,3.26448740565,-400
exec27_edge_x-400,6,1037,5,0,14,1,0,1,1,3.06557061979,-400
exec27_edge_x-400,33,911,0,0,11,0,0,1,0,2.78339442092,-400
exec27_edge_x-400,0,810,1,0,2,0,0,1,0,4.96226649048,-400
exec27_edge_x-400,21,1189,3,0,1,0,0,1,1,3.24313237259,-400
exec27_edge_x-400,33,891,4,0,14,0,0,1,0,1.51565809906,-400
exec27_edge_x-400,39,823,2,0,10,1,0,1,1,1.73074104925,-400
exec27_edge_x-400,12,2486,4,0,2,0,0,1,0,2.20022268279,-400
exec27_edge_x-400,42,1610,2,0,10,0,0,1,0,4.40072250446,-400
exec27_edge_x-400,42,1603,4,0,34,8,0,1,1,3.33332594694,-400
exec27_edge_x-400,0,778,3,0,8,4,0,1,1,3.21170220837,-400
exec27_edge_x-400,3,879,6,0,11,0,0,1,0,2.54487990531,-400
exec27_edge_x-400,42,1571,3,0,12,1,0,1,1,3.25724311949,-400
exec27_edge_x-400,39,786,6,0,18,0,0,1,1,5.34049577717,-400
exec27_edge_x-400,45,907,4,0,6,0,0,1,0,2.55411376622,-400
exec27_edge_x-400,9,937,2,0,11,0,0,1,0,9.91626868442,-400
exec27_edge_x-400,36,561,4,0,7,0,0,1,0,3.55931054424,-400
exec27_edge_x-400,21,1143,4,0,14,1,0,1,1,3.22989141583,-400
exec27_edge_x-400,30,939,5,0,0,0,0,1,0,7.60846616905,-400
exec27_edge_x-400,45,888,7,0,18,2,0,1,1,7.02732681962,-400
exec27_edge_x-400,24,760,2,0,5,0,0,1,0,2.37355317594,-400
exec27_edge_x-400,0,724,2,0,7,0,0,1,0,1.54920036188,-400
exec27_edge_x-400,9,900,0,0,13,2,0,1,1,3.15851790779,-400
exec27_edge_x-400,9,895,4,0,1,0,0,1,0,4.28329244848,-400
exec27_edge_x-400,3,822,3,0,0,0,0,1,0,5.15325298822,-400
exec27_edge_x-400,15,658,7,0,6,0,0,1,0,3.81460146891,-400
exec27_edge_x-400,9,882,5,0,4,0,0,1,0,9.75714866577,-400
exec27_edge_x-400,18,761,7,0,2,0,0,1,0,1.37968967237,-400
exec27_edge_x-400,12,2392,7,0,3,0,0,1,0,2.02977731937,-400
exec27_edge_x-400,21,1086,4,0,3,0,0,1,0,4.32606607123,-400
exec27_edge_x-400,42,1505,3,0,21,2,0,1,1,6.39267465269,-400
exec27_edge_x-400,12,2388,4,0,13,8,0,1,1,2.04375091081,-400
exec27_edge_x-400,36,494,3,0,3,0,0,1,0,5.38059606391,-400
exec27_edge_x-400,24,699,0,0,2,0,0,1,0,9.23122904217,-400
exec27_edge_x-400,45,809,4,0,18,0,0,1,0,3.73297023414,-400
exec27_edge_x-400,45,1589,3,0,4,0,0,1,0,9.17116361816,-400
exec27_edge_x-400,9,847,0,0,18,1,0,1,1,2.6897617039,-400
exec27_edge_x-400,27,629,0,0,11,0,0,1,0,2.96443016864,-400
exec27_edge_x-400,3,753,1,0,0,0,0,0,0,5.1231805263,-400
exec27_edge_x-400,30,829,1,0,5,2,0,1,1,5.19905972778,-400
exec27_edge_x-400,42,1419,7,0,14,0,0,1,0,8.55101407164,-400
exec27_edge_x-400,0,653,1,0,14,3,0,1,1,5.03050804238,-400
exec27_edge_x-400,15,558,7,0,5,2,0,1,1,8.71660221595,-400
exec27_edge_x-400,0,640,8,1,7,0,0,1,0,5.03834652486,-400
exec27_edge_x-400,45,749,0,0,4,0,0,1,0,2.62653470405,-400
exec27_edge_x-400,42,1394,7,0,5,0,0,1,0,3.22612425161,-400
exec27_edge_x-400,24,629,1,0,13,1,0,1,1,1.89838904232,-400
exec27_edge_x-400,9,1738,3,0,0,0,0,0,0,6.04714009787,-400
exec27_edge_x-400,15,545,0,0,11,0,0,1,1,7.56308169176,-400
exec27_edge_x-400,21,970,4,0,0,0,0,1,0,5.47896445249,-400
exec27_edge_x-400,0,625,4,0,6,0,0,1,0,3.48388054452,-400
exec27_edge_x-400,39,629,5,0,3,1,0,1,1,5.43204979421,-400
exec27_edge_x-400,36,370,3,0,8,0,0,1,0,3.27874635773,-400
exec27_edge_x-400,12,2280,2,0,8,0,0,1,0,1.9917578184,-400
exec27_edge_x-400,6,823,4,0,27,2,0,1,1,4.61588525224,-400
exec27_edge_x-400,3,673,1,0,4,0,0,1,0,5.01291491761,-400
exec27_edge_x-400,12,2271,5,0,7,2,0,1,1,2.00127058811,-400
exec27_edge_x-400,15,509,4,0,17,0,0,1,0,4.13924398235,-400
exec27_edge_x-400,36,343,2,0,11,0,0,1,1,6.22183621066,-400
exec27_edge_x-400,12,2260,0,0,7,3,0,1,1,4.09723385849,-400
exec27_edge_x-400,45,684,3,0,15,5,0,1,1,2.2330888959,-400
exec27_edge_x-400,9,733,0,0,6,0,0,1,0,2.20262074088,-400
exec27_edge_x-400,39,577,6,0,3,0,0,1,0,1.56184702897,-400
exec27_edge_x-400,21,914,6,0,11,1,0,1,1,4.68372735125,-400
exec27_edge_x-400,27,540,5,0,8,0,0,1,0,2.16416387699,-400
exec27_edge_x-400,3,649,2,0,5,0,0,1,0,2.04114465034,-400
exec27_edge_x-400,33,661,2,0,8,3,0,1,1,4.96734986662,-400
exec27_edge_x-400,36,319,2,0,7,0,0,1,0,2.64965025705,-400
exec27_edge_x-400,45,669,4,0,12,0,0,1,0,1.81476743289,-400
exec27_edge_x-400,15,468,4,0,1,0,0,1,0,2.676933293,-400
exec27_edge_x-400,39,553,6,0,22,4,0,1,1,4.4038863855,-400
exec27_edge_x-400,21,895,3,0,16,4,0,1,1,6.10657697461,-400
exec27_edge_x-400,42,1287,0,0,17,2,0,1,1,3.55091153631,-400
exec27_edge_x-400,15,458,5,0,23,4,0,1,1,3.77162568353,-400
exec27_edge_x-400,9,703,4,0,7,0,0,1,1,3.49942655215,-400
exec27_edge_x-400,6,769,0,0,3,0,0,1,0,5.96041192941,-400
exec27_edge_x-400,42,1279,15,1,11,0,0,1,0,4.60099270272,-400
exec27_edge_x-400,15,435,4,0,7,2,0,1,1,2.34963247243,-400
exec27_edge_x-400,3,619,7,0,7,0,0,1,0,2.24163014553,-400
exec27_edge_x-400,45,632,6,0,4,2,0,1,1,3.08283955199,-400
exec27_edge_x-400,6,756,0,0,3,0,0,1,1,2.92010751833,-400
exec27_edge_x-400,33,617,4,0,7,0,0,1,0,7.68863880903,-400
exec27_edge_x-400,42,1267,7,0,7,2,0,1,1,1.88797246137,-400
exec27_edge_x-400,9,687,0,0,6,0,0,1,0,2.13603224936,-400
exec27_edge_x-400,27,486,6,0,0,0,0,0,0,3.9556986315,-400
exec27_edge_x-400,45,614,3,0,5,0,0,1,0,3.18349627099,-400
exec27_edge_x-400,12,2178,0,0,7,0,0,1,0,3.30406643745,-400
exec27_edge_x-400,3,584,4,0,5,0,0,1,0,3.79764730746,-400
exec27_edge_x-400,21,827,1,0,1,0,0,1,0,5.17553196818,-400
exec27_edge_x-400,0,493,7,0,11,1,0,1,1,1.55078578981,-400
exec27_edge_x-400,21,820,2,0,24,0,0,1,0,2.52559058503,-400
exec27_edge_x-400,9,651,1,0,24,4,0,1,1,2.47107484593,-400
exec27_edge_x-400,18,547,1,0,6,0,0,1,0,5.04007477163,-400
exec27_edge_x-400,42,1209,7,0,7,0,0,1,0,3.12488826806,-400
exec27_edge_x-400,33,561,2,0,14,4,0,1,1,1.82747171293,-400
exec27_edge_x-400,24,465,3,0,12,1,0,1,1,5.11891724401,-400
exec27_edge_x-400,39,454,5,0,1,0,0,1,0,2.91200117928,-400
exec27_edge_x-400,21,760,5,0,12,2,0,1,1,2.21270094965,-400
exec27_edge_x-400,24,444,6,0,31,4,0,1,1,4.25578543316,-400
exec27_edge_x-400,9,587,5,0,0,0,0,1,0,1.49144527016,-400
exec27_edge_x-400,33,534,0,0,2,0,0,1,0,5.55085600873,-400
exec27_edge_x-400,36,190,4,0,9,0,0,1,1,4.48454233292,-400
exec27_edge_x-400,36,186,0,0,1,0,0,1,0,2.29039694239,-400
exec27_edge_x-400,21,732,7,0,9,0,0,1,0,4.86661615695,-400
exec27_edge_x-400,30,575,4,0,27,12,0,1,1,2.90237127324,-400
exec27_edge_x-400,36,179,1,0,18,0,0,1,0,2.79199406258,-400
exec27_edge_x-400,30,571,3,0,27,5,0,1,1,3.23235421398,-400
exec27_edge_x-400,6,620,6,0,19,2,0,1,1,6.41124573098,-400
exec27_edge_x-400,9,565,4,0,0,0,0,1,0,3.78135191501,-400
exec27_edge_x-400,9,551,1,0,11,1,0,1,1,9.80168306998,-400
exec27_edge_x-400,12,2061,1,0,25,5,0,1,1,5.07151196498,-400
exec27_edge_x-400,3,477,2,0,0,0,0,1,0,3.73842011851,-400
exec27_edge_x-400,42,1118,2,0,8,0,0,1,1,4.25773873549,-400
exec27_edge_x-400,39,384,6,0,2,0,0,1,0,4.39566215551,-400
exec27_edge_x-400,39,369,6,0,15,8,0,1,1,3.22778362249,-400
exec27_edge_x-400,45,474,0,0,4,0,0,1,0,2.90888206339,-400
exec27_edge_x-400,33,470,1,0,0,0,0,1,0,1.59285348156,-400
exec27_edge_x-400,39,366,7,0,10,0,0,1,0,2.32202572488,-400
exec27_edge_x-400,24,366,2,0,15,0,0,1,0,2.75867266521,-400
exec27_edge_x-400,6,566,1,0,16,0,0,1,1,3.31868880952,-400
exec27_edge_x-400,45,460,4,0,10,0,0,1,0,2.85427073144,-400
exec27_edge_x-400,45,457,1,0,4,0,0,1,0,3.13164838637,-400
exec27_edge_x-400,21,660,4,0,1,0,0,1,1,2.64004329447,-400
exec27_edge_x-400,15,236,5,0,5,0,0,1,0,4.23532180226,-400
exec27_edge_x-400,3,422,2,0,8,2,0,1,1,3.38844695897,-400
exec27_edge_x-400,27,295,4,0,9,0,0,1,0,4.31923009198,-400
exec27_edge_x-400,33,438,7,0,6,2,0,1,1,2.7418772522,-400
exec27_edge_x-400,15,222,5,0,11,0,0,1,0,1.93056381461,-400
exec27_edge_x-400,21,636,5,0,13,0,0,1,0,3.18443305934,-400
exec27_edge_x-400,30,487,0,0,4,0,0,1,0,2.4754475909,-400
exec27_edge_x-400,30,1740,0,0,0,0,0,0,0,5.50687002244,-400
exec27_edge_x-400,21,1909,5,0,0,0,0,0,0,4.69278661231,-400
exec27_edge_x-400,45,433,5,0,11,0,0,1,0,3.70742163818,-400
exec27_edge_x-400,15,219,7,0,2,0,0,1,0,1.74226558049,-400
exec27_edge_x-400,21,629,7,0,7,0,0,1,0,6.50186118678,-400
exec27_edge_x-400,36,50,2,0,7,4,0,1,1,1.62893267589,-400
exec27_edge_x-400,15,213,7,0,13,2,0,1,1,4.93374690707,-400
exec27_edge_x-400,15,203,4,0,13,3,0,1,1,3.73561798181,-400
exec27_edge_x-400,27,257,5,0,17,2,0,1,1,4.585394184,-400
exec27_edge_x-400,15,188,0,0,9,1,0,1,1,4.26809126504,-400
exec27_edge_x-400,36,3038,6,0,6,0,0,1,1,3.57055181655,-400
exec27_edge_x-400,33,398,0,0,7,0,0,1,0,8.96130408922,-400
exec27_edge_x-400,15,179,2,0,16,7,0,1,1,2.56877485342,-400
exec27_edge_x-400,36,3026,3,0,4,0,0,1,0,4.58726498739,-400
exec27_edge_x-400,21,584,7,0,10,3,0,1,1,18.0933473938,-400
exec27_edge_x-400,6,482,7,0,5,0,0,1,0,2.5959950081,-400
exec27_edge_x-400,27,233,0,0,3,4,0,1,1,2.63362909313,-400
exec27_edge_x-400,27,1503,0,0,0,0,0,0,0,5.66846769099,-400
exec27_edge_x-400,15,158,5,0,4,0,0,1,0,3.07178880133,-400
exec27_edge_x-400,33,379,4,0,2,0,0,1,0,1.76298257238,-400
exec27_edge_x-400,12,1934,6,0,10,2,0,1,1,7.03705756976,-400
exec27_edge_x-400,33,1602,4,0,0,0,0,0,0,3.47818010132,-400
exec27_edge_x-400,36,3015,7,0,5,0,0,1,0,3.15509682048,-400
exec27_edge_x-400,39,270,2,0,8,0,0,1,0,2.19372953996,-400
exec27_edge_x-400,42,977,4,0,11,6,0,1,1,2.52421549298,-400
exec27_edge_x-400,39,266,7,0,3,0,0,1,0,1.86273817823,-400
exec27_edge_x-400,39,259,5,0,8,0,0,1,0,4.24732506969,-400
exec27_edge_x-400,45,342,0,0,3,0,0,1,0,5.37957112853,-400
exec27_edge_x-400,21,548,4,0,12,0,0,1,1,13.6262170649,-400
exec27_edge_x-400,45,329,1,0,4,0,0,1,0,1.43414624011,-400
exec27_edge_x-400,45,1592,1,0,0,0,0,0,0,3.67793810193,-400
exec27_edge_x-400,12,1904,0,0,17,14,0,1,1,4.32289375917,-400
exec27_edge_x-400,12,1893,5,0,23,0,0,1,1,6.21892404311,-400
exec27_edge_x-400,18,292,7,0,9,2,0,1,1,4.15114556195,-400
exec27_edge_x-400,15,98,1,0,17,1,0,1,1,1.74333294983,-400
exec27_edge_x-400,18,287,5,0,0,0,0,1,0,1.95521763126,-400
exec27_edge_x-400,12,1888,2,0,3,0,0,1,0,4.20602032736,-400
exec27_edge_x-400,6,424,6,0,0,0,0,1,0,2.05295926464,-400
exec27_edge_x-400,18,282,5,0,2,0,0,1,0,3.65245256541,-400
exec27_edge_x-400,27,179,1,0,1,0,0,1,0,5.17395192909,-400
exec27_edge_x-400,21,523,2,0,0,0,0,0,0,4.87598266205,-400
exec27_edge_x-400,6,415,6,0,2,0,0,1,0,7.94778541847,-400
exec27_edge_x-400,36,2944,1,0,2,0,0,1,0,2.56632671535,-400
exec27_edge_x-400,42,910,1,0,18,2,0,1,1,3.80738722897,-400
exec27_edge_x-400,21,511,7,0,1,0,0,1,0,2.28836339087,-400
exec27_edge_x-400,24,174,7,0,9,2,0,1,1,2.63573469928,-400
exec27_edge_x-400,3,249,7,0,3,0,0,1,1,1.82239599948,-400
exec27_edge_x-400,39,179,0,0,0,0,0,0,0,2.05340731794,-400
exec27_edge_x-400,0,158,4,0,7,1,0,1,1,3.51038856766,-400
exec27_edge_x-400,33,294,1,0,21,8,0,1,1,5.09935143882,-400
exec27_edge_x-400,3,241,3,0,16,0,0,1,0,2.87706100461,-400
exec27_edge_x-400,9,306,1,0,9,1,0,1,1,2.87667321187,-400
exec27_edge_x-400,6,371,7,0,9,0,0,1,0,3.16038060559,-400
exec27_edge_x-400,3,235,0,0,5,1,0,1,1,2.73622292227,-400
exec27_edge_x-400,33,271,0,0,1,0,0,1,1,5.38985819615,-400
exec27_edge_x-400,3,223,0,0,34,17,0,1,1,3.15109430784,-400
exec27_edge_x-400,12,1797,3,0,2,0,0,1,0,3.05440383991,-400
exec27_edge_x-400,15,3832,3,0,10,0,0,1,0,5.38999553304,-400
exec27_edge_x-400,12,1788,4,0,22,11,0,1,1,4.74012771536,-400
exec27_edge_x-400,30,271,6,0,6,0,0,1,0,7.0815352241,-400
exec27_edge_x-400,36,2857,1,0,5,0,0,1,0,1.87518937697,-400
exec27_edge_x-400,6,322,1,0,3,0,0,1,0,1.65241259973,-400
exec27_edge_x-400,39,103,0,0,10,0,0,1,1,4.59001017622,-400
exec27_edge_x-400,45,185,2,0,6,0,0,1,1,4.47091467133,-400
exec27_edge_x-400,0,64,5,0,6,0,0,1,0,1.30497664434,-400
exec27_edge_x-400,21,405,3,0,14,0,0,1,0,3.7318321625,-400
exec27_edge_x-400,9,218,4,0,5,0,0,1,0,2.98905402965,-400
exec27_edge_x-400,9,1739,5,0,1,2,0,1,1,4.14148616298,-400
exec27_edge_x-400,36,2786,2,0,11,0,0,1,0,2.37165452421,-400
exec27_edge_x-400,42,772,4,0,1,2,0,1,1,3.85245055054,-400
exec27_edge_x-400,39,3849,2,0,14,0,0,1,0,2.4939144082,-400
exec27_edge_x-400,12,1709,6,0,17,5,0,1,1,3.91871825803,-400
exec27_edge_x-400,0,3180,12,1,17,1,0,1,1,10.8874380822,-400
exec27_edge_x-400,18,95,0,0,5,0,0,1,0,2.58986485197,-400
exec27_edge_x-400,33,164,6,0,14,0,0,1,0,2.58818559174,-400
exec27_edge_x-400,6,247,2,0,2,0,0,1,0,2.79756891937,-400
exec27_edge_x-400,9,173,7,0,6,0,0,1,0,2.43815213262,-400
exec27_edge_x-400,12,1691,0,0,3,0,0,1,1,2.28201122041,-400
exec27_edge_x-400,12,3219,0,0,0,0,0,0,0,2.87629849017,-400
exec27_edge_x-400,42,748,2,0,12,5,0,1,1,3.22062279843,-400
exec27_edge_x-400,45,107,7,0,10,0,0,1,1,1.68627502176,-400
exec27_edge_x-400,33,151,3,0,11,0,0,1,1,1.98310262666,-400
exec27_edge_x-400,9,154,6,0,10,0,0,1,0,2.41776292229,-400
exec27_edge_x-400,42,740,1,0,15,2,0,1,1,4.08176541326,-400
exec27_edge_x-400,27,3517,2,0,3,0,0,1,0,2.16474003431,-400
exec27_edge_x-400,12,1658,6,0,21,0,0,1,0,5.11253085394,-400
exec27_edge_x-400,12,1657,3,0,24,2,0,1,1,3.73237774755,-400
exec27_edge_x-400,24,2857,2,0,3,0,0,1,0,7.20535080098,-400
exec27_edge_x-400,39,3772,9,1,20,1,0,1,1,7.98763070613,-400
exec27_edge_x-400,30,122,5,0,30,6,0,1,1,2.7344531298,-400
exec27_edge_x-400,18,3369,2,0,7,0,0,1,0,2.89296536787,-400
exec27_edge_x-400,15,3678,3,0,1,0,0,1,0,5.40519951448,-400
exec27_edge_x-400,33,100,5,0,5,0,0,1,0,3.34215901225,-400
exec27_edge_x-400,9,91,6,0,7,0,0,1,1,1.30145210807,-400
exec27_edge_x-400,9,68,2,0,6,0,0,1,0,1.28647200619,-400
exec27_edge_x-400,15,3657,3,0,7,0,0,1,1,4.40820806119,-400
exec27_edge_x-400,36,2682,6,0,9,0,0,1,0,2.3642470072,-400
exec27_edge_x-400,12,1584,3,0,18,2,0,1,1,3.9728738152,-400
exec27_edge_x-400,30,60,9,1,25,8,0,1,1,4.80810136778,-400
exec27_edge_x-400,33,46,0,0,8,3,0,1,1,1.41922987716,-400
exec27_edge_x-400,36,2663,8,1,12,0,0,1,0,5.69397248854,-400
exec27_edge_x-400,0,3053,3,0,5,1,0,1,1,2.59333883937,-400
exec27_edge_x-400,36,2659,7,0,12,0,0,1,1,6.33596575837,-400
exec27_edge_x-400,45,3928,0,0,3,0,0,1,0,2.07760077977,-400
exec27_edge_x-400,9,3243,7,0,20,3,0,1,1,5.0624322055,-400
exec27_edge_x-400,24,2788,4,0,5,0,0,1,0,3.31172926437,-400
exec27_edge_x-400,33,3107,1,0,0,0,0,1,0,3.83801406786,-400
exec27_edge_x-400,3,2989,2,0,6,0,0,1,1,4.67920549035,-400
exec27_edge_x-400,15,3597,7,0,4,0,0,1,0,2.23984064409,-400
exec27_edge_x-400,30,3501,0,0,22,12,0,1,1,2.58911942343,-400
exec27_edge_x-400,27,3393,4,0,15,0,0,1,0,4.28617614065,-400
exec27_edge_x-400,45,3896,0,0,12,2,0,1,1,2.50437547401,-400
exec27_edge_x-400,12,1533,2,0,5,2,0,1,1,3.24677204585,-400
exec27_edge_x-400,15,3572,0,0,2,2,0,1,1,3.0420576074,-400
exec27_edge_x-400,45,3883,1,0,16,3,0,1,1,5.12304511972,-400
exec27_edge_x-400,30,3479,2,0,2,0,0,1,0,3.20312382349,-400
exec27_edge_x-400,15,3567,0,0,2,0,0,1,0,6.60313730273,-400
exec27_edge_x-400,39,3649,2,0,2,0,0,1,0,2.23757062673,-400
exec27_edge_x-400,15,3560,2,0,0,0,0,1,0,2.95158232721,-400
exec27_edge_x-400,30,3469,2,0,8,0,0,1,0,8.92322633382,-400
exec27_edge_x-400,12,1517,6,0,9,1,0,1,1,5.66610541148,-400
exec27_edge_x-400,0,2999,1,0,11,1,0,1,1,3.04625659863,-400
exec27_edge_x-400,9,3200,15,1,7,0,0,1,1,7.00770713787,-400
exec27_edge_x-400,24,2723,1,0,4,0,0,1,0,4.64663908527,-400
exec27_edge_x-400,15,3525,6,0,8,0,0,1,0,2.81457965339,-400
exec27_edge_x-400,45,3838,7,0,16,0,0,1,0,2.48269448431,-400
exec27_edge_x-400,21,120,0,0,10,3,0,1,1,5.50351264687,-400
exec27_edge_x-400,6,3859,3,0,0,0,0,1,0,1.64057205135,-400
exec27_edge_x-400,42,546,6,0,6,0,0,1,0,2.59999321569,-400
exec27_edge_x-400,12,1466,1,0,10,0,0,1,0,1.98571906537,-400
exec27_edge_x-400,21,104,2,0,0,0,0,1,0,3.02135621539,-400
exec27_edge_x-400,18,3190,0,0,3,0,0,1,1,3.63880635554,-400
exec27_edge_x-400,9,3145,6,0,11,0,0,1,0,2.88018987257,-400
exec27_edge_x-400,36,2531,2,0,17,5,0,1,1,3.29766923525,-400
exec27_edge_x-400,9,3132,1,0,5,2,0,1,1,2.98510157439,-400
exec27_edge_x-400,24,2674,2,0,12,6,0,1,1,3.50737891968,-400
exec27_edge_x-400,9,3130,7,0,0,0,0,1,0,2.25500189384,-400
exec27_edge_x-400,42,506,2,0,9,2,0,1,1,8.59749813296,-400
exec27_edge_x-400,39,3564,4,0,5,3,0,1,1,2.0209150067,-400
exec27_edge_x-400,6,3807,6,0,14,7,0,1,1,3.55897521368,-400
exec27_edge_x-400,39,3556,2,0,9,0,0,1,0,3.73606579257,-400
exec27_edge_x-400,0,2919,4,0,16,2,0,1,1,2.43695233444,-400
exec27_edge_x-400,21,3466,4,0,1,0,0,1,0,1.62334867497,-400
exec27_edge_x-400,33,2958,4,0,13,3,0,1,1,4.71501149873,-400
exec27_edge_x-400,6,3791,7,0,1,0,0,1,0,4.7271337633,-400
exec27_edge_x-400,12,1418,2,0,2,0,0,1,0,6.56568275634,-400
exec27_edge_x-400,0,2902,0,0,11,0,0,1,0,2.04617609998,-400
exec27_edge_x-400,30,3364,0,0,19,2,0,1,1,3.89156223563,-400
exec27_edge_x-400,12,1410,0,0,12,0,0,1,0,5.58037729065,-400
exec27_edge_x-400,36,2501,5,0,11,4,0,1,1,2.78117098409,-400
exec27_edge_x-400,15,3455,0,0,18,0,0,1,0,2.17479136983,-400
exec27_edge_x-400,21,3443,6,0,0,0,0,1,0,2.99170679169,-400
exec27_edge_x-400,30,3358,7,0,3,0,0,1,0,2.58314782296,-400
exec27_edge_x-400,3,2813,7,0,2,0,0,1,0,3.14288485724,-400
exec27_edge_x-400,30,3352,0,0,3,0,0,1,0,5.95310984523,-400
exec27_edge_x-400,30,3348,3,0,14,0,0,1,1,2.00628006704,-400
exec27_edge_x-400,6,3757,7,0,6,3,0,1,1,2.67823034297,-400
exec27_edge_x-400,15,3440,1,0,24,4,0,1,1,4.2709983059,-400
exec27_edge_x-400,45,3746,4,0,1,0,0,1,0,3.47597006382,-400
exec27_edge_x-400,18,3098,2,0,10,2,0,1,1,5.32956502274,-400
exec27_edge_x-400,36,2459,7,0,3,0,0,1,0,5.51222605055,-400
exec27_edge_x-400,36,2456,0,0,2,0,0,1,0,1.54075524892,-400
exec27_edge_x-400,18,3088,1,0,1,0,0,1,0,5.11114828219,-400
exec27_edge_x-400,27,3219,7,0,1,0,0,1,0,4.09330359117,-400
exec27_edge_x-400,27,3217,4,0,18,4,0,1,1,5.0520678812,-400
exec27_edge_x-400,3,2783,1,0,25,2,0,1,1,1.95653697997,-400
exec27_edge_x-400,0,2850,0,0,1,0,0,1,0,4.75221989164,-400
exec27_edge_x-400,33,2903,1,0,12,0,0,1,1,3.42678921261,-400
exec27_edge_x-400,45,3725,4,0,34,2,0,1,1,4.59325844297,-400
exec27_edge_x-400,6,3730,6,0,2,0,0,1,0,3.16981973808,-400
exec27_edge_x-400,36,2438,7,0,3,0,0,1,0,4.38279665595,-400
exec27_edge_x-400,12,1332,7,0,5,2,0,1,1,4.71100017477,-400
exec27_edge_x-400,12,1328,1,0,0,0,0,1,0,3.47640032706,-400
exec27_edge_x-400,0,2829,1,0,3,0,0,1,0,5.3544216481,-400
exec27_edge_x-400,42,402,3,0,14,1,0,1,1,6.03324529063,-400
exec27_edge_x-400,33,2862,5,0,11,0,0,1,1,2.50002544755,-400
exec27_edge_x-400,45,3692,7,0,0,0,0,0,0,4.81896768458,-400
exec27_edge_x-400,15,3378,6,0,30,9,0,1,1,4.82454284761,-400
exec27_edge_x-400,45,3686,1,0,4,4,0,1,1,1.68443655564,-400
exec27_edge_x-400,39,3438,1,0,3,0,0,1,0,2.14885956704,-400
exec27_edge_x-400,30,3275,2,0,17,4,0,1,1,5.97565834627,-400
exec27_edge_x-400,21,3314,4,0,7,0,0,1,0,2.30392862295,-400
exec27_edge_x-400,27,3149,7,0,13,0,0,1,0,5.10333097637,-400
exec27_edge_x-400,0,2802,5,0,8,0,0,1,0,1.87155589634,-400
exec27_edge_x-400,24,2526,7,0,16,7,0,1,1,4.04472728704,-400
exec27_edge_x-400,21,3289,5,0,5,3,0,1,1,7.11008300438,-400
exec27_edge_x-400,24,2518,7,0,10,0,0,1,0,2.11407352302,-400
exec27_edge_x-400,18,3009,0,0,9,4,0,1,1,4.59384313245,-400
exec27_edge_x-400,18,3388,2,0,1,1,0,1,1,4.88232834834,-400
exec27_edge_x-400,3,2666,3,0,11,0,0,1,0,3.07970178912,-400
exec27_edge_x-400,3,2658,6,0,16,0,0,1,0,3.51031637158,-400
exec27_edge_x-400,9,2911,1,0,7,0,0,1,0,4.51335173745,-400
exec27_edge_x-400,27,3114,2,0,6,0,0,1,1,3.89688388116,-400
exec27_edge_x-400,0,2754,6,0,10,0,0,1,0,2.08987878845,-400
exec27_edge_x-400,30,3197,5,0,15,0,0,1,0,5.6665014835,-400
exec27_edge_x-400,36,2316,7,0,6,0,0,1,0,4.65775366541,-400
exec27_edge_x-400,30,3187,2,0,11,0,0,1,0,3.98518198188,-400
exec27_edge_x-400,39,3353,3,0,13,2,0,1,1,4.3291039451,-400
exec27_edge_x-400,36,2306,1,0,12,0,0,1,0,2.36851353761,-400
exec27_edge_x-400,36,2303,14,1,16,0,0,1,1,6.25905379803,-400
exec27_edge_x-400,39,3342,7,0,23,2,0,1,1,4.93918507642,-400
exec27_edge_x-400,33,2751,6,0,4,0,0,1,0,4.44340208689,-400
exec27_edge_x-400,36,2285,3,0,4,2,0,1,1,9.04399778598,-400
exec27_edge_x-400,33,2739,7,0,24,5,0,1,1,2.92257202034,-400
exec27_edge_x-400,24,2414,7,0,5,0,0,1,1,3.06167513984,-400
exec27_edge_x-400,45,3550,1,0,7,0,0,1,0,4.1432741086,-400
exec27_edge_x-400,24,2405,6,0,13,0,0,1,0,2.50396011578,-400
exec27_edge_x-400,39,3302,4,0,13,0,0,1,0,3.70689149256,-400
exec27_edge_x-400,21,3175,7,0,0,0,0,1,0,2.98633534296,-400
exec27_edge_x-400,9,2823,7,0,1,0,0,1,0,2.13764956543,-400
exec27_edge_x-400,30,3118,0,0,3,0,0,1,0,3.81592182981,-400
exec27_edge_x-400,42,230,3,0,28,7,0,1,1,4.60212418828,-400
exec27_edge_x-400,21,3154,1,0,14,4,0,1,1,4.41478618822,-400
exec27_edge_x-400,15,3230,3,0,1,0,0,1,0,5.35313755913,-400
exec27_edge_x-400,39,3284,4,0,2,0,0,1,0,5.92900961937,-400
exec27_edge_x-400,9,2809,4,0,24,4,0,1,1,2.55458812919,-400
exec27_edge_x-400,18,2877,2,0,9,0,0,1,1,2.63945552174,-400
exec27_edge_x-400,24,2386,0,0,4,2,0,1,1,2.16634765244,-400
exec27_edge_x-400,27,2996,11,1,50,9,0,1,1,7.6668657065,-400
exec27_edge_x-400,9,2801,0,0,11,0,0,1,1,2.86851803152,-400
exec27_edge_x-400,12,1115,3,0,1,0,0,1,0,3.04416023054,-400
exec27_edge_x-400,18,2858,6,0,4,0,0,1,0,2.49389351039,-400
exec27_edge_x-400,33,2690,4,0,5,0,0,1,0,2.11364586374,-400
exec27_edge_x-400,42,198,1,0,9,0,0,1,0,2.83557804783,-400
exec27_edge_x-400,33,2684,5,0,8,0,0,1,0,4.15987358957,-400
exec27_edge_x-400,36,2203,1,0,14,0,0,1,0,5.03089729675,-400
exec27_edge_x-400,21,3115,3,0,1,0,0,1,0,3.117413695,-400
exec27_edge_x-400,21,3108,9,1,2,0,0,1,0,9.4380598235,-400
exec27_edge_x-400,9,2758,2,0,0,0,0,1,0,2.00864592965,-400
exec27_edge_x-400,12,1090,3,0,1,0,0,1,1,1.8195095761,-400
exec27_edge_x-400,30,3049,1,0,0,0,0,1,0,3.77974172916,-400
exec27_edge_x-400,18,2822,3,0,16,2,0,1,1,5.37177489796,-400
exec27_edge_x-400,27,2946,12,1,0,0,0,1,0,6.62411710511,-400
exec27_edge_x-400,36,2177,1,0,18,3,0,1,1,2.24069063265,-400
exec27_edge_x-400,0,2630,2,0,7,0,0,1,0,3.38994042326,-400
exec27_edge_x-400,42,163,2,0,8,0,0,1,0,4.90746083663,-400
exec27_edge_x-400,45,3470,6,0,4,0,0,1,0,1.98047998951,-400
exec27_edge_x-400,18,2808,9,1,7,0,0,1,0,4.84060356631,-400
exec27_edge_x-400,30,3029,4,0,0,0,0,1,0,1.74481572479,-400
exec27_edge_x-400,45,3454,4,0,8,0,0,1,0,2.44234330173,-400
exec27_edge_x-400,45,3451,3,0,6,0,0,1,0,1.61898601424,-400
exec27_edge_x-400,21,3062,0,0,4,0,0,1,0,6.31157159753,-400
exec27_edge_x-400,21,3061,7,0,0,0,0,0,0,3.22378184994,-400
exec27_edge_x-400,15,3124,0,0,11,0,0,1,0,3.0614166624,-400
exec27_edge_x-400,0,2583,1,0,2,0,0,1,0,3.83014252279,-400
exec27_edge_x-400,0,2578,5,0,24,0,0,1,0,3.51355002335,-400
exec27_edge_x-400,12,1019,2,0,9,0,0,1,0,2.13942291253,-400
exec27_edge_x-400,27,2886,6,0,1,0,0,1,1,5.14738385014,-400
exec27_edge_x-400,3,2435,1,0,15,0,0,1,0,3.05103889707,-400
exec27_edge_x-400,36,2110,1,0,8,0,0,1,0,2.53640971858,-400
exec27_edge_x-400,24,2248,5,0,5,0,0,1,0,2.02921206631,-400
exec27_edge_x-400,39,3177,2,0,0,0,0,1,0,2.1235934834,-400
exec27_edge_x-400,30,2967,15,1,10,0,0,1,0,6.04559793358,-400
exec27_edge_x-400,0,2558,7,0,8,0,0,1,0,1.43227222091,-400
exec27_edge_x-400,21,3023,5,0,40,21,0,1,1,2.79265227869,-400
exec27_edge_x-400,45,3385,4,0,6,0,0,1,0,6.71619235547,-400
exec27_edge_x-400,15,3089,2,0,0,0,0,1,1,4.11392449751,-400
exec27_edge_x-400,39,3138,0,0,5,0,0,1,1,3.90350514577,-400
exec27_edge_x-400,24,2209,7,0,6,0,0,1,0,2.84992155786,-400
exec27_edge_x-400,39,3128,2,0,6,0,0,1,0,4.28198811984,-400
exec27_edge_x-400,15,3078,7,0,6,0,0,1,0,2.98645211324,-400
exec27_edge_x-400,3,2381,6,0,2,0,0,1,0,2.91885548552,-400
exec27_edge_x-400,27,2826,2,0,11,0,0,1,0,5.72845580216,-400
exec27_edge_x-400,3,2380,1,0,8,4,0,1,1,7.13837954783,-400
exec27_edge_x-400,42,3785,7,0,2,0,0,1,0,2.36177720015,-400
exec27_edge_x-400,12,967,6,0,14,10,1,1,1,2.00795334485,-400
exec27_edge_x-400,45,3354,1,0,11,0,0,1,0,4.12169536016,-400
exec27_edge_x-400,30,2926,6,0,14,1,0,1,1,6.03957484566,-400
exec27_edge_x-400,9,2617,1,0,6,0,0,1,0,3.53402139774,-400
exec27_edge_x-400,45,3352,4,0,6,0,0,1,0,6.63392850435,-400
exec27_edge_x-400,39,3113,10,1,4,0,0,1,0,6.57833818779,-400
exec27_edge_x-400,24,2179,2,0,20,5,0,1,1,2.51924261874,-400
exec27_edge_x-400,33,2515,7,0,3,0,0,1,0,6.05861799917,-400
exec27_edge_x-400,0,2487,3,0,16,1,0,1,1,4.00897049766,-400
exec27_edge_x-400,27,2809,0,0,15,4,0,1,1,2.69658043989,-400
exec27_edge_x-400,45,3341,5,0,14,2,0,1,1,2.51291852293,-400
exec27_edge_x-400,30,2908,6,0,9,1,0,1,1,3.8967442829,-400
exec27_edge_x-400,6,3313,4,0,5,0,0,1,0,4.06930502684,-400
exec27_edge_x-400,45,3326,0,0,12,0,0,1,0,5.009500393,-400
exec27_edge_x-400,33,2475,0,0,7,0,0,1,0,4.71713938057,-400
exec27_edge_x-400,15,3040,8,1,10,0,0,1,1,5.20454257721,-400
exec27_edge_x-400,6,3302,4,0,6,2,0,1,1,3.61806449021,-400
exec27_edge_x-400,27,2769,1,0,0,0,0,1,0,3.49663016337,-400
exec27_edge_x-400,30,2869,4,0,18,1,0,1,1,8.61693225187,-400
exec27_edge_x-400,18,2637,2,0,10,0,0,1,0,3.62282920108,-400
exec27_edge_x-400,27,2756,3,0,5,0,0,1,0,2.55858659627,-400
exec27_edge_x-400,33,2416,3,0,3,1,0,1,1,2.61277048324,-400
exec27_edge_x-400,12,871,7,0,4,0,0,1,1,2.54439319051,-400
exec27_edge_x-400,45,3250,3,0,11,1,0,1,1,2.14318303305,-400
exec27_edge_x-400,18,2612,3,0,0,0,0,1,0,1.8120341057,-400
exec27_edge_x-400,45,3249,5,0,9,0,0,1,1,1.75308445077,-400
exec27_edge_x-400,33,2397,1,0,27,5,0,1,1,7.63055879763,-400
exec27_edge_x-400,6,3234,4,0,20,4,0,1,1,2.99057220915,-400
exec27_edge_x-400,36,1944,4,0,6,0,0,1,0,2.82688024225,-400
exec27_edge_x-400,15,2967,7,0,4,0,0,1,0,2.43875414421,-400
exec27_edge_x-400,0,2361,0,0,7,0,0,1,0,1.68489450556,-400
exec27_edge_x-400,24,2039,7,0,14,6,0,1,1,3.17333639116,-400
exec27_edge_x-400,15,2950,4,0,2,0,0,1,0,3.11820204093,-400
exec27_edge_x-400,33,2373,7,0,17,4,0,1,1,2.67878438178,-400
exec27_edge_x-400,27,2684,7,0,3,0,0,1,0,1.49642565568,-400
exec27_edge_x-400,12,832,5,0,8,0,0,1,0,6.1590588822,-400
exec27_edge_x-400,36,1909,4,0,1,0,0,1,1,3.0384373875,-400
exec27_edge_x-400,39,2966,5,0,21,3,0,1,1,2.03521488106,-400
exec27_edge_x-400,3,2201,2,0,14,1,0,1,1,2.14176300432,-400
exec27_edge_x-400,27,2656,3,0,3,0,0,1,0,3.61090701963,-400
exec27_edge_x-400,33,2342,1,0,12,0,0,1,0,3.71417534386,-400
exec27_edge_x-400,21,2802,4,0,1,1,0,1,1,2.88923559421,-400
exec27_edge_x-400,12,796,2,0,14,0,0,1,1,2.73450291123,-400
exec27_edge_x-400,36,1863,3,0,0,0,0,1,0,4.93905474793,-400
exec27_edge_x-400,12,779,5,0,6,0,0,1,0,8.43720815001,-400
exec27_edge_x-400,36,1857,0,0,19,5,0,1,1,3.35221568153,-400
exec27_edge_x-400,18,2522,1,0,3,0,0,1,0,1.59776977016,-400
exec27_edge_x-400,36,1853,5,0,12,4,0,1,1,3.37356217722,-400
exec27_edge_x-400,15,2875,0,0,10,0,0,1,0,2.50597541672,-400
exec27_edge_x-400,39,3853,2,0,9,0,0,1,0,5.99185641591,-400
exec27_edge_x-400,36,1830,4,0,4,0,0,1,0,2.22308295314,-400
exec27_edge_x-400,15,2858,4,0,7,4,0,1,1,2.27140049045,-400
exec27_edge_x-400,27,2556,2,0,13,0,0,1,1,2.73979803899,-400
exec27_edge_x-400,3,2102,8,1,3,0,0,1,0,5.78290834607,-400
exec27_edge_x-400,24,1931,1,0,0,0,0,0,0,2.67710270703,-400
exec27_edge_x-400,30,2662,2,0,19,2,0,1,1,2.05093192158,-400
exec27_edge_x-400,24,1929,3,0,17,2,0,1,1,4.48725570064,-400
exec27_edge_x-400,6,3100,4,0,8,0,0,1,0,3.50452364746,-400
exec27_edge_x-400,42,3524,5,0,8,4,0,1,1,1.84784871616,-400
exec27_edge_x-400,36,1795,1,0,9,0,0,1,0,1.74412139004,-400
exec27_edge_x-400,39,2873,4,0,11,0,0,1,0,7.2238360068,-400
exec27_edge_x-400,12,698,0,0,7,4,0,1,1,3.98012289431,-400
exec27_edge_x-400,24,1908,3,0,6,0,0,1,0,3.19650139507,-400
exec27_edge_x-400,36,1783,3,0,0,0,0,1,0,2.87542967256,-400
exec27_edge_x-400,24,1901,6,0,3,0,0,1,0,2.68728520285,-400
exec27_edge_x-400,42,3509,3,0,7,1,0,1,1,2.36234131769,-400
exec27_edge_x-400,45,3080,7,0,19,6,0,1,1,4.3776979592,-400
exec27_edge_x-400,27,2509,5,0,5,0,0,1,0,3.29842967323,-400
exec27_edge_x-400,30,2616,5,0,11,3,0,1,1,6.14136879342,-400
exec27_edge_x-400,6,3048,5,0,2,0,0,1,0,4.15127921763,-400
exec27_edge_x-400,27,2490,1,0,3,0,0,1,0,1.84927593141,-400
exec27_edge_x-400,39,2831,7,0,0,0,0,1,0,2.77821600872,-400
exec27_edge_x-400,36,1746,4,0,0,0,0,1,0,2.2470529934,-400
exec27_edge_x-400,9,2255,0,0,3,0,0,1,1,1.77694830695,-400
exec27_edge_x-400,0,2147,7,0,10,0,0,1,0,3.4161596396,-400
exec27_edge_x-400,42,3452,7,0,5,0,0,1,0,3.49879007563,-400
exec27_edge_x-400,3,2013,2,0,1,0,0,1,0,2.91523647038,-400
exec27_edge_x-400,21,2640,3,0,12,0,0,1,0,5.344349184,-400
exec27_edge_x-400,21,2617,5,0,3,0,0,1,0,5.20212693577,-400
exec27_edge_x-400,45,2977,4,0,12,0,0,1,0,4.38000030198,-400
exec27_edge_x-400,45,3978,4,0,0,0,0,0,0,8.66110801446,-400
exec27_edge_x-400,18,2334,5,0,2,0,0,1,0,3.59480247494,-400
exec27_edge_x-400,12,607,5,0,5,0,0,1,0,8.49339984105,-400
exec27_edge_x-400,18,2329,6,0,6,0,0,1,0,2.59148865597,-400
exec27_edge_x-400,33,2131,1,0,11,3,0,1,1,3.49752662259,-400
exec27_edge_x-400,15,2699,2,0,4,0,0,1,0,5.5091169273,-400
exec27_edge_x-400,33,2121,14,1,12,0,0,1,1,5.47629129407,-400
exec27_edge_x-400,21,2568,15,1,11,1,0,1,1,4.55031873525,-400
exec27_edge_x-400,9,2170,2,0,4,2,0,1,1,1.83746760361,-400
exec27_edge_x-400,42,3359,0,0,16,2,0,1,1,7.10076797987,-400
exec27_edge_x-400,18,2292,2,0,5,0,0,1,0,8.25967304283,-400
exec27_edge_x-400,42,3340,2,0,11,0,0,1,0,4.05490499374,-400
exec27_edge_x-400,6,2904,4,0,4,0,0,1,0,1.62807134012,-400
exec27_edge_x-400,15,2636,0,0,26,3,0,1,1,2.68501394371,-400
exec27_edge_x-400,12,560,6,0,5,2,0,1,1,3.03263364661,-400
exec27_edge_x-400,3,1891,0,0,11,0,0,1,0,1.9662660719,-400
exec27_edge_x-400,3,1884,5,0,7,0,0,1,0,1.66232792753,-400
exec27_edge_x-400,3,1874,4,0,12,2,0,1,1,3.98911852611,-400
exec27_edge_x-400,21,2530,1,0,8,4,0,1,1,2.44924214902,-400
exec27_edge_x-400,0,2000,6,0,9,0,0,1,0,2.85528662399,-400
exec27_edge_x-400,6,2874,3,0,20,0,0,1,0,3.00974007729,-400
exec27_edge_x-400,15,2603,4,0,20,4,0,1,1,8.88597693837,-400
exec27_edge_x-400,6,2868,3,0,1,0,0,1,0,3.01802227437,-400
exec27_edge_x-400,15,2597,7,0,10,1,0,1,1,2.97674588115,-400
exec27_edge_x-400,9,2108,1,0,6,0,0,1,0,5.26530591708,-400
exec27_edge_x-400,21,2491,0,0,5,1,0,1,1,3.20741605615,-400
exec27_edge_x-400,45,2852,0,0,9,0,0,1,0,4.26491475084,-400
exec27_edge_x-400,3,1810,7,0,6,0,0,1,0,2.2143273724,-400
exec27_edge_x-400,36,1539,4,0,3,0,0,1,0,3.34118139619,-400
exec27_edge_x-400,30,2394,5,0,12,2,0,1,1,3.53607714559,-400
exec27_edge_x-400,15,2544,1,0,7,0,0,1,0,3.94795571782,-400
exec27_edge_x-400,36,1533,0,0,9,0,0,1,0,5.31890463138,-400
exec27_edge_x-400,27,2277,1,0,12,0,0,1,0,2.59918977346,-400
exec27_edge_x-400,30,2387,6,0,7,0,1,1,0,1.76373730835,-400
exec27_edge_x-400,6,2814,4,0,0,0,0,1,0,5.51729001589,-400
exec27_edge_x-400,6,2812,6,0,3,0,0,1,0,8.37629435348,-400
exec27_edge_x-400,0,1920,7,0,18,4,0,1,1,4.93213460879,-400
exec27_edge_x-400,24,1645,6,0,6,0,0,1,0,1.29536913627,-400
exec27_edge_x-400,18,2185,2,0,5,0,0,1,0,5.80969971949,-400
exec27_edge_x-400,18,2177,7,0,16,0,0,1,1,2.79383670186,-400
exec27_edge_x-400,21,2446,1,0,25,4,0,1,1,2.99745511816,-400
exec27_edge_x-400,27,3584,0,0,0,0,0,0,0,7.70861937433,-400
exec27_edge_x-400,6,2788,6,0,6,0,0,1,0,4.2556776307,-400
exec27_edge_x-400,42,3227,3,0,17,4,0,1,1,8.90346927435,-400
exec27_edge_x-400,21,2438,0,0,9,1,0,1,1,8.05472496953,-400
exec27_edge_x-400,36,1494,5,0,11,0,0,1,1,2.7004871651,-400
exec27_edge_x-400,36,1486,3,0,18,0,0,1,0,1.82047480225,-400
exec27_edge_x-400,33,1963,0,0,15,3,0,1,1,3.98624749208,-400
exec27_edge_x-400,9,2029,6,0,11,2,0,1,1,1.69266348574,-400
exec27_edge_x-400,42,3216,2,0,6,0,0,1,1,9.59123556304,-400
exec27_edge_x-400,33,1958,2,0,15,2,0,1,1,1.88515027151,-400
exec27_edge_x-400,21,2424,4,0,7,0,0,1,0,3.88117949454,-400
exec27_edge_x-400,27,2209,3,0,9,0,0,1,0,6.97211094162,-400
exec27_edge_x-400,6,2759,1,0,10,0,0,1,0,1.8715817609,-400
exec27_edge_x-400,33,1953,7,0,5,0,0,1,0,2.33672546524,-400
exec27_edge_x-400,15,2473,8,1,14,2,0,1,1,9.33958980702,-400
exec27_edge_x-400,0,1864,0,0,12,5,0,1,1,5.43485930601,-400
exec27_edge_x-400,36,1456,2,0,17,12,0,1,1,2.00503926752,-400
exec27_edge_x-400,24,4318,1,0,5,0,0,1,0,8.37120705811,-400
exec27_edge_x-400,18,2126,0,0,7,0,0,1,1,3.39943314274,-400
exec27_edge_x-400,45,2767,4,0,2,0,0,1,0,2.26709937541,-400
exec27_edge_x-400,0,1849,7,0,6,0,0,1,0,2.1301466803,-400
exec27_edge_x-400,45,2765,1,0,8,4,0,1,1,2.58239689489,-400
exec27_edge_x-400,3,1700,5,0,7,0,0,1,0,1.31743446427,-400
exec27_edge_x-400,18,2105,5,0,14,4,0,1,1,2.87929783316,-400
exec27_edge_x-400,27,2160,0,0,1,0,0,1,0,3.62307795985,-400
exec27_edge_x-400,18,2099,6,0,14,0,0,1,1,1.65375519219,-400
exec27_edge_x-400,21,2381,7,0,23,8,0,1,1,4.30474055617,-400
exec27_edge_x-400,33,1900,1,0,1,0,0,1,0,1.93542967606,-400
exec27_edge_x-400,18,2074,2,0,14,1,0,1,1,2.22432619321,-400
exec27_edge_x-400,21,2363,5,0,0,0,0,0,0,5.65082634506,-400
exec27_edge_x-400,9,1956,15,1,27,4,0,1,1,5.57497980551,-400
exec27_edge_x-400,45,2724,5,0,2,0,0,1,0,4.10153364087,-400
exec27_edge_x-400,39,2496,0,0,13,3,0,1,1,2.49150307518,-400
exec27_edge_x-400,0,1808,6,0,9,0,0,1,0,1.96647499237,-400
exec27_edge_x-400,12,338,0,0,5,1,0,1,1,3.7406643195,-400
exec27_edge_x-400,6,2685,5,0,6,0,0,1,0,3.23718554436,-400
exec27_edge_x-400,15,2396,7,0,9,0,0,1,1,6.46747070226,-400
exec27_edge_x-400,18,2046,1,0,15,4,0,1,1,1.92399154435,-400
exec27_edge_x-400,18,2042,4,0,4,0,0,1,0,2.20965135232,-400
exec27_edge_x-400,24,4235,0,0,8,4,0,1,1,3.0382990868,-400
exec27_edge_x-400,30,2232,1,0,28,7,0,1,1,2.65124525495,-400
exec27_edge_x-400,15,2360,7,0,8,1,0,1,1,4.64364829467,-400
exec27_edge_x-400,39,2443,0,0,4,1,0,1,1,2.46330745622,-400
exec27_edge_x-400,3,4550,7,0,13,7,0,1,1,2.15773382419,-400
exec27_edge_x-400,12,293,4,0,6,0,0,1,0,2.4353289975,-400
exec27_edge_x-400,36,4530,5,0,0,0,0,1,0,3.02779730815,-400
exec27_edge_x-400,33,1808,6,0,13,0,0,1,0,4.93019523022,-400
exec27_edge_x-400,36,4521,5,0,3,0,0,1,1,3.30077396884,-400
exec27_edge_x-400,18,1986,8,1,3,0,0,1,1,7.81852416654,-400
exec27_edge_x-400,12,274,7,0,1,0,0,1,0,2.04434332597,-400
exec27_edge_x-400,18,1980,1,0,30,4,0,1,1,2.43445016244,-400
exec27_edge_x-400,3,4527,6,0,8,0,0,1,1,2.88712320673,-400
exec27_edge_x-400,0,1721,7,0,7,0,0,1,0,4.86532344551,-400
exec27_edge_x-400,39,2401,4,0,2,0,0,1,0,2.43055043757,-400
exec27_edge_x-400,24,4177,2,0,13,0,0,1,1,4.13995681308,-400
exec27_edge_x-400,18,1971,7,0,8,0,0,1,0,3.66870112641,-400
exec27_edge_x-400,39,2398,6,0,7,1,0,1,1,7.0789142725,-400
exec27_edge_x-400,15,2310,5,0,21,0,0,1,1,3.2143021781,-400
exec27_edge_x-400,15,2303,4,0,5,0,0,1,0,2.2533763138,-400
exec27_edge_x-400,21,2221,1,0,24,5,0,1,1,2.90433499245,-400
exec27_edge_x-400,6,2587,5,0,2,0,0,1,0,2.15157044751,-400
exec27_edge_x-400,45,2610,3,0,2,0,0,1,1,2.46936695965,-400
exec27_edge_x-400,18,1942,2,0,2,0,0,1,0,2.89771966879,-400
exec27_edge_x-400,0,1684,7,0,7,0,0,1,0,2.99192276043,-400
exec27_edge_x-400,33,1748,4,0,9,0,0,1,0,2.05008442274,-400
exec27_edge_x-400,36,4441,1,0,3,0,0,1,0,5.68718367084,-400
exec27_edge_x-400,3,4457,7,0,3,0,0,1,0,2.34376794555,-400
exec27_edge_x-400,3,4604,7,0,0,0,0,0,0,4.57644519572,-400
exec27_edge_x-400,0,1658,1,0,9,2,0,1,1,2.95208026604,-400
exec27_edge_x-400,0,1656,5,0,12,0,0,1,0,5.3763532008,-400
exec27_edge_x-400,27,1956,7,0,0,0,0,1,0,4.12541537933,-400
exec27_edge_x-400,30,2107,6,0,16,8,0,1,1,4.5165787314,-400
exec27_edge_x-400,39,2320,5,0,15,11,0,1,1,4.07556068287,-400
exec27_edge_x-400,12,165,7,0,14,0,0,1,0,2.66504290172,-400
exec27_edge_x-400,33,1709,4,0,13,1,0,1,1,4.66484560451,-400
exec27_edge_x-400,21,2142,2,0,10,0,0,1,0,3.23457451953,-400
exec27_edge_x-400,18,1877,2,0,18,2,0,1,1,2.79962404933,-400
exec27_edge_x-400,21,2140,7,0,8,2,0,1,1,2.32518005958,-400
exec27_edge_x-400,39,2304,6,0,12,0,0,1,0,2.31686895166,-400
exec27_edge_x-400,3,4412,7,0,4,0,0,1,0,2.12617227262,-400
exec27_edge_x-400,3,4410,7,0,10,0,0,1,0,1.83903247521,-400
exec27_edge_x-400,36,4378,5,0,2,0,0,1,0,2.77540369533,-400
exec27_edge_x-400,15,2203,7,0,19,7,0,1,1,4.33087402958,-400
exec27_edge_x-400,6,2502,3,0,1,0,0,1,0,6.19915200545,-400
exec27_edge_x-400,45,2497,2,0,11,0,0,1,0,3.52568614328,-400
exec27_edge_x-400,9,4667,1,0,15,3,0,1,1,6.62841119043,-400
exec27_edge_x-400,3,4387,7,0,8,0,0,1,0,2.9107389954,-400
exec27_edge_x-400,42,2917,1,0,2,0,0,1,0,1.92376194598,-400
exec27_edge_x-400,3,4386,5,0,4,2,0,1,1,3.20425462001,-400
exec27_edge_x-400,42,2914,1,0,4,0,0,1,0,4.44190592709,-400
exec27_edge_x-400,6,2477,7,0,1,0,0,1,0,4.01732736256,-400
exec27_edge_x-400,27,1892,4,0,2,0,0,1,0,3.56255269624,-400
exec27_edge_x-400,42,2912,4,0,10,0,0,1,1,2.08901337889,-400
exec27_edge_x-400,18,1825,1,0,2,0,0,1,0,4.217079359,-400
exec27_edge_x-400,39,2265,5,0,8,0,0,1,1,4.15756708266,-400
exec27_edge_x-400,6,2462,1,0,7,0,0,1,1,4.05744398734,-400
exec27_edge_x-400,12,98,6,0,7,0,0,1,0,2.37185962362,-400
exec27_edge_x-400,12,94,1,0,4,0,0,1,0,4.87292613554,-400
exec27_edge_x-400,12,92,3,0,14,4,0,1,1,3.77687343465,-400
exec27_edge_x-400,3,4370,1,0,6,0,0,1,1,5.54100641623,-400
exec27_edge_x-400,30,2023,3,0,17,2,0,1,1,5.61128228679,-400
exec27_edge_x-400,15,2158,0,0,9,0,0,1,0,2.77643805915,-400
exec27_edge_x-400,42,2888,5,0,14,1,0,1,1,5.74901974912,-400
exec27_edge_x-400,9,4618,2,0,2,0,0,1,0,2.20003033161,-400
exec27_edge_x-400,30,2009,2,0,4,0,0,1,0,2.98582898771,-400
exec27_edge_x-400,27,1852,5,0,7,3,0,1,1,4.0656181196,-400
exec27_edge_x-400,36,4317,4,0,20,2,0,1,1,2.00078224889,-400
exec27_edge_x-400,15,2135,2,0,4,0,0,1,1,2.45873837197,-400
exec27_edge_x-400,6,2419,1,0,8,3,0,1,1,6.00666231673,-400
exec27_edge_x-400,15,2129,6,0,12,0,0,1,0,2.97337872151,-400
exec27_edge_x-400,15,3872,7,0,2,0,0,1,0,5.416400486,-400
exec27_edge_x-400,15,3873,7,0,0,0,0,0,0,6.33553247041,-400
exec27_edge_x-400,39,2213,2,0,6,0,0,1,0,2.42550744947,-400
exec27_edge_x-400,9,4590,1,0,6,0,0,1,1,2.68302849204,-400
exec27_edge_x-400,33,4786,4,0,16,2,0,1,1,2.47420569462,-400
exec27_edge_x-400,3,4328,0,0,3,0,0,1,0,6.26949039641,-400
exec27_edge_x-400,45,2414,2,0,9,1,0,1,1,3.15636434559,-400
exec27_edge_x-400,6,2400,1,0,10,3,0,1,1,4.37183692435,-400
exec27_edge_x-400,3,4316,0,0,0,0,0,1,0,3.41586595838,-400
exec27_edge_x-400,42,2846,2,0,10,0,0,1,1,4.66633738319,-400
exec27_edge_x-400,24,3976,4,0,11,1,0,1,1,4.26205544063,-400
exec27_edge_x-400,0,4661,5,0,6,3,0,1,1,2.49618949327,-400
exec27_edge_x-400,36,4263,1,0,15,6,0,1,1,4.39941409195,-400
exec27_edge_x-400,21,1989,5,0,8,1,0,1,1,1.29021845459,-400
exec27_edge_x-400,6,2374,11,1,2,0,0,1,0,6.46530432967,-400
exec27_edge_x-400,3,4294,3,0,3,0,0,1,0,1.87005823016,-400
exec27_edge_x-400,3,4289,3,0,0,0,0,1,1,1.93134605272,-400
exec27_edge_x-400,24,3933,2,0,5,1,0,1,1,2.26390683901,-400
exec27_edge_x-400,24,3932,1,0,28,0,0,1,1,2.60832806987,-400
exec27_edge_x-400,21,1939,12,1,15,3,0,1,1,4.085751439,-400
exec27_edge_x-400,42,2790,2,0,5,0,0,1,1,7.41421044824,-400
exec27_edge_x-400,6,2331,4,0,14,0,0,1,0,3.23235522402,-400
exec27_edge_x-400,42,2787,5,0,8,0,0,1,1,2.65372310729,-400
exec27_edge_x-400,45,2334,0,0,9,1,0,1,1,1.46321022787,-400
exec27_edge_x-400,3,4259,1,0,1,0,0,1,0,2.52456670907,-400
exec27_edge_x-400,9,4503,0,0,11,0,0,1,0,4.83846538805,-400
exec27_edge_x-400,39,2110,7,0,10,0,0,1,0,2.43660428453,-400
exec27_edge_x-400,27,1745,3,0,4,0,0,1,0,2.75104754968,-400
exec27_edge_x-400,21,5402,1,0,15,0,0,1,1,2.51314086358,-400
exec27_edge_x-400,30,1871,4,0,12,0,0,1,0,3.61531760529,-400
exec27_edge_x-400,9,4465,1,0,7,0,0,1,0,2.55299954187,-400
exec27_edge_x-400,21,5371,0,0,12,3,0,1,1,2.31552734018,-400
exec27_edge_x-400,6,2270,3,0,18,2,0,1,1,5.66910660253,-400
exec27_edge_x-400,0,4527,2,0,6,1,0,1,1,2.04145835063,-400
exec27_edge_x-400,45,2278,2,0,14,0,0,1,1,2.58164868111,-400
exec27_edge_x-400,24,3847,4,0,6,2,0,1,1,2.07229714941,-400
exec27_edge_x-400,33,4632,9,1,24,4,0,1,1,7.58781968031,-400
exec27_edge_x-400,39,2056,4,0,9,0,0,1,0,1.82178323219,-400
exec27_edge_x-400,27,1703,5,0,20,7,0,1,1,5.50069484812,-400
exec27_edge_x-400,6,2252,0,0,16,2,0,1,1,2.41304877818,-400
exec27_edge_x-400,39,2042,4,0,13,0,0,1,0,3.51863866413,-400
exec27_edge_x-400,0,4496,4,0,6,0,0,1,0,1.74490861137,-400
exec27_edge_x-400,33,4594,2,0,7,0,0,1,0,3.41878061776,-400
exec27_edge_x-400,21,5329,7,0,11,0,0,1,0,2.36061592226,-400
exec27_edge_x-400,12,4826,2,0,13,0,0,1,0,3.54621927182,-400
exec27_edge_x-400,6,2222,7,0,6,0,0,1,0,1.64425384308,-400
exec27_edge_x-400,39,2017,0,0,11,0,0,1,0,3.85173741179,-400
exec27_edge_x-400,24,3773,2,0,1,0,0,1,0,7.33288505283,-400
exec27_edge_x-400,3,4137,7,0,3,0,0,1,0,5.3623824724,-400
exec27_edge_x-400,39,2003,7,0,16,3,0,1,1,6.36230045907,-400
exec27_edge_x-400,42,2669,0,0,0,0,0,1,0,1.71236810761,-400
exec27_edge_x-400,24,3755,7,0,4,0,0,1,0,3.50874763527,-400
exec27_edge_x-400,27,1630,5,0,3,0,0,1,0,2.45330412457,-400
exec27_edge_x-400,6,2162,0,0,0,0,0,1,0,3.1279788691,-400
exec27_edge_x-400,0,4431,2,0,9,0,0,1,0,1.78714862502,-400
exec27_edge_x-400,42,2642,3,0,6,1,0,1,1,2.43843103857,-400
exec27_edge_x-400,6,2136,1,0,4,0,0,1,0,1.64457806807,-400
exec27_edge_x-400,30,5231,6,0,5,0,0,1,0,3.83843784897,-400
exec27_edge_x-400,6,2126,1,0,17,2,0,1,1,2.39651761004,-400
exec27_edge_x-400,36,4017,7,0,1,0,0,1,0,2.36222469526,-400
exec27_edge_x-400,9,4308,6,0,0,0,0,0,0,3.12467245675,-400
exec27_edge_x-400,6,2111,2,0,11,0,0,1,0,6.53694017198,-400
exec27_edge_x-400,3,4076,3,0,4,0,0,1,1,2.48707327358,-400
exec27_edge_x-400,27,1550,6,0,7,2,0,1,1,1.90426291907,-400
exec27_edge_x-400,9,4301,6,0,4,0,0,1,1,7.72039704824,-400
exec27_edge_x-400,6,2104,0,0,18,5,0,1,1,2.25050720534,-400
exec27_edge_x-400,15,1847,1,0,13,2,0,1,1,2.22572728677,-400
exec27_edge_x-400,33,4490,3,0,0,0,0,1,0,2.53097198646,-400
exec27_edge_x-400,27,1533,0,0,10,4,0,1,1,1.8498642302,-400
exec27_edge_x-400,3,4057,1,0,2,0,0,1,0,3.15392954907,-400
exec27_edge_x-400,12,4722,3,0,42,12,0,1,1,6.21641350912,-400
exec27_edge_x-400,3,4606,1,0,0,0,0,0,0,4.63825360538,-400
exec27_edge_x-400,9,4276,4,0,28,11,0,1,1,5.29958942354,-400
exec27_edge_x-400,33,4475,13,1,34,6,0,1,1,6.66394136718,-400
exec27_edge_x-400,9,4274,0,0,2,0,0,1,0,16.3421457872,-400
exec27_edge_x-400,6,2069,3,0,10,2,0,1,1,2.7578476773,-400
exec27_edge_x-400,0,4363,2,0,11,0,0,1,0,5.25644294646,-400
exec27_edge_x-400,0,4362,1,0,10,5,0,1,1,3.73294897742,-400
exec27_edge_x-400,0,4722,1,0,0,0,0,0,0,4.48932040238,-400
exec27_edge_x-400,12,4707,7,0,8,0,0,1,1,3.38718689494,-400
exec27_edge_x-400,0,4361,6,0,13,5,0,1,1,3.94190834786,-400
exec27_edge_x-400,21,5171,2,0,4,0,0,1,0,6.42643468793,-400
exec27_edge_x-400,42,2564,3,0,14,0,0,1,1,2.89955594596,-400
exec27_edge_x-400,24,3658,1,0,15,4,0,1,1,2.86465337067,-400
exec27_edge_x-400,6,2049,2,0,2,0,0,1,0,3.88438352192,-400
exec27_edge_x-400,15,1799,5,0,16,2,0,1,1,2.85290083571,-400
exec27_edge_x-400,6,2044,2,0,8,2,0,1,1,3.8334308871,-400
exec27_edge_x-400,12,4690,6,0,17,0,0,1,0,2.98678415874,-400
exec27_edge_x-400,18,5087,0,0,0,0,0,1,0,2.99839154692,-400
exec27_edge_x-400,39,1844,2,0,5,2,0,1,1,2.74267943801,-400
exec27_edge_x-400,24,3623,9,1,8,3,0,1,1,4.33071128542,-400
exec27_edge_x-400,9,4236,7,0,16,2,0,1,1,1.82454409548,-400
exec27_edge_x-400,6,1998,2,0,23,3,0,1,1,5.38370039758,-400
exec27_edge_x-400,42,2481,6,0,5,0,0,1,0,1.84737114534,-400
exec27_edge_x-400,45,2015,0,0,7,2,0,1,1,2.37815660304,-400
exec27_edge_x-400,30,5049,2,0,0,0,0,1,1,3.79257568771,-400
exec27_edge_x-400,0,4279,1,0,9,0,0,1,0,7.87806678328,-400
exec27_edge_x-400,3,3925,0,0,5,0,0,1,0,5.04094296989,-400
exec27_edge_x-400,6,1971,3,0,4,0,0,1,0,1.99578539264,-400
exec27_edge_x-400,18,5016,2,0,4,6,1,1,1,2.9858092261,-400
exec27_edge_x-400,27,5607,5,0,14,3,0,1,1,4.12014980511,-400
exec27_edge_x-400,42,2457,1,0,25,7,0,1,1,4.21298986022,-400
exec27_edge_x-400,24,3551,14,1,24,1,0,1,1,6.90375033193,-400
exec27_edge_x-400,33,4345,3,0,0,0,0,1,1,3.74124110696,-400
exec27_edge_x-400,30,5016,2,0,9,0,0,1,0,2.51079350153,-400
exec27_edge_x-400,12,4583,3,0,0,0,0,1,0,3.02388767757,-400
exec27_edge_x-400,39,1739,5,0,1,0,0,1,0,2.3191380624,-400
exec27_edge_x-400,15,1678,6,0,10,0,0,1,0,4.21649016949,-400
exec27_edge_x-400,15,3876,6,0,0,0,0,0,0,5.248530557,-400
exec27_edge_x-400,18,4993,1,0,6,4,0,1,1,2.63729060826,-400
exec27_edge_x-400,6,1926,4,0,25,5,0,1,1,2.74175091889,-400
exec27_edge_x-400,36,3779,8,1,13,0,0,1,0,7.53455661244,-400
exec27_edge_x-400,45,1949,4,0,10,4,0,1,1,5.72492497333,-400
exec27_edge_x-400,24,3493,3,0,9,4,0,1,1,2.50401983569,-400
exec27_edge_x-400,6,1905,3,0,25,8,0,1,1,3.0472282175,-400
exec27_edge_x-400,6,1899,1,0,35,7,0,1,1,5.21982983034,-400
exec27_edge_x-400,39,1708,5,0,7,0,0,1,0,1.904501146,-400
exec27_edge_x-400,0,4202,1,0,15,3,0,1,1,4.20560719193,-400
exec27_edge_x-400,9,4081,3,0,5,0,0,1,1,2.17477753122,-400
exec27_edge_x-400,27,5510,2,0,16,7,0,1,1,3.10005611112,-400
exec27_edge_x-400,39,1674,1,0,5,1,0,1,1,6.33596049984,-400
exec27_edge_x-400,27,5504,1,0,0,0,0,1,0,2.90625503204,-400
exec27_edge_x-400,3,3810,0,0,0,0,0,1,0,3.18530736584,-400
exec27_edge_x-400,27,5496,4,0,11,2,0,1,1,2.98349891252,-400
exec27_edge_x-400,45,1888,0,0,9,0,0,1,0,3.03985546844,-400
exec27_edge_x-400,45,1886,1,0,9,0,0,1,0,2.884511229,-400
exec27_edge_x-400,42,5344,4,0,10,0,0,1,0,2.08431963827,-400
exec27_edge_x-400,27,5468,3,0,7,0,0,1,0,7.89114827187,-400
exec27_edge_x-400,9,4036,0,0,5,0,0,1,0,4.35833471493,-400
exec27_edge_x-400,12,4480,3,0,16,2,0,1,1,2.39190901225,-400
exec27_edge_x-400,45,1864,4,0,16,9,0,1,1,5.02234426803,-400
exec27_edge_x-400,9,4017,6,0,13,0,0,1,0,1.35903057739,-400
exec27_edge_x-400,30,4898,3,0,10,2,0,1,1,7.44750267293,-400
exec27_edge_x-400,39,1580,4,0,1,2,0,1,1,1.33750266245,-400
exec27_edge_x-400,33,4201,6,0,8,0,0,1,0,2.13948793362,-400
exec27_edge_x-400,42,5302,3,0,14,0,0,1,0,2.23011280468,-400
exec27_edge_x-400,15,1527,1,0,11,0,0,1,0,1.33245892741,-400
exec27_edge_x-400,3,3732,5,0,15,2,0,1,1,2.00091881218,-400
exec27_edge_x-400,3,3726,0,0,3,0,0,1,0,2.94433071545,-400
exec27_edge_x-400,42,5275,1,0,5,0,0,1,1,1.51452904127,-400
exec27_edge_x-400,3,3714,4,0,20,8,0,1,1,2.50129392401,-400
exec27_edge_x-400,24,3375,3,0,4,0,0,1,0,2.31317326915,-400
exec27_edge_x-400,0,4092,0,0,17,3,0,1,1,2.05429189181,-400
exec27_edge_x-400,27,5406,6,0,9,4,0,1,1,2.98846295719,-400
exec27_edge_x-400,39,5533,6,0,0,0,0,1,0,4.33301231487,-400
exec27_edge_x-400,30,4861,7,0,12,0,0,1,0,2.60775894171,-400
exec27_edge_x-400,3,3706,7,0,0,0,0,1,0,3.97021930879,-400
exec27_edge_x-400,36,3612,7,0,10,1,0,1,1,5.10720502757,-400
exec27_edge_x-400,9,3948,4,0,13,0,0,1,0,1.72221467676,-400
exec27_edge_x-400,15,5484,1,0,19,2,0,1,1,2.74697786886,-400
exec27_edge_x-400,15,5482,0,0,21,4,0,1,1,6.3519305797,-400
exec27_edge_x-400,36,3592,0,0,0,0,0,1,0,4.1806385096,-400
exec27_edge_x-400,18,4824,1,0,11,0,0,1,0,2.01085303846,-400
exec27_edge_x-400,6,5463,5,0,12,0,0,1,0,2.39863049923,-400
exec27_edge_x-400,42,5233,2,0,19,1,0,1,1,2.56476195214,-400
exec27_edge_x-400,18,4807,2,0,5,0,0,1,0,2.49351667129,-400
exec27_edge_x-400,42,5219,5,0,8,0,0,1,0,2.62971731812,-400
exec27_edge_x-400,9,3894,3,0,1,0,0,1,0,4.75407619364,-400
exec27_edge_x-400,27,5337,7,0,4,0,0,1,0,4.55230996598,-400
exec27_edge_x-400,36,3558,5,0,2,0,0,1,0,1.75908658372,-400
exec27_edge_x-400,0,4003,6,0,11,2,0,1,1,1.75575751382,-400
exec27_edge_x-400,30,4768,5,0,12,0,0,1,0,2.44835415467,-400
exec27_edge_x-400,42,5176,6,0,6,2,0,1,1,2.11074673185,-400
exec27_edge_x-400,24,3266,7,0,1,0,0,1,0,5.38519898999,-400
exec27_edge_x-400,21,4791,3,0,2,0,0,1,0,1.52161364712,-400
exec27_edge_x-400,45,1713,0,0,1,1,0,1,1,3.85113403037,-400
exec27_edge_x-400,21,4781,6,0,1,0,0,1,0,6.53737901043,-400
exec27_edge_x-400,12,4303,7,0,3,2,0,1,1,3.63845765097,-400
exec27_edge_x-400,12,5004,7,0,0,0,0,0,0,6.6423721336,-400
exec27_edge_x-400,27,5307,2,0,1,0,0,1,0,2.65432319294,-400
exec27_edge_x-400,42,5146,5,0,11,6,0,1,1,4.75464316747,-400
exec27_edge_x-400,42,5135,6,0,12,1,0,1,1,5.81712468976,-400
exec27_edge_x-400,9,3826,0,0,10,0,0,1,0,2.09569058064,-400
exec27_edge_x-400,30,4726,6,0,11,0,0,1,0,2.09649832926,-400
exec27_edge_x-400,39,5378,7,0,5,0,0,1,0,2.20400812478,-400
exec27_edge_x-400,21,4752,3,0,1,0,0,1,0,1.95092796506,-400
exec27_edge_x-400,45,1639,7,0,1,0,0,1,0,1.23039194803,-400
exec27_edge_x-400,18,4694,3,0,16,9,0,1,1,2.52203665605,-400
exec27_edge_x-400,36,3494,6,0,23,11,0,1,1,2.81154704845,-400
exec27_edge_x-400,6,5326,0,0,3,0,0,1,0,3.97623907086,-400
exec27_edge_x-400,0,3920,7,0,14,3,0,1,1,3.39002311797,-400
exec27_edge_x-400,6,5320,2,0,16,0,0,1,0,5.9413599229,-400
exec27_edge_x-400,9,3785,6,0,29,6,0,1,1,4.29136619942,-400
exec27_edge_x-400,27,5259,5,0,17,9,0,1,1,4.18461221406,-400
exec27_edge_x-400,24,3203,3,0,8,0,0,1,0,2.7328259286,-400
exec27_edge_x-400,39,5347,6,0,7,0,0,1,0,11.0320411259,-400
exec27_edge_x-400,9,3776,6,0,0,0,0,1,0,1.65256029812,-400
exec27_edge_x-400,30,4696,1,0,5,1,0,1,1,3.84305508103,-400
exec27_edge_x-400,39,5324,7,0,9,0,0,1,0,4.0653760321,-400
exec27_edge_x-400,36,3459,0,0,4,0,0,1,0,3.3935500235,-400
exec27_edge_x-400,6,5291,6,0,3,0,0,1,1,3.61616069917,-400
exec27_edge_x-400,45,6890,5,0,5,1,0,1,1,2.16956940582,-400
exec27_edge_x-400,3,3510,4,0,14,5,0,1,1,3.20846798977,-400
exec27_edge_x-400,33,3958,6,0,3,0,0,1,0,2.44222355338,-400
exec27_edge_x-400,24,3156,5,0,2,0,0,1,1,2.19098854833,-400
exec27_edge_x-400,9,3742,2,0,2,0,0,1,0,2.4269746237,-400
exec27_edge_x-400,15,5294,4,0,24,12,0,1,1,5.14804944019,-400
exec27_edge_x-400,21,4674,1,0,3,0,0,1,0,1.80568919596,-400
exec27_edge_x-400,21,4672,0,0,6,0,0,1,0,2.17863892178,-400
exec27_edge_x-400,12,4186,5,0,11,0,0,1,0,1.86372597865,-400
exec27_edge_x-400,9,3729,6,0,2,0,0,1,0,4.20547066446,-400
exec27_edge_x-400,24,3137,3,0,13,0,0,1,1,3.2949521571,-400
exec27_edge_x-400,3,3474,1,0,5,0,0,1,0,2.77440783658,-400
exec27_edge_x-400,15,5274,3,0,3,0,0,1,0,4.77733999036,-400
exec27_edge_x-400,21,4662,4,0,15,0,0,1,1,4.16002506523,-400
exec27_edge_x-400,21,5423,4,0,0,0,0,0,0,9.87813436119,-400
exec27_edge_x-400,33,3921,2,0,21,2,0,1,1,1.84226316357,-400
exec27_edge_x-400,15,5267,6,0,4,3,0,1,1,3.13155524234,-400
exec27_edge_x-400,39,5262,1,0,5,0,0,1,0,2.3831049546,-400
exec27_edge_x-400,15,5246,1,0,19,2,0,1,1,2.2083854032,-400
exec27_edge_x-400,39,5248,4,0,7,0,0,1,0,4.00008840561,-400
exec27_edge_x-400,45,6811,4,0,12,4,0,1,1,5.38573312832,-400
exec27_edge_x-400,30,4588,4,0,10,0,0,1,0,2.27764262009,-400
exec27_edge_x-400,42,4979,4,0,3,0,0,1,0,2.48927648542,-400
exec27_edge_x-400,9,3653,0,0,3,0,0,1,0,5.54120879149,-400
exec27_edge_x-400,24,3079,5,0,8,6,0,1,1,2.45322848895,-400
exec27_edge_x-400,42,4971,4,0,22,6,0,1,1,2.29811033039,-400
exec27_edge_x-400,42,4962,0,0,11,7,0,1,1,5.38410022801,-400
exec27_edge_x-400,33,3872,1,0,8,3,0,1,1,1.66190663307,-400
exec27_edge_x-400,45,6773,1,0,7,0,0,1,0,1.50077027516,-400
exec27_edge_x-400,36,3347,4,0,1,0,0,1,0,3.17008359153,-400
exec27_edge_x-400,15,5200,7,0,0,0,0,1,0,1.82434951788,-400
exec27_edge_x-400,45,6765,2,0,0,0,0,1,0,2.74222731143,-400
exec27_edge_x-400,3,3381,3,0,14,1,0,1,1,2.18898299926,-400
exec27_edge_x-400,15,5183,5,0,0,0,0,1,0,3.88878879345,-400
exec27_edge_x-400,18,4525,3,0,13,4,0,1,1,2.92034790289,-400
exec27_edge_x-400,36,3334,2,0,8,0,0,1,0,2.00253286324,-400
exec27_edge_x-400,0,3772,4,0,15,1,0,1,1,8.72357788724,-400
exec27_edge_x-400,36,3331,0,0,6,0,0,1,0,3.42696847228,-400
exec27_edge_x-400,30,4527,0,0,5,0,0,1,0,3.34190701441,-400
exec27_edge_x-400,12,4100,2,0,12,0,0,1,1,6.51906519591,-400
exec27_edge_x-400,15,5170,6,0,6,0,0,1,1,2.09865413161,-400
exec27_edge_x-400,45,6737,1,0,0,0,0,1,0,5.38193557834,-400
exec27_edge_x-400,3,3345,4,0,4,0,0,1,0,3.0509336217,-400
exec27_edge_x-400,15,5132,3,0,8,0,0,1,1,2.05470549092,-400
exec27_edge_x-400,33,3819,5,0,7,0,0,1,0,4.01490547922,-400
exec27_edge_x-400,42,4865,7,0,2,2,0,1,1,3.16363418237,-400
exec27_edge_x-400,24,5984,1,0,16,6,0,1,1,4.05970883125,-400
exec27_edge_x-400,6,5118,5,0,6,0,0,1,1,7.16261380912,-400
exec27_edge_x-400,30,4466,6,0,6,1,0,1,1,3.52239154291,-400
exec27_edge_x-400,9,3572,0,0,8,1,0,1,1,2.24959569093,-400
exec27_edge_x-400,12,4044,6,0,6,0,0,1,0,5.96934448687,-400
exec27_edge_x-400,21,4519,2,0,12,0,0,1,0,2.5644726992,-400
exec27_edge_x-400,18,4459,4,0,3,0,0,1,0,1.65262823001,-400
exec27_edge_x-400,3,3312,7,0,5,2,0,1,1,3.7176216154,-400
exec27_edge_x-400,3,3304,0,0,5,0,0,1,0,5.36023731787,-400
exec27_edge_x-400,27,5057,5,0,7,0,0,1,0,2.17936243565,-400
exec27_edge_x-400,33,3774,7,0,3,0,0,1,0,4.16182556443,-400
exec27_edge_x-400,6,5094,0,0,13,2,0,1,1,2.30010924797,-400
exec27_edge_x-400,24,5951,12,1,7,0,0,1,0,4.6378836867,-400
exec27_edge_x-400,9,3542,5,0,22,0,0,1,0,3.72363371573,-400
exec27_edge_x-400,9,3534,1,0,2,0,0,1,0,3.8821709448,-400
exec27_edge_x-400,24,5927,4,0,24,8,0,1,1,5.1462200979,-400
exec27_edge_x-400,33,3749,7,0,34,6,0,1,1,3.65845029245,-400
exec27_edge_x-400,24,5919,5,0,6,0,0,1,0,3.87252738272,-400
exec27_edge_x-400,24,6030,5,0,0,0,0,0,0,4.23626659384,-400
exec27_edge_x-400,30,4385,6,0,11,0,0,1,0,2.12127931484,-400
exec27_edge_x-400,30,4383,0,0,4,0,0,1,0,3.00764565342,-400
exec27_edge_x-400,39,5069,3,0,18,4,0,1,1,4.33899391609,-400
exec27_edge_x-400,9,3480,1,0,1,0,0,1,0,5.7363814886,-400
exec27_edge_x-400,6,5039,1,0,0,0,0,1,1,3.47107628228,-400
exec27_edge_x-400,6,5035,7,0,4,0,0,1,0,2.32702703898,-400
exec27_edge_x-400,6,5025,1,0,11,0,0,1,0,7.14231116506,-400
exec27_edge_x-400,0,3602,7,0,9,0,0,1,0,2.36241975654,-400
exec27_edge_x-400,18,4380,6,0,3,2,0,1,1,2.98546886875,-400
exec27_edge_x-400,6,5020,3,0,13,0,0,1,0,5.20949017228,-400
exec27_edge_x-400,30,4342,4,0,10,0,0,1,0,10.6033404003,-400
exec27_edge_x-400,9,3452,0,0,3,0,0,1,0,4.01729119862,-400
exec27_edge_x-400,15,5000,3,0,17,9,0,1,1,5.33563556183,-400
exec27_edge_x-400,39,5018,7,0,5,2,0,1,1,3.28738224823,-400
exec27_edge_x-400,12,3921,1,0,13,3,0,1,1,3.09690531892,-400
exec27_edge_x-400,21,4403,6,0,14,4,0,1,1,4.44219194065,-400
exec27_edge_x-400,30,4326,0,0,2,0,0,1,0,3.74726741097,-400
exec27_edge_x-400,42,4748,2,0,15,5,0,1,1,4.67466793222,-400
exec27_edge_x-400,9,3411,6,0,13,2,0,1,1,7.22683635858,-400
exec27_edge_x-400,33,3658,2,0,4,0,0,1,0,1.88021898179,-400
exec27_edge_x-400,21,4370,2,0,8,0,0,1,0,2.27652244387,-400
exec27_edge_x-400,27,4902,2,0,6,0,0,1,0,3.7592045107,-400
exec27_edge_x-400,42,4719,1,0,1,0,0,1,0,2.16810559043,-400
exec27_edge_x-400,18,4306,7,0,7,0,0,1,0,1.46831894608,-400
exec27_edge_x-400,15,4939,1,0,6,0,0,1,0,2.67311584976,-400
exec27_edge_x-400,0,3525,6,0,7,3,0,1,1,1.90871588823,-400
exec27_edge_x-400,12,3847,4,0,1,0,0,1,1,4.01326354366,-400
exec27_edge_x-400,9,3374,7,0,2,0,0,1,0,10.5260064817,-400
exec27_edge_x-400,18,4276,5,0,11,2,0,1,1,5.21247785106,-400
exec27_edge_x-400,36,5992,5,0,37,6,0,1,1,4.19456815404,-400
exec27_edge_x-400,21,4302,3,0,3,0,0,1,0,1.76912109604,-400
exec27_edge_x-400,27,4837,2,0,3,0,0,1,0,4.08104494814,-400
exec27_edge_x-400,6,4902,2,0,5,0,0,1,0,2.24830066496,-400
exec27_edge_x-400,27,4833,4,0,0,0,0,1,0,2.18643094522,-400
exec27_edge_x-400,27,4828,5,0,6,0,0,1,0,2.49092560588,-400
exec27_edge_x-400,0,3494,7,0,14,1,0,1,1,2.79920403943,-400
exec27_edge_x-400,33,4856,3,0,4,0,0,1,0,4.66036758129,-400
exec27_edge_x-400,21,4285,5,0,14,0,0,1,1,2.21593371872,-400
exec27_edge_x-400,3,6586,0,0,0,0,0,1,0,2.32830584049,-400
exec27_edge_x-400,0,3478,1,0,4,1,0,1,1,2.21327103186,-400
exec27_edge_x-400,6,4872,5,0,0,0,0,1,0,3.31316117221,-400
exec27_edge_x-400,9,3288,5,0,12,0,0,1,0,1.52162465599,-400
exec27_edge_x-400,3,6574,4,0,2,0,0,1,0,8.4761756881,-400
exec27_edge_x-400,30,4213,1,0,11,2,0,1,1,2.46853071881,-400
exec27_edge_x-400,9,3276,2,0,6,4,0,1,1,1.34698740606,-400
exec27_edge_x-400,39,4883,7,0,4,0,0,1,0,3.981272998,-400
exec27_edge_x-400,45,6462,7,0,6,2,0,1,1,2.52495065266,-400
exec27_edge_x-400,27,4789,0,0,2,0,0,1,0,3.6683466078,-400
exec27_edge_x-400,6,4857,4,0,1,0,0,1,0,2.57176783723,-400
exec27_edge_x-400,9,6496,2,0,2,0,0,1,0,2.57847339735,-400
exec27_edge_x-400,27,4769,1,0,2,0,0,1,0,2.84301003457,-400
exec27_edge_x-400,18,4172,2,0,1,0,0,1,0,1.91144603887,-400
exec27_edge_x-400,24,5708,4,0,4,0,0,1,0,3.82473652022,-400
exec27_edge_x-400,15,4849,1,0,6,3,0,1,1,3.06312175008,-400
exec27_edge_x-400,3,6547,5,0,18,10,0,1,1,8.03229870566,-400
exec27_edge_x-400,21,4226,3,0,6,0,0,1,0,3.57030259804,-400
exec27_edge_x-400,0,3435,5,0,13,4,0,1,1,2.05365441419,-400
exec27_edge_x-400,30,4169,8,1,23,4,0,1,1,6.37517036804,-400
exec27_edge_x-400,18,4148,5,0,7,0,0,1,0,6.01913740708,-400
exec27_edge_x-400,15,4821,2,0,2,0,0,1,0,2.78406175845,-400
exec27_edge_x-400,12,3737,6,0,3,0,0,1,0,1.96544703396,-400
exec27_edge_x-400,6,4806,6,0,27,6,0,1,1,5.76850616305,-400
exec27_edge_x-400,42,4569,2,0,9,0,0,1,1,3.39533640414,-400
exec27_edge_x-400,39,4839,6,0,1,0,0,1,0,1.73669102793,-400
exec27_edge_x-400,0,3412,1,0,8,0,0,1,0,5.40575168359,-400
exec27_edge_x-400,12,3730,6,0,0,0,0,1,0,2.82160378387,-400
exec27_edge_x-400,9,6448,5,0,8,0,0,1,0,2.68854409134,-400
exec27_edge_x-400,21,4183,5,0,3,0,0,1,0,3.41087880733,-400
exec27_edge_x-400,21,4179,4,0,4,0,0,1,0,3.49178423874,-400
exec27_edge_x-400,3,6506,8,1,6,0,0,1,1,6.82999343586,-400
exec27_edge_x-400,18,4122,5,0,1,0,0,1,1,4.33316242317,-400
exec27_edge_x-400,33,3468,0,0,4,0,0,1,0,2.88276492269,-400
exec27_edge_x-400,36,5851,1,0,17,0,0,1,1,2.56956571962,-400
exec27_edge_x-400,18,4112,7,0,3,0,0,1,0,1.78011713707,-400
exec27_edge_x-400,45,6356,7,0,9,0,0,1,1,3.8857955818,-400
exec27_edge_x-400,0,3379,1,0,20,7,0,1,1,2.91814552033,-400
exec27_edge_x-400,6,4771,5,0,0,0,0,1,0,2.33012847093,-400
exec27_edge_x-400,36,5843,1,0,17,4,0,1,1,3.36333987394,-400
exec27_edge_x-400,24,5633,4,0,0,0,0,1,1,5.21564417423,-400
exec27_edge_x-400,45,6347,5,0,4,0,0,1,0,12.0351421095,-400
exec27_edge_x-400,24,5625,7,0,6,0,0,1,0,2.05537411756,-400
exec27_edge_x-400,18,4078,7,0,4,0,0,1,0,6.62724754118,-400
exec27_edge_x-400,21,4130,4,0,8,1,0,1,1,8.85957705361,-400
exec27_edge_x-400,6,4750,2,0,2,0,0,1,0,4.63809156558,-400
exec27_edge_x-400,24,5609,5,0,15,0,0,1,0,2.19528643071,-400
exec27_edge_x-400,30,4104,0,0,18,2,0,1,1,3.69721394518,-400
exec27_edge_x-400,21,4127,3,0,26,13,0,1,1,4.43914895239,-400
exec27_edge_x-400,3,6455,3,0,10,3,0,1,1,4.22476738475,-400
exec27_edge_x-400,45,6296,5,0,2,2,0,1,1,2.77268107445,-400
exec27_edge_x-400,39,4758,4,0,15,1,0,1,1,2.61803782236,-400
exec27_edge_x-400,30,4077,4,0,3,0,0,1,0,2.77747757709,-400
exec27_edge_x-400,21,4110,7,0,0,0,0,1,0,2.79590043027,-400
exec27_edge_x-400,3,6424,0,0,10,0,0,1,0,5.31059961574,-400
exec27_edge_x-400,24,5571,4,0,12,0,0,1,0,4.33788612797,-400
exec27_edge_x-400,0,3307,1,0,20,1,0,1,1,1.74901750422,-400
exec27_edge_x-400,6,4699,4,0,11,0,0,1,0,2.92058010584,-400
exec27_edge_x-400,33,3387,1,0,4,0,0,1,0,1.68620275236,-400
exec27_edge_x-400,0,3282,6,0,25,14,0,1,1,2.8500559408,-400
exec27_edge_x-400,30,4042,5,0,6,0,0,1,0,3.22314326403,-400
exec27_edge_x-400,27,4619,0,0,5,0,0,1,1,3.54823851166,-400
exec27_edge_x-400,0,3267,4,0,11,1,0,1,1,1.50636844349,-400
exec27_edge_x-400,12,3591,1,0,10,0,0,1,0,2.52111459645,-400
exec27_edge_x-400,3,6378,0,0,8,0,0,1,0,4.60431404596,-400
exec27_edge_x-400,39,4695,5,0,5,0,0,1,0,4.03725847396,-400
exec27_edge_x-400,27,4595,2,0,5,1,0,1,1,7.9270127693,-400
exec27_edge_x-400,15,4638,1,0,2,0,0,1,0,5.31548982264,-400
exec27_edge_x-400,39,4685,0,0,2,0,0,1,0,9.30929076626,-400
exec27_edge_x-400,33,3347,2,0,20,3,0,1,1,4.58515940041,-400
exec27_edge_x-400,45,6170,1,0,8,0,0,1,0,1.83974589266,-400
exec27_edge_x-400,9,6288,0,0,13,7,0,1,1,2.93537031055,-400
exec27_edge_x-400,45,6163,0,0,1,0,0,1,0,1.9883316151,-400
exec27_edge_x-400,39,4657,3,0,11,0,0,1,1,2.8391093988,-400
exec27_edge_x-400,0,6452,1,0,10,0,0,1,0,4.62813861742,-400
exec27_edge_x-400,12,3535,7,0,17,0,0,1,1,3.10892338168,-400
exec27_edge_x-400,45,6137,5,0,2,0,0,1,0,3.51920480424,-400
exec27_edge_x-400,21,3994,4,0,0,0,0,1,0,8.7046280493,-400
exec27_edge_x-400,45,6130,0,0,2,0,0,1,0,3.06392715854,-400
exec27_edge_x-400,27,4539,5,0,6,2,0,1,1,2.47466450732,-400
exec27_edge_x-400,24,5476,3,0,2,0,0,1,0,2.3053188325,-400
exec27_edge_x-400,24,5475,6,0,11,2,0,1,1,2.80468508795,-400
exec27_edge_x-400,42,4368,4,0,3,0,0,1,0,6.54750163056,-400
exec27_edge_x-400,24,5473,7,0,29,12,0,1,1,2.43995433746,-400
exec27_edge_x-400,33,3279,0,0,0,0,0,1,1,9.37384856318,-400
exec27_edge_x-400,18,3946,1,0,14,2,0,1,1,1.97409908187,-400
exec27_edge_x-400,21,3967,2,0,7,0,0,1,1,3.37072221511,-400
exec27_edge_x-400,27,4509,7,0,1,0,0,1,0,3.81768891947,-400
exec27_edge_x-400,6,4577,4,0,5,0,0,1,1,3.46940772084,-400
exec27_edge_x-400,0,6399,0,0,4,0,0,1,0,1.69419388118,-400
exec27_edge_x-400,36,5641,3,0,10,1,0,1,1,4.40910770792,-400
exec27_edge_x-400,42,4342,0,0,6,2,0,1,1,4.9069016932,-400
exec27_edge_x-400,36,5613,7,0,15,0,0,1,0,2.45357542864,-400
exec27_edge_x-400,42,4321,2,0,3,0,0,1,0,3.81459371789,-400
exec27_edge_x-400,18,3894,1,0,23,0,0,1,0,1.8250987079,-400
exec27_edge_x-400,27,4456,6,0,11,2,0,1,1,10.302628554,-400
exec27_edge_x-400,24,5410,2,0,5,0,0,1,0,4.80641357265,-400
exec27_edge_x-400,30,3921,7,0,10,0,0,1,0,2.19182153302,-400
exec27_edge_x-400,24,5400,6,0,9,0,0,1,1,2.50109708417,-400
exec27_edge_x-400,15,4496,0,0,14,0,0,1,1,2.7436915227,-400
exec27_edge_x-400,9,6176,1,0,0,0,0,1,0,2.31913524143,-400
exec27_edge_x-400,0,6332,5,0,13,6,0,1,1,5.35083029564,-400
exec27_edge_x-400,12,3442,0,0,10,0,0,1,0,1.6560758843,-400
exec27_edge_x-400,9,6167,0,0,13,0,0,1,1,4.27771573056,-400
exec27_edge_x-400,0,6320,1,0,6,2,0,1,1,2.75406440085,-400
exec27_edge_x-400,15,4484,3,0,16,5,0,1,1,1.62597075252,-400
exec27_edge_x-400,39,4535,5,0,2,2,0,1,1,2.16371844049,-400
exec27_edge_x-400,33,3170,5,0,4,0,0,1,0,1.30660744008,-400
exec27_edge_x-400,12,3427,1,0,6,0,0,1,0,3.16187552631,-400
exec27_edge_x-400,36,5566,3,0,5,2,0,1,1,1.64733329492,-400
exec27_edge_x-400,0,6286,6,0,1,0,0,1,0,3.88079285103,-400
exec27_edge_x-400,12,3409,2,0,0,0,0,1,0,2.67977665852,-400
exec27_edge_x-400,24,5359,1,0,9,0,0,1,0,2.37583462952,-400
exec27_edge_x-400,18,3834,0,0,12,3,0,1,1,3.2566102895,-400
exec27_edge_x-400,9,6135,7,0,20,2,0,1,1,6.41106346662,-400
exec27_edge_x-400,9,6133,6,0,14,0,0,1,1,4.96552434115,-400
exec27_edge_x-400,30,3859,4,0,8,0,0,1,0,2.60748106605,-400
exec27_edge_x-400,39,4503,2,0,10,0,0,1,0,2.76179352336,-400
exec27_edge_x-400,24,5340,7,0,19,4,0,1,1,3.28540915043,-400
exec27_edge_x-400,12,3389,7,0,23,2,0,1,1,5.83845140416,-400
exec27_edge_x-400,27,4379,0,0,27,5,0,1,1,7.33908004699,-400
exec27_edge_x-400,3,6139,7,0,7,0,0,1,0,8.84431006766,-400
exec27_edge_x-400,12,3376,5,0,13,2,0,1,1,3.19059594787,-400
exec27_edge_x-400,9,6096,0,0,5,0,0,1,0,2.45081634534,-400
exec27_edge_x-400,15,4404,2,0,11,0,0,1,1,2.03588166411,-400
exec27_edge_x-400,39,4477,6,0,25,5,0,1,1,5.20053123164,-400
exec27_edge_x-400,12,3370,8,1,43,3,0,1,1,5.65103430206,-400
exec27_edge_x-400,0,6216,2,0,12,1,0,1,1,2.27244983496,-400
exec27_edge_x-400,0,6209,10,1,11,4,0,1,1,6.46093438028,-400
exec27_edge_x-400,27,4341,7,0,12,1,0,1,1,2.08659662151,-400
exec27_edge_x-400,33,7599,0,0,10,1,0,1,1,5.356671981,-400
exec27_edge_x-400,12,3351,4,0,12,0,0,1,0,5.04808523006,-400
exec27_edge_x-400,27,4337,0,0,1,0,0,1,0,2.27980690204,-400
exec27_edge_x-400,3,6085,4,0,31,19,0,1,1,5.81940449949,-400
exec27_edge_x-400,45,5934,0,0,3,0,0,1,0,3.15914240814,-400
exec27_edge_x-400,42,4183,3,0,10,3,0,1,1,3.88285034624,-400
exec27_edge_x-400,3,6070,4,0,10,0,0,1,0,1.94759696383,-400
exec27_edge_x-400,6,4393,3,0,5,0,0,1,1,3.70896002468,-400
exec27_edge_x-400,6,4392,1,0,24,10,0,1,1,4.48871155919,-400
exec27_edge_x-400,33,7571,3,0,13,4,0,1,1,2.21479496953,-400
exec27_edge_x-400,45,5900,5,0,0,0,0,1,0,1.90971002985,-400
exec27_edge_x-400,39,4408,1,0,6,3,0,1,1,9.30477933363,-400
exec27_edge_x-400,36,5448,0,0,5,0,0,1,0,4.11654697936,-400
exec27_edge_x-400,6,4380,5,0,6,0,0,1,0,7.24298204458,-400
exec27_edge_x-400,45,5897,6,0,0,0,0,1,0,1.91100606466,-400
exec27_edge_x-400,15,4345,0,0,0,0,0,1,1,3.02604144356,-400
exec27_edge_x-400,0,6150,5,0,11,12,0,1,1,3.88016008835,-400
exec27_edge_x-400,18,3702,2,0,6,0,0,1,0,2.32050323827,-400
exec27_edge_x-400,27,4300,7,0,16,3,0,1,1,2.62567983042,-400
exec27_edge_x-400,18,3701,14,1,52,9,0,1,1,7.75617696505,-400
exec27_edge_x-400,42,4133,7,0,0,0,0,1,0,2.64701088967,-400
exec27_edge_x-400,18,3692,6,0,13,0,0,1,0,3.40860911632,-400
exec27_edge_x-400,18,5325,4,0,0,0,0,1,0,6.19139394923,-400
exec27_edge_x-400,12,3243,4,0,13,5,0,1,1,1.43516441925,-400
exec27_edge_x-400,27,4295,3,0,11,2,0,1,1,3.05807400318,-400
exec27_edge_x-400,27,4291,5,0,6,2,0,1,1,3.62308895882,-400
exec27_edge_x-400,39,4371,1,0,20,0,0,1,0,3.58367328651,-400
exec27_edge_x-400,9,6011,3,0,9,4,0,1,1,17.0250381893,-400
exec27_edge_x-400,18,3680,11,1,17,0,0,1,1,8.08999606489,-400
exec27_edge_x-400,45,5858,0,0,15,3,0,1,1,3.11021850765,-400
exec27_edge_x-400,3,6010,0,0,2,1,0,1,1,2.69528237168,-400
exec27_edge_x-400,18,3669,7,0,7,0,0,1,0,3.90301209526,-400
exec27_edge_x-400,12,8340,13,1,7,2,0,1,1,4.45126738664,-400
exec27_edge_x-400,42,4098,2,0,1,0,0,1,0,1.70782885449,-400
exec27_edge_x-400,6,4310,7,0,2,2,0,1,1,3.83974334932,-400
exec27_edge_x-400,30,3675,0,0,0,0,0,1,0,4.1544010158,-400
exec27_edge_x-400,6,4306,3,0,10,0,0,1,0,4.8186808778,-400
exec27_edge_x-400,0,6081,1,0,8,0,0,1,0,4.2526229678,-400
exec27_edge_x-400,30,3657,2,0,6,0,0,1,0,2.54024895659,-400
exec27_edge_x-400,15,4261,3,0,16,6,0,1,1,3.79847733844,-400
exec27_edge_x-400,27,4243,0,0,1,0,0,1,0,5.56045115787,-400
exec27_edge_x-400,15,4250,3,0,0,0,0,1,0,6.01137454281,-400
exec27_edge_x-400,15,4241,9,1,0,0,0,0,0,8.66045411395,-400
exec27_edge_x-400,12,8295,4,0,17,1,0,1,1,3.53381301194,-400
exec27_edge_x-400,42,4049,5,0,8,5,0,1,1,7.73224186286,-400
exec27_edge_x-400,27,4220,7,0,7,1,0,1,1,4.20611379993,-400
exec27_edge_x-400,39,4277,5,0,30,4,0,1,1,3.44229018065,-400
exec27_edge_x-400,33,7448,3,0,29,9,0,1,1,2.36985370955,-400
exec27_edge_x-400,42,4039,4,0,18,1,0,1,1,2.13105141892,-400
exec27_edge_x-400,9,5923,1,0,18,2,0,1,1,3.58301708951,-400
exec27_edge_x-400,39,4254,3,0,18,0,0,1,0,4.43467050042,-400
exec27_edge_x-400,0,6017,14,1,2,0,0,1,0,5.9876270712,-400
exec27_edge_x-400,45,5759,3,0,25,4,0,1,1,2.83136860403,-400
exec27_edge_x-400,0,6010,0,0,3,0,0,1,0,4.47299293389,-400
exec27_edge_x-400,0,5988,0,0,16,1,0,1,1,3.7135880709,-400
exec27_edge_x-400,3,5863,0,0,3,0,0,1,1,6.65560812088,-400
exec27_edge_x-400,3,5861,3,0,9,0,0,1,1,1.75474307747,-400
exec27_edge_x-400,15,4158,2,0,25,9,0,1,1,2.60626134819,-400
exec27_edge_x-400,24,5072,2,0,2,0,0,1,1,4.80302622328,-400
exec27_edge_x-400,9,5835,0,0,0,0,0,0,0,4.59546700216,-400
exec27_edge_x-400,36,5262,0,0,0,0,0,1,0,2.33215183961,-400
exec27_edge_x-400,27,4133,4,0,1,0,0,1,0,3.01744384882,-400
exec27_edge_x-400,0,5968,5,0,13,4,0,1,1,3.44478778534,-400
exec27_edge_x-400,9,5816,4,0,8,1,0,1,1,1.93402718106,-400
exec27_edge_x-400,21,3552,9,1,24,0,0,1,0,4.2930045166,-400
exec27_edge_x-400,27,4124,7,0,9,0,0,1,0,6.2687633089,-400
exec27_edge_x-400,3,5823,6,0,3,0,0,1,0,3.09526851849,-400
exec27_edge_x-400,15,4136,7,0,1,0,0,1,0,5.471117022,-400
exec27_edge_x-400,27,4121,0,0,6,0,0,1,0,5.56200327696,-400
exec27_edge_x-400,42,3935,2,0,18,4,0,1,1,5.21796466056,-400
exec27_edge_x-400,45,5690,0,0,11,3,0,1,1,3.61373548046,-400
exec27_edge_x-400,39,4174,6,0,10,0,0,1,0,3.99515787348,-400
exec27_edge_x-400,33,7356,7,0,7,0,0,1,0,8.68137425825,-400
exec27_edge_x-400,24,5035,3,0,10,0,0,1,0,2.72562156819,-400
exec27_edge_x-400,39,4164,7,0,5,0,0,1,0,5.26987443257,-400
exec27_edge_x-400,12,8162,1,0,27,4,0,1,1,2.27441159341,-400
exec27_edge_x-400,45,5676,3,0,8,0,0,1,0,2.39192869993,-400
exec27_edge_x-400,33,7348,3,0,22,0,0,1,0,2.65302372762,-400
exec27_edge_x-400,21,6876,2,0,12,0,0,1,0,3.52771800567,-400
exec27_edge_x-400,33,7339,0,0,12,0,0,1,0,3.33451069568,-400
exec27_edge_x-400,9,5772,6,0,6,0,0,1,1,3.73213319177,-400
exec27_edge_x-400,42,3889,5,0,14,5,0,1,1,3.18921803454,-400
exec27_edge_x-400,45,5637,5,0,14,0,0,1,0,2.44925893607,-400
exec27_edge_x-400,0,5905,2,0,6,0,0,1,0,2.42555251716,-400
exec27_edge_x-400,9,5764,4,0,11,4,0,1,1,2.33210447257,-400
exec27_edge_x-400,39,4125,7,0,13,2,0,1,1,3.46751741238,-400
exec27_edge_x-400,27,4049,1,0,11,0,0,1,0,2.86850905556,-400
exec27_edge_x-400,36,5206,0,0,14,1,0,1,1,2.14435512432,-400
exec27_edge_x-400,3,5735,5,0,5,0,0,1,0,2.98157361261,-400
exec27_edge_x-400,9,5745,1,0,8,0,0,1,0,1.62131397574,-400
exec27_edge_x-400,18,8252,4,0,19,4,0,1,1,2.94373170429,-400
exec27_edge_x-400,42,3813,7,0,3,0,0,1,0,1.29001027955,-400
exec27_edge_x-400,27,3996,2,0,6,0,0,1,0,3.19005116082,-400
exec27_edge_x-400,39,4075,2,0,2,0,0,1,0,1.42453347253,-400
exec27_edge_x-400,21,6792,4,0,4,0,0,1,0,3.30250399126,-400
exec27_edge_x-400,42,6960,0,0,18,13,0,1,1,5.77381972413,-400
exec27_edge_x-400,27,3968,7,0,9,2,0,1,1,10.243421416,-400
exec27_edge_x-400,36,5154,6,0,7,2,0,1,1,5.17366160376,-400
exec27_edge_x-400,39,4058,2,0,5,3,0,1,1,7.07241406899,-400
exec27_edge_x-400,24,4917,4,0,8,0,0,1,0,6.75580663121,-400
exec27_edge_x-400,15,4012,0,0,5,0,0,1,1,2.69850363083,-400
exec27_edge_x-400,33,7250,5,0,9,0,0,1,0,3.40904822541,-400
exec27_edge_x-400,45,5540,4,0,7,0,0,1,0,1.94480861716,-400
exec27_edge_x-400,3,5643,6,0,14,2,0,1,1,2.42441288752,-400
exec27_edge_x-400,9,5654,4,0,14,1,0,1,1,3.02110885458,-400
exec27_edge_x-400,33,7213,3,0,12,0,0,1,0,5.77900331483,-400
exec27_edge_x-400,0,5803,4,0,18,0,0,1,0,3.81481226001,-400
exec27_edge_x-400,21,6737,0,0,2,0,0,1,0,2.85709539733,-400
exec27_edge_x-400,12,8012,1,0,6,1,0,1,1,2.30270093069,-400
exec27_edge_x-400,0,5795,2,0,9,5,0,1,1,1.82026863112,-400
exec27_edge_x-400,0,5793,4,0,3,0,0,1,0,2.75408391759,-400
exec27_edge_x-400,24,4864,6,0,5,0,0,1,0,5.30777204801,-400
exec27_edge_x-400,12,8002,4,0,0,0,0,1,0,6.3206258635,-400
exec27_edge_x-400,36,5102,0,0,6,0,0,1,0,2.33895532013,-400
exec27_edge_x-400,24,4859,2,0,16,0,0,1,1,5.37039769791,-400
exec27_edge_x-400,21,6714,1,0,7,0,0,1,0,3.3524574703,-400
exec27_edge_x-400,36,5093,6,0,7,0,0,1,1,2.89451498482,-400
exec27_edge_x-400,27,3891,3,0,7,1,0,1,1,2.37527702562,-400
exec27_edge_x-400,18,8140,5,0,17,4,0,1,1,1.87187481128,-400
exec27_edge_x-400,36,5089,3,0,13,4,0,1,1,6.02724500233,-400
exec27_edge_x-400,0,5749,6,0,10,3,0,1,1,2.3443143707,-400
exec27_edge_x-400,36,5078,7,0,5,0,0,1,0,4.64067237698,-400
exec27_edge_x-400,18,8121,2,0,10,1,0,1,1,3.29709632553,-400
exec27_edge_x-400,33,7159,5,0,24,3,0,1,1,3.93057408751,-400
exec27_edge_x-400,3,5587,2,0,19,0,0,1,0,4.79200850168,-400
exec27_edge_x-400,42,6824,6,0,16,2,0,1,1,5.55447921855,-400
exec27_edge_x-400,18,8106,3,0,4,1,0,1,1,3.15597426887,-400
exec27_edge_x-400,12,7934,6,0,4,0,0,1,0,4.0522473898,-400
exec27_edge_x-400,6,7125,7,0,8,1,0,1,1,2.64492077257,-400
exec27_edge_x-400,30,7416,2,0,5,0,0,1,0,5.8239172214,-400
exec27_edge_x-400,39,7944,6,0,6,1,0,1,1,3.08655481154,-400
exec27_edge_x-400,12,7917,4,0,5,0,0,1,1,7.17419129523,-400
exec27_edge_x-400,36,5021,4,0,19,7,0,1,1,2.04928764761,-400
exec27_edge_x-400,24,4772,2,0,3,0,0,1,0,3.88406962342,-400
exec27_edge_x-400,6,7106,4,0,4,0,0,1,0,5.09214611464,-400
exec27_edge_x-400,9,5544,3,0,3,0,0,1,1,7.04171368301,-400
exec27_edge_x-400,9,5541,0,0,9,2,0,1,1,5.26426517814,-400
exec27_edge_x-400,36,5005,4,0,8,0,0,1,0,2.36710791514,-400
exec27_edge_x-400,12,7889,0,0,4,0,0,1,0,1.90820345599,-400
exec27_edge_x-400,30,7366,5,0,13,4,0,1,1,6.75321428044,-400
exec27_edge_x-400,3,5503,3,0,4,0,0,1,0,2.82011391601,-400
exec27_edge_x-400,6,7068,5,0,7,0,0,1,0,2.03439593011,-400
exec27_edge_x-400,9,5499,5,0,1,0,0,1,0,5.65383124737,-400
exec27_edge_x-400,0,5653,4,0,5,10,0,1,1,5.56811195717,-400
exec27_edge_x-400,30,7351,0,0,17,2,0,1,1,3.2016917138,-400
exec27_edge_x-400,45,5385,0,0,3,0,0,1,1,4.25320165499,-400
exec27_edge_x-400,36,4957,6,0,6,0,0,1,0,3.72882446344,-400
exec27_edge_x-400,18,8005,2,0,9,1,0,1,1,1.922581361,-400
exec27_edge_x-400,42,6712,1,0,11,2,0,1,1,2.17533646571,-400
exec27_edge_x-400,15,8729,6,0,13,0,0,1,0,2.84959882875,-400
exec27_edge_x-400,30,7320,7,0,6,0,0,1,0,2.65800238692,-400
exec27_edge_x-400,12,7818,7,0,4,0,0,1,0,3.79295684749,-400
exec27_edge_x-400,15,8717,4,0,8,1,0,1,1,5.17014564073,-400
exec27_edge_x-400,30,7297,2,0,8,0,0,1,0,4.97752530084,-400
exec27_edge_x-400,24,4666,0,0,10,0,0,1,0,2.67744705441,-400
exec27_edge_x-400,3,5439,6,0,2,0,0,1,0,7.79796296599,-400
exec27_edge_x-400,21,6562,7,0,9,0,0,1,0,2.8275200985,-400
exec27_edge_x-400,21,6560,4,0,0,0,0,1,0,1.4255911813,-400
exec27_edge_x-400,30,7286,3,0,7,1,0,1,1,3.34062314612,-400
exec27_edge_x-400,6,6997,8,1,14,0,0,1,1,6.58139981304,-400
exec27_edge_x-400,39,7833,6,0,14,3,0,1,1,1.76786286401,-400
exec27_edge_x-400,21,6543,4,0,5,2,0,1,1,4.0864425597,-400
exec27_edge_x-400,6,6984,7,0,5,0,0,1,0,3.20961401628,-400
exec27_edge_x-400,18,7950,3,0,8,0,0,1,0,3.1542728042,-400
exec27_edge_x-400,3,5412,0,0,15,7,0,1,1,4.35572037453,-400
exec27_edge_x-400,9,5422,2,0,9,2,0,1,1,4.86027181302,-400
exec27_edge_x-400,39,7805,3,0,26,8,0,1,1,4.58449727668,-400
exec27_edge_x-400,36,4894,2,0,12,0,0,1,0,3.84823978875,-400
exec27_edge_x-400,42,6638,2,0,8,0,0,1,0,2.58759968601,-400
exec27_edge_x-400,15,8672,13,1,0,0,0,1,0,7.6633679103,-400
exec27_edge_x-400,42,6624,2,0,14,1,0,1,1,5.2606247743,-400
exec27_edge_x-400,42,6620,7,0,15,0,0,1,0,2.21199125453,-400
exec27_edge_x-400,15,8636,7,0,10,0,0,1,0,3.11038674002,-400
exec27_edge_x-400,27,3639,1,0,23,1,0,1,1,1.52898134296,-400
exec27_edge_x-400,15,8627,9,1,1,2,0,1,1,4.75273793839,-400
exec27_edge_x-400,27,3619,7,0,15,0,0,1,0,1.36133176262,-400
exec27_edge_x-400,24,4570,0,0,3,0,0,1,0,1.55675374274,-400
exec27_edge_x-400,42,6575,0,0,7,2,0,1,1,5.27331364149,-400
exec27_edge_x-400,33,6914,6,0,5,4,0,1,1,1.77134951717,-400
exec27_edge_x-400,3,5305,4,0,1,1,0,1,1,2.34167362308,-400
exec27_edge_x-400,30,7176,1,0,7,2,0,1,1,2.8775785964,-400
exec27_edge_x-400,27,7250,1,0,0,0,0,1,0,3.23719068359,-400
exec27_edge_x-400,42,6532,7,0,15,0,2,1,0,2.02064996659,-400
exec27_edge_x-400,3,5286,1,0,24,16,3,1,1,2.28781411803,-400
exec27_edge_x-400,30,7151,3,0,3,0,0,1,0,2.6361855241,-400
exec27_edge_x-400,6,6829,3,0,3,0,0,1,0,1.45217520746,-400
exec27_edge_x-400,30,7145,0,0,7,0,0,1,0,3.48712724627,-400
exec27_edge_x-400,30,7731,0,0,0,0,0,0,0,4.61480367892,-400
exec27_edge_x-400,21,6425,7,0,10,0,0,1,0,3.36423850422,-400
exec27_edge_x-400,33,6861,5,0,8,0,0,1,0,2.58018461891,-400
exec27_edge_x-400,24,4491,7,0,5,0,0,1,0,2.16728356251,-400
exec27_edge_x-400,21,6409,1,0,13,4,0,1,1,3.13445378334,-400
exec27_edge_x-400,21,6393,2,0,5,0,1,1,1,4.77237046301,-400
exec27_edge_x-400,21,6372,7,0,7,0,0,1,0,4.7005606411,-400
exec27_edge_x-400,42,6460,5,0,5,0,0,1,0,5.53656991566,-400
exec27_edge_x-400,3,5221,3,0,7,4,0,1,1,2.37747996121,-400
exec27_edge_x-400,6,6771,0,0,5,0,0,1,0,3.95696925233,-400
exec27_edge_x-400,0,5367,6,0,5,0,0,1,0,3.59843364111,-400
exec27_edge_x-400,24,4422,7,0,3,0,0,1,0,1.24733162337,-400
exec27_edge_x-400,42,6455,7,0,16,3,0,1,1,3.17038047758,-400
exec27_edge_x-400,45,5120,1,0,22,3,0,1,1,6.20173156723,-400
exec27_edge_x-400,27,7159,5,0,10,0,0,1,0,2.89299124454,-400
exec27_edge_x-400,42,6452,1,0,6,0,0,1,0,10.5528619383,-400
exec27_edge_x-400,21,6353,4,0,11,4,0,1,1,2.92697032,-400
exec27_edge_x-400,33,6788,5,0,1,0,0,1,0,3.07294416609,-400
exec27_edge_x-400,24,4403,3,0,29,11,0,1,1,1.94689681313,-400
exec27_edge_x-400,15,8479,5,0,5,0,0,1,0,2.37700304214,-400
exec27_edge_x-400,33,6780,2,0,3,2,0,1,1,9.37520797375,-400
exec27_edge_x-400,0,5344,5,0,7,4,0,1,1,5.82631767743,-400
exec27_edge_x-400,36,4694,5,0,10,0,0,1,1,1.78355054004,-400
exec27_edge_x-400,42,6435,4,0,6,0,0,1,0,5.88149812555,-400
exec27_edge_x-400,18,7711,7,0,13,1,0,1,1,5.4682044335,-400
exec27_edge_x-400,15,8456,0,0,3,0,0,1,0,2.92774766396,-400
exec27_edge_x-400,6,6734,3,0,8,2,0,1,1,6.1251750372,-400
exec27_edge_x-400,15,8452,6,0,7,0,0,1,0,2.94838499082,-400
exec27_edge_x-400,12,7536,1,0,17,6,0,1,1,3.62287881508,-400
exec27_edge_x-400,12,7532,1,0,0,0,0,1,0,9.1207829991,-400
exec27_edge_x-400,3,5167,4,0,11,0,0,1,0,3.32415863664,-400
exec27_edge_x-400,15,8431,3,0,9,0,0,1,1,4.56042563528,-400
exec27_edge_x-400,9,5185,3,0,38,10,0,1,1,7.72594251228,-400
exec27_edge_x-400,33,6734,1,0,12,0,0,1,0,5.40003066194,-400
exec27_edge_x-400,24,7748,4,0,1,0,0,1,0,3.74721133082,-400
exec27_edge_x-400,15,8430,1,0,41,17,0,1,1,4.59015864328,-400
exec27_edge_x-400,24,7730,0,0,9,0,0,1,1,3.77856387638,-400
exec27_edge_x-400,21,6272,6,0,11,0,0,1,0,4.34192415732,-400
exec27_edge_x-400,18,7644,6,0,4,0,0,1,0,2.82084328859,-400
exec27_edge_x-400,36,7814,0,0,11,0,0,1,0,2.26309758785,-400
exec27_edge_x-400,3,5124,3,0,12,4,0,1,1,3.38533496413,-400
exec27_edge_x-400,45,5030,7,0,28,12,0,1,1,3.39172659272,-400
exec27_edge_x-400,15,8392,2,0,9,4,0,1,1,2.56102599525,-400
exec27_edge_x-400,39,7500,1,0,4,0,0,1,0,7.90226265206,-400
exec27_edge_x-400,9,5146,7,0,23,7,0,1,1,4.48571833023,-400
exec27_edge_x-400,33,6701,1,0,14,1,0,1,1,2.6012482871,-400
exec27_edge_x-400,18,7629,1,0,10,0,0,1,0,1.96201602656,-400
exec27_edge_x-400,27,7055,1,0,13,5,0,1,1,3.31158346833,-400
exec27_edge_x-400,12,7449,12,1,7,0,0,1,0,6.09856758687,-400
exec27_edge_x-400,24,7700,1,0,26,0,0,1,1,4.91691563177,-400
exec27_edge_x-400,9,5124,4,0,5,1,0,1,1,2.99148114426,-400
exec27_edge_x-400,21,6225,3,0,6,0,0,1,0,3.00926904853,-400
exec27_edge_x-400,9,5115,1,0,4,0,0,1,1,7.01413627315,-400
exec27_edge_x-400,39,7456,7,0,11,0,0,1,0,9.00389166006,-400
exec27_edge_x-400,6,6614,5,0,10,0,0,1,1,1.65165749608,-400
exec27_edge_x-400,36,7770,4,0,7,0,0,1,0,3.82013588353,-400
exec27_edge_x-400,15,8862,6,0,7,1,0,1,1,11.0121043534,-400
exec27_edge_x-400,15,8352,4,0,16,6,0,1,1,3.8304660687,-400
exec27_edge_x-400,15,8863,4,0,0,0,0,0,0,5.03717887411,-400
exec27_edge_x-400,3,5048,2,0,2,0,0,1,0,5.01379406618,-400
exec27_edge_x-400,18,7589,4,0,3,0,0,1,1,2.74615695438,-400
exec27_edge_x-400,9,5094,6,0,1,0,0,1,1,2.7015819451,-400
exec27_edge_x-400,6,6596,4,0,14,0,0,1,0,6.65155632798,-400
exec27_edge_x-400,9,5092,3,0,13,5,0,1,1,3.05934786014,-400
exec27_edge_x-400,27,7015,6,0,0,0,0,1,0,6.61839739099,-400
exec27_edge_x-400,3,5028,4,0,7,0,0,1,0,4.41947504492,-400
exec27_edge_x-400,42,6288,6,0,2,0,0,1,0,1.78227856279,-400
exec27_edge_x-400,45,4943,0,0,8,1,0,1,1,6.47216939569,-400
exec27_edge_x-400,9,5077,5,0,6,0,0,1,1,2.66621692666,-400
exec27_edge_x-400,6,6568,4,0,24,5,0,1,1,4.40720398054,-400
exec27_edge_x-400,18,7551,3,0,6,0,0,1,0,6.5118562083,-400
exec27_edge_x-400,0,5181,5,0,10,4,0,1,1,3.5178698851,-400
exec27_edge_x-400,42,6269,2,0,0,0,0,1,0,5.00077304103,-400
exec27_edge_x-400,45,4926,7,0,8,0,0,1,0,3.31597201894,-400
exec27_edge_x-400,3,5007,5,0,6,0,0,1,0,8.9879323921,-400
exec27_edge_x-400,33,6625,7,0,10,0,0,1,0,2.78857161493,-400
exec27_edge_x-400,30,6879,1,0,3,1,0,1,1,3.88364797823,-400
exec27_edge_x-400,15,8307,4,0,8,0,0,1,0,3.08482423664,-400
exec27_edge_x-400,24,7643,13,1,26,0,0,1,0,5.3862613544,-400
exec27_edge_x-400,15,8304,2,0,1,0,0,1,0,2.5770030586,-400
exec27_edge_x-400,42,6257,2,0,1,1,0,1,1,6.09454502567,-400
exec27_edge_x-400,21,6148,5,0,4,0,0,1,0,4.49169634066,-400
exec27_edge_x-400,33,6613,13,1,7,0,0,1,0,7.15145241389,-400
exec27_edge_x-400,12,7378,2,0,9,0,0,1,0,3.54373267631,-400
exec27_edge_x-400,9,5033,3,0,7,0,0,1,1,4.09211181464,-400
exec27_edge_x-400,45,4899,6,0,11,0,0,1,0,1.68616880132,-400
exec27_edge_x-400,21,6142,0,0,4,0,0,1,0,2.57109482083,-400
exec27_edge_x-400,21,6132,0,0,7,0,0,1,0,2.12848675452,-400
exec27_edge_x-400,30,6846,0,0,5,0,0,1,0,7.79928438273,-400
exec27_edge_x-400,0,5141,3,0,15,3,0,1,1,3.09812918034,-400
exec27_edge_x-400,15,8272,1,0,9,0,0,1,1,3.11055986513,-400
exec27_edge_x-400,12,7348,7,0,6,4,0,1,1,7.20633475083,-400
exec27_edge_x-400,21,6114,0,0,9,0,0,1,0,2.78239889935,-400
exec27_edge_x-400,21,6112,2,0,0,0,0,1,0,3.69278765911,-400
exec27_edge_x-400,45,4874,1,0,24,3,0,1,1,9.02101274486,-400
exec27_edge_x-400,33,6568,2,0,12,1,0,1,1,5.49329483048,-400
exec27_edge_x-400,27,6924,0,0,11,1,0,1,1,3.2576965066,-400
exec27_edge_x-400,21,6085,5,0,6,1,0,1,1,2.62791578738,-400
exec27_edge_x-400,12,7323,0,0,2,0,0,1,0,1.697427819,-400
exec27_edge_x-400,3,4934,6,0,6,3,0,1,1,5.46471050056,-400
exec27_edge_x-400,42,6202,5,0,7,1,0,1,1,3.11501202349,-400
exec27_edge_x-400,33,6546,4,0,10,2,0,1,1,2.62796519532,-400
exec27_edge_x-400,12,7306,1,0,8,0,0,1,0,4.36089445119,-400
exec27_edge_x-400,15,8228,3,0,6,0,0,1,1,2.67253239529,-400
exec27_edge_x-400,30,6793,2,0,6,2,0,1,1,4.31930003054,-400
exec27_edge_x-400,42,6190,7,0,0,0,0,1,0,5.13418114604,-400
exec27_edge_x-400,15,8226,0,0,21,3,0,1,1,2.6063515866,-400
exec27_edge_x-400,30,6788,0,0,1,0,0,1,0,3.15363815272,-400
exec27_edge_x-400,27,6885,0,0,10,0,0,1,0,4.00325021491,-400
exec27_edge_x-400,30,6785,6,0,22,4,0,1,1,2.67954745532,-400
exec27_edge_x-400,33,6520,3,0,1,0,0,1,0,3.05264997102,-400
exec27_edge_x-400,21,6053,1,0,5,0,0,1,0,2.18926752396,-400
exec27_edge_x-400,3,4901,2,0,14,4,0,1,1,5.41625855523,-400
exec27_edge_x-400,0,5075,5,0,8,0,0,1,0,5.45043559628,-400
exec27_edge_x-400,24,7535,2,0,2,0,0,1,0,5.4638374716,-400
exec27_edge_x-400,36,7596,0,0,25,11,0,1,1,5.08498099942,-400
exec27_edge_x-400,21,6021,1,0,12,0,0,1,1,2.43018564191,-400
exec27_edge_x-400,24,7505,1,0,4,1,0,1,1,2.59015220911,-400
exec27_edge_x-400,27,6844,2,0,19,1,0,1,1,2.45896873034,-400
exec27_edge_x-400,24,7493,0,0,5,0,0,1,1,1.82968854378,-400
exec27_edge_x-400,0,5048,0,0,14,2,0,1,1,1.82081290085,-400
exec27_edge_x-400,30,6728,0,0,5,0,0,1,1,11.1603008372,-400
exec27_edge_x-400,21,5995,2,0,10,0,0,1,0,3.70568922004,-400
exec27_edge_x-400,6,6418,2,0,31,6,0,1,1,3.93042774385,-400
exec27_edge_x-400,15,8145,6,0,8,1,0,1,1,5.28076298507,-400
exec27_edge_x-400,24,7473,0,0,8,0,0,1,0,2.86880066834,-400
exec27_edge_x-400,36,7544,7,0,12,2,0,1,1,1.9899774174,-400
exec27_edge_x-400,33,6455,14,1,31,1,0,1,1,6.79008788596,-400
exec27_edge_x-400,21,5984,6,0,25,4,0,1,1,2.33789619802,-400
exec27_edge_x-400,33,6452,6,0,8,0,0,1,1,5.75831123248,-400
exec27_edge_x-400,12,7209,6,0,8,2,0,1,1,3.32582598059,-400
exec27_edge_x-400,0,5013,2,0,1,0,0,1,0,4.97158797937,-400
exec27_edge_x-400,30,6711,7,0,27,2,0,1,1,2.78448582651,-400
exec27_edge_x-400,12,7201,3,0,7,1,0,1,1,4.90449323263,-400
exec27_edge_x-400,12,8358,3,0,0,0,0,0,0,11.1970197681,-400
exec27_edge_x-400,9,4870,11,1,10,0,0,1,0,6.30145720074,-400
exec27_edge_x-400,45,4738,5,0,16,0,0,1,1,3.74780781569,-400
exec27_edge_x-400,21,5965,3,0,5,1,0,1,1,1.53999165926,-400
exec27_edge_x-400,12,7184,2,0,32,3,0,1,1,6.07137949071,-400
exec27_edge_x-400,9,4857,7,0,4,0,0,1,0,1.86407950683,-400
exec27_edge_x-400,30,6689,2,0,0,0,0,0,0,2.46051218922,-400
exec27_edge_x-400,3,4809,7,0,6,0,0,1,0,1.66971274171,-400
exec27_edge_x-400,45,4722,6,0,11,4,0,1,1,5.09191340237,-400
exec27_edge_x-400,9,4850,3,0,10,6,0,1,1,8.05298269735,-400
exec27_edge_x-400,0,4981,5,0,10,7,0,1,1,2.09673498808,-400
exec27_edge_x-400,33,6420,7,0,7,0,0,1,0,2.84027630084,-400
exec27_edge_x-400,0,4978,6,0,5,0,0,1,0,2.5162640134,-400
exec27_edge_x-400,27,6762,2,0,16,2,0,1,1,7.66235379456,-400
exec27_edge_x-400,33,6407,4,0,16,1,0,1,1,4.31085278708,-400
exec27_edge_x-400,39,7201,5,0,3,0,0,1,0,6.05132575892,-400
exec27_edge_x-400,3,4789,0,0,12,0,0,1,0,2.34466872322,-400
exec27_edge_x-400,30,6661,6,0,5,0,0,1,0,2.55216418265,-400
exec27_edge_x-400,27,6742,3,0,6,0,0,1,0,3.03336733336,-400
exec27_edge_x-400,33,6388,4,0,4,0,0,1,0,3.11275981249,-400
exec27_edge_x-400,30,6656,6,0,5,0,0,1,0,1.92016618533,-400
exec27_edge_x-400,24,7389,6,0,9,2,0,1,1,2.25700874685,-400
exec27_edge_x-400,33,6382,6,0,0,0,0,1,0,3.94119474993,-400
exec27_edge_x-400,39,7162,3,0,6,0,0,1,0,2.1902248015,-400
exec27_edge_x-400,36,7450,4,0,13,4,0,1,1,4.23700315325,-400
exec27_edge_x-400,6,6290,6,0,13,0,0,1,0,3.35732195727,-400
exec27_edge_x-400,24,7354,7,0,0,0,0,1,0,2.27281689131,-400
exec27_edge_x-400,27,6717,0,0,8,0,0,1,0,4.59802701173,-400
exec27_edge_x-400,36,7442,1,0,0,0,0,1,0,1.30592703385,-400
exec27_edge_x-400,0,4923,4,0,6,3,0,1,1,4.48381233865,-400
exec27_edge_x-400,24,7347,15,1,5,2,0,1,1,4.40650941547,-400
exec27_edge_x-400,15,8044,2,0,24,6,0,1,1,11.305480808,-400
exec27_edge_x-400,33,6340,6,0,5,0,0,1,0,2.4398229561,-400
exec27_edge_x-400,30,6618,3,0,4,3,0,1,1,3.96347901749,-400
exec27_edge_x-400,45,4635,0,0,7,0,0,1,0,3.20766986595,-400
exec27_edge_x-400,24,7329,0,0,20,3,0,1,1,7.93437496597,-400
exec27_edge_x-400,9,7983,3,0,9,1,0,1,1,3.74042079626,-400
exec27_edge_x-400,0,4894,4,0,10,0,0,1,0,2.14658159323,-400
exec27_edge_x-400,12,7064,0,0,17,3,0,1,1,2.63778085128,-400
exec27_edge_x-400,18,7248,1,0,11,2,0,1,1,4.13518657996,-400
exec27_edge_x-400,21,5840,7,0,3,0,0,1,0,5.6455305969,-400
exec27_edge_x-400,36,7397,3,0,6,0,0,1,0,2.18400353698,-400
exec27_edge_x-400,42,5986,1,0,3,0,0,1,0,2.12236224426,-400
exec27_edge_x-400,21,5816,1,0,3,0,0,1,0,9.04996909846,-400
exec27_edge_x-400,21,6888,1,0,0,0,0,0,0,12.083599334,-400
exec27_edge_x-400,33,6279,1,0,3,0,0,1,0,2.22986445886,-400
exec27_edge_x-400,45,6921,1,0,2,0,0,1,0,5.09493741021,-400
exec27_edge_x-400,6,6224,3,0,2,0,0,1,0,2.23088256095,-400
exec27_edge_x-400,9,7912,4,0,1,2,0,1,1,2.10597279284,-400
exec27_edge_x-400,15,7989,2,0,18,2,0,1,1,2.42147674488,-400
exec27_edge_x-400,30,6555,1,0,8,0,0,1,0,5.21863216443,-400
exec27_edge_x-400,15,7986,2,0,4,0,0,1,1,1.96742907892,-400
exec27_edge_x-400,24,7256,0,0,21,2,0,1,1,2.65562486019,-400
exec27_edge_x-400,42,5947,7,0,8,2,0,1,1,4.30763217892,-400
exec27_edge_x-400,30,6539,1,0,3,0,0,1,0,4.6460312892,-400
exec27_edge_x-400,18,7204,0,0,15,6,0,1,1,2.99824040427,-400
exec27_edge_x-400,6,6194,1,0,8,2,0,1,1,3.81601127468,-400
exec27_edge_x-400,18,7181,4,0,11,3,0,1,1,1.81021989069,-400
exec27_edge_x-400,3,8144,4,0,2,0,0,1,0,2.37574146294,-400
exec27_edge_x-400,9,7866,5,0,10,2,0,1,1,3.28811578043,-400
exec27_edge_x-400,24,7219,2,0,11,7,0,1,1,4.0660708391,-400
exec27_edge_x-400,12,6973,2,0,10,0,0,1,0,5.62034402801,-400
exec27_edge_x-400,3,8128,12,1,7,0,0,1,0,4.9769211655,-400
exec27_edge_x-400,39,7023,5,0,11,4,0,1,1,2.18139845927,-400
exec27_edge_x-400,21,5734,1,0,12,0,0,1,0,2.39300870753,-400
exec27_edge_x-400,12,6954,7,0,3,0,0,1,0,2.83171011055,-400
exec27_edge_x-400,27,6558,6,0,7,0,0,1,0,2.97264620204,-400
exec27_edge_x-400,3,8110,2,0,9,7,0,1,1,3.08583171327,-400
exec27_edge_x-400,30,6471,3,0,12,5,0,1,1,3.37182048413,-400
exec27_edge_x-400,36,7302,3,0,13,7,0,1,1,2.40869753914,-400
exec27_edge_x-400,27,6547,2,0,9,0,0,1,0,1.55825242707,-400
exec27_edge_x-400,0,7802,3,0,7,1,0,1,1,2.91786309174,-400
exec27_edge_x-400,30,6460,4,0,15,0,0,1,1,3.33540021741,-400
exec27_edge_x-400,39,6987,5,0,6,0,0,1,0,4.07915479877,-400
exec27_edge_x-400,42,5854,3,0,14,1,0,1,1,2.26232524813,-400
exec27_edge_x-400,18,7104,3,0,2,0,0,1,0,2.20075503028,-400
exec27_edge_x-400,30,6435,6,0,14,6,0,1,1,2.52718045355,-400
exec27_edge_x-400,21,5686,0,0,20,3,0,1,1,1.99401828478,-400
exec27_edge_x-400,9,7779,6,0,0,0,0,1,0,2.14502240422,-400
exec27_edge_x-400,9,7771,7,0,12,0,0,1,0,1.45611881479,-400
exec27_edge_x-400,9,7995,5,0,3,0,0,1,0,1.97202458341,-400
exec27_edge_x-400,42,5827,6,0,6,0,0,1,0,4.67843466502,-400
exec27_edge_x-400,6,6112,4,0,25,5,0,1,1,8.8429878069,-400
exec27_edge_x-400,24,7131,4,0,13,0,0,1,1,3.55083194238,-400
exec27_edge_x-400,0,7747,3,0,0,0,0,0,0,4.73376468047,-400
exec27_edge_x-400,24,7127,10,1,0,0,0,1,0,9.21577362872,-400
exec27_edge_x-400,45,4459,0,0,5,0,0,1,1,8.37844131718,-400
exec27_edge_x-400,0,7734,1,0,6,0,0,1,0,1.82805173301,-400
exec27_edge_x-400,12,6889,3,0,13,0,0,1,0,4.26561481937,-400
exec27_edge_x-400,42,5813,0,0,10,3,0,1,1,4.66932531501,-400
exec27_edge_x-400,0,7722,0,0,12,0,0,1,0,5.75109903159,-400
exec27_edge_x-400,30,6406,5,0,14,5,0,1,1,3.18272146413,-400
exec27_edge_x-400,15,7838,3,0,4,0,0,1,0,5.51095782962,-400
exec27_edge_x-400,9,7724,0,0,9,0,0,1,0,5.6089991309,-400
exec27_edge_x-400,42,5790,0,0,3,0,0,1,0,3.95225702589,-400
exec27_edge_x-400,18,7036,0,0,10,0,0,1,1,2.91124476347,-400
exec27_edge_x-400,45,4414,3,0,13,0,0,1,0,2.72017103822,-400
exec27_edge_x-400,36,7210,0,0,6,0,0,1,0,3.72855598912,-400
exec27_edge_x-400,21,5630,6,0,18,6,0,1,1,4.24501601216,-400
exec27_edge_x-400,24,7077,12,1,15,0,0,1,0,4.9024441316,-400
exec27_edge_x-400,12,6852,6,0,0,0,0,1,0,2.96680977654,-400
exec27_edge_x-400,18,7027,0,0,2,0,0,1,0,4.78020698375,-400
exec27_edge_x-400,3,7993,5,0,1,0,0,1,0,5.43243397536,-400
exec27_edge_x-400,45,4396,7,0,4,0,0,1,0,3.82258939527,-400
exec27_edge_x-400,30,6368,1,0,10,4,0,1,1,4.66602892341,-400
exec27_edge_x-400,12,6839,5,0,8,2,0,1,1,3.56720535926,-400
exec27_edge_x-400,6,6049,7,0,44,23,0,1,1,3.82205482325,-400
exec27_edge_x-400,15,7802,2,0,4,0,0,1,0,5.08921257211,-400
exec27_edge_x-400,36,7188,5,0,10,0,0,1,0,7.69644496191,-400
exec27_edge_x-400,33,6065,2,0,22,5,0,1,1,2.55834724938,-400
exec27_edge_x-400,33,6061,6,0,5,0,0,1,0,4.97795449556,-400
exec27_edge_x-400,33,6047,0,0,18,0,0,1,1,2.90903735276,-400
exec27_edge_x-400,39,6888,1,0,29,13,0,1,1,7.5674416801,-400
exec27_edge_x-400,15,7789,5,0,3,0,0,1,0,4.33279272016,-400
exec27_edge_x-400,42,5744,2,0,3,0,0,1,1,4.0814909438,-400
exec27_edge_x-400,27,6397,5,0,16,0,0,1,1,6.16925026836,-400
exec27_edge_x-400,24,7007,5,0,26,10,0,1,1,5.90827177517,-400
exec27_edge_x-400,0,7634,7,0,14,5,0,1,1,5.45616713873,-400
exec27_edge_x-400,42,5710,2,0,0,0,0,1,0,3.23087441264,-400
exec27_edge_x-400,30,6317,6,0,8,0,0,1,1,5.12231584249,-400
exec27_edge_x-400,21,5529,3,0,9,0,0,1,0,1.45859110768,-400
exec27_edge_x-400,3,7918,7,0,3,0,0,1,1,2.90041996346,-400
exec27_edge_x-400,42,5673,3,0,5,0,0,1,0,4.0353506252,-400
exec27_edge_x-400,45,4319,1,0,10,0,0,1,1,3.38046860599,-400
exec27_edge_x-400,27,7261,10,1,12,1,0,1,1,6.33077301028,-400
exec27_edge_x-400,12,6742,0,0,1,0,0,1,0,1.55654308557,-400
exec27_edge_x-400,12,6736,2,0,0,0,0,1,0,2.51394098619,-400
exec27_edge_x-400,18,6922,7,0,2,0,0,1,0,6.92218995612,-400
exec27_edge_x-400,33,5972,4,0,7,3,0,1,1,3.68078164017,-400
exec27_edge_x-400,36,7090,0,0,1,0,0,1,0,2.9949463991,-400
exec27_edge_x-400,21,5493,2,0,18,9,0,1,1,1.9882821258,-400
exec27_edge_x-400,27,6351,10,1,13,0,0,1,0,5.94232361538,-400
exec27_edge_x-400,39,6811,2,0,10,7,0,1,1,2.9695827541,-400
exec27_edge_x-400,33,5962,4,0,7,0,0,1,0,2.26950257551,-400
exec27_edge_x-400,0,7579,2,0,3,1,0,1,1,5.97484331392,-400
exec27_edge_x-400,30,6242,0,0,17,0,0,1,0,3.64498041599,-400
exec27_edge_x-400,39,6796,3,0,8,0,0,1,0,2.37289518405,-400
exec27_edge_x-400,18,6881,6,0,0,0,0,1,0,4.44085173426,-400
exec27_edge_x-400,15,7666,7,0,2,2,0,1,1,2.93137565227,-400
exec27_edge_x-400,33,5929,2,0,3,0,0,1,0,7.71806232819,-400
exec27_edge_x-400,27,6304,5,0,6,0,0,1,0,4.29424843428,-400
exec27_edge_x-400,3,7821,9,1,7,0,0,1,0,5.59266280151,-400
exec27_edge_x-400,30,6207,5,0,17,4,0,1,1,3.12303866137,-400
exec27_edge_x-400,39,6766,6,0,4,2,0,1,1,10.0078611304,-400
exec27_edge_x-400,18,6852,2,0,4,0,0,1,0,4.05275656883,-400
exec27_edge_x-400,30,6194,0,0,10,1,0,1,1,2.56018153453,-400
exec27_edge_x-400,27,6264,2,0,10,0,0,1,1,2.21811365606,-400
exec27_edge_x-400,6,5855,3,0,13,0,0,1,1,1.70559671692,-400
exec27_edge_x-400,6,5849,7,0,5,0,0,1,0,3.23157239842,-400
exec27_edge_x-400,33,5879,6,0,2,0,0,1,0,3.42749548908,-400
exec27_edge_x-400,42,5543,0,0,4,0,0,1,0,2.95985192598,-400
exec27_edge_x-400,39,6715,1,0,11,10,0,1,1,5.4133204883,-400
exec27_edge_x-400,45,4187,1,0,3,0,0,1,0,1.44298604703,-400
exec27_edge_x-400,12,6605,2,0,16,1,0,1,1,3.54547259942,-400
exec27_edge_x-400,27,6234,6,0,31,2,0,1,1,4.06342590603,-400
exec27_edge_x-400,3,7739,7,0,1,0,0,1,0,2.76958696671,-400
exec27_edge_x-400,12,6583,3,0,12,2,0,1,1,2.28783103958,-400
exec27_edge_x-400,36,6943,2,0,10,0,0,1,0,2.19971142486,-400
exec27_edge_x-400,30,6101,1,0,23,2,0,1,1,2.21305727589,-400
exec27_edge_x-400,45,4131,3,0,4,0,0,1,0,4.62612472265,-400
exec27_edge_x-400,24,6787,3,0,26,8,0,1,1,3.15229861675,-400
exec27_edge_x-400,24,6782,1,0,0,0,0,1,0,3.27590313595,-400
exec27_edge_x-400,21,9599,2,0,2,0,0,1,0,4.65660190951,-400
exec27_edge_x-400,9,7438,4,0,17,4,0,1,1,4.81544650216,-400
exec27_edge_x-400,42,5433,4,0,7,0,0,1,0,1.35622496863,-400
exec27_edge_x-400,33,5784,3,0,3,1,0,1,1,6.77797766207,-400
exec27_edge_x-400,21,9589,3,0,6,0,0,1,1,3.04734901138,-400
exec27_edge_x-400,45,4112,6,0,10,0,0,1,0,8.82437609848,-400
exec27_edge_x-400,18,6699,1,0,4,0,0,1,0,3.54471972955,-400
exec27_edge_x-400,18,6696,5,0,2,0,0,1,0,3.14435184985,-400
exec27_edge_x-400,15,7502,5,0,1,0,0,1,0,1.95813295894,-400
exec27_edge_x-400,3,7665,3,0,17,3,0,1,1,5.91837492769,-400
exec27_edge_x-400,15,7498,4,0,8,0,0,1,0,2.95309559894,-400
exec27_edge_x-400,12,6507,6,0,9,3,0,1,1,3.11190985847,-400
exec27_edge_x-400,18,6673,1,0,0,0,0,1,0,5.53805828601,-400
exec27_edge_x-400,27,6126,6,0,21,3,0,1,1,2.49318833119,-400
exec27_edge_x-400,24,6748,8,1,15,0,0,1,0,4.64762854968,-400
exec27_edge_x-400,36,6873,6,0,12,4,0,1,1,4.31315409588,-400
exec27_edge_x-400,33,5743,0,0,5,0,0,1,1,3.21464975917,-400
exec27_edge_x-400,18,6658,3,0,8,0,0,1,0,3.08885383023,-400
exec27_edge_x-400,0,7367,1,0,6,0,0,1,0,2.23105598095,-400
exec27_edge_x-400,15,7445,15,1,7,0,0,1,1,5.48648332928,-400
exec27_edge_x-400,21,9541,3,0,10,4,0,1,1,5.1462196552,-400
exec27_edge_x-400,0,7359,0,0,4,1,0,1,1,3.08870953752,-400
exec27_edge_x-400,18,6630,0,0,2,0,0,1,0,9.03649714157,-400
exec27_edge_x-400,39,6585,0,0,11,2,0,1,1,11.0827604725,-400
exec27_edge_x-400,15,7426,1,0,3,0,0,1,0,1.76622956042,-400
exec27_edge_x-400,3,7604,5,0,23,8,0,1,1,5.22081896284,-400
exec27_edge_x-400,3,7602,2,0,3,0,0,1,1,10.8109007549,-400
exec27_edge_x-400,27,6060,6,0,1,0,0,1,1,1.82358855141,-400
exec27_edge_x-400,9,7341,7,0,2,0,0,1,0,3.02672361876,-400
exec27_edge_x-400,15,7391,2,0,21,0,0,1,0,2.98585860068,-400
exec27_edge_x-400,24,6679,0,0,9,0,0,1,1,3.79698903964,-400
exec27_edge_x-400,3,7595,1,0,12,2,0,1,1,2.94990646794,-400
exec27_edge_x-400,3,8175,1,0,0,0,0,0,0,4.52323229586,-400
exec27_edge_x-400,3,7588,1,0,3,0,0,1,0,7.63510131698,-400
exec27_edge_x-400,27,6037,0,0,13,2,0,1,1,4.06181872224,-400
exec27_edge_x-400,24,6663,3,0,11,7,0,1,1,3.35069427156,-400
exec27_edge_x-400,45,8797,7,0,0,0,0,1,0,4.11773384746,-400
exec27_edge_x-400,30,5938,0,0,4,0,0,1,0,2.63087556201,-400
exec27_edge_x-400,39,6517,6,0,0,0,0,1,0,5.40926026588,-400
exec27_edge_x-400,12,6396,7,0,10,0,0,1,0,2.11846367437,-400
exec27_edge_x-400,36,6754,7,0,7,0,0,1,0,2.19435400715,-400
exec27_edge_x-400,39,6500,6,0,18,4,0,1,1,5.58568919899,-400
exec27_edge_x-400,15,7338,6,0,20,0,0,1,1,3.27618909803,-400
exec27_edge_x-400,0,7249,7,0,5,0,0,1,0,4.78308344363,-400
exec27_edge_x-400,21,9439,0,0,7,0,0,1,1,1.98534140678,-400
exec27_edge_x-400,27,5975,11,1,30,3,0,1,1,4.87268204983,-400
exec27_edge_x-400,18,6528,5,0,12,0,0,1,0,2.83827162988,-400
exec27_edge_x-400,12,6365,2,0,9,0,0,1,0,1.92522006698,-400
exec27_edge_x-400,30,5894,5,0,26,6,0,1,1,3.01672282273,-400
exec27_edge_x-400,39,6466,5,0,3,0,0,1,0,1.69111613482,-400
exec27_edge_x-400,9,7242,6,0,13,2,0,1,1,3.5562764678,-400
exec27_edge_x-400,39,6460,3,0,17,2,0,1,1,1.53421525835,-400
exec27_edge_x-400,39,7955,3,0,0,0,0,0,0,2.8139948176,-400
exec27_edge_x-400,27,5945,6,0,2,0,0,1,0,1.66905464223,-400
exec27_edge_x-400,39,6453,1,0,0,0,0,1,0,4.59570681417,-400
exec27_edge_x-400,21,9386,3,0,2,0,0,1,0,7.45393439119,-400
exec27_edge_x-400,42,9103,3,0,14,2,0,1,1,5.013370208,-400
exec27_edge_x-400,30,5852,6,0,11,2,0,1,1,5.94128683651,-400
exec27_edge_x-400,9,7204,2,0,20,9,0,1,1,2.16260424634,-400
exec27_edge_x-400,39,6420,5,0,4,0,0,1,0,8.19454733636,-400
exec27_edge_x-400,0,7169,0,0,5,0,0,1,0,5.33227883062,-400
exec27_edge_x-400,18,6444,0,0,11,0,0,1,1,1.77934092238,-400
exec27_edge_x-400,12,6279,0,0,3,0,0,1,0,2.52937813864,-400
exec27_edge_x-400,21,9325,2,0,4,0,0,1,0,1.82483727446,-400
exec27_edge_x-400,12,6274,3,0,4,0,0,1,0,3.69017061143,-400
exec27_edge_x-400,21,9321,1,0,17,3,0,1,1,4.13263433009,-400
exec27_edge_x-400,18,6432,8,1,19,2,0,1,1,5.2182965303,-400
exec27_edge_x-400,18,6427,3,0,8,0,0,1,0,1.76864493096,-400
exec27_edge_x-400,18,8286,3,0,0,0,0,0,0,2.52232469801,-400
exec27_edge_x-400,6,8523,5,0,6,0,0,1,1,4.7079287016,-400
exec27_edge_x-400,15,7204,3,0,14,6,0,1,1,2.34004362804,-400
exec27_edge_x-400,3,7395,7,0,13,0,0,1,0,2.75069475229,-400
exec27_edge_x-400,15,7191,5,0,13,0,0,1,0,2.14704893032,-400
exec27_edge_x-400,45,8651,3,0,12,2,0,1,1,4.30753266097,-400
exec27_edge_x-400,39,6366,5,0,14,1,0,1,1,5.64810066919,-400
exec27_edge_x-400,15,7181,0,0,2,1,0,1,1,3.22789404804,-400
exec27_edge_x-400,9,7131,2,0,8,0,0,1,1,14.0173190044,-400
exec27_edge_x-400,12,6241,13,1,1,0,0,1,1,5.59583723492,-400
exec27_edge_x-400,30,5791,6,0,0,0,0,1,0,1.82759603281,-400
exec27_edge_x-400,30,5783,7,0,10,1,0,1,1,3.11892705696,-400
exec27_edge_x-400,18,6392,3,0,12,0,0,1,0,2.20575540969,-400
exec27_edge_x-400,27,5851,0,0,10,0,0,1,0,2.05617854907,-400
exec27_edge_x-400,42,9010,5,0,2,2,0,1,1,6.20313804398,-400
exec27_edge_x-400,42,9275,5,0,0,0,0,0,0,7.73383258347,-400
exec27_edge_x-400,12,6222,5,0,1,0,0,1,0,3.98890712177,-400
exec27_edge_x-400,3,7349,7,0,5,0,0,1,1,5.89536536482,-400
exec27_edge_x-400,3,7346,5,0,11,0,0,1,0,3.522344599,-400
exec27_edge_x-400,9,7093,7,0,13,0,0,1,0,2.64437459742,-400
exec27_edge_x-400,15,7144,2,0,8,1,0,1,1,2.85360072401,-400
exec27_edge_x-400,21,9254,6,0,4,0,0,1,0,1.90958611982,-400
exec27_edge_x-400,33,5466,13,1,38,1,0,1,1,6.04214568493,-400
exec27_edge_x-400,21,9250,7,0,9,2,0,1,1,1.93942549166,-400
exec27_edge_x-400,39,6311,7,0,1,0,0,1,0,4.38053896356,-400
exec27_edge_x-400,18,6342,0,0,0,0,0,1,0,1.7458889961,-400
exec27_edge_x-400,45,8584,4,0,1,0,0,1,0,5.42421911985,-400
exec27_edge_x-400,27,5767,0,0,5,0,0,1,0,1.29521619686,-400
exec27_edge_x-400,0,7050,5,0,13,6,0,1,1,2.14086030979,-400
exec27_edge_x-400,39,6291,1,0,0,0,0,1,0,2.15780919895,-400
exec27_edge_x-400,3,7301,9,1,18,6,0,1,1,11.6952008469,-400
exec27_edge_x-400,18,6297,7,0,5,0,0,1,0,2.72678143949,-400
exec27_edge_x-400,0,7025,0,0,11,1,0,1,1,4.10195020826,-400
exec27_edge_x-400,36,6516,7,0,12,6,0,1,1,1.69060692969,-400
exec27_edge_x-400,9,7038,6,0,4,0,0,1,0,2.64701145446,-400
exec27_edge_x-400,27,8620,1,0,24,7,0,1,1,3.347983243,-400
exec27_edge_x-400,30,5694,7,0,10,0,0,1,1,1.91581793505,-400
exec27_edge_x-400,24,6408,7,0,0,0,0,1,0,2.31025471063,-400
exec27_edge_x-400,45,8535,12,1,16,3,0,1,1,4.25582317174,-400
exec27_edge_x-400,21,9190,2,0,5,0,0,1,0,3.85103525851,-400
exec27_edge_x-400,21,9187,1,0,1,0,0,1,0,3.87186489447,-400
exec27_edge_x-400,30,5681,8,1,5,0,0,1,0,5.03206749131,-400
exec27_edge_x-400,27,8606,1,0,8,5,0,1,1,2.43405620272,-400
exec27_edge_x-400,42,8904,1,0,2,0,0,1,0,2.2210081858,-400
exec27_edge_x-400,39,6237,6,0,21,4,0,1,1,2.46022635277,-400
exec27_edge_x-400,36,6477,0,0,10,0,0,1,1,2.68847245576,-400
exec27_edge_x-400,6,8383,4,0,6,0,0,1,0,2.67776481337,-400
exec27_edge_x-400,30,5652,3,0,17,0,0,1,0,2.46527604034,-400
exec27_edge_x-400,33,5371,4,0,15,4,0,1,1,3.80751101769,-400
exec27_edge_x-400,45,8488,2,0,7,2,0,1,1,2.06264986294,-400
exec27_edge_x-400,12,6072,1,0,24,3,0,1,1,2.12342285675,-400
exec27_edge_x-400,27,8558,3,0,27,2,0,1,1,11.2655352065,-400
exec27_edge_x-400,0,6950,3,0,13,3,0,1,1,3.00350684279,-400
exec27_edge_x-400,21,9130,6,0,8,3,0,1,1,3.06100690047,-400
exec27_edge_x-400,3,7210,11,1,17,0,0,1,0,7.16348558776,-400
exec27_edge_x-400,39,6188,5,0,15,0,0,1,1,1.64460143744,-400
exec27_edge_x-400,36,6440,5,0,2,0,0,1,0,2.30142908981,-400
exec27_edge_x-400,3,7204,5,0,20,6,0,1,1,2.87914589429,-400
exec27_edge_x-400,15,6968,3,0,8,0,0,1,0,2.62016576887,-400
exec27_edge_x-400,12,6039,6,0,2,0,0,1,0,8.95493020908,-400
exec27_edge_x-400,18,6190,1,0,11,3,0,1,1,1.99907065138,-400
exec27_edge_x-400,6,8294,6,0,0,0,0,1,0,5.84856922556,-400
exec27_edge_x-400,45,8420,7,0,9,0,0,1,0,3.03352332518,-400
exec27_edge_x-400,12,5998,6,0,4,0,0,1,0,2.73315350164,-400
exec27_edge_x-400,9,6895,4,0,0,0,0,1,0,1.5651713184,-400
exec27_edge_x-400,42,8756,6,0,6,0,0,1,0,3.183190802,-400
exec27_edge_x-400,39,6098,5,0,3,0,0,1,0,2.92330358421,-400
exec27_edge_x-400,15,6888,3,0,16,13,0,1,1,6.84049482749,-400
exec27_edge_x-400,36,6354,6,0,3,0,0,1,0,2.45270081419,-400
exec27_edge_x-400,21,9030,0,0,3,0,0,1,0,3.19479891524,-400
exec27_edge_x-400,24,6258,0,0,8,2,0,1,1,7.21451083329,-400
exec27_edge_x-400,9,6858,6,0,2,0,0,1,0,2.10631237112,-400
exec27_edge_x-400,45,8368,3,0,4,1,0,1,1,2.27729899873,-400
exec27_edge_x-400,45,8366,7,0,19,6,0,1,1,2.12432184448,-400
exec27_edge_x-400,36,6326,6,0,20,4,0,1,1,3.8289449233,-400
exec27_edge_x-400,39,6066,3,0,16,4,0,1,1,2.65848605115,-400
exec27_edge_x-400,6,8226,4,0,2,1,0,1,1,4.36187947928,-400
exec27_edge_x-400,0,6835,0,0,14,7,0,1,1,5.56799351578,-400
exec27_edge_x-400,42,8715,0,0,9,1,0,1,1,3.41854868394,-400
exec27_edge_x-400,15,6856,4,0,2,2,0,1,1,3.82615908003,-400
exec27_edge_x-400,3,7107,4,0,3,0,0,1,0,4.03947988749,-400
exec27_edge_x-400,30,5471,2,0,7,1,0,1,1,7.84298455922,-400
exec27_edge_x-400,0,6830,4,0,21,9,0,1,1,7.36829824947,-400
exec27_edge_x-400,36,6308,0,0,6,5,0,1,1,3.306320748,-400
exec27_edge_x-400,12,5930,0,0,5,0,0,1,0,1.96116083772,-400
exec27_edge_x-400,45,8332,7,0,6,0,0,1,0,3.91521975598,-400
exec27_edge_x-400,42,8680,10,1,11,0,0,1,1,8.74480230845,-400
exec27_edge_x-400,3,7083,2,0,5,1,0,1,1,4.2713766023,-400
exec27_edge_x-400,3,7077,11,1,5,0,0,1,1,4.48778271844,-400
exec27_edge_x-400,42,8675,6,0,5,0,0,1,0,2.76472040862,-400
exec27_edge_x-400,42,8671,7,0,9,2,0,1,1,2.51987464066,-400
exec27_edge_x-400,0,6792,7,0,14,3,0,1,1,4.69009676287,-400
exec27_edge_x-400,6,8191,5,0,3,0,0,1,0,2.67078522475,-400
exec27_edge_x-400,15,6810,3,0,7,0,0,1,0,3.10189198595,-400
exec27_edge_x-400,6,8182,7,0,11,2,0,1,1,2.92325373187,-400
exec27_edge_x-400,39,5999,0,0,15,3,0,1,1,4.81040080579,-400
exec27_edge_x-400,9,6777,9,1,41,1,0,1,1,9.26559834061,-400
exec27_edge_x-400,21,8947,4,0,7,0,0,1,0,2.47937812353,-400
exec27_edge_x-400,33,5182,5,0,6,0,0,1,0,2.5622702977,-400
exec27_edge_x-400,33,5175,7,0,9,0,0,1,0,4.72438707451,-400
exec27_edge_x-400,0,6768,3,0,17,5,0,1,1,2.70597660131,-400
exec27_edge_x-400,27,8310,6,0,1,0,0,1,0,3.50529159467,-400
exec27_edge_x-400,24,6125,3,0,27,1,0,1,1,2.04004176403,-400
exec27_edge_x-400,9,6739,3,0,14,1,0,1,1,2.61088848752,-400
exec27_edge_x-400,9,6711,7,0,12,0,0,1,0,3.78265826206,-400
exec27_edge_x-400,30,5370,4,0,4,0,0,1,0,1.40290562521,-400
exec27_edge_x-400,27,8277,3,0,6,0,0,1,0,4.21863990156,-400
exec27_edge_x-400,9,6704,13,1,9,2,0,1,1,9.12593943976,-400
exec27_edge_x-400,39,5939,3,0,7,0,0,1,0,2.68589266944,-400
exec27_edge_x-400,12,5843,6,0,8,3,0,1,1,2.75903754737,-400
exec27_edge_x-400,21,8880,7,0,10,2,0,1,1,2.24618615713,-400
exec27_edge_x-400,3,6977,0,0,14,5,0,1,1,7.82247862915,-400
exec27_edge_x-400,45,8186,2,0,5,2,0,1,1,4.98018996987,-400
exec27_edge_x-400,18,5980,2,0,19,10,0,1,1,4.13674843207,-400
exec27_edge_x-400,3,6946,6,0,5,2,0,1,1,3.12467698466,-400
exec27_edge_x-400,45,8165,6,0,21,5,0,1,1,2.90095955116,-400
exec27_edge_x-400,18,5962,6,0,9,0,0,1,0,3.41776305546,-400
exec27_edge_x-400,21,8835,6,0,13,4,0,1,1,4.45639080448,-400
exec27_edge_x-400,0,6647,1,0,8,1,0,1,1,3.53506790881,-400
exec27_edge_x-400,12,5766,0,0,9,2,0,1,1,5.33538118109,-400
exec27_edge_x-400,36,6133,5,0,6,0,0,1,0,1.97189552612,-400
exec27_edge_x-400,12,5753,0,0,5,0,0,1,0,6.45075433995,-400
exec27_edge_x-400,21,8817,1,0,6,1,0,1,1,3.49011227587,-400
exec27_edge_x-400,15,6625,5,0,7,2,0,1,1,2.92758828323,-400
exec27_edge_x-400,6,8026,0,0,1,0,0,1,0,2.36739146746,-400
exec27_edge_x-400,9,6614,10,1,5,0,0,1,0,5.38790720439,-400
exec27_edge_x-400,39,5839,3,0,0,0,0,1,0,2.61046161824,-400
exec27_edge_x-400,36,6111,6,0,3,0,0,1,0,2.92787141856,-400
exec27_edge_x-400,18,5917,4,0,1,0,0,1,0,2.37482197196,-400
exec27_edge_x-400,3,6902,6,0,31,7,0,1,1,4.02443168573,-400
exec27_edge_x-400,9,6593,6,0,12,1,0,1,1,3.5487910633,-400
exec27_edge_x-400,33,4990,7,0,0,0,0,1,0,2.3512579298,-400
exec27_edge_x-400,30,9233,0,0,3,0,0,1,0,6.20165759774,-400
exec27_edge_x-400,21,8778,7,0,19,8,0,1,1,2.13946893164,-400
exec27_edge_x-400,21,9746,7,0,0,0,0,0,0,3.39352613369,-400
exec27_edge_x-400,27,8126,4,0,1,1,0,1,1,1.64252699037,-400
exec27_edge_x-400,45,8097,2,0,7,0,0,1,0,5.03990884718,-400
exec27_edge_x-400,30,9221,6,0,13,2,0,1,1,3.8537558132,-400
exec27_edge_x-400,30,9317,6,0,0,0,0,0,0,5.25127616361,-400
exec27_edge_x-400,12,5710,7,0,5,0,0,1,0,4.270764322,-400
exec27_edge_x-400,27,8104,2,0,2,0,0,1,0,3.51317579253,-400
exec27_edge_x-400,36,6034,0,0,14,0,0,1,1,1.72143390572,-400
exec27_edge_x-400,3,6865,4,0,5,0,0,1,0,3.02172568809,-400
exec27_edge_x-400,18,5868,5,0,8,1,0,1,1,2.20747697228,-400
exec27_edge_x-400,18,5862,0,0,6,3,0,1,1,6.42106882172,-400
exec27_edge_x-400,15,6534,6,0,5,0,0,1,0,2.57322592075,-400
exec27_edge_x-400,39,5755,7,0,3,0,0,1,0,3.8834794408,-400
exec27_edge_x-400,15,6506,6,0,9,0,0,1,0,2.52143227419,-400
exec27_edge_x-400,24,9903,1,0,17,4,7,1,1,2.76310882051,-400
exec27_edge_x-400,45,8035,4,0,5,0,0,1,0,2.05204589222,-400
exec27_edge_x-400,21,8702,1,0,6,0,0,1,1,9.16517187334,-400
exec27_edge_x-400,3,6824,3,0,2,1,0,1,1,5.7081874925,-400
exec27_edge_x-400,6,7910,3,0,9,0,0,1,0,2.6961661047,-400
exec27_edge_x-400,24,9871,7,0,4,0,0,1,1,1.98287174648,-400
exec27_edge_x-400,15,6477,5,0,5,0,0,1,1,4.30088265013,-400
exec27_edge_x-400,18,5800,2,0,14,6,0,1,1,13.3538787749,-400
exec27_edge_x-400,15,6461,0,0,1,0,0,1,0,4.96794138139,-400
exec27_edge_x-400,45,7997,6,0,12,1,0,1,1,5.92959183777,-400
exec27_edge_x-400,9,9668,2,0,13,7,0,1,1,3.110948033,-400
exec27_edge_x-400,33,9534,7,0,12,0,0,1,0,2.72507678655,-400
exec27_edge_x-400,0,9456,1,0,3,0,0,1,0,1.71393128986,-400
exec27_edge_x-400,39,5681,6,0,3,0,0,1,1,1.47683429864,-400
exec27_edge_x-400,12,5576,7,0,9,0,0,1,0,4.95124516787,-400
exec27_edge_x-400,0,9445,3,0,2,0,0,1,0,6.96116484376,-400
exec27_edge_x-400,15,6425,4,0,5,0,0,1,1,2.84260181665,-400
exec27_edge_x-400,36,9152,2,0,6,0,0,1,0,5.84036327494,-400
exec27_edge_x-400,30,9056,6,0,4,0,0,1,0,8.67854377088,-400
exec27_edge_x-400,3,6745,2,0,12,0,0,1,0,2.2178571522,-400
exec27_edge_x-400,6,7831,15,1,6,0,0,1,1,6.67689929305,-400
exec27_edge_x-400,42,8277,1,0,0,0,0,1,0,3.89362486975,-400
exec27_edge_x-400,39,5605,4,0,21,4,0,1,1,1.62584686037,-400
exec27_edge_x-400,39,7957,4,0,0,0,0,0,0,1.90700241273,-400
exec27_edge_x-400,39,5597,4,0,13,2,0,1,1,1.44870615419,-400
exec27_edge_x-400,0,9400,5,0,12,4,0,1,1,2.55722609285,-400
exec27_edge_x-400,12,5531,6,0,0,0,0,1,0,8.5461141306,-400
exec27_edge_x-400,9,9575,3,0,4,0,0,1,0,2.33012167428,-400
exec27_edge_x-400,21,8560,3,0,9,0,0,1,1,2.3254643139,-400
exec27_edge_x-400,39,9744,2,0,1,0,0,1,0,2.12270861718,-400
exec27_edge_x-400,12,5511,6,0,9,0,0,1,0,5.17271547631,-400
exec27_edge_x-400,0,9363,7,0,10,0,0,1,0,1.70232803221,-400
exec27_edge_x-400,24,9744,4,0,9,0,0,1,1,3.74004500563,-400
exec27_edge_x-400,18,5672,2,0,2,0,0,1,0,3.50101805089,-400
exec27_edge_x-400,42,8210,6,0,1,0,0,1,0,1.82594791557,-400
exec27_edge_x-400,12,5485,5,0,18,5,0,1,1,2.47810308104,-400
exec27_edge_x-400,33,9585,0,0,18,2,0,1,1,6.68043170413,-400
exec27_edge_x-400,39,9709,1,0,14,1,0,1,1,4.20672702413,-400
exec27_edge_x-400,39,9703,2,0,1,0,0,1,1,4.89711449101,-400
exec27_edge_x-400,36,9080,4,0,11,3,0,1,1,2.09887300263,-400
exec27_edge_x-400,18,5657,2,0,16,4,0,1,1,3.76991617512,-400
exec27_edge_x-400,27,7874,5,0,12,1,0,1,1,1.9397656771,-400
exec27_edge_x-400,39,9692,6,0,13,1,0,1,1,2.4856610049,-400
exec27_edge_x-400,24,9728,9,1,43,11,0,1,1,5.60151343556,-400
exec27_edge_x-400,36,9069,3,0,9,0,0,1,0,5.56928109371,-400
exec27_edge_x-400,24,9717,1,0,17,4,0,1,1,3.15768018501,-400
exec27_edge_x-400,6,7720,3,0,9,3,0,1,1,7.75501939957,-400
exec27_edge_x-400,21,8510,4,0,10,0,0,1,1,3.06144064005,-400
exec27_edge_x-400,36,9046,0,0,2,0,0,1,0,5.41200410421,-400
exec27_edge_x-400,12,5446,0,0,10,0,0,1,1,3.67948929565,-400
exec27_edge_x-400,9,9504,6,0,2,0,0,1,0,4.86152722145,-400
exec27_edge_x-400,12,5441,5,0,12,0,0,1,0,5.42868827972,-400
exec27_edge_x-400,9,9502,0,0,1,0,0,1,0,3.81456326974,-400
exec27_edge_x-400,18,5623,0,0,6,0,0,1,0,3.53802496492,-400
exec27_edge_x-400,42,8149,5,0,5,0,0,1,0,1.57736974311,-400
exec27_edge_x-400,39,9644,7,0,4,0,0,1,0,3.66532414799,-400
exec27_edge_x-400,6,7688,7,0,6,0,0,1,1,1.75492056464,-400
exec27_edge_x-400,27,7823,15,1,7,0,0,1,0,11.4548526857,-400
exec27_edge_x-400,27,8639,15,1,0,0,0,0,0,18.3587645545,-400
exec27_edge_x-400,42,8137,0,0,24,5,0,1,1,3.55395231282,-400
exec27_edge_x-400,33,9319,7,0,14,6,0,1,1,5.9338109694,-400
exec27_edge_x-400,42,8135,6,0,13,0,0,1,0,4.62536107635,-400
exec27_edge_x-400,12,5406,7,0,13,4,0,1,1,3.85432164211,-400
exec27_edge_x-400,0,9277,2,0,13,1,0,1,1,4.88423732475,-400
exec27_edge_x-400,3,9923,7,0,1,0,0,1,0,3.46005197966,-400
exec27_edge_x-400,27,7805,7,0,9,1,0,1,1,4.44858701271,-400
exec27_edge_x-400,36,8993,1,0,11,0,0,1,0,2.2176662436,-400
exec27_edge_x-400,21,8456,4,0,19,0,0,1,0,2.030761355,-400
exec27_edge_x-400,12,5392,2,0,16,1,0,1,1,3.18355852399,-400
exec27_edge_x-400,6,7650,6,0,6,0,0,1,0,1.53493057397,-400
exec27_edge_x-400,18,5572,4,0,16,3,0,1,1,2.61047756844,-400
exec27_edge_x-400,12,5383,0,0,4,2,0,1,1,2.71578311675,-400
exec27_edge_x-400,21,8437,5,0,7,0,0,1,0,2.07566916073,-400
exec27_edge_x-400,21,8435,0,0,4,0,0,1,1,3.54640759437,-400
exec27_edge_x-400,27,7765,0,0,4,3,0,1,1,2.66355466184,-400
exec27_edge_x-400,27,7759,7,0,2,0,0,1,0,4.053275728,-400
exec27_edge_x-400,45,7776,3,0,6,1,0,1,1,5.94780955827,-400
exec27_edge_x-400,36,8964,0,0,14,2,0,1,1,3.48657394788,-400
exec27_edge_x-400,33,9252,8,1,6,2,0,1,1,6.5559792997,-400
exec27_edge_x-400,27,7735,1,0,4,0,0,1,0,1.97289285768,-400
exec27_edge_x-400,21,8406,0,0,6,5,0,1,1,3.13490583534,-400
exec27_edge_x-400,6,7613,3,0,0,0,0,1,0,2.07394481708,-400
exec27_edge_x-400,33,9238,3,0,7,1,0,1,1,3.33185748749,-400
exec27_edge_x-400,36,8941,0,0,15,0,0,1,0,3.5258385971,-400
exec27_edge_x-400,39,9571,7,0,9,0,0,1,0,2.73933919676,-400
exec27_edge_x-400,15,6167,7,0,8,0,0,1,0,5.15320659908,-400
exec27_edge_x-400,33,9231,1,0,4,0,0,1,0,4.71222719478,-400
exec27_edge_x-400,15,6166,7,0,5,2,0,1,1,5.65204597437,-400
exec27_edge_x-400,0,9226,7,0,11,1,0,1,1,9.53154423735,-400
exec27_edge_x-400,9,9373,2,0,3,0,0,1,0,19.0701615804,-400
exec27_edge_x-400,15,6131,2,0,1,0,0,1,0,2.11268389081,-400
exec27_edge_x-400,9,9365,1,0,6,3,0,1,1,3.93547832033,-400
exec27_edge_x-400,33,9201,6,0,8,1,0,1,1,2.643384766,-400
exec27_edge_x-400,18,5483,7,0,6,0,0,1,0,2.34523164078,-400
exec27_edge_x-400,21,8361,4,0,2,0,0,1,0,2.23798906782,-400
exec27_edge_x-400,18,5479,1,0,1,0,0,1,0,2.48789586696,-400
exec27_edge_x-400,33,9198,1,0,44,12,0,1,1,2.55050621731,-400
exec27_edge_x-400,3,9816,3,0,6,0,0,1,0,2.31300212291,-400
exec27_edge_x-400,30,8761,7,0,5,0,0,1,0,5.59344335583,-400
exec27_edge_x-400,30,8758,2,0,5,0,0,1,0,1.95214123927,-400
exec27_edge_x-400,39,9759,7,0,14,4,0,1,1,5.42951479558,-400
exec27_edge_x-400,21,8341,2,0,15,0,0,1,0,7.19311687975,-400
exec27_edge_x-400,21,8335,12,1,5,0,0,1,0,7.03745922654,-400
exec27_edge_x-400,21,8333,5,0,6,0,0,1,0,10.6809211269,-400
exec27_edge_x-400,6,7554,1,0,10,0,0,1,0,4.1497769467,-400
exec27_edge_x-400,3,9778,1,0,2,0,0,1,0,6.19906034186,-400
exec27_edge_x-400,18,5434,15,1,26,6,0,1,1,6.97428875582,-400
exec27_edge_x-400,24,9528,12,1,16,0,0,1,0,4.6061020227,-400
exec27_edge_x-400,33,9156,3,0,1,0,0,1,0,1.53020552053,-400
exec27_edge_x-400,6,7530,0,0,13,8,0,1,1,5.65846200358,-400
exec27_edge_x-400,3,9760,2,0,6,1,0,1,1,10.4040277579,-400
exec27_edge_x-400,30,8717,5,0,22,2,0,1,1,2.99673496712,-400
exec27_edge_x-400,15,6058,0,0,5,0,0,1,0,2.11289702825,-400
exec27_edge_x-400,24,9508,7,0,10,0,0,1,0,4.03832290773,-400
exec27_edge_x-400,27,7630,5,0,7,1,0,1,1,4.02905821391,-400
exec27_edge_x-400,45,7627,7,0,1,0,0,1,0,4.86502089871,-400
exec27_edge_x-400,15,6054,2,0,3,0,0,1,0,1.71750797352,-400
exec27_edge_x-400,12,5226,1,0,10,0,0,1,0,1.94754724989,-400
exec27_edge_x-400,0,9121,4,0,11,7,0,1,1,6.42955243254,-400
exec27_edge_x-400,27,7621,7,0,14,2,0,1,1,2.52866156185,-400
exec27_edge_x-400,0,9113,4,0,11,1,0,1,1,6.37462747232,-400
exec27_edge_x-400,18,5399,3,0,11,0,0,1,0,1.43297943739,-400
exec27_edge_x-400,39,9472,0,0,2,0,0,1,0,4.83973267421,-400
exec27_edge_x-400,18,5390,1,0,3,0,0,1,0,1.34517927362,-400
exec27_edge_x-400,36,8813,0,0,10,0,0,1,1,2.50428219034,-400
exec27_edge_x-400,21,8254,5,0,16,0,0,1,0,2.24946513231,-400
exec27_edge_x-400,42,7921,6,0,6,0,0,1,0,5.50384975418,-400
exec27_edge_x-400,27,7584,4,0,7,0,0,1,0,4.43527659532,-400
exec27_edge_x-400,42,9282,1,0,0,0,0,1,0,6.14791732855,-400
exec27_edge_x-400,24,9465,2,0,9,0,0,1,0,2.51177138789,-400
exec27_edge_x-400,36,8795,7,0,11,1,0,1,1,2.66760898648,-400
exec27_edge_x-400,12,5167,0,0,0,0,0,1,0,1.72383666217,-400
exec27_edge_x-400,3,9685,6,0,5,0,0,1,0,2.36926701198,-400
exec27_edge_x-400,27,8641,7,0,7,0,0,1,1,6.71743628737,-400
exec27_edge_x-400,15,5985,6,0,7,1,0,1,1,5.03742071579,-400
exec27_edge_x-400,36,8768,4,0,2,1,0,1,1,3.10237561031,-400
exec27_edge_x-400,9,9205,7,0,11,6,0,1,1,2.68144962682,-400
exec27_edge_x-400,42,7870,7,0,9,0,0,1,1,2.84764729698,-400
exec27_edge_x-400,9,9201,0,0,4,0,0,1,0,4.5403730351,-400
exec27_edge_x-400,15,5959,1,0,18,2,0,1,1,8.31074322075,-400
exec27_edge_x-400,3,9657,0,0,4,0,0,1,0,2.40251664114,-400
exec27_edge_x-400,30,8609,0,0,7,0,0,1,0,4.58121038374,-400
exec27_edge_x-400,45,7518,2,0,9,2,0,1,1,4.88273916473,-400
exec27_edge_x-400,3,9648,3,0,11,0,0,1,1,4.38703842208,-400
exec27_edge_x-400,39,9375,3,0,0,0,0,1,0,5.0976022453,-400
exec27_edge_x-400,30,8591,4,0,8,0,0,1,1,3.17863763716,-400
exec27_edge_x-400,6,7391,7,0,4,0,0,1,0,3.282866282,-400
exec27_edge_x-400,39,9373,7,0,5,0,0,1,1,3.06839632189,-400
exec27_edge_x-400,24,9409,0,0,0,0,0,1,0,2.88731844426,-400
exec27_edge_x-400,24,9403,1,0,13,0,0,1,1,5.10463788168,-400
exec27_edge_x-400,6,7376,5,0,4,0,0,1,0,1.51353816359,-400
exec27_edge_x-400,45,7492,2,0,4,0,0,1,1,6.61742060734,-400
exec27_edge_x-400,18,9707,2,0,9,0,0,1,1,2.74076137391,-400
exec27_edge_x-400,24,9387,9,1,12,2,0,1,1,6.45186711449,-400
exec27_edge_x-400,3,9610,0,0,13,1,0,1,1,3.34915870576,-400
exec27_edge_x-400,9,9138,2,0,15,6,0,1,1,2.76284398578,-400
exec27_edge_x-400,42,7795,0,0,11,0,0,1,0,1.39705330883,-400
exec27_edge_x-400,6,7347,1,0,4,0,0,1,0,2.87777747296,-400
exec27_edge_x-400,39,9330,7,0,45,11,3,1,1,9.3516016621,-400
exec27_edge_x-400,0,8957,7,0,15,5,0,1,1,8.52262964007,-400
exec27_edge_x-400,39,9325,4,0,10,1,0,1,1,3.54590082792,-400
exec27_edge_x-400,12,5016,2,0,13,4,0,1,1,1.80431827987,-400
exec27_edge_x-400,30,8538,0,0,18,0,0,1,0,8.32243799728,-400
exec27_edge_x-400,45,7453,0,0,8,0,0,1,0,1.95378386347,-400
exec27_edge_x-400,3,9576,2,0,1,0,0,1,0,2.84771110137,-400
exec27_edge_x-400,45,7447,7,0,1,0,0,1,0,3.10021017281,-400
exec27_edge_x-400,36,8662,7,0,1,0,0,1,0,2.14500791679,-400
exec27_edge_x-400,18,9664,6,0,6,0,0,1,0,2.03287388844,-400
exec27_edge_x-400,39,9307,6,0,3,0,0,1,0,2.47296914414,-400
exec27_edge_x-400,45,7437,6,0,11,0,0,1,1,2.44820445746,-400
exec27_edge_x-400,0,8928,3,0,16,3,0,1,1,2.22253998879,-400
exec27_edge_x-400,0,8922,5,0,1,0,0,1,0,4.25619637665,-400
exec27_edge_x-400,45,7421,6,0,7,0,0,1,0,1.52196991283,-400
exec27_edge_x-400,12,11023,0,0,9,0,0,1,0,2.11779372805,-400
exec27_edge_x-400,18,9631,2,0,5,6,0,1,1,5.50626691024,-400
exec27_edge_x-400,27,7401,2,0,9,0,0,1,0,7.19528675641,-400
exec27_edge_x-400,21,8061,3,0,2,0,0,1,0,2.1851006417,-400
exec27_edge_x-400,6,7278,5,0,22,9,0,1,1,5.95030172965,-400
exec27_edge_x-400,33,8895,0,0,7,2,0,1,1,5.65332818268,-400
exec27_edge_x-400,0,8880,4,0,11,0,0,1,0,6.0893832659,-400
exec27_edge_x-400,21,8044,2,0,5,0,0,1,0,2.0122051248,-400
exec27_edge_x-400,18,9610,4,0,9,0,0,1,0,1.54472196566,-400
exec27_edge_x-400,45,7386,2,0,2,0,0,1,0,2.41565801381,-400
exec27_edge_x-400,45,8868,2,0,0,0,0,0,0,5.02731250453,-400
exec27_edge_x-400,12,10980,0,0,37,18,0,1,1,6.41995035977,-400
exec27_edge_x-400,9,9012,7,0,3,0,0,1,0,2.34027323734,-400
exec27_edge_x-400,12,10962,3,0,3,0,0,1,0,11.1499998501,-400
exec27_edge_x-400,9,8999,2,0,3,0,0,1,0,3.88641834555,-400
exec27_edge_x-400,27,7339,10,1,7,0,0,1,0,3.92217501393,-400
exec27_edge_x-400,0,8823,7,0,3,0,0,1,0,4.87670121085,-400
exec27_edge_x-400,24,9244,4,0,4,0,0,1,0,1.66098899131,-400
exec27_edge_x-400,36,8534,5,0,2,0,0,1,0,2.50474715842,-400
exec27_edge_x-400,42,7634,6,0,19,1,0,1,1,4.55079835077,-400
exec27_edge_x-400,15,5719,3,0,6,3,0,1,1,3.46729592829,-400
exec27_edge_x-400,45,7328,7,0,23,3,0,1,1,3.01919450609,-400
exec27_edge_x-400,18,9537,5,0,27,8,0,1,1,3.18884564592,-400
exec27_edge_x-400,21,7954,4,0,7,0,0,1,0,2.28383610533,-400
exec27_edge_x-400,21,7947,2,0,3,0,0,1,1,7.56678732645,-400
exec27_edge_x-400,9,8940,1,0,12,0,0,1,0,2.54661389679,-400
exec27_edge_x-400,12,10892,3,0,10,2,0,1,1,3.34849618519,-400
exec27_edge_x-400,0,8775,3,0,3,1,0,1,1,2.87183537155,-400
exec27_edge_x-400,15,5686,5,0,25,6,0,1,1,3.6201269555,-400
exec27_edge_x-400,27,10136,6,0,17,4,0,1,1,2.37170246846,-400
exec27_edge_x-400,27,10134,4,0,0,0,0,1,0,1.96580552477,-400
exec27_edge_x-400,0,8763,2,0,4,0,0,1,0,4.00248527442,-400
exec27_edge_x-400,15,5681,4,0,17,8,0,1,1,2.29311061407,-400
exec27_edge_x-400,12,10875,6,0,3,0,0,1,0,1.93308847846,-400
exec27_edge_x-400,30,8340,1,0,11,0,1,1,0,4.7460687776,-400
exec27_edge_x-400,39,9133,0,0,13,0,0,1,0,4.79183612505,-400
exec27_edge_x-400,45,7276,5,0,2,0,0,1,0,2.14700657125,-400
exec27_edge_x-400,18,9465,4,0,8,1,0,1,1,1.75178729686,-400
exec27_edge_x-400,45,7273,4,0,5,0,0,1,1,2.7938398888,-400
exec27_edge_x-400,21,7881,4,0,15,2,0,1,1,2.45209057926,-400
exec27_edge_x-400,18,9453,1,0,0,0,0,1,0,5.23893545687,-400
exec27_edge_x-400,33,8745,2,0,0,0,0,1,0,4.6902285792,-400
exec27_edge_x-400,36,8436,3,0,9,2,0,1,1,5.46805148317,-400
exec27_edge_x-400,0,8732,2,0,8,0,0,1,0,2.15670091847,-400
exec27_edge_x-400,6,9532,0,0,15,0,0,1,0,5.64413070316,-400
exec27_edge_x-400,21,7863,5,0,7,0,0,1,0,2.54324633671,-400
exec27_edge_x-400,21,7859,2,0,8,0,0,1,0,3.60442501911,-400
exec27_edge_x-400,15,5615,5,0,13,0,0,1,1,1.86790959467,-400
exec27_edge_x-400,45,7240,5,0,2,0,0,1,0,1.94134900848,-400
exec27_edge_x-400,15,5613,0,0,9,1,0,1,1,1.6063264614,-400
exec27_edge_x-400,9,8849,10,1,10,2,0,1,1,8.91599184355,-400
exec27_edge_x-400,3,9346,4,0,21,2,0,1,1,3.67743132957,-400
exec27_edge_x-400,3,9976,4,0,0,0,0,0,0,7.16269519576,-400
exec27_edge_x-400,30,8263,0,0,1,0,0,1,0,3.2543967366,-400
exec27_edge_x-400,42,7487,3,0,6,0,0,1,1,5.29423996267,-400
exec27_edge_x-400,24,9110,0,0,4,0,0,1,0,1.70657789941,-400
exec27_edge_x-400,21,7816,0,0,0,0,0,0,0,2.838366999,-400
exec27_edge_x-400,18,9386,4,0,1,0,0,1,0,7.05759529402,-400
exec27_edge_x-400,9,8813,7,0,5,0,0,1,0,2.92576912554,-400
exec27_edge_x-400,9,8803,0,0,26,8,0,1,1,3.05052849942,-400
exec27_edge_x-400,3,9306,2,0,12,0,0,1,0,1.96486590897,-400
exec27_edge_x-400,9,8797,7,0,4,0,0,1,0,8.18372977898,-400
exec27_edge_x-400,9,8794,1,0,12,0,0,1,0,1.89870550984,-400
exec27_edge_x-400,42,7451,7,0,5,2,0,1,1,1.85230704952,-400
exec27_edge_x-400,33,8658,1,0,7,0,0,1,1,1.87628925332,-400
exec27_edge_x-400,24,9067,5,0,15,2,0,1,1,3.67929932598,-400
exec27_edge_x-400,42,7441,2,0,7,0,0,1,0,1.95628747039,-400
exec27_edge_x-400,9,8783,1,0,4,0,0,1,0,1.79456844892,-400
exec27_edge_x-400,6,9451,0,0,3,0,0,1,1,7.90780332384,-400
exec27_edge_x-400,6,9440,6,0,2,0,0,1,0,2.86744611498,-400
exec27_edge_x-400,39,9000,6,0,19,7,0,1,1,3.10112317138,-400
exec27_edge_x-400,6,9435,0,0,7,0,0,1,0,4.64137604212,-400
exec27_edge_x-400,0,8608,3,0,10,2,0,1,1,2.45786847178,-400
exec27_edge_x-400,24,9028,4,0,0,0,0,1,0,2.33119874971,-400
exec27_edge_x-400,3,9264,1,0,3,0,0,1,0,1.39135618705,-400
exec27_edge_x-400,9,8755,1,0,13,3,0,1,1,3.97896203347,-400
exec27_edge_x-400,30,8181,4,0,21,12,0,1,1,4.24176540849,-400
exec27_edge_x-400,15,11743,7,0,9,5,0,1,1,3.02856630954,-400
exec27_edge_x-400,33,8616,2,0,10,8,0,1,1,2.08385108741,-400
exec27_edge_x-400,27,9974,14,1,17,6,0,1,1,8.75749834276,-400
exec27_edge_x-400,12,10696,7,0,15,0,0,1,0,5.49805427029,-400
exec27_edge_x-400,6,9388,1,0,15,3,0,1,1,2.87733241985,-400
exec27_edge_x-400,15,11713,2,0,2,0,0,1,0,2.81438997474,-400
exec27_edge_x-400,45,7114,3,0,6,0,0,1,0,7.43439458177,-400
exec27_edge_x-400,33,8588,6,0,10,2,0,1,1,3.13950694938,-400
exec27_edge_x-400,9,8706,0,0,2,0,0,1,0,2.28323039809,-400
exec27_edge_x-400,18,9273,5,0,0,0,0,1,0,1.89932375016,-400
exec27_edge_x-400,15,11689,2,0,3,4,0,1,1,4.29104906992,-400
exec27_edge_x-400,15,11688,1,0,3,0,0,1,1,3.2277488962,-400
exec27_edge_x-400,24,8982,0,0,21,4,0,1,1,4.18616495983,-400
exec27_edge_x-400,33,8567,0,0,5,0,0,1,0,3.07914287137,-400
exec27_edge_x-400,0,8536,0,0,4,0,0,1,0,2.82421477884,-400
exec27_edge_x-400,0,8527,0,0,13,0,0,1,0,4.73550923897,-400
exec27_edge_x-400,30,8111,5,0,9,0,0,1,1,4.25754132144,-400
exec27_edge_x-400,24,8975,6,0,14,5,0,1,1,3.25969727329,-400
exec27_edge_x-400,45,7065,3,0,2,0,0,1,0,3.22373756653,-400
exec27_edge_x-400,24,8969,3,0,8,0,0,1,0,3.16367329624,-400
exec27_edge_x-400,42,7331,1,0,20,1,0,1,1,4.11675979143,-400
exec27_edge_x-400,0,8503,4,0,5,0,0,1,0,3.44152820264,-400
exec27_edge_x-400,6,9341,5,0,2,0,0,1,0,2.49047296633,-400
exec27_edge_x-400,33,8533,0,0,6,0,0,1,0,4.67575707299,-400
exec27_edge_x-400,21,7648,1,0,12,0,0,1,0,4.07359397087,-400
exec27_edge_x-400,12,10628,3,0,5,0,0,1,0,2.2221888072,-400
exec27_edge_x-400,30,8070,4,0,2,0,0,1,0,3.23762569536,-400
exec27_edge_x-400,12,10622,3,0,28,6,0,1,1,2.28792462586,-400
exec27_edge_x-400,6,9321,0,0,6,0,0,1,0,4.37282473151,-400
exec27_edge_x-400,15,11626,1,0,1,0,0,1,0,2.10063953361,-400
exec27_edge_x-400,21,7626,0,0,1,1,0,1,1,2.6909636465,-400
exec27_edge_x-400,6,9304,7,0,0,0,0,1,0,5.658716316,-400
exec27_edge_x-400,21,7621,2,0,4,0,0,1,0,1.82792725767,-400
exec27_edge_x-400,21,7617,2,0,5,0,0,1,0,2.80783064396,-400
exec27_edge_x-400,39,8825,7,0,9,0,0,1,0,4.65280914362,-400
exec27_edge_x-400,9,8619,7,0,9,2,0,1,1,2.01781423477,-400
exec27_edge_x-400,9,8603,7,0,2,0,0,1,0,6.63962518939,-400
exec27_edge_x-400,36,8178,0,0,1,0,0,1,0,4.63624304827,-400
exec27_edge_x-400,36,8171,0,0,1,0,0,1,0,2.65229295801,-400
exec27_edge_x-400,0,8434,0,0,15,6,0,1,1,2.89968414945,-400
exec27_edge_x-400,0,9514,0,0,0,0,0,0,0,6.12951822996,-400
exec27_edge_x-400,27,9820,3,0,9,3,0,1,1,6.6723621419,-400
exec27_edge_x-400,33,8455,2,0,4,0,0,1,0,1.93915723493,-400
exec27_edge_x-400,0,8422,0,0,11,0,0,1,0,2.88979485644,-400
exec27_edge_x-400,36,8151,3,0,1,0,0,1,0,8.97328648144,-400
exec27_edge_x-400,21,7550,0,0,1,0,0,1,0,3.74338660945,-400
exec27_edge_x-400,33,8425,5,0,16,5,0,1,1,2.5820390442,-400
exec27_edge_x-400,18,9087,14,1,16,9,0,1,1,12.7108085669,-400
exec27_edge_x-400,33,8400,1,0,10,0,0,1,0,1.78398958404,-400
exec27_edge_x-400,33,8398,5,0,5,2,0,1,1,2.28496806285,-400
exec27_edge_x-400,24,8840,1,0,16,0,0,1,1,2.36838245332,-400
exec27_edge_x-400,18,9063,2,0,11,0,0,1,0,2.47212797221,-400
exec27_edge_x-400,24,8821,9,1,2,0,0,1,0,6.5599657681,-400
exec27_edge_x-400,21,7515,5,0,6,0,0,1,0,3.67343367059,-400
exec27_edge_x-400,3,9051,6,0,5,0,0,1,0,2.98334345147,-400
exec27_edge_x-400,39,8728,1,0,13,1,0,1,1,2.14460994929,-400
exec27_edge_x-400,33,8359,0,0,0,0,0,1,0,3.27202258574,-400
exec27_edge_x-400,15,11509,6,0,0,0,0,1,0,1.94943755801,-400
exec27_edge_x-400,42,7156,12,1,11,6,0,1,1,8.95326564598,-400
exec27_edge_x-400,9,8486,6,0,3,0,0,1,0,3.99515689784,-400
exec27_edge_x-400,0,8347,6,0,12,11,0,1,1,4.53348752828,-400
exec27_edge_x-400,30,7924,7,0,10,4,0,1,1,4.07330261618,-400
exec27_edge_x-400,36,8054,3,0,6,0,0,1,0,4.12880620692,-400
exec27_edge_x-400,39,8685,4,0,13,0,0,1,1,3.01127783526,-400
exec27_edge_x-400,30,7899,5,0,7,0,0,1,0,2.9954765874,-400
exec27_edge_x-400,21,7445,0,0,5,0,0,1,0,5.98242645548,-400
exec27_edge_x-400,27,9666,7,0,15,2,0,1,1,1.58822427391,-400
exec27_edge_x-400,36,8034,11,1,27,0,0,1,0,5.39142188201,-400
exec27_edge_x-400,27,9662,0,0,12,0,0,1,1,3.62094219543,-400
exec27_edge_x-400,42,7117,1,0,5,0,0,1,0,3.35576564833,-400
exec27_edge_x-400,3,8996,0,0,0,0,0,1,0,2.37051859925,-400
exec27_edge_x-400,45,10736,3,0,3,0,0,1,1,2.91752886948,-400
exec27_edge_x-400,18,8973,5,0,2,0,0,1,0,2.48385540901,-400
exec27_edge_x-400,9,8430,6,0,2,0,0,1,0,4.20508135089,-400
exec27_edge_x-400,3,8992,0,0,18,8,0,1,1,2.47587132483,-400
exec27_edge_x-400,42,7102,3,0,14,8,0,1,1,4.65521320576,-400
exec27_edge_x-400,9,8422,4,0,4,0,0,1,0,5.27947612476,-400
exec27_edge_x-400,0,8282,4,0,3,0,0,1,0,3.24127172064,-400
exec27_edge_x-400,21,7418,6,0,3,0,0,1,1,5.24629000879,-400
exec27_edge_x-400,9,8410,7,0,3,0,0,1,0,4.02581757184,-400
exec27_edge_x-400,33,8282,7,0,6,3,0,1,1,5.20148452461,-400
exec27_edge_x-400,18,8957,5,0,14,3,0,1,1,2.93739753747,-400
exec27_edge_x-400,3,8967,3,0,0,0,0,1,0,6.47904322778,-400
exec27_edge_x-400,6,9115,6,0,7,2,0,1,1,2.65062876631,-400
exec27_edge_x-400,12,10421,7,0,15,0,0,1,0,6.31754744305,-400
exec27_edge_x-400,0,8259,7,0,7,0,0,1,0,3.79542383397,-400
exec27_edge_x-400,27,9599,2,0,2,0,0,1,0,3.07345227257,-400
exec27_edge_x-400,39,8631,0,0,11,6,0,1,1,5.08312741269,-400
exec27_edge_x-400,15,11405,6,0,0,0,0,0,0,3.30288579875,-400
exec27_edge_x-400,27,9595,4,0,9,0,0,1,1,2.37317025522,-400
exec27_edge_x-400,12,10404,0,0,6,3,0,1,1,2.35265057173,-400
exec27_edge_x-400,18,8933,0,0,3,0,0,1,0,2.70264210769,-400
exec27_edge_x-400,0,8246,3,0,3,0,0,1,0,2.14980693232,-400
exec27_edge_x-400,30,7824,4,0,7,0,0,1,0,1.26416528623,-400
exec27_edge_x-400,15,11395,6,0,24,5,0,1,1,4.25980958339,-400
exec27_edge_x-400,36,7969,3,0,7,0,0,1,1,3.95547071073,-400
exec27_edge_x-400,18,8925,2,0,7,0,0,1,1,2.66858989181,-400
exec27_edge_x-400,15,11391,6,0,36,12,0,1,1,4.7554609491,-400
exec27_edge_x-400,39,8602,14,1,25,7,0,1,1,6.35480156333,-400
exec27_edge_x-400,21,7371,3,0,9,0,0,1,0,1.97195757228,-400
exec27_edge_x-400,15,11374,5,0,7,0,0,1,0,1.89723685967,-400
exec27_edge_x-400,3,8912,7,0,14,0,0,1,0,4.30903253725,-400
exec27_edge_x-400,0,8226,1,0,7,0,0,1,0,5.13109799812,-400
exec27_edge_x-400,27,9557,3,0,8,0,0,1,0,2.18032840469,-400
exec27_edge_x-400,21,7363,4,0,24,7,0,1,1,2.24617598137,-400
exec27_edge_x-400,18,8898,1,0,15,0,0,1,0,2.56859943305,-400
exec27_edge_x-400,12,10363,2,0,6,0,0,1,1,2.2763968837,-400
exec27_edge_x-400,15,11351,1,0,12,3,0,1,1,2.12158929173,-400
exec27_edge_x-400,6,9044,1,0,16,2,0,1,1,3.70566531664,-400
exec27_edge_x-400,18,8889,0,0,4,0,0,1,1,3.21100194197,-400
exec27_edge_x-400,18,8882,7,0,11,2,0,1,1,2.81243406578,-400
exec27_edge_x-400,18,8881,5,0,10,0,0,1,1,3.58891463364,-400
exec27_edge_x-400,0,8191,4,0,9,0,0,1,0,3.00856470588,-400
exec27_edge_x-400,21,7344,4,0,15,5,0,1,1,4.71283006934,-400
exec27_edge_x-400,24,8642,6,0,2,0,0,1,0,2.94876178434,-400
exec27_edge_x-400,3,8871,7,0,10,2,0,1,1,5.23245421884,-400
exec27_edge_x-400,27,9501,4,0,12,0,0,1,0,2.32436987998,-400
exec27_edge_x-400,18,8856,6,0,5,0,0,1,0,3.4921949585,-400
exec27_edge_x-400,36,7865,1,0,10,0,0,1,0,1.61032215199,-400
exec27_edge_x-400,12,10329,8,1,11,2,0,1,1,6.14913283032,-400
exec27_edge_x-400,3,8863,0,0,17,3,0,1,1,2.43024681096,-400
exec27_edge_x-400,39,8544,2,0,0,0,0,1,0,2.42340339004,-400
exec27_edge_x-400,21,7309,6,0,7,3,0,1,1,5.09020145083,-400
exec27_edge_x-400,21,7304,7,0,7,2,0,1,1,2.23075971205,-400
exec27_edge_x-400,3,8849,4,0,4,0,0,1,1,5.39663688179,-400
exec27_edge_x-400,21,7302,7,0,3,0,0,1,0,3.6863103558,-400
exec27_edge_x-400,30,11990,3,0,1,0,0,1,0,3.51650429658,-400
exec27_edge_x-400,39,8532,8,1,14,0,0,1,0,6.03792317675,-400
exec27_edge_x-400,12,10295,4,0,9,5,0,1,1,5.21079116645,-400
exec27_edge_x-400,21,7266,0,0,7,2,0,1,1,5.59922444747,-400
exec27_edge_x-400,33,8140,4,0,7,5,0,1,1,2.04671873637,-400
exec27_edge_x-400,36,10653,4,0,1,0,0,1,0,2.04660143743,-400
exec27_edge_x-400,0,8113,0,0,13,4,0,1,1,5.18524356867,-400
exec27_edge_x-400,12,10259,4,0,18,0,0,1,0,4.57445660161,-400
exec27_edge_x-400,33,8123,0,0,13,0,0,1,0,4.7514061229,-400
exec27_edge_x-400,30,11932,6,0,16,0,0,1,0,2.86914765932,-400
exec27_edge_x-400,15,11232,3,0,11,0,0,1,0,2.81802150932,-400
exec27_edge_x-400,27,9424,1,0,11,5,0,1,1,2.52725699231,-400
exec27_edge_x-400,30,11920,1,0,4,0,0,1,0,4.32489966021,-400
exec27_edge_x-400,45,10524,5,0,29,6,0,1,1,2.90904782653,-400
exec27_edge_x-400,6,8940,5,0,14,1,0,1,1,4.0305327891,-400
exec27_edge_x-400,24,8534,1,0,40,14,0,1,1,7.35795301437,-400
exec27_edge_x-400,36,10596,3,0,9,4,0,1,1,2.92948540396,-400
exec27_edge_x-400,6,8923,3,0,7,4,0,1,1,3.11633960482,-400
exec27_edge_x-400,24,8527,2,0,9,0,0,1,0,1.74491708324,-400
exec27_edge_x-400,36,10586,0,0,7,0,0,1,0,3.6010404485,-400
exec27_edge_x-400,0,8057,7,0,15,4,0,1,1,4.79113801874,-400
exec27_edge_x-400,30,11899,7,0,7,0,0,1,0,2.89732452797,-400
exec27_edge_x-400,27,9406,5,0,13,0,0,1,1,4.3292988889,-400
exec27_edge_x-400,39,8460,0,0,14,0,0,1,0,3.0953823,-400
exec27_edge_x-400,12,10198,2,0,4,0,0,1,0,5.34823851694,-400
exec27_edge_x-400,33,8085,2,0,10,0,0,1,1,2.63632507149,-400
exec27_edge_x-400,27,9392,7,0,2,0,0,1,0,1.67487272871,-400
exec27_edge_x-400,0,8035,4,0,14,5,0,1,1,2.71659814443,-400
exec27_edge_x-400,6,8902,4,0,3,0,0,1,0,3.08673893758,-400
exec27_edge_x-400,39,8440,0,0,6,0,0,1,0,2.40211583417,-400
exec27_edge_x-400,3,8746,0,0,14,0,0,1,1,2.55665706086,-400
exec27_edge_x-400,15,11187,0,0,18,8,0,1,1,6.66280617136,-400
exec27_edge_x-400,36,10551,5,0,3,0,0,1,0,3.29376594723,-400
exec27_edge_x-400,36,10541,2,0,7,0,0,1,0,2.25262643043,-400
exec27_edge_x-400,42,12556,4,0,21,3,0,1,1,3.27221913164,-400
exec27_edge_x-400,9,8139,3,0,28,11,0,1,1,4.74852186525,-400
exec27_edge_x-400,6,8876,2,0,4,0,0,1,0,4.51277941013,-400
exec27_edge_x-400,0,8001,5,0,14,0,0,1,0,3.02643002082,-400
exec27_edge_x-400,21,7165,3,0,1,0,0,1,0,4.23863660822,-400
exec27_edge_x-400,42,12539,2,0,6,0,0,1,1,4.08348602349,-400
exec27_edge_x-400,0,7996,4,0,3,0,0,1,0,2.59237376576,-400
exec27_edge_x-400,6,8864,7,0,0,0,0,1,0,2.16731366604,-400
exec27_edge_x-400,6,9615,7,0,0,0,0,0,0,6.00578625744,-400
exec27_edge_x-400,39,8404,6,0,13,0,0,1,0,1.50910130982,-400
exec27_edge_x-400,18,8671,0,0,4,0,0,1,0,5.22063216762,-400
exec27_edge_x-400,24,8458,4,0,10,0,0,1,0,2.98328722397,-400
exec27_edge_x-400,24,8450,6,0,12,0,0,1,1,2.10792428402,-400
exec27_edge_x-400,27,9319,5,0,6,0,0,1,0,3.5856901011,-400
exec27_edge_x-400,12,10142,5,0,17,2,0,1,1,2.99497696825,-400
exec27_edge_x-400,39,8382,7,0,1,0,0,1,0,2.68418088939,-400
exec27_edge_x-400,3,8708,2,0,15,0,0,1,1,2.46180742363,-400
exec27_edge_x-400,21,7143,6,0,23,5,0,1,1,3.63017046745,-400
exec27_edge_x-400,45,10393,0,0,4,0,0,1,0,2.65732554507,-400
exec27_edge_x-400,42,12508,1,0,3,0,0,1,0,4.51340932718,-400
exec27_edge_x-400,39,8373,3,0,14,1,0,1,1,3.93290042645,-400
exec27_edge_x-400,0,7962,5,0,9,3,0,1,1,2.07537342939,-400
exec27_edge_x-400,33,8012,2,0,16,1,0,1,1,4.48402374264,-400
exec27_edge_x-400,27,9297,0,0,5,0,0,1,0,1.88962526935,-400
exec27_edge_x-400,12,10127,3,0,7,2,0,1,1,2.92900595973,-400
exec27_edge_x-400,27,9280,5,0,7,0,0,1,0,3.62040856393,-400
exec27_edge_x-400,33,7995,7,0,10,0,0,1,0,4.14997192359,-400
exec27_edge_x-400,45,10365,4,0,12,5,0,1,1,3.76300033803,-400
exec27_edge_x-400,36,10460,2,0,16,5,0,1,1,5.40801771702,-400
exec27_edge_x-400,39,8336,6,0,15,2,0,1,1,6.57762093365,-400
exec27_edge_x-400,33,7985,3,0,12,3,0,1,1,1.9578629545,-400
exec27_edge_x-400,12,10100,5,0,17,3,0,1,1,2.30018956853,-400
exec27_edge_x-400,0,7890,3,0,11,0,0,1,0,1.4806145073,-400
exec27_edge_x-400,0,7874,3,0,13,0,0,1,0,1.40194358242,-400
exec27_edge_x-400,6,8789,3,0,11,3,0,1,1,7.38197078357,-400
exec27_edge_x-400,39,8317,1,0,16,8,0,1,1,7.8996112245,-400
exec27_edge_x-400,42,12442,5,0,12,0,0,1,0,3.44334671642,-400
exec27_edge_x-400,12,10083,4,0,6,0,0,1,0,8.22103897078,-400
exec27_edge_x-400,3,8625,2,0,4,0,0,1,0,2.39922559829,-400
exec27_edge_x-400,12,10077,0,0,17,1,0,1,1,3.66002914694,-400
exec27_edge_x-400,33,7947,6,0,3,0,0,1,0,5.84632756226,-400
exec27_edge_x-400,18,8564,7,0,5,0,0,1,0,4.4855243821,-400
exec27_edge_x-400,42,12411,7,0,6,0,0,1,0,2.71128014544,-400
exec27_edge_x-400,9,11342,4,0,6,4,0,1,1,8.67017049505,-400
exec27_edge_x-400,12,10053,2,0,2,0,0,1,0,2.10214721269,-400
exec27_edge_x-400,15,11038,3,0,26,5,0,1,1,4.73414920589,-400
exec27_edge_x-400,15,11023,2,0,8,2,0,1,1,2.44907816439,-400
exec27_edge_x-400,39,8258,4,0,33,12,0,1,1,6.813369807,-400
exec27_edge_x-400,24,8318,1,0,6,2,0,1,1,1.75433813403,-400
exec27_edge_x-400,30,11716,7,0,5,1,0,1,1,4.64711739852,-400
exec27_edge_x-400,27,9189,7,0,6,0,0,1,0,3.99093720326,-400
exec27_edge_x-400,33,7892,5,0,5,0,0,1,0,2.43222451902,-400
exec27_edge_x-400,21,7029,4,0,10,1,0,1,1,5.25702256114,-400
exec27_edge_x-400,27,9174,3,0,6,0,0,1,0,6.56820635969,-400
exec27_edge_x-400,33,7882,2,0,8,0,0,1,0,2.98434294009,-400
exec27_edge_x-400,3,8547,1,0,2,0,0,1,1,4.14333085649,-400
exec27_edge_x-400,15,10991,2,0,11,4,0,1,1,3.11694016168,-400
exec27_edge_x-400,3,8545,6,0,8,1,0,1,1,3.27750499806,-400
exec27_edge_x-400,15,10986,4,0,6,0,0,1,0,3.16684984259,-400
exec27_edge_x-400,45,10249,7,0,5,0,0,1,0,2.21122975982,-400
exec27_edge_x-400,6,11263,1,0,1,0,0,1,0,3.92055924506,-400
exec27_edge_x-400,15,10979,0,0,2,0,0,1,0,6.92444137517,-400
exec27_edge_x-400,12,9996,3,0,5,0,0,1,1,1.93930056665,-400
exec27_edge_x-400,39,8226,1,0,4,0,0,1,1,4.50480285501,-400
exec27_edge_x-400,45,10236,7,0,11,0,0,1,0,4.42518533285,-400
exec27_edge_x-400,39,8210,7,0,16,0,0,1,0,1.77000944235,-400
exec27_edge_x-400,9,11261,1,0,3,0,0,1,0,3.13513649186,-400
exec27_edge_x-400,18,8465,5,0,1,0,0,1,0,5.51649151728,-400
exec27_edge_x-400,9,11256,3,0,4,0,0,1,0,5.26734821773,-400
exec27_edge_x-400,21,6977,12,1,8,0,0,1,0,3.98514642492,-400
exec27_edge_x-400,42,12323,5,0,9,0,0,1,0,5.70661288974,-400
exec27_edge_x-400,0,11430,4,0,11,5,0,1,1,4.95768246509,-400
exec27_edge_x-400,45,10192,7,0,0,0,0,1,0,4.65279097874,-400
exec27_edge_x-400,24,8238,2,0,13,3,0,1,1,2.63813559052,-400
exec27_edge_x-400,24,10060,2,0,0,0,0,0,0,3.0985629191,-400
exec27_edge_x-400,3,8479,2,0,8,0,0,1,0,2.51771150621,-400
exec27_edge_x-400,24,8234,5,0,10,0,0,1,0,3.89781025644,-400
exec27_edge_x-400,9,11227,0,0,24,3,0,1,1,2.88138179447,-400
exec27_edge_x-400,39,8175,3,0,13,0,0,1,0,2.92705522997,-400
exec27_edge_x-400,36,10298,8,1,8,0,0,1,0,4.30082761185,-400
exec27_edge_x-400,6,11200,5,0,3,0,0,1,0,4.3280022736,-400
exec27_edge_x-400,18,8421,2,0,14,6,0,1,1,9.32923314597,-400
exec27_edge_x-400,24,8220,4,0,5,0,0,1,0,3.79257218836,-400
exec27_edge_x-400,18,8412,3,0,4,0,0,1,0,4.78775595443,-400
exec27_edge_x-400,9,11214,7,0,24,4,0,1,1,5.46563697762,-400
exec27_edge_x-400,9,11200,7,0,11,1,0,1,1,2.60817240202,-400
exec27_edge_x-400,0,11378,3,0,3,0,0,1,0,4.45974498762,-400
exec27_edge_x-400,27,9071,4,0,14,0,0,1,0,8.39876121814,-400
exec27_edge_x-400,0,11368,0,0,16,6,0,1,1,3.59699376155,-400
exec27_edge_x-400,30,11576,5,0,5,0,0,1,0,4.81290879967,-400
exec27_edge_x-400,24,8192,2,0,5,0,0,1,0,1.66361028392,-400
exec27_edge_x-400,3,8427,6,0,10,1,0,1,1,3.09734928231,-400
exec27_edge_x-400,27,9054,5,0,2,0,0,1,0,4.33491266581,-400
exec27_edge_x-400,36,10231,0,0,9,2,0,1,1,5.60129487944,-400
exec27_edge_x-400,42,12247,0,0,4,2,0,1,1,3.46496745353,-400
exec27_edge_x-400,24,8171,4,0,9,1,0,1,1,2.56410713449,-400
exec27_edge_x-400,9,11148,5,0,9,3,0,1,1,4.96050846895,-400
exec27_edge_x-400,15,10854,0,0,3,0,0,1,0,1.88939271224,-400
exec27_edge_x-400,21,11184,0,0,9,0,0,1,0,2.36567105611,-400
exec27_edge_x-400,9,11135,1,0,10,0,0,1,0,3.99824040493,-400
exec27_edge_x-400,27,9014,6,0,6,0,0,1,0,5.61055769347,-400
exec27_edge_x-400,24,8141,4,0,8,2,0,1,1,6.25881165753,-400
exec27_edge_x-400,27,9009,1,0,1,0,0,1,0,3.15759616336,-400
exec27_edge_x-400,27,9007,7,0,2,0,0,1,0,5.93288398209,-400
exec27_edge_x-400,36,10196,7,0,4,0,0,1,0,2.31646230269,-400
exec27_edge_x-400,27,8994,7,0,9,1,0,1,1,5.01270319042,-400
exec27_edge_x-400,15,10816,7,0,9,2,0,1,1,4.33499788769,-400
exec27_edge_x-400,9,11103,2,0,6,2,0,1,1,4.76550222611,-400
exec27_edge_x-400,39,8068,13,1,4,0,0,1,0,7.63951335574,-400
exec27_edge_x-400,0,11277,3,0,18,0,0,1,0,3.94683726203,-400
exec27_edge_x-400,27,8948,1,0,8,0,0,1,0,5.15242253698,-400
exec27_edge_x-400,30,11472,7,0,18,3,0,1,1,3.61302441681,-400
exec27_edge_x-400,36,10144,7,0,12,6,0,1,1,2.73465443735,-400
exec27_edge_x-400,0,11247,7,0,5,0,0,1,0,6.01392423736,-400
exec27_edge_x-400,3,8300,2,0,25,6,0,1,1,2.55125496859,-400
exec27_edge_x-400,45,9989,5,0,10,0,0,1,0,2.62364825506,-400
exec27_edge_x-400,6,11038,5,0,10,0,0,1,0,3.56690837583,-400
exec27_edge_x-400,6,11274,5,0,0,0,0,0,0,3.68857613192,-400
exec27_edge_x-400,24,8044,6,0,13,0,0,1,0,2.03323941003,-400
exec27_edge_x-400,3,8283,3,0,11,0,0,1,1,3.57199867061,-400
exec27_edge_x-400,3,8277,7,0,20,0,0,1,0,1.47175893381,-400
exec27_edge_x-400,9,11053,5,0,28,9,0,1,1,2.47135971958,-400
exec27_edge_x-400,24,8035,7,0,10,2,0,1,1,5.44774949536,-400
exec27_edge_x-400,42,12117,7,0,10,0,0,1,1,4.05226735017,-400
exec27_edge_x-400,3,8259,4,0,11,0,2,1,0,1.35569356022,-400
exec27_edge_x-400,12,9763,1,0,4,0,0,1,0,2.49969540822,-400
exec27_edge_x-400,12,9754,2,0,8,0,0,1,0,4.55700092212,-400
exec27_edge_x-400,21,11044,0,0,21,0,0,1,1,2.21328468646,-400
exec27_edge_x-400,33,13058,3,0,0,0,0,1,0,9.36538538487,-400
exec27_edge_x-400,45,9952,0,0,9,0,0,1,0,4.63478797948,-400
exec27_edge_x-400,45,9950,6,0,0,0,0,0,0,2.71567968985,-400
exec27_edge_x-400,18,10972,4,0,11,0,0,1,1,3.44348247299,-400
exec27_edge_x-400,21,11018,4,0,8,1,0,1,1,2.02654467343,-400
exec27_edge_x-400,33,13034,6,0,14,2,0,1,1,2.71901504733,-400
exec27_edge_x-400,9,11003,6,0,5,0,0,1,0,1.57437677615,-400
exec27_edge_x-400,45,9936,4,0,1,0,0,1,0,3.30206579775,-400
exec27_edge_x-400,9,10999,1,0,11,0,0,1,0,3.10661434242,-400
exec27_edge_x-400,45,9929,6,0,3,0,0,1,0,1.58029264764,-400
exec27_edge_x-400,42,12061,5,0,6,0,0,1,1,1.78435494876,-400
exec27_edge_x-400,12,9716,6,0,1,0,0,1,0,4.21642883538,-400
exec27_edge_x-400,21,10991,6,0,14,1,0,1,1,3.13623354004,-400
exec27_edge_x-400,21,10989,5,0,4,0,0,1,0,1.51535126604,-400
exec27_edge_x-400,24,7979,9,1,13,1,0,1,1,7.24793532514,-400
exec27_edge_x-400,39,11933,6,0,14,7,0,1,1,3.09155759029,-400
exec27_edge_x-400,18,10941,7,0,3,3,0,1,1,1.5086111506,-400
exec27_edge_x-400,39,11924,0,0,12,0,0,1,0,2.46090321217,-400
exec27_edge_x-400,33,12983,0,0,2,0,0,1,0,3.6884435739,-400
exec27_edge_x-400,30,11372,14,1,31,0,0,1,0,6.93221818995,-400
exec27_edge_x-400,12,9687,7,0,3,0,0,1,0,7.15606903695,-400
exec27_edge_x-400,36,10030,2,0,11,0,0,1,0,1.78631785087,-400
exec27_edge_x-400,21,10965,6,0,5,1,0,1,1,5.36453360849,-400
exec27_edge_x-400,9,10947,2,0,6,0,0,1,0,3.65195044685,-400
exec27_edge_x-400,24,7935,1,0,11,1,0,1,1,3.64524663363,-400
exec27_edge_x-400,0,11112,4,0,0,0,0,0,0,3.45777457833,-400
exec27_edge_x-400,15,10610,1,0,8,0,0,1,0,3.19867885312,-400
exec27_edge_x-400,39,11878,5,0,7,0,0,1,0,2.44280148784,-400
exec27_edge_x-400,0,11092,14,1,9,0,0,1,0,4.45932743114,-400
exec27_edge_x-400,15,10598,1,0,10,0,0,1,0,3.40727378351,-400
exec27_edge_x-400,0,11087,5,0,6,0,0,1,0,3.47925013318,-400
exec27_edge_x-400,12,9620,3,0,3,0,0,1,0,4.79106447933,-400
exec27_edge_x-400,3,11527,3,0,17,3,0,1,1,9.36621569119,-400
exec27_edge_x-400,0,11069,7,0,8,0,0,1,0,3.92570986422,-400
exec27_edge_x-400,3,11518,1,0,4,0,0,1,0,2.93325890091,-400
exec27_edge_x-400,45,9837,6,0,8,0,0,1,0,3.99578916109,-400
exec27_edge_x-400,3,11515,2,0,11,4,1,1,1,5.38300329945,-400
exec27_edge_x-400,36,9967,0,0,23,6,2,1,1,3.25509046424,-400
exec27_edge_x-400,6,10873,0,0,11,0,0,1,0,5.16386747983,-400
exec27_edge_x-400,0,11060,4,0,8,0,0,1,0,7.84660682529,-400
exec27_edge_x-400,45,9824,2,0,16,2,0,1,1,3.02935972926,-400
exec27_edge_x-400,36,9955,1,0,15,0,0,1,1,3.67518577683,-400
exec27_edge_x-400,12,9598,5,0,4,0,0,1,0,2.68639606946,-400
exec27_edge_x-400,15,10551,1,0,11,2,0,1,1,2.96964419533,-400
exec27_edge_x-400,15,10532,7,0,2,0,0,1,0,1.92517454407,-400
exec27_edge_x-400,15,10526,4,0,23,0,0,1,1,1.85531171538,-400
exec27_edge_x-400,18,10810,7,0,4,0,0,1,0,3.96070526225,-400
exec27_edge_x-400,33,12842,2,0,5,0,0,1,0,2.74839301364,-400
exec27_edge_x-400,42,11903,0,0,8,0,0,1,1,2.84791884931,-400
exec27_edge_x-400,12,9547,5,0,7,4,0,1,1,2.05923118332,-400
exec27_edge_x-400,36,9893,14,1,11,0,0,1,0,9.6722163627,-400
exec27_edge_x-400,27,12740,4,0,21,7,0,1,1,5.29432705687,-400
exec27_edge_x-400,6,10796,4,0,7,0,0,1,0,3.35670465263,-400
exec27_edge_x-400,18,10767,7,0,5,0,0,1,0,3.69081181765,-400
exec27_edge_x-400,3,11418,6,0,13,0,0,1,1,6.2556388107,-400
exec27_edge_x-400,15,10492,6,0,7,0,0,1,0,2.70679393424,-400
exec27_edge_x-400,30,11223,3,0,15,6,0,1,1,2.00322453124,-400
exec27_edge_x-400,6,10785,2,0,1,0,0,1,0,6.22013343608,-400
exec27_edge_x-400,33,12800,3,0,28,0,0,1,1,4.77401867332,-400
exec27_edge_x-400,3,11403,1,0,9,2,0,1,1,4.8407756545,-400
exec27_edge_x-400,6,10769,0,0,11,1,0,1,1,5.39510929792,-400
exec27_edge_x-400,9,10767,0,0,0,0,0,1,0,4.00632864592,-400
exec27_edge_x-400,15,10456,5,0,5,0,0,1,0,2.71380561787,-400
exec27_edge_x-400,27,12688,2,0,8,0,0,1,0,1.67557714651,-400
exec27_edge_x-400,36,9856,3,0,21,2,0,1,1,5.6389875554,-400
exec27_edge_x-400,9,10757,13,1,34,3,0,1,1,5.84621310203,-400
exec27_edge_x-400,21,10778,1,0,12,2,0,1,1,4.40602331573,-400
exec27_edge_x-400,27,12670,6,0,5,0,0,1,0,4.96080581087,-400
exec27_edge_x-400,42,11821,1,0,14,1,0,1,1,5.86017544077,-400
exec27_edge_x-400,15,10430,1,0,6,0,0,1,0,6.83031171089,-400
exec27_edge_x-400,39,11964,2,0,2,0,0,1,0,2.99950083165,-400
exec27_edge_x-400,27,12658,7,0,5,1,0,1,1,2.85778910241,-400
exec27_edge_x-400,33,12759,2,0,7,5,0,1,1,2.13338833061,-400
exec27_edge_x-400,15,10422,1,0,12,0,0,1,0,4.71260818144,-400
exec27_edge_x-400,3,11343,3,0,8,0,0,1,0,2.6302471509,-400
exec27_edge_x-400,42,11810,6,0,1,0,0,1,1,7.03322858122,-400
exec27_edge_x-400,3,11336,1,0,5,4,0,1,1,6.22954509432,-400
exec27_edge_x-400,36,9814,1,0,3,0,0,1,0,3.82230535527,-400
exec27_edge_x-400,15,10412,3,0,2,0,0,1,0,2.25953157429,-400
exec27_edge_x-400,0,10909,6,0,6,3,0,1,1,3.69685461522,-400
exec27_edge_x-400,12,9428,4,0,9,0,0,1,1,4.68408172822,-400
exec27_edge_x-400,3,11331,7,0,16,3,0,1,1,2.32681640605,-400
exec27_edge_x-400,33,12734,7,0,9,5,0,1,1,4.05251994334,-400
exec27_edge_x-400,6,10696,5,0,0,0,0,1,0,5.14787029497,-400
exec27_edge_x-400,12,9416,4,0,11,0,0,1,0,1.74129723744,-400
exec27_edge_x-400,36,9800,0,0,29,14,0,1,1,8.00108586028,-400
exec27_edge_x-400,33,12730,6,0,19,2,0,1,1,3.27502267816,-400
exec27_edge_x-400,3,11309,6,0,9,0,0,1,0,3.66245672693,-400
exec27_edge_x-400,30,11100,3,0,1,0,0,1,0,2.32922112576,-400
exec27_edge_x-400,3,11304,2,0,1,0,0,1,0,3.51043275919,-400
exec27_edge_x-400,36,9781,7,0,23,7,0,1,1,2.8826133157,-400
exec27_edge_x-400,45,9634,1,0,0,0,0,1,0,2.9766010593,-400
exec27_edge_x-400,0,10860,0,0,13,9,0,1,1,3.7598018722,-400
exec27_edge_x-400,33,13114,10,1,2,0,0,1,0,8.28156488767,-400
exec27_edge_x-400,45,9619,1,0,21,5,0,1,1,2.25701335054,-400
exec27_edge_x-400,9,10665,4,0,4,2,0,1,1,1.93819947623,-400
exec27_edge_x-400,21,10675,0,0,10,2,0,1,1,2.28616950175,-400
exec27_edge_x-400,36,9736,1,0,0,0,0,0,0,1.89394191585,-400
exec27_edge_x-400,42,11749,5,0,0,0,0,1,0,1.89801930238,-400
exec27_edge_x-400,9,10655,0,0,7,0,0,1,0,10.3734955682,-400
exec27_edge_x-400,27,12546,5,0,11,4,0,1,1,2.80062156462,-400
exec27_edge_x-400,33,12665,4,0,1,0,0,1,0,6.17778211016,-400
exec27_edge_x-400,24,11657,0,0,11,2,0,1,1,2.13149487943,-400
exec27_edge_x-400,6,10629,3,0,3,0,0,1,0,2.33529599274,-400
exec27_edge_x-400,45,9590,6,0,3,0,0,1,1,2.39355098905,-400
exec27_edge_x-400,30,11032,7,0,3,0,0,1,0,1.86612610091,-400
exec27_edge_x-400,33,12636,15,1,3,0,0,1,0,4.91639046214,-400
exec27_edge_x-400,15,10294,2,0,4,0,0,1,0,1.95185978331,-400
exec27_edge_x-400,3,11237,9,1,8,0,0,1,0,6.18528247724,-400
exec27_edge_x-400,9,10608,5,0,11,1,0,1,1,5.7988547693,-400
exec27_edge_x-400,30,11023,3,0,16,4,0,1,1,3.20489123207,-400
exec27_edge_x-400,39,11593,4,0,2,0,0,1,0,4.3603434612,-400
exec27_edge_x-400,18,10535,10,1,20,0,0,1,0,9.61790042448,-400
exec27_edge_x-400,21,10606,3,0,2,0,0,1,0,2.14769378706,-400
exec27_edge_x-400,42,11662,4,0,6,0,0,1,0,2.28904544505,-400
exec27_edge_x-400,0,10776,7,0,6,0,0,1,0,3.16146078776,-400
exec27_edge_x-400,9,10569,2,0,11,0,0,1,1,2.79068178392,-400
exec27_edge_x-400,15,10247,2,0,12,1,0,1,1,3.06473384235,-400
exec27_edge_x-400,3,11184,4,0,0,0,0,1,0,3.69948254105,-400
exec27_edge_x-400,24,11571,1,0,3,0,0,1,0,6.15968868241,-400
exec27_edge_x-400,6,10552,2,0,4,3,0,1,1,5.26311679559,-400
exec27_edge_x-400,42,11635,2,0,5,0,0,1,0,2.31957345047,-400
exec27_edge_x-400,21,10583,6,0,3,0,0,1,0,3.91557622426,-400
exec27_edge_x-400,30,10965,5,0,12,1,0,1,1,4.1667385487,-400
exec27_edge_x-400,15,10209,0,0,6,0,0,1,0,2.1889126932,-400
exec27_edge_x-400,36,9623,2,0,5,3,0,1,1,4.33220428487,-400
exec27_edge_x-400,12,9266,2,0,11,0,0,1,1,4.52090774912,-400
exec27_edge_x-400,33,12550,6,0,9,0,0,1,0,1.71913109515,-400
exec27_edge_x-400,36,9614,6,0,8,3,0,1,1,2.30554729896,-400
exec27_edge_x-400,21,10547,1,0,9,1,0,1,1,2.51730363181,-400
exec27_edge_x-400,27,12423,1,0,25,8,0,1,1,4.68406712563,-400
exec27_edge_x-400,33,12531,4,0,15,9,0,1,1,3.99284337467,-400
exec27_edge_x-400,9,10512,1,0,4,1,0,1,1,4.04875836353,-400
exec27_edge_x-400,36,9601,6,0,2,0,0,1,0,2.26263133453,-400
exec27_edge_x-400,9,10508,2,0,9,0,0,1,0,3.04190043224,-400
exec27_edge_x-400,9,10505,2,0,9,0,0,1,1,5.11465926971,-400
exec27_edge_x-400,36,9593,5,0,2,0,0,1,0,2.16917742273,-400
exec27_edge_x-400,3,11110,2,0,11,1,0,1,1,2.80813036591,-400
exec27_edge_x-400,21,10523,4,0,12,2,0,1,1,2.75654566391,-400
exec27_edge_x-400,36,9583,7,0,6,0,0,1,0,2.60409960938,-400
exec27_edge_x-400,12,9220,1,0,4,2,0,1,1,1.61233633133,-400
exec27_edge_x-400,21,10497,5,0,2,0,0,1,0,1.7169257034,-400
exec27_edge_x-400,45,9429,6,0,15,5,0,1,1,2.51898778869,-400
exec27_edge_x-400,6,10480,5,0,8,4,0,1,1,3.46855940653,-400
exec27_edge_x-400,45,9426,2,0,6,0,0,1,0,2.46227055778,-400
exec27_edge_x-400,42,11547,7,0,3,1,0,1,1,3.02447129647,-400
exec27_edge_x-400,9,10447,0,0,9,0,0,1,0,2.47316503942,-400
exec27_edge_x-400,39,11456,4,0,12,2,0,1,1,4.95050445636,-400
exec27_edge_x-400,0,10651,4,0,5,0,0,1,0,7.69273941058,-400
exec27_edge_x-400,6,10456,0,0,2,0,0,1,0,3.51667460215,-400
exec27_edge_x-400,39,11452,2,0,7,1,0,1,1,2.53725867116,-400
exec27_edge_x-400,39,11440,2,0,6,0,0,1,1,3.16389229498,-400
exec27_edge_x-400,33,12453,1,0,20,2,0,1,1,4.78952142198,-400
exec27_edge_x-400,36,9519,3,0,21,4,0,1,1,3.71840258167,-400
exec27_edge_x-400,18,10376,2,0,7,0,0,1,0,2.17566423587,-400
exec27_edge_x-400,9,10412,4,0,7,1,0,1,1,2.59790050164,-400
exec27_edge_x-400,15,10072,3,0,12,2,0,1,1,2.36082234138,-400
exec27_edge_x-400,27,12344,5,0,1,1,0,1,1,8.41228069217,-400
exec27_edge_x-400,27,12342,7,0,13,0,0,1,1,3.11355344563,-400
exec27_edge_x-400,0,10621,0,0,9,0,0,1,0,2.51461401455,-400
exec27_edge_x-400,12,9149,3,0,18,0,0,1,0,2.29896303537,-400
exec27_edge_x-400,42,11497,0,0,8,2,0,1,1,2.60710518761,-400
exec27_edge_x-400,24,11414,3,0,10,0,0,1,0,2.12208257124,-400
exec27_edge_x-400,39,11395,4,0,11,5,0,1,1,4.92350148804,-400
exec27_edge_x-400,3,11000,3,0,5,0,0,1,0,4.6584873315,-400
exec27_edge_x-400,30,10816,6,0,9,0,0,1,0,5.72093261885,-400
exec27_edge_x-400,36,9466,7,0,3,0,0,1,0,2.28075175657,-400
exec27_edge_x-400,39,11390,0,0,7,0,0,1,0,4.81495922005,-400
exec27_edge_x-400,21,10396,4,0,4,0,0,1,0,2.64741239092,-400
exec27_edge_x-400,27,12300,5,0,5,0,0,1,0,6.02491947825,-400
exec27_edge_x-400,21,10386,7,0,2,2,0,1,1,2.14094415023,-400
exec27_edge_x-400,24,11388,3,0,1,0,0,1,0,3.98740084165,-400
exec27_edge_x-400,39,11366,0,0,20,5,0,1,1,2.38796655153,-400
exec27_edge_x-400,30,10776,6,0,8,0,0,1,0,2.8425850192,-400
exec27_edge_x-400,3,10955,6,0,4,1,0,1,1,4.64435102964,-400
exec27_edge_x-400,12,9085,1,0,4,0,0,1,0,2.73652708409,-400
exec27_edge_x-400,6,10355,2,0,7,0,0,1,0,4.31907571933,-400
exec27_edge_x-400,18,10286,5,0,8,0,0,1,0,1.75419531649,-400
exec27_edge_x-400,3,10946,2,0,6,0,0,1,0,2.07650657029,-400
exec27_edge_x-400,30,10754,6,0,6,0,0,1,1,2.59877771881,-400
exec27_edge_x-400,3,10945,5,0,17,4,0,1,1,3.39750659574,-400
exec27_edge_x-400,9,10326,3,0,9,0,0,1,0,2.01180903101,-400
exec27_edge_x-400,3,10939,1,0,37,14,0,1,1,4.94043073626,-400
exec27_edge_x-400,42,11415,3,0,13,3,0,1,1,2.25853200544,-400
exec27_edge_x-400,36,9409,6,0,10,4,0,1,1,2.20481398363,-400
exec27_edge_x-400,39,11324,5,0,1,0,0,1,0,6.60264013959,-400
exec27_edge_x-400,30,10726,6,0,18,2,0,1,1,2.62440238576,-400
exec27_edge_x-400,3,10918,3,0,3,0,0,1,0,2.70467100197,-400
exec27_edge_x-400,3,10916,2,0,6,0,0,1,1,3.92018623775,-400
exec27_edge_x-400,27,12239,0,0,3,1,0,1,1,2.44693181008,-400
exec27_edge_x-400,18,10235,7,0,7,0,0,1,1,1.70386726216,-400
exec27_edge_x-400,6,10299,11,1,27,1,0,1,1,7.15267609536,-400
exec27_edge_x-400,42,11373,6,0,16,0,0,1,1,5.29956445611,-400
exec27_edge_x-400,42,11368,3,0,1,2,0,1,1,3.05462413728,-400
exec27_edge_x-400,33,12296,0,0,4,0,0,1,0,1.91914058832,-400
exec27_edge_x-400,3,10879,5,0,3,0,0,1,0,4.07194065662,-400
exec27_edge_x-400,33,12294,5,0,15,6,0,1,1,2.88147710277,-400
exec27_edge_x-400,3,10871,6,0,9,0,0,1,0,7.11349709087,-400
exec27_edge_x-400,30,10663,5,0,1,0,0,1,0,2.70967201634,-400
exec27_edge_x-400,0,10473,2,0,4,0,0,1,0,7.13249148375,-400
exec27_edge_x-400,30,10652,3,0,6,0,0,1,0,5.04816445786,-400
exec27_edge_x-400,0,10453,7,0,2,0,0,1,0,4.50341080995,-400
exec27_edge_x-400,15,9888,0,0,0,0,0,1,0,3.8219818252,-400
exec27_edge_x-400,3,10821,3,0,1,0,0,1,0,6.58385550481,-400
exec27_edge_x-400,12,8945,5,0,4,2,0,1,1,2.58657667089,-400
exec27_edge_x-400,30,10638,1,0,13,6,0,1,1,3.91666107669,-400
exec27_edge_x-400,39,11197,7,0,9,3,0,1,1,2.48257405388,-400
exec27_edge_x-400,42,11272,3,0,5,0,0,1,0,1.71141645563,-400
exec27_edge_x-400,36,12305,6,0,10,0,0,1,0,4.23373297277,-400
exec27_edge_x-400,39,11183,4,0,5,0,0,1,0,4.40578408649,-400
exec27_edge_x-400,33,12218,7,0,3,0,0,1,0,3.72921899411,-400
exec27_edge_x-400,42,11255,2,0,9,0,0,1,0,4.9411585973,-400
exec27_edge_x-400,9,10181,8,1,12,0,0,1,0,8.15296176028,-400
exec27_edge_x-400,9,10179,5,0,3,0,0,1,0,1.99418255596,-400
exec27_edge_x-400,12,8891,6,0,21,8,0,1,1,3.41473901673,-400
exec27_edge_x-400,12,8877,7,0,5,0,0,1,0,3.31484473033,-400
exec27_edge_x-400,18,10087,3,0,22,1,0,1,1,2.71187347191,-400
exec27_edge_x-400,9,10169,5,0,34,10,0,1,1,4.54190292192,-400
exec27_edge_x-400,30,10590,1,0,13,0,0,1,0,2.77899781688,-400
exec27_edge_x-400,39,11148,0,0,16,0,0,1,0,3.93769202201,-400
exec27_edge_x-400,21,10177,1,0,17,2,0,1,1,3.07021380969,-400
exec27_edge_x-400,24,11178,0,0,28,5,0,1,1,3.11596943675,-400
exec27_edge_x-400,3,10758,0,0,6,1,0,1,1,4.80170006379,-400
exec27_edge_x-400,0,10372,4,0,8,5,0,1,1,3.6151685711,-400
exec27_edge_x-400,18,10064,3,0,17,0,0,1,0,2.35917528719,-400
exec27_edge_x-400,6,10145,5,0,6,0,0,1,0,2.72533229659,-400
exec27_edge_x-400,39,11132,4,0,12,3,0,1,1,5.07000115244,-400
exec27_edge_x-400,18,10059,6,0,8,4,0,1,1,1.97028388304,-400
exec27_edge_x-400,39,11125,5,0,9,0,0,1,1,6.10754498223,-400
exec27_edge_x-400,42,11193,3,0,14,0,0,1,1,2.8596008223,-400
exec27_edge_x-400,15,9781,5,0,8,3,0,1,1,1.89327312719,-400
exec27_edge_x-400,27,12084,7,0,3,0,0,1,0,2.94321091815,-400
exec27_edge_x-400,30,10559,5,0,16,2,0,1,1,3.14557767993,-400
exec27_edge_x-400,45,9059,5,0,5,0,0,1,0,2.40413367183,-400
exec27_edge_x-400,42,11181,3,0,6,3,0,1,1,2.75867886488,-400
exec27_edge_x-400,45,9042,5,0,7,1,0,1,1,4.23628138971,-400
exec27_edge_x-400,12,8828,4,0,15,0,0,1,0,8.72225412887,-400
exec27_edge_x-400,6,10108,2,0,7,0,0,1,0,1.92016409894,-400
exec27_edge_x-400,30,10541,1,0,1,0,0,1,0,2.24900820664,-400
exec27_edge_x-400,9,10117,2,0,12,0,0,1,0,2.76335755931,-400
exec27_edge_x-400,33,12108,3,0,4,0,0,1,0,5.74903949331,-400
exec27_edge_x-400,15,9741,7,0,0,0,0,1,0,2.18024008383,-400
exec27_edge_x-400,42,11151,2,0,3,0,0,1,0,3.21465049778,-400
exec27_edge_x-400,15,9737,5,0,9,0,0,1,0,6.7318032774,-400
exec27_edge_x-400,0,10327,7,0,20,0,0,1,0,3.81080481152,-400
exec27_edge_x-400,27,12034,1,0,13,0,0,1,0,6.78307956237,-400
exec27_edge_x-400,12,8799,0,0,10,4,0,1,1,2.01070479119,-400
exec27_edge_x-400,18,10014,0,0,10,3,0,1,1,4.4390524061,-400
exec27_edge_x-400,9,10095,0,0,19,13,0,1,1,4.77620795343,-400
exec27_edge_x-400,24,11103,0,0,14,5,0,1,1,3.17764790733,-400
exec27_edge_x-400,27,12014,4,0,21,6,0,1,1,2.38689528144,-400
exec27_edge_x-400,27,12003,0,0,0,0,0,1,0,1.99113536721,-400
exec27_edge_x-400,12,8776,0,0,10,0,0,1,0,4.13760918082,-400
exec27_edge_x-400,15,9698,4,0,11,6,0,1,1,2.12030381752,-400
exec27_edge_x-400,12,8772,6,0,15,4,0,1,1,5.19876167833,-400
exec27_edge_x-400,18,9985,7,0,3,0,0,1,0,3.69284977251,-400
exec27_edge_x-400,27,11973,6,0,25,5,0,1,1,4.8945986585,-400
exec27_edge_x-400,42,11098,0,0,1,0,0,1,1,1.94369052385,-400
exec27_edge_x-400,36,12154,1,0,6,2,0,1,1,4.10143081778,-400
exec27_edge_x-400,39,11021,2,0,4,0,0,1,0,2.27599531829,-400
exec27_edge_x-400,15,9682,2,0,1,0,0,1,0,2.20466328055,-400
exec27_edge_x-400,18,9966,2,0,16,2,0,1,1,9.86537045433,-400
exec27_edge_x-400,15,9675,6,0,5,0,0,1,0,3.94238007166,-400
exec27_edge_x-400,9,10032,9,1,9,0,0,1,0,7.96593852335,-400
exec27_edge_x-400,12,8732,1,0,4,0,0,1,0,3.70124855802,-400
exec27_edge_x-400,42,11065,6,0,16,3,0,1,1,2.64195060234,-400
exec27_edge_x-400,42,11059,7,0,6,0,0,1,0,3.4611114518,-400
exec27_edge_x-400,36,12127,5,0,13,3,0,1,1,2.65403496128,-400
exec27_edge_x-400,0,10232,4,0,12,2,0,1,1,2.74371508416,-400
exec27_edge_x-400,30,10442,2,0,4,0,0,1,1,3.4655350736,-400
exec27_edge_x-400,36,12100,7,0,0,0,0,1,0,2.56431192502,-400
exec27_edge_x-400,3,10607,3,0,1,0,0,1,0,1.46341243599,-400
exec27_edge_x-400,39,10955,14,1,13,0,0,1,0,5.50674996554,-400
exec27_edge_x-400,3,10602,0,0,2,0,0,1,0,4.96024471977,-400
exec27_edge_x-400,36,12093,1,0,18,2,0,1,1,3.46907731709,-400
exec27_edge_x-400,33,11990,5,0,9,0,0,1,0,1.62227215151,-400
exec27_edge_x-400,0,10203,7,0,9,0,0,1,0,5.1865608914,-400
exec27_edge_x-400,36,12079,3,0,25,8,0,1,1,4.73956049314,-400
exec27_edge_x-400,12,8674,2,0,1,0,0,1,0,12.7505369413,-400
exec27_edge_x-400,45,12239,0,0,8,0,0,1,0,2.03924635152,-400
exec27_edge_x-400,3,10584,5,0,30,5,0,1,1,2.89130210912,-400
exec27_edge_x-400,0,10191,2,0,15,1,0,1,1,4.39286032211,-400
exec27_edge_x-400,33,11960,2,0,5,0,0,1,0,2.69454646862,-400
exec27_edge_x-400,45,12205,0,0,4,0,0,1,0,1.92551505606,-400
exec27_edge_x-400,6,9932,4,0,9,1,0,1,1,5.80692598513,-400
exec27_edge_x-400,36,12040,1,0,0,0,0,1,0,4.07329095463,-400
exec27_edge_x-400,24,10935,4,0,11,2,0,1,1,2.94024967918,-400
exec27_edge_x-400,45,12194,7,0,11,0,0,1,0,2.59062931054,-400
exec27_edge_x-400,45,12192,6,0,3,0,0,1,1,2.12874409674,-400
exec27_edge_x-400,18,9845,6,0,8,0,0,1,0,1.34368641472,-400
exec27_edge_x-400,36,12031,0,0,22,5,0,1,1,6.97633088886,-400
exec27_edge_x-400,24,10918,7,0,0,0,0,1,0,2.07728507482,-400
exec27_edge_x-400,18,9827,5,0,24,2,0,1,1,1.7574804105,-400
exec27_edge_x-400,0,10111,6,0,9,0,0,1,0,8.64564817603,-400
exec27_edge_x-400,9,9862,6,0,6,0,0,1,0,3.39513671696,-400
exec27_edge_x-400,3,10448,3,0,17,5,0,1,1,2.33716777333,-400
exec27_edge_x-400,21,9883,5,0,5,0,0,1,0,3.99611936444,-400
exec27_edge_x-400,6,9852,12,1,5,0,0,1,0,4.54983470544,-400
exec27_edge_x-400,21,9868,7,0,7,0,0,1,0,2.01453250633,-400
exec27_edge_x-400,6,9840,1,0,12,0,0,1,0,2.75865879115,-400
exec27_edge_x-400,36,11961,7,0,0,0,0,1,0,3.36057677277,-400
exec27_edge_x-400,0,10071,0,0,4,0,0,1,0,3.05845134954,-400
exec27_edge_x-400,0,10066,12,1,1,0,0,1,0,7.96742782004,-400
exec27_edge_x-400,6,9821,5,0,0,0,0,1,0,1.72142622661,-400
exec27_edge_x-400,30,10271,0,0,6,0,0,1,0,1.65824915443,-400
exec27_edge_x-400,3,10425,0,0,7,3,0,1,1,3.26825650773,-400
exec27_edge_x-400,15,9447,3,0,6,1,0,1,1,1.95249641122,-400
exec27_edge_x-400,39,10783,4,0,5,0,0,1,1,4.69575387334,-400
exec27_edge_x-400,42,10833,1,0,4,0,0,1,0,2.84369051546,-400
exec27_edge_x-400,6,9798,1,0,2,0,0,1,0,4.29271451566,-400
exec27_edge_x-400,39,10770,5,0,2,0,0,1,0,3.94397046329,-400
exec27_edge_x-400,39,11968,5,0,0,0,0,0,0,9.66135849776,-400
exec27_edge_x-400,33,11811,0,0,15,5,0,1,1,3.92121473867,-400
exec27_edge_x-400,6,9791,2,0,19,9,0,1,1,3.55256536514,-400
exec27_edge_x-400,3,10389,5,0,8,0,0,1,0,3.57923627448,-400
exec27_edge_x-400,24,10771,6,0,8,2,0,1,1,1.83477488389,-400
exec27_edge_x-400,33,11801,4,0,11,0,0,1,0,1.88980997921,-400
exec27_edge_x-400,18,12646,7,0,0,1,0,1,1,3.68020169893,-400
exec27_edge_x-400,36,11893,5,0,10,0,0,1,0,3.96332792581,-400
exec27_edge_x-400,6,9757,3,0,25,10,0,1,1,7.77011489434,-400
exec27_edge_x-400,39,10707,5,0,0,0,0,1,0,3.24696733008,-400
exec27_edge_x-400,0,9979,13,1,18,1,0,1,1,10.5001516574,-400
exec27_edge_x-400,30,10178,14,1,25,3,0,1,1,7.90879946124,-400
exec27_edge_x-400,45,12007,0,0,9,0,0,1,1,4.16943817883,-400
exec27_edge_x-400,3,10337,1,0,16,3,0,1,1,4.32991835429,-400
exec27_edge_x-400,24,10719,6,0,6,2,0,1,1,1.77176122087,-400
exec27_edge_x-400,6,9723,7,0,7,0,0,1,1,5.95106321464,-400
exec27_edge_x-400,30,10154,0,0,1,0,0,1,0,2.9267515782,-400
exec27_edge_x-400,21,12796,5,0,15,0,0,1,1,3.03262955411,-400
exec27_edge_x-400,15,9330,6,0,7,1,0,1,1,2.63387804783,-400
exec27_edge_x-400,18,12555,3,0,3,1,0,1,1,5.40810391418,-400
exec27_edge_x-400,3,10300,5,0,8,0,0,1,1,3.66675808969,-400
exec27_edge_x-400,9,12802,7,0,1,0,0,1,0,2.55103466487,-400
exec27_edge_x-400,45,11945,3,0,7,0,0,1,0,2.12593781393,-400
exec27_edge_x-400,15,9308,0,0,0,0,0,1,0,7.69246904602,-400
exec27_edge_x-400,27,11582,4,0,1,0,0,1,0,7.32742429842,-400
exec27_edge_x-400,6,14162,2,0,3,0,0,1,0,4.68463244837,-400
exec27_edge_x-400,21,12753,5,0,7,0,0,1,1,2.65835309293,-400
exec27_edge_x-400,12,13016,7,0,0,0,0,0,0,1.86385879677,-400
exec27_edge_x-400,12,13012,2,0,0,0,0,1,0,6.80828632343,-400
exec27_edge_x-400,27,11566,0,0,13,0,0,1,0,5.70426514499,-400
exec27_edge_x-400,30,10086,0,0,8,0,0,1,1,6.45715238944,-400
exec27_edge_x-400,21,12742,10,1,27,2,0,1,1,5.60550381634,-400
exec27_edge_x-400,12,13002,3,0,14,2,0,1,1,3.70218052616,-400
exec27_edge_x-400,3,10275,4,0,7,0,0,1,1,3.6132996925,-400
exec27_edge_x-400,15,9273,7,0,9,0,0,1,0,2.30019829834,-400
exec27_edge_x-400,27,11550,0,0,7,0,0,1,1,2.1751067394,-400
exec27_edge_x-400,42,10669,2,0,5,0,0,1,0,11.5457756778,-400
exec27_edge_x-400,39,10590,7,0,14,2,0,1,1,3.25819442766,-400
exec27_edge_x-400,9,12768,7,0,13,2,0,1,1,3.20841773764,-400
exec27_edge_x-400,6,14122,2,0,17,2,0,1,1,4.67955072111,-400
exec27_edge_x-400,42,10656,7,0,3,0,0,1,1,3.85810762619,-400
exec27_edge_x-400,6,14118,10,1,13,0,0,1,0,4.97193463781,-400
exec27_edge_x-400,39,10556,5,0,3,2,0,1,1,2.71675051372,-400
exec27_edge_x-400,27,11511,7,0,9,1,0,1,1,2.06207743115,-400
exec27_edge_x-400,33,11645,4,0,6,0,0,1,0,3.92742282582,-400
exec27_edge_x-400,24,10598,7,0,2,0,0,1,0,3.17579290664,-400
exec27_edge_x-400,9,12730,4,0,6,0,0,1,0,4.23492571546,-400
exec27_edge_x-400,3,10216,6,0,2,0,0,1,0,3.37504120499,-400
exec27_edge_x-400,3,10214,1,0,8,0,0,1,0,2.43467681824,-400
exec27_edge_x-400,9,12719,2,0,0,0,0,1,0,2.33785761546,-400
exec27_edge_x-400,30,10023,4,0,1,0,0,1,0,3.95417237766,-400
exec27_edge_x-400,39,10532,2,0,11,2,0,1,1,2.25088436314,-400
exec27_edge_x-400,27,11476,4,0,14,0,0,1,0,7.82355324631,-400
exec27_edge_x-400,24,10579,5,0,21,2,0,1,1,3.27899227254,-400
exec27_edge_x-400,18,12419,3,0,18,0,0,1,1,3.18853348957,-400
exec27_edge_x-400,30,10017,7,0,4,0,0,1,0,3.94988628283,-400
exec27_edge_x-400,18,12417,0,0,9,0,0,1,1,1.80396452791,-400
exec27_edge_x-400,30,10013,1,0,1,1,0,1,1,4.31258342369,-400
exec27_edge_x-400,18,12412,3,0,8,0,0,1,0,3.17471500465,-400
exec27_edge_x-400,6,14052,2,0,5,0,0,1,0,5.20328730954,-400
exec27_edge_x-400,27,11458,7,0,18,4,0,1,1,3.0700461082,-400
exec27_edge_x-400,45,11829,3,0,1,0,0,1,0,13.1657705207,-400
exec27_edge_x-400,15,9188,4,0,14,3,0,1,1,3.32803146532,-400
exec27_edge_x-400,27,11448,2,0,1,0,0,1,0,3.4137772086,-400
exec27_edge_x-400,45,11822,15,1,10,4,1,1,1,8.22651719748,-400
exec27_edge_x-400,39,10500,0,0,11,0,0,1,0,2.47493676871,-400
exec27_edge_x-400,9,12677,1,0,6,0,0,1,1,2.64504869794,-400
exec27_edge_x-400,24,10546,0,0,7,2,0,1,1,2.10601238142,-400
exec27_edge_x-400,30,9967,3,0,4,0,0,1,0,5.64510975156,-400
exec27_edge_x-400,24,10539,3,0,17,0,0,1,1,4.09260414541,-400
exec27_edge_x-400,15,9155,1,0,4,0,0,1,0,2.39354875272,-400
exec27_edge_x-400,30,9963,10,1,14,0,0,1,0,5.35606514617,-400
exec27_edge_x-400,9,12638,5,0,1,0,0,1,0,3.42083340525,-400
exec27_edge_x-400,21,12606,4,0,7,0,0,1,0,7.42234854615,-400
exec27_edge_x-400,33,11538,2,0,0,0,0,1,0,6.97614972892,-400
exec27_edge_x-400,6,14000,7,0,1,2,0,1,1,10.2193068692,-400
exec27_edge_x-400,0,9748,3,0,8,0,0,1,0,2.74912228572,-400
exec27_edge_x-400,45,11770,3,0,8,2,0,1,1,1.62360172228,-400
exec27_edge_x-400,33,11519,1,0,4,0,0,1,0,1.61582814693,-400
exec27_edge_x-400,27,11368,4,0,7,0,0,1,1,2.07382342263,-400
exec27_edge_x-400,30,9922,1,0,4,0,0,1,1,2.21263615149,-400
exec27_edge_x-400,45,11752,4,0,2,0,0,1,0,3.57730706647,-400
exec27_edge_x-400,0,9735,2,0,9,1,0,1,1,7.34416628991,-400
exec27_edge_x-400,18,12307,4,0,3,0,0,1,0,2.26834905036,-400
exec27_edge_x-400,15,9096,0,0,18,0,0,1,0,5.82475423515,-400
exec27_edge_x-400,21,12559,1,0,1,0,0,1,0,6.58829026076,-400
exec27_edge_x-400,3,10097,6,0,5,4,1,1,1,3.23508187921,-400
exec27_edge_x-400,21,12556,1,0,10,0,0,1,0,8.34913706149,-400
exec27_edge_x-400,0,9710,2,0,11,2,0,1,1,5.56656224807,-400
exec27_edge_x-400,15,9086,4,0,13,2,0,1,1,2.90270138798,-400
exec27_edge_x-400,30,9901,4,0,13,6,0,1,1,3.10942853311,-400
exec27_edge_x-400,24,10462,1,0,9,0,0,1,0,2.14126142185,-400
exec27_edge_x-400,6,13946,12,1,5,0,0,1,0,6.25410214284,-400
exec27_edge_x-400,45,11742,2,0,13,6,0,1,1,5.47014303844,-400
exec27_edge_x-400,0,9690,4,0,13,2,0,1,1,4.01144177991,-400
exec27_edge_x-400,27,11324,0,0,24,0,0,1,1,6.57220593724,-400
exec27_edge_x-400,6,13935,5,0,2,0,0,1,0,2.39969414301,-400
exec27_edge_x-400,15,9073,3,0,0,0,0,1,1,3.02106492115,-400
exec27_edge_x-400,15,9057,4,0,1,0,0,1,0,1.98014788584,-400
exec27_edge_x-400,21,12523,5,0,3,0,0,1,0,3.81038238157,-400
exec27_edge_x-400,36,11578,6,0,7,0,0,1,0,3.64393917871,-400
exec27_edge_x-400,6,13926,0,0,10,0,0,1,0,5.90115320076,-400
exec27_edge_x-400,15,9050,7,0,9,6,0,1,1,3.11300853276,-400
exec27_edge_x-400,6,13918,7,0,2,0,0,1,0,2.01176405963,-400
exec27_edge_x-400,3,10048,6,0,5,0,0,1,0,1.40465309046,-400
exec27_edge_x-400,42,10468,3,0,9,3,0,1,1,1.8443322898,-400
exec27_edge_x-400,39,10377,6,0,15,0,0,1,0,3.40409050406,-400
exec27_edge_x-400,3,10032,1,0,13,0,0,1,0,1.38269992527,-400
exec27_edge_x-400,0,9666,1,0,3,0,0,1,0,4.32863132789,-400
exec27_edge_x-400,39,10374,0,0,18,7,0,1,1,2.80436397454,-400
exec27_edge_x-400,6,13885,0,0,6,0,0,1,0,3.17132547664,-400
exec27_edge_x-400,9,12512,0,0,9,0,0,1,0,2.87518662435,-400
exec27_edge_x-400,36,11544,6,0,4,0,0,1,0,7.01079315336,-400
exec27_edge_x-400,9,12504,7,0,0,0,0,1,0,3.40390653064,-400
exec27_edge_x-400,18,12231,6,0,2,0,0,1,0,2.23044368774,-400
exec27_edge_x-400,24,10399,3,0,1,0,0,1,0,2.29062848678,-400
exec27_edge_x-400,9,12498,3,0,9,0,0,1,0,4.24811099195,-400
exec27_edge_x-400,30,9837,4,0,5,0,0,1,1,2.37088315071,-400
exec27_edge_x-400,12,12747,1,0,10,0,0,1,0,2.76004852069,-400
exec27_edge_x-400,39,10351,0,0,4,0,0,1,0,3.57573132651,-400
exec27_edge_x-400,18,12206,4,0,6,0,0,1,0,2.69083907881,-400
exec27_edge_x-400,30,9823,0,0,13,7,0,1,1,3.8730464386,-400
exec27_edge_x-400,24,10379,3,0,8,0,0,1,1,5.14543498389,-400
exec27_edge_x-400,9,12463,2,0,20,9,0,1,1,3.10063826439,-400
exec27_edge_x-400,45,11652,0,0,4,0,0,1,0,11.5785577445,-400
exec27_edge_x-400,33,11380,3,0,14,2,0,1,1,2.84452434769,-400
exec27_edge_x-400,15,8954,3,0,7,0,0,1,0,1.31576867576,-400
exec27_edge_x-400,12,12700,1,0,3,0,0,1,0,2.11990998706,-400
exec27_edge_x-400,21,12440,2,0,14,3,0,1,1,2.47191040996,-400
exec27_edge_x-400,39,10326,7,0,13,5,0,1,1,7.66749349378,-400
exec27_edge_x-400,24,10364,1,0,11,0,0,1,0,3.24753221587,-400
exec27_edge_x-400,18,12186,3,0,12,0,0,1,0,2.42290583466,-400
exec27_edge_x-400,27,11215,6,0,16,7,0,1,1,3.50220468168,-400
exec27_edge_x-400,24,10351,1,0,5,0,0,1,0,3.72519695571,-400
exec27_edge_x-400,3,13455,6,0,25,15,0,1,1,3.09596728447,-400
exec27_edge_x-400,39,10308,3,0,3,0,0,1,1,1.84740047959,-400
exec27_edge_x-400,39,10305,6,0,8,4,0,1,1,2.54934129653,-400
exec27_edge_x-400,24,10338,5,0,10,0,0,1,0,2.76714482624,-400
exec27_edge_x-400,33,11343,2,0,5,1,0,1,1,2.81628523239,-400
exec27_edge_x-400,6,13808,2,0,16,1,0,1,1,2.84378846662,-400
exec27_edge_x-400,6,13807,5,0,49,13,0,1,1,4.89865147729,-400
exec27_edge_x-400,39,10287,6,0,24,14,0,1,1,9.30002923935,-400
exec27_edge_x-400,39,11971,6,0,0,0,0,0,0,9.74294259521,-400
exec27_edge_x-400,3,13432,0,0,1,0,0,1,0,1.92661915866,-400
exec27_edge_x-400,36,11465,6,0,11,0,0,1,1,7.94882339819,-400
exec27_edge_x-400,12,12654,6,0,14,0,0,1,0,2.6705729242,-400
exec27_edge_x-400,45,11613,5,0,11,5,0,1,1,4.1746390785,-400
exec27_edge_x-400,42,10352,0,0,1,0,0,1,1,5.44201806638,-400
exec27_edge_x-400,6,13787,4,0,2,0,0,1,0,4.54331976966,-400
exec27_edge_x-400,21,12373,7,0,5,1,0,1,1,2.17070729117,-400
exec27_edge_x-400,39,10260,0,0,19,1,0,1,1,3.22876175211,-400
exec27_edge_x-400,18,12120,1,0,20,9,0,1,1,3.12109888634,-400
exec27_edge_x-400,45,11584,5,0,15,6,0,1,1,4.78283073472,-400
exec27_edge_x-400,45,12258,5,0,0,0,0,0,0,6.78799052286,-400
exec27_edge_x-400,6,13762,3,0,1,0,0,1,0,2.68267163023,-400
exec27_edge_x-400,42,10311,7,0,1,0,0,1,1,5.26004045748,-400
exec27_edge_x-400,27,11135,5,0,9,0,0,1,0,1.84965001397,-400
exec27_edge_x-400,18,12094,0,0,2,0,0,1,0,6.19922401036,-400
exec27_edge_x-400,36,11400,5,0,20,11,0,1,1,2.70351761677,-400
exec27_edge_x-400,12,12591,2,0,2,0,0,1,1,2.21165638816,-400
exec27_edge_x-400,12,12590,0,0,15,3,0,1,1,10.7689560089,-400
exec27_edge_x-400,21,12319,7,0,3,0,0,1,0,6.83571038113,-400
exec27_edge_x-400,21,12317,2,0,0,0,0,0,0,2.8909229621,-400
exec27_edge_x-400,6,13725,2,0,11,2,0,1,1,2.08206110794,-400
exec27_edge_x-400,0,12968,7,0,16,3,0,1,1,5.42148899723,-400
exec27_edge_x-400,0,13058,7,0,0,0,0,0,0,7.20599891683,-400
exec27_edge_x-400,39,10189,4,0,3,0,0,1,0,2.94937575268,-400
exec27_edge_x-400,36,11379,4,0,6,0,0,1,0,3.171872905,-400
exec27_edge_x-400,21,12304,3,0,18,7,0,1,1,3.82581061278,-400
exec27_edge_x-400,33,11207,7,0,1,0,0,1,0,3.26472174593,-400
exec27_edge_x-400,12,12565,3,0,5,0,0,1,0,2.49966549944,-400
exec27_edge_x-400,9,12312,3,0,1,0,0,1,1,2.78763270363,-400
exec27_edge_x-400,15,13372,4,0,8,2,0,1,1,4.52638644951,-400
exec27_edge_x-400,21,12279,0,0,12,4,0,1,1,4.3235299339,-400
exec27_edge_x-400,30,9658,4,0,2,0,0,1,0,8.12700711051,-400
exec27_edge_x-400,21,12274,7,0,8,0,0,1,0,2.75367577355,-400
exec27_edge_x-400,18,12038,2,0,9,0,0,1,0,4.11855579864,-400
exec27_edge_x-400,18,12034,6,0,10,2,0,1,1,3.26804334118,-400
exec27_edge_x-400,9,12288,1,0,6,0,0,1,1,3.50608016653,-400
exec27_edge_x-400,33,11162,6,0,4,0,0,1,0,2.98065181797,-400
exec27_edge_x-400,12,12526,6,0,14,2,0,1,1,3.70977526871,-400
exec27_edge_x-400,36,11322,1,0,5,0,0,1,0,5.43284749031,-400
exec27_edge_x-400,30,9622,6,0,5,0,0,1,0,2.520404667,-400
exec27_edge_x-400,21,12244,1,0,13,4,0,1,1,2.41488349464,-400
exec27_edge_x-400,18,12005,4,0,21,0,0,1,0,8.95383652235,-400
exec27_edge_x-400,9,12263,2,0,8,1,0,1,1,3.05948658341,-400
exec27_edge_x-400,0,12886,7,0,3,0,0,1,0,2.23002637541,-400
exec27_edge_x-400,18,11994,3,0,1,0,0,1,0,2.85451038357,-400
exec27_edge_x-400,15,13300,2,0,2,0,0,1,0,3.08987358632,-400
exec27_edge_x-400,39,10097,0,0,7,0,0,1,1,3.53165351702,-400
exec27_edge_x-400,9,12242,1,0,5,0,0,1,1,3.13990095599,-400
exec27_edge_x-400,33,11116,4,0,3,0,0,1,1,4.78149647682,-400
exec27_edge_x-400,45,11426,0,0,14,9,0,1,1,2.77671817711,-400
exec27_edge_x-400,0,12854,2,0,12,2,0,1,1,5.57975134898,-400
exec27_edge_x-400,30,9540,3,0,10,0,0,1,0,5.92006055269,-400
exec27_edge_x-400,39,10065,3,0,3,0,0,1,0,1.78416716157,-400
exec27_edge_x-400,6,13586,7,0,18,6,0,1,1,10.1848580253,-400
exec27_edge_x-400,30,9528,1,0,16,1,0,1,1,2.23530145483,-400
exec27_edge_x-400,27,10972,3,0,8,0,0,1,0,2.36884304124,-400
exec27_edge_x-400,9,12207,15,1,7,0,0,1,0,5.30684290316,-400
exec27_edge_x-400,42,10116,7,0,7,0,0,1,1,5.36336908588,-400
exec27_edge_x-400,27,10964,0,0,1,0,0,1,0,2.72198622906,-400
exec27_edge_x-400,21,12164,1,0,6,0,0,1,0,1.91712194962,-400
exec27_edge_x-400,45,11389,4,0,16,10,0,1,1,3.45412232002,-400
exec27_edge_x-400,15,13234,7,0,10,0,0,1,0,1.80709034911,-400
exec27_edge_x-400,33,11064,2,0,26,0,0,1,0,2.71131085257,-400
exec27_edge_x-400,6,13546,6,0,6,3,0,1,1,4.14174538696,-400
exec27_edge_x-400,15,13215,7,0,8,1,0,1,1,4.50396279171,-400
exec27_edge_x-400,30,9481,7,0,5,0,0,1,0,3.56382383686,-400
exec27_edge_x-400,39,10004,7,0,21,3,0,1,1,2.67173085675,-400
exec27_edge_x-400,9,12171,4,0,4,0,0,1,0,7.48888151098,-400
exec27_edge_x-400,27,10940,7,0,6,1,0,1,1,2.13307970487,-400
exec27_edge_x-400,30,9468,0,0,7,0,0,1,0,2.36808109421,-400
exec27_edge_x-400,0,12771,2,0,7,0,0,1,0,1.95445808764,-400
exec27_edge_x-400,21,12114,6,0,3,1,0,1,1,2.95499367174,-400
exec27_edge_x-400,0,12766,7,0,2,0,0,1,0,1.84014085649,-400
exec27_edge_x-400,6,13528,7,0,12,0,0,1,0,1.70074644227,-400
exec27_edge_x-400,9,12154,7,0,24,7,0,1,1,6.70310419531,-400
exec27_edge_x-400,39,9985,6,0,12,3,0,1,1,2.51511833613,-400
exec27_edge_x-400,15,13162,0,0,28,0,0,1,0,5.07109603633,-400
exec27_edge_x-400,3,13128,4,0,12,2,0,1,1,7.27823699028,-400
exec27_edge_x-400,36,11184,7,0,12,0,0,1,0,1.81835301033,-400
exec27_edge_x-400,12,12358,7,0,19,14,0,1,1,2.06510367826,-400
exec27_edge_x-400,0,12713,0,0,7,0,0,1,0,7.80646514841,-400
exec27_edge_x-400,6,13474,0,0,9,6,0,1,1,3.58520949949,-400
exec27_edge_x-400,3,13087,7,0,7,0,0,1,0,2.01171452284,-400
exec27_edge_x-400,15,13120,4,0,5,0,0,1,0,2.96206572891,-400
exec27_edge_x-400,15,13480,7,0,6,5,0,1,1,3.99802214395,-400
exec27_edge_x-400,30,9350,3,0,20,2,0,1,1,1.60303841503,-400
exec27_edge_x-400,42,10011,4,0,6,0,0,1,0,2.30178110636,-400
exec27_edge_x-400,9,12089,0,0,10,3,0,1,1,4.11604893651,-400
exec27_edge_x-400,21,12042,4,0,5,0,0,1,0,4.40692721444,-400
exec27_edge_x-400,30,9348,2,0,30,3,0,1,1,2.21316305899,-400
exec27_edge_x-400,18,11825,0,0,6,2,0,1,1,3.17619853539,-400
exec27_edge_x-400,30,9337,4,0,16,3,0,1,1,1.53528643152,-400
exec27_edge_x-400,36,11136,2,0,20,4,0,1,1,10.1883346964,-400
exec27_edge_x-400,3,13049,12,1,5,0,0,1,0,5.10146049059,-400
exec27_edge_x-400,27,10845,14,1,2,0,0,1,0,8.81822693022,-400
exec27_edge_x-400,27,10841,3,0,16,3,0,1,1,3.45804525463,-400
exec27_edge_x-400,9,12064,6,0,0,0,0,1,0,3.07355159474,-400
exec27_edge_x-400,18,11797,14,1,11,0,0,1,1,9.55835415113,-400
exec27_edge_x-400,33,10914,6,0,3,0,0,1,0,6.12323480459,-400
exec27_edge_x-400,39,9906,1,0,19,0,0,1,1,3.72773768529,-400
exec27_edge_x-400,0,12661,3,0,18,4,0,1,1,5.10525182988,-400
exec27_edge_x-400,39,9889,5,0,2,1,0,1,1,4.90074983741,-400
exec27_edge_x-400,36,11098,3,0,3,0,0,1,0,2.84011775079,-400
exec27_edge_x-400,24,13791,5,0,6,0,0,1,0,3.1421981932,-400
exec27_edge_x-400,27,10822,2,0,12,0,0,1,0,3.37733565703,-400
exec27_edge_x-400,6,13405,5,0,2,0,0,1,0,2.68565912857,-400
exec27_edge_x-400,27,10810,2,0,5,0,0,1,0,10.4690994357,-400
exec27_edge_x-400,42,9953,0,0,5,0,0,1,0,1.48619239117,-400
exec27_edge_x-400,21,11987,5,0,13,2,1,1,1,3.17747065181,-400
exec27_edge_x-400,36,11082,1,0,14,0,0,1,0,3.16895097008,-400
exec27_edge_x-400,36,11077,2,0,4,0,0,1,0,2.29501383652,-400
exec27_edge_x-400,45,11210,5,0,0,0,0,1,0,1.95837501695,-400
exec27_edge_x-400,9,12027,1,0,16,1,0,1,1,1.96944840788,-400
exec27_edge_x-400,15,13022,2,0,1,0,0,1,0,6.37163173219,-400
exec27_edge_x-400,21,11944,5,0,10,2,0,1,1,2.06546869383,-400
exec27_edge_x-400,42,9914,6,0,2,0,0,1,0,1.63956553087,-400
exec27_edge_x-400,33,10851,7,0,1,0,0,1,0,3.67213094897,-400
exec27_edge_x-400,6,13353,0,0,11,1,0,1,1,2.87018910635,-400
exec27_edge_x-400,6,14166,0,0,0,0,0,0,0,6.16360634337,-400
exec27_edge_x-400,3,12947,3,0,0,0,0,1,0,1.80724070837,-400
exec27_edge_x-400,21,11923,7,0,12,4,0,1,1,2.60265158878,-400
exec27_edge_x-400,24,13717,13,1,13,8,0,1,1,5.06641714029,-400
exec27_edge_x-400,9,11980,4,0,0,0,0,1,0,3.45021618502,-400
exec27_edge_x-400,0,12569,2,0,3,0,0,1,0,2.93428686283,-400
exec27_edge_x-400,30,13567,7,0,1,0,0,1,0,6.18947594305,-400
exec27_edge_x-400,21,11902,1,0,7,2,0,1,1,2.09824146718,-400
exec27_edge_x-400,30,13560,4,0,27,11,0,1,1,5.33586029786,-400
exec27_edge_x-400,27,10711,7,0,6,0,0,1,0,2.92041215271,-400
exec27_edge_x-400,42,9857,5,0,0,0,0,1,0,3.06207875484,-400
exec27_edge_x-400,9,11958,7,0,0,0,0,1,0,2.4225691681,-400
exec27_edge_x-400,42,9853,7,0,2,0,0,1,0,3.23118053403,-400
exec27_edge_x-400,27,10706,4,0,6,2,0,1,1,2.85280384478,-400
exec27_edge_x-400,39,13427,5,0,2,0,0,1,0,6.44959371251,-400
exec27_edge_x-400,36,11003,5,0,16,7,0,1,1,6.57064168443,-400
exec27_edge_x-400,21,11880,0,0,17,0,0,1,1,3.32650359066,-400
exec27_edge_x-400,18,11624,5,0,5,0,0,1,1,4.69357202285,-400
exec27_edge_x-400,30,13527,1,0,13,1,0,1,1,3.4461400127,-400
exec27_edge_x-400,18,11621,5,0,1,0,0,1,0,1.69341030562,-400
exec27_edge_x-400,39,13400,1,0,6,0,0,1,1,2.313215717,-400
exec27_edge_x-400,18,11605,5,0,4,0,0,1,1,3.47058519784,-400
exec27_edge_x-400,18,12750,5,0,0,0,0,0,0,4.58108864185,-400
exec27_edge_x-400,45,11105,7,0,6,0,0,1,0,2.14635581633,-400
exec27_edge_x-400,24,13648,1,0,13,2,0,1,1,2.19014024552,-400
exec27_edge_x-400,27,10674,1,0,14,3,0,1,1,5.85343918749,-400
exec27_edge_x-400,15,12929,2,0,4,0,0,1,1,2.20932301477,-400
exec27_edge_x-400,9,11912,5,0,7,4,0,1,1,2.40568835123,-400
exec27_edge_x-400,24,13645,0,0,5,1,0,1,1,5.00077861275,-400
exec27_edge_x-400,0,12502,5,0,4,0,0,1,0,4.72913142586,-400
exec27_edge_x-400,3,12872,6,0,6,2,0,1,1,3.3046102293,-400
exec27_edge_x-400,9,11903,5,0,1,0,0,1,0,6.22986605354,-400
exec27_edge_x-400,42,9805,5,0,2,0,0,1,0,2.08248123343,-400
exec27_edge_x-400,30,13498,4,0,9,0,0,1,0,6.83282903705,-400
exec27_edge_x-400,30,13492,7,0,5,0,0,1,0,3.08904725221,-400
exec27_edge_x-400,27,10646,4,0,15,7,0,1,1,5.17372868907,-400
exec27_edge_x-400,39,13360,1,0,0,0,0,1,0,3.64080633462,-400
exec27_edge_x-400,3,12843,6,0,4,0,0,1,0,3.72253861556,-400
exec27_edge_x-400,21,11805,1,0,2,0,0,1,0,3.52907785839,-400
exec27_edge_x-400,3,12822,3,0,10,2,0,1,1,2.32606978384,-400
exec27_edge_x-400,3,12814,6,0,4,0,0,1,0,2.3058031551,-400
exec27_edge_x-400,6,13202,3,0,5,3,0,1,1,2.57070747727,-400
exec27_edge_x-400,18,11523,6,0,4,0,0,1,0,3.25179224619,-400
exec27_edge_x-400,21,11765,3,0,0,0,0,0,0,6.26544955371,-400
exec27_edge_x-400,33,10675,1,0,1,0,0,1,0,3.19402707898,-400
exec27_edge_x-400,33,10670,9,1,7,0,0,1,0,6.59021367058,-400
exec27_edge_x-400,0,12416,1,0,22,4,0,1,1,4.39803711864,-400
exec27_edge_x-400,6,13195,3,0,53,35,0,1,1,3.36216700372,-400
exec27_edge_x-400,15,12850,1,0,1,0,0,1,0,7.72338951225,-400
exec27_edge_x-400,45,11015,6,0,1,0,0,1,0,1.79014071001,-400
exec27_edge_x-400,33,10659,0,0,9,0,0,1,0,3.49547298479,-400
exec27_edge_x-400,33,10648,5,0,7,0,0,1,0,3.38578312949,-400
exec27_edge_x-400,6,13161,5,0,3,0,0,1,1,1.80016982548,-400
exec27_edge_x-400,27,10557,15,1,11,0,0,1,1,4.94977648974,-400
exec27_edge_x-400,39,13270,7,0,16,6,0,1,1,3.3378971122,-400
exec27_edge_x-400,9,11792,4,0,1,0,0,1,0,7.18791470368,-400
exec27_edge_x-400,0,12372,3,0,1,0,0,1,0,4.68803356752,-400
exec27_edge_x-400,39,13251,5,0,4,0,0,1,0,3.09483598312,-400
exec27_edge_x-400,12,11972,6,0,3,0,0,1,1,2.70334366995,-400
exec27_edge_x-400,3,12744,6,0,5,0,0,1,0,3.63619046491,-400
exec27_edge_x-400,39,13237,5,0,20,6,0,1,1,2.00396288515,-400
exec27_edge_x-400,27,10504,7,0,8,0,0,1,0,2.31001665071,-400
exec27_edge_x-400,30,13337,5,0,6,2,0,1,1,2.00548035487,-400
exec27_edge_x-400,0,12316,6,0,8,0,0,1,0,2.96093222503,-400
exec27_edge_x-400,12,11933,6,0,6,0,0,1,0,3.98351519226,-400
exec27_edge_x-400,12,11922,0,0,9,2,0,1,1,4.74547709922,-400
exec27_edge_x-400,0,12311,5,0,11,4,0,1,1,2.84061777982,-400
exec27_edge_x-400,18,11418,3,0,12,0,0,1,1,5.77510566048,-400
exec27_edge_x-400,6,13092,2,0,14,7,0,1,1,3.04126568143,-400
exec27_edge_x-400,27,10464,0,0,7,0,0,1,1,6.07255732933,-400
exec27_edge_x-400,18,11398,2,0,5,0,0,1,0,3.66777391976,-400
exec27_edge_x-400,30,13294,7,0,9,3,0,1,1,6.50169040761,-400
exec27_edge_x-400,6,13076,4,0,9,0,0,1,0,1.76007669542,-400
exec27_edge_x-400,9,11711,1,0,3,0,0,1,0,2.13627724092,-400
exec27_edge_x-400,45,14188,2,0,15,2,0,1,1,15.4017791043,-400
exec27_edge_x-400,24,13443,7,0,7,0,0,1,0,5.29484570688,-400
exec27_edge_x-400,33,10538,5,0,11,0,0,1,0,3.0982836292,-400
exec27_edge_x-400,6,13072,1,0,21,3,0,1,1,4.1619225865,-400
exec27_edge_x-400,0,12265,5,0,5,1,0,1,1,3.15284646385,-400
exec27_edge_x-400,45,14165,4,0,8,0,0,1,0,3.29179602151,-400
exec27_edge_x-400,33,10525,7,0,17,3,0,1,1,6.79813964131,-400
exec27_edge_x-400,39,13169,0,0,18,2,0,1,1,4.01882044411,-400
exec27_edge_x-400,27,10437,2,0,23,7,0,1,1,2.51091804965,-400
exec27_edge_x-400,42,9560,6,0,4,0,0,1,0,2.87223069591,-400
exec27_edge_x-400,21,11603,4,0,3,0,0,1,0,3.05360385169,-400
exec27_edge_x-400,3,12632,1,0,1,0,0,1,0,2.51521949212,-400
exec27_edge_x-400,18,11339,0,0,12,2,0,1,1,3.29741668201,-400
exec27_edge_x-400,24,13402,6,0,7,0,0,1,0,2.20084835901,-400
exec27_edge_x-400,24,13401,6,0,16,5,0,1,1,4.91850217859,-400
exec27_edge_x-400,24,13399,3,0,4,0,0,1,1,2.62660752108,-400
exec27_edge_x-400,9,11661,6,0,16,8,0,1,1,2.43997520143,-400
exec27_edge_x-400,33,10470,7,0,18,3,0,1,1,3.32521355213,-400
exec27_edge_x-400,39,13120,0,0,0,0,0,0,0,9.93628286015,-400
exec27_edge_x-400,12,11821,6,0,0,0,0,1,0,4.74908823255,-400
exec27_edge_x-400,33,10464,0,0,10,1,0,1,1,1.40600337554,-400
exec27_edge_x-400,27,10381,14,1,9,0,0,1,0,8.94512181039,-400
exec27_edge_x-400,33,10453,2,0,1,0,0,1,0,3.35998919718,-400
exec27_edge_x-400,21,11556,0,0,0,0,0,1,0,2.27801637475,-400
exec27_edge_x-400,21,12886,0,0,0,0,0,0,0,7.2171406024,-400
exec27_edge_x-400,24,13360,5,0,1,0,0,1,0,1.94935288358,-400
exec27_edge_x-400,24,13981,5,0,0,0,0,0,0,3.66954250569,-400
exec27_edge_x-400,27,10369,4,0,2,0,0,1,0,6.51970068674,-400
exec27_edge_x-400,21,11552,7,0,12,0,0,1,0,9.86514395402,-400
exec27_edge_x-400,45,14098,4,0,11,2,0,1,1,2.60626911823,-400
exec27_edge_x-400,9,11626,0,0,8,5,0,1,1,4.99584567129,-400
exec27_edge_x-400,33,10435,5,0,6,0,0,1,0,7.27653802547,-400
exec27_edge_x-400,15,12639,4,0,8,1,0,1,1,3.76881114697,-400
exec27_edge_x-400,0,12164,2,0,3,0,0,1,0,4.35976555781,-400
exec27_edge_x-400,0,12159,3,0,8,0,0,1,0,2.24434976427,-400
exec27_edge_x-400,36,13801,3,0,1,0,0,1,0,4.86038413437,-400
exec27_edge_x-400,9,11597,7,0,15,1,0,1,1,4.70016879707,-400
exec27_edge_x-400,42,9465,0,0,0,0,0,1,0,2.63949971114,-400
exec27_edge_x-400,9,11593,5,0,3,1,0,1,1,5.72929338467,-400
exec27_edge_x-400,27,10335,3,0,8,0,0,1,1,3.22667442381,-400
exec27_edge_x-400,45,14061,4,0,11,0,0,1,0,2.79908722614,-400
exec27_edge_x-400,39,13051,7,0,0,0,0,1,0,5.37246890472,-400
exec27_edge_x-400,33,10410,3,0,1,0,0,1,0,3.31762363033,-400
exec27_edge_x-400,42,9460,1,0,13,4,0,1,1,2.63990182683,-400
exec27_edge_x-400,42,9456,7,0,0,0,0,1,0,2.24764159803,-400
exec27_edge_x-400,6,12932,7,0,15,0,0,1,0,10.2370451404,-400
exec27_edge_x-400,24,13309,4,0,8,2,0,1,1,3.46921403959,-400
exec27_edge_x-400,6,12926,5,0,6,0,0,1,0,2.2850011819,-400
exec27_edge_x-400,18,11238,6,0,6,0,0,1,0,2.537620844,-400
exec27_edge_x-400,24,13293,5,0,0,0,0,1,0,2.60813709963,-400
exec27_edge_x-400,12,11738,2,0,0,0,0,1,0,5.62086453015,-400
exec27_edge_x-400,18,11227,4,0,4,0,0,1,0,3.10311590361,-400
exec27_edge_x-400,33,10382,0,0,6,0,0,1,0,7.53261910226,-400
exec27_edge_x-400,45,14021,4,0,11,1,0,1,1,3.39244686152,-400
exec27_edge_x-400,3,12504,1,0,4,3,0,1,1,4.66066142545,-400
exec27_edge_x-400,6,12899,2,0,23,12,0,1,1,3.3187944101,-400
exec27_edge_x-400,9,11537,1,0,1,0,0,1,0,2.71229861999,-400
exec27_edge_x-400,42,9420,2,0,6,0,0,1,0,4.75776220328,-400
exec27_edge_x-400,39,13005,0,0,3,0,0,1,0,1.75042250844,-400
exec27_edge_x-400,15,12568,1,0,0,0,0,1,0,3.77285952716,-400
exec27_edge_x-400,6,12887,3,0,13,0,0,1,0,3.43143255801,-400
exec27_edge_x-400,30,13127,1,0,7,0,0,1,1,1.92233900163,-400
exec27_edge_x-400,9,11523,4,0,13,4,0,1,1,4.41433571973,-400
exec27_edge_x-400,12,11688,4,0,2,0,0,1,0,2.65693458546,-400
exec27_edge_x-400,39,12990,1,0,5,0,0,1,0,2.57120081019,-400
exec27_edge_x-400,0,12044,0,0,12,9,0,1,1,6.76767579287,-400
exec27_edge_x-400,18,11150,3,0,0,0,0,1,0,1.37057866708,-400
exec27_edge_x-400,21,11444,3,0,5,0,0,1,0,2.05394246297,-400
exec27_edge_x-400,36,13699,7,0,2,0,0,1,0,6.93931252472,-400
exec27_edge_x-400,12,11661,5,0,12,0,0,1,0,8.52078677694,-400
exec27_edge_x-400,3,12458,5,0,19,3,0,1,1,1.84873872887,-400
exec27_edge_x-400,42,9353,7,0,18,0,0,1,0,1.38769511644,-400
exec27_edge_x-400,21,11438,14,1,45,7,0,1,1,6.39282903648,-400
exec27_edge_x-400,18,14372,3,0,5,4,0,1,1,2.98546563003,-400
exec27_edge_x-400,15,13485,5,0,10,0,0,1,1,5.36810159133,-400
exec27_edge_x-400,30,13066,0,0,10,0,0,1,0,3.31156442897,-400
exec27_edge_x-400,24,13187,7,0,15,0,0,1,1,1.93360246871,-400
exec27_edge_x-400,27,10164,4,0,29,22,0,1,1,1.8672353529,-400
exec27_edge_x-400,12,11622,5,0,7,3,0,1,1,1.68083125968,-400
exec27_edge_x-400,0,11973,6,0,14,5,0,1,1,5.10492182057,-400
exec27_edge_x-400,18,14346,8,1,2,0,0,1,0,7.55954886282,-400
exec27_edge_x-400,18,14344,4,0,16,0,0,1,0,5.24146245001,-400
exec27_edge_x-400,15,12471,3,0,10,0,0,1,0,2.09691188806,-400
exec27_edge_x-400,15,12466,2,0,21,4,0,1,1,2.03704839617,-400
exec27_edge_x-400,45,13921,8,1,8,0,0,1,0,5.95710110924,-400
exec27_edge_x-400,39,12915,6,0,15,6,0,1,1,5.06596445367,-400
exec27_edge_x-400,36,13629,7,0,7,0,0,1,0,1.53860448738,-400
exec27_edge_x-400,27,14633,6,0,4,0,0,1,0,3.00856994652,-400
exec27_edge_x-400,33,10242,5,0,16,0,0,1,0,4.73833390051,-400
exec27_edge_x-400,6,12774,12,1,18,3,0,1,1,8.21429146866,-400
exec27_edge_x-400,3,12374,6,0,4,0,0,1,0,10.1225128082,-400
exec27_edge_x-400,45,13891,3,0,7,0,0,1,0,6.80348005883,-400
exec27_edge_x-400,3,12366,3,0,6,0,0,1,0,5.12876701965,-400
exec27_edge_x-400,30,13013,3,0,7,3,0,1,1,2.34898343749,-400
exec27_edge_x-400,6,12745,5,0,7,0,0,1,0,1.99852158407,-400
exec27_edge_x-400,36,13576,2,0,8,0,0,1,0,2.22916122081,-400
exec27_edge_x-400,42,14748,7,0,11,0,0,1,0,5.29002678083,-400
exec27_edge_x-400,9,14392,7,0,4,0,0,1,0,4.51332974436,-400
exec27_edge_x-400,36,13565,2,0,9,0,0,1,0,1.95963314368,-400
exec27_edge_x-400,36,13898,2,0,0,0,0,0,0,4.09571028902,-400
exec27_edge_x-400,39,12862,4,0,0,0,0,1,0,2.62357156878,-400
exec27_edge_x-400,42,14723,5,0,4,0,0,1,0,2.29495306615,-400
exec27_edge_x-400,27,14563,6,0,1,0,0,1,0,5.69605498938,-400
exec27_edge_x-400,9,14370,5,0,0,0,0,1,0,2.63468035555,-400
exec27_edge_x-400,3,12314,3,0,11,0,0,1,0,2.68740549109,-400
exec27_edge_x-400,6,12715,4,0,18,0,0,1,1,3.49389039836,-400
exec27_edge_x-400,24,13060,2,0,0,0,0,1,0,4.51054576134,-400
exec27_edge_x-400,9,14357,7,0,9,7,0,1,1,1.89132689585,-400
exec27_edge_x-400,33,10151,4,0,2,0,0,1,0,1.86427455103,-400
exec27_edge_x-400,42,14690,0,0,12,1,0,1,1,4.34836126415,-400
exec27_edge_x-400,27,14525,12,1,2,0,0,1,0,6.9336315729,-400
exec27_edge_x-400,27,14508,1,0,11,6,0,1,1,5.124846609,-400
exec27_edge_x-400,24,13013,0,0,8,2,0,1,1,2.77592867477,-400
exec27_edge_x-400,15,12349,7,0,9,0,0,1,0,5.05853656025,-400
exec27_edge_x-400,39,12813,1,0,14,0,0,1,0,3.0013364836,-400
exec27_edge_x-400,24,12999,5,0,2,0,0,1,0,1.49496633647,-400
exec27_edge_x-400,3,12261,2,0,16,4,0,1,1,2.74934398121,-400
exec27_edge_x-400,0,11827,12,1,25,0,0,1,0,6.64784308786,-400
exec27_edge_x-400,6,12652,2,0,12,2,0,1,1,4.76948516756,-400
exec27_edge_x-400,9,14291,6,0,2,3,0,1,1,2.75987153256,-400
exec27_edge_x-400,21,14211,5,0,1,0,0,1,0,3.0562752261,-400
exec27_edge_x-400,15,12316,2,0,1,0,0,1,0,1.81152251311,-400
exec27_edge_x-400,0,11819,6,0,16,6,0,1,1,19.1118078718,-400
exec27_edge_x-400,6,12640,3,0,3,0,0,1,0,4.10640414732,-400
exec27_edge_x-400,24,12987,4,0,16,2,1,1,1,4.71642914689,-400
exec27_edge_x-400,39,12780,1,0,8,0,0,1,0,1.56976173378,-400
exec27_edge_x-400,6,14167,6,0,13,12,0,1,1,5.47270520345,-400
exec27_edge_x-400,15,12310,6,0,6,0,0,1,0,2.07721018093,-400
exec27_edge_x-400,9,14278,6,0,4,0,0,1,0,2.35837763014,-400
exec27_edge_x-400,42,14630,6,0,4,0,0,1,1,1.93602449216,-400
exec27_edge_x-400,18,14170,6,0,11,0,0,1,0,2.30807039308,-400
exec27_edge_x-400,0,11801,4,0,11,2,0,1,1,3.00496308792,-400
exec27_edge_x-400,39,12757,0,0,26,9,0,1,1,2.56642919641,-400
exec27_edge_x-400,24,12952,0,0,16,5,0,1,1,3.15852387232,-400
exec27_edge_x-400,15,12287,4,0,13,0,0,1,0,1.97130305544,-400
exec27_edge_x-400,6,12609,1,0,20,8,0,1,1,3.39435456089,-400
exec27_edge_x-400,15,12285,2,0,17,4,0,1,1,4.14004362998,-400
exec27_edge_x-400,21,14161,6,0,7,2,0,1,1,2.9113055399,-400
exec27_edge_x-400,33,10046,7,0,3,0,0,1,0,3.98357033442,-400
exec27_edge_x-400,18,14143,6,0,5,2,0,1,1,2.46154007485,-400
exec27_edge_x-400,3,12192,7,0,19,2,0,1,1,2.73671602915,-400
exec27_edge_x-400,33,10030,2,0,3,0,0,1,0,1.95890609983,-400
exec27_edge_x-400,39,12739,1,0,9,1,0,1,1,2.98637710592,-400
exec27_edge_x-400,45,13725,11,1,11,3,0,1,1,5.34901816704,-400
exec27_edge_x-400,18,14117,13,1,0,0,0,1,0,4.53105798734,-400
exec27_edge_x-400,45,13719,3,0,0,0,0,1,0,4.3786404115,-400
exec27_edge_x-400,27,14420,6,0,7,0,0,1,0,4.44500032608,-400
exec27_edge_x-400,24,12911,6,0,10,1,0,1,1,2.45124697894,-400
exec27_edge_x-400,12,11385,6,0,2,0,0,1,0,5.03055014408,-400
exec27_edge_x-400,3,12158,1,0,3,0,0,1,0,3.5654096823,-400
exec27_edge_x-400,3,12150,2,0,15,6,0,1,1,3.4309111101,-400
exec27_edge_x-400,39,12694,6,0,12,1,0,1,1,1.7241697851,-400
exec27_edge_x-400,42,14538,7,0,7,0,0,1,1,2.76909265154,-400
exec27_edge_x-400,3,12142,5,0,15,0,0,1,1,5.42479427757,-400
exec27_edge_x-400,42,14535,0,0,21,0,0,1,1,6.23652265567,-400
exec27_edge_x-400,3,12140,3,0,10,0,0,1,0,2.15617600519,-400
exec27_edge_x-400,24,12874,3,0,12,1,0,1,1,4.12786088022,-400
exec27_edge_x-400,18,14058,0,0,15,2,0,1,1,7.29685400547,-400
exec27_edge_x-400,42,14516,2,0,2,0,0,1,0,6.36857071558,-400
exec27_edge_x-400,6,12500,5,0,12,2,0,1,1,2.36955088025,-400
exec27_edge_x-400,36,13324,2,0,6,0,0,1,0,3.87118238725,-400
exec27_edge_x-400,0,11697,7,0,7,0,0,1,0,4.61157519496,-400
exec27_edge_x-400,21,14066,4,0,9,0,0,1,1,2.69241890493,-400
exec27_edge_x-400,15,12193,4,0,10,1,0,1,1,2.72326424792,-400
exec27_edge_x-400,39,12664,1,0,9,0,0,1,0,3.02632361358,-400
exec27_edge_x-400,12,11320,7,0,13,0,0,1,0,2.15308761653,-400
exec27_edge_x-400,30,12735,0,0,4,0,0,1,0,2.79176034159,-400
exec27_edge_x-400,24,12841,6,0,15,5,0,1,1,3.83291102293,-400
exec27_edge_x-400,21,14034,7,0,12,0,0,1,0,1.85308499235,-400
exec27_edge_x-400,15,12158,6,0,9,4,0,1,1,3.50244386961,-400
exec27_edge_x-400,9,14118,10,1,20,2,0,1,1,4.5576246502,-400
exec27_edge_x-400,33,9892,3,0,8,0,0,1,0,5.45547865183,-400
exec27_edge_x-400,15,12148,1,0,11,0,0,1,0,2.56416756354,-400
exec27_edge_x-400,33,9873,6,0,9,0,0,1,0,7.81931003137,-400
exec27_edge_x-400,0,11578,0,0,15,0,0,1,0,1.48319737807,-400
exec27_edge_x-400,21,14000,4,0,0,0,0,1,0,4.35125750618,-400
exec27_edge_x-400,33,9870,12,1,8,0,0,1,0,4.8362015877,-400
exec27_edge_x-400,33,9867,1,0,2,0,0,1,0,3.71017833787,-400
exec27_edge_x-400,27,14287,2,0,12,2,0,1,1,2.29398496181,-400
exec27_edge_x-400,24,12778,1,0,16,1,0,1,1,3.01059085488,-400
exec27_edge_x-400,0,14716,3,0,3,1,0,1,1,2.12755542149,-400
exec27_edge_x-400,36,13226,7,0,16,4,0,1,1,3.43428544252,-400
exec27_edge_x-400,3,12006,3,0,1,0,0,1,0,3.0478211711,-400
exec27_edge_x-400,27,14266,7,0,8,0,0,1,0,3.52865877462,-400
exec27_edge_x-400,3,12001,2,0,0,0,0,1,0,3.518964517,-400
exec27_edge_x-400,15,12096,7,0,4,2,0,1,1,1.98035787849,-400
exec27_edge_x-400,12,11239,4,0,15,0,0,1,1,3.96339368041,-400
exec27_edge_x-400,45,13528,6,0,10,5,0,1,1,6.37164665533,-400
exec27_edge_x-400,36,13207,6,0,11,6,0,1,1,5.09998420224,-400
exec27_edge_x-400,21,13962,1,0,2,0,0,1,0,2.52314133537,-400
exec27_edge_x-400,0,14677,5,0,5,0,0,1,0,3.18055854003,-400
exec27_edge_x-400,0,14663,6,0,9,0,0,1,0,2.8070984831,-400
exec27_edge_x-400,3,11956,6,0,7,0,0,1,0,2.83557250614,-400
exec27_edge_x-400,30,12615,5,0,19,2,0,1,1,3.76540009622,-400
exec27_edge_x-400,0,14653,8,1,17,1,0,1,1,4.70337003749,-400
exec27_edge_x-400,36,13178,6,0,4,0,0,1,0,4.71192368327,-400
exec27_edge_x-400,3,11952,3,0,7,0,0,1,0,2.42369300941,-400
exec27_edge_x-400,0,14644,3,0,12,0,0,1,0,1.54003295345,-400
exec27_edge_x-400,9,14005,5,0,6,0,0,1,0,1.5686640651,-400
exec27_edge_x-400,42,14318,6,0,8,0,0,1,1,4.73598106223,-400
exec27_edge_x-400,39,12507,7,0,7,2,0,1,1,1.9476182874,-400
exec27_edge_x-400,39,12501,4,0,5,0,0,1,0,2.20890917301,-400
exec27_edge_x-400,24,12668,7,0,21,6,0,1,1,2.92223847834,-400
exec27_edge_x-400,12,11138,2,0,4,0,0,1,0,1.36052886323,-400
exec27_edge_x-400,42,14299,7,0,15,4,0,1,1,3.95541579623,-400
exec27_edge_x-400,18,13853,5,0,7,0,0,1,0,1.83802792488,-400
exec27_edge_x-400,21,13871,7,0,10,6,0,1,1,2.50538271403,-400
exec27_edge_x-400,0,14603,3,0,3,0,0,1,0,5.40160325581,-400
exec27_edge_x-400,9,13966,3,0,7,0,0,1,0,3.65841327401,-400
exec27_edge_x-400,21,13859,3,0,1,0,0,1,0,4.64237337828,-400
exec27_edge_x-400,6,12277,0,0,9,3,0,1,1,3.22776543719,-400
exec27_edge_x-400,33,9730,0,0,17,7,0,1,1,1.94628801403,-400
exec27_edge_x-400,15,11981,5,0,2,0,0,1,0,3.54048163328,-400
exec27_edge_x-400,33,9725,6,0,22,4,0,1,1,3.09758735104,-400
exec27_edge_x-400,21,13847,0,0,7,0,0,1,0,2.63868600901,-400
exec27_edge_x-400,3,11861,1,0,39,17,0,1,1,6.80965276377,-400
exec27_edge_x-400,30,12532,3,0,11,6,0,1,1,6.86782120515,-400
exec27_edge_x-400,33,9716,0,0,13,1,0,1,1,3.21378055433,-400
exec27_edge_x-400,36,13088,2,0,10,2,0,1,1,2.39429693943,-400
exec27_edge_x-400,42,14245,5,0,14,0,0,1,0,2.05936619226,-400
exec27_edge_x-400,24,12621,3,0,1,0,0,1,0,4.97201473171,-400
exec27_edge_x-400,3,11849,6,0,15,2,0,1,1,6.9720329178,-400
exec27_edge_x-400,9,13919,5,0,4,0,0,1,1,5.82947161703,-400
exec27_edge_x-400,45,13360,7,0,9,0,0,1,1,2.71351618464,-400
exec27_edge_x-400,42,14227,2,0,12,8,0,1,1,2.43850521872,-400
exec27_edge_x-400,15,11926,4,0,2,0,0,1,0,2.17386445828,-400
exec27_edge_x-400,45,13355,2,0,14,0,0,1,1,4.09108412858,-400
exec27_edge_x-400,6,12229,1,0,15,2,0,1,1,5.45190058715,-400
exec27_edge_x-400,27,14102,2,0,6,0,0,1,0,4.79306737139,-400
exec27_edge_x-400,15,11919,0,0,3,0,0,1,0,3.24904538295,-400
exec27_edge_x-400,30,12499,3,0,16,4,0,1,1,3.14062736807,-400
exec27_edge_x-400,21,13795,6,0,12,0,0,1,0,2.74093599803,-400
exec27_edge_x-400,24,12595,6,0,7,0,0,1,0,2.49290828495,-400
exec27_edge_x-400,9,13878,5,0,1,0,0,1,0,5.17387958812,-400
exec27_edge_x-400,42,14206,3,0,3,0,0,1,0,3.20185899373,-400
exec27_edge_x-400,0,14514,0,0,4,0,0,1,0,3.72136210991,-400
exec27_edge_x-400,39,12373,0,0,14,0,0,1,1,2.1422844471,-400
exec27_edge_x-400,3,11786,3,0,0,0,0,1,0,6.15053954705,-400
exec27_edge_x-400,12,14791,3,0,3,0,0,1,0,1.69278581958,-400
exec27_edge_x-400,30,12452,5,0,8,2,0,1,1,4.29759062387,-400
exec27_edge_x-400,12,14783,4,0,7,0,0,1,1,4.25687710071,-400
exec27_edge_x-400,3,11779,1,0,17,1,0,1,1,1.93283901276,-400
exec27_edge_x-400,27,14049,0,0,18,2,0,1,1,4.65233585327,-400
exec27_edge_x-400,18,13706,7,0,6,0,0,1,0,2.31898191247,-400
exec27_edge_x-400,36,12998,4,0,5,0,0,1,0,5.24529578409,-400
exec27_edge_x-400,15,15156,3,0,8,0,0,1,1,2.72446278409,-400
exec27_edge_x-400,27,14031,2,0,24,4,0,1,1,1.97031816581,-400
exec27_edge_x-400,42,14148,1,0,11,1,0,1,1,8.10281352048,-400
exec27_edge_x-400,12,14746,5,0,16,0,0,1,1,5.94136192462,-400
exec27_edge_x-400,6,12143,2,0,13,0,0,1,0,2.26056799548,-400
exec27_edge_x-400,21,13716,2,0,13,0,0,1,1,3.20822266205,-400
exec27_edge_x-400,21,14257,2,0,0,0,0,0,0,5.90437764813,-400
exec27_edge_x-400,30,12408,2,0,0,0,0,1,0,4.77826062286,-400
exec27_edge_x-400,3,11750,2,0,1,0,0,1,0,1.77606528875,-400
exec27_edge_x-400,3,11749,4,0,10,2,0,1,1,5.30059032466,-400
exec27_edge_x-400,12,14722,4,0,0,0,0,1,0,1.70902274778,-400
exec27_edge_x-400,45,13255,3,0,7,1,0,1,1,4.80119038871,-400
exec27_edge_x-400,27,13971,2,0,6,0,0,1,0,1.95835358827,-400
exec27_edge_x-400,3,11724,5,0,11,0,0,1,0,5.23490536689,-400
exec27_edge_x-400,6,12093,0,0,4,0,0,1,1,10.8738876003,-400
exec27_edge_x-400,33,14911,1,0,6,2,0,1,1,4.6134198643,-400
exec27_edge_x-400,12,14693,7,0,3,0,0,1,0,3.44627194181,-400
exec27_edge_x-400,45,13215,5,0,4,0,0,1,0,1.94010790363,-400
exec27_edge_x-400,12,14681,9,1,6,0,0,1,0,4.9960855754,-400
exec27_edge_x-400,45,13196,1,0,3,1,0,1,1,3.81239846246,-400
exec27_edge_x-400,21,13631,2,0,16,2,0,1,1,5.50556811894,-400
exec27_edge_x-400,27,13924,7,0,2,0,0,1,0,2.419627961,-400
exec27_edge_x-400,42,14051,4,0,9,7,0,1,1,2.34208985181,-400
exec27_edge_x-400,24,12425,11,1,42,1,0,1,1,5.35888256317,-400
exec27_edge_x-400,30,12323,5,0,18,3,0,1,1,1.81851990111,-400
exec27_edge_x-400,12,14642,1,0,6,0,0,1,0,3.52971869802,-400
exec27_edge_x-400,15,15066,7,0,5,0,0,1,1,2.2550913762,-400
exec27_edge_x-400,33,14851,13,1,12,0,0,1,1,4.90486501104,-400
exec27_edge_x-400,33,14849,6,0,2,1,0,1,1,5.95133298795,-400
exec27_edge_x-400,21,13611,2,0,20,1,0,1,1,3.85219390559,-400
exec27_edge_x-400,0,14370,8,1,10,0,0,1,0,8.75912165041,-400
exec27_edge_x-400,9,13713,6,0,0,0,0,0,0,2.66801674261,-400
exec27_edge_x-400,45,13177,1,0,8,1,0,1,1,3.1057857098,-400
exec27_edge_x-400,6,12035,0,0,20,4,0,1,1,4.90650890862,-400
exec27_edge_x-400,21,13600,5,0,0,0,0,1,0,3.00020157614,-400
exec27_edge_x-400,15,15029,1,0,15,2,0,1,1,2.80472145749,-400
exec27_edge_x-400,18,13515,6,0,1,0,0,1,0,4.15354880611,-400
exec27_edge_x-400,39,12175,7,0,12,0,0,1,1,2.7235812501,-400
exec27_edge_x-400,6,11974,15,1,14,0,0,1,0,6.19977074012,-400
exec27_edge_x-400,45,13117,2,0,9,1,0,1,1,2.95760070748,-400
exec27_edge_x-400,15,14985,6,0,16,0,0,1,0,2.66687442403,-400
exec27_edge_x-400,21,13554,3,0,5,1,0,1,1,2.11062331623,-400
exec27_edge_x-400,9,13647,4,0,19,5,0,1,1,4.49319541339,-400
exec27_edge_x-400,45,13101,4,0,8,2,0,1,1,4.38587633106,-400
exec27_edge_x-400,6,11950,2,0,23,1,0,1,1,2.24166070485,-400
exec27_edge_x-400,36,12793,1,0,4,1,0,1,1,2.34005168543,-400
exec27_edge_x-400,18,13485,5,0,6,0,0,1,1,3.5939419771,-400
exec27_edge_x-400,6,11945,0,0,4,0,0,1,0,2.30632992407,-400
exec27_edge_x-400,39,12142,3,0,10,5,0,1,1,4.69810147312,-400
exec27_edge_x-400,21,13529,0,0,10,0,0,1,1,1.87297799899,-400
exec27_edge_x-400,39,13446,0,0,0,0,0,1,0,4.47691971323,-400
exec27_edge_x-400,33,14753,6,0,7,0,0,1,1,3.71834557589,-400
exec27_edge_x-400,12,14541,4,0,9,2,0,1,1,7.55762740404,-400
exec27_edge_x-400,9,13629,11,1,13,2,0,1,1,8.07875706442,-400
exec27_edge_x-400,6,11916,0,0,0,0,0,1,0,2.00432142958,-400
exec27_edge_x-400,12,14533,0,0,1,0,0,1,1,3.99798145716,-400
exec27_edge_x-400,18,13455,7,0,8,0,0,1,0,3.26895197239,-400
exec27_edge_x-400,24,12321,2,0,8,1,0,1,1,2.30234284748,-400
exec27_edge_x-400,0,14245,5,0,9,1,0,1,1,2.84877967439,-400
exec27_edge_x-400,12,14522,2,0,17,0,0,1,1,5.28671785567,-400
exec27_edge_x-400,36,12732,13,1,5,2,0,1,1,4.96200177253,-400
exec27_edge_x-400,24,12294,7,0,6,0,0,1,0,3.9426880319,-400
exec27_edge_x-400,15,14893,7,0,4,0,0,1,0,2.76351867046,-400
exec27_edge_x-400,18,13412,3,0,3,0,0,1,0,6.91565991456,-400
exec27_edge_x-400,12,14498,6,0,2,0,0,1,0,6.43912859133,-400
exec27_edge_x-400,21,13462,1,0,4,1,0,1,1,5.76230731124,-400
exec27_edge_x-400,3,14835,1,0,7,1,0,1,1,4.43216820312,-400
exec27_edge_x-400,42,13902,0,0,17,2,0,1,1,4.95940627515,-400
exec27_edge_x-400,0,14194,7,0,8,0,0,1,0,3.35301196562,-400
exec27_edge_x-400,12,14493,3,0,4,0,0,1,1,4.67885824141,-400
exec27_edge_x-400,24,12264,7,0,3,0,0,1,0,5.11333719579,-400
exec27_edge_x-400,30,12152,1,0,12,0,0,1,1,2.35125348189,-400
exec27_edge_x-400,39,12039,4,0,3,0,0,1,0,1.4590400558,-400
exec27_edge_x-400,6,11843,1,0,4,0,0,1,0,3.68681793762,-400
exec27_edge_x-400,27,13739,2,0,21,0,0,1,0,6.65113567765,-400
exec27_edge_x-400,42,13894,6,0,14,7,0,1,1,2.97689647492,-400
exec27_edge_x-400,6,11840,7,0,16,0,0,1,1,3.09728125537,-400
exec27_edge_x-400,15,14864,1,0,11,2,0,1,1,1.83115964817,-400
exec27_edge_x-400,27,13735,2,0,3,0,0,1,0,3.76548481595,-400
exec27_edge_x-400,3,14809,5,0,2,0,0,1,0,2.12466366754,-400
exec27_edge_x-400,24,12242,0,0,7,0,0,1,0,7.15560929552,-400
exec27_edge_x-400,18,13345,0,0,5,0,0,1,0,5.83161944411,-400
exec27_edge_x-400,36,12634,7,0,11,0,0,1,0,3.74372359591,-400
exec27_edge_x-400,3,14777,6,0,19,0,0,1,0,2.51606118825,-400
exec27_edge_x-400,30,15182,5,0,4,0,0,1,0,1.70019369714,-400
exec27_edge_x-400,6,11799,4,0,9,0,0,1,0,2.59222826883,-400
exec27_edge_x-400,27,13680,6,0,1,0,0,1,0,1.98765043917,-400
exec27_edge_x-400,18,13325,15,1,16,0,0,1,0,18.8016733622,-400
exec27_edge_x-400,9,13483,6,0,1,0,0,1,0,3.56896638577,-400
exec27_edge_x-400,24,12211,7,0,18,4,0,1,1,3.69964662455,-400
exec27_edge_x-400,30,15167,2,0,4,0,0,1,0,2.94741365757,-400
exec27_edge_x-400,27,13666,3,0,0,0,0,1,0,3.16419842612,-400
exec27_edge_x-400,12,14426,2,0,3,0,0,1,1,3.40211983817,-400
exec27_edge_x-400,30,15164,2,0,15,6,0,1,1,7.44869332316,-400
exec27_edge_x-400,0,14115,6,0,13,0,0,1,0,3.83901310143,-400
exec27_edge_x-400,36,12609,3,0,5,2,0,1,1,3.2774233166,-400
exec27_edge_x-400,15,14795,3,0,10,6,0,1,1,4.83285259701,-400
exec27_edge_x-400,12,14419,6,0,11,0,0,1,1,2.04362785736,-400
exec27_edge_x-400,39,15238,0,0,2,0,0,1,0,1.89919763676,-400
exec27_edge_x-400,12,14417,7,0,15,3,0,1,1,5.4649902559,-400
exec27_edge_x-400,6,11748,0,0,0,0,0,0,0,1.90391054823,-400
exec27_edge_x-400,15,14790,7,0,6,0,0,1,0,2.34460974704,-400
exec27_edge_x-400,9,13455,1,0,2,0,0,1,0,4.0901411976,-400
exec27_edge_x-400,33,14559,3,0,16,3,0,1,1,3.663517155,-400
exec27_edge_x-400,39,15221,3,0,13,2,0,1,1,2.20615878483,-400
exec27_edge_x-400,24,12174,5,0,8,5,0,1,1,2.78963680687,-400
exec27_edge_x-400,21,13325,4,0,9,0,0,1,0,3.20601577259,-400
exec27_edge_x-400,6,11704,5,0,12,2,0,1,1,3.86278266376,-400
exec27_edge_x-400,12,14369,0,0,5,0,0,1,0,2.42881582054,-400
exec27_edge_x-400,33,14508,6,0,2,1,0,1,1,3.20503326768,-400
exec27_edge_x-400,27,13586,7,0,10,0,0,1,0,2.65256894957,-400
exec27_edge_x-400,27,13583,3,0,9,0,0,1,1,2.43874992368,-400
exec27_edge_x-400,21,13294,6,0,4,0,0,1,0,3.48329537287,-400
exec27_edge_x-400,21,13290,2,0,6,0,0,1,0,4.71693291435,-400
exec27_edge_x-400,15,14728,2,0,3,0,0,1,0,2.20419754634,-400
exec27_edge_x-400,21,13247,2,0,4,0,0,1,0,2.27055966215,-400
exec27_edge_x-400,15,14692,6,0,11,0,0,1,0,3.52419778179,-400
exec27_edge_x-400,6,11633,0,0,6,0,0,1,0,5.22177793774,-400
exec27_edge_x-400,30,15046,6,0,13,1,0,1,1,6.87068865051,-400
exec27_edge_x-400,36,12495,6,0,1,0,0,1,0,2.7363231344,-400
exec27_edge_x-400,33,14435,0,0,16,0,0,1,0,2.58284982449,-400
exec27_edge_x-400,27,13528,0,0,15,0,0,1,0,4.15675525876,-400
exec27_edge_x-400,3,14598,6,0,9,0,0,1,0,2.76273693408,-400
exec27_edge_x-400,6,11618,6,0,20,0,0,1,0,2.10113631479,-400
exec27_edge_x-400,39,15113,7,0,18,1,0,1,1,3.11203904326,-400
exec27_edge_x-400,6,11611,7,0,3,0,0,1,0,1.5351229545,-400
exec27_edge_x-400,0,13986,2,0,20,1,0,1,1,2.91980951201,-400
exec27_edge_x-400,39,15104,2,0,15,1,0,1,1,4.53912011004,-400
exec27_edge_x-400,12,14275,3,0,4,0,0,1,0,3.05093128818,-400
exec27_edge_x-400,27,13503,1,0,14,0,0,1,0,3.12044793321,-400
exec27_edge_x-400,0,13959,0,0,10,4,0,1,1,3.85331499487,-400
exec27_edge_x-400,36,12449,4,0,10,0,0,1,0,1.30262946903,-400
exec27_edge_x-400,27,13498,1,0,14,3,0,1,1,2.32165151986,-400
exec27_edge_x-400,21,13204,6,0,2,2,0,1,1,2.08539230656,-400
exec27_edge_x-400,45,12757,7,0,5,2,0,1,1,5.80360939867,-400
exec27_edge_x-400,21,13197,2,0,8,4,0,1,1,3.68624532716,-400
exec27_edge_x-400,45,12750,1,0,14,1,0,1,1,2.88435923517,-400
exec27_edge_x-400,24,11989,5,0,18,0,0,1,1,2.45375475434,-400
exec27_edge_x-400,33,14356,6,0,6,0,0,1,0,3.46049202246,-400
exec27_edge_x-400,0,13916,7,0,3,1,0,1,1,2.99510554907,-400
exec27_edge_x-400,42,13577,7,0,8,0,0,1,1,4.6132302862,-400
exec27_edge_x-400,15,14586,6,0,15,0,0,1,1,3.59567221411,-400
exec27_edge_x-400,24,11973,14,1,10,0,0,1,1,4.76528163627,-400
exec27_edge_x-400,30,14913,6,0,10,0,0,1,0,2.66317282138,-400
exec27_edge_x-400,39,15003,3,0,19,0,0,1,0,2.30189978446,-400
exec27_edge_x-400,42,13533,6,0,2,0,0,1,0,4.33408624684,-400
exec27_edge_x-400,21,13095,0,0,13,0,0,1,0,2.51047623743,-400
exec27_edge_x-400,9,13201,4,0,0,0,0,1,1,1.65753028335,-400
exec27_edge_x-400,36,15458,6,0,4,0,0,1,0,3.37470662906,-400
exec27_edge_x-400,27,13356,6,0,12,5,0,1,1,1.75167655346,-400
exec27_edge_x-400,42,13494,0,0,19,9,0,1,1,3.04742254836,-400
exec27_edge_x-400,42,13493,5,0,16,2,0,1,1,12.369281632,-400
exec27_edge_x-400,18,12977,6,0,7,0,0,1,0,2.13354107034,-400
exec27_edge_x-400,33,14257,2,0,7,0,0,1,0,3.8165529052,-400
exec27_edge_x-400,39,14950,4,0,11,2,0,1,1,7.28225083555,-400
exec27_edge_x-400,0,13815,7,0,2,0,0,1,0,3.29309057508,-400
exec27_edge_x-400,42,13473,7,0,10,0,0,1,1,3.13465080987,-400
exec27_edge_x-400,45,12600,4,0,10,0,0,1,0,4.4337856368,-400
exec27_edge_x-400,3,14416,5,0,20,5,0,1,1,3.53909294472,-400
exec27_edge_x-400,45,12594,4,0,1,0,0,1,0,3.20466414089,-400
exec27_edge_x-400,45,12590,2,0,10,0,0,1,0,7.16504993049,-400
exec27_edge_x-400,0,13786,4,0,11,3,0,1,1,2.66191410607,-400
exec27_edge_x-400,9,13155,7,0,10,0,0,1,0,3.42214983501,-400
exec27_edge_x-400,18,12942,5,0,12,0,0,1,0,2.10634937521,-400
exec27_edge_x-400,18,14387,5,0,0,0,0,0,0,2.80811898555,-400
exec27_edge_x-400,0,13780,4,0,5,0,0,1,0,4.07762731823,-400
exec27_edge_x-400,45,12579,7,0,14,1,0,1,1,1.75049002652,-400
exec27_edge_x-400,45,12564,6,0,6,0,0,1,0,5.06312553596,-400
exec27_edge_x-400,9,13133,6,0,5,0,0,1,0,2.23703064566,-400
exec27_edge_x-400,33,14217,3,0,2,0,0,1,0,3.67888323994,-400
exec27_edge_x-400,45,12548,2,0,7,2,0,1,1,2.42332175714,-400
exec27_edge_x-400,42,13423,3,0,0,0,0,1,0,6.42039836641,-400
exec27_edge_x-400,30,14761,7,0,5,0,0,1,0,1.9740614671,-400
exec27_edge_x-400,39,14875,7,0,4,0,0,1,0,1.97345280735,-400
exec27_edge_x-400,18,12891,3,0,31,4,0,1,1,6.86837990054,-400
exec27_edge_x-400,3,14340,6,0,8,0,0,1,0,2.81180235708,-400
exec27_edge_x-400,3,14336,0,0,4,0,0,1,0,1.39606926494,-400
exec27_edge_x-400,42,13387,4,0,3,0,0,1,0,2.19963783235,-400
exec27_edge_x-400,3,14967,0,0,0,0,0,0,0,3.72889364122,-400
exec27_edge_x-400,42,13386,7,0,13,7,0,1,1,5.86685208316,-400
exec27_edge_x-400,30,14731,0,0,7,4,0,1,1,8.81770050357,-400
exec27_edge_x-400,18,12880,2,0,9,2,0,1,1,2.85636663291,-400
exec27_edge_x-400,27,13212,2,0,11,0,0,1,0,3.02199460805,-400
exec27_edge_x-400,36,15289,3,0,8,0,0,1,0,3.14853816119,-400
exec27_edge_x-400,24,15760,3,0,4,1,0,1,1,4.60917201734,-400
exec27_edge_x-400,36,15282,5,0,6,1,0,1,1,2.30066147879,-400
exec27_edge_x-400,6,15577,7,0,19,4,0,1,1,9.19152767183,-400
exec27_edge_x-400,0,13678,4,0,12,2,0,1,1,3.81824529543,-400
exec27_edge_x-400,0,13676,14,1,27,2,0,1,1,8.1140679729,-400
exec27_edge_x-400,0,14720,14,1,0,0,0,0,0,8.62429156527,-400
exec27_edge_x-400,42,13344,0,0,11,3,0,1,1,2.29532739059,-400
exec27_edge_x-400,33,14111,6,0,3,1,0,1,1,1.76474491772,-400
exec27_edge_x-400,24,15720,7,0,10,0,0,1,1,2.74567835065,-400
exec27_edge_x-400,6,15556,0,0,1,0,0,1,0,3.33537803064,-400
exec27_edge_x-400,30,14657,0,0,6,0,0,1,1,2.53930302072,-400
exec27_edge_x-400,42,13326,0,0,0,0,0,1,0,1.41942271577,-400
exec27_edge_x-400,42,13315,4,0,8,1,0,1,1,3.92914809974,-400
exec27_edge_x-400,15,14310,5,0,0,0,0,1,0,2.91003379421,-400
exec27_edge_x-400,39,14752,4,0,1,0,0,1,0,2.40041915899,-400
exec27_edge_x-400,18,16119,7,0,2,0,0,1,0,3.70531762711,-400
exec27_edge_x-400,3,14217,2,0,3,0,0,1,0,2.00448183878,-400
exec27_edge_x-400,39,14745,7,0,4,0,0,1,0,1.88880819337,-400
exec27_edge_x-400,33,14070,5,0,2,5,0,1,1,2.1811131953,-400
exec27_edge_x-400,15,14301,6,0,5,1,0,1,1,2.61952764731,-400
exec27_edge_x-400,45,12410,5,0,12,2,0,1,1,3.43297345218,-400
exec27_edge_x-400,42,13279,1,0,8,1,0,1,1,3.38637431567,-400
exec27_edge_x-400,36,15200,7,0,2,0,0,1,0,3.41105423527,-400
exec27_edge_x-400,3,14175,3,0,13,5,0,1,1,2.94998201167,-400
exec27_edge_x-400,45,12394,1,0,11,0,0,1,1,2.08190450814,-400
exec27_edge_x-400,33,14036,2,0,6,0,0,1,0,4.63577977074,-400
exec27_edge_x-400,24,15627,0,0,22,5,0,1,1,2.76423456995,-400
exec27_edge_x-400,12,13862,2,0,15,0,0,1,0,6.56861358651,-400
exec27_edge_x-400,6,15447,5,0,11,3,0,1,1,4.68467462117,-400
exec27_edge_x-400,39,14671,1,0,9,0,0,1,0,5.93100224064,-400
exec27_edge_x-400,3,14143,4,0,7,0,0,1,0,4.59244696053,-400
exec27_edge_x-400,39,14655,5,0,22,0,0,1,0,1.61223638177,-400
exec27_edge_x-400,9,16801,6,0,8,2,0,1,1,2.28051636452,-400
exec27_edge_x-400,21,15682,1,0,17,2,0,1,1,2.3060361882,-400
exec27_edge_x-400,21,15679,0,0,6,0,0,1,0,2.01968726507,-400
exec27_edge_x-400,24,15573,2,0,6,0,0,1,0,3.4859821154,-400
exec27_edge_x-400,9,16796,0,0,17,8,0,1,1,7.45627814552,-400
exec27_edge_x-400,12,13792,1,0,8,0,0,1,1,4.40215459977,-400
exec27_edge_x-400,3,14112,7,0,12,4,0,1,1,3.03870730782,-400
exec27_edge_x-400,33,13958,4,0,2,0,0,1,0,1.81469159054,-400
exec27_edge_x-400,15,14174,6,0,7,0,0,1,0,4.55898983226,-400
exec27_edge_x-400,6,15384,14,1,0,0,0,0,0,6.77569938472,-400
exec27_edge_x-400,36,15095,2,0,7,2,0,1,1,3.88204105472,-400
exec27_edge_x-400,3,14086,5,0,11,5,0,1,1,2.45335493767,-400
exec27_edge_x-400,45,15885,3,0,11,2,0,1,1,2.99369467306,-400
exec27_edge_x-400,3,14083,2,0,17,4,0,1,1,4.133833473,-400
exec27_edge_x-400,27,12973,5,0,3,0,0,1,0,3.97750415498,-400
exec27_edge_x-400,39,14576,5,0,11,2,0,1,1,3.78146191463,-400
exec27_edge_x-400,30,14469,4,0,1,0,0,1,0,2.05540267372,-400
exec27_edge_x-400,24,15512,6,0,1,0,0,1,0,3.91911576976,-400
exec27_edge_x-400,24,15915,6,0,0,0,0,0,0,6.90283552362,-400
exec27_edge_x-400,36,15082,5,0,23,8,0,1,1,7.15104121069,-400
exec27_edge_x-400,3,14068,6,0,8,0,0,1,0,3.42984389554,-400
exec27_edge_x-400,3,14057,6,0,4,0,0,1,0,1.58604478109,-400
exec27_edge_x-400,24,15485,7,0,4,0,0,1,0,5.6962462583,-400
exec27_edge_x-400,33,13898,3,0,3,0,0,1,0,1.57450792212,-400
exec27_edge_x-400,36,15062,0,0,7,2,0,1,1,4.38478183307,-400
exec27_edge_x-400,27,12928,7,0,1,0,0,1,0,1.73983662591,-400
exec27_edge_x-400,42,13133,3,0,3,0,0,1,0,4.79813966779,-400
exec27_edge_x-400,27,12919,1,0,2,0,0,1,0,1.73366485998,-400
exec27_edge_x-400,36,15047,3,0,12,4,0,1,1,6.68183017577,-400
exec27_edge_x-400,18,15891,6,0,11,1,0,1,1,2.30357240561,-400
exec27_edge_x-400,45,15836,7,0,1,0,0,1,0,4.4772658846,-400
exec27_edge_x-400,21,15556,0,0,12,5,0,1,1,4.1193934486,-400
exec27_edge_x-400,12,13686,5,0,5,0,0,1,0,1.88077706928,-400
exec27_edge_x-400,42,13100,3,0,11,1,0,1,1,4.92490163947,-400
exec27_edge_x-400,21,15540,4,0,6,1,0,1,1,3.27106644335,-400
exec27_edge_x-400,12,13672,1,0,9,2,0,1,1,5.179732893,-400
exec27_edge_x-400,21,15816,4,0,0,0,0,0,0,12.2679545824,-400
exec27_edge_x-400,33,13850,2,0,11,4,0,1,1,2.89608702247,-400
exec27_edge_x-400,0,13408,7,0,5,0,0,1,0,2.06779850818,-400
exec27_edge_x-400,9,16686,1,0,0,0,0,1,0,5.01402444663,-400
exec27_edge_x-400,0,13405,6,0,5,0,0,1,0,3.44829777758,-400
exec27_edge_x-400,6,15280,3,0,8,0,0,1,0,1.8278375809,-400
exec27_edge_x-400,39,14476,7,0,8,3,0,1,1,3.90945248831,-400
exec27_edge_x-400,33,13825,7,0,2,0,0,1,0,3.3430978637,-400
exec27_edge_x-400,36,14981,4,0,17,5,0,1,1,3.46161820755,-400
exec27_edge_x-400,45,15779,2,0,14,0,0,1,0,5.51722849071,-400
exec27_edge_x-400,24,15398,4,0,11,3,0,1,1,3.8234998969,-400
exec27_edge_x-400,0,13367,6,0,5,0,0,1,0,2.73547856308,-400
exec27_edge_x-400,18,15818,2,0,18,1,0,1,1,2.9652221614,-400
exec27_edge_x-400,3,13954,7,0,4,0,0,1,0,4.40201498978,-400
exec27_edge_x-400,9,16627,1,0,5,0,0,1,1,2.67773164717,-400
exec27_edge_x-400,12,13610,0,0,19,3,0,1,1,3.0512084678,-400
exec27_edge_x-400,18,15802,4,0,8,2,0,1,1,4.94147819914,-400
exec27_edge_x-400,9,16609,6,0,9,0,0,1,0,10.3246504343,-400
exec27_edge_x-400,42,13016,5,0,11,2,0,1,1,2.79712587995,-400
exec27_edge_x-400,15,13978,1,0,2,0,0,1,0,3.78892966046,-400
exec27_edge_x-400,36,14929,14,1,22,10,0,1,1,7.4802838915,-400
exec27_edge_x-400,45,15712,14,1,7,0,0,1,0,4.94552299289,-400
exec27_edge_x-400,36,14920,7,0,6,0,0,1,0,3.4204106565,-400
exec27_edge_x-400,45,15691,4,0,12,0,0,1,0,10.2963529535,-400
exec27_edge_x-400,0,13297,3,0,1,0,0,1,0,5.37244532008,-400
exec27_edge_x-400,21,15446,1,0,19,8,0,1,1,3.18190242957,-400
exec27_edge_x-400,21,15819,3,0,0,1,0,1,1,9.7709932621,-400
exec27_edge_x-400,24,15308,5,0,6,0,0,1,0,1.94173591752,-400
exec27_edge_x-400,30,14264,1,0,1,0,0,1,0,4.7260521445,-400
exec27_edge_x-400,15,13934,0,0,8,2,0,1,1,4.26622078677,-400
exec27_edge_x-400,9,16572,3,0,2,0,0,1,1,2.72244148895,-400
exec27_edge_x-400,27,16489,7,0,23,5,0,1,1,5.21167835611,-400
exec27_edge_x-400,6,15152,5,0,5,0,0,1,0,2.62437144154,-400
exec27_edge_x-400,45,15669,2,0,3,0,0,1,0,1.89596371395,-400
exec27_edge_x-400,33,13726,4,0,17,0,0,1,1,4.94466693851,-400
exec27_edge_x-400,0,13274,1,0,8,4,0,1,1,4.06865154948,-400
exec27_edge_x-400,3,13852,4,0,31,5,0,1,1,5.14808886153,-400
exec27_edge_x-400,12,13545,11,1,15,4,0,1,1,7.37583044531,-400
exec27_edge_x-400,45,15637,1,0,3,0,0,1,0,2.06453519437,-400
exec27_edge_x-400,21,15402,3,0,12,2,0,1,1,2.70338334174,-400
exec27_edge_x-400,24,15250,0,0,9,0,0,1,0,3.13880894968,-400
exec27_edge_x-400,12,13526,3,0,18,6,0,1,1,7.58225684696,-400
exec27_edge_x-400,3,13824,4,0,3,0,0,1,0,2.22569599525,-400
exec27_edge_x-400,18,15683,2,0,17,5,0,1,1,4.88581231591,-400
exec27_edge_x-400,15,13896,4,0,9,0,0,1,1,3.00816062772,-400
exec27_edge_x-400,18,15668,1,0,4,0,0,1,0,2.14724791933,-400
exec27_edge_x-400,18,16127,1,0,0,0,0,0,0,6.19479500027,-400
exec27_edge_x-400,0,13198,2,0,2,0,0,1,0,2.29911887656,-400
exec27_edge_x-400,3,13795,6,0,1,0,0,1,0,2.3585569762,-400
exec27_edge_x-400,27,16408,1,0,7,0,0,1,0,3.27430000304,-400
exec27_edge_x-400,42,12879,0,0,3,0,0,1,0,4.37226078599,-400
exec27_edge_x-400,9,16488,0,0,8,0,0,1,0,2.45020175028,-400
exec27_edge_x-400,12,13486,2,0,16,0,0,1,0,3.18668107739,-400
exec27_edge_x-400,42,12868,6,0,14,5,0,1,1,5.45011420629,-400
exec27_edge_x-400,30,14152,5,0,17,1,0,1,1,2.39441506012,-400
exec27_edge_x-400,12,13470,2,0,16,2,0,1,1,4.94517765956,-400
exec27_edge_x-400,15,13845,0,0,22,10,0,1,1,4.80702605017,-400
exec27_edge_x-400,24,15194,0,0,7,0,0,1,0,1.73779448079,-400
exec27_edge_x-400,36,14799,6,0,9,0,0,1,0,2.9558505083,-400
exec27_edge_x-400,3,13757,0,0,23,6,0,1,1,2.50905660504,-400
exec27_edge_x-400,12,13443,1,0,11,4,0,1,1,6.17058850197,-400
exec27_edge_x-400,45,15542,5,0,3,2,0,1,1,4.1570482621,-400
exec27_edge_x-400,42,12795,11,1,5,0,0,1,0,3.97927674679,-400
exec27_edge_x-400,27,16333,7,0,12,1,0,1,1,7.43574523733,-400
exec27_edge_x-400,0,16616,2,0,16,0,0,1,0,2.87527527341,-400
exec27_edge_x-400,0,16628,2,0,0,0,0,0,0,5.23441064332,-400
exec27_edge_x-400,24,15131,10,1,18,0,0,1,1,6.70708125197,-400
exec27_edge_x-400,21,15281,5,0,5,2,0,1,1,4.33735859397,-400
exec27_edge_x-400,21,15271,2,0,1,0,0,1,0,2.1404738094,-400
exec27_edge_x-400,9,16398,4,0,13,2,0,1,1,5.24298420153,-400
exec27_edge_x-400,24,15120,1,0,2,0,0,1,0,4.93844458357,-400
exec27_edge_x-400,45,15515,3,0,5,0,0,1,0,2.75792802236,-400
exec27_edge_x-400,12,13381,7,0,6,0,0,1,0,3.87871190026,-400
exec27_edge_x-400,12,13378,4,0,6,0,0,1,0,3.50655081565,-400
exec27_edge_x-400,12,13375,6,0,0,0,0,1,0,3.48324695444,-400
exec27_edge_x-400,9,16389,1,0,4,2,0,1,1,4.22087358703,-400
exec27_edge_x-400,9,16383,14,1,5,0,0,1,0,5.8681869519,-400
exec27_edge_x-400,21,15239,7,0,2,0,0,1,0,2.51042146774,-400
exec27_edge_x-400,30,14022,7,0,14,1,0,1,1,4.49054147234,-400
exec27_edge_x-400,12,13360,4,0,8,0,0,1,0,3.62578207888,-400
exec27_edge_x-400,33,13534,6,0,16,4,0,1,1,3.30608865473,-400
exec27_edge_x-400,27,16281,4,0,7,4,0,1,1,6.32847240793,-400
exec27_edge_x-400,27,16567,4,0,0,0,0,0,0,7.90393763586,-400
exec27_edge_x-400,33,13531,2,0,14,2,0,1,1,3.5585689407,-400
exec27_edge_x-400,12,13345,7,0,7,0,0,1,0,4.52474448271,-400
exec27_edge_x-400,45,15465,6,0,13,2,0,1,1,3.69936679144,-400
exec27_edge_x-400,27,16266,4,0,8,0,0,1,0,5.12830846607,-400
exec27_edge_x-400,3,13645,0,0,11,0,0,1,1,4.97704092411,-400
exec27_edge_x-400,0,16536,7,0,11,2,0,1,1,4.40994222325,-400
exec27_edge_x-400,21,15199,12,1,5,0,0,1,1,9.36288965695,-400
exec27_edge_x-400,45,15444,5,0,13,0,0,1,0,7.92776224496,-400
exec27_edge_x-400,21,15192,3,0,16,0,0,1,0,5.12916290735,-400
exec27_edge_x-400,3,13634,6,0,8,0,0,1,0,2.19746546478,-400
exec27_edge_x-400,15,13714,0,0,35,10,0,1,1,2.60375791603,-400
exec27_edge_x-400,18,15492,2,0,4,0,0,1,0,3.68938263842,-400
exec27_edge_x-400,21,15180,2,0,7,2,0,1,1,4.02046715211,-400
exec27_edge_x-400,36,14670,0,0,13,4,0,1,1,2.66970924205,-400
exec27_edge_x-400,0,16521,3,0,10,3,0,1,1,5.56427180213,-400
exec27_edge_x-400,6,14907,13,1,17,0,0,1,1,5.92080040615,-400
exec27_edge_x-400,45,15430,3,0,1,0,0,1,0,3.97253740932,-400
exec27_edge_x-400,30,13959,2,0,15,0,0,1,0,3.86643484814,-400
exec27_edge_x-400,39,14083,6,0,15,0,0,1,0,2.7884102413,-400
exec27_edge_x-400,33,13468,5,0,9,0,0,1,0,3.14517589518,-400
exec27_edge_x-400,45,15417,7,0,4,0,0,1,0,2.01933601822,-400
exec27_edge_x-400,33,13456,3,0,7,1,0,1,1,7.75651513852,-400
exec27_edge_x-400,21,15149,1,0,8,0,0,1,0,1.8119871615,-400
exec27_edge_x-400,36,14627,6,0,10,1,0,1,1,3.18991609233,-400
exec27_edge_x-400,24,14988,3,0,5,0,0,1,1,4.18800267822,-400
exec27_edge_x-400,33,13443,2,0,12,9,0,1,1,4.16084428913,-400
exec27_edge_x-400,0,16484,7,0,16,2,0,1,1,4.4444413884,-400
exec27_edge_x-400,3,13566,7,0,9,2,0,1,1,1.34698978683,-400
exec27_edge_x-400,6,14857,10,1,30,2,0,1,1,4.61553243248,-400
exec27_edge_x-400,33,13418,5,0,12,0,0,1,0,2.2924494748,-400
exec27_edge_x-400,33,13414,5,0,2,0,0,1,0,2.43818194026,-400
exec27_edge_x-400,27,16169,6,0,7,0,0,1,0,2.61561207556,-400
exec27_edge_x-400,39,14023,0,0,15,0,0,1,1,4.60813904485,-400
exec27_edge_x-400,30,13877,0,0,2,0,0,1,0,2.60318010696,-400
exec27_edge_x-400,36,14588,1,0,9,0,0,1,0,1.60553274415,-400
exec27_edge_x-400,18,15405,1,0,11,2,0,1,1,3.88937833008,-400
exec27_edge_x-400,15,13625,7,0,10,0,0,1,0,2.97690232652,-400
exec27_edge_x-400,36,14581,4,0,8,0,0,1,0,2.77694964718,-400
exec27_edge_x-400,3,16608,5,0,12,10,0,1,1,3.59664292227,-400
exec27_edge_x-400,45,15336,2,0,2,1,0,1,1,6.84603010457,-400
exec27_edge_x-400,24,14930,3,0,6,3,0,1,1,3.22589045172,-400
exec27_edge_x-400,24,15918,3,0,0,0,0,0,0,5.13161138264,-400
exec27_edge_x-400,6,14806,0,0,7,0,0,1,0,15.7711063755,-400
exec27_edge_x-400,15,13603,7,0,22,3,0,1,1,3.43016177268,-400
exec27_edge_x-400,42,16043,4,0,0,0,0,1,0,4.95066610054,-400
exec27_edge_x-400,45,15322,3,0,12,0,0,1,0,3.19775196382,-400
exec27_edge_x-400,36,14551,4,0,9,0,0,1,0,2.20645912818,-400
exec27_edge_x-400,12,13177,2,0,14,1,0,1,1,3.66364588554,-400
exec27_edge_x-400,12,14893,2,0,0,0,0,0,0,3.81637164982,-400
exec27_edge_x-400,42,16026,0,0,9,0,0,1,0,3.00668911259,-400
exec27_edge_x-400,0,16386,4,0,17,4,0,1,1,3.48381413878,-400
exec27_edge_x-400,27,16103,1,0,6,0,0,1,1,2.54415476944,-400
exec27_edge_x-400,15,13567,4,0,5,0,0,1,0,1.33331874961,-400
exec27_edge_x-400,42,16006,7,0,8,0,0,1,0,3.12338049957,-400
exec27_edge_x-400,39,13950,7,0,14,1,0,1,1,1.99148451976,-400
exec27_edge_x-400,45,15285,1,0,0,0,0,1,0,2.024435384,-400
exec27_edge_x-400,0,16359,5,0,8,1,0,1,1,4.07901326471,-400
exec27_edge_x-400,24,14875,4,0,9,1,0,1,1,5.57547028624,-400
exec27_edge_x-400,30,13778,14,1,6,0,0,1,1,5.76847315879,-400
exec27_edge_x-400,27,16074,5,0,8,0,0,1,0,9.24019401404,-400
exec27_edge_x-400,45,15249,7,0,10,0,0,1,0,5.01744979616,-400
exec27_edge_x-400,21,14997,6,0,11,1,0,1,1,3.07367178741,-400
exec27_edge_x-400,27,16050,7,0,30,8,0,1,1,3.33456164835,-400
exec27_edge_x-400,30,13751,6,0,20,6,0,1,1,1.58124351565,-400
exec27_edge_x-400,30,15189,6,0,0,0,0,0,0,4.42611536497,-400
exec27_edge_x-400,0,16297,5,0,17,4,0,1,1,3.80570411083,-400
exec27_edge_x-400,39,13890,6,0,7,4,0,1,1,7.18330578876,-400
exec27_edge_x-400,42,15933,6,0,20,0,0,1,1,1.68288369023,-400
exec27_edge_x-400,15,16755,4,0,15,0,0,1,0,10.3968526798,-400
exec27_edge_x-400,27,16023,6,0,7,2,0,1,1,7.41547989241,-400
exec27_edge_x-400,39,13863,5,0,2,0,0,1,0,6.34219155271,-400
exec27_edge_x-400,33,13246,3,0,17,3,0,1,1,3.19317853749,-400
exec27_edge_x-400,12,16428,1,0,20,4,0,1,1,4.0859404977,-400
exec27_edge_x-400,45,15188,2,0,10,0,0,1,1,3.99192837753,-400
exec27_edge_x-400,15,16726,2,0,6,0,0,1,0,5.06727097933,-400
exec27_edge_x-400,45,15177,0,0,12,0,0,1,0,3.13365281492,-400
exec27_edge_x-400,0,16245,6,0,11,2,0,1,1,2.41299455006,-400
exec27_edge_x-400,27,15983,0,0,13,1,0,1,1,3.47735738956,-400
exec27_edge_x-400,36,14411,2,0,12,3,0,1,1,2.31870566641,-400
exec27_edge_x-400,0,16232,4,0,4,0,0,1,0,3.53638334197,-400
exec27_edge_x-400,9,16026,4,0,3,0,0,1,0,3.27962350452,-400
exec27_edge_x-400,0,16219,4,0,2,0,0,1,0,4.81423577048,-400
exec27_edge_x-400,39,13804,7,0,3,0,0,1,0,1.58311578141,-400
exec27_edge_x-400,45,15138,5,0,12,1,0,1,1,5.05259928961,-400
exec27_edge_x-400,9,16015,4,0,10,0,0,1,0,3.08786334937,-400
exec27_edge_x-400,6,14616,3,0,10,0,0,1,0,7.08887784779,-400
exec27_edge_x-400,6,14610,5,0,3,0,0,1,0,8.93126312928,-400
exec27_edge_x-400,45,15114,14,1,2,0,0,1,0,5.56136156263,-400
exec27_edge_x-400,33,16500,0,0,9,0,0,1,0,2.78034986782,-400
exec27_edge_x-400,0,16180,6,0,10,3,0,1,1,4.32757780506,-400
exec27_edge_x-400,30,17374,2,0,3,0,0,1,0,2.78405543953,-400
exec27_edge_x-400,12,16336,7,0,10,1,0,1,1,4.45039563917,-400
exec27_edge_x-400,30,17367,0,0,18,0,0,1,0,2.78663914406,-400
exec27_edge_x-400,21,14851,3,0,2,0,0,1,0,4.05744924907,-400
exec27_edge_x-400,0,16154,7,0,14,2,0,1,1,3.38710759677,-400
exec27_edge_x-400,45,15067,5,0,11,0,0,1,0,3.85177222074,-400
exec27_edge_x-400,24,14697,1,0,10,2,0,1,1,3.91735132476,-400
exec27_edge_x-400,24,15920,1,0,0,0,0,0,0,5.25410788532,-400
exec27_edge_x-400,45,15062,6,0,5,0,0,1,0,1.58255981675,-400
exec27_edge_x-400,6,14552,7,0,12,1,0,1,1,4.13268890482,-400
exec27_edge_x-400,12,16299,3,0,7,0,0,1,0,4.15796301039,-400
exec27_edge_x-400,33,16446,3,0,1,0,0,1,0,2.6473625429,-400
exec27_edge_x-400,12,16295,6,0,3,0,0,1,0,2.01267628242,-400
exec27_edge_x-400,30,17313,6,0,20,2,0,1,1,4.32052304724,-400
exec27_edge_x-400,6,14545,7,0,8,2,0,1,1,3.48958571473,-400
exec27_edge_x-400,15,16612,7,0,23,5,0,1,1,3.75546330864,-400
exec27_edge_x-400,27,15880,2,0,14,10,0,1,1,5.40469523998,-400
exec27_edge_x-400,33,16430,6,0,12,0,0,1,0,2.11008712075,-400
exec27_edge_x-400,0,16116,3,0,16,0,0,1,0,2.95128363739,-400
exec27_edge_x-400,6,14532,3,0,8,0,0,1,0,13.5994847035,-400
exec27_edge_x-400,12,16270,7,0,1,0,0,1,1,5.21727351708,-400
exec27_edge_x-400,6,14522,2,0,6,0,0,1,0,2.64579927677,-400
exec27_edge_x-400,6,14513,4,0,11,2,0,1,1,3.70797771986,-400
exec27_edge_x-400,3,16289,1,0,7,0,0,1,1,5.11226400393,-400
exec27_edge_x-400,0,16089,3,0,12,1,0,1,1,2.51731380516,-400
exec27_edge_x-400,9,15888,4,0,21,7,0,1,1,3.2683826078,-400
exec27_edge_x-400,45,14991,3,0,2,0,0,1,0,3.53781032602,-400
exec27_edge_x-400,42,15741,14,1,21,3,0,1,1,9.13457740762,-400
exec27_edge_x-400,42,16259,14,1,0,0,0,0,0,12.2688252121,-400
exec27_edge_x-400,6,14497,0,0,32,5,0,1,1,2.8711334376,-400
exec27_edge_x-400,30,17249,3,0,7,1,0,1,1,5.47113513219,-400
exec27_edge_x-400,39,13686,2,0,9,0,0,1,1,3.17179904636,-400
exec27_edge_x-400,15,16559,2,0,12,3,0,1,1,2.75418552853,-400
exec27_edge_x-400,0,16054,3,0,4,0,0,1,0,2.00277738078,-400
exec27_edge_x-400,21,14757,5,0,3,0,0,1,0,2.40526487656,-400
exec27_edge_x-400,27,15832,7,0,8,0,0,1,0,2.78139964002,-400
exec27_edge_x-400,30,17232,2,0,7,1,0,1,1,5.5444576166,-400
exec27_edge_x-400,15,16549,2,0,0,0,0,1,0,4.38165779885,-400
exec27_edge_x-400,27,15825,1,0,0,0,0,1,0,7.30668429115,-400
exec27_edge_x-400,45,14965,7,0,23,6,0,1,1,5.90557525466,-400
exec27_edge_x-400,9,15852,5,0,12,0,0,1,1,5.75369547855,-400
exec27_edge_x-400,36,14211,3,0,2,0,0,1,0,3.68025603523,-400
exec27_edge_x-400,9,15836,1,0,12,3,0,1,1,3.2994284906,-400
exec27_edge_x-400,45,14954,2,0,6,0,0,1,0,4.41113468393,-400
exec27_edge_x-400,3,16234,5,0,27,4,0,1,1,6.63492262869,-400
exec27_edge_x-400,12,16209,5,0,30,7,0,1,1,2.53724249271,-400
exec27_edge_x-400,45,14936,6,0,6,0,0,1,0,2.26046826629,-400
exec27_edge_x-400,45,14933,4,0,2,0,0,1,0,3.31987505964,-400
exec27_edge_x-400,42,15670,7,0,21,6,1,1,1,7.03133340214,-400
exec27_edge_x-400,6,14438,5,0,8,4,0,1,1,1.81606032474,-400
exec27_edge_x-400,3,16210,7,0,10,1,0,1,1,2.19161976839,-400
exec27_edge_x-400,36,14185,3,0,12,2,0,1,1,2.11906091296,-400
exec27_edge_x-400,15,16507,4,0,15,2,0,1,1,2.10976405275,-400
exec27_edge_x-400,9,15807,4,0,0,0,0,1,0,15.4097043114,-400
exec27_edge_x-400,3,16201,1,0,16,0,0,1,0,6.07104988541,-400
exec27_edge_x-400,18,14973,0,0,9,1,0,1,1,2.46488794986,-400
exec27_edge_x-400,18,16131,0,0,0,0,0,0,0,7.50236770259,-400
exec27_edge_x-400,15,16491,7,0,13,2,0,1,1,4.15168708524,-400
exec27_edge_x-400,3,16186,1,0,12,2,0,1,1,2.22307338673,-400
exec27_edge_x-400,12,16181,0,0,19,8,0,1,1,3.00084753209,-400
exec27_edge_x-400,45,14894,1,0,10,0,0,1,0,3.31997208264,-400
exec27_edge_x-400,36,14150,5,0,1,0,0,1,0,6.42444226474,-400
exec27_edge_x-400,15,16482,0,0,11,0,0,1,0,1.76883742614,-400
exec27_edge_x-400,18,14953,2,0,7,0,1,1,1,1.93850866567,-400
exec27_edge_x-400,33,16290,2,0,13,0,0,1,0,2.7323541323,-400
exec27_edge_x-400,39,13578,7,0,6,1,0,1,1,5.03550458903,-400
exec27_edge_x-400,18,14942,4,0,6,0,0,1,0,2.0318897106,-400
exec27_edge_x-400,0,15940,1,0,13,3,0,1,1,4.37738780017,-400
exec27_edge_x-400,36,14114,4,0,9,2,0,1,1,3.47567810154,-400
exec27_edge_x-400,18,14929,7,0,12,3,0,1,1,2.10946860367,-400
exec27_edge_x-400,21,14651,9,1,11,0,0,1,1,5.63107754237,-400
exec27_edge_x-400,36,14108,7,0,23,12,0,1,1,2.8162847759,-400
exec27_edge_x-400,42,15575,2,0,2,0,0,1,1,2.83749300824,-400
exec27_edge_x-400,3,16134,5,0,7,0,0,1,0,1.84415327628,-400
exec27_edge_x-400,45,14836,6,0,4,0,0,1,0,7.37451952611,-400
exec27_edge_x-400,12,16112,7,0,14,0,0,1,1,2.82225366024,-400
exec27_edge_x-400,39,13515,2,0,8,0,0,1,0,1.40345992359,-400
exec27_edge_x-400,30,17097,0,0,0,0,0,1,0,7.06580039498,-400
exec27_edge_x-400,9,15715,5,0,21,4,0,1,1,3.67201116399,-400
exec27_edge_x-400,21,14605,4,0,12,0,0,1,1,3.40933945735,-400
exec27_edge_x-400,15,16423,7,0,14,0,0,1,0,1.77559217708,-400
exec27_edge_x-400,24,14451,10,1,1,0,0,1,0,4.48020952567,-400
exec27_edge_x-400,33,16218,4,0,9,3,0,1,1,2.91856161893,-400
exec27_edge_x-400,9,15696,0,0,15,5,0,1,1,4.17947981377,-400
exec27_edge_x-400,33,16210,5,0,14,2,0,1,1,3.61434641408,-400
exec27_edge_x-400,18,14868,3,0,15,0,0,1,0,5.74037743931,-400
exec27_edge_x-400,15,16402,4,0,13,4,0,1,1,2.44760471223,-400
exec27_edge_x-400,24,14425,5,0,10,0,0,1,0,5.41554321187,-400
exec27_edge_x-400,12,16064,7,0,15,1,0,1,1,3.17776666597,-400
exec27_edge_x-400,15,16396,6,0,4,0,0,1,0,4.24632046786,-400
exec27_edge_x-400,30,17057,0,0,11,0,0,1,0,4.31799190584,-400
exec27_edge_x-400,36,14015,9,1,11,0,0,1,0,4.99013829358,-400
exec27_edge_x-400,12,16050,3,0,13,0,0,1,0,1.72397409403,-400
exec27_edge_x-400,21,14564,4,0,0,0,0,1,1,3.1985560851,-400
exec27_edge_x-400,24,14386,1,0,8,0,0,1,0,3.82718186349,-400
exec27_edge_x-400,18,14840,7,0,20,4,0,1,1,4.93876241463,-400
exec27_edge_x-400,24,14379,0,0,2,0,0,1,0,3.41107882709,-400
exec27_edge_x-400,27,15617,3,0,6,0,0,1,0,2.08917705963,-400
exec27_edge_x-400,18,14833,7,0,6,1,0,1,1,3.07829841678,-400
exec27_edge_x-400,33,16161,2,0,8,2,0,1,1,5.78745242835,-400
exec27_edge_x-400,6,14269,7,0,15,3,0,1,1,3.06888398853,-400
exec27_edge_x-400,9,15634,3,0,0,0,0,1,0,1.83951115352,-400
exec27_edge_x-400,30,17017,5,0,5,1,0,1,1,2.38082768846,-400
exec27_edge_x-400,30,17006,6,0,2,0,0,1,0,1.83881123586,-400
exec27_edge_x-400,0,15804,0,0,3,0,0,1,0,5.27096523477,-400
exec27_edge_x-400,0,15802,4,0,2,0,0,1,0,1.57041398318,-400
exec27_edge_x-400,33,16126,2,0,13,1,0,1,1,3.37615957367,-400
exec27_edge_x-400,24,14352,5,0,3,0,0,1,0,4.13833129326,-400
exec27_edge_x-400,0,15794,7,0,12,5,0,1,1,7.78210484105,-400
exec27_edge_x-400,12,15991,4,0,7,0,0,1,0,5.10153824239,-400
exec27_edge_x-400,3,16006,5,0,4,0,0,1,0,5.7544307557,-400
exec27_edge_x-400,24,14332,0,0,5,0,0,1,0,2.56098193228,-400
exec27_edge_x-400,42,15398,12,1,12,0,0,1,0,6.11525624913,-400
exec27_edge_x-400,24,14322,5,0,2,0,0,1,0,3.16006817598,-400
exec27_edge_x-400,9,15568,3,0,2,0,0,1,0,1.55822674501,-400
exec27_edge_x-400,21,14479,1,0,1,0,0,1,1,8.34177073223,-400
exec27_edge_x-400,36,15863,3,0,19,3,0,1,1,3.38599432394,-400
exec27_edge_x-400,18,14769,0,0,8,2,0,1,1,2.27574042301,-400
exec27_edge_x-400,36,15858,3,0,12,3,0,1,1,3.09747347216,-400
exec27_edge_x-400,36,15847,5,0,5,0,0,1,0,2.90875923267,-400
exec27_edge_x-400,0,15726,3,0,12,1,0,1,1,10.5749436949,-400
exec27_edge_x-400,36,15843,7,0,12,0,0,1,0,2.60110081408,-400
exec27_edge_x-400,24,14288,1,0,2,0,0,1,0,3.35776689065,-400
exec27_edge_x-400,27,15516,0,0,10,0,0,1,0,5.2802300577,-400
exec27_edge_x-400,18,14749,1,0,2,0,0,1,0,2.99558027198,-400
exec27_edge_x-400,36,15836,2,0,25,1,0,1,1,5.26242809683,-400
exec27_edge_x-400,9,15530,3,0,12,1,0,1,1,6.06985273971,-400
exec27_edge_x-400,18,14742,1,0,6,0,0,1,0,6.16005840961,-400
exec27_edge_x-400,36,15824,4,0,29,5,0,1,1,3.69601245394,-400
exec27_edge_x-400,15,16240,3,0,10,0,0,1,0,2.37971486974,-400
exec27_edge_x-400,45,14654,6,0,21,6,0,1,1,5.80819883389,-400
exec27_edge_x-400,42,15322,3,0,8,2,0,1,1,3.18143830161,-400
exec27_edge_x-400,24,14256,6,0,5,0,0,1,0,3.46921389333,-400
exec27_edge_x-400,30,16910,3,0,4,4,0,1,1,2.58261008951,-400
exec27_edge_x-400,9,15501,5,0,5,0,0,1,0,2.28402894472,-400
exec27_edge_x-400,24,14250,6,0,11,0,0,1,0,2.05316844741,-400
exec27_edge_x-400,39,16617,9,1,1,0,0,1,0,7.57865686489,-400
exec27_edge_x-400,12,15891,2,0,2,0,0,1,0,2.04881641017,-400
exec27_edge_x-400,6,16134,1,0,20,8,0,1,1,4.47172695103,-400
exec27_edge_x-400,0,15682,3,0,5,0,0,1,0,5.80107848075,-400
exec27_edge_x-400,6,16124,6,0,6,0,0,1,1,6.38312590674,-400
exec27_edge_x-400,33,16003,4,0,13,4,0,1,1,3.06733934238,-400
exec27_edge_x-400,24,14216,7,0,5,0,0,1,0,3.08799102559,-400
exec27_edge_x-400,42,15290,3,0,8,1,0,1,1,2.68978374856,-400
exec27_edge_x-400,21,14374,0,0,12,6,0,1,1,2.13494257365,-400
exec27_edge_x-400,12,15844,5,0,14,6,0,1,1,3.57097687555,-400
exec27_edge_x-400,33,15971,0,0,1,0,0,1,0,5.26713467609,-400
exec27_edge_x-400,0,15622,4,0,12,0,0,1,0,3.73724868037,-400
exec27_edge_x-400,27,15407,0,0,4,0,0,1,0,1.58264121162,-400
exec27_edge_x-400,24,14146,3,0,8,0,0,1,0,3.73122819179,-400
exec27_edge_x-400,33,15940,6,0,12,6,0,1,1,4.08585817777,-400
exec27_edge_x-400,12,15783,5,0,8,0,0,1,0,1.66280294258,-400
exec27_edge_x-400,12,15779,4,0,18,4,0,1,1,3.2977087811,-400
exec27_edge_x-400,18,14609,1,0,6,0,0,1,0,5.79060440253,-400
exec27_edge_x-400,24,14114,0,0,19,2,0,1,1,3.30976561488,-400
exec27_edge_x-400,15,16099,7,0,9,0,0,1,0,5.34578224376,-400
exec27_edge_x-400,0,15552,3,0,21,0,0,1,0,2.8397555521,-400
exec27_edge_x-400,0,15538,4,0,2,0,0,1,0,2.22138123648,-400
exec27_edge_x-400,36,15652,4,0,13,2,0,1,1,3.66818281354,-400
exec27_edge_x-400,21,17346,3,0,3,0,0,1,0,2.60463884116,-400
exec27_edge_x-400,39,16478,5,0,14,0,0,1,0,3.57779534326,-400
exec27_edge_x-400,15,16068,2,0,14,0,0,1,0,2.0314265126,-400
exec27_edge_x-400,0,15523,3,0,12,0,0,1,0,2.23202643467,-400
exec27_edge_x-400,9,15325,2,0,4,0,0,1,0,8.76770751202,-400
exec27_edge_x-400,12,15712,5,0,10,1,0,1,1,2.93824981601,-400
exec27_edge_x-400,33,15877,4,0,9,1,0,1,1,2.3088462602,-400
exec27_edge_x-400,3,15747,3,0,0,0,0,1,0,3.08724201939,-400
exec27_edge_x-400,27,15286,7,0,19,0,0,1,1,5.70582783299,-400
exec27_edge_x-400,45,14465,14,1,3,0,0,1,0,5.47015453451,-400
exec27_edge_x-400,45,14461,4,0,12,3,0,1,1,3.04999556684,-400
exec27_edge_x-400,39,16433,5,0,11,2,0,1,1,4.82931130001,-400
exec27_edge_x-400,27,15277,2,0,17,12,0,1,1,4.3493611552,-400
exec27_edge_x-400,3,15730,6,0,7,0,0,1,1,1.97412577916,-400
exec27_edge_x-400,21,17295,6,0,3,0,0,1,0,3.40501768442,-400
exec27_edge_x-400,45,14450,1,0,15,0,0,1,0,3.30185289264,-400
exec27_edge_x-400,15,16006,3,0,13,2,0,1,1,5.60937074118,-400
exec27_edge_x-400,15,16001,3,0,0,0,0,0,0,3.60471581866,-400
exec27_edge_x-400,12,15675,0,0,16,4,0,1,1,6.71096020377,-400
exec27_edge_x-400,6,15916,1,0,1,0,0,1,1,3.30538377047,-400
exec27_edge_x-400,36,15582,4,0,9,2,0,1,1,2.90613183704,-400
exec27_edge_x-400,18,14507,0,0,16,6,0,1,1,2.33535142664,-400
exec27_edge_x-400,12,15651,1,0,4,0,0,1,0,4.13106288436,-400
exec27_edge_x-400,15,15974,7,0,12,0,0,1,1,1.76783373158,-400
exec27_edge_x-400,36,15571,4,0,6,0,0,1,0,6.59266425768,-400
exec27_edge_x-400,12,15645,0,0,1,0,0,1,0,3.24928770667,-400
exec27_edge_x-400,24,17273,5,0,16,2,0,1,1,6.89115336519,-400
exec27_edge_x-400,30,16628,1,0,34,10,0,1,1,4.4823428973,-400
exec27_edge_x-400,9,15238,3,0,5,0,0,1,0,2.80628915229,-400
exec27_edge_x-400,18,14468,5,0,1,0,0,1,0,1.22310819909,-400
exec27_edge_x-400,21,17239,5,0,3,0,0,1,0,3.10422794086,-400
exec27_edge_x-400,42,15037,5,0,9,0,0,1,0,2.99760090327,-400
exec27_edge_x-400,0,15420,3,0,7,1,0,1,1,6.03857838523,-400
exec27_edge_x-400,24,17239,4,0,1,0,0,1,0,2.55807325301,-400
exec27_edge_x-400,18,14426,1,0,5,1,0,1,1,1.43194355568,-400
exec27_edge_x-400,27,15160,1,0,9,0,0,1,0,3.2593560901,-400
exec27_edge_x-400,30,16593,1,0,6,0,0,1,0,3.05553389928,-400
exec27_edge_x-400,30,17456,1,0,0,0,0,0,0,3.21155077372,-400
exec27_edge_x-400,24,17229,1,0,14,0,0,1,0,2.15070783247,-400
exec27_edge_x-400,3,15624,2,0,3,0,0,1,0,2.22720709155,-400
exec27_edge_x-400,33,15755,5,0,9,0,0,1,0,2.44257911051,-400
exec27_edge_x-400,12,15594,1,0,9,0,0,1,0,5.51664834143,-400
exec27_edge_x-400,9,15195,7,0,9,0,0,1,0,2.08018475176,-400
exec27_edge_x-400,39,16305,4,0,8,2,0,1,1,2.72206791754,-400
exec27_edge_x-400,45,14336,0,0,3,0,0,1,0,1.69847834093,-400
exec27_edge_x-400,39,16303,3,0,4,0,0,1,0,4.91405814685,-400
exec27_edge_x-400,18,17729,5,0,5,0,0,1,0,8.63551060594,-400
exec27_edge_x-400,42,14984,10,1,10,5,0,1,1,6.95333766767,-400
exec27_edge_x-400,21,17179,5,0,13,0,0,1,0,1.96277854216,-400
exec27_edge_x-400,45,14314,7,0,36,6,0,1,1,3.7182247115,-400
exec27_edge_x-400,39,16278,7,0,2,0,0,1,0,1.88179313085,-400
exec27_edge_x-400,39,16267,5,0,1,0,0,1,0,6.65312808494,-400
exec27_edge_x-400,6,15814,5,0,11,2,0,1,1,3.69908072634,-400
exec27_edge_x-400,27,15103,0,0,6,0,0,1,0,1.89051065769,-400
exec27_edge_x-400,27,15099,4,0,17,0,0,1,0,2.9562009158,-400
exec27_edge_x-400,37,1523,8,1,11,0,0,1,0,6.85585627907,-400
exec27_edge_x-400,27,15094,9,1,12,3,0,1,1,4.92864829343,-400
exec27_edge_x-400,0,15335,3,0,7,2,0,1,1,3.86867610586,-400
exec27_edge_x-400,9,15144,1,0,12,0,0,1,1,9.73741010928,-400
exec27_edge_x-400,42,14934,1,0,8,0,0,1,0,4.07662471375,-400
exec27_edge_x-400,42,14932,3,0,5,0,0,1,0,3.24274431823,-400
exec27_edge_x-400,9,15138,5,0,14,3,0,1,1,5.01322590287,-400
exec27_edge_x-400,33,15670,5,0,22,2,0,1,1,4.07900994468,-400
exec27_edge_x-400,37,1503,5,0,6,0,0,1,0,1.82224131785,-400
exec27_edge_x-400,39,16227,2,0,4,0,0,1,0,1.87420290574,-400
exec27_edge_x-400,0,15310,2,0,1,0,0,1,0,4.68776511747,-400
exec27_edge_x-400,27,15076,1,0,13,5,0,1,1,2.70847780868,-400
exec27_edge_x-400,27,16572,1,0,0,0,0,0,0,3.56860486043,-400
exec27_edge_x-400,45,17506,3,0,0,0,0,1,0,3.83986104147,-400
exec27_edge_x-400,42,14900,4,0,6,0,0,1,0,4.11170198239,-400
exec27_edge_x-400,15,15799,0,0,7,0,0,1,0,1.84490826372,-400
exec27_edge_x-400,18,17630,3,0,0,0,0,0,0,2.12929112823,-400
exec27_edge_x-400,6,15747,7,0,10,0,0,1,0,5.13454669744,-400
exec27_edge_x-400,18,17601,1,0,19,7,0,1,1,4.19569710522,-400
exec27_edge_x-400,3,15480,4,0,0,0,0,1,0,2.58522397364,-400
exec27_edge_x-400,0,15256,1,0,4,0,0,1,0,1.56801884182,-400
exec27_edge_x-400,24,17031,14,1,7,0,0,1,1,5.99419465571,-400
exec27_edge_x-400,0,15247,1,0,8,0,0,1,0,3.38900310802,-400
exec27_edge_x-400,0,16633,1,0,0,0,0,0,0,5.68333547353,-400
exec27_edge_x-400,18,17574,7,0,9,0,0,1,1,2.29241382383,-400
exec27_edge_x-400,30,16420,0,0,21,2,0,1,1,5.96922585977,-400
exec27_edge_x-400,0,15224,2,0,7,0,0,1,0,1.5110272794,-400
exec27_edge_x-400,30,16411,3,0,3,0,0,1,0,4.92687341222,-400
exec27_edge_x-400,24,17004,7,0,3,0,0,1,0,3.94303394039,-400
exec27_edge_x-400,37,1418,2,0,0,0,0,1,0,2.7305407481,-400
exec27_edge_x-400,45,17428,0,0,2,0,0,1,0,2.58937464852,-400
exec27_edge_x-400,21,17043,0,0,14,0,0,1,0,2.32024959884,-400
exec27_edge_x-400,27,14980,13,1,25,6,0,1,1,6.99682941539,-400
exec27_edge_x-400,33,15578,5,0,11,0,0,1,0,10.1675853441,-400
exec27_edge_x-400,6,15689,0,0,9,5,0,1,1,3.65629661068,-400
exec27_edge_x-400,18,17536,0,0,14,0,0,1,0,8.27648931137,-400
exec27_edge_x-400,42,17541,4,0,45,8,0,1,1,4.663207909,-400
exec27_edge_x-400,33,15573,2,0,12,1,0,1,1,2.75344487266,-400
exec27_edge_x-400,33,16514,2,0,0,0,0,0,0,2.84179259206,-400
exec27_edge_x-400,45,17402,15,1,9,0,0,1,0,5.61808980774,-400
exec27_edge_x-400,39,16096,1,0,10,2,0,1,1,8.67270660887,-400
exec27_edge_x-400,24,16969,7,0,1,0,0,1,0,3.36975534789,-400
exec27_edge_x-400,15,15709,6,0,15,3,0,1,1,9.97566481087,-400
exec27_edge_x-400,6,15673,2,0,5,2,0,1,1,3.92554785804,-400
exec27_edge_x-400,12,15408,1,0,12,0,0,1,0,2.35397473783,-400
exec27_edge_x-400,45,17379,2,0,1,0,0,1,0,2.17961492981,-400
exec27_edge_x-400,21,17014,5,0,20,14,0,1,1,12.0804043468,-400
exec27_edge_x-400,9,15009,3,0,9,0,0,1,0,3.52806328207,-400
exec27_edge_x-400,12,15395,5,0,31,8,0,1,1,3.87350160381,-400
exec27_edge_x-400,27,16573,3,0,4,1,0,1,1,6.90980595556,-400
exec27_edge_x-400,42,17497,0,0,7,0,0,1,0,2.12389022689,-400
exec27_edge_x-400,6,15652,6,0,0,0,0,1,0,6.68573159159,-400
exec27_edge_x-400,21,16998,6,0,8,2,0,1,1,2.51588347345,-400
exec27_edge_x-400,3,15374,8,1,6,1,0,1,1,6.10716731913,-400
exec27_edge_x-400,37,1352,4,0,14,2,0,1,1,3.37289967654,-400
exec27_edge_x-400,9,14988,2,0,20,10,0,1,1,2.94929777596,-400
exec27_edge_x-400,24,16934,4,0,12,4,0,1,1,2.49443007992,-400
exec27_edge_x-400,9,14983,7,0,9,2,0,1,1,1.60721556225,-400
exec27_edge_x-400,37,1336,1,0,3,0,0,1,0,2.18351028216,-400
exec27_edge_x-400,3,15357,6,0,14,1,0,1,1,4.79145286137,-400
exec27_edge_x-400,18,17457,4,0,9,0,0,1,0,2.2831836161,-400
exec27_edge_x-400,21,16957,4,0,12,1,0,1,1,2.95037208481,-400
exec27_edge_x-400,42,17453,5,0,3,0,0,1,0,2.97630485168,-400
exec27_edge_x-400,24,16899,3,0,2,0,0,1,0,5.73286908903,-400
exec27_edge_x-400,37,1312,7,0,8,0,0,1,1,6.39475526598,-400
exec27_edge_x-400,21,16929,4,0,23,9,0,1,1,4.71062496878,-400
exec27_edge_x-400,24,16890,4,0,29,3,0,1,1,4.14820361598,-400
exec27_edge_x-400,18,17427,2,0,13,0,0,1,0,3.64256976453,-400
exec27_edge_x-400,0,15073,11,1,20,0,0,1,0,6.56312972167,-400
exec27_edge_x-400,39,15988,0,0,2,0,0,1,0,3.98121248087,-400
exec27_edge_x-400,33,15468,0,0,10,7,0,1,1,9.13958503125,-400
exec27_edge_x-400,21,16906,6,0,3,0,0,1,1,4.94469412337,-400
exec27_edge_x-400,12,15293,5,0,8,0,0,1,0,2.32837393103,-400
exec27_edge_x-400,39,15975,4,0,4,0,0,1,0,2.51526707389,-400
exec27_edge_x-400,33,15452,7,0,6,0,0,1,0,3.29445378943,-400
exec27_edge_x-400,24,16848,7,0,17,2,0,1,1,4.52185634401,-400
exec27_edge_x-400,42,17401,7,0,2,0,0,1,0,2.86358413079,-400
exec27_edge_x-400,37,1271,6,0,4,0,0,1,0,4.80431991985,-400
exec27_edge_x-400,30,16255,7,0,22,7,0,1,1,3.85388719758,-400
exec27_edge_x-400,42,17385,6,0,5,1,0,1,1,2.65294069724,-400
exec27_edge_x-400,37,1253,4,0,4,0,0,1,0,2.3408218506,-400
exec27_edge_x-400,30,16242,1,0,0,0,0,1,0,2.96371349109,-400
exec27_edge_x-400,21,16858,12,1,3,0,0,1,0,4.55175668689,-400
exec27_edge_x-400,21,16847,1,0,11,0,0,1,0,7.62807659723,-400
exec27_edge_x-400,24,16808,6,0,23,3,0,1,1,5.46228593623,-400
exec27_edge_x-400,21,16845,2,0,1,0,0,1,0,8.34778545298,-400
exec27_edge_x-400,27,14789,5,0,6,0,0,1,0,7.28508697227,-400
exec27_edge_x-400,21,16819,6,0,12,2,0,1,1,3.61849410626,-400
exec27_edge_x-400,27,14771,6,0,14,0,0,1,0,2.13472036837,-400
exec27_edge_x-400,45,17194,7,0,30,7,0,1,1,2.96908226031,-400
exec27_edge_x-400,0,14955,3,0,6,1,0,1,1,2.1362141656,-400
exec27_edge_x-400,21,16814,1,0,9,1,0,1,1,3.13521501501,-400
exec27_edge_x-400,27,14770,1,0,16,4,0,1,1,7.77812198033,-400
exec27_edge_x-400,9,14828,9,1,18,5,0,1,1,6.47201480735,-400
exec27_edge_x-400,9,16846,9,1,0,0,0,0,0,14.6487621013,-400
exec27_edge_x-400,3,15200,6,0,4,0,0,1,0,5.87300412806,-400
exec27_edge_x-400,0,14932,1,0,9,1,0,1,1,4.06352609065,-400
exec27_edge_x-400,12,15177,6,0,0,0,0,1,0,1.97482011438,-400
exec27_edge_x-400,18,17288,5,0,3,0,0,1,1,4.06757474416,-400
exec27_edge_x-400,0,14923,7,0,10,0,0,1,0,1.70657129635,-400
exec27_edge_x-400,45,17149,4,0,11,8,0,1,1,6.47748353592,-400
exec27_edge_x-400,0,14911,3,0,4,0,0,1,0,2.69601444693,-400
exec27_edge_x-400,3,15167,4,0,7,0,0,1,0,2.47223685376,-400
exec27_edge_x-400,42,17274,1,0,8,0,0,1,0,5.43407179848,-400
exec27_edge_x-400,33,15325,7,0,11,2,0,1,1,2.62043631278,-400
exec27_edge_x-400,24,16718,2,0,1,0,0,1,0,3.49361667349,-400
exec27_edge_x-400,45,17136,4,0,19,3,0,1,1,5.70293919884,-400
exec27_edge_x-400,42,17269,5,0,23,3,0,1,1,4.66944936201,-400
exec27_edge_x-400,33,15309,7,0,1,0,0,1,0,4.76591254931,-400
exec27_edge_x-400,30,16138,1,0,8,0,0,1,0,6.53849519969,-400
exec27_edge_x-400,15,15457,4,0,18,9,0,1,1,5.21735670297,-400
exec27_edge_x-400,30,16123,1,0,13,0,0,1,1,3.59638377482,-400
exec27_edge_x-400,18,17237,0,0,12,4,0,1,1,4.13784978808,-400
exec27_edge_x-400,18,17235,7,0,8,3,0,1,1,10.7185068784,-400
exec27_edge_x-400,0,14855,0,0,6,0,0,1,0,3.7809933647,-400
exec27_edge_x-400,15,15438,0,0,23,8,0,1,1,3.39763017701,-400
exec27_edge_x-400,45,17079,4,0,15,4,0,1,1,4.676954828,-400
exec27_edge_x-400,27,17943,1,0,10,0,0,1,0,4.96394175343,-400
exec27_edge_x-400,39,15785,6,0,1,0,0,1,0,2.28792518733,-400
exec27_edge_x-400,42,17218,0,0,8,0,0,1,0,7.75262783912,-400
exec27_edge_x-400,27,17939,6,0,1,0,0,1,0,4.11309044519,-400
exec27_edge_x-400,42,17210,3,0,22,2,0,1,1,4.43322666192,-400
exec27_edge_x-400,39,15777,3,0,10,0,0,1,1,2.51555251946,-400
exec27_edge_x-400,39,15768,2,0,12,2,0,1,1,2.38176578536,-400
exec27_edge_x-400,39,15761,8,1,14,0,0,1,1,4.91074323602,-400
exec27_edge_x-400,45,17046,0,0,5,0,0,1,0,2.8470092352,-400
exec27_edge_x-400,3,15056,5,0,6,0,0,1,1,1.57292073689,-400
exec27_edge_x-400,12,15053,0,0,0,0,0,0,0,5.10815371469,-400
exec27_edge_x-400,12,15052,2,0,0,0,0,0,0,3.68207678724,-400
exec27_edge_x-400,24,16613,4,0,10,4,0,1,1,2.90049960806,-400
exec27_edge_x-400,45,17033,6,0,13,0,0,1,0,3.80485534878,-400
exec27_edge_x-400,0,14790,7,0,14,3,0,1,1,1.62696445509,-400
exec27_edge_x-400,15,15380,6,0,31,18,0,1,1,5.92787622921,-400
exec27_edge_x-400,39,15721,2,0,4,0,0,1,0,3.42483990636,-400
exec27_edge_x-400,27,17868,0,0,2,2,0,1,1,4.89851923825,-400
exec27_edge_x-400,33,15219,2,0,18,9,0,1,1,3.7557363731,-400
exec27_edge_x-400,33,15217,7,0,8,2,0,1,1,6.10537065298,-400
exec27_edge_x-400,39,15718,6,0,8,0,0,1,0,12.2509447939,-400
exec27_edge_x-400,9,14651,4,0,8,0,0,1,0,4.52846989831,-400
exec27_edge_x-400,6,16342,2,0,11,0,0,1,0,2.21636758056,-400
exec27_edge_x-400,39,15709,5,0,15,0,0,1,0,2.99757167647,-400
exec27_edge_x-400,39,15704,4,0,12,3,0,1,1,4.56954551313,-400
exec27_edge_x-400,9,14644,6,0,6,0,0,1,0,2.63735105682,-400
exec27_edge_x-400,21,16636,6,0,8,0,0,1,0,3.71787428245,-400
exec27_edge_x-400,24,16545,6,0,8,1,0,1,1,2.43651970548,-400
exec27_edge_x-400,39,15689,6,0,12,4,0,1,1,2.65312780014,-400
exec27_edge_x-400,3,17268,5,0,11,0,0,1,0,6.92249440788,-400
exec27_edge_x-400,39,15683,1,0,10,0,0,1,0,5.38294724475,-400
exec27_edge_x-400,12,14960,1,0,6,0,0,1,0,1.30353664,-400
exec27_edge_x-400,27,17813,7,0,20,1,0,1,1,3.18660391997,-400
exec27_edge_x-400,24,16529,6,0,12,3,0,1,1,4.02891642443,-400
exec27_edge_x-400,15,15298,0,0,4,0,0,1,0,4.04549772349,-400
exec27_edge_x-400,27,17793,7,0,20,10,0,1,1,2.51356206886,-400
exec27_edge_x-400,12,18940,1,0,16,2,0,1,1,3.54728989215,-400
exec27_edge_x-400,12,18922,0,0,16,0,0,1,0,4.72803884744,-400
exec27_edge_x-400,3,17227,3,0,16,3,0,1,1,2.04346539725,-400
exec27_edge_x-400,3,17291,3,0,0,0,0,0,0,2.6257404389,-400
exec27_edge_x-400,45,16904,1,0,0,0,0,1,0,3.24537505295,-400
exec27_edge_x-400,21,16563,2,0,8,2,0,1,1,2.49281439856,-400
exec27_edge_x-400,39,15624,3,0,11,1,0,1,1,3.3553552722,-400
exec27_edge_x-400,45,16895,0,0,11,2,0,1,1,5.06063213031,-400
exec27_edge_x-400,6,16227,5,0,0,0,0,1,0,4.80135048459,-400
exec27_edge_x-400,33,15038,3,0,8,0,0,1,1,1.36611147301,-400
exec27_edge_x-400,18,16994,3,0,27,9,0,1,1,6.98750962562,-400
exec27_edge_x-400,15,15192,3,0,8,0,0,1,0,1.49211773827,-400
exec27_edge_x-400,18,16983,2,0,10,0,0,1,0,3.02263458622,-400
exec27_edge_x-400,12,18872,5,0,6,3,0,1,1,3.71633663768,-400
exec27_edge_x-400,3,17172,7,0,16,0,0,1,1,4.35695378107,-400
exec27_edge_x-400,0,16853,3,0,11,17,0,1,1,3.14109470822,-400
exec27_edge_x-400,0,16849,2,0,10,0,0,1,0,2.48141327527,-400
exec27_edge_x-400,15,18924,7,0,11,0,0,1,0,2.35875098918,-400
exec27_edge_x-400,21,16487,4,0,6,0,0,1,1,4.34004714275,-400
exec27_edge_x-400,33,17923,0,0,5,0,0,1,0,3.22913537013,-400
exec27_edge_x-400,15,18919,0,0,9,1,0,1,1,3.03882613753,-400
exec27_edge_x-400,45,16820,1,0,17,0,0,1,1,2.76753395443,-400
exec27_edge_x-400,3,17147,7,0,7,0,0,1,1,2.18578056824,-400
exec27_edge_x-400,21,16467,7,0,0,0,0,1,0,7.9936565647,-400
exec27_edge_x-400,21,17377,7,0,0,0,0,0,0,12.2592209604,-400
exec27_edge_x-400,6,16687,4,0,9,0,0,1,0,1.81589563034,-400
exec27_edge_x-400,12,18831,7,0,21,7,0,1,1,2.88094058255,-400
exec27_edge_x-400,0,16816,4,0,10,3,0,1,1,2.14095125281,-400
exec27_edge_x-400,3,17134,3,0,8,0,0,1,0,9.42311676519,-400
exec27_edge_x-400,15,18900,3,0,5,0,0,1,0,4.41064659514,-400
exec27_edge_x-400,27,17674,2,0,13,2,0,1,1,2.33153399884,-400
exec27_edge_x-400,12,18815,7,0,13,8,0,1,1,2.63819436221,-400
exec27_edge_x-400,12,18805,7,0,5,0,0,1,0,2.87252823254,-400
exec27_edge_x-400,30,15807,0,0,0,0,0,1,0,6.76323237298,-400
exec27_edge_x-400,27,17654,10,1,8,0,0,1,0,6.37911844106,-400
exec27_edge_x-400,24,16347,7,0,21,11,0,1,1,7.97668216085,-400
exec27_edge_x-400,37,771,1,0,12,2,0,1,1,2.02557231061,-400
exec27_edge_x-400,42,16887,1,0,3,0,0,1,0,2.52024930461,-400
exec27_edge_x-400,42,16880,2,0,3,0,0,1,1,3.04787783587,-400
exec27_edge_x-400,45,16741,7,0,6,0,0,1,0,1.74770757582,-400
exec27_edge_x-400,21,16404,1,0,17,3,0,1,1,3.00483607792,-400
exec27_edge_x-400,24,16326,1,0,16,0,0,1,0,2.90168048835,-400
exec27_edge_x-400,45,16733,1,0,1,0,0,1,0,4.99039468131,-400
exec27_edge_x-400,0,16753,1,0,14,2,0,1,1,2.00148361524,-400
exec27_edge_x-400,42,16857,6,0,6,0,0,1,0,1.95907097914,-400
exec27_edge_x-400,21,16393,7,0,19,4,0,1,1,4.27040513942,-400
exec27_edge_x-400,21,16389,2,0,4,0,0,1,0,3.87268768444,-400
exec27_edge_x-400,18,16852,1,0,4,0,0,1,0,3.35760772566,-400
exec27_edge_x-400,6,18199,1,0,3,7,0,1,1,4.31383350634,-400
exec27_edge_x-400,45,16703,2,0,11,2,0,1,1,2.54025704152,-400
exec27_edge_x-400,27,17597,0,0,0,0,0,1,0,3.51174971572,-400
exec27_edge_x-400,9,17053,2,0,0,0,0,1,0,1.8734315893,-400
exec27_edge_x-400,37,712,7,0,4,2,0,1,1,5.88223270872,-400
exec27_edge_x-400,21,16363,6,0,4,0,0,1,0,2.30359598908,-400
exec27_edge_x-400,45,16678,6,0,1,0,0,1,1,1.90046385156,-400
exec27_edge_x-400,15,18782,3,0,2,0,0,1,0,5.22856131968,-400
exec27_edge_x-400,21,16354,3,0,17,9,0,1,1,2.76742176275,-400
exec27_edge_x-400,30,15696,2,0,16,3,0,1,1,3.28071514793,-400
exec27_edge_x-400,15,18770,3,0,0,0,0,1,0,3.38531615007,-400
exec27_edge_x-400,37,673,3,0,19,2,0,1,1,4.02365335789,-400
exec27_edge_x-400,6,18159,7,0,8,0,0,1,0,4.05149938844,-400
exec27_edge_x-400,27,17554,15,1,4,0,0,1,0,5.64993261164,-400
exec27_edge_x-400,15,18753,5,0,14,0,0,1,0,7.29615738408,-400
exec27_edge_x-400,12,18677,0,0,23,10,0,1,1,4.39957862926,-400
exec27_edge_x-400,9,17019,1,0,14,2,0,1,1,3.63644369411,-400
exec27_edge_x-400,24,16251,7,0,5,0,0,1,0,3.4329432958,-400
exec27_edge_x-400,3,17002,2,0,5,3,0,1,1,3.15183545558,-400
exec27_edge_x-400,30,15671,1,0,4,0,0,1,0,5.96795046986,-400
exec27_edge_x-400,18,16793,2,0,0,0,0,1,0,4.44732119139,-400
exec27_edge_x-400,3,16994,0,0,21,5,0,1,1,1.9266210931,-400
exec27_edge_x-400,18,16785,7,0,9,0,0,1,1,3.31460951268,-400
exec27_edge_x-400,15,18737,5,0,16,2,0,1,1,2.49893373279,-400
exec27_edge_x-400,37,649,7,0,20,3,0,1,1,5.39199476257,-400
exec27_edge_x-400,12,18649,4,0,5,0,0,1,0,3.03712555297,-400
exec27_edge_x-400,12,18948,4,0,0,0,0,0,0,3.38977467169,-400
exec27_edge_x-400,30,15648,14,1,14,0,0,1,1,6.10029119968,-400
exec27_edge_x-400,39,18235,6,0,1,0,0,1,0,2.78610711991,-400
exec27_edge_x-400,45,16621,5,0,2,0,0,1,0,6.55448442863,-400
exec27_edge_x-400,18,16772,3,0,6,0,0,1,0,2.71200581342,-400
exec27_edge_x-400,18,17755,3,0,0,0,0,0,0,5.03658083199,-400
exec27_edge_x-400,24,16223,0,0,11,2,0,1,1,5.08908036815,-400
exec27_edge_x-400,21,16300,5,0,6,5,0,1,1,2.96102901174,-400
exec27_edge_x-400,6,18108,0,0,6,0,0,1,1,2.19883034028,-400
exec27_edge_x-400,21,16291,3,0,14,0,0,1,0,1.9379017776,-400
exec27_edge_x-400,21,16283,3,0,0,0,0,1,0,2.39174219455,-400
exec27_edge_x-400,33,17703,4,0,9,0,0,1,0,1.83384507703,-400
exec27_edge_x-400,1,1797,6,0,5,0,0,1,0,1.58516566602,-400
exec27_edge_x-400,27,17472,6,0,0,0,0,1,0,5.15302598171,-400
exec27_edge_x-400,21,16255,0,0,8,0,0,1,0,3.09218533214,-400
exec27_edge_x-400,27,17467,3,0,2,0,0,1,0,3.72728468313,-400
exec27_edge_x-400,12,18575,5,0,13,0,0,1,0,2.99095772937,-400
exec27_edge_x-400,12,18568,2,0,3,0,0,1,0,3.14092453641,-400
exec27_edge_x-400,42,16688,3,0,4,0,0,1,1,1.68194557579,-400
exec27_edge_x-400,6,18044,2,0,13,0,0,1,0,4.45838562654,-400
exec27_edge_x-400,42,16680,7,0,9,0,0,1,0,2.1208462983,-400
exec27_edge_x-400,18,16695,5,0,8,1,0,1,1,5.77974400094,-400
exec27_edge_x-400,30,15557,7,0,4,0,0,1,0,2.04605516881,-400
exec27_edge_x-400,39,18150,5,0,23,5,0,1,1,3.57844718631,-400
exec27_edge_x-400,39,18143,7,0,4,0,0,1,0,1.93413278607,-400
exec27_edge_x-400,15,18633,4,0,9,1,0,1,1,3.20570488034,-400
exec27_edge_x-400,37,552,7,0,5,0,0,1,0,5.17040525082,-400
exec27_edge_x-400,24,16133,5,0,22,3,0,1,1,1.98769308413,-400
exec27_edge_x-400,18,16667,7,0,3,0,0,1,0,3.11203287581,-400
exec27_edge_x-400,18,16660,5,0,8,0,0,1,1,4.08334224692,-400
exec27_edge_x-400,15,18611,3,0,2,0,0,1,0,2.15202846182,-400
exec27_edge_x-400,3,16864,3,0,15,3,0,1,1,7.96810696153,-400
exec27_edge_x-400,12,18505,7,0,9,5,0,1,1,2.9509741907,-400
exec27_edge_x-400,45,16481,4,0,11,0,0,1,0,1.79768819976,-400
exec27_edge_x-400,1,1698,1,0,8,1,0,1,1,3.11106158,-400
exec27_edge_x-400,39,18108,3,0,13,0,0,1,1,4.36644139672,-400
exec27_edge_x-400,30,15500,5,0,11,5,0,1,1,5.77422373001,-400
exec27_edge_x-400,33,17587,1,0,31,21,0,1,1,3.30484062578,-400
exec27_edge_x-400,37,489,2,0,1,0,0,1,0,3.32037288466,-400
exec27_edge_x-400,33,17586,0,0,16,16,0,1,1,8.7369202593,-400
exec27_edge_x-400,6,17959,6,0,12,0,0,1,1,3.21674248333,-400
exec27_edge_x-400,42,16604,7,0,8,0,0,1,0,5.47033265569,-400
exec27_edge_x-400,1,1666,5,0,5,0,0,1,0,4.16111588552,-400
exec27_edge_x-400,3,16821,3,0,2,0,0,1,0,1.36174493242,-400
exec27_edge_x-400,37,455,11,1,14,2,0,1,1,7.02405059909,-400
exec27_edge_x-400,21,16107,0,0,6,0,0,1,0,3.47806096698,-400
exec27_edge_x-400,37,426,7,0,13,0,0,1,0,2.26584838896,-400
exec27_edge_x-400,45,16406,2,0,7,0,0,1,0,8.25476439051,-400
exec27_edge_x-400,33,17523,12,1,4,0,0,1,0,5.26090912548,-400
exec27_edge_x-400,15,18505,2,0,7,0,0,1,0,1.46837329691,-400
exec27_edge_x-400,10,1810,5,0,12,2,0,1,1,10.794638514,-400
exec27_edge_x-400,1,1614,10,1,25,2,0,1,1,5.27790686115,-400
exec27_edge_x-400,24,15991,0,0,1,0,0,1,0,1.29408966215,-400
exec27_edge_x-400,42,16540,1,0,14,2,0,1,1,2.65182444649,-400
exec27_edge_x-400,37,401,6,0,11,0,0,1,0,3.04170454729,-400
exec27_edge_x-400,21,16080,7,0,3,0,0,1,1,5.04589332869,-400
exec27_edge_x-400,21,16075,0,0,6,0,0,1,1,2.15916944011,-400
exec27_edge_x-400,1,1583,8,1,11,0,0,1,0,4.80182153402,-400
exec27_edge_x-400,12,18372,7,0,8,0,0,1,0,2.62308122871,-400
exec27_edge_x-400,39,17956,7,0,9,6,0,1,1,3.78749121695,-400
exec27_edge_x-400,3,16710,7,0,7,0,0,1,0,4.55108609182,-400
exec27_edge_x-400,1,1558,7,0,11,1,0,1,1,3.20682484938,-400
exec27_edge_x-400,37,354,4,0,13,0,0,1,0,3.25670300115,-400
exec27_edge_x-400,21,16035,5,0,1,0,0,1,0,3.17294410405,-400
exec27_edge_x-400,21,16033,2,0,15,0,0,1,1,2.25218653879,-400
exec27_edge_x-400,24,17683,3,0,19,0,0,1,0,2.64049299628,-400
exec27_edge_x-400,39,17907,3,0,2,0,0,1,0,6.35383534,-400
exec27_edge_x-400,3,16686,1,0,16,0,0,1,1,2.78668440087,-400
exec27_edge_x-400,1,1542,4,0,11,2,0,1,1,4.19976841916,-400
exec27_edge_x-400,6,17836,7,0,10,0,0,1,0,3.96177622828,-400
exec27_edge_x-400,33,17443,5,0,0,0,0,1,0,4.57374664372,-400
exec27_edge_x-400,27,17204,3,0,0,0,0,1,0,3.52454989591,-400
exec27_edge_x-400,33,17438,2,0,0,0,0,1,0,3.42338661492,-400
exec27_edge_x-400,15,18421,2,0,9,0,0,1,0,2.73783734799,-400
exec27_edge_x-400,10,1715,5,0,17,0,0,1,0,2.94937473436,-400
exec27_edge_x-400,3,16663,6,0,1,0,0,1,0,7.82420850178,-400
exec27_edge_x-400,27,17183,4,0,0,0,0,1,0,5.7018154446,-400
exec27_edge_x-400,39,17860,0,0,4,0,0,1,0,2.70871901891,-400
exec27_edge_x-400,27,17171,7,0,1,0,0,1,0,3.03569597115,-400
exec27_edge_x-400,27,17165,1,0,23,5,0,1,1,5.83247510116,-400
exec27_edge_x-400,21,15979,7,0,10,0,0,1,0,5.02520147126,-400
exec27_edge_x-400,15,18397,6,0,32,13,0,1,1,3.51037933034,-400
exec27_edge_x-400,37,281,2,0,5,0,0,1,1,4.66742156946,-400
exec27_edge_x-400,1,1485,0,0,10,0,0,1,0,2.02529027422,-400
exec27_edge_x-400,10,1668,14,1,17,0,0,1,1,5.32034164429,-400
exec27_edge_x-400,42,16418,7,0,14,2,0,1,1,5.6324020176,-400
exec27_edge_x-400,12,18246,3,0,13,0,0,1,0,7.25688569396,-400
exec27_edge_x-400,24,17572,0,0,0,0,0,1,0,6.72666185606,-400
exec27_edge_x-400,1,1459,5,0,2,0,0,1,0,4.77935505686,-400
exec27_edge_x-400,27,17125,1,0,11,0,0,1,0,4.1676651791,-400
exec27_edge_x-400,4,1742,2,0,32,4,0,1,1,8.83758505335,-400
exec27_edge_x-400,37,248,4,0,16,2,0,1,1,3.62576250533,-400
exec27_edge_x-400,18,16371,1,0,7,0,0,1,1,2.99881963467,-400
exec27_edge_x-400,18,16367,0,0,14,0,0,1,0,3.38586302582,-400
exec27_edge_x-400,12,18220,7,0,7,0,0,1,0,2.52618090225,-400
exec27_edge_x-400,18,16364,3,0,7,0,0,1,0,2.76814758216,-400
exec27_edge_x-400,10,1608,0,0,1,0,0,1,0,2.55632262741,-400
exec27_edge_x-400,39,17784,3,0,16,0,0,1,0,2.81771624464,-400
exec27_edge_x-400,42,16376,12,1,30,3,0,1,1,6.27707409746,-400
exec27_edge_x-400,33,17337,6,0,3,0,0,1,0,4.61392217825,-400
exec27_edge_x-400,39,17752,2,0,5,1,0,1,1,4.74580670271,-400
exec27_edge_x-400,18,16333,6,0,3,0,0,1,1,1.6421511481,-400
exec27_edge_x-400,33,17324,15,1,20,2,0,1,1,6.09633618855,-400
exec27_edge_x-400,42,16348,1,0,11,6,0,1,1,9.78342613504,-400
exec27_edge_x-400,18,16321,7,0,0,0,0,1,0,4.19848124694,-400
exec27_edge_x-400,18,17759,7,0,0,0,0,0,0,9.26635660179,-400
exec27_edge_x-400,39,17735,0,0,2,0,0,1,0,1.96402073311,-400
exec27_edge_x-400,18,16315,2,0,5,0,0,1,0,2.68506721924,-400
exec27_edge_x-400,45,16158,9,1,3,0,0,1,0,5.69474077563,-400
exec27_edge_x-400,37,196,5,0,9,0,0,1,1,3.69209653243,-400
exec27_edge_x-400,4,1671,6,0,3,0,0,1,0,3.49361008291,-400
exec27_edge_x-400,12,18146,2,0,13,1,0,1,1,5.58220256787,-400
exec27_edge_x-400,10,1526,7,0,4,0,0,1,0,1.98223742956,-400
exec27_edge_x-400,39,17703,3,0,5,0,0,1,0,4.89633277763,-400
exec27_edge_x-400,42,16302,4,0,11,2,0,1,1,2.80545049127,-400
exec27_edge_x-400,1,1350,2,0,3,0,0,1,0,2.01319605223,-400
exec27_edge_x-400,24,17451,2,0,22,9,0,1,1,3.84473102066,-400
exec27_edge_x-400,15,18253,0,0,9,2,0,1,1,3.3368597831,-400
exec27_edge_x-400,39,17696,2,0,7,0,0,1,1,3.41953877378,-400
exec27_edge_x-400,21,17665,0,0,10,0,0,1,0,2.63180744932,-400
exec27_edge_x-400,42,16290,0,0,9,3,0,1,1,4.31309838331,-400
exec27_edge_x-400,15,18240,4,0,12,0,0,1,1,3.74367761548,-400
exec27_edge_x-400,10,1508,7,0,14,4,0,1,1,4.00467668271,-400
exec27_edge_x-400,27,17021,5,0,7,0,0,1,0,5.10170554629,-400
exec27_edge_x-400,6,17625,2,0,6,0,0,1,0,3.35955246364,-400
exec27_edge_x-400,37,150,3,0,24,2,0,1,1,4.62700956472,-400
exec27_edge_x-400,30,19120,7,0,6,1,0,1,1,2.95323392533,-400
exec27_edge_x-400,30,19118,1,0,15,0,0,1,0,3.49021535955,-400
exec27_edge_x-400,33,17253,0,0,2,0,0,1,0,2.64363595662,-400
exec27_edge_x-400,37,141,3,0,11,6,0,1,1,6.6612682813,-400
exec27_edge_x-400,12,18092,5,0,14,0,0,1,0,15.8417509359,-400
exec27_edge_x-400,21,17632,1,0,7,0,0,1,1,4.85426178705,-400
exec27_edge_x-400,27,17000,5,0,4,0,0,1,0,1.82471364351,-400
exec27_edge_x-400,27,17988,5,0,0,0,0,0,0,3.24043139827,-400
exec27_edge_x-400,21,17631,4,0,24,8,0,1,1,3.04706061804,-400
exec27_edge_x-400,1,1312,7,0,20,2,0,1,1,3.08445876269,-400
exec27_edge_x-400,18,16244,6,0,10,0,0,1,1,4.03448612008,-400
exec27_edge_x-400,37,123,6,0,1,0,0,1,0,3.98243230605,-400
exec27_edge_x-400,6,17605,4,0,5,0,0,1,1,8.10758868363,-400
exec27_edge_x-400,24,17394,7,0,6,3,0,1,1,5.69861741464,-400
exec27_edge_x-400,42,18790,7,0,0,0,0,1,0,5.0674529864,-400
exec27_edge_x-400,15,18200,0,0,4,0,0,1,0,2.56877440879,-400
exec27_edge_x-400,6,17577,3,0,3,0,0,1,0,3.4668287239,-400
exec27_edge_x-400,6,17575,6,0,22,2,0,1,1,5.09086002633,-400
exec27_edge_x-400,1,1275,5,0,7,0,0,1,0,9.73722170276,-400
exec27_edge_x-400,12,18037,6,0,11,2,0,1,1,7.58721543803,-400
exec27_edge_x-400,10,1420,4,0,7,0,0,1,0,2.73815874807,-400
exec27_edge_x-400,1,1267,1,0,0,0,0,0,0,6.05109871375,-400
exec27_edge_x-400,4,1546,2,0,15,3,0,1,1,1.68491286005,-400
exec27_edge_x-400,42,18745,6,0,4,1,0,1,1,1.69629679544,-400
exec27_edge_x-400,6,17543,0,0,10,3,1,1,1,1.78600687816,-400
exec27_edge_x-400,18,16147,4,0,4,0,0,1,0,1.29654202989,-400
exec27_edge_x-400,33,17176,4,0,6,0,0,1,1,3.37067752814,-400
exec27_edge_x-400,6,17539,1,0,10,0,0,1,0,1.93362249226,-400
exec27_edge_x-400,27,16922,6,0,1,0,0,1,0,1.60392905926,-400
exec27_edge_x-400,37,28,1,0,20,0,0,1,1,1.65845756948,-400
exec27_edge_x-400,10,1407,4,0,6,0,0,1,0,2.86117916453,-400
exec27_edge_x-400,27,16920,2,0,9,0,0,1,0,6.79266208985,-400
exec27_edge_x-400,1,1245,3,0,12,9,0,1,1,4.76579773332,-400
exec27_edge_x-400,21,17536,7,0,10,0,0,1,0,2.73018177687,-400
exec27_edge_x-400,25,1420,5,0,6,0,0,1,0,2.96255539877,-400
exec27_edge_x-400,30,18995,5,0,22,0,0,1,1,4.25236159172,-400
exec27_edge_x-400,10,1367,4,0,11,0,0,1,1,3.78469372117,-400
exec27_edge_x-400,33,17129,0,0,11,5,0,1,1,3.42759201649,-400
exec27_edge_x-400,33,17989,0,0,0,0,0,0,0,4.33322276221,-400
exec27_edge_x-400,18,18127,5,0,1,0,0,1,0,3.57445709321,-400
exec27_edge_x-400,37,3238,5,0,18,4,0,1,1,4.56823628781,-400
exec27_edge_x-400,42,18694,6,0,2,0,0,1,0,4.07021028039,-400
exec27_edge_x-400,37,3234,6,0,7,0,0,1,0,1.44748816867,-400
exec27_edge_x-400,45,19014,1,0,3,0,0,1,0,3.76795994691,-400
exec27_edge_x-400,42,18679,0,0,2,0,0,1,0,10.2061750422,-400
exec27_edge_x-400,33,17094,7,0,14,3,0,1,1,2.22250784246,-400
exec27_edge_x-400,18,18086,1,0,1,0,0,1,0,6.9273846127,-400
exec27_edge_x-400,6,17448,1,0,12,1,0,1,1,9.73025475984,-400
exec27_edge_x-400,4,1489,1,0,0,0,0,1,1,2.13044317761,-400
exec27_edge_x-400,45,19001,3,0,5,1,0,1,1,3.1856143964,-400
exec27_edge_x-400,39,17527,0,0,5,1,0,1,1,3.01500240226,-400
exec27_edge_x-400,15,18090,0,0,9,3,0,1,1,5.04672129201,-400
exec27_edge_x-400,33,17080,0,0,4,0,0,1,0,6.74595866566,-400
exec27_edge_x-400,30,18933,2,0,6,0,0,1,0,2.80820538319,-400
exec27_edge_x-400,42,18656,1,0,9,0,0,1,0,7.11444922475,-400
exec27_edge_x-400,21,17456,0,0,6,0,0,1,0,1.92697074893,-400
exec27_edge_x-400,1,1144,7,0,8,11,0,1,1,2.63262213621,-400
exec27_edge_x-400,39,17491,7,0,8,7,0,1,1,3.25769896928,-400
exec27_edge_x-400,37,3182,5,0,7,0,0,1,1,1.99788040428,-400
exec27_edge_x-400,39,17476,4,0,1,0,0,1,0,1.85423304194,-400
exec27_edge_x-400,27,16788,7,0,13,0,0,1,1,2.63851332677,-400
exec27_edge_x-400,33,17049,7,0,15,4,0,1,1,3.18478363336,-400
exec27_edge_x-400,42,18622,4,0,15,4,0,1,1,1.6981285887,-400
exec27_edge_x-400,21,17431,7,0,10,0,0,1,0,8.26323464093,-400
exec27_edge_x-400,25,1311,0,0,17,2,0,1,1,2.05403265072,-400
exec27_edge_x-400,39,17468,2,0,17,0,0,1,0,5.16242053774,-400
exec27_edge_x-400,42,18614,2,0,3,0,0,1,0,2.04242279186,-400
exec27_edge_x-400,27,16780,5,0,8,0,0,1,0,1.93057581917,-400
exec27_edge_x-400,21,17415,4,0,5,0,0,1,0,2.32390235483,-400
exec27_edge_x-400,37,3152,4,0,5,0,0,1,0,3.79543776397,-400
exec27_edge_x-400,42,18598,1,0,19,1,0,1,1,13.6125430544,-400
exec27_edge_x-400,18,17991,0,0,7,0,0,1,1,3.72812485158,-400
exec27_edge_x-400,42,18813,4,0,13,0,0,1,0,3.81407331636,-400
exec27_edge_x-400,27,16771,4,0,8,0,0,1,0,1.95369108533,-400
exec27_edge_x-400,12,17883,1,0,8,0,0,1,0,3.02754636891,-400
exec27_edge_x-400,45,18925,5,0,25,19,0,1,1,4.48539449638,-400
exec27_edge_x-400,39,17442,1,0,6,1,0,1,1,4.77785756068,-400
exec27_edge_x-400,25,1289,5,0,1,0,0,1,0,2.49845559318,-400
exec27_edge_x-400,39,17439,5,0,5,0,0,1,0,5.87781113668,-400
exec27_edge_x-400,45,18919,2,0,10,2,0,1,1,3.42924452543,-400
exec27_edge_x-400,25,1281,3,0,13,6,0,1,1,5.5839207999,-400
exec27_edge_x-400,18,17969,2,0,0,0,0,1,0,3.81814912593,-400
exec27_edge_x-400,37,3133,0,0,0,0,0,1,1,4.07924884432,-400
exec27_edge_x-400,1,1088,7,0,6,1,0,1,1,4.28325904417,-400
exec27_edge_x-400,12,17846,4,0,6,0,0,1,0,8.36061939291,-400
exec27_edge_x-400,42,18576,8,1,4,0,0,1,0,5.26774454436,-400
exec27_edge_x-400,37,3119,6,0,7,0,0,1,0,1.56171704551,-400
exec27_edge_x-400,25,1254,7,0,16,0,0,1,1,10.8491391745,-400
exec27_edge_x-400,22,1641,1,0,0,0,0,1,0,2.50558247618,-400
exec27_edge_x-400,37,3115,0,0,4,0,0,1,0,3.60618374124,-400
exec27_edge_x-400,18,17943,3,0,3,0,0,1,1,2.6804784793,-400
exec27_edge_x-400,6,17320,0,0,5,0,0,1,0,2.44769233053,-400
exec27_edge_x-400,27,16702,1,0,10,0,0,1,0,2.28509329434,-400
exec27_edge_x-400,10,1193,7,0,2,0,0,1,0,2.57386389456,-400
exec27_edge_x-400,10,1185,12,1,6,0,0,1,0,4.59451500424,-400
exec27_edge_x-400,33,16977,2,0,2,2,0,1,1,7.75553595429,-400
exec27_edge_x-400,6,17301,3,0,11,0,0,1,0,4.82713108805,-400
exec27_edge_x-400,45,18851,9,1,13,6,0,1,1,4.4464464863,-400
exec27_edge_x-400,39,17343,2,0,3,0,0,1,0,6.50783643673,-400
exec27_edge_x-400,37,3062,10,1,19,2,0,1,1,4.63363334519,-400
exec27_edge_x-400,42,18524,0,0,6,0,0,1,0,1.5567518814,-400
exec27_edge_x-400,27,16612,1,0,8,0,0,1,0,1.29913314528,-400
exec27_edge_x-400,27,16609,2,0,8,0,0,1,0,1.39403938219,-400
exec27_edge_x-400,25,1173,7,0,9,0,0,1,0,1.97859506017,-400
exec27_edge_x-400,18,17866,5,0,8,1,0,1,1,2.80352732211,-400
exec27_edge_x-400,12,17761,0,0,16,0,0,1,0,4.09230906309,-400
exec27_edge_x-400,10,1125,2,0,5,2,0,1,1,4.01135620752,-400
exec27_edge_x-400,25,1451,4,0,1,0,0,1,0,3.82032137489,-400
exec27_edge_x-400,1,986,0,0,11,1,0,1,1,2.10153045814,-400
exec27_edge_x-400,33,16896,7,0,0,0,0,0,0,1.95365896194,-400
exec27_edge_x-400,15,17882,3,0,1,0,0,1,0,2.79449800482,-400
exec27_edge_x-400,4,1272,4,0,9,2,0,1,1,4.29239269774,-400
exec27_edge_x-400,12,17736,2,0,15,5,0,1,1,4.91178520196,-400
exec27_edge_x-400,25,1138,3,0,14,3,0,1,1,2.76710324554,-400
exec27_edge_x-400,18,17835,0,0,8,0,0,1,1,1.89729077641,-400
exec27_edge_x-400,15,17872,4,0,13,1,0,1,1,2.2123060287,-400
exec27_edge_x-400,30,18704,4,0,7,0,0,1,0,3.03265139139,-400
exec27_edge_x-400,42,18459,6,0,6,2,0,1,1,4.91331224605,-400
exec27_edge_x-400,1,949,2,0,18,4,0,1,1,2.39043458298,-400
exec27_edge_x-400,45,18765,0,0,1,0,0,1,0,2.67261096199,-400
exec27_edge_x-400,22,1505,5,0,7,0,0,1,0,8.78198837417,-400
exec27_edge_x-400,18,17807,6,0,5,0,0,1,0,2.55009161379,-400
exec27_edge_x-400,6,17189,3,0,9,3,0,1,1,1.9498042127,-400
exec27_edge_x-400,25,1097,5,0,32,16,0,1,1,2.78307086874,-400
exec27_edge_x-400,27,18260,3,0,4,0,0,1,0,3.83203431653,-400
exec27_edge_x-400,33,16847,7,0,7,0,0,1,1,5.66046839492,-400
exec27_edge_x-400,12,17669,2,0,1,0,0,1,0,2.50068944489,-400
exec27_edge_x-400,25,1079,6,0,2,0,0,1,0,1.66162840853,-400
exec27_edge_x-400,6,17156,2,0,15,0,0,1,0,8.06330974602,-400
exec27_edge_x-400,18,17771,9,1,23,0,0,1,1,4.1298828713,-400
exec27_edge_x-400,42,18418,5,0,14,0,0,1,0,9.05844067348,-400
exec27_edge_x-400,39,17229,1,0,20,5,0,1,1,3.42976937679,-400
exec27_edge_x-400,6,17154,3,0,4,1,0,1,1,1.9278953974,-400
exec27_edge_x-400,45,18715,7,0,8,0,0,1,0,6.07999665946,-400
exec27_edge_x-400,10,1027,3,0,8,5,0,1,1,3.65174418598,-400
exec27_edge_x-400,19,1470,6,0,9,0,0,1,0,1.8315293517,-400
exec27_edge_x-400,37,2904,2,0,3,0,0,1,0,2.85084795563,-400
exec27_edge_x-400,12,17619,2,0,3,0,0,1,0,3.61596393369,-400
exec27_edge_x-400,1,885,5,0,22,9,0,1,1,2.79860829343,-400
exec27_edge_x-400,33,16794,3,0,2,0,0,1,0,5.43776605,-400
exec27_edge_x-400,39,17187,0,0,26,2,0,1,1,2.56720815042,-400
exec27_edge_x-400,27,18190,6,0,10,0,0,1,0,6.66895204604,-400
exec27_edge_x-400,19,1438,15,1,5,0,0,1,0,9.94434923521,-400
exec27_edge_x-400,15,17769,2,0,14,4,0,1,1,3.82133185933,-400
exec27_edge_x-400,19,1426,3,0,16,2,0,1,1,2.79892096807,-400
exec27_edge_x-400,19,1416,1,0,11,4,0,1,1,7.33501643129,-400
exec27_edge_x-400,4,1112,0,0,9,0,0,1,0,3.55240015449,-400
exec27_edge_x-400,30,18567,0,0,11,0,0,1,0,2.60768245312,-400
exec27_edge_x-400,12,17571,5,0,4,0,0,1,0,4.45568117857,-400
exec27_edge_x-400,22,1400,7,0,17,0,0,1,0,5.07538091771,-400
exec27_edge_x-400,42,18318,2,0,12,5,0,1,1,2.35752666201,-400
exec27_edge_x-400,37,2853,1,0,15,4,0,1,1,3.11369559623,-400
exec27_edge_x-400,4,1099,3,0,10,2,0,1,1,2.49650118664,-400
exec27_edge_x-400,1,822,3,0,6,0,0,1,0,4.77363693954,-400
exec27_edge_x-400,42,18304,1,0,18,4,0,1,1,2.95709360586,-400
exec27_edge_x-400,42,18299,3,0,2,0,0,1,0,2.11289439211,-400
exec27_edge_x-400,1,800,3,0,8,3,0,1,1,4.24116239095,-400
exec27_edge_x-400,25,966,1,0,10,2,0,1,1,3.59189380495,-400
exec27_edge_x-400,19,1359,7,0,7,3,0,1,1,11.2379139706,-400
exec27_edge_x-400,1,798,7,0,11,1,0,1,1,5.1883578257,-400
exec27_edge_x-400,45,18605,2,0,15,4,0,1,1,8.59036487666,-400
exec27_edge_x-400,1,789,4,0,11,1,0,1,1,2.24334379526,-400
exec27_edge_x-400,42,18287,3,0,5,0,0,1,0,4.01898249053,-400
exec27_edge_x-400,15,17689,6,0,4,0,0,1,0,2.13721443837,-400
exec27_edge_x-400,33,16700,1,0,8,2,0,1,1,1.61672181415,-400
exec27_edge_x-400,42,18281,14,1,4,0,0,1,0,5.40977399811,-400
exec27_edge_x-400,45,18589,7,0,9,2,0,1,1,1.99564737582,-400
exec27_edge_x-400,15,17678,4,0,8,1,0,1,1,2.50112122715,-400
exec27_edge_x-400,37,2804,3,0,4,0,0,1,0,2.14169913853,-400
exec27_edge_x-400,15,17655,1,0,4,0,0,1,0,2.80286630714,-400
exec27_edge_x-400,1,757,7,0,6,6,0,1,1,4.28516006329,-400
exec27_edge_x-400,1,754,1,0,19,6,0,1,1,2.40188926807,-400
exec27_edge_x-400,39,17051,0,0,10,0,0,1,0,2.11709485344,-400
exec27_edge_x-400,22,1301,6,0,32,7,0,1,1,3.54451286091,-400
exec27_edge_x-400,27,18036,1,0,10,0,0,1,0,2.6604237076,-400
exec27_edge_x-400,45,18526,5,0,8,2,0,1,1,3.1769868885,-400
exec27_edge_x-400,37,2765,3,0,23,0,0,1,0,9.61379848124,-400
exec27_edge_x-400,27,18035,10,1,38,7,0,1,1,6.51467377,-400
exec27_edge_x-400,4,992,3,0,4,0,0,1,0,4.53801326544,-400
exec27_edge_x-400,19,1288,3,0,14,2,0,1,1,2.24987457513,-400
exec27_edge_x-400,10,865,7,0,1,0,0,1,0,2.11309169837,-400
exec27_edge_x-400,37,2747,7,0,1,0,0,1,0,1.73004190786,-400
exec27_edge_x-400,6,16935,2,0,2,0,0,1,0,2.16839046852,-400
exec27_edge_x-400,42,18192,2,0,10,0,0,1,1,4.84539437861,-400
exec27_edge_x-400,39,17020,4,0,4,0,0,1,1,2.43365972346,-400
exec27_edge_x-400,45,18504,5,0,7,0,0,1,0,2.37246348335,-400
exec27_edge_x-400,22,1266,4,0,2,0,0,1,0,3.7385920213,-400
exec27_edge_x-400,25,875,7,0,9,0,0,1,0,2.42101232613,-400
exec27_edge_x-400,28,1555,9,1,11,0,0,1,0,4.4282206579,-400
exec27_edge_x-400,1,679,4,0,7,0,0,1,0,3.20916412478,-400
exec27_edge_x-400,28,1545,4,0,19,0,0,1,0,2.26097811275,-400
exec27_edge_x-400,15,17563,3,0,14,2,0,1,1,3.1305102711,-400
exec27_edge_x-400,12,17430,7,0,4,0,0,1,0,1.68041533531,-400
exec27_edge_x-400,1,659,1,0,5,0,0,1,0,1.98798241524,-400
exec27_edge_x-400,45,18444,7,0,4,0,0,1,0,3.47855963088,-400
exec27_edge_x-400,6,16876,2,0,8,1,0,1,1,3.50590723708,-400
exec27_edge_x-400,22,1230,6,0,2,0,0,1,0,4.11639488382,-400
exec27_edge_x-400,30,18356,5,0,5,0,0,1,0,2.94714823234,-400
exec27_edge_x-400,4,898,0,0,3,0,0,1,1,1.71870561056,-400
exec27_edge_x-400,37,2671,4,0,10,0,0,1,0,7.18115271235,-400
exec27_edge_x-400,39,16958,7,0,0,0,0,1,0,2.45602403403,-400
exec27_edge_x-400,28,1507,7,0,5,0,0,1,0,5.59483724122,-400
exec27_edge_x-400,6,16842,0,0,16,0,0,1,0,4.59678561031,-400
exec27_edge_x-400,15,17515,0,0,8,0,0,1,0,5.88185889573,-400
exec27_edge_x-400,45,18406,2,0,10,6,0,1,1,2.73135325103,-400
exec27_edge_x-400,15,17506,0,0,4,0,0,1,0,3.41528865862,-400
exec27_edge_x-400,39,16947,7,0,20,4,0,1,1,4.28567258688,-400
exec27_edge_x-400,15,17503,1,0,6,0,0,1,1,1.72144953969,-400
exec27_edge_x-400,15,17500,3,0,4,0,0,1,0,1.99278501678,-400
exec27_edge_x-400,33,19555,0,0,4,0,0,1,0,5.73489723765,-400
exec27_edge_x-400,42,18074,0,0,1,0,0,1,0,4.51248708866,-400
exec27_edge_x-400,4,864,4,0,4,0,0,1,0,3.69645129755,-400
exec27_edge_x-400,6,16806,6,0,7,2,0,1,1,2.03016517494,-400
exec27_edge_x-400,22,1167,2,0,8,0,0,1,0,3.38377918606,-400
exec27_edge_x-400,45,18364,0,0,7,3,0,1,1,3.70439016825,-400
exec27_edge_x-400,37,2623,0,0,17,9,0,1,1,3.2724436335,-400
exec27_edge_x-400,1,582,6,0,6,0,0,1,0,3.00452816723,-400
exec27_edge_x-400,30,18285,4,0,5,0,0,1,0,5.97281142976,-400
exec27_edge_x-400,12,17333,6,0,15,1,0,1,1,4.21661046635,-400
exec27_edge_x-400,1,562,7,0,5,0,0,1,0,2.73876940276,-400
exec27_edge_x-400,42,18022,6,0,8,0,0,1,0,8.14097800308,-400
exec27_edge_x-400,4,806,0,0,10,2,0,1,1,6.92234184828,-400
exec27_edge_x-400,37,2596,6,0,4,0,0,1,0,1.75320589871,-400
exec27_edge_x-400,4,805,3,0,23,5,0,1,1,2.58724187829,-400
exec27_edge_x-400,10,695,1,0,5,0,0,1,0,3.90347716547,-400
exec27_edge_x-400,22,1117,0,0,2,0,0,1,0,1.77267385898,-400
exec27_edge_x-400,4,800,3,0,5,0,0,1,0,7.60537133195,-400
exec27_edge_x-400,19,1117,3,0,0,0,0,1,0,5.35239257937,-400
exec27_edge_x-400,25,720,9,1,40,5,0,1,1,6.03829890798,-400
exec27_edge_x-400,42,18002,13,1,7,2,0,1,1,4.85251697112,-400
exec27_edge_x-400,42,17998,3,0,13,0,0,1,0,2.03140929971,-400
exec27_edge_x-400,22,1102,2,0,15,2,0,1,1,1.98254473337,-400
exec27_edge_x-400,42,17996,6,0,6,0,0,1,0,2.71741163592,-400
exec27_edge_x-400,15,17416,2,0,27,6,0,1,1,2.36372468956,-400
exec27_edge_x-400,30,18234,3,0,1,0,0,1,0,1.7755964249,-400
exec27_edge_x-400,19,1088,0,0,16,0,0,1,0,5.51622996926,-400
exec27_edge_x-400,39,16784,0,0,8,0,0,1,0,1.33226173052,-400
exec27_edge_x-400,6,19883,5,0,11,0,0,1,0,3.98537283868,-400
exec27_edge_x-400,30,18216,4,0,7,0,0,1,1,3.78221307118,-400
exec27_edge_x-400,33,19450,7,0,7,0,0,1,0,2.79620314887,-400
exec27_edge_x-400,6,19874,3,0,5,0,0,1,0,3.29710461782,-400
exec27_edge_x-400,22,1070,7,0,5,0,0,1,0,4.20724393939,-400
exec27_edge_x-400,12,17264,4,0,3,0,0,1,0,3.26315208953,-400
exec27_edge_x-400,15,17384,2,0,8,0,0,1,0,8.41036394668,-400
exec27_edge_x-400,22,1068,7,0,8,0,0,1,0,4.02585628091,-400
exec27_edge_x-400,12,17261,14,1,30,4,0,1,1,5.99270658816,-400
exec27_edge_x-400,1,480,5,0,9,2,0,1,1,4.38380793333,-400
exec27_edge_x-400,19,1039,4,0,4,0,0,1,0,4.40065284911,-400
exec27_edge_x-400,15,17371,0,0,17,4,0,1,1,5.00952885123,-400
exec27_edge_x-400,33,19432,6,0,9,0,0,1,1,2.92056034876,-400
exec27_edge_x-400,4,726,0,0,15,2,0,1,1,2.38589264085,-400
exec27_edge_x-400,15,17360,7,0,7,0,0,1,0,7.91390262971,-400
exec27_edge_x-400,42,17921,12,1,18,1,0,1,1,9.48474462083,-400
exec27_edge_x-400,45,18241,0,0,6,0,0,1,0,5.47689015215,-400
exec27_edge_x-400,33,19399,4,0,0,0,0,1,0,3.57701956883,-400
exec27_edge_x-400,25,629,0,0,4,4,0,1,1,4.09501684776,-400
exec27_edge_x-400,10,584,4,0,8,2,0,1,1,4.599644621,-400
exec27_edge_x-400,30,18171,14,1,6,0,0,1,0,5.60366615589,-400
exec27_edge_x-400,19,997,7,0,16,5,0,1,1,7.85474959754,-400
exec27_edge_x-400,39,18519,1,0,11,0,0,1,0,5.20104729546,-400
exec27_edge_x-400,28,1300,8,1,5,0,0,1,0,6.47568620515,-400
exec27_edge_x-400,42,17899,5,0,5,0,0,1,0,2.67044700005,-400
exec27_edge_x-400,22,1015,0,0,8,0,0,1,0,3.5609745156,-400
exec27_edge_x-400,45,18215,3,0,16,5,0,1,1,2.79884587051,-400
exec27_edge_x-400,37,2461,2,0,14,1,0,1,1,3.69278983605,-400
exec27_edge_x-400,1,414,5,0,7,1,0,1,1,5.06741387797,-400
exec27_edge_x-400,28,1290,5,0,12,6,0,1,1,4.13149151401,-400
exec27_edge_x-400,12,17192,3,0,14,0,0,1,0,3.57011136043,-400
exec27_edge_x-400,25,594,2,0,5,2,0,1,1,2.09123962521,-400
exec27_edge_x-400,37,2443,7,0,8,0,0,1,0,2.23739343273,-400
exec27_edge_x-400,4,652,6,0,12,3,0,1,1,2.70153740455,-400
exec27_edge_x-400,22,975,2,0,2,0,0,1,0,2.26111577326,-400
exec27_edge_x-400,28,1276,5,0,3,0,0,1,0,3.30095605663,-400
exec27_edge_x-400,39,18490,4,0,1,0,0,1,0,2.16569533112,-400
exec27_edge_x-400,30,18132,7,0,11,0,0,1,1,2.67836224532,-400
exec27_edge_x-400,45,18189,3,0,12,1,0,1,1,4.74175344619,-400
exec27_edge_x-400,45,19023,3,0,0,0,0,0,0,5.88444584353,-400
exec27_edge_x-400,37,2430,1,0,14,2,0,1,1,3.07342400112,-400
exec27_edge_x-400,39,18487,4,0,15,4,0,1,1,7.00800413023,-400
exec27_edge_x-400,6,19790,0,0,5,0,0,1,0,2.07213217979,-400
exec27_edge_x-400,1,384,2,0,12,1,0,1,1,6.3423200329,-400
exec27_edge_x-400,39,18477,4,0,11,8,0,1,1,2.54080577081,-400
exec27_edge_x-400,19,940,5,0,11,2,0,1,1,2.713772001,-400
exec27_edge_x-400,22,947,0,0,9,0,0,1,0,3.76132523978,-400
exec27_edge_x-400,30,18111,6,0,12,1,0,1,1,3.82315462411,-400
exec27_edge_x-400,22,941,5,0,0,0,0,1,0,3.49346378987,-400
exec27_edge_x-400,25,541,4,0,7,0,0,1,0,3.66944392633,-400
exec27_edge_x-400,25,535,1,0,27,3,0,1,1,2.74203910726,-400
exec27_edge_x-400,22,926,5,0,13,0,0,1,0,4.70603135697,-400
exec27_edge_x-400,39,18433,2,0,7,0,0,1,0,4.44134381543,-400
exec27_edge_x-400,19,891,4,0,13,0,0,1,1,2.90363257605,-400
exec27_edge_x-400,45,18117,4,0,8,1,0,1,1,4.82879295028,-400
exec27_edge_x-400,42,17804,4,0,11,6,0,1,1,6.92224381606,-400
exec27_edge_x-400,22,892,5,0,5,0,0,1,0,4.65511856884,-400
exec27_edge_x-400,6,19720,1,0,4,0,0,1,0,2.97503305154,-400
exec27_edge_x-400,22,889,5,0,13,2,0,1,1,3.60683605731,-400
exec27_edge_x-400,19,874,4,0,4,0,0,1,0,11.7761580495,-400
exec27_edge_x-400,39,18403,7,0,1,0,0,1,0,3.99919679988,-400
exec27_edge_x-400,12,17096,0,0,9,2,0,1,1,5.29308250019,-400
exec27_edge_x-400,22,879,6,0,13,2,0,1,1,2.26087725863,-400
exec27_edge_x-400,10,454,4,0,8,2,0,1,1,2.82646289588,-400
exec27_edge_x-400,6,19691,4,0,7,0,0,1,0,5.98458957959,-400
exec27_edge_x-400,39,18387,5,0,0,0,0,1,0,5.54284197878,-400
exec27_edge_x-400,33,19249,6,0,4,0,0,1,0,1.92423363196,-400
exec27_edge_x-400,25,472,7,0,6,0,0,1,0,2.522886305,-400
exec27_edge_x-400,45,18080,0,0,14,2,0,1,1,7.48658962704,-400
exec27_edge_x-400,42,17753,1,0,12,4,0,1,1,3.20955745776,-400
exec27_edge_x-400,30,18032,1,0,16,0,0,1,0,2.29817182842,-400
exec27_edge_x-400,1,286,3,0,8,2,0,1,1,4.00696036912,-400
exec27_edge_x-400,25,454,1,0,4,0,0,1,0,8.11973579178,-400
exec27_edge_x-400,25,449,1,0,9,0,0,1,1,2.03036606998,-400
exec27_edge_x-400,39,18371,7,0,7,0,0,1,0,5.70360216925,-400
exec27_edge_x-400,39,18370,3,0,12,1,0,1,1,2.87365062412,-400
exec27_edge_x-400,28,1147,0,0,9,0,0,1,0,2.77330948977,-400
exec27_edge_x-400,39,18369,1,0,15,6,0,1,1,3.03013756818,-400
exec27_edge_x-400,6,19656,6,0,5,0,0,1,0,6.71498409662,-400
exec27_edge_x-400,30,18014,2,0,12,2,0,1,1,6.24757077732,-400
exec27_edge_x-400,39,18363,1,0,1,0,0,1,1,5.88670109189,-400
exec27_edge_x-400,37,2307,4,0,5,1,0,1,1,10.4583620798,-400
exec27_edge_x-400,4,514,6,0,5,1,0,1,1,2.53972533914,-400
exec27_edge_x-400,10,404,7,0,5,0,0,1,1,2.60226724197,-400
exec27_edge_x-400,12,17019,0,0,4,0,0,1,0,11.3793879105,-400
exec27_edge_x-400,6,19637,3,0,26,8,0,1,1,3.33781021719,-400
exec27_edge_x-400,4,499,6,0,10,0,0,1,0,4.38444693987,-400
exec27_edge_x-400,22,821,3,0,15,5,0,1,1,3.26028842265,-400
exec27_edge_x-400,37,2284,5,0,6,0,0,1,0,3.00239984214,-400
exec27_edge_x-400,6,19610,3,0,2,0,0,1,0,4.54737636714,-400
exec27_edge_x-400,4,482,1,0,18,6,0,1,1,3.57687995888,-400
exec27_edge_x-400,28,1089,2,0,1,0,0,1,0,2.34780480086,-400
exec27_edge_x-400,30,17962,2,0,7,1,0,1,1,2.1848057981,-400
exec27_edge_x-400,37,2266,6,0,1,0,0,1,0,3.51408964327,-400
exec27_edge_x-400,28,1075,6,0,4,0,0,1,1,4.02430727713,-400
exec27_edge_x-400,15,17128,3,0,5,2,0,1,1,3.16185859164,-400
exec27_edge_x-400,19,768,0,0,2,0,0,1,0,3.01110461557,-400
exec27_edge_x-400,25,370,1,0,7,0,0,1,0,3.59615744584,-400
exec27_edge_x-400,30,17929,5,0,0,0,0,0,0,4.75996614047,-400
exec27_edge_x-400,1,197,6,0,10,0,0,1,0,5.59581192417,-400
exec27_edge_x-400,4,440,2,0,4,0,0,1,0,1.62172760573,-400
exec27_edge_x-400,45,17959,0,0,11,0,0,1,0,9.16813131558,-400
exec27_edge_x-400,40,1669,0,0,28,2,0,1,1,3.37724312478,-400
exec27_edge_x-400,45,17953,5,0,2,0,0,1,0,3.62998813913,-400
exec27_edge_x-400,1,171,5,0,8,1,0,1,1,1.76794901047,-400
exec27_edge_x-400,40,1664,0,0,7,0,0,1,0,3.96657939944,-400
exec27_edge_x-400,45,17944,7,0,5,0,0,1,0,2.81188951083,-400
exec27_edge_x-400,4,408,4,0,7,1,0,1,1,4.65162191807,-400
exec27_edge_x-400,45,17924,0,0,10,0,0,1,0,1.807838255,-400
exec27_edge_x-400,25,330,1,0,4,0,0,1,0,2.15869206045,-400
exec27_edge_x-400,42,17585,8,1,6,0,0,1,0,6.46485514266,-400
exec27_edge_x-400,28,1015,5,0,5,1,0,1,1,3.50929439598,-400
exec27_edge_x-400,22,722,5,0,6,2,0,1,1,3.08725024025,-400
exec27_edge_x-400,15,17039,1,0,10,1,0,1,1,1.67640964975,-400
exec27_edge_x-400,4,378,1,0,7,0,0,1,0,3.72391635337,-400
exec27_edge_x-400,30,17860,2,0,8,0,0,1,0,4.04901338186,-400
exec27_edge_x-400,40,1617,2,0,9,0,0,1,0,2.26341857616,-400
exec27_edge_x-400,19,677,6,0,0,0,0,0,0,3.31783163339,-400
exec27_edge_x-400,12,16890,2,0,0,0,0,1,0,2.36279202618,-400
exec27_edge_x-400,30,17853,6,0,5,0,0,1,0,1.66778544175,-400
exec27_edge_x-400,25,295,7,0,21,3,0,1,1,3.438785069,-400
exec27_edge_x-400,42,19817,3,0,18,12,0,1,1,8.53760256045,-400
exec27_edge_x-400,30,17840,2,0,2,0,0,1,1,4.17699572419,-400
exec27_edge_x-400,12,16874,0,0,8,0,0,1,0,6.60210091057,-400
exec27_edge_x-400,30,17826,6,0,5,0,0,1,0,2.94506450162,-400
exec27_edge_x-400,30,19187,6,0,1,0,0,1,0,8.51382381645,-400
exec27_edge_x-400,6,19487,1,0,13,2,0,1,1,6.41048024122,-400
exec27_edge_x-400,6,19480,0,0,0,0,0,1,1,3.84313059935,-400
exec27_edge_x-400,4,319,5,0,8,0,0,1,1,2.76211440142,-400
exec27_edge_x-400,33,19008,5,0,21,0,0,1,0,5.22550760548,-400
exec27_edge_x-400,40,1565,1,0,13,0,0,1,0,2.04435246749,-400
exec27_edge_x-400,22,655,0,0,11,5,0,1,1,2.22185486972,-400
exec27_edge_x-400,19,613,3,0,10,0,0,1,0,2.8922727249,-400
exec27_edge_x-400,40,1562,6,0,7,1,0,1,1,2.21008565891,-400
exec27_edge_x-400,25,231,7,0,5,0,0,1,0,5.24249555187,-400
exec27_edge_x-400,19,606,15,1,7,0,0,1,0,12.7296961235,-400
exec27_edge_x-400,42,19749,7,0,4,0,0,1,0,7.99910693295,-400
exec27_edge_x-400,12,16792,1,0,14,3,0,1,1,2.77129114887,-400
exec27_edge_x-400,28,914,5,0,4,0,0,1,1,2.00818172211,-400
exec27_edge_x-400,33,18951,0,0,7,0,0,1,0,4.26513897017,-400
exec27_edge_x-400,40,1539,5,0,16,3,0,1,1,3.06386001672,-400
exec27_edge_x-400,25,198,6,0,3,4,0,1,1,4.35605508174,-400
exec27_edge_x-400,10,165,10,1,7,0,0,1,0,4.23265850129,-400
exec27_edge_x-400,45,17774,6,0,19,4,0,1,1,2.57102329153,-400
exec27_edge_x-400,28,898,5,0,5,0,0,1,0,1.9941286404,-400
exec27_edge_x-400,28,895,3,0,8,0,0,1,1,4.50397241112,-400
exec27_edge_x-400,25,193,6,0,7,0,0,1,0,2.35763037089,-400
exec27_edge_x-400,28,890,6,0,8,0,0,1,0,3.37495501813,-400
exec27_edge_x-400,1,3265,5,0,5,4,0,1,1,2.18022078124,-400
exec27_edge_x-400,1,3256,7,0,6,0,0,1,0,2.33742892201,-400
exec27_edge_x-400,30,17737,0,0,3,0,0,1,0,1.71033809331,-400
exec27_edge_x-400,42,19705,13,1,7,0,0,1,0,4.78455835116,-400
exec27_edge_x-400,19,539,1,0,12,0,0,1,1,4.30356874847,-400
exec27_edge_x-400,12,16736,0,0,11,0,0,1,0,3.41185352192,-400
exec27_edge_x-400,22,574,2,0,9,0,0,1,0,4.36042844191,-400
exec27_edge_x-400,40,1486,0,0,7,0,0,1,0,5.7919770601,-400
exec27_edge_x-400,1,3221,1,0,10,0,0,1,0,5.43093193066,-400
exec27_edge_x-400,42,19675,6,0,33,4,0,1,1,9.17207153561,-400
exec27_edge_x-400,19,507,1,0,0,0,0,0,0,2.76765777401,-400
exec27_edge_x-400,4,195,1,0,3,0,0,1,0,3.25209212418,-400
exec27_edge_x-400,1,3200,3,0,12,0,0,1,0,3.01763142107,-400
exec27_edge_x-400,42,19658,5,0,19,3,0,1,1,2.84892637072,-400
exec27_edge_x-400,40,1442,4,0,6,0,0,1,0,4.48465978383,-400
exec27_edge_x-400,22,534,5,0,22,14,0,1,1,3.16935826478,-400
exec27_edge_x-400,15,16829,6,0,1,0,0,1,0,1.46365871527,-400
exec27_edge_x-400,12,16699,4,0,9,0,0,1,1,3.71420780411,-400
exec27_edge_x-400,1,3172,5,0,11,8,0,1,1,2.07859012541,-400
exec27_edge_x-400,40,1422,5,0,3,0,0,1,0,2.63077262957,-400
exec27_edge_x-400,4,155,2,0,9,2,0,1,1,3.15362399225,-400
exec27_edge_x-400,25,95,0,0,19,1,0,1,1,2.41003854596,-400
exec27_edge_x-400,40,1405,7,0,13,5,0,1,1,2.37543066441,-400
exec27_edge_x-400,42,19613,7,0,12,2,0,1,1,10.165517539,-400
exec27_edge_x-400,10,15,7,0,21,3,0,1,1,1.75342308094,-400
exec27_edge_x-400,10,11,5,0,25,0,0,1,0,1.46832341058,-400
exec27_edge_x-400,33,18813,1,0,7,0,0,1,1,5.05987815866,-400
exec27_edge_x-400,30,17614,0,0,1,0,0,1,0,3.77269726836,-400
exec27_edge_x-400,30,17610,12,1,21,0,0,1,0,5.10542019787,-400
exec27_edge_x-400,30,17608,7,0,3,0,0,1,0,2.22243408452,-400
exec27_edge_x-400,33,18797,7,0,6,0,0,1,0,4.15189028982,-400
exec27_edge_x-400,1,3128,14,1,6,0,0,1,0,9.18268951094,-400
exec27_edge_x-400,12,16642,6,0,6,0,0,1,0,1.57641871379,-400
exec27_edge_x-400,19,413,2,0,2,0,0,1,0,8.39787886426,-400
exec27_edge_x-400,45,17634,6,0,7,4,0,1,1,1.7645597935,-400
exec27_edge_x-400,22,453,12,1,15,0,0,1,0,6.84694864536,-400
exec27_edge_x-400,4,85,4,0,4,0,0,1,0,1.38604853159,-400
exec27_edge_x-400,12,16623,7,0,10,0,0,1,0,2.65516507284,-400
exec27_edge_x-400,33,18763,6,0,16,2,0,1,1,5.97264152502,-400
exec27_edge_x-400,1,3087,6,0,7,1,0,1,1,1.72745323439,-400
exec27_edge_x-400,22,422,0,0,2,0,0,1,0,1.55937664676,-400
exec27_edge_x-400,25,3575,0,0,28,14,0,1,1,3.92758023152,-400
exec27_edge_x-400,6,19260,5,0,12,0,0,1,0,8.02318747103,-400
exec27_edge_x-400,40,1337,9,1,4,0,0,1,0,5.34695995516,-400
exec27_edge_x-400,6,19246,4,0,0,0,0,1,0,8.10683529592,-400
exec27_edge_x-400,25,3555,0,0,0,0,0,1,0,7.28319449102,-400
exec27_edge_x-400,33,18726,5,0,3,0,0,1,0,2.17431555081,-400
exec27_edge_x-400,4,7,1,0,11,0,0,1,0,1.33932123524,-400
exec27_edge_x-400,10,3764,6,0,4,0,0,1,0,7.82634024172,-400
exec27_edge_x-400,22,387,0,0,6,0,0,1,0,4.98901835001,-400
exec27_edge_x-400,40,1318,1,0,8,0,0,1,0,2.74818507481,-400
exec27_edge_x-400,10,3762,6,0,9,4,0,1,1,1.3929396278,-400
exec27_edge_x-400,33,18715,3,0,21,1,0,1,1,2.17674374946,-400
exec27_edge_x-400,1,3039,6,0,8,0,0,1,0,6.30245983737,-400
exec27_edge_x-400,10,3747,4,0,1,0,0,1,0,8.57477740313,-400
exec27_edge_x-400,19,306,1,0,5,0,0,1,0,6.55685274761,-400
exec27_edge_x-400,22,339,0,0,8,0,0,1,0,3.87373327834,-400
exec27_edge_x-400,25,3514,2,0,9,2,0,1,1,7.27548720946,-400
exec27_edge_x-400,33,18678,2,0,5,1,0,1,1,4.95577271559,-400
exec27_edge_x-400,19,278,5,0,7,1,0,1,1,2.68153420261,-400
exec27_edge_x-400,45,19301,4,0,0,0,0,1,0,2.18284603876,-400
exec27_edge_x-400,22,317,7,0,4,1,0,1,1,2.78886988009,-400
exec27_edge_x-400,30,19526,4,0,24,7,0,1,1,3.78831064056,-400
exec27_edge_x-400,1,3001,8,1,12,2,0,1,1,7.39099286735,-400
exec27_edge_x-400,25,3495,5,0,9,2,0,1,1,3.05349938218,-400
exec27_edge_x-400,42,19455,2,0,12,5,0,1,1,3.8143769574,-400
exec27_edge_x-400,42,19452,4,0,4,0,0,1,0,1.37643488656,-400
exec27_edge_x-400,22,300,1,0,7,0,0,1,0,1.49058970072,-400
exec27_edge_x-400,6,19149,1,0,5,0,0,1,0,3.04936173871,-400
exec27_edge_x-400,40,1232,1,0,8,0,0,1,0,4.23342928037,-400
exec27_edge_x-400,33,18635,7,0,5,0,0,1,0,2.56418168971,-400
exec27_edge_x-400,15,20823,1,0,8,2,0,1,1,2.47840328521,-400
exec27_edge_x-400,4,3422,8,1,19,0,0,1,1,6.15760748852,-400
exec27_edge_x-400,1,2969,2,0,11,4,0,1,1,1.67412458732,-400
exec27_edge_x-400,30,19488,2,0,13,0,0,1,0,5.01659780085,-400
exec27_edge_x-400,19,236,5,0,6,2,0,1,1,2.74944828892,-400
exec27_edge_x-400,45,19261,1,0,4,0,0,1,0,3.56539294234,-400
exec27_edge_x-400,45,19314,1,0,0,0,0,0,0,12.8919457647,-400
exec27_edge_x-400,40,1209,6,0,3,0,0,1,0,2.69067750663,-400
exec27_edge_x-400,37,1768,1,0,11,2,0,1,1,2.55958811365,-400
exec27_edge_x-400,42,19426,4,0,4,0,0,1,0,2.04988297516,-400
exec27_edge_x-400,28,568,4,0,5,0,0,1,0,4.25740334625,-400
exec27_edge_x-400,45,19253,0,0,22,5,0,1,1,5.87757457786,-400
exec27_edge_x-400,25,3458,0,0,27,4,0,1,1,4.63418530012,-400
exec27_edge_x-400,28,546,5,0,2,2,0,1,1,3.79534045276,-400
exec27_edge_x-400,40,1189,5,0,8,2,0,1,1,11.410049767,-400
exec27_edge_x-400,42,19396,2,0,33,6,0,1,1,4.56078410773,-400
exec27_edge_x-400,42,19392,4,0,2,0,0,1,0,4.9526856286,-400
exec27_edge_x-400,33,18549,4,0,20,5,0,1,1,2.26114621921,-400
exec27_edge_x-400,22,221,7,0,10,3,0,1,1,3.00803514153,-400
exec27_edge_x-400,40,1150,3,0,3,0,0,1,0,3.34402551193,-400
exec27_edge_x-400,37,1683,2,0,2,0,0,1,0,1.41924165081,-400
exec27_edge_x-400,12,20356,3,0,7,0,0,1,0,4.55259338677,-400
exec27_edge_x-400,40,1146,1,0,2,0,0,1,0,2.41136942151,-400
exec27_edge_x-400,37,1654,0,0,4,0,0,1,0,1.31562310292,-400
exec27_edge_x-400,33,18518,3,0,11,3,0,1,1,2.73983969884,-400
exec27_edge_x-400,40,1124,4,0,5,0,0,1,0,2.80736826114,-400
exec27_edge_x-400,37,5082,6,0,2,0,0,1,0,1.50789109761,-400
exec27_edge_x-400,40,1110,6,0,3,0,0,1,0,1.87707037992,-400
exec27_edge_x-400,10,3564,3,0,8,7,0,1,1,6.91495007702,-400
exec27_edge_x-400,45,19120,3,0,20,2,0,1,1,3.34393372025,-400
exec27_edge_x-400,25,3332,2,0,0,0,0,1,0,2.24968010403,-400
exec27_edge_x-400,15,20681,0,0,7,0,0,1,0,3.05080060448,-400
exec27_edge_x-400,1,2809,2,0,11,8,0,1,1,4.25841492749,-400
exec27_edge_x-400,40,1071,7,0,0,0,0,1,0,2.23576240798,-400
exec27_edge_x-400,12,20272,6,0,10,0,0,1,0,5.26987779116,-400
exec27_edge_x-400,6,18964,4,0,3,0,0,1,0,4.16989504584,-400
exec27_edge_x-400,19,21,6,0,8,0,0,1,0,1.30128136784,-400
exec27_edge_x-400,25,3290,4,0,7,0,0,1,0,5.2037145364,-400
exec27_edge_x-400,19,8,7,0,3,0,0,1,0,1.30581059378,-400
exec27_edge_x-400,45,19070,0,0,18,3,0,1,1,2.08763410423,-400
exec27_edge_x-400,42,19232,3,0,3,0,0,1,0,9.25599771336,-400
exec27_edge_x-400,19,2949,1,0,11,0,0,1,1,2.09995331889,-400
exec27_edge_x-400,40,1032,7,0,17,0,0,1,0,1.71663570855,-400
exec27_edge_x-400,30,19306,6,0,26,5,0,1,1,4.44652142666,-400
exec27_edge_x-400,30,19296,5,0,12,2,0,1,1,4.71990923511,-400
exec27_edge_x-400,10,3479,1,0,5,0,0,1,0,5.15027121896,-400
exec27_edge_x-400,19,2934,2,0,5,0,0,1,1,4.32156176174,-400
exec27_edge_x-400,42,19203,1,0,14,0,0,1,0,2.3180903302,-400
exec27_edge_x-400,22,26,2,0,9,0,0,1,0,1.2930505858,-400
exec27_edge_x-400,25,3222,4,0,8,0,0,1,0,1.71391355072,-400
exec27_edge_x-400,30,19271,0,0,6,0,0,1,0,1.62169998024,-400
exec27_edge_x-400,28,362,3,0,17,4,0,1,1,4.06375719575,-400
exec27_edge_x-400,4,3165,5,0,9,3,0,1,1,7.49704095361,-400
exec27_edge_x-400,12,20197,2,0,1,0,0,1,0,3.60602233776,-400
exec27_edge_x-400,30,19261,2,0,24,14,0,1,1,3.80658920743,-400
exec27_edge_x-400,6,18882,4,0,8,1,0,1,1,2.88403243878,-400
exec27_edge_x-400,1,2724,2,0,8,1,0,1,1,1.86480044337,-400
exec27_edge_x-400,46,4472,4,0,9,0,0,1,0,3.48658434038,-400
exec27_edge_x-400,28,334,4,0,26,1,0,1,1,3.35520873901,-400
exec27_edge_x-400,12,20182,5,0,14,5,0,1,1,1.95770812399,-400
exec27_edge_x-400,25,3193,3,0,0,0,0,1,0,2.63911461065,-400
exec27_edge_x-400,37,4933,7,0,37,8,0,1,1,4.9570981061,-400
exec27_edge_x-400,19,2876,1,0,4,0,0,1,1,1.73518199654,-400
exec27_edge_x-400,6,18855,5,0,10,0,0,1,1,4.50149109347,-400
exec27_edge_x-400,4,3130,6,0,43,5,0,1,1,3.134037044,-400
exec27_edge_x-400,37,4912,4,0,2,0,0,1,0,3.00297952122,-400
exec27_edge_x-400,40,951,3,0,2,0,0,1,0,3.75947453636,-400
exec27_edge_x-400,4,3117,7,0,6,0,0,1,0,8.97372545834,-400
exec27_edge_x-400,40,942,0,0,14,4,0,1,1,2.13304148898,-400
exec27_edge_x-400,4,3109,12,1,34,8,0,1,1,6.69052708583,-400
exec27_edge_x-400,28,291,6,0,10,0,0,1,0,3.04077590283,-400
exec27_edge_x-400,1,2684,2,0,17,4,0,1,1,3.77257127124,-400
exec27_edge_x-400,37,4877,1,0,14,0,0,1,0,3.08131699245,-400
exec27_edge_x-400,42,19093,3,0,9,4,0,1,1,3.41638952928,-400
exec27_edge_x-400,22,3188,6,0,18,0,0,1,1,3.42440394744,-400
exec27_edge_x-400,31,1577,0,0,1,0,0,1,0,1.90359209196,-400
exec27_edge_x-400,10,3349,1,0,8,0,0,1,0,1.68986775037,-400
exec27_edge_x-400,12,20101,5,0,13,6,0,1,1,3.92131795726,-400
exec27_edge_x-400,40,894,7,0,3,0,0,1,0,3.39757478236,-400
exec27_edge_x-400,31,1541,1,0,0,0,0,1,0,3.4790809304,-400
exec27_edge_x-400,40,883,6,0,2,0,0,1,1,3.31655014857,-400
exec27_edge_x-400,4,3064,7,0,13,5,0,1,1,4.06954824769,-400
exec27_edge_x-400,22,3148,7,0,6,0,0,1,0,1.52553558414,-400
exec27_edge_x-400,37,4830,4,0,13,0,0,1,0,3.43514831269,-400
exec27_edge_x-400,40,877,6,0,2,0,0,1,0,5.36481523196,-400
exec27_edge_x-400,31,1531,3,0,10,0,0,1,0,2.14211922162,-400
exec27_edge_x-400,19,2782,1,0,5,0,0,1,0,1.77185873211,-400
exec27_edge_x-400,19,2777,4,0,21,6,0,1,1,5.78168479741,-400
exec27_edge_x-400,15,20470,3,0,5,2,0,1,1,2.98487599358,-400
exec27_edge_x-400,1,2613,2,0,9,2,0,1,1,3.45902771248,-400
exec27_edge_x-400,46,4344,7,0,1,0,0,1,0,6.9318338918,-400
exec27_edge_x-400,28,226,2,0,7,7,0,1,1,4.14876785676,-400
exec27_edge_x-400,12,20046,0,0,4,0,0,1,0,11.9878813478,-400
exec27_edge_x-400,1,2581,3,0,2,0,0,1,0,3.87750179051,-400
exec27_edge_x-400,22,3108,0,0,1,0,0,1,0,2.50342804874,-400
exec27_edge_x-400,1,2573,3,0,10,1,0,1,1,1.92608670459,-400
exec27_edge_x-400,22,3107,1,0,9,2,0,1,1,4.84001341836,-400
exec27_edge_x-400,19,2750,2,0,14,2,0,1,1,3.64507290943,-400
exec27_edge_x-400,6,18712,0,0,8,2,0,1,1,3.42832557584,-400
exec27_edge_x-400,25,3032,0,0,21,6,0,1,1,4.87503146843,-400
exec27_edge_x-400,31,1468,0,0,14,0,0,1,0,2.08528673524,-400
exec27_edge_x-400,46,4304,5,0,9,0,0,1,0,1.83364690904,-400
exec27_edge_x-400,19,2725,15,1,20,0,0,1,1,5.64710763419,-400
exec27_edge_x-400,6,18672,3,0,3,0,0,1,0,3.50274190105,-400
exec27_edge_x-400,4,2986,4,0,11,0,0,1,1,1.79295224481,-400
exec27_edge_x-400,37,4744,3,0,8,1,0,1,1,5.02551043321,-400
exec27_edge_x-400,28,175,6,0,16,5,0,1,1,10.306284167,-400
exec27_edge_x-400,10,3246,5,0,2,0,0,1,0,1.9963169971,-400
exec27_edge_x-400,37,4738,0,0,4,0,0,1,0,2.07716699625,-400
exec27_edge_x-400,46,4288,14,1,10,0,0,1,1,5.50956304355,-400
exec27_edge_x-400,46,4284,3,0,0,0,0,1,0,4.94125207168,-400
exec27_edge_x-400,1,2530,4,0,7,0,0,1,0,2.47247545422,-400
exec27_edge_x-400,46,4283,12,1,38,7,0,1,1,9.18756656801,-400
exec27_edge_x-400,12,19984,0,0,4,0,0,1,0,5.62805658583,-400
exec27_edge_x-400,12,19977,5,0,13,2,0,1,1,8.86862071078,-400
exec27_edge_x-400,40,783,4,0,4,0,0,1,0,6.14334265933,-400
exec27_edge_x-400,15,20357,6,0,19,6,0,1,1,3.65758438145,-400
exec27_edge_x-400,15,20349,0,0,7,1,0,1,1,4.18412496933,-400
exec27_edge_x-400,33,18147,4,0,11,6,0,1,1,2.14675366428,-400
exec27_edge_x-400,22,3015,2,0,6,0,0,1,0,2.70156657817,-400
exec27_edge_x-400,46,4246,6,0,8,0,0,1,0,4.25796751219,-400
exec27_edge_x-400,12,19939,0,0,9,0,0,1,0,1.4953158423,-400
exec27_edge_x-400,33,18127,4,0,2,0,0,1,0,5.015135402,-400
exec27_edge_x-400,25,2957,1,0,17,0,0,1,1,2.407986823,-400
exec27_edge_x-400,42,18911,1,0,5,1,0,1,1,6.21316676068,-400
exec27_edge_x-400,19,2663,6,0,2,0,0,1,0,2.35570029601,-400
exec27_edge_x-400,6,18587,3,0,7,0,0,1,0,3.29695063132,-400
exec27_edge_x-400,31,1387,14,1,13,5,0,1,1,5.72321791923,-400
exec27_edge_x-400,4,2911,3,0,13,0,0,1,1,5.16129279421,-400
exec27_edge_x-400,15,20310,6,0,8,0,0,1,0,7.62323189449,-400
exec27_edge_x-400,4,2905,5,0,3,0,0,1,0,1.59333925782,-400
exec27_edge_x-400,6,18572,6,0,12,0,0,1,0,3.47501642872,-400
exec27_edge_x-400,4,2896,4,0,1,0,0,1,0,2.12329985427,-400
exec27_edge_x-400,37,4645,4,0,8,0,0,1,0,5.81641530087,-400
exec27_edge_x-400,25,2917,1,0,18,14,0,1,1,4.21196817015,-400
exec27_edge_x-400,1,2435,2,0,4,0,0,1,0,3.62132564669,-400
exec27_edge_x-400,10,3151,1,0,8,0,0,1,0,2.61663779475,-400
exec27_edge_x-400,19,2619,7,0,10,4,0,1,1,2.15291220563,-400
exec27_edge_x-400,12,19875,7,0,2,1,0,1,1,3.13562071135,-400
exec27_edge_x-400,31,1339,4,0,12,1,0,1,1,4.49216352332,-400
exec27_edge_x-400,33,18011,1,0,10,0,0,1,0,1.28538981216,-400
exec27_edge_x-400,37,4580,7,0,17,0,0,1,1,2.49716419357,-400
exec27_edge_x-400,31,1311,7,0,4,0,0,1,0,3.58672843817,-400
exec27_edge_x-400,31,1301,2,0,6,0,0,1,0,3.13213337667,-400
exec27_edge_x-400,42,21199,3,0,3,0,0,1,0,4.40346570785,-400
exec27_edge_x-400,22,2884,3,0,2,0,0,1,0,2.79407925602,-400
exec27_edge_x-400,10,3089,3,0,4,0,0,1,1,1.75525333648,-400
exec27_edge_x-400,6,18482,5,0,18,1,0,1,1,4.09838658425,-400
exec27_edge_x-400,1,2357,0,0,6,0,0,1,0,4.02036811071,-400
exec27_edge_x-400,10,3079,7,0,18,3,0,1,1,3.64270707771,-400
exec27_edge_x-400,28,3217,0,0,20,7,0,1,1,4.92575769673,-400
exec27_edge_x-400,6,18475,15,1,11,0,0,1,0,5.31528492529,-400
exec27_edge_x-400,4,2777,6,0,2,0,0,1,0,2.62539733391,-400
exec27_edge_x-400,22,2845,6,0,28,7,0,1,1,2.47943553485,-400
exec27_edge_x-400,4,2769,2,0,5,0,0,1,0,2.26497787353,-400
exec27_edge_x-400,6,18440,4,0,0,0,0,1,0,3.03392981991,-400
exec27_edge_x-400,15,20178,1,0,4,0,0,1,0,10.7076616407,-400
exec27_edge_x-400,10,3036,4,0,4,1,0,1,1,1.95265758975,-400
exec27_edge_x-400,25,2804,6,0,26,2,0,1,1,3.25583458776,-400
exec27_edge_x-400,15,20166,6,0,14,2,0,1,1,2.13510491193,-400
exec27_edge_x-400,10,3028,3,0,29,4,0,1,1,2.26139222519,-400
exec27_edge_x-400,12,19751,6,0,9,0,0,1,0,2.2018510152,-400
exec27_edge_x-400,12,19743,0,0,11,0,0,1,0,10.0842815542,-400
exec27_edge_x-400,46,4036,0,0,27,4,0,1,1,6.77868734006,-400
exec27_edge_x-400,25,2766,6,0,18,0,0,1,1,4.39928439244,-400
exec27_edge_x-400,6,18395,10,1,8,4,0,1,1,7.80440340507,-400
exec27_edge_x-400,6,18392,2,0,6,0,0,1,0,2.47829624983,-400
exec27_edge_x-400,40,539,1,0,14,12,0,1,1,2.90780901862,-400
exec27_edge_x-400,31,1182,5,0,6,0,0,1,1,2.63814504495,-400
exec27_edge_x-400,4,2709,3,0,27,15,0,1,1,2.54105802308,-400
exec27_edge_x-400,40,533,0,0,0,0,0,1,0,2.06842409763,-400
exec27_edge_x-400,4,2697,6,0,0,0,0,1,0,1.63800230853,-400
exec27_edge_x-400,12,19731,7,0,9,0,0,1,0,5.86240041165,-400
exec27_edge_x-400,6,18386,7,0,4,0,0,1,0,4.106992997,-400
exec27_edge_x-400,1,2259,3,0,8,1,0,1,1,2.17518747397,-400
exec27_edge_x-400,28,3104,0,0,3,0,0,1,1,2.22667558931,-400
exec27_edge_x-400,6,18369,4,0,3,1,0,1,1,3.35097079989,-400
exec27_edge_x-400,33,20155,1,0,8,0,0,1,1,4.99648074472,-400
exec27_edge_x-400,31,1157,1,0,7,0,0,1,1,2.43466330845,-400
exec27_edge_x-400,31,1153,5,0,5,0,0,1,0,1.86609048574,-400
exec27_edge_x-400,1,2247,4,0,6,3,0,1,1,1.87377189127,-400
exec27_edge_x-400,40,489,5,0,23,0,0,1,0,3.74839505218,-400
exec27_edge_x-400,25,2704,1,0,20,5,0,1,1,2.7028272812,-400
exec27_edge_x-400,22,2728,1,0,0,0,0,1,0,3.41177815925,-400
exec27_edge_x-400,4,2647,0,0,18,0,0,1,0,2.41426001029,-400
exec27_edge_x-400,12,19664,2,0,9,0,0,1,0,5.4054343483,-400
exec27_edge_x-400,31,1116,6,0,19,2,0,1,1,6.39700352795,-400
exec27_edge_x-400,12,19655,3,0,24,5,0,1,1,8.38875896963,-400
exec27_edge_x-400,28,3063,7,0,14,3,0,1,1,3.38713081664,-400
exec27_edge_x-400,31,1094,1,0,21,1,0,1,1,1.85891161701,-400
exec27_edge_x-400,15,20059,2,0,5,0,0,1,0,2.63661397055,-400
exec27_edge_x-400,12,19640,1,0,14,2,0,1,1,7.34746940368,-400
exec27_edge_x-400,22,2678,1,0,6,1,0,1,1,2.03879732841,-400
exec27_edge_x-400,40,415,1,0,18,1,0,1,1,2.96729237884,-400
exec27_edge_x-400,25,2630,7,0,5,0,0,1,0,5.59132575198,-400
exec27_edge_x-400,1,2181,7,0,9,0,0,1,0,3.90918908214,-400
exec27_edge_x-400,28,3016,1,0,17,6,0,1,1,3.02114866264,-400
exec27_edge_x-400,40,409,2,0,10,2,0,1,1,3.8073917879,-400
exec27_edge_x-400,19,2345,13,1,13,0,0,1,1,5.30449324261,-400
exec27_edge_x-400,33,20081,2,0,23,4,0,1,1,4.29917916859,-400
exec27_edge_x-400,22,2656,6,0,7,4,0,1,1,4.40255597753,-400
exec27_edge_x-400,22,2655,0,0,12,2,0,1,1,4.45783172225,-400
exec27_edge_x-400,46,3904,0,0,12,0,0,1,0,5.9422568847,-400
exec27_edge_x-400,10,2865,3,0,2,0,0,1,0,2.72570233691,-400
exec27_edge_x-400,33,20069,7,0,7,0,0,1,0,4.29293113469,-400
exec27_edge_x-400,33,20065,1,0,11,5,0,1,1,3.14913762182,-400
exec27_edge_x-400,6,21918,7,0,13,2,0,1,1,3.62949163902,-400
exec27_edge_x-400,19,2303,7,0,6,0,0,1,0,1.68757177147,-400
exec27_edge_x-400,6,21904,6,0,11,0,0,1,0,5.15240104556,-400
exec27_edge_x-400,12,19584,7,0,12,0,0,1,0,13.5300305995,-400
exec27_edge_x-400,28,2954,0,0,3,0,0,1,0,2.13596213206,-400
exec27_edge_x-400,46,3856,9,1,12,0,0,1,0,5.97365347092,-400
exec27_edge_x-400,22,2607,2,0,0,0,0,1,0,5.78485714365,-400
exec27_edge_x-400,25,2573,7,0,1,0,0,1,0,2.16040297439,-400
exec27_edge_x-400,33,20015,0,0,10,5,0,1,1,2.37889689399,-400
exec27_edge_x-400,40,335,7,0,5,0,0,1,0,2.93097421134,-400
exec27_edge_x-400,28,2929,3,0,2,0,0,1,0,5.00762789493,-400
exec27_edge_x-400,37,4284,3,0,0,0,0,1,0,3.06061079056,-400
exec27_edge_x-400,28,2906,3,0,6,0,0,1,0,2.4819529665,-400
exec27_edge_x-400,31,960,1,0,3,0,0,1,0,2.06084302895,-400
exec27_edge_x-400,22,2570,6,0,4,0,0,1,0,2.36674460983,-400
exec27_edge_x-400,6,21846,7,0,3,0,0,1,0,1.71288011812,-400
exec27_edge_x-400,12,19526,12,1,19,0,0,1,0,6.00740524754,-400
exec27_edge_x-400,19,2232,2,0,10,4,0,1,1,2.2306734865,-400
exec27_edge_x-400,4,2478,7,0,0,0,0,0,0,3.29780846183,-400
exec27_edge_x-400,22,2540,7,0,1,0,0,1,0,3.45288773146,-400
exec27_edge_x-400,22,2536,5,0,5,0,0,1,0,3.86425259799,-400
exec27_edge_x-400,33,19947,6,0,4,0,0,1,0,2.83606021161,-400
exec27_edge_x-400,25,2495,0,0,7,3,0,1,1,3.88349385095,-400
exec27_edge_x-400,22,2531,6,0,11,0,0,1,1,2.96217682538,-400
exec27_edge_x-400,31,908,6,0,4,0,0,1,0,6.6722271978,-400
exec27_edge_x-400,1,2021,5,0,5,0,0,1,0,3.87001493085,-400
exec27_edge_x-400,40,248,11,1,1,0,0,1,1,11.477349206,-400
exec27_edge_x-400,15,19870,4,0,0,0,0,1,1,5.96925738917,-400
exec27_edge_x-400,37,4188,1,0,15,7,0,1,1,2.21792731085,-400
exec27_edge_x-400,40,232,2,0,8,1,0,1,1,1.6778149616,-400
exec27_edge_x-400,12,19460,2,0,9,0,0,1,0,2.00810461679,-400
exec27_edge_x-400,15,19838,7,0,27,7,0,1,1,3.02908006161,-400
exec27_edge_x-400,33,19901,7,0,25,9,0,1,1,2.78498257763,-400
exec27_edge_x-400,37,4170,2,0,11,2,0,1,1,2.9931418717,-400
exec27_edge_x-400,37,5085,2,0,0,0,0,0,0,4.37395961431,-400
exec27_edge_x-400,46,3704,6,0,6,0,0,1,0,3.2340097073,-400
exec27_edge_x-400,46,4524,7,0,0,0,0,1,0,7.24724180752,-400
exec27_edge_x-400,42,20795,0,0,6,0,0,1,1,2.30593965925,-400
exec27_edge_x-400,40,205,4,0,2,0,0,1,0,5.68960662074,-400
exec27_edge_x-400,22,2476,4,0,6,0,0,1,0,1.47633000651,-400
exec27_edge_x-400,25,2441,2,0,13,4,0,1,1,14.7682286633,-400
exec27_edge_x-400,15,19828,3,0,21,16,0,1,1,4.13253922748,-400
exec27_edge_x-400,42,20784,6,0,12,0,0,1,1,1.79889349847,-400
exec27_edge_x-400,22,2468,1,0,2,0,0,1,0,4.42139787451,-400
exec27_edge_x-400,33,19875,1,0,4,1,0,1,1,5.84382847715,-400
exec27_edge_x-400,12,19430,4,0,18,2,0,1,1,2.43192998168,-400
exec27_edge_x-400,6,21723,6,0,18,0,0,1,0,2.0204806407,-400
exec27_edge_x-400,12,19420,4,0,9,0,0,1,0,6.60141116107,-400
exec27_edge_x-400,28,2774,5,0,2,0,0,1,0,2.65263706456,-400
exec27_edge_x-400,33,19864,6,0,3,0,0,1,0,3.65804021636,-400
exec27_edge_x-400,10,2643,3,0,1,0,0,1,0,3.78682339691,-400
exec27_edge_x-400,6,21706,7,0,6,0,0,1,0,3.21673992263,-400
exec27_edge_x-400,33,19859,6,0,14,6,0,1,1,4.64430755968,-400
exec27_edge_x-400,46,3650,4,0,4,0,0,1,0,3.75571600724,-400
exec27_edge_x-400,12,19396,2,0,1,0,0,1,0,8.11403604227,-400
exec27_edge_x-400,37,4117,1,0,4,0,0,1,0,1.76571150964,-400
exec27_edge_x-400,6,21672,3,0,18,2,0,1,1,3.50118335657,-400
exec27_edge_x-400,31,778,3,0,12,0,0,1,0,1.81796911584,-400
exec27_edge_x-400,15,19770,2,0,2,0,0,1,0,2.09895052497,-400
exec27_edge_x-400,10,2615,6,0,10,0,0,1,0,2.39047946752,-400
exec27_edge_x-400,46,3620,3,0,13,0,0,1,0,8.36401395181,-400
exec27_edge_x-400,31,766,7,0,1,0,0,1,0,3.02966950849,-400
exec27_edge_x-400,1,1882,1,0,8,0,0,1,0,1.46710902892,-400
exec27_edge_x-400,31,757,6,0,2,0,0,1,0,6.35551122361,-400
exec27_edge_x-400,46,3610,0,0,6,0,0,1,1,2.24006084854,-400
exec27_edge_x-400,12,19369,1,0,6,2,0,1,1,2.53280099832,-400
exec27_edge_x-400,22,2384,5,0,7,0,0,1,0,3.40420238371,-400
exec27_edge_x-400,31,745,0,0,5,2,0,1,1,3.71908535953,-400
exec27_edge_x-400,4,2325,9,1,12,3,0,1,1,7.92825095082,-400
exec27_edge_x-400,10,2585,5,0,16,0,0,1,0,4.25104203948,-400
exec27_edge_x-400,4,2317,2,0,2,0,0,1,0,1.40725600269,-400
exec27_edge_x-400,42,20687,7,0,12,4,0,1,1,5.88324200616,-400
exec27_edge_x-400,12,19347,5,0,11,0,0,1,0,2.49006587443,-400
exec27_edge_x-400,40,97,4,0,16,5,0,1,1,1.48526760594,-400
exec27_edge_x-400,37,4064,3,0,13,2,0,1,1,2.96601817223,-400
exec27_edge_x-400,15,19713,3,0,6,1,0,1,1,6.17621921826,-400
exec27_edge_x-400,46,3570,6,0,8,0,0,1,0,4.43416990221,-400
exec27_edge_x-400,25,2313,1,0,0,0,0,1,0,6.18180214489,-400
exec27_edge_x-400,25,2299,6,0,0,0,0,1,0,4.35167554808,-400
exec27_edge_x-400,1,5036,1,0,8,0,0,1,0,3.39897651502,-400
exec27_edge_x-400,6,21593,4,0,2,0,0,1,0,2.90831931101,-400
exec27_edge_x-400,1,5025,2,0,10,11,0,1,1,5.08763823033,-400
exec27_edge_x-400,40,3495,6,0,2,0,0,1,0,3.88287436795,-400
exec27_edge_x-400,10,2534,3,0,15,2,0,1,1,4.59175533776,-400
exec27_edge_x-400,31,669,4,0,6,0,0,1,0,6.87541255618,-400
exec27_edge_x-400,22,2320,1,0,14,3,0,1,1,2.59122285807,-400
exec27_edge_x-400,19,1989,8,1,5,1,0,1,1,4.44448522417,-400
exec27_edge_x-400,4,2251,3,0,0,0,0,1,0,5.27741101045,-400
exec27_edge_x-400,22,2313,0,0,3,0,0,1,1,2.95426519902,-400
exec27_edge_x-400,1,5000,5,0,8,2,0,1,1,1.48939001048,-400
exec27_edge_x-400,25,2242,2,0,6,0,0,1,0,1.99046667105,-400
exec27_edge_x-400,4,2232,5,0,12,0,0,1,0,2.0382852466,-400
exec27_edge_x-400,1,4990,6,0,6,1,0,1,1,2.08740118335,-400
exec27_edge_x-400,33,19699,4,0,24,10,0,1,1,3.56507489019,-400
exec27_edge_x-400,6,21547,1,0,5,0,0,1,0,1.75196768197,-400
exec27_edge_x-400,19,1960,6,0,33,2,0,1,1,4.60788107572,-400
exec27_edge_x-400,40,3433,5,0,6,0,0,1,0,2.81938380251,-400
exec27_edge_x-400,15,19624,2,0,14,2,0,1,1,2.93392246418,-400
exec27_edge_x-400,46,3470,3,0,1,0,0,1,0,1.52125397252,-400
exec27_edge_x-400,37,3970,7,0,4,0,0,1,0,1.87938094998,-400
exec27_edge_x-400,4,2184,0,0,1,1,0,1,1,4.14061135105,-400
exec27_edge_x-400,28,2584,6,0,9,0,0,1,1,5.81386903568,-400
exec27_edge_x-400,37,3960,2,0,10,3,0,1,1,2.38785782545,-400
exec27_edge_x-400,1,4943,5,0,2,0,0,1,0,3.94465877095,-400
exec27_edge_x-400,6,21507,6,0,3,0,0,1,0,1.49935210311,-400
exec27_edge_x-400,10,2456,5,0,7,0,0,1,1,1.72631494383,-400
exec27_edge_x-400,4,2163,13,1,41,23,0,1,1,6.2592690558,-400
exec27_edge_x-400,22,2226,1,0,0,0,0,0,0,2.78023979506,-400
exec27_edge_x-400,10,2452,6,0,24,4,0,1,1,4.84149723277,-400
exec27_edge_x-400,6,21472,1,0,4,1,0,1,1,1.88479628996,-400
exec27_edge_x-400,1,4905,0,0,6,0,0,1,0,2.35130983226,-400
exec27_edge_x-400,22,2205,3,0,19,5,0,1,1,3.13870308092,-400
exec27_edge_x-400,12,19177,1,0,0,0,0,1,0,1.90754722374,-400
exec27_edge_x-400,6,21453,1,0,1,0,0,1,0,3.78095941496,-400
exec27_edge_x-400,42,20514,4,0,2,0,0,1,0,2.30175335843,-400
exec27_edge_x-400,4,2118,0,0,6,0,0,1,0,5.09181342641,-400
exec27_edge_x-400,15,19549,3,0,8,0,0,1,0,2.32846375031,-400
exec27_edge_x-400,25,2120,0,0,10,0,0,1,0,4.99246537623,-400
exec27_edge_x-400,25,2115,1,0,11,2,0,1,1,6.15807271098,-400
exec27_edge_x-400,15,19540,1,0,10,0,0,1,1,5.50925182213,-400
exec27_edge_x-400,1,4873,3,0,5,0,0,1,0,5.0202512192,-400
exec27_edge_x-400,22,2159,7,0,8,0,0,1,1,4.64019669352,-400
exec27_edge_x-400,34,1714,2,0,14,0,0,1,0,2.01706416933,-400
exec27_edge_x-400,1,4851,3,0,10,0,0,1,0,2.37941520969,-400
exec27_edge_x-400,10,2388,7,0,9,1,0,1,1,2.43779960069,-400
exec27_edge_x-400,37,3844,6,0,21,5,0,1,1,5.82424548657,-400
exec27_edge_x-400,10,2384,4,0,5,1,0,1,1,3.77823927431,-400
exec27_edge_x-400,25,2072,2,0,20,5,0,1,1,5.59746984008,-400
exec27_edge_x-400,6,21371,14,1,12,1,0,1,1,5.57683044696,-400
exec27_edge_x-400,19,1803,7,0,10,0,0,1,0,4.4248513099,-400
exec27_edge_x-400,6,21356,3,0,6,2,0,1,1,6.95595965382,-400
exec27_edge_x-400,6,21348,3,0,27,3,0,1,1,2.71739524305,-400
exec27_edge_x-400,19,1783,1,0,9,4,0,1,1,3.76817964586,-400
exec27_edge_x-400,12,19066,12,1,14,0,0,1,0,5.96776149653,-400
exec27_edge_x-400,22,2090,1,0,7,0,0,1,0,2.34638281044,-400
exec27_edge_x-400,28,2418,4,0,7,2,0,1,1,4.00911006618,-400
exec27_edge_x-400,12,19049,2,0,5,0,0,1,0,1.33791498148,-400
exec27_edge_x-400,22,2084,7,0,19,6,0,1,1,5.92315079337,-400
exec27_edge_x-400,34,1642,2,0,7,4,0,1,1,6.88872253698,-400
exec27_edge_x-400,15,19441,0,0,23,3,0,1,1,3.47444273414,-400
exec27_edge_x-400,46,3274,8,1,4,1,0,1,1,9.63705274874,-400
exec27_edge_x-400,40,3211,7,0,13,1,0,1,1,3.20039040711,-400
exec27_edge_x-400,19,1736,6,0,3,0,0,1,0,5.80097653858,-400
exec27_edge_x-400,46,3263,4,0,7,0,0,1,0,2.27089129036,-400
exec27_edge_x-400,22,2008,2,0,5,0,0,1,0,1.79117065924,-400
exec27_edge_x-400,12,21815,6,0,19,2,0,1,1,5.13489753404,-400
exec27_edge_x-400,6,21272,2,0,1,0,0,1,0,3.10599583171,-400
exec27_edge_x-400,34,1584,3,0,16,0,0,1,1,1.92710906068,-400
exec27_edge_x-400,4,1959,11,1,28,11,0,1,1,5.92816086443,-400
exec27_edge_x-400,19,1699,11,1,19,0,0,1,0,7.14668554208,-400
exec27_edge_x-400,19,1692,7,0,1,0,0,1,0,4.70366253574,-400
exec27_edge_x-400,28,2337,0,0,17,2,0,1,1,2.49283690664,-400
exec27_edge_x-400,34,1576,3,0,5,0,0,1,0,7.65083622341,-400
exec27_edge_x-400,19,1683,5,0,7,2,0,1,1,5.76390484909,-400
exec27_edge_x-400,6,21254,9,1,27,3,0,1,1,6.99298235917,-400
exec27_edge_x-400,15,19380,0,0,2,0,0,1,0,9.33964861716,-400
exec27_edge_x-400,34,1568,2,0,0,0,0,1,0,2.59243306288,-400
exec27_edge_x-400,12,21789,7,0,7,3,0,1,1,3.18654432396,-400
exec27_edge_x-400,46,3217,7,0,19,5,0,1,1,2.71560143802,-400
exec27_edge_x-400,25,1924,7,0,11,0,0,1,1,7.44457534502,-400
exec27_edge_x-400,28,2325,7,0,21,3,0,1,1,2.59510633425,-400
exec27_edge_x-400,46,3207,0,0,3,0,0,1,0,1.7091281576,-400
exec27_edge_x-400,34,1545,2,0,2,0,0,1,0,4.65203182985,-400
exec27_edge_x-400,15,19361,6,0,12,0,0,1,0,2.48588022913,-400
exec27_edge_x-400,19,1653,4,0,21,9,0,1,1,5.13597703655,-400
exec27_edge_x-400,34,1542,4,0,6,0,0,1,0,6.57750240232,-400
exec27_edge_x-400,6,21225,0,0,3,0,0,1,0,5.60964243622,-400
exec27_edge_x-400,22,1930,5,0,5,2,0,1,1,3.99077298581,-400
exec27_edge_x-400,46,3172,7,0,2,0,0,1,0,2.83122799028,-400
exec27_edge_x-400,1,4658,0,0,10,1,0,1,1,8.77532437614,-400
exec27_edge_x-400,19,1613,3,0,3,0,0,1,0,1.90036103181,-400
exec27_edge_x-400,19,1609,7,0,17,3,0,1,1,6.15359772342,-400
exec27_edge_x-400,37,3624,11,1,8,2,0,1,1,4.6529127809,-400
exec27_edge_x-400,12,21731,4,0,12,7,0,1,1,5.52104123509,-400
exec27_edge_x-400,34,1506,6,0,9,5,0,1,1,5.85022241946,-400
exec27_edge_x-400,34,1496,5,0,12,4,0,1,1,2.09145669302,-400
exec27_edge_x-400,42,20264,1,0,16,11,0,1,1,3.04883538265,-400
exec27_edge_x-400,31,252,0,0,5,2,0,1,1,4.28718715035,-400
exec27_edge_x-400,42,20261,4,0,16,2,0,1,1,2.49422615222,-400
exec27_edge_x-400,1,4624,3,0,18,2,0,1,1,3.22555259569,-400
exec27_edge_x-400,15,19282,3,0,9,1,0,1,1,1.50062070093,-400
exec27_edge_x-400,34,1482,6,0,22,0,0,1,0,2.58174318344,-400
exec27_edge_x-400,10,2169,5,0,27,12,0,1,1,6.0294057356,-400
exec27_edge_x-400,15,19267,5,0,5,0,0,1,0,1.95562419832,-400
exec27_edge_x-400,25,1807,6,0,2,2,0,1,1,4.08270825455,-400
exec27_edge_x-400,31,221,1,0,6,0,0,1,0,9.56813417282,-400
exec27_edge_x-400,22,1835,1,0,0,0,0,1,0,3.89703514067,-400
exec27_edge_x-400,28,2187,2,0,0,0,0,1,0,2.11642434482,-400
exec27_edge_x-400,40,3034,2,0,7,0,0,1,0,3.36095931542,-400
exec27_edge_x-400,31,205,0,0,2,0,0,1,0,2.66768023676,-400
exec27_edge_x-400,28,2162,4,0,1,0,0,1,0,2.7936783838,-400
exec27_edge_x-400,42,20189,5,0,6,0,0,1,0,5.30287901811,-400
exec27_edge_x-400,37,3544,7,0,1,2,0,1,1,3.61939903824,-400
exec27_edge_x-400,40,3016,7,0,20,6,0,1,1,2.2932473518,-400
exec27_edge_x-400,40,3015,2,0,15,1,0,1,1,2.94307378857,-400
exec27_edge_x-400,12,21651,2,0,2,0,0,1,0,4.71561876406,-400
exec27_edge_x-400,4,5568,5,0,1,0,0,1,0,1.64387128759,-400
exec27_edge_x-400,31,173,5,0,12,11,0,1,1,3.97283193801,-400
exec27_edge_x-400,15,19196,6,0,28,8,0,1,1,2.45970213796,-400
exec27_edge_x-400,15,21040,6,0,0,0,0,0,0,3.35335533935,-400
exec27_edge_x-400,37,3514,5,0,5,0,0,1,0,2.91018225808,-400
exec27_edge_x-400,31,145,4,0,11,2,0,1,1,3.99369660483,-400
exec27_edge_x-400,1,4541,6,0,7,0,0,1,0,3.20749909316,-400
exec27_edge_x-400,34,1382,5,0,0,0,0,1,0,2.24472607617,-400
exec27_edge_x-400,46,3030,0,0,16,2,0,1,1,3.52300832061,-400
exec27_edge_x-400,42,20113,0,0,3,0,0,1,0,6.51192001884,-400
exec27_edge_x-400,19,4654,2,0,4,0,0,1,0,1.7797490421,-400
exec27_edge_x-400,6,21043,3,0,10,0,0,1,0,2.4698309812,-400
exec27_edge_x-400,22,1714,5,0,8,2,0,1,1,1.50109350529,-400
exec27_edge_x-400,15,19130,4,0,8,6,0,1,1,2.47789327988,-400
exec27_edge_x-400,34,1324,4,0,7,4,0,1,1,4.38267251058,-400
exec27_edge_x-400,15,19120,3,0,12,0,0,1,0,15.2519727437,-400
exec27_edge_x-400,15,19116,0,0,8,1,0,1,1,2.79901382641,-400
exec27_edge_x-400,15,21042,0,0,0,0,0,0,0,3.45640212085,-400
exec27_edge_x-400,1,4478,5,0,3,0,0,1,0,4.96468873294,-400
exec27_edge_x-400,1,4472,3,0,12,0,0,1,0,6.73315292285,-400
exec27_edge_x-400,46,2968,2,0,3,0,0,1,0,2.37570972695,-400
exec27_edge_x-400,10,2015,2,0,31,16,0,1,1,3.86736057456,-400
exec27_edge_x-400,46,2963,6,0,0,0,0,1,0,1.32751137094,-400
exec27_edge_x-400,10,2009,7,0,9,0,0,1,0,2.4056360099,-400
exec27_edge_x-400,4,5446,7,0,22,4,0,1,1,3.01567375579,-400
exec27_edge_x-400,10,1999,2,0,7,0,0,1,0,4.43481367326,-400
exec27_edge_x-400,6,20984,3,0,1,0,0,1,0,3.94153088119,-400
exec27_edge_x-400,28,2027,0,0,11,3,0,1,1,3.2620524378,-400
exec27_edge_x-400,37,3407,4,0,10,0,0,1,1,3.66705783889,-400
exec27_edge_x-400,46,2939,3,0,0,0,0,1,0,4.52015949298,-400
exec27_edge_x-400,34,1277,4,0,0,0,0,1,0,3.40052253974,-400
exec27_edge_x-400,25,1637,0,0,3,1,0,1,1,3.38722813792,-400
exec27_edge_x-400,31,3114,0,0,18,0,0,1,0,2.10569267128,-400
exec27_edge_x-400,46,2928,5,0,7,5,0,1,1,3.3580700516,-400
exec27_edge_x-400,22,4700,6,0,0,0,0,0,0,2.10832933394,-400
exec27_edge_x-400,10,1965,2,0,10,1,0,1,1,1.39632881263,-400
exec27_edge_x-400,40,2877,4,0,22,7,0,1,1,2.28534063534,-400
exec27_edge_x-400,19,4578,2,0,23,6,0,1,1,2.69632619477,-400
exec27_edge_x-400,19,4576,5,0,20,5,0,1,1,3.30673065452,-400
exec27_edge_x-400,25,1615,1,0,0,0,0,1,0,2.8293555096,-400
exec27_edge_x-400,15,19050,3,0,2,0,0,1,0,1.78543805647,-400
exec27_edge_x-400,10,1937,2,0,5,0,0,1,0,1.31391473012,-400
exec27_edge_x-400,37,3385,7,0,18,0,0,1,1,3.20126781047,-400
exec27_edge_x-400,4,5382,7,0,21,13,0,1,1,4.13078971429,-400
exec27_edge_x-400,46,2895,3,0,9,2,0,1,1,2.28422643818,-400
exec27_edge_x-400,34,1198,2,0,7,0,0,1,0,2.67654467694,-400
exec27_edge_x-400,42,19967,5,0,5,0,0,1,0,3.00650783315,-400
exec27_edge_x-400,4,5347,4,0,9,2,0,1,1,2.11017632533,-400
exec27_edge_x-400,46,2872,6,0,4,0,0,1,0,2.37672755227,-400
exec27_edge_x-400,15,18989,6,0,10,0,0,1,0,1.29725180386,-400
exec27_edge_x-400,40,2820,4,0,4,0,0,1,0,2.20576671666,-400
exec27_edge_x-400,31,3057,7,0,18,0,0,1,0,4.30805537608,-400
exec27_edge_x-400,42,19929,4,0,12,0,0,1,1,1.80147083706,-400
exec27_edge_x-400,10,5677,1,0,8,0,0,1,0,2.89537195506,-400
exec27_edge_x-400,40,2810,7,0,3,0,0,1,0,2.82604867236,-400
exec27_edge_x-400,22,4619,4,0,6,1,0,1,1,3.18244733865,-400
exec27_edge_x-400,12,21451,4,0,6,0,0,1,0,6.16591091213,-400
exec27_edge_x-400,6,20872,5,0,1,0,0,1,0,6.91844060253,-400
exec27_edge_x-400,10,5664,3,0,10,0,0,1,0,4.42500346303,-400
exec27_edge_x-400,37,3287,0,0,7,0,0,1,0,1.39593514781,-400
exec27_edge_x-400,28,1927,0,0,10,0,0,1,1,3.25831979547,-400
exec27_edge_x-400,37,7446,0,0,0,0,0,1,0,2.56734319922,-400
exec27_edge_x-400,10,5644,10,1,3,0,0,1,0,6.35260772692,-400
exec27_edge_x-400,37,7444,2,0,11,4,0,1,1,2.29291624849,-400
exec27_edge_x-400,22,4577,1,0,25,3,0,1,1,5.14219218868,-400
exec27_edge_x-400,22,4771,1,0,0,0,0,0,0,8.02524573788,-400
exec27_edge_x-400,4,5269,1,0,8,0,0,1,0,3.99586271721,-400
exec27_edge_x-400,10,5619,11,1,7,0,0,1,0,4.75446315067,-400
exec27_edge_x-400,6,20826,5,0,1,0,0,1,0,2.07452521209,-400
exec27_edge_x-400,4,5245,6,0,9,2,0,1,1,1.80336330058,-400
exec27_edge_x-400,31,2991,4,0,8,0,0,1,0,2.38483142335,-400
exec27_edge_x-400,28,1863,4,0,3,0,0,1,0,3.43026596458,-400
exec27_edge_x-400,25,5259,7,0,3,0,0,1,0,3.38265930692,-400
exec27_edge_x-400,31,2979,1,0,15,2,0,1,1,2.87330954713,-400
exec27_edge_x-400,10,5578,3,0,2,0,0,1,0,4.78346701375,-400
exec27_edge_x-400,1,4271,2,0,21,8,0,1,1,8.92746044688,-400
exec27_edge_x-400,42,22818,2,0,4,0,0,1,0,2.02742594945,-400
exec27_edge_x-400,10,5567,6,0,9,4,0,1,1,2.71005303873,-400
exec27_edge_x-400,10,5726,6,0,0,0,0,0,0,3.59092120992,-400
exec27_edge_x-400,34,1059,0,0,20,7,0,1,1,2.08119597199,-400
exec27_edge_x-400,6,20775,3,0,14,3,0,1,1,2.01731317744,-400
exec27_edge_x-400,31,2943,7,0,10,0,0,1,0,4.64284811354,-400
exec27_edge_x-400,10,5557,5,0,14,0,0,1,0,5.00679966672,-400
exec27_edge_x-400,19,4405,0,0,5,0,0,1,1,2.80892772232,-400
exec27_edge_x-400,4,5198,7,0,13,5,0,1,1,2.09320574939,-400
exec27_edge_x-400,28,1814,8,1,4,0,0,1,0,4.32367088114,-400
exec27_edge_x-400,19,4396,0,0,48,3,0,1,1,5.75780267096,-400
exec27_edge_x-400,42,22768,7,0,18,1,0,1,1,5.15421290537,-400
exec27_edge_x-400,46,2708,0,0,11,0,0,1,0,6.32593209099,-400
exec27_edge_x-400,34,1012,2,0,3,0,0,1,0,4.67945116514,-400
exec27_edge_x-400,22,4486,1,0,15,5,0,1,1,2.49107882179,-400
exec27_edge_x-400,19,4373,0,0,8,0,0,1,0,5.86959640071,-400
exec27_edge_x-400,42,22753,7,0,4,0,0,1,0,2.61477469776,-400
exec27_edge_x-400,15,21222,7,0,9,0,0,1,0,9.46852824981,-400
exec27_edge_x-400,12,21298,6,0,14,0,0,1,1,4.62066399159,-400
exec27_edge_x-400,10,5495,7,0,7,0,0,1,0,5.04349387647,-400
exec27_edge_x-400,40,2653,12,1,0,0,0,1,0,8.44569617128,-400
exec27_edge_x-400,42,22735,5,0,3,0,0,1,0,3.49321923866,-400
exec27_edge_x-400,19,4347,1,0,11,3,0,1,1,3.01625960156,-400
exec27_edge_x-400,31,2884,4,0,20,4,0,1,1,2.18848014751,-400
exec27_edge_x-400,37,7304,4,0,17,5,0,1,1,3.42264422305,-400
exec27_edge_x-400,40,2641,5,0,13,0,0,1,0,6.61785658472,-400
exec27_edge_x-400,22,4772,5,0,8,0,0,1,0,4.03951239637,-400
exec27_edge_x-400,19,4337,1,0,9,1,0,1,1,7.56176848814,-400
exec27_edge_x-400,46,2635,4,0,6,0,0,1,0,7.14107454758,-400
exec27_edge_x-400,31,2869,2,0,12,2,0,1,1,3.13811157347,-400
exec27_edge_x-400,46,2631,0,0,0,0,0,0,0,3.95082932746,-400
exec27_edge_x-400,28,1746,3,0,2,0,0,1,0,1.41058560234,-400
exec27_edge_x-400,1,4172,5,0,10,0,0,1,0,3.81910418321,-400
exec27_edge_x-400,46,2619,0,0,8,0,0,1,1,2.20001723151,-400
exec27_edge_x-400,22,4418,5,0,14,0,0,1,0,6.38833610145,-400
exec27_edge_x-400,10,5463,0,0,2,0,0,1,0,1.56864369004,-400
exec27_edge_x-400,4,5102,5,0,10,0,0,1,1,2.95741733368,-400
exec27_edge_x-400,25,5128,1,0,20,4,0,1,1,3.06178627492,-400
exec27_edge_x-400,1,4159,3,0,9,3,0,1,1,5.53180574637,-400
exec27_edge_x-400,10,5457,0,0,10,1,0,1,1,3.09442556787,-400
exec27_edge_x-400,12,21213,3,0,0,0,0,1,0,5.77855494962,-400
exec27_edge_x-400,12,21209,3,0,7,2,0,1,1,3.661376282,-400
exec27_edge_x-400,34,913,7,0,10,0,0,1,0,3.9376803645,-400
exec27_edge_x-400,40,2597,0,0,7,0,0,1,0,3.78970054458,-400
exec27_edge_x-400,37,7241,2,0,5,0,0,1,0,4.57487204803,-400
exec27_edge_x-400,34,910,3,0,19,4,0,1,1,5.2473725154,-400
exec27_edge_x-400,19,4278,5,0,14,3,0,1,1,3.36954400277,-400
exec27_edge_x-400,10,5425,15,1,6,0,0,1,0,5.11040548783,-400
exec27_edge_x-400,1,5083,1,0,6,2,0,1,1,4.13518505175,-400
exec27_edge_x-400,34,875,0,0,13,0,0,1,0,2.36330501057,-400
exec27_edge_x-400,12,21165,5,0,16,0,0,1,0,4.180206472,-400
exec27_edge_x-400,46,2560,2,0,0,0,0,1,0,1.7156199531,-400
exec27_edge_x-400,40,2547,6,0,3,2,0,1,1,2.26661209738,-400
exec27_edge_x-400,42,22628,0,0,1,0,0,1,0,3.73891840836,-400
exec27_edge_x-400,19,4249,2,0,9,0,0,1,0,4.78110756531,-400
exec27_edge_x-400,40,2542,0,0,12,0,0,1,0,1.45550178737,-400
exec27_edge_x-400,12,21151,2,0,13,0,0,1,1,3.15952512575,-400
exec27_edge_x-400,10,5390,0,0,0,0,0,1,0,2.18616209645,-400
exec27_edge_x-400,37,7191,1,0,7,0,0,1,1,6.09791113027,-400
exec27_edge_x-400,46,2532,4,0,10,4,0,1,1,1.93583689906,-400
exec27_edge_x-400,31,2751,6,0,2,0,0,1,0,2.23578631776,-400
exec27_edge_x-400,19,4216,7,0,17,2,0,1,1,4.85962260089,-400
exec27_edge_x-400,37,7175,1,0,8,0,0,1,0,4.32330672808,-400
exec27_edge_x-400,34,821,0,0,15,2,0,1,1,3.39947804548,-400
exec27_edge_x-400,6,20548,7,0,2,0,0,1,0,4.85938371082,-400
exec27_edge_x-400,22,4289,6,0,22,2,0,1,1,6.75411523655,-400
exec27_edge_x-400,16,1992,4,0,9,1,0,1,1,6.6152255397,-400
exec27_edge_x-400,19,4195,1,0,14,2,0,1,1,7.51459834994,-400
exec27_edge_x-400,25,4992,4,0,10,3,0,1,1,4.33186900402,-400
exec27_edge_x-400,6,20540,12,1,8,0,0,1,1,7.60876454678,-400
exec27_edge_x-400,40,2482,5,0,15,0,0,1,1,1.93413367882,-400
exec27_edge_x-400,40,3506,6,0,0,0,0,1,0,6.72750849825,-400
exec27_edge_x-400,28,4893,4,0,0,0,0,1,0,2.00702061431,-400
exec27_edge_x-400,28,4910,4,0,0,0,0,0,0,2.82597260306,-400
exec27_edge_x-400,40,2473,1,0,3,0,0,1,0,4.71135369781,-400
exec27_edge_x-400,10,5325,6,0,25,6,0,1,1,7.4700150836,-400
exec27_edge_x-400,22,4267,0,0,18,0,0,1,0,4.50115858289,-400
exec27_edge_x-400,42,22561,5,0,16,3,0,1,1,2.48495131132,-400
exec27_edge_x-400,16,1950,4,0,13,2,0,1,1,3.89062624691,-400
exec27_edge_x-400,6,20516,4,0,10,0,0,1,0,2.47491609331,-400
exec27_edge_x-400,31,2675,1,0,10,2,0,1,1,4.37131629697,-400
exec27_edge_x-400,42,22534,2,0,11,3,0,1,1,3.55200960395,-400
exec27_edge_x-400,46,2434,11,1,8,0,0,1,0,5.93126591463,-400
exec27_edge_x-400,1,3973,0,0,16,2,0,1,1,9.07306049476,-400
exec27_edge_x-400,25,4938,7,0,20,8,0,1,1,6.49987653861,-400
exec27_edge_x-400,4,4935,3,0,5,0,0,1,0,1.66864422426,-400
exec27_edge_x-400,46,2429,0,0,16,0,0,1,0,5.04721515153,-400
exec27_edge_x-400,40,2406,15,1,9,1,0,1,1,4.43686301802,-400
exec27_edge_x-400,46,2409,2,0,12,3,0,1,1,3.24506152947,-400
exec27_edge_x-400,46,2408,10,1,18,7,0,1,1,10.0399482273,-400
exec27_edge_x-400,37,7078,3,0,9,5,0,1,1,3.17004669929,-400
exec27_edge_x-400,6,20469,11,1,26,0,0,1,0,9.59237978463,-400
exec27_edge_x-400,31,2613,6,0,6,2,0,1,1,5.68737215591,-400
exec27_edge_x-400,22,4190,2,0,32,14,0,1,1,5.43151017514,-400
exec27_edge_x-400,12,20992,2,0,4,0,0,1,0,5.68306140431,-400
exec27_edge_x-400,31,2603,4,0,8,0,0,1,0,1.70992376881,-400
exec27_edge_x-400,1,3910,4,0,3,3,0,1,1,3.49060784128,-400
exec27_edge_x-400,25,4881,1,0,10,0,0,1,0,4.8191988622,-400
exec27_edge_x-400,34,685,7,0,2,0,0,1,0,5.71009881743,-400
exec27_edge_x-400,28,4783,2,0,22,12,0,1,1,2.2610769406,-400
exec27_edge_x-400,4,4878,7,0,1,0,0,1,0,5.8979652346,-400
exec27_edge_x-400,34,655,11,1,0,0,0,1,0,4.91377367939,-400
exec27_edge_x-400,28,4762,2,0,10,0,0,1,0,3.28752061025,-400
exec27_edge_x-400,31,2551,1,0,0,0,0,1,0,3.28418566963,-400
exec27_edge_x-400,19,4058,6,0,14,2,0,1,1,4.148938152,-400
exec27_edge_x-400,12,20939,7,0,12,4,0,1,1,4.5507703138,-400
exec27_edge_x-400,42,22421,6,0,7,2,0,1,1,2.46116776612,-400
exec27_edge_x-400,12,20931,3,0,8,0,0,1,1,2.95635236832,-400
exec27_edge_x-400,34,632,6,0,23,10,0,1,1,3.89163110296,-400
exec27_edge_x-400,6,20389,7,0,3,0,0,1,0,2.6767248169,-400
exec27_edge_x-400,6,20385,0,0,5,0,0,1,0,1.77443180767,-400
exec27_edge_x-400,22,4091,7,0,5,1,0,1,1,4.19884220775,-400
exec27_edge_x-400,28,4718,7,0,19,2,0,1,1,3.38519886547,-400
exec27_edge_x-400,12,20912,5,0,13,0,0,1,0,3.7281939178,-400
exec27_edge_x-400,4,4831,8,1,3,0,0,1,0,5.71785016548,-400
exec27_edge_x-400,19,4021,0,0,12,0,0,1,1,3.28929507764,-400
exec27_edge_x-400,34,601,3,0,8,1,0,1,1,2.62581718956,-400
exec27_edge_x-400,6,20367,11,1,15,0,0,1,0,8.90123911887,-400
exec27_edge_x-400,16,1794,4,0,4,0,0,1,0,2.87268354593,-400
exec27_edge_x-400,6,20360,3,0,15,2,0,1,1,6.31281582928,-400
exec27_edge_x-400,25,4779,3,0,9,0,0,1,1,2.53948257894,-400
exec27_edge_x-400,25,5274,3,0,0,0,0,0,0,3.25610054013,-400
exec27_edge_x-400,28,4693,6,0,13,4,0,1,1,6.23570911636,-400
exec27_edge_x-400,31,2494,4,0,10,0,0,1,0,2.53791244604,-400
exec27_edge_x-400,37,6957,2,0,0,0,0,1,0,4.17068306276,-400
exec27_edge_x-400,1,3818,4,0,6,0,0,1,0,4.90294444409,-400
exec27_edge_x-400,46,2290,1,0,6,0,0,1,0,5.14443404346,-400
exec27_edge_x-400,22,4054,14,1,20,0,0,1,0,4.79874835801,-400
exec27_edge_x-400,37,6935,4,0,4,0,0,1,1,1.60194832338,-400
exec27_edge_x-400,16,1767,4,0,4,0,0,1,0,3.89240588479,-400
exec27_edge_x-400,42,22345,5,0,6,0,0,1,0,1.69574698993,-400
exec27_edge_x-400,46,2259,3,0,11,0,0,1,0,2.70597557835,-400
exec27_edge_x-400,6,20320,3,0,15,2,0,1,1,4.74337274687,-400
exec27_edge_x-400,12,20844,6,0,1,1,0,1,1,4.54705872884,-400
exec27_edge_x-400,34,556,7,0,8,3,0,1,1,2.70407100146,-400
exec27_edge_x-400,22,4020,0,0,15,0,0,1,0,2.42030760281,-400
exec27_edge_x-400,19,3934,5,0,0,0,0,1,0,1.64888971172,-400
exec27_edge_x-400,16,1733,5,0,16,9,0,1,1,2.63410681714,-400
exec27_edge_x-400,10,5060,3,0,12,0,0,1,0,1.97619161999,-400
exec27_edge_x-400,34,540,7,0,0,0,0,1,0,2.14158299137,-400
exec27_edge_x-400,25,4732,3,0,14,2,0,1,1,7.469094062,-400
exec27_edge_x-400,12,20829,2,0,2,0,0,1,0,2.30022188687,-400
exec27_edge_x-400,40,2204,6,0,10,0,0,1,0,3.88835360859,-400
exec27_edge_x-400,25,4722,0,0,2,0,0,1,0,4.5849542161,-400
exec27_edge_x-400,40,2196,4,0,25,5,0,1,1,3.16613424561,-400
exec27_edge_x-400,12,20816,8,1,13,3,0,1,1,5.11653189053,-400
exec27_edge_x-400,40,2194,2,0,9,0,0,1,0,5.75363396154,-400
exec27_edge_x-400,25,4711,0,0,10,0,0,1,0,3.35087397934,-400
exec27_edge_x-400,10,5036,0,0,20,0,0,1,0,5.19378795876,-400
exec27_edge_x-400,37,6858,3,0,5,0,0,1,0,7.76577972574,-400
exec27_edge_x-400,16,1702,0,0,11,2,0,1,1,2.16346983745,-400
exec27_edge_x-400,19,3907,4,0,7,0,0,1,0,3.04282999056,-400
exec27_edge_x-400,40,2164,1,0,12,4,0,1,1,9.53998340445,-400
exec27_edge_x-400,34,488,7,0,11,5,0,1,1,7.90744733935,-400
exec27_edge_x-400,37,6840,1,0,19,6,0,1,1,2.57318998226,-400
exec27_edge_x-400,34,483,0,0,13,2,0,1,1,5.04934602326,-400
exec27_edge_x-400,4,4686,7,0,0,0,0,1,0,6.52220137561,-400
exec27_edge_x-400,42,22256,4,0,1,0,0,1,0,1.95336417861,-400
exec27_edge_x-400,31,2369,1,0,8,0,0,1,0,6.24949891582,-400
exec27_edge_x-400,31,3123,1,0,0,0,0,0,0,8.87173468031,-400
exec27_edge_x-400,31,2359,3,0,1,0,0,1,0,1.449455991,-400
exec27_edge_x-400,4,4667,1,0,28,10,0,1,1,5.02508978067,-400
exec27_edge_x-400,10,5000,4,0,14,2,0,1,1,9.24645073596,-400
exec27_edge_x-400,16,1666,1,0,6,0,0,1,0,3.15254348258,-400
exec27_edge_x-400,37,6812,3,0,15,3,0,1,1,4.02218808172,-400
exec27_edge_x-400,31,2352,1,0,37,7,0,1,1,3.91171905537,-400
exec27_edge_x-400,40,2124,0,0,10,1,0,1,1,5.34239147848,-400
exec27_edge_x-400,22,3889,3,0,10,0,0,1,1,3.45352418531,-400
exec27_edge_x-400,37,6798,6,0,4,0,0,1,0,8.56536416215,-400
exec27_edge_x-400,25,4647,4,0,7,0,0,1,0,2.12708658009,-400
exec27_edge_x-400,4,4638,3,0,5,0,0,1,0,3.77539431963,-400
exec27_edge_x-400,25,4633,0,0,0,0,0,1,0,9.50815735835,-400
exec27_edge_x-400,4,4624,0,0,13,0,0,1,0,1.58020684888,-400
exec27_edge_x-400,28,4500,7,0,18,7,0,1,1,1.68956259079,-400
exec27_edge_x-400,19,3818,4,0,21,1,0,1,1,5.92280007463,-400
exec27_edge_x-400,22,3858,5,0,3,0,0,1,0,1.70387298692,-400
exec27_edge_x-400,25,4609,4,0,19,0,0,1,1,3.22074871939,-400
exec27_edge_x-400,25,4606,3,0,0,0,0,1,0,2.56015527212,-400
exec27_edge_x-400,12,20696,6,0,9,3,0,1,1,3.2187900148,-400
exec27_edge_x-400,4,4596,13,1,16,3,0,1,1,7.97621946282,-400
exec27_edge_x-400,1,3627,4,0,11,6,0,1,1,3.26128127532,-400
exec27_edge_x-400,19,3792,6,0,5,0,0,1,0,1.7927702218,-400
exec27_edge_x-400,22,3827,6,0,9,0,0,1,0,2.03657015984,-400
exec27_edge_x-400,19,3785,0,0,2,0,0,1,0,4.54193913083,-400
exec27_edge_x-400,40,2058,4,0,2,1,0,1,1,2.74437706368,-400
exec27_edge_x-400,34,382,15,1,20,2,0,1,1,9.82592092646,-400
exec27_edge_x-400,25,4582,6,0,2,0,0,1,0,1.61070228664,-400
exec27_edge_x-400,16,1572,0,0,8,2,0,1,1,6.64152290382,-400
exec27_edge_x-400,12,20648,1,0,7,0,0,1,0,2.29326833317,-400
exec27_edge_x-400,31,2234,1,0,0,0,0,1,0,5.74704074552,-400
exec27_edge_x-400,34,354,6,0,3,0,0,1,0,4.07450002156,-400
exec27_edge_x-400,42,22129,7,0,10,2,0,1,1,2.38110433349,-400
exec27_edge_x-400,19,3735,2,0,14,3,0,1,1,4.8370749201,-400
exec27_edge_x-400,6,20088,5,0,0,0,0,1,0,1.57774122708,-400
exec27_edge_x-400,4,4523,7,0,4,0,0,1,0,6.18369725259,-400
exec27_edge_x-400,22,3760,5,0,4,0,0,1,0,2.82959754358,-400
exec27_edge_x-400,25,5275,4,0,14,9,0,1,1,6.22536886607,-400
exec27_edge_x-400,34,310,4,0,3,0,0,1,0,5.53737829896,-400
exec27_edge_x-400,37,6669,3,0,11,0,0,1,0,2.99846541108,-400
exec27_edge_x-400,16,1519,1,0,0,0,0,1,0,3.04922380171,-400
exec27_edge_x-400,1,3540,1,0,6,1,0,1,1,1.48225842454,-400
exec27_edge_x-400,1,3535,1,0,11,6,0,1,1,3.63488654026,-400
exec27_edge_x-400,1,3533,5,0,12,2,0,1,1,3.90188744303,-400
exec27_edge_x-400,42,22072,1,0,16,6,0,1,1,3.83960202901,-400
exec27_edge_x-400,12,20603,7,0,26,8,0,1,1,3.48576060842,-400
exec27_edge_x-400,40,1959,7,0,7,1,0,1,1,6.97790326183,-400
exec27_edge_x-400,40,1955,2,0,14,6,0,1,1,2.3288879165,-400
exec27_edge_x-400,37,6603,7,0,2,0,0,1,0,3.73184150759,-400
exec27_edge_x-400,25,4458,3,0,22,1,0,1,1,2.73034939084,-400
exec27_edge_x-400,25,4455,6,0,0,0,0,1,0,4.57391853898,-400
exec27_edge_x-400,28,4327,6,0,0,0,0,1,0,2.72668941765,-400
exec27_edge_x-400,1,3495,4,0,13,1,0,1,1,1.66244678631,-400
exec27_edge_x-400,10,4793,5,0,12,2,0,1,1,2.30697054007,-400
exec27_edge_x-400,10,5730,5,0,0,1,0,1,1,3.58485616485,-400
exec27_edge_x-400,1,3492,2,0,10,5,0,1,1,3.73578628132,-400
exec27_edge_x-400,19,3638,1,0,31,25,0,1,1,4.15901561513,-400
exec27_edge_x-400,4,4436,3,0,8,1,0,1,1,2.18407861483,-400
exec27_edge_x-400,28,4314,7,0,2,0,0,1,0,4.35967480668,-400
exec27_edge_x-400,31,2106,7,0,9,0,0,1,1,3.3059559848,-400
exec27_edge_x-400,22,3670,2,0,0,0,0,1,0,3.02121853588,-400
exec27_edge_x-400,28,4300,14,1,10,0,0,1,0,5.2161490012,-400
exec27_edge_x-400,25,4411,6,0,5,0,0,1,0,6.60663075195,-400
exec27_edge_x-400,37,6547,7,0,4,0,0,1,1,11.690982496,-400
exec27_edge_x-400,12,20507,4,0,11,0,0,1,0,1.2594159347,-400
exec27_edge_x-400,19,3606,4,0,35,5,0,1,1,9.6095162324,-400
exec27_edge_x-400,6,19932,5,0,13,0,0,1,0,1.37542811242,-400
exec27_edge_x-400,19,3604,1,0,9,0,0,1,0,2.59866589838,-400
exec27_edge_x-400,10,4752,4,0,0,0,0,1,0,4.44407802186,-400
exec27_edge_x-400,42,21998,7,0,6,0,0,1,1,1.65141050711,-400
exec27_edge_x-400,34,193,5,0,1,1,0,1,1,4.40625371825,-400
exec27_edge_x-400,22,3641,6,0,10,5,0,1,1,7.60732103166,-400
exec27_edge_x-400,12,20472,2,0,4,4,0,1,1,1.49476407025,-400
exec27_edge_x-400,31,2069,2,0,7,0,0,1,0,4.89508134425,-400
exec27_edge_x-400,46,1850,14,1,23,1,0,1,1,7.93623401263,-400
exec27_edge_x-400,25,4379,5,0,23,7,0,1,1,2.72265207901,-400
exec27_edge_x-400,34,177,2,0,5,0,0,1,0,3.31113893855,-400
exec27_edge_x-400,22,3632,6,0,15,8,0,1,1,3.28100151399,-400
exec27_edge_x-400,12,20437,2,0,2,0,0,1,0,1.28095664216,-400
exec27_edge_x-400,46,1832,4,0,18,2,0,1,1,3.91311980581,-400
exec27_edge_x-400,6,24042,4,0,12,2,0,1,1,3.34347604269,-400
exec27_edge_x-400,22,3606,6,0,2,0,0,1,0,7.63693937906,-400
exec27_edge_x-400,42,21970,0,0,15,1,0,1,1,3.29673560504,-400
exec27_edge_x-400,1,3409,7,0,6,0,0,1,0,4.33038271924,-400
exec27_edge_x-400,1,3408,1,0,5,3,0,1,1,3.03928169632,-400
exec27_edge_x-400,19,3556,5,0,3,0,0,1,0,6.07221181035,-400
exec27_edge_x-400,10,4716,6,0,4,0,0,1,1,3.2122503983,-400
exec27_edge_x-400,31,2023,0,0,12,6,0,1,1,5.41219477948,-400
exec27_edge_x-400,19,3547,1,0,3,0,0,1,0,2.01508693024,-400
exec27_edge_x-400,31,2019,1,0,4,0,0,1,0,2.10113954498,-400
exec27_edge_x-400,25,4323,6,0,16,5,0,1,1,4.80002167277,-400
exec27_edge_x-400,1,3397,11,1,18,0,0,1,0,4.3610201892,-400
exec27_edge_x-400,19,3536,5,0,12,0,0,1,0,8.05141492508,-400
exec27_edge_x-400,1,3383,2,0,1,0,0,1,0,1.93171584291,-400
exec27_edge_x-400,34,100,6,0,5,0,0,1,0,1.45831472664,-400
exec27_edge_x-400,42,21949,2,0,8,0,0,1,0,3.12433375646,-400
exec27_edge_x-400,10,4689,0,0,24,0,0,1,0,5.48183199286,-400
exec27_edge_x-400,4,4322,7,0,15,1,0,1,1,1.8125689865,-400
exec27_edge_x-400,25,4302,2,0,4,0,0,1,0,3.7673067124,-400
exec27_edge_x-400,16,1351,6,0,0,0,0,1,0,6.40559350677,-400
exec27_edge_x-400,6,23985,1,0,0,0,0,1,0,7.03296671797,-400
exec27_edge_x-400,10,4680,6,0,10,2,0,1,1,3.8150716567,-400
exec27_edge_x-400,10,5732,6,0,0,0,0,0,0,5.03879218832,-400
exec27_edge_x-400,25,4295,1,0,8,0,0,1,0,2.81779473857,-400
exec27_edge_x-400,16,1348,5,0,11,5,0,1,1,5.00181156609,-400
exec27_edge_x-400,46,1766,0,0,8,0,0,1,0,2.57069952341,-400
exec27_edge_x-400,16,1332,12,1,16,1,0,1,1,7.48194095772,-400
exec27_edge_x-400,28,4180,6,0,2,0,0,1,0,4.03793524062,-400
exec27_edge_x-400,40,1788,5,0,8,2,0,1,1,4.02465342251,-400
exec27_edge_x-400,10,4660,3,0,6,0,0,1,0,2.97433375776,-400
exec27_edge_x-400,31,1964,1,0,5,0,0,1,0,2.66284191228,-400
exec27_edge_x-400,25,4272,1,0,0,0,0,1,0,2.23145318852,-400
exec27_edge_x-400,28,4170,1,0,8,0,0,1,0,6.3017310117,-400
exec27_edge_x-400,34,25,1,0,8,3,0,1,1,1.4441406953,-400
exec27_edge_x-400,19,3491,5,0,17,9,0,1,1,3.49865565744,-400
exec27_edge_x-400,37,6420,4,0,10,0,0,1,0,2.28496538492,-400
exec27_edge_x-400,42,21912,2,0,18,9,0,1,1,4.62332301679,-400
exec27_edge_x-400,10,4624,3,0,13,3,0,1,1,3.56431789766,-400
exec27_edge_x-400,34,3502,2,0,19,0,0,1,0,2.43464861958,-400
exec27_edge_x-400,46,1728,5,0,6,2,0,1,1,3.92502290544,-400
exec27_edge_x-400,40,1701,1,0,9,0,0,1,1,1.2939559379,-400
exec27_edge_x-400,1,3280,10,1,14,0,0,1,0,4.24828443181,-400
exec27_edge_x-400,28,4156,3,0,3,0,0,1,0,3.87230344077,-400
exec27_edge_x-400,6,23934,5,0,11,0,0,1,0,2.86300164089,-400
exec27_edge_x-400,42,21893,2,0,1,0,0,1,0,1.96165707141,-400
exec27_edge_x-400,6,23918,6,0,1,0,0,1,0,2.44610133106,-400
exec27_edge_x-400,42,21884,1,0,6,0,0,1,0,3.08170130233,-400
exec27_edge_x-400,1,6557,1,0,9,3,0,1,1,5.11689517001,-400
exec27_edge_x-400,6,23910,7,0,9,2,0,1,1,2.94045367175,-400
exec27_edge_x-400,10,4597,11,1,21,8,0,1,1,12.8240520475,-400
exec27_edge_x-400,31,1919,4,0,3,0,0,1,0,2.76680092814,-400
exec27_edge_x-400,28,4138,7,0,12,6,0,1,1,3.57616341788,-400
exec27_edge_x-400,10,4586,7,0,2,0,0,1,0,1.7722652216,-400
exec27_edge_x-400,28,4131,1,0,6,0,0,1,0,2.95798631379,-400
exec27_edge_x-400,37,6368,4,0,3,0,0,1,1,1.76379058093,-400
exec27_edge_x-400,40,5014,6,0,17,5,0,1,1,5.8757494396,-400
exec27_edge_x-400,37,6361,7,0,6,2,0,1,1,5.8941747623,-400
exec27_edge_x-400,37,7473,7,0,0,0,0,0,0,11.8127851154,-400
exec27_edge_x-400,6,23877,4,0,1,0,0,1,0,4.7935100032,-400
exec27_edge_x-400,12,22406,11,1,8,0,0,1,0,4.97359138686,-400
exec27_edge_x-400,25,4184,1,0,14,3,0,1,1,3.40333836297,-400
exec27_edge_x-400,10,4548,5,0,4,0,0,1,0,3.90180213379,-400
exec27_edge_x-400,42,21827,7,0,13,0,0,1,0,5.07444655229,-400
exec27_edge_x-400,34,3430,3,0,8,0,0,1,0,3.72910282424,-400
exec27_edge_x-400,19,3401,1,0,2,0,0,1,0,4.6676339458,-400
exec27_edge_x-400,37,6331,0,0,3,0,0,1,0,1.90004042601,-400
exec27_edge_x-400,19,3398,4,0,19,6,0,1,1,3.08992337196,-400
exec27_edge_x-400,12,22379,7,0,2,0,0,1,0,3.66305087719,-400
exec27_edge_x-400,46,1624,1,0,11,1,0,1,1,2.91709707786,-400
exec27_edge_x-400,16,1202,7,0,14,2,0,1,1,2.82450470616,-400
exec27_edge_x-400,40,4958,3,0,5,0,0,1,0,2.7917482409,-400
exec27_edge_x-400,10,4511,7,0,5,0,0,1,0,2.03690981304,-400
exec27_edge_x-400,42,21797,7,0,9,0,0,1,1,2.82136262933,-400
exec27_edge_x-400,34,3394,12,1,14,0,0,1,0,10.8789327164,-400
exec27_edge_x-400,12,22359,2,0,10,0,0,1,0,4.78296984387,-400
exec27_edge_x-400,46,1594,6,0,0,0,0,1,0,4.15463568589,-400
exec27_edge_x-400,40,4939,2,0,4,0,0,1,0,1.80174862888,-400
exec27_edge_x-400,34,3370,0,0,5,1,0,1,1,7.38628232702,-400
exec27_edge_x-400,10,4473,1,0,2,0,0,1,0,3.27700458632,-400
exec27_edge_x-400,10,4461,5,0,6,2,0,1,1,2.14404914452,-400
exec27_edge_x-400,31,1809,0,0,2,0,0,1,0,2.350577825,-400
exec27_edge_x-400,31,1804,4,0,10,4,0,1,1,2.6940260104,-400
exec27_edge_x-400,1,6417,14,1,16,6,0,1,1,9.4126278479,-400
exec27_edge_x-400,40,4904,6,0,10,4,0,1,1,6.54866068213,-400
exec27_edge_x-400,31,1801,1,0,8,0,0,1,0,3.24883688721,-400
exec27_edge_x-400,37,6256,2,0,4,0,0,1,0,4.57047491927,-400
exec27_edge_x-400,37,6252,6,0,24,4,0,1,1,6.04355820804,-400
exec27_edge_x-400,40,4901,13,1,46,7,0,1,1,11.3373376095,-400
exec27_edge_x-400,16,1132,7,0,13,6,0,1,1,4.872246972,-400
exec27_edge_x-400,16,1996,7,0,0,0,0,0,0,9.93205462209,-400
exec27_edge_x-400,25,4056,1,0,3,0,0,1,1,2.73781187793,-400
exec27_edge_x-400,37,6241,5,0,31,4,0,1,1,3.40320333879,-400
exec27_edge_x-400,37,6239,0,0,8,1,0,1,1,2.34333302127,-400
exec27_edge_x-400,40,4883,3,0,5,0,0,1,0,2.28905860282,-400
exec27_edge_x-400,16,1119,6,0,15,0,0,1,1,2.27205801898,-400
exec27_edge_x-400,10,4411,6,0,12,0,0,1,0,2.19175680922,-400
exec27_edge_x-400,25,4034,7,0,12,0,0,1,0,4.6198497569,-400
exec27_edge_x-400,37,6202,0,0,0,0,0,1,0,3.02208076773,-400
exec27_edge_x-400,31,1726,5,0,3,0,0,1,0,6.22039901735,-400
exec27_edge_x-400,10,4367,0,0,2,0,0,1,0,14.0313713458,-400
exec27_edge_x-400,28,3929,0,0,13,4,0,1,1,16.3225978836,-400
exec27_edge_x-400,10,4349,4,0,24,4,0,1,1,5.55810002615,-400
exec27_edge_x-400,12,22196,3,0,0,0,0,1,0,2.73001061474,-400
exec27_edge_x-400,34,3241,2,0,2,0,0,1,0,4.62084589038,-400
exec27_edge_x-400,6,23683,2,0,16,3,0,1,1,5.3178465673,-400
exec27_edge_x-400,22,6296,4,0,8,2,0,1,1,3.43154832964,-400
exec27_edge_x-400,10,4338,1,0,8,0,0,1,1,2.61520756262,-400
exec27_edge_x-400,19,3238,7,0,9,1,0,1,1,5.43355182512,-400
exec27_edge_x-400,40,4789,7,0,0,0,0,1,0,1.32988442081,-400
exec27_edge_x-400,34,3214,6,0,10,0,0,1,0,4.57097003801,-400
exec27_edge_x-400,37,6138,2,0,31,23,0,1,1,6.07350311519,-400
exec27_edge_x-400,37,6136,5,0,13,0,0,1,0,4.21750027708,-400
exec27_edge_x-400,4,3970,1,0,16,0,0,1,1,6.82525664669,-400
exec27_edge_x-400,31,1628,0,0,3,0,0,1,0,1.26504202583,-400
exec27_edge_x-400,31,1625,0,0,11,3,0,1,1,1.5392505725,-400
exec27_edge_x-400,40,4775,1,0,2,0,0,1,0,2.22337593863,-400
exec27_edge_x-400,28,3885,0,0,8,3,0,1,1,3.07351303513,-400
exec27_edge_x-400,16,1015,0,0,3,0,0,1,0,3.00174141557,-400
exec27_edge_x-400,16,1014,5,0,8,3,0,1,1,3.18805646671,-400
exec27_edge_x-400,1,6275,1,0,12,2,0,1,1,3.96485893081,-400
exec27_edge_x-400,19,3209,5,0,1,0,0,1,0,2.77044580055,-400
exec27_edge_x-400,19,3205,3,0,6,0,0,1,1,3.77418464357,-400
exec27_edge_x-400,10,4307,4,0,19,2,0,1,1,5.85976433332,-400
exec27_edge_x-400,22,6259,6,0,7,0,0,1,0,2.85878894073,-400
exec27_edge_x-400,1,6257,3,0,22,3,0,1,1,4.53569151948,-400
exec27_edge_x-400,37,6085,3,0,3,0,0,1,0,1.71995349048,-400
exec27_edge_x-400,16,970,3,0,5,0,0,1,0,2.35464704914,-400
exec27_edge_x-400,40,4718,0,0,6,0,0,1,0,1.88775450514,-400
exec27_edge_x-400,16,964,1,0,14,0,0,1,0,12.8584862812,-400
exec27_edge_x-400,42,21569,6,0,9,0,0,1,0,5.68199721059,-400
exec27_edge_x-400,6,23565,5,0,0,0,0,1,0,2.39355024174,-400
exec27_edge_x-400,28,3825,15,1,31,6,0,1,1,8.04312469816,-400
exec27_edge_x-400,4,3897,1,0,7,0,0,1,0,7.57258373118,-400
exec27_edge_x-400,28,3821,1,0,5,0,0,1,0,2.54777209018,-400
exec27_edge_x-400,6,24057,0,0,4,0,0,1,0,7.48226242082,-400
exec27_edge_x-400,16,932,1,0,4,0,0,1,0,2.87009501164,-400
exec27_edge_x-400,19,3147,6,0,15,3,0,1,1,9.7044979895,-400
exec27_edge_x-400,37,6027,0,0,2,0,0,1,0,2.1750475561,-400
exec27_edge_x-400,40,4662,3,0,1,0,0,1,0,2.97667906302,-400
exec27_edge_x-400,40,5051,3,0,0,0,0,0,0,4.59373975971,-400
exec27_edge_x-400,6,23538,0,0,1,0,0,1,0,4.1153515965,-400
exec27_edge_x-400,28,3803,2,0,5,1,0,1,1,3.75451247001,-400
exec27_edge_x-400,42,21536,2,0,14,7,0,1,1,4.90316534619,-400
exec27_edge_x-400,12,22072,9,1,18,0,0,1,0,5.00355853164,-400
exec27_edge_x-400,46,1317,2,0,2,0,0,1,0,5.46550221089,-400
exec27_edge_x-400,37,5995,6,0,22,9,0,1,1,3.37712108476,-400
exec27_edge_x-400,16,897,11,1,3,0,0,1,0,6.72462665934,-400
exec27_edge_x-400,28,3779,3,0,20,1,0,1,1,2.89877412953,-400
exec27_edge_x-400,19,3113,1,0,10,0,0,1,0,1.90181586033,-400
exec27_edge_x-400,6,23505,5,0,12,0,0,1,0,3.03263068616,-400
exec27_edge_x-400,28,3759,3,0,10,5,0,1,1,1.68626268702,-400
exec27_edge_x-400,16,873,7,0,8,0,0,1,0,2.21326771097,-400
exec27_edge_x-400,28,3754,6,0,17,5,0,1,1,5.12940676454,-400
exec27_edge_x-400,19,3082,5,0,12,2,0,1,1,3.72760188315,-400
exec27_edge_x-400,40,4602,7,0,19,0,0,1,0,4.94849107658,-400
exec27_edge_x-400,6,23487,0,0,28,10,0,1,1,4.74538726378,-400
exec27_edge_x-400,4,3816,1,0,28,2,0,1,1,2.83461241314,-400
exec27_edge_x-400,46,1271,7,0,7,0,0,1,0,1.90621881284,-400
exec27_edge_x-400,25,3777,3,0,10,0,0,1,0,3.8834964407,-400
exec27_edge_x-400,37,5945,7,0,9,0,0,1,0,7.14298484507,-400
exec27_edge_x-400,6,23469,1,0,2,0,0,1,0,2.80185978389,-400
exec27_edge_x-400,1,6112,6,0,10,1,0,1,1,1.38269748523,-400
exec27_edge_x-400,22,6109,4,0,8,0,0,1,0,5.19400194089,-400
exec27_edge_x-400,22,6105,1,0,3,0,0,1,0,2.58332776826,-400
exec27_edge_x-400,22,6372,1,0,0,0,0,0,0,4.14984197977,-400
exec27_edge_x-400,40,4583,0,0,20,5,0,1,1,2.74209892719,-400
exec27_edge_x-400,37,5935,0,0,13,0,0,1,1,2.05190152436,-400
exec27_edge_x-400,25,3754,0,0,6,0,0,1,0,2.63660077177,-400
exec27_edge_x-400,42,21456,5,0,3,0,0,1,0,1.5736192844,-400
exec27_edge_x-400,37,5928,5,0,3,0,0,1,0,4.58941127082,-400
exec27_edge_x-400,1,6096,6,0,9,2,0,1,1,3.27905764243,-400
exec27_edge_x-400,25,5276,0,0,0,1,0,1,1,7.68452401222,-400
exec27_edge_x-400,34,2996,5,0,3,0,0,1,0,1.95916278212,-400
exec27_edge_x-400,1,6087,6,0,14,1,0,1,1,5.29999843522,-400
exec27_edge_x-400,34,2987,7,0,3,0,0,1,0,6.00224192867,-400
exec27_edge_x-400,42,21442,4,0,5,0,0,1,0,6.9682478908,-400
exec27_edge_x-400,37,5908,2,0,0,0,0,1,0,7.24601559927,-400
exec27_edge_x-400,25,3732,7,0,6,0,0,1,0,5.96404872458,-400
exec27_edge_x-400,31,4382,2,0,17,0,0,1,0,2.01982937537,-400
exec27_edge_x-400,31,4378,5,0,6,0,0,1,0,3.9739203329,-400
exec27_edge_x-400,37,5896,6,0,12,0,0,1,1,4.53386943833,-400
exec27_edge_x-400,1,6057,2,0,7,0,0,1,0,12.2762443024,-400
exec27_edge_x-400,37,5881,1,0,7,1,0,1,1,2.9688720257,-400
exec27_edge_x-400,1,6045,4,0,5,0,0,1,0,2.62517147668,-400
exec27_edge_x-400,22,6037,0,0,10,0,0,1,1,10.8138169124,-400
exec27_edge_x-400,10,4066,2,0,29,3,0,1,1,4.37121329875,-400
exec27_edge_x-400,10,5737,2,0,0,0,0,0,0,4.71715431215,-400
exec27_edge_x-400,28,3638,0,0,48,9,0,1,1,8.0910470881,-400
exec27_edge_x-400,37,5860,1,0,2,0,0,1,0,4.93612710215,-400
exec27_edge_x-400,34,2942,7,0,2,0,0,1,0,2.33606202677,-400
exec27_edge_x-400,6,23377,7,0,7,0,0,1,0,2.41644629951,-400
exec27_edge_x-400,19,7627,6,0,7,0,0,1,0,5.58408904557,-400
exec27_edge_x-400,12,21899,3,0,0,0,0,1,0,2.02624913328,-400
exec27_edge_x-400,46,1153,6,0,16,2,0,1,1,4.20069588299,-400
exec27_edge_x-400,42,21386,7,0,7,0,0,1,0,1.92547338314,-400
exec27_edge_x-400,10,4027,0,0,9,0,0,1,0,3.79691761356,-400
exec27_edge_x-400,37,5834,4,0,7,7,0,1,1,3.91214811443,-400
exec27_edge_x-400,10,4023,6,0,21,0,0,1,0,3.14844652741,-400
exec27_edge_x-400,19,7561,7,0,2,0,0,1,1,2.08496964158,-400
exec27_edge_x-400,16,702,5,0,3,0,0,1,0,10.8754357434,-400
exec27_edge_x-400,31,4302,7,0,3,0,0,1,0,2.01137834567,-400
exec27_edge_x-400,19,7546,0,0,9,0,0,1,0,8.05606987065,-400
exec27_edge_x-400,46,1119,5,0,25,9,0,1,1,3.2727948458,-400
exec27_edge_x-400,1,5987,1,0,8,0,0,1,0,2.19889806904,-400
exec27_edge_x-400,46,1116,2,0,6,2,0,1,1,5.7711342404,-400
exec27_edge_x-400,16,665,3,0,15,0,0,1,1,1.67074536041,-400
exec27_edge_x-400,34,2864,1,0,18,0,0,1,1,5.54818376943,-400
exec27_edge_x-400,10,3963,1,0,4,1,0,1,1,1.43147760709,-400
exec27_edge_x-400,1,5958,0,0,13,0,0,1,0,6.64528089792,-400
exec27_edge_x-400,28,3523,2,0,2,0,0,1,0,2.47660416298,-400
exec27_edge_x-400,28,3516,4,0,3,0,0,1,0,1.48723947831,-400
exec27_edge_x-400,46,1075,5,0,2,0,0,1,0,1.77719871128,-400
exec27_edge_x-400,22,5923,6,0,19,4,0,1,1,3.36050051478,-400
exec27_edge_x-400,34,2818,5,0,16,4,0,1,1,1.75722943958,-400
exec27_edge_x-400,28,3486,3,0,7,2,0,1,1,3.3898734028,-400
exec27_edge_x-400,19,7477,2,0,34,19,0,1,1,2.86732748448,-400
exec27_edge_x-400,19,7467,2,0,14,3,0,1,1,3.25847137725,-400
exec27_edge_x-400,31,4215,2,0,2,0,0,1,0,5.88982792742,-400
exec27_edge_x-400,37,5716,14,1,21,3,0,1,1,7.63903922837,-400
exec27_edge_x-400,28,3462,5,0,2,0,0,1,0,2.09955462769,-400
exec27_edge_x-400,19,7440,0,0,3,0,0,1,0,1.9441221572,-400
exec27_edge_x-400,10,7215,2,0,4,0,0,1,0,1.40859474874,-400
exec27_edge_x-400,22,5867,2,0,2,0,0,1,0,3.92031213351,-400
exec27_edge_x-400,40,4330,6,0,0,0,0,1,0,10.5687016181,-400
exec27_edge_x-400,25,5827,4,0,6,0,0,1,0,2.6670760717,-400
exec27_edge_x-400,19,7419,7,0,26,2,0,1,1,2.73928691195,-400
exec27_edge_x-400,37,5679,6,0,1,0,0,1,1,2.47478262697,-400
exec27_edge_x-400,37,5676,9,1,34,0,0,1,1,7.36274725624,-400
exec27_edge_x-400,1,5854,7,0,11,2,0,1,1,2.48439291092,-400
exec27_edge_x-400,46,1006,1,0,8,2,0,1,1,8.32978220767,-400
exec27_edge_x-400,46,4540,1,0,0,0,0,0,0,10.0781976901,-400
exec27_edge_x-400,16,549,2,0,10,0,0,1,0,6.19164510821,-400
exec27_edge_x-400,19,7402,6,0,3,0,0,1,1,4.50171268295,-400
exec27_edge_x-400,10,7163,7,0,4,0,0,1,0,4.35908004978,-400
exec27_edge_x-400,19,7395,6,0,1,0,0,1,0,4.62885181964,-400
exec27_edge_x-400,16,540,1,0,9,0,0,1,1,4.44477608855,-400
exec27_edge_x-400,42,23672,13,1,5,0,0,1,0,6.89655689963,-400
exec27_edge_x-400,1,5824,0,0,8,2,0,1,1,8.22269393355,-400
exec27_edge_x-400,16,536,7,0,27,0,0,1,1,6.19107955184,-400
exec27_edge_x-400,1,5821,7,0,16,0,0,1,0,2.81084882657,-400
exec27_edge_x-400,13,1591,5,0,0,0,0,1,0,4.68565000303,-400
exec27_edge_x-400,25,5750,7,0,20,11,0,1,1,5.39515113243,-400
exec27_edge_x-400,37,5600,12,1,5,0,0,1,0,4.52250772008,-400
exec27_edge_x-400,28,3341,0,0,4,0,0,1,0,1.32864873371,-400
exec27_edge_x-400,31,4130,3,0,0,0,0,1,0,2.63112911623,-400
exec27_edge_x-400,31,4563,3,0,0,0,0,0,0,6.50778451886,-400
exec27_edge_x-400,42,23639,0,0,3,0,0,1,0,2.79144468898,-400
exec27_edge_x-400,16,490,3,0,8,0,0,1,1,5.41359020366,-400
exec27_edge_x-400,46,928,2,0,10,0,0,1,0,7.54048168493,-400
exec27_edge_x-400,31,4106,0,0,5,0,0,1,0,6.18399464487,-400
exec27_edge_x-400,25,5721,3,0,5,3,0,1,1,6.28264640528,-400
exec27_edge_x-400,13,1523,0,0,9,0,0,1,0,2.82164620848,-400
exec27_edge_x-400,10,7099,7,0,17,3,0,1,1,4.0749208534,-400
exec27_edge_x-400,40,4188,5,0,20,8,0,1,1,3.07733677753,-400
exec27_edge_x-400,31,4084,5,0,10,0,0,1,0,2.86511630848,-400
exec27_edge_x-400,40,4186,3,0,12,0,0,1,0,3.08825069244,-400
exec27_edge_x-400,1,5740,5,0,11,0,0,1,0,5.67845093917,-400
exec27_edge_x-400,1,5737,5,0,9,1,0,1,1,4.80641743846,-400
exec27_edge_x-400,25,5690,2,0,7,0,0,1,0,2.50548520885,-400
exec27_edge_x-400,22,5717,3,0,12,0,0,1,1,10.6907141098,-400
exec27_edge_x-400,13,1499,11,1,29,0,0,1,1,9.64898950183,-400
exec27_edge_x-400,31,4069,6,0,13,2,0,1,1,2.65657627813,-400
exec27_edge_x-400,25,5673,3,0,13,4,0,1,1,2.14131535646,-400
exec27_edge_x-400,22,5707,1,0,11,5,0,1,1,5.46651578116,-400
exec27_edge_x-400,19,7270,7,0,5,2,0,1,1,1.90003057122,-400
exec27_edge_x-400,42,23568,5,0,2,0,0,1,1,4.29393282501,-400
exec27_edge_x-400,42,23565,2,0,6,0,0,1,0,9.63184067108,-400
exec27_edge_x-400,1,5697,1,0,12,0,0,1,0,6.11888155574,-400
exec27_edge_x-400,25,5644,4,0,12,2,0,1,1,2.41672522814,-400
exec27_edge_x-400,34,2567,7,0,19,6,1,1,1,3.70318734863,-400
exec27_edge_x-400,19,7251,1,0,9,0,0,1,0,4.08266672263,-400
exec27_edge_x-400,1,5680,6,0,8,0,0,1,0,3.43032560727,-400
exec27_edge_x-400,34,2554,8,1,21,2,0,1,1,7.66988654087,-400
exec27_edge_x-400,6,23006,6,0,14,3,0,1,1,4.3169062911,-400
exec27_edge_x-400,22,5659,3,0,0,0,0,1,0,4.43263121515,-400
exec27_edge_x-400,42,23519,4,0,0,0,0,1,0,1.96054877308,-400
exec27_edge_x-400,42,23516,5,0,3,0,0,1,0,3.60138670044,-400
exec27_edge_x-400,16,344,0,0,8,1,0,1,1,2.93587560851,-400
exec27_edge_x-400,42,23498,6,0,26,2,0,1,1,3.49453279886,-400
exec27_edge_x-400,40,4095,5,0,4,0,0,1,0,2.31925688097,-400
exec27_edge_x-400,10,6981,4,0,27,7,0,1,1,2.99724385993,-400
exec27_edge_x-400,37,5446,6,0,10,0,0,1,1,2.530024506,-400
exec27_edge_x-400,13,1402,2,0,5,0,0,1,0,6.75413263226,-400
exec27_edge_x-400,42,23483,1,0,8,0,0,1,0,2.22066642343,-400
exec27_edge_x-400,6,22954,5,0,2,0,0,1,0,2.98898544369,-400
exec27_edge_x-400,34,2499,1,0,0,0,0,1,0,3.72321717952,-400
exec27_edge_x-400,6,22951,0,0,17,5,0,1,1,6.39368949535,-400
exec27_edge_x-400,22,5607,4,0,0,0,0,0,0,4.85156395984,-400
exec27_edge_x-400,10,6964,2,0,9,0,0,1,0,3.09525176079,-400
exec27_edge_x-400,31,3965,4,0,6,0,0,1,0,2.85059379672,-400
exec27_edge_x-400,22,5601,3,0,10,2,0,1,1,5.50026374639,-400
exec27_edge_x-400,40,4062,7,0,5,0,0,1,0,6.39544841877,-400
exec27_edge_x-400,42,23472,4,0,15,0,0,1,1,3.96948367996,-400
exec27_edge_x-400,16,295,3,0,5,0,0,1,0,3.58290023092,-400
exec27_edge_x-400,40,4039,5,0,2,0,0,1,0,2.06654862978,-400
exec27_edge_x-400,25,5525,14,1,6,2,0,1,1,6.53292245568,-400
exec27_edge_x-400,13,1356,6,0,0,0,0,1,0,4.87559686503,-400
exec27_edge_x-400,16,276,0,0,12,3,0,1,1,2.52177516729,-400
exec27_edge_x-400,22,5572,4,0,4,2,0,1,1,5.64699054656,-400
exec27_edge_x-400,6,22908,6,0,3,0,0,1,0,2.91043272819,-400
exec27_edge_x-400,40,4022,6,0,1,0,0,1,0,2.7146554331,-400
exec27_edge_x-400,37,5375,3,0,5,0,0,1,1,1.82672098804,-400
exec27_edge_x-400,13,1325,6,0,4,0,0,1,0,1.69098422989,-400
exec27_edge_x-400,13,1324,1,0,12,1,0,1,1,2.63931100869,-400
exec27_edge_x-400,1,5559,6,0,1,0,0,1,0,2.35644925348,-400
exec27_edge_x-400,31,3917,2,0,0,0,0,1,0,2.31984503716,-400
exec27_edge_x-400,1,5558,3,0,7,2,0,1,1,2.24019647863,-400
exec27_edge_x-400,34,2441,7,0,13,3,0,1,1,4.2449517273,-400
exec27_edge_x-400,22,5541,0,0,6,2,0,1,1,4.32101205833,-400
exec27_edge_x-400,25,5482,2,0,5,0,0,1,0,2.5700185069,-400
exec27_edge_x-400,42,23407,3,0,14,2,0,1,1,10.1232004696,-400
exec27_edge_x-400,31,3892,5,0,6,0,0,1,0,3.06313313968,-400
exec27_edge_x-400,25,5459,5,0,3,0,0,1,0,2.98473335434,-400
exec27_edge_x-400,6,22852,7,0,24,6,0,1,1,4.60941594483,-400
exec27_edge_x-400,1,5512,6,0,4,0,0,1,0,2.77644188258,-400
exec27_edge_x-400,34,2404,6,0,6,0,0,1,0,2.33458077053,-400
exec27_edge_x-400,42,23378,3,0,4,0,0,1,0,4.8121703964,-400
exec27_edge_x-400,42,23376,0,0,12,0,0,1,0,1.8223342557,-400
exec27_edge_x-400,46,653,5,0,19,1,0,1,1,6.13677831569,-400
exec27_edge_x-400,34,2369,7,0,10,0,0,1,1,8.11653875092,-400
exec27_edge_x-400,46,636,0,0,6,0,0,1,0,4.91447175127,-400
exec27_edge_x-400,4,6758,4,0,2,0,0,1,0,2.61006750434,-400
exec27_edge_x-400,25,5415,0,0,15,5,0,1,1,2.6516504471,-400
exec27_edge_x-400,6,22802,5,0,8,2,0,1,1,3.65449318506,-400
exec27_edge_x-400,13,1224,6,0,32,7,0,1,1,2.42470756582,-400
exec27_edge_x-400,19,6988,7,0,5,0,0,1,0,3.46760456968,-400
exec27_edge_x-400,31,3809,3,0,14,3,0,1,1,2.76536351945,-400
exec27_edge_x-400,46,602,6,0,0,0,0,1,0,2.11325806705,-400
exec27_edge_x-400,4,6730,2,0,0,0,0,1,0,4.16386495014,-400
exec27_edge_x-400,42,23323,7,0,5,0,0,1,0,2.56164609145,-400
exec27_edge_x-400,28,7058,6,0,13,6,0,1,1,3.20099583783,-400
exec27_edge_x-400,1,5417,5,0,7,1,0,1,1,2.34897376376,-400
exec27_edge_x-400,34,2294,14,1,33,5,0,1,1,7.04606711446,-400
exec27_edge_x-400,37,5218,5,0,12,0,0,1,1,4.50471130369,-400
exec27_edge_x-400,40,3854,6,0,17,2,0,1,1,4.70047676327,-400
exec27_edge_x-400,4,6701,1,0,5,0,0,1,0,3.92322292329,-400
exec27_edge_x-400,19,6940,0,0,4,0,0,1,0,4.15960706025,-400
exec27_edge_x-400,6,22741,5,0,1,0,0,1,0,3.75048143144,-400
exec27_edge_x-400,19,6937,3,0,13,0,0,1,0,2.7764713066,-400
exec27_edge_x-400,28,7013,6,0,3,2,0,1,1,1.67622231348,-400
exec27_edge_x-400,1,5384,3,0,7,0,0,1,0,3.17626758835,-400
exec27_edge_x-400,22,5401,1,0,17,2,0,1,1,7.08124051194,-400
exec27_edge_x-400,19,6932,0,0,23,6,0,1,1,3.91704455203,-400
exec27_edge_x-400,10,6763,7,0,18,2,0,1,1,3.9254768112,-400
exec27_edge_x-400,1,5367,4,0,12,2,0,1,1,3.05478650377,-400
exec27_edge_x-400,42,23264,5,0,18,10,0,1,1,3.10175236936,-400
exec27_edge_x-400,28,6982,7,0,15,8,0,1,1,2.99168226025,-400
exec27_edge_x-400,25,5299,4,0,3,0,0,1,0,2.49760516543,-400
exec27_edge_x-400,25,5297,0,0,8,0,0,1,1,6.05970317266,-400
exec27_edge_x-400,19,7631,4,0,6,0,0,1,1,9.18981556182,-400
exec27_edge_x-400,19,7632,6,0,3,4,0,1,1,10.199307552,-400
exec27_edge_x-400,10,6720,12,1,1,0,0,1,0,4.60758888735,-400
exec27_edge_x-400,4,6622,6,0,9,2,0,1,1,7.08836424987,-400
exec27_edge_x-400,22,5337,7,0,8,0,0,1,0,4.94572808238,-400
exec27_edge_x-400,31,3698,0,0,15,2,0,1,1,2.77335356154,-400
exec27_edge_x-400,13,1091,5,0,4,0,0,1,0,2.27163053473,-400
exec27_edge_x-400,13,1090,1,0,7,2,0,1,1,2.64181903034,-400
exec27_edge_x-400,13,1078,6,0,7,0,0,1,0,3.79547923718,-400
exec27_edge_x-400,10,6698,5,0,12,4,0,1,1,3.63419409451,-400
exec27_edge_x-400,37,8874,6,0,15,2,0,1,1,3.89398947133,-400
exec27_edge_x-400,40,3727,1,0,17,2,0,1,1,4.43450851385,-400
exec27_edge_x-400,46,471,2,0,4,4,0,1,1,2.34619084486,-400
exec27_edge_x-400,42,23184,3,0,3,0,0,1,0,3.89742829016,-400
exec27_edge_x-400,1,5298,15,1,18,0,0,1,0,5.09819583179,-400
exec27_edge_x-400,25,7837,1,0,12,0,0,1,1,4.82564486459,-400
exec27_edge_x-400,13,1052,6,0,13,1,0,1,1,2.93767287877,-400
exec27_edge_x-400,1,5284,6,0,9,6,0,1,1,2.04283410334,-400
exec27_edge_x-400,13,1047,2,0,12,0,0,1,0,1.94685575086,-400
exec27_edge_x-400,34,2160,2,0,0,0,0,1,0,1.63190514442,-400
exec27_edge_x-400,10,6665,4,0,14,6,0,1,1,6.15897737135,-400
exec27_edge_x-400,40,3678,0,0,11,2,0,1,1,2.62110272337,-400
exec27_edge_x-400,13,1030,3,0,10,2,0,1,1,4.52055677006,-400
exec27_edge_x-400,28,6881,7,0,11,0,0,1,0,2.37590578108,-400
exec27_edge_x-400,46,420,0,0,3,0,0,1,0,4.78197285628,-400
exec27_edge_x-400,13,1016,2,0,15,1,0,1,1,3.59637238706,-400
exec27_edge_x-400,6,22600,5,0,0,0,0,1,0,3.21762764505,-400
exec27_edge_x-400,40,3661,4,0,4,0,0,1,0,2.41394646963,-400
exec27_edge_x-400,31,3617,5,0,7,0,0,1,0,6.37162044263,-400
exec27_edge_x-400,37,8799,1,0,0,0,0,1,0,2.43171450833,-400
exec27_edge_x-400,22,5236,4,0,8,2,0,1,1,6.48080680929,-400
exec27_edge_x-400,40,3647,7,0,2,0,0,1,0,6.1544718694,-400
exec27_edge_x-400,31,3602,2,0,1,0,0,1,0,10.8264867173,-400
exec27_edge_x-400,13,998,1,0,1,0,0,1,1,2.56807779804,-400
exec27_edge_x-400,34,2114,2,0,6,0,0,1,1,2.78636259395,-400
exec27_edge_x-400,46,405,6,0,5,0,0,1,1,3.19914066021,-400
exec27_edge_x-400,4,6518,7,0,9,0,0,1,0,3.58061849499,-400
exec27_edge_x-400,40,3638,7,0,19,9,0,1,1,2.7578480024,-400
exec27_edge_x-400,6,22566,6,0,13,0,0,1,0,2.24815777595,-400
exec27_edge_x-400,28,6817,5,0,1,0,0,1,0,8.56026394035,-400
exec27_edge_x-400,46,390,1,0,13,3,0,1,1,2.51967772549,-400
exec27_edge_x-400,40,3623,7,0,1,0,0,1,0,3.16217665344,-400
exec27_edge_x-400,37,8761,1,0,3,0,0,1,0,10.1693919349,-400
exec27_edge_x-400,4,6494,4,0,5,0,0,1,0,4.67329406107,-400
exec27_edge_x-400,31,3570,4,0,14,5,0,1,1,2.58704346702,-400
exec27_edge_x-400,31,4567,4,0,0,0,0,0,0,6.51741459811,-400
exec27_edge_x-400,19,6768,7,0,6,2,0,1,1,2.53319262235,-400
exec27_edge_x-400,34,2076,0,0,4,0,0,1,0,1.6609964757,-400
exec27_edge_x-400,25,7728,3,0,9,0,0,1,0,3.469961555,-400
exec27_edge_x-400,34,2062,7,0,10,2,0,1,1,3.28284383078,-400
exec27_edge_x-400,19,6737,0,0,2,0,0,1,0,2.59510044868,-400
exec27_edge_x-400,34,2036,4,0,4,0,0,1,0,3.04946935892,-400
exec27_edge_x-400,25,7680,4,0,2,0,0,1,0,2.55188790747,-400
exec27_edge_x-400,19,6715,5,0,9,0,0,1,1,3.94113054443,-400
exec27_edge_x-400,1,5094,1,0,22,10,0,1,1,2.76995879812,-400
exec27_edge_x-400,22,5132,0,0,12,2,0,1,1,5.43238840545,-400
exec27_edge_x-400,25,7659,6,0,2,2,0,1,1,1.73507373621,-400
exec27_edge_x-400,42,23017,1,0,13,1,0,1,1,3.04114367239,-400
exec27_edge_x-400,22,5111,3,0,0,0,0,1,0,3.60624713014,-400
exec27_edge_x-400,31,3497,6,0,24,4,0,1,1,4.73876150388,-400
exec27_edge_x-400,4,6378,2,0,4,1,0,1,1,5.19501539711,-400
exec27_edge_x-400,4,6372,2,0,2,0,0,1,0,3.40399556788,-400
exec27_edge_x-400,19,6686,0,0,10,0,0,1,0,2.79730265736,-400
exec27_edge_x-400,25,7624,5,0,5,0,0,1,0,7.15711066173,-400
exec27_edge_x-400,16,4842,5,0,0,0,0,1,0,4.09482139682,-400
exec27_edge_x-400,34,1991,7,0,5,0,0,1,0,4.68617112447,-400
exec27_edge_x-400,37,8631,6,0,9,3,0,1,1,3.00987412656,-400
exec27_edge_x-400,10,6466,7,0,2,0,0,1,0,6.24725947932,-400
exec27_edge_x-400,42,22974,6,0,14,4,0,1,1,3.48082437459,-400
exec27_edge_x-400,22,5057,0,0,5,0,0,1,1,2.84345925132,-400
exec27_edge_x-400,13,829,3,0,2,0,0,1,0,2.95266394893,-400
exec27_edge_x-400,40,6499,5,0,10,0,0,1,0,2.55996903968,-400
exec27_edge_x-400,40,6571,5,0,0,0,0,0,0,3.52224965343,-400
exec27_edge_x-400,10,6452,4,0,5,0,0,1,0,6.28810216147,-400
exec27_edge_x-400,40,6493,2,0,9,0,0,1,0,2.18390206304,-400
exec27_edge_x-400,37,8600,3,0,1,0,0,1,0,3.27388425233,-400
exec27_edge_x-400,1,8088,3,0,7,5,0,1,1,4.98299277915,-400
exec27_edge_x-400,40,6572,7,0,11,4,0,1,1,4.81910934646,-400
exec27_edge_x-400,22,5039,6,0,24,5,0,1,1,2.99604833254,-400
exec27_edge_x-400,19,6636,6,0,7,0,0,1,0,3.20373136105,-400
exec27_edge_x-400,13,803,0,0,2,0,0,1,0,3.29110939258,-400
exec27_edge_x-400,37,8581,7,0,6,4,0,1,1,2.22366876965,-400
exec27_edge_x-400,42,22947,2,0,5,1,0,1,1,12.2933547834,-400
exec27_edge_x-400,13,792,4,0,7,1,0,1,1,1.99630623481,-400
exec27_edge_x-400,16,4780,0,0,8,0,0,1,0,1.997224876,-400
exec27_edge_x-400,10,6393,1,0,7,0,0,1,0,3.6299328147,-400
exec27_edge_x-400,10,6388,7,0,8,2,0,1,1,1.7254933807,-400
exec27_edge_x-400,22,4990,1,0,1,0,0,1,0,3.79297257863,-400
exec27_edge_x-400,34,1905,7,0,9,0,0,1,0,3.17957035685,-400
exec27_edge_x-400,10,6385,6,0,25,0,0,1,0,3.07399767942,-400
exec27_edge_x-400,1,8023,5,0,12,0,0,1,0,5.27016623765,-400
exec27_edge_x-400,1,8020,0,0,9,0,0,1,0,2.14895234653,-400
exec27_edge_x-400,16,4715,3,0,8,4,0,1,1,3.43931837098,-400
exec27_edge_x-400,25,7508,3,0,11,0,0,1,0,4.33166613562,-400
exec27_edge_x-400,22,4953,5,0,8,0,0,1,0,3.88000972397,-400
exec27_edge_x-400,25,7495,1,0,7,0,0,1,0,2.46996132735,-400
exec27_edge_x-400,6,22324,0,0,0,0,0,1,0,1.85129660784,-400
exec27_edge_x-400,6,22318,1,0,6,0,0,1,0,3.74259126069,-400
exec27_edge_x-400,10,6343,7,0,21,4,0,1,1,2.53375513026,-400
exec27_edge_x-400,37,8469,4,0,8,0,0,1,0,2.32539900181,-400
exec27_edge_x-400,28,6546,1,0,2,0,0,1,0,3.21980665242,-400
exec27_edge_x-400,43,2453,7,0,6,0,0,1,0,4.60181362775,-400
exec27_edge_x-400,6,22302,0,0,4,0,0,1,0,3.57166094338,-400
exec27_edge_x-400,4,6211,7,0,0,0,0,1,0,3.14637951552,-400
exec27_edge_x-400,10,6327,0,0,1,0,0,1,0,2.16941397359,-400
exec27_edge_x-400,28,6532,7,0,5,0,0,1,0,5.49142911598,-400
exec27_edge_x-400,13,678,4,0,5,0,0,1,1,3.16716547932,-400
exec27_edge_x-400,28,6525,4,0,8,3,0,1,1,7.15031972361,-400
exec27_edge_x-400,4,6195,1,0,2,0,0,1,0,2.61828439058,-400
exec27_edge_x-400,46,133,7,0,6,0,0,1,0,3.58033583487,-400
exec27_edge_x-400,37,8440,14,1,11,0,0,1,0,5.16053549151,-400
exec27_edge_x-400,43,2419,1,0,8,0,0,1,1,5.34472926325,-400
exec27_edge_x-400,28,6514,1,0,3,0,0,1,0,3.4834376663,-400
exec27_edge_x-400,31,3303,3,0,9,0,0,1,0,2.97255441023,-400
exec27_edge_x-400,19,6472,2,0,9,2,0,1,1,1.90760824512,-400
exec27_edge_x-400,16,4638,0,0,3,0,0,1,0,3.67379931881,-400
exec27_edge_x-400,28,6495,1,0,0,0,0,1,0,14.6589235767,-400
exec27_edge_x-400,6,22240,1,0,3,0,0,1,1,2.31012061396,-400
exec27_edge_x-400,40,6324,4,0,11,0,0,1,0,3.02077069744,-400
exec27_edge_x-400,25,7395,7,0,20,2,0,1,1,6.15532515315,-400
exec27_edge_x-400,40,6287,6,0,12,0,0,1,1,4.38405109901,-400
exec27_edge_x-400,19,6419,3,0,6,0,0,1,0,2.10205540988,-400
exec27_edge_x-400,6,22204,7,0,12,1,0,1,1,2.53521258659,-400
exec27_edge_x-400,28,6451,1,0,1,0,0,1,0,4.80823824243,-400
exec27_edge_x-400,6,22196,0,0,2,2,0,1,1,2.43361415435,-400
exec27_edge_x-400,6,22190,3,0,11,0,0,1,0,2.83543081848,-400
exec27_edge_x-400,6,22183,6,0,4,0,0,1,1,1.64435350673,-400
exec27_edge_x-400,31,3220,11,1,20,1,0,1,1,4.78343607446,-400
exec27_edge_x-400,1,7850,0,0,17,2,0,1,1,3.32737168754,-400
exec27_edge_x-400,43,2296,0,0,17,5,0,1,1,7.94805510617,-400
exec27_edge_x-400,34,4512,6,0,2,0,0,1,0,2.92159640711,-400
exec27_edge_x-400,4,6066,3,0,12,2,0,1,1,2.68355129541,-400
exec27_edge_x-400,1,7828,1,0,14,3,0,1,1,7.65415024676,-400
exec27_edge_x-400,43,2293,1,0,13,0,0,1,0,2.10781371147,-400
exec27_edge_x-400,34,4510,0,0,12,9,0,1,1,2.80048114348,-400
exec27_edge_x-400,37,8338,1,0,13,2,0,1,1,6.20071276936,-400
exec27_edge_x-400,43,2273,2,0,13,2,0,1,1,4.8632392075,-400
exec27_edge_x-400,43,2482,2,0,0,0,0,0,0,5.2648523846,-400
exec27_edge_x-400,13,514,3,0,10,0,0,1,1,3.2323966103,-400
exec27_edge_x-400,13,1795,3,0,0,0,0,0,0,4.04185155948,-400
exec27_edge_x-400,6,22132,4,0,17,5,0,1,1,4.25950128173,-400
exec27_edge_x-400,10,6174,1,0,15,0,0,1,1,2.64709146712,-400
exec27_edge_x-400,19,6338,6,0,15,6,0,1,1,3.63330743114,-400
exec27_edge_x-400,13,501,7,0,0,0,0,1,1,3.21943567794,-400
exec27_edge_x-400,43,2258,2,0,16,0,0,1,1,1.5985382041,-400
exec27_edge_x-400,40,6208,6,0,20,10,0,1,1,4.46709995164,-400
exec27_edge_x-400,28,6368,6,0,10,2,0,1,1,6.66305944751,-400
exec27_edge_x-400,13,491,7,0,0,0,0,1,0,4.69048675695,-400
exec27_edge_x-400,13,488,1,0,0,0,0,1,0,2.86951123837,-400
exec27_edge_x-400,25,7305,4,0,9,0,0,1,0,1.92756429905,-400
exec27_edge_x-400,4,6006,5,0,4,0,0,1,0,5.34998228489,-400
exec27_edge_x-400,10,6158,0,0,16,9,0,1,1,1.75979777421,-400
exec27_edge_x-400,25,7299,0,0,17,0,0,1,0,3.97373882238,-400
exec27_edge_x-400,25,7295,6,0,13,0,0,1,0,3.08578813003,-400
exec27_edge_x-400,31,6217,6,0,25,22,0,1,1,7.89368037367,-400
exec27_edge_x-400,1,7772,3,0,13,0,0,1,0,2.17136661131,-400
exec27_edge_x-400,34,4448,9,1,5,0,0,1,0,5.08828700722,-400
exec27_edge_x-400,40,6175,7,0,7,0,0,1,1,4.7390587654,-400
exec27_edge_x-400,13,465,2,0,12,0,0,1,0,2.6863348641,-400
exec27_edge_x-400,13,1796,2,0,0,0,0,0,0,3.91675226692,-400
exec27_edge_x-400,16,4479,6,0,36,11,0,1,1,6.17853780378,-400
exec27_edge_x-400,19,6300,2,0,13,4,0,1,1,2.0230470399,-400
exec27_edge_x-400,13,455,6,0,0,0,0,1,0,3.98621247201,-400
exec27_edge_x-400,4,5972,5,0,7,0,0,1,0,2.69681693621,-400
exec27_edge_x-400,46,7657,6,0,9,2,0,1,1,1.9641650813,-400
exec27_edge_x-400,25,7255,1,0,14,0,0,1,0,5.51742063279,-400
exec27_edge_x-400,10,6110,4,0,10,3,0,1,1,3.48801078731,-400
exec27_edge_x-400,4,5951,7,0,10,0,0,1,0,16.2002828236,-400
exec27_edge_x-400,13,430,6,0,6,0,0,1,0,3.3232813003,-400
exec27_edge_x-400,22,8134,2,0,4,0,0,1,0,4.08218059829,-400
exec27_edge_x-400,34,4405,4,0,18,0,0,1,0,3.51759246976,-400
exec27_edge_x-400,22,8126,6,0,6,0,0,1,0,8.55473262644,-400
exec27_edge_x-400,16,4431,13,1,23,1,0,1,1,5.99735288981,-400
exec27_edge_x-400,43,2161,7,0,12,3,0,1,1,2.11291139806,-400
exec27_edge_x-400,13,400,1,0,15,0,0,1,0,7.29058217819,-400
exec27_edge_x-400,28,6281,7,0,1,0,0,1,0,2.51380174311,-400
exec27_edge_x-400,6,21996,0,0,22,6,0,1,1,1.76462219262,-400
exec27_edge_x-400,28,6273,1,0,1,0,0,1,0,4.858308128,-400
exec27_edge_x-400,43,2147,3,0,4,2,0,1,1,4.50166554161,-400
exec27_edge_x-400,34,4373,6,0,9,2,0,1,1,3.7150427921,-400
exec27_edge_x-400,4,5902,3,0,7,0,0,1,0,5.5956662982,-400
exec27_edge_x-400,28,6262,5,0,11,0,0,1,0,5.15638983595,-400
exec27_edge_x-400,22,8080,0,0,20,6,0,1,1,5.92020371241,-400
exec27_edge_x-400,1,7660,7,0,15,4,0,1,1,5.17244435599,-400
exec27_edge_x-400,40,6077,0,0,10,0,0,1,0,9.81963713541,-400
exec27_edge_x-400,1,7655,6,0,11,0,0,1,0,1.87417589022,-400
exec27_edge_x-400,6,25747,0,0,7,3,0,1,1,2.22968471817,-400
exec27_edge_x-400,22,8068,4,0,7,4,0,1,1,8.93549815254,-400
exec27_edge_x-400,34,4351,4,0,6,0,0,1,1,12.9522240602,-400
exec27_edge_x-400,25,7177,2,0,2,0,0,1,0,2.24093874575,-400
exec27_edge_x-400,46,7572,7,0,4,0,0,1,0,3.56358592084,-400
exec27_edge_x-400,40,6059,15,1,2,0,0,1,0,5.4867202898,-400
exec27_edge_x-400,46,7562,7,0,21,1,0,1,1,1.68273009882,-400
exec27_edge_x-400,13,338,7,0,3,2,0,1,1,4.83859943111,-400
exec27_edge_x-400,6,25723,3,0,14,3,0,1,1,1.88882072016,-400
exec27_edge_x-400,43,2099,0,0,4,0,0,1,0,2.38482052178,-400
exec27_edge_x-400,43,2092,7,0,2,0,0,1,1,6.46052706203,-400
exec27_edge_x-400,19,6161,2,0,0,0,0,1,0,5.69951853983,-400
exec27_edge_x-400,37,8149,2,0,8,0,0,1,0,3.7071038791,-400
exec27_edge_x-400,22,8029,7,0,6,0,0,1,0,3.48371140946,-400
exec27_edge_x-400,40,6035,0,0,6,2,0,1,1,2.48138000529,-400
exec27_edge_x-400,13,313,8,1,20,3,0,1,1,8.63112930544,-400
exec27_edge_x-400,16,4328,7,0,3,0,0,1,0,3.4564990523,-400
exec27_edge_x-400,37,8116,4,0,6,1,0,1,1,1.74857423833,-400
exec27_edge_x-400,40,6012,4,0,4,0,0,1,1,4.63956786858,-400
exec27_edge_x-400,28,6174,6,0,12,2,0,1,1,4.37564322199,-400
exec27_edge_x-400,31,6004,0,0,7,0,0,1,0,1.59451972183,-400
exec27_edge_x-400,19,6093,6,0,11,0,0,1,0,3.73569233628,-400
exec27_edge_x-400,6,25646,2,0,14,0,0,1,0,4.19235875668,-400
exec27_edge_x-400,40,5964,6,0,0,0,0,1,0,5.3630082012,-400
exec27_edge_x-400,34,4227,7,0,2,0,0,1,0,3.01154327631,-400
exec27_edge_x-400,4,5772,2,0,1,0,0,1,0,3.3716346516,-400
exec27_edge_x-400,1,7536,4,0,14,0,0,1,0,6.32505244868,-400
exec27_edge_x-400,46,7484,7,0,6,0,0,1,0,2.04107589553,-400
exec27_edge_x-400,13,244,3,0,3,0,0,1,1,2.35134130391,-400
exec27_edge_x-400,6,25621,3,0,3,0,0,1,0,4.18501485104,-400
exec27_edge_x-400,13,236,6,0,18,5,0,1,1,4.21618831307,-400
exec27_edge_x-400,10,5905,3,0,12,0,0,1,0,6.46487980409,-400
exec27_edge_x-400,46,7472,5,0,11,3,0,1,1,11.2750656874,-400
exec27_edge_x-400,25,7071,2,0,7,1,0,1,1,5.14704349949,-400
exec27_edge_x-400,28,6114,5,0,4,0,0,1,1,4.05870558149,-400
exec27_edge_x-400,6,25610,3,0,4,0,0,1,0,1.81713152335,-400
exec27_edge_x-400,22,7929,1,0,0,0,0,1,0,2.94549217264,-400
exec27_edge_x-400,37,8039,6,0,8,0,0,1,1,1.7734832909,-400
exec27_edge_x-400,40,5937,7,0,2,0,0,1,0,1.80514407578,-400
exec27_edge_x-400,37,8031,3,0,25,3,0,1,1,3.25119019245,-400
exec27_edge_x-400,31,5920,6,0,13,2,0,1,1,3.61096304344,-400
exec27_edge_x-400,16,4242,0,0,0,0,0,1,0,2.67948721609,-400
exec27_edge_x-400,1,7505,7,0,4,0,0,1,0,3.88563531101,-400
exec27_edge_x-400,22,7910,3,0,16,0,0,1,0,3.797285621,-400
exec27_edge_x-400,31,5919,14,1,35,7,0,1,1,5.43238721235,-400
exec27_edge_x-400,4,5739,1,0,17,6,0,1,1,7.55546099227,-400
exec27_edge_x-400,31,5910,2,0,4,1,0,1,1,5.79047216793,-400
exec27_edge_x-400,34,4176,2,0,7,1,0,1,1,1.77452903503,-400
exec27_edge_x-400,6,25578,5,0,17,2,0,1,1,2.81605478052,-400
exec27_edge_x-400,4,5733,4,0,25,9,0,1,1,8.09520725864,-400
exec27_edge_x-400,25,7045,2,0,13,0,0,1,1,6.03824480378,-400
exec27_edge_x-400,6,25569,5,0,29,12,0,1,1,7.54329829722,-400
exec27_edge_x-400,10,5862,3,0,0,1,0,1,1,3.18859505715,-400
exec27_edge_x-400,22,7883,5,0,5,0,0,1,0,2.71501792304,-400
exec27_edge_x-400,43,1948,4,0,0,0,0,1,0,5.13138819696,-400
exec27_edge_x-400,10,5857,5,0,2,0,0,1,0,3.0795610301,-400
exec27_edge_x-400,22,7875,0,0,14,0,0,1,1,2.76089115703,-400
exec27_edge_x-400,43,1936,7,0,5,0,0,1,0,2.62884680696,-400
exec27_edge_x-400,6,25554,3,0,3,0,0,1,0,6.04858985358,-400
exec27_edge_x-400,1,7464,6,0,8,1,0,1,1,4.06635144709,-400
exec27_edge_x-400,22,7869,7,0,8,2,0,1,1,5.84059834788,-400
exec27_edge_x-400,43,1922,3,0,10,0,0,1,1,6.46946292073,-400
exec27_edge_x-400,40,5892,4,0,8,0,0,1,0,3.80602606578,-400
exec27_edge_x-400,28,6038,5,0,25,8,0,1,1,1.63279472079,-400
exec27_edge_x-400,25,7004,1,0,16,0,0,1,0,1.67004086641,-400
exec27_edge_x-400,22,7853,6,0,0,0,0,1,0,1.86940068346,-400
exec27_edge_x-400,34,4120,3,0,5,0,0,1,0,4.80179901811,-400
exec27_edge_x-400,10,5821,5,0,13,0,0,1,0,1.28814262222,-400
exec27_edge_x-400,46,7383,0,0,9,6,0,1,1,3.34689866184,-400
exec27_edge_x-400,40,5877,7,0,0,0,0,0,0,3.25790248273,-400
exec27_edge_x-400,19,5968,0,0,7,0,0,1,0,6.35789512458,-400
exec27_edge_x-400,22,7846,1,0,17,7,0,1,1,5.36037213975,-400
exec27_edge_x-400,10,5807,5,0,21,1,0,1,1,1.53539491339,-400
exec27_edge_x-400,34,4110,3,0,2,0,0,1,0,5.24235123936,-400
exec27_edge_x-400,22,7843,0,0,3,0,0,1,1,2.00899368869,-400
exec27_edge_x-400,43,1899,5,0,10,2,0,1,1,2.74675654848,-400
exec27_edge_x-400,46,7375,3,0,5,0,0,1,0,7.11481481955,-400
exec27_edge_x-400,31,5852,5,0,8,0,0,1,1,2.61482763831,-400
exec27_edge_x-400,13,147,11,1,26,1,0,1,1,7.86092845589,-400
exec27_edge_x-400,31,5841,13,1,10,0,0,1,0,6.75076028908,-400
exec27_edge_x-400,22,7829,3,0,0,0,0,1,0,2.13581643195,-400
exec27_edge_x-400,28,6002,7,0,6,2,0,1,1,2.19883253307,-400
exec27_edge_x-400,43,1877,2,0,11,0,0,1,0,3.10381829542,-400
exec27_edge_x-400,28,5995,7,0,19,3,0,1,1,3.7470259493,-400
exec27_edge_x-400,37,7945,6,0,14,3,0,1,1,4.98866507424,-400
exec27_edge_x-400,28,5987,0,0,15,4,0,1,1,4.4038796474,-400
exec27_edge_x-400,43,1861,1,0,1,0,0,1,0,4.88323382117,-400
exec27_edge_x-400,1,7408,4,0,1,0,0,1,0,2.1480576191,-400
exec27_edge_x-400,4,10554,7,0,19,0,0,1,1,1.84094686222,-400
exec27_edge_x-400,28,5972,5,0,6,0,0,1,0,3.21296663356,-400
exec27_edge_x-400,46,7331,7,0,5,0,0,1,0,1.47899106694,-400
exec27_edge_x-400,37,7920,0,0,13,3,0,1,1,2.1321778302,-400
exec27_edge_x-400,25,6935,6,0,16,0,0,1,0,2.3221851311,-400
exec27_edge_x-400,25,6915,13,1,15,0,0,1,0,5.62738746879,-400
exec27_edge_x-400,31,5785,5,0,32,5,0,1,1,2.36671420555,-400
exec27_edge_x-400,13,64,3,0,2,0,0,1,0,1.27272748506,-400
exec27_edge_x-400,46,7299,11,1,23,0,0,1,0,6.54504594186,-400
exec27_edge_x-400,34,4031,6,0,11,4,0,1,1,2.24756669215,-400
exec27_edge_x-400,43,1791,4,0,8,0,0,1,0,1.67590048859,-400
exec27_edge_x-400,46,7294,5,0,12,2,0,1,1,5.98526331065,-400
exec27_edge_x-400,34,4026,2,0,3,1,0,1,1,7.60899916733,-400
exec27_edge_x-400,22,7743,0,0,22,8,0,1,1,2.33000984542,-400
exec27_edge_x-400,1,7319,4,0,9,3,0,1,1,3.46003799854,-400
exec27_edge_x-400,43,1770,7,0,17,0,0,1,0,3.4167394039,-400
exec27_edge_x-400,43,2483,7,0,0,0,0,0,0,4.97336885233,-400
exec27_edge_x-400,28,5911,2,0,13,0,0,1,0,2.71955645221,-400
exec27_edge_x-400,13,3344,1,0,2,0,0,1,0,6.98930460872,-400
exec27_edge_x-400,6,25401,0,0,12,2,0,1,1,1.72725959324,-400
exec27_edge_x-400,34,4001,4,0,6,0,0,1,0,2.20864539517,-400
exec27_edge_x-400,43,1743,10,1,11,4,0,1,1,5.4308712135,-400
exec27_edge_x-400,25,6852,6,0,8,2,0,1,1,2.1527795513,-400
exec27_edge_x-400,28,5892,1,0,12,4,0,1,1,6.45413700102,-400
exec27_edge_x-400,22,7711,6,0,7,4,0,1,1,7.61182184336,-400
exec27_edge_x-400,4,10439,7,0,12,5,0,1,1,13.7873422115,-400
exec27_edge_x-400,1,7275,6,0,18,3,0,1,1,2.46174110393,-400
exec27_edge_x-400,16,4003,3,0,0,0,0,0,0,6.95917148342,-400
exec27_edge_x-400,6,25350,2,0,16,3,0,1,1,12.6181115334,-400
exec27_edge_x-400,22,7686,1,0,7,0,0,1,0,4.9603113865,-400
exec27_edge_x-400,10,9005,0,0,2,0,0,1,0,3.02431295952,-400
exec27_edge_x-400,25,6818,4,0,10,2,0,1,1,3.29474503122,-400
exec27_edge_x-400,6,25323,6,0,2,0,0,1,0,2.73257934054,-400
exec27_edge_x-400,19,5769,3,0,19,0,0,1,1,8.49018140395,-400
exec27_edge_x-400,28,5846,1,0,12,3,0,1,1,3.40453160478,-400
exec27_edge_x-400,28,5834,5,0,2,0,0,1,0,2.51972601497,-400
exec27_edge_x-400,16,3953,2,0,17,0,0,1,1,3.30703607882,-400
exec27_edge_x-400,34,3908,1,0,7,0,0,1,0,2.31936534858,-400
exec27_edge_x-400,1,7217,6,0,6,0,0,1,0,1.42239762028,-400
exec27_edge_x-400,40,5673,2,0,10,0,0,1,0,2.44342246638,-400
exec27_edge_x-400,19,5746,8,1,1,0,0,1,0,10.1996229813,-400
exec27_edge_x-400,22,7630,4,0,4,0,0,1,0,2.97293538387,-400
exec27_edge_x-400,28,5816,6,0,2,1,0,1,1,8.0450414581,-400
exec27_edge_x-400,37,7732,4,0,13,5,0,1,1,4.36297994,-400
exec27_edge_x-400,28,5804,0,0,12,4,0,1,1,7.25121743605,-400
exec27_edge_x-400,16,3924,0,0,9,2,0,1,1,5.06703228872,-400
exec27_edge_x-400,25,6752,9,1,0,0,0,1,0,7.83230981005,-400
exec27_edge_x-400,10,8925,1,0,13,7,0,1,1,3.22427585162,-400
exec27_edge_x-400,1,7161,1,0,4,0,0,1,0,2.72099857824,-400
exec27_edge_x-400,28,5771,0,0,1,0,0,1,0,2.18435694586,-400
exec27_edge_x-400,22,7588,1,0,1,0,0,1,0,4.01576516629,-400
exec27_edge_x-400,19,5695,4,0,6,1,0,1,1,2.15584522718,-400
exec27_edge_x-400,40,5630,0,0,17,11,0,1,1,5.06345319486,-400
exec27_edge_x-400,37,7669,7,0,12,4,1,1,1,4.48964809969,-400
exec27_edge_x-400,31,5535,6,0,3,0,0,1,0,3.05257140811,-400
exec27_edge_x-400,22,7563,4,0,6,0,0,1,0,2.94487351059,-400
exec27_edge_x-400,1,7124,0,0,6,1,0,1,1,5.44484383552,-400
exec27_edge_x-400,4,10299,7,0,4,0,0,1,0,6.58987332152,-400
exec27_edge_x-400,31,5529,6,0,19,3,0,1,1,3.19870446387,-400
exec27_edge_x-400,25,6705,6,0,6,2,0,1,1,2.95773233474,-400
exec27_edge_x-400,19,5649,4,0,9,0,0,1,0,5.57591983573,-400
exec27_edge_x-400,37,7653,1,0,7,2,0,1,1,2.60352275855,-400
exec27_edge_x-400,43,1574,6,0,7,0,0,1,0,1.62583416141,-400
exec27_edge_x-400,13,3157,0,0,8,0,0,1,0,2.68689542673,-400
exec27_edge_x-400,25,6696,7,0,18,0,0,1,1,3.95272534569,-400
exec27_edge_x-400,25,6691,6,0,10,2,0,1,1,4.12797693532,-400
exec27_edge_x-400,28,5713,3,0,11,0,0,1,0,4.91540734724,-400
exec27_edge_x-400,4,10276,0,0,21,5,0,1,1,3.25286511733,-400
exec27_edge_x-400,6,25190,0,0,26,0,0,1,1,8.12967110271,-400
exec27_edge_x-400,6,25167,0,0,9,4,0,1,1,5.2660064007,-400
exec27_edge_x-400,43,1539,0,0,9,0,0,1,0,3.60182659585,-400
exec27_edge_x-400,28,5682,3,0,9,1,0,1,1,5.53185304945,-400
exec27_edge_x-400,34,3766,6,0,11,2,0,1,1,4.46539399389,-400
exec27_edge_x-400,25,6657,3,0,5,2,0,1,1,4.12415807078,-400
exec27_edge_x-400,25,6650,12,1,21,0,0,1,0,9.55590137948,-400
exec27_edge_x-400,19,5564,6,0,4,0,0,1,1,6.52877631835,-400
exec27_edge_x-400,4,10231,5,0,14,2,0,1,1,5.73961390382,-400
exec27_edge_x-400,34,3734,6,0,12,5,0,1,1,2.25038230774,-400
exec27_edge_x-400,16,3770,5,0,10,0,0,1,0,1.73950501064,-400
exec27_edge_x-400,31,5405,3,0,7,0,0,1,1,5.26040907024,-400
exec27_edge_x-400,31,6246,3,0,0,0,0,0,0,8.92592771504,-400
exec27_edge_x-400,19,5519,6,0,5,0,0,1,0,2.13699973355,-400
exec27_edge_x-400,25,6594,1,0,20,2,0,1,1,3.21851604077,-400
exec27_edge_x-400,37,10806,1,0,9,2,0,1,1,3.0582450194,-400
exec27_edge_x-400,1,6966,15,1,6,0,0,1,0,6.16874987521,-400
exec27_edge_x-400,4,10167,4,0,8,0,0,1,0,5.3650129753,-400
exec27_edge_x-400,25,6587,2,0,6,2,0,1,1,5.22675277082,-400
exec27_edge_x-400,22,7398,5,0,21,9,0,1,1,3.09132755321,-400
exec27_edge_x-400,1,6946,2,0,12,2,0,1,1,5.61278084554,-400
exec27_edge_x-400,13,3023,3,0,15,1,0,1,1,3.11343039329,-400
exec27_edge_x-400,10,8732,3,0,3,0,0,1,0,4.28270338602,-400
exec27_edge_x-400,16,3717,1,0,5,2,0,1,1,2.44197217625,-400
exec27_edge_x-400,13,3018,3,0,9,1,0,1,1,7.32147282711,-400
exec27_edge_x-400,22,7387,9,1,6,2,0,1,1,6.69702101336,-400
exec27_edge_x-400,6,25072,4,0,3,0,0,1,0,5.44107601665,-400
exec27_edge_x-400,25,6553,7,0,4,0,0,1,0,3.85337037751,-400
exec27_edge_x-400,10,8717,9,1,50,12,0,1,1,10.7702454176,-400
exec27_edge_x-400,1,6914,4,0,6,0,0,1,0,3.1245128871,-400
exec27_edge_x-400,4,10098,2,0,9,0,0,1,0,2.02917885709,-400
exec27_edge_x-400,13,2992,4,0,4,0,0,1,0,1.82040016665,-400
exec27_edge_x-400,6,25051,7,0,7,0,0,1,1,4.03563531158,-400
exec27_edge_x-400,13,2982,13,1,11,0,0,1,0,5.72971286864,-400
exec27_edge_x-400,37,10732,4,0,0,0,0,1,0,5.0280464295,-400
exec27_edge_x-400,31,5302,7,0,8,2,0,1,1,2.26292162062,-400
exec27_edge_x-400,4,10084,3,0,6,1,0,1,1,2.32313265456,-400
exec27_edge_x-400,31,5291,0,0,5,0,0,1,0,2.04619662307,-400
exec27_edge_x-400,13,2956,1,0,3,0,0,1,0,2.67720772187,-400
exec27_edge_x-400,40,5390,7,0,37,8,0,1,1,4.11817380328,-400
exec27_edge_x-400,6,25018,2,0,21,9,0,1,1,3.90895470094,-400
exec27_edge_x-400,28,5515,1,0,0,0,0,1,0,2.50503494628,-400
exec27_edge_x-400,6,25008,3,0,7,0,0,1,0,3.53004622895,-400
exec27_edge_x-400,4,10064,3,0,10,5,0,1,1,4.33244948503,-400
exec27_edge_x-400,22,7318,0,0,12,0,0,1,0,1.62985063398,-400
exec27_edge_x-400,40,5375,0,0,17,3,0,1,1,2.40843554573,-400
exec27_edge_x-400,22,7307,0,0,7,0,0,1,0,4.28660622176,-400
exec27_edge_x-400,25,6494,3,0,2,0,0,1,0,4.36947764191,-400
exec27_edge_x-400,10,8649,2,0,3,0,0,1,0,3.25326598991,-400
exec27_edge_x-400,43,1323,1,0,9,2,0,1,1,5.5664939216,-400
exec27_edge_x-400,13,2913,0,0,13,5,0,1,1,1.99813576616,-400
exec27_edge_x-400,40,5344,6,0,8,0,0,1,0,2.34208981796,-400
exec27_edge_x-400,22,7270,2,0,6,5,0,1,1,1.84147439101,-400
exec27_edge_x-400,40,5330,0,0,0,0,0,1,0,10.2439104407,-400
exec27_edge_x-400,10,8611,3,0,8,0,0,1,0,3.86983880247,-400
exec27_edge_x-400,43,1305,2,0,1,0,0,1,0,1.75194618382,-400
exec27_edge_x-400,22,7259,3,0,10,5,0,1,1,2.56662236216,-400
exec27_edge_x-400,16,3580,0,0,8,0,0,1,0,3.20525989432,-400
exec27_edge_x-400,28,5448,2,0,8,1,0,1,1,2.15843727908,-400
exec27_edge_x-400,10,8591,2,0,6,0,0,1,1,7.58830000455,-400
exec27_edge_x-400,16,3571,5,0,7,0,0,1,0,2.89987226067,-400
exec27_edge_x-400,31,5190,0,0,12,2,0,1,1,8.7840964111,-400
exec27_edge_x-400,34,6477,5,0,6,0,0,1,0,6.82583932829,-400
exec27_edge_x-400,25,6412,2,0,4,0,0,1,0,2.10476410879,-400
exec27_edge_x-400,13,2856,1,0,16,2,0,1,1,1.93875709567,-400
exec27_edge_x-400,43,1279,5,0,16,0,0,1,0,5.42344516584,-400
exec27_edge_x-400,19,5310,7,0,7,0,0,1,0,3.75211146273,-400
exec27_edge_x-400,46,6785,5,0,3,0,0,1,0,2.08566825985,-400
exec27_edge_x-400,37,10610,3,0,4,0,0,1,1,4.77655892886,-400
exec27_edge_x-400,37,10602,5,0,3,0,0,1,0,3.29721839156,-400
exec27_edge_x-400,6,24889,0,0,13,5,0,1,1,3.84793495523,-400
exec27_edge_x-400,46,6776,7,0,15,11,0,1,1,11.087762607,-400
exec27_edge_x-400,22,7214,5,0,4,0,0,1,0,2.50312954132,-400
exec27_edge_x-400,4,9937,5,0,11,0,0,1,0,2.46459303385,-400
exec27_edge_x-400,40,5266,2,0,6,0,0,1,0,2.83265364474,-400
exec27_edge_x-400,28,5403,5,0,11,12,0,1,1,6.19941317378,-400
exec27_edge_x-400,22,7206,6,0,19,5,0,1,1,5.48087771783,-400
exec27_edge_x-400,37,10581,6,0,2,0,0,1,0,2.46647727119,-400
exec27_edge_x-400,46,6762,7,0,6,0,0,1,0,3.80591615059,-400
exec27_edge_x-400,34,6433,3,0,3,0,0,1,0,4.23466324936,-400
exec27_edge_x-400,16,3507,3,0,5,0,0,1,1,4.20677680917,-400
exec27_edge_x-400,1,6721,0,0,4,0,0,1,0,3.20732768262,-400
exec27_edge_x-400,13,2811,6,0,14,0,0,1,1,5.54625983772,-400
exec27_edge_x-400,31,5128,5,0,12,8,0,1,1,3.69585241649,-400
exec27_edge_x-400,4,9920,13,1,12,7,0,1,1,6.35117283548,-400
exec27_edge_x-400,25,6359,3,0,5,0,0,1,0,7.49001881147,-400
exec27_edge_x-400,46,6745,0,0,5,0,0,1,1,5.81278009465,-400
exec27_edge_x-400,10,8540,6,0,21,2,0,1,1,3.63798202262,-400
exec27_edge_x-400,40,5234,1,0,4,0,0,1,0,3.03093003456,-400
exec27_edge_x-400,16,3480,7,0,5,0,0,1,0,2.74784183795,-400
exec27_edge_x-400,28,5356,4,0,7,0,0,1,0,2.38324201149,-400
exec27_edge_x-400,46,6724,11,1,11,0,0,1,0,6.05195315445,-400
exec27_edge_x-400,34,6394,10,1,9,0,0,1,0,4.83146093865,-400
exec27_edge_x-400,1,6675,5,0,10,6,0,1,1,2.29952792511,-400
exec27_edge_x-400,31,5087,5,0,5,0,0,1,1,5.3282579715,-400
exec27_edge_x-400,16,3454,0,0,3,0,0,1,0,5.89629522141,-400
exec27_edge_x-400,4,9883,1,0,11,7,0,1,1,3.86904549256,-400
exec27_edge_x-400,31,5085,3,0,17,11,0,1,1,2.83137366529,-400
exec27_edge_x-400,13,2765,2,0,27,10,0,1,1,7.46625206931,-400
exec27_edge_x-400,10,8497,7,0,3,0,0,1,0,5.20960929208,-400
exec27_edge_x-400,25,6322,0,0,13,2,0,1,1,11.2519561312,-400
exec27_edge_x-400,10,8490,14,1,19,3,0,1,1,9.1590781318,-400
exec27_edge_x-400,28,5324,10,1,14,2,0,1,1,5.70761985585,-400
exec27_edge_x-400,28,5321,0,0,1,0,0,1,0,8.76183830008,-400
exec27_edge_x-400,19,5186,5,0,4,0,0,1,0,6.34302937927,-400
exec27_edge_x-400,43,1148,3,0,0,0,0,1,0,1.37626992168,-400
exec27_edge_x-400,43,2487,3,0,0,0,0,0,0,2.91324354586,-400
exec27_edge_x-400,28,5313,5,0,7,0,0,1,1,2.11402834583,-400
exec27_edge_x-400,19,5178,0,0,12,0,0,1,0,2.40736802552,-400
exec27_edge_x-400,4,9818,0,0,10,4,0,1,1,2.67456498273,-400
exec27_edge_x-400,1,9788,2,0,17,4,0,1,1,3.61379606402,-400
exec27_edge_x-400,31,4994,1,0,11,2,0,1,1,2.01782602872,-400
exec27_edge_x-400,40,5131,6,0,22,2,0,1,1,1.80657367004,-400
exec27_edge_x-400,25,6237,2,0,6,0,0,1,0,4.48640105724,-400
exec27_edge_x-400,31,4959,4,0,0,0,0,1,0,2.11230876512,-400
exec27_edge_x-400,1,9740,4,0,12,5,0,1,1,2.54585431686,-400
exec27_edge_x-400,13,2643,4,0,3,0,0,1,0,3.76822367773,-400
exec27_edge_x-400,16,3294,1,0,5,0,0,1,1,3.70547180926,-400
exec27_edge_x-400,10,8356,0,0,4,0,0,1,0,3.09895856055,-400
exec27_edge_x-400,43,1023,5,0,10,0,0,1,0,2.24829179973,-400
exec27_edge_x-400,31,4923,2,0,13,5,0,1,1,3.67630553898,-400
exec27_edge_x-400,34,6212,2,0,2,0,0,1,0,2.56205279448,-400
exec27_edge_x-400,28,5155,6,0,14,1,0,1,1,2.13905145048,-400
exec27_edge_x-400,16,3232,1,0,2,0,0,1,0,3.16268612375,-400
exec27_edge_x-400,10,8304,3,0,14,0,0,1,1,4.10863608127,-400
exec27_edge_x-400,43,951,0,0,13,0,0,1,0,4.12252957628,-400
exec27_edge_x-400,40,8097,0,0,18,7,0,1,1,5.41100525638,-400
exec27_edge_x-400,1,9658,0,0,8,1,0,1,1,3.59376073052,-400
exec27_edge_x-400,19,5019,7,0,15,0,0,1,0,7.45070380473,-400
exec27_edge_x-400,6,24605,0,0,6,0,0,1,0,1.82061636446,-400
exec27_edge_x-400,37,10311,1,0,36,6,0,1,1,2.91561893597,-400
exec27_edge_x-400,40,8093,7,0,15,3,0,1,1,7.38268290747,-400
exec27_edge_x-400,19,5017,5,0,15,0,0,1,0,1.78859255043,-400
exec27_edge_x-400,1,9652,4,0,13,2,0,1,1,10.6623285587,-400
exec27_edge_x-400,34,6163,1,0,3,0,0,1,0,3.0162591522,-400
exec27_edge_x-400,28,5099,5,0,9,0,0,1,0,7.32198020819,-400
exec27_edge_x-400,6,24582,6,0,2,0,0,1,0,6.57821916032,-400
exec27_edge_x-400,4,9613,2,0,8,0,0,1,0,2.11215078234,-400
exec27_edge_x-400,37,10274,2,0,9,3,0,1,1,2.85762791202,-400
exec27_edge_x-400,40,8069,7,0,9,0,0,1,0,1.81378430902,-400
exec27_edge_x-400,16,3201,1,0,36,15,0,1,1,6.97190533061,-400
exec27_edge_x-400,34,6137,1,0,5,0,0,1,0,3.93069857456,-400
exec27_edge_x-400,46,6427,5,0,9,0,0,1,1,2.2556956275,-400
exec27_edge_x-400,10,8254,5,0,1,0,0,1,0,2.77022943587,-400
exec27_edge_x-400,43,906,6,0,17,2,0,1,1,3.34835600344,-400
exec27_edge_x-400,22,6890,0,0,13,0,0,1,0,1.9404780661,-400
exec27_edge_x-400,31,4822,1,0,4,0,0,1,0,2.36860643303,-400
exec27_edge_x-400,43,879,0,0,4,0,0,1,0,4.64047105218,-400
exec27_edge_x-400,37,10244,1,0,1,0,0,1,0,3.41442434339,-400
exec27_edge_x-400,37,10229,0,0,13,5,0,1,1,6.46507111609,-400
exec27_edge_x-400,25,5991,0,0,15,2,0,1,1,1.48838666628,-400
exec27_edge_x-400,13,2505,0,0,2,0,0,1,0,2.07270230029,-400
exec27_edge_x-400,4,9538,7,0,3,0,0,1,0,3.54267224118,-400
exec27_edge_x-400,13,2497,4,0,7,0,0,1,0,1.77036303377,-400
exec27_edge_x-400,4,9535,0,0,4,0,0,1,0,2.65753631433,-400
exec27_edge_x-400,31,4778,3,0,3,1,0,1,1,6.95055471681,-400
exec27_edge_x-400,4,9530,5,0,4,0,0,1,0,4.30988644077,-400
exec27_edge_x-400,6,24493,0,0,3,0,0,1,0,6.59380514538,-400
exec27_edge_x-400,4,9524,0,0,16,2,0,1,1,4.2150734739,-400
exec27_edge_x-400,43,830,5,0,1,0,0,1,0,8.39555935573,-400
exec27_edge_x-400,46,6359,5,0,4,0,0,1,0,2.50228543843,-400
exec27_edge_x-400,37,10200,4,0,23,8,0,1,1,3.63899861581,-400
exec27_edge_x-400,34,6034,5,0,4,0,0,1,0,4.07699741088,-400
exec27_edge_x-400,40,7968,0,0,13,3,0,1,1,4.54925625626,-400
exec27_edge_x-400,40,7964,4,0,0,0,0,1,0,2.58400857584,-400
exec27_edge_x-400,31,4746,1,0,18,8,0,1,1,4.7094515935,-400
exec27_edge_x-400,22,6780,1,0,1,0,0,1,0,1.51149426707,-400
exec27_edge_x-400,46,6317,4,0,3,0,0,1,0,9.02793929466,-400
exec27_edge_x-400,43,792,1,0,8,0,0,1,0,4.72531875985,-400
exec27_edge_x-400,40,7937,0,0,20,5,0,1,1,2.74563849711,-400
exec27_edge_x-400,25,9799,5,0,8,1,0,1,1,3.58696699505,-400
exec27_edge_x-400,16,3077,0,0,8,0,0,1,0,3.64114460893,-400
exec27_edge_x-400,34,5982,3,0,5,0,0,1,1,2.65847822029,-400
exec27_edge_x-400,37,10121,0,0,4,0,0,1,0,2.8021278897,-400
exec27_edge_x-400,46,6291,0,0,13,0,0,1,1,2.65672253816,-400
exec27_edge_x-400,25,9763,4,0,5,0,0,1,0,5.90857798098,-400
exec27_edge_x-400,34,5972,0,0,4,0,0,1,0,9.11010668797,-400
exec27_edge_x-400,13,2394,1,0,0,0,0,1,0,8.88691692087,-400
exec27_edge_x-400,6,24381,6,0,7,0,0,1,1,3.1714107698,-400
exec27_edge_x-400,28,11693,3,0,5,0,0,1,0,2.25693793582,-400
exec27_edge_x-400,1,9438,2,0,3,0,0,1,0,6.7345915361,-400
exec27_edge_x-400,37,10109,7,0,65,25,0,1,1,6.26859734585,-400
exec27_edge_x-400,19,4835,6,0,4,0,0,1,0,1.26128341213,-400
exec27_edge_x-400,4,9420,1,0,4,0,0,1,0,3.63290820619,-400
exec27_edge_x-400,16,3023,1,0,12,0,0,1,1,2.66887131329,-400
exec27_edge_x-400,37,10094,2,0,17,0,0,1,0,3.12846190229,-400
exec27_edge_x-400,10,8062,0,0,17,1,0,1,1,2.00658360919,-400
exec27_edge_x-400,13,2370,3,0,0,0,0,1,0,3.2204546089,-400
exec27_edge_x-400,28,11671,6,0,13,0,0,1,1,13.0663948431,-400
exec27_edge_x-400,43,722,0,0,0,0,0,1,0,3.87387039398,-400
exec27_edge_x-400,22,6679,7,0,4,0,0,1,0,2.84833518178,-400
exec27_edge_x-400,10,8040,0,0,10,0,0,1,0,2.74497461948,-400
exec27_edge_x-400,43,714,0,0,13,0,0,1,1,8.35786411786,-400
exec27_edge_x-400,34,5914,5,0,6,0,0,1,0,8.38831724795,-400
exec27_edge_x-400,34,5905,4,0,0,0,0,1,0,5.63065492462,-400
exec27_edge_x-400,34,5902,2,0,2,0,0,1,1,3.90711478548,-400
exec27_edge_x-400,43,702,11,1,2,0,0,1,0,7.84119686664,-400
exec27_edge_x-400,37,10061,1,0,4,0,0,1,0,2.60567914641,-400
exec27_edge_x-400,37,10058,6,0,6,0,0,1,0,4.9669100271,-400
exec27_edge_x-400,1,9381,1,0,12,1,0,1,1,3.1388576944,-400
exec27_edge_x-400,37,10041,7,0,7,1,0,1,1,3.47595106188,-400
exec27_edge_x-400,22,6649,3,0,20,2,0,1,1,2.36877470941,-400
exec27_edge_x-400,46,6172,1,0,23,6,0,1,1,2.11993777123,-400
exec27_edge_x-400,1,9358,3,0,17,4,0,1,1,2.39499025986,-400
exec27_edge_x-400,13,2295,6,0,5,1,0,1,1,2.56172074604,-400
exec27_edge_x-400,46,6143,2,0,14,0,0,1,0,5.22738008996,-400
exec27_edge_x-400,31,8594,5,0,17,6,0,1,1,4.75567619775,-400
exec27_edge_x-400,22,6596,3,0,4,1,0,1,1,3.43773300202,-400
exec27_edge_x-400,16,2924,3,0,6,0,0,1,0,1.48211495909,-400
exec27_edge_x-400,28,11581,5,0,8,2,0,1,1,3.4165469826,-400
exec27_edge_x-400,40,7770,1,0,7,0,0,1,0,4.47523161244,-400
exec27_edge_x-400,28,11572,4,0,30,4,0,1,1,4.38852459603,-400
exec27_edge_x-400,19,9177,4,0,15,0,0,1,1,3.98189058983,-400
exec27_edge_x-400,4,9285,0,0,9,0,0,1,0,3.14751180919,-400
exec27_edge_x-400,1,9297,6,0,10,5,0,1,1,2.78311630745,-400
exec27_edge_x-400,46,6106,2,0,4,5,0,1,1,3.86530919458,-400
exec27_edge_x-400,46,6098,0,0,2,0,0,1,0,5.24016849844,-400
exec27_edge_x-400,22,6560,0,0,11,0,0,1,0,2.55849250633,-400
exec27_edge_x-400,1,9284,2,0,3,0,0,1,0,2.36269917579,-400
exec27_edge_x-400,46,6081,7,0,18,0,0,1,0,2.61765058058,-400
exec27_edge_x-400,40,7751,1,0,19,2,0,1,1,4.738445896,-400
exec27_edge_x-400,28,11556,3,0,25,4,0,1,1,3.05225343687,-400
exec27_edge_x-400,19,9148,1,0,2,0,0,1,0,7.36174129754,-400
exec27_edge_x-400,10,7917,4,0,9,0,0,1,0,2.30763043828,-400
exec27_edge_x-400,43,589,14,1,16,0,0,1,0,6.14275604565,-400
exec27_edge_x-400,10,7915,1,0,9,0,0,1,0,4.98071782679,-400
exec27_edge_x-400,16,2865,9,1,0,0,0,1,0,5.37298987294,-400
exec27_edge_x-400,40,7734,8,1,34,6,0,1,1,5.5589276237,-400
exec27_edge_x-400,22,6525,0,0,4,0,0,1,0,2.72264949777,-400
exec27_edge_x-400,10,7891,6,0,7,0,0,1,0,8.80258004524,-400
exec27_edge_x-400,28,11510,13,1,23,1,0,1,1,8.0213071722,-400
exec27_edge_x-400,28,11503,3,0,10,0,0,1,0,5.82151739578,-400
exec27_edge_x-400,43,561,7,0,15,4,0,1,1,2.33674907986,-400
exec27_edge_x-400,22,6498,6,0,6,0,0,1,0,4.65561570192,-400
exec27_edge_x-400,46,6037,7,0,21,5,0,1,1,4.75374862446,-400
exec27_edge_x-400,13,2164,1,0,18,0,0,1,0,3.70531259217,-400
exec27_edge_x-400,22,6494,0,0,5,0,0,1,1,2.26488466152,-400
exec27_edge_x-400,4,9204,0,0,6,4,0,1,1,2.33815414297,-400
exec27_edge_x-400,13,2148,7,0,1,0,0,1,0,2.32067013211,-400
exec27_edge_x-400,19,9074,6,0,10,0,0,1,1,2.57615558575,-400
exec27_edge_x-400,40,7683,1,0,15,1,0,1,1,8.1667257928,-400
exec27_edge_x-400,43,509,6,0,8,0,0,1,0,2.07095243423,-400
exec27_edge_x-400,46,5991,4,0,6,0,0,1,0,5.27674634905,-400
exec27_edge_x-400,31,8448,3,0,2,0,0,1,0,3.95278542992,-400
exec27_edge_x-400,1,9189,4,0,14,5,0,1,1,2.91822388907,-400
exec27_edge_x-400,46,5985,7,0,1,0,0,1,0,7.0890632795,-400
exec27_edge_x-400,19,9051,3,0,3,1,0,1,1,2.78023163535,-400
exec27_edge_x-400,28,11446,13,1,0,0,0,1,0,6.38905542056,-400
exec27_edge_x-400,46,5978,7,0,15,1,0,1,1,6.05667589069,-400
exec27_edge_x-400,31,8426,4,0,11,0,0,1,0,2.65574030721,-400
exec27_edge_x-400,43,478,1,0,18,2,0,1,1,5.16339118391,-400
exec27_edge_x-400,34,5672,6,0,25,6,0,1,1,3.4499484597,-400
exec27_edge_x-400,34,5669,0,0,9,0,0,1,0,2.46694707604,-400
exec27_edge_x-400,13,2111,2,0,7,0,0,1,0,3.33151951305,-400
exec27_edge_x-400,34,5666,3,0,8,2,0,1,1,3.53666608281,-400
exec27_edge_x-400,10,7788,3,0,0,0,0,1,0,1.92186660509,-400
exec27_edge_x-400,31,8406,5,0,0,0,0,1,0,3.53609329912,-400
exec27_edge_x-400,37,9823,2,0,3,0,0,1,0,3.70805512745,-400
exec27_edge_x-400,25,9487,0,0,11,7,0,1,1,4.5032288405,-400
exec27_edge_x-400,13,2091,0,0,15,0,0,1,0,4.9089224149,-400
exec27_edge_x-400,6,29501,3,0,0,0,0,1,0,4.26765780396,-400
exec27_edge_x-400,10,7773,1,0,7,0,0,1,0,5.56799341907,-400
exec27_edge_x-400,40,7622,7,0,6,0,0,1,0,3.07120338674,-400
exec27_edge_x-400,6,29492,6,0,0,0,0,1,0,7.26921903339,-400
exec27_edge_x-400,28,11398,5,0,16,6,0,1,1,3.76117765402,-400
exec27_edge_x-400,19,8984,5,0,17,0,0,1,1,1.82480875231,-400
exec27_edge_x-400,16,2727,1,0,9,0,0,1,0,10.8930664003,-400
exec27_edge_x-400,28,11382,8,1,7,0,0,1,1,8.48913835321,-400
exec27_edge_x-400,34,5618,4,0,3,0,0,1,1,3.34131102164,-400
exec27_edge_x-400,19,8975,6,0,0,0,0,1,0,2.56026348861,-400
exec27_edge_x-400,34,5614,1,0,4,0,0,1,0,3.67360096013,-400
exec27_edge_x-400,4,9090,2,0,4,0,0,1,0,2.5428092666,-400
exec27_edge_x-400,28,11366,7,0,3,5,0,1,1,1.90779465291,-400
exec27_edge_x-400,31,8366,0,0,16,6,0,1,1,3.87928273852,-400
exec27_edge_x-400,16,2709,6,0,15,0,0,1,1,4.43651807284,-400
exec27_edge_x-400,13,2036,7,0,0,0,0,1,0,4.31618624176,-400
exec27_edge_x-400,1,9106,6,0,6,0,0,1,0,5.71524516851,-400
exec27_edge_x-400,28,11341,4,0,4,0,0,1,0,2.74652212804,-400
exec27_edge_x-400,1,9103,1,0,14,3,0,1,1,5.42847986227,-400
exec27_edge_x-400,37,9753,7,0,8,0,0,1,0,3.69568059153,-400
exec27_edge_x-400,34,5579,1,0,11,1,0,1,1,3.96882328725,-400
exec27_edge_x-400,37,9749,7,0,22,4,0,1,1,4.34328367549,-400
exec27_edge_x-400,22,9604,6,0,10,0,0,1,1,3.09612213346,-400
exec27_edge_x-400,1,9081,3,0,9,2,0,1,1,6.65426847355,-400
exec27_edge_x-400,10,7694,0,0,6,0,0,1,1,7.01409215225,-400
exec27_edge_x-400,1,9077,5,0,2,0,0,1,0,5.38524737382,-400
exec27_edge_x-400,28,11303,6,0,5,0,0,1,1,4.03751261787,-400
exec27_edge_x-400,34,5545,0,0,3,0,0,1,0,2.8491596617,-400
exec27_edge_x-400,1,9071,3,0,4,0,0,1,0,3.5449196699,-400
exec27_edge_x-400,40,7518,0,0,5,0,0,1,0,4.22730573888,-400
exec27_edge_x-400,25,9381,5,0,10,2,0,1,1,2.18692931678,-400
exec27_edge_x-400,40,7516,4,0,6,0,0,1,0,1.85718209389,-400
exec27_edge_x-400,13,1989,3,0,5,0,0,1,1,2.57341635024,-400
exec27_edge_x-400,6,29412,5,0,7,0,0,1,0,1.91853764795,-400
exec27_edge_x-400,40,7512,2,0,0,0,0,1,0,5.10465047512,-400
exec27_edge_x-400,37,9716,1,0,2,0,0,1,0,2.37561904653,-400
exec27_edge_x-400,37,9707,3,0,6,1,0,1,1,3.23833506896,-400
exec27_edge_x-400,13,1968,3,0,7,0,0,1,0,4.21030710336,-400
exec27_edge_x-400,1,9053,0,0,5,5,0,1,1,2.2649004237,-400
exec27_edge_x-400,19,8895,5,0,6,0,0,1,1,6.09952142834,-400
exec27_edge_x-400,6,29395,4,0,13,3,0,1,1,2.48562031498,-400
exec27_edge_x-400,6,29528,4,0,0,0,0,0,0,3.48772430661,-400
exec27_edge_x-400,4,8999,2,0,9,0,0,1,0,4.01173421863,-400
exec27_edge_x-400,28,11259,0,0,4,0,0,1,0,1.82745971371,-400
exec27_edge_x-400,6,29370,2,0,17,0,0,1,0,3.21890012274,-400
exec27_edge_x-400,37,9670,6,0,1,2,0,1,1,7.82128634211,-400
exec27_edge_x-400,19,8846,7,0,15,2,0,1,1,2.27937000517,-400
exec27_edge_x-400,19,8840,1,0,21,9,0,1,1,4.2189996262,-400
exec27_edge_x-400,28,11216,4,0,9,4,0,1,1,3.51755279006,-400
exec27_edge_x-400,34,5440,2,0,2,0,0,1,0,4.8748850259,-400
exec27_edge_x-400,19,8832,5,0,21,14,0,1,1,3.19611749511,-400
exec27_edge_x-400,34,5417,3,0,17,0,0,1,1,7.91679426032,-400
exec27_edge_x-400,6,29290,6,0,15,2,0,1,1,2.31467598789,-400
exec27_edge_x-400,6,29285,2,0,12,1,0,1,1,8.18670178965,-400
exec27_edge_x-400,25,9258,3,0,9,0,0,1,0,1.61811879946,-400
exec27_edge_x-400,10,7552,4,0,29,0,0,1,1,5.04814461496,-400
exec27_edge_x-400,46,5719,0,0,3,0,0,1,0,3.96416084526,-400
exec27_edge_x-400,40,7385,7,0,4,0,0,1,0,5.5618058939,-400
exec27_edge_x-400,34,5380,7,0,8,3,0,1,1,2.72170759349,-400
exec27_edge_x-400,16,2517,3,0,13,0,0,1,0,3.28020608376,-400
exec27_edge_x-400,10,7529,4,0,4,0,0,1,0,2.06526625361,-400
exec27_edge_x-400,22,9450,6,0,8,0,0,1,1,3.87369656079,-400
exec27_edge_x-400,25,9219,3,0,11,0,0,1,0,2.11546153712,-400
exec27_edge_x-400,6,29236,4,0,22,0,0,1,0,3.40474313303,-400
exec27_edge_x-400,46,5690,5,0,29,9,0,1,1,7.74673841534,-400
exec27_edge_x-400,40,7351,3,0,5,1,0,1,1,1.55809929933,-400
exec27_edge_x-400,13,5416,2,0,4,0,0,1,0,2.47094105887,-400
exec27_edge_x-400,40,7340,3,0,12,0,0,1,0,1.47763993747,-400
exec27_edge_x-400,43,184,7,0,8,3,0,1,1,2.33067047104,-400
exec27_edge_x-400,34,5327,7,0,13,2,0,1,1,3.26939280055,-400
exec27_edge_x-400,46,5668,1,0,6,4,0,1,1,4.85626528874,-400
exec27_edge_x-400,28,11737,6,0,21,2,0,1,1,7.09391046072,-400
exec27_edge_x-400,28,11123,0,0,27,4,0,1,1,3.79313498684,-400
exec27_edge_x-400,4,8814,7,0,8,3,0,1,1,2.19739631571,-400
exec27_edge_x-400,31,8133,1,0,12,3,0,1,1,3.73456512936,-400
exec27_edge_x-400,13,5382,1,0,15,5,0,1,1,1.64465360494,-400
exec27_edge_x-400,34,5317,7,0,27,11,0,1,1,5.12921452155,-400
exec27_edge_x-400,40,7323,0,0,3,0,0,1,0,5.34088656029,-400
exec27_edge_x-400,10,7463,15,1,31,5,0,1,1,5.68594445144,-400
exec27_edge_x-400,43,137,0,0,12,0,0,1,0,2.29623669392,-400
exec27_edge_x-400,13,5357,5,0,13,0,0,1,1,5.77779281753,-400
exec27_edge_x-400,1,8843,5,0,13,0,0,1,0,3.17374196616,-400
exec27_edge_x-400,43,127,6,0,6,0,0,1,0,2.22195625287,-400
exec27_edge_x-400,16,2435,0,0,14,3,0,1,1,1.8984866046,-400
exec27_edge_x-400,10,7445,0,0,5,0,0,1,0,2.51460491643,-400
exec27_edge_x-400,40,7279,4,0,4,0,0,1,0,4.22163226532,-400
exec27_edge_x-400,40,7274,0,0,6,0,0,1,0,3.32723793819,-400
exec27_edge_x-400,34,5262,0,0,4,0,0,1,0,1.92290462559,-400
exec27_edge_x-400,28,11071,2,0,6,0,0,1,0,2.28428063483,-400
exec27_edge_x-400,6,29121,4,0,11,1,0,1,1,4.3296053349,-400
exec27_edge_x-400,28,11060,4,0,11,0,0,1,0,2.05578798383,-400
exec27_edge_x-400,25,9113,3,0,3,0,0,1,0,1.88038257833,-400
exec27_edge_x-400,6,29101,2,0,11,0,0,1,0,2.61020027016,-400
exec27_edge_x-400,6,29095,6,0,6,0,0,1,0,4.92633026766,-400
exec27_edge_x-400,16,2384,2,0,28,6,0,1,1,6.89474689649,-400
exec27_edge_x-400,34,5223,2,0,5,0,0,1,1,2.54704286251,-400
exec27_edge_x-400,6,29071,7,0,4,0,1,1,0,3.53480035876,-400
exec27_edge_x-400,13,5269,7,0,6,0,0,1,0,5.11111972108,-400
exec27_edge_x-400,43,3895,0,0,17,6,0,1,1,5.27535945116,-400
exec27_edge_x-400,4,8695,3,0,15,6,0,1,1,3.35291568407,-400
exec27_edge_x-400,25,9050,5,0,7,2,0,1,1,3.62312606102,-400
exec27_edge_x-400,16,2351,2,0,13,7,0,1,1,6.47858896323,-400
exec27_edge_x-400,1,8750,2,0,15,2,0,1,1,1.91720047348,-400
exec27_edge_x-400,28,10993,3,0,18,6,0,1,1,3.69654064717,-400
exec27_edge_x-400,6,29047,5,0,2,0,0,1,0,5.34450743448,-400
exec27_edge_x-400,28,10984,5,0,26,11,0,1,1,4.72368504599,-400
exec27_edge_x-400,25,9025,1,0,1,0,0,1,0,2.19472577812,-400
exec27_edge_x-400,1,8732,7,0,9,0,0,1,0,3.36405684034,-400
exec27_edge_x-400,40,7182,0,0,19,1,1,1,1,4.61828372299,-400
exec27_edge_x-400,37,9413,0,0,8,2,0,1,1,10.63086539,-400
exec27_edge_x-400,1,8729,6,0,5,0,0,1,0,4.12791834562,-400
exec27_edge_x-400,31,7989,4,0,15,4,0,1,1,4.8136510168,-400
exec27_edge_x-400,16,2317,5,0,4,0,0,1,0,4.98081532985,-400
exec27_edge_x-400,22,9252,1,0,16,4,0,1,1,3.25779232396,-400
exec27_edge_x-400,6,29006,4,0,19,2,0,1,1,6.0292994282,-400
exec27_edge_x-400,34,5148,0,0,1,0,0,1,0,2.16235330568,-400
exec27_edge_x-400,40,7151,3,0,25,2,0,1,1,4.58630014824,-400
exec27_edge_x-400,22,9234,1,0,14,6,0,1,1,5.65620201614,-400
exec27_edge_x-400,6,28993,6,0,9,1,0,1,1,4.12069642415,-400
exec27_edge_x-400,37,9367,6,0,9,0,0,1,0,2.42263805281,-400
exec27_edge_x-400,34,5129,2,0,6,0,0,1,0,4.0873792375,-400
exec27_edge_x-400,46,5450,6,0,14,2,0,1,1,2.93516193009,-400
exec27_edge_x-400,43,3822,0,0,1,0,0,1,0,2.35887752031,-400
exec27_edge_x-400,19,8538,4,0,6,0,0,1,0,3.81942321232,-400
exec27_edge_x-400,40,7118,0,0,4,0,0,1,0,1.47000345754,-400
exec27_edge_x-400,34,5115,7,0,5,0,0,1,1,3.71413707288,-400
exec27_edge_x-400,13,5159,0,0,7,0,0,1,0,4.42615027846,-400
exec27_edge_x-400,22,9191,11,1,20,7,0,1,1,7.6081963205,-400
exec27_edge_x-400,4,8576,6,0,0,2,0,1,1,1.60547981555,-400
exec27_edge_x-400,10,11142,5,0,15,2,0,1,1,4.57120634027,-400
exec27_edge_x-400,4,8562,2,0,7,0,0,1,0,4.48150954016,-400
exec27_edge_x-400,16,2214,7,0,24,2,0,1,1,9.57040773842,-400
exec27_edge_x-400,40,7067,0,0,10,3,0,1,1,2.58484319881,-400
exec27_edge_x-400,46,5391,4,0,36,12,0,1,1,8.02691966045,-400
exec27_edge_x-400,46,7810,4,0,0,0,0,0,0,9.02809487136,-400
exec27_edge_x-400,4,8550,5,0,6,0,0,1,0,1.70637359441,-400
exec27_edge_x-400,40,7055,6,0,5,0,0,1,0,3.50638993275,-400
exec27_edge_x-400,6,28918,4,0,14,7,0,1,1,2.37880152941,-400
exec27_edge_x-400,1,8588,7,0,6,0,0,1,0,2.44821779486,-400
exec27_edge_x-400,13,5100,1,0,12,2,0,1,1,2.63261405471,-400
exec27_edge_x-400,6,28912,5,0,8,0,0,1,0,2.38214867033,-400
exec27_edge_x-400,25,8889,0,0,25,6,0,1,1,6.08824459684,-400
exec27_edge_x-400,22,9141,0,0,13,2,0,1,1,4.63657181422,-400
exec27_edge_x-400,4,8531,0,0,12,2,0,1,1,1.6204299705,-400
exec27_edge_x-400,31,7863,2,0,8,0,0,1,1,2.89046973471,-400
exec27_edge_x-400,22,9128,6,0,12,1,0,1,1,3.39994015051,-400
exec27_edge_x-400,16,2168,3,0,18,0,0,1,0,4.61716168696,-400
exec27_edge_x-400,10,11060,7,0,1,0,0,1,1,4.48797772953,-400
exec27_edge_x-400,22,9111,5,0,9,0,0,1,0,3.40972990105,-400
exec27_edge_x-400,31,7843,0,0,6,1,0,1,1,3.35864244693,-400
exec27_edge_x-400,46,5336,2,0,1,0,0,1,0,4.38717276503,-400
exec27_edge_x-400,1,8540,5,0,11,3,0,1,1,3.21981266792,-400
exec27_edge_x-400,40,7005,0,0,9,0,0,1,0,3.10395848027,-400
exec27_edge_x-400,46,5329,7,0,6,1,0,1,1,3.77361359323,-400
exec27_edge_x-400,6,28876,3,0,3,2,0,1,1,4.56939807009,-400
exec27_edge_x-400,19,8410,1,0,7,0,0,1,0,2.66375704131,-400
exec27_edge_x-400,37,9227,0,0,15,4,0,1,1,2.87410436496,-400
exec27_edge_x-400,37,9225,0,0,19,0,11,1,0,6.0344983061,-400
exec27_edge_x-400,46,5317,6,0,8,3,0,1,1,2.54719079806,-400
exec27_edge_x-400,1,8513,1,0,4,0,0,1,0,3.79543335132,-400
exec27_edge_x-400,4,8474,5,0,21,3,0,1,1,2.93376239105,-400
exec27_edge_x-400,10,11015,6,0,6,0,0,1,0,4.11357820047,-400
exec27_edge_x-400,31,7813,2,0,4,1,0,1,1,2.31590134743,-400
exec27_edge_x-400,34,4985,4,0,4,0,0,1,0,3.06163230913,-400
exec27_edge_x-400,4,8458,3,0,5,0,0,1,0,2.2831052183,-400
exec27_edge_x-400,22,9057,5,0,8,0,0,1,0,4.58497087704,-400
exec27_edge_x-400,22,9045,2,0,2,0,0,1,0,7.56073857097,-400
exec27_edge_x-400,28,10752,6,0,1,0,0,1,0,3.3422070905,-400
exec27_edge_x-400,10,10978,2,0,2,0,0,1,0,2.32388682693,-400
exec27_edge_x-400,28,10738,0,0,0,0,0,1,0,1.54224484755,-400
exec27_edge_x-400,4,8421,8,1,1,0,0,1,0,5.90694161281,-400
exec27_edge_x-400,10,10964,0,0,8,0,0,1,0,1.9622801327,-400
exec27_edge_x-400,37,9153,5,0,15,0,0,1,1,4.6433758933,-400
exec27_edge_x-400,10,10960,5,0,3,0,0,1,0,1.5551995433,-400
exec27_edge_x-400,37,9146,4,0,6,0,0,1,0,2.42019174774,-400
exec27_edge_x-400,13,4971,6,0,17,2,0,1,1,5.21566388596,-400
exec27_edge_x-400,6,28797,1,0,33,3,0,1,1,3.16909836487,-400
exec27_edge_x-400,43,3605,6,0,11,0,0,1,0,4.4009009035,-400
exec27_edge_x-400,31,7718,2,0,6,0,0,1,0,2.95417753847,-400
exec27_edge_x-400,25,8745,15,1,11,0,0,1,0,7.67079998463,-400
exec27_edge_x-400,25,8742,4,0,7,0,0,1,0,3.50492051301,-400
exec27_edge_x-400,4,8363,3,0,0,0,0,0,0,2.71309189148,-400
exec27_edge_x-400,19,8316,6,0,15,2,0,1,1,2.75383464994,-400
exec27_edge_x-400,6,28759,0,0,1,0,0,1,0,2.24208585415,-400
exec27_edge_x-400,34,4886,3,0,19,2,0,1,1,5.36511737112,-400
exec27_edge_x-400,19,8308,5,0,9,0,0,1,0,2.71270145527,-400
exec27_edge_x-400,1,8401,7,0,9,2,0,1,1,5.71226649101,-400
exec27_edge_x-400,46,5208,3,0,12,0,0,1,0,2.01026368862,-400
exec27_edge_x-400,40,6863,7,0,19,6,0,1,1,2.7449821506,-400
exec27_edge_x-400,37,9074,2,0,10,0,0,1,0,3.39961183221,-400
exec27_edge_x-400,22,8926,1,0,13,0,0,1,0,2.45266499262,-400
exec27_edge_x-400,43,3529,3,0,4,0,0,1,0,2.47569248962,-400
exec27_edge_x-400,4,8291,3,0,3,0,0,1,1,3.90405906906,-400
exec27_edge_x-400,10,10861,1,0,7,0,0,1,0,9.78909972866,-400
exec27_edge_x-400,22,8889,1,0,20,1,0,1,1,13.8915275257,-400
exec27_edge_x-400,43,3511,7,0,23,10,0,1,1,2.19690321682,-400
exec27_edge_x-400,22,8885,7,0,3,0,0,1,0,2.48445824583,-400
exec27_edge_x-400,13,4868,8,1,45,3,0,1,1,7.02427455425,-400
exec27_edge_x-400,22,8879,2,0,9,2,0,1,1,4.84130077908,-400
exec27_edge_x-400,22,8861,7,0,4,0,0,1,0,1.69715068078,-400
exec27_edge_x-400,4,8257,12,1,5,0,0,1,0,5.65789468919,-400
exec27_edge_x-400,25,8634,6,0,7,2,0,1,1,2.11909235521,-400
exec27_edge_x-400,16,7038,5,0,5,0,0,1,0,2.76901859813,-400
exec27_edge_x-400,37,8981,7,0,8,0,0,1,0,1.37435743831,-400
exec27_edge_x-400,34,4778,3,0,8,3,0,1,1,2.67916297422,-400
exec27_edge_x-400,46,5098,6,0,10,3,0,1,1,4.06615182703,-400
exec27_edge_x-400,4,8251,3,0,3,0,0,1,1,3.60093036412,-400
exec27_edge_x-400,16,7022,15,1,16,3,0,1,1,4.6964421744,-400
exec27_edge_x-400,10,10794,2,0,31,9,0,1,1,5.09634115638,-400
exec27_edge_x-400,34,4757,3,0,10,0,0,1,0,1.93167149724,-400
exec27_edge_x-400,46,5073,2,0,9,0,0,1,0,3.79768161213,-400
exec27_edge_x-400,46,5063,3,0,11,0,0,1,0,2.32898371582,-400
exec27_edge_x-400,34,4716,5,0,4,0,0,1,1,1.60735524472,-400
exec27_edge_x-400,16,7001,6,0,1,0,0,1,0,4.15299353082,-400
exec27_edge_x-400,37,12238,0,0,3,0,0,1,0,4.46574569206,-400
exec27_edge_x-400,22,9700,3,0,12,0,0,1,0,7.46438549126,-400
exec27_edge_x-400,40,6701,5,0,2,0,0,1,0,2.02229695189,-400
exec27_edge_x-400,46,5054,6,0,8,0,0,1,0,3.72570225565,-400
exec27_edge_x-400,10,10771,9,1,27,0,0,1,1,5.75710959821,-400
exec27_edge_x-400,40,6694,0,0,13,0,0,1,1,4.36185050279,-400
exec27_edge_x-400,1,8237,5,0,6,0,0,1,0,1.35711544442,-400
exec27_edge_x-400,10,10757,0,0,10,2,0,1,1,2.95775802046,-400
exec27_edge_x-400,4,8186,5,0,2,1,0,1,1,1.82929777609,-400
exec27_edge_x-400,37,12218,0,0,8,1,0,1,1,6.69446237289,-400
exec27_edge_x-400,1,8214,6,0,7,0,0,1,0,1.30392672927,-400
exec27_edge_x-400,43,3394,6,0,15,2,0,1,1,4.11901956524,-400
exec27_edge_x-400,10,10745,2,0,8,0,0,1,0,4.47877053622,-400
exec27_edge_x-400,28,10502,2,0,0,0,0,1,0,3.51078421735,-400
exec27_edge_x-400,22,8722,6,0,1,0,0,1,0,2.29973263978,-400
exec27_edge_x-400,16,6962,7,0,7,0,0,1,0,3.37877633002,-400
exec27_edge_x-400,4,8167,6,0,16,0,0,1,0,5.07103019439,-400
exec27_edge_x-400,40,6642,5,0,17,0,0,1,0,1.51281577233,-400
exec27_edge_x-400,28,10482,4,0,15,0,0,1,0,2.36397264219,-400
exec27_edge_x-400,16,6954,4,0,6,1,0,1,1,3.20194692237,-400
exec27_edge_x-400,22,8715,7,0,2,0,0,1,0,5.09768221317,-400
exec27_edge_x-400,10,10718,2,0,13,2,0,1,1,5.49339625944,-400
exec27_edge_x-400,43,3362,0,0,6,0,0,1,0,4.04887360047,-400
exec27_edge_x-400,28,10463,3,0,0,0,0,1,0,3.11468059274,-400
exec27_edge_x-400,16,6938,6,0,8,3,0,1,1,2.48043743061,-400
exec27_edge_x-400,22,8682,1,0,4,0,0,1,0,2.87076811447,-400
exec27_edge_x-400,19,8083,6,0,11,4,0,1,1,4.89424818921,-400
exec27_edge_x-400,46,4976,7,0,10,0,0,1,0,2.17977544076,-400
exec27_edge_x-400,1,11239,6,0,2,0,0,1,0,4.55896099249,-400
exec27_edge_x-400,40,9840,0,0,3,0,0,1,0,4.10457602579,-400
exec27_edge_x-400,13,4689,4,0,8,0,0,1,0,4.42778036929,-400
exec27_edge_x-400,28,10423,6,0,2,0,0,1,0,2.74220668243,-400
exec27_edge_x-400,6,28494,4,0,9,0,0,1,0,3.94685793874,-400
exec27_edge_x-400,6,28492,3,0,8,1,0,1,1,5.09431323359,-400
exec27_edge_x-400,6,28490,0,0,20,10,0,1,1,3.63746761579,-400
exec27_edge_x-400,16,6900,10,1,15,0,0,1,1,5.61900953928,-400
exec27_edge_x-400,37,12120,6,0,9,0,0,1,0,5.93435935433,-400
exec27_edge_x-400,10,10637,2,0,4,0,0,1,0,2.61483919901,-400
exec27_edge_x-400,37,12115,4,0,14,0,0,1,1,5.10943163492,-400
exec27_edge_x-400,37,12109,2,0,6,2,0,1,1,2.28191975291,-400
exec27_edge_x-400,34,8875,4,0,25,6,0,1,1,3.32959363176,-400
exec27_edge_x-400,34,8866,1,0,3,0,0,1,1,5.05681450921,-400
exec27_edge_x-400,31,7382,7,0,9,2,0,1,1,4.29542135705,-400
exec27_edge_x-400,10,10591,7,0,34,13,0,1,1,4.1962118903,-400
exec27_edge_x-400,25,8408,5,0,18,0,0,1,0,3.62375734143,-400
exec27_edge_x-400,28,10334,6,0,6,2,0,1,1,2.89264345275,-400
exec27_edge_x-400,31,7371,3,0,20,2,0,1,1,4.4124103914,-400
exec27_edge_x-400,4,8064,6,0,20,3,0,1,1,2.87040032161,-400
exec27_edge_x-400,31,7367,0,0,9,0,0,1,0,1.67008166681,-400
exec27_edge_x-400,19,8004,4,0,11,3,0,1,1,5.26705082525,-400
exec27_edge_x-400,28,10320,6,0,10,0,0,1,0,5.39744108658,-400
exec27_edge_x-400,10,10578,0,0,23,1,0,1,1,2.52554197731,-400
exec27_edge_x-400,6,28407,5,0,8,0,0,1,0,2.21142499794,-400
exec27_edge_x-400,16,6825,0,0,10,1,0,1,1,2.28695701449,-400
exec27_edge_x-400,16,6823,6,0,19,1,0,1,1,5.57807676367,-400
exec27_edge_x-400,6,28395,7,0,10,0,0,1,0,3.57334242454,-400
exec27_edge_x-400,40,9738,5,0,13,5,0,1,1,3.52462242052,-400
exec27_edge_x-400,6,28392,3,0,3,0,0,1,0,4.48364993555,-400
exec27_edge_x-400,31,7344,3,0,10,0,0,1,0,4.57306078983,-400
exec27_edge_x-400,16,6817,0,0,0,1,0,1,1,4.16324434104,-400
exec27_edge_x-400,25,8361,3,0,24,10,0,1,1,2.18718464716,-400
exec27_edge_x-400,6,28374,2,0,14,0,0,1,0,5.19845559585,-400
exec27_edge_x-400,22,8539,3,0,8,3,0,1,1,4.72116817443,-400
exec27_edge_x-400,1,11121,10,1,23,4,0,1,1,5.58360448262,-400
exec27_edge_x-400,40,9713,1,0,8,0,0,1,0,4.79392998683,-400
exec27_edge_x-400,28,10276,3,0,1,0,0,1,0,5.75599969452,-400
exec27_edge_x-400,4,8011,2,0,6,0,0,1,0,3.61599125975,-400
exec27_edge_x-400,37,12023,5,0,1,0,0,1,0,3.19094850072,-400
exec27_edge_x-400,37,12252,5,0,0,0,0,0,0,4.58882901245,-400
exec27_edge_x-400,16,6786,7,0,10,0,0,1,0,4.02656714425,-400
exec27_edge_x-400,34,8796,5,0,10,2,0,1,1,1.94040797124,-400
exec27_edge_x-400,31,7318,1,0,10,3,0,1,1,5.57864584273,-400
exec27_edge_x-400,13,4536,6,0,18,9,0,1,1,2.85464425006,-400
exec27_edge_x-400,34,8790,1,0,7,0,0,1,0,2.07448287069,-400
exec27_edge_x-400,31,7309,1,0,11,0,0,1,0,7.55826831912,-400
exec27_edge_x-400,1,11102,7,0,7,0,0,1,0,2.00054630705,-400
exec27_edge_x-400,10,10504,0,0,7,0,0,1,1,2.45953339903,-400
exec27_edge_x-400,43,3190,7,0,12,0,0,1,0,4.10092478464,-400
exec27_edge_x-400,43,3912,7,0,0,0,0,0,0,10.2947125134,-400
exec27_edge_x-400,19,7919,4,0,4,0,0,1,0,2.77847706336,-400
exec27_edge_x-400,13,4497,6,0,15,3,0,1,1,1.98053203501,-400
exec27_edge_x-400,43,3170,1,0,9,2,0,1,1,2.6502318085,-400
exec27_edge_x-400,10,10480,2,0,4,0,0,1,0,3.39682532391,-400
exec27_edge_x-400,25,8301,0,0,21,0,0,1,0,2.0998343735,-400
exec27_edge_x-400,19,7898,14,1,3,0,0,1,1,5.05139650258,-400
exec27_edge_x-400,19,9250,14,1,0,0,0,0,0,12.3340752108,-400
exec27_edge_x-400,13,4475,3,0,16,0,0,1,0,2.91960361746,-400
exec27_edge_x-400,22,8466,3,0,9,0,0,1,0,3.39001311924,-400
exec27_edge_x-400,31,7243,0,0,4,0,0,1,0,2.63760616769,-400
exec27_edge_x-400,13,4462,5,0,8,0,0,1,0,1.82351807041,-400
exec27_edge_x-400,43,3141,6,0,11,2,0,1,1,4.44507710231,-400
exec27_edge_x-400,37,11944,3,0,17,0,0,1,0,3.69720324729,-400
exec27_edge_x-400,6,28264,1,0,4,0,0,1,1,3.38550858849,-400
exec27_edge_x-400,34,8698,4,0,4,0,0,1,0,2.93459901948,-400
exec27_edge_x-400,16,6699,3,0,7,0,0,1,1,2.15107133008,-400
exec27_edge_x-400,28,10167,3,0,23,1,0,1,1,4.00694868919,-400
exec27_edge_x-400,19,7860,0,0,14,0,0,1,0,1.95113441241,-400
exec27_edge_x-400,25,8255,0,0,6,2,0,1,1,3.47529274902,-400
exec27_edge_x-400,4,7907,2,0,5,0,0,1,1,1.780092698,-400
exec27_edge_x-400,37,11916,4,0,9,3,0,1,1,3.18473888075,-400
exec27_edge_x-400,46,4727,3,0,0,0,0,0,0,3.43285138295,-400
exec27_edge_x-400,34,8671,6,0,4,0,0,1,0,3.00453252126,-400
exec27_edge_x-400,4,7882,2,0,5,0,0,1,1,2.41022335052,-400
exec27_edge_x-400,31,7180,4,0,12,6,0,1,1,4.91477016618,-400
exec27_edge_x-400,10,10403,5,0,11,0,0,1,1,6.86245135749,-400
exec27_edge_x-400,43,3061,1,0,10,2,0,1,1,2.02710946418,-400
exec27_edge_x-400,19,7811,7,0,15,0,0,1,1,2.75836063794,-400
exec27_edge_x-400,10,10394,4,0,3,0,0,1,1,1.84407828619,-400
exec27_edge_x-400,22,8385,1,0,11,4,0,1,1,4.34435368125,-400
exec27_edge_x-400,13,4387,1,0,4,0,0,1,0,2.92723501094,-400
exec27_edge_x-400,22,8381,7,0,13,9,0,1,1,3.48086159136,-400
exec27_edge_x-400,34,8636,7,0,4,0,0,1,0,3.97225936891,-400
exec27_edge_x-400,4,7855,6,0,13,7,0,1,1,2.30787321777,-400
exec27_edge_x-400,31,7146,3,0,10,4,0,1,1,6.35686395017,-400
exec27_edge_x-400,43,3040,0,0,5,0,0,1,1,7.57185872027,-400
exec27_edge_x-400,19,7790,4,0,8,0,0,1,0,2.55358278076,-400
exec27_edge_x-400,40,9544,0,0,11,0,0,1,0,1.63699929467,-400
exec27_edge_x-400,28,10097,0,0,3,0,0,1,0,3.05932246446,-400
exec27_edge_x-400,16,6607,2,0,10,2,0,1,1,1.48129242096,-400
exec27_edge_x-400,6,28182,4,0,6,0,0,1,1,2.20910133383,-400
exec27_edge_x-400,34,8618,6,0,4,0,0,1,0,3.2208779062,-400
exec27_edge_x-400,10,10365,2,0,10,5,0,1,1,2.82481986463,-400
exec27_edge_x-400,4,7823,3,0,2,0,0,1,0,4.72588195606,-400
exec27_edge_x-400,6,28170,1,0,10,6,0,1,1,2.69234652073,-400
exec27_edge_x-400,22,8311,1,0,16,3,0,1,1,3.6412367172,-400
exec27_edge_x-400,19,7749,14,1,11,0,0,1,1,5.49979176908,-400
exec27_edge_x-400,19,7746,6,0,20,6,0,1,1,3.09689895903,-400
exec27_edge_x-400,4,7785,4,0,7,0,0,1,0,2.49818428052,-400
exec27_edge_x-400,25,8141,0,0,1,0,0,1,0,4.15320951143,-400
exec27_edge_x-400,28,10051,6,0,10,0,0,1,1,5.5157234128,-400
exec27_edge_x-400,34,8582,3,0,0,0,0,1,0,3.46737273805,-400
exec27_edge_x-400,16,6550,0,0,10,0,0,1,0,4.01016111509,-400
exec27_edge_x-400,16,7171,0,0,0,0,0,0,0,6.6841364804,-400
exec27_edge_x-400,40,9474,7,0,0,0,0,1,0,2.05208837252,-400
exec27_edge_x-400,16,6537,1,0,8,0,0,1,1,4.93963267635,-400
exec27_edge_x-400,16,7172,1,0,0,0,0,0,0,6.00946896658,-400
exec27_edge_x-400,46,9441,1,0,31,17,0,1,1,8.88934282219,-400
exec27_edge_x-400,16,6533,5,0,16,3,0,1,1,3.52970772895,-400
exec27_edge_x-400,28,10008,0,0,17,3,0,1,1,3.64938737726,-400
exec27_edge_x-400,6,28110,7,0,11,0,0,1,0,6.43536155789,-400
exec27_edge_x-400,46,9438,6,0,5,0,0,1,1,3.13802229054,-400
exec27_edge_x-400,16,6530,0,0,1,1,0,1,1,5.73829428424,-400
exec27_edge_x-400,34,8541,0,0,3,0,0,1,0,2.15377885752,-400
exec27_edge_x-400,13,4283,5,0,24,7,0,1,1,5.63373730906,-400
exec27_edge_x-400,19,7664,3,0,9,0,0,1,0,1.40571146888,-400
exec27_edge_x-400,40,9451,2,0,3,0,0,1,0,4.66655632465,-400
exec27_edge_x-400,6,28098,0,0,1,0,0,1,0,2.74459181221,-400
exec27_edge_x-400,1,10818,6,0,7,0,0,1,0,6.67851613608,-400
exec27_edge_x-400,31,7024,3,0,12,0,0,1,0,1.88502521989,-400
exec27_edge_x-400,43,2912,4,0,9,0,0,1,1,3.62596810004,-400
exec27_edge_x-400,28,9986,4,0,7,2,0,1,1,4.34210931607,-400
exec27_edge_x-400,34,8490,7,0,7,2,0,1,1,3.85014897651,-400
exec27_edge_x-400,10,10236,0,0,1,0,0,1,0,2.40494776583,-400
exec27_edge_x-400,19,10729,0,0,15,0,0,1,0,2.04311308477,-400
exec27_edge_x-400,10,10229,13,1,3,0,0,1,0,6.27429300169,-400
exec27_edge_x-400,40,9409,3,0,9,1,0,1,1,2.80940467152,-400
exec27_edge_x-400,28,9962,4,0,6,0,0,1,0,1.76285026227,-400
exec27_edge_x-400,40,9403,4,0,15,0,0,1,0,8.74634760805,-400
exec27_edge_x-400,6,28050,6,0,12,0,0,1,1,11.8671076238,-400
exec27_edge_x-400,4,7672,3,0,12,3,0,1,1,5.53362813386,-400
exec27_edge_x-400,31,6978,7,0,13,0,0,1,0,3.25789787268,-400
exec27_edge_x-400,28,9951,1,0,7,0,0,1,0,7.02940908246,-400
exec27_edge_x-400,6,28035,1,0,8,2,0,1,1,3.0475507034,-400
exec27_edge_x-400,37,11700,7,0,6,0,0,1,0,1.85074224744,-400
exec27_edge_x-400,13,4208,4,0,7,4,0,1,1,3.74946071528,-400
exec27_edge_x-400,46,9358,0,0,11,0,0,1,0,2.00034378801,-400
exec27_edge_x-400,10,10195,0,0,3,0,0,1,0,2.84613302925,-400
exec27_edge_x-400,43,2853,1,0,23,6,0,1,1,6.30489426233,-400
exec27_edge_x-400,40,9358,5,0,3,0,0,1,0,3.28670293787,-400
exec27_edge_x-400,1,10733,5,0,5,0,0,1,0,5.11610592478,-400
exec27_edge_x-400,4,7620,7,0,9,0,0,1,0,3.10479578222,-400
exec27_edge_x-400,13,4157,1,0,2,0,0,1,0,3.22711913843,-400
exec27_edge_x-400,13,4155,1,0,0,0,0,1,0,2.87962024337,-400
exec27_edge_x-400,16,6403,6,0,5,0,0,1,0,1.5461725362,-400
exec27_edge_x-400,31,6921,2,0,6,0,0,1,0,3.42572203153,-400
exec27_edge_x-400,19,10648,7,0,20,4,0,1,1,2.5983548513,-400
exec27_edge_x-400,37,11640,5,0,6,3,0,1,1,5.48182761243,-400
exec27_edge_x-400,16,6395,3,0,8,9,0,1,1,3.54857457538,-400
exec27_edge_x-400,10,10152,1,0,8,0,0,1,0,7.58980935944,-400
exec27_edge_x-400,43,2820,3,0,2,0,0,1,0,1.51393644041,-400
exec27_edge_x-400,1,10711,4,0,9,5,0,1,1,4.28830391832,-400
exec27_edge_x-400,40,9329,11,1,19,5,0,1,1,7.83229665512,-400
exec27_edge_x-400,40,9848,11,1,0,0,0,0,0,8.61044021164,-400
exec27_edge_x-400,4,7583,2,0,6,2,0,1,1,2.38557873364,-400
exec27_edge_x-400,10,10137,3,0,16,4,0,1,1,3.49174298396,-400
exec27_edge_x-400,16,6370,2,0,0,0,0,1,0,2.3180346571,-400
exec27_edge_x-400,31,6891,6,0,4,0,0,1,0,2.06685789218,-400
exec27_edge_x-400,28,9872,0,0,7,0,0,1,0,2.8117066252,-400
exec27_edge_x-400,1,10696,7,0,3,0,0,1,0,3.84738399509,-400
exec27_edge_x-400,1,10694,7,0,9,1,0,1,1,3.82946747757,-400
exec27_edge_x-400,25,7919,5,0,12,0,0,1,0,1.3713856122,-400
exec27_edge_x-400,4,7566,0,0,7,0,0,1,0,3.84474243987,-400
exec27_edge_x-400,46,9289,2,0,3,0,0,1,0,3.83549937502,-400
exec27_edge_x-400,43,2800,1,0,5,2,0,1,1,2.76672321464,-400
exec27_edge_x-400,40,9307,0,0,6,0,0,1,0,3.82277941742,-400
exec27_edge_x-400,4,7561,7,0,8,0,0,1,0,3.45103080385,-400
exec27_edge_x-400,1,10664,1,0,15,4,0,1,1,2.86157232758,-400
exec27_edge_x-400,37,11582,3,0,28,3,0,1,1,3.71099061199,-400
exec27_edge_x-400,28,9826,0,0,13,0,0,1,0,5.70680847036,-400
exec27_edge_x-400,46,9264,7,0,17,1,0,1,1,3.47983166581,-400
exec27_edge_x-400,37,11573,0,0,0,0,0,1,0,1.86089139875,-400
exec27_edge_x-400,22,10930,3,0,7,0,0,1,0,2.9785750311,-400
exec27_edge_x-400,25,11479,14,1,22,11,0,1,1,8.57896199064,-400
exec27_edge_x-400,22,10923,7,0,21,5,0,1,1,2.06000685822,-400
exec27_edge_x-400,28,9803,5,0,7,1,0,1,1,3.29956523049,-400
exec27_edge_x-400,6,27879,5,0,8,0,0,1,0,3.30949420719,-400
exec27_edge_x-400,28,9797,5,0,11,0,2,1,0,2.05116111867,-400
exec27_edge_x-400,40,9264,5,0,6,0,0,1,0,1.48403967199,-400
exec27_edge_x-400,25,11451,0,0,12,0,0,1,0,4.52697198048,-400
exec27_edge_x-400,6,27867,3,0,10,0,0,1,0,6.11193897975,-400
exec27_edge_x-400,31,6805,4,0,8,2,0,1,1,1.74807953002,-400
exec27_edge_x-400,4,7510,10,1,6,0,0,1,0,5.79717101638,-400
exec27_edge_x-400,19,10546,6,0,13,11,0,1,1,5.35384625377,-400
exec27_edge_x-400,46,9225,0,0,10,2,0,1,1,1.80401741148,-400
exec27_edge_x-400,13,4038,3,0,12,2,0,1,1,7.05906057315,-400
exec27_edge_x-400,13,4032,0,0,7,0,0,1,0,2.45523441263,-400
exec27_edge_x-400,13,5446,0,0,0,0,0,0,0,4.90461029037,-400
exec27_edge_x-400,37,11517,4,0,9,0,0,1,0,5.0660159971,-400
exec27_edge_x-400,16,6279,2,0,11,0,0,1,0,1.88403427789,-400
exec27_edge_x-400,25,11429,1,0,15,0,0,1,1,2.98529912754,-400
exec27_edge_x-400,13,4029,2,0,12,2,0,1,1,1.99198205274,-400
exec27_edge_x-400,37,11516,5,0,7,5,0,1,1,2.19428314427,-400
exec27_edge_x-400,25,11418,5,0,9,1,0,1,1,3.09591247339,-400
exec27_edge_x-400,4,7480,1,0,3,0,0,1,0,5.93892068383,-400
exec27_edge_x-400,6,27825,3,0,2,0,0,1,0,1.62064687323,-400
exec27_edge_x-400,19,10502,2,0,1,0,0,1,0,3.6306683525,-400
exec27_edge_x-400,22,10866,2,0,6,0,0,1,0,3.10445736202,-400
exec27_edge_x-400,34,8281,2,0,5,1,0,1,1,2.49919778876,-400
exec27_edge_x-400,6,27821,5,0,8,0,0,1,0,6.48073608145,-400
exec27_edge_x-400,40,9201,4,0,17,1,0,1,1,2.22963903997,-400
exec27_edge_x-400,37,11483,4,0,8,4,0,1,1,2.20017853668,-400
exec27_edge_x-400,1,10551,0,0,2,0,0,1,0,3.85850461287,-400
exec27_edge_x-400,19,10474,2,0,6,0,0,1,0,1.84975331441,-400
exec27_edge_x-400,4,7452,4,0,8,1,0,1,1,6.04270236764,-400
exec27_edge_x-400,46,9166,0,0,10,2,0,1,1,2.99922248089,-400
exec27_edge_x-400,34,8247,7,0,6,0,0,1,0,1.77982499083,-400
exec27_edge_x-400,40,9163,3,0,9,0,0,1,0,5.02753654233,-400
exec27_edge_x-400,25,11353,7,0,5,0,0,1,0,6.18817579442,-400
exec27_edge_x-400,1,10530,5,0,5,2,0,1,1,3.11366558643,-400
exec27_edge_x-400,4,7417,7,0,13,4,0,1,1,2.65939969611,-400
exec27_edge_x-400,46,9144,4,0,5,0,0,1,0,7.90294893561,-400
exec27_edge_x-400,19,10421,0,0,11,0,0,1,0,3.03197965869,-400
exec27_edge_x-400,19,10760,0,0,0,0,0,0,0,4.69230348688,-400
exec27_edge_x-400,28,9667,1,0,15,0,0,1,0,2.19676126032,-400
exec27_edge_x-400,13,3950,1,0,8,0,0,1,0,2.88986625325,-400
exec27_edge_x-400,6,27734,2,0,5,0,0,1,0,3.50542135563,-400
exec27_edge_x-400,22,10776,0,0,9,0,0,1,0,2.32073319945,-400
exec27_edge_x-400,16,6168,6,0,0,0,0,1,0,3.686595844,-400
exec27_edge_x-400,34,8203,4,0,4,0,0,1,0,1.60367737888,-400
exec27_edge_x-400,16,6149,0,0,0,0,0,1,0,4.79885691039,-400
exec27_edge_x-400,31,6668,6,0,0,0,0,1,0,6.63455304611,-400
exec27_edge_x-400,43,2623,6,0,10,0,0,1,1,6.56274768638,-400
exec27_edge_x-400,4,7364,2,0,0,0,0,1,0,3.50645663638,-400
exec27_edge_x-400,46,9091,6,0,10,7,0,1,1,2.83054359901,-400
exec27_edge_x-400,40,9107,3,0,5,0,0,1,0,2.28063744772,-400
exec27_edge_x-400,37,11402,6,0,10,2,0,1,1,12.3085244186,-400
exec27_edge_x-400,34,8183,7,0,5,0,0,1,0,3.03058817377,-400
exec27_edge_x-400,4,7351,0,0,1,0,0,1,0,2.0828812585,-400
exec27_edge_x-400,6,27696,1,0,4,0,0,1,0,2.37738714959,-400
exec27_edge_x-400,16,6097,2,0,0,0,0,1,0,9.74614445655,-400
exec27_edge_x-400,46,9051,1,0,14,8,0,1,1,3.56618291223,-400
exec27_edge_x-400,31,6617,10,1,26,1,0,1,1,6.20531633618,-400
exec27_edge_x-400,22,10694,7,0,10,5,0,1,1,6.81685449426,-400
exec27_edge_x-400,6,27661,3,0,13,13,0,1,1,2.50724109933,-400
exec27_edge_x-400,25,11261,5,0,2,0,0,1,0,4.63317790017,-400
exec27_edge_x-400,34,8141,0,0,2,0,0,1,1,3.56288806731,-400
exec27_edge_x-400,4,7320,1,0,7,0,0,1,1,7.86775557817,-400
exec27_edge_x-400,13,3877,7,0,10,0,0,1,0,1.73865663395,-400
exec27_edge_x-400,40,9057,5,0,10,1,0,1,1,2.06661044923,-400
exec27_edge_x-400,13,3868,15,1,11,0,0,1,0,6.93978829003,-400
exec27_edge_x-400,22,10669,5,0,11,3,0,1,1,3.78749780568,-400
exec27_edge_x-400,4,7302,3,0,4,1,0,1,1,2.57916317074,-400
exec27_edge_x-400,19,10310,1,0,9,0,0,1,0,3.02265797057,-400
exec27_edge_x-400,10,9884,1,0,4,0,0,1,0,2.16997811594,-400
exec27_edge_x-400,13,3853,2,0,11,0,0,1,0,7.69931181715,-400
exec27_edge_x-400,19,10306,4,0,10,0,0,1,0,3.30782995376,-400
exec27_edge_x-400,10,9879,6,0,15,4,0,1,1,4.34364039419,-400
exec27_edge_x-400,46,9019,3,0,13,1,0,1,1,3.94888336402,-400
exec27_edge_x-400,28,9559,5,0,9,4,0,1,1,5.1103724915,-400
exec27_edge_x-400,19,10294,3,0,13,0,0,1,0,1.94339965708,-400
exec27_edge_x-400,10,9854,7,0,4,2,0,1,1,3.18458487195,-400
exec27_edge_x-400,31,6556,4,0,6,5,0,1,1,2.03640508041,-400
exec27_edge_x-400,28,9534,4,0,8,3,0,1,1,4.4606501303,-400
exec27_edge_x-400,4,7246,2,0,10,4,0,1,1,2.19487333318,-400
exec27_edge_x-400,13,3812,2,0,5,0,0,1,0,3.4362433305,-400
exec27_edge_x-400,4,7226,7,0,7,0,0,1,0,1.43985124223,-400
exec27_edge_x-400,1,10369,4,0,13,0,0,1,0,4.27082317335,-400
exec27_edge_x-400,13,3804,7,0,18,0,0,1,0,2.8307610419,-400
exec27_edge_x-400,31,6515,6,0,4,1,0,1,1,7.65868415016,-400
exec27_edge_x-400,13,3764,5,0,15,4,1,1,1,2.53603119204,-400
exec27_edge_x-400,22,10571,2,0,8,0,0,1,1,2.08330421607,-400
exec27_edge_x-400,16,5947,1,0,0,0,0,1,0,2.10135284048,-400
exec27_edge_x-400,31,6472,1,0,22,8,0,1,1,3.72371745289,-400
exec27_edge_x-400,28,9468,5,0,10,0,0,1,0,3.13833637103,-400
exec27_edge_x-400,34,8007,4,0,4,2,0,1,1,2.15100533908,-400
exec27_edge_x-400,34,8005,6,0,14,1,0,1,1,4.66233613082,-400
exec27_edge_x-400,6,27517,4,0,8,0,0,1,1,1.72611888341,-400
exec27_edge_x-400,28,9445,7,0,14,0,0,1,1,2.85842864192,-400
exec27_edge_x-400,13,3716,0,0,0,0,0,1,0,2.07149860474,-400
exec27_edge_x-400,19,10161,3,0,1,0,0,1,0,2.56230901282,-400
exec27_edge_x-400,40,8916,4,0,11,3,0,1,1,4.18505134318,-400
exec27_edge_x-400,25,11073,0,0,12,0,0,1,0,8.48747595414,-400
exec27_edge_x-400,10,9746,3,0,6,0,0,1,1,2.33645311673,-400
exec27_edge_x-400,1,10267,0,0,15,10,0,1,1,2.81857918148,-400
exec27_edge_x-400,40,8900,1,0,5,0,0,1,0,4.35654086346,-400
exec27_edge_x-400,40,8898,5,0,13,0,0,1,0,2.33579705023,-400
exec27_edge_x-400,4,12245,12,1,1,0,0,1,0,4.93122497147,-400
exec27_edge_x-400,22,10516,5,0,10,0,0,1,1,3.12811045747,-400
exec27_edge_x-400,16,5894,7,0,11,2,0,1,1,2.12226443406,-400
exec27_edge_x-400,6,27464,7,0,6,0,0,1,0,4.48918547073,-400
exec27_edge_x-400,16,5885,4,0,13,2,0,1,1,4.34215588826,-400
exec27_edge_x-400,6,27460,2,0,0,0,0,1,0,2.42983672214,-400
exec27_edge_x-400,16,5882,6,0,1,0,0,1,0,4.57009454079,-400
exec27_edge_x-400,31,6410,2,0,7,0,0,1,0,2.03969707554,-400
exec27_edge_x-400,25,11043,3,0,6,0,0,1,0,4.14871638851,-400
exec27_edge_x-400,16,5877,6,0,2,0,0,1,0,3.18919741892,-400
exec27_edge_x-400,46,8830,6,0,2,0,0,1,0,2.89549818025,-400
exec27_edge_x-400,6,27430,2,0,5,0,0,1,0,6.79706491272,-400
exec27_edge_x-400,22,10459,4,0,0,0,0,1,0,6.27742118655,-400
exec27_edge_x-400,31,6381,4,0,8,0,0,1,0,3.19961424247,-400
exec27_edge_x-400,37,11156,0,0,8,7,0,1,1,2.76517180109,-400
exec27_edge_x-400,16,5840,5,0,4,1,0,1,1,1.40018827962,-400
exec27_edge_x-400,34,7897,0,0,1,0,0,1,0,2.85686910965,-400
exec27_edge_x-400,16,5825,5,0,3,0,0,1,1,7.16898086926,-400
exec27_edge_x-400,1,10201,7,0,1,0,0,1,0,3.90383932945,-400
exec27_edge_x-400,1,11269,7,0,0,0,0,0,0,6.01351551849,-400
exec27_edge_x-400,13,3633,6,0,9,0,0,1,0,4.83087566774,-400
exec27_edge_x-400,4,12172,13,1,16,0,0,1,0,8.48105170155,-400
exec27_edge_x-400,46,8796,7,0,14,2,0,1,1,2.7039070969,-400
exec27_edge_x-400,25,10989,4,0,20,3,0,1,1,1.77184149287,-400
exec27_edge_x-400,46,8786,5,0,7,0,0,1,0,6.94672931407,-400
exec27_edge_x-400,19,10027,5,0,5,0,0,1,0,2.21676060046,-400
exec27_edge_x-400,34,7879,7,0,14,0,0,1,0,6.55947427966,-400
exec27_edge_x-400,34,7863,5,0,7,0,0,1,0,2.04618858593,-400
exec27_edge_x-400,10,9623,7,0,22,6,0,1,1,6.11411472778,-400
exec27_edge_x-400,10,11196,7,0,0,0,0,0,0,11.2627080114,-400
exec27_edge_x-400,28,9301,5,0,5,0,0,1,0,2.79331500444,-400
exec27_edge_x-400,19,10761,5,0,16,0,0,1,0,6.89491876713,-400
exec27_edge_x-400,13,3575,4,0,8,0,0,1,0,4.68646776295,-400
exec27_edge_x-400,4,12126,5,0,5,0,0,1,1,1.6962895634,-400
exec27_edge_x-400,16,5770,8,1,14,1,0,1,1,8.47824086537,-400
exec27_edge_x-400,40,8776,1,0,4,0,0,1,0,2.3847667576,-400
exec27_edge_x-400,6,27340,6,0,5,0,0,1,0,1.75213635321,-400
exec27_edge_x-400,1,10133,2,0,2,0,0,1,0,6.63870158639,-400
exec27_edge_x-400,19,9961,6,0,4,0,0,1,0,2.61577529707,-400
exec27_edge_x-400,43,5188,6,0,14,0,0,1,0,4.76244106039,-400
exec27_edge_x-400,34,7806,4,0,23,0,0,1,0,4.73084657055,-400
exec27_edge_x-400,31,10108,1,0,6,0,0,1,0,2.3770814796,-400
exec27_edge_x-400,37,11027,9,1,27,2,0,1,1,7.03128443439,-400
exec27_edge_x-400,6,27299,14,1,13,0,0,1,0,4.82136218125,-400
exec27_edge_x-400,1,10103,3,0,6,0,0,1,0,4.5831664428,-400
exec27_edge_x-400,19,9943,6,0,11,4,0,1,1,3.07249711977,-400
exec27_edge_x-400,43,5172,2,0,0,0,0,1,0,7.19895848135,-400
exec27_edge_x-400,31,10088,0,0,9,4,0,1,1,4.911465417,-400
exec27_edge_x-400,19,9917,5,0,8,0,0,1,0,8.35949470644,-400
exec27_edge_x-400,4,12073,4,0,18,3,0,1,1,5.07067147962,-400
exec27_edge_x-400,31,10084,0,0,24,4,0,1,1,4.00903742977,-400
exec27_edge_x-400,13,3495,5,0,0,0,0,1,0,2.84005478687,-400
exec27_edge_x-400,43,5141,0,0,0,0,0,1,0,6.41427038095,-400
exec27_edge_x-400,37,10990,6,0,10,4,0,1,1,2.14702644375,-400
exec27_edge_x-400,31,10078,2,0,0,0,0,1,0,2.80306876078,-400
exec27_edge_x-400,31,10074,2,0,0,0,0,0,0,4.8426077188,-400
exec27_edge_x-400,28,9233,0,0,14,1,0,1,1,10.7196987663,-400
exec27_edge_x-400,43,5122,4,0,27,3,0,1,1,5.01130313986,-400
exec27_edge_x-400,34,7747,2,0,13,0,0,1,0,2.71298203106,-400
exec27_edge_x-400,25,10867,4,0,7,4,0,1,1,2.45059718739,-400
exec27_edge_x-400,25,10854,4,0,7,0,0,1,0,2.15825478441,-400
exec27_edge_x-400,10,9508,15,1,14,0,0,1,0,6.81744175566,-400
exec27_edge_x-400,16,5675,2,0,0,0,0,1,0,1.47505713624,-400
exec27_edge_x-400,22,10254,2,0,4,0,0,1,0,2.77772107803,-400
exec27_edge_x-400,25,10850,0,0,16,9,0,1,1,1.95267202756,-400
exec27_edge_x-400,25,10842,1,0,4,0,0,1,0,4.43377426612,-400
exec27_edge_x-400,6,27219,5,0,13,6,0,1,1,2.58759194603,-400
exec27_edge_x-400,4,11989,0,0,8,0,0,1,0,2.31106187622,-400
exec27_edge_x-400,22,10222,10,1,3,0,0,1,0,4.76954090635,-400
exec27_edge_x-400,4,11986,1,0,15,0,0,1,1,4.2797814363,-400
exec27_edge_x-400,25,10813,1,0,24,0,0,1,0,2.18580873228,-400
exec27_edge_x-400,34,7685,2,0,9,7,0,1,1,2.90993000432,-400
exec27_edge_x-400,25,10807,5,0,3,0,0,1,0,4.22594229847,-400
exec27_edge_x-400,22,10206,3,0,0,0,0,1,0,2.5317297683,-400
exec27_edge_x-400,28,9157,6,0,12,0,0,1,1,8.58455198965,-400
exec27_edge_x-400,34,7658,7,0,14,2,0,1,1,2.00890179177,-400
exec27_edge_x-400,28,9116,7,0,25,11,0,1,1,3.98596481039,-400
exec27_edge_x-400,10,9409,6,0,6,0,0,1,1,3.50241142344,-400
exec27_edge_x-400,22,10152,5,0,4,0,0,1,0,3.2946944666,-400
exec27_edge_x-400,1,9946,1,0,20,5,0,1,1,2.73899869026,-400
exec27_edge_x-400,25,10737,7,0,20,7,0,1,1,5.44248072854,-400
exec27_edge_x-400,22,10139,1,0,6,0,0,1,0,5.6040749047,-400
exec27_edge_x-400,16,5579,7,0,0,0,0,1,1,2.41653561214,-400
exec27_edge_x-400,19,9750,1,0,2,1,0,1,1,5.90665380674,-400
exec27_edge_x-400,6,27116,4,0,16,1,0,1,1,3.26844363846,-400
exec27_edge_x-400,19,9742,14,1,25,3,0,1,1,6.11255228764,-400
exec27_edge_x-400,19,10762,14,1,0,0,0,0,0,9.91523271994,-400
exec27_edge_x-400,46,8497,1,0,17,6,0,1,1,2.89565175953,-400
exec27_edge_x-400,6,27106,5,0,18,4,0,1,1,5.34198329041,-400
exec27_edge_x-400,10,9368,3,0,18,2,0,1,1,3.61988099915,-400
exec27_edge_x-400,40,8548,6,0,12,2,0,1,1,3.84391580811,-400
exec27_edge_x-400,37,13387,4,0,7,2,0,1,1,2.66552296613,-400
exec27_edge_x-400,28,9054,2,0,14,0,0,1,1,2.47945325111,-400
exec27_edge_x-400,4,11856,4,0,17,1,0,1,1,2.76467313761,-400
exec27_edge_x-400,13,6977,2,0,22,9,0,1,1,3.57706999029,-400
exec27_edge_x-400,28,9041,7,0,14,2,0,1,1,2.82261327107,-400
exec27_edge_x-400,16,5530,6,0,20,6,0,1,1,3.96803931983,-400
exec27_edge_x-400,37,13374,5,0,4,0,0,1,0,8.89949748574,-400
exec27_edge_x-400,43,4926,5,0,13,3,0,1,1,2.60116413314,-400
exec27_edge_x-400,43,4921,6,0,0,0,0,1,1,2.7167518705,-400
exec27_edge_x-400,46,8442,2,0,8,0,0,1,0,2.91777915191,-400
exec27_edge_x-400,1,9846,7,0,9,0,0,1,0,1.40387864103,-400
exec27_edge_x-400,46,8437,0,0,11,1,0,1,1,2.63000237672,-400
exec27_edge_x-400,6,27043,9,1,33,9,0,1,1,7.18863125765,-400
exec27_edge_x-400,4,11811,0,0,12,0,0,1,0,2.88990896615,-400
exec27_edge_x-400,13,6938,6,0,23,5,0,1,1,4.89677792069,-400
exec27_edge_x-400,22,10054,4,0,3,0,0,1,0,3.05760804765,-400
exec27_edge_x-400,25,10650,0,0,10,2,0,1,1,1.84350153919,-400
exec27_edge_x-400,22,10044,1,0,4,0,0,1,0,2.30275057459,-400
exec27_edge_x-400,31,9843,1,0,15,1,0,1,1,3.19898789532,-400
exec27_edge_x-400,25,10605,7,0,11,0,0,1,0,2.32950700958,-400
exec27_edge_x-400,19,9625,4,0,3,0,0,1,0,2.26191103004,-400
exec27_edge_x-400,37,13305,4,0,3,1,0,1,1,1.42880929381,-400
exec27_edge_x-400,40,8448,3,0,8,0,0,1,0,3.7479279831,-400
exec27_edge_x-400,31,9816,14,1,22,7,0,1,1,5.41589031657,-400
exec27_edge_x-400,16,5457,2,0,14,5,0,1,1,2.47472019267,-400
exec27_edge_x-400,46,8382,2,0,0,0,0,1,0,7.84723796691,-400
exec27_edge_x-400,6,26967,5,0,6,2,0,1,1,2.25303814471,-400
exec27_edge_x-400,28,8933,2,0,12,0,0,1,0,5.70253476049,-400
exec27_edge_x-400,4,11739,1,0,7,0,0,1,0,2.01714689562,-400
exec27_edge_x-400,46,8368,5,0,12,5,0,1,1,3.74104868865,-400
exec27_edge_x-400,13,6862,6,0,2,0,0,1,0,2.22077618184,-400
exec27_edge_x-400,4,11735,1,0,5,0,0,1,0,7.40967701714,-400
exec27_edge_x-400,16,5437,3,0,22,10,0,1,1,4.75426901769,-400
exec27_edge_x-400,13,6857,6,0,5,0,0,1,0,1.95227013604,-400
exec27_edge_x-400,28,8921,11,1,11,0,0,1,0,4.98008246064,-400
exec27_edge_x-400,4,11729,9,1,19,2,0,1,1,6.44775499107,-400
exec27_edge_x-400,16,5427,6,0,2,0,0,1,0,2.11619547641,-400
exec27_edge_x-400,19,9584,4,0,5,0,0,1,0,8.38319788236,-400
exec27_edge_x-400,13,6850,7,0,0,0,0,1,0,2.52737577071,-400
exec27_edge_x-400,34,7468,0,0,0,0,0,1,0,3.03155528633,-400
exec27_edge_x-400,43,4808,7,0,9,0,0,1,0,4.50892829924,-400
exec27_edge_x-400,43,4791,2,0,3,0,0,1,0,2.03402609229,-400
exec27_edge_x-400,22,9965,11,1,19,5,0,1,1,5.65127781953,-400
exec27_edge_x-400,46,8336,6,0,9,0,0,1,0,2.02259130828,-400
exec27_edge_x-400,31,9773,3,0,4,0,0,1,0,4.97208388373,-400
exec27_edge_x-400,46,8328,3,0,7,0,0,1,0,2.98102080712,-400
exec27_edge_x-400,40,8384,5,0,1,2,0,1,1,2.45760664915,-400
exec27_edge_x-400,40,8378,2,0,13,0,0,1,1,1.95326893019,-400
exec27_edge_x-400,6,26900,0,0,3,0,0,1,0,3.98039538342,-400
exec27_edge_x-400,40,8373,7,0,19,2,0,1,1,2.64001509434,-400
exec27_edge_x-400,43,4737,4,0,4,0,0,1,0,3.066988756,-400
exec27_edge_x-400,4,11653,0,0,12,0,0,1,0,1.54749136981,-400
exec27_edge_x-400,28,8845,0,0,20,3,0,1,1,2.92368367038,-400
exec27_edge_x-400,13,6768,4,0,10,0,0,1,0,4.69315006508,-400
exec27_edge_x-400,6,26874,4,0,2,0,0,1,0,2.56846202058,-400
exec27_edge_x-400,4,11637,4,0,6,0,0,1,0,3.36994509463,-400
exec27_edge_x-400,22,9907,5,0,12,2,0,1,1,4.02210233583,-400
exec27_edge_x-400,31,9690,5,0,19,0,0,1,0,2.94646665242,-400
exec27_edge_x-400,22,9900,5,0,12,2,0,1,1,3.32392242779,-400
exec27_edge_x-400,28,8818,7,0,28,4,0,1,1,2.4491499596,-400
exec27_edge_x-400,25,10492,0,0,12,6,0,1,1,3.570564316,-400
exec27_edge_x-400,16,5313,0,0,13,0,0,1,0,3.13249291575,-400
exec27_edge_x-400,1,12639,1,0,13,0,0,1,0,2.23932705695,-400
exec27_edge_x-400,34,7366,6,0,1,0,0,1,0,2.52512289848,-400
exec27_edge_x-400,16,5307,3,0,0,0,0,1,0,1.74310744488,-400
exec27_edge_x-400,22,9891,2,0,3,0,0,1,0,2.18098677041,-400
exec27_edge_x-400,13,6734,3,0,1,0,0,1,0,2.5445255503,-400
exec27_edge_x-400,4,11606,6,0,3,0,0,1,0,4.6733745951,-400
exec27_edge_x-400,16,5302,6,0,1,0,0,1,0,5.4655741579,-400
exec27_edge_x-400,13,6733,1,0,9,7,0,1,1,3.72578482275,-400
exec27_edge_x-400,19,9469,7,0,0,0,0,1,0,3.18818775535,-400
exec27_edge_x-400,22,9875,4,0,10,0,0,1,0,3.87602692654,-400
exec27_edge_x-400,10,12474,6,0,11,6,0,1,1,2.02697723592,-400
exec27_edge_x-400,25,10467,3,0,22,6,0,1,1,2.64842715975,-400
exec27_edge_x-400,40,8272,4,0,9,0,0,1,0,5.85842014128,-400
exec27_edge_x-400,13,6710,0,0,6,0,0,1,0,1.58388476281,-400
exec27_edge_x-400,28,8789,2,0,4,0,0,1,0,4.35641468778,-400
exec27_edge_x-400,25,10453,0,0,3,2,0,1,1,3.3973249168,-400
exec27_edge_x-400,43,4654,6,0,2,0,0,1,0,2.21744382387,-400
exec27_edge_x-400,22,9837,6,0,4,0,0,1,1,10.1339228176,-400
exec27_edge_x-400,16,5251,4,0,10,2,0,1,1,2.2516339241,-400
exec27_edge_x-400,13,6680,1,0,28,3,0,1,1,2.81844265333,-400
exec27_edge_x-400,25,10426,6,0,8,0,0,1,0,2.312132589,-400
exec27_edge_x-400,34,7282,1,0,3,0,0,1,0,7.4896099598,-400
exec27_edge_x-400,37,13096,1,0,6,0,0,1,0,7.00563698649,-400
exec27_edge_x-400,4,11538,7,0,18,4,0,1,1,2.82287121987,-400
exec27_edge_x-400,22,9788,14,1,11,0,0,1,1,4.33478215115,-400
exec27_edge_x-400,19,9376,4,0,0,0,0,1,0,2.40210288203,-400
exec27_edge_x-400,43,4589,6,0,7,0,0,1,0,5.13667659284,-400
exec27_edge_x-400,6,26702,6,0,9,0,0,1,0,2.25590952863,-400
exec27_edge_x-400,28,8692,6,0,1,0,0,1,0,1.90758318374,-400
exec27_edge_x-400,4,11494,2,0,2,0,0,1,0,1.61693624792,-400
exec27_edge_x-400,34,7237,4,0,14,4,0,1,1,4.9409058382,-400
exec27_edge_x-400,34,7234,0,0,6,1,0,1,1,2.41744153279,-400
exec27_edge_x-400,1,12509,6,0,3,0,0,1,0,2.76593264078,-400
exec27_edge_x-400,37,13044,3,0,2,0,0,1,0,4.23718600831,-400
exec27_edge_x-400,1,12503,5,0,15,2,0,1,1,8.09334660859,-400
exec27_edge_x-400,16,10282,6,0,7,0,0,1,0,4.36594764408,-400
exec27_edge_x-400,6,26679,7,0,15,0,0,1,0,2.08922217247,-400
exec27_edge_x-400,19,9304,6,0,6,0,0,1,0,1.28653131274,-400
exec27_edge_x-400,43,4553,5,0,14,6,0,1,1,2.64566330836,-400
exec27_edge_x-400,28,8668,1,0,8,0,0,1,0,2.34560519614,-400
exec27_edge_x-400,6,26670,15,1,16,1,0,1,1,6.53465205905,-400
exec27_edge_x-400,19,9274,2,0,7,0,0,1,0,1.32809805451,-400
exec27_edge_x-400,22,9712,0,0,5,2,0,1,1,1.4618141714,-400
exec27_edge_x-400,13,6568,3,0,12,4,0,1,1,3.92496759122,-400
exec27_edge_x-400,37,13006,0,0,0,0,0,1,0,2.67144827462,-400
exec27_edge_x-400,13,6558,0,0,4,0,0,1,0,8.15534776915,-400
exec27_edge_x-400,13,7045,0,0,0,0,0,0,0,10.0788293346,-400
exec27_edge_x-400,19,12256,4,0,8,2,0,1,1,3.14834804747,-400
exec27_edge_x-400,22,12661,0,0,16,0,0,1,0,4.13430563537,-400
exec27_edge_x-400,31,9495,0,0,0,0,0,1,0,2.2361982858,-400
exec27_edge_x-400,25,10290,4,0,3,0,0,1,0,3.23426575521,-400
exec27_edge_x-400,40,12166,1,0,1,0,0,1,0,3.85074605485,-400
exec27_edge_x-400,43,4503,5,0,2,0,0,1,0,2.03847909333,-400
exec27_edge_x-400,46,8053,1,0,6,0,0,1,0,2.32271320184,-400
exec27_edge_x-400,25,10270,6,0,4,0,0,1,0,1.90262941087,-400
exec27_edge_x-400,43,4500,0,0,2,0,0,1,0,3.12270717355,-400
exec27_edge_x-400,34,7154,7,0,9,0,0,1,1,5.9930633685,-400
exec27_edge_x-400,16,10205,5,0,11,0,0,1,0,3.23779333062,-400
exec27_edge_x-400,46,8029,6,0,5,0,0,1,0,6.41605189048,-400
exec27_edge_x-400,31,9460,7,0,4,0,0,1,1,4.90838544915,-400
exec27_edge_x-400,46,8013,3,0,5,2,0,1,1,5.52129804887,-400
exec27_edge_x-400,28,8573,0,0,6,0,0,1,0,2.15798911434,-400
exec27_edge_x-400,31,9436,1,0,6,0,0,1,0,4.61811122543,-400
exec27_edge_x-400,40,12119,1,0,7,0,0,1,0,2.2939515452,-400
exec27_edge_x-400,46,7996,2,0,5,0,0,1,1,3.31589940824,-400
exec27_edge_x-400,46,7988,3,0,0,0,0,1,0,3.63062187454,-400
exec27_edge_x-400,37,12916,2,0,14,3,0,1,1,3.3858192269,-400
exec27_edge_x-400,10,12240,3,0,8,0,0,1,0,5.73907245869,-400
exec27_edge_x-400,37,12899,5,0,9,1,0,1,1,7.17993432034,-400
exec27_edge_x-400,13,6488,7,0,2,0,0,1,0,2.50638626485,-400
exec27_edge_x-400,4,11354,3,0,0,0,0,1,0,1.69535228668,-400
exec27_edge_x-400,1,12379,0,0,16,2,0,1,1,3.34109083618,-400
exec27_edge_x-400,43,4416,0,0,11,5,0,1,1,4.04157275854,-400
exec27_edge_x-400,1,12369,5,0,1,0,0,1,0,1.7350583508,-400
exec27_edge_x-400,40,12077,7,0,16,7,0,1,1,5.37607134586,-400
exec27_edge_x-400,46,7954,0,0,7,0,0,1,0,3.24302379841,-400
exec27_edge_x-400,13,6463,3,0,16,0,0,1,0,2.79414784026,-400
exec27_edge_x-400,1,12355,3,0,8,0,0,1,0,2.16258780555,-400
exec27_edge_x-400,19,12122,4,0,3,0,0,1,0,2.26680071319,-400
exec27_edge_x-400,34,7072,2,0,1,0,0,1,0,3.1004863686,-400
exec27_edge_x-400,19,12118,2,0,9,0,0,1,1,4.4716506785,-400
exec27_edge_x-400,6,26523,7,0,12,4,0,1,1,6.10885161419,-400
exec27_edge_x-400,25,10143,4,0,0,0,0,0,0,3.516643132,-400
exec27_edge_x-400,22,12496,1,0,24,4,0,1,1,3.83783257922,-400
exec27_edge_x-400,4,11295,0,0,4,1,0,1,1,1.71438106658,-400
exec27_edge_x-400,1,12303,7,0,12,0,0,1,0,3.12694327751,-400
exec27_edge_x-400,10,12174,2,0,3,0,0,1,1,9.01102373936,-400
exec27_edge_x-400,40,12021,4,0,0,0,0,1,0,4.14831542703,-400
exec27_edge_x-400,10,12162,1,0,16,0,0,1,0,2.82253781155,-400
exec27_edge_x-400,31,9305,2,0,5,2,0,1,1,4.10007650378,-400
exec27_edge_x-400,25,10104,2,0,5,0,0,1,0,2.92161153991,-400
exec27_edge_x-400,10,12147,0,0,5,0,0,1,0,1.65511936844,-400
exec27_edge_x-400,25,10092,2,0,21,11,0,1,1,4.90374693299,-400
exec27_edge_x-400,1,12259,4,0,7,0,0,1,0,2.33807907476,-400
exec27_edge_x-400,34,6989,5,0,4,0,0,1,0,2.41754287698,-400
exec27_edge_x-400,34,8976,5,0,0,0,0,0,0,5.12652693746,-400
exec27_edge_x-400,37,12779,4,0,1,0,0,1,0,2.13132561841,-400
exec27_edge_x-400,13,6375,0,0,4,0,0,1,1,1.71148046068,-400
exec27_edge_x-400,37,12767,7,0,7,0,0,1,0,2.22350882339,-400
exec27_edge_x-400,37,12759,6,0,5,3,0,1,1,2.22543166522,-400
exec27_edge_x-400,31,9262,4,0,3,0,0,1,0,5.09830963108,-400
exec27_edge_x-400,28,8398,7,0,10,0,0,1,0,3.77540542438,-400
exec27_edge_x-400,31,9253,7,0,3,1,0,1,1,2.5984701782,-400
exec27_edge_x-400,1,12232,6,0,4,0,0,1,0,5.23591743944,-400
exec27_edge_x-400,6,26418,4,0,3,0,0,1,0,2.96285194999,-400
exec27_edge_x-400,31,9247,4,0,14,3,0,1,1,4.48787876943,-400
exec27_edge_x-400,34,6951,4,0,12,1,0,1,1,3.77273559102,-400
exec27_edge_x-400,28,8380,5,0,19,8,0,1,1,6.27066397757,-400
exec27_edge_x-400,28,8378,6,0,9,0,0,1,0,3.71542025603,-400
exec27_edge_x-400,34,6949,5,0,13,1,0,1,1,6.66530912551,-400
exec27_edge_x-400,1,12201,0,0,17,0,0,1,0,2.33637088405,-400
exec27_edge_x-400,22,12383,3,0,0,0,0,1,0,2.8617938872,-400
exec27_edge_x-400,37,12726,12,1,4,0,0,1,0,4.4563159131,-400
exec27_edge_x-400,6,26395,2,0,14,0,0,1,0,5.36699687455,-400
exec27_edge_x-400,10,12067,6,0,8,6,0,1,1,2.03563801679,-400
exec27_edge_x-400,4,11179,3,0,9,0,0,1,0,3.42949697173,-400
exec27_edge_x-400,25,10026,2,0,0,0,0,1,0,9.42169095683,-400
exec27_edge_x-400,28,8340,0,0,8,0,0,1,0,1.99692431726,-400
exec27_edge_x-400,34,6931,4,0,3,1,0,1,1,4.46471058043,-400
exec27_edge_x-400,4,11160,3,0,17,3,0,1,1,8.31150416166,-400
exec27_edge_x-400,19,11944,4,0,9,0,0,1,0,5.02577238185,-400
exec27_edge_x-400,4,11157,4,0,11,0,0,1,0,5.01821435322,-400
exec27_edge_x-400,19,11942,5,0,4,0,0,1,0,4.98628299579,-400
exec27_edge_x-400,10,12043,7,0,8,2,0,1,1,3.63133504439,-400
exec27_edge_x-400,22,12339,7,0,3,0,0,1,0,3.17602026208,-400
exec27_edge_x-400,22,12336,6,0,14,3,0,1,1,5.86387282584,-400
exec27_edge_x-400,28,8299,3,0,8,0,0,1,0,4.45153338263,-400
exec27_edge_x-400,46,12578,1,0,13,1,0,1,1,1.94972473349,-400
exec27_edge_x-400,16,9933,5,0,23,0,0,1,0,1.99545402765,-400
exec27_edge_x-400,37,12637,0,0,5,0,0,1,0,2.49514052566,-400
exec27_edge_x-400,6,26313,4,0,11,1,0,1,1,3.42616098798,-400
exec27_edge_x-400,10,11996,1,0,13,9,0,1,1,2.76839315914,-400
exec27_edge_x-400,10,11991,2,0,2,0,0,1,0,1.90518786396,-400
exec27_edge_x-400,28,8257,4,0,7,0,0,1,0,3.66251409677,-400
exec27_edge_x-400,37,12612,4,0,4,0,0,1,0,1.79596639683,-400
exec27_edge_x-400,34,6847,3,0,2,0,0,1,1,1.80504559379,-400
exec27_edge_x-400,13,6234,3,0,10,0,0,1,0,2.90420279359,-400
exec27_edge_x-400,22,12286,1,0,1,0,0,1,0,4.90118182159,-400
exec27_edge_x-400,37,12605,7,0,10,2,0,1,1,1.89737015647,-400
exec27_edge_x-400,6,26286,2,0,17,2,0,1,1,3.35531866088,-400
exec27_edge_x-400,43,4164,6,0,15,4,0,1,1,3.34408642873,-400
exec27_edge_x-400,1,12083,0,0,13,1,0,1,1,2.83137301826,-400
exec27_edge_x-400,25,9895,1,0,8,0,0,1,1,1.54464604023,-400
exec27_edge_x-400,34,6835,6,0,26,3,0,1,1,5.75120623689,-400
exec27_edge_x-400,43,4152,1,0,4,0,0,1,0,3.49437132281,-400
exec27_edge_x-400,37,12584,5,0,3,0,0,1,0,3.68506408829,-400
exec27_edge_x-400,13,6223,0,0,7,0,0,1,0,4.06710912903,-400
exec27_edge_x-400,19,11860,5,0,1,0,0,1,0,3.86209396033,-400
exec27_edge_x-400,22,12679,5,0,27,1,0,1,1,5.20149851352,-400
exec27_edge_x-400,37,12571,3,0,6,0,0,1,0,3.9037087916,-400
exec27_edge_x-400,6,26248,5,0,14,3,0,1,1,5.24772085314,-400
exec27_edge_x-400,25,13483,7,0,31,4,0,1,1,5.10956086444,-400
exec27_edge_x-400,40,11772,12,1,17,0,0,1,0,5.9033057755,-400
exec27_edge_x-400,6,26241,3,0,3,1,0,1,1,5.92533349302,-400
exec27_edge_x-400,46,12475,6,0,3,0,0,1,0,3.99037794771,-400
exec27_edge_x-400,16,9847,6,0,4,1,0,1,1,2.34107048009,-400
exec27_edge_x-400,22,12217,3,0,10,0,0,1,0,4.31055273268,-400
exec27_edge_x-400,19,11806,7,0,20,13,0,1,1,2.51044373711,-400
exec27_edge_x-400,31,9072,1,0,3,2,0,1,1,1.86740543379,-400
exec27_edge_x-400,40,11743,8,1,14,0,0,1,0,9.09455947829,-400
exec27_edge_x-400,40,11740,3,0,14,2,0,1,1,4.92384328622,-400
exec27_edge_x-400,37,12530,4,0,3,0,0,1,0,2.7528653583,-400
exec27_edge_x-400,22,12188,6,0,4,0,0,1,0,9.83208670389,-400
exec27_edge_x-400,19,11771,7,0,7,2,0,1,1,3.01599139953,-400
exec27_edge_x-400,22,12180,6,0,17,5,0,1,1,5.82676568339,-400
exec27_edge_x-400,31,9043,9,1,5,0,0,1,0,17.7950333642,-400
exec27_edge_x-400,16,9811,2,0,7,4,0,1,1,3.99009033446,-400
exec27_edge_x-400,4,10973,0,0,14,0,0,1,0,4.47533623713,-400
exec27_edge_x-400,1,11983,5,0,12,1,0,1,1,2.47373368557,-400
exec27_edge_x-400,13,6121,0,0,5,0,0,1,0,2.9269848595,-400
exec27_edge_x-400,6,29539,0,0,1,0,0,1,0,6.92004956861,-400
exec27_edge_x-400,25,13415,0,0,6,0,0,1,0,2.38722795897,-400
exec27_edge_x-400,43,4047,0,0,5,0,0,1,0,2.29778452787,-400
exec27_edge_x-400,43,4039,9,1,11,0,0,1,0,5.49617812431,-400
exec27_edge_x-400,13,6108,12,1,11,2,0,1,1,4.44245722421,-400
exec27_edge_x-400,4,10950,3,0,19,0,0,1,1,2.4315127145,-400
exec27_edge_x-400,19,11734,0,0,12,0,0,1,0,9.08078495603,-400
exec27_edge_x-400,43,4023,0,0,0,0,0,1,1,4.2200692547,-400
exec27_edge_x-400,46,12392,2,0,4,0,0,1,0,3.88418524697,-400
exec27_edge_x-400,25,13386,3,0,0,0,0,0,0,2.07803898922,-400
exec27_edge_x-400,22,12129,1,0,0,0,0,1,0,3.12458860763,-400
exec27_edge_x-400,4,10940,1,0,7,0,0,1,0,2.84959713668,-400
exec27_edge_x-400,40,11668,2,0,9,8,0,1,1,1.92477582323,-400
exec27_edge_x-400,4,10935,5,0,1,0,0,1,0,1.91605203975,-400
exec27_edge_x-400,19,11723,7,0,3,0,0,1,0,5.09754949674,-400
exec27_edge_x-400,1,11935,6,0,9,0,0,1,0,2.65845015718,-400
exec27_edge_x-400,6,26132,3,0,22,0,0,1,0,3.50837143672,-400
exec27_edge_x-400,13,6039,2,0,5,0,0,1,0,3.98485806028,-400
exec27_edge_x-400,13,7047,2,0,0,0,0,0,0,5.23105776503,-400
exec27_edge_x-400,1,11917,1,0,2,0,0,1,0,2.59387840838,-400
exec27_edge_x-400,28,8070,0,0,19,3,0,1,1,6.87990961072,-400
exec27_edge_x-400,13,6031,6,0,6,0,0,1,0,2.47290541495,-400
exec27_edge_x-400,25,13330,7,0,1,0,0,1,0,2.37924143021,-400
exec27_edge_x-400,6,26112,0,0,19,0,0,1,1,4.52438286324,-400
exec27_edge_x-400,34,6660,0,0,12,5,0,1,1,3.11325834034,-400
exec27_edge_x-400,6,29540,1,0,5,3,0,1,1,5.03202887908,-400
exec27_edge_x-400,6,26103,6,0,11,0,0,1,0,5.70214805305,-400
exec27_edge_x-400,19,11665,6,0,6,0,0,1,0,1.81769669017,-400
exec27_edge_x-400,34,6642,4,0,5,1,0,1,1,2.32214193267,-400
exec27_edge_x-400,13,5995,2,0,8,0,0,1,1,3.60367227874,-400
exec27_edge_x-400,22,12050,4,0,4,0,0,1,0,3.35628040162,-400
exec27_edge_x-400,22,12048,6,0,14,4,0,1,1,3.19175158263,-400
exec27_edge_x-400,22,12680,6,0,0,0,0,0,0,3.70929533599,-400
exec27_edge_x-400,28,8026,0,0,11,2,0,1,1,3.69356290134,-400
exec27_edge_x-400,31,8915,12,1,2,0,0,1,0,5.38798679281,-400
exec27_edge_x-400,28,8020,5,0,7,0,0,1,0,3.60871073055,-400
exec27_edge_x-400,43,7217,5,0,10,7,0,1,1,4.0161706032,-400
exec27_edge_x-400,4,12306,1,0,3,0,0,1,0,5.54980475123,-400
exec27_edge_x-400,4,10843,5,0,10,2,0,1,1,3.46338641492,-400
exec27_edge_x-400,31,8897,7,0,7,2,0,1,1,7.6083680085,-400
exec27_edge_x-400,31,10146,7,0,0,0,0,0,0,10.3186220917,-400
exec27_edge_x-400,34,6571,7,0,8,0,0,1,1,1.79018728099,-400
exec27_edge_x-400,10,11706,6,0,6,0,0,1,0,3.23906474292,-400
exec27_edge_x-400,43,7201,3,0,20,2,0,1,1,6.41499880914,-400
exec27_edge_x-400,16,9659,7,0,4,0,0,1,0,3.92292415154,-400
exec27_edge_x-400,40,11533,6,0,9,0,0,1,0,8.91556325585,-400
exec27_edge_x-400,13,5955,6,0,8,0,0,1,0,5.76994155997,-400
exec27_edge_x-400,34,6562,0,0,14,0,0,1,0,1.26575072295,-400
exec27_edge_x-400,25,13242,6,0,18,0,0,1,1,2.80268238312,-400
exec27_edge_x-400,43,7190,5,0,17,7,0,1,1,4.50842327612,-400
exec27_edge_x-400,31,8868,7,0,9,0,0,1,0,1.63789740594,-400
exec27_edge_x-400,34,11616,7,0,5,1,0,1,1,2.48174233403,-400
exec27_edge_x-400,43,7175,1,0,9,0,0,1,0,2.12953890913,-400
exec27_edge_x-400,46,12254,5,0,14,0,0,1,0,4.50773838975,-400
exec27_edge_x-400,6,26015,3,0,7,1,0,1,1,2.27822550398,-400
exec27_edge_x-400,22,11973,6,0,12,7,0,1,1,4.24092670325,-400
exec27_edge_x-400,40,11505,3,0,1,0,0,1,0,4.52646558686,-400
exec27_edge_x-400,13,5921,3,0,13,0,1,1,0,7.85782614922,-400
exec27_edge_x-400,28,7946,1,0,17,5,0,1,1,15.3821739674,-400
exec27_edge_x-400,13,5910,3,0,1,0,0,1,0,1.71510452832,-400
exec27_edge_x-400,46,12215,0,0,10,0,0,1,0,3.27121014355,-400
exec27_edge_x-400,40,11478,1,0,0,0,0,1,0,1.75812163097,-400
exec27_edge_x-400,37,15166,3,0,21,9,0,1,1,3.22627491035,-400
exec27_edge_x-400,43,7130,3,0,5,0,0,1,0,2.79550393204,-400
exec27_edge_x-400,25,13203,1,0,2,0,0,1,0,5.38572341012,-400
exec27_edge_x-400,46,12195,4,0,5,0,0,1,1,3.37275484826,-400
exec27_edge_x-400,19,11538,0,0,9,0,0,1,0,5.1358828926,-400
exec27_edge_x-400,34,11549,0,0,13,5,0,1,1,3.25520398166,-400
exec27_edge_x-400,46,12183,7,0,8,0,0,1,0,3.82021699046,-400
exec27_edge_x-400,37,15139,0,0,8,0,0,1,1,5.45932595108,-400
exec27_edge_x-400,22,11927,2,0,7,1,0,1,1,4.90559113695,-400
exec27_edge_x-400,31,8799,1,0,6,0,0,1,0,1.616779221,-400
exec27_edge_x-400,1,11705,7,0,4,0,0,1,0,1.82682785563,-400
exec27_edge_x-400,34,11525,2,0,7,0,0,1,1,4.58989544252,-400
exec27_edge_x-400,46,12162,0,0,0,0,0,1,0,3.52775186642,-400
exec27_edge_x-400,22,11916,7,0,1,0,0,1,0,1.60348606091,-400
exec27_edge_x-400,25,13160,0,0,4,0,0,1,0,2.15702201833,-400
exec27_edge_x-400,22,11913,7,0,15,5,0,1,1,5.15922471457,-400
exec27_edge_x-400,46,12157,1,0,4,0,0,1,0,6.93799826377,-400
exec27_edge_x-400,46,12149,7,0,5,0,0,1,0,1.81136044169,-400
exec27_edge_x-400,6,25926,4,0,11,0,0,1,0,7.46906897694,-400
exec27_edge_x-400,13,5842,7,0,12,2,0,1,1,1.85267212696,-400
exec27_edge_x-400,28,7855,6,0,8,0,0,1,0,2.27483008274,-400
exec27_edge_x-400,43,7077,12,1,12,0,0,1,0,4.85410996852,-400
exec27_edge_x-400,46,12133,6,0,9,2,0,1,1,4.20093576777,-400
exec27_edge_x-400,37,15096,2,0,6,0,0,1,0,2.97778170356,-400
exec27_edge_x-400,34,11498,7,0,10,0,0,1,0,1.58700425303,-400
exec27_edge_x-400,19,11496,2,0,21,0,0,1,1,4.47451146738,-400
exec27_edge_x-400,46,12123,2,0,13,0,0,1,0,7.72808762268,-400
exec27_edge_x-400,28,7837,3,0,14,4,0,1,1,4.86445103679,-400
exec27_edge_x-400,6,25904,1,0,21,0,0,1,1,5.69030991907,-400
exec27_edge_x-400,1,11640,3,0,7,7,0,1,1,3.03451397167,-400
exec27_edge_x-400,43,7038,2,0,6,0,0,1,0,7.54693583878,-400
exec27_edge_x-400,25,13083,5,0,18,2,0,1,1,3.00251510588,-400
exec27_edge_x-400,40,11357,5,0,11,0,0,1,0,2.65650415561,-400
exec27_edge_x-400,34,11436,1,0,6,0,0,1,0,2.57671301937,-400
exec27_edge_x-400,31,10148,0,0,5,0,0,1,1,6.47929812601,-400
exec27_edge_x-400,25,13063,5,0,0,0,0,1,0,2.40240849829,-400
exec27_edge_x-400,25,13059,3,0,1,0,0,1,1,2.37901455307,-400
exec27_edge_x-400,31,11925,7,0,17,4,0,1,1,4.30848907955,-400
exec27_edge_x-400,1,11598,7,0,2,0,0,1,0,6.00004565481,-400
exec27_edge_x-400,40,11332,1,0,16,4,0,1,1,2.05529697602,-400
exec27_edge_x-400,13,5760,1,0,9,0,0,1,0,2.1043652625,-400
exec27_edge_x-400,43,7007,6,0,26,19,0,1,1,4.19859895207,-400
exec27_edge_x-400,31,11897,3,0,0,0,0,1,0,1.68914961555,-400
exec27_edge_x-400,16,9436,6,0,11,0,0,1,1,2.133934592,-400
exec27_edge_x-400,1,11566,5,0,17,1,0,1,1,2.5884033396,-400
exec27_edge_x-400,31,11883,2,0,4,0,0,1,0,2.85132861331,-400
exec27_edge_x-400,43,6976,3,0,13,1,0,1,1,3.44177322531,-400
exec27_edge_x-400,19,11389,3,0,20,0,0,1,0,3.0048497545,-400
exec27_edge_x-400,46,12000,2,0,1,0,0,1,0,2.35307219399,-400
exec27_edge_x-400,10,11466,5,0,5,0,0,1,0,7.846749078,-400
exec27_edge_x-400,37,14986,8,1,12,0,0,1,0,5.20690660968,-400
exec27_edge_x-400,28,7734,3,0,8,0,0,1,1,3.03399625864,-400
exec27_edge_x-400,34,11374,0,0,19,2,0,1,1,6.65089957647,-400
exec27_edge_x-400,40,11256,7,0,0,0,0,1,0,6.84386756399,-400
exec27_edge_x-400,19,11353,15,1,16,2,0,1,1,5.5699379561,-400
exec27_edge_x-400,34,11353,3,0,3,0,0,1,0,1.40691755321,-400
exec27_edge_x-400,10,11438,2,0,6,0,0,1,0,2.23351243669,-400
exec27_edge_x-400,31,11823,1,0,5,0,0,1,1,5.89238612164,-400
exec27_edge_x-400,7,1394,7,0,1,0,0,1,0,5.04902169454,-400
exec27_edge_x-400,22,11725,1,0,13,3,0,1,1,2.27349566455,-400
exec27_edge_x-400,31,11807,7,0,14,8,3,1,1,4.86216463298,-400
exec27_edge_x-400,1,11499,3,0,16,1,0,1,1,2.35592241956,-400
exec27_edge_x-400,4,13820,6,0,5,0,0,1,0,2.70017831259,-400
exec27_edge_x-400,43,6916,1,0,13,0,0,1,0,8.09843047929,-400
exec27_edge_x-400,37,14927,1,0,1,0,0,1,0,1.93136548661,-400
exec27_edge_x-400,4,13817,5,0,11,2,0,1,1,2.82114842167,-400
exec27_edge_x-400,46,11940,5,0,4,2,0,1,1,2.29832955757,-400
exec27_edge_x-400,37,14914,5,0,6,0,0,1,0,6.30346078513,-400
exec27_edge_x-400,22,11690,4,0,0,0,0,1,0,2.18042354501,-400
exec27_edge_x-400,37,14904,1,0,3,2,0,1,1,1.5466729867,-400
exec27_edge_x-400,34,11308,0,0,8,0,0,1,0,1.66151731543,-400
exec27_edge_x-400,46,11903,4,0,5,2,0,1,1,2.85976743198,-400
exec27_edge_x-400,43,6863,5,0,12,0,0,1,1,3.64260488908,-400
exec27_edge_x-400,19,11286,0,0,28,2,0,1,1,2.55783708404,-400
exec27_edge_x-400,4,13768,5,0,5,1,0,1,1,3.10448204439,-400
exec27_edge_x-400,16,9312,2,0,16,2,0,1,1,2.9817010301,-400
exec27_edge_x-400,4,13747,5,0,10,0,0,1,1,2.37095390988,-400
exec27_edge_x-400,40,11168,2,0,16,0,0,1,0,3.95887619725,-400
exec27_edge_x-400,43,6828,6,0,11,0,0,1,0,3.5246179401,-400
exec27_edge_x-400,13,5607,0,0,3,0,0,1,0,2.75364369066,-400
exec27_edge_x-400,34,11258,0,0,8,0,0,1,0,4.00632778029,-400
exec27_edge_x-400,13,5599,4,0,3,0,0,1,0,4.11127390552,-400
exec27_edge_x-400,22,11615,0,0,3,0,0,1,0,3.76502726353,-400
exec27_edge_x-400,10,11306,3,0,14,1,0,1,1,2.61129762515,-400
exec27_edge_x-400,43,6805,5,0,25,0,0,1,1,3.36809827703,-400
exec27_edge_x-400,25,12869,3,0,14,6,0,1,1,2.5276656119,-400
exec27_edge_x-400,28,7588,9,1,6,0,0,1,0,5.00310356001,-400
exec27_edge_x-400,34,11227,14,1,10,0,0,1,0,6.25451290181,-400
exec27_edge_x-400,25,12857,1,0,3,1,0,1,1,2.63497494215,-400
exec27_edge_x-400,46,11804,6,0,5,0,0,1,0,2.56458875781,-400
exec27_edge_x-400,19,11204,0,0,1,0,0,1,0,2.70931908661,-400
exec27_edge_x-400,31,11661,5,0,10,0,0,1,0,2.77603696482,-400
exec27_edge_x-400,16,9228,6,0,3,0,0,1,0,7.57654616935,-400
exec27_edge_x-400,22,12682,1,0,18,5,0,1,1,11.420574843,-400
exec27_edge_x-400,22,11570,7,0,3,0,0,1,0,2.28302909742,-400
exec27_edge_x-400,10,11231,1,0,16,8,0,1,1,1.51962160976,-400
exec27_edge_x-400,4,13663,5,0,15,1,0,1,1,3.0713295455,-400
exec27_edge_x-400,22,11561,2,0,38,12,0,1,1,3.99408471512,-400
exec27_edge_x-400,43,6756,6,0,23,0,0,1,0,7.66601532205,-400
exec27_edge_x-400,7,1230,1,0,14,0,0,1,0,2.65794669337,-400
exec27_edge_x-400,28,7517,7,0,7,0,0,1,0,3.55651479751,-400
exec27_edge_x-400,25,12799,14,1,10,1,0,1,1,4.98163859972,-400
exec27_edge_x-400,16,9196,7,0,7,0,0,1,0,2.04399026885,-400
exec27_edge_x-400,22,11534,7,0,6,0,0,1,0,3.87979246884,-400
exec27_edge_x-400,40,11065,6,0,6,0,0,1,0,3.42111907917,-400
exec27_edge_x-400,13,8921,0,0,9,0,0,1,0,3.06007596233,-400
exec27_edge_x-400,40,11058,6,0,6,3,0,1,1,3.14068537672,-400
exec27_edge_x-400,10,14177,1,0,10,0,0,1,1,1.80762660864,-400
exec27_edge_x-400,19,11105,0,0,16,2,0,1,1,2.57043490074,-400
exec27_edge_x-400,43,6710,5,0,6,0,0,1,0,1.75562405944,-400
exec27_edge_x-400,22,11498,13,1,5,1,0,1,1,9.11408787746,-400
exec27_edge_x-400,10,14164,2,0,11,0,0,1,0,2.57210656828,-400
exec27_edge_x-400,28,7436,4,0,0,0,0,1,0,1.25327111498,-400
exec27_edge_x-400,7,1169,7,0,4,0,0,1,1,1.78653643046,-400
exec27_edge_x-400,28,7418,4,0,11,2,0,1,1,1.70523354477,-400
exec27_edge_x-400,40,11020,2,0,4,0,0,1,0,2.69927629487,-400
exec27_edge_x-400,31,11556,2,0,6,1,0,1,1,3.42560417644,-400
exec27_edge_x-400,34,11117,4,0,7,4,0,1,1,2.5228244395,-400
exec27_edge_x-400,25,12719,2,0,0,0,0,1,0,3.10096718301,-400
exec27_edge_x-400,37,14669,2,0,15,2,0,1,1,2.55464427613,-400
exec27_edge_x-400,10,14152,2,0,41,19,0,1,1,4.58016832991,-400
exec27_edge_x-400,37,14668,4,0,19,7,0,1,1,4.65198119397,-400
exec27_edge_x-400,1,14123,1,0,9,0,0,1,0,2.02548979437,-400
exec27_edge_x-400,13,8859,2,0,9,1,0,1,1,2.63395532639,-400
exec27_edge_x-400,1,14110,6,0,15,5,0,1,1,2.24807823698,-400
exec27_edge_x-400,40,10996,15,1,3,0,0,1,0,6.11741634232,-400
exec27_edge_x-400,1,14107,6,0,6,0,0,1,0,2.68663554216,-400
exec27_edge_x-400,4,13573,4,0,2,0,0,1,0,6.05399004791,-400
exec27_edge_x-400,34,11095,2,0,16,10,0,1,1,4.770345877,-400
exec27_edge_x-400,25,12690,6,0,12,0,0,1,0,1.45816738086,-400
exec27_edge_x-400,40,10971,7,0,12,3,0,1,1,3.96869788268,-400
exec27_edge_x-400,7,1108,4,0,11,3,0,1,1,2.26257490314,-400
exec27_edge_x-400,46,11635,15,1,26,12,0,1,1,5.70133405408,-400
exec27_edge_x-400,43,6656,1,0,8,0,0,1,0,2.72933016738,-400
exec27_edge_x-400,37,14638,7,0,26,9,0,1,1,3.14800078436,-400
exec27_edge_x-400,7,1095,3,0,2,0,0,1,0,7.2176184454,-400
exec27_edge_x-400,34,11058,0,0,1,0,0,1,0,3.41394658163,-400
exec27_edge_x-400,4,13539,6,0,11,2,0,1,1,2.18799178844,-400
exec27_edge_x-400,31,11483,0,0,1,0,0,1,0,3.49291922987,-400
exec27_edge_x-400,1,14062,0,0,9,0,0,1,0,3.3211372264,-400
exec27_edge_x-400,25,12652,6,0,3,0,0,1,0,5.17740881654,-400
exec27_edge_x-400,19,10996,2,0,14,0,0,1,0,2.84031867343,-400
exec27_edge_x-400,16,9051,7,0,3,0,0,1,0,1.79446781365,-400
exec27_edge_x-400,16,9043,2,0,8,1,0,1,1,2.87638072891,-400
exec27_edge_x-400,10,14069,0,0,2,0,0,1,0,2.76446726756,-400
exec27_edge_x-400,46,11592,2,0,0,0,0,1,0,7.53784401701,-400
exec27_edge_x-400,43,6605,3,0,5,0,0,1,0,6.71704274611,-400
exec27_edge_x-400,4,13501,5,0,9,3,0,1,1,3.51094009194,-400
exec27_edge_x-400,25,12633,0,0,1,0,0,1,0,2.59169211261,-400
exec27_edge_x-400,13,8785,5,0,16,2,0,1,1,5.91764570132,-400
exec27_edge_x-400,31,11442,2,0,1,0,0,1,0,3.48549040999,-400
exec27_edge_x-400,37,14576,4,0,10,0,0,1,0,2.84087779574,-400
exec27_edge_x-400,16,8990,1,0,7,0,0,1,0,4.2750707097,-400
exec27_edge_x-400,16,8979,1,0,5,0,0,1,0,7.0398539806,-400
exec27_edge_x-400,37,14540,2,0,2,0,0,1,0,2.50023443847,-400
exec27_edge_x-400,16,8957,6,0,5,0,0,1,1,2.61661417358,-400
exec27_edge_x-400,37,14536,5,0,3,0,0,1,0,3.18372630407,-400
exec27_edge_x-400,22,11347,9,1,16,0,0,1,0,5.39437957692,-400
exec27_edge_x-400,7,981,4,0,1,0,0,1,0,4.53249008565,-400
exec27_edge_x-400,7,975,6,0,7,6,0,1,1,5.46244573981,-400
exec27_edge_x-400,10,13976,0,0,6,0,0,1,0,3.47534146554,-400
exec27_edge_x-400,43,6529,5,0,10,3,0,1,1,2.42148640225,-400
exec27_edge_x-400,25,12542,7,0,3,0,0,1,0,2.10432498836,-400
exec27_edge_x-400,37,14510,4,0,12,1,0,1,1,3.20922078481,-400
exec27_edge_x-400,4,13415,0,0,8,0,0,1,1,2.92709571534,-400
exec27_edge_x-400,4,13929,0,0,0,0,0,0,0,5.45519538525,-400
exec27_edge_x-400,7,954,2,0,0,0,0,1,0,3.20257340574,-400
exec27_edge_x-400,28,13134,7,0,2,2,0,1,1,2.68705838793,-400
exec27_edge_x-400,13,8692,0,0,3,0,0,1,0,3.53288101523,-400
exec27_edge_x-400,43,6513,3,0,6,1,0,1,1,2.12258978957,-400
exec27_edge_x-400,13,8688,4,0,2,0,0,1,0,4.75308210446,-400
exec27_edge_x-400,31,11353,3,0,4,0,0,1,0,2.52543436345,-400
exec27_edge_x-400,7,933,7,0,1,0,0,1,0,5.01201777737,-400
exec27_edge_x-400,28,13126,1,0,5,3,0,1,1,2.27005844983,-400
exec27_edge_x-400,16,8909,5,0,14,1,0,1,1,2.83566918011,-400
exec27_edge_x-400,28,13122,1,0,10,0,0,1,1,2.00448620988,-400
exec27_edge_x-400,43,6503,4,0,3,0,0,1,0,1.36206334137,-400
exec27_edge_x-400,1,13906,3,0,4,0,0,1,0,2.29208877996,-400
exec27_edge_x-400,40,10766,6,0,5,0,0,1,0,2.38416731034,-400
exec27_edge_x-400,34,10882,6,0,0,0,0,1,0,4.37098463353,-400
exec27_edge_x-400,40,10761,6,0,7,0,0,1,0,1.85401585308,-400
exec27_edge_x-400,16,8875,5,0,14,4,0,1,1,7.19665575717,-400
exec27_edge_x-400,16,8865,7,0,10,6,0,1,1,5.15730667914,-400
exec27_edge_x-400,4,13337,0,0,3,0,0,1,0,1.94106904415,-400
exec27_edge_x-400,34,10863,1,0,13,5,0,1,1,2.30176750271,-400
exec27_edge_x-400,28,13076,4,0,6,0,0,1,0,4.57225375441,-400
exec27_edge_x-400,22,11217,7,0,0,0,0,1,0,1.28268860425,-400
exec27_edge_x-400,43,6454,0,0,7,0,0,1,1,2.33006706585,-400
exec27_edge_x-400,13,8624,0,0,1,0,0,1,0,2.79923194251,-400
exec27_edge_x-400,43,6439,1,0,10,0,0,1,0,4.41547529681,-400
exec27_edge_x-400,40,10713,1,0,24,15,0,1,1,4.84083752377,-400
exec27_edge_x-400,4,13306,4,0,4,0,0,1,0,2.90573714507,-400
exec27_edge_x-400,16,8823,4,0,2,0,0,1,1,4.26382185006,-400
exec27_edge_x-400,46,11402,3,0,2,0,0,1,0,4.58341784915,-400
exec27_edge_x-400,13,8595,1,0,11,0,0,1,0,3.11323621485,-400
exec27_edge_x-400,31,11255,6,0,2,0,0,1,0,5.13562342811,-400
exec27_edge_x-400,31,11929,6,0,0,0,0,0,0,5.82813253859,-400
exec27_edge_x-400,28,13035,4,0,7,2,0,1,1,6.33222445296,-400
exec27_edge_x-400,1,13825,13,1,12,0,0,1,0,9.90166554482,-400
exec27_edge_x-400,19,13677,6,0,6,2,0,1,1,3.62209287194,-400
exec27_edge_x-400,16,8809,7,0,3,0,0,1,0,1.89540024765,-400
exec27_edge_x-400,10,13847,6,0,3,0,0,1,0,4.41753175932,-400
exec27_edge_x-400,1,13816,5,0,7,0,0,1,0,2.06538105147,-400
exec27_edge_x-400,34,10784,6,0,6,0,0,1,0,2.18317529583,-400
exec27_edge_x-400,16,8793,2,0,5,0,0,1,0,3.29859551283,-400
exec27_edge_x-400,28,13006,7,0,11,2,0,1,1,4.35594851252,-400
exec27_edge_x-400,37,14354,3,0,4,0,0,1,0,1.76877537442,-400
exec27_edge_x-400,43,6381,3,0,7,0,0,1,0,5.02562083201,-400
exec27_edge_x-400,31,11229,1,0,6,0,0,1,0,1.67431401536,-400
exec27_edge_x-400,1,13791,6,0,7,0,0,1,0,4.17173592366,-400
exec27_edge_x-400,22,14294,3,0,10,3,0,1,1,5.33249860114,-400
exec27_edge_x-400,10,13809,1,0,10,3,0,1,1,3.45254699211,-400
exec27_edge_x-400,46,11347,13,1,10,0,0,1,0,5.10700411981,-400
exec27_edge_x-400,40,10642,5,0,15,0,0,1,1,1.84435884869,-400
exec27_edge_x-400,25,12359,3,0,22,6,0,1,1,4.88237518242,-400
exec27_edge_x-400,28,12987,0,0,10,2,0,1,1,1.55468345693,-400
exec27_edge_x-400,10,13783,0,0,8,2,0,1,1,6.00075485526,-400
exec27_edge_x-400,13,8533,4,0,18,11,1,1,1,2.41166935456,-400
exec27_edge_x-400,43,6355,2,0,5,0,0,1,1,2.03429609066,-400
exec27_edge_x-400,22,14253,3,0,2,0,0,1,0,7.40676534021,-400
exec27_edge_x-400,1,13751,0,0,17,2,0,1,1,5.9554300778,-400
exec27_edge_x-400,28,12958,5,0,5,0,0,1,1,2.98609143091,-400
exec27_edge_x-400,22,14231,5,0,21,3,0,1,1,5.92534283387,-400
exec27_edge_x-400,22,14228,1,0,4,0,0,1,0,3.08472390221,-400
exec27_edge_x-400,34,10700,6,0,24,8,0,1,1,2.55431461482,-400
exec27_edge_x-400,16,8713,1,0,10,3,0,1,1,4.51316415121,-400
exec27_edge_x-400,1,13726,1,0,0,0,0,0,0,4.32191438111,-400
exec27_edge_x-400,7,729,3,0,9,1,0,1,1,2.22871178358,-400
exec27_edge_x-400,4,13172,4,0,20,1,0,1,1,3.18271082719,-400
exec27_edge_x-400,40,10575,2,0,3,0,0,1,0,3.68018553173,-400
exec27_edge_x-400,40,10573,7,0,4,0,0,1,0,6.71033046036,-400
exec27_edge_x-400,28,12924,7,0,13,2,0,1,1,3.52199434863,-400
exec27_edge_x-400,1,13709,2,0,3,0,0,1,0,2.60412613237,-400
exec27_edge_x-400,46,11280,6,0,25,20,0,1,1,4.74582016208,-400
exec27_edge_x-400,31,11131,6,0,9,6,0,1,1,3.67708412165,-400
exec27_edge_x-400,25,12264,4,0,8,0,0,1,1,2.83321221328,-400
exec27_edge_x-400,4,13159,5,0,10,0,0,1,1,5.71972186852,-400
exec27_edge_x-400,25,12259,7,0,4,0,0,1,0,3.46840811013,-400
exec27_edge_x-400,1,13690,1,0,9,2,0,1,1,2.06767087568,-400
exec27_edge_x-400,7,703,7,0,11,0,0,1,0,2.75450573913,-400
exec27_edge_x-400,10,13705,3,0,6,0,0,1,1,2.29608761526,-400
exec27_edge_x-400,4,13151,6,0,41,12,0,1,1,5.74923180653,-400
exec27_edge_x-400,4,13145,0,0,15,0,0,1,0,2.41042833365,-400
exec27_edge_x-400,43,6270,7,0,5,2,0,1,1,3.27838621907,-400
exec27_edge_x-400,7,686,7,0,4,0,0,1,1,3.62306757564,-400
exec27_edge_x-400,1,13678,2,0,5,0,0,1,0,1.63920857131,-400
exec27_edge_x-400,28,12869,4,0,3,0,0,1,1,3.51168499379,-400
exec27_edge_x-400,37,14193,3,0,9,0,0,1,0,4.1124739715,-400
exec27_edge_x-400,28,12860,4,0,3,0,0,1,1,5.4960791222,-400
exec27_edge_x-400,31,11058,7,0,11,0,0,1,1,4.88036505267,-400
exec27_edge_x-400,31,11053,0,0,0,0,0,1,0,2.72872082091,-400
exec27_edge_x-400,34,10596,7,0,3,0,0,1,1,2.64611366494,-400
exec27_edge_x-400,43,6199,14,1,17,0,0,1,1,6.41041160449,-400
exec27_edge_x-400,10,13652,5,0,11,0,0,1,0,2.89486491186,-400
exec27_edge_x-400,40,10497,7,0,20,1,0,1,1,2.3342041076,-400
exec27_edge_x-400,40,10491,6,0,5,0,0,1,0,4.17262534229,-400
exec27_edge_x-400,28,12836,1,0,13,1,0,1,1,1.93507207922,-400
exec27_edge_x-400,28,12830,6,0,2,0,0,1,0,2.37972205862,-400
exec27_edge_x-400,46,11189,1,0,13,1,0,1,1,3.66150943154,-400
exec27_edge_x-400,16,8596,5,0,2,0,0,1,0,2.69978189834,-400
exec27_edge_x-400,10,13611,5,0,12,0,0,1,0,7.33696708368,-400
exec27_edge_x-400,43,6157,4,0,5,0,0,1,1,1.98885095974,-400
exec27_edge_x-400,10,13593,0,0,2,0,0,1,0,1.9946524734,-400
exec27_edge_x-400,40,10445,7,0,9,0,0,1,1,3.99895219638,-400
exec27_edge_x-400,31,11006,0,0,15,0,0,1,1,2.67516445568,-400
exec27_edge_x-400,28,12795,1,0,6,2,0,1,1,3.01158800179,-400
exec27_edge_x-400,4,13035,2,0,10,2,0,1,1,3.47411341916,-400
exec27_edge_x-400,22,14058,2,0,15,4,0,1,1,3.87907050212,-400
exec27_edge_x-400,34,10507,6,0,7,0,0,1,0,7.01374545386,-400
exec27_edge_x-400,22,14056,3,0,3,0,0,1,0,4.34334219039,-400
exec27_edge_x-400,19,13397,7,0,21,3,0,1,1,3.62092190899,-400
exec27_edge_x-400,46,11133,0,0,16,4,0,1,1,4.70730899996,-400
exec27_edge_x-400,28,12769,1,0,6,2,0,1,1,2.11189402002,-400
exec27_edge_x-400,19,13369,4,0,17,3,0,1,1,3.66758692773,-400
exec27_edge_x-400,40,10399,0,0,22,2,0,1,1,4.6376153694,-400
exec27_edge_x-400,1,13508,2,0,13,1,0,1,1,8.61855309536,-400
exec27_edge_x-400,25,12064,7,0,8,0,0,1,1,7.92252696806,-400
exec27_edge_x-400,25,12055,6,0,16,0,0,1,1,3.27654765063,-400
exec27_edge_x-400,46,11104,4,0,1,0,0,1,0,2.67140350796,-400
exec27_edge_x-400,10,13529,4,0,8,0,0,1,0,2.78196576602,-400
exec27_edge_x-400,37,14044,7,0,15,6,0,1,1,5.37711207471,-400
exec27_edge_x-400,22,14013,4,0,25,14,0,1,1,10.1369688201,-400
exec27_edge_x-400,22,14339,4,0,0,0,0,0,0,13.5218940545,-400
exec27_edge_x-400,28,12739,0,0,21,2,0,1,1,2.33754534899,-400
exec27_edge_x-400,16,8487,2,0,1,0,0,1,0,4.56076516596,-400
exec27_edge_x-400,43,6074,0,0,7,0,0,1,0,3.14030424589,-400
exec27_edge_x-400,10,13487,6,0,8,0,0,1,1,5.31082076817,-400
exec27_edge_x-400,7,493,3,0,3,0,0,1,0,4.53623641246,-400
exec27_edge_x-400,28,12712,5,0,6,0,0,1,0,3.00281737627,-400
exec27_edge_x-400,7,489,0,0,6,1,0,1,1,3.41742580492,-400
exec27_edge_x-400,7,1449,0,0,0,0,0,0,0,4.97444454019,-400
exec27_edge_x-400,46,11053,6,0,2,0,0,1,0,3.30960458096,-400
exec27_edge_x-400,46,11049,0,0,19,6,0,1,1,3.00942600156,-400
exec27_edge_x-400,40,10339,7,0,12,1,0,1,1,7.57676881574,-400
exec27_edge_x-400,25,11975,6,0,8,0,0,1,0,3.44172874283,-400
exec27_edge_x-400,10,13457,3,0,15,1,0,1,1,2.1008574186,-400
exec27_edge_x-400,40,10328,6,0,4,0,0,1,0,3.01428759771,-400
exec27_edge_x-400,4,12913,4,0,18,4,0,1,1,4.01196540715,-400
exec27_edge_x-400,22,13960,3,0,6,0,0,1,0,4.0396383328,-400
exec27_edge_x-400,10,13451,5,0,15,0,0,1,1,3.68589365123,-400
exec27_edge_x-400,40,10318,4,0,15,4,0,1,1,5.67453781846,-400
exec27_edge_x-400,31,10872,6,0,0,0,0,1,0,2.58046647315,-400
exec27_edge_x-400,34,10403,5,0,13,5,0,1,1,3.90493521172,-400
exec27_edge_x-400,22,14340,0,0,0,0,0,1,1,4.35039330102,-400
exec27_edge_x-400,19,13279,4,0,13,0,0,1,0,1.92387795652,-400
exec27_edge_x-400,13,8208,6,0,12,7,0,1,1,2.48615193694,-400
exec27_edge_x-400,22,13936,3,0,6,0,0,1,1,3.4041564094,-400
exec27_edge_x-400,37,13953,14,1,15,0,0,1,0,5.77372408365,-400
exec27_edge_x-400,19,13263,3,0,14,0,0,1,0,2.34120106113,-400
exec27_edge_x-400,13,8192,2,0,0,0,0,1,0,1.65143591212,-400
exec27_edge_x-400,37,13939,3,0,2,0,0,1,0,4.41824404409,-400
exec27_edge_x-400,19,13254,2,0,2,0,0,1,0,5.53952091951,-400
exec27_edge_x-400,28,12630,2,0,1,0,0,1,1,2.29116876867,-400
exec27_edge_x-400,25,11908,1,0,0,0,0,1,0,6.15574763971,-400
exec27_edge_x-400,28,12612,7,0,2,0,0,1,0,4.64021202152,-400
exec27_edge_x-400,1,13365,6,0,11,1,0,1,1,3.16478168332,-400
exec27_edge_x-400,46,10974,6,0,1,0,0,1,0,1.3404207902,-400
exec27_edge_x-400,7,385,2,0,12,2,0,1,1,3.72484544455,-400
exec27_edge_x-400,13,8149,3,0,5,2,0,1,1,1.96610798773,-400
exec27_edge_x-400,4,12830,6,0,13,0,0,1,0,2.40879806939,-400
exec27_edge_x-400,10,13358,6,0,0,0,0,1,0,3.00545361879,-400
exec27_edge_x-400,40,10232,13,1,39,13,0,1,1,7.04198572647,-400
exec27_edge_x-400,13,8132,0,0,13,0,0,1,0,1.93316898569,-400
exec27_edge_x-400,16,8291,0,0,0,0,0,1,0,1.76497408566,-400
exec27_edge_x-400,19,13174,0,0,9,0,0,1,0,2.03645180175,-400
exec27_edge_x-400,25,11860,6,0,23,3,0,1,1,2.2117192121,-400
exec27_edge_x-400,37,13876,0,0,9,2,0,1,1,1.62008061108,-400
exec27_edge_x-400,16,8284,1,0,6,1,0,1,1,1.53540088938,-400
exec27_edge_x-400,34,10317,6,0,8,0,0,1,1,4.08441172888,-400
exec27_edge_x-400,43,5895,0,0,1,0,0,1,0,8.90149208143,-400
exec27_edge_x-400,10,13298,2,0,19,5,0,1,1,1.93258301699,-400
exec27_edge_x-400,40,10182,4,0,8,3,0,1,1,7.13146984621,-400
exec27_edge_x-400,1,13306,4,0,8,0,0,1,0,3.29936249234,-400
exec27_edge_x-400,31,10742,0,0,8,0,0,1,0,3.444911226,-400
exec27_edge_x-400,25,11810,3,0,23,6,0,1,1,4.66254829682,-400
exec27_edge_x-400,7,1452,6,0,7,0,0,1,0,2.53641812834,-400
exec27_edge_x-400,34,10268,2,0,14,4,0,1,1,2.02057308038,-400
exec27_edge_x-400,19,13125,6,0,2,0,0,1,0,2.82779267179,-400
exec27_edge_x-400,46,10884,3,0,1,0,0,1,1,4.33764031679,-400
exec27_edge_x-400,43,5856,5,0,14,2,0,1,1,4.10194967484,-400
exec27_edge_x-400,13,8037,3,0,21,7,0,1,1,2.0623937128,-400
exec27_edge_x-400,31,10719,1,0,24,0,0,1,0,4.49009219993,-400
exec27_edge_x-400,19,13097,12,1,24,0,0,1,0,6.09504853614,-400
exec27_edge_x-400,7,260,3,0,15,1,0,1,1,5.3642778531,-400
exec27_edge_x-400,37,13790,6,0,7,0,0,1,0,5.58428041536,-400
exec27_edge_x-400,34,10229,2,0,12,2,0,1,1,4.63092865355,-400
exec27_edge_x-400,46,10824,0,0,8,2,0,1,1,2.82503404706,-400
exec27_edge_x-400,31,10672,7,0,9,2,0,1,1,3.18240839409,-400
exec27_edge_x-400,13,7987,4,0,9,0,0,1,0,2.14756788436,-400
exec27_edge_x-400,7,224,7,0,8,0,0,1,0,2.4925751927,-400
exec27_edge_x-400,10,13218,7,0,4,0,0,1,0,4.58248667009,-400
exec27_edge_x-400,37,13767,0,0,3,0,0,1,0,1.69869320595,-400
exec27_edge_x-400,37,13762,1,0,1,0,0,1,0,1.93885963048,-400
exec27_edge_x-400,34,10195,7,0,1,0,0,1,0,7.77479825136,-400
exec27_edge_x-400,1,13201,4,0,13,2,0,1,1,3.24644698848,-400
exec27_edge_x-400,31,10636,0,0,9,0,0,1,0,9.96444573526,-400
exec27_edge_x-400,37,13743,8,1,5,0,0,1,0,7.18134141201,-400
exec27_edge_x-400,34,10178,4,0,5,0,0,1,0,7.52070792807,-400
exec27_edge_x-400,43,5765,1,0,0,0,0,1,0,2.82182191016,-400
exec27_edge_x-400,19,13009,4,0,0,0,0,1,0,2.18605699276,-400
exec27_edge_x-400,7,167,1,0,10,0,0,1,0,3.33137824492,-400
exec27_edge_x-400,28,12401,2,0,4,0,0,1,0,2.8630749441,-400
exec27_edge_x-400,13,7933,2,0,9,4,0,1,1,4.83302003886,-400
exec27_edge_x-400,10,13175,1,0,14,4,0,1,1,4.87859199219,-400
exec27_edge_x-400,28,12390,0,0,2,0,0,1,0,2.6569074585,-400
exec27_edge_x-400,37,13702,7,0,11,0,0,1,0,5.131757505,-400
exec27_edge_x-400,7,150,0,0,8,0,0,1,0,4.69299229449,-400
exec27_edge_x-400,4,12612,2,0,23,5,0,1,1,6.95289226885,-400
exec27_edge_x-400,10,13162,15,1,5,0,0,1,0,4.65054640219,-400
exec27_edge_x-400,28,12384,3,0,1,0,0,1,0,2.01206785441,-400
exec27_edge_x-400,4,12605,5,0,7,0,0,1,1,3.55340274,-400
exec27_edge_x-400,1,13123,7,0,8,0,0,1,0,2.44410835051,-400
exec27_edge_x-400,37,13685,6,0,13,0,0,1,1,2.62255821567,-400
exec27_edge_x-400,28,12355,1,0,4,0,0,1,0,2.20763632121,-400
exec27_edge_x-400,46,10721,0,0,16,7,0,1,1,3.52185026251,-400
exec27_edge_x-400,31,10563,1,0,0,0,0,1,0,3.89800266016,-400
exec27_edge_x-400,13,7888,2,0,21,7,0,1,1,2.76324429443,-400
exec27_edge_x-400,34,10090,6,0,9,1,0,1,1,4.11366454578,-400
exec27_edge_x-400,10,13116,2,0,20,0,0,1,1,2.00256897243,-400
exec27_edge_x-400,40,9948,1,0,19,3,0,1,1,1.73638350339,-400
exec27_edge_x-400,13,7877,2,0,7,0,0,1,0,6.63305347632,-400
exec27_edge_x-400,13,7876,2,0,16,5,0,1,1,3.72208217267,-400
exec27_edge_x-400,10,13104,2,0,8,3,0,1,1,3.53902060535,-400
exec27_edge_x-400,4,12555,6,0,0,0,0,1,0,4.22122024979,-400
exec27_edge_x-400,34,10070,4,0,18,8,0,1,1,8.76221451013,-400
exec27_edge_x-400,25,11601,7,0,28,10,0,1,1,3.53547142693,-400
exec27_edge_x-400,16,8045,5,0,2,0,0,1,0,7.36890832011,-400
exec27_edge_x-400,4,12550,3,0,25,10,2,1,1,9.13626297717,-400
exec27_edge_x-400,31,10524,4,0,6,1,0,1,1,3.05150696405,-400
exec27_edge_x-400,37,13632,4,0,4,0,0,1,0,2.98490628435,-400
exec27_edge_x-400,40,9892,5,0,10,0,0,1,1,1.51870480642,-400
exec27_edge_x-400,31,10514,7,0,10,1,0,1,1,7.92969226298,-400
exec27_edge_x-400,22,13604,1,0,5,0,0,1,0,5.09208847849,-400
exec27_edge_x-400,28,12280,3,0,3,0,0,1,0,5.62553807371,-400
exec27_edge_x-400,46,10658,4,0,6,0,0,1,0,9.61844535149,-400
exec27_edge_x-400,25,11564,1,0,4,2,0,1,1,1.30721410894,-400
exec27_edge_x-400,34,10036,13,1,18,0,0,1,0,9.79292041866,-400
exec27_edge_x-400,43,5626,4,0,7,0,0,1,0,3.58908088488,-400
exec27_edge_x-400,31,10460,5,0,3,1,0,1,1,5.22312074803,-400
exec27_edge_x-400,34,10009,2,0,20,0,0,1,0,4.70236949007,-400
exec27_edge_x-400,22,13546,5,0,0,0,0,1,0,4.85072454641,-400
exec27_edge_x-400,46,10616,0,0,3,0,0,1,0,1.60368512929,-400
exec27_edge_x-400,1,12987,6,0,12,2,0,1,1,1.9357879495,-400
exec27_edge_x-400,37,13549,2,0,2,0,0,1,0,3.82149982272,-400
exec27_edge_x-400,25,15844,1,0,14,0,0,1,1,6.05524012169,-400
exec27_edge_x-400,25,15869,1,0,0,0,0,0,0,7.58452565904,-400
exec27_edge_x-400,13,7767,4,0,4,0,0,1,0,4.14738339146,-400
exec27_edge_x-400,28,12193,6,0,12,2,0,1,1,2.5001612535,-400
exec27_edge_x-400,25,15835,2,0,0,0,0,1,0,5.9084282116,-400
exec27_edge_x-400,19,12796,7,0,1,0,0,1,0,2.34015547939,-400
exec27_edge_x-400,31,10415,5,0,10,2,0,1,1,3.1862872085,-400
exec27_edge_x-400,46,10581,2,0,3,0,0,1,0,4.64074556767,-400
exec27_edge_x-400,4,12423,11,1,10,0,0,1,0,4.73735107942,-400
exec27_edge_x-400,16,7912,7,0,8,0,0,1,0,4.85384878261,-400
exec27_edge_x-400,31,10397,2,0,24,1,0,1,1,3.18767631779,-400
exec27_edge_x-400,40,13933,8,1,11,0,0,1,0,6.78118668972,-400
exec27_edge_x-400,19,12769,0,0,2,2,0,1,1,2.2595098446,-400
exec27_edge_x-400,34,9944,1,0,15,9,0,1,1,4.89052063188,-400
exec27_edge_x-400,16,7893,3,0,5,0,0,1,0,7.06638052392,-400
exec27_edge_x-400,37,13456,4,0,2,0,0,1,0,1.2246460057,-400
exec27_edge_x-400,7,2949,0,0,3,0,0,1,0,2.63165138596,-400
exec27_edge_x-400,31,10372,6,0,7,0,0,1,0,2.6019028916,-400
exec27_edge_x-400,19,12739,1,0,2,0,0,1,1,3.65594890469,-400
exec27_edge_x-400,19,12732,4,0,13,1,0,1,1,3.05602455395,-400
exec27_edge_x-400,10,12912,1,0,17,3,0,1,1,2.6512810524,-400
exec27_edge_x-400,43,8712,1,0,29,12,0,1,1,4.18570461296,-400
exec27_edge_x-400,1,12862,6,0,3,0,0,1,0,1.23384381177,-400
exec27_edge_x-400,1,14219,6,0,0,0,0,0,0,1.88733538391,-400
exec27_edge_x-400,22,13458,0,0,4,1,0,1,1,2.74286554354,-400
exec27_edge_x-400,37,16751,7,0,2,0,0,1,1,4.20484665112,-400
exec27_edge_x-400,43,8702,0,0,24,7,0,1,1,2.83570270235,-400
exec27_edge_x-400,19,12687,6,0,19,3,0,1,1,3.60808830329,-400
exec27_edge_x-400,19,12673,1,0,1,0,0,1,0,2.23666616002,-400
exec27_edge_x-400,34,9849,2,0,21,5,0,1,1,4.84665551176,-400
exec27_edge_x-400,31,10311,2,0,4,0,0,1,0,3.06996475819,-400
exec27_edge_x-400,40,13819,5,0,12,5,0,1,1,3.14208140733,-400
exec27_edge_x-400,46,10457,2,0,2,0,0,1,0,6.5473415918,-400
exec27_edge_x-400,7,2880,0,0,5,0,0,1,0,3.62530807243,-400
exec27_edge_x-400,7,2879,0,0,4,0,0,1,0,3.29886462886,-400
exec27_edge_x-400,34,9844,1,0,20,3,0,1,1,1.92974398341,-400
exec27_edge_x-400,34,9839,7,0,0,0,0,0,0,2.86923754079,-400
exec27_edge_x-400,1,16111,1,0,3,1,0,1,1,3.07369996745,-400
exec27_edge_x-400,28,12067,0,0,9,0,0,1,0,1.8926179781,-400
exec27_edge_x-400,40,13800,7,0,1,0,0,1,0,1.94488053734,-400
exec27_edge_x-400,22,13391,0,0,4,0,0,1,0,1.90297982136,-400
exec27_edge_x-400,34,9815,3,0,3,0,0,1,0,3.01141074077,-400
exec27_edge_x-400,16,7771,2,0,17,0,0,1,1,3.04645213526,-400
exec27_edge_x-400,16,7762,4,0,17,2,0,1,1,3.13099154614,-400
exec27_edge_x-400,22,13364,1,0,3,2,0,1,1,7.05509372161,-400
exec27_edge_x-400,37,16653,0,0,22,7,0,1,1,2.81573980635,-400
exec27_edge_x-400,40,13749,7,0,17,0,0,1,0,5.2277906729,-400
exec27_edge_x-400,1,16049,7,0,6,0,0,1,0,3.93325722482,-400
exec27_edge_x-400,13,7581,5,0,2,0,0,1,0,1.89548253483,-400
exec27_edge_x-400,13,8928,5,0,0,0,0,0,0,2.75908455302,-400
exec27_edge_x-400,13,7573,7,0,9,2,0,1,1,2.55772390177,-400
exec27_edge_x-400,7,2815,1,0,6,0,0,1,0,3.28501721816,-400
exec27_edge_x-400,13,7569,7,0,13,3,0,1,1,5.24613813846,-400
exec27_edge_x-400,28,11993,0,0,2,0,0,1,0,3.28047011407,-400
exec27_edge_x-400,43,8607,1,0,4,0,0,1,0,6.45679904833,-400
exec27_edge_x-400,43,8601,3,0,0,0,0,1,0,7.1993935714,-400
exec27_edge_x-400,46,10357,4,0,6,0,0,1,0,2.24381966265,-400
exec27_edge_x-400,46,10349,4,0,20,3,0,1,1,6.09788848742,-400
exec27_edge_x-400,7,2796,6,0,10,0,0,1,0,2.19008041741,-400
exec27_edge_x-400,43,8586,3,0,0,0,0,1,0,2.48726743846,-400
exec27_edge_x-400,22,13318,2,0,2,0,0,1,0,11.7217752689,-400
exec27_edge_x-400,16,7695,1,0,13,1,0,1,1,2.21991366884,-400
exec27_edge_x-400,43,8575,0,0,9,2,0,1,1,4.01322171198,-400
exec27_edge_x-400,19,12520,3,0,2,0,0,1,0,4.6532478998,-400
exec27_edge_x-400,40,13687,4,0,19,11,0,1,1,2.34090910945,-400
exec27_edge_x-400,40,13681,5,0,2,0,0,1,0,5.08133110907,-400
exec27_edge_x-400,25,15570,5,0,2,0,0,1,0,1.72180068247,-400
exec27_edge_x-400,4,15135,7,0,6,5,0,1,1,4.65464999719,-400
exec27_edge_x-400,16,7658,0,0,11,2,0,1,1,4.14761534088,-400
exec27_edge_x-400,25,15547,4,0,0,0,0,1,0,8.6046441658,-400
exec27_edge_x-400,16,7643,1,0,5,0,0,1,0,5.9654995031,-400
exec27_edge_x-400,16,7639,3,0,8,4,0,1,1,2.77279558479,-400
exec27_edge_x-400,7,2711,1,0,1,0,0,1,0,2.23515460694,-400
exec27_edge_x-400,37,16533,6,0,13,0,0,1,1,8.12646377899,-400
exec27_edge_x-400,13,7469,7,0,4,1,0,1,1,2.95945410916,-400
exec27_edge_x-400,31,14123,2,0,0,0,0,0,0,3.28030200197,-400
exec27_edge_x-400,4,15094,4,0,10,0,0,1,0,9.34509966574,-400
exec27_edge_x-400,4,15087,1,0,10,0,0,1,1,1.68878434469,-400
exec27_edge_x-400,16,7613,4,0,10,0,0,1,0,2.48428149239,-400
exec27_edge_x-400,34,9635,4,0,5,0,0,1,0,2.52383116186,-400
exec27_edge_x-400,13,7421,5,0,12,0,0,1,1,6.63080945822,-400
exec27_edge_x-400,16,7579,1,0,5,0,0,1,0,7.6192030681,-400
exec27_edge_x-400,7,2644,1,0,11,2,0,1,1,5.744521678,-400
exec27_edge_x-400,19,12420,5,0,32,6,0,1,1,3.35335808201,-400
exec27_edge_x-400,16,7568,6,0,4,0,0,1,0,1.92992941406,-400
exec27_edge_x-400,46,10187,6,0,11,0,0,1,0,1.67929709718,-400
exec27_edge_x-400,16,7526,0,0,15,3,0,1,1,3.66486804508,-400
exec27_edge_x-400,22,13161,4,0,23,4,0,1,1,4.22184557156,-400
exec27_edge_x-400,25,15437,1,0,12,2,0,1,1,3.10507307215,-400
exec27_edge_x-400,40,13534,1,0,1,0,0,1,0,1.70868888541,-400
exec27_edge_x-400,16,7507,0,0,12,0,0,1,0,3.06422228642,-400
exec27_edge_x-400,43,8376,1,0,14,0,0,1,1,2.44828555563,-400
exec27_edge_x-400,16,7492,4,0,3,0,0,1,0,2.87139994344,-400
exec27_edge_x-400,7,2551,0,0,17,0,0,1,0,3.87955659962,-400
exec27_edge_x-400,22,13120,7,0,14,2,0,1,1,3.60641413117,-400
exec27_edge_x-400,46,10116,3,0,5,0,0,1,0,3.25817854382,-400
exec27_edge_x-400,46,12698,3,0,0,0,0,0,0,5.83981724248,-400
exec27_edge_x-400,46,10113,2,0,2,0,0,1,0,2.74884911284,-400
exec27_edge_x-400,10,15790,4,0,6,0,0,1,0,3.10459262222,-400
exec27_edge_x-400,7,2533,0,0,2,0,0,1,1,2.34022384552,-400
exec27_edge_x-400,46,10101,2,0,3,0,0,1,0,5.07639238761,-400
exec27_edge_x-400,40,13477,0,0,8,0,0,1,1,1.95271759267,-400
exec27_edge_x-400,7,2518,0,0,14,0,0,1,0,2.63464751692,-400
exec27_edge_x-400,19,15450,4,0,20,7,0,1,1,3.36158765589,-400
exec27_edge_x-400,10,15766,1,0,7,1,0,1,1,5.67686079449,-400
exec27_edge_x-400,19,15444,1,0,4,0,0,1,0,3.35701327974,-400
exec27_edge_x-400,19,15434,2,0,7,4,0,1,1,2.43705085672,-400
exec27_edge_x-400,16,7432,1,0,22,8,0,1,1,7.14032022795,-400
exec27_edge_x-400,40,13442,0,0,24,2,0,1,1,3.31101659554,-400
exec27_edge_x-400,22,13068,4,0,13,0,0,1,0,4.60992169857,-400
exec27_edge_x-400,34,9457,7,0,8,0,0,1,0,1.84174457737,-400
exec27_edge_x-400,13,7265,3,0,11,0,0,1,0,3.34696158763,-400
exec27_edge_x-400,16,7425,0,0,16,0,0,1,0,2.77674280116,-400
exec27_edge_x-400,22,13055,1,0,4,0,0,1,0,2.41049529805,-400
exec27_edge_x-400,10,15728,7,0,4,1,0,1,1,2.55004384776,-400
exec27_edge_x-400,19,15390,5,0,5,0,0,1,0,1.40914655836,-400
exec27_edge_x-400,1,15708,7,0,10,2,0,1,1,4.85655030803,-400
exec27_edge_x-400,22,13035,6,0,9,2,0,1,1,2.11659016971,-400
exec27_edge_x-400,28,14905,2,0,2,0,0,1,0,4.57278888513,-400
exec27_edge_x-400,46,10026,5,0,0,0,0,1,0,2.56410230303,-400
exec27_edge_x-400,40,13416,5,0,0,0,0,1,0,3.58061101455,-400
exec27_edge_x-400,4,14860,1,0,16,0,0,1,0,4.06468471534,-400
exec27_edge_x-400,19,15370,3,0,11,2,0,1,1,4.93093916323,-400
exec27_edge_x-400,31,13871,1,0,2,0,0,1,0,2.7328974081,-400
exec27_edge_x-400,28,14893,3,0,1,0,0,1,0,1.7354492261,-400
exec27_edge_x-400,37,16255,1,0,3,1,0,1,1,2.9012053046,-400
exec27_edge_x-400,46,10005,0,0,22,3,0,1,1,4.76416330932,-400
exec27_edge_x-400,4,14844,7,0,7,0,0,1,1,4.80062261692,-400
exec27_edge_x-400,16,7366,3,0,7,0,0,1,0,9.37656032365,-400
exec27_edge_x-400,19,15345,3,0,4,0,0,1,1,1.69538345652,-400
exec27_edge_x-400,4,14827,0,0,4,0,0,1,0,3.65137237004,-400
exec27_edge_x-400,16,7354,1,0,1,0,0,1,0,2.67164378465,-400
exec27_edge_x-400,13,7200,0,0,2,0,0,1,0,1.41822923918,-400
exec27_edge_x-400,19,15329,4,0,4,0,0,1,0,2.85258817218,-400
exec27_edge_x-400,4,14815,6,0,1,0,0,1,0,5.38948036589,-400
exec27_edge_x-400,25,15254,4,0,0,0,0,1,0,2.19518787988,-400
exec27_edge_x-400,1,15642,2,0,10,3,0,1,1,2.20577836901,-400
exec27_edge_x-400,16,7325,3,0,5,0,0,1,0,2.81466268026,-400
exec27_edge_x-400,7,2382,3,0,3,0,0,1,0,2.83656258422,-400
exec27_edge_x-400,40,13337,7,0,3,0,0,1,0,2.2611713981,-400
exec27_edge_x-400,31,13796,1,0,5,0,0,1,0,5.6106033872,-400
exec27_edge_x-400,37,16192,0,0,6,0,0,1,1,3.15764721433,-400
exec27_edge_x-400,22,12951,1,0,16,5,0,1,1,8.25850845475,-400
exec27_edge_x-400,4,14767,7,0,0,0,0,1,0,2.68744988393,-400
exec27_edge_x-400,16,7302,5,0,4,2,0,1,1,3.59105082777,-400
exec27_edge_x-400,22,12944,0,0,7,0,0,1,0,3.50217409457,-400
exec27_edge_x-400,34,9345,2,0,10,2,0,1,1,5.21401307779,-400
exec27_edge_x-400,4,14753,6,0,9,3,0,1,1,3.43899018439,-400
exec27_edge_x-400,4,14749,5,0,11,0,0,1,1,3.3577518574,-400
exec27_edge_x-400,4,14739,5,0,19,2,0,1,1,4.43681993245,-400
exec27_edge_x-400,31,13752,0,0,4,0,0,1,0,3.59316583228,-400
exec27_edge_x-400,25,15155,5,0,1,0,0,1,0,6.72110901582,-400
exec27_edge_x-400,46,9883,14,1,26,16,0,1,1,6.6545105515,-400
exec27_edge_x-400,19,15232,3,0,17,6,0,1,1,2.41167555022,-400
exec27_edge_x-400,10,15573,4,0,9,0,0,1,0,3.47398431599,-400
exec27_edge_x-400,37,16145,7,0,5,0,0,1,0,2.76609260702,-400
exec27_edge_x-400,7,2311,2,0,1,0,0,1,0,2.97143276536,-400
exec27_edge_x-400,46,9871,7,0,10,0,0,1,0,3.39906784835,-400
exec27_edge_x-400,7,2294,5,0,5,0,0,1,0,2.44037264437,-400
exec27_edge_x-400,19,15210,6,0,6,0,0,1,0,1.74614630001,-400
exec27_edge_x-400,28,14738,7,0,27,8,0,1,1,3.21831008601,-400
exec27_edge_x-400,22,12865,0,0,8,0,0,1,0,1.71866438118,-400
exec27_edge_x-400,37,16128,2,0,1,0,0,1,0,6.45825447955,-400
exec27_edge_x-400,46,9836,4,0,6,0,0,1,0,3.99912169107,-400
exec27_edge_x-400,1,15526,5,0,11,0,0,1,0,3.3765510486,-400
exec27_edge_x-400,46,9831,2,0,14,4,0,1,1,2.59467550728,-400
exec27_edge_x-400,10,15541,1,0,0,0,0,1,0,2.29712860128,-400
exec27_edge_x-400,16,12007,4,0,5,4,0,1,1,2.36348531691,-400
exec27_edge_x-400,43,8096,8,1,10,0,0,1,0,4.8944587513,-400
exec27_edge_x-400,34,9254,4,0,3,0,0,1,0,2.33041295127,-400
exec27_edge_x-400,31,13686,6,0,6,0,0,1,1,3.10009530048,-400
exec27_edge_x-400,13,10606,0,0,10,5,0,1,1,2.39725208243,-400
exec27_edge_x-400,28,14704,4,0,29,7,0,1,1,4.47084449608,-400
exec27_edge_x-400,7,2233,0,0,0,0,0,1,0,2.47036156038,-400
exec27_edge_x-400,4,14643,2,0,13,0,0,1,0,3.00705390823,-400
exec27_edge_x-400,4,14641,1,0,4,0,0,1,0,1.95659351091,-400
exec27_edge_x-400,46,9785,4,0,12,1,0,1,1,3.18925724478,-400
exec27_edge_x-400,4,14637,2,0,5,0,0,1,0,1.58712305461,-400
exec27_edge_x-400,46,9778,3,0,5,4,0,1,1,5.59254610321,-400
exec27_edge_x-400,7,2205,4,0,1,0,0,1,0,1.91819314129,-400
exec27_edge_x-400,10,15478,12,1,28,1,0,1,1,6.04368579525,-400
exec27_edge_x-400,40,13146,4,0,11,0,0,1,0,3.23849172464,-400
exec27_edge_x-400,1,15456,10,1,20,1,0,1,1,6.88661504403,-400
exec27_edge_x-400,10,15475,5,0,15,1,0,1,1,3.71295113271,-400
exec27_edge_x-400,37,16050,6,0,6,0,0,1,0,2.17067255552,-400
exec27_edge_x-400,37,16785,6,0,0,0,0,0,0,6.20014762838,-400
exec27_edge_x-400,37,16048,11,1,5,0,0,1,1,5.12561486931,-400
exec27_edge_x-400,37,16786,11,1,0,0,0,0,0,7.70107919226,-400
exec27_edge_x-400,13,10529,6,0,11,0,0,1,0,5.51490356016,-400
exec27_edge_x-400,1,15441,2,0,11,0,0,1,0,2.3584908724,-400
exec27_edge_x-400,19,15075,5,0,3,0,0,1,0,1.70427041336,-400
exec27_edge_x-400,46,9726,2,0,6,1,0,1,1,7.60607334279,-400
exec27_edge_x-400,22,12725,0,0,4,0,0,1,0,1.30621319381,-400
exec27_edge_x-400,7,2144,5,0,0,0,0,1,0,2.85193932592,-400
exec27_edge_x-400,28,14585,2,0,6,0,0,1,0,1.96866731034,-400
exec27_edge_x-400,46,9714,1,0,4,0,0,1,0,1.90109086654,-400
exec27_edge_x-400,46,9706,3,0,0,0,0,1,0,2.27122323451,-400
exec27_edge_x-400,40,13061,12,1,3,0,0,1,0,4.65480931776,-400
exec27_edge_x-400,28,14563,6,0,20,0,0,1,0,4.05725423507,-400
exec27_edge_x-400,16,11853,0,0,15,0,0,1,1,3.57567331606,-400
exec27_edge_x-400,7,2102,1,0,12,0,0,1,1,2.86679614324,-400
exec27_edge_x-400,7,2096,4,0,9,0,0,1,0,1.84342970119,-400
exec27_edge_x-400,4,14512,7,0,17,5,0,1,1,2.20561439497,-400
exec27_edge_x-400,19,15008,6,0,1,0,0,1,0,3.12608342825,-400
exec27_edge_x-400,22,15759,2,0,0,0,0,1,0,4.77328461287,-400
exec27_edge_x-400,43,7950,4,0,3,0,0,1,0,4.6330701095,-400
exec27_edge_x-400,13,10445,5,0,11,1,0,1,1,4.26689382573,-400
exec27_edge_x-400,25,14942,5,0,5,0,0,1,0,4.08426690872,-400
exec27_edge_x-400,34,9080,2,0,0,0,0,1,1,3.50375728367,-400
exec27_edge_x-400,10,15379,3,0,8,0,0,1,0,2.54895159416,-400
exec27_edge_x-400,43,7948,1,0,6,0,0,1,0,5.91494767541,-400
exec27_edge_x-400,4,14499,13,1,18,0,0,1,0,5.69097952398,-400
exec27_edge_x-400,22,15744,6,0,10,2,0,1,1,2.49729848752,-400
exec27_edge_x-400,28,14523,7,0,7,0,0,1,0,2.07539824627,-400
exec27_edge_x-400,1,15331,2,0,7,0,0,1,0,4.37529360807,-400
exec27_edge_x-400,13,10430,0,0,5,0,0,1,0,1.9387339746,-400
exec27_edge_x-400,7,2037,3,0,2,0,0,1,0,7.74694038575,-400
exec27_edge_x-400,25,14916,1,0,12,0,0,1,1,1.52038660421,-400
exec27_edge_x-400,31,13504,1,0,15,2,0,1,1,2.88353015453,-400
exec27_edge_x-400,25,14911,7,0,24,4,0,1,1,2.48922487268,-400
exec27_edge_x-400,4,14461,3,0,3,0,0,1,0,3.11706683084,-400
exec27_edge_x-400,7,2014,5,0,5,2,0,1,1,4.24937807125,-400
exec27_edge_x-400,25,14901,3,0,6,1,0,1,1,5.534260848,-400
exec27_edge_x-400,4,14448,1,0,9,0,0,1,0,4.58743171797,-400
exec27_edge_x-400,43,7897,2,0,4,0,0,1,0,3.82587265532,-400
exec27_edge_x-400,19,14934,2,0,3,0,0,1,0,4.09383020281,-400
exec27_edge_x-400,7,1999,6,0,8,0,0,1,0,4.05189490785,-400
exec27_edge_x-400,7,1996,5,0,16,0,0,1,1,3.75081016463,-400
exec27_edge_x-400,10,15316,1,0,12,2,0,1,1,3.99115168508,-400
exec27_edge_x-400,25,14872,2,0,12,3,0,1,1,1.76034922577,-400
exec27_edge_x-400,10,15285,5,0,2,0,0,1,0,1.61906406819,-400
exec27_edge_x-400,19,14890,4,0,8,0,0,1,0,2.74024743582,-400
exec27_edge_x-400,19,14886,5,0,1,0,0,1,0,4.22275591223,-400
exec27_edge_x-400,16,11717,6,0,13,3,0,1,1,3.42481239925,-400
exec27_edge_x-400,10,15272,4,0,13,0,0,1,0,2.68727052797,-400
exec27_edge_x-400,10,15271,5,0,17,2,0,1,1,8.58866335436,-400
exec27_edge_x-400,10,15267,0,0,8,0,0,1,0,4.94774492706,-400
exec27_edge_x-400,13,10325,3,0,2,0,0,1,0,8.86390356543,-400
exec27_edge_x-400,1,15211,6,0,13,0,0,1,0,2.13731015559,-400
exec27_edge_x-400,34,12262,2,0,10,0,0,1,0,4.20154693212,-400
exec27_edge_x-400,25,14820,4,0,10,2,0,1,1,1.43272417417,-400
exec27_edge_x-400,28,14400,4,0,4,0,0,1,0,1.98972149551,-400
exec27_edge_x-400,1,15201,3,0,13,2,0,1,1,4.0190350267,-400
exec27_edge_x-400,37,15803,5,0,7,0,0,1,0,3.27644494026,-400
exec27_edge_x-400,34,12228,2,0,7,0,0,1,0,2.99897552564,-400
exec27_edge_x-400,19,14819,4,0,3,2,0,1,1,5.14037091064,-400
exec27_edge_x-400,34,12218,6,0,6,3,0,1,1,5.37121223028,-400
exec27_edge_x-400,1,15177,5,0,15,1,0,1,1,5.84038095607,-400
exec27_edge_x-400,34,12214,5,0,0,0,0,1,0,2.03639567652,-400
exec27_edge_x-400,16,11663,6,0,16,0,0,1,1,2.93010926152,-400
exec27_edge_x-400,25,14791,6,0,9,0,0,1,0,3.49348280353,-400
exec27_edge_x-400,46,14111,15,1,1,0,0,1,0,6.38519602045,-400
exec27_edge_x-400,7,1874,7,0,15,3,0,1,1,2.75743210187,-400
exec27_edge_x-400,1,15163,15,1,9,0,0,1,0,4.46002446789,-400
exec27_edge_x-400,25,14777,3,0,8,0,0,1,1,4.68658891087,-400
exec27_edge_x-400,43,7772,1,0,6,0,0,1,0,4.68446739846,-400
exec27_edge_x-400,34,12188,7,0,1,3,0,1,1,1.66600810798,-400
exec27_edge_x-400,19,14793,4,0,1,0,0,1,0,3.57029492741,-400
exec27_edge_x-400,40,12827,3,0,0,0,0,1,0,3.22972911664,-400
exec27_edge_x-400,31,13335,0,0,17,5,0,1,1,3.88432410147,-400
exec27_edge_x-400,22,15573,2,0,18,7,0,1,1,4.5801490717,-400
exec27_edge_x-400,37,15754,1,0,2,0,0,1,0,4.8156873748,-400
exec27_edge_x-400,13,10247,6,0,5,0,0,1,0,2.77545543249,-400
exec27_edge_x-400,37,15743,12,1,6,0,0,1,0,4.04648011816,-400
exec27_edge_x-400,19,14774,7,0,12,4,0,1,1,1.7405060821,-400
exec27_edge_x-400,16,11620,2,0,9,0,0,1,0,3.38555146855,-400
exec27_edge_x-400,7,1829,1,0,6,0,0,1,0,5.35881929478,-400
exec27_edge_x-400,19,14758,15,1,10,1,0,1,1,4.67534982504,-400
exec27_edge_x-400,28,14302,0,0,17,0,0,1,0,5.61834132201,-400
exec27_edge_x-400,13,10232,11,1,12,0,0,1,0,7.10345040351,-400
exec27_edge_x-400,7,1818,3,0,6,1,0,1,1,3.67206585727,-400
exec27_edge_x-400,7,1816,0,0,6,5,0,1,1,4.71005428188,-400
exec27_edge_x-400,1,15100,8,1,20,2,0,1,1,6.14495156476,-400
exec27_edge_x-400,37,15710,4,0,15,1,0,1,1,5.56360738559,-400
exec27_edge_x-400,22,15540,1,0,2,0,0,1,0,2.59894049953,-400
exec27_edge_x-400,1,15095,6,0,7,0,0,1,0,2.67874902911,-400
exec27_edge_x-400,13,10200,5,0,11,2,0,1,1,4.11662555678,-400
exec27_edge_x-400,25,14701,4,0,7,1,0,1,1,1.75318180307,-400
exec27_edge_x-400,4,14256,2,0,14,0,0,1,1,2.23582952257,-400
exec27_edge_x-400,10,15117,11,1,23,2,0,1,1,7.25532215084,-400
exec27_edge_x-400,13,10193,6,0,2,0,0,1,1,2.93407842042,-400
exec27_edge_x-400,28,14258,2,0,0,0,0,1,1,2.5842307227,-400
exec27_edge_x-400,34,12095,1,0,8,2,0,1,1,3.89777902935,-400
exec27_edge_x-400,1,15053,2,0,6,0,0,1,0,2.55979569075,-400
exec27_edge_x-400,22,15497,2,0,8,0,0,1,1,2.64611364744,-400
exec27_edge_x-400,37,15657,1,0,2,0,0,1,0,4.60472232217,-400
exec27_edge_x-400,13,10155,4,0,5,0,0,1,0,2.95673258191,-400
exec27_edge_x-400,37,15648,2,0,0,0,0,1,0,4.09576033583,-400
exec27_edge_x-400,4,14226,7,0,6,0,0,1,1,4.65144753312,-400
exec27_edge_x-400,43,7642,0,0,12,1,0,1,1,2.08837861974,-400
exec27_edge_x-400,34,12046,2,0,14,0,0,1,0,10.0269025028,-400
exec27_edge_x-400,4,14209,4,0,6,0,0,1,0,5.58588433904,-400
exec27_edge_x-400,7,1739,4,0,8,0,0,1,0,3.06168821305,-400
exec27_edge_x-400,16,11519,1,0,8,1,0,1,1,1.98364497498,-400
exec27_edge_x-400,19,14650,2,0,8,0,0,1,0,4.10847765229,-400
exec27_edge_x-400,46,13954,5,0,19,2,0,1,1,3.37311278984,-400
exec27_edge_x-400,31,13205,6,0,20,5,0,1,1,4.89572814508,-400
exec27_edge_x-400,10,15052,5,0,5,0,0,1,0,2.29876201199,-400
exec27_edge_x-400,10,15884,5,0,0,0,0,0,0,4.21705928197,-400
exec27_edge_x-400,28,14190,7,0,17,3,0,1,1,2.90440898124,-400
exec27_edge_x-400,19,14633,0,0,6,0,0,1,1,3.36195442685,-400
exec27_edge_x-400,16,11497,7,0,7,0,0,1,1,7.62909063059,-400
exec27_edge_x-400,34,12014,6,0,20,7,0,1,1,6.67195939522,-400
exec27_edge_x-400,37,15595,1,0,0,0,0,1,0,3.81092972337,-400
exec27_edge_x-400,7,1706,7,0,11,0,0,1,0,1.71096749055,-400
exec27_edge_x-400,43,7602,6,0,3,0,0,1,0,3.62615798147,-400
exec27_edge_x-400,22,15424,4,0,20,0,0,1,0,6.24190677465,-400
exec27_edge_x-400,34,12006,5,0,1,0,0,1,0,3.01694643245,-400
exec27_edge_x-400,25,14580,8,1,5,0,0,1,0,4.89830717035,-400
exec27_edge_x-400,19,14609,6,0,4,0,0,1,0,3.10154772699,-400
exec27_edge_x-400,19,14603,1,0,8,0,0,1,0,2.56716783456,-400
exec27_edge_x-400,37,15577,0,0,8,0,0,1,0,2.71212731493,-400
exec27_edge_x-400,22,15402,6,0,1,0,0,1,0,3.94427923397,-400
exec27_edge_x-400,1,14944,5,0,14,9,0,1,1,4.81430414297,-400
exec27_edge_x-400,28,14122,0,0,21,12,0,1,1,4.00990785999,-400
exec27_edge_x-400,46,13896,1,0,13,6,0,1,1,3.2713147549,-400
exec27_edge_x-400,10,14963,5,0,5,0,0,1,0,3.52896091108,-400
exec27_edge_x-400,7,1647,4,0,11,2,0,1,1,3.12385586097,-400
exec27_edge_x-400,22,15361,7,0,6,7,0,1,1,2.8253605633,-400
exec27_edge_x-400,28,14103,3,0,11,3,0,1,1,7.35189307418,-400
exec27_edge_x-400,46,13868,3,0,5,0,0,1,0,5.04933719022,-400
exec27_edge_x-400,34,11933,3,0,22,5,0,1,1,3.42021496753,-400
exec27_edge_x-400,4,14117,2,0,5,4,0,1,1,2.85117394161,-400
exec27_edge_x-400,16,11415,7,0,14,1,0,1,1,2.57533860115,-400
exec27_edge_x-400,22,15342,2,0,20,0,0,1,1,4.44951486448,-400
exec27_edge_x-400,16,11407,0,0,1,0,0,1,0,2.14146468772,-400
exec27_edge_x-400,16,11404,6,0,9,4,0,1,1,4.82982679137,-400
exec27_edge_x-400,7,1618,0,0,17,4,0,1,1,2.77384138746,-400
exec27_edge_x-400,13,10005,7,0,12,5,0,1,1,2.22763271776,-400
exec27_edge_x-400,31,13084,1,0,6,0,0,1,0,2.50130714255,-400
exec27_edge_x-400,25,14483,2,0,9,1,0,1,1,1.84703052522,-400
exec27_edge_x-400,16,11382,6,0,6,0,0,1,0,2.14212113676,-400
exec27_edge_x-400,34,11900,3,0,11,0,0,1,0,1.41496511971,-400
exec27_edge_x-400,16,11362,7,0,9,0,0,1,1,2.38744123063,-400
exec27_edge_x-400,37,15474,6,0,5,0,0,1,0,4.553932054,-400
exec27_edge_x-400,1,14877,4,0,7,0,0,1,0,3.40768218145,-400
exec27_edge_x-400,16,11359,3,0,6,0,0,1,0,2.87432557191,-400
exec27_edge_x-400,4,14052,4,0,11,0,0,1,0,2.11341143155,-400
exec27_edge_x-400,28,14019,3,0,15,0,0,1,0,3.48433299393,-400
exec27_edge_x-400,22,15282,4,0,25,13,0,1,1,7.22008923505,-400
exec27_edge_x-400,1,14835,1,0,8,0,0,1,0,1.89887144729,-400
exec27_edge_x-400,7,1519,12,1,11,0,0,1,0,4.07044220322,-400
exec27_edge_x-400,25,14418,6,0,7,0,0,1,0,8.47841020502,-400
exec27_edge_x-400,37,15411,0,0,18,3,0,1,1,4.57817177023,-400
exec27_edge_x-400,10,14848,3,0,6,6,0,1,1,2.96826717183,-400
exec27_edge_x-400,46,13749,15,1,16,4,0,1,1,7.2180639731,-400
exec27_edge_x-400,19,14434,1,0,6,0,0,1,0,1.66240043661,-400
exec27_edge_x-400,43,7400,7,0,17,2,0,1,1,3.55794563571,-400
exec27_edge_x-400,31,12994,2,0,14,6,0,1,1,6.94303436378,-400
exec27_edge_x-400,31,14203,2,0,0,0,0,0,0,10.2177735308,-400
exec27_edge_x-400,10,14828,4,0,6,0,0,1,0,2.78663164042,-400
exec27_edge_x-400,31,12984,5,0,9,0,0,1,1,4.58981518331,-400
exec27_edge_x-400,19,14414,0,0,4,0,0,1,0,8.44199565936,-400
exec27_edge_x-400,31,12980,0,0,15,2,0,1,1,1.7325911696,-400
exec27_edge_x-400,19,14403,0,0,15,0,0,1,0,2.0132366906,-400
exec27_edge_x-400,31,12973,0,0,3,0,0,1,0,4.40416974045,-400
exec27_edge_x-400,7,5337,0,0,0,0,0,0,0,7.29019520002,-400
exec27_edge_x-400,43,7366,1,0,12,3,0,1,1,1.40805734907,-400
exec27_edge_x-400,31,12955,0,0,6,0,0,1,0,4.5953505981,-400
exec27_edge_x-400,40,12428,7,0,9,0,0,1,0,1.712501286,-400
exec27_edge_x-400,16,11258,3,0,17,11,0,1,1,6.68423441012,-400
exec27_edge_x-400,13,9861,0,0,0,0,0,1,0,1.87607834073,-400
exec27_edge_x-400,37,15358,7,0,2,0,0,1,0,7.7208254998,-400
exec27_edge_x-400,1,14755,1,0,15,5,0,1,1,5.30113957864,-400
exec27_edge_x-400,13,9858,5,0,6,0,0,1,0,1.70651256971,-400
exec27_edge_x-400,34,11756,6,0,0,0,0,0,0,13.1391250241,-400
exec27_edge_x-400,22,15192,4,0,0,0,0,1,0,4.0541674208,-400
exec27_edge_x-400,40,12371,3,0,2,0,0,1,0,1.46184219135,-400
exec27_edge_x-400,40,14014,3,0,0,0,0,0,0,4.85848607857,-400
exec27_edge_x-400,7,5309,5,0,10,0,0,1,0,4.64437803921,-400
exec27_edge_x-400,37,15295,4,0,7,0,0,1,1,2.49747152791,-400
exec27_edge_x-400,37,15294,7,0,8,0,0,1,1,2.4705353411,-400
exec27_edge_x-400,46,13632,7,0,7,0,0,1,0,2.72214838314,-400
exec27_edge_x-400,7,5268,4,0,13,0,0,1,0,1.56867765597,-400
exec27_edge_x-400,37,15261,4,0,11,0,0,1,0,1.27716018504,-400
exec27_edge_x-400,37,15253,0,0,9,0,0,1,0,1.27966110323,-400
exec27_edge_x-400,37,15245,0,0,8,2,0,1,1,1.46401998529,-400
exec27_edge_x-400,34,11672,0,0,0,0,0,0,0,3.2041562549,-400
exec27_edge_x-400,7,5243,7,0,3,0,0,1,0,8.70960500655,-400
exec27_edge_x-400,1,14655,7,0,2,0,0,1,0,2.05352655166,-400
exec27_edge_x-400,34,11657,7,0,11,0,0,1,1,3.61950551707,-400
exec27_edge_x-400,4,16825,2,0,11,0,0,1,0,3.47094361522,-400
exec27_edge_x-400,22,15080,15,1,17,0,0,1,0,5.70253366496,-400
exec27_edge_x-400,13,9733,6,0,6,0,0,1,0,3.37116425508,-400
exec27_edge_x-400,34,11646,2,0,2,0,0,1,0,5.43708417994,-400
exec27_edge_x-400,10,14663,5,0,3,0,0,1,0,2.09976303677,-400
exec27_edge_x-400,40,15988,5,0,4,0,0,1,0,2.94414349474,-400
exec27_edge_x-400,10,14658,1,0,31,18,0,1,1,2.59447737131,-400
exec27_edge_x-400,10,14650,6,0,8,0,0,1,0,2.63785107156,-400
exec27_edge_x-400,13,9712,4,0,8,0,0,1,0,4.21704062225,-400
exec27_edge_x-400,19,14227,0,0,9,3,0,1,1,4.03195860589,-400
exec27_edge_x-400,37,17184,3,0,10,1,0,1,1,2.75459929392,-400
exec27_edge_x-400,37,17171,5,0,12,3,0,1,1,3.48002294267,-400
exec27_edge_x-400,25,14211,0,0,11,5,0,1,1,3.98981764301,-400
exec27_edge_x-400,22,15032,3,0,9,5,0,1,1,2.40409839088,-400
exec27_edge_x-400,31,12777,3,0,2,0,0,1,0,2.65178012006,-400
exec27_edge_x-400,7,5159,4,0,0,0,0,1,0,4.57628946868,-400
exec27_edge_x-400,34,12473,0,0,10,0,0,1,1,3.28698691819,-400
exec27_edge_x-400,4,16774,3,0,1,0,0,1,0,1.54563901157,-400
exec27_edge_x-400,46,13554,4,0,0,0,0,1,0,3.75919571237,-400
exec27_edge_x-400,40,15959,1,0,15,0,0,1,0,2.04866455591,-400
exec27_edge_x-400,22,15028,5,0,7,0,0,1,0,4.4726652195,-400
exec27_edge_x-400,22,15024,6,0,5,0,0,1,0,2.74045661754,-400
exec27_edge_x-400,28,13743,2,0,16,3,0,1,1,2.75171571635,-400
exec27_edge_x-400,1,14553,8,1,7,0,0,1,0,7.45526814627,-400
exec27_edge_x-400,4,16705,1,0,5,2,0,1,1,4.40354654093,-400
exec27_edge_x-400,43,9863,6,0,0,0,0,1,1,3.41577528081,-400
exec27_edge_x-400,34,12401,0,0,25,3,0,1,1,4.01074285302,-400
exec27_edge_x-400,22,14942,1,0,6,0,0,1,0,7.20919552795,-400
exec27_edge_x-400,4,16685,7,0,1,0,0,1,0,3.40304021668,-400
exec27_edge_x-400,46,13472,0,0,6,0,0,1,0,1.36597418846,-400
exec27_edge_x-400,13,9617,0,0,8,4,0,1,1,4.30876019919,-400
exec27_edge_x-400,46,13458,0,0,7,2,0,1,1,3.34358079805,-400
exec27_edge_x-400,40,15854,7,0,3,1,0,1,1,3.12582332249,-400
exec27_edge_x-400,37,17033,2,0,13,0,0,1,1,6.6610825026,-400
exec27_edge_x-400,34,12354,3,0,15,2,0,1,1,2.8150771062,-400
exec27_edge_x-400,40,15832,5,0,10,0,0,1,0,3.70828659004,-400
exec27_edge_x-400,10,14494,2,0,4,0,0,1,0,2.97310150456,-400
exec27_edge_x-400,19,14073,3,0,6,0,0,1,0,2.1761797701,-400
exec27_edge_x-400,22,14868,7,0,0,0,0,1,1,2.08752811654,-400
exec27_edge_x-400,4,16611,4,0,9,2,0,1,1,2.38615773882,-400
exec27_edge_x-400,22,14864,6,0,1,0,0,1,0,2.64568541433,-400
exec27_edge_x-400,25,14044,3,0,10,0,0,1,0,3.72638657071,-400
exec27_edge_x-400,16,10919,1,0,12,0,0,1,0,4.33596163624,-400
exec27_edge_x-400,46,13385,7,0,5,0,0,1,0,3.54181211965,-400
exec27_edge_x-400,46,13378,6,0,5,0,0,1,0,3.14101601529,-400
exec27_edge_x-400,31,12624,4,0,8,0,0,1,0,3.86113011941,-400
exec27_edge_x-400,19,14022,7,0,4,0,0,1,0,2.09780867261,-400
exec27_edge_x-400,13,9534,7,0,3,0,0,1,0,1.8269575681,-400
exec27_edge_x-400,28,13559,0,0,3,0,0,1,0,6.5243749051,-400
exec27_edge_x-400,28,13553,6,0,5,0,0,1,1,2.0629305613,-400
exec27_edge_x-400,22,14809,2,0,9,6,0,1,1,3.07663140611,-400
exec27_edge_x-400,13,9522,1,0,7,0,0,1,1,2.29455073018,-400
exec27_edge_x-400,40,15762,1,0,5,0,0,1,0,1.89379396051,-400
exec27_edge_x-400,43,9712,5,0,11,0,0,1,0,3.5162087384,-400
exec27_edge_x-400,1,14382,2,0,5,0,0,1,0,2.63212129649,-400
exec27_edge_x-400,40,15748,5,0,3,0,0,1,0,2.05826490696,-400
exec27_edge_x-400,7,4929,7,0,1,0,0,1,0,4.97236016508,-400
exec27_edge_x-400,34,13960,2,0,12,0,0,1,0,3.40212592717,-400
exec27_edge_x-400,25,13945,5,0,14,4,0,1,1,3.03286017759,-400
exec27_edge_x-400,16,10819,0,0,17,3,0,1,1,2.41502868977,-400
exec27_edge_x-400,46,13296,6,0,12,0,0,1,0,2.83404108036,-400
exec27_edge_x-400,13,9474,5,0,15,3,0,1,1,2.17455170353,-400
exec27_edge_x-400,40,15716,2,0,4,0,0,1,0,5.54881342435,-400
exec27_edge_x-400,28,13498,1,0,10,0,0,1,0,2.80653132492,-400
exec27_edge_x-400,4,16506,2,0,2,0,0,1,0,1.94473747126,-400
exec27_edge_x-400,28,13494,4,0,8,0,0,1,0,2.07701076192,-400
exec27_edge_x-400,10,14385,0,0,10,2,0,1,1,2.06379251112,-400
exec27_edge_x-400,31,12544,0,0,11,1,0,1,1,1.87581050031,-400
exec27_edge_x-400,7,4897,4,0,4,1,0,1,1,4.20615702356,-400
exec27_edge_x-400,40,15707,0,0,10,8,0,1,1,2.63171507256,-400
exec27_edge_x-400,46,13273,4,0,4,0,0,1,0,4.37719049427,-400
exec27_edge_x-400,19,13932,3,0,11,0,0,1,0,2.82488001043,-400
exec27_edge_x-400,40,15703,3,0,11,0,0,1,0,2.58147595068,-400
exec27_edge_x-400,34,13925,2,0,1,0,0,1,0,3.0086454645,-400
exec27_edge_x-400,7,4884,6,0,10,0,0,1,0,5.14095862893,-400
exec27_edge_x-400,34,13916,4,0,13,5,0,1,1,4.14693879485,-400
exec27_edge_x-400,28,13452,5,0,11,0,0,1,0,4.8570546744,-400
exec27_edge_x-400,40,15679,10,1,19,0,0,1,0,6.45095287462,-400
exec27_edge_x-400,4,16452,1,0,6,0,0,1,0,2.9703191412,-400
exec27_edge_x-400,31,12487,4,0,12,2,0,1,1,3.24565366577,-400
exec27_edge_x-400,25,13877,7,0,7,1,0,1,1,2.25565398204,-400
exec27_edge_x-400,37,16813,1,0,8,0,0,1,0,2.71614852149,-400
exec27_edge_x-400,22,14693,3,0,5,0,0,1,0,6.14182315627,-400
exec27_edge_x-400,25,13859,6,0,4,0,0,1,0,4.60403732371,-400
exec27_edge_x-400,4,16426,3,0,9,3,0,1,1,1.84877763572,-400
exec27_edge_x-400,46,13221,6,0,18,4,0,1,1,2.63762182545,-400
exec27_edge_x-400,28,13371,1,0,5,2,0,1,1,1.31669239119,-400
exec27_edge_x-400,46,13209,3,0,3,0,0,1,0,3.00104426718,-400
exec27_edge_x-400,38,1651,2,0,17,2,0,1,1,2.77506124708,-400
exec27_edge_x-400,7,4810,4,0,2,0,0,1,0,4.45775452278,-400
exec27_edge_x-400,25,13838,3,0,7,2,0,1,1,2.86879911417,-400
exec27_edge_x-400,43,9586,15,1,6,1,0,1,1,4.87702605514,-400
exec27_edge_x-400,31,12444,0,0,4,0,0,1,1,4.59738362832,-400
exec27_edge_x-400,13,9367,6,0,10,0,0,1,0,2.18595015028,-400
exec27_edge_x-400,4,16394,6,0,3,0,0,1,0,1.88608839038,-400
exec27_edge_x-400,10,17468,0,0,7,0,0,1,0,3.23709576313,-400
exec27_edge_x-400,40,15600,0,0,4,0,0,1,0,5.38946352856,-400
exec27_edge_x-400,7,4767,6,0,7,0,0,1,0,1.83701999583,-400
exec27_edge_x-400,19,17717,3,0,9,0,0,1,0,2.11362444931,-400
exec27_edge_x-400,10,17449,4,0,4,0,0,1,0,4.51839072588,-400
exec27_edge_x-400,28,16568,1,0,0,0,0,1,0,4.21930169405,-400
exec27_edge_x-400,16,10684,4,0,10,0,0,1,0,4.53824174833,-400
exec27_edge_x-400,19,17708,4,0,6,0,0,1,0,4.35304449285,-400
exec27_edge_x-400,13,9327,1,0,9,3,0,1,1,12.637554791,-400
exec27_edge_x-400,25,13767,1,0,13,4,0,1,1,1.97380333598,-400
exec27_edge_x-400,7,4746,4,0,7,0,0,1,1,6.22270993373,-400
exec27_edge_x-400,19,17701,6,0,22,5,0,1,1,7.67215744478,-400
exec27_edge_x-400,4,16323,1,0,12,0,0,1,0,3.20907336261,-400
exec27_edge_x-400,28,16545,6,0,7,0,0,1,1,3.91587092238,-400
exec27_edge_x-400,4,16311,6,0,29,6,0,1,1,2.72358089944,-400
exec27_edge_x-400,46,13140,5,0,6,0,0,1,0,4.49393200196,-400
exec27_edge_x-400,16,10652,5,0,9,3,0,1,1,4.6932357932,-400
exec27_edge_x-400,16,10650,0,0,11,1,0,1,1,2.43468670508,-400
exec27_edge_x-400,38,1559,1,0,15,0,0,1,1,2.27035897821,-400
exec27_edge_x-400,13,9306,2,0,21,9,0,1,1,11.7197848778,-400
exec27_edge_x-400,4,16302,0,0,5,2,0,1,1,5.15009352358,-400
exec27_edge_x-400,7,4720,0,0,14,2,0,1,1,4.71559542276,-400
exec27_edge_x-400,22,14580,4,0,3,0,0,1,0,3.6546725444,-400
exec27_edge_x-400,19,17658,2,0,1,0,0,1,0,2.1700985875,-400
exec27_edge_x-400,43,9486,4,0,5,0,0,1,1,1.35705852812,-400
exec27_edge_x-400,7,4708,6,0,6,0,0,1,0,3.72576282412,-400
exec27_edge_x-400,31,12361,4,0,6,0,0,1,0,1.67205092425,-400
exec27_edge_x-400,40,15539,6,0,1,0,0,1,0,3.54181042184,-400
exec27_edge_x-400,4,16269,5,0,13,0,0,1,0,3.12881995625,-400
exec27_edge_x-400,16,10613,1,0,13,6,0,1,1,3.22222293447,-400
exec27_edge_x-400,16,10603,2,0,6,0,0,1,0,2.39564882013,-400
exec27_edge_x-400,10,17375,1,0,20,0,0,1,0,3.84318546095,-400
exec27_edge_x-400,10,17358,6,0,7,0,0,1,0,6.20827189881,-400
exec27_edge_x-400,1,16350,2,0,10,1,0,1,1,2.55197528772,-400
exec27_edge_x-400,28,16477,2,0,3,0,0,1,1,3.72805814035,-400
exec27_edge_x-400,7,4671,1,0,5,0,0,1,0,3.1816413461,-400
exec27_edge_x-400,4,16238,4,0,6,0,0,1,0,2.65803013805,-400
exec27_edge_x-400,16,10570,1,0,0,0,0,1,0,2.18621324691,-400
exec27_edge_x-400,10,17344,1,0,9,0,0,1,0,5.80463166516,-400
exec27_edge_x-400,16,10563,4,0,13,3,0,1,1,2.82707849267,-400
exec27_edge_x-400,7,4647,2,0,4,4,0,1,1,1.8718196411,-400
exec27_edge_x-400,10,17330,6,0,13,1,0,1,1,4.03326085408,-400
exec27_edge_x-400,22,14507,4,0,16,0,0,1,0,1.93671573823,-400
exec27_edge_x-400,1,16313,1,0,9,0,0,1,0,2.11099608919,-400
exec27_edge_x-400,43,9406,5,0,5,0,0,1,0,4.98555415002,-400
exec27_edge_x-400,28,16426,7,0,2,0,0,1,1,1.59229018722,-400
exec27_edge_x-400,19,17563,0,0,4,0,0,1,1,7.27735044148,-400
exec27_edge_x-400,22,14480,6,0,8,1,0,1,1,2.16259233627,-400
exec27_edge_x-400,40,15457,6,0,8,7,0,1,1,2.57330804742,-400
exec27_edge_x-400,16,10505,0,0,12,1,0,1,1,4.12429642906,-400
exec27_edge_x-400,22,14432,4,0,24,4,0,1,1,1.82727183235,-400
exec27_edge_x-400,43,9361,2,0,0,0,0,0,0,3.25563220963,-400
exec27_edge_x-400,1,16261,7,0,12,2,0,1,1,7.557464467,-400
exec27_edge_x-400,31,12243,6,0,16,5,0,1,1,3.99356592854,-400
exec27_edge_x-400,38,1413,0,0,13,6,0,1,1,2.78386925737,-400
exec27_edge_x-400,16,10477,3,0,3,1,0,1,1,9.63776813532,-400
exec27_edge_x-400,22,14387,15,1,7,0,0,1,0,3.93420514145,-400
exec27_edge_x-400,25,13569,5,0,2,4,0,1,1,1.37832969329,-400
exec27_edge_x-400,40,15405,5,0,0,0,0,1,0,1.99601354591,-400
exec27_edge_x-400,7,4557,4,0,15,2,0,1,1,2.62720196267,-400
exec27_edge_x-400,43,9341,7,0,21,0,0,1,1,1.81405486895,-400
exec27_edge_x-400,25,13543,6,0,10,0,0,1,1,1.39935904965,-400
exec27_edge_x-400,46,12959,0,0,10,0,0,1,0,4.11272451922,-400
exec27_edge_x-400,34,13626,7,0,0,0,0,1,0,1.58583936327,-400
exec27_edge_x-400,25,13535,6,0,4,0,0,1,0,1.41972201524,-400
exec27_edge_x-400,4,16131,7,0,4,3,0,1,1,3.81609324832,-400
exec27_edge_x-400,1,16228,7,0,3,0,0,1,0,4.9354614677,-400
exec27_edge_x-400,38,1377,4,0,5,0,0,1,0,2.75368519413,-400
exec27_edge_x-400,46,12936,5,0,1,0,0,1,0,1.98126412494,-400
exec27_edge_x-400,10,17215,7,0,4,0,0,1,0,4.17463202415,-400
exec27_edge_x-400,16,10440,0,0,17,2,0,1,1,2.84794375302,-400
exec27_edge_x-400,38,1348,3,0,6,0,0,1,0,3.34134291211,-400
exec27_edge_x-400,4,16093,0,0,2,0,0,1,0,7.14054959248,-400
exec27_edge_x-400,7,4500,5,0,12,3,0,1,1,2.71697574398,-400
exec27_edge_x-400,25,18032,3,0,2,0,0,1,0,2.2194940559,-400
exec27_edge_x-400,38,1314,6,0,0,0,0,1,0,2.50499054124,-400
exec27_edge_x-400,13,9047,1,0,10,0,0,1,0,3.36248051906,-400
exec27_edge_x-400,28,16303,3,0,4,0,0,1,0,3.57785910074,-400
exec27_edge_x-400,22,16054,7,0,1,0,0,1,0,2.3711501515,-400
exec27_edge_x-400,31,12156,1,0,10,0,0,1,0,2.3308674641,-400
exec27_edge_x-400,7,4478,1,0,4,2,0,1,1,8.13897801545,-400
exec27_edge_x-400,7,4473,0,0,8,0,0,1,0,4.1499964205,-400
exec27_edge_x-400,31,12146,4,0,29,2,0,1,1,4.15533877952,-400
exec27_edge_x-400,4,16036,0,0,3,0,0,1,0,3.47195642356,-400
exec27_edge_x-400,25,17943,6,0,5,0,0,1,0,6.80138776899,-400
exec27_edge_x-400,46,12813,7,0,7,0,0,1,1,6.11584903733,-400
exec27_edge_x-400,38,1226,0,0,1,0,0,1,0,3.48032894053,-400
exec27_edge_x-400,16,13880,2,0,4,0,0,1,0,1.92077778313,-400
exec27_edge_x-400,43,9182,4,0,5,2,0,1,1,4.93659480455,-400
exec27_edge_x-400,16,13876,3,0,2,0,0,1,0,3.77711761427,-400
exec27_edge_x-400,2,1325,1,0,8,0,0,1,0,1.56247147005,-400
exec27_edge_x-400,25,17912,13,1,15,0,0,1,1,4.79081123025,-400
exec27_edge_x-400,46,12748,2,0,7,0,0,1,0,1.26236283819,-400
exec27_edge_x-400,2,1313,8,1,21,2,0,1,1,5.344850362,-400
exec27_edge_x-400,4,15970,2,0,15,2,0,1,1,2.40248010371,-400
exec27_edge_x-400,7,4360,4,0,16,2,0,1,1,2.70777702047,-400
exec27_edge_x-400,4,15965,0,0,22,4,0,1,1,2.89607910308,-400
exec27_edge_x-400,19,17291,7,0,10,0,0,1,0,5.0392701252,-400
exec27_edge_x-400,46,12723,1,0,0,0,0,1,0,1.30620895017,-400
exec27_edge_x-400,34,13423,0,0,13,0,0,1,0,5.111343706,-400
exec27_edge_x-400,25,17876,4,0,9,0,0,1,0,4.91898816415,-400
exec27_edge_x-400,16,13822,2,0,2,0,0,1,0,2.25908362324,-400
exec27_edge_x-400,31,12044,0,0,13,2,0,1,1,4.98299693895,-400
exec27_edge_x-400,16,13817,4,0,4,0,0,1,0,2.8919629208,-400
exec27_edge_x-400,43,9134,7,0,9,0,0,1,0,2.83013768838,-400
exec27_edge_x-400,2,1262,5,0,10,0,0,1,0,3.80526281646,-400
exec27_edge_x-400,10,17014,4,0,17,4,0,1,1,3.43457550618,-400
exec27_edge_x-400,28,16186,0,0,16,5,0,1,1,2.42069675936,-400
exec27_edge_x-400,25,17847,0,0,24,2,0,1,1,4.4738362978,-400
exec27_edge_x-400,4,15916,4,0,1,0,0,1,0,2.17720638214,-400
exec27_edge_x-400,28,16179,6,0,1,0,0,1,0,2.2811690984,-400
exec27_edge_x-400,43,9121,6,0,4,0,0,1,0,1.9679979185,-400
exec27_edge_x-400,10,17008,3,0,6,0,0,1,0,5.02600032373,-400
exec27_edge_x-400,13,12162,3,0,18,3,0,1,1,2.7814546712,-400
exec27_edge_x-400,2,1249,3,0,13,4,0,1,1,2.26799678723,-400
exec27_edge_x-400,10,17005,7,0,20,3,0,1,1,2.84210560108,-400
exec27_edge_x-400,28,16164,7,0,12,3,0,1,1,5.9625594692,-400
exec27_edge_x-400,40,15165,2,0,5,1,0,1,1,4.45818097952,-400
exec27_edge_x-400,7,4300,5,0,4,0,0,1,0,5.85745031093,-400
exec27_edge_x-400,7,4299,5,0,18,3,0,1,1,6.24475190128,-400
exec27_edge_x-400,46,15682,0,0,2,0,0,1,0,2.55686989143,-400
exec27_edge_x-400,34,13370,2,0,8,4,0,1,1,2.71406753148,-400
exec27_edge_x-400,4,15901,2,0,9,1,0,1,1,5.51815093752,-400
exec27_edge_x-400,10,16991,4,0,7,1,0,1,1,6.50727480063,-400
exec27_edge_x-400,10,16989,6,0,9,2,0,1,1,7.21306062383,-400
exec27_edge_x-400,43,9098,5,0,4,1,0,1,1,2.71956588373,-400
exec27_edge_x-400,28,16143,1,0,19,1,0,1,1,3.27944900292,-400
exec27_edge_x-400,10,16973,6,0,2,0,0,1,0,4.39407445822,-400
exec27_edge_x-400,19,17208,1,0,8,5,0,1,1,3.12545712138,-400
exec27_edge_x-400,22,15841,1,0,10,0,0,1,0,3.42969461326,-400
exec27_edge_x-400,7,4277,4,0,5,0,0,1,0,3.30819938772,-400
exec27_edge_x-400,25,17782,4,0,9,1,0,1,1,2.32801486652,-400
exec27_edge_x-400,13,12105,3,0,0,0,0,1,0,2.66274137735,-400
exec27_edge_x-400,43,9064,3,0,0,0,0,0,0,5.1615174982,-400
exec27_edge_x-400,28,16105,1,0,6,0,0,1,0,1.74031404081,-400
exec27_edge_x-400,22,15805,0,0,15,3,0,1,1,1.31539558346,-400
exec27_edge_x-400,16,13720,0,0,21,2,0,1,1,2.36884875653,-400
exec27_edge_x-400,46,15623,5,0,31,2,0,1,1,3.5303906639,-400
exec27_edge_x-400,16,13712,6,0,3,0,0,1,0,5.13014301528,-400
exec27_edge_x-400,40,15084,3,0,3,0,0,1,0,2.5472311196,-400
exec27_edge_x-400,23,1763,1,0,0,0,0,1,1,3.12325035815,-400
exec27_edge_x-400,23,1747,9,1,21,0,0,1,0,8.40936521336,-400
exec27_edge_x-400,31,16191,3,0,24,8,0,1,1,2.44004659681,-400
exec27_edge_x-400,23,1744,1,0,12,0,0,1,0,6.02063956802,-400
exec27_edge_x-400,7,4214,3,0,6,0,0,1,1,3.6918184481,-400
exec27_edge_x-400,25,17701,2,0,14,4,0,1,1,3.25675508541,-400
exec27_edge_x-400,10,16875,6,0,1,0,0,1,0,2.43566782971,-400
exec27_edge_x-400,31,16166,5,0,0,0,0,0,0,3.61148791785,-400
exec27_edge_x-400,10,16870,6,0,19,5,0,1,1,4.56118167981,-400
exec27_edge_x-400,43,9002,4,0,8,0,0,1,0,1.97054839933,-400
exec27_edge_x-400,43,8998,1,0,7,0,0,1,0,5.84064343806,-400
exec27_edge_x-400,31,16150,7,0,18,2,0,1,1,2.33333088097,-400
exec27_edge_x-400,46,15544,1,0,10,0,0,1,0,3.3504334995,-400
exec27_edge_x-400,2,1105,7,0,10,2,0,1,1,6.86821212756,-400
exec27_edge_x-400,2,1103,6,0,5,0,0,1,0,5.39683268786,-400
exec27_edge_x-400,7,4178,4,0,5,0,0,1,1,7.57474888135,-400
exec27_edge_x-400,23,1690,1,0,2,0,0,1,0,2.32037709918,-400
exec27_edge_x-400,28,15998,5,0,1,0,0,1,0,4.35986867057,-400
exec27_edge_x-400,28,15992,6,0,11,5,0,1,1,5.18723704302,-400
exec27_edge_x-400,4,15742,5,0,19,3,0,1,1,3.92475577758,-400
exec27_edge_x-400,43,8961,4,0,19,0,0,1,0,6.50556311946,-400
exec27_edge_x-400,40,15006,0,0,10,0,0,1,0,5.26408499036,-400
exec27_edge_x-400,34,13216,3,0,2,0,0,1,0,3.78209612181,-400
exec27_edge_x-400,25,17629,15,1,26,0,5,1,0,8.49677029122,-400
exec27_edge_x-400,34,13209,1,0,27,2,3,1,1,2.72033552665,-400
exec27_edge_x-400,7,4136,0,0,9,0,0,1,0,2.76703082197,-400
exec27_edge_x-400,4,15705,6,0,11,2,0,1,1,1.96450934447,-400
exec27_edge_x-400,34,13182,4,0,7,0,0,1,0,4.37489039677,-400
exec27_edge_x-400,46,15493,5,0,11,6,0,1,1,5.38097111165,-400
exec27_edge_x-400,2,1064,5,0,7,0,0,1,0,7.92208490092,-400
exec27_edge_x-400,31,16058,1,0,0,0,0,1,0,4.03381991424,-400
exec27_edge_x-400,31,16055,1,0,6,1,0,1,1,3.63238692836,-400
exec27_edge_x-400,2,1044,6,0,9,3,0,1,1,4.07542013824,-400
exec27_edge_x-400,25,17568,7,0,14,1,0,1,1,6.56291528058,-400
exec27_edge_x-400,7,4093,1,0,0,0,0,1,0,3.06809592411,-400
exec27_edge_x-400,34,13152,1,0,8,4,0,1,1,5.08620939717,-400
exec27_edge_x-400,34,13143,6,0,1,0,0,1,0,1.93984267041,-400
exec27_edge_x-400,25,17545,1,0,9,0,0,1,0,3.11343845074,-400
exec27_edge_x-400,46,15427,0,0,21,3,0,1,1,3.08613065026,-400
exec27_edge_x-400,23,1602,1,0,21,7,0,1,1,2.33741154427,-400
exec27_edge_x-400,46,15419,2,0,5,0,0,1,0,5.18219558843,-400
exec27_edge_x-400,46,15417,3,0,11,3,0,1,1,4.27441365724,-400
exec27_edge_x-400,38,847,3,0,8,0,0,1,1,3.25334951553,-400
exec27_edge_x-400,31,15965,6,0,14,7,0,1,1,18.6707285607,-400
exec27_edge_x-400,4,15584,2,0,19,1,0,1,1,3.89266990867,-400
exec27_edge_x-400,7,4024,7,0,6,0,0,1,1,2.77617436569,-400
exec27_edge_x-400,38,819,5,0,1,0,0,1,0,4.28451798462,-400
exec27_edge_x-400,28,15846,0,0,2,0,0,1,0,1.53512734189,-400
exec27_edge_x-400,19,16906,2,0,14,2,0,1,1,2.79086926954,-400
exec27_edge_x-400,10,16693,5,0,18,4,0,1,1,2.57852501135,-400
exec27_edge_x-400,38,808,5,0,2,0,0,1,0,4.43683910349,-400
exec27_edge_x-400,23,1542,5,0,0,0,0,1,0,2.95052649823,-400
exec27_edge_x-400,2,911,5,0,6,0,0,1,0,3.19153498321,-400
exec27_edge_x-400,19,16891,6,0,9,0,0,1,0,1.55126791984,-400
exec27_edge_x-400,28,15802,0,0,22,6,0,1,1,4.05151842422,-400
exec27_edge_x-400,16,13443,0,0,7,0,0,1,0,3.70628281819,-400
exec27_edge_x-400,10,16658,5,0,2,0,0,1,0,3.71326219241,-400
exec27_edge_x-400,4,15523,6,0,4,0,0,1,0,3.84989878564,-400
exec27_edge_x-400,38,765,0,0,0,0,0,1,0,4.40173684321,-400
exec27_edge_x-400,13,11786,4,0,0,0,0,1,0,6.86161059668,-400
exec27_edge_x-400,25,17431,0,0,2,0,0,1,0,2.20452732984,-400
exec27_edge_x-400,38,763,3,0,24,7,0,1,1,2.74366174771,-400
exec27_edge_x-400,34,13021,2,0,10,3,0,1,1,2.56108290304,-400
exec27_edge_x-400,40,14820,2,0,11,3,0,1,1,3.25390339282,-400
exec27_edge_x-400,7,3959,1,0,14,0,0,1,0,6.33354767036,-400
exec27_edge_x-400,28,15761,0,0,10,1,0,1,1,3.61207969649,-400
exec27_edge_x-400,7,3955,5,0,8,0,0,1,1,5.90650898886,-400
exec27_edge_x-400,34,13002,1,0,5,2,0,1,1,4.78476869613,-400
exec27_edge_x-400,28,15759,0,0,13,2,0,1,1,4.54618128835,-400
exec27_edge_x-400,23,1491,6,0,17,6,0,1,1,5.47453233415,-400
exec27_edge_x-400,19,16849,3,0,18,5,0,1,1,2.81673667198,-400
exec27_edge_x-400,46,15288,4,0,12,3,0,1,1,1.76245968472,-400
exec27_edge_x-400,25,17414,3,0,9,0,0,1,0,2.47243836056,-400
exec27_edge_x-400,19,16842,2,0,0,0,0,0,0,6.38365861625,-400
exec27_edge_x-400,2,839,5,0,10,0,0,1,0,6.79546684228,-400
exec27_edge_x-400,31,15861,2,0,8,0,0,1,0,1.73582209212,-400
exec27_edge_x-400,10,16598,0,0,1,0,0,1,0,5.95459754571,-400
exec27_edge_x-400,38,728,6,0,3,0,0,1,0,2.06591010663,-400
exec27_edge_x-400,4,15477,1,0,4,0,0,1,0,2.51068071586,-400
exec27_edge_x-400,7,3930,7,0,11,2,0,1,1,1.95211130349,-400
exec27_edge_x-400,2,823,6,0,22,3,0,1,1,2.74899364893,-400
exec27_edge_x-400,46,15269,0,0,0,0,0,1,0,2.66296246381,-400
exec27_edge_x-400,31,15837,6,0,7,0,0,1,0,3.09088631667,-400
exec27_edge_x-400,2,802,0,0,6,0,0,1,0,4.08321092791,-400
exec27_edge_x-400,31,15826,1,0,29,1,0,1,1,4.48105819994,-400
exec27_edge_x-400,25,17374,5,0,12,0,0,1,0,2.24691869455,-400
exec27_edge_x-400,10,16561,11,1,11,0,0,1,1,6.62788880157,-400
exec27_edge_x-400,2,781,8,1,2,0,0,1,0,5.91766930125,-400
exec27_edge_x-400,28,15678,3,0,4,0,0,1,0,2.8686837402,-400
exec27_edge_x-400,13,11699,6,0,20,2,0,1,1,10.7007885774,-400
exec27_edge_x-400,16,13288,3,0,0,0,0,0,0,3.7447780928,-400
exec27_edge_x-400,25,17333,7,0,18,2,0,1,1,3.93774753687,-400
exec27_edge_x-400,10,16523,11,1,29,0,0,1,0,8.17146892592,-400
exec27_edge_x-400,46,15182,1,0,0,0,0,1,0,2.27749056936,-400
exec27_edge_x-400,7,3849,5,0,14,2,0,1,1,2.17567482663,-400
exec27_edge_x-400,40,14713,1,0,17,8,0,1,1,5.52716778037,-400
exec27_edge_x-400,38,646,2,0,3,0,0,1,0,5.15684873592,-400
exec27_edge_x-400,16,13254,3,0,4,0,0,1,0,8.2406028182,-400
exec27_edge_x-400,19,16746,2,0,5,0,0,1,0,8.76069321701,-400
exec27_edge_x-400,23,1350,3,0,10,3,0,1,1,6.17136430866,-400
exec27_edge_x-400,28,15639,9,1,29,0,0,1,0,5.53083419445,-400
exec27_edge_x-400,40,14690,0,0,3,0,0,1,0,2.05885576239,-400
exec27_edge_x-400,19,16731,4,0,3,2,0,1,1,2.73405809058,-400
exec27_edge_x-400,31,15741,2,0,25,4,0,1,1,3.01850374456,-400
exec27_edge_x-400,34,12874,0,0,11,5,0,1,1,2.88750997868,-400
exec27_edge_x-400,10,16479,4,0,4,2,0,1,1,1.73007490565,-400
exec27_edge_x-400,19,16712,4,0,14,10,0,1,1,2.96163844857,-400
exec27_edge_x-400,40,14674,11,1,31,6,0,1,1,7.52586000398,-400
exec27_edge_x-400,10,16459,3,0,12,0,0,1,0,6.00166651538,-400
exec27_edge_x-400,7,3794,7,0,12,0,0,1,1,2.57710222948,-400
exec27_edge_x-400,46,15094,7,0,16,8,0,1,1,4.00069069733,-400
exec27_edge_x-400,23,1286,1,0,1,0,0,1,1,2.30784463474,-400
exec27_edge_x-400,13,11571,7,0,0,0,0,1,0,1.96359800868,-400
exec27_edge_x-400,7,3760,4,0,2,1,0,1,1,3.71311402475,-400
exec27_edge_x-400,46,15071,3,0,6,2,0,1,1,5.54503680122,-400
exec27_edge_x-400,2,648,5,0,10,0,0,1,0,1.77360196497,-400
exec27_edge_x-400,25,17231,0,0,0,0,0,1,0,2.99029308675,-400
exec27_edge_x-400,46,15061,1,0,8,0,0,1,0,8.60519201816,-400
exec27_edge_x-400,2,639,2,0,7,0,0,1,0,3.9849538011,-400
exec27_edge_x-400,25,17226,5,0,3,0,0,1,0,2.83013777542,-400
exec27_edge_x-400,13,11551,11,1,4,2,0,1,1,6.8519469953,-400
exec27_edge_x-400,31,15657,10,1,20,0,0,1,1,5.76388319076,-400
exec27_edge_x-400,4,18647,1,0,2,0,0,1,0,2.51739502246,-400
exec27_edge_x-400,25,17209,0,0,4,0,0,1,0,7.58731088855,-400
exec27_edge_x-400,38,536,3,0,16,6,0,1,1,2.08789682557,-400
exec27_edge_x-400,13,11536,10,1,0,0,0,1,0,6.06854134045,-400
exec27_edge_x-400,40,14583,5,0,2,0,0,1,0,6.75149702234,-400
exec27_edge_x-400,23,1227,1,0,7,2,0,1,1,2.49693162605,-400
exec27_edge_x-400,31,15632,3,0,14,2,0,1,1,5.88957968549,-400
exec27_edge_x-400,34,12770,0,0,3,0,0,1,0,2.0734717493,-400
exec27_edge_x-400,2,602,0,0,6,0,0,1,0,2.8415178932,-400
exec27_edge_x-400,10,16366,0,0,10,2,0,1,1,3.33220796485,-400
exec27_edge_x-400,13,11510,4,0,6,0,0,1,0,2.13249586071,-400
exec27_edge_x-400,31,15615,5,0,2,0,0,1,0,2.91639840402,-400
exec27_edge_x-400,46,14998,4,0,6,0,0,1,0,5.34017738688,-400
exec27_edge_x-400,10,16358,0,0,23,7,0,1,1,2.72945423229,-400
exec27_edge_x-400,25,17171,4,0,11,0,0,1,0,3.00718135774,-400
exec27_edge_x-400,23,1194,0,0,7,0,0,1,0,9.81822134553,-400
exec27_edge_x-400,46,14986,2,0,15,9,0,1,1,4.91352833408,-400
exec27_edge_x-400,4,18578,5,0,13,0,0,1,0,3.41622913735,-400
exec27_edge_x-400,10,16349,4,0,12,0,0,1,0,3.67497337256,-400
exec27_edge_x-400,16,13099,0,0,7,0,0,1,0,2.39566746686,-400
exec27_edge_x-400,19,16566,3,0,14,0,0,1,0,4.3324476406,-400
exec27_edge_x-400,31,15583,7,0,4,0,0,1,0,3.18243684329,-400
exec27_edge_x-400,25,17156,1,0,6,0,0,1,0,5.60380271977,-400
exec27_edge_x-400,40,14537,13,1,14,0,0,1,0,5.07339184835,-400
exec27_edge_x-400,46,14961,0,0,8,4,0,1,1,3.43777529164,-400
exec27_edge_x-400,13,11452,5,0,4,2,0,1,1,5.20893738679,-400
exec27_edge_x-400,34,12713,2,0,26,2,0,1,1,5.29213309526,-400
exec27_edge_x-400,7,3637,7,0,10,0,0,1,0,2.80459186458,-400
exec27_edge_x-400,16,13041,7,0,2,0,0,1,0,3.33190988516,-400
exec27_edge_x-400,10,16303,7,0,2,0,0,1,0,3.14911391939,-400
exec27_edge_x-400,31,15543,7,0,20,11,0,1,1,4.23172070263,-400
exec27_edge_x-400,28,15416,7,0,14,8,0,1,1,5.51011483302,-400
exec27_edge_x-400,7,3619,1,0,6,0,0,1,0,2.46052253299,-400
exec27_edge_x-400,4,18525,6,0,7,0,0,1,1,6.10044147887,-400
exec27_edge_x-400,25,17097,6,0,3,0,0,1,0,3.23696624158,-400
exec27_edge_x-400,43,11401,4,0,7,0,0,1,0,3.28628107314,-400
exec27_edge_x-400,38,413,11,1,15,0,0,1,0,4.31105447886,-400
exec27_edge_x-400,28,15394,5,0,12,5,0,1,1,2.0287980384,-400
exec27_edge_x-400,7,3589,15,1,20,0,0,1,0,8.24454908239,-400
exec27_edge_x-400,31,15507,6,0,13,5,0,1,1,2.15321976931,-400
exec27_edge_x-400,23,1083,0,0,7,0,0,1,1,4.10213485886,-400
exec27_edge_x-400,40,14444,1,0,3,0,0,1,0,3.26190704534,-400
exec27_edge_x-400,23,1068,3,0,3,0,0,1,0,2.14719450586,-400
exec27_edge_x-400,16,12956,4,0,7,2,0,1,1,2.45854302405,-400
exec27_edge_x-400,46,14846,1,0,3,0,0,1,0,4.05953878727,-400
exec27_edge_x-400,7,3549,7,0,2,0,0,1,0,2.93557525115,-400
exec27_edge_x-400,25,17059,3,0,9,3,0,1,1,4.17715672888,-400
exec27_edge_x-400,38,360,7,0,13,0,0,1,0,3.25828454484,-400
exec27_edge_x-400,46,14834,0,0,9,0,0,1,1,2.56701919709,-400
exec27_edge_x-400,10,16212,7,0,27,4,0,1,1,2.59943855096,-400
exec27_edge_x-400,2,416,0,0,8,0,0,1,0,4.40146202378,-400
exec27_edge_x-400,46,14822,1,0,4,0,0,1,0,2.72471840668,-400
exec27_edge_x-400,46,14817,7,0,9,0,0,1,0,7.20246229019,-400
exec27_edge_x-400,34,12583,5,0,5,0,0,1,0,4.34609145868,-400
exec27_edge_x-400,7,3520,5,0,6,0,0,1,0,4.34302310508,-400
exec27_edge_x-400,43,11327,5,0,31,8,0,1,1,3.91872088377,-400
exec27_edge_x-400,19,16397,2,0,16,1,0,1,1,2.07369532095,-400
exec27_edge_x-400,2,397,1,0,7,0,0,1,0,2.29755144108,-400
exec27_edge_x-400,40,14379,4,0,4,5,0,1,1,6.06521791136,-400
exec27_edge_x-400,16,12918,3,0,0,0,0,1,0,3.36453096645,-400
exec27_edge_x-400,43,11310,4,0,1,0,0,1,0,1.94228487842,-400
exec27_edge_x-400,19,16374,3,0,4,0,0,1,0,2.23020494713,-400
exec27_edge_x-400,13,11296,4,0,2,0,0,1,0,1.99204768082,-400
exec27_edge_x-400,40,14368,4,0,1,0,0,1,0,1.99403352336,-400
exec27_edge_x-400,34,12533,7,0,17,2,0,1,1,2.9990229369,-400
exec27_edge_x-400,13,11267,2,0,12,9,0,1,1,6.04854045226,-400
exec27_edge_x-400,43,11273,5,0,2,0,0,1,0,3.79826505872,-400
exec27_edge_x-400,13,11256,3,0,1,0,0,1,0,1.93503849743,-400
exec27_edge_x-400,23,948,1,0,9,4,0,1,1,2.12430051431,-400
exec27_edge_x-400,10,16131,2,0,10,0,0,1,0,3.37468479843,-400
exec27_edge_x-400,2,312,1,0,10,4,0,1,1,4.29285869793,-400
exec27_edge_x-400,19,16307,3,0,21,4,0,1,1,5.61652064355,-400
exec27_edge_x-400,19,16295,0,0,16,3,0,1,1,2.25993081033,-400
exec27_edge_x-400,10,16100,1,0,5,0,0,1,0,8.3888840498,-400
exec27_edge_x-400,31,15362,5,0,11,0,0,1,0,4.16566680281,-400
exec27_edge_x-400,38,245,0,0,17,6,0,1,1,3.71065386697,-400
exec27_edge_x-400,19,16285,6,0,12,2,0,1,1,3.31721957278,-400
exec27_edge_x-400,10,16094,3,0,17,8,1,1,1,5.15347567349,-400
exec27_edge_x-400,28,15224,2,0,11,2,4,1,1,2.51838642176,-400
exec27_edge_x-400,38,236,2,0,1,0,0,1,0,3.43471552679,-400
exec27_edge_x-400,25,16903,0,0,9,3,0,1,1,2.76243327916,-400
exec27_edge_x-400,38,198,6,0,17,2,0,1,1,2.30419487782,-400
exec27_edge_x-400,7,3381,11,1,7,0,0,1,0,4.94823305016,-400
exec27_edge_x-400,10,16053,0,0,4,0,0,1,0,7.09353315678,-400
exec27_edge_x-400,13,11160,5,0,14,2,0,1,1,3.9964831577,-400
exec27_edge_x-400,13,11149,5,0,7,2,0,1,1,5.31513567885,-400
exec27_edge_x-400,46,14627,2,0,7,1,0,1,1,2.45897555015,-400
exec27_edge_x-400,34,15311,0,0,21,5,0,1,1,4.49784384142,-400
exec27_edge_x-400,7,3339,0,0,16,2,0,1,1,6.0903138102,-400
exec27_edge_x-400,31,15270,6,0,4,0,0,1,0,3.85358637207,-400
exec27_edge_x-400,19,16189,6,0,9,0,0,1,0,3.74152891159,-400
exec27_edge_x-400,34,15293,1,0,2,0,0,1,0,2.37261218165,-400
exec27_edge_x-400,31,15240,0,0,6,0,0,1,0,10.4548942839,-400
exec27_edge_x-400,34,15278,6,0,1,0,0,1,0,4.2815605225,-400
exec27_edge_x-400,13,11110,6,0,2,0,0,1,0,3.88955722216,-400
exec27_edge_x-400,16,12723,15,1,15,0,0,1,0,7.19252076442,-400
exec27_edge_x-400,2,180,7,0,8,1,0,1,1,3.03283574285,-400
exec27_edge_x-400,10,15951,1,0,5,0,0,1,0,1.2386526143,-400
exec27_edge_x-400,40,14166,4,0,13,0,0,1,1,2.54217575301,-400
exec27_edge_x-400,40,16079,5,0,0,0,0,1,0,3.23770189136,-400
exec27_edge_x-400,31,15234,0,0,12,4,0,1,1,3.61476420492,-400
exec27_edge_x-400,19,16160,2,0,6,1,0,1,1,3.82448894001,-400
exec27_edge_x-400,23,790,0,0,32,10,0,1,1,3.82651198401,-400
exec27_edge_x-400,25,16811,4,0,4,0,0,1,0,3.35179010765,-400
exec27_edge_x-400,38,125,1,0,3,0,0,1,0,4.81637456995,-400
exec27_edge_x-400,4,18193,1,0,13,5,0,1,1,2.12656068216,-400
exec27_edge_x-400,19,16140,1,0,3,0,0,1,0,5.51833499252,-400
exec27_edge_x-400,46,14550,0,0,5,2,0,1,1,3.84984868998,-400
exec27_edge_x-400,25,16794,3,0,4,0,0,1,0,5.96337377681,-400
exec27_edge_x-400,4,18165,1,0,5,0,0,1,0,2.2349453415,-400
exec27_edge_x-400,31,15199,15,1,11,4,0,1,1,6.17187348448,-400
exec27_edge_x-400,2,1409,0,0,10,0,0,1,0,5.06347983893,-400
exec27_edge_x-400,7,3254,6,0,13,0,0,1,0,3.71147380581,-400
exec27_edge_x-400,19,16122,1,0,17,2,0,1,1,7.89903565097,-400
exec27_edge_x-400,13,11052,4,0,8,3,0,1,1,7.19129809378,-400
exec27_edge_x-400,2,123,1,0,8,8,0,1,1,2.4933544435,-400
exec27_edge_x-400,46,14525,5,0,8,0,0,1,0,1.88576551798,-400
exec27_edge_x-400,46,14517,7,0,21,5,0,1,1,3.76922963169,-400
exec27_edge_x-400,13,11036,5,0,41,19,0,1,1,3.98143099328,-400
exec27_edge_x-400,10,17797,2,0,4,0,0,1,0,3.79380834643,-400
exec27_edge_x-400,46,14509,13,1,1,0,0,1,0,8.83866871065,-400
exec27_edge_x-400,7,3225,5,0,5,0,0,1,0,3.61419717737,-400
exec27_edge_x-400,4,18124,2,0,6,0,0,1,0,5.14764148575,-400
exec27_edge_x-400,40,14062,1,0,9,2,0,1,1,1.70626240457,-400
exec27_edge_x-400,46,14499,2,0,26,6,0,1,1,3.58006335669,-400
exec27_edge_x-400,34,15176,7,0,8,4,0,1,1,1.81257502349,-400
exec27_edge_x-400,28,18331,5,0,6,0,0,1,0,5.43413686765,-400
exec27_edge_x-400,2,36,1,0,7,3,0,1,1,1.33634526773,-400
exec27_edge_x-400,23,689,1,0,15,1,0,1,1,2.84014697552,-400
exec27_edge_x-400,25,16731,6,0,11,0,0,1,1,2.45423161583,-400
exec27_edge_x-400,38,3123,0,0,15,5,0,1,1,2.38612846949,-400
exec27_edge_x-400,34,15157,6,0,14,6,0,1,1,6.19480385656,-400
exec27_edge_x-400,31,15130,7,0,13,2,0,1,1,2.38220972889,-400
exec27_edge_x-400,40,19298,2,0,4,0,0,1,0,8.21914259213,-400
exec27_edge_x-400,7,3172,5,0,5,0,0,1,1,2.42098678813,-400
exec27_edge_x-400,16,12580,7,0,25,2,0,1,1,7.22253864024,-400
exec27_edge_x-400,28,18282,0,0,7,0,0,1,0,2.2314616024,-400
exec27_edge_x-400,7,3124,1,0,14,4,0,1,1,1.41664359239,-400
exec27_edge_x-400,38,3071,6,0,0,0,0,1,0,1.97516938786,-400
exec27_edge_x-400,40,19264,0,0,29,1,0,1,1,4.88291361859,-400
exec27_edge_x-400,10,17706,3,0,15,2,0,1,1,4.28546749098,-400
exec27_edge_x-400,25,16664,6,0,12,0,0,1,0,4.18453914445,-400
exec27_edge_x-400,16,12525,1,0,14,2,0,1,1,4.48609370777,-400
exec27_edge_x-400,2,2811,6,0,6,0,0,1,0,1.75515996834,-400
exec27_edge_x-400,4,18002,7,0,4,0,0,1,0,3.64226549503,-400
exec27_edge_x-400,34,15063,4,0,11,0,0,1,1,3.30494051255,-400
exec27_edge_x-400,28,18207,7,0,5,0,0,1,0,3.57166798294,-400
exec27_edge_x-400,7,7138,2,0,11,8,0,1,1,3.75771644108,-400
exec27_edge_x-400,10,17658,3,0,23,0,0,1,1,1.89743259076,-400
exec27_edge_x-400,23,557,3,0,8,0,0,1,1,4.04576897374,-400
exec27_edge_x-400,28,18176,5,0,36,8,0,1,1,3.36740040802,-400
exec27_edge_x-400,43,10858,4,0,8,0,0,1,0,5.54527306301,-400
exec27_edge_x-400,46,14356,0,0,9,1,0,1,1,2.00199195514,-400
exec27_edge_x-400,40,19201,1,0,10,7,0,1,1,1.8045271724,-400
exec27_edge_x-400,38,3002,7,0,30,5,0,1,1,4.33914659744,-400
exec27_edge_x-400,23,547,4,0,14,6,0,1,1,2.07745696815,-400
exec27_edge_x-400,16,12460,1,0,12,4,0,1,1,3.19540635065,-400
exec27_edge_x-400,10,17632,7,0,6,0,0,1,0,2.22521122916,-400
exec27_edge_x-400,31,14987,14,1,34,2,0,1,1,6.60099604906,-400
exec27_edge_x-400,23,514,7,0,11,1,0,1,1,1.87574517033,-400
exec27_edge_x-400,31,14952,0,0,5,0,0,1,0,3.72793448893,-400
exec27_edge_x-400,16,12418,8,1,7,0,0,1,0,4.54393116121,-400
exec27_edge_x-400,31,14946,1,0,3,0,0,1,0,2.29514053142,-400
exec27_edge_x-400,2,2715,6,0,8,0,0,1,0,3.15651760206,-400
exec27_edge_x-400,34,14958,4,0,5,2,0,1,1,2.87719038344,-400
exec27_edge_x-400,40,19148,6,0,13,0,0,1,0,3.90486344138,-400
exec27_edge_x-400,38,2946,5,0,15,2,0,1,1,2.92248279595,-400
exec27_edge_x-400,19,15860,1,0,0,0,0,1,0,6.15569624164,-400
exec27_edge_x-400,7,7020,4,0,12,2,0,1,1,2.32569539332,-400
exec27_edge_x-400,43,10773,5,0,17,4,0,1,1,2.91150936164,-400
exec27_edge_x-400,4,17851,1,0,13,0,0,1,0,6.32590981396,-400
exec27_edge_x-400,28,18072,3,0,13,4,0,1,1,2.95436124955,-400
exec27_edge_x-400,16,12362,7,0,0,0,0,1,0,3.05594957636,-400
exec27_edge_x-400,31,14910,14,1,23,1,0,1,1,7.42741587183,-400
exec27_edge_x-400,23,445,4,0,13,2,0,1,1,3.76277977084,-400
exec27_edge_x-400,28,18066,5,0,17,0,0,1,0,3.33908860495,-400
exec27_edge_x-400,25,16469,3,0,6,0,0,1,0,2.23759599497,-400
exec27_edge_x-400,7,6956,5,0,5,0,0,1,0,3.77340465366,-400
exec27_edge_x-400,28,18023,1,0,1,0,0,1,0,3.51985320292,-400
exec27_edge_x-400,2,2634,0,0,7,0,0,1,0,1.79843442963,-400
exec27_edge_x-400,2,2625,6,0,1,0,0,1,0,4.55646103478,-400
exec27_edge_x-400,25,16445,4,0,4,0,0,1,0,4.35501595423,-400
exec27_edge_x-400,23,379,1,0,13,0,0,1,0,6.4924303514,-400
exec27_edge_x-400,23,376,3,0,8,0,0,1,0,2.19346155433,-400
exec27_edge_x-400,13,13463,6,0,12,0,0,1,0,2.56044948997,-400
exec27_edge_x-400,16,12281,7,0,10,0,0,1,0,3.42389105292,-400
exec27_edge_x-400,34,14850,6,0,0,0,0,1,0,1.72477761398,-400
exec27_edge_x-400,11,4337,1,0,16,0,0,1,1,3.60781107341,-400
exec27_edge_x-400,4,17776,0,0,6,0,0,1,0,5.90780053385,-400
exec27_edge_x-400,4,18689,0,0,0,0,0,0,0,7.45467612751,-400
exec27_edge_x-400,13,13449,0,0,11,2,0,1,1,2.322852817,-400
exec27_edge_x-400,28,17966,0,0,2,0,0,1,0,2.21969377824,-400
exec27_edge_x-400,38,2848,0,0,0,0,0,1,0,2.35206889976,-400
exec27_edge_x-400,38,3127,0,0,0,0,0,0,0,7.50427135392,-400
exec27_edge_x-400,28,17962,0,0,3,0,0,1,0,2.53718922252,-400
exec27_edge_x-400,25,16410,0,0,0,0,0,1,0,3.38139370336,-400
exec27_edge_x-400,13,13424,1,0,5,0,0,1,0,2.47868563509,-400
exec27_edge_x-400,40,19000,7,0,16,3,0,1,1,4.28712869215,-400
exec27_edge_x-400,23,342,0,0,24,12,0,1,1,3.40948128413,-400
exec27_edge_x-400,11,4312,0,0,9,0,0,1,0,2.11307747887,-400
exec27_edge_x-400,46,17040,3,0,0,0,0,1,0,1.77124967464,-400
exec27_edge_x-400,11,4297,3,0,11,0,0,1,1,2.89936037603,-400
exec27_edge_x-400,19,15719,0,0,8,0,0,1,0,2.10111593484,-400
exec27_edge_x-400,34,14788,3,0,4,0,0,1,0,2.69196612273,-400
exec27_edge_x-400,4,17717,12,1,13,3,0,1,1,6.0893777196,-400
exec27_edge_x-400,23,314,5,0,12,5,0,1,1,2.74950624371,-400
exec27_edge_x-400,2,2509,2,0,5,0,0,1,0,3.78732023145,-400
exec27_edge_x-400,28,17906,7,0,16,0,0,1,1,2.67620477248,-400
exec27_edge_x-400,7,6849,13,1,7,0,0,1,0,6.01377049179,-400
exec27_edge_x-400,16,12204,5,0,8,0,0,1,0,2.95525887538,-400
exec27_edge_x-400,7,6840,6,0,8,0,0,1,0,3.44959877649,-400
exec27_edge_x-400,16,12199,0,0,5,0,0,1,1,2.49312506234,-400
exec27_edge_x-400,2,2492,5,0,9,0,0,1,0,4.3989298657,-400
exec27_edge_x-400,34,14762,0,0,15,0,0,1,0,3.41511866828,-400
exec27_edge_x-400,4,17687,1,0,12,0,0,1,0,3.96152403077,-400
exec27_edge_x-400,34,15419,2,0,2,0,0,1,0,5.75034244918,-400
exec27_edge_x-400,43,10592,4,0,4,0,0,1,1,4.51403938321,-400
exec27_edge_x-400,25,16314,5,0,7,0,0,1,0,3.16660765752,-400
exec27_edge_x-400,43,10589,3,0,6,0,0,1,0,3.94120055451,-400
exec27_edge_x-400,23,272,3,0,10,5,0,1,1,2.73890258009,-400
exec27_edge_x-400,13,13330,4,0,1,0,0,1,0,1.95909336971,-400
exec27_edge_x-400,23,266,4,0,8,1,0,1,1,2.53040298752,-400
exec27_edge_x-400,25,16300,4,0,7,0,0,1,1,2.45801587246,-400
exec27_edge_x-400,46,16944,7,0,14,3,0,1,1,5.44931516867,-400
exec27_edge_x-400,25,18079,4,0,0,0,0,0,0,4.49324344863,-400
exec27_edge_x-400,13,13321,1,0,5,0,0,1,1,3.09273980414,-400
exec27_edge_x-400,38,2732,5,0,8,0,0,1,0,4.42806987584,-400
exec27_edge_x-400,40,18906,7,0,4,0,0,1,0,7.34270931661,-400
exec27_edge_x-400,11,4209,6,0,9,2,0,1,1,3.64492664726,-400
exec27_edge_x-400,11,4389,6,0,0,0,0,0,0,4.35762201167,-400
exec27_edge_x-400,4,17635,0,0,2,0,0,1,0,2.36366693712,-400
exec27_edge_x-400,34,14708,4,0,2,2,0,1,1,3.05508166319,-400
exec27_edge_x-400,16,12097,0,0,5,0,0,1,0,1.39577769729,-400
exec27_edge_x-400,2,2406,1,0,2,0,0,1,0,2.78806801626,-400
exec27_edge_x-400,25,16271,7,0,16,4,0,1,1,3.41367745671,-400
exec27_edge_x-400,25,18080,6,0,1,0,0,1,0,7.9687772834,-400
exec27_edge_x-400,40,18872,6,0,7,0,0,1,0,1.97119074496,-400
exec27_edge_x-400,23,230,3,0,4,0,0,1,0,2.59084328859,-400
exec27_edge_x-400,28,17795,7,0,11,5,0,1,1,2.43916973147,-400
exec27_edge_x-400,13,13252,7,0,8,0,0,1,0,2.79065102657,-400
exec27_edge_x-400,2,2379,4,0,11,1,0,1,1,4.75044906832,-400
exec27_edge_x-400,40,18846,7,0,16,8,0,1,1,2.31896619896,-400
exec27_edge_x-400,7,6711,0,0,15,0,0,1,0,4.37964557905,-400
exec27_edge_x-400,4,17581,4,0,15,2,0,1,1,2.05713214352,-400
exec27_edge_x-400,38,2679,6,0,3,0,0,1,0,3.64079341384,-400
exec27_edge_x-400,34,14658,1,0,3,0,0,1,0,3.94148871148,-400
exec27_edge_x-400,19,15529,2,0,13,0,0,1,1,1.55166559093,-400
exec27_edge_x-400,2,2358,1,0,1,0,0,1,0,3.6116475936,-400
exec27_edge_x-400,25,16218,1,0,6,0,0,1,0,5.21485896619,-400
exec27_edge_x-400,7,6696,1,0,6,0,0,1,0,2.18644792829,-400
exec27_edge_x-400,28,17764,0,0,19,5,0,1,1,4.45034709576,-400
exec27_edge_x-400,28,17757,0,0,7,0,0,1,0,1.70763146528,-400
exec27_edge_x-400,23,190,5,0,14,2,0,1,1,2.64985181379,-400
exec27_edge_x-400,38,2647,2,0,6,0,0,1,0,3.98815814811,-400
exec27_edge_x-400,19,18086,0,0,11,0,0,1,1,5.36729453929,-400
exec27_edge_x-400,4,17558,4,0,8,0,0,1,0,4.23666578659,-400
exec27_edge_x-400,31,14657,7,0,6,0,0,1,0,2.39479354862,-400
exec27_edge_x-400,16,15906,1,0,2,0,0,1,0,4.08284282009,-400
exec27_edge_x-400,40,18801,4,0,9,2,0,1,1,3.47496249943,-400
exec27_edge_x-400,19,18078,5,0,2,0,0,1,1,3.37014274112,-400
exec27_edge_x-400,40,18800,0,0,13,0,0,1,1,8.84568527852,-400
exec27_edge_x-400,28,17743,5,0,3,0,0,1,0,1.89516168379,-400
exec27_edge_x-400,16,15897,11,1,9,0,0,1,0,5.97582718401,-400
exec27_edge_x-400,31,14636,1,0,13,6,0,1,1,3.18401941192,-400
exec27_edge_x-400,40,18787,5,0,0,0,0,1,0,2.44918562352,-400
exec27_edge_x-400,2,2323,0,0,3,0,0,1,0,3.84406653124,-400
exec27_edge_x-400,2,2315,6,0,10,0,0,1,0,2.6801507477,-400
exec27_edge_x-400,46,16821,7,0,18,0,0,1,0,2.20615314625,-400
exec27_edge_x-400,23,153,7,0,6,0,0,1,0,5.13688321201,-400
exec27_edge_x-400,25,16167,13,1,0,0,0,1,0,4.70272844876,-400
exec27_edge_x-400,38,2601,4,0,13,7,0,1,1,3.50668667345,-400
exec27_edge_x-400,16,15865,5,0,4,0,0,1,0,4.32578644233,-400
exec27_edge_x-400,31,14604,4,0,20,9,0,1,1,3.81376946752,-400
exec27_edge_x-400,34,14592,7,0,13,0,0,1,0,5.0025502254,-400
exec27_edge_x-400,2,2282,0,0,2,0,0,1,0,5.93050020353,-400
exec27_edge_x-400,34,14577,6,0,12,3,0,1,1,3.35825142114,-400
exec27_edge_x-400,2,2273,4,0,2,0,0,1,0,4.21518949356,-400
exec27_edge_x-400,43,10414,2,0,13,0,0,1,0,6.92152158828,-400
exec27_edge_x-400,13,13131,3,0,15,0,0,1,0,4.53289683609,-400
exec27_edge_x-400,46,16775,0,0,9,2,0,1,1,2.58718064056,-400
exec27_edge_x-400,4,17474,3,0,7,3,0,1,1,4.15264143091,-400
exec27_edge_x-400,28,17644,1,0,5,0,0,1,0,1.36570058796,-400
exec27_edge_x-400,40,18701,14,1,3,2,0,1,1,4.94037905146,-400
exec27_edge_x-400,13,13110,5,0,7,0,0,1,0,3.0921666432,-400
exec27_edge_x-400,34,14545,6,0,10,0,0,1,0,2.55041912903,-400
exec27_edge_x-400,46,16744,7,0,17,2,0,1,1,3.02044819694,-400
exec27_edge_x-400,19,17971,7,0,3,0,0,1,0,2.88188259959,-400
exec27_edge_x-400,16,15815,5,0,7,0,0,1,0,5.58911968637,-400
exec27_edge_x-400,25,16088,7,0,3,0,0,1,0,7.26173825722,-400
exec27_edge_x-400,19,17960,2,0,1,0,0,1,0,1.7229119923,-400
exec27_edge_x-400,7,6549,7,0,7,0,0,1,0,4.46226611742,-400
exec27_edge_x-400,31,14519,5,0,0,0,0,1,0,1.88414806642,-400
exec27_edge_x-400,4,17416,0,0,4,0,0,1,1,6.76260907611,-400
exec27_edge_x-400,19,17948,7,0,10,2,0,1,1,1.87827818771,-400
exec27_edge_x-400,38,2481,4,0,11,0,0,1,0,4.79709120747,-400
exec27_edge_x-400,34,14501,2,0,8,0,0,1,0,3.87811943314,-400
exec27_edge_x-400,11,3962,3,0,12,2,0,1,1,1.96847279106,-400
exec27_edge_x-400,28,17563,1,0,7,4,0,1,1,1.7092049464,-400
exec27_edge_x-400,13,13032,11,1,8,0,0,1,1,4.83963301249,-400
exec27_edge_x-400,16,15742,5,0,0,0,0,1,0,2.09528941145,-400
exec27_edge_x-400,43,10295,1,0,2,0,0,1,0,5.24785481748,-400
exec27_edge_x-400,2,2159,0,0,4,0,0,1,0,2.62724887603,-400
exec27_edge_x-400,23,3830,3,0,7,0,0,1,1,2.70322958734,-400
exec27_edge_x-400,43,10285,6,0,0,0,0,1,0,2.61459109451,-400
exec27_edge_x-400,28,17531,7,0,3,0,0,1,0,2.68507662736,-400
exec27_edge_x-400,4,17328,1,0,4,1,0,1,1,2.76343321458,-400
exec27_edge_x-400,25,15982,4,0,13,5,0,1,1,3.79546929907,-400
exec27_edge_x-400,23,3801,15,1,2,0,0,1,0,7.34707946766,-400
exec27_edge_x-400,34,14414,3,0,14,0,0,1,0,2.57291541669,-400
exec27_edge_x-400,23,3781,4,0,2,0,0,1,0,5.13579047091,-400
exec27_edge_x-400,31,14414,4,0,6,2,0,1,1,6.06575963776,-400
exec27_edge_x-400,46,16623,3,0,8,0,0,1,0,2.8062647264,-400
exec27_edge_x-400,11,3869,4,0,10,0,0,1,0,5.51524751888,-400
exec27_edge_x-400,7,6415,5,0,6,0,0,1,0,3.48280850177,-400
exec27_edge_x-400,4,17263,0,0,11,5,0,1,1,2.34383029921,-400
exec27_edge_x-400,31,14378,2,0,9,2,0,1,1,9.06141613326,-400
exec27_edge_x-400,31,14375,6,0,4,0,0,1,0,4.04565449428,-400
exec27_edge_x-400,34,14372,5,0,2,0,0,1,1,3.06303332542,-400
exec27_edge_x-400,13,12911,6,0,11,0,0,1,1,2.73905359259,-400
exec27_edge_x-400,31,14358,4,0,6,0,0,1,0,1.72327996654,-400
exec27_edge_x-400,2,2058,3,0,17,4,0,1,1,2.8405333073,-400
exec27_edge_x-400,19,17800,4,0,8,0,0,1,1,2.16095058426,-400
exec27_edge_x-400,46,16561,7,0,14,0,0,1,0,3.9887135607,-400
exec27_edge_x-400,16,15617,1,0,3,0,0,1,0,1.9358344132,-400
exec27_edge_x-400,28,17428,4,0,3,0,0,1,0,3.4832354889,-400
exec27_edge_x-400,2,2041,2,0,1,0,0,1,0,4.14836808354,-400
exec27_edge_x-400,25,19136,11,1,8,3,0,1,1,8.27560544282,-400
exec27_edge_x-400,46,16545,4,0,3,0,0,1,0,2.53369423308,-400
exec27_edge_x-400,11,3805,2,0,13,4,0,1,1,4.04222420398,-400
exec27_edge_x-400,25,19128,7,0,10,4,0,1,1,3.46709625817,-400
exec27_edge_x-400,13,12869,7,0,6,0,0,1,0,2.05986121227,-400
exec27_edge_x-400,23,3677,7,0,9,0,0,1,0,3.93962396407,-400
exec27_edge_x-400,23,3672,3,0,7,0,0,1,0,4.91170627058,-400
exec27_edge_x-400,40,18437,7,0,12,0,0,1,0,2.34194917856,-400
exec27_edge_x-400,13,12851,5,0,17,1,0,1,1,3.67647578712,-400
exec27_edge_x-400,2,2002,3,0,16,1,0,1,1,4.82151642841,-400
exec27_edge_x-400,43,10127,7,0,11,5,0,1,1,1.35721569755,-400
exec27_edge_x-400,19,17746,1,0,13,0,0,1,0,2.08102640386,-400
exec27_edge_x-400,4,17173,3,0,16,0,0,1,1,3.16140437017,-400
exec27_edge_x-400,31,14248,0,0,9,2,0,1,1,1.60414265786,-400
exec27_edge_x-400,4,17169,12,1,14,0,0,1,0,4.92629358073,-400
exec27_edge_x-400,40,18416,5,0,11,0,0,1,1,1.81522334598,-400
exec27_edge_x-400,34,14276,1,0,11,0,0,1,0,1.95860103038,-400
exec27_edge_x-400,16,15548,3,0,2,1,0,1,1,3.73947929676,-400
exec27_edge_x-400,46,16498,7,0,4,1,0,1,1,2.03913528418,-400
exec27_edge_x-400,11,3767,4,0,6,0,0,1,0,2.19198655716,-400
exec27_edge_x-400,28,17354,0,0,3,0,0,1,0,3.2924559813,-400
exec27_edge_x-400,25,19086,7,0,6,0,0,1,0,3.44681351579,-400
exec27_edge_x-400,23,3628,9,1,20,0,0,1,0,6.38714468901,-400
exec27_edge_x-400,2,1961,0,0,4,0,0,1,0,3.8980542089,-400
exec27_edge_x-400,38,2197,5,0,12,5,0,1,1,1.91859108139,-400
exec27_edge_x-400,46,16461,6,0,1,0,0,1,0,2.26237745779,-400
exec27_edge_x-400,46,17079,6,0,0,0,0,0,0,3.9271210328,-400
exec27_edge_x-400,16,15516,5,0,9,0,0,1,0,2.97418875387,-400
exec27_edge_x-400,34,14228,6,0,0,0,0,0,0,2.87012226619,-400
exec27_edge_x-400,28,17312,4,0,14,6,0,1,1,5.72284409406,-400
exec27_edge_x-400,16,15504,3,0,15,5,0,1,1,5.22488966717,-400
exec27_edge_x-400,13,12767,6,0,10,0,0,1,0,1.37535892037,-400
exec27_edge_x-400,43,13240,5,0,1,0,0,1,0,9.76756477678,-400
exec27_edge_x-400,43,13266,5,0,0,0,0,0,0,12.0777628208,-400
exec27_edge_x-400,34,14214,6,0,3,0,0,1,0,6.08526816276,-400
exec27_edge_x-400,34,14202,2,0,9,0,0,1,0,3.62376840102,-400
exec27_edge_x-400,7,6233,1,0,6,0,0,1,0,1.9273599108,-400
exec27_edge_x-400,7,7144,1,0,0,0,0,0,0,2.62334986671,-400
exec27_edge_x-400,28,17283,0,0,15,0,0,1,1,3.05597325252,-400
exec27_edge_x-400,7,6225,3,0,8,0,0,1,0,2.32238209502,-400
exec27_edge_x-400,46,16406,4,0,3,0,0,1,0,7.56281977754,-400
exec27_edge_x-400,4,17099,3,0,6,0,0,1,0,2.67062941078,-400
exec27_edge_x-400,7,6218,1,0,9,0,0,1,0,3.74178646467,-400
exec27_edge_x-400,25,18985,0,0,20,5,0,1,1,4.36982892248,-400
exec27_edge_x-400,25,18983,5,0,9,0,0,1,0,4.20933857723,-400
exec27_edge_x-400,20,1458,5,0,9,0,0,1,0,2.20799625209,-400
exec27_edge_x-400,40,18330,5,0,5,0,0,1,0,5.8882343325,-400
exec27_edge_x-400,23,3549,6,0,5,0,0,1,1,3.61899491987,-400
exec27_edge_x-400,11,3634,1,0,11,6,0,1,1,4.61392369548,-400
exec27_edge_x-400,31,17855,4,0,4,0,0,1,0,6.63967877876,-400
exec27_edge_x-400,13,12705,1,0,24,4,0,1,1,3.39825218656,-400
exec27_edge_x-400,4,17060,4,0,9,0,0,1,0,3.66858869357,-400
exec27_edge_x-400,40,18301,4,0,5,0,0,1,1,3.55024503795,-400
exec27_edge_x-400,23,3529,0,0,28,9,0,1,1,4.06984093411,-400
exec27_edge_x-400,34,14137,3,0,4,0,0,1,0,2.69424811763,-400
exec27_edge_x-400,43,13157,3,0,8,0,0,1,0,1.75237611553,-400
exec27_edge_x-400,7,6169,5,0,5,0,0,1,0,1.6071134211,-400
exec27_edge_x-400,25,18937,0,0,19,4,0,1,1,2.53594228167,-400
exec27_edge_x-400,28,17209,2,0,18,5,0,1,1,3.94017958778,-400
exec27_edge_x-400,20,1398,5,0,15,2,0,1,1,2.52034521826,-400
exec27_edge_x-400,46,16333,4,0,4,0,0,1,0,1.98537167232,-400
exec27_edge_x-400,20,1391,0,0,2,0,0,1,0,8.44836924902,-400
exec27_edge_x-400,34,14088,0,0,11,1,0,1,1,1.61691049705,-400
exec27_edge_x-400,46,17081,7,0,1,0,0,1,0,6.85165675906,-400
exec27_edge_x-400,43,13126,3,0,4,0,0,1,0,4.92938702499,-400
exec27_edge_x-400,46,16328,3,0,5,0,0,1,0,2.69484158946,-400
exec27_edge_x-400,43,13121,1,0,8,2,0,1,1,1.73075590606,-400
exec27_edge_x-400,34,14069,5,0,1,0,0,1,0,1.25619829369,-400
exec27_edge_x-400,46,16322,6,0,1,0,0,1,0,5.70290249428,-400
exec27_edge_x-400,43,13111,2,0,4,0,0,1,0,4.86303355185,-400
exec27_edge_x-400,40,18252,4,0,24,7,0,1,1,3.86260423246,-400
exec27_edge_x-400,25,18891,6,0,9,0,0,1,0,6.04297955036,-400
exec27_edge_x-400,16,15352,13,1,20,8,0,1,1,5.58924249726,-400
exec27_edge_x-400,34,14031,5,0,4,0,0,1,0,1.24941865595,-400
exec27_edge_x-400,43,13096,6,0,11,2,0,1,1,2.36940592513,-400
exec27_edge_x-400,43,13268,6,0,0,0,0,0,0,3.92429466177,-400
exec27_edge_x-400,13,12619,4,0,5,0,0,1,0,7.64839706249,-400
exec27_edge_x-400,25,18874,8,1,47,4,0,1,1,6.99051814771,-400
exec27_edge_x-400,2,1761,6,0,3,0,0,1,0,4.79971708086,-400
exec27_edge_x-400,40,18214,7,0,11,0,0,1,0,2.71241825977,-400
exec27_edge_x-400,2,1757,3,0,2,0,0,1,0,2.20145824353,-400
exec27_edge_x-400,25,18870,2,0,13,4,0,1,1,2.4102172882,-400
exec27_edge_x-400,11,3519,2,0,9,0,0,1,0,6.91417011654,-400
exec27_edge_x-400,16,15316,3,0,1,0,0,1,1,2.88358418345,-400
exec27_edge_x-400,28,17133,5,0,11,2,0,1,1,2.54256727586,-400
exec27_edge_x-400,43,13063,2,0,3,0,0,1,0,2.12279511917,-400
exec27_edge_x-400,25,18851,1,0,2,0,0,1,1,4.39870474458,-400
exec27_edge_x-400,11,3507,2,0,1,0,0,1,0,5.04360608971,-400
exec27_edge_x-400,43,13058,7,0,3,1,0,1,1,6.85674072467,-400
exec27_edge_x-400,4,18878,7,0,5,3,0,1,1,2.06746228372,-400
exec27_edge_x-400,2,1720,0,0,3,0,0,1,0,2.51570204276,-400
exec27_edge_x-400,28,17094,7,0,7,0,0,1,1,4.01420771159,-400
exec27_edge_x-400,31,17711,3,0,6,0,0,1,0,2.6656850145,-400
exec27_edge_x-400,28,17088,6,0,4,0,0,1,0,2.23905544744,-400
exec27_edge_x-400,11,3462,7,0,13,2,0,1,1,2.96656457339,-400
exec27_edge_x-400,34,17358,3,0,1,0,0,1,0,6.7043213633,-400
exec27_edge_x-400,23,3354,2,0,19,1,0,1,1,13.5468442537,-400
exec27_edge_x-400,7,6011,4,0,9,0,0,1,0,4.07857081757,-400
exec27_edge_x-400,11,3446,2,0,10,0,0,1,0,2.2226521105,-400
exec27_edge_x-400,23,3349,7,0,9,0,0,1,0,2.78099836553,-400
exec27_edge_x-400,7,6008,5,0,3,0,0,1,1,5.88761415443,-400
exec27_edge_x-400,11,3442,2,0,22,9,0,1,1,3.37943697607,-400
exec27_edge_x-400,40,18134,1,0,5,0,0,1,1,2.78282297061,-400
exec27_edge_x-400,7,6000,4,0,21,7,0,1,1,4.05955048162,-400
exec27_edge_x-400,40,18129,6,0,8,0,0,1,0,5.95712097913,-400
exec27_edge_x-400,34,17332,3,0,14,0,0,1,1,1.70916265595,-400
exec27_edge_x-400,43,12990,6,0,3,0,1,1,1,3.82116859574,-400
exec27_edge_x-400,4,18805,5,0,7,2,0,1,1,4.1404113208,-400
exec27_edge_x-400,2,1672,1,0,15,5,0,1,1,4.93289101646,-400
exec27_edge_x-400,2,2898,1,0,0,0,0,0,0,7.65747675998,-400
exec27_edge_x-400,40,18110,1,0,7,0,0,1,0,2.86236152866,-400
exec27_edge_x-400,4,18795,6,0,4,0,0,1,0,4.18293032856,-400
exec27_edge_x-400,38,1910,4,0,14,1,0,1,1,3.61706349876,-400
exec27_edge_x-400,7,5973,1,0,4,0,0,1,0,2.96595234452,-400
exec27_edge_x-400,28,17040,6,0,10,0,0,1,0,2.39653201178,-400
exec27_edge_x-400,7,5970,0,0,6,0,0,1,0,3.69948560445,-400
exec27_edge_x-400,13,12516,1,0,10,0,0,1,0,2.3958966454,-400
exec27_edge_x-400,31,17656,0,0,14,0,0,1,0,2.99089085751,-400
exec27_edge_x-400,38,1894,2,0,4,0,0,1,0,3.01585105748,-400
exec27_edge_x-400,4,18773,2,0,3,0,0,1,1,6.49345829363,-400
exec27_edge_x-400,43,12954,5,0,39,14,0,1,1,8.52284681923,-400
exec27_edge_x-400,43,12949,4,0,2,0,0,1,0,1.8896912328,-400
exec27_edge_x-400,16,15157,3,0,7,2,0,1,1,3.35999026424,-400
exec27_edge_x-400,13,12482,2,0,4,0,0,1,0,1.99776694744,-400
exec27_edge_x-400,25,18726,0,0,8,0,0,1,0,2.26334818848,-400
exec27_edge_x-400,2,1619,2,0,10,0,0,1,0,2.19578825675,-400
exec27_edge_x-400,4,18752,2,0,5,0,0,1,0,3.46927727845,-400
exec27_edge_x-400,13,12468,1,0,0,0,0,1,0,2.19745308969,-400
exec27_edge_x-400,11,3358,2,0,8,1,0,1,1,2.83068630647,-400
exec27_edge_x-400,25,18712,5,0,8,0,0,1,1,5.56089581938,-400
exec27_edge_x-400,40,18063,3,0,12,2,0,1,1,2.38859568767,-400
exec27_edge_x-400,11,3356,6,0,3,0,0,1,0,3.62702052116,-400
exec27_edge_x-400,23,3250,1,0,0,0,0,0,0,4.22333577917,-400
exec27_edge_x-400,43,12924,5,0,1,0,0,1,0,4.46220278144,-400
exec27_edge_x-400,40,18060,0,0,6,0,0,1,0,3.8454675027,-400
exec27_edge_x-400,25,18694,0,0,10,1,0,1,1,6.98868751999,-400
exec27_edge_x-400,25,19184,0,0,0,0,0,0,0,9.78628041206,-400
exec27_edge_x-400,46,16097,4,0,11,5,0,1,1,6.89353071032,-400
exec27_edge_x-400,4,18724,5,0,0,0,0,0,0,2.40279209956,-400
exec27_edge_x-400,23,3234,0,0,19,5,0,1,1,3.15282156546,-400
exec27_edge_x-400,38,1840,4,0,6,2,0,1,1,4.29148456484,-400
exec27_edge_x-400,13,12443,3,0,16,0,0,1,0,2.55385740114,-400
exec27_edge_x-400,20,1139,2,0,14,0,0,1,0,6.97742343075,-400
exec27_edge_x-400,20,1134,0,0,11,4,0,1,1,7.87661762351,-400
exec27_edge_x-400,13,12438,12,1,23,0,0,1,1,6.89345634595,-400
exec27_edge_x-400,38,1820,2,0,8,1,0,1,1,3.15652621035,-400
exec27_edge_x-400,16,15108,3,0,17,4,0,1,1,7.0840524879,-400
exec27_edge_x-400,28,16936,4,0,6,0,0,1,0,3.38993925886,-400
exec27_edge_x-400,28,18425,4,0,0,0,0,0,0,4.32853573218,-400
exec27_edge_x-400,16,15102,1,0,16,2,0,1,1,4.49499572351,-400
exec27_edge_x-400,2,1542,3,0,3,0,0,1,0,5.14713908905,-400
exec27_edge_x-400,28,16927,3,0,14,1,0,1,1,2.41295264175,-400
exec27_edge_x-400,38,1806,3,0,18,0,0,1,1,4.29507295188,-400
exec27_edge_x-400,16,15098,0,0,3,0,0,1,0,7.54021448108,-400
exec27_edge_x-400,46,16046,7,0,6,0,0,1,1,13.1533898425,-400
exec27_edge_x-400,40,17998,0,0,1,0,0,1,0,2.30817314213,-400
exec27_edge_x-400,28,16916,5,0,3,1,0,1,1,4.45932433861,-400
exec27_edge_x-400,5,2240,0,0,5,0,0,1,1,7.82689865843,-400
exec27_edge_x-400,2,1529,0,0,10,0,0,1,0,2.37593282357,-400
exec27_edge_x-400,40,17995,2,0,0,0,0,1,0,1.80793461078,-400
exec27_edge_x-400,40,17983,1,0,1,0,0,1,0,4.97780306396,-400
exec27_edge_x-400,43,12858,3,0,10,1,0,1,1,9.93254731607,-400
exec27_edge_x-400,31,17537,0,0,5,0,0,1,0,3.35741719818,-400
exec27_edge_x-400,23,3166,7,0,10,0,0,1,0,3.64246300016,-400
exec27_edge_x-400,43,12857,3,0,5,2,0,1,1,2.68797309129,-400
exec27_edge_x-400,5,2219,3,0,9,3,0,1,1,1.87032798886,-400
exec27_edge_x-400,46,16017,5,0,13,5,0,1,1,4.10859491591,-400
exec27_edge_x-400,23,3146,4,0,0,0,0,1,0,2.00249047639,-400
exec27_edge_x-400,43,12840,2,0,6,0,0,1,0,2.44296099409,-400
exec27_edge_x-400,31,17508,0,0,1,0,0,1,0,4.82715801234,-400
exec27_edge_x-400,16,15036,3,0,7,0,0,1,1,5.50953922543,-400
exec27_edge_x-400,46,15989,4,0,13,0,0,1,1,3.75656116297,-400
exec27_edge_x-400,31,17503,0,0,12,4,0,1,1,1.87858813258,-400
exec27_edge_x-400,31,17467,7,0,20,4,0,1,1,4.99859679708,-400
exec27_edge_x-400,43,12797,0,0,19,4,0,1,1,3.55354187841,-400
exec27_edge_x-400,43,13271,0,0,0,0,0,0,0,5.97472382509,-400
exec27_edge_x-400,11,3227,7,0,13,2,0,1,1,4.89045509932,-400
exec27_edge_x-400,5,2147,6,0,6,0,0,1,1,1.84531147736,-400
exec27_edge_x-400,43,12783,1,0,3,0,0,1,1,2.98359023179,-400
exec27_edge_x-400,34,17102,1,0,2,2,0,1,1,5.53315356647,-400
exec27_edge_x-400,28,16802,3,0,9,0,0,1,0,5.99090389613,-400
exec27_edge_x-400,34,17100,3,0,11,1,0,1,1,3.50428991557,-400
exec27_edge_x-400,25,18557,0,0,7,0,0,1,0,2.16706629391,-400
exec27_edge_x-400,38,5086,7,0,16,5,0,1,1,3.48694176928,-400
exec27_edge_x-400,16,14978,3,0,6,0,0,1,0,2.36569779769,-400
exec27_edge_x-400,43,12773,7,0,7,0,0,1,0,2.79435603471,-400
exec27_edge_x-400,38,5080,4,0,25,3,0,1,1,9.88583512812,-400
exec27_edge_x-400,16,14972,3,0,5,0,0,1,0,4.97584191994,-400
exec27_edge_x-400,34,17082,4,0,7,0,0,1,0,3.41102506465,-400
exec27_edge_x-400,23,3063,0,0,5,2,0,1,1,5.40025847989,-400
exec27_edge_x-400,31,17412,2,0,5,1,0,1,1,4.54482976907,-400
exec27_edge_x-400,7,5709,0,0,12,2,0,1,1,2.89654622094,-400
exec27_edge_x-400,16,14937,0,0,5,0,0,1,0,2.48418831573,-400
exec27_edge_x-400,34,17035,0,0,1,0,0,1,0,6.95072776161,-400
exec27_edge_x-400,7,5687,5,0,7,0,0,1,0,5.36160753913,-400
exec27_edge_x-400,7,5679,7,0,10,5,0,1,1,2.52743755791,-400
exec27_edge_x-400,20,913,4,0,9,0,0,1,0,3.20042827732,-400
exec27_edge_x-400,7,5663,3,0,8,0,0,1,0,3.86223982993,-400
exec27_edge_x-400,13,14763,5,0,0,0,0,1,0,3.08385647014,-400
exec27_edge_x-400,34,17010,6,0,14,5,0,1,1,3.10510086636,-400
exec27_edge_x-400,28,16718,0,0,2,0,0,1,0,1.26460766365,-400
exec27_edge_x-400,43,12692,3,0,7,0,0,1,1,3.259110814,-400
exec27_edge_x-400,13,14757,0,0,6,0,0,1,0,1.34812795703,-400
exec27_edge_x-400,16,15942,5,0,5,0,0,1,0,7.04587687027,-400
exec27_edge_x-400,31,17359,3,0,9,2,0,1,1,1.81559289208,-400
exec27_edge_x-400,11,3137,13,1,35,2,0,1,1,5.67041132902,-400
exec27_edge_x-400,13,14744,2,0,4,0,0,1,0,5.98899562063,-400
exec27_edge_x-400,16,14871,7,0,15,0,0,1,0,5.07444397551,-400
exec27_edge_x-400,34,16979,3,0,7,0,0,1,0,4.0939729306,-400
exec27_edge_x-400,38,5001,1,0,9,5,0,1,1,4.69552234143,-400
exec27_edge_x-400,34,16962,7,0,33,6,0,1,1,2.84267636692,-400
exec27_edge_x-400,2,4887,6,0,5,1,0,1,1,1.62839266727,-400
exec27_edge_x-400,11,3114,7,0,17,0,0,1,1,2.16474885245,-400
exec27_edge_x-400,5,2022,7,0,0,0,0,0,0,7.27032329885,-400
exec27_edge_x-400,2,4872,5,0,9,0,0,1,0,5.07972075285,-400
exec27_edge_x-400,31,17287,1,0,4,0,0,1,0,3.87331464894,-400
exec27_edge_x-400,11,3093,4,0,8,0,0,1,0,2.79064531985,-400
exec27_edge_x-400,5,1996,7,0,8,4,0,1,1,7.73461299299,-400
exec27_edge_x-400,7,5594,1,0,22,4,0,1,1,2.93933553952,-400
exec27_edge_x-400,11,4395,2,0,12,1,0,1,1,3.63742022835,-400
exec27_edge_x-400,11,3079,0,0,6,2,0,1,1,3.58644985171,-400
exec27_edge_x-400,38,4945,1,0,17,0,0,1,0,2.48792804533,-400
exec27_edge_x-400,13,14683,0,0,3,0,0,1,0,6.5178534694,-400
exec27_edge_x-400,25,18376,3,0,11,0,0,1,0,4.31846358591,-400
exec27_edge_x-400,40,17704,0,0,4,0,0,1,0,2.17571949813,-400
exec27_edge_x-400,20,809,0,0,10,0,0,1,0,2.09136017989,-400
exec27_edge_x-400,13,14674,0,0,0,0,0,1,0,4.39894543209,-400
exec27_edge_x-400,20,804,2,0,3,0,0,1,0,2.42965078686,-400
exec27_edge_x-400,28,20395,6,0,4,0,0,1,0,1.82751432827,-400
exec27_edge_x-400,43,12592,3,0,8,2,0,1,1,4.59306412102,-400
exec27_edge_x-400,11,3050,6,0,6,0,0,1,0,3.34809983479,-400
exec27_edge_x-400,20,790,1,0,6,0,0,1,0,3.11117529299,-400
exec27_edge_x-400,25,18342,1,0,7,2,0,1,1,2.81692513922,-400
exec27_edge_x-400,40,17679,9,1,43,9,0,1,1,5.83996241825,-400
exec27_edge_x-400,23,2871,4,0,18,2,0,1,1,5.13119818983,-400
exec27_edge_x-400,28,20432,7,0,11,1,0,1,1,7.40391151772,-400
exec27_edge_x-400,11,3020,2,0,8,0,0,1,0,3.13621744676,-400
exec27_edge_x-400,31,17207,1,0,4,0,0,1,0,2.90496955526,-400
exec27_edge_x-400,40,17662,2,0,7,0,0,1,0,2.60679037143,-400
exec27_edge_x-400,16,14758,3,0,9,2,0,1,1,4.1550887967,-400
exec27_edge_x-400,11,2998,4,0,11,2,0,1,1,1.98290351732,-400
exec27_edge_x-400,28,20324,0,0,14,0,0,1,0,2.230833493,-400
exec27_edge_x-400,23,2811,5,0,2,0,0,1,0,2.19695859465,-400
exec27_edge_x-400,28,20304,5,0,2,0,0,1,0,6.50689843795,-400
exec27_edge_x-400,38,4855,10,1,2,0,0,1,0,5.23386767632,-400
exec27_edge_x-400,2,4704,7,0,13,0,0,1,0,2.60077437649,-400
exec27_edge_x-400,13,14577,5,0,2,0,0,1,0,4.99767452868,-400
exec27_edge_x-400,20,695,6,0,6,0,0,1,0,6.50432918741,-400
exec27_edge_x-400,43,12492,5,0,8,2,0,1,1,1.88857924871,-400
exec27_edge_x-400,23,2797,2,0,8,3,0,1,1,3.53604183001,-400
exec27_edge_x-400,20,679,6,0,9,2,0,1,1,9.86189848565,-400
exec27_edge_x-400,25,18202,4,0,1,0,0,1,0,4.63826447311,-400
exec27_edge_x-400,5,1848,1,0,15,8,0,1,1,3.54484908457,-400
exec27_edge_x-400,2,4666,4,0,8,0,0,1,0,3.27133659106,-400
exec27_edge_x-400,43,12467,4,0,3,0,0,1,0,1.89964498827,-400
exec27_edge_x-400,46,18461,7,0,6,0,0,1,0,1.7821996356,-400
exec27_edge_x-400,11,2919,7,0,6,2,0,1,1,3.27498041593,-400
exec27_edge_x-400,5,1842,5,0,12,0,0,1,0,5.05217010221,-400
exec27_edge_x-400,43,12461,0,0,6,2,0,1,1,2.97622515325,-400
exec27_edge_x-400,7,9592,6,0,7,0,0,1,0,2.28496790486,-400
exec27_edge_x-400,5,1838,4,0,12,0,0,1,0,3.09468966959,-400
exec27_edge_x-400,13,14529,2,0,12,1,0,1,1,5.02359833022,-400
exec27_edge_x-400,23,2756,2,0,16,0,0,1,0,2.29679084935,-400
exec27_edge_x-400,11,2893,2,0,16,4,0,1,1,2.18729842079,-400
exec27_edge_x-400,11,2886,6,0,7,0,0,1,0,2.84073014642,-400
exec27_edge_x-400,11,2885,3,0,8,1,0,1,1,3.91476212082,-400
exec27_edge_x-400,34,16747,2,0,19,4,0,1,1,3.15495832934,-400
exec27_edge_x-400,46,18417,2,0,5,0,0,1,0,1.83069883906,-400
exec27_edge_x-400,40,17534,14,1,12,0,0,1,0,5.37964788053,-400
exec27_edge_x-400,20,615,6,0,10,0,0,1,0,4.3189033706,-400
exec27_edge_x-400,38,4748,2,0,9,0,0,1,0,1.89484452989,-400
exec27_edge_x-400,28,20184,4,0,6,0,0,1,0,2.67432446154,-400
exec27_edge_x-400,28,20182,4,0,7,0,0,1,0,2.13058306816,-400
exec27_edge_x-400,2,4579,5,0,13,0,0,1,0,3.79722471341,-400
exec27_edge_x-400,25,18116,3,0,3,0,0,1,0,2.00613476354,-400
exec27_edge_x-400,28,20170,5,0,7,2,0,1,1,3.45617056201,-400
exec27_edge_x-400,43,12389,0,0,7,0,0,1,0,3.39094108753,-400
exec27_edge_x-400,46,18363,0,0,20,2,0,1,1,4.18469140388,-400
exec27_edge_x-400,43,12382,5,0,10,0,0,1,1,4.35240089005,-400
exec27_edge_x-400,31,17024,4,0,5,0,0,1,0,2.48214699142,-400
exec27_edge_x-400,7,9503,5,0,1,0,0,1,0,2.04722227074,-400
exec27_edge_x-400,46,18350,0,0,8,0,0,1,0,2.7848284762,-400
exec27_edge_x-400,5,1738,2,0,4,0,0,1,0,8.55685636919,-400
exec27_edge_x-400,38,4708,6,0,15,3,0,1,1,3.90401201627,-400
exec27_edge_x-400,25,19805,3,0,21,12,0,1,1,2.9780396397,-400
exec27_edge_x-400,2,4530,0,0,6,0,0,1,0,2.93827807887,-400
exec27_edge_x-400,2,4524,0,0,3,0,0,1,0,1.54360769278,-400
exec27_edge_x-400,43,12331,7,0,1,0,0,1,0,2.07772894607,-400
exec27_edge_x-400,23,2645,6,0,1,0,0,1,0,2.33890998392,-400
exec27_edge_x-400,46,18327,0,0,8,0,0,1,0,2.85599387447,-400
exec27_edge_x-400,25,19790,5,0,2,0,0,1,0,4.21471966395,-400
exec27_edge_x-400,2,4500,3,0,7,0,0,1,0,2.47479970932,-400
exec27_edge_x-400,5,1701,6,0,0,0,0,1,0,4.28747997669,-400
exec27_edge_x-400,38,4658,2,0,4,0,0,1,0,2.91401381527,-400
exec27_edge_x-400,34,16632,0,0,11,1,0,1,1,1.74860697304,-400
exec27_edge_x-400,2,4492,7,0,10,1,0,1,1,3.80820680168,-400
exec27_edge_x-400,28,20094,1,0,8,0,0,1,0,3.61565166766,-400
exec27_edge_x-400,28,20433,1,0,0,0,0,0,0,5.01443411941,-400
exec27_edge_x-400,13,14410,0,0,11,0,0,1,0,5.67382576799,-400
exec27_edge_x-400,7,9441,0,0,17,2,0,1,1,2.05697453393,-400
exec27_edge_x-400,20,506,12,1,9,0,0,1,0,6.21880165646,-400
exec27_edge_x-400,2,4470,0,0,12,0,0,1,0,2.72700196391,-400
exec27_edge_x-400,13,14397,6,0,16,2,0,1,1,5.24678732989,-400
exec27_edge_x-400,13,14392,3,0,13,0,0,1,1,1.761339441,-400
exec27_edge_x-400,20,496,5,0,11,0,0,1,0,2.53497068558,-400
exec27_edge_x-400,5,1658,3,0,5,0,0,1,0,4.88421219492,-400
exec27_edge_x-400,25,19763,4,0,7,0,0,1,0,2.48949019092,-400
exec27_edge_x-400,28,20071,11,1,4,0,0,1,0,9.68878055485,-400
exec27_edge_x-400,40,17385,5,0,11,0,0,1,0,3.92498444939,-400
exec27_edge_x-400,34,16584,5,0,2,0,0,1,0,1.89814571616,-400
exec27_edge_x-400,23,2579,1,0,3,0,0,1,1,5.69362328322,-400
exec27_edge_x-400,34,16566,7,0,12,0,0,1,0,2.69230301524,-400
exec27_edge_x-400,5,1617,2,0,6,0,0,1,0,2.64135913233,-400
exec27_edge_x-400,20,451,3,0,4,0,0,1,0,2.30803536797,-400
exec27_edge_x-400,11,2693,2,0,13,2,0,1,1,6.18076038294,-400
exec27_edge_x-400,11,2690,0,0,0,0,0,1,0,2.36959028934,-400
exec27_edge_x-400,11,2682,6,0,11,1,0,1,1,10.2801096895,-400
exec27_edge_x-400,2,4408,1,0,11,1,0,1,1,3.94571118449,-400
exec27_edge_x-400,46,18231,6,0,20,2,0,1,1,4.11892914536,-400
exec27_edge_x-400,7,9368,5,0,16,1,0,1,1,5.50234080821,-400
exec27_edge_x-400,46,18224,2,0,4,0,0,1,0,1.74501752619,-400
exec27_edge_x-400,40,17346,4,0,1,0,0,1,0,7.3274881012,-400
exec27_edge_x-400,16,14407,0,0,17,9,0,1,1,3.31644495236,-400
exec27_edge_x-400,23,2525,4,0,16,2,0,1,1,2.28524727406,-400
exec27_edge_x-400,34,16529,14,1,4,0,0,1,0,11.4983679112,-400
exec27_edge_x-400,7,9348,0,0,0,0,0,1,0,3.32516712834,-400
exec27_edge_x-400,40,17323,6,0,7,2,0,1,1,4.87162351439,-400
exec27_edge_x-400,20,414,0,0,2,0,0,1,0,3.5309115537,-400
exec27_edge_x-400,16,14377,0,0,5,0,0,1,1,2.82938175603,-400
exec27_edge_x-400,46,18183,5,0,20,10,0,1,1,4.0681823506,-400
exec27_edge_x-400,7,9322,3,0,3,0,0,1,0,2.85134729235,-400
exec27_edge_x-400,20,388,1,0,13,5,0,1,1,3.29877566056,-400
exec27_edge_x-400,11,2615,4,0,5,0,0,1,0,7.47234920943,-400
exec27_edge_x-400,40,17278,6,0,13,1,0,1,1,3.15549209411,-400
exec27_edge_x-400,43,12154,6,0,0,0,0,1,0,3.99829994222,-400
exec27_edge_x-400,43,12144,6,0,1,0,0,1,0,4.95325894776,-400
exec27_edge_x-400,43,12141,7,0,24,5,0,1,1,2.91825008975,-400
exec27_edge_x-400,11,2603,4,0,7,2,0,1,1,4.29270049395,-400
exec27_edge_x-400,16,14337,6,0,7,0,0,1,0,4.63785280949,-400
exec27_edge_x-400,7,9291,7,0,14,0,0,1,0,3.81237681805,-400
exec27_edge_x-400,13,14274,3,0,5,0,0,1,0,3.67492258004,-400
exec27_edge_x-400,38,4476,12,1,14,0,0,1,0,5.1658170916,-400
exec27_edge_x-400,25,19626,6,0,14,1,0,1,1,4.3802628229,-400
exec27_edge_x-400,7,9281,6,0,8,0,0,1,0,2.14952138361,-400
exec27_edge_x-400,31,16796,3,0,4,0,0,1,0,2.32939357817,-400
exec27_edge_x-400,25,19620,6,0,9,0,0,1,0,2.72883569663,-400
exec27_edge_x-400,20,336,7,0,11,0,0,1,1,6.60460979221,-400
exec27_edge_x-400,11,2578,0,0,12,1,0,1,1,4.04538697424,-400
exec27_edge_x-400,28,19901,9,1,16,0,0,1,0,6.09905060929,-400
exec27_edge_x-400,38,4451,3,0,25,0,0,1,1,3.85337984646,-400
exec27_edge_x-400,16,14303,4,0,9,2,0,1,1,7.09475542194,-400
exec27_edge_x-400,28,19895,0,0,9,0,0,1,0,3.91335278454,-400
exec27_edge_x-400,16,14290,5,0,3,0,0,1,0,4.12834443116,-400
exec27_edge_x-400,43,12095,2,0,3,0,0,1,0,3.11475706232,-400
exec27_edge_x-400,25,19596,5,0,24,0,0,1,0,6.46933435462,-400
exec27_edge_x-400,40,17218,5,0,11,5,0,1,1,3.96597928736,-400
exec27_edge_x-400,5,1446,6,0,7,0,0,1,0,1.80203402097,-400
exec27_edge_x-400,46,18098,5,0,8,0,0,1,1,2.85128213025,-400
exec27_edge_x-400,13,14210,1,0,1,0,0,1,0,5.26450391692,-400
exec27_edge_x-400,7,9216,3,0,23,8,0,1,1,2.93506955971,-400
exec27_edge_x-400,31,16753,4,0,8,0,0,1,0,9.99310835461,-400
exec27_edge_x-400,13,14200,0,0,9,2,0,1,1,6.46029416345,-400
exec27_edge_x-400,28,19849,3,0,9,0,0,1,0,2.16575977763,-400
exec27_edge_x-400,38,4400,1,0,5,0,0,1,1,5.60235207368,-400
exec27_edge_x-400,7,9202,3,0,17,1,0,1,1,5.47660659147,-400
exec27_edge_x-400,40,17176,2,0,1,0,0,1,0,2.44789194446,-400
exec27_edge_x-400,34,16342,7,0,9,3,0,1,1,1.9390580844,-400
exec27_edge_x-400,2,4219,4,0,6,1,0,1,1,2.6893231888,-400
exec27_edge_x-400,16,14232,14,1,22,2,0,1,1,5.04326338236,-400
exec27_edge_x-400,7,9185,0,0,9,1,0,1,1,1.84531805124,-400
exec27_edge_x-400,34,16332,7,0,9,0,0,1,1,2.71740336429,-400
exec27_edge_x-400,20,234,7,0,20,2,0,1,1,2.54713450628,-400
exec27_edge_x-400,23,2345,4,0,13,7,0,1,1,7.00984670139,-400
exec27_edge_x-400,23,2343,5,0,20,7,0,1,1,2.83634238037,-400
exec27_edge_x-400,5,1371,7,0,11,6,0,1,1,1.71327516973,-400
exec27_edge_x-400,20,226,7,0,6,0,0,1,0,2.30391324992,-400
exec27_edge_x-400,13,14159,5,0,9,0,0,1,0,2.35842299083,-400
exec27_edge_x-400,2,4192,0,0,6,0,0,1,0,5.00135153432,-400
exec27_edge_x-400,38,4340,6,0,17,0,0,1,1,4.52821542644,-400
exec27_edge_x-400,28,19813,2,0,10,0,0,1,0,3.36237120316,-400
exec27_edge_x-400,46,18025,6,0,9,0,0,1,0,3.85834778677,-400
exec27_edge_x-400,5,1340,2,0,10,4,0,1,1,3.4940142048,-400
exec27_edge_x-400,43,11998,5,0,10,2,0,1,1,2.08178727995,-400
exec27_edge_x-400,43,13273,5,0,0,0,0,0,0,2.34253266051,-400
exec27_edge_x-400,38,4310,2,0,8,0,0,1,0,7.17551120208,-400
exec27_edge_x-400,25,19486,13,1,4,0,0,1,0,5.18300463081,-400
exec27_edge_x-400,2,4156,5,0,5,0,0,1,0,2.54187924906,-400
exec27_edge_x-400,31,16658,1,0,4,2,0,1,1,5.79687487726,-400
exec27_edge_x-400,40,17099,4,0,1,0,0,1,0,7.01818276032,-400
exec27_edge_x-400,34,16256,1,0,8,0,0,1,0,2.07835214707,-400
exec27_edge_x-400,28,19773,5,0,14,1,0,1,1,3.48219134517,-400
exec27_edge_x-400,28,19765,2,0,10,0,0,1,1,2.750189899,-400
exec27_edge_x-400,34,16243,5,0,9,4,0,1,1,2.19551030744,-400
exec27_edge_x-400,13,14101,7,0,7,4,0,1,1,2.68951087142,-400
exec27_edge_x-400,13,14823,7,0,0,0,0,0,0,4.9119291969,-400
exec27_edge_x-400,13,14098,3,0,1,0,0,1,0,3.64942331479,-400
exec27_edge_x-400,23,2271,1,0,7,1,0,1,1,2.61766778589,-400
exec27_edge_x-400,34,16219,5,0,9,2,0,1,1,5.61045986699,-400
exec27_edge_x-400,13,14078,1,0,14,0,0,1,0,3.26357154267,-400
exec27_edge_x-400,11,2386,6,0,10,0,0,1,1,2.1266955035,-400
exec27_edge_x-400,28,19721,6,0,6,0,0,1,0,2.20075957292,-400
exec27_edge_x-400,11,2373,6,0,0,1,0,1,1,6.5421919977,-400
exec27_edge_x-400,7,9059,12,1,28,1,0,1,1,6.06855629151,-400
exec27_edge_x-400,28,19705,0,0,0,0,0,1,0,13.5292067595,-400
exec27_edge_x-400,40,17014,4,0,3,0,0,1,0,2.48476284644,-400
exec27_edge_x-400,46,17938,4,0,2,0,0,1,0,3.25287008836,-400
exec27_edge_x-400,38,4212,0,0,2,0,0,1,0,3.80356915182,-400
exec27_edge_x-400,31,16569,6,0,27,7,0,1,1,4.50926159314,-400
exec27_edge_x-400,28,19695,3,0,6,0,0,1,0,4.04963637029,-400
exec27_edge_x-400,46,17934,7,0,9,0,0,1,1,3.32912713585,-400
exec27_edge_x-400,46,17925,7,0,0,0,0,1,0,1.63588087924,-400
exec27_edge_x-400,38,4187,4,0,31,6,0,1,1,3.47990356393,-400
exec27_edge_x-400,34,16162,5,0,0,0,0,1,0,6.31137768879,-400
exec27_edge_x-400,7,9025,4,0,7,1,0,1,1,2.58446158254,-400
exec27_edge_x-400,34,16158,4,0,11,4,0,1,1,1.67223030647,-400
exec27_edge_x-400,38,4170,3,0,7,0,0,1,0,5.16717575463,-400
exec27_edge_x-400,25,19380,7,0,5,0,0,1,0,2.49008052019,-400
exec27_edge_x-400,5,1227,1,0,9,2,0,1,1,4.79207810335,-400
exec27_edge_x-400,20,57,4,0,11,0,0,1,0,1.34688056234,-400
exec27_edge_x-400,31,16539,0,0,5,0,0,1,0,2.08971309604,-400
exec27_edge_x-400,34,16150,5,0,19,0,0,1,0,4.93957342456,-400
exec27_edge_x-400,5,1219,3,0,0,0,0,1,0,2.81476845027,-400
exec27_edge_x-400,46,17900,2,0,14,9,0,1,1,8.32714587983,-400
exec27_edge_x-400,13,14010,2,0,12,4,0,1,1,3.02385603179,-400
exec27_edge_x-400,43,11857,5,0,12,6,0,1,1,7.96437443846,-400
exec27_edge_x-400,25,19369,3,0,23,0,0,1,0,2.42107130752,-400
exec27_edge_x-400,25,19367,3,0,14,2,0,1,1,2.96424832488,-400
exec27_edge_x-400,5,1211,2,0,25,9,0,1,1,4.23640176417,-400
exec27_edge_x-400,46,17891,3,0,2,0,0,1,0,3.46844942068,-400
exec27_edge_x-400,5,1209,6,0,11,0,0,1,1,2.74819820447,-400
exec27_edge_x-400,7,8995,7,0,17,5,0,1,1,3.2169632559,-400
exec27_edge_x-400,46,17878,5,0,5,1,0,1,1,2.8362344063,-400
exec27_edge_x-400,25,19350,0,0,14,4,0,1,1,3.5964934365,-400
exec27_edge_x-400,13,13990,4,0,8,0,0,1,1,6.00656245795,-400
exec27_edge_x-400,38,4134,3,0,4,0,0,1,0,2.37190446315,-400
exec27_edge_x-400,31,16507,13,1,5,0,0,1,0,5.37505122146,-400
exec27_edge_x-400,23,2136,6,0,9,0,0,1,0,8.24162106555,-400
exec27_edge_x-400,28,19632,7,0,0,0,0,0,0,4.28893618257,-400
exec27_edge_x-400,5,1178,5,0,7,0,0,1,0,2.18598524884,-400
exec27_edge_x-400,5,1172,0,0,1,0,0,1,0,1.87428394767,-400
exec27_edge_x-400,31,16485,5,0,4,1,0,1,1,3.32933577635,-400
exec27_edge_x-400,2,3963,7,0,10,1,0,1,1,2.12024377828,-400
exec27_edge_x-400,13,13938,7,0,3,0,0,1,0,3.55170191221,-400
exec27_edge_x-400,2,3954,4,0,5,0,0,1,0,3.76099157716,-400
exec27_edge_x-400,43,15106,3,0,0,0,0,1,0,6.12554973168,-400
exec27_edge_x-400,28,19593,6,0,2,0,0,1,0,1.99738920445,-400
exec27_edge_x-400,11,2247,2,0,5,0,0,1,0,4.48143686752,-400
exec27_edge_x-400,31,16462,1,0,2,0,0,1,0,6.495465502,-400
exec27_edge_x-400,23,2078,5,0,5,2,0,1,1,3.77035044793,-400
exec27_edge_x-400,38,4078,2,0,3,0,0,1,0,2.48705465943,-400
exec27_edge_x-400,43,15093,4,0,7,4,0,1,1,2.88666619198,-400
exec27_edge_x-400,16,13953,4,0,2,4,0,1,1,1.68369391386,-400
exec27_edge_x-400,38,4073,3,0,1,1,0,1,1,3.45428515111,-400
exec27_edge_x-400,38,4069,5,0,7,2,0,1,1,5.98976981789,-400
exec27_edge_x-400,25,19286,2,0,17,0,0,1,1,2.30314309663,-400
exec27_edge_x-400,25,19832,2,0,0,0,0,0,0,3.80430894884,-400
exec27_edge_x-400,28,19575,3,0,10,0,1,1,0,3.0693170132,-400
exec27_edge_x-400,40,16858,4,0,20,6,0,1,1,3.4138894878,-400
exec27_edge_x-400,23,2045,7,0,11,0,0,1,0,2.05659986667,-400
exec27_edge_x-400,23,2039,2,0,9,0,0,1,0,3.28601670088,-400
exec27_edge_x-400,20,2975,3,0,9,0,0,1,1,4.94133997801,-400
exec27_edge_x-400,31,16421,0,0,0,0,0,1,0,2.47463092739,-400
exec27_edge_x-400,28,19557,14,1,9,4,0,1,1,6.53892239805,-400
exec27_edge_x-400,2,3909,7,0,14,3,0,1,1,2.34379147993,-400
exec27_edge_x-400,46,17778,7,0,3,0,0,1,0,2.05042627986,-400
exec27_edge_x-400,23,2008,0,0,5,0,0,1,1,2.3012398842,-400
exec27_edge_x-400,7,8872,5,0,13,0,0,1,1,7.04775865308,-400
exec27_edge_x-400,23,2006,0,0,17,4,0,1,1,3.9985175296,-400
exec27_edge_x-400,31,16399,7,0,7,0,0,1,0,1.77767972681,-400
exec27_edge_x-400,2,3868,12,1,26,1,0,1,1,5.02655909532,-400
exec27_edge_x-400,38,3983,7,0,3,0,0,1,0,1.57521058097,-400
exec27_edge_x-400,40,16787,1,0,7,0,0,1,0,2.12450469498,-400
exec27_edge_x-400,2,3850,7,0,4,0,0,1,0,6.84555310194,-400
exec27_edge_x-400,20,2918,7,0,4,0,0,1,1,5.87161280617,-400
exec27_edge_x-400,7,8822,6,0,3,0,0,1,0,2.2055988489,-400
exec27_edge_x-400,7,8815,6,0,9,3,0,1,1,3.91925841094,-400
exec27_edge_x-400,28,19456,1,0,14,0,0,1,0,1.96644492844,-400
exec27_edge_x-400,23,1955,7,0,7,0,0,1,0,3.71378084961,-400
exec27_edge_x-400,43,14999,0,0,11,7,0,1,1,2.88567181813,-400
exec27_edge_x-400,31,16355,0,0,3,0,0,1,0,2.91448103204,-400
exec27_edge_x-400,2,3829,6,0,10,0,0,1,0,3.75615428504,-400
exec27_edge_x-400,5,1019,2,0,2,0,0,1,0,3.22263748599,-400
exec27_edge_x-400,20,2884,5,0,4,1,0,1,1,2.77036243331,-400
exec27_edge_x-400,5,1011,1,0,10,0,0,1,0,2.35464957129,-400
exec27_edge_x-400,40,16739,2,0,0,0,0,1,0,2.29845398114,-400
exec27_edge_x-400,28,19425,5,0,0,0,0,1,0,12.0623854476,-400
exec27_edge_x-400,38,3938,5,0,22,8,0,1,1,2.42266449943,-400
exec27_edge_x-400,7,8783,5,0,0,0,0,1,0,2.02179665937,-400
exec27_edge_x-400,7,9619,5,0,0,0,0,0,0,5.81487148173,-400
exec27_edge_x-400,25,20114,4,0,32,4,0,1,1,7.46297973945,-400
exec27_edge_x-400,38,3921,3,0,0,0,0,1,1,2.60899227376,-400
exec27_edge_x-400,16,17651,3,0,0,0,0,1,0,2.47734844,-400
exec27_edge_x-400,25,20094,1,0,2,1,0,1,1,3.15455169684,-400
exec27_edge_x-400,16,17641,5,0,9,1,0,1,1,4.252708378,-400
exec27_edge_x-400,7,8752,6,0,0,0,0,1,0,2.90909926304,-400
exec27_edge_x-400,28,19382,6,0,13,0,0,1,0,4.37441502694,-400
exec27_edge_x-400,16,17633,2,0,3,0,0,1,0,2.3918179437,-400
exec27_edge_x-400,40,16693,6,0,4,0,0,1,0,6.63131004174,-400
exec27_edge_x-400,7,8741,2,0,8,0,0,1,0,2.70474064678,-400
exec27_edge_x-400,16,17628,1,0,15,2,0,1,1,2.34296392995,-400
exec27_edge_x-400,7,8737,5,0,4,0,0,1,0,7.62257044436,-400
exec27_edge_x-400,7,8730,4,0,3,0,0,1,0,2.15408212759,-400
exec27_edge_x-400,31,18583,3,0,17,6,0,1,1,4.3083205912,-400
exec27_edge_x-400,16,17620,1,0,3,1,0,1,1,1.89538601379,-400
exec27_edge_x-400,38,3882,2,0,4,0,0,1,0,3.86175021729,-400
exec27_edge_x-400,16,17612,2,0,20,0,0,1,0,6.00310726962,-400
exec27_edge_x-400,46,17606,5,0,8,1,0,1,1,3.00001255992,-400
exec27_edge_x-400,46,18588,5,0,0,0,0,0,0,8.5279888209,-400
exec27_edge_x-400,34,15867,5,0,7,0,0,1,0,3.8883758599,-400
exec27_edge_x-400,40,16650,4,0,6,0,0,1,0,6.42091824794,-400
exec27_edge_x-400,5,903,6,0,11,0,0,1,0,3.38267107991,-400
exec27_edge_x-400,13,13677,0,0,17,6,0,1,1,9.27549526618,-400
exec27_edge_x-400,31,18550,1,0,2,0,0,1,0,2.48017189226,-400
exec27_edge_x-400,5,885,3,0,6,0,0,1,1,4.57657241657,-400
exec27_edge_x-400,38,3840,7,0,8,10,0,1,1,10.4252455412,-400
exec27_edge_x-400,40,16618,6,0,22,2,0,1,1,5.6275070222,-400
exec27_edge_x-400,2,3697,0,0,14,4,0,1,1,3.99496839478,-400
exec27_edge_x-400,20,2736,6,0,0,0,0,1,0,2.06639052564,-400
exec27_edge_x-400,25,19996,1,0,12,0,0,1,0,4.78403637317,-400
exec27_edge_x-400,13,13624,1,0,4,0,0,1,0,2.43829706474,-400
exec27_edge_x-400,34,15795,5,0,3,0,0,1,0,4.41336618747,-400
exec27_edge_x-400,31,18491,7,0,10,0,0,1,0,7.25889538431,-400
exec27_edge_x-400,25,19968,1,0,6,0,0,1,0,2.00546130951,-400
exec27_edge_x-400,43,14773,1,0,0,0,0,0,0,3.99605537055,-400
exec27_edge_x-400,46,17511,3,0,9,3,0,1,1,5.2405648771,-400
exec27_edge_x-400,40,16548,7,0,9,0,0,1,0,2.50933768851,-400
exec27_edge_x-400,28,19220,0,0,15,1,0,1,1,4.71561740534,-400
exec27_edge_x-400,43,14738,1,0,2,0,0,1,0,1.81435623732,-400
exec27_edge_x-400,43,15124,1,0,0,0,0,0,0,5.88112840098,-400
exec27_edge_x-400,11,1910,6,0,7,3,0,1,1,2.39148845092,-400
exec27_edge_x-400,38,3734,3,0,8,1,0,1,1,1.74803615344,-400
exec27_edge_x-400,11,1903,3,0,5,0,0,1,1,2.60004717231,-400
exec27_edge_x-400,23,5569,5,0,7,0,0,1,0,6.7551255648,-400
exec27_edge_x-400,2,3595,0,0,13,0,0,1,0,2.26764454661,-400
exec27_edge_x-400,46,17469,0,0,6,1,0,1,1,4.53375277301,-400
exec27_edge_x-400,23,5432,7,0,8,0,0,1,0,3.32247832144,-400
exec27_edge_x-400,16,17460,0,0,2,0,0,1,0,4.45350182185,-400
exec27_edge_x-400,38,3707,7,0,0,0,0,0,0,3.1285547949,-400
exec27_edge_x-400,38,3693,7,0,4,0,0,1,0,2.53907709418,-400
exec27_edge_x-400,34,17441,5,0,6,0,0,1,0,6.40602806642,-400
exec27_edge_x-400,2,3561,5,0,11,0,0,1,0,2.4125606951,-400
exec27_edge_x-400,46,17428,7,0,8,0,0,1,0,5.59225902033,-400
exec27_edge_x-400,20,2589,5,0,4,0,0,1,0,5.34143187433,-400
exec27_edge_x-400,2,3542,9,1,21,1,0,1,1,5.27454784156,-400
exec27_edge_x-400,16,17407,5,0,9,0,0,1,1,3.217515251,-400
exec27_edge_x-400,11,1811,5,0,11,2,0,1,1,2.83190104475,-400
exec27_edge_x-400,43,14627,6,0,23,5,0,1,1,7.00691472631,-400
exec27_edge_x-400,25,20222,5,0,4,0,0,1,0,1.82819343941,-400
exec27_edge_x-400,11,1788,1,0,11,0,0,1,0,3.9876482451,-400
exec27_edge_x-400,46,17350,0,0,7,2,0,1,1,2.83784483846,-400
exec27_edge_x-400,11,1774,7,0,2,0,0,1,0,3.48983686296,-400
exec27_edge_x-400,34,15599,7,0,12,0,0,1,0,4.76900413219,-400
exec27_edge_x-400,28,19092,5,0,0,0,0,1,0,2.39396849592,-400
exec27_edge_x-400,7,8425,5,0,21,3,0,1,1,3.4217751072,-400
exec27_edge_x-400,38,3567,2,0,12,1,0,1,1,4.29357699875,-400
exec27_edge_x-400,28,19077,0,0,14,2,0,1,1,4.34517463887,-400
exec27_edge_x-400,7,8410,5,0,17,1,0,1,1,3.76478498983,-400
exec27_edge_x-400,11,1735,0,0,4,0,0,1,0,2.32385902754,-400
exec27_edge_x-400,2,3416,2,0,15,2,0,1,1,2.28359040273,-400
exec27_edge_x-400,40,16350,7,0,3,0,0,1,0,2.84426494623,-400
exec27_edge_x-400,38,3539,1,0,3,0,0,1,0,3.02515855471,-400
exec27_edge_x-400,7,8400,6,0,19,0,0,1,1,4.01341772352,-400
exec27_edge_x-400,20,2429,3,0,9,6,0,1,1,1.62133217281,-400
exec27_edge_x-400,5,576,4,0,17,3,0,1,1,5.13498830077,-400
exec27_edge_x-400,7,8376,6,0,10,0,0,1,0,2.73758449778,-400
exec27_edge_x-400,38,3510,6,0,13,0,0,1,1,2.19229487226,-400
exec27_edge_x-400,38,3509,1,0,13,3,0,1,1,5.04946429255,-400
exec27_edge_x-400,38,5101,1,0,0,0,0,0,0,6.17524108516,-400
exec27_edge_x-400,43,14511,3,0,6,0,0,1,0,1.83882712357,-400
exec27_edge_x-400,25,20272,1,0,2,0,0,1,0,1.75855335309,-400
exec27_edge_x-400,20,2402,3,0,2,0,0,1,0,1.81378890137,-400
exec27_edge_x-400,20,2390,6,0,2,0,0,1,0,1.95905610775,-400
exec27_edge_x-400,7,8343,2,0,20,4,0,1,1,5.14194274052,-400
exec27_edge_x-400,28,19018,6,0,11,0,0,1,0,4.71005316282,-400
exec27_edge_x-400,38,3487,1,0,3,0,0,1,0,3.70728338542,-400
exec27_edge_x-400,40,16291,4,0,17,6,0,1,1,1.78953132433,-400
exec27_edge_x-400,11,1675,1,0,8,0,0,1,0,3.69439019961,-400
exec27_edge_x-400,13,16543,6,0,8,1,0,1,1,3.0727912294,-400
exec27_edge_x-400,16,17212,5,0,16,2,0,1,1,5.10951721814,-400
exec27_edge_x-400,7,8306,5,0,4,0,0,1,0,4.28086895537,-400
exec27_edge_x-400,20,2360,7,0,10,0,0,1,0,4.31933962078,-400
exec27_edge_x-400,7,8299,3,0,2,0,0,1,0,3.02914931678,-400
exec27_edge_x-400,31,18166,6,0,14,3,0,1,1,2.78533259518,-400
exec27_edge_x-400,7,8289,5,0,24,8,0,1,1,6.2124222168,-400
exec27_edge_x-400,38,3432,3,0,16,1,0,1,1,2.66117286283,-400
exec27_edge_x-400,40,16226,0,0,3,0,0,1,1,3.66537167896,-400
exec27_edge_x-400,38,3414,4,0,12,3,1,1,1,4.74041102169,-400
exec27_edge_x-400,16,17159,7,0,10,0,0,1,0,2.08067212678,-400
exec27_edge_x-400,13,16470,7,0,14,4,0,1,1,2.39073718266,-400
exec27_edge_x-400,34,19458,1,0,11,3,0,1,1,2.47078445648,-400
exec27_edge_x-400,38,3379,6,0,5,0,0,1,0,6.04942435814,-400
exec27_edge_x-400,2,3248,7,0,10,0,0,1,0,4.80024146641,-400
exec27_edge_x-400,16,17125,0,0,4,0,0,1,0,1.84689604219,-400
exec27_edge_x-400,43,14384,1,0,2,0,0,1,0,1.91163822302,-400
exec27_edge_x-400,7,8187,7,0,8,2,0,1,1,3.30152617532,-400
exec27_edge_x-400,11,1562,2,0,6,0,0,1,0,2.04815638955,-400
exec27_edge_x-400,43,14370,6,0,8,1,0,1,1,3.48361918782,-400
exec27_edge_x-400,2,3223,1,0,10,1,0,1,1,2.89155434137,-400
exec27_edge_x-400,43,14366,2,0,1,0,0,1,1,2.52882142118,-400
exec27_edge_x-400,31,18059,0,0,18,6,0,1,1,3.63921248481,-400
exec27_edge_x-400,34,19417,2,0,14,2,0,1,1,7.57659196071,-400
exec27_edge_x-400,2,3215,2,0,14,1,0,1,1,3.73113507177,-400
exec27_edge_x-400,20,2234,6,0,3,1,0,1,1,3.72955009091,-400
exec27_edge_x-400,31,18052,2,0,5,0,0,1,0,1.70024765829,-400
exec27_edge_x-400,31,18050,5,0,4,0,0,1,0,4.47332355629,-400
exec27_edge_x-400,13,16410,4,0,29,9,0,1,1,6.16403159858,-400
exec27_edge_x-400,2,3199,7,0,1,0,0,1,0,3.09138557761,-400
exec27_edge_x-400,31,18039,9,1,4,2,0,1,1,4.5269817273,-400
exec27_edge_x-400,2,3194,0,0,24,5,0,1,1,6.02214808536,-400
exec27_edge_x-400,25,21651,6,0,7,0,0,1,1,8.09900631025,-400
exec27_edge_x-400,34,19395,0,0,17,0,0,1,1,2.62792474058,-400
exec27_edge_x-400,31,18020,5,0,8,0,0,1,0,4.29868724138,-400
exec27_edge_x-400,43,14341,3,0,6,0,0,1,0,2.46286157254,-400
exec27_edge_x-400,46,20045,2,0,24,2,0,1,1,3.27141889402,-400
exec27_edge_x-400,25,21638,1,0,9,0,0,1,0,2.58963627884,-400
exec27_edge_x-400,20,2197,6,0,8,0,0,1,0,8.79007294501,-400
exec27_edge_x-400,2,3183,1,0,14,5,0,1,1,9.15213332578,-400
exec27_edge_x-400,20,2196,6,0,22,12,0,1,1,2.79638479947,-400
exec27_edge_x-400,34,19382,0,0,11,0,0,1,1,5.20153562804,-400
exec27_edge_x-400,43,14329,6,0,13,4,0,1,1,3.34965728272,-400
exec27_edge_x-400,20,2190,4,0,3,2,0,1,1,6.57000581052,-400
exec27_edge_x-400,43,14319,7,0,5,0,0,1,0,3.93204275985,-400
exec27_edge_x-400,11,1495,2,0,3,0,0,1,0,4.01451241016,-400
exec27_edge_x-400,11,1493,4,0,0,0,0,1,0,2.465522546,-400
exec27_edge_x-400,7,8099,0,0,18,0,0,1,1,2.61490197073,-400
exec27_edge_x-400,16,17039,2,0,1,0,0,1,0,6.85536214806,-400
exec27_edge_x-400,46,20017,2,0,7,0,0,1,0,3.57524814217,-400
exec27_edge_x-400,28,18807,2,0,15,2,0,1,1,3.10820503587,-400
exec27_edge_x-400,2,3138,8,1,4,0,0,1,0,3.91151874862,-400
exec27_edge_x-400,43,14302,0,0,6,0,0,1,0,3.09329233596,-400
exec27_edge_x-400,28,18785,2,0,14,1,0,1,1,3.51667992602,-400
exec27_edge_x-400,16,17004,1,0,18,3,0,1,1,8.24496959279,-400
exec27_edge_x-400,5,301,2,0,10,0,0,1,0,1.80501518198,-400
exec27_edge_x-400,38,3234,2,0,10,2,0,1,1,1.68220215349,-400
exec27_edge_x-400,38,5103,2,0,0,0,0,0,0,3.51874675399,-400
exec27_edge_x-400,2,3089,3,0,9,0,0,1,0,1.40448359091,-400
exec27_edge_x-400,7,8032,0,0,3,0,0,1,1,1.41726512499,-400
exec27_edge_x-400,16,16987,14,1,6,0,0,1,0,6.99811516158,-400
exec27_edge_x-400,28,18768,5,0,15,7,0,1,1,4.4012082653,-400
exec27_edge_x-400,43,14258,1,0,6,0,0,1,1,4.23725637895,-400
exec27_edge_x-400,43,14257,7,0,5,1,0,1,1,2.85532403418,-400
exec27_edge_x-400,2,3075,0,0,12,1,0,1,1,1.40170870768,-400
exec27_edge_x-400,7,8023,9,1,0,0,0,1,0,8.71578700887,-400
exec27_edge_x-400,2,3069,5,0,8,4,0,1,1,1.49676492075,-400
exec27_edge_x-400,13,16304,2,0,7,0,0,1,1,3.71003962726,-400
exec27_edge_x-400,43,14249,4,0,10,0,0,1,1,4.741685376,-400
exec27_edge_x-400,7,8018,1,0,2,0,0,1,0,1.57124212544,-400
exec27_edge_x-400,5,262,2,0,5,0,0,1,1,3.01038600301,-400
exec27_edge_x-400,20,2098,0,0,6,0,0,1,0,4.12739718869,-400
exec27_edge_x-400,46,19934,6,0,22,4,0,1,1,5.09173316998,-400
exec27_edge_x-400,11,1402,6,0,4,2,0,1,1,2.06310099946,-400
exec27_edge_x-400,28,18731,15,1,13,0,0,1,0,6.66954780349,-400
exec27_edge_x-400,38,3150,1,0,8,2,0,1,1,1.67564625933,-400
exec27_edge_x-400,7,7990,5,0,4,0,0,1,0,3.43009408204,-400
exec27_edge_x-400,25,21515,2,0,27,10,0,1,1,2.37364137022,-400
exec27_edge_x-400,23,4937,7,0,13,0,0,1,0,2.78595631464,-400
exec27_edge_x-400,2,6636,0,0,6,2,0,1,1,1.74737150013,-400
exec27_edge_x-400,40,19503,3,0,0,0,0,1,0,4.37611805194,-400
exec27_edge_x-400,2,6630,0,0,5,0,0,1,0,5.09553058319,-400
exec27_edge_x-400,46,19906,6,0,11,9,0,1,1,4.15181522285,-400
exec27_edge_x-400,43,14208,2,0,3,0,0,1,0,3.68733618691,-400
exec27_edge_x-400,32,1595,12,1,9,0,0,1,0,5.07848729495,-400
exec27_edge_x-400,20,2059,3,0,5,0,0,1,0,6.76846933706,-400
exec27_edge_x-400,46,19895,2,0,6,5,0,1,1,4.76971011838,-400
exec27_edge_x-400,11,1373,7,0,11,6,0,1,1,5.49620823172,-400
exec27_edge_x-400,20,3057,5,0,3,0,0,1,0,4.97490055005,-400
exec27_edge_x-400,25,21472,4,0,14,3,0,1,1,2.65322973109,-400
exec27_edge_x-400,16,16894,6,0,5,0,0,1,0,2.1820177933,-400
exec27_edge_x-400,46,19867,2,0,7,0,0,1,0,2.61982392979,-400
exec27_edge_x-400,20,2037,6,0,1,0,0,1,0,3.6459194586,-400
exec27_edge_x-400,7,7929,4,0,3,1,0,1,1,3.30316524022,-400
exec27_edge_x-400,43,14163,3,0,7,1,0,1,1,2.7256427129,-400
exec27_edge_x-400,2,6588,7,0,16,5,0,1,1,4.43198913681,-400
exec27_edge_x-400,2,6582,0,0,7,0,0,1,0,8.00183995461,-400
exec27_edge_x-400,32,1534,7,0,3,0,0,1,0,3.21465571507,-400
exec27_edge_x-400,2,6573,3,0,7,0,0,1,0,5.2778570785,-400
exec27_edge_x-400,43,14132,2,0,3,0,0,1,0,3.3218588145,-400
exec27_edge_x-400,7,7889,0,0,12,1,0,1,1,4.31816749712,-400
exec27_edge_x-400,23,4854,0,0,0,1,0,1,1,2.38359202797,-400
exec27_edge_x-400,25,21414,1,0,7,2,0,1,1,2.29624772668,-400
exec27_edge_x-400,43,14122,3,0,5,0,0,1,0,8.84091640144,-400
exec27_edge_x-400,25,21406,1,0,15,0,0,1,0,2.80429076364,-400
exec27_edge_x-400,28,18622,6,0,16,0,0,1,0,2.98141784047,-400
exec27_edge_x-400,25,21390,0,0,1,0,0,1,0,2.55971124688,-400
exec27_edge_x-400,2,6542,3,0,19,9,0,1,1,4.89276083207,-400
exec27_edge_x-400,38,6779,3,0,11,0,0,1,1,3.89150399832,-400
exec27_edge_x-400,40,19392,6,0,5,0,0,1,1,2.62288787454,-400
exec27_edge_x-400,32,1503,1,0,14,3,0,1,1,10.9746582907,-400
exec27_edge_x-400,13,16166,6,0,9,2,0,1,1,3.36062879929,-400
exec27_edge_x-400,20,1962,4,0,1,0,0,1,0,3.11431378234,-400
exec27_edge_x-400,7,7852,6,0,0,0,0,1,0,2.49572754248,-400
exec27_edge_x-400,28,18607,5,0,5,0,0,1,1,2.37737103417,-400
exec27_edge_x-400,23,4815,0,0,4,2,0,1,1,4.17807828836,-400
exec27_edge_x-400,13,16153,4,0,10,2,0,1,1,3.33930907201,-400
exec27_edge_x-400,7,7834,2,0,0,0,0,0,0,3.2892024939,-400
exec27_edge_x-400,7,7829,1,0,4,2,0,1,1,1.71766371136,-400
exec27_edge_x-400,38,6739,5,0,0,0,0,1,0,4.27666118895,-400
exec27_edge_x-400,38,6883,5,0,0,0,0,0,0,5.65646812299,-400
exec27_edge_x-400,11,1252,2,0,4,3,0,1,1,4.06619121154,-400
exec27_edge_x-400,13,16141,4,0,4,1,0,1,1,2.97291431501,-400
exec27_edge_x-400,20,1921,7,0,11,0,0,1,0,3.11122377731,-400
exec27_edge_x-400,32,1450,4,0,4,0,0,1,1,2.05972294808,-400
exec27_edge_x-400,13,16130,2,0,3,2,0,1,1,2.71831691131,-400
exec27_edge_x-400,13,16705,2,0,0,0,0,0,0,6.15830106376,-400
exec27_edge_x-400,46,19743,0,0,6,1,0,1,1,2.48765673737,-400
exec27_edge_x-400,2,6478,7,0,2,0,0,1,0,2.32439078239,-400
exec27_edge_x-400,11,1216,4,0,7,0,0,1,1,5.54631792062,-400
exec27_edge_x-400,41,1624,0,0,1,0,0,1,0,1.56058840615,-400
exec27_edge_x-400,2,6470,5,0,5,0,0,1,0,1.89959472178,-400
exec27_edge_x-400,7,7769,3,0,3,1,0,1,1,2.10026603419,-400
exec27_edge_x-400,20,1862,3,0,0,0,0,1,0,3.06508636824,-400
exec27_edge_x-400,32,1399,0,0,26,9,0,1,1,3.81535812943,-400
exec27_edge_x-400,41,1586,2,0,8,2,0,1,1,2.56616550943,-400
exec27_edge_x-400,46,19708,7,0,9,2,0,1,1,2.41880297449,-400
exec27_edge_x-400,16,16677,0,0,14,3,0,1,1,3.23988083083,-400
exec27_edge_x-400,16,17790,1,0,5,0,0,1,1,5.46891842244,-400
exec27_edge_x-400,20,1834,2,0,4,0,0,1,0,2.19530269709,-400
exec27_edge_x-400,43,13979,6,0,0,0,0,1,0,2.25564750285,-400
exec27_edge_x-400,25,21258,6,0,4,0,0,1,0,4.28260807995,-400
exec27_edge_x-400,23,4720,3,0,12,0,0,1,1,3.02580765889,-400
exec27_edge_x-400,13,16045,14,1,14,0,0,1,0,4.47877847855,-400
exec27_edge_x-400,28,18439,2,0,0,0,0,1,0,1.25724454183,-400
exec27_edge_x-400,11,1143,5,0,4,0,0,1,0,9.91149566309,-400
exec27_edge_x-400,16,16655,2,0,5,0,0,1,1,2.00691848179,-400
exec27_edge_x-400,46,19670,1,0,6,0,0,1,1,2.51489594565,-400
exec27_edge_x-400,28,20807,7,0,1,0,0,1,0,1.49722460835,-400
exec27_edge_x-400,41,1537,0,0,10,2,0,1,1,2.01464356157,-400
exec27_edge_x-400,20,1800,0,0,11,0,0,1,0,2.06703837553,-400
exec27_edge_x-400,2,6356,2,0,11,2,0,1,1,2.34874241187,-400
exec27_edge_x-400,2,6343,6,0,9,0,0,1,0,2.4777646217,-400
exec27_edge_x-400,20,1782,7,0,3,0,0,1,0,2.20653341062,-400
exec27_edge_x-400,11,1091,4,0,5,0,0,1,0,7.27017496043,-400
exec27_edge_x-400,20,1771,4,0,6,0,1,1,0,4.82209661972,-400
exec27_edge_x-400,5,2420,5,0,21,7,0,1,1,3.31255588638,-400
exec27_edge_x-400,16,16599,3,0,0,0,0,1,0,3.35358272934,-400
exec27_edge_x-400,5,2409,5,0,6,0,0,1,0,9.00353701882,-400
exec27_edge_x-400,43,13868,3,0,3,0,0,1,0,1.48708897376,-400
exec27_edge_x-400,2,6296,5,0,9,0,0,1,0,1.91711664853,-400
exec27_edge_x-400,11,1055,10,1,33,3,0,1,1,5.59235453174,-400
exec27_edge_x-400,2,6288,3,0,1,0,0,1,0,6.49560217487,-400
exec27_edge_x-400,25,21163,6,0,10,0,0,1,0,9.92187930082,-400
exec27_edge_x-400,11,1047,1,0,5,0,0,1,0,3.63295457734,-400
exec27_edge_x-400,11,1044,7,0,5,0,0,1,0,2.37473068199,-400
exec27_edge_x-400,20,1730,12,1,22,0,0,1,0,5.63571608158,-400
exec27_edge_x-400,7,7637,0,0,3,0,0,1,1,3.76794890973,-400
exec27_edge_x-400,23,4625,12,1,23,0,0,1,0,6.97933131927,-400
exec27_edge_x-400,38,6518,5,0,5,2,0,1,1,4.58059300457,-400
exec27_edge_x-400,20,1709,2,0,14,5,0,1,1,3.25008986905,-400
exec27_edge_x-400,34,18884,2,0,14,0,0,1,0,2.99633943077,-400
exec27_edge_x-400,11,1020,4,0,3,1,0,1,1,2.93551346235,-400
exec27_edge_x-400,20,1693,6,0,3,0,0,1,0,1.57999164994,-400
exec27_edge_x-400,25,21112,6,0,10,0,0,1,0,5.71150369838,-400
exec27_edge_x-400,23,4592,5,0,5,0,0,1,0,2.64105120598,-400
exec27_edge_x-400,34,18845,7,0,0,0,0,1,0,3.89669443347,-400
exec27_edge_x-400,34,18838,7,0,11,0,0,1,0,2.16034529509,-400
exec27_edge_x-400,43,13790,6,0,13,2,0,1,1,2.67648782364,-400
exec27_edge_x-400,32,1198,4,0,8,0,0,1,0,2.74111064619,-400
exec27_edge_x-400,20,1651,2,0,29,6,0,1,1,4.45807902322,-400
exec27_edge_x-400,28,20639,0,0,9,1,0,1,1,7.29982799999,-400
exec27_edge_x-400,5,2296,0,0,1,0,0,1,1,1.29698818598,-400
exec27_edge_x-400,13,15884,7,0,0,0,0,1,0,2.43481104665,-400
exec27_edge_x-400,32,1171,12,1,5,0,0,1,0,6.39558169232,-400
exec27_edge_x-400,28,20621,1,0,7,0,0,1,1,1.80377583327,-400
exec27_edge_x-400,41,1338,5,0,26,4,0,1,1,2.83796004143,-400
exec27_edge_x-400,13,15873,4,0,1,0,0,1,0,2.73428272889,-400
exec27_edge_x-400,28,20613,2,0,8,0,0,1,0,2.49062203458,-400
exec27_edge_x-400,5,3853,6,0,0,0,0,1,0,5.27185730766,-400
exec27_edge_x-400,5,3851,5,0,2,0,0,1,0,2.31505593885,-400
exec27_edge_x-400,28,20609,2,0,8,0,0,1,1,3.80574942608,-400
exec27_edge_x-400,46,19483,1,0,10,5,0,1,1,9.97705519154,-400
exec27_edge_x-400,16,16461,2,0,4,0,0,1,0,1.79820968252,-400
exec27_edge_x-400,41,1322,5,0,3,0,0,1,0,5.16313572292,-400
exec27_edge_x-400,13,15861,1,0,0,0,0,1,0,4.68559242625,-400
exec27_edge_x-400,23,4515,6,0,20,0,0,1,0,3.94226554227,-400
exec27_edge_x-400,43,13731,2,0,6,4,0,1,1,8.00243331745,-400
exec27_edge_x-400,16,16441,8,1,20,0,0,1,0,6.53027874948,-400
exec27_edge_x-400,41,1305,2,0,26,7,0,1,1,4.87939714005,-400
exec27_edge_x-400,23,4486,3,0,10,6,0,1,1,6.80161363359,-400
exec27_edge_x-400,23,4481,5,0,10,4,0,1,1,7.78682713547,-400
exec27_edge_x-400,32,1109,6,0,4,0,0,1,0,2.96727941682,-400
exec27_edge_x-400,25,20994,7,0,3,0,0,1,0,4.39977185543,-400
exec27_edge_x-400,28,20551,4,0,7,2,0,1,1,3.3604820394,-400
exec27_edge_x-400,43,13695,11,1,8,0,0,1,0,4.26902574001,-400
exec27_edge_x-400,38,6349,3,0,16,0,0,1,1,1.90165175769,-400
exec27_edge_x-400,46,19422,0,0,8,0,0,1,0,4.41226528519,-400
exec27_edge_x-400,5,3767,4,0,17,0,0,1,0,5.4434263047,-400
exec27_edge_x-400,23,4454,7,0,5,0,0,1,0,2.4651713586,-400
exec27_edge_x-400,7,7456,3,0,14,0,0,1,0,4.69948689788,-400
exec27_edge_x-400,13,15776,3,0,14,6,0,1,1,5.85138545627,-400
exec27_edge_x-400,5,3744,2,0,8,0,0,1,0,5.32395068831,-400
exec27_edge_x-400,7,7427,4,0,5,4,0,1,1,5.69143809529,-400
exec27_edge_x-400,2,6089,0,0,11,0,0,1,0,2.33122418708,-400
exec27_edge_x-400,7,7421,4,0,5,1,0,1,1,3.29663804745,-400
exec27_edge_x-400,32,1041,7,0,14,7,0,1,1,5.53852618408,-400
exec27_edge_x-400,7,7412,2,0,1,0,0,1,0,7.58775721493,-400
exec27_edge_x-400,5,3708,1,0,18,18,0,1,1,2.3615789156,-400
exec27_edge_x-400,25,20914,4,0,23,5,0,1,1,7.66571761719,-400
exec27_edge_x-400,41,1193,7,0,7,0,0,1,1,3.14411495352,-400
exec27_edge_x-400,16,16304,15,1,5,0,0,1,0,7.92705755614,-400
exec27_edge_x-400,13,15697,4,0,9,1,0,1,1,2.52319645497,-400
exec27_edge_x-400,13,15688,6,0,2,0,0,1,0,5.47059206703,-400
exec27_edge_x-400,20,5302,7,0,1,1,0,1,1,1.87248999365,-400
exec27_edge_x-400,5,3681,5,0,5,6,0,1,1,1.65063511687,-400
exec27_edge_x-400,13,15683,3,0,1,0,0,1,0,1.67048471028,-400
exec27_edge_x-400,7,7359,4,0,11,0,0,1,0,4.48399889335,-400
exec27_edge_x-400,16,16282,7,0,0,0,0,1,0,8.14546207767,-400
exec27_edge_x-400,25,20882,3,0,12,1,0,1,1,2.80608920271,-400
exec27_edge_x-400,23,4352,2,0,7,0,0,1,0,5.75851568574,-400
exec27_edge_x-400,7,7345,6,0,2,0,0,1,0,2.39181113826,-400
exec27_edge_x-400,11,797,6,0,2,0,0,1,0,1.6473705836,-400
exec27_edge_x-400,41,1154,4,0,19,0,0,1,0,1.71206602114,-400
exec27_edge_x-400,29,1625,1,0,13,5,0,1,1,2.27529095173,-400
exec27_edge_x-400,38,6214,6,0,4,0,0,1,0,9.50060742927,-400
exec27_edge_x-400,25,20853,12,1,7,0,0,1,1,4.78885515965,-400
exec27_edge_x-400,34,18597,1,0,8,0,0,1,0,1.62808238033,-400
exec27_edge_x-400,46,19282,3,0,14,0,0,1,1,1.81916396796,-400
exec27_edge_x-400,46,19278,2,0,2,0,0,1,0,3.82657235544,-400
exec27_edge_x-400,38,6203,5,0,1,0,0,1,0,4.38780921972,-400
exec27_edge_x-400,16,16221,5,0,4,0,0,1,0,4.34693718045,-400
exec27_edge_x-400,5,3628,12,1,0,0,0,1,0,5.54419461855,-400
exec27_edge_x-400,38,6182,4,0,8,0,0,1,0,4.99583074271,-400
exec27_edge_x-400,7,7265,6,0,11,1,0,1,1,3.04294162679,-400
exec27_edge_x-400,13,15592,0,0,2,0,0,1,0,1.81240541243,-400
exec27_edge_x-400,43,13502,8,1,0,0,0,1,0,5.9828780607,-400
exec27_edge_x-400,13,15585,3,0,7,1,0,1,1,4.44241671066,-400
exec27_edge_x-400,38,6156,2,0,5,0,0,1,0,2.90403739641,-400
exec27_edge_x-400,7,7248,5,0,1,0,0,1,0,1.25478378873,-400
exec27_edge_x-400,25,20797,1,0,7,5,0,1,1,4.49067440409,-400
exec27_edge_x-400,20,5195,0,0,30,5,0,1,1,3.67456957024,-400
exec27_edge_x-400,46,19209,6,0,10,1,0,1,1,5.3703515278,-400
exec27_edge_x-400,13,15558,6,0,10,1,0,1,1,3.01696702032,-400
exec27_edge_x-400,5,3554,2,0,7,0,0,1,0,3.22121123952,-400
exec27_edge_x-400,38,6125,0,0,3,0,0,1,0,4.99331440995,-400
exec27_edge_x-400,32,873,9,1,13,5,0,1,1,8.53214488223,-400
exec27_edge_x-400,34,18511,6,0,16,0,0,1,0,7.4704668765,-400
exec27_edge_x-400,11,688,7,0,3,0,0,1,0,2.03245925545,-400
exec27_edge_x-400,13,15553,7,0,25,8,0,1,1,3.87331028997,-400
exec27_edge_x-400,29,1515,14,1,3,0,0,1,0,4.96499832509,-400
exec27_edge_x-400,34,18505,2,0,3,0,0,1,0,4.60032998619,-400
exec27_edge_x-400,46,19191,0,0,6,0,0,1,0,5.83466814231,-400
exec27_edge_x-400,23,4225,0,0,26,5,0,1,1,2.93659263773,-400
exec27_edge_x-400,32,846,6,0,4,0,0,1,0,1.63099221336,-400
exec27_edge_x-400,11,650,4,0,4,0,0,1,0,2.38201363478,-400
exec27_edge_x-400,13,15526,3,0,4,0,0,1,0,2.9578364797,-400
exec27_edge_x-400,32,826,5,0,9,2,0,1,1,3.83890962475,-400
exec27_edge_x-400,29,1484,12,1,28,2,0,1,1,11.8558951457,-400
exec27_edge_x-400,2,5892,7,0,10,0,0,1,0,2.54129443532,-400
exec27_edge_x-400,32,802,7,0,6,0,0,1,0,1.56864984088,-400
exec27_edge_x-400,29,1480,1,0,6,0,0,1,0,2.03101525403,-400
exec27_edge_x-400,20,5124,4,0,9,0,0,1,0,2.55639809437,-400
exec27_edge_x-400,20,5122,5,0,23,2,0,1,1,5.99068201516,-400
exec27_edge_x-400,41,991,0,0,6,0,0,1,0,3.59614190189,-400
exec27_edge_x-400,25,20716,7,0,4,0,0,1,0,7.34424345629,-400
exec27_edge_x-400,32,784,1,0,2,0,0,1,0,3.28220796825,-400
exec27_edge_x-400,25,20708,0,0,2,0,0,1,0,4.58623322846,-400
exec27_edge_x-400,2,5871,7,0,3,6,0,1,1,3.27677644961,-400
exec27_edge_x-400,43,13397,5,0,18,3,0,1,1,2.32371160768,-400
exec27_edge_x-400,41,965,7,0,18,0,0,1,1,2.0238057971,-400
exec27_edge_x-400,32,767,3,0,17,6,0,1,1,2.77558160239,-400
exec27_edge_x-400,7,11083,3,0,25,8,0,1,1,5.01781266251,-400
exec27_edge_x-400,7,11078,6,0,3,0,0,1,0,3.20482813214,-400
exec27_edge_x-400,29,1436,5,0,3,0,0,1,0,2.19723591059,-400
exec27_edge_x-400,13,15457,2,0,7,1,0,1,1,2.88770857177,-400
exec27_edge_x-400,5,3460,2,0,14,0,0,1,0,3.87769507036,-400
exec27_edge_x-400,2,5830,6,0,11,1,0,1,1,2.05805567472,-400
exec27_edge_x-400,43,13322,0,0,9,0,0,1,1,1.5716146114,-400
exec27_edge_x-400,43,13313,7,0,12,2,0,1,1,1.8755190653,-400
exec27_edge_x-400,16,16046,3,0,18,9,0,1,1,2.00517540321,-400
exec27_edge_x-400,2,5815,7,0,7,6,0,1,1,2.63003710672,-400
exec27_edge_x-400,11,565,0,0,0,0,0,1,0,2.4147827884,-400
exec27_edge_x-400,41,904,4,0,13,0,0,1,0,1.75014825917,-400
exec27_edge_x-400,46,19057,6,0,2,0,0,1,0,2.23095340114,-400
exec27_edge_x-400,34,18370,1,0,10,2,1,1,1,5.76345253345,-400
exec27_edge_x-400,32,723,4,0,7,0,0,1,0,2.17396054564,-400
exec27_edge_x-400,34,18367,3,0,7,0,0,1,0,3.68120075088,-400
exec27_edge_x-400,13,15431,0,0,2,0,0,1,0,2.6546359971,-400
exec27_edge_x-400,38,5991,3,0,12,0,0,1,0,2.9517496736,-400
exec27_edge_x-400,41,888,0,0,8,0,0,1,0,6.82312771081,-400
exec27_edge_x-400,20,5022,5,0,1,0,0,1,0,2.62153655378,-400
exec27_edge_x-400,25,20619,6,0,16,1,0,1,1,8.20564318806,-400
exec27_edge_x-400,25,20611,3,0,6,0,0,1,0,2.65915923062,-400
exec27_edge_x-400,29,1368,1,0,9,0,0,1,1,1.62509472867,-400
exec27_edge_x-400,13,15399,0,0,3,3,0,1,1,3.95232133341,-400
exec27_edge_x-400,16,19223,6,0,2,0,0,1,0,5.43425099966,-400
exec27_edge_x-400,2,5746,6,0,7,0,0,1,0,1.43184403719,-400
exec27_edge_x-400,23,4067,3,0,2,0,0,1,0,2.15224850024,-400
exec27_edge_x-400,5,3386,3,0,18,2,0,1,1,7.84514288386,-400
exec27_edge_x-400,13,15385,7,0,6,0,0,1,0,7.58400305481,-400
exec27_edge_x-400,11,486,0,0,4,0,0,1,0,2.81826853551,-400
exec27_edge_x-400,7,10979,2,0,15,5,0,1,1,2.78588997395,-400
exec27_edge_x-400,29,1317,0,0,3,0,0,1,0,2.19982442037,-400
exec27_edge_x-400,46,18982,5,0,8,0,0,1,0,4.17023026009,-400
exec27_edge_x-400,46,18970,0,0,11,2,0,1,1,4.35228665488,-400
exec27_edge_x-400,32,630,1,0,3,0,0,1,0,7.44326167434,-400
exec27_edge_x-400,34,18283,2,0,0,0,0,0,0,3.88333480756,-400
exec27_edge_x-400,16,19172,4,0,6,0,0,1,0,4.05655445872,-400
exec27_edge_x-400,38,5895,0,0,24,2,0,1,1,2.08743833648,-400
exec27_edge_x-400,11,431,7,0,12,4,0,1,1,2.73013461068,-400
exec27_edge_x-400,11,430,1,0,24,8,0,1,1,8.97111597776,-400
exec27_edge_x-400,5,3313,7,0,14,7,0,1,1,2.48206680829,-400
exec27_edge_x-400,7,10921,1,0,2,0,0,1,0,2.65424942427,-400
exec27_edge_x-400,20,4901,2,0,25,7,0,1,1,2.13414335411,-400
exec27_edge_x-400,7,10920,3,0,19,4,0,1,1,2.0121996467,-400
exec27_edge_x-400,5,3300,7,0,9,0,0,1,0,3.90288892167,-400
exec27_edge_x-400,2,5655,6,0,13,2,0,1,1,5.1386379551,-400
exec27_edge_x-400,7,10891,3,0,8,0,0,1,0,2.91168128999,-400
exec27_edge_x-400,34,18233,0,0,1,0,0,1,0,3.42716632583,-400
exec27_edge_x-400,5,3285,2,0,22,6,0,1,1,2.20611991422,-400
exec27_edge_x-400,32,545,5,0,3,0,0,1,0,2.44136092172,-400
exec27_edge_x-400,38,5836,7,0,2,2,0,1,1,6.73255475806,-400
exec27_edge_x-400,34,18198,0,0,4,0,0,1,0,3.5754234062,-400
exec27_edge_x-400,16,19102,6,0,7,3,0,1,1,2.85139885959,-400
exec27_edge_x-400,41,714,12,1,11,0,0,1,0,10.9417093883,-400
exec27_edge_x-400,2,5612,8,1,23,3,0,1,1,4.84655680548,-400
exec27_edge_x-400,7,10847,4,0,2,0,0,1,1,2.37344562766,-400
exec27_edge_x-400,29,1204,1,0,6,0,0,1,0,2.49779277582,-400
exec27_edge_x-400,20,4855,3,0,4,0,0,1,0,3.48943221318,-400
exec27_edge_x-400,38,5815,4,0,2,0,0,1,0,5.67667560714,-400
exec27_edge_x-400,25,20444,6,0,20,4,0,1,1,6.32668666429,-400
exec27_edge_x-400,2,5591,0,0,3,0,0,1,0,1.75713283547,-400
exec27_edge_x-400,11,348,1,0,8,0,0,1,0,1.64989627805,-400
exec27_edge_x-400,41,695,0,0,8,0,0,1,0,8.27357708279,-400
exec27_edge_x-400,29,1191,1,0,4,0,0,1,0,2.12300535863,-400
exec27_edge_x-400,2,5584,1,0,12,0,0,1,0,2.21602488146,-400
exec27_edge_x-400,20,4841,2,0,5,2,0,1,1,2.65432485304,-400
exec27_edge_x-400,7,10811,3,0,2,0,0,1,0,3.80211742802,-400
exec27_edge_x-400,2,5549,6,0,14,6,0,1,1,5.25979717081,-400
exec27_edge_x-400,46,18836,5,0,9,2,0,1,1,4.29148785101,-400
exec27_edge_x-400,5,3188,10,1,0,0,0,0,0,8.15997447108,-400
exec27_edge_x-400,5,3867,10,1,0,0,0,0,0,13.3154308011,-400
exec27_edge_x-400,43,16350,7,0,9,4,0,1,1,2.63262268587,-400
exec27_edge_x-400,7,10789,0,0,22,2,0,1,1,5.79749317467,-400
exec27_edge_x-400,41,649,0,0,3,0,0,1,0,6.15962400977,-400
exec27_edge_x-400,7,10786,0,0,7,6,0,1,1,8.49841027489,-400
exec27_edge_x-400,29,1141,3,0,17,2,0,1,1,4.90514796615,-400
exec27_edge_x-400,25,20366,7,0,3,0,0,1,0,2.64984258807,-400
exec27_edge_x-400,41,640,4,0,12,4,0,1,1,2.19207002497,-400
exec27_edge_x-400,46,18800,0,0,11,0,0,1,0,1.46934800237,-400
exec27_edge_x-400,5,3153,0,0,5,0,0,1,0,14.4561273101,-400
exec27_edge_x-400,23,7327,4,0,6,0,0,1,0,1.97438753074,-400
exec27_edge_x-400,11,260,4,0,3,0,0,1,0,2.74177609587,-400
exec27_edge_x-400,41,613,7,0,14,7,0,1,1,2.7117435293,-400
exec27_edge_x-400,23,7312,1,0,9,0,0,1,1,5.11986800968,-400
exec27_edge_x-400,25,20322,2,0,0,0,0,1,0,2.87984441815,-400
exec27_edge_x-400,23,7301,5,0,14,2,0,1,1,3.88268032709,-400
exec27_edge_x-400,46,18761,3,0,1,0,0,1,1,3.35384283663,-400
exec27_edge_x-400,16,18966,5,0,2,0,0,1,0,4.44599713845,-400
exec27_edge_x-400,46,18759,0,0,6,0,0,1,0,2.64613869046,-400
exec27_edge_x-400,5,3094,4,0,13,3,0,1,1,2.61484819865,-400
exec27_edge_x-400,23,7286,7,0,10,4,0,1,1,5.09890839659,-400
exec27_edge_x-400,41,573,3,0,11,5,0,1,1,7.49590731522,-400
exec27_edge_x-400,34,18039,7,0,0,0,0,0,0,3.47236940711,-400
exec27_edge_x-400,38,5640,1,0,12,2,0,1,1,2.74847425247,-400
exec27_edge_x-400,7,10675,6,0,7,0,0,1,0,8.83846949344,-400
exec27_edge_x-400,13,15076,1,0,2,0,0,1,0,3.55756001717,-400
exec27_edge_x-400,34,17997,2,0,4,2,0,1,1,6.70792577745,-400
exec27_edge_x-400,2,5421,6,0,14,4,0,1,1,6.89964523259,-400
exec27_edge_x-400,2,5419,2,0,5,3,0,1,1,1.77316290351,-400
exec27_edge_x-400,13,15067,2,0,0,0,0,1,0,4.12770760164,-400
exec27_edge_x-400,20,4635,7,0,17,0,0,1,1,3.97312816155,-400
exec27_edge_x-400,13,15060,4,0,7,2,0,1,1,3.39462694518,-400
exec27_edge_x-400,43,16206,7,0,7,0,0,1,0,2.26941661672,-400
exec27_edge_x-400,34,17981,5,0,4,0,0,1,0,3.61060159491,-400
exec27_edge_x-400,20,4627,5,0,10,0,0,1,0,2.36261064354,-400
exec27_edge_x-400,41,502,7,0,9,0,0,1,0,3.89507192275,-400
exec27_edge_x-400,29,1014,0,0,6,0,0,1,1,1.92159392785,-400
exec27_edge_x-400,13,15042,4,0,1,0,0,1,0,3.6279850497,-400
exec27_edge_x-400,7,10646,6,0,6,0,0,1,1,2.04967683691,-400
exec27_edge_x-400,43,16195,5,0,14,7,0,1,1,5.77474437337,-400
exec27_edge_x-400,20,4610,1,0,4,0,0,1,0,2.23456892425,-400
exec27_edge_x-400,20,5435,1,0,0,0,0,0,0,3.62552397898,-400
exec27_edge_x-400,20,4604,3,0,4,3,0,1,1,10.0065460651,-400
exec27_edge_x-400,25,23180,4,0,20,13,0,1,1,3.54073867729,-400
exec27_edge_x-400,34,17949,4,0,4,0,0,1,0,3.96533326206,-400
exec27_edge_x-400,34,17946,5,0,5,2,0,1,1,4.73979079504,-400
exec27_edge_x-400,23,7186,0,0,12,1,0,1,1,3.07569103076,-400
exec27_edge_x-400,13,15009,2,0,2,1,0,1,1,2.41490979341,-400
exec27_edge_x-400,46,18595,5,0,3,0,0,1,0,1.32568915261,-400
exec27_edge_x-400,20,4587,2,0,6,2,0,1,1,2.24132997505,-400
exec27_edge_x-400,41,461,0,0,32,20,0,1,1,2.83409682173,-400
exec27_edge_x-400,46,22258,6,0,2,0,0,1,0,4.62032371515,-400
exec27_edge_x-400,20,4576,6,0,7,3,0,1,1,6.82937773748,-400
exec27_edge_x-400,43,16161,5,0,10,0,0,1,0,2.42287338803,-400
exec27_edge_x-400,41,447,4,0,10,2,0,1,1,4.0893483882,-400
exec27_edge_x-400,5,2967,0,0,30,1,0,1,1,3.14431407536,-400
exec27_edge_x-400,38,5531,3,0,13,2,0,1,1,2.57866114839,-400
exec27_edge_x-400,38,6888,3,0,0,0,0,0,0,4.54084309515,-400
exec27_edge_x-400,13,14966,2,0,9,0,0,1,0,2.65700252598,-400
exec27_edge_x-400,11,59,13,1,4,0,0,1,0,3.90635416063,-400
exec27_edge_x-400,7,10565,3,0,24,7,0,1,1,2.81316712868,-400
exec27_edge_x-400,13,14953,1,0,11,0,0,1,0,2.04463964211,-400
exec27_edge_x-400,2,5316,6,0,9,1,0,1,1,3.98584484165,-400
exec27_edge_x-400,41,429,3,0,8,2,0,1,1,2.17208950384,-400
exec27_edge_x-400,32,233,7,0,10,0,0,1,0,1.97885622267,-400
exec27_edge_x-400,5,2931,0,0,5,1,0,1,1,3.64232777727,-400
exec27_edge_x-400,29,932,4,0,6,0,0,1,0,2.2907365209,-400
exec27_edge_x-400,46,22225,4,0,13,1,0,1,1,3.05807968029,-400
exec27_edge_x-400,11,37,4,0,22,2,0,1,1,1.47104262897,-400
exec27_edge_x-400,2,5304,2,0,8,1,0,1,1,3.47224819008,-400
exec27_edge_x-400,16,18808,7,0,4,0,0,1,0,6.21989497015,-400
exec27_edge_x-400,7,10548,1,0,9,0,0,1,0,3.80588015616,-400
exec27_edge_x-400,13,16710,4,0,2,5,0,1,1,4.76694016736,-400
exec27_edge_x-400,46,22214,0,0,11,0,0,1,0,2.30305804161,-400
exec27_edge_x-400,23,7115,7,0,2,0,0,1,0,5.46792209287,-400
exec27_edge_x-400,5,2919,0,0,12,0,0,1,0,3.71928287301,-400
exec27_edge_x-400,5,2916,5,0,19,6,0,1,1,2.20656602868,-400
exec27_edge_x-400,46,22209,2,0,8,0,0,1,0,3.00431501925,-400
exec27_edge_x-400,20,4523,0,0,10,0,0,1,0,3.3715650644,-400
exec27_edge_x-400,38,5474,4,0,12,0,0,1,0,3.53459194042,-400
exec27_edge_x-400,2,5277,2,0,3,0,0,1,0,5.91432903695,-400
exec27_edge_x-400,2,6660,2,0,0,0,0,0,0,6.45081010793,-400
exec27_edge_x-400,2,5270,1,0,9,0,0,1,0,5.44794691482,-400
exec27_edge_x-400,41,387,3,0,15,4,0,1,1,2.63321838431,-400
exec27_edge_x-400,25,23062,2,0,6,0,0,1,0,4.22870133078,-400
exec27_edge_x-400,5,2891,3,0,21,0,0,1,0,3.11456896043,-400
exec27_edge_x-400,7,10504,1,0,2,0,0,1,0,3.41739744949,-400
exec27_edge_x-400,46,22178,2,0,10,0,0,1,0,2.73133631555,-400
exec27_edge_x-400,25,23054,0,0,19,3,0,1,1,2.25534642855,-400
exec27_edge_x-400,23,7066,1,0,4,0,0,1,0,2.74627862131,-400
exec27_edge_x-400,32,154,4,0,2,0,0,1,0,2.62267894621,-400
exec27_edge_x-400,25,23034,0,0,4,0,0,1,0,20.4746297068,-400
exec27_edge_x-400,29,850,1,0,2,0,0,1,0,3.36535429559,-400
exec27_edge_x-400,23,7053,1,0,18,3,0,1,1,4.09065544497,-400
exec27_edge_x-400,25,23030,5,0,17,0,0,1,1,1.99856142462,-400
exec27_edge_x-400,23,7045,7,0,11,1,0,1,1,2.64659566563,-400
exec27_edge_x-400,7,10470,4,0,24,6,0,1,1,2.42054773456,-400
exec27_edge_x-400,5,2847,0,0,1,0,0,1,0,3.01171345153,-400
exec27_edge_x-400,16,18701,4,0,3,0,0,1,0,2.01579431835,-400
exec27_edge_x-400,23,7038,3,0,4,0,0,1,1,3.44038518786,-400
exec27_edge_x-400,23,7035,1,0,20,2,0,1,1,4.2270051259,-400
exec27_edge_x-400,32,123,2,0,14,2,0,1,1,1.55848377351,-400
exec27_edge_x-400,46,22126,3,0,6,2,0,1,1,5.23699099936,-400
exec27_edge_x-400,11,5856,3,0,19,11,0,1,1,4.08621871813,-400
exec27_edge_x-400,16,18683,9,1,20,0,0,1,0,8.02289865621,-400
exec27_edge_x-400,20,4426,0,0,3,0,0,1,0,5.08106528652,-400
exec27_edge_x-400,13,17062,3,0,11,1,0,1,1,5.95917217191,-400
exec27_edge_x-400,7,10424,7,0,17,8,0,1,1,4.940025789,-400
exec27_edge_x-400,25,22970,1,0,18,4,0,1,1,2.40981174387,-400
exec27_edge_x-400,34,17761,4,0,5,0,0,1,1,2.30653350078,-400
exec27_edge_x-400,29,785,4,0,3,0,0,1,0,2.13347497069,-400
exec27_edge_x-400,20,4410,7,0,19,10,0,1,1,3.51219425958,-400
exec27_edge_x-400,43,15975,6,0,13,2,0,1,1,2.86843710245,-400
exec27_edge_x-400,2,5157,4,0,5,3,0,1,1,3.20349601817,-400
exec27_edge_x-400,11,5801,7,0,1,0,0,1,0,2.62017555598,-400
exec27_edge_x-400,43,15951,0,0,7,0,0,1,0,3.80271153597,-400
exec27_edge_x-400,38,5316,1,0,3,0,0,1,0,4.79368805169,-400
exec27_edge_x-400,41,248,5,0,5,2,0,1,1,4.2279460508,-400
exec27_edge_x-400,11,5777,2,0,6,4,0,1,1,2.88172740208,-400
exec27_edge_x-400,32,3248,2,0,13,4,0,1,1,2.70598908192,-400
exec27_edge_x-400,46,22041,2,0,4,0,0,1,1,3.88637426175,-400
exec27_edge_x-400,2,5114,5,0,3,0,0,1,0,1.74171713914,-400
exec27_edge_x-400,13,16985,1,0,4,0,0,1,0,5.47607831585,-400
exec27_edge_x-400,38,5294,7,0,3,0,0,1,0,3.37437266562,-400
exec27_edge_x-400,25,22908,7,0,5,0,0,1,1,4.16357390464,-400
exec27_edge_x-400,25,22892,1,0,7,0,0,1,0,2.1977129156,-400
exec27_edge_x-400,43,15916,3,0,5,0,0,1,1,4.23109583623,-400
exec27_edge_x-400,2,5087,2,0,25,9,0,1,1,7.35301813684,-400
exec27_edge_x-400,46,22021,6,0,2,0,0,1,0,3.02271834609,-400
exec27_edge_x-400,38,5269,3,0,12,2,0,1,1,9.85001392495,-400
exec27_edge_x-400,13,16958,0,0,1,0,0,1,0,5.07309738509,-400
exec27_edge_x-400,41,200,0,0,0,0,0,1,0,5.14431352316,-400
exec27_edge_x-400,46,21989,6,0,1,0,0,1,0,3.24204241898,-400
exec27_edge_x-400,7,10317,7,0,6,2,0,1,1,5.94374394764,-400
exec27_edge_x-400,23,6887,6,0,1,0,0,1,0,3.20423331122,-400
exec27_edge_x-400,29,682,2,0,3,0,0,1,0,6.65625567668,-400
exec27_edge_x-400,43,15876,7,0,14,2,0,1,1,2.07302885639,-400
exec27_edge_x-400,43,15872,3,0,5,0,0,1,0,5.12907132816,-400
exec27_edge_x-400,29,673,2,0,16,1,0,1,1,7.40926730349,-400
exec27_edge_x-400,41,168,3,0,9,0,0,1,0,4.02532860653,-400
exec27_edge_x-400,16,18538,15,1,9,0,0,1,0,7.0249316092,-400
exec27_edge_x-400,5,2660,5,0,3,0,0,1,0,7.10008327162,-400
exec27_edge_x-400,38,5231,6,0,17,3,0,1,1,3.40130686121,-400
exec27_edge_x-400,20,4291,4,0,3,0,0,1,0,2.10826508218,-400
exec27_edge_x-400,20,4288,4,0,9,0,0,1,0,1.81390853453,-400
exec27_edge_x-400,34,17636,4,0,10,0,0,1,0,2.00776319192,-400
exec27_edge_x-400,23,6855,7,0,17,0,0,1,1,2.19718522023,-400
exec27_edge_x-400,13,16907,1,0,2,0,0,1,0,7.83268462351,-400
exec27_edge_x-400,5,2642,5,0,5,0,0,1,0,5.70267763283,-400
exec27_edge_x-400,7,10266,3,0,16,6,0,1,1,2.94981753415,-400
exec27_edge_x-400,23,6838,5,0,24,12,0,1,1,5.35179226832,-400
exec27_edge_x-400,5,2629,4,0,16,0,0,1,0,2.61000735742,-400
exec27_edge_x-400,34,17614,4,0,13,0,0,1,0,3.97375520731,-400
exec27_edge_x-400,41,120,2,0,6,0,0,1,1,3.78356698804,-400
exec27_edge_x-400,16,18476,14,1,22,3,0,1,1,5.07541473213,-400
exec27_edge_x-400,41,101,3,0,9,5,0,1,1,1.28404545221,-400
exec27_edge_x-400,11,5611,7,0,0,0,0,1,0,7.10136299222,-400
exec27_edge_x-400,16,18458,5,0,14,0,0,1,0,2.94327611944,-400
exec27_edge_x-400,46,21859,1,0,7,1,0,1,1,2.66387515616,-400
exec27_edge_x-400,29,585,6,0,5,0,0,1,0,3.92809685415,-400
exec27_edge_x-400,2,8060,0,0,6,8,0,1,1,2.18348796338,-400
exec27_edge_x-400,25,22727,0,0,29,4,0,1,1,4.9419141559,-400
exec27_edge_x-400,2,8050,4,0,9,1,0,1,1,2.69704417177,-400
exec27_edge_x-400,7,10194,7,0,7,1,0,1,1,4.27697919514,-400
exec27_edge_x-400,29,571,2,0,4,0,0,1,0,4.27865705021,-400
exec27_edge_x-400,41,32,3,0,11,0,0,1,0,1.53006057536,-400
exec27_edge_x-400,13,16807,3,0,4,0,0,1,0,9.01813559635,-400
exec27_edge_x-400,25,22708,1,0,3,0,0,1,0,3.40985876101,-400
exec27_edge_x-400,7,10177,2,0,13,0,0,1,0,2.16125174726,-400
exec27_edge_x-400,25,22695,5,0,9,0,0,1,0,2.33556085248,-400
exec27_edge_x-400,46,21824,7,0,2,0,0,1,0,1.67147617876,-400
exec27_edge_x-400,20,4172,7,0,23,1,0,1,1,1.72732163307,-400
exec27_edge_x-400,11,5553,1,0,15,4,0,1,1,2.95792348112,-400
exec27_edge_x-400,34,17515,7,0,28,3,1,1,1,1.89694117066,-400
exec27_edge_x-400,11,5536,3,0,3,0,0,1,0,9.3861839779,-400
exec27_edge_x-400,7,10150,6,0,7,4,0,1,1,2.38369804012,-400
exec27_edge_x-400,41,2941,2,0,5,0,0,1,0,2.05650407743,-400
exec27_edge_x-400,13,16762,7,0,14,1,0,1,1,4.16547507966,-400
exec27_edge_x-400,13,16759,0,0,8,3,0,1,1,2.45436973789,-400
exec27_edge_x-400,29,517,4,0,0,0,0,1,0,3.91315779772,-400
exec27_edge_x-400,11,5518,1,0,13,5,0,1,1,2.10994988434,-400
exec27_edge_x-400,25,22645,5,0,8,2,0,1,1,6.25885608702,-400
exec27_edge_x-400,29,496,1,0,5,2,0,1,1,3.64403047743,-400
exec27_edge_x-400,7,10101,4,0,1,0,0,1,0,5.4172313851,-400
exec27_edge_x-400,29,493,3,0,1,1,0,1,1,1.9881700887,-400
exec27_edge_x-400,38,8303,1,0,6,0,0,1,0,4.25875553133,-400
exec27_edge_x-400,14,1489,6,0,2,0,0,1,0,1.60418032268,-400
exec27_edge_x-400,29,484,2,0,6,0,0,1,0,1.77804017027,-400
exec27_edge_x-400,32,2975,0,0,40,22,0,1,1,9.15822465514,-400
exec27_edge_x-400,41,2885,3,0,16,4,0,1,1,2.82350482597,-400
exec27_edge_x-400,2,7959,5,0,10,0,0,1,0,3.96511479306,-400
exec27_edge_x-400,25,22622,3,0,3,0,0,1,0,2.92671732297,-400
exec27_edge_x-400,41,2878,7,0,0,0,0,1,1,4.41175962827,-400
exec27_edge_x-400,2,7944,7,0,1,0,0,1,0,2.25778624038,-400
exec27_edge_x-400,34,21253,7,0,14,1,0,1,1,3.23969274043,-400
exec27_edge_x-400,29,457,6,0,7,0,0,1,1,2.94552964486,-400
exec27_edge_x-400,14,1466,1,0,4,0,0,1,1,8.56598120507,-400
exec27_edge_x-400,16,18318,3,0,10,3,0,1,1,4.74648100975,-400
exec27_edge_x-400,34,21240,2,0,21,3,0,1,1,4.47249487663,-400
exec27_edge_x-400,46,21723,2,0,7,2,0,1,1,2.58934273967,-400
exec27_edge_x-400,32,2941,5,0,15,6,0,1,1,10.3765702557,-400
exec27_edge_x-400,34,21226,3,0,21,4,0,1,1,3.01722990176,-400
exec27_edge_x-400,7,10061,3,0,1,0,0,1,0,2.07748904136,-400
exec27_edge_x-400,34,21223,4,0,6,0,0,1,0,4.50345554671,-400
exec27_edge_x-400,46,21702,2,0,9,0,0,1,0,1.85456679897,-400
exec27_edge_x-400,46,22274,2,0,0,0,0,0,0,2.99909116812,-400
exec27_edge_x-400,2,7895,1,0,6,0,0,1,0,2.92967965501,-400
exec27_edge_x-400,23,6606,0,0,10,0,0,1,0,3.90701801916,-400
exec27_edge_x-400,23,6600,4,0,4,0,0,1,0,2.13874489332,-400
exec27_edge_x-400,34,21195,1,0,3,3,0,1,1,2.7679127903,-400
exec27_edge_x-400,11,5430,0,0,5,1,0,1,1,3.30208393298,-400
exec27_edge_x-400,7,10023,3,0,2,0,0,1,0,4.14384615447,-400
exec27_edge_x-400,16,18272,4,0,11,1,0,1,1,4.41685434513,-400
exec27_edge_x-400,23,6581,5,0,0,0,0,1,0,8.22311645583,-400
exec27_edge_x-400,11,5420,7,0,17,0,0,1,1,2.66130291679,-400
exec27_edge_x-400,20,4030,1,0,3,0,0,1,0,3.82526571504,-400
exec27_edge_x-400,34,21178,0,0,5,0,0,1,0,2.36248900574,-400
exec27_edge_x-400,34,21177,6,0,2,0,0,1,1,1.91873197616,-400
exec27_edge_x-400,5,6321,1,0,14,3,0,1,1,1.53201864284,-400
exec27_edge_x-400,14,1397,4,0,25,3,0,1,1,3.77872877075,-400
exec27_edge_x-400,7,10004,3,0,14,1,0,1,1,2.4233714221,-400
exec27_edge_x-400,34,21169,2,0,5,0,0,1,0,3.14063642589,-400
exec27_edge_x-400,29,377,0,0,23,16,0,1,1,3.89983171995,-400
exec27_edge_x-400,41,2797,0,0,10,0,4,1,0,6.54455417939,-400
exec27_edge_x-400,38,8175,5,0,7,0,0,1,0,3.91890770799,-400
exec27_edge_x-400,32,2876,2,0,2,0,0,1,0,3.06427883552,-400
exec27_edge_x-400,2,7835,6,0,12,0,0,1,0,2.11438356703,-400
exec27_edge_x-400,23,6531,5,0,0,0,0,1,0,3.11034119073,-400
exec27_edge_x-400,43,15574,1,0,13,0,0,1,0,6.11994454029,-400
exec27_edge_x-400,46,21643,6,0,1,0,0,1,0,3.65119253373,-400
exec27_edge_x-400,32,2867,7,0,5,2,0,1,1,4.08799581099,-400
exec27_edge_x-400,2,7827,0,0,8,0,0,1,0,3.25811900373,-400
exec27_edge_x-400,20,3970,0,0,15,3,0,1,1,5.40559070826,-400
exec27_edge_x-400,41,2749,12,1,10,0,0,1,0,7.15686256554,-400
exec27_edge_x-400,14,1345,7,0,14,6,0,1,1,4.0430754299,-400
exec27_edge_x-400,20,3961,4,0,6,0,0,1,0,1.88236120555,-400
exec27_edge_x-400,14,1329,13,1,2,0,0,1,0,4.65622956741,-400
exec27_edge_x-400,38,8130,7,0,8,2,0,1,1,2.63261959132,-400
exec27_edge_x-400,32,2824,5,0,2,0,0,1,0,4.65453876242,-400
exec27_edge_x-400,43,15517,7,0,3,2,0,1,1,5.91720669983,-400
exec27_edge_x-400,11,5332,2,0,5,0,0,1,0,2.66089806044,-400
exec27_edge_x-400,34,21101,15,1,32,7,0,1,1,7.23090599062,-400
exec27_edge_x-400,16,18180,2,0,2,0,0,1,0,4.44746142578,-400
exec27_edge_x-400,16,18178,3,0,20,8,0,1,1,2.23663102719,-400
exec27_edge_x-400,29,284,2,0,42,10,0,1,1,4.04759640083,-400
exec27_edge_x-400,29,283,0,0,0,0,0,0,0,4.88695685023,-400
exec27_edge_x-400,16,18165,5,0,2,0,0,1,0,2.38213484143,-400
exec27_edge_x-400,7,9890,3,0,10,0,0,1,0,2.70122596532,-400
exec27_edge_x-400,16,18159,5,0,13,0,0,1,0,2.33686872054,-400
exec27_edge_x-400,38,8069,11,1,22,0,0,1,0,4.67227345122,-400
exec27_edge_x-400,7,9874,6,0,6,0,0,1,0,3.23030052109,-400
exec27_edge_x-400,7,9872,6,0,5,4,0,1,1,4.57117112426,-400
exec27_edge_x-400,46,21547,5,0,8,0,0,1,0,2.15993671684,-400
exec27_edge_x-400,34,21059,0,0,5,1,0,1,1,2.10068655061,-400
exec27_edge_x-400,23,6424,2,0,17,2,0,1,1,4.10906979538,-400
exec27_edge_x-400,11,5284,1,0,20,0,0,1,0,2.34796283288,-400
exec27_edge_x-400,38,8049,4,0,7,0,0,1,0,2.49158773615,-400
exec27_edge_x-400,29,246,7,0,11,3,0,1,1,2.04707536013,-400
exec27_edge_x-400,46,21520,2,0,15,2,0,1,1,2.92204825183,-400
exec27_edge_x-400,11,5268,1,0,0,0,0,1,0,5.52411195933,-400
exec27_edge_x-400,25,22386,1,0,0,0,0,1,0,6.84226937652,-400
exec27_edge_x-400,43,15446,0,0,0,0,0,1,0,2.11868115593,-400
exec27_edge_x-400,7,9841,7,0,5,0,0,1,1,3.4206183668,-400
exec27_edge_x-400,5,6184,7,0,6,0,0,1,1,4.41937503541,-400
exec27_edge_x-400,32,2731,5,0,5,0,0,1,0,2.99993635952,-400
exec27_edge_x-400,14,1241,6,0,0,0,0,1,0,2.09472269392,-400
exec27_edge_x-400,23,6383,4,0,14,3,0,1,1,2.92685228378,-400
exec27_edge_x-400,11,5241,2,0,9,1,0,1,1,2.3713922308,-400
exec27_edge_x-400,43,15411,4,0,1,0,0,1,0,1.51141715059,-400
exec27_edge_x-400,5,6159,0,0,7,0,0,1,0,4.46679129423,-400
exec27_edge_x-400,38,8003,0,0,6,0,0,1,0,4.747985251,-400
exec27_edge_x-400,11,5229,0,0,7,0,0,1,0,10.6604645896,-400
exec27_edge_x-400,43,15395,4,0,20,0,0,1,0,2.40155207878,-400
exec27_edge_x-400,29,194,4,0,13,0,0,1,1,2.07478235014,-400
exec27_edge_x-400,16,18076,6,0,11,2,0,1,1,1.9341339873,-400
exec27_edge_x-400,20,3834,5,0,7,0,0,1,1,1.72437391404,-400
exec27_edge_x-400,32,2685,4,0,2,0,0,1,0,2.43181938657,-400
exec27_edge_x-400,46,21456,4,0,9,2,0,1,1,3.62863026515,-400
exec27_edge_x-400,2,7661,7,0,14,3,0,1,1,2.1187861691,-400
exec27_edge_x-400,34,20984,10,1,10,0,0,1,0,5.43512706468,-400
exec27_edge_x-400,11,5210,6,0,11,2,0,1,1,3.11715027892,-400
exec27_edge_x-400,20,3805,2,0,2,0,0,1,0,2.42470549508,-400
exec27_edge_x-400,7,9763,1,0,15,4,0,1,1,2.1200355737,-400
exec27_edge_x-400,34,20953,7,0,2,0,0,1,0,2.50265228373,-400
exec27_edge_x-400,16,18037,6,0,8,0,0,1,0,2.41626716312,-400
exec27_edge_x-400,7,9754,6,0,21,1,0,1,1,6.3369136462,-400
exec27_edge_x-400,41,2544,6,0,4,0,0,1,0,1.37979672493,-400
exec27_edge_x-400,2,7617,7,0,14,0,0,1,0,1.74056706062,-400
exec27_edge_x-400,41,2532,0,0,3,0,0,1,0,2.72909849166,-400
exec27_edge_x-400,46,21399,7,0,7,2,0,1,1,1.94829783321,-400
exec27_edge_x-400,2,7598,7,0,7,0,0,1,0,2.10041224875,-400
exec27_edge_x-400,11,5147,4,0,13,5,0,1,1,3.6417937814,-400
exec27_edge_x-400,2,7597,5,0,10,6,0,1,1,5.19202663434,-400
exec27_edge_x-400,29,115,0,0,12,1,0,1,1,6.40667537749,-400
exec27_edge_x-400,5,6070,6,0,9,4,0,1,1,3.72223831576,-400
exec27_edge_x-400,2,7592,4,0,8,2,0,1,1,2.558987219,-400
exec27_edge_x-400,38,7919,0,0,10,2,0,1,1,1.78051598723,-400
exec27_edge_x-400,16,17992,2,0,5,0,0,1,1,2.35038619888,-400
exec27_edge_x-400,23,6270,7,0,11,0,0,1,0,3.61347774141,-400
exec27_edge_x-400,46,21380,4,0,11,0,0,1,0,2.21397108203,-400
exec27_edge_x-400,41,2483,4,0,13,0,0,1,0,3.8288963235,-400
exec27_edge_x-400,20,3714,2,0,6,3,0,1,1,1.9254923781,-400
exec27_edge_x-400,11,5087,0,0,11,0,0,1,0,1.96435241571,-400
exec27_edge_x-400,46,21332,3,0,3,0,0,1,0,4.0794648336,-400
exec27_edge_x-400,29,46,4,0,1,4,0,1,1,1.55051504624,-400
exec27_edge_x-400,46,21321,1,0,7,0,0,1,0,3.53034084523,-400
exec27_edge_x-400,14,1073,2,0,8,5,0,1,1,2.18428773434,-400
exec27_edge_x-400,7,12882,6,0,8,2,0,1,1,3.54169903274,-400
exec27_edge_x-400,46,21312,0,0,4,0,0,1,0,3.2167401133,-400
exec27_edge_x-400,2,7516,0,0,24,3,0,1,1,3.70274384492,-400
exec27_edge_x-400,46,21294,2,0,8,4,0,1,1,5.8563566577,-400
exec27_edge_x-400,20,3670,4,0,8,0,0,1,0,3.08252012043,-400
exec27_edge_x-400,14,1046,6,0,1,0,0,1,0,2.03889031638,-400
exec27_edge_x-400,25,22187,2,0,8,2,0,1,1,2.29563214029,-400
exec27_edge_x-400,7,12852,0,0,3,0,0,1,0,2.38181515472,-400
exec27_edge_x-400,11,5035,2,0,10,2,0,1,1,2.5444569297,-400
exec27_edge_x-400,38,7840,7,0,7,2,0,1,1,6.19282589591,-400
exec27_edge_x-400,41,2380,2,0,26,10,0,1,1,3.25365745271,-400
exec27_edge_x-400,23,6167,3,0,1,0,0,1,0,2.70959940332,-400
exec27_edge_x-400,20,3640,3,0,3,0,0,1,0,6.64704895383,-400
exec27_edge_x-400,20,3639,3,0,29,2,0,1,1,3.29588916197,-400
exec27_edge_x-400,2,7475,6,0,21,6,0,1,1,7.34085977506,-400
exec27_edge_x-400,46,21245,0,0,14,1,0,1,1,2.08177116272,-400
exec27_edge_x-400,5,5948,7,0,3,2,0,1,1,2.26607654072,-400
exec27_edge_x-400,7,12820,3,0,0,0,0,1,0,1.89571096752,-400
exec27_edge_x-400,34,20790,2,0,2,0,0,1,0,2.06609762881,-400
exec27_edge_x-400,14,998,4,0,19,0,0,1,0,3.71544727256,-400
exec27_edge_x-400,14,974,5,0,3,0,0,1,0,3.67665394442,-400
exec27_edge_x-400,11,4978,5,0,8,0,0,1,0,2.0845529542,-400
exec27_edge_x-400,34,20753,3,0,4,0,0,1,0,4.97614885406,-400
exec27_edge_x-400,16,17845,2,0,12,0,0,1,0,1.34365793312,-400
exec27_edge_x-400,29,3067,5,0,13,8,0,1,1,3.88695721752,-400
exec27_edge_x-400,20,3607,1,0,0,0,0,1,0,1.93573818162,-400
exec27_edge_x-400,23,6102,4,0,1,0,0,1,0,4.31966488965,-400
exec27_edge_x-400,2,7445,7,0,9,0,0,1,0,4.17668852793,-400
exec27_edge_x-400,14,956,1,0,10,0,0,1,0,1.41493405883,-400
exec27_edge_x-400,23,6089,1,0,9,0,0,1,0,5.73661996921,-400
exec27_edge_x-400,38,7769,0,0,0,0,0,0,0,3.24781246231,-400
exec27_edge_x-400,14,943,5,0,7,0,0,1,0,1.44176999959,-400
exec27_edge_x-400,43,16979,7,0,10,0,0,1,0,2.55281174114,-400
exec27_edge_x-400,29,3045,4,0,13,3,0,1,1,1.91754208665,-400
exec27_edge_x-400,5,5887,3,0,20,7,0,1,1,2.82119770162,-400
exec27_edge_x-400,38,7763,1,0,18,5,0,1,1,3.36208752007,-400
exec27_edge_x-400,29,3042,0,0,26,7,0,1,1,2.28086094987,-400
exec27_edge_x-400,41,2292,4,0,6,2,0,1,1,5.70322768778,-400
exec27_edge_x-400,23,6071,7,0,4,0,0,1,1,2.59361242783,-400
exec27_edge_x-400,32,2419,2,0,6,0,0,1,0,3.20070264812,-400
exec27_edge_x-400,7,12761,0,0,7,0,0,1,0,3.76551691419,-400
exec27_edge_x-400,34,20715,5,0,5,0,0,1,0,4.28220410829,-400
exec27_edge_x-400,14,927,5,0,7,0,0,1,0,2.2622395812,-400
exec27_edge_x-400,32,2399,5,0,11,0,0,1,0,6.20533156939,-400
exec27_edge_x-400,41,2279,1,0,11,0,0,1,0,7.63934490333,-400
exec27_edge_x-400,34,20704,4,0,13,10,0,1,1,3.59020527888,-400
exec27_edge_x-400,41,2273,3,0,19,0,0,1,1,4.58711200877,-400
exec27_edge_x-400,11,4898,5,0,11,0,0,1,0,3.72912565403,-400
exec27_edge_x-400,20,3549,2,0,21,12,0,1,1,2.6285852753,-400
exec27_edge_x-400,7,12735,0,0,19,4,0,1,1,3.7573594357,-400
exec27_edge_x-400,34,20673,6,0,6,0,0,1,1,2.07525892717,-400
exec27_edge_x-400,11,4879,5,0,3,0,0,1,0,2.5876698146,-400
exec27_edge_x-400,11,4870,2,0,23,10,0,1,1,4.16230463451,-400
exec27_edge_x-400,14,883,4,0,25,3,0,1,1,4.37422098252,-400
exec27_edge_x-400,43,16917,7,0,19,0,0,1,0,2.38045172494,-400
exec27_edge_x-400,7,12714,7,0,15,4,0,1,1,4.71144762298,-400
exec27_edge_x-400,23,6007,7,0,17,2,0,1,1,2.73657412509,-400
exec27_edge_x-400,38,7705,4,0,20,0,0,1,0,4.73404122112,-400
exec27_edge_x-400,11,4852,7,0,3,0,0,1,0,1.88459240403,-400
exec27_edge_x-400,11,4850,5,0,1,0,0,1,1,2.73083654579,-400
exec27_edge_x-400,43,16897,5,0,5,0,0,1,0,2.20126060903,-400
exec27_edge_x-400,14,855,6,0,3,1,0,1,1,2.31522900689,-400
exec27_edge_x-400,32,2319,6,0,3,0,0,1,0,5.86183525664,-400
exec27_edge_x-400,34,20610,4,0,1,0,0,1,0,2.79835592155,-400
exec27_edge_x-400,34,20597,1,0,12,1,0,1,1,3.02022244886,-400
exec27_edge_x-400,14,821,0,0,3,0,0,1,0,5.16430465651,-400
exec27_edge_x-400,7,12658,7,0,0,0,0,1,0,3.04360506863,-400
exec27_edge_x-400,34,20575,3,0,8,0,0,1,0,3.83912444202,-400
exec27_edge_x-400,38,7618,7,0,10,2,0,1,1,2.89133655612,-400
exec27_edge_x-400,2,7286,5,0,7,0,0,1,0,5.84541381252,-400
exec27_edge_x-400,34,20549,0,0,5,0,0,1,0,3.37637529768,-400
exec27_edge_x-400,23,5885,7,0,0,0,0,1,0,2.822596219,-400
exec27_edge_x-400,14,757,0,0,2,0,0,1,0,2.69905937679,-400
exec27_edge_x-400,7,12590,0,0,9,3,0,1,1,6.14426281852,-400
exec27_edge_x-400,23,5874,15,1,30,0,0,1,0,5.12189843963,-400
exec27_edge_x-400,11,4751,7,0,18,1,0,1,1,2.34418782149,-400
exec27_edge_x-400,7,12575,7,0,8,0,0,1,0,1.90335763043,-400
exec27_edge_x-400,29,2851,4,0,6,0,0,1,0,1.78185611182,-400
exec27_edge_x-400,34,20526,1,0,12,0,0,1,0,2.72482731121,-400
exec27_edge_x-400,5,5707,5,0,19,3,0,1,1,3.68137070795,-400
exec27_edge_x-400,32,2200,7,0,10,2,0,1,1,5.086676919,-400
exec27_edge_x-400,11,4725,3,0,6,0,0,1,0,1.51759579968,-400
exec27_edge_x-400,14,736,7,0,11,0,0,1,1,7.65683793526,-400
exec27_edge_x-400,5,5702,6,0,16,0,0,1,1,8.74681631215,-400
exec27_edge_x-400,20,3349,4,0,4,0,0,1,0,2.30255694169,-400
exec27_edge_x-400,43,16749,7,0,1,0,0,1,0,2.61611282036,-400
exec27_edge_x-400,16,21036,7,0,13,2,0,1,1,2.09339209218,-400
exec27_edge_x-400,29,2823,7,0,5,1,0,1,1,2.08975556592,-400
exec27_edge_x-400,5,5673,2,0,4,1,0,1,1,4.91240317447,-400
exec27_edge_x-400,14,1498,6,0,0,0,0,1,0,11.5470003585,-400
exec27_edge_x-400,7,12514,3,0,1,0,0,1,0,3.66718707754,-400
exec27_edge_x-400,16,21018,4,0,0,0,0,1,0,1.51955224778,-400
exec27_edge_x-400,11,4684,2,0,12,3,0,1,1,2.79563900476,-400
exec27_edge_x-400,38,7552,2,0,9,0,0,1,0,3.56140367386,-400
exec27_edge_x-400,23,5789,2,0,3,0,0,1,0,4.19998962489,-400
exec27_edge_x-400,38,7545,5,0,14,0,0,1,0,1.59662368533,-400
exec27_edge_x-400,25,25778,5,0,2,0,0,1,0,5.28717730631,-400
exec27_edge_x-400,41,2044,2,0,7,0,0,1,0,6.28978573459,-400
exec27_edge_x-400,11,4672,0,0,10,2,0,1,1,7.50922056012,-400
exec27_edge_x-400,32,2140,7,0,6,0,0,1,0,2.82872923599,-400
exec27_edge_x-400,16,20998,0,0,19,6,0,1,1,1.9933232338,-400
exec27_edge_x-400,20,3281,6,0,16,7,0,1,1,2.65983948574,-400
exec27_edge_x-400,46,20898,11,1,0,0,0,1,0,7.03165239077,-400
exec27_edge_x-400,25,25761,4,0,11,6,0,1,1,2.84408310115,-400
exec27_edge_x-400,23,5768,7,0,13,2,0,1,1,3.9726690102,-400
exec27_edge_x-400,7,12489,3,0,31,13,0,1,1,7.05334214188,-400
exec27_edge_x-400,14,677,1,0,4,0,0,1,0,4.40018562425,-400
exec27_edge_x-400,20,3270,5,0,41,10,0,1,1,3.29938804022,-400
exec27_edge_x-400,25,25751,3,0,12,7,0,1,1,2.49637608081,-400
exec27_edge_x-400,7,12473,3,0,11,0,0,1,0,4.92172430635,-400
exec27_edge_x-400,16,20983,7,0,14,1,0,1,1,1.70348681453,-400
exec27_edge_x-400,43,16675,7,0,11,0,0,1,0,2.9987062046,-400
exec27_edge_x-400,11,4636,1,0,0,0,0,1,0,5.2374280909,-400
exec27_edge_x-400,46,20863,0,0,2,0,0,1,0,2.20501444025,-400
exec27_edge_x-400,43,16662,7,0,15,0,0,1,0,7.15762345428,-400
exec27_edge_x-400,34,20406,0,0,4,3,0,1,1,3.59883148461,-400
exec27_edge_x-400,41,1991,3,0,8,0,0,1,0,6.77005429352,-400
exec27_edge_x-400,23,5731,3,0,15,3,0,1,1,4.51925969536,-400
exec27_edge_x-400,29,2731,0,0,5,0,0,1,0,3.46569328496,-400
exec27_edge_x-400,25,25717,0,0,6,0,0,1,0,3.59820311944,-400
exec27_edge_x-400,41,1981,7,0,7,0,0,1,0,5.44346014493,-400
exec27_edge_x-400,32,2094,3,0,15,2,0,1,1,3.56396212535,-400
exec27_edge_x-400,32,3259,3,0,0,0,0,0,0,4.34772496319,-400
exec27_edge_x-400,20,3232,6,0,3,0,0,1,0,3.56112019107,-400
exec27_edge_x-400,46,20843,0,0,9,0,0,1,0,5.90849030463,-400
exec27_edge_x-400,2,7106,6,0,10,4,0,1,1,4.64913596848,-400
exec27_edge_x-400,43,16628,6,0,0,0,0,1,0,1.24411785924,-400
exec27_edge_x-400,20,3217,7,0,1,0,0,1,0,3.03441253414,-400
exec27_edge_x-400,38,7461,0,0,10,0,0,1,0,1.89721376932,-400
exec27_edge_x-400,38,7458,4,0,1,0,0,1,0,1.5838772538,-400
exec27_edge_x-400,14,579,0,0,15,2,0,1,1,2.49181392484,-400
exec27_edge_x-400,25,25657,2,0,13,2,0,1,1,5.57228238008,-400
exec27_edge_x-400,5,5568,1,0,15,0,0,1,0,2.19339645109,-400
exec27_edge_x-400,34,20350,7,0,8,0,0,1,0,3.94009345856,-400
exec27_edge_x-400,32,2028,13,1,5,0,0,1,0,4.61240446653,-400
exec27_edge_x-400,2,7055,0,0,19,9,0,1,1,3.10620417634,-400
exec27_edge_x-400,14,556,4,0,8,1,0,1,1,4.1090391445,-400
exec27_edge_x-400,20,3167,6,0,11,0,0,1,1,5.21452249018,-400
exec27_edge_x-400,2,7048,7,0,2,0,0,1,0,2.59106694219,-400
exec27_edge_x-400,14,553,0,0,11,6,0,1,1,2.78040229464,-400
exec27_edge_x-400,14,550,4,0,0,0,0,1,0,3.79423976892,-400
exec27_edge_x-400,25,25627,5,0,19,2,0,1,1,3.80532757546,-400
exec27_edge_x-400,16,20879,0,0,18,11,0,1,1,2.31444751412,-400
exec27_edge_x-400,34,20316,0,0,14,5,0,1,1,4.24751468915,-400
exec27_edge_x-400,7,12371,6,0,5,0,0,1,0,1.92483304074,-400
exec27_edge_x-400,34,20310,5,0,5,0,0,1,0,3.74872434458,-400
exec27_edge_x-400,29,2616,0,0,8,0,0,1,0,1.77290470771,-400
exec27_edge_x-400,20,3132,6,0,13,9,0,1,1,1.8217809625,-400
exec27_edge_x-400,5,5526,2,0,13,2,0,1,1,4.77173418581,-400
exec27_edge_x-400,2,7004,2,0,22,8,0,1,1,2.64905389002,-400
exec27_edge_x-400,2,8094,2,0,0,0,0,0,0,4.371897427,-400
exec27_edge_x-400,16,20846,4,0,3,0,0,1,0,2.91445332831,-400
exec27_edge_x-400,14,486,5,0,1,0,0,1,0,2.79712765735,-400
exec27_edge_x-400,34,20271,0,0,33,17,0,1,1,4.43175524882,-400
exec27_edge_x-400,7,12326,4,0,0,0,0,1,0,2.9993312771,-400
exec27_edge_x-400,25,25574,1,0,11,2,0,1,1,2.85072624624,-400
exec27_edge_x-400,16,20807,5,0,6,0,0,1,0,5.30341675904,-400
exec27_edge_x-400,46,20688,5,0,21,0,0,1,0,5.26071117287,-400
exec27_edge_x-400,14,443,1,0,6,0,0,1,0,5.59428405766,-400
exec27_edge_x-400,20,7110,0,0,9,0,0,1,1,3.28420610946,-400
exec27_edge_x-400,46,20672,1,0,5,1,0,1,1,2.38899917912,-400
exec27_edge_x-400,20,7108,4,0,5,1,0,1,1,2.80695661474,-400
exec27_edge_x-400,16,20777,2,0,11,2,0,1,1,2.96483343876,-400
exec27_edge_x-400,16,21251,2,0,0,0,0,0,0,6.72409427715,-400
exec27_edge_x-400,7,12291,10,1,16,7,0,1,1,4.47200594851,-400
exec27_edge_x-400,16,20775,2,0,16,5,0,1,1,3.18887944561,-400
exec27_edge_x-400,5,5441,6,0,15,7,0,1,1,2.03882124711,-400
exec27_edge_x-400,16,20760,7,0,7,0,0,1,0,4.44230806313,-400
exec27_edge_x-400,34,20198,6,0,14,2,0,1,1,5.09058692741,-400
exec27_edge_x-400,25,25526,0,0,22,3,0,1,1,3.18743923947,-400
exec27_edge_x-400,2,6914,1,0,17,0,0,1,0,4.21264357563,-400
exec27_edge_x-400,34,20179,12,1,6,0,0,1,0,5.09142401109,-400
exec27_edge_x-400,29,2504,2,0,3,0,0,1,0,3.41094724485,-400
exec27_edge_x-400,11,7558,6,0,6,0,0,1,0,6.13918324351,-400
exec27_edge_x-400,23,9179,5,0,4,0,0,1,0,1.95228930876,-400
exec27_edge_x-400,29,2485,2,0,19,3,0,1,1,6.69113147895,-400
exec27_edge_x-400,34,20165,6,0,12,2,0,1,1,1.74944759658,-400
exec27_edge_x-400,16,20725,5,0,18,7,0,1,1,2.98620595186,-400
exec27_edge_x-400,14,364,0,0,4,0,0,1,0,2.19799952613,-400
exec27_edge_x-400,23,9158,0,0,1,0,0,1,0,2.78445611937,-400
exec27_edge_x-400,14,358,3,0,14,6,0,1,1,3.40838781691,-400
exec27_edge_x-400,23,9154,3,0,5,0,0,1,0,2.01397990973,-400
exec27_edge_x-400,7,12235,7,0,12,9,0,1,1,3.34788161261,-400
exec27_edge_x-400,20,7023,5,0,7,0,0,1,1,5.32409396979,-400
exec27_edge_x-400,32,1842,15,1,18,0,0,1,0,5.47091140224,-400
exec27_edge_x-400,32,1836,5,0,1,0,0,1,0,3.62000752572,-400
exec27_edge_x-400,20,7016,5,0,9,0,0,1,0,3.23533590972,-400
exec27_edge_x-400,11,7509,7,0,1,0,0,1,0,2.33151771189,-400
exec27_edge_x-400,16,20690,2,0,7,0,0,1,0,5.08001800169,-400
exec27_edge_x-400,38,7240,5,0,0,0,0,1,0,4.81009669363,-400
exec27_edge_x-400,29,2425,0,0,14,0,0,1,1,2.96573025462,-400
exec27_edge_x-400,11,7486,7,0,12,0,0,1,0,6.29699399854,-400
exec27_edge_x-400,14,307,3,0,11,0,0,1,0,3.3668138786,-400
exec27_edge_x-400,38,7226,0,0,6,1,0,1,1,2.99914317834,-400
exec27_edge_x-400,20,6993,7,0,37,10,0,1,1,5.9647203828,-400
exec27_edge_x-400,44,1502,3,0,0,0,0,1,0,3.20531906266,-400
exec27_edge_x-400,29,2409,3,0,17,2,0,1,1,3.73848997943,-400
exec27_edge_x-400,46,20551,8,1,23,3,0,1,1,7.87129984256,-400
exec27_edge_x-400,44,1485,6,0,14,1,0,1,1,3.90462188997,-400
exec27_edge_x-400,16,20640,9,1,5,0,0,1,0,4.71769088389,-400
exec27_edge_x-400,7,12146,4,0,3,0,0,1,1,4.12116433527,-400
exec27_edge_x-400,20,6964,7,0,4,0,0,1,0,2.14761332205,-400
exec27_edge_x-400,16,20626,7,0,19,5,0,1,1,3.85171533902,-400
exec27_edge_x-400,41,1653,1,0,6,0,0,1,1,1.84557436557,-400
exec27_edge_x-400,23,9048,7,0,12,0,0,1,0,1.94925869791,-400
exec27_edge_x-400,7,12126,6,0,6,0,0,1,1,2.29982493752,-400
exec27_edge_x-400,46,20517,6,0,22,1,0,1,1,9.10348739619,-400
exec27_edge_x-400,14,243,5,0,7,0,0,1,0,5.98029542239,-400
exec27_edge_x-400,16,20606,0,0,25,8,0,1,1,4.10670864765,-400
exec27_edge_x-400,41,4763,1,0,2,0,0,1,0,2.25221083226,-400
exec27_edge_x-400,5,5255,0,0,15,0,0,1,0,1.43178214266,-400
exec27_edge_x-400,46,20501,8,1,2,0,0,1,0,6.61350728161,-400
exec27_edge_x-400,14,227,2,0,14,3,0,1,1,8.24502544818,-400
exec27_edge_x-400,44,1437,0,0,6,0,0,1,0,6.95777987076,-400
exec27_edge_x-400,23,8996,4,0,0,0,0,1,0,1.94439410517,-400
exec27_edge_x-400,23,8994,5,0,10,2,0,1,1,2.56270654434,-400
exec27_edge_x-400,14,202,5,0,6,0,0,1,0,4.84054501106,-400
exec27_edge_x-400,20,6889,4,0,0,0,0,1,1,4.17102622414,-400
exec27_edge_x-400,2,6671,2,0,1,0,0,1,0,1.22294006477,-400
exec27_edge_x-400,16,20545,7,0,2,0,0,1,1,4.36689962366,-400
exec27_edge_x-400,34,19963,1,0,11,0,0,1,0,1.46464379744,-400
exec27_edge_x-400,7,12041,5,0,5,0,0,1,0,13.118097866,-400
exec27_edge_x-400,25,25301,5,0,5,0,0,1,0,4.41290383276,-400
exec27_edge_x-400,16,20539,0,0,8,0,0,1,0,3.51582183228,-400
exec27_edge_x-400,44,1393,2,0,11,0,0,1,1,4.88009656526,-400
exec27_edge_x-400,29,2264,0,0,0,0,0,1,0,1.61494248938,-400
exec27_edge_x-400,32,5083,4,0,11,5,0,1,1,4.97150937584,-400
exec27_edge_x-400,14,146,7,0,0,0,0,1,0,3.02578112275,-400
exec27_edge_x-400,44,1370,2,0,5,0,0,1,0,4.38000015803,-400
exec27_edge_x-400,16,20516,4,0,4,0,0,1,0,6.99962177578,-400
exec27_edge_x-400,20,6827,7,0,10,0,0,1,0,2.9053400217,-400
exec27_edge_x-400,11,7313,7,0,14,5,0,1,1,4.20900729973,-400
exec27_edge_x-400,34,19913,6,0,18,3,0,1,1,3.91379250971,-400
exec27_edge_x-400,41,4630,0,0,8,0,0,1,0,5.1078408952,-400
exec27_edge_x-400,11,7291,7,0,7,3,0,1,1,11.2514138936,-400
exec27_edge_x-400,20,6805,5,0,18,7,0,1,1,2.1936550458,-400
exec27_edge_x-400,34,19889,3,0,2,0,0,1,0,3.98363599902,-400
exec27_edge_x-400,20,6799,3,0,6,2,0,1,1,4.98793797377,-400
exec27_edge_x-400,44,1329,4,0,8,0,0,1,0,3.3731635426,-400
exec27_edge_x-400,25,25210,1,0,6,0,0,1,0,5.30260363197,-400
exec27_edge_x-400,41,4614,6,0,7,6,0,1,1,4.07015415503,-400
exec27_edge_x-400,29,2191,3,0,18,6,0,1,1,4.25346250502,-400
exec27_edge_x-400,25,25190,7,0,2,0,0,1,0,9.42882459732,-400
exec27_edge_x-400,46,20371,7,0,13,2,0,1,1,1.81822669856,-400
exec27_edge_x-400,16,20461,6,0,6,0,0,1,0,1.6666550654,-400
exec27_edge_x-400,32,5006,7,0,8,0,0,1,0,2.41761896406,-400
exec27_edge_x-400,16,20451,7,0,6,0,0,1,1,2.85804203969,-400
exec27_edge_x-400,20,6772,7,0,10,6,0,1,1,4.69888956677,-400
exec27_edge_x-400,7,11927,7,0,12,2,0,1,1,3.12583057098,-400
exec27_edge_x-400,38,6975,6,0,14,4,0,1,1,1.40186237575,-400
exec27_edge_x-400,20,6767,2,0,6,0,0,1,1,6.39780243165,-400
exec27_edge_x-400,7,11923,1,0,6,0,0,1,0,3.42509207342,-400
exec27_edge_x-400,34,19844,1,0,4,2,0,1,1,1.8415723507,-400
exec27_edge_x-400,25,25153,3,0,6,0,0,1,0,3.95110923302,-400
exec27_edge_x-400,44,1287,3,0,14,5,0,1,1,3.4016950555,-400
exec27_edge_x-400,23,8853,7,0,4,0,0,1,0,3.98885765541,-400
exec27_edge_x-400,32,4967,0,0,2,0,0,1,1,3.72363339356,-400
exec27_edge_x-400,29,2135,1,0,2,0,0,1,0,2.36007339988,-400
exec27_edge_x-400,5,5060,0,0,6,0,0,1,0,4.92562390089,-400
exec27_edge_x-400,16,20418,0,0,21,3,0,1,1,6.29111223518,-400
exec27_edge_x-400,41,4560,1,0,13,5,0,1,1,2.67747249062,-400
exec27_edge_x-400,46,20305,5,0,14,3,0,1,1,3.14694225243,-400
exec27_edge_x-400,7,11877,2,0,6,0,0,1,1,5.19940888491,-400
exec27_edge_x-400,5,5042,3,0,7,0,0,1,0,3.0237578015,-400
exec27_edge_x-400,44,1263,5,0,2,0,0,1,0,2.35249477982,-400
exec27_edge_x-400,16,20405,4,0,10,7,0,1,1,6.49183828802,-400
exec27_edge_x-400,38,9805,6,0,10,1,0,1,1,2.30790336907,-400
exec27_edge_x-400,20,6705,4,0,3,0,0,1,0,5.73099961009,-400
exec27_edge_x-400,25,25106,6,0,8,3,0,1,1,2.00508075839,-400
exec27_edge_x-400,23,8800,7,0,3,0,0,1,0,2.5178913577,-400
exec27_edge_x-400,44,1245,0,0,18,7,0,1,1,2.03562879509,-400
exec27_edge_x-400,7,11848,0,0,3,0,0,1,0,4.53232259392,-400
exec27_edge_x-400,14,3686,6,0,1,0,0,1,0,3.50363695303,-400
exec27_edge_x-400,23,8783,9,1,12,2,0,1,1,4.72978167718,-400
exec27_edge_x-400,20,6670,7,0,3,0,0,1,0,4.49213450963,-400
exec27_edge_x-400,20,6667,7,0,13,4,0,1,1,2.26777619409,-400
exec27_edge_x-400,41,4491,4,0,13,1,0,1,1,3.2714195603,-400
exec27_edge_x-400,20,6662,2,0,3,0,0,1,0,7.62895389196,-400
exec27_edge_x-400,7,11818,0,0,6,0,0,1,0,2.75681235487,-400
exec27_edge_x-400,16,20310,12,1,6,0,0,1,0,6.10459993072,-400
exec27_edge_x-400,14,3659,3,0,6,0,0,1,0,3.53092159167,-400
exec27_edge_x-400,7,11808,5,0,0,0,0,1,0,1.84171689494,-400
exec27_edge_x-400,5,4964,2,0,0,0,0,1,0,2.63008255677,-400
exec27_edge_x-400,11,7115,5,0,6,0,0,1,0,3.12755405361,-400
exec27_edge_x-400,2,9725,1,0,16,0,0,1,0,2.29510720732,-400
exec27_edge_x-400,16,20295,3,0,33,7,0,1,1,3.80941333122,-400
exec27_edge_x-400,2,9723,7,0,16,3,0,1,1,4.25699355925,-400
exec27_edge_x-400,34,19716,2,0,14,13,0,1,1,2.4571240887,-400
exec27_edge_x-400,5,4944,4,0,6,0,0,1,0,2.839947818,-400
exec27_edge_x-400,7,11777,1,0,21,8,0,1,1,4.85363198484,-400
exec27_edge_x-400,25,25037,7,0,14,4,0,1,1,5.55707964061,-400
exec27_edge_x-400,38,9719,6,0,6,0,0,1,0,5.45212604408,-400
exec27_edge_x-400,16,20274,0,0,1,0,0,1,0,2.75558101893,-400
exec27_edge_x-400,2,9689,1,0,19,0,0,1,0,3.80730811977,-400
exec27_edge_x-400,25,25022,5,0,1,0,0,1,0,4.35419342545,-400
exec27_edge_x-400,44,1139,6,0,18,2,0,1,1,3.84125334128,-400
exec27_edge_x-400,34,19655,5,0,9,2,0,1,1,2.02074715279,-400
exec27_edge_x-400,11,7062,4,0,4,0,0,1,1,2.98979080289,-400
exec27_edge_x-400,29,1971,5,0,17,3,0,1,1,5.09567203071,-400
exec27_edge_x-400,29,3175,5,0,0,0,0,0,0,7.1221858503,-400
exec27_edge_x-400,44,1124,4,0,8,2,0,1,1,6.01244993844,-400
exec27_edge_x-400,41,4404,1,0,6,0,0,1,0,2.24226248199,-400
exec27_edge_x-400,14,3571,15,1,12,0,0,1,1,5.96907344795,-400
exec27_edge_x-400,2,9637,0,0,8,0,0,1,0,6.2114859814,-400
exec27_edge_x-400,44,1108,11,1,2,0,0,1,0,6.70801792032,-400
exec27_edge_x-400,46,20140,7,0,5,1,0,1,1,1.44445078369,-400
exec27_edge_x-400,29,1935,7,0,2,0,0,1,0,10.2167771309,-400
exec27_edge_x-400,7,11687,0,0,7,0,0,1,0,2.9508302896,-400
exec27_edge_x-400,23,8656,11,1,9,0,0,1,0,4.90319698366,-400
exec27_edge_x-400,41,4376,2,0,21,2,0,1,1,1.72828672168,-400
exec27_edge_x-400,23,8649,6,0,8,2,0,1,1,2.8082137382,-400
exec27_edge_x-400,7,11678,10,1,8,1,0,1,1,5.28457887452,-400
exec27_edge_x-400,7,11672,11,1,5,0,0,1,0,6.27950327829,-400
exec27_edge_x-400,29,1901,1,0,18,7,0,1,1,3.81033957314,-400
exec27_edge_x-400,38,9598,6,0,18,0,0,1,0,6.61221586323,-400
exec27_edge_x-400,16,20149,4,0,5,0,0,1,0,4.75451644154,-400
exec27_edge_x-400,11,6962,4,0,22,2,0,1,1,2.62629537571,-400
exec27_edge_x-400,14,3500,1,0,4,0,0,1,0,2.49629526179,-400
exec27_edge_x-400,2,9574,0,0,9,0,0,1,0,3.93997965497,-400
exec27_edge_x-400,5,4816,14,1,12,0,0,1,0,8.18954455008,-400
exec27_edge_x-400,23,8577,7,0,4,1,0,1,1,9.11574660236,-400
exec27_edge_x-400,25,24889,8,1,12,2,0,1,1,5.60012734504,-400
exec27_edge_x-400,7,11585,1,0,13,2,0,1,1,2.50509002959,-400
exec27_edge_x-400,46,22579,2,0,12,1,0,1,1,2.26581696359,-400
exec27_edge_x-400,16,20122,4,0,9,0,0,1,0,8.21325955843,-400
exec27_edge_x-400,44,1010,4,0,3,0,0,1,0,4.37119002884,-400
exec27_edge_x-400,7,11579,6,0,8,0,0,1,0,1.91460895992,-400
exec27_edge_x-400,2,9537,1,0,16,0,0,1,0,3.40375521387,-400
exec27_edge_x-400,11,6919,0,0,51,39,0,1,1,4.72659783209,-400
exec27_edge_x-400,44,979,6,0,3,0,0,1,1,3.31666429079,-400
exec27_edge_x-400,14,3440,1,0,11,5,0,1,1,2.52474353264,-400
exec27_edge_x-400,38,9520,1,0,2,0,0,1,0,3.06315305632,-400
exec27_edge_x-400,11,7617,5,0,2,0,0,1,0,5.60260540126,-400
exec27_edge_x-400,11,6894,1,0,6,0,0,1,0,3.76589191443,-400
exec27_edge_x-400,29,1791,6,0,13,0,0,1,0,10.3891393841,-400
exec27_edge_x-400,38,9511,13,1,26,0,0,1,0,8.23754332405,-400
exec27_edge_x-400,38,9509,7,0,8,2,0,1,1,2.55647533908,-400
exec27_edge_x-400,5,4743,7,0,1,0,0,1,0,2.0943411635,-400
exec27_edge_x-400,25,24806,0,0,0,0,0,1,0,9.03981290017,-400
exec27_edge_x-400,41,4229,12,1,1,0,0,1,0,7.11951081556,-400
exec27_edge_x-400,16,20044,6,0,4,0,0,1,0,3.83459207965,-400
exec27_edge_x-400,16,20041,3,0,7,0,0,1,1,2.35035256681,-400
exec27_edge_x-400,41,4217,6,0,0,0,0,1,0,2.47590772061,-400
exec27_edge_x-400,25,24785,6,0,7,1,0,1,1,2.84278305275,-400
exec27_edge_x-400,34,22836,1,0,10,0,0,1,0,2.38466167414,-400
exec27_edge_x-400,46,22484,3,0,14,0,0,1,0,1.48552274384,-400
exec27_edge_x-400,44,903,6,0,5,2,0,1,1,3.980887982,-400
exec27_edge_x-400,32,4585,3,0,26,3,0,1,1,4.0828130775,-400
exec27_edge_x-400,2,9455,6,0,14,2,0,1,1,3.29351814487,-400
exec27_edge_x-400,32,4574,3,0,11,0,0,1,0,2.97139407872,-400
exec27_edge_x-400,16,20001,7,0,0,0,0,0,0,4.45576379513,-400
exec27_edge_x-400,38,9448,5,0,14,0,0,1,0,3.87016248975,-400
exec27_edge_x-400,46,22459,5,0,4,0,0,1,0,1.34444069261,-400
exec27_edge_x-400,44,879,2,0,4,0,0,1,0,2.44907717425,-400
exec27_edge_x-400,2,9424,6,0,4,0,0,1,0,2.42276019279,-400
exec27_edge_x-400,16,19987,6,0,3,0,0,1,0,3.02658447964,-400
exec27_edge_x-400,41,4178,3,0,10,2,0,1,1,2.88950792748,-400
exec27_edge_x-400,46,22443,7,0,6,0,0,1,0,1.60694705769,-400
exec27_edge_x-400,20,6335,4,0,22,7,0,1,1,4.7738396624,-400
exec27_edge_x-400,25,24746,5,0,12,6,0,1,1,4.20246172338,-400
exec27_edge_x-400,7,11430,5,0,0,0,0,1,0,2.76759121716,-400
exec27_edge_x-400,34,22776,7,0,2,0,0,1,0,1.63515721527,-400
exec27_edge_x-400,5,4659,4,0,7,0,0,1,1,2.72271278604,-400
exec27_edge_x-400,23,8391,4,0,6,4,0,1,1,4.72339876923,-400
exec27_edge_x-400,2,9393,4,0,8,4,0,1,1,2.36735788065,-400
exec27_edge_x-400,34,22769,0,0,0,0,0,1,0,2.13261907179,-400
exec27_edge_x-400,16,19951,5,0,22,0,0,1,0,3.0381645332,-400
exec27_edge_x-400,38,9389,5,0,5,0,0,1,0,3.11006081647,-400
exec27_edge_x-400,46,22414,6,0,2,0,0,1,0,2.43014749271,-400
exec27_edge_x-400,32,4494,5,0,15,4,0,1,1,4.67505120009,-400
exec27_edge_x-400,7,11401,6,0,1,0,0,1,0,4.27907292572,-400
exec27_edge_x-400,41,4128,7,0,2,0,0,1,0,4.25259414046,-400
exec27_edge_x-400,41,4119,3,0,2,0,0,1,0,3.56305864655,-400
exec27_edge_x-400,38,9365,5,0,6,0,0,1,0,5.96799161297,-400
exec27_edge_x-400,23,8342,1,0,8,2,0,1,1,1.98621569714,-400
exec27_edge_x-400,5,4601,0,0,6,0,0,1,0,3.12128517129,-400
exec27_edge_x-400,2,9338,4,0,8,0,0,1,0,2.27397798001,-400
exec27_edge_x-400,25,24687,6,0,11,4,0,1,1,1.86638159941,-400
exec27_edge_x-400,44,779,0,0,5,0,0,1,0,4.70266025686,-400
exec27_edge_x-400,16,19902,7,0,12,0,0,1,0,8.55407131551,-400
exec27_edge_x-400,46,22370,3,0,9,0,0,1,0,2.23055965586,-400
exec27_edge_x-400,16,19882,4,0,5,0,0,1,0,3.24116969765,-400
exec27_edge_x-400,2,9317,1,0,15,2,0,1,1,3.51673777725,-400
exec27_edge_x-400,32,4429,1,0,3,0,0,1,0,2.48131290058,-400
exec27_edge_x-400,14,3719,3,0,12,0,0,1,1,6.18272999448,-400
exec27_edge_x-400,23,8312,6,0,22,11,0,1,1,2.27335857513,-400
exec27_edge_x-400,44,747,4,0,5,0,0,1,0,2.28673318902,-400
exec27_edge_x-400,11,6680,3,0,4,0,0,1,0,2.27205125679,-400
exec27_edge_x-400,23,8292,2,0,4,0,0,1,0,2.29975468696,-400
exec27_edge_x-400,14,3195,5,0,6,0,0,1,0,6.15099063282,-400
exec27_edge_x-400,29,4927,6,0,5,0,0,1,1,1.73476523451,-400
exec27_edge_x-400,16,19832,1,0,3,4,0,1,1,3.75978864097,-400
exec27_edge_x-400,7,11328,2,0,6,0,0,1,0,3.82758634814,-400
exec27_edge_x-400,20,6210,3,0,11,6,0,1,1,3.69612896575,-400
exec27_edge_x-400,11,6654,2,0,0,0,0,1,0,2.93473030912,-400
exec27_edge_x-400,29,4893,2,0,9,4,0,1,1,3.06655072579,-400
exec27_edge_x-400,2,9257,1,0,11,11,0,1,1,2.95795653678,-400
exec27_edge_x-400,16,19802,3,0,10,0,0,1,1,3.74823808613,-400
exec27_edge_x-400,38,9263,6,0,3,0,0,1,0,1.92262136144,-400
exec27_edge_x-400,16,19798,7,0,2,0,0,1,0,3.83155322029,-400
exec27_edge_x-400,16,19793,7,0,7,0,0,1,0,2.20431408777,-400
exec27_edge_x-400,11,6622,1,0,0,0,0,1,0,1.85662049361,-400
exec27_edge_x-400,25,24601,6,0,22,6,0,1,1,3.06696014694,-400
exec27_edge_x-400,47,1862,11,1,5,0,0,1,0,4.42224925837,-400
exec27_edge_x-400,29,4878,1,0,9,1,0,1,1,2.94254619445,-400
exec27_edge_x-400,2,9228,6,0,9,4,0,1,1,7.00905770059,-400
exec27_edge_x-400,7,11268,0,0,8,1,0,1,1,2.37289075378,-400
exec27_edge_x-400,25,24577,6,0,14,4,0,1,1,3.31417229251,-400
exec27_edge_x-400,16,19754,1,0,26,8,0,1,1,3.31281874784,-400
exec27_edge_x-400,2,9196,0,0,14,0,0,1,0,2.59054758687,-400
exec27_edge_x-400,29,4842,6,0,18,7,0,1,1,2.49088881913,-400
exec27_edge_x-400,41,3950,0,0,7,0,0,1,0,2.27026032385,-400
exec27_edge_x-400,32,4294,4,0,11,0,0,1,1,8.20928245776,-400
exec27_edge_x-400,41,3948,6,0,19,4,0,1,1,3.53211118979,-400
exec27_edge_x-400,38,9188,4,0,5,0,0,1,0,6.80286760074,-400
exec27_edge_x-400,14,3091,7,0,5,4,0,1,1,3.10186712267,-400
exec27_edge_x-400,23,8167,7,0,1,0,0,1,0,3.2551860206,-400
exec27_edge_x-400,41,3940,7,0,10,0,0,1,1,7.66956632756,-400
exec27_edge_x-400,16,19727,6,0,16,4,0,1,1,1.54276200494,-400
exec27_edge_x-400,34,22532,3,0,1,0,0,1,0,3.0078705647,-400
exec27_edge_x-400,47,1800,3,0,23,5,0,1,1,1.94347787262,-400
exec27_edge_x-400,14,3080,7,0,16,2,0,1,1,3.45845168661,-400
exec27_edge_x-400,5,4437,0,0,0,0,0,1,0,3.55443405419,-400
exec27_edge_x-400,29,4804,7,0,6,0,0,1,0,1.66552568989,-400
exec27_edge_x-400,25,24514,5,0,14,0,0,1,0,6.41585567097,-400
exec27_edge_x-400,23,8140,6,0,1,0,0,1,0,3.76234260994,-400
exec27_edge_x-400,38,9149,0,0,2,0,0,1,0,5.54473571317,-400
exec27_edge_x-400,7,14715,5,0,0,0,0,0,0,3.2750648137,-400
exec27_edge_x-400,2,9123,1,0,6,0,0,1,0,2.95031582811,-400
exec27_edge_x-400,16,19674,4,0,0,0,0,1,0,1.45484341338,-400
exec27_edge_x-400,7,14709,6,0,23,8,0,1,1,6.04555914376,-400
exec27_edge_x-400,14,3053,0,0,6,0,0,1,0,1.55015245196,-400
exec27_edge_x-400,44,561,5,0,6,0,0,1,0,2.83836500116,-400
exec27_edge_x-400,32,4238,0,0,15,1,0,1,1,5.69457125967,-400
exec27_edge_x-400,23,8123,3,0,6,0,0,1,0,2.47705975455,-400
exec27_edge_x-400,23,8110,6,0,8,0,0,1,1,3.06106887029,-400
exec27_edge_x-400,14,3023,6,0,6,1,0,1,1,3.69642426459,-400
exec27_edge_x-400,44,525,2,0,12,1,0,1,1,3.46394377644,-400
exec27_edge_x-400,38,9108,3,0,7,0,0,1,0,3.57140938911,-400
exec27_edge_x-400,23,8091,6,0,0,0,0,1,0,3.27461062905,-400
exec27_edge_x-400,32,4200,0,0,8,0,0,1,1,2.47993518549,-400
exec27_edge_x-400,14,3004,1,0,3,0,0,1,0,3.89051639048,-400
exec27_edge_x-400,7,14663,1,0,11,0,0,1,0,2.88651744561,-400
exec27_edge_x-400,23,8080,4,0,7,0,0,1,1,4.03882846984,-400
exec27_edge_x-400,7,14658,1,0,4,0,0,1,0,2.77356202895,-400
exec27_edge_x-400,41,3835,2,0,4,0,0,1,0,5.67681736905,-400
exec27_edge_x-400,5,4357,3,0,9,5,0,1,1,4.45625006194,-400
exec27_edge_x-400,25,24417,7,0,2,0,0,1,0,4.41403316136,-400
exec27_edge_x-400,5,4346,7,0,20,6,0,1,1,1.75118269875,-400
exec27_edge_x-400,16,19585,3,0,19,4,0,1,1,4.67754363935,-400
exec27_edge_x-400,20,6016,5,0,14,0,0,1,0,2.56694450412,-400
exec27_edge_x-400,11,6443,5,0,15,0,0,1,0,4.44404796231,-400
exec27_edge_x-400,41,3794,7,0,1,0,0,1,0,1.48705042082,-400
exec27_edge_x-400,25,24395,7,0,4,0,0,1,0,2.04842525995,-400
exec27_edge_x-400,11,6420,1,0,18,1,0,1,1,2.44530932071,-400
exec27_edge_x-400,34,22389,1,0,8,0,0,1,0,3.80242350519,-400
exec27_edge_x-400,32,4146,1,0,8,0,0,1,1,3.25811157916,-400
exec27_edge_x-400,23,8025,7,0,17,3,0,1,1,1.94783735904,-400
exec27_edge_x-400,29,4671,3,0,4,1,0,1,1,5.27687928695,-400
exec27_edge_x-400,44,434,3,0,1,0,0,1,0,3.41396727318,-400
exec27_edge_x-400,38,9037,7,0,8,1,0,1,1,5.42298398735,-400
exec27_edge_x-400,11,6399,7,0,0,0,0,1,0,2.60118166866,-400
exec27_edge_x-400,47,1633,6,0,8,2,0,1,1,1.9470443559,-400
exec27_edge_x-400,23,8012,7,0,5,0,0,1,1,4.87751530996,-400
exec27_edge_x-400,16,19523,2,0,7,0,0,1,0,4.39350107635,-400
exec27_edge_x-400,16,19521,2,0,24,1,0,1,1,4.88635962387,-400
exec27_edge_x-400,16,19510,0,0,12,2,0,1,1,7.6420984053,-400
exec27_edge_x-400,5,4278,7,0,23,14,0,1,1,4.78526879487,-400
exec27_edge_x-400,41,3740,6,0,9,0,0,1,0,4.61028347048,-400
exec27_edge_x-400,11,6372,4,0,15,2,0,1,1,2.18290929526,-400
exec27_edge_x-400,23,7986,0,0,9,0,0,1,0,2.76303855427,-400
exec27_edge_x-400,32,4088,1,0,4,0,0,1,0,1.90549931292,-400
exec27_edge_x-400,25,24335,3,0,0,0,0,1,0,3.7592270373,-400
exec27_edge_x-400,41,3710,4,0,9,0,0,1,0,1.84283935854,-400
exec27_edge_x-400,44,383,0,0,4,0,0,1,0,5.09538516379,-400
exec27_edge_x-400,44,376,5,0,5,0,0,1,0,6.15933112349,-400
exec27_edge_x-400,11,6335,15,1,20,2,0,1,1,5.43228924691,-400
exec27_edge_x-400,44,355,6,0,4,0,0,1,0,4.25357549375,-400
exec27_edge_x-400,11,6317,2,0,1,0,0,1,0,4.03985692253,-400
exec27_edge_x-400,29,4579,4,0,9,2,0,1,1,3.23240656722,-400
exec27_edge_x-400,29,4567,7,0,2,0,0,1,0,2.30738448077,-400
exec27_edge_x-400,34,22255,3,0,0,0,0,0,0,2.61308988204,-400
exec27_edge_x-400,11,6296,3,0,24,9,0,1,1,5.73501621117,-400
exec27_edge_x-400,14,2789,7,0,11,2,0,1,1,7.33373142469,-400
exec27_edge_x-400,38,8940,7,0,6,0,0,1,0,5.06962873274,-400
exec27_edge_x-400,2,8896,5,0,10,0,0,1,0,3.30846501237,-400
exec27_edge_x-400,44,312,2,0,24,4,0,1,1,4.075398866,-400
exec27_edge_x-400,41,3622,4,0,3,0,0,1,0,4.56449438544,-400
exec27_edge_x-400,47,1501,2,0,1,0,0,1,0,4.99546933649,-400
exec27_edge_x-400,44,307,1,0,19,6,0,1,1,7.7819678501,-400
exec27_edge_x-400,23,7883,6,0,18,1,0,1,1,4.43772029157,-400
exec27_edge_x-400,7,14453,6,0,1,0,0,1,0,3.76634873122,-400
exec27_edge_x-400,29,4524,3,0,18,2,0,1,1,4.24156363277,-400
exec27_edge_x-400,2,8877,12,1,10,0,0,1,0,4.96660614723,-400
exec27_edge_x-400,32,3985,7,0,24,7,0,1,1,4.0105212248,-400
exec27_edge_x-400,16,19386,15,1,17,0,0,1,0,6.63705582209,-400
exec27_edge_x-400,29,4512,6,0,22,2,0,1,1,3.84406149646,-400
exec27_edge_x-400,14,2748,4,0,1,0,0,1,0,2.02538261732,-400
exec27_edge_x-400,7,14413,2,0,6,0,0,1,0,2.49176707364,-400
exec27_edge_x-400,23,7851,3,0,7,5,0,1,1,6.82487488148,-400
exec27_edge_x-400,29,4483,5,0,4,0,0,1,0,2.8891118616,-400
exec27_edge_x-400,25,24208,4,0,1,0,0,1,0,3.12841930495,-400
exec27_edge_x-400,47,1445,6,0,1,0,0,1,0,1.84617873975,-400
exec27_edge_x-400,23,7818,0,0,14,0,0,1,1,4.21058135521,-400
exec27_edge_x-400,29,4458,1,0,13,2,0,1,1,3.86127901983,-400
exec27_edge_x-400,16,19323,3,0,15,0,0,1,0,1.41629684553,-400
exec27_edge_x-400,41,3549,5,0,1,0,0,1,1,2.94734762961,-400
exec27_edge_x-400,29,4451,0,0,6,2,0,1,1,3.3343349126,-400
exec27_edge_x-400,5,4084,2,0,0,0,0,1,0,3.87939080228,-400
exec27_edge_x-400,34,22161,5,0,14,5,0,1,1,5.83647791486,-400
exec27_edge_x-400,16,19295,4,0,6,0,0,1,0,1.40451300924,-400
exec27_edge_x-400,34,22144,0,0,9,0,0,1,0,4.41678790184,-400
exec27_edge_x-400,23,7761,7,0,2,0,0,1,0,5.33007598244,-400
exec27_edge_x-400,2,8750,4,0,12,0,0,1,0,3.41728271026,-400
exec27_edge_x-400,16,19259,7,0,27,9,0,1,1,3.57835313089,-400
exec27_edge_x-400,34,22126,4,0,3,1,0,1,1,2.02692797561,-400
exec27_edge_x-400,34,22123,2,0,19,0,0,1,0,2.36457449783,-400
exec27_edge_x-400,23,7744,11,1,15,0,0,1,0,6.7149082038,-400
exec27_edge_x-400,41,3490,2,0,1,0,0,1,0,2.8424289441,-400
exec27_edge_x-400,11,6118,0,0,8,0,0,1,0,2.11678845093,-400
exec27_edge_x-400,23,7734,4,0,3,0,0,1,0,2.14290237503,-400
exec27_edge_x-400,32,3844,7,0,11,6,0,1,1,2.05211786021,-400
exec27_edge_x-400,14,2619,3,0,10,0,0,1,0,4.50901972197,-400
exec27_edge_x-400,14,2618,7,0,15,1,0,1,1,4.09242974114,-400
exec27_edge_x-400,11,6090,5,0,3,0,0,1,0,2.36857607561,-400
exec27_edge_x-400,16,21881,6,0,5,0,0,1,0,7.09939357723,-400
exec27_edge_x-400,2,8708,3,0,8,1,0,1,1,2.10511666851,-400
exec27_edge_x-400,23,7711,6,0,14,0,0,1,0,2.90682371156,-400
exec27_edge_x-400,7,14285,1,0,3,0,0,1,0,4.34264629658,-400
exec27_edge_x-400,14,2601,0,0,23,6,0,1,1,11.1736575484,-400
exec27_edge_x-400,41,3427,1,0,1,0,0,1,0,3.80151081761,-400
exec27_edge_x-400,38,8753,0,0,18,0,0,1,0,1.76468476485,-400
exec27_edge_x-400,25,24100,3,0,17,9,0,1,1,2.96984097949,-400
exec27_edge_x-400,29,4329,1,0,4,0,0,1,0,3.7037718854,-400
exec27_edge_x-400,2,8668,3,0,13,0,0,1,0,4.45910762049,-400
exec27_edge_x-400,29,4326,6,0,22,0,0,1,0,6.46720737469,-400
exec27_edge_x-400,41,3402,15,1,17,3,0,1,1,7.74163918683,-400
exec27_edge_x-400,7,14253,0,0,25,2,0,1,1,3.39284915295,-400
exec27_edge_x-400,29,4317,3,0,8,0,0,1,0,5.10184746883,-400
exec27_edge_x-400,25,24067,0,0,7,0,0,1,0,2.55790677719,-400
exec27_edge_x-400,2,8646,1,0,27,10,0,1,1,5.19722772754,-400
exec27_edge_x-400,16,21819,0,0,7,2,0,1,1,2.49753658409,-400
exec27_edge_x-400,7,14243,4,0,19,1,0,1,1,6.54560414779,-400
exec27_edge_x-400,47,1258,0,0,7,0,0,1,0,2.98911405528,-400
exec27_edge_x-400,7,14238,7,0,5,0,0,1,0,5.87682360221,-400
exec27_edge_x-400,47,1248,6,0,5,0,0,1,0,4.62860529643,-400
exec27_edge_x-400,5,3902,8,1,9,0,0,1,0,4.1360232931,-400
exec27_edge_x-400,16,21793,5,0,18,3,0,1,1,3.51337371939,-400
exec27_edge_x-400,7,14219,1,0,7,0,0,1,0,3.22225305135,-400
exec27_edge_x-400,41,3345,0,0,17,5,0,1,1,6.04276734094,-400
exec27_edge_x-400,2,8613,4,0,10,7,0,1,1,2.83083382292,-400
exec27_edge_x-400,7,14205,7,0,9,0,0,1,1,2.51466707342,-400
exec27_edge_x-400,41,3343,5,0,0,0,0,1,0,5.10886149719,-400
exec27_edge_x-400,34,21985,7,0,21,0,0,1,0,3.08828385073,-400
exec27_edge_x-400,2,8600,15,1,13,3,0,1,1,7.4921664028,-400
exec27_edge_x-400,2,8593,4,0,12,3,0,1,1,3.38899342783,-400
exec27_edge_x-400,41,3321,5,0,13,4,0,1,1,3.88091553129,-400
exec27_edge_x-400,2,8584,4,0,11,0,0,1,0,6.6652289803,-400
exec27_edge_x-400,41,3311,1,0,19,1,0,1,1,3.43845503721,-400
exec27_edge_x-400,14,2476,4,0,11,0,0,1,0,6.14389172575,-400
exec27_edge_x-400,32,3710,4,0,6,0,0,1,0,1.60303824771,-400
exec27_edge_x-400,38,8638,3,0,3,0,0,1,0,1.86568440852,-400
exec27_edge_x-400,7,14161,7,0,40,18,0,1,1,3.92375365572,-400
exec27_edge_x-400,7,14159,1,0,0,0,0,1,0,3.19955765372,-400
exec27_edge_x-400,16,21739,14,1,23,5,0,1,1,10.2743765494,-400
exec27_edge_x-400,38,8609,2,0,0,0,0,0,0,2.63907546614,-400
exec27_edge_x-400,32,3671,2,0,11,2,0,1,1,3.58744837727,-400
exec27_edge_x-400,5,9610,1,0,7,0,0,1,0,2.55387970768,-400
exec27_edge_x-400,47,1140,0,0,4,0,0,1,1,3.66192162485,-400
exec27_edge_x-400,25,23945,2,0,19,6,0,1,1,4.38713500574,-400
exec27_edge_x-400,41,3270,12,1,6,0,0,1,0,5.85190936258,-400
exec27_edge_x-400,32,3667,4,0,22,3,0,1,1,3.69390107477,-400
exec27_edge_x-400,38,8591,0,0,24,3,0,1,1,3.92076737273,-400
exec27_edge_x-400,29,4201,1,0,14,10,0,1,1,2.92408313783,-400
exec27_edge_x-400,47,1127,5,0,18,2,0,1,1,4.02482059248,-400
exec27_edge_x-400,38,8577,7,0,20,3,0,1,1,4.13141374206,-400
exec27_edge_x-400,16,21680,7,0,12,0,0,1,1,2.3641505177,-400
exec27_edge_x-400,11,8908,3,0,16,1,0,1,1,1.87761182598,-400
exec27_edge_x-400,14,2398,4,0,23,0,0,1,1,3.76060091097,-400
exec27_edge_x-400,16,21665,2,0,8,0,0,1,0,1.84026226836,-400
exec27_edge_x-400,16,21661,5,0,4,2,0,1,1,4.30728582442,-400
exec27_edge_x-400,11,8902,7,0,10,0,0,1,0,3.04966187628,-400
exec27_edge_x-400,41,3238,3,0,19,3,0,1,1,5.78785395867,-400
exec27_edge_x-400,44,3508,6,0,10,0,0,1,1,4.13489371468,-400
exec27_edge_x-400,2,8497,6,0,6,2,0,1,1,5.97665303856,-400
exec27_edge_x-400,44,3503,7,0,8,0,0,1,0,5.53032264236,-400
exec27_edge_x-400,47,1095,0,0,1,0,0,1,0,2.71920800716,-400
exec27_edge_x-400,44,3494,5,0,5,0,0,1,0,2.47357302744,-400
exec27_edge_x-400,14,2377,5,0,19,0,0,1,1,2.44874776358,-400
exec27_edge_x-400,32,3593,7,0,0,0,0,1,0,3.31869758439,-400
exec27_edge_x-400,38,8533,5,0,0,0,0,1,0,7.43368750988,-400
exec27_edge_x-400,2,8470,0,0,9,0,0,1,0,2.3532660852,-400
exec27_edge_x-400,14,2341,1,0,2,0,0,1,0,3.49260186685,-400
exec27_edge_x-400,16,21614,3,0,2,0,0,1,0,3.36581946936,-400
exec27_edge_x-400,47,1062,4,0,21,9,0,1,1,2.05129920651,-400
exec27_edge_x-400,7,14040,6,0,5,1,0,1,1,2.11254250915,-400
exec27_edge_x-400,34,21814,1,0,13,3,0,1,1,2.29374113862,-400
exec27_edge_x-400,34,21813,4,0,15,3,0,1,1,2.3472215275,-400
exec27_edge_x-400,34,21810,2,0,2,0,0,1,0,2.3366116597,-400
exec27_edge_x-400,2,8453,7,0,13,4,0,1,1,2.66582493456,-400
exec27_edge_x-400,20,8700,5,0,3,0,0,1,0,4.90921551876,-400
exec27_edge_x-400,47,1032,1,0,8,0,0,1,0,3.51256327515,-400
exec27_edge_x-400,2,8422,5,0,11,1,0,1,1,2.82263042963,-400
exec27_edge_x-400,34,21767,0,0,10,0,0,1,1,2.31549759212,-400
exec27_edge_x-400,16,21564,1,0,2,0,0,1,1,1.87433891227,-400
exec27_edge_x-400,23,10087,7,0,5,0,0,1,1,1.37399889787,-400
exec27_edge_x-400,29,4058,3,0,24,2,0,1,1,3.10258153084,-400
exec27_edge_x-400,29,4048,3,0,2,0,0,1,0,1.75681495455,-400
exec27_edge_x-400,5,9471,6,0,16,6,0,1,1,5.08672173702,-400
exec27_edge_x-400,7,13967,4,0,6,1,0,1,1,4.13290679744,-400
exec27_edge_x-400,44,3381,7,0,9,0,0,1,0,2.64681185142,-400
exec27_edge_x-400,20,8629,2,0,5,0,0,1,0,5.14658050109,-400
exec27_edge_x-400,25,23776,1,0,4,0,0,1,0,7.66283112373,-400
exec27_edge_x-400,11,8773,2,0,12,1,0,1,1,5.0366065098,-400
exec27_edge_x-400,44,3373,7,0,17,9,0,1,1,2.15784153662,-400
exec27_edge_x-400,11,8770,3,0,4,0,0,1,0,3.80291263335,-400
exec27_edge_x-400,41,3117,3,0,20,2,0,1,1,2.58631977443,-400
exec27_edge_x-400,16,21529,5,0,10,0,0,1,0,5.36722590229,-400
exec27_edge_x-400,5,9447,6,0,16,0,0,1,1,4.89681232946,-400
exec27_edge_x-400,25,23762,4,0,7,0,0,1,0,2.67958723602,-400
exec27_edge_x-400,29,4015,0,0,0,0,0,0,0,5.00243424739,-400
exec27_edge_x-400,11,8753,1,0,0,0,0,1,0,2.64244335381,-400
exec27_edge_x-400,25,23745,3,0,15,3,0,1,1,6.85923797288,-400
exec27_edge_x-400,38,12411,2,0,0,0,0,1,0,1.8384530144,-400
exec27_edge_x-400,34,21704,5,0,5,0,0,1,0,3.83984051648,-400
exec27_edge_x-400,41,3072,5,0,20,5,0,1,1,1.54770628932,-400
exec27_edge_x-400,29,3974,0,0,4,2,0,1,1,3.35486396332,-400
exec27_edge_x-400,14,2210,3,0,3,0,0,1,0,2.46924446739,-400
exec27_edge_x-400,20,8563,0,0,3,0,0,1,0,3.78350203468,-400
exec27_edge_x-400,23,9985,0,0,17,0,0,1,1,4.99533074059,-400
exec27_edge_x-400,47,903,0,0,31,3,0,1,1,6.29529351655,-400
exec27_edge_x-400,34,21656,2,0,1,0,0,1,0,2.39303643118,-400
exec27_edge_x-400,29,3949,5,0,4,1,0,1,1,2.6213211686,-400
exec27_edge_x-400,16,21444,2,0,4,0,0,1,1,2.358414906,-400
exec27_edge_x-400,2,8281,7,0,10,0,0,1,0,2.36616304016,-400
exec27_edge_x-400,2,9953,7,0,1,0,0,1,0,3.87031079853,-400
exec27_edge_x-400,11,8695,5,0,5,0,0,1,0,2.61803557112,-400
exec27_edge_x-400,7,13839,3,0,0,0,0,1,0,3.01034725401,-400
exec27_edge_x-400,14,2161,7,0,4,0,0,1,0,2.35001895156,-400
exec27_edge_x-400,11,8664,3,0,8,0,0,1,1,3.80615426379,-400
exec27_edge_x-400,34,21616,2,0,0,0,0,0,0,5.14600325978,-400
exec27_edge_x-400,47,862,7,0,4,0,0,1,0,1.84763821706,-400
exec27_edge_x-400,38,12312,4,0,4,5,0,1,1,3.11123450991,-400
exec27_edge_x-400,34,21608,14,1,16,11,0,1,1,5.17175788048,-400
exec27_edge_x-400,7,13808,4,0,15,3,0,1,1,6.4274865696,-400
exec27_edge_x-400,14,2134,3,0,1,0,0,1,0,3.32508869223,-400
exec27_edge_x-400,14,2132,0,0,8,0,0,1,0,6.73580413268,-400
exec27_edge_x-400,11,8634,6,0,10,8,0,1,1,4.081433351,-400
exec27_edge_x-400,5,9316,3,0,11,4,0,1,1,2.52332752197,-400
exec27_edge_x-400,16,21388,0,0,0,0,0,1,0,1.79181639895,-400
exec27_edge_x-400,14,2128,0,0,4,0,0,1,1,3.17161233326,-400
exec27_edge_x-400,25,23620,7,0,7,0,0,1,0,4.86316265849,-400
exec27_edge_x-400,25,23619,2,0,3,0,0,1,1,4.93730359232,-400
exec27_edge_x-400,44,3222,1,0,4,0,0,1,0,3.01002200097,-400
exec27_edge_x-400,34,21576,6,0,3,0,0,1,0,3.71535238035,-400
exec27_edge_x-400,29,3867,1,0,5,1,0,1,1,5.93619205807,-400
exec27_edge_x-400,7,13792,4,0,8,0,0,1,0,2.17637549494,-400
exec27_edge_x-400,2,8195,7,0,14,0,0,1,0,2.59682652077,-400
exec27_edge_x-400,14,2105,1,0,2,0,0,1,0,6.13001377633,-400
exec27_edge_x-400,11,8597,3,0,2,0,0,1,0,3.03071926193,-400
exec27_edge_x-400,23,9883,0,0,6,0,0,1,0,4.85109381157,-400
exec27_edge_x-400,5,9278,0,0,5,0,0,1,0,4.02566391893,-400
exec27_edge_x-400,38,12241,2,0,9,2,0,1,1,3.21356982249,-400
exec27_edge_x-400,14,2082,6,0,0,0,0,1,0,3.0231822931,-400
exec27_edge_x-400,23,9865,7,0,5,2,0,1,1,2.88236624556,-400
exec27_edge_x-400,20,8444,7,0,5,1,0,1,1,2.78275814814,-400
exec27_edge_x-400,47,769,3,0,5,1,0,1,1,3.11505812532,-400
exec27_edge_x-400,32,3270,2,0,11,0,0,1,0,1.37721592303,-400
exec27_edge_x-400,44,3147,3,0,7,4,0,1,1,7.01918032478,-400
exec27_edge_x-400,29,3799,3,0,9,0,0,1,0,3.01382650549,-400
exec27_edge_x-400,32,6885,1,0,14,4,0,1,1,2.6058503633,-400
exec27_edge_x-400,5,9241,0,0,34,4,0,1,1,4.94356877096,-400
exec27_edge_x-400,29,3793,6,0,0,0,0,1,0,1.97320233957,-400
exec27_edge_x-400,34,21498,2,0,9,0,0,1,0,3.06389736293,-400
exec27_edge_x-400,32,6870,4,0,4,0,0,1,0,6.95817435625,-400
exec27_edge_x-400,32,6868,6,0,18,1,0,1,1,4.34724987252,-400
exec27_edge_x-400,38,12174,5,0,8,0,0,1,0,3.55417498119,-400
exec27_edge_x-400,44,3118,1,0,9,4,0,1,1,5.53926018265,-400
exec27_edge_x-400,29,3770,1,0,12,2,0,1,1,3.95693384574,-400
exec27_edge_x-400,14,2043,0,0,12,0,0,1,0,3.91192060116,-400
exec27_edge_x-400,38,12162,4,0,15,1,0,1,1,6.0102689143,-400
exec27_edge_x-400,38,12160,4,0,16,4,0,1,1,3.23847048674,-400
exec27_edge_x-400,5,9207,2,0,2,1,0,1,1,3.14598860263,-400
exec27_edge_x-400,47,716,10,1,14,0,0,1,0,5.78701008044,-400
exec27_edge_x-400,41,5994,6,0,4,0,0,1,0,3.513653245,-400
exec27_edge_x-400,44,3093,7,0,9,6,0,1,1,6.31782704855,-400
exec27_edge_x-400,14,2027,0,0,6,3,0,1,1,4.09744029203,-400
exec27_edge_x-400,20,8362,3,0,13,0,0,1,0,7.02299787997,-400
exec27_edge_x-400,41,5984,7,0,7,0,0,1,1,2.25368861955,-400
exec27_edge_x-400,41,5972,7,0,8,0,0,1,0,3.76049186748,-400
exec27_edge_x-400,20,8338,0,0,7,0,0,1,0,3.20224308211,-400
exec27_edge_x-400,44,3067,3,0,13,0,0,1,1,2.86002527078,-400
exec27_edge_x-400,47,684,1,0,4,0,0,1,0,2.06177401511,-400
exec27_edge_x-400,38,12118,6,0,27,2,0,1,1,6.29961130373,-400
exec27_edge_x-400,11,8486,7,0,11,1,0,1,1,5.60564211175,-400
exec27_edge_x-400,29,3698,0,0,4,0,0,1,0,2.05607661169,-400
exec27_edge_x-400,14,1981,6,0,2,2,0,1,1,3.08737042661,-400
exec27_edge_x-400,34,21396,0,0,20,5,0,1,1,2.58338003117,-400
exec27_edge_x-400,25,23455,1,0,7,0,0,1,0,2.910113884,-400
exec27_edge_x-400,41,5937,4,0,37,5,0,1,1,6.73559983934,-400
exec27_edge_x-400,5,9142,0,0,2,2,0,1,1,2.24378726995,-400
exec27_edge_x-400,5,9140,7,0,6,0,0,1,0,3.01728707774,-400
exec27_edge_x-400,41,5930,0,0,6,0,0,1,0,4.48054327712,-400
exec27_edge_x-400,11,8452,0,0,6,0,0,1,0,5.23097179938,-400
exec27_edge_x-400,5,9119,1,0,13,2,0,1,1,3.63805636818,-400
exec27_edge_x-400,32,6758,7,0,10,3,0,1,1,2.44285227085,-400
exec27_edge_x-400,34,21350,4,0,7,0,0,1,0,1.29679671962,-400
exec27_edge_x-400,29,3652,2,0,16,5,0,1,1,10.4151630484,-400
exec27_edge_x-400,34,21341,7,0,7,0,0,1,0,1.3681938975,-400
exec27_edge_x-400,20,8269,6,0,16,0,0,1,1,4.0172926878,-400
exec27_edge_x-400,32,6751,0,0,9,0,0,1,0,2.36458303182,-400
exec27_edge_x-400,47,607,4,0,6,0,0,1,1,4.6385215874,-400
exec27_edge_x-400,14,1922,1,0,11,0,0,1,0,4.13317849295,-400
exec27_edge_x-400,41,5890,3,0,22,3,0,1,1,2.58216989204,-400
exec27_edge_x-400,38,12023,2,0,22,11,0,1,1,3.9117773761,-400
exec27_edge_x-400,47,585,2,0,1,0,0,1,0,4.43077287137,-400
exec27_edge_x-400,2,12012,5,0,8,0,0,1,0,2.3789599774,-400
exec27_edge_x-400,41,5880,2,0,18,9,0,1,1,3.42948813635,-400
exec27_edge_x-400,32,6710,6,0,0,0,0,1,0,5.03260035311,-400
exec27_edge_x-400,11,8386,7,0,22,11,0,1,1,5.42418594899,-400
exec27_edge_x-400,23,9658,5,0,12,1,0,1,1,3.59606230315,-400
exec27_edge_x-400,2,12004,3,0,5,1,0,1,1,2.56034344388,-400
exec27_edge_x-400,38,12001,0,0,3,0,0,1,0,3.70900275896,-400
exec27_edge_x-400,41,5865,1,0,3,0,0,1,0,2.65403987746,-400
exec27_edge_x-400,44,2943,1,0,9,2,0,1,1,11.6821695044,-400
exec27_edge_x-400,34,24570,5,0,12,0,0,1,0,2.5780165172,-400
exec27_edge_x-400,23,9630,2,0,1,0,0,1,0,7.34135413529,-400
exec27_edge_x-400,2,11981,3,0,11,0,0,1,0,3.2991393308,-400
exec27_edge_x-400,7,13545,0,0,14,0,0,1,0,1.8905499521,-400
exec27_edge_x-400,20,8206,3,0,20,2,0,1,1,3.81252919975,-400
exec27_edge_x-400,34,24559,4,0,11,6,0,1,1,4.43002833905,-400
exec27_edge_x-400,41,5836,4,0,19,0,0,1,0,5.78889745807,-400
exec27_edge_x-400,2,11966,2,0,12,2,0,1,1,2.99234312437,-400
exec27_edge_x-400,14,1828,7,0,11,0,0,1,0,7.01389039254,-400
exec27_edge_x-400,20,8177,3,0,24,9,0,1,1,5.0504077331,-400
exec27_edge_x-400,25,23272,2,0,5,0,0,1,0,1.56748119764,-400
exec27_edge_x-400,11,8326,6,0,6,0,0,1,0,4.84997039119,-400
exec27_edge_x-400,14,1818,3,0,5,1,0,1,1,2.39322293871,-400
exec27_edge_x-400,11,8315,6,0,10,2,0,1,1,3.11324864239,-400
exec27_edge_x-400,2,11928,2,0,8,0,0,1,0,2.56272823545,-400
exec27_edge_x-400,25,27106,6,0,0,0,0,1,0,1.69377215143,-400
exec27_edge_x-400,25,27104,3,0,8,0,0,1,0,4.54848694997,-400
exec27_edge_x-400,11,8307,3,0,13,0,0,1,0,1.3689466926,-400
exec27_edge_x-400,38,11922,2,0,5,0,0,1,0,1.50210806767,-400
exec27_edge_x-400,41,5780,2,0,16,2,0,1,1,2.43048086973,-400
exec27_edge_x-400,2,11915,0,0,10,1,0,1,1,1.72964866505,-400
exec27_edge_x-400,38,11918,3,0,3,0,0,1,0,4.177043287,-400
exec27_edge_x-400,41,5773,4,0,3,0,0,1,0,5.90915375577,-400
exec27_edge_x-400,32,6602,6,0,15,2,0,1,1,1.97593613039,-400
exec27_edge_x-400,7,13465,7,0,11,0,0,1,0,2.46125641994,-400
exec27_edge_x-400,34,24506,7,0,25,11,0,1,1,8.82558921559,-400
exec27_edge_x-400,5,8972,0,0,6,0,0,1,0,3.63803940701,-400
exec27_edge_x-400,7,13430,5,0,6,0,0,1,0,2.31793698773,-400
exec27_edge_x-400,14,1759,6,0,3,0,0,1,0,7.98758684587,-400
exec27_edge_x-400,2,11849,6,0,8,0,0,1,0,2.30961302306,-400
exec27_edge_x-400,29,3449,13,1,24,3,0,1,1,9.69708871232,-400
exec27_edge_x-400,44,2801,4,0,0,0,0,1,0,1.75854984051,-400
exec27_edge_x-400,2,11837,2,0,4,0,0,1,0,3.366417069,-400
exec27_edge_x-400,14,1735,6,0,7,1,0,1,1,2.98468474958,-400
exec27_edge_x-400,32,6542,2,0,0,0,0,1,0,2.39020186294,-400
exec27_edge_x-400,44,2788,4,0,1,0,0,1,0,1.85107116085,-400
exec27_edge_x-400,25,27019,1,0,11,2,0,1,1,2.51150783963,-400
exec27_edge_x-400,34,24431,3,0,2,0,0,1,0,1.99787542564,-400
exec27_edge_x-400,2,11813,6,0,3,0,0,1,0,4.85011090254,-400
exec27_edge_x-400,14,1713,0,0,11,2,0,1,1,8.23495741398,-400
exec27_edge_x-400,7,13369,4,0,13,0,0,1,0,2.97235647607,-400
exec27_edge_x-400,32,6511,1,0,1,0,0,1,0,2.12440211375,-400
exec27_edge_x-400,47,397,7,0,7,0,0,1,0,2.18976088691,-400
exec27_edge_x-400,5,8885,0,0,10,2,0,1,1,3.07820415205,-400
exec27_edge_x-400,11,8187,3,0,8,0,0,1,0,7.39520559816,-400
exec27_edge_x-400,29,3397,8,1,3,0,0,1,0,10.631561066,-400
exec27_edge_x-400,20,8006,5,0,3,0,0,1,1,2.39704632292,-400
exec27_edge_x-400,23,9434,7,0,2,0,0,1,0,4.69270629224,-400
exec27_edge_x-400,14,1690,3,0,7,0,0,1,0,2.85225618062,-400
exec27_edge_x-400,11,8168,1,0,0,0,0,1,0,3.05004750258,-400
exec27_edge_x-400,41,5643,7,0,16,4,0,1,1,4.25654091679,-400
exec27_edge_x-400,2,11785,0,0,11,3,0,1,1,4.19089692025,-400
exec27_edge_x-400,5,8854,8,1,4,0,0,1,0,5.53781670485,-400
exec27_edge_x-400,47,369,7,0,8,0,0,1,1,1.81107425077,-400
exec27_edge_x-400,47,1872,7,0,0,0,0,0,0,8.85603510112,-400
exec27_edge_x-400,14,1673,0,0,18,2,0,1,1,2.52365595246,-400
exec27_edge_x-400,17,1142,4,0,4,0,0,1,0,3.24943840825,-400
exec27_edge_x-400,44,2732,4,0,5,0,0,1,1,3.0550438979,-400
exec27_edge_x-400,11,8147,5,0,1,0,0,1,0,2.9213729849,-400
exec27_edge_x-400,41,5612,2,0,6,0,0,1,0,3.44982665855,-400
exec27_edge_x-400,11,8122,7,0,8,7,0,1,1,2.42282530232,-400
exec27_edge_x-400,11,8116,4,0,13,0,0,1,0,3.18648575594,-400
exec27_edge_x-400,47,334,6,0,23,0,0,1,0,3.47268909641,-400
exec27_edge_x-400,14,1627,5,0,7,0,0,1,0,5.21783472886,-400
exec27_edge_x-400,34,24339,0,0,9,5,0,1,1,1.90158567777,-400
exec27_edge_x-400,41,5580,7,0,9,1,0,1,1,2.12098473482,-400
exec27_edge_x-400,34,24316,7,0,7,0,0,1,0,2.41857521317,-400
exec27_edge_x-400,34,24313,4,0,1,0,0,1,0,7.37003545967,-400
exec27_edge_x-400,47,306,7,0,6,1,0,1,1,3.88442200135,-400
exec27_edge_x-400,44,2689,1,0,5,0,0,1,1,1.66451347165,-400
exec27_edge_x-400,7,13262,0,0,6,0,0,1,0,2.05110320981,-400
exec27_edge_x-400,17,1090,0,0,3,0,0,1,0,3.17101581492,-400
exec27_edge_x-400,47,297,3,0,6,2,0,1,1,4.34599788188,-400
exec27_edge_x-400,14,1597,1,0,18,4,0,1,1,1.88407708635,-400
exec27_edge_x-400,44,2682,1,0,5,0,0,1,0,2.00953183313,-400
exec27_edge_x-400,2,11712,6,0,6,2,0,1,1,3.10016944669,-400
exec27_edge_x-400,25,26877,0,0,8,3,0,1,1,3.36404280097,-400
exec27_edge_x-400,20,7908,5,0,21,0,0,1,0,2.75774759038,-400
exec27_edge_x-400,47,276,5,0,9,4,0,1,1,7.37056424169,-400
exec27_edge_x-400,32,6393,1,0,6,1,0,1,1,5.23558036197,-400
exec27_edge_x-400,25,26855,5,0,2,0,0,1,0,2.6770442029,-400
exec27_edge_x-400,38,11704,9,1,16,0,0,1,0,8.84025506783,-400
exec27_edge_x-400,23,11414,4,0,18,0,0,1,0,3.7677047139,-400
exec27_edge_x-400,29,3207,3,0,7,0,0,1,0,1.2904081255,-400
exec27_edge_x-400,17,1052,6,0,11,0,0,1,0,1.96140670938,-400
exec27_edge_x-400,2,11675,2,0,8,0,0,1,0,4.05368864,-400
exec27_edge_x-400,17,1045,3,0,6,0,0,1,0,2.38301246218,-400
exec27_edge_x-400,41,5516,6,0,0,0,0,1,0,2.24059582005,-400
exec27_edge_x-400,29,3181,5,0,0,0,0,1,0,1.26348739519,-400
exec27_edge_x-400,44,2628,6,0,6,0,0,1,0,2.08830005515,-400
exec27_edge_x-400,20,7868,1,0,16,7,0,1,1,7.81979252358,-400
exec27_edge_x-400,32,6363,5,0,11,0,0,1,0,2.29503872567,-400
exec27_edge_x-400,14,5258,4,0,12,5,0,1,1,3.61111904808,-400
exec27_edge_x-400,44,2616,1,0,5,0,0,1,0,3.05807202848,-400
exec27_edge_x-400,17,1009,5,0,8,0,0,1,0,1.80541276998,-400
exec27_edge_x-400,11,8007,1,0,14,2,0,1,1,5.8249544574,-400
exec27_edge_x-400,44,2605,0,0,1,0,0,1,0,6.13966095065,-400
exec27_edge_x-400,32,6330,0,0,5,0,0,1,0,8.33416390113,-400
exec27_edge_x-400,2,11628,6,0,10,6,0,1,1,3.08952518992,-400
exec27_edge_x-400,7,13178,11,1,17,4,1,1,1,5.75501484086,-400
exec27_edge_x-400,2,11618,11,1,19,3,0,1,1,6.08850838064,-400
exec27_edge_x-400,7,13172,4,0,11,0,0,1,0,2.74108059178,-400
exec27_edge_x-400,17,966,7,0,5,0,0,1,0,8.9337556197,-400
exec27_edge_x-400,29,6390,5,0,0,0,0,1,0,7.38053399566,-400
exec27_edge_x-400,34,24165,5,0,6,0,0,1,0,5.9282572327,-400
exec27_edge_x-400,38,11585,0,0,10,0,0,1,0,7.48583480202,-400
exec27_edge_x-400,7,13122,1,0,10,0,0,1,0,1.57799217715,-400
exec27_edge_x-400,20,7773,11,1,26,9,0,1,1,7.07030231683,-400
exec27_edge_x-400,11,7917,1,0,16,6,0,1,1,8.80749467225,-400
exec27_edge_x-400,23,11284,13,1,8,0,0,1,0,7.59000440663,-400
exec27_edge_x-400,17,911,0,0,33,3,0,1,1,3.17713646583,-400
exec27_edge_x-400,20,7754,7,0,19,6,0,1,1,4.20390335222,-400
exec27_edge_x-400,25,26702,2,0,6,0,0,1,0,4.04060287637,-400
exec27_edge_x-400,7,13102,7,0,10,2,0,1,1,6.17618354619,-400
exec27_edge_x-400,38,11556,7,0,15,0,0,1,0,3.38397835533,-400
exec27_edge_x-400,5,8597,3,0,0,0,0,1,0,1.73829075517,-400
exec27_edge_x-400,20,7743,6,0,6,1,0,1,1,2.06136078863,-400
exec27_edge_x-400,44,2510,4,0,8,0,0,1,0,3.85911093764,-400
exec27_edge_x-400,32,6194,0,0,6,2,0,1,1,5.56951681464,-400
exec27_edge_x-400,41,5327,0,0,15,0,0,1,0,2.2899010012,-400
exec27_edge_x-400,34,24075,1,0,18,0,0,1,0,3.021763243,-400
exec27_edge_x-400,47,56,15,1,7,2,0,1,1,4.4455003739,-400
exec27_edge_x-400,41,5319,2,0,6,5,0,1,1,2.4752957406,-400
exec27_edge_x-400,17,858,1,0,7,3,0,1,1,6.89269127122,-400
exec27_edge_x-400,2,11491,6,0,7,0,0,1,0,2.70380195741,-400
exec27_edge_x-400,2,11488,2,0,3,0,0,1,0,3.8397912785,-400
exec27_edge_x-400,32,6148,2,0,5,2,0,1,1,4.28626937073,-400
exec27_edge_x-400,20,7675,3,0,15,3,0,1,1,8.64035074734,-400
exec27_edge_x-400,44,2446,0,0,2,0,0,1,0,5.85714655028,-400
exec27_edge_x-400,11,7835,2,0,4,2,0,1,1,1.66256374763,-400
exec27_edge_x-400,20,7657,3,0,3,0,0,1,0,2.6396951819,-400
exec27_edge_x-400,32,6126,4,0,1,0,0,1,0,1.59802437013,-400
exec27_edge_x-400,47,4577,6,0,3,1,0,1,1,3.30821763593,-400
exec27_edge_x-400,34,24016,0,0,6,0,0,1,0,3.36896446406,-400
exec27_edge_x-400,20,7651,11,1,11,0,0,1,0,5.90064161631,-400
exec27_edge_x-400,20,7649,1,0,4,0,0,1,0,2.77710584931,-400
exec27_edge_x-400,25,26598,6,0,7,0,0,1,0,3.31148159421,-400
exec27_edge_x-400,17,813,5,0,10,1,0,1,1,8.22395150055,-400
exec27_edge_x-400,5,8495,7,0,16,7,0,1,1,2.41143820984,-400
exec27_edge_x-400,23,11161,8,1,18,0,0,1,1,5.88874740553,-400
exec27_edge_x-400,47,4554,6,0,0,0,0,1,0,2.6214432957,-400
exec27_edge_x-400,17,798,4,0,8,4,0,1,1,3.24512735789,-400
exec27_edge_x-400,7,12952,6,0,7,0,0,1,1,1.4623198284,-400
exec27_edge_x-400,17,797,0,0,11,0,0,1,1,5.09164800812,-400
exec27_edge_x-400,44,2409,4,0,7,2,0,1,1,3.81140054923,-400
exec27_edge_x-400,14,5006,7,0,4,0,0,1,0,2.70239673254,-400
exec27_edge_x-400,25,26570,3,0,4,0,0,1,0,4.41314313564,-400
exec27_edge_x-400,47,4542,3,0,7,0,0,1,1,2.11516087053,-400
exec27_edge_x-400,11,7779,4,0,11,1,0,1,1,4.14689288407,-400
exec27_edge_x-400,11,7777,13,1,38,0,0,1,0,5.69182773453,-400
exec27_edge_x-400,11,9026,13,1,0,0,0,0,0,7.66593742079,-400
exec27_edge_x-400,41,5199,4,0,9,6,0,1,1,4.5237065557,-400
exec27_edge_x-400,25,26538,2,0,5,0,0,1,1,5.22827135123,-400
exec27_edge_x-400,32,6037,2,0,7,2,0,1,1,2.46533527588,-400
exec27_edge_x-400,29,6147,1,0,2,0,0,1,0,2.53555321463,-400
exec27_edge_x-400,47,4499,1,0,15,10,0,1,1,4.76243571112,-400
exec27_edge_x-400,38,11381,1,0,6,0,0,1,0,3.94791500438,-400
exec27_edge_x-400,14,4957,5,0,13,0,0,1,1,1.9023974826,-400
exec27_edge_x-400,11,7719,3,0,4,0,0,1,0,4.51469286709,-400
exec27_edge_x-400,5,8416,10,1,11,0,0,1,0,5.62806575442,-400
exec27_edge_x-400,47,4474,4,0,20,4,0,1,1,1.88742082749,-400
exec27_edge_x-400,41,5173,4,0,4,1,0,1,1,2.36618069428,-400
exec27_edge_x-400,32,6001,5,0,9,0,0,1,0,1.8151645422,-400
exec27_edge_x-400,7,16516,13,1,4,0,0,1,0,4.22339609043,-400
exec27_edge_x-400,44,2327,7,0,4,2,0,1,1,7.62537907642,-400
exec27_edge_x-400,11,7696,0,0,5,0,0,1,0,1.40882818935,-400
exec27_edge_x-400,11,9027,0,0,0,0,0,0,0,3.55426995562,-400
exec27_edge_x-400,2,11350,5,0,6,0,0,1,0,4.49014605947,-400
exec27_edge_x-400,44,2319,5,0,6,0,0,1,0,1.97759200747,-400
exec27_edge_x-400,44,3612,5,0,0,0,0,0,0,2.48920012343,-400
exec27_edge_x-400,47,4450,1,0,8,0,0,1,1,2.37731703879,-400
exec27_edge_x-400,7,16500,5,0,5,0,0,1,1,2.0808086763,-400
exec27_edge_x-400,34,23886,6,0,11,5,0,1,1,1.81952662516,-400
exec27_edge_x-400,14,4922,2,0,2,0,0,1,0,2.86519734549,-400
exec27_edge_x-400,41,5141,2,0,12,0,0,1,0,1.81657416178,-400
exec27_edge_x-400,44,2309,7,0,18,7,0,1,1,2.60529297058,-400
exec27_edge_x-400,29,6096,6,0,4,0,0,1,0,3.9846391734,-400
exec27_edge_x-400,38,11339,2,0,3,0,0,1,0,2.28480236988,-400
exec27_edge_x-400,25,26476,2,0,6,0,0,1,0,5.06425118494,-400
exec27_edge_x-400,25,26464,0,0,11,2,0,1,1,4.93020110649,-400
exec27_edge_x-400,2,11317,6,0,15,4,0,1,1,3.82359373397,-400
exec27_edge_x-400,47,4425,1,0,21,4,0,1,1,5.40825274338,-400
exec27_edge_x-400,14,4880,0,0,4,0,0,1,0,3.28000185138,-400
exec27_edge_x-400,25,26453,2,0,5,0,0,1,0,2.99391311298,-400
exec27_edge_x-400,5,8332,3,0,8,0,0,1,1,3.04737815894,-400
exec27_edge_x-400,11,11727,0,0,9,0,0,1,0,3.81759463419,-400
exec27_edge_x-400,14,4873,5,0,2,0,0,1,0,9.44288348387,-400
exec27_edge_x-400,29,6052,2,0,16,0,0,1,0,1.6474163612,-400
exec27_edge_x-400,23,10992,1,0,10,1,0,1,1,4.85440436899,-400
exec27_edge_x-400,20,7465,4,0,11,4,0,1,1,2.73507099509,-400
exec27_edge_x-400,38,11292,5,0,20,2,0,1,1,4.58750660057,-400
exec27_edge_x-400,14,4847,3,0,6,0,0,1,0,1.62673882295,-400
exec27_edge_x-400,34,23802,4,0,13,2,0,1,1,2.53851175347,-400
exec27_edge_x-400,34,23799,2,0,0,0,0,1,0,4.81298782339,-400
exec27_edge_x-400,23,10971,4,0,4,0,0,1,0,1.80582198002,-400
exec27_edge_x-400,41,5058,2,0,4,0,0,1,0,3.15086895472,-400
exec27_edge_x-400,47,4366,1,0,8,0,0,1,0,4.92502195949,-400
exec27_edge_x-400,32,5893,2,0,23,2,0,1,1,2.27389216355,-400
exec27_edge_x-400,41,5051,6,0,7,0,0,1,0,4.11955580836,-400
exec27_edge_x-400,5,8296,6,0,6,0,0,1,0,1.98127775689,-400
exec27_edge_x-400,47,4354,0,0,12,0,0,1,0,3.46806319758,-400
exec27_edge_x-400,11,11679,6,0,5,0,0,1,0,2.50989032541,-400
exec27_edge_x-400,25,26388,1,0,0,0,0,1,0,8.07431414067,-400
exec27_edge_x-400,29,6009,1,0,21,2,0,1,1,4.48947498335,-400
exec27_edge_x-400,11,11675,0,0,5,0,0,1,0,6.20387326827,-400
exec27_edge_x-400,5,8280,2,0,3,0,0,1,0,2.88488173294,-400
exec27_edge_x-400,23,10940,5,0,12,0,0,1,0,1.57824626467,-400
exec27_edge_x-400,29,6002,0,0,4,0,0,1,0,2.3103103397,-400
exec27_edge_x-400,14,4806,7,0,5,0,0,1,0,1.68048881857,-400
exec27_edge_x-400,41,5035,0,0,10,3,0,1,1,2.70263438328,-400
exec27_edge_x-400,7,16404,2,0,2,0,0,1,0,2.46380779819,-400
exec27_edge_x-400,32,5866,4,0,0,0,0,1,0,1.85487377041,-400
exec27_edge_x-400,41,5032,2,0,10,4,0,1,1,2.70547904016,-400
exec27_edge_x-400,41,5024,0,0,5,0,0,1,0,3.8522676175,-400
exec27_edge_x-400,29,5976,7,0,6,0,0,1,0,1.98744256306,-400
exec27_edge_x-400,25,26368,5,0,6,2,0,1,1,3.21509366386,-400
exec27_edge_x-400,38,11240,0,0,11,0,0,1,0,1.98177403828,-400
exec27_edge_x-400,7,16386,5,0,8,0,0,1,1,3.26093372652,-400
exec27_edge_x-400,34,23753,0,0,14,0,0,1,1,4.90009608453,-400
exec27_edge_x-400,38,11233,5,0,18,0,0,1,1,3.28542015379,-400
exec27_edge_x-400,44,2197,6,0,23,4,0,1,1,2.32855063776,-400
exec27_edge_x-400,32,5840,5,0,4,0,0,1,0,6.4845704695,-400
exec27_edge_x-400,29,5963,7,0,6,0,0,1,1,12.4871548445,-400
exec27_edge_x-400,2,11188,1,0,3,0,0,1,0,1.49567715953,-400
exec27_edge_x-400,14,4772,2,0,2,0,0,1,1,3.01604624813,-400
exec27_edge_x-400,34,23732,1,0,6,0,0,1,0,3.95220777149,-400
exec27_edge_x-400,41,4984,6,0,7,2,0,1,1,6.69589568503,-400
exec27_edge_x-400,20,7350,0,0,4,0,0,1,1,3.41152483709,-400
exec27_edge_x-400,41,4975,4,0,3,0,0,1,0,3.46037231784,-400
exec27_edge_x-400,14,4738,4,0,22,0,0,1,1,3.21939805733,-400
exec27_edge_x-400,29,5906,5,0,7,0,0,1,0,2.0020534891,-400
exec27_edge_x-400,2,11139,6,0,8,0,0,1,0,3.72283000736,-400
exec27_edge_x-400,47,4248,3,0,6,0,0,1,1,2.30148640983,-400
exec27_edge_x-400,44,2111,2,0,12,0,0,1,0,2.91969321889,-400
exec27_edge_x-400,20,7293,3,0,12,0,0,1,0,4.07556174871,-400
exec27_edge_x-400,17,452,3,0,9,2,0,1,1,3.72000536525,-400
exec27_edge_x-400,5,8156,3,0,2,0,0,1,0,3.22049183328,-400
exec27_edge_x-400,17,445,1,0,3,0,0,1,0,2.05977130502,-400
exec27_edge_x-400,5,8154,5,0,7,3,0,1,1,5.98722331214,-400
exec27_edge_x-400,32,5763,2,0,4,4,0,1,1,3.06881704763,-400
exec27_edge_x-400,41,4917,6,0,4,0,0,1,0,3.3947908425,-400
exec27_edge_x-400,44,2071,4,0,14,3,0,1,1,2.5538286462,-400
exec27_edge_x-400,23,10782,6,0,13,2,0,1,1,2.42247638342,-400
exec27_edge_x-400,47,4204,5,0,13,3,0,1,1,2.33687006569,-400
exec27_edge_x-400,32,5734,7,0,19,2,0,1,1,7.20791473882,-400
exec27_edge_x-400,14,4643,2,0,17,1,0,1,1,1.55576126418,-400
exec27_edge_x-400,23,10775,4,0,17,4,0,1,1,3.95528654356,-400
exec27_edge_x-400,14,4639,2,0,4,0,0,1,0,3.54109201719,-400
exec27_edge_x-400,17,405,3,0,5,0,0,1,0,2.00837596553,-400
exec27_edge_x-400,5,8108,0,0,22,7,0,1,1,2.25342779906,-400
exec27_edge_x-400,11,11499,1,0,6,0,0,1,0,5.83816363006,-400
exec27_edge_x-400,41,4885,7,0,11,2,0,1,1,3.49453060607,-400
exec27_edge_x-400,38,11089,5,0,18,1,0,1,1,2.01459865097,-400
exec27_edge_x-400,23,10755,1,0,9,2,0,1,1,2.06703352944,-400
exec27_edge_x-400,32,5705,1,0,2,0,0,1,0,2.56139759129,-400
exec27_edge_x-400,2,11052,4,0,11,0,0,1,0,3.19638409716,-400
exec27_edge_x-400,5,8088,1,0,2,0,0,1,0,3.36311105504,-400
exec27_edge_x-400,47,4159,5,0,0,0,0,1,0,2.36953155841,-400
exec27_edge_x-400,11,11472,3,0,1,0,0,1,0,3.34099301893,-400
exec27_edge_x-400,34,23602,10,1,2,0,0,1,0,4.49476890302,-400
exec27_edge_x-400,20,7188,10,1,30,5,0,1,1,4.4676717118,-400
exec27_edge_x-400,38,11060,0,0,20,0,0,1,1,4.33121364327,-400
exec27_edge_x-400,41,4820,6,0,0,0,0,1,0,1.2425448292,-400
exec27_edge_x-400,25,26169,1,0,11,2,0,1,1,6.40392862517,-400
exec27_edge_x-400,20,7163,6,0,9,3,0,1,1,1.57698423682,-400
exec27_edge_x-400,17,366,7,0,9,1,0,1,1,5.10830201825,-400
exec27_edge_x-400,29,5781,2,0,12,3,0,1,1,6.32728125763,-400
exec27_edge_x-400,11,11451,3,0,13,0,0,1,0,3.22480072238,-400
exec27_edge_x-400,2,11024,1,0,8,3,0,1,1,2.08802480804,-400
exec27_edge_x-400,7,16184,0,0,5,0,0,1,1,3.32740965892,-400
exec27_edge_x-400,11,11440,3,0,11,3,0,1,1,1.78594835453,-400
exec27_edge_x-400,29,5765,1,0,0,0,0,1,0,8.07808988944,-400
exec27_edge_x-400,11,11434,3,0,0,0,0,0,0,3.81114880041,-400
exec27_edge_x-400,14,4578,7,0,7,2,0,1,1,14.36865121,-400
exec27_edge_x-400,34,23564,13,1,7,0,0,1,1,7.61674113583,-400
exec27_edge_x-400,20,10372,7,0,15,3,0,1,1,3.28308074558,-400
exec27_edge_x-400,32,5635,7,0,7,4,0,1,1,3.67233916141,-400
exec27_edge_x-400,14,4574,6,0,18,6,0,1,1,7.03134569606,-400
exec27_edge_x-400,38,11008,1,0,2,0,0,1,0,2.25608978682,-400
exec27_edge_x-400,29,5740,2,0,11,4,0,1,1,4.42661170058,-400
exec27_edge_x-400,38,11004,0,0,7,0,0,1,0,2.23809594481,-400
exec27_edge_x-400,11,11390,2,0,10,0,0,1,0,4.54892716332,-400
exec27_edge_x-400,11,11388,4,0,6,0,0,1,0,4.11171198419,-400
exec27_edge_x-400,23,10638,6,0,4,0,0,1,0,1.704558807,-400
exec27_edge_x-400,17,288,6,0,4,0,0,1,0,1.95414689789,-400
exec27_edge_x-400,34,23515,0,0,1,1,0,1,1,5.4694400421,-400
exec27_edge_x-400,17,1526,1,0,8,1,0,1,1,3.64262399442,-400
exec27_edge_x-400,47,4059,7,0,7,0,0,1,0,2.07417834827,-400
exec27_edge_x-400,38,10963,0,0,16,0,0,1,1,2.31144223113,-400
exec27_edge_x-400,41,8340,3,0,6,0,0,1,0,2.31015701137,-400
exec27_edge_x-400,38,10960,3,0,7,0,0,1,1,1.9523542201,-400
exec27_edge_x-400,25,26075,3,0,12,2,0,1,1,2.58112989596,-400
exec27_edge_x-400,25,27125,4,0,4,0,0,1,0,3.81655126769,-400
exec27_edge_x-400,7,16104,5,0,10,6,0,1,1,5.18535098449,-400
exec27_edge_x-400,47,4019,3,0,6,0,0,1,0,2.92439986182,-400
exec27_edge_x-400,25,26046,0,0,8,0,0,1,0,5.28083560302,-400
exec27_edge_x-400,38,10928,2,0,4,0,0,1,0,3.46204158418,-400
exec27_edge_x-400,5,7957,5,0,3,0,0,1,1,2.01514093707,-400
exec27_edge_x-400,11,11339,1,0,20,4,0,1,1,3.51312411971,-400
exec27_edge_x-400,41,8299,1,0,0,0,0,1,0,1.59144668985,-400
exec27_edge_x-400,38,10922,3,0,6,0,0,1,0,2.04471326922,-400
exec27_edge_x-400,23,10580,14,1,5,0,0,1,0,8.5695364039,-400
exec27_edge_x-400,7,16071,2,0,5,0,0,1,0,3.09353888486,-400
exec27_edge_x-400,44,1833,5,0,10,0,0,1,0,1.3852512418,-400
exec27_edge_x-400,34,23445,6,0,0,0,0,1,0,5.01241191041,-400
exec27_edge_x-400,25,26012,5,0,15,4,0,1,1,3.98582617162,-400
exec27_edge_x-400,44,1816,11,1,16,2,0,1,1,4.38852129377,-400
exec27_edge_x-400,25,26008,2,0,22,1,0,1,1,4.33706691752,-400
exec27_edge_x-400,32,5515,3,0,4,0,0,1,0,3.39097473489,-400
exec27_edge_x-400,20,10251,5,0,16,2,0,1,1,3.58065485496,-400
exec27_edge_x-400,47,3940,0,0,6,0,0,1,0,7.57486039942,-400
exec27_edge_x-400,41,8241,6,0,0,0,0,1,1,3.20485849538,-400
exec27_edge_x-400,41,8237,2,0,25,2,0,1,1,3.687281683,-400
exec27_edge_x-400,32,5502,7,0,6,0,0,1,0,4.45080563055,-400
exec27_edge_x-400,34,23404,7,0,10,0,0,1,1,2.03932314696,-400
exec27_edge_x-400,20,10230,1,0,11,0,0,1,1,4.69597322665,-400
exec27_edge_x-400,17,163,4,0,2,0,0,1,0,4.1025889518,-400
exec27_edge_x-400,38,10838,6,0,13,1,0,1,1,2.77283452982,-400
exec27_edge_x-400,44,5424,0,0,3,0,0,1,0,2.5829370253,-400
exec27_edge_x-400,34,23375,6,0,21,7,0,1,1,2.4203886294,-400
exec27_edge_x-400,47,3872,0,0,16,0,0,1,0,1.82977581347,-400
exec27_edge_x-400,41,8166,5,0,21,7,0,1,1,3.68988252857,-400
exec27_edge_x-400,23,10483,7,0,6,2,0,1,1,1.79052749992,-400
exec27_edge_x-400,34,23362,2,0,2,0,0,1,0,1.49155965852,-400
exec27_edge_x-400,14,4342,1,0,2,0,0,1,0,2.33673348681,-400
exec27_edge_x-400,17,136,2,0,19,9,0,1,1,4.03963029946,-400
exec27_edge_x-400,17,134,6,0,11,0,0,1,1,2.27826339009,-400
exec27_edge_x-400,38,10798,4,0,7,0,0,1,0,5.49089949721,-400
exec27_edge_x-400,41,8145,6,0,18,3,0,1,1,6.26446263148,-400
exec27_edge_x-400,17,131,3,0,11,0,0,1,0,1.70164005507,-400
exec27_edge_x-400,38,10794,5,0,7,0,0,1,0,2.7240697394,-400
exec27_edge_x-400,41,8137,1,0,0,0,0,1,0,2.96689348423,-400
exec27_edge_x-400,17,123,6,0,22,5,0,1,1,2.99938413973,-400
exec27_edge_x-400,47,3846,3,0,7,0,0,1,0,3.53995208088,-400
exec27_edge_x-400,44,5350,7,0,15,0,0,1,1,4.01100723256,-400
exec27_edge_x-400,17,107,4,0,7,0,0,1,0,7.50236543236,-400
exec27_edge_x-400,23,10441,6,0,18,5,0,1,1,7.35853498974,-400
exec27_edge_x-400,20,10139,4,0,1,0,0,1,0,1.77929381147,-400
exec27_edge_x-400,2,10777,3,0,7,2,0,1,1,2.31916196558,-400
exec27_edge_x-400,11,11184,3,0,9,2,0,1,1,2.36362864154,-400
exec27_edge_x-400,32,5412,1,0,0,0,0,1,0,3.3773815335,-400
exec27_edge_x-400,34,23294,7,0,12,6,0,1,1,4.69782442243,-400
exec27_edge_x-400,7,15901,4,0,2,0,0,1,1,6.38647644689,-400
exec27_edge_x-400,17,60,5,0,13,0,0,1,0,1.39387348526,-400
exec27_edge_x-400,25,25819,2,0,23,1,0,1,1,1.90111904762,-400
exec27_edge_x-400,41,8096,4,0,5,3,0,1,1,2.60779518483,-400
exec27_edge_x-400,14,4283,4,0,5,0,0,1,0,5.84073409989,-400
exec27_edge_x-400,47,3814,5,0,4,0,0,1,0,3.40329060265,-400
exec27_edge_x-400,11,11157,0,0,1,0,0,1,0,1.83665337877,-400
exec27_edge_x-400,34,23279,5,0,7,2,0,1,1,4.00776430965,-400
exec27_edge_x-400,17,13,4,0,17,3,0,1,1,1.69461524882,-400
exec27_edge_x-400,23,10397,6,0,3,0,0,1,0,3.36737989495,-400
exec27_edge_x-400,14,4269,4,0,9,0,0,1,0,3.06924016834,-400
exec27_edge_x-400,20,10092,2,0,5,0,0,1,0,2.94667167907,-400
exec27_edge_x-400,38,10738,4,0,33,15,0,1,1,3.59029090713,-400
exec27_edge_x-400,23,10380,2,0,2,0,0,1,0,1.57455780758,-400
exec27_edge_x-400,17,3118,7,0,18,7,0,1,1,5.20614333041,-400
exec27_edge_x-400,29,5444,3,0,14,0,0,1,0,1.67838726318,-400
exec27_edge_x-400,47,3766,7,0,25,9,0,1,1,5.14100223832,-400
exec27_edge_x-400,25,29418,4,0,8,1,0,1,1,4.31719427507,-400
exec27_edge_x-400,29,5438,3,0,5,4,0,1,1,1.94625309458,-400
exec27_edge_x-400,38,10699,4,0,3,0,0,1,0,6.90176064866,-400
exec27_edge_x-400,25,29412,4,0,1,0,0,1,0,2.04635755893,-400
exec27_edge_x-400,29,5427,5,0,5,0,0,1,0,3.12327872882,-400
exec27_edge_x-400,38,10676,2,0,5,0,0,1,1,4.83817025074,-400
exec27_edge_x-400,38,10673,3,0,14,5,0,1,1,2.97184669284,-400
exec27_edge_x-400,7,15817,4,0,5,4,0,1,1,2.23375434174,-400
exec27_edge_x-400,25,29386,5,0,4,3,0,1,1,1.91642979281,-400
exec27_edge_x-400,25,29381,8,1,13,0,0,1,0,7.20915949603,-400
exec27_edge_x-400,32,5299,5,0,2,0,0,1,0,3.12706486065,-400
exec27_edge_x-400,44,5204,0,0,1,2,0,1,1,3.97887568773,-400
exec27_edge_x-400,14,4209,3,0,7,0,0,1,0,4.5910222493,-400
exec27_edge_x-400,38,10638,0,0,4,0,0,1,0,2.48138248738,-400
exec27_edge_x-400,23,10304,7,0,8,0,0,1,0,2.37406227368,-400
exec27_edge_x-400,29,5379,7,0,8,0,0,1,0,4.32541683601,-400
exec27_edge_x-400,5,7641,5,0,8,1,0,1,1,3.96699871796,-400
exec27_edge_x-400,23,10300,3,0,7,0,0,1,0,6.4091016963,-400
exec27_edge_x-400,34,23177,3,0,6,0,0,1,0,3.07699650458,-400
exec27_edge_x-400,7,15775,15,1,6,0,0,1,0,6.45930866915,-400
exec27_edge_x-400,47,3712,10,1,20,1,0,1,1,6.29177268876,-400
exec27_edge_x-400,20,9994,4,0,2,0,0,1,0,3.01847722875,-400
exec27_edge_x-400,25,29340,3,0,8,2,0,1,1,3.9751510388,-400
exec27_edge_x-400,14,4184,3,0,19,4,0,1,1,2.0762366897,-400
exec27_edge_x-400,14,4172,0,0,13,2,0,1,1,5.49575786175,-400
exec27_edge_x-400,20,9978,4,0,0,0,0,1,0,3.59446728221,-400
exec27_edge_x-400,29,5352,7,0,8,0,0,1,0,3.54873320605,-400
exec27_edge_x-400,25,29322,7,0,6,0,0,1,0,1.74869631103,-400
exec27_edge_x-400,47,3683,7,0,18,0,0,1,0,11.351553462,-400
exec27_edge_x-400,47,3682,4,0,7,2,0,1,1,2.06885216556,-400
exec27_edge_x-400,41,7923,4,0,7,0,0,1,0,3.32246671985,-400
exec27_edge_x-400,44,5132,2,0,1,0,0,1,0,3.28855790992,-400
exec27_edge_x-400,29,5339,6,0,24,7,0,1,1,4.11960904874,-400
exec27_edge_x-400,47,3665,4,0,7,0,0,1,0,6.04244862513,-400
exec27_edge_x-400,2,10609,6,0,15,4,0,1,1,3.45278821781,-400
exec27_edge_x-400,17,3002,4,0,17,0,0,1,0,4.04224224013,-400
exec27_edge_x-400,23,10252,1,0,13,3,0,1,1,6.1806029075,-400
exec27_edge_x-400,25,29293,7,0,8,0,0,1,0,2.16592319878,-400
exec27_edge_x-400,41,7914,13,1,9,0,0,1,0,5.44164079616,-400
exec27_edge_x-400,41,7913,6,0,16,3,0,1,1,2.11819734256,-400
exec27_edge_x-400,23,10239,2,0,9,0,0,1,0,3.67704055548,-400
exec27_edge_x-400,11,10989,12,1,9,0,0,1,0,6.46829556178,-400
exec27_edge_x-400,41,7909,3,0,5,0,0,1,1,4.28430763443,-400
exec27_edge_x-400,29,5297,0,0,9,0,0,1,0,1.78114387282,-400
exec27_edge_x-400,14,4107,6,0,11,7,0,1,1,5.85147006444,-400
exec27_edge_x-400,20,9898,3,0,8,5,0,1,1,3.17307449273,-400
exec27_edge_x-400,29,5284,7,0,31,6,0,1,1,2.86424716076,-400
exec27_edge_x-400,14,4088,2,0,29,3,0,1,1,2.64041859562,-400
exec27_edge_x-400,25,29253,5,0,5,0,0,1,0,2.98125095758,-400
exec27_edge_x-400,14,4086,4,0,16,2,0,1,1,5.92649848038,-400
exec27_edge_x-400,17,2951,6,0,4,0,0,1,0,1.64821131815,-400
exec27_edge_x-400,20,9880,1,0,6,2,0,1,1,2.74976579645,-400
exec27_edge_x-400,47,3611,4,0,3,0,0,1,0,4.91813625748,-400
exec27_edge_x-400,29,5267,7,0,10,1,0,1,1,4.13728092793,-400
exec27_edge_x-400,20,9846,3,0,3,0,0,1,0,7.87396932313,-400
exec27_edge_x-400,34,23007,4,0,21,5,0,1,1,1.60634953935,-400
exec27_edge_x-400,34,23001,2,0,10,0,0,1,0,1.48573619865,-400
exec27_edge_x-400,47,3574,4,0,9,1,0,1,1,5.22343992157,-400
exec27_edge_x-400,44,5012,4,0,4,0,0,1,0,5.73047807474,-400
exec27_edge_x-400,14,4027,7,0,7,0,0,1,0,3.95448340263,-400
exec27_edge_x-400,29,5229,2,0,0,0,0,0,0,2.86765593898,-400
exec27_edge_x-400,32,8826,0,0,15,2,0,1,1,1.8065890834,-400
exec27_edge_x-400,32,8822,4,0,8,0,0,1,0,6.36570783366,-400
exec27_edge_x-400,20,9808,7,0,12,6,0,1,1,3.4344150806,-400
exec27_edge_x-400,5,7485,4,0,5,0,0,1,0,4.92275650114,-400
exec27_edge_x-400,14,4014,1,0,9,5,0,1,1,9.34027845712,-400
exec27_edge_x-400,11,10867,0,0,8,0,0,1,0,4.51135036895,-400
exec27_edge_x-400,14,4010,0,0,14,1,0,1,1,2.62192335849,-400
exec27_edge_x-400,5,7470,2,0,0,0,0,1,0,1.6860293366,-400
exec27_edge_x-400,29,5207,1,0,2,0,0,1,0,2.65197459838,-400
exec27_edge_x-400,20,9797,1,0,23,5,0,1,1,5.56378263242,-400
exec27_edge_x-400,20,10385,1,0,0,0,0,0,0,7.66810475944,-400
exec27_edge_x-400,17,2872,6,0,9,0,0,1,0,1.44793697439,-400
exec27_edge_x-400,25,29150,4,0,9,6,0,1,1,4.86141452923,-400
exec27_edge_x-400,20,9780,4,0,17,0,0,1,1,3.16806110845,-400
exec27_edge_x-400,29,5189,6,0,1,0,0,1,0,3.13796613348,-400
exec27_edge_x-400,32,8791,3,0,9,0,0,1,0,2.68134328724,-400
exec27_edge_x-400,47,3513,4,0,3,0,0,1,0,1.43174198373,-400
exec27_edge_x-400,47,3512,4,0,27,8,0,1,1,2.58966434696,-400
exec27_edge_x-400,23,12216,1,0,9,1,0,1,1,5.06541466318,-400
exec27_edge_x-400,17,2847,7,0,10,0,0,1,0,2.61709167662,-400
exec27_edge_x-400,17,3145,7,0,0,0,0,0,0,6.13841596678,-400
exec27_edge_x-400,5,7442,4,0,16,2,0,1,1,2.81607616458,-400
exec27_edge_x-400,2,10426,4,0,3,1,0,1,1,6.42317928253,-400
exec27_edge_x-400,44,4936,4,0,3,0,0,1,0,2.27047183901,-400
exec27_edge_x-400,5,7426,3,0,13,0,0,1,0,2.12096942388,-400
exec27_edge_x-400,47,3487,2,0,18,4,0,1,1,6.32333463832,-400
exec27_edge_x-400,11,10807,3,0,12,0,0,1,0,4.56589803457,-400
exec27_edge_x-400,2,10412,3,0,4,0,0,1,0,8.84428873051,-400
exec27_edge_x-400,25,29095,6,0,0,0,0,1,0,1.77670216255,-400
exec27_edge_x-400,17,2806,4,0,24,4,0,1,1,2.47955353536,-400
exec27_edge_x-400,34,26034,2,0,17,0,0,1,0,5.3333881171,-400
exec27_edge_x-400,29,5125,2,0,8,0,0,1,1,1.42170394118,-400
exec27_edge_x-400,32,8721,0,0,13,1,1,1,1,3.30606333544,-400
exec27_edge_x-400,5,7363,2,0,3,0,0,1,0,1.72887517069,-400
exec27_edge_x-400,5,7353,6,0,9,0,0,1,1,2.26203644261,-400
exec27_edge_x-400,38,10348,4,0,5,0,0,1,0,4.72582226841,-400
exec27_edge_x-400,23,12118,2,0,11,0,0,1,0,2.35380013136,-400
exec27_edge_x-400,2,10343,2,0,7,1,0,1,1,2.03607269133,-400
exec27_edge_x-400,5,7348,1,0,14,3,0,1,1,3.20774141339,-400
exec27_edge_x-400,11,10720,3,0,3,0,0,1,0,2.37281513262,-400
exec27_edge_x-400,2,10337,2,0,7,0,0,1,0,1.53862518183,-400
exec27_edge_x-400,44,4858,5,0,10,3,0,1,1,2.96330965732,-400
exec27_edge_x-400,23,12104,4,0,5,0,0,1,1,4.56615429902,-400
exec27_edge_x-400,2,10328,3,0,6,1,0,1,1,7.53038298666,-400
exec27_edge_x-400,41,7683,2,0,8,0,0,1,0,3.69291664759,-400
exec27_edge_x-400,41,7677,3,0,6,0,0,1,0,8.73117263434,-400
exec27_edge_x-400,23,12096,3,0,14,2,0,1,1,2.02064045562,-400
exec27_edge_x-400,41,7663,0,0,3,0,0,1,0,4.9047906533,-400
exec27_edge_x-400,23,12075,6,0,4,0,0,1,1,6.73380843735,-400
exec27_edge_x-400,41,7651,6,0,12,4,0,1,1,3.19484770831,-400
exec27_edge_x-400,17,2723,0,0,9,1,0,1,1,3.791480164,-400
exec27_edge_x-400,23,12065,7,0,5,0,0,1,0,2.3031666647,-400
exec27_edge_x-400,2,10292,6,0,8,3,0,1,1,2.882980075,-400
exec27_edge_x-400,23,12060,5,0,4,0,0,1,0,2.73382088161,-400
exec27_edge_x-400,29,8456,6,0,15,5,0,1,1,2.62392710884,-400
exec27_edge_x-400,38,10292,3,0,11,0,0,1,0,6.35319513156,-400
exec27_edge_x-400,25,28974,0,0,18,0,0,1,1,4.25814121723,-400
exec27_edge_x-400,5,7303,1,0,20,8,0,1,1,3.24937229707,-400
exec27_edge_x-400,5,7302,0,0,15,0,0,1,1,2.24289985279,-400
exec27_edge_x-400,41,7611,7,0,14,0,0,1,0,6.66850794603,-400
exec27_edge_x-400,11,10648,3,0,2,0,0,1,0,1.77307591968,-400
exec27_edge_x-400,34,25916,1,0,24,4,0,1,1,3.7678633213,-400
exec27_edge_x-400,29,8427,0,0,2,0,0,1,0,3.56124923705,-400
exec27_edge_x-400,2,10258,1,0,5,0,0,1,0,2.45974902697,-400
exec27_edge_x-400,47,3309,5,0,18,0,0,1,1,3.94869392077,-400
exec27_edge_x-400,23,12013,7,0,6,0,0,1,1,3.29166007084,-400
exec27_edge_x-400,38,10251,7,0,15,0,0,1,0,1.85320074832,-400
exec27_edge_x-400,5,7262,0,0,14,0,0,1,0,2.7994150963,-400
exec27_edge_x-400,34,25881,4,0,0,0,0,1,0,2.18799180707,-400
exec27_edge_x-400,11,10614,5,0,5,0,0,1,0,2.72626862376,-400
exec27_edge_x-400,17,2631,6,0,21,4,0,1,1,1.83270073635,-400
exec27_edge_x-400,25,28907,5,0,6,1,0,1,1,3.63029114644,-400
exec27_edge_x-400,44,4731,7,0,2,0,0,1,0,9.40251915002,-400
exec27_edge_x-400,2,10201,7,0,6,0,0,1,0,1.96718304757,-400
exec27_edge_x-400,23,11969,6,0,1,0,0,1,0,6.59917039591,-400
exec27_edge_x-400,23,11958,2,0,2,0,0,1,1,2.11038447238,-400
exec27_edge_x-400,17,2614,6,0,2,0,0,1,0,3.01256411687,-400
exec27_edge_x-400,17,2612,3,0,7,0,0,1,0,3.05811089316,-400
exec27_edge_x-400,5,7224,4,0,1,1,0,1,1,3.9073788399,-400
exec27_edge_x-400,14,7192,5,0,17,1,0,1,1,4.66486289264,-400
exec27_edge_x-400,17,2610,0,0,12,1,0,1,1,5.20682016239,-400
exec27_edge_x-400,44,4715,2,0,6,0,0,1,0,2.45609895484,-400
exec27_edge_x-400,7,15342,2,0,16,1,0,1,1,1.80856613332,-400
exec27_edge_x-400,41,7517,6,0,3,0,0,1,0,3.24379322339,-400
exec27_edge_x-400,41,7508,0,0,2,0,0,1,0,2.91810682845,-400
exec27_edge_x-400,44,4704,5,0,16,9,0,1,1,5.28920302758,-400
exec27_edge_x-400,29,8354,4,0,5,0,0,1,0,4.7864483731,-400
exec27_edge_x-400,7,15318,6,0,1,0,0,1,0,2.54632534274,-400
exec27_edge_x-400,29,8350,1,0,3,0,0,1,0,3.29808153237,-400
exec27_edge_x-400,23,11933,7,0,10,0,0,1,0,3.84283701767,-400
exec27_edge_x-400,25,28831,4,0,13,1,0,1,1,6.04875257692,-400
exec27_edge_x-400,44,4680,3,0,6,0,0,1,0,7.03736841202,-400
exec27_edge_x-400,2,12189,3,0,8,2,0,1,1,3.4534100568,-400
exec27_edge_x-400,41,7456,0,0,7,2,0,1,1,2.24976760116,-400
exec27_edge_x-400,23,11911,4,0,16,7,0,1,1,7.40884091174,-400
exec27_edge_x-400,14,7132,6,0,16,2,0,1,1,3.87392091888,-400
exec27_edge_x-400,47,3186,0,0,8,0,0,1,0,5.14601758979,-400
exec27_edge_x-400,7,15273,1,0,6,0,0,1,0,2.14956546177,-400
exec27_edge_x-400,29,8303,5,0,17,0,0,1,0,11.2116187171,-400
exec27_edge_x-400,38,10121,1,0,1,0,0,1,0,2.40798223365,-400
exec27_edge_x-400,38,10116,7,0,0,0,0,1,0,11.2649314288,-400
exec27_edge_x-400,7,15251,2,0,8,5,0,1,1,5.49520528231,-400
exec27_edge_x-400,5,7135,3,0,4,0,0,1,0,4.83380328101,-400
exec27_edge_x-400,41,7417,2,0,4,0,0,1,0,2.26828585209,-400
exec27_edge_x-400,20,9417,5,0,17,2,0,1,1,1.81790656364,-400
exec27_edge_x-400,32,8475,1,0,20,1,0,1,1,2.66100575295,-400
exec27_edge_x-400,44,4609,4,0,3,0,0,1,0,1.70614415196,-400
exec27_edge_x-400,32,8466,0,0,16,0,0,1,0,5.59310891732,-400
exec27_edge_x-400,25,28744,5,0,2,0,0,1,0,3.97529544148,-400
exec27_edge_x-400,32,8447,0,0,9,0,0,1,1,2.19421848752,-400
exec27_edge_x-400,14,7050,5,0,2,0,0,1,0,1.74588210156,-400
exec27_edge_x-400,23,11826,1,0,23,5,0,1,1,2.11303725072,-400
exec27_edge_x-400,20,9360,2,0,10,0,0,1,0,5.26494274876,-400
exec27_edge_x-400,2,9978,1,0,13,1,0,1,1,1.57484151294,-400
exec27_edge_x-400,23,11817,7,0,3,0,0,1,0,3.01707982218,-400
exec27_edge_x-400,44,4555,5,0,3,0,0,1,0,1.94948747488,-400
exec27_edge_x-400,41,7361,5,0,16,3,0,1,1,4.81533191387,-400
exec27_edge_x-400,11,10422,0,0,19,4,0,1,1,4.48279270412,-400
exec27_edge_x-400,20,9326,5,0,21,4,0,1,1,2.51354966543,-400
exec27_edge_x-400,38,10015,6,0,10,2,0,1,1,2.21506608292,-400
exec27_edge_x-400,11,10413,2,0,16,2,0,1,1,2.67767655441,-400
exec27_edge_x-400,38,10012,5,0,16,5,0,1,1,3.77204103985,-400
exec27_edge_x-400,34,25675,6,0,5,0,0,1,0,3.47978083429,-400
exec27_edge_x-400,29,8188,3,0,6,0,0,1,1,3.46666534179,-400
exec27_edge_x-400,11,10401,3,0,18,5,0,1,1,4.39207264998,-400
exec27_edge_x-400,25,28670,3,0,12,0,0,1,0,4.39432080826,-400
exec27_edge_x-400,14,7007,1,0,17,3,0,1,1,2.36493190465,-400
exec27_edge_x-400,17,2395,2,0,13,0,0,1,0,1.76541992226,-400
exec27_edge_x-400,17,2393,7,0,6,0,0,1,1,5.5768447842,-400
exec27_edge_x-400,29,8171,3,0,10,0,0,1,0,3.58221095618,-400
exec27_edge_x-400,17,2383,0,0,15,3,0,1,1,7.69743269136,-400
exec27_edge_x-400,34,25638,4,0,14,4,0,1,1,2.4080904906,-400
exec27_edge_x-400,32,8360,6,0,0,0,0,0,0,3.59165710153,-400
exec27_edge_x-400,32,8356,3,0,18,8,0,1,1,2.27286466704,-400
exec27_edge_x-400,25,28641,7,0,2,0,0,1,0,2.54378903875,-400
exec27_edge_x-400,47,2980,6,0,2,0,0,1,0,1.53619196214,-400
exec27_edge_x-400,2,13732,6,0,15,9,0,1,1,2.95163327855,-400
exec27_edge_x-400,20,9264,1,0,14,1,0,1,1,4.48227159517,-400
exec27_edge_x-400,5,6983,5,0,3,0,0,1,0,8.04099442025,-400
exec27_edge_x-400,5,6981,7,0,11,3,0,1,1,3.51170780897,-400
exec27_edge_x-400,20,9261,3,0,3,0,0,1,0,3.60915301788,-400
exec27_edge_x-400,11,10358,2,0,0,0,0,0,0,4.36034081652,-400
exec27_edge_x-400,23,11709,4,0,5,0,0,1,0,1.8480663452,-400
exec27_edge_x-400,14,6959,1,0,4,0,0,1,0,3.03672257478,-400
exec27_edge_x-400,38,9954,7,0,3,0,0,1,1,4.50535010513,-400
exec27_edge_x-400,34,25613,11,1,12,0,0,1,1,5.23361494076,-400
exec27_edge_x-400,17,2334,5,0,5,2,0,1,1,5.52740575655,-400
exec27_edge_x-400,14,6951,6,0,10,4,0,1,1,4.04700886996,-400
exec27_edge_x-400,11,10346,7,0,5,0,0,1,0,4.43366918448,-400
exec27_edge_x-400,25,28610,6,0,4,0,0,1,0,3.47683576266,-400
exec27_edge_x-400,25,29468,4,0,2,0,0,1,0,6.32274725068,-400
exec27_edge_x-400,29,8122,0,0,7,0,0,1,0,2.81551367027,-400
exec27_edge_x-400,11,10343,2,0,18,1,0,1,1,4.22947192628,-400
exec27_edge_x-400,38,9928,6,0,11,0,0,1,0,3.37039543904,-400
exec27_edge_x-400,25,28595,7,0,29,1,0,1,1,4.38967439263,-400
exec27_edge_x-400,29,8102,1,0,2,0,0,1,1,4.52594830904,-400
exec27_edge_x-400,34,25570,5,0,9,2,0,1,1,1.69194880157,-400
exec27_edge_x-400,11,10319,6,0,18,2,0,1,1,4.12805798646,-400
exec27_edge_x-400,25,28570,4,0,7,0,0,1,0,2.31904147746,-400
exec27_edge_x-400,20,9208,0,0,1,0,0,1,1,4.08393809119,-400
exec27_edge_x-400,23,11633,2,0,9,0,0,1,0,2.49364583616,-400
exec27_edge_x-400,5,6920,3,0,18,6,0,1,1,2.02267294179,-400
exec27_edge_x-400,32,8276,5,0,16,2,0,1,1,4.35326196471,-400
exec27_edge_x-400,20,9188,8,1,4,0,0,1,0,7.57822607136,-400
exec27_edge_x-400,34,25529,1,0,0,0,0,1,0,1.59892962151,-400
exec27_edge_x-400,5,6895,1,0,6,0,0,1,0,3.88996830188,-400
exec27_edge_x-400,29,8061,2,0,5,0,0,1,0,3.26334030499,-400
exec27_edge_x-400,25,28541,2,0,0,2,0,1,1,2.32575716179,-400
exec27_edge_x-400,47,2888,7,0,11,0,0,1,1,2.5471529703,-400
exec27_edge_x-400,2,13633,2,0,13,1,0,1,1,2.74783049225,-400
exec27_edge_x-400,25,28536,7,0,5,0,0,1,0,2.78800996645,-400
exec27_edge_x-400,38,13993,3,0,2,0,0,1,0,2.6427926476,-400
exec27_edge_x-400,29,8043,4,0,7,5,0,1,1,1.9275204068,-400
exec27_edge_x-400,25,28530,4,0,6,0,0,1,0,5.38218336555,-400
exec27_edge_x-400,32,8234,0,0,6,0,0,1,0,2.65797354848,-400
exec27_edge_x-400,29,8028,6,0,30,8,0,1,1,2.43801904788,-400
exec27_edge_x-400,32,8229,0,0,1,0,0,1,0,1.95727951109,-400
exec27_edge_x-400,47,2855,6,0,6,0,0,1,0,4.30351985365,-400
exec27_edge_x-400,11,10237,1,0,5,0,0,1,0,2.63292360267,-400
exec27_edge_x-400,23,11554,6,0,16,1,0,1,1,3.74232186974,-400
exec27_edge_x-400,5,6841,7,0,4,2,0,1,1,5.86880972852,-400
exec27_edge_x-400,14,6834,1,0,3,0,0,1,1,3.76956148662,-400
exec27_edge_x-400,25,28496,4,0,1,0,0,1,0,3.40898504729,-400
exec27_edge_x-400,41,7130,4,0,7,1,0,1,1,2.18367482455,-400
exec27_edge_x-400,17,2178,0,0,9,0,0,1,1,5.04327818592,-400
exec27_edge_x-400,44,4335,6,0,8,3,0,1,1,5.77017576244,-400
exec27_edge_x-400,44,5493,6,0,0,0,0,0,0,8.35426635578,-400
exec27_edge_x-400,2,13560,5,0,6,1,0,1,1,2.45568487024,-400
exec27_edge_x-400,14,6811,2,0,14,2,2,1,1,1.65844376417,-400
exec27_edge_x-400,5,6808,2,0,8,2,0,1,1,2.80731473086,-400
exec27_edge_x-400,38,13922,6,0,0,0,0,1,0,3.333942198,-400
exec27_edge_x-400,25,28461,5,0,21,4,0,1,1,4.02119422289,-400
exec27_edge_x-400,38,13915,4,0,1,1,0,1,1,6.54704930282,-400
exec27_edge_x-400,2,13523,4,0,10,0,0,1,0,2.72685609906,-400
exec27_edge_x-400,2,13518,1,0,12,0,0,1,0,5.85196693256,-400
exec27_edge_x-400,7,14889,7,0,11,1,0,1,1,2.06250391315,-400
exec27_edge_x-400,2,13512,7,0,10,1,0,1,1,4.11956684608,-400
exec27_edge_x-400,25,28413,0,0,15,1,0,1,1,3.32926620875,-400
exec27_edge_x-400,38,13879,9,1,22,0,0,1,0,7.9008766332,-400
exec27_edge_x-400,41,7056,2,0,2,0,0,1,0,2.70456934049,-400
exec27_edge_x-400,44,4269,3,0,4,1,0,1,1,4.42585327287,-400
exec27_edge_x-400,25,28383,3,0,5,0,0,1,0,4.4276053344,-400
exec27_edge_x-400,20,9002,4,0,1,0,0,1,0,1.61555044506,-400
exec27_edge_x-400,29,7896,3,0,4,0,0,1,1,2.17681283511,-400
exec27_edge_x-400,41,7032,14,1,28,0,0,1,0,8.91530489691,-400
exec27_edge_x-400,34,25355,3,0,19,3,0,1,1,4.59945890588,-400
exec27_edge_x-400,47,2721,3,0,27,4,0,1,1,7.94973725398,-400
exec27_edge_x-400,5,6726,7,0,5,0,0,1,0,2.96083747859,-400
exec27_edge_x-400,2,13449,5,0,14,1,0,1,1,3.26551967601,-400
exec27_edge_x-400,7,14801,0,0,11,4,0,1,1,1.7408919688,-400
exec27_edge_x-400,14,6675,1,0,12,0,0,1,0,2.37401671315,-400
exec27_edge_x-400,38,13828,6,0,19,4,0,1,1,5.83584081267,-400
exec27_edge_x-400,23,12534,5,0,5,0,0,1,0,3.70717258721,-400
exec27_edge_x-400,23,12563,5,0,0,0,0,0,0,5.34167258921,-400
exec27_edge_x-400,20,8975,7,0,16,0,0,1,1,3.53776831558,-400
exec27_edge_x-400,11,10072,1,0,0,0,0,1,0,3.86702835125,-400
exec27_edge_x-400,2,13421,7,0,4,0,0,1,0,2.03892723743,-400
exec27_edge_x-400,2,13816,7,0,0,0,0,0,0,3.92770467804,-400
exec27_edge_x-400,23,12529,7,0,7,0,1,1,0,6.45339731422,-400
exec27_edge_x-400,29,7860,3,0,1,0,0,1,0,2.73743222984,-400
exec27_edge_x-400,17,2024,2,0,3,0,0,1,0,2.33287858899,-400
exec27_edge_x-400,41,6991,1,0,6,1,0,1,1,4.84849731674,-400
exec27_edge_x-400,17,2018,3,0,9,1,0,1,1,3.05713550714,-400
exec27_edge_x-400,23,12517,1,0,0,0,0,1,0,2.16658552593,-400
exec27_edge_x-400,34,25280,4,0,3,0,0,1,0,1.70665946607,-400
exec27_edge_x-400,2,13384,6,0,7,2,0,1,1,7.72265521536,-400
exec27_edge_x-400,11,10036,1,0,5,0,0,1,0,3.2078393771,-400
exec27_edge_x-400,14,6614,13,1,18,1,0,1,1,4.61603171096,-400
exec27_edge_x-400,32,8038,7,0,3,0,0,1,0,4.45792529547,-400
exec27_edge_x-400,38,13767,4,0,6,0,0,1,0,2.69645009871,-400
exec27_edge_x-400,41,6968,0,0,6,0,0,1,0,3.74596162836,-400
exec27_edge_x-400,32,8029,1,0,12,0,0,1,0,2.00599247824,-400
exec27_edge_x-400,5,6633,1,0,7,0,0,1,0,7.40951601202,-400
exec27_edge_x-400,7,19114,6,0,13,0,0,1,1,2.51413121856,-400
exec27_edge_x-400,7,19109,6,0,6,0,0,1,0,6.28314756955,-400
exec27_edge_x-400,2,13369,4,0,6,0,0,1,0,3.56679270439,-400
exec27_edge_x-400,7,19100,5,0,5,0,0,1,1,5.95571610047,-400
exec27_edge_x-400,23,12474,4,0,12,5,0,1,1,5.54893882162,-400
exec27_edge_x-400,29,7778,2,0,8,0,0,1,0,2.0615830202,-400
exec27_edge_x-400,11,10003,3,0,14,2,0,1,1,4.37597315462,-400
exec27_edge_x-400,44,4093,7,0,14,3,0,1,1,3.14011191131,-400
exec27_edge_x-400,23,12458,7,0,9,0,0,1,0,4.0802736922,-400
exec27_edge_x-400,41,6914,4,0,2,0,0,1,0,3.78321279817,-400
exec27_edge_x-400,23,12456,7,0,5,0,0,1,1,7.30608780663,-400
exec27_edge_x-400,34,25224,5,0,13,0,0,1,0,4.78484152984,-400
exec27_edge_x-400,14,6554,4,0,6,7,0,1,1,2.72224906277,-400
exec27_edge_x-400,11,9974,5,0,0,0,0,1,0,4.36866555674,-400
exec27_edge_x-400,11,11748,5,0,0,0,0,0,0,12.1918545443,-400
exec27_edge_x-400,2,13311,4,0,7,0,0,1,0,3.14270970542,-400
exec27_edge_x-400,2,13817,4,0,0,0,0,0,0,9.10283655744,-400
exec27_edge_x-400,44,4076,15,1,7,2,0,1,1,6.6375785422,-400
exec27_edge_x-400,34,25196,0,0,2,0,0,1,0,2.39125175458,-400
exec27_edge_x-400,23,12403,11,1,8,0,0,1,0,8.82023340745,-400
exec27_edge_x-400,32,7926,2,0,6,0,0,1,0,2.07061945809,-400
exec27_edge_x-400,17,1876,1,0,15,1,0,1,1,2.00973538482,-400
exec27_edge_x-400,29,7706,3,0,7,0,0,1,0,2.05495513548,-400
exec27_edge_x-400,2,13260,8,1,10,0,0,1,0,4.53111134819,-400
exec27_edge_x-400,32,7910,0,0,17,4,0,1,1,9.72757391677,-400
exec27_edge_x-400,17,1866,3,0,6,0,0,1,0,2.78082932601,-400
exec27_edge_x-400,38,13653,7,0,18,6,0,1,1,2.36623885467,-400
exec27_edge_x-400,7,18991,4,0,5,0,0,1,0,2.26063601991,-400
exec27_edge_x-400,20,12158,2,0,1,0,0,1,0,2.91342781166,-400
exec27_edge_x-400,41,6842,6,0,5,2,0,1,1,2.67924250522,-400
exec27_edge_x-400,41,8404,6,0,0,0,0,0,0,4.19685185055,-400
exec27_edge_x-400,25,28141,3,0,17,2,0,1,1,3.02880950026,-400
exec27_edge_x-400,5,10315,6,0,4,0,0,1,0,2.0635572995,-400
exec27_edge_x-400,20,12146,5,0,12,2,0,1,1,4.71101888314,-400
exec27_edge_x-400,32,7895,1,0,9,6,0,1,1,4.23883803993,-400
exec27_edge_x-400,23,12361,6,0,4,0,0,1,0,5.08122254184,-400
exec27_edge_x-400,41,6825,0,0,7,1,0,1,1,1.57090360348,-400
exec27_edge_x-400,11,9910,7,0,14,7,0,1,1,2.22255966077,-400
exec27_edge_x-400,29,7673,1,0,9,0,0,1,0,2.12815753134,-400
exec27_edge_x-400,23,12346,1,0,1,0,0,1,0,2.53915573507,-400
exec27_edge_x-400,7,18946,0,0,10,5,0,1,1,2.2361877235,-400
exec27_edge_x-400,34,25133,5,0,19,2,0,1,1,3.35968212902,-400
exec27_edge_x-400,34,26123,5,0,0,0,0,0,0,5.44204314981,-400
exec27_edge_x-400,38,13618,0,0,10,0,0,1,0,2.5107938604,-400
exec27_edge_x-400,29,7655,0,0,2,0,0,1,0,3.52369879313,-400
exec27_edge_x-400,47,2473,7,0,16,1,0,1,1,4.6081518446,-400
exec27_edge_x-400,11,9886,2,0,7,0,0,1,0,1.74391158097,-400
exec27_edge_x-400,32,7860,2,0,9,1,0,1,1,2.74798000327,-400
exec27_edge_x-400,20,12105,5,0,8,0,0,1,0,3.39200394822,-400
exec27_edge_x-400,17,1807,1,0,5,0,0,1,0,1.69785533079,-400
exec27_edge_x-400,2,13199,7,0,13,0,0,1,0,2.36945814426,-400
exec27_edge_x-400,20,12097,5,0,22,3,0,1,1,5.48232856908,-400
exec27_edge_x-400,41,6780,3,0,26,5,0,1,1,8.94962116466,-400
exec27_edge_x-400,34,25096,8,1,27,3,0,1,1,8.769812931,-400
exec27_edge_x-400,41,6774,4,0,6,0,0,1,0,4.1831719047,-400
exec27_edge_x-400,7,18897,3,0,9,6,0,1,1,3.5816376961,-400
exec27_edge_x-400,44,3941,0,0,8,0,0,1,0,1.39627278274,-400
exec27_edge_x-400,44,5495,0,0,0,0,0,0,0,2.46739931599,-400
exec27_edge_x-400,5,10245,5,0,0,0,0,0,0,9.04918110439,-400
exec27_edge_x-400,29,7608,5,0,17,2,0,1,1,4.43244479527,-400
exec27_edge_x-400,11,9828,4,0,3,0,0,1,0,2.33315831063,-400
exec27_edge_x-400,2,13162,6,0,7,1,0,1,1,6.36801222994,-400
exec27_edge_x-400,17,1762,5,0,26,0,0,1,0,7.22875292563,-400
exec27_edge_x-400,2,13159,3,0,8,0,0,1,0,1.86465417117,-400
exec27_edge_x-400,47,2405,0,0,7,2,0,1,1,5.6006903918,-400
exec27_edge_x-400,23,12279,2,0,17,3,0,1,1,6.89613441377,-400
exec27_edge_x-400,32,7797,3,0,1,0,0,1,0,3.97453226518,-400
exec27_edge_x-400,11,9813,3,0,6,2,0,1,1,2.23680129273,-400
exec27_edge_x-400,5,10222,3,0,10,2,0,1,1,7.02933119511,-400
exec27_edge_x-400,41,6727,2,0,21,5,0,1,1,3.0129152863,-400
exec27_edge_x-400,14,6362,6,0,16,5,1,1,1,2.89569017355,-400
exec27_edge_x-400,14,6353,13,1,19,2,0,1,1,5.72276083348,-400
exec27_edge_x-400,29,7549,1,0,37,12,0,1,1,3.70260216482,-400
exec27_edge_x-400,11,9773,1,0,0,0,0,1,0,3.44632335527,-400
exec27_edge_x-400,29,7535,0,0,2,0,0,1,0,1.44815635964,-400
exec27_edge_x-400,38,13490,7,0,10,2,0,1,1,4.63190059361,-400
exec27_edge_x-400,44,3848,6,0,5,0,0,1,0,2.15102891171,-400
exec27_edge_x-400,25,27976,5,0,30,8,0,1,1,3.32076066964,-400
exec27_edge_x-400,38,13474,1,0,10,0,0,1,1,6.05198244863,-400
exec27_edge_x-400,41,6686,2,0,14,7,0,1,1,2.87056205248,-400
exec27_edge_x-400,25,27955,4,0,42,6,0,1,1,4.08947036051,-400
exec27_edge_x-400,32,7709,2,0,1,0,0,1,0,1.41765016128,-400
exec27_edge_x-400,32,8944,2,0,0,0,0,0,0,1.86192038294,-400
exec27_edge_x-400,2,13052,6,0,13,1,0,1,1,1.96986410594,-400
exec27_edge_x-400,25,27931,0,0,3,0,0,1,0,1.98098005404,-400
exec27_edge_x-400,5,10154,3,0,5,0,0,1,0,2.62266680143,-400
exec27_edge_x-400,11,9721,5,0,2,0,0,1,0,1.84239456179,-400
exec27_edge_x-400,11,9719,4,0,12,0,0,1,0,5.68951923481,-400
exec27_edge_x-400,44,3804,4,0,18,3,0,1,1,3.99507244823,-400
exec27_edge_x-400,41,6667,0,0,6,0,0,1,0,4.67674387565,-400
exec27_edge_x-400,32,7686,0,0,4,0,0,1,0,3.37879642324,-400
exec27_edge_x-400,25,27913,7,0,7,3,0,1,1,3.29532268152,-400
exec27_edge_x-400,25,27908,0,0,3,0,0,1,0,5.19696896859,-400
exec27_edge_x-400,29,7456,6,0,10,2,0,1,1,2.84065157475,-400
exec27_edge_x-400,25,27885,6,0,3,0,0,1,0,3.70500789892,-400
exec27_edge_x-400,17,1634,0,0,1,0,0,1,0,5.38000545629,-400
exec27_edge_x-400,11,9683,7,0,14,3,3,1,1,4.95266747253,-400
exec27_edge_x-400,23,14152,5,0,9,2,0,1,1,2.61317850384,-400
exec27_edge_x-400,11,9659,1,0,12,0,0,1,0,2.94487098401,-400
exec27_edge_x-400,41,6607,6,0,20,9,0,1,1,1.79679182938,-400
exec27_edge_x-400,32,7632,3,0,4,0,0,1,0,5.06051527559,-400
exec27_edge_x-400,34,24878,3,0,11,0,0,1,0,4.44996085179,-400
exec27_edge_x-400,29,7393,7,0,10,0,0,1,0,7.76033231956,-400
exec27_edge_x-400,2,12961,0,0,10,5,0,1,1,3.53020666376,-400
exec27_edge_x-400,20,11851,12,1,11,0,0,1,1,4.86901117732,-400
exec27_edge_x-400,41,6590,1,0,4,0,0,1,1,5.23062204907,-400
exec27_edge_x-400,25,27837,5,0,27,7,0,1,1,3.8005293532,-400
exec27_edge_x-400,41,6587,5,0,9,0,0,1,1,1.84932340465,-400
exec27_edge_x-400,2,12946,7,0,3,0,0,1,0,6.16243717162,-400
exec27_edge_x-400,5,10042,3,0,16,2,0,1,1,2.32259833282,-400
exec27_edge_x-400,20,11836,7,0,4,3,0,1,1,1.56171722117,-400
exec27_edge_x-400,47,2187,3,0,3,0,0,1,0,6.70467354812,-400
exec27_edge_x-400,14,6156,6,0,3,3,0,1,1,2.15344692847,-400
exec27_edge_x-400,2,12942,1,0,8,4,0,1,1,2.47418270566,-400
exec27_edge_x-400,7,18670,5,0,1,0,0,1,0,5.75204880455,-400
exec27_edge_x-400,11,9599,7,0,6,1,0,1,1,5.94044456821,-400
exec27_edge_x-400,44,3644,3,0,9,0,0,1,0,1.44320475424,-400
exec27_edge_x-400,14,6133,2,0,6,0,0,1,0,6.91281263139,-400
exec27_edge_x-400,41,6538,6,0,12,0,0,1,0,5.86263538557,-400
exec27_edge_x-400,5,10002,1,0,5,0,0,1,0,4.67146008966,-400
exec27_edge_x-400,14,6128,2,0,11,0,0,1,0,2.33507036434,-400
exec27_edge_x-400,41,6529,3,0,0,0,0,1,0,3.59872979491,-400
exec27_edge_x-400,34,24812,5,0,13,0,0,1,0,3.4331059853,-400
exec27_edge_x-400,7,18623,2,0,11,0,0,1,0,2.60043546405,-400
exec27_edge_x-400,29,7317,7,0,7,3,0,1,1,2.43569627463,-400
exec27_edge_x-400,2,12894,2,0,9,2,0,1,1,4.39646066594,-400
exec27_edge_x-400,41,6511,7,0,4,1,0,1,1,3.42870439657,-400
exec27_edge_x-400,17,4658,3,0,3,0,0,1,0,3.54180391304,-400
exec27_edge_x-400,11,9567,6,0,7,0,0,1,1,2.75868356405,-400
exec27_edge_x-400,34,24796,6,0,14,2,0,1,1,3.99029408486,-400
exec27_edge_x-400,34,24795,6,0,13,2,0,1,1,2.44747332642,-400
exec27_edge_x-400,44,8271,2,0,9,0,0,1,1,1.83774887124,-400
exec27_edge_x-400,41,6500,6,0,17,6,0,1,1,2.07802638362,-400
exec27_edge_x-400,44,8268,6,0,3,0,0,1,0,2.03242065362,-400
exec27_edge_x-400,11,9544,2,0,2,0,0,1,0,3.48764270914,-400
exec27_edge_x-400,32,7523,6,0,7,0,0,1,0,1.67036890485,-400
exec27_edge_x-400,29,7287,4,0,6,0,0,1,0,2.29461886483,-400
exec27_edge_x-400,25,27725,3,0,15,0,0,1,1,3.84807586946,-400
exec27_edge_x-400,25,27722,4,0,5,0,0,1,0,3.15347748763,-400
exec27_edge_x-400,34,24765,1,0,6,0,0,1,0,2.39549857929,-400
exec27_edge_x-400,41,6464,6,0,19,0,0,1,0,4.03136972237,-400
exec27_edge_x-400,34,24764,3,0,24,5,0,1,1,4.37160315046,-400
exec27_edge_x-400,2,12846,4,0,5,2,0,1,1,4.00936919648,-400
exec27_edge_x-400,29,7258,6,0,5,0,0,1,0,8.21467813001,-400
exec27_edge_x-400,17,4610,3,0,28,3,0,1,1,5.77817864777,-400
exec27_edge_x-400,47,2084,3,0,4,0,0,1,0,8.49466290089,-400
exec27_edge_x-400,14,6055,6,0,9,8,0,1,1,2.8208775233,-400
exec27_edge_x-400,41,6453,7,0,4,0,0,1,0,2.18799272618,-400
exec27_edge_x-400,11,9517,1,0,8,0,0,1,0,1.38776605989,-400
exec27_edge_x-400,14,6045,6,0,11,2,0,1,1,4.46161009178,-400
exec27_edge_x-400,41,6445,0,0,16,4,0,1,1,2.61944326817,-400
exec27_edge_x-400,41,6443,13,1,3,0,0,1,0,5.05456014476,-400
exec27_edge_x-400,7,18556,4,0,6,2,0,1,1,2.58522837279,-400
exec27_edge_x-400,34,24747,6,0,12,0,0,1,0,7.25289797838,-400
exec27_edge_x-400,23,13978,0,0,8,2,0,1,1,3.00468479698,-400
exec27_edge_x-400,20,11703,0,0,14,4,0,1,1,2.06319107603,-400
exec27_edge_x-400,44,8213,4,0,7,0,0,1,0,3.39226526402,-400
exec27_edge_x-400,44,8211,0,0,11,4,0,1,1,3.45844274001,-400
exec27_edge_x-400,47,2058,0,0,8,2,0,1,1,2.23766967351,-400
exec27_edge_x-400,17,4574,2,0,20,4,0,1,1,3.93532313037,-400
exec27_edge_x-400,34,24738,2,0,8,0,0,1,0,5.3088417827,-400
exec27_edge_x-400,23,13964,3,0,11,8,0,1,1,3.66409993469,-400
exec27_edge_x-400,32,7469,5,0,13,5,0,1,1,6.97455022244,-400
exec27_edge_x-400,2,12800,6,0,8,1,0,1,1,2.70651040881,-400
exec27_edge_x-400,14,6015,5,0,19,4,0,1,1,4.78542759552,-400
exec27_edge_x-400,14,7251,5,0,0,0,0,0,0,5.4109369054,-400
exec27_edge_x-400,5,9885,3,0,12,2,0,1,1,5.39186298517,-400
exec27_edge_x-400,32,7462,7,0,8,0,0,1,0,4.40249724979,-400
exec27_edge_x-400,7,18513,3,0,2,0,0,1,0,3.46996304144,-400
exec27_edge_x-400,44,8184,5,0,1,0,0,1,0,1.39954102266,-400
exec27_edge_x-400,38,13199,2,0,0,0,0,1,0,3.38556926088,-400
exec27_edge_x-400,2,12779,6,0,13,1,0,1,1,2.78456267142,-400
exec27_edge_x-400,38,13190,5,0,4,0,0,1,0,5.88950719246,-400
exec27_edge_x-400,5,9863,1,0,4,0,0,1,0,2.63135029604,-400
exec27_edge_x-400,25,27638,5,0,5,0,0,1,0,2.53297641533,-400
exec27_edge_x-400,47,2013,2,0,3,2,0,1,1,4.47298698278,-400
exec27_edge_x-400,38,13179,3,0,9,2,0,1,1,2.07857114576,-400
exec27_edge_x-400,29,7176,3,0,10,2,0,1,1,2.20323205505,-400
exec27_edge_x-400,47,2007,7,0,1,0,0,1,0,1.76273198529,-400
exec27_edge_x-400,38,13176,0,0,4,0,0,1,0,1.83084738457,-400
exec27_edge_x-400,47,1999,1,0,5,0,0,1,1,2.53422012218,-400
exec27_edge_x-400,11,9425,2,0,12,1,0,1,1,3.40606267544,-400
exec27_edge_x-400,11,9422,5,0,9,0,0,1,0,2.55208473344,-400
exec27_edge_x-400,20,11623,1,0,4,0,0,1,0,2.14970348565,-400
exec27_edge_x-400,23,13892,6,0,2,0,0,1,0,2.95586470933,-400
exec27_edge_x-400,25,27584,5,0,4,0,0,1,0,2.15545907607,-400
exec27_edge_x-400,7,18462,0,0,7,0,0,1,0,2.99818697106,-400
exec27_edge_x-400,2,12704,1,0,5,1,0,1,1,2.45988201715,-400
exec27_edge_x-400,41,6315,6,0,4,0,0,1,0,3.33591244234,-400
exec27_edge_x-400,44,8101,3,0,13,0,0,1,0,2.10334775771,-400
exec27_edge_x-400,5,9801,6,0,7,0,0,1,0,3.26646333489,-400
exec27_edge_x-400,20,11601,5,0,26,5,0,1,1,4.15259978376,-400
exec27_edge_x-400,17,4451,2,0,10,0,0,1,0,2.29452917762,-400
exec27_edge_x-400,7,18428,7,0,8,0,0,1,0,9.33481703883,-400
exec27_edge_x-400,41,6278,3,0,10,5,0,1,1,1.49392795914,-400
exec27_edge_x-400,17,4442,5,0,4,0,0,1,0,2.03819380009,-400
exec27_edge_x-400,47,6160,2,0,5,1,0,1,1,3.06937366914,-400
exec27_edge_x-400,17,4431,1,0,10,2,0,1,1,2.78744107827,-400
exec27_edge_x-400,32,7351,7,0,3,0,0,1,0,2.87651160511,-400
exec27_edge_x-400,23,13841,0,0,14,3,0,1,1,3.34407775207,-400
exec27_edge_x-400,20,11564,6,0,2,0,0,1,0,2.95232369153,-400
exec27_edge_x-400,44,8055,1,0,12,0,0,1,0,4.88051487354,-400
exec27_edge_x-400,14,5892,5,0,8,0,0,1,0,1.78438712856,-400
exec27_edge_x-400,23,13834,5,0,15,0,0,1,0,3.92269173813,-400
exec27_edge_x-400,7,18400,6,0,23,0,0,1,1,6.37474128985,-400
exec27_edge_x-400,38,13098,1,0,13,0,0,1,1,6.85000068842,-400
exec27_edge_x-400,44,8035,0,0,0,0,0,1,1,7.10897376987,-400
exec27_edge_x-400,14,5875,3,0,6,0,0,1,0,4.40472897255,-400
exec27_edge_x-400,7,18387,3,0,13,2,0,1,1,2.31631470926,-400
exec27_edge_x-400,34,27343,7,0,1,0,0,1,0,1.69858127568,-400
exec27_edge_x-400,20,11543,1,0,10,0,0,1,1,5.17034801627,-400
exec27_edge_x-400,5,9737,2,0,17,3,0,1,1,5.32794938786,-400
exec27_edge_x-400,5,10382,2,0,0,0,0,0,0,6.77602175572,-400
exec27_edge_x-400,38,13082,6,0,10,0,0,1,0,2.57233347992,-400
exec27_edge_x-400,34,27339,4,0,7,1,0,1,1,3.78418311056,-400
exec27_edge_x-400,11,9319,15,1,14,3,0,1,1,5.59490834858,-400
exec27_edge_x-400,2,12606,0,0,5,0,0,1,0,3.39717634298,-400
exec27_edge_x-400,29,7048,3,0,7,0,0,1,0,1.63880593323,-400
exec27_edge_x-400,44,8007,0,0,2,0,0,1,0,1.64559360086,-400
exec27_edge_x-400,29,7039,5,0,7,0,0,1,1,2.38597472339,-400
exec27_edge_x-400,7,18361,5,0,2,0,0,1,0,2.00121298849,-400
exec27_edge_x-400,32,7295,4,0,9,4,0,1,1,1.85470888059,-400
exec27_edge_x-400,47,6101,3,0,0,0,0,1,0,2.55480113714,-400
exec27_edge_x-400,44,7984,0,0,13,0,0,1,0,1.719223773,-400
exec27_edge_x-400,23,13774,4,0,4,1,0,1,1,4.17636929474,-400
exec27_edge_x-400,7,18343,1,0,7,0,0,1,0,2.94500449465,-400
exec27_edge_x-400,25,27439,1,0,3,0,0,1,0,6.57468523068,-400
exec27_edge_x-400,44,7971,1,0,14,0,0,1,0,5.39919016334,-400
exec27_edge_x-400,7,18334,0,0,16,0,0,1,0,5.83945314152,-400
exec27_edge_x-400,11,9281,2,0,0,0,0,1,0,7.95920336088,-400
exec27_edge_x-400,44,7958,7,0,7,1,0,1,1,2.71485514115,-400
exec27_edge_x-400,14,5814,6,0,2,0,0,1,0,2.54495866568,-400
exec27_edge_x-400,7,18314,1,0,8,4,0,1,1,2.72585899367,-400
exec27_edge_x-400,14,5809,5,0,3,0,0,1,0,3.77559043467,-400
exec27_edge_x-400,5,10628,11,1,6,0,0,1,0,6.36015138869,-400
exec27_edge_x-400,17,4323,5,0,3,0,0,1,0,2.7702367513,-400
exec27_edge_x-400,5,10619,10,1,13,0,0,1,1,8.73192880006,-400
exec27_edge_x-400,29,6966,1,0,4,0,0,1,0,7.649102024,-400
exec27_edge_x-400,47,6049,6,0,5,0,0,1,1,4.08627598004,-400
exec27_edge_x-400,2,12541,3,0,9,2,0,1,1,1.99044998312,-400
exec27_edge_x-400,7,18291,3,0,1,0,0,1,0,2.11595013383,-400
exec27_edge_x-400,41,10000,5,0,14,0,0,1,0,2.65299917934,-400
exec27_edge_x-400,25,27376,1,0,4,0,0,1,0,3.23565804635,-400
exec27_edge_x-400,20,11440,7,0,9,5,0,1,1,2.87486833569,-400
exec27_edge_x-400,44,7922,6,0,1,0,0,1,0,1.56495507962,-400
exec27_edge_x-400,7,18280,5,0,5,2,0,1,1,3.28078701619,-400
exec27_edge_x-400,47,6021,0,0,9,4,0,1,1,6.53152720761,-400
exec27_edge_x-400,17,4286,1,0,5,0,0,1,1,4.29549591901,-400
exec27_edge_x-400,38,12970,7,0,12,0,0,1,0,2.29380240296,-400
exec27_edge_x-400,44,7903,6,0,3,0,0,1,1,1.97993603081,-400
exec27_edge_x-400,41,9971,6,0,5,0,0,1,1,4.07713827835,-400
exec27_edge_x-400,2,12491,4,0,12,2,0,1,1,5.00609074983,-400
exec27_edge_x-400,2,13824,4,0,0,0,0,0,0,9.99083567483,-400
exec27_edge_x-400,47,5994,1,0,21,2,0,1,1,2.46526754436,-400
exec27_edge_x-400,23,13691,1,0,9,4,0,1,1,2.60055871467,-400
exec27_edge_x-400,29,6897,3,0,19,3,0,1,1,3.49101889625,-400
exec27_edge_x-400,20,11405,5,0,0,2,0,1,1,2.42983785134,-400
exec27_edge_x-400,23,13680,4,0,9,1,0,1,1,4.0696336772,-400
exec27_edge_x-400,25,27327,1,0,8,0,0,1,0,3.51519390408,-400
exec27_edge_x-400,23,13677,3,0,1,0,0,1,0,8.74017084377,-400
exec27_edge_x-400,47,5979,14,1,17,0,0,1,0,4.9356610773,-400
exec27_edge_x-400,20,11392,2,0,6,0,0,1,0,2.79315266098,-400
exec27_edge_x-400,2,12459,1,0,8,1,0,1,1,3.13689942523,-400
exec27_edge_x-400,41,9940,3,0,6,0,0,1,0,2.93313711259,-400
exec27_edge_x-400,23,13668,11,1,12,0,0,1,0,7.73914690678,-400
exec27_edge_x-400,17,4233,2,0,7,7,0,1,1,5.66414618118,-400
exec27_edge_x-400,29,6875,4,0,26,3,0,1,1,2.21737100885,-400
exec27_edge_x-400,32,7157,6,0,8,0,0,1,0,3.1757521938,-400
exec27_edge_x-400,32,8948,6,0,0,0,0,0,0,7.65592494304,-400
exec27_edge_x-400,17,4228,4,0,21,5,0,1,1,3.67091618015,-400
exec27_edge_x-400,34,27158,2,0,17,0,0,1,0,5.94350658097,-400
exec27_edge_x-400,14,5700,5,0,12,1,0,1,1,2.44170240586,-400
exec27_edge_x-400,44,7842,6,0,3,0,0,1,0,2.14523204618,-400
exec27_edge_x-400,7,18194,7,0,0,0,0,1,0,2.40917899994,-400
exec27_edge_x-400,23,13630,6,0,4,0,0,1,0,1.95554390496,-400
exec27_edge_x-400,44,7825,7,0,4,0,0,1,0,3.30092192876,-400
exec27_edge_x-400,32,7119,1,0,16,2,0,1,1,3.4212177316,-400
exec27_edge_x-400,44,7817,0,0,16,2,0,1,1,4.09639843786,-400
exec27_edge_x-400,7,18179,5,0,19,10,0,1,1,8.92093755541,-400
exec27_edge_x-400,5,10479,4,0,6,2,0,1,1,2.70929748341,-400
exec27_edge_x-400,25,27242,1,0,18,4,0,1,1,3.70750881768,-400
exec27_edge_x-400,2,12390,7,0,18,2,0,1,1,2.56605255427,-400
exec27_edge_x-400,23,13600,7,0,5,0,0,1,1,2.42982562952,-400
exec27_edge_x-400,32,7089,3,0,5,2,0,1,1,5.54919704127,-400
exec27_edge_x-400,29,6791,4,0,6,0,0,1,0,4.08296585869,-400
exec27_edge_x-400,17,4165,7,0,15,1,0,1,1,2.64936790258,-400
exec27_edge_x-400,34,27114,0,0,5,0,0,1,0,3.35050735689,-400
exec27_edge_x-400,5,10455,3,0,2,0,0,1,0,3.88814291725,-400
exec27_edge_x-400,34,27111,5,0,4,0,0,1,0,3.04498486276,-400
exec27_edge_x-400,2,12340,1,0,7,0,0,1,0,1.77705604624,-400
exec27_edge_x-400,7,18138,0,0,7,0,0,1,0,4.18209571322,-400
exec27_edge_x-400,14,5602,6,0,10,2,0,1,1,13.8400578087,-400
exec27_edge_x-400,25,27139,3,0,0,0,0,1,0,1.27567112568,-400
exec27_edge_x-400,11,13443,6,0,2,0,0,1,0,2.1097408356,-400
exec27_edge_x-400,32,7035,4,0,2,0,0,1,0,3.16600060026,-400
exec27_edge_x-400,38,12799,0,0,8,0,0,1,0,2.71947651875,-400
exec27_edge_x-400,2,12308,5,0,10,4,0,1,1,2.78861473342,-400
exec27_edge_x-400,41,9822,6,0,14,6,0,1,1,2.21013749717,-400
exec27_edge_x-400,34,27048,0,0,9,0,0,1,0,1.97903454621,-400
exec27_edge_x-400,17,4091,4,0,5,0,0,1,0,1.95715405522,-400
exec27_edge_x-400,5,10383,7,0,18,4,0,1,1,2.21020795917,-400
exec27_edge_x-400,2,12288,2,0,11,0,0,1,0,1.44005169047,-400
exec27_edge_x-400,20,11241,5,0,1,0,0,1,0,2.37842128108,-400
exec27_edge_x-400,34,27038,3,0,2,0,0,1,0,14.5559912074,-400
exec27_edge_x-400,14,5553,4,0,6,0,0,1,0,2.8395924557,-400
exec27_edge_x-400,11,13384,4,0,3,0,0,1,0,2.84037621507,-400
exec27_edge_x-400,47,5804,0,0,8,0,0,1,0,4.79440851061,-400
exec27_edge_x-400,41,9775,7,0,8,0,0,1,0,2.55943555382,-400
exec27_edge_x-400,34,27444,5,0,9,0,0,1,0,7.90777923239,-400
exec27_edge_x-400,5,10713,9,1,2,0,0,1,0,5.09181823314,-400
exec27_edge_x-400,23,13471,0,0,11,3,0,1,1,5.61023369728,-400
exec27_edge_x-400,17,4051,1,0,17,0,0,1,0,7.53462737621,-400
exec27_edge_x-400,25,30855,7,0,12,0,0,1,0,7.29081583265,-400
exec27_edge_x-400,34,26999,6,0,3,0,0,1,0,2.77221932617,-400
exec27_edge_x-400,2,15585,5,0,19,2,0,1,1,3.09706831903,-400
exec27_edge_x-400,23,13447,0,0,15,0,0,1,1,2.84217417792,-400
exec27_edge_x-400,25,30823,7,0,10,0,0,1,1,4.65959676723,-400
exec27_edge_x-400,25,30927,7,0,0,0,0,0,0,6.21903804759,-400
exec27_edge_x-400,34,26957,4,0,6,3,0,1,1,2.30858460475,-400
exec27_edge_x-400,2,15558,1,0,15,5,0,1,1,4.19100841688,-400
exec27_edge_x-400,23,13410,3,0,3,0,0,1,0,3.42586522114,-400
exec27_edge_x-400,47,5732,1,0,5,0,0,1,0,12.5248697209,-400
exec27_edge_x-400,29,6641,5,0,3,0,0,1,0,2.99733382464,-400
exec27_edge_x-400,7,17982,1,0,8,2,0,1,1,4.37578899951,-400
exec27_edge_x-400,38,12653,0,0,5,0,0,1,0,1.76164902682,-400
exec27_edge_x-400,29,6619,1,0,10,0,3,1,1,2.88012363604,-400
exec27_edge_x-400,34,26921,1,0,19,6,0,1,1,3.02257508724,-400
exec27_edge_x-400,47,5705,1,0,6,2,0,1,1,1.4286901076,-400
exec27_edge_x-400,20,11092,5,0,5,0,0,1,0,2.39781620451,-400
exec27_edge_x-400,7,17936,4,0,3,0,0,1,0,3.16128625396,-400
exec27_edge_x-400,2,15507,0,0,6,0,0,1,0,5.54095935196,-400
exec27_edge_x-400,38,12616,5,0,7,2,0,1,1,9.95026899703,-400
exec27_edge_x-400,2,15498,6,0,10,4,0,1,1,2.4654310707,-400
exec27_edge_x-400,41,9657,2,0,18,1,0,1,1,4.21426806365,-400
exec27_edge_x-400,14,5411,2,0,49,25,0,1,1,5.61731672283,-400
exec27_edge_x-400,32,10473,6,0,9,0,0,1,0,1.6955601014,-400
exec27_edge_x-400,47,5674,5,0,9,2,0,1,1,6.82241464545,-400
exec27_edge_x-400,5,12189,4,0,4,4,0,1,1,2.94426421111,-400
exec27_edge_x-400,41,9652,4,0,15,4,3,1,1,3.10839688815,-400
exec27_edge_x-400,17,3929,3,0,11,2,0,1,1,3.19560897012,-400
exec27_edge_x-400,41,9644,2,0,0,0,0,1,0,6.72061266157,-400
exec27_edge_x-400,2,15478,2,0,9,2,0,1,1,4.39613432879,-400
exec27_edge_x-400,29,6523,2,0,2,0,0,1,0,1.23610213604,-400
exec27_edge_x-400,2,15470,1,0,8,0,0,1,0,3.19814944596,-400
exec27_edge_x-400,23,13319,3,0,2,0,0,1,0,2.40019769762,-400
exec27_edge_x-400,32,10440,6,0,9,0,0,1,0,4.37981104577,-400
exec27_edge_x-400,38,12589,4,0,11,2,0,1,1,2.32182301759,-400
exec27_edge_x-400,25,30681,7,0,15,6,0,1,1,2.2698226706,-400
exec27_edge_x-400,20,11014,5,0,14,0,0,1,0,1.84612920849,-400
exec27_edge_x-400,41,9602,5,0,10,0,0,1,0,2.44273048081,-400
exec27_edge_x-400,44,7467,6,0,7,0,0,1,0,3.64681495819,-400
exec27_edge_x-400,5,12133,4,0,17,4,0,1,1,3.26736582739,-400
exec27_edge_x-400,38,12492,5,0,7,4,0,1,1,1.546013005,-400
exec27_edge_x-400,5,12114,7,0,4,0,0,1,0,5.01104863588,-400
exec27_edge_x-400,2,15371,7,0,14,6,0,1,1,5.12453247008,-400
exec27_edge_x-400,17,3836,2,0,1,0,0,1,0,4.17102119531,-400
exec27_edge_x-400,2,15360,2,0,4,0,0,1,0,1.7970305319,-400
exec27_edge_x-400,2,15356,7,0,1,0,0,1,0,5.31075037553,-400
exec27_edge_x-400,20,10953,0,0,25,9,0,1,1,2.81572349924,-400
exec27_edge_x-400,11,13098,6,0,19,10,0,1,1,2.98425308372,-400
exec27_edge_x-400,11,13095,3,0,2,0,0,1,1,2.42148650321,-400
exec27_edge_x-400,11,13093,6,0,20,6,0,1,1,10.1741801408,-400
exec27_edge_x-400,34,26740,0,0,12,2,0,1,1,4.55408867833,-400
exec27_edge_x-400,14,8980,6,0,5,0,0,1,0,5.01220091167,-400
exec27_edge_x-400,7,17763,2,0,6,0,0,1,0,2.56307922286,-400
exec27_edge_x-400,7,19150,2,0,0,0,0,0,0,4.45312306493,-400
exec27_edge_x-400,11,13077,3,0,11,8,0,1,1,4.66639913706,-400
exec27_edge_x-400,29,9758,1,0,23,2,0,1,1,4.84487284936,-400
exec27_edge_x-400,47,5518,3,0,7,1,0,1,1,4.36164898324,-400
exec27_edge_x-400,41,9511,6,0,2,0,0,1,0,3.78571412396,-400
exec27_edge_x-400,2,15314,6,0,8,2,0,1,1,5.00353439099,-400
exec27_edge_x-400,34,26706,5,0,11,1,0,1,1,5.2347583865,-400
exec27_edge_x-400,23,13184,5,0,2,0,0,1,0,4.5883760961,-400
exec27_edge_x-400,14,8945,2,0,21,8,0,1,1,3.1313673297,-400
exec27_edge_x-400,7,17728,6,0,7,0,0,1,0,2.63231300132,-400
exec27_edge_x-400,11,13055,1,0,8,2,0,1,1,3.30792472714,-400
exec27_edge_x-400,17,3772,2,0,5,0,0,1,1,1.96461712125,-400
exec27_edge_x-400,29,9728,7,0,18,4,0,1,1,5.39291486798,-400
exec27_edge_x-400,17,3768,6,0,0,0,0,0,0,4.73608252782,-400
exec27_edge_x-400,2,15275,0,0,7,0,0,1,0,1.76739765054,-400
exec27_edge_x-400,47,5479,2,0,6,0,0,1,0,4.02172796716,-400
exec27_edge_x-400,44,7330,0,0,9,0,0,1,0,2.03427231996,-400
exec27_edge_x-400,44,7312,1,0,9,0,0,1,0,2.37254190677,-400
exec27_edge_x-400,23,13128,6,0,0,0,0,1,0,2.30830188828,-400
exec27_edge_x-400,47,5443,2,0,7,0,0,1,0,3.0514874417,-400
exec27_edge_x-400,11,13002,6,0,23,5,0,1,1,4.02676514166,-400
exec27_edge_x-400,23,13116,5,0,3,0,0,1,1,3.04923266024,-400
exec27_edge_x-400,47,5438,4,0,0,0,0,1,0,1.73095150007,-400
exec27_edge_x-400,2,15233,6,0,17,1,0,1,1,2.50117606618,-400
exec27_edge_x-400,47,5436,2,0,9,0,0,1,0,1.97475767514,-400
exec27_edge_x-400,5,11953,4,0,0,0,0,1,0,6.38652176869,-400
exec27_edge_x-400,11,12946,1,0,5,2,0,1,1,2.10777309012,-400
exec27_edge_x-400,7,17625,1,0,16,7,0,1,1,3.33126773723,-400
exec27_edge_x-400,47,5388,2,0,6,0,0,1,0,3.2619937249,-400
exec27_edge_x-400,2,15183,7,0,10,0,0,1,0,4.42412422488,-400
exec27_edge_x-400,38,15636,0,0,21,4,0,1,1,4.88395083362,-400
exec27_edge_x-400,14,8817,7,0,8,4,0,1,1,5.09280283861,-400
exec27_edge_x-400,29,9590,2,0,17,0,0,1,0,3.3991082194,-400
exec27_edge_x-400,11,12927,7,0,3,0,0,1,1,4.24604544489,-400
exec27_edge_x-400,41,9364,4,0,9,0,0,1,1,2.99672583073,-400
exec27_edge_x-400,32,10170,1,0,7,2,0,1,1,2.13216257476,-400
exec27_edge_x-400,47,5373,2,0,3,2,0,1,1,6.08257975966,-400
exec27_edge_x-400,29,9577,5,0,8,0,0,1,0,2.57826559963,-400
exec27_edge_x-400,17,3648,0,0,2,0,0,1,0,3.89944569555,-400
exec27_edge_x-400,20,10760,13,1,17,0,0,1,1,8.2786344072,-400
exec27_edge_x-400,7,17588,3,0,1,0,0,1,0,2.02556074289,-400
exec27_edge_x-400,29,9884,8,1,2,0,0,1,0,10.9885321799,-400
exec27_edge_x-400,38,15590,0,0,11,0,0,1,0,3.48899768332,-400
exec27_edge_x-400,25,30390,3,0,0,0,0,1,0,3.80700880391,-400
exec27_edge_x-400,11,12887,1,0,0,0,0,1,0,3.33263351393,-400
exec27_edge_x-400,32,10139,11,1,12,0,0,1,0,5.75095167544,-400
exec27_edge_x-400,20,10739,1,0,1,0,0,1,0,4.95575610925,-400
exec27_edge_x-400,2,15126,3,0,4,0,0,1,0,3.74652108408,-400
exec27_edge_x-400,41,9322,0,0,8,0,0,1,0,3.19667350267,-400
exec27_edge_x-400,7,17553,1,0,19,0,0,1,0,2.53699292854,-400
exec27_edge_x-400,38,15570,3,0,0,0,0,1,0,4.00776013315,-400
exec27_edge_x-400,5,11826,7,0,13,0,0,1,1,5.14367160576,-400
exec27_edge_x-400,7,17545,7,0,6,0,0,1,0,6.77356875479,-400
exec27_edge_x-400,34,26525,1,0,6,0,0,1,0,2.76149853546,-400
exec27_edge_x-400,11,12863,5,0,4,0,0,1,1,1.68598654791,-400
exec27_edge_x-400,29,9524,3,0,14,0,0,1,1,2.73324492322,-400
exec27_edge_x-400,32,10109,7,0,3,0,0,1,1,4.54257492796,-400
exec27_edge_x-400,5,11803,5,0,9,0,0,1,1,4.65227290588,-400
exec27_edge_x-400,32,10107,2,0,14,7,0,1,1,4.0275298554,-400
exec27_edge_x-400,2,15108,2,0,7,0,0,1,0,1.72148438228,-400
exec27_edge_x-400,17,3565,7,0,5,0,0,1,0,1.92909784511,-400
exec27_edge_x-400,5,11784,12,1,10,1,0,1,1,4.84710457898,-400
exec27_edge_x-400,44,7130,4,0,3,0,0,1,0,7.70081728944,-400
exec27_edge_x-400,47,5277,6,0,10,1,0,1,1,2.92432779627,-400
exec27_edge_x-400,7,17490,0,0,5,2,0,1,1,3.40136233464,-400
exec27_edge_x-400,14,8701,7,0,20,9,0,1,1,2.90039536899,-400
exec27_edge_x-400,29,9482,5,0,18,9,0,1,1,4.49228603601,-400
exec27_edge_x-400,47,5253,4,0,13,1,0,1,1,3.83703780091,-400
exec27_edge_x-400,34,26454,7,0,5,0,0,1,0,3.07475222361,-400
exec27_edge_x-400,17,3516,0,0,20,0,0,1,0,4.36534236395,-400
exec27_edge_x-400,2,15052,1,0,9,0,0,1,0,2.20115016811,-400
exec27_edge_x-400,25,30289,2,0,6,1,0,1,1,5.03565160922,-400
exec27_edge_x-400,5,11735,3,0,20,7,0,1,1,4.62632310524,-400
exec27_edge_x-400,17,3507,2,0,17,0,0,1,0,3.4269796771,-400
exec27_edge_x-400,32,10046,6,0,0,0,0,1,1,4.57863981086,-400
exec27_edge_x-400,34,26443,7,0,10,0,0,1,1,3.75530914371,-400
exec27_edge_x-400,41,9221,2,0,5,0,0,1,0,1.57807437584,-400
exec27_edge_x-400,17,3496,6,0,6,0,0,1,0,3.71774216048,-400
exec27_edge_x-400,47,5229,13,1,1,0,0,1,0,4.48680593254,-400
exec27_edge_x-400,44,7081,7,0,4,2,0,1,1,4.55988262575,-400
exec27_edge_x-400,5,11726,2,0,26,4,0,1,1,3.40323716278,-400
exec27_edge_x-400,2,15028,0,0,13,0,0,1,0,2.58377908359,-400
exec27_edge_x-400,7,17453,5,0,41,15,0,1,1,4.83983534307,-400
exec27_edge_x-400,47,5225,7,0,7,0,0,1,1,4.81182239456,-400
exec27_edge_x-400,44,7075,5,0,25,2,0,1,1,2.73524216715,-400
exec27_edge_x-400,32,10032,4,0,5,0,0,1,0,1.98147580193,-400
exec27_edge_x-400,44,7063,6,0,3,0,0,1,0,1.82448537056,-400
exec27_edge_x-400,29,9429,6,0,10,0,0,1,0,6.20024828684,-400
exec27_edge_x-400,38,15438,0,0,9,0,0,1,0,2.93405588095,-400
exec27_edge_x-400,2,15002,5,0,8,0,0,1,0,2.73733865619,-400
exec27_edge_x-400,44,7045,2,0,0,0,0,1,0,2.87432781396,-400
exec27_edge_x-400,47,5197,4,0,3,0,0,1,0,3.01152516157,-400
exec27_edge_x-400,20,10582,6,0,2,0,0,1,1,5.09687270048,-400
exec27_edge_x-400,41,9164,5,0,16,4,0,1,1,2.05156849779,-400
exec27_edge_x-400,23,12864,7,0,12,2,0,1,1,2.66160805403,-400
exec27_edge_x-400,34,26372,2,0,3,0,0,1,0,4.45084738285,-400
exec27_edge_x-400,20,10569,2,0,17,4,0,1,1,4.74832181724,-400
exec27_edge_x-400,17,3433,4,0,3,0,0,1,1,5.13588821246,-400
exec27_edge_x-400,11,12725,1,0,2,1,0,1,1,3.39005314187,-400
exec27_edge_x-400,44,7008,5,0,4,0,0,1,0,6.75163977987,-400
exec27_edge_x-400,20,10557,7,0,21,3,0,1,1,5.41160705505,-400
exec27_edge_x-400,29,9379,9,1,39,8,0,1,1,8.85784898149,-400
exec27_edge_x-400,17,3417,3,0,5,0,0,1,1,5.55739608459,-400
exec27_edge_x-400,14,8569,6,0,16,0,0,1,1,7.10531469532,-400
exec27_edge_x-400,47,5145,4,0,5,0,0,1,0,2.26924027871,-400
exec27_edge_x-400,5,11623,7,0,10,1,0,1,1,11.0809654686,-400
exec27_edge_x-400,7,17348,0,0,15,2,0,1,1,4.43686167013,-400
exec27_edge_x-400,7,17342,2,0,8,1,0,1,1,3.22956466329,-400
exec27_edge_x-400,25,30168,0,0,1,0,0,1,0,3.78508485589,-400
exec27_edge_x-400,20,12175,1,0,16,2,0,1,1,4.6093422004,-400
exec27_edge_x-400,38,15343,5,0,13,0,0,1,1,3.38049463191,-400
exec27_edge_x-400,23,12791,6,0,19,8,0,1,1,4.16514797618,-400
exec27_edge_x-400,32,9904,5,0,2,0,0,1,0,2.46992347098,-400
exec27_edge_x-400,5,11581,4,0,8,0,0,1,0,2.78214990246,-400
exec27_edge_x-400,38,15324,2,0,8,4,0,1,1,2.82965930793,-400
exec27_edge_x-400,41,9086,2,0,8,0,0,1,0,2.28724394183,-400
exec27_edge_x-400,44,6943,2,0,0,0,0,1,0,2.90759250255,-400
exec27_edge_x-400,34,26286,4,0,4,0,0,1,0,2.29011703888,-400
exec27_edge_x-400,38,15321,0,0,10,0,0,1,0,2.77783208342,-400
exec27_edge_x-400,2,14868,4,0,11,11,0,1,1,3.29816076779,-400
exec27_edge_x-400,25,30129,5,0,9,0,0,1,0,1.78980445151,-400
exec27_edge_x-400,38,15309,1,0,9,0,0,1,1,1.81077946452,-400
exec27_edge_x-400,20,10449,1,0,4,0,0,1,0,1.41139991582,-400
exec27_edge_x-400,32,9888,2,0,7,0,0,1,0,2.77609860738,-400
exec27_edge_x-400,41,9073,3,0,5,0,0,1,0,1.82908291872,-400
exec27_edge_x-400,23,12759,7,0,17,5,0,1,1,2.45536404155,-400
exec27_edge_x-400,29,9289,7,0,10,0,0,1,0,1.70047870189,-400
exec27_edge_x-400,34,26255,5,0,11,0,0,1,1,1.85551743674,-400
exec27_edge_x-400,44,6900,7,0,6,2,0,1,1,5.3282024105,-400
exec27_edge_x-400,11,12630,7,0,13,0,0,1,0,2.20285857156,-400
exec27_edge_x-400,5,11537,4,0,9,6,0,1,1,4.08851645955,-400
exec27_edge_x-400,25,30084,7,0,4,1,0,1,1,3.97112529064,-400
exec27_edge_x-400,23,12725,4,0,8,0,0,1,1,9.14812916758,-400
exec27_edge_x-400,41,9039,5,0,1,0,0,1,0,3.54396800726,-400
exec27_edge_x-400,29,9263,9,1,25,4,0,1,1,6.75844244229,-400
exec27_edge_x-400,29,9260,5,0,0,0,0,1,0,1.6690371056,-400
exec27_edge_x-400,29,9885,5,0,0,0,0,0,0,2.74798062013,-400
exec27_edge_x-400,20,13876,1,0,4,0,0,1,0,1.79056868167,-400
exec27_edge_x-400,41,9036,3,0,9,4,0,1,1,5.15365847123,-400
exec27_edge_x-400,5,12276,1,0,4,2,0,1,1,5.69646301232,-400
exec27_edge_x-400,32,9848,5,0,1,0,0,1,0,3.36443651237,-400
exec27_edge_x-400,38,15261,7,0,0,0,0,1,0,3.72394548947,-400
exec27_edge_x-400,23,12709,7,0,12,4,0,1,1,5.08540581212,-400
exec27_edge_x-400,47,5023,4,0,17,0,0,1,1,2.77256388197,-400
exec27_edge_x-400,44,6863,4,0,6,0,0,1,0,4.13937768001,-400
exec27_edge_x-400,7,17227,0,0,16,2,0,1,1,2.79713160509,-400
exec27_edge_x-400,44,6854,5,0,2,0,0,1,0,1.84479693511,-400
exec27_edge_x-400,38,15244,14,1,10,0,0,1,0,6.56251585681,-400
exec27_edge_x-400,29,9241,1,0,6,0,0,1,0,8.42758435645,-400
exec27_edge_x-400,23,12684,5,0,16,2,0,1,1,5.0465979748,-400
exec27_edge_x-400,47,5013,0,0,13,1,0,1,1,2.04925185386,-400
exec27_edge_x-400,38,15228,5,0,16,0,0,1,1,2.07334336638,-400
exec27_edge_x-400,41,9011,0,0,16,4,0,1,1,5.36368380473,-400
exec27_edge_x-400,17,3276,1,0,6,0,0,1,0,2.77939336351,-400
exec27_edge_x-400,25,30035,3,0,11,0,0,1,0,4.82306496579,-400
exec27_edge_x-400,20,13832,7,0,8,0,0,1,0,2.26120460411,-400
exec27_edge_x-400,38,15203,1,0,2,0,0,1,0,4.61572099175,-400
exec27_edge_x-400,2,14776,1,0,12,3,0,1,1,2.54432320219,-400
exec27_edge_x-400,2,15598,1,0,0,0,0,0,0,3.1895078372,-400
exec27_edge_x-400,11,12549,1,0,5,2,0,1,1,6.57816719095,-400
exec27_edge_x-400,44,6807,6,0,15,0,0,1,0,1.73162006335,-400
exec27_edge_x-400,47,4979,7,0,1,0,0,1,0,1.99499808363,-400
exec27_edge_x-400,2,14758,7,0,7,0,0,1,0,2.63554935307,-400
exec27_edge_x-400,47,4976,3,0,21,7,0,1,1,2.77499624033,-400
exec27_edge_x-400,41,8958,6,0,0,0,0,1,0,5.54631056422,-400
exec27_edge_x-400,7,17155,3,0,3,0,0,1,0,1.82804154599,-400
exec27_edge_x-400,14,8371,6,0,8,0,0,1,0,2.53803045429,-400
exec27_edge_x-400,11,12529,6,0,22,9,0,1,1,7.07969255297,-400
exec27_edge_x-400,5,11442,3,0,2,0,0,1,0,2.08610368141,-400
exec27_edge_x-400,35,1419,7,0,16,0,0,1,0,2.06762109294,-400
exec27_edge_x-400,25,29981,11,1,6,1,0,1,1,6.87062280971,-400
exec27_edge_x-400,11,12513,0,0,2,0,0,1,1,2.72941716918,-400
exec27_edge_x-400,38,15142,15,1,25,0,0,1,1,4.6361769915,-400
exec27_edge_x-400,38,15140,5,0,1,0,0,1,0,1.64450332675,-400
exec27_edge_x-400,41,8913,7,0,10,2,0,1,1,8.85456656915,-400
exec27_edge_x-400,7,17118,2,0,8,0,0,1,0,3.73324729451,-400
exec27_edge_x-400,7,17108,1,0,0,0,0,1,0,3.82724446878,-400
exec27_edge_x-400,17,6262,0,0,1,0,0,1,0,3.87121800414,-400
exec27_edge_x-400,5,11403,7,0,19,1,0,1,1,4.05997755397,-400
exec27_edge_x-400,20,13737,6,0,3,0,0,1,1,9.98501919489,-400
exec27_edge_x-400,14,8308,2,0,6,0,0,1,0,3.3262741835,-400
exec27_edge_x-400,2,14685,6,0,4,0,0,1,0,4.01311851978,-400
exec27_edge_x-400,7,17092,5,0,1,0,0,1,0,6.92504198847,-400
exec27_edge_x-400,20,13709,2,0,3,0,0,1,0,2.75402760631,-400
exec27_edge_x-400,47,4877,2,0,9,0,0,1,1,5.40627520095,-400
exec27_edge_x-400,7,17063,6,0,1,0,0,1,0,5.84835013324,-400
exec27_edge_x-400,11,12458,0,0,14,0,0,1,1,4.40325124635,-400
exec27_edge_x-400,14,8271,6,0,14,5,0,1,1,5.71134653091,-400
exec27_edge_x-400,35,1319,15,1,17,0,0,1,0,9.65939623874,-400
exec27_edge_x-400,5,11357,5,0,4,0,0,1,1,6.75600910182,-400
exec27_edge_x-400,29,9071,0,0,5,0,0,1,0,4.23695844291,-400
exec27_edge_x-400,44,6679,1,0,9,2,0,1,1,3.01778899242,-400
exec27_edge_x-400,5,11356,1,0,6,2,0,1,1,2.05690968117,-400
exec27_edge_x-400,17,6193,3,0,0,0,0,0,0,2.75483526797,-400
exec27_edge_x-400,23,15728,6,0,4,0,0,1,0,3.41786119084,-400
exec27_edge_x-400,29,9057,7,0,8,1,0,1,1,3.25596369746,-400
exec27_edge_x-400,14,8241,7,0,10,2,0,1,1,7.10290957929,-400
exec27_edge_x-400,44,6652,3,0,2,0,0,1,0,3.13644839522,-400
exec27_edge_x-400,20,13651,0,0,4,7,0,1,1,6.27884587207,-400
exec27_edge_x-400,14,8234,7,0,14,1,0,1,1,8.75091109532,-400
exec27_edge_x-400,11,12416,0,0,3,0,0,1,0,3.10112690451,-400
exec27_edge_x-400,14,8232,5,0,0,0,0,1,0,3.21799635298,-400
exec27_edge_x-400,7,16998,4,0,15,0,0,1,0,3.84412496432,-400
exec27_edge_x-400,20,13639,7,0,19,1,0,1,1,7.45103814537,-400
exec27_edge_x-400,35,1254,4,0,6,0,0,1,0,7.31379132405,-400
exec27_edge_x-400,23,15689,2,0,14,0,0,1,0,4.23801707584,-400
exec27_edge_x-400,20,13623,6,0,26,11,0,1,1,2.46448581441,-400
exec27_edge_x-400,11,12391,5,0,4,0,0,1,0,6.83628884976,-400
exec27_edge_x-400,20,13615,7,0,0,0,0,1,0,3.90817321114,-400
exec27_edge_x-400,20,13608,7,0,8,0,0,1,0,13.8158148051,-400
exec27_edge_x-400,38,15009,1,0,6,0,0,1,0,4.44624640211,-400
exec27_edge_x-400,41,8758,6,0,9,1,0,1,1,2.35074999538,-400
exec27_edge_x-400,14,8196,4,0,5,0,0,1,0,1.81688962884,-400
exec27_edge_x-400,20,13592,1,0,1,0,0,1,0,2.11633054183,-400
exec27_edge_x-400,17,6126,5,0,15,1,0,1,1,4.34821672632,-400
exec27_edge_x-400,14,8181,0,0,2,0,0,1,0,2.21222056228,-400
exec27_edge_x-400,20,13583,3,0,4,0,0,1,1,6.4276978558,-400
exec27_edge_x-400,32,9563,9,1,10,3,0,1,1,6.72174841508,-400
exec27_edge_x-400,23,15637,1,0,31,12,0,1,1,7.22885478552,-400
exec27_edge_x-400,14,8171,7,0,10,0,0,1,1,3.87748452572,-400
exec27_edge_x-400,20,13574,5,0,19,3,0,1,1,3.21382573518,-400
exec27_edge_x-400,11,12340,7,0,13,2,0,1,1,2.73716773972,-400
exec27_edge_x-400,32,9551,0,0,4,0,0,1,0,2.20290754006,-400
exec27_edge_x-400,38,14973,6,0,5,0,0,1,0,2.24326645129,-400
exec27_edge_x-400,47,4735,0,0,7,0,0,1,0,4.70691682014,-400
exec27_edge_x-400,14,8153,7,0,8,1,0,1,1,6.2748820454,-400
exec27_edge_x-400,47,4721,7,0,24,3,0,1,1,2.49976557122,-400
exec27_edge_x-400,32,9531,2,0,21,3,0,1,1,14.713357843,-400
exec27_edge_x-400,11,12318,1,0,5,0,0,1,0,6.70202126329,-400
exec27_edge_x-400,32,9520,5,0,11,0,0,1,0,1.83946886455,-400
exec27_edge_x-400,11,12312,7,0,19,7,0,1,1,3.95720602446,-400
exec27_edge_x-400,44,6544,3,0,2,0,0,1,0,12.8695863113,-400
exec27_edge_x-400,29,8907,7,0,7,0,0,1,1,3.02370206354,-400
exec27_edge_x-400,2,14511,4,0,6,7,0,1,1,1.84377371028,-400
exec27_edge_x-400,35,1149,6,0,14,0,0,1,0,4.01484426692,-400
exec27_edge_x-400,11,12283,4,0,6,0,0,1,0,4.44772200471,-400
exec27_edge_x-400,5,11179,2,0,10,0,0,1,1,4.55876165553,-400
exec27_edge_x-400,47,4628,2,0,14,0,0,1,0,1.3168827743,-400
exec27_edge_x-400,5,11177,5,0,15,3,0,1,1,9.11156907967,-400
exec27_edge_x-400,44,6510,7,0,3,0,0,1,1,3.45705250127,-400
exec27_edge_x-400,17,6016,7,0,6,0,0,1,0,6.17491224941,-400
exec27_edge_x-400,35,1129,6,0,20,0,0,1,0,6.09106150544,-400
exec27_edge_x-400,2,14477,5,0,18,9,0,1,1,7.96711912466,-400
exec27_edge_x-400,14,8084,6,0,14,3,0,1,1,6.25202317865,-400
exec27_edge_x-400,44,6493,0,0,14,0,0,1,0,2.43741877051,-400
exec27_edge_x-400,7,16839,5,0,17,0,0,1,0,3.17124381364,-400
exec27_edge_x-400,41,8640,2,0,7,1,0,1,1,1.72669687244,-400
exec27_edge_x-400,44,6488,5,0,3,0,0,1,0,2.91992638668,-400
exec27_edge_x-400,35,1102,6,0,16,0,0,1,1,3.9015716026,-400
exec27_edge_x-400,25,29707,6,0,9,1,0,1,1,3.30299727765,-400
exec27_edge_x-400,41,8621,0,0,17,0,0,1,1,2.88734939506,-400
exec27_edge_x-400,38,14837,5,0,6,0,0,1,0,3.53758009146,-400
exec27_edge_x-400,14,8043,1,0,0,0,0,1,0,1.77434316858,-400
exec27_edge_x-400,11,12218,1,0,3,0,0,1,0,2.10808801187,-400
exec27_edge_x-400,25,29673,3,0,4,0,0,1,0,2.45754458214,-400
exec27_edge_x-400,17,5928,3,0,10,2,0,1,1,3.5621047638,-400
exec27_edge_x-400,35,1074,5,0,8,6,0,1,1,5.71537563406,-400
exec27_edge_x-400,44,6442,1,0,14,4,0,1,1,2.27512532938,-400
exec27_edge_x-400,47,7618,3,0,0,0,0,1,0,13.9854065485,-400
exec27_edge_x-400,29,8778,0,0,2,0,0,1,0,2.53378140384,-400
exec27_edge_x-400,14,7984,6,0,8,0,0,1,0,2.26024072442,-400
exec27_edge_x-400,23,15457,6,0,4,0,0,1,0,1.4526180282,-400
exec27_edge_x-400,20,13383,6,0,17,4,0,1,1,1.74926985697,-400
exec27_edge_x-400,11,12162,2,0,5,2,0,1,1,4.43286813411,-400
exec27_edge_x-400,38,14770,0,0,15,9,0,1,1,1.96479468785,-400
exec27_edge_x-400,29,8763,6,0,22,2,0,1,1,3.45668858311,-400
exec27_edge_x-400,5,11058,2,0,3,0,0,1,1,2.03807030567,-400
exec27_edge_x-400,5,11057,5,0,26,6,0,1,1,2.19664505277,-400
exec27_edge_x-400,44,6404,1,0,4,0,0,1,1,2.41273360757,-400
exec27_edge_x-400,32,9328,7,0,12,0,0,1,1,2.24264643634,-400
exec27_edge_x-400,47,7571,11,1,22,7,0,1,1,6.77161515381,-400
exec27_edge_x-400,44,6393,6,0,6,0,0,1,0,4.92437913497,-400
exec27_edge_x-400,32,9318,1,0,6,0,0,1,0,3.72749655843,-400
exec27_edge_x-400,5,11036,6,0,3,0,0,1,0,1.98716349143,-400
exec27_edge_x-400,7,16704,14,1,51,5,0,1,1,10.582162152,-400
exec27_edge_x-400,41,8505,0,0,2,0,0,1,0,1.2510476128,-400
exec27_edge_x-400,29,8728,6,0,18,0,0,1,0,2.58901423166,-400
exec27_edge_x-400,2,14343,0,0,10,0,0,1,0,1.80044214694,-400
exec27_edge_x-400,5,11018,0,0,5,0,0,1,0,3.50717575888,-400
exec27_edge_x-400,44,6362,0,0,9,0,0,1,0,2.23812361753,-400
exec27_edge_x-400,2,14319,3,0,8,1,0,1,1,3.25412917287,-400
exec27_edge_x-400,2,14312,4,0,10,2,0,1,1,3.20594814076,-400
exec27_edge_x-400,2,14294,2,0,9,1,0,1,1,4.91577023365,-400
exec27_edge_x-400,23,15358,5,0,1,0,0,1,0,5.48711124046,-400
exec27_edge_x-400,29,8678,7,0,19,0,0,1,0,6.86921812484,-400
exec27_edge_x-400,2,14289,3,0,5,8,0,1,1,5.69282296272,-400
exec27_edge_x-400,29,8673,5,0,6,0,0,1,1,6.3472317775,-400
exec27_edge_x-400,44,6331,0,0,10,0,0,1,1,3.92689073101,-400
exec27_edge_x-400,14,7893,4,0,1,0,0,1,0,1.70017437049,-400
exec27_edge_x-400,23,15320,6,0,0,0,0,1,0,2.6307462335,-400
exec27_edge_x-400,35,934,3,0,6,0,0,1,0,2.12569256058,-400
exec27_edge_x-400,25,32379,2,0,4,0,0,1,0,8.59172890256,-400
exec27_edge_x-400,32,9212,7,0,11,2,0,1,1,2.89012163996,-400
exec27_edge_x-400,11,12025,6,0,9,0,0,1,0,5.06915682808,-400
exec27_edge_x-400,17,5781,7,0,1,2,0,1,1,4.1629370187,-400
exec27_edge_x-400,11,12020,5,0,27,8,0,1,1,2.28777470445,-400
exec27_edge_x-400,25,32367,2,0,14,2,0,1,1,2.38251764678,-400
exec27_edge_x-400,44,6272,7,0,0,0,0,1,0,2.78251853041,-400
exec27_edge_x-400,20,13231,6,0,18,1,0,1,1,5.47156439436,-400
exec27_edge_x-400,20,13223,4,0,2,0,0,1,0,2.58852557118,-400
exec27_edge_x-400,11,12004,0,0,6,0,0,1,0,12.6185735692,-400
exec27_edge_x-400,44,6256,5,0,20,3,0,1,1,7.25236049151,-400
exec27_edge_x-400,41,11681,3,0,4,2,0,1,1,10.6924772289,-400
exec27_edge_x-400,32,9184,3,0,6,0,0,1,1,8.32284659652,-400
exec27_edge_x-400,23,15273,0,0,9,0,0,1,0,2.89425561183,-400
exec27_edge_x-400,2,14190,0,0,10,0,0,1,0,2.24275528251,-400
exec27_edge_x-400,41,11658,4,0,8,0,0,1,0,2.7570016597,-400
exec27_edge_x-400,7,19588,0,0,10,1,0,1,1,2.36421853813,-400
exec27_edge_x-400,20,13185,4,0,9,2,0,1,1,3.46367066501,-400
exec27_edge_x-400,25,32324,0,0,1,0,0,1,0,5.85471300335,-400
exec27_edge_x-400,35,860,5,0,4,0,0,1,0,4.09473433374,-400
exec27_edge_x-400,38,14556,2,0,0,1,0,1,1,5.22362207829,-400
exec27_edge_x-400,47,7401,0,0,3,0,0,1,0,2.25774938766,-400
exec27_edge_x-400,44,6216,4,0,6,0,0,1,1,6.86755524375,-400
exec27_edge_x-400,11,11943,0,0,16,3,0,1,1,4.76651495059,-400
exec27_edge_x-400,47,7387,6,0,1,0,0,1,0,9.89936017894,-400
exec27_edge_x-400,20,13141,0,0,9,4,0,1,1,5.14122773142,-400
exec27_edge_x-400,47,7381,7,0,3,0,0,1,0,7.63801451234,-400
exec27_edge_x-400,2,14138,3,0,7,4,0,1,1,3.91248233722,-400
exec27_edge_x-400,35,830,0,0,11,0,0,1,1,1.88827545029,-400
exec27_edge_x-400,20,13136,10,1,10,1,0,1,1,6.59073182909,-400
exec27_edge_x-400,11,11917,2,0,14,0,0,1,1,9.66964258713,-400
exec27_edge_x-400,20,13122,0,0,13,0,0,1,0,4.37250955679,-400
exec27_edge_x-400,47,7369,3,0,10,0,0,1,1,3.31769433379,-400
exec27_edge_x-400,35,817,1,0,4,0,0,1,0,10.3443937948,-400
exec27_edge_x-400,47,7366,2,0,0,0,0,0,0,2.2854586595,-400
exec27_edge_x-400,14,7725,6,0,13,0,0,1,1,3.82461523737,-400
exec27_edge_x-400,23,15175,7,0,2,0,0,1,0,2.64375301193,-400
exec27_edge_x-400,32,9088,7,0,0,0,0,1,0,5.14445659567,-400
exec27_edge_x-400,5,10793,3,0,14,2,0,1,1,5.28960559419,-400
exec27_edge_x-400,2,14101,2,0,13,2,0,1,1,5.18126979818,-400
exec27_edge_x-400,17,5630,3,0,14,8,0,1,1,3.42720202766,-400
exec27_edge_x-400,25,32243,0,0,4,0,0,1,0,6.79392619218,-400
exec27_edge_x-400,14,7715,1,0,7,1,0,1,1,2.36782014152,-400
exec27_edge_x-400,47,7345,9,1,21,3,0,1,1,5.3934802954,-400
exec27_edge_x-400,20,13085,2,0,9,0,0,1,0,1.95121306048,-400
exec27_edge_x-400,7,19478,0,0,10,0,0,1,1,3.48173337721,-400
exec27_edge_x-400,20,13077,0,0,4,0,0,1,1,2.5693576615,-400
exec27_edge_x-400,41,11535,2,0,11,2,0,1,1,2.99069888806,-400
exec27_edge_x-400,47,7302,0,0,9,0,0,1,0,2.88622289905,-400
exec27_edge_x-400,20,13061,3,0,3,0,0,1,0,8.5084332132,-400
exec27_edge_x-400,11,11825,7,0,1,0,0,1,0,1.29085661561,-400
exec27_edge_x-400,25,32193,10,1,13,2,0,1,1,7.25593003158,-400
exec27_edge_x-400,47,7296,3,0,26,6,0,1,1,4.27123285789,-400
exec27_edge_x-400,23,15112,3,0,11,1,0,1,1,3.70493581088,-400
exec27_edge_x-400,44,6082,4,0,9,0,0,1,1,2.02826481055,-400
exec27_edge_x-400,17,5574,0,0,13,3,0,1,1,3.26887712154,-400
exec27_edge_x-400,41,11510,7,0,3,0,0,1,0,2.09431648509,-400
exec27_edge_x-400,7,19439,4,0,24,15,0,1,1,2.29589605005,-400
exec27_edge_x-400,14,7641,4,0,0,0,0,1,0,3.5841769127,-400
exec27_edge_x-400,23,15077,2,0,7,0,0,1,0,4.46861067581,-400
exec27_edge_x-400,35,701,1,0,0,0,0,1,0,1.68566907367,-400
exec27_edge_x-400,47,7225,5,0,8,0,0,1,0,3.21574668694,-400
exec27_edge_x-400,20,13021,1,0,42,11,0,1,1,3.49427088551,-400
exec27_edge_x-400,25,32132,4,0,18,2,0,1,1,3.29430766648,-400
exec27_edge_x-400,11,15383,7,0,15,2,0,1,1,3.48070161692,-400
exec27_edge_x-400,35,687,4,0,12,3,0,1,1,6.55807999335,-400
exec27_edge_x-400,2,14001,4,0,11,4,0,1,1,5.6082193003,-400
exec27_edge_x-400,38,14386,1,0,3,0,0,1,0,3.35027334144,-400
exec27_edge_x-400,20,12990,6,0,5,3,0,1,1,6.38694904036,-400
exec27_edge_x-400,47,7177,3,0,7,0,0,1,0,12.6542942125,-400
exec27_edge_x-400,23,15015,1,0,6,0,0,1,0,2.20051893713,-400
exec27_edge_x-400,38,14356,6,0,17,0,0,1,0,4.06101252992,-400
exec27_edge_x-400,32,12959,1,0,5,0,0,1,0,2.46881597377,-400
exec27_edge_x-400,32,13031,1,0,0,0,0,0,0,4.07525195994,-400
exec27_edge_x-400,5,13647,7,0,0,0,0,1,0,1.84871611196,-400
exec27_edge_x-400,14,7557,0,0,8,0,0,1,0,2.10869532116,-400
exec27_edge_x-400,14,7554,3,0,12,0,0,1,1,3.0790094659,-400
exec27_edge_x-400,17,5449,1,0,6,0,0,1,0,3.12488020506,-400
exec27_edge_x-400,20,12936,1,0,9,6,0,1,1,3.31367594866,-400
exec27_edge_x-400,17,5444,7,0,11,2,0,1,1,1.85319328825,-400
exec27_edge_x-400,41,11370,3,0,8,1,0,1,1,1.89096383797,-400
exec27_edge_x-400,41,11367,3,0,5,0,0,1,0,8.09694517689,-400
exec27_edge_x-400,23,14979,1,0,11,4,0,1,1,1.88906072007,-400
exec27_edge_x-400,5,13621,6,0,8,2,0,1,1,5.28010834444,-400
exec27_edge_x-400,25,32032,5,0,31,0,0,1,1,4.10525295184,-400
exec27_edge_x-400,38,14319,0,0,2,0,0,1,0,3.68515080294,-400
exec27_edge_x-400,20,12920,10,1,24,0,0,1,1,4.90694646851,-400
exec27_edge_x-400,11,15288,5,0,7,0,0,1,0,2.49700024317,-400
exec27_edge_x-400,35,591,15,1,18,0,0,1,0,5.45943965928,-400
exec27_edge_x-400,47,7116,1,0,7,0,0,1,0,8.69739448811,-400
exec27_edge_x-400,41,11333,1,0,8,0,0,1,0,4.5281877054,-400
exec27_edge_x-400,11,15278,1,0,13,0,0,1,1,10.5066456331,-400
exec27_edge_x-400,25,32002,5,0,1,0,0,1,0,2.76500776752,-400
exec27_edge_x-400,23,14934,2,0,6,1,0,1,1,3.06462435108,-400
exec27_edge_x-400,38,14288,3,0,1,0,0,1,0,2.57703147632,-400
exec27_edge_x-400,11,15265,4,0,4,0,0,1,0,4.38472160155,-400
exec27_edge_x-400,7,19265,7,0,8,0,0,1,0,2.84884718023,-400
exec27_edge_x-400,23,14919,6,0,4,1,0,1,1,1.91787766765,-400
exec27_edge_x-400,29,11151,0,0,13,2,0,1,1,2.35350170476,-400
exec27_edge_x-400,35,562,3,0,10,2,0,1,1,1.90157638319,-400
exec27_edge_x-400,38,14265,7,0,33,9,0,1,1,4.53930620353,-400
exec27_edge_x-400,7,19244,2,0,8,0,0,1,0,3.90700354475,-400
exec27_edge_x-400,20,12867,4,0,4,0,0,1,1,5.44896383421,-400
exec27_edge_x-400,47,7064,7,0,6,0,0,1,0,3.29730864177,-400
exec27_edge_x-400,35,546,0,0,9,0,0,1,0,3.74507590026,-400
exec27_edge_x-400,32,12870,3,0,4,0,0,1,0,1.51136971322,-400
exec27_edge_x-400,47,7060,5,0,6,0,0,1,0,2.66379785095,-400
exec27_edge_x-400,32,12866,7,0,3,0,0,1,0,1.91982236141,-400
exec27_edge_x-400,41,11289,7,0,5,0,0,1,0,1.7963666644,-400
exec27_edge_x-400,25,31938,0,0,8,0,0,1,0,5.03130355411,-400
exec27_edge_x-400,23,14885,6,0,4,0,0,1,0,2.76406653254,-400
exec27_edge_x-400,20,12842,3,0,2,0,0,1,0,3.53252798959,-400
exec27_edge_x-400,44,5853,5,0,2,0,0,1,1,6.4298131388,-400
exec27_edge_x-400,38,14241,3,0,3,0,0,1,0,4.50968969928,-400
exec27_edge_x-400,11,15201,7,0,9,0,0,1,0,5.79166175366,-400
exec27_edge_x-400,32,12849,7,0,9,1,0,1,1,2.78680732958,-400
exec27_edge_x-400,5,13507,1,0,7,0,0,1,0,4.6742233225,-400
exec27_edge_x-400,29,11081,7,0,0,0,0,1,1,2.96765043385,-400
exec27_edge_x-400,41,11258,6,0,5,0,0,1,0,5.79728446374,-400
exec27_edge_x-400,41,11238,1,0,14,0,0,1,0,2.87393338875,-400
exec27_edge_x-400,7,19170,0,0,10,6,0,1,1,1.40418006903,-400
exec27_edge_x-400,32,12803,6,0,2,1,0,1,1,2.77096261492,-400
exec27_edge_x-400,41,11218,4,0,12,4,0,1,1,6.46865826372,-400
exec27_edge_x-400,44,5795,5,0,8,0,0,1,0,2.74215905112,-400
exec27_edge_x-400,8,2031,0,0,1,0,0,1,0,4.25294617482,-400
exec27_edge_x-400,25,31855,3,0,6,5,0,1,1,4.07456559152,-400
exec27_edge_x-400,14,7386,6,0,1,0,0,1,0,4.19581410197,-400
exec27_edge_x-400,23,14792,0,0,5,1,0,1,1,4.812455127,-400
exec27_edge_x-400,2,17027,3,0,13,0,0,1,0,1.89250480969,-400
exec27_edge_x-400,20,12729,3,0,7,2,0,1,1,3.50139131508,-400
exec27_edge_x-400,20,13902,3,0,0,0,0,0,0,4.91355892029,-400
exec27_edge_x-400,47,6939,6,0,4,0,0,1,1,2.93666882477,-400
exec27_edge_x-400,41,11163,1,0,16,1,0,1,1,2.58284597592,-400
exec27_edge_x-400,20,12711,1,0,0,0,0,1,0,2.41363209873,-400
exec27_edge_x-400,20,12706,7,0,12,0,0,1,1,4.9665742042,-400
exec27_edge_x-400,11,15089,0,0,11,0,0,1,0,5.93327377882,-400
exec27_edge_x-400,20,12694,5,0,14,3,0,1,1,3.73169088109,-400
exec27_edge_x-400,23,14750,3,0,10,0,0,1,0,2.91544159111,-400
exec27_edge_x-400,44,5713,4,0,3,0,0,1,0,2.96109835668,-400
exec27_edge_x-400,23,14741,2,0,1,0,0,1,0,4.60332493756,-400
exec27_edge_x-400,41,11129,6,0,4,0,0,1,0,5.74776343136,-400
exec27_edge_x-400,35,366,1,0,2,0,0,1,0,1.89508896177,-400
exec27_edge_x-400,2,16977,6,0,10,1,0,1,1,1.72251656212,-400
exec27_edge_x-400,41,11109,0,0,17,0,0,1,0,2.7722636351,-400
exec27_edge_x-400,14,7253,3,0,3,0,0,1,0,1.25846704077,-400
exec27_edge_x-400,23,14715,5,0,15,0,0,1,0,4.88509843961,-400
exec27_edge_x-400,23,15899,5,0,0,0,0,0,0,8.77938342647,-400
exec27_edge_x-400,29,10920,3,0,3,0,0,1,0,2.30905124697,-400
exec27_edge_x-400,8,1926,7,0,6,0,0,1,1,3.04952203429,-400
exec27_edge_x-400,25,31751,3,0,0,0,0,1,0,4.43943150884,-400
exec27_edge_x-400,38,17144,0,0,8,2,0,1,1,2.47971476067,-400
exec27_edge_x-400,8,1923,3,0,14,4,0,1,1,3.28732152466,-400
exec27_edge_x-400,11,15045,0,0,11,0,0,1,1,2.51676955964,-400
exec27_edge_x-400,47,6874,0,0,6,0,0,1,0,5.72524817311,-400
exec27_edge_x-400,2,16955,4,0,4,0,0,1,0,2.38482094461,-400
exec27_edge_x-400,20,12648,3,0,15,3,0,1,1,2.59432879541,-400
exec27_edge_x-400,2,16945,3,0,3,0,0,1,0,2.35233969418,-400
exec27_edge_x-400,35,333,1,0,14,0,0,1,0,1.84849261792,-400
exec27_edge_x-400,20,12627,7,0,0,0,0,1,0,2.47741775886,-400
exec27_edge_x-400,35,320,0,0,8,0,0,1,0,3.43416501112,-400
exec27_edge_x-400,23,14678,1,0,8,0,0,1,0,3.97888370156,-400
exec27_edge_x-400,44,5649,0,0,1,0,0,1,1,3.77857480259,-400
exec27_edge_x-400,23,14671,6,0,0,0,0,1,0,5.14215334085,-400
exec27_edge_x-400,23,14662,3,0,0,0,0,0,0,2.37773191516,-400
exec27_edge_x-400,47,6835,1,0,3,1,0,1,1,3.1474696702,-400
exec27_edge_x-400,14,10829,7,0,3,2,0,1,1,2.83009818217,-400
exec27_edge_x-400,8,1873,2,0,11,4,0,1,1,7.32045711075,-400
exec27_edge_x-400,5,13263,0,0,6,2,0,1,1,3.2455174398,-400
exec27_edge_x-400,2,16903,0,0,1,0,0,1,0,2.53001883569,-400
exec27_edge_x-400,5,13258,4,0,2,0,0,1,0,5.37039166862,-400
exec27_edge_x-400,17,5132,6,0,3,0,0,1,1,2.65789095019,-400
exec27_edge_x-400,47,6823,2,0,3,0,0,1,0,6.78776861706,-400
exec27_edge_x-400,41,11024,6,0,2,0,0,1,1,3.09822805544,-400
exec27_edge_x-400,17,5130,2,0,4,0,0,1,0,1.75206848609,-400
exec27_edge_x-400,2,16898,1,0,9,0,0,1,0,2.62914751304,-400
exec27_edge_x-400,20,12576,2,0,7,2,0,1,1,2.01281694024,-400
exec27_edge_x-400,14,10799,3,0,4,0,0,1,0,3.2018526705,-400
exec27_edge_x-400,2,16880,0,0,9,0,0,1,0,1.62630917676,-400
exec27_edge_x-400,44,5590,0,0,18,5,0,1,1,2.01193943742,-400
exec27_edge_x-400,41,10992,3,0,4,4,0,1,1,5.19768393235,-400
exec27_edge_x-400,35,248,2,0,6,0,0,1,0,4.51408671335,-400
exec27_edge_x-400,5,13216,3,0,18,3,4,1,1,3.77530704075,-400
exec27_edge_x-400,8,1809,6,0,0,0,0,1,0,5.8195968901,-400
exec27_edge_x-400,25,31621,4,0,14,7,0,1,1,3.05625979046,-400
exec27_edge_x-400,2,16848,5,0,8,1,0,1,1,2.56843390412,-400
exec27_edge_x-400,25,31618,7,0,26,11,0,1,1,4.87439083858,-400
exec27_edge_x-400,8,1788,4,0,7,0,0,1,0,3.27516669666,-400
exec27_edge_x-400,11,14906,3,0,1,0,0,1,0,3.09040667866,-400
exec27_edge_x-400,41,10945,6,0,1,0,0,1,0,2.83003414465,-400
exec27_edge_x-400,29,10773,7,0,15,0,0,1,0,5.44458732155,-400
exec27_edge_x-400,5,13176,3,0,30,2,0,1,1,6.22309623145,-400
exec27_edge_x-400,25,31589,5,0,4,0,0,1,1,3.77908228746,-400
exec27_edge_x-400,38,16950,1,0,9,0,0,1,0,5.92793575415,-400
exec27_edge_x-400,25,31583,0,0,10,0,0,1,1,3.04665129068,-400
exec27_edge_x-400,5,13171,5,0,10,1,0,1,1,3.64700769988,-400
exec27_edge_x-400,38,16948,1,0,12,4,0,1,1,2.64149478738,-400
exec27_edge_x-400,8,1742,7,0,14,1,0,1,1,5.83444338262,-400
exec27_edge_x-400,11,14866,3,0,4,0,0,1,0,2.78413250029,-400
exec27_edge_x-400,25,31566,3,0,7,0,0,1,0,2.32093279184,-400
exec27_edge_x-400,5,13160,0,0,8,2,0,1,1,3.50420975212,-400
exec27_edge_x-400,44,9741,0,0,21,2,0,1,1,4.8112933638,-400
exec27_edge_x-400,38,16926,5,0,5,0,0,1,0,4.38652919772,-400
exec27_edge_x-400,41,10887,2,0,3,0,0,1,0,5.55008172965,-400
exec27_edge_x-400,2,16768,1,0,3,1,0,1,1,3.77027867291,-400
exec27_edge_x-400,38,16920,7,0,4,0,0,1,0,2.11150465636,-400
exec27_edge_x-400,20,12439,2,0,5,5,0,1,1,2.82805726457,-400
exec27_edge_x-400,25,31524,2,0,23,5,0,1,1,7.74640646373,-400
exec27_edge_x-400,20,12419,7,0,4,1,0,1,1,3.51266835819,-400
exec27_edge_x-400,47,6678,2,0,1,0,0,1,0,4.68888431991,-400
exec27_edge_x-400,38,16880,2,0,4,0,0,1,0,4.27849849517,-400
exec27_edge_x-400,20,12409,6,0,2,0,0,1,0,3.65267915528,-400
exec27_edge_x-400,41,10840,4,0,3,0,0,1,1,5.28980516432,-400
exec27_edge_x-400,32,12430,7,0,12,4,0,1,1,5.52212690785,-400
exec27_edge_x-400,29,10699,6,0,2,0,0,1,1,2.02166354016,-400
exec27_edge_x-400,8,1673,4,0,2,0,0,1,0,2.8596866143,-400
exec27_edge_x-400,5,13107,7,0,36,16,0,1,1,4.26303046033,-400
exec27_edge_x-400,38,16876,0,0,15,0,0,1,1,5.17995285079,-400
exec27_edge_x-400,14,10629,4,0,6,0,0,1,0,7.16091038066,-400
exec27_edge_x-400,23,14435,14,1,0,0,0,1,0,5.30060023505,-400
exec27_edge_x-400,35,121,0,0,4,0,0,1,0,4.25719372458,-400
exec27_edge_x-400,23,14410,1,0,9,0,0,1,0,2.98173959683,-400
exec27_edge_x-400,23,14409,8,1,34,14,0,1,1,5.68194490042,-400
exec27_edge_x-400,41,10820,3,0,21,3,0,1,1,2.86701400422,-400
exec27_edge_x-400,38,16842,4,0,6,0,0,1,0,4.16426896011,-400
exec27_edge_x-400,35,42,2,0,9,0,0,1,0,1.25954614425,-400
exec27_edge_x-400,47,6626,2,0,12,2,0,1,1,4.44213825275,-400
exec27_edge_x-400,38,16835,2,0,18,0,0,1,0,1.60185836837,-400
exec27_edge_x-400,20,12364,5,0,32,3,0,1,1,4.35410492243,-400
exec27_edge_x-400,20,12361,7,0,4,0,0,1,0,2.58085966152,-400
exec27_edge_x-400,44,9615,2,0,3,0,0,1,0,2.75106576932,-400
exec27_edge_x-400,25,31437,6,0,9,0,0,1,1,1.96038670452,-400
exec27_edge_x-400,2,16659,0,0,14,6,0,1,1,8.47932031802,-400
exec27_edge_x-400,5,13029,0,0,3,0,0,1,0,3.82883237674,-400
exec27_edge_x-400,5,13027,2,0,10,0,0,1,0,2.42283755691,-400
exec27_edge_x-400,23,14373,3,0,2,0,0,1,0,2.87183951678,-400
exec27_edge_x-400,17,4879,2,0,1,0,0,1,0,4.35075545799,-400
exec27_edge_x-400,47,6592,1,0,15,2,0,1,1,3.14142499999,-400
exec27_edge_x-400,2,16642,0,0,4,3,0,1,1,2.43175819064,-400
exec27_edge_x-400,20,12312,1,0,6,0,0,1,0,3.45854044018,-400
exec27_edge_x-400,8,1541,0,0,19,3,0,1,1,4.85406859798,-400
exec27_edge_x-400,11,14684,2,0,18,11,0,1,1,2.70734853912,-400
exec27_edge_x-400,41,10729,4,0,27,8,0,1,1,4.17540691179,-400
exec27_edge_x-400,5,12997,12,1,6,0,0,1,0,10.6462757165,-400
exec27_edge_x-400,11,14674,12,1,9,0,0,1,0,6.88418981686,-400
exec27_edge_x-400,29,10586,5,0,11,0,0,1,0,3.0962306345,-400
exec27_edge_x-400,14,10500,6,0,11,0,0,1,0,2.75733588565,-400
exec27_edge_x-400,38,16780,4,0,11,0,0,1,0,2.58172984315,-400
exec27_edge_x-400,25,31370,1,0,3,0,0,1,0,3.1346058919,-400
exec27_edge_x-400,41,10707,3,0,14,1,0,1,1,6.80442774187,-400
exec27_edge_x-400,23,14320,6,0,2,0,0,1,0,2.09005605081,-400
exec27_edge_x-400,5,12982,6,0,1,0,0,1,0,7.82633042188,-400
exec27_edge_x-400,38,16756,3,0,1,0,0,1,0,2.20739390246,-400
exec27_edge_x-400,25,31358,7,0,14,0,0,1,0,3.59654869063,-400
exec27_edge_x-400,11,14649,2,0,6,0,0,1,0,7.07888211993,-400
exec27_edge_x-400,8,1506,3,0,12,11,0,1,1,4.38254632811,-400
exec27_edge_x-400,14,10470,7,0,12,0,0,1,0,2.1177496947,-400
exec27_edge_x-400,47,6531,0,0,5,0,0,1,0,4.60432468951,-400
exec27_edge_x-400,17,4803,7,0,11,0,0,1,0,1.28001049469,-400
exec27_edge_x-400,25,31329,6,0,8,1,0,1,1,3.90894992984,-400
exec27_edge_x-400,23,14250,5,0,8,2,0,1,1,1.25929519649,-400
exec27_edge_x-400,25,31305,7,0,28,2,0,1,1,5.59910992957,-400
exec27_edge_x-400,23,14234,1,0,6,0,0,1,1,1.31118466414,-400
exec27_edge_x-400,5,12927,0,0,4,0,0,1,0,9.46525873375,-400
exec27_edge_x-400,29,10515,7,0,13,2,0,1,1,3.27515105615,-400
exec27_edge_x-400,2,16542,14,1,17,0,0,1,0,4.28652983805,-400
exec27_edge_x-400,47,6496,5,0,13,0,0,1,1,4.93060958286,-400
exec27_edge_x-400,23,18646,1,0,4,0,0,1,0,4.74025045049,-400
exec27_edge_x-400,25,31273,5,0,0,0,0,1,0,2.21909339605,-400
exec27_edge_x-400,38,16698,4,0,4,0,0,1,0,3.02728749512,-400
exec27_edge_x-400,23,18627,5,0,20,4,0,1,1,2.57991061067,-400
exec27_edge_x-400,5,12882,1,0,16,0,0,1,0,1.8344187108,-400
exec27_edge_x-400,20,15353,1,0,9,0,0,1,0,1.72831124961,-400
exec27_edge_x-400,20,15351,6,0,7,0,0,1,1,4.27857601409,-400
exec27_edge_x-400,25,31257,5,0,5,0,0,1,0,3.66581033777,-400
exec27_edge_x-400,35,2607,9,1,11,1,0,1,1,6.19592374396,-400
exec27_edge_x-400,2,16495,1,0,3,0,0,1,0,6.34504181168,-400
exec27_edge_x-400,5,12855,6,0,12,1,0,1,1,2.21441241969,-400
exec27_edge_x-400,25,31229,5,0,5,0,0,1,0,1.7835317647,-400
exec27_edge_x-400,25,31228,7,0,17,4,0,1,1,3.04111405586,-400
exec27_edge_x-400,41,10585,5,0,11,2,0,1,1,2.45382771468,-400
exec27_edge_x-400,20,15314,5,0,27,7,0,1,1,5.76741874445,-400
exec27_edge_x-400,47,6430,5,0,8,0,0,1,0,5.34797300359,-400
exec27_edge_x-400,32,12130,1,0,3,2,0,1,1,2.64799104276,-400
exec27_edge_x-400,23,18560,14,1,21,2,0,1,1,9.41590667156,-400
exec27_edge_x-400,47,6401,2,0,14,0,0,1,0,2.40730541648,-400
exec27_edge_x-400,5,12807,0,0,3,0,0,1,0,3.45413860215,-400
exec27_edge_x-400,8,1348,6,0,10,0,0,1,0,7.03819097395,-400
exec27_edge_x-400,11,14481,2,0,19,2,0,1,1,2.42545960115,-400
exec27_edge_x-400,14,10319,7,0,11,1,0,1,1,4.52197939417,-400
exec27_edge_x-400,20,15279,6,0,7,4,0,1,1,2.494168932,-400
exec27_edge_x-400,17,8677,7,0,2,0,0,1,0,2.85443917413,-400
exec27_edge_x-400,41,10529,4,0,6,0,0,1,1,2.93002957933,-400
exec27_edge_x-400,32,12091,0,0,2,0,0,1,0,1.73604038176,-400
exec27_edge_x-400,32,12087,6,0,3,0,0,1,0,1.47354429033,-400
exec27_edge_x-400,38,16582,6,0,6,0,0,1,0,1.7954636957,-400
exec27_edge_x-400,41,10512,7,0,6,0,0,1,0,3.59799318962,-400
exec27_edge_x-400,32,12084,4,0,2,0,0,1,0,4.16498393279,-400
exec27_edge_x-400,41,10508,5,0,14,2,0,1,1,3.84757501218,-400
exec27_edge_x-400,2,16406,6,0,12,0,0,1,0,3.3553747442,-400
exec27_edge_x-400,29,10349,1,0,1,0,0,1,0,6.85382228376,-400
exec27_edge_x-400,14,10285,0,0,1,0,0,1,0,2.77116473413,-400
exec27_edge_x-400,25,31144,5,0,0,0,0,1,1,2.17897866345,-400
exec27_edge_x-400,5,12747,1,0,1,0,0,1,0,2.32887699983,-400
exec27_edge_x-400,47,6346,3,0,0,0,0,1,0,6.74802863962,-400
exec27_edge_x-400,17,8631,6,0,2,0,0,1,0,2.58815096519,-400
exec27_edge_x-400,29,10327,0,0,7,0,0,1,0,2.16421239868,-400
exec27_edge_x-400,17,8612,2,0,6,0,0,1,0,2.06112349669,-400
exec27_edge_x-400,2,16363,5,0,8,1,0,1,1,6.51567680194,-400
exec27_edge_x-400,29,10315,7,0,20,4,0,1,1,4.80680742833,-400
exec27_edge_x-400,20,15191,6,0,6,0,0,1,0,7.56485494234,-400
exec27_edge_x-400,8,1277,3,0,11,2,0,1,1,2.21658605856,-400
exec27_edge_x-400,14,10236,6,0,0,0,0,1,0,2.57748944618,-400
exec27_edge_x-400,32,12006,5,0,14,0,0,1,0,3.31874571379,-400
exec27_edge_x-400,11,14380,7,0,6,0,0,1,0,4.61612880456,-400
exec27_edge_x-400,17,8584,2,0,2,0,0,1,0,3.69618843986,-400
exec27_edge_x-400,23,18429,10,1,38,4,0,1,1,5.52117891447,-400
exec27_edge_x-400,38,16492,0,0,18,0,0,1,0,2.19486720087,-400
exec27_edge_x-400,29,10277,7,0,13,0,0,1,0,7.06522402947,-400
exec27_edge_x-400,11,14365,2,0,5,0,0,1,0,1.782763371,-400
exec27_edge_x-400,38,16489,6,0,10,2,0,1,1,3.99654120427,-400
exec27_edge_x-400,17,8563,4,0,11,0,0,1,0,2.33230817427,-400
exec27_edge_x-400,41,10407,4,0,28,4,0,1,1,4.50630255362,-400
exec27_edge_x-400,41,10399,4,0,1,0,0,1,0,2.55325151297,-400
exec27_edge_x-400,29,10256,3,0,0,0,0,1,0,2.44593991282,-400
exec27_edge_x-400,14,10178,3,0,21,9,0,1,1,3.42988193502,-400
exec27_edge_x-400,41,10390,12,1,5,0,0,1,0,6.11659912824,-400
exec27_edge_x-400,25,31025,6,0,8,1,0,1,1,1.5064813423,-400
exec27_edge_x-400,20,15123,2,0,14,3,0,1,1,6.10217773062,-400
exec27_edge_x-400,17,8537,1,0,0,0,0,1,0,3.28343409863,-400
exec27_edge_x-400,32,11950,6,0,12,6,0,1,1,2.8852848267,-400
exec27_edge_x-400,32,13034,6,0,0,0,0,0,0,3.24854646587,-400
exec27_edge_x-400,11,14314,6,0,16,2,0,1,1,2.90011441325,-400
exec27_edge_x-400,29,10228,0,0,4,0,0,1,0,2.18350729539,-400
exec27_edge_x-400,20,15109,1,0,15,2,0,1,1,3.4235759114,-400
exec27_edge_x-400,8,1173,1,0,9,4,0,1,1,4.60237839496,-400
exec27_edge_x-400,25,30955,7,0,0,0,0,1,1,1.48871621594,-400
exec27_edge_x-400,47,9354,3,0,9,0,0,1,1,1.7390560082,-400
exec27_edge_x-400,32,11895,5,0,8,0,0,1,0,3.90230398019,-400
exec27_edge_x-400,5,12575,5,0,16,3,0,1,1,2.58290744086,-400
exec27_edge_x-400,8,1135,6,0,12,4,0,1,1,1.83498498949,-400
exec27_edge_x-400,29,10169,7,0,4,0,0,1,0,3.13323075553,-400
exec27_edge_x-400,44,9126,3,0,5,0,0,1,0,7.8449037681,-400
exec27_edge_x-400,8,1123,2,0,6,2,0,1,1,5.82175354957,-400
exec27_edge_x-400,38,16349,5,0,30,5,0,1,1,6.3390906084,-400
exec27_edge_x-400,23,18277,1,0,4,0,0,1,0,8.80477028303,-400
exec27_edge_x-400,35,2293,2,0,0,0,0,1,0,3.08484125844,-400
exec27_edge_x-400,14,10041,1,0,6,2,0,1,1,2.90218516959,-400
exec27_edge_x-400,25,33757,6,0,23,4,0,1,1,4.08851777436,-400
exec27_edge_x-400,11,14203,5,0,17,5,0,1,1,3.45516000792,-400
exec27_edge_x-400,29,10109,7,0,25,8,0,1,1,2.77649503022,-400
exec27_edge_x-400,41,10253,4,0,1,0,0,1,0,3.62726466254,-400
exec27_edge_x-400,17,8391,7,0,2,0,0,1,0,3.27216346705,-400
exec27_edge_x-400,2,16182,11,1,8,0,0,1,0,6.08209798329,-400
exec27_edge_x-400,47,9250,7,0,1,0,0,1,0,3.560087902,-400
exec27_edge_x-400,41,10235,6,0,5,1,0,1,1,4.10958360012,-400
exec27_edge_x-400,5,12481,5,0,7,0,0,1,1,5.28672303667,-400
exec27_edge_x-400,44,9055,2,0,10,3,0,1,1,5.44919270414,-400
exec27_edge_x-400,2,16162,0,0,5,0,0,1,0,2.58009717467,-400
exec27_edge_x-400,23,18237,3,0,4,0,0,1,1,3.50178735613,-400
exec27_edge_x-400,25,33727,0,0,11,0,0,1,0,2.36611302509,-400
exec27_edge_x-400,8,1040,7,0,11,0,0,1,0,4.34311226033,-400
exec27_edge_x-400,41,10169,2,0,1,0,0,1,0,1.23215909632,-400
exec27_edge_x-400,23,18220,0,0,5,0,0,1,0,4.97883780579,-400
exec27_edge_x-400,17,8336,4,0,2,0,0,1,0,2.13542361265,-400
exec27_edge_x-400,11,14151,2,0,10,0,0,1,0,3.62937073109,-400
exec27_edge_x-400,29,10050,6,0,12,2,0,1,1,6.63814262244,-400
exec27_edge_x-400,23,18200,6,0,5,0,0,1,1,3.56975787482,-400
exec27_edge_x-400,35,2210,7,0,3,0,0,1,1,2.83926753795,-400
exec27_edge_x-400,20,14919,2,0,12,0,0,1,0,3.60726974385,-400
exec27_edge_x-400,29,10033,5,0,6,0,0,1,0,2.45984997362,-400
exec27_edge_x-400,23,18190,4,0,4,0,0,1,0,2.51017879143,-400
exec27_edge_x-400,35,2784,6,0,10,0,0,1,0,5.99722477375,-400
exec27_edge_x-400,2,16091,0,0,8,3,0,1,1,2.32906103237,-400
exec27_edge_x-400,38,16211,3,0,15,0,0,1,1,1.53161451252,-400
exec27_edge_x-400,11,14131,6,0,6,0,0,1,1,2.6126980675,-400
exec27_edge_x-400,29,10023,7,0,0,0,0,1,0,1.61816110997,-400
exec27_edge_x-400,38,16197,6,0,6,0,0,1,1,2.20735306375,-400
exec27_edge_x-400,11,14115,4,0,10,2,0,1,1,2.37416267868,-400
exec27_edge_x-400,20,14888,4,0,7,0,0,1,0,1.84292958976,-400
exec27_edge_x-400,35,2163,5,0,1,0,0,1,0,1.91199051251,-400
exec27_edge_x-400,14,9922,1,0,11,3,0,1,1,2.6905293044,-400
exec27_edge_x-400,44,8966,2,0,9,2,0,1,1,4.59331680243,-400
exec27_edge_x-400,32,11705,4,0,6,0,0,1,0,2.37449272908,-400
exec27_edge_x-400,35,2153,2,0,14,0,0,1,0,2.99378138976,-400
exec27_edge_x-400,14,9912,4,0,14,0,0,1,1,3.40905067863,-400
exec27_edge_x-400,38,16169,1,0,0,0,0,1,0,2.53790070072,-400
exec27_edge_x-400,25,33618,2,0,9,1,0,1,1,1.97998770199,-400
exec27_edge_x-400,17,8245,1,0,5,0,0,1,0,2.5064413789,-400
exec27_edge_x-400,23,18127,7,0,0,2,0,1,1,2.58490828467,-400
exec27_edge_x-400,38,16146,2,0,21,3,0,1,1,2.2031067127,-400
exec27_edge_x-400,14,9892,4,0,6,0,0,1,0,4.13917934609,-400
exec27_edge_x-400,29,9955,6,0,7,2,0,1,1,1.43767364971,-400
exec27_edge_x-400,35,2128,7,0,13,0,0,1,1,2.72949760329,-400
exec27_edge_x-400,17,8221,6,0,6,0,0,1,0,5.17095084694,-400
exec27_edge_x-400,11,14047,3,0,0,0,0,1,0,3.28727182358,-400
exec27_edge_x-400,11,14045,4,0,29,5,0,1,1,5.6343952499,-400
exec27_edge_x-400,2,15999,0,0,1,0,0,1,0,2.42596393542,-400
exec27_edge_x-400,23,18653,6,0,14,0,0,1,0,3.71051500867,-400
exec27_edge_x-400,20,14820,7,0,12,0,0,1,0,1.83751637813,-400
exec27_edge_x-400,32,11644,1,0,6,0,0,1,0,4.93905543443,-400
exec27_edge_x-400,25,33578,6,0,1,0,0,1,0,3.30084200617,-400
exec27_edge_x-400,23,18088,1,0,11,4,0,1,1,4.61650438582,-400
exec27_edge_x-400,23,18084,1,0,16,4,0,1,1,3.74004428002,-400
exec27_edge_x-400,23,18081,0,0,19,0,0,1,0,12.5178302168,-400
exec27_edge_x-400,23,18079,0,0,4,2,0,1,1,6.29651790138,-400
exec27_edge_x-400,29,13289,2,0,22,3,0,1,1,2.20179084002,-400
exec27_edge_x-400,17,8168,7,0,29,5,0,1,1,2.03808816108,-400
exec27_edge_x-400,17,8160,1,0,2,0,0,1,0,4.84210504022,-400
exec27_edge_x-400,47,9059,2,0,6,0,0,1,0,2.32092347972,-400
exec27_edge_x-400,41,13480,2,0,35,7,0,1,1,2.17010601184,-400
exec27_edge_x-400,8,865,7,0,5,0,0,1,0,5.71624194411,-400
exec27_edge_x-400,32,11604,4,0,7,0,0,1,0,2.2727799383,-400
exec27_edge_x-400,41,13474,7,0,9,0,0,1,1,3.90240106902,-400
exec27_edge_x-400,47,9049,2,0,7,0,0,1,0,4.43617595335,-400
exec27_edge_x-400,20,14767,7,0,3,0,0,1,0,1.48141445884,-400
exec27_edge_x-400,20,14761,0,0,2,0,0,1,1,1.51750794138,-400
exec27_edge_x-400,5,15343,0,0,8,0,0,1,0,2.25650940306,-400
exec27_edge_x-400,41,13461,1,0,12,0,0,1,0,5.58006040433,-400
exec27_edge_x-400,11,13975,1,0,13,1,0,1,1,2.18200939916,-400
exec27_edge_x-400,41,13458,4,0,11,0,0,1,0,3.39671636013,-400
exec27_edge_x-400,20,14756,7,0,14,5,0,1,1,7.56412173403,-400
exec27_edge_x-400,14,9798,1,0,8,0,0,1,0,2.73008698328,-400
exec27_edge_x-400,41,13456,3,0,24,3,0,1,1,2.1700487126,-400
exec27_edge_x-400,35,2058,4,0,30,15,0,1,1,3.01892221771,-400
exec27_edge_x-400,38,16050,3,0,2,0,0,1,0,10.0685065148,-400
exec27_edge_x-400,11,13969,3,0,18,7,0,1,1,2.20659131157,-400
exec27_edge_x-400,32,11556,7,0,6,0,0,1,0,3.83780603125,-400
exec27_edge_x-400,47,9024,1,0,19,6,0,1,1,3.41557503698,-400
exec27_edge_x-400,23,18016,0,0,2,0,0,1,0,3.46018804733,-400
exec27_edge_x-400,14,9767,3,0,5,0,0,1,0,4.29984054892,-400
exec27_edge_x-400,20,14730,4,0,12,4,0,1,1,2.22319580244,-400
exec27_edge_x-400,32,11537,2,0,6,0,0,1,1,3.47629146475,-400
exec27_edge_x-400,47,9007,5,0,2,0,0,1,0,5.84849456393,-400
exec27_edge_x-400,41,13427,9,1,29,2,0,1,1,6.98950873815,-400
exec27_edge_x-400,35,2020,2,0,6,0,0,1,0,5.33446625158,-400
exec27_edge_x-400,23,17992,5,0,4,0,0,1,0,3.22857198015,-400
exec27_edge_x-400,25,33456,1,0,8,4,0,1,1,3.16492763743,-400
exec27_edge_x-400,8,795,7,0,10,1,0,1,1,4.28572410314,-400
exec27_edge_x-400,29,13203,1,0,17,0,0,1,0,3.09002022705,-400
exec27_edge_x-400,29,13196,11,1,28,0,0,1,1,7.61374381975,-400
exec27_edge_x-400,29,13296,11,1,0,0,0,0,0,11.6682182812,-400
exec27_edge_x-400,29,13189,2,0,14,0,0,1,0,2.06493982757,-400
exec27_edge_x-400,14,9704,6,0,8,0,0,1,0,3.69165737132,-400
exec27_edge_x-400,32,11486,7,0,11,0,0,1,1,5.64374661595,-400
exec27_edge_x-400,25,33421,5,0,17,0,0,1,0,2.06320471653,-400
exec27_edge_x-400,11,15401,1,0,13,0,0,1,0,6.53556514318,-400
exec27_edge_x-400,8,761,6,0,16,0,0,1,1,3.09563867053,-400
exec27_edge_x-400,44,8735,7,0,2,0,0,1,0,5.27329662333,-400
exec27_edge_x-400,47,8950,4,0,4,2,0,1,1,1.94434278174,-400
exec27_edge_x-400,11,13848,4,0,9,1,0,1,1,3.40053315614,-400
exec27_edge_x-400,41,13355,4,0,9,0,0,1,0,3.28335234877,-400
exec27_edge_x-400,47,8934,3,0,12,3,0,1,1,4.34885157855,-400
exec27_edge_x-400,44,8714,1,0,11,0,0,1,0,2.17616131152,-400
exec27_edge_x-400,11,13809,1,0,16,0,0,1,0,4.87678255056,-400
exec27_edge_x-400,14,9656,2,0,11,6,0,1,1,3.17653341629,-400
exec27_edge_x-400,20,14619,0,0,13,0,0,1,1,3.39977405679,-400
exec27_edge_x-400,11,13795,6,0,8,0,0,1,0,2.0505421513,-400
exec27_edge_x-400,23,17892,0,0,18,0,0,1,1,3.81717151972,-400
exec27_edge_x-400,25,33361,7,0,22,7,0,1,1,3.47808155526,-400
exec27_edge_x-400,23,17888,4,0,19,8,0,1,1,4.93867997419,-400
exec27_edge_x-400,32,11405,2,0,8,0,0,1,0,4.96281399142,-400
exec27_edge_x-400,17,7966,7,0,14,2,0,1,1,5.23968515546,-400
exec27_edge_x-400,11,13779,4,0,8,4,0,1,1,3.82538174464,-400
exec27_edge_x-400,23,17882,2,0,8,0,0,1,0,3.10871426367,-400
exec27_edge_x-400,35,1892,0,0,0,0,0,1,0,4.96689454157,-400
exec27_edge_x-400,47,8881,7,0,8,1,0,1,1,3.59116528791,-400
exec27_edge_x-400,35,1891,3,0,33,2,0,1,1,2.42193107811,-400
exec27_edge_x-400,35,1885,1,0,8,0,0,1,0,2.30930641478,-400
exec27_edge_x-400,14,9622,7,0,17,1,0,1,1,7.31118398096,-400
exec27_edge_x-400,11,13765,7,0,0,0,0,0,0,10.7537540105,-400
exec27_edge_x-400,20,14580,0,0,11,0,0,1,0,10.8864777983,-400
exec27_edge_x-400,11,13757,7,0,6,8,0,1,1,2.60299882569,-400
exec27_edge_x-400,47,8850,3,0,11,2,0,1,1,4.69945924621,-400
exec27_edge_x-400,32,11368,0,0,14,0,0,1,1,2.57777284814,-400
exec27_edge_x-400,29,13087,3,0,13,2,0,1,1,4.52508980214,-400
exec27_edge_x-400,25,33320,6,0,12,0,0,1,1,3.27077341015,-400
exec27_edge_x-400,23,17847,7,0,18,6,0,1,1,4.28668798075,-400
exec27_edge_x-400,47,8835,7,0,0,0,0,1,0,3.64382037689,-400
exec27_edge_x-400,23,17834,4,0,11,6,0,1,1,6.89702374827,-400
exec27_edge_x-400,14,9584,1,0,13,3,0,1,1,2.89227145232,-400
exec27_edge_x-400,41,13248,5,0,9,0,0,1,0,2.93764278892,-400
exec27_edge_x-400,23,17824,5,0,13,0,0,1,0,5.46562929244,-400
exec27_edge_x-400,23,17822,6,0,3,0,0,1,0,2.21996056991,-400
exec27_edge_x-400,2,15733,6,0,14,0,0,1,0,6.65143859546,-400
exec27_edge_x-400,23,17820,0,0,20,0,0,1,0,6.28358994218,-400
exec27_edge_x-400,47,8811,4,0,28,13,0,1,1,6.24817415178,-400
exec27_edge_x-400,25,33301,11,1,0,0,0,1,0,6.799996879,-400
exec27_edge_x-400,8,631,0,0,10,3,0,1,1,2.31287846768,-400
exec27_edge_x-400,2,15723,0,0,8,0,0,1,0,4.07134330839,-400
exec27_edge_x-400,47,8805,3,0,4,0,0,1,0,2.56490027456,-400
exec27_edge_x-400,32,11329,5,0,5,2,0,1,1,6.47551190723,-400
exec27_edge_x-400,38,17462,3,0,15,2,0,1,1,3.92095711453,-400
exec27_edge_x-400,38,17453,5,0,7,0,0,1,0,4.91735207033,-400
exec27_edge_x-400,23,17804,5,0,11,0,0,1,1,2.36408112211,-400
exec27_edge_x-400,14,9554,2,0,10,0,0,1,0,4.36025561085,-400
exec27_edge_x-400,32,11299,0,0,9,0,0,1,0,2.31420347217,-400
exec27_edge_x-400,23,17793,3,0,15,1,0,1,1,3.74261165124,-400
exec27_edge_x-400,41,13196,0,0,0,0,0,1,0,2.86925704019,-400
exec27_edge_x-400,11,13650,0,0,10,1,0,1,1,2.71306876151,-400
exec27_edge_x-400,14,9524,0,0,6,0,0,1,0,3.26243307505,-400
exec27_edge_x-400,25,33252,0,0,11,4,0,1,1,4.60871260709,-400
exec27_edge_x-400,8,586,5,0,17,0,0,1,0,2.39251772495,-400
exec27_edge_x-400,44,8551,6,0,10,0,0,1,0,3.97357736369,-400
exec27_edge_x-400,11,13639,0,0,17,4,0,1,1,3.09579437627,-400
exec27_edge_x-400,17,7833,7,0,12,2,0,1,1,4.88546223177,-400
exec27_edge_x-400,38,17393,1,0,17,0,0,1,1,3.44430624559,-400
exec27_edge_x-400,8,574,5,0,4,0,0,1,0,3.78303716708,-400
exec27_edge_x-400,5,15062,0,0,4,0,0,1,0,3.01922367564,-400
exec27_edge_x-400,35,1736,7,0,7,0,0,1,0,4.36250285125,-400
exec27_edge_x-400,32,11243,1,0,6,0,0,1,0,5.63755655119,-400
exec27_edge_x-400,29,12963,5,0,27,16,0,1,1,7.36852123986,-400
exec27_edge_x-400,14,9498,5,0,17,4,0,1,1,3.96829250005,-400
exec27_edge_x-400,35,1720,1,0,9,0,0,1,0,9.21421514911,-400
exec27_edge_x-400,17,7792,7,0,3,0,0,1,0,1.82710658091,-400
exec27_edge_x-400,8,550,3,0,10,4,0,1,1,2.47484209042,-400
exec27_edge_x-400,20,14437,1,0,4,1,0,1,1,6.6663962831,-400
exec27_edge_x-400,8,549,0,0,17,7,0,1,1,4.81438878146,-400
exec27_edge_x-400,25,33189,10,1,20,9,1,1,1,6.70377241605,-400
exec27_edge_x-400,2,17564,1,0,11,0,0,1,0,5.77103482326,-400
exec27_edge_x-400,25,33184,4,0,22,8,0,1,1,3.28848371984,-400
exec27_edge_x-400,2,17557,2,0,11,1,0,1,1,2.14732790767,-400
exec27_edge_x-400,5,14997,4,0,17,1,0,1,1,2.57925453366,-400
exec27_edge_x-400,32,11182,4,0,5,3,0,1,1,4.864126706,-400
exec27_edge_x-400,29,12905,7,0,11,1,0,1,1,8.10307958881,-400
exec27_edge_x-400,35,1683,4,0,4,1,0,1,1,2.64938703821,-400
exec27_edge_x-400,20,14398,5,0,2,0,0,1,0,2.95215322452,-400
exec27_edge_x-400,14,9453,4,0,8,0,0,1,0,5.91722188519,-400
exec27_edge_x-400,25,33163,4,0,3,0,0,1,0,3.65211378017,-400
exec27_edge_x-400,35,1675,0,0,11,0,0,1,0,5.06805601654,-400
exec27_edge_x-400,20,14384,0,0,5,0,0,1,0,1.6135358469,-400
exec27_edge_x-400,23,17675,0,0,5,1,0,1,1,2.78377675744,-400
exec27_edge_x-400,14,9432,4,0,0,0,0,1,0,1.52281806699,-400
exec27_edge_x-400,29,12874,7,0,3,0,0,1,0,3.30387345075,-400
exec27_edge_x-400,11,13483,6,0,9,0,0,1,0,1.32754416654,-400
exec27_edge_x-400,8,475,7,0,4,0,0,1,0,3.85674117014,-400
exec27_edge_x-400,14,9412,6,0,2,0,0,1,0,2.50158943939,-400
exec27_edge_x-400,17,7713,3,0,3,0,0,1,0,5.16086395062,-400
exec27_edge_x-400,35,1641,0,0,9,0,0,1,0,2.55019408404,-400
exec27_edge_x-400,14,9398,12,1,2,0,0,1,0,4.90841231468,-400
exec27_edge_x-400,25,33110,3,0,8,0,0,1,0,2.8462167291,-400
exec27_edge_x-400,20,14351,5,0,11,0,0,1,1,2.18990038152,-400
exec27_edge_x-400,5,14928,7,0,9,0,0,1,0,1.6636742108,-400
exec27_edge_x-400,8,440,5,0,14,4,0,1,1,3.26258216349,-400
exec27_edge_x-400,5,14923,3,0,2,0,0,1,0,4.50635077887,-400
exec27_edge_x-400,14,9378,0,0,12,1,0,1,1,2.38500071378,-400
exec27_edge_x-400,17,7689,0,0,3,0,0,1,0,4.65301475958,-400
exec27_edge_x-400,32,11109,1,0,7,0,0,1,0,3.21459906205,-400
exec27_edge_x-400,14,9362,6,0,17,6,0,1,1,6.00509781657,-400
exec27_edge_x-400,8,419,4,0,12,0,0,1,0,2.46354721711,-400
exec27_edge_x-400,29,12819,6,0,23,5,0,1,1,9.91737882362,-400
exec27_edge_x-400,23,17605,6,0,9,0,0,1,0,2.42097551825,-400
exec27_edge_x-400,29,12813,0,0,11,0,0,1,0,2.13909885207,-400
exec27_edge_x-400,14,9347,1,0,16,2,0,1,1,4.67818863384,-400
exec27_edge_x-400,41,13001,7,0,7,0,0,1,0,3.95233465305,-400
exec27_edge_x-400,8,395,6,0,0,0,0,1,0,1.84226660272,-400
exec27_edge_x-400,29,12781,4,0,19,0,0,1,1,3.68451790115,-400
exec27_edge_x-400,44,11457,1,0,7,0,0,1,0,3.27761244814,-400
exec27_edge_x-400,20,14286,5,0,16,2,0,1,1,3.27154330726,-400
exec27_edge_x-400,48,1396,4,0,2,0,0,1,0,1.7308270311,-400
exec27_edge_x-400,5,14864,4,0,10,3,0,1,1,15.4917490921,-400
exec27_edge_x-400,29,12760,5,0,5,0,0,1,0,1.58234229659,-400
exec27_edge_x-400,32,11046,4,0,10,7,0,1,1,3.02422484987,-400
exec27_edge_x-400,2,17380,6,0,4,0,0,1,0,6.87844611189,-400
exec27_edge_x-400,32,11019,1,0,5,0,0,1,1,4.10108258316,-400
exec27_edge_x-400,44,11416,12,1,9,0,0,1,0,7.86263565357,-400
exec27_edge_x-400,20,14251,2,0,5,0,0,1,1,3.5404118466,-400
exec27_edge_x-400,35,1529,5,0,17,2,0,1,1,2.09336260029,-400
exec27_edge_x-400,29,12737,2,0,6,2,0,1,1,1.89887423239,-400
exec27_edge_x-400,48,1351,6,0,10,0,0,1,1,3.62865052264,-400
exec27_edge_x-400,47,8499,2,0,6,0,0,1,0,3.4459957768,-400
exec27_edge_x-400,17,7598,1,0,5,0,0,1,0,2.94873917116,-400
exec27_edge_x-400,8,329,4,0,2,0,0,1,0,9.83401594042,-400
exec27_edge_x-400,41,12929,0,0,6,2,0,1,1,2.25492386462,-400
exec27_edge_x-400,47,8481,7,0,11,0,0,1,0,5.90808177196,-400
exec27_edge_x-400,5,14801,5,0,2,0,0,1,0,2.73434744294,-400
exec27_edge_x-400,17,7580,5,0,15,1,0,1,1,6.14692286721,-400
exec27_edge_x-400,32,10980,7,0,7,1,0,1,1,2.57214015347,-400
exec27_edge_x-400,25,32977,3,0,12,0,0,1,0,2.78595120651,-400
exec27_edge_x-400,5,14787,2,0,5,3,0,1,1,2.24370991566,-400
exec27_edge_x-400,44,11364,7,0,16,0,0,1,1,3.82119524758,-400
exec27_edge_x-400,8,296,4,0,21,2,0,1,1,6.88919164783,-400
exec27_edge_x-400,23,17471,2,0,6,0,0,1,0,5.02993502617,-400
exec27_edge_x-400,48,1302,6,0,4,0,0,1,0,2.43315809431,-400
exec27_edge_x-400,44,11359,4,0,8,0,0,1,0,2.10710800959,-400
exec27_edge_x-400,8,288,4,0,7,0,0,1,0,2.42631324165,-400
exec27_edge_x-400,23,17463,3,0,14,8,0,1,1,3.12705018156,-400
exec27_edge_x-400,48,1294,0,0,13,1,0,1,1,6.59274130739,-400
exec27_edge_x-400,48,1285,2,0,9,3,0,1,1,4.64368131673,-400
exec27_edge_x-400,32,10939,6,0,17,0,0,1,1,2.21667993863,-400
exec27_edge_x-400,8,274,4,0,3,0,0,1,0,2.23865272527,-400
exec27_edge_x-400,17,7534,7,0,2,0,0,1,0,3.57567371714,-400
exec27_edge_x-400,41,12876,4,0,0,0,0,1,0,5.82094986063,-400
exec27_edge_x-400,32,10932,4,0,25,6,0,1,1,5.23358522731,-400
exec27_edge_x-400,20,14165,3,0,8,0,0,1,1,2.32134770332,-400
exec27_edge_x-400,8,268,1,0,20,6,0,1,1,11.7552922415,-400
exec27_edge_x-400,29,12655,4,0,2,0,0,1,0,2.67675323701,-400
exec27_edge_x-400,44,11298,1,0,3,0,0,1,0,5.73966361767,-400
exec27_edge_x-400,17,7493,7,0,8,0,0,1,1,6.42218726934,-400
exec27_edge_x-400,48,1239,3,0,8,0,0,1,0,4.50162447785,-400
exec27_edge_x-400,44,11286,4,0,7,0,0,1,1,2.79377049574,-400
exec27_edge_x-400,32,10894,7,0,5,0,0,1,1,6.00957048505,-400
exec27_edge_x-400,29,12624,7,0,4,0,0,1,0,8.13239208526,-400
exec27_edge_x-400,32,10885,3,0,2,0,0,1,0,2.78980471795,-400
exec27_edge_x-400,14,9167,7,0,5,0,0,1,0,2.61344876607,-400
exec27_edge_x-400,2,17239,6,0,8,0,0,1,0,5.01862611609,-400
exec27_edge_x-400,2,17585,6,0,0,0,0,0,0,8.00165516278,-400
exec27_edge_x-400,5,14696,5,0,6,0,0,1,0,4.13038979372,-400
exec27_edge_x-400,23,17370,1,0,7,0,0,1,0,2.55212188302,-400
exec27_edge_x-400,20,14111,0,0,12,3,0,1,1,2.85754779112,-400
exec27_edge_x-400,14,9143,4,0,17,6,0,1,1,2.59474957961,-400
exec27_edge_x-400,2,17222,6,0,6,2,0,1,1,1.37924474604,-400
exec27_edge_x-400,29,12602,0,0,21,2,0,1,1,4.11076416154,-400
exec27_edge_x-400,8,202,10,1,28,10,0,1,1,5.99166430141,-400
exec27_edge_x-400,48,1189,4,0,6,3,0,1,1,4.27882153596,-400
exec27_edge_x-400,14,9128,6,0,3,0,0,1,0,1.25416915947,-400
exec27_edge_x-400,23,17343,2,0,6,0,0,1,0,5.3771137998,-400
exec27_edge_x-400,2,19186,0,0,11,4,0,1,1,5.05491152566,-400
exec27_edge_x-400,48,1162,7,0,4,2,0,1,1,1.65727599137,-400
exec27_edge_x-400,48,1161,5,0,14,8,0,1,1,4.35969888682,-400
exec27_edge_x-400,5,14649,1,0,6,1,0,1,1,4.64183593893,-400
exec27_edge_x-400,32,10817,2,0,0,4,0,1,1,4.57439140638,-400
exec27_edge_x-400,32,13043,2,0,0,0,0,0,0,7.78534272075,-400
exec27_edge_x-400,20,14051,1,0,13,0,0,1,0,1.77948436207,-400
exec27_edge_x-400,25,32833,2,0,13,6,0,1,1,2.57148698359,-400
exec27_edge_x-400,11,16670,4,0,14,10,0,1,1,3.45017964637,-400
exec27_edge_x-400,20,14044,5,0,16,0,0,1,0,4.70889714307,-400
exec27_edge_x-400,2,19134,3,0,9,1,0,1,1,1.96601880285,-400
exec27_edge_x-400,25,32807,4,0,17,7,0,1,1,4.13285274738,-400
exec27_edge_x-400,2,19119,6,0,4,4,0,1,1,3.00400410336,-400
exec27_edge_x-400,35,4005,10,1,30,10,0,1,1,6.54353557785,-400
exec27_edge_x-400,44,11190,2,0,11,12,0,1,1,3.96252331233,-400
exec27_edge_x-400,11,16644,5,0,8,0,0,1,0,2.22111641619,-400
exec27_edge_x-400,25,32796,6,0,4,0,0,1,0,2.14131258197,-400
exec27_edge_x-400,11,16641,5,0,5,0,0,1,0,2.72891983592,-400
exec27_edge_x-400,5,14605,0,0,1,0,0,1,0,2.11601237825,-400
exec27_edge_x-400,29,12492,7,0,0,0,0,1,0,3.98920822397,-400
exec27_edge_x-400,29,13299,7,0,0,0,0,0,0,5.09194332538,-400
exec27_edge_x-400,20,13997,0,0,4,0,0,1,0,1.30052426405,-400
exec27_edge_x-400,47,8235,7,0,4,0,0,1,0,5.22182932246,-400
exec27_edge_x-400,47,8233,1,0,24,3,0,1,1,8.49638555886,-400
exec27_edge_x-400,32,10748,2,0,10,1,0,1,1,4.94507303273,-400
exec27_edge_x-400,8,60,1,0,6,0,0,1,0,1.30332407931,-400
exec27_edge_x-400,20,13936,4,0,21,0,0,1,0,1.55671106367,-400
exec27_edge_x-400,17,7319,2,0,8,5,0,1,1,4.99951881008,-400
exec27_edge_x-400,25,32732,5,0,0,0,0,1,0,5.97455000809,-400
exec27_edge_x-400,25,32730,2,0,6,0,0,1,0,4.12897213882,-400
exec27_edge_x-400,29,12452,6,0,0,0,0,1,0,4.02731362686,-400
exec27_edge_x-400,29,12449,0,0,2,0,0,1,0,1.88833524067,-400
exec27_edge_x-400,5,14538,4,0,4,0,0,1,0,3.07165644665,-400
exec27_edge_x-400,5,15385,2,0,0,0,0,1,0,4.9640911738,-400
exec27_edge_x-400,25,32726,7,0,4,0,0,1,0,2.29890733265,-400
exec27_edge_x-400,25,32722,1,0,8,3,0,1,1,4.0205569734,-400
exec27_edge_x-400,20,13917,1,0,17,2,0,1,1,1.57170651207,-400
exec27_edge_x-400,48,1070,3,0,6,0,0,1,0,4.39634000932,-400
exec27_edge_x-400,25,32717,3,0,1,0,0,1,1,4.98108634488,-400
exec27_edge_x-400,35,3914,2,0,16,2,0,1,1,4.43576179372,-400
exec27_edge_x-400,5,14520,4,0,12,0,0,1,0,3.58042249103,-400
exec27_edge_x-400,25,32706,0,0,15,5,0,1,1,4.5307343759,-400
exec27_edge_x-400,5,14512,2,0,19,4,0,1,1,3.90687647982,-400
exec27_edge_x-400,8,4069,2,0,17,4,0,1,1,1.6043024767,-400
exec27_edge_x-400,48,1044,3,0,4,0,0,1,0,2.3201827268,-400
exec27_edge_x-400,23,17182,0,0,5,2,0,1,1,2.17023935111,-400
exec27_edge_x-400,2,19005,3,0,11,0,0,1,0,3.95070248127,-400
exec27_edge_x-400,35,3879,1,0,7,0,0,1,0,3.80820480574,-400
exec27_edge_x-400,8,4039,7,0,0,0,0,1,0,2.44440760563,-400
exec27_edge_x-400,29,12391,3,0,19,0,0,1,1,2.15039783862,-400
exec27_edge_x-400,23,17159,0,0,17,2,0,1,1,6.61739216605,-400
exec27_edge_x-400,44,11048,1,0,7,0,0,1,0,5.23134724516,-400
exec27_edge_x-400,48,1009,0,0,3,0,0,1,0,2.91064063257,-400
exec27_edge_x-400,29,12374,2,0,11,0,0,1,0,2.86584467663,-400
exec27_edge_x-400,2,18965,3,0,10,1,0,1,1,2.61089323054,-400
exec27_edge_x-400,8,4014,7,0,0,0,0,1,0,3.01482187132,-400
exec27_edge_x-400,20,17211,6,0,5,0,0,1,0,2.43869498605,-400
exec27_edge_x-400,2,18949,7,0,9,2,0,1,1,2.12096394799,-400
exec27_edge_x-400,44,11019,6,0,18,11,0,1,1,2.20808722098,-400
exec27_edge_x-400,29,12351,5,0,6,1,0,1,1,4.52912773233,-400
exec27_edge_x-400,48,978,2,0,15,2,0,1,1,3.05866198093,-400
exec27_edge_x-400,41,12538,0,0,7,0,0,1,0,1.61100112038,-400
exec27_edge_x-400,5,14439,7,0,6,0,0,1,0,1.70758968549,-400
exec27_edge_x-400,48,960,4,0,9,2,0,1,1,1.70036997119,-400
exec27_edge_x-400,29,12339,10,1,53,5,0,1,1,6.1897492108,-400
exec27_edge_x-400,35,3812,6,0,9,0,0,1,0,3.15778111758,-400
exec27_edge_x-400,47,8067,6,0,9,2,0,1,1,9.17789391865,-400
exec27_edge_x-400,35,3809,1,0,22,2,0,1,1,4.97375574206,-400
exec27_edge_x-400,8,3968,2,0,13,3,0,1,1,6.19501880838,-400
exec27_edge_x-400,17,7187,4,0,13,0,0,1,0,5.38529914534,-400
exec27_edge_x-400,41,12514,2,0,6,0,0,1,0,2.19161992926,-400
exec27_edge_x-400,2,18908,1,0,7,0,0,1,0,2.56656095451,-400
exec27_edge_x-400,25,32595,0,0,12,2,0,1,1,3.47660139917,-400
exec27_edge_x-400,47,8060,3,0,12,8,0,1,1,3.32136566299,-400
exec27_edge_x-400,32,14466,5,0,0,0,0,0,0,7.64838901158,-400
exec27_edge_x-400,23,17093,0,0,8,0,0,1,0,3.36254359677,-400
exec27_edge_x-400,2,18894,0,0,5,0,0,1,0,2.04691646681,-400
exec27_edge_x-400,2,19194,0,0,0,0,0,0,0,3.68156722234,-400
exec27_edge_x-400,8,3953,0,0,2,0,0,1,0,6.71494990911,-400
exec27_edge_x-400,25,32584,0,0,33,14,0,1,1,6.21665585131,-400
exec27_edge_x-400,47,8041,3,0,4,0,0,1,0,2.42875589377,-400
exec27_edge_x-400,11,16423,7,0,22,8,0,1,1,3.15092214441,-400
exec27_edge_x-400,47,8031,4,0,14,3,0,1,1,3.12756051157,-400
exec27_edge_x-400,25,32579,5,0,5,0,0,1,1,7.32083800737,-400
exec27_edge_x-400,8,3924,6,0,7,0,0,1,0,1.65163840365,-400
exec27_edge_x-400,23,17055,2,0,12,0,0,1,0,3.72872260229,-400
exec27_edge_x-400,8,3909,5,0,6,0,0,1,0,2.4889344571,-400
exec27_edge_x-400,20,17113,3,0,6,2,0,1,1,4.63075826557,-400
exec27_edge_x-400,5,14329,0,0,7,0,0,1,0,1.77868789217,-400
exec27_edge_x-400,8,3888,4,0,12,0,0,1,0,2.14940755195,-400
exec27_edge_x-400,11,16378,4,0,3,0,0,1,0,4.57233195679,-400
exec27_edge_x-400,11,16371,5,0,13,0,0,1,1,3.57436703726,-400
exec27_edge_x-400,48,861,2,0,9,0,0,1,1,5.58769888911,-400
exec27_edge_x-400,17,7111,6,0,0,0,0,1,0,3.42730740086,-400
exec27_edge_x-400,44,10897,1,0,30,10,0,1,1,3.86441749485,-400
exec27_edge_x-400,14,12374,1,0,3,0,0,1,0,4.68658927967,-400
exec27_edge_x-400,23,17001,1,0,2,0,0,1,0,3.25164201674,-400
exec27_edge_x-400,29,12223,2,0,7,0,0,1,1,4.27383125822,-400
exec27_edge_x-400,11,16346,5,0,3,0,0,1,0,2.24583739363,-400
exec27_edge_x-400,14,12369,6,0,21,4,0,1,1,6.74305940293,-400
exec27_edge_x-400,14,12367,7,0,4,0,0,1,1,2.37024659156,-400
exec27_edge_x-400,2,18784,3,0,12,1,0,1,1,4.60857907326,-400
exec27_edge_x-400,29,12210,5,0,11,0,0,1,0,3.04017004645,-400
exec27_edge_x-400,41,12424,6,0,9,0,0,1,0,5.96448203801,-400
exec27_edge_x-400,41,12423,2,0,14,2,0,1,1,2.46536353672,-400
exec27_edge_x-400,41,12421,4,0,10,0,0,1,0,2.29761772622,-400
exec27_edge_x-400,44,10867,0,0,7,0,0,1,0,2.73816549778,-400
exec27_edge_x-400,25,32470,4,0,18,12,0,1,1,1.69318438499,-400
exec27_edge_x-400,48,811,0,0,20,0,0,1,1,4.24200636363,-400
exec27_edge_x-400,29,12191,8,1,5,0,0,1,0,6.03559786367,-400
exec27_edge_x-400,35,3686,0,0,17,0,0,1,0,2.06672305399,-400
exec27_edge_x-400,35,3680,6,0,6,0,0,1,1,3.3894692572,-400
exec27_edge_x-400,2,18754,7,0,9,0,0,1,0,2.98958429631,-400
exec27_edge_x-400,41,12405,0,0,22,3,0,1,1,3.35846421165,-400
exec27_edge_x-400,44,10838,5,0,3,0,0,1,1,4.86510040274,-400
exec27_edge_x-400,41,12397,7,0,11,0,0,1,0,3.00118641367,-400
exec27_edge_x-400,29,12177,3,0,24,5,0,1,1,6.48426880869,-400
exec27_edge_x-400,14,12326,7,0,13,0,0,1,1,4.30583650266,-400
exec27_edge_x-400,17,7032,7,0,13,2,0,1,1,3.91867629033,-400
exec27_edge_x-400,41,12377,6,0,4,0,0,1,0,1.97730793465,-400
exec27_edge_x-400,47,7906,2,0,5,0,0,1,1,5.13489801915,-400
exec27_edge_x-400,47,7903,1,0,4,0,0,1,0,3.73714969113,-400
exec27_edge_x-400,17,7024,1,0,9,0,0,1,0,1.89004448855,-400
exec27_edge_x-400,20,16989,0,0,14,1,0,1,1,3.43603430836,-400
exec27_edge_x-400,32,14298,4,0,19,8,0,1,1,1.88252038626,-400
exec27_edge_x-400,48,753,5,0,9,0,0,1,0,1.86415907104,-400
exec27_edge_x-400,35,3610,1,0,5,0,0,1,0,2.38539928227,-400
exec27_edge_x-400,23,16899,3,0,9,4,0,1,1,3.97803061741,-400
exec27_edge_x-400,14,12279,2,0,10,1,0,1,1,6.61213717363,-400
exec27_edge_x-400,35,3604,13,1,7,0,0,1,0,4.67086611467,-400
exec27_edge_x-400,35,3599,0,0,10,1,0,1,1,6.456106805,-400
exec27_edge_x-400,2,18677,7,0,7,0,0,1,0,2.49359805344,-400
exec27_edge_x-400,11,16250,4,0,1,0,0,1,0,3.45184128082,-400
exec27_edge_x-400,23,16888,3,0,20,9,0,1,1,4.98845724598,-400
exec27_edge_x-400,41,12325,0,0,8,0,0,1,0,4.82884528395,-400
exec27_edge_x-400,2,18668,11,1,21,3,0,1,1,4.56997125025,-400
exec27_edge_x-400,35,3591,1,0,3,0,0,1,0,4.61400322963,-400
exec27_edge_x-400,25,33884,7,0,10,0,0,1,0,3.160557804,-400
exec27_edge_x-400,11,16240,2,0,0,0,0,0,0,3.23321677785,-400
exec27_edge_x-400,48,712,4,0,6,0,0,1,0,2.1286111011,-400
exec27_edge_x-400,44,10757,6,0,9,0,0,1,1,3.43320318257,-400
exec27_edge_x-400,14,12254,4,0,12,0,0,1,1,5.11058124675,-400
exec27_edge_x-400,41,12317,11,1,16,1,0,1,1,7.24488381926,-400
exec27_edge_x-400,32,14251,0,0,11,0,0,1,1,5.92243975166,-400
exec27_edge_x-400,29,12094,5,0,5,0,0,1,0,8.17969009161,-400
exec27_edge_x-400,35,3579,12,1,9,0,0,1,1,8.07765236962,-400
exec27_edge_x-400,29,12083,0,0,2,0,0,1,0,4.39749203563,-400
exec27_edge_x-400,2,18649,4,0,19,3,0,1,1,2.40231724952,-400
exec27_edge_x-400,11,16206,0,0,18,5,0,1,1,4.33768227414,-400
exec27_edge_x-400,25,33851,1,0,8,0,0,1,0,2.52928847446,-400
exec27_edge_x-400,8,3710,2,0,16,0,0,1,1,2.54829803962,-400
exec27_edge_x-400,8,3705,4,0,2,0,0,1,1,3.05564512334,-400
exec27_edge_x-400,48,671,3,0,7,0,0,1,0,3.15875265759,-400
exec27_edge_x-400,47,7801,3,0,9,0,0,1,0,5.10493840113,-400
exec27_edge_x-400,26,1274,6,0,16,5,0,1,1,3.80476555588,-400
exec27_edge_x-400,32,14186,3,0,8,0,0,1,0,5.5950251014,-400
exec27_edge_x-400,26,1265,4,0,10,3,0,1,1,3.0345242619,-400
exec27_edge_x-400,2,18590,0,0,6,0,0,1,0,4.91052331845,-400
exec27_edge_x-400,8,4090,12,1,20,7,0,1,1,10.5958410509,-400
exec27_edge_x-400,35,3515,2,0,5,0,0,1,0,2.60385032037,-400
exec27_edge_x-400,41,12216,5,0,14,0,0,1,0,7.07709774035,-400
exec27_edge_x-400,8,3670,4,0,5,0,0,1,0,4.03824831132,-400
exec27_edge_x-400,26,1250,7,0,16,0,0,1,1,3.15875292507,-400
exec27_edge_x-400,48,641,3,0,14,4,0,1,1,2.17422542911,-400
exec27_edge_x-400,26,1245,6,0,13,6,0,1,1,2.7607788568,-400
exec27_edge_x-400,14,12172,5,0,15,0,0,1,0,3.58521072413,-400
exec27_edge_x-400,29,11992,3,0,11,2,0,1,1,2.22650279705,-400
exec27_edge_x-400,29,11984,1,0,12,0,0,1,1,3.13816390602,-400
exec27_edge_x-400,35,3498,4,0,1,0,0,1,0,7.70833407789,-400
exec27_edge_x-400,2,18564,7,0,7,1,0,1,1,2.31598936512,-400
exec27_edge_x-400,14,12156,4,0,10,2,0,1,1,6.60924110562,-400
exec27_edge_x-400,2,18559,6,0,13,3,0,1,1,2.72798061291,-400
exec27_edge_x-400,32,14120,7,0,12,5,0,1,1,2.79403250821,-400
exec27_edge_x-400,5,14046,0,0,14,3,0,1,1,3.99295316846,-400
exec27_edge_x-400,11,16109,0,0,5,0,0,1,1,5.920209295,-400
exec27_edge_x-400,41,12167,0,0,11,0,0,1,0,2.09401952095,-400
exec27_edge_x-400,26,1199,5,0,8,3,0,1,1,3.02624981865,-400
exec27_edge_x-400,14,12135,2,0,15,0,0,1,1,3.62025892039,-400
exec27_edge_x-400,41,12161,1,0,12,0,0,1,0,9.89990827685,-400
exec27_edge_x-400,20,16814,7,0,15,6,0,1,1,3.36083106036,-400
exec27_edge_x-400,8,3627,1,0,17,3,0,1,1,8.1096382393,-400
exec27_edge_x-400,29,11924,2,0,9,0,0,1,0,2.42801550278,-400
exec27_edge_x-400,47,10941,5,0,7,2,1,1,1,1.63873244563,-400
exec27_edge_x-400,23,16731,8,1,22,2,0,1,1,4.70666280025,-400
exec27_edge_x-400,14,12105,5,0,17,0,0,1,1,4.53747322035,-400
exec27_edge_x-400,48,549,4,0,6,0,0,1,0,2.06129596592,-400
exec27_edge_x-400,47,10926,5,0,9,3,0,1,1,4.06152826534,-400
exec27_edge_x-400,8,3590,0,0,6,3,0,1,1,4.26329342419,-400
exec27_edge_x-400,48,536,0,0,25,3,0,1,1,7.75042342616,-400
exec27_edge_x-400,8,3574,8,1,15,0,0,1,0,5.31847691219,-400
exec27_edge_x-400,41,12101,0,0,6,0,0,1,0,1.49977401388,-400
exec27_edge_x-400,2,18469,0,0,17,1,0,1,1,2.45218243279,-400
exec27_edge_x-400,14,12062,5,0,10,3,0,1,1,3.24068419447,-400
exec27_edge_x-400,5,13965,3,0,15,0,0,1,1,3.69980214361,-400
exec27_edge_x-400,26,1109,6,0,5,0,0,1,0,5.64990097715,-400
exec27_edge_x-400,11,16014,0,0,4,0,0,1,0,3.48511604849,-400
exec27_edge_x-400,5,13951,7,0,4,0,0,1,0,2.03794836131,-400
exec27_edge_x-400,20,16731,2,0,7,0,0,1,0,2.67439938121,-400
exec27_edge_x-400,41,12055,2,0,3,0,0,1,0,2.22218144849,-400
exec27_edge_x-400,26,1091,3,0,4,0,0,1,0,3.22315312701,-400
exec27_edge_x-400,41,12050,2,0,12,4,0,1,1,6.66450554349,-400
exec27_edge_x-400,23,16646,3,0,5,0,0,1,0,1.56594328107,-400
exec27_edge_x-400,17,6733,5,0,15,2,0,1,1,3.60023380483,-400
exec27_edge_x-400,41,12035,3,0,6,0,0,1,0,6.49815783161,-400
exec27_edge_x-400,2,18436,1,0,4,1,0,1,1,2.36089585796,-400
exec27_edge_x-400,5,13909,5,0,11,0,0,1,0,2.34282991448,-400
exec27_edge_x-400,48,465,2,0,4,0,0,1,0,3.12702071492,-400
exec27_edge_x-400,44,10490,7,0,7,0,0,1,0,2.16885430751,-400
exec27_edge_x-400,44,10489,3,0,10,0,0,1,1,1.48246945028,-400
exec27_edge_x-400,35,3350,2,0,2,0,0,1,0,2.81570848351,-400
exec27_edge_x-400,35,3346,7,0,8,0,0,1,0,2.43020948401,-400
exec27_edge_x-400,29,11816,2,0,6,0,0,1,1,1.70459649371,-400
exec27_edge_x-400,41,11993,3,0,5,0,0,1,0,1.91961951033,-400
exec27_edge_x-400,29,11791,6,0,7,2,0,1,1,3.57810123865,-400
exec27_edge_x-400,47,10807,0,0,12,0,0,1,1,5.82968877629,-400
exec27_edge_x-400,35,3327,0,0,17,1,0,1,1,6.86915072466,-400
exec27_edge_x-400,29,11780,6,0,20,2,0,1,1,3.941471093,-400
exec27_edge_x-400,29,13301,6,0,0,0,0,0,0,8.59973407712,-400
exec27_edge_x-400,8,3441,4,0,16,3,0,1,1,3.46456503281,-400
exec27_edge_x-400,47,10795,1,0,0,0,0,1,0,8.14727874492,-400
exec27_edge_x-400,26,1018,0,0,11,4,0,1,1,3.35566068841,-400
exec27_edge_x-400,5,13837,1,0,2,0,0,1,0,1.32135948532,-400
exec27_edge_x-400,20,16619,3,0,13,6,0,1,1,2.41914964111,-400
exec27_edge_x-400,17,6647,4,0,4,0,0,1,1,2.26594079648,-400
exec27_edge_x-400,26,995,4,0,9,5,0,1,1,2.60489824135,-400
exec27_edge_x-400,2,18356,6,0,6,0,0,1,0,3.55971006052,-400
exec27_edge_x-400,23,16532,4,0,6,0,0,1,1,2.2640359315,-400
exec27_edge_x-400,41,11951,0,0,14,0,0,1,0,2.95229647392,-400
exec27_edge_x-400,17,6642,0,0,12,2,0,1,1,5.24424662307,-400
exec27_edge_x-400,23,16525,3,0,19,5,0,1,1,5.31911616279,-400
exec27_edge_x-400,5,16804,0,0,6,0,0,1,0,2.51058488785,-400
exec27_edge_x-400,44,10409,5,0,6,0,0,1,1,2.58962734326,-400
exec27_edge_x-400,17,6630,14,1,16,2,0,1,1,4.98419555399,-400
exec27_edge_x-400,8,3394,1,0,6,0,0,1,1,3.28148342462,-400
exec27_edge_x-400,5,16786,0,0,0,0,0,1,0,3.33011702007,-400
exec27_edge_x-400,48,357,2,0,0,0,0,1,0,2.24200449606,-400
exec27_edge_x-400,41,11907,0,0,0,0,0,1,0,3.33227658059,-400
exec27_edge_x-400,20,16562,6,0,13,1,0,1,1,2.45604638398,-400
exec27_edge_x-400,48,344,4,0,13,0,0,1,1,11.6164167827,-400
exec27_edge_x-400,26,937,9,1,4,0,0,1,0,8.7413611503,-400
exec27_edge_x-400,29,11694,1,0,0,0,0,1,0,1.62912540637,-400
exec27_edge_x-400,48,335,1,0,13,0,0,1,1,3.94288759915,-400
exec27_edge_x-400,41,11889,3,0,14,0,0,1,1,4.99856747271,-400
exec27_edge_x-400,32,13860,3,0,10,0,0,1,0,3.44646751445,-400
exec27_edge_x-400,32,14497,3,0,0,0,0,0,0,7.12865316159,-400
exec27_edge_x-400,2,18289,5,0,8,0,0,1,0,3.47587787838,-400
exec27_edge_x-400,48,319,3,0,11,0,0,1,0,2.95808258846,-400
exec27_edge_x-400,2,18284,1,0,3,2,0,1,1,2.81525695842,-400
exec27_edge_x-400,14,11857,5,0,8,0,0,1,0,2.88473749786,-400
exec27_edge_x-400,29,11677,2,0,0,0,0,1,0,8.74786969292,-400
exec27_edge_x-400,26,913,13,1,1,0,0,1,1,7.26530695027,-400
exec27_edge_x-400,48,306,3,0,2,0,0,1,0,1.53872366445,-400
exec27_edge_x-400,23,16462,0,0,10,3,0,1,1,5.3083911149,-400
exec27_edge_x-400,29,11668,0,0,2,0,0,1,0,3.12046076181,-400
exec27_edge_x-400,35,3197,7,0,3,0,0,1,1,3.41728297218,-400
exec27_edge_x-400,35,3195,7,0,8,2,0,1,1,2.80957668201,-400
exec27_edge_x-400,8,3340,3,0,1,0,0,1,0,3.28318359267,-400
exec27_edge_x-400,35,3183,3,0,2,0,0,1,0,2.68421053027,-400
exec27_edge_x-400,32,13824,0,0,7,0,0,1,0,8.24400664744,-400
exec27_edge_x-400,29,11645,3,0,16,2,0,1,1,1.80755723172,-400
exec27_edge_x-400,23,16431,6,0,0,0,0,1,0,3.55019610395,-400
exec27_edge_x-400,41,11847,3,0,2,0,0,1,0,3.30473743198,-400
exec27_edge_x-400,41,13614,3,0,0,0,0,0,0,5.41235729251,-400
exec27_edge_x-400,5,16710,4,0,16,3,0,1,1,5.37826394887,-400
exec27_edge_x-400,17,6527,2,0,7,0,0,1,0,1.89472474339,-400
exec27_edge_x-400,20,16475,4,0,7,0,0,1,0,3.71793645763,-400
exec27_edge_x-400,44,10312,1,0,0,0,0,1,0,3.24287673833,-400
exec27_edge_x-400,14,11800,1,0,15,1,0,1,1,9.26531612666,-400
exec27_edge_x-400,5,16691,0,0,8,0,0,1,0,2.5790005578,-400
exec27_edge_x-400,26,851,3,0,5,1,0,1,1,2.29730918187,-400
exec27_edge_x-400,35,3128,4,0,9,0,0,1,0,2.17412921251,-400
exec27_edge_x-400,47,10633,2,0,17,2,0,1,1,2.40783581611,-400
exec27_edge_x-400,29,11580,0,0,7,1,0,1,1,3.16445296318,-400
exec27_edge_x-400,11,15767,7,0,27,0,0,1,0,4.67692095426,-400
exec27_edge_x-400,32,13757,4,0,3,0,0,1,1,2.21385235581,-400
exec27_edge_x-400,47,10614,2,0,18,4,0,1,1,2.01036257951,-400
exec27_edge_x-400,47,10594,12,1,10,0,0,1,0,6.28372688218,-400
exec27_edge_x-400,48,182,5,0,7,0,0,1,0,1.71039199447,-400
exec27_edge_x-400,44,10245,6,0,5,1,0,1,1,4.79265704558,-400
exec27_edge_x-400,17,6454,15,1,18,5,0,1,1,9.34390393743,-400
exec27_edge_x-400,47,10581,2,0,5,3,0,1,1,2.9864834965,-400
exec27_edge_x-400,26,786,1,0,6,0,0,1,0,1.93279947901,-400
exec27_edge_x-400,5,16623,2,0,12,0,0,1,0,1.56336980294,-400
exec27_edge_x-400,44,10232,3,0,6,3,0,1,1,4.26371975121,-400
exec27_edge_x-400,26,781,14,1,34,0,0,1,0,6.49460803849,-400
exec27_edge_x-400,35,3059,2,0,18,1,0,1,1,1.64239580874,-400
exec27_edge_x-400,14,11709,7,0,13,0,0,1,1,3.31974084949,-400
exec27_edge_x-400,29,11512,6,0,7,0,0,1,0,5.83339986849,-400
exec27_edge_x-400,35,3055,0,0,0,0,0,1,0,1.62180015261,-400
exec27_edge_x-400,29,11510,2,0,2,0,0,1,1,1.33106837571,-400
exec27_edge_x-400,8,3214,2,0,5,0,0,1,0,3.06738522908,-400
exec27_edge_x-400,47,10548,0,0,9,1,0,1,1,4.17501402386,-400
exec27_edge_x-400,35,3048,3,0,8,0,0,1,1,3.69979515387,-400
exec27_edge_x-400,11,15690,5,0,12,3,0,1,1,3.35023545011,-400
exec27_edge_x-400,5,16602,6,0,16,1,0,1,1,3.13046117786,-400
exec27_edge_x-400,5,16595,7,0,0,0,0,1,1,2.98405363132,-400
exec27_edge_x-400,26,750,6,0,19,3,0,1,1,5.9244947236,-400
exec27_edge_x-400,23,16293,4,0,5,3,0,1,1,3.01280791432,-400
exec27_edge_x-400,44,10176,3,0,4,0,0,1,0,1.40924232697,-400
exec27_edge_x-400,5,16584,7,0,4,0,0,1,0,2.35110901338,-400
exec27_edge_x-400,5,16580,1,0,3,0,0,1,0,2.97069485124,-400
exec27_edge_x-400,35,3007,1,0,7,1,0,1,1,3.51162421618,-400
exec27_edge_x-400,47,10513,0,0,11,0,0,1,0,4.91272943341,-400
exec27_edge_x-400,47,10511,5,0,7,6,0,1,1,2.24535336621,-400
exec27_edge_x-400,8,3160,3,0,2,0,0,1,0,3.96930804618,-400
exec27_edge_x-400,11,15635,7,0,6,0,0,1,1,4.24875253039,-400
exec27_edge_x-400,2,18056,0,0,9,0,0,1,0,4.80990259347,-400
exec27_edge_x-400,29,14897,7,0,7,0,0,1,0,5.25663379428,-400
exec27_edge_x-400,26,694,1,0,12,0,0,1,0,4.03049309293,-400
exec27_edge_x-400,14,11627,1,0,10,0,0,1,1,1.84498874066,-400
exec27_edge_x-400,26,680,7,0,9,0,0,1,1,6.97353029751,-400
exec27_edge_x-400,32,13616,7,0,3,0,0,1,0,1.36228068509,-400
exec27_edge_x-400,26,675,2,0,9,0,0,1,1,2.71915154269,-400
exec27_edge_x-400,35,2975,5,0,6,0,0,1,0,4.22134550717,-400
exec27_edge_x-400,23,16235,7,0,18,7,0,1,1,5.98658890379,-400
exec27_edge_x-400,29,14906,3,0,7,1,0,1,1,7.61659070399,-400
exec27_edge_x-400,44,10101,4,0,6,1,0,1,1,2.0071024119,-400
exec27_edge_x-400,35,2954,7,0,4,2,0,1,1,2.36385473265,-400
exec27_edge_x-400,35,2950,6,0,5,0,0,1,0,1.94040493224,-400
exec27_edge_x-400,26,658,6,0,6,0,0,1,0,3.63113494982,-400
exec27_edge_x-400,48,3053,2,0,5,2,0,1,1,3.71090981288,-400
exec27_edge_x-400,26,644,8,1,33,3,0,1,1,7.00149311759,-400
exec27_edge_x-400,23,16199,1,0,2,0,0,1,1,1.88123444457,-400
exec27_edge_x-400,23,18659,1,0,0,0,0,0,0,9.43839496309,-400
exec27_edge_x-400,5,16484,6,0,4,1,0,1,1,1.92423314276,-400
exec27_edge_x-400,5,16812,6,0,0,0,0,0,0,5.43363967053,-400
exec27_edge_x-400,2,17993,5,0,5,0,0,1,0,5.4862686523,-400
exec27_edge_x-400,44,10068,0,0,14,4,0,1,1,2.13494925272,-400
exec27_edge_x-400,23,16194,6,0,15,2,0,1,1,2.43531805722,-400
exec27_edge_x-400,47,10409,3,0,4,0,0,1,0,4.01653201433,-400
exec27_edge_x-400,44,10059,7,0,5,1,0,1,1,3.7195651697,-400
exec27_edge_x-400,44,10056,5,0,9,3,0,1,1,2.54685726311,-400
exec27_edge_x-400,47,10397,7,0,10,0,0,1,1,2.92669016877,-400
exec27_edge_x-400,17,10434,0,0,19,3,0,1,1,7.8164451217,-400
exec27_edge_x-400,48,3011,0,0,26,2,0,1,1,2.74727789189,-400
exec27_edge_x-400,2,17957,8,1,1,0,0,1,0,8.8631845216,-400
exec27_edge_x-400,29,14814,2,0,7,0,0,1,1,2.02528675884,-400
exec27_edge_x-400,8,3042,2,0,2,0,0,1,0,1.98728261596,-400
exec27_edge_x-400,14,11512,7,0,10,0,0,1,0,3.40339121112,-400
exec27_edge_x-400,35,2894,4,0,0,0,0,1,0,2.80156049632,-400
exec27_edge_x-400,26,585,4,0,20,2,0,1,1,4.77131895629,-400
exec27_edge_x-400,20,16193,14,1,9,0,0,1,1,5.03534256423,-400
exec27_edge_x-400,32,13492,3,0,3,0,0,1,0,2.76615723424,-400
exec27_edge_x-400,29,14776,7,0,12,6,0,1,1,4.59204524962,-400
exec27_edge_x-400,26,554,2,0,12,0,0,1,0,8.57725049143,-400
exec27_edge_x-400,26,1286,2,0,0,0,0,0,0,9.95800792101,-400
exec27_edge_x-400,5,16401,2,0,18,2,0,1,1,3.09309172474,-400
exec27_edge_x-400,26,553,7,0,18,2,0,1,1,6.96228459247,-400
exec27_edge_x-400,41,15072,0,0,8,5,0,1,1,2.55091525624,-400
exec27_edge_x-400,8,2991,4,0,6,2,0,1,1,4.09978614437,-400
exec27_edge_x-400,32,13468,1,0,18,13,0,1,1,5.93713976551,-400
exec27_edge_x-400,20,16160,0,0,2,1,0,1,1,2.90325490616,-400
exec27_edge_x-400,41,15061,2,0,1,0,0,1,0,1.56772928031,-400
exec27_edge_x-400,35,2822,3,0,3,0,0,1,0,1.31549635758,-400
exec27_edge_x-400,32,13459,0,0,5,0,0,1,1,3.76088816773,-400
exec27_edge_x-400,35,4141,1,0,9,4,0,1,1,2.91585109325,-400
exec27_edge_x-400,5,16384,0,0,1,0,0,1,0,1.78108989715,-400
exec27_edge_x-400,8,2968,1,0,7,0,0,1,0,2.97995010422,-400
exec27_edge_x-400,2,17882,0,0,6,0,0,1,0,2.79034621138,-400
exec27_edge_x-400,26,515,7,0,12,0,0,1,0,2.20846484591,-400
exec27_edge_x-400,8,2948,6,0,23,1,0,1,1,2.30117240684,-400
exec27_edge_x-400,8,4091,6,0,0,0,0,0,0,3.08007820073,-400
exec27_edge_x-400,11,15420,5,0,34,12,0,1,1,2.49964262387,-400
exec27_edge_x-400,14,11450,6,0,14,0,0,1,0,3.82061968829,-400
exec27_edge_x-400,2,17869,1,0,7,1,0,1,1,3.13823151672,-400
exec27_edge_x-400,48,2917,6,0,3,0,0,1,1,8.44732377954,-400
exec27_edge_x-400,8,2931,3,0,15,0,0,1,0,1.80326854056,-400
exec27_edge_x-400,41,15007,2,0,11,2,0,1,1,6.88101909296,-400
exec27_edge_x-400,29,14703,7,0,5,0,0,1,0,4.24901748707,-400
exec27_edge_x-400,48,2897,6,0,14,1,0,1,1,9.24047125305,-400
exec27_edge_x-400,26,475,1,0,0,0,0,1,0,8.2464933897,-400
exec27_edge_x-400,41,14993,3,0,7,0,0,1,0,1.63044544879,-400
exec27_edge_x-400,35,5577,7,0,19,3,0,1,1,2.69700963293,-400
exec27_edge_x-400,23,16019,0,0,2,0,0,1,0,4.89171871296,-400
exec27_edge_x-400,17,10287,1,0,13,3,0,1,1,3.32048605789,-400
exec27_edge_x-400,26,458,1,0,6,0,0,1,0,3.68970626324,-400
exec27_edge_x-400,29,14662,7,0,5,0,0,1,0,2.64393894186,-400
exec27_edge_x-400,11,18628,1,0,20,3,0,1,1,8.12203123797,-400
exec27_edge_x-400,11,18625,4,0,12,4,0,1,1,2.94863094118,-400
exec27_edge_x-400,14,11378,3,0,4,0,0,1,0,2.8896443634,-400
exec27_edge_x-400,20,16055,6,0,15,2,0,1,1,2.36128529143,-400
exec27_edge_x-400,11,18610,4,0,9,2,0,1,1,2.50864732371,-400
exec27_edge_x-400,5,16259,3,0,14,0,0,1,1,2.98043728722,-400
exec27_edge_x-400,2,17773,4,0,4,3,0,1,1,4.46758713275,-400
exec27_edge_x-400,26,397,3,0,8,2,0,1,1,1.99592649635,-400
exec27_edge_x-400,17,10240,5,0,10,0,0,1,0,1.78969093431,-400
exec27_edge_x-400,41,14927,0,0,5,0,0,1,0,4.65738035433,-400
exec27_edge_x-400,26,382,6,0,9,2,0,1,1,1.67549168484,-400
exec27_edge_x-400,32,13310,6,0,11,0,0,1,1,2.50893363279,-400
exec27_edge_x-400,14,11322,5,0,12,6,0,1,1,3.99145488934,-400
exec27_edge_x-400,8,2827,4,0,9,0,0,1,1,5.26107706207,-400
exec27_edge_x-400,47,10161,0,0,14,0,0,1,0,2.96938502897,-400
exec27_edge_x-400,2,17739,7,0,6,0,0,1,0,3.04956214065,-400
exec27_edge_x-400,20,15994,7,0,11,4,0,1,1,3.86136698351,-400
exec27_edge_x-400,35,5465,4,0,18,2,0,1,1,6.20470865142,-400
exec27_edge_x-400,23,20289,1,0,7,4,0,1,1,2.46031184173,-400
exec27_edge_x-400,26,334,6,0,12,2,0,1,1,6.39749692444,-400
exec27_edge_x-400,26,329,6,0,2,0,0,1,0,2.27467545274,-400
exec27_edge_x-400,26,327,1,0,10,0,0,1,0,2.44629469488,-400
exec27_edge_x-400,8,2789,5,0,15,0,0,1,0,3.25147128136,-400
exec27_edge_x-400,48,2779,9,1,6,0,0,1,0,5.2932740049,-400
exec27_edge_x-400,11,18517,5,0,7,0,0,1,0,4.01803771998,-400
exec27_edge_x-400,44,12867,7,0,23,4,0,1,1,3.85704939909,-400
exec27_edge_x-400,48,2774,7,0,20,0,0,1,1,2.89198864745,-400
exec27_edge_x-400,14,11263,5,0,11,0,0,1,0,2.8808760469,-400
exec27_edge_x-400,48,2767,5,0,0,0,0,0,0,2.66693052605,-400
exec27_edge_x-400,48,3063,5,0,0,0,0,0,0,3.87364509594,-400
exec27_edge_x-400,26,297,0,0,0,0,0,1,0,1.70129681452,-400
exec27_edge_x-400,20,15958,3,0,9,4,0,1,1,3.53238053142,-400
exec27_edge_x-400,23,20246,7,0,8,0,0,1,1,3.92007446351,-400
exec27_edge_x-400,11,18494,1,0,17,2,0,1,1,4.84123609875,-400
exec27_edge_x-400,14,11244,9,1,10,0,0,1,0,8.40531433885,-400
exec27_edge_x-400,23,20230,1,0,4,0,0,1,0,5.79105941411,-400
exec27_edge_x-400,47,10079,0,0,7,0,0,1,1,2.14520685063,-400
exec27_edge_x-400,32,13169,2,0,3,0,0,1,0,4.80777978097,-400
exec27_edge_x-400,26,248,11,1,17,0,0,1,0,6.376071326,-400
exec27_edge_x-400,29,14475,4,0,1,0,0,1,0,2.65247046648,-400
exec27_edge_x-400,5,16100,1,0,11,1,0,1,1,2.39312625828,-400
exec27_edge_x-400,20,15915,7,0,3,0,0,1,0,3.92351820132,-400
exec27_edge_x-400,20,15911,7,0,19,0,0,1,1,4.89451291855,-400
exec27_edge_x-400,5,16091,1,0,6,1,0,1,1,1.9687151835,-400
exec27_edge_x-400,2,21877,4,0,4,0,0,1,0,3.14541347707,-400
exec27_edge_x-400,26,200,5,0,13,2,0,1,1,8.83367578085,-400
exec27_edge_x-400,44,12762,3,0,13,3,0,1,1,2.75229400862,-400
exec27_edge_x-400,47,9999,5,0,14,2,0,1,1,4.11309979253,-400
exec27_edge_x-400,32,13070,4,0,2,0,0,1,0,1.33292791445,-400
exec27_edge_x-400,2,21840,7,0,8,0,0,1,0,2.8014513982,-400
exec27_edge_x-400,41,14714,5,0,5,2,0,1,1,3.16499690782,-400
exec27_edge_x-400,23,20112,2,0,14,4,0,1,1,3.89193218972,-400
exec27_edge_x-400,23,20106,4,0,6,0,0,1,0,5.24365897306,-400
exec27_edge_x-400,41,14691,2,0,11,0,0,1,1,2.58614331278,-400
exec27_edge_x-400,44,12707,1,0,1,0,0,1,1,4.07414201958,-400
exec27_edge_x-400,26,157,5,0,11,2,0,1,1,4.18991884146,-400
exec27_edge_x-400,11,18340,0,0,11,0,0,1,1,7.90967817271,-400
exec27_edge_x-400,8,2606,6,0,12,2,0,1,1,5.98833823214,-400
exec27_edge_x-400,48,2641,1,0,10,2,0,1,1,2.94420122956,-400
exec27_edge_x-400,29,14358,3,0,9,1,0,1,1,3.52641448727,-400
exec27_edge_x-400,8,4092,2,0,4,0,0,1,0,4.45416811996,-400
exec27_edge_x-400,26,116,11,1,14,2,0,1,1,5.47524639212,-400
exec27_edge_x-400,47,9918,5,0,6,0,0,1,1,3.03140359624,-400
exec27_edge_x-400,11,18301,0,0,15,0,0,1,0,2.95944212939,-400
exec27_edge_x-400,17,9936,7,0,6,2,0,1,1,2.29619507174,-400
exec27_edge_x-400,14,11069,7,0,12,1,0,1,1,10.7220356375,-400
exec27_edge_x-400,5,15952,3,0,3,0,0,1,1,4.71535774729,-400
exec27_edge_x-400,48,2572,1,0,12,0,0,1,0,3.84789609461,-400
exec27_edge_x-400,20,15729,7,0,0,0,0,1,0,2.43214559006,-400
exec27_edge_x-400,14,11040,7,0,2,0,0,1,0,3.0589496109,-400
exec27_edge_x-400,41,14614,4,0,12,2,0,1,1,11.9061496613,-400
exec27_edge_x-400,11,18258,5,0,15,2,0,1,1,2.15303940155,-400
exec27_edge_x-400,11,18255,3,0,6,1,0,1,1,6.91593689907,-400
exec27_edge_x-400,8,2503,3,0,13,2,0,1,1,2.95628619121,-400
exec27_edge_x-400,47,9847,1,0,0,0,0,1,0,5.44508575017,-400
exec27_edge_x-400,35,5141,7,0,3,0,0,1,0,1.65974780031,-400
exec27_edge_x-400,32,16967,6,0,1,0,0,1,1,1.58797118585,-400
exec27_edge_x-400,35,5134,2,0,7,0,0,1,0,2.40691783527,-400
exec27_edge_x-400,5,15884,4,0,3,0,0,1,1,2.14652075679,-400
exec27_edge_x-400,41,14562,6,0,8,4,0,1,1,2.38909523943,-400
exec27_edge_x-400,48,2524,1,0,16,8,0,1,1,2.91511346198,-400
exec27_edge_x-400,26,2954,2,0,9,0,0,1,0,3.16939683778,-400
exec27_edge_x-400,41,14539,15,1,6,0,0,1,0,8.86491678755,-400
exec27_edge_x-400,26,2932,0,0,5,0,0,1,0,1.7746155771,-400
exec27_edge_x-400,8,2429,2,0,19,0,0,1,0,7.27093889258,-400
exec27_edge_x-400,8,4094,4,0,0,0,0,1,0,11.1416913009,-400
exec27_edge_x-400,8,2426,0,0,12,2,0,1,1,2.86746893028,-400
exec27_edge_x-400,41,14516,1,0,13,0,0,1,0,10.5236748961,-400
exec27_edge_x-400,32,16919,7,0,0,0,0,1,0,8.44023463415,-400
exec27_edge_x-400,8,2418,6,0,12,0,0,1,0,5.21795564284,-400
exec27_edge_x-400,48,2486,6,0,10,0,0,1,0,1.99898596358,-400
exec27_edge_x-400,29,14203,3,0,7,0,0,1,0,1.73641875623,-400
exec27_edge_x-400,48,2471,6,0,5,0,0,1,0,2.62415365934,-400
exec27_edge_x-400,41,14491,3,0,3,0,0,1,0,3.45739012599,-400
exec27_edge_x-400,32,16884,6,0,4,0,0,1,1,3.19603296789,-400
exec27_edge_x-400,23,19873,3,0,6,0,0,1,0,2.97797703819,-400
exec27_edge_x-400,17,9763,3,0,3,0,0,1,0,1.97108818364,-400
exec27_edge_x-400,20,15597,2,0,4,4,0,1,1,3.54730936714,-400
exec27_edge_x-400,8,2362,2,0,12,3,0,1,1,2.34820216572,-400
exec27_edge_x-400,29,14164,11,1,8,0,0,1,0,5.68628947005,-400
exec27_edge_x-400,5,15788,3,0,13,3,0,1,1,3.64198732572,-400
exec27_edge_x-400,5,15785,6,0,3,0,0,1,0,3.87963185229,-400
exec27_edge_x-400,29,14152,5,0,16,0,0,1,1,4.93899335013,-400
exec27_edge_x-400,47,9690,0,0,4,0,0,1,0,2.58967572115,-400
exec27_edge_x-400,17,9735,2,0,8,0,0,1,1,6.74573562652,-400
exec27_edge_x-400,32,16850,4,0,7,0,0,1,0,2.43513806024,-400
exec27_edge_x-400,20,15550,10,1,9,0,0,1,0,9.66090681637,-400
exec27_edge_x-400,17,9728,6,0,8,0,0,1,0,3.55551842923,-400
exec27_edge_x-400,47,9673,2,0,3,0,0,1,0,2.70811642436,-400
exec27_edge_x-400,41,14406,2,0,8,2,0,1,1,3.03143578733,-400
exec27_edge_x-400,44,12452,6,0,0,0,0,1,0,2.36397947042,-400
exec27_edge_x-400,20,15538,5,0,2,0,0,1,0,6.873001135,-400
exec27_edge_x-400,41,14396,6,0,2,0,0,1,0,4.65403635932,-400
exec27_edge_x-400,5,15738,2,0,5,2,0,1,1,3.78485275072,-400
exec27_edge_x-400,26,2808,4,0,14,0,0,1,1,1.67679776094,-400
exec27_edge_x-400,23,19804,4,0,8,0,0,1,0,2.41189946743,-400
exec27_edge_x-400,20,15527,0,0,2,0,0,1,0,4.9577757125,-400
exec27_edge_x-400,11,18026,1,0,7,0,0,1,0,2.72707313497,-400
exec27_edge_x-400,32,16824,7,0,9,0,0,1,1,1.65304129711,-400
exec27_edge_x-400,26,2785,0,0,12,0,0,1,0,3.74051182527,-400
exec27_edge_x-400,11,18011,12,1,8,0,0,1,0,7.41600287961,-400
exec27_edge_x-400,26,2783,5,0,8,0,0,1,1,4.83016597661,-400
exec27_edge_x-400,48,2363,7,0,2,0,0,1,0,2.3509028335,-400
exec27_edge_x-400,29,14092,0,0,5,0,0,1,0,1.91170224318,-400
exec27_edge_x-400,29,14088,0,0,3,0,0,1,0,4.57794832798,-400
exec27_edge_x-400,35,4947,2,0,2,0,0,1,1,9.07760557074,-400
exec27_edge_x-400,14,14077,1,0,9,1,0,1,1,2.26817074431,-400
exec27_edge_x-400,2,21488,6,0,13,1,0,1,1,1.87566390771,-400
exec27_edge_x-400,32,16803,5,0,13,3,0,1,1,2.05145765074,-400
exec27_edge_x-400,11,17990,6,0,9,1,0,1,1,3.82531749635,-400
exec27_edge_x-400,44,12376,7,0,6,0,0,1,1,1.95798993471,-400
exec27_edge_x-400,47,9603,7,0,3,0,0,1,0,1.85767266415,-400
exec27_edge_x-400,35,4919,2,0,2,0,0,1,0,4.42548885461,-400
exec27_edge_x-400,5,15681,10,1,21,4,0,1,1,7.92940686703,-400
exec27_edge_x-400,26,2759,4,0,18,5,0,1,1,1.93226178289,-400
exec27_edge_x-400,41,14345,7,0,10,0,0,1,1,3.47750729467,-400
exec27_edge_x-400,14,14056,9,1,10,1,0,1,1,5.06608365775,-400
exec27_edge_x-400,44,12367,2,0,9,1,0,1,1,3.23979675952,-400
exec27_edge_x-400,29,14047,7,0,9,0,0,1,0,2.0837361005,-400
exec27_edge_x-400,48,2319,5,0,6,0,0,1,1,3.91918140076,-400
exec27_edge_x-400,5,15664,6,0,6,0,0,1,0,2.46524992617,-400
exec27_edge_x-400,26,2740,7,0,0,0,0,1,0,2.31828732116,-400
exec27_edge_x-400,20,15394,2,0,16,3,0,1,1,1.81939121313,-400
exec27_edge_x-400,20,17287,2,0,0,0,0,0,0,4.70881284105,-400
exec27_edge_x-400,26,2734,1,0,0,0,0,1,0,2.39406335052,-400
exec27_edge_x-400,5,15649,7,0,2,0,0,1,0,4.4479690288,-400
exec27_edge_x-400,41,14314,2,0,16,1,0,1,1,3.08362756014,-400
exec27_edge_x-400,26,2730,3,0,20,0,0,1,0,2.49402156692,-400
exec27_edge_x-400,20,17985,7,0,11,2,0,1,1,2.21069753341,-400
exec27_edge_x-400,5,15631,2,0,10,0,0,1,0,1.81169421081,-400
exec27_edge_x-400,14,14009,6,0,5,0,0,1,0,1.38591392575,-400
exec27_edge_x-400,17,9631,3,0,9,0,0,1,1,2.97749465063,-400
exec27_edge_x-400,41,14294,3,0,8,2,0,1,1,5.22260989847,-400
exec27_edge_x-400,35,4865,1,0,12,2,0,1,1,1.76507286629,-400
exec27_edge_x-400,48,2277,4,0,12,0,0,1,0,2.43194515895,-400
exec27_edge_x-400,29,13978,3,0,7,0,0,1,0,3.08414972868,-400
exec27_edge_x-400,17,9607,6,0,4,0,0,1,0,5.83522467554,-400
exec27_edge_x-400,48,2257,5,0,11,5,0,1,1,3.67823590281,-400
exec27_edge_x-400,2,21381,6,0,9,3,0,1,1,4.60867730893,-400
exec27_edge_x-400,35,4841,6,0,4,0,0,1,0,3.76602076535,-400
exec27_edge_x-400,29,13954,3,0,8,0,0,1,0,2.61641919747,-400
exec27_edge_x-400,2,21374,3,0,11,6,0,1,1,4.66239671084,-400
exec27_edge_x-400,26,2665,7,0,7,0,0,1,1,4.00297698398,-400
exec27_edge_x-400,29,13943,0,0,3,0,0,1,1,3.62050162363,-400
exec27_edge_x-400,41,14266,4,0,11,1,0,1,1,2.87912627995,-400
exec27_edge_x-400,35,4817,7,0,13,1,0,1,1,4.51086514174,-400
exec27_edge_x-400,32,16670,3,0,0,0,0,1,0,4.43337303102,-400
exec27_edge_x-400,41,14251,2,0,14,5,0,1,1,6.82634805526,-400
exec27_edge_x-400,8,2100,4,0,9,0,0,1,0,1.31867565493,-400
exec27_edge_x-400,11,17855,7,0,9,0,0,1,1,2.58888613663,-400
exec27_edge_x-400,17,9551,8,1,4,0,1,1,1,5.71237925273,-400
exec27_edge_x-400,23,19615,2,0,1,0,0,1,0,4.59834523413,-400
exec27_edge_x-400,11,17853,1,0,12,2,0,1,1,3.47954336954,-400
exec27_edge_x-400,41,14233,0,0,3,1,0,1,1,1.86936730009,-400
exec27_edge_x-400,29,13902,15,1,2,0,0,1,0,4.85235501438,-400
exec27_edge_x-400,32,16646,1,0,10,0,0,1,0,7.40991141354,-400
exec27_edge_x-400,5,16815,3,0,0,0,0,1,0,9.20936565847,-400
exec27_edge_x-400,44,12223,3,0,8,2,0,1,1,2.34062669126,-400
exec27_edge_x-400,23,19593,0,0,0,0,0,1,0,3.17211646691,-400
exec27_edge_x-400,26,2608,3,0,4,0,0,1,1,3.70687958726,-400
exec27_edge_x-400,11,17839,6,0,6,0,0,1,0,2.853757645,-400
exec27_edge_x-400,8,2057,4,0,3,1,0,1,1,1.454204301,-400
exec27_edge_x-400,41,14207,7,0,10,0,0,1,0,3.28647175054,-400
exec27_edge_x-400,2,21316,7,0,8,4,0,1,1,2.49385288856,-400
exec27_edge_x-400,14,13899,7,0,2,0,0,1,0,2.565362106,-400
exec27_edge_x-400,32,16620,0,0,7,2,0,1,1,4.53410910379,-400
exec27_edge_x-400,29,13881,6,0,7,0,0,1,0,2.647481343,-400
exec27_edge_x-400,11,17816,1,0,5,1,0,1,1,2.5212800508,-400
exec27_edge_x-400,41,14193,0,0,3,0,0,1,0,2.69282944514,-400
exec27_edge_x-400,48,2175,7,0,3,0,0,1,0,1.53785740398,-400
exec27_edge_x-400,14,13879,0,0,3,0,0,1,1,4.40154419198,-400
exec27_edge_x-400,47,12840,2,0,9,0,0,1,1,3.47680217447,-400
exec27_edge_x-400,23,19549,4,0,9,0,0,1,0,2.16844113016,-400
exec27_edge_x-400,20,17837,4,0,1,0,0,1,0,3.13244678636,-400
exec27_edge_x-400,2,21283,5,0,7,6,0,1,1,4.88610927969,-400
exec27_edge_x-400,8,5643,7,0,16,0,0,1,0,2.60050776679,-400
exec27_edge_x-400,2,21277,7,0,11,1,0,1,1,3.96190618466,-400
exec27_edge_x-400,44,12169,2,0,14,9,0,1,1,2.14656629646,-400
exec27_edge_x-400,20,17815,0,0,1,0,0,1,0,5.04815422248,-400
exec27_edge_x-400,14,13842,0,0,2,0,0,1,0,6.19623281494,-400
exec27_edge_x-400,44,12151,4,0,6,0,0,1,0,2.18663226969,-400
exec27_edge_x-400,8,5607,6,0,3,0,0,1,0,5.02235343557,-400
exec27_edge_x-400,2,21249,5,0,14,3,0,1,1,3.76453250738,-400
exec27_edge_x-400,11,17761,1,0,1,0,0,1,0,1.69422027279,-400
exec27_edge_x-400,35,4684,6,0,14,7,0,1,1,2.93453533802,-400
exec27_edge_x-400,2,21242,12,1,21,3,0,1,1,5.14717396531,-400
exec27_edge_x-400,23,19500,0,0,6,2,0,1,1,3.55963558648,-400
exec27_edge_x-400,29,13799,0,0,5,0,0,1,0,6.55072492021,-400
exec27_edge_x-400,8,5589,7,0,11,1,0,1,1,3.40867983099,-400
exec27_edge_x-400,47,12760,0,0,4,0,0,1,0,6.86879547991,-400
exec27_edge_x-400,47,12759,5,0,10,0,0,1,1,3.33716070769,-400
exec27_edge_x-400,8,5565,4,0,4,0,0,1,0,4.44907648357,-400
exec27_edge_x-400,14,13795,2,0,3,0,0,1,0,4.84123197635,-400
exec27_edge_x-400,26,2499,2,0,10,0,0,1,0,3.33440674149,-400
exec27_edge_x-400,8,5553,2,0,8,0,0,1,0,3.76244244841,-400
exec27_edge_x-400,26,2495,4,0,6,0,0,1,0,5.74695303037,-400
exec27_edge_x-400,11,17707,3,0,2,0,0,1,0,5.97576311604,-400
exec27_edge_x-400,48,2057,4,0,1,0,0,1,0,4.50957806427,-400
exec27_edge_x-400,41,14091,7,0,2,0,0,1,1,2.82447275378,-400
exec27_edge_x-400,5,18436,4,0,0,0,0,1,0,1.56470523915,-400
exec27_edge_x-400,32,16452,6,0,1,0,0,1,0,3.5446667871,-400
exec27_edge_x-400,32,16448,6,0,5,0,0,1,0,4.0958159658,-400
exec27_edge_x-400,17,9368,4,0,10,0,0,1,0,7.35122837659,-400
exec27_edge_x-400,32,16442,4,0,4,0,0,1,0,3.52391633773,-400
exec27_edge_x-400,44,12059,6,0,4,1,0,1,1,2.28037705769,-400
exec27_edge_x-400,48,2036,7,0,18,2,0,1,1,2.50036766592,-400
exec27_edge_x-400,23,19420,7,0,12,0,0,1,1,2.74007848454,-400
exec27_edge_x-400,2,21143,7,0,4,0,0,1,0,1.92208074915,-400
exec27_edge_x-400,23,19415,4,0,10,2,0,1,1,3.66478445266,-400
exec27_edge_x-400,8,5515,0,0,2,0,0,1,0,1.59506728119,-400
exec27_edge_x-400,44,12043,5,0,25,4,0,1,1,4.56285065253,-400
exec27_edge_x-400,14,13724,0,0,1,0,0,1,0,6.13080979456,-400
exec27_edge_x-400,41,14059,15,1,24,2,0,1,1,5.78888652749,-400
exec27_edge_x-400,23,19402,6,0,8,0,0,1,0,2.06205219816,-400
exec27_edge_x-400,2,21125,6,0,11,0,0,1,0,3.51220885788,-400
exec27_edge_x-400,44,12031,0,0,15,0,0,1,1,2.85703343223,-400
exec27_edge_x-400,2,21114,4,0,2,0,0,1,0,2.78718610425,-400
exec27_edge_x-400,20,17640,1,0,26,9,0,1,1,3.73603198272,-400
exec27_edge_x-400,44,12024,1,0,0,0,0,1,0,1.9088352694,-400
exec27_edge_x-400,41,14047,4,0,42,12,0,1,1,2.78900836161,-400
exec27_edge_x-400,41,14038,1,0,9,2,0,1,1,6.14488581241,-400
exec27_edge_x-400,11,17608,0,0,24,8,0,1,1,3.45359620813,-400
exec27_edge_x-400,14,13683,5,0,10,0,0,1,0,3.64159380778,-400
exec27_edge_x-400,23,19361,3,0,3,0,0,1,0,4.41837279738,-400
exec27_edge_x-400,44,11990,7,0,12,2,0,1,1,3.42141830122,-400
exec27_edge_x-400,48,1960,3,0,7,0,0,1,1,1.72938536271,-400
exec27_edge_x-400,23,19338,0,0,8,0,0,1,0,4.81253231747,-400
exec27_edge_x-400,8,5443,6,0,13,4,0,1,1,4.50739779413,-400
exec27_edge_x-400,32,16335,2,0,14,9,0,1,1,4.04613396765,-400
exec27_edge_x-400,17,9263,0,0,1,0,0,1,1,1.94763730548,-400
exec27_edge_x-400,26,2374,7,0,7,0,0,1,0,3.27408741943,-400
exec27_edge_x-400,29,13620,7,0,5,0,0,1,0,4.06832673273,-400
exec27_edge_x-400,26,2373,1,0,21,6,0,1,1,7.67338488863,-400
exec27_edge_x-400,8,5427,4,0,3,0,0,1,0,6.12121982285,-400
exec27_edge_x-400,5,18304,1,0,5,0,0,1,0,2.78476866215,-400
exec27_edge_x-400,2,21045,0,0,6,0,0,1,0,3.44907218051,-400
exec27_edge_x-400,20,17551,0,0,0,0,0,0,0,5.25476642358,-400
exec27_edge_x-400,17,9235,2,0,23,4,0,1,1,4.67108066028,-400
exec27_edge_x-400,17,10476,2,0,0,0,0,0,0,5.93721218406,-400
exec27_edge_x-400,8,5418,0,0,8,0,0,1,1,2.81912773007,-400
exec27_edge_x-400,20,17537,7,0,1,0,0,1,0,1.58139791127,-400
exec27_edge_x-400,23,19301,4,0,4,0,0,1,0,2.51338014238,-400
exec27_edge_x-400,44,11945,9,1,17,1,0,1,1,8.53186107263,-400
exec27_edge_x-400,11,17538,7,0,10,2,0,1,1,3.11237663429,-400
exec27_edge_x-400,32,16299,7,0,11,0,0,1,0,7.03567385626,-400
exec27_edge_x-400,14,13607,2,0,12,6,0,1,1,3.14703245898,-400
exec27_edge_x-400,17,9225,2,0,15,0,0,1,1,3.0452565732,-400
exec27_edge_x-400,14,13605,7,0,6,0,0,1,0,2.7944931069,-400
exec27_edge_x-400,14,13599,2,0,3,0,0,1,0,2.64700044843,-400
exec27_edge_x-400,2,21014,3,0,9,4,0,1,1,2.25951798342,-400
exec27_edge_x-400,35,4447,4,0,0,0,0,1,0,4.12953631,-400
exec27_edge_x-400,11,17531,2,0,4,0,0,1,0,5.88145717513,-400
exec27_edge_x-400,44,11930,4,0,9,1,0,1,1,1.71212067701,-400
exec27_edge_x-400,29,13570,5,0,5,0,0,1,0,5.37589933753,-400
exec27_edge_x-400,47,12555,2,0,2,0,0,1,0,3.2492976364,-400
exec27_edge_x-400,41,13931,2,0,4,0,0,1,0,3.18095684037,-400
exec27_edge_x-400,20,17505,6,0,17,4,0,1,1,3.34513299756,-400
exec27_edge_x-400,26,2324,2,0,9,0,0,1,0,9.60867723012,-400
exec27_edge_x-400,41,13914,4,0,0,0,0,1,0,4.54123089623,-400
exec27_edge_x-400,47,12538,2,0,2,0,0,1,0,6.75872632858,-400
exec27_edge_x-400,11,17502,4,0,21,7,0,1,1,2.95862968138,-400
exec27_edge_x-400,35,4413,5,0,1,0,0,1,0,1.68884483165,-400
exec27_edge_x-400,48,1859,10,1,16,0,0,1,1,9.68842480749,-400
exec27_edge_x-400,48,1856,6,0,17,8,0,1,1,6.70452692888,-400
exec27_edge_x-400,20,17486,1,0,4,0,0,1,1,1.78583964477,-400
exec27_edge_x-400,29,13540,7,0,11,2,0,1,1,1.64428164357,-400
exec27_edge_x-400,11,17492,3,0,19,3,0,1,1,2.56145165295,-400
exec27_edge_x-400,8,5354,8,1,18,0,0,1,0,5.92291129204,-400
exec27_edge_x-400,29,13537,7,0,11,0,0,1,1,3.81266854669,-400
exec27_edge_x-400,14,13547,5,0,10,2,0,1,1,2.22930116489,-400
exec27_edge_x-400,20,17479,2,0,4,0,0,1,0,2.05491301478,-400
exec27_edge_x-400,26,2284,12,1,6,0,0,1,0,5.44053131508,-400
exec27_edge_x-400,48,1843,5,0,27,10,0,1,1,4.73823541109,-400
exec27_edge_x-400,8,5335,4,0,1,0,0,1,0,2.81052064522,-400
exec27_edge_x-400,48,1826,9,1,7,2,0,1,1,4.64340925181,-400
exec27_edge_x-400,26,2273,4,0,26,9,0,1,1,4.51740611419,-400
exec27_edge_x-400,14,13527,5,0,6,0,0,1,0,4.62700400797,-400
exec27_edge_x-400,5,18177,0,0,6,0,0,1,0,3.58718249614,-400
exec27_edge_x-400,20,17442,3,0,8,1,0,1,1,2.84852655242,-400
exec27_edge_x-400,2,20930,2,0,9,2,0,1,1,2.4956822807,-400
exec27_edge_x-400,48,1797,0,0,8,0,0,1,0,3.94611787903,-400
exec27_edge_x-400,23,19180,4,0,3,0,0,1,0,2.40020184831,-400
exec27_edge_x-400,5,18168,0,0,7,0,1,1,1,3.89237995556,-400
exec27_edge_x-400,20,17431,0,0,9,0,0,1,1,2.965029693,-400
exec27_edge_x-400,11,17451,0,0,17,5,0,1,1,3.0403956082,-400
exec27_edge_x-400,8,5297,1,0,23,2,0,1,1,6.4876260698,-400
exec27_edge_x-400,41,13836,12,1,20,0,0,1,0,4.94708697095,-400
exec27_edge_x-400,44,11811,10,1,9,0,0,1,0,4.74926108724,-400
exec27_edge_x-400,29,13486,4,0,10,0,0,1,0,2.61967304558,-400
exec27_edge_x-400,41,13831,3,0,5,2,0,1,1,2.88201148544,-400
exec27_edge_x-400,17,9125,0,0,14,2,0,1,1,2.96309497044,-400
exec27_edge_x-400,8,5279,2,0,7,0,0,1,0,4.43951487952,-400
exec27_edge_x-400,26,2220,0,0,16,8,0,1,1,3.49396676811,-400
exec27_edge_x-400,29,13480,1,0,3,0,0,1,0,2.6165272632,-400
exec27_edge_x-400,32,16162,10,1,4,0,0,1,0,4.68884347591,-400
exec27_edge_x-400,44,11796,2,0,5,2,0,1,1,4.80377444639,-400
exec27_edge_x-400,26,2210,2,0,9,0,0,1,0,9.6844792264,-400
exec27_edge_x-400,8,5262,0,0,9,2,0,1,1,1.95234031636,-400
exec27_edge_x-400,14,13480,3,0,7,0,0,1,0,11.2203914205,-400
exec27_edge_x-400,2,20887,5,0,2,0,0,1,0,2.34569232526,-400
exec27_edge_x-400,32,16139,4,0,8,0,0,1,0,3.60736432609,-400
exec27_edge_x-400,8,5253,0,0,14,0,0,1,0,2.08482485999,-400
exec27_edge_x-400,8,5249,4,0,11,0,0,1,0,5.13062174374,-400
exec27_edge_x-400,44,11759,5,0,1,0,0,1,0,1.56222644087,-400
exec27_edge_x-400,2,20869,2,0,5,0,0,1,0,5.03364690342,-400
exec27_edge_x-400,48,1735,1,0,6,0,0,1,0,3.87723032594,-400
exec27_edge_x-400,14,13451,3,0,7,0,0,1,0,2.82582434838,-400
exec27_edge_x-400,2,20857,5,0,11,0,0,1,0,1.79395450651,-400
exec27_edge_x-400,47,12385,7,0,12,0,0,1,0,8.97720965104,-400
exec27_edge_x-400,14,13447,6,0,13,5,0,1,1,5.59356064047,-400
exec27_edge_x-400,17,9066,0,0,16,4,0,1,1,3.63160053871,-400
exec27_edge_x-400,5,18085,7,0,29,9,0,1,1,4.75851424277,-400
exec27_edge_x-400,47,12371,2,0,1,0,0,1,0,14.2636190193,-400
exec27_edge_x-400,5,18082,6,0,3,0,0,1,0,2.88331828074,-400
exec27_edge_x-400,17,9049,3,0,2,0,0,1,0,4.84361583836,-400
exec27_edge_x-400,47,12362,7,0,7,0,0,1,0,2.19969595489,-400
exec27_edge_x-400,26,2144,2,0,10,0,0,1,0,3.66177959892,-400
exec27_edge_x-400,48,1703,4,0,2,0,0,1,0,2.4588737048,-400
exec27_edge_x-400,41,13732,2,0,8,1,0,1,1,6.34209191253,-400
exec27_edge_x-400,17,9030,0,0,2,3,0,1,1,7.79870703101,-400
exec27_edge_x-400,35,4244,1,0,9,2,0,1,1,2.46178475589,-400
exec27_edge_x-400,11,17339,3,0,5,0,0,1,0,4.9123486253,-400
exec27_edge_x-400,32,16051,1,0,6,0,0,1,0,4.55016638047,-400
exec27_edge_x-400,48,1680,2,0,11,2,0,1,1,2.88125263258,-400
exec27_edge_x-400,48,1679,7,0,14,1,0,1,1,6.83551770963,-400
exec27_edge_x-400,29,13379,5,0,12,3,0,1,1,1.83312333878,-400
exec27_edge_x-400,41,13692,5,0,5,0,0,1,0,1.36722009354,-400
exec27_edge_x-400,35,4215,6,0,8,0,0,1,0,1.27006177299,-400
exec27_edge_x-400,47,12314,2,0,8,0,0,1,1,3.18137403671,-400
exec27_edge_x-400,17,8986,6,0,2,0,0,1,0,1.78578143742,-400
exec27_edge_x-400,32,16036,1,0,4,0,0,1,0,6.74049747665,-400
exec27_edge_x-400,29,13367,4,0,21,1,0,1,1,2.13100466227,-400
exec27_edge_x-400,5,18017,1,0,11,3,0,1,1,4.92930292648,-400
exec27_edge_x-400,14,13384,1,0,1,0,0,1,1,3.40239171386,-400
exec27_edge_x-400,8,5143,0,0,13,4,0,1,1,2.65250890555,-400
exec27_edge_x-400,29,13321,2,0,18,4,0,1,1,1.53042071329,-400
exec27_edge_x-400,47,12299,0,0,36,7,0,1,1,3.64253523315,-400
exec27_edge_x-400,2,20758,0,0,12,1,0,1,1,1.84755856647,-400
exec27_edge_x-400,23,19023,5,0,8,2,0,1,1,1.70625858802,-400
exec27_edge_x-400,44,11653,7,0,13,1,0,1,1,4.73100940939,-400
exec27_edge_x-400,5,17998,4,0,17,1,0,1,1,4.40904343992,-400
exec27_edge_x-400,48,1633,6,0,3,0,0,1,0,2.74399534352,-400
exec27_edge_x-400,17,8961,1,0,11,0,0,1,1,2.60295962357,-400
exec27_edge_x-400,14,13363,1,0,4,3,0,1,1,2.23674267551,-400
exec27_edge_x-400,44,11629,0,0,6,3,0,1,1,5.87616424075,-400
exec27_edge_x-400,47,12266,6,0,2,0,0,1,0,2.45897772381,-400
exec27_edge_x-400,2,20721,2,0,8,1,0,1,1,3.13902396834,-400
exec27_edge_x-400,35,7865,2,0,10,3,0,1,1,3.86365979623,-400
exec27_edge_x-400,47,12253,6,0,9,1,0,1,1,4.12004114001,-400
exec27_edge_x-400,41,18360,7,0,15,6,0,1,1,2.49354731465,-400
exec27_edge_x-400,41,18358,3,0,13,7,0,1,1,3.62615558274,-400
exec27_edge_x-400,2,20701,6,0,11,0,0,1,0,2.27189907331,-400
exec27_edge_x-400,44,11592,1,0,14,1,0,1,1,2.22398059735,-400
exec27_edge_x-400,5,17932,14,1,10,0,0,1,0,5.99709173583,-400
exec27_edge_x-400,44,11582,5,0,9,0,0,1,0,5.26949355886,-400
exec27_edge_x-400,44,11574,7,0,28,6,0,1,1,5.19270361907,-400
exec27_edge_x-400,47,12219,2,0,10,2,0,1,1,2.20190836948,-400
exec27_edge_x-400,23,18942,1,0,7,0,0,1,0,2.79486543644,-400
exec27_edge_x-400,23,18938,7,0,2,0,0,1,0,2.40637459855,-400
exec27_edge_x-400,32,15914,7,0,22,8,0,1,1,3.36027363302,-400
exec27_edge_x-400,23,18921,7,0,10,0,0,1,1,5.25482830221,-400
exec27_edge_x-400,26,1956,5,0,17,4,0,1,1,5.52714725658,-400
exec27_edge_x-400,17,8849,5,0,3,0,0,1,0,1.27258269079,-400
exec27_edge_x-400,5,17897,4,0,14,1,0,1,1,3.16658859336,-400
exec27_edge_x-400,11,17207,0,0,4,0,0,1,0,6.93899976177,-400
exec27_edge_x-400,29,17032,0,0,9,0,0,1,0,1.73933938553,-400
exec27_edge_x-400,11,17200,12,1,8,1,0,1,1,13.6229318495,-400
exec27_edge_x-400,26,1939,5,0,6,0,0,1,0,4.5920953885,-400
exec27_edge_x-400,14,13250,1,0,20,6,0,1,1,2.3835458488,-400
exec27_edge_x-400,48,1465,1,0,11,0,0,1,0,1.31492888271,-400
exec27_edge_x-400,17,11886,6,0,14,4,0,1,1,1.68991142259,-400
exec27_edge_x-400,5,17862,3,0,7,3,0,1,1,2.40152201135,-400
exec27_edge_x-400,11,17168,1,0,6,0,0,1,0,4.74303650359,-400
exec27_edge_x-400,11,17164,1,0,9,2,0,1,1,2.33419418863,-400
exec27_edge_x-400,8,4969,2,0,6,0,0,1,0,2.39730560049,-400
exec27_edge_x-400,5,17850,2,0,10,5,0,1,1,4.06134379789,-400
exec27_edge_x-400,17,11857,5,0,2,0,0,1,0,1.83201065706,-400
exec27_edge_x-400,32,15847,0,0,3,0,0,1,0,2.45111637453,-400
exec27_edge_x-400,2,20593,7,0,7,1,0,1,1,5.39386553937,-400
exec27_edge_x-400,14,13205,7,0,0,0,0,1,0,2.68673012207,-400
exec27_edge_x-400,2,20579,6,0,3,0,0,1,0,5.91446103109,-400
exec27_edge_x-400,41,18222,7,0,1,0,0,1,0,3.57413493512,-400
exec27_edge_x-400,29,16947,3,0,10,0,0,1,0,3.87025603177,-400
exec27_edge_x-400,32,15809,6,0,21,0,0,1,1,6.22331050421,-400
exec27_edge_x-400,29,16920,2,0,45,19,0,1,1,11.6165604935,-400
exec27_edge_x-400,8,4897,6,0,20,6,0,1,1,4.10682420095,-400
exec27_edge_x-400,32,15788,3,0,14,0,0,1,1,2.41904040739,-400
exec27_edge_x-400,32,15783,3,0,8,0,0,1,0,3.13351695161,-400
exec27_edge_x-400,8,4886,3,0,1,0,0,1,0,3.65141086703,-400
exec27_edge_x-400,48,6460,6,0,4,2,0,1,1,5.29249174066,-400
exec27_edge_x-400,29,16901,7,0,14,0,0,1,0,2.28196635631,-400
exec27_edge_x-400,5,17760,6,0,3,0,0,1,0,4.88188398764,-400
exec27_edge_x-400,47,12052,7,0,0,0,0,0,0,6.15216166671,-400
exec27_edge_x-400,48,6446,6,0,1,0,0,1,0,2.25650295075,-400
exec27_edge_x-400,44,14565,1,0,6,0,0,1,0,3.06428925267,-400
exec27_edge_x-400,23,18761,0,0,1,0,0,1,0,2.45569039121,-400
exec27_edge_x-400,44,14551,14,1,9,2,0,1,1,10.4558888442,-400
exec27_edge_x-400,35,7625,0,0,9,4,0,1,1,2.61736351549,-400
exec27_edge_x-400,14,13087,1,0,0,0,0,1,0,3.78328853276,-400
exec27_edge_x-400,41,18123,4,0,21,7,0,1,1,2.74941998901,-400
exec27_edge_x-400,44,14514,0,0,0,0,0,1,0,3.60523527932,-400
exec27_edge_x-400,35,7602,7,0,7,0,0,1,0,2.50770702294,-400
exec27_edge_x-400,47,11965,0,0,6,2,0,1,1,1.96830853896,-400
exec27_edge_x-400,47,11956,1,0,23,3,0,1,1,2.87877132203,-400
exec27_edge_x-400,32,15651,3,0,8,2,0,1,1,2.44614043318,-400
exec27_edge_x-400,47,11933,5,0,10,0,0,1,1,6.26757287152,-400
exec27_edge_x-400,26,1702,1,0,18,6,0,1,1,3.15781523372,-400
exec27_edge_x-400,47,11928,4,0,17,0,0,1,0,3.45864142248,-400
exec27_edge_x-400,11,20313,5,0,1,0,0,1,0,5.34485109657,-400
exec27_edge_x-400,17,11651,2,0,5,0,0,1,0,6.37918504664,-400
exec27_edge_x-400,41,18054,7,0,15,0,0,1,0,5.43539827011,-400
exec27_edge_x-400,32,15619,2,0,8,3,0,1,1,15.2262949448,-400
exec27_edge_x-400,14,12992,5,0,2,0,0,1,0,3.72977714323,-400
exec27_edge_x-400,41,18024,4,0,9,0,0,1,0,3.9865455799,-400
exec27_edge_x-400,17,11628,4,0,10,0,0,1,1,7.90355355706,-400
exec27_edge_x-400,14,12973,0,0,0,0,0,1,0,2.47208949836,-400
exec27_edge_x-400,26,1667,4,0,7,0,0,1,0,3.74429355717,-400
exec27_edge_x-400,32,15601,8,1,8,0,0,1,0,7.78231465932,-400
exec27_edge_x-400,47,11879,3,0,6,0,0,1,0,7.88847293819,-400
exec27_edge_x-400,23,22186,6,0,9,0,0,1,0,2.20374210712,-400
exec27_edge_x-400,47,11875,1,0,3,0,0,1,0,1.71246495482,-400
exec27_edge_x-400,2,20336,10,1,8,0,0,1,0,4.98992129772,-400
exec27_edge_x-400,2,21913,10,1,0,0,0,0,0,6.31481266764,-400
exec27_edge_x-400,48,6279,5,0,11,0,0,1,1,2.39223242071,-400
exec27_edge_x-400,35,7472,7,0,2,0,0,1,0,3.79001291701,-400
exec27_edge_x-400,35,7898,1,0,7,0,0,1,1,6.48857836671,-400
exec27_edge_x-400,26,1626,0,0,0,0,0,0,0,4.30146838482,-400
exec27_edge_x-400,23,22156,6,0,12,11,0,1,1,2.04659053589,-400
exec27_edge_x-400,35,7454,6,0,5,0,0,1,1,4.42391157532,-400
exec27_edge_x-400,41,17949,8,1,12,1,0,1,1,5.9799505957,-400
exec27_edge_x-400,32,15548,1,0,7,0,0,1,1,4.57204129974,-400
exec27_edge_x-400,8,4639,7,0,1,0,0,1,0,2.74346364051,-400
exec27_edge_x-400,29,16666,6,0,0,0,0,1,0,2.58172193932,-400
exec27_edge_x-400,32,15542,0,0,5,0,0,1,0,2.93024866377,-400
exec27_edge_x-400,8,4637,1,0,3,1,0,1,1,2.15913057647,-400
exec27_edge_x-400,5,17553,4,0,25,8,0,1,1,9.0896480265,-400
exec27_edge_x-400,2,20286,3,0,5,2,0,1,1,6.26036078586,-400
exec27_edge_x-400,29,16652,0,0,13,1,0,1,1,7.1657299825,-400
exec27_edge_x-400,2,20282,5,0,1,1,0,1,1,9.27231401861,-400
exec27_edge_x-400,2,21916,5,0,0,0,0,0,0,11.9883566538,-400
exec27_edge_x-400,48,6228,1,0,18,0,0,1,0,9.51700064725,-400
exec27_edge_x-400,17,11529,1,0,3,0,0,1,0,6.68564364712,-400
exec27_edge_x-400,11,20191,0,0,24,13,0,1,1,3.01304306824,-400
exec27_edge_x-400,48,6209,4,0,10,2,0,1,1,5.78469253158,-400
exec27_edge_x-400,5,17520,1,0,15,3,0,1,1,5.38392860332,-400
exec27_edge_x-400,2,20250,3,0,5,1,0,1,1,5.28341084946,-400
exec27_edge_x-400,11,20181,1,0,16,2,0,1,1,1.86325313333,-400
exec27_edge_x-400,32,15472,6,0,3,0,0,1,0,2.89400977472,-400
exec27_edge_x-400,26,1555,5,0,15,0,0,1,0,3.4747294704,-400
exec27_edge_x-400,44,14259,3,0,6,2,0,1,1,4.70522290201,-400
exec27_edge_x-400,14,12830,0,0,0,0,0,1,1,3.44044941281,-400
exec27_edge_x-400,26,1542,1,0,0,0,0,1,0,2.24814729273,-400
exec27_edge_x-400,48,6161,0,0,0,0,0,1,0,4.90597284389,-400
exec27_edge_x-400,44,14254,7,0,14,4,0,1,1,1.96601314269,-400
exec27_edge_x-400,8,4558,3,0,5,0,0,1,0,3.03477640408,-400
exec27_edge_x-400,47,11732,1,0,2,0,0,1,0,6.28359027462,-400
exec27_edge_x-400,41,17837,5,0,2,0,0,1,0,3.82856344958,-400
exec27_edge_x-400,47,11722,6,0,3,1,0,1,1,3.71405250107,-400
exec27_edge_x-400,35,7353,5,0,30,9,0,1,1,2.81454500618,-400
exec27_edge_x-400,11,20126,7,0,3,0,0,1,0,4.16222923564,-400
exec27_edge_x-400,23,22034,7,0,9,1,0,1,1,5.02764217209,-400
exec27_edge_x-400,26,1498,2,0,1,0,0,1,0,8.06992927385,-400
exec27_edge_x-400,17,11430,0,0,7,4,0,1,1,1.5712949913,-400
exec27_edge_x-400,32,15411,6,0,4,0,0,1,0,2.44249110562,-400
exec27_edge_x-400,8,4522,4,0,12,2,0,1,1,6.3909031098,-400
exec27_edge_x-400,32,15408,2,0,0,0,0,1,0,2.69151221035,-400
exec27_edge_x-400,35,7330,15,1,12,0,0,1,0,4.54646299498,-400
exec27_edge_x-400,47,11682,5,0,8,0,0,1,0,2.44513203787,-400
exec27_edge_x-400,47,12886,5,0,0,0,0,1,0,2.71623081934,-400
exec27_edge_x-400,47,12887,5,0,0,0,0,0,0,3.36393660113,-400
exec27_edge_x-400,11,20093,6,0,28,6,0,1,1,2.37899987252,-400
exec27_edge_x-400,5,17433,5,0,11,0,0,1,0,2.56956410468,-400
exec27_edge_x-400,29,16538,1,0,14,2,0,1,1,3.47036554049,-400
exec27_edge_x-400,26,1474,0,0,11,2,0,1,1,4.44580406636,-400
exec27_edge_x-400,26,1470,4,0,10,0,0,1,1,4.57667353723,-400
exec27_edge_x-400,35,7308,4,0,7,0,0,1,1,5.2934195548,-400
exec27_edge_x-400,2,20144,2,0,6,5,0,1,1,4.59620792558,-400
exec27_edge_x-400,2,21918,1,0,6,1,0,1,1,5.94866245376,-400
exec27_edge_x-400,47,11662,6,0,7,3,0,1,1,5.4570402097,-400
exec27_edge_x-400,14,12706,6,0,11,1,0,1,1,1.6071905173,-400
exec27_edge_x-400,35,7286,1,0,15,5,0,1,1,2.34659269224,-400
exec27_edge_x-400,44,14149,1,0,20,5,0,1,1,3.28027994362,-400
exec27_edge_x-400,2,20115,3,0,11,1,0,1,1,2.18558037694,-400
exec27_edge_x-400,5,17383,6,0,13,2,0,1,1,2.72612491199,-400
exec27_edge_x-400,2,20101,4,0,11,0,0,1,0,5.00588049739,-400
exec27_edge_x-400,5,17369,2,0,0,0,0,0,0,3.34686943556,-400
exec27_edge_x-400,11,20038,0,0,7,0,0,1,0,7.34855362562,-400
exec27_edge_x-400,26,1422,4,0,2,0,0,1,0,1.97998009577,-400
exec27_edge_x-400,44,14116,1,0,5,0,0,1,0,6.66143094698,-400
exec27_edge_x-400,48,6028,6,0,3,0,0,1,0,9.17734467924,-400
exec27_edge_x-400,48,6013,0,0,8,0,0,1,0,1.58973059445,-400
exec27_edge_x-400,41,17713,2,0,11,1,0,1,1,2.20632093866,-400
exec27_edge_x-400,11,20004,2,0,24,6,0,1,1,6.53927814828,-400
exec27_edge_x-400,32,15296,0,0,9,0,0,1,0,5.272236305,-400
exec27_edge_x-400,41,17708,5,0,6,0,0,1,0,2.83831054911,-400
exec27_edge_x-400,48,6006,4,0,13,0,0,1,0,2.41828951304,-400
exec27_edge_x-400,47,11576,0,0,12,0,0,1,1,4.84942176546,-400
exec27_edge_x-400,2,20028,6,0,3,0,0,1,0,2.7879207007,-400
exec27_edge_x-400,26,1318,5,0,9,0,0,1,0,1.29972763671,-400
exec27_edge_x-400,14,15670,1,0,4,0,0,1,0,3.84997482217,-400
exec27_edge_x-400,14,15667,6,0,4,0,0,1,0,3.41551138369,-400
exec27_edge_x-400,47,11559,3,0,6,2,0,1,1,2.86792078313,-400
exec27_edge_x-400,5,17277,3,0,9,0,0,1,0,5.04176513372,-400
exec27_edge_x-400,35,7170,5,0,7,0,0,1,0,3.69495961271,-400
exec27_edge_x-400,29,16393,7,0,5,0,0,1,0,3.26537375066,-400
exec27_edge_x-400,2,20002,2,0,22,10,0,1,1,7.13574772282,-400
exec27_edge_x-400,32,15246,4,0,15,0,0,1,1,2.66816376454,-400
exec27_edge_x-400,48,5952,3,0,14,0,0,1,0,2.92571415616,-400
exec27_edge_x-400,29,16385,7,0,0,0,0,1,0,2.4389943322,-400
exec27_edge_x-400,41,17633,6,0,4,0,0,1,1,3.9274855482,-400
exec27_edge_x-400,8,4355,4,0,3,0,0,1,0,2.62090873803,-400
exec27_edge_x-400,35,7149,12,1,1,0,0,1,0,4.28498101407,-400
exec27_edge_x-400,32,15226,7,0,0,0,0,0,0,2.73417870394,-400
exec27_edge_x-400,14,15638,2,0,6,8,0,1,1,5.26388638756,-400
exec27_edge_x-400,41,17627,5,0,6,1,0,1,1,3.2923446452,-400
exec27_edge_x-400,5,17249,4,0,11,0,0,1,0,3.08027590134,-400
exec27_edge_x-400,14,15631,2,0,24,5,0,1,1,3.37822128388,-400
exec27_edge_x-400,26,4986,4,0,10,0,1,1,1,2.35532116903,-400
exec27_edge_x-400,32,15205,7,0,6,0,0,1,0,2.6795307736,-400
exec27_edge_x-400,17,11222,7,0,9,0,0,1,0,3.78873996332,-400
exec27_edge_x-400,41,17601,2,0,8,0,0,1,0,7.87708700416,-400
exec27_edge_x-400,47,11502,2,0,4,0,0,1,0,2.76135146684,-400
exec27_edge_x-400,35,7110,7,0,14,2,0,1,1,2.94209906398,-400
exec27_edge_x-400,5,17227,0,0,5,0,0,1,1,3.29703536803,-400
exec27_edge_x-400,29,16342,0,0,12,0,0,1,0,2.00604168803,-400
exec27_edge_x-400,2,19946,4,0,19,2,0,1,1,3.22240182053,-400
exec27_edge_x-400,11,19863,1,0,11,0,0,1,0,7.93404816645,-400
exec27_edge_x-400,44,13968,9,1,22,0,0,1,0,9.26747101428,-400
exec27_edge_x-400,2,19937,2,0,2,0,0,1,0,3.2241077255,-400
exec27_edge_x-400,17,11184,4,0,30,9,0,1,1,4.18024276332,-400
exec27_edge_x-400,5,17186,7,0,21,5,6,1,1,5.87482869245,-400
exec27_edge_x-400,8,4271,8,1,39,7,1,1,1,9.69747058968,-400
exec27_edge_x-400,29,16293,5,0,3,0,0,1,0,2.505827755,-400
exec27_edge_x-400,11,19817,2,0,9,2,0,1,1,3.08854768973,-400
exec27_edge_x-400,44,13924,1,0,4,0,0,1,0,2.1197171982,-400
exec27_edge_x-400,23,21748,4,0,2,0,0,1,0,6.43084681229,-400
exec27_edge_x-400,23,22283,4,0,0,0,0,0,0,9.81296316908,-400
exec27_edge_x-400,26,4894,4,0,2,0,0,1,1,2.14460473046,-400
exec27_edge_x-400,44,13912,3,0,8,7,0,1,1,1.86106839744,-400
exec27_edge_x-400,23,21741,0,0,1,0,0,1,0,5.64662809329,-400
exec27_edge_x-400,5,17145,7,0,5,0,0,1,0,5.14435893074,-400
exec27_edge_x-400,5,17137,6,0,11,5,0,1,1,2.34226412662,-400
exec27_edge_x-400,2,19850,4,0,0,0,0,0,0,5.24239407094,-400
exec27_edge_x-400,5,17128,6,0,21,0,0,1,0,3.22102828211,-400
exec27_edge_x-400,35,6992,4,0,14,0,0,1,0,3.51009730732,-400
exec27_edge_x-400,11,19776,0,0,8,0,0,1,0,1.98707973479,-400
exec27_edge_x-400,48,5818,7,0,3,0,0,1,0,1.91887044875,-400
exec27_edge_x-400,48,5813,5,0,4,0,0,1,1,6.46666898377,-400
exec27_edge_x-400,23,21681,1,0,3,2,0,1,1,2.02360883684,-400
exec27_edge_x-400,48,5809,6,0,0,0,0,1,0,4.69595105541,-400
exec27_edge_x-400,41,17453,4,0,15,2,0,1,1,5.45806729402,-400
exec27_edge_x-400,5,17095,7,0,11,0,0,1,0,2.17271252628,-400
exec27_edge_x-400,17,11068,2,0,9,1,0,1,1,10.8320279819,-400
exec27_edge_x-400,14,15454,7,0,4,0,0,1,0,3.24680492472,-400
exec27_edge_x-400,29,16219,2,0,17,9,0,1,1,2.85814518987,-400
exec27_edge_x-400,44,13843,2,0,9,1,0,1,1,2.9771201723,-400
exec27_edge_x-400,2,19799,4,0,7,0,0,1,0,4.65029134974,-400
exec27_edge_x-400,44,13833,0,0,2,0,0,1,0,2.44004024619,-400
exec27_edge_x-400,17,11054,5,0,8,5,0,1,1,6.32392097123,-400
exec27_edge_x-400,48,5776,7,0,4,0,0,1,0,1.49338727878,-400
exec27_edge_x-400,17,11048,7,0,22,4,0,1,1,7.98878486927,-400
exec27_edge_x-400,41,17422,2,0,2,0,0,1,0,2.20401544503,-400
exec27_edge_x-400,32,15030,2,0,48,16,0,1,1,3.40383626755,-400
exec27_edge_x-400,2,19787,6,0,8,0,0,1,0,3.11888959745,-400
exec27_edge_x-400,44,13822,6,0,14,2,0,1,1,3.0368171396,-400
exec27_edge_x-400,17,11032,4,0,4,0,0,1,0,2.20747469616,-400
exec27_edge_x-400,17,11898,4,0,0,0,0,0,0,3.49076658143,-400
exec27_edge_x-400,26,4803,1,0,7,0,0,1,0,1.49101354034,-400
exec27_edge_x-400,47,11326,7,0,11,0,0,1,1,2.07906626446,-400
exec27_edge_x-400,23,21615,7,0,0,0,0,1,0,3.74840458027,-400
exec27_edge_x-400,41,17395,4,0,7,3,0,1,1,3.3722137818,-400
exec27_edge_x-400,26,4781,5,0,3,0,0,1,0,3.42893036981,-400
exec27_edge_x-400,35,6910,7,0,10,0,0,1,1,2.33248828543,-400
exec27_edge_x-400,29,16168,3,0,0,0,0,1,0,1.93378845547,-400
exec27_edge_x-400,2,19752,7,0,8,10,0,1,1,2.00707649162,-400
exec27_edge_x-400,41,17379,6,0,14,5,0,1,1,4.25068209328,-400
exec27_edge_x-400,48,5709,7,0,3,0,0,1,0,4.1404846356,-400
exec27_edge_x-400,47,11287,1,0,10,0,0,1,0,1.50084390314,-400
exec27_edge_x-400,35,6897,7,0,8,2,0,1,1,2.70523075186,-400
exec27_edge_x-400,23,21591,6,0,12,1,0,1,1,3.34230212873,-400
exec27_edge_x-400,41,17361,0,0,0,0,0,1,0,5.92662274734,-400
exec27_edge_x-400,11,19675,2,0,15,7,0,1,1,8.13374762215,-400
exec27_edge_x-400,44,13745,1,0,4,0,0,1,0,3.82823000416,-400
exec27_edge_x-400,47,11274,5,0,1,0,0,1,0,4.67198811791,-400
exec27_edge_x-400,44,13743,4,0,13,1,0,1,1,3.84567785615,-400
exec27_edge_x-400,32,14945,14,1,4,0,0,1,0,5.66574898029,-400
exec27_edge_x-400,32,14943,6,0,5,2,0,1,1,3.6788492977,-400
exec27_edge_x-400,14,15342,3,0,4,1,0,1,1,2.83799178409,-400
exec27_edge_x-400,2,19691,6,0,1,0,0,1,0,3.87410341443,-400
exec27_edge_x-400,29,16122,4,0,6,0,0,1,0,2.24958964759,-400
exec27_edge_x-400,48,5663,6,0,22,3,1,1,1,2.38547724276,-400
exec27_edge_x-400,14,15335,3,0,7,0,0,1,0,2.40658192758,-400
exec27_edge_x-400,5,16971,2,0,23,2,0,1,1,4.00422517101,-400
exec27_edge_x-400,47,11232,6,0,9,4,0,1,1,2.99033700957,-400
exec27_edge_x-400,47,11230,6,0,8,2,0,1,1,2.28189311505,-400
exec27_edge_x-400,35,6833,7,0,10,0,0,1,0,6.52840322472,-400
exec27_edge_x-400,14,15295,3,0,5,1,0,1,1,3.20185830158,-400
exec27_edge_x-400,5,16953,1,0,28,2,0,1,1,5.58610623255,-400
exec27_edge_x-400,5,18508,1,0,0,0,0,0,0,6.44684056446,-400
exec27_edge_x-400,2,19653,0,0,23,7,0,1,1,7.77249826654,-400
exec27_edge_x-400,48,6523,0,0,4,0,0,1,0,9.77792106754,-400
exec27_edge_x-400,14,15293,5,0,23,5,0,1,1,2.4746210143,-400
exec27_edge_x-400,47,11214,6,0,17,1,0,1,1,2.39788392415,-400
exec27_edge_x-400,14,15284,0,0,5,0,0,1,0,3.56693103338,-400
exec27_edge_x-400,11,19591,6,0,2,0,0,1,1,3.03813123999,-400
exec27_edge_x-400,2,19646,5,0,1,0,0,1,0,2.32027733513,-400
exec27_edge_x-400,29,16075,5,0,8,0,0,1,1,3.05791983738,-400
exec27_edge_x-400,17,10906,5,0,10,0,0,1,0,3.25427641908,-400
exec27_edge_x-400,48,5598,5,0,11,4,0,1,1,7.99884282806,-400
exec27_edge_x-400,5,16935,3,0,8,2,0,1,1,5.75926712724,-400
exec27_edge_x-400,26,4666,2,0,0,0,0,1,0,4.09751615941,-400
exec27_edge_x-400,17,10891,6,0,8,2,0,1,1,2.13030681757,-400
exec27_edge_x-400,32,14852,5,0,7,0,0,1,1,2.09039465623,-400
exec27_edge_x-400,32,17134,5,0,0,0,0,0,0,6.33489491452,-400
exec27_edge_x-400,29,16054,0,0,21,7,0,1,1,2.12549856577,-400
exec27_edge_x-400,47,11175,6,0,2,0,0,1,0,2.21552806285,-400
exec27_edge_x-400,44,13643,5,0,13,2,0,1,1,2.63483650198,-400
exec27_edge_x-400,11,19561,7,0,14,0,0,1,0,2.32718693717,-400
exec27_edge_x-400,48,5582,3,0,6,0,0,1,0,3.98689837785,-400
exec27_edge_x-400,14,15239,4,0,22,9,0,1,1,4.10759770731,-400
exec27_edge_x-400,8,6911,0,0,1,0,0,1,0,3.91552698067,-400
exec27_edge_x-400,41,17215,7,0,3,0,0,1,0,4.19825093709,-400
exec27_edge_x-400,35,6746,0,0,5,0,0,1,0,3.92103453115,-400
exec27_edge_x-400,41,17213,2,0,16,0,0,1,0,1.86682785907,-400
exec27_edge_x-400,41,17210,0,0,1,0,0,1,0,1.63275209154,-400
exec27_edge_x-400,17,10846,1,0,7,0,0,1,0,4.04827582797,-400
exec27_edge_x-400,29,16004,4,0,5,0,0,1,0,2.51562078799,-400
exec27_edge_x-400,44,13589,5,0,0,0,0,1,0,2.88674374674,-400
exec27_edge_x-400,17,10839,6,0,5,0,0,1,1,4.23137220725,-400
exec27_edge_x-400,29,15994,0,0,9,0,0,1,0,7.6556570368,-400
exec27_edge_x-400,23,21427,6,0,15,0,0,1,0,3.36729817481,-400
exec27_edge_x-400,5,16838,2,0,14,5,0,1,1,1.78389675395,-400
exec27_edge_x-400,11,19507,0,0,7,0,0,1,0,1.67401417214,-400
exec27_edge_x-400,44,13578,6,0,5,0,0,1,0,2.98014270298,-400
exec27_edge_x-400,41,17178,7,0,11,0,0,1,1,2.89476605258,-400
exec27_edge_x-400,26,4580,5,0,10,5,0,1,1,2.14192288277,-400
exec27_edge_x-400,23,21421,5,0,19,2,0,1,1,4.37630586935,-400
exec27_edge_x-400,11,19492,6,0,9,2,0,1,1,2.72176724765,-400
exec27_edge_x-400,2,19524,5,0,7,4,0,1,1,4.07225103271,-400
exec27_edge_x-400,11,19483,0,0,0,0,0,1,0,3.6429102111,-400
exec27_edge_x-400,23,21408,6,0,21,5,0,1,1,2.25524889577,-400
exec27_edge_x-400,35,6680,0,0,19,7,0,1,1,3.367891344,-400
exec27_edge_x-400,29,15961,3,0,5,0,0,1,0,2.01177430938,-400
exec27_edge_x-400,47,11081,6,0,9,0,0,1,0,3.33392212329,-400
exec27_edge_x-400,47,11079,1,0,16,0,0,1,0,3.05036133693,-400
exec27_edge_x-400,23,21396,3,0,15,6,0,1,1,6.47207824461,-400
exec27_edge_x-400,26,4544,0,0,9,2,0,1,1,2.28891132263,-400
exec27_edge_x-400,32,14742,7,0,8,3,0,1,1,5.5922545388,-400
exec27_edge_x-400,44,13528,4,0,0,0,0,1,0,1.73263941138,-400
exec27_edge_x-400,41,17125,0,0,11,3,0,1,1,2.0702795622,-400
exec27_edge_x-400,14,15135,6,0,12,2,0,1,1,2.81310845068,-400
exec27_edge_x-400,8,6831,7,0,10,0,0,1,0,2.19161739093,-400
exec27_edge_x-400,32,14717,4,0,5,0,0,1,0,4.3902015838,-400
exec27_edge_x-400,41,17107,5,0,13,0,0,1,0,4.64822655046,-400
exec27_edge_x-400,35,6613,2,0,0,0,0,0,0,4.67665689508,-400
exec27_edge_x-400,29,15910,0,0,12,5,0,1,1,14.6073704661,-400
exec27_edge_x-400,26,4503,1,0,7,0,0,1,0,6.69612726973,-400
exec27_edge_x-400,17,10737,4,0,5,0,0,1,0,4.00214742974,-400
exec27_edge_x-400,11,19402,1,0,7,0,0,1,0,3.50798265386,-400
exec27_edge_x-400,23,21339,2,0,7,0,0,1,0,1.71151771059,-400
exec27_edge_x-400,17,10731,0,0,13,3,0,1,1,4.95549387407,-400
exec27_edge_x-400,2,19442,0,0,2,0,0,1,0,2.15950481288,-400
exec27_edge_x-400,29,15882,0,0,2,0,0,1,0,1.91083907774,-400
exec27_edge_x-400,32,14676,2,0,10,2,0,1,1,7.28010244466,-400
exec27_edge_x-400,11,19375,3,0,11,1,0,1,1,4.97342335074,-400
exec27_edge_x-400,11,20387,3,0,0,0,0,0,0,9.86167675778,-400
exec27_edge_x-400,14,15065,3,0,7,0,0,1,0,2.96523361586,-400
exec27_edge_x-400,29,15871,0,0,2,1,0,1,1,4.36996443997,-400
exec27_edge_x-400,14,15063,7,0,10,0,0,1,1,2.77588263626,-400
exec27_edge_x-400,14,15060,1,0,7,4,0,1,1,3.19503963852,-400
exec27_edge_x-400,8,6782,3,0,1,0,0,1,0,3.13543363991,-400
exec27_edge_x-400,8,7131,3,0,0,0,0,0,0,3.71442747033,-400
exec27_edge_x-400,17,10692,5,0,0,0,0,1,0,2.07510767479,-400
exec27_edge_x-400,17,10687,5,0,2,0,0,1,0,1.85937806498,-400
exec27_edge_x-400,32,14651,2,0,4,0,0,1,0,3.14443105103,-400
exec27_edge_x-400,32,14648,5,0,27,4,0,1,1,3.41549289297,-400
exec27_edge_x-400,14,15044,0,0,20,4,0,1,1,2.70947154672,-400
exec27_edge_x-400,35,6563,2,0,15,5,0,1,1,4.17754576657,-400
exec27_edge_x-400,5,19934,5,0,6,0,0,1,1,4.96213748141,-400
exec27_edge_x-400,5,20097,5,0,0,0,0,0,0,6.97284360623,-400
exec27_edge_x-400,14,15038,6,0,3,1,0,1,1,10.8803495311,-400
exec27_edge_x-400,35,6555,1,0,2,0,0,1,0,9.61601640992,-400
exec27_edge_x-400,2,19388,8,1,37,4,0,1,1,5.03790832479,-400
exec27_edge_x-400,5,19913,2,0,11,2,0,1,1,3.11865275615,-400
exec27_edge_x-400,35,6525,1,0,0,0,0,1,0,1.50487554443,-400
exec27_edge_x-400,35,6522,5,0,0,0,0,1,0,4.22065893592,-400
exec27_edge_x-400,17,10626,5,0,8,0,0,1,1,5.61088318447,-400
exec27_edge_x-400,26,4374,6,0,12,0,0,1,1,3.19944227293,-400
exec27_edge_x-400,23,21237,1,0,11,0,0,1,0,6.15255138367,-400
exec27_edge_x-400,44,13357,0,0,13,2,0,1,1,5.27499522715,-400
exec27_edge_x-400,29,15772,1,0,3,0,0,1,0,1.98094688825,-400
exec27_edge_x-400,11,19269,0,0,25,1,0,1,1,4.25007560874,-400
exec27_edge_x-400,14,14937,1,0,7,0,0,1,0,2.65516908124,-400
exec27_edge_x-400,11,19268,5,0,8,1,0,1,1,2.22135372304,-400
exec27_edge_x-400,29,15757,5,0,6,0,0,1,0,3.00501663453,-400
exec27_edge_x-400,41,16934,1,0,12,0,0,1,0,2.77373154759,-400
exec27_edge_x-400,14,14913,6,0,14,0,0,1,0,2.39728461121,-400
exec27_edge_x-400,8,6672,6,0,10,3,0,1,1,4.78912401517,-400
exec27_edge_x-400,5,19831,0,0,19,1,0,1,1,4.77612169891,-400
exec27_edge_x-400,5,20099,0,0,0,0,0,0,0,5.03511302051,-400
exec27_edge_x-400,48,5258,5,0,18,8,0,1,1,3.73185359463,-400
exec27_edge_x-400,2,19294,1,0,8,0,0,1,0,5.5376648039,-400
exec27_edge_x-400,14,14900,1,0,8,0,0,1,0,2.35385504594,-400
exec27_edge_x-400,29,15732,6,0,20,5,0,1,1,4.36476606946,-400
exec27_edge_x-400,47,14352,3,0,4,0,0,1,1,3.42730440275,-400
exec27_edge_x-400,44,13283,0,0,2,0,0,1,0,2.0343568063,-400
exec27_edge_x-400,23,21158,4,0,15,4,0,1,1,3.17525206959,-400
exec27_edge_x-400,35,6411,5,0,1,0,0,1,0,8.30099061487,-400
exec27_edge_x-400,5,19798,0,0,17,0,0,1,0,2.0550636154,-400
exec27_edge_x-400,41,16897,1,0,5,0,0,1,0,2.03442088958,-400
exec27_edge_x-400,26,4289,4,0,3,0,0,1,0,2.25962594327,-400
exec27_edge_x-400,2,19236,5,0,4,1,0,1,1,1.27242512091,-400
exec27_edge_x-400,2,19220,1,0,18,9,0,1,1,2.00186232112,-400
exec27_edge_x-400,29,15708,0,0,5,0,0,1,0,2.57727826916,-400
exec27_edge_x-400,32,18686,1,0,0,0,0,1,0,2.08350491897,-400
exec27_edge_x-400,35,6387,10,1,8,0,0,1,0,6.32585676467,-400
exec27_edge_x-400,47,14332,4,0,10,1,0,1,1,3.07598207903,-400
exec27_edge_x-400,26,4260,5,0,8,0,0,1,0,5.73256210852,-400
exec27_edge_x-400,2,23894,7,0,8,0,0,1,0,3.30673743772,-400
exec27_edge_x-400,23,21128,5,0,4,0,0,1,0,2.1561613955,-400
exec27_edge_x-400,17,13621,3,0,4,0,0,1,0,2.81554911347,-400
exec27_edge_x-400,48,5184,0,0,0,0,0,1,1,4.36177478321,-400
exec27_edge_x-400,8,6594,1,0,13,7,0,1,1,2.39207686771,-400
exec27_edge_x-400,32,18665,1,0,8,0,0,1,0,1.98265042148,-400
exec27_edge_x-400,26,4231,2,0,13,2,0,1,1,4.33425826734,-400
exec27_edge_x-400,48,5172,0,0,5,0,0,1,0,2.91133519055,-400
exec27_edge_x-400,29,15662,1,0,5,0,0,1,0,2.7221601211,-400
exec27_edge_x-400,48,5162,4,0,13,0,0,1,0,6.34687410051,-400
exec27_edge_x-400,44,13211,6,0,11,2,0,1,1,1.52534491703,-400
exec27_edge_x-400,2,23846,7,0,12,1,0,1,1,5.87889992059,-400
exec27_edge_x-400,44,13204,6,0,1,1,0,1,1,1.62928798515,-400
exec27_edge_x-400,44,13201,7,0,0,0,0,1,0,2.30257663312,-400
exec27_edge_x-400,47,14276,5,0,8,0,0,1,0,2.81546105221,-400
exec27_edge_x-400,23,21077,12,1,14,6,0,1,1,12.1900487861,-400
exec27_edge_x-400,5,19706,4,0,13,5,0,1,1,3.93424639169,-400
exec27_edge_x-400,32,18600,7,0,2,0,0,1,0,4.62718940729,-400
exec27_edge_x-400,14,14782,5,0,5,0,0,1,1,3.09183982884,-400
exec27_edge_x-400,44,13174,5,0,10,5,0,1,1,4.57702809768,-400
exec27_edge_x-400,29,15627,10,1,13,0,0,1,0,6.59436489212,-400
exec27_edge_x-400,35,6284,0,0,3,0,0,1,0,1.82091006411,-400
exec27_edge_x-400,26,4168,4,0,7,0,0,1,0,2.82087493761,-400
exec27_edge_x-400,29,15613,10,1,10,0,0,1,1,5.03612447681,-400
exec27_edge_x-400,35,6269,0,0,4,1,0,1,1,5.9031372508,-400
exec27_edge_x-400,11,19078,4,0,13,2,0,1,1,1.83796434754,-400
exec27_edge_x-400,29,15605,2,0,21,2,0,1,1,5.1205558789,-400
exec27_edge_x-400,23,21012,4,0,3,0,0,1,1,1.81985560781,-400
exec27_edge_x-400,17,13494,7,0,3,0,0,1,0,7.11022545059,-400
exec27_edge_x-400,23,20995,3,0,14,2,0,1,1,2.24361402984,-400
exec27_edge_x-400,14,14689,7,0,5,0,0,1,1,2.60580188976,-400
exec27_edge_x-400,5,19612,1,0,22,2,0,1,1,3.64865746695,-400
exec27_edge_x-400,8,6466,7,0,10,5,1,1,1,6.09425189518,-400
exec27_edge_x-400,29,15536,6,0,11,0,0,1,0,2.00581333872,-400
exec27_edge_x-400,47,14153,6,0,20,0,0,1,0,4.93313727902,-400
exec27_edge_x-400,11,19008,3,0,10,0,0,1,1,1.69842986333,-400
exec27_edge_x-400,32,18483,6,0,1,0,0,1,0,4.09742138133,-400
exec27_edge_x-400,11,18990,1,0,17,4,0,1,1,5.48667185897,-400
exec27_edge_x-400,14,14644,1,0,4,0,0,1,1,2.22619064949,-400
exec27_edge_x-400,41,16681,9,1,8,0,0,1,0,6.67827535665,-400
exec27_edge_x-400,5,19557,0,0,12,5,0,1,1,2.14579947126,-400
exec27_edge_x-400,17,13426,7,0,18,1,0,1,1,2.78623005385,-400
exec27_edge_x-400,11,18977,6,0,9,1,0,1,1,1.60560166447,-400
exec27_edge_x-400,26,4042,1,0,3,0,0,1,0,1.69598604867,-400
exec27_edge_x-400,14,14630,8,1,3,0,0,1,0,5.65959530099,-400
exec27_edge_x-400,29,15494,1,0,10,0,0,1,0,4.0133837185,-400
exec27_edge_x-400,44,13033,1,0,0,0,0,1,0,2.73558074906,-400
exec27_edge_x-400,35,6167,1,0,10,1,0,1,1,2.93871935826,-400
exec27_edge_x-400,47,14112,5,0,16,13,0,1,1,5.4480627644,-400
exec27_edge_x-400,35,6159,6,0,16,4,0,1,1,2.19509388865,-400
exec27_edge_x-400,32,18442,0,0,11,0,0,1,0,4.24025040444,-400
exec27_edge_x-400,14,14599,5,0,17,3,0,1,1,3.58121569603,-400
exec27_edge_x-400,35,6152,1,0,2,0,0,1,0,5.95562024877,-400
exec27_edge_x-400,41,16643,4,0,3,2,0,1,1,11.7651625773,-400
exec27_edge_x-400,44,13007,5,0,7,0,0,1,0,1.35359138203,-400
exec27_edge_x-400,8,6374,6,0,1,0,0,1,0,6.24889231436,-400
exec27_edge_x-400,14,14584,14,1,8,0,0,1,0,5.67488815915,-400
exec27_edge_x-400,29,15462,3,0,1,0,0,1,0,2.68147135674,-400
exec27_edge_x-400,44,12993,2,0,13,0,0,1,0,1.6399118791,-400
exec27_edge_x-400,5,19476,3,0,9,2,0,1,1,9.93074285979,-400
exec27_edge_x-400,14,14546,5,0,25,0,0,1,0,1.81882102528,-400
exec27_edge_x-400,5,19474,3,0,5,0,0,1,0,3.16797116217,-400
exec27_edge_x-400,17,13350,4,0,17,1,0,1,1,1.90210895506,-400
exec27_edge_x-400,23,20854,4,0,13,3,0,1,1,4.39541587362,-400
exec27_edge_x-400,35,6104,6,0,11,5,0,1,1,3.20222897225,-400
exec27_edge_x-400,32,18375,0,0,19,0,0,1,1,2.87825468022,-400
exec27_edge_x-400,35,6098,7,0,12,3,0,1,1,2.58796270533,-400
exec27_edge_x-400,8,6325,11,1,37,0,1,1,0,6.34710960234,-400
exec27_edge_x-400,26,3946,5,0,18,3,0,1,1,4.42370056971,-400
exec27_edge_x-400,44,16828,5,0,2,0,0,1,0,1.3781192652,-400
exec27_edge_x-400,32,18354,7,0,6,0,0,1,0,7.19128278587,-400
exec27_edge_x-400,8,6315,3,0,0,0,0,0,0,2.1592082175,-400
exec27_edge_x-400,29,15390,0,0,15,7,0,1,1,3.92704093943,-400
exec27_edge_x-400,44,16817,4,0,3,0,0,1,0,2.91674834158,-400
exec27_edge_x-400,47,14020,2,0,11,0,0,1,0,1.93427714753,-400
exec27_edge_x-400,26,3917,7,0,4,0,0,1,0,6.78455785285,-400
exec27_edge_x-400,44,16806,4,0,4,0,0,1,0,2.5550518614,-400
exec27_edge_x-400,14,14490,0,0,4,0,0,1,0,5.45132813164,-400
exec27_edge_x-400,5,19422,2,0,8,0,0,1,0,4.13830359976,-400
exec27_edge_x-400,48,4879,5,0,5,0,0,1,0,3.73148750303,-400
exec27_edge_x-400,29,15367,6,0,7,0,0,1,0,2.03671415571,-400
exec27_edge_x-400,47,14005,4,0,10,0,0,1,0,2.48974638383,-400
exec27_edge_x-400,41,16550,5,0,10,2,0,1,1,4.95755983019,-400
exec27_edge_x-400,23,20810,9,1,24,2,0,1,1,7.74348842113,-400
exec27_edge_x-400,41,16547,7,0,14,1,0,1,1,3.32848485123,-400
exec27_edge_x-400,41,16544,2,0,10,0,0,1,0,6.45010409885,-400
exec27_edge_x-400,29,15356,6,0,5,2,0,1,1,4.5316356293,-400
exec27_edge_x-400,32,18323,0,0,17,6,0,1,1,2.12019688745,-400
exec27_edge_x-400,41,16534,3,0,7,0,0,1,0,3.13712504192,-400
exec27_edge_x-400,48,4866,2,0,5,0,0,1,0,6.085912525,-400
exec27_edge_x-400,48,4855,4,0,0,0,0,1,0,2.64819946803,-400
exec27_edge_x-400,29,15344,6,0,10,2,0,1,1,2.14367513613,-400
exec27_edge_x-400,26,3891,2,0,14,4,0,1,1,1.95975036042,-400
exec27_edge_x-400,17,13635,2,0,12,0,0,1,0,7.57081223641,-400
exec27_edge_x-400,32,18275,4,0,18,0,0,1,1,3.55978762541,-400
exec27_edge_x-400,23,20773,4,0,16,9,0,1,1,2.52656628188,-400
exec27_edge_x-400,2,23499,5,0,2,0,0,1,0,2.43778769458,-400
exec27_edge_x-400,26,3866,2,0,4,4,0,1,1,5.95040154117,-400
exec27_edge_x-400,26,5035,2,0,0,0,0,0,0,7.70408520582,-400
exec27_edge_x-400,5,19365,13,1,32,4,0,1,1,10.8034784263,-400
exec27_edge_x-400,17,13230,0,0,9,0,0,1,1,2.85703627247,-400
exec27_edge_x-400,11,18728,15,1,2,0,0,1,0,3.8867948037,-400
exec27_edge_x-400,47,13938,2,0,2,0,0,1,0,2.05262279289,-400
exec27_edge_x-400,5,19346,14,1,11,0,0,1,0,4.85191015413,-400
exec27_edge_x-400,48,4804,3,0,6,0,0,1,0,4.91058161686,-400
exec27_edge_x-400,44,16727,4,0,14,0,1,1,0,2.97910951524,-400
exec27_edge_x-400,44,16724,5,0,1,0,0,1,0,3.11399703924,-400
exec27_edge_x-400,14,14418,7,0,7,3,0,1,1,8.56698009893,-400
exec27_edge_x-400,29,15285,0,0,2,0,0,1,0,3.34798216846,-400
exec27_edge_x-400,17,13200,6,0,8,0,0,1,0,3.0979894548,-400
exec27_edge_x-400,35,5964,0,0,6,0,0,1,0,2.54118819639,-400
exec27_edge_x-400,32,18239,4,0,9,1,0,1,1,3.88535085227,-400
exec27_edge_x-400,48,4788,4,0,1,0,0,1,0,4.22385388169,-400
exec27_edge_x-400,29,15278,0,0,3,0,0,1,0,1.94665050245,-400
exec27_edge_x-400,8,6186,6,0,8,1,0,1,1,2.19889825366,-400
exec27_edge_x-400,23,20731,4,0,13,0,0,1,0,2.045571941,-400
exec27_edge_x-400,11,18693,5,0,17,2,0,1,1,1.88225600192,-400
exec27_edge_x-400,5,19314,6,0,8,0,0,1,0,7.72638213259,-400
exec27_edge_x-400,47,13898,7,0,6,0,0,1,0,3.95646290299,-400
exec27_edge_x-400,11,18689,4,0,12,0,0,1,0,1.49754829721,-400
exec27_edge_x-400,8,6171,0,0,8,0,0,1,0,2.6259338133,-400
exec27_edge_x-400,35,5931,2,0,1,0,0,1,0,4.35480498306,-400
exec27_edge_x-400,17,13155,4,0,13,2,0,1,1,2.38692433392,-400
exec27_edge_x-400,2,23420,7,0,13,0,0,1,0,3.71573102805,-400
exec27_edge_x-400,14,14370,0,0,11,3,0,1,1,5.08019369009,-400
exec27_edge_x-400,26,3795,6,0,15,3,0,1,1,1.88036101914,-400
exec27_edge_x-400,8,6149,3,0,6,1,0,1,1,3.17174835611,-400
exec27_edge_x-400,5,19286,3,0,14,0,0,1,1,5.70209230414,-400
exec27_edge_x-400,32,18196,0,0,6,0,0,1,0,2.14148477129,-400
exec27_edge_x-400,44,16678,5,0,21,5,0,1,1,4.14107532825,-400
exec27_edge_x-400,48,4743,3,0,3,0,0,1,0,3.1332899277,-400
exec27_edge_x-400,41,16427,5,0,12,0,0,1,0,5.47307185808,-400
exec27_edge_x-400,41,16425,6,0,7,0,0,1,1,2.23938870711,-400
exec27_edge_x-400,26,3761,6,0,2,0,0,1,0,3.54742506503,-400
exec27_edge_x-400,41,16410,2,0,0,0,0,1,0,1.5653118638,-400
exec27_edge_x-400,14,14329,2,0,18,9,0,1,1,4.38753332795,-400
exec27_edge_x-400,35,5875,5,0,6,0,0,1,0,3.78914728163,-400
exec27_edge_x-400,48,4706,2,0,13,1,0,1,1,4.11658954847,-400
exec27_edge_x-400,5,19225,5,0,0,0,0,1,0,2.95811375192,-400
exec27_edge_x-400,48,4678,6,0,7,4,0,1,1,2.31325089375,-400
exec27_edge_x-400,26,3722,0,0,15,1,0,1,1,4.91120080807,-400
exec27_edge_x-400,29,15150,7,0,5,1,0,1,1,5.09932294332,-400
exec27_edge_x-400,48,4672,2,0,3,0,0,1,0,4.58638648069,-400
exec27_edge_x-400,2,23339,6,0,6,0,0,1,0,2.73071611185,-400
exec27_edge_x-400,32,18130,7,0,0,0,0,1,0,1.9915387132,-400
exec27_edge_x-400,5,19201,10,1,21,8,0,1,1,5.00754269964,-400
exec27_edge_x-400,32,18129,4,0,23,2,0,1,1,3.65360821839,-400
exec27_edge_x-400,44,16606,6,0,6,0,0,1,0,4.2978635427,-400
exec27_edge_x-400,41,16368,0,0,3,0,0,1,0,2.6850177256,-400
exec27_edge_x-400,2,23318,0,0,5,0,0,1,0,1.43487249456,-400
exec27_edge_x-400,48,4647,2,0,1,0,0,1,0,2.97456188428,-400
exec27_edge_x-400,17,13057,6,0,5,0,0,1,1,3.38830351967,-400
exec27_edge_x-400,44,16578,6,0,7,0,0,1,1,2.08982924144,-400
exec27_edge_x-400,32,18099,5,0,8,2,0,1,1,8.06317715065,-400
exec27_edge_x-400,41,16337,1,0,9,2,0,1,1,3.78243164367,-400
exec27_edge_x-400,8,6032,4,0,5,0,0,1,0,3.25950987488,-400
exec27_edge_x-400,5,19160,2,0,12,0,0,1,0,3.03258811471,-400
exec27_edge_x-400,48,4624,2,0,15,3,0,1,1,2.77020512576,-400
exec27_edge_x-400,44,16561,9,1,1,0,0,1,0,5.5689282182,-400
exec27_edge_x-400,2,23268,2,0,8,0,0,1,0,3.14557616826,-400
exec27_edge_x-400,26,3656,5,0,2,0,0,1,0,1.49842631026,-400
exec27_edge_x-400,44,16555,6,0,9,0,0,1,0,3.0110082705,-400
exec27_edge_x-400,35,5794,4,0,23,10,0,1,1,5.19212571577,-400
exec27_edge_x-400,8,6006,3,0,11,0,0,1,1,3.03558758093,-400
exec27_edge_x-400,35,5788,6,0,7,0,0,1,1,2.3645656752,-400
exec27_edge_x-400,32,18066,14,1,37,2,0,1,1,11.4906781217,-400
exec27_edge_x-400,23,20538,6,0,8,7,0,1,1,3.78541656215,-400
exec27_edge_x-400,47,13728,0,0,2,0,0,1,1,6.21295464845,-400
exec27_edge_x-400,23,20529,7,0,7,2,0,1,1,4.28422896496,-400
exec27_edge_x-400,41,16295,3,0,8,0,0,1,0,3.84388851974,-400
exec27_edge_x-400,11,20595,0,0,11,4,0,1,1,2.97045722731,-400
exec27_edge_x-400,44,16530,3,0,10,0,0,1,0,6.43447254696,-400
exec27_edge_x-400,48,4581,0,0,12,4,0,1,1,3.53523855831,-400
exec27_edge_x-400,5,19104,3,0,3,0,0,1,0,3.99324066882,-400
exec27_edge_x-400,11,20590,3,0,1,0,0,1,0,11.6356555761,-400
exec27_edge_x-400,47,13708,7,0,6,0,0,1,1,4.42770019901,-400
exec27_edge_x-400,17,12976,2,0,6,0,0,1,0,4.31367659572,-400
exec27_edge_x-400,35,5718,3,0,10,0,0,1,0,3.72323113202,-400
exec27_edge_x-400,26,3585,2,0,6,0,0,1,0,2.37946870616,-400
exec27_edge_x-400,48,4522,6,0,9,0,0,1,0,2.7021529611,-400
exec27_edge_x-400,5,19058,4,0,6,0,0,1,1,2.40483819206,-400
exec27_edge_x-400,35,5677,3,0,5,0,0,1,0,1.32086472966,-400
exec27_edge_x-400,5,19054,1,0,10,2,0,1,1,3.03712119994,-400
exec27_edge_x-400,32,18000,3,0,23,3,0,1,1,2.50158677237,-400
exec27_edge_x-400,41,16219,6,0,0,0,0,0,0,3.55109732969,-400
exec27_edge_x-400,44,16466,1,0,9,6,0,1,1,2.00479634575,-400
exec27_edge_x-400,29,15005,2,0,17,0,0,1,0,2.93129090946,-400
exec27_edge_x-400,2,23141,2,0,4,0,0,1,0,6.36120901998,-400
exec27_edge_x-400,8,5897,7,0,3,0,0,1,0,6.93812358375,-400
exec27_edge_x-400,44,16442,5,0,4,1,0,1,1,2.1173695253,-400
exec27_edge_x-400,8,5893,3,0,4,2,0,1,1,2.9431688276,-400
exec27_edge_x-400,32,17964,7,0,12,0,0,1,1,2.85668464103,-400
exec27_edge_x-400,8,5890,3,0,6,0,0,1,0,2.38977668546,-400
exec27_edge_x-400,32,17950,5,0,18,9,0,1,1,6.35576043611,-400
exec27_edge_x-400,47,13576,7,0,6,0,0,1,0,3.57126050062,-400
exec27_edge_x-400,26,3504,2,0,7,0,0,1,0,3.30273807995,-400
exec27_edge_x-400,32,17932,1,0,3,3,0,1,1,2.37222913244,-400
exec27_edge_x-400,47,13558,4,0,4,0,0,1,1,2.70843495882,-400
exec27_edge_x-400,5,18968,1,0,2,0,0,1,0,1.93561747734,-400
exec27_edge_x-400,41,16133,7,0,14,0,0,1,0,3.01769032539,-400
exec27_edge_x-400,2,23077,0,0,1,1,0,1,1,3.91904498058,-400
exec27_edge_x-400,23,20326,4,0,10,1,0,1,1,1.5848630936,-400
exec27_edge_x-400,11,20436,4,0,0,0,0,1,0,3.68269173643,-400
exec27_edge_x-400,48,4382,0,0,7,0,0,1,0,2.16987047731,-400
exec27_edge_x-400,11,20431,6,0,21,0,0,1,0,2.60715934923,-400
exec27_edge_x-400,2,23065,7,0,10,0,0,1,0,4.07124995883,-400
exec27_edge_x-400,26,3441,4,0,3,0,0,1,1,8.49837598613,-400
exec27_edge_x-400,44,16366,7,0,0,0,0,1,0,2.92139239359,-400
exec27_edge_x-400,47,13522,4,0,11,3,0,1,1,6.04172986525,-400
exec27_edge_x-400,2,23048,1,0,1,0,0,1,0,4.23845696698,-400
exec27_edge_x-400,47,13499,6,0,5,0,0,1,0,3.11878619779,-400
exec27_edge_x-400,41,16097,6,0,4,0,0,1,0,5.88682048222,-400
exec27_edge_x-400,5,18918,2,0,9,0,0,1,0,4.75776531832,-400
exec27_edge_x-400,5,18904,1,0,2,0,0,1,0,3.42748381261,-400
exec27_edge_x-400,2,23023,6,0,7,0,0,1,0,5.03191872189,-400
exec27_edge_x-400,2,23017,1,0,8,0,0,1,0,2.56293355482,-400
exec27_edge_x-400,44,16305,13,1,13,0,0,1,0,4.30215969359,-400
exec27_edge_x-400,48,4306,4,0,7,1,0,1,1,6.29390474313,-400
exec27_edge_x-400,5,18885,4,0,4,0,0,1,0,9.15082349459,-400
exec27_edge_x-400,48,4296,6,0,21,2,0,1,1,8.60463715518,-400
exec27_edge_x-400,26,3346,4,0,0,0,0,0,0,3.14118239513,-400
exec27_edge_x-400,8,8804,4,0,3,0,0,1,0,3.26259518718,-400
exec27_edge_x-400,17,12728,5,0,11,0,0,1,0,4.99789474665,-400
exec27_edge_x-400,35,10664,6,0,10,0,0,1,0,3.01570247005,-400
exec27_edge_x-400,44,16263,3,0,7,2,0,1,1,3.77350725064,-400
exec27_edge_x-400,48,4264,5,0,0,0,0,1,1,2.26109394312,-400
exec27_edge_x-400,26,3331,7,0,5,0,0,1,0,2.28195795188,-400
exec27_edge_x-400,23,23038,2,0,0,0,0,0,0,3.72131984249,-400
exec27_edge_x-400,41,16008,4,0,10,0,0,1,0,2.55639458547,-400
exec27_edge_x-400,47,13381,0,0,7,0,0,1,0,3.55319811022,-400
exec27_edge_x-400,48,4255,6,0,15,0,0,1,0,3.14394567282,-400
exec27_edge_x-400,5,18845,7,0,14,0,0,1,1,3.45823412787,-400
exec27_edge_x-400,32,18726,0,0,10,0,0,1,0,4.03847888284,-400
exec27_edge_x-400,29,17266,3,0,5,0,0,1,0,3.93853594195,-400
exec27_edge_x-400,32,17772,4,0,11,5,0,1,1,3.21978960113,-400
exec27_edge_x-400,41,15999,0,0,15,12,0,1,1,3.1728000377,-400
exec27_edge_x-400,47,13364,3,0,0,0,0,1,0,6.19699602046,-400
exec27_edge_x-400,26,3281,0,0,6,0,0,1,0,4.58285062346,-400
exec27_edge_x-400,23,22985,0,0,1,2,0,1,1,7.59458879081,-400
exec27_edge_x-400,44,16198,0,0,16,2,0,1,1,3.89719510446,-400
exec27_edge_x-400,41,15959,6,0,4,0,0,1,0,2.03411876292,-400
exec27_edge_x-400,48,4193,4,0,3,0,0,1,0,2.60027463971,-400
exec27_edge_x-400,17,12620,7,0,15,5,0,1,1,3.43310951605,-400
exec27_edge_x-400,23,22952,1,0,1,0,0,1,0,2.00267726856,-400
exec27_edge_x-400,14,17091,1,0,17,5,0,1,1,5.05529089373,-400
exec27_edge_x-400,26,3246,1,0,11,7,0,1,1,2.05998261193,-400
exec27_edge_x-400,23,22947,2,0,5,4,0,1,1,4.00324418929,-400
exec27_edge_x-400,48,4179,3,0,6,0,0,1,1,6.23993161157,-400
exec27_edge_x-400,23,22941,5,0,9,0,0,1,1,5.0402601142,-400
exec27_edge_x-400,44,16842,0,0,0,0,0,1,0,7.7038805444,-400
exec27_edge_x-400,47,13286,1,0,7,0,0,1,0,6.07476458349,-400
exec27_edge_x-400,5,18753,1,0,10,0,0,1,0,3.20557467266,-400
exec27_edge_x-400,47,13272,5,0,13,4,0,1,1,5.71409996949,-400
exec27_edge_x-400,47,14526,5,0,0,0,0,0,0,9.58320740002,-400
exec27_edge_x-400,2,22856,5,0,11,1,0,1,1,4.48097576959,-400
exec27_edge_x-400,2,22846,1,0,4,0,0,1,0,4.11300420656,-400
exec27_edge_x-400,26,3195,4,0,8,4,0,1,1,4.46501892006,-400
exec27_edge_x-400,17,12566,6,0,16,3,0,1,1,5.13142782363,-400
exec27_edge_x-400,44,16130,4,0,10,0,0,1,0,2.03908301238,-400
exec27_edge_x-400,48,4143,3,0,14,2,0,1,1,4.86804151226,-400
exec27_edge_x-400,26,3189,5,0,8,0,0,1,0,4.7425454493,-400
exec27_edge_x-400,35,10516,3,0,4,2,0,1,1,3.54729447555,-400
exec27_edge_x-400,41,15883,3,0,11,1,0,1,1,4.84851451063,-400
exec27_edge_x-400,47,13248,4,0,23,6,0,1,1,3.08860760819,-400
exec27_edge_x-400,47,13242,1,0,0,0,0,0,0,2.20925747413,-400
exec27_edge_x-400,23,22882,0,0,15,2,0,1,1,2.63784552781,-400
exec27_edge_x-400,2,22810,2,0,11,6,0,1,1,5.94656299908,-400
exec27_edge_x-400,32,17599,7,0,4,0,0,1,0,9.5290507289,-400
exec27_edge_x-400,2,22800,3,0,9,1,0,1,1,2.12119193294,-400
exec27_edge_x-400,35,10474,6,0,11,0,0,1,0,3.76458714536,-400
exec27_edge_x-400,17,12510,2,0,6,0,0,1,0,5.66388277356,-400
exec27_edge_x-400,48,4074,3,0,3,0,0,1,0,2.77489524211,-400
exec27_edge_x-400,8,8596,3,0,7,0,2,1,0,2.67491497505,-400
exec27_edge_x-400,32,17561,5,0,16,2,3,1,1,2.97966532614,-400
exec27_edge_x-400,41,15810,6,0,6,0,0,1,0,2.22635758326,-400
exec27_edge_x-400,14,16976,6,0,10,2,0,1,1,3.8005282076,-400
exec27_edge_x-400,14,16955,1,0,0,0,0,1,0,3.42654791919,-400
exec27_edge_x-400,47,13157,6,0,7,0,0,1,1,4.71961945602,-400
exec27_edge_x-400,26,3088,7,0,17,5,0,1,1,3.32323330593,-400
exec27_edge_x-400,26,3083,8,1,24,4,1,1,1,5.04126712874,-400
exec27_edge_x-400,41,15784,3,0,9,0,0,1,0,4.10202532472,-400
exec27_edge_x-400,47,13142,0,0,3,1,0,1,1,3.14026398827,-400
exec27_edge_x-400,44,16009,1,0,3,0,0,1,0,1.45881303913,-400
exec27_edge_x-400,14,16939,1,0,19,4,0,1,1,9.64343017757,-400
exec27_edge_x-400,35,10417,7,0,4,0,0,1,1,4.59364051788,-400
exec27_edge_x-400,47,13127,3,0,16,0,0,1,0,6.8640831338,-400
exec27_edge_x-400,14,16924,2,0,17,3,0,1,1,3.05763333315,-400
exec27_edge_x-400,23,22748,5,0,3,0,0,1,1,2.28576904513,-400
exec27_edge_x-400,44,15993,6,0,4,0,0,1,0,4.71158124088,-400
exec27_edge_x-400,44,16846,6,0,0,0,0,0,0,8.78236765696,-400
exec27_edge_x-400,5,18559,7,0,12,0,0,1,1,1.40680618651,-400
exec27_edge_x-400,32,17494,3,0,10,0,0,1,0,7.11248969568,-400
exec27_edge_x-400,41,15754,6,0,0,0,0,0,0,2.94701847482,-400
exec27_edge_x-400,17,12392,1,0,2,0,0,1,0,3.72701228972,-400
exec27_edge_x-400,44,15958,7,0,5,0,0,1,1,4.32550336279,-400
exec27_edge_x-400,41,15731,0,0,2,0,0,1,0,2.10761532828,-400
exec27_edge_x-400,41,15726,1,0,3,0,0,1,0,1.62663200675,-400
exec27_edge_x-400,47,13075,6,0,13,8,0,1,1,3.51158929996,-400
exec27_edge_x-400,2,22674,4,0,6,0,0,1,0,6.5919508821,-400
exec27_edge_x-400,41,15716,1,0,3,0,0,1,0,2.26573132065,-400
exec27_edge_x-400,2,22666,1,0,5,0,0,1,0,3.7415129115,-400
exec27_edge_x-400,5,21617,5,0,9,2,0,1,1,4.15228072649,-400
exec27_edge_x-400,17,12366,7,0,16,0,0,1,0,3.28403482545,-400
exec27_edge_x-400,26,6458,2,0,5,0,0,1,0,2.52920204171,-400
exec27_edge_x-400,8,8457,2,0,22,0,0,1,1,5.49780119447,-400
exec27_edge_x-400,41,15700,7,0,24,15,0,1,1,3.90283725774,-400
exec27_edge_x-400,5,21607,1,0,4,0,0,1,0,3.67933739978,-400
exec27_edge_x-400,14,16851,7,0,21,8,0,1,1,3.41430976017,-400
exec27_edge_x-400,41,15677,5,0,8,0,0,1,0,2.89945687761,-400
exec27_edge_x-400,8,8439,3,0,22,0,0,1,0,2.75588551721,-400
exec27_edge_x-400,48,3909,2,0,18,2,0,1,1,5.52356850146,-400
exec27_edge_x-400,23,22641,2,0,1,0,0,1,0,2.46387906026,-400
exec27_edge_x-400,48,3892,2,0,16,14,0,1,1,2.56533950004,-400
exec27_edge_x-400,8,8402,7,0,1,0,0,1,0,1.92839422841,-400
exec27_edge_x-400,17,12285,5,0,13,5,0,1,1,3.66391061261,-400
exec27_edge_x-400,44,15855,2,0,6,0,0,1,0,3.25310851197,-400
exec27_edge_x-400,8,8384,4,0,4,0,0,1,0,3.35594201477,-400
exec27_edge_x-400,44,15849,0,0,0,0,0,1,0,2.56308436181,-400
exec27_edge_x-400,14,16781,1,0,17,2,0,1,1,3.75354279393,-400
exec27_edge_x-400,48,3852,5,0,18,4,0,1,1,4.13923801367,-400
exec27_edge_x-400,44,15827,6,0,11,0,0,1,1,5.23970715611,-400
exec27_edge_x-400,41,15605,6,0,7,0,0,1,0,3.04684858255,-400
exec27_edge_x-400,35,10246,0,0,12,0,0,1,0,3.4072983535,-400
exec27_edge_x-400,48,3842,4,0,0,0,0,1,0,3.06075560635,-400
exec27_edge_x-400,48,3840,6,0,5,0,0,1,1,2.96389229692,-400
exec27_edge_x-400,41,15584,6,0,14,0,0,1,0,3.00064963638,-400
exec27_edge_x-400,23,22540,3,0,1,0,0,1,0,2.59784591563,-400
exec27_edge_x-400,48,3805,7,0,5,0,0,1,0,2.44181208624,-400
exec27_edge_x-400,5,21485,7,0,5,0,0,1,0,2.75327492841,-400
exec27_edge_x-400,35,10199,1,0,3,0,0,1,1,7.33900187846,-400
exec27_edge_x-400,8,8321,2,0,16,0,0,1,1,3.76892491761,-400
exec27_edge_x-400,5,21475,0,0,10,0,0,1,1,5.54317068357,-400
exec27_edge_x-400,5,21470,7,0,4,0,0,1,0,4.53205845146,-400
exec27_edge_x-400,2,22521,2,0,6,1,0,1,1,2.36543620169,-400
exec27_edge_x-400,14,16705,5,0,16,2,0,1,1,4.61143812738,-400
exec27_edge_x-400,44,15766,6,0,3,0,0,1,1,5.89863939011,-400
exec27_edge_x-400,8,8302,1,0,11,0,0,1,1,2.38637548255,-400
exec27_edge_x-400,5,21462,0,0,19,1,0,1,1,3.83127369027,-400
exec27_edge_x-400,26,6297,3,0,9,3,0,1,1,2.9856298742,-400
exec27_edge_x-400,41,15524,15,1,0,0,0,1,0,4.87086308746,-400
exec27_edge_x-400,23,22489,0,0,5,2,0,1,1,4.84762986077,-400
exec27_edge_x-400,47,16491,4,0,3,0,0,1,0,2.31098999587,-400
exec27_edge_x-400,14,16663,5,0,1,0,0,1,0,6.2609236644,-400
exec27_edge_x-400,44,15731,7,0,6,0,0,1,0,1.72594201455,-400
exec27_edge_x-400,35,10133,1,0,7,0,0,1,0,3.12057519692,-400
exec27_edge_x-400,47,16474,0,0,8,0,0,1,0,4.72675379081,-400
exec27_edge_x-400,8,8265,2,0,25,8,0,1,1,5.35648182741,-400
exec27_edge_x-400,5,21421,1,0,1,0,0,1,0,1.88043979357,-400
exec27_edge_x-400,48,3705,2,0,8,4,0,1,1,3.27985362068,-400
exec27_edge_x-400,17,12130,11,1,11,0,0,1,0,7.68476197592,-400
exec27_edge_x-400,32,17208,4,0,37,15,0,1,1,3.0229654822,-400
exec27_edge_x-400,5,21406,2,0,6,2,0,1,1,1.96787574368,-400
exec27_edge_x-400,17,12124,7,0,17,4,0,1,1,3.5958338598,-400
exec27_edge_x-400,5,21396,3,0,2,3,0,1,1,4.02510118263,-400
exec27_edge_x-400,26,6238,7,0,12,7,0,1,1,9.60334496653,-400
exec27_edge_x-400,5,21394,5,0,2,2,0,1,1,6.24853168951,-400
exec27_edge_x-400,26,6214,5,0,0,0,0,1,0,3.01403550122,-400
exec27_edge_x-400,14,16601,1,0,19,4,0,1,1,2.58304563764,-400
exec27_edge_x-400,8,8211,7,0,26,7,0,1,1,3.03804654818,-400
exec27_edge_x-400,17,12080,6,0,4,0,0,1,0,2.71157933079,-400
exec27_edge_x-400,32,19043,4,0,13,0,0,1,0,2.25226313315,-400
exec27_edge_x-400,48,3637,6,0,12,0,0,1,0,1.51471596837,-400
exec27_edge_x-400,26,6190,7,0,4,0,0,1,0,1.95095921648,-400
exec27_edge_x-400,8,8186,6,0,21,5,0,1,1,3.22354839565,-400
exec27_edge_x-400,47,16393,1,0,7,0,0,1,0,3.35559197512,-400
exec27_edge_x-400,32,19015,13,1,16,2,0,1,1,4.61961953697,-400
exec27_edge_x-400,26,6175,6,0,4,1,0,1,1,3.80390781874,-400
exec27_edge_x-400,32,19008,7,0,7,0,0,1,0,2.46413170114,-400
exec27_edge_x-400,48,3606,4,0,4,0,0,1,0,3.69065152403,-400
exec27_edge_x-400,32,18998,7,0,7,0,0,1,1,2.96668501371,-400
exec27_edge_x-400,5,21316,4,0,14,1,0,1,1,3.65209583747,-400
exec27_edge_x-400,5,21314,4,0,18,6,0,1,1,3.93279307888,-400
exec27_edge_x-400,5,21310,2,0,18,2,0,1,1,5.65672740751,-400
exec27_edge_x-400,2,22348,6,0,13,0,0,1,0,2.51362367844,-400
exec27_edge_x-400,14,16547,3,0,9,0,0,1,0,4.15721141336,-400
exec27_edge_x-400,23,22346,0,0,33,1,0,1,1,1.68376950927,-400
exec27_edge_x-400,5,21298,1,0,1,0,0,1,1,3.24050835649,-400
exec27_edge_x-400,44,15617,6,0,1,0,0,1,0,2.49869108121,-400
exec27_edge_x-400,32,18968,1,0,15,0,0,1,1,3.9142837154,-400
exec27_edge_x-400,8,8136,5,0,1,0,0,1,0,2.89836907139,-400
exec27_edge_x-400,8,8837,6,0,2,0,0,1,0,4.05936606596,-400
exec27_edge_x-400,23,22289,0,0,25,4,0,1,1,1.69534871607,-400
exec27_edge_x-400,35,9982,4,0,13,0,0,1,0,3.4974636803,-400
exec27_edge_x-400,26,6094,7,0,2,0,0,1,0,5.23204222307,-400
exec27_edge_x-400,2,22291,1,0,3,0,0,1,0,3.01879534892,-400
exec27_edge_x-400,48,3529,7,0,13,2,0,1,1,3.74954374973,-400
exec27_edge_x-400,44,15560,1,0,6,0,0,1,0,2.85166291934,-400
exec27_edge_x-400,8,8082,0,0,21,6,0,1,1,2.67963894138,-400
exec27_edge_x-400,17,15771,2,0,3,1,0,1,1,1.50563414432,-400
exec27_edge_x-400,35,9944,9,1,12,0,0,1,0,8.63053059122,-400
exec27_edge_x-400,44,15543,4,0,11,0,0,1,1,7.1418696124,-400
exec27_edge_x-400,44,16849,4,0,0,0,0,0,0,7.6920663664,-400
exec27_edge_x-400,47,16269,2,0,0,0,0,1,1,4.49826778409,-400
exec27_edge_x-400,5,21214,3,0,3,0,0,1,0,9.23038928017,-400
exec27_edge_x-400,48,3491,2,0,2,0,0,1,0,5.60884236551,-400
exec27_edge_x-400,5,21205,1,0,15,2,0,1,1,2.93075219845,-400
exec27_edge_x-400,2,22239,6,0,12,8,0,1,1,3.71382407356,-400
exec27_edge_x-400,26,6013,0,0,6,0,0,1,0,2.12018328686,-400
exec27_edge_x-400,17,15715,3,0,5,0,0,1,0,1.9515325976,-400
exec27_edge_x-400,48,3477,7,0,10,1,0,1,1,2.04903382317,-400
exec27_edge_x-400,17,15713,7,0,10,5,0,1,1,6.17940889325,-400
exec27_edge_x-400,41,18688,6,0,5,2,0,1,1,1.776953822,-400
exec27_edge_x-400,35,9859,0,0,8,0,0,1,0,2.16640606002,-400
exec27_edge_x-400,2,22203,4,0,19,3,0,1,1,6.29171996532,-400
exec27_edge_x-400,48,3458,7,0,5,0,0,1,0,5.49982661225,-400
exec27_edge_x-400,32,18817,1,0,4,0,0,1,0,6.19855096432,-400
exec27_edge_x-400,14,16408,3,0,12,0,0,1,0,3.36249860089,-400
exec27_edge_x-400,17,15674,7,0,4,0,0,1,0,3.19217102223,-400
exec27_edge_x-400,5,21142,5,0,11,2,0,1,1,3.39976432123,-400
exec27_edge_x-400,26,5971,2,0,7,0,0,1,0,2.80940509231,-400
exec27_edge_x-400,44,15445,3,0,1,0,0,1,0,3.00411329897,-400
exec27_edge_x-400,14,16369,1,0,0,0,0,0,0,6.70182667678,-400
exec27_edge_x-400,47,16180,7,0,8,4,0,1,1,3.82817373504,-400
exec27_edge_x-400,44,15425,1,0,10,1,0,1,1,5.6095274259,-400
exec27_edge_x-400,8,7970,7,0,4,0,0,1,0,5.19759548748,-400
exec27_edge_x-400,41,18603,1,0,11,1,0,1,1,3.08771553132,-400
exec27_edge_x-400,8,7943,4,0,16,3,0,1,1,3.23862252025,-400
exec27_edge_x-400,8,7942,4,0,12,0,0,1,1,1.75612127281,-400
exec27_edge_x-400,44,15372,3,0,22,4,0,1,1,3.88541173379,-400
exec27_edge_x-400,8,7918,3,0,12,4,0,1,1,2.22556650496,-400
exec27_edge_x-400,26,5882,4,0,0,0,0,0,0,5.11447832192,-400
exec27_edge_x-400,2,22104,6,0,11,0,0,1,0,2.66412769424,-400
exec27_edge_x-400,14,16297,5,0,12,4,0,1,1,2.78218847615,-400
exec27_edge_x-400,47,16108,6,0,2,0,0,1,1,4.84000544299,-400
exec27_edge_x-400,47,16102,0,0,3,0,0,1,1,2.45762873857,-400
exec27_edge_x-400,5,21040,4,0,17,5,0,1,1,3.30392029836,-400
exec27_edge_x-400,17,15537,6,0,0,0,0,1,0,3.84616723132,-400
exec27_edge_x-400,41,18538,6,0,2,0,0,1,0,2.95020629738,-400
exec27_edge_x-400,14,16254,7,0,11,3,0,1,1,3.36541634605,-400
exec27_edge_x-400,5,21019,0,0,25,0,0,1,1,6.85482583126,-400
exec27_edge_x-400,14,16250,3,0,9,2,0,1,1,3.99280757947,-400
exec27_edge_x-400,48,3271,7,0,4,0,0,1,0,1.82855947977,-400
exec27_edge_x-400,17,15523,4,0,20,7,0,1,1,4.4755505117,-400
exec27_edge_x-400,41,18512,5,0,6,0,0,1,0,2.81144363627,-400
exec27_edge_x-400,44,15292,2,0,18,1,0,1,1,6.85807614146,-400
exec27_edge_x-400,14,16219,5,0,7,0,0,1,0,1.61774845628,-400
exec27_edge_x-400,48,3245,1,0,16,9,0,1,1,3.20423773657,-400
exec27_edge_x-400,8,7832,5,0,1,0,0,1,0,7.77503758483,-400
exec27_edge_x-400,47,16033,1,0,6,1,0,1,1,2.26437041882,-400
exec27_edge_x-400,44,15279,2,0,10,2,0,1,1,10.8995481284,-400
exec27_edge_x-400,41,18471,14,1,14,0,0,1,0,7.57534101398,-400
exec27_edge_x-400,44,15263,1,0,2,0,0,1,0,3.41911224523,-400
exec27_edge_x-400,48,3199,5,0,11,0,0,1,0,2.82780018753,-400
exec27_edge_x-400,26,5763,0,0,3,0,0,1,0,9.50768530918,-400
exec27_edge_x-400,2,21937,4,0,12,0,0,1,0,1.47398529012,-400
exec27_edge_x-400,26,5755,3,0,6,0,0,1,1,3.69336758226,-400
exec27_edge_x-400,35,9622,6,0,5,0,0,1,0,4.6219999748,-400
exec27_edge_x-400,17,15432,4,0,6,2,0,1,1,2.31046393555,-400
exec27_edge_x-400,48,3184,1,0,28,13,0,1,1,2.09408688028,-400
exec27_edge_x-400,48,6533,1,0,0,0,0,0,0,4.01781177117,-400
exec27_edge_x-400,5,20879,7,0,1,0,0,1,0,4.8458014166,-400
exec27_edge_x-400,17,15401,6,0,0,0,0,1,0,4.73482488151,-400
exec27_edge_x-400,8,7748,3,0,13,0,0,1,0,4.70234934003,-400
exec27_edge_x-400,44,15190,7,0,5,1,0,1,1,3.03290829962,-400
exec27_edge_x-400,17,15383,2,0,4,0,0,1,0,8.36584426613,-400
exec27_edge_x-400,2,25631,3,0,3,0,0,1,0,2.31991190129,-400
exec27_edge_x-400,2,25626,2,0,8,0,0,1,0,5.34237751862,-400
exec27_edge_x-400,26,5705,9,1,1,0,0,1,0,6.82417392039,-400
exec27_edge_x-400,17,15364,1,0,6,0,0,1,1,2.25115037414,-400
exec27_edge_x-400,47,15932,4,0,10,0,0,1,0,4.35575346816,-400
exec27_edge_x-400,47,15930,2,0,0,0,0,1,0,1.97499834055,-400
exec27_edge_x-400,17,15351,6,0,26,9,0,1,1,4.47159920311,-400
exec27_edge_x-400,47,15904,0,0,2,0,0,1,0,5.52027521717,-400
exec27_edge_x-400,44,15142,4,0,3,0,0,1,0,4.77997830855,-400
exec27_edge_x-400,48,8089,5,0,18,6,0,1,1,2.00531816527,-400
exec27_edge_x-400,14,16023,1,0,2,0,0,1,0,2.86655404179,-400
exec27_edge_x-400,5,20776,6,0,3,0,0,1,0,4.99318477196,-400
exec27_edge_x-400,44,15095,3,0,1,0,0,1,0,9.81278476295,-400
exec27_edge_x-400,17,15300,4,0,17,6,0,1,1,3.74222716127,-400
exec27_edge_x-400,2,25534,0,0,5,0,0,1,0,1.64641244962,-400
exec27_edge_x-400,2,25529,6,0,7,0,0,1,0,2.18948826809,-400
exec27_edge_x-400,44,15079,3,0,12,0,0,1,0,2.78833954987,-400
exec27_edge_x-400,17,15291,4,0,15,1,0,1,1,3.0470353261,-400
exec27_edge_x-400,26,5614,2,0,6,2,0,1,1,3.32183660307,-400
exec27_edge_x-400,2,25501,5,0,1,0,0,1,0,7.89116682072,-400
exec27_edge_x-400,14,15989,7,0,15,2,0,1,1,7.9598195405,-400
exec27_edge_x-400,17,15254,0,0,12,5,0,1,1,2.59780974976,-400
exec27_edge_x-400,35,9393,3,0,23,2,0,1,1,5.79683222465,-400
exec27_edge_x-400,44,15018,1,0,6,3,0,1,1,5.17982642555,-400
exec27_edge_x-400,2,25448,5,0,10,2,0,1,1,3.2260157246,-400
exec27_edge_x-400,2,25446,5,0,10,6,0,1,1,4.50828069565,-400
exec27_edge_x-400,8,7573,2,0,14,4,0,1,1,3.83100076615,-400
exec27_edge_x-400,44,14988,7,0,2,0,0,1,0,3.11643826428,-400
exec27_edge_x-400,35,9346,0,0,5,0,0,1,0,5.23161679347,-400
exec27_edge_x-400,14,15898,2,0,2,0,0,1,0,7.82385964164,-400
exec27_edge_x-400,8,7558,4,0,12,4,0,1,1,4.41064624659,-400
exec27_edge_x-400,35,9325,1,0,5,4,0,1,1,5.44715161941,-400
exec27_edge_x-400,48,7930,4,0,15,0,0,1,0,6.40173538348,-400
exec27_edge_x-400,14,15877,4,0,7,0,0,1,1,8.1184841572,-400
exec27_edge_x-400,44,14957,4,0,26,10,0,1,1,4.06713669294,-400
exec27_edge_x-400,17,15140,7,0,4,1,0,1,1,2.75044886209,-400
exec27_edge_x-400,14,15860,6,0,7,0,0,1,0,1.51086578832,-400
exec27_edge_x-400,26,5450,0,0,7,0,0,1,0,10.3590628841,-400
exec27_edge_x-400,14,15821,4,0,11,4,0,1,1,1.793380073,-400
exec27_edge_x-400,8,7478,5,0,6,0,0,1,0,3.6429962378,-400
exec27_edge_x-400,47,15678,3,0,6,0,0,1,0,2.92903362033,-400
exec27_edge_x-400,47,15675,0,0,12,1,0,1,1,2.47759402591,-400
exec27_edge_x-400,26,5414,5,0,2,0,0,1,0,2.81702019753,-400
exec27_edge_x-400,2,25336,6,0,5,2,0,1,1,2.32675425346,-400
exec27_edge_x-400,44,14877,8,1,1,0,0,1,0,5.8616569129,-400
exec27_edge_x-400,48,7840,15,1,13,3,0,1,1,4.84469353104,-400
exec27_edge_x-400,26,5386,2,0,11,0,0,1,0,3.7985284531,-400
exec27_edge_x-400,47,15640,5,0,13,0,0,1,0,4.23629424052,-400
exec27_edge_x-400,17,15058,2,0,21,0,0,1,0,8.68983292626,-400
exec27_edge_x-400,48,7816,6,0,0,0,0,1,0,11.1035940472,-400
exec27_edge_x-400,14,17803,2,0,9,4,0,1,1,2.98208452035,-400
exec27_edge_x-400,26,5375,1,0,9,0,0,1,0,1.78054066469,-400
exec27_edge_x-400,17,15030,3,0,5,0,0,1,0,2.05303228751,-400
exec27_edge_x-400,8,7411,5,0,6,0,0,1,1,2.58069451925,-400
exec27_edge_x-400,47,15612,4,0,25,12,0,1,1,5.47893637146,-400
exec27_edge_x-400,44,14822,3,0,17,5,0,1,1,2.92611305174,-400
exec27_edge_x-400,17,14998,5,0,15,8,0,1,1,4.29602169606,-400
exec27_edge_x-400,47,15579,2,0,7,0,0,1,1,3.68768401645,-400
exec27_edge_x-400,47,15577,11,1,6,0,0,1,0,6.33628852543,-400
exec27_edge_x-400,5,20461,6,0,1,0,0,1,0,3.60911755921,-400
exec27_edge_x-400,8,7357,4,0,13,0,0,1,1,2.3410893232,-400
exec27_edge_x-400,48,7722,5,0,28,23,0,1,1,5.0259150943,-400
exec27_edge_x-400,35,9105,0,0,14,2,0,1,1,3.83512639184,-400
exec27_edge_x-400,5,20415,2,0,12,11,0,1,1,3.87675180982,-400
exec27_edge_x-400,8,7299,0,0,4,0,0,1,0,5.0906024729,-400
exec27_edge_x-400,35,9084,0,0,11,2,0,1,1,1.76062711775,-400
exec27_edge_x-400,35,9070,10,1,5,0,0,1,0,4.15976261214,-400
exec27_edge_x-400,17,14890,7,0,4,0,0,1,0,3.35316159096,-400
exec27_edge_x-400,14,17687,3,0,38,27,0,1,1,6.19825258893,-400
exec27_edge_x-400,5,20388,6,0,21,16,0,1,1,3.25879498537,-400
exec27_edge_x-400,47,15466,3,0,20,6,0,1,1,3.27437031873,-400
exec27_edge_x-400,48,7676,4,0,30,3,0,1,1,2.96880600038,-400
exec27_edge_x-400,35,9057,0,0,9,2,0,1,1,2.24756275039,-400
exec27_edge_x-400,14,17671,11,1,0,0,0,1,0,4.21018758507,-400
exec27_edge_x-400,8,7261,1,0,7,0,0,1,0,3.00307123254,-400
exec27_edge_x-400,2,25137,3,0,8,2,0,1,1,3.67101701637,-400
exec27_edge_x-400,2,25096,5,0,10,1,0,1,1,5.55848700272,-400
exec27_edge_x-400,5,20333,7,0,11,3,0,1,1,3.94394240864,-400
exec27_edge_x-400,14,17622,4,0,1,0,0,1,0,3.11886265203,-400
exec27_edge_x-400,48,7602,6,0,2,0,0,1,0,1.90229107956,-400
exec27_edge_x-400,17,14806,3,0,8,2,0,1,1,3.93894374031,-400
exec27_edge_x-400,44,18349,7,0,12,0,0,1,1,3.62089156364,-400
exec27_edge_x-400,47,15387,4,0,7,0,0,1,0,4.66484119998,-400
exec27_edge_x-400,2,25055,5,0,14,6,0,1,1,3.35351107049,-400
exec27_edge_x-400,5,20290,7,0,7,2,0,1,1,4.73908559249,-400
exec27_edge_x-400,5,20287,2,0,0,0,0,1,0,2.01637883055,-400
exec27_edge_x-400,8,10331,7,0,17,2,0,1,1,1.86041606875,-400
exec27_edge_x-400,2,25015,2,0,8,4,0,1,1,3.14982542372,-400
exec27_edge_x-400,26,7951,5,0,7,2,0,1,1,5.19488259695,-400
exec27_edge_x-400,14,17557,6,0,12,0,0,1,1,3.05885383836,-400
exec27_edge_x-400,8,10306,4,0,3,0,0,1,0,1.49871435884,-400
exec27_edge_x-400,2,24997,3,0,23,5,0,1,1,2.92356660627,-400
exec27_edge_x-400,8,10305,13,1,34,3,0,1,1,6.87341098868,-400
exec27_edge_x-400,17,14732,0,0,3,1,0,1,1,2.37255679739,-400
exec27_edge_x-400,17,14714,5,0,7,3,0,1,1,3.08018086708,-400
exec27_edge_x-400,44,18253,7,0,16,2,0,1,1,1.94746532152,-400
exec27_edge_x-400,14,17513,0,0,3,1,0,1,1,1.25327816548,-400
exec27_edge_x-400,48,7480,6,0,7,0,0,1,0,6.17726151085,-400
exec27_edge_x-400,48,7476,6,0,8,2,0,1,1,8.10495889618,-400
exec27_edge_x-400,47,15257,5,0,7,3,0,1,1,2.29123444077,-400
exec27_edge_x-400,8,10237,2,0,4,0,0,1,0,3.72593501511,-400
exec27_edge_x-400,2,24941,7,0,13,0,0,1,0,4.53151887367,-400
exec27_edge_x-400,2,24924,3,0,10,4,0,1,1,5.44989110671,-400
exec27_edge_x-400,35,8834,4,0,16,1,0,1,1,2.48153796746,-400
exec27_edge_x-400,17,14655,0,0,9,0,0,1,0,4.18042634488,-400
exec27_edge_x-400,8,10207,7,0,12,0,0,1,1,2.37542479716,-400
exec27_edge_x-400,35,8815,3,0,1,0,0,1,0,11.4511858399,-400
exec27_edge_x-400,26,7833,5,0,9,2,0,1,1,3.05313405134,-400
exec27_edge_x-400,5,23617,2,0,1,0,0,1,0,4.21068661087,-400
exec27_edge_x-400,26,7822,7,0,1,0,0,1,0,2.14620070825,-400
exec27_edge_x-400,44,18182,4,0,11,3,0,1,1,1.85516648416,-400
exec27_edge_x-400,17,14616,2,0,0,0,0,1,0,2.95487361559,-400
exec27_edge_x-400,5,23592,8,1,7,0,0,1,0,5.03087264755,-400
exec27_edge_x-400,47,15168,6,0,9,1,0,1,1,2.51608373987,-400
exec27_edge_x-400,8,10167,11,1,10,1,0,1,1,6.37259665974,-400
exec27_edge_x-400,5,23590,4,0,17,5,0,1,1,3.72253192089,-400
exec27_edge_x-400,44,18158,2,0,7,0,0,1,0,6.69737586347,-400
exec27_edge_x-400,44,18154,2,0,11,0,0,1,0,2.04895291464,-400
exec27_edge_x-400,8,10146,4,0,16,5,0,1,1,5.78588231186,-400
exec27_edge_x-400,17,14573,4,0,2,0,0,1,0,1.83754848616,-400
exec27_edge_x-400,8,10144,2,0,11,0,0,1,1,4.60205298568,-400
exec27_edge_x-400,48,7378,6,0,6,0,0,1,0,5.01548875049,-400
exec27_edge_x-400,44,18116,3,0,15,4,0,1,1,7.53900684345,-400
exec27_edge_x-400,26,7766,4,0,4,0,0,1,1,3.6343688799,-400
exec27_edge_x-400,44,18105,6,0,2,0,0,1,0,3.68177713749,-400
exec27_edge_x-400,35,8712,3,0,3,0,0,1,1,2.62799465894,-400
exec27_edge_x-400,35,8706,5,0,5,0,0,1,0,1.56412402555,-400
exec27_edge_x-400,17,14531,1,0,20,6,0,1,1,3.10899153816,-400
exec27_edge_x-400,8,10095,2,0,12,0,0,1,0,3.09667145692,-400
exec27_edge_x-400,17,14526,0,0,14,10,0,1,1,3.46905283162,-400
exec27_edge_x-400,44,18082,1,0,6,1,0,1,1,2.14593982699,-400
exec27_edge_x-400,5,23499,7,0,4,0,0,1,0,4.77843560997,-400
exec27_edge_x-400,2,24739,1,0,5,0,0,1,0,7.60461985946,-400
exec27_edge_x-400,5,23471,3,0,0,0,0,1,0,3.43224876591,-400
exec27_edge_x-400,17,14469,3,0,11,0,0,1,0,1.83161512218,-400
exec27_edge_x-400,2,24731,5,0,5,0,0,1,0,3.75156714288,-400
exec27_edge_x-400,5,23463,6,0,9,4,0,1,1,2.14766146721,-400
exec27_edge_x-400,17,14450,7,0,19,8,0,1,1,3.81919176929,-400
exec27_edge_x-400,44,18017,7,0,6,0,0,1,0,8.02574192194,-400
exec27_edge_x-400,17,14424,2,0,6,0,0,1,0,2.9435860014,-400
exec27_edge_x-400,5,23427,5,0,3,0,0,1,0,1.68485110937,-400
exec27_edge_x-400,2,24672,6,0,4,0,0,1,0,1.47394310729,-400
exec27_edge_x-400,5,23403,6,0,8,3,0,1,1,2.4805246143,-400
exec27_edge_x-400,35,8570,6,0,0,0,0,1,0,2.836014579,-400
exec27_edge_x-400,5,23396,7,0,4,0,0,1,0,3.39527979263,-400
exec27_edge_x-400,5,23388,4,0,12,4,0,1,1,3.93575957965,-400
exec27_edge_x-400,44,17968,1,0,15,5,0,1,1,5.52491818868,-400
exec27_edge_x-400,8,9928,7,0,7,0,0,1,0,3.76923587039,-400
exec27_edge_x-400,35,8548,5,0,7,4,0,1,1,2.81663837934,-400
exec27_edge_x-400,26,7599,0,0,20,3,0,1,1,3.58545994779,-400
exec27_edge_x-400,47,14944,6,0,2,0,0,1,1,2.21459715321,-400
exec27_edge_x-400,8,9922,8,1,18,0,0,1,0,5.29503030566,-400
exec27_edge_x-400,17,14357,0,0,7,0,0,1,1,2.72427886865,-400
exec27_edge_x-400,26,7593,0,0,15,3,0,1,1,9.00996115792,-400
exec27_edge_x-400,35,8510,6,0,8,0,0,1,0,3.67985510766,-400
exec27_edge_x-400,26,7570,7,0,13,2,0,1,1,4.02274121284,-400
exec27_edge_x-400,8,9871,5,0,4,0,0,1,0,6.22726209263,-400
exec27_edge_x-400,44,17913,7,0,8,0,0,1,0,3.21103132182,-400
exec27_edge_x-400,5,23336,2,0,25,11,0,1,1,2.55532563087,-400
exec27_edge_x-400,44,17907,6,0,6,2,0,1,1,5.33655360839,-400
exec27_edge_x-400,5,23321,3,0,21,3,0,1,1,6.20529503261,-400
exec27_edge_x-400,35,8471,2,0,0,0,0,0,0,3.7090582842,-400
exec27_edge_x-400,35,8468,5,0,5,0,0,1,0,2.1516705641,-400
exec27_edge_x-400,8,9845,14,1,7,0,0,1,0,10.54746654,-400
exec27_edge_x-400,17,14282,6,0,11,0,0,1,1,5.36900821998,-400
exec27_edge_x-400,48,7139,1,0,0,0,0,1,0,1.65693396003,-400
exec27_edge_x-400,48,7120,4,0,3,1,0,1,1,6.4552583686,-400
exec27_edge_x-400,44,17864,5,0,21,6,0,1,1,4.97443895199,-400
exec27_edge_x-400,17,14258,2,0,6,0,0,1,0,8.05881165255,-400
exec27_edge_x-400,17,14257,6,0,13,6,1,1,1,3.00209059467,-400
exec27_edge_x-400,5,23279,13,1,22,4,0,1,1,12.4992793937,-400
exec27_edge_x-400,47,14817,1,0,7,0,0,1,0,3.40312443405,-400
exec27_edge_x-400,44,17827,0,0,19,0,0,1,0,1.7799657253,-400
exec27_edge_x-400,35,8396,4,0,13,0,0,1,0,2.696977354,-400
exec27_edge_x-400,48,7072,3,0,8,0,0,1,0,2.36745644631,-400
exec27_edge_x-400,48,7044,0,0,1,0,0,1,1,4.86711252545,-400
exec27_edge_x-400,35,8374,4,0,5,3,0,1,1,4.27182080948,-400
exec27_edge_x-400,48,7040,7,0,13,5,0,1,1,5.40534566287,-400
exec27_edge_x-400,2,24456,5,0,10,3,0,1,1,2.92717679368,-400
exec27_edge_x-400,44,17760,6,0,7,0,0,1,0,2.29119527644,-400
exec27_edge_x-400,47,14747,1,0,16,3,0,1,1,2.69945019397,-400
exec27_edge_x-400,48,7000,2,0,10,0,0,1,0,2.09635878925,-400
exec27_edge_x-400,35,8302,7,0,0,0,0,0,0,4.67631251666,-400
exec27_edge_x-400,48,6985,5,0,0,0,0,1,0,2.97348109591,-400
exec27_edge_x-400,48,6984,5,0,14,9,0,1,1,3.77124590307,-400
exec27_edge_x-400,8,9671,1,0,3,0,0,1,0,2.38971492092,-400
exec27_edge_x-400,2,24375,0,0,8,0,0,1,0,4.03097655432,-400
exec27_edge_x-400,35,8274,7,0,15,0,0,1,1,2.55382652697,-400
exec27_edge_x-400,5,23125,5,0,9,0,0,1,0,1.94063766472,-400
exec27_edge_x-400,35,8271,5,0,3,0,0,1,0,3.28953427459,-400
exec27_edge_x-400,44,17675,0,0,12,0,0,1,1,3.42761145595,-400
exec27_edge_x-400,2,24340,7,0,29,14,0,1,1,3.59743963593,-400
exec27_edge_x-400,5,23072,6,0,7,0,0,1,0,1.75437376576,-400
exec27_edge_x-400,17,14048,2,0,7,0,0,1,0,3.9903136127,-400
exec27_edge_x-400,17,14040,2,0,7,2,0,1,1,2.80941196859,-400
exec27_edge_x-400,44,17621,7,0,8,0,0,1,0,6.53589401814,-400
exec27_edge_x-400,5,23038,6,0,13,4,0,1,1,3.31306133901,-400
exec27_edge_x-400,44,17607,0,0,6,0,0,1,0,2.16941720883,-400
exec27_edge_x-400,44,17598,2,0,15,0,0,1,0,1.72711602729,-400
exec27_edge_x-400,35,8172,6,0,25,3,0,1,1,4.60169990789,-400
exec27_edge_x-400,48,6856,0,0,10,0,0,1,0,3.70839964338,-400
exec27_edge_x-400,8,9544,2,0,34,13,0,1,1,4.5101802712,-400
exec27_edge_x-400,17,13997,1,0,14,5,0,1,1,2.21167980434,-400
exec27_edge_x-400,48,6848,7,0,14,3,0,1,1,3.29565336737,-400
exec27_edge_x-400,8,9536,6,0,14,0,0,1,0,3.07758952283,-400
exec27_edge_x-400,2,24257,5,0,8,0,0,1,0,4.92173539587,-400
exec27_edge_x-400,47,19255,6,0,22,5,0,1,1,3.50771208885,-400
exec27_edge_x-400,48,6818,4,0,10,1,0,1,1,2.76196397341,-400
exec27_edge_x-400,26,7193,1,0,10,3,0,1,1,2.4264085362,-400
exec27_edge_x-400,2,24238,5,0,11,0,0,1,0,2.38368045254,-400
exec27_edge_x-400,2,24228,1,0,6,0,0,1,0,1.81918838585,-400
exec27_edge_x-400,44,17518,4,0,12,3,0,1,1,2.89308840808,-400
exec27_edge_x-400,47,19223,6,0,3,0,0,1,0,8.2007809878,-400
exec27_edge_x-400,47,19205,6,0,0,2,0,1,1,5.07400556426,-400
exec27_edge_x-400,47,19204,0,0,6,1,0,1,1,2.66818007233,-400
exec27_edge_x-400,8,9466,5,0,11,0,0,1,0,4.97273738497,-400
exec27_edge_x-400,17,13924,5,0,9,0,0,1,0,2.15727575966,-400
exec27_edge_x-400,8,9450,7,0,5,0,0,1,0,4.69407202966,-400
exec27_edge_x-400,47,19165,5,0,12,1,0,1,1,5.74429764362,-400
exec27_edge_x-400,48,6732,7,0,11,2,0,1,1,4.78233305194,-400
exec27_edge_x-400,17,13890,0,0,14,5,0,1,1,2.75777307212,-400
exec27_edge_x-400,17,13883,0,0,3,0,0,1,0,6.33285924959,-400
exec27_edge_x-400,26,7092,1,0,6,0,0,1,0,1.8438981829,-400
exec27_edge_x-400,26,7966,1,0,0,0,0,0,0,2.38169822487,-400
exec27_edge_x-400,26,7087,2,0,2,0,0,1,0,2.86901591295,-400
exec27_edge_x-400,44,17423,0,0,3,0,0,1,0,4.29756320477,-400
exec27_edge_x-400,17,13865,3,0,10,3,0,1,1,2.86198726306,-400
exec27_edge_x-400,8,9391,7,0,5,4,0,1,1,1.82592114838,-400
exec27_edge_x-400,47,19116,7,0,1,0,0,1,0,3.83354485249,-400
exec27_edge_x-400,5,22836,3,0,2,0,0,1,1,3.31911715359,-400
exec27_edge_x-400,26,7007,0,0,9,0,0,1,0,4.46533332887,-400
exec27_edge_x-400,5,22796,5,0,14,0,0,1,1,3.01232894266,-400
exec27_edge_x-400,47,19061,5,0,6,0,0,1,0,2.24838401533,-400
exec27_edge_x-400,5,22790,6,0,18,1,0,1,1,2.98506540102,-400
exec27_edge_x-400,44,17353,6,0,3,0,0,1,0,2.4202718812,-400
exec27_edge_x-400,2,24058,3,0,11,4,0,1,1,3.39922632261,-400
exec27_edge_x-400,5,22768,3,0,20,6,0,1,1,5.94675615073,-400
exec27_edge_x-400,8,9283,3,0,0,0,0,1,0,4.05941791873,-400
exec27_edge_x-400,26,6969,2,0,4,0,0,1,0,2.85499177876,-400
exec27_edge_x-400,2,24033,6,0,12,3,0,1,1,4.43796459613,-400
exec27_edge_x-400,26,6963,0,0,9,0,0,1,1,2.42949695675,-400
exec27_edge_x-400,26,6953,5,0,0,0,0,1,0,9.04692967962,-400
exec27_edge_x-400,5,22733,6,0,3,0,0,1,1,3.34975155353,-400
exec27_edge_x-400,8,9259,5,0,5,0,0,1,0,4.09535920195,-400
exec27_edge_x-400,35,12055,3,0,10,0,0,1,0,1.85265083697,-400
exec27_edge_x-400,8,9224,4,0,15,0,0,1,0,1.85671838095,-400
exec27_edge_x-400,17,13717,7,0,12,0,0,1,0,1.48913974917,-400
exec27_edge_x-400,47,18990,0,0,4,0,0,1,0,1.96430194185,-400
exec27_edge_x-400,48,9450,7,0,28,10,0,1,1,4.56720737162,-400
exec27_edge_x-400,8,9193,7,0,11,0,0,1,0,2.54536766337,-400
exec27_edge_x-400,2,27171,1,0,0,0,0,0,0,2.13693283605,-400
exec27_edge_x-400,35,12008,3,0,4,0,0,1,0,2.76418390179,-400
exec27_edge_x-400,26,6884,5,0,1,0,0,1,0,1.77295041657,-400
exec27_edge_x-400,26,6879,4,0,16,0,0,1,0,2.77503478576,-400
exec27_edge_x-400,2,27151,6,0,11,10,0,1,1,2.94327912066,-400
exec27_edge_x-400,17,18683,7,0,3,2,0,1,1,4.24036549331,-400
exec27_edge_x-400,47,18937,3,0,2,0,0,1,0,2.31969216149,-400
exec27_edge_x-400,35,11971,7,0,2,0,0,1,0,4.08141621432,-400
exec27_edge_x-400,5,22614,6,0,11,3,0,1,1,4.50874784984,-400
exec27_edge_x-400,8,9129,3,0,8,2,0,1,1,3.13637983025,-400
exec27_edge_x-400,2,27122,9,1,3,0,0,1,0,4.88319389671,-400
exec27_edge_x-400,5,22586,3,0,9,1,0,1,1,1.75411848929,-400
exec27_edge_x-400,48,9334,14,1,5,0,0,1,0,4.82583848912,-400
exec27_edge_x-400,26,6790,1,0,11,4,0,1,1,5.58208389864,-400
exec27_edge_x-400,44,17140,1,0,8,3,0,1,1,3.2967361872,-400
exec27_edge_x-400,35,11910,10,1,17,2,0,1,1,5.68655268369,-400
exec27_edge_x-400,8,9085,5,0,2,0,0,1,0,3.36197656366,-400
exec27_edge_x-400,35,11890,0,0,3,0,0,1,0,2.42247970834,-400
exec27_edge_x-400,44,17115,12,1,20,5,0,1,1,4.79208473723,-400
exec27_edge_x-400,48,9290,5,0,1,0,0,1,1,4.51647846854,-400
exec27_edge_x-400,35,11861,5,0,3,0,0,1,0,2.74011827702,-400
exec27_edge_x-400,35,11846,6,0,31,9,0,1,1,7.12335265012,-400
exec27_edge_x-400,48,9267,3,0,11,0,0,1,0,3.63297537437,-400
exec27_edge_x-400,2,27004,6,0,10,0,0,1,0,5.30997647186,-400
exec27_edge_x-400,35,11831,7,0,4,0,0,1,0,1.92857858363,-400
exec27_edge_x-400,2,26996,5,0,9,9,0,1,1,2.7124171074,-400
exec27_edge_x-400,35,11828,6,0,1,0,0,1,0,4.55294266858,-400
exec27_edge_x-400,26,6700,5,0,7,1,0,1,1,2.79583937612,-400
exec27_edge_x-400,48,9246,3,0,10,3,0,1,1,5.10996198916,-400
exec27_edge_x-400,44,17042,0,0,10,5,0,1,1,16.4438911961,-400
exec27_edge_x-400,17,18524,7,0,12,2,0,1,1,8.24752956182,-400
exec27_edge_x-400,26,6678,6,0,10,0,0,1,1,3.37362470396,-400
exec27_edge_x-400,44,17025,15,1,14,0,0,1,0,4.93881356454,-400
exec27_edge_x-400,47,18761,4,0,16,6,0,1,1,2.73124666462,-400
exec27_edge_x-400,26,6654,6,0,10,0,0,1,0,5.53093552354,-400
exec27_edge_x-400,48,9207,3,0,5,0,0,1,0,8.67729533853,-400
exec27_edge_x-400,44,16992,0,0,4,0,0,1,0,1.79062042325,-400
exec27_edge_x-400,35,11734,5,0,15,2,0,1,1,1.97066064486,-400
exec27_edge_x-400,47,18736,7,0,3,2,0,1,1,7.16416396148,-400
exec27_edge_x-400,17,18465,7,0,13,0,0,1,0,8.79595620547,-400
exec27_edge_x-400,47,18697,1,0,1,0,0,1,1,2.8666860872,-400
exec27_edge_x-400,48,9143,6,0,8,0,0,1,1,2.53315188075,-400
exec27_edge_x-400,5,22350,2,0,15,0,0,1,1,2.88351206593,-400
exec27_edge_x-400,35,11651,2,0,0,0,0,1,0,6.30030103685,-400
exec27_edge_x-400,2,26840,3,0,5,0,0,1,0,9.71678333605,-400
exec27_edge_x-400,35,11646,4,0,12,4,0,1,1,3.1517146054,-400
exec27_edge_x-400,26,6492,7,0,0,0,0,1,0,1.32794735335,-400
exec27_edge_x-400,8,12213,2,0,2,0,0,1,0,5.1642691055,-400
exec27_edge_x-400,44,18872,1,0,9,0,0,1,0,1.79721815918,-400
exec27_edge_x-400,5,22296,3,0,4,0,0,1,0,8.82634263648,-400
exec27_edge_x-400,2,26787,14,1,19,0,0,1,0,4.93181928744,-400
exec27_edge_x-400,2,27175,14,1,0,0,0,0,0,6.13342974216,-400
exec27_edge_x-400,2,26771,3,0,15,1,0,1,1,5.00394346237,-400
exec27_edge_x-400,17,18327,1,0,7,0,0,1,0,3.16488864648,-400
exec27_edge_x-400,35,11572,1,0,21,1,0,1,1,3.72274661541,-400
exec27_edge_x-400,26,9511,3,0,0,0,0,1,1,1.58548599853,-400
exec27_edge_x-400,8,12148,4,0,15,8,0,1,1,7.2270627405,-400
exec27_edge_x-400,26,9500,2,0,28,6,0,1,1,2.48752384052,-400
exec27_edge_x-400,48,9014,7,0,2,0,0,1,0,3.03496289946,-400
exec27_edge_x-400,47,18546,1,0,14,0,0,1,0,7.66779313373,-400
exec27_edge_x-400,35,11511,0,0,12,0,0,1,0,1.82030326828,-400
exec27_edge_x-400,17,18266,6,0,2,0,0,1,0,6.14889405684,-400
exec27_edge_x-400,2,26691,7,0,3,0,0,1,0,4.72779529089,-400
exec27_edge_x-400,5,22192,3,0,7,0,0,1,0,9.97878394697,-400
exec27_edge_x-400,44,18745,7,0,18,6,0,1,1,2.7176821065,-400
exec27_edge_x-400,44,18896,7,0,0,0,0,0,0,8.61234781903,-400
exec27_edge_x-400,8,12061,0,0,13,1,0,1,1,2.8964234979,-400
exec27_edge_x-400,8,12054,3,0,4,2,0,1,1,1.89475691988,-400
exec27_edge_x-400,26,9413,3,0,8,4,0,1,1,5.81426008419,-400
exec27_edge_x-400,5,22158,5,0,10,0,0,1,0,4.07044870856,-400
exec27_edge_x-400,35,11463,0,0,24,5,0,1,1,3.85185361558,-400
exec27_edge_x-400,17,18202,1,0,2,0,0,1,0,2.23969317015,-400
exec27_edge_x-400,5,22142,2,0,15,6,0,1,1,2.44312453897,-400
exec27_edge_x-400,26,9373,0,0,6,0,0,1,0,2.70549118886,-400
exec27_edge_x-400,8,12019,2,0,5,4,0,1,1,2.74979016483,-400
exec27_edge_x-400,2,26630,2,0,10,5,0,1,1,1.64349854024,-400
exec27_edge_x-400,17,18191,0,0,1,0,0,1,0,2.37172171678,-400
exec27_edge_x-400,44,18699,15,1,32,2,0,1,1,5.54822039019,-400
exec27_edge_x-400,48,8888,2,0,11,0,0,1,1,5.60041307918,-400
exec27_edge_x-400,17,18177,6,0,15,5,0,1,1,2.253877257,-400
exec27_edge_x-400,5,22080,2,0,12,5,0,1,1,2.52912794855,-400
exec27_edge_x-400,8,11960,1,0,16,4,0,1,1,3.82300518171,-400
exec27_edge_x-400,48,8846,7,0,6,0,0,1,0,2.25369674633,-400
exec27_edge_x-400,47,18379,1,0,3,0,0,1,0,2.58685461484,-400
exec27_edge_x-400,35,11370,4,0,1,0,0,1,0,4.49211067881,-400
exec27_edge_x-400,8,11939,4,0,7,0,0,1,0,3.16870098133,-400
exec27_edge_x-400,5,22043,4,0,19,9,0,1,1,4.91298750768,-400
exec27_edge_x-400,2,26531,2,0,8,1,0,1,1,2.22393722513,-400
exec27_edge_x-400,2,27176,6,0,4,0,0,1,0,3.44045692952,-400
exec27_edge_x-400,44,18590,1,0,2,0,0,1,0,2.43369396118,-400
exec27_edge_x-400,17,18079,5,0,6,0,0,1,0,6.89243962897,-400
exec27_edge_x-400,26,9249,3,0,10,1,0,1,1,3.974300456,-400
exec27_edge_x-400,5,22007,2,0,13,4,0,1,1,5.4237203861,-400
exec27_edge_x-400,48,8784,6,0,11,0,0,1,1,2.52351700546,-400
exec27_edge_x-400,8,11870,4,0,13,5,0,1,1,4.06875884096,-400
exec27_edge_x-400,8,11861,4,0,6,0,0,1,0,6.265065519,-400
exec27_edge_x-400,8,11858,0,0,6,0,0,1,1,4.21816207195,-400
exec27_edge_x-400,2,26469,1,0,16,0,0,1,0,3.06117792263,-400
exec27_edge_x-400,17,18014,6,0,4,0,0,1,0,1.98838374764,-400
exec27_edge_x-400,17,18004,0,0,6,0,0,1,0,2.87847737138,-400
exec27_edge_x-400,2,26439,5,0,13,2,0,1,1,2.43971886506,-400
exec27_edge_x-400,35,11260,0,0,26,4,0,1,1,3.67086507808,-400
exec27_edge_x-400,35,11243,1,0,2,0,0,1,0,3.10050349723,-400
exec27_edge_x-400,8,11794,1,0,5,0,0,1,1,2.72604419045,-400
exec27_edge_x-400,5,21925,4,0,10,2,0,1,1,3.95418499747,-400
exec27_edge_x-400,47,18226,3,0,8,0,0,1,0,1.75167864242,-400
exec27_edge_x-400,5,21922,0,0,2,2,0,1,1,3.27803461855,-400
exec27_edge_x-400,48,8673,4,0,22,0,0,1,1,4.33439796712,-400
exec27_edge_x-400,47,18185,7,0,20,1,0,1,1,2.0127677393,-400
exec27_edge_x-400,8,11751,4,0,13,0,0,1,0,1.85644780535,-400
exec27_edge_x-400,26,9090,2,0,19,4,0,1,1,4.60396588473,-400
exec27_edge_x-400,47,18162,4,0,12,0,0,1,0,2.79206474063,-400
exec27_edge_x-400,47,18144,5,0,9,2,0,1,1,3.99591118781,-400
exec27_edge_x-400,47,18142,2,0,19,2,0,1,1,2.53842847833,-400
exec27_edge_x-400,26,9066,7,0,2,0,0,1,0,2.42979935925,-400
exec27_edge_x-400,5,21848,7,0,21,0,0,1,0,2.9415752179,-400
exec27_edge_x-400,2,26341,7,0,14,4,0,1,1,4.04008119844,-400
exec27_edge_x-400,47,18116,4,0,11,0,0,1,1,6.47161989454,-400
exec27_edge_x-400,35,11120,4,0,13,3,0,1,1,2.61642154506,-400
exec27_edge_x-400,35,11103,2,0,2,0,0,1,0,1.84222188262,-400
exec27_edge_x-400,47,18087,5,0,3,0,0,1,0,5.97684816733,-400
exec27_edge_x-400,2,26306,0,0,17,3,0,1,1,6.43751563252,-400
exec27_edge_x-400,48,8549,7,0,0,0,0,1,0,3.74286010865,-400
exec27_edge_x-400,5,21782,4,0,15,0,0,1,0,8.50775882509,-400
exec27_edge_x-400,35,11085,0,0,1,0,0,1,0,3.32729513892,-400
exec27_edge_x-400,48,8533,4,0,9,3,0,1,1,2.19183948763,-400
exec27_edge_x-400,17,17821,6,0,3,0,0,1,1,2.06077303771,-400
exec27_edge_x-400,47,18049,1,0,0,0,0,1,1,2.37818627764,-400
exec27_edge_x-400,26,8938,4,0,7,0,0,1,0,3.36099727553,-400
exec27_edge_x-400,8,11567,1,0,14,2,0,1,1,3.73590875038,-400
exec27_edge_x-400,48,8482,0,0,1,0,0,1,0,3.77762874023,-400
exec27_edge_x-400,17,17756,0,0,0,0,0,1,0,2.07916865939,-400
exec27_edge_x-400,8,11543,7,0,15,3,0,1,1,3.35930076537,-400
exec27_edge_x-400,2,26192,3,0,2,0,0,1,0,3.46658960967,-400
exec27_edge_x-400,17,17736,7,0,7,0,0,1,1,2.24789968635,-400
exec27_edge_x-400,35,10974,1,0,7,0,0,1,0,2.36173774465,-400
exec27_edge_x-400,2,26182,0,0,5,0,0,1,0,3.98600029974,-400
exec27_edge_x-400,17,17720,0,0,5,2,0,1,1,2.53509067067,-400
exec27_edge_x-400,47,17969,3,0,17,6,0,1,1,3.06772920608,-400
exec27_edge_x-400,35,10944,0,0,2,0,0,1,0,4.18165825472,-400
exec27_edge_x-400,5,25419,0,0,14,0,0,1,0,4.26112050231,-400
exec27_edge_x-400,26,8843,4,0,6,0,0,1,0,3.84991059623,-400
exec27_edge_x-400,47,17930,7,0,11,0,0,1,0,8.64595931153,-400
exec27_edge_x-400,5,25394,6,0,0,0,0,1,0,3.04540311366,-400
exec27_edge_x-400,2,26123,0,0,7,0,0,1,0,2.4232631859,-400
exec27_edge_x-400,5,25383,4,0,8,4,0,1,1,2.59940157371,-400
exec27_edge_x-400,47,17904,7,0,6,0,0,1,0,2.79221120255,-400
exec27_edge_x-400,48,8390,4,0,6,0,0,1,0,3.61441968272,-400
exec27_edge_x-400,8,11453,0,0,17,9,0,1,1,2.62479581268,-400
exec27_edge_x-400,48,8346,2,0,11,2,0,1,1,2.15914727366,-400
exec27_edge_x-400,5,25316,1,0,3,0,0,1,0,3.15737566714,-400
exec27_edge_x-400,17,17605,6,0,3,2,0,1,1,4.80949377713,-400
exec27_edge_x-400,17,17583,4,0,1,0,0,1,0,2.63031851162,-400
exec27_edge_x-400,17,17580,7,0,7,0,0,1,0,3.79193813042,-400
exec27_edge_x-400,26,8722,3,0,3,0,0,1,1,2.56314472018,-400
exec27_edge_x-400,17,17558,5,0,8,0,0,1,0,2.57296259039,-400
exec27_edge_x-400,35,13596,2,0,12,5,0,1,1,2.51698052103,-400
exec27_edge_x-400,5,25247,1,0,12,3,0,1,1,3.55854672033,-400
exec27_edge_x-400,26,8675,7,0,4,3,0,1,1,3.77475627601,-400
exec27_edge_x-400,47,17705,5,0,3,0,0,1,0,2.84300776059,-400
exec27_edge_x-400,5,25200,4,0,13,2,0,1,1,3.96456581615,-400
exec27_edge_x-400,8,11280,0,0,1,0,0,1,0,2.1498621294,-400
exec27_edge_x-400,17,17480,2,0,20,0,0,1,0,6.86901078229,-400
exec27_edge_x-400,8,11271,3,0,3,0,0,1,0,7.34789312936,-400
exec27_edge_x-400,26,8601,5,0,11,0,0,1,0,4.30070719582,-400
exec27_edge_x-400,48,8195,3,0,15,4,0,1,1,1.69263054738,-400
exec27_edge_x-400,8,11260,4,0,11,0,0,1,0,2.77083953981,-400
exec27_edge_x-400,5,25171,3,0,3,0,0,1,0,3.52365517799,-400
exec27_edge_x-400,2,25908,0,0,12,0,0,1,0,3.51808010877,-400
exec27_edge_x-400,2,25905,0,0,2,0,0,1,0,3.43041151109,-400
exec27_edge_x-400,2,25897,0,0,6,0,0,1,0,3.29528113686,-400
exec27_edge_x-400,5,25142,1,0,26,13,0,1,1,2.88980868043,-400
exec27_edge_x-400,47,17630,3,0,8,0,0,1,0,4.24473806614,-400
exec27_edge_x-400,8,11183,2,0,0,0,0,1,1,9.02726707145,-400
exec27_edge_x-400,26,8500,0,0,1,0,0,1,0,3.08680184594,-400
exec27_edge_x-400,2,25815,7,0,20,4,0,1,1,2.62477442103,-400
exec27_edge_x-400,26,8474,7,0,10,1,0,1,1,4.02869748202,-400
exec27_edge_x-400,8,11151,2,0,0,0,0,1,0,3.18505868178,-400
exec27_edge_x-400,8,11150,5,0,16,5,0,1,1,3.01687734613,-400
exec27_edge_x-400,47,17543,0,0,29,14,0,1,1,4.25098210272,-400
exec27_edge_x-400,17,17304,6,0,0,0,0,1,0,8.58078991332,-400
exec27_edge_x-400,2,25788,3,0,13,2,0,1,1,2.62613556357,-400
exec27_edge_x-400,26,8451,0,0,15,0,0,1,1,2.32301227926,-400
exec27_edge_x-400,2,25756,7,0,7,0,0,1,0,1.40848454055,-400
exec27_edge_x-400,17,17285,3,0,2,0,0,1,0,3.58636411701,-400
exec27_edge_x-400,35,13327,6,0,17,0,0,1,0,3.85602040917,-400
exec27_edge_x-400,17,17275,3,0,9,0,0,1,0,2.81483234703,-400
exec27_edge_x-400,17,17268,2,0,13,0,0,1,0,3.73553256546,-400
exec27_edge_x-400,8,11088,7,0,16,0,0,1,0,3.70686743539,-400
exec27_edge_x-400,17,17242,3,0,43,7,0,1,1,9.38439586328,-400
exec27_edge_x-400,2,28818,6,0,12,2,0,1,1,2.1952398346,-400
exec27_edge_x-400,26,8388,0,0,4,0,0,1,0,2.03243070193,-400
exec27_edge_x-400,2,28800,2,0,16,1,0,1,1,8.08976621085,-400
exec27_edge_x-400,35,13262,5,0,14,4,0,1,1,5.18417316009,-400
exec27_edge_x-400,47,17437,7,0,2,0,0,1,0,5.30283879764,-400
exec27_edge_x-400,26,8368,1,0,2,0,0,1,0,5.03148164606,-400
exec27_edge_x-400,5,24942,0,0,32,6,1,1,1,2.91566531075,-400
exec27_edge_x-400,47,17424,4,0,4,0,0,1,0,4.25714535872,-400
exec27_edge_x-400,48,10893,7,0,19,4,0,1,1,5.46193633549,-400
exec27_edge_x-400,48,10881,0,0,1,0,0,1,0,1.50208617452,-400
exec27_edge_x-400,17,17175,5,0,21,2,0,1,1,3.26316069992,-400
exec27_edge_x-400,26,8324,10,1,4,0,0,1,0,6.93623886873,-400
exec27_edge_x-400,26,8322,4,0,15,1,0,1,1,2.95334935331,-400
exec27_edge_x-400,5,24898,2,0,4,0,0,1,0,2.51534506621,-400
exec27_edge_x-400,47,17372,6,0,15,0,0,1,0,4.5127112552,-400
exec27_edge_x-400,26,8292,1,0,4,3,0,1,1,5.5391256087,-400
exec27_edge_x-400,5,24870,6,0,3,0,0,1,0,4.29765847461,-400
exec27_edge_x-400,17,17131,4,0,7,0,0,1,1,2.83095261336,-400
exec27_edge_x-400,47,17359,2,0,9,2,0,1,1,1.86359105247,-400
exec27_edge_x-400,35,13187,6,0,15,4,0,1,1,1.96369839543,-400
exec27_edge_x-400,48,10812,1,0,8,0,0,1,1,3.52598791658,-400
exec27_edge_x-400,2,28701,5,0,8,7,0,1,1,3.370937961,-400
exec27_edge_x-400,35,13177,3,0,7,0,0,1,0,4.17852714752,-400
exec27_edge_x-400,2,28691,6,0,3,0,0,1,0,2.16905365591,-400
exec27_edge_x-400,26,8277,7,0,14,0,0,1,0,3.25018593391,-400
exec27_edge_x-400,26,8273,11,1,0,0,0,0,0,10.8040884882,-400
exec27_edge_x-400,35,13158,6,0,6,0,0,1,0,2.68610206504,-400
exec27_edge_x-400,35,13151,5,0,3,0,0,1,0,2.4494496876,-400
exec27_edge_x-400,47,17308,2,0,24,3,0,1,1,2.46463863798,-400
exec27_edge_x-400,2,28663,1,0,1,0,0,1,0,4.20520858676,-400
exec27_edge_x-400,35,13129,1,0,4,0,0,1,0,8.26303636877,-400
exec27_edge_x-400,48,10746,4,0,3,0,0,1,0,1.8281855082,-400
exec27_edge_x-400,48,10731,7,0,16,4,0,1,1,4.39135400492,-400
exec27_edge_x-400,26,8202,5,0,13,3,0,1,1,4.26927447161,-400
exec27_edge_x-400,48,10716,6,0,2,0,0,1,0,2.11391134972,-400
exec27_edge_x-400,17,17015,3,0,4,3,0,1,1,2.64737430276,-400
exec27_edge_x-400,35,13040,0,0,11,2,0,1,1,4.93275331773,-400
exec27_edge_x-400,48,10678,1,0,12,0,0,1,1,4.59474338487,-400
exec27_edge_x-400,35,13037,5,0,18,0,0,1,0,3.64822158769,-400
exec27_edge_x-400,2,28556,7,0,18,1,0,1,1,3.92494314694,-400
exec27_edge_x-400,8,10810,3,0,7,0,0,1,0,5.71785743841,-400
exec27_edge_x-400,8,10795,2,0,8,0,0,1,0,2.4791762351,-400
exec27_edge_x-400,17,16981,2,0,2,0,0,1,0,1.88534357878,-400
exec27_edge_x-400,8,10778,5,0,6,0,0,1,0,7.67184774757,-400
exec27_edge_x-400,8,10767,6,0,0,0,0,1,0,2.413310936,-400
exec27_edge_x-400,17,16960,5,0,10,1,0,1,1,1.36652470504,-400
exec27_edge_x-400,5,24661,2,0,5,0,0,1,0,1.58226089679,-400
exec27_edge_x-400,17,16935,6,0,14,0,0,1,0,1.99299209353,-400
exec27_edge_x-400,17,16933,1,0,7,4,0,1,1,1.92563988474,-400
exec27_edge_x-400,26,8017,1,0,8,0,0,1,0,1.28971410173,-400
exec27_edge_x-400,26,9570,1,0,0,0,0,0,0,2.86446781887,-400
exec27_edge_x-400,2,28453,1,0,1,0,0,1,0,2.34471638372,-400
exec27_edge_x-400,5,24611,2,0,15,0,0,1,1,4.11788153089,-400
exec27_edge_x-400,5,24602,1,0,1,0,0,1,0,19.1433987907,-400
exec27_edge_x-400,17,16882,3,0,8,1,0,1,1,2.83013651887,-400
exec27_edge_x-400,2,28427,1,0,6,0,0,1,0,3.2986891674,-400
exec27_edge_x-400,47,17055,4,0,0,0,0,1,0,2.83849194359,-400
exec27_edge_x-400,26,10216,6,0,19,8,0,1,1,4.05494160205,-400
exec27_edge_x-400,47,17050,4,0,5,0,0,1,0,3.38726732362,-400
exec27_edge_x-400,47,17042,3,0,3,0,0,1,0,2.85254480628,-400
exec27_edge_x-400,8,10657,7,0,1,0,0,1,0,3.92242246337,-400
exec27_edge_x-400,26,10196,7,0,7,0,0,1,1,4.93395520922,-400
exec27_edge_x-400,47,17027,4,0,0,0,0,1,0,3.43520527653,-400
exec27_edge_x-400,17,16834,0,0,3,0,0,1,0,3.84224667447,-400
exec27_edge_x-400,48,10490,1,0,14,2,0,1,1,4.52400996921,-400
exec27_edge_x-400,35,12849,3,0,11,10,0,1,1,2.39681621795,-400
exec27_edge_x-400,48,11078,1,0,0,0,0,0,0,6.0112388191,-400
exec27_edge_x-400,17,16809,4,0,0,0,0,0,0,8.80399136282,-400
exec27_edge_x-400,2,28357,7,0,2,1,0,1,1,2.47783894922,-400
exec27_edge_x-400,17,16784,7,0,0,0,0,1,0,2.81605355338,-400
exec27_edge_x-400,5,24477,4,0,7,2,0,1,1,3.34832352899,-400
exec27_edge_x-400,47,16961,3,0,0,0,0,0,0,2.63981328783,-400
exec27_edge_x-400,5,24469,7,0,4,0,0,1,0,2.05594125852,-400
exec27_edge_x-400,35,12808,13,1,14,1,0,1,1,5.36340971231,-400
exec27_edge_x-400,8,10562,3,0,9,0,0,1,0,2.48959207586,-400
exec27_edge_x-400,35,12774,4,0,6,0,0,1,0,3.12848382148,-400
exec27_edge_x-400,35,12771,7,0,8,0,0,1,0,1.81541231423,-400
exec27_edge_x-400,47,16921,7,0,1,0,0,1,0,4.00657907588,-400
exec27_edge_x-400,35,12728,7,0,3,0,0,1,0,6.02685519863,-400
exec27_edge_x-400,17,16704,6,0,15,5,0,1,1,4.19361911225,-400
exec27_edge_x-400,5,24401,7,0,6,0,0,1,0,1.60800041267,-400
exec27_edge_x-400,17,16703,2,0,14,1,0,1,1,3.33994556538,-400
exec27_edge_x-400,8,10474,6,0,8,0,0,1,0,4.10864658467,-400
exec27_edge_x-400,26,10045,7,0,2,0,0,1,0,4.37489782685,-400
exec27_edge_x-400,26,10038,4,0,13,0,0,1,0,4.75960486723,-400
exec27_edge_x-400,35,12706,5,0,6,0,0,1,0,4.88254052893,-400
exec27_edge_x-400,8,10461,6,0,4,0,0,1,0,5.25508709972,-400
exec27_edge_x-400,26,10017,0,0,18,0,0,1,0,3.4746989919,-400
exec27_edge_x-400,26,10012,6,0,19,7,0,1,1,4.43772506162,-400
exec27_edge_x-400,17,16655,5,0,28,6,0,1,1,16.3008853786,-400
exec27_edge_x-400,35,12666,4,0,4,0,0,1,0,1.9171708195,-400
exec27_edge_x-400,47,16863,1,0,27,12,0,1,1,5.00001469426,-400
exec27_edge_x-400,2,28183,3,0,1,0,0,1,0,1.58383243603,-400
exec27_edge_x-400,17,16599,6,0,7,0,0,1,0,3.31657818696,-400
exec27_edge_x-400,35,12619,5,0,6,2,0,1,1,3.61235657426,-400
exec27_edge_x-400,47,16802,6,0,22,2,0,1,1,1.94448885662,-400
exec27_edge_x-400,35,12611,4,0,0,0,0,1,0,1.42775290888,-400
exec27_edge_x-400,5,24295,3,0,14,3,0,1,1,5.43144340419,-400
exec27_edge_x-400,8,13863,0,0,3,0,0,1,0,3.15906195804,-400
exec27_edge_x-400,2,28830,0,0,5,3,0,1,1,5.01007062527,-400
exec27_edge_x-400,5,24289,4,0,10,0,0,1,0,4.59112544708,-400
exec27_edge_x-400,26,9892,6,0,5,0,0,1,1,3.61157278976,-400
exec27_edge_x-400,26,9877,7,0,0,0,0,1,0,2.94955903102,-400
exec27_edge_x-400,5,24244,2,0,9,0,0,1,0,6.26053330494,-400
exec27_edge_x-400,8,13806,5,0,4,0,0,1,1,2.56426965087,-400
exec27_edge_x-400,5,24236,7,0,5,0,0,1,0,1.51627338738,-400
exec27_edge_x-400,8,13775,1,0,0,0,0,1,0,2.64905251191,-400
exec27_edge_x-400,47,16702,5,0,5,0,0,1,0,6.32473924696,-400
exec27_edge_x-400,48,10121,1,0,0,0,0,1,0,1.51697808659,-400
exec27_edge_x-400,47,16694,2,0,10,6,0,1,1,4.06951819153,-400
exec27_edge_x-400,26,9808,5,0,16,4,0,1,1,3.20598599817,-400
exec27_edge_x-400,47,16686,6,0,6,0,0,1,0,2.37723044731,-400
exec27_edge_x-400,17,16464,6,0,9,0,0,1,0,1.71643829638,-400
exec27_edge_x-400,17,16462,2,0,24,4,0,1,1,5.05875060917,-400
exec27_edge_x-400,5,24170,2,0,0,0,0,1,0,3.25477081792,-400
exec27_edge_x-400,35,12493,5,0,1,0,0,1,0,3.52550813963,-400
exec27_edge_x-400,17,16446,0,0,8,0,0,1,0,3.18621809859,-400
exec27_edge_x-400,26,9776,1,0,14,0,0,1,0,5.482192004,-400
exec27_edge_x-400,8,13714,6,0,24,5,0,1,1,3.17712664706,-400
exec27_edge_x-400,17,16417,4,0,0,0,0,1,0,2.83238276649,-400
exec27_edge_x-400,47,19610,4,0,8,0,0,1,1,2.27250145516,-400
exec27_edge_x-400,2,27966,6,0,19,3,0,1,1,2.9321334848,-400
exec27_edge_x-400,26,9714,3,0,6,0,0,1,0,3.65412245277,-400
exec27_edge_x-400,8,13644,0,0,5,0,0,1,1,5.74543809545,-400
exec27_edge_x-400,2,27933,0,0,6,0,0,1,0,8.34076154622,-400
exec27_edge_x-400,47,19566,4,0,6,2,0,1,1,3.22020187726,-400
exec27_edge_x-400,26,9683,4,0,10,2,0,1,1,5.42300660095,-400
exec27_edge_x-400,48,9957,3,0,4,0,0,1,0,2.24611051749,-400
exec27_edge_x-400,17,16330,7,0,4,0,0,1,0,2.46454045402,-400
exec27_edge_x-400,35,12361,6,0,3,0,0,1,0,2.68162070707,-400
exec27_edge_x-400,8,13575,1,0,4,0,0,1,0,4.69060611537,-400
exec27_edge_x-400,35,12333,3,0,12,2,0,1,1,2.89232785127,-400
exec27_edge_x-400,5,24017,7,0,4,0,0,1,0,2.2331272352,-400
exec27_edge_x-400,48,9914,5,0,12,0,0,1,0,3.89665513507,-400
exec27_edge_x-400,8,13559,7,0,14,0,0,1,0,3.12338079318,-400
exec27_edge_x-400,35,12323,2,0,32,3,0,1,1,2.98986921587,-400
exec27_edge_x-400,17,16232,4,0,32,9,0,1,1,3.01076561869,-400
exec27_edge_x-400,48,9868,3,0,8,0,0,1,0,3.56732758183,-400
exec27_edge_x-400,47,19421,1,0,1,0,0,1,0,1.92100383398,-400
exec27_edge_x-400,26,11339,1,0,5,1,0,1,1,4.46257484989,-400
exec27_edge_x-400,8,13490,5,0,10,0,0,1,1,2.57644015654,-400
exec27_edge_x-400,8,13483,3,0,6,0,0,1,0,5.94348074749,-400
exec27_edge_x-400,8,13467,2,0,21,0,0,1,0,4.7441864071,-400
exec27_edge_x-400,8,13459,7,0,10,0,0,1,0,5.49915531551,-400
exec27_edge_x-400,17,16168,0,0,24,2,0,1,1,3.8997808762,-400
exec27_edge_x-400,47,19353,7,0,4,0,0,1,0,2.98194715436,-400
exec27_edge_x-400,8,13446,4,0,8,0,0,1,0,5.21617901113,-400
exec27_edge_x-400,17,16146,0,0,11,5,0,1,1,4.62077416141,-400
exec27_edge_x-400,48,9761,0,0,4,0,0,1,1,2.14940095303,-400
exec27_edge_x-400,17,16113,0,0,5,2,0,1,1,3.44616093129,-400
exec27_edge_x-400,35,15252,1,0,22,2,0,1,1,6.29716748594,-400
exec27_edge_x-400,5,23807,0,0,3,0,0,1,0,2.3583191538,-400
exec27_edge_x-400,8,13363,7,0,4,0,0,1,0,3.43979804387,-400
exec27_edge_x-400,8,13354,0,0,5,0,0,1,0,2.44336476557,-400
exec27_edge_x-400,26,11201,0,0,15,3,0,1,1,3.03772498129,-400
exec27_edge_x-400,48,9681,4,0,22,7,0,1,1,2.26106141743,-400
exec27_edge_x-400,26,11185,0,0,11,3,0,1,1,5.77748052047,-400
exec27_edge_x-400,2,27605,6,0,2,0,0,1,0,1.97666531584,-400
exec27_edge_x-400,17,16006,1,0,8,0,0,1,0,2.40629806105,-400
exec27_edge_x-400,35,15160,7,0,12,2,0,1,1,5.76923453502,-400
exec27_edge_x-400,35,15155,3,0,10,2,0,1,1,4.51154208695,-400
exec27_edge_x-400,8,13249,5,0,11,0,0,1,0,2.40266651818,-400
exec27_edge_x-400,2,27561,3,0,12,0,0,1,0,3.83926226357,-400
exec27_edge_x-400,5,27450,6,0,3,0,0,1,0,1.90799441058,-400
exec27_edge_x-400,2,27545,5,0,19,5,0,1,1,1.92516072506,-400
exec27_edge_x-400,2,27536,0,0,8,2,0,1,1,3.06081934112,-400
exec27_edge_x-400,26,11081,3,0,5,0,0,1,1,4.87735437897,-400
exec27_edge_x-400,8,13195,2,0,1,0,0,1,0,2.97325800314,-400
exec27_edge_x-400,8,13190,2,0,21,0,0,1,1,3.10075014771,-400
exec27_edge_x-400,8,13177,7,0,12,2,0,1,1,4.00420352336,-400
exec27_edge_x-400,2,27501,2,0,10,0,0,1,0,6.02752861194,-400
exec27_edge_x-400,35,15073,7,0,6,0,0,1,0,3.7893364131,-400
exec27_edge_x-400,26,11030,1,0,8,0,0,1,0,2.3870852355,-400
exec27_edge_x-400,35,15058,2,0,18,2,0,1,1,4.7622844867,-400
exec27_edge_x-400,26,11021,0,0,16,1,0,1,1,5.20301867528,-400
exec27_edge_x-400,35,15026,0,0,11,0,0,1,0,2.46448941072,-400
exec27_edge_x-400,5,27355,2,0,4,2,0,1,1,4.49440276472,-400
exec27_edge_x-400,48,15058,7,0,32,3,0,1,1,2.40216812343,-400
exec27_edge_x-400,26,10983,3,0,8,0,0,1,1,6.23734665048,-400
exec27_edge_x-400,5,27321,5,0,8,0,0,1,0,2.70966607941,-400
exec27_edge_x-400,5,27314,2,0,1,0,0,1,0,2.07673961836,-400
exec27_edge_x-400,26,10972,3,0,6,0,0,1,0,3.65883828799,-400
exec27_edge_x-400,26,10964,5,0,2,0,0,1,0,2.22790031227,-400
exec27_edge_x-400,35,14968,4,0,10,0,0,1,0,3.79313350723,-400
exec27_edge_x-400,35,14963,8,1,5,0,0,1,0,7.49681577546,-400
exec27_edge_x-400,48,15019,5,0,2,0,0,1,0,2.21122936104,-400
exec27_edge_x-400,2,27390,4,0,9,6,0,1,1,3.05684016782,-400
exec27_edge_x-400,35,14960,0,0,2,0,0,1,0,4.79073100358,-400
exec27_edge_x-400,48,15008,5,0,10,0,0,1,0,1.61899242233,-400
exec27_edge_x-400,35,14916,0,0,11,2,0,1,1,4.78645846875,-400
exec27_edge_x-400,8,13027,7,0,10,4,0,1,1,5.15511504009,-400
exec27_edge_x-400,17,18974,8,1,3,0,0,1,0,6.42819727571,-400
exec27_edge_x-400,35,14900,3,0,1,0,0,1,0,6.49272213488,-400
exec27_edge_x-400,2,27326,4,0,8,0,0,1,0,4.02355089961,-400
exec27_edge_x-400,5,27183,0,0,14,4,0,1,1,1.86321915173,-400
exec27_edge_x-400,26,10804,0,0,5,0,0,1,0,4.05247345552,-400
exec27_edge_x-400,26,10788,12,1,11,2,0,1,1,5.04520826488,-400
exec27_edge_x-400,2,30765,6,0,15,8,0,1,1,5.29968003395,-400
exec27_edge_x-400,2,30739,4,0,10,0,0,1,0,4.62060733394,-400
exec27_edge_x-400,5,27090,3,0,9,0,0,1,1,3.84263482016,-400
exec27_edge_x-400,2,30719,5,0,13,4,0,1,1,3.38109552759,-400
exec27_edge_x-400,26,10725,7,0,6,0,0,1,0,9.12775851488,-400
exec27_edge_x-400,35,14724,7,0,17,2,0,1,1,2.63218899286,-400
exec27_edge_x-400,35,14720,7,0,14,1,0,1,1,2.59983127671,-400
exec27_edge_x-400,2,30703,3,0,12,3,0,1,1,3.23966068677,-400
exec27_edge_x-400,17,18776,6,0,14,0,0,1,0,1.91587182918,-400
exec27_edge_x-400,35,14713,6,0,0,1,0,1,1,2.53028512629,-400
exec27_edge_x-400,5,27042,6,0,5,2,0,1,1,3.38427422947,-400
exec27_edge_x-400,8,12822,3,0,16,8,0,1,1,3.23133498283,-400
exec27_edge_x-400,48,14763,4,0,7,0,0,1,0,3.47922837425,-400
exec27_edge_x-400,35,14666,0,0,9,0,0,1,0,2.87113916561,-400
exec27_edge_x-400,26,10628,7,0,9,2,0,1,1,3.79829909538,-400
exec27_edge_x-400,2,30631,5,0,13,3,0,1,1,3.31833252169,-400
exec27_edge_x-400,5,26917,5,0,14,2,0,1,1,2.46418910371,-400
exec27_edge_x-400,8,12698,7,0,1,0,0,1,0,2.12346584139,-400
exec27_edge_x-400,5,26893,7,0,15,0,0,1,1,2.45141055213,-400
exec27_edge_x-400,8,12679,7,0,2,0,0,1,0,5.63254022845,-400
exec27_edge_x-400,8,12600,0,0,9,0,0,1,1,4.33601350482,-400
exec27_edge_x-400,8,12593,2,0,4,2,0,1,1,2.65155829487,-400
exec27_edge_x-400,35,14490,1,0,9,0,0,1,0,3.10596952706,-400
exec27_edge_x-400,5,26776,4,0,8,0,0,1,0,3.25766428291,-400
exec27_edge_x-400,2,30469,1,0,0,0,0,0,0,3.24188662969,-400
exec27_edge_x-400,48,14546,6,0,17,9,0,1,1,2.76679055067,-400
exec27_edge_x-400,35,14464,2,0,16,12,0,1,1,3.57368891672,-400
exec27_edge_x-400,2,30440,2,0,2,0,0,1,0,2.10125790069,-400
exec27_edge_x-400,5,26734,2,0,0,0,0,1,0,2.81126088274,-400
exec27_edge_x-400,8,12533,3,0,10,0,0,1,0,4.20658671443,-400
exec27_edge_x-400,5,26722,3,0,11,0,0,1,0,2.64265063582,-400
exec27_edge_x-400,5,26718,1,0,3,1,0,1,1,2.99383472363,-400
exec27_edge_x-400,48,14496,3,0,1,0,0,1,0,2.78896071964,-400
exec27_edge_x-400,48,14486,0,0,13,3,0,1,1,4.21796003993,-400
exec27_edge_x-400,26,10362,4,0,12,3,0,1,1,2.94185221344,-400
exec27_edge_x-400,2,30369,14,1,29,0,0,1,0,6.78834014752,-400
exec27_edge_x-400,48,14444,4,0,16,1,0,1,1,4.56961010797,-400
exec27_edge_x-400,35,14368,2,0,5,0,0,1,0,1.56041018804,-400
exec27_edge_x-400,48,14432,3,0,26,0,0,1,0,4.82925056325,-400
exec27_edge_x-400,5,26636,4,0,11,1,0,1,1,2.28747857511,-400
exec27_edge_x-400,8,12449,1,0,25,6,0,1,1,3.83114829111,-400
exec27_edge_x-400,5,26617,1,0,1,0,0,1,0,4.86222664576,-400
exec27_edge_x-400,26,10318,3,0,17,2,0,1,1,5.75872843306,-400
exec27_edge_x-400,26,11359,3,0,0,0,0,0,0,6.76912687784,-400
exec27_edge_x-400,48,14383,2,0,8,0,0,1,0,2.81196076992,-400
exec27_edge_x-400,48,14374,0,0,30,9,0,1,1,3.44870501385,-400
exec27_edge_x-400,48,15126,0,0,0,0,0,0,0,4.18311569554,-400
exec27_edge_x-400,35,14285,5,0,9,5,0,1,1,3.09309791753,-400
exec27_edge_x-400,35,14258,2,0,10,0,1,1,1,3.4758170917,-400
exec27_edge_x-400,48,14327,2,0,6,2,0,1,1,2.05139443933,-400
exec27_edge_x-400,35,14210,0,0,9,2,0,1,1,3.69770595301,-400
exec27_edge_x-400,26,12247,10,1,8,0,0,1,0,5.92359289234,-400
exec27_edge_x-400,26,12240,2,0,2,0,0,1,0,8.55870451522,-400
exec27_edge_x-400,48,14268,2,0,4,0,0,1,0,2.20813836686,-400
exec27_edge_x-400,5,26452,1,0,31,14,0,1,1,4.20533252057,-400
exec27_edge_x-400,8,15716,2,0,3,0,0,1,0,3.68408846021,-400
exec27_edge_x-400,5,26441,1,0,4,2,0,1,1,3.21024543963,-400
exec27_edge_x-400,8,15696,6,0,7,0,0,1,0,4.43404835322,-400
exec27_edge_x-400,48,14209,3,0,12,9,0,1,1,1.9203866079,-400
exec27_edge_x-400,8,15678,2,0,9,3,0,1,1,7.05710709023,-400
exec27_edge_x-400,2,30072,4,0,8,0,0,1,0,2.38053439547,-400
exec27_edge_x-400,35,14082,0,0,3,0,0,1,0,6.40815211729,-400
exec27_edge_x-400,2,30044,3,0,5,6,0,1,1,3.41871903539,-400
exec27_edge_x-400,5,26353,10,1,12,2,0,1,1,9.92827288844,-400
exec27_edge_x-400,26,12096,9,1,5,0,0,1,0,5.36241384014,-400
exec27_edge_x-400,26,12310,11,1,3,1,0,1,1,6.10490086396,-400
exec27_edge_x-400,2,29945,7,0,8,0,0,1,0,3.33018827481,-400
exec27_edge_x-400,48,14092,4,0,2,0,0,1,0,4.73081083915,-400
exec27_edge_x-400,5,26269,7,0,4,0,0,1,0,4.59756272844,-400
exec27_edge_x-400,48,14077,7,0,8,1,0,1,1,3.57060778512,-400
exec27_edge_x-400,8,15561,1,0,15,0,0,1,0,4.05109191044,-400
exec27_edge_x-400,26,12025,4,0,0,0,0,1,0,5.0026835035,-400
exec27_edge_x-400,8,15546,15,1,11,13,0,1,1,8.991088001,-400
exec27_edge_x-400,5,26236,4,0,25,3,0,1,1,2.93078696846,-400
exec27_edge_x-400,8,15534,0,0,10,1,0,1,1,4.79947146186,-400
exec27_edge_x-400,2,29890,7,0,5,1,0,1,1,2.07596197194,-400
exec27_edge_x-400,8,15520,7,0,12,5,0,1,1,4.17650650596,-400
exec27_edge_x-400,35,13933,4,0,3,0,0,1,0,3.30242224255,-400
exec27_edge_x-400,2,29872,3,0,11,1,0,1,1,2.70675729148,-400
exec27_edge_x-400,5,26192,1,0,0,0,0,1,0,2.29449292786,-400
exec27_edge_x-400,2,29857,6,0,8,0,0,1,0,3.25646895294,-400
exec27_edge_x-400,5,26175,6,0,27,13,0,1,1,6.78309455677,-400
exec27_edge_x-400,26,11943,0,0,7,0,0,1,0,4.13799560696,-400
exec27_edge_x-400,5,26160,3,0,8,0,0,1,0,1.82513757044,-400
exec27_edge_x-400,26,11934,2,0,9,0,0,1,0,2.91248393906,-400
exec27_edge_x-400,8,15468,0,0,18,6,0,1,1,3.79591952243,-400
exec27_edge_x-400,8,15466,3,0,4,0,0,1,0,1.96415604635,-400
exec27_edge_x-400,26,11917,0,0,6,0,0,1,0,3.16723536683,-400
exec27_edge_x-400,35,13866,6,0,1,0,0,1,0,2.6821919417,-400
exec27_edge_x-400,35,13861,2,0,15,0,0,1,0,3.6609427485,-400
exec27_edge_x-400,5,26103,4,0,0,0,0,1,0,10.0921489268,-400
exec27_edge_x-400,48,13948,1,0,9,0,0,1,0,2.56919846729,-400
exec27_edge_x-400,48,13946,7,0,19,0,0,1,0,4.03266300972,-400
exec27_edge_x-400,5,26079,0,0,23,2,0,1,1,5.63335259607,-400
exec27_edge_x-400,48,13904,6,0,0,0,0,1,0,3.16352313935,-400
exec27_edge_x-400,35,13801,0,0,8,0,0,1,0,1.7818794799,-400
exec27_edge_x-400,2,29744,2,0,3,0,0,1,0,8.29103874328,-400
exec27_edge_x-400,26,11818,6,0,16,3,0,1,1,4.79353773672,-400
exec27_edge_x-400,5,26037,11,1,8,1,0,1,1,6.42422966702,-400
exec27_edge_x-400,8,15332,1,0,19,0,0,1,1,2.55324094626,-400
exec27_edge_x-400,5,25994,6,0,3,0,0,1,1,4.00530211095,-400
exec27_edge_x-400,5,25957,1,0,8,0,0,1,0,6.03954926785,-400
exec27_edge_x-400,35,16717,6,0,18,0,0,1,0,2.77315734959,-400
exec27_edge_x-400,2,29658,1,0,6,0,0,1,0,1.8202191811,-400
exec27_edge_x-400,48,13798,7,0,13,1,0,1,1,4.4359320013,-400
exec27_edge_x-400,2,29656,0,0,8,0,0,1,0,2.65878748714,-400
exec27_edge_x-400,26,11663,2,0,3,3,0,1,1,4.77614923272,-400
exec27_edge_x-400,35,16656,6,0,2,0,0,1,0,2.96949643066,-400
exec27_edge_x-400,48,13672,1,0,0,0,0,0,0,2.93853157373,-400
exec27_edge_x-400,2,29548,4,0,4,0,0,1,0,3.87499263812,-400
exec27_edge_x-400,8,15142,7,0,12,1,0,1,1,5.32062893856,-400
exec27_edge_x-400,2,29517,0,0,13,3,0,1,1,4.10851863878,-400
exec27_edge_x-400,5,25767,3,0,6,2,0,1,1,7.80004183835,-400
exec27_edge_x-400,2,29493,3,0,3,3,0,1,1,3.43752589759,-400
exec27_edge_x-400,2,29487,6,0,9,0,0,1,0,2.24505504759,-400
exec27_edge_x-400,2,29485,4,0,11,3,0,1,1,2.19055504319,-400
exec27_edge_x-400,8,15070,15,1,17,8,0,1,1,6.04486045427,-400
exec27_edge_x-400,5,25713,0,0,21,2,0,1,1,2.39835440724,-400
exec27_edge_x-400,2,29428,6,0,16,6,0,1,1,4.47185023586,-400
exec27_edge_x-400,48,13561,3,0,20,5,0,1,1,3.51246402865,-400
exec27_edge_x-400,8,15014,13,1,8,0,0,1,0,5.07131803957,-400
exec27_edge_x-400,8,15012,7,0,6,0,0,1,0,2.54353777905,-400
exec27_edge_x-400,2,29384,6,0,9,0,0,1,0,1.55209829689,-400
exec27_edge_x-400,5,25672,3,0,4,0,0,1,0,2.37039902586,-400
exec27_edge_x-400,48,13529,1,0,8,0,0,1,0,3.65086306176,-400
exec27_edge_x-400,26,11430,3,0,0,0,0,1,0,3.2388798069,-400
exec27_edge_x-400,5,25661,6,0,5,0,0,1,1,5.09194038016,-400
exec27_edge_x-400,48,13517,0,0,6,2,0,1,1,5.53383367063,-400
exec27_edge_x-400,26,11398,5,0,21,6,0,1,1,3.86031522714,-400
exec27_edge_x-400,48,13470,7,0,4,0,0,1,0,3.02402916522,-400
exec27_edge_x-400,48,13466,2,0,6,0,0,1,0,2.43010871161,-400
exec27_edge_x-400,48,13454,7,0,0,0,0,1,0,3.31157090907,-400
exec27_edge_x-400,26,12369,0,0,1,0,0,1,1,5.39871032645,-400
exec27_edge_x-400,48,13446,1,0,1,0,0,1,0,4.3213536969,-400
exec27_edge_x-400,26,12334,5,0,0,0,0,0,0,3.19962266185,-400
exec27_edge_x-400,35,16303,6,0,9,8,0,1,1,3.16265185957,-400
exec27_edge_x-400,35,16300,5,0,6,2,0,1,1,2.38579121486,-400
exec27_edge_x-400,48,13400,2,0,6,0,0,1,0,2.35908747996,-400
exec27_edge_x-400,2,29241,5,0,15,4,0,1,1,4.63064883877,-400
exec27_edge_x-400,8,14865,0,0,4,0,0,1,0,3.87837538669,-400
exec27_edge_x-400,48,13384,1,0,0,0,0,1,0,2.83573370333,-400
exec27_edge_x-400,35,16269,7,0,17,6,0,1,1,6.47699542004,-400
exec27_edge_x-400,8,14836,4,0,2,0,0,1,0,3.69319760272,-400
exec27_edge_x-400,5,25459,4,0,13,5,0,1,1,1.72364233052,-400
exec27_edge_x-400,5,25448,5,0,11,0,0,1,0,1.43906571611,-400
exec27_edge_x-400,8,14821,9,1,13,2,0,1,1,5.07449689562,-400
exec27_edge_x-400,2,29201,6,0,11,0,0,1,0,2.82129516478,-400
exec27_edge_x-400,35,16226,6,0,1,0,0,1,0,4.51601346444,-400
exec27_edge_x-400,5,27633,6,0,6,5,0,1,1,5.79161004024,-400
exec27_edge_x-400,26,13966,5,0,21,15,0,1,1,3.39457947014,-400
exec27_edge_x-400,35,16163,0,0,9,0,0,1,0,5.11574434035,-400
exec27_edge_x-400,2,29129,0,0,16,2,0,1,1,3.28739866138,-400
exec27_edge_x-400,48,13264,5,0,0,0,0,1,0,4.78423170208,-400
exec27_edge_x-400,48,15132,5,0,0,0,0,0,0,8.06216790056,-400
exec27_edge_x-400,5,27555,5,0,8,0,0,1,0,1.94179988366,-400
exec27_edge_x-400,8,14716,0,0,11,2,0,1,1,2.61651521014,-400
exec27_edge_x-400,48,13242,7,0,2,0,0,1,0,2.34864461638,-400
exec27_edge_x-400,2,29095,6,0,12,1,0,1,1,2.23661408928,-400
exec27_edge_x-400,35,16114,7,0,19,9,0,1,1,6.4827710155,-400
exec27_edge_x-400,2,29047,4,0,12,2,0,1,1,4.96403671872,-400
exec27_edge_x-400,2,29036,2,0,6,0,0,1,0,2.3820707955,-400
exec27_edge_x-400,35,16053,1,0,13,1,0,1,1,2.75587204397,-400
exec27_edge_x-400,48,13115,6,0,7,0,0,1,0,2.9516444906,-400
exec27_edge_x-400,26,13757,2,0,8,2,0,1,1,5.94137827029,-400
exec27_edge_x-400,35,16013,3,0,22,9,0,1,1,3.78456863571,-400
exec27_edge_x-400,48,13104,6,0,14,2,0,1,1,8.89994593466,-400
exec27_edge_x-400,8,14526,0,0,19,2,0,1,1,2.14021550034,-400
exec27_edge_x-400,35,15973,3,0,10,2,0,1,1,4.08879635282,-400
exec27_edge_x-400,35,15939,2,0,8,2,0,1,1,1.96240198022,-400
exec27_edge_x-400,26,13689,4,0,15,0,0,1,0,3.86742918705,-400
exec27_edge_x-400,26,13680,7,0,7,0,0,1,0,4.13171601249,-400
exec27_edge_x-400,8,14486,4,0,6,0,0,1,0,2.70966287627,-400
exec27_edge_x-400,26,13672,5,0,7,0,0,1,0,3.03684115428,-400
exec27_edge_x-400,35,15919,0,0,0,0,0,1,0,5.65519759653,-400
exec27_edge_x-400,2,32947,7,0,6,1,0,1,1,4.29136650676,-400
exec27_edge_x-400,26,13631,0,0,12,0,0,1,0,3.87350219846,-400
exec27_edge_x-400,8,14437,4,0,5,0,0,1,0,1.88507805372,-400
exec27_edge_x-400,48,12979,1,0,11,0,0,1,0,3.31927848225,-400
exec27_edge_x-400,26,13593,6,0,5,0,0,1,0,4.52368445468,-400
exec27_edge_x-400,26,13583,2,0,10,2,0,1,1,2.21069853885,-400
exec27_edge_x-400,48,12943,0,0,6,4,1,1,1,3.86917223838,-400
exec27_edge_x-400,35,15820,0,0,0,0,0,1,0,3.69515969891,-400
exec27_edge_x-400,2,32842,0,0,13,0,0,1,0,2.30773290726,-400
exec27_edge_x-400,8,14335,6,0,6,1,0,1,1,1.69261773761,-400
exec27_edge_x-400,48,12853,1,0,21,3,0,1,1,2.12084110308,-400
exec27_edge_x-400,8,14311,1,0,7,0,0,1,0,2.09444569806,-400
exec27_edge_x-400,35,15733,7,0,4,0,0,1,0,2.46385949334,-400
exec27_edge_x-400,35,15723,3,0,21,6,0,1,1,5.34186935157,-400
exec27_edge_x-400,35,15716,5,0,0,0,0,1,0,1.72534117976,-400
exec27_edge_x-400,2,32760,14,1,25,3,0,1,1,7.54099825505,-400
exec27_edge_x-400,48,12782,7,0,6,0,0,1,0,3.9311414462,-400
exec27_edge_x-400,2,32689,0,0,5,0,0,1,0,2.41873458744,-400
exec27_edge_x-400,2,32686,3,0,4,0,0,1,0,10.1734200799,-400
exec27_edge_x-400,48,12731,7,0,0,0,0,1,0,6.47085649011,-400
exec27_edge_x-400,35,15603,4,0,7,0,0,1,0,3.02531765417,-400
exec27_edge_x-400,26,13322,1,0,1,0,0,1,0,3.67068857745,-400
exec27_edge_x-400,35,15541,0,0,6,0,0,1,0,2.86754641998,-400
exec27_edge_x-400,48,12614,1,0,11,2,0,1,1,3.98233745015,-400
exec27_edge_x-400,26,13241,2,0,4,0,0,1,1,2.8810807511,-400
exec27_edge_x-400,48,12569,5,0,10,0,0,1,0,5.85592495799,-400
exec27_edge_x-400,8,14023,1,0,28,3,0,1,1,3.90746707462,-400
exec27_edge_x-400,8,14006,3,0,15,2,0,1,1,2.34476784255,-400
exec27_edge_x-400,8,13967,6,0,3,0,0,1,0,1.3470374116,-400
exec27_edge_x-400,2,32424,3,0,12,0,0,1,0,2.18498651362,-400
exec27_edge_x-400,35,15331,7,0,3,0,0,1,0,1.29565047175,-400
exec27_edge_x-400,26,13132,1,0,0,0,0,1,0,4.15256580437,-400
exec27_edge_x-400,48,12468,4,0,0,0,0,1,0,3.13814420576,-400
exec27_edge_x-400,26,13112,14,1,44,6,0,1,1,7.02385365234,-400
exec27_edge_x-400,48,12431,0,0,8,0,0,1,0,2.26917169886,-400
exec27_edge_x-400,26,13087,1,0,4,0,0,1,0,2.59574525111,-400
exec27_edge_x-400,35,17539,4,0,22,0,0,1,0,4.89463958958,-400
exec27_edge_x-400,8,17223,5,0,7,0,0,1,0,2.858089042,-400
exec27_edge_x-400,35,17533,3,0,10,3,0,1,1,2.25562901819,-400
exec27_edge_x-400,48,12395,1,0,6,0,0,1,1,2.25596467532,-400
exec27_edge_x-400,26,13058,1,0,7,0,0,1,1,3.6163515613,-400
exec27_edge_x-400,35,17509,1,0,3,0,0,1,0,2.71903093696,-400
exec27_edge_x-400,8,17191,0,0,0,0,0,1,0,1.96735649624,-400
exec27_edge_x-400,48,12363,7,0,6,0,0,1,0,2.45245143742,-400
exec27_edge_x-400,26,13013,2,0,13,0,0,1,0,2.61173612583,-400
exec27_edge_x-400,8,17164,6,0,10,0,0,1,0,2.12563513602,-400
exec27_edge_x-400,8,17154,7,0,9,0,0,1,0,3.03820448704,-400
exec27_edge_x-400,26,12981,7,0,5,0,0,1,0,2.40057990572,-400
exec27_edge_x-400,2,32996,5,0,7,0,0,1,0,7.8631445644,-400
exec27_edge_x-400,8,17126,1,0,5,0,0,1,1,2.68073752046,-400
exec27_edge_x-400,26,12967,7,0,3,1,0,1,1,2.51185285136,-400
exec27_edge_x-400,2,32241,6,0,23,16,0,1,1,3.79640548242,-400
exec27_edge_x-400,48,12279,5,0,13,6,0,1,1,3.84002788166,-400
exec27_edge_x-400,48,12273,7,0,24,9,0,1,1,3.51617263435,-400
exec27_edge_x-400,35,17393,3,0,9,0,0,1,0,3.24764242785,-400
exec27_edge_x-400,2,32200,3,0,9,0,0,1,0,3.4489653805,-400
exec27_edge_x-400,48,12234,2,0,0,0,0,1,0,3.95695517757,-400
exec27_edge_x-400,8,17043,6,0,7,0,0,1,0,3.28774475847,-400
exec27_edge_x-400,26,12912,5,0,24,2,0,1,1,3.46553583465,-400
exec27_edge_x-400,26,12876,5,0,19,0,0,1,0,2.40140722556,-400
exec27_edge_x-400,35,17304,2,0,14,2,0,1,1,3.32998005792,-400
exec27_edge_x-400,26,12867,2,0,4,0,0,1,1,3.7848026219,-400
exec27_edge_x-400,48,12149,3,0,15,2,0,1,1,3.83426634775,-400
exec27_edge_x-400,26,12861,6,0,7,0,0,1,1,8.4795996025,-400
exec27_edge_x-400,8,16962,7,0,0,0,0,0,0,3.0385476569,-400
exec27_edge_x-400,2,32076,5,0,11,0,0,1,0,3.60980568281,-400
exec27_edge_x-400,2,32063,0,0,12,1,0,1,1,2.07088196581,-400
exec27_edge_x-400,26,12846,11,1,17,0,0,1,0,6.87571231451,-400
exec27_edge_x-400,48,12112,2,0,11,8,0,1,1,11.4179424877,-400
exec27_edge_x-400,8,16918,5,0,15,2,0,1,1,5.69310461225,-400
exec27_edge_x-400,8,16893,7,0,4,0,0,1,1,2.89806264146,-400
exec27_edge_x-400,35,17183,4,0,0,0,0,1,0,2.65940416738,-400
exec27_edge_x-400,8,16851,1,0,5,0,0,1,0,10.4272598416,-400
exec27_edge_x-400,2,31973,5,0,16,2,0,1,1,2.26472002891,-400
exec27_edge_x-400,48,11981,6,0,0,0,0,1,0,2.71596162724,-400
exec27_edge_x-400,8,16779,7,0,13,0,0,1,1,4.12796686876,-400
exec27_edge_x-400,26,12685,3,0,22,7,0,1,1,4.41806621787,-400
exec27_edge_x-400,35,17083,3,0,4,0,0,1,0,5.56754078284,-400
exec27_edge_x-400,48,11931,4,0,18,3,0,1,1,2.39934819169,-400
exec27_edge_x-400,8,16668,4,0,8,0,0,1,0,2.5597819373,-400
exec27_edge_x-400,2,31805,6,0,13,4,0,1,1,3.96596023696,-400
exec27_edge_x-400,48,11848,1,0,1,0,0,1,0,2.054577067,-400
exec27_edge_x-400,2,31801,5,0,9,9,0,1,1,3.87345802746,-400
exec27_edge_x-400,48,11840,4,0,10,0,0,1,0,3.2844525903,-400
exec27_edge_x-400,8,16598,7,0,5,5,0,1,1,2.83131855213,-400
exec27_edge_x-400,35,16929,5,0,0,0,0,0,0,5.05057563523,-400
exec27_edge_x-400,8,16568,2,0,3,0,0,1,1,2.6005337201,-400
exec27_edge_x-400,26,12507,1,0,2,0,0,1,0,1.50812873046,-400
exec27_edge_x-400,8,16536,2,0,13,2,0,1,1,3.56513216563,-400
exec27_edge_x-400,48,11749,0,0,8,4,0,1,1,4.59416956707,-400
exec27_edge_x-400,26,12472,3,0,4,0,0,1,0,4.33079552682,-400
exec27_edge_x-400,2,31698,4,0,7,0,0,1,0,3.3218572434,-400
exec27_edge_x-400,2,31694,6,0,9,0,0,1,0,6.15214313305,-400
exec27_edge_x-400,35,16842,7,0,7,0,0,1,1,2.01774327992,-400
exec27_edge_x-400,26,15812,7,0,6,0,0,1,0,2.49913819942,-400
exec27_edge_x-400,48,11669,7,0,20,3,0,1,1,2.61252824926,-400
exec27_edge_x-400,2,31661,1,0,7,1,0,1,1,2.7075715766,-400
exec27_edge_x-400,26,15785,4,0,9,0,0,1,0,2.90575128336,-400
exec27_edge_x-400,8,16436,0,0,18,7,0,1,1,3.11804497717,-400
exec27_edge_x-400,2,31624,1,0,7,1,0,1,1,4.46822207639,-400
exec27_edge_x-400,48,11603,0,0,9,0,0,1,0,1.66553646943,-400
exec27_edge_x-400,8,16378,5,0,4,0,0,1,0,3.44598244129,-400
exec27_edge_x-400,2,31568,0,0,15,3,0,1,1,2.55021753351,-400
exec27_edge_x-400,8,16340,7,0,19,4,0,1,1,3.87804079809,-400
exec27_edge_x-400,2,31525,9,1,11,0,0,1,0,4.78561810295,-400
exec27_edge_x-400,2,31521,4,0,9,0,0,1,0,3.43065798976,-400
exec27_edge_x-400,26,15660,2,0,17,4,0,1,1,6.45852356988,-400
exec27_edge_x-400,2,31502,4,0,11,0,0,1,0,4.09616022052,-400
exec27_edge_x-400,8,16290,5,0,0,0,0,1,0,2.32585674412,-400
exec27_edge_x-400,26,15636,7,0,4,0,0,1,0,2.81164774294,-400
exec27_edge_x-400,48,11476,13,1,17,4,0,1,1,5.98477362056,-400
exec27_edge_x-400,26,15609,0,0,10,0,0,1,0,2.31041351556,-400
exec27_edge_x-400,48,11442,14,1,63,2,0,1,1,10.9176438383,-400
exec27_edge_x-400,48,11411,2,0,4,0,0,1,0,6.15970163389,-400
exec27_edge_x-400,48,11410,7,0,7,5,0,1,1,3.98333112862,-400
exec27_edge_x-400,26,15554,7,0,23,6,0,1,1,3.73950194835,-400
exec27_edge_x-400,26,15548,5,0,0,0,0,1,0,1.71929888699,-400
exec27_edge_x-400,8,16117,12,1,13,0,1,1,1,6.46822858832,-400
exec27_edge_x-400,8,16103,12,1,4,0,0,1,0,6.50261603294,-400
exec27_edge_x-400,8,16093,2,0,21,1,0,1,1,5.54063423794,-400
exec27_edge_x-400,8,16089,5,0,23,6,0,1,1,2.80732471515,-400
exec27_edge_x-400,48,11313,7,0,0,0,0,1,0,4.85184400337,-400
exec27_edge_x-400,2,31259,3,0,16,0,0,1,0,7.57250068214,-400
exec27_edge_x-400,26,15457,0,0,4,2,0,1,1,1.70794083636,-400
exec27_edge_x-400,8,16034,6,0,1,0,0,1,0,2.16036502487,-400
exec27_edge_x-400,2,31242,4,0,10,2,0,1,1,2.79221416513,-400
exec27_edge_x-400,8,16005,5,0,18,0,0,1,0,6.42022394426,-400
exec27_edge_x-400,2,31204,4,0,12,1,0,1,1,5.17479785727,-400
exec27_edge_x-400,26,15416,1,0,8,2,0,1,1,1.72100078926,-400
exec27_edge_x-400,48,11232,5,0,2,0,0,1,0,2.54797595871,-400
exec27_edge_x-400,2,31171,7,0,7,0,0,1,0,2.41242977306,-400
exec27_edge_x-400,2,31161,0,0,7,2,0,1,1,2.66323617685,-400
exec27_edge_x-400,48,11204,2,0,12,8,0,1,1,6.18770802521,-400
exec27_edge_x-400,26,15358,5,0,6,0,0,1,1,2.75744477002,-400
exec27_edge_x-400,8,15913,6,0,6,0,0,1,1,4.25070086449,-400
exec27_edge_x-400,8,15885,2,0,0,0,0,1,0,4.21770681912,-400
exec27_edge_x-400,48,11140,7,0,16,0,0,1,0,1.30328940467,-400
exec27_edge_x-400,2,31085,7,0,14,3,0,1,1,1.772614316,-400
exec27_edge_x-400,2,32999,1,0,8,3,0,1,1,3.6253618083,-400
exec27_edge_x-400,26,15310,1,0,9,1,0,1,1,1.69760161063,-400
exec27_edge_x-400,8,15806,5,0,24,8,0,1,1,1.66814985942,-400
exec27_edge_x-400,2,31058,3,0,3,0,0,1,0,2.726009953,-400
exec27_edge_x-400,8,17579,7,0,10,5,0,1,1,4.10401797546,-400
exec27_edge_x-400,8,17565,1,0,0,0,0,1,0,1.58523453283,-400
exec27_edge_x-400,8,17551,1,0,5,1,0,1,1,3.38362839465,-400
exec27_edge_x-400,48,16538,2,0,7,0,0,1,0,2.21527873043,-400
exec27_edge_x-400,26,15230,7,0,21,9,0,1,1,2.69162629864,-400
exec27_edge_x-400,8,17502,2,0,2,1,0,1,1,2.09760716,-400
exec27_edge_x-400,8,17499,7,0,2,0,0,1,0,2.79190561593,-400
exec27_edge_x-400,26,15213,2,0,8,4,0,1,1,2.0286736694,-400
exec27_edge_x-400,48,16591,1,0,0,0,0,1,0,5.12807503638,-400
exec27_edge_x-400,48,16450,0,0,3,0,0,1,0,4.46361937821,-400
exec27_edge_x-400,8,17456,3,0,5,0,0,1,0,2.0094544546,-400
exec27_edge_x-400,2,30931,2,0,10,2,0,1,1,3.58661380572,-400
exec27_edge_x-400,2,30920,1,0,3,0,0,1,0,4.15156827228,-400
exec27_edge_x-400,26,15175,1,0,10,0,0,1,0,5.6722750032,-400
exec27_edge_x-400,2,30911,4,0,10,1,0,1,1,3.6580781253,-400
exec27_edge_x-400,48,16400,7,0,9,3,0,1,1,2.52605791749,-400
exec27_edge_x-400,48,16366,7,0,17,1,0,1,1,2.11277112751,-400
exec27_edge_x-400,2,33154,3,0,10,7,0,1,1,5.85012149987,-400
exec27_edge_x-400,2,33144,7,0,7,1,0,1,1,1.72446409244,-400
exec27_edge_x-400,48,16315,1,0,17,4,0,1,1,4.07901912754,-400
exec27_edge_x-400,26,15041,4,0,12,0,0,1,0,1.53354301917,-400
exec27_edge_x-400,48,16283,2,0,13,2,0,1,1,4.10415729175,-400
exec27_edge_x-400,48,16271,6,0,1,0,0,1,0,4.03846662848,-400
exec27_edge_x-400,48,16264,5,0,7,0,0,1,0,2.04314416234,-400
exec27_edge_x-400,2,33058,6,0,12,0,0,1,0,2.07885943619,-400
exec27_edge_x-400,48,16247,1,0,21,1,0,1,1,2.02847432997,-400
exec27_edge_x-400,48,16229,7,0,3,0,0,1,0,2.14127494004,-400
exec27_edge_x-400,48,16206,2,0,2,0,0,1,0,2.11743596827,-400
exec27_edge_x-400,48,16136,5,0,24,0,0,1,0,1.69527922667,-400
exec27_edge_x-400,26,14750,4,0,4,0,0,1,0,5.43651682358,-400
exec27_edge_x-400,26,14739,9,1,10,0,0,1,0,4.44600058058,-400
exec27_edge_x-400,48,16016,6,0,22,4,0,1,1,3.56250882664,-400
exec27_edge_x-400,48,16012,5,0,6,0,0,1,0,2.70715832337,-400
exec27_edge_x-400,26,14690,0,0,6,0,0,1,0,2.28360524613,-400
exec27_edge_x-400,48,15918,1,0,36,2,0,1,1,7.59642578488,-400
exec27_edge_x-400,26,14666,4,0,34,6,0,1,1,3.55416719839,-400
exec27_edge_x-400,26,14625,6,0,22,2,0,1,1,5.32310119653,-400
exec27_edge_x-400,26,14595,5,0,12,0,0,1,0,4.47735040178,-400
exec27_edge_x-400,26,14582,4,0,34,4,0,1,1,1.87633982411,-400
exec27_edge_x-400,26,14577,5,0,34,4,0,1,1,4.74938266984,-400
exec27_edge_x-400,26,14548,0,0,16,0,0,1,0,2.99172804961,-400
exec27_edge_x-400,48,15791,1,0,12,0,0,1,0,2.34864867042,-400
exec27_edge_x-400,48,15778,6,0,22,8,0,1,1,3.92698205903,-400
exec27_edge_x-400,48,15759,7,0,12,0,0,1,0,3.72946665859,-400
exec27_edge_x-400,48,16592,7,0,26,0,0,1,0,10.857593875,-400
exec27_edge_x-400,26,14478,3,0,4,0,0,1,0,4.33414197443,-400
exec27_edge_x-400,26,14407,6,0,36,14,0,1,1,3.0212212409,-400
exec27_edge_x-400,48,15634,7,0,78,40,0,1,1,6.06566219148,-400
exec27_edge_x-400,48,15601,4,0,34,2,0,1,1,7.03863329346,-400
exec27_edge_x-400,26,14266,5,0,22,0,0,1,0,2.85554206634,-400
exec27_edge_x-400,26,14252,14,1,22,0,0,1,0,7.29092521717,-400
exec27_edge_x-400,48,15486,3,0,20,0,0,1,0,3.42015316913,-400
exec27_edge_x-400,26,14220,7,0,30,4,0,1,1,1.96483586744,-400
exec27_edge_x-400,48,15470,1,0,40,6,0,1,1,6.14633642604,-400
exec27_edge_x-400,48,16595,1,0,0,0,0,0,0,6.73776783597,-400
exec27_edge_x-400,48,15401,2,0,72,16,0,1,1,5.4016351453,-400
exec27_edge_x-400,48,15398,1,0,16,2,0,1,1,2.28458478779,-400
exec27_edge_x-400,26,14141,7,0,58,26,0,1,1,4.44150897931,-400
exec27_edge_x-400,26,14066,0,0,4,0,0,1,0,1.24273178298,-400
exec27_edge_x-400,26,14026,7,0,26,0,0,1,0,1.46785091022,-400
exec27_edge_x-400,48,15299,7,0,18,0,0,1,0,3.49691460608,-400
exec27_edge_x-400,26,17573,6,0,6,0,0,1,0,7.98716168305,-400
exec27_edge_x-400,26,17554,6,0,14,0,0,1,0,3.63965385875,-400
exec27_edge_x-400,26,17516,7,0,24,0,0,1,0,2.73928221787,-400
exec27_edge_x-400,48,15244,7,0,10,0,0,1,0,6.26972938487,-400
exec27_edge_x-400,48,15232,10,1,6,0,0,1,0,3.89248249931,-400
exec27_edge_x-400,26,17501,5,0,8,0,0,1,0,1.86558075426,-400
exec27_edge_x-400,26,17490,7,0,6,0,0,1,0,1.82503019733,-400
exec27_edge_x-400,48,15202,0,0,24,4,0,1,1,1.34611055681,-400
exec27_edge_x-400,26,17454,0,0,10,0,0,1,0,3.44120557115,-400
exec27_edge_x-400,26,17428,3,0,10,0,0,1,0,3.42695058232,-400
exec27_edge_x-400,26,17590,3,0,0,0,0,0,0,7.1285026501,-400
exec27_edge_x-400,26,17375,1,0,36,16,0,1,1,4.37413422766,-400
exec27_edge_x-400,48,18309,4,0,20,2,0,1,1,3.3352296068,-400
exec27_edge_x-400,26,17368,2,0,8,0,0,1,0,1.77335207767,-400
exec27_edge_x-400,48,18263,1,0,10,2,0,1,1,5.43311151787,-400
exec27_edge_x-400,26,17297,5,0,6,0,0,1,0,2.61456498899,-400
exec27_edge_x-400,26,17288,0,0,24,2,0,1,1,2.30054664849,-400
exec27_edge_x-400,26,17281,0,0,6,0,0,1,0,5.94558834462,-400
exec27_edge_x-400,26,17245,5,0,16,0,0,1,0,3.64606805395,-400
exec27_edge_x-400,48,18168,4,0,8,0,0,1,0,3.1327070988,-400
exec27_edge_x-400,48,18166,0,0,12,0,0,1,0,2.2357803451,-400
exec27_edge_x-400,26,17199,1,0,18,0,0,1,0,1.66827185991,-400
exec27_edge_x-400,26,17177,4,0,2,0,0,1,0,4.8677871306,-400
exec27_edge_x-400,48,18121,4,0,22,6,0,1,1,3.00870853191,-400
exec27_edge_x-400,26,17125,5,0,16,0,0,1,0,3.14114540675,-400
exec27_edge_x-400,26,17121,6,0,12,0,0,1,0,2.51574488002,-400
exec27_edge_x-400,26,17118,5,0,14,2,0,1,1,5.97577090187,-400
exec27_edge_x-400,48,18063,4,0,4,0,0,1,0,1.60778459741,-400
exec27_edge_x-400,48,18028,0,0,32,0,0,1,0,3.26878059845,-400
exec27_edge_x-400,48,18010,3,0,26,0,0,1,0,2.62771831916,-400
exec27_edge_x-400,48,18007,4,0,24,2,0,1,1,4.16346727499,-400
exec27_edge_x-400,48,18000,2,0,14,0,0,1,0,1.61210008339,-400
exec27_edge_x-400,48,17955,11,1,28,0,0,1,0,6.10843363268,-400
exec27_edge_x-400,26,16973,2,0,18,2,0,1,1,3.59793114668,-400
exec27_edge_x-400,48,17908,0,0,12,0,0,1,0,1.66173635785,-400
exec27_edge_x-400,48,17836,0,0,46,10,0,1,1,3.58231286092,-400
exec27_edge_x-400,26,16841,7,0,52,22,0,1,1,5.65319566135,-400
exec27_edge_x-400,26,16830,2,0,34,8,0,1,1,2.6575542435,-400
exec27_edge_x-400,48,17780,4,0,16,2,0,1,1,1.70915804877,-400
exec27_edge_x-400,48,17768,4,0,50,6,0,1,1,3.11765358976,-400
exec27_edge_x-400,26,16733,4,0,4,0,0,1,0,2.73544198883,-400
exec27_edge_x-400,48,17725,3,0,12,0,0,1,0,6.07903720383,-400
exec27_edge_x-400,26,16710,6,0,34,6,0,1,1,2.7977507854,-400
exec27_edge_x-400,48,17703,7,0,38,2,0,1,1,2.85432321906,-400
exec27_edge_x-400,48,17684,0,0,34,2,0,1,1,2.1692899176,-400
exec27_edge_x-400,26,16589,6,0,36,12,0,1,1,6.45433517597,-400
exec27_edge_x-400,26,16549,0,0,6,0,0,1,0,2.5073915081,-400
exec27_edge_x-400,48,17506,1,0,16,0,0,1,0,3.00412868305,-400
exec27_edge_x-400,48,17477,7,0,26,6,0,1,1,2.59830850788,-400
exec27_edge_x-400,26,16406,7,0,20,4,0,1,1,3.1697193536,-400
exec27_edge_x-400,26,16339,0,0,10,0,0,1,0,3.52251354793,-400
exec27_edge_x-400,26,16325,2,0,42,28,0,1,1,5.6600801283,-400
exec27_edge_x-400,48,17278,12,1,16,0,0,1,0,7.85421904373,-400
exec27_edge_x-400,48,17251,0,0,8,0,0,1,0,4.70195558967,-400
exec27_edge_x-400,48,17221,4,0,8,0,0,1,0,1.78327205533,-400
exec27_edge_x-400,48,17214,3,0,30,4,0,1,1,2.27040501424,-400
exec27_edge_x-400,48,17114,3,0,20,0,0,1,0,3.82741417767,-400
exec27_edge_x-400,48,17092,6,0,14,0,0,1,0,4.49682387194,-400
exec27_edge_x-400,48,17062,3,0,14,2,0,1,1,3.37990136918,-400
exec27_edge_x-400,48,17022,5,0,4,0,0,1,0,3.45575327913,-400
exec27_edge_x-400,26,17598,3,0,4,0,0,1,0,10.1181349993,-400
exec27_edge_x-400,48,16932,0,0,18,0,0,1,0,6.02808600836,-400
exec27_edge_x-400,48,16807,7,0,26,4,0,1,1,4.50671263617,-400
exec27_edge_x-400,48,16753,1,0,18,6,0,1,1,3.86305640055,-400
exec27_edge_x-400,26,18932,2,0,10,0,0,1,0,7.37517224332,-400
exec27_edge_x-400,48,16617,0,0,6,0,0,1,0,1.23192465944,-400
exec27_edge_x-400,26,18894,0,0,4,0,0,1,0,1.79743271729,-400
exec27_edge_x-400,26,18879,4,0,24,2,0,1,1,2.67885009002,-400
exec27_edge_x-400,48,19943,10,1,42,0,0,1,0,5.55318539602,-400
exec27_edge_x-400,48,19914,2,0,32,2,0,1,1,2.45523776319,-400
exec27_edge_x-400,48,19906,1,0,28,12,0,1,1,2.43243747602,-400
exec27_edge_x-400,48,19882,1,0,44,10,0,1,1,3.19032612873,-400
exec27_edge_x-400,26,18778,6,0,26,10,0,1,1,2.71260876024,-400
exec27_edge_x-400,48,19845,7,0,6,0,0,1,0,2.60291354392,-400
exec27_edge_x-400,26,18737,7,0,16,10,0,1,1,3.71752758278,-400
exec27_edge_x-400,48,19754,7,0,8,0,0,1,0,3.40029823946,-400
exec27_edge_x-400,26,18669,2,0,12,0,0,1,0,5.80638854416,-400
exec27_edge_x-400,26,18640,4,0,16,0,0,1,0,2.69417144981,-400
exec27_edge_x-400,48,19676,3,0,30,10,0,1,1,1.63437749969,-400
exec27_edge_x-400,48,19631,0,0,12,0,0,1,0,4.95898438686,-400
exec27_edge_x-400,26,18543,0,0,22,0,0,1,0,2.64358132582,-400
exec27_edge_x-400,26,18466,5,0,10,0,0,1,0,5.91170167497,-400
exec27_edge_x-400,26,18460,0,0,32,8,0,1,1,4.26285533897,-400
exec27_edge_x-400,48,19514,1,0,14,0,0,1,0,2.38798374449,-400
exec27_edge_x-400,26,18388,1,0,32,6,0,1,1,4.39467787151,-400
exec27_edge_x-400,48,19438,3,0,16,10,0,1,1,6.28597611291,-400
exec27_edge_x-400,48,19436,5,0,34,16,0,1,1,2.8699740118,-400
exec27_edge_x-400,48,19433,3,0,10,0,0,1,0,2.20859551428,-400
exec27_edge_x-400,48,19425,6,0,2,0,0,1,0,12.2371878445,-400
exec27_edge_x-400,26,18329,8,1,58,8,0,1,1,6.6172815795,-400
exec27_edge_x-400,26,18311,1,0,16,0,0,1,0,7.94688683297,-400
exec27_edge_x-400,48,19312,2,0,12,0,0,1,0,2.90663012311,-400
exec27_edge_x-400,48,20004,2,0,0,0,0,0,0,3.58844897283,-400
exec27_edge_x-400,48,19309,6,0,12,0,0,1,0,5.33644186849,-400
exec27_edge_x-400,26,18262,0,0,6,0,0,1,0,2.9604383442,-400
exec27_edge_x-400,26,18233,3,0,18,4,0,1,1,1.876455127,-400
exec27_edge_x-400,26,18170,6,0,30,16,0,1,1,1.91841012934,-400
exec27_edge_x-400,48,19185,3,0,22,0,0,1,0,4.36651430327,-400
exec27_edge_x-400,48,19134,2,0,10,0,0,1,0,2.95222344819,-400
exec27_edge_x-400,48,19079,2,0,38,14,0,1,1,3.89865415287,-400
exec27_edge_x-400,48,19048,1,0,10,0,0,1,0,2.36824799034,-400
exec27_edge_x-400,48,19043,3,0,22,2,0,1,1,3.62939302235,-400
exec27_edge_x-400,48,18968,1,0,32,4,0,1,1,4.95663729803,-400
exec27_edge_x-400,48,20006,1,0,0,0,0,0,0,7.03078221147,-400
exec27_edge_x-400,48,18961,7,0,14,0,0,1,0,1.78295723067,-400
exec27_edge_x-400,48,18940,7,0,16,2,0,1,1,4.67741652418,-400
exec27_edge_x-400,26,17880,7,0,18,0,0,1,0,3.60621782232,-400
exec27_edge_x-400,26,17803,0,0,38,20,0,1,1,4.22799309618,-400
exec27_edge_x-400,48,18751,7,0,38,0,0,1,0,1.93572376703,-400
exec27_edge_x-400,48,18710,4,0,42,22,0,1,1,2.97368820125,-400
exec27_edge_x-400,48,18671,1,0,32,8,0,1,1,1.85101419793,-400
exec27_edge_x-400,26,17628,4,0,48,16,0,1,1,1.56917198906,-400
exec27_edge_x-400,26,20498,7,0,6,0,0,1,0,2.78517941754,-400
exec27_edge_x-400,26,20480,2,0,8,0,0,1,0,6.01355348114,-400
exec27_edge_x-400,48,18592,1,0,4,0,0,1,0,4.22364801959,-400
exec27_edge_x-400,26,20399,9,1,28,2,0,1,1,7.97266757046,-400
exec27_edge_x-400,26,20396,1,0,14,0,0,1,0,3.2645709864,-400
exec27_edge_x-400,26,20389,3,0,30,4,0,1,1,5.05417944513,-400
exec27_edge_x-400,48,18500,5,0,28,4,0,1,1,2.34451327268,-400
exec27_edge_x-400,26,20336,4,0,22,4,0,1,1,3.43148236445,-400
exec27_edge_x-400,26,20326,2,0,24,0,0,1,0,7.65153767064,-400
exec27_edge_x-400,48,20541,6,0,4,0,0,1,0,4.30620115999,-400
exec27_edge_x-400,48,20497,4,0,6,0,0,1,0,1.86479555788,-400
exec27_edge_x-400,48,20467,1,0,22,4,0,1,1,8.24076770438,-400
exec27_edge_x-400,26,20238,9,1,24,0,0,1,0,5.30719076308,-400
exec27_edge_x-400,48,20406,1,0,12,0,0,1,0,2.98657460142,-400
exec27_edge_x-400,26,20188,7,0,16,2,0,1,1,2.05102825957,-400
exec27_edge_x-400,48,20393,2,0,32,0,0,1,0,6.68446069727,-400
exec27_edge_x-400,48,20377,5,0,28,10,0,1,1,9.49941933467,-400
exec27_edge_x-400,26,20161,7,0,26,2,0,1,1,5.9389383172,-400
exec27_edge_x-400,26,20519,7,0,0,0,0,0,0,11.650258769,-400
exec27_edge_x-400,26,20128,7,0,44,4,0,1,1,2.85173847502,-400
exec27_edge_x-400,26,20072,7,0,4,0,0,1,0,3.3970368634,-400
exec27_edge_x-400,26,20055,6,0,12,4,0,1,1,5.69548929745,-400
exec27_edge_x-400,26,20040,3,0,30,2,0,1,1,4.63924993344,-400
exec27_edge_x-400,26,20033,6,0,28,8,0,1,1,1.75895746895,-400
exec27_edge_x-400,48,20220,0,0,10,0,0,1,0,1.93851693482,-400
exec27_edge_x-400,26,20015,4,0,10,0,0,1,0,4.72123106927,-400
exec27_edge_x-400,26,19959,2,0,52,18,0,1,1,2.76095782213,-400
exec27_edge_x-400,26,19939,6,0,0,0,0,0,0,3.04454341146,-400
exec27_edge_x-400,48,20143,5,0,14,0,0,1,0,4.70772853059,-400
exec27_edge_x-400,26,19894,3,0,12,0,0,1,0,3.21565595573,-400
exec27_edge_x-400,48,20076,7,0,2,0,0,1,0,2.11350927199,-400
exec27_edge_x-400,48,20039,4,0,18,0,0,1,0,4.15926460413,-400
exec27_edge_x-400,48,20017,2,0,24,6,0,1,1,1.75274967809,-400
exec27_edge_x-400,26,19751,4,0,8,0,0,1,0,2.4395077479,-400
exec27_edge_x-400,49,1662,6,0,42,14,0,1,1,2.77057490558,-400
exec27_edge_x-400,26,19618,6,0,30,10,0,1,1,2.96494374898,-400
exec27_edge_x-400,49,1568,5,0,22,4,0,1,1,2.65075775017,-400
exec27_edge_x-400,49,1547,3,0,26,4,0,1,1,2.96082856154,-400
exec27_edge_x-400,26,19583,2,0,4,0,0,1,0,4.15792914283,-400
exec27_edge_x-400,49,1539,0,0,24,0,0,1,0,2.85429752912,-400
exec27_edge_x-400,49,1520,3,0,20,0,0,1,0,2.81354534327,-400
exec27_edge_x-400,49,1509,6,0,40,12,0,1,1,6.23237204363,-400
exec27_edge_x-400,49,1476,7,0,2,0,0,1,0,6.37044475804,-400
exec27_edge_x-400,49,1463,6,0,20,0,0,1,0,2.58764101953,-400
exec27_edge_x-400,49,1322,2,0,14,0,0,1,0,6.6913389675,-400
exec27_edge_x-400,49,1265,1,0,42,12,0,1,1,3.72375487168,-400
exec27_edge_x-400,26,19336,1,0,60,14,0,1,1,3.19693826269,-400
exec27_edge_x-400,26,19319,2,0,40,10,0,1,1,4.25199631394,-400
exec27_edge_x-400,49,1220,3,0,48,20,0,1,1,2.43666419118,-400
exec27_edge_x-400,49,1201,1,0,10,0,0,1,0,1.81423226443,-400
exec27_edge_x-400,26,19264,14,1,8,0,0,1,0,4.94571226338,-400
exec27_edge_x-400,49,1151,4,0,28,8,0,1,1,9.72245655332,-400
exec27_edge_x-400,49,1134,7,0,20,0,0,1,0,8.82691805574,-400
exec27_edge_x-400,26,19221,0,0,30,4,0,1,1,2.76547428069,-400
exec27_edge_x-400,49,930,7,0,16,0,0,1,0,1.43186398338,-400
exec27_edge_x-400,49,922,3,0,12,0,0,1,0,5.95736749318,-400
exec27_edge_x-400,49,850,6,0,34,14,0,1,1,2.54055903971,-400
exec27_edge_x-400,49,802,6,0,20,4,0,1,1,5.07387465545,-400
exec27_edge_x-400,49,671,3,0,8,0,0,1,0,4.82943389839,-400
exec27_edge_x-400,49,644,6,0,28,2,0,1,1,3.70417482913,-400
exec27_edge_x-400,49,572,3,0,30,4,0,1,1,3.76698603586,-400
exec27_edge_x-400,49,423,10,1,24,4,0,1,1,4.34955129215,-400
exec27_edge_x-400,49,328,9,1,0,0,0,0,0,7.60922270189,-400
exec27_edge_x-400,49,288,5,0,30,4,0,1,1,4.30627486233,-400
exec27_edge_x-400,49,210,0,0,18,0,0,1,0,2.52013862682,-400
exec27_edge_x-400,49,207,4,0,14,0,0,1,0,6.35290383666,-400
exec27_edge_x-400,49,146,3,0,22,4,0,1,1,3.10696546196,-400
exec27_edge_x-400,49,128,3,0,10,2,0,1,1,3.75707801644,-400
exec27_edge_x-400,49,3379,2,0,26,0,0,1,0,2.65836806454,-400
exec27_edge_x-400,49,3372,0,0,32,4,0,1,1,2.64533602973,-400
exec27_edge_x-400,49,3296,0,0,10,0,0,1,0,2.12506810543,-400
exec27_edge_x-400,49,3266,6,0,68,16,0,1,1,4.99706374786,-400
exec27_edge_x-400,49,3202,2,0,26,2,0,1,1,2.29897426387,-400
exec27_edge_x-400,49,3186,3,0,10,0,0,1,0,3.37349863178,-400
exec27_edge_x-400,49,3182,0,0,40,6,0,1,1,4.27289900075,-400
exec27_edge_x-400,49,3170,8,1,12,0,0,1,0,5.97688494285,-400
exec27_edge_x-400,49,3088,2,0,16,0,0,1,0,2.60147612332,-400
exec27_edge_x-400,49,3050,4,0,50,20,0,1,1,6.65188058361,-400
exec27_edge_x-400,49,3046,6,0,36,14,0,1,1,6.13715364846,-400
exec27_edge_x-400,49,3000,6,0,22,4,0,1,1,3.26561660178,-400
exec27_edge_x-400,49,2945,1,0,40,10,0,1,1,4.16260982503,-400
exec27_edge_x-400,49,2915,2,0,2,0,0,1,0,3.61346984503,-400
exec27_edge_x-400,49,2623,7,0,46,6,0,1,1,2.51726886003,-400
exec27_edge_x-400,49,2493,0,0,16,0,0,1,0,2.50092184103,-400
exec27_edge_x-400,49,2490,15,1,58,2,0,1,1,5.05311050612,-400
exec27_edge_x-400,49,2397,3,0,22,2,0,1,1,4.70887401712,-400
exec27_edge_x-400,49,2355,0,0,20,4,0,1,1,4.09478904762,-400
exec27_edge_x-400,49,2336,3,0,30,8,0,1,1,1.82896625118,-400
exec27_edge_x-400,49,2334,5,0,26,0,0,1,0,2.29805916292,-400
exec27_edge_x-400,49,2163,1,0,26,8,0,1,1,2.08061557644,-400
exec27_edge_x-400,49,2148,2,0,28,0,0,1,0,3.70215799884,-400
exec27_edge_x-400,49,2122,0,0,20,2,0,1,1,4.72668173054,-400
exec27_edge_x-400,49,1943,6,0,24,8,0,1,1,7.57553245721,-400
exec27_edge_x-400,49,1917,1,0,38,6,0,1,1,5.23893890193,-400
exec27_edge_x-400,49,1911,7,0,6,0,0,1,0,6.7721560602,-400
exec27_edge_x-400,49,1870,6,0,16,0,0,1,0,2.66025740026,-400
exec27_edge_x-400,49,1854,7,0,40,16,0,1,1,2.36347644017,-400
exec27_edge_x-400,49,1843,1,0,2,0,0,1,0,3.07707005922,-400
exec27_edge_x-400,49,5073,5,0,44,2,0,1,1,2.89942729552,-400
exec27_edge_x-400,49,5045,4,0,34,6,0,1,1,6.13075104529,-400
exec27_edge_x-400,49,4805,6,0,28,4,0,1,1,5.14490127475,-400
exec27_edge_x-400,49,4649,3,0,2,0,0,1,0,3.58826043969,-400
exec27_edge_x-400,49,4596,7,0,14,0,0,1,0,1.79362413687,-400
exec27_edge_x-400,49,4300,5,0,34,8,0,1,1,2.33705729486,-400
exec27_edge_x-400,49,4250,1,0,10,0,0,1,0,2.10378104699,-400
exec27_edge_x-400,49,4197,1,0,34,4,0,1,1,2.59564376374,-400
exec27_edge_x-400,49,4111,12,1,46,10,0,1,1,4.94231284564,-400
exec27_edge_x-400,49,4089,0,0,20,4,0,1,1,2.73834067189,-400
exec27_edge_x-400,49,3988,5,0,6,0,0,1,0,6.59105161939,-400
exec27_edge_x-400,49,3963,4,0,22,2,0,1,1,4.66605195583,-400
exec27_edge_x-400,49,3956,1,0,14,0,0,1,0,4.04019563014,-400
exec27_edge_x-400,49,3824,3,0,4,0,0,1,0,4.02718981776,-400
exec27_edge_x-400,49,3755,5,0,12,0,0,1,0,2.09585043222,-400
exec27_edge_x-400,49,3754,0,0,16,4,0,1,1,1.80530798842,-400
exec27_edge_x-400,49,6678,3,0,38,6,0,1,1,6.47086293657,-400
exec27_edge_x-400,49,6577,6,0,6,0,0,1,0,2.66229133692,-400
exec27_edge_x-400,49,6380,6,0,10,0,0,1,0,2.84085162799,-400
exec27_edge_x-400,49,6332,5,0,50,16,0,1,1,3.67048955983,-400
exec27_edge_x-400,49,6283,7,0,14,2,0,1,1,4.28552879144,-400
exec27_edge_x-400,49,6250,4,0,20,0,0,1,0,2.42393780358,-400
exec27_edge_x-400,49,6122,2,0,10,0,0,1,0,3.97852595465,-400
exec27_edge_x-400,49,6053,5,0,32,2,0,1,1,3.05685915534,-400
exec27_edge_x-400,49,5991,0,0,34,8,0,1,1,2.89588678332,-400
exec27_edge_x-400,49,5766,4,0,10,0,0,1,0,1.47920100264,-400
exec27_edge_x-400,49,5727,0,0,18,0,0,1,0,2.39402356262,-400
exec27_edge_x-400,49,5684,5,0,2,0,0,1,0,5.44369015598,-400
exec27_edge_x-400,49,5652,5,0,10,0,0,1,0,1.8168081508,-400
exec27_edge_x-400,49,5593,5,0,32,4,0,1,1,2.60195008328,-400
exec27_edge_x-400,49,5470,0,0,24,4,0,1,1,3.14577924327,-400
exec27_edge_x-400,49,5456,5,0,28,4,0,1,1,3.01471610262,-400
exec27_edge_x-400,49,5348,0,0,54,18,0,1,1,8.03738231985,-400
exec27_edge_x-400,49,5287,1,0,20,2,0,1,1,4.45999298701,-400
exec27_edge_x-400,49,5245,6,0,14,0,0,1,0,1.90122455095,-400
exec27_edge_x-400,49,8888,0,0,28,0,0,1,0,5.74138366109,-400
exec27_edge_x-400,49,8871,4,0,10,0,0,1,0,2.58770783855,-400
exec27_edge_x-400,49,8823,1,0,18,4,0,1,1,2.75783243854,-400
exec27_edge_x-400,49,8740,2,0,30,4,0,1,1,2.78735564306,-400
exec27_edge_x-400,49,8675,6,0,8,0,0,1,0,6.04706782679,-400
exec27_edge_x-400,49,8655,1,0,50,28,0,1,1,4.7978657006,-400
exec27_edge_x-400,49,8632,2,0,22,8,0,1,1,4.44875242557,-400
exec27_edge_x-400,49,8599,0,0,14,2,0,1,1,3.52535808789,-400
exec27_edge_x-400,49,8445,0,0,42,14,0,1,1,2.84064181416,-400
exec27_edge_x-400,49,8304,3,0,4,0,0,1,0,4.52623512001,-400
exec27_edge_x-400,49,8251,7,0,36,6,0,1,1,6.72982654967,-400
exec27_edge_x-400,49,8203,5,0,18,0,0,1,0,5.83222768929,-400
exec27_edge_x-400,49,8179,4,0,34,16,0,1,1,2.61163996393,-400
exec27_edge_x-400,49,8156,1,0,6,0,0,1,0,5.92853086683,-400
exec27_edge_x-400,49,8130,5,0,16,0,0,1,0,7.24479554591,-400
exec27_edge_x-400,49,8106,4,0,14,2,0,1,1,6.40361392753,-400
exec27_edge_x-400,49,7926,6,0,14,0,0,1,0,2.19013254457,-400
exec27_edge_x-400,49,7850,1,0,24,2,0,1,1,3.47642342686,-400
exec27_edge_x-400,49,7833,0,0,40,8,0,1,1,4.62201055677,-400
exec27_edge_x-400,49,7825,10,1,26,0,0,1,0,6.26039493748,-400
exec27_edge_x-400,49,7814,6,0,6,0,0,1,0,1.78664904988,-400
exec27_edge_x-400,49,7679,2,0,24,2,0,1,1,8.53858091534,-400
exec27_edge_x-400,49,7643,1,0,18,0,0,1,0,2.91877008024,-400
exec27_edge_x-400,49,7629,1,0,26,10,0,1,1,2.98665010357,-400
exec27_edge_x-400,49,7548,6,0,34,4,0,1,1,4.45208720503,-400
exec27_edge_x-400,49,7497,7,0,52,8,0,1,1,2.41360465194,-400
exec27_edge_x-400,49,7492,15,1,42,10,0,1,1,6.78583967484,-400
exec27_edge_x-400,49,7472,0,0,20,0,0,1,0,5.33871455569,-400
exec27_edge_x-400,49,7465,7,0,20,2,0,1,1,3.21516824873,-400
exec27_edge_x-400,49,7375,7,0,22,4,0,1,1,3.9536810761,-400
exec27_edge_x-400,49,7360,3,0,30,4,0,1,1,3.52311287085,-400
exec27_edge_x-400,49,7307,2,0,4,0,0,1,0,2.83190044588,-400
exec27_edge_x-400,49,7297,4,0,4,0,0,1,0,4.53038475544,-400
exec27_edge_x-400,49,7295,0,0,12,0,0,1,0,4.88756698785,-400
exec27_edge_x-400,49,8986,7,0,8,0,0,1,0,7.05100510636,-400
exec27_edge_x-400,49,7187,3,0,34,6,0,1,1,6.35093320193,-400
exec27_edge_x-400,49,7160,0,0,14,0,0,1,0,2.22114895972,-400
exec27_edge_x-400,49,7072,2,0,46,10,0,1,1,2.43245762373,-400
exec27_edge_x-400,49,7026,1,0,28,4,0,1,1,3.56027796419,-400
exec27_edge_x-400,49,6820,6,0,24,2,0,1,1,1.33746135878,-400
exec27_edge_x-400,49,10474,7,0,14,0,0,1,0,3.17015184716,-400
exec27_edge_x-400,49,10458,1,0,62,22,0,1,1,3.77579446154,-400
exec27_edge_x-400,49,10443,3,0,10,0,0,1,0,3.80541094707,-400
exec27_edge_x-400,49,10413,7,0,38,8,0,1,1,2.76086065004,-400
exec27_edge_x-400,49,10371,4,0,2,0,0,1,0,1.55622638106,-400
exec27_edge_x-400,49,10280,0,0,16,0,0,1,0,3.56142020373,-400
exec27_edge_x-400,49,10269,0,0,0,0,0,0,0,3.20331992406,-400
exec27_edge_x-400,49,10252,5,0,20,4,0,1,1,2.84264906126,-400
exec27_edge_x-400,49,10213,1,0,10,0,0,1,0,3.72499251345,-400
exec27_edge_x-400,49,10049,3,0,82,26,0,1,1,4.31211390121,-400
exec27_edge_x-400,49,10037,7,0,14,0,0,1,0,2.65941134036,-400
exec27_edge_x-400,49,9963,1,0,14,0,0,1,0,4.71516889885,-400
exec27_edge_x-400,49,9943,0,0,22,8,0,1,1,2.35520359414,-400
exec27_edge_x-400,49,9926,1,0,6,0,0,1,0,2.24960705679,-400
exec27_edge_x-400,49,9758,6,0,16,0,0,1,0,3.05009419649,-400
exec27_edge_x-400,49,9674,7,0,26,0,0,1,0,3.52994825755,-400
exec27_edge_x-400,49,9622,1,0,22,6,0,1,1,2.53201313091,-400
exec27_edge_x-400,49,9620,3,0,12,0,0,1,0,2.83923519325,-400
exec27_edge_x-400,49,9609,5,0,10,4,0,1,1,3.38706548916,-400
exec27_edge_x-400,49,9438,5,0,20,2,0,1,1,2.13422343536,-400
exec27_edge_x-400,49,9414,7,0,24,8,0,1,1,4.07347698102,-400
exec27_edge_x-400,49,9366,13,1,18,0,0,1,0,8.92968720045,-400
exec27_edge_x-400,49,9233,5,0,18,0,0,1,0,2.34293749615,-400
exec27_edge_x-400,49,9202,1,0,36,4,0,1,1,4.99634679821,-400
exec27_edge_x-400,49,9158,1,0,38,0,0,1,0,2.1448756527,-400
exec27_edge_x-400,49,11760,4,0,10,0,0,1,0,5.84783756551,-400
exec27_edge_x-400,49,11753,2,0,8,0,0,1,0,4.65051007818,-400
exec27_edge_x-400,49,11748,5,0,16,2,0,1,1,7.28203629491,-400
exec27_edge_x-400,49,11747,6,0,10,4,0,1,1,5.13442040485,-400
exec27_edge_x-400,49,11710,3,0,4,0,0,1,0,2.1012212639,-400
exec27_edge_x-400,49,11696,7,0,42,14,0,1,1,6.06320266484,-400
exec27_edge_x-400,49,11688,2,0,4,0,0,1,0,1.98581720344,-400
exec27_edge_x-400,49,11651,1,0,34,6,0,1,1,3.25555967252,-400
exec27_edge_x-400,49,11438,3,0,16,0,0,1,0,1.97279789215,-400
exec27_edge_x-400,49,11273,0,0,8,0,0,1,0,12.236707194,-400
exec27_edge_x-400,49,11226,5,0,16,0,0,1,0,2.31422627969,-400
exec27_edge_x-400,49,11193,6,0,4,0,0,1,0,2.63701049064,-400
exec27_edge_x-400,49,11183,2,0,8,0,0,1,0,3.37498567427,-400
exec27_edge_x-400,49,11173,0,0,24,6,0,1,1,2.20912168672,-400
exec27_edge_x-400,49,11063,0,0,10,0,0,1,0,3.08751527142,-400
exec27_edge_x-400,49,11062,0,0,8,2,0,1,1,5.12483121405,-400
exec27_edge_x-400,49,11056,4,0,6,0,0,1,0,3.37944084053,-400
exec27_edge_x-400,49,11000,1,0,16,0,0,1,0,2.900312059,-400
exec27_edge_x-400,49,10842,5,0,28,0,0,1,0,3.66710966855,-400
exec27_edge_x-400,49,10718,2,0,10,0,0,1,0,1.47048304288,-400
exec27_edge_x-400,49,10697,2,0,32,0,0,1,0,3.2074182948,-400
exec27_edge_x-400,49,10624,1,0,24,0,0,1,0,3.97035267134,-400
exec27_edge_x-400,49,10579,0,0,18,0,0,1,0,1.3126726821,-400
exec27_edge_x-400,49,13618,0,0,6,0,0,1,0,3.87933393244,-400
exec27_edge_x-400,49,13583,0,0,26,6,0,1,1,3.9625564756,-400
exec27_edge_x-400,49,13470,4,0,30,2,0,1,1,1.81134103002,-400
exec27_edge_x-400,49,13395,3,0,20,0,0,1,0,2.99206120547,-400
exec27_edge_x-400,49,13391,5,0,8,0,0,1,0,1.81324977706,-400
exec27_edge_x-400,49,13385,6,0,68,20,0,1,1,6.51509835009,-400
exec27_edge_x-400,49,13338,6,0,8,0,0,1,0,2.77887449977,-400
exec27_edge_x-400,49,13251,5,0,20,2,0,1,1,2.3395885406,-400
exec27_edge_x-400,49,13235,3,0,10,0,0,1,0,2.61529916215,-400
exec27_edge_x-400,49,13045,3,0,26,0,0,1,0,4.00577573321,-400
exec27_edge_x-400,49,12955,7,0,14,0,0,1,0,2.95353748857,-400
exec27_edge_x-400,49,12891,7,0,10,0,0,1,0,2.27331823993,-400
exec27_edge_x-400,49,12777,5,0,26,6,0,1,1,5.68505835535,-400
exec27_edge_x-400,49,12772,5,0,10,0,0,1,0,10.3241329872,-400
exec27_edge_x-400,49,12709,3,0,16,0,0,1,0,3.61254878238,-400
exec27_edge_x-400,49,12657,12,1,20,0,0,1,0,5.40761937539,-400
exec27_edge_x-400,49,12640,1,0,4,0,0,1,0,2.19503694462,-400
exec27_edge_x-400,49,12632,1,0,50,36,0,1,1,7.05635968183,-400
exec27_edge_x-400,49,12497,6,0,28,0,0,1,0,4.32682835542,-400
exec27_edge_x-400,49,12437,4,0,12,0,0,1,0,11.4220164048,-400
exec27_edge_x-400,49,12135,7,0,14,0,0,1,0,3.90168535511,-400
exec27_edge_x-400,49,11904,4,0,18,6,0,1,1,1.70546690479,-400
exec27_edge_x-400,49,15715,3,0,20,0,0,1,0,1.74040017262,-400
exec27_edge_x-400,49,15644,2,0,34,2,0,1,1,3.53001656872,-400
exec27_edge_x-400,49,15575,2,0,6,0,0,1,0,8.71915028325,-400
exec27_edge_x-400,49,15564,1,0,14,0,0,1,0,1.67344445129,-400
exec27_edge_x-400,49,15552,2,0,4,2,0,1,1,4.01800963637,-400
exec27_edge_x-400,49,15493,5,0,20,6,0,1,1,2.10664233115,-400
exec27_edge_x-400,49,15480,1,0,12,2,0,1,1,2.34221652899,-400
exec27_edge_x-400,49,15364,11,1,10,0,0,1,0,6.79430199158,-400
exec27_edge_x-400,49,15253,4,0,32,12,0,1,1,4.95557109213,-400
exec27_edge_x-400,49,15247,4,0,20,0,0,1,0,3.53493938118,-400
exec27_edge_x-400,49,15155,4,0,8,0,0,1,0,1.97256460878,-400
exec27_edge_x-400,49,15102,2,0,40,4,0,1,1,2.61326448644,-400
exec27_edge_x-400,49,15096,5,0,6,0,0,1,0,4.82402808274,-400
exec27_edge_x-400,49,15089,2,0,6,0,0,1,0,2.53341851411,-400
exec27_edge_x-400,49,15057,0,0,26,2,0,1,1,3.48489157261,-400
exec27_edge_x-400,49,15019,7,0,16,2,0,1,1,4.18681116177,-400
exec27_edge_x-400,49,15005,3,0,34,8,0,1,1,3.75247983581,-400
exec27_edge_x-400,49,14971,10,1,30,4,0,1,1,7.64932590614,-400
exec27_edge_x-400,49,14787,0,0,34,0,0,1,0,1.82026603358,-400
exec27_edge_x-400,49,14777,1,0,8,0,0,1,0,1.8595049598,-400
exec27_edge_x-400,49,14756,5,0,18,0,0,1,0,4.45799490799,-400
exec27_edge_x-400,49,14748,2,0,14,0,0,1,0,3.50861939725,-400
exec27_edge_x-400,49,14745,6,0,6,0,0,1,0,3.64765937731,-400
exec27_edge_x-400,49,14743,9,1,4,0,0,1,0,5.91986417917,-400
exec27_edge_x-400,49,14717,7,0,30,10,0,1,1,5.00052071417,-400
exec27_edge_x-400,49,14625,1,0,32,4,0,1,1,3.2027410835,-400
exec27_edge_x-400,49,14613,6,0,14,0,0,1,0,2.85038444961,-400
exec27_edge_x-400,49,14421,3,0,24,0,0,1,0,1.86324269758,-400
exec27_edge_x-400,49,14378,6,0,16,0,0,1,0,3.33838442422,-400
exec27_edge_x-400,49,14260,2,0,8,0,0,1,0,3.2858615723,-400
exec27_edge_x-400,49,14216,1,0,20,0,0,1,0,3.4366069553,-400
exec27_edge_x-400,49,14154,6,0,54,8,0,1,1,4.57076977059,-400
exec27_edge_x-400,49,14065,0,0,16,0,0,1,0,1.95346185557,-400
exec27_edge_x-400,49,14055,0,0,30,2,0,1,1,3.07629391144,-400
exec27_edge_x-400,49,14044,0,0,6,0,0,1,0,5.72913615013,-400
exec27_edge_x-400,49,14012,7,0,6,0,0,1,0,4.2572993457,-400
exec27_edge_x-400,49,13741,0,0,16,0,0,1,0,1.49502853693,-400
exec27_edge_x-400,49,18029,1,0,16,0,0,1,0,1.87328872957,-400
exec27_edge_x-400,49,17908,5,0,4,0,0,1,0,3.90712576165,-400
exec27_edge_x-400,49,17784,2,0,58,20,0,1,1,8.67440954319,-400
exec27_edge_x-400,49,17728,1,0,28,6,0,1,1,1.75413548415,-400
exec27_edge_x-400,49,17716,6,0,8,0,0,1,0,2.73471481797,-400
exec27_edge_x-400,49,17706,0,0,24,0,0,1,0,2.56063583058,-400
exec27_edge_x-400,49,17667,7,0,34,10,0,1,1,6.6180674398,-400
exec27_edge_x-400,49,17615,4,0,10,0,0,1,0,3.12688117013,-400
exec27_edge_x-400,49,17432,3,0,26,4,0,1,1,3.72720861912,-400
exec27_edge_x-400,49,17417,6,0,36,4,0,1,1,6.17832472989,-400
exec27_edge_x-400,49,17369,3,0,44,18,0,1,1,6.59438377322,-400
exec27_edge_x-400,49,17309,7,0,18,2,0,1,1,3.00123030793,-400
exec27_edge_x-400,49,17215,2,0,20,0,0,1,0,4.28894054129,-400
exec27_edge_x-400,49,17201,5,0,12,0,0,1,0,4.17772688988,-400
exec27_edge_x-400,49,17114,4,0,22,0,0,1,0,8.22883048292,-400
exec27_edge_x-400,49,17010,4,0,46,10,0,1,1,7.71954875444,-400
exec27_edge_x-400,49,16962,1,0,16,2,0,1,1,3.171290882,-400
exec27_edge_x-400,49,16953,5,0,32,10,0,1,1,3.33713611133,-400
exec27_edge_x-400,49,16915,15,1,114,30,0,1,1,6.56536532935,-400
exec27_edge_x-400,49,16898,2,0,6,0,0,1,0,3.48550127431,-400
exec27_edge_x-400,49,16858,8,1,24,0,0,1,0,9.46169457706,-400
exec27_edge_x-400,49,16733,3,0,4,0,0,1,0,4.7647631172,-400
exec27_edge_x-400,49,16662,0,0,14,0,0,1,0,2.33955542286,-400
exec27_edge_x-400,49,16640,3,0,4,0,0,1,0,5.44239964473,-400
exec27_edge_x-400,49,16634,2,0,26,10,0,1,1,12.9377775437,-400
exec27_edge_x-400,49,16606,6,0,12,0,0,1,0,1.69356942816,-400
exec27_edge_x-400,49,16556,5,0,34,0,0,1,0,3.1670509039,-400
exec27_edge_x-400,49,16549,6,0,10,2,0,1,1,4.42144997505,-400
exec27_edge_x-400,49,16447,1,0,18,0,0,1,0,1.54652462852,-400
exec27_edge_x-400,49,16413,1,0,34,0,0,1,0,3.8832944674,-400
exec27_edge_x-400,49,16390,1,0,8,0,0,1,0,2.74022459772,-400
exec27_edge_x-400,49,16283,3,0,30,4,0,1,1,3.28519860756,-400
exec27_edge_x-400,49,16245,1,0,20,14,0,1,1,1.73488134741,-400
exec27_edge_x-400,49,16161,3,0,40,8,0,1,1,2.92076121783,-400
exec27_edge_x-400,49,16080,13,1,24,0,0,1,0,5.703853791,-400
exec27_edge_x-400,49,16060,3,0,28,4,0,1,1,6.21140961693,-400
exec27_edge_x-400,49,16032,0,0,34,16,0,1,1,2.54093605421,-400
exec27_edge_x-400,49,15997,3,0,32,6,0,1,1,3.17011910794,-400
exec27_edge_x-400,49,19605,7,0,10,0,0,1,0,3.34386354527,-400
exec27_edge_x-400,49,19594,5,0,10,0,0,1,0,2.44954651043,-400
exec27_edge_x-400,49,19571,4,0,14,2,0,1,1,2.18303531907,-400
exec27_edge_x-400,49,19257,1,0,16,0,0,1,0,2.25812915821,-400
exec27_edge_x-400,49,19244,7,0,6,0,0,1,0,2.46503305514,-400
exec27_edge_x-400,49,19179,3,0,42,12,0,1,1,7.55378633888,-400
exec27_edge_x-400,49,19168,7,0,16,0,0,1,0,3.07213361627,-400
exec27_edge_x-400,49,19149,3,0,6,0,0,1,0,7.38494143713,-400
exec27_edge_x-400,49,19116,2,0,40,16,0,1,1,3.27696017319,-400
exec27_edge_x-400,49,19794,2,0,0,0,0,0,0,3.7141926012,-400
exec27_edge_x-400,49,19068,4,0,6,4,0,1,1,1.50196947544,-400
exec27_edge_x-400,49,19019,6,0,28,6,0,1,1,2.49154916643,-400
exec27_edge_x-400,49,18989,4,0,16,0,0,1,0,5.39125925809,-400
exec27_edge_x-400,49,18970,6,0,30,0,0,1,0,4.29696440152,-400
exec27_edge_x-400,49,18913,2,0,20,4,0,1,1,11.8837933092,-400
exec27_edge_x-400,49,18856,1,0,14,0,0,1,0,3.19945701006,-400
exec27_edge_x-400,49,18845,1,0,26,2,0,1,1,3.90284160812,-400
exec27_edge_x-400,49,18816,2,0,20,2,0,1,1,2.99277290138,-400
exec27_edge_x-400,49,18784,8,1,22,2,0,1,1,8.56356297328,-400
exec27_edge_x-400,49,18778,7,0,14,0,0,1,0,2.13185341128,-400
exec27_edge_x-400,49,18706,6,0,30,0,0,1,0,4.86439834485,-400
exec27_edge_x-400,49,18680,6,0,24,6,0,1,1,1.80426634601,-400
exec27_edge_x-400,49,18659,3,0,26,0,0,1,0,1.86307301074,-400
exec27_edge_x-400,49,18586,2,0,20,4,0,1,1,2.7835476876,-400
exec27_edge_x-400,49,18529,1,0,24,2,0,1,1,3.15554373654,-400
exec27_edge_x-400,49,18460,6,0,66,12,0,1,1,7.24714196627,-400
exec27_edge_x-400,49,18382,3,0,12,2,0,1,1,6.31315072629,-400
exec27_edge_x-400,49,18262,1,0,8,0,0,1,0,2.38657600893,-400
exec27_edge_x-400,49,18254,7,0,28,4,0,1,1,2.83028115107,-400
exec27_edge_x-400,49,18174,3,0,10,0,0,1,0,1.50190009682,-400
exec27_edge_x-400,49,18166,0,0,10,0,0,1,0,1.46701226215,-400
exec27_edge_x-400,49,21014,0,0,16,2,0,1,1,4.46091712253,-400
exec27_edge_x-400,49,20929,0,0,28,4,0,1,1,4.02676527463,-400
exec27_edge_x-400,49,20784,3,0,44,6,0,1,1,2.90319586825,-400
exec27_edge_x-400,49,20771,6,0,14,0,0,1,0,6.19670720851,-400
exec27_edge_x-400,49,20657,11,1,56,2,0,1,1,6.86785073561,-400
exec27_edge_x-400,49,20653,5,0,28,2,0,1,1,1.99999865949,-400
exec27_edge_x-400,49,20642,2,0,8,0,0,1,0,2.3934082367,-400
exec27_edge_x-400,49,20625,0,0,6,0,0,1,0,2.25623852928,-400
exec27_edge_x-400,49,20555,7,0,18,0,0,1,0,3.25481250119,-400
exec27_edge_x-400,49,20424,3,0,6,0,0,1,0,3.56794102338,-400
exec27_edge_x-400,49,21052,3,0,0,0,0,0,0,7.34096661636,-400
exec27_edge_x-400,49,20301,0,0,46,12,0,1,1,2.82731728236,-400
exec27_edge_x-400,49,20263,4,0,6,0,0,1,0,9.40995084051,-400
exec27_edge_x-400,49,20138,4,0,26,0,0,1,0,5.68189822579,-400
exec27_edge_x-400,49,20128,7,0,16,0,0,1,0,1.71092249374,-400
exec27_edge_x-400,49,20111,2,0,32,2,0,1,1,3.89902227469,-400
exec27_edge_x-400,49,19977,0,0,24,8,0,1,1,5.05511293218,-400
exec27_edge_x-400,49,19895,1,0,6,0,0,1,0,3.04870592727,-400
exec27_edge_x-400,49,19891,0,0,30,2,0,1,1,2.80592316144,-400
exec27_edge_x-400,49,22286,2,0,8,0,0,1,0,3.58164727487,-400
exec27_edge_x-400,49,22154,5,0,10,0,0,1,0,3.32436135683,-400
exec27_edge_x-400,49,22095,5,0,16,0,0,1,0,7.02528161832,-400
exec27_edge_x-400,49,21877,7,0,14,2,0,1,1,3.89583193937,-400
exec27_edge_x-400,49,21875,15,1,38,0,0,1,0,11.4202039613,-400
exec27_edge_x-400,49,21769,4,0,16,2,0,1,1,5.75343054387,-400
exec27_edge_x-400,49,21680,5,0,26,4,0,1,1,3.45046187293,-400
exec27_edge_x-400,49,21614,0,0,26,4,0,1,1,2.20362642285,-400
exec27_edge_x-400,49,21584,5,0,16,0,0,1,0,3.57741734319,-400
exec27_edge_x-400,49,21581,1,0,18,8,0,1,1,2.26506046953,-400
exec27_edge_x-400,49,21501,0,0,20,14,0,1,1,2.80404382581,-400
exec27_edge_x-400,49,21488,3,0,12,0,0,1,0,1.83094629565,-400
exec27_edge_x-400,49,21457,1,0,42,14,0,1,1,2.23127344106,-400
exec27_edge_x-400,49,21450,2,0,28,6,0,1,1,4.27870633995,-400
exec27_edge_x-400,49,21436,0,0,10,0,0,1,0,3.53068337209,-400
exec27_edge_x-400,49,22345,6,0,12,6,0,1,1,6.74664113941,-400
exec27_edge_x-400,49,21398,2,0,36,10,0,1,1,2.63294705897,-400
exec27_edge_x-400,49,21275,3,0,94,36,0,1,1,4.26514594472,-400
exec27_edge_x-400,49,21206,7,0,6,0,0,1,0,6.02191906998,-400
exec27_edge_x-400,49,21160,5,0,14,0,0,1,0,3.34719639443,-400
exec27_edge_x-400,49,21108,1,0,4,0,0,1,0,3.61130767185,-400
exec27_edge_x-400,49,23809,0,0,2,0,0,1,0,1.73290633995,-400
exec27_edge_x-400,49,23750,0,0,18,4,0,1,1,4.21888219856,-400
exec27_edge_x-400,49,23708,0,0,6,0,0,1,0,1.85316651737,-400
exec27_edge_x-400,49,23686,1,0,12,0,0,1,0,3.72224598047,-400
exec27_edge_x-400,49,23668,1,0,20,6,0,1,1,4.06523537766,-400
exec27_edge_x-400,49,23603,7,0,6,0,0,1,0,3.45638315401,-400
exec27_edge_x-400,49,23583,4,0,14,0,0,1,0,2.11097736531,-400
exec27_edge_x-400,49,23510,0,0,10,0,0,1,0,5.24008833667,-400
exec27_edge_x-400,49,23824,0,0,0,0,0,0,0,7.58950695758,-400
exec27_edge_x-400,49,23498,0,0,28,6,0,1,1,2.25344647786,-400
exec27_edge_x-400,49,23392,5,0,4,0,0,1,0,1.56645805081,-400
exec27_edge_x-400,49,23312,3,0,20,0,0,1,0,2.15514061326,-400
exec27_edge_x-400,49,23825,3,0,2,2,0,1,1,7.86014011219,-400
exec27_edge_x-400,49,23300,7,0,14,0,0,1,0,2.24734388115,-400
exec27_edge_x-400,49,23252,2,0,16,0,0,1,0,3.44747710636,-400
exec27_edge_x-400,49,23240,0,0,32,6,0,1,1,5.6937285224,-400
exec27_edge_x-400,49,23168,2,0,26,4,0,1,1,2.6129975904,-400
exec27_edge_x-400,49,23156,5,0,22,2,0,1,1,2.64845666802,-400
exec27_edge_x-400,49,23063,0,0,8,0,0,1,0,2.32736103184,-400
exec27_edge_x-400,49,23020,0,0,6,0,0,1,0,2.17104412734,-400
exec27_edge_x-400,49,22986,7,0,18,0,0,1,0,1.85369546075,-400
exec27_edge_x-400,49,22858,0,0,2,0,0,1,0,3.91383835172,-400
exec27_edge_x-400,49,22698,4,0,42,10,0,1,1,4.09363255052,-400
exec27_edge_x-400,49,22636,0,0,8,0,0,1,0,2.60762797173,-400
exec27_edge_x-400,49,22553,4,0,14,0,0,1,0,2.29195438568,-400
exec27_edge_x-400,49,25958,1,0,22,0,0,1,0,6.05109797201,-400
exec27_edge_x-400,49,25911,3,0,8,0,0,1,0,2.8770733261,-400
exec27_edge_x-400,49,25873,3,0,36,6,0,1,1,6.30610465621,-400
exec27_edge_x-400,49,25701,3,0,8,0,0,1,0,3.47532546393,-400
exec27_edge_x-400,49,25640,1,0,14,4,0,1,1,8.83251254916,-400
exec27_edge_x-400,49,25539,7,0,30,2,0,1,1,4.92718813811,-400
exec27_edge_x-400,49,25437,3,0,20,0,0,1,0,5.00241134396,-400
exec27_edge_x-400,49,25391,0,0,22,6,0,1,1,3.22413627192,-400
exec27_edge_x-400,49,25270,5,0,18,0,0,1,0,3.58851142372,-400
exec27_edge_x-400,49,25178,6,0,16,0,0,1,0,3.90455745708,-400
exec27_edge_x-400,49,25152,5,0,50,16,0,1,1,2.77776965987,-400
exec27_edge_x-400,49,25072,5,0,24,0,0,1,0,3.30856722623,-400
exec27_edge_x-400,49,24966,5,0,22,0,0,1,0,2.94961643387,-400
exec27_edge_x-400,49,24923,6,0,10,2,0,1,1,3.23423622448,-400
exec27_edge_x-400,49,24918,3,0,10,0,0,1,0,2.36379661303,-400
exec27_edge_x-400,49,24910,4,0,22,0,0,1,0,2.08113267344,-400
exec27_edge_x-400,49,24885,2,0,36,2,0,1,1,3.3763053036,-400
exec27_edge_x-400,49,24871,5,0,4,0,0,1,0,3.36848330297,-400
exec27_edge_x-400,49,24796,2,0,54,22,0,1,1,3.74028899439,-400
exec27_edge_x-400,49,24745,5,0,30,12,0,1,1,2.63474737845,-400
exec27_edge_x-400,49,24696,5,0,20,0,0,1,0,3.43379022177,-400
exec27_edge_x-400,49,24542,5,0,14,0,0,1,0,3.71555238903,-400
exec27_edge_x-400,49,24533,2,0,12,0,0,1,0,4.4283221094,-400
exec27_edge_x-400,49,24513,4,0,6,0,0,1,0,2.73635771914,-400
exec27_edge_x-400,49,24499,1,0,26,4,0,1,1,2.14677238547,-400
exec27_edge_x-400,49,24436,4,0,14,2,0,1,1,1.34231859312,-400
exec27_edge_x-400,49,24357,4,0,26,10,0,1,1,2.05846920411,-400
exec27_edge_x-400,49,24291,3,0,10,2,0,1,1,3.66834685366,-400
exec27_edge_x-400,49,24246,5,0,28,2,0,1,1,7.45559242644,-400
exec27_edge_x-400,49,24241,5,0,14,0,0,1,0,3.9230601078,-400
exec27_edge_x-400,49,24221,2,0,10,0,0,1,0,4.57469078944,-400
exec27_edge_x-400,49,24014,2,0,8,0,0,1,0,2.46238060446,-400
exec27_edge_x-400,49,27671,5,0,46,12,0,1,1,4.977413602,-400
exec27_edge_x-400,49,27629,7,0,24,0,0,1,0,4.68622912762,-400
exec27_edge_x-400,49,27603,3,0,24,2,0,1,1,3.37504680069,-400
exec27_edge_x-400,49,27600,4,0,6,0,0,1,0,3.80800040347,-400
exec27_edge_x-400,49,27580,2,0,14,2,0,1,1,2.5557781622,-400
exec27_edge_x-400,49,27565,2,0,30,4,0,1,1,5.65626834448,-400
exec27_edge_x-400,49,27540,7,0,56,26,0,1,1,4.36624744995,-400
exec27_edge_x-400,49,27476,3,0,20,0,0,1,0,4.02335322449,-400
exec27_edge_x-400,49,27449,5,0,14,0,0,1,0,3.98160025622,-400
exec27_edge_x-400,49,27416,1,0,22,6,0,1,1,2.76078171553,-400
exec27_edge_x-400,49,27247,3,0,6,0,0,1,0,1.70194342274,-400
exec27_edge_x-400,49,27220,0,0,24,0,0,1,0,2.44102928485,-400
exec27_edge_x-400,49,27208,1,0,22,8,0,1,1,7.63392068675,-400
exec27_edge_x-400,49,27193,3,0,8,0,0,1,0,1.56392927843,-400
exec27_edge_x-400,49,27115,2,0,20,0,0,1,0,7.06916469514,-400
exec27_edge_x-400,49,27080,1,0,30,0,0,1,0,1.94203417033,-400
exec27_edge_x-400,49,27044,0,0,22,10,0,1,1,2.09623142008,-400
exec27_edge_x-400,49,27013,5,0,24,4,0,1,1,14.4131729982,-400
exec27_edge_x-400,49,26922,0,0,38,14,0,1,1,5.95732105104,-400
exec27_edge_x-400,49,26883,0,0,26,8,0,1,1,5.53870056498,-400
exec27_edge_x-400,49,26867,1,0,40,2,0,1,1,1.79344269302,-400
exec27_edge_x-400,49,26599,4,0,24,0,0,1,0,5.84160454113,-400
exec27_edge_x-400,49,26582,3,0,20,6,0,1,1,2.2488422625,-400
exec27_edge_x-400,49,27721,0,0,16,0,0,1,0,3.05785437019,-400
exec27_edge_x-400,49,26510,10,1,42,0,0,1,0,5.23990331099,-400
exec27_edge_x-400,49,26426,0,0,18,2,0,1,1,1.99119993524,-400
exec27_edge_x-400,49,26391,3,0,20,0,0,1,0,3.71234270703,-400
exec27_edge_x-400,49,26316,2,0,18,2,0,1,1,3.03494180203,-400
exec27_edge_x-400,49,26297,3,0,30,6,0,1,1,3.69817358362,-400
exec27_edge_x-400,49,26280,14,1,14,4,0,1,1,6.96091788863,-400
exec27_edge_x-400,49,26279,1,0,34,14,0,1,1,2.96908724099,-400
exec27_edge_x-400,49,26191,0,0,12,0,0,1,0,2.55682561661,-400
exec27_edge_x-400,49,26179,2,0,8,2,0,1,1,2.85472354913,-400
exec27_edge_x-400,49,26164,7,0,12,0,0,1,0,5.17656299754,-400
exec27_edge_x-400,49,26086,6,0,20,6,0,1,1,3.93080055861,-400
exec27_edge_x-400,49,28825,0,0,32,4,0,1,1,2.11208979469,-400
exec27_edge_x-400,49,28821,7,0,12,0,0,1,0,3.10205172916,-400
exec27_edge_x-400,49,28655,1,0,0,0,0,0,0,4.07845335028,-400
exec27_edge_x-400,49,28651,7,0,12,0,0,1,0,4.91084326053,-400
exec27_edge_x-400,49,28544,6,0,22,8,0,1,1,1.77256122232,-400
exec27_edge_x-400,49,28513,0,0,4,0,0,1,0,2.95384439187,-400
exec27_edge_x-400,49,28459,2,0,14,2,0,1,1,2.97083715503,-400
exec27_edge_x-400,49,28421,2,0,18,2,0,1,1,3.15357889378,-400
exec27_edge_x-400,49,28257,1,0,34,14,0,1,1,5.17758621017,-400
exec27_edge_x-400,49,28239,3,0,28,12,0,1,1,5.17127330323,-400
exec27_edge_x-400,49,28221,1,0,16,0,0,1,0,2.51242046659,-400
exec27_edge_x-400,49,28217,2,0,30,6,0,1,1,3.38642604443,-400
exec27_edge_x-400,49,28207,7,0,12,4,0,1,1,2.42126590459,-400
exec27_edge_x-400,49,28007,4,0,22,2,0,1,1,2.38515921981,-400
