run_tag,event_id,track_id,global_id,detected_end_side,n_reflections_scint_air,n_reflections_air_reflector,n_total_internal_reflections,visited_air_gap,visited_reflector_boundary,first_detection_time_ns,gun_x_mm
rough_R0_ground_s0p20,1,1259,5,0,10,0,0,1,0,2.87144862316,0
rough_R0_ground_s0p20,8,1974,11,1,27,0,0,1,0,5.36545993424,0
rough_R0_ground_s0p20,8,1970,15,1,15,0,0,1,0,4.23925006038,0
rough_R0_ground_s0p20,1,1232,5,0,14,0,0,1,0,4.08408101159,0
rough_R0_ground_s0p20,6,1723,3,0,8,0,0,1,0,4.10341453352,0
rough_R0_ground_s0p20,15,1781,3,0,10,0,0,1,0,4.81390235371,0
rough_R0_ground_s0p20,0,1345,5,0,13,0,0,1,0,7.60128422906,0
rough_R0_ground_s0p20,11,1540,8,1,14,0,0,1,0,4.67156128296,0
rough_R0_ground_s0p20,10,1750,14,1,0,0,0,1,0,5.02588122365,0
rough_R0_ground_s0p20,13,1582,7,0,8,0,0,1,0,5.81087210088,0
rough_R0_ground_s0p20,0,1323,9,1,9,0,0,1,0,4.83706100506,0
rough_R0_ground_s0p20,15,1739,12,1,21,0,0,1,0,4.95850892904,0
rough_R0_ground_s0p20,2,1318,8,1,29,0,0,1,0,4.84512344986,0
rough_R0_ground_s0p20,8,1880,8,1,18,0,0,1,0,4.16522836686,0
rough_R0_ground_s0p20,11,1484,11,1,1,0,0,1,0,5.47023998406,0
rough_R0_ground_s0p20,3,1514,10,1,5,0,0,1,0,3.01435084434,0
rough_R0_ground_s0p20,12,1556,9,1,16,0,0,1,0,3.21065579831,0
rough_R0_ground_s0p20,12,1553,9,1,8,0,0,1,0,3.55422727505,0
rough_R0_ground_s0p20,4,1408,1,0,0,0,0,1,0,18.7874321754,0
rough_R0_ground_s0p20,2,1265,3,0,9,0,0,1,0,4.32410377366,0
rough_R0_ground_s0p20,5,1751,15,1,16,0,0,1,0,3.04927471938,0
rough_R0_ground_s0p20,2,1258,12,1,11,0,0,1,0,3.88835832456,0
rough_R0_ground_s0p20,9,1497,15,1,14,0,0,1,0,3.38761337705,0
rough_R0_ground_s0p20,5,1713,3,0,5,0,0,1,0,4.25840195526,0
rough_R0_ground_s0p20,14,1401,3,0,3,0,0,1,0,3.17720003688,0
rough_R0_ground_s0p20,5,1690,9,1,29,0,0,1,0,7.4798194777,0
rough_R0_ground_s0p20,10,1597,1,0,8,0,0,1,0,6.38775377251,0
rough_R0_ground_s0p20,9,1453,3,0,16,0,0,1,0,4.1058816356,0
rough_R0_ground_s0p20,9,1449,14,1,1,0,0,1,0,4.72289344246,0
rough_R0_ground_s0p20,13,1450,2,0,16,0,0,1,0,3.93229686521,0
rough_R0_ground_s0p20,4,1338,3,0,1,0,0,1,0,2.94390946897,0
rough_R0_ground_s0p20,4,1335,6,0,2,0,0,1,0,5.19254312449,0
rough_R0_ground_s0p20,1,1049,5,0,17,0,0,1,0,6.84381873385,0
rough_R0_ground_s0p20,7,1338,7,0,16,0,0,1,0,3.47212922006,0
rough_R0_ground_s0p20,11,1371,8,1,6,0,0,1,0,5.09098072623,0
rough_R0_ground_s0p20,2,1145,15,1,16,0,0,1,0,3.10188324693,0
rough_R0_ground_s0p20,5,1655,14,1,27,0,0,1,0,6.85499063876,0
rough_R0_ground_s0p20,1,1021,6,0,12,0,0,1,0,4.6670959513,0
rough_R0_ground_s0p20,13,1410,6,0,2,0,0,1,0,8.06296267159,0
rough_R0_ground_s0p20,6,1478,12,1,20,0,0,1,0,6.51126508992,0
rough_R0_ground_s0p20,4,1289,3,0,25,0,0,1,0,3.80171629582,0
rough_R0_ground_s0p20,7,1289,13,1,13,0,0,1,0,6.25866144885,0
rough_R0_ground_s0p20,4,1280,8,1,15,0,0,1,0,10.8625174038,0
rough_R0_ground_s0p20,11,1328,12,1,4,0,0,1,0,3.49674583369,0
rough_R0_ground_s0p20,10,1496,9,1,24,0,0,1,0,4.42008483491,0
rough_R0_ground_s0p20,12,1392,12,1,14,0,0,1,0,5.02989823405,0
rough_R0_ground_s0p20,2,1089,15,1,3,0,0,1,0,4.93364707383,0
rough_R0_ground_s0p20,15,1522,11,1,11,0,0,1,0,3.31304586784,0
rough_R0_ground_s0p20,4,1254,11,1,2,0,0,1,0,4.96312152357,0
rough_R0_ground_s0p20,4,1249,9,1,0,0,0,0,0,6.46051600895,0
rough_R0_ground_s0p20,12,1384,15,1,5,0,0,1,0,4.58421291285,0
rough_R0_ground_s0p20,13,1355,13,1,12,0,0,1,0,4.31570174426,0
rough_R0_ground_s0p20,14,1306,4,0,19,0,0,1,0,5.7719156783,0
rough_R0_ground_s0p20,13,1349,1,0,10,0,0,1,0,3.94792706993,0
rough_R0_ground_s0p20,12,1374,15,1,12,0,0,1,0,7.02602023235,0
rough_R0_ground_s0p20,4,1236,4,0,10,0,0,1,0,4.27222997243,0
rough_R0_ground_s0p20,7,1238,6,0,21,0,0,1,0,4.62711564297,0
rough_R0_ground_s0p20,4,1228,7,0,2,0,0,1,0,4.11953273729,0
rough_R0_ground_s0p20,15,1486,2,0,13,0,0,1,0,8.57287926383,0
rough_R0_ground_s0p20,1,944,12,1,10,0,0,1,0,5.3580203222,0
rough_R0_ground_s0p20,8,1644,14,1,15,0,0,1,0,4.11360197874,0
rough_R0_ground_s0p20,10,1418,4,0,6,0,0,1,0,4.2916398513,0
rough_R0_ground_s0p20,10,1411,4,0,13,0,0,1,0,3.84414028128,0
rough_R0_ground_s0p20,13,1295,14,1,19,0,0,1,0,5.81861721603,0
rough_R0_ground_s0p20,4,1172,10,1,11,0,0,1,0,4.58079895897,0
rough_R0_ground_s0p20,12,1301,15,1,24,0,0,1,0,2.99450490696,0
rough_R0_ground_s0p20,9,1251,10,1,7,0,0,1,0,6.08514916294,0
rough_R0_ground_s0p20,10,1378,2,0,2,0,0,1,0,3.10014462451,0
rough_R0_ground_s0p20,2,986,4,0,7,0,0,1,0,4.7984584379,0
rough_R0_ground_s0p20,15,1424,11,1,3,0,0,1,0,4.92968899106,0
rough_R0_ground_s0p20,8,1593,6,0,21,0,0,1,0,4.47623562772,0
rough_R0_ground_s0p20,0,1006,13,1,7,0,0,1,0,3.96066625535,0
rough_R0_ground_s0p20,12,1275,3,0,0,0,0,1,0,2.9939426379,0
rough_R0_ground_s0p20,4,1152,6,0,8,0,0,1,0,3.88430380551,0
rough_R0_ground_s0p20,6,1297,3,0,11,0,0,1,0,15.6350766273,0
rough_R0_ground_s0p20,9,1224,0,0,17,0,0,1,0,4.92183849945,0
rough_R0_ground_s0p20,2,950,13,1,23,0,0,1,0,5.21417281789,0
rough_R0_ground_s0p20,2,1438,11,1,0,0,0,1,0,6.23143442227,0
rough_R0_ground_s0p20,14,1171,3,0,4,0,0,1,0,5.62474822795,0
rough_R0_ground_s0p20,6,1272,12,1,33,0,0,1,0,5.59768097699,0
rough_R0_ground_s0p20,0,969,3,0,13,0,0,1,0,4.71985438114,0
rough_R0_ground_s0p20,2,942,8,1,5,0,0,1,0,9.8291299981,0
rough_R0_ground_s0p20,7,1098,14,1,19,0,0,1,0,4.66920455797,0
rough_R0_ground_s0p20,1,818,13,1,21,0,0,1,0,5.28189830119,0
rough_R0_ground_s0p20,9,1185,3,0,12,0,0,1,0,3.47975374902,0
rough_R0_ground_s0p20,1,805,9,1,24,0,0,1,0,3.35086351383,0
rough_R0_ground_s0p20,8,1527,10,1,22,0,0,1,0,3.91389610519,0
rough_R0_ground_s0p20,4,1092,1,0,7,0,0,1,0,5.34409474679,0
rough_R0_ground_s0p20,5,1406,5,0,15,0,0,1,0,7.99248540568,0
rough_R0_ground_s0p20,14,1109,11,1,3,0,0,1,0,3.17630613394,0
rough_R0_ground_s0p20,9,1155,0,0,13,0,3,1,0,9.94332004595,0
rough_R0_ground_s0p20,8,1499,2,0,7,0,0,1,0,3.55723160719,0
rough_R0_ground_s0p20,5,1372,13,1,12,0,0,1,0,11.4601216183,0
rough_R0_ground_s0p20,13,1119,1,0,4,0,0,1,0,3.85767274941,0
rough_R0_ground_s0p20,4,1017,8,1,18,0,0,1,0,4.26379483397,0
rough_R0_ground_s0p20,13,1083,8,1,2,0,0,1,0,4.06953946843,0
rough_R0_ground_s0p20,1,717,7,0,29,0,0,1,0,12.9420478389,0
rough_R0_ground_s0p20,13,1072,6,0,8,0,0,1,0,3.93384634214,0
rough_R0_ground_s0p20,11,1004,1,0,12,0,0,1,0,3.77920138642,0
rough_R0_ground_s0p20,2,795,0,0,17,0,0,1,0,4.05657450084,0
rough_R0_ground_s0p20,9,1066,1,0,20,0,0,1,0,7.23808985941,0
rough_R0_ground_s0p20,1,685,14,1,9,0,0,1,0,3.78429605373,0
rough_R0_ground_s0p20,9,1052,0,0,8,0,0,1,0,10.9725151415,0
rough_R0_ground_s0p20,12,1085,12,1,22,0,0,1,0,10.4171752807,0
rough_R0_ground_s0p20,4,945,7,0,4,0,0,1,0,7.43459392388,0
rough_R0_ground_s0p20,12,1075,15,1,1,0,0,1,0,6.00841933257,0
rough_R0_ground_s0p20,14,991,4,0,1,0,0,1,0,4.21739792571,0
rough_R0_ground_s0p20,7,922,15,1,1,0,0,1,0,8.16543433621,0
rough_R0_ground_s0p20,4,942,2,0,11,0,0,1,0,4.84927351874,0
rough_R0_ground_s0p20,10,1108,4,0,26,0,0,1,0,4.13533702079,0
rough_R0_ground_s0p20,5,1261,3,0,0,0,0,1,0,6.11660988952,0
rough_R0_ground_s0p20,1,646,1,0,12,0,0,1,0,9.19398257171,0
rough_R0_ground_s0p20,11,923,9,1,24,0,0,1,0,6.30749820443,0
rough_R0_ground_s0p20,7,895,9,1,8,0,0,1,0,5.08130349692,0
rough_R0_ground_s0p20,11,919,3,0,5,0,0,1,0,8.57994940772,0
rough_R0_ground_s0p20,9,994,11,1,12,0,0,1,0,5.27686618004,0
rough_R0_ground_s0p20,1,626,0,0,11,0,0,1,0,4.81072305995,0
rough_R0_ground_s0p20,9,990,6,0,5,0,0,1,0,7.90651706799,0
rough_R0_ground_s0p20,2,724,5,0,7,0,0,1,0,4.30117424943,0
rough_R0_ground_s0p20,4,895,12,1,8,0,0,1,0,3.59870563312,0
rough_R0_ground_s0p20,9,985,7,0,14,0,0,1,0,3.73447148377,0
rough_R0_ground_s0p20,9,1669,7,0,0,0,0,0,0,4.08948785732,0
rough_R0_ground_s0p20,2,715,15,1,4,0,0,1,0,8.3530780317,0
rough_R0_ground_s0p20,9,980,1,0,7,0,0,1,0,5.9655137427,0
rough_R0_ground_s0p20,14,916,14,1,7,0,0,1,0,4.0033787909,0
rough_R0_ground_s0p20,12,1010,7,0,4,0,0,1,0,4.04400423565,0
rough_R0_ground_s0p20,4,880,13,1,3,0,0,1,0,3.86396984128,0
rough_R0_ground_s0p20,4,1552,15,1,0,0,0,1,0,9.66997069452,0
rough_R0_ground_s0p20,14,897,9,1,11,0,0,1,0,3.92172944465,0
rough_R0_ground_s0p20,0,734,6,0,9,0,0,1,0,6.24551405004,0
rough_R0_ground_s0p20,8,1280,11,1,11,0,0,1,0,6.83471482612,0
rough_R0_ground_s0p20,14,884,0,0,11,0,0,1,0,3.16817660835,0
rough_R0_ground_s0p20,12,970,7,0,16,0,0,1,0,4.76435745965,0
rough_R0_ground_s0p20,15,1052,5,0,3,0,0,1,0,2.92635941471,0
rough_R0_ground_s0p20,9,927,4,0,19,0,0,1,0,5.85567945886,0
rough_R0_ground_s0p20,7,817,1,0,15,0,0,1,0,7.09788657423,0
rough_R0_ground_s0p20,11,824,7,0,6,0,0,1,0,4.28212274485,0
rough_R0_ground_s0p20,0,688,8,1,4,0,0,1,0,3.0858480368,0
rough_R0_ground_s0p20,1,548,15,1,27,0,0,1,0,4.45659888434,0
rough_R0_ground_s0p20,0,682,11,1,7,0,0,1,0,2.88187590953,0
rough_R0_ground_s0p20,1,539,2,0,6,0,0,1,0,3.25156494614,0
rough_R0_ground_s0p20,10,968,14,1,23,0,0,1,0,8.10280960453,0
rough_R0_ground_s0p20,12,909,12,1,5,0,0,1,0,5.07531465222,0
rough_R0_ground_s0p20,2,623,13,1,22,0,0,1,0,4.94344442196,0
rough_R0_ground_s0p20,8,1204,5,0,1,0,0,1,0,4.57376912251,0
rough_R0_ground_s0p20,4,772,15,1,12,0,0,1,0,5.07768117147,0
rough_R0_ground_s0p20,11,763,8,1,4,0,0,1,0,2.75834506302,0
rough_R0_ground_s0p20,11,1584,8,1,0,0,0,0,0,7.90723836735,0
rough_R0_ground_s0p20,14,796,12,1,12,0,0,1,0,3.59050498408,0
rough_R0_ground_s0p20,3,729,0,0,5,0,0,1,0,5.80483940244,0
rough_R0_ground_s0p20,7,743,13,1,8,0,0,1,0,2.99790949496,0
rough_R0_ground_s0p20,15,963,10,1,22,0,0,1,0,3.73876718112,0
rough_R0_ground_s0p20,12,827,11,1,9,0,0,1,0,6.51117462416,0
rough_R0_ground_s0p20,9,824,13,1,17,0,0,1,0,5.13567161368,0
rough_R0_ground_s0p20,3,688,12,1,4,0,0,1,0,3.85138225026,0
rough_R0_ground_s0p20,10,890,9,1,11,0,0,1,0,8.55973345363,0
rough_R0_ground_s0p20,3,659,10,1,22,0,0,1,0,3.78566780768,0
rough_R0_ground_s0p20,7,684,12,1,24,0,0,1,0,4.62737456586,0
rough_R0_ground_s0p20,15,908,6,0,15,0,0,1,0,2.89736025314,0
rough_R0_ground_s0p20,7,671,13,1,9,0,0,1,0,7.92234414621,0
rough_R0_ground_s0p20,9,753,11,1,23,0,0,1,0,7.43122709791,0
rough_R0_ground_s0p20,3,601,10,1,16,0,0,1,0,3.19650062511,0
rough_R0_ground_s0p20,2,461,10,1,12,0,0,1,0,3.62880267256,0
rough_R0_ground_s0p20,5,968,1,0,16,0,0,1,0,5.33225786587,0
rough_R0_ground_s0p20,4,605,10,1,7,0,0,1,0,5.63201321968,0
rough_R0_ground_s0p20,4,602,3,0,7,0,0,1,0,4.22242120675,0
rough_R0_ground_s0p20,0,504,13,1,16,0,0,1,0,3.25844966331,0
rough_R0_ground_s0p20,4,598,1,0,26,0,0,1,0,3.47653678772,0
rough_R0_ground_s0p20,12,690,15,1,7,0,0,1,0,4.8176415866,0
rough_R0_ground_s0p20,14,632,6,0,12,0,0,1,0,7.75181162021,0
rough_R0_ground_s0p20,4,593,7,0,15,0,0,1,0,5.39147272162,0
rough_R0_ground_s0p20,8,958,13,1,19,0,0,1,0,3.66891814776,0
rough_R0_ground_s0p20,4,557,15,1,11,0,0,1,0,4.81998404214,0
rough_R0_ground_s0p20,13,576,14,1,9,0,0,1,0,7.34000629996,0
rough_R0_ground_s0p20,14,577,14,1,8,0,0,1,0,3.44952174157,0
rough_R0_ground_s0p20,15,771,0,0,13,0,0,1,0,8.23896756325,0
rough_R0_ground_s0p20,8,929,12,1,9,0,0,1,0,6.54880411468,0
rough_R0_ground_s0p20,11,526,10,1,15,0,0,1,0,3.21552978254,0
rough_R0_ground_s0p20,6,726,3,0,30,0,0,1,0,3.65003307924,0
rough_R0_ground_s0p20,3,485,8,1,18,0,0,1,0,8.79410529697,0
rough_R0_ground_s0p20,14,532,1,0,17,0,0,1,0,4.57282999196,0
rough_R0_ground_s0p20,2,300,14,1,18,0,0,1,0,4.58439165681,0
rough_R0_ground_s0p20,15,705,1,0,12,0,0,1,0,6.39777286657,0
rough_R0_ground_s0p20,4,466,13,1,14,0,0,1,0,7.39155186383,0
rough_R0_ground_s0p20,6,667,12,1,10,0,0,1,0,6.42894962651,0
rough_R0_ground_s0p20,13,494,1,0,9,0,0,1,0,5.30867548339,0
rough_R0_ground_s0p20,1,185,9,1,4,0,0,1,0,3.49126431191,0
rough_R0_ground_s0p20,13,470,2,0,13,0,0,1,0,5.37810724281,0
rough_R0_ground_s0p20,12,533,5,0,23,0,0,1,0,6.27700868386,0
rough_R0_ground_s0p20,6,612,11,1,4,0,0,1,0,3.07412399493,0
rough_R0_ground_s0p20,4,369,6,0,8,0,0,1,0,5.35470920007,0
rough_R0_ground_s0p20,8,782,15,1,31,0,0,1,0,5.58490504355,0
rough_R0_ground_s0p20,14,437,15,1,9,0,0,1,0,4.92894736598,0
rough_R0_ground_s0p20,5,709,4,0,24,0,0,1,0,7.11710072286,0
rough_R0_ground_s0p20,5,1907,4,0,0,0,0,0,0,11.1757470805,0
rough_R0_ground_s0p20,7,373,1,0,23,0,0,1,0,4.82426175302,0
rough_R0_ground_s0p20,8,768,8,1,8,0,0,1,0,6.61514341606,0
rough_R0_ground_s0p20,3,341,3,0,7,0,0,1,0,4.8762325117,0
rough_R0_ground_s0p20,7,347,10,1,7,0,0,1,0,8.52055196371,0
rough_R0_ground_s0p20,0,249,9,1,1,0,0,1,0,3.33063351663,0
rough_R0_ground_s0p20,4,314,5,0,18,0,0,1,0,5.86609221279,0
rough_R0_ground_s0p20,10,515,15,1,12,0,0,1,0,7.29513479289,0
rough_R0_ground_s0p20,12,448,12,1,7,0,0,1,0,4.39960978155,0
rough_R0_ground_s0p20,7,320,13,1,6,0,0,1,0,4.77021391825,0
rough_R0_ground_s0p20,11,300,4,0,8,0,0,1,0,3.01497345059,0
rough_R0_ground_s0p20,14,355,11,1,20,0,0,1,0,3.71201924128,0
rough_R0_ground_s0p20,12,429,9,1,3,0,0,1,0,3.98160212651,0
rough_R0_ground_s0p20,10,481,5,0,31,0,0,1,0,5.0734563515,0
rough_R0_ground_s0p20,14,334,1,0,4,0,0,1,0,10.931842169,0
rough_R0_ground_s0p20,13,313,15,1,6,0,0,1,0,7.26205148796,0
rough_R0_ground_s0p20,6,462,1,0,3,0,0,1,0,4.54133954736,0
rough_R0_ground_s0p20,12,401,7,0,10,0,0,1,0,3.2276792393,0
rough_R0_ground_s0p20,1,4558,7,0,7,0,0,1,0,2.95448958791,0
rough_R0_ground_s0p20,8,653,5,0,16,0,0,1,0,9.34327734954,0
rough_R0_ground_s0p20,11,241,3,0,13,0,0,1,0,5.1795752795,0
rough_R0_ground_s0p20,10,446,7,0,9,0,0,1,0,5.47430131901,0
rough_R0_ground_s0p20,11,235,10,1,17,0,0,1,0,4.03354867736,0
rough_R0_ground_s0p20,7,246,7,0,20,0,0,1,0,4.8423979914,0
rough_R0_ground_s0p20,4,236,13,1,26,0,0,1,0,3.98469551819,0
rough_R0_ground_s0p20,6,441,10,1,17,0,0,1,0,4.17675017321,0
rough_R0_ground_s0p20,8,622,9,1,9,0,0,1,0,4.18744562651,0
rough_R0_ground_s0p20,13,268,15,1,25,0,0,1,0,6.37067791954,0
rough_R0_ground_s0p20,11,196,3,0,11,0,0,1,0,6.20238894799,0
rough_R0_ground_s0p20,7,192,8,1,16,0,0,1,0,3.22487212134,0
rough_R0_ground_s0p20,11,189,6,0,10,0,0,1,0,3.15073082461,0
rough_R0_ground_s0p20,4,168,4,0,19,0,0,1,0,5.48684477026,0
rough_R0_ground_s0p20,12,306,4,0,14,0,0,1,0,4.35840330956,0
rough_R0_ground_s0p20,2,3870,11,1,11,0,0,1,0,3.47709540286,0
rough_R0_ground_s0p20,6,380,9,1,20,0,0,1,0,4.07216060196,0
rough_R0_ground_s0p20,3,182,8,1,5,0,0,1,0,2.98447311447,0
rough_R0_ground_s0p20,8,567,6,0,9,0,0,1,0,4.04958870028,0
rough_R0_ground_s0p20,9,273,13,1,1,0,0,1,0,6.06971356581,0
rough_R0_ground_s0p20,14,215,3,0,14,0,0,1,0,2.7217716744,0
rough_R0_ground_s0p20,11,152,1,0,17,0,0,1,0,6.89057931381,0
rough_R0_ground_s0p20,8,541,14,1,9,0,0,1,0,4.174873145,0
rough_R0_ground_s0p20,7,134,13,1,4,0,0,1,0,3.84720715427,0
rough_R0_ground_s0p20,12,266,7,0,14,0,0,1,0,4.20821863138,0
rough_R0_ground_s0p20,6,338,5,0,13,0,0,1,0,10.6482397444,0
rough_R0_ground_s0p20,11,123,14,1,17,0,0,1,0,5.93608172029,0
rough_R0_ground_s0p20,13,175,12,1,0,0,0,1,0,3.10890649442,0
rough_R0_ground_s0p20,14,148,13,1,4,0,0,1,0,8.64501056945,0
rough_R0_ground_s0p20,11,79,6,0,13,0,0,1,0,2.85632546552,0
rough_R0_ground_s0p20,10,303,4,0,1,0,0,1,0,5.27141325991,0
rough_R0_ground_s0p20,9,192,3,0,4,0,0,1,0,3.92075841276,0
rough_R0_ground_s0p20,10,294,15,1,13,0,0,1,0,5.49037998945,0
rough_R0_ground_s0p20,11,47,2,0,1,0,0,1,0,2.60313814699,0
rough_R0_ground_s0p20,12,206,1,0,8,0,0,1,0,7.42588341458,0
rough_R0_ground_s0p20,13,120,12,1,14,0,0,1,0,4.33427583105,0
rough_R0_ground_s0p20,1,4374,13,1,12,0,0,1,0,5.31853951467,0
rough_R0_ground_s0p20,6,276,15,1,17,0,0,1,0,5.52667402796,0
rough_R0_ground_s0p20,2,3763,15,1,31,0,0,1,0,5.34854529002,0
rough_R0_ground_s0p20,8,467,8,1,18,0,0,1,0,7.26109019555,0
rough_R0_ground_s0p20,0,2816,15,1,7,0,0,1,0,3.53611475867,0
rough_R0_ground_s0p20,8,434,14,1,7,0,0,1,0,8.64058123474,0
rough_R0_ground_s0p20,5,390,3,0,12,0,0,1,0,3.83365676707,0
rough_R0_ground_s0p20,2,3700,11,1,9,0,0,1,0,4.914008172,0
rough_R0_ground_s0p20,15,230,1,0,29,0,0,1,0,7.90467187451,0
rough_R0_ground_s0p20,7,3379,15,1,16,0,0,1,0,5.04635145386,0
rough_R0_ground_s0p20,5,362,10,1,10,0,0,1,0,4.86883289397,0
rough_R0_ground_s0p20,14,12,12,1,15,0,0,1,0,2.83521507423,0
rough_R0_ground_s0p20,1,4309,15,1,16,0,0,1,0,2.87987244865,0
rough_R0_ground_s0p20,3,3169,10,1,7,0,0,1,0,4.13573513368,0
rough_R0_ground_s0p20,12,124,11,1,10,0,0,1,0,5.75355471263,0
rough_R0_ground_s0p20,14,3165,6,0,7,0,0,1,0,5.28633647645,0
rough_R0_ground_s0p20,0,2732,9,1,13,0,0,1,0,9.06014716588,0
rough_R0_ground_s0p20,8,380,5,0,23,0,0,1,0,6.75532370342,0
rough_R0_ground_s0p20,0,2728,9,1,1,0,0,1,0,3.32790817526,0
rough_R0_ground_s0p20,1,4276,1,0,6,0,0,1,0,4.24562966779,0
rough_R0_ground_s0p20,14,3148,6,0,8,0,0,1,0,7.95665572496,0
rough_R0_ground_s0p20,12,86,4,0,5,0,0,1,0,2.61013066829,0
rough_R0_ground_s0p20,11,2909,0,0,3,0,0,1,0,4.0156751413,0
rough_R0_ground_s0p20,12,62,3,0,10,0,0,1,0,2.78767729198,0
rough_R0_ground_s0p20,3,3115,0,0,21,0,0,1,0,14.7045701048,0
rough_R0_ground_s0p20,0,2693,1,0,46,0,0,1,0,6.44257658525,0
rough_R0_ground_s0p20,3,3096,8,1,7,0,0,1,0,4.37184110999,0
rough_R0_ground_s0p20,6,139,9,1,13,0,0,1,0,5.36203816264,0
rough_R0_ground_s0p20,5,273,4,0,13,0,0,1,0,3.84232225225,0
rough_R0_ground_s0p20,1,4221,0,0,14,0,0,1,0,3.97079571643,0
rough_R0_ground_s0p20,2,3607,10,1,4,0,0,1,0,2.79910711153,0
rough_R0_ground_s0p20,2,3894,10,1,0,0,0,0,0,3.46750818055,0
rough_R0_ground_s0p20,0,2657,11,1,2,0,0,1,0,5.44847067869,0
rough_R0_ground_s0p20,15,136,1,0,11,0,0,1,0,3.66869195461,0
rough_R0_ground_s0p20,2,3604,11,1,9,0,0,1,0,8.01015237383,0
rough_R0_ground_s0p20,15,131,4,0,27,0,0,1,0,5.97734936841,0
rough_R0_ground_s0p20,1,4194,9,1,9,0,0,1,0,4.70421358126,0
rough_R0_ground_s0p20,0,2627,10,1,9,0,0,1,0,12.3224029476,0
rough_R0_ground_s0p20,0,2620,15,1,8,0,0,1,0,3.1253685917,0
rough_R0_ground_s0p20,2,3552,15,1,11,0,0,1,0,3.21563744475,0
rough_R0_ground_s0p20,10,3286,6,0,8,0,0,1,0,3.46753649022,0
rough_R0_ground_s0p20,5,189,14,1,5,0,0,1,0,6.37472075679,0
rough_R0_ground_s0p20,2,3542,10,1,12,0,0,1,0,7.24741023486,0
rough_R0_ground_s0p20,4,3381,8,1,3,0,0,1,0,4.65776989834,0
rough_R0_ground_s0p20,14,3006,2,0,15,0,0,1,0,3.28293195924,0
rough_R0_ground_s0p20,2,3537,9,1,15,0,0,1,0,4.07467345253,0
rough_R0_ground_s0p20,4,3359,1,0,27,0,0,1,0,5.71744837564,0
rough_R0_ground_s0p20,0,2547,13,1,9,0,0,1,0,4.13291857934,0
rough_R0_ground_s0p20,6,4355,7,0,13,0,0,1,0,4.80484633992,0
rough_R0_ground_s0p20,10,3209,10,1,23,0,0,1,0,4.28371280044,0
rough_R0_ground_s0p20,4,3310,0,0,4,0,0,1,0,3.94033156435,0
rough_R0_ground_s0p20,15,3659,0,0,26,0,0,1,0,3.33315167955,0
rough_R0_ground_s0p20,9,3677,1,0,12,0,0,1,0,2.90443255985,0
rough_R0_ground_s0p20,8,131,8,1,10,0,0,1,0,4.07497365878,0
rough_R0_ground_s0p20,10,3169,13,1,12,0,0,1,0,3.5953539657,0
rough_R0_ground_s0p20,2,3439,7,0,6,0,0,1,0,4.96598212246,0
rough_R0_ground_s0p20,8,104,6,0,2,0,0,1,0,6.59003663469,0
rough_R0_ground_s0p20,10,3154,5,0,6,0,0,1,0,3.53857749803,0
rough_R0_ground_s0p20,6,4301,6,0,21,0,0,1,0,3.142941479,0
rough_R0_ground_s0p20,8,92,7,0,14,0,0,1,0,2.81747949899,0
rough_R0_ground_s0p20,3,2884,1,0,6,0,0,1,0,4.84473028515,0
rough_R0_ground_s0p20,14,2906,5,0,23,0,0,1,0,12.8426132536,0
rough_R0_ground_s0p20,3,2841,11,1,5,0,0,1,0,4.14853853683,0
rough_R0_ground_s0p20,10,3109,12,1,22,0,0,1,0,3.59524030639,0
rough_R0_ground_s0p20,9,3582,11,1,14,0,0,1,0,3.35853264662,0
rough_R0_ground_s0p20,5,3508,14,1,1,0,0,1,0,3.49586731515,0
rough_R0_ground_s0p20,11,2614,12,1,15,0,0,1,0,7.50886340575,0
rough_R0_ground_s0p20,12,3962,10,1,13,0,0,1,0,12.3493222492,0
rough_R0_ground_s0p20,1,3898,12,1,11,0,0,1,0,3.06652769511,0
rough_R0_ground_s0p20,3,2756,6,0,6,0,0,1,0,4.54324191662,0
rough_R0_ground_s0p20,1,3889,8,1,12,0,0,1,0,6.65922620688,0
rough_R0_ground_s0p20,6,4189,10,1,5,0,0,1,0,3.25644769345,0
rough_R0_ground_s0p20,3,2740,13,1,10,0,0,1,0,5.30531701045,0
rough_R0_ground_s0p20,12,3947,0,0,9,0,0,1,0,4.85864039786,0
rough_R0_ground_s0p20,8,3870,3,0,14,0,0,1,0,7.06676615405,0
rough_R0_ground_s0p20,15,3488,13,1,13,0,0,1,0,5.11010772902,0
rough_R0_ground_s0p20,11,2578,13,1,16,0,0,1,0,5.25299093152,0
rough_R0_ground_s0p20,8,3863,10,1,14,0,0,1,0,3.03508415921,0
rough_R0_ground_s0p20,12,3928,4,0,1,0,0,1,0,5.11968268257,0
rough_R0_ground_s0p20,12,4235,4,0,0,0,0,0,0,8.14197383411,0
rough_R0_ground_s0p20,8,3846,6,0,14,0,0,1,0,3.71969299554,0
rough_R0_ground_s0p20,8,3837,15,1,9,0,0,1,0,6.55582485391,0
rough_R0_ground_s0p20,10,2987,12,1,1,0,0,1,0,3.77447724665,0
rough_R0_ground_s0p20,15,3452,12,1,5,0,0,1,0,3.40771427168,0
rough_R0_ground_s0p20,14,2741,7,0,25,0,0,1,0,3.68555285507,0
rough_R0_ground_s0p20,5,3393,15,1,2,0,0,1,0,3.67340236434,0
rough_R0_ground_s0p20,8,3807,4,0,19,0,0,1,0,3.99410165653,0
rough_R0_ground_s0p20,13,2801,0,0,24,0,0,1,0,4.42786807954,0
rough_R0_ground_s0p20,11,2499,6,0,23,0,0,1,0,4.88634251244,0
rough_R0_ground_s0p20,7,2819,11,1,5,0,0,1,0,12.3471666369,0
rough_R0_ground_s0p20,5,3357,3,0,12,0,0,1,0,3.81679001407,0
rough_R0_ground_s0p20,0,2248,12,1,35,0,0,1,0,7.02070622322,0
rough_R0_ground_s0p20,3,2629,13,1,2,0,0,1,0,5.2450074548,0
rough_R0_ground_s0p20,13,2749,15,1,11,0,0,1,0,3.10084552523,0
rough_R0_ground_s0p20,11,2443,15,1,3,0,0,1,0,7.78219524647,0
rough_R0_ground_s0p20,3,2599,7,0,13,0,0,1,0,2.76227773727,0
rough_R0_ground_s0p20,12,3768,14,1,14,0,0,1,0,5.69246077659,0
rough_R0_ground_s0p20,12,4236,14,1,0,0,0,0,0,5.81180321425,0
rough_R0_ground_s0p20,3,2594,13,1,3,0,0,1,0,7.19350353877,0
rough_R0_ground_s0p20,0,2182,15,1,13,0,0,1,0,5.1928152445,0
rough_R0_ground_s0p20,6,3998,9,1,10,0,0,1,0,3.89389188024,0
rough_R0_ground_s0p20,8,3657,7,0,3,0,0,1,0,5.57434403627,0
rough_R0_ground_s0p20,12,3695,7,0,24,0,0,1,0,5.34175868265,0
rough_R0_ground_s0p20,9,3310,8,1,37,0,0,1,0,3.13982636562,0
rough_R0_ground_s0p20,11,2992,7,0,6,0,0,1,0,5.64122453477,0
rough_R0_ground_s0p20,0,2105,15,1,23,0,0,1,0,3.22900864908,0
rough_R0_ground_s0p20,2,3029,8,1,0,0,0,1,0,6.66450551943,0
rough_R0_ground_s0p20,5,3183,1,0,10,0,0,1,0,6.54554815049,0
rough_R0_ground_s0p20,4,2898,2,0,9,0,0,1,0,4.09724730518,0
rough_R0_ground_s0p20,7,2635,15,1,26,0,0,1,0,6.60468294134,0
rough_R0_ground_s0p20,8,3598,3,0,5,0,0,1,0,7.00221132957,0
rough_R0_ground_s0p20,7,2629,1,0,29,0,0,1,0,5.47522684468,0
rough_R0_ground_s0p20,12,3645,5,0,26,0,0,1,0,4.59415010633,0
rough_R0_ground_s0p20,1,3572,11,1,4,0,0,1,0,3.40281072576,0
rough_R0_ground_s0p20,15,3216,13,1,11,0,0,1,0,6.45487295345,0
rough_R0_ground_s0p20,8,3566,2,0,9,0,0,1,0,7.22371396776,0
rough_R0_ground_s0p20,6,3862,9,1,11,0,0,1,0,3.7477563,0
rough_R0_ground_s0p20,13,2530,13,1,11,0,0,1,0,7.32641223195,0
rough_R0_ground_s0p20,6,3853,5,0,20,0,0,1,0,7.26436421226,0
rough_R0_ground_s0p20,5,3104,4,0,30,0,0,1,0,6.86724519334,0
rough_R0_ground_s0p20,0,2003,7,0,10,0,0,1,0,3.22046267003,0
rough_R0_ground_s0p20,15,3173,7,0,17,0,0,1,0,4.94939508175,0
rough_R0_ground_s0p20,2,2923,4,0,14,0,0,1,0,5.37967742866,0
rough_R0_ground_s0p20,1,3508,15,1,7,0,0,1,0,18.1730290989,0
rough_R0_ground_s0p20,4,2821,7,0,8,0,0,1,0,4.94063523277,0
rough_R0_ground_s0p20,11,2199,6,0,3,0,0,1,0,4.08324810719,0
rough_R0_ground_s0p20,7,2554,11,1,5,0,0,1,0,3.77364317803,0
rough_R0_ground_s0p20,15,3154,3,0,30,0,0,1,0,3.40905058392,0
rough_R0_ground_s0p20,3,2365,15,1,30,0,0,1,0,7.59330065137,0
rough_R0_ground_s0p20,2,2907,7,0,2,0,0,1,0,6.08272445961,0
rough_R0_ground_s0p20,0,1973,15,1,14,0,0,1,0,4.03415315444,0
rough_R0_ground_s0p20,5,3066,9,1,16,0,0,1,0,9.57278225226,0
rough_R0_ground_s0p20,11,2175,12,1,8,0,0,1,0,3.49000838552,0
rough_R0_ground_s0p20,7,2518,14,1,25,0,0,1,0,4.11869501935,0
rough_R0_ground_s0p20,11,2171,13,1,18,0,0,1,0,6.3067979231,0
rough_R0_ground_s0p20,3,2324,10,1,22,0,0,1,0,4.82632710991,0
rough_R0_ground_s0p20,9,3116,13,1,17,0,0,1,0,4.64686536902,0
rough_R0_ground_s0p20,14,2345,3,0,23,0,0,1,0,3.37319921791,0
rough_R0_ground_s0p20,7,2473,4,0,5,0,0,1,0,9.96338492751,0
rough_R0_ground_s0p20,1,3417,12,1,20,0,0,1,0,3.66349303003,0
rough_R0_ground_s0p20,0,1897,11,1,21,0,0,1,0,4.12253962421,0
rough_R0_ground_s0p20,8,3416,14,1,0,0,0,0,0,6.18227309271,0
rough_R0_ground_s0p20,8,3408,1,0,0,0,0,1,0,3.83151204897,0
rough_R0_ground_s0p20,15,3047,14,1,1,0,0,1,0,3.77634706391,0
rough_R0_ground_s0p20,3,2263,13,1,18,0,0,1,0,4.5747631215,0
rough_R0_ground_s0p20,6,3710,15,1,27,0,0,1,0,3.98481172447,0
rough_R0_ground_s0p20,0,1837,3,0,3,0,0,1,0,3.48132946263,0
rough_R0_ground_s0p20,14,2257,4,0,1,0,0,1,0,3.29725478211,0
rough_R0_ground_s0p20,3,2241,13,1,10,0,0,1,0,5.58104229302,0
rough_R0_ground_s0p20,7,2376,12,1,4,0,0,1,0,7.26273230166,0
rough_R0_ground_s0p20,0,1802,6,0,13,0,0,1,0,4.22165410903,0
rough_R0_ground_s0p20,5,2933,15,1,2,0,0,1,0,4.81101334747,0
rough_R0_ground_s0p20,14,2213,6,0,13,0,0,1,0,5.84236404689,0
rough_R0_ground_s0p20,0,1799,7,0,22,0,0,1,0,5.18108631314,0
rough_R0_ground_s0p20,6,3653,15,1,9,0,0,1,0,6.8595299742,0
rough_R0_ground_s0p20,13,2297,4,0,23,0,0,1,0,3.31344874464,0
rough_R0_ground_s0p20,2,2710,5,0,24,0,0,1,0,3.98116822303,0
rough_R0_ground_s0p20,8,3301,0,0,21,0,0,1,0,8.07949804236,0
rough_R0_ground_s0p20,12,3348,2,0,18,0,0,1,0,4.32662377157,0
rough_R0_ground_s0p20,4,2619,4,0,23,0,0,1,0,6.46186848762,0
rough_R0_ground_s0p20,12,3334,10,1,8,0,0,1,0,4.48389099185,0
rough_R0_ground_s0p20,6,3596,8,1,21,0,0,1,0,7.7672303777,0
rough_R0_ground_s0p20,12,4239,10,1,0,0,0,0,0,5.51363492639,0
rough_R0_ground_s0p20,10,2370,6,0,6,0,0,1,0,6.58224622253,0
rough_R0_ground_s0p20,11,1917,5,0,18,0,0,1,0,7.61291543298,0
rough_R0_ground_s0p20,0,1730,8,1,25,0,0,1,0,5.66026323789,0
rough_R0_ground_s0p20,1,3256,3,0,4,0,0,1,0,4.76163792433,0
rough_R0_ground_s0p20,8,3212,1,0,2,0,0,1,0,6.78537489919,0
rough_R0_ground_s0p20,14,2096,2,0,12,0,0,1,0,3.07657868417,0
rough_R0_ground_s0p20,9,2849,8,1,8,0,0,1,0,9.00967087267,0
rough_R0_ground_s0p20,12,3275,2,0,11,0,0,1,0,4.81264429264,0
rough_R0_ground_s0p20,3,2071,15,1,15,0,0,1,0,3.98816078808,0
rough_R0_ground_s0p20,15,2799,15,1,13,0,0,1,0,8.4093375044,0
rough_R0_ground_s0p20,7,2209,12,1,3,0,0,1,0,3.54175215297,0
rough_R0_ground_s0p20,4,2491,8,1,12,0,0,1,0,4.14162694618,0
rough_R0_ground_s0p20,6,3451,15,1,18,0,0,1,0,5.61616920419,0
rough_R0_ground_s0p20,3,2024,11,1,16,0,0,1,0,3.40979568521,0
rough_R0_ground_s0p20,14,2015,3,0,17,0,0,1,0,3.00340859143,0
rough_R0_ground_s0p20,10,2231,5,0,3,0,0,1,0,8.41474224044,0
rough_R0_ground_s0p20,5,2697,13,1,33,0,0,1,0,3.32143435887,0
rough_R0_ground_s0p20,9,2755,1,0,25,0,0,1,0,3.61259662273,0
rough_R0_ground_s0p20,7,2137,14,1,11,0,0,1,0,3.66921466523,0
rough_R0_ground_s0p20,8,3078,4,0,29,0,0,1,0,4.6996173054,0
rough_R0_ground_s0p20,4,2418,15,1,0,0,0,0,0,6.57587413017,0
rough_R0_ground_s0p20,6,3407,6,0,18,0,0,1,0,4.12324520984,0
rough_R0_ground_s0p20,12,3134,1,0,26,0,0,1,0,4.25371053056,0
rough_R0_ground_s0p20,12,3125,7,0,0,0,0,1,0,4.45340675155,0
rough_R0_ground_s0p20,4,2395,11,1,21,0,0,1,0,6.06945388597,0
rough_R0_ground_s0p20,8,3050,15,1,20,0,0,1,0,4.21445095787,0
rough_R0_ground_s0p20,3,1955,7,0,22,0,0,1,0,13.1183914986,0
rough_R0_ground_s0p20,12,3062,5,0,12,0,0,1,0,3.31623236568,0
rough_R0_ground_s0p20,10,2148,6,0,1,0,0,1,0,5.30235304614,0
rough_R0_ground_s0p20,14,1897,10,1,1,0,0,1,0,6.52982121525,0
rough_R0_ground_s0p20,4,2341,4,0,15,0,0,1,0,3.75846935525,0
rough_R0_ground_s0p20,8,3001,9,1,21,0,0,1,0,6.40873676853,0
rough_R0_ground_s0p20,5,2615,8,1,19,0,0,1,0,5.15040421459,0
rough_R0_ground_s0p20,6,3319,3,0,18,0,0,1,0,8.02008610552,0
rough_R0_ground_s0p20,3,1879,10,1,16,0,0,1,0,5.32944188962,0
rough_R0_ground_s0p20,10,2097,1,0,21,0,0,1,0,14.624416494,0
rough_R0_ground_s0p20,4,2311,2,0,9,0,0,1,0,5.52364076197,0
rough_R0_ground_s0p20,9,2597,0,0,11,0,0,1,0,3.42957681059,0
rough_R0_ground_s0p20,5,2585,1,0,5,0,0,1,0,4.59705405218,0
rough_R0_ground_s0p20,1,3000,3,0,30,0,0,1,0,4.75918216673,0
rough_R0_ground_s0p20,15,2569,6,0,24,0,0,1,0,4.35343172648,0
rough_R0_ground_s0p20,6,3261,7,0,5,0,0,1,0,6.39676699644,0
rough_R0_ground_s0p20,0,4667,11,1,11,0,0,1,0,8.06149877787,0
rough_R0_ground_s0p20,12,2952,14,1,14,0,0,1,0,3.45514954087,0
rough_R0_ground_s0p20,9,2523,4,0,12,0,0,1,0,4.6759921931,0
rough_R0_ground_s0p20,4,2218,15,1,12,0,0,1,0,4.07758971992,0
rough_R0_ground_s0p20,13,1860,1,0,17,0,0,1,0,6.10065407711,0
rough_R0_ground_s0p20,10,1987,4,0,0,0,0,1,0,6.7857034932,0
rough_R0_ground_s0p20,7,1944,7,0,9,0,0,1,0,4.31521688204,0
rough_R0_ground_s0p20,7,3437,7,0,0,0,0,0,0,6.61281295287,0
rough_R0_ground_s0p20,14,1795,9,1,7,0,0,1,0,3.73059066462,0
rough_R0_ground_s0p20,12,2909,13,1,14,0,0,1,0,3.58382672182,0
rough_R0_ground_s0p20,7,1939,14,1,9,0,0,1,0,3.24939299294,0
rough_R0_ground_s0p20,3,1750,3,0,6,0,0,1,0,4.21229249203,0
rough_R0_ground_s0p20,13,1825,5,0,19,0,0,1,0,5.25483752436,0
rough_R0_ground_s0p20,11,5004,15,1,7,0,0,1,0,13.1030449249,0
rough_R0_ground_s0p20,15,2450,3,0,19,0,0,1,0,6.22325261606,0
rough_R0_ground_s0p20,11,4982,11,1,14,0,0,1,0,7.03331302673,0
rough_R0_ground_s0p20,4,2155,9,1,7,0,0,1,0,3.56638702744,0
rough_R0_ground_s0p20,8,2844,15,1,19,0,0,1,0,4.08778333227,0
rough_R0_ground_s0p20,9,2460,6,0,17,0,0,1,0,3.79486632644,0
rough_R0_ground_s0p20,0,4558,13,1,1,0,0,1,0,7.134213748,0
rough_R0_ground_s0p20,10,1851,3,0,1,0,0,1,0,2.58312949654,0
rough_R0_ground_s0p20,1,2839,7,0,12,0,0,1,0,4.33724540692,0
rough_R0_ground_s0p20,11,4925,4,0,27,0,0,1,0,3.06998789749,0
rough_R0_ground_s0p20,15,2380,9,1,23,0,0,1,0,3.91332280696,0
rough_R0_ground_s0p20,10,5493,6,0,7,0,0,1,0,3.77339796805,0
rough_R0_ground_s0p20,13,1685,5,0,12,0,0,1,0,2.64542385193,0
rough_R0_ground_s0p20,12,2791,3,0,25,0,0,1,0,3.35571699489,0
rough_R0_ground_s0p20,9,2363,11,1,2,0,0,1,0,3.66982303037,0
rough_R0_ground_s0p20,9,2349,5,0,7,0,0,1,0,4.95588358234,0
rough_R0_ground_s0p20,13,4750,15,1,17,0,0,1,0,2.96727726437,0
rough_R0_ground_s0p20,0,4423,0,0,11,0,0,1,0,5.05762162055,0
rough_R0_ground_s0p20,2,2115,10,1,6,0,0,1,0,7.7107866547,0
rough_R0_ground_s0p20,10,5434,8,1,13,0,0,1,0,8.44470955006,0
rough_R0_ground_s0p20,7,1705,7,0,6,0,0,1,0,10.8460063316,0
rough_R0_ground_s0p20,8,2705,5,0,7,0,0,1,0,5.65586855334,0
rough_R0_ground_s0p20,9,2299,11,1,12,0,0,1,0,4.34627181948,0
rough_R0_ground_s0p20,14,4579,2,0,15,0,0,1,0,5.35356063529,0
rough_R0_ground_s0p20,1,2703,4,0,8,0,0,1,0,3.01040295098,0
rough_R0_ground_s0p20,9,2283,2,0,23,0,0,1,0,3.62721478321,0
rough_R0_ground_s0p20,4,1933,15,1,26,0,0,1,0,6.21511703941,0
rough_R0_ground_s0p20,11,4777,12,1,15,0,0,1,0,5.26374353596,0
rough_R0_ground_s0p20,12,2644,4,0,5,0,0,1,0,4.78662430867,0
rough_R0_ground_s0p20,5,2237,13,1,20,0,0,1,0,7.55881027336,0
rough_R0_ground_s0p20,12,2630,8,1,19,0,0,1,0,5.80443413725,0
rough_R0_ground_s0p20,3,4817,13,1,20,0,0,1,0,4.8555171003,0
rough_R0_ground_s0p20,15,2200,14,1,19,0,0,1,0,3.70373160891,0
rough_R0_ground_s0p20,2,2015,14,1,19,0,0,1,0,9.78058920419,0
rough_R0_ground_s0p20,2,3897,14,1,0,0,0,0,0,11.6206451631,0
rough_R0_ground_s0p20,4,1905,6,0,13,0,0,1,0,2.74083988329,0
rough_R0_ground_s0p20,10,5316,0,0,11,0,0,1,0,3.79849487163,0
rough_R0_ground_s0p20,2,1986,4,0,15,0,0,1,0,4.44527439245,0
rough_R0_ground_s0p20,13,4597,2,0,7,0,0,1,0,14.6265737916,0
rough_R0_ground_s0p20,2,1976,10,1,9,0,0,1,0,4.6835611308,0
rough_R0_ground_s0p20,5,2148,5,0,8,0,0,1,0,3.73585147183,0
rough_R0_ground_s0p20,8,2535,3,0,3,0,0,1,0,3.66642790644,0
rough_R0_ground_s0p20,10,5259,4,0,6,0,0,1,0,4.92475835902,0
rough_R0_ground_s0p20,6,2821,9,1,6,0,0,1,0,3.46060024989,0
rough_R0_ground_s0p20,6,2810,12,1,19,0,0,1,0,6.15989578287,0
rough_R0_ground_s0p20,9,2126,14,1,12,0,0,1,0,3.2417546348,0
rough_R0_ground_s0p20,14,4423,1,0,21,0,0,1,0,5.11051746894,0
rough_R0_ground_s0p20,5,2086,5,0,4,0,0,1,0,3.24000153214,0
rough_R0_ground_s0p20,13,4531,11,1,4,0,1,1,0,4.75575239037,0
rough_R0_ground_s0p20,8,2494,6,0,7,0,0,1,0,4.17468660593,0
rough_R0_ground_s0p20,15,2087,15,1,4,0,0,1,0,4.40679303861,0
rough_R0_ground_s0p20,0,4163,12,1,6,0,0,1,0,3.30175749437,0
rough_R0_ground_s0p20,4,1806,12,1,19,0,0,1,0,6.34155146872,0
rough_R0_ground_s0p20,10,5188,5,0,6,0,0,1,0,2.98997873864,0
rough_R0_ground_s0p20,15,2049,3,0,2,0,0,1,0,4.02745950697,0
rough_R0_ground_s0p20,0,4139,6,0,23,0,1,1,0,3.93780258044,0
rough_R0_ground_s0p20,7,4980,7,0,7,0,0,1,0,3.85969917968,0
rough_R0_ground_s0p20,11,4585,5,0,20,0,0,1,0,4.41271128969,0
rough_R0_ground_s0p20,6,2728,0,0,19,0,0,1,0,4.67535515756,0
rough_R0_ground_s0p20,14,4354,10,1,4,0,0,1,0,2.92583594836,0
rough_R0_ground_s0p20,7,4967,10,1,26,0,0,1,0,5.24930984053,0
rough_R0_ground_s0p20,15,2017,8,1,6,0,0,1,0,4.23413647968,0
rough_R0_ground_s0p20,9,2036,5,0,5,0,0,1,0,4.33286980796,0
rough_R0_ground_s0p20,11,4556,7,0,9,0,0,1,0,4.12991818179,0
rough_R0_ground_s0p20,3,4570,6,0,7,0,0,1,0,4.97160553647,0
rough_R0_ground_s0p20,13,4419,9,1,28,0,0,1,0,5.77753954297,0
rough_R0_ground_s0p20,11,4526,11,1,2,0,0,1,0,7.68866070137,0
rough_R0_ground_s0p20,9,1968,2,0,28,0,0,1,0,5.8261590048,0
rough_R0_ground_s0p20,15,1942,12,1,13,0,0,1,0,8.65431763217,0
rough_R0_ground_s0p20,3,4521,11,1,5,0,0,1,0,3.55914046129,0
rough_R0_ground_s0p20,6,2592,2,0,6,0,0,1,0,5.072178564,0
rough_R0_ground_s0p20,13,4359,2,0,8,0,0,1,0,7.22396745667,0
rough_R0_ground_s0p20,4,1640,4,0,4,0,0,1,0,2.63285655991,0
rough_R0_ground_s0p20,5,5523,13,1,17,0,0,1,0,9.17499720701,0
rough_R0_ground_s0p20,3,4484,8,1,1,0,0,1,0,4.02075088118,0
rough_R0_ground_s0p20,9,1910,0,0,2,0,0,1,0,4.17743515369,0
rough_R0_ground_s0p20,1,2326,7,0,13,0,0,1,0,4.99496567021,0
rough_R0_ground_s0p20,6,2551,11,1,6,0,0,1,0,3.53466856179,0
rough_R0_ground_s0p20,11,4446,8,1,23,0,0,1,0,3.85927369718,0
rough_R0_ground_s0p20,1,2303,3,0,12,0,0,1,0,3.19150997864,0
rough_R0_ground_s0p20,10,5000,6,0,10,0,0,1,0,3.13921510422,0
rough_R0_ground_s0p20,7,4799,11,1,12,0,0,1,0,4.35709784169,0
rough_R0_ground_s0p20,1,2283,8,1,10,0,0,1,0,4.10906818386,0
rough_R0_ground_s0p20,6,2522,10,1,4,0,0,1,0,4.81571589385,0
rough_R0_ground_s0p20,11,4415,2,0,10,0,0,1,0,4.03159882248,0
rough_R0_ground_s0p20,12,2258,14,1,8,0,0,1,0,4.04271000694,0
rough_R0_ground_s0p20,13,4261,6,0,19,0,0,1,0,3.7928730269,0
rough_R0_ground_s0p20,6,2480,14,1,8,0,0,1,0,4.3043097136,0
rough_R0_ground_s0p20,2,1581,6,0,3,0,0,1,0,6.32250881449,0
rough_R0_ground_s0p20,2,3899,6,0,0,0,0,0,0,8.74217020372,0
rough_R0_ground_s0p20,1,2231,10,1,24,0,0,1,0,6.3799556035,0
rough_R0_ground_s0p20,14,4111,6,0,15,0,0,1,0,4.73686107744,0
rough_R0_ground_s0p20,14,4665,6,0,0,0,0,0,0,11.2435697959,0
rough_R0_ground_s0p20,9,1790,6,0,16,0,0,1,0,3.71848223809,0
rough_R0_ground_s0p20,8,2176,1,0,13,0,0,1,0,4.61300851227,0
rough_R0_ground_s0p20,7,4691,13,1,17,0,0,1,0,5.21274840044,0
rough_R0_ground_s0p20,3,4317,11,1,5,0,0,1,0,5.45401215002,0
rough_R0_ground_s0p20,9,1761,4,0,18,0,0,1,0,4.15861705551,0
rough_R0_ground_s0p20,15,5819,14,1,11,0,0,1,0,3.47799394691,0
rough_R0_ground_s0p20,10,4892,3,0,24,0,0,1,0,3.94037252092,0
rough_R0_ground_s0p20,11,4287,9,1,17,0,0,1,0,9.64470113073,0
rough_R0_ground_s0p20,10,4877,13,1,7,0,0,1,0,3.03737918246,0
rough_R0_ground_s0p20,11,4280,11,1,10,0,0,1,0,4.11615205961,0
rough_R0_ground_s0p20,12,2173,15,1,21,0,0,1,0,4.49292533957,0
rough_R0_ground_s0p20,3,4268,6,0,17,0,0,1,0,4.66181417483,0
rough_R0_ground_s0p20,1,2139,13,1,20,0,0,1,0,11.6925413169,0
rough_R0_ground_s0p20,6,2333,1,0,15,0,0,1,0,7.3855800659,0
rough_R0_ground_s0p20,15,5747,9,1,25,0,0,1,0,4.34765289024,0
rough_R0_ground_s0p20,5,5281,2,0,11,0,0,1,0,6.30582612365,0
rough_R0_ground_s0p20,13,4126,8,1,7,0,0,1,0,5.10819707102,0
rough_R0_ground_s0p20,11,4211,13,1,7,0,0,1,0,7.00882423938,0
rough_R0_ground_s0p20,2,5735,5,0,14,0,0,1,0,4.11045298608,0
rough_R0_ground_s0p20,4,5252,12,1,12,0,0,1,0,7.03462826785,0
rough_R0_ground_s0p20,7,4586,11,1,7,0,0,1,0,7.60437624577,0
rough_R0_ground_s0p20,0,3732,11,1,23,0,0,1,0,4.5073462717,0
rough_R0_ground_s0p20,8,5971,13,1,3,0,0,1,0,5.44068325994,0
rough_R0_ground_s0p20,6,2273,8,1,14,0,0,1,0,5.08110864064,0
rough_R0_ground_s0p20,1,2025,0,0,9,0,0,1,0,3.73531038017,0
rough_R0_ground_s0p20,15,5659,13,1,4,0,0,1,0,4.70634889216,0
rough_R0_ground_s0p20,4,5190,7,0,16,0,0,1,0,4.426946257,0
rough_R0_ground_s0p20,10,4707,9,1,16,0,0,1,0,3.47744024135,0
rough_R0_ground_s0p20,11,4121,1,0,3,0,0,1,0,9.17247296891,0
rough_R0_ground_s0p20,3,4154,11,1,7,0,0,1,0,3.43523958857,0
rough_R0_ground_s0p20,14,3908,7,0,7,0,0,1,0,4.85431664956,0
rough_R0_ground_s0p20,14,3904,4,0,5,0,0,1,0,4.49396184152,0
rough_R0_ground_s0p20,15,5632,13,1,6,0,0,1,0,6.52650253159,0
rough_R0_ground_s0p20,7,4492,2,0,31,0,0,1,0,6.32520317188,0
rough_R0_ground_s0p20,0,3652,5,0,5,0,0,1,0,5.09680018418,0
rough_R0_ground_s0p20,12,2023,10,1,3,0,0,1,0,5.07254230065,0
rough_R0_ground_s0p20,4,5152,7,0,25,0,0,1,0,4.83890324474,0
rough_R0_ground_s0p20,9,5440,7,0,6,0,0,1,0,3.59641880968,0
rough_R0_ground_s0p20,2,5621,7,0,8,0,0,1,0,5.29465674719,0
rough_R0_ground_s0p20,12,2001,4,0,7,0,0,1,0,2.61032382468,0
rough_R0_ground_s0p20,9,5412,9,1,10,0,0,1,0,6.95936334004,0
rough_R0_ground_s0p20,11,4072,11,1,21,0,0,1,0,5.37409206833,0
rough_R0_ground_s0p20,15,5554,9,1,17,0,0,1,0,4.91544610403,0
rough_R0_ground_s0p20,14,3850,10,1,14,0,0,1,0,4.54068272169,0
rough_R0_ground_s0p20,12,1970,15,1,7,0,0,1,0,4.97514233731,0
rough_R0_ground_s0p20,6,2163,5,0,9,0,0,1,0,5.17742099799,0
rough_R0_ground_s0p20,13,3945,4,0,13,0,0,1,0,4.74265189519,0
rough_R0_ground_s0p20,6,2157,5,0,24,0,0,1,0,6.22734946665,0
rough_R0_ground_s0p20,3,4056,14,1,4,0,0,1,0,4.73867971131,0
rough_R0_ground_s0p20,2,5581,3,0,15,0,0,1,0,4.8424617984,0
rough_R0_ground_s0p20,8,5836,4,0,9,0,0,1,0,3.56338959322,0
rough_R0_ground_s0p20,7,4362,6,0,0,0,0,1,0,7.34470736707,0
rough_R0_ground_s0p20,2,5536,10,1,7,0,0,1,0,6.98106675806,0
rough_R0_ground_s0p20,9,5305,0,0,5,0,0,1,0,5.13234910287,0
rough_R0_ground_s0p20,2,5523,2,0,2,0,0,1,0,4.40893634489,0
rough_R0_ground_s0p20,7,4347,14,1,8,0,0,1,0,2.81518651188,0
rough_R0_ground_s0p20,14,3753,5,0,9,0,0,1,0,2.67592340233,0
rough_R0_ground_s0p20,7,4341,5,0,22,0,0,1,0,5.25278478512,0
rough_R0_ground_s0p20,8,5753,1,0,8,0,0,1,0,3.69246631974,0
rough_R0_ground_s0p20,11,3927,4,0,13,0,0,1,0,2.95112568238,0
rough_R0_ground_s0p20,3,3961,13,1,14,0,0,1,0,3.36504572864,0
rough_R0_ground_s0p20,0,3482,5,0,8,0,0,1,0,3.3589642183,0
rough_R0_ground_s0p20,8,5741,9,1,6,0,0,1,0,4.89393990458,0
rough_R0_ground_s0p20,11,3909,4,0,11,0,0,1,0,4.7698308649,0
rough_R0_ground_s0p20,3,3951,12,1,11,0,0,1,0,9.52439535892,0
rough_R0_ground_s0p20,12,1846,0,0,7,0,0,1,0,4.65762319414,0
rough_R0_ground_s0p20,12,1844,7,0,18,0,0,1,0,5.14382188079,0
rough_R0_ground_s0p20,0,3443,13,1,21,0,0,1,0,7.27323349728,0
rough_R0_ground_s0p20,7,4275,6,0,20,0,0,1,0,5.04048026517,0
rough_R0_ground_s0p20,3,3909,4,0,17,0,0,1,0,5.04023263554,0
rough_R0_ground_s0p20,0,3425,6,0,13,0,0,1,0,3.48902659355,0
rough_R0_ground_s0p20,6,2002,9,1,40,0,0,1,0,8.46766695325,0
rough_R0_ground_s0p20,10,4447,4,0,7,0,0,1,0,5.89349409426,0
rough_R0_ground_s0p20,4,4890,14,1,19,0,0,1,0,4.63857131703,0
rough_R0_ground_s0p20,12,1792,15,1,28,0,0,1,0,3.57376890011,0
rough_R0_ground_s0p20,15,5356,7,0,17,0,0,1,0,2.9141362368,0
rough_R0_ground_s0p20,13,3741,10,1,5,0,0,1,0,7.21546228723,0
rough_R0_ground_s0p20,7,4216,13,1,17,0,0,1,0,4.15668905075,0
rough_R0_ground_s0p20,15,5337,5,0,12,0,0,1,0,5.96219170425,0
rough_R0_ground_s0p20,6,1944,13,1,29,0,0,1,0,14.5900996844,0
rough_R0_ground_s0p20,6,1941,4,0,6,0,0,1,0,3.18809032036,0
rough_R0_ground_s0p20,2,5364,11,1,6,0,0,1,0,3.3303203451,0
rough_R0_ground_s0p20,9,5134,9,1,4,0,0,1,0,3.38348611248,0
rough_R0_ground_s0p20,9,5127,2,0,14,0,0,1,0,3.63167494944,0
rough_R0_ground_s0p20,9,5557,2,0,0,0,0,0,0,3.99736361502,0
rough_R0_ground_s0p20,15,5319,5,0,12,0,0,1,0,2.96060920429,0
rough_R0_ground_s0p20,7,4192,2,0,17,0,0,1,0,6.4991563422,0
rough_R0_ground_s0p20,8,5591,0,0,21,0,0,1,0,2.89890788607,0
rough_R0_ground_s0p20,0,3333,10,1,2,0,0,1,0,3.47446385711,0
rough_R0_ground_s0p20,9,5100,2,0,21,0,0,1,0,4.49892008136,0
rough_R0_ground_s0p20,12,1694,3,0,4,0,0,1,0,2.61870058119,0
rough_R0_ground_s0p20,14,3548,7,0,13,0,0,1,0,3.49170448994,0
rough_R0_ground_s0p20,9,5083,7,0,7,0,0,1,0,4.5684947988,0
rough_R0_ground_s0p20,8,5552,10,1,8,0,0,1,0,3.20027332174,0
rough_R0_ground_s0p20,13,3658,12,1,18,0,0,1,0,4.80399013191,0
rough_R0_ground_s0p20,1,1620,2,0,34,0,0,1,0,3.90159094079,0
rough_R0_ground_s0p20,8,5544,2,0,24,0,0,1,0,6.00752030402,0
rough_R0_ground_s0p20,10,4344,0,0,30,0,0,1,0,4.74804090563,0
rough_R0_ground_s0p20,11,3730,1,0,14,0,0,1,0,7.53602511689,0
rough_R0_ground_s0p20,8,5537,3,0,10,0,0,1,0,5.46798996672,0
rough_R0_ground_s0p20,5,4810,15,1,11,0,0,1,0,3.43826877987,0
rough_R0_ground_s0p20,10,4337,13,1,17,0,0,1,0,4.17030064931,0
rough_R0_ground_s0p20,14,3488,6,0,3,0,0,1,0,5.44915064073,0
rough_R0_ground_s0p20,5,4797,8,1,11,0,0,1,0,5.36173959413,0
rough_R0_ground_s0p20,15,5226,0,0,14,0,0,1,0,3.59523595732,0
rough_R0_ground_s0p20,4,4718,14,1,6,0,0,1,0,5.92773102167,0
rough_R0_ground_s0p20,4,4699,10,1,5,0,0,1,0,4.48758336459,0
rough_R0_ground_s0p20,12,5669,10,1,19,0,0,1,0,5.75373440628,0
rough_R0_ground_s0p20,4,4682,0,0,7,0,0,1,0,3.52637051634,0
rough_R0_ground_s0p20,2,5201,12,1,4,0,0,1,0,3.30033047458,0
rough_R0_ground_s0p20,2,5198,5,0,2,0,0,1,0,5.1819563589,0
rough_R0_ground_s0p20,5,4730,1,0,28,0,0,1,0,3.5825331391,0
rough_R0_ground_s0p20,1,1489,2,0,10,0,0,1,0,2.61873559445,0
rough_R0_ground_s0p20,10,4264,11,1,9,0,0,1,0,5.34536102194,0
rough_R0_ground_s0p20,10,4262,1,0,14,0,0,1,0,5.8721463264,0
rough_R0_ground_s0p20,6,5954,2,0,11,0,0,1,0,3.55433981012,0
rough_R0_ground_s0p20,9,4951,9,1,10,0,0,1,0,9.14443427801,0
rough_R0_ground_s0p20,13,3513,7,0,26,0,0,1,0,3.83314329029,0
rough_R0_ground_s0p20,8,5406,0,0,0,0,0,1,0,3.00224844453,0
rough_R0_ground_s0p20,9,4933,3,0,24,0,0,1,0,6.6428207928,0
rough_R0_ground_s0p20,10,4232,12,1,24,0,0,1,0,4.48205030541,0
rough_R0_ground_s0p20,1,5931,0,0,18,0,0,1,0,3.13629175923,0
rough_R0_ground_s0p20,5,4665,12,1,8,0,0,1,0,3.82689065073,0
rough_R0_ground_s0p20,4,4619,5,0,11,0,0,1,0,4.6965196813,0
rough_R0_ground_s0p20,1,5914,5,0,15,0,0,1,0,8.94925292214,0
rough_R0_ground_s0p20,6,5892,7,0,4,0,0,1,0,2.95069868591,0
rough_R0_ground_s0p20,15,5077,15,1,18,0,0,1,0,4.40596756935,0
rough_R0_ground_s0p20,12,5565,10,1,15,0,0,1,0,4.04736658427,0
rough_R0_ground_s0p20,0,3129,0,0,16,0,0,1,0,5.8749571046,0
rough_R0_ground_s0p20,7,3928,1,0,9,0,0,1,0,4.25339951482,0
rough_R0_ground_s0p20,13,3457,8,1,24,0,0,1,0,6.77219027201,0
rough_R0_ground_s0p20,4,4560,11,1,5,0,0,1,0,5.22302183144,0
rough_R0_ground_s0p20,6,5868,9,1,12,0,0,1,0,6.63682721705,0
rough_R0_ground_s0p20,7,3909,7,0,16,0,0,1,0,3.62593500496,0
rough_R0_ground_s0p20,10,4156,7,0,23,0,0,1,0,5.46952902257,0
rough_R0_ground_s0p20,11,3537,11,1,8,0,0,1,0,4.33461289539,0
rough_R0_ground_s0p20,0,3093,13,1,10,0,0,1,0,4.17335696135,0
rough_R0_ground_s0p20,2,5065,15,1,6,0,0,1,0,4.19314036498,0
rough_R0_ground_s0p20,6,5839,2,0,10,0,0,1,0,3.80608356089,0
rough_R0_ground_s0p20,15,5011,0,0,9,0,0,1,0,2.98341857714,0
rough_R0_ground_s0p20,6,5835,15,1,2,0,0,1,0,6.6403859638,0
rough_R0_ground_s0p20,2,5049,6,0,10,0,0,1,0,4.26677600944,0
rough_R0_ground_s0p20,7,3879,5,0,5,0,0,1,0,3.03955266512,0
rough_R0_ground_s0p20,3,3523,7,0,4,0,0,1,0,3.68255928733,0
rough_R0_ground_s0p20,0,3036,2,0,4,0,0,1,0,3.21345527683,0
rough_R0_ground_s0p20,11,3465,14,1,16,0,0,1,0,14.5681820407,0
rough_R0_ground_s0p20,6,5785,15,1,7,0,0,1,0,6.20886782739,0
rough_R0_ground_s0p20,3,3488,0,0,9,0,0,1,0,3.15437455082,0
rough_R0_ground_s0p20,6,5771,10,1,5,0,0,1,0,3.52671094338,0
rough_R0_ground_s0p20,7,3819,13,1,7,0,0,1,0,4.03299948686,0
rough_R0_ground_s0p20,10,4060,4,0,5,0,0,1,0,5.06805174322,0
rough_R0_ground_s0p20,0,2961,9,1,11,0,0,1,0,2.64778387649,0
rough_R0_ground_s0p20,10,4034,1,0,6,0,0,1,0,5.60947116642,0
rough_R0_ground_s0p20,12,5384,7,0,14,0,0,1,0,9.42342225176,0
rough_R0_ground_s0p20,12,5363,13,1,7,0,0,1,0,6.27529147767,0
rough_R0_ground_s0p20,3,3413,6,0,3,0,0,1,0,3.2393192724,0
rough_R0_ground_s0p20,8,5170,13,1,8,0,0,1,0,5.98530428171,0
rough_R0_ground_s0p20,7,3743,2,0,17,0,0,1,0,5.41881230473,0
rough_R0_ground_s0p20,10,3960,13,1,10,0,0,1,0,6.70866482478,0
rough_R0_ground_s0p20,14,6131,6,0,14,0,0,1,0,4.99382757968,0
rough_R0_ground_s0p20,8,5123,9,1,2,0,0,1,0,3.56772712098,0
rough_R0_ground_s0p20,13,6380,3,0,21,0,0,1,0,9.98741728067,0
rough_R0_ground_s0p20,13,6359,8,1,4,0,0,1,0,8.02234816947,0
rough_R0_ground_s0p20,11,3303,10,1,14,0,0,1,0,3.66265313699,0
rough_R0_ground_s0p20,11,3300,14,1,5,0,0,1,0,3.0759610352,0
rough_R0_ground_s0p20,12,5255,10,1,5,0,0,1,0,4.18784021053,0
rough_R0_ground_s0p20,8,5062,7,0,16,0,0,1,0,6.48077284106,0
rough_R0_ground_s0p20,2,4829,11,1,8,0,0,1,0,3.94087210286,0
rough_R0_ground_s0p20,1,5544,10,1,20,0,0,1,0,5.63317253785,0
rough_R0_ground_s0p20,3,3282,13,1,18,0,0,1,0,2.9963159345,0
rough_R0_ground_s0p20,1,5527,4,0,23,0,0,1,0,6.65931914941,0
rough_R0_ground_s0p20,15,4727,3,0,13,0,0,1,0,7.30239406755,0
rough_R0_ground_s0p20,8,5016,2,0,16,0,0,1,0,2.94200759993,0
rough_R0_ground_s0p20,9,4529,7,0,12,0,0,1,0,3.48170380298,0
rough_R0_ground_s0p20,14,5990,10,1,19,0,0,1,0,3.10414022726,0
rough_R0_ground_s0p20,12,5172,15,1,15,0,0,1,0,3.93195369768,0
rough_R0_ground_s0p20,2,4719,12,1,21,0,0,1,0,3.34940985431,0
rough_R0_ground_s0p20,11,3170,8,1,22,0,0,1,0,4.98352047747,0
rough_R0_ground_s0p20,12,5123,8,1,6,0,0,1,0,4.16920523643,0
rough_R0_ground_s0p20,9,4422,14,1,1,0,0,1,0,6.67100831633,0
rough_R0_ground_s0p20,15,4603,0,0,18,0,0,1,0,4.5336714923,0
rough_R0_ground_s0p20,0,6086,10,1,20,0,0,1,0,4.27618902578,0
rough_R0_ground_s0p20,5,4164,8,1,17,0,0,1,0,4.77171929104,0
rough_R0_ground_s0p20,11,3087,9,1,4,0,0,1,0,3.50218312901,0
rough_R0_ground_s0p20,5,4141,0,0,4,0,0,1,0,7.15578854991,0
rough_R0_ground_s0p20,3,6788,13,1,20,0,0,1,0,4.96327280982,0
rough_R0_ground_s0p20,4,4043,14,1,22,0,0,1,0,7.65800737824,0
rough_R0_ground_s0p20,0,6047,0,0,22,0,0,1,0,4.31253128466,0
rough_R0_ground_s0p20,2,4592,13,1,3,0,0,1,0,4.81862142701,0
rough_R0_ground_s0p20,4,4025,4,0,3,0,0,1,0,3.84309908668,0
rough_R0_ground_s0p20,5,4114,1,0,20,0,0,1,0,5.19249399368,0
rough_R0_ground_s0p20,10,3642,13,1,14,0,0,1,0,4.65750367309,0
rough_R0_ground_s0p20,7,6710,8,1,7,0,0,1,0,5.1992531212,0
rough_R0_ground_s0p20,12,5025,3,0,15,0,0,1,0,6.6527512463,0
rough_R0_ground_s0p20,15,4504,6,0,9,0,0,1,0,5.22020688668,0
rough_R0_ground_s0p20,7,6694,9,1,7,0,0,1,0,6.29532175883,0
rough_R0_ground_s0p20,11,2997,8,1,22,0,0,1,0,2.77951247308,0
rough_R0_ground_s0p20,3,6728,2,0,28,0,0,1,0,4.33133063937,0
rough_R0_ground_s0p20,0,5986,2,0,10,0,0,1,0,8.40344338698,0
rough_R0_ground_s0p20,13,5981,6,0,26,0,0,1,0,3.3205926372,0
rough_R0_ground_s0p20,0,5970,5,0,23,0,0,1,0,4.22521913133,0
rough_R0_ground_s0p20,7,6626,15,1,13,0,0,1,0,8.58778233509,0
rough_R0_ground_s0p20,11,7385,2,0,9,0,0,1,0,3.66667005676,0
rough_R0_ground_s0p20,13,5940,6,0,10,0,0,1,0,5.8992116744,0
rough_R0_ground_s0p20,12,4920,0,0,7,0,0,1,0,9.27064037372,0
rough_R0_ground_s0p20,12,4913,6,0,11,0,0,1,0,7.52170710436,0
rough_R0_ground_s0p20,9,4227,12,1,10,0,0,1,0,3.88658356485,0
rough_R0_ground_s0p20,5,3997,13,1,2,0,0,1,0,5.03188391568,0
rough_R0_ground_s0p20,11,7328,1,0,2,0,0,1,0,5.50542094998,0
rough_R0_ground_s0p20,10,3488,6,0,13,0,0,1,0,4.81922523832,0
rough_R0_ground_s0p20,0,5892,1,0,8,0,0,1,0,4.17349696893,0
rough_R0_ground_s0p20,8,4677,4,0,3,0,0,1,0,8.09471408904,0
rough_R0_ground_s0p20,3,6599,11,1,17,0,0,1,0,4.92844861138,0
rough_R0_ground_s0p20,5,3945,13,1,3,0,0,1,0,5.39600672774,0
rough_R0_ground_s0p20,6,5170,11,1,15,0,0,1,0,7.66594197697,0
rough_R0_ground_s0p20,1,5139,7,0,14,0,0,1,0,2.97514291684,0
rough_R0_ground_s0p20,3,6595,5,0,15,0,0,1,0,3.07700345294,0
rough_R0_ground_s0p20,15,4350,7,0,14,0,0,1,0,3.95920509493,0
rough_R0_ground_s0p20,1,5121,1,0,13,0,0,1,0,8.52205234888,0
rough_R0_ground_s0p20,8,4649,1,0,5,0,0,1,0,3.71571519155,0
rough_R0_ground_s0p20,13,5832,0,0,9,0,0,1,0,6.30314998582,0
rough_R0_ground_s0p20,10,3450,14,1,28,0,0,1,0,4.97027832351,0
rough_R0_ground_s0p20,9,4157,6,0,5,0,0,1,0,4.4186964376,0
rough_R0_ground_s0p20,3,6570,6,0,28,0,0,1,0,3.37296842665,0
rough_R0_ground_s0p20,9,4146,6,0,12,0,1,1,0,4.13849360594,0
rough_R0_ground_s0p20,14,5583,2,0,3,0,0,1,0,3.59313973336,0
rough_R0_ground_s0p20,0,5828,5,0,25,0,0,1,0,4.26495114464,0
rough_R0_ground_s0p20,11,7222,14,1,11,0,0,1,0,3.8525104007,0
rough_R0_ground_s0p20,0,5817,14,1,6,0,0,1,0,4.56644539241,0
rough_R0_ground_s0p20,7,6462,0,0,4,0,0,1,0,7.12495515193,0
rough_R0_ground_s0p20,5,3876,14,1,3,0,0,1,0,6.75152558496,0
rough_R0_ground_s0p20,1,5079,15,1,17,0,0,1,0,4.91640218791,0
rough_R0_ground_s0p20,5,3863,10,1,18,0,0,1,0,3.88587750314,0
rough_R0_ground_s0p20,4,3767,9,1,9,0,0,1,0,3.0697644521,0
rough_R0_ground_s0p20,15,4283,4,0,9,0,0,1,0,5.04295629879,0
rough_R0_ground_s0p20,0,5790,14,1,13,0,0,1,0,4.43821066724,0
rough_R0_ground_s0p20,7,6409,8,1,7,0,0,1,0,3.65205422454,0
rough_R0_ground_s0p20,10,3329,7,0,9,0,0,1,0,2.66569561073,0
rough_R0_ground_s0p20,12,4734,7,0,12,0,0,1,0,3.6430109797,0
rough_R0_ground_s0p20,8,4524,5,0,4,0,0,1,0,3.71546283136,0
rough_R0_ground_s0p20,3,6475,12,1,9,0,0,1,0,6.69654400229,0
rough_R0_ground_s0p20,8,4514,1,0,10,0,0,1,0,5.82925629222,0
rough_R0_ground_s0p20,14,5494,7,0,17,0,0,1,0,3.48410290081,0
rough_R0_ground_s0p20,5,3782,11,1,15,0,0,1,0,5.11874077618,0
rough_R0_ground_s0p20,5,3775,2,0,6,0,0,1,0,3.16843385478,0
rough_R0_ground_s0p20,5,3768,0,0,14,0,0,1,0,6.46396679549,0
rough_R0_ground_s0p20,10,7195,2,0,10,0,0,1,0,4.00233600527,0
rough_R0_ground_s0p20,9,4029,15,1,6,0,0,1,0,4.12035604191,0
rough_R0_ground_s0p20,0,5693,9,1,6,0,0,1,0,4.16348214912,0
rough_R0_ground_s0p20,7,6343,2,0,24,0,0,1,0,5.68679285453,0
rough_R0_ground_s0p20,6,4979,12,1,10,0,0,1,0,3.72685367828,0
rough_R0_ground_s0p20,9,4017,12,1,29,0,0,1,0,3.42557508988,0
rough_R0_ground_s0p20,12,4679,0,0,19,0,0,1,0,7.69780389131,0
rough_R0_ground_s0p20,10,7157,7,0,9,0,0,1,0,2.94616871421,0
rough_R0_ground_s0p20,11,7061,6,0,8,0,0,1,0,4.65615092315,0
rough_R0_ground_s0p20,3,6396,10,1,12,0,0,1,0,3.27416717988,0
rough_R0_ground_s0p20,14,5434,8,1,10,0,1,1,0,5.82097062407,0
rough_R0_ground_s0p20,1,4911,6,0,5,0,0,1,0,6.66818045396,0
rough_R0_ground_s0p20,10,7126,8,1,19,0,0,1,0,4.32847714374,0
rough_R0_ground_s0p20,2,4204,8,1,17,0,0,1,0,6.13325980322,0
rough_R0_ground_s0p20,11,7035,3,0,1,0,0,1,0,5.55171845276,0
rough_R0_ground_s0p20,7,6258,4,0,7,0,0,1,0,4.87977981459,0
rough_R0_ground_s0p20,12,4629,8,1,23,0,0,1,0,6.67305410016,0
rough_R0_ground_s0p20,6,4888,10,1,16,0,0,1,0,5.29511238829,0
rough_R0_ground_s0p20,4,7112,11,1,14,0,0,1,0,4.65365379778,0
rough_R0_ground_s0p20,7,6217,3,0,4,0,0,1,0,3.11208201662,0
rough_R0_ground_s0p20,12,4611,2,0,12,0,0,1,0,5.34245711337,0
rough_R0_ground_s0p20,12,4603,10,1,15,0,0,1,0,3.58638902701,0
rough_R0_ground_s0p20,8,4339,13,1,7,0,0,1,0,5.04024454818,0
rough_R0_ground_s0p20,0,5540,15,1,7,0,0,1,0,4.098442831,0
rough_R0_ground_s0p20,3,6278,6,0,23,0,0,1,0,4.18443010553,0
rough_R0_ground_s0p20,10,7048,7,0,5,0,0,1,0,4.2464585825,0
rough_R0_ground_s0p20,0,5530,5,0,8,0,0,1,0,3.55804913338,0
rough_R0_ground_s0p20,4,7048,7,0,11,0,0,1,0,3.17965761567,0
rough_R0_ground_s0p20,12,4555,5,0,13,0,0,1,0,7.65519852837,0
rough_R0_ground_s0p20,11,6924,1,0,10,0,0,1,0,3.9604932378,0
rough_R0_ground_s0p20,14,5270,9,1,11,0,0,1,0,4.10006979163,0
rough_R0_ground_s0p20,6,4767,1,0,19,0,0,1,0,3.35524915408,0
rough_R0_ground_s0p20,1,4751,6,0,18,0,0,1,0,9.00235618288,0
rough_R0_ground_s0p20,5,7017,13,1,3,0,0,1,0,4.28315475074,0
rough_R0_ground_s0p20,0,5440,10,1,23,0,0,1,0,4.25834457057,0
rough_R0_ground_s0p20,1,4675,6,0,8,0,0,1,0,6.13518303594,0
rough_R0_ground_s0p20,12,4456,6,0,14,0,0,1,0,3.22870942381,0
rough_R0_ground_s0p20,15,3884,3,0,21,0,0,1,0,4.07261055217,0
rough_R0_ground_s0p20,14,5161,10,1,19,0,0,1,0,4.61479324833,0
rough_R0_ground_s0p20,5,6937,11,1,29,0,0,1,0,7.37236831743,0
rough_R0_ground_s0p20,13,5386,4,0,7,0,0,1,0,3.93314049617,0
rough_R0_ground_s0p20,11,6821,1,0,5,0,0,1,0,5.97918852457,0
rough_R0_ground_s0p20,9,6720,9,1,11,0,0,1,0,6.46160739624,0
rough_R0_ground_s0p20,9,6715,4,0,20,0,0,1,0,5.81064191206,0
rough_R0_ground_s0p20,9,6710,8,1,14,0,0,1,0,4.03014012023,0
rough_R0_ground_s0p20,0,5378,10,1,16,0,0,1,0,3.29302746602,0
rough_R0_ground_s0p20,3,6108,9,1,8,0,0,1,0,3.75669621833,0
rough_R0_ground_s0p20,3,6101,11,1,18,0,0,1,0,3.22369526938,0
rough_R0_ground_s0p20,13,5338,9,1,9,0,0,1,0,3.68078402933,0
rough_R0_ground_s0p20,12,4399,8,1,25,0,0,1,0,4.19296219995,0
rough_R0_ground_s0p20,5,6889,9,1,18,0,0,1,0,3.60590932526,0
rough_R0_ground_s0p20,14,5082,4,0,12,0,0,1,0,3.86421733885,0
rough_R0_ground_s0p20,4,6896,2,0,15,0,0,1,0,3.00239610526,0
rough_R0_ground_s0p20,7,5997,10,1,16,0,0,1,0,4.48124488805,0
rough_R0_ground_s0p20,1,7773,5,0,12,0,0,1,0,6.64367357231,0
rough_R0_ground_s0p20,3,6071,3,0,3,0,0,1,0,6.38409070451,0
rough_R0_ground_s0p20,0,5335,13,1,12,0,0,1,0,4.32836693503,0
rough_R0_ground_s0p20,9,6651,3,0,12,0,0,1,0,5.7740951291,0
rough_R0_ground_s0p20,6,4614,2,0,1,0,0,1,0,3.78285968156,0
rough_R0_ground_s0p20,11,6732,10,1,12,0,0,1,0,7.49039250953,0
rough_R0_ground_s0p20,11,6713,5,0,5,0,0,1,0,8.40779168094,0
rough_R0_ground_s0p20,6,4598,4,0,8,0,0,1,0,3.90728484117,0
rough_R0_ground_s0p20,9,6603,0,0,14,0,0,1,0,4.19514830305,0
rough_R0_ground_s0p20,3,6011,15,1,0,0,0,1,0,5.2351889672,0
rough_R0_ground_s0p20,9,6584,9,1,5,0,0,1,0,3.78741805999,0
rough_R0_ground_s0p20,10,6777,1,0,17,0,0,1,0,3.16865948438,0
rough_R0_ground_s0p20,1,7681,14,1,13,0,0,1,0,10.3946529682,0
rough_R0_ground_s0p20,8,4043,7,0,16,0,0,1,0,3.25990507337,0
rough_R0_ground_s0p20,6,4530,12,1,15,0,0,1,0,3.22691301326,0
rough_R0_ground_s0p20,12,7230,14,1,6,0,1,1,0,4.27510600197,0
rough_R0_ground_s0p20,13,5204,11,1,14,0,0,1,0,7.64100317196,0
rough_R0_ground_s0p20,4,6778,4,0,23,0,0,1,0,6.30374217885,0
rough_R0_ground_s0p20,5,6753,1,0,13,0,0,1,0,3.17151170534,0
rough_R0_ground_s0p20,4,6770,15,1,12,0,0,1,0,5.43074850723,0
rough_R0_ground_s0p20,7,5849,6,0,14,0,0,1,0,4.14730301518,0
rough_R0_ground_s0p20,1,7627,10,1,14,0,0,1,0,3.44816631911,0
rough_R0_ground_s0p20,4,6752,8,1,5,0,0,1,0,4.20816731227,0
rough_R0_ground_s0p20,10,6713,0,0,6,0,0,1,0,4.73411849769,0
rough_R0_ground_s0p20,5,6704,4,0,23,0,0,1,0,11.1527173309,0
rough_R0_ground_s0p20,14,4911,6,0,13,0,0,1,0,3.09795527673,0
rough_R0_ground_s0p20,5,6698,5,0,14,0,0,1,0,4.5927016731,0
rough_R0_ground_s0p20,3,5910,0,0,29,0,0,1,0,5.31033939923,0
rough_R0_ground_s0p20,15,7363,1,0,7,0,0,1,0,3.32075904762,0
rough_R0_ground_s0p20,11,6558,8,1,18,0,0,1,0,3.214533397,0
rough_R0_ground_s0p20,12,7158,8,1,10,0,0,1,0,3.65112896031,0
rough_R0_ground_s0p20,5,6682,7,0,8,0,1,1,0,4.88071535984,0
rough_R0_ground_s0p20,3,5840,0,0,15,0,0,1,0,5.56586705541,0
rough_R0_ground_s0p20,8,7492,9,1,16,0,0,1,0,4.4648915548,0
rough_R0_ground_s0p20,6,7449,15,1,14,0,0,1,0,12.2507505163,0
rough_R0_ground_s0p20,5,6617,10,1,18,0,0,1,0,4.92743482885,0
rough_R0_ground_s0p20,0,5070,12,1,7,0,0,1,0,5.15274902925,0
rough_R0_ground_s0p20,13,5036,8,1,9,0,0,1,0,3.92520983292,0
rough_R0_ground_s0p20,11,6479,11,1,12,0,0,1,0,3.44407285842,0
rough_R0_ground_s0p20,14,4810,11,1,10,0,0,1,0,4.23612678163,0
rough_R0_ground_s0p20,14,4770,4,0,12,0,0,1,0,4.93168143126,0
rough_R0_ground_s0p20,11,6443,11,1,36,0,0,1,0,4.77413055497,0
rough_R0_ground_s0p20,6,7402,1,0,10,0,0,1,0,5.70424492241,0
rough_R0_ground_s0p20,6,7398,13,1,7,0,0,1,0,5.04062482622,0
rough_R0_ground_s0p20,7,5678,9,1,7,0,0,1,0,3.19950438433,0
rough_R0_ground_s0p20,1,7487,14,1,18,0,0,1,0,4.57157569167,0
rough_R0_ground_s0p20,0,5014,1,0,6,0,0,1,0,6.21280922526,0
rough_R0_ground_s0p20,5,6565,13,1,13,0,0,1,0,12.5839892047,0
rough_R0_ground_s0p20,9,6321,7,0,0,0,0,1,0,2.74842257326,0
rough_R0_ground_s0p20,13,4981,13,1,11,0,0,1,0,8.52347873496,0
rough_R0_ground_s0p20,10,6539,15,1,5,0,0,1,0,4.08792572717,0
rough_R0_ground_s0p20,0,4991,12,1,12,0,0,1,0,4.50100766424,0
rough_R0_ground_s0p20,11,6403,5,0,13,0,0,1,0,7.70797717924,0
rough_R0_ground_s0p20,1,7459,15,1,14,0,0,1,0,5.77789911466,0
rough_R0_ground_s0p20,3,5745,15,1,1,0,0,1,0,3.59773898143,0
rough_R0_ground_s0p20,1,7455,15,1,21,0,0,1,0,6.2621953215,0
rough_R0_ground_s0p20,1,7793,15,1,0,0,0,0,0,8.08472789351,0
rough_R0_ground_s0p20,2,7557,7,0,0,0,0,1,0,6.68331887339,0
rough_R0_ground_s0p20,15,7203,4,0,20,0,0,1,0,12.2201683253,0
rough_R0_ground_s0p20,10,6513,3,0,1,0,0,1,0,4.88213173917,0
rough_R0_ground_s0p20,11,6382,7,0,17,0,0,1,0,4.66757850417,0
rough_R0_ground_s0p20,15,7201,1,0,10,0,0,1,0,3.80528739099,0
rough_R0_ground_s0p20,9,6287,4,0,20,0,0,1,0,3.58854268618,0
rough_R0_ground_s0p20,10,6500,1,0,4,0,0,1,0,4.20720996548,0
rough_R0_ground_s0p20,8,7347,15,1,8,0,0,1,0,6.28888386116,0
rough_R0_ground_s0p20,11,6356,9,1,13,0,0,1,0,4.58765076001,0
rough_R0_ground_s0p20,8,7338,11,1,19,0,0,1,0,4.39762875742,0
rough_R0_ground_s0p20,2,7511,8,1,15,0,0,1,0,4.17255459586,0
rough_R0_ground_s0p20,14,8047,7,0,2,0,0,1,0,3.97504058212,0
rough_R0_ground_s0p20,11,6323,13,1,12,0,0,1,0,6.29633683101,0
rough_R0_ground_s0p20,5,6461,3,0,7,0,0,1,0,6.43622571494,0
rough_R0_ground_s0p20,15,7143,5,0,53,0,0,1,0,4.69112842104,0
rough_R0_ground_s0p20,15,7141,0,0,13,0,0,1,0,3.1962686511,0
rough_R0_ground_s0p20,12,6870,6,0,2,0,0,1,0,4.07179671671,0
rough_R0_ground_s0p20,1,7351,15,1,10,0,0,1,0,5.96398730618,0
rough_R0_ground_s0p20,7,5521,0,0,22,0,0,1,0,5.70557718115,0
rough_R0_ground_s0p20,12,6834,1,0,4,0,0,1,0,8.26861366055,0
rough_R0_ground_s0p20,7,5484,13,1,3,0,0,1,0,4.59946935622,0
rough_R0_ground_s0p20,9,6153,10,1,11,0,0,1,0,4.74389714525,0
rough_R0_ground_s0p20,14,7933,10,1,0,0,0,1,0,7.30792778004,0
rough_R0_ground_s0p20,3,5616,6,0,7,0,0,1,0,3.71308889659,0
rough_R0_ground_s0p20,13,7391,7,0,20,0,0,1,0,10.911541559,0
rough_R0_ground_s0p20,15,7040,0,0,8,0,0,1,0,4.66154307948,0
rough_R0_ground_s0p20,11,6178,3,0,9,0,0,1,0,3.11880033203,0
rough_R0_ground_s0p20,4,6337,10,1,19,0,0,1,0,3.70669578308,0
rough_R0_ground_s0p20,8,7160,1,0,12,0,0,1,0,4.29118714158,0
rough_R0_ground_s0p20,2,7344,13,1,15,0,0,1,0,6.15599170675,0
rough_R0_ground_s0p20,3,5536,3,0,14,0,0,1,0,5.72195318046,0
rough_R0_ground_s0p20,8,7149,3,0,21,0,0,1,0,7.79499258164,0
rough_R0_ground_s0p20,0,4702,10,1,25,0,0,1,0,2.90866090805,0
rough_R0_ground_s0p20,5,6278,3,0,7,0,0,1,0,4.97589650219,0
rough_R0_ground_s0p20,13,7305,4,0,10,0,0,1,0,6.1376577403,0
rough_R0_ground_s0p20,5,6273,0,0,13,0,0,1,0,3.8067122402,0
rough_R0_ground_s0p20,4,6296,7,0,10,0,0,1,0,7.08012605971,0
rough_R0_ground_s0p20,15,6959,8,1,12,0,0,1,0,3.96398444978,0
rough_R0_ground_s0p20,9,6030,0,0,2,0,0,1,0,3.75116514277,0
rough_R0_ground_s0p20,2,7283,2,0,3,0,0,1,0,7.27267183484,0
rough_R0_ground_s0p20,1,7202,14,1,22,0,0,1,0,3.42071545261,0
rough_R0_ground_s0p20,3,5459,3,0,4,0,0,1,0,3.56825155814,0
rough_R0_ground_s0p20,13,7239,0,0,13,0,0,1,0,5.89952640068,0
rough_R0_ground_s0p20,13,7228,0,0,12,0,0,1,0,6.85393583303,0
rough_R0_ground_s0p20,1,7170,8,1,23,0,0,1,0,9.14025069015,0
rough_R0_ground_s0p20,7,5292,10,1,2,0,0,1,0,5.37712681901,0
rough_R0_ground_s0p20,4,6216,5,0,8,0,0,1,0,4.9733213969,0
rough_R0_ground_s0p20,9,5966,15,1,11,0,0,1,0,4.81492516822,0
rough_R0_ground_s0p20,8,7044,9,1,30,0,0,1,0,5.67128188243,0
rough_R0_ground_s0p20,4,6196,8,1,25,0,0,1,0,3.5957839504,0
rough_R0_ground_s0p20,15,6838,10,1,8,0,0,1,0,6.53196508362,0
rough_R0_ground_s0p20,0,8809,15,1,5,0,0,1,0,7.26076051549,0
rough_R0_ground_s0p20,3,5368,11,1,0,0,0,1,0,4.22401663831,0
rough_R0_ground_s0p20,4,6153,11,1,9,0,0,1,0,5.99507422076,0
rough_R0_ground_s0p20,14,7685,14,1,11,0,0,1,0,3.6467076043,0
rough_R0_ground_s0p20,0,8760,15,1,6,0,0,1,0,3.75156260212,0
rough_R0_ground_s0p20,9,5900,5,0,22,0,0,1,0,4.79679171306,0
rough_R0_ground_s0p20,10,6091,15,1,0,0,0,1,0,3.80080343466,0
rough_R0_ground_s0p20,7,5182,12,1,14,0,0,1,0,2.72699943919,0
rough_R0_ground_s0p20,14,7678,14,1,1,0,0,1,0,5.68415105635,0
rough_R0_ground_s0p20,10,6086,2,0,31,0,0,1,0,3.95944286328,0
rough_R0_ground_s0p20,8,6948,15,1,17,0,0,1,0,4.20289200904,0
rough_R0_ground_s0p20,13,7082,12,1,5,0,0,1,0,3.15262388824,0
rough_R0_ground_s0p20,2,7126,3,0,8,0,0,1,0,4.51714150623,0
rough_R0_ground_s0p20,6,6883,7,0,24,0,0,1,0,4.39333258508,0
rough_R0_ground_s0p20,8,6929,11,1,4,0,0,1,0,3.86807279923,0
rough_R0_ground_s0p20,7,9517,5,0,3,0,0,1,0,3.35355373276,0
rough_R0_ground_s0p20,5,6073,3,0,7,0,0,1,0,8.94772030142,0
rough_R0_ground_s0p20,9,5850,0,0,6,0,0,1,0,3.62224904904,0
rough_R0_ground_s0p20,5,6050,15,1,12,0,0,1,0,4.51597695684,0
rough_R0_ground_s0p20,5,6046,13,1,10,0,0,1,0,6.57812728406,0
rough_R0_ground_s0p20,5,6040,5,0,10,0,1,1,0,3.22395142911,0
rough_R0_ground_s0p20,11,5831,9,1,16,0,0,1,0,5.28333507011,0
rough_R0_ground_s0p20,6,6811,10,1,0,0,0,1,0,4.46742985551,0
rough_R0_ground_s0p20,8,6864,7,0,5,0,0,1,0,6.00649579885,0
rough_R0_ground_s0p20,7,9464,5,0,16,0,0,1,0,8.38480518298,0
rough_R0_ground_s0p20,3,5200,3,0,26,0,0,1,0,6.30989979884,0
rough_R0_ground_s0p20,12,6371,7,0,19,0,0,1,0,3.94335308661,0
rough_R0_ground_s0p20,14,7542,4,0,11,0,0,1,0,3.80539661597,0
rough_R0_ground_s0p20,2,7021,5,0,12,0,0,1,0,8.28003702371,0
rough_R0_ground_s0p20,9,5740,11,1,3,0,0,1,0,11.3099162637,0
rough_R0_ground_s0p20,0,8595,9,1,4,0,0,1,0,5.95966673091,0
rough_R0_ground_s0p20,9,5737,0,0,26,0,0,1,0,9.86903495802,0
rough_R0_ground_s0p20,11,5752,12,1,32,0,0,1,0,5.70423663997,0
rough_R0_ground_s0p20,10,5910,13,1,19,0,0,1,0,3.87209136429,0
rough_R0_ground_s0p20,11,5740,3,0,10,0,0,1,0,4.37180416776,0
rough_R0_ground_s0p20,7,9368,1,0,6,0,0,1,0,3.79923154751,0
rough_R0_ground_s0p20,8,6750,15,1,7,0,0,1,0,3.38427703372,0
rough_R0_ground_s0p20,4,5941,1,0,5,0,0,1,0,4.78909835385,0
rough_R0_ground_s0p20,15,6548,4,0,5,0,0,1,0,4.0733020902,0
rough_R0_ground_s0p20,10,5843,14,1,4,0,0,1,0,3.14566720318,0
rough_R0_ground_s0p20,6,6623,2,0,8,0,0,1,0,2.96728405002,0
rough_R0_ground_s0p20,1,6786,0,0,23,0,0,1,0,3.29658302945,0
rough_R0_ground_s0p20,2,6880,15,1,5,0,0,1,0,5.65303067151,0
rough_R0_ground_s0p20,6,6614,11,1,28,0,0,1,0,8.11434707228,0
rough_R0_ground_s0p20,15,6519,12,1,12,0,0,1,0,5.88158920376,0
rough_R0_ground_s0p20,7,9302,0,0,19,0,0,1,0,4.78368947317,0
rough_R0_ground_s0p20,9,5602,7,0,5,0,0,1,0,2.64258225208,0
rough_R0_ground_s0p20,14,7395,7,0,17,0,0,1,0,4.43680545931,0
rough_R0_ground_s0p20,13,6808,9,1,30,0,0,1,0,4.69623515897,0
rough_R0_ground_s0p20,9,5576,1,0,8,0,0,1,0,2.77579996909,0
rough_R0_ground_s0p20,15,6486,10,1,28,0,0,1,0,4.4039315873,0
rough_R0_ground_s0p20,12,6188,7,0,12,0,0,1,0,6.33486453593,0
rough_R0_ground_s0p20,8,6641,9,1,16,0,0,1,0,5.47501286527,0
rough_R0_ground_s0p20,10,5786,10,1,8,0,0,1,0,3.04699513439,0
rough_R0_ground_s0p20,6,6546,13,1,13,0,0,1,0,4.98570223551,0
rough_R0_ground_s0p20,3,8265,1,0,11,0,0,1,0,4.31115321423,0
rough_R0_ground_s0p20,12,6162,14,1,11,0,0,1,0,10.0703500384,0
rough_R0_ground_s0p20,10,5757,10,1,0,0,0,1,0,10.4911841737,0
rough_R0_ground_s0p20,5,5719,1,0,19,0,0,1,0,11.8506828946,0
rough_R0_ground_s0p20,0,8381,10,1,3,0,0,1,0,3.07263260445,0
rough_R0_ground_s0p20,14,7313,10,1,13,0,0,1,0,5.70568315646,0
rough_R0_ground_s0p20,6,6493,7,0,1,0,0,1,0,4.85018469466,0
rough_R0_ground_s0p20,1,6644,1,0,10,0,0,1,0,6.36563187022,0
rough_R0_ground_s0p20,5,5676,4,0,16,0,0,1,0,5.21918485879,0
rough_R0_ground_s0p20,5,5672,0,0,14,0,0,1,0,7.90936264082,0
rough_R0_ground_s0p20,0,8320,0,0,20,0,0,1,0,6.75819770523,0
rough_R0_ground_s0p20,8,6545,6,0,5,0,0,1,0,3.89281296486,0
rough_R0_ground_s0p20,1,6624,7,0,15,0,0,1,0,3.73399414053,0
rough_R0_ground_s0p20,14,7251,5,0,25,0,0,1,0,4.15043554528,0
rough_R0_ground_s0p20,3,8135,4,0,7,0,0,1,0,3.33469945295,0
rough_R0_ground_s0p20,0,8258,12,1,3,0,0,1,0,3.64088057436,0
rough_R0_ground_s0p20,6,6409,3,0,2,0,0,1,0,3.4340832657,0
rough_R0_ground_s0p20,14,7199,10,1,5,0,0,1,0,3.38023606307,0
rough_R0_ground_s0p20,14,7196,9,1,14,0,0,1,0,5.14515484342,0
rough_R0_ground_s0p20,15,6276,1,0,9,0,0,1,0,3.62872830512,0
rough_R0_ground_s0p20,9,8025,0,0,10,0,0,1,0,4.1265226281,0
rough_R0_ground_s0p20,15,6270,4,0,11,0,0,1,0,3.77789098249,0
rough_R0_ground_s0p20,11,5400,3,0,13,0,0,1,0,4.16667443322,0
rough_R0_ground_s0p20,6,6371,14,1,0,0,0,1,0,3.48652386932,0
rough_R0_ground_s0p20,3,8033,0,0,8,0,0,1,0,4.01510903081,0
rough_R0_ground_s0p20,7,9018,0,0,3,0,0,1,0,4.31745143898,0
rough_R0_ground_s0p20,1,6505,5,0,16,0,0,1,0,5.49089200344,0
rough_R0_ground_s0p20,2,6571,13,1,7,0,0,1,0,5.91464205532,0
rough_R0_ground_s0p20,6,6338,8,1,5,0,0,1,0,3.17511897412,0
rough_R0_ground_s0p20,13,6521,3,0,14,0,0,1,0,5.62449803279,0
rough_R0_ground_s0p20,2,6550,1,0,9,0,0,1,0,4.24377409125,0
rough_R0_ground_s0p20,14,7109,0,0,14,0,0,1,0,4.91757634924,0
rough_R0_ground_s0p20,2,6544,5,0,15,0,0,1,0,4.32581251807,0
rough_R0_ground_s0p20,8,6397,12,1,27,0,0,1,0,8.34080167078,0
rough_R0_ground_s0p20,8,7567,12,1,0,0,0,0,0,9.04597327402,0
rough_R0_ground_s0p20,9,7960,12,1,9,0,0,1,0,4.2164585788,0
rough_R0_ground_s0p20,7,8967,15,1,14,0,0,1,0,5.26124323219,0
rough_R0_ground_s0p20,13,6485,3,0,20,0,0,1,0,5.63602904766,0
rough_R0_ground_s0p20,14,7057,14,1,7,0,0,1,0,6.8084119406,0
rough_R0_ground_s0p20,0,8138,1,0,6,0,0,1,0,5.96433973853,0
rough_R0_ground_s0p20,10,9357,2,0,15,0,0,1,0,6.11921559001,0
rough_R0_ground_s0p20,10,9355,7,0,14,0,0,1,0,5.20890022867,0
rough_R0_ground_s0p20,0,8115,8,1,23,0,0,1,0,3.54232867517,0
rough_R0_ground_s0p20,10,9338,3,0,6,0,0,1,0,3.17109803251,0
rough_R0_ground_s0p20,1,6409,1,0,13,0,0,1,0,8.8934702826,0
rough_R0_ground_s0p20,14,7022,14,1,8,0,0,1,0,7.03246278337,0
rough_R0_ground_s0p20,3,7914,0,0,8,0,0,1,0,4.48745895447,0
rough_R0_ground_s0p20,3,7909,15,1,12,0,0,1,0,4.78691241383,0
rough_R0_ground_s0p20,14,7005,3,0,11,0,0,1,0,3.87488651072,0
rough_R0_ground_s0p20,8,6320,0,0,3,0,0,1,0,6.73294154312,0
rough_R0_ground_s0p20,7,8898,14,1,10,0,0,1,0,6.30535712292,0
rough_R0_ground_s0p20,10,9304,9,1,16,0,0,1,0,5.41827071239,0
rough_R0_ground_s0p20,4,9186,1,0,6,0,0,1,0,6.21180128851,0
rough_R0_ground_s0p20,1,6360,2,0,13,0,0,1,0,4.71321673924,0
rough_R0_ground_s0p20,4,9169,0,0,18,0,0,1,0,4.32095464246,0
rough_R0_ground_s0p20,1,6353,11,1,18,0,0,1,0,5.60547640039,0
rough_R0_ground_s0p20,11,5214,7,0,12,0,0,1,0,6.92731830407,0
rough_R0_ground_s0p20,6,6194,0,0,17,0,0,1,0,4.85147686832,0
rough_R0_ground_s0p20,11,5212,11,1,11,0,0,1,0,5.77421926716,0
rough_R0_ground_s0p20,2,6439,6,0,17,0,0,1,0,3.60926800787,0
rough_R0_ground_s0p20,15,6078,1,0,26,0,0,1,0,5.76845541512,0
rough_R0_ground_s0p20,11,5209,7,0,18,0,0,1,0,4.54910014222,0
rough_R0_ground_s0p20,2,6434,10,1,19,0,0,1,0,4.94111250148,0
rough_R0_ground_s0p20,0,8042,10,1,18,0,0,1,0,4.96516390836,0
rough_R0_ground_s0p20,3,7847,1,0,2,0,0,1,0,4.28740812777,0
rough_R0_ground_s0p20,12,8629,10,1,13,0,0,1,0,3.13382816709,0
rough_R0_ground_s0p20,15,6051,15,1,22,0,0,1,0,3.77254997453,0
rough_R0_ground_s0p20,1,6303,4,0,11,0,0,1,0,4.05478578946,0
rough_R0_ground_s0p20,1,7796,4,0,0,0,0,0,0,5.04086550869,0
rough_R0_ground_s0p20,2,6395,0,0,2,0,0,1,0,6.19565890784,0
rough_R0_ground_s0p20,10,9231,14,1,13,0,0,1,0,6.98641467455,0
rough_R0_ground_s0p20,7,8806,2,0,16,0,0,1,0,4.91813716852,0
rough_R0_ground_s0p20,1,6290,8,1,12,0,0,1,0,3.60569970554,0
rough_R0_ground_s0p20,1,6280,2,0,22,0,0,1,0,6.53499235334,0
rough_R0_ground_s0p20,2,6376,13,1,10,0,0,1,0,3.26994496518,0
rough_R0_ground_s0p20,4,9097,1,0,5,0,0,1,0,5.23457861324,0
rough_R0_ground_s0p20,1,6252,7,0,7,0,0,1,0,6.31351485476,0
rough_R0_ground_s0p20,12,8547,3,0,15,0,0,1,0,4.44798305009,0
rough_R0_ground_s0p20,4,9054,13,1,19,0,0,1,0,4.06761231096,0
rough_R0_ground_s0p20,5,8187,8,1,9,0,0,1,0,3.61155849699,0
rough_R0_ground_s0p20,4,9024,3,0,16,0,0,1,0,8.26574510595,0
rough_R0_ground_s0p20,3,7723,14,1,1,0,0,1,0,7.19099868799,0
rough_R0_ground_s0p20,12,8517,3,0,7,0,0,1,0,4.23911717947,0
rough_R0_ground_s0p20,1,6198,8,1,19,0,0,1,0,6.10040306969,0
rough_R0_ground_s0p20,8,6141,2,0,13,0,0,1,0,5.16793269754,0
rough_R0_ground_s0p20,4,9006,9,1,4,0,0,1,0,4.65325359724,0
rough_R0_ground_s0p20,7,8691,15,1,9,0,0,1,0,3.88712488368,0
rough_R0_ground_s0p20,8,6128,2,0,17,0,0,1,0,4.25201199532,0
rough_R0_ground_s0p20,0,7878,10,1,7,0,0,1,0,6.6324480224,0
rough_R0_ground_s0p20,13,8994,3,0,12,0,0,1,0,4.53498793373,0
rough_R0_ground_s0p20,13,9225,3,0,0,0,0,0,0,7.8076233716,0
rough_R0_ground_s0p20,15,8810,1,0,14,0,0,1,0,3.79729159418,0
rough_R0_ground_s0p20,3,7669,8,1,18,0,0,1,0,4.88336431775,0
rough_R0_ground_s0p20,2,6253,10,1,4,0,0,1,0,9.26579154959,0
rough_R0_ground_s0p20,7,8662,1,0,22,0,0,1,0,5.98447632406,0
rough_R0_ground_s0p20,10,9099,13,1,12,0,0,1,0,3.93072533604,0
rough_R0_ground_s0p20,13,8935,13,1,10,0,0,1,0,9.29298452296,0
rough_R0_ground_s0p20,10,9087,7,0,1,0,0,1,0,6.00249468189,0
rough_R0_ground_s0p20,15,8756,6,0,5,0,0,1,0,3.58474418949,0
rough_R0_ground_s0p20,1,6129,7,0,5,0,0,1,0,12.0075570578,0
rough_R0_ground_s0p20,0,7835,4,0,0,0,0,1,0,5.85275316123,0
rough_R0_ground_s0p20,10,9064,15,1,9,0,0,1,0,7.50361005431,0
rough_R0_ground_s0p20,7,8618,2,0,13,0,0,1,0,6.33154617022,0
rough_R0_ground_s0p20,9,7586,3,0,17,0,0,1,0,7.64283541294,0
rough_R0_ground_s0p20,6,9034,11,1,11,0,0,1,0,4.50163868226,0
rough_R0_ground_s0p20,0,7778,3,0,6,0,0,1,0,5.93770084828,0
rough_R0_ground_s0p20,13,8867,9,1,5,0,0,1,0,4.78524666616,0
rough_R0_ground_s0p20,7,8588,10,1,27,0,0,1,0,6.75922135971,0
rough_R0_ground_s0p20,10,9010,8,1,27,0,0,1,0,6.81101160707,0
rough_R0_ground_s0p20,6,9022,8,1,23,0,0,1,0,4.86805685319,0
rough_R0_ground_s0p20,6,9145,8,1,0,0,0,0,0,6.6570043147,0
rough_R0_ground_s0p20,13,8848,8,1,15,0,0,1,0,8.63580818807,0
rough_R0_ground_s0p20,0,7753,4,0,9,0,0,1,0,6.61748112754,0
rough_R0_ground_s0p20,2,6134,14,1,16,0,0,1,0,6.0556337348,0
rough_R0_ground_s0p20,0,7742,1,0,20,0,0,1,0,6.93080300343,0
rough_R0_ground_s0p20,14,6637,6,0,19,0,0,1,0,6.07741743274,0
rough_R0_ground_s0p20,10,8963,4,0,11,0,0,1,0,3.14070778603,0
rough_R0_ground_s0p20,13,8805,3,0,4,0,0,1,0,5.11920497673,0
rough_R0_ground_s0p20,12,8250,13,1,15,0,0,1,0,11.1945441626,0
rough_R0_ground_s0p20,3,7526,6,0,16,0,0,1,0,5.29013677772,0
rough_R0_ground_s0p20,13,8792,5,0,7,0,0,1,0,5.41898384689,0
rough_R0_ground_s0p20,0,7687,13,1,9,0,0,1,0,6.35793385286,0
rough_R0_ground_s0p20,1,5946,11,1,6,0,0,1,0,2.66899114022,0
rough_R0_ground_s0p20,4,8766,3,0,5,0,0,1,0,4.73332977055,0
rough_R0_ground_s0p20,15,8569,7,0,26,0,0,1,0,4.7056703237,0
rough_R0_ground_s0p20,12,8214,3,0,7,0,0,1,0,4.57157539023,0
rough_R0_ground_s0p20,13,8759,12,1,17,0,0,1,0,4.90526794714,0
rough_R0_ground_s0p20,10,8912,1,0,16,0,0,1,0,3.15734254181,0
rough_R0_ground_s0p20,9,7449,14,1,14,0,0,1,0,3.2288171336,0
rough_R0_ground_s0p20,10,8901,2,0,12,0,0,1,0,4.87674000256,0
rough_R0_ground_s0p20,12,8173,8,1,6,0,0,1,0,3.87073662223,0
rough_R0_ground_s0p20,12,8167,6,0,2,0,0,1,0,3.3013504816,0
rough_R0_ground_s0p20,0,7618,3,0,33,0,0,1,0,5.41423346059,0
rough_R0_ground_s0p20,2,5967,4,0,1,0,0,1,0,4.63942962094,0
rough_R0_ground_s0p20,14,6509,7,0,9,0,0,1,0,3.93919315666,0
rough_R0_ground_s0p20,9,7381,4,0,14,0,0,1,0,3.50000727204,0
rough_R0_ground_s0p20,13,8688,5,0,11,0,0,1,0,4.41356878556,0
rough_R0_ground_s0p20,2,5941,7,0,2,0,0,1,0,5.22236317494,0
rough_R0_ground_s0p20,2,5938,6,0,7,0,0,1,0,5.66721332715,0
rough_R0_ground_s0p20,5,7799,4,0,20,0,0,1,0,3.50135862618,0
rough_R0_ground_s0p20,9,8245,8,1,7,0,0,1,0,5.02079046691,0
rough_R0_ground_s0p20,13,8678,1,0,24,0,0,1,0,5.52285878514,0
rough_R0_ground_s0p20,6,8845,5,0,13,0,0,1,0,3.80942142844,0
rough_R0_ground_s0p20,0,7583,8,1,23,0,0,1,0,5.76124549672,0
rough_R0_ground_s0p20,2,5915,4,0,15,0,0,1,0,3.36034015462,0
rough_R0_ground_s0p20,1,9373,1,0,23,0,0,1,0,2.95822117009,0
rough_R0_ground_s0p20,14,6455,5,0,17,0,0,1,0,5.58202317587,0
rough_R0_ground_s0p20,9,7324,6,0,27,0,0,1,0,7.79311667734,0
rough_R0_ground_s0p20,4,8620,5,0,15,0,0,1,0,4.02304854543,0
rough_R0_ground_s0p20,15,8420,1,0,5,0,0,1,0,15.2884595684,0
rough_R0_ground_s0p20,8,8901,11,1,14,0,0,1,0,6.2238727266,0
rough_R0_ground_s0p20,0,7545,9,1,9,0,0,1,0,8.86467751647,0
rough_R0_ground_s0p20,8,8890,11,1,20,0,0,1,0,3.99982642663,0
rough_R0_ground_s0p20,13,8626,5,0,7,0,0,1,0,5.35288529273,0
rough_R0_ground_s0p20,11,8810,3,0,9,0,0,1,0,7.39341663119,0
rough_R0_ground_s0p20,14,6432,3,0,10,0,0,1,0,3.129529496,0
rough_R0_ground_s0p20,6,8795,10,1,0,0,0,1,0,5.05875526254,0
rough_R0_ground_s0p20,4,8592,8,1,20,0,0,1,0,3.15468567177,0
rough_R0_ground_s0p20,4,9225,8,1,0,0,0,0,0,5.58399939645,0
rough_R0_ground_s0p20,2,5880,7,0,7,0,0,1,0,2.65599973672,0
rough_R0_ground_s0p20,6,8785,1,0,22,0,0,1,0,4.67033106405,0
rough_R0_ground_s0p20,8,8863,9,1,3,0,0,1,0,3.04862164501,0
rough_R0_ground_s0p20,9,7283,4,0,14,0,0,1,0,4.52244619937,0
rough_R0_ground_s0p20,12,8034,9,1,9,0,0,1,0,4.64655546016,0
rough_R0_ground_s0p20,6,8772,8,1,7,0,0,1,0,3.6894552246,0
rough_R0_ground_s0p20,6,8759,7,0,7,0,0,1,0,3.70721894035,0
rough_R0_ground_s0p20,12,8021,6,0,8,0,0,1,0,11.3502457934,0
rough_R0_ground_s0p20,6,8742,3,0,15,0,0,1,0,4.98411770106,0
rough_R0_ground_s0p20,8,8822,3,0,15,0,0,1,0,4.18088428936,0
rough_R0_ground_s0p20,14,6349,3,0,28,0,0,1,0,9.67401757322,0
rough_R0_ground_s0p20,2,10787,11,1,5,0,0,1,0,4.59687940902,0
rough_R0_ground_s0p20,6,8689,2,0,3,0,0,1,0,5.32648026811,0
rough_R0_ground_s0p20,12,7959,8,1,8,0,0,1,0,4.65695045003,0
rough_R0_ground_s0p20,2,10744,11,1,13,0,1,1,0,5.15161623623,0
rough_R0_ground_s0p20,11,8661,14,1,3,0,0,1,0,4.04084312824,0
rough_R0_ground_s0p20,15,8271,14,1,12,0,0,1,0,3.70980971468,0
rough_R0_ground_s0p20,3,7207,8,1,17,0,0,1,0,3.46143414991,0
rough_R0_ground_s0p20,12,7929,1,0,16,0,0,1,0,3.43453863105,0
rough_R0_ground_s0p20,0,7386,14,1,11,0,0,1,0,3.39000005693,0
rough_R0_ground_s0p20,11,8625,10,1,23,0,0,1,0,6.31214990633,0
rough_R0_ground_s0p20,3,7178,5,0,4,0,0,1,0,4.12105444614,0
rough_R0_ground_s0p20,5,7578,13,1,17,0,0,1,0,4.11449205419,0
rough_R0_ground_s0p20,8,8674,9,1,13,0,0,1,0,5.67530136988,0
rough_R0_ground_s0p20,6,8612,0,0,14,0,0,1,0,7.16289485444,0
rough_R0_ground_s0p20,1,9160,4,0,2,0,0,1,0,2.90029088209,0
rough_R0_ground_s0p20,0,7299,2,0,19,0,0,1,0,4.95317172958,0
rough_R0_ground_s0p20,1,9138,3,0,15,0,0,1,0,5.52948236752,0
rough_R0_ground_s0p20,4,8352,0,0,11,0,0,1,0,4.63798723938,0
rough_R0_ground_s0p20,11,8536,15,1,6,0,0,1,0,2.86824967522,0
rough_R0_ground_s0p20,3,7102,4,0,31,0,0,1,0,6.28432750477,0
rough_R0_ground_s0p20,2,10607,8,1,2,0,0,1,0,5.00559434824,0
rough_R0_ground_s0p20,15,8151,2,0,14,0,0,1,0,3.25543241242,0
rough_R0_ground_s0p20,2,10596,15,1,17,0,0,1,0,5.62077334917,0
rough_R0_ground_s0p20,2,10580,13,1,5,0,0,1,0,5.89866794049,0
rough_R0_ground_s0p20,7,8009,5,0,11,0,0,1,0,4.18995552005,0
rough_R0_ground_s0p20,15,8124,10,1,3,0,0,1,0,5.47291466156,0
rough_R0_ground_s0p20,6,8520,5,0,6,0,0,1,0,5.81652532031,0
rough_R0_ground_s0p20,6,8517,6,0,8,0,0,1,0,4.4081047172,0
rough_R0_ground_s0p20,4,8314,9,1,7,0,0,1,0,4.41119852023,0
rough_R0_ground_s0p20,11,8477,6,0,16,0,0,1,0,3.90472276434,0
rough_R0_ground_s0p20,15,8099,10,1,5,0,0,1,0,8.41628852685,0
rough_R0_ground_s0p20,12,7784,6,0,4,0,0,1,0,5.00213423026,0
rough_R0_ground_s0p20,3,7034,13,1,6,0,0,1,0,5.04602573691,0
rough_R0_ground_s0p20,7,7965,0,0,11,0,0,1,0,5.55572907334,0
rough_R0_ground_s0p20,0,8943,12,1,0,0,0,1,0,8.84046455186,0
rough_R0_ground_s0p20,5,7433,6,0,10,0,0,1,0,3.75091966533,0
rough_R0_ground_s0p20,6,8475,13,1,4,0,0,1,0,4.30380171665,0
rough_R0_ground_s0p20,1,9017,7,0,19,0,0,1,0,5.6573342839,0
rough_R0_ground_s0p20,0,7181,2,0,17,0,0,1,0,4.18051362319,0
rough_R0_ground_s0p20,7,7940,11,1,10,0,0,1,0,3.77400982544,0
rough_R0_ground_s0p20,1,8997,15,1,24,0,0,1,0,4.92813853899,0
rough_R0_ground_s0p20,6,8449,8,1,10,0,0,1,0,7.35911882357,0
rough_R0_ground_s0p20,14,9348,5,0,2,0,0,1,0,7.31277230667,0
rough_R0_ground_s0p20,12,7735,9,1,18,0,0,1,0,2.9847722904,0
rough_R0_ground_s0p20,12,7729,7,0,13,0,0,1,0,3.85369692074,0
rough_R0_ground_s0p20,9,8247,11,1,2,0,0,1,0,5.06308786072,0
rough_R0_ground_s0p20,13,8205,7,0,13,0,0,1,0,6.2153981475,0
rough_R0_ground_s0p20,7,7883,1,0,9,0,0,1,0,9.32873367578,0
rough_R0_ground_s0p20,11,8378,15,1,5,0,0,1,0,3.3315384083,0
rough_R0_ground_s0p20,0,7116,6,0,17,0,0,1,0,3.90579283052,0
rough_R0_ground_s0p20,4,8209,11,1,20,0,0,1,0,3.96423690075,0
rough_R0_ground_s0p20,2,10466,15,1,32,0,0,1,0,4.73462265442,0
rough_R0_ground_s0p20,8,8459,9,1,24,0,0,1,0,5.69421760874,0
rough_R0_ground_s0p20,11,8376,12,1,13,0,0,1,0,6.39221087752,0
rough_R0_ground_s0p20,13,8169,1,0,16,0,0,1,0,4.81387712063,0
rough_R0_ground_s0p20,6,8400,10,1,18,0,0,1,0,5.14499095661,0
rough_R0_ground_s0p20,13,8167,3,0,21,0,0,1,0,5.36666307322,0
rough_R0_ground_s0p20,14,9282,13,1,11,0,0,1,0,2.73053927414,0
rough_R0_ground_s0p20,5,7349,14,1,20,0,0,1,0,7.82971132433,0
rough_R0_ground_s0p20,0,7079,15,1,15,0,0,1,0,3.28693364043,0
rough_R0_ground_s0p20,10,8323,14,1,6,0,0,1,0,3.7232335743,0
rough_R0_ground_s0p20,12,7651,9,1,11,0,0,1,0,3.32404888696,0
rough_R0_ground_s0p20,2,10417,15,1,22,0,0,1,0,4.76360369565,0
rough_R0_ground_s0p20,5,7337,6,0,28,0,0,1,0,6.27579196303,0
rough_R0_ground_s0p20,1,8884,13,1,6,0,0,1,0,5.74078453041,0
rough_R0_ground_s0p20,12,7637,15,1,14,0,0,1,0,6.0214481406,0
rough_R0_ground_s0p20,0,7043,13,1,16,0,0,1,0,3.8266700617,0
rough_R0_ground_s0p20,0,7040,3,0,10,0,0,1,0,4.52752205463,0
rough_R0_ground_s0p20,6,8336,7,0,8,0,0,1,0,5.55304623885,0
rough_R0_ground_s0p20,8,8392,4,0,11,0,0,1,0,3.40841401884,0
rough_R0_ground_s0p20,12,7604,10,1,5,0,0,1,0,4.91333940075,0
rough_R0_ground_s0p20,6,8321,6,0,20,0,0,1,0,8.10175892721,0
rough_R0_ground_s0p20,6,8270,10,1,17,0,0,1,0,4.37273878472,0
rough_R0_ground_s0p20,3,10166,8,1,7,0,0,1,0,4.99987166604,0
rough_R0_ground_s0p20,2,10331,9,1,5,0,0,1,0,4.9371586531,0
rough_R0_ground_s0p20,4,8056,15,1,3,0,0,1,0,6.43442213631,0
rough_R0_ground_s0p20,9,9573,0,0,8,0,0,1,0,9.49142203469,0
rough_R0_ground_s0p20,2,10323,8,1,3,0,0,1,0,14.1694702902,0
rough_R0_ground_s0p20,8,8313,12,1,1,0,0,1,0,4.14452140731,0
rough_R0_ground_s0p20,5,7248,6,0,24,0,0,1,0,4.14205398599,0
rough_R0_ground_s0p20,2,10305,11,1,24,0,0,1,0,4.72277278121,0
rough_R0_ground_s0p20,13,8014,9,1,11,0,0,1,0,7.15215077601,0
rough_R0_ground_s0p20,9,9541,9,1,5,0,0,1,0,5.96988082872,0
rough_R0_ground_s0p20,1,8758,13,1,15,0,0,1,0,4.95332794906,0
rough_R0_ground_s0p20,3,10116,2,0,13,0,0,1,0,3.5648011376,0
rough_R0_ground_s0p20,8,8258,5,0,8,0,0,1,0,5.28389611948,0
rough_R0_ground_s0p20,14,9089,15,1,8,0,0,1,0,3.89665500192,0
rough_R0_ground_s0p20,13,7974,9,1,0,0,0,1,0,6.44962486836,0
rough_R0_ground_s0p20,3,10102,3,0,12,0,0,1,0,6.10053077451,0
rough_R0_ground_s0p20,12,7486,4,0,9,0,0,1,0,5.2810693342,0
rough_R0_ground_s0p20,1,8701,13,1,3,0,0,1,0,3.08684801445,0
rough_R0_ground_s0p20,12,7471,11,1,9,0,0,1,0,3.05036269838,0
rough_R0_ground_s0p20,7,7623,10,1,15,0,0,1,0,4.85324719221,0
rough_R0_ground_s0p20,14,9052,5,0,10,0,0,1,0,6.05756641812,0
rough_R0_ground_s0p20,6,8161,3,0,17,0,0,1,0,4.62832783413,0
rough_R0_ground_s0p20,11,8146,12,1,23,0,0,1,0,6.74810677482,0
rough_R0_ground_s0p20,15,7755,8,1,10,0,0,1,0,9.18736400518,0
rough_R0_ground_s0p20,10,8071,1,0,16,0,0,1,0,3.43172194847,0
rough_R0_ground_s0p20,5,7073,0,0,18,0,0,1,0,2.89518785152,0
rough_R0_ground_s0p20,9,9420,2,0,3,0,0,1,0,2.74628805076,0
rough_R0_ground_s0p20,1,8638,1,0,3,0,0,1,0,5.04338086768,0
rough_R0_ground_s0p20,15,7717,7,0,4,0,0,1,0,3.49631445375,0
rough_R0_ground_s0p20,4,7881,8,1,21,0,0,1,0,3.73028921503,0
rough_R0_ground_s0p20,3,9994,4,0,11,0,0,1,0,4.06152201044,0
rough_R0_ground_s0p20,12,7368,7,0,18,0,0,1,0,5.83013981975,0
rough_R0_ground_s0p20,6,8073,5,0,6,0,0,1,0,3.70313192175,0
rough_R0_ground_s0p20,1,8592,7,0,22,0,0,1,0,9.47941573698,0
rough_R0_ground_s0p20,11,8048,1,0,0,0,0,1,0,3.40904165856,0
rough_R0_ground_s0p20,2,10131,5,0,5,0,0,1,0,3.27271938595,0
rough_R0_ground_s0p20,3,9966,10,1,3,0,0,1,0,6.73885061903,0
rough_R0_ground_s0p20,5,9916,8,1,6,0,0,1,0,3.7936056692,0
rough_R0_ground_s0p20,3,9963,6,0,15,0,0,1,0,6.01655689727,0
rough_R0_ground_s0p20,7,7515,8,1,2,0,0,1,0,4.04728224253,0
rough_R0_ground_s0p20,10,7958,13,1,3,0,0,1,0,4.74295518454,0
rough_R0_ground_s0p20,10,9416,13,1,0,0,0,0,0,5.71657832298,0
rough_R0_ground_s0p20,5,9861,10,1,9,0,0,1,0,10.3193701639,0
rough_R0_ground_s0p20,14,8893,5,0,15,0,0,1,0,6.70325207028,0
rough_R0_ground_s0p20,15,7608,10,1,13,0,0,1,0,4.30545651219,0
rough_R0_ground_s0p20,7,7479,1,0,11,0,0,1,0,6.27592897162,0
rough_R0_ground_s0p20,3,9904,14,1,18,0,0,1,0,8.16776154435,0
rough_R0_ground_s0p20,14,8884,11,1,12,0,0,1,0,4.42643206468,0
rough_R0_ground_s0p20,14,8881,14,1,10,0,0,1,0,6.67814420548,0
rough_R0_ground_s0p20,12,10226,0,0,8,0,0,1,0,5.20376839528,0
rough_R0_ground_s0p20,6,7965,14,1,5,0,0,1,0,3.73557238959,0
rough_R0_ground_s0p20,8,8051,10,1,19,0,0,1,0,4.32641283985,0
rough_R0_ground_s0p20,5,9807,3,0,2,0,0,1,0,4.49204354158,0
rough_R0_ground_s0p20,10,7907,13,1,7,0,0,1,0,3.17435818884,0
rough_R0_ground_s0p20,4,7731,13,1,1,0,0,1,0,4.63531174252,0
rough_R0_ground_s0p20,3,9857,4,0,0,0,0,1,0,3.59703828521,0
rough_R0_ground_s0p20,7,7413,0,0,4,0,0,1,0,4.03510375037,0
rough_R0_ground_s0p20,13,7709,0,0,15,0,0,1,0,4.75090742012,0
rough_R0_ground_s0p20,7,7397,4,0,2,0,0,1,0,4.6523647927,0
rough_R0_ground_s0p20,10,7850,9,1,1,0,0,1,0,3.25893896895,0
rough_R0_ground_s0p20,12,10151,14,1,14,0,0,1,0,3.1512447386,0
rough_R0_ground_s0p20,11,7891,11,1,46,0,0,1,0,5.54360447477,0
rough_R0_ground_s0p20,4,7677,13,1,21,0,0,1,0,3.98402794371,0
rough_R0_ground_s0p20,4,7672,10,1,14,0,0,1,0,6.06578553513,0
rough_R0_ground_s0p20,15,10259,15,1,3,0,0,1,0,3.89513565434,0
rough_R0_ground_s0p20,8,7943,1,0,6,0,0,1,0,4.88280721852,0
rough_R0_ground_s0p20,6,7835,5,0,14,0,0,1,0,3.20839928392,0
rough_R0_ground_s0p20,3,9780,1,0,2,0,0,1,0,3.22664268085,0
rough_R0_ground_s0p20,2,9948,11,1,7,0,0,1,0,3.61978462074,0
rough_R0_ground_s0p20,13,7634,13,1,4,0,0,1,0,7.0388463354,0
rough_R0_ground_s0p20,9,9147,14,1,9,0,0,1,0,4.14344251032,0
rough_R0_ground_s0p20,13,7627,1,0,23,0,0,1,0,4.28804558323,0
rough_R0_ground_s0p20,9,9140,9,1,12,0,0,1,0,3.83318085289,0
rough_R0_ground_s0p20,15,10214,8,1,11,0,0,1,0,5.88103881421,0
rough_R0_ground_s0p20,5,9675,15,1,1,0,0,1,0,4.1622184758,0
rough_R0_ground_s0p20,15,10212,0,0,15,0,0,1,0,4.84927257129,0
rough_R0_ground_s0p20,5,9672,13,1,11,0,0,1,0,4.58558179844,0
rough_R0_ground_s0p20,4,7621,3,0,26,0,0,1,0,3.57969849146,0
rough_R0_ground_s0p20,2,9922,14,1,13,0,0,1,0,3.07824393567,0
rough_R0_ground_s0p20,7,7302,1,0,14,0,0,1,0,4.28242758082,0
rough_R0_ground_s0p20,0,6560,4,0,1,0,0,1,0,3.38391529228,0
rough_R0_ground_s0p20,11,7826,12,1,37,0,0,1,0,6.3775191138,0
rough_R0_ground_s0p20,9,9129,8,1,19,0,0,1,0,6.67407324001,0
rough_R0_ground_s0p20,9,9122,12,1,19,0,0,1,0,4.42241942225,0
rough_R0_ground_s0p20,11,7807,6,0,3,0,0,1,0,3.97899869595,0
rough_R0_ground_s0p20,2,9888,3,0,18,0,0,1,0,3.81263284505,0
rough_R0_ground_s0p20,0,6522,3,0,11,0,0,1,0,6.37141821355,0
rough_R0_ground_s0p20,0,6507,11,1,14,0,0,1,0,8.87128835416,0
rough_R0_ground_s0p20,6,7738,15,1,6,0,0,1,0,3.31687632862,0
rough_R0_ground_s0p20,6,9147,15,1,0,0,0,0,0,11.8174669766,0
rough_R0_ground_s0p20,0,6496,4,0,2,0,0,1,0,4.23048840824,0
rough_R0_ground_s0p20,11,7772,15,1,14,0,0,1,0,3.51284534331,0
rough_R0_ground_s0p20,3,9684,11,1,9,0,0,1,0,4.61138210314,0
rough_R0_ground_s0p20,6,7732,5,0,14,0,0,1,0,3.29263307053,0
rough_R0_ground_s0p20,9,9075,13,1,16,0,0,1,0,5.3174005159,0
rough_R0_ground_s0p20,12,9989,4,0,5,0,0,1,0,4.20259546817,0
rough_R0_ground_s0p20,13,7540,3,0,11,0,0,1,0,3.10652576663,0
rough_R0_ground_s0p20,12,9972,12,1,2,0,0,1,0,6.86332848648,0
rough_R0_ground_s0p20,7,7217,14,1,19,0,0,1,0,5.38277791903,0
rough_R0_ground_s0p20,1,8267,13,1,9,0,0,1,0,5.20550313944,0
rough_R0_ground_s0p20,7,7188,10,1,9,0,0,1,0,3.880554469,0
rough_R0_ground_s0p20,8,7779,8,1,10,0,0,1,0,3.0882516152,0
rough_R0_ground_s0p20,13,7455,1,0,25,0,0,1,0,3.0750709708,0
rough_R0_ground_s0p20,7,7137,1,0,18,0,0,1,0,3.45740315963,0
rough_R0_ground_s0p20,9,8952,12,1,17,0,0,1,0,5.48146063859,0
rough_R0_ground_s0p20,5,9490,10,1,2,0,0,1,0,5.53307703112,0
rough_R0_ground_s0p20,13,10723,2,0,10,0,0,1,0,3.04107103114,0
rough_R0_ground_s0p20,5,9488,6,0,15,0,0,1,0,2.84962426666,0
rough_R0_ground_s0p20,6,7609,3,0,37,0,0,1,0,4.16579688878,0
rough_R0_ground_s0p20,11,7657,3,0,13,0,0,1,0,5.19603162653,0
rough_R0_ground_s0p20,5,9475,1,0,8,0,0,1,0,4.21846680619,0
rough_R0_ground_s0p20,11,7628,15,1,1,0,0,1,0,9.0996269445,0
rough_R0_ground_s0p20,1,8164,9,1,28,0,0,1,0,4.04280048846,0
rough_R0_ground_s0p20,2,9685,14,1,17,0,0,1,0,6.26052748134,0
rough_R0_ground_s0p20,14,8456,15,1,11,0,0,1,0,5.51117710453,0
rough_R0_ground_s0p20,11,7573,6,0,14,0,0,1,0,3.34309258862,0
rough_R0_ground_s0p20,5,9382,15,1,11,0,0,1,0,4.13522384675,0
rough_R0_ground_s0p20,13,10622,11,1,20,0,0,1,0,5.9924356583,0
rough_R0_ground_s0p20,13,10596,0,0,10,0,0,1,0,6.38007131797,0
rough_R0_ground_s0p20,12,9715,6,0,4,0,0,1,0,11.224809228,0
rough_R0_ground_s0p20,3,9414,10,1,14,0,0,1,0,3.07905312653,0
rough_R0_ground_s0p20,15,9885,6,0,16,0,0,1,0,2.94711571381,0
rough_R0_ground_s0p20,5,9308,7,0,16,0,0,1,0,6.32229013114,0
rough_R0_ground_s0p20,13,10555,1,0,10,0,0,1,0,4.06010728418,0
rough_R0_ground_s0p20,14,8350,13,1,2,0,0,1,0,5.52445352475,0
rough_R0_ground_s0p20,4,11091,11,1,13,0,0,1,0,7.3133442024,0
rough_R0_ground_s0p20,2,9539,3,0,6,0,0,1,0,6.34985532589,0
rough_R0_ground_s0p20,9,8738,12,1,13,0,0,1,0,5.61784753248,0
rough_R0_ground_s0p20,4,11066,7,0,2,0,0,1,0,3.69005226251,0
rough_R0_ground_s0p20,12,9648,0,0,20,0,0,1,0,6.21602458951,0
rough_R0_ground_s0p20,13,10484,8,1,7,0,0,1,0,5.52368583132,0
rough_R0_ground_s0p20,0,10364,4,0,29,0,0,1,0,4.08404069247,0
rough_R0_ground_s0p20,13,10482,6,0,22,0,0,1,0,2.96787571078,0
rough_R0_ground_s0p20,15,9797,12,1,32,0,0,1,0,3.55863132402,0
rough_R0_ground_s0p20,9,8678,0,0,8,0,0,1,0,6.28962410499,0
rough_R0_ground_s0p20,6,10826,12,1,12,0,0,1,0,3.55378079469,0
rough_R0_ground_s0p20,5,9212,14,1,23,0,0,1,0,5.45238195302,0
rough_R0_ground_s0p20,0,10329,4,0,22,0,0,1,0,5.6755733151,0
rough_R0_ground_s0p20,1,7891,11,1,20,0,0,1,0,2.80489938305,0
rough_R0_ground_s0p20,12,9553,7,0,11,0,0,1,0,3.63023961651,0
rough_R0_ground_s0p20,6,10771,9,1,10,0,0,1,0,3.34636476989,0
rough_R0_ground_s0p20,14,8188,5,0,7,0,0,1,0,3.39829369982,0
rough_R0_ground_s0p20,7,11446,15,1,27,0,0,1,0,4.49038491889,0
rough_R0_ground_s0p20,12,9530,8,1,17,0,0,1,0,3.82962788444,0
rough_R0_ground_s0p20,2,9397,5,0,12,0,0,1,0,3.07560045739,0
rough_R0_ground_s0p20,1,7827,0,0,26,0,0,1,0,3.0206533994,0
rough_R0_ground_s0p20,14,8162,14,1,23,0,0,1,0,3.09025827453,0
rough_R0_ground_s0p20,7,11428,12,1,6,0,0,1,0,6.90894173032,0
rough_R0_ground_s0p20,15,9704,10,1,4,0,0,1,0,6.65932540828,0
rough_R0_ground_s0p20,13,10358,15,1,22,0,0,1,0,4.39458883388,0
rough_R0_ground_s0p20,2,9345,11,1,15,0,0,1,0,3.33829401503,0
rough_R0_ground_s0p20,4,10891,14,1,14,0,0,1,0,6.67007026002,0
rough_R0_ground_s0p20,5,9085,2,0,3,0,0,1,0,4.25732267128,0
rough_R0_ground_s0p20,9,8562,11,1,5,0,0,1,0,6.08177071216,0
rough_R0_ground_s0p20,13,10342,1,0,14,0,0,1,0,3.17558626894,0
rough_R0_ground_s0p20,2,9335,10,1,1,0,0,1,0,12.0259695101,0
rough_R0_ground_s0p20,6,10688,0,0,12,0,0,1,0,6.63489898559,0
rough_R0_ground_s0p20,1,11046,15,1,18,0,0,1,0,4.0506370091,0
rough_R0_ground_s0p20,1,11040,8,1,17,0,0,1,0,7.1869630748,0
rough_R0_ground_s0p20,12,9419,5,0,4,0,0,1,0,4.34286090768,0
rough_R0_ground_s0p20,1,11024,10,1,20,0,0,1,0,4.03981992704,0
rough_R0_ground_s0p20,13,10289,7,0,12,0,0,1,0,5.88906999483,0
rough_R0_ground_s0p20,5,9010,3,0,13,0,0,1,0,4.8068972306,0
rough_R0_ground_s0p20,13,10280,14,1,14,0,0,1,0,5.19520853773,0
rough_R0_ground_s0p20,10,11004,1,0,16,0,0,1,0,3.19714802141,0
rough_R0_ground_s0p20,7,11294,6,0,3,0,0,1,0,3.66807035713,0
rough_R0_ground_s0p20,12,9356,8,1,10,0,0,1,0,4.92967286969,0
rough_R0_ground_s0p20,4,10781,12,1,3,0,0,1,0,4.38897044375,0
rough_R0_ground_s0p20,7,11250,6,0,20,0,0,1,0,3.0803693323,0
rough_R0_ground_s0p20,7,11246,15,1,24,0,0,1,0,3.26391935234,0
rough_R0_ground_s0p20,15,9526,5,0,5,0,0,1,0,6.03926316631,0
rough_R0_ground_s0p20,11,10276,4,0,7,0,0,1,0,4.92325598382,0
rough_R0_ground_s0p20,6,10554,0,0,16,0,0,1,0,4.9811932744,0
rough_R0_ground_s0p20,9,8422,11,1,21,0,0,1,0,3.75084249143,0
rough_R0_ground_s0p20,1,10921,5,0,13,0,0,1,0,4.03252530025,0
rough_R0_ground_s0p20,8,10491,10,1,18,0,0,1,0,9.98342376057,0
rough_R0_ground_s0p20,11,10250,13,1,15,0,0,1,0,5.2233546516,0
rough_R0_ground_s0p20,5,8883,4,0,10,0,0,1,0,4.43309200405,0
rough_R0_ground_s0p20,6,10503,13,1,1,0,0,1,0,3.77445956212,0
rough_R0_ground_s0p20,0,10049,13,1,16,0,0,1,0,4.41711691281,0
rough_R0_ground_s0p20,9,8357,11,1,11,0,0,1,0,2.65107390851,0
rough_R0_ground_s0p20,11,10226,4,0,11,0,0,1,0,4.18961971307,0
rough_R0_ground_s0p20,2,9127,8,1,4,0,0,1,0,2.94739851348,0
rough_R0_ground_s0p20,4,10675,8,1,10,0,0,1,0,4.64823204596,0
rough_R0_ground_s0p20,13,10144,2,0,10,0,0,1,0,3.34540911285,0
rough_R0_ground_s0p20,11,10190,5,0,6,0,0,1,0,2.79991328211,0
rough_R0_ground_s0p20,14,12284,13,1,2,0,0,1,0,3.24027738247,0
rough_R0_ground_s0p20,3,8883,5,0,14,0,0,1,0,9.00900571043,0
rough_R0_ground_s0p20,11,10187,4,0,8,0,0,1,0,3.60022573631,0
rough_R0_ground_s0p20,7,11127,8,1,17,0,0,1,0,7.06320579653,0
rough_R0_ground_s0p20,14,12264,9,1,28,0,0,1,0,6.36407556978,0
rough_R0_ground_s0p20,8,10381,5,0,11,0,0,1,0,4.96677150419,0
rough_R0_ground_s0p20,5,8778,0,0,24,0,0,1,0,4.92594735236,0
rough_R0_ground_s0p20,8,10359,9,1,21,0,0,1,0,4.92831102397,0
rough_R0_ground_s0p20,6,10402,6,0,14,0,0,1,0,4.64151745161,0
rough_R0_ground_s0p20,6,10394,5,0,13,0,0,1,0,3.77058428542,0
rough_R0_ground_s0p20,4,10577,11,1,0,0,0,1,0,4.00941252486,0
rough_R0_ground_s0p20,3,8769,0,0,8,0,0,1,0,6.62826396153,0
rough_R0_ground_s0p20,9,11809,14,1,4,0,0,1,0,4.6164636045,0
rough_R0_ground_s0p20,13,10030,15,1,6,0,0,1,0,5.12264994391,0
rough_R0_ground_s0p20,1,10740,0,0,17,0,0,1,0,3.99551806416,0
rough_R0_ground_s0p20,15,9314,12,1,8,0,0,1,0,3.12176477393,0
rough_R0_ground_s0p20,11,10058,8,1,12,0,0,1,0,2.93075202841,0
rough_R0_ground_s0p20,2,8988,14,1,10,0,0,1,0,5.95353118784,0
rough_R0_ground_s0p20,10,10722,11,1,12,0,0,1,0,3.85127441744,0
rough_R0_ground_s0p20,1,10718,11,1,7,0,0,1,0,3.14184552378,0
rough_R0_ground_s0p20,13,10005,1,0,17,0,0,1,0,4.51690511518,0
rough_R0_ground_s0p20,15,9287,3,0,3,0,0,1,0,4.02468242213,0
rough_R0_ground_s0p20,13,9988,8,1,7,0,0,1,0,5.37177742334,0
rough_R0_ground_s0p20,0,9827,8,1,7,0,0,1,0,5.63888539407,0
rough_R0_ground_s0p20,12,9046,9,1,2,0,0,1,0,4.90050185071,0
rough_R0_ground_s0p20,15,9266,4,0,7,0,0,1,0,7.97608660714,0
rough_R0_ground_s0p20,7,10991,7,0,1,0,0,1,0,5.4790140347,0
rough_R0_ground_s0p20,4,10466,5,0,9,0,0,1,0,3.49145642176,0
rough_R0_ground_s0p20,8,10231,1,0,9,0,0,1,0,8.46508244184,0
rough_R0_ground_s0p20,1,10651,1,0,20,0,0,1,0,3.83001802471,0
rough_R0_ground_s0p20,7,10971,2,0,15,0,0,1,0,3.29610072923,0
rough_R0_ground_s0p20,3,8666,3,0,18,0,0,1,0,4.66344547723,0
rough_R0_ground_s0p20,15,9235,10,1,0,0,0,1,0,10.3534429076,0
rough_R0_ground_s0p20,9,11706,10,1,23,0,0,1,0,7.0896859924,0
rough_R0_ground_s0p20,4,10453,7,0,21,0,0,1,0,6.78785850424,0
rough_R0_ground_s0p20,3,8647,5,0,23,0,0,1,0,4.81643617336,0
rough_R0_ground_s0p20,6,10248,8,1,21,0,0,1,0,3.2826053004,0
rough_R0_ground_s0p20,13,9906,4,0,14,0,0,1,0,4.48843859847,0
rough_R0_ground_s0p20,7,10919,6,0,4,0,0,1,0,3.27848019006,0
rough_R0_ground_s0p20,11,9930,6,0,9,0,0,1,0,6.75666338941,0
rough_R0_ground_s0p20,8,10163,1,0,3,0,0,1,0,3.4764912382,0
rough_R0_ground_s0p20,6,10215,7,0,11,0,0,1,0,4.76564695858,0
rough_R0_ground_s0p20,2,8854,13,1,7,0,0,1,0,4.38067510002,0
rough_R0_ground_s0p20,0,9735,15,1,4,0,0,1,0,7.25416967502,0
rough_R0_ground_s0p20,10,10593,15,1,5,0,0,1,0,3.18204611628,0
rough_R0_ground_s0p20,13,9875,14,1,11,0,0,1,0,5.28626164109,0
rough_R0_ground_s0p20,9,11638,10,1,24,0,0,1,0,5.1841075649,0
rough_R0_ground_s0p20,15,9154,0,0,26,0,0,1,0,4.0242250968,0
rough_R0_ground_s0p20,13,9860,6,0,1,0,0,1,0,5.16926509078,0
rough_R0_ground_s0p20,4,10375,11,1,22,0,0,1,0,6.066806711,0
rough_R0_ground_s0p20,2,8816,6,0,0,0,0,1,0,4.70573295882,0
rough_R0_ground_s0p20,15,9121,8,1,26,0,0,1,0,4.95571855187,0
rough_R0_ground_s0p20,8,10108,2,0,12,0,0,1,0,3.85473470152,0
rough_R0_ground_s0p20,0,9673,14,1,8,0,0,1,0,3.41201566951,0
rough_R0_ground_s0p20,9,11582,6,0,28,0,0,1,0,5.62887732933,0
rough_R0_ground_s0p20,9,11576,2,0,20,0,0,1,0,5.55804598491,0
rough_R0_ground_s0p20,3,8498,1,0,16,0,0,1,0,3.37422469072,0
rough_R0_ground_s0p20,14,12524,9,1,8,0,0,1,0,5.875785349,0
rough_R0_ground_s0p20,15,9064,12,1,10,0,0,1,0,3.45685830794,0
rough_R0_ground_s0p20,9,11530,12,1,32,0,0,1,0,5.04815863657,0
rough_R0_ground_s0p20,4,10268,15,1,20,0,0,1,0,4.32233248703,0
rough_R0_ground_s0p20,9,11526,10,1,22,0,0,1,0,4.57293973573,0
rough_R0_ground_s0p20,7,10781,2,0,15,0,0,1,0,4.51126800661,0
rough_R0_ground_s0p20,0,9559,3,0,8,0,0,1,0,4.83975695757,0
rough_R0_ground_s0p20,12,8803,4,0,6,0,0,1,0,4.02365944013,0
rough_R0_ground_s0p20,4,10221,1,0,4,0,0,1,0,10.1283478418,0
rough_R0_ground_s0p20,11,9755,15,1,7,0,0,1,0,3.49705968484,0
rough_R0_ground_s0p20,2,8660,13,1,5,0,0,1,0,4.1119167509,0
rough_R0_ground_s0p20,7,10737,5,0,8,0,0,1,0,5.15489623759,0
rough_R0_ground_s0p20,8,9983,12,1,28,0,0,1,0,7.21043974136,0
rough_R0_ground_s0p20,1,10392,1,0,12,0,0,1,0,2.86073383569,0
rough_R0_ground_s0p20,5,12275,1,0,24,0,0,1,0,4.79397953059,0
rough_R0_ground_s0p20,1,10389,6,0,8,0,0,1,0,2.87729665987,0
rough_R0_ground_s0p20,3,11981,10,1,26,0,0,1,0,7.58553018269,0
rough_R0_ground_s0p20,15,8984,0,0,11,0,0,1,0,4.61189711471,0
rough_R0_ground_s0p20,8,9969,12,1,3,0,0,1,0,3.78836974808,0
rough_R0_ground_s0p20,12,8751,6,0,12,0,0,1,0,7.88783351344,0
rough_R0_ground_s0p20,12,10234,7,0,1,0,0,1,0,14.9545501376,0
rough_R0_ground_s0p20,6,9974,13,1,8,0,0,1,0,3.69408921798,0
rough_R0_ground_s0p20,15,8957,6,0,15,0,0,1,0,10.1757682323,0
rough_R0_ground_s0p20,1,10336,10,1,13,0,0,1,0,8.23014577404,0
rough_R0_ground_s0p20,12,8682,5,0,23,0,0,1,0,2.72868632608,0
rough_R0_ground_s0p20,2,8577,13,1,9,0,0,1,0,5.18554437845,0
rough_R0_ground_s0p20,6,9918,0,0,19,0,0,1,0,4.36116104206,0
rough_R0_ground_s0p20,4,10123,5,0,8,0,0,1,0,7.73274681836,0
rough_R0_ground_s0p20,11,9646,11,1,8,0,0,1,0,2.93926819696,0
rough_R0_ground_s0p20,7,10647,15,1,11,0,0,1,0,7.36067120006,0
rough_R0_ground_s0p20,7,11474,15,1,0,0,0,0,0,10.2932693086,0
rough_R0_ground_s0p20,7,10639,3,0,13,0,0,1,0,3.70762737519,0
rough_R0_ground_s0p20,6,9888,5,0,16,0,0,1,0,3.43560342041,0
rough_R0_ground_s0p20,3,11999,1,0,4,0,0,1,0,6.69899094073,0
rough_R0_ground_s0p20,12,12237,2,0,18,0,0,1,0,9.85775946691,0
rough_R0_ground_s0p20,8,9876,14,1,17,0,0,1,0,4.1159157259,0
rough_R0_ground_s0p20,11,9582,2,0,9,0,0,1,0,4.53515557777,0
rough_R0_ground_s0p20,9,11306,13,1,7,0,0,1,0,5.21899573009,0
rough_R0_ground_s0p20,13,9561,13,1,11,0,0,1,0,4.15476915429,0
rough_R0_ground_s0p20,9,11303,5,0,9,0,0,1,0,4.46663076546,0
rough_R0_ground_s0p20,14,11705,10,1,14,0,0,1,0,4.9907384414,0
rough_R0_ground_s0p20,13,9559,12,1,8,0,0,1,0,3.80244708194,0
rough_R0_ground_s0p20,3,11819,0,0,6,0,0,1,0,5.91592427753,0
rough_R0_ground_s0p20,7,10571,4,0,7,0,0,1,0,3.48887672363,0
rough_R0_ground_s0p20,11,9554,6,0,12,0,0,1,0,4.30038886944,0
rough_R0_ground_s0p20,5,12108,13,1,10,0,0,1,0,9.16572444357,0
rough_R0_ground_s0p20,7,10557,12,1,15,0,0,1,0,6.0195102302,0
rough_R0_ground_s0p20,14,11670,4,0,10,0,0,1,0,3.75750047803,0
rough_R0_ground_s0p20,5,12091,9,1,22,0,0,1,0,3.22933493376,0
rough_R0_ground_s0p20,6,9777,13,1,0,0,0,1,0,3.10025770956,0
rough_R0_ground_s0p20,1,10208,1,0,8,0,0,1,0,3.82126071763,0
rough_R0_ground_s0p20,7,10527,3,0,21,0,0,1,0,5.22366776893,0
rough_R0_ground_s0p20,15,11664,5,0,14,0,0,1,0,4.38523218373,0
rough_R0_ground_s0p20,4,10002,12,1,12,0,0,1,0,3.2547133571,0
rough_R0_ground_s0p20,5,12071,0,0,12,0,0,1,0,4.3942409055,0
rough_R0_ground_s0p20,11,9493,0,0,32,0,0,1,0,4.26060085305,0
rough_R0_ground_s0p20,6,9737,1,0,10,0,0,1,0,4.62847816696,0
rough_R0_ground_s0p20,1,10181,5,0,18,0,0,1,0,4.55768367784,0
rough_R0_ground_s0p20,8,9732,14,1,26,0,0,1,0,3.47202542178,0
rough_R0_ground_s0p20,8,10913,14,1,0,0,0,0,0,4.21091940006,0
rough_R0_ground_s0p20,1,10166,6,0,34,0,0,1,0,4.27714010002,0
rough_R0_ground_s0p20,11,9467,1,0,5,0,0,1,0,6.53369023249,0
rough_R0_ground_s0p20,2,8372,7,0,22,0,0,1,0,6.56030412682,0
rough_R0_ground_s0p20,0,9207,15,1,2,0,0,1,0,4.99167807917,0
rough_R0_ground_s0p20,2,8368,6,0,7,0,0,1,0,6.09799228183,0
rough_R0_ground_s0p20,3,11695,4,0,8,0,0,1,0,7.31781082736,0
rough_R0_ground_s0p20,2,8363,3,0,23,0,0,1,0,6.45233128585,0
rough_R0_ground_s0p20,12,12074,15,1,20,0,0,1,0,3.99649052763,0
rough_R0_ground_s0p20,7,10426,15,1,10,0,0,1,0,6.83546471993,0
rough_R0_ground_s0p20,14,11560,8,1,9,0,0,1,0,5.97035687013,0
rough_R0_ground_s0p20,6,9670,14,1,6,0,0,1,0,5.53809912942,0
rough_R0_ground_s0p20,12,12060,1,0,21,0,0,1,0,12.184737358,0
rough_R0_ground_s0p20,3,11666,12,1,0,0,0,1,0,4.57399596888,0
rough_R0_ground_s0p20,15,11542,8,1,23,0,0,1,0,4.27101268268,0
rough_R0_ground_s0p20,10,10051,12,1,9,0,0,1,0,4.53448391141,0
rough_R0_ground_s0p20,13,9360,2,0,14,0,0,1,0,10.893425939,0
rough_R0_ground_s0p20,7,10372,12,1,24,0,0,1,0,3.27174958873,0
rough_R0_ground_s0p20,2,8287,14,1,0,0,0,0,0,4.94323060185,0
rough_R0_ground_s0p20,4,9837,11,1,3,0,0,1,0,6.70019931731,0
rough_R0_ground_s0p20,4,11119,11,1,0,0,0,0,0,9.07201950725,0
rough_R0_ground_s0p20,13,9351,12,1,8,0,0,1,0,2.99779965891,0
rough_R0_ground_s0p20,14,11495,7,0,9,0,0,1,0,6.06222936576,0
rough_R0_ground_s0p20,4,9833,14,1,7,0,0,1,0,4.36859294615,0
rough_R0_ground_s0p20,5,11901,6,0,6,0,0,1,0,4.05910190488,0
rough_R0_ground_s0p20,11,9345,15,1,14,0,0,1,0,4.06430802222,0
rough_R0_ground_s0p20,6,9594,7,0,18,0,0,1,0,3.14497435051,0
rough_R0_ground_s0p20,1,10029,11,1,1,0,0,1,0,4.07522891985,0
rough_R0_ground_s0p20,5,11878,7,0,23,0,0,1,0,9.47983383234,0
rough_R0_ground_s0p20,4,9796,13,1,2,0,0,1,0,3.00859263843,0
rough_R0_ground_s0p20,9,11063,7,0,0,0,0,1,0,4.41757945931,0
rough_R0_ground_s0p20,1,10026,1,0,24,0,0,1,0,4.83561652212,0
rough_R0_ground_s0p20,11,9308,14,1,16,0,0,1,0,2.76811571552,0
rough_R0_ground_s0p20,3,11567,0,0,6,0,0,1,0,7.80024135482,0
rough_R0_ground_s0p20,10,9942,8,1,11,0,0,1,0,6.19733913516,0
rough_R0_ground_s0p20,10,9932,4,0,8,0,0,1,0,5.57690939728,0
rough_R0_ground_s0p20,2,8198,11,1,30,0,0,1,0,4.3427849119,0
rough_R0_ground_s0p20,2,10815,11,1,0,0,0,0,0,5.45032353975,0
rough_R0_ground_s0p20,0,9027,15,1,15,0,0,1,0,2.65125231052,0
rough_R0_ground_s0p20,7,10254,13,1,14,0,0,1,0,4.11046405561,0
rough_R0_ground_s0p20,13,12052,15,1,5,0,0,1,0,6.74542557723,0
rough_R0_ground_s0p20,15,11382,8,1,4,0,0,1,0,2.9183751432,0
rough_R0_ground_s0p20,15,11355,3,0,2,0,0,1,0,3.03407811526,0
rough_R0_ground_s0p20,7,10237,9,1,19,0,0,1,0,4.35940231436,0
rough_R0_ground_s0p20,6,9464,12,1,20,0,0,1,0,3.65537761275,0
rough_R0_ground_s0p20,9,10970,14,1,7,0,0,1,0,5.16315003795,0
rough_R0_ground_s0p20,9,10952,2,0,1,0,0,1,0,3.64336903051,0
rough_R0_ground_s0p20,5,11768,3,0,7,0,0,1,0,5.98711368458,0
rough_R0_ground_s0p20,1,9906,3,0,22,0,0,1,0,4.31412705642,0
rough_R0_ground_s0p20,8,9448,14,1,12,0,0,1,0,9.69561557133,0
rough_R0_ground_s0p20,7,10148,12,1,3,0,0,1,0,4.22506795265,0
rough_R0_ground_s0p20,10,9819,4,0,2,0,0,1,0,4.46532193452,0
rough_R0_ground_s0p20,9,10877,6,0,14,0,0,1,0,12.5973287493,0
rough_R0_ground_s0p20,3,11386,9,1,10,0,0,1,0,7.40664551146,0
rough_R0_ground_s0p20,15,11244,3,0,4,0,0,1,0,3.76373986941,0
rough_R0_ground_s0p20,12,11727,2,0,11,0,0,1,0,4.58167939695,0
rough_R0_ground_s0p20,3,11366,10,1,30,0,0,1,0,6.58389249327,0
rough_R0_ground_s0p20,13,11907,6,0,12,0,0,1,0,4.04294795811,0
rough_R0_ground_s0p20,9,10828,14,1,10,0,0,1,0,4.3572584326,0
rough_R0_ground_s0p20,2,8010,14,1,8,0,0,1,0,2.92229457258,0
rough_R0_ground_s0p20,15,11202,2,0,1,0,0,1,0,5.02564072895,0
rough_R0_ground_s0p20,4,9524,0,0,7,0,0,1,0,3.48512344643,0
rough_R0_ground_s0p20,2,7997,15,1,7,0,0,1,0,2.60890216461,0
rough_R0_ground_s0p20,9,10798,10,1,3,0,0,1,0,4.86015661529,0
rough_R0_ground_s0p20,1,9784,14,1,15,0,0,1,0,6.40373912236,0
rough_R0_ground_s0p20,8,9336,4,0,9,0,0,1,0,7.17282010249,0
rough_R0_ground_s0p20,13,11850,7,0,5,0,0,1,0,3.35006844411,0
rough_R0_ground_s0p20,15,11178,13,1,10,0,0,1,0,3.88748983221,0
rough_R0_ground_s0p20,4,9499,12,1,24,0,0,1,0,5.43589318148,0
rough_R0_ground_s0p20,13,11838,5,0,0,0,0,1,0,4.46508502514,0
rough_R0_ground_s0p20,0,12172,9,1,4,0,0,1,0,3.34376008155,0
rough_R0_ground_s0p20,1,9746,13,1,21,0,0,1,0,8.33881419897,0
rough_R0_ground_s0p20,14,11142,8,1,16,0,0,1,0,4.46750986204,0
rough_R0_ground_s0p20,5,11571,4,0,6,0,0,1,0,4.47494391149,0
rough_R0_ground_s0p20,4,9455,2,0,5,0,0,1,0,6.45899510325,0
rough_R0_ground_s0p20,3,11265,12,1,22,0,0,1,0,4.13292702431,0
rough_R0_ground_s0p20,15,11137,2,0,19,0,0,1,0,5.40032239556,0
rough_R0_ground_s0p20,3,11254,7,0,20,0,0,1,0,5.77224185282,0
rough_R0_ground_s0p20,9,10707,15,1,14,0,0,1,0,7.44272116057,0
rough_R0_ground_s0p20,15,11119,3,0,12,0,0,1,0,4.61053283684,0
rough_R0_ground_s0p20,14,11104,14,1,4,0,0,1,0,7.39445945312,0
rough_R0_ground_s0p20,5,11511,8,1,0,0,0,1,0,3.66533569159,0
rough_R0_ground_s0p20,7,9971,8,1,3,0,0,1,0,4.00829804776,0
rough_R0_ground_s0p20,1,9670,15,1,19,0,0,1,0,9.22670027705,0
rough_R0_ground_s0p20,13,11744,14,1,4,0,0,1,0,3.13758469515,0
rough_R0_ground_s0p20,15,11057,7,0,18,0,0,1,0,3.49705630137,0
rough_R0_ground_s0p20,10,9568,6,0,5,0,0,1,0,5.81359005584,0
rough_R0_ground_s0p20,9,10637,13,1,16,0,0,1,0,3.23493649257,0
rough_R0_ground_s0p20,10,9557,7,0,2,0,0,1,0,4.00054629615,0
rough_R0_ground_s0p20,14,11033,9,1,10,0,0,1,0,5.36933069249,0
rough_R0_ground_s0p20,5,11441,10,1,13,0,0,1,0,4.36225413135,0
rough_R0_ground_s0p20,0,12036,3,0,10,0,0,1,0,2.9595839742,0
rough_R0_ground_s0p20,12,11520,10,1,4,0,0,1,0,4.04082019269,0
rough_R0_ground_s0p20,10,9543,13,1,14,0,0,1,0,4.93433027626,0
rough_R0_ground_s0p20,5,11426,14,1,6,0,0,1,0,5.06508360056,0
rough_R0_ground_s0p20,12,11502,4,0,22,0,0,1,0,3.84067260167,0
rough_R0_ground_s0p20,1,9563,8,1,19,0,0,1,0,3.09566868222,0
rough_R0_ground_s0p20,15,10988,6,0,8,0,0,1,0,4.502492527,0
rough_R0_ground_s0p20,12,11487,2,0,15,0,0,1,0,12.3498745477,0
rough_R0_ground_s0p20,11,11882,13,1,1,0,0,1,0,5.32105923224,0
rough_R0_ground_s0p20,6,12296,10,1,12,0,0,1,0,4.43290900581,0
rough_R0_ground_s0p20,4,9246,0,0,34,0,0,1,0,3.21126560875,0
rough_R0_ground_s0p20,15,10958,1,0,5,0,0,1,0,5.3184924943,0
rough_R0_ground_s0p20,14,10958,1,0,15,0,0,1,0,3.68453032881,0
rough_R0_ground_s0p20,0,11952,8,1,15,0,0,1,0,6.40597182403,0
rough_R0_ground_s0p20,4,12730,5,0,5,0,0,1,0,3.88703462465,0
rough_R0_ground_s0p20,8,12067,0,0,1,0,0,1,0,3.38771436555,0
rough_R0_ground_s0p20,15,10941,5,0,2,0,0,1,0,4.20471399734,0
rough_R0_ground_s0p20,4,12721,13,1,24,0,0,1,0,6.13871310848,0
rough_R0_ground_s0p20,13,11597,5,0,12,0,0,1,0,6.21957942849,0
rough_R0_ground_s0p20,7,9770,11,1,23,0,0,1,0,4.4539158539,0
rough_R0_ground_s0p20,8,12049,8,1,8,0,0,1,0,4.25194363701,0
rough_R0_ground_s0p20,1,13775,12,1,7,0,0,1,0,8.94456084343,0
rough_R0_ground_s0p20,2,11941,8,1,20,0,0,1,0,4.4690344462,0
rough_R0_ground_s0p20,7,9745,12,1,16,0,0,1,0,11.1315770234,0
rough_R0_ground_s0p20,13,11576,8,1,30,0,0,1,0,3.89582396719,0
rough_R0_ground_s0p20,0,11910,4,0,3,0,0,1,0,7.21190192147,0
rough_R0_ground_s0p20,2,11925,8,1,10,0,0,1,0,7.85357629652,0
rough_R0_ground_s0p20,1,13758,10,1,16,0,0,1,0,5.79699073239,0
rough_R0_ground_s0p20,12,11389,11,1,20,0,0,1,0,6.7720792704,0
rough_R0_ground_s0p20,11,11781,15,1,3,0,0,1,0,4.14157069152,0
rough_R0_ground_s0p20,4,12667,1,0,6,0,0,1,0,5.5875048435,0
rough_R0_ground_s0p20,9,10466,4,0,9,0,0,1,0,3.99222489256,0
rough_R0_ground_s0p20,10,13628,8,1,5,0,0,1,0,6.4773805541,0
rough_R0_ground_s0p20,15,10846,8,1,4,0,0,1,0,5.05649245943,0
rough_R0_ground_s0p20,1,13707,11,1,17,0,0,1,0,3.29971584944,0
rough_R0_ground_s0p20,11,11741,3,0,0,0,0,0,0,5.91846117622,0
rough_R0_ground_s0p20,0,11860,3,0,11,0,0,1,0,3.4884209577,0
rough_R0_ground_s0p20,14,10838,0,0,2,0,0,1,0,11.3388449964,0
rough_R0_ground_s0p20,2,11865,2,0,10,0,0,1,0,7.29806194811,0
rough_R0_ground_s0p20,4,12606,2,0,8,0,0,1,0,3.200638443,0
rough_R0_ground_s0p20,2,11855,6,0,21,0,0,1,0,6.75974223043,0
rough_R0_ground_s0p20,0,11824,7,0,15,0,0,1,0,12.3766379956,0
rough_R0_ground_s0p20,5,11192,2,0,6,0,0,1,0,4.76088172872,0
rough_R0_ground_s0p20,5,11177,11,1,9,0,0,1,0,9.70830025449,0
rough_R0_ground_s0p20,6,12087,14,1,24,0,0,1,0,3.18801095766,0
rough_R0_ground_s0p20,5,11120,0,0,3,0,0,1,0,4.056110646,0
rough_R0_ground_s0p20,14,10746,10,1,10,0,0,1,0,4.41384440413,0
rough_R0_ground_s0p20,10,13496,11,1,11,0,0,1,0,4.45028867951,0
rough_R0_ground_s0p20,0,11717,15,1,15,0,0,1,0,3.92765384278,0
rough_R0_ground_s0p20,14,10730,8,1,4,0,0,1,0,5.1295154838,0
rough_R0_ground_s0p20,0,11715,13,1,16,0,0,1,0,4.19037357104,0
rough_R0_ground_s0p20,14,10725,3,0,22,0,0,1,0,5.22910624447,0
rough_R0_ground_s0p20,6,12002,15,1,0,0,0,1,0,4.34289010527,0
rough_R0_ground_s0p20,12,11210,9,1,0,0,0,1,0,13.1911700282,0
rough_R0_ground_s0p20,9,10292,0,0,30,0,0,1,0,5.57443533472,0
rough_R0_ground_s0p20,15,10664,0,0,8,0,0,1,0,6.11712486634,0
rough_R0_ground_s0p20,6,11977,8,1,11,0,0,1,0,4.09260566891,0
rough_R0_ground_s0p20,15,10648,4,0,8,0,0,1,0,5.02776928566,0
rough_R0_ground_s0p20,10,13446,13,1,9,0,0,1,0,5.88477617744,0
rough_R0_ground_s0p20,0,11672,13,1,6,0,0,1,0,3.99831145626,0
rough_R0_ground_s0p20,12,11176,4,0,1,0,0,1,0,3.14231870767,0
rough_R0_ground_s0p20,0,11669,8,1,15,0,0,1,0,6.01631961212,0
rough_R0_ground_s0p20,14,10676,6,0,18,0,0,1,0,5.17280087139,0
rough_R0_ground_s0p20,6,11959,10,1,6,0,0,1,0,8.88641150605,0
rough_R0_ground_s0p20,10,13428,12,1,1,0,0,1,0,3.36503814453,0
rough_R0_ground_s0p20,9,10261,1,0,9,0,0,1,0,3.55106734246,0
rough_R0_ground_s0p20,7,13145,2,0,3,0,0,1,0,5.15061568531,0
rough_R0_ground_s0p20,13,11290,8,1,9,0,0,1,0,4.239447034,0
rough_R0_ground_s0p20,15,10581,3,0,5,0,0,1,0,5.18317143602,0
rough_R0_ground_s0p20,13,11272,3,0,11,0,0,1,0,6.91160833019,0
rough_R0_ground_s0p20,15,10570,15,1,22,0,0,1,0,4.61634791633,0
rough_R0_ground_s0p20,14,10635,13,1,8,0,0,1,0,4.09168980079,0
rough_R0_ground_s0p20,5,10966,1,0,5,0,0,1,0,4.1153423448,0
rough_R0_ground_s0p20,1,13455,12,1,3,0,0,1,0,6.49147102701,0
rough_R0_ground_s0p20,7,13096,13,1,12,0,0,1,0,3.56282644749,0
rough_R0_ground_s0p20,3,10710,3,0,10,0,0,1,0,3.52012076189,0
rough_R0_ground_s0p20,10,13360,0,0,11,0,0,1,0,4.08043837262,0
rough_R0_ground_s0p20,8,11705,3,0,24,0,0,1,0,3.76107597847,0
rough_R0_ground_s0p20,9,10202,0,0,10,0,0,1,0,6.23520276582,0
rough_R0_ground_s0p20,11,11458,1,0,10,0,0,1,0,5.4421804259,0
rough_R0_ground_s0p20,8,11690,5,0,11,0,0,1,0,7.83503475835,0
rough_R0_ground_s0p20,13,11220,12,1,10,0,0,1,0,4.63573973768,0
rough_R0_ground_s0p20,12,11060,9,1,10,0,0,1,0,7.83317727952,0
rough_R0_ground_s0p20,15,10515,13,1,8,0,0,1,0,4.67694472312,0
rough_R0_ground_s0p20,5,10918,5,0,30,0,0,1,0,10.9769254259,0
rough_R0_ground_s0p20,14,10573,3,0,8,0,0,1,0,4.04320761429,0
rough_R0_ground_s0p20,6,11858,11,1,5,0,0,1,0,3.71209894003,0
rough_R0_ground_s0p20,10,13324,11,1,19,0,0,1,0,9.27475275837,0
rough_R0_ground_s0p20,5,10907,8,1,9,0,0,1,0,7.5100346495,0
rough_R0_ground_s0p20,13,11193,0,0,10,0,0,1,0,3.38530818048,0
rough_R0_ground_s0p20,11,11424,5,0,22,0,0,1,0,10.8141446823,0
rough_R0_ground_s0p20,12,11024,4,0,6,0,0,1,0,5.77070376037,0
rough_R0_ground_s0p20,14,10550,15,1,9,0,0,1,0,4.30748150725,0
rough_R0_ground_s0p20,1,13360,4,0,5,0,0,1,0,3.4120940823,0
rough_R0_ground_s0p20,0,11518,14,1,5,0,0,1,0,3.35180772328,0
rough_R0_ground_s0p20,11,11399,11,1,5,0,0,1,0,6.3058573959,0
rough_R0_ground_s0p20,7,13028,2,0,7,0,0,1,0,7.69051022016,0
rough_R0_ground_s0p20,7,13023,9,1,28,0,0,1,0,5.66375212924,0
rough_R0_ground_s0p20,9,10103,8,1,3,0,0,1,0,3.48032295842,0
rough_R0_ground_s0p20,8,11620,6,0,19,0,0,1,0,4.4061356477,0
rough_R0_ground_s0p20,3,10598,5,0,15,0,0,1,0,4.27872623995,0
rough_R0_ground_s0p20,15,10432,3,0,8,0,0,1,0,4.52369846356,0
rough_R0_ground_s0p20,12,10955,0,0,11,0,0,1,0,3.67454436679,0
rough_R0_ground_s0p20,8,11593,13,1,14,0,0,1,0,3.21075466805,0
rough_R0_ground_s0p20,12,10933,0,0,9,0,0,1,0,5.84508022433,0
rough_R0_ground_s0p20,5,10827,2,0,1,0,0,1,0,6.92993717355,0
rough_R0_ground_s0p20,13,11105,15,1,6,0,0,1,0,5.84267372626,0
rough_R0_ground_s0p20,9,10048,10,1,1,0,0,1,0,7.74578537314,0
rough_R0_ground_s0p20,0,11420,12,1,17,0,0,1,0,6.18373057378,0
rough_R0_ground_s0p20,3,10545,14,1,4,0,0,1,0,3.05305515639,0
rough_R0_ground_s0p20,8,11528,4,0,14,0,0,1,0,6.5030979686,0
rough_R0_ground_s0p20,9,10015,12,1,25,0,0,1,0,7.80610741764,0
rough_R0_ground_s0p20,13,11053,13,1,12,0,0,1,0,3.08900206441,0
rough_R0_ground_s0p20,10,13185,3,0,17,0,0,1,0,6.10887389969,0
rough_R0_ground_s0p20,6,11691,0,0,18,0,0,1,0,3.95159228485,0
rough_R0_ground_s0p20,9,9997,9,1,30,0,0,1,0,5.50836297331,0
rough_R0_ground_s0p20,5,10757,0,0,8,0,0,1,0,4.42994675352,0
rough_R0_ground_s0p20,0,11357,8,1,15,0,0,1,0,3.75729410073,0
rough_R0_ground_s0p20,9,9987,12,1,11,0,0,1,0,4.73940905301,0
rough_R0_ground_s0p20,3,10487,9,1,0,0,0,1,0,3.65992610831,0
rough_R0_ground_s0p20,13,11028,4,0,5,0,0,1,0,4.23800800485,0
rough_R0_ground_s0p20,15,13333,9,1,12,0,0,1,0,7.38013865005,0
rough_R0_ground_s0p20,7,12873,1,0,3,0,0,1,0,8.44159806119,0
rough_R0_ground_s0p20,15,13317,2,0,11,0,0,1,0,5.07930188,0
rough_R0_ground_s0p20,0,11332,5,0,9,0,0,1,0,4.66437069053,0
rough_R0_ground_s0p20,10,13125,9,1,12,0,0,1,0,2.85089128346,0
rough_R0_ground_s0p20,13,10980,10,1,18,0,0,1,0,4.73848089357,0
rough_R0_ground_s0p20,10,13084,8,1,12,0,0,1,0,9.12827837885,0
rough_R0_ground_s0p20,11,11163,11,1,1,0,0,1,0,2.63669746153,0
rough_R0_ground_s0p20,2,11363,8,1,15,0,0,1,0,4.22058704318,0
rough_R0_ground_s0p20,4,12027,5,0,7,0,0,1,0,3.98138086397,0
rough_R0_ground_s0p20,5,10659,15,1,14,0,0,1,0,4.11540143171,0
rough_R0_ground_s0p20,5,10640,2,0,2,0,0,1,0,3.86927415049,0
rough_R0_ground_s0p20,8,11367,14,1,11,0,0,1,0,8.85517310488,0
rough_R0_ground_s0p20,9,9864,12,1,17,0,0,1,0,3.76047360277,0
rough_R0_ground_s0p20,4,11963,10,1,9,0,0,1,0,6.70060070148,0
rough_R0_ground_s0p20,8,11351,12,1,20,0,0,1,0,3.54281932397,0
rough_R0_ground_s0p20,15,13206,2,0,11,0,0,1,0,8.29628123825,0
rough_R0_ground_s0p20,9,9829,4,0,14,0,0,1,0,5.54054218405,0
rough_R0_ground_s0p20,0,11202,15,1,16,0,0,1,0,3.86989174289,0
rough_R0_ground_s0p20,2,11290,13,1,5,0,0,1,0,4.84694113573,0
rough_R0_ground_s0p20,2,11283,0,0,18,0,0,1,0,5.32033124485,0
rough_R0_ground_s0p20,11,11037,14,1,2,0,0,1,0,4.73379262138,0
rough_R0_ground_s0p20,1,12964,8,1,16,0,0,1,0,3.87645853663,0
rough_R0_ground_s0p20,11,11023,0,0,27,0,0,1,0,7.01964662983,0
rough_R0_ground_s0p20,5,10517,10,1,14,0,0,1,0,3.82475179999,0
rough_R0_ground_s0p20,4,11888,10,1,9,0,0,1,0,2.80136044566,0
rough_R0_ground_s0p20,10,12917,14,1,6,0,0,1,0,4.50080797658,0
rough_R0_ground_s0p20,9,13746,5,0,10,0,0,1,0,3.57627589311,0
rough_R0_ground_s0p20,11,11005,2,0,25,0,0,1,0,8.30059255137,0
rough_R0_ground_s0p20,5,10496,10,1,13,0,0,1,0,3.79841716491,0
rough_R0_ground_s0p20,7,12652,2,0,4,0,0,1,0,8.28665330292,0
rough_R0_ground_s0p20,2,11224,8,1,17,0,0,1,0,4.47336759713,0
rough_R0_ground_s0p20,3,13362,3,0,8,0,0,1,0,4.77856363664,0
rough_R0_ground_s0p20,0,11105,8,1,9,0,0,1,0,4.18266924594,0
rough_R0_ground_s0p20,4,11841,7,0,26,0,0,1,0,5.02688045311,0
rough_R0_ground_s0p20,1,12881,7,0,19,0,0,1,0,6.78271104599,0
rough_R0_ground_s0p20,3,13302,11,1,14,0,0,1,0,4.62424659839,0
rough_R0_ground_s0p20,6,11394,9,1,15,0,0,1,0,4.8057810953,0
rough_R0_ground_s0p20,12,10520,0,0,26,0,0,1,0,5.94834661743,0
rough_R0_ground_s0p20,1,12844,15,1,16,0,0,1,0,4.86426096125,0
rough_R0_ground_s0p20,3,13268,8,1,15,0,0,1,0,6.84920236077,0
rough_R0_ground_s0p20,7,12557,3,0,18,0,0,1,0,6.20755054385,0
rough_R0_ground_s0p20,5,10413,9,1,11,0,0,1,0,3.95591046564,0
rough_R0_ground_s0p20,5,10411,3,0,1,0,0,1,0,5.81863510664,0
rough_R0_ground_s0p20,14,10019,15,1,7,0,0,1,0,3.90386894651,0
rough_R0_ground_s0p20,9,13629,6,0,16,0,0,1,0,6.76764046366,0
rough_R0_ground_s0p20,9,13626,5,0,2,0,0,1,0,3.42091473933,0
rough_R0_ground_s0p20,14,10003,4,0,14,0,0,1,0,5.51398946681,0
rough_R0_ground_s0p20,14,9995,2,0,8,0,0,1,0,8.87435081909,0
rough_R0_ground_s0p20,5,10363,5,0,6,0,0,1,0,3.98715600527,0
rough_R0_ground_s0p20,10,12764,11,1,15,0,0,1,0,3.57394010403,0
rough_R0_ground_s0p20,7,12501,5,0,3,0,0,1,0,4.98177322598,0
rough_R0_ground_s0p20,13,13735,7,0,2,0,0,1,0,4.92311931941,0
rough_R0_ground_s0p20,15,12927,11,1,11,0,0,1,0,8.42218620733,0
rough_R0_ground_s0p20,9,13564,15,1,3,0,0,1,0,7.43044553163,0
rough_R0_ground_s0p20,11,10842,5,0,13,0,0,1,0,4.18458995069,0
rough_R0_ground_s0p20,13,13704,15,1,13,0,0,1,0,6.27541932275,0
rough_R0_ground_s0p20,8,11082,3,0,13,0,0,1,0,3.58868946124,0
rough_R0_ground_s0p20,6,11276,4,0,8,0,0,1,0,3.29396613332,0
rough_R0_ground_s0p20,14,9904,4,0,17,0,0,1,0,5.34600800765,0
rough_R0_ground_s0p20,10,12693,14,1,14,0,0,1,0,4.30682783061,0
rough_R0_ground_s0p20,10,12679,8,1,13,0,0,1,0,3.96034190988,0
rough_R0_ground_s0p20,5,10267,14,1,12,0,0,1,0,3.76534558154,0
rough_R0_ground_s0p20,13,13674,8,1,18,0,0,1,0,10.5098539626,0
rough_R0_ground_s0p20,10,12665,15,1,7,0,0,1,0,6.1593909151,0
rough_R0_ground_s0p20,13,13654,1,0,20,0,0,1,0,3.17002061071,0
rough_R0_ground_s0p20,8,11043,15,1,8,0,0,1,0,3.67163580486,0
rough_R0_ground_s0p20,3,13069,6,0,8,0,0,1,0,3.93643660923,0
rough_R0_ground_s0p20,3,13053,7,0,17,0,0,1,0,4.70166824343,0
rough_R0_ground_s0p20,10,12627,7,0,10,0,0,1,0,3.24455524381,0
rough_R0_ground_s0p20,8,10980,4,0,2,0,0,1,0,2.58692307154,0
rough_R0_ground_s0p20,13,13610,2,0,2,0,0,1,0,4.98635407829,0
rough_R0_ground_s0p20,12,10277,11,1,14,0,0,1,0,3.07923933243,0
rough_R0_ground_s0p20,4,11536,6,0,13,0,0,1,0,3.82198108581,0
rough_R0_ground_s0p20,15,12776,12,1,2,0,0,1,0,4.20324924217,0
rough_R0_ground_s0p20,9,13379,4,0,26,0,0,1,0,4.45265965463,0
rough_R0_ground_s0p20,5,10148,7,0,15,0,0,1,0,2.99430539956,0
rough_R0_ground_s0p20,8,13950,8,1,14,0,0,1,0,9.84055858547,0
rough_R0_ground_s0p20,0,10781,8,1,5,0,0,1,0,3.66640119298,0
rough_R0_ground_s0p20,14,9734,0,0,1,0,0,1,0,4.17939054888,0
rough_R0_ground_s0p20,13,13537,5,0,16,0,0,1,0,3.13448880469,0
rough_R0_ground_s0p20,7,12277,0,0,8,0,0,1,0,3.46279046437,0
rough_R0_ground_s0p20,3,12948,0,0,0,0,0,1,0,3.54975722454,0
rough_R0_ground_s0p20,3,13442,1,0,0,0,0,1,0,5.01616437395,0
rough_R0_ground_s0p20,11,13848,7,0,10,0,0,1,0,2.96183090979,0
rough_R0_ground_s0p20,11,13845,8,1,0,0,0,1,0,5.0387982288,0
rough_R0_ground_s0p20,10,12501,14,1,18,0,0,1,0,5.77846908571,0
rough_R0_ground_s0p20,8,13908,9,1,4,0,0,1,0,4.95808390835,0
rough_R0_ground_s0p20,4,11480,0,0,10,0,0,1,0,6.71186988185,0
rough_R0_ground_s0p20,13,13512,14,1,23,0,0,1,0,5.27087586526,0
rough_R0_ground_s0p20,6,11094,9,1,9,0,0,1,0,3.37434004376,0
rough_R0_ground_s0p20,1,12534,0,0,14,0,0,1,0,3.97771451515,0
rough_R0_ground_s0p20,14,9675,3,0,17,0,0,1,0,4.2546421976,0
rough_R0_ground_s0p20,8,13885,6,0,2,0,0,1,0,4.3570808503,0
rough_R0_ground_s0p20,15,12711,4,0,17,0,0,1,0,3.77497328428,0
rough_R0_ground_s0p20,1,12513,0,0,14,0,0,1,0,3.58034089266,0
rough_R0_ground_s0p20,14,9659,0,0,11,0,0,1,0,3.99847034656,0
rough_R0_ground_s0p20,14,9657,3,0,28,0,0,1,0,4.90361651619,0
rough_R0_ground_s0p20,12,14468,13,1,5,0,0,1,0,5.37750055257,0
rough_R0_ground_s0p20,15,12662,3,0,27,0,0,1,0,6.29776248203,0
rough_R0_ground_s0p20,13,13442,8,1,12,0,0,1,0,4.41449105897,0
rough_R0_ground_s0p20,0,10658,4,0,11,0,0,1,0,2.80456046559,0
rough_R0_ground_s0p20,0,12339,4,0,0,0,0,0,0,3.40271185357,0
rough_R0_ground_s0p20,0,10652,14,1,14,0,0,1,0,2.7361568371,0
rough_R0_ground_s0p20,5,9987,8,1,3,0,0,1,0,2.82715304525,0
rough_R0_ground_s0p20,0,10642,9,1,22,0,0,1,0,3.1881857259,0
rough_R0_ground_s0p20,4,11412,9,1,20,0,0,1,0,4.01454906577,0
rough_R0_ground_s0p20,5,15588,3,0,21,0,0,1,0,7.58132981291,0
rough_R0_ground_s0p20,12,14413,12,1,9,0,0,1,0,3.57263799751,0
rough_R0_ground_s0p20,0,14419,8,1,5,0,0,1,0,3.16837369235,0
rough_R0_ground_s0p20,13,13389,3,0,15,0,0,1,0,4.62731830235,0
rough_R0_ground_s0p20,11,13713,1,0,8,0,0,1,0,6.16103705742,0
rough_R0_ground_s0p20,0,14400,15,1,5,0,0,1,0,4.87189287186,0
rough_R0_ground_s0p20,7,12109,7,0,27,0,0,1,0,4.21573252978,0
rough_R0_ground_s0p20,15,12586,9,1,1,0,0,1,0,5.10570248422,0
rough_R0_ground_s0p20,13,13360,8,1,8,0,0,1,0,6.94157453113,0
rough_R0_ground_s0p20,15,12569,1,0,21,0,0,1,0,6.50906846542,0
rough_R0_ground_s0p20,12,14371,7,0,20,0,0,1,0,4.55849332149,0
rough_R0_ground_s0p20,5,15519,8,1,21,0,0,1,0,7.76511202954,0
rough_R0_ground_s0p20,13,13334,14,1,3,0,0,1,0,5.48627219609,0
rough_R0_ground_s0p20,4,11333,15,1,15,0,0,1,0,3.00667243273,0
rough_R0_ground_s0p20,1,12384,2,0,17,0,0,1,0,4.10255266562,0
rough_R0_ground_s0p20,9,13153,4,0,20,0,0,1,0,3.39106978836,0
rough_R0_ground_s0p20,14,13958,3,0,24,0,0,1,0,3.93030108818,0
rough_R0_ground_s0p20,3,12722,12,1,19,0,0,1,0,3.35647015896,0
rough_R0_ground_s0p20,10,12294,5,0,8,0,0,1,0,8.36024816272,0
rough_R0_ground_s0p20,3,12712,0,0,21,0,0,1,0,5.70142978929,0
rough_R0_ground_s0p20,8,13676,10,1,8,0,0,1,0,5.15061406394,0
rough_R0_ground_s0p20,8,13673,3,0,33,0,0,1,0,4.0857763004,0
rough_R0_ground_s0p20,0,14302,15,1,8,0,0,1,0,5.25435493149,0
rough_R0_ground_s0p20,7,12006,1,0,11,0,0,1,0,7.4518633401,0
rough_R0_ground_s0p20,0,14300,11,1,13,0,0,1,0,5.91489611623,0
rough_R0_ground_s0p20,11,13619,7,0,12,0,0,1,0,4.27954004486,0
rough_R0_ground_s0p20,4,11255,2,0,0,0,0,1,0,8.22362051494,0
rough_R0_ground_s0p20,0,14276,4,0,7,0,0,1,0,3.74981849978,0
rough_R0_ground_s0p20,10,12229,8,1,7,0,0,1,0,5.77101359858,0
rough_R0_ground_s0p20,12,14215,10,1,8,0,0,1,0,7.47428795655,0
rough_R0_ground_s0p20,3,12621,3,0,10,0,0,1,0,5.43972160009,0
rough_R0_ground_s0p20,0,14240,9,1,30,0,0,1,0,6.7842729349,0
rough_R0_ground_s0p20,3,12615,12,1,5,0,0,1,0,3.03353893748,0
rough_R0_ground_s0p20,6,13734,7,0,10,0,0,1,0,4.98063374536,0
rough_R0_ground_s0p20,6,13722,9,1,14,0,0,1,0,5.51470058825,0
rough_R0_ground_s0p20,1,12211,12,1,2,0,0,1,0,6.92524856803,0
rough_R0_ground_s0p20,1,13874,12,1,0,0,0,0,0,9.85432522664,0
rough_R0_ground_s0p20,11,13524,4,0,9,0,0,1,0,4.46262030524,0
rough_R0_ground_s0p20,14,13786,14,1,6,0,0,1,0,5.53373843467,0
rough_R0_ground_s0p20,12,14155,0,0,38,0,0,1,0,4.40541555155,0
rough_R0_ground_s0p20,10,12124,6,0,0,0,0,1,0,3.73462882983,0
rough_R0_ground_s0p20,8,13530,8,1,0,0,0,1,0,8.60713015497,0
rough_R0_ground_s0p20,3,12533,10,1,3,0,0,1,0,4.74654869638,0
rough_R0_ground_s0p20,14,13755,15,1,12,0,0,1,0,3.62195796301,0
rough_R0_ground_s0p20,8,13501,12,1,14,0,0,1,0,4.41428801318,0
rough_R0_ground_s0p20,12,14113,6,0,7,0,0,1,0,3.89411406886,0
rough_R0_ground_s0p20,13,13111,8,1,6,0,0,1,0,3.0948190866,0
rough_R0_ground_s0p20,6,13667,9,1,9,0,0,1,0,3.68357970712,0
rough_R0_ground_s0p20,12,14101,12,1,17,0,0,1,0,4.74624302503,0
rough_R0_ground_s0p20,15,12298,5,0,1,0,0,1,0,6.92775885641,0
rough_R0_ground_s0p20,8,13469,11,1,12,0,0,1,0,4.66683006075,0
rough_R0_ground_s0p20,3,12491,3,0,19,0,0,1,0,4.9290030322,0
rough_R0_ground_s0p20,5,15218,11,1,0,0,0,1,0,5.15746457514,0
rough_R0_ground_s0p20,8,13446,15,1,10,0,0,1,0,7.84831622716,0
rough_R0_ground_s0p20,7,11809,3,0,18,0,0,1,0,4.19716352704,0
rough_R0_ground_s0p20,10,12021,10,1,18,0,0,1,0,4.21627736827,0
rough_R0_ground_s0p20,8,13427,4,0,5,0,0,1,0,4.14854498041,0
rough_R0_ground_s0p20,8,13421,10,1,13,0,0,1,0,6.88628667394,0
rough_R0_ground_s0p20,12,14029,2,0,9,0,0,1,0,7.4974553836,0
rough_R0_ground_s0p20,6,13588,11,1,10,0,0,1,0,3.11264704629,0
rough_R0_ground_s0p20,6,13941,11,1,0,0,0,0,0,6.02166037026,0
rough_R0_ground_s0p20,8,13409,13,1,7,0,0,1,0,3.55381623456,0
rough_R0_ground_s0p20,13,12995,5,0,6,0,0,1,0,4.45421160726,0
rough_R0_ground_s0p20,11,13352,3,0,10,0,0,1,0,3.68042438374,0
rough_R0_ground_s0p20,11,13896,3,0,0,0,0,0,0,7.01459735473,0
rough_R0_ground_s0p20,1,12005,0,0,15,0,0,1,0,3.02244282846,0
rough_R0_ground_s0p20,2,14322,8,1,16,0,0,1,0,3.85298635633,0
rough_R0_ground_s0p20,14,13627,2,0,11,0,0,1,0,7.2350882852,0
rough_R0_ground_s0p20,4,13934,14,1,8,0,0,1,0,6.08089901256,0
rough_R0_ground_s0p20,9,12767,1,0,8,0,0,1,0,5.64919273426,0
rough_R0_ground_s0p20,13,12938,9,1,11,0,0,1,0,3.87452946763,0
rough_R0_ground_s0p20,12,13949,15,1,11,0,0,1,0,3.52607117081,0
rough_R0_ground_s0p20,4,13911,3,0,17,0,0,1,0,4.15531128548,0
rough_R0_ground_s0p20,7,11698,6,0,9,0,0,1,0,2.91579947153,0
rough_R0_ground_s0p20,10,11935,3,0,33,0,0,1,0,4.6222106506,0
rough_R0_ground_s0p20,6,13497,5,0,25,0,0,1,0,5.19258558193,0
rough_R0_ground_s0p20,2,14265,4,0,20,0,0,1,0,9.66590876719,0
rough_R0_ground_s0p20,12,13926,15,1,7,0,0,1,0,5.04125268745,0
rough_R0_ground_s0p20,15,12138,5,0,1,0,0,1,0,5.18933834837,0
rough_R0_ground_s0p20,10,11896,1,0,11,0,0,1,0,4.60993916751,0
rough_R0_ground_s0p20,8,13292,14,1,14,0,0,1,0,8.08983333854,0
rough_R0_ground_s0p20,6,13416,4,0,13,0,0,1,0,5.78188966884,0
rough_R0_ground_s0p20,13,12855,4,0,7,0,0,1,0,3.2217116337,0
rough_R0_ground_s0p20,6,13413,7,0,18,0,0,1,0,3.62659778931,0
rough_R0_ground_s0p20,10,11874,2,0,6,0,0,1,0,2.95065416008,0
rough_R0_ground_s0p20,15,12079,15,1,8,0,0,1,0,8.83425383878,0
rough_R0_ground_s0p20,14,13509,8,1,21,0,0,1,0,4.9364788406,0
rough_R0_ground_s0p20,12,13848,2,0,8,0,0,1,0,4.49774505888,0
rough_R0_ground_s0p20,4,13787,1,0,9,0,0,1,0,3.84390161201,0
rough_R0_ground_s0p20,8,13226,11,1,4,0,0,1,0,9.8112551557,0
rough_R0_ground_s0p20,2,14169,0,0,20,0,0,1,0,8.93089765066,0
rough_R0_ground_s0p20,10,11811,10,1,9,0,0,1,0,3.75146128622,0
rough_R0_ground_s0p20,14,13454,12,1,10,0,0,1,0,5.32622316709,0
rough_R0_ground_s0p20,13,12782,4,0,8,0,0,1,0,6.2163687439,0
rough_R0_ground_s0p20,4,13734,0,0,15,0,0,1,0,7.11710272688,0
rough_R0_ground_s0p20,11,13153,6,0,8,0,0,1,0,4.77768259571,0
rough_R0_ground_s0p20,1,11786,7,0,6,0,0,1,0,4.00254611039,0
rough_R0_ground_s0p20,9,12573,11,1,14,0,1,1,0,4.18865331642,0
rough_R0_ground_s0p20,2,14121,10,1,6,0,0,1,0,5.67300627474,0
rough_R0_ground_s0p20,6,13284,4,0,20,0,0,1,0,3.84678405162,0
rough_R0_ground_s0p20,11,13132,4,0,7,0,0,1,0,3.80227212874,0
rough_R0_ground_s0p20,10,11749,15,1,9,0,0,1,0,5.65143715662,0
rough_R0_ground_s0p20,2,14110,14,1,13,0,0,1,0,9.56648036205,0
rough_R0_ground_s0p20,13,12750,0,0,15,0,0,1,0,5.18006563073,0
rough_R0_ground_s0p20,7,11536,14,1,10,0,0,1,0,2.72866719596,0
rough_R0_ground_s0p20,13,12748,8,1,2,0,0,1,0,4.76454788931,0
rough_R0_ground_s0p20,10,11747,13,1,11,0,0,1,0,3.95714701656,0
rough_R0_ground_s0p20,8,13137,2,0,0,0,0,1,0,3.82768883697,0
rough_R0_ground_s0p20,15,11949,5,0,13,0,0,1,0,5.25076762329,0
rough_R0_ground_s0p20,0,13721,13,1,14,0,0,1,0,6.67130377517,0
rough_R0_ground_s0p20,11,13107,11,1,18,0,0,1,0,5.9601951138,0
rough_R0_ground_s0p20,1,11715,14,1,18,0,0,1,0,7.34340011272,0
rough_R0_ground_s0p20,11,13075,14,1,2,0,0,1,0,4.03631633796,0
rough_R0_ground_s0p20,15,11899,6,0,2,0,0,1,0,4.84496420631,0
rough_R0_ground_s0p20,3,12130,4,0,17,0,0,1,0,5.50463384815,0
rough_R0_ground_s0p20,8,13094,4,0,27,0,0,1,0,4.06394692271,0
rough_R0_ground_s0p20,0,13664,9,1,19,0,0,1,0,7.60585768832,0
rough_R0_ground_s0p20,2,14000,8,1,14,0,0,1,0,3.53282758433,0
rough_R0_ground_s0p20,9,12458,13,1,15,0,0,1,0,3.46943455949,0
rough_R0_ground_s0p20,15,11832,4,0,14,0,0,1,0,3.49603964929,0
rough_R0_ground_s0p20,2,13978,3,0,20,0,1,1,0,9.15174419137,0
rough_R0_ground_s0p20,5,14779,6,0,5,0,0,1,0,3.41714742161,0
rough_R0_ground_s0p20,13,12645,14,1,5,0,0,1,0,4.48700394231,0
rough_R0_ground_s0p20,15,11783,11,1,22,0,0,1,0,3.26102584614,0
rough_R0_ground_s0p20,1,11642,3,0,20,0,0,1,0,7.84870697984,0
rough_R0_ground_s0p20,6,13162,11,1,16,0,0,1,0,5.86024992382,0
rough_R0_ground_s0p20,1,11627,12,1,18,0,0,1,0,8.27249274117,0
rough_R0_ground_s0p20,7,14649,2,0,9,0,0,1,0,5.69093117661,0
rough_R0_ground_s0p20,9,12382,12,1,19,0,0,1,0,7.84153303259,0
rough_R0_ground_s0p20,12,13575,4,0,8,0,0,1,0,3.18634344871,0
rough_R0_ground_s0p20,15,14375,1,0,11,0,0,1,0,4.64803927175,0
rough_R0_ground_s0p20,9,12375,0,0,17,0,0,1,0,3.12071109838,0
rough_R0_ground_s0p20,0,13571,8,1,12,0,0,1,0,9.70796244844,0
rough_R0_ground_s0p20,13,12582,7,0,12,0,0,1,0,6.38846306453,0
rough_R0_ground_s0p20,15,14356,15,1,6,0,0,1,0,5.42207253743,0
rough_R0_ground_s0p20,11,12936,10,1,12,0,0,1,0,4.49341918066,0
rough_R0_ground_s0p20,7,14618,2,0,12,0,0,1,0,4.44826797086,0
rough_R0_ground_s0p20,10,11527,14,1,25,0,0,1,0,3.54543237121,0
rough_R0_ground_s0p20,1,11581,0,0,20,0,0,1,0,5.24411708036,0
rough_R0_ground_s0p20,14,13196,5,0,9,0,0,1,0,3.48040241316,0
rough_R0_ground_s0p20,6,13064,14,1,3,0,0,1,0,3.28507804973,0
rough_R0_ground_s0p20,7,14575,5,0,11,0,0,1,0,7.73708369484,0
rough_R0_ground_s0p20,9,12310,10,1,11,0,0,1,0,5.74558531658,0
rough_R0_ground_s0p20,9,12293,4,0,11,0,0,1,0,4.08579565379,0
rough_R0_ground_s0p20,11,12866,9,1,10,0,0,1,0,7.08216650242,0
rough_R0_ground_s0p20,6,13037,2,0,12,0,0,1,0,6.28965433809,0
rough_R0_ground_s0p20,11,12848,14,1,6,0,0,1,0,3.51942362472,0
rough_R0_ground_s0p20,3,15609,6,0,18,0,0,1,0,5.08832825057,0
rough_R0_ground_s0p20,7,14539,5,0,23,0,0,1,0,4.45701849899,0
rough_R0_ground_s0p20,11,12844,5,0,1,0,0,1,0,3.03803608076,0
rough_R0_ground_s0p20,12,13433,11,1,6,0,0,1,0,3.96211783823,0
rough_R0_ground_s0p20,10,11407,8,1,6,0,0,1,0,12.8854285353,0
rough_R0_ground_s0p20,4,13368,10,1,12,0,0,1,0,7.80078538068,0
rough_R0_ground_s0p20,9,12228,10,1,12,0,0,1,0,4.9614949543,0
rough_R0_ground_s0p20,2,13788,11,1,11,0,0,1,0,3.21485084309,0
rough_R0_ground_s0p20,12,13397,8,1,6,0,0,1,0,4.47552627155,0
rough_R0_ground_s0p20,7,14479,10,1,13,0,0,1,0,6.71371615216,0
rough_R0_ground_s0p20,5,14565,2,0,6,0,0,1,0,4.07412067434,0
rough_R0_ground_s0p20,1,11481,1,0,10,0,0,1,0,3.83342000986,0
rough_R0_ground_s0p20,3,15533,0,0,20,0,0,1,0,6.56543173455,0
rough_R0_ground_s0p20,3,15525,1,0,22,0,0,1,0,3.92953914145,0
rough_R0_ground_s0p20,14,13064,5,0,18,0,0,1,0,3.2791252056,0
rough_R0_ground_s0p20,7,14431,2,0,4,0,0,1,0,4.08794751336,0
rough_R0_ground_s0p20,15,14143,3,0,15,0,0,1,0,4.57175937855,0
rough_R0_ground_s0p20,13,12371,15,1,10,0,1,1,0,3.14449338556,0
rough_R0_ground_s0p20,4,13306,5,0,23,0,0,1,0,5.33036614295,0
rough_R0_ground_s0p20,2,13721,1,0,6,0,0,1,0,3.90465177525,0
rough_R0_ground_s0p20,10,11331,0,0,5,0,0,1,0,11.2581959623,0
rough_R0_ground_s0p20,15,14131,6,0,3,0,0,1,0,3.86943711884,0
rough_R0_ground_s0p20,8,12760,3,0,15,0,0,1,0,5.7507866639,0
rough_R0_ground_s0p20,13,12323,4,0,8,0,0,1,0,3.92297099221,0
rough_R0_ground_s0p20,1,11371,9,1,22,0,0,1,0,4.32950256683,0
rough_R0_ground_s0p20,9,12094,1,0,12,0,0,1,0,4.35969003685,0
rough_R0_ground_s0p20,11,12654,7,0,8,0,0,1,0,5.83124291025,0
rough_R0_ground_s0p20,13,12276,4,0,30,0,0,1,0,7.29802028892,0
rough_R0_ground_s0p20,8,12696,5,0,11,0,0,1,0,3.13788102246,0
rough_R0_ground_s0p20,7,14332,0,0,19,0,0,1,0,3.62274792694,0
rough_R0_ground_s0p20,3,15411,5,0,0,0,0,1,0,3.32617228472,0
rough_R0_ground_s0p20,4,13222,4,0,14,0,0,1,0,5.74122175215,0
rough_R0_ground_s0p20,5,14404,14,1,11,0,0,1,0,4.81617519648,0
rough_R0_ground_s0p20,15,14018,6,0,28,0,0,1,0,3.34085322991,0
rough_R0_ground_s0p20,14,12934,14,1,4,0,0,1,0,6.73852474498,0
rough_R0_ground_s0p20,14,12929,3,0,5,0,0,1,0,5.75511258523,0
rough_R0_ground_s0p20,1,11299,15,1,19,0,0,1,0,7.64572078455,0
rough_R0_ground_s0p20,11,12609,2,0,19,0,0,1,0,6.10707497512,0
rough_R0_ground_s0p20,2,13581,6,0,15,0,0,1,0,7.63388488217,0
rough_R0_ground_s0p20,15,13979,0,0,3,0,0,1,0,3.71778171328,0
rough_R0_ground_s0p20,2,13572,7,0,18,0,0,1,0,5.02256620584,0
rough_R0_ground_s0p20,3,15337,8,1,19,0,0,1,0,8.44993566277,0
rough_R0_ground_s0p20,12,13182,13,1,5,0,0,1,0,4.09940602625,0
rough_R0_ground_s0p20,15,13971,2,0,1,0,0,1,0,3.00812470506,0
rough_R0_ground_s0p20,15,14388,2,0,0,0,0,0,0,8.04476019059,0
rough_R0_ground_s0p20,2,13554,14,1,21,0,0,1,0,8.85659572796,0
rough_R0_ground_s0p20,4,13144,4,0,13,0,0,1,0,6.66834648621,0
rough_R0_ground_s0p20,1,11243,11,1,22,0,0,1,0,5.98198999261,0
rough_R0_ground_s0p20,14,12872,10,1,17,0,0,1,0,4.22901396127,0
rough_R0_ground_s0p20,0,13185,4,0,13,0,0,1,0,4.78723673022,0
rough_R0_ground_s0p20,8,12582,15,1,23,0,0,1,0,6.20238370591,0
rough_R0_ground_s0p20,5,14308,9,1,9,0,0,1,0,4.46866999813,0
rough_R0_ground_s0p20,4,13117,14,1,9,0,0,1,0,3.60433070428,0
rough_R0_ground_s0p20,8,12573,14,1,24,0,0,1,0,7.26796225428,0
rough_R0_ground_s0p20,5,14299,1,0,12,0,0,1,0,6.41272658039,0
rough_R0_ground_s0p20,10,15093,1,0,16,0,0,1,0,11.1979197145,0
rough_R0_ground_s0p20,4,13070,4,0,7,0,0,1,0,7.21991362242,0
rough_R0_ground_s0p20,4,13062,13,1,25,0,0,1,0,7.23173396084,0
rough_R0_ground_s0p20,0,13122,9,1,8,0,0,1,0,3.56709824313,0
rough_R0_ground_s0p20,9,15374,1,0,0,0,0,1,0,6.81074701663,0
rough_R0_ground_s0p20,2,13437,10,1,18,0,1,1,0,8.47131742242,0
rough_R0_ground_s0p20,8,12498,9,1,13,0,0,1,0,4.81684960389,0
rough_R0_ground_s0p20,11,12451,14,1,18,0,0,1,0,5.51320388878,0
rough_R0_ground_s0p20,2,13410,2,0,19,0,0,1,0,9.77731806384,0
rough_R0_ground_s0p20,14,12724,5,0,16,0,0,1,0,5.61081838157,0
rough_R0_ground_s0p20,11,12439,8,1,8,0,0,1,0,6.37747230459,0
rough_R0_ground_s0p20,4,12966,15,1,12,0,0,1,0,3.34943196719,0
rough_R0_ground_s0p20,1,17976,14,1,10,0,0,1,0,3.70072242997,0
rough_R0_ground_s0p20,9,15275,1,0,23,0,0,1,0,4.27557500874,0
rough_R0_ground_s0p20,8,12410,4,0,9,0,0,1,0,3.46007969696,0
rough_R0_ground_s0p20,4,12935,8,1,24,0,0,1,0,9.27836212618,0
rough_R0_ground_s0p20,9,15270,11,1,6,0,0,1,0,3.84474644191,0
rough_R0_ground_s0p20,1,17954,7,0,22,0,0,1,0,3.76591328635,0
rough_R0_ground_s0p20,8,12405,14,1,19,0,0,1,0,3.74654756259,0
rough_R0_ground_s0p20,2,13320,7,0,15,0,0,1,0,3.62789302156,0
rough_R0_ground_s0p20,10,14919,14,1,12,0,0,1,0,3.58392319405,0
rough_R0_ground_s0p20,13,15421,15,1,4,0,0,1,0,3.59259887024,0
rough_R0_ground_s0p20,5,14096,14,1,7,0,0,1,0,5.35182587935,0
rough_R0_ground_s0p20,12,12949,15,1,6,0,0,1,0,3.81089052989,0
rough_R0_ground_s0p20,9,15238,10,1,15,0,0,1,0,3.20803249966,0
rough_R0_ground_s0p20,1,17907,11,1,19,0,0,1,0,7.16707254472,0
rough_R0_ground_s0p20,13,15384,4,0,13,0,0,1,0,5.50997256433,0
rough_R0_ground_s0p20,5,14050,1,0,11,0,0,1,0,4.16570198624,0
rough_R0_ground_s0p20,15,13700,6,0,6,0,0,1,0,4.23083689398,0
rough_R0_ground_s0p20,12,12919,10,1,21,0,0,1,0,3.45156935901,0
rough_R0_ground_s0p20,15,13697,8,1,12,0,0,1,0,5.62715221386,0
rough_R0_ground_s0p20,15,13695,14,1,8,0,0,1,0,3.68548877011,0
rough_R0_ground_s0p20,3,15071,3,0,34,0,0,1,0,5.01422239694,0
rough_R0_ground_s0p20,10,14841,5,0,13,0,0,1,0,6.65664865402,0
rough_R0_ground_s0p20,2,13217,15,1,12,0,0,1,0,4.34111977147,0
rough_R0_ground_s0p20,2,14830,15,1,0,0,0,0,0,9.41831631902,0
rough_R0_ground_s0p20,7,13915,4,0,7,0,0,1,0,7.04734703073,0
rough_R0_ground_s0p20,0,12899,11,1,19,0,0,1,0,5.96812182285,0
rough_R0_ground_s0p20,0,12896,9,1,16,0,0,1,0,3.78590857968,0
rough_R0_ground_s0p20,13,15310,0,0,5,0,0,1,0,4.18096701615,0
rough_R0_ground_s0p20,10,14816,10,1,28,0,0,1,0,5.03831913492,0
rough_R0_ground_s0p20,9,15146,3,0,10,0,0,1,0,5.0953012031,0
rough_R0_ground_s0p20,3,15015,4,0,5,0,0,1,0,4.6131680468,0
rough_R0_ground_s0p20,2,13162,4,0,21,0,0,1,0,4.40010489821,0
rough_R0_ground_s0p20,12,12856,3,0,39,0,0,1,0,3.98512718935,0
rough_R0_ground_s0p20,13,15255,4,0,11,0,0,1,0,3.70011570667,0
rough_R0_ground_s0p20,0,12851,3,0,14,0,0,1,0,4.67299706884,0
rough_R0_ground_s0p20,1,17786,15,1,26,0,0,1,0,6.00600168894,0
rough_R0_ground_s0p20,3,14976,13,1,12,0,0,1,0,3.53603399783,0
rough_R0_ground_s0p20,8,12220,12,1,12,0,0,1,0,2.64255781378,0
rough_R0_ground_s0p20,15,13597,2,0,10,0,0,1,0,4.80999268879,0
rough_R0_ground_s0p20,8,12216,12,1,6,0,0,1,0,2.59429778209,0
rough_R0_ground_s0p20,15,13589,12,1,16,0,0,1,0,3.42327243234,0
rough_R0_ground_s0p20,10,14725,2,0,18,0,0,1,0,7.08256877192,0
rough_R0_ground_s0p20,4,16009,5,0,20,0,0,1,0,5.50598963321,0
rough_R0_ground_s0p20,3,14939,15,1,17,0,0,1,0,6.99868708554,0
rough_R0_ground_s0p20,7,13787,5,0,23,0,0,1,0,3.82009529566,0
rough_R0_ground_s0p20,13,15179,4,0,20,0,0,1,0,3.91558075822,0
rough_R0_ground_s0p20,11,15639,7,0,18,0,0,1,0,7.60462384934,0
rough_R0_ground_s0p20,10,14689,9,1,0,0,0,1,0,5.57753091322,0
rough_R0_ground_s0p20,10,15125,9,1,0,0,0,0,0,6.47317736393,0
rough_R0_ground_s0p20,8,15416,5,0,1,0,0,1,0,5.97401741555,0
rough_R0_ground_s0p20,13,15167,4,0,16,0,0,1,0,6.00421745442,0
rough_R0_ground_s0p20,7,13768,10,1,2,0,0,1,0,4.27157834697,0
rough_R0_ground_s0p20,6,15212,8,1,13,0,0,1,0,3.96546178797,0
rough_R0_ground_s0p20,14,15582,4,0,27,0,0,1,0,4.70906507374,0
rough_R0_ground_s0p20,6,15197,10,1,9,0,0,1,0,3.27723890725,0
rough_R0_ground_s0p20,15,13514,7,0,4,0,0,1,0,6.80063988386,0
rough_R0_ground_s0p20,3,14892,1,0,2,0,0,1,0,3.65602863011,0
rough_R0_ground_s0p20,13,15130,10,1,15,0,0,1,0,5.61331083487,0
rough_R0_ground_s0p20,6,15165,9,1,17,0,0,1,0,5.55688675232,0
rough_R0_ground_s0p20,14,15502,3,0,4,0,0,1,0,3.86207718701,0
rough_R0_ground_s0p20,10,14593,1,0,31,0,0,1,0,4.28295188312,0
rough_R0_ground_s0p20,10,15126,3,0,1,0,0,1,0,6.30461698771,0
rough_R0_ground_s0p20,2,12955,7,0,15,0,0,1,0,6.03734669004,0
rough_R0_ground_s0p20,12,12639,15,1,9,0,0,1,0,12.2621888051,0
rough_R0_ground_s0p20,15,13446,7,0,17,0,0,1,0,2.8378106698,0
rough_R0_ground_s0p20,4,15850,11,1,13,0,0,1,0,2.88314859177,0
rough_R0_ground_s0p20,2,12945,13,1,8,0,0,1,0,6.99008916064,0
rough_R0_ground_s0p20,7,13673,3,0,10,0,0,1,0,4.83998122716,0
rough_R0_ground_s0p20,1,17608,8,1,35,0,0,1,0,6.11980157557,0
rough_R0_ground_s0p20,14,15477,10,1,5,0,0,1,0,4.78805800231,0
rough_R0_ground_s0p20,4,15820,11,1,19,0,0,1,0,4.29872772456,0
rough_R0_ground_s0p20,11,15490,2,0,10,0,0,1,0,3.27727009158,0
rough_R0_ground_s0p20,8,15252,8,1,2,0,0,1,0,4.16548624466,0
rough_R0_ground_s0p20,7,13637,2,0,13,0,0,1,0,7.4859221581,0
rough_R0_ground_s0p20,2,12875,9,1,16,0,0,1,0,5.39734473274,0
rough_R0_ground_s0p20,3,14757,15,1,3,0,0,1,0,5.51977951727,0
rough_R0_ground_s0p20,14,15399,9,1,17,0,0,1,0,10.5224474835,0
rough_R0_ground_s0p20,8,15175,8,1,23,0,0,1,0,13.6623198392,0
rough_R0_ground_s0p20,5,13628,3,0,17,0,0,1,0,5.84681581554,0
rough_R0_ground_s0p20,0,12530,10,1,14,0,0,1,0,3.19598194611,0
rough_R0_ground_s0p20,2,12805,3,0,9,0,0,1,0,5.29275107497,0
rough_R0_ground_s0p20,14,15354,15,1,12,0,0,1,0,6.6486698224,0
rough_R0_ground_s0p20,0,12524,1,0,27,0,0,1,0,4.82311042446,0
rough_R0_ground_s0p20,15,16007,6,0,22,0,0,1,0,5.11235736237,0
rough_R0_ground_s0p20,0,12511,10,1,18,0,0,1,0,6.81895055379,0
rough_R0_ground_s0p20,0,12494,13,1,21,0,0,1,0,4.20955197211,0
rough_R0_ground_s0p20,4,15653,2,0,14,0,0,1,0,4.94308546894,0
rough_R0_ground_s0p20,11,15354,4,0,26,0,0,1,0,4.07473055515,0
rough_R0_ground_s0p20,6,14887,5,0,20,0,0,1,0,3.83283229778,0
rough_R0_ground_s0p20,13,14900,8,1,10,0,0,1,0,4.23171446508,0
rough_R0_ground_s0p20,7,13452,11,1,11,0,0,1,0,3.49417604843,0
rough_R0_ground_s0p20,13,14886,9,1,8,0,0,1,0,5.51163603624,0
rough_R0_ground_s0p20,10,14352,7,0,10,0,0,1,0,3.7833634553,0
rough_R0_ground_s0p20,0,12448,10,1,12,0,0,1,0,5.5125171394,0
rough_R0_ground_s0p20,5,13551,5,0,23,0,0,1,0,5.44699454199,0
rough_R0_ground_s0p20,0,12437,11,1,10,0,0,1,0,3.55606659768,0
rough_R0_ground_s0p20,5,13535,14,1,13,0,0,1,0,5.45439388491,0
rough_R0_ground_s0p20,5,13526,5,0,21,0,0,1,0,4.89093104938,0
rough_R0_ground_s0p20,3,14550,5,0,10,0,0,1,0,3.51109875443,0
rough_R0_ground_s0p20,5,13497,15,1,15,0,0,1,0,3.36503325458,0
rough_R0_ground_s0p20,8,15015,5,0,14,0,0,1,0,3.64134330934,0
rough_R0_ground_s0p20,6,14780,3,0,16,0,0,1,0,4.2135509508,0
rough_R0_ground_s0p20,8,14998,12,1,7,0,0,1,0,3.30809917926,0
rough_R0_ground_s0p20,2,12622,5,0,18,0,0,1,0,4.62078766248,0
rough_R0_ground_s0p20,12,12305,10,1,4,0,0,1,0,2.58565178601,0
rough_R0_ground_s0p20,11,15203,5,0,9,0,0,1,0,4.01612059329,0
rough_R0_ground_s0p20,11,15190,1,0,10,0,0,1,0,3.40965045244,0
rough_R0_ground_s0p20,14,15151,15,1,3,0,0,1,0,4.29314589795,0
rough_R0_ground_s0p20,15,15811,8,1,13,0,0,1,0,2.9199096423,0
rough_R0_ground_s0p20,6,14716,10,1,29,0,0,1,0,3.85483003857,0
rough_R0_ground_s0p20,5,13410,13,1,3,0,0,1,0,3.5039572842,0
rough_R0_ground_s0p20,9,14542,9,1,17,0,0,1,0,9.47943909223,0
rough_R0_ground_s0p20,9,15391,9,1,0,0,0,0,0,14.960191406,0
rough_R0_ground_s0p20,4,15467,7,0,5,0,0,1,0,3.14053011175,0
rough_R0_ground_s0p20,13,14748,2,0,4,0,0,1,0,7.05524127869,0
rough_R0_ground_s0p20,8,14914,0,0,3,0,0,1,0,3.83953286351,0
rough_R0_ground_s0p20,5,13379,2,0,4,0,0,1,0,3.24993935378,0
rough_R0_ground_s0p20,0,15934,0,0,24,0,0,1,0,3.99974525575,0
rough_R0_ground_s0p20,9,14519,0,0,6,0,0,1,0,4.9272390181,0
rough_R0_ground_s0p20,7,16663,3,0,13,0,1,1,0,4.98504764625,0
rough_R0_ground_s0p20,3,14393,4,0,12,0,0,1,0,4.07340170055,0
rough_R0_ground_s0p20,4,15431,1,0,11,0,0,1,0,5.68208570018,0
rough_R0_ground_s0p20,9,14493,10,1,5,0,0,1,0,4.2550676516,0
rough_R0_ground_s0p20,7,16630,0,0,9,0,0,1,0,7.94236252323,0
rough_R0_ground_s0p20,9,14476,10,1,6,0,0,1,0,5.14336683251,0
rough_R0_ground_s0p20,3,14348,8,1,39,0,0,1,0,7.48064736431,0
rough_R0_ground_s0p20,11,15071,12,1,12,0,0,1,0,6.18540119819,0
rough_R0_ground_s0p20,6,14600,15,1,11,0,0,1,0,14.4116371775,0
rough_R0_ground_s0p20,14,14993,2,0,35,0,0,1,0,4.07699440773,0
rough_R0_ground_s0p20,5,13285,0,0,32,0,0,1,0,3.91356343923,0
rough_R0_ground_s0p20,10,14087,5,0,1,0,0,1,0,5.01041284841,0
rough_R0_ground_s0p20,3,14320,7,0,4,0,0,1,0,4.69035414904,0
rough_R0_ground_s0p20,6,14586,9,1,13,0,0,1,0,6.94985987965,0
rough_R0_ground_s0p20,15,15680,9,1,13,0,0,1,0,4.95212829147,0
rough_R0_ground_s0p20,0,15819,15,1,1,0,0,1,0,7.89328474517,0
rough_R0_ground_s0p20,3,14307,5,0,19,0,0,1,0,3.34230695282,0
rough_R0_ground_s0p20,2,12407,9,1,14,0,0,1,0,4.40654086751,0
rough_R0_ground_s0p20,15,15658,13,1,19,0,0,1,0,4.79098726456,0
rough_R0_ground_s0p20,14,14958,11,1,6,0,0,1,0,8.39719153954,0
rough_R0_ground_s0p20,3,14292,6,0,15,0,0,1,0,7.09226870641,0
rough_R0_ground_s0p20,9,14386,12,1,8,0,0,1,0,4.44757654478,0
rough_R0_ground_s0p20,12,16161,13,1,34,0,0,1,0,3.89747017732,0
rough_R0_ground_s0p20,9,14359,0,0,23,0,0,1,0,5.42722599943,0
rough_R0_ground_s0p20,14,14888,4,0,16,0,0,1,0,2.89551792806,0
rough_R0_ground_s0p20,5,13200,7,0,13,0,0,1,0,3.05306925848,0
rough_R0_ground_s0p20,15,15580,13,1,3,0,0,1,0,5.3846709027,0
rough_R0_ground_s0p20,14,14862,15,1,6,0,0,1,0,6.7946694461,0
rough_R0_ground_s0p20,5,13174,8,1,1,0,0,1,0,5.26275112043,0
rough_R0_ground_s0p20,10,13957,11,1,10,0,0,1,0,7.78481870924,0
rough_R0_ground_s0p20,11,14950,7,0,23,0,0,1,0,8.89559453765,0
rough_R0_ground_s0p20,13,14493,5,0,22,0,0,1,0,5.43851491293,0
rough_R0_ground_s0p20,1,17057,6,0,17,0,0,1,0,3.75176620585,0
rough_R0_ground_s0p20,7,16426,9,1,1,0,0,1,0,3.38973635127,0
rough_R0_ground_s0p20,11,14927,4,0,13,0,0,1,0,3.43924363699,0
rough_R0_ground_s0p20,6,14459,10,1,7,0,0,1,0,6.80331418814,0
rough_R0_ground_s0p20,5,13143,7,0,5,0,0,1,0,3.88986874496,0
rough_R0_ground_s0p20,8,14653,10,1,10,0,0,1,0,5.31054194851,0
rough_R0_ground_s0p20,2,12261,14,1,14,0,0,1,0,4.96584247175,0
rough_R0_ground_s0p20,15,15513,9,1,27,0,0,1,0,3.7360583345,0
rough_R0_ground_s0p20,15,15504,10,1,14,0,0,1,0,6.03883595083,0
rough_R0_ground_s0p20,15,16115,10,1,0,0,0,0,0,8.94371151195,0
rough_R0_ground_s0p20,2,12252,10,1,15,0,0,1,0,5.77994487048,0
rough_R0_ground_s0p20,8,14615,14,1,11,0,0,1,0,5.19716065072,0
rough_R0_ground_s0p20,7,16360,13,1,10,0,0,1,0,5.62468649826,0
rough_R0_ground_s0p20,7,16354,10,1,13,0,0,1,0,4.24634530849,0
rough_R0_ground_s0p20,3,14120,9,1,10,0,0,1,0,4.53611878853,0
rough_R0_ground_s0p20,9,14221,1,0,13,0,0,1,0,4.4418137314,0
rough_R0_ground_s0p20,9,15396,1,0,0,0,0,0,0,6.2265158506,0
rough_R0_ground_s0p20,13,14393,2,0,12,0,0,1,0,4.87052235376,0
rough_R0_ground_s0p20,4,15164,4,0,17,0,0,1,0,6.21928216925,0
rough_R0_ground_s0p20,8,14581,5,0,0,0,0,0,0,5.27862809155,0
rough_R0_ground_s0p20,4,15155,1,0,1,0,0,1,0,2.6884788587,0
rough_R0_ground_s0p20,8,14568,10,1,17,0,0,1,0,5.5441080394,0
rough_R0_ground_s0p20,6,14361,1,0,15,0,0,1,0,4.59257131412,0
rough_R0_ground_s0p20,5,13051,1,0,22,0,0,1,0,4.11734790264,0
rough_R0_ground_s0p20,6,14352,4,0,13,0,0,1,0,4.29407970692,0
rough_R0_ground_s0p20,9,14167,6,0,1,0,0,1,0,4.77994164689,0
rough_R0_ground_s0p20,1,16927,9,1,12,0,0,1,0,3.15108627205,0
rough_R0_ground_s0p20,3,14070,1,0,21,0,0,1,0,3.13116480172,0
rough_R0_ground_s0p20,13,14301,13,1,12,0,0,1,0,3.15663398489,0
rough_R0_ground_s0p20,7,16272,9,1,28,0,0,1,0,3.5537954939,0
rough_R0_ground_s0p20,7,16264,7,0,15,0,0,1,0,3.50863591808,0
rough_R0_ground_s0p20,9,14112,0,0,4,0,0,1,0,3.57348277588,0
rough_R0_ground_s0p20,0,15501,13,1,22,0,0,1,0,3.34514690448,0
rough_R0_ground_s0p20,2,16466,5,0,21,0,0,1,0,6.7546491326,0
rough_R0_ground_s0p20,3,14018,12,1,6,0,0,1,0,4.15230375921,0
rough_R0_ground_s0p20,11,14707,8,1,20,0,0,1,0,5.3051632328,0
rough_R0_ground_s0p20,7,16178,7,0,4,0,0,1,0,9.80879341784,0
rough_R0_ground_s0p20,5,12921,9,1,4,0,0,1,0,5.73505013475,0
rough_R0_ground_s0p20,6,14245,13,1,3,0,0,1,0,11.9337526149,0
rough_R0_ground_s0p20,8,15467,11,1,0,0,0,1,0,6.68015716104,0
rough_R0_ground_s0p20,15,15304,12,1,19,0,0,1,0,3.82046098865,0
rough_R0_ground_s0p20,6,14223,9,1,23,0,0,1,0,5.41856578403,0
rough_R0_ground_s0p20,3,13902,14,1,15,0,0,1,0,3.79678558796,0
rough_R0_ground_s0p20,15,15238,13,1,6,0,0,1,0,8.89743234351,0
rough_R0_ground_s0p20,7,16088,1,0,0,0,0,1,0,4.85577655578,0
rough_R0_ground_s0p20,12,15786,11,1,11,0,0,1,0,5.37017484572,0
rough_R0_ground_s0p20,10,16784,11,1,20,0,0,1,0,3.62900287496,0
rough_R0_ground_s0p20,3,13877,8,1,21,0,0,1,0,5.1356441427,0
rough_R0_ground_s0p20,3,13874,2,0,19,0,0,1,0,5.34811567222,0
rough_R0_ground_s0p20,0,15365,0,0,23,0,0,1,0,3.56003980311,0
rough_R0_ground_s0p20,14,14501,6,0,2,0,0,1,0,6.12995853011,0
rough_R0_ground_s0p20,1,16724,1,0,16,0,0,1,0,4.44275917572,0
rough_R0_ground_s0p20,14,14486,0,0,8,0,0,1,0,4.4020929581,0
rough_R0_ground_s0p20,11,14578,2,0,20,0,0,1,0,5.34712397515,0
rough_R0_ground_s0p20,1,16702,4,0,21,0,0,1,0,4.14794504661,0
rough_R0_ground_s0p20,7,16021,10,1,5,0,0,1,0,3.93782357548,0
rough_R0_ground_s0p20,8,14339,14,1,0,0,0,0,0,5.8871095913,0
rough_R0_ground_s0p20,13,14087,15,1,7,0,0,1,0,4.62924276674,0
rough_R0_ground_s0p20,7,16008,11,1,13,0,0,1,0,3.51063676751,0
rough_R0_ground_s0p20,3,13828,6,0,22,0,0,1,0,3.66523243253,0
rough_R0_ground_s0p20,11,14538,10,1,8,0,0,1,0,3.71931579314,0
rough_R0_ground_s0p20,15,15167,2,0,8,0,0,1,0,3.21172136232,0
rough_R0_ground_s0p20,5,12769,15,1,4,0,0,1,0,3.0181640402,0
rough_R0_ground_s0p20,11,14526,12,1,11,0,0,1,0,2.81924777744,0
rough_R0_ground_s0p20,13,14032,2,0,16,0,0,1,0,5.58456008405,0
rough_R0_ground_s0p20,1,16649,7,0,10,0,0,1,0,5.50016192825,0
rough_R0_ground_s0p20,10,16685,3,0,11,0,0,1,0,9.13043504665,0
rough_R0_ground_s0p20,7,15938,3,0,14,0,0,1,0,10.1679981915,0
rough_R0_ground_s0p20,11,14470,5,0,8,0,0,1,0,2.9446465415,0
rough_R0_ground_s0p20,6,15364,11,1,3,0,0,1,0,4.44950947124,0
rough_R0_ground_s0p20,4,14756,15,1,8,0,0,1,0,3.22834659357,0
rough_R0_ground_s0p20,14,14328,3,0,8,0,0,1,0,3.17310101146,0
rough_R0_ground_s0p20,3,13731,10,1,14,0,0,1,0,3.02864368818,0
rough_R0_ground_s0p20,1,16554,10,1,4,0,0,1,0,3.83077326344,0
rough_R0_ground_s0p20,6,17009,14,1,15,0,0,1,0,5.2412442292,0
rough_R0_ground_s0p20,3,13700,15,1,29,0,0,1,0,4.22793649229,0
rough_R0_ground_s0p20,11,14384,14,1,8,0,0,1,0,3.23583274619,0
rough_R0_ground_s0p20,12,15567,13,1,19,0,0,1,0,5.07930811563,0
rough_R0_ground_s0p20,11,14378,0,0,5,0,0,1,0,3.39395187721,0
rough_R0_ground_s0p20,9,17697,12,1,25,0,0,1,0,8.23767597114,0
rough_R0_ground_s0p20,10,16542,15,1,12,0,0,1,0,9.37949811292,0
rough_R0_ground_s0p20,5,12575,12,1,10,0,0,1,0,5.55954983757,0
rough_R0_ground_s0p20,15,14989,14,1,2,0,0,1,0,5.86785647703,0
rough_R0_ground_s0p20,2,16100,8,1,9,0,0,1,0,5.08878996662,0
rough_R0_ground_s0p20,13,18753,3,0,10,0,0,1,0,8.7489967344,0
rough_R0_ground_s0p20,13,18746,8,1,5,0,0,1,0,10.2719130208,0
rough_R0_ground_s0p20,7,15767,9,1,18,0,0,1,0,3.41484795511,0
rough_R0_ground_s0p20,1,16445,13,1,21,0,0,1,0,3.52348744985,0
rough_R0_ground_s0p20,11,14299,14,1,4,0,0,1,0,5.03290120892,0
rough_R0_ground_s0p20,15,14928,13,1,12,0,0,1,0,9.14937863743,0
rough_R0_ground_s0p20,9,17602,3,0,9,0,0,1,0,4.00672404438,0
rough_R0_ground_s0p20,14,14174,6,0,15,0,0,1,0,3.13445460869,0
rough_R0_ground_s0p20,13,18687,0,0,8,0,0,1,0,3.05945337295,0
rough_R0_ground_s0p20,15,14915,5,0,9,0,0,1,0,3.19439883834,0
rough_R0_ground_s0p20,6,16906,8,1,20,0,0,1,0,6.11588493612,0
rough_R0_ground_s0p20,1,16388,1,0,18,0,0,1,0,7.12181434544,0
rough_R0_ground_s0p20,8,14031,1,0,11,0,0,1,0,2.66853987014,0
rough_R0_ground_s0p20,7,15717,13,1,11,0,0,1,0,5.09466105963,0
rough_R0_ground_s0p20,5,12443,3,0,11,0,0,1,0,2.82967472255,0
rough_R0_ground_s0p20,15,14881,4,0,6,0,0,1,0,3.08152843458,0
rough_R0_ground_s0p20,13,18649,3,0,6,0,0,1,0,3.47244469646,0
rough_R0_ground_s0p20,12,15430,14,1,2,0,0,1,0,4.77776885479,0
rough_R0_ground_s0p20,9,17545,7,0,10,0,0,1,0,3.19866721372,0
rough_R0_ground_s0p20,10,16419,5,0,16,0,0,1,0,4.85755015005,0
rough_R0_ground_s0p20,15,14846,1,0,9,0,0,1,0,3.73021913327,0
rough_R0_ground_s0p20,15,14840,5,0,9,0,0,1,0,7.00497090076,0
rough_R0_ground_s0p20,3,13483,12,1,15,0,0,1,0,2.60666671897,0
rough_R0_ground_s0p20,9,17480,14,1,23,0,0,1,0,8.51761335537,0
rough_R0_ground_s0p20,11,14143,6,0,5,0,0,1,0,9.48607666403,0
rough_R0_ground_s0p20,8,16891,0,0,22,0,0,1,0,8.81224624764,0
rough_R0_ground_s0p20,9,17463,13,1,6,0,0,1,0,10.7902506607,0
rough_R0_ground_s0p20,6,16782,9,1,6,0,0,1,0,5.14092486203,0
rough_R0_ground_s0p20,1,16263,0,0,15,0,0,1,0,7.51067750039,0
rough_R0_ground_s0p20,7,15589,1,0,15,0,0,1,0,6.62970916204,0
rough_R0_ground_s0p20,2,15886,6,0,18,0,0,1,0,4.57870558738,0
rough_R0_ground_s0p20,3,17490,9,1,11,0,0,1,0,4.77051900653,0
rough_R0_ground_s0p20,0,14884,12,1,8,0,0,1,0,5.36265818799,0
rough_R0_ground_s0p20,10,16320,14,1,13,0,0,1,0,12.6594185689,0
rough_R0_ground_s0p20,12,15301,9,1,9,0,0,1,0,4.9475414778,0
rough_R0_ground_s0p20,11,14099,11,1,17,0,0,1,0,5.08447228387,0
rough_R0_ground_s0p20,14,17203,4,0,5,0,0,1,0,7.00551739794,0
rough_R0_ground_s0p20,10,16300,7,0,19,0,0,1,0,6.63211168473,0
rough_R0_ground_s0p20,12,15274,14,1,30,0,0,1,0,5.96027251956,0
rough_R0_ground_s0p20,12,15271,12,1,15,0,0,1,0,3.05404401704,0
rough_R0_ground_s0p20,6,16707,3,0,15,0,0,1,0,4.57407931533,0
rough_R0_ground_s0p20,10,16257,6,0,13,0,0,1,0,7.0398642787,0
rough_R0_ground_s0p20,13,18445,2,0,7,0,0,1,0,13.0849165036,0
rough_R0_ground_s0p20,12,15234,7,0,24,0,0,1,0,8.37876057672,0
rough_R0_ground_s0p20,1,16132,13,1,13,0,0,1,0,3.55751356009,0
rough_R0_ground_s0p20,1,16122,4,0,9,0,0,1,0,3.65473409152,0
rough_R0_ground_s0p20,15,14664,1,0,7,0,0,1,0,8.06058842808,0
rough_R0_ground_s0p20,2,15709,14,1,6,0,0,1,0,2.80685562813,0
rough_R0_ground_s0p20,2,16577,14,1,0,0,0,0,0,8.94539024411,0
rough_R0_ground_s0p20,0,14725,5,0,5,0,0,1,0,4.06537362505,0
rough_R0_ground_s0p20,0,16040,7,0,3,0,0,1,0,5.50948042655,0
rough_R0_ground_s0p20,15,14636,1,0,12,0,0,1,0,2.91814598472,0
rough_R0_ground_s0p20,4,14222,11,1,15,0,0,1,0,2.85465510795,0
rough_R0_ground_s0p20,6,16603,0,0,7,0,0,1,0,4.40120500071,0
rough_R0_ground_s0p20,2,15688,9,1,19,0,0,1,0,4.07709653302,0
rough_R0_ground_s0p20,12,15131,9,1,8,0,0,1,0,4.40789346789,0
rough_R0_ground_s0p20,7,15369,14,1,13,0,0,1,0,4.76000098424,0
rough_R0_ground_s0p20,13,18346,6,0,11,0,0,1,0,4.0714822435,0
rough_R0_ground_s0p20,8,16701,3,0,11,0,0,1,0,4.46867164003,0
rough_R0_ground_s0p20,9,17245,2,0,10,0,0,1,0,5.90649810156,0
rough_R0_ground_s0p20,11,19569,0,0,0,0,0,1,0,9.41325810468,0
rough_R0_ground_s0p20,13,18314,7,0,1,0,0,1,0,6.21906511297,0
rough_R0_ground_s0p20,8,16660,13,1,3,0,0,1,0,5.05919310336,0
rough_R0_ground_s0p20,15,14491,0,0,9,0,0,1,0,3.25159389217,0
rough_R0_ground_s0p20,2,15589,9,1,8,0,0,1,0,8.72501656314,0
rough_R0_ground_s0p20,6,16516,15,1,4,0,0,1,0,3.36169416562,0
rough_R0_ground_s0p20,14,16919,12,1,11,0,0,1,0,7.26738999601,0
rough_R0_ground_s0p20,6,16506,3,0,10,0,0,1,0,6.06644532441,0
rough_R0_ground_s0p20,6,16495,10,1,4,0,0,1,0,9.53934108245,0
rough_R0_ground_s0p20,12,15022,13,1,15,0,0,1,0,3.39815160412,0
rough_R0_ground_s0p20,9,17151,7,0,4,0,0,1,0,4.36813531489,0
rough_R0_ground_s0p20,12,15015,9,1,5,0,0,1,0,4.4593703975,0
rough_R0_ground_s0p20,2,15564,13,1,14,0,0,1,0,3.48940839283,0
rough_R0_ground_s0p20,3,17182,2,0,14,0,0,1,0,6.61760713195,0
rough_R0_ground_s0p20,7,15227,5,0,5,0,0,1,0,4.33119702272,0
rough_R0_ground_s0p20,2,15554,6,0,12,0,0,1,0,5.09286107003,0
rough_R0_ground_s0p20,7,15214,15,1,10,0,0,1,0,5.75387139126,0
rough_R0_ground_s0p20,7,15211,15,1,8,0,0,1,0,5.25518814979,0
rough_R0_ground_s0p20,9,17089,14,1,6,0,0,1,0,5.84948539293,0
rough_R0_ground_s0p20,6,16409,7,0,12,0,0,1,0,5.4228186759,0
rough_R0_ground_s0p20,3,17121,0,0,11,0,0,1,0,7.61034085647,0
rough_R0_ground_s0p20,7,15166,7,0,1,0,0,1,0,3.10140008901,0
rough_R0_ground_s0p20,10,15972,12,1,16,0,0,1,0,7.6629315907,0
rough_R0_ground_s0p20,14,16814,1,0,19,0,0,1,0,5.01735155366,0
rough_R0_ground_s0p20,8,16521,11,1,13,0,0,1,0,5.96108531983,0
rough_R0_ground_s0p20,10,15966,7,0,18,0,0,1,0,5.93974893443,0
rough_R0_ground_s0p20,2,15487,7,0,12,0,0,1,0,3.73211318607,0
rough_R0_ground_s0p20,1,15809,0,0,24,0,0,1,0,3.81145339932,0
rough_R0_ground_s0p20,11,19353,9,1,8,0,0,1,0,3.16626536248,0
rough_R0_ground_s0p20,5,17936,11,1,7,0,0,1,0,4.97967801868,0
rough_R0_ground_s0p20,1,15779,1,0,7,0,0,1,0,3.62832475968,0
rough_R0_ground_s0p20,4,17331,1,0,6,0,0,1,0,9.45164067875,0
rough_R0_ground_s0p20,12,14881,3,0,11,0,0,1,0,3.34864412171,0
rough_R0_ground_s0p20,9,16993,10,1,2,0,0,1,0,3.99557962787,0
rough_R0_ground_s0p20,11,19312,5,0,19,0,0,1,0,5.26916395678,0
rough_R0_ground_s0p20,8,16452,14,1,6,0,0,1,0,7.82900119341,0
rough_R0_ground_s0p20,0,17810,8,1,17,0,0,1,0,5.2444763403,0
rough_R0_ground_s0p20,1,15729,15,1,20,0,0,1,0,4.84843721488,0
rough_R0_ground_s0p20,7,15062,7,0,17,0,0,1,0,5.22798114009,0
rough_R0_ground_s0p20,14,16698,1,0,9,0,0,1,0,3.75329319471,0
rough_R0_ground_s0p20,0,17783,6,0,7,0,0,1,0,5.59097239481,0
rough_R0_ground_s0p20,14,16675,8,1,11,0,0,1,0,3.82127500838,0
rough_R0_ground_s0p20,14,17272,8,1,0,0,0,0,0,4.18119939583,0
rough_R0_ground_s0p20,15,17897,9,1,3,0,0,1,0,6.00826056616,0
rough_R0_ground_s0p20,13,18003,2,0,18,0,0,1,0,3.18487901058,0
rough_R0_ground_s0p20,11,19256,14,1,8,0,0,1,0,4.49493211384,0
rough_R0_ground_s0p20,5,17835,9,1,14,0,0,1,0,6.64643449229,0
rough_R0_ground_s0p20,3,16991,14,1,14,0,0,1,0,3.45595294529,0
rough_R0_ground_s0p20,4,17260,13,1,5,0,0,1,0,4.81860906081,0
rough_R0_ground_s0p20,13,17987,14,1,26,0,0,1,0,14.1425405948,0
rough_R0_ground_s0p20,15,17884,9,1,16,0,1,1,0,7.08096479527,0
rough_R0_ground_s0p20,12,14791,1,0,23,0,0,1,0,4.34019932061,0
rough_R0_ground_s0p20,4,17243,15,1,9,0,0,1,0,9.27378327905,0
rough_R0_ground_s0p20,7,15005,0,0,7,0,0,1,0,4.12265228672,0
rough_R0_ground_s0p20,10,15800,1,0,18,0,0,1,0,4.3207936016,0
rough_R0_ground_s0p20,5,17799,9,1,25,0,0,1,0,4.82572018481,0
rough_R0_ground_s0p20,10,15789,2,0,35,0,0,1,0,3.3436580294,0
rough_R0_ground_s0p20,3,16936,1,0,13,0,0,1,0,3.7800561972,0
rough_R0_ground_s0p20,4,17200,12,1,6,0,0,1,0,7.64929173018,0
rough_R0_ground_s0p20,6,16208,4,0,15,0,0,1,0,4.54099710784,0
rough_R0_ground_s0p20,5,17768,9,1,16,0,0,1,0,3.57439109806,0
rough_R0_ground_s0p20,14,16593,6,0,20,0,0,1,0,8.28820319552,0
rough_R0_ground_s0p20,0,17637,11,1,11,0,0,1,0,4.94262847786,0
rough_R0_ground_s0p20,5,17714,2,0,17,0,0,1,0,4.78376257164,0
rough_R0_ground_s0p20,12,17831,14,1,5,0,0,1,0,3.62767694521,0
rough_R0_ground_s0p20,0,17632,6,0,13,0,0,1,0,5.36145946864,0
rough_R0_ground_s0p20,8,16296,1,0,25,0,0,1,0,4.657381001,0
rough_R0_ground_s0p20,3,16862,9,1,19,0,0,1,0,3.78962299026,0
rough_R0_ground_s0p20,3,16848,10,1,2,0,0,1,0,7.54308802076,0
rough_R0_ground_s0p20,6,16138,3,0,4,0,0,1,0,4.23972247068,0
rough_R0_ground_s0p20,12,17815,15,1,0,0,0,1,0,3.08946476527,0
rough_R0_ground_s0p20,2,15195,4,0,5,0,0,1,0,3.39116616582,0
rough_R0_ground_s0p20,9,16754,10,1,4,0,0,1,0,7.48880446647,0
rough_R0_ground_s0p20,6,16122,15,1,11,0,0,1,0,3.63194543739,0
rough_R0_ground_s0p20,6,16115,10,1,3,0,0,1,0,6.01698323072,0
rough_R0_ground_s0p20,1,15513,3,0,4,0,0,1,0,6.69434801645,0
rough_R0_ground_s0p20,8,16245,11,1,11,0,0,1,0,4.1510228888,0
rough_R0_ground_s0p20,11,19050,12,1,8,0,0,1,0,5.29681556045,0
rough_R0_ground_s0p20,4,17082,15,1,3,0,0,1,0,5.42754072072,0
rough_R0_ground_s0p20,5,17646,9,1,17,0,0,1,0,3.84534974737,0
rough_R0_ground_s0p20,7,14785,14,1,2,0,0,1,0,2.58634113232,0
rough_R0_ground_s0p20,10,15619,9,1,3,0,0,1,0,5.17268123195,0
rough_R0_ground_s0p20,2,15155,1,0,22,0,0,1,0,3.33277819451,0
rough_R0_ground_s0p20,1,15469,3,0,19,0,0,1,0,5.45726883192,0
rough_R0_ground_s0p20,9,16677,2,0,4,0,0,1,0,6.37686833032,0
rough_R0_ground_s0p20,8,16184,15,1,12,0,0,1,0,3.77722611299,0
rough_R0_ground_s0p20,11,18998,2,0,16,0,0,1,0,3.85422567103,0
rough_R0_ground_s0p20,6,16019,15,1,12,0,0,1,0,4.80578280873,0
rough_R0_ground_s0p20,2,15089,9,1,12,0,0,1,0,4.05754604631,0
rough_R0_ground_s0p20,3,16718,5,0,17,0,0,1,0,3.9626862874,0
rough_R0_ground_s0p20,15,17608,4,0,5,0,0,1,0,3.94201206918,0
rough_R0_ground_s0p20,0,17493,4,0,15,0,0,1,0,7.25856520166,0
rough_R0_ground_s0p20,13,17694,15,1,21,0,0,1,0,3.12699309364,0
rough_R0_ground_s0p20,8,16141,7,0,15,0,0,1,0,5.54297791447,0
rough_R0_ground_s0p20,0,17471,0,0,14,0,0,1,0,5.58090481283,0
rough_R0_ground_s0p20,2,15043,13,1,22,0,0,1,0,7.01939579591,0
rough_R0_ground_s0p20,1,15333,4,0,22,0,0,1,0,3.75370259512,0
rough_R0_ground_s0p20,11,18922,10,1,9,0,0,1,0,8.55481427736,0
rough_R0_ground_s0p20,9,16585,3,0,20,0,0,1,0,6.0529428817,0
rough_R0_ground_s0p20,5,17513,15,1,15,0,0,1,0,3.92375962797,0
rough_R0_ground_s0p20,5,18404,15,1,0,0,0,0,0,4.32933755032,0
rough_R0_ground_s0p20,11,18900,6,0,10,0,0,1,0,6.02274878489,0
rough_R0_ground_s0p20,0,17413,14,1,5,0,0,1,0,3.3471424273,0
rough_R0_ground_s0p20,3,16621,9,1,7,0,0,1,0,5.87607598844,0
rough_R0_ground_s0p20,8,16063,8,1,5,0,0,1,0,4.95396871726,0
rough_R0_ground_s0p20,8,16060,0,0,0,0,0,1,0,7.3057270563,0
rough_R0_ground_s0p20,4,16886,15,1,10,0,0,1,0,5.19940449692,0
rough_R0_ground_s0p20,0,17355,7,0,4,0,0,1,0,3.25479653526,0
rough_R0_ground_s0p20,0,17351,8,1,9,0,0,1,0,6.10624097339,0
rough_R0_ground_s0p20,0,17348,2,0,6,0,0,1,0,4.74235085355,0
rough_R0_ground_s0p20,12,17547,15,1,9,0,0,1,0,5.53167469041,0
rough_R0_ground_s0p20,14,16281,7,0,11,0,0,1,0,10.1287361196,0
rough_R0_ground_s0p20,13,17556,10,1,2,0,0,1,0,6.77365611208,0
rough_R0_ground_s0p20,7,18113,2,0,14,0,0,1,0,6.06690928021,0
rough_R0_ground_s0p20,0,17315,9,1,0,0,0,0,0,4.88218418181,0
rough_R0_ground_s0p20,3,16538,2,0,10,0,0,1,0,4.85223369506,0
rough_R0_ground_s0p20,0,17294,2,0,4,0,0,1,0,4.91315165439,0
rough_R0_ground_s0p20,7,18094,15,1,10,0,0,1,0,4.54417376544,0
rough_R0_ground_s0p20,3,16531,7,0,14,0,0,1,0,5.4862086084,0
rough_R0_ground_s0p20,9,16425,11,1,9,0,0,1,0,4.27725342617,0
rough_R0_ground_s0p20,3,16489,3,0,11,0,0,1,0,3.11484517493,0
rough_R0_ground_s0p20,1,15172,9,1,11,0,0,1,0,7.86810102672,0
rough_R0_ground_s0p20,10,15308,2,0,6,0,0,1,0,3.9700315601,0
rough_R0_ground_s0p20,13,17463,2,0,10,0,0,1,0,4.98961400922,0
rough_R0_ground_s0p20,14,16194,10,1,6,0,0,1,0,4.03816575771,0
rough_R0_ground_s0p20,7,18049,3,0,15,0,0,1,0,4.74532109626,0
rough_R0_ground_s0p20,1,15170,12,1,21,0,0,1,0,4.85551080609,0
rough_R0_ground_s0p20,5,17357,1,0,19,0,0,1,0,3.83281222834,0
rough_R0_ground_s0p20,4,16777,13,1,10,0,0,1,0,7.27439840389,0
rough_R0_ground_s0p20,15,17371,13,1,1,0,0,1,0,3.76501014566,0
rough_R0_ground_s0p20,15,17355,3,0,1,0,0,1,0,4.43266199748,0
rough_R0_ground_s0p20,2,18347,11,1,14,0,0,1,0,7.4960132159,0
rough_R0_ground_s0p20,9,16397,15,1,13,0,0,1,0,8.37612696328,0
rough_R0_ground_s0p20,8,15921,1,0,12,0,0,1,0,4.4444674704,0
rough_R0_ground_s0p20,3,16447,11,1,14,0,0,1,0,9.82415419914,0
rough_R0_ground_s0p20,11,18716,8,1,16,0,0,1,0,4.09802539417,0
rough_R0_ground_s0p20,5,17326,15,1,15,0,0,1,0,6.1761406067,0
rough_R0_ground_s0p20,15,17336,12,1,7,0,0,1,0,3.99513553398,0
rough_R0_ground_s0p20,10,15267,1,0,11,0,0,1,0,4.33053747984,0
rough_R0_ground_s0p20,5,17318,11,1,15,0,0,1,0,3.8929535134,0
rough_R0_ground_s0p20,7,17980,13,1,18,0,0,1,0,4.53055216812,0
rough_R0_ground_s0p20,13,17413,5,0,18,0,0,1,0,4.1219885431,0
rough_R0_ground_s0p20,15,17316,7,0,15,0,0,1,0,4.86922529527,0
rough_R0_ground_s0p20,5,17295,15,1,9,0,0,1,0,3.5431197804,0
rough_R0_ground_s0p20,7,17959,8,1,1,0,0,1,0,4.77165093063,0
rough_R0_ground_s0p20,11,18691,9,1,10,0,0,1,0,11.1051180872,0
rough_R0_ground_s0p20,1,15097,14,1,5,0,0,1,0,3.66346733394,0
rough_R0_ground_s0p20,6,15684,8,1,15,0,0,1,0,5.99559337359,0
rough_R0_ground_s0p20,5,17272,9,1,22,0,0,1,0,12.8284865972,0
rough_R0_ground_s0p20,8,15848,14,1,1,0,0,1,0,3.30147605803,0
rough_R0_ground_s0p20,14,16072,13,1,0,0,0,1,0,7.46850427526,0
rough_R0_ground_s0p20,15,17253,12,1,9,0,0,1,0,4.911313983,0
rough_R0_ground_s0p20,10,15165,12,1,19,0,0,1,0,2.96532193934,0
rough_R0_ground_s0p20,8,15801,4,0,0,0,0,1,0,6.50463890823,0
rough_R0_ground_s0p20,3,16337,4,0,19,0,0,1,0,3.23420852133,0
rough_R0_ground_s0p20,10,15143,15,1,9,0,0,1,0,2.6161128384,0
rough_R0_ground_s0p20,3,16323,14,1,6,0,0,1,0,7.88957986204,0
rough_R0_ground_s0p20,3,16313,6,0,5,0,0,1,0,6.01544809722,0
rough_R0_ground_s0p20,2,18217,3,0,4,0,0,1,0,6.08685993594,0
rough_R0_ground_s0p20,5,17192,3,0,16,0,0,1,0,3.98663627144,0
rough_R0_ground_s0p20,9,16227,8,1,25,0,0,1,0,7.0410101776,0
rough_R0_ground_s0p20,12,17233,12,1,30,0,0,1,0,3.69490660645,0
rough_R0_ground_s0p20,5,17159,13,1,12,0,0,1,0,4.19962532495,0
rough_R0_ground_s0p20,3,16267,0,0,8,0,0,1,0,3.23678313395,0
rough_R0_ground_s0p20,9,16212,7,0,8,0,0,1,0,7.53813762779,0
rough_R0_ground_s0p20,5,18406,15,1,6,0,0,1,0,10.6928915894,0
rough_R0_ground_s0p20,12,17200,9,1,15,0,0,1,0,7.82234753402,0
rough_R0_ground_s0p20,8,15710,15,1,23,0,0,1,0,4.34974618645,0
rough_R0_ground_s0p20,5,17121,3,0,17,0,0,1,0,5.58096271937,0
rough_R0_ground_s0p20,3,16240,2,0,9,0,0,1,0,4.96140099529,0
rough_R0_ground_s0p20,14,15921,4,0,16,0,0,1,0,5.78780084586,0
rough_R0_ground_s0p20,15,17101,8,1,1,0,0,1,0,5.39539937709,0
rough_R0_ground_s0p20,15,17095,5,0,4,0,0,1,0,3.35538071214,0
rough_R0_ground_s0p20,13,17188,12,1,24,0,0,1,0,4.37590456159,0
rough_R0_ground_s0p20,7,17745,6,0,0,0,0,1,0,5.60620534618,0
rough_R0_ground_s0p20,8,15652,9,1,16,0,0,1,0,6.96997950006,0
rough_R0_ground_s0p20,15,17048,0,0,7,0,0,1,0,3.37289481342,0
rough_R0_ground_s0p20,5,17051,1,0,30,0,0,1,0,4.02544496929,0
rough_R0_ground_s0p20,11,18489,4,0,0,0,0,1,0,4.83163067331,0
rough_R0_ground_s0p20,12,17114,11,1,9,0,0,1,0,5.67588054915,0
rough_R0_ground_s0p20,9,16098,9,1,11,0,0,1,0,7.27227761621,0
rough_R0_ground_s0p20,11,18485,11,1,11,0,0,1,0,3.68869878115,0
rough_R0_ground_s0p20,12,17102,13,1,8,0,0,1,0,2.83613394323,0
rough_R0_ground_s0p20,2,18061,15,1,13,0,0,1,0,4.59410221589,0
rough_R0_ground_s0p20,8,15632,8,1,13,0,0,1,0,5.76234254603,0
rough_R0_ground_s0p20,0,16937,15,1,9,0,0,1,0,4.44369705697,0
rough_R0_ground_s0p20,9,16085,11,1,10,0,0,1,0,7.20735333259,0
rough_R0_ground_s0p20,11,18478,1,0,10,0,0,1,0,4.14873230068,0
rough_R0_ground_s0p20,5,17027,15,1,11,0,0,1,0,3.33062386648,0
rough_R0_ground_s0p20,10,18280,6,0,3,0,0,1,0,2.94813850347,0
rough_R0_ground_s0p20,12,17085,6,0,19,0,0,1,0,11.6805688383,0
rough_R0_ground_s0p20,12,17074,1,0,14,0,0,1,0,4.32473389604,0
rough_R0_ground_s0p20,11,18456,15,1,11,0,0,1,0,4.50874552587,0
rough_R0_ground_s0p20,13,17101,4,0,25,0,0,1,0,3.74258426033,0
rough_R0_ground_s0p20,10,18250,1,0,12,0,0,1,0,5.80670544819,0
rough_R0_ground_s0p20,13,17097,11,1,19,0,0,1,0,3.73636700862,0
rough_R0_ground_s0p20,12,17048,0,0,13,0,0,1,0,8.02669855767,0
rough_R0_ground_s0p20,7,17626,3,0,19,0,0,1,0,5.15260918198,0
rough_R0_ground_s0p20,5,16947,6,0,0,0,0,1,0,4.71266427583,0
rough_R0_ground_s0p20,12,16995,0,0,4,0,0,1,0,4.39422869385,0
rough_R0_ground_s0p20,4,16355,15,1,0,0,0,1,0,4.35267169141,0
rough_R0_ground_s0p20,15,16896,6,0,10,0,0,1,0,5.40043692579,0
rough_R0_ground_s0p20,13,17001,1,0,8,0,0,1,0,4.56497965862,0
rough_R0_ground_s0p20,6,17228,1,0,19,0,0,1,0,4.6474862052,0
rough_R0_ground_s0p20,12,16938,15,1,8,0,0,1,0,7.21849186878,0
rough_R0_ground_s0p20,8,17354,10,1,11,0,0,1,0,3.66668735478,0
rough_R0_ground_s0p20,15,16872,11,1,12,0,0,1,0,4.88513815001,0
rough_R0_ground_s0p20,11,18294,2,0,18,0,0,1,0,5.88016270007,0
rough_R0_ground_s0p20,7,17521,5,0,23,0,0,1,0,4.96129845751,0
rough_R0_ground_s0p20,3,15988,7,0,10,0,0,1,0,3.84633313624,0
rough_R0_ground_s0p20,9,15900,6,0,5,0,0,1,0,3.89082737339,0
rough_R0_ground_s0p20,10,18109,3,0,5,0,0,1,0,4.62774382889,0
rough_R0_ground_s0p20,0,16760,0,0,2,0,0,1,0,5.87935053222,0
rough_R0_ground_s0p20,12,16896,10,1,15,0,0,1,0,4.34894790107,0
rough_R0_ground_s0p20,15,16844,9,1,11,0,0,1,0,6.4450736832,0
rough_R0_ground_s0p20,15,16842,0,0,7,0,0,1,0,8.66090095447,0
rough_R0_ground_s0p20,5,16841,2,0,15,0,0,1,0,4.23595003324,0
rough_R0_ground_s0p20,11,18267,14,1,8,0,0,1,0,6.274528599,0
rough_R0_ground_s0p20,5,16830,5,0,0,0,0,0,0,4.68639751012,0
rough_R0_ground_s0p20,5,16827,0,0,16,0,0,1,0,3.45692587031,0
rough_R0_ground_s0p20,0,16728,13,1,0,0,0,1,0,8.38317152496,0
rough_R0_ground_s0p20,1,14590,9,1,5,0,0,1,0,3.87005579641,0
rough_R0_ground_s0p20,13,16899,13,1,2,0,0,1,0,4.80808792554,0
rough_R0_ground_s0p20,1,14568,8,1,11,0,0,1,0,3.40171532832,0
rough_R0_ground_s0p20,12,16836,6,0,25,0,0,1,0,4.69120476098,0
rough_R0_ground_s0p20,1,14559,12,1,6,0,0,1,0,3.23107084264,0
rough_R0_ground_s0p20,10,18028,11,1,24,0,0,1,0,5.90839004425,0
rough_R0_ground_s0p20,15,16769,3,0,23,0,0,1,0,6.71879192987,0
rough_R0_ground_s0p20,3,15912,2,0,24,0,0,1,0,5.37540932795,0
rough_R0_ground_s0p20,1,14535,9,1,11,0,0,1,0,3.56266151164,0
rough_R0_ground_s0p20,3,15875,2,0,4,0,0,1,0,5.4841626655,0
rough_R0_ground_s0p20,12,16792,10,1,0,0,0,1,0,8.31169443082,0
rough_R0_ground_s0p20,6,17082,3,0,9,0,0,1,0,2.90761434876,0
rough_R0_ground_s0p20,15,16706,13,1,5,0,0,1,0,4.74862224961,0
rough_R0_ground_s0p20,12,16753,15,1,15,0,0,1,0,3.47920101485,0
rough_R0_ground_s0p20,13,16794,9,1,11,0,0,1,0,4.78472337119,0
rough_R0_ground_s0p20,8,17178,8,1,19,0,0,1,0,5.10685473859,0
rough_R0_ground_s0p20,1,14443,10,1,9,0,0,1,0,4.71092667998,0
rough_R0_ground_s0p20,4,16066,3,0,18,0,0,1,0,2.89292097132,0
rough_R0_ground_s0p20,7,17326,4,0,12,0,0,1,0,9.48094670382,0
rough_R0_ground_s0p20,0,16581,3,0,25,0,0,1,0,3.90269456338,0
rough_R0_ground_s0p20,1,14420,9,1,16,0,0,1,0,4.90245495949,0
rough_R0_ground_s0p20,12,16702,1,0,1,0,0,1,0,2.95811388745,0
rough_R0_ground_s0p20,4,18095,11,1,19,0,0,1,0,5.45203855803,0
rough_R0_ground_s0p20,3,15746,4,0,8,0,0,1,0,2.61720052515,0
rough_R0_ground_s0p20,5,16638,12,1,2,0,0,1,0,5.18566190666,0
rough_R0_ground_s0p20,2,17616,7,0,13,0,0,1,0,5.5687285901,0
rough_R0_ground_s0p20,2,17612,7,0,11,0,0,1,0,4.41353151414,0
rough_R0_ground_s0p20,11,18014,13,1,12,0,0,1,0,9.39108170438,0
rough_R0_ground_s0p20,5,16621,0,0,20,0,0,1,0,4.77052030133,0
rough_R0_ground_s0p20,12,16658,7,0,8,0,0,1,0,4.43331600826,0
rough_R0_ground_s0p20,10,17851,4,0,18,0,0,1,0,6.70328458153,0
rough_R0_ground_s0p20,16,1847,12,1,8,0,0,1,0,6.28551709983,0
rough_R0_ground_s0p20,9,15622,9,1,4,0,0,1,0,4.77208029193,0
rough_R0_ground_s0p20,4,18031,9,1,17,0,0,1,0,3.61582730009,0
rough_R0_ground_s0p20,13,16642,14,1,14,0,0,1,0,3.68400582076,0
rough_R0_ground_s0p20,12,16605,7,0,12,0,0,1,0,3.71562004102,0
rough_R0_ground_s0p20,9,15592,8,1,12,0,0,1,0,4.83914116094,0
rough_R0_ground_s0p20,17,1585,2,0,10,0,0,1,0,3.98891875634,0
rough_R0_ground_s0p20,0,16481,6,0,6,0,0,1,0,4.95909983249,0
rough_R0_ground_s0p20,16,1802,2,0,8,0,0,1,0,3.7278506312,0
rough_R0_ground_s0p20,2,17539,1,0,17,0,0,1,0,3.21353303339,0
rough_R0_ground_s0p20,17,1565,1,0,11,0,0,1,0,3.95479525023,0
rough_R0_ground_s0p20,5,16528,6,0,3,0,0,1,0,5.87435022211,0
rough_R0_ground_s0p20,8,16995,10,1,3,0,0,1,0,2.57554039489,0
rough_R0_ground_s0p20,10,17751,0,0,22,0,0,1,0,6.27790925811,0
rough_R0_ground_s0p20,9,15531,11,1,23,0,0,1,0,5.04147544804,0
rough_R0_ground_s0p20,9,15527,15,1,7,0,0,1,0,5.71879673702,0
rough_R0_ground_s0p20,4,17940,13,1,28,0,0,1,0,3.76959544776,0
rough_R0_ground_s0p20,7,17125,15,1,6,0,0,1,0,3.2208128375,0
rough_R0_ground_s0p20,2,17445,0,0,21,0,0,1,0,4.28243634482,0
rough_R0_ground_s0p20,5,16466,0,0,18,0,0,1,0,3.83572189273,0
rough_R0_ground_s0p20,12,16509,11,1,3,0,0,1,0,7.30401834758,0
rough_R0_ground_s0p20,18,1639,7,0,23,0,0,1,0,4.76798114965,0
rough_R0_ground_s0p20,9,15491,15,1,23,0,0,1,0,3.48457126401,0
rough_R0_ground_s0p20,18,1624,7,0,7,0,0,1,0,5.77418014406,0
rough_R0_ground_s0p20,18,1602,14,1,10,0,0,1,0,6.87563102696,0
rough_R0_ground_s0p20,5,16419,1,0,4,0,0,1,0,6.84217948187,0
rough_R0_ground_s0p20,2,17396,8,1,2,0,0,1,0,3.94318772193,0
rough_R0_ground_s0p20,16,1676,15,1,18,0,0,1,0,3.79547155758,0
rough_R0_ground_s0p20,16,1674,11,1,12,0,0,1,0,7.55442076037,0
rough_R0_ground_s0p20,15,16348,14,1,8,0,0,1,0,4.28248784882,0
rough_R0_ground_s0p20,2,17371,13,1,23,0,0,1,0,6.82947279162,0
rough_R0_ground_s0p20,3,17635,3,0,13,0,0,1,0,5.80678302976,0
rough_R0_ground_s0p20,12,18253,1,0,4,0,0,1,0,4.64114351231,0
rough_R0_ground_s0p20,15,16345,14,1,10,0,0,1,0,6.52491620733,0
rough_R0_ground_s0p20,10,17641,0,0,1,0,0,1,0,3.37789605815,0
rough_R0_ground_s0p20,12,18250,2,0,7,0,0,1,0,3.60111692382,0
rough_R0_ground_s0p20,9,15399,15,1,10,0,0,1,0,2.91468494266,0
rough_R0_ground_s0p20,17,1399,1,0,5,0,0,1,0,3.45661863804,0
rough_R0_ground_s0p20,15,16337,13,1,7,0,0,1,0,3.8793954892,0
rough_R0_ground_s0p20,7,17009,4,0,4,0,0,1,0,5.39894030011,0
rough_R0_ground_s0p20,0,16283,3,0,17,0,0,1,0,3.95097161319,0
rough_R0_ground_s0p20,16,1597,8,1,8,0,0,1,0,4.55119318903,0
rough_R0_ground_s0p20,12,18219,12,1,7,0,0,1,0,3.45758538199,0
rough_R0_ground_s0p20,17,1364,13,1,15,0,0,1,0,5.87631658089,0
rough_R0_ground_s0p20,10,17605,3,0,26,0,0,1,0,6.03642149872,0
rough_R0_ground_s0p20,12,18198,4,0,18,0,0,1,0,6.67095310867,0
rough_R0_ground_s0p20,3,17555,14,1,5,0,0,1,0,2.66586022022,0
rough_R0_ground_s0p20,9,18036,13,1,19,0,0,1,0,5.01072241967,0
rough_R0_ground_s0p20,9,18024,1,0,17,0,0,1,0,3.50821225733,0
rough_R0_ground_s0p20,13,16374,1,0,16,0,0,1,0,5.19093531817,0
rough_R0_ground_s0p20,16,1525,4,0,3,0,0,1,0,5.26920253685,0
rough_R0_ground_s0p20,9,17998,12,1,11,0,0,1,0,8.7090883079,0
rough_R0_ground_s0p20,5,16247,7,0,11,0,0,1,0,5.92797417155,0
rough_R0_ground_s0p20,12,18126,5,0,13,0,1,1,0,4.25863824639,0
rough_R0_ground_s0p20,0,16183,1,0,12,0,0,1,0,3.09191757432,0
rough_R0_ground_s0p20,15,16188,9,1,3,0,0,1,0,3.83198575774,0
rough_R0_ground_s0p20,13,16295,3,0,5,0,0,1,0,3.93390086136,0
rough_R0_ground_s0p20,10,17479,14,1,31,0,0,1,0,4.43027999003,0
rough_R0_ground_s0p20,10,17458,10,1,9,0,0,1,0,5.16770248125,0
rough_R0_ground_s0p20,16,1447,0,0,22,0,0,1,0,6.04628140197,0
rough_R0_ground_s0p20,5,16157,6,0,14,0,0,1,0,4.58535968397,0
rough_R0_ground_s0p20,4,17648,9,1,12,0,0,1,0,3.26998035463,0
rough_R0_ground_s0p20,11,17530,14,1,15,0,0,1,0,7.11762215386,0
rough_R0_ground_s0p20,12,18041,14,1,11,0,0,1,0,5.37535119473,0
rough_R0_ground_s0p20,4,17625,9,1,16,0,0,1,0,5.64498178188,0
rough_R0_ground_s0p20,2,17092,15,1,10,0,0,1,0,7.65459148214,0
rough_R0_ground_s0p20,2,17083,9,1,19,0,0,1,0,4.49109389898,0
rough_R0_ground_s0p20,17,1133,7,0,5,0,0,1,0,2.80941525173,0
rough_R0_ground_s0p20,16,1376,8,1,4,0,0,1,0,3.93174753,0
rough_R0_ground_s0p20,4,17598,13,1,6,0,0,1,0,4.44702943367,0
rough_R0_ground_s0p20,17,1129,14,1,21,0,0,1,0,3.71026524736,0
rough_R0_ground_s0p20,5,16064,5,0,21,0,0,1,0,9.00715965145,0
rough_R0_ground_s0p20,12,17981,10,1,23,0,0,1,0,3.33651305918,0
rough_R0_ground_s0p20,7,18733,7,0,15,0,0,1,0,3.61032271187,0
rough_R0_ground_s0p20,5,16019,7,0,3,0,0,1,0,7.08485811988,0
rough_R0_ground_s0p20,16,1318,5,0,16,0,0,1,0,4.25738517456,0
rough_R0_ground_s0p20,18,1257,7,0,16,0,0,1,0,3.87287544906,0
rough_R0_ground_s0p20,2,18375,3,0,3,0,0,1,0,7.39337052723,0
rough_R0_ground_s0p20,18,1237,9,1,9,0,0,1,0,4.43757388173,0
rough_R0_ground_s0p20,7,18673,1,0,5,0,0,1,0,6.02847141344,0
rough_R0_ground_s0p20,1,19566,9,1,14,0,0,1,0,5.20832785614,0
rough_R0_ground_s0p20,1,19558,13,1,7,0,0,1,0,4.2801083301,0
rough_R0_ground_s0p20,2,16975,8,1,3,0,0,1,0,2.94154689181,0
rough_R0_ground_s0p20,19,1133,2,0,1,0,0,1,0,7.11267438531,0
rough_R0_ground_s0p20,0,19290,7,0,13,0,0,1,0,6.28777711105,0
rough_R0_ground_s0p20,7,18631,14,1,12,0,0,1,0,4.14390261018,0
rough_R0_ground_s0p20,5,15919,9,1,18,0,0,1,0,3.98127495043,0
rough_R0_ground_s0p20,7,18628,12,1,15,0,0,1,0,3.90607806202,0
rough_R0_ground_s0p20,5,15906,9,1,8,0,0,1,0,5.30109075941,0
rough_R0_ground_s0p20,11,17341,9,1,6,0,0,1,0,7.17066394796,0
rough_R0_ground_s0p20,16,1222,7,0,8,0,0,1,0,3.64200493512,0
rough_R0_ground_s0p20,7,18608,2,0,1,0,0,1,0,4.64623131775,0
rough_R0_ground_s0p20,5,15896,5,0,17,0,0,1,0,5.12810081639,0
rough_R0_ground_s0p20,16,1205,5,0,18,0,0,1,0,5.54029040283,0
rough_R0_ground_s0p20,1,19472,1,0,29,0,0,1,0,4.17973608867,0
rough_R0_ground_s0p20,5,15871,9,1,7,0,0,1,0,3.24986188626,0
rough_R0_ground_s0p20,10,17172,13,1,2,0,0,1,0,4.47353588818,0
rough_R0_ground_s0p20,2,16890,11,1,14,0,0,1,0,4.32565631199,0
rough_R0_ground_s0p20,11,17301,9,1,7,0,0,1,0,3.31497710265,0
rough_R0_ground_s0p20,19,1014,5,0,8,0,0,1,0,4.59985392129,0
rough_R0_ground_s0p20,15,18672,6,0,6,0,0,1,0,4.90935603304,0
rough_R0_ground_s0p20,7,18533,5,0,5,0,0,1,0,3.15858940656,0
rough_R0_ground_s0p20,5,15824,4,0,14,0,0,1,0,5.15830115963,0
rough_R0_ground_s0p20,17,912,1,0,0,0,0,1,0,4.55724173879,0
rough_R0_ground_s0p20,18,1069,3,0,22,0,0,1,0,5.41794796242,0
rough_R0_ground_s0p20,15,18657,6,0,27,0,0,1,0,5.97647394902,0
rough_R0_ground_s0p20,19,978,15,1,2,0,0,1,0,4.30106333271,0
rough_R0_ground_s0p20,16,1113,13,1,21,0,0,1,0,6.34220790998,0
rough_R0_ground_s0p20,11,17230,5,0,13,0,0,1,0,4.89337174627,0
rough_R0_ground_s0p20,1,19351,7,0,11,0,0,1,0,3.9889462845,0
rough_R0_ground_s0p20,7,18492,7,0,19,0,0,1,0,5.25182094755,0
rough_R0_ground_s0p20,17,860,3,0,5,0,0,1,0,4.6054259527,0
rough_R0_ground_s0p20,15,18604,0,0,4,0,0,1,0,7.81903586999,0
rough_R0_ground_s0p20,0,19115,14,1,10,0,0,1,0,5.59683150374,0
rough_R0_ground_s0p20,10,17082,5,0,12,0,0,1,0,4.81677637102,0
rough_R0_ground_s0p20,2,16767,11,1,16,0,0,1,0,3.97345266644,0
rough_R0_ground_s0p20,15,18586,3,0,11,0,0,1,0,6.00647083114,0
rough_R0_ground_s0p20,1,19322,14,1,9,0,0,1,0,4.15971797455,0
rough_R0_ground_s0p20,17,833,5,0,9,0,0,1,0,9.75384594977,0
rough_R0_ground_s0p20,19,893,15,1,19,0,0,1,0,3.76240035599,0
rough_R0_ground_s0p20,7,18431,9,1,5,0,0,1,0,3.1657696158,0
rough_R0_ground_s0p20,19,857,5,0,10,0,0,1,0,3.78990787993,0
rough_R0_ground_s0p20,2,16695,0,0,15,0,0,1,0,3.09375944856,0
rough_R0_ground_s0p20,7,18400,15,1,1,0,0,1,0,7.04292138136,0
rough_R0_ground_s0p20,7,18398,0,0,22,0,0,1,0,5.88253802528,0
rough_R0_ground_s0p20,19,843,15,1,13,0,0,1,0,7.88578132195,0
rough_R0_ground_s0p20,13,15788,3,0,5,0,0,1,0,4.76556857435,0
rough_R0_ground_s0p20,7,18387,12,1,10,0,0,1,0,3.94664492214,0
rough_R0_ground_s0p20,15,18492,12,1,4,0,0,1,0,5.21411842321,0
rough_R0_ground_s0p20,15,18480,1,0,8,0,0,1,0,3.41540774771,0
rough_R0_ground_s0p20,0,18971,2,0,21,0,0,1,0,4.49600741449,0
rough_R0_ground_s0p20,15,18464,13,1,41,0,0,1,0,7.36169127956,0
rough_R0_ground_s0p20,0,18960,15,1,12,0,0,1,0,3.63011029703,0
rough_R0_ground_s0p20,15,18447,11,1,18,0,0,1,0,4.18518633368,0
rough_R0_ground_s0p20,13,15717,6,0,12,0,0,1,0,4.65496653135,0
rough_R0_ground_s0p20,15,18425,3,0,16,0,0,1,0,4.28835802901,0
rough_R0_ground_s0p20,13,15707,13,1,7,0,0,1,0,4.29644356807,0
rough_R0_ground_s0p20,13,18847,13,1,0,0,0,0,0,5.96302359515,0
rough_R0_ground_s0p20,17,673,5,0,16,0,0,1,0,3.85638829627,0
rough_R0_ground_s0p20,5,19736,10,1,13,0,0,1,0,4.66841720328,0
rough_R0_ground_s0p20,0,18896,5,0,0,0,0,1,0,3.65866461192,0
rough_R0_ground_s0p20,10,18876,2,0,17,0,0,1,0,3.43630939368,0
rough_R0_ground_s0p20,5,19725,13,1,7,0,0,1,0,4.70044881102,0
rough_R0_ground_s0p20,17,643,12,1,12,0,0,1,0,4.98561500132,0
rough_R0_ground_s0p20,16,884,8,1,8,0,0,1,0,11.7477981714,0
rough_R0_ground_s0p20,18,774,0,0,37,0,0,1,0,7.76606975285,0
rough_R0_ground_s0p20,16,872,12,1,8,0,0,1,0,4.88028141932,0
rough_R0_ground_s0p20,2,20935,1,0,8,0,0,1,0,5.45126583092,0
rough_R0_ground_s0p20,10,18838,15,1,17,0,0,1,0,3.19608154999,0
rough_R0_ground_s0p20,1,19094,1,0,12,0,0,1,0,6.03699197025,0
rough_R0_ground_s0p20,5,19684,8,1,8,0,0,1,0,5.47194577301,0
rough_R0_ground_s0p20,0,18840,10,1,0,0,0,1,0,6.84729860659,0
rough_R0_ground_s0p20,10,18822,0,0,10,0,0,1,0,4.54081417281,0
rough_R0_ground_s0p20,19,657,6,0,9,0,0,1,0,3.56880978589,0
rough_R0_ground_s0p20,10,18814,11,1,24,0,0,1,0,6.10524354403,0
rough_R0_ground_s0p20,11,16906,14,1,16,0,0,1,0,7.08086063985,0
rough_R0_ground_s0p20,1,19029,15,1,21,0,0,1,0,4.82188396152,0
rough_R0_ground_s0p20,19,627,10,1,24,0,0,1,0,4.6798903248,0
rough_R0_ground_s0p20,1,19024,10,1,7,0,0,1,0,5.49176553511,0
rough_R0_ground_s0p20,1,19020,14,1,12,0,0,1,0,4.84993576508,0
rough_R0_ground_s0p20,16,789,9,1,13,0,0,1,0,4.35969532376,0
rough_R0_ground_s0p20,5,19618,14,1,13,0,0,1,0,5.19976433138,0
rough_R0_ground_s0p20,18,665,6,0,0,0,0,1,0,3.09159866502,0
rough_R0_ground_s0p20,17,551,15,1,7,0,0,1,0,3.57936980924,0
rough_R0_ground_s0p20,19,604,13,1,16,0,0,1,0,6.72895516793,0
rough_R0_ground_s0p20,15,18263,8,1,11,0,0,1,0,3.35410336342,0
rough_R0_ground_s0p20,17,546,13,1,35,0,0,1,0,8.12386144114,0
rough_R0_ground_s0p20,10,18750,9,1,16,0,0,1,0,5.205240676,0
rough_R0_ground_s0p20,15,18238,7,0,2,0,0,1,0,3.50338312741,0
rough_R0_ground_s0p20,18,616,8,1,1,0,0,1,0,5.55260689482,0
rough_R0_ground_s0p20,15,18223,1,0,20,0,0,1,0,5.21726289826,0
rough_R0_ground_s0p20,2,20823,10,1,21,0,0,1,0,8.0196374211,0
rough_R0_ground_s0p20,15,18198,12,1,11,0,0,1,0,3.57352745307,0
rough_R0_ground_s0p20,15,18188,3,0,13,0,0,1,0,16.7251830682,0
rough_R0_ground_s0p20,1,18902,12,1,4,0,0,1,0,6.14659942582,0
rough_R0_ground_s0p20,1,18899,8,1,7,0,0,1,0,5.83984694626,0
rough_R0_ground_s0p20,19,478,15,1,12,0,0,1,0,4.18995901631,0
rough_R0_ground_s0p20,19,476,1,0,15,0,0,1,0,6.29003616412,0
rough_R0_ground_s0p20,17,415,13,1,2,0,0,1,0,4.92389286686,0
rough_R0_ground_s0p20,18,504,13,1,11,0,0,1,0,9.68956592526,0
rough_R0_ground_s0p20,18,496,8,1,18,0,0,1,0,9.24786209923,0
rough_R0_ground_s0p20,1,18843,6,0,2,0,0,1,0,6.12999903393,0
rough_R0_ground_s0p20,0,18618,8,1,9,0,0,1,0,4.04266861023,0
rough_R0_ground_s0p20,2,20715,10,1,9,0,0,1,0,6.72460944547,0
rough_R0_ground_s0p20,15,18103,2,0,9,0,0,1,0,5.02665294414,0
rough_R0_ground_s0p20,2,20675,12,1,13,0,0,1,0,3.5026671317,0
rough_R0_ground_s0p20,10,18541,13,1,6,0,0,1,0,4.14016628862,0
rough_R0_ground_s0p20,15,19198,4,0,7,0,0,1,0,3.73730765289,0
rough_R0_ground_s0p20,18,397,11,1,4,0,0,1,0,3.13655376321,0
rough_R0_ground_s0p20,10,18517,4,0,15,0,0,1,0,4.02322728335,0
rough_R0_ground_s0p20,18,374,0,0,6,0,0,1,0,7.51201643445,0
rough_R0_ground_s0p20,19,330,12,1,12,0,0,1,0,7.14360154463,0
rough_R0_ground_s0p20,2,20624,11,1,2,0,0,1,0,2.99460403067,0
rough_R0_ground_s0p20,16,490,5,0,5,0,0,1,0,4.43900461446,0
rough_R0_ground_s0p20,5,19336,10,1,10,0,0,1,0,6.05789144447,0
rough_R0_ground_s0p20,18,341,7,0,27,0,0,1,0,3.77196122102,0
rough_R0_ground_s0p20,11,16558,8,1,11,0,0,1,0,3.52512898721,0
rough_R0_ground_s0p20,11,16537,11,1,6,0,0,1,0,3.70211621926,0
rough_R0_ground_s0p20,16,432,1,0,2,0,0,1,0,4.34840830196,0
rough_R0_ground_s0p20,5,19255,15,1,8,0,0,1,0,3.30377103056,0
rough_R0_ground_s0p20,15,19067,1,0,11,0,0,1,0,5.3245161278,0
rough_R0_ground_s0p20,19,200,4,0,0,0,0,1,0,8.17314866706,0
rough_R0_ground_s0p20,18,250,4,0,29,0,0,1,0,4.5195063309,0
rough_R0_ground_s0p20,11,16438,8,1,11,0,0,1,0,6.78303440158,0
rough_R0_ground_s0p20,18,222,14,1,11,0,0,1,0,3.51110428385,0
rough_R0_ground_s0p20,13,18913,5,0,10,0,0,1,0,5.78129124937,0
rough_R0_ground_s0p20,15,18994,12,1,3,0,0,1,0,4.5786128756,0
rough_R0_ground_s0p20,2,20418,12,1,6,0,0,1,0,4.38412107727,0
rough_R0_ground_s0p20,13,18893,3,0,23,0,0,1,0,7.31150530228,0
rough_R0_ground_s0p20,11,16377,3,0,4,0,0,1,0,7.85935313963,0
rough_R0_ground_s0p20,18,174,6,0,12,0,0,1,0,4.94577687445,0
rough_R0_ground_s0p20,5,19145,0,0,3,0,0,1,0,2.91192710172,0
rough_R0_ground_s0p20,16,310,8,1,14,0,0,1,0,3.54676925344,0
rough_R0_ground_s0p20,17,92,10,1,6,0,0,1,0,4.25355651915,0
rough_R0_ground_s0p20,1,18509,4,0,9,0,0,1,0,4.41304131493,0
rough_R0_ground_s0p20,18,140,7,0,14,0,0,1,0,3.78204028256,0
rough_R0_ground_s0p20,1,18488,13,1,13,0,0,1,0,4.69828081514,0
rough_R0_ground_s0p20,11,16316,11,1,0,0,0,1,0,3.54146003979,0
rough_R0_ground_s0p20,5,19083,14,1,20,0,0,1,0,2.86857634971,0
rough_R0_ground_s0p20,15,18932,14,1,12,0,0,1,0,2.90219849925,0
rough_R0_ground_s0p20,0,18212,3,0,19,0,0,1,0,3.7642001625,0
rough_R0_ground_s0p20,13,21151,11,1,11,0,0,1,0,3.56431338716,0
rough_R0_ground_s0p20,11,16264,6,0,7,0,0,1,0,3.12029897758,0
rough_R0_ground_s0p20,19,3020,6,0,5,0,0,1,0,3.15002923299,0
rough_R0_ground_s0p20,19,3017,12,1,0,0,0,1,0,4.6407252595,0
rough_R0_ground_s0p20,17,3065,12,1,20,0,2,1,0,4.09610486796,0
rough_R0_ground_s0p20,13,21143,11,1,12,0,0,1,0,3.96160750201,0
rough_R0_ground_s0p20,13,21137,12,1,7,0,0,1,0,2.91743972473,0
rough_R0_ground_s0p20,13,21231,12,1,0,0,0,0,0,3.50676230679,0
rough_R0_ground_s0p20,16,172,5,0,10,0,0,1,0,4.25260805629,0
rough_R0_ground_s0p20,13,21112,7,0,2,0,0,1,0,4.92606151071,0
rough_R0_ground_s0p20,2,20251,13,1,16,0,0,1,0,5.38748282445,0
rough_R0_ground_s0p20,11,16214,6,0,6,0,0,1,0,3.84877871451,0
rough_R0_ground_s0p20,1,18373,9,1,25,0,0,1,0,4.58049755735,0
rough_R0_ground_s0p20,13,21096,4,0,8,0,0,1,0,3.34586997379,0
rough_R0_ground_s0p20,17,2992,5,0,6,0,0,1,0,5.31181574729,0
rough_R0_ground_s0p20,0,18067,14,1,11,0,0,1,0,7.2439150151,0
rough_R0_ground_s0p20,13,21050,7,0,13,0,0,1,0,4.2968861325,0
rough_R0_ground_s0p20,18,2939,10,1,12,0,0,1,0,3.41405490207,0
rough_R0_ground_s0p20,17,2919,8,1,12,0,0,1,0,4.40134128701,0
rough_R0_ground_s0p20,19,2883,3,0,19,0,0,1,0,4.33243142001,0
rough_R0_ground_s0p20,5,18856,0,0,25,0,0,1,0,4.51423356239,0
rough_R0_ground_s0p20,0,17994,10,1,17,0,0,1,0,4.04131134171,0
rough_R0_ground_s0p20,18,2878,10,1,6,0,0,1,0,8.02969271201,0
rough_R0_ground_s0p20,19,2827,15,1,0,0,0,1,0,3.91574143024,0
rough_R0_ground_s0p20,1,18202,11,1,2,0,0,1,0,4.39767754177,0
rough_R0_ground_s0p20,18,2857,2,0,1,0,0,1,0,3.60472945294,0
rough_R0_ground_s0p20,5,18754,15,1,15,0,0,1,0,6.7887907592,0
rough_R0_ground_s0p20,2,20017,15,1,10,0,0,1,0,3.70001519863,0
rough_R0_ground_s0p20,15,20541,15,1,2,0,0,1,0,4.12670495167,0
rough_R0_ground_s0p20,17,2779,14,1,11,0,0,1,0,5.61914560112,0
rough_R0_ground_s0p20,11,15913,7,0,32,0,0,1,0,3.04563833004,0
rough_R0_ground_s0p20,19,2747,1,0,21,0,0,1,0,4.58919455398,0
rough_R0_ground_s0p20,13,20825,7,0,12,0,0,1,0,3.88871411777,0
rough_R0_ground_s0p20,5,18694,5,0,15,0,0,1,0,3.31518800476,0
rough_R0_ground_s0p20,5,18687,5,0,1,0,0,1,0,3.62390497829,0
rough_R0_ground_s0p20,13,20789,10,1,14,0,0,1,0,10.3158634281,0
rough_R0_ground_s0p20,0,19690,13,1,0,0,0,1,0,3.95821425181,0
rough_R0_ground_s0p20,17,2714,7,0,17,0,0,1,0,4.00138544998,0
rough_R0_ground_s0p20,13,20768,2,0,10,0,0,1,0,3.38682605395,0
rough_R0_ground_s0p20,18,2706,14,1,15,0,0,1,0,8.02039156434,0
rough_R0_ground_s0p20,2,19883,14,1,5,0,0,1,0,7.92655144236,0
rough_R0_ground_s0p20,11,19891,13,1,20,0,0,1,0,3.6408107394,0
rough_R0_ground_s0p20,18,2694,11,1,17,0,0,1,0,11.2990907842,0
rough_R0_ground_s0p20,11,19881,15,1,6,0,0,1,0,4.33635714909,0
rough_R0_ground_s0p20,5,18580,7,0,6,0,0,1,0,2.96101807814,0
rough_R0_ground_s0p20,16,3409,7,0,4,0,0,1,0,4.14680255383,0
rough_R0_ground_s0p20,15,20363,12,1,24,0,0,1,0,4.71081368392,0
rough_R0_ground_s0p20,0,19587,13,1,4,0,0,1,0,4.61995236391,0
rough_R0_ground_s0p20,19,2574,14,1,2,0,0,1,0,4.26657682378,0
rough_R0_ground_s0p20,1,22080,5,0,5,0,0,1,0,4.90802109012,0
rough_R0_ground_s0p20,2,19785,13,1,18,0,0,1,0,3.29627819607,0
rough_R0_ground_s0p20,13,20671,6,0,29,0,0,1,0,4.52978476647,0
rough_R0_ground_s0p20,15,20308,12,1,18,0,0,1,0,4.10878604079,0
rough_R0_ground_s0p20,19,2551,13,1,7,0,0,1,0,3.96544289804,0
rough_R0_ground_s0p20,17,2559,5,0,1,0,0,1,0,5.15996609744,0
rough_R0_ground_s0p20,18,2578,3,0,8,0,0,1,0,6.83507596668,0
rough_R0_ground_s0p20,11,19737,15,1,15,0,0,1,0,4.85579041111,0
rough_R0_ground_s0p20,16,3272,0,0,22,0,0,1,0,3.76119058343,0
rough_R0_ground_s0p20,0,21267,5,0,20,0,0,1,0,5.34915222231,0
rough_R0_ground_s0p20,5,20258,2,0,15,0,0,1,0,4.40268025295,0
rough_R0_ground_s0p20,15,20203,7,0,17,0,0,1,0,5.82721835573,0
rough_R0_ground_s0p20,18,2459,1,0,4,0,0,1,0,3.00808456743,0
rough_R0_ground_s0p20,13,20521,0,0,5,0,0,1,0,4.18361033574,0
rough_R0_ground_s0p20,2,19634,12,1,7,0,0,1,0,5.61046241524,0
rough_R0_ground_s0p20,0,21206,8,1,0,0,0,1,0,6.58878650386,0
rough_R0_ground_s0p20,15,20143,13,1,6,0,0,1,0,3.38978624844,0
rough_R0_ground_s0p20,13,20483,15,1,7,0,0,1,0,3.99395089291,0
rough_R0_ground_s0p20,18,2403,8,1,2,0,0,1,0,4.77067467387,0
rough_R0_ground_s0p20,15,20103,15,1,4,0,0,1,0,4.82006659612,0
rough_R0_ground_s0p20,15,20101,9,1,21,0,0,1,0,3.62114780491,0
rough_R0_ground_s0p20,1,21865,6,0,23,0,0,1,0,3.89176401067,0
rough_R0_ground_s0p20,5,20125,10,1,1,0,0,1,0,6.94554756535,0
rough_R0_ground_s0p20,18,2365,12,1,2,0,0,1,0,3.75020783596,0
rough_R0_ground_s0p20,0,21135,15,1,22,0,0,1,0,4.93932460588,0
rough_R0_ground_s0p20,13,20417,10,1,30,0,0,1,0,4.89933655429,0
rough_R0_ground_s0p20,19,2318,5,0,22,0,0,1,0,4.19623795045,0
rough_R0_ground_s0p20,17,2332,14,1,16,0,0,1,0,4.7767174189,0
rough_R0_ground_s0p20,5,20075,10,1,14,0,0,1,0,4.85820004728,0
rough_R0_ground_s0p20,5,20071,9,1,15,0,0,1,0,3.25504605385,0
rough_R0_ground_s0p20,0,21076,5,0,10,0,0,1,0,2.69905179435,0
rough_R0_ground_s0p20,0,21041,13,1,7,0,0,1,0,2.83783915792,0
rough_R0_ground_s0p20,17,2240,0,0,19,0,0,1,0,6.44460744332,0
rough_R0_ground_s0p20,5,19993,0,0,11,0,0,1,0,4.3058427948,0
rough_R0_ground_s0p20,1,21734,5,0,8,0,0,1,0,10.0300442922,0
rough_R0_ground_s0p20,1,21731,11,1,18,0,0,1,0,5.48158522648,0
rough_R0_ground_s0p20,15,19959,13,1,6,0,0,1,0,4.2612444498,0
rough_R0_ground_s0p20,17,2227,0,0,18,0,0,1,0,4.0455973492,0
rough_R0_ground_s0p20,16,2967,8,1,6,0,0,1,0,4.78263898439,0
rough_R0_ground_s0p20,0,20979,14,1,13,0,0,1,0,4.63463436171,0
rough_R0_ground_s0p20,13,20222,1,0,9,0,0,1,0,4.37077382938,0
rough_R0_ground_s0p20,17,2196,0,0,5,0,0,1,0,3.54968956162,0
rough_R0_ground_s0p20,15,19891,14,1,12,0,0,1,0,5.00715222072,0
rough_R0_ground_s0p20,16,2928,12,1,13,0,0,1,0,7.67338959787,0
rough_R0_ground_s0p20,13,20185,3,0,5,0,0,1,0,3.64892526824,0
rough_R0_ground_s0p20,2,19333,0,0,10,0,0,1,0,5.56499928043,0
rough_R0_ground_s0p20,2,19314,14,1,23,0,0,1,0,4.10605747642,0
rough_R0_ground_s0p20,1,21649,2,0,15,0,0,1,0,3.39645649557,0
rough_R0_ground_s0p20,17,2129,14,1,7,0,0,1,0,9.42941952934,0
rough_R0_ground_s0p20,2,19291,1,0,3,0,0,1,0,7.00992245824,0
rough_R0_ground_s0p20,5,19853,15,1,11,0,0,1,0,6.5430819425,0
rough_R0_ground_s0p20,1,21606,12,1,16,0,0,1,0,4.66849032494,0
rough_R0_ground_s0p20,15,19811,2,0,9,0,0,1,0,4.98987651405,0
rough_R0_ground_s0p20,18,2080,7,0,9,0,0,1,0,4.52513980519,0
rough_R0_ground_s0p20,17,2051,10,1,11,0,0,1,0,3.24583567552,0
rough_R0_ground_s0p20,16,2772,9,1,12,0,0,1,0,4.59782439924,0
rough_R0_ground_s0p20,13,20005,5,0,11,0,0,1,0,6.06238222802,0
rough_R0_ground_s0p20,1,21473,11,1,11,0,0,1,0,4.73485762076,0
rough_R0_ground_s0p20,1,21466,2,0,27,0,0,1,0,4.98629945861,0
rough_R0_ground_s0p20,13,19953,9,1,5,0,0,1,0,3.95982367254,0
rough_R0_ground_s0p20,13,19936,6,0,16,0,0,1,0,4.27056742361,0
rough_R0_ground_s0p20,16,2677,9,1,9,0,0,1,0,3.14661955556,0
rough_R0_ground_s0p20,16,2674,4,0,16,0,0,1,0,6.57770503785,0
rough_R0_ground_s0p20,13,19922,8,1,24,0,0,1,0,6.19735440441,0
rough_R0_ground_s0p20,1,21413,15,1,13,0,0,1,0,5.22974891189,0
rough_R0_ground_s0p20,17,1918,5,0,7,0,0,1,0,3.92229039249,0
rough_R0_ground_s0p20,1,21364,12,1,16,0,0,1,0,2.88643192881,0
rough_R0_ground_s0p20,17,1855,3,0,13,0,0,1,0,6.23346103465,0
rough_R0_ground_s0p20,13,19838,5,0,4,0,0,1,0,3.38893220415,0
rough_R0_ground_s0p20,16,2590,7,0,2,0,0,1,0,5.33786368097,0
rough_R0_ground_s0p20,19,1771,13,1,19,0,0,1,0,3.3404059832,0
rough_R0_ground_s0p20,19,1745,12,1,16,0,0,1,0,4.89788305298,0
rough_R0_ground_s0p20,15,19492,11,1,16,0,0,1,0,3.92648498412,0
rough_R0_ground_s0p20,0,20548,15,1,15,0,0,1,0,4.53560781194,0
rough_R0_ground_s0p20,1,21282,4,0,18,0,0,1,0,3.84807371204,0
rough_R0_ground_s0p20,18,1722,14,1,5,0,0,1,0,2.80403084576,0
rough_R0_ground_s0p20,2,18939,13,1,7,0,0,1,0,4.87347517589,0
rough_R0_ground_s0p20,16,2494,2,0,0,0,0,1,0,3.13180300298,0
rough_R0_ground_s0p20,0,20512,6,0,16,0,0,1,0,7.7659942288,0
rough_R0_ground_s0p20,17,1721,11,1,0,0,0,1,0,3.52038040336,0
rough_R0_ground_s0p20,15,19412,15,1,18,0,0,1,0,6.33208346297,0
rough_R0_ground_s0p20,13,19678,13,1,10,0,0,1,0,8.53685663987,0
rough_R0_ground_s0p20,13,19673,6,0,12,0,0,1,0,5.6669919622,0
rough_R0_ground_s0p20,17,1695,4,0,19,0,0,1,0,4.66778886773,0
rough_R0_ground_s0p20,16,2426,10,1,29,0,0,1,0,4.78684077755,0
rough_R0_ground_s0p20,16,2411,8,1,27,0,0,1,0,6.69859628539,0
rough_R0_ground_s0p20,2,21025,0,0,2,0,0,1,0,12.0665007204,0
rough_R0_ground_s0p20,16,2406,8,1,4,0,0,1,0,3.53979538999,0
rough_R0_ground_s0p20,1,21151,2,0,20,0,0,1,0,6.76246420451,0
rough_R0_ground_s0p20,15,19336,3,0,4,0,0,1,0,3.45216441202,0
rough_R0_ground_s0p20,2,18804,11,1,6,0,0,1,0,6.15344509866,0
rough_R0_ground_s0p20,0,20385,6,0,10,0,0,1,0,6.76008875946,0
rough_R0_ground_s0p20,0,20367,11,1,8,0,0,1,0,3.51058063164,0
rough_R0_ground_s0p20,0,20357,7,0,0,0,0,1,0,6.52025758819,0
rough_R0_ground_s0p20,18,4324,13,1,1,0,0,1,0,3.15110492149,0
rough_R0_ground_s0p20,16,2339,2,0,16,0,0,1,0,4.65571679396,0
rough_R0_ground_s0p20,16,2333,15,1,10,0,0,1,0,5.54009301778,0
rough_R0_ground_s0p20,0,20341,11,1,17,0,0,1,0,5.03752679252,0
rough_R0_ground_s0p20,19,1492,15,1,6,0,0,1,0,2.6713544621,0
rough_R0_ground_s0p20,2,18738,0,0,12,0,0,1,0,5.83566592525,0
rough_R0_ground_s0p20,0,20334,10,1,1,0,0,1,0,3.57150520277,0
rough_R0_ground_s0p20,15,22237,11,1,9,0,0,1,0,3.43279456834,0
rough_R0_ground_s0p20,13,19509,0,0,16,0,0,1,0,5.39054551819,0
rough_R0_ground_s0p20,18,4279,3,0,10,0,0,1,0,6.49078716095,0
rough_R0_ground_s0p20,19,5012,0,0,12,0,0,1,0,4.08702569483,0
rough_R0_ground_s0p20,0,20272,15,1,29,0,0,1,0,3.74118521719,0
rough_R0_ground_s0p20,15,22183,1,0,2,0,0,1,0,3.48521587984,0
rough_R0_ground_s0p20,1,20985,0,0,18,0,0,1,0,5.15047271853,0
rough_R0_ground_s0p20,15,22124,12,1,21,0,0,1,0,11.1816559981,0
rough_R0_ground_s0p20,13,22665,3,0,33,0,0,1,0,4.85505736035,0
rough_R0_ground_s0p20,2,18626,6,0,4,0,0,1,0,5.41052615588,0
rough_R0_ground_s0p20,2,18615,2,0,9,0,0,1,0,3.15828563458,0
rough_R0_ground_s0p20,16,2196,14,1,17,0,0,1,0,5.04303630242,0
rough_R0_ground_s0p20,1,20937,11,1,8,0,0,1,0,2.70290969174,0
rough_R0_ground_s0p20,2,18589,0,0,21,0,0,1,0,4.09522828595,0
rough_R0_ground_s0p20,1,20904,8,1,17,0,0,1,0,4.32478679693,0
rough_R0_ground_s0p20,16,2143,4,0,12,0,0,1,0,5.38145016749,0
rough_R0_ground_s0p20,2,18552,0,0,4,0,0,1,0,4.45155155192,0
rough_R0_ground_s0p20,19,4837,11,1,16,0,0,1,0,4.46753839499,0
rough_R0_ground_s0p20,18,4113,12,1,17,0,0,1,0,4.96508799188,0
rough_R0_ground_s0p20,1,20836,15,1,5,0,0,1,0,5.28698876826,0
rough_R0_ground_s0p20,17,4107,4,0,6,0,1,1,0,3.89081645883,0
rough_R0_ground_s0p20,18,4098,13,1,23,0,0,1,0,4.76516844615,0
rough_R0_ground_s0p20,19,4808,12,1,18,0,0,1,0,6.21102097857,0
rough_R0_ground_s0p20,15,22015,4,0,0,0,0,1,0,3.44216845478,0
rough_R0_ground_s0p20,18,4095,14,1,16,0,0,1,0,4.28965628534,0
rough_R0_ground_s0p20,1,20796,2,0,22,0,0,1,0,4.66897050274,0
rough_R0_ground_s0p20,1,20767,13,1,5,0,0,1,0,8.22737403056,0
rough_R0_ground_s0p20,15,21944,9,1,5,0,0,1,0,5.54531017922,0
rough_R0_ground_s0p20,18,4011,8,1,1,0,0,1,0,5.43047003397,0
rough_R0_ground_s0p20,16,1954,10,1,13,0,0,1,0,2.95667498789,0
rough_R0_ground_s0p20,18,3998,11,1,7,0,0,1,0,4.7201078786,0
rough_R0_ground_s0p20,0,19984,14,1,11,0,0,1,0,3.17887674804,0
rough_R0_ground_s0p20,18,3964,11,1,27,0,0,1,0,7.01827405932,0
rough_R0_ground_s0p20,1,20697,12,1,2,0,0,1,0,3.80413435984,0
rough_R0_ground_s0p20,17,3949,13,1,13,0,0,1,0,3.34421707556,0
rough_R0_ground_s0p20,16,6149,8,1,15,0,0,1,0,4.54823732898,0
rough_R0_ground_s0p20,0,19937,7,0,14,0,0,1,0,7.98448041268,0
rough_R0_ground_s0p20,16,6127,7,0,2,0,0,1,0,2.87475559234,0
rough_R0_ground_s0p20,19,4622,13,1,19,0,0,1,0,6.56690013603,0
rough_R0_ground_s0p20,15,21829,12,1,12,0,0,1,0,3.29454607401,0
rough_R0_ground_s0p20,0,19906,13,1,16,0,0,1,0,5.32115622345,0
rough_R0_ground_s0p20,0,19897,11,1,0,0,0,1,0,9.35170990302,0
rough_R0_ground_s0p20,0,19895,12,1,4,0,0,1,0,5.04062702435,0
rough_R0_ground_s0p20,17,3885,0,0,30,0,0,1,0,9.42900410987,0
rough_R0_ground_s0p20,13,22316,6,0,14,0,0,1,0,3.0381905427,0
rough_R0_ground_s0p20,1,20582,11,1,24,0,0,1,0,3.76807927119,0
rough_R0_ground_s0p20,2,21247,5,0,13,0,0,1,0,7.23521416613,0
rough_R0_ground_s0p20,18,3811,1,0,0,0,0,1,0,4.87079984332,0
rough_R0_ground_s0p20,16,5992,10,1,9,0,0,1,0,9.06325994585,0
rough_R0_ground_s0p20,1,20505,10,1,3,0,0,1,0,7.30422007499,0
rough_R0_ground_s0p20,18,3752,9,1,0,0,0,1,0,4.47201213069,0
rough_R0_ground_s0p20,1,20481,13,1,10,0,0,1,0,4.60935026695,0
rough_R0_ground_s0p20,0,22593,0,0,17,0,0,1,0,3.40020831091,0
rough_R0_ground_s0p20,16,5910,10,1,36,0,0,1,0,8.55793179284,0
rough_R0_ground_s0p20,15,21627,13,1,9,0,0,1,0,4.22145104645,0
rough_R0_ground_s0p20,15,21610,8,1,18,0,0,1,0,6.69273208037,0
rough_R0_ground_s0p20,19,4372,5,0,23,0,0,1,0,4.07257229454,0
rough_R0_ground_s0p20,2,21099,12,1,4,0,0,1,0,3.10581188909,0
rough_R0_ground_s0p20,15,21572,6,0,29,0,0,1,0,6.50925519639,0
rough_R0_ground_s0p20,0,22504,14,1,4,0,0,1,0,4.81213766416,0
rough_R0_ground_s0p20,15,21555,11,1,13,0,0,1,0,7.79407940919,0
rough_R0_ground_s0p20,15,21546,5,0,31,0,0,1,0,5.1236884095,0
rough_R0_ground_s0p20,16,5776,9,1,6,0,0,1,0,2.87479555878,0
rough_R0_ground_s0p20,0,22405,11,1,13,0,0,1,0,7.65745352165,0
rough_R0_ground_s0p20,19,4231,8,1,23,0,0,1,0,8.74565894381,0
rough_R0_ground_s0p20,18,3538,0,0,20,0,0,1,0,5.67363687428,0
rough_R0_ground_s0p20,15,21441,7,0,2,0,0,1,0,3.53777976612,0
rough_R0_ground_s0p20,15,21432,10,1,15,0,0,1,0,4.34077660766,0
rough_R0_ground_s0p20,16,5670,12,1,10,0,0,1,0,4.79105334446,0
rough_R0_ground_s0p20,19,4189,2,0,0,0,0,1,0,3.71989027522,0
rough_R0_ground_s0p20,17,3421,15,1,13,0,0,1,0,4.2287994771,0
rough_R0_ground_s0p20,1,20193,7,0,5,0,0,1,0,4.35669533721,0
rough_R0_ground_s0p20,13,21846,11,1,14,0,0,1,0,6.4075698583,0
rough_R0_ground_s0p20,17,3400,11,1,2,0,0,1,0,9.88266330773,0
rough_R0_ground_s0p20,18,3431,15,1,3,0,0,1,0,3.25455774718,0
rough_R0_ground_s0p20,13,21811,4,0,12,0,0,1,0,5.57897030026,0
rough_R0_ground_s0p20,13,21790,2,0,11,0,0,1,0,5.47090176712,0
rough_R0_ground_s0p20,1,20074,12,1,5,0,0,1,0,4.06197194531,0
rough_R0_ground_s0p20,18,3330,12,1,3,0,0,1,0,4.73214505213,0
rough_R0_ground_s0p20,17,3307,14,1,7,0,0,1,0,3.67718363725,0
rough_R0_ground_s0p20,0,22162,1,0,3,0,0,1,0,6.84176379206,0
rough_R0_ground_s0p20,16,5461,3,0,8,0,0,1,0,5.51745346672,0
rough_R0_ground_s0p20,0,22159,4,0,25,0,0,1,0,4.25994811965,0
rough_R0_ground_s0p20,16,5443,5,0,15,0,0,1,0,7.89016580291,0
rough_R0_ground_s0p20,1,20020,7,0,10,0,0,1,0,4.73264596765,0
rough_R0_ground_s0p20,1,19997,7,0,13,0,0,1,0,10.5397413484,0
rough_R0_ground_s0p20,18,3263,5,0,11,0,0,1,0,3.48180915497,0
rough_R0_ground_s0p20,15,21162,1,0,1,0,0,1,0,4.15555792409,0
rough_R0_ground_s0p20,19,3942,12,1,19,0,0,1,0,6.80589702041,0
rough_R0_ground_s0p20,13,21628,15,1,17,0,0,1,0,4.91231485206,0
rough_R0_ground_s0p20,18,3219,10,1,6,0,0,1,0,4.6646446839,0
rough_R0_ground_s0p20,16,5353,3,0,11,0,0,1,0,4.68370204372,0
rough_R0_ground_s0p20,0,22078,2,0,12,0,0,1,0,3.40544272677,0
rough_R0_ground_s0p20,16,5330,0,0,7,0,0,1,0,3.1972265182,0
rough_R0_ground_s0p20,18,3161,0,0,15,0,0,1,0,5.48280637182,0
rough_R0_ground_s0p20,0,22054,11,1,17,0,0,1,0,7.38384745872,0
rough_R0_ground_s0p20,16,5309,1,0,11,0,0,1,0,3.5483889829,0
rough_R0_ground_s0p20,16,5296,6,0,20,0,0,1,0,5.14759795084,0
rough_R0_ground_s0p20,0,22006,3,0,15,0,0,1,0,7.09168387075,0
rough_R0_ground_s0p20,18,3110,15,1,18,0,0,1,0,2.7213328875,0
rough_R0_ground_s0p20,16,5266,1,0,18,0,0,1,0,3.96911905889,0
rough_R0_ground_s0p20,16,5264,1,0,25,0,0,1,0,5.22178070231,0
rough_R0_ground_s0p20,13,21479,0,0,5,0,0,1,0,3.27852236693,0
rough_R0_ground_s0p20,16,5214,5,0,14,0,0,1,0,3.05832259005,0
rough_R0_ground_s0p20,17,5877,12,1,4,0,0,1,0,4.04394742166,0
rough_R0_ground_s0p20,18,6161,12,1,7,0,0,1,0,3.06349761652,0
rough_R0_ground_s0p20,16,5157,0,0,3,0,0,1,0,5.97328804854,0
rough_R0_ground_s0p20,18,6137,1,0,7,0,0,1,0,5.03909449397,0
rough_R0_ground_s0p20,13,21364,14,1,29,0,0,1,0,3.22832760295,0
rough_R0_ground_s0p20,0,21775,0,0,0,0,0,1,0,3.12400525867,0
rough_R0_ground_s0p20,19,3600,3,0,7,0,0,1,0,4.21989180033,0
rough_R0_ground_s0p20,13,21244,8,1,6,0,0,1,0,2.69576258583,0
rough_R0_ground_s0p20,15,23511,14,1,16,0,0,1,0,8.53771036704,0
rough_R0_ground_s0p20,1,22457,4,0,28,0,0,1,0,9.96908138276,0
rough_R0_ground_s0p20,15,23503,6,0,18,0,0,1,0,3.66438711706,0
rough_R0_ground_s0p20,15,23494,3,0,18,0,0,1,0,6.29665019942,0
rough_R0_ground_s0p20,0,21733,14,1,12,0,0,1,0,5.1758582211,0
rough_R0_ground_s0p20,16,5009,1,0,8,0,0,1,0,3.51068666358,0
rough_R0_ground_s0p20,16,4994,13,1,10,0,0,1,0,3.4213363219,0
rough_R0_ground_s0p20,13,24070,7,0,16,0,0,1,0,7.81992435313,0
rough_R0_ground_s0p20,18,5960,12,1,39,0,0,1,0,4.3900408173,0
rough_R0_ground_s0p20,16,4950,12,1,6,0,0,1,0,3.75498221379,0
rough_R0_ground_s0p20,19,3488,15,1,12,0,0,1,0,7.68394763062,0
rough_R0_ground_s0p20,17,5609,4,0,12,0,0,1,0,7.0991517265,0
rough_R0_ground_s0p20,15,23346,11,1,4,0,0,1,0,4.24463833405,0
rough_R0_ground_s0p20,16,4909,4,0,15,0,0,1,0,3.74797835678,0
rough_R0_ground_s0p20,13,23975,9,1,10,0,0,1,0,4.94768313837,0
rough_R0_ground_s0p20,13,23971,12,1,9,0,0,1,0,6.17959989832,0
rough_R0_ground_s0p20,19,3418,15,1,7,0,0,1,0,3.74414282788,0
rough_R0_ground_s0p20,0,21580,14,1,17,0,0,1,0,8.50277767217,0
rough_R0_ground_s0p20,19,3410,14,1,15,0,0,1,0,7.65576291096,0
rough_R0_ground_s0p20,17,5537,6,0,0,0,0,1,0,4.12573845683,0
rough_R0_ground_s0p20,15,23306,7,0,12,0,0,1,0,3.51814436242,0
rough_R0_ground_s0p20,15,23303,1,0,16,0,0,1,0,3.73750881489,0
rough_R0_ground_s0p20,13,23912,0,0,0,0,0,1,0,5.63095744501,0
rough_R0_ground_s0p20,17,5460,7,0,0,0,0,1,0,5.03361140317,0
rough_R0_ground_s0p20,18,5764,13,1,0,0,0,1,0,6.40907138737,0
rough_R0_ground_s0p20,16,4801,13,1,0,0,0,1,0,4.76128586506,0
rough_R0_ground_s0p20,15,23209,11,1,0,0,0,1,0,3.79241663059,0
rough_R0_ground_s0p20,13,23861,2,0,0,0,0,1,0,3.84168194562,0
rough_R0_ground_s0p20,17,5417,11,1,0,0,0,1,0,2.96464697108,0
rough_R0_ground_s0p20,13,23858,10,1,0,0,0,1,0,3.71365060779,0
rough_R0_ground_s0p20,18,5718,14,1,0,0,0,1,0,4.78170316211,0
rough_R0_ground_s0p20,17,5411,9,1,0,0,0,1,0,5.64537299636,0
rough_R0_ground_s0p20,18,5678,8,1,0,0,0,1,0,6.05693492498,0
rough_R0_ground_s0p20,17,5340,1,0,0,0,0,1,0,4.45622022423,0
rough_R0_ground_s0p20,16,4704,8,1,0,0,0,1,0,4.99137985889,0
rough_R0_ground_s0p20,17,5296,7,0,0,0,0,1,0,4.79650286751,0
rough_R0_ground_s0p20,16,4657,11,1,0,0,0,1,0,3.43159593922,0
rough_R0_ground_s0p20,13,23730,14,1,0,0,0,1,0,6.97895838357,0
rough_R0_ground_s0p20,13,23703,15,1,0,0,0,1,0,3.47455667179,0
rough_R0_ground_s0p20,18,5543,7,0,0,0,0,1,0,6.20727785275,0
rough_R0_ground_s0p20,19,3104,12,1,0,0,0,1,0,2.71020683639,0
rough_R0_ground_s0p20,16,4584,8,1,0,0,0,1,0,4.80705748015,0
rough_R0_ground_s0p20,0,24303,12,1,0,0,0,1,0,6.55758574675,0
rough_R0_ground_s0p20,19,6682,2,0,0,0,0,1,0,7.12332999639,0
rough_R0_ground_s0p20,13,23621,6,0,0,0,0,1,0,4.86889354225,0
rough_R0_ground_s0p20,17,5164,3,0,0,0,0,1,0,3.40590131118,0
rough_R0_ground_s0p20,18,5475,12,1,0,0,0,1,0,4.56217440935,0
rough_R0_ground_s0p20,15,22893,0,0,0,0,0,1,0,6.44123772781,0
rough_R0_ground_s0p20,15,23570,0,0,0,0,0,0,0,7.51883303394,0
rough_R0_ground_s0p20,18,5460,8,1,0,0,0,1,0,3.66273791164,0
rough_R0_ground_s0p20,19,6635,8,1,0,0,0,1,0,8.44328133559,0
rough_R0_ground_s0p20,16,4497,11,1,0,0,0,1,0,3.70581322474,0
rough_R0_ground_s0p20,17,5110,7,0,0,0,0,1,0,4.60793530708,0
rough_R0_ground_s0p20,17,6012,7,0,0,0,0,0,0,5.91318531303,0
rough_R0_ground_s0p20,15,22854,10,1,0,0,0,1,0,3.66879381977,0
rough_R0_ground_s0p20,18,5370,7,0,0,0,0,1,0,3.50363966538,0
rough_R0_ground_s0p20,17,5056,0,0,0,0,0,1,0,2.92826097252,0
rough_R0_ground_s0p20,15,22786,3,0,0,0,0,1,0,4.20865772146,0
rough_R0_ground_s0p20,17,5013,8,1,0,0,0,1,0,3.09140554263,0
rough_R0_ground_s0p20,18,5284,13,1,0,0,0,1,0,9.59104604323,0
rough_R0_ground_s0p20,18,5274,11,1,0,0,0,1,0,5.15372095867,0
rough_R0_ground_s0p20,19,6444,9,1,0,0,0,1,0,3.09330375434,0
rough_R0_ground_s0p20,15,22693,11,1,0,0,0,1,0,3.83573898473,0
rough_R0_ground_s0p20,0,24043,7,0,0,0,0,1,0,2.90448597792,0
rough_R0_ground_s0p20,13,23361,3,0,0,0,0,1,0,3.80374733172,0
rough_R0_ground_s0p20,17,4901,0,0,0,0,0,1,0,4.86017450694,0
rough_R0_ground_s0p20,15,22592,2,0,0,0,0,1,0,3.49332592947,0
rough_R0_ground_s0p20,18,5124,7,0,0,0,0,1,0,3.13520718129,0
rough_R0_ground_s0p20,13,23261,9,1,0,0,0,1,0,3.10888981188,0
rough_R0_ground_s0p20,19,6315,9,1,0,0,0,1,0,4.69595536364,0
rough_R0_ground_s0p20,0,23889,0,0,0,0,0,1,0,3.82261433352,0
rough_R0_ground_s0p20,17,4818,2,0,0,0,0,1,0,9.23257385071,0
rough_R0_ground_s0p20,0,23868,9,1,0,0,0,1,0,5.94700450071,0
rough_R0_ground_s0p20,19,6248,5,0,0,0,0,1,0,3.58878616423,0
rough_R0_ground_s0p20,16,4157,0,0,0,0,0,1,0,4.87103372862,0
rough_R0_ground_s0p20,17,4756,0,0,0,0,0,1,0,3.74303854322,0
rough_R0_ground_s0p20,16,4101,10,1,0,0,0,1,0,4.07488903832,0
rough_R0_ground_s0p20,15,23572,5,0,0,0,0,1,0,5.62147209102,0
rough_R0_ground_s0p20,18,4967,7,0,0,0,0,1,0,6.27129507028,0
rough_R0_ground_s0p20,16,4064,0,0,0,0,0,1,0,4.9228575946,0
rough_R0_ground_s0p20,13,23107,8,1,0,0,0,1,0,4.37711026486,0
rough_R0_ground_s0p20,18,4931,4,0,0,0,0,1,0,3.21539281676,0
rough_R0_ground_s0p20,16,4037,13,1,0,0,0,1,0,3.41844087833,0
rough_R0_ground_s0p20,13,23069,11,1,0,0,0,1,0,4.56683469102,0
rough_R0_ground_s0p20,18,4889,14,1,0,0,0,1,0,3.80389549533,0
rough_R0_ground_s0p20,0,23689,2,0,0,0,0,1,0,3.38812397703,0
rough_R0_ground_s0p20,18,4878,2,0,0,0,0,1,0,5.35831282096,0
rough_R0_ground_s0p20,13,23006,8,1,0,0,0,1,0,7.76255146461,0
rough_R0_ground_s0p20,17,4521,10,1,0,0,0,1,0,3.39719795948,0
rough_R0_ground_s0p20,13,22955,10,1,0,0,0,1,0,8.10428390687,0
rough_R0_ground_s0p20,16,3904,4,0,0,0,0,1,0,6.07942788552,0
rough_R0_ground_s0p20,17,4476,10,1,0,0,0,1,0,4.58481819569,0
rough_R0_ground_s0p20,16,3890,7,0,0,0,0,1,0,4.4068759297,0
rough_R0_ground_s0p20,13,22927,4,0,0,0,0,1,0,3.37683802491,0
rough_R0_ground_s0p20,17,4427,12,1,0,0,0,1,0,2.66915895058,0
rough_R0_ground_s0p20,16,3834,2,0,0,0,0,1,0,3.43259976208,0
rough_R0_ground_s0p20,0,23439,4,0,0,0,0,1,0,8.15984269156,0
rough_R0_ground_s0p20,19,5801,7,0,0,0,0,1,0,4.77698060007,0
rough_R0_ground_s0p20,17,12382,1,0,0,0,0,1,0,4.21121046159,0
rough_R0_ground_s0p20,13,22804,0,0,0,0,0,1,0,10.0000555012,0
rough_R0_ground_s0p20,0,23358,12,1,0,0,0,1,0,4.03825048892,0
rough_R0_ground_s0p20,17,12362,11,1,0,0,0,1,0,6.61393218509,0
rough_R0_ground_s0p20,0,23342,14,1,0,0,0,1,0,6.90009330478,0
rough_R0_ground_s0p20,0,23331,4,0,0,0,0,1,0,8.58898589229,0
rough_R0_ground_s0p20,16,7890,3,0,0,0,0,1,0,4.73686752344,0
rough_R0_ground_s0p20,16,7874,8,1,0,0,0,1,0,6.29328330892,0
rough_R0_ground_s0p20,0,23280,5,0,0,0,0,1,0,9.17890816963,0
rough_R0_ground_s0p20,19,5664,13,1,0,0,0,1,0,3.54667207574,0
rough_R0_ground_s0p20,18,7757,11,1,0,0,0,1,0,6.06543901994,0
rough_R0_ground_s0p20,18,7853,11,1,0,0,0,0,0,11.7031536254,0
rough_R0_ground_s0p20,16,7823,5,0,0,0,0,1,0,4.30386779289,0
rough_R0_ground_s0p20,18,7731,7,0,0,0,0,1,0,3.82000964286,0
rough_R0_ground_s0p20,18,7725,12,1,0,0,0,1,0,7.3239669367,0
rough_R0_ground_s0p20,16,7778,4,0,0,0,0,1,0,7.70945334236,0
rough_R0_ground_s0p20,13,25626,13,1,0,0,0,1,0,3.9009673149,0
rough_R0_ground_s0p20,13,25620,1,0,0,0,0,1,0,7.08888270159,0
rough_R0_ground_s0p20,0,23172,14,1,0,0,0,1,0,4.00835787719,0
rough_R0_ground_s0p20,17,12132,13,1,0,0,0,1,0,6.35245244697,0
rough_R0_ground_s0p20,19,5498,14,1,0,0,0,1,0,6.00089326135,0
rough_R0_ground_s0p20,17,12125,11,1,0,0,0,1,0,4.16068652363,0
rough_R0_ground_s0p20,18,7642,9,1,0,0,0,1,0,8.43232207994,0
rough_R0_ground_s0p20,17,12105,15,1,0,0,0,1,0,5.17163907063,0
rough_R0_ground_s0p20,16,7628,10,1,0,0,0,1,0,4.16467298024,0
rough_R0_ground_s0p20,13,25420,14,1,0,0,0,1,0,6.77513581339,0
rough_R0_ground_s0p20,13,25398,11,1,0,0,0,1,0,3.50204030057,0
rough_R0_ground_s0p20,18,7440,14,1,0,0,0,1,0,4.92814059914,0
rough_R0_ground_s0p20,13,25308,7,0,0,0,0,1,0,3.25449913854,0
rough_R0_ground_s0p20,19,5234,11,1,0,0,0,1,0,3.59365525248,0
rough_R0_ground_s0p20,13,25178,15,1,0,0,0,1,0,4.1420454644,0
rough_R0_ground_s0p20,17,11758,8,1,0,0,0,1,0,3.41731026988,0
rough_R0_ground_s0p20,18,7160,0,0,0,0,0,1,0,4.39437384994,0
rough_R0_ground_s0p20,13,25068,3,0,0,0,0,1,0,3.64880635558,0
rough_R0_ground_s0p20,18,7145,7,0,0,0,0,1,0,3.93523132811,0
rough_R0_ground_s0p20,17,11635,15,1,0,0,0,1,0,6.07280905818,0
rough_R0_ground_s0p20,13,25018,14,1,0,0,0,1,0,4.82951640113,0
rough_R0_ground_s0p20,16,7171,9,1,0,0,0,1,0,4.7559439078,0
rough_R0_ground_s0p20,0,26442,13,1,0,0,0,1,0,4.6980977881,0
rough_R0_ground_s0p20,19,8093,8,1,0,0,0,1,0,8.20497334948,0
rough_R0_ground_s0p20,17,11515,2,0,0,0,0,1,0,3.77727625627,0
rough_R0_ground_s0p20,13,24949,10,1,0,0,0,1,0,5.04403757924,0
rough_R0_ground_s0p20,19,8054,14,1,0,0,0,1,0,6.3538084502,0
rough_R0_ground_s0p20,16,7095,11,1,0,0,0,1,0,3.93284434483,0
rough_R0_ground_s0p20,18,7014,2,0,0,0,0,1,0,8.20580958029,0
rough_R0_ground_s0p20,19,8003,7,0,0,0,0,1,0,3.7639921821,0
rough_R0_ground_s0p20,13,24894,12,1,0,0,0,1,0,3.5924073764,0
rough_R0_ground_s0p20,16,7015,13,1,0,0,0,1,0,4.26396298589,0
rough_R0_ground_s0p20,17,11389,12,1,0,0,0,1,0,4.78518575893,0
rough_R0_ground_s0p20,18,6951,4,0,0,0,0,1,0,4.77414199784,0
rough_R0_ground_s0p20,13,24816,15,1,0,0,0,1,0,3.43438754638,0
rough_R0_ground_s0p20,19,7926,2,0,0,0,0,1,0,3.84119331937,0
rough_R0_ground_s0p20,19,7923,13,1,0,0,0,1,0,5.1494974398,0
rough_R0_ground_s0p20,17,11358,10,1,0,0,0,1,0,3.98051261558,0
rough_R0_ground_s0p20,19,7875,13,1,0,0,0,1,0,3.49757894698,0
rough_R0_ground_s0p20,19,7873,3,0,0,0,0,1,0,11.2084945185,0
rough_R0_ground_s0p20,18,6867,13,1,0,0,0,1,0,3.61710439614,0
rough_R0_ground_s0p20,0,26163,1,0,0,0,0,1,0,3.79599132417,0
rough_R0_ground_s0p20,0,26546,14,1,0,0,0,1,0,6.60150185479,0
rough_R0_ground_s0p20,19,7746,3,0,0,0,0,1,0,4.0888358315,0
rough_R0_ground_s0p20,17,11175,13,1,0,0,0,1,0,5.42711731264,0
rough_R0_ground_s0p20,0,26007,11,1,0,0,0,1,0,3.34030426677,0
rough_R0_ground_s0p20,16,6673,2,0,0,0,0,1,0,5.02754638886,0
rough_R0_ground_s0p20,13,24501,10,1,0,0,0,1,0,3.78373443265,0
rough_R0_ground_s0p20,18,6663,11,1,0,0,0,1,0,3.27614029477,0
rough_R0_ground_s0p20,13,24425,10,1,0,0,0,1,0,6.01518294706,0
rough_R0_ground_s0p20,0,25883,15,1,0,0,0,1,0,3.13796987376,0
rough_R0_ground_s0p20,19,7553,9,1,0,0,0,1,0,3.94580247362,0
rough_R0_ground_s0p20,13,24401,1,0,0,0,0,1,0,8.63442215468,0
rough_R0_ground_s0p20,17,11001,6,0,0,0,0,1,0,4.28745326736,0
rough_R0_ground_s0p20,17,12468,6,0,0,0,0,0,0,5.9336315996,0
rough_R0_ground_s0p20,19,7528,14,1,0,0,0,1,0,5.28272280472,0
rough_R0_ground_s0p20,18,6528,10,1,0,0,0,1,0,3.56633558386,0
rough_R0_ground_s0p20,0,25751,13,1,0,0,0,1,0,3.33059735571,0
rough_R0_ground_s0p20,13,24305,3,0,0,0,0,1,0,5.65893602771,0
rough_R0_ground_s0p20,18,6487,6,0,0,0,0,1,0,5.0838911469,0
rough_R0_ground_s0p20,18,6456,4,0,0,0,0,1,0,3.91719497343,0
rough_R0_ground_s0p20,19,7391,8,1,0,0,0,1,0,4.20081846365,0
rough_R0_ground_s0p20,0,25645,6,0,0,0,0,1,0,3.5167440115,0
rough_R0_ground_s0p20,19,7353,6,0,0,0,0,1,0,3.47417313496,0
rough_R0_ground_s0p20,13,24166,0,0,0,0,0,1,0,2.66946394984,0
rough_R0_ground_s0p20,0,25615,9,1,0,0,0,1,0,7.97463904458,0
rough_R0_ground_s0p20,0,25608,7,0,0,0,0,1,0,4.1040014529,0
rough_R0_ground_s0p20,16,6318,5,0,0,0,0,1,0,3.62347999159,0
rough_R0_ground_s0p20,16,6242,13,1,0,0,0,1,0,2.63016324666,0
rough_R0_ground_s0p20,18,6271,7,0,0,0,0,1,0,2.74989968591,0
rough_R0_ground_s0p20,19,7231,12,1,0,0,0,1,0,4.45116512476,0
rough_R0_ground_s0p20,19,8244,12,1,0,0,0,0,0,8.42186901803,0
rough_R0_ground_s0p20,18,9362,4,0,0,0,0,1,0,3.35881115159,0
rough_R0_ground_s0p20,0,25467,4,0,0,0,0,1,0,5.04934158993,0
rough_R0_ground_s0p20,19,7187,14,1,0,0,0,1,0,4.47066335384,0
rough_R0_ground_s0p20,17,10603,3,0,0,0,0,1,0,3.47249646215,0
rough_R0_ground_s0p20,0,25436,1,0,0,0,0,1,0,3.24948582346,0
rough_R0_ground_s0p20,18,9286,5,0,0,0,0,1,0,2.782074382,0
rough_R0_ground_s0p20,16,9304,12,1,0,0,0,1,0,3.87723660047,0
rough_R0_ground_s0p20,18,9262,4,0,0,0,0,1,0,3.7653715377,0
rough_R0_ground_s0p20,19,7095,5,0,0,0,0,1,0,4.97901024124,0
rough_R0_ground_s0p20,16,9263,13,1,0,0,0,1,0,6.79649643697,0
rough_R0_ground_s0p20,0,25357,6,0,0,0,0,1,0,5.60304196501,0
rough_R0_ground_s0p20,16,9239,13,1,0,0,0,1,0,13.3936981778,0
rough_R0_ground_s0p20,19,7021,2,0,0,0,0,1,0,3.95825074071,0
rough_R0_ground_s0p20,17,10444,7,0,0,0,0,1,0,5.13642506575,0
rough_R0_ground_s0p20,17,10410,5,0,0,0,0,1,0,4.12300322803,0
rough_R0_ground_s0p20,19,6954,7,0,0,0,0,1,0,5.82200426717,0
rough_R0_ground_s0p20,18,9114,5,0,0,0,0,1,0,5.76657657612,0
rough_R0_ground_s0p20,19,6934,13,1,0,0,0,1,0,5.84850205218,0
rough_R0_ground_s0p20,0,25191,2,0,0,0,0,1,0,4.37716519291,0
rough_R0_ground_s0p20,0,25168,13,1,0,0,0,1,0,7.0820774164,0
rough_R0_ground_s0p20,17,10304,11,1,0,0,0,1,0,5.07509515139,0
rough_R0_ground_s0p20,13,26755,9,1,0,0,0,1,0,3.95048811655,0
rough_R0_ground_s0p20,0,25109,15,1,0,0,0,1,0,3.82509302326,0
rough_R0_ground_s0p20,0,25096,0,0,0,0,0,1,0,4.86468998566,0
rough_R0_ground_s0p20,16,8987,6,0,0,0,0,1,0,8.86378420596,0
rough_R0_ground_s0p20,16,8981,14,1,0,0,0,1,0,4.68487991799,0
rough_R0_ground_s0p20,17,10231,9,1,0,0,0,1,0,5.30671109366,0
rough_R0_ground_s0p20,18,8936,9,1,0,0,0,1,0,3.9608533441,0
rough_R0_ground_s0p20,16,8928,6,0,0,0,0,1,0,5.16817391195,0
rough_R0_ground_s0p20,0,25027,4,0,0,0,0,1,0,5.88840912071,0
rough_R0_ground_s0p20,13,26651,8,1,0,0,0,1,0,3.92762917768,0
rough_R0_ground_s0p20,16,8920,1,0,0,0,0,1,0,6.3265981739,0
rough_R0_ground_s0p20,13,26646,2,0,0,0,0,1,0,3.86371625066,0
rough_R0_ground_s0p20,16,8902,1,0,0,0,0,1,0,4.26467395788,0
rough_R0_ground_s0p20,13,26614,4,0,0,0,0,1,0,5.70133990055,0
rough_R0_ground_s0p20,17,10119,11,1,0,0,0,1,0,5.27740204245,0
rough_R0_ground_s0p20,0,24954,15,1,0,0,0,1,0,3.69113748368,0
rough_R0_ground_s0p20,18,8840,8,1,0,0,0,1,0,6.04609967547,0
rough_R0_ground_s0p20,19,9699,15,1,0,0,0,1,0,4.9783414011,0
rough_R0_ground_s0p20,16,8787,8,1,0,0,0,1,0,4.0320822783,0
rough_R0_ground_s0p20,13,26514,13,1,0,0,0,1,0,4.62841906986,0
rough_R0_ground_s0p20,0,24856,4,0,0,0,0,1,0,3.61711835378,0
rough_R0_ground_s0p20,16,8736,14,1,0,0,0,1,0,4.92406080436,0
rough_R0_ground_s0p20,13,26477,6,0,0,0,0,1,0,4.95958342748,0
rough_R0_ground_s0p20,18,8672,15,1,0,0,0,1,0,3.80156525132,0
rough_R0_ground_s0p20,16,8664,14,1,0,0,0,1,0,4.1077136584,0
rough_R0_ground_s0p20,16,8660,1,0,0,0,0,1,0,3.65794729576,0
rough_R0_ground_s0p20,0,24732,4,0,0,0,0,1,0,3.7796180996,0
rough_R0_ground_s0p20,17,9897,0,0,0,0,0,1,0,2.97114215745,0
rough_R0_ground_s0p20,16,8643,13,1,0,0,0,1,0,9.18833840484,0
rough_R0_ground_s0p20,19,9504,13,1,0,0,0,1,0,9.08642794823,0
rough_R0_ground_s0p20,17,9863,9,1,0,0,0,1,0,5.66647263668,0
rough_R0_ground_s0p20,19,9460,1,0,0,0,0,1,0,2.97612340349,0
rough_R0_ground_s0p20,17,9818,14,1,0,0,0,1,0,5.42772246535,0
rough_R0_ground_s0p20,19,9421,12,1,0,0,0,1,0,3.79744217723,0
rough_R0_ground_s0p20,0,24595,1,0,0,0,0,1,0,4.9737096629,0
rough_R0_ground_s0p20,18,8515,8,1,0,0,0,1,0,3.84404372248,0
rough_R0_ground_s0p20,16,8464,15,1,0,0,0,1,0,5.55915219411,0
rough_R0_ground_s0p20,16,8461,4,0,0,0,0,1,0,4.71714508755,0
rough_R0_ground_s0p20,13,26208,8,1,0,0,0,1,0,3.42589456908,0
rough_R0_ground_s0p20,0,24533,13,1,0,0,0,1,0,4.14627464796,0
rough_R0_ground_s0p20,17,9676,13,1,0,0,0,1,0,3.96621081765,0
rough_R0_ground_s0p20,13,26132,3,0,0,0,0,1,0,5.26774535496,0
rough_R0_ground_s0p20,18,8423,14,1,0,0,0,1,0,4.50566305055,0
rough_R0_ground_s0p20,17,9637,2,0,0,0,0,1,0,4.06616974211,0
rough_R0_ground_s0p20,16,8355,13,1,0,0,0,1,0,4.48977625902,0
rough_R0_ground_s0p20,13,26087,14,1,0,0,0,1,0,7.05234105139,0
rough_R0_ground_s0p20,16,8318,10,1,0,0,0,1,0,4.51759414894,0
rough_R0_ground_s0p20,13,26015,8,1,0,0,0,1,0,5.1079420163,0
rough_R0_ground_s0p20,0,27055,15,1,0,0,0,1,0,6.32624240252,0
rough_R0_ground_s0p20,13,25994,5,0,0,0,0,1,0,4.55906783677,0
rough_R0_ground_s0p20,13,27228,5,0,0,0,0,0,0,5.12570986461,0
rough_R0_ground_s0p20,16,8157,6,0,0,0,0,1,0,6.41441786385,0
rough_R0_ground_s0p20,13,25937,10,1,0,0,0,1,0,3.81860038178,0
rough_R0_ground_s0p20,0,26960,13,1,0,0,0,1,0,4.11941630443,0
rough_R0_ground_s0p20,16,8096,13,1,0,0,0,1,0,4.69784822675,0
rough_R0_ground_s0p20,17,9419,7,0,0,0,0,1,0,3.61580598716,0
rough_R0_ground_s0p20,13,25889,1,0,0,0,0,1,0,3.649885185,0
rough_R0_ground_s0p20,17,9409,11,1,0,0,0,1,0,3.6684706305,0
rough_R0_ground_s0p20,18,8185,13,1,0,0,0,1,0,4.71392593755,0
rough_R0_ground_s0p20,19,9031,9,1,0,0,0,1,0,5.29006902281,0
rough_R0_ground_s0p20,16,8062,12,1,0,0,0,1,0,3.94055324869,0
rough_R0_ground_s0p20,0,26928,13,1,0,0,0,1,0,3.09303945296,0
rough_R0_ground_s0p20,19,9015,5,0,0,0,0,1,0,5.68451025065,0
rough_R0_ground_s0p20,0,26917,2,0,0,0,0,1,0,11.7542934202,0
rough_R0_ground_s0p20,13,25837,14,1,0,0,0,1,0,3.77177736108,0
rough_R0_ground_s0p20,18,8151,15,1,0,0,0,1,0,8.85045183916,0
rough_R0_ground_s0p20,0,26892,10,1,0,0,0,1,0,7.48926372611,0
rough_R0_ground_s0p20,0,26888,9,1,0,0,0,1,0,3.44539526015,0
rough_R0_ground_s0p20,13,28526,1,0,0,0,0,1,0,3.65672468272,0
rough_R0_ground_s0p20,18,8044,1,0,0,0,0,1,0,4.98524986092,0
rough_R0_ground_s0p20,18,8020,15,1,0,0,0,1,0,5.02742871996,0
rough_R0_ground_s0p20,16,11163,8,1,0,0,0,1,0,6.17314614969,0
rough_R0_ground_s0p20,16,11260,8,1,0,0,0,0,0,12.4013091098,0
rough_R0_ground_s0p20,18,8007,10,1,0,0,0,1,0,5.23101073213,0
rough_R0_ground_s0p20,0,26740,9,1,0,0,0,1,0,3.39311337413,0
rough_R0_ground_s0p20,13,28405,7,0,0,0,0,1,0,4.9789148438,0
rough_R0_ground_s0p20,18,7900,2,0,0,0,0,1,0,3.02996957192,0
rough_R0_ground_s0p20,16,11071,2,0,0,0,0,1,0,5.79477847841,0
rough_R0_ground_s0p20,0,26626,1,0,0,0,0,1,0,6.95661363822,0
rough_R0_ground_s0p20,18,11419,1,0,0,0,0,1,0,4.45179642318,0
rough_R0_ground_s0p20,18,11415,2,0,0,0,0,1,0,4.17028122117,0
rough_R0_ground_s0p20,16,10994,1,0,0,0,0,1,0,4.56927016233,0
rough_R0_ground_s0p20,17,9018,13,1,0,0,0,1,0,6.49727135914,0
rough_R0_ground_s0p20,13,28235,5,0,0,0,0,1,0,3.30090987748,0
rough_R0_ground_s0p20,19,8591,9,1,0,0,0,1,0,4.67733782402,0
rough_R0_ground_s0p20,18,11293,3,0,0,0,0,1,0,7.28068180933,0
rough_R0_ground_s0p20,17,8852,14,1,0,0,0,1,0,4.20943830028,0
rough_R0_ground_s0p20,17,8785,15,1,0,0,0,1,0,6.11755870987,0
rough_R0_ground_s0p20,17,8748,15,1,0,0,0,1,0,4.96237720317,0
rough_R0_ground_s0p20,16,10719,9,1,0,0,0,1,0,3.36550179979,0
rough_R0_ground_s0p20,17,8726,13,1,0,0,0,1,0,5.17918725455,0
rough_R0_ground_s0p20,16,10709,15,1,0,0,0,1,0,6.76127555684,0
rough_R0_ground_s0p20,13,28007,0,0,0,0,0,1,0,3.68691231843,0
rough_R0_ground_s0p20,18,11143,3,0,0,0,0,1,0,5.14036536054,0
rough_R0_ground_s0p20,16,10657,14,1,0,0,0,1,0,8.05180355071,0
rough_R0_ground_s0p20,17,8651,6,0,0,0,0,1,0,10.4822607767,0
rough_R0_ground_s0p20,19,8318,10,1,0,0,0,1,0,2.7079172401,0
rough_R0_ground_s0p20,13,27981,5,0,0,0,0,1,0,6.32461501325,0
rough_R0_ground_s0p20,16,10638,11,1,0,0,0,1,0,6.32372753871,0
rough_R0_ground_s0p20,18,11104,13,1,0,0,0,1,0,2.9800480555,0
rough_R0_ground_s0p20,13,27955,2,0,0,0,0,1,0,5.6581428679,0
rough_R0_ground_s0p20,13,27946,6,0,0,0,0,1,0,7.41259182397,0
rough_R0_ground_s0p20,19,8262,5,0,0,0,0,1,0,2.62588134119,0
rough_R0_ground_s0p20,17,8600,5,0,0,0,0,1,0,5.05732119127,0
rough_R0_ground_s0p20,13,27910,5,0,0,0,0,1,0,9.84129876731,0
rough_R0_ground_s0p20,13,28573,5,0,0,0,0,0,0,11.893260185,0
rough_R0_ground_s0p20,18,11021,1,0,0,0,0,1,0,5.34286705469,0
rough_R0_ground_s0p20,13,27846,7,0,0,0,0,1,0,3.83650487942,0
rough_R0_ground_s0p20,18,10989,12,1,0,0,0,1,0,4.55713536644,0
rough_R0_ground_s0p20,13,27791,13,1,0,0,0,1,0,2.85268882507,0
rough_R0_ground_s0p20,16,10445,7,0,0,0,0,1,0,4.65797916709,0
rough_R0_ground_s0p20,18,10895,2,0,0,0,0,1,0,4.14401710459,0
rough_R0_ground_s0p20,13,27742,4,0,0,0,0,1,0,8.23014068005,0
rough_R0_ground_s0p20,18,10857,5,0,0,0,0,1,0,3.15204682434,0
rough_R0_ground_s0p20,19,11408,12,1,0,0,0,1,0,5.50658248824,0
rough_R0_ground_s0p20,18,10819,11,1,0,0,0,1,0,2.81336285575,0
rough_R0_ground_s0p20,17,8353,15,1,0,0,0,1,0,3.28273707231,0
rough_R0_ground_s0p20,13,27663,4,0,0,0,0,1,0,5.98030900571,0
rough_R0_ground_s0p20,13,27637,7,0,0,0,0,1,0,3.69679677509,0
rough_R0_ground_s0p20,19,11310,8,1,0,0,0,1,0,3.71820979751,0
rough_R0_ground_s0p20,16,10244,3,0,0,0,0,1,0,4.69703335627,0
rough_R0_ground_s0p20,17,8290,9,1,0,0,0,1,0,4.05518324679,0
rough_R0_ground_s0p20,17,8275,1,0,0,0,0,1,0,4.98303107466,0
rough_R0_ground_s0p20,18,10716,4,0,0,0,0,1,0,5.73940632183,0
rough_R0_ground_s0p20,13,27574,1,0,0,0,0,1,0,4.05682670904,0
rough_R0_ground_s0p20,18,10710,10,1,0,0,0,1,0,6.85413490904,0
rough_R0_ground_s0p20,13,27561,13,1,0,0,0,1,0,3.98199158974,0
rough_R0_ground_s0p20,18,10700,13,1,0,0,0,1,0,3.62237818417,0
rough_R0_ground_s0p20,13,27551,1,0,0,0,0,1,0,5.72980601908,0
rough_R0_ground_s0p20,18,10693,5,0,0,0,0,1,0,6.06379581625,0
rough_R0_ground_s0p20,16,10091,8,1,0,0,0,1,0,6.0949664187,0
rough_R0_ground_s0p20,13,27448,6,0,0,0,0,1,0,5.5201586767,0
rough_R0_ground_s0p20,16,10086,11,1,0,0,0,1,0,5.04296463702,0
rough_R0_ground_s0p20,18,10557,11,1,0,0,0,1,0,6.06529667859,0
rough_R0_ground_s0p20,16,10043,1,0,0,0,0,1,0,8.10647625632,0
rough_R0_ground_s0p20,17,8040,12,1,0,0,0,1,0,7.07047012036,0
rough_R0_ground_s0p20,19,11022,3,0,0,0,0,1,0,6.53062235085,0
rough_R0_ground_s0p20,18,10463,13,1,0,0,0,1,0,4.14304628744,0
rough_R0_ground_s0p20,16,9944,5,0,0,0,0,1,0,5.40767786479,0
rough_R0_ground_s0p20,13,27247,1,0,0,0,0,1,0,2.65319150367,0
rough_R0_ground_s0p20,16,9913,11,1,0,0,0,1,0,3.91743172568,0
rough_R0_ground_s0p20,17,7916,5,0,0,0,0,1,0,4.91506436552,0
rough_R0_ground_s0p20,18,10357,13,1,0,0,0,1,0,9.5634192403,0
rough_R0_ground_s0p20,19,10873,14,1,0,0,0,1,0,3.01386648263,0
rough_R0_ground_s0p20,19,10870,0,0,0,0,0,1,0,4.66411150176,0
rough_R0_ground_s0p20,16,9804,3,0,0,0,0,1,0,5.19555096424,0
rough_R0_ground_s0p20,18,10240,8,1,0,0,0,1,0,3.34162861657,0
rough_R0_ground_s0p20,16,9746,9,1,0,0,0,1,0,4.66182120958,0
rough_R0_ground_s0p20,16,9734,2,0,0,0,0,1,0,3.27480311708,0
rough_R0_ground_s0p20,18,10232,15,1,0,0,0,1,0,4.15503675906,0
rough_R0_ground_s0p20,18,10219,5,0,0,0,0,1,0,3.27336540945,0
rough_R0_ground_s0p20,18,10217,13,1,0,0,0,1,0,6.06215268882,0
rough_R0_ground_s0p20,19,10702,9,1,0,0,0,1,0,2.9783032432,0
rough_R0_ground_s0p20,18,10167,7,0,0,0,0,1,0,4.66933044316,0
rough_R0_ground_s0p20,19,10654,8,1,0,0,0,1,0,8.49081188535,0
rough_R0_ground_s0p20,16,9588,0,0,0,0,0,1,0,12.4408411608,0
rough_R0_ground_s0p20,16,9555,9,1,0,0,0,1,0,4.83043791013,0
rough_R0_ground_s0p20,17,7605,12,1,0,0,0,1,0,4.87942248627,0
rough_R0_ground_s0p20,18,10054,15,1,0,0,0,1,0,5.8534488843,0
rough_R0_ground_s0p20,18,9925,14,1,0,0,0,1,0,6.28384367764,0
rough_R0_ground_s0p20,19,10423,7,0,0,0,0,1,0,7.56416468068,0
rough_R0_ground_s0p20,16,13032,8,1,0,0,0,1,0,4.67714239827,0
rough_R0_ground_s0p20,17,7390,1,0,0,0,0,1,0,5.56519714414,0
rough_R0_ground_s0p20,17,7384,2,0,0,0,0,1,0,3.50824233319,0
rough_R0_ground_s0p20,18,9881,6,0,0,0,0,1,0,3.91689512175,0
rough_R0_ground_s0p20,16,12964,1,0,0,0,0,1,0,3.73906009602,0
rough_R0_ground_s0p20,18,9858,1,0,0,0,0,1,0,6.6760540484,0
rough_R0_ground_s0p20,17,7339,14,1,0,0,0,1,0,6.13232036394,0
rough_R0_ground_s0p20,16,12905,11,1,0,0,0,1,0,3.73321999464,0
rough_R0_ground_s0p20,16,13094,11,1,0,0,0,0,0,5.54909234073,0
rough_R0_ground_s0p20,17,7318,14,1,0,0,0,1,0,3.7632792345,0
rough_R0_ground_s0p20,16,12873,6,0,0,0,0,1,0,5.52038810901,0
rough_R0_ground_s0p20,17,7246,2,0,0,0,0,1,0,3.29745652373,0
rough_R0_ground_s0p20,19,10248,3,0,0,0,0,1,0,8.01712721997,0
rough_R0_ground_s0p20,17,7210,8,1,0,0,0,1,0,12.1216343213,0
rough_R0_ground_s0p20,17,7202,14,1,0,0,0,1,0,2.96832447302,0
rough_R0_ground_s0p20,16,12794,7,0,0,0,0,1,0,5.71044790522,0
rough_R0_ground_s0p20,16,12772,13,1,0,0,0,1,0,4.05815587299,0
rough_R0_ground_s0p20,16,12726,10,1,0,0,0,1,0,5.02702329342,0
rough_R0_ground_s0p20,19,10154,3,0,0,0,0,1,0,12.37888167,0
rough_R0_ground_s0p20,18,9645,8,1,0,0,0,1,0,3.50752385481,0
rough_R0_ground_s0p20,18,9631,15,1,0,0,0,1,0,3.61316087412,0
rough_R0_ground_s0p20,19,10136,2,0,0,0,0,1,0,8.46062111998,0
rough_R0_ground_s0p20,19,10120,4,0,0,0,0,1,0,3.8790434831,0
rough_R0_ground_s0p20,18,9483,11,1,0,0,0,1,0,3.50746521976,0
rough_R0_ground_s0p20,19,9936,14,1,0,0,0,1,0,3.44135011908,0
rough_R0_ground_s0p20,16,12400,15,1,0,0,0,1,0,3.41414129123,0
rough_R0_ground_s0p20,19,13781,14,1,0,0,0,1,0,4.37120739174,0
rough_R0_ground_s0p20,18,12897,2,0,0,0,0,1,0,4.21247647298,0
rough_R0_ground_s0p20,18,12862,6,0,0,0,0,1,0,4.01824757377,0
rough_R0_ground_s0p20,19,13709,7,0,0,0,0,1,0,4.11202425797,0
rough_R0_ground_s0p20,17,6609,4,0,0,0,0,1,0,4.67184349778,0
rough_R0_ground_s0p20,16,12272,5,0,0,0,0,1,0,5.75180853489,0
rough_R0_ground_s0p20,18,12806,14,1,0,0,0,1,0,3.70632341127,0
rough_R0_ground_s0p20,19,13659,11,1,0,0,0,1,0,5.92023500392,0
rough_R0_ground_s0p20,16,12164,14,1,0,0,0,1,0,3.64716632808,0
rough_R0_ground_s0p20,16,12157,2,0,0,0,0,1,0,8.11057675883,0
rough_R0_ground_s0p20,19,13564,8,1,0,0,0,1,0,3.52655407112,0
rough_R0_ground_s0p20,17,6477,13,1,0,0,0,1,0,4.42369155877,0
rough_R0_ground_s0p20,18,12655,15,1,0,0,0,1,0,5.94028584714,0
rough_R0_ground_s0p20,18,12649,11,1,0,0,0,1,0,4.7040294112,0
rough_R0_ground_s0p20,17,6439,7,0,0,0,0,1,0,3.84548826722,0
rough_R0_ground_s0p20,16,12102,3,0,0,0,0,1,0,6.33891373124,0
rough_R0_ground_s0p20,19,13465,2,0,0,0,0,1,0,3.5753331336,0
rough_R0_ground_s0p20,19,13459,10,1,0,0,0,1,0,6.02506555483,0
rough_R0_ground_s0p20,17,6385,2,0,0,0,0,1,0,10.6663707592,0
rough_R0_ground_s0p20,19,13456,2,0,0,0,0,1,0,3.78535794414,0
rough_R0_ground_s0p20,19,13442,11,1,0,0,0,1,0,6.08914728522,0
rough_R0_ground_s0p20,17,6371,0,0,0,0,0,1,0,3.58807722547,0
rough_R0_ground_s0p20,19,13379,0,0,0,0,0,1,0,3.56389120449,0
rough_R0_ground_s0p20,16,11973,0,0,0,0,0,1,0,3.07174926392,0
rough_R0_ground_s0p20,16,11929,4,0,0,0,0,1,0,5.21808003497,0
rough_R0_ground_s0p20,17,6271,0,0,0,0,0,1,0,4.31177263969,0
rough_R0_ground_s0p20,18,12431,1,0,0,0,0,1,0,10.8890483843,0
rough_R0_ground_s0p20,17,6224,2,0,0,0,0,1,0,9.06269399135,0
rough_R0_ground_s0p20,16,11837,7,0,0,0,0,1,0,6.32826982084,0
rough_R0_ground_s0p20,16,11824,2,0,0,0,0,1,0,4.2091472958,0
rough_R0_ground_s0p20,16,11820,0,0,0,0,0,1,0,3.46731107629,0
rough_R0_ground_s0p20,17,6142,7,0,0,0,0,1,0,3.96079763461,0
rough_R0_ground_s0p20,16,11802,5,0,0,0,0,1,0,3.25472669184,0
rough_R0_ground_s0p20,19,13186,0,0,0,0,0,1,0,6.29769667931,0
rough_R0_ground_s0p20,16,11791,0,0,0,0,0,1,0,4.876953904,0
rough_R0_ground_s0p20,19,13177,1,0,0,0,0,1,0,4.51214448268,0
rough_R0_ground_s0p20,19,13119,3,0,0,0,0,1,0,5.60466857997,0
rough_R0_ground_s0p20,19,13117,5,0,0,0,0,1,0,2.9361615711,0
rough_R0_ground_s0p20,19,13058,0,0,0,0,0,1,0,4.05432837492,0
rough_R0_ground_s0p20,16,11652,5,0,0,0,0,1,0,5.30951563798,0
rough_R0_ground_s0p20,16,11605,0,0,0,0,0,1,0,5.51329369296,0
rough_R0_ground_s0p20,16,11522,11,1,0,0,0,1,0,4.19587752254,0
rough_R0_ground_s0p20,18,12063,14,1,0,0,0,1,0,4.25494413513,0
rough_R0_ground_s0p20,19,12840,14,1,0,0,0,1,0,6.26138333591,0
rough_R0_ground_s0p20,17,14045,3,0,0,0,0,1,0,6.95170547227,0
rough_R0_ground_s0p20,18,11975,11,1,0,0,0,1,0,3.77897745569,0
rough_R0_ground_s0p20,17,14319,4,0,0,0,0,1,0,6.14698813372,0
rough_R0_ground_s0p20,19,12729,1,0,0,0,0,1,0,6.26790070357,0
rough_R0_ground_s0p20,17,13982,12,1,0,0,0,1,0,3.59956705565,0
rough_R0_ground_s0p20,16,11283,10,1,0,0,0,1,0,2.96178122451,0
rough_R0_ground_s0p20,16,14805,14,1,0,0,0,1,0,3.8552441638,0
rough_R0_ground_s0p20,17,13905,0,0,0,0,0,1,0,3.125014632,0
rough_R0_ground_s0p20,16,14784,4,0,0,0,0,1,0,4.48755124927,0
rough_R0_ground_s0p20,17,13876,15,1,0,0,0,1,0,6.39037095192,0
rough_R0_ground_s0p20,17,13851,4,0,0,0,0,1,0,13.1350905607,0
rough_R0_ground_s0p20,16,14726,0,0,0,0,0,1,0,3.69700013142,0
rough_R0_ground_s0p20,17,13839,8,1,0,0,0,1,0,6.51123366501,0
rough_R0_ground_s0p20,19,12444,11,1,0,0,0,1,0,8.33045921483,0
rough_R0_ground_s0p20,16,14608,8,1,0,0,0,1,0,4.13645344746,0
rough_R0_ground_s0p20,17,13689,1,0,0,0,0,1,0,4.23140650813,0
rough_R0_ground_s0p20,16,14522,4,0,0,0,0,1,0,5.8635615724,0
rough_R0_ground_s0p20,18,11602,5,0,0,0,0,1,0,2.7885414651,0
rough_R0_ground_s0p20,18,11595,5,0,0,0,0,1,0,5.74826964456,0
rough_R0_ground_s0p20,17,13597,5,0,0,0,0,1,0,4.8646913206,0
rough_R0_ground_s0p20,17,13591,7,0,0,0,0,1,0,4.10752348522,0
rough_R0_ground_s0p20,17,13573,4,0,0,0,0,1,0,4.79674751762,0
rough_R0_ground_s0p20,19,12255,14,1,0,0,0,1,0,3.51285243284,0
rough_R0_ground_s0p20,16,14416,8,1,0,0,0,1,0,5.26959114037,0
rough_R0_ground_s0p20,18,14448,13,1,0,0,0,1,0,3.92420564639,0
rough_R0_ground_s0p20,17,13478,1,0,0,0,0,1,0,4.02809041289,0
rough_R0_ground_s0p20,17,13437,4,0,0,0,0,1,0,3.58779956779,0
rough_R0_ground_s0p20,17,13373,5,0,0,0,0,1,0,6.32461544917,0
rough_R0_ground_s0p20,17,13358,7,0,0,0,0,1,0,3.28168267049,0
rough_R0_ground_s0p20,19,12011,14,1,0,0,0,1,0,3.11622928187,0
rough_R0_ground_s0p20,17,13276,10,1,0,0,0,1,0,3.78758967456,0
rough_R0_ground_s0p20,16,14148,10,1,0,0,0,1,0,4.33196288133,0
rough_R0_ground_s0p20,19,11912,12,1,0,0,0,1,0,4.3958917184,0
rough_R0_ground_s0p20,18,14192,4,0,0,0,0,1,0,4.24271035707,0
rough_R0_ground_s0p20,18,14185,15,1,0,0,0,1,0,3.36187131282,0
rough_R0_ground_s0p20,16,14102,15,1,0,0,0,1,0,5.14872554672,0
rough_R0_ground_s0p20,18,14113,15,1,0,0,0,1,0,3.4629061674,0
rough_R0_ground_s0p20,16,13974,12,1,0,0,0,1,0,5.25065676189,0
rough_R0_ground_s0p20,17,13025,8,1,0,0,0,1,0,6.15480318141,0
rough_R0_ground_s0p20,16,13941,14,1,0,0,0,1,0,6.83703968441,0
rough_R0_ground_s0p20,17,12996,14,1,0,0,0,1,0,5.63475796686,0
rough_R0_ground_s0p20,17,12903,0,0,0,0,0,1,0,3.26082903463,0
rough_R0_ground_s0p20,17,12859,4,0,0,0,0,1,0,2.91302122799,0
rough_R0_ground_s0p20,16,13781,8,1,0,0,0,1,0,7.05666809387,0
rough_R0_ground_s0p20,17,12797,7,0,0,0,0,1,0,3.65968217829,0
rough_R0_ground_s0p20,17,12780,6,0,0,0,0,1,0,3.47016720276,0
rough_R0_ground_s0p20,19,15302,7,0,0,0,0,1,0,6.11997491898,0
rough_R0_ground_s0p20,16,13730,4,0,0,0,0,1,0,3.6213022921,0
rough_R0_ground_s0p20,18,13800,9,1,0,0,0,1,0,6.30918940207,0
rough_R0_ground_s0p20,17,12722,11,1,0,0,0,1,0,10.1478183452,0
rough_R0_ground_s0p20,17,12714,10,1,0,0,0,1,0,4.67218610385,0
rough_R0_ground_s0p20,18,13765,10,1,0,0,0,1,0,2.97811419837,0
rough_R0_ground_s0p20,16,13651,8,1,0,0,0,1,0,4.2951011954,0
rough_R0_ground_s0p20,16,13629,5,0,0,0,0,1,0,4.69553115184,0
rough_R0_ground_s0p20,16,13570,10,1,0,0,0,1,0,5.1051916887,0
rough_R0_ground_s0p20,18,13666,12,1,0,0,0,1,0,10.2022447445,0
rough_R0_ground_s0p20,17,12568,13,1,0,0,0,1,0,3.35732195254,0
rough_R0_ground_s0p20,19,15051,7,0,0,0,0,1,0,3.80137510211,0
rough_R0_ground_s0p20,19,15044,10,1,0,0,0,1,0,8.16638921316,0
rough_R0_ground_s0p20,19,14949,12,1,0,0,0,1,0,4.40206217808,0
rough_R0_ground_s0p20,18,13476,14,1,0,0,0,1,0,7.88975900166,0
rough_R0_ground_s0p20,16,13351,3,0,0,0,0,1,0,4.07492524012,0
rough_R0_ground_s0p20,18,13465,14,1,0,0,0,1,0,3.85300232893,0
rough_R0_ground_s0p20,17,15769,9,1,0,0,0,1,0,3.74954166077,0
rough_R0_ground_s0p20,19,14873,2,0,0,0,0,1,0,3.15720877517,0
rough_R0_ground_s0p20,18,13400,12,1,0,0,0,1,0,9.38020643715,0
rough_R0_ground_s0p20,19,14815,12,1,0,0,0,1,0,3.13816904226,0
rough_R0_ground_s0p20,18,13350,1,0,0,0,0,1,0,4.6788453945,0
rough_R0_ground_s0p20,19,14779,3,0,0,0,0,1,0,5.0128588717,0
rough_R0_ground_s0p20,17,15653,7,0,0,0,0,1,0,4.76292741676,0
rough_R0_ground_s0p20,18,13320,12,1,0,0,0,1,0,3.70505501916,0
rough_R0_ground_s0p20,17,15634,10,1,0,0,0,1,0,3.19830920449,0
rough_R0_ground_s0p20,17,15883,10,1,0,0,0,0,0,5.18060172377,0
rough_R0_ground_s0p20,16,13154,9,1,0,0,0,1,0,2.75269766969,0
rough_R0_ground_s0p20,18,13279,4,0,0,0,0,1,0,4.22779490782,0
rough_R0_ground_s0p20,16,13127,3,0,0,0,0,1,0,2.72059390133,0
rough_R0_ground_s0p20,19,14694,6,0,0,0,0,1,0,3.33434109203,0
rough_R0_ground_s0p20,16,16758,14,1,0,0,0,1,0,6.31982879292,0
rough_R0_ground_s0p20,18,13152,0,0,0,0,0,1,0,7.18147334696,0
rough_R0_ground_s0p20,17,15438,11,1,0,0,0,1,0,6.40645918705,0
rough_R0_ground_s0p20,19,14512,9,1,0,0,0,1,0,7.47797286167,0
rough_R0_ground_s0p20,18,15950,6,0,0,0,0,1,0,5.79739953042,0
rough_R0_ground_s0p20,19,14443,8,1,0,0,0,1,0,5.37772702039,0
rough_R0_ground_s0p20,16,16511,0,0,0,0,0,1,0,3.62904968698,0
rough_R0_ground_s0p20,17,15300,7,0,0,0,0,1,0,6.42225195601,0
rough_R0_ground_s0p20,19,14357,5,0,0,0,0,1,0,4.59228321005,0
rough_R0_ground_s0p20,19,14323,7,0,0,0,0,1,0,4.80863290965,0
rough_R0_ground_s0p20,19,14316,6,0,0,0,0,1,0,4.87115247849,0
rough_R0_ground_s0p20,17,15244,14,1,0,0,0,1,0,3.61866851341,0
rough_R0_ground_s0p20,19,14312,11,1,0,0,0,1,0,3.30877893725,0
rough_R0_ground_s0p20,17,15224,12,1,0,0,0,1,0,5.06583264436,0
rough_R0_ground_s0p20,17,15219,10,1,0,0,0,1,0,3.38390329526,0
rough_R0_ground_s0p20,18,15715,8,1,0,0,0,1,0,4.69133260993,0
rough_R0_ground_s0p20,18,15698,13,1,0,0,0,1,0,4.45341280229,0
rough_R0_ground_s0p20,16,16278,9,1,0,0,0,1,0,5.00194724771,0
rough_R0_ground_s0p20,16,16167,8,1,0,0,0,1,0,4.51965362155,0
rough_R0_ground_s0p20,18,15482,8,1,0,0,0,1,0,3.79075453208,0
rough_R0_ground_s0p20,18,15453,4,0,0,0,0,1,0,5.34517242523,0
rough_R0_ground_s0p20,19,17207,7,0,0,0,0,1,0,9.85668409322,0
rough_R0_ground_s0p20,16,15950,8,1,0,0,0,1,0,3.89738136118,0
rough_R0_ground_s0p20,17,14805,3,0,0,0,0,1,0,5.7216357557,0
rough_R0_ground_s0p20,18,15289,2,0,0,0,0,1,0,5.41276020236,0
rough_R0_ground_s0p20,16,15825,15,1,0,0,0,1,0,10.8945402321,0
rough_R0_ground_s0p20,17,14739,9,1,0,0,0,1,0,5.00973673645,0
rough_R0_ground_s0p20,18,15253,0,0,0,0,0,1,0,6.21711703662,0
rough_R0_ground_s0p20,19,17028,0,0,0,0,0,1,0,3.28937577455,0
rough_R0_ground_s0p20,16,15775,6,0,0,0,0,1,0,12.3446152496,0
rough_R0_ground_s0p20,16,16806,6,0,0,0,0,0,0,12.801585471,0
rough_R0_ground_s0p20,18,15191,11,1,0,0,0,0,0,5.41762552146,0
rough_R0_ground_s0p20,19,16970,9,1,0,0,0,1,0,4.87356730199,0
rough_R0_ground_s0p20,18,15125,3,0,0,0,0,1,0,3.98274105936,0
rough_R0_ground_s0p20,17,14547,8,1,0,0,0,1,0,5.98582085407,0
rough_R0_ground_s0p20,19,16843,8,1,0,0,0,1,0,3.57515320523,0
rough_R0_ground_s0p20,18,15041,3,0,0,0,0,1,0,4.0458297998,0
rough_R0_ground_s0p20,16,15556,2,0,0,0,0,1,0,3.3516225044,0
rough_R0_ground_s0p20,18,14994,13,1,0,0,0,1,0,4.09450387027,0
rough_R0_ground_s0p20,18,14921,9,1,0,0,0,1,0,4.60554022245,0
rough_R0_ground_s0p20,19,16625,5,0,0,0,0,1,0,4.30595784244,0
rough_R0_ground_s0p20,17,17667,8,1,0,0,0,1,0,3.39453993552,0
rough_R0_ground_s0p20,16,15371,3,0,0,0,0,1,0,3.87645609698,0
rough_R0_ground_s0p20,18,14854,7,0,0,0,0,1,0,7.30081929941,0
rough_R0_ground_s0p20,19,16599,1,0,0,0,0,1,0,4.34092183534,0
rough_R0_ground_s0p20,16,15330,0,0,0,0,0,1,0,2.94428573655,0
rough_R0_ground_s0p20,17,17587,2,0,0,0,0,1,0,3.40770664511,0
rough_R0_ground_s0p20,18,14819,3,0,0,0,0,1,0,3.30888284748,0
rough_R0_ground_s0p20,19,16509,11,1,0,0,0,1,0,4.16097052757,0
rough_R0_ground_s0p20,17,17489,15,1,0,0,0,1,0,4.91884417815,0
rough_R0_ground_s0p20,17,17484,5,0,0,0,0,1,0,3.5131346283,0
rough_R0_ground_s0p20,17,17471,0,0,0,0,0,1,0,6.52438207183,0
rough_R0_ground_s0p20,18,14716,10,1,0,0,0,1,0,12.7228177469,0
rough_R0_ground_s0p20,18,14713,4,0,0,0,0,1,0,4.30767516199,0
rough_R0_ground_s0p20,17,17384,5,0,0,0,0,1,0,4.37431034925,0
rough_R0_ground_s0p20,17,17771,5,0,0,0,0,0,0,10.5252870517,0
rough_R0_ground_s0p20,17,17360,15,1,0,0,0,1,0,7.68368489969,0
rough_R0_ground_s0p20,17,17332,14,1,0,0,0,1,0,4.06474084881,0
rough_R0_ground_s0p20,17,17328,9,1,0,0,0,1,0,2.9354715273,0
rough_R0_ground_s0p20,18,14597,15,1,0,0,0,1,0,6.02231925404,0
rough_R0_ground_s0p20,16,14990,8,1,0,0,0,1,0,6.13368198694,0
rough_R0_ground_s0p20,18,14592,7,0,0,0,0,1,0,5.84640946809,0
rough_R0_ground_s0p20,19,16230,2,0,0,0,0,1,0,4.62436504408,0
rough_R0_ground_s0p20,17,17297,1,0,0,0,0,1,0,3.4830731451,0
rough_R0_ground_s0p20,17,17267,8,1,0,0,0,1,0,6.11446717096,0
rough_R0_ground_s0p20,17,17261,0,0,0,0,0,1,0,4.06075589818,0
rough_R0_ground_s0p20,19,16192,13,1,0,0,0,1,0,6.67083947727,0
rough_R0_ground_s0p20,18,16236,8,1,0,0,0,1,0,5.80520662028,0
rough_R0_ground_s0p20,17,17209,12,1,0,0,0,1,0,4.72726207695,0
rough_R0_ground_s0p20,17,17185,0,0,0,0,0,1,0,6.83069460484,0
rough_R0_ground_s0p20,18,16198,2,0,0,0,0,1,0,6.54970726077,0
rough_R0_ground_s0p20,17,17174,6,0,0,0,0,1,0,6.96259273776,0
rough_R0_ground_s0p20,17,17169,4,0,0,0,0,1,0,3.69175889211,0
rough_R0_ground_s0p20,17,17148,7,0,0,0,0,1,0,3.29325181369,0
rough_R0_ground_s0p20,18,16155,8,1,0,0,0,1,0,4.13460609291,0
rough_R0_ground_s0p20,18,16088,10,1,0,0,0,1,0,3.89779151912,0
rough_R0_ground_s0p20,16,18110,5,0,0,0,0,1,0,4.88497981984,0
rough_R0_ground_s0p20,17,17002,4,0,0,0,0,1,0,8.04566236084,0
rough_R0_ground_s0p20,18,16028,6,0,0,0,0,1,0,4.13784759038,0
rough_R0_ground_s0p20,16,18074,6,0,0,0,0,1,0,3.9308632715,0
rough_R0_ground_s0p20,19,15924,3,0,0,0,0,1,0,3.58341929296,0
rough_R0_ground_s0p20,19,15891,13,1,0,0,0,1,0,4.16861493895,0
rough_R0_ground_s0p20,17,16821,15,1,0,0,0,1,0,5.92905477238,0
rough_R0_ground_s0p20,17,16804,7,0,0,0,0,1,0,3.44378812545,0
rough_R0_ground_s0p20,19,15663,14,1,0,0,0,1,0,5.80755499664,0
rough_R0_ground_s0p20,16,17778,13,1,0,0,0,1,0,3.66152885191,0
rough_R0_ground_s0p20,19,15626,11,1,0,0,0,1,0,5.93452460587,0
rough_R0_ground_s0p20,17,16649,6,0,0,0,0,1,0,4.55243916112,0
rough_R0_ground_s0p20,17,16614,11,1,0,0,0,1,0,6.70870896318,0
rough_R0_ground_s0p20,16,17713,13,1,0,0,0,1,0,3.55520180886,0
rough_R0_ground_s0p20,17,16523,15,1,0,0,0,1,0,3.03928641136,0
rough_R0_ground_s0p20,16,17543,13,1,0,0,0,1,0,3.58483179746,0
rough_R0_ground_s0p20,17,16434,15,1,0,0,0,1,0,7.78386700525,0
rough_R0_ground_s0p20,19,17570,7,0,0,0,0,1,0,3.09541744807,0
rough_R0_ground_s0p20,19,17508,1,0,0,0,0,1,0,6.6409512682,0
rough_R0_ground_s0p20,19,17501,15,1,0,0,0,1,0,6.15879600628,0
rough_R0_ground_s0p20,16,17325,0,0,0,0,0,1,0,3.57395630985,0
rough_R0_ground_s0p20,17,16209,1,0,0,0,0,1,0,7.08856070166,0
rough_R0_ground_s0p20,17,16111,1,0,0,0,0,1,0,3.51015590314,0
rough_R0_ground_s0p20,16,17201,4,0,0,0,0,1,0,7.40887896355,0
rough_R0_ground_s0p20,16,17062,9,1,0,0,0,1,0,5.35065308073,0
rough_R0_ground_s0p20,16,17052,6,0,0,0,0,1,0,6.46973796909,0
rough_R0_ground_s0p20,16,17030,3,0,0,0,0,1,0,4.27170414179,0
rough_R0_ground_s0p20,17,19378,5,0,0,0,0,1,0,8.5571154363,0
rough_R0_ground_s0p20,16,16922,12,1,0,0,0,1,0,4.16519739906,0
rough_R0_ground_s0p20,16,16860,6,0,0,0,0,1,0,2.73629123087,0
rough_R0_ground_s0p20,17,19226,9,1,0,0,0,1,0,4.39681764729,0
rough_R0_ground_s0p20,16,18389,1,0,0,0,0,1,0,6.4704689129,0
rough_R0_ground_s0p20,17,19046,10,1,0,0,0,1,0,3.33861457352,0
rough_R0_ground_s0p20,17,19041,2,0,0,0,0,1,0,11.1491538605,0
rough_R0_ground_s0p20,16,18367,3,0,0,0,0,1,0,6.16772454502,0
rough_R0_ground_s0p20,16,18303,6,0,0,0,0,1,0,3.92748243211,0
rough_R0_ground_s0p20,17,18697,6,0,0,0,0,1,0,3.86798612403,0
rough_R0_ground_s0p20,17,18578,4,0,0,0,0,1,0,5.23104706696,0
rough_R0_ground_s0p20,17,18266,3,0,0,0,0,1,0,3.32850791406,0
rough_R0_ground_s0p20,17,18027,7,0,0,0,0,1,0,9.57270617358,0
rough_R0_ground_s0p20,17,17935,15,1,0,0,0,1,0,4.18430248045,0
rough_R0_ground_s0p20,17,20957,6,0,0,0,0,1,0,5.22153928398,0
rough_R0_ground_s0p20,17,20777,6,0,0,0,0,1,0,5.50131908116,0
rough_R0_ground_s0p20,17,20589,13,1,0,0,0,1,0,3.9743461162,0
rough_R0_ground_s0p20,17,20432,2,0,0,0,0,1,0,3.10804032633,0
rough_R0_ground_s0p20,17,20137,5,0,0,0,0,1,0,3.24313476269,0
rough_R0_ground_s0p20,17,20116,0,0,0,0,0,1,0,7.00949265567,0
rough_R0_ground_s0p20,17,20102,14,1,0,0,0,1,0,4.16387304231,0
rough_R0_ground_s0p20,17,19885,4,0,0,0,0,1,0,3.33707111627,0
rough_R0_ground_s0p20,17,19635,2,0,0,0,0,1,0,4.37583961008,0
rough_R0_ground_s0p20,17,19629,13,1,0,0,0,1,0,6.92901017703,0
rough_R0_ground_s0p20,17,19611,14,1,0,0,0,1,0,5.9381486446,0
rough_R0_ground_s0p20,17,19486,15,1,0,0,0,1,0,2.98799857715,0
rough_R0_ground_s0p20,17,21524,7,0,0,0,0,1,0,5.15363552887,0
rough_R0_ground_s0p20,17,21436,15,1,0,0,0,1,0,7.12722674933,0
rough_R0_ground_s0p20,17,21416,2,0,0,0,0,1,0,3.67059857632,0
