run_tag,event_id,track_id,global_id,detected_end_side,n_reflections_scint_air,n_reflections_air_reflector,n_total_internal_reflections,visited_air_gap,visited_reflector_boundary,first_detection_time_ns,gun_x_mm
pde_nominal,4,1894,13,1,19,0,19,1,0,3.74749102966,0
pde_nominal,8,1415,5,0,94,0,81,1,0,7.02200137878,0
pde_nominal,2,1465,15,1,188,0,151,1,0,17.0005202364,0
pde_nominal,2,1464,11,1,60,0,46,1,0,3.24157056638,0
pde_nominal,3,1451,11,1,90,0,67,1,0,10.6908001969,0
pde_nominal,8,1406,9,1,27,0,27,1,0,5.69243903231,0
pde_nominal,6,1327,2,0,72,0,67,1,0,5.56153357715,0
pde_nominal,1,1314,13,1,52,20,65,1,1,5.57792149196,0
pde_nominal,1,1312,14,1,23,0,4,1,0,4.86210129765,0
pde_nominal,5,1528,5,0,43,0,1,1,0,4.76601472277,0
pde_nominal,3,1447,12,1,55,0,17,1,0,6.55547463618,0
pde_nominal,4,1885,0,0,89,0,39,1,0,7.5867046309,0
pde_nominal,8,1399,1,0,38,0,24,1,0,3.22189018087,0
pde_nominal,9,1532,14,1,45,0,26,1,0,3.82776222275,0
pde_nominal,0,1854,5,0,34,9,27,1,1,5.31556621742,0
pde_nominal,3,1444,2,0,93,0,57,1,0,10.1053565958,0
pde_nominal,1,1301,10,1,17,0,17,1,0,3.38876484684,0
pde_nominal,9,1528,15,1,27,0,0,1,0,8.80592627821,0
pde_nominal,0,1845,8,1,13,0,0,1,0,4.33341200496,0
pde_nominal,3,1442,1,0,114,0,21,1,0,8.86946708591,0
pde_nominal,6,1307,14,1,58,0,30,1,0,7.70288330388,0
pde_nominal,8,1387,10,1,125,0,51,1,0,8.96552176647,0
pde_nominal,4,1871,2,0,61,0,61,1,0,3.90545231933,0
pde_nominal,6,1300,1,0,24,0,24,1,0,5.55647432586,0
pde_nominal,0,1826,4,0,18,0,18,1,0,6.31296820293,0
pde_nominal,1,1286,15,1,61,18,79,1,1,7.05760378424,0
pde_nominal,5,1506,8,1,24,0,24,1,0,3.94446306699,0
pde_nominal,8,1382,10,1,114,0,114,1,0,9.18159765591,0
pde_nominal,9,1512,13,1,13,0,13,1,0,6.2595780538,0
pde_nominal,3,1434,13,1,69,0,69,1,0,5.05153688193,0
pde_nominal,9,1507,1,0,23,0,23,1,0,5.22412326588,0
pde_nominal,1,1276,15,1,52,0,52,1,0,4.99285594624,0
pde_nominal,2,1429,8,1,76,0,63,1,0,8.37080155964,0
pde_nominal,8,1379,9,1,18,0,7,1,0,8.08504476864,0
pde_nominal,9,1504,6,0,130,0,106,1,0,8.72658990873,0
pde_nominal,4,1856,11,1,110,0,101,1,0,6.5664933595,0
pde_nominal,5,1501,3,0,42,26,68,1,1,8.90186874066,0
pde_nominal,6,1281,12,1,58,0,58,1,0,10.4787261942,0
pde_nominal,8,1373,14,1,68,0,68,1,0,5.09028082577,0
pde_nominal,6,1280,0,0,66,0,66,1,0,8.31232671425,0
pde_nominal,2,1425,14,1,75,0,75,1,0,6.92231455083,0
pde_nominal,1,1266,2,0,67,0,67,1,0,6.05520083286,0
pde_nominal,7,191,0,0,306,0,306,1,0,16.7910276057,0
pde_nominal,6,1277,1,0,13,0,13,1,0,8.80002967504,0
pde_nominal,4,1847,10,1,65,0,59,1,0,5.20301263894,0
pde_nominal,4,1846,7,0,72,0,72,1,0,3.67183289861,0
pde_nominal,5,1495,6,0,122,0,122,1,0,9.07374977991,0
pde_nominal,1,1257,13,1,33,0,33,1,0,4.04324983546,0
pde_nominal,6,1273,11,1,89,0,89,1,0,6.25783184794,0
pde_nominal,9,1499,8,1,113,0,113,1,0,5.43180899226,0
pde_nominal,0,1798,1,0,54,0,54,1,0,5.6391283097,0
pde_nominal,5,1489,8,1,5,0,5,1,0,3.95514763297,0
pde_nominal,2,1411,6,0,27,0,27,1,0,4.80783552476,0
pde_nominal,0,1797,14,1,132,36,168,1,1,9.52573515277,0
pde_nominal,4,1837,9,1,41,0,41,1,0,5.25461909834,0
pde_nominal,6,1261,3,0,61,27,56,1,1,9.62102564654,0
pde_nominal,6,1398,3,0,0,0,0,0,0,10.1296642361,0
pde_nominal,8,1356,14,1,43,0,16,1,0,5.64778427686,0
pde_nominal,0,1786,14,1,54,0,35,1,0,6.71521212457,0
pde_nominal,6,1255,6,0,59,0,59,1,0,3.97420442681,0
pde_nominal,6,1253,3,0,68,0,68,1,0,4.18687050266,0
pde_nominal,4,1827,1,0,101,0,73,1,0,5.51047040007,0
pde_nominal,2,1397,5,0,47,0,29,1,0,6.31737663774,0
pde_nominal,6,1250,13,1,106,0,80,1,0,8.61259172188,0
pde_nominal,1,1232,7,0,117,0,102,1,0,6.75435616329,0
pde_nominal,0,1925,3,0,45,0,45,1,0,7.63743481141,0
pde_nominal,8,1349,9,1,42,0,41,1,0,5.01421259782,0
pde_nominal,9,1470,9,1,35,0,19,1,0,4.59063594589,0
pde_nominal,4,1825,7,0,60,0,54,1,0,4.6629479626,0
pde_nominal,6,1246,10,1,83,0,80,1,0,5.31285598342,0
pde_nominal,6,1244,6,0,60,0,60,1,0,6.95167677162,0
pde_nominal,1,1221,12,1,17,0,17,1,0,6.55041873829,0
pde_nominal,3,1385,9,1,32,0,32,1,0,6.04853508755,0
pde_nominal,0,1773,6,0,168,0,168,1,0,7.56271293098,0
pde_nominal,2,1391,7,0,14,0,14,1,0,5.40695037352,0
pde_nominal,1,1220,13,1,8,0,8,1,0,3.29451552979,0
pde_nominal,0,1770,14,1,38,0,27,1,0,4.86395807972,0
pde_nominal,6,1240,9,1,29,0,23,1,0,6.95047188771,0
pde_nominal,3,1380,3,0,25,0,24,1,0,3.92835887482,0
pde_nominal,0,1768,7,0,39,20,52,1,1,11.2474934955,0
pde_nominal,6,1237,14,1,10,0,5,1,0,5.6771895538,0
pde_nominal,8,1341,2,0,127,0,106,1,0,8.04548622731,0
pde_nominal,6,1235,15,1,29,0,0,1,0,6.06768614266,0
pde_nominal,7,151,5,0,21,0,21,1,0,3.09093829996,0
pde_nominal,0,1764,10,1,13,0,13,1,0,9.27600804965,0
pde_nominal,0,1763,0,0,29,0,29,1,0,3.28760750498,0
pde_nominal,6,1234,15,1,66,0,45,1,0,6.7912827915,0
pde_nominal,1,1212,8,1,23,0,17,1,0,5.37611610846,0
pde_nominal,9,1454,6,0,12,0,7,1,0,4.60035779694,0
pde_nominal,2,1370,14,1,18,0,16,1,0,8.7421703439,0
pde_nominal,8,1418,0,0,10,0,10,1,0,8.27552506418,0
pde_nominal,7,145,10,1,40,0,40,1,0,4.11936324283,0
pde_nominal,8,1330,12,1,13,0,13,1,0,3.68713498724,0
pde_nominal,3,1366,13,1,46,0,42,1,0,4.99952411667,0
pde_nominal,9,1449,1,0,45,0,45,1,0,8.24774486054,0
pde_nominal,6,1230,3,0,20,0,1,1,0,5.57776731072,0
pde_nominal,8,1325,15,1,52,0,52,1,0,4.29723802322,0
pde_nominal,0,1746,3,0,99,0,94,1,0,7.76459727871,0
pde_nominal,0,1745,4,0,84,0,83,1,0,5.38530620161,0
pde_nominal,2,1361,0,0,38,13,42,1,1,5.1218110671,0
pde_nominal,0,1744,15,1,10,0,4,1,0,3.61791844488,0
pde_nominal,2,1359,12,1,38,0,26,1,0,3.72530005763,0
pde_nominal,8,1318,4,0,101,0,60,1,0,9.43051791281,0
pde_nominal,8,1419,15,1,27,0,17,1,0,8.72484826891,0
pde_nominal,9,1442,10,1,74,0,64,1,0,7.10968274436,0
pde_nominal,8,1316,6,0,41,0,0,1,0,7.05293100193,0
pde_nominal,8,1420,6,0,0,0,0,0,0,9.15426252503,0
pde_nominal,8,1314,14,1,5,0,3,1,0,3.5432417925,0
pde_nominal,6,1219,8,1,48,0,26,1,0,4.85241523807,0
pde_nominal,0,1738,5,0,3,0,3,1,0,6.00358308534,0
pde_nominal,9,1435,1,0,7,0,0,1,0,6.02041825023,0
pde_nominal,5,1429,7,0,69,0,44,1,0,7.17296557008,0
pde_nominal,8,1308,6,0,4,0,4,1,0,3.58090900378,0
pde_nominal,7,120,11,1,16,0,16,1,0,4.61237181752,0
pde_nominal,2,1348,10,1,70,0,52,1,0,6.60129220479,0
pde_nominal,8,1304,4,0,88,0,66,1,0,7.87966238189,0
pde_nominal,4,1779,13,1,13,0,9,1,0,7.21660388533,0
pde_nominal,7,114,4,0,74,18,64,1,1,9.53446693127,0
pde_nominal,1,1187,11,1,37,0,24,1,0,6.8382767135,0
pde_nominal,2,1340,8,1,1,0,1,1,0,5.14943872358,0
pde_nominal,2,1339,12,1,5,0,3,1,0,2.92421124444,0
pde_nominal,5,1420,14,1,0,0,0,1,0,7.3976052251,0
pde_nominal,0,1728,10,1,154,0,154,1,0,6.71607501192,0
pde_nominal,7,109,5,0,51,0,51,1,0,5.0522166416,0
pde_nominal,3,1338,8,1,16,0,16,1,0,5.80753620608,0
pde_nominal,5,1414,5,0,32,0,32,1,0,4.15974858443,0
pde_nominal,9,1413,2,0,17,0,17,1,0,4.34261565731,0
pde_nominal,1,1173,6,0,53,0,50,1,0,6.13565750621,0
pde_nominal,1,1406,6,0,0,0,0,0,0,8.20895717493,0
pde_nominal,3,1335,12,1,75,0,62,1,0,5.01961690188,0
pde_nominal,2,1326,6,0,142,26,137,1,1,9.23218148998,0
pde_nominal,5,1406,15,1,46,0,44,1,0,4.96737175573,0
pde_nominal,2,1320,14,1,28,0,1,1,0,10.0113726815,0
pde_nominal,8,1287,0,0,15,0,2,1,0,3.26821155472,0
pde_nominal,4,1770,2,0,29,0,13,1,0,4.7454712128,0
pde_nominal,1,1162,14,1,25,0,16,1,0,4.00474611018,0
pde_nominal,8,1285,7,0,51,0,25,1,0,4.92687742801,0
pde_nominal,0,1721,14,1,39,0,29,1,0,3.38394438135,0
pde_nominal,5,1397,14,1,21,0,21,1,0,6.76727937648,0
pde_nominal,4,1768,6,0,12,0,12,1,0,3.6251511145,0
pde_nominal,3,1326,5,0,29,0,29,1,0,6.71807757447,0
pde_nominal,8,1282,0,0,101,31,132,1,1,11.8302202291,0
pde_nominal,7,96,11,1,48,0,48,1,0,4.72771217963,0
pde_nominal,3,1324,8,1,91,0,70,1,0,5.91392288899,0
pde_nominal,4,1755,0,0,38,0,38,1,0,9.58793035282,0
pde_nominal,3,1321,1,0,18,0,18,1,0,5.09039728561,0
pde_nominal,0,1716,2,0,61,0,61,1,0,6.66157581472,0
pde_nominal,8,1274,5,0,54,0,53,1,0,5.75958270138,0
pde_nominal,3,1315,11,1,28,0,28,1,0,2.95611390322,0
pde_nominal,2,1299,1,0,41,23,64,1,1,9.78099650754,0
pde_nominal,5,1379,3,0,51,0,51,1,0,7.79562873467,0
pde_nominal,2,1297,9,1,16,0,16,1,0,4.0188392402,0
pde_nominal,0,1709,6,0,13,0,13,1,0,4.53855332402,0
pde_nominal,3,1310,1,0,18,0,18,1,0,6.6249208038,0
pde_nominal,3,1309,10,1,0,0,0,1,0,4.99702090163,0
pde_nominal,9,1388,12,1,10,0,10,1,0,5.26676805982,0
pde_nominal,5,1378,7,0,62,0,59,1,0,4.8175877062,0
pde_nominal,1,1140,4,0,18,0,18,1,0,5.42974485408,0
pde_nominal,0,1699,15,1,17,0,11,1,0,3.8216468708,0
pde_nominal,1,1136,12,1,55,0,32,1,0,5.28333155438,0
pde_nominal,7,509,8,1,33,0,33,1,0,6.78395778807,0
pde_nominal,4,1737,9,1,59,0,47,1,0,6.47123555864,0
pde_nominal,5,1366,13,1,14,0,14,1,0,2.94772603292,0
pde_nominal,5,1365,2,0,41,0,41,1,0,3.70218180212,0
pde_nominal,0,1693,0,0,12,0,12,1,0,4.33339843282,0
pde_nominal,5,1362,6,0,30,0,30,1,0,2.87860601685,0
pde_nominal,4,1731,2,0,104,0,104,1,0,6.02809787722,0
pde_nominal,8,1257,0,0,49,0,49,1,0,5.12404616568,0
pde_nominal,4,1729,11,1,31,0,31,1,0,8.42396956084,0
pde_nominal,7,502,2,0,66,0,66,1,0,4.23696922452,0
pde_nominal,3,1286,8,1,39,34,50,1,1,10.6801039255,0
pde_nominal,5,1354,9,1,60,0,46,1,0,7.84033408504,0
pde_nominal,2,1279,0,0,3,0,3,1,0,3.79203094437,0
pde_nominal,0,1684,5,0,34,0,27,1,0,4.75810342658,0
pde_nominal,8,1250,1,0,48,0,20,1,0,5.89762268957,0
pde_nominal,5,1347,5,0,58,0,42,1,0,4.85503350497,0
pde_nominal,4,1709,11,1,20,0,5,1,0,4.48753244685,0
pde_nominal,0,1680,11,1,14,0,0,1,0,6.48135737122,0
pde_nominal,9,1373,8,1,22,0,3,1,0,5.58026883912,0
pde_nominal,2,1276,4,0,117,0,70,1,0,9.83481629011,0
pde_nominal,0,1678,11,1,4,0,4,1,0,3.42053197784,0
pde_nominal,6,1155,1,0,58,0,46,1,0,8.69964887424,0
pde_nominal,8,1243,11,1,56,0,56,1,0,4.68691001714,0
pde_nominal,3,1264,9,1,35,0,35,1,0,5.83802226543,0
pde_nominal,5,1339,7,0,24,0,24,1,0,4.67305299213,0
pde_nominal,8,1241,6,0,74,0,74,1,0,6.98163620189,0
pde_nominal,9,1367,12,1,44,0,44,1,0,9.94585941577,0
pde_nominal,7,478,1,0,19,0,19,1,0,4.96403762522,0
pde_nominal,8,1234,10,1,61,0,61,1,0,4.04560193312,0
pde_nominal,8,1232,1,0,6,0,6,1,0,3.83007769968,0
pde_nominal,3,1252,14,1,91,0,91,1,0,6.05612771857,0
pde_nominal,5,1334,4,0,15,0,15,1,0,3.18197970227,0
pde_nominal,5,1333,4,0,16,0,16,1,0,5.7763856045,0
pde_nominal,4,1692,2,0,44,0,44,1,0,4.24004379191,0
pde_nominal,0,1656,6,0,25,0,25,1,0,5.58744383758,0
pde_nominal,7,476,0,0,141,0,141,1,0,7.89281422899,0
pde_nominal,4,1691,11,1,12,0,7,1,0,7.05889898184,0
pde_nominal,1,1095,0,0,13,0,7,1,0,8.88588828783,0
pde_nominal,7,474,6,0,16,0,16,1,0,4.58004451198,0
pde_nominal,7,473,10,1,14,0,14,1,0,4.23580276793,0
pde_nominal,4,1683,0,0,45,0,45,1,0,3.51131381986,0
pde_nominal,3,1240,10,1,103,0,101,1,0,5.30992498617,0
pde_nominal,7,466,15,1,19,0,19,1,0,4.28802811932,0
pde_nominal,4,1679,10,1,13,0,13,1,0,6.09069422413,0
pde_nominal,1,1086,0,0,155,18,166,1,1,9.27521805733,0
pde_nominal,2,1255,1,0,74,0,61,1,0,5.26768961353,0
pde_nominal,8,1214,11,1,42,0,40,1,0,6.99906585904,0
pde_nominal,4,1672,7,0,27,0,27,1,0,4.65837343584,0
pde_nominal,9,1339,14,1,53,0,53,1,0,5.78689191862,0
pde_nominal,3,1222,0,0,25,0,25,1,0,5.02916058262,0
pde_nominal,7,456,15,1,89,0,89,1,0,4.34907951887,0
pde_nominal,6,1128,10,1,77,0,77,1,0,5.78886441336,0
pde_nominal,0,1927,3,0,39,0,39,1,0,16.1883129123,0
pde_nominal,2,1243,1,0,7,0,7,1,0,4.24627868672,0
pde_nominal,3,1217,2,0,39,18,57,1,1,4.91991205043,0
pde_nominal,9,1334,3,0,118,0,118,1,0,9.22403718868,0
pde_nominal,2,1240,14,1,6,0,6,1,0,7.95547318623,0
pde_nominal,9,1333,5,0,28,0,28,1,0,2.84494965578,0
pde_nominal,1,1071,8,1,24,0,21,1,0,4.33696531233,0
pde_nominal,5,1309,13,1,20,0,20,1,0,4.93749502074,0
pde_nominal,7,450,1,0,72,0,72,1,0,5.66059974569,0
pde_nominal,3,1211,5,0,30,0,28,1,0,4.54007853157,0
pde_nominal,9,1320,1,0,42,0,42,1,0,4.83210610344,0
pde_nominal,6,1112,14,1,33,0,33,1,0,5.67745500089,0
pde_nominal,0,1614,6,0,4,0,1,1,0,3.86458627378,0
pde_nominal,4,1647,3,0,100,0,66,1,0,8.17424100315,0
pde_nominal,2,1224,15,1,120,0,53,1,0,7.96945418161,0
pde_nominal,6,1100,5,0,4,0,4,1,0,6.2989430523,0
pde_nominal,0,1608,15,1,26,0,26,1,0,3.18515461464,0
pde_nominal,6,1097,2,0,51,0,51,1,0,7.46559265789,0
pde_nominal,8,1187,5,0,32,0,32,1,0,4.1905948553,0
pde_nominal,9,1311,9,1,35,0,35,1,0,7.38501094206,0
pde_nominal,2,1218,14,1,22,0,10,1,0,7.80100309606,0
pde_nominal,9,1310,13,1,55,0,30,1,0,4.44130630552,0
pde_nominal,7,432,13,1,57,0,57,1,0,4.66307863987,0
pde_nominal,6,1092,3,0,14,0,14,1,0,5.38148759174,0
pde_nominal,9,1307,5,0,94,0,94,1,0,5.04477582891,0
pde_nominal,8,1182,12,1,36,0,36,1,0,4.42627633788,0
pde_nominal,0,1597,12,1,21,0,21,1,0,6.8919910143,0
pde_nominal,8,1181,10,1,86,0,80,1,0,4.80405997001,0
pde_nominal,2,1212,7,0,12,0,0,1,0,6.25796303879,0
pde_nominal,6,1089,7,0,99,0,90,1,0,7.31375782805,0
pde_nominal,1,1046,14,1,38,0,37,1,0,4.29400899368,0
pde_nominal,6,1088,2,0,33,0,25,1,0,6.87564416042,0
pde_nominal,3,1186,6,0,8,0,1,1,0,5.37466178965,0
pde_nominal,9,1299,7,0,22,0,3,1,0,4.36672780138,0
pde_nominal,0,1583,10,1,26,0,16,1,0,3.7128342651,0
pde_nominal,2,1206,7,0,84,0,72,1,0,5.59722619411,0
pde_nominal,3,1178,4,0,20,0,3,1,0,3.55490626347,0
pde_nominal,0,1582,4,0,5,0,1,1,0,5.39997178192,0
pde_nominal,2,1202,15,1,29,0,2,1,0,4.23616057055,0
pde_nominal,9,1283,6,0,57,0,56,1,0,5.09269237512,0
pde_nominal,2,1198,1,0,38,0,38,1,0,6.24118673686,0
pde_nominal,0,1573,4,0,27,0,27,1,0,5.09835710707,0
pde_nominal,9,1281,0,0,17,0,17,1,0,3.75424240996,0
pde_nominal,7,415,0,0,111,0,111,1,0,6.88905250898,0
pde_nominal,1,1040,7,0,41,0,40,1,0,4.56165232111,0
pde_nominal,4,1620,12,1,29,20,46,1,1,7.09439348183,0
pde_nominal,0,1571,1,0,71,0,28,1,0,6.58961659136,0
pde_nominal,9,1280,8,1,94,0,58,1,0,8.94430264465,0
pde_nominal,4,1616,1,0,4,0,0,1,0,6.1525598174,0
pde_nominal,8,1163,14,1,27,0,2,1,0,4.13524701346,0
pde_nominal,2,1188,7,0,18,0,0,1,0,4.68431667396,0
pde_nominal,6,1073,4,0,35,0,9,1,0,4.06074737246,0
pde_nominal,4,1614,15,1,24,0,1,1,0,6.03891457693,0
pde_nominal,5,1276,5,0,96,0,12,1,0,11.5064201593,0
pde_nominal,1,1032,5,0,97,0,52,1,0,8.7807955613,0
pde_nominal,6,1068,8,1,27,0,8,1,0,5.3111650804,0
pde_nominal,4,1611,2,0,36,0,20,1,0,5.444648585,0
pde_nominal,9,1265,8,1,11,0,0,1,0,4.02007048871,0
pde_nominal,5,1274,5,0,101,0,31,1,0,11.0808902594,0
pde_nominal,2,1178,14,1,11,0,0,1,0,4.60343829801,0
pde_nominal,5,1272,1,0,20,0,20,1,0,4.54436107932,0
pde_nominal,5,1271,3,0,23,0,23,1,0,4.02872271029,0
pde_nominal,0,1558,1,0,33,0,33,1,0,4.61767231982,0
pde_nominal,1,1022,14,1,19,0,2,1,0,3.60376364021,0
pde_nominal,4,1603,7,0,4,0,0,1,0,4.1305154693,0
pde_nominal,3,1157,6,0,42,0,19,1,0,3.59371506178,0
pde_nominal,0,1553,7,0,39,0,19,1,0,5.11753926537,0
pde_nominal,5,1268,10,1,15,0,14,1,0,4.12220034648,0
pde_nominal,9,1262,10,1,33,0,33,1,0,3.3477308051,0
pde_nominal,1,1018,13,1,53,0,53,1,0,4.95741237508,0
pde_nominal,0,1550,9,1,64,0,64,1,0,7.49646810629,0
pde_nominal,7,391,5,0,85,0,85,1,0,4.57183728079,0
pde_nominal,0,1548,11,1,6,0,4,1,0,6.19766568618,0
pde_nominal,6,1043,8,1,30,0,19,1,0,6.68157945071,0
pde_nominal,6,1042,8,1,41,0,6,1,0,6.01293436191,0
pde_nominal,4,1592,7,0,29,0,29,1,0,3.43110353023,0
pde_nominal,2,1167,8,1,178,0,141,1,0,9.40572561473,0
pde_nominal,8,1146,6,0,44,0,44,1,0,4.48078457539,0
pde_nominal,3,1136,0,0,22,0,22,1,0,6.30825214571,0
pde_nominal,0,1534,14,1,1,0,0,1,0,13.1041171864,0
pde_nominal,4,1583,13,1,21,0,12,1,0,7.40458071981,0
pde_nominal,1,998,15,1,77,0,4,1,0,7.47276428358,0
pde_nominal,0,1530,13,1,83,0,2,1,0,4.76703451491,0
pde_nominal,3,1132,2,0,53,0,35,1,0,3.74601595735,0
pde_nominal,2,1157,1,0,2,0,2,1,0,6.37975413357,0
pde_nominal,9,1234,2,0,0,0,0,1,0,6.00603908112,0
pde_nominal,3,1129,3,0,11,0,0,1,0,4.48452717931,0
pde_nominal,7,363,7,0,164,0,164,1,0,7.8807528766,0
pde_nominal,4,1567,10,1,76,0,62,1,0,11.1976269899,0
pde_nominal,1,986,9,1,36,0,27,1,0,6.51110942051,0
pde_nominal,8,1123,10,1,61,0,46,1,0,3.97651410447,0
pde_nominal,8,1421,10,1,0,0,0,0,0,6.123672475,0
pde_nominal,0,1518,5,0,15,0,8,1,0,4.78008146324,0
pde_nominal,8,1120,0,0,18,0,1,1,0,3.81184133951,0
pde_nominal,9,1228,8,1,24,0,15,1,0,4.0335555825,0
pde_nominal,5,1229,14,1,74,0,52,1,0,8.45337681904,0
pde_nominal,9,1224,6,0,28,15,27,1,1,9.555950312,0
pde_nominal,6,1013,8,1,21,0,6,1,0,4.30387091829,0
pde_nominal,9,1221,12,1,13,0,0,1,0,5.00549732198,0
pde_nominal,1,975,13,1,89,0,48,1,0,7.94544187221,0
pde_nominal,8,1112,15,1,38,0,29,1,0,7.15025069732,0
pde_nominal,5,1225,4,0,43,0,32,1,0,6.03912423364,0
pde_nominal,3,1114,13,1,72,0,52,1,0,8.93552437573,0
pde_nominal,1,972,13,1,102,0,64,1,0,8.8748290222,0
pde_nominal,9,1217,9,1,36,0,36,1,0,3.55628205334,0
pde_nominal,6,1002,3,0,88,0,84,1,0,4.72436859195,0
pde_nominal,3,1104,2,0,5,0,0,1,0,4.32180865893,0
pde_nominal,8,1105,14,1,5,0,0,1,0,8.03068036228,0
pde_nominal,1,968,6,0,18,0,0,1,0,3.02602400147,0
pde_nominal,0,1507,9,1,90,0,57,1,0,7.66421245974,0
pde_nominal,9,1215,13,1,65,0,16,1,0,6.33677576252,0
pde_nominal,7,343,3,0,33,0,33,1,0,5.26145316105,0
pde_nominal,6,997,3,0,12,0,5,1,0,5.2767717514,0
pde_nominal,1,967,10,1,63,0,27,1,0,12.6532789952,0
pde_nominal,2,1136,9,1,65,0,53,1,0,8.90577405567,0
pde_nominal,5,1206,6,0,93,0,93,1,0,5.72517988074,0
pde_nominal,4,1538,15,1,16,0,16,1,0,3.37456117311,0
pde_nominal,6,990,2,0,86,0,65,1,0,4.7848166185,0
pde_nominal,4,1535,7,0,46,0,46,1,0,3.78384725688,0
pde_nominal,8,1093,2,0,81,0,81,1,0,6.55091556323,0
pde_nominal,9,1201,12,1,19,0,19,1,0,2.99832949028,0
pde_nominal,3,1096,10,1,83,31,103,1,1,8.07505488485,0
pde_nominal,8,1091,14,1,26,0,26,1,0,7.44173228803,0
pde_nominal,9,1197,4,0,44,0,29,1,0,8.13971928025,0
pde_nominal,3,1093,0,0,53,0,5,1,0,4.61480667507,0
pde_nominal,9,1192,8,1,38,0,38,1,0,5.64013624669,0
pde_nominal,6,984,12,1,44,0,42,1,0,4.42832916941,0
pde_nominal,2,1114,3,0,10,0,6,1,0,3.53278596235,0
pde_nominal,6,980,14,1,58,0,50,1,0,6.89008357998,0
pde_nominal,6,979,12,1,10,0,6,1,0,5.01879241328,0
pde_nominal,5,1184,8,1,34,0,25,1,0,6.92551762112,0
pde_nominal,2,1110,10,1,46,0,39,1,0,5.86755985084,0
pde_nominal,6,974,8,1,133,0,72,1,0,8.6011279287,0
pde_nominal,6,973,9,1,0,0,0,1,0,5.46895992879,0
pde_nominal,8,1075,4,0,9,0,0,1,0,3.87656791117,0
pde_nominal,0,1469,2,0,32,0,0,1,0,5.17044905821,0
pde_nominal,4,1516,15,1,33,0,0,1,0,7.23142098363,0
pde_nominal,4,1515,4,0,25,0,25,1,0,4.36078338556,0
pde_nominal,3,1075,4,0,66,0,23,1,0,7.09225925885,0
pde_nominal,3,1073,0,0,12,0,12,1,0,4.35869203113,0
pde_nominal,6,971,7,0,100,0,95,1,0,6.12229657061,0
pde_nominal,9,1171,1,0,38,0,29,1,0,7.16523771775,0
pde_nominal,4,1511,15,1,58,0,50,1,0,6.90117375566,0
pde_nominal,6,968,10,1,37,0,31,1,0,4.6396167203,0
pde_nominal,8,1063,3,0,26,0,26,1,0,3.21009699908,0
pde_nominal,4,1505,10,1,8,0,8,1,0,3.32402091556,0
pde_nominal,1,923,9,1,11,0,11,1,0,5.07926103213,0
pde_nominal,3,1067,10,1,71,24,95,1,1,6.88725988311,0
pde_nominal,3,1064,14,1,31,16,47,1,1,9.31177838419,0
pde_nominal,0,1458,10,1,46,0,46,1,0,4.59884022151,0
pde_nominal,9,1163,3,0,107,0,107,1,0,8.87054549372,0
pde_nominal,4,1495,5,0,74,0,21,1,0,5.07963296049,0
pde_nominal,0,1454,7,0,18,0,0,1,0,8.93799162513,0
pde_nominal,3,1058,1,0,22,0,16,1,0,3.89570082523,0
pde_nominal,1,913,4,0,55,0,44,1,0,4.8546332752,0
pde_nominal,8,1047,14,1,41,0,41,1,0,3.93209802463,0
pde_nominal,6,957,1,0,125,0,125,1,0,8.3434235416,0
pde_nominal,5,1164,9,1,22,0,22,1,0,4.39086877184,0
pde_nominal,9,1159,2,0,197,0,195,1,0,11.2936837538,0
pde_nominal,7,299,1,0,5,0,5,1,0,6.61041757607,0
pde_nominal,8,1044,8,1,92,0,75,1,0,8.48114162936,0
pde_nominal,8,1043,10,1,5,0,3,1,0,4.20605595656,0
pde_nominal,2,1080,9,1,21,10,14,1,1,5.89470764584,0
pde_nominal,9,1155,4,0,19,0,19,1,0,5.95525773471,0
pde_nominal,7,514,0,0,6,0,6,1,0,6.52414322917,0
pde_nominal,6,950,6,0,35,0,33,1,0,4.00056714664,0
pde_nominal,9,1149,3,0,17,0,17,1,0,5.32414122664,0
pde_nominal,0,1439,6,0,73,0,61,1,0,8.63584473694,0
pde_nominal,4,1485,14,1,69,0,47,1,0,5.45882592074,0
pde_nominal,1,900,8,1,163,0,140,1,0,8.66488805025,0
pde_nominal,4,1479,6,0,24,0,24,1,0,4.84873152767,0
pde_nominal,7,277,15,1,17,0,17,1,0,4.70713809974,0
pde_nominal,0,1431,8,1,35,0,35,1,0,5.31152135305,0
pde_nominal,2,1065,8,1,225,0,215,1,0,11.3851435387,0
pde_nominal,9,1137,15,1,18,0,10,1,0,4.19844910337,0
pde_nominal,5,1144,11,1,42,0,27,1,0,3.92830300122,0
pde_nominal,8,1020,2,0,45,0,39,1,0,6.81499657151,0
pde_nominal,6,938,8,1,114,0,90,1,0,7.16904062558,0
pde_nominal,2,1061,13,1,50,0,50,1,0,5.39947159108,0
pde_nominal,0,1425,6,0,85,0,85,1,0,4.5113119515,0
pde_nominal,1,888,1,0,76,0,71,1,0,4.81868957113,0
pde_nominal,7,261,8,1,42,0,42,1,0,5.05953841063,0
pde_nominal,5,1138,2,0,16,0,0,1,0,4.81693079584,0
pde_nominal,4,1466,0,0,13,0,1,1,0,5.81604885658,0
pde_nominal,1,886,15,1,9,0,0,1,0,4.04491002265,0
pde_nominal,6,926,1,0,6,0,3,1,0,9.18744972171,0
pde_nominal,6,924,0,0,25,0,25,1,0,3.37170465361,0
pde_nominal,7,251,2,0,57,0,57,1,0,3.2273198599,0
pde_nominal,9,1119,12,1,66,0,66,1,0,4.45148807928,0
pde_nominal,4,1461,10,1,63,0,63,1,0,6.9053691209,0
pde_nominal,4,1459,1,0,15,0,12,1,0,4.50530155726,0
pde_nominal,2,1045,3,0,37,0,31,1,0,4.53154122353,0
pde_nominal,1,882,1,0,16,0,11,1,0,7.50527725525,0
pde_nominal,5,1128,12,1,2,0,2,1,0,6.64345879249,0
pde_nominal,5,1127,13,1,24,0,7,1,0,5.96171253205,0
pde_nominal,0,1406,14,1,3,0,0,1,0,4.82148892827,0
pde_nominal,3,1015,3,0,11,0,7,1,0,3.66391958774,0
pde_nominal,7,726,13,1,36,0,36,1,0,4.23832812042,0
pde_nominal,7,722,1,0,72,0,72,1,0,7.38813223222,0
pde_nominal,1,869,10,1,21,0,21,1,0,3.70161974849,0
pde_nominal,8,980,1,0,43,0,43,1,0,3.87244022452,0
pde_nominal,6,913,5,0,46,0,46,1,0,6.39236937277,0
pde_nominal,1,868,0,0,48,0,48,1,0,8.91216337868,0
pde_nominal,5,1120,5,0,27,31,58,1,1,6.35104591983,0
pde_nominal,4,1447,3,0,18,0,18,1,0,3.43082118927,0
pde_nominal,4,1445,0,0,54,0,54,1,0,4.66646299674,0
pde_nominal,4,1944,0,0,0,0,0,0,0,5.38202574768,0
pde_nominal,1,864,12,1,89,0,89,1,0,7.68922384243,0
pde_nominal,6,906,15,1,23,11,26,1,1,6.96984021615,0
pde_nominal,2,1021,2,0,5,0,0,1,0,3.16877330708,0
pde_nominal,9,1097,5,0,19,0,15,1,0,7.76137005925,0
pde_nominal,2,1524,7,0,13,0,13,1,0,5.70752461396,0
pde_nominal,7,712,14,1,17,0,17,1,0,6.31597304955,0
pde_nominal,6,896,3,0,56,0,56,1,0,4.02787211113,0
pde_nominal,5,1110,12,1,145,0,122,1,0,10.0760713016,0
pde_nominal,5,1109,5,0,33,0,19,1,0,5.88419311465,0
pde_nominal,4,1433,4,0,27,0,27,1,0,11.6870234544,0
pde_nominal,9,1095,12,1,41,0,38,1,0,5.54319717662,0
pde_nominal,1,1410,13,1,18,0,18,1,0,9.59034980459,0
pde_nominal,1,848,8,1,69,0,69,1,0,5.42828069091,0
pde_nominal,9,1090,15,1,23,0,23,1,0,5.31448151468,0
pde_nominal,0,1386,2,0,84,0,84,1,0,5.55322964169,0
pde_nominal,5,1096,2,0,19,0,17,1,0,9.61323285408,0
pde_nominal,9,1088,8,1,82,0,80,1,0,6.7778104663,0
pde_nominal,7,702,14,1,47,0,47,1,0,7.43451581718,0
pde_nominal,2,1004,0,0,29,0,29,1,0,5.96777210864,0
pde_nominal,4,1420,7,0,40,0,39,1,0,5.99316565736,0
pde_nominal,8,947,0,0,27,0,27,1,0,3.87230129844,0
pde_nominal,5,1086,1,0,43,0,43,1,0,8.03981242,0
pde_nominal,8,940,5,0,30,0,14,1,0,4.75120651544,0
pde_nominal,0,1377,15,1,37,0,26,1,0,4.53216950495,0
pde_nominal,0,1376,9,1,16,0,16,1,0,3.73428612524,0
pde_nominal,6,877,15,1,114,0,63,1,0,7.56244584426,0
pde_nominal,2,990,0,0,16,0,16,1,0,3.70165923506,0
pde_nominal,7,689,2,0,42,0,42,1,0,5.37362828096,0
pde_nominal,7,733,2,0,0,0,0,0,0,11.2725001659,0
pde_nominal,9,1074,1,0,69,0,47,1,0,6.71807907767,0
pde_nominal,9,1072,6,0,47,0,47,1,0,4.05612848214,0
pde_nominal,1,834,0,0,19,0,19,1,0,4.75100964386,0
pde_nominal,0,1367,6,0,40,0,38,1,0,4.32542559517,0
pde_nominal,8,931,6,0,17,0,17,1,0,4.34325244826,0
pde_nominal,4,1401,3,0,86,0,85,1,0,5.11917833272,0
pde_nominal,0,1362,0,0,33,0,33,1,0,4.75224049397,0
pde_nominal,7,679,8,1,15,0,15,1,0,3.64205636795,0
pde_nominal,7,678,13,1,38,0,38,1,0,7.46565699308,0
pde_nominal,8,927,6,0,19,0,19,1,0,4.67230018966,0
pde_nominal,4,1395,2,0,83,0,83,1,0,7.61662560702,0
pde_nominal,8,926,7,0,64,0,64,1,0,4.40535471511,0
pde_nominal,7,677,5,0,137,0,137,1,0,7.83615244186,0
pde_nominal,8,924,1,0,22,0,15,1,0,6.42505976187,0
pde_nominal,9,1064,9,1,13,0,0,1,0,5.230609483,0
pde_nominal,1,819,11,1,11,0,7,1,0,10.2594582846,0
pde_nominal,1,818,0,0,34,0,6,1,0,7.63145588394,0
pde_nominal,2,968,14,1,17,0,3,1,0,4.79265900241,0
pde_nominal,4,1388,4,0,38,0,4,1,0,8.39034069119,0
pde_nominal,4,1945,4,0,0,0,0,0,0,11.8929115536,0
pde_nominal,3,963,7,0,124,0,28,1,0,8.63733526849,0
pde_nominal,3,962,8,1,5,0,3,1,0,4.70033365649,0
pde_nominal,3,960,4,0,8,0,1,1,0,6.755961309,0
pde_nominal,5,1067,0,0,41,0,41,1,0,5.75329170737,0
pde_nominal,6,856,0,0,51,0,51,1,0,4.75334187051,0
pde_nominal,1,805,13,1,20,0,20,1,0,3.94152904524,0
pde_nominal,5,1066,2,0,40,0,40,1,0,5.1815603178,0
pde_nominal,7,660,8,1,60,0,60,1,0,4.57066950315,0
pde_nominal,8,1423,10,1,65,0,65,1,0,14.5540104745,0
pde_nominal,3,954,3,0,77,0,54,1,0,6.27362243552,0
pde_nominal,2,957,4,0,14,0,9,1,0,4.67994044333,0
pde_nominal,8,907,4,0,171,0,139,1,0,11.2367425241,0
pde_nominal,8,906,4,0,25,0,25,1,0,6.91410862474,0
pde_nominal,2,953,11,1,75,0,75,1,0,5.76041878805,0
pde_nominal,6,844,9,1,35,0,28,1,0,5.28893607209,0
pde_nominal,8,897,3,0,27,0,12,1,0,4.71680310978,0
pde_nominal,3,944,3,0,34,0,16,1,0,5.76810774642,0
pde_nominal,5,1050,1,0,58,0,12,1,0,5.13326069156,0
pde_nominal,0,1328,4,0,2,0,0,1,0,3.6172882876,0
pde_nominal,8,891,6,0,6,0,0,1,0,4.44181907064,0
pde_nominal,0,1327,6,0,88,0,58,1,0,6.83550519693,0
pde_nominal,5,1044,6,0,12,0,7,1,0,4.89671291526,0
pde_nominal,6,832,9,1,57,0,57,1,0,5.21689429174,0
pde_nominal,1,766,6,0,68,0,59,1,0,16.4972744884,0
pde_nominal,4,1362,3,0,135,0,121,1,0,14.5263697283,0
pde_nominal,9,1551,9,1,130,0,130,1,0,12.2447960764,0
pde_nominal,5,1035,5,0,41,0,40,1,0,6.20499649646,0
pde_nominal,2,927,0,0,65,0,65,1,0,3.6339090048,0
pde_nominal,3,935,8,1,61,0,61,1,0,4.55369929097,0
pde_nominal,3,934,14,1,28,0,28,1,0,4.21016626706,0
pde_nominal,2,920,5,0,19,0,19,1,0,7.09575797503,0
pde_nominal,6,823,6,0,66,27,93,1,1,12.1357779618,0
pde_nominal,4,1355,2,0,14,0,9,1,0,4.65959513296,0
pde_nominal,2,913,10,1,87,0,72,1,0,8.70498947309,0
pde_nominal,2,912,12,1,11,0,0,1,0,4.7225067666,0
pde_nominal,1,756,2,0,15,0,0,1,0,3.36682709278,0
pde_nominal,4,1343,8,1,17,0,17,1,0,4.65245580532,0
pde_nominal,7,617,5,0,59,0,59,1,0,4.28845742987,0
pde_nominal,4,1342,10,1,50,0,50,1,0,5.01507283775,0
pde_nominal,8,872,5,0,48,0,48,1,0,8.41986041887,0
pde_nominal,3,914,1,0,40,0,40,1,0,6.15032750154,0
pde_nominal,2,901,8,1,64,0,64,1,0,4.04345867912,0
pde_nominal,3,910,11,1,31,0,31,1,0,6.27065486022,0
pde_nominal,4,1947,2,0,21,0,17,1,0,8.0447266613,0
pde_nominal,5,1016,13,1,10,0,8,1,0,4.17988099233,0
pde_nominal,9,1006,3,0,25,0,16,1,0,4.33339584877,0
pde_nominal,9,1004,8,1,30,0,30,1,0,5.4542574964,0
pde_nominal,3,904,5,0,53,0,53,1,0,3.59816217337,0
pde_nominal,5,1006,2,0,49,0,49,1,0,7.27683490543,0
pde_nominal,7,601,10,1,81,0,81,1,0,4.24921875953,0
pde_nominal,9,1000,15,1,19,0,16,1,0,4.23648456307,0
pde_nominal,3,903,15,1,92,0,62,1,0,6.56804546275,0
pde_nominal,9,996,15,1,16,0,15,1,0,3.2547569693,0
pde_nominal,5,1003,9,1,99,0,80,1,0,5.99356187112,0
pde_nominal,8,853,1,0,30,14,29,1,1,5.18293365491,0
pde_nominal,7,587,15,1,18,0,18,1,0,4.46690538382,0
pde_nominal,8,848,4,0,28,0,28,1,0,4.42000435054,0
pde_nominal,7,576,7,0,46,0,46,1,0,6.40356177623,0
pde_nominal,5,995,14,1,21,0,16,1,0,5.36755890906,0
pde_nominal,9,985,0,0,1,0,0,1,0,3.53288961219,0
pde_nominal,8,840,12,1,59,0,4,1,0,6.17235193222,0
pde_nominal,4,1303,6,0,33,0,2,1,0,7.26713028595,0
pde_nominal,9,983,7,0,43,0,43,1,0,4.44285512751,0
pde_nominal,9,982,12,1,4,0,4,1,0,2.92086613185,0
pde_nominal,5,986,12,1,45,0,45,1,0,3.40521700366,0
pde_nominal,0,1270,12,1,45,0,45,1,0,4.01158299775,0
pde_nominal,8,836,11,1,68,0,68,1,0,4.00044208279,0
pde_nominal,3,891,11,1,22,0,22,1,0,4.76090265573,0
pde_nominal,7,570,15,1,123,0,123,1,0,9.5605460833,0
pde_nominal,5,985,15,1,51,0,51,1,0,8.80868153726,0
pde_nominal,5,1614,15,1,0,0,0,0,0,10.9438192216,0
pde_nominal,3,888,7,0,123,0,123,1,0,5.13585165853,0
pde_nominal,5,982,13,1,12,0,12,1,0,2.83273847581,0
pde_nominal,5,1616,13,1,0,0,0,0,0,7.06717796656,0
pde_nominal,5,1615,13,1,0,0,0,0,0,6.20038577077,0
pde_nominal,5,981,14,1,221,0,221,1,0,7.06254975388,0
pde_nominal,0,1267,4,0,71,0,71,1,0,8.50625599166,0
pde_nominal,0,1266,0,0,68,0,57,1,0,5.66226685279,0
pde_nominal,9,971,3,0,105,0,87,1,0,7.44544396497,0
pde_nominal,8,826,7,0,92,0,78,1,0,5.52359146574,0
pde_nominal,8,825,2,0,4,0,4,1,0,7.07972971746,0
pde_nominal,7,561,10,1,47,0,47,1,0,6.99894646629,0
pde_nominal,0,1264,0,0,54,0,54,1,0,14.271414345,0
pde_nominal,1,709,9,1,26,0,26,1,0,6.09516971509,0
pde_nominal,2,868,7,0,32,0,32,1,0,4.91962307015,0
pde_nominal,7,560,12,1,82,0,82,1,0,8.64035756687,0
pde_nominal,9,966,3,0,66,0,66,1,0,5.34940856436,0
pde_nominal,6,764,8,1,6,0,6,1,0,6.45959799363,0
pde_nominal,9,965,15,1,107,0,107,1,0,6.19412598995,0
pde_nominal,1,707,2,0,234,0,234,1,0,14.0945297744,0
pde_nominal,5,963,2,0,11,0,2,1,0,6.49709059774,0
pde_nominal,6,758,15,1,74,0,36,1,0,10.546936097,0
pde_nominal,1,703,6,0,89,0,61,1,0,4.67994977668,0
pde_nominal,1,702,10,1,7,0,7,1,0,7.01920342891,0
pde_nominal,4,1268,9,1,87,0,59,1,0,4.34207748407,0
pde_nominal,0,1251,4,0,143,0,110,1,0,7.4186767311,0
pde_nominal,6,752,7,0,47,0,28,1,0,4.28017927674,0
pde_nominal,0,1241,10,1,46,0,18,1,0,4.69904462318,0
pde_nominal,6,750,4,0,77,0,23,1,0,10.2062246956,0
pde_nominal,5,950,11,1,58,0,26,1,0,7.60528134542,0
pde_nominal,2,839,3,0,136,0,61,1,0,6.2151015054,0
pde_nominal,4,1259,3,0,104,0,65,1,0,5.75283024751,0
pde_nominal,5,948,15,1,25,0,25,1,0,4.8616101234,0
pde_nominal,3,859,3,0,25,0,25,1,0,5.4467705018,0
pde_nominal,7,538,2,0,154,0,154,1,0,7.88211189627,0
pde_nominal,4,1256,7,0,95,0,95,1,0,4.62528733702,0
pde_nominal,6,747,3,0,40,0,40,1,0,4.85731385178,0
pde_nominal,4,1255,11,1,37,0,37,1,0,3.95424236774,0
pde_nominal,8,795,14,1,26,0,26,1,0,4.33703262328,0
pde_nominal,6,744,7,0,5,0,0,1,0,7.76913346594,0
pde_nominal,8,790,0,0,15,0,14,1,0,4.18248481522,0
pde_nominal,8,787,13,1,12,0,0,1,0,3.15900109414,0
pde_nominal,4,1252,15,1,24,10,19,1,1,6.99201390563,0
pde_nominal,0,1233,4,0,165,0,100,1,0,11.854090189,0
pde_nominal,3,847,6,0,13,0,8,1,0,4.39997520866,0
pde_nominal,0,1232,10,1,59,0,36,1,0,7.14877980498,0
pde_nominal,2,831,5,0,29,33,46,1,1,6.63416687587,0
pde_nominal,5,933,10,1,17,0,0,1,0,2.72655235179,0
pde_nominal,9,941,4,0,97,0,51,1,0,5.5808209967,0
pde_nominal,0,1221,2,0,55,0,48,1,0,5.64064617491,0
pde_nominal,2,826,14,1,58,0,50,1,0,9.38053794798,0
pde_nominal,4,1241,5,0,38,0,38,1,0,3.65358176168,0
pde_nominal,1,679,13,1,150,0,136,1,0,9.42450187312,0
pde_nominal,6,1403,5,0,6,0,6,1,0,6.26479030612,0
pde_nominal,3,829,12,1,19,0,19,1,0,5.47850364884,0
pde_nominal,0,1211,8,1,60,10,70,1,1,8.97960905485,0
pde_nominal,6,730,15,1,48,0,48,1,0,3.97497588797,0
pde_nominal,3,828,1,0,112,0,112,1,0,5.44026368067,0
pde_nominal,6,726,14,1,61,0,61,1,0,5.82747152392,0
pde_nominal,2,820,12,1,76,0,76,1,0,5.14766393794,0
pde_nominal,0,1207,10,1,71,0,70,1,0,6.66676626246,0
pde_nominal,4,1233,5,0,28,0,28,1,0,4.31292309847,0
pde_nominal,2,818,8,1,65,0,65,1,0,4.11764404975,0
pde_nominal,9,918,12,1,33,0,33,1,0,5.04356844277,0
pde_nominal,1,671,10,1,39,0,27,1,0,5.52092851592,0
pde_nominal,9,913,2,0,10,0,1,1,0,6.11912960526,0
pde_nominal,8,769,10,1,12,0,0,1,0,4.25113594262,0
pde_nominal,3,821,1,0,15,0,12,1,0,5.79690414883,0
pde_nominal,1,662,8,1,10,0,10,1,0,6.72887411065,0
pde_nominal,7,1272,6,0,15,0,15,1,0,3.86800718504,0
pde_nominal,4,1228,3,0,63,19,64,1,1,6.91557972011,0
pde_nominal,2,813,0,0,38,0,38,1,0,3.830233562,0
pde_nominal,6,718,1,0,34,0,34,1,0,3.32895907114,0
pde_nominal,3,815,13,1,24,0,24,1,0,4.65689182048,0
pde_nominal,9,906,7,0,81,0,81,1,0,4.87685420351,0
pde_nominal,3,811,5,0,51,0,51,1,0,7.22350524469,0
pde_nominal,7,1268,14,1,87,0,87,1,0,4.81252785325,0
pde_nominal,8,758,13,1,80,0,80,1,0,7.54468082528,0
pde_nominal,6,716,12,1,78,0,66,1,0,7.20194945503,0
pde_nominal,8,756,5,0,6,0,3,1,0,4.44700904625,0
pde_nominal,4,1216,10,1,15,6,21,1,1,9.07313989462,0
pde_nominal,8,749,7,0,87,0,87,1,0,6.48277594465,0
pde_nominal,3,795,11,1,44,0,44,1,0,4.4487304164,0
pde_nominal,8,748,7,0,108,0,98,1,0,7.18999247011,0
pde_nominal,3,792,10,1,30,0,30,1,0,3.99800548224,0
pde_nominal,2,791,14,1,17,0,17,1,0,3.1079912914,0
pde_nominal,8,743,12,1,16,0,14,1,0,5.24187071561,0
pde_nominal,0,1175,14,1,27,25,37,1,1,5.9071370349,0
pde_nominal,7,1248,9,1,21,6,9,1,1,7.59366566195,0
pde_nominal,6,699,7,0,100,0,77,1,0,8.14738772563,0
pde_nominal,0,1171,8,1,51,0,51,1,0,6.15069043279,0
pde_nominal,7,1241,2,0,24,0,24,1,0,8.7224124575,0
pde_nominal,0,1168,1,0,42,0,40,1,0,4.32274842339,0
pde_nominal,1,630,4,0,53,0,25,1,0,5.00596314089,0
pde_nominal,1,1413,4,0,0,0,0,0,0,5.77836966944,0
pde_nominal,3,781,1,0,15,0,1,1,0,4.91673699585,0
pde_nominal,4,1199,4,0,38,0,34,1,0,3.73321532,0
pde_nominal,2,780,10,1,54,0,54,1,0,11.511181663,0
pde_nominal,2,1532,10,1,0,0,0,0,0,12.4018037193,0
pde_nominal,5,884,13,1,24,0,24,1,0,8.64523785859,0
pde_nominal,5,883,14,1,80,0,52,1,0,5.17260572341,0
pde_nominal,5,881,15,1,21,0,8,1,0,4.24412983902,0
pde_nominal,5,880,10,1,21,0,18,1,0,7.92009122362,0
pde_nominal,0,1155,11,1,28,0,22,1,0,7.25249978223,0
pde_nominal,4,1192,3,0,41,0,41,1,0,11.4678001444,0
pde_nominal,5,872,0,0,28,0,28,1,0,5.75711792947,0
pde_nominal,2,769,9,1,11,0,11,1,0,6.34117524184,0
pde_nominal,7,1226,10,1,65,0,65,1,0,5.9453992819,0
pde_nominal,2,767,3,0,104,0,104,1,0,4.48898316465,0
pde_nominal,4,1190,14,1,214,0,214,1,0,10.4753276689,0
pde_nominal,7,1222,12,1,6,0,6,1,0,5.29806676011,0
pde_nominal,3,759,3,0,14,0,10,1,0,5.43190969386,0
pde_nominal,1,612,7,0,56,0,42,1,0,8.6797067346,0
pde_nominal,9,871,6,0,20,0,11,1,0,7.79108271856,0
pde_nominal,8,722,14,1,28,0,28,1,0,5.88695374529,0
pde_nominal,4,1189,14,1,54,0,42,1,0,7.33183791385,0
pde_nominal,3,757,15,1,42,0,42,1,0,5.85271548996,0
pde_nominal,8,720,9,1,73,0,60,1,0,5.53159309017,0
pde_nominal,8,719,13,1,16,0,0,1,0,4.31772232897,0
pde_nominal,4,1182,11,1,4,0,0,1,0,8.09474073662,0
pde_nominal,0,1147,13,1,61,0,56,1,0,6.98919312697,0
pde_nominal,3,751,13,1,64,0,64,1,0,4.31056484573,0
pde_nominal,1,606,6,0,75,0,75,1,0,5.8844531247,0
pde_nominal,3,749,9,1,29,0,29,1,0,4.42019385342,0
pde_nominal,4,1177,7,0,19,0,19,1,0,5.19666085006,0
pde_nominal,1,603,1,0,13,0,13,1,0,8.13684774311,0
pde_nominal,4,1176,10,1,81,0,81,1,0,6.8474525874,0
pde_nominal,1,599,6,0,41,0,36,1,0,3.72919074529,0
pde_nominal,5,850,2,0,6,0,6,1,0,7.50475642327,0
pde_nominal,3,746,1,0,66,0,66,1,0,3.81273091208,0
pde_nominal,1,595,8,1,3,0,3,1,0,5.06881904796,0
pde_nominal,5,846,5,0,50,0,50,1,0,7.15009913683,0
pde_nominal,2,746,11,1,56,0,56,1,0,5.73478959021,0
pde_nominal,9,853,6,0,80,39,119,1,1,12.4552969328,0
pde_nominal,9,852,12,1,71,0,71,1,0,4.57549365876,0
pde_nominal,1,584,5,0,56,0,56,1,0,3.46712005375,0
pde_nominal,0,1126,4,0,4,0,4,1,0,4.26365704553,0
pde_nominal,2,742,9,1,17,0,10,1,0,4.36001540389,0
pde_nominal,7,1193,11,1,26,0,26,1,0,4.28041759909,0
pde_nominal,4,1160,10,1,49,0,49,1,0,4.60705888835,0
pde_nominal,6,640,5,0,2,0,0,1,0,4.15284741122,0
pde_nominal,5,819,8,1,3,0,3,1,0,7.36042751357,0
pde_nominal,8,687,7,0,59,0,38,1,0,4.66488817787,0
pde_nominal,2,729,5,0,13,0,13,1,0,5.77029107658,0
pde_nominal,0,1111,0,0,24,0,24,1,0,5.56907727358,0
pde_nominal,7,1186,2,0,76,0,76,1,0,7.74004161369,0
pde_nominal,3,719,12,1,104,0,99,1,0,6.20626323688,0
pde_nominal,6,631,13,1,14,0,14,1,0,3.53865587747,0
pde_nominal,7,1184,7,0,43,0,43,1,0,4.52902681399,0
pde_nominal,9,840,13,1,16,0,14,1,0,5.52660869205,0
pde_nominal,9,1555,13,1,0,0,0,0,0,6.59791293897,0
pde_nominal,8,683,15,1,51,0,49,1,0,9.9262603834,0
pde_nominal,7,1181,7,0,31,0,31,1,0,6.12270523155,0
pde_nominal,1,573,6,0,23,0,21,1,0,5.70576163439,0
pde_nominal,1,572,8,1,34,0,34,1,0,4.09910883375,0
pde_nominal,7,1177,12,1,58,0,58,1,0,5.72234804683,0
pde_nominal,5,813,11,1,240,0,228,1,0,13.4841097843,0
pde_nominal,5,810,13,1,21,0,20,1,0,5.66927326208,0
pde_nominal,5,808,11,1,54,0,54,1,0,3.83857669331,0
pde_nominal,7,1169,10,1,51,0,51,1,0,4.44805672333,0
pde_nominal,7,1168,13,1,33,0,33,1,0,5.73078012391,0
pde_nominal,5,804,7,0,27,0,27,1,0,7.16120435395,0
pde_nominal,7,1167,9,1,56,0,56,1,0,9.46029351522,0
pde_nominal,4,1127,9,1,29,0,29,1,0,13.8230575213,0
pde_nominal,2,719,6,0,12,0,9,1,0,4.57279618835,0
pde_nominal,5,803,10,1,54,0,48,1,0,5.0692468597,0
pde_nominal,2,1534,2,0,0,0,0,0,0,7.03589122939,0
pde_nominal,0,1100,0,0,186,0,150,1,0,10.0673872678,0
pde_nominal,0,1933,0,0,0,0,0,0,0,11.5387702102,0
pde_nominal,5,799,4,0,20,0,10,1,0,4.77901879387,0
pde_nominal,9,822,1,0,29,11,40,1,1,5.5654792387,0
pde_nominal,9,820,11,1,10,0,10,1,0,3.4128936748,0
pde_nominal,0,1092,4,0,43,0,40,1,0,4.32737106813,0
pde_nominal,7,1146,1,0,9,0,9,1,0,4.26253414922,0
pde_nominal,1,556,9,1,17,0,3,1,0,6.16566660103,0
pde_nominal,4,1117,9,1,46,0,26,1,0,5.27281063455,0
pde_nominal,0,1088,10,1,25,0,3,1,0,4.06118162866,0
pde_nominal,4,1115,13,1,5,0,3,1,0,3.81045945189,0
pde_nominal,0,1087,3,0,11,0,8,1,0,9.75117919717,0
pde_nominal,5,788,8,1,42,0,26,1,0,4.84446393954,0
pde_nominal,1,552,7,0,14,0,3,1,0,3.64408636002,0
pde_nominal,6,598,8,1,6,0,0,1,0,6.47555908984,0
pde_nominal,1,549,2,0,64,0,15,1,0,9.23670423267,0
pde_nominal,7,1132,2,0,14,0,14,1,0,14.4876786097,0
pde_nominal,2,697,12,1,48,19,31,1,1,5.98065925508,0
pde_nominal,4,1109,9,1,51,0,33,1,0,4.30623859262,0
pde_nominal,0,1077,3,0,63,0,63,1,0,3.97178052701,0
pde_nominal,7,1129,6,0,15,0,15,1,0,5.07409225628,0
pde_nominal,3,681,10,1,43,0,36,1,0,7.61897645715,0
pde_nominal,5,782,15,1,38,0,36,1,0,3.84801620014,0
pde_nominal,2,692,12,1,6,0,6,1,0,8.92769540145,0
pde_nominal,3,678,0,0,50,0,44,1,0,5.9108253167,0
pde_nominal,5,780,8,1,36,0,36,1,0,5.29154701252,0
pde_nominal,6,583,8,1,86,0,56,1,0,8.35917807758,0
pde_nominal,9,801,4,0,47,0,47,1,0,8.04605968029,0
pde_nominal,7,1282,12,1,131,0,131,1,0,7.60614982602,0
pde_nominal,6,575,10,1,3,0,3,1,0,5.16803987781,0
pde_nominal,2,680,14,1,149,0,129,1,0,8.27187114479,0
pde_nominal,8,649,11,1,6,0,2,1,0,4.08717206374,0
pde_nominal,3,668,14,1,120,0,96,1,0,7.78779783402,0
pde_nominal,8,648,3,0,40,0,40,1,0,3.87275748041,0
pde_nominal,9,797,2,0,108,0,98,1,0,7.91899318943,0
pde_nominal,9,792,2,0,15,0,0,1,0,6.51714384242,0
pde_nominal,4,1079,4,0,43,0,33,1,0,9.8030643595,0
pde_nominal,0,1049,9,1,59,0,48,1,0,7.58516733739,0
pde_nominal,6,563,13,1,38,0,33,1,0,6.06114760206,0
pde_nominal,5,763,4,0,37,0,23,1,0,7.15681968754,0
pde_nominal,0,1046,2,0,25,0,17,1,0,6.26454995963,0
pde_nominal,8,639,15,1,16,0,14,1,0,5.35663920052,0
pde_nominal,9,790,1,0,87,97,157,1,1,6.50695057559,0
pde_nominal,3,661,1,0,12,0,12,1,0,4.89407884897,0
pde_nominal,5,760,8,1,28,0,28,1,0,7.17750116031,0
pde_nominal,2,662,11,1,15,0,15,1,0,3.4186890888,0
pde_nominal,3,659,8,1,57,0,57,1,0,4.28162080606,0
pde_nominal,2,661,12,1,134,0,134,1,0,8.28916967113,0
pde_nominal,7,1283,12,1,5,0,5,1,0,19.2185011502,0
pde_nominal,9,773,7,0,116,0,116,1,0,7.39005765969,0
pde_nominal,6,548,7,0,3,0,0,1,0,9.09383021596,0
pde_nominal,8,628,10,1,6,0,2,1,0,5.48205298444,0
pde_nominal,8,1430,10,1,0,0,0,0,0,7.20147037372,0
pde_nominal,0,1041,9,1,11,0,5,1,0,5.36396717912,0
pde_nominal,3,645,10,1,44,0,40,1,0,5.985501498,0
pde_nominal,7,1083,0,0,18,0,18,1,0,7.95394892909,0
pde_nominal,2,655,4,0,26,0,10,1,0,5.44617489518,0
pde_nominal,4,1055,6,0,24,0,7,1,0,4.25152839537,0
pde_nominal,4,1054,5,0,9,0,6,1,0,4.99933218472,0
pde_nominal,5,749,5,0,86,0,68,1,0,4.96510881783,0
pde_nominal,9,767,3,0,145,0,97,1,0,9.19147693646,0
pde_nominal,4,1052,15,1,26,0,26,1,0,3.26036789717,0
pde_nominal,1,501,4,0,19,0,19,1,0,3.20017392702,0
pde_nominal,5,746,11,1,29,0,29,1,0,6.87938933039,0
pde_nominal,9,764,8,1,63,0,63,1,0,7.89524991913,0
pde_nominal,0,1029,6,0,26,0,26,1,0,5.07671544535,0
pde_nominal,9,762,14,1,56,0,56,1,0,5.17115793749,0
pde_nominal,9,761,12,1,22,0,22,1,0,4.78636590717,0
pde_nominal,4,1044,1,0,79,0,79,1,0,4.71548719896,0
pde_nominal,2,644,0,0,65,0,47,1,0,5.26424675391,0
pde_nominal,5,739,9,1,14,0,0,1,0,3.75830468769,0
pde_nominal,9,755,8,1,15,0,4,1,0,5.1518427541,0
pde_nominal,6,531,10,1,87,0,16,1,0,4.13362380703,0
pde_nominal,4,1041,5,0,40,0,7,1,0,4.11622419249,0
pde_nominal,5,736,10,1,60,0,57,1,0,4.37582583729,0
pde_nominal,5,735,8,1,17,0,17,1,0,4.92805708723,0
pde_nominal,7,1072,11,1,36,0,36,1,0,4.94591094423,0
pde_nominal,6,529,7,0,35,21,53,1,1,7.86455469179,0
pde_nominal,9,751,3,0,19,0,15,1,0,4.50576560405,0
pde_nominal,6,527,12,1,37,0,27,1,0,4.61698927452,0
pde_nominal,1,490,8,1,34,0,23,1,0,8.61777682138,0
pde_nominal,3,628,10,1,20,0,12,1,0,3.9174153951,0
pde_nominal,4,1034,6,0,58,0,44,1,0,5.15671102513,0
pde_nominal,4,1033,6,0,44,0,27,1,0,5.98157217916,0
pde_nominal,7,1066,9,1,98,0,98,1,0,4.73198486982,0
pde_nominal,0,1018,15,1,66,0,66,1,0,4.10416351627,0
pde_nominal,9,738,5,0,22,0,8,1,0,5.91186327926,0
pde_nominal,5,721,1,0,21,0,0,1,0,3.47843152992,0
pde_nominal,0,1008,4,0,16,0,1,1,0,5.94047787053,0
pde_nominal,8,602,15,1,5,0,0,1,0,4.32915616434,0
pde_nominal,7,1059,0,0,3,0,3,1,0,6.53328045521,0
pde_nominal,5,711,8,1,37,0,34,1,0,3.66092032639,0
pde_nominal,8,596,13,1,33,0,25,1,0,7.67864354447,0
pde_nominal,2,619,10,1,7,0,7,1,0,5.39191119739,0
pde_nominal,4,1016,4,0,64,0,64,1,0,4.75214605422,0
pde_nominal,2,617,13,1,14,0,0,1,0,4.92994702591,0
pde_nominal,1,471,10,1,5,0,5,1,0,8.31020917294,0
pde_nominal,6,510,1,0,95,0,82,1,0,5.8860491216,0
pde_nominal,2,616,14,1,57,0,54,1,0,6.81878330181,0
pde_nominal,9,727,9,1,14,0,0,1,0,8.70831231974,0
pde_nominal,7,1049,6,0,77,0,77,1,0,8.84365190683,0
pde_nominal,9,722,5,0,11,0,11,1,0,3.82579192322,0
pde_nominal,0,988,11,1,55,0,55,1,0,7.65857708125,0
pde_nominal,8,587,8,1,280,0,280,1,0,14.3691316944,0
pde_nominal,9,719,7,0,63,0,59,1,0,7.52825675658,0
pde_nominal,7,1043,4,0,36,0,36,1,0,5.69101570914,0
pde_nominal,3,609,3,0,52,0,42,1,0,5.13461259074,0
pde_nominal,9,717,2,0,23,0,23,1,0,5.29710864336,0
pde_nominal,3,608,1,0,18,0,18,1,0,3.20892476391,0
pde_nominal,4,1006,15,1,86,0,86,1,0,5.2632073082,0
pde_nominal,7,1042,6,0,153,0,153,1,0,9.46306324639,0
pde_nominal,4,1003,7,0,56,0,56,1,0,3.8687671287,0
pde_nominal,4,1002,0,0,25,0,25,1,0,5.69968177254,0
pde_nominal,6,498,10,1,232,77,282,1,1,14.7368071541,0
pde_nominal,2,590,2,0,11,0,0,1,0,5.30002790295,0
pde_nominal,3,601,12,1,17,0,0,1,0,8.05259906471,0
pde_nominal,1,450,4,0,39,0,0,1,0,8.28103838071,0
pde_nominal,8,577,6,0,190,0,63,1,0,15.4166641945,0
pde_nominal,4,990,1,0,19,0,19,1,0,3.5361614447,0
pde_nominal,2,588,2,0,44,45,67,1,1,16.6867688227,0
pde_nominal,0,977,6,0,41,0,41,1,0,4.14604686165,0
pde_nominal,7,1034,14,1,125,0,125,1,0,6.59657724311,0
pde_nominal,1,448,4,0,55,0,55,1,0,4.67353817858,0
pde_nominal,2,585,12,1,71,0,71,1,0,8.76613107326,0
pde_nominal,0,974,11,1,16,0,16,1,0,4.15429760528,0
pde_nominal,1,445,6,0,4,0,4,1,0,4.04547827666,0
pde_nominal,3,596,8,1,81,0,62,1,0,12.0657865765,0
pde_nominal,9,708,6,0,13,0,0,1,0,2.95458268368,0
pde_nominal,3,594,6,0,5,0,1,1,0,5.61219883167,0
pde_nominal,6,488,5,0,18,0,4,1,0,3.91640734018,0
pde_nominal,9,706,8,1,14,0,4,1,0,5.47053844841,0
pde_nominal,6,487,10,1,20,0,7,1,0,6.73368129624,0
pde_nominal,6,486,9,1,71,0,49,1,0,6.88963191086,0
pde_nominal,3,587,13,1,1,0,1,1,0,4.31165918817,0
pde_nominal,7,1019,11,1,15,0,15,1,0,3.70278978281,0
pde_nominal,4,983,15,1,5,0,5,1,0,6.88298454863,0
pde_nominal,9,700,0,0,10,0,3,1,0,3.08852281277,0
pde_nominal,2,574,11,1,23,0,8,1,0,6.18261282089,0
pde_nominal,0,963,2,0,53,0,47,1,0,4.86215545411,0
pde_nominal,3,582,5,0,36,0,18,1,0,3.49394622132,0
pde_nominal,6,475,7,0,24,0,9,1,0,6.5937221069,0
pde_nominal,1,428,8,1,0,0,0,1,0,5.8413065201,0
pde_nominal,9,695,5,0,35,0,22,1,0,4.64862052669,0
pde_nominal,4,972,9,1,50,0,48,1,0,6.73598539137,0
pde_nominal,4,970,14,1,26,0,11,1,0,7.22899419812,0
pde_nominal,7,1005,15,1,10,0,10,1,0,4.65864287922,0
pde_nominal,3,577,4,0,42,0,22,1,0,6.35615894512,0
pde_nominal,9,686,7,0,42,0,35,1,0,4.26655633766,0
pde_nominal,3,574,4,0,66,0,56,1,0,4.63103731331,0
pde_nominal,6,471,5,0,146,0,119,1,0,7.86994590495,0
pde_nominal,3,573,5,0,11,0,0,1,0,5.75195478494,0
pde_nominal,2,557,4,0,14,0,2,1,0,6.11565441336,0
pde_nominal,3,571,3,0,80,0,57,1,0,8.74886203495,0
pde_nominal,7,987,12,1,8,0,8,1,0,3.53077568834,0
pde_nominal,0,948,6,0,113,0,106,1,0,6.53236753063,0
pde_nominal,9,675,8,1,47,0,47,1,0,4.96755308614,0
pde_nominal,4,954,12,1,23,0,23,1,0,5.27449370141,0
pde_nominal,7,980,5,0,51,0,51,1,0,4.51272186793,0
pde_nominal,8,536,15,1,39,0,32,1,0,4.0884894442,0
pde_nominal,1,405,9,1,149,0,135,1,0,7.68682570382,0
pde_nominal,7,979,10,1,47,19,41,1,1,6.84699660474,0
pde_nominal,4,952,12,1,119,0,88,1,0,7.22513214618,0
pde_nominal,9,666,13,1,43,0,35,1,0,7.92483074523,0
pde_nominal,3,557,14,1,68,0,58,1,0,7.0735829511,0
pde_nominal,6,1406,0,0,0,0,0,1,0,4.93209934811,0
pde_nominal,0,922,1,0,19,0,19,1,0,3.50349811739,0
pde_nominal,5,607,7,0,146,0,146,1,0,7.25575196362,0
pde_nominal,0,918,7,0,21,0,16,1,0,4.61012436008,0
pde_nominal,2,537,3,0,59,0,49,1,0,7.93099215651,0
pde_nominal,5,601,7,0,7,0,3,1,0,3.72624091927,0
pde_nominal,0,915,15,1,12,0,5,1,0,5.39018989509,0
pde_nominal,7,960,4,0,24,0,24,1,0,4.26601268626,0
pde_nominal,9,652,7,0,33,0,27,1,0,4.08774615642,0
pde_nominal,5,599,9,1,85,0,69,1,0,5.84616373707,0
pde_nominal,1,390,10,1,42,0,42,1,0,8.82940781661,0
pde_nominal,3,538,13,1,62,0,62,1,0,6.97643780484,0
pde_nominal,3,1523,13,1,0,0,0,0,0,7.9385094112,0
pde_nominal,1,389,3,0,28,0,28,1,0,10.4182476141,0
pde_nominal,7,957,10,1,17,0,17,1,0,8.25496839862,0
pde_nominal,9,649,3,0,50,0,50,1,0,4.29220319236,0
pde_nominal,7,956,8,1,54,0,54,1,0,4.13327686186,0
pde_nominal,1,387,10,1,80,0,80,1,0,5.65677499529,0
pde_nominal,4,928,0,0,17,0,17,1,0,5.91476309884,0
pde_nominal,0,910,10,1,98,31,129,1,1,12.3183090425,0
pde_nominal,7,955,10,1,122,0,122,1,0,10.0165722355,0
pde_nominal,4,925,0,0,45,0,45,1,0,5.21189598744,0
pde_nominal,4,917,12,1,49,0,49,1,0,9.81971508687,0
pde_nominal,8,499,2,0,34,0,20,1,0,5.27337967908,0
pde_nominal,1,374,4,0,15,0,4,1,0,2.81580488801,0
pde_nominal,4,912,7,0,77,0,70,1,0,4.97696322638,0
pde_nominal,6,403,2,0,38,0,34,1,0,6.36477306801,0
pde_nominal,6,400,8,1,34,0,34,1,0,3.1685367666,0
pde_nominal,6,1407,8,1,0,0,0,0,0,9.59572225637,0
pde_nominal,7,940,14,1,18,0,18,1,0,3.40844106701,0
pde_nominal,7,939,8,1,78,0,78,1,0,6.51536015601,0
pde_nominal,6,397,10,1,134,0,134,1,0,9.42124992068,0
pde_nominal,1,367,1,0,234,0,231,1,0,11.7397528397,0
pde_nominal,2,508,12,1,45,0,35,1,0,15.4800254496,0
pde_nominal,5,578,5,0,125,0,112,1,0,11.3749354115,0
pde_nominal,4,899,12,1,159,0,156,1,0,9.33992876849,0
pde_nominal,9,612,2,0,71,0,59,1,0,4.78319378837,0
pde_nominal,8,484,6,0,19,0,19,1,0,4.36979542916,0
pde_nominal,8,483,6,0,39,0,39,1,0,6.40582261214,0
pde_nominal,5,572,12,1,41,0,29,1,0,7.28379246298,0
pde_nominal,5,571,9,1,4,0,3,1,0,4.63519309083,0
pde_nominal,6,382,1,0,88,0,77,1,0,9.2901132726,0
pde_nominal,6,380,13,1,44,0,44,1,0,4.48402106056,0
pde_nominal,8,477,7,0,35,0,23,1,0,8.66326336549,0
pde_nominal,9,603,15,1,62,0,54,1,0,6.58717835611,0
pde_nominal,7,917,1,0,62,0,62,1,0,4.29190495138,0
pde_nominal,2,478,6,0,24,0,0,1,0,7.50470068422,0
pde_nominal,7,906,14,1,20,0,20,1,0,7.8205862051,0
pde_nominal,2,474,9,1,27,0,27,1,0,5.02609763743,0
pde_nominal,5,546,3,0,114,0,104,1,0,7.64126372717,0
pde_nominal,8,464,0,0,18,0,18,1,0,3.93059580724,0
pde_nominal,7,900,6,0,37,0,37,1,0,6.05723805774,0
pde_nominal,7,899,12,1,21,0,21,1,0,4.5941405934,0
pde_nominal,2,465,10,1,50,0,50,1,0,8.45182214186,0
pde_nominal,1,341,9,1,106,0,106,1,0,6.26191401056,0
pde_nominal,8,460,12,1,14,0,11,1,0,9.45973825416,0
pde_nominal,2,464,1,0,37,0,35,1,0,8.91794009895,0
pde_nominal,4,870,0,0,45,0,45,1,0,3.72533208798,0
pde_nominal,8,453,9,1,24,0,24,1,0,6.54618535999,0
pde_nominal,1,333,4,0,132,0,125,1,0,7.11324138723,0
pde_nominal,5,539,4,0,53,0,21,1,0,4.18031619778,0
pde_nominal,0,847,15,1,28,0,1,1,0,7.81026304439,0
pde_nominal,4,867,11,1,162,0,109,1,0,8.28142551935,0
pde_nominal,3,482,0,0,5,0,0,1,0,4.46034130641,0
pde_nominal,1,327,12,1,46,0,6,1,0,5.96899804413,0
pde_nominal,1,324,2,0,17,0,15,1,0,6.70129470665,0
pde_nominal,3,481,13,1,24,1,16,1,1,7.184889753,0
pde_nominal,9,576,4,0,41,0,16,1,0,9.24503683017,0
pde_nominal,8,441,4,0,1,0,0,1,0,4.70115913593,0
pde_nominal,0,841,9,1,29,0,1,1,0,4.75627357896,0
pde_nominal,9,574,9,1,59,0,33,1,0,11.4318512576,0
pde_nominal,1,322,12,1,99,0,62,1,0,6.27016200063,0
pde_nominal,6,355,10,1,82,0,49,1,0,13.9756039917,0
pde_nominal,9,573,13,1,47,0,37,1,0,9.0304768957,0
pde_nominal,8,438,1,0,3,0,0,1,0,4.66095874561,0
pde_nominal,0,831,5,0,13,0,13,1,0,3.16187513894,0
pde_nominal,3,474,11,1,83,0,71,1,0,4.06060052741,0
pde_nominal,6,351,8,1,35,0,14,1,0,5.31966920631,0
pde_nominal,0,820,12,1,8,0,7,1,0,4.52108889687,0
pde_nominal,4,852,12,1,87,0,42,1,0,6.93287448715,0
pde_nominal,6,348,2,0,25,0,16,1,0,6.20038228869,0
pde_nominal,2,436,2,0,17,0,17,1,0,4.26394508909,0
pde_nominal,9,570,11,1,31,0,24,1,0,5.47813830722,0
pde_nominal,9,567,7,0,65,0,42,1,0,5.16697677272,0
pde_nominal,4,850,2,0,71,0,65,1,0,7.52239192329,0
pde_nominal,9,564,1,0,66,0,66,1,0,9.58921337514,0
pde_nominal,0,813,4,0,19,0,18,1,0,4.00117011631,0
pde_nominal,1,308,1,0,128,0,124,1,0,6.58055594026,0
pde_nominal,0,812,0,0,19,0,13,1,0,4.22490999182,0
pde_nominal,9,560,7,0,11,0,4,1,0,8.41742308479,0
pde_nominal,0,811,4,0,57,0,51,1,0,5.28842237695,0
pde_nominal,4,843,13,1,18,0,18,1,0,4.26900229723,0
pde_nominal,6,340,13,1,50,0,50,1,0,6.77425630755,0
pde_nominal,1,303,3,0,32,0,32,1,0,5.0436691268,0
pde_nominal,8,420,7,0,88,0,88,1,0,6.30484176063,0
pde_nominal,2,425,11,1,25,0,25,1,0,6.48724785987,0
pde_nominal,1,302,8,1,100,0,100,1,0,6.49657190367,0
pde_nominal,8,419,0,0,101,0,68,1,0,8.31776390827,0
pde_nominal,5,506,0,0,108,0,80,1,0,7.38006312058,0
pde_nominal,9,555,14,1,17,0,17,1,0,3.50629222889,0
pde_nominal,2,419,9,1,42,0,34,1,0,8.32358177589,0
pde_nominal,6,332,4,0,10,0,10,1,0,5.73979216181,0
pde_nominal,6,1408,4,0,0,0,0,0,0,8.5775574691,0
pde_nominal,8,413,14,1,30,0,30,1,0,4.29486011859,0
pde_nominal,8,411,11,1,63,0,63,1,0,4.54143639504,0
pde_nominal,7,851,6,0,58,0,58,1,0,4.65510092214,0
pde_nominal,9,553,9,1,168,0,162,1,0,9.30325468338,0
pde_nominal,7,849,3,0,82,0,82,1,0,6.0770256546,0
pde_nominal,4,830,4,0,105,0,85,1,0,7.18660352311,0
pde_nominal,6,322,9,1,26,0,9,1,0,3.61343642633,0
pde_nominal,2,404,0,0,2,0,0,1,0,5.37983443674,0
pde_nominal,3,449,11,1,4,0,2,1,0,4.28898357245,0
pde_nominal,0,792,10,1,29,0,27,1,0,4.21709325373,0
pde_nominal,6,319,15,1,21,0,18,1,0,5.43104479188,0
pde_nominal,6,1409,15,1,0,0,0,0,0,8.04633254429,0
pde_nominal,5,491,13,1,38,0,37,1,0,4.13901922032,0
pde_nominal,5,490,5,0,10,0,6,1,0,7.23371211055,0
pde_nominal,0,787,10,1,21,18,35,1,1,7.03737564719,0
pde_nominal,0,786,1,0,26,0,26,1,0,4.49281642598,0
pde_nominal,7,843,3,0,58,0,58,1,0,5.15713043438,0
pde_nominal,4,823,8,1,85,0,76,1,0,6.5694593547,0
pde_nominal,7,841,14,1,10,0,10,1,0,7.27234499705,0
pde_nominal,1,271,9,1,28,0,28,1,0,5.30960788584,0
pde_nominal,5,484,8,1,80,0,64,1,0,9.26069242899,0
pde_nominal,6,310,15,1,59,0,37,1,0,4.62106075742,0
pde_nominal,2,387,6,0,16,0,7,1,0,5.40604178362,0
pde_nominal,7,834,2,0,63,31,58,1,1,9.23157861925,0
pde_nominal,3,432,4,0,33,0,33,1,0,4.22553216429,0
pde_nominal,1,264,15,1,76,0,50,1,0,3.86913467363,0
pde_nominal,5,477,7,0,24,0,24,1,0,4.8301161428,0
pde_nominal,3,429,15,1,16,0,16,1,0,5.14269656023,0
pde_nominal,9,533,0,0,52,33,77,1,1,10.9429852961,0
pde_nominal,3,424,5,0,47,0,24,1,0,4.77341245722,0
pde_nominal,9,530,12,1,44,0,44,1,0,6.21215685399,0
pde_nominal,7,821,11,1,80,0,80,1,0,6.04489682884,0
pde_nominal,0,758,12,1,34,0,1,1,0,5.92759406259,0
pde_nominal,0,756,15,1,9,0,0,1,0,3.54054595724,0
pde_nominal,1,250,0,0,10,0,0,1,0,6.87516908229,0
pde_nominal,0,753,11,1,20,0,0,1,0,7.19854900081,0
pde_nominal,8,384,4,0,29,0,25,1,0,5.67675152862,0
pde_nominal,4,802,14,1,57,0,37,1,0,4.47409541283,0
pde_nominal,0,752,14,1,47,0,37,1,0,6.01702210849,0
pde_nominal,6,285,6,0,41,0,7,1,0,6.20409331401,0
pde_nominal,6,281,10,1,83,0,83,1,0,6.5391022792,0
pde_nominal,0,747,11,1,14,0,14,1,0,9.69080182891,0
pde_nominal,8,377,4,0,51,0,51,1,0,4.71093928347,0
pde_nominal,9,511,15,1,10,0,6,1,0,3.70857999282,0
pde_nominal,1,243,9,1,28,0,21,1,0,6.92846660834,0
pde_nominal,6,275,3,0,24,0,19,1,0,5.81986509083,0
pde_nominal,2,358,9,1,7,0,7,1,0,3.61727408716,0
pde_nominal,9,505,14,1,4,0,0,1,0,3.53816688455,0
pde_nominal,3,403,6,0,18,0,0,1,0,5.57084516286,0
pde_nominal,5,456,8,1,37,0,22,1,0,4.16220405408,0
pde_nominal,9,504,7,0,18,0,0,1,0,8.07988175604,0
pde_nominal,5,455,10,1,45,0,32,1,0,5.42260149185,0
pde_nominal,2,353,14,1,8,3,0,1,1,7.28367337497,0
pde_nominal,1,230,1,0,56,0,34,1,0,4.82110911736,0
pde_nominal,4,784,12,1,54,25,41,1,1,7.98492761466,0
pde_nominal,3,394,11,1,15,0,15,1,0,3.40599514148,0
pde_nominal,6,264,5,0,71,0,54,1,0,12.266994539,0
pde_nominal,8,365,12,1,105,0,82,1,0,9.27029809872,0
pde_nominal,5,449,13,1,155,0,98,1,0,9.87434171497,0
pde_nominal,0,726,11,1,20,0,19,1,0,9.46484855899,0
pde_nominal,0,724,10,1,46,0,46,1,0,4.22821648075,0
pde_nominal,4,777,4,0,62,0,59,1,0,4.83147170257,0
pde_nominal,5,443,12,1,31,0,27,1,0,6.92329624089,0
pde_nominal,9,494,9,1,3,0,3,1,0,4.56849088111,0
pde_nominal,0,717,2,0,38,0,9,1,0,7.55642375331,0
pde_nominal,7,782,5,0,13,0,13,1,0,3.83334351219,0
pde_nominal,1,226,2,0,57,0,44,1,0,7.61412055702,0
pde_nominal,9,492,5,0,81,0,64,1,0,9.67575181388,0
pde_nominal,3,384,0,0,86,0,80,1,0,5.36610998006,0
pde_nominal,5,440,0,0,97,0,87,1,0,10.4076600911,0
pde_nominal,6,252,10,1,43,0,31,1,0,15.8572176762,0
pde_nominal,2,338,7,0,10,0,10,1,0,3.45158459921,0
pde_nominal,5,436,15,1,6,0,6,1,0,7.08541754216,0
pde_nominal,4,762,4,0,74,0,74,1,0,6.56818137906,0
pde_nominal,6,241,5,0,6,0,6,1,0,3.03595631491,0
pde_nominal,4,760,2,0,71,0,71,1,0,7.32192626803,0
pde_nominal,6,239,11,1,34,0,18,1,0,5.69698644492,0
pde_nominal,5,432,12,1,9,0,0,1,0,3.85817126894,0
pde_nominal,1,219,3,0,185,0,137,1,0,11.2205476988,0
pde_nominal,8,334,4,0,33,0,20,1,0,4.09686787156,0
pde_nominal,9,483,15,1,25,0,21,1,0,4.31794955702,0
pde_nominal,3,376,14,1,56,0,49,1,0,10.1378980635,0
pde_nominal,8,333,11,1,66,0,66,1,0,3.36878771667,0
pde_nominal,8,1437,11,1,0,0,0,0,0,7.08401374382,0
pde_nominal,2,330,0,0,77,0,77,1,0,5.11058420242,0
pde_nominal,4,751,14,1,13,0,13,1,0,3.37905872256,0
pde_nominal,8,323,1,0,9,0,9,1,0,3.51170821226,0
pde_nominal,4,748,10,1,8,0,7,1,0,3.5406660583,0
pde_nominal,2,327,13,1,51,0,45,1,0,9.97268135156,0
pde_nominal,9,476,0,0,30,0,26,1,0,5.44572720685,0
pde_nominal,4,742,15,1,60,0,42,1,0,7.45157577124,0
pde_nominal,1,212,3,0,92,0,64,1,0,10.9508622415,0
pde_nominal,3,359,11,1,7,0,7,1,0,5.3295271991,0
pde_nominal,2,315,3,0,7,0,7,1,0,4.58451076504,0
pde_nominal,3,356,7,0,4,0,4,1,0,8.76038239974,0
pde_nominal,2,312,15,1,12,0,12,1,0,4.67845712625,0
pde_nominal,1,204,3,0,0,0,0,1,0,4.41449773572,0
pde_nominal,3,354,2,0,16,0,16,1,0,6.27392339158,0
pde_nominal,5,410,2,0,87,11,96,1,1,6.53640901413,0
pde_nominal,6,224,5,0,136,0,132,1,0,10.8925699215,0
pde_nominal,9,462,5,0,81,0,81,1,0,4.2068299715,0
pde_nominal,8,301,14,1,42,0,42,1,0,6.08142415187,0
pde_nominal,0,686,13,1,149,0,148,1,0,8.21395724263,0
pde_nominal,6,220,6,0,100,0,100,1,0,4.21938759062,0
pde_nominal,9,459,15,1,39,0,19,1,0,10.6224053891,0
pde_nominal,1,202,0,0,124,0,54,1,0,7.69002689443,0
pde_nominal,6,218,13,1,64,0,1,1,0,6.32099668179,0
pde_nominal,4,718,4,0,13,0,13,1,0,5.27567405431,0
pde_nominal,9,456,11,1,73,0,27,1,0,5.84231216201,0
pde_nominal,4,714,4,0,24,0,24,1,0,3.50140953661,0
pde_nominal,9,453,13,1,6,0,6,1,0,4.66221166158,0
pde_nominal,2,1540,12,1,5,0,5,1,0,6.29155562662,0
pde_nominal,5,397,5,0,36,0,16,1,0,3.8761686582,0
pde_nominal,3,336,12,1,14,0,0,1,0,3.82404098358,0
pde_nominal,4,708,14,1,84,0,62,1,0,4.99297961421,0
pde_nominal,4,705,13,1,22,0,22,1,0,4.13920238943,0
pde_nominal,9,1564,4,0,18,0,7,1,0,9.88110653762,0
pde_nominal,5,392,5,0,110,0,78,1,0,6.22285518926,0
pde_nominal,0,670,11,1,61,0,57,1,0,6.41414878254,0
pde_nominal,4,692,11,1,19,0,18,1,0,4.03530582399,0
pde_nominal,2,278,2,0,47,3,38,1,1,5.29673321625,0
pde_nominal,4,690,14,1,82,0,47,1,0,5.96408958333,0
pde_nominal,1,184,10,1,13,0,0,1,0,6.11172287501,0
pde_nominal,6,195,0,0,50,0,8,1,0,5.70643982757,0
pde_nominal,7,2103,1,0,97,0,97,1,0,5.18033959192,0
pde_nominal,9,437,3,0,85,0,73,1,0,6.98996076169,0
pde_nominal,5,379,4,0,27,0,6,1,0,3.47498933564,0
pde_nominal,1,180,4,0,10,0,5,1,0,3.75494551434,0
pde_nominal,2,266,1,0,19,0,19,1,0,9.95143073256,0
pde_nominal,1,177,2,0,37,0,37,1,0,4.71710978805,0
pde_nominal,7,2096,1,0,37,0,37,1,0,5.52093078203,0
pde_nominal,0,653,15,1,21,0,21,1,0,4.84586151249,0
pde_nominal,4,679,0,0,30,0,30,1,0,8.14391897801,0
pde_nominal,6,190,3,0,78,0,78,1,0,5.77768429354,0
pde_nominal,8,272,4,0,22,0,22,1,0,6.26372759579,0
pde_nominal,8,271,8,1,34,0,34,1,0,3.84151709292,0
pde_nominal,1,174,5,0,4,0,4,1,0,8.50772343417,0
pde_nominal,7,2093,10,1,46,0,46,1,0,3.71768799758,0
pde_nominal,1,170,7,0,59,0,37,1,0,5.98854460614,0
pde_nominal,6,181,0,0,43,0,22,1,0,5.03734734291,0
pde_nominal,2,259,13,1,37,0,17,1,0,4.63580285315,0
pde_nominal,1,162,4,0,106,0,86,1,0,7.04564851426,0
pde_nominal,8,266,15,1,84,0,63,1,0,6.63768475877,0
pde_nominal,3,296,8,1,45,0,24,1,0,4.67016601731,0
pde_nominal,8,264,15,1,7,0,0,1,0,7.22912566377,0
pde_nominal,6,173,14,1,14,0,3,1,0,4.47577958981,0
pde_nominal,4,669,6,0,139,0,85,1,0,8.64423377419,0
pde_nominal,4,668,12,1,49,0,49,1,0,5.40021994541,0
pde_nominal,3,289,10,1,47,0,47,1,0,7.93571439409,0
pde_nominal,7,2075,2,0,61,0,61,1,0,4.8240209164,0
pde_nominal,5,357,1,0,9,0,9,1,0,4.39694174465,0
pde_nominal,6,167,9,1,23,0,23,1,0,13.4262552639,0
pde_nominal,1,150,7,0,102,0,99,1,0,5.88408561393,0
pde_nominal,5,353,10,1,50,0,40,1,0,6.28704694406,0
pde_nominal,0,634,15,1,14,0,0,1,0,6.01884465612,0
pde_nominal,6,164,0,0,50,0,7,1,0,6.2991735294,0
pde_nominal,4,658,6,0,9,0,9,1,0,7.26100674543,0
pde_nominal,5,346,0,0,16,0,6,1,0,5.88015155009,0
pde_nominal,3,277,7,0,94,0,75,1,0,7.25531528846,0
pde_nominal,4,657,14,1,46,0,22,1,0,8.05041140927,0
pde_nominal,6,161,12,1,219,0,137,1,0,12.8053791544,0
pde_nominal,2,232,15,1,30,0,4,1,0,4.8514707988,0
pde_nominal,8,250,6,0,46,0,0,1,0,5.84508152933,0
pde_nominal,3,271,6,0,17,0,0,1,0,4.34277223714,0
pde_nominal,3,270,7,0,22,0,4,1,0,3.99503916077,0
pde_nominal,2,226,8,1,33,0,32,1,0,12.2363548646,0
pde_nominal,0,615,1,0,63,0,52,1,0,8.27739487425,0
pde_nominal,7,2060,2,0,57,0,57,1,0,4.42253289557,0
pde_nominal,9,397,15,1,18,0,18,1,0,6.5522251419,0
pde_nominal,6,151,2,0,62,0,62,1,0,5.41615358669,0
pde_nominal,1,129,2,0,7,0,0,1,0,7.42844517525,0
pde_nominal,8,243,13,1,81,0,40,1,0,5.75180826843,0
pde_nominal,5,327,6,0,21,0,0,1,0,13.2187368423,0
pde_nominal,5,325,6,0,49,0,10,1,0,4.15446804472,0
pde_nominal,7,2055,15,1,18,0,18,1,0,4.74500972381,0
pde_nominal,0,598,5,0,21,0,21,1,0,6.82900631891,0
pde_nominal,6,142,15,1,29,0,29,1,0,3.67053105077,0
pde_nominal,1,117,3,0,66,0,66,1,0,7.59842339706,0
pde_nominal,9,389,1,0,77,0,77,1,0,5.69554711281,0
pde_nominal,3,253,4,0,20,0,16,1,0,5.6379864688,0
pde_nominal,8,232,1,0,68,0,61,1,0,5.37920006787,0
pde_nominal,5,317,11,1,9,0,9,1,0,3.47974721839,0
pde_nominal,2,215,0,0,66,0,49,1,0,5.14028082523,0
pde_nominal,9,384,2,0,47,0,25,1,0,3.8053943119,0
pde_nominal,5,313,13,1,17,0,0,1,0,3.09409320824,0
pde_nominal,9,382,13,1,27,0,1,1,0,7.22021804011,0
pde_nominal,4,629,9,1,8,0,6,1,0,3.71998879164,0
pde_nominal,1,108,12,1,56,0,49,1,0,4.07361629494,0
pde_nominal,6,128,9,1,64,0,55,1,0,9.52150020303,0
pde_nominal,9,380,13,1,115,0,109,1,0,8.49308901106,0
pde_nominal,5,306,14,1,27,0,27,1,0,4.46820620341,0
pde_nominal,5,1626,14,1,0,0,0,0,0,7.3590651541,0
pde_nominal,8,220,0,0,46,0,45,1,0,4.01360667901,0
pde_nominal,3,244,13,1,36,0,25,1,0,5.40041008274,0
pde_nominal,3,243,11,1,12,0,11,1,0,7.29882824519,0
pde_nominal,0,585,3,0,22,0,22,1,0,4.10355190996,0
pde_nominal,8,217,7,0,40,0,40,1,0,3.8371486643,0
pde_nominal,4,624,11,1,108,0,104,1,0,7.13610588679,0
pde_nominal,6,125,4,0,59,0,59,1,0,7.18849460395,0
pde_nominal,3,240,7,0,104,0,102,1,0,11.3717516214,0
pde_nominal,7,2037,8,1,67,0,67,1,0,4.03890222989,0
pde_nominal,2,201,15,1,45,0,37,1,0,6.94684336502,0
pde_nominal,9,366,5,0,15,0,1,1,0,5.20929300143,0
pde_nominal,3,237,7,0,132,0,115,1,0,6.45305200524,0
pde_nominal,4,618,11,1,55,0,19,1,0,5.97399044653,0
pde_nominal,2,198,15,1,49,0,30,1,0,5.18724017981,0
pde_nominal,6,111,0,0,89,0,84,1,0,5.68362524305,0
pde_nominal,9,356,10,1,55,0,54,1,0,5.7160473884,0
pde_nominal,4,616,6,0,83,48,124,1,1,6.00394790353,0
pde_nominal,2,193,10,1,35,0,0,1,0,4.20907711181,0
pde_nominal,3,232,3,0,36,0,15,1,0,4.60245393183,0
pde_nominal,7,2020,6,0,36,0,36,1,0,5.9580960122,0
pde_nominal,3,230,2,0,21,0,21,1,0,4.50000504695,0
pde_nominal,0,557,12,1,42,0,42,1,0,5.75276214676,0
pde_nominal,7,2017,1,0,185,0,185,1,0,10.2791255072,0
pde_nominal,5,287,7,0,179,0,179,1,0,9.82895564975,0
pde_nominal,9,353,5,0,59,0,59,1,0,6.27242834989,0
pde_nominal,8,192,0,0,47,0,45,1,0,7.4046024966,0
pde_nominal,2,181,14,1,14,0,12,1,0,5.60309375658,0
pde_nominal,8,185,2,0,28,0,16,1,0,5.83769326578,0
pde_nominal,4,604,1,0,84,0,66,1,0,5.390752849,0
pde_nominal,5,282,9,1,104,0,85,1,0,7.27714948531,0
pde_nominal,5,277,5,0,24,0,24,1,0,6.0776762088,0
pde_nominal,2,176,5,0,74,0,74,1,0,14.6917916839,0
pde_nominal,0,549,3,0,38,0,38,1,0,6.26806831207,0
pde_nominal,8,175,4,0,74,0,74,1,0,6.54128704712,0
pde_nominal,0,547,1,0,49,0,49,1,0,3.83638076827,0
pde_nominal,0,545,4,0,21,0,8,1,0,3.57792880877,0
pde_nominal,3,210,5,0,55,0,55,1,0,6.33283630907,0
pde_nominal,4,588,12,1,76,0,76,1,0,4.94903283218,0
pde_nominal,6,72,4,0,70,0,70,1,0,3.28487786428,0
pde_nominal,1,66,5,0,225,0,216,1,0,10.5637483739,0
pde_nominal,2,167,12,1,35,0,35,1,0,4.49036736323,0
pde_nominal,8,161,10,1,42,0,42,1,0,3.48145776827,0
pde_nominal,9,323,8,1,63,0,63,1,0,3.63448443237,0
pde_nominal,5,261,15,1,67,0,67,1,0,3.78101199246,0
pde_nominal,3,199,10,1,19,0,19,1,0,4.31406146225,0
pde_nominal,7,1992,12,1,135,0,135,1,0,6.38631632445,0
pde_nominal,8,155,9,1,34,0,34,1,0,4.10309879967,0
pde_nominal,9,318,8,1,132,0,132,1,0,5.09388953688,0
pde_nominal,6,55,1,0,44,0,2,1,0,3.38534219182,0
pde_nominal,9,314,11,1,26,0,0,1,0,4.72652054337,0
pde_nominal,7,1981,11,1,59,0,59,1,0,7.77257581752,0
pde_nominal,7,1979,7,0,28,0,28,1,0,4.25077050411,0
pde_nominal,5,250,5,0,49,0,46,1,0,6.47423440782,0
pde_nominal,4,574,15,1,85,0,74,1,0,6.45646923276,0
pde_nominal,7,1977,8,1,22,0,22,1,0,3.97768704229,0
pde_nominal,8,149,11,1,41,0,41,1,0,4.98288133547,0
pde_nominal,5,245,15,1,12,0,12,1,0,3.90383979428,0
pde_nominal,6,48,0,0,88,0,76,1,0,4.62955495751,0
pde_nominal,2,142,0,0,52,0,50,1,0,5.03333320947,0
pde_nominal,0,522,9,1,27,0,16,1,0,5.09575914892,0
pde_nominal,1,19,0,0,236,0,216,1,0,11.1536697624,0
pde_nominal,3,179,3,0,24,0,0,1,0,8.6188062032,0
pde_nominal,7,1960,15,1,44,0,44,1,0,5.54557305801,0
pde_nominal,1,13,7,0,98,0,94,1,0,4.26458528625,0
pde_nominal,4,552,13,1,54,0,54,1,0,6.42690781332,0
pde_nominal,7,1953,11,1,14,0,14,1,0,3.21323827337,0
pde_nominal,8,125,3,0,59,29,76,1,1,6.77682532576,0
pde_nominal,8,1441,2,0,0,0,0,0,0,10.3221020553,0
pde_nominal,5,223,14,1,40,0,40,1,0,3.59743650006,0
pde_nominal,8,124,1,0,70,0,70,1,0,7.01503395376,0
pde_nominal,4,543,0,0,97,0,93,1,0,7.00982088449,0
pde_nominal,9,283,5,0,16,0,1,1,0,3.34381430278,0
pde_nominal,0,510,6,0,19,0,6,1,0,4.64449887886,0
pde_nominal,9,278,5,0,41,0,41,1,0,5.29227792503,0
pde_nominal,2,125,10,1,19,0,19,1,0,5.1866247418,0
pde_nominal,6,34,2,0,234,0,148,1,0,12.8283728562,0
pde_nominal,2,124,9,1,108,0,108,1,0,9.16197254979,0
pde_nominal,2,1542,9,1,0,0,0,0,0,11.283446087,0
pde_nominal,7,1946,11,1,215,0,215,1,0,13.1358267506,0
pde_nominal,9,271,13,1,75,0,40,1,0,4.29010239477,0
pde_nominal,0,500,15,1,38,0,37,1,0,11.5205545549,0
pde_nominal,0,1944,15,1,0,0,0,0,0,12.2494109874,0
pde_nominal,4,536,3,0,64,0,47,1,0,8.20897277118,0
pde_nominal,5,200,2,0,13,0,13,1,0,6.07084008608,0
pde_nominal,9,267,0,0,52,0,52,1,0,4.49945508179,0
pde_nominal,9,266,12,1,16,0,16,1,0,6.22948786726,0
pde_nominal,1,2947,8,1,5,0,5,1,0,10.5882992446,0
pde_nominal,7,1935,3,0,63,0,63,1,0,5.8711317951,0
pde_nominal,2,115,6,0,79,0,79,1,0,4.77079587625,0
pde_nominal,5,195,1,0,32,0,32,1,0,5.05564222594,0
pde_nominal,5,193,15,1,12,0,0,1,0,5.53328749508,0
pde_nominal,3,151,3,0,40,0,40,1,0,7.2716431446,0
pde_nominal,4,524,5,0,58,0,58,1,0,5.89238584641,0
pde_nominal,7,1929,9,1,23,0,23,1,0,6.02077482298,0
pde_nominal,1,2939,2,0,10,0,5,1,0,7.23347511068,0
pde_nominal,0,483,7,0,85,53,100,1,1,8.45889878739,0
pde_nominal,2,96,11,1,95,0,54,1,0,5.79877409507,0
pde_nominal,4,520,5,0,69,0,50,1,0,5.37663966341,0
pde_nominal,1,2928,10,1,58,0,58,1,0,5.51074107829,0
pde_nominal,0,476,8,1,7,0,7,1,0,5.87071102177,0
pde_nominal,0,473,10,1,21,0,3,1,0,3.97171218129,0
pde_nominal,8,75,6,0,46,0,3,1,0,4.50224594504,0
pde_nominal,3,136,13,1,46,0,0,1,0,8.21409783132,0
pde_nominal,6,3084,4,0,68,0,17,1,0,8.37304380534,0
pde_nominal,9,240,11,1,37,0,37,1,0,5.08139926274,0
pde_nominal,7,1909,6,0,46,0,46,1,0,4.65401916611,0
pde_nominal,9,238,7,0,26,0,0,1,0,6.21211265144,0
pde_nominal,4,510,3,0,17,0,1,1,0,5.4513421661,0
pde_nominal,0,467,14,1,25,0,25,1,0,3.91161410994,0
pde_nominal,0,466,12,1,26,0,26,1,0,5.43130324555,0
pde_nominal,1,2912,8,1,41,0,41,1,0,4.67270000014,0
pde_nominal,6,3076,5,0,13,0,13,1,0,3.13970781535,0
pde_nominal,1,2911,12,1,34,28,41,1,1,7.92030642195,0
pde_nominal,6,3074,5,0,2,0,0,1,0,3.79208189321,0
pde_nominal,1,2910,4,0,16,0,2,1,0,4.71043454872,0
pde_nominal,6,3072,1,0,31,0,21,1,0,4.89471096065,0
pde_nominal,7,1897,14,1,9,0,9,1,0,2.81367813616,0
pde_nominal,3,130,1,0,46,0,46,1,0,5.50604655498,0
pde_nominal,6,3090,14,1,29,0,25,1,0,8.3460442181,0
pde_nominal,2,71,1,0,59,0,45,1,0,4.48700539441,0
pde_nominal,4,498,7,0,63,0,41,1,0,5.02150678584,0
pde_nominal,0,459,11,1,72,19,59,1,1,8.17779144372,0
pde_nominal,0,1946,11,1,0,0,0,0,0,9.08288751702,0
pde_nominal,0,457,11,1,9,0,8,1,0,4.58188570395,0
pde_nominal,0,456,2,0,19,0,19,1,0,4.83532442816,0
pde_nominal,7,1888,6,0,28,0,28,1,0,3.09220848534,0
pde_nominal,8,57,8,1,39,0,34,1,0,3.24121112703,0
pde_nominal,8,56,11,1,37,0,35,1,0,3.28126845645,0
pde_nominal,6,3066,2,0,7,0,0,1,0,4.83014484402,0
pde_nominal,6,3065,11,1,24,0,16,1,0,6.62146335623,0
pde_nominal,1,2897,6,0,50,0,42,1,0,7.29006325315,0
pde_nominal,3,122,8,1,36,0,36,1,0,4.25964373576,0
pde_nominal,4,490,7,0,47,0,47,1,0,5.68746777494,0
pde_nominal,7,1881,12,1,82,0,82,1,0,5.44316832407,0
pde_nominal,2,58,4,0,25,0,0,1,0,3.28486829599,0
pde_nominal,1,2891,12,1,44,0,16,1,0,4.76196568052,0
pde_nominal,9,220,4,0,23,0,12,1,0,4.18001846318,0
pde_nominal,3,118,2,0,11,0,10,1,0,4.77732603675,0
pde_nominal,0,442,12,1,26,0,24,1,0,3.99433805082,0
pde_nominal,1,2888,10,1,42,0,41,1,0,4.56313350254,0
pde_nominal,3,117,3,0,100,0,78,1,0,10.2100545973,0
pde_nominal,0,440,15,1,13,0,11,1,0,3.03868891945,0
pde_nominal,4,481,2,0,8,0,3,1,0,4.49526382255,0
pde_nominal,1,2884,4,0,50,0,16,1,0,7.47364865528,0
pde_nominal,0,439,6,0,47,0,11,1,0,9.41874330283,0
pde_nominal,8,51,11,1,153,0,80,1,0,7.8579735403,0
pde_nominal,1,2883,7,0,60,0,59,1,0,6.65674646038,0
pde_nominal,6,3052,13,1,26,16,42,1,1,8.18824938539,0
pde_nominal,2,47,9,1,73,0,73,1,0,3.2946589584,0
pde_nominal,3,104,13,1,72,0,72,1,0,5.80676404255,0
pde_nominal,0,1947,0,0,150,0,150,1,0,9.08821143127,0
pde_nominal,5,149,8,1,1,0,0,1,0,3.88925913223,0
pde_nominal,9,213,3,0,32,0,23,1,0,6.73365536109,0
pde_nominal,5,148,14,1,32,0,0,1,0,3.73235544262,0
pde_nominal,6,3049,4,0,61,0,38,1,0,4.80997425784,0
pde_nominal,9,206,8,1,11,0,11,1,0,5.40923940988,0
pde_nominal,7,1864,7,0,56,0,56,1,0,4.14858021234,0
pde_nominal,5,142,5,0,23,0,23,1,0,6.14527219436,0
pde_nominal,9,204,13,1,23,0,23,1,0,6.62795470547,0
pde_nominal,1,2873,4,0,44,0,44,1,0,4.71296570499,0
pde_nominal,6,3046,9,1,60,0,57,1,0,3.70624913408,0
pde_nominal,7,1858,3,0,15,0,15,1,0,8.3708672155,0
pde_nominal,2,36,2,0,73,0,73,1,0,4.16649904699,0
pde_nominal,4,461,3,0,68,0,68,1,0,4.38057983105,0
pde_nominal,9,200,2,0,67,0,67,1,0,4.71797854601,0
pde_nominal,4,459,1,0,8,0,8,1,0,4.22833146516,0
pde_nominal,2,31,1,0,103,0,97,1,0,4.49552509764,0
pde_nominal,3,86,3,0,74,0,54,1,0,3.28354436075,0
pde_nominal,1,2865,15,1,117,0,112,1,0,7.77673809086,0
pde_nominal,4,450,12,1,3,0,3,1,0,5.52560752266,0
pde_nominal,2,25,13,1,81,0,81,1,0,4.23570750923,0
pde_nominal,0,415,2,0,29,0,29,1,0,6.49143685038,0
pde_nominal,6,3024,5,0,14,0,14,1,0,3.66329739313,0
pde_nominal,2,24,0,0,108,0,108,1,0,4.63944944607,0
pde_nominal,7,1844,9,1,9,0,9,1,0,8.07209955381,0
pde_nominal,6,3017,6,0,18,0,1,1,0,4.08339598471,0
pde_nominal,5,117,5,0,35,0,12,1,0,5.25227746191,0
pde_nominal,2,12,10,1,48,0,35,1,0,3.24586892181,0
pde_nominal,1,2852,7,0,49,0,32,1,0,9.20506411525,0
pde_nominal,1,2849,9,1,21,10,31,1,1,6.10047076383,0
pde_nominal,7,1836,1,0,35,0,35,1,0,3.95423779845,0
pde_nominal,9,176,14,1,14,0,14,1,0,3.29207448358,0
pde_nominal,7,1835,6,0,45,0,45,1,0,4.40084997084,0
pde_nominal,4,429,2,0,72,0,57,1,0,5.24707146644,0
pde_nominal,7,1829,8,1,13,0,13,1,0,4.30943744596,0
pde_nominal,8,3462,12,1,222,0,192,1,0,13.3778845999,0
pde_nominal,0,400,14,1,260,0,205,1,0,11.6276163015,0
pde_nominal,5,107,2,0,60,0,38,1,0,6.8114702808,0
pde_nominal,7,1822,15,1,67,0,67,1,0,3.97159677832,0
pde_nominal,0,398,7,0,32,0,32,1,0,2.9306731621,0
pde_nominal,1,2830,5,0,66,0,66,1,0,5.11092683737,0
pde_nominal,0,397,15,1,31,0,31,1,0,4.13595917376,0
pde_nominal,7,1815,10,1,217,0,217,1,0,11.9102058716,0
pde_nominal,0,390,8,1,18,0,18,1,0,5.70982361227,0
pde_nominal,2,3182,4,0,7,0,7,1,0,3.49141362923,0
pde_nominal,4,422,2,0,101,0,80,1,0,6.58536615926,0
pde_nominal,9,147,10,1,66,0,38,1,0,4.83123640111,0
pde_nominal,2,3177,4,0,60,0,16,1,0,5.62275097009,0
pde_nominal,1,2815,6,0,10,0,9,1,0,4.14494407294,0
pde_nominal,3,41,12,1,50,0,47,1,0,3.34252722229,0
pde_nominal,5,82,2,0,57,0,40,1,0,3.29095506946,0
pde_nominal,3,40,12,1,41,0,11,1,0,3.28637178903,0
pde_nominal,5,78,1,0,29,0,3,1,0,3.70103431926,0
pde_nominal,0,375,12,1,24,0,0,1,0,3.7217271177,0
pde_nominal,8,3436,5,0,111,0,74,1,0,6.24213254135,0
pde_nominal,8,3434,13,1,3,0,0,1,0,11.7283088667,0
pde_nominal,9,135,6,0,31,0,26,1,0,4.52370055769,0
pde_nominal,7,1802,10,1,84,0,84,1,0,5.93552754757,0
pde_nominal,6,2983,2,0,104,0,95,1,0,5.1110289803,0
pde_nominal,6,2982,12,1,8,0,0,1,0,7.30305863048,0
pde_nominal,3,28,3,0,69,0,45,1,0,4.38619938617,0
pde_nominal,5,61,0,0,61,0,35,1,0,4.10669943817,0
pde_nominal,6,2973,12,1,49,0,49,1,0,6.07429298487,0
pde_nominal,9,123,6,0,118,0,118,1,0,8.5711636406,0
pde_nominal,0,345,7,0,21,0,21,1,0,6.13120510068,0
pde_nominal,0,344,5,0,86,0,86,1,0,7.98063798355,0
pde_nominal,7,1784,12,1,320,0,320,1,0,16.019024786,0
pde_nominal,1,2796,3,0,59,0,48,1,0,5.79462526871,0
pde_nominal,0,341,11,1,16,0,14,1,0,6.14799713323,0
pde_nominal,6,2966,9,1,88,0,88,1,0,5.28730607662,0
pde_nominal,7,1780,13,1,121,0,121,1,0,5.65549416417,0
pde_nominal,6,2965,6,0,27,0,27,1,0,4.0562191558,0
pde_nominal,6,2964,7,0,30,23,47,1,1,10.8979509103,0
pde_nominal,0,336,5,0,16,10,13,1,1,9.03294357062,0
pde_nominal,7,1777,0,0,46,35,42,1,1,9.23472196518,0
pde_nominal,1,2783,12,1,15,0,1,1,0,4.58366220317,0
pde_nominal,6,2959,2,0,82,0,55,1,0,13.4654055994,0
pde_nominal,8,3407,13,1,36,0,36,1,0,4.67634636982,0
pde_nominal,7,1770,7,0,17,0,17,1,0,6.69884672514,0
pde_nominal,6,2957,7,0,98,0,97,1,0,8.46164617567,0
pde_nominal,7,1768,3,0,16,0,16,1,0,3.11338480052,0
pde_nominal,2,3139,8,1,60,0,60,1,0,4.32048587456,0
pde_nominal,3,14,9,1,149,0,149,1,0,5.91563177925,0
pde_nominal,6,2954,10,1,69,0,68,1,0,6.07617520893,0
pde_nominal,0,329,13,1,2,0,2,1,0,3.25023024515,0
pde_nominal,8,3398,9,1,9,0,9,1,0,4.15140310033,0
pde_nominal,9,95,0,0,61,0,49,1,0,3.26437932629,0
pde_nominal,9,1570,0,0,0,0,0,0,0,4.58533359307,0
pde_nominal,9,92,2,0,53,0,0,1,0,4.07100460318,0
pde_nominal,5,22,12,1,136,0,132,1,0,6.21104755645,0
pde_nominal,1,2761,3,0,8,0,6,1,0,3.44166378916,0
pde_nominal,4,369,4,0,6,0,2,1,0,3.1956913778,0
pde_nominal,2,3123,14,1,41,0,24,1,0,6.87677004898,0
pde_nominal,4,368,6,0,50,0,40,1,0,4.37757566696,0
pde_nominal,4,365,9,1,16,0,12,1,0,4.24581541396,0
pde_nominal,0,312,14,1,22,0,15,1,0,4.81614985857,0
pde_nominal,3,3569,9,1,182,0,135,1,0,11.533872565,0
pde_nominal,7,1745,6,0,22,0,22,1,0,5.3528393786,0
pde_nominal,9,75,1,0,55,0,24,1,0,4.42534198117,0
pde_nominal,8,3382,11,1,76,0,76,1,0,5.21483779878,0
pde_nominal,7,1742,6,0,33,0,33,1,0,3.9871847075,0
pde_nominal,2,3114,3,0,17,0,12,1,0,3.72356995877,0
pde_nominal,5,3666,7,0,46,0,46,1,0,5.62648833865,0
pde_nominal,7,1740,4,0,106,0,106,1,0,6.93285249607,0
pde_nominal,5,3664,10,1,19,0,19,1,0,4.24886740416,0
pde_nominal,7,1739,5,0,24,0,24,1,0,4.05389880687,0
pde_nominal,1,2749,13,1,42,0,42,1,0,5.03073767558,0
pde_nominal,4,356,12,1,32,18,38,1,1,6.77976344401,0
pde_nominal,5,3658,1,0,4,0,4,1,0,5.85374188395,0
pde_nominal,1,2744,8,1,26,0,24,1,0,3.99910943959,0
pde_nominal,3,3554,11,1,21,0,0,1,0,6.4214488762,0
pde_nominal,2,3105,2,0,7,0,0,1,0,11.728442392,0
pde_nominal,6,2916,9,1,40,0,40,1,0,8.15553794803,0
pde_nominal,8,3368,7,0,73,0,65,1,0,6.27501342126,0
pde_nominal,4,351,5,0,73,0,69,1,0,5.71470593644,0
pde_nominal,1,2739,2,0,71,0,71,1,0,4.63492147019,0
pde_nominal,1,2956,2,0,0,0,0,0,0,7.72639410004,0
pde_nominal,4,1957,14,1,22,0,22,1,0,11.6479120661,0
pde_nominal,7,1725,13,1,23,0,23,1,0,5.83976050462,0
pde_nominal,6,2913,9,1,14,0,5,1,0,3.48943340975,0
pde_nominal,2,3099,4,0,42,0,28,1,0,5.06182669441,0
pde_nominal,3,3544,13,1,15,0,10,1,0,11.3267196433,0
pde_nominal,6,2907,10,1,4,0,4,1,0,8.64877832244,0
pde_nominal,3,3533,0,0,2,0,0,1,0,15.0683374071,0
pde_nominal,2,3090,8,1,12,0,3,1,0,8.12463707827,0
pde_nominal,8,3353,6,0,28,0,17,1,0,3.51874060721,0
pde_nominal,8,3352,0,0,19,0,5,1,0,4.41090629721,0
pde_nominal,8,3351,13,1,81,0,72,1,0,5.7211723096,0
pde_nominal,0,289,8,1,137,0,96,1,0,8.63033400889,0
pde_nominal,7,1709,9,1,13,0,13,1,0,4.94926449268,0
pde_nominal,6,2894,8,1,62,0,41,1,0,4.40746596019,0
pde_nominal,6,3092,11,1,9,0,9,1,0,5.57917839548,0
pde_nominal,5,3628,12,1,58,18,67,1,1,5.4400495277,0
pde_nominal,8,3339,0,0,54,0,38,1,0,5.12837885818,0
pde_nominal,0,276,9,1,13,0,12,1,0,6.1901155902,0
pde_nominal,9,39,14,1,45,0,38,1,0,3.23854158287,0
pde_nominal,1,2712,10,1,62,0,42,1,0,9.80998907534,0
pde_nominal,7,1696,9,1,15,0,15,1,0,6.70870262969,0
pde_nominal,9,36,13,1,32,0,12,1,0,3.24434846872,0
pde_nominal,1,2710,3,0,25,0,4,1,0,5.65981404503,0
pde_nominal,1,2709,2,0,61,0,60,1,0,4.11521763221,0
pde_nominal,9,33,5,0,68,0,49,1,0,4.06915878092,0
pde_nominal,6,2879,12,1,43,0,0,1,0,6.04973062847,0
pde_nominal,3,3510,2,0,26,0,26,1,0,4.65176304395,0
pde_nominal,9,31,7,0,122,0,89,1,0,5.86415723268,0
pde_nominal,1,2705,11,1,33,0,33,1,0,7.49511766729,0
pde_nominal,1,2701,10,1,51,0,51,1,0,4.91872883718,0
pde_nominal,5,3608,14,1,30,0,30,1,0,4.7400466901,0
pde_nominal,8,3323,2,0,86,0,86,1,0,4.93748449056,0
pde_nominal,7,1686,0,0,11,0,11,1,0,7.25249090835,0
pde_nominal,7,1684,14,1,19,0,19,1,0,4.49367231075,0
pde_nominal,2,3052,13,1,43,0,42,1,0,6.10825332302,0
pde_nominal,0,253,10,1,102,0,94,1,0,5.55184194453,0
pde_nominal,1,2698,4,0,64,0,62,1,0,5.30094308718,0
pde_nominal,0,251,3,0,9,0,0,1,0,4.87865946481,0
pde_nominal,4,317,15,1,42,25,47,1,1,6.43114627735,0
pde_nominal,5,3598,12,1,35,0,2,1,0,5.88254599939,0
pde_nominal,0,248,5,0,5,0,4,1,0,3.55378992195,0
pde_nominal,8,3319,12,1,79,54,61,1,1,6.83833344022,0
pde_nominal,8,3314,3,0,11,0,11,1,0,5.59021267281,0
pde_nominal,9,3766,7,0,23,0,23,1,0,5.37047455079,0
pde_nominal,9,3764,0,0,35,0,35,1,0,3.64764833629,0
pde_nominal,4,309,9,1,25,0,0,1,0,9.86994887471,0
pde_nominal,9,3762,5,0,24,0,0,1,0,3.26733295663,0
pde_nominal,3,3487,2,0,38,0,38,1,0,6.82765166146,0
pde_nominal,1,2682,13,1,88,0,82,1,0,5.66923764825,0
pde_nominal,8,3306,8,1,11,0,11,1,0,2.89127498126,0
pde_nominal,1,2676,7,0,7,0,7,1,0,4.62491876417,0
pde_nominal,4,299,1,0,25,0,9,1,0,4.08460093503,0
pde_nominal,9,3754,9,1,56,0,55,1,0,5.88912117637,0
pde_nominal,6,2849,4,0,70,0,70,1,0,3.94389367377,0
pde_nominal,7,1665,7,0,19,0,19,1,0,7.57917384083,0
pde_nominal,6,2848,9,1,39,0,29,1,0,9.19132586686,0
pde_nominal,8,3301,9,1,67,0,57,1,0,6.62088508734,0
pde_nominal,0,230,8,1,7,0,0,1,0,6.25623266738,0
pde_nominal,3,3474,10,1,32,0,10,1,0,5.43633691906,0
pde_nominal,2,3025,7,0,47,0,14,1,0,5.50477140778,0
pde_nominal,4,295,13,1,28,0,4,1,0,4.29572982171,0
pde_nominal,3,3471,11,1,13,0,0,1,0,4.79304919053,0
pde_nominal,9,3747,5,0,61,0,29,1,0,4.52599671195,0
pde_nominal,6,2838,14,1,50,0,44,1,0,3.51167897263,0
pde_nominal,9,3742,10,1,21,0,11,1,0,5.08515282603,0
pde_nominal,0,220,12,1,22,0,22,1,0,5.77036306072,0
pde_nominal,5,3570,4,0,74,0,73,1,0,5.0593203308,0
pde_nominal,9,3738,4,0,22,0,8,1,0,7.79522872787,0
pde_nominal,5,3567,13,1,41,0,39,1,0,7.67054385762,0
pde_nominal,7,1645,10,1,55,0,55,1,0,6.44641579759,0
pde_nominal,5,3564,1,0,4,0,4,1,0,7.1116668553,0
pde_nominal,3,3463,4,0,2,0,2,1,0,2.89427781996,0
pde_nominal,4,277,2,0,0,0,0,1,0,4.94865048572,0
pde_nominal,3,3457,8,1,21,0,12,1,0,5.22167366075,0
pde_nominal,2,3010,5,0,4,0,0,1,0,5.18972648508,0
pde_nominal,9,3728,12,1,7,0,0,1,0,4.41876287475,0
pde_nominal,5,3555,8,1,8,0,1,1,0,3.27128372556,0
pde_nominal,7,1640,13,1,17,19,5,1,1,8.31765448123,0
pde_nominal,3,3455,10,1,45,0,27,1,0,4.21032327131,0
pde_nominal,8,3278,5,0,70,0,46,1,0,8.42362437843,0
pde_nominal,2,3008,7,0,11,0,6,1,0,5.1148320676,0
pde_nominal,1,2651,5,0,3,0,2,1,0,3.41260367573,0
pde_nominal,3,3451,11,1,27,0,17,1,0,6.48780498428,0
pde_nominal,0,211,7,0,225,0,116,1,0,13.1702976697,0
pde_nominal,3,3450,13,1,5,0,0,1,0,3.19275151109,0
pde_nominal,8,3274,13,1,50,0,0,1,0,4.27123599845,0
pde_nominal,1,2649,11,1,29,0,0,1,0,4.31935016862,0
pde_nominal,4,269,7,0,113,0,18,1,0,6.1376663311,0
pde_nominal,8,3273,4,0,60,0,3,1,0,4.32126561027,0
pde_nominal,2,3001,11,1,9,0,0,1,0,4.58390832629,0
pde_nominal,5,3552,8,1,8,0,8,1,0,6.79303040537,0
pde_nominal,6,2822,8,1,27,0,20,1,0,3.45294375499,0
pde_nominal,7,1634,13,1,160,0,160,1,0,11.0948088871,0
pde_nominal,5,3543,5,0,14,0,14,1,0,8.2578265585,0
pde_nominal,7,1633,15,1,14,0,14,1,0,6.23983762366,0
pde_nominal,1,2640,4,0,21,0,19,1,0,5.21514595535,0
pde_nominal,1,2638,2,0,29,0,1,1,0,6.24197814292,0
pde_nominal,8,3259,8,1,30,0,1,1,0,5.15984633238,0
pde_nominal,0,197,0,0,18,0,0,1,0,7.31420352668,0
pde_nominal,4,249,12,1,15,0,15,1,0,8.65900599374,0
pde_nominal,0,190,12,1,29,0,25,1,0,5.44812215527,0
pde_nominal,0,187,4,0,16,0,16,1,0,4.04635476244,0
pde_nominal,2,2980,8,1,58,0,54,1,0,10.0880773804,0
pde_nominal,5,3532,1,0,43,0,43,1,0,4.98286600301,0
pde_nominal,4,245,9,1,100,0,78,1,0,7.13427099745,0
pde_nominal,1,2624,9,1,75,0,63,1,0,8.60537400481,0
pde_nominal,7,1621,9,1,51,0,51,1,0,6.83737882958,0
pde_nominal,8,3250,5,0,13,0,13,1,0,7.02707113932,0
pde_nominal,5,3530,13,1,59,0,59,1,0,5.4299384046,0
pde_nominal,1,2619,8,1,7,0,5,1,0,4.62881754969,0
pde_nominal,5,3529,9,1,77,0,46,1,0,7.99750121686,0
pde_nominal,2,2977,3,0,163,0,138,1,0,8.49348128279,0
pde_nominal,6,2805,3,0,50,0,50,1,0,12.8732487333,0
pde_nominal,7,1618,11,1,85,0,85,1,0,8.68210988533,0
pde_nominal,3,3422,9,1,30,0,25,1,0,4.10272118274,0
pde_nominal,1,2617,11,1,193,0,160,1,0,10.5855727068,0
pde_nominal,4,232,0,0,43,0,43,1,0,3.66855269152,0
pde_nominal,1,2611,2,0,56,28,60,1,1,9.2754505938,0
pde_nominal,5,3517,13,1,46,0,46,1,0,5.05770643992,0
pde_nominal,0,173,0,0,14,0,7,1,0,8.37069164612,0
pde_nominal,4,225,13,1,36,0,4,1,0,4.20593165396,0
pde_nominal,4,222,4,0,20,0,8,1,0,4.56692695995,0
pde_nominal,6,2787,12,1,11,0,0,1,0,3.18538224217,0
pde_nominal,4,218,2,0,30,0,0,1,0,6.03708805773,0
pde_nominal,2,2963,5,0,21,0,0,1,0,5.78556858068,0
pde_nominal,1,2601,0,0,13,0,6,1,0,4.72496898881,0
pde_nominal,2,2959,15,1,29,0,15,1,0,5.70163915508,0
pde_nominal,9,3658,0,0,61,0,61,1,0,4.11413421603,0
pde_nominal,7,1602,13,1,43,0,43,1,0,3.5366251977,0
pde_nominal,6,2776,13,1,32,0,17,1,0,7.24696145878,0
pde_nominal,4,211,4,0,23,0,23,1,0,3.95434805,0
pde_nominal,1,2596,12,1,36,0,36,1,0,5.33919268234,0
pde_nominal,3,3402,4,0,61,0,61,1,0,5.67056893469,0
pde_nominal,4,207,12,1,25,0,25,1,0,4.73874628298,0
pde_nominal,8,3224,5,0,71,0,71,1,0,6.25938367998,0
pde_nominal,5,3503,3,0,66,0,66,1,0,5.22819352314,0
pde_nominal,5,3500,2,0,70,0,65,1,0,5.38976332255,0
pde_nominal,2,2941,5,0,17,0,17,1,0,3.39127342235,0
pde_nominal,1,2584,14,1,18,0,18,1,0,3.6363123688,0
pde_nominal,9,3641,10,1,15,0,15,1,0,3.22872605517,0
pde_nominal,5,3494,14,1,166,0,166,1,0,9.76688392969,0
pde_nominal,5,3490,12,1,21,0,21,1,0,4.9473851553,0
pde_nominal,6,2759,14,1,100,0,100,1,0,6.3073399947,0
pde_nominal,3,3384,11,1,23,0,23,1,0,4.9508894797,0
pde_nominal,2,2924,6,0,164,0,164,1,0,6.90634900042,0
pde_nominal,0,135,0,0,266,0,231,1,0,12.678243291,0
pde_nominal,4,185,10,1,69,0,31,1,0,9.12336113076,0
pde_nominal,0,132,11,1,17,0,10,1,0,4.37751950101,0
pde_nominal,1,2558,11,1,52,0,21,1,0,7.17876727553,0
pde_nominal,0,130,7,0,28,0,0,1,0,7.04208673407,0
pde_nominal,2,2919,14,1,11,0,3,1,0,6.41999731549,0
pde_nominal,9,3613,5,0,9,0,3,1,0,3.81024815613,0
pde_nominal,5,3471,5,0,24,0,1,1,0,9.8907893829,0
pde_nominal,5,3469,12,1,52,0,36,1,0,5.14120262903,0
pde_nominal,9,3611,5,0,54,0,54,1,0,8.14800972309,0
pde_nominal,8,3190,7,0,41,35,59,1,1,10.8690854063,0
pde_nominal,0,118,11,1,39,0,39,1,0,3.30960511243,0
pde_nominal,7,1561,8,1,35,0,35,1,0,5.97762550842,0
pde_nominal,4,169,13,1,87,0,87,1,0,7.45618395592,0
pde_nominal,5,3465,3,0,26,0,26,1,0,3.56093979655,0
pde_nominal,4,168,5,0,28,0,28,1,0,4.05197858574,0
pde_nominal,3,3373,12,1,47,0,47,1,0,4.01063873656,0
pde_nominal,7,1560,11,1,52,0,52,1,0,4.00208898694,0
pde_nominal,2,2912,15,1,63,0,63,1,0,5.8483447234,0
pde_nominal,6,2741,11,1,41,0,36,1,0,6.12611107564,0
pde_nominal,5,3460,7,0,65,0,51,1,0,7.164873912,0
pde_nominal,9,3603,8,1,78,0,57,1,0,9.9530133626,0
pde_nominal,6,2738,0,0,16,0,14,1,0,4.00888695363,0
pde_nominal,4,159,4,0,3,0,1,1,0,8.64531676141,0
pde_nominal,6,2735,4,0,16,0,5,1,0,3.68785959404,0
pde_nominal,3,3360,2,0,77,0,60,1,0,10.2110956093,0
pde_nominal,7,1548,10,1,31,0,31,1,0,4.87069388636,0
pde_nominal,1,2539,14,1,21,0,19,1,0,4.49078868726,0
pde_nominal,4,152,2,0,87,0,87,1,0,6.88433967303,0
pde_nominal,1,2536,1,0,26,0,26,1,0,4.00960882552,0
pde_nominal,2,2901,8,1,81,0,81,1,0,6.01119026184,0
pde_nominal,3,3354,0,0,51,0,49,1,0,3.88641074968,0
pde_nominal,9,3584,4,0,65,0,65,1,0,7.70024569553,0
pde_nominal,5,3442,4,0,33,0,33,1,0,10.229205234,0
pde_nominal,7,1531,4,0,77,0,77,1,0,5.52100430278,0
pde_nominal,9,3582,10,1,58,0,53,1,0,6.0462034859,0
pde_nominal,8,3167,0,0,29,0,29,1,0,5.28894492242,0
pde_nominal,1,2520,5,0,14,0,14,1,0,4.58534234357,0
pde_nominal,9,3579,9,1,174,0,147,1,0,11.5101777462,0
pde_nominal,0,75,13,1,32,0,15,1,0,3.42844807742,0
pde_nominal,8,3158,4,0,46,0,31,1,0,5.33202374375,0
pde_nominal,9,3577,12,1,55,0,40,1,0,6.09305614409,0
pde_nominal,2,2883,3,0,52,0,40,1,0,6.85218913319,0
pde_nominal,3,3336,8,1,7,0,0,1,0,5.34070562182,0
pde_nominal,1,2506,4,0,10,0,1,1,0,4.78346782373,0
pde_nominal,6,2706,8,1,36,0,20,1,0,5.37286358609,0
pde_nominal,7,2136,10,1,47,0,47,1,0,5.15993690974,0
pde_nominal,6,2697,13,1,39,0,4,1,0,4.04089447636,0
pde_nominal,1,2501,9,1,81,0,29,1,0,7.84630996393,0
pde_nominal,7,1509,1,0,79,0,79,1,0,6.95736999172,0
pde_nominal,2,2871,10,1,28,0,27,1,0,4.17151096207,0
pde_nominal,3,3322,0,0,40,0,28,1,0,3.72739219804,0
pde_nominal,7,1505,15,1,19,0,19,1,0,3.95195453472,0
pde_nominal,6,2691,7,0,22,14,29,1,1,9.51079736271,0
pde_nominal,9,3559,14,1,34,0,10,1,0,5.65534617745,0
pde_nominal,6,2690,15,1,34,0,22,1,0,4.60544224461,0
pde_nominal,9,3556,14,1,4,0,4,1,0,8.96960178639,0
pde_nominal,8,3143,4,0,32,0,16,1,0,5.54384113358,0
pde_nominal,1,2491,4,0,26,0,26,1,0,3.80993440569,0
pde_nominal,5,3422,6,0,40,0,40,1,0,4.80795153079,0
pde_nominal,6,2684,11,1,11,0,11,1,0,6.12603893619,0
pde_nominal,4,108,8,1,58,0,58,1,0,3.24022561682,0
pde_nominal,9,3551,15,1,15,0,15,1,0,2.991954041,0
pde_nominal,8,3134,12,1,5,0,5,1,0,5.20488783945,0
pde_nominal,1,2480,9,1,8,0,0,1,0,4.86907954032,0
pde_nominal,5,3413,0,0,12,0,0,1,0,9.10497594234,0
pde_nominal,1,2475,13,1,18,0,0,1,0,2.85265672252,0
pde_nominal,4,104,15,1,58,0,46,1,0,3.94495832965,0
pde_nominal,6,2674,7,0,5,0,5,1,0,5.8212322206,0
pde_nominal,6,2673,5,0,100,0,100,1,0,14.3910972257,0
pde_nominal,3,3298,12,1,30,0,30,1,0,4.03854249817,0
pde_nominal,1,2470,0,0,31,0,31,1,0,5.75873914477,0
pde_nominal,1,2958,0,0,0,0,0,0,0,6.33515801431,0
pde_nominal,8,3130,6,0,133,0,133,1,0,8.83314611363,0
pde_nominal,8,3127,5,0,18,0,18,1,0,7.81666906033,0
pde_nominal,7,1482,1,0,253,0,253,1,0,10.4952010362,0
pde_nominal,5,3402,11,1,76,0,75,1,0,5.12020406245,0
pde_nominal,1,2463,5,0,25,0,18,1,0,5.51861051383,0
pde_nominal,0,44,14,1,79,0,53,1,0,4.80689820828,0
pde_nominal,2,2844,10,1,115,0,115,1,0,5.22722389506,0
pde_nominal,6,2657,13,1,85,0,85,1,0,8.11910410848,0
pde_nominal,5,3388,10,1,29,0,27,1,0,4.24188475472,0
pde_nominal,9,3534,3,0,85,0,72,1,0,5.13977821119,0
pde_nominal,8,3119,0,0,16,0,8,1,0,7.86948009858,0
pde_nominal,9,3532,15,1,51,0,50,1,0,6.29406629653,0
pde_nominal,8,3114,0,0,19,0,11,1,0,4.76090946406,0
pde_nominal,9,3528,12,1,0,0,0,1,0,3.51045526959,0
pde_nominal,3,3279,4,0,108,0,85,1,0,15.1784476259,0
pde_nominal,1,2454,9,1,8,0,7,1,0,4.31996985185,0
pde_nominal,3,3276,11,1,1,0,0,1,0,5.09505137492,0
pde_nominal,7,1468,7,0,43,0,43,1,0,3.79022214752,0
pde_nominal,1,2452,2,0,74,0,74,1,0,6.21874183697,0
pde_nominal,6,2647,3,0,68,0,68,1,0,6.65509223014,0
pde_nominal,2,2837,10,1,19,0,10,1,0,4.09448332616,0
pde_nominal,1,2450,3,0,34,0,16,1,0,3.49101092468,0
pde_nominal,4,79,9,1,62,0,3,1,0,6.27991337454,0
pde_nominal,5,3366,7,0,71,0,39,1,0,5.69703630698,0
pde_nominal,0,4343,6,0,10,0,5,1,0,5.63894301567,0
pde_nominal,6,2633,1,0,1,0,1,1,0,3.24193421543,0
pde_nominal,5,3362,12,1,66,0,43,1,0,4.75995020312,0
pde_nominal,1,2443,14,1,52,0,41,1,0,5.29361464698,0
pde_nominal,6,2632,5,0,143,0,104,1,0,8.99745819739,0
pde_nominal,3,3253,11,1,108,0,108,1,0,4.71756238192,0
pde_nominal,8,3100,0,0,50,0,50,1,0,6.18914357099,0
pde_nominal,1,2434,2,0,110,0,110,1,0,7.84559545971,0
pde_nominal,8,3097,5,0,39,0,39,1,0,3.74709452334,0
pde_nominal,1,2433,9,1,12,0,12,1,0,6.36144871547,0
pde_nominal,2,2809,6,0,44,0,30,1,0,5.09806721165,0
pde_nominal,0,4332,1,0,175,0,113,1,0,11.1401062165,0
pde_nominal,8,3094,6,0,17,0,0,1,0,7.74092279898,0
pde_nominal,6,2624,0,0,14,0,0,1,0,3.65256752597,0
pde_nominal,9,3505,9,1,18,0,4,1,0,3.18806793848,0
pde_nominal,0,4331,8,1,33,0,9,1,0,4.53314898382,0
pde_nominal,7,1440,5,0,56,0,56,1,0,4.07008839444,0
pde_nominal,0,4328,13,1,49,0,49,1,0,7.22993904853,0
pde_nominal,4,60,14,1,71,0,71,1,0,3.3202391423,0
pde_nominal,5,3345,9,1,78,0,64,1,0,4.13839201323,0
pde_nominal,4,57,3,0,51,0,26,1,0,3.34144815763,0
pde_nominal,9,3498,6,0,62,0,32,1,0,4.20278378433,0
pde_nominal,3,3230,4,0,38,22,48,1,1,7.34702497921,0
pde_nominal,1,2414,3,0,27,0,27,1,0,6.53770051344,0
pde_nominal,7,1433,14,1,4,0,4,1,0,5.08804181862,0
pde_nominal,1,2412,11,1,43,0,1,1,0,4.12321156236,0
pde_nominal,0,4315,9,1,0,0,0,1,0,2.88255209466,0
pde_nominal,2,2797,3,0,104,0,58,1,0,10.0013589136,0
pde_nominal,6,2606,10,1,43,0,43,1,0,3.53965951373,0
pde_nominal,5,3339,13,1,15,0,15,1,0,5.33018232118,0
pde_nominal,0,4309,6,0,14,0,14,1,0,7.56981349847,0
pde_nominal,1,2408,14,1,80,0,76,1,0,7.928578742,0
pde_nominal,3,3223,3,0,66,0,63,1,0,3.9688088931,0
pde_nominal,5,3336,8,1,62,0,62,1,0,7.25573397426,0
pde_nominal,0,4306,1,0,64,0,61,1,0,3.6794543345,0
pde_nominal,7,1423,1,0,73,0,73,1,0,8.24269883263,0
pde_nominal,5,3334,3,0,247,0,216,1,0,14.1030557736,0
pde_nominal,2,2785,2,0,59,0,58,1,0,10.5354410872,0
pde_nominal,2,2783,6,0,24,0,24,1,0,6.14691518585,0
pde_nominal,2,2782,10,1,14,0,9,1,0,6.97230855101,0
pde_nominal,3,3214,11,1,68,0,62,1,0,7.94121127175,0
pde_nominal,7,1412,1,0,20,0,20,1,0,5.29511090553,0
pde_nominal,1,2397,2,0,21,0,20,1,0,2.99194350246,0
pde_nominal,9,3470,0,0,16,0,0,1,0,3.17320210301,0
pde_nominal,0,4295,4,0,7,0,0,1,0,4.59812503942,0
pde_nominal,6,2587,1,0,27,0,15,1,0,5.27988717864,0
pde_nominal,2,2780,11,1,9,0,0,1,0,5.50594026553,0
pde_nominal,6,2584,7,0,33,0,33,1,0,4.61575031828,0
pde_nominal,0,4286,11,1,65,0,65,1,0,5.19330479093,0
pde_nominal,2,2772,5,0,50,0,47,1,0,5.6853424656,0
pde_nominal,2,2769,6,0,7,0,4,1,0,6.17890074681,0
pde_nominal,3,3210,8,1,32,0,32,1,0,5.76353248776,0
pde_nominal,7,1402,10,1,42,0,42,1,0,3.87463085182,0
pde_nominal,8,3048,8,1,40,0,33,1,0,8.68779897968,0
pde_nominal,6,2574,13,1,71,0,68,1,0,4.20155551181,0
pde_nominal,8,3047,7,0,44,0,44,1,0,6.03501920406,0
pde_nominal,4,21,11,1,73,0,73,1,0,3.74325172334,0
pde_nominal,0,4282,15,1,53,0,53,1,0,5.21759778753,0
pde_nominal,7,1399,10,1,100,0,100,1,0,5.18450342419,0
pde_nominal,5,3314,4,0,65,0,57,1,0,7.72948208391,0
pde_nominal,6,2572,14,1,119,0,111,1,0,5.98173214724,0
pde_nominal,0,4274,14,1,31,0,31,1,0,4.31427422285,0
pde_nominal,8,3039,6,0,50,0,50,1,0,3.97263110783,0
pde_nominal,4,5,4,0,76,0,55,1,0,4.53172743725,0
pde_nominal,0,4259,0,0,45,0,32,1,0,5.29546183436,0
pde_nominal,5,3306,12,1,87,0,60,1,0,6.41056691521,0
pde_nominal,2,2752,11,1,40,0,26,1,0,3.54744577842,0
pde_nominal,1,2370,9,1,22,0,22,1,0,4.77378151643,0
pde_nominal,8,3028,7,0,23,0,14,1,0,3.60789791777,0
pde_nominal,8,3027,8,1,45,0,45,1,0,6.65430764117,0
pde_nominal,4,3621,3,0,18,0,2,1,0,4.74569363928,0
pde_nominal,0,4254,1,0,83,0,54,1,0,6.03563740686,0
pde_nominal,1,2365,14,1,35,0,12,1,0,8.42907337645,0
pde_nominal,9,3439,3,0,46,31,54,1,1,14.0824001797,0
pde_nominal,4,3619,10,1,5,0,5,1,0,10.5340922978,0
pde_nominal,6,2550,3,0,68,0,68,1,0,7.20573329178,0
pde_nominal,3,3186,5,0,59,0,40,1,0,4.01267551423,0
pde_nominal,5,3298,5,0,121,0,87,1,0,6.91607344129,0
pde_nominal,5,3682,5,0,0,0,0,0,0,7.11867003861,0
pde_nominal,8,3019,3,0,58,24,64,1,1,7.10102112152,0
pde_nominal,1,2351,8,1,16,0,8,1,0,3.86098401703,0
pde_nominal,0,4240,10,1,35,0,13,1,0,6.35925266673,0
pde_nominal,9,3429,10,1,12,0,8,1,0,4.35878670996,0
pde_nominal,4,3604,2,0,24,0,9,1,0,5.38503930363,0
pde_nominal,0,4235,7,0,10,0,0,1,0,4.16869554082,0
pde_nominal,6,2541,1,0,39,0,0,1,0,7.80312437557,0
pde_nominal,3,3178,5,0,35,0,19,1,0,5.38934329596,0
pde_nominal,0,4228,2,0,45,0,36,1,0,4.46342207247,0
pde_nominal,8,3009,12,1,27,0,10,1,0,4.69782329516,0
pde_nominal,8,3008,1,0,41,0,0,1,0,5.04971444979,0
pde_nominal,8,3007,0,0,12,0,0,1,0,3.61868970606,0
pde_nominal,1,2339,5,0,71,0,3,1,0,5.89331173422,0
pde_nominal,1,2332,11,1,7,0,6,1,0,3.33392542858,0
pde_nominal,6,2527,7,0,16,0,7,1,0,4.16698644698,0
pde_nominal,4,3586,10,1,31,0,17,1,0,7.26653271363,0
pde_nominal,5,3280,7,0,39,0,13,1,0,7.09241803893,0
pde_nominal,0,4212,7,0,19,0,0,1,0,4.74968036926,0
pde_nominal,4,3581,6,0,24,0,0,1,0,4.05630566341,0
pde_nominal,5,3279,13,1,52,0,12,1,0,4.80714211361,0
pde_nominal,8,3000,12,1,20,0,14,1,0,3.68582474011,0
pde_nominal,8,3476,12,1,0,0,0,0,0,6.30498175038,0
pde_nominal,6,2523,7,0,21,0,13,1,0,7.82571256067,0
pde_nominal,5,3278,14,1,29,0,11,1,0,4.71148353157,0
pde_nominal,4,3578,4,0,23,0,16,1,0,4.80686266064,0
pde_nominal,8,2999,7,0,67,0,39,1,0,8.02705576952,0
pde_nominal,4,3572,13,1,27,22,17,1,1,10.4645292365,0
pde_nominal,9,3400,13,1,35,0,32,1,0,4.93274424218,0
pde_nominal,5,3269,10,1,50,0,48,1,0,5.35177706331,0
pde_nominal,0,4200,7,0,136,0,136,1,0,8.94798857444,0
pde_nominal,0,4197,1,0,28,0,12,1,0,2.89259730788,0
pde_nominal,3,3149,6,0,79,0,70,1,0,4.54767112887,0
pde_nominal,9,3395,1,0,4,0,4,1,0,6.03314804134,0
pde_nominal,9,3774,1,0,0,0,0,0,0,6.83774853244,0
pde_nominal,2,2703,15,1,6,0,2,1,0,3.51644820032,0
pde_nominal,6,2509,2,0,34,0,9,1,0,3.93055353707,0
pde_nominal,2,2701,7,0,21,0,0,1,0,4.02669623143,0
pde_nominal,5,3261,6,0,26,0,22,1,0,6.60518024881,0
pde_nominal,2,2696,11,1,30,0,21,1,0,4.53904878988,0
pde_nominal,1,2302,1,0,87,0,83,1,0,9.19716888138,0
pde_nominal,0,4194,9,1,67,0,54,1,0,5.21497808931,0
pde_nominal,3,3139,9,1,4,0,0,1,0,4.43009511975,0
pde_nominal,0,4190,12,1,24,0,14,1,0,3.74349304649,0
pde_nominal,9,3379,15,1,14,0,8,1,0,6.27835257464,0
pde_nominal,0,4187,9,1,24,0,6,1,0,4.0827908436,0
pde_nominal,5,3252,4,0,18,0,7,1,0,9.27685664574,0
pde_nominal,9,3376,6,0,51,0,39,1,0,5.94367633873,0
pde_nominal,9,3375,5,0,24,0,24,1,0,5.65800851079,0
pde_nominal,9,3775,5,0,0,0,0,0,0,6.93420979522,0
pde_nominal,7,1326,15,1,44,0,44,1,0,3.72380967893,0
pde_nominal,7,2141,15,1,0,0,0,0,0,13.044752713,0
pde_nominal,4,3550,4,0,101,0,101,1,0,9.94004916061,0
pde_nominal,5,3248,2,0,29,0,29,1,0,3.80881457294,0
pde_nominal,9,3374,3,0,89,0,89,1,0,5.14351723992,0
pde_nominal,2,2681,15,1,34,0,14,1,0,10.825347003,0
pde_nominal,5,3247,5,0,133,0,99,1,0,7.32949835943,0
pde_nominal,6,2494,9,1,14,0,14,1,0,7.35402589614,0
pde_nominal,0,4177,13,1,39,26,60,1,1,11.7389236303,0
pde_nominal,1,2280,1,0,21,0,0,1,0,3.33644700399,0
pde_nominal,1,2279,12,1,27,0,0,1,0,6.63890598041,0
pde_nominal,8,2967,1,0,13,0,3,1,0,4.0191300561,0
pde_nominal,4,3540,9,1,13,0,2,1,0,5.60997126653,0
pde_nominal,7,1319,5,0,15,18,6,1,1,7.34649041187,0
pde_nominal,6,2487,9,1,20,0,16,1,0,8.40319628758,0
pde_nominal,4,3539,6,0,52,0,39,1,0,6.51940258381,0
pde_nominal,5,3235,0,0,64,0,40,1,0,4.83514146534,0
pde_nominal,4,3537,12,1,8,0,8,1,0,3.52643073223,0
pde_nominal,7,1317,5,0,60,0,60,1,0,3.30318079748,0
pde_nominal,3,3117,9,1,97,0,97,1,0,5.60144599623,0
pde_nominal,0,4168,3,0,13,0,13,1,0,5.64255735383,0
pde_nominal,0,4167,3,0,60,0,60,1,0,4.08836016291,0
pde_nominal,4,3532,12,1,9,0,8,1,0,4.61408693942,0
pde_nominal,5,3227,0,0,50,0,45,1,0,6.11506222934,0
pde_nominal,2,2662,4,0,93,0,87,1,0,9.52525541878,0
pde_nominal,6,3096,8,1,1,0,1,1,0,10.5097819535,0
pde_nominal,5,3226,1,0,25,0,25,1,0,9.18242005727,0
pde_nominal,8,2955,4,0,61,0,61,1,0,4.51148111901,0
pde_nominal,0,4165,11,1,97,0,96,1,0,6.02983367889,0
pde_nominal,4,3527,13,1,57,0,50,1,0,5.67669791838,0
pde_nominal,7,1308,4,0,66,0,66,1,0,4.28533104714,0
pde_nominal,0,4160,0,0,43,0,43,1,0,4.243464088,0
pde_nominal,3,3110,8,1,18,0,18,1,0,4.62262816057,0
pde_nominal,6,2476,7,0,19,16,35,1,1,7.63477670788,0
pde_nominal,8,2943,11,1,11,0,0,1,0,4.50106147737,0
pde_nominal,6,2469,10,1,23,16,5,1,1,5.76856021094,0
pde_nominal,5,3221,3,0,12,0,2,1,0,3.70825112389,0
pde_nominal,1,2263,10,1,4,0,4,1,0,4.33248510206,0
pde_nominal,6,2468,15,1,51,0,28,1,0,6.65400221613,0
pde_nominal,5,3219,9,1,37,0,37,1,0,8.68842547492,0
pde_nominal,8,2938,11,1,46,0,45,1,0,4.20126238372,0
pde_nominal,8,2936,10,1,53,0,53,1,0,6.02448942001,0
pde_nominal,2,2651,7,0,37,39,76,1,1,7.39013770488,0
pde_nominal,4,3521,7,0,34,0,34,1,0,5.92594207156,0
pde_nominal,9,3348,14,1,34,0,34,1,0,4.08217767566,0
pde_nominal,6,2459,14,1,64,0,64,1,0,8.03092684946,0
pde_nominal,7,1288,0,0,39,0,39,1,0,3.04674754976,0
pde_nominal,9,3346,5,0,19,0,19,1,0,3.91895391181,0
pde_nominal,8,2932,8,1,56,0,56,1,0,5.39463250201,0
pde_nominal,5,3209,3,0,0,0,0,1,0,5.15949386064,0
pde_nominal,6,2456,8,1,0,0,0,1,0,3.67334668275,0
pde_nominal,4,3515,3,0,53,0,53,1,0,10.9233644207,0
pde_nominal,3,3090,11,1,57,0,57,1,0,3.94817546623,0
pde_nominal,1,2253,0,0,36,0,36,1,0,3.68728760603,0
pde_nominal,6,2452,0,0,27,0,27,1,0,4.18320485198,0
pde_nominal,1,2248,9,1,27,0,27,1,0,6.07860093906,0
pde_nominal,4,3509,7,0,89,0,89,1,0,7.92937452893,0
pde_nominal,8,2923,15,1,36,0,36,1,0,3.60369880711,0
pde_nominal,0,4147,14,1,12,0,12,1,0,6.26251785127,0
pde_nominal,9,3332,6,0,4,0,4,1,0,3.93582281677,0
pde_nominal,7,4559,8,1,107,0,107,1,0,7.76901029438,0
pde_nominal,6,2444,13,1,140,0,111,1,0,9.10000951687,0
pde_nominal,6,2443,1,0,32,0,15,1,0,5.73674749921,0
pde_nominal,0,4132,6,0,16,0,14,1,0,3.30851039002,0
pde_nominal,1,2237,0,0,89,0,61,1,0,5.43864577244,0
pde_nominal,3,3078,7,0,28,0,16,1,0,4.44424421071,0
pde_nominal,9,3327,11,1,54,0,38,1,0,10.4345702499,0
pde_nominal,6,2435,4,0,24,0,18,1,0,3.69932097403,0
pde_nominal,5,3196,14,1,79,0,69,1,0,5.16559163557,0
pde_nominal,2,2629,4,0,29,0,29,1,0,8.8760308382,0
pde_nominal,7,4552,0,0,69,0,69,1,0,5.94142329386,0
pde_nominal,5,3192,4,0,19,0,11,1,0,10.1859269502,0
pde_nominal,5,3191,12,1,9,0,9,1,0,3.96442981601,0
pde_nominal,0,4123,0,0,29,0,29,1,0,3.57800538176,0
pde_nominal,2,2620,7,0,25,0,23,1,0,7.6161636961,0
pde_nominal,6,2422,4,0,9,0,9,1,0,4.61219710705,0
pde_nominal,1,2226,14,1,35,0,26,1,0,4.56063262818,0
pde_nominal,6,2418,6,0,24,0,24,1,0,5.53517513651,0
pde_nominal,8,2899,13,1,45,0,45,1,0,3.91951221598,0
pde_nominal,9,3314,15,1,17,0,17,1,0,8.85022555382,0
pde_nominal,3,3060,10,1,49,0,49,1,0,3.69643641073,0
pde_nominal,6,2414,13,1,81,0,81,1,0,4.72027534177,0
pde_nominal,5,3179,13,1,32,0,32,1,0,7.65574156254,0
pde_nominal,0,4108,4,0,111,59,171,1,1,7.05998130497,0
pde_nominal,8,2884,8,1,30,0,30,1,0,5.74223853083,0
pde_nominal,5,3177,8,1,179,0,179,1,0,10.2125115021,0
pde_nominal,7,4535,1,0,417,0,417,1,0,16.430001708,0
pde_nominal,9,3307,0,0,12,0,12,1,0,3.85815234353,0
pde_nominal,7,4534,7,0,16,0,16,1,0,5.0616772778,0
pde_nominal,3,3052,4,0,219,0,211,1,0,12.5054155282,0
pde_nominal,4,3472,9,1,21,0,13,1,0,8.06605158915,0
pde_nominal,2,2599,7,0,22,0,12,1,0,4.82084020332,0
pde_nominal,3,3051,0,0,14,0,10,1,0,9.04426029755,0
pde_nominal,8,2877,13,1,24,0,21,1,0,7.05211557039,0
pde_nominal,1,2210,4,0,29,0,27,1,0,4.29790613599,0
pde_nominal,2,2597,3,0,183,0,160,1,0,11.6362379424,0
pde_nominal,4,3466,3,0,50,0,45,1,0,4.05550931829,0
pde_nominal,6,2397,10,1,125,0,96,1,0,8.77127566133,0
pde_nominal,3,3042,0,0,69,0,52,1,0,6.6783328927,0
pde_nominal,1,2209,14,1,135,0,99,1,0,9.70582969628,0
pde_nominal,8,2870,8,1,164,0,157,1,0,7.48640734262,0
pde_nominal,8,2869,9,1,43,0,43,1,0,4.64616442775,0
pde_nominal,8,2868,12,1,52,0,47,1,0,6.82922961423,0
pde_nominal,9,3300,14,1,25,0,25,1,0,4.01608405013,0
pde_nominal,7,4508,12,1,21,0,21,1,0,3.76500781971,0
pde_nominal,0,4096,14,1,40,0,37,1,0,3.8075098999,0
pde_nominal,3,3029,3,0,43,0,31,1,0,4.493491283,0
pde_nominal,5,3145,3,0,10,0,10,1,0,3.82046673929,0
pde_nominal,8,2860,9,1,5,0,5,1,0,5.45060326371,0
pde_nominal,7,4502,9,1,36,0,36,1,0,4.08076878402,0
pde_nominal,5,3142,9,1,57,0,32,1,0,6.67363663857,0
pde_nominal,3,3025,4,0,2,0,0,1,0,6.71282259055,0
pde_nominal,6,2379,15,1,1,0,1,1,0,4.56579874021,0
pde_nominal,5,3140,8,1,59,0,59,1,0,4.44078798235,0
pde_nominal,0,4080,14,1,27,0,27,1,0,8.03910357765,0
pde_nominal,4,3449,12,1,23,0,23,1,0,6.6125399099,0
pde_nominal,7,4497,8,1,122,0,122,1,0,7.74812484023,0
pde_nominal,5,3136,11,1,15,0,15,1,0,4.76416453019,0
pde_nominal,6,2377,6,0,52,0,52,1,0,3.57969652778,0
pde_nominal,1,2190,15,1,186,0,186,1,0,9.3889452001,0
pde_nominal,0,4073,10,1,55,13,45,1,1,7.78575944434,0
pde_nominal,3,3008,11,1,8,0,5,1,0,5.54193504158,0
pde_nominal,6,2367,0,0,68,0,50,1,0,7.16631384495,0
pde_nominal,1,2179,6,0,6,0,0,1,0,5.13934140087,0
pde_nominal,2,2578,0,0,5,0,0,1,0,5.24453895475,0
pde_nominal,1,2176,1,0,12,0,0,1,0,8.33987584562,0
pde_nominal,6,2364,12,1,86,0,40,1,0,6.33644110005,0
pde_nominal,9,3268,0,0,29,0,1,1,0,8.52613133203,0
pde_nominal,7,4481,0,0,7,0,7,1,0,3.87151982936,0
pde_nominal,8,2841,13,1,22,0,22,1,0,4.93618796823,0
pde_nominal,6,2363,0,0,78,0,68,1,0,5.46553421272,0
pde_nominal,3,3002,10,1,42,0,42,1,0,4.9279188879,0
pde_nominal,6,2359,6,0,44,0,33,1,0,3.87630426288,0
pde_nominal,0,4064,15,1,114,0,103,1,0,6.07988529054,0
pde_nominal,2,2571,14,1,179,0,158,1,0,12.6221279672,0
pde_nominal,8,2836,8,1,31,0,31,1,0,4.47324451065,0
pde_nominal,0,4061,13,1,9,0,9,1,0,6.97792472263,0
pde_nominal,1,2173,7,0,85,0,85,1,0,6.84504016219,0
pde_nominal,7,4475,2,0,17,0,17,1,0,5.88403468553,0
pde_nominal,6,2353,5,0,13,0,10,1,0,7.72784294956,0
pde_nominal,8,2834,13,1,77,0,53,1,0,15.0778743589,0
pde_nominal,1,2170,6,0,29,0,28,1,0,5.97708185514,0
pde_nominal,8,2832,15,1,10,0,10,1,0,8.6047760333,0
pde_nominal,9,3261,9,1,201,0,187,1,0,11.0202873976,0
pde_nominal,1,2165,7,0,26,0,0,1,0,4.49434525027,0
pde_nominal,4,3419,7,0,73,0,23,1,0,5.78463513516,0
pde_nominal,6,2347,12,1,53,0,29,1,0,5.38851779866,0
pde_nominal,0,4055,10,1,182,0,113,1,0,11.5693683253,0
pde_nominal,4,3417,7,0,36,0,36,1,0,5.19697450665,0
pde_nominal,1,2164,10,1,41,0,41,1,0,4.34221717706,0
pde_nominal,4,3625,7,0,0,0,0,0,0,9.22668561986,0
pde_nominal,7,4461,12,1,14,0,14,1,0,8.29939848032,0
pde_nominal,7,4460,4,0,89,0,89,1,0,6.84313984828,0
pde_nominal,9,3250,12,1,29,0,13,1,0,7.52577592648,0
pde_nominal,9,3244,12,1,31,0,31,1,0,8.68761804753,0
pde_nominal,7,4457,0,0,56,0,56,1,0,3.2933871722,0
pde_nominal,0,4046,4,0,21,0,12,1,0,4.02005744802,0
pde_nominal,1,2156,11,1,46,0,37,1,0,6.29825552581,0
pde_nominal,9,3241,10,1,5,0,0,1,0,6.28138297525,0
pde_nominal,4,3399,8,1,20,0,0,1,0,5.2556168016,0
pde_nominal,7,4454,13,1,7,0,7,1,0,3.64191878184,0
pde_nominal,8,2819,3,0,10,0,1,1,0,6.82631772748,0
pde_nominal,8,2814,6,0,13,0,13,1,0,9.50717467677,0
pde_nominal,6,2335,13,1,83,0,72,1,0,10.0014960068,0
pde_nominal,0,4035,8,1,45,0,39,1,0,5.30801878642,0
pde_nominal,3,2975,13,1,79,0,62,1,0,7.45018914257,0
pde_nominal,5,3076,6,0,14,0,14,1,0,3.24782836393,0
pde_nominal,0,4032,8,1,41,0,41,1,0,5.16902225145,0
pde_nominal,7,4445,13,1,23,0,23,1,0,3.99071782633,0
pde_nominal,1,2151,3,0,60,0,60,1,0,8.37857657944,0
pde_nominal,8,2809,5,0,38,0,36,1,0,6.93685268721,0
pde_nominal,6,2333,6,0,105,0,102,1,0,6.50447806608,0
pde_nominal,1,2150,11,1,45,0,43,1,0,5.31725205466,0
pde_nominal,4,3395,1,0,161,0,147,1,0,9.76099314084,0
pde_nominal,5,3073,3,0,34,0,34,1,0,5.54619695334,0
pde_nominal,4,3394,12,1,18,0,18,1,0,7.00451361572,0
pde_nominal,5,3072,12,1,50,0,50,1,0,6.04345241701,0
pde_nominal,8,2804,1,0,8,0,8,1,0,5.17644406084,0
pde_nominal,9,3228,9,1,106,0,96,1,0,7.209854849,0
pde_nominal,3,2968,12,1,7,0,0,1,0,4.61902662676,0
pde_nominal,4,3388,4,0,15,0,15,1,0,7.17540177066,0
pde_nominal,5,3070,10,1,162,0,96,1,0,10.5733974598,0
pde_nominal,6,2325,0,0,122,0,107,1,0,9.83021228357,0
pde_nominal,1,2141,14,1,90,0,81,1,0,7.72316251586,0
pde_nominal,8,2796,10,1,45,0,45,1,0,5.69735832618,0
pde_nominal,2,2526,10,1,28,0,28,1,0,8.91489408466,0
pde_nominal,9,3223,11,1,287,0,252,1,0,13.7318665296,0
pde_nominal,3,2956,4,0,45,0,45,1,0,6.28407867183,0
pde_nominal,5,3062,5,0,21,0,21,1,0,7.33360861616,0
pde_nominal,7,4426,7,0,116,0,116,1,0,6.07760886272,0
pde_nominal,0,4015,2,0,60,0,60,1,0,9.13560607864,0
pde_nominal,8,2792,4,0,183,0,183,1,0,9.16601732802,0
pde_nominal,9,3210,12,1,41,29,43,1,1,5.8802234482,0
pde_nominal,5,3049,15,1,10,0,10,1,0,3.17613965582,0
pde_nominal,2,2512,12,1,48,0,47,1,0,3.38200267826,0
pde_nominal,1,2122,14,1,33,0,33,1,0,5.13656763358,0
pde_nominal,4,3369,10,1,85,0,76,1,0,5.10010768526,0
pde_nominal,8,2775,1,0,26,0,17,1,0,5.96666094689,0
pde_nominal,2,3212,8,1,34,0,34,1,0,8.58465736458,0
pde_nominal,7,4413,5,0,92,0,92,1,0,8.59319922487,0
pde_nominal,0,4005,10,1,56,0,1,1,0,7.50503526259,0
pde_nominal,8,2770,6,0,49,0,0,1,0,5.89229183979,0
pde_nominal,0,4003,9,1,19,15,33,1,1,5.98533796524,0
pde_nominal,4,3366,15,1,13,0,13,1,0,5.91101893726,0
pde_nominal,2,2502,10,1,50,0,50,1,0,5.89512887356,0
pde_nominal,3,2936,1,0,132,0,121,1,0,6.15946401194,0
pde_nominal,4,3364,4,0,90,0,75,1,0,5.84457878434,0
pde_nominal,7,4406,1,0,66,0,66,1,0,4.38871944344,0
pde_nominal,6,2289,11,1,13,15,5,1,1,5.14479654655,0
pde_nominal,5,3036,5,0,97,0,73,1,0,6.52005148196,0
pde_nominal,9,3204,7,0,76,0,75,1,0,5.76012746072,0
pde_nominal,8,2759,3,0,35,0,32,1,0,7.17796558386,0
pde_nominal,9,3202,0,0,11,0,6,1,0,10.4921917538,0
pde_nominal,0,3995,9,1,38,0,38,1,0,4.66677292254,0
pde_nominal,5,3029,2,0,24,0,24,1,0,4.6349924955,0
pde_nominal,0,3993,14,1,70,0,70,1,0,4.1757765055,0
pde_nominal,8,2754,1,0,88,0,88,1,0,6.46211887694,0
pde_nominal,2,2495,7,0,53,0,53,1,0,5.18138404929,0
pde_nominal,2,2494,2,0,11,0,11,1,0,3.52551667094,0
pde_nominal,2,2492,4,0,0,0,0,1,0,5.09480457288,0
pde_nominal,3,2931,0,0,3,0,3,1,0,5.30361573878,0
pde_nominal,9,3195,9,1,105,0,105,1,0,5.79946883797,0
pde_nominal,3,2927,15,1,35,0,27,1,0,6.73368579144,0
pde_nominal,3,2924,7,0,54,0,36,1,0,4.76126900318,0
pde_nominal,5,3018,0,0,61,0,55,1,0,4.70473060087,0
pde_nominal,2,2483,11,1,29,0,29,1,0,5.69729476154,0
pde_nominal,1,2095,1,0,75,0,75,1,0,4.60769639715,0
pde_nominal,4,3340,11,1,108,0,108,1,0,5.3452574197,0
pde_nominal,2,2478,9,1,31,0,31,1,0,4.80842068014,0
pde_nominal,5,3016,8,1,26,0,26,1,0,8.49944839974,0
pde_nominal,7,4390,12,1,67,0,67,1,0,3.60644668969,0
pde_nominal,0,3985,11,1,18,0,8,1,0,3.19687447444,0
pde_nominal,9,3187,8,1,191,0,165,1,0,10.6050931935,0
pde_nominal,2,2475,10,1,63,0,38,1,0,6.65598849092,0
pde_nominal,9,3186,10,1,60,0,60,1,0,4.85979452891,0
pde_nominal,6,2266,6,0,36,0,36,1,0,2.90958864437,0
pde_nominal,0,3982,5,0,30,0,30,1,0,5.85886633088,0
pde_nominal,3,2899,0,0,82,0,82,1,0,4.91782369742,0
pde_nominal,7,4378,14,1,163,0,163,1,0,10.8992865952,0
pde_nominal,3,2893,1,0,23,0,17,1,0,4.57793505298,0
pde_nominal,8,2733,2,0,40,0,18,1,0,5.05606729555,0
pde_nominal,9,3167,11,1,10,0,9,1,0,3.14926503648,0
pde_nominal,8,2730,0,0,55,0,45,1,0,8.53289269351,0
pde_nominal,0,3965,14,1,73,0,39,1,0,7.25950660135,0
pde_nominal,5,2991,2,0,61,0,61,1,0,9.6697360557,0
pde_nominal,8,2726,15,1,47,0,47,1,0,6.13766178741,0
pde_nominal,6,2240,11,1,10,0,3,1,0,3.89369031685,0
pde_nominal,6,2238,3,0,22,0,9,1,0,3.69433111797,0
pde_nominal,9,3157,13,1,10,0,8,1,0,7.3618441956,0
pde_nominal,1,2060,13,1,43,0,37,1,0,5.08685417792,0
pde_nominal,5,2981,2,0,59,0,49,1,0,10.9051590053,0
pde_nominal,6,2232,8,1,24,19,34,1,1,5.3612949609,0
pde_nominal,1,2059,10,1,39,0,27,1,0,6.41121878754,0
pde_nominal,9,3156,0,0,104,0,60,1,0,7.8253238467,0
pde_nominal,4,3302,5,0,21,0,21,1,0,5.0168134378,0
pde_nominal,2,2426,12,1,52,0,52,1,0,4.79815844445,0
pde_nominal,3,2877,4,0,80,0,64,1,0,4.73240516413,0
pde_nominal,0,3952,4,0,66,0,66,1,0,4.91207151148,0
pde_nominal,5,2979,11,1,67,23,90,1,1,5.09385148219,0
pde_nominal,3,2875,7,0,34,0,34,1,0,5.63573253426,0
pde_nominal,1,2054,9,1,35,0,35,1,0,5.67292370804,0
pde_nominal,2,2421,11,1,23,0,23,1,0,3.86390507317,0
pde_nominal,9,3149,12,1,116,0,104,1,0,7.87138985694,0
pde_nominal,4,3295,15,1,12,0,12,1,0,7.4578575088,0
pde_nominal,3,2874,8,1,115,0,84,1,0,7.83706192599,0
pde_nominal,5,2973,10,1,63,0,63,1,0,5.68003323501,0
pde_nominal,1,2049,5,0,42,0,42,1,0,5.80062116311,0
pde_nominal,8,2715,8,1,81,0,81,1,0,8.14866594544,0
pde_nominal,1,2048,8,1,70,0,70,1,0,4.46763062353,0
pde_nominal,5,2970,14,1,101,0,101,1,0,5.7656917507,0
pde_nominal,4,3289,6,0,21,0,21,1,0,3.40218950097,0
pde_nominal,3,2869,10,1,49,0,49,1,0,6.96008423741,0
pde_nominal,4,3286,2,0,28,0,28,1,0,4.58374511918,0
pde_nominal,3,2865,2,0,4,0,0,1,0,4.2127827671,0
pde_nominal,7,4351,7,0,18,0,18,1,0,4.56481760312,0
pde_nominal,4,3283,9,1,63,0,63,1,0,4.493384796,0
pde_nominal,3,2864,2,0,58,0,54,1,0,6.58003704643,0
pde_nominal,1,2043,2,0,43,0,35,1,0,5.82785872718,0
pde_nominal,4,3282,10,1,76,0,64,1,0,4.86406085072,0
pde_nominal,7,4342,4,0,57,0,57,1,0,4.89154710015,0
pde_nominal,4,3276,1,0,39,0,31,1,0,8.42965462825,0
pde_nominal,5,2958,9,1,23,11,31,1,1,7.28407739829,0
pde_nominal,1,2034,5,0,11,0,1,1,0,4.25249917682,0
pde_nominal,2,2395,0,0,124,0,100,1,0,8.69539283394,0
pde_nominal,0,3932,1,0,51,0,37,1,0,4.62974995878,0
pde_nominal,6,2213,6,0,14,0,7,1,0,5.33941768771,0
pde_nominal,9,3132,9,1,91,0,53,1,0,5.91082347973,0
pde_nominal,5,2950,5,0,82,0,80,1,0,5.33783246223,0
pde_nominal,0,3928,3,0,58,0,56,1,0,6.50550490819,0
pde_nominal,5,2949,7,0,50,0,49,1,0,4.192739885,0
pde_nominal,0,3924,1,0,7,0,4,1,0,4.14758694177,0
pde_nominal,1,2028,1,0,208,0,163,1,0,11.7235502526,0
pde_nominal,7,4320,4,0,21,0,21,1,0,6.90394623025,0
pde_nominal,9,3125,5,0,73,0,42,1,0,11.8544605902,0
pde_nominal,9,3124,2,0,5,0,5,1,0,5.83593267897,0
pde_nominal,8,2680,1,0,58,0,58,1,0,6.1154121303,0
pde_nominal,1,2024,6,0,100,0,80,1,0,7.30563452916,0
pde_nominal,3,2835,10,1,49,0,49,1,0,4.73988788261,0
pde_nominal,2,2385,14,1,64,0,58,1,0,5.2011941258,0
pde_nominal,3,2831,12,1,24,0,15,1,0,4.56273469934,0
pde_nominal,8,2675,10,1,16,0,13,1,0,6.5110872924,0
pde_nominal,6,2187,12,1,46,24,66,1,1,7.91660557493,0
pde_nominal,5,2931,8,1,30,0,30,1,0,5.17062533209,0
pde_nominal,4,3256,5,0,84,0,84,1,0,4.60412481753,0
pde_nominal,6,2186,14,1,28,31,59,1,1,9.53274410389,0
pde_nominal,8,2668,2,0,14,0,14,1,0,3.44225973112,0
pde_nominal,0,3915,1,0,73,0,72,1,0,3.87183547764,0
pde_nominal,8,2666,2,0,73,0,70,1,0,5.71471947708,0
pde_nominal,0,3912,3,0,27,0,20,1,0,6.41120537793,0
pde_nominal,2,2371,8,1,45,0,30,1,0,4.01657056317,0
pde_nominal,0,3909,9,1,19,0,2,1,0,5.05958945549,0
pde_nominal,7,4300,5,0,26,0,26,1,0,3.68325751235,0
pde_nominal,2,2363,15,1,14,0,14,1,0,4.32934099516,0
pde_nominal,7,4293,13,1,86,0,86,1,0,6.01303770568,0
pde_nominal,2,2354,15,1,29,0,29,1,0,5.81542282176,0
pde_nominal,1,1999,0,0,8,0,8,1,0,4.32256386884,0
pde_nominal,5,2910,0,0,59,0,37,1,0,6.5506586642,0
pde_nominal,4,3235,7,0,76,0,49,1,0,5.71681652089,0
pde_nominal,0,3897,15,1,57,0,57,1,0,4.98730166939,0
pde_nominal,7,4276,12,1,12,0,12,1,0,5.6507336133,0
pde_nominal,6,2154,1,0,43,0,43,1,0,6.49341340711,0
pde_nominal,2,2341,0,0,23,0,23,1,0,4.33871723594,0
pde_nominal,5,2903,11,1,27,0,27,1,0,5.35508931561,0
pde_nominal,6,2151,3,0,96,0,96,1,0,8.2973414263,0
pde_nominal,9,3089,4,0,22,0,22,1,0,3.87683198237,0
pde_nominal,5,2900,13,1,35,0,35,1,0,5.87490775234,0
pde_nominal,2,2334,3,0,40,0,40,1,0,9.51718467482,0
pde_nominal,1,1990,10,1,69,0,69,1,0,4.35935241235,0
pde_nominal,7,4275,2,0,257,0,257,1,0,11.997770331,0
pde_nominal,3,2791,15,1,5,0,5,1,0,4.31933402793,0
pde_nominal,9,3779,4,0,29,0,29,1,0,6.28606820793,0
pde_nominal,1,1986,0,0,67,0,43,1,0,7.75930219947,0
pde_nominal,1,2962,0,0,0,0,0,0,0,9.06236174263,0
pde_nominal,6,2143,2,0,37,0,28,1,0,4.64095073884,0
pde_nominal,8,2637,5,0,75,0,50,1,0,4.79436984237,0
pde_nominal,9,3082,8,1,79,0,70,1,0,7.79215767456,0
pde_nominal,4,3225,13,1,49,0,49,1,0,10.8162268095,0
pde_nominal,8,2635,8,1,20,0,20,1,0,6.8568812003,0
pde_nominal,3,2780,4,0,24,0,24,1,0,3.9517028739,0
pde_nominal,3,3592,4,0,0,0,0,0,0,8.39556995034,0
pde_nominal,4,3222,0,0,6,0,6,1,0,5.04261610492,0
pde_nominal,1,1982,8,1,23,0,23,1,0,4.63088552328,0
pde_nominal,9,3076,14,1,33,0,33,1,0,3.69176967248,0
pde_nominal,2,2325,15,1,79,0,79,1,0,5.42126202377,0
pde_nominal,6,2138,5,0,44,0,24,1,0,6.56029167712,0
pde_nominal,9,3071,4,0,29,0,22,1,0,5.9828780252,0
pde_nominal,8,2627,15,1,45,0,41,1,0,4.1176102779,0
pde_nominal,7,4265,15,1,18,0,18,1,0,5.2898536018,0
pde_nominal,5,2882,8,1,163,0,132,1,0,10.0161052139,0
pde_nominal,1,1971,15,1,63,0,63,1,0,9.02916295588,0
pde_nominal,1,1970,15,1,6,0,6,1,0,8.4132227801,0
pde_nominal,1,1968,13,1,50,0,50,1,0,5.42816235617,0
pde_nominal,0,3872,7,0,8,0,8,1,0,3.92023735949,0
pde_nominal,6,2132,3,0,227,0,202,1,0,11.1540104681,0
pde_nominal,3,2768,14,1,98,0,78,1,0,7.80656427339,0
pde_nominal,7,4254,7,0,37,0,37,1,0,6.03852868588,0
pde_nominal,5,2870,1,0,26,0,0,1,0,5.36005890783,0
pde_nominal,8,2616,5,0,50,0,0,1,0,5.8118097579,0
pde_nominal,3,2762,9,1,22,0,0,1,0,6.42054308471,0
pde_nominal,5,2868,7,0,29,0,18,1,0,4.93608178203,0
pde_nominal,0,3860,3,0,47,0,46,1,0,6.56748020825,0
pde_nominal,1,1951,1,0,25,11,27,1,1,9.31679025577,0
pde_nominal,8,2614,10,1,173,0,125,1,0,13.6809004432,0
pde_nominal,5,2865,12,1,61,0,44,1,0,10.9019749014,0
pde_nominal,0,4360,8,1,73,0,54,1,0,16.8063681549,0
pde_nominal,3,2750,11,1,11,0,11,1,0,4.91516459367,0
pde_nominal,3,2749,15,1,12,0,12,1,0,4.59978110039,0
pde_nominal,4,3188,9,1,79,0,76,1,0,7.40174193084,0
pde_nominal,4,3185,11,1,17,0,17,1,0,6.27858933095,0
pde_nominal,6,2121,9,1,74,0,74,1,0,4.76891223481,0
pde_nominal,6,2119,0,0,68,0,62,1,0,5.79576204987,0
pde_nominal,6,3102,0,0,0,0,0,0,0,7.2534929269,0
pde_nominal,0,3856,15,1,104,29,124,1,1,10.0902485211,0
pde_nominal,1,1943,6,0,99,0,97,1,0,5.5866639176,0
pde_nominal,3,2746,10,1,67,0,67,1,0,4.08215797262,0
pde_nominal,7,4245,4,0,153,0,153,1,0,7.66084220448,0
pde_nominal,1,1942,10,1,55,0,51,1,0,4.62578766843,0
pde_nominal,5,2852,14,1,46,0,32,1,0,6.31165059902,0
pde_nominal,7,4240,5,0,73,0,73,1,0,5.6934254485,0
pde_nominal,4,3175,2,0,159,0,121,1,0,15.7951114453,0
pde_nominal,8,2598,14,1,51,0,51,1,0,4.52507369333,0
pde_nominal,1,1937,7,0,105,0,84,1,0,9.32430167295,0
pde_nominal,0,3840,2,0,51,0,51,1,0,5.3802786672,0
pde_nominal,8,2596,9,1,148,0,119,1,0,9.35950899973,0
pde_nominal,4,3627,14,1,68,0,33,1,0,13.5282531826,0
pde_nominal,2,2305,2,0,186,0,106,1,0,18.5505983616,0
pde_nominal,3,2733,3,0,83,0,57,1,0,10.7925703523,0
pde_nominal,2,2301,3,0,11,0,0,1,0,4.50337159138,0
pde_nominal,3,2731,1,0,52,0,44,1,0,4.56281526331,0
pde_nominal,3,2730,0,0,25,0,8,1,0,4.5643628731,0
pde_nominal,3,2720,13,1,47,0,46,1,0,5.62661602932,0
pde_nominal,9,3781,6,0,46,0,46,1,0,5.18931506086,0
pde_nominal,4,3151,15,1,20,0,12,1,0,3.31370082381,0
pde_nominal,6,2091,12,1,17,0,9,1,0,7.19561445193,0
pde_nominal,5,2824,15,1,29,0,18,1,0,6.00722102062,0
pde_nominal,4,3139,10,1,79,0,60,1,0,8.63078514269,0
pde_nominal,3,2711,5,0,15,0,11,1,0,4.62279563397,0
pde_nominal,1,1916,11,1,72,0,41,1,0,4.39979785671,0
pde_nominal,0,3830,10,1,49,0,24,1,0,5.22078501395,0
pde_nominal,5,2817,2,0,12,0,0,1,0,3.93768576709,0
pde_nominal,0,3826,11,1,23,0,0,1,0,4.95161489624,0
pde_nominal,6,2081,15,1,3,0,0,1,0,3.99932909613,0
pde_nominal,6,3104,15,1,0,0,0,0,0,4.74861821956,0
pde_nominal,5,2813,11,1,94,0,94,1,0,7.89831431882,0
pde_nominal,2,2283,3,0,36,0,28,1,0,8.6284972354,0
pde_nominal,4,3120,0,0,83,0,58,1,0,5.75217161698,0
pde_nominal,6,2072,12,1,109,0,82,1,0,7.70164007094,0
pde_nominal,9,2995,3,0,76,0,71,1,0,6.43755356425,0
pde_nominal,4,3118,13,1,76,0,76,1,0,3.6431926862,0
pde_nominal,8,2561,12,1,20,0,17,1,0,4.41385303345,0
pde_nominal,9,2994,6,0,50,0,45,1,0,4.91666006113,0
pde_nominal,8,2560,3,0,49,0,4,1,0,6.32623242796,0
pde_nominal,3,2697,5,0,60,0,44,1,0,6.36079019952,0
pde_nominal,6,2062,3,0,39,0,21,1,0,7.8622424439,0
pde_nominal,9,2988,10,1,22,0,3,1,0,5.27963694021,0
pde_nominal,7,4196,1,0,25,33,15,1,1,6.24401298902,0
pde_nominal,7,4195,4,0,76,0,76,1,0,4.44617292487,0
pde_nominal,2,2275,11,1,20,0,14,1,0,4.02567378933,0
pde_nominal,9,2984,10,1,28,0,24,1,0,8.83455089342,0
pde_nominal,8,2549,12,1,39,0,32,1,0,5.32491676885,0
pde_nominal,4,3108,0,0,23,0,18,1,0,6.45879918676,0
pde_nominal,7,4193,4,0,25,19,25,1,1,6.85039766224,0
pde_nominal,5,2800,6,0,72,0,48,1,0,8.21130984809,0
pde_nominal,5,2795,1,0,18,0,12,1,0,4.61870995455,0
pde_nominal,4,3106,10,1,48,0,37,1,0,3.9899038017,0
pde_nominal,7,4190,7,0,42,0,42,1,0,4.98350845145,0
pde_nominal,3,2684,0,0,13,0,5,1,0,2.98468162438,0
pde_nominal,7,4187,7,0,74,0,74,1,0,7.80749761715,0
pde_nominal,2,2262,8,1,29,0,8,1,0,8.23988877442,0
pde_nominal,7,4183,1,0,19,0,19,1,0,4.48352131172,0
pde_nominal,2,2261,8,1,57,0,35,1,0,5.82132655039,0
pde_nominal,5,2785,7,0,58,0,58,1,0,7.27097560839,0
pde_nominal,4,3094,14,1,41,0,25,1,0,9.16572878959,0
pde_nominal,9,2971,8,1,42,0,35,1,0,9.93180194097,0
pde_nominal,6,2040,2,0,92,0,88,1,0,8.02008037874,0
pde_nominal,7,4173,4,0,8,0,8,1,0,3.96616303647,0
pde_nominal,1,1876,6,0,22,0,18,1,0,5.11302159595,0
pde_nominal,4,3089,10,1,22,0,0,1,0,8.59734385066,0
pde_nominal,0,3785,6,0,59,0,3,1,0,6.09406243994,0
pde_nominal,1,1872,9,1,36,0,25,1,0,6.02650932673,0
pde_nominal,8,2533,13,1,108,0,41,1,0,10.0623120239,0
pde_nominal,6,2036,5,0,145,0,71,1,0,8.21554148039,0
pde_nominal,5,2771,5,0,98,0,98,1,0,5.66997795967,0
pde_nominal,6,2032,15,1,27,0,27,1,0,5.47971351991,0
pde_nominal,7,4167,3,0,140,0,140,1,0,6.79446797554,0
pde_nominal,2,2246,11,1,23,0,22,1,0,11.7284397367,0
pde_nominal,8,2528,13,1,7,0,4,1,0,5.44452964681,0
pde_nominal,6,2029,2,0,26,16,29,1,1,8.65551913828,0
pde_nominal,9,2958,2,0,49,0,44,1,0,6.889830649,0
pde_nominal,1,1863,1,0,96,0,96,1,0,5.17650139103,0
pde_nominal,6,2024,15,1,13,0,13,1,0,7.10934600512,0
pde_nominal,5,2765,14,1,50,0,12,1,0,4.22959364813,0
pde_nominal,1,1857,3,0,42,0,15,1,0,4.80475739344,0
pde_nominal,1,1852,6,0,31,0,31,1,0,5.36416269438,0
pde_nominal,7,4157,6,0,162,0,162,1,0,10.5495168898,0
pde_nominal,0,3766,3,0,43,0,43,1,0,5.46754554472,0
pde_nominal,2,2231,8,1,13,0,12,1,0,4.79543110335,0
pde_nominal,6,2010,1,0,23,0,19,1,0,3.53453240258,0
pde_nominal,9,2944,2,0,35,0,31,1,0,6.4710254448,0
pde_nominal,7,4141,13,1,55,0,55,1,0,6.05860109812,0
pde_nominal,0,3754,1,0,29,0,3,1,0,10.4593550635,0
pde_nominal,3,2642,12,1,84,27,76,1,1,7.82761742978,0
pde_nominal,2,3217,15,1,44,0,44,1,0,6.91718501332,0
pde_nominal,9,2937,2,0,30,0,30,1,0,4.71150772509,0
pde_nominal,6,3105,10,1,145,0,123,1,0,12.3139655643,0
pde_nominal,9,2935,12,1,12,0,12,1,0,5.10473727077,0
pde_nominal,1,1837,8,1,11,0,11,1,0,4.89631401633,0
pde_nominal,6,1998,8,1,58,0,58,1,0,6.21137853734,0
pde_nominal,2,2219,5,0,26,0,26,1,0,7.30124958125,0
pde_nominal,5,2746,2,0,66,0,66,1,0,6.18581985019,0
pde_nominal,8,2508,15,1,60,0,60,1,0,6.03275763177,0
pde_nominal,0,3748,14,1,98,0,98,1,0,5.97339618008,0
pde_nominal,7,4132,10,1,76,0,76,1,0,6.11798024048,0
pde_nominal,2,2217,15,1,25,0,25,1,0,4.19514657735,0
pde_nominal,1,1832,5,0,38,0,38,1,0,3.82691579034,0
pde_nominal,9,2933,11,1,59,0,59,1,0,3.83070698254,0
pde_nominal,5,2743,15,1,14,0,8,1,0,3.7232516604,0
pde_nominal,8,2507,1,0,104,0,77,1,0,5.98196847211,0
pde_nominal,8,2505,3,0,4,0,4,1,0,7.61803775033,0
pde_nominal,7,4127,2,0,47,0,47,1,0,4.59142570424,0
pde_nominal,8,2500,11,1,90,0,90,1,0,5.41830235303,0
pde_nominal,0,3741,5,0,34,0,33,1,0,6.01811394404,0
pde_nominal,1,1825,6,0,22,0,22,1,0,3.22719029246,0
pde_nominal,4,3053,9,1,26,0,26,1,0,3.76154002624,0
pde_nominal,5,2738,1,0,56,0,56,1,0,6.34263924843,0
pde_nominal,9,2924,13,1,9,0,9,1,0,3.84687094731,0
pde_nominal,5,2736,9,1,7,0,7,1,0,3.98398002159,0
pde_nominal,0,3733,10,1,18,0,15,1,0,6.89431725429,0
pde_nominal,6,1979,13,1,100,0,94,1,0,8.18178255069,0
pde_nominal,5,2729,1,0,17,0,17,1,0,6.08497889151,0
pde_nominal,0,3730,3,0,64,0,43,1,0,6.61418301475,0
pde_nominal,8,2484,15,1,34,0,25,1,0,5.98209744402,0
pde_nominal,3,2613,14,1,24,0,24,1,0,4.11732961087,0
pde_nominal,3,2612,7,0,11,0,11,1,0,6.17588901733,0
pde_nominal,6,1975,14,1,7,0,6,1,0,9.96097913964,0
pde_nominal,5,2720,4,0,19,0,9,1,0,5.73789415092,0
pde_nominal,2,2195,9,1,23,0,12,1,0,9.66612986571,0
pde_nominal,3,2606,6,0,10,0,0,1,0,5.09432737458,0
pde_nominal,9,2920,13,1,8,0,8,1,0,4.09075752969,0
pde_nominal,3,2602,1,0,62,0,57,1,0,8.031548244,0
pde_nominal,3,2598,7,0,17,0,17,1,0,3.62865479294,0
pde_nominal,2,2189,8,1,20,0,20,1,0,2.7798737683,0
pde_nominal,7,4102,8,1,105,0,105,1,0,7.36221939898,0
pde_nominal,2,2187,11,1,4,0,2,1,0,5.74380818375,0
pde_nominal,1,1799,14,1,7,0,5,1,0,5.00018344041,0
pde_nominal,7,4100,14,1,8,0,8,1,0,13.6954396149,0
pde_nominal,8,2464,5,0,18,0,0,1,0,5.93751363654,0
pde_nominal,0,4361,3,0,1,0,1,1,0,13.0557555038,0
pde_nominal,5,2703,2,0,76,0,29,1,0,6.2050398513,0
pde_nominal,1,1788,3,0,83,0,64,1,0,5.53006248149,0
pde_nominal,7,4096,9,1,5,0,5,1,0,3.09507294925,0
pde_nominal,1,1785,15,1,25,0,25,1,0,3.14404919001,0
pde_nominal,5,2701,5,0,100,0,93,1,0,4.83112589698,0
pde_nominal,1,1784,12,1,39,0,34,1,0,7.18154028556,0
pde_nominal,4,3022,8,1,50,0,37,1,0,4.6506864506,0
pde_nominal,3,2583,12,1,15,0,15,1,0,3.63401541648,0
pde_nominal,7,4091,14,1,91,0,91,1,0,9.80307650045,0
pde_nominal,9,3783,3,0,13,0,10,1,0,4.71733848621,0
pde_nominal,0,3714,4,0,32,0,31,1,0,5.01008791021,0
pde_nominal,2,2171,8,1,19,0,14,1,0,5.70490836743,0
pde_nominal,5,2695,1,0,15,0,15,1,0,3.99886770124,0
pde_nominal,7,4086,4,0,13,0,13,1,0,4.61818410648,0
pde_nominal,8,2447,3,0,48,10,32,1,1,7.84227798995,0
pde_nominal,5,2694,5,0,39,0,39,1,0,4.116897019,0
pde_nominal,4,3630,12,1,2,2,4,1,1,10.1643745811,0
pde_nominal,1,1770,10,1,47,0,47,1,0,3.96828852101,0
pde_nominal,3,2571,12,1,9,0,5,1,0,5.50852853214,0
pde_nominal,5,2690,5,0,47,0,47,1,0,10.5779757362,0
pde_nominal,4,3010,6,0,44,0,17,1,0,6.98744257852,0
pde_nominal,4,3631,6,0,0,0,0,0,0,8.75812244923,0
pde_nominal,3,2562,0,0,42,0,24,1,0,6.52515796784,0
pde_nominal,6,1933,11,1,3,0,0,1,0,6.61265997671,0
pde_nominal,8,2433,11,1,7,0,7,1,0,5.94688337029,0
pde_nominal,3,2559,2,0,58,0,48,1,0,7.02658997986,0
pde_nominal,5,2684,9,1,29,0,29,1,0,4.54927118998,0
pde_nominal,0,3701,2,0,82,0,68,1,0,8.35268261174,0
pde_nominal,3,2554,3,0,14,0,13,1,0,5.31126502495,0
pde_nominal,4,3004,6,0,22,0,22,1,0,5.46103863162,0
pde_nominal,9,2894,0,0,197,0,151,1,0,10.2402167142,0
pde_nominal,9,2893,0,0,6,0,6,1,0,6.81536501437,0
pde_nominal,5,2681,13,1,24,0,24,1,0,3.49729331062,0
pde_nominal,0,3696,0,0,85,0,85,1,0,9.10971769496,0
pde_nominal,2,2151,13,1,24,0,24,1,0,6.14534578321,0
pde_nominal,1,1749,7,0,30,0,23,1,0,4.06221536004,0
pde_nominal,3,2548,0,0,72,0,63,1,0,4.38558280592,0
pde_nominal,1,1747,14,1,48,0,47,1,0,4.59247671376,0
pde_nominal,6,1921,14,1,40,0,25,1,0,4.34768762277,0
pde_nominal,6,3106,14,1,0,0,0,0,0,5.0443831313,0
pde_nominal,1,1745,9,1,26,0,26,1,0,3.30507573223,0
pde_nominal,7,4049,4,0,24,0,24,1,0,4.83689720195,0
pde_nominal,4,2998,9,1,37,0,31,1,0,6.78796553673,0
pde_nominal,9,2884,4,0,2,0,1,1,0,5.35153985842,0
pde_nominal,8,2423,1,0,182,0,133,1,0,8.94622170291,0
pde_nominal,5,2675,8,1,18,0,8,1,0,7.32607774624,0
pde_nominal,1,1740,11,1,42,0,32,1,0,5.81603896406,0
pde_nominal,3,2541,0,0,60,0,47,1,0,4.32403671783,0
pde_nominal,7,4045,1,0,77,24,77,1,1,7.84714995249,0
pde_nominal,3,2534,5,0,13,0,3,1,0,4.03968354871,0
pde_nominal,4,3634,3,0,56,0,45,1,0,12.5089078029,0
pde_nominal,1,1724,1,0,58,0,36,1,0,4.37159581868,0
pde_nominal,9,2869,8,1,40,0,17,1,0,5.09611103454,0
pde_nominal,6,1911,10,1,16,0,6,1,0,7.30887205946,0
pde_nominal,9,2866,6,0,30,0,15,1,0,15.1756990863,0
pde_nominal,0,3677,4,0,57,0,21,1,0,5.15547546722,0
pde_nominal,4,2977,8,1,86,0,26,1,0,7.58019261631,0
pde_nominal,2,2128,5,0,133,0,66,1,0,7.77247492737,0
pde_nominal,3,2520,13,1,49,0,30,1,0,4.04997311708,0
pde_nominal,1,1708,10,1,11,0,8,1,0,4.71096494852,0
pde_nominal,6,1897,0,0,24,0,9,1,0,3.72819154658,0
pde_nominal,6,1896,1,0,13,0,8,1,0,3.54207084374,0
pde_nominal,5,2648,13,1,84,0,55,1,0,8.34956616736,0
pde_nominal,3,2515,14,1,79,0,62,1,0,4.66327606609,0
pde_nominal,3,2513,15,1,23,0,18,1,0,5.14532200369,0
pde_nominal,1,1701,12,1,27,0,16,1,0,3.7736608204,0
pde_nominal,7,4025,4,0,128,31,114,1,1,9.95464532709,0
pde_nominal,0,3662,9,1,34,0,34,1,0,4.48506090203,0
pde_nominal,5,2644,11,1,104,0,89,1,0,8.05847484442,0
pde_nominal,3,2512,1,0,76,25,91,1,1,15.6507947889,0
pde_nominal,0,3655,13,1,9,0,0,1,0,5.11655373928,0
pde_nominal,1,1696,1,0,66,0,27,1,0,9.10439580393,0
pde_nominal,6,1887,5,0,41,0,41,1,0,3.51608991289,0
pde_nominal,0,3650,9,1,9,0,9,1,0,5.51164787687,0
pde_nominal,9,2848,11,1,295,0,220,1,0,18.7837744062,0
pde_nominal,3,2505,2,0,16,0,16,1,0,4.36428606906,0
pde_nominal,7,4015,6,0,119,0,119,1,0,12.6001373016,0
pde_nominal,0,3648,7,0,64,0,50,1,0,5.79827546693,0
pde_nominal,5,2638,9,1,65,0,53,1,0,7.19001449784,0
pde_nominal,2,2104,4,0,13,0,8,1,0,7.61886294739,0
pde_nominal,5,2635,13,1,2,0,2,1,0,6.913390077,0
pde_nominal,3,2499,5,0,16,0,16,1,0,4.41841500189,0
pde_nominal,1,1687,10,1,23,0,23,1,0,6.69257406432,0
pde_nominal,1,2968,10,1,0,0,0,0,0,7.57123627067,0
pde_nominal,5,2631,14,1,58,0,58,1,0,6.51754690488,0
pde_nominal,6,1876,13,1,73,0,73,1,0,8.33578695465,0
pde_nominal,2,2098,7,0,101,0,101,1,0,8.58350554992,0
pde_nominal,8,2377,9,1,55,0,55,1,0,7.05204841532,0
pde_nominal,1,1680,11,1,23,16,39,1,1,10.5432453943,0
pde_nominal,4,2941,2,0,47,0,47,1,0,4.83246573296,0
pde_nominal,9,2830,13,1,54,0,54,1,0,4.24997341431,0
pde_nominal,7,4007,3,0,59,0,59,1,0,4.65635265217,0
pde_nominal,9,2829,11,1,34,0,34,1,0,4.1199966197,0
pde_nominal,1,1676,12,1,4,0,4,1,0,3.33424591687,0
pde_nominal,4,2937,3,0,55,0,55,1,0,5.46311569684,0
pde_nominal,9,2828,0,0,86,0,86,1,0,7.47876769539,0
pde_nominal,2,2093,5,0,149,0,130,1,0,8.62568397899,0
pde_nominal,5,2625,9,1,37,0,16,1,0,7.07694900432,0
pde_nominal,3,2477,0,0,55,0,40,1,0,4.62128881244,0
pde_nominal,8,2366,0,0,62,0,43,1,0,10.1076896253,0
pde_nominal,8,2365,3,0,56,0,41,1,0,6.23362683467,0
pde_nominal,3,2475,6,0,49,0,35,1,0,6.31069116526,0
pde_nominal,6,1863,6,0,19,0,18,1,0,6.92709080259,0
pde_nominal,3,2472,7,0,23,0,23,1,0,5.17901877201,0
pde_nominal,4,2932,2,0,168,0,116,1,0,9.17725512614,0
pde_nominal,5,2618,4,0,73,0,73,1,0,7.13322295008,0
pde_nominal,9,2822,4,0,12,0,7,1,0,3.72737568728,0
pde_nominal,3,2469,0,0,80,0,65,1,0,8.01000565347,0
pde_nominal,7,3985,4,0,32,0,32,1,0,3.79309345772,0
pde_nominal,1,1662,11,1,12,0,4,1,0,5.83055641453,0
pde_nominal,0,3626,11,1,19,0,7,1,0,5.49104570359,0
pde_nominal,9,2817,0,0,22,0,7,1,0,4.99396254374,0
pde_nominal,0,3624,5,0,30,0,24,1,0,5.01700977575,0
pde_nominal,0,3623,10,1,8,0,0,1,0,3.08959250391,0
pde_nominal,8,2347,11,1,69,0,44,1,0,6.31216497641,0
pde_nominal,8,2345,1,0,8,0,0,1,0,7.69767245294,0
pde_nominal,9,2814,2,0,43,0,32,1,0,4.75753118159,0
pde_nominal,5,2610,10,1,23,0,23,1,0,4.01108908951,0
pde_nominal,6,1847,2,0,119,0,76,1,0,7.86504367068,0
pde_nominal,5,2609,2,0,15,0,15,1,0,4.22662530043,0
pde_nominal,9,2811,9,1,55,0,55,1,0,6.96349594188,0
pde_nominal,3,2459,13,1,1,0,1,1,0,3.77079320577,0
pde_nominal,0,3614,11,1,5,0,4,1,0,3.44717669428,0
pde_nominal,0,3612,3,0,2,0,0,1,0,6.29105968634,0
pde_nominal,7,3970,3,0,21,0,21,1,0,6.25133457842,0
pde_nominal,4,2911,2,0,51,0,51,1,0,5.16127960145,0
pde_nominal,3,2457,6,0,76,0,69,1,0,10.8682607591,0
pde_nominal,5,2601,3,0,57,0,57,1,0,5.62604716086,0
pde_nominal,3,2454,12,1,57,0,57,1,0,3.88874867324,0
pde_nominal,2,2072,14,1,82,0,82,1,0,6.25261953936,0
pde_nominal,9,2798,11,1,32,0,32,1,0,4.28836479845,0
pde_nominal,1,1644,1,0,48,0,48,1,0,4.30382524921,0
pde_nominal,8,2330,4,0,32,0,32,1,0,5.25082056168,0
pde_nominal,0,3605,9,1,61,0,61,1,0,4.61663178939,0
pde_nominal,9,2797,12,1,70,0,70,1,0,6.38696470104,0
pde_nominal,1,1641,4,0,26,0,26,1,0,7.4597737958,0
pde_nominal,4,2907,6,0,21,0,21,1,0,3.19159943998,0
pde_nominal,2,2069,13,1,83,0,83,1,0,7.83834073172,0
pde_nominal,9,2796,9,1,24,0,24,1,0,9.27615962585,0
pde_nominal,7,3964,3,0,40,0,40,1,0,3.67837015944,0
pde_nominal,2,2065,13,1,0,0,0,1,0,5.84310898294,0
pde_nominal,1,1639,9,1,148,0,117,1,0,10.1200770355,0
pde_nominal,4,2904,2,0,75,0,51,1,0,6.24919428825,0
pde_nominal,2,2061,3,0,41,0,26,1,0,5.84456467254,0
pde_nominal,8,2326,9,1,89,0,46,1,0,8.03452651215,0
pde_nominal,5,2598,10,1,57,13,18,1,1,5.56260968231,0
pde_nominal,1,1635,6,0,26,0,25,1,0,8.14714911057,0
pde_nominal,6,1818,10,1,6,0,6,1,0,6.36492507734,0
pde_nominal,9,2787,15,1,28,0,25,1,0,5.9914963933,0
pde_nominal,5,2594,9,1,69,0,46,1,0,5.85681526111,0
pde_nominal,0,3586,14,1,18,0,12,1,0,6.80365002311,0
pde_nominal,0,3584,15,1,15,0,0,1,0,5.22881751698,0
pde_nominal,8,2315,7,0,43,22,39,1,1,8.16615053872,0
pde_nominal,5,2587,2,0,32,0,32,1,0,4.65742894985,0
pde_nominal,6,1812,9,1,21,0,21,1,0,3.52998179673,0
pde_nominal,1,1624,15,1,79,0,73,1,0,8.34446818671,0
pde_nominal,0,3575,11,1,0,0,0,1,0,4.62622531126,0
pde_nominal,2,2039,12,1,91,0,83,1,0,8.44338221692,0
pde_nominal,7,3933,4,0,11,0,11,1,0,5.82505545719,0
pde_nominal,0,3573,15,1,24,0,17,1,0,6.53915722213,0
pde_nominal,1,1614,1,0,54,0,6,1,0,4.36226206266,0
pde_nominal,8,2307,0,0,23,0,19,1,0,7.78654166441,0
pde_nominal,5,2571,3,0,17,0,0,1,0,5.52479680359,0
pde_nominal,1,1608,4,0,37,0,14,1,0,3.30892457906,0
pde_nominal,9,2762,13,1,41,0,18,1,0,3.69532042422,0
pde_nominal,1,1607,5,0,65,0,19,1,0,5.26730583676,0
pde_nominal,9,2760,10,1,81,0,49,1,0,6.47870646059,0
pde_nominal,5,2563,4,0,39,0,39,1,0,7.0767217711,0
pde_nominal,6,1795,11,1,63,0,63,1,0,4.49374039964,0
pde_nominal,8,2296,9,1,75,0,75,1,0,5.20206185837,0
pde_nominal,0,3546,10,1,10,0,10,1,0,5.37249343573,0
pde_nominal,7,3918,9,1,87,0,87,1,0,6.01224048356,0
pde_nominal,7,3916,12,1,18,0,18,1,0,4.98152671347,0
pde_nominal,9,2754,7,0,16,0,16,1,0,6.51475025785,0
pde_nominal,9,2753,1,0,25,0,25,1,0,4.45461012994,0
pde_nominal,3,2407,2,0,13,0,13,1,0,4.37364629572,0
pde_nominal,7,3911,5,0,41,0,41,1,0,4.18341139496,0
pde_nominal,4,2867,5,0,76,0,76,1,0,6.50595740623,0
pde_nominal,5,2557,5,0,92,0,92,1,0,6.97584830806,0
pde_nominal,3,2404,4,0,19,0,18,1,0,5.01985405925,0
pde_nominal,3,2400,13,1,47,0,43,1,0,5.23644565662,0
pde_nominal,3,2398,8,1,16,0,16,1,0,6.72481375602,0
pde_nominal,8,2280,3,0,11,0,11,1,0,5.20735036539,0
pde_nominal,0,3525,12,1,26,0,26,1,0,4.28509293436,0
pde_nominal,2,2012,0,0,39,23,62,1,1,7.65537740528,0
pde_nominal,9,2742,8,1,16,0,16,1,0,4.98555883016,0
pde_nominal,0,3524,5,0,68,0,68,1,0,4.22318741602,0
pde_nominal,0,3521,8,1,22,0,22,1,0,4.5312938111,0
pde_nominal,9,2740,4,0,28,0,28,1,0,8.26213262822,0
pde_nominal,0,3520,3,0,26,0,26,1,0,3.21573749822,0
pde_nominal,2,2010,10,1,121,0,121,1,0,8.35245073849,0
pde_nominal,7,3900,10,1,50,0,50,1,0,6.1824612294,0
pde_nominal,3,2392,6,0,22,0,22,1,0,3.15195662811,0
pde_nominal,2,2009,0,0,63,0,63,1,0,4.60138100278,0
pde_nominal,6,1780,1,0,273,0,273,1,0,11.663008557,0
pde_nominal,3,2389,6,0,18,0,18,1,0,3.39312176935,0
pde_nominal,5,2542,13,1,66,0,66,1,0,6.19499120561,0
pde_nominal,7,3895,4,0,49,0,49,1,0,3.87950948739,0
pde_nominal,5,2537,5,0,32,0,32,1,0,6.99009423148,0
pde_nominal,2,2004,1,0,51,0,51,1,0,5.69731555256,0
pde_nominal,6,1776,14,1,113,0,113,1,0,6.12606678563,0
pde_nominal,5,2534,11,1,51,0,34,1,0,5.54586338037,0
pde_nominal,8,2274,7,0,45,0,28,1,0,4.75341281795,0
pde_nominal,1,1584,5,0,22,0,7,1,0,4.0025546534,0
pde_nominal,1,1582,6,0,12,0,8,1,0,3.81114292217,0
pde_nominal,3,2375,9,1,17,0,11,1,0,6.1283400848,0
pde_nominal,4,2840,12,1,44,0,41,1,0,9.14338778132,0
pde_nominal,5,2531,6,0,85,0,81,1,0,4.9864002015,0
pde_nominal,7,3884,6,0,25,0,25,1,0,5.9695729459,0
pde_nominal,9,2724,5,0,152,0,123,1,0,9.77319698748,0
pde_nominal,6,1765,14,1,70,0,48,1,0,4.70974338965,0
pde_nominal,2,1991,14,1,23,0,23,1,0,3.91500697561,0
pde_nominal,0,3501,1,0,8,0,4,1,0,3.33601706239,0
pde_nominal,6,1762,10,1,10,0,8,1,0,4.15132495848,0
pde_nominal,4,2835,11,1,189,0,120,1,0,12.8638187764,0
pde_nominal,0,3498,1,0,10,0,0,1,0,3.69568878596,0
pde_nominal,9,2716,15,1,17,0,17,1,0,9.91821219153,0
pde_nominal,3,2364,7,0,32,0,32,1,0,4.24319959586,0
pde_nominal,3,3599,7,0,0,0,0,0,0,8.97150953002,0
pde_nominal,1,1572,14,1,35,0,32,1,0,5.19604789368,0
pde_nominal,0,3494,12,1,49,0,22,1,0,11.6076665873,0
pde_nominal,9,2711,6,0,68,33,78,1,1,9.97411284512,0
pde_nominal,6,1754,4,0,15,0,15,1,0,6.30866495027,0
pde_nominal,0,3491,10,1,27,0,25,1,0,5.13296619742,0
pde_nominal,1,1569,6,0,100,0,94,1,0,10.7036761945,0
pde_nominal,4,2820,0,0,32,0,32,1,0,5.11694038854,0
pde_nominal,7,3857,5,0,47,0,47,1,0,4.28611293632,0
pde_nominal,7,3856,10,1,20,0,20,1,0,5.59527937184,0
pde_nominal,2,1971,9,1,7,0,4,1,0,3.72219757988,0
pde_nominal,1,1564,13,1,34,0,16,1,0,6.06883780326,0
pde_nominal,4,2814,1,0,28,0,20,1,0,5.02401201739,0
pde_nominal,6,1741,1,0,71,0,34,1,0,5.98291959307,0
pde_nominal,9,2696,4,0,19,0,19,1,0,5.135872525,0
pde_nominal,9,3786,4,0,0,0,0,0,0,5.48917450819,0
pde_nominal,3,2346,8,1,19,0,19,1,0,5.44123795914,0
pde_nominal,6,1740,0,0,74,0,71,1,0,6.19760200221,0
pde_nominal,9,2693,11,1,28,0,28,1,0,4.2708755365,0
pde_nominal,3,2342,5,0,0,0,0,1,0,6.61890683098,0
pde_nominal,0,3477,10,1,75,0,56,1,0,6.46596021462,0
pde_nominal,4,2801,9,1,13,0,13,1,0,3.32230571837,0
pde_nominal,2,1958,1,0,50,0,50,1,0,9.66325397958,0
pde_nominal,8,2245,11,1,31,0,20,1,0,6.33417110637,0
pde_nominal,4,2798,3,0,40,0,22,1,0,8.79458146729,0
pde_nominal,6,1730,1,0,119,0,69,1,0,9.59776246053,0
pde_nominal,4,2796,5,0,2,0,2,1,0,3.13542195667,0
pde_nominal,2,1954,1,0,80,0,67,1,0,4.9579046703,0
pde_nominal,5,2492,9,1,101,0,87,1,0,7.30091987595,0
pde_nominal,9,2678,9,1,52,0,52,1,0,6.2987291513,0
pde_nominal,7,3833,15,1,101,0,101,1,0,5.6377809398,0
pde_nominal,9,2675,12,1,62,20,82,1,1,5.97985317952,0
pde_nominal,8,2241,14,1,64,0,64,1,0,7.83093020517,0
pde_nominal,0,3464,0,0,13,0,13,1,0,7.42676940567,0
pde_nominal,4,2787,9,1,21,0,17,1,0,7.25944966226,0
pde_nominal,0,3463,0,0,49,0,38,1,0,7.79745637863,0
pde_nominal,2,1946,15,1,38,0,38,1,0,3.93190902133,0
pde_nominal,7,3827,1,0,55,0,55,1,0,6.92518323918,0
pde_nominal,0,3461,11,1,47,0,45,1,0,3.23385011918,0
pde_nominal,4,2780,11,1,41,0,24,1,0,4.65176395887,0
pde_nominal,5,2480,11,1,36,0,34,1,0,9.72951439688,0
pde_nominal,0,3457,2,0,29,0,29,1,0,5.38405538467,0
pde_nominal,7,3824,6,0,83,0,83,1,0,6.72446453871,0
pde_nominal,8,2235,11,1,119,0,119,1,0,6.72198750316,0
pde_nominal,3,2313,13,1,13,0,0,1,0,9.91260066922,0
pde_nominal,3,2311,10,1,43,0,23,1,0,7.29587564943,0
pde_nominal,2,1932,12,1,9,0,9,1,0,4.15600537918,0
pde_nominal,3,2305,4,0,10,0,1,1,0,8.34695668571,0
pde_nominal,4,2761,1,0,51,0,29,1,0,5.23391914765,0
pde_nominal,5,2472,4,0,48,0,25,1,0,5.57991284981,0
pde_nominal,3,2302,15,1,20,0,20,1,0,7.71298090258,0
pde_nominal,1,1527,0,0,146,0,83,1,0,9.66167297166,0
pde_nominal,5,2468,1,0,74,0,68,1,0,3.76651194114,0
pde_nominal,5,3692,1,0,0,0,0,0,0,5.64731613473,0
pde_nominal,3,2297,12,1,83,0,74,1,0,6.16249879825,0
pde_nominal,0,3445,4,0,78,0,73,1,0,6.15192836471,0
pde_nominal,0,3442,2,0,9,0,9,1,0,5.19365412965,0
pde_nominal,3,2296,13,1,71,0,57,1,0,7.86820842454,0
pde_nominal,5,2459,14,1,30,0,22,1,0,10.1938196459,0
pde_nominal,4,2755,3,0,23,0,16,1,0,4.51542410493,0
pde_nominal,8,2214,5,0,67,0,52,1,0,5.95265545654,0
pde_nominal,3,3600,3,0,23,0,18,1,0,6.44570167166,0
pde_nominal,9,2664,7,0,21,0,14,1,0,4.86710576189,0
pde_nominal,1,1512,10,1,49,0,40,1,0,3.99787313353,0
pde_nominal,0,3426,11,1,16,0,16,1,0,9.13630158302,0
pde_nominal,7,3799,5,0,96,0,96,1,0,7.68372061644,0
pde_nominal,6,1689,14,1,60,0,60,1,0,7.71895612362,0
pde_nominal,9,2654,13,1,35,0,35,1,0,5.75518100111,0
pde_nominal,9,2649,15,1,29,0,29,1,0,4.18163148612,0
pde_nominal,0,3412,0,0,62,0,62,1,0,5.04475138622,0
pde_nominal,3,2278,4,0,42,0,42,1,0,5.43945262027,0
pde_nominal,6,1683,2,0,66,0,53,1,0,4.04855937871,0
pde_nominal,9,2646,11,1,30,0,4,1,0,3.66324871287,0
pde_nominal,2,1919,13,1,42,0,28,1,0,6.43486271955,0
pde_nominal,8,2189,15,1,6,0,6,1,0,3.00711336038,0
pde_nominal,3,2271,10,1,9,0,4,1,0,4.12043552346,0
pde_nominal,8,2188,1,0,28,0,13,1,0,4.99331552447,0
pde_nominal,1,1501,2,0,54,0,43,1,0,3.49038597373,0
pde_nominal,0,3404,7,0,42,0,42,1,0,3.57293669199,0
pde_nominal,5,2431,11,1,31,0,31,1,0,4.41975565969,0
pde_nominal,9,2627,11,1,14,0,14,1,0,4.78084627356,0
pde_nominal,5,2430,0,0,70,0,53,1,0,4.49456215837,0
pde_nominal,7,3781,2,0,30,0,30,1,0,3.98508814595,0
pde_nominal,0,3399,4,0,24,0,11,1,0,9.36810978742,0
pde_nominal,9,2624,3,0,21,0,13,1,0,3.96552230395,0
pde_nominal,4,2717,11,1,32,0,27,1,0,3.87212946864,0
pde_nominal,8,2176,9,1,58,0,48,1,0,7.12038322164,0
pde_nominal,9,2620,0,0,65,0,58,1,0,8.10321376855,0
pde_nominal,6,1672,14,1,60,0,54,1,0,5.31989701545,0
pde_nominal,3,2251,10,1,48,0,40,1,0,5.99100061926,0
pde_nominal,3,3602,10,1,0,0,0,0,0,7.68052745693,0
pde_nominal,8,2172,2,0,23,0,18,1,0,5.84575305114,0
pde_nominal,9,2619,2,0,62,0,59,1,0,8.20850982341,0
pde_nominal,9,3788,2,0,0,0,0,0,0,8.65553385658,0
pde_nominal,0,3392,3,0,63,0,63,1,0,7.74764904727,0
pde_nominal,7,3764,9,1,84,0,84,1,0,11.6644670787,0
pde_nominal,2,1906,0,0,113,0,93,1,0,8.74236277328,0
pde_nominal,6,1661,4,0,9,0,0,1,0,3.92731423696,0
pde_nominal,9,2616,0,0,74,0,63,1,0,3.80681638625,0
pde_nominal,5,2418,13,1,50,0,50,1,0,5.49822165144,0
pde_nominal,2,1903,15,1,20,0,20,1,0,7.27266448664,0
pde_nominal,8,2163,7,0,29,0,29,1,0,3.14453812445,0
pde_nominal,3,2242,4,0,12,0,12,1,0,3.32882501254,0
pde_nominal,5,2416,3,0,17,0,17,1,0,4.77096186673,0
pde_nominal,6,1660,6,0,128,0,117,1,0,7.11472943519,0
pde_nominal,0,3388,12,1,40,0,40,1,0,5.7369944936,0
pde_nominal,2,1900,3,0,50,0,50,1,0,5.04473405563,0
pde_nominal,1,1467,10,1,54,0,27,1,0,3.58755763049,0
pde_nominal,0,3384,4,0,14,0,9,1,0,4.03798209021,0
pde_nominal,0,4364,4,0,0,0,0,0,0,4.93631196635,0
pde_nominal,2,1898,9,1,53,0,19,1,0,7.99090698872,0
pde_nominal,8,2157,7,0,26,0,18,1,0,7.8275314874,0
pde_nominal,0,3382,5,0,19,0,19,1,0,4.72568522074,0
pde_nominal,6,1653,6,0,30,0,15,1,0,3.7057439615,0
pde_nominal,7,3747,12,1,26,0,26,1,0,5.9987615535,0
pde_nominal,3,2229,12,1,24,0,24,1,0,4.73818558613,0
pde_nominal,6,1650,12,1,102,0,90,1,0,4.34361539507,0
pde_nominal,5,2404,12,1,83,0,73,1,0,5.02887053046,0
pde_nominal,3,2227,11,1,73,0,57,1,0,5.44092874407,0
pde_nominal,7,3743,12,1,44,0,44,1,0,3.65856159307,0
pde_nominal,7,4574,12,1,0,0,0,0,0,8.79719169052,0
pde_nominal,0,3371,0,0,23,0,9,1,0,6.70628642346,0
pde_nominal,8,2148,9,1,57,0,15,1,0,9.36670232662,0
pde_nominal,4,2698,13,1,26,0,17,1,0,3.01408385002,0
pde_nominal,5,2399,9,1,25,0,25,1,0,4.44243998908,0
pde_nominal,7,3738,1,0,44,0,44,1,0,6.22988025258,0
pde_nominal,6,1639,11,1,15,0,14,1,0,5.91259846964,0
pde_nominal,6,1638,2,0,10,0,10,1,0,3.51312339741,0
pde_nominal,6,1637,8,1,67,0,61,1,0,5.00466171196,0
pde_nominal,9,2590,8,1,14,0,14,1,0,6.20876138631,0
pde_nominal,7,3736,5,0,83,0,83,1,0,7.4859885374,0
pde_nominal,7,3735,8,1,17,0,17,1,0,4.05593080534,0
pde_nominal,9,2589,15,1,60,0,60,1,0,5.44625548305,0
pde_nominal,6,1632,5,0,50,0,50,1,0,4.21863771636,0
pde_nominal,3,2215,0,0,45,0,45,1,0,5.06771394152,0
pde_nominal,2,1883,10,1,62,0,62,1,0,4.63466520332,0
pde_nominal,2,1882,1,0,41,0,41,1,0,5.33732222789,0
pde_nominal,3,2213,6,0,50,0,50,1,0,5.04147823311,0
pde_nominal,8,2141,12,1,28,0,28,1,0,3.91817108577,0
pde_nominal,6,1629,5,0,91,0,79,1,0,6.58643275061,0
pde_nominal,2,1880,3,0,47,0,22,1,0,7.14244286074,0
pde_nominal,9,2582,3,0,39,0,39,1,0,5.26206279285,0
pde_nominal,5,2389,15,1,122,0,76,1,0,17.222411464,0
pde_nominal,1,1443,5,0,104,0,81,1,0,4.00362532388,0
pde_nominal,3,2206,15,1,5,0,2,1,0,5.39270825382,0
pde_nominal,0,3359,12,1,43,0,43,1,0,6.60069392486,0
pde_nominal,9,2576,2,0,58,0,58,1,0,3.98926155396,0
pde_nominal,4,2678,12,1,17,0,17,1,0,4.15353282955,0
pde_nominal,1,1434,9,1,78,0,78,1,0,3.92376383052,0
pde_nominal,0,3357,2,0,24,0,24,1,0,3.50809265185,0
pde_nominal,6,1617,13,1,45,0,45,1,0,5.1189697848,0
pde_nominal,0,3355,6,0,48,0,48,1,0,5.66993522436,0
pde_nominal,7,3716,9,1,11,0,11,1,0,4.45840193965,0
pde_nominal,2,1873,14,1,9,0,7,1,0,5.03882476461,0
pde_nominal,0,3348,9,1,54,0,51,1,0,4.470800321,0
pde_nominal,5,2374,9,1,28,0,28,1,0,8.36121560342,0
pde_nominal,6,1606,7,0,24,0,24,1,0,5.70268449675,0
pde_nominal,9,2558,10,1,30,0,30,1,0,6.16527340097,0
pde_nominal,7,3708,11,1,18,0,18,1,0,12.0719112491,0
pde_nominal,4,2667,10,1,34,0,19,1,0,14.693925476,0
pde_nominal,9,2555,1,0,89,0,47,1,0,7.92040568403,0
pde_nominal,5,2363,6,0,55,0,34,1,0,6.61355826739,0
pde_nominal,7,3700,11,1,36,0,36,1,0,4.47127574059,0
pde_nominal,2,1856,13,1,18,0,18,1,0,4.40457524055,0
pde_nominal,2,3223,13,1,0,0,0,0,0,10.1646279456,0
pde_nominal,5,2361,10,1,10,0,10,1,0,5.68376968162,0
pde_nominal,1,4357,10,1,24,0,24,1,0,4.89435169338,0
pde_nominal,8,2112,8,1,24,0,24,1,0,4.44393591954,0
pde_nominal,4,2657,10,1,21,0,21,1,0,3.92206562891,0
pde_nominal,9,2548,6,0,58,0,58,1,0,3.73343442726,0
pde_nominal,4,2656,5,0,33,0,33,1,0,6.89588730609,0
pde_nominal,4,2654,9,1,77,0,77,1,0,8.62533843452,0
pde_nominal,9,2542,14,1,34,0,34,1,0,14.0015555907,0
pde_nominal,7,4575,12,1,11,0,11,1,0,7.02146753972,0
pde_nominal,9,2539,8,1,19,0,19,1,0,7.43124069157,0
pde_nominal,7,3697,9,1,30,0,30,1,0,6.79190008848,0
pde_nominal,5,2353,0,0,38,0,38,1,0,3.04093074133,0
pde_nominal,6,1595,1,0,92,0,92,1,0,9.22982237184,0
pde_nominal,3,2163,3,0,22,15,29,1,1,8.70555248081,0
pde_nominal,0,3323,7,0,66,0,58,1,0,6.96538451897,0
pde_nominal,5,2341,9,1,53,14,44,1,1,5.2117207382,0
pde_nominal,4,2634,10,1,38,0,17,1,0,3.70720524689,0
pde_nominal,5,2340,5,0,46,0,39,1,0,4.84871100863,0
pde_nominal,8,2090,5,0,11,0,0,1,0,5.03904132277,0
pde_nominal,9,2526,15,1,28,0,5,1,0,5.13395704475,0
pde_nominal,4,2631,12,1,40,0,28,1,0,7.07008909458,0
pde_nominal,3,2158,8,1,9,0,6,1,0,4.73461122564,0
pde_nominal,8,2083,3,0,68,0,33,1,0,6.51152192382,0
pde_nominal,1,4330,3,0,43,10,24,1,1,8.90453741774,0
pde_nominal,0,3318,5,0,203,0,116,1,0,11.8344651269,0
pde_nominal,0,3316,1,0,88,0,67,1,0,5.047913999,0
pde_nominal,6,1566,8,1,52,0,52,1,0,4.76161797916,0
pde_nominal,5,2326,2,0,68,0,68,1,0,4.03146428379,0
pde_nominal,0,3312,0,0,61,0,61,1,0,4.19923255311,0
pde_nominal,0,3311,9,1,47,0,47,1,0,3.36962365999,0
pde_nominal,2,1824,9,1,345,0,345,1,0,13.9400742342,0
pde_nominal,0,3306,2,0,38,0,38,1,0,5.88908559922,0
pde_nominal,8,2063,6,0,13,0,13,1,0,6.71414573513,0
pde_nominal,1,4310,12,1,15,0,15,1,0,5.95244431083,0
pde_nominal,4,2613,13,1,28,0,28,1,0,4.6176184425,0
pde_nominal,5,2316,3,0,62,0,36,1,0,10.0414646998,0
pde_nominal,2,1820,10,1,16,0,0,1,0,3.83410317325,0
pde_nominal,3,2147,13,1,3,0,0,1,0,3.81453590187,0
pde_nominal,1,4307,5,0,12,0,0,1,0,5.1513574503,0
pde_nominal,8,2059,7,0,21,0,21,1,0,6.80077869214,0
pde_nominal,6,1559,14,1,84,0,84,1,0,5.70627788584,0
pde_nominal,6,1556,3,0,13,0,7,1,0,3.71054176354,0
pde_nominal,1,4294,0,0,38,0,6,1,0,3.37978918407,0
pde_nominal,3,2143,15,1,97,0,52,1,0,6.54807417245,0
pde_nominal,6,1555,3,0,15,0,6,1,0,5.52410637318,0
pde_nominal,0,3299,10,1,89,0,75,1,0,6.39151057424,0
pde_nominal,5,2309,6,0,82,53,102,1,1,7.71774111131,0
pde_nominal,9,2503,11,1,31,0,8,1,0,4.14937149804,0
pde_nominal,2,1808,2,0,59,0,39,1,0,4.83897728597,0
pde_nominal,9,2498,14,1,11,0,6,1,0,4.76499370638,0
pde_nominal,2,1807,10,1,34,37,39,1,1,11.0529742618,0
pde_nominal,7,3651,3,0,11,0,11,1,0,4.66236801608,0
pde_nominal,1,4287,11,1,23,0,10,1,0,5.29834235251,0
pde_nominal,9,2491,10,1,12,0,12,1,0,4.9102850789,0
pde_nominal,6,1548,1,0,86,0,86,1,0,4.34881189887,0
pde_nominal,9,2488,0,0,22,0,22,1,0,8.12060107403,0
pde_nominal,7,3647,10,1,61,0,61,1,0,4.79221624608,0
pde_nominal,1,4281,6,0,55,0,46,1,0,6.5015709182,0
pde_nominal,4,2593,4,0,16,0,16,1,0,7.34721814739,0
pde_nominal,1,4279,14,1,72,22,94,1,1,6.50541418361,0
pde_nominal,3,2124,13,1,39,0,39,1,0,3.3010865612,0
pde_nominal,0,3278,0,0,83,0,81,1,0,10.0112228055,0
pde_nominal,2,1795,3,0,66,0,62,1,0,4.42284342048,0
pde_nominal,0,3276,1,0,3,0,1,1,0,6.7482358912,0
pde_nominal,1,4273,5,0,9,0,0,1,0,4.29352313444,0
pde_nominal,2,1792,4,0,48,0,17,1,0,5.24995748314,0
pde_nominal,9,2471,9,1,28,0,18,1,0,3.19441891043,0
pde_nominal,1,4272,9,1,87,0,73,1,0,4.81153532628,0
pde_nominal,2,1789,10,1,45,0,24,1,0,11.2511754357,0
pde_nominal,1,4269,7,0,56,0,48,1,0,3.61158975779,0
pde_nominal,5,2270,15,1,41,0,41,1,0,3.35436769647,0
pde_nominal,6,1527,4,0,34,0,34,1,0,6.23334936754,0
pde_nominal,9,2466,9,1,26,0,11,1,0,3.64567372928,0
pde_nominal,1,4267,9,1,122,0,104,1,0,6.19992509305,0
pde_nominal,7,3629,2,0,48,0,48,1,0,8.44097772237,0
pde_nominal,2,1777,1,0,19,0,19,1,0,4.15350354101,0
pde_nominal,4,2575,14,1,27,0,27,1,0,5.53618200232,0
pde_nominal,1,4265,11,1,40,13,53,1,1,9.13252622355,0
pde_nominal,5,2267,13,1,141,0,132,1,0,10.9153046467,0
pde_nominal,7,3628,9,1,75,0,75,1,0,4.24330221598,0
pde_nominal,4,2573,1,0,22,0,22,1,0,5.17707853006,0
pde_nominal,1,4264,7,0,81,0,81,1,0,5.92624717762,0
pde_nominal,3,2108,9,1,14,0,14,1,0,6.86762637955,0
pde_nominal,5,2257,8,1,22,0,21,1,0,4.29754231328,0
pde_nominal,3,2106,6,0,16,0,1,1,0,4.20031327947,0
pde_nominal,2,1771,8,1,25,0,4,1,0,5.18600636494,0
pde_nominal,1,4258,8,1,23,0,23,1,0,2.98381920175,0
pde_nominal,4,2561,0,0,48,0,48,1,0,5.67215286185,0
pde_nominal,2,1769,0,0,71,0,60,1,0,6.50835046618,0
pde_nominal,6,1512,2,0,87,0,47,1,0,4.52015310697,0
pde_nominal,1,4251,11,1,11,0,11,1,0,3.82819734478,0
pde_nominal,4,2554,0,0,6,0,6,1,0,5.67466644807,0
pde_nominal,3,2101,13,1,176,0,135,1,0,15.0505607334,0
pde_nominal,2,1763,14,1,9,0,2,1,0,4.42453827862,0
pde_nominal,8,2000,15,1,29,0,1,1,0,3.26269918965,0
pde_nominal,9,2449,13,1,24,0,24,1,0,4.1515176269,0
pde_nominal,6,1497,5,0,163,0,136,1,0,7.65970186787,0
pde_nominal,1,4245,9,1,72,0,72,1,0,4.74093101396,0
pde_nominal,5,3697,12,1,1,0,1,1,0,12.2487837877,0
pde_nominal,2,1754,10,1,31,0,2,1,0,4.29800144599,0
pde_nominal,4,2538,9,1,12,0,3,1,0,4.75012724228,0
pde_nominal,3,2092,5,0,20,0,2,1,0,6.0691406792,0
pde_nominal,2,1748,6,0,43,0,1,1,0,5.32868867207,0
pde_nominal,5,2228,15,1,4,0,0,1,0,3.87668368389,0
pde_nominal,0,3232,11,1,26,0,11,1,0,3.93491337048,0
pde_nominal,7,3609,6,0,92,0,92,1,0,7.62951332435,0
pde_nominal,7,3607,10,1,8,0,8,1,0,4.28720112058,0
pde_nominal,5,2223,4,0,67,0,67,1,0,4.12968544681,0
pde_nominal,2,1740,7,0,14,0,14,1,0,4.44084306607,0
pde_nominal,0,3221,14,1,47,0,36,1,0,7.81517111122,0
pde_nominal,4,2531,3,0,340,0,304,1,0,18.9489803509,0
pde_nominal,0,3216,2,0,64,0,48,1,0,5.07525484445,0
pde_nominal,2,1726,15,1,22,0,10,1,0,6.13505446127,0
pde_nominal,2,1724,15,1,14,0,9,1,0,8.08576746599,0
pde_nominal,2,1723,15,1,15,0,10,1,0,6.4868415213,0
pde_nominal,2,1719,0,0,21,0,21,1,0,5.0690479488,0
pde_nominal,7,3583,1,0,18,0,18,1,0,3.30973551982,0
pde_nominal,8,1963,0,0,200,0,193,1,0,11.259018105,0
pde_nominal,7,3579,13,1,13,0,13,1,0,2.9672496383,0
pde_nominal,1,4209,9,1,56,0,42,1,0,12.8675251405,0
pde_nominal,1,4208,5,0,11,0,11,1,0,5.87091732537,0
pde_nominal,3,3606,0,0,8,0,5,1,0,7.52382808263,0
pde_nominal,6,1461,12,1,164,0,142,1,0,8.05238468462,0
pde_nominal,0,3206,11,1,82,0,72,1,0,5.64828907746,0
pde_nominal,6,1454,13,1,57,0,28,1,0,3.3451533064,0
pde_nominal,5,3698,11,1,2,0,2,1,0,9.33858043704,0
pde_nominal,4,2510,13,1,120,0,96,1,0,8.33952916726,0
pde_nominal,7,3571,5,0,4,0,4,1,0,4.29421033664,0
pde_nominal,2,1710,9,1,55,0,5,1,0,5.1299331083,0
pde_nominal,8,1951,13,1,22,0,6,1,0,5.93176403416,0
pde_nominal,4,2507,3,0,31,0,10,1,0,4.21243361924,0
pde_nominal,2,1706,9,1,14,0,0,1,0,4.36395466383,0
pde_nominal,8,1949,13,1,31,0,0,1,0,3.02393819115,0
pde_nominal,9,2401,9,1,16,0,0,1,0,4.73481740161,0
pde_nominal,8,1947,0,0,1,0,1,1,0,4.18817226267,0
pde_nominal,9,2400,5,0,54,0,47,1,0,6.58884864584,0
pde_nominal,5,2188,1,0,27,0,27,1,0,10.798398588,0
pde_nominal,8,1946,8,1,69,39,86,1,1,9.71085459553,0
pde_nominal,3,2050,3,0,36,0,30,1,0,6.31342659799,0
pde_nominal,1,4193,15,1,7,0,0,1,0,3.66845483413,0
pde_nominal,3,2049,10,1,51,0,25,1,0,4.53534170055,0
pde_nominal,7,3558,9,1,43,0,43,1,0,6.32684371805,0
pde_nominal,1,4189,14,1,13,0,8,1,0,8.09665589062,0
pde_nominal,0,3187,10,1,85,0,80,1,0,6.05937046412,0
pde_nominal,5,2181,8,1,32,0,32,1,0,4.13917286778,0
pde_nominal,9,2391,11,1,31,0,31,1,0,8.49402972575,0
pde_nominal,8,1942,11,1,262,0,247,1,0,14.4192069417,0
pde_nominal,5,2178,4,0,38,0,38,1,0,7.59389503465,0
pde_nominal,4,2496,5,0,11,0,11,1,0,3.52612996714,0
pde_nominal,8,1939,5,0,13,0,13,1,0,5.17136372139,0
pde_nominal,1,4178,1,0,19,0,19,1,0,4.9791911362,0
pde_nominal,0,3184,11,1,43,0,43,1,0,3.94091380331,0
pde_nominal,4,2494,14,1,24,13,37,1,1,6.15896807765,0
pde_nominal,6,1428,7,0,62,0,56,1,0,3.46827204068,0
pde_nominal,7,3549,4,0,48,0,48,1,0,4.33204633376,0
pde_nominal,9,2386,1,0,15,0,11,1,0,5.81721221339,0
pde_nominal,8,1934,15,1,7,0,0,1,0,4.59792129659,0
pde_nominal,5,2172,8,1,8,0,3,1,0,8.93383894167,0
pde_nominal,0,3178,14,1,48,30,78,1,1,6.24777731745,0
pde_nominal,2,1692,7,0,47,23,70,1,1,6.22298700289,0
pde_nominal,1,4174,1,0,20,0,18,1,0,4.52985334483,0
pde_nominal,5,2169,6,0,18,0,3,1,0,5.25146894469,0
pde_nominal,2,1688,8,1,67,20,64,1,1,11.215833546,0
pde_nominal,9,2380,3,0,54,0,44,1,0,6.01066399639,0
pde_nominal,4,2482,4,0,8,0,8,1,0,7.05474457027,0
pde_nominal,8,1924,9,1,149,0,134,1,0,10.7681879529,0
pde_nominal,3,2039,13,1,24,0,24,1,0,3.39092778364,0
pde_nominal,2,1683,3,0,9,0,9,1,0,6.22089942974,0
pde_nominal,3,2038,14,1,53,0,48,1,0,5.00394686962,0
pde_nominal,7,3538,12,1,72,0,72,1,0,8.79571462349,0
pde_nominal,3,2037,4,0,98,0,98,1,0,4.33590150302,0
pde_nominal,2,1675,8,1,16,0,16,1,0,4.23962643419,0
pde_nominal,7,3534,15,1,22,0,22,1,0,6.31233100246,0
pde_nominal,3,2034,10,1,40,0,33,1,0,6.07429321153,0
pde_nominal,9,2369,6,0,15,0,15,1,0,4.7248208355,0
pde_nominal,1,4158,9,1,39,0,29,1,0,3.48302545786,0
pde_nominal,7,3529,8,1,103,0,103,1,0,4.5379585606,0
pde_nominal,0,3168,0,0,22,0,1,1,0,7.26230982633,0
pde_nominal,4,2469,11,1,17,0,6,1,0,5.45507266492,0
pde_nominal,4,2468,3,0,31,0,10,1,0,3.63227312855,0
pde_nominal,0,3157,9,1,59,0,5,1,0,9.09191781408,0
pde_nominal,2,1649,9,1,38,0,38,1,0,4.7962500612,0
pde_nominal,1,4139,6,0,16,0,16,1,0,7.12038780724,0
pde_nominal,8,1900,10,1,59,0,59,1,0,4.73366551133,0
pde_nominal,7,3514,11,1,27,0,27,1,0,4.09778146552,0
pde_nominal,0,3146,11,1,40,0,19,1,0,4.41286813852,0
pde_nominal,9,2348,6,0,29,0,29,1,0,6.16657933129,0
pde_nominal,3,2008,5,0,91,0,77,1,0,7.11152915034,0
pde_nominal,7,3509,0,0,180,0,180,1,0,8.01631148436,0
pde_nominal,4,2454,7,0,56,0,24,1,0,12.5955266812,0
pde_nominal,0,3139,8,1,56,0,52,1,0,5.34238017789,0
pde_nominal,8,1883,12,1,150,0,130,1,0,14.2604634949,0
pde_nominal,0,3136,15,1,145,0,125,1,0,10.6542970802,0
pde_nominal,9,2336,14,1,15,0,15,1,0,5.6551684824,0
pde_nominal,9,3793,14,1,0,0,0,0,0,8.66563457561,0
pde_nominal,6,4622,10,1,70,0,46,1,0,14.6642119377,0
pde_nominal,8,1879,4,0,42,0,0,1,0,7.08975143823,0
pde_nominal,4,2439,12,1,63,0,60,1,0,4.62985079718,0
pde_nominal,2,1622,13,1,73,0,68,1,0,3.28678474199,0
pde_nominal,6,4620,5,0,39,19,48,1,1,5.7060685106,0
pde_nominal,5,2126,9,1,16,0,4,1,0,26.1650274872,0
pde_nominal,4,2429,1,0,74,29,103,1,1,6.89664669837,0
pde_nominal,3,1977,12,1,93,0,93,1,0,4.06209911255,0
pde_nominal,5,2114,12,1,23,0,23,1,0,5.58013014578,0
pde_nominal,1,4093,6,0,63,0,63,1,0,6.31483398626,0
pde_nominal,8,1856,6,0,89,0,89,1,0,5.86264366838,0
pde_nominal,4,2419,11,1,80,0,80,1,0,6.71191007917,0
pde_nominal,3,1968,4,0,50,0,50,1,0,8.17634326186,0
pde_nominal,8,1850,4,0,48,0,2,1,0,6.29686425711,0
pde_nominal,5,2108,2,0,60,0,44,1,0,7.02746673365,0
pde_nominal,0,3105,12,1,8,0,0,1,0,7.30227063488,0
pde_nominal,5,2107,0,0,85,0,74,1,0,7.43116068685,0
pde_nominal,7,3478,13,1,73,0,73,1,0,6.57705287853,0
pde_nominal,0,3100,5,0,33,0,33,1,0,5.98820820876,0
pde_nominal,7,3465,15,1,49,0,49,1,0,5.78217543777,0
pde_nominal,1,4063,14,1,32,0,32,1,0,3.36287241765,0
pde_nominal,4,2389,5,0,7,0,5,1,0,5.14734670883,0
pde_nominal,1,4061,11,1,91,0,86,1,0,4.59390459047,0
pde_nominal,9,2306,15,1,98,0,98,1,0,7.69172334082,0
pde_nominal,4,2379,15,1,57,0,57,1,0,3.7360409262,0
pde_nominal,5,2092,9,1,52,0,50,1,0,6.46084014441,0
pde_nominal,3,1946,0,0,0,0,0,1,0,3.26707933968,0
pde_nominal,6,4579,3,0,58,0,40,1,0,4.25944918141,0
pde_nominal,9,2301,12,1,95,0,84,1,0,6.41519130805,0
pde_nominal,5,2087,13,1,65,0,65,1,0,3.72207602517,0
pde_nominal,7,3456,1,0,23,0,23,1,0,3.4708439589,0
pde_nominal,0,3087,11,1,260,0,150,1,0,12.238059936,0
pde_nominal,7,3450,0,0,14,0,14,1,0,4.80482600258,0
pde_nominal,4,2370,15,1,34,0,2,1,0,7.96927339645,0
pde_nominal,2,1559,8,1,47,0,7,1,0,4.63730386883,0
pde_nominal,5,2078,5,0,19,0,14,1,0,5.73206507754,0
pde_nominal,7,3447,3,0,59,0,59,1,0,5.49997963545,0
pde_nominal,1,4043,10,1,30,0,30,1,0,3.95178065673,0
pde_nominal,1,4040,13,1,4,0,4,1,0,6.0993224974,0
pde_nominal,1,4039,15,1,32,0,32,1,0,8.09209738217,0
pde_nominal,0,3079,7,0,85,0,75,1,0,5.33020845864,0
pde_nominal,0,3078,4,0,42,0,42,1,0,6.76799725631,0
pde_nominal,9,2291,9,1,68,0,63,1,0,5.20957106716,0
pde_nominal,3,1924,5,0,57,0,30,1,0,9.49458145126,0
pde_nominal,3,3607,10,1,32,0,9,1,0,13.0356910201,0
pde_nominal,1,4033,12,1,10,0,0,1,0,6.37544829587,0
pde_nominal,1,4372,12,1,0,0,0,0,0,15.131721338,0
pde_nominal,8,1809,9,1,35,0,27,1,0,7.16225586751,0
pde_nominal,9,2289,0,0,31,0,31,1,0,4.04570818387,0
pde_nominal,2,1544,8,1,149,0,109,1,0,7.26123245689,0
pde_nominal,6,4556,14,1,15,0,15,1,0,4.25251927925,0
pde_nominal,4,2348,4,0,6,0,6,1,0,4.20750032437,0
pde_nominal,3,1916,10,1,66,0,62,1,0,6.33483847545,0
pde_nominal,1,4019,5,0,95,0,80,1,0,6.29854269523,0
pde_nominal,9,2278,13,1,42,19,61,1,1,10.5186169205,0
pde_nominal,7,3419,0,0,29,0,29,1,0,3.13937918395,0
pde_nominal,3,1914,4,0,49,0,49,1,0,4.76819307029,0
pde_nominal,0,3056,8,1,18,0,16,1,0,4.73832249373,0
pde_nominal,4,2343,6,0,18,0,2,1,0,4.63526340357,0
pde_nominal,4,2342,8,1,11,0,0,1,0,9.83279871883,0
pde_nominal,9,2269,3,0,23,0,7,1,0,3.92466906444,0
pde_nominal,8,1795,4,0,75,0,63,1,0,6.11186034115,0
pde_nominal,1,4017,0,0,28,20,41,1,1,13.5454192621,0
pde_nominal,1,4016,2,0,38,0,38,1,0,6.87229173998,0
pde_nominal,9,2266,4,0,72,0,63,1,0,6.24738259781,0
pde_nominal,5,2049,8,1,11,0,8,1,0,3.40054888006,0
pde_nominal,4,2335,8,1,56,0,56,1,0,4.85433281649,0
pde_nominal,3,1896,10,1,152,0,152,1,0,11.8805272382,0
pde_nominal,7,3407,10,1,76,0,76,1,0,6.38915916773,0
pde_nominal,2,4670,2,0,50,0,45,1,0,5.21488778653,0
pde_nominal,7,3404,3,0,49,0,49,1,0,4.63740180103,0
pde_nominal,5,2041,1,0,60,0,42,1,0,5.35069512803,0
pde_nominal,3,1893,3,0,18,0,1,1,0,6.86249097123,0
pde_nominal,9,2260,5,0,42,0,8,1,0,7.26910783519,0
pde_nominal,1,4004,10,1,18,0,3,1,0,12.3138690947,0
pde_nominal,2,4666,10,1,164,0,117,1,0,9.52866783944,0
pde_nominal,4,2333,0,0,53,0,32,1,0,6.54319162513,0
pde_nominal,0,3050,9,1,89,0,82,1,0,5.28076414011,0
pde_nominal,2,4664,11,1,39,0,37,1,0,6.00838692341,0
pde_nominal,7,3395,2,0,91,0,91,1,0,5.32772742025,0
pde_nominal,6,4528,11,1,90,0,90,1,0,8.92152660943,0
pde_nominal,4,2327,10,1,12,0,12,1,0,3.42939895924,0
pde_nominal,5,2027,7,0,2,0,2,1,0,5.84374040589,0
pde_nominal,2,4656,13,1,0,0,0,1,0,3.90448170936,0
pde_nominal,8,1778,2,0,14,0,8,1,0,4.56520682533,0
pde_nominal,1,3978,1,0,24,0,24,1,0,5.14289097152,0
pde_nominal,9,2249,13,1,86,0,72,1,0,10.8305870313,0
pde_nominal,4,2321,12,1,45,0,43,1,0,7.14772427274,0
pde_nominal,6,4521,10,1,116,0,114,1,0,9.17763213307,0
pde_nominal,0,3038,10,1,126,0,126,1,0,10.5145259554,0
pde_nominal,6,4515,12,1,33,0,33,1,0,5.23569119999,0
pde_nominal,1,3968,8,1,20,0,20,1,0,6.4755690657,0
pde_nominal,4,2314,2,0,16,0,16,1,0,4.21084876932,0
pde_nominal,2,4646,0,0,85,0,85,1,0,6.59925475618,0
pde_nominal,9,2241,9,1,85,0,84,1,0,5.83800106737,0
pde_nominal,9,2240,7,0,14,0,14,1,0,4.53361049537,0
pde_nominal,8,1765,0,0,29,0,29,1,0,6.38132995035,0
pde_nominal,6,4513,7,0,58,0,56,1,0,5.34642064879,0
pde_nominal,5,2016,2,0,5,0,5,1,0,4.77804894495,0
pde_nominal,9,2235,2,0,19,0,0,1,0,4.98612713047,0
pde_nominal,4,2309,12,1,57,0,27,1,0,8.23652694755,0
pde_nominal,5,2014,15,1,24,0,1,1,0,3.30903721198,0
pde_nominal,6,4509,6,0,26,0,1,1,0,11.7062754681,0
pde_nominal,8,1763,15,1,4,0,4,1,0,7.93434638371,0
pde_nominal,7,3374,10,1,67,0,67,1,0,5.21054096133,0
pde_nominal,8,1761,0,0,89,0,72,1,0,8.14343125078,0
pde_nominal,9,2227,6,0,14,0,7,1,0,3.98814724948,0
pde_nominal,7,3370,2,0,30,0,30,1,0,3.51113363804,0
pde_nominal,0,3019,12,1,8,0,2,1,0,4.51616765348,0
pde_nominal,0,3018,13,1,3,0,0,1,0,8.78738416327,0
pde_nominal,2,4637,14,1,11,0,6,1,0,5.69211074716,0
pde_nominal,8,1759,0,0,70,0,9,1,0,5.49456719427,0
pde_nominal,8,1758,12,1,39,0,39,1,0,5.31265806551,0
pde_nominal,9,2223,14,1,15,0,15,1,0,4.65880345663,0
pde_nominal,3,1859,9,1,46,0,46,1,0,5.64901374581,0
pde_nominal,0,3015,7,0,85,0,85,1,0,6.6202843198,0
pde_nominal,4,2297,5,0,10,0,4,1,0,7.0901961465,0
pde_nominal,5,1999,2,0,37,0,37,1,0,7.81927959729,0
pde_nominal,6,4488,10,1,20,0,20,1,0,4.55785036036,0
pde_nominal,9,2216,5,0,10,0,10,1,0,3.17764896023,0
pde_nominal,8,1750,7,0,91,0,84,1,0,9.46556064111,0
pde_nominal,3,1851,11,1,32,0,32,1,0,11.112362454,0
pde_nominal,4,2292,15,1,42,0,31,1,0,5.57886039075,0
pde_nominal,7,3345,7,0,22,0,22,1,0,6.31662880684,0
pde_nominal,5,1989,4,0,28,0,22,1,0,4.90343794954,0
pde_nominal,4,2288,4,0,4,0,1,1,0,5.61012598707,0
pde_nominal,0,3002,5,0,66,0,66,1,0,4.28621575674,0
pde_nominal,2,4606,4,0,19,0,19,1,0,4.11392095001,0
pde_nominal,2,4691,4,0,0,0,0,0,0,5.12292958549,0
pde_nominal,9,2203,6,0,69,0,69,1,0,3.88038155092,0
pde_nominal,3,1837,5,0,35,0,35,1,0,4.76079388235,0
pde_nominal,2,4601,1,0,78,0,78,1,0,5.03718671928,0
pde_nominal,0,2997,14,1,56,0,56,1,0,5.90775326391,0
pde_nominal,9,2199,14,1,12,0,12,1,0,3.83055011975,0
pde_nominal,4,2270,11,1,56,0,46,1,0,4.68293062429,0
pde_nominal,8,1731,0,0,11,0,0,1,0,8.4739796093,0
pde_nominal,0,2993,10,1,71,0,23,1,0,10.145915136,0
pde_nominal,0,2992,6,0,22,0,22,1,0,5.25013880145,0
pde_nominal,4,2266,10,1,55,0,54,1,0,4.10649830289,0
pde_nominal,6,4471,12,1,81,0,81,1,0,4.68831067753,0
pde_nominal,1,3914,8,1,65,0,65,1,0,5.4579509023,0
pde_nominal,8,1726,11,1,10,0,10,1,0,4.17870705342,0
pde_nominal,0,2990,10,1,105,0,105,1,0,8.19599746674,0
pde_nominal,0,4372,10,1,0,0,0,0,0,8.68625713884,0
pde_nominal,0,2989,5,0,17,0,17,1,0,5.38098885017,0
pde_nominal,1,3911,15,1,30,0,30,1,0,6.453044742,0
pde_nominal,7,3321,9,1,68,0,68,1,0,4.44762412696,0
pde_nominal,7,3320,5,0,22,0,22,1,0,3.13276305584,0
pde_nominal,7,3319,6,0,6,0,6,1,0,6.99083594409,0
pde_nominal,3,1822,8,1,15,0,15,1,0,9.37507367333,0
pde_nominal,5,1963,13,1,12,0,0,1,0,9.20177206044,0
pde_nominal,2,4582,6,0,21,0,3,1,0,5.80115100094,0
pde_nominal,5,1962,9,1,24,0,8,1,0,7.06111584408,0
pde_nominal,2,4580,12,1,9,0,2,1,0,3.18484194198,0
pde_nominal,4,2255,3,0,126,0,43,1,0,10.3762831048,0
pde_nominal,5,1955,6,0,32,0,32,1,0,7.42052584069,0
pde_nominal,5,3701,14,1,26,0,26,1,0,8.2823193331,0
pde_nominal,3,1810,9,1,28,0,9,1,0,5.55385090847,0
pde_nominal,2,4575,10,1,54,0,49,1,0,5.65738298645,0
pde_nominal,3,1808,5,0,135,0,112,1,0,9.5638064418,0
pde_nominal,0,2973,1,0,112,0,94,1,0,7.95314087772,0
pde_nominal,2,4573,0,0,58,0,47,1,0,4.75722077697,0
pde_nominal,0,2971,11,1,42,0,42,1,0,4.02672489766,0
pde_nominal,5,1937,13,1,27,0,19,1,0,4.09346189596,0
pde_nominal,7,3297,9,1,7,0,7,1,0,4.21439115087,0
pde_nominal,5,1935,12,1,37,0,37,1,0,4.18908088915,0
pde_nominal,7,3295,8,1,37,0,37,1,0,4.72118546118,0
pde_nominal,5,1933,7,0,71,0,71,1,0,4.79155558978,0
pde_nominal,4,2237,11,1,73,0,73,1,0,5.22745127859,0
pde_nominal,3,1797,11,1,17,0,17,1,0,4.45248939327,0
pde_nominal,7,3294,15,1,55,0,55,1,0,7.89858777816,0
pde_nominal,0,2960,8,1,5,0,3,1,0,5.30591052386,0
pde_nominal,6,4432,2,0,52,0,39,1,0,4.75271524164,0
pde_nominal,7,3292,6,0,35,0,35,1,0,5.73910476783,0
pde_nominal,8,1698,7,0,79,0,75,1,0,6.85365245261,0
pde_nominal,8,1696,12,1,5,0,5,1,0,5.85330706504,0
pde_nominal,9,2155,2,0,84,0,62,1,0,5.48764092258,0
pde_nominal,2,4551,0,0,7,0,6,1,0,2.78565169883,0
pde_nominal,3,1794,15,1,87,0,59,1,0,6.47455453119,0
pde_nominal,3,1792,8,1,0,0,0,1,0,3.38619113154,0
pde_nominal,7,3286,3,0,61,0,61,1,0,5.11262230294,0
pde_nominal,2,4550,11,1,81,0,81,1,0,5.65351724174,0
pde_nominal,9,2151,6,0,90,0,43,1,0,8.02009645504,0
pde_nominal,0,2959,14,1,278,0,189,1,0,14.5867643463,0
pde_nominal,8,1680,0,0,9,0,9,1,0,7.11193577898,0
pde_nominal,4,2217,8,1,42,0,30,1,0,5.03831352188,0
pde_nominal,8,1679,5,0,91,0,79,1,0,5.62127321179,0
pde_nominal,3,1779,12,1,83,0,78,1,0,5.798755108,0
pde_nominal,4,2214,13,1,75,0,75,1,0,5.03776173526,0
pde_nominal,7,3276,7,0,70,0,70,1,0,6.85090902964,0
pde_nominal,5,1911,11,1,89,0,89,1,0,9.3693462263,0
pde_nominal,2,4538,0,0,6,0,6,1,0,5.3091469006,0
pde_nominal,9,2138,13,1,64,0,64,1,0,4.34264962422,0
pde_nominal,1,3870,6,0,16,0,0,1,0,5.94110465004,0
pde_nominal,0,2947,6,0,28,0,21,1,1,9.00211577662,0
pde_nominal,7,3268,1,0,18,0,18,1,0,4.00513732649,0
pde_nominal,0,2940,5,0,33,0,22,1,0,6.12519843548,0
pde_nominal,1,3864,10,1,96,0,72,1,0,6.25859733502,0
pde_nominal,9,2125,9,1,24,0,24,1,0,4.94213037807,0
pde_nominal,7,3255,7,0,37,0,37,1,0,3.88540810561,0
pde_nominal,8,1649,2,0,0,0,0,1,0,6.90336855776,0
pde_nominal,8,1646,14,1,43,0,33,1,0,6.56737699552,0
pde_nominal,5,1893,13,1,52,0,38,1,0,10.5211617572,0
pde_nominal,8,1645,7,0,101,0,78,1,0,9.48378649275,0
pde_nominal,6,4399,1,0,113,0,55,1,0,7.02860737425,0
pde_nominal,5,1886,10,1,14,0,0,1,0,5.34641305565,0
pde_nominal,5,3703,10,1,0,0,0,0,0,10.4226020852,0
pde_nominal,2,4510,14,1,30,0,1,1,0,5.5852227784,0
pde_nominal,5,1884,9,1,56,0,35,1,0,8.00937579996,0
pde_nominal,2,4508,6,0,47,0,47,1,0,4.85704809154,0
pde_nominal,8,1632,7,0,16,0,16,1,0,4.15253153388,0
pde_nominal,1,3847,13,1,35,38,73,1,1,12.807529667,0
pde_nominal,4,2172,15,1,63,0,63,1,0,8.81616019821,0
pde_nominal,8,1626,5,0,66,0,66,1,0,5.83844661166,0
pde_nominal,0,2919,8,1,83,40,123,1,1,4.43202623859,0
pde_nominal,9,2111,7,0,256,0,256,1,0,13.6900681786,0
pde_nominal,0,2914,11,1,36,0,36,1,0,11.1171077069,0
pde_nominal,4,2170,14,1,39,0,39,1,0,5.93449114756,0
pde_nominal,2,4497,1,0,4,0,4,1,0,5.41082439586,0
pde_nominal,4,2164,8,1,3,0,3,1,0,4.14076438266,0
pde_nominal,8,1619,9,1,38,0,38,1,0,7.78645155156,0
pde_nominal,9,2106,15,1,14,0,7,1,0,4.46846506948,0
pde_nominal,5,1872,13,1,36,0,34,1,0,5.58776266379,0
pde_nominal,8,1618,9,1,17,0,15,1,0,9.38647800185,0
pde_nominal,1,3832,15,1,51,0,51,1,0,5.54699570258,0
pde_nominal,8,1616,7,0,19,0,19,1,0,3.45476679408,0
pde_nominal,6,4382,10,1,43,0,41,1,0,9.64290162736,0
pde_nominal,2,4485,12,1,34,0,34,1,0,5.57789534685,0
pde_nominal,5,1865,7,0,98,16,96,1,1,8.35413306427,0
pde_nominal,5,1864,14,1,34,0,34,1,0,6.23090650562,0
pde_nominal,8,1613,3,0,6,0,6,1,0,4.00071822286,0
pde_nominal,7,3229,0,0,96,0,96,1,0,5.80868081566,0
pde_nominal,6,4378,3,0,100,0,100,1,0,4.80631976691,0
pde_nominal,5,1862,5,0,14,0,14,1,0,5.20307755837,0
pde_nominal,7,3228,9,1,49,0,49,1,0,9.94075684861,0
pde_nominal,2,4480,12,1,50,0,50,1,0,8.50611470502,0
pde_nominal,6,4373,0,0,10,0,0,1,0,4.64309192639,0
pde_nominal,3,1716,10,1,105,0,74,1,0,9.35732656364,0
pde_nominal,7,3224,13,1,31,0,31,1,0,9.58090058816,0
pde_nominal,5,1855,0,0,83,0,74,1,0,5.71363811907,0
pde_nominal,8,1602,7,0,71,0,71,1,0,10.939985787,0
pde_nominal,7,3214,5,0,63,0,63,1,0,3.77063558496,0
pde_nominal,9,2087,12,1,44,0,41,1,0,5.83296168138,0
pde_nominal,7,3212,14,1,7,0,7,1,0,4.68296967764,0
pde_nominal,9,2086,12,1,107,0,83,1,0,9.28986599295,0
pde_nominal,0,2890,10,1,6,0,6,1,0,3.64490502751,0
pde_nominal,3,1705,0,0,5,0,5,1,0,4.25596162828,0
pde_nominal,5,1849,12,1,26,0,26,1,0,4.44916670349,0
pde_nominal,0,2887,2,0,54,0,54,1,0,5.0866563006,0
pde_nominal,5,1848,0,0,121,0,107,1,0,9.08160009838,0
pde_nominal,2,4465,0,0,55,0,55,1,0,5.63287327774,0
pde_nominal,9,2067,15,1,20,0,20,1,0,4.33274588437,0
pde_nominal,9,3798,15,1,0,0,0,0,0,6.10753739449,0
pde_nominal,3,1689,4,0,35,0,35,1,0,6.77263495496,0
pde_nominal,9,2064,4,0,48,0,48,1,0,5.94530136194,0
pde_nominal,6,4348,9,1,275,0,275,1,0,10.8154093935,0
pde_nominal,7,3202,4,0,63,0,63,1,0,4.42360446625,0
pde_nominal,8,1580,11,1,23,0,12,1,0,8.19249890636,0
pde_nominal,1,3798,5,0,86,0,74,1,0,6.5545218947,0
pde_nominal,4,3647,9,1,9,4,13,1,1,12.0791679343,0
pde_nominal,4,2121,5,0,95,0,95,1,0,7.88502541905,0
pde_nominal,3,1680,3,0,44,0,44,1,0,4.89503282649,0
pde_nominal,5,1829,15,1,30,11,39,1,1,7.08694900086,0
pde_nominal,3,1677,10,1,27,0,12,1,0,3.6043661061,0
pde_nominal,7,3197,7,0,73,0,73,1,0,4.68361502839,0
pde_nominal,0,2865,14,1,23,0,23,1,0,7.71572483424,0
pde_nominal,2,4456,5,0,18,0,18,1,0,6.99283431919,0
pde_nominal,6,4333,13,1,5,0,5,1,0,4.47573035724,0
pde_nominal,9,2043,12,1,10,0,4,1,0,3.531195326,0
pde_nominal,5,1826,8,1,46,0,21,1,0,3.88142395039,0
pde_nominal,4,2111,6,0,63,0,51,1,0,10.298701601,0
pde_nominal,8,1565,4,0,12,0,9,1,0,9.66749391349,0
pde_nominal,7,3188,1,0,78,0,78,1,0,4.9748669524,0
pde_nominal,7,3187,8,1,24,0,24,1,0,4.03481435642,0
pde_nominal,8,1563,14,1,60,0,60,1,0,4.87638992593,0
pde_nominal,6,4323,12,1,43,0,43,1,0,5.17263976563,0
pde_nominal,1,3780,8,1,50,0,50,1,0,4.49574537684,0
pde_nominal,8,1560,5,0,16,0,16,1,0,4.22288733138,0
pde_nominal,9,2036,1,0,11,0,1,1,0,5.0342418501,0
pde_nominal,5,1815,3,0,20,0,12,1,0,6.56856087356,0
pde_nominal,0,2849,15,1,67,0,19,1,0,5.20385927073,0
pde_nominal,5,1813,7,0,23,0,23,1,0,2.66409862423,0
pde_nominal,4,3649,9,1,87,42,76,1,1,14.4968927072,0
pde_nominal,7,3180,0,0,97,0,97,1,0,4.83439853899,0
pde_nominal,3,1652,6,0,59,0,59,1,0,6.77769412873,0
pde_nominal,2,4437,13,1,35,0,35,1,0,5.60941051969,0
pde_nominal,4,2096,7,0,46,0,46,1,0,7.04562936695,0
pde_nominal,2,4436,11,1,62,0,62,1,0,4.48314449252,0
pde_nominal,1,3771,6,0,75,0,62,1,0,5.50887402547,0
pde_nominal,9,2019,10,1,53,26,61,1,1,7.50493432182,0
pde_nominal,3,1648,3,0,8,0,5,1,0,7.35514353763,0
pde_nominal,4,2090,11,1,64,0,36,1,0,5.37623359659,0
pde_nominal,3,1647,12,1,22,0,15,1,0,9.51149958999,0
pde_nominal,5,1798,8,1,56,0,38,1,0,3.77544982409,0
pde_nominal,1,3767,8,1,92,26,84,1,1,8.08317845727,0
pde_nominal,3,1645,15,1,74,0,59,1,0,5.01954890603,0
pde_nominal,0,2827,1,0,23,0,23,1,0,6.38083068976,0
pde_nominal,1,3764,10,1,9,0,9,1,0,3.53838918504,0
pde_nominal,4,2084,8,1,75,0,75,1,0,4.25266994298,0
pde_nominal,2,4429,4,0,161,0,141,1,0,9.70716905027,0
pde_nominal,5,1793,11,1,42,0,42,1,0,3.8762203899,0
pde_nominal,8,1540,0,0,11,0,11,1,0,4.29736960634,0
pde_nominal,8,3499,0,0,0,0,0,0,0,5.74910737211,0
pde_nominal,0,2824,11,1,27,18,37,1,1,6.14450918994,0
pde_nominal,6,4291,15,1,7,0,2,1,0,4.27427502695,0
pde_nominal,4,2079,11,1,38,0,32,1,0,5.77430427577,0
pde_nominal,3,1643,12,1,73,27,74,1,1,6.92984013689,0
pde_nominal,0,2822,15,1,50,0,50,1,0,3.33903506159,0
pde_nominal,8,1535,14,1,6,0,6,1,0,3.09373365949,0
pde_nominal,0,2821,14,1,83,0,83,1,0,6.04793110325,0
pde_nominal,3,1638,6,0,18,0,18,1,0,3.97547768285,0
pde_nominal,9,2013,12,1,16,0,16,1,0,3.6641317057,0
pde_nominal,6,4285,6,0,86,0,86,1,0,8.23749148006,0
pde_nominal,6,4284,10,1,10,0,10,1,0,5.21692830818,0
pde_nominal,7,3161,2,0,198,0,198,1,0,10.0860721148,0
pde_nominal,9,2011,12,1,49,0,49,1,0,3.77055097262,0
pde_nominal,7,3160,15,1,84,0,84,1,0,5.32502462418,0
pde_nominal,2,4416,2,0,14,0,14,1,0,4.75013396996,0
pde_nominal,3,1633,4,0,64,0,64,1,0,6.52113568392,0
pde_nominal,3,1632,8,1,23,0,23,1,0,5.10998084773,0
pde_nominal,5,1788,0,0,98,0,92,1,0,5.73108470237,0
pde_nominal,7,3148,7,0,7,0,7,1,0,3.83750745674,0
pde_nominal,7,3147,11,1,16,0,16,1,0,3.02947685846,0
pde_nominal,7,3144,3,0,14,0,14,1,0,5.96808849466,0
pde_nominal,3,1629,3,0,63,0,29,1,0,6.55512810602,0
pde_nominal,6,4274,8,1,66,0,43,1,0,5.06780692067,0
pde_nominal,8,1504,10,1,58,0,42,1,0,3.85786517768,0
pde_nominal,1,3750,4,0,70,0,62,1,0,4.80368556553,0
pde_nominal,1,3749,9,1,70,0,61,1,0,8.98212302621,0
pde_nominal,5,1779,15,1,28,0,28,1,0,5.34616361493,0
pde_nominal,9,2006,5,0,108,0,91,1,0,7.8188102899,0
pde_nominal,7,3130,1,0,25,0,25,1,0,3.68710238978,0
pde_nominal,1,3737,11,1,20,0,20,1,0,6.42970797806,0
pde_nominal,1,3736,6,0,57,0,57,1,0,5.31334224098,0
pde_nominal,7,3128,11,1,82,0,82,1,0,7.60334764793,0
pde_nominal,2,4390,6,0,165,0,150,1,0,7.60101851263,0
pde_nominal,6,4249,8,1,6,0,6,1,0,4.7326497889,0
pde_nominal,2,4381,0,0,41,0,8,1,0,4.03277407142,0
pde_nominal,5,1760,10,1,152,45,103,1,1,19.1644336176,0
pde_nominal,8,1474,0,0,197,0,150,1,0,10.1439535043,0
pde_nominal,1,3719,3,0,51,0,41,1,0,6.17132343367,0
pde_nominal,2,4371,12,1,31,0,28,1,0,4.14253603721,0
pde_nominal,3,1583,4,0,164,0,119,1,0,8.5704521381,0
pde_nominal,8,1464,7,0,74,0,70,1,0,3.94786508327,0
pde_nominal,9,1972,1,0,11,0,11,1,0,3.47175803997,0
pde_nominal,6,4233,8,1,67,0,64,1,0,4.35331028977,0
pde_nominal,2,4365,0,0,30,0,30,1,0,6.50351732136,0
pde_nominal,0,2759,10,1,92,0,92,1,0,10.6173038206,0
pde_nominal,3,1580,15,1,70,0,66,1,0,3.26250071054,0
pde_nominal,8,1461,10,1,69,0,69,1,0,3.32491220618,0
pde_nominal,4,2019,8,1,83,0,83,1,0,3.54760504713,0
pde_nominal,9,1957,13,1,102,0,102,1,0,6.28199773653,0
pde_nominal,6,4223,0,0,80,0,58,1,0,5.36901100487,0
pde_nominal,6,4222,12,1,11,0,0,1,0,5.24560593018,0
pde_nominal,0,2744,2,0,9,0,9,1,0,4.8734854787,0
pde_nominal,8,1444,7,0,110,0,89,1,0,4.84048423745,0
pde_nominal,0,2739,13,1,68,0,68,1,0,5.54147564794,0
pde_nominal,7,3085,2,0,91,0,91,1,0,6.77635940532,0
pde_nominal,1,3687,11,1,42,0,42,1,0,6.62055450532,0
pde_nominal,7,3083,15,1,60,0,60,1,0,4.77878249313,0
pde_nominal,0,2736,14,1,62,0,62,1,0,5.77300683773,0
pde_nominal,5,1728,12,1,53,0,39,1,0,3.33810963924,0
pde_nominal,3,1559,5,0,72,0,72,1,0,3.63276074784,0
pde_nominal,0,2732,12,1,76,0,41,1,0,7.43053118154,0
pde_nominal,6,4203,14,1,10,0,0,1,0,3.52136029777,0
pde_nominal,9,1928,6,0,19,0,12,1,0,5.16680562521,0
pde_nominal,9,1926,5,0,12,0,0,1,0,4.20605731682,0
pde_nominal,7,3071,10,1,21,0,21,1,0,4.76911099616,0
pde_nominal,1,3670,12,1,86,0,36,1,0,6.26907723257,0
pde_nominal,0,2715,11,1,35,0,17,1,0,6.48485908657,0
pde_nominal,8,5225,5,0,15,0,10,1,0,5.98078593016,0
pde_nominal,3,1536,0,0,80,0,62,1,0,4.44400918884,0
pde_nominal,7,3060,3,0,58,0,58,1,0,6.55617603653,0
pde_nominal,3,5147,5,0,23,0,21,1,0,4.31643397816,0
pde_nominal,5,1687,9,1,46,0,37,1,0,3.38547694546,0
pde_nominal,0,2711,6,0,11,0,2,1,0,11.7409036286,0
pde_nominal,9,1914,13,1,60,0,16,1,0,5.64658889065,0
pde_nominal,3,5142,6,0,23,0,23,1,0,2.97935428707,0
pde_nominal,6,4170,2,0,6,0,0,1,0,4.98161289685,0
pde_nominal,0,2708,11,1,53,0,43,1,0,5.73242698598,0
pde_nominal,0,2705,6,0,34,0,34,1,0,4.13519330535,0
pde_nominal,3,5138,11,1,46,0,46,1,0,5.1734666368,0
pde_nominal,3,5136,6,0,11,0,11,1,0,5.11356283567,0
pde_nominal,6,4163,1,0,16,0,16,1,0,5.91096113459,0
pde_nominal,5,1675,8,1,70,0,70,1,0,3.81482122833,0
pde_nominal,1,3644,1,0,46,0,46,1,0,6.80039102409,0
pde_nominal,6,4162,13,1,56,0,56,1,0,4.5420386813,0
pde_nominal,4,1978,14,1,54,0,54,1,0,3.47444211787,0
pde_nominal,5,1673,6,0,66,0,66,1,0,3.65735565214,0
pde_nominal,0,2700,14,1,24,0,21,1,0,7.11327128796,0
pde_nominal,2,4297,11,1,44,0,13,1,0,5.03169087964,0
pde_nominal,7,3039,14,1,49,0,49,1,0,4.66001456448,0
pde_nominal,9,1893,1,0,21,0,0,1,0,4.75382446462,0
pde_nominal,9,1889,1,0,33,0,20,1,0,5.26950044876,0
pde_nominal,3,5125,4,0,75,0,49,1,0,12.3182440253,0
pde_nominal,4,5478,5,0,26,0,25,1,0,3.81467114833,0
pde_nominal,5,1656,14,1,65,0,51,1,0,3.69768315138,0
pde_nominal,8,5188,4,0,41,0,40,1,0,5.31018603981,0
pde_nominal,2,4287,8,1,20,11,14,1,1,5.58839552893,0
pde_nominal,2,4284,1,0,38,0,38,1,0,4.24367637219,0
pde_nominal,2,4283,0,0,24,0,24,1,0,10.0389827157,0
pde_nominal,7,3021,15,1,194,0,194,1,0,10.5490828905,0
pde_nominal,2,4282,9,1,44,0,35,1,0,4.78598453276,0
pde_nominal,8,5177,12,1,20,0,20,1,0,3.03267486511,0
pde_nominal,1,3621,15,1,45,0,25,1,0,5.99405099431,0
pde_nominal,8,5172,12,1,22,0,22,1,0,4.23567509011,0
pde_nominal,7,3013,4,0,67,0,67,1,0,6.55688917134,0
pde_nominal,9,1870,13,1,24,0,24,1,0,8.55918244879,0
pde_nominal,8,5166,3,0,101,0,101,1,0,7.4418319981,0
pde_nominal,9,1868,7,0,35,0,35,1,0,5.67264559179,0
pde_nominal,4,5462,12,1,35,0,35,1,0,3.82271070824,0
pde_nominal,6,4127,4,0,91,0,91,1,0,4.89552542319,0
pde_nominal,8,5164,9,1,30,0,30,1,0,3.76858987696,0
pde_nominal,2,4272,3,0,8,0,8,1,0,6.01937331663,0
pde_nominal,9,1864,10,1,8,0,4,1,0,5.40756204035,0
pde_nominal,7,3007,5,0,14,19,5,1,1,8.59204945052,0
pde_nominal,9,1862,1,0,33,0,30,1,0,11.8881610845,0
pde_nominal,0,2654,10,1,21,0,14,1,0,5.78278672845,0
pde_nominal,8,5157,15,1,16,0,16,1,0,3.70568046186,0
pde_nominal,9,1861,7,0,49,0,44,1,0,5.36446414416,0
pde_nominal,0,2648,15,1,28,0,28,1,0,4.38928798154,0
pde_nominal,5,5331,13,1,50,0,47,1,0,6.4482699686,0
pde_nominal,8,5156,5,0,147,0,46,1,0,11.1786882799,0
pde_nominal,8,5257,5,0,0,0,0,0,0,17.3640118336,0
pde_nominal,0,2647,11,1,57,0,24,1,0,5.95778854092,0
pde_nominal,2,4257,15,1,14,0,2,1,0,5.80804044142,0
pde_nominal,9,1854,11,1,32,0,4,1,0,4.51935383597,0
pde_nominal,0,2646,7,0,30,0,3,1,0,8.16106330705,0
pde_nominal,8,5155,3,0,40,0,7,1,0,4.73962317401,0
pde_nominal,1,3612,1,0,23,0,4,1,0,5.57177923706,0
pde_nominal,3,5095,4,0,39,0,39,1,0,3.9373876342,0
pde_nominal,0,4376,8,1,23,14,9,1,1,7.31135607116,0
pde_nominal,8,5147,11,1,61,0,43,1,0,3.65505985348,0
pde_nominal,9,1847,3,0,24,0,24,1,0,7.24472313907,0
pde_nominal,1,3607,14,1,112,0,112,1,0,6.49439726587,0
pde_nominal,1,4377,14,1,0,0,0,0,0,8.37093068254,0
pde_nominal,5,5321,14,1,13,0,13,1,0,3.51441232461,0
pde_nominal,3,5086,10,1,12,0,12,1,0,2.91785387084,0
pde_nominal,2,4233,14,1,50,0,50,1,0,7.40165019732,0
pde_nominal,7,2991,10,1,4,0,4,1,0,5.07532767172,0
pde_nominal,1,3602,13,1,43,0,42,1,0,4.91749801618,0
pde_nominal,2,4227,11,1,5,0,0,1,0,3.79275048621,0
pde_nominal,4,5445,8,1,28,0,5,1,0,4.77380686667,0
pde_nominal,4,5484,8,1,0,0,0,0,0,6.93571820122,0
pde_nominal,3,5077,12,1,8,0,8,1,0,5.07101887145,0
pde_nominal,3,5076,5,0,20,0,20,1,0,4.75688283479,0
pde_nominal,6,4105,11,1,70,0,70,1,0,5.41865083807,0
pde_nominal,8,5142,0,0,55,0,41,1,0,4.52865348846,0
pde_nominal,4,5440,10,1,184,0,159,1,0,10.8141924193,0
pde_nominal,9,1835,15,1,160,0,150,1,0,8.7694894271,0
pde_nominal,5,5337,12,1,71,0,71,1,0,10.9591380915,0
pde_nominal,9,1834,0,0,79,0,78,1,0,5.78244973164,0
pde_nominal,9,1833,3,0,36,0,15,1,0,4.4987792207,0
pde_nominal,8,5137,3,0,8,0,8,1,0,4.84124152278,0
pde_nominal,6,4100,9,1,99,0,67,1,0,7.13744327835,0
pde_nominal,7,2976,6,0,80,0,80,1,0,5.16815947222,0
pde_nominal,7,2975,4,0,3,0,3,1,0,3.77257632265,0
pde_nominal,8,5134,5,0,20,0,20,1,0,5.07921364308,0
pde_nominal,2,4210,15,1,110,0,110,1,0,8.56637651358,0
pde_nominal,5,5297,3,0,39,0,39,1,0,3.91822454539,0
pde_nominal,7,2972,6,0,64,0,64,1,0,6.67839864559,0
pde_nominal,7,2970,6,0,8,0,8,1,0,6.56458045766,0
pde_nominal,2,4208,7,0,56,0,56,1,0,11.219148425,0
pde_nominal,7,2969,15,1,35,0,35,1,0,4.10682895488,0
pde_nominal,0,2620,2,0,49,0,38,1,0,7.45926776249,0
pde_nominal,2,4205,1,0,65,0,57,1,0,6.54247706926,0
pde_nominal,6,4090,7,0,41,0,33,1,0,6.58659692457,0
pde_nominal,3,5062,10,1,139,0,114,1,0,11.8752515783,0
pde_nominal,8,5126,7,0,67,0,65,1,0,6.41223978918,0
pde_nominal,8,5125,3,0,14,0,14,1,0,4.71366131377,0
pde_nominal,3,5060,5,0,96,0,96,1,0,6.03379026675,0
pde_nominal,1,3572,10,1,9,0,9,1,0,3.22864019321,0
pde_nominal,4,5429,2,0,17,0,17,1,0,4.39357249956,0
pde_nominal,8,5120,14,1,67,0,67,1,0,4.33446281019,0
pde_nominal,2,4198,10,1,58,17,75,1,1,6.50814330751,0
pde_nominal,7,4584,5,0,67,0,67,1,0,14.1194982719,0
pde_nominal,0,2597,3,0,20,0,20,1,0,2.97363068086,0
pde_nominal,0,4377,3,0,0,0,0,0,0,5.30503869627,0
pde_nominal,9,1808,10,1,27,0,27,1,0,3.65600220772,0
pde_nominal,7,2948,2,0,42,0,42,1,0,4.30366526017,0
pde_nominal,1,3557,6,0,73,0,71,1,0,7.08129543251,0
pde_nominal,0,2587,12,1,12,0,8,1,0,6.90644916922,0
pde_nominal,7,2945,3,0,43,26,43,1,1,8.27051942635,0
pde_nominal,3,5047,5,0,34,0,23,1,0,8.49619599036,0
pde_nominal,0,2585,10,1,38,0,28,1,0,5.17258532501,0
pde_nominal,1,3555,4,0,77,0,65,1,0,4.4991848842,0
pde_nominal,5,5275,10,1,112,0,106,1,0,6.10027956136,0
pde_nominal,7,2942,13,1,41,0,41,1,0,3.950430425,0
pde_nominal,5,5271,11,1,12,0,12,1,0,4.0797711569,0
pde_nominal,1,3551,8,1,15,0,10,1,0,4.11142899028,0
pde_nominal,6,4061,0,0,18,0,14,1,0,5.34868514761,0
pde_nominal,3,5039,11,1,14,0,7,1,0,3.99215116188,0
pde_nominal,8,5095,8,1,3,0,3,1,0,7.72598460059,0
pde_nominal,3,5031,5,0,48,0,48,1,0,5.84657144163,0
pde_nominal,2,4169,7,0,51,0,51,1,0,4.17382995546,0
pde_nominal,0,4378,8,1,30,0,30,1,0,4.20737018344,0
pde_nominal,1,3536,11,1,27,7,1,1,1,7.09126585174,0
pde_nominal,8,5085,2,0,5,0,5,1,0,5.36680164414,0
pde_nominal,9,1778,8,1,88,0,57,1,0,8.72659748325,0
pde_nominal,5,5254,5,0,8,0,8,1,0,4.29116909083,0
pde_nominal,4,5408,8,1,0,0,0,1,0,4.3887157796,0
pde_nominal,1,3530,3,0,53,0,21,1,0,8.04717234478,0
pde_nominal,0,2554,10,1,47,0,39,1,0,3.48936114781,0
pde_nominal,3,5017,4,0,65,0,13,1,0,8.57732067382,0
pde_nominal,8,5070,12,1,13,0,8,1,0,13.9583469359,0
pde_nominal,1,3523,0,0,93,0,76,1,0,5.21654555553,0
pde_nominal,8,5064,3,0,7,0,0,1,0,5.19455207485,0
pde_nominal,2,4153,12,1,23,0,4,1,0,4.16850633749,0
pde_nominal,2,4698,12,1,0,0,0,0,0,7.73452572786,0
pde_nominal,0,2542,11,1,23,0,14,1,0,4.70055782396,0
pde_nominal,4,5399,14,1,188,0,83,1,0,13.460323527,0
pde_nominal,5,5236,7,0,30,0,27,1,0,5.30410826127,0
pde_nominal,6,4016,8,1,16,0,16,1,0,4.50026645869,0
pde_nominal,8,5050,13,1,39,0,39,1,0,6.01397147464,0
pde_nominal,2,4140,0,0,44,0,44,1,0,3.92753733691,0
pde_nominal,4,5386,6,0,12,0,11,1,0,2.70134881118,0
pde_nominal,9,1750,7,0,24,0,24,1,0,5.19984928707,0
pde_nominal,0,2534,10,1,33,0,31,1,0,5.80308517533,0
pde_nominal,4,5380,14,1,21,0,21,1,0,4.69116836569,0
pde_nominal,6,4005,1,0,20,0,15,1,0,5.83012886313,0
pde_nominal,6,4002,11,1,12,0,12,1,0,6.06888531222,0
pde_nominal,3,5000,3,0,77,0,72,1,0,5.26675621166,0
pde_nominal,6,3999,4,0,92,0,92,1,0,7.18017427321,0
pde_nominal,8,5035,2,0,6,0,5,1,0,4.05432726383,0
pde_nominal,1,3500,4,0,50,34,83,1,1,7.75055389919,0
pde_nominal,0,2527,7,0,157,0,156,1,0,11.4388342166,0
pde_nominal,0,2523,15,1,50,0,48,1,0,9.5580312702,0
pde_nominal,5,5208,9,1,8,0,1,1,0,4.21886925467,0
pde_nominal,1,3491,10,1,59,0,37,1,0,5.83744024557,0
pde_nominal,8,5026,4,0,58,0,45,1,0,7.19557317829,0
pde_nominal,4,5370,10,1,9,0,5,1,0,7.46317434169,0
pde_nominal,9,1717,3,0,48,0,48,1,0,4.58402265324,0
pde_nominal,1,3488,12,1,51,43,78,1,1,11.8855792567,0
pde_nominal,5,5202,5,0,16,0,16,1,0,3.05914122735,0
pde_nominal,7,2882,3,0,47,0,47,1,0,3.59400700348,0
pde_nominal,7,2879,7,0,15,22,14,1,1,6.23322971959,0
pde_nominal,4,5361,13,1,36,0,23,1,0,4.88133584319,0
pde_nominal,1,3482,9,1,74,0,63,1,0,5.09366336785,0
pde_nominal,6,3976,13,1,212,0,192,1,0,9.1676351432,0
pde_nominal,1,3477,3,0,59,0,59,1,0,3.34297247668,0
pde_nominal,0,2508,0,0,69,0,69,1,0,4.27699266088,0
pde_nominal,2,4108,5,0,44,0,22,1,0,5.34007630295,0
pde_nominal,8,5012,8,1,17,0,8,1,0,5.23033035889,0
pde_nominal,1,3476,13,1,87,0,34,1,0,5.06555814919,0
pde_nominal,8,5011,7,0,26,0,22,1,0,3.26719578138,0
pde_nominal,5,5182,2,0,8,0,8,1,0,4.19172441467,0
pde_nominal,7,2870,11,1,7,0,7,1,0,3.26001384654,0
pde_nominal,4,5346,14,1,57,0,57,1,0,6.11265572609,0
pde_nominal,2,4099,13,1,66,0,45,1,0,4.90422404379,0
pde_nominal,9,1699,12,1,38,0,38,1,0,5.15004036095,0
pde_nominal,9,1698,5,0,60,0,49,1,0,7.16651747561,0
pde_nominal,9,3808,3,0,23,0,23,1,0,11.3988597304,0
pde_nominal,4,5338,2,0,109,0,109,1,0,5.50490830934,0
pde_nominal,6,3962,15,1,23,0,23,1,0,3.93376646697,0
pde_nominal,6,3961,13,1,119,0,119,1,0,11.4050281669,0
pde_nominal,1,3453,14,1,69,0,69,1,0,5.48753708872,0
pde_nominal,8,4992,15,1,73,0,73,1,0,5.29498114349,0
pde_nominal,0,2489,1,0,23,0,23,1,0,4.380621985,0
pde_nominal,2,4087,5,0,92,0,89,1,0,7.28338448522,0
pde_nominal,6,3954,7,0,76,0,76,1,0,8.55273670543,0
pde_nominal,5,5159,10,1,85,0,83,1,0,5.44491445525,0
pde_nominal,1,3448,10,1,127,0,124,1,0,6.7755239356,0
pde_nominal,7,2843,10,1,46,0,46,1,0,6.57899241988,0
pde_nominal,7,2841,2,0,4,0,4,1,0,3.33504921669,0
pde_nominal,1,3442,2,0,0,0,0,1,0,4.97243437277,0
pde_nominal,5,5155,5,0,12,0,0,1,0,3.86317227213,0
pde_nominal,0,2481,3,0,4,0,4,1,0,5.93922802348,0
pde_nominal,7,4590,5,0,48,0,48,1,0,7.02466816661,0
pde_nominal,5,5152,6,0,3,0,3,1,0,5.77412979994,0
pde_nominal,8,4982,15,1,89,48,137,1,1,9.12750211712,0
pde_nominal,7,2830,12,1,8,0,8,1,0,5.11302832652,0
pde_nominal,7,2824,7,0,14,0,14,1,0,12.2742077462,0
pde_nominal,5,5136,15,1,15,0,13,1,0,5.05688755622,0
pde_nominal,2,4064,10,1,17,0,9,1,0,4.98657175642,0
pde_nominal,6,3943,8,1,11,0,11,1,0,3.95527755995,0
pde_nominal,7,2821,4,0,14,0,14,1,0,4.34674297423,0
pde_nominal,5,5134,9,1,102,0,77,1,0,7.53612901247,0
pde_nominal,2,4063,12,1,70,0,48,1,0,4.84552140645,0
pde_nominal,0,2463,11,1,62,0,62,1,0,5.12972675594,0
pde_nominal,6,4647,14,1,5,0,5,1,0,6.0781744842,0
pde_nominal,3,4926,4,0,13,0,13,1,0,3.10259423023,0
pde_nominal,8,4966,14,1,29,0,29,1,0,4.41460926594,0
pde_nominal,2,4052,8,1,76,0,76,1,0,5.40515606977,0
pde_nominal,3,4922,3,0,40,0,40,1,0,9.15388366231,0
pde_nominal,4,5308,0,0,50,0,50,1,0,6.45710722449,0
pde_nominal,1,3416,4,0,62,0,62,1,0,3.7191232592,0
pde_nominal,4,5307,5,0,21,0,21,1,0,3.06266041818,0
pde_nominal,0,2453,15,1,110,0,109,1,0,6.4211962744,0
pde_nominal,8,4956,15,1,13,0,13,1,0,5.577600933,0
pde_nominal,7,2809,15,1,194,0,194,1,0,11.0556376577,0
pde_nominal,0,2449,15,1,77,0,77,1,0,5.44928855634,0
pde_nominal,8,4953,5,0,25,0,25,1,0,3.19332714213,0
pde_nominal,2,4042,12,1,12,0,3,1,0,4.50420389718,0
pde_nominal,6,3920,10,1,38,20,32,1,1,5.95110534085,0
pde_nominal,5,5106,3,0,60,0,50,1,0,5.42187756853,0
pde_nominal,8,4947,4,0,45,0,20,1,0,10.7569627514,0
pde_nominal,0,2442,3,0,55,0,12,1,0,5.78180365653,0
pde_nominal,2,4040,13,1,48,0,31,1,0,7.11937434343,0
pde_nominal,7,2793,10,1,51,0,51,1,0,5.13927197036,0
pde_nominal,3,4907,7,0,142,0,115,1,0,9.64972418579,0
pde_nominal,1,3395,6,0,82,0,55,1,0,6.19284637418,0
pde_nominal,5,5091,2,0,1,0,0,1,0,3.48544482232,0
pde_nominal,3,4906,4,0,52,0,12,1,0,10.0217603194,0
pde_nominal,8,4940,11,1,37,0,10,1,0,4.14550254071,0
pde_nominal,1,3389,0,0,33,0,26,1,0,6.5615852818,0
pde_nominal,4,5288,11,1,48,0,27,1,0,6.10513952624,0
pde_nominal,7,2777,9,1,4,0,4,1,0,10.099273691,0
pde_nominal,4,5287,10,1,33,0,33,1,0,5.6182367674,0
pde_nominal,3,4898,10,1,18,0,18,1,0,4.42023230949,0
pde_nominal,7,2774,9,1,39,0,39,1,0,4.47453152224,0
pde_nominal,6,3898,10,1,76,0,76,1,0,10.9215482169,0
pde_nominal,3,4894,3,0,25,0,25,1,0,3.12506890933,0
pde_nominal,7,2773,6,0,66,0,66,1,0,9.18449073624,0
pde_nominal,7,2772,4,0,45,0,45,1,0,3.95816237597,0
pde_nominal,3,4889,2,0,50,0,1,1,0,7.82404134712,0
pde_nominal,4,5278,14,1,27,18,31,1,1,10.564866726,0
pde_nominal,0,2414,1,0,50,0,25,1,0,6.02454766547,0
pde_nominal,0,2412,14,1,3,0,3,1,0,4.54384985598,0
pde_nominal,1,3379,4,0,82,23,76,1,1,8.48923743677,0
pde_nominal,2,4017,8,1,7,0,7,1,0,4.17327565673,0
pde_nominal,8,4928,3,0,15,0,12,1,0,3.61719050302,0
pde_nominal,0,2407,3,0,2,0,2,1,0,4.52485776144,0
pde_nominal,9,1626,6,0,55,0,55,1,0,3.26835136476,0
pde_nominal,6,3884,2,0,56,0,54,1,0,5.5263160126,0
pde_nominal,4,5273,4,0,46,0,44,1,0,4.74503515093,0
pde_nominal,4,5270,11,1,27,0,13,1,0,6.40575095433,0
pde_nominal,5,5058,2,0,31,0,21,1,0,4.22293200672,0
pde_nominal,9,1610,13,1,71,0,47,1,0,3.23880314166,0
pde_nominal,1,3369,13,1,22,0,15,1,0,10.1165959491,0
pde_nominal,9,1608,11,1,83,0,61,1,0,4.02832753465,0
pde_nominal,2,4009,0,0,169,0,128,1,0,8.52358139933,0
pde_nominal,1,3368,0,0,86,0,63,1,0,5.04871387535,0
pde_nominal,0,2392,7,0,41,0,30,1,0,5.14639988699,0
pde_nominal,2,4001,10,1,49,0,18,1,0,5.60282928924,0
pde_nominal,9,1601,10,1,69,0,23,1,0,5.30972090754,0
pde_nominal,3,4861,3,0,11,0,11,1,0,7.00031780158,0
pde_nominal,6,3866,3,0,70,0,47,1,0,7.2017881591,0
pde_nominal,0,2385,0,0,9,0,0,1,0,2.91665409102,0
pde_nominal,8,4917,9,1,20,0,0,1,0,3.79875858987,0
pde_nominal,2,3994,7,0,29,0,16,1,0,5.64092879777,0
pde_nominal,2,3993,4,0,70,0,49,1,0,8.84808739046,0
pde_nominal,0,2373,6,0,27,0,3,1,0,5.17017285086,0
pde_nominal,3,4854,2,0,118,0,57,1,0,9.96479490583,0
pde_nominal,4,5238,0,0,26,0,26,1,0,5.91281665195,0
pde_nominal,1,3349,6,0,6,0,6,1,0,5.49514213778,0
pde_nominal,7,2734,15,1,88,0,88,1,0,6.11810723105,0
pde_nominal,0,2371,14,1,84,0,84,1,0,10.6843248992,0
pde_nominal,6,3853,8,1,14,0,14,1,0,7.83017079127,0
pde_nominal,7,2732,14,1,28,0,28,1,0,2.99494292831,0
pde_nominal,4,5233,4,0,83,0,83,1,0,4.17938907229,0
pde_nominal,8,4909,10,1,186,0,186,1,0,8.21064144504,0
pde_nominal,3,4849,13,1,10,0,10,1,0,4.71783902965,0
pde_nominal,0,2368,7,0,104,0,104,1,0,6.78167769351,0
pde_nominal,3,4845,5,0,49,0,49,1,0,5.29004731987,0
pde_nominal,4,5228,3,0,1,0,1,1,0,6.54691212258,0
pde_nominal,3,4843,15,1,20,0,20,1,0,7.22680589877,0
pde_nominal,3,4842,10,1,31,0,31,1,0,4.11365212865,0
pde_nominal,6,3851,15,1,73,0,73,1,0,11.1152150235,0
pde_nominal,1,3340,4,0,76,0,76,1,0,11.9332983315,0
pde_nominal,7,2728,12,1,29,0,29,1,0,3.12674828125,0
pde_nominal,0,2363,2,0,114,0,107,1,0,7.20902796014,0
pde_nominal,4,5226,2,0,58,0,52,1,0,6.69830400975,0
pde_nominal,1,3338,0,0,13,0,5,1,0,4.73119169024,0
pde_nominal,1,3337,9,1,43,0,2,1,0,4.31517012491,0
pde_nominal,0,2360,9,1,18,0,17,1,0,8.72446847302,0
pde_nominal,2,3963,3,0,39,0,39,1,0,4.17902805431,0
pde_nominal,8,4893,1,0,58,0,58,1,0,5.63099139531,0
pde_nominal,3,4835,6,0,127,0,123,1,0,6.95083530064,0
pde_nominal,5,5026,13,1,95,0,95,1,0,6.74117720868,0
pde_nominal,9,5242,6,0,28,0,28,1,0,5.03194278954,0
pde_nominal,2,3959,2,0,24,0,24,1,0,6.48270317591,0
pde_nominal,9,5240,14,1,52,0,52,1,0,3.36475147882,0
pde_nominal,5,5023,12,1,57,0,57,1,0,4.32990729827,0
pde_nominal,3,4829,0,0,79,0,77,1,0,5.12151492376,0
pde_nominal,4,5219,2,0,54,0,25,1,0,8.06315166501,0
pde_nominal,3,4828,15,1,41,0,14,1,0,6.24467899938,0
pde_nominal,4,5218,5,0,82,0,82,1,0,6.084872849,0
pde_nominal,1,3326,13,1,47,15,62,1,1,10.9449502297,0
pde_nominal,7,2706,9,1,23,0,23,1,0,3.59841107867,0
pde_nominal,5,5012,14,1,2,0,2,1,0,6.30018476854,0
pde_nominal,8,4883,10,1,10,0,10,1,0,6.19271667658,0
pde_nominal,0,2349,5,0,55,0,55,1,0,5.48376796994,0
pde_nominal,9,5221,5,0,43,0,43,1,0,3.89317247983,0
pde_nominal,9,5219,14,1,6,0,6,1,0,4.65973791545,0
pde_nominal,0,2348,4,0,21,0,21,1,0,4.7561756535,0
pde_nominal,3,4821,8,1,61,0,61,1,0,4.80968115061,0
pde_nominal,6,3827,14,1,28,0,28,1,0,5.76205540336,0
pde_nominal,3,4816,1,0,18,0,18,1,0,4.88054994407,0
pde_nominal,7,2704,9,1,186,0,186,1,0,8.95237039797,0
pde_nominal,0,2344,6,0,58,0,58,1,0,6.58188940463,0
pde_nominal,8,4877,12,1,64,0,64,1,0,4.98544451364,0
pde_nominal,3,4813,4,0,51,0,51,1,0,5.64846621502,0
pde_nominal,3,4809,1,0,68,0,68,1,0,4.80981033787,0
pde_nominal,6,3816,12,1,7,0,7,1,0,4.62051943663,0
pde_nominal,8,4866,2,0,93,0,87,1,0,4.31922484849,0
pde_nominal,9,5204,13,1,47,0,47,1,0,8.90282853955,0
pde_nominal,8,4865,11,1,45,0,20,1,0,3.89550606834,0
pde_nominal,8,4863,11,1,17,0,17,1,0,4.26220619379,0
pde_nominal,9,5202,15,1,25,13,37,1,1,7.50413119868,0
pde_nominal,1,3306,6,0,22,16,27,1,1,7.75992994386,0
pde_nominal,6,3806,9,1,4,0,4,1,0,7.78689173408,0
pde_nominal,0,2326,12,1,73,0,45,1,0,4.87452599905,0
pde_nominal,8,4859,1,0,37,0,24,1,0,13.3677244686,0
pde_nominal,0,2324,5,0,4,0,2,1,0,4.57320080095,0
pde_nominal,6,3801,15,1,8,0,8,1,0,3.1857824428,0
pde_nominal,3,4797,4,0,67,0,67,1,0,9.56953593096,0
pde_nominal,1,3299,10,1,49,38,87,1,1,7.75691566941,0
pde_nominal,6,3797,8,1,95,0,95,1,0,8.84126697318,0
pde_nominal,0,2320,3,0,16,0,16,1,0,5.85806382632,0
pde_nominal,1,3291,14,1,67,0,67,1,0,5.66204533103,0
pde_nominal,0,2319,6,0,127,0,127,1,0,5.71814114501,0
pde_nominal,7,2679,2,0,71,0,71,1,0,6.25725750452,0
pde_nominal,7,2678,3,0,45,0,45,1,0,4.95953420864,0
pde_nominal,5,4983,9,1,6,0,6,1,0,4.08363287192,0
pde_nominal,8,4848,2,0,79,0,79,1,0,9.19614711133,0
pde_nominal,1,3285,9,1,30,0,20,1,0,5.42604778716,0
pde_nominal,5,4980,10,1,102,28,116,1,1,7.25243183383,0
pde_nominal,6,3785,5,0,185,0,162,1,0,10.688280208,0
pde_nominal,7,2671,5,0,14,0,14,1,0,4.24236923922,0
pde_nominal,3,4782,14,1,84,0,72,1,0,6.94944383913,0
pde_nominal,7,2670,0,0,19,0,19,1,0,3.08060394937,0
pde_nominal,6,3784,0,0,29,0,20,1,0,3.7076063604,0
pde_nominal,9,5177,14,1,21,0,21,1,0,5.0370702729,0
pde_nominal,1,4386,2,0,57,0,27,1,0,15.3298676103,0
pde_nominal,8,4836,14,1,9,0,9,1,0,4.78456443933,0
pde_nominal,5,4970,0,0,34,0,34,1,0,3.04644232546,0
pde_nominal,6,3779,14,1,48,0,48,1,0,6.68509311883,0
pde_nominal,8,4829,2,0,27,0,27,1,0,5.84569055663,0
pde_nominal,9,5167,11,1,89,0,89,1,0,5.20339184888,0
pde_nominal,9,5166,10,1,18,0,18,1,0,3.56531914654,0
pde_nominal,1,3270,0,0,66,0,66,1,0,4.27936934381,0
pde_nominal,8,4824,5,0,27,0,27,1,0,2.96819880931,0
pde_nominal,9,5157,3,0,24,0,24,1,0,3.31849189309,0
pde_nominal,2,3906,5,0,100,0,100,1,0,5.5662161359,0
pde_nominal,5,4964,2,0,39,0,39,1,0,10.0212618665,0
pde_nominal,8,4819,5,0,16,0,16,1,0,4.0883159657,0
pde_nominal,5,4954,4,0,24,0,24,1,0,4.40505737313,0
pde_nominal,4,5153,2,0,59,0,52,1,0,3.93986867084,0
pde_nominal,3,4758,15,1,22,0,22,1,0,3.5093769462,0
pde_nominal,0,2277,8,1,60,0,60,1,0,6.0819799401,0
pde_nominal,3,4755,13,1,74,0,74,1,0,3.64813191828,0
pde_nominal,1,3255,5,0,31,0,31,1,0,4.53836350809,0
pde_nominal,6,3769,4,0,63,0,63,1,0,7.20497185018,0
pde_nominal,2,3896,8,1,226,0,197,1,0,11.1906465101,0
pde_nominal,1,3253,2,0,21,6,27,1,1,6.24580116885,0
pde_nominal,0,2266,2,0,51,0,51,1,0,9.81089251544,0
pde_nominal,7,2642,14,1,46,0,46,1,0,5.06642704331,0
pde_nominal,6,3760,15,1,53,0,48,1,0,10.3253163992,0
pde_nominal,4,5144,2,0,11,0,7,1,0,2.83391494759,0
pde_nominal,0,2259,11,1,72,0,57,1,0,6.52687714397,0
pde_nominal,2,3886,14,1,37,0,0,1,0,4.53822265737,0
pde_nominal,6,3756,5,0,45,0,7,1,0,10.193249931,0
pde_nominal,2,3885,9,1,28,0,16,1,0,5.72085895927,0
pde_nominal,8,4800,6,0,73,0,24,1,0,5.86401755363,0
pde_nominal,8,4799,8,1,30,0,23,1,0,12.5130563514,0
pde_nominal,8,4797,12,1,0,0,0,1,0,4.80350203474,0
pde_nominal,5,4936,14,1,9,0,7,1,0,3.31584005996,0
pde_nominal,2,3881,15,1,71,0,60,1,0,5.46819435728,0
pde_nominal,3,4741,0,0,5,0,1,1,0,3.71653017558,0
pde_nominal,4,5132,6,0,34,0,24,1,0,3.58512787423,0
pde_nominal,8,4791,8,1,48,0,28,1,0,9.95460010374,0
pde_nominal,4,5130,2,0,10,0,1,1,0,4.68075791655,0
pde_nominal,3,4737,14,1,62,0,38,1,0,6.6046943758,0
pde_nominal,3,4732,15,1,71,23,60,1,1,12.3917928095,0
pde_nominal,1,3232,13,1,8,0,0,1,0,3.40323764224,0
pde_nominal,9,5119,7,0,48,0,22,1,0,9.36257996059,0
pde_nominal,4,5123,6,0,14,0,12,1,0,7.54019572534,0
pde_nominal,5,4928,4,0,50,0,46,1,0,5.88581071215,0
pde_nominal,3,4729,15,1,40,28,65,1,1,6.44947184331,0
pde_nominal,2,3870,15,1,46,0,17,1,0,5.07850115384,0
pde_nominal,9,5109,6,0,8,0,0,1,0,3.45285265466,0
pde_nominal,7,2612,13,1,19,0,19,1,0,6.70538851027,0
pde_nominal,0,2241,2,0,87,0,41,1,0,5.16070996667,0
pde_nominal,2,3861,13,1,36,0,35,1,0,4.45291967341,0
pde_nominal,5,4920,2,0,48,0,22,1,0,6.53533026442,0
pde_nominal,6,3735,7,0,21,0,2,1,0,3.72528252662,0
pde_nominal,8,4780,10,1,34,0,33,1,0,5.24243724457,0
pde_nominal,5,4919,7,0,33,0,33,1,0,3.34796706136,0
pde_nominal,9,5100,8,1,58,0,58,1,0,5.50867529464,0
pde_nominal,1,3215,13,1,37,0,37,1,0,16.7079547466,0
pde_nominal,3,4723,5,0,84,0,70,1,1,7.10704184042,0
pde_nominal,6,3732,0,0,106,0,106,1,0,6.52495728099,0
pde_nominal,4,5107,3,0,59,0,58,1,0,6.62615141361,0
pde_nominal,0,2232,7,0,46,0,46,1,0,4.6549725273,0
pde_nominal,9,5097,0,0,80,0,80,1,0,5.19872550012,0
pde_nominal,7,2599,5,0,58,0,58,1,0,6.64404925303,0
pde_nominal,8,4769,14,1,122,0,122,1,0,5.64326070147,0
pde_nominal,3,4714,6,0,28,0,28,1,0,3.64724423647,0
pde_nominal,6,3715,1,0,20,0,1,1,0,5.29169213241,0
pde_nominal,5,4905,13,1,9,0,7,1,0,3.8660205283,0
pde_nominal,6,3714,2,0,13,0,7,1,0,4.10688902802,0
pde_nominal,4,5097,6,0,32,0,12,1,0,4.8056043396,0
pde_nominal,6,3712,5,0,106,0,98,1,0,6.94229186007,0
pde_nominal,8,4754,6,0,28,0,28,1,0,4.59841206913,0
pde_nominal,0,2220,9,1,10,0,10,1,0,4.99435927006,0
pde_nominal,2,3849,6,0,31,0,31,1,0,4.57161148621,0
pde_nominal,2,3847,4,0,30,0,30,1,0,7.76423801083,0
pde_nominal,0,2217,12,1,62,0,62,1,0,9.84364940739,0
pde_nominal,1,3196,3,0,43,0,39,1,0,5.36194416357,0
pde_nominal,6,3708,7,0,28,0,28,1,0,4.45571336864,0
pde_nominal,7,2585,3,0,83,0,83,1,0,4.68090868324,0
pde_nominal,8,4744,13,1,2,0,0,1,0,4.10251170398,0
pde_nominal,4,5493,2,0,27,0,25,1,0,6.61499075665,0
pde_nominal,2,3840,13,1,77,0,57,1,0,9.35600633386,0
pde_nominal,2,3838,7,0,19,0,19,1,0,3.41222925997,0
pde_nominal,1,3188,14,1,56,0,33,1,0,7.30876651241,0
pde_nominal,9,5086,14,1,66,0,35,1,0,7.01873795623,0
pde_nominal,2,3833,12,1,67,0,25,1,0,7.45289029614,0
pde_nominal,1,3184,2,0,46,0,45,1,0,4.78446463191,0
pde_nominal,2,3831,7,0,38,0,38,1,0,4.4122587478,0
pde_nominal,2,3830,11,1,36,0,36,1,0,3.35671629249,0
pde_nominal,1,3182,2,0,8,0,8,1,0,10.6655933767,0
pde_nominal,5,4874,12,1,113,0,113,1,0,5.63292816326,0
pde_nominal,6,3690,3,0,50,0,4,1,0,8.19754428871,0
pde_nominal,0,2200,2,0,37,0,0,1,0,5.20551270166,0
pde_nominal,9,5074,5,0,47,0,42,1,0,9.8560231038,0
pde_nominal,0,2197,12,1,47,0,47,1,0,6.57162171937,0
pde_nominal,6,3686,12,1,35,0,35,1,0,5.28447614752,0
pde_nominal,7,2567,10,1,52,0,52,1,0,4.91910650852,0
pde_nominal,3,4674,1,0,154,0,154,1,0,9.10031271986,0
pde_nominal,9,5067,11,1,38,0,38,1,0,4.55554873207,0
pde_nominal,0,2189,1,0,41,0,41,1,0,10.4106082049,0
pde_nominal,9,5062,0,0,40,0,40,1,0,5.1122001096,0
pde_nominal,9,5061,13,1,8,0,8,1,0,6.57736336214,0
pde_nominal,2,3815,9,1,19,2,17,1,1,5.91323594987,0
pde_nominal,6,3681,0,0,38,0,38,1,0,11.6330286827,0
pde_nominal,5,4855,2,0,39,0,39,1,0,6.92557067505,0
pde_nominal,9,5058,1,0,125,0,125,1,0,7.10981878569,0
pde_nominal,1,3158,11,1,18,0,18,1,0,5.40582191213,0
pde_nominal,0,2184,9,1,85,0,85,1,0,8.04769956267,0
pde_nominal,5,4853,3,0,8,0,8,1,0,4.11603695996,0
pde_nominal,3,4661,1,0,1,0,1,1,0,3.55789644048,0
pde_nominal,4,5057,11,1,41,0,41,1,0,4.03898007361,0
pde_nominal,2,3811,0,0,242,0,242,1,0,9.66769742941,0
pde_nominal,6,3671,8,1,12,0,12,1,0,6.80054319978,0
pde_nominal,0,2178,11,1,24,0,24,1,0,6.54134569078,0
pde_nominal,0,2172,6,0,46,0,31,1,0,3.23733136315,0
pde_nominal,0,2170,12,1,43,0,28,1,0,4.04782469139,0
pde_nominal,2,3799,13,1,48,0,26,1,0,6.03404456858,0
pde_nominal,9,5049,12,1,48,0,25,1,0,4.96687815084,0
pde_nominal,6,3659,0,0,55,0,36,1,0,4.87707712745,0
pde_nominal,1,3146,14,1,87,0,70,1,0,4.42031997493,0
pde_nominal,4,5043,1,0,4,0,0,1,0,3.11317533555,0
pde_nominal,4,5041,4,0,28,0,28,1,0,7.57025453733,0
pde_nominal,9,5041,13,1,36,0,36,1,0,6.19072847014,0
pde_nominal,0,2164,8,1,67,0,62,1,0,4.44966829318,0
pde_nominal,5,4833,10,1,16,0,2,1,0,3.52006224599,0
pde_nominal,0,2162,7,0,32,0,1,1,0,8.02895969282,0
pde_nominal,7,2540,5,0,63,0,63,1,0,6.20235412968,0
pde_nominal,9,5039,2,0,71,0,62,1,0,7.4273796434,0
pde_nominal,5,4830,10,1,25,0,25,1,0,6.06873002218,0
pde_nominal,4,5035,11,1,63,0,63,1,0,4.57912062167,0
pde_nominal,3,4643,5,0,41,0,41,1,0,4.43912439075,0
pde_nominal,8,4688,12,1,29,0,29,1,0,4.94284203028,0
pde_nominal,8,4687,5,0,0,0,0,1,0,3.15719778927,0
pde_nominal,0,2158,0,0,24,0,24,1,0,4.21092163765,0
pde_nominal,2,3786,7,0,72,0,59,1,0,3.86757618622,0
pde_nominal,7,2533,10,1,73,0,73,1,0,4.45200296188,0
pde_nominal,9,5034,15,1,138,0,119,1,0,13.1948305999,0
pde_nominal,4,5025,9,1,78,0,78,1,0,8.53696142008,0
pde_nominal,4,5024,6,0,33,0,33,1,0,7.18041328263,0
pde_nominal,4,5022,15,1,4,0,4,1,0,5.15051844107,0
pde_nominal,0,2149,9,1,65,0,65,1,0,7.19435645167,0
pde_nominal,7,2530,8,1,47,0,47,1,0,3.52110526755,0
pde_nominal,8,4675,2,0,34,0,33,1,0,6.43129187056,0
pde_nominal,8,4674,13,1,8,0,8,1,0,6.68456179736,0
pde_nominal,2,3778,7,0,120,0,112,1,0,8.3067884891,0
pde_nominal,1,3119,3,0,17,0,17,1,0,3.57162643716,0
pde_nominal,3,4637,0,0,16,0,16,1,0,5.05581894818,0
pde_nominal,6,3629,13,1,140,0,137,1,0,9.15346879495,0
pde_nominal,1,3115,1,0,12,0,0,1,0,3.73146485126,0
pde_nominal,5,4814,0,0,46,0,30,1,0,5.23287518377,0
pde_nominal,0,2141,12,1,27,20,27,1,1,5.9889861965,0
pde_nominal,2,3767,10,1,47,0,47,1,0,10.1580482735,0
pde_nominal,3,4629,13,1,74,0,74,1,0,4.06837764844,0
pde_nominal,0,2138,6,0,31,14,17,1,1,6.11535174965,0
pde_nominal,5,4808,3,0,55,0,29,1,0,7.75862119132,0
pde_nominal,6,3623,4,0,64,0,37,1,0,11.0839855821,0
pde_nominal,1,3102,6,0,27,0,27,1,0,5.56317334418,0
pde_nominal,7,2514,10,1,30,0,30,1,0,10.8601043967,0
pde_nominal,7,2513,15,1,63,0,63,1,0,4.98345144489,0
pde_nominal,2,3764,1,0,76,0,67,1,0,5.31418820664,0
pde_nominal,3,4623,6,0,21,0,21,1,0,3.30752889741,0
pde_nominal,9,5015,10,1,28,22,40,1,1,10.6894458956,0
pde_nominal,1,3097,0,0,25,0,15,1,0,4.85585258678,0
pde_nominal,3,4621,2,0,15,0,12,1,0,3.76627334418,0
pde_nominal,3,4618,10,1,31,0,2,1,0,3.73145266308,0
pde_nominal,1,3095,0,0,55,0,19,1,0,4.69310455305,0
pde_nominal,2,3760,14,1,6,0,1,1,0,3.52189942282,0
pde_nominal,3,4617,2,0,23,0,1,1,0,3.74888614028,0
pde_nominal,5,4794,7,0,1,0,0,1,0,4.01178561401,0
pde_nominal,5,4793,6,0,52,0,13,1,0,8.16171837446,0
pde_nominal,3,4613,14,1,32,0,0,1,0,3.79597771421,0
pde_nominal,0,2132,8,1,89,0,14,1,0,12.8827202693,0
pde_nominal,5,4790,15,1,27,0,2,1,0,4.05234832901,0
pde_nominal,6,3615,12,1,66,0,15,1,0,9.52164582205,0
pde_nominal,0,2129,11,1,19,0,19,1,0,6.05757157646,0
pde_nominal,5,4788,15,1,104,0,104,1,0,6.25412156885,0
pde_nominal,4,4996,2,0,161,0,122,1,0,9.25359783253,0
pde_nominal,0,2127,6,0,39,0,39,1,0,4.78293396989,0
pde_nominal,7,2499,13,1,29,0,29,1,0,4.97628895743,0
pde_nominal,1,3080,7,0,11,0,4,1,0,4.65441183671,0
pde_nominal,5,4782,12,1,84,0,60,1,0,8.01930742503,0
pde_nominal,0,2122,7,0,73,0,73,1,0,4.72526613823,0
pde_nominal,6,3601,10,1,11,0,8,1,0,5.2719623695,0
pde_nominal,6,3598,5,0,6,0,6,1,0,7.90872425414,0
pde_nominal,3,4593,14,1,78,0,78,1,0,4.86376225495,0
pde_nominal,5,4772,14,1,23,0,21,1,0,3.84547182132,0
pde_nominal,4,4981,14,1,119,0,105,1,0,7.67129289907,0
pde_nominal,8,4637,12,1,35,0,29,1,0,6.2263613733,0
pde_nominal,2,3738,8,1,18,0,1,1,0,4.53193879316,0
pde_nominal,5,4765,8,1,33,0,27,1,0,3.92230670753,0
pde_nominal,4,4975,10,1,33,0,28,1,0,4.08070644461,0
pde_nominal,9,4975,4,0,43,0,42,1,0,8.96770441792,0
pde_nominal,1,3065,9,1,77,0,73,1,0,3.38319509421,0
pde_nominal,6,3577,15,1,101,0,99,1,0,6.08184839522,0
pde_nominal,4,4969,7,0,18,0,18,1,0,4.66415112007,0
pde_nominal,7,2469,14,1,86,0,86,1,0,6.5539175503,0
pde_nominal,3,4578,8,1,83,0,83,1,0,8.00427653056,0
pde_nominal,0,2096,3,0,64,0,64,1,0,5.96397937897,0
pde_nominal,6,3571,1,0,57,0,57,1,0,5.00593844693,0
pde_nominal,5,4758,15,1,50,0,50,1,0,3.87067283526,0
pde_nominal,2,3719,1,0,80,0,80,1,0,6.9910714532,0
pde_nominal,5,4751,0,0,91,0,91,1,0,5.29040202673,0
pde_nominal,6,3556,3,0,67,0,67,1,0,4.31500746986,0
pde_nominal,5,4750,13,1,54,0,54,1,0,6.50941028136,0
pde_nominal,3,4563,10,1,50,0,34,1,0,9.54525205683,0
pde_nominal,9,4954,13,1,71,0,51,1,0,5.35024356679,0
pde_nominal,6,3553,14,1,56,23,47,1,1,7.39189242976,0
pde_nominal,3,4562,11,1,66,0,57,1,0,4.23737033744,0
pde_nominal,0,2083,10,1,60,0,60,1,0,5.50430174119,0
pde_nominal,3,4559,15,1,16,0,13,1,0,3.7335189335,0
pde_nominal,5,4741,7,0,21,0,3,1,0,10.1115371372,0
pde_nominal,7,2454,7,0,2,0,2,1,0,4.29753495322,0
pde_nominal,4,4960,3,0,48,0,25,1,0,4.40793944931,0
pde_nominal,9,4949,12,1,33,0,33,1,0,4.91681256259,0
pde_nominal,1,3033,1,0,77,0,59,1,0,4.69086601652,0
pde_nominal,2,3711,6,0,11,0,3,1,0,6.43485555315,0
pde_nominal,9,4940,6,0,10,0,0,1,0,6.64030807185,0
pde_nominal,0,2066,6,0,46,0,38,1,0,4.02650105552,0
pde_nominal,9,4936,15,1,28,0,20,1,0,5.78081234557,0
pde_nominal,4,4947,6,0,31,0,31,1,0,3.19523539646,0
pde_nominal,8,4596,3,0,47,0,47,1,0,3.81106500761,0
pde_nominal,7,2432,0,0,103,0,103,1,0,5.09269676873,0
pde_nominal,6,3521,7,0,25,0,25,1,0,3.97117652436,0
pde_nominal,4,4940,13,1,89,0,89,1,0,4.76682216311,0
pde_nominal,4,4937,15,1,27,0,27,1,0,4.63302286998,0
pde_nominal,6,3517,1,0,40,0,40,1,0,11.9706820804,0
pde_nominal,3,4535,14,1,140,0,140,1,0,7.48722756278,0
pde_nominal,9,5259,0,0,16,0,10,1,0,10.0619693216,0
pde_nominal,5,4712,14,1,10,0,1,1,0,5.37606488287,0
pde_nominal,5,4709,7,0,5,0,5,1,0,3.99077492638,0
pde_nominal,8,4582,1,0,92,0,87,1,0,6.72297774593,0
pde_nominal,7,2425,5,0,90,0,90,1,0,5.15804897963,0
pde_nominal,5,4705,13,1,86,0,75,1,0,5.5218951505,0
pde_nominal,7,2421,0,0,133,0,133,1,0,6.94782391549,0
pde_nominal,7,2419,9,1,32,0,32,1,0,5.82373560391,0
pde_nominal,7,2417,10,1,37,0,37,1,0,3.8324319839,0
pde_nominal,4,4925,13,1,39,0,39,1,0,3.852500955,0
pde_nominal,4,4924,1,0,27,0,27,1,0,7.04403640555,0
pde_nominal,7,2414,15,1,58,0,58,1,0,4.89131884961,0
pde_nominal,5,4698,13,1,30,0,30,1,0,4.06772343188,0
pde_nominal,0,2039,5,0,42,0,24,1,0,3.29069815251,0
pde_nominal,9,4900,8,1,37,0,13,1,0,4.77607330369,0
pde_nominal,5,4695,2,0,17,0,2,1,0,4.50367219572,0
pde_nominal,6,3496,1,0,47,0,5,1,0,6.24969782091,0
pde_nominal,9,4896,14,1,71,0,62,1,0,6.11268450387,0
pde_nominal,1,2977,6,0,44,0,34,1,0,3.44113868632,0
pde_nominal,8,4568,7,0,157,0,119,1,0,9.08453172262,0
pde_nominal,0,2030,15,1,47,0,35,1,0,3.96320662717,0
pde_nominal,6,3486,12,1,7,0,7,1,0,6.22580946418,0
pde_nominal,9,4894,8,1,84,0,41,1,0,11.4086851192,0
pde_nominal,7,2403,15,1,34,0,34,1,0,3.63706135211,0
pde_nominal,3,4502,9,1,37,0,18,1,0,6.59796608809,0
pde_nominal,1,2972,1,0,147,0,130,1,0,7.29446218132,0
pde_nominal,7,2396,10,1,10,0,10,1,0,3.35164660562,0
pde_nominal,5,4671,0,0,28,0,15,1,0,4.76630772721,0
pde_nominal,3,4490,7,0,50,0,46,1,0,6.32407618612,0
pde_nominal,5,4670,0,0,62,0,58,1,0,8.35580304171,0
pde_nominal,5,4669,4,0,50,0,50,1,0,7.29864144546,0
pde_nominal,1,6897,13,1,60,0,60,1,0,8.93130240425,0
pde_nominal,7,2386,6,0,88,0,88,1,0,6.70423838868,0
pde_nominal,9,4870,10,1,0,0,0,1,0,4.40447843725,0
pde_nominal,1,6894,15,1,118,0,82,1,0,7.15365165894,0
pde_nominal,1,6892,1,0,75,0,48,1,0,4.18569190165,0
pde_nominal,4,4889,12,1,43,0,34,1,0,3.78084679314,0
pde_nominal,1,6889,13,1,9,0,8,1,0,5.07489379046,0
pde_nominal,2,3647,12,1,17,0,14,1,0,3.85474831094,0
pde_nominal,1,6888,4,0,32,0,32,1,0,3.28394353299,0
pde_nominal,6,3460,13,1,92,0,76,1,0,5.92701738522,0
pde_nominal,1,6887,2,0,19,0,19,1,0,4.76983593362,0
pde_nominal,5,4645,13,1,16,0,16,1,0,4.08079934556,0
pde_nominal,4,4885,10,1,72,0,63,1,0,8.2379233323,0
pde_nominal,8,4542,4,0,33,0,33,1,0,6.39782022569,0
pde_nominal,1,6884,3,0,3,0,2,1,0,5.58736309935,0
pde_nominal,6,3451,4,0,34,0,25,1,0,4.27703402924,0
pde_nominal,0,1998,15,1,46,0,46,1,0,3.36503137632,0
pde_nominal,3,4468,12,1,58,0,50,1,0,10.6382298375,0
pde_nominal,1,6874,3,0,35,0,15,1,0,3.68951013592,0
pde_nominal,1,6873,1,0,17,0,9,1,0,4.70493991064,0
pde_nominal,8,4528,12,1,43,0,22,1,0,6.09105948706,0
pde_nominal,5,4639,4,0,10,0,4,1,0,3.73600226335,0
pde_nominal,5,4638,9,1,47,0,47,1,0,4.2075522416,0
pde_nominal,3,5158,11,1,2,0,0,1,1,7.17117444044,0
pde_nominal,8,4522,15,1,77,0,10,1,0,5.6902672559,0
pde_nominal,4,4873,11,1,25,0,0,1,0,6.84966455032,0
pde_nominal,1,6868,12,1,86,0,2,1,0,6.64883771048,0
pde_nominal,6,3436,0,0,7,0,0,1,0,6.72280234121,0
pde_nominal,1,6863,12,1,31,0,1,1,0,3.97581609779,0
pde_nominal,8,4521,13,1,298,0,78,1,0,16.0387001279,0
pde_nominal,2,3630,3,0,72,0,34,1,0,5.21875426078,0
pde_nominal,4,4861,12,1,8,0,4,1,0,5.27084449613,0
pde_nominal,3,5159,2,0,34,0,17,1,0,6.98329408829,0
pde_nominal,1,6856,7,0,48,0,44,1,0,7.90305086641,0
pde_nominal,3,4449,8,1,42,0,42,1,0,5.87227133441,0
pde_nominal,4,4855,15,1,164,0,160,1,0,6.714646896,0
pde_nominal,3,4448,12,1,57,0,57,1,0,4.57625067905,0
pde_nominal,1,6849,15,1,23,0,23,1,0,3.26162374113,0
pde_nominal,3,4445,2,0,69,0,52,1,0,9.14386732943,0
pde_nominal,7,2336,8,1,43,0,43,1,0,5.92196127912,0
pde_nominal,2,3624,15,1,16,0,16,1,0,5.23584272829,0
pde_nominal,4,4850,4,0,43,0,43,1,0,5.87937206793,0
pde_nominal,7,2333,2,0,23,0,23,1,0,4.85946924494,0
pde_nominal,9,4829,12,1,163,0,156,1,0,10.1689110804,0
pde_nominal,9,4828,13,1,7,0,7,1,0,6.86014090589,0
pde_nominal,6,3421,15,1,9,0,8,1,0,5.45087364151,0
pde_nominal,6,3420,2,0,30,0,25,1,0,3.14124437686,0
pde_nominal,4,4844,4,0,28,0,21,1,0,7.34479577295,0
pde_nominal,4,5497,4,0,0,0,0,0,0,9.53532284874,0
pde_nominal,4,4843,0,0,7,0,7,1,0,3.85063052459,0
pde_nominal,0,1971,7,0,76,0,76,1,0,3.26055330379,0
pde_nominal,1,6838,15,1,42,0,34,1,0,4.58804581505,0
pde_nominal,6,3416,3,0,23,0,19,1,0,4.39276331881,0
pde_nominal,7,2320,8,1,34,0,34,1,0,6.06217173293,0
pde_nominal,6,3412,14,1,24,0,24,1,0,7.12534285878,0
pde_nominal,1,6834,9,1,35,0,35,1,0,4.37787696847,0
pde_nominal,5,4599,1,0,92,0,92,1,0,4.0604201583,0
pde_nominal,2,3606,8,1,29,0,29,1,0,3.48001177988,0
pde_nominal,1,6832,12,1,0,0,0,1,0,7.04515984835,0
pde_nominal,2,3603,5,0,32,0,10,1,0,5.32303795408,0
pde_nominal,0,1962,15,1,57,0,16,1,0,3.97307627388,0
pde_nominal,6,3403,14,1,55,0,15,1,0,9.0684267378,0
pde_nominal,5,4592,6,0,30,0,30,1,0,4.71152037222,0
pde_nominal,5,4590,1,0,20,0,20,1,0,5.5692752516,0
pde_nominal,9,4805,15,1,104,0,86,1,0,6.12007178975,0
pde_nominal,1,6826,11,1,109,0,109,1,0,5.33402662728,0
pde_nominal,7,2302,9,1,45,0,45,1,0,4.61448980594,0
pde_nominal,8,4475,13,1,17,0,0,1,0,3.54039553186,0
pde_nominal,1,6818,13,1,62,0,24,1,0,5.11890788289,0
pde_nominal,5,4579,11,1,35,0,35,1,0,3.70884994331,0
pde_nominal,8,4471,12,1,92,0,86,1,0,5.19576509906,0
pde_nominal,9,4795,5,0,68,0,53,1,0,5.34591610482,0
pde_nominal,0,6019,14,1,63,0,63,1,0,3.8364955439,0
pde_nominal,7,2293,2,0,29,0,29,1,0,4.90335284063,0
pde_nominal,0,6014,2,0,33,0,33,1,0,3.67830819788,0
pde_nominal,8,4467,10,1,49,0,49,1,0,3.76278217694,0
pde_nominal,1,6810,5,0,13,0,13,1,0,4.63353803852,0
pde_nominal,4,4814,11,1,29,15,44,1,1,5.93269085992,0
pde_nominal,6,3380,6,0,27,0,27,1,0,3.9753334572,0
pde_nominal,5,4563,13,1,116,0,116,1,0,6.58785396783,0
pde_nominal,0,6006,6,0,10,0,10,1,0,3.89752605874,0
pde_nominal,9,4782,14,1,43,0,43,1,0,9.05945038427,0
pde_nominal,6,3376,8,1,4,0,4,1,0,4.34525269911,0
pde_nominal,5,4562,0,0,60,0,60,1,0,16.6053759071,0
pde_nominal,8,4460,2,0,37,0,37,1,0,4.77038965057,0
pde_nominal,1,6804,9,1,19,0,14,1,0,6.58330428799,0
pde_nominal,6,3371,15,1,12,0,0,1,0,3.95939145817,0
pde_nominal,8,4456,6,0,8,0,0,1,0,3.11225021047,0
pde_nominal,0,5999,1,0,22,0,7,1,0,5.4271379093,0
pde_nominal,8,4455,9,1,26,0,19,1,0,4.88677548494,0
pde_nominal,0,5996,12,1,50,0,46,1,0,5.01238298608,0
pde_nominal,2,3572,10,1,7,0,4,1,0,5.93991656312,0
pde_nominal,4,4809,11,1,178,0,99,1,0,9.39687757949,0
pde_nominal,1,6797,9,1,14,0,13,1,0,4.56945686715,0
pde_nominal,8,4451,13,1,29,0,23,1,0,3.07740971571,0
pde_nominal,0,5995,12,1,56,0,44,1,0,6.46128182547,0
pde_nominal,7,2277,2,0,43,0,43,1,0,8.46641097304,0
pde_nominal,7,4604,7,0,43,0,43,1,0,6.89269611857,0
pde_nominal,6,3367,11,1,57,0,57,1,0,6.89241300366,0
pde_nominal,6,4659,11,1,0,0,0,0,0,8.81081970816,0
pde_nominal,9,4769,15,1,45,0,41,1,0,4.2804503748,0
pde_nominal,3,4385,12,1,59,0,56,1,0,5.45983169958,0
pde_nominal,3,4383,8,1,63,0,63,1,0,3.53438770634,0
pde_nominal,8,4447,12,1,68,0,23,1,0,5.52796415122,0
pde_nominal,6,3361,14,1,63,36,41,1,1,14.8463740148,0
pde_nominal,3,4372,3,0,10,0,6,1,0,4.6212376615,0
pde_nominal,7,2265,2,0,21,0,21,1,0,6.17388908312,0
pde_nominal,0,5984,7,0,76,0,48,1,0,5.6193711002,0
pde_nominal,2,3557,8,1,41,0,37,1,0,6.69605164974,0
pde_nominal,1,6786,5,0,204,0,141,1,0,18.807142983,0
pde_nominal,2,3552,8,1,38,0,30,1,0,8.67171675735,0
pde_nominal,9,4759,11,1,84,0,72,1,0,8.04890865317,0
pde_nominal,6,3354,4,0,12,0,2,1,0,5.24541134599,0
pde_nominal,1,6780,10,1,31,0,31,1,0,3.41075139199,0
pde_nominal,7,2257,13,1,77,0,77,1,0,6.97956731498,0
pde_nominal,5,4538,6,0,98,0,88,1,0,10.2456939309,0
pde_nominal,4,4785,4,0,122,0,98,1,0,6.4172499766,0
pde_nominal,5,4537,2,0,56,0,45,1,0,6.27167714109,0
pde_nominal,8,4430,0,0,12,0,12,1,0,3.33538276331,0
pde_nominal,7,2254,1,0,74,0,74,1,0,4.41563719314,0
pde_nominal,5,4534,2,0,32,0,19,1,0,4.86124900224,0
pde_nominal,7,2247,9,1,23,0,23,1,0,6.00635702689,0
pde_nominal,8,4427,14,1,18,0,18,1,0,6.35729069941,0
pde_nominal,0,5965,2,0,24,0,1,1,0,4.53491122429,0
pde_nominal,0,5962,11,1,15,0,0,1,0,7.33711293176,0
pde_nominal,1,6770,1,0,95,0,47,1,0,7.87343519309,0
pde_nominal,7,2242,6,0,65,0,65,1,0,6.44000299045,0
pde_nominal,5,4521,4,0,67,0,67,1,0,11.1990439074,0
pde_nominal,2,3535,7,0,44,0,44,1,0,4.39322548793,0
pde_nominal,9,4737,10,1,76,0,76,1,0,6.49780842531,0
pde_nominal,3,4350,11,1,2,0,2,1,0,3.22509449927,0
pde_nominal,6,3339,4,0,45,0,37,1,0,5.18697546152,0
pde_nominal,0,5958,1,0,36,0,12,1,0,4.73930507792,0
pde_nominal,0,5954,11,1,52,0,52,1,0,4.86916056926,0
pde_nominal,1,6765,7,0,199,0,113,1,0,12.6056155037,0
pde_nominal,5,4506,5,0,21,0,20,1,0,5.59008675931,0
pde_nominal,1,6762,6,0,52,0,42,1,0,6.02201392711,0
pde_nominal,0,5951,12,1,30,0,7,1,0,6.27626338272,0
pde_nominal,7,2231,6,0,40,0,40,1,0,5.00201313042,0
pde_nominal,8,4411,2,0,52,0,45,1,0,5.6288166813,0
pde_nominal,0,5947,11,1,14,0,2,1,0,3.18925590684,0
pde_nominal,0,5943,13,1,34,0,13,1,0,3.14476290781,0
pde_nominal,2,3520,0,0,29,0,12,1,0,4.36620188585,0
pde_nominal,1,6759,4,0,25,0,18,1,0,4.40495229354,0
pde_nominal,2,3516,0,0,6,0,5,1,0,3.69955859901,0
pde_nominal,9,4718,9,1,33,0,29,1,0,3.53174928531,0
pde_nominal,6,3319,15,1,17,0,15,1,0,5.62623286998,0
pde_nominal,2,3514,1,0,30,0,17,1,0,11.5718761212,0
pde_nominal,0,5939,5,0,78,0,59,1,0,6.51104731066,0
pde_nominal,6,3318,13,1,10,0,0,1,0,7.79414656349,0
pde_nominal,2,3512,9,1,18,0,0,1,0,3.31175548379,0
pde_nominal,4,4754,13,1,4,0,0,1,0,5.90938200274,0
pde_nominal,0,5935,6,0,7,0,7,1,0,3.4394415128,0
pde_nominal,5,4493,5,0,90,0,90,1,0,6.19481320432,0
pde_nominal,5,4492,12,1,9,0,9,1,0,3.3211630213,0
pde_nominal,8,4400,5,0,129,0,129,1,0,6.12457319355,0
pde_nominal,1,6748,2,0,67,0,67,1,0,4.31137328643,0
pde_nominal,0,5922,7,0,34,0,34,1,0,5.85510213391,0
pde_nominal,5,4487,12,1,62,0,62,1,0,20.495315992,0
pde_nominal,7,2220,0,0,26,0,26,1,0,4.21847954816,0
pde_nominal,8,4393,2,0,80,0,79,1,0,5.84340618718,0
pde_nominal,2,3499,9,1,49,0,49,1,0,5.4712419284,0
pde_nominal,9,5264,3,0,23,0,23,1,0,8.44890521781,0
pde_nominal,6,3301,10,1,44,0,44,1,0,6.04449263399,0
pde_nominal,8,4389,10,1,23,0,23,1,0,4.33944428198,0
pde_nominal,6,3299,5,0,17,0,17,1,0,3.37328757592,0
pde_nominal,5,4482,12,1,113,0,113,1,0,7.7263877734,0
pde_nominal,3,4316,4,0,66,0,66,1,0,7.39874668257,0
pde_nominal,7,2214,0,0,82,0,82,1,0,8.94664993618,0
pde_nominal,5,4479,5,0,70,0,43,1,0,5.00010251679,0
pde_nominal,8,4385,7,0,90,0,52,1,0,9.88429760048,0
pde_nominal,0,5911,9,1,10,0,10,1,0,7.32798651329,0
pde_nominal,8,4384,0,0,43,16,48,1,1,5.99837626994,0
pde_nominal,4,4731,1,0,9,0,3,1,0,3.45737723087,0
pde_nominal,8,4381,10,1,25,0,13,1,0,8.31052428189,0
pde_nominal,3,4307,9,1,73,0,28,1,0,6.05226467799,0
pde_nominal,6,4661,11,1,6,0,6,1,0,5.36116390851,0
pde_nominal,0,5906,14,1,13,0,10,1,0,3.98303420988,0
pde_nominal,7,2202,4,0,79,0,79,1,0,5.27428886294,0
pde_nominal,6,3282,2,0,48,0,48,1,0,4.05517033439,0
pde_nominal,5,4466,5,0,111,0,111,1,0,9.71984347178,0
pde_nominal,0,5898,7,0,47,0,47,1,0,4.94375733191,0
pde_nominal,0,5897,11,1,15,0,15,1,0,5.2084225457,0
pde_nominal,5,4464,1,0,80,0,76,1,0,4.59022616124,0
pde_nominal,9,4687,15,1,22,0,22,1,0,5.57812739181,0
pde_nominal,5,4463,10,1,71,0,44,1,0,8.67129344619,0
pde_nominal,1,6716,2,0,30,0,30,1,0,3.58572263747,0
pde_nominal,8,4369,5,0,248,0,219,1,0,17.8501750864,0
pde_nominal,0,5893,14,1,43,0,37,1,0,4.34028622392,0
pde_nominal,8,4368,5,0,49,0,49,1,0,3.74699061293,0
pde_nominal,3,4288,14,1,33,0,33,1,0,4.35806228469,0
pde_nominal,1,6708,9,1,22,0,22,1,0,3.66250705287,0
pde_nominal,1,6913,9,1,0,0,0,0,0,9.42710398719,0
pde_nominal,4,4704,6,0,22,0,22,1,0,4.49533854184,0
pde_nominal,3,4285,13,1,75,0,75,1,0,5.27072927535,0
pde_nominal,5,5352,10,1,61,30,91,1,1,10.4798817529,0
pde_nominal,4,4698,3,0,24,0,24,1,0,3.71016314051,0
pde_nominal,0,5880,14,1,15,0,15,1,0,4.81018222057,0
pde_nominal,7,2190,4,0,398,0,398,1,0,18.5284137442,0
pde_nominal,7,4606,14,1,1,5,1,1,1,8.45533316094,0
pde_nominal,0,5878,5,0,29,0,28,1,0,4.52968707349,0
pde_nominal,9,4673,2,0,22,0,22,1,0,4.82750927955,0
pde_nominal,2,3466,8,1,11,0,11,1,0,7.15710346793,0
pde_nominal,8,4351,11,1,79,0,79,1,0,5.86028599394,0
pde_nominal,4,4690,15,1,14,0,14,1,0,2.95266671062,0
pde_nominal,1,6688,9,1,7,0,0,1,0,4.4829878592,0
pde_nominal,5,4452,8,1,12,0,1,1,0,6.42853727102,0
pde_nominal,8,4349,2,0,25,0,0,1,0,4.0343897063,0
pde_nominal,4,4689,1,0,17,0,2,1,0,7.84852508615,0
pde_nominal,6,3263,6,0,42,0,22,1,0,5.08394274648,0
pde_nominal,3,4277,4,0,59,0,34,1,0,4.20406012912,0
pde_nominal,1,6684,9,1,66,0,34,1,0,4.90822915526,0
pde_nominal,3,4276,2,0,37,0,37,1,0,4.9797870736,0
pde_nominal,8,4343,5,0,30,0,30,1,0,6.30405496841,0
pde_nominal,4,4684,7,0,49,0,49,1,0,7.3239885997,0
pde_nominal,1,6680,12,1,155,0,155,1,0,10.0762306534,0
pde_nominal,4,4681,10,1,60,0,60,1,0,5.76965675432,0
pde_nominal,3,4271,15,1,59,0,59,1,0,5.2574546386,0
pde_nominal,0,6028,0,0,41,0,41,1,0,8.91062396716,0
pde_nominal,2,3452,15,1,23,0,23,1,0,5.4000184792,0
pde_nominal,4,4679,2,0,38,0,38,1,0,3.43883271347,0
pde_nominal,4,4677,10,1,72,0,71,1,0,6.54649754211,0
pde_nominal,9,4659,7,0,43,0,43,1,0,4.18894217442,0
pde_nominal,2,3445,15,1,55,0,55,1,0,5.04064841623,0
pde_nominal,4,4676,2,0,67,0,67,1,0,4.48262989677,0
pde_nominal,7,2175,4,0,141,0,141,1,0,12.0259426962,0
pde_nominal,3,4265,9,1,50,0,50,1,0,3.76052607516,0
pde_nominal,8,4325,2,0,34,0,31,1,0,5.62411809768,0
pde_nominal,0,5861,1,0,11,0,11,1,0,3.71565830468,0
pde_nominal,5,4428,13,1,9,0,9,1,0,3.82914721507,0
pde_nominal,0,5858,4,0,53,0,53,1,0,3.87841697822,0
pde_nominal,9,4646,11,1,27,0,27,1,0,5.7803452492,0
pde_nominal,6,3240,8,1,255,0,254,1,0,11.3642778367,0
pde_nominal,3,4256,5,0,24,0,24,1,0,5.6954057774,0
pde_nominal,9,4639,12,1,2,0,2,1,0,5.44598826524,0
pde_nominal,2,3429,0,0,71,0,53,1,0,7.13348659434,0
pde_nominal,4,4668,10,1,26,0,15,1,0,6.00915069722,0
pde_nominal,3,4250,3,0,46,0,46,1,0,6.00943012597,0
pde_nominal,6,3232,15,1,78,0,62,1,0,4.93707112263,0
pde_nominal,4,4666,13,1,53,0,53,1,0,3.65842050057,0
pde_nominal,7,2161,1,0,9,0,9,1,0,3.40253601996,0
pde_nominal,6,3229,5,0,28,0,28,1,0,5.27018096949,0
pde_nominal,0,5844,12,1,121,0,121,1,0,5.19618046242,0
pde_nominal,3,4246,3,0,22,0,22,1,0,7.24108954201,0
pde_nominal,3,4245,5,0,6,0,6,1,0,3.12580321629,0
pde_nominal,4,4665,4,0,124,0,124,1,0,6.2041454319,0
pde_nominal,8,4312,5,0,36,0,26,1,0,5.41734930669,0
pde_nominal,2,3422,11,1,22,0,11,1,0,7.31460133677,0
pde_nominal,5,4416,8,1,313,0,278,1,0,15.3907631627,0
pde_nominal,5,4415,1,0,20,0,20,1,0,3.93525699252,0
pde_nominal,8,4306,6,0,20,0,0,1,0,5.29093246993,0
pde_nominal,8,5271,6,0,0,0,0,0,0,7.94824188708,0
pde_nominal,2,3421,2,0,121,0,68,1,0,9.81363951962,0
pde_nominal,8,4302,8,1,37,0,37,1,0,6.73329928554,0
pde_nominal,7,2151,4,0,78,0,78,1,0,5.60917873102,0
pde_nominal,2,3419,9,1,55,0,45,1,0,6.19122892652,0
pde_nominal,3,4230,5,0,15,0,1,1,0,6.49491738967,0
pde_nominal,8,4294,2,0,26,0,14,1,0,7.79808048948,0
pde_nominal,5,4409,6,0,15,0,9,1,0,6.4164792788,0
pde_nominal,8,4292,14,1,22,0,22,1,0,4.64880349786,0
pde_nominal,4,4648,8,1,48,0,45,1,0,5.00632184399,0
pde_nominal,4,4644,14,1,51,15,38,1,1,4.69084064573,0
pde_nominal,1,6639,4,0,46,0,13,1,0,4.34233488935,0
pde_nominal,1,6637,3,0,70,0,55,1,0,4.71633703267,0
pde_nominal,6,3212,11,1,131,0,71,1,0,8.09900810837,0
pde_nominal,8,4287,8,1,36,0,36,1,0,3.63528207743,0
pde_nominal,7,5022,8,1,139,0,139,1,0,8.48880212719,0
pde_nominal,7,5021,8,1,71,0,71,1,0,5.88739096787,0
pde_nominal,4,4637,5,0,6,0,3,1,0,3.96501080857,0
pde_nominal,0,5813,15,1,48,0,32,1,0,8.88303713154,0
pde_nominal,1,6628,4,0,20,0,19,1,0,3.86584926178,0
pde_nominal,5,4388,8,1,79,0,66,1,0,8.75816616703,0
pde_nominal,5,4387,14,1,42,0,29,1,0,6.49457282017,0
pde_nominal,4,4635,12,1,55,24,79,1,1,6.73900657582,0
pde_nominal,3,4215,1,0,26,0,26,1,0,4.10776974592,0
pde_nominal,7,5014,13,1,83,0,83,1,0,6.37454684803,0
pde_nominal,4,4632,3,0,64,0,62,1,0,4.18162445946,0
pde_nominal,1,6624,6,0,27,0,16,1,0,4.22778845319,0
pde_nominal,6,3200,0,0,55,0,36,1,0,3.26518232684,0
pde_nominal,3,4211,13,1,6,0,6,1,0,3.61939621639,0
pde_nominal,9,4592,4,0,66,0,63,1,0,8.53725274709,0
pde_nominal,5,4376,2,0,47,0,47,1,0,8.59870364582,0
pde_nominal,0,5800,4,0,42,0,41,1,0,5.67214962515,0
pde_nominal,7,5003,15,1,41,0,41,1,0,5.30884968683,0
pde_nominal,4,4624,10,1,12,0,12,1,0,5.09998260971,0
pde_nominal,2,3396,12,1,62,0,62,1,0,7.96927060678,0
pde_nominal,5,4369,4,0,15,0,15,1,0,7.03194711848,0
pde_nominal,0,5797,10,1,18,0,18,1,0,9.19735321844,0
pde_nominal,3,4208,2,0,115,0,115,1,0,6.37415234759,0
pde_nominal,9,4588,12,1,21,0,21,1,0,6.48334541381,0
pde_nominal,4,4619,6,0,48,0,48,1,0,4.0592963086,0
pde_nominal,4,4618,7,0,12,0,12,1,0,4.77295156938,0
pde_nominal,7,5000,12,1,390,0,390,1,0,18.3852293951,0
pde_nominal,1,6603,7,0,2,0,0,1,0,2.9891895032,0
pde_nominal,0,5787,9,1,214,0,174,1,0,12.053175628,0
pde_nominal,4,4613,9,1,35,0,35,1,0,11.7872890495,0
pde_nominal,0,5783,11,1,33,0,33,1,0,4.80660092562,0
pde_nominal,1,6598,12,1,71,0,71,1,0,14.4390046993,0
pde_nominal,2,3378,6,0,31,0,20,1,0,7.51311770588,0
pde_nominal,4,4608,5,0,36,0,32,1,0,5.79697616144,0
pde_nominal,9,4573,2,0,30,0,30,1,0,4.38925873088,0
pde_nominal,3,4193,0,0,63,0,63,1,0,8.68428727123,0
pde_nominal,8,4257,14,1,11,0,11,1,0,4.45297112729,0
pde_nominal,8,4255,2,0,60,0,60,1,0,8.42768743636,0
pde_nominal,4,4604,1,0,26,0,26,1,0,4.53613484644,0
pde_nominal,4,4603,6,0,42,0,41,1,0,7.30409699357,0
pde_nominal,4,4599,14,1,36,0,34,1,0,8.37755857344,0
pde_nominal,4,4596,15,1,8,0,8,1,0,4.29165790655,0
pde_nominal,7,4979,2,0,69,0,69,1,0,8.50233681611,0
pde_nominal,9,4560,15,1,14,0,14,1,0,3.61448708724,0
pde_nominal,4,4588,1,0,14,0,14,1,0,3.89455135259,0
pde_nominal,2,3362,9,1,45,0,35,1,0,6.44362768299,0
pde_nominal,1,6582,2,0,71,28,80,1,1,9.1626402776,0
pde_nominal,0,6029,6,0,39,0,16,1,0,8.91954888544,0
pde_nominal,9,4555,10,1,17,0,2,1,0,6.3170447253,0
pde_nominal,4,4585,3,0,20,0,2,1,0,4.54074646125,0
pde_nominal,5,4342,0,0,13,7,1,1,1,6.98067651007,0
pde_nominal,5,4339,10,1,40,0,27,1,0,8.65408660967,0
pde_nominal,6,3155,14,1,54,0,35,1,0,3.47189330138,0
pde_nominal,3,4175,15,1,54,0,47,1,0,5.25179819816,0
pde_nominal,9,4548,1,0,109,0,76,1,0,10.1234122963,0
pde_nominal,2,3347,7,0,0,0,0,1,0,4.11823021569,0
pde_nominal,2,3343,14,1,21,0,21,1,0,7.18417684244,0
pde_nominal,3,4174,9,1,119,0,93,1,0,7.12755373884,0
pde_nominal,0,5754,1,0,30,0,30,1,0,6.58390061037,0
pde_nominal,0,5751,2,0,118,0,118,1,0,11.6785116113,0
pde_nominal,1,6568,2,0,17,0,17,1,0,3.80381138452,0
pde_nominal,8,4224,15,1,30,0,30,1,0,3.66271893997,0
pde_nominal,9,4533,8,1,70,25,95,1,1,11.272374169,0
pde_nominal,2,3331,10,1,36,0,31,1,0,6.23917206953,0
pde_nominal,3,4164,10,1,41,0,40,1,0,3.35297767071,0
pde_nominal,4,4564,3,0,14,0,0,1,0,4.89994827983,0
pde_nominal,8,4218,15,1,69,0,23,1,0,5.91235697885,0
pde_nominal,3,4159,15,1,54,0,48,1,0,5.37716219402,0
pde_nominal,7,4944,15,1,43,0,43,1,0,3.62647962288,0
pde_nominal,8,4216,0,0,143,48,185,1,1,10.5624658262,0
pde_nominal,2,3320,13,1,116,0,116,1,0,5.17988611275,0
pde_nominal,7,4936,7,0,41,0,41,1,0,7.08609789787,0
pde_nominal,7,4929,15,1,12,0,12,1,0,4.45425133808,0
pde_nominal,7,4928,14,1,10,0,10,1,0,6.67684038827,0
pde_nominal,0,5725,12,1,28,0,19,1,0,12.1587595321,0
pde_nominal,4,4551,10,1,59,0,45,1,0,4.39482792428,0
pde_nominal,1,6550,3,0,25,0,13,1,0,5.04629243017,0
pde_nominal,0,5723,12,1,35,0,14,1,0,8.11160587592,0
pde_nominal,8,4207,5,0,27,0,13,1,0,3.91842665184,0
pde_nominal,3,4145,12,1,40,0,40,1,0,5.16748856329,0
pde_nominal,7,4921,8,1,14,0,14,1,0,3.62837392499,0
pde_nominal,9,4503,10,1,72,18,68,1,1,6.89260798332,0
pde_nominal,8,4205,0,0,14,0,5,1,0,4.23095569936,0
pde_nominal,4,4545,11,1,17,0,7,1,0,3.58545443738,0
pde_nominal,1,6548,10,1,138,0,96,1,0,8.62862067258,0
pde_nominal,1,6914,10,1,0,0,0,0,0,9.83354370934,0
pde_nominal,4,4541,4,0,23,0,11,1,0,4.82547135657,0
pde_nominal,4,4540,14,1,49,0,46,1,0,13.3879864399,0
pde_nominal,1,6544,8,1,33,0,33,1,0,3.7997531417,0
pde_nominal,5,4298,13,1,23,0,16,1,0,6.94287854461,0
pde_nominal,0,5710,2,0,67,0,48,1,0,8.09761439518,0
pde_nominal,1,6542,15,1,54,18,69,1,1,6.46523116399,0
pde_nominal,9,4485,12,1,21,0,16,1,0,3.63682327104,0
pde_nominal,3,4124,12,1,7,0,4,1,0,4.31585162384,0
pde_nominal,1,6540,10,1,113,0,81,1,0,7.19698224013,0
pde_nominal,5,4290,4,0,30,0,30,1,0,3.9122172129,0
pde_nominal,9,4480,0,0,3,0,3,1,0,3.11919351796,0
pde_nominal,4,4526,11,1,85,0,84,1,0,5.41686505886,0
pde_nominal,9,4477,13,1,48,0,25,1,0,7.6806805154,0
pde_nominal,3,4117,8,1,47,0,9,1,0,5.2140639214,0
pde_nominal,0,5703,8,1,29,0,7,1,0,3.95773914719,0
pde_nominal,4,4519,9,1,19,0,4,1,0,4.39101441528,0
pde_nominal,4,4518,5,0,74,0,68,1,0,7.8301401116,0
pde_nominal,3,4110,5,0,51,24,75,1,1,10.4884508962,0
pde_nominal,2,3278,6,0,77,0,77,1,0,4.09236650272,0
pde_nominal,6,6674,11,1,47,15,38,1,1,6.53129254959,0
pde_nominal,9,4468,14,1,10,0,0,1,0,4.64437158078,0
pde_nominal,0,5699,2,0,63,0,27,1,0,4.59696010967,0
pde_nominal,6,6670,12,1,43,0,43,1,0,4.69187583437,0
pde_nominal,3,4103,8,1,9,0,9,1,0,4.5643238637,0
pde_nominal,7,4884,1,0,103,0,103,1,0,5.19076034579,0
pde_nominal,7,4883,14,1,54,0,54,1,0,4.55062644626,0
pde_nominal,8,5275,12,1,23,0,23,1,0,8.15891976062,0
pde_nominal,0,5694,7,0,90,0,68,1,0,6.3184195853,0
pde_nominal,9,4459,8,1,49,0,44,1,0,5.31507122751,0
pde_nominal,3,4097,15,1,58,0,47,1,0,6.13690639442,0
pde_nominal,8,4158,13,1,26,0,23,1,0,5.53012928744,0
pde_nominal,6,6658,5,0,41,0,41,1,0,5.34200088156,0
pde_nominal,9,4450,9,1,56,0,56,1,0,3.26978009536,0
pde_nominal,0,5683,13,1,60,0,60,1,0,7.39429561704,0
pde_nominal,5,4260,2,0,28,0,10,1,0,8.31821316544,0
pde_nominal,1,6510,15,1,40,0,40,1,0,4.72454178738,0
pde_nominal,2,3255,14,1,58,0,58,1,0,3.43367488891,0
pde_nominal,5,4248,14,1,7,0,7,1,0,3.29035284691,0
pde_nominal,0,5680,8,1,57,25,82,1,1,7.57558800695,0
pde_nominal,3,4080,15,1,7,0,7,1,0,3.66966392011,0
pde_nominal,5,4247,12,1,66,0,64,1,0,7.50096064369,0
pde_nominal,4,4498,12,1,41,0,24,1,0,5.19284977669,0
pde_nominal,6,6648,14,1,124,0,74,1,0,8.88573322872,0
pde_nominal,3,4076,14,1,12,0,0,1,0,6.39133335812,0
pde_nominal,2,3249,11,1,84,0,84,1,0,4.20073558108,0
pde_nominal,7,4861,5,0,155,0,155,1,0,10.4276226118,0
pde_nominal,2,3241,2,0,82,0,82,1,0,3.8509951902,0
pde_nominal,5,4238,1,0,73,0,73,1,0,4.62251965536,0
pde_nominal,9,5267,15,1,11,0,11,1,0,6.15878431319,0
pde_nominal,6,6638,14,1,5,0,5,1,0,5.58450216367,0
pde_nominal,7,4854,10,1,37,0,37,1,0,6.09545717081,0
pde_nominal,3,4065,10,1,102,0,102,1,0,6.50025107145,0
pde_nominal,6,6632,14,1,38,0,38,1,0,3.14810225794,0
pde_nominal,7,4848,6,0,16,0,16,1,0,4.26954964185,0
pde_nominal,9,4410,14,1,5,0,0,1,0,3.91003154688,0
pde_nominal,7,4843,9,1,5,0,5,1,0,4.35145174965,0
pde_nominal,6,6627,12,1,35,0,21,1,0,4.66602788185,0
pde_nominal,7,4840,5,0,21,0,21,1,0,4.85438526197,0
pde_nominal,9,4402,8,1,30,0,30,1,0,3.39041177046,0
pde_nominal,8,4117,2,0,158,0,149,1,0,7.62581203756,0
pde_nominal,5,5356,12,1,46,0,46,1,0,10.7149725503,0
pde_nominal,4,4477,7,0,40,0,40,1,0,5.46960264048,0
pde_nominal,2,6506,8,1,83,0,83,1,0,5.225528369,0
pde_nominal,6,6618,8,1,27,0,27,1,0,6.11518081266,0
pde_nominal,6,6617,6,0,13,0,13,1,0,8.5949923078,0
pde_nominal,2,6517,11,1,105,0,104,1,0,14.0325391689,0
pde_nominal,5,4219,6,0,36,0,31,1,0,3.71646558285,0
pde_nominal,2,6500,13,1,56,0,32,1,0,4.36064881882,0
pde_nominal,6,6614,6,0,70,0,24,1,0,7.98268356261,0
pde_nominal,4,4470,3,0,40,0,14,1,0,5.36133497083,0
pde_nominal,7,4825,10,1,17,0,17,1,0,5.12469019941,0
pde_nominal,7,5033,10,1,0,0,0,0,0,7.40753074436,0
pde_nominal,3,4049,14,1,53,0,39,1,0,5.77674094821,0
pde_nominal,9,4378,5,0,8,0,8,1,0,7.89457061768,0
pde_nominal,5,4216,15,1,96,0,96,1,0,5.25199884787,0
pde_nominal,9,4377,3,0,10,0,10,1,0,5.11867700554,0
pde_nominal,1,6473,13,1,6,0,1,1,0,4.26184293453,0
pde_nominal,2,6490,9,1,25,0,0,1,0,4.05214475599,0
pde_nominal,3,4043,5,0,64,0,0,1,0,7.52634735954,0
pde_nominal,0,5629,0,0,12,0,0,1,0,4.9815322221,0
pde_nominal,5,4210,13,1,56,0,36,1,0,4.36008360096,0
pde_nominal,8,4093,12,1,77,0,53,1,0,9.45801144876,0
pde_nominal,1,6468,11,1,37,0,37,1,0,4.46885980368,0
pde_nominal,7,4815,4,0,29,0,29,1,0,3.39915068717,0
pde_nominal,1,6466,12,1,66,0,66,1,0,6.81411663569,0
pde_nominal,8,4090,11,1,28,0,28,1,0,4.13508647789,0
pde_nominal,7,4813,8,1,53,0,53,1,0,5.49207687041,0
pde_nominal,9,4362,11,1,6,0,6,1,0,3.16011794075,0
pde_nominal,5,4205,8,1,47,0,47,1,0,7.23504754574,0
pde_nominal,3,4031,10,1,33,0,33,1,0,6.23393963863,0
pde_nominal,9,4359,0,0,32,0,32,1,0,6.45569025363,0
pde_nominal,1,6460,11,1,32,0,16,1,0,4.03261285583,0
pde_nominal,0,5615,11,1,20,0,2,1,0,3.86750724029,0
pde_nominal,3,4025,2,0,33,0,6,1,0,4.43866015488,0
pde_nominal,0,5612,8,1,22,0,16,1,0,4.99492343178,0
pde_nominal,5,4202,10,1,30,0,22,1,0,9.91054053236,0
pde_nominal,4,4449,3,0,57,0,50,1,0,4.98965633968,0
pde_nominal,3,4018,12,1,11,0,0,1,0,4.41689772976,0
pde_nominal,6,6584,9,1,5,0,0,1,0,3.35616832595,0
pde_nominal,9,4351,1,0,46,0,1,1,0,5.14645020675,0
pde_nominal,3,4017,11,1,22,0,3,1,0,3.60159167999,0
pde_nominal,2,6520,3,0,43,0,1,1,0,6.28852873592,0
pde_nominal,4,4445,12,1,3,0,3,1,0,3.8977561601,0
pde_nominal,2,6463,12,1,7,0,7,1,0,5.45281897013,0
pde_nominal,1,6449,9,1,35,0,35,1,0,3.9879242475,0
pde_nominal,0,5606,2,0,66,0,66,1,0,8.2591985976,0
pde_nominal,1,6446,8,1,25,0,25,1,0,10.5701168185,0
pde_nominal,7,4797,12,1,118,0,118,1,0,10.1842677621,0
pde_nominal,9,4335,11,1,24,0,12,1,0,4.54282629129,0
pde_nominal,5,4186,13,1,23,0,13,1,0,4.41413871805,0
pde_nominal,1,6441,5,0,56,0,56,1,0,6.14520875021,0
pde_nominal,3,4004,13,1,39,0,39,1,0,5.72305226651,0
pde_nominal,0,5602,10,1,44,0,44,1,0,5.52450284171,0
pde_nominal,5,4183,6,0,36,0,36,1,0,3.66658423608,0
pde_nominal,7,4787,12,1,93,0,93,1,0,8.00766050747,0
pde_nominal,5,4172,12,1,17,0,17,1,0,3.56684689272,0
pde_nominal,7,4785,10,1,21,0,21,1,0,3.58377259074,0
pde_nominal,3,3997,8,1,76,0,76,1,0,8.39328255911,0
pde_nominal,6,6565,6,0,122,0,114,1,0,10.3317584135,0
pde_nominal,9,4317,14,1,27,0,14,1,0,4.83174844382,0
pde_nominal,4,4422,8,1,32,0,19,1,0,4.36779243491,0
pde_nominal,2,6440,10,1,31,0,24,1,0,4.86263993977,0
pde_nominal,7,4774,12,1,22,0,22,1,0,4.74926130087,0
pde_nominal,2,6438,4,0,35,0,30,1,0,3.61328986789,0
pde_nominal,8,4048,7,0,27,0,10,1,0,4.09216514336,0
pde_nominal,3,3988,3,0,26,0,4,1,0,7.78253798378,0
pde_nominal,1,6419,8,1,49,0,42,1,0,3.19955840754,0
pde_nominal,4,4413,4,0,12,0,12,1,0,5.8060648747,0
pde_nominal,7,4768,3,0,22,0,22,1,0,5.19841727345,0
pde_nominal,5,4161,1,0,14,0,14,1,0,5.06599659593,0
pde_nominal,7,4764,11,1,57,0,57,1,0,4.72115263487,0
pde_nominal,5,4157,7,0,62,0,62,1,0,3.92909635043,0
pde_nominal,7,4763,0,0,80,0,80,1,0,4.80504621129,0
pde_nominal,5,4155,4,0,29,0,12,1,0,5.66612179693,0
pde_nominal,6,6551,7,0,15,0,15,1,0,4.12936700211,0
pde_nominal,3,3974,8,1,28,0,28,1,0,6.49603436885,0
pde_nominal,0,5580,0,0,47,0,47,1,0,3.79013560448,0
pde_nominal,2,6411,2,0,12,0,12,1,0,9.46619279971,0
pde_nominal,3,3971,6,0,7,0,0,1,0,9.08629287298,0
pde_nominal,5,4145,0,0,18,0,18,1,0,5.4528054273,0
pde_nominal,2,6405,8,1,13,0,13,1,0,3.16401289919,0
pde_nominal,8,4033,1,0,31,0,23,1,0,6.81982447281,0
pde_nominal,2,6403,0,0,22,0,11,1,0,3.50307796973,0
pde_nominal,2,6399,10,1,21,0,21,1,0,5.74195970706,0
pde_nominal,6,6539,14,1,28,0,28,1,0,3.95624197078,0
pde_nominal,9,4280,3,0,57,0,57,1,0,5.57961921151,0
pde_nominal,4,4396,12,1,85,0,85,1,0,7.18216088814,0
pde_nominal,3,3966,4,0,19,0,19,1,0,6.35274641561,0
pde_nominal,2,6394,11,1,87,0,83,1,0,7.4520025275,0
pde_nominal,3,3965,11,1,34,0,34,1,0,5.1185140571,0
pde_nominal,1,6396,11,1,68,0,61,1,0,5.11108687594,0
pde_nominal,0,5566,0,0,23,0,20,1,0,4.47961322968,0
pde_nominal,2,6391,8,1,31,0,19,1,0,3.86461807352,0
pde_nominal,2,6390,3,0,12,0,0,1,0,3.63379023365,0
pde_nominal,6,6530,13,1,69,0,48,1,0,7.52547040606,0
pde_nominal,0,5563,13,1,20,0,20,1,0,4.08257101665,0
pde_nominal,7,4740,10,1,20,23,17,1,1,7.91414040838,0
pde_nominal,1,6393,6,0,27,0,15,1,0,5.1326319646,0
pde_nominal,7,4735,6,0,7,0,7,1,0,4.49961412736,0
pde_nominal,6,6521,8,1,37,0,1,1,0,6.31605589162,0
pde_nominal,8,4014,9,1,21,0,1,1,0,10.4721683239,0
pde_nominal,5,4127,1,0,24,0,16,1,0,3.56537980186,0
pde_nominal,6,6516,12,1,37,0,28,1,0,5.29365563823,0
pde_nominal,8,4012,8,1,90,0,83,1,0,9.42889415611,0
pde_nominal,3,3953,9,1,25,0,25,1,0,8.03508632568,0
pde_nominal,8,4008,10,1,36,0,36,1,0,6.57586652786,0
pde_nominal,3,3951,11,1,22,0,14,1,0,3.8471175057,0
pde_nominal,6,6511,5,0,203,0,194,1,0,8.94244514906,0
pde_nominal,7,4720,14,1,8,0,8,1,0,4.25542174852,0
pde_nominal,2,6369,13,1,34,0,34,1,0,6.58595843444,0
pde_nominal,7,4717,5,0,26,0,26,1,0,8.05811861109,0
pde_nominal,7,4715,6,0,4,0,4,1,0,5.49902130305,0
pde_nominal,7,4714,3,0,17,0,17,1,0,3.96109161406,0
pde_nominal,5,4108,6,0,2,0,2,1,0,3.5139520871,0
pde_nominal,1,6368,13,1,15,0,14,1,0,10.1609265768,0
pde_nominal,6,6502,4,0,38,0,32,1,0,6.03606622532,0
pde_nominal,1,6367,1,0,15,0,15,1,0,3.17416601763,0
pde_nominal,7,4708,0,0,57,0,57,1,0,5.03362059721,0
pde_nominal,1,6919,6,0,26,0,26,1,0,7.65846037932,0
pde_nominal,6,6498,5,0,43,0,31,1,0,4.41279390377,0
pde_nominal,8,3994,13,1,29,0,17,1,0,4.9013335724,0
pde_nominal,8,3992,1,0,66,0,66,1,0,6.61064527857,0
pde_nominal,5,4102,8,1,82,0,80,1,0,8.37494383868,0
pde_nominal,7,4698,7,0,41,0,41,1,0,6.44440677465,0
pde_nominal,3,3940,4,0,37,0,36,1,0,6.84889899328,0
pde_nominal,5,4101,7,0,21,0,20,1,0,3.36039834034,0
pde_nominal,9,4234,10,1,55,0,53,1,0,4.44668588938,0
pde_nominal,5,4096,4,0,13,0,13,1,0,4.31465575418,0
pde_nominal,6,6493,9,1,84,0,84,1,0,5.06292930423,0
pde_nominal,7,4691,15,1,19,0,19,1,0,12.4333588719,0
pde_nominal,2,6356,7,0,16,0,8,1,0,4.13893956067,0
pde_nominal,9,4226,11,1,80,0,74,1,0,7.4968749496,0
pde_nominal,0,5525,8,1,57,0,54,1,0,5.09545627576,0
pde_nominal,0,5519,8,1,12,0,12,1,0,3.95451680827,0
pde_nominal,7,4684,9,1,74,0,74,1,0,6.41114317119,0
pde_nominal,1,6343,2,0,50,0,50,1,0,3.54730512197,0
pde_nominal,7,4680,1,0,22,0,22,1,0,3.47016981949,0
pde_nominal,0,5514,12,1,29,0,5,1,0,6.34104749735,0
pde_nominal,6,6470,10,1,41,0,38,1,0,4.46588176972,0
pde_nominal,3,3925,1,0,80,0,71,1,0,4.59899324984,0
pde_nominal,4,4327,10,1,10,0,10,1,0,5.74781916353,0
pde_nominal,0,6034,7,0,181,0,162,1,0,13.8424792075,0
pde_nominal,6,6466,4,0,61,0,60,1,0,5.96263186886,0
pde_nominal,5,4074,12,1,34,14,48,1,1,5.33628285229,0
pde_nominal,1,6332,10,1,11,0,11,1,0,9.1800844401,0
pde_nominal,7,4665,11,1,23,0,23,1,0,3.837595752,0
pde_nominal,0,5508,9,1,74,0,74,1,0,9.42040092187,0
pde_nominal,1,6329,7,0,36,0,36,1,0,5.46434875513,0
pde_nominal,4,4322,8,1,71,0,71,1,0,5.11626872932,0
pde_nominal,3,3921,10,1,102,0,102,1,0,5.22249965035,0
pde_nominal,7,4661,5,0,62,0,62,1,0,8.15599824599,0
pde_nominal,7,4660,4,0,104,0,104,1,0,6.17010159341,0
pde_nominal,5,4070,13,1,108,0,108,1,0,4.64708492829,0
pde_nominal,5,4069,5,0,23,0,23,1,0,5.21434036921,0
pde_nominal,9,4191,11,1,79,0,79,1,0,5.11022080674,0
pde_nominal,6,6460,12,1,37,0,32,1,0,5.52927846399,0
pde_nominal,6,6458,12,1,27,0,16,1,0,3.92827774337,0
pde_nominal,4,4312,8,1,82,0,82,1,0,4.66544350253,0
pde_nominal,1,6318,15,1,72,0,72,1,0,7.68420266287,0
pde_nominal,5,4060,9,1,32,0,32,1,0,8.95699237152,0
pde_nominal,8,3946,6,0,58,0,54,1,0,5.36223871867,0
pde_nominal,5,4059,5,0,50,0,30,1,0,11.3542825248,0
pde_nominal,9,4178,15,1,22,19,9,1,1,5.76654017667,0
pde_nominal,6,6451,8,1,9,0,1,1,0,6.63627881709,0
pde_nominal,8,3940,1,0,33,0,11,1,0,6.19988223665,0
pde_nominal,6,6450,15,1,8,0,0,1,0,3.51087177545,0
pde_nominal,5,4057,0,0,53,0,39,1,0,5.73862183409,0
pde_nominal,3,3903,14,1,11,0,11,1,0,3.81864574277,0
pde_nominal,8,3934,14,1,54,0,54,1,0,6.31303702566,0
pde_nominal,8,3933,15,1,16,0,16,1,0,4.65989853665,0
pde_nominal,3,3902,14,1,93,0,72,1,0,9.13938393606,0
pde_nominal,6,6442,3,0,17,0,6,1,0,3.88854030663,0
pde_nominal,1,6310,7,0,32,0,18,1,0,4.56123661776,0
pde_nominal,6,6441,15,1,12,0,10,1,0,5.29627218365,0
pde_nominal,1,6309,11,1,21,0,21,1,0,6.42856335345,0
pde_nominal,2,6297,2,0,30,0,4,1,0,3.50713374208,0
pde_nominal,3,3895,1,0,23,0,17,1,0,3.73279823966,0
pde_nominal,0,5475,7,0,3,0,3,1,0,7.32221164425,0
pde_nominal,8,3924,0,0,10,0,10,1,0,6.5300549142,0
pde_nominal,9,4172,10,1,6,0,5,1,0,3.76164160582,0
pde_nominal,4,4291,9,1,30,0,30,1,0,5.0589785839,0
pde_nominal,6,6431,4,0,105,0,88,1,0,5.99692722083,0
pde_nominal,7,4625,10,1,36,0,36,1,0,5.50088849698,0
pde_nominal,4,4285,14,1,15,0,7,1,0,5.07942993654,0
pde_nominal,4,4284,10,1,21,0,7,1,0,10.6144441474,0
pde_nominal,9,4162,13,1,9,0,9,1,0,6.82008584915,0
pde_nominal,8,3915,15,1,50,0,17,1,0,9.77702826436,0
pde_nominal,6,6425,11,1,11,0,2,1,0,4.10113313488,0
pde_nominal,9,4161,7,0,68,0,53,1,0,4.80464816894,0
pde_nominal,1,6297,11,1,56,0,53,1,0,7.84891776128,0
pde_nominal,6,6420,10,1,10,0,0,1,0,5.92761591201,0
pde_nominal,2,6290,0,0,57,0,47,1,1,6.5412935857,0
pde_nominal,6,6419,2,0,44,0,42,1,0,6.96511546849,0
pde_nominal,1,6287,4,0,21,0,14,1,0,3.76867965616,0
pde_nominal,3,3876,8,1,71,0,57,1,0,5.79371957923,0
pde_nominal,8,3903,12,1,14,0,11,1,0,3.80384758623,0
pde_nominal,3,3875,7,0,91,0,67,1,0,4.59179098223,0
pde_nominal,8,3888,12,1,23,0,23,1,0,6.51701600865,0
pde_nominal,3,3866,11,1,47,0,23,1,0,3.82599776698,0
pde_nominal,1,6274,8,1,12,0,12,1,0,4.33119377621,0
pde_nominal,4,4248,3,0,46,0,39,1,0,5.38192748672,0
pde_nominal,8,3875,6,0,78,0,51,1,0,8.47553209565,0
pde_nominal,1,6268,3,0,84,0,69,1,0,7.31123922254,0
pde_nominal,7,7041,13,1,50,0,50,1,0,4.08460035064,0
pde_nominal,6,6395,9,1,36,0,7,1,0,5.55451413048,0
pde_nominal,6,6394,11,1,12,0,0,1,0,3.91202499659,0
pde_nominal,8,3872,14,1,20,0,0,1,0,4.72898187582,0
pde_nominal,4,4240,2,0,48,0,11,1,0,4.02232317993,0
pde_nominal,1,6257,12,1,28,0,5,1,0,4.03880717113,0
pde_nominal,8,3869,12,1,135,0,51,1,0,8.63501491835,0
pde_nominal,5,4003,1,0,82,0,62,1,0,8.39733145059,0
pde_nominal,0,5436,15,1,20,0,20,1,0,4.34178691941,0
pde_nominal,7,7035,3,0,56,0,56,1,0,7.31459204241,0
pde_nominal,4,4233,1,0,25,15,34,1,1,5.99522733337,0
pde_nominal,5,4000,12,1,26,20,46,1,1,5.78029525999,0
pde_nominal,4,4225,13,1,3,0,3,1,0,5.12387924817,0
pde_nominal,0,5431,1,0,22,0,22,1,0,10.6314324668,0
pde_nominal,4,4224,4,0,54,0,53,1,0,5.64856225349,0
pde_nominal,7,7028,9,1,53,20,49,1,1,7.81215694677,0
pde_nominal,3,3835,15,1,2,0,0,1,0,7.99151406945,0
pde_nominal,8,3859,3,0,94,0,65,1,0,7.19120063905,0
pde_nominal,9,4117,10,1,35,0,25,1,0,4.60246037279,0
pde_nominal,1,6242,0,0,117,0,117,1,0,6.2279019751,0
pde_nominal,0,5422,7,0,21,0,21,1,0,4.35536157,0
pde_nominal,2,6253,15,1,110,0,110,1,0,6.43033792213,0
pde_nominal,7,7024,0,0,253,0,253,1,0,12.4640632488,0
pde_nominal,6,6372,5,0,59,0,28,1,0,4.19303487886,0
pde_nominal,4,4210,10,1,28,0,0,1,0,5.2231406001,0
pde_nominal,4,4209,3,0,43,0,3,1,0,7.27984250732,0
pde_nominal,7,7022,12,1,26,0,26,1,0,5.06516827497,0
pde_nominal,2,6243,5,0,9,0,0,1,0,3.18768301152,0
pde_nominal,0,5416,0,0,7,0,1,1,0,3.50797427226,0
pde_nominal,7,7017,11,1,19,0,19,1,0,3.19021586914,0
pde_nominal,5,3985,5,0,59,20,71,1,1,7.08586569454,0
pde_nominal,7,7016,13,1,58,0,58,1,0,4.41976236668,0
pde_nominal,3,3817,12,1,19,0,19,1,0,5.47800640001,0
pde_nominal,7,7014,4,0,4,0,4,1,0,3.72031538269,0
pde_nominal,7,7055,4,0,0,0,0,0,0,8.01701872966,0
pde_nominal,4,4203,0,0,31,18,49,1,1,6.44608961191,0
pde_nominal,6,6361,11,1,45,18,63,1,1,6.36561919305,0
pde_nominal,3,3813,3,0,44,0,44,1,0,6.57959874821,0
pde_nominal,5,3972,6,0,16,0,16,1,0,3.6467872887,0
pde_nominal,2,6233,3,0,40,0,40,1,0,7.19503117306,0
pde_nominal,4,4194,8,1,78,0,59,1,0,7.0672330392,0
pde_nominal,0,5409,3,0,40,0,16,1,0,5.33669501688,0
pde_nominal,9,4085,10,1,4,0,0,1,0,4.7249308312,0
pde_nominal,4,4193,3,0,53,0,17,1,0,4.02605048198,0
pde_nominal,2,6229,11,1,26,0,0,1,0,3.48465069058,0
pde_nominal,1,6209,4,0,4,0,1,1,0,3.47828929763,0
pde_nominal,7,7002,13,1,61,0,61,1,0,8.21968089452,0
pde_nominal,7,7001,6,0,70,0,70,1,0,4.82026241014,0
pde_nominal,5,3960,4,0,107,0,101,1,0,7.34180588051,0
pde_nominal,3,3792,10,1,91,0,64,1,0,7.82447572075,0
pde_nominal,5,3957,15,1,111,0,111,1,0,7.23359012451,0
pde_nominal,9,4078,13,1,24,0,24,1,0,3.90995341005,0
pde_nominal,8,3818,7,0,64,0,64,1,0,6.00903511386,0
pde_nominal,1,6198,3,0,129,0,129,1,0,8.68168723031,0
pde_nominal,0,5398,12,1,112,0,112,1,0,5.68427680111,0
pde_nominal,3,5168,14,1,21,0,21,1,0,14.5185088727,0
pde_nominal,0,5397,1,0,117,0,114,1,0,5.84559252739,0
pde_nominal,1,6188,7,0,53,0,43,1,0,15.6557626533,0
pde_nominal,6,6336,7,0,139,0,116,1,0,9.76942157605,0
pde_nominal,9,4067,3,0,20,0,20,1,0,4.54749116718,0
pde_nominal,0,5392,2,0,19,0,19,1,0,3.30494852916,0
pde_nominal,7,6990,10,1,113,0,113,1,0,7.42144692151,0
pde_nominal,4,4164,13,1,24,0,24,1,0,6.56210589424,0
pde_nominal,3,3779,14,1,40,0,40,1,0,5.63011376556,0
pde_nominal,8,3803,1,0,31,0,31,1,0,3.37498147623,0
pde_nominal,6,6333,4,0,70,0,70,1,0,6.95128626786,0
pde_nominal,2,6201,2,0,37,0,33,1,0,3.82222941669,0
pde_nominal,1,6181,15,1,30,0,21,1,0,6.19142893455,0
pde_nominal,5,3947,0,0,151,0,146,1,0,8.28469857421,0
pde_nominal,1,6175,13,1,18,0,11,1,0,6.58153951847,0
pde_nominal,6,6326,0,0,34,0,34,1,0,6.2645622915,0
pde_nominal,2,6192,10,1,10,0,3,1,0,7.03047599044,0
pde_nominal,2,6188,12,1,33,0,33,1,0,4.60094518753,0
pde_nominal,3,3763,13,1,148,0,126,1,0,7.59519013872,0
pde_nominal,6,6316,2,0,45,0,12,1,0,6.71231779763,0
pde_nominal,2,6184,14,1,45,0,45,1,0,6.73681403751,0
pde_nominal,8,3787,7,0,69,0,69,1,0,5.30375863611,0
pde_nominal,5,3936,13,1,55,0,55,1,0,5.72647331966,0
pde_nominal,3,3757,7,0,44,20,64,1,1,6.50334302483,0
pde_nominal,1,6159,6,0,12,0,12,1,0,4.19500941283,0
pde_nominal,7,6970,11,1,33,0,33,1,0,13.2860255415,0
pde_nominal,6,6310,6,0,127,0,127,1,0,10.3946226709,0
pde_nominal,8,3782,3,0,10,0,10,1,0,3.87868305148,0
pde_nominal,9,4044,12,1,145,0,145,1,0,18.0456515765,0
pde_nominal,2,6180,7,0,36,0,36,1,0,4.0423690016,0
pde_nominal,6,6307,4,0,55,0,51,1,0,6.30913521258,0
pde_nominal,2,6173,1,0,7,2,1,1,1,5.12485593778,0
pde_nominal,5,3923,4,0,24,0,0,1,0,4.83881255439,0
pde_nominal,5,3921,3,0,6,0,4,1,0,4.78436930868,0
pde_nominal,3,3747,10,1,78,0,30,1,0,6.92451130965,0
pde_nominal,0,5365,10,1,44,0,44,1,0,3.92109218744,0
pde_nominal,9,4034,15,1,114,0,114,1,0,7.71188826986,0
pde_nominal,9,4033,15,1,7,0,7,1,0,6.86692852045,0
pde_nominal,8,3770,11,1,27,0,27,1,0,3.85460862103,0
pde_nominal,4,4133,0,0,100,0,100,1,0,15.1564436597,0
pde_nominal,2,6168,15,1,58,0,40,1,0,4.47148440122,0
pde_nominal,2,6165,9,1,18,0,16,1,0,5.33860681629,0
pde_nominal,1,6138,6,0,48,0,32,1,0,6.75848621132,0
pde_nominal,9,4026,5,0,24,0,12,1,0,3.60787033792,0
pde_nominal,9,5272,5,0,0,0,0,0,0,5.41463023642,0
pde_nominal,6,6293,9,1,42,0,16,1,0,8.27093084135,0
pde_nominal,8,3760,3,0,27,0,27,1,0,3.65359478589,0
pde_nominal,1,6129,8,1,52,0,51,1,0,6.72185223392,0
pde_nominal,1,6126,5,0,4,0,4,1,0,6.61078504436,0
pde_nominal,7,6931,11,1,17,0,17,1,0,3.41378596923,0
pde_nominal,0,5349,1,0,70,0,61,1,0,6.22006528219,0
pde_nominal,0,5348,7,0,34,0,17,1,0,4.48043637176,0
pde_nominal,7,6926,3,0,15,0,15,1,0,6.21246718596,0
pde_nominal,0,5346,8,1,3,0,0,1,0,3.88732261016,0
pde_nominal,8,3752,6,0,15,0,3,1,0,6.15545320682,0
pde_nominal,8,3750,15,1,14,0,9,1,0,4.32775905603,0
pde_nominal,6,6279,6,0,14,0,5,1,0,5.3110680581,0
pde_nominal,4,4110,1,0,7,0,6,1,0,3.36971335277,0
pde_nominal,5,3896,14,1,79,0,72,1,0,5.29679673863,0
pde_nominal,5,3894,4,0,52,0,13,1,0,7.05553734867,0
pde_nominal,4,4107,10,1,35,0,1,1,0,6.02127849321,0
pde_nominal,2,6147,12,1,32,0,1,1,0,4.32675356619,0
pde_nominal,1,6106,9,1,26,0,1,1,0,4.78791389981,0
pde_nominal,1,6105,9,1,1,0,0,1,0,6.02052031696,0
pde_nominal,9,4000,7,0,35,0,1,1,0,4.91549920975,0
pde_nominal,6,6274,11,1,28,0,3,1,0,5.60621222496,0
pde_nominal,8,3740,13,1,62,0,60,1,0,8.42292692767,0
pde_nominal,5,3892,15,1,142,0,103,1,0,11.8771744312,0
pde_nominal,2,6146,8,1,137,0,88,1,0,8.01260789884,0
pde_nominal,3,3702,5,0,55,0,28,1,0,3.52629434341,0
pde_nominal,1,6100,2,0,17,0,0,1,0,3.71719037352,0
pde_nominal,1,6098,11,1,24,0,7,1,0,5.17913754777,0
pde_nominal,6,6270,13,1,73,0,73,1,0,6.46531683213,0
pde_nominal,1,6091,6,0,31,0,31,1,0,3.42104707068,0
pde_nominal,2,6142,9,1,67,0,67,1,0,4.55719480768,0
pde_nominal,0,5335,10,1,48,0,48,1,0,4.68138690495,0
pde_nominal,7,6901,9,1,71,0,71,1,0,3.89497119163,0
pde_nominal,1,6089,14,1,60,0,53,1,0,4.09523084393,0
pde_nominal,9,3986,3,0,6,0,1,1,0,5.03979034973,0
pde_nominal,4,4091,6,0,80,0,46,1,0,6.08724912171,0
pde_nominal,4,4090,8,1,42,0,3,1,0,6.86872467064,0
pde_nominal,3,3682,13,1,37,0,0,1,0,3.85478417471,0
pde_nominal,7,6899,13,1,71,0,71,1,0,15.0515584074,0
pde_nominal,7,7057,13,1,0,0,0,0,0,17.0258721142,0
pde_nominal,1,6083,7,0,6,0,0,1,0,6.05210598403,0
pde_nominal,2,6135,7,0,3,0,0,1,0,6.08549315536,0
pde_nominal,2,6528,8,1,9,0,0,1,0,11.0662960274,0
pde_nominal,4,4084,3,0,45,0,26,1,0,6.2599219389,0
pde_nominal,5,3876,6,0,87,0,74,1,0,7.56470812812,0
pde_nominal,5,3875,2,0,49,0,49,1,0,5.63756757421,0
pde_nominal,4,4081,10,1,25,0,25,1,0,7.15335924677,0
pde_nominal,0,5321,12,1,82,0,82,1,0,6.50102772266,0
pde_nominal,2,6129,14,1,22,0,22,1,0,4.41489913027,0
pde_nominal,2,6125,7,0,33,0,33,1,0,3.01628839456,0
pde_nominal,4,4076,15,1,27,0,27,1,0,3.079237646,0
pde_nominal,9,3971,10,1,84,0,80,1,0,4.37340752964,0
pde_nominal,9,5274,10,1,0,0,0,0,0,4.73070411281,0
pde_nominal,2,6122,4,0,141,0,138,1,0,9.32839089806,0
pde_nominal,5,3869,7,0,13,0,13,1,0,3.65511345866,0
pde_nominal,7,6890,10,1,84,0,84,1,0,7.2466804982,0
pde_nominal,6,6245,4,0,28,0,11,1,0,4.40486683332,0
pde_nominal,0,5313,0,0,14,0,3,1,0,3.74666382984,0
pde_nominal,3,3667,7,0,166,0,143,1,0,8.21084203944,0
pde_nominal,4,4067,6,0,5,0,0,1,0,3.99426474178,0
pde_nominal,9,3964,7,0,7,0,5,1,0,2.97755354037,0
pde_nominal,3,3663,14,1,74,0,42,1,0,4.61929654677,0
pde_nominal,9,3961,9,1,19,0,11,1,0,4.27445156156,0
pde_nominal,0,5307,7,0,39,0,22,1,0,4.95650490192,0
pde_nominal,5,3860,6,0,37,0,27,1,0,3.13439054897,0
pde_nominal,5,5361,6,0,0,0,0,0,0,6.3583823962,0
pde_nominal,7,6876,8,1,45,0,45,1,0,5.70132828441,0
pde_nominal,3,3656,12,1,56,0,56,1,0,3.33630326151,0
pde_nominal,3,3651,11,1,50,0,38,1,0,3.27950646133,0
pde_nominal,1,6063,9,1,59,0,59,1,0,8.52044394999,0
pde_nominal,7,6870,8,1,58,0,58,1,0,4.64887743469,0
pde_nominal,3,3648,15,1,113,0,94,1,0,7.71293964169,0
pde_nominal,8,3691,7,0,47,0,47,1,0,5.52942357175,0
pde_nominal,6,6226,10,1,13,0,13,1,0,6.09521130004,0
pde_nominal,2,6104,13,1,11,0,11,1,0,2.96813503584,0
pde_nominal,1,6055,14,1,20,0,11,1,0,6.32609263255,0
pde_nominal,5,3838,13,1,1,0,0,1,0,4.03965816147,0
pde_nominal,9,3939,7,0,27,0,22,1,0,3.81252072303,0
pde_nominal,8,3690,4,0,150,0,134,1,0,7.67495515583,0
pde_nominal,5,3837,0,0,29,0,25,1,0,6.19103483086,0
pde_nominal,2,6099,1,0,34,0,34,1,0,4.75763065018,0
pde_nominal,1,6053,15,1,70,0,65,1,0,5.18918435228,0
pde_nominal,9,3938,9,1,30,0,30,1,0,9.20682749725,0
pde_nominal,7,6862,3,0,105,0,105,1,0,8.22019371713,0
pde_nominal,4,5505,6,0,4,0,4,1,0,6.16488966435,0
pde_nominal,4,4032,1,0,18,0,18,1,0,4.20695585752,0
pde_nominal,0,5292,13,1,37,0,37,1,0,9.09336299253,0
pde_nominal,0,5290,10,1,37,0,13,1,0,4.94521773665,0
pde_nominal,9,3929,11,1,5,0,1,1,0,3.81124410255,0
pde_nominal,5,3827,5,0,58,0,17,1,0,6.03772066306,0
pde_nominal,8,3681,9,1,17,0,4,1,0,6.38190256108,0
pde_nominal,1,6045,8,1,52,0,28,1,0,3.80775252399,0
pde_nominal,5,3823,15,1,53,0,19,1,0,7.82993589514,0
pde_nominal,4,4024,12,1,111,0,81,1,0,8.90793871393,0
pde_nominal,6,6210,4,0,15,0,10,1,0,3.10188439533,0
pde_nominal,8,3677,12,1,36,0,30,1,0,4.90415789565,0
pde_nominal,4,4022,15,1,36,0,20,1,0,5.11312910578,0
pde_nominal,7,6840,11,1,88,0,88,1,0,6.78515440079,0
pde_nominal,7,6838,15,1,5,0,5,1,0,3.84188708579,0
pde_nominal,8,3666,14,1,56,0,52,1,0,6.71331942446,0
pde_nominal,8,3664,9,1,35,0,35,1,0,3.4398973931,0
pde_nominal,7,6835,7,0,87,0,87,1,0,6.61867525811,0
pde_nominal,5,3813,9,1,292,0,288,1,0,12.1926807155,0
pde_nominal,2,6075,9,1,46,0,46,1,0,7.4166544067,0
pde_nominal,5,3811,14,1,73,0,72,1,0,3.58516528946,0
pde_nominal,0,5275,11,1,1,0,1,1,0,3.70043413367,0
pde_nominal,0,5274,9,1,80,0,42,1,0,6.14196531986,0
pde_nominal,7,6826,6,0,29,0,29,1,0,7.22511979923,0
pde_nominal,1,6024,2,0,4,0,4,1,0,6.83649758901,0
pde_nominal,0,5269,11,1,18,0,18,1,0,3.80489871519,0
pde_nominal,1,6023,0,0,33,0,33,1,0,7.32296286251,0
pde_nominal,7,6823,0,0,74,0,74,1,0,7.43961940278,0
pde_nominal,6,6197,7,0,45,0,45,1,0,5.92722937207,0
pde_nominal,3,3631,13,1,123,0,123,1,0,5.51211103875,0
pde_nominal,8,3653,10,1,136,0,136,1,0,5.35846192438,0
pde_nominal,6,6196,2,0,75,0,75,1,0,4.37586006904,0
pde_nominal,2,6059,7,0,9,0,7,1,0,5.38388353253,0
pde_nominal,2,6057,8,1,28,0,28,1,0,4.29187145758,0
pde_nominal,1,6015,2,0,59,0,37,1,0,6.81840776452,0
pde_nominal,1,6014,0,0,8,0,8,1,0,3.65745087639,0
pde_nominal,8,3647,3,0,14,0,14,1,0,2.73019184573,0
pde_nominal,6,6187,8,1,45,0,45,1,0,3.9298648725,0
pde_nominal,0,5264,2,0,63,0,44,1,0,6.28889010499,0
pde_nominal,9,3902,5,0,19,0,19,1,0,7.5343249153,0
pde_nominal,3,3618,13,1,52,0,52,1,0,3.42737413104,0
pde_nominal,4,3993,2,0,44,0,44,1,0,4.22903552779,0
pde_nominal,2,6045,7,0,47,0,47,1,0,3.90699729317,0
pde_nominal,7,6807,3,0,104,0,104,1,0,4.516240054,0
pde_nominal,9,3891,7,0,71,0,71,1,0,3.31231707769,0
pde_nominal,1,6003,1,0,19,0,19,1,0,3.1551530274,0
pde_nominal,3,3611,13,1,48,0,26,1,0,3.32752797787,0
pde_nominal,8,3632,8,1,41,0,30,1,0,7.46076983523,0
pde_nominal,6,6172,8,1,39,0,39,1,0,6.53915623601,0
pde_nominal,2,6034,9,1,94,0,89,1,0,5.61275645337,0
pde_nominal,9,3883,7,0,62,0,58,1,0,3.46543616213,0
pde_nominal,4,3977,11,1,20,0,17,1,0,4.03067566614,0
pde_nominal,7,6785,3,0,51,0,51,1,0,7.11012208032,0
pde_nominal,2,6028,8,1,44,0,36,1,0,5.950459803,0
pde_nominal,0,5246,13,1,94,0,72,1,0,9.53914124347,0
pde_nominal,2,6025,14,1,29,0,29,1,0,5.75834103959,0
pde_nominal,6,6161,14,1,48,0,37,1,0,5.64657360219,0
pde_nominal,7,6775,0,0,46,0,46,1,0,8.59175698061,0
pde_nominal,6,6156,3,0,18,0,1,1,0,4.31375056142,0
pde_nominal,3,6754,10,1,2,0,0,1,0,6.00172218829,0
pde_nominal,0,5241,15,1,80,0,47,1,0,6.70198720204,0
pde_nominal,1,5990,10,1,79,0,59,1,0,5.90284170938,0
pde_nominal,3,6751,12,1,10,0,10,1,0,5.83756436397,0
pde_nominal,5,3774,13,1,44,0,24,1,0,3.85276506669,0
pde_nominal,0,5237,2,0,10,0,10,1,0,5.22072810818,0
pde_nominal,8,3609,11,1,15,0,15,1,0,5.59863098604,0
pde_nominal,3,6746,2,0,20,0,17,1,0,4.41097468375,0
pde_nominal,2,6014,13,1,38,0,19,1,0,5.66276572025,0
pde_nominal,4,3961,13,1,15,0,0,1,0,6.28359062084,0
pde_nominal,8,3606,4,0,20,0,0,1,0,3.13626225839,0
pde_nominal,0,5236,14,1,41,0,3,1,0,6.62487532947,0
pde_nominal,2,6013,9,1,12,0,1,1,0,8.9153186948,0
pde_nominal,8,3603,12,1,35,0,31,1,0,4.5681438016,0
pde_nominal,3,6741,6,0,65,0,47,1,0,7.181645536,0
pde_nominal,3,6738,10,1,13,0,1,1,0,5.56989094632,0
pde_nominal,4,3953,0,0,26,0,6,1,0,7.7574825827,0
pde_nominal,3,6737,3,0,25,0,17,1,0,3.6569695732,0
pde_nominal,2,6010,8,1,47,0,30,1,0,6.70319810617,0
pde_nominal,0,5233,13,1,85,0,85,1,0,12.3679958175,0
pde_nominal,2,6008,6,0,49,0,49,1,0,3.79561578577,0
pde_nominal,7,6759,3,0,100,0,100,1,0,6.18489793083,0
pde_nominal,6,6135,4,0,41,0,41,1,0,5.03953500851,0
pde_nominal,6,6133,4,0,46,0,46,1,0,3.82517834838,0
pde_nominal,0,5231,2,0,61,0,55,1,0,5.0406148924,0
pde_nominal,1,5973,7,0,118,60,169,1,1,10.8795416947,0
pde_nominal,2,6001,6,0,80,0,63,1,0,5.32140217209,0
pde_nominal,2,6000,14,1,6,0,6,1,0,5.07457835209,0
pde_nominal,9,3857,9,1,106,0,91,1,0,5.49351736056,0
pde_nominal,2,5998,5,0,20,0,20,1,0,5.48241233398,0
pde_nominal,8,3584,4,0,119,0,109,1,0,5.77460047095,0
pde_nominal,7,6755,4,0,67,0,67,1,0,6.82808145742,0
pde_nominal,1,5968,14,1,17,0,11,1,0,5.86798799718,0
pde_nominal,1,5967,14,1,4,0,0,1,0,5.13699809307,0
pde_nominal,4,3940,1,0,14,0,8,1,0,5.47746952645,0
pde_nominal,1,5966,13,1,43,0,35,1,0,4.84597477114,0
pde_nominal,1,5965,0,0,32,0,32,1,0,10.8085424482,0
pde_nominal,3,6726,0,0,62,0,62,1,0,6.43852923649,0
pde_nominal,3,6720,8,1,8,0,8,1,0,4.36752538446,0
pde_nominal,2,5990,10,1,77,0,13,1,0,6.61149349481,0
pde_nominal,9,3849,9,1,65,0,0,1,0,4.43346610557,0
pde_nominal,6,6122,10,1,99,0,0,1,0,9.65561026103,0
pde_nominal,9,3846,0,0,78,0,76,1,0,5.43219140418,0
pde_nominal,5,3752,9,1,41,0,41,1,0,3.47300392957,0
pde_nominal,3,6710,8,1,30,0,30,1,0,4.11937661905,0
pde_nominal,4,3923,10,1,2,0,0,1,0,4.24485402845,0
pde_nominal,5,3741,6,0,34,0,1,1,0,3.31581044453,0
pde_nominal,1,5950,0,0,24,0,3,1,0,8.33636834729,0
pde_nominal,4,3921,10,1,34,0,0,1,0,5.06161467624,0
pde_nominal,9,3843,15,1,36,0,4,1,0,3.36430060657,0
pde_nominal,6,6118,14,1,61,0,35,1,0,6.52973206147,0
pde_nominal,2,5978,12,1,15,0,15,1,0,3.31654148218,0
pde_nominal,7,6739,7,0,25,0,25,1,0,3.0469898591,0
pde_nominal,0,5208,9,1,81,0,72,1,0,6.71012030645,0
pde_nominal,4,3912,1,0,29,0,26,1,0,3.97101093073,0
pde_nominal,7,6735,5,0,30,0,30,1,0,5.54696497976,0
pde_nominal,2,5973,7,0,112,0,102,1,0,7.61469987053,0
pde_nominal,1,5938,2,0,36,0,21,1,0,5.03223663517,0
pde_nominal,1,5937,13,1,36,0,35,1,0,10.6287107465,0
pde_nominal,4,3905,13,1,53,0,53,1,0,7.9230641846,0
pde_nominal,0,5196,5,0,100,0,100,1,0,5.85767562712,0
pde_nominal,0,5195,5,0,45,0,45,1,0,4.8376303199,0
pde_nominal,6,6110,12,1,108,0,108,1,0,11.0990344285,0
pde_nominal,2,5968,12,1,115,0,97,1,0,6.95200596376,0
pde_nominal,9,3830,14,1,77,0,21,1,0,4.48938192499,0
pde_nominal,8,3549,11,1,32,0,0,1,0,3.28189136936,0
pde_nominal,6,6106,5,0,50,0,6,1,0,4.74521908279,0
pde_nominal,5,3713,9,1,97,0,58,1,0,6.58668757507,0
pde_nominal,4,3891,7,0,84,0,75,1,0,7.74031480721,0
pde_nominal,9,3814,10,1,56,0,55,1,0,3.42860727328,0
pde_nominal,0,5182,10,1,39,0,39,1,0,6.80568762305,0
pde_nominal,4,3887,3,0,41,0,7,1,0,9.43752101895,0
pde_nominal,7,6707,10,1,29,0,29,1,0,5.89756679075,0
pde_nominal,9,6662,14,1,13,0,0,1,0,8.34500295623,0
pde_nominal,1,5920,11,1,64,0,4,1,0,4.24035514188,0
pde_nominal,3,6677,2,0,115,0,30,1,0,8.53097837274,0
pde_nominal,4,3881,11,1,82,0,24,1,0,6.12285655301,0
pde_nominal,3,6676,9,1,4,0,4,1,0,7.10258138303,0
pde_nominal,0,5176,13,1,77,0,26,1,0,5.83833543243,0
pde_nominal,7,6703,0,0,16,0,16,1,0,5.54524278272,0
pde_nominal,5,6915,12,1,7,0,7,1,0,7.81068767445,0
pde_nominal,2,5938,14,1,42,0,38,1,0,6.13747535197,0
pde_nominal,5,6912,12,1,26,0,26,1,0,6.96610871305,0
pde_nominal,9,6651,15,1,26,0,26,1,0,2.95255639688,0
pde_nominal,9,6649,3,0,52,0,41,1,0,5.28644914511,0
pde_nominal,5,6907,0,0,83,9,78,1,1,6.29881296507,0
pde_nominal,7,6692,8,1,76,0,76,1,0,4.8117307257,0
pde_nominal,1,5906,1,0,71,0,65,1,0,5.65708529106,0
pde_nominal,4,5506,3,0,31,0,29,1,0,9.50763480579,0
pde_nominal,8,3527,3,0,137,0,112,1,0,5.97754509277,0
pde_nominal,2,5931,8,1,17,0,7,1,0,3.62029251538,0
pde_nominal,2,5930,2,0,41,0,36,1,0,4.7527319812,0
pde_nominal,4,3854,4,0,5,0,3,1,0,7.17382261421,0
pde_nominal,8,5281,4,0,3,0,0,1,0,6.55560957518,0
pde_nominal,9,6639,12,1,32,0,32,1,0,5.27108246155,0
pde_nominal,3,6647,13,1,50,0,50,1,0,6.61793168926,0
pde_nominal,8,3507,12,1,100,0,94,1,0,5.34979400391,0
pde_nominal,9,6632,6,0,50,27,71,1,1,10.7093729345,0
pde_nominal,8,3506,15,1,80,0,80,1,0,3.68426530341,0
pde_nominal,3,6638,10,1,17,0,17,1,0,7.4234696408,0
pde_nominal,0,5157,3,0,20,0,20,1,0,5.08464228485,0
pde_nominal,9,6625,10,1,57,0,48,1,0,7.01939183219,0
pde_nominal,3,6632,12,1,32,0,18,1,0,4.47392744914,0
pde_nominal,4,3840,0,0,177,0,159,1,0,8.12931420403,0
pde_nominal,0,5152,14,1,63,0,42,1,0,8.19640026293,0
pde_nominal,4,3838,1,0,29,0,25,1,0,4.13778835921,0
pde_nominal,7,6669,2,0,37,0,37,1,0,3.41959766824,0
pde_nominal,1,5880,15,1,7,0,7,1,0,3.66941496836,0
pde_nominal,0,5146,9,1,30,0,30,1,0,3.39191798004,0
pde_nominal,6,6059,5,0,62,0,60,1,0,5.510533693,0
pde_nominal,1,5878,0,0,85,0,85,1,0,4.55108538717,0
pde_nominal,3,6626,12,1,38,0,38,1,0,6.30146635964,0
pde_nominal,2,5906,8,1,45,0,45,1,0,3.72497089344,0
pde_nominal,6,6056,14,1,16,0,16,1,0,4.39268316093,0
pde_nominal,5,6867,5,0,69,0,69,1,0,5.38293855728,0
pde_nominal,6,6054,6,0,41,0,34,1,0,5.78248762712,0
pde_nominal,5,6864,14,1,4,0,4,1,0,3.40595200843,0
pde_nominal,7,6658,12,1,9,0,9,1,0,3.90627562558,0
pde_nominal,3,6619,14,1,18,0,18,1,0,5.10619928987,0
pde_nominal,6,6041,12,1,12,0,12,1,0,5.49967853059,0
pde_nominal,2,5894,4,0,74,0,74,1,0,5.27640540379,0
pde_nominal,2,5893,11,1,41,0,41,1,0,3.24158558454,0
pde_nominal,0,5136,15,1,64,0,64,1,0,10.6710241552,0
pde_nominal,7,6649,4,0,60,0,60,1,0,4.43281997705,0
pde_nominal,9,6594,5,0,34,0,34,1,0,5.02042442919,0
pde_nominal,2,5887,7,0,49,0,49,1,0,4.11507271586,0
pde_nominal,3,6610,11,1,38,0,35,1,0,4.33931612546,0
pde_nominal,9,6587,4,0,24,0,22,1,0,3.96359354243,0
pde_nominal,0,5124,2,0,2,0,0,1,0,10.7744202063,0
pde_nominal,7,6634,10,1,61,0,61,1,0,7.81035168535,0
pde_nominal,6,6028,11,1,22,11,6,1,1,6.92273750666,0
pde_nominal,4,3815,2,0,4,0,4,1,0,4.20719090373,0
pde_nominal,0,5119,9,1,40,27,43,1,1,9.19209704809,0
pde_nominal,3,6595,6,0,15,0,12,1,0,5.03188211868,0
pde_nominal,4,3811,1,0,56,0,51,1,0,7.25297221817,0
pde_nominal,5,6840,10,1,55,0,41,1,0,8.43772973296,0
pde_nominal,7,6629,13,1,30,0,30,1,0,10.8077409967,0
pde_nominal,7,6626,15,1,21,0,21,1,0,7.17989162577,0
pde_nominal,3,6594,12,1,120,0,85,1,0,8.41942812603,0
pde_nominal,7,6624,2,0,95,0,95,1,0,9.87740985664,0
pde_nominal,9,6571,0,0,65,0,21,1,0,4.01313482086,0
pde_nominal,2,5865,1,0,21,0,0,1,0,3.35117205629,0
pde_nominal,9,6570,11,1,47,0,0,1,0,4.67878324086,0
pde_nominal,6,6011,5,0,49,0,3,1,0,5.2457615792,0
pde_nominal,1,5847,13,1,45,0,30,1,0,4.47786133047,0
pde_nominal,9,6566,3,0,26,0,8,1,0,4.60979929244,0
pde_nominal,4,3799,7,0,0,0,0,1,0,6.14342296147,0
pde_nominal,6,6006,11,1,16,0,0,1,0,4.83534988197,0
pde_nominal,9,6563,14,1,8,0,0,1,0,4.23681161237,0
pde_nominal,8,6867,9,1,44,0,12,1,0,5.74637858882,0
pde_nominal,3,6575,6,0,93,0,26,1,0,9.9366651626,0
pde_nominal,0,5100,5,0,13,0,13,1,0,6.81603395165,0
pde_nominal,0,5099,14,1,59,0,46,1,0,4.16629148246,0
pde_nominal,3,6571,15,1,66,0,39,1,0,5.49635019426,0
pde_nominal,9,6559,3,0,27,0,27,1,0,4.33136396924,0
pde_nominal,6,6001,5,0,17,18,27,1,1,5.71346043397,0
pde_nominal,0,5090,11,1,14,0,14,1,0,7.33807249158,0
pde_nominal,6,6000,7,0,70,0,70,1,0,5.33019641473,0
pde_nominal,4,3782,12,1,36,0,36,1,0,3.32171143439,0
pde_nominal,4,5507,12,1,0,0,0,0,0,5.19489654433,0
pde_nominal,7,6602,15,1,89,0,89,1,0,5.05208832225,0
pde_nominal,8,6858,3,0,89,0,87,1,0,6.39425510033,0
pde_nominal,5,6812,11,1,217,0,199,1,0,11.5155346316,0
pde_nominal,7,6600,11,1,18,0,18,1,0,3.93996148396,0
pde_nominal,7,7061,11,1,0,0,0,0,0,9.81508359002,0
pde_nominal,7,6599,6,0,42,0,42,1,0,5.47718887581,0
pde_nominal,5,6810,1,0,84,0,77,1,0,10.3467601493,0
pde_nominal,3,6562,11,1,27,0,12,1,0,6.17594508748,0
pde_nominal,7,7062,12,1,5,0,5,1,0,8.93553721564,0
pde_nominal,2,5835,0,0,28,0,1,1,0,3.95888895139,0
pde_nominal,1,5829,9,1,61,0,36,1,0,4.74071642888,0
pde_nominal,9,6547,12,1,61,0,61,1,0,4.75787317919,0
pde_nominal,9,6546,3,0,17,0,17,1,0,11.2552632426,0
pde_nominal,1,5827,6,0,76,0,71,1,0,5.35443817977,0
pde_nominal,8,6848,14,1,46,0,38,1,0,4.21163662795,0
pde_nominal,0,5067,2,0,8,0,8,1,0,4.08254202389,0
pde_nominal,0,5066,2,0,43,0,40,1,0,4.55857353968,0
pde_nominal,7,6585,4,0,69,0,69,1,0,8.81280875725,0
pde_nominal,8,6841,11,1,14,0,8,1,0,7.73401719487,0
pde_nominal,9,6536,2,0,40,0,27,1,0,5.87047632343,0
pde_nominal,7,6582,10,1,25,0,25,1,0,3.95802662108,0
pde_nominal,7,6576,0,0,32,0,32,1,0,5.37219327559,0
pde_nominal,3,6551,15,1,49,0,36,1,0,4.59777954601,0
pde_nominal,7,6574,12,1,23,0,23,1,0,5.14564861474,0
pde_nominal,0,5050,8,1,39,0,31,1,0,4.40536877511,0
pde_nominal,9,6527,2,0,9,0,0,1,0,6.33230557623,0
pde_nominal,6,5983,3,0,50,0,37,1,0,3.62522188588,0
pde_nominal,5,6794,7,0,3,0,2,1,0,6.88108967994,0
pde_nominal,3,6550,0,0,60,0,31,1,0,6.29050486122,0
pde_nominal,8,6830,2,0,49,0,49,1,0,4.10515019388,0
pde_nominal,6,5981,13,1,80,0,80,1,0,6.70287119157,0
pde_nominal,6,5979,8,1,3,0,3,1,0,5.63248885421,0
pde_nominal,0,5043,6,0,74,0,66,1,0,5.82814859988,0
pde_nominal,0,5042,8,1,56,0,54,1,0,5.98331538393,0
pde_nominal,9,6513,7,0,39,0,11,1,0,5.17278888394,0
pde_nominal,6,5974,15,1,31,0,8,1,0,7.24997009531,0
pde_nominal,2,5809,14,1,68,0,32,1,0,8.45650697756,0
pde_nominal,2,5807,5,0,9,0,9,1,0,4.28886390792,0
pde_nominal,8,6821,14,1,34,0,32,1,0,6.35621123433,0
pde_nominal,4,3743,11,1,17,0,4,1,0,3.93973605851,0
pde_nominal,2,5803,4,0,32,0,14,1,0,4.38119875558,0
pde_nominal,3,6539,5,0,43,0,33,1,0,3.47652859813,0
pde_nominal,8,6818,13,1,31,0,31,1,0,4.52366820595,0
pde_nominal,3,6536,10,1,25,0,18,1,0,7.94467838246,0
pde_nominal,3,6535,2,0,4,0,2,1,0,6.15202344773,0
pde_nominal,4,3738,9,1,17,0,17,1,0,4.28504901369,0
pde_nominal,4,5509,9,1,0,0,0,0,0,6.61025581493,0
pde_nominal,7,6553,14,1,63,0,63,1,0,6.21629691632,0
pde_nominal,7,6551,3,0,14,0,14,1,0,3.45504379946,0
pde_nominal,1,5789,8,1,73,0,73,1,0,6.99746518856,0
pde_nominal,5,6769,9,1,27,0,27,1,0,5.15018004356,0
pde_nominal,2,5783,5,0,11,0,9,1,0,2.92856383107,0
pde_nominal,9,6490,3,0,33,0,33,1,0,6.33825405344,0
pde_nominal,3,6509,5,0,16,0,16,1,0,4.33902812399,0
pde_nominal,9,6482,2,0,12,0,12,1,0,8.25329103998,0
pde_nominal,3,6502,11,1,2,0,2,1,0,3.90093245715,0
pde_nominal,4,3698,13,1,86,0,86,1,0,3.43348399807,0
pde_nominal,7,6541,15,1,92,0,92,1,0,4.97019504279,0
pde_nominal,5,6755,6,0,106,0,106,1,0,5.27636431668,0
pde_nominal,2,5769,2,0,91,0,91,1,0,4.31939610639,0
pde_nominal,7,6540,12,1,81,0,81,1,0,4.67032326446,0
pde_nominal,8,6798,11,1,66,0,65,1,0,4.17973805141,0
pde_nominal,1,5773,2,0,7,0,7,1,0,7.20221952792,0
pde_nominal,9,6476,4,0,73,0,71,1,0,4.91977163353,0
pde_nominal,2,5766,15,1,29,20,48,1,1,5.53380425698,0
pde_nominal,7,6538,0,0,49,0,49,1,0,6.40551120274,0
pde_nominal,3,6498,8,1,63,0,62,1,0,4.32184694777,0
pde_nominal,6,5923,10,1,29,0,29,1,0,5.58962175299,0
pde_nominal,4,3682,2,0,55,0,55,1,0,3.27525570374,0
pde_nominal,8,6794,2,0,42,0,42,1,0,6.9136841642,0
pde_nominal,5,6743,0,0,8,0,8,1,0,3.46341649439,0
pde_nominal,1,5766,5,0,43,0,43,1,0,3.47499743718,0
pde_nominal,2,5760,7,0,70,0,70,1,0,3.85757449859,0
pde_nominal,5,6741,15,1,73,0,73,1,0,5.1244869142,0
pde_nominal,2,5757,3,0,18,0,1,1,0,5.48238326408,0
pde_nominal,1,5761,4,0,7,0,5,1,0,4.01521728075,0
pde_nominal,6,5908,12,1,30,0,30,1,0,4.45919958412,0
pde_nominal,5,6735,2,0,2,0,2,1,0,7.25571352551,0
pde_nominal,5,6935,2,0,0,0,0,0,0,9.20636776809,0
pde_nominal,3,6485,13,1,112,0,112,1,0,7.27081922284,0
pde_nominal,3,6482,7,0,3,0,3,1,0,5.70557698755,0
pde_nominal,5,6730,12,1,29,0,29,1,0,3.76927203257,0
pde_nominal,4,3675,2,0,101,0,101,1,0,3.90195481634,0
pde_nominal,7,6528,10,1,187,0,187,1,0,10.4681545627,0
pde_nominal,9,6453,15,1,20,0,20,1,0,3.61424382456,0
pde_nominal,5,6727,12,1,48,0,48,1,0,5.17534464681,0
pde_nominal,4,3671,0,0,62,0,62,1,0,3.36456572231,0
pde_nominal,6,5898,15,1,36,0,27,1,0,7.30960548792,0
pde_nominal,7,6521,14,1,13,21,13,1,1,5.3896591242,0
pde_nominal,7,6520,8,1,44,0,44,1,0,4.25808517056,0
pde_nominal,9,6443,5,0,116,0,100,1,0,6.10318123365,0
pde_nominal,9,6438,8,1,34,0,34,1,0,4.08503170243,0
pde_nominal,4,6983,12,1,81,0,81,1,0,5.57325632697,0
pde_nominal,5,6721,1,0,167,0,154,1,0,10.1346115212,0
pde_nominal,1,5729,4,0,12,0,12,1,0,5.71893946081,0
pde_nominal,2,5742,10,1,212,0,204,1,0,9.64528756575,0
pde_nominal,4,6981,4,0,51,0,48,1,0,4.95370134442,0
pde_nominal,9,6436,7,0,121,46,148,1,1,9.78747155458,0
pde_nominal,4,6979,11,1,14,0,14,1,0,3.07428227454,0
pde_nominal,8,6776,2,0,77,0,70,1,0,7.02451691963,0
pde_nominal,5,6720,12,1,108,0,87,1,0,6.11642218515,0
pde_nominal,7,6508,15,1,27,0,27,1,0,7.63107280523,0
pde_nominal,3,6464,11,1,47,0,47,1,0,5.92019870496,0
pde_nominal,1,5721,2,0,32,0,32,1,0,4.89229226421,0
pde_nominal,1,5720,0,0,83,0,83,1,0,7.97312027949,0
pde_nominal,3,6461,9,1,2,0,2,1,0,7.58668298267,0
pde_nominal,9,6432,9,1,65,0,65,1,0,9.09538426634,0
pde_nominal,6,5887,15,1,45,0,45,1,0,4.85064334412,0
pde_nominal,8,6772,5,0,50,0,49,1,0,4.99583827124,0
pde_nominal,1,5719,6,0,23,13,24,1,1,8.23500206877,0
pde_nominal,6,5885,1,0,29,0,8,1,0,3.79653420852,0
pde_nominal,2,5739,9,1,168,0,129,1,0,8.70136681431,0
pde_nominal,6,5884,5,0,26,0,5,1,0,6.07919796289,0
pde_nominal,3,6458,10,1,28,0,28,1,0,7.39148064948,0
pde_nominal,4,6973,12,1,30,0,24,1,0,3.36553784611,0
pde_nominal,2,5737,11,1,34,0,34,1,0,6.21840509764,0
pde_nominal,4,6969,14,1,16,0,16,1,0,6.6166758142,0
pde_nominal,0,6045,4,0,50,0,50,1,0,6.17331653663,0
pde_nominal,2,5735,2,0,83,0,83,1,0,5.79960174845,0
pde_nominal,1,5711,4,0,25,0,25,1,0,7.46452214768,0
pde_nominal,2,5734,5,0,24,17,41,1,1,5.94898424594,0
pde_nominal,7,6493,13,1,93,0,93,1,0,7.7972354281,0
pde_nominal,1,5708,13,1,72,26,98,1,1,6.78855059191,0
pde_nominal,1,6928,13,1,0,0,0,0,0,8.75318967448,0
pde_nominal,7,6492,9,1,26,0,26,1,0,5.26315595498,0
pde_nominal,1,5706,5,0,51,0,51,1,0,3.74370175482,0
pde_nominal,3,6445,5,0,12,0,8,1,0,5.82629995474,0
pde_nominal,9,6418,1,0,33,0,28,1,0,9.81266708738,0
pde_nominal,6,5869,7,0,201,0,181,1,0,16.2683550961,0
pde_nominal,5,6700,7,0,8,0,8,1,0,8.70841812413,0
pde_nominal,9,6414,13,1,27,0,9,1,0,5.9738734299,0
pde_nominal,5,6697,4,0,3,0,0,1,0,5.27791044133,0
pde_nominal,5,6689,9,1,42,0,0,1,0,6.6760711249,0
pde_nominal,1,5694,4,0,32,0,32,1,0,4.48540469538,0
pde_nominal,9,6411,10,1,249,0,92,1,0,13.1435605531,0
pde_nominal,5,6938,3,0,15,0,6,1,0,12.2939076063,0
pde_nominal,5,6939,3,0,0,0,0,0,0,15.0673542224,0
pde_nominal,6,5859,15,1,46,0,46,1,0,3.93439002281,0
pde_nominal,0,4954,7,0,9,0,9,1,0,6.67272105266,0
pde_nominal,2,5707,13,1,22,0,22,1,0,5.22802038777,0
pde_nominal,8,6743,10,1,30,0,30,1,0,5.36768268935,0
pde_nominal,7,6473,8,1,62,0,62,1,0,5.03085186373,0
pde_nominal,2,5703,15,1,42,0,40,1,0,4.14665430198,0
pde_nominal,8,6741,12,1,50,0,48,1,0,5.37009292078,0
pde_nominal,6,5851,9,1,48,0,48,1,0,9.1192394944,0
pde_nominal,1,5683,8,1,71,0,68,1,0,7.04706347159,0
pde_nominal,3,6419,11,1,19,0,18,1,0,4.07543004735,0
pde_nominal,6,5848,3,0,27,0,27,1,0,4.33485393923,0
pde_nominal,7,6469,6,0,86,0,86,1,0,6.32103924225,0
pde_nominal,5,6668,7,0,43,0,43,1,0,3.78599674194,0
pde_nominal,1,5674,11,1,39,0,39,1,0,4.62369102646,0
pde_nominal,1,5673,6,0,67,0,67,1,0,5.39326515568,0
pde_nominal,9,6392,9,1,4,0,4,1,0,8.61744846818,0
pde_nominal,4,6926,7,0,45,0,25,1,0,8.09443044726,0
pde_nominal,3,6405,1,0,60,0,53,1,0,8.96972325334,0
pde_nominal,9,6384,15,1,40,0,31,1,0,3.31906406471,0
pde_nominal,3,6400,3,0,34,0,11,1,0,7.30791706237,0
pde_nominal,7,6457,3,0,23,0,23,1,0,5.64170708294,0
pde_nominal,6,5832,8,1,39,0,31,1,0,5.6532454445,0
pde_nominal,3,6397,11,1,27,0,13,1,0,4.95391735484,0
pde_nominal,4,6919,13,1,32,0,15,1,0,7.9307273943,0
pde_nominal,0,4930,4,0,49,0,18,1,0,4.06910645943,0
pde_nominal,1,5662,0,0,5,0,5,1,0,8.22805755128,0
pde_nominal,6,6716,14,1,57,0,47,1,0,15.8353599094,0
pde_nominal,0,4928,4,0,53,0,53,1,0,4.82581313058,0
pde_nominal,3,6394,7,0,23,0,7,1,0,5.25632095903,0
pde_nominal,1,5658,5,0,11,0,0,1,0,4.34132205703,0
pde_nominal,2,5673,9,1,13,0,13,1,0,4.86741443724,0
pde_nominal,4,6918,2,0,293,0,194,1,0,15.3830179665,0
pde_nominal,9,6376,12,1,26,0,13,1,0,10.5866945613,0
pde_nominal,7,6448,10,1,32,0,32,1,0,4.74190057383,0
pde_nominal,4,6913,4,0,59,0,59,1,0,5.89952225567,0
pde_nominal,3,6387,7,0,41,0,41,1,0,4.76757513837,0
pde_nominal,6,5822,13,1,101,0,101,1,0,10.3740057993,0
pde_nominal,2,5663,11,1,54,0,54,1,0,5.57050259396,0
pde_nominal,1,5647,13,1,44,0,44,1,0,6.24659566494,0
pde_nominal,0,4912,15,1,65,0,22,1,0,5.33087636,0
pde_nominal,9,6362,13,1,18,0,2,1,0,4.6451139013,0
pde_nominal,1,5639,8,1,2,0,2,1,0,4.01742267195,0
pde_nominal,3,6379,7,0,109,0,92,1,0,7.29919501641,0
pde_nominal,6,5810,0,0,30,0,16,1,0,7.21473027323,0
pde_nominal,8,6701,10,1,16,0,7,1,0,3.38750694767,0
pde_nominal,6,5808,1,0,8,0,0,1,0,7.26155009741,0
pde_nominal,6,5807,10,1,5,0,1,1,0,6.70289897229,0
pde_nominal,8,6700,10,1,45,0,2,1,0,6.65447133225,0
pde_nominal,6,5806,1,0,44,0,1,1,0,11.5304312883,0
pde_nominal,6,5804,12,1,18,0,10,1,0,3.63527005218,0
pde_nominal,1,5628,1,0,31,0,31,1,0,6.95798083166,0
pde_nominal,2,5642,4,0,37,0,37,1,0,3.91864488248,0
pde_nominal,2,5638,12,1,15,0,11,1,0,4.01565390295,0
pde_nominal,4,6893,4,0,75,0,68,1,0,5.7201048019,0
pde_nominal,0,4895,6,0,83,0,40,1,0,8.50954707594,0
pde_nominal,2,5636,6,0,43,0,29,1,0,5.08092532257,0
pde_nominal,8,6686,15,1,63,0,56,1,0,4.70237507211,0
pde_nominal,1,5624,10,1,8,0,8,1,0,5.84911496045,0
pde_nominal,9,6345,6,0,66,0,58,1,0,4.53860921992,0
pde_nominal,9,6671,6,0,0,0,0,0,0,7.82422902473,0
pde_nominal,1,5622,3,0,50,0,19,1,0,5.07621427939,0
pde_nominal,0,4889,3,0,1,0,0,1,0,6.18567837173,0
pde_nominal,3,6360,11,1,70,0,15,1,0,8.54304422079,0
pde_nominal,3,6359,13,1,4,0,3,1,0,6.68585695482,0
pde_nominal,9,6335,13,1,6,0,0,1,0,7.01209082182,0
pde_nominal,0,4884,15,1,12,0,4,1,0,3.67303125697,0
pde_nominal,1,5615,9,1,106,0,49,1,0,8.25492717957,0
pde_nominal,6,5783,2,0,17,0,17,1,0,6.64841416497,0
pde_nominal,4,6873,15,1,18,0,15,1,0,7.54618863054,0
pde_nominal,8,6671,6,0,84,0,60,1,0,13.4783957805,0
pde_nominal,1,5614,15,1,208,0,171,1,0,10.1656681164,0
pde_nominal,9,6329,1,0,124,0,83,1,0,6.87833912656,0
pde_nominal,0,4877,6,0,6,0,4,1,0,3.25007754983,0
pde_nominal,5,6593,5,0,15,0,13,1,0,5.76103050546,0
pde_nominal,2,5612,4,0,18,0,18,1,0,6.69380729773,0
pde_nominal,3,6344,12,1,106,0,87,1,0,6.59652372752,0
pde_nominal,0,4871,0,0,39,0,31,1,0,4.00808469608,0
pde_nominal,6,5772,14,1,165,0,110,1,0,7.33600504533,0
pde_nominal,4,6862,1,0,120,0,97,1,0,8.47620702958,0
pde_nominal,6,5769,9,1,36,0,36,1,0,8.07526158924,0
pde_nominal,8,6662,3,0,43,0,43,1,0,5.51887039915,0
pde_nominal,2,5604,1,0,15,0,11,1,0,4.88541013383,0
pde_nominal,6,5768,14,1,60,0,48,1,0,5.89164145112,0
pde_nominal,1,5597,12,1,65,0,48,1,0,9.10065701527,0
pde_nominal,8,6660,7,0,75,0,53,1,0,5.39401163982,0
pde_nominal,9,6305,5,0,41,0,41,1,0,5.52636647956,0
pde_nominal,5,6580,7,0,45,0,45,1,0,4.14063983875,0
pde_nominal,8,6656,9,1,41,0,41,1,0,3.98799667274,0
pde_nominal,6,5760,10,1,10,0,10,1,0,4.25711299088,0
pde_nominal,9,6303,6,0,62,0,62,1,0,5.14324744747,0
pde_nominal,4,6848,9,1,9,0,9,1,0,3.77899780482,0
pde_nominal,6,5756,10,1,30,0,16,1,0,3.42905092582,0
pde_nominal,6,6717,10,1,0,0,0,0,0,14.2492874785,0
pde_nominal,9,6301,3,0,138,0,73,1,0,11.2742795721,0
pde_nominal,7,6376,8,1,38,0,38,1,0,6.70877952512,0
pde_nominal,8,6651,7,0,69,0,60,1,0,8.4409116072,0
pde_nominal,6,5750,13,1,65,0,32,1,0,7.1892794051,0
pde_nominal,3,6331,1,0,28,0,27,1,0,4.93996243926,0
pde_nominal,7,6366,5,0,15,0,15,1,0,4.61494234394,0
pde_nominal,2,5590,15,1,89,0,79,1,0,4.67067372862,0
pde_nominal,1,5580,6,0,28,0,14,1,0,6.42680344918,0
pde_nominal,5,6568,0,0,25,0,3,1,0,6.5412531787,0
pde_nominal,3,6326,10,1,10,0,1,1,0,7.47931060421,0
pde_nominal,0,4850,12,1,89,0,61,1,0,5.53472583371,0
pde_nominal,8,6648,10,1,44,0,18,1,0,7.31776749122,0
pde_nominal,3,6322,8,1,46,0,2,1,0,7.02312997216,0
pde_nominal,1,5576,0,0,46,0,40,1,0,7.06605930125,0
pde_nominal,3,6321,2,0,74,0,72,1,0,6.33983941932,0
pde_nominal,8,6641,7,0,21,0,21,1,0,4.11577538782,0
pde_nominal,8,6925,7,0,0,0,0,0,0,4.98234448106,0
pde_nominal,0,4846,6,0,76,0,76,1,0,11.0150817349,0
pde_nominal,3,6320,5,0,127,0,127,1,0,6.07128218283,0
pde_nominal,9,6672,6,0,35,0,35,1,0,6.58507328475,0
pde_nominal,2,5578,0,0,100,0,100,1,0,5.80513319754,0
pde_nominal,6,5737,4,0,48,0,48,1,0,5.08847884043,0
pde_nominal,9,6277,15,1,58,0,58,1,0,8.07122283579,0
pde_nominal,8,6632,10,1,101,0,101,1,0,7.31437069206,0
pde_nominal,6,5734,1,0,89,0,89,1,0,8.49936136654,0
pde_nominal,5,6550,13,1,47,0,47,1,0,6.07974384725,0
pde_nominal,6,5727,7,0,5,0,2,1,0,3.57627776923,0
pde_nominal,4,6822,2,0,29,8,17,1,1,6.66220302308,0
pde_nominal,3,6307,6,0,40,0,40,1,0,5.18096437664,0
pde_nominal,3,6305,7,0,36,0,36,1,0,3.52839598796,0
pde_nominal,3,6304,4,0,52,0,51,1,0,4.1507874956,0
pde_nominal,9,6268,10,1,71,0,49,1,0,4.81900237388,0
pde_nominal,4,6819,5,0,21,0,17,1,0,3.21912273167,0
pde_nominal,8,6617,10,1,107,0,72,1,0,10.5737562097,0
pde_nominal,9,6260,13,1,15,0,15,1,0,5.08786984669,0
pde_nominal,0,4825,11,1,51,0,17,1,0,9.11001623324,0
pde_nominal,1,5548,10,1,26,0,4,1,0,5.51123251717,0
pde_nominal,9,6255,0,0,13,0,4,1,0,6.41575405495,0
pde_nominal,5,6529,1,0,35,0,14,1,0,4.65434235054,0
pde_nominal,0,4823,10,1,45,0,25,1,0,4.12623994424,0
pde_nominal,1,6933,1,0,13,10,23,1,1,8.91194115658,0
pde_nominal,6,5712,11,1,11,0,11,1,0,3.81376164733,0
pde_nominal,9,6249,7,0,32,0,18,1,0,4.8107441575,0
pde_nominal,1,5544,13,1,80,0,67,1,0,4.82396486192,0
pde_nominal,7,6328,12,1,57,0,57,1,0,4.75621854626,0
pde_nominal,6,5708,2,0,42,0,7,1,0,6.9153105474,0
pde_nominal,1,5539,3,0,25,0,16,1,0,5.32913152786,0
pde_nominal,1,6934,3,0,0,0,0,0,0,8.3795821448,0
pde_nominal,1,5537,2,0,13,0,10,1,0,5.94857355315,0
pde_nominal,4,6799,13,1,21,0,19,1,0,6.19531493906,0
pde_nominal,0,4813,6,0,62,0,35,1,0,5.02980908737,0
pde_nominal,8,6594,5,0,12,0,12,1,0,4.07184258431,0
pde_nominal,5,6512,14,1,22,0,22,1,0,8.50175495659,0
pde_nominal,2,5535,15,1,9,0,9,1,0,4.77308812088,0
pde_nominal,1,5530,6,0,51,0,51,1,0,4.46441897608,0
pde_nominal,9,6236,4,0,15,0,15,1,0,2.95171503709,0
pde_nominal,8,6591,10,1,6,0,0,1,0,3.12905079998,0
pde_nominal,2,5532,1,0,4,0,0,1,0,3.7524585446,0
pde_nominal,9,6235,1,0,13,0,1,1,0,6.14719434111,0
pde_nominal,6,5694,5,0,46,0,7,1,0,6.56064715118,0
pde_nominal,0,4808,1,0,27,12,7,1,1,7.15541046324,0
pde_nominal,6,5691,7,0,41,0,0,1,0,5.47592846672,0
pde_nominal,3,6267,1,0,4,0,4,1,0,4.92179275213,0
pde_nominal,6,5685,6,0,17,0,2,1,0,3.50145426981,0
pde_nominal,4,6774,15,1,47,0,37,1,0,6.48140566132,0
pde_nominal,3,6261,14,1,30,0,21,1,0,8.72871144856,0
pde_nominal,2,5522,10,1,42,0,6,1,0,10.4816879083,0
pde_nominal,8,6579,15,1,17,12,29,1,1,5.76850132768,0
pde_nominal,2,5519,8,1,44,0,7,1,0,8.45243667577,0
pde_nominal,0,4798,15,1,29,0,14,1,0,5.34843029223,0
pde_nominal,1,5516,1,0,61,0,47,1,0,3.8325468812,0
pde_nominal,7,6306,9,1,10,0,10,1,0,6.07594644341,0
pde_nominal,9,6224,9,1,13,0,1,1,0,5.48926575135,0
pde_nominal,8,6567,11,1,56,0,14,1,0,7.97213008277,0
pde_nominal,9,6222,1,0,116,0,100,1,0,6.89632599211,0
pde_nominal,7,6296,12,1,72,0,72,1,0,4.84514749907,0
pde_nominal,7,6292,4,0,54,0,54,1,0,5.22361730863,0
pde_nominal,9,6218,5,0,25,0,25,1,0,7.10675899854,0
pde_nominal,9,6217,8,1,1,0,1,1,0,2.92737189503,0
pde_nominal,6,5657,8,1,34,0,34,1,0,6.22836177379,0
pde_nominal,9,6216,7,0,31,0,31,1,0,8.78054419866,0
pde_nominal,9,6214,14,1,18,0,18,1,0,3.73227164909,0
pde_nominal,9,6213,5,0,50,0,50,1,0,3.70508467091,0
pde_nominal,0,4779,14,1,29,0,29,1,0,7.05593099835,0
pde_nominal,4,6751,9,1,58,0,58,1,0,7.55839979858,0
pde_nominal,7,6289,4,0,78,0,78,1,0,5.08918547213,0
pde_nominal,7,6286,15,1,21,0,21,1,0,4.15044606839,0
pde_nominal,5,6488,15,1,55,0,53,1,0,5.66521769436,0
pde_nominal,0,4774,1,0,35,0,35,1,0,3.88047874875,0
pde_nominal,2,5496,12,1,81,17,98,1,1,8.683479335,0
pde_nominal,0,4772,12,1,13,0,13,1,0,4.12607021886,0
pde_nominal,8,6550,9,1,16,0,16,1,0,3.26947356204,0
pde_nominal,4,6746,0,0,74,0,74,1,0,5.90620711089,0
pde_nominal,1,6936,7,0,5,0,5,1,0,7.60726359988,0
pde_nominal,6,5643,3,0,60,0,60,1,0,4.18029652264,0
pde_nominal,9,6192,4,0,35,0,30,1,0,4.99206103734,0
pde_nominal,9,6189,14,1,20,0,19,1,0,3.15522863844,0
pde_nominal,2,5485,4,0,15,0,14,1,0,7.11375905605,0
pde_nominal,9,6186,11,1,9,0,9,1,0,10.5119315551,0
pde_nominal,9,6184,1,0,63,0,39,1,0,5.11107020202,0
pde_nominal,0,4760,7,0,25,0,25,1,0,4.67954371657,0
pde_nominal,6,5637,14,1,7,0,7,1,0,3.70144933034,0
pde_nominal,8,6536,0,0,51,0,51,1,0,5.8546268775,0
pde_nominal,2,5480,1,0,80,0,70,1,0,6.13241920773,0
pde_nominal,8,6535,2,0,28,0,10,1,0,3.59414304979,0
pde_nominal,0,4756,6,0,3,0,3,1,0,3.16309185853,0
pde_nominal,5,6474,12,1,32,0,26,1,0,4.60884738503,0
pde_nominal,0,4754,8,1,21,0,19,1,0,6.34601058468,0
pde_nominal,2,5477,5,0,24,0,22,1,0,3.89635437455,0
pde_nominal,5,6472,6,0,0,0,0,1,0,5.23871361236,0
pde_nominal,2,5473,5,0,20,0,11,1,0,4.90405452917,0
pde_nominal,6,5628,1,0,20,0,14,1,0,4.14200159991,0
pde_nominal,5,6469,11,1,27,0,24,1,0,4.01357935063,0
pde_nominal,8,6530,6,0,89,0,25,1,0,7.33090028368,0
pde_nominal,8,6529,2,0,47,0,33,1,0,4.86052996771,0
pde_nominal,7,6262,9,1,50,0,50,1,0,7.9466574082,0
pde_nominal,4,6724,4,0,105,0,42,1,0,7.63447395424,0
pde_nominal,0,4743,9,1,21,0,21,1,0,5.30183717138,0
pde_nominal,5,6460,15,1,29,0,29,1,0,9.52831699137,0
pde_nominal,7,6259,15,1,100,0,100,1,0,11.7111970278,0
pde_nominal,8,6520,9,1,78,0,78,1,0,6.95388156132,0
pde_nominal,2,5461,13,1,15,0,15,1,0,7.6816756765,0
pde_nominal,2,6533,13,1,0,0,0,0,0,10.4477758932,0
pde_nominal,9,6175,7,0,111,0,100,1,0,9.37672282061,0
pde_nominal,5,6456,15,1,24,0,5,1,0,6.48128148801,0
pde_nominal,5,6455,3,0,8,0,0,1,0,4.66754652475,0
pde_nominal,1,5470,2,0,24,0,0,1,0,3.78422493379,0
pde_nominal,7,6255,11,1,40,0,40,1,0,3.46339303603,0
pde_nominal,4,6712,13,1,77,0,55,1,0,6.27463261282,0
pde_nominal,9,6169,10,1,12,0,5,1,0,4.41579768661,0
pde_nominal,9,6168,4,0,15,0,15,1,0,6.68254662105,0
pde_nominal,8,6514,8,1,25,0,7,1,0,4.91870108689,0
pde_nominal,2,5454,10,1,33,0,33,1,0,4.04040702208,0
pde_nominal,2,5453,5,0,27,0,27,1,0,3.05984713951,0
pde_nominal,5,6450,14,1,60,0,60,1,0,6.58729856126,0
pde_nominal,2,5451,9,1,36,0,36,1,0,3.23938765542,0
pde_nominal,5,6447,1,0,23,0,23,1,0,4.36674245915,0
pde_nominal,7,6250,9,1,8,0,8,1,0,4.20412490894,0
pde_nominal,4,6708,15,1,16,0,0,1,0,8.16954725756,0
pde_nominal,1,5456,13,1,1,0,0,1,0,4.23628098633,0
pde_nominal,6,5615,0,0,45,13,11,1,1,8.38515380621,0
pde_nominal,8,6506,5,0,34,0,26,1,0,5.39460027931,0
pde_nominal,2,5445,9,1,1,0,0,1,0,8.1062180358,0
pde_nominal,8,6505,12,1,42,0,33,1,0,5.52514076255,0
pde_nominal,9,6163,6,0,38,0,33,1,0,6.78347744701,0
pde_nominal,2,5443,11,1,23,0,23,1,0,3.39612135636,0
pde_nominal,0,4723,9,1,33,0,33,1,0,2.98568924259,0
pde_nominal,0,4722,10,1,43,0,43,1,0,3.42107580336,0
pde_nominal,8,6499,13,1,65,0,65,1,0,5.25259649962,0
pde_nominal,7,6242,1,0,180,0,180,1,0,9.23457285661,0
pde_nominal,9,6154,11,1,21,0,21,1,0,8.62377722882,0
pde_nominal,6,5609,15,1,6,0,6,1,0,9.97456688093,0
pde_nominal,4,6696,2,0,91,0,91,1,0,6.52413128135,0
pde_nominal,8,6488,1,0,16,0,4,1,0,6.52481920685,0
pde_nominal,2,5421,1,0,60,0,60,1,0,5.06795761538,0
pde_nominal,4,6684,14,1,28,0,28,1,0,4.24091302468,0
pde_nominal,5,6429,1,0,137,0,137,1,0,10.9475638763,0
pde_nominal,4,6681,6,0,47,0,47,1,0,6.49997178085,0
pde_nominal,1,5427,11,1,51,0,51,1,0,6.90690459637,0
pde_nominal,5,6424,11,1,16,0,16,1,0,5.58651808466,0
pde_nominal,4,6679,8,1,174,0,174,1,0,8.85196622372,0
pde_nominal,3,6170,0,0,70,0,70,1,0,5.62640523132,0
pde_nominal,1,5421,2,0,8,0,8,1,0,9.09699379192,0
pde_nominal,6,5597,2,0,60,0,52,1,0,8.45792945067,0
pde_nominal,9,6133,8,1,42,0,0,1,0,4.90357275763,0
pde_nominal,4,6674,6,0,110,0,49,1,0,5.8712935839,0
pde_nominal,7,6224,2,0,74,0,74,1,0,7.16453438926,0
pde_nominal,9,6130,0,0,52,0,52,1,0,4.1464498372,0
pde_nominal,8,6469,14,1,177,0,171,1,0,9.03513113171,0
pde_nominal,6,5590,10,1,47,0,47,1,0,3.14094542792,0
pde_nominal,2,5411,2,0,292,0,292,1,0,13.457154903,0
pde_nominal,7,6218,8,1,41,0,41,1,0,3.74823912066,0
pde_nominal,1,5405,9,1,32,0,24,1,0,3.33956251705,0
pde_nominal,3,6151,14,1,27,0,19,1,0,3.52397449167,0
pde_nominal,0,4702,0,0,20,0,20,1,0,10.9313169992,0
pde_nominal,7,6214,10,1,120,0,120,1,0,6.58351630952,0
pde_nominal,2,5403,11,1,4,0,4,1,0,6.14199919719,0
pde_nominal,4,6666,0,0,2,0,0,1,0,4.41612176112,0
pde_nominal,8,6464,2,0,67,0,36,1,0,7.79519791158,0
pde_nominal,9,6123,4,0,56,0,28,1,0,9.73710601125,0
pde_nominal,4,6663,11,1,24,12,6,1,1,6.11491728943,0
pde_nominal,3,6142,9,1,10,0,9,1,0,7.95385634249,0
pde_nominal,4,6661,0,0,9,0,0,1,0,4.27763421039,0
pde_nominal,3,6139,13,1,14,0,8,1,0,5.55887731733,0
pde_nominal,9,6119,6,0,26,0,26,1,0,4.19832229409,0
pde_nominal,9,6118,0,0,49,0,37,1,0,3.83319138051,0
pde_nominal,8,6458,11,1,109,0,76,1,0,10.1020405769,0
pde_nominal,4,6655,7,0,22,0,3,1,0,3.7165345238,0
pde_nominal,0,4690,13,1,52,0,29,1,0,5.05579550693,0
pde_nominal,7,6203,5,0,77,0,77,1,0,4.14655862126,0
pde_nominal,2,5392,8,1,107,0,97,1,0,8.01453927801,0
pde_nominal,9,6114,11,1,70,0,70,1,0,7.02899989998,0
pde_nominal,1,5381,1,0,69,0,69,1,0,3.56899995369,0
pde_nominal,6,5569,11,1,20,0,20,1,0,4.11733709997,0
pde_nominal,5,6373,5,0,85,0,85,1,0,5.99603005667,0
pde_nominal,3,6131,3,0,49,0,49,1,0,8.34705823293,0
pde_nominal,1,5379,4,0,54,0,54,1,0,7.01467920536,0
pde_nominal,1,5378,12,1,34,0,34,1,0,5.02827663871,0
pde_nominal,3,6130,9,1,90,0,90,1,0,4.7558233792,0
pde_nominal,3,6129,9,1,8,0,8,1,0,3.29615715978,0
pde_nominal,6,5567,4,0,81,0,81,1,0,8.28788672376,0
pde_nominal,0,4679,1,0,34,0,24,1,0,5.36276363836,0
pde_nominal,6,5565,0,0,25,0,14,1,0,6.96335715773,0
pde_nominal,0,4676,12,1,21,0,1,1,0,9.59394967608,0
pde_nominal,5,6368,12,1,34,15,1,1,1,8.56492151807,0
pde_nominal,3,6125,6,0,29,0,13,1,0,6.64957635792,0
pde_nominal,2,5379,6,0,47,0,18,1,0,5.82841372573,0
pde_nominal,4,6641,6,0,62,0,59,1,0,4.66733450079,0
pde_nominal,6,5556,2,0,5,0,5,1,0,4.01153154982,0
pde_nominal,1,5366,11,1,4,0,3,1,0,6.14239189267,0
pde_nominal,2,5375,11,1,2,0,2,1,0,3.31346338848,0
pde_nominal,5,6364,12,1,18,0,10,1,0,5.99220714107,0
pde_nominal,5,6359,2,0,24,0,5,1,0,6.37068046409,0
pde_nominal,2,5372,13,1,73,0,54,1,0,9.05104868723,0
pde_nominal,1,5362,0,0,36,11,39,1,1,5.0313019565,0
pde_nominal,0,4667,2,0,13,0,13,1,0,3.26665143443,0
pde_nominal,7,6177,13,1,59,0,59,1,0,4.0773701618,0
pde_nominal,8,6426,4,0,24,0,24,1,0,6.01663164441,0
pde_nominal,6,5550,9,1,30,0,21,1,0,7.58202729772,0
pde_nominal,4,6635,7,0,7,0,7,1,0,4.45073918927,0
pde_nominal,8,6422,2,0,17,0,17,1,0,3.57143807909,0
pde_nominal,0,4662,4,0,94,0,90,1,0,6.74100545482,0
pde_nominal,2,5363,9,1,86,0,83,1,0,5.67041089445,0
pde_nominal,0,4657,5,0,22,0,15,1,0,4.38029364505,0
pde_nominal,1,5343,9,1,34,0,27,1,0,5.9145062117,0
pde_nominal,9,6098,13,1,45,0,33,1,0,5.06866603357,0
pde_nominal,2,5360,11,1,58,0,39,1,0,12.5021997565,0
pde_nominal,5,6343,10,1,93,0,91,1,0,4.29202604433,0
pde_nominal,5,6341,9,1,8,0,8,1,0,6.8471815818,0
pde_nominal,0,4642,6,0,21,0,21,1,0,3.33297566105,0
pde_nominal,8,6411,13,1,84,0,84,1,0,6.39313318889,0
pde_nominal,0,4639,7,0,9,0,1,1,0,3.5765704237,0
pde_nominal,1,5330,9,1,3,0,3,1,0,4.43797580085,0
pde_nominal,0,4633,2,0,69,0,69,1,0,5.73278592304,0
pde_nominal,0,6048,2,0,0,0,0,0,0,7.42075558439,0
pde_nominal,8,6404,1,0,73,0,73,1,0,6.3191907521,0
pde_nominal,0,4631,15,1,13,0,13,1,0,3.70071466023,0
pde_nominal,3,6093,1,0,0,0,0,1,0,5.24427365061,0
pde_nominal,1,5318,8,1,8,0,0,1,0,4.53970519105,0
pde_nominal,1,5317,6,0,8,0,0,1,0,3.26096124592,0
pde_nominal,7,6141,0,0,12,0,12,1,0,3.99790193508,0
pde_nominal,3,6085,0,0,37,0,37,1,0,3.68404525195,0
pde_nominal,3,6787,0,0,0,0,0,0,0,4.1562741382,0
pde_nominal,7,6138,0,0,31,0,31,1,0,3.53601979933,0
pde_nominal,5,6328,12,1,69,0,69,1,0,6.54081462684,0
pde_nominal,3,6081,4,0,19,0,19,1,0,7.38758203369,0
pde_nominal,4,6603,13,1,96,0,96,1,0,6.26190430795,0
pde_nominal,4,6600,13,1,25,0,19,1,0,3.537086911,0
pde_nominal,2,5337,2,0,58,26,76,1,1,7.00926408952,0
pde_nominal,3,6080,0,0,84,0,72,1,0,4.76094186864,0
pde_nominal,2,5334,3,0,32,0,22,1,0,3.74175041333,0
pde_nominal,0,4616,10,1,47,0,32,1,0,4.55356354471,0
pde_nominal,4,6588,14,1,15,0,15,1,0,5.26153326986,0
pde_nominal,3,6074,2,0,19,0,19,1,0,5.91500859652,0
pde_nominal,1,5298,3,0,68,0,55,1,0,6.22356051574,0
pde_nominal,0,4613,10,1,16,0,2,1,0,3.23004750065,0
pde_nominal,6,5500,8,1,25,0,15,1,0,4.081031801,0
pde_nominal,8,6385,10,1,54,0,41,1,0,4.56719484842,0
pde_nominal,9,6062,4,0,8,9,2,1,1,6.96226286105,0
pde_nominal,2,5324,5,0,56,0,34,1,0,8.08880561888,0
pde_nominal,0,4603,0,0,33,0,25,1,0,4.83054892829,0
pde_nominal,1,5293,3,0,49,0,28,1,0,5.66339813483,0
pde_nominal,7,6117,15,1,61,0,61,1,0,4.60733970542,0
pde_nominal,2,5318,8,1,63,0,41,1,0,9.04158177145,0
pde_nominal,4,6992,9,1,54,0,28,1,0,6.79855899875,0
pde_nominal,3,6060,3,0,30,0,30,1,0,2.88942287514,0
pde_nominal,7,6114,2,0,43,0,43,1,0,5.83496824072,0
pde_nominal,3,6058,10,1,19,0,18,1,0,8.43089070822,0
pde_nominal,6,5491,13,1,58,0,48,1,0,4.00591416633,0
pde_nominal,0,4597,12,1,10,0,10,1,0,3.51451369171,0
pde_nominal,3,6056,14,1,37,0,37,1,0,5.2404584359,0
pde_nominal,7,6111,4,0,93,0,93,1,0,7.42248340665,0
pde_nominal,1,5280,11,1,54,0,54,1,0,4.42319697359,0
pde_nominal,1,5279,4,0,20,0,20,1,0,16.4212739885,0
pde_nominal,3,6047,13,1,17,0,0,1,0,4.22710035748,0
pde_nominal,4,6563,0,0,81,0,47,1,0,5.71631791653,0
pde_nominal,9,6042,12,1,36,0,2,1,0,7.23650316578,0
pde_nominal,8,6363,11,1,50,0,13,1,0,4.29369456318,0
pde_nominal,2,5302,3,0,52,0,10,1,0,9.7618501069,0
pde_nominal,5,6288,13,1,51,0,8,1,0,8.10449050381,0
pde_nominal,1,5270,1,0,4,0,3,1,0,5.13132406621,0
pde_nominal,8,6359,3,0,27,0,20,1,0,3.35525303704,0
pde_nominal,6,5473,11,1,100,0,70,1,0,6.32740097494,0
pde_nominal,8,6356,3,0,25,0,25,1,0,3.75243429517,0
pde_nominal,0,4583,6,0,66,0,58,1,0,5.07422340711,0
pde_nominal,4,6550,15,1,58,0,57,1,0,5.50593223321,0
pde_nominal,8,6352,12,1,41,0,40,1,0,10.1205386942,0
pde_nominal,5,6280,14,1,15,0,15,1,0,5.80198904258,0
pde_nominal,2,5296,12,1,128,0,126,1,0,6.74042455053,0
pde_nominal,8,6351,7,0,25,0,25,1,0,3.99067087926,0
pde_nominal,3,6038,1,0,70,0,70,1,0,4.79535868114,0
pde_nominal,9,6675,15,1,0,0,0,0,0,8.1282882957,0
pde_nominal,0,4576,7,0,33,0,29,1,0,4.713865127,0
pde_nominal,9,6032,3,0,9,0,8,1,0,5.66566242248,0
pde_nominal,3,6033,9,1,143,28,146,1,1,9.09457658931,0
pde_nominal,8,6342,8,1,35,0,31,1,0,3.46686569562,0
pde_nominal,1,5259,5,0,32,0,1,1,0,5.46288109607,0
pde_nominal,4,6536,4,0,18,0,0,1,0,7.18176437368,0
pde_nominal,3,6029,7,0,9,0,0,1,0,3.82143715588,0
pde_nominal,4,6533,2,0,8,10,2,1,1,7.52654791816,0
pde_nominal,6,5458,12,1,20,0,3,1,0,7.49956497862,0
pde_nominal,4,6531,0,0,91,0,88,1,0,7.60616753183,0
pde_nominal,1,5255,7,0,47,0,47,1,0,5.38153688361,0
pde_nominal,5,6266,9,1,64,0,64,1,0,4.84848799053,0
pde_nominal,9,6020,12,1,76,0,76,1,0,5.21556865593,0
pde_nominal,3,6017,5,0,28,0,28,1,0,4.52159527164,0
pde_nominal,4,6529,9,1,90,0,90,1,0,5.82146511561,0
pde_nominal,7,6080,4,0,76,0,76,1,0,6.52685378768,0
pde_nominal,9,6012,6,0,0,0,0,1,0,3.51571434354,0
pde_nominal,0,4560,6,0,54,0,54,1,0,8.32765766107,0
pde_nominal,5,6262,5,0,225,0,225,1,0,12.7613632004,0
pde_nominal,9,6010,5,0,69,0,69,1,0,5.55303222211,0
pde_nominal,0,6051,0,0,20,0,20,1,0,7.09298553903,0
pde_nominal,3,6007,7,0,35,0,35,1,0,3.2176300979,0
pde_nominal,3,6006,13,1,24,0,12,1,0,6.89888436784,0
pde_nominal,2,5274,10,1,47,0,30,1,0,11.7910970131,0
pde_nominal,4,6513,15,1,19,0,7,1,0,6.0410969855,0
pde_nominal,8,6319,6,0,45,0,12,1,0,5.16894398012,0
pde_nominal,8,6318,4,0,14,0,6,1,0,8.04264135479,0
pde_nominal,3,6002,6,0,19,0,9,1,0,3.10465083761,0
pde_nominal,2,5271,10,1,13,0,13,1,0,3.26492235216,0
pde_nominal,2,5270,8,1,24,0,24,1,0,3.44367403678,0
pde_nominal,6,5437,10,1,25,0,25,1,0,5.09863929079,0
pde_nominal,3,6001,4,0,58,0,58,1,0,5.17537630106,0
pde_nominal,7,6071,14,1,50,0,50,1,0,5.32179847129,0
pde_nominal,1,5233,4,0,60,0,60,1,0,5.29532500578,0
pde_nominal,2,5268,2,0,24,0,24,1,0,5.65561757661,0
pde_nominal,9,6003,10,1,149,0,149,1,0,10.6846293881,0
pde_nominal,2,5265,0,0,152,0,150,1,0,9.64322216295,0
pde_nominal,8,6300,15,1,12,0,12,1,0,4.64570737131,0
pde_nominal,5,6244,1,0,26,0,26,1,0,4.25591983173,0
pde_nominal,7,6063,8,1,24,0,24,1,0,4.60253603932,0
pde_nominal,5,6241,12,1,11,0,0,1,0,3.86277571361,0
pde_nominal,8,6297,6,0,45,0,21,1,0,5.15952703268,0
pde_nominal,5,6237,6,0,13,0,13,1,0,8.25246999821,0
pde_nominal,8,6293,11,1,16,0,16,1,0,3.21119004717,0
pde_nominal,4,6491,1,0,61,0,31,1,0,4.76004419753,0
pde_nominal,5,6232,14,1,61,21,69,1,1,12.0499353799,0
pde_nominal,2,5258,10,1,78,0,60,1,0,7.74686851908,0
pde_nominal,3,5989,4,0,31,0,31,1,0,4.30355391647,0
pde_nominal,5,6230,2,0,9,0,9,1,0,5.50354955216,0
pde_nominal,5,6229,0,0,2,0,2,1,0,13.0093327678,0
pde_nominal,0,4538,4,0,53,0,53,1,0,3.62929103643,0
pde_nominal,3,5986,1,0,6,0,0,1,0,9.68273559895,0
pde_nominal,6,5419,6,0,3,0,0,1,0,3.05371608056,0
pde_nominal,5,6227,6,0,8,0,8,1,0,3.18817551126,0
pde_nominal,9,5983,15,1,17,0,17,1,0,10.9841378836,0
pde_nominal,7,6051,12,1,22,0,22,1,0,3.57362721063,0
pde_nominal,1,5214,3,0,53,0,21,1,0,10.205730641,0
pde_nominal,9,5978,8,1,17,0,0,1,0,10.1761826542,0
pde_nominal,4,6488,6,0,27,0,5,1,0,5.6907078724,0
pde_nominal,3,5981,15,1,64,20,35,1,1,7.4821259071,0
pde_nominal,6,5412,15,1,57,0,31,1,0,5.75920756674,0
pde_nominal,8,6289,6,0,75,0,49,1,0,5.6056095766,0
pde_nominal,3,5971,9,1,22,0,22,1,0,3.87101010316,0
pde_nominal,1,5202,5,0,40,0,40,1,0,3.59202750268,0
pde_nominal,2,5242,3,0,37,0,21,1,0,6.99597775989,0
pde_nominal,3,5970,6,0,104,0,80,1,0,10.8092389921,0
pde_nominal,8,6285,11,1,63,24,66,1,1,5.30646419909,0
pde_nominal,4,6474,11,1,23,0,23,1,0,3.69215334218,0
pde_nominal,1,5198,15,1,37,30,66,1,1,8.80934829375,0
pde_nominal,0,4521,15,1,3,0,0,1,0,4.03015655495,0
pde_nominal,8,6280,5,0,27,0,1,1,0,5.0699979025,0
pde_nominal,2,5237,3,0,27,0,0,1,0,5.45046305741,0
pde_nominal,5,6214,3,0,14,0,0,1,0,3.16069217006,0
pde_nominal,8,6274,2,0,15,0,5,1,0,3.09934132856,0
pde_nominal,8,6273,6,0,24,0,24,1,0,5.12236080443,0
pde_nominal,6,5400,3,0,46,0,6,1,0,13.886443328,0
pde_nominal,4,6469,0,0,24,0,2,1,0,3.32339544502,0
pde_nominal,8,6269,5,0,47,0,23,1,0,3.74201528348,0
pde_nominal,4,6466,2,0,17,0,15,1,0,4.11362220511,0
pde_nominal,3,5959,11,1,62,0,28,1,0,8.12553339449,0
pde_nominal,4,6465,3,0,26,0,19,1,0,3.30507954801,0
pde_nominal,6,5396,7,0,30,0,23,1,0,6.38322987396,0
pde_nominal,4,6463,9,1,52,0,39,1,0,7.30053769068,0
pde_nominal,0,4508,13,1,17,0,17,1,0,3.49360066166,0
pde_nominal,6,5392,4,0,28,0,28,1,0,5.34239139626,0
pde_nominal,0,4506,9,1,61,0,61,1,0,4.69280937715,0
pde_nominal,1,5178,9,1,35,0,17,1,0,6.31684724812,0
pde_nominal,6,5390,15,1,41,0,11,1,0,7.29749994019,0
pde_nominal,3,5949,11,1,27,0,4,1,0,5.08485142707,0
pde_nominal,8,6260,11,1,22,0,0,1,0,4.32658775483,0
pde_nominal,1,5175,2,0,23,0,6,1,0,6.25282879332,0
pde_nominal,8,6259,6,0,8,0,0,1,0,6.60200891172,0
pde_nominal,9,5945,0,0,24,0,0,1,0,6.87488926267,0
pde_nominal,8,6257,10,1,13,0,1,1,0,5.26013034365,0
pde_nominal,1,5173,2,0,70,38,78,1,1,13.576825972,0
pde_nominal,1,5171,9,1,22,0,22,1,0,4.16232313663,0
pde_nominal,0,4504,14,1,246,0,226,1,0,13.6737113123,0
pde_nominal,2,5205,9,1,69,0,40,1,0,15.3459399729,0
pde_nominal,7,6015,3,0,25,0,25,1,0,3.97638128143,0
pde_nominal,5,6196,8,1,12,0,10,1,0,5.13314429765,0
pde_nominal,5,6946,8,1,0,0,0,0,0,6.00083479879,0
pde_nominal,9,5937,2,0,9,0,9,1,0,3.44112930449,0
pde_nominal,6,5378,0,0,100,0,71,1,0,9.68678078299,0
pde_nominal,1,5164,10,1,10,0,0,1,0,6.09838348489,0
pde_nominal,8,6242,0,0,33,9,14,1,1,6.84697125347,0
pde_nominal,6,5376,0,0,25,0,0,1,0,7.23883130307,0
pde_nominal,1,5162,0,0,47,0,2,1,0,7.66110693838,0
pde_nominal,3,5938,9,1,30,0,0,1,0,6.7182433137,0
pde_nominal,4,6444,2,0,34,0,11,1,0,4.43966250853,0
pde_nominal,8,6237,7,0,24,0,4,1,0,4.29506885558,0
pde_nominal,8,6236,0,0,17,0,0,1,0,3.45190512826,0
pde_nominal,6,5368,13,1,12,0,0,1,0,10.8392259907,0
pde_nominal,3,5930,5,0,17,0,17,1,0,3.47258120207,0
pde_nominal,0,4483,11,1,23,0,23,1,0,3.69172043676,0
pde_nominal,9,5921,6,0,68,0,68,1,0,4.26955722564,0
pde_nominal,4,6436,9,1,29,0,29,1,0,3.48251390111,0
pde_nominal,7,6001,1,0,75,0,75,1,0,6.95677662849,0
pde_nominal,8,6225,4,0,27,0,27,1,0,5.72237980784,0
pde_nominal,8,6219,13,1,28,0,21,1,0,5.1959282835,0
pde_nominal,8,6217,6,0,14,0,13,1,0,7.11151464193,0
pde_nominal,6,5353,5,0,47,0,38,1,0,8.29706312115,0
pde_nominal,1,5139,11,1,26,0,12,1,0,5.84151614639,0
pde_nominal,0,4465,4,0,47,0,40,1,0,3.33802942979,0
pde_nominal,0,4463,1,0,51,0,51,1,0,3.385012077,0
pde_nominal,3,5918,4,0,21,0,20,1,0,4.98319245995,0
pde_nominal,6,5350,7,0,46,0,44,1,0,6.73620514964,0
pde_nominal,8,6210,7,0,21,0,20,1,0,4.84455219728,0
pde_nominal,3,5910,10,1,49,0,49,1,0,3.6785638851,0
pde_nominal,9,5905,1,0,46,0,46,1,0,5.2363520458,0
pde_nominal,3,5908,10,1,45,0,33,1,0,4.88466158599,0
pde_nominal,3,5903,5,0,6,0,0,1,0,3.07046126884,0
pde_nominal,1,5121,9,1,54,0,5,1,0,4.97052584792,0
pde_nominal,3,5902,3,0,47,0,8,1,0,4.28261337762,0
pde_nominal,9,5902,9,1,39,0,31,1,0,4.18555156196,0
pde_nominal,6,5327,2,0,39,0,39,1,0,4.2787584046,0
pde_nominal,7,5976,6,0,92,0,92,1,0,5.79364438592,0
pde_nominal,9,5897,3,0,45,0,13,1,0,3.90492355619,0
pde_nominal,6,5325,6,0,3,0,0,1,0,5.05850033121,0
pde_nominal,8,6203,4,0,13,0,0,1,0,4.54113914152,0
pde_nominal,3,5897,4,0,47,0,0,1,0,5.11120730708,0
pde_nominal,1,5111,4,0,17,0,6,1,0,5.55909575057,0
pde_nominal,2,5159,4,0,71,0,53,1,0,4.47634249492,0
pde_nominal,0,4453,11,1,63,0,38,1,0,3.73084388148,0
pde_nominal,1,5109,7,0,30,0,30,1,0,5.32366221818,0
pde_nominal,0,4452,8,1,50,0,50,1,0,3.26253028093,0
pde_nominal,8,6198,8,1,36,15,21,1,1,6.7250018555,0
pde_nominal,6,5314,10,1,42,0,27,1,0,4.66513679091,0
pde_nominal,5,6150,3,0,63,0,30,1,0,6.88593824061,0
pde_nominal,1,5102,3,0,34,0,22,1,0,6.00606254632,0
pde_nominal,4,6396,6,0,8,0,8,1,0,4.84879676381,0
pde_nominal,6,5313,10,1,37,0,37,1,0,4.7407503718,0
pde_nominal,8,6191,5,0,27,0,27,1,0,9.81895138408,0
pde_nominal,2,5151,0,0,35,0,35,1,0,3.79133815975,0
pde_nominal,5,6147,10,1,50,0,50,1,0,5.68408992525,0
pde_nominal,2,5149,5,0,25,0,19,1,0,3.53492644982,0
pde_nominal,9,5888,2,0,25,0,12,1,0,9.46396696258,0
pde_nominal,6,5309,13,1,17,0,0,1,0,5.18587628502,0
pde_nominal,9,5887,7,0,43,0,1,1,0,9.55188038009,0
pde_nominal,1,5099,4,0,5,0,0,1,0,4.99409263424,0
pde_nominal,3,5881,3,0,72,0,0,1,0,6.90911261841,0
pde_nominal,4,6386,14,1,11,0,0,1,0,5.36630670101,0
pde_nominal,3,5873,3,0,72,0,72,1,0,7.21883930636,0
pde_nominal,4,6377,3,0,86,0,86,1,0,4.68700577887,0
pde_nominal,3,5866,13,1,54,0,54,1,0,5.56540444249,0
pde_nominal,2,5122,14,1,88,0,88,1,0,5.29589369029,0
pde_nominal,4,6373,11,1,17,0,17,1,0,4.57904641425,0
pde_nominal,3,5865,13,1,103,0,103,1,0,6.51376780442,0
pde_nominal,6,5297,13,1,37,0,24,1,0,5.7256547843,0
pde_nominal,5,6126,1,0,26,0,26,1,0,4.28798947965,0
pde_nominal,7,5943,11,1,18,0,18,1,0,5.60475541924,0
pde_nominal,2,5117,1,0,14,0,14,1,0,4.11610104844,0
pde_nominal,2,5114,6,0,34,0,34,1,0,4.56611143657,0
pde_nominal,6,5288,12,1,1,0,1,1,0,5.09036762993,0
pde_nominal,3,5853,1,0,29,0,29,1,0,4.03161469247,0
pde_nominal,3,5852,2,0,36,0,36,1,0,5.17363111749,0
pde_nominal,7,5940,3,0,93,0,93,1,0,6.50008193649,0
pde_nominal,1,5077,11,1,51,0,51,1,0,3.91982874574,0
pde_nominal,8,6155,5,0,7,0,6,1,0,10.1931483725,0
pde_nominal,9,5871,5,0,62,0,20,1,0,8.75051404297,0
pde_nominal,5,6114,9,1,57,0,3,1,0,3.53684393655,0
pde_nominal,8,6154,13,1,60,0,0,1,0,5.21104573892,0
pde_nominal,8,6934,13,1,0,0,0,0,0,6.83032784411,0
pde_nominal,4,6359,10,1,45,0,5,1,0,3.6871821435,0
pde_nominal,8,6150,5,0,0,0,0,1,0,5.46217550512,0
pde_nominal,9,5866,10,1,46,0,25,1,0,3.91090428112,0
pde_nominal,1,5066,7,0,74,0,60,1,0,6.64378588578,0
pde_nominal,6,5275,5,0,47,0,46,1,0,6.32806222252,0
pde_nominal,2,5091,13,1,76,0,63,1,0,6.10712830443,0
pde_nominal,0,4427,8,1,54,0,38,1,0,3.69235383246,0
pde_nominal,8,6139,4,0,25,0,14,1,0,5.4073502298,0
pde_nominal,3,5838,10,1,16,0,10,1,0,3.33667865799,0
pde_nominal,9,5860,11,1,28,0,16,1,0,3.73407022077,0
pde_nominal,7,5922,13,1,8,0,8,1,0,4.81358963284,0
pde_nominal,3,5830,6,0,33,0,31,1,0,5.90370198184,0
pde_nominal,5,6100,5,0,89,0,79,1,0,8.09823516556,0
pde_nominal,8,6131,12,1,30,0,25,1,0,6.7917943309,0
pde_nominal,4,6349,7,0,9,0,5,1,0,6.91977295189,0
pde_nominal,3,5827,12,1,41,0,10,1,0,9.34418820903,0
pde_nominal,4,6343,3,0,34,0,20,1,0,6.0569638338,0
pde_nominal,3,5825,14,1,40,0,40,1,0,7.58956779518,0
pde_nominal,0,4422,8,1,60,0,60,1,0,4.10349430824,0
pde_nominal,1,5048,6,0,25,0,25,1,0,3.7412879967,0
pde_nominal,1,6941,6,0,0,0,0,0,0,8.18506081874,0
pde_nominal,7,5911,10,1,146,0,146,1,0,7.11145543245,0
pde_nominal,5,6091,4,0,13,0,0,1,0,7.00174877712,0
pde_nominal,5,6087,6,0,10,0,7,1,0,4.21772050673,0
pde_nominal,3,5821,10,1,27,0,16,1,0,6.37399281961,0
pde_nominal,4,6336,3,0,98,0,76,1,0,8.02529245177,0
pde_nominal,6,5254,7,0,80,0,71,1,0,7.95634792204,0
pde_nominal,5,6081,15,1,38,0,29,1,0,6.13963801279,0
pde_nominal,1,5039,13,1,28,0,23,1,0,5.80115776965,0
pde_nominal,3,5813,1,0,35,0,21,1,0,4.49242237374,0
pde_nominal,2,5070,4,0,21,0,11,1,0,7.64174251398,0
pde_nominal,5,6074,6,0,27,0,19,1,0,5.49574219179,0
pde_nominal,6,5236,9,1,63,0,50,1,0,4.97840418398,0
pde_nominal,0,4418,0,0,60,0,37,1,0,4.09993295068,0
pde_nominal,4,6322,8,1,46,0,24,1,0,4.84953371398,0
pde_nominal,2,5063,0,0,38,0,24,1,0,4.09638260853,0
pde_nominal,4,6321,6,0,56,0,53,1,0,5.73293781472,0
pde_nominal,9,5832,1,0,59,0,53,1,0,4.55112575942,0
pde_nominal,6,5231,4,0,56,0,53,1,0,7.83291608703,0
pde_nominal,3,5804,5,0,58,0,48,1,0,7.36324778233,0
pde_nominal,9,5831,5,0,108,0,95,1,0,10.279871555,0
pde_nominal,4,6319,7,0,59,0,55,1,0,13.4769391729,0
pde_nominal,0,4411,6,0,172,0,151,1,0,7.67288869486,0
pde_nominal,5,6068,6,0,44,0,30,1,0,5.3008933785,0
pde_nominal,4,6317,0,0,41,0,18,1,0,4.55281676207,0
pde_nominal,7,5885,3,0,36,0,36,1,0,3.53318938507,0
pde_nominal,1,5022,6,0,32,0,32,1,0,3.80512156976,0
pde_nominal,2,5052,7,0,47,0,47,1,0,4.93364236454,0
pde_nominal,9,5825,14,1,96,0,96,1,0,6.47836243236,0
pde_nominal,5,6062,11,1,111,0,111,1,0,8.73586799781,0
pde_nominal,8,6103,8,1,15,0,15,1,0,6.54065415616,0
pde_nominal,3,5790,14,1,14,0,0,1,0,8.99475733071,0
pde_nominal,9,5822,3,0,70,0,57,1,0,4.7161072298,0
pde_nominal,0,4402,8,1,60,0,41,1,0,3.96341650102,0
pde_nominal,9,5819,6,0,10,0,0,1,0,4.34687775702,0
pde_nominal,5,6046,13,1,60,0,51,1,0,7.04140565263,0
pde_nominal,9,5815,15,1,127,0,116,1,0,10.0241635973,0
pde_nominal,5,6043,2,0,61,0,43,1,0,6.08471297788,0
pde_nominal,1,5006,3,0,169,0,140,1,0,7.35193124602,0
pde_nominal,2,5039,7,0,14,0,11,1,0,5.20908348385,0
pde_nominal,9,5811,13,1,40,0,36,1,0,3.25116045565,0
pde_nominal,8,6084,9,1,17,0,17,1,0,8.23360945211,0
pde_nominal,5,6950,9,1,80,0,64,1,0,12.623280968,0
pde_nominal,5,6040,12,1,116,0,116,1,0,5.4555822969,0
pde_nominal,8,6080,0,0,22,0,22,1,0,5.45231689106,0
pde_nominal,2,5027,15,1,36,0,27,1,0,8.3794387727,0
pde_nominal,4,6283,1,0,49,0,38,1,0,5.95283224991,0
pde_nominal,7,5854,15,1,39,0,39,1,0,6.005129747,0
pde_nominal,3,5772,7,0,47,0,47,1,0,12.7346460594,0
pde_nominal,7,5853,14,1,48,0,48,1,0,6.57510384179,0
pde_nominal,2,5025,5,0,40,0,29,1,0,3.40137664231,0
pde_nominal,1,4987,7,0,3,0,0,1,0,3.76717686779,0
pde_nominal,2,5014,10,1,36,0,36,1,0,3.96514184142,0
pde_nominal,7,5845,8,1,47,0,47,1,0,3.14044308897,0
pde_nominal,8,6070,1,0,37,0,29,1,0,7.94796259186,0
pde_nominal,2,5013,4,0,131,0,118,1,0,10.3136774441,0
pde_nominal,1,4978,0,0,80,0,76,1,0,5.12973099227,0
pde_nominal,1,6944,0,0,0,0,0,0,0,5.86931370467,0
pde_nominal,2,5012,7,0,39,0,39,1,0,9.83093533648,0
pde_nominal,8,6065,10,1,15,0,15,1,0,5.98595003605,0
pde_nominal,8,6064,13,1,25,18,41,1,1,10.0563343296,0
pde_nominal,4,6265,14,1,30,0,30,1,0,4.15754472971,0
pde_nominal,7,5838,2,0,90,0,90,1,0,8.51274970432,0
pde_nominal,0,7653,10,1,12,0,12,1,0,5.21349153809,0
pde_nominal,9,5782,11,1,12,0,12,1,0,4.65247116734,0
pde_nominal,7,5834,0,0,80,0,80,1,0,5.05450618079,0
pde_nominal,3,5757,10,1,206,0,196,1,0,11.8940774397,0
pde_nominal,7,5833,10,1,41,0,41,1,0,4.46742718983,0
pde_nominal,5,6020,0,0,61,0,61,1,0,7.14209019052,0
pde_nominal,5,6951,0,0,0,0,0,0,0,9.14443106166,0
pde_nominal,1,6945,4,0,61,0,61,1,0,10.5199729623,0
pde_nominal,8,6053,1,0,38,26,64,1,1,9.80313903938,0
pde_nominal,6,5178,12,1,61,0,61,1,0,10.5655754367,0
pde_nominal,5,6018,3,0,46,0,46,1,0,7.22258493452,0
pde_nominal,3,5747,13,1,61,0,61,1,0,9.36889383011,0
pde_nominal,5,6016,5,0,156,0,156,1,0,10.2753849055,0
pde_nominal,0,7639,0,0,81,0,81,1,0,5.1320685716,0
pde_nominal,1,4959,11,1,63,0,63,1,0,4.94091186564,0
pde_nominal,7,5826,6,0,87,0,87,1,0,8.75307625454,0
pde_nominal,9,5776,14,1,47,0,47,1,0,13.0837295043,0
pde_nominal,9,5775,7,0,5,0,5,1,0,3.88883412949,0
pde_nominal,0,7637,5,0,60,0,60,1,0,6.5003683871,0
pde_nominal,7,7075,11,1,64,0,64,1,0,6.8621661038,0
pde_nominal,4,6243,4,0,121,0,110,1,0,9.01303470976,0
pde_nominal,0,7635,15,1,79,0,52,1,0,7.72417178857,0
pde_nominal,8,6037,13,1,4,0,4,1,0,4.18654908352,0
pde_nominal,6,5160,9,1,28,0,28,1,0,3.98645666723,0
pde_nominal,2,4982,13,1,92,0,91,1,0,7.07883699447,0
pde_nominal,7,5820,14,1,51,0,51,1,0,4.76467080796,0
pde_nominal,7,5818,11,1,39,0,39,1,0,3.65511312999,0
pde_nominal,2,4981,5,0,78,0,71,1,0,6.03729302961,0
pde_nominal,1,4946,5,0,49,13,59,1,1,7.54021063486,0
pde_nominal,8,6033,4,0,26,0,26,1,0,4.3738166182,0
pde_nominal,2,4979,4,0,31,0,31,1,0,2.98125858321,0
pde_nominal,8,6032,3,0,24,0,24,1,0,3.85690102628,0
pde_nominal,6,5156,4,0,94,0,94,1,0,5.36624754292,0
pde_nominal,7,5813,8,1,60,0,60,1,0,4.10742084343,0
pde_nominal,2,4977,8,1,126,63,162,1,1,9.53919130948,0
pde_nominal,0,7629,4,0,0,0,0,1,0,7.26455857361,0
pde_nominal,6,5151,9,1,130,0,122,1,0,7.65760995419,0
pde_nominal,6,5147,15,1,42,0,42,1,0,7.74076253654,0
pde_nominal,5,5995,13,1,95,0,88,1,0,6.50136225116,0
pde_nominal,9,5754,2,0,39,0,29,1,0,3.81651908346,0
pde_nominal,1,4929,2,0,94,0,55,1,0,4.49876141555,0
pde_nominal,6,5137,4,0,3,0,2,1,0,6.44783784566,0
pde_nominal,8,6018,1,0,124,0,96,1,0,8.48742461869,0
pde_nominal,4,6223,4,0,47,0,31,1,0,4.23621161994,0
pde_nominal,4,6222,4,0,46,0,32,1,0,5.77867097858,0
pde_nominal,1,4913,11,1,13,0,13,1,0,5.56427716924,0
pde_nominal,4,6214,6,0,17,0,17,1,0,3.91282243914,0
pde_nominal,9,5741,3,0,94,0,94,1,0,7.01559396767,0
pde_nominal,7,5794,9,1,150,0,150,1,0,8.21226433954,0
pde_nominal,7,5793,11,1,40,0,40,1,0,6.24822395165,0
pde_nominal,0,7611,15,1,0,0,0,1,0,3.80068091763,0
pde_nominal,2,4955,7,0,0,0,0,1,0,3.83644797498,0
pde_nominal,9,5736,4,0,16,0,0,1,0,4.06006395661,0
pde_nominal,0,7609,1,0,17,0,10,1,0,4.08017031498,0
pde_nominal,7,5789,12,1,40,0,40,1,0,5.94520620683,0
pde_nominal,3,5711,10,1,134,0,125,1,0,7.87379246321,0
pde_nominal,8,5998,8,1,71,0,71,1,0,5.12145865061,0
pde_nominal,3,5710,10,1,20,0,20,1,0,5.72046041221,0
pde_nominal,7,5784,11,1,111,0,111,1,0,5.47648540559,0
pde_nominal,9,5727,3,0,3,0,0,1,0,4.82074014173,0
pde_nominal,1,4901,15,1,62,0,57,1,0,4.78228839037,0
pde_nominal,4,6206,2,0,45,0,39,1,0,3.914137301,0
pde_nominal,6,5116,7,0,93,0,93,1,0,13.4272783961,0
pde_nominal,2,4941,10,1,93,0,93,1,0,7.24269647154,0
pde_nominal,5,5964,13,1,5,0,0,1,0,15.6412117401,0
pde_nominal,0,7599,10,1,30,0,29,1,0,8.04746084507,0
pde_nominal,6,5112,8,1,50,0,49,1,0,5.18230491902,0
pde_nominal,8,5990,12,1,95,0,75,1,0,10.6048806243,0
pde_nominal,4,6199,1,0,76,0,65,1,0,5.18024159727,0
pde_nominal,2,4938,10,1,58,0,54,1,0,4.50306534958,0
pde_nominal,5,5959,14,1,87,0,87,1,0,4.35765101313,0
pde_nominal,7,5767,5,0,5,0,5,1,0,6.67892714501,0
pde_nominal,1,4889,5,0,28,0,28,1,0,4.29717257793,0
pde_nominal,2,4934,5,0,21,0,3,1,0,8.7240130741,0
pde_nominal,9,5712,5,0,33,0,4,1,0,3.96551048025,0
pde_nominal,5,5953,7,0,17,0,17,1,0,3.688526898,0
pde_nominal,2,4926,4,0,6,0,6,1,0,5.96753010491,0
pde_nominal,1,4881,0,0,77,0,77,1,0,7.91508444164,0
pde_nominal,4,6189,3,0,184,0,183,1,0,10.4959960228,0
pde_nominal,1,4877,1,0,36,0,31,1,0,4.48015878284,0
pde_nominal,0,7587,0,0,68,0,66,1,0,5.06087846382,0
pde_nominal,0,7585,1,0,29,0,10,1,0,3.59255258098,0
pde_nominal,9,5702,0,0,16,0,0,1,0,15.8756971259,0
pde_nominal,7,5758,4,0,15,0,15,1,0,3.80933124,0
pde_nominal,4,6185,12,1,78,0,61,1,0,6.84897964327,0
pde_nominal,8,5967,11,1,36,0,27,1,0,5.441505678,0
pde_nominal,9,5697,8,1,29,0,26,1,0,6.28252112272,0
pde_nominal,9,5695,5,0,60,0,49,1,0,6.89427574043,0
pde_nominal,6,5081,7,0,23,0,17,1,0,7.83832332497,0
pde_nominal,3,5689,11,1,86,0,73,1,0,10.4007527338,0
pde_nominal,8,5964,8,1,79,0,53,1,0,5.55811218667,0
pde_nominal,3,5688,12,1,65,0,36,1,0,5.7800287669,0
pde_nominal,2,4913,14,1,64,0,60,1,0,3.97128474811,0
pde_nominal,9,5690,8,1,98,0,77,1,0,6.36263800661,0
pde_nominal,1,4869,0,0,122,0,122,1,0,5.37685081749,0
pde_nominal,2,4906,12,1,18,0,6,1,0,11.4831677371,0
pde_nominal,4,6171,15,1,17,0,17,1,0,4.10095402902,0
pde_nominal,2,4902,7,0,56,0,25,1,0,6.88383851458,0
pde_nominal,4,6166,9,1,49,0,8,1,0,11.6555315957,0
pde_nominal,2,4901,15,1,46,0,0,1,0,5.38556438273,0
pde_nominal,5,5937,0,0,4,0,0,1,0,4.20149096978,0
pde_nominal,4,6162,15,1,26,0,0,1,0,7.12163588935,0
pde_nominal,8,5954,2,0,29,0,0,1,0,7.96348123666,0
pde_nominal,3,5661,0,0,45,0,5,1,0,4.90317351103,0
pde_nominal,4,6160,13,1,57,0,57,1,0,9.60782557877,0
pde_nominal,9,5674,12,1,39,0,39,1,0,3.77338692376,0
pde_nominal,5,5935,13,1,98,0,98,1,0,4.70407186956,0
pde_nominal,1,4857,10,1,55,0,55,1,0,5.89935752096,0
pde_nominal,4,6159,0,0,146,0,146,1,0,9.45785251099,0
pde_nominal,8,5945,6,0,17,0,17,1,0,5.81398932274,0
pde_nominal,1,4854,11,1,74,0,74,1,0,9.69612651151,0
pde_nominal,7,5737,13,1,76,0,76,1,0,5.67279972589,0
pde_nominal,9,5671,13,1,2,0,0,1,0,8.63879104778,0
pde_nominal,2,4897,11,1,27,29,23,1,1,13.0213186007,0
pde_nominal,3,5656,4,0,54,0,17,1,0,7.34678305971,0
pde_nominal,4,6153,13,1,15,0,5,1,0,4.39945632446,0
pde_nominal,9,5670,14,1,18,0,4,1,0,6.17667381258,0
pde_nominal,4,6151,2,0,12,0,12,1,0,8.42178570223,0
pde_nominal,0,7550,0,0,33,0,33,1,0,6.00822191374,0
pde_nominal,7,5733,3,0,81,0,81,1,0,9.12196282023,0
pde_nominal,0,7546,10,1,23,0,23,1,0,5.80419051578,0
pde_nominal,6,5035,12,1,66,0,66,1,0,7.82057234351,0
pde_nominal,8,5939,7,0,306,0,305,1,0,11.0704797759,0
pde_nominal,9,5660,1,0,36,0,36,1,0,7.10723383155,0
pde_nominal,6,5033,10,1,29,6,35,1,1,5.27650115516,0
pde_nominal,6,5031,2,0,34,0,34,1,0,4.1556769962,0
pde_nominal,2,4885,0,0,34,0,34,1,0,4.7598939857,0
pde_nominal,7,5729,3,0,49,0,49,1,0,3.38747742892,0
pde_nominal,1,4841,14,1,22,0,22,1,0,3.86179154895,0
pde_nominal,7,5728,0,0,21,0,21,1,0,4.52958896054,0
pde_nominal,4,6139,5,0,41,0,41,1,0,4.47189697018,0
pde_nominal,1,4839,1,0,11,0,9,1,0,5.23089107072,0
pde_nominal,9,5651,9,1,8,0,4,1,0,5.17208459811,0
pde_nominal,9,6681,9,1,0,0,0,0,0,6.93374827921,0
pde_nominal,6,5026,12,1,117,0,55,1,0,8.76321816381,0
pde_nominal,1,4833,3,0,41,0,34,1,0,4.7069409815,0
pde_nominal,6,5023,14,1,35,0,35,1,0,3.72861575469,0
pde_nominal,0,7531,10,1,46,0,46,1,0,3.85458625006,0
pde_nominal,7,5711,10,1,73,0,73,1,0,5.15858197199,0
pde_nominal,5,5900,1,0,48,0,48,1,0,4.26176809689,0
pde_nominal,9,5635,2,0,30,0,30,1,0,4.57879095654,0
pde_nominal,5,5897,7,0,43,0,43,1,0,3.51869836884,0
pde_nominal,4,6125,7,0,63,0,19,1,0,7.20087200604,0
pde_nominal,7,5707,11,1,24,0,24,1,0,7.81673313114,0
pde_nominal,2,4869,2,0,176,0,124,1,0,10.8236261853,0
pde_nominal,5,5891,12,1,41,17,58,1,1,5.50566042294,0
pde_nominal,6,4997,4,0,81,0,79,1,0,7.38033129157,0
pde_nominal,5,5884,6,0,58,0,53,1,0,4.17703026059,0
pde_nominal,8,5913,3,0,10,0,0,1,0,3.82774451639,0
pde_nominal,8,6938,3,0,0,0,0,0,0,6.55933087204,0
pde_nominal,4,6122,8,1,11,11,0,1,1,5.62817894446,0
pde_nominal,8,5912,2,0,82,0,59,1,0,5.57975004268,0
pde_nominal,8,5910,2,0,32,0,7,1,0,5.63019937713,0
pde_nominal,8,5909,2,0,6,0,6,1,0,5.07597297322,0
pde_nominal,9,5621,5,0,89,38,98,1,1,10.075774091,0
pde_nominal,4,6114,14,1,12,0,12,1,0,5.05977940137,0
pde_nominal,2,4855,5,0,51,0,51,1,0,3.51559237006,0
pde_nominal,2,4852,8,1,15,0,11,1,0,6.74505740005,0
pde_nominal,8,5908,4,0,125,65,183,1,1,11.9799860387,0
pde_nominal,5,5871,2,0,18,0,18,1,0,4.31726504322,0
pde_nominal,3,5613,5,0,26,0,26,1,0,4.80891419684,0
pde_nominal,7,5681,14,1,17,0,17,1,0,6.11965680377,0
pde_nominal,0,7502,14,1,49,0,46,1,0,6.98190708236,0
pde_nominal,4,6099,11,1,3,0,0,1,0,5.6642211932,0
pde_nominal,9,5612,1,0,26,0,0,1,0,4.53024122777,0
pde_nominal,6,4989,5,0,69,0,5,1,0,8.70578066816,0
pde_nominal,6,4988,13,1,1,0,1,1,0,7.63857629381,0
pde_nominal,0,7495,10,1,10,0,10,1,0,4.02970347576,0
pde_nominal,4,6097,15,1,73,0,55,1,0,6.5413584209,0
pde_nominal,6,4985,11,1,29,0,28,1,0,5.56737618768,0
pde_nominal,5,5860,0,0,13,0,13,1,0,8.63410159175,0
pde_nominal,1,4799,15,1,32,0,32,1,0,7.94064847976,0
pde_nominal,2,4833,5,0,98,0,92,1,0,4.75009093981,0
pde_nominal,5,5859,5,0,7,0,7,1,0,9.22790563424,0
pde_nominal,8,5899,6,0,186,0,174,1,0,11.9290898236,0
pde_nominal,7,5673,7,0,67,0,67,1,0,4.75924716173,0
pde_nominal,2,4832,5,0,75,0,62,1,0,5.45280950646,0
pde_nominal,4,6095,4,0,128,0,119,1,0,9.91782422348,0
pde_nominal,8,5894,10,1,11,0,0,1,0,3.47199431332,0
pde_nominal,3,5599,5,0,136,0,103,1,0,12.686576401,0
pde_nominal,8,5893,9,1,67,0,41,1,0,6.63199566021,0
pde_nominal,1,4786,10,1,26,0,26,1,0,3.2974726486,0
pde_nominal,7,5664,6,0,67,0,67,1,0,3.96965305368,0
pde_nominal,9,5599,12,1,10,0,10,1,0,3.76681622524,0
pde_nominal,7,5662,5,0,32,0,32,1,0,6.85701993799,0
pde_nominal,9,5597,9,1,3,0,3,1,0,3.67001821554,0
pde_nominal,6,4970,11,1,33,0,30,1,0,5.12698176191,0
pde_nominal,0,7479,12,1,123,0,100,1,0,7.68719590277,0
pde_nominal,7,5656,12,1,8,0,8,1,0,5.88074981895,0
pde_nominal,0,7475,10,1,11,0,1,1,0,9.55311982888,0
pde_nominal,7,5654,12,1,13,0,13,1,0,4.03894646296,0
pde_nominal,2,4810,7,0,38,0,24,1,0,3.26869022822,0
pde_nominal,5,5839,15,1,88,0,75,1,0,4.24046111508,0
pde_nominal,6,4966,4,0,87,0,72,1,0,6.28946137815,0
pde_nominal,7,5651,14,1,40,22,31,1,1,5.87517213128,0
pde_nominal,9,5589,9,1,41,0,25,1,0,5.29761912919,0
pde_nominal,1,4770,15,1,2,0,2,1,0,4.90275556186,0
pde_nominal,3,5585,2,0,76,0,68,1,0,4.97259544328,0
pde_nominal,5,5835,11,1,90,0,62,1,0,5.63316357998,0
pde_nominal,8,5874,8,1,3,0,0,1,0,3.44793388886,0
pde_nominal,5,5832,15,1,12,0,3,1,0,3.08597572875,0
pde_nominal,8,5870,7,0,4,0,2,1,0,4.74796879041,0
pde_nominal,1,4760,5,0,3,0,3,1,0,3.438740656,0
pde_nominal,3,5577,1,0,27,0,27,1,0,7.52570303957,0
pde_nominal,8,5863,13,1,30,0,30,1,0,5.27545229554,0
pde_nominal,3,5575,15,1,128,0,128,1,0,9.18942531604,0
pde_nominal,7,5635,9,1,193,0,193,1,0,8.42542302298,0
pde_nominal,8,5859,4,0,23,0,21,1,0,4.0056010268,0
pde_nominal,5,5814,9,1,13,0,13,1,0,5.4960177451,0
pde_nominal,0,7454,15,1,47,25,72,1,1,5.46977913957,0
pde_nominal,0,7449,6,0,27,0,27,1,0,6.70975048198,0
pde_nominal,0,7678,6,0,0,0,0,0,0,9.82159310363,0
pde_nominal,5,5811,8,1,93,0,83,1,0,5.91882966984,0
pde_nominal,0,7448,13,1,26,0,23,1,0,6.21965623673,0
pde_nominal,7,5623,15,1,49,0,49,1,0,4.00273699823,0
pde_nominal,2,4784,2,0,209,0,170,1,0,9.981401654,0
pde_nominal,5,5808,12,1,67,0,53,1,0,6.89511296563,0
pde_nominal,0,7444,2,0,44,0,4,1,0,6.14665511903,0
pde_nominal,2,4782,15,1,44,0,5,1,0,3.26539341591,0
pde_nominal,0,7443,2,0,37,0,3,1,0,8.10326950583,0
pde_nominal,8,5848,3,0,34,0,24,1,0,3.57017482842,0
pde_nominal,3,5556,5,0,18,0,0,1,0,3.23348978084,0
pde_nominal,4,6044,11,1,28,0,6,1,0,8.26089559688,0
pde_nominal,5,5802,14,1,87,0,70,1,0,6.84115527882,0
pde_nominal,0,7438,0,0,25,0,25,1,0,4.11613302136,0
pde_nominal,2,4775,11,1,57,0,57,1,0,3.33352697099,0
pde_nominal,3,5551,10,1,61,0,61,1,0,4.68271326149,0
pde_nominal,1,4734,15,1,107,0,106,1,0,7.61033575024,0
pde_nominal,7,5615,13,1,43,0,43,1,0,4.22843410322,0
pde_nominal,7,5612,6,0,18,0,18,1,0,3.77739273944,0
pde_nominal,1,4731,15,1,20,21,35,1,1,5.1644933181,0
pde_nominal,8,5836,10,1,12,0,12,1,0,7.11804048175,0
pde_nominal,6,4931,10,1,17,0,0,1,0,4.52824051825,0
pde_nominal,5,5786,1,0,10,0,10,1,0,3.12523084948,0
pde_nominal,5,5784,1,0,77,0,77,1,0,5.37286906414,0
pde_nominal,8,5831,5,0,16,0,16,1,0,6.21582222868,0
pde_nominal,7,5602,2,0,19,0,19,1,0,3.55870352481,0
pde_nominal,9,5554,4,0,88,0,88,1,0,8.85296976774,0
pde_nominal,9,6682,4,0,0,0,0,0,0,11.489820203,0
pde_nominal,9,5552,12,1,3,0,0,1,0,5.63551297154,0
pde_nominal,3,5537,1,0,286,0,251,1,0,15.7554420126,0
pde_nominal,8,5827,13,1,50,0,27,1,0,3.94117800889,0
pde_nominal,4,6028,1,0,0,0,0,1,0,4.55403023255,0
pde_nominal,7,5594,3,0,13,0,13,1,0,4.17553757074,0
pde_nominal,5,5780,8,1,59,0,56,1,0,4.88513228199,0
pde_nominal,1,4714,3,0,45,0,43,1,0,5.59741704726,0
pde_nominal,1,4713,15,1,6,0,0,1,0,2.96092959288,0
pde_nominal,4,6025,0,0,10,0,0,1,0,4.64398450592,0
pde_nominal,9,5546,11,1,28,0,0,1,0,5.83448956893,0
pde_nominal,1,4712,7,0,22,0,0,1,0,5.26961923751,0
pde_nominal,0,7413,10,1,96,0,42,1,0,8.08559820064,0
pde_nominal,6,4917,6,0,55,0,1,1,0,5.16509529623,0
pde_nominal,9,5541,13,1,12,0,11,1,0,3.745122231,0
pde_nominal,9,5539,8,1,29,0,12,1,0,5.29903089267,0
pde_nominal,9,5536,3,0,18,0,0,1,0,3.63071128386,0
pde_nominal,5,5771,5,0,7,0,0,1,0,4.7345586941,0
pde_nominal,4,6019,4,0,52,0,1,1,0,5.85880653827,0
pde_nominal,2,4729,8,1,76,0,13,1,0,3.81062815391,0
pde_nominal,5,5764,4,0,92,0,90,1,0,7.28064687277,0
pde_nominal,6,4910,10,1,114,0,112,1,0,7.29529671222,0
pde_nominal,7,5580,2,0,69,0,69,1,0,5.07362257974,0
pde_nominal,7,7079,14,1,33,0,33,1,0,10.7125689963,0
pde_nominal,1,4699,8,1,69,0,69,1,0,4.40447372322,0
pde_nominal,7,7080,14,1,1,0,1,1,0,11.8784264774,0
pde_nominal,1,4695,11,1,45,0,45,1,0,7.8542282498,0
pde_nominal,0,7404,8,1,90,0,78,1,0,8.63179651549,0
pde_nominal,8,5813,2,0,30,0,17,1,0,3.82150813395,0
pde_nominal,2,4721,3,0,94,0,52,1,0,5.15843323097,0
pde_nominal,3,5521,8,1,256,0,225,1,0,17.0832652127,0
pde_nominal,8,5811,14,1,19,0,19,1,0,3.56371139937,0
pde_nominal,6,4901,7,0,49,0,49,1,0,12.1459258131,0
pde_nominal,0,7400,7,0,101,0,101,1,0,6.76700805935,0
pde_nominal,3,5514,12,1,76,54,101,1,1,7.04876571064,0
pde_nominal,2,4716,12,1,40,0,7,1,0,3.33771543888,0
pde_nominal,1,4686,6,0,21,0,4,1,0,3.51460467284,0
pde_nominal,7,5569,4,0,6,0,6,1,0,5.41495264742,0
pde_nominal,6,4892,6,0,7,0,4,1,0,7.02068467263,0
pde_nominal,3,5512,13,1,19,0,19,1,0,7.50513664311,0
pde_nominal,9,5516,12,1,5,0,0,1,0,5.88273013558,0
pde_nominal,8,5800,7,0,7,0,5,1,0,5.19171312486,0
pde_nominal,9,5513,9,1,34,0,21,1,0,4.9445283417,0
pde_nominal,9,6684,4,0,10,0,10,1,0,8.58344959969,0
pde_nominal,1,4681,8,1,105,0,101,1,0,4.94115134074,0
pde_nominal,6,4887,9,1,43,0,29,1,0,4.19311649564,0
pde_nominal,8,5797,2,0,95,0,69,1,0,13.792872402,0
pde_nominal,5,5742,12,1,59,0,21,1,0,14.1549877531,0
pde_nominal,5,5739,1,0,5,0,5,1,0,2.93481792938,0
pde_nominal,1,4671,11,1,154,0,154,1,0,7.75289718098,0
pde_nominal,7,5547,2,0,51,0,51,1,0,8.05399787328,0
pde_nominal,5,5733,5,0,84,0,75,1,0,9.22556696694,0
pde_nominal,9,5492,15,1,28,16,32,1,1,5.55044144498,0
pde_nominal,5,5730,12,1,82,0,81,1,0,6.81726497035,0
pde_nominal,4,5994,11,1,69,0,48,1,0,6.77757414374,0
pde_nominal,3,5494,1,0,24,0,10,1,0,6.84758219474,0
pde_nominal,2,8827,14,1,2,0,2,1,0,6.97603517863,0
pde_nominal,0,7372,2,0,44,0,29,1,0,4.67299939723,0
pde_nominal,5,5727,13,1,79,22,78,1,1,11.0079614219,0
pde_nominal,0,7369,2,0,61,0,41,1,0,6.19446067032,0
pde_nominal,9,5483,1,0,55,0,25,1,0,4.30460208952,0
pde_nominal,8,5767,14,1,35,0,35,1,0,5.47070503519,0
pde_nominal,5,5724,10,1,54,0,46,1,0,8.32395230987,0
pde_nominal,1,4653,14,1,35,0,10,1,0,4.39323455329,0
pde_nominal,1,4652,14,1,18,0,18,1,0,6.12151292403,0
pde_nominal,4,5982,14,1,27,0,24,1,0,5.67724566883,0
pde_nominal,1,4651,1,0,41,0,23,1,0,5.90414169299,0
pde_nominal,9,5476,10,1,58,0,13,1,0,7.62353438744,0
pde_nominal,9,5475,9,1,16,0,0,1,0,4.96351503921,0
pde_nominal,1,4650,1,0,47,0,0,1,0,7.96283926666,0
pde_nominal,5,5717,2,0,31,0,6,1,0,3.43324336173,0
pde_nominal,3,5477,9,1,9,0,2,1,0,3.34806834585,0
pde_nominal,5,5716,13,1,16,0,0,1,0,4.59775671742,0
pde_nominal,4,5974,2,0,20,0,15,1,0,4.37544576353,0
pde_nominal,4,5973,6,0,51,0,36,1,0,7.28969896129,0
pde_nominal,9,5468,0,0,43,0,7,1,0,4.38508679858,0
pde_nominal,6,4855,3,0,4,0,0,1,0,6.45092393702,0
pde_nominal,6,4854,6,0,8,0,0,1,0,4.71745199373,0
pde_nominal,9,5467,13,1,54,0,11,1,0,13.1455810839,0
pde_nominal,4,5966,1,0,9,0,9,1,0,13.2171366715,0
pde_nominal,4,5964,13,1,15,0,15,1,0,6.76222678709,0
pde_nominal,3,5467,7,0,58,0,58,1,0,7.48805671629,0
pde_nominal,5,5705,2,0,100,0,100,1,0,9.18201088337,0
pde_nominal,5,5700,11,1,23,0,23,1,0,3.44425201659,0
pde_nominal,3,5459,2,0,33,0,33,1,0,3.35983738212,0
pde_nominal,8,5740,4,0,88,0,88,1,0,4.67448161706,0
pde_nominal,9,5455,0,0,20,0,20,1,0,4.45452588079,0
pde_nominal,4,5955,11,1,17,0,17,1,0,6.72307483814,0
pde_nominal,3,5457,1,0,73,0,69,1,0,4.32321961247,0
pde_nominal,9,5453,8,1,56,0,44,1,0,4.30917995021,0
pde_nominal,2,8796,3,0,27,0,9,1,0,8.43318578826,0
pde_nominal,3,5455,13,1,45,0,6,1,0,5.04871544782,0
pde_nominal,2,8795,4,0,21,0,0,1,0,3.88447459755,0
pde_nominal,0,7336,11,1,51,0,12,1,0,4.67826902219,0
pde_nominal,9,5450,7,0,70,0,65,1,0,5.16023913632,0
pde_nominal,6,4838,5,0,67,0,62,1,0,6.61503697815,0
pde_nominal,7,5501,1,0,59,0,59,1,0,5.92703003281,0
pde_nominal,6,4836,13,1,42,0,42,1,0,5.3019418636,0
pde_nominal,7,5499,6,0,43,0,43,1,0,4.82002929695,0
pde_nominal,0,7328,14,1,9,0,9,1,0,7.00567015413,0
pde_nominal,6,4831,3,0,57,0,57,1,0,4.07858311657,0
pde_nominal,7,5491,8,1,68,0,68,1,0,7.88392468877,0
pde_nominal,0,7317,14,1,51,0,20,1,0,5.73311708956,0
pde_nominal,0,7314,13,1,29,0,24,1,0,7.18189111826,0
pde_nominal,9,5437,10,1,38,0,38,1,0,4.40262517084,0
pde_nominal,5,5669,3,0,56,0,56,1,0,3.78796063722,0
pde_nominal,6,4824,5,0,26,0,22,1,0,5.38737662242,0
pde_nominal,6,4822,1,0,37,0,27,1,0,6.18659248746,0
pde_nominal,6,4821,14,1,44,0,31,1,0,4.64909373819,0
pde_nominal,9,5432,11,1,40,0,37,1,0,4.32312617439,0
pde_nominal,4,5919,0,0,17,0,17,1,0,9.34801324482,0
pde_nominal,6,4812,6,0,28,0,28,1,0,4.81736756894,0
pde_nominal,8,5707,15,1,25,0,25,1,0,4.48619326543,0
pde_nominal,5,5658,10,1,69,6,70,1,1,7.66769061994,0
pde_nominal,7,5472,5,0,23,0,23,1,0,6.2849988265,0
pde_nominal,0,7296,5,0,36,0,27,1,0,3.86259255412,0
pde_nominal,9,5423,9,1,63,0,35,1,0,10.7367391206,0
pde_nominal,3,5422,13,1,40,0,14,1,0,7.8100268413,0
pde_nominal,9,5422,9,1,36,0,10,1,0,3.91124121712,0
pde_nominal,1,4586,12,1,28,0,16,1,0,6.64450764844,0
pde_nominal,8,5700,13,1,31,0,31,1,0,5.05698217236,0
pde_nominal,0,7292,10,1,53,0,53,1,0,4.82525707758,0
pde_nominal,5,5647,14,1,11,0,11,1,0,5.72067820789,0
pde_nominal,5,5646,2,0,19,0,19,1,0,4.57534107134,0
pde_nominal,6,4807,11,1,183,0,170,1,0,8.45169976392,0
pde_nominal,1,4579,3,0,68,0,68,1,0,6.5353462688,0
pde_nominal,8,5695,3,0,33,0,33,1,0,7.93059399201,0
pde_nominal,8,5694,0,0,58,0,58,1,0,5.53770094362,0
pde_nominal,7,5460,13,1,21,0,21,1,0,5.27907267402,0
pde_nominal,3,5415,2,0,38,0,25,1,0,4.42720346098,0
pde_nominal,5,5642,11,1,66,0,61,1,0,4.83128716677,0
pde_nominal,6,6733,0,0,59,0,35,1,0,7.25719792834,0
pde_nominal,7,5459,1,0,47,26,46,1,1,12.1822462774,0
pde_nominal,2,8764,1,0,97,0,90,1,0,6.29160505147,0
pde_nominal,7,5455,5,0,65,0,65,1,0,9.73835637086,0
pde_nominal,4,5905,14,1,80,0,80,1,0,7.5889834451,0
pde_nominal,0,7286,14,1,229,0,225,1,0,11.6872382695,0
pde_nominal,2,8760,0,0,47,0,47,1,0,4.46936412925,0
pde_nominal,7,5450,2,0,34,0,34,1,0,3.81777828186,0
pde_nominal,5,5631,13,1,5,0,2,1,0,3.30251617191,0
pde_nominal,3,5406,10,1,164,0,116,1,0,11.7499190127,0
pde_nominal,9,5397,12,1,28,0,28,1,0,5.70566763772,0
pde_nominal,8,5680,8,1,59,0,59,1,0,4.65022845207,0
pde_nominal,1,4569,10,1,21,0,21,1,0,3.90149403603,0
pde_nominal,3,5404,7,0,142,0,142,1,0,9.01921385126,0
pde_nominal,0,7276,4,0,45,0,45,1,0,3.82419166126,0
pde_nominal,7,5441,0,0,97,0,97,1,0,4.39346148644,0
pde_nominal,7,5440,13,1,3,0,3,1,0,5.41917582487,0
pde_nominal,4,5889,6,0,26,0,17,1,0,7.01224634013,0
pde_nominal,6,4776,14,1,8,0,0,1,0,6.63687922469,0
pde_nominal,8,5672,3,0,7,0,0,1,0,5.40379787353,0
pde_nominal,3,5398,0,0,2,0,1,1,0,4.19449242727,0
pde_nominal,0,7271,1,0,30,0,30,1,0,4.3652501463,0
pde_nominal,2,8737,13,1,55,0,55,1,0,4.59470063233,0
pde_nominal,0,7269,15,1,34,0,34,1,0,15.2730523784,0
pde_nominal,7,5434,15,1,32,0,32,1,0,4.64838610485,0
pde_nominal,9,5386,2,0,111,0,109,1,0,8.62543719299,0
pde_nominal,3,5396,4,0,3,0,3,1,0,4.90833619394,0
pde_nominal,1,4555,10,1,15,0,15,1,0,3.10703941506,0
pde_nominal,0,7264,1,0,26,0,26,1,0,5.03561228667,0
pde_nominal,3,5390,2,0,39,0,39,1,0,6.80949139929,0
pde_nominal,8,5663,3,0,91,0,91,1,0,5.62621544848,0
pde_nominal,7,5428,8,1,36,0,36,1,0,3.71343854081,0
pde_nominal,5,5610,8,1,73,0,73,1,0,5.7188328405,0
pde_nominal,3,5389,15,1,68,0,61,1,0,6.18371459264,0
pde_nominal,3,6799,15,1,0,0,0,0,0,13.5296519672,0
pde_nominal,4,5880,6,0,6,0,0,1,0,4.31337065024,0
pde_nominal,4,5879,14,1,41,0,11,1,0,7.07478398012,0
pde_nominal,6,4769,0,0,12,0,5,1,0,6.02008776393,0
pde_nominal,3,5385,12,1,7,0,0,1,0,4.05166361415,0
pde_nominal,7,5418,6,0,39,0,39,1,0,5.61186637084,0
pde_nominal,3,5380,9,1,39,0,39,1,0,5.63862105331,0
pde_nominal,1,4540,3,0,19,0,19,1,0,4.64804454521,0
pde_nominal,6,4764,9,1,70,0,50,1,0,3.57403938074,0
pde_nominal,7,5414,14,1,55,0,55,1,0,6.53635439418,0
pde_nominal,9,5375,9,1,116,0,99,1,0,4.79484764543,0
pde_nominal,0,7250,3,0,65,0,65,1,0,6.7622677216,0
pde_nominal,1,4532,1,0,23,0,16,1,0,7.71208647529,0
pde_nominal,6,4758,14,1,39,0,30,1,0,3.43300576477,0
pde_nominal,1,4529,11,1,64,0,64,1,0,4.99747559042,0
pde_nominal,6,4757,6,0,75,0,75,1,0,3.35925602747,0
pde_nominal,4,5867,3,0,17,0,17,1,0,4.3066032488,0
pde_nominal,7,5406,9,1,4,0,4,1,0,3.74193187426,0
pde_nominal,7,5403,2,0,16,0,16,1,0,5.3380495677,0
pde_nominal,5,5587,8,1,27,0,27,1,0,3.95763556341,0
pde_nominal,8,5646,15,1,47,27,40,1,1,6.75928125795,0
pde_nominal,3,5367,4,0,111,0,86,1,0,8.11781558487,0
pde_nominal,0,7235,4,0,48,0,14,1,0,4.02626367831,0
pde_nominal,3,5362,8,1,35,0,29,1,0,4.07808184292,0
pde_nominal,1,4515,12,1,100,0,100,1,0,11.2119521709,0
pde_nominal,8,5636,10,1,39,0,39,1,0,3.64295828737,0
pde_nominal,3,5359,8,1,98,0,98,1,0,7.20976928608,0
pde_nominal,6,4745,4,0,36,0,36,1,0,3.2506986091,0
pde_nominal,7,5392,10,1,52,0,52,1,0,4.65473438324,0
pde_nominal,2,8701,4,0,73,0,68,1,0,5.5717124131,0
pde_nominal,6,4744,13,1,65,0,59,1,0,3.59394701224,0
pde_nominal,3,5356,8,1,26,0,26,1,0,4.19119371648,0
pde_nominal,0,7227,10,1,61,0,58,1,0,3.62882848794,0
pde_nominal,4,5846,1,0,13,0,13,1,0,3.61805881636,0
pde_nominal,0,7224,10,1,13,0,13,1,0,9.8757310395,0
pde_nominal,2,8698,5,0,73,0,73,1,0,4.84787123725,0
pde_nominal,7,5389,14,1,47,0,47,1,0,3.59273459284,0
pde_nominal,4,5841,2,0,23,0,3,1,0,4.89136156295,0
pde_nominal,6,4733,10,1,67,0,66,1,0,3.25333366474,0
pde_nominal,4,5837,3,0,5,0,5,1,0,6.38813885463,0
pde_nominal,9,5338,9,1,69,0,66,1,0,4.14991134399,0
pde_nominal,0,7217,5,0,49,15,57,1,1,5.48373944394,0
pde_nominal,7,5382,0,0,33,0,33,1,0,4.58177765937,0
pde_nominal,6,4722,14,1,65,0,46,1,0,3.83973181123,0
pde_nominal,2,8687,15,1,151,0,128,1,0,7.76374530102,0
pde_nominal,0,7214,0,0,12,0,12,1,0,3.90598002968,0
pde_nominal,5,5551,12,1,64,0,64,1,0,5.80072759054,0
pde_nominal,5,5549,2,0,59,0,59,1,0,5.36213064433,0
pde_nominal,3,5338,15,1,71,0,71,1,0,4.45532771746,0
pde_nominal,9,5325,2,0,79,0,79,1,0,3.59085037655,0
pde_nominal,3,5333,14,1,30,0,30,1,0,4.66333869218,0
pde_nominal,4,5818,0,0,29,0,8,1,0,4.9688652717,0
pde_nominal,3,5329,7,0,31,0,0,1,0,6.69134487472,0
pde_nominal,3,6801,7,0,20,0,2,1,0,7.9153665031,0
pde_nominal,5,5535,6,0,16,0,3,1,0,6.48154349515,0
pde_nominal,1,4486,7,0,50,0,15,1,0,3.30513594191,0
pde_nominal,0,7192,3,0,50,0,34,1,0,7.52757064593,0
pde_nominal,4,5811,3,0,14,0,1,1,0,5.02871642481,0
pde_nominal,2,8666,12,1,95,0,81,1,0,6.51102031799,0
pde_nominal,2,8663,0,0,54,0,54,1,0,4.76703895048,0
pde_nominal,0,7186,10,1,83,0,83,1,0,7.80401813938,0
pde_nominal,2,8659,4,0,19,0,19,1,0,7.36553858169,0
pde_nominal,2,8657,15,1,3,0,3,1,0,4.36083928846,0
pde_nominal,2,8656,2,0,39,22,57,1,1,8.49322859093,0
pde_nominal,6,4678,4,0,47,0,29,1,0,3.62092600923,0
pde_nominal,1,6952,15,1,72,0,43,1,0,5.34053170227,0
pde_nominal,7,5360,7,0,32,0,32,1,0,4.06699268715,0
pde_nominal,0,7177,12,1,48,0,40,1,0,12.9927762095,0
pde_nominal,1,4463,1,0,163,0,62,1,0,10.6101798374,0
pde_nominal,8,5588,3,0,9,0,0,1,0,7.454454196,0
pde_nominal,0,7171,11,1,33,0,0,1,0,5.21158933599,0
pde_nominal,2,8642,6,0,11,0,9,1,0,5.27884575929,0
pde_nominal,4,5790,12,1,25,0,21,1,0,4.55389050484,0
pde_nominal,2,8641,5,0,27,0,19,1,0,4.34269874604,0
pde_nominal,5,5509,12,1,40,0,20,1,0,5.91982014754,0
pde_nominal,8,5580,5,0,119,0,116,1,0,12.1158975474,0
pde_nominal,9,5283,4,0,314,0,237,1,0,15.8143892563,0
pde_nominal,0,7164,14,1,41,0,41,1,0,4.13444647766,0
pde_nominal,3,5298,13,1,49,0,49,1,0,10.4040770932,0
pde_nominal,4,5781,9,1,47,0,47,1,0,3.53928877928,0
pde_nominal,4,5780,13,1,37,0,29,1,0,6.37806435043,0
pde_nominal,4,5777,8,1,49,0,49,1,0,5.18128824045,0
pde_nominal,3,5291,7,0,92,0,92,1,0,6.00486671547,0
pde_nominal,3,6802,7,0,0,0,0,0,0,7.74882000523,0
pde_nominal,1,4446,13,1,83,0,83,1,0,4.00946992229,0
pde_nominal,5,5498,10,1,56,0,56,1,0,5.90981308309,0
pde_nominal,6,8275,10,1,51,0,51,1,0,4.20724296194,0
pde_nominal,3,5288,10,1,24,0,24,1,0,5.56290091848,0
pde_nominal,7,5339,0,0,76,0,76,1,0,5.51602285931,0
pde_nominal,9,5277,5,0,145,0,100,1,0,6.16675325328,0
pde_nominal,6,8266,14,1,81,0,81,1,0,4.72571876906,0
pde_nominal,5,5488,6,0,5,0,5,1,0,4.75774910942,0
pde_nominal,9,8313,0,0,20,0,20,1,0,4.20155586817,0
pde_nominal,3,5274,12,1,80,0,80,1,0,4.37312991178,0
pde_nominal,6,8257,9,1,30,0,16,1,0,5.72579870385,0
pde_nominal,1,6953,4,0,99,0,87,1,0,8.23590687027,0
pde_nominal,6,8253,0,0,16,0,16,1,0,4.03844374185,0
pde_nominal,8,5544,8,1,79,0,54,1,0,9.15237336918,0
pde_nominal,4,5761,3,0,76,0,55,1,0,5.04548689907,0
pde_nominal,9,8302,2,0,38,0,33,1,0,3.56360081611,0
pde_nominal,2,8608,15,1,24,0,24,1,0,4.80740832862,0
pde_nominal,5,5464,10,1,26,0,26,1,0,5.93406283621,0
pde_nominal,8,5537,10,1,45,0,45,1,0,4.16913686482,0
pde_nominal,3,5266,10,1,75,0,75,1,0,3.72317359352,0
pde_nominal,9,8296,3,0,28,0,28,1,0,5.6745352843,0
pde_nominal,4,5751,14,1,13,0,13,1,0,4.57826531453,0
pde_nominal,2,8602,6,0,17,0,17,1,0,3.73443071236,0
pde_nominal,9,8295,9,1,17,0,17,1,0,4.19987892281,0
pde_nominal,5,5461,13,1,30,0,30,1,0,5.56917729488,0
pde_nominal,7,5320,1,0,34,10,23,1,1,6.3658422284,0
pde_nominal,0,7127,14,1,37,0,21,1,0,6.44255377432,0
pde_nominal,6,8243,9,1,182,0,155,1,0,13.1409152628,0
pde_nominal,0,7124,0,0,82,0,82,1,0,4.40721176098,0
pde_nominal,1,4397,6,0,38,0,10,1,0,3.70499538146,0
pde_nominal,8,5529,12,1,79,0,50,1,0,11.2497863076,0
pde_nominal,6,8239,0,0,30,0,13,1,0,8.80190122679,0
pde_nominal,9,8287,7,0,26,0,26,1,0,4.21436024423,0
pde_nominal,2,8590,14,1,22,0,22,1,0,4.99001220201,0
pde_nominal,1,4395,2,0,70,0,63,1,0,4.00569492855,0
pde_nominal,5,5454,10,1,93,0,93,1,0,4.41213954323,0
pde_nominal,4,5736,13,1,9,0,5,1,0,3.99965562558,0
pde_nominal,1,8602,8,1,21,0,21,1,0,7.9420754241,0
pde_nominal,9,8278,13,1,28,0,28,1,0,4.41436310329,0
pde_nominal,1,8597,7,0,7,0,7,1,0,5.19044260632,0
pde_nominal,0,7112,4,0,13,0,13,1,0,4.80627498376,0
pde_nominal,1,8596,6,0,63,0,63,1,0,5.98833137155,0
pde_nominal,6,8222,5,0,1,0,1,1,0,7.19169285614,0
pde_nominal,8,6943,7,0,53,0,49,1,0,7.42293189061,0
pde_nominal,5,5425,4,0,48,0,37,1,0,3.33432410737,0
pde_nominal,3,5232,14,1,41,0,30,1,0,3.32112619175,0
pde_nominal,6,8209,4,0,26,0,16,1,0,4.82048631497,0
pde_nominal,7,5284,3,0,36,0,36,1,0,4.57916368956,0
pde_nominal,7,5283,7,0,9,0,9,1,0,9.17310023696,0
pde_nominal,1,8585,5,0,23,0,17,1,0,5.84273276632,0
pde_nominal,6,8206,1,0,69,0,61,1,0,5.26766106877,0
pde_nominal,8,5508,10,1,23,0,0,1,0,4.13638512876,0
pde_nominal,9,8262,7,0,44,0,29,1,0,7.23929980726,0
pde_nominal,0,7096,0,0,70,0,50,1,0,6.38943355635,0
pde_nominal,1,8582,8,1,49,0,49,1,0,6.79711799962,0
pde_nominal,7,5276,5,0,55,0,55,1,0,3.70667001382,0
pde_nominal,7,5273,3,0,10,0,10,1,0,3.46115426077,0
pde_nominal,2,8571,5,0,86,27,83,1,1,8.20840644858,0
pde_nominal,5,5416,9,1,88,0,88,1,0,3.57535215899,0
pde_nominal,2,8568,10,1,26,0,24,1,0,5.82006522385,0
pde_nominal,7,5269,12,1,34,0,34,1,0,3.88112019727,0
pde_nominal,8,5502,12,1,8,0,8,1,0,5.69982825928,0
pde_nominal,7,5268,7,0,37,0,37,1,0,6.00746437267,0
pde_nominal,5,5409,6,0,67,0,67,1,0,3.98558979561,0
pde_nominal,6,8200,8,1,158,0,154,1,0,9.82671028444,0
pde_nominal,0,7085,7,0,15,0,15,1,0,5.11978007371,0
pde_nominal,7,5264,10,1,16,0,16,1,0,4.84156296638,0
pde_nominal,4,5710,14,1,21,0,21,1,0,3.63786554703,0
pde_nominal,0,7079,6,0,27,0,27,1,0,4.67079997456,0
pde_nominal,8,5500,12,1,263,0,263,1,0,12.3697202672,0
pde_nominal,1,8571,14,1,35,0,30,1,0,6.25657070888,0
pde_nominal,4,5708,1,0,102,0,100,1,0,5.04713221222,0
pde_nominal,5,5403,9,1,143,0,137,1,0,7.29762267857,0
pde_nominal,2,8555,12,1,19,0,19,1,0,5.15338995739,0
pde_nominal,8,5493,12,1,61,21,82,1,1,7.44727925671,0
pde_nominal,8,5492,10,1,14,0,14,1,0,5.50331056299,0
pde_nominal,1,8569,8,1,12,0,12,1,0,6.29662630025,0
pde_nominal,8,5490,9,1,39,0,39,1,0,3.80633783012,0
pde_nominal,0,7063,6,0,28,0,28,1,0,6.42108108119,0
pde_nominal,6,8183,5,0,89,0,67,1,0,5.2629663562,0
pde_nominal,8,5478,8,1,95,0,85,1,0,9.6783398367,0
pde_nominal,3,5209,2,0,73,0,73,1,0,3.52440036287,0
pde_nominal,1,8557,9,1,10,0,5,1,0,7.75283560982,0
pde_nominal,2,8539,0,0,26,0,8,1,0,3.87936205387,0
pde_nominal,9,8236,3,0,32,0,22,1,0,7.03550174266,0
pde_nominal,9,8234,6,0,40,0,39,1,0,4.11016600479,0
pde_nominal,4,5690,7,0,43,0,1,1,0,6.16276092057,0
pde_nominal,5,5378,4,0,78,0,44,1,0,4.94630330478,0
pde_nominal,2,8535,13,1,54,0,54,1,0,4.4072456572,0
pde_nominal,4,5683,13,1,11,0,11,1,0,4.29304856772,0
pde_nominal,3,5201,9,1,112,0,99,1,0,6.73399826696,0
pde_nominal,8,5472,7,0,64,0,64,1,0,4.81805855479,0
pde_nominal,9,8229,15,1,40,0,40,1,0,3.95477801814,0
pde_nominal,7,5235,2,0,99,0,99,1,0,10.1512579184,0
pde_nominal,3,5196,13,1,91,0,91,1,0,4.00225382243,0
pde_nominal,2,8528,1,0,44,13,57,1,1,6.48719514738,0
pde_nominal,1,8538,6,0,57,0,57,1,0,4.06122267427,0
pde_nominal,5,5370,0,0,50,0,50,1,0,3.26633871477,0
pde_nominal,7,5233,5,0,30,0,30,1,0,3.47851069089,0
pde_nominal,0,7045,2,0,114,0,110,1,0,6.97766445468,0
pde_nominal,4,5676,15,1,18,0,0,1,0,3.43664078023,0
pde_nominal,5,10119,3,0,7,0,0,1,0,3.63960766672,0
pde_nominal,8,5464,9,1,34,0,17,1,0,4.11291985523,0
pde_nominal,9,8217,8,1,8,0,8,1,0,4.83845858453,0
pde_nominal,5,10117,10,1,16,0,4,1,0,4.80664457961,0
pde_nominal,0,7041,4,0,50,0,35,1,0,4.51403352594,0
pde_nominal,1,8535,7,0,73,0,59,1,0,7.49762551854,0
pde_nominal,9,8215,12,1,30,0,21,1,0,5.04759011118,0
pde_nominal,2,8520,5,0,21,0,21,1,0,5.70203272552,0
pde_nominal,3,5185,15,1,110,0,110,1,0,4.63732345191,0
pde_nominal,5,10104,7,0,60,0,60,1,0,8.37830108098,0
pde_nominal,4,5664,8,1,11,0,11,1,0,4.46611718285,0
pde_nominal,0,7032,14,1,78,0,78,1,0,6.33198270634,0
pde_nominal,4,5662,12,1,7,0,7,1,0,2.88059318359,0
pde_nominal,6,8148,11,1,10,0,10,1,0,4.23099447033,0
pde_nominal,2,8515,14,1,12,0,12,1,0,9.98748268166,0
pde_nominal,7,5219,5,0,28,0,28,1,0,3.91231159049,0
pde_nominal,6,8147,11,1,165,0,149,1,0,9.45546144778,0
pde_nominal,9,8200,3,0,58,0,55,1,0,5.05282963223,0
pde_nominal,2,8508,8,1,66,0,60,1,0,8.8520669092,0
pde_nominal,6,8144,10,1,6,0,4,1,0,8.46859187189,0
pde_nominal,5,10097,15,1,68,0,47,1,0,4.49714596526,0
pde_nominal,4,5643,2,0,24,0,1,1,0,3.50873177727,0
pde_nominal,6,8141,9,1,45,0,0,1,0,4.65737056104,0
pde_nominal,0,7682,14,1,1,0,1,1,0,15.5703639501,0
pde_nominal,7,5210,11,1,13,0,13,1,0,7.90867376504,0
pde_nominal,4,5642,3,0,71,0,37,1,0,6.76622630642,0
pde_nominal,7,5208,4,0,15,0,15,1,0,5.53611661257,0
pde_nominal,0,7018,7,0,62,0,53,1,0,7.0682771759,0
pde_nominal,4,5641,3,0,67,0,48,1,0,5.78521242372,0
pde_nominal,1,8515,4,0,75,0,70,1,0,4.54985591714,0
pde_nominal,7,5201,1,0,69,0,69,1,0,7.49781990345,0
pde_nominal,0,7010,10,1,24,0,4,1,0,4.12230561655,0
pde_nominal,7,5191,7,0,50,0,50,1,0,3.64801997617,0
pde_nominal,2,8485,1,0,1,0,1,1,0,2.70476194089,0
pde_nominal,8,5431,14,1,41,7,28,1,1,11.5278925028,0
pde_nominal,9,8181,12,1,144,0,119,1,0,8.99298132078,0
pde_nominal,0,7003,12,1,59,0,55,1,0,6.52192702578,0
pde_nominal,0,7002,3,0,56,0,56,1,0,5.04531737699,0
pde_nominal,4,5627,6,0,35,0,35,1,0,4.21602718385,0
pde_nominal,8,5428,11,1,139,0,139,1,0,11.769172221,0
pde_nominal,2,8475,3,0,40,30,70,1,1,9.68836681474,0
pde_nominal,6,8122,11,1,50,0,50,1,0,6.69003768417,0
pde_nominal,5,10081,0,0,55,0,54,1,0,4.14459059913,0
pde_nominal,0,6996,14,1,55,0,52,1,0,3.82165422164,0
pde_nominal,4,5623,10,1,30,0,26,1,0,4.54337555735,0
pde_nominal,5,10079,6,0,37,0,35,1,0,4.8410595219,0
pde_nominal,8,5425,11,1,95,0,83,1,0,8.87722385685,0
pde_nominal,4,5621,1,0,17,0,11,1,0,8.06577252025,0
pde_nominal,6,8121,14,1,224,0,207,1,0,9.34972445669,0
pde_nominal,6,8118,14,1,45,0,45,1,0,13.5907607502,0
pde_nominal,1,8490,3,0,84,0,84,1,0,4.52381961274,0
pde_nominal,4,5611,0,0,83,0,83,1,0,3.96098196874,0
pde_nominal,3,8459,15,1,41,0,41,1,0,3.40810294108,0
pde_nominal,5,10068,1,0,71,0,71,1,0,4.11211062117,0
pde_nominal,0,6987,10,1,25,0,25,1,0,3.42218419449,0
pde_nominal,7,5174,6,0,158,0,158,1,0,8.96926820292,0
pde_nominal,4,5609,9,1,42,0,42,1,0,3.31509163185,0
pde_nominal,2,8468,8,1,140,0,140,1,0,6.45492888858,0
pde_nominal,6,8114,5,0,50,13,63,1,1,7.4502081747,0
pde_nominal,3,8456,3,0,53,0,53,1,0,10.8273736348,0
pde_nominal,8,5416,6,0,66,0,66,1,0,5.54187729166,0
pde_nominal,8,5415,10,1,34,0,26,1,0,4.76625954123,0
pde_nominal,3,8448,7,0,37,0,37,1,0,5.6599151283,0
pde_nominal,5,10059,4,0,74,0,74,1,0,6.22596007002,0
pde_nominal,7,5169,9,1,73,0,73,1,0,4.88278929767,0
pde_nominal,5,10057,15,1,11,0,2,1,0,4.3501729435,0
pde_nominal,1,8482,15,1,21,0,6,1,0,3.62805085369,0
pde_nominal,2,8460,8,1,37,0,37,1,0,4.67740858343,0
pde_nominal,6,8109,15,1,28,0,28,1,0,10.5459272595,0
pde_nominal,5,10055,0,0,65,0,65,1,0,8.31296061299,0
pde_nominal,7,5165,11,1,64,0,64,1,0,5.41602692049,0
pde_nominal,3,8440,10,1,14,0,0,1,0,3.33087989361,0
pde_nominal,9,8145,1,0,27,0,22,1,0,7.68740274044,0
pde_nominal,3,8439,8,1,12,0,0,1,0,7.80561530122,0
pde_nominal,0,6971,9,1,20,0,19,1,0,6.85742098762,0
pde_nominal,1,8472,14,1,19,0,15,1,0,2.93121534227,0
pde_nominal,7,5155,3,0,88,0,88,1,0,5.87595601239,0
pde_nominal,3,8436,8,1,8,0,8,1,0,6.31111948962,0
pde_nominal,8,5400,5,0,23,0,15,1,0,8.73039938012,0
pde_nominal,6,8100,0,0,59,0,41,1,0,6.23736581138,0
pde_nominal,8,5398,11,1,31,0,31,1,0,4.9405752653,0
pde_nominal,8,5397,9,1,30,0,30,1,0,5.76376943335,0
pde_nominal,5,10041,7,0,47,0,47,1,0,5.13873705206,0
pde_nominal,7,5152,2,0,66,0,66,1,0,5.54545407804,0
pde_nominal,6,8097,14,1,72,0,72,1,0,4.70545513877,0
pde_nominal,6,8289,14,1,0,0,0,0,0,6.50969718701,0
pde_nominal,1,8464,10,1,80,0,80,1,0,6.77798668321,0
pde_nominal,7,5151,14,1,77,0,77,1,0,7.51604750622,0
pde_nominal,0,6962,2,0,20,0,20,1,0,4.5079791607,0
pde_nominal,4,5575,10,1,61,0,61,1,0,3.42789301926,0
pde_nominal,7,5147,3,0,74,0,74,1,0,3.74454889994,0
pde_nominal,6,8088,9,1,89,0,89,1,0,8.42568960465,0
pde_nominal,3,8426,6,0,87,0,87,1,0,5.7790449505,0
pde_nominal,7,5146,0,0,84,0,84,1,0,4.12781283464,0
pde_nominal,0,6953,7,0,35,0,35,1,0,4.91898644627,0
pde_nominal,1,8455,7,0,24,0,24,1,0,3.72984185204,0
pde_nominal,3,8423,15,1,135,0,135,1,0,7.32987482473,0
pde_nominal,7,5141,13,1,70,0,70,1,0,3.59493232494,0
pde_nominal,5,10023,5,0,25,0,25,1,0,4.48427087511,0
pde_nominal,2,8434,10,1,101,0,101,1,0,9.74562566667,0
pde_nominal,2,8433,11,1,54,0,54,1,0,7.4434518701,0
pde_nominal,4,5560,3,0,163,0,163,1,0,7.1509801016,0
pde_nominal,0,6946,0,0,57,0,57,1,0,3.51794942775,0
pde_nominal,3,8411,11,1,33,0,33,1,0,7.47248723589,0
pde_nominal,6,8073,2,0,66,0,66,1,0,5.93448888853,0
pde_nominal,1,8438,8,1,32,0,32,1,0,5.59966098193,0
pde_nominal,8,5368,12,1,74,0,74,1,0,3.25773985768,0
pde_nominal,7,5121,13,1,67,0,67,1,0,3.48709168741,0
pde_nominal,4,5550,2,0,113,0,113,1,0,5.10531376252,0
pde_nominal,0,6936,8,1,25,0,25,1,0,8.61008385196,0
pde_nominal,3,8401,12,1,22,0,22,1,0,5.09288012038,0
pde_nominal,8,5366,14,1,104,0,104,1,0,5.84058761807,0
pde_nominal,6,8065,12,1,43,0,43,1,0,4.29467921757,0
pde_nominal,3,8400,3,0,103,0,103,1,0,10.546486986,0
pde_nominal,1,8434,5,0,70,0,70,1,0,3.74592651677,0
pde_nominal,4,5542,5,0,74,0,74,1,0,3.58946074844,0
pde_nominal,0,6932,8,1,129,0,129,1,0,6.71934863515,0
pde_nominal,5,10010,0,0,68,0,68,1,0,4.45519378628,0
pde_nominal,1,8427,3,0,57,0,57,1,0,5.67762261887,0
pde_nominal,6,8062,12,1,7,0,7,1,0,3.6916015215,0
pde_nominal,3,8393,3,0,10,0,10,1,0,10.5462952762,0
pde_nominal,5,10004,8,1,92,0,92,1,0,5.05536113165,0
pde_nominal,2,8414,4,0,73,0,73,1,0,3.96690340346,0
pde_nominal,8,5349,2,0,83,0,83,1,0,3.2338088124,0
pde_nominal,3,8387,12,1,10,0,10,1,0,5.07767778524,0
pde_nominal,9,8088,14,1,49,0,49,1,0,4.56394477573,0
pde_nominal,1,8416,3,0,41,0,41,1,0,5.4272416532,0
pde_nominal,2,8406,12,1,139,0,139,1,0,9.76378555508,0
pde_nominal,8,5335,11,1,184,0,184,1,0,7.86353661348,0
pde_nominal,6,8045,2,0,117,0,117,1,0,7.15460684862,0
pde_nominal,6,8044,8,1,17,0,17,1,0,2.99873789627,0
pde_nominal,9,8319,9,1,6,3,9,1,1,5.40846580273,0
pde_nominal,2,8401,13,1,11,0,11,1,0,4.52968096735,0
pde_nominal,8,5331,0,0,111,0,111,1,0,4.26399028611,0
pde_nominal,5,9993,12,1,63,0,63,1,0,4.21721187475,0
pde_nominal,7,5089,8,1,68,0,68,1,0,3.54710022866,0
pde_nominal,2,8397,13,1,15,0,15,1,0,3.20871017445,0
pde_nominal,7,5087,13,1,89,0,89,1,0,4.329327038,0
pde_nominal,0,6898,5,0,46,0,46,1,0,6.88775233301,0
pde_nominal,4,8688,5,0,77,0,77,1,0,4.95789738295,0
pde_nominal,5,9984,9,1,9,0,9,1,0,3.51143523461,0
pde_nominal,3,8357,9,1,75,0,75,1,0,6.93972923017,0
pde_nominal,8,5323,0,0,52,0,52,1,0,3.23531988206,0
pde_nominal,3,8354,15,1,46,0,46,1,0,4.98004615718,0
pde_nominal,6,8037,4,0,216,0,216,1,0,11.2189512097,0
pde_nominal,7,5082,8,1,196,0,196,1,0,8.89859823069,0
pde_nominal,0,6890,14,1,42,0,42,1,0,5.7557894735,0
pde_nominal,2,8385,6,0,66,0,66,1,0,5.9472120302,0
pde_nominal,9,8049,15,1,14,0,14,1,0,5.4078840967,0
pde_nominal,1,8397,8,1,43,0,43,1,0,6.80295904012,0
pde_nominal,4,8675,2,0,106,0,106,1,0,5.79501566926,0
pde_nominal,4,8672,15,1,22,0,22,1,0,6.91673893963,0
pde_nominal,5,9968,14,1,46,0,46,1,0,7.60166453942,0
pde_nominal,0,7684,3,0,19,0,19,1,0,13.1685063152,0
pde_nominal,7,5073,9,1,98,0,98,1,0,4.68719261914,0
pde_nominal,4,8664,15,1,6,0,6,1,0,7.61131280966,0
pde_nominal,0,6859,4,0,33,0,33,1,0,6.22619514113,0
pde_nominal,2,8368,0,0,5,0,5,1,0,4.49014308967,0
pde_nominal,1,8386,11,1,18,9,27,1,1,6.16922717262,0
pde_nominal,2,8367,7,0,47,0,47,1,0,5.71395480102,0
pde_nominal,7,5065,1,0,117,0,117,1,0,5.48569208582,0
pde_nominal,5,9957,1,0,92,0,92,1,0,5.69708987376,0
pde_nominal,2,8362,14,1,58,0,58,1,0,4.6158536532,0
pde_nominal,0,6852,3,0,72,0,72,1,0,4.26175696599,0
pde_nominal,0,6848,6,0,9,0,9,1,0,2.82825984361,0
pde_nominal,4,8649,15,1,2,0,2,1,0,4.1502591958,0
pde_nominal,3,8326,7,0,21,0,21,1,0,5.3614660761,0
pde_nominal,2,8357,1,0,248,0,248,1,0,11.1722057659,0
pde_nominal,9,8039,9,1,31,0,31,1,0,5.84145319798,0
pde_nominal,2,8356,13,1,30,0,30,1,0,3.9364029768,0
pde_nominal,4,8647,1,0,105,0,105,1,0,5.03211469242,0
pde_nominal,2,8349,1,0,59,0,59,1,0,5.22516155685,0
pde_nominal,9,8029,10,1,98,0,98,1,0,7.50482694268,0
pde_nominal,5,9952,2,0,165,0,165,1,0,7.99160231122,0
pde_nominal,2,8345,13,1,76,0,76,1,0,7.00051152225,0
pde_nominal,1,8371,13,1,128,0,128,1,0,12.242123269,0
pde_nominal,5,9951,14,1,73,0,73,1,0,5.4266328296,0
pde_nominal,4,8643,0,0,109,0,109,1,0,7.3374518892,0
pde_nominal,4,8641,14,1,76,0,76,1,0,11.8211301926,0
pde_nominal,9,8020,13,1,114,0,114,1,0,6.43678663473,0
pde_nominal,6,7987,5,0,17,0,17,1,0,3.37547240058,0
pde_nominal,7,5048,2,0,67,0,67,1,0,3.4900691216,0
pde_nominal,8,9224,9,1,50,14,64,1,1,6.10841463506,0
pde_nominal,4,8636,13,1,33,0,33,1,0,5.92993146884,0
pde_nominal,6,7981,3,0,23,0,23,1,0,6.69107795512,0
pde_nominal,8,9219,12,1,6,0,6,1,0,4.71290405274,0
pde_nominal,4,8628,11,1,52,0,50,1,0,3.64607748787,0
pde_nominal,6,7979,7,0,16,0,15,1,0,4.77346190994,0
pde_nominal,0,6828,4,0,18,0,9,1,0,6.92781755003,0
pde_nominal,4,8699,14,1,22,0,7,1,0,9.77611113205,0
pde_nominal,5,9933,3,0,18,0,17,1,0,4.05693324812,0
pde_nominal,3,8310,7,0,251,0,231,1,0,11.1630393309,0
pde_nominal,4,8625,13,1,69,0,66,1,0,4.70391208633,0
pde_nominal,6,7977,4,0,52,0,52,1,0,5.27037741751,0
pde_nominal,3,8307,7,0,55,0,55,1,0,5.09330740037,0
pde_nominal,8,9213,1,0,123,0,123,1,0,8.61092971262,0
pde_nominal,4,8624,11,1,87,0,87,1,0,5.8402098407,0
pde_nominal,5,9928,9,1,94,0,94,1,0,6.01056094517,0
pde_nominal,4,8620,4,0,16,0,0,1,0,5.6413545895,0
pde_nominal,5,9927,6,0,40,0,18,1,0,9.90369189651,0
pde_nominal,1,8347,14,1,33,0,11,1,0,6.12020906255,0
pde_nominal,1,8343,10,1,26,0,26,1,0,5.23241104048,0
pde_nominal,1,8341,4,0,25,0,1,1,0,3.6332590923,0
pde_nominal,5,9924,11,1,43,0,25,1,0,4.48638227475,0
pde_nominal,5,9922,3,0,17,0,2,1,0,5.08506654729,0
pde_nominal,9,7999,12,1,38,0,15,1,0,6.89926905559,0
pde_nominal,0,6814,5,0,131,0,59,1,0,10.6213309959,0
pde_nominal,4,8609,12,1,2,0,0,1,0,4.42798848142,0
pde_nominal,6,7961,1,0,20,0,0,1,0,5.86376816045,0
pde_nominal,2,8314,13,1,77,0,44,1,0,5.33990749788,0
pde_nominal,8,9197,12,1,43,0,31,1,0,3.81796039394,0
pde_nominal,2,8312,6,0,9,0,8,1,0,3.3269850504,0
pde_nominal,4,8601,1,0,31,0,2,1,0,5.15900739606,0
pde_nominal,8,9194,2,0,68,0,7,1,0,8.68842833363,0
pde_nominal,5,9910,12,1,21,0,21,1,0,6.95041123281,0
pde_nominal,2,8308,4,0,41,0,41,1,0,4.48828159566,0
pde_nominal,6,7951,2,0,46,0,46,1,0,4.91534371554,0
pde_nominal,5,9907,0,0,52,0,39,1,0,10.9206441351,0
pde_nominal,4,8598,15,1,89,25,97,1,1,7.66501102016,0
pde_nominal,9,7978,12,1,30,0,12,1,0,8.00714476802,0
pde_nominal,9,7976,7,0,5,0,0,1,0,4.98951926346,0
pde_nominal,3,8278,11,1,41,0,13,1,0,7.02041517657,0
pde_nominal,6,7943,15,1,35,0,7,1,0,9.8658975922,0
pde_nominal,6,8290,15,1,0,0,0,0,0,12.9451147781,0
pde_nominal,2,8296,14,1,33,0,16,1,0,5.07192283872,0
pde_nominal,4,8590,5,0,1,0,0,1,0,4.14770888872,0
pde_nominal,0,6790,3,0,16,0,0,1,0,3.65598365662,0
pde_nominal,8,9180,0,0,98,0,36,1,0,7.06152690105,0
pde_nominal,1,8307,6,0,49,0,49,1,0,4.46481362044,0
pde_nominal,1,8305,12,1,32,0,32,1,0,10.4130157724,0
pde_nominal,2,8286,15,1,16,0,16,1,0,3.30609878296,0
pde_nominal,5,9888,14,1,76,0,76,1,0,8.36516296331,0
pde_nominal,1,8303,13,1,24,0,24,1,0,15.793690299,0
pde_nominal,0,6783,3,0,28,8,36,1,1,4.32229737636,0
pde_nominal,8,9174,7,0,52,0,52,1,0,4.55577585094,0
pde_nominal,6,7918,1,0,99,0,78,1,0,7.32711711015,0
pde_nominal,7,9218,0,0,10,0,10,1,0,4.96078055843,0
pde_nominal,7,9216,4,0,19,0,19,1,0,7.88343510093,0
pde_nominal,0,6770,12,1,47,0,31,1,0,6.77369002718,0
pde_nominal,7,9214,3,0,51,0,51,1,0,6.7991423696,0
pde_nominal,1,8290,9,1,9,0,5,1,0,3.17047680163,0
pde_nominal,8,9163,10,1,37,0,0,1,0,6.98872192282,0
pde_nominal,4,8564,13,1,0,0,0,1,0,6.56593887304,0
pde_nominal,0,6768,10,1,41,0,1,1,0,5.30698406064,0
pde_nominal,3,8254,9,1,49,0,3,1,0,6.16395112887,0
pde_nominal,7,9208,11,1,42,0,42,1,0,5.78347249673,0
pde_nominal,1,8283,9,1,133,0,110,1,0,7.68343198114,0
pde_nominal,2,8269,6,0,69,0,62,1,0,4.29149294241,0
pde_nominal,4,8561,14,1,78,0,69,1,0,6.15854571162,0
pde_nominal,5,9874,6,0,14,0,0,1,0,3.36985347347,0
pde_nominal,8,9158,10,1,56,0,2,1,0,8.63237416999,0
pde_nominal,9,7953,11,1,45,0,27,1,0,7.47152917717,0
pde_nominal,9,8320,11,1,0,0,0,0,0,9.60072106885,0
pde_nominal,7,9204,4,0,26,0,26,1,0,3.91149583318,0
pde_nominal,3,8248,0,0,67,0,57,1,0,5.38964051744,0
pde_nominal,2,8267,6,0,103,0,46,1,0,14.3246638423,0
pde_nominal,4,8557,5,0,73,0,42,1,0,5.41064633319,0
pde_nominal,1,8281,11,1,71,0,41,1,0,5.04955084981,0
pde_nominal,4,8556,12,1,1,0,0,1,0,2.98820282304,0
pde_nominal,8,9156,3,0,38,0,5,1,0,5.96738974611,0
pde_nominal,8,9155,12,1,8,0,0,1,0,4.63272928194,0
pde_nominal,0,6756,13,1,65,0,48,1,0,4.72840724748,0
pde_nominal,8,9153,5,0,96,0,72,1,0,7.0266918318,0
pde_nominal,9,7944,9,1,58,0,51,1,0,5.44307562192,0
pde_nominal,5,9865,15,1,95,0,74,1,0,5.51488592044,0
pde_nominal,3,8238,0,0,47,0,32,1,0,4.77645000484,0
pde_nominal,9,7940,8,1,37,0,28,1,0,7.26583732307,0
pde_nominal,1,8269,13,1,23,0,23,1,0,5.17927558868,0
pde_nominal,2,8248,15,1,13,0,6,1,0,7.67547609747,0
pde_nominal,2,8843,15,1,0,0,0,0,0,12.3641764835,0
pde_nominal,2,8247,6,0,41,0,25,1,0,5.88660027246,0
pde_nominal,3,8230,5,0,6,0,1,1,0,4.12829817418,0
pde_nominal,3,8501,5,0,0,0,0,0,0,6.40593305233,0
pde_nominal,5,9848,9,1,10,0,10,1,0,3.03749045413,0
pde_nominal,7,9178,5,0,27,0,27,1,0,8.94472021756,0
pde_nominal,0,6736,9,1,85,0,85,1,0,6.60242743124,0
pde_nominal,8,9143,14,1,85,0,85,1,0,6.47312767064,0
pde_nominal,4,8539,2,0,71,0,71,1,0,4.70890304505,0
pde_nominal,6,7874,9,1,86,0,86,1,0,11.8992586804,0
pde_nominal,1,8261,2,0,62,0,62,1,0,6.69110424558,0
pde_nominal,0,6734,12,1,36,0,36,1,0,3.08667351687,0
pde_nominal,4,8537,8,1,11,0,11,1,0,3.94675823364,0
pde_nominal,1,8258,5,0,46,0,46,1,0,3.97707044544,0
pde_nominal,8,9139,3,0,35,0,31,1,0,5.7926158443,0
pde_nominal,0,6730,5,0,8,0,8,1,0,3.76050863623,0
pde_nominal,8,9138,5,0,92,28,105,1,1,7.7759367839,0
pde_nominal,4,8531,7,0,4,0,4,1,0,4.93654323862,0
pde_nominal,7,9166,8,1,58,0,58,1,0,4.4685823183,0
pde_nominal,7,9165,8,1,25,0,25,1,0,7.26777596922,0
pde_nominal,3,8216,1,0,42,0,42,1,0,3.38529937265,0
pde_nominal,4,8528,9,1,31,0,26,1,0,4.21065355412,0
pde_nominal,7,9162,10,1,39,0,39,1,0,7.37346632637,0
pde_nominal,6,7865,7,0,51,0,50,1,0,4.32377753107,0
pde_nominal,5,9836,8,1,96,0,90,1,0,7.43736616184,0
pde_nominal,3,8213,13,1,79,0,70,1,0,4.84202358666,0
pde_nominal,7,9158,13,1,95,0,95,1,0,7.09516562332,0
pde_nominal,5,9832,6,0,32,0,32,1,0,6.24683206971,0
pde_nominal,3,8210,7,0,20,0,20,1,0,6.07913967197,0
pde_nominal,8,9130,2,0,15,0,15,1,0,6.52584596435,0
pde_nominal,0,6723,7,0,97,0,97,1,0,10.4090021381,0
pde_nominal,0,7686,7,0,0,0,0,0,0,11.0031631143,0
pde_nominal,9,7920,9,1,107,0,107,1,0,7.34951214723,0
pde_nominal,8,9128,5,0,33,0,33,1,0,4.3387975603,0
pde_nominal,1,8244,15,1,34,0,28,1,0,4.35227932726,0
pde_nominal,6,7855,4,0,37,0,29,1,0,5.64480211371,0
pde_nominal,5,9826,1,0,169,0,155,1,0,8.2379691081,0
pde_nominal,3,8202,6,0,45,0,17,1,0,5.38520863368,0
pde_nominal,6,7849,6,0,20,0,1,1,0,4.77098600324,0
pde_nominal,5,9821,8,1,12,0,12,1,0,5.59701788833,0
pde_nominal,8,9118,4,0,32,0,32,1,0,3.75211480885,0
pde_nominal,7,9146,8,1,52,0,52,1,0,6.94838938345,0
pde_nominal,8,9115,7,0,33,0,33,1,0,8.99001471868,0
pde_nominal,3,8196,3,0,78,0,78,1,0,7.04847382922,0
pde_nominal,3,8194,12,1,52,0,52,1,0,4.02467769088,0
pde_nominal,9,7902,7,0,47,0,42,1,0,4.98304457265,0
pde_nominal,6,7846,4,0,130,0,109,1,0,10.4335156532,0
pde_nominal,8,9109,3,0,14,0,8,1,0,6.2556552602,0
pde_nominal,3,8187,2,0,59,0,59,1,0,4.93997423668,0
pde_nominal,2,8210,13,1,66,0,43,1,0,5.60834155469,0
pde_nominal,8,9103,3,0,35,0,25,1,0,5.19861722643,0
pde_nominal,6,7833,0,0,108,0,62,1,0,9.01063126791,0
pde_nominal,0,6689,8,1,15,9,24,1,1,6.12051864076,0
pde_nominal,5,9806,11,1,34,0,0,1,0,7.08806134716,0
pde_nominal,1,8212,6,0,45,0,4,1,0,6.28184455061,0
pde_nominal,4,8495,7,0,46,0,4,1,0,4.63946160162,0
pde_nominal,8,9100,0,0,30,0,4,1,0,5.04481153887,0
pde_nominal,7,9128,5,0,18,20,18,1,1,8.1607671425,0
pde_nominal,0,6685,1,0,34,0,19,1,0,4.28993074392,0
pde_nominal,1,8208,9,1,23,0,23,1,0,17.087234437,0
pde_nominal,3,8181,14,1,57,0,24,1,0,5.91455844544,0
pde_nominal,9,7887,6,0,22,0,20,1,0,4.66771109808,0
pde_nominal,7,9127,10,1,62,0,62,1,0,6.52077876545,0
pde_nominal,5,9802,14,1,14,0,14,1,0,5.00437468557,0
pde_nominal,6,8293,14,1,40,0,40,1,0,5.69733063585,0
pde_nominal,8,9094,5,0,15,0,15,1,0,5.96950844119,0
pde_nominal,3,8178,8,1,92,0,82,1,0,4.28800709779,0
pde_nominal,4,8485,5,0,41,25,61,1,1,5.99627717197,0
pde_nominal,8,9091,0,0,0,0,0,1,0,4.95397754545,0
pde_nominal,0,6679,0,0,32,0,29,1,0,4.61290949957,0
pde_nominal,3,8176,1,0,34,0,29,1,0,5.24374251594,0
pde_nominal,0,6678,0,0,52,0,39,1,0,6.68038477135,0
pde_nominal,4,8484,6,0,173,0,108,1,0,11.9976328375,0
pde_nominal,5,9797,13,1,226,0,151,1,0,16.8862996735,0
pde_nominal,5,10126,13,1,0,0,0,0,0,17.7325520424,0
pde_nominal,1,8194,11,1,58,0,47,1,0,8.91414867861,0
pde_nominal,5,9794,10,1,40,0,4,1,0,4.06973260796,0
pde_nominal,9,7871,10,1,2,0,2,1,0,4.21090714432,0
pde_nominal,4,8478,15,1,66,0,41,1,0,4.03461074542,0
pde_nominal,1,8189,12,1,73,0,73,1,0,9.1265202912,0
pde_nominal,7,9107,14,1,23,0,23,1,0,5.50465279022,0
pde_nominal,9,7864,1,0,10,0,8,1,0,8.55222916995,0
pde_nominal,3,8158,4,0,30,4,26,1,1,7.5757592793,0
pde_nominal,4,8476,7,0,57,0,38,1,0,7.95482347925,0
pde_nominal,2,8186,10,1,8,0,8,1,0,5.09562026703,0
pde_nominal,6,7810,5,0,34,0,34,1,0,8.16159927315,0
pde_nominal,9,7863,8,1,54,0,42,1,0,8.16194071818,0
pde_nominal,0,6666,15,1,82,0,72,1,0,5.28202990102,0
pde_nominal,8,9077,9,1,17,20,37,1,1,7.88982780535,0
pde_nominal,7,9102,7,0,172,0,172,1,0,9.03975124791,0
pde_nominal,7,9101,13,1,10,0,10,1,0,3.87087927881,0
pde_nominal,0,6661,0,0,52,0,42,1,0,5.75263899167,0
pde_nominal,5,9781,14,1,24,0,6,1,0,3.30308428178,0
pde_nominal,8,9072,10,1,21,0,3,1,0,5.18145164598,0
pde_nominal,3,8149,12,1,37,0,12,1,0,5.9530477578,0
pde_nominal,2,8171,8,1,36,0,33,1,0,3.37943013223,0
pde_nominal,9,7844,8,1,31,0,31,1,0,8.80691363968,0
pde_nominal,4,8457,4,0,9,0,9,1,0,3.51741614464,0
pde_nominal,2,8167,13,1,82,0,50,1,0,11.8314404488,0
pde_nominal,1,8171,0,0,15,0,2,1,0,4.0480867134,0
pde_nominal,8,9054,1,0,11,0,11,1,0,5.54781600048,0
pde_nominal,2,8162,0,0,4,0,4,1,0,4.86505613901,0
pde_nominal,5,9767,6,0,21,0,21,1,0,3.33841233383,0
pde_nominal,4,8450,4,0,69,0,69,1,0,6.12551657439,0
pde_nominal,5,10127,10,1,54,0,54,1,0,11.1297951079,0
pde_nominal,9,7832,10,1,83,0,83,1,0,7.03391253996,0
pde_nominal,6,7789,0,0,49,0,49,1,0,5.70576656781,0
pde_nominal,3,8128,8,1,76,0,68,1,0,4.0571536012,0
pde_nominal,6,7788,10,1,72,0,62,1,0,11.3302021001,0
pde_nominal,1,8167,11,1,23,0,12,1,0,8.30916062392,0
pde_nominal,0,6639,12,1,19,0,19,1,0,6.66927732246,0
pde_nominal,1,8164,0,0,31,0,31,1,0,4.97977606059,0
pde_nominal,4,8444,2,0,20,0,11,1,0,6.87226037932,0
pde_nominal,9,7826,1,0,78,0,42,1,0,6.65139327986,0
pde_nominal,4,8441,3,0,38,0,37,1,0,6.32494865877,0
pde_nominal,7,9076,4,0,74,0,74,1,0,5.02946546997,0
pde_nominal,3,8122,6,0,22,0,22,1,0,13.2964390526,0
pde_nominal,1,8160,14,1,90,0,78,1,0,5.05982737822,0
pde_nominal,2,8147,8,1,34,0,34,1,0,7.07678177929,0
pde_nominal,3,8118,5,0,28,0,28,1,0,4.9686319599,0
pde_nominal,4,8438,2,0,85,0,83,1,0,5.19854322872,0
pde_nominal,2,8146,14,1,58,0,58,1,0,3.75633634138,0
pde_nominal,4,8437,3,0,46,0,46,1,0,3.58626539208,0
pde_nominal,0,6625,3,0,39,0,39,1,0,3.37185817864,0
pde_nominal,0,6623,10,1,13,0,13,1,0,5.84465552836,0
pde_nominal,6,7771,11,1,13,0,13,1,0,3.8946447336,0
pde_nominal,7,9070,3,0,83,0,83,1,0,10.186679865,0
pde_nominal,8,9027,1,0,108,0,108,1,0,5.52969579701,0
pde_nominal,7,9068,13,1,15,0,15,1,0,4.41043849349,0
pde_nominal,1,8153,2,0,132,0,132,1,0,6.15034260329,0
pde_nominal,4,8431,13,1,30,0,30,1,0,7.38710576421,0
pde_nominal,3,8110,3,0,0,0,0,1,0,3.99062234156,0
pde_nominal,3,8108,2,0,38,0,19,1,0,6.98449327281,0
pde_nominal,2,8137,9,1,88,0,64,1,0,8.08360801679,0
pde_nominal,8,9022,12,1,74,0,58,1,0,4.50494753124,0
pde_nominal,9,7811,1,0,30,0,26,1,0,3.23911020036,0
pde_nominal,8,9020,6,0,21,0,21,1,0,4.85061859562,0
pde_nominal,5,9739,4,0,37,0,37,1,0,3.6810399142,0
pde_nominal,6,7767,0,0,108,0,108,1,0,4.81704256165,0
pde_nominal,3,8106,2,0,78,0,62,1,0,7.71094505369,0
pde_nominal,9,7808,13,1,23,17,30,1,1,9.44252537071,0
pde_nominal,9,7807,1,0,12,0,2,1,0,5.37044590858,0
pde_nominal,2,8131,2,0,43,0,12,1,0,5.06257173226,0
pde_nominal,6,7764,1,0,103,0,81,1,0,5.31593487914,0
pde_nominal,9,7802,15,1,21,0,21,1,0,9.69796631243,0
pde_nominal,8,9018,9,1,272,0,220,1,0,14.2862798136,0
pde_nominal,7,9051,3,0,39,0,39,1,0,3.08967609504,0
pde_nominal,3,8098,1,0,28,0,28,1,0,5.61341081719,0
pde_nominal,5,9729,6,0,177,0,177,1,0,9.41215931413,0
pde_nominal,1,8138,5,0,126,0,126,1,0,6.02419555698,0
pde_nominal,0,6604,7,0,111,20,131,1,1,10.0115256358,0
pde_nominal,5,9714,6,0,11,0,11,1,0,4.06815450587,0
pde_nominal,1,8133,0,0,40,0,40,1,0,4.61334094113,0
pde_nominal,7,9047,13,1,83,0,83,1,0,5.42331113856,0
pde_nominal,6,7756,5,0,313,0,297,1,0,13.4990652471,0
pde_nominal,0,6590,1,0,114,0,114,1,0,7.10462323091,0
pde_nominal,7,9040,0,0,55,0,55,1,0,5.14370777205,0
pde_nominal,4,8416,5,0,84,0,84,1,0,3.88149641984,0
pde_nominal,6,7745,12,1,7,0,0,1,0,4.74301680233,0
pde_nominal,1,8124,7,0,31,0,10,1,0,5.15132523796,0
pde_nominal,6,7744,11,1,7,0,1,1,0,9.10861567662,0
pde_nominal,0,6584,13,1,48,0,27,1,0,4.41204944732,0
pde_nominal,8,8996,14,1,111,0,66,1,0,10.7944295993,0
pde_nominal,4,8410,4,0,92,0,92,1,0,7.99919639002,0
pde_nominal,5,9698,5,0,32,0,32,1,0,3.77427382236,0
pde_nominal,8,8988,5,0,11,0,11,1,0,5.14104791887,0
pde_nominal,8,8987,3,0,17,0,17,1,0,4.41579765273,0
pde_nominal,7,9027,8,1,11,0,11,1,0,8.24935254014,0
pde_nominal,5,9691,4,0,89,0,80,1,0,7.16902300394,0
pde_nominal,0,6575,0,0,41,0,41,1,0,6.09442614328,0
pde_nominal,2,8095,3,0,22,0,22,1,0,3.42718868044,0
pde_nominal,6,7731,11,1,261,0,238,1,0,13.8436900625,0
pde_nominal,1,8110,0,0,63,0,40,1,0,6.04862543486,0
pde_nominal,3,8063,3,0,99,0,61,1,0,6.74774175268,0
pde_nominal,5,9686,3,0,34,0,34,1,0,12.9866310069,0
pde_nominal,4,8390,9,1,16,0,16,1,0,3.57166857604,0
pde_nominal,2,8086,15,1,18,0,18,1,0,7.38275982369,0
pde_nominal,9,7752,14,1,99,0,99,1,0,6.41993780751,0
pde_nominal,0,6567,0,0,11,0,11,1,0,4.21888480429,0
pde_nominal,4,8386,12,1,10,0,10,1,0,17.7546060461,0
pde_nominal,0,6558,9,1,73,0,25,1,0,7.03777202988,0
pde_nominal,1,8100,10,1,28,0,6,1,0,5.66592135066,0
pde_nominal,5,9678,5,0,75,0,37,1,0,5.98459186916,0
pde_nominal,1,8098,10,1,54,0,34,1,0,9.55439477737,0
pde_nominal,5,9672,9,1,6,0,4,1,0,4.14155892518,0
pde_nominal,3,8049,12,1,15,0,15,1,0,3.97432339897,0
pde_nominal,1,8092,14,1,8,0,7,1,0,4.08560867634,0
pde_nominal,5,9667,1,0,24,0,24,1,0,4.37147932358,0
pde_nominal,8,8965,5,0,4,0,4,1,0,4.40179486913,0
pde_nominal,9,7734,3,0,17,0,17,1,0,3.29384512038,0
pde_nominal,6,7711,9,1,35,0,33,1,0,4.0450238475,0
pde_nominal,0,6543,3,0,81,0,79,1,0,4.40273977811,0
pde_nominal,2,8078,13,1,277,0,267,1,0,13.6651083417,0
pde_nominal,3,8043,6,0,82,0,81,1,0,4.32768001139,0
pde_nominal,5,9659,13,1,27,0,2,1,0,4.40636644566,0
pde_nominal,8,8958,1,0,25,0,25,1,0,6.02079880215,0
pde_nominal,0,6535,12,1,32,0,32,1,0,7.75822947001,0
pde_nominal,2,8075,9,1,57,0,57,1,0,7.41200849323,0
pde_nominal,9,7722,13,1,23,0,23,1,0,5.94744751616,0
pde_nominal,3,8036,0,0,40,0,40,1,0,5.94175113993,0
pde_nominal,2,8072,7,0,91,0,91,1,0,5.84124069903,0
pde_nominal,3,8035,14,1,43,0,43,1,0,4.99714812068,0
pde_nominal,4,8369,1,0,16,0,16,1,0,6.25887696238,0
pde_nominal,3,8034,14,1,71,0,71,1,0,8.0688563394,0
pde_nominal,3,8031,12,1,5,0,5,1,0,7.52522814525,0
pde_nominal,4,8358,14,1,30,0,30,1,0,3.81037336797,0
pde_nominal,9,7708,13,1,77,0,77,1,0,4.73067620831,0
pde_nominal,2,8062,2,0,44,0,28,1,0,3.91864679746,0
pde_nominal,9,7705,13,1,11,0,0,1,0,4.37638679066,0
pde_nominal,3,8021,10,1,24,0,5,1,0,9.75667955538,0
pde_nominal,9,8324,7,0,5,0,0,1,0,10.7799799974,0
pde_nominal,6,7691,14,1,22,0,1,1,0,5.98397041413,0
pde_nominal,0,6516,9,1,7,0,0,1,0,3.42186818783,0
pde_nominal,9,7702,11,1,52,0,3,1,0,10.434987537,0
pde_nominal,5,9643,5,0,56,0,2,1,0,5.44376202966,0
pde_nominal,8,8937,11,1,7,0,7,1,0,7.17919345157,0
pde_nominal,5,9641,3,0,87,0,71,1,0,9.25571515941,0
pde_nominal,0,6512,10,1,75,0,44,1,0,6.19874147542,0
pde_nominal,9,7692,5,0,7,0,7,1,0,2.92293582354,0
pde_nominal,3,8009,3,0,17,0,0,1,0,5.82538209349,0
pde_nominal,5,9631,9,1,10,0,0,1,0,3.79183099455,0
pde_nominal,2,8046,11,1,17,0,11,1,0,5.44440375699,0
pde_nominal,5,9629,15,1,4,0,4,1,0,13.889531168,0
pde_nominal,7,8972,7,0,33,0,33,1,0,6.6397659045,0
pde_nominal,7,8970,12,1,43,0,43,1,0,6.27527959922,0
pde_nominal,2,8043,1,0,31,0,31,1,0,4.37050369122,0
pde_nominal,5,9625,7,0,20,0,20,1,0,3.06882620885,0
pde_nominal,5,9624,10,1,18,0,18,1,0,8.02872476503,0
pde_nominal,4,8332,0,0,80,0,80,1,0,6.38840767162,0
pde_nominal,2,8042,13,1,52,0,28,1,0,4.68946694807,0
pde_nominal,4,8330,11,1,22,0,5,1,0,6.88104497633,0
pde_nominal,8,8923,1,0,35,0,24,1,0,6.12012051088,0
pde_nominal,8,8921,0,0,45,0,24,1,0,5.13082883591,0
pde_nominal,4,8326,6,0,7,0,6,1,0,5.32397615764,0
pde_nominal,6,7674,9,1,114,0,106,1,0,11.4479792733,0
pde_nominal,3,8003,4,0,88,0,88,1,0,6.34103630038,0
pde_nominal,5,9618,5,0,18,0,2,1,0,3.39956639193,0
pde_nominal,6,7670,2,0,47,0,47,1,0,6.50983659455,0
pde_nominal,7,8959,9,1,62,0,62,1,0,4.49011257408,0
pde_nominal,8,8910,10,1,15,0,11,1,0,4.89397933792,0
pde_nominal,7,8956,5,0,91,0,91,1,0,8.30737332716,0
pde_nominal,9,7676,7,0,57,0,57,1,0,5.81860190972,0
pde_nominal,7,9276,1,0,62,0,62,1,0,9.62685286461,0
pde_nominal,2,8031,15,1,45,0,45,1,0,7.70245153432,0
pde_nominal,6,7662,8,1,4,0,4,1,0,4.7280666358,0
pde_nominal,6,7653,0,0,30,0,3,1,0,4.7975622042,0
pde_nominal,1,8038,10,1,7,0,1,1,0,3.53477767502,0
pde_nominal,9,7671,2,0,75,0,18,1,0,6.55265906404,0
pde_nominal,4,8298,10,1,50,0,50,1,0,2.94896525524,0
pde_nominal,4,8705,8,1,12,0,11,1,0,7.98614556899,0
pde_nominal,5,9593,4,0,14,0,6,1,0,11.5094345786,0
pde_nominal,2,8026,1,0,175,0,121,1,0,14.5296189647,0
pde_nominal,2,8024,14,1,69,0,46,1,0,5.78981830425,0
pde_nominal,9,7666,8,1,27,0,13,1,0,7.1946355231,0
pde_nominal,3,7991,11,1,3,0,3,1,0,3.63430684665,0
pde_nominal,5,9588,14,1,75,0,75,1,0,3.89449138541,0
pde_nominal,7,8934,7,0,72,0,72,1,0,5.82380819712,0
pde_nominal,8,8884,13,1,57,0,48,1,0,7.42373696444,0
pde_nominal,8,8883,7,0,29,14,0,1,1,6.07945891047,0
pde_nominal,0,6476,4,0,25,0,0,1,0,10.7728640041,0
pde_nominal,3,7984,11,1,38,0,38,1,0,3.95867181784,0
pde_nominal,4,8282,9,1,43,0,43,1,0,4.83985068515,0
pde_nominal,2,8012,12,1,71,0,71,1,0,4.90378028479,0
pde_nominal,9,7658,3,0,2,0,2,1,0,3.71613688367,0
pde_nominal,6,7634,15,1,101,0,99,1,0,5.00489440182,0
pde_nominal,8,8876,10,1,24,0,24,1,0,7.16630484369,0
pde_nominal,0,6468,7,0,35,0,35,1,0,5.04145005349,0
pde_nominal,6,7631,1,0,9,0,6,1,0,3.95793061213,0
pde_nominal,3,7981,5,0,118,0,110,1,0,13.1921423521,0
pde_nominal,0,6467,15,1,28,0,15,1,0,3.10438858299,0
pde_nominal,9,7651,10,1,79,0,17,1,0,5.97577861985,0
pde_nominal,0,6463,9,1,23,0,0,1,0,6.33960297058,0
pde_nominal,5,9568,4,0,10,0,0,1,0,7.66483661562,0
pde_nominal,9,7647,9,1,20,0,0,1,0,4.25271168968,0
pde_nominal,7,8917,5,0,51,0,51,1,0,4.77827475062,0
pde_nominal,7,8916,15,1,128,0,128,1,0,7.73448701134,0
pde_nominal,7,8915,8,1,6,0,6,1,0,4.05962438625,0
pde_nominal,3,7971,2,0,50,0,50,1,0,9.27883829358,0
pde_nominal,8,8856,9,1,16,0,16,1,0,4.0745217662,0
pde_nominal,9,7637,11,1,137,0,137,1,0,8.33518069072,0
pde_nominal,2,7984,0,0,71,0,71,1,0,6.99239292101,0
pde_nominal,3,7965,7,0,50,0,50,1,0,6.99445656192,0
pde_nominal,5,9551,2,0,65,0,65,1,0,7.68705752429,0
pde_nominal,4,8258,3,0,48,0,48,1,0,5.37719403466,0
pde_nominal,6,7618,2,0,176,0,156,1,0,12.8470316033,0
pde_nominal,5,9546,3,0,28,0,2,1,0,4.09098210727,0
pde_nominal,2,7980,15,1,21,0,0,1,0,4.80047673471,0
pde_nominal,8,8847,0,0,205,0,144,1,0,13.1477343896,0
pde_nominal,1,8002,0,0,56,24,52,1,1,7.46824801462,0
pde_nominal,9,7626,0,0,29,24,53,1,1,7.36568795119,0
pde_nominal,1,7997,11,1,76,0,76,1,0,5.94701085179,0
pde_nominal,6,7613,11,1,119,0,119,1,0,5.29750067966,0
pde_nominal,0,6441,11,1,16,0,16,1,0,4.43791766704,0
pde_nominal,6,7612,2,0,58,31,89,1,1,7.1239485082,0
pde_nominal,7,8893,5,0,126,0,126,1,0,7.9187694616,0
pde_nominal,4,8245,6,0,4,0,3,1,0,3.75554246992,0
pde_nominal,3,7952,11,1,18,0,8,1,0,3.78355972433,0
pde_nominal,8,8837,5,0,65,0,21,1,0,10.2994088866,0
pde_nominal,7,8887,9,1,33,0,33,1,0,5.69310167585,0
pde_nominal,3,7948,8,1,24,0,24,1,0,5.8759385651,0
pde_nominal,5,9532,1,0,79,0,29,1,0,5.39201560584,0
pde_nominal,0,6434,1,0,118,0,55,1,0,9.31742414421,0
pde_nominal,0,6432,11,1,23,0,23,1,0,9.07233559689,0
pde_nominal,2,7959,9,1,29,0,29,1,0,3.99074531861,0
pde_nominal,1,7984,13,1,10,0,10,1,0,3.74522631029,0
pde_nominal,8,8829,14,1,9,0,1,1,0,4.93917376035,0
pde_nominal,9,7601,2,0,19,0,16,1,0,7.12175780566,0
pde_nominal,9,8325,2,0,0,0,0,0,0,7.86448998095,0
pde_nominal,2,7956,15,1,52,0,17,1,0,7.08295178309,0
pde_nominal,9,7599,4,0,26,0,26,1,0,10.3666334312,0
pde_nominal,1,8621,2,0,41,0,41,1,0,4.62488137072,0
pde_nominal,8,8827,9,1,31,0,31,1,0,4.90365556677,0
pde_nominal,1,7979,3,0,46,0,46,1,0,5.84279656135,0
pde_nominal,6,7606,9,1,27,0,27,1,0,8.10363233416,0
pde_nominal,9,7595,7,0,0,0,0,1,0,6.00450909265,0
pde_nominal,1,7975,5,0,13,0,13,1,0,4.0169233306,0
pde_nominal,9,7593,8,1,29,0,29,1,0,4.58358881162,0
pde_nominal,5,9523,6,0,47,0,47,1,0,8.19004811957,0
pde_nominal,6,7601,3,0,15,0,15,1,0,7.28347836967,0
pde_nominal,8,8822,13,1,16,0,16,1,0,4.35699326897,0
pde_nominal,0,6419,4,0,42,0,42,1,0,5.03447783923,0
pde_nominal,3,7937,6,0,104,0,104,1,0,4.48549317832,0
pde_nominal,3,7934,1,0,8,0,2,1,0,5.38803363595,0
pde_nominal,7,8870,14,1,15,0,15,1,0,3.51371820245,0
pde_nominal,4,8229,14,1,109,0,38,1,0,9.01476777751,0
pde_nominal,4,8227,0,0,39,0,34,1,0,6.31007766136,0
pde_nominal,1,7965,1,0,9,0,9,1,0,3.85755554487,0
pde_nominal,0,6412,1,0,20,0,20,1,0,7.18118942541,0
pde_nominal,2,8848,11,1,167,0,98,1,0,12.3920613547,0
pde_nominal,8,8812,11,1,8,0,8,1,0,4.24576942251,0
pde_nominal,1,7960,8,1,90,0,90,1,0,5.21922675912,0
pde_nominal,9,7578,14,1,63,0,58,1,0,5.85280283737,0
pde_nominal,4,8218,9,1,49,0,28,1,0,4.93785034183,0
pde_nominal,4,8217,6,0,27,18,8,1,1,6.17426347294,0
pde_nominal,2,7939,15,1,4,0,0,1,0,6.34245709336,0
pde_nominal,3,7923,0,0,6,0,2,1,0,2.9385881132,0
pde_nominal,9,7573,1,0,101,0,96,1,0,5.48955661854,0
pde_nominal,7,8853,6,0,134,0,134,1,0,6.39143869174,0
pde_nominal,8,8796,15,1,46,0,46,1,0,6.89055820368,0
pde_nominal,8,8795,6,0,13,0,13,1,0,3.09086559444,0
pde_nominal,8,8794,11,1,26,0,26,1,0,6.37242363219,0
pde_nominal,9,7566,9,1,28,0,28,1,0,9.27919140212,0
pde_nominal,4,8208,11,1,26,0,12,1,0,5.24341700501,0
pde_nominal,0,6395,7,0,82,0,56,1,0,5.27890734449,0
pde_nominal,1,7942,6,0,34,0,34,1,0,4.52436105722,0
pde_nominal,1,7941,5,0,51,0,51,1,0,4.88661727052,0
pde_nominal,9,7564,8,1,159,0,156,1,0,5.87348664118,0
pde_nominal,2,7928,8,1,56,16,70,1,1,8.53068627121,0
pde_nominal,2,7922,4,0,16,0,7,1,0,5.17805322912,0
pde_nominal,8,8784,3,0,45,0,20,1,0,5.34139160617,0
pde_nominal,5,9477,14,1,106,0,81,1,0,14.9934822773,0
pde_nominal,8,8781,11,1,53,0,30,1,0,5.76186579355,0
pde_nominal,5,9475,3,0,74,0,41,1,0,5.40568614163,0
pde_nominal,8,8779,8,1,32,0,32,1,0,3.80874205881,0
pde_nominal,7,8843,0,0,66,0,66,1,0,7.83504844247,0
pde_nominal,2,7909,5,0,25,0,25,1,0,3.4336147514,0
pde_nominal,7,8835,0,0,20,0,20,1,0,5.48916852002,0
pde_nominal,3,7891,11,1,56,0,56,1,0,11.8951851433,0
pde_nominal,2,7906,5,0,48,0,47,1,0,7.40692999114,0
pde_nominal,5,9472,10,1,101,0,101,1,0,4.4980882944,0
pde_nominal,6,7566,8,1,58,0,58,1,0,5.05513106579,0
pde_nominal,9,7556,2,0,4,0,4,1,0,4.41726043175,0
pde_nominal,4,8186,14,1,34,0,34,1,0,6.0071927188,0
pde_nominal,1,7921,2,0,16,0,16,1,0,7.55089074256,0
pde_nominal,7,8832,10,1,168,0,168,1,0,8.46948785225,0
pde_nominal,1,7920,6,0,22,0,22,1,0,5.12924601276,0
pde_nominal,1,7919,14,1,60,0,60,1,0,3.65120837442,0
pde_nominal,9,7553,14,1,89,0,76,1,0,5.54794339832,0
pde_nominal,9,8326,14,1,0,0,0,0,0,6.6063930598,0
pde_nominal,9,7552,2,0,8,0,8,1,0,7.00885670325,0
pde_nominal,0,6366,9,1,143,0,125,1,0,6.9939220193,0
pde_nominal,9,7549,14,1,70,0,70,1,0,6.95855771939,0
pde_nominal,0,6364,12,1,8,0,8,1,0,3.52991590673,0
pde_nominal,1,7912,1,0,12,0,12,1,0,4.17470212279,0
pde_nominal,6,7558,10,1,78,0,78,1,0,4.08021495244,0
pde_nominal,6,7555,8,1,12,0,6,1,0,5.17968299243,0
pde_nominal,5,9461,12,1,119,0,111,1,0,6.88231995676,0
pde_nominal,2,7892,13,1,47,0,33,1,0,7.64961460419,0
pde_nominal,6,7552,10,1,34,0,21,1,0,7.43696211646,0
pde_nominal,7,8822,12,1,10,0,10,1,0,6.22229912772,0
pde_nominal,7,8819,0,0,17,0,17,1,0,4.9154176692,0
pde_nominal,4,8179,10,1,47,38,51,1,1,11.3300850006,0
pde_nominal,8,8748,3,0,20,0,12,1,0,2.90667351158,0
pde_nominal,7,8812,8,1,15,15,11,1,1,6.22666161646,0
pde_nominal,2,7882,3,0,67,0,67,1,0,4.90929876242,0
pde_nominal,9,7539,11,1,101,0,96,1,0,10.9573318533,0
pde_nominal,7,8810,9,1,35,0,35,1,0,3.17893555497,0
pde_nominal,7,8809,10,1,26,0,26,1,0,5.62420772949,0
pde_nominal,0,6348,6,0,94,0,89,1,0,5.72878631521,0
pde_nominal,1,7899,8,1,64,0,64,1,0,5.30414817744,0
pde_nominal,7,8806,10,1,43,0,43,1,0,10.2245906059,0
pde_nominal,0,6345,2,0,22,3,1,1,1,7.6021100619,0
pde_nominal,9,7534,12,1,34,0,25,1,0,4.21142754532,0
pde_nominal,4,8161,13,1,31,0,20,1,0,5.88291837522,0
pde_nominal,9,8327,12,1,0,0,0,0,0,6.16921212192,0
pde_nominal,5,9444,5,0,16,0,11,1,0,8.19898303635,0
pde_nominal,0,6335,3,0,67,0,64,1,0,5.12592922511,0
pde_nominal,4,8157,5,0,69,0,69,1,0,6.79394974584,0
pde_nominal,0,6334,2,0,24,0,24,1,0,6.53122617951,0
pde_nominal,9,7531,14,1,89,0,89,1,0,7.31130894897,0
pde_nominal,4,8155,7,0,29,0,29,1,0,4.81851714292,0
pde_nominal,1,7889,14,1,52,23,75,1,1,5.63800180161,0
pde_nominal,6,7525,0,0,25,0,15,1,0,5.4144852696,0
pde_nominal,1,7886,3,0,4,0,4,1,0,6.60394864455,0
pde_nominal,5,9440,9,1,171,0,157,1,0,9.1115318587,0
pde_nominal,4,8152,14,1,47,0,47,1,0,6.10887582734,0
pde_nominal,0,6326,10,1,2,0,2,1,0,4.32528605315,0
pde_nominal,5,9438,15,1,56,0,56,1,0,4.55015002786,0
pde_nominal,8,8723,14,1,29,0,29,1,0,3.26002626688,0
pde_nominal,8,8720,10,1,24,0,24,1,0,6.54381317672,0
pde_nominal,4,8145,13,1,8,0,0,1,0,3.97977081785,0
pde_nominal,4,8143,11,1,1,0,0,1,0,4.78569443499,0
pde_nominal,9,7522,0,0,15,0,0,1,0,8.96247337464,0
pde_nominal,1,7877,3,0,19,0,0,1,0,6.19844239464,0
pde_nominal,6,7518,4,0,37,0,2,1,0,4.27667599384,0
pde_nominal,1,7871,8,1,4,0,4,1,0,4.13766141316,0
pde_nominal,9,7516,1,0,28,0,25,1,0,4.28531960651,0
pde_nominal,5,9435,6,0,27,0,14,1,0,6.26098720518,0
pde_nominal,1,7864,3,0,58,0,58,1,0,6.34665532039,0
pde_nominal,7,8785,13,1,79,0,79,1,0,5.72402749163,0
pde_nominal,3,7831,4,0,46,0,46,1,0,4.46225340706,0
pde_nominal,8,8712,5,0,14,0,14,1,0,6.64185700517,0
pde_nominal,3,7830,9,1,39,0,39,1,0,3.59668918006,0
pde_nominal,3,7829,3,0,15,0,15,1,0,8.53046778112,0
pde_nominal,3,7826,1,0,25,0,25,1,0,5.51700220196,0
pde_nominal,2,7848,15,1,51,0,40,1,0,4.21122576969,0
pde_nominal,5,9425,1,0,73,0,58,1,0,4.9762940519,0
pde_nominal,8,9238,6,0,22,0,22,1,0,9.70954448027,0
pde_nominal,0,6304,3,0,63,0,63,1,0,4.8728691457,0
pde_nominal,2,7845,11,1,4,0,4,1,0,3.46492217022,0
pde_nominal,6,7498,11,1,60,0,48,1,0,6.59122102447,0
pde_nominal,5,9422,11,1,17,0,15,1,0,4.07143591895,0
pde_nominal,5,9421,3,0,16,0,0,1,0,5.52286665531,0
pde_nominal,5,9418,14,1,1,0,1,1,0,3.47736704393,0
pde_nominal,1,7849,10,1,122,0,122,1,0,12.1037033395,0
pde_nominal,9,7499,8,1,53,0,53,1,0,4.52839597763,0
pde_nominal,7,8773,8,1,62,0,62,1,0,4.02658566185,0
pde_nominal,4,8133,15,1,32,0,32,1,0,3.76853140419,0
pde_nominal,6,7493,10,1,38,0,35,1,0,8.53592281984,0
pde_nominal,2,7835,7,0,14,0,14,1,0,7.04360485551,0
pde_nominal,9,7497,10,1,29,16,45,1,1,5.79631241117,0
pde_nominal,9,7496,0,0,10,0,10,1,0,12.6969749961,0
pde_nominal,2,7831,13,1,22,0,8,1,0,5.37407397335,0
pde_nominal,0,6293,1,0,20,0,0,1,0,4.54926595365,0
pde_nominal,9,7494,15,1,6,0,1,1,0,4.68429979013,0
pde_nominal,4,8124,10,1,30,0,11,1,0,4.78724765758,0
pde_nominal,8,8704,0,0,181,0,159,1,0,12.3609549819,0
pde_nominal,1,7840,14,1,3,0,2,1,0,3.35932963585,0
pde_nominal,8,8703,7,0,14,0,14,1,0,8.68701750619,0
pde_nominal,0,6292,8,1,58,0,31,1,0,6.35759581554,0
pde_nominal,8,8699,15,1,19,0,19,1,0,4.89342626528,0
pde_nominal,7,8762,13,1,58,0,58,1,0,6.69993173568,0
pde_nominal,7,8761,5,0,9,0,9,1,0,5.64841810073,0
pde_nominal,8,8697,4,0,61,0,20,1,0,4.26223904465,0
pde_nominal,0,6288,15,1,36,0,23,1,0,5.62382814522,0
pde_nominal,2,7826,1,0,25,0,25,1,0,9.35102936542,0
pde_nominal,3,7802,10,1,75,0,61,1,0,5.15898319678,0
pde_nominal,5,9407,15,1,55,0,55,1,0,3.75138819221,0
pde_nominal,3,7800,3,0,11,0,11,1,0,4.09443262589,0
pde_nominal,4,8113,1,0,19,0,19,1,0,9.4952869973,0
pde_nominal,7,8756,4,0,5,0,5,1,0,4.91422399881,0
pde_nominal,4,8111,2,0,13,0,9,1,0,6.68037953486,0
pde_nominal,2,7820,15,1,10,0,8,1,0,4.07607328536,0
pde_nominal,1,7829,12,1,37,0,37,1,0,2.99808473658,0
pde_nominal,6,7474,0,0,21,0,21,1,0,4.62518453096,0
pde_nominal,7,8751,14,1,145,0,145,1,0,10.1437658537,0
pde_nominal,4,8104,7,0,65,0,65,1,0,7.13064702937,0
pde_nominal,1,7824,8,1,59,0,59,1,0,4.56155603582,0
pde_nominal,1,7822,4,0,1,0,1,1,0,3.49651380796,0
pde_nominal,7,8750,2,0,37,0,37,1,0,5.15701777154,0
pde_nominal,3,7790,3,0,44,0,39,1,0,4.3042851109,0
pde_nominal,4,8100,1,0,6,0,0,1,0,3.61810913045,0
pde_nominal,4,8707,1,0,0,0,0,0,0,6.11701024648,0
pde_nominal,2,7812,11,1,25,0,22,1,0,6.46027540771,0
pde_nominal,4,8090,11,1,11,0,11,1,0,4.16169620349,0
pde_nominal,7,8740,15,1,26,0,26,1,0,4.50642931825,0
pde_nominal,4,8088,10,1,15,0,15,1,0,3.05581436206,0
pde_nominal,2,7804,3,0,83,0,83,1,0,5.25396333177,0
pde_nominal,3,7779,14,1,81,0,77,1,0,4.16161905061,0
pde_nominal,4,8080,9,1,9,0,9,1,0,4.52718777809,0
pde_nominal,0,6274,0,0,25,0,20,1,0,11.999705375,0
pde_nominal,4,8076,6,0,25,0,15,1,0,6.61033675907,0
pde_nominal,3,7777,10,1,88,0,49,1,0,6.62390219592,0
pde_nominal,8,8670,7,0,26,0,11,1,0,2.8943485041,0
pde_nominal,2,7790,14,1,78,0,32,1,0,9.34461285706,0
pde_nominal,1,7809,12,1,44,0,12,1,0,3.92013878599,0
pde_nominal,3,7775,0,0,116,0,57,1,0,9.95215680036,0
pde_nominal,2,7783,5,0,11,0,11,1,0,4.698611938,0
pde_nominal,3,7771,1,0,18,0,18,1,0,3.6126515131,0
pde_nominal,7,8719,9,1,110,0,110,1,0,9.07740814621,0
pde_nominal,6,7441,7,0,51,0,51,1,0,6.35479659882,0
pde_nominal,3,7770,6,0,84,0,84,1,0,6.70710864745,0
pde_nominal,7,8718,8,1,45,0,45,1,0,4.37867698093,0
pde_nominal,7,8715,7,0,9,16,4,1,1,5.66142581415,0
pde_nominal,1,7802,4,0,57,0,3,1,0,11.8846735665,0
pde_nominal,4,8061,9,1,16,0,2,1,0,4.9071347632,0
pde_nominal,1,7801,1,0,18,0,14,1,0,4.7542431569,0
pde_nominal,6,7434,7,0,46,0,46,1,0,4.30357320777,0
pde_nominal,6,8296,7,0,0,0,0,0,0,8.42789732803,0
pde_nominal,5,10132,8,1,12,0,12,1,0,9.19198527672,0
pde_nominal,1,7795,3,0,34,0,34,1,0,4.37625511171,0
pde_nominal,2,7776,9,1,55,0,50,1,0,6.45394717248,0
pde_nominal,2,7774,4,0,18,0,18,1,0,3.520357984,0
pde_nominal,0,6249,6,0,41,9,43,1,1,7.39090597233,0
pde_nominal,4,8052,12,1,94,0,94,1,0,6.02097262487,0
pde_nominal,3,7757,5,0,20,0,7,1,0,4.39816840647,0
pde_nominal,0,6246,1,0,68,0,68,1,0,10.4381528011,0
pde_nominal,7,8697,13,1,34,0,34,1,0,3.89102010881,0
pde_nominal,1,7789,11,1,53,0,45,1,0,6.253941737,0
pde_nominal,6,7429,11,1,21,0,21,1,0,3.58384792661,0
pde_nominal,1,7788,1,0,75,0,75,1,0,5.07328393701,0
pde_nominal,5,9353,13,1,66,0,66,1,0,5.21587289777,0
pde_nominal,6,7427,9,1,52,0,52,1,0,5.83595793877,0
pde_nominal,8,8642,0,0,13,0,13,1,0,4.59923046972,0
pde_nominal,9,7439,0,0,70,0,70,1,0,5.25961593043,0
pde_nominal,8,8639,4,0,36,0,36,1,0,10.4264265549,0
pde_nominal,1,7781,5,0,77,0,51,1,0,6.60171790026,0
pde_nominal,9,7433,7,0,16,0,4,1,0,10.8560934767,0
pde_nominal,3,7744,11,1,14,0,2,1,0,7.19712629275,0
pde_nominal,3,7743,11,1,8,0,0,1,0,7.91197125966,0
pde_nominal,3,7742,10,1,12,0,0,1,0,6.46001273733,0
pde_nominal,9,7429,0,0,14,0,0,1,0,3.70229135656,0
pde_nominal,2,7754,8,1,34,0,0,1,0,4.9233542954,0
pde_nominal,8,8632,3,0,114,0,10,1,0,9.03968092237,0
pde_nominal,2,7753,7,0,48,0,0,1,0,4.96287375191,0
pde_nominal,0,6230,13,1,13,0,2,1,0,5.09640269292,0
pde_nominal,3,7737,2,0,22,0,8,1,0,2.97971099398,0
pde_nominal,5,9331,1,0,45,0,20,1,0,3.8588899097,0
pde_nominal,1,7773,12,1,44,0,18,1,0,8.51693886762,0
pde_nominal,2,7748,0,0,62,0,45,1,0,4.79760337505,0
pde_nominal,5,9329,13,1,38,0,38,1,0,4.81689918709,0
pde_nominal,6,7404,6,0,28,0,28,1,0,5.77062658979,0
pde_nominal,1,7764,0,0,37,0,37,1,0,8.29144911723,0
pde_nominal,9,7422,12,1,48,0,48,1,0,4.69290132653,0
pde_nominal,8,8619,3,0,8,0,8,1,0,7.26913661808,0
pde_nominal,7,8683,1,0,85,0,85,1,0,6.82260704297,0
pde_nominal,9,7419,6,0,44,0,39,1,0,6.97827287734,0
pde_nominal,6,7398,3,0,35,0,26,1,0,5.24107482273,0
pde_nominal,6,7395,8,1,3,0,0,1,0,3.24113804513,0
pde_nominal,5,9322,8,1,23,0,0,1,0,4.1496877919,0
pde_nominal,4,8025,10,1,71,0,37,1,0,7.28552549052,0
pde_nominal,0,6215,12,1,59,0,19,1,0,4.75716204505,0
pde_nominal,2,7737,0,0,34,0,34,1,0,6.65523164558,0
pde_nominal,2,7736,13,1,10,0,10,1,0,3.63616727811,0
pde_nominal,1,7756,10,1,48,18,66,1,1,6.80620162328,0
pde_nominal,4,8022,9,1,75,0,75,1,0,5.6792457384,0
pde_nominal,9,7412,5,0,21,0,21,1,0,5.62382731561,0
pde_nominal,7,8677,1,0,43,0,43,1,0,4.22646972719,0
pde_nominal,1,7755,11,1,38,0,38,1,0,4.36111048233,0
pde_nominal,6,7386,3,0,51,0,51,1,0,4.25435367236,0
pde_nominal,8,8609,13,1,6,0,1,1,0,4.34160537595,0
pde_nominal,8,8608,7,0,20,0,4,1,0,4.449277782,0
pde_nominal,5,9313,1,0,85,0,21,1,0,7.85316151348,0
pde_nominal,3,7720,4,0,44,0,44,1,0,4.69408461218,0
pde_nominal,0,6208,15,1,11,0,11,1,0,3.76753012399,0
pde_nominal,3,7717,7,0,86,0,86,1,0,4.87137063865,0
pde_nominal,4,8012,8,1,59,0,59,1,0,6.04964829954,0
pde_nominal,9,7402,0,0,66,0,66,1,0,5.27910941008,0
pde_nominal,6,7372,2,0,51,0,51,1,0,3.75874574012,0
pde_nominal,0,6200,3,0,59,35,94,1,1,8.00891140788,0
pde_nominal,6,7371,3,0,29,0,29,1,0,2.7954635069,0
pde_nominal,7,8663,4,0,34,0,34,1,0,8.27593419457,0
pde_nominal,0,6196,11,1,9,0,0,1,0,11.8438705638,0
pde_nominal,3,7711,3,0,35,0,23,1,0,5.32319945625,0
pde_nominal,8,8598,6,0,35,0,14,1,0,4.97758873563,0
pde_nominal,0,6191,12,1,42,0,18,1,0,5.20818229735,0
pde_nominal,3,7710,11,1,45,0,22,1,0,6.80160122536,0
pde_nominal,2,7710,2,0,63,0,63,1,0,4.4896852459,0
pde_nominal,0,6188,7,0,90,0,89,1,0,4.4844618701,0
pde_nominal,3,7705,7,0,25,0,2,1,0,3.87787225988,0
pde_nominal,1,7730,2,0,5,0,0,1,0,3.70104216208,0
pde_nominal,6,7359,6,0,51,0,2,1,0,4.4687236375,0
pde_nominal,4,7995,15,1,70,0,23,1,0,4.71271030711,0
pde_nominal,1,7726,5,0,12,0,0,1,0,2.64738773742,0
pde_nominal,7,8643,3,0,7,0,7,1,0,4.57769196137,0
pde_nominal,0,6185,1,0,47,0,11,1,0,4.82294628492,0
pde_nominal,5,9288,3,0,12,0,1,1,0,11.1897564018,0
pde_nominal,1,7723,7,0,4,0,4,1,0,4.22542424205,0
pde_nominal,0,6176,14,1,33,0,33,1,0,4.50486888096,0
pde_nominal,5,9277,12,1,58,0,58,1,0,9.83720574232,0
pde_nominal,0,6171,9,1,68,0,68,1,0,6.04663039267,0
pde_nominal,5,9272,7,0,38,0,10,1,0,5.04783737917,0
pde_nominal,8,8575,11,1,52,0,24,1,0,5.25162234545,0
pde_nominal,0,6169,13,1,48,0,9,1,0,5.28227570399,0
pde_nominal,6,7339,9,1,11,0,11,1,0,4.61782583525,0
pde_nominal,2,7691,1,0,62,0,45,1,0,6.58649030162,0
pde_nominal,8,8572,2,0,95,0,73,1,0,6.61555887528,0
pde_nominal,1,7700,2,0,4,0,1,1,0,10.474828843,0
pde_nominal,0,6164,11,1,104,0,87,1,0,5.43732100293,0
pde_nominal,9,7359,4,0,13,0,10,1,0,5.25747654372,0
pde_nominal,1,7694,9,1,15,14,28,1,1,7.28911269531,0
pde_nominal,7,8622,9,1,50,0,50,1,0,12.2836606807,0
pde_nominal,1,7692,8,1,32,0,11,1,0,3.51496592995,0
pde_nominal,3,7696,15,1,90,0,75,1,0,5.87570063587,0
pde_nominal,7,8619,13,1,11,0,11,1,0,4.2326307994,0
pde_nominal,8,8565,2,0,40,0,19,1,0,7.46018339088,0
pde_nominal,5,9264,11,1,40,0,11,1,0,4.12039469376,0
pde_nominal,1,7689,1,0,70,0,70,1,0,4.71249790492,0
pde_nominal,2,7683,13,1,36,0,13,1,0,9.15506591959,0
pde_nominal,9,7352,6,0,83,0,55,1,0,9.59661680645,0
pde_nominal,1,7681,13,1,67,0,67,1,0,5.57003878562,0
pde_nominal,4,8710,6,0,53,0,53,1,0,12.3365142341,0
pde_nominal,7,8611,8,1,65,0,65,1,0,10.8868810956,0
pde_nominal,8,8549,15,1,4,0,3,1,0,8.09873032286,0
pde_nominal,8,8547,11,1,16,0,16,1,0,4.06473953273,0
pde_nominal,2,7674,1,0,7,0,0,1,0,4.99883966626,0
pde_nominal,7,8605,11,1,7,0,7,1,0,6.62732718844,0
pde_nominal,9,7342,3,0,60,0,29,1,0,6.3200594286,0
pde_nominal,4,7960,14,1,24,0,24,1,0,5.52961856957,0
pde_nominal,0,6131,5,0,48,0,38,1,0,3.42776612646,0
pde_nominal,6,7324,10,1,9,0,0,1,0,4.18434767764,0
pde_nominal,4,7954,7,0,0,0,0,1,0,3.60596801431,0
pde_nominal,9,7339,10,1,39,0,0,1,0,8.57949752033,0
pde_nominal,4,7952,8,1,26,0,0,1,0,4.34885222589,0
pde_nominal,3,7681,7,0,19,0,0,1,0,9.36337559496,0
pde_nominal,6,7322,8,1,40,0,0,1,0,5.57589626595,0
pde_nominal,6,7321,3,0,13,0,0,1,0,3.40971608227,0
pde_nominal,8,8533,6,0,42,0,0,1,0,9.9172435481,0
pde_nominal,5,9239,12,1,54,0,45,1,0,5.52915603266,0
pde_nominal,8,8530,2,0,21,0,14,1,0,3.55832624063,0
pde_nominal,3,7668,14,1,25,0,25,1,0,3.20293612805,0
pde_nominal,9,7325,10,1,48,0,36,1,0,3.89275872448,0
pde_nominal,3,7667,4,0,114,0,106,1,0,7.23790476011,0
pde_nominal,8,8521,6,0,36,0,36,1,0,3.32677210685,0
pde_nominal,1,7651,1,0,23,0,23,1,0,3.65878014933,0
pde_nominal,4,7943,12,1,127,0,127,1,0,11.3332570529,0
pde_nominal,5,9232,9,1,11,0,11,1,0,5.43012976858,0
pde_nominal,9,7321,15,1,76,0,76,1,0,4.88530983033,0
pde_nominal,7,8585,11,1,9,0,9,1,0,3.51420116659,0
pde_nominal,4,7941,10,1,44,0,39,1,0,4.13958276305,0
pde_nominal,5,9231,3,0,56,0,48,1,0,9.12686834842,0
pde_nominal,4,7938,9,1,10,0,10,1,0,3.01484117708,0
pde_nominal,5,9230,9,1,59,0,51,1,0,3.64823340975,0
pde_nominal,6,7303,1,0,48,0,48,1,0,8.03593553508,0
pde_nominal,8,8512,1,0,33,0,33,1,0,6.74496507969,0
pde_nominal,3,7656,14,1,79,0,71,1,0,5.81848803505,0
pde_nominal,9,7316,13,1,56,0,53,1,0,5.3122418425,0
pde_nominal,4,7931,8,1,62,0,47,1,0,4.84074790791,0
pde_nominal,1,7640,15,1,79,0,70,1,0,9.05353386257,0
pde_nominal,9,7313,11,1,38,0,32,1,0,6.49141392332,0
pde_nominal,4,7930,5,0,45,0,21,1,0,6.50519875422,0
pde_nominal,3,7645,1,0,33,0,12,1,0,5.46930116963,0
pde_nominal,4,7929,11,1,24,0,19,1,0,3.97628500859,0
pde_nominal,6,7296,9,1,2,0,2,1,0,4.86513998109,0
pde_nominal,8,8501,1,0,16,0,16,1,0,4.10302248325,0
pde_nominal,7,8570,6,0,20,0,20,1,0,4.91739045437,0
pde_nominal,9,7310,11,1,23,0,23,1,0,4.62173764856,0
pde_nominal,8,8498,8,1,19,0,19,1,0,7.95233348072,0
pde_nominal,3,7640,10,1,3,0,0,1,0,3.64022584574,0
pde_nominal,8,8497,6,0,56,0,5,1,0,9.45014290051,0
pde_nominal,2,7633,6,0,17,0,0,1,0,4.84813850935,0
pde_nominal,6,7291,7,0,129,0,65,1,0,10.2612929211,0
pde_nominal,7,8566,10,1,30,0,30,1,0,6.751334871,0
pde_nominal,8,8493,11,1,53,0,53,1,0,4.0027008262,0
pde_nominal,5,9212,6,0,158,0,138,1,0,10.1028810944,0
pde_nominal,9,7298,15,1,101,0,101,1,0,5.83338516331,0
pde_nominal,2,7621,12,1,45,0,42,1,0,4.84975494984,0
pde_nominal,3,7622,10,1,5,0,5,1,0,4.13341580811,0
pde_nominal,6,7279,6,0,33,0,26,1,0,5.67599595638,0
pde_nominal,2,7613,1,0,28,0,18,1,0,4.56332256838,0
pde_nominal,3,7620,12,1,25,0,25,1,0,7.33743863789,0
pde_nominal,6,7276,6,0,59,0,59,1,0,7.38207883942,0
pde_nominal,6,7275,10,1,37,0,30,1,0,7.58124940452,0
pde_nominal,9,7289,13,1,27,0,27,1,0,9.129476435,0
pde_nominal,2,7609,12,1,97,0,89,1,0,9.44955043097,0
pde_nominal,6,7269,2,0,28,0,28,1,0,4.39293238402,0
pde_nominal,5,9195,13,1,58,0,58,1,0,4.25341304564,0
pde_nominal,2,7606,7,0,121,0,111,1,0,9.07161142957,0
pde_nominal,8,8476,2,0,111,0,101,1,0,7.0834538509,0
pde_nominal,8,8473,13,1,12,0,10,1,0,5.89799401329,0
pde_nominal,6,7267,3,0,191,0,164,1,0,10.8080207721,0
pde_nominal,3,7610,5,0,79,0,79,1,0,3.84738999338,0
pde_nominal,6,7260,11,1,99,0,97,1,0,7.83270963446,0
pde_nominal,4,7887,9,1,46,0,46,1,0,4.25439084633,0
pde_nominal,3,7596,9,1,1,0,1,1,0,3.45913683421,0
pde_nominal,3,8510,9,1,0,0,0,0,0,4.21221331588,0
pde_nominal,8,8465,15,1,19,0,17,1,0,5.11446392842,0
pde_nominal,0,9553,9,1,53,0,13,1,0,8.56376881899,0
pde_nominal,9,7269,5,0,51,0,51,1,0,4.14770408811,0
pde_nominal,2,7593,1,0,95,0,84,1,0,5.79511821071,0
pde_nominal,0,9549,15,1,11,0,8,1,0,5.81678480219,0
pde_nominal,2,7590,1,0,11,0,5,1,0,5.24711917654,0
pde_nominal,1,7588,12,1,60,0,10,1,0,5.13979508037,0
pde_nominal,5,9180,3,0,17,0,0,1,0,5.12231600129,0
pde_nominal,5,10134,3,0,0,0,0,0,0,11.1054690882,0
pde_nominal,2,7588,12,1,45,0,14,1,0,5.59566391504,0
pde_nominal,9,7261,0,0,90,0,75,1,0,7.91394335007,0
pde_nominal,1,7581,15,1,18,0,18,1,0,6.00567400488,0
pde_nominal,3,7576,6,0,53,0,53,1,0,5.52036638909,0
pde_nominal,8,8447,11,1,7,0,7,1,0,10.363182291,0
pde_nominal,3,7566,14,1,4,0,0,1,0,3.54179869914,0
pde_nominal,3,7565,10,1,1,0,0,1,0,5.3892978205,0
pde_nominal,3,7564,4,0,11,0,3,1,0,3.81178170296,0
pde_nominal,3,8512,4,0,0,0,0,0,0,4.7239998233,0
pde_nominal,8,8442,13,1,35,0,19,1,0,4.63706446631,0
pde_nominal,0,9539,2,0,45,0,26,1,0,4.31849577012,0
pde_nominal,8,8440,13,1,60,0,60,1,0,3.5159546185,0
pde_nominal,4,7860,6,0,54,0,54,1,0,4.68156041933,0
pde_nominal,7,8508,10,1,46,0,46,1,0,4.08152414963,0
pde_nominal,3,7561,6,0,9,0,9,1,0,3.41703972095,0
pde_nominal,0,9533,13,1,31,0,31,1,0,6.37917714478,0
pde_nominal,7,8506,9,1,57,0,57,1,0,6.62067660017,0
pde_nominal,5,9158,11,1,46,0,46,1,0,4.75980817476,0
pde_nominal,6,7225,4,0,42,0,42,1,0,5.43247573772,0
pde_nominal,2,7566,2,0,38,0,38,1,0,4.18476236064,0
pde_nominal,6,7223,8,1,24,0,24,1,0,10.574487411,0
pde_nominal,4,7854,7,0,62,0,62,1,0,4.57900895614,0
pde_nominal,7,8503,11,1,61,0,61,1,0,5.36596712847,0
pde_nominal,3,7555,2,0,48,0,44,1,0,4.5174664116,0
pde_nominal,4,7852,1,0,11,0,4,1,0,6.73026089217,0
pde_nominal,9,7243,10,1,28,0,17,1,0,5.02737399789,0
pde_nominal,4,7850,4,0,54,0,13,1,0,6.28531166344,0
pde_nominal,7,8496,4,0,37,0,37,1,0,3.63030486194,0
pde_nominal,5,9146,15,1,82,0,76,1,0,9.88876405458,0
pde_nominal,9,7235,6,0,4,0,0,1,0,4.12515511046,0
pde_nominal,1,7562,6,0,2,0,2,1,0,3.96083518682,0
pde_nominal,2,7559,12,1,25,16,20,1,1,9.36138015481,0
pde_nominal,4,7841,6,0,48,0,35,1,0,5.67451421681,0
pde_nominal,5,9141,7,0,2,0,1,1,0,2.84222346071,0
pde_nominal,4,7838,6,0,31,0,12,1,0,4.29696917582,0
pde_nominal,1,7558,5,0,52,0,41,1,0,5.93837286826,0
pde_nominal,7,8486,9,1,27,0,27,1,0,2.98609103575,0
pde_nominal,1,7557,15,1,34,0,34,1,0,3.45462534782,0
pde_nominal,2,7551,4,0,79,0,30,1,0,8.95553927283,0
pde_nominal,7,8480,12,1,87,0,87,1,0,4.32229533161,0
pde_nominal,9,7222,2,0,25,0,5,1,0,5.46212309674,0
pde_nominal,7,8478,14,1,14,0,14,1,0,3.21852653949,0
pde_nominal,7,8473,3,0,3,0,3,1,0,4.62430577394,0
pde_nominal,8,8414,15,1,35,0,5,1,0,5.60203931761,0
pde_nominal,3,7531,15,1,83,0,83,1,0,8.18805215115,0
pde_nominal,6,7199,5,0,124,0,124,1,0,8.02249449863,0
pde_nominal,0,9491,10,1,41,0,41,1,0,3.49104701484,0
pde_nominal,3,7530,6,0,31,0,31,1,0,3.85266749433,0
pde_nominal,2,7535,12,1,19,0,19,1,0,3.69353870722,0
pde_nominal,5,9114,6,0,60,0,54,1,0,6.06289648142,0
pde_nominal,0,9488,3,0,70,0,70,1,0,5.86950143064,0
pde_nominal,9,7199,6,0,44,0,44,1,0,3.81985201064,0
pde_nominal,5,9112,10,1,28,16,44,1,1,9.28780711932,0
pde_nominal,5,9110,8,1,12,0,1,1,0,5.44300987998,0
pde_nominal,8,8401,0,0,41,0,17,1,0,6.16594653982,0
pde_nominal,0,9484,2,0,81,0,38,1,0,4.92284510056,0
pde_nominal,5,9108,2,0,46,0,16,1,0,4.61648693818,0
pde_nominal,7,8459,12,1,25,0,25,1,0,6.57734111684,0
pde_nominal,6,7193,2,0,62,0,25,1,0,6.46424349309,0
pde_nominal,8,8394,1,0,17,0,0,1,0,4.01865217984,0
pde_nominal,4,7805,15,1,154,0,65,1,0,9.97181365121,0
pde_nominal,4,7804,9,1,18,0,13,1,0,4.4003732724,0
pde_nominal,6,7189,14,1,63,0,40,1,0,8.33466152732,0
pde_nominal,0,9475,14,1,6,0,0,1,0,5.16343220335,0
pde_nominal,6,7185,6,0,15,0,0,1,0,3.81216293892,0
pde_nominal,6,7184,6,0,5,0,0,1,0,3.24795824474,0
pde_nominal,1,7525,15,1,38,0,11,1,0,5.8827736274,0
pde_nominal,4,7798,12,1,50,0,39,1,0,7.64038619026,0
pde_nominal,3,7510,15,1,45,0,34,1,0,5.95681349833,0
pde_nominal,0,9467,14,1,31,0,31,1,0,5.46119739729,0
pde_nominal,3,7509,7,0,80,0,80,1,0,5.67845357139,0
pde_nominal,5,9088,15,1,41,0,41,1,0,5.27566082515,0
pde_nominal,7,8451,4,0,33,0,33,1,0,5.02051718781,0
pde_nominal,9,7175,1,0,51,0,51,1,0,4.44941980402,0
pde_nominal,5,9082,8,1,24,0,24,1,0,3.22970942704,0
pde_nominal,0,9464,6,0,85,0,81,1,0,4.85699825132,0
pde_nominal,0,9462,14,1,17,0,17,1,0,3.9847890391,0
pde_nominal,7,8446,7,0,64,0,64,1,0,4.59490160765,0
pde_nominal,1,7515,5,0,64,0,64,1,0,4.52402129915,0
pde_nominal,3,7498,2,0,4,0,3,1,0,5.39759205164,0
pde_nominal,2,7509,9,1,146,0,88,1,0,10.0356932874,0
pde_nominal,6,7171,10,1,45,0,45,1,0,5.32405732759,0
pde_nominal,1,7506,15,1,13,0,13,1,0,5.38530700192,0
pde_nominal,2,7507,8,1,71,0,71,1,0,4.51233377633,0
pde_nominal,7,8439,7,0,44,0,44,1,0,4.06906146608,0
pde_nominal,1,7504,2,0,14,0,14,1,0,10.2088191693,0
pde_nominal,0,9449,13,1,10,0,10,1,0,5.2716849512,0
pde_nominal,4,7781,8,1,21,0,21,1,0,7.87907180858,0
pde_nominal,6,7167,11,1,49,0,49,1,0,4.10540141379,0
pde_nominal,2,7504,2,0,50,0,50,1,0,3.71922880981,0
pde_nominal,1,7496,3,0,27,0,27,1,0,4.11652031279,0
pde_nominal,9,7162,3,0,59,0,54,1,0,6.34341444731,0
pde_nominal,5,9070,4,0,41,0,23,1,0,6.08160589096,0
pde_nominal,1,7495,2,0,87,0,31,1,0,4.94827441321,0
pde_nominal,5,9069,15,1,29,19,9,1,1,7.44844650848,0
pde_nominal,1,7493,12,1,2,0,2,1,0,3.52212263106,0
pde_nominal,0,9441,2,0,30,16,46,1,1,4.63800447368,0
pde_nominal,2,7490,15,1,54,0,24,1,0,5.81714092156,0
pde_nominal,8,8358,13,1,30,0,20,1,0,4.45927330415,0
pde_nominal,1,7487,14,1,117,0,117,1,0,6.07610174175,0
pde_nominal,2,7485,10,1,56,0,56,1,0,6.59415992514,0
pde_nominal,7,8426,4,0,132,0,132,1,0,8.10104926554,0
pde_nominal,9,7146,0,0,61,0,61,1,0,4.25553198106,0
pde_nominal,4,7772,7,0,202,0,202,1,0,9.5340858352,0
pde_nominal,7,8424,14,1,44,0,44,1,0,6.49110255352,0
pde_nominal,2,7482,0,0,58,0,51,1,0,9.90144516031,0
pde_nominal,1,7479,10,1,37,0,27,1,0,8.79236454354,0
pde_nominal,3,7468,13,1,83,0,69,1,0,5.04730162754,0
pde_nominal,3,7466,6,0,58,0,58,1,0,7.93473488556,0
pde_nominal,0,9433,7,0,50,0,50,1,0,6.32233901509,0
pde_nominal,4,7763,15,1,48,0,48,1,0,4.82424512772,0
pde_nominal,4,7759,7,0,49,0,49,1,0,4.94608175316,0
pde_nominal,6,7144,7,0,71,0,71,1,0,8.91970676904,0
pde_nominal,1,7471,13,1,64,20,84,1,1,5.94893318542,0
pde_nominal,6,7137,5,0,17,0,17,1,0,3.0959160964,0
pde_nominal,0,9424,7,0,33,0,33,1,0,8.82049242389,0
pde_nominal,8,8343,7,0,19,0,19,1,0,3.67323803426,0
pde_nominal,8,8341,6,0,25,0,25,1,0,7.7547603216,0
pde_nominal,5,9048,12,1,66,0,66,1,0,4.45134153743,0
pde_nominal,1,7468,12,1,81,0,81,1,0,9.38277067671,0
pde_nominal,4,7753,6,0,41,0,41,1,0,3.79677474608,0
pde_nominal,4,8715,6,0,0,0,0,0,0,6.61136433488,0
pde_nominal,7,8411,1,0,10,0,10,1,0,6.17810160022,0
pde_nominal,3,7455,12,1,45,0,32,1,0,14.4003280697,0
pde_nominal,8,8338,11,1,47,0,44,1,0,6.14698895744,0
pde_nominal,1,7464,7,0,35,0,2,1,0,4.56341219794,0
pde_nominal,5,9042,4,0,25,0,4,1,0,4.671116104,0
pde_nominal,9,7126,11,1,10,0,0,1,0,4.60200865082,0
pde_nominal,4,7745,9,1,3,0,0,1,0,5.88954345887,0
pde_nominal,7,8404,15,1,43,0,28,1,0,5.11905414998,0
pde_nominal,9,7121,6,0,19,0,19,1,0,4.97194590394,0
pde_nominal,1,7458,4,0,75,0,65,1,0,7.11637762887,0
pde_nominal,2,7455,1,0,66,0,66,1,0,4.59713135185,0
pde_nominal,9,7120,8,1,19,0,19,1,0,6.99082196067,0
pde_nominal,1,7456,5,0,34,0,10,1,0,6.62165941837,0
pde_nominal,5,9030,12,1,12,0,12,1,0,4.63632943769,0
pde_nominal,2,7446,13,1,9,0,8,1,0,4.94511844072,0
pde_nominal,6,7117,5,0,5,0,5,1,0,2.95047597049,0
pde_nominal,2,7443,10,1,8,0,8,1,0,3.29582412965,0
pde_nominal,4,7738,5,0,75,0,68,1,0,7.08951470012,0
pde_nominal,3,7444,1,0,56,0,45,1,0,5.54057548292,0
pde_nominal,8,8316,6,0,112,0,85,1,0,5.17387865549,0
pde_nominal,5,9025,12,1,21,0,19,1,0,3.15070752624,0
pde_nominal,5,10137,12,1,0,0,0,0,0,5.58126338842,0
pde_nominal,1,7453,0,0,58,0,49,1,0,4.01058592015,0
pde_nominal,7,8397,15,1,8,0,8,1,0,5.42817283888,0
pde_nominal,2,7440,6,0,56,0,44,1,0,5.10635135925,0
pde_nominal,6,7112,11,1,29,0,14,1,0,5.79914430171,0
pde_nominal,4,7732,5,0,64,0,44,1,0,7.6497281394,0
pde_nominal,4,8716,5,0,0,0,0,0,0,9.39028188586,0
pde_nominal,7,8393,15,1,34,0,34,1,0,4.69850500297,0
pde_nominal,0,9407,7,0,32,0,32,1,0,8.39578145471,0
pde_nominal,2,7434,6,0,32,0,27,1,0,4.21643389416,0
pde_nominal,4,7731,7,0,137,0,132,1,0,9.10434880498,0
pde_nominal,2,7432,15,1,2,0,0,1,0,3.15680517986,0
pde_nominal,4,7728,4,0,90,0,90,1,0,7.04948609761,0
pde_nominal,3,7432,0,0,81,0,81,1,0,4.37460538662,0
pde_nominal,3,7428,12,1,15,2,3,1,1,5.38191192457,0
pde_nominal,6,7100,10,1,18,0,18,1,0,2.89767023848,0
pde_nominal,2,7422,14,1,55,0,35,1,0,4.62122549997,0
pde_nominal,3,7426,8,1,85,0,85,1,0,3.67815984622,0
pde_nominal,7,8371,0,0,113,0,113,1,0,8.49470977625,0
pde_nominal,0,9382,15,1,33,0,33,1,0,3.2393296939,0
pde_nominal,2,7416,9,1,49,0,49,1,0,5.96891410477,0
pde_nominal,1,7436,9,1,98,0,98,1,0,4.96193104351,0
pde_nominal,2,7414,13,1,43,0,43,1,0,6.64897790619,0
pde_nominal,3,7417,7,0,63,0,63,1,0,5.05184608396,0
pde_nominal,1,7433,0,0,54,0,54,1,0,4.69540789611,0
pde_nominal,1,7430,7,0,0,0,0,1,0,4.2016064841,0
pde_nominal,5,8996,15,1,0,0,0,1,0,5.73348127358,0
pde_nominal,0,9375,4,0,13,0,13,1,0,7.44318180092,0
pde_nominal,9,7086,5,0,9,0,9,1,0,10.7882783261,0
pde_nominal,4,7704,15,1,90,0,90,1,0,5.88706116503,0
pde_nominal,0,9366,3,0,36,0,36,1,0,5.25147457095,0
pde_nominal,1,7422,13,1,58,0,58,1,0,3.62653179331,0
pde_nominal,0,9361,7,0,112,0,112,1,0,5.60968508585,0
pde_nominal,9,7070,11,1,14,0,14,1,0,5.12227418763,0
pde_nominal,6,7063,10,1,9,0,9,1,0,3.79724555599,0
pde_nominal,3,7401,0,0,60,0,60,1,0,4.73963368629,0
pde_nominal,1,7413,1,0,87,0,81,1,0,7.34717571418,0
pde_nominal,3,7399,5,0,93,0,77,1,0,5.13763150454,0
pde_nominal,3,7397,0,0,15,0,15,1,0,5.82618275146,0
pde_nominal,9,7061,6,0,19,0,17,1,0,4.62167901565,0
pde_nominal,1,7400,8,1,50,0,50,1,0,5.00628575135,0
pde_nominal,9,7056,11,1,32,0,26,1,0,7.18223132958,0
pde_nominal,5,8970,6,0,35,0,33,1,0,5.44744089721,0
pde_nominal,2,7388,5,0,6,0,0,1,0,7.1723160042,0
pde_nominal,1,7398,11,1,66,0,37,1,0,6.65391871623,0
pde_nominal,9,7050,8,1,18,0,0,1,0,4.26067985903,0
pde_nominal,2,7384,3,0,22,0,0,1,0,6.60859150987,0
pde_nominal,6,7048,11,1,10,0,0,1,0,3.79350558626,0
pde_nominal,6,7047,15,1,14,0,14,1,0,3.90261836522,0
pde_nominal,7,8343,6,0,96,0,96,1,0,9.08055734497,0
pde_nominal,8,8269,9,1,54,0,54,1,0,3.45843496896,0
pde_nominal,2,7374,1,0,45,0,45,1,0,4.51168513341,0
pde_nominal,9,7041,3,0,25,0,8,1,0,3.26750874465,0
pde_nominal,5,8963,0,0,13,0,0,1,0,4.11129636217,0
pde_nominal,9,7040,7,0,35,0,21,1,0,4.29704974123,0
pde_nominal,1,7387,4,0,59,0,21,1,0,4.53536218302,0
pde_nominal,7,8335,8,1,22,25,16,1,1,8.16381766938,0
pde_nominal,0,9346,2,0,28,0,25,1,0,6.11537927473,0
pde_nominal,6,7033,12,1,62,30,53,1,1,6.13611210701,0
pde_nominal,9,7037,7,0,52,0,52,1,0,4.52068214044,0
pde_nominal,7,8334,14,1,146,0,146,1,0,6.14628533281,0
pde_nominal,2,7365,15,1,60,0,60,1,0,4.69448594867,0
pde_nominal,9,7031,6,0,6,0,6,1,0,5.30074914149,0
pde_nominal,0,9342,9,1,23,0,23,1,0,9.16626241928,0
pde_nominal,7,8333,9,1,124,0,124,1,0,8.56660062192,0
pde_nominal,7,8332,13,1,8,0,8,1,0,5.92230127278,0
pde_nominal,6,7022,1,0,87,0,81,1,0,5.1958113,0
pde_nominal,2,7358,1,0,37,0,25,1,0,6.51996132319,0
pde_nominal,2,7355,14,1,13,0,2,1,0,9.37933284407,0
pde_nominal,7,8329,4,0,8,0,8,1,0,4.30344394035,0
pde_nominal,0,9338,0,0,77,0,60,1,0,7.14150752787,0
pde_nominal,2,7353,5,0,29,0,29,1,0,4.90815961891,0
pde_nominal,5,8952,2,0,28,0,16,1,0,4.85778057551,0
pde_nominal,2,7350,14,1,18,0,18,1,0,4.25512949219,0
pde_nominal,2,7349,3,0,18,0,18,1,0,4.04798716758,0
pde_nominal,4,7657,10,1,94,0,89,1,0,14.3631249135,0
pde_nominal,0,9334,2,0,47,0,44,1,0,3.31919007103,0
pde_nominal,1,7378,15,1,90,0,73,1,0,5.85826542067,0
pde_nominal,4,8719,10,1,90,0,61,1,0,11.1304020891,0
pde_nominal,0,9330,1,0,14,0,0,1,0,5.05790063519,0
pde_nominal,4,7650,15,1,11,0,0,1,0,14.7895223775,0
pde_nominal,9,7013,8,1,2,0,0,1,0,4.92455222981,0
pde_nominal,5,8941,14,1,69,0,69,1,0,6.58334868521,0
pde_nominal,4,7645,5,0,59,0,59,1,0,4.77884134752,0
pde_nominal,3,7356,7,0,80,0,80,1,0,4.84598560514,0
pde_nominal,9,7008,13,1,59,0,56,1,0,5.12277519751,0
pde_nominal,2,7340,12,1,81,0,52,1,0,5.68115010174,0
pde_nominal,3,7353,13,1,47,0,30,1,0,4.30869778107,0
pde_nominal,8,8233,3,0,14,0,14,1,0,4.32386254231,0
pde_nominal,6,6996,3,0,4,0,4,1,0,3.4668591132,0
pde_nominal,6,6995,7,0,0,0,0,1,0,6.80414647353,0
pde_nominal,9,7000,9,1,70,0,70,1,0,4.7752521265,0
pde_nominal,9,6999,1,0,26,0,20,1,0,6.28327501579,0
pde_nominal,4,7636,0,0,6,0,1,1,0,6.85596416714,0
pde_nominal,3,7346,4,0,32,10,3,1,1,7.34976159245,0
pde_nominal,7,8312,2,0,36,0,36,1,0,13.1195574041,0
pde_nominal,4,7634,8,1,79,0,63,1,0,9.70809579229,0
pde_nominal,4,8720,8,1,0,0,0,0,0,9.97792252945,0
pde_nominal,0,9317,11,1,2,0,2,1,0,5.39329961161,0
pde_nominal,9,6989,5,0,50,0,48,1,0,6.05916101796,0
pde_nominal,5,8927,0,0,13,0,13,1,0,4.68979721778,0
pde_nominal,3,7341,6,0,16,0,12,1,0,5.49571299918,0
pde_nominal,1,7354,4,0,251,0,179,1,0,20.1242778369,0
pde_nominal,4,7628,3,0,62,0,49,1,0,7.70183271047,0
pde_nominal,5,8922,11,1,5,0,0,1,0,5.52548221709,0
pde_nominal,1,7353,8,1,120,0,85,1,0,16.526842806,0
pde_nominal,0,9309,13,1,58,0,30,1,0,17.8905686803,0
pde_nominal,6,6980,12,1,5,0,0,1,0,4.70382413367,0
pde_nominal,5,8921,9,1,22,0,0,1,0,3.91514632371,0
pde_nominal,0,9562,10,1,19,0,15,1,0,11.872853511,0
pde_nominal,9,6978,7,0,10,0,10,1,0,7.14327793227,0
pde_nominal,5,8918,12,1,31,19,27,1,1,10.499140136,0
pde_nominal,6,6977,4,0,48,0,0,1,0,4.03416441719,0
pde_nominal,0,9305,10,1,61,0,0,1,0,6.03812186476,0
pde_nominal,1,7350,6,0,41,0,0,1,0,4.94368817841,0
pde_nominal,2,7322,13,1,1,0,0,1,0,5.23930871276,0
pde_nominal,0,9303,13,1,16,0,16,1,0,9.91738852387,0
pde_nominal,5,8915,7,0,58,0,58,1,0,5.72414870446,0
pde_nominal,1,7344,14,1,73,0,73,1,0,3.96022644476,0
pde_nominal,1,7343,0,0,5,0,5,1,0,3.49352604687,0
pde_nominal,9,6962,11,1,49,0,49,1,0,4.10763474234,0
pde_nominal,2,7313,4,0,78,0,78,1,0,7.15385352411,0
pde_nominal,6,6964,7,0,36,0,36,1,0,3.9857522097,0
pde_nominal,6,8298,7,0,0,0,0,0,0,10.1782987097,0
pde_nominal,0,9291,13,1,38,0,38,1,0,8.03127015691,0
pde_nominal,7,8301,12,1,197,0,197,1,0,13.0899425898,0
pde_nominal,2,7308,10,1,29,0,13,1,0,3.20592159893,0
pde_nominal,0,9288,3,0,41,0,29,1,0,4.93087736328,0
pde_nominal,5,8900,8,1,8,0,6,1,0,4.88872382107,0
pde_nominal,2,7306,7,0,76,0,49,1,0,8.03288143816,0
pde_nominal,4,7611,6,0,8,0,3,1,0,5.88830315902,0
pde_nominal,1,7337,12,1,146,0,97,1,0,9.13138233185,0
pde_nominal,2,7303,2,0,18,0,17,1,0,6.52574438274,0
pde_nominal,2,8856,2,0,0,0,0,0,0,12.4006082723,0
pde_nominal,0,9280,8,1,47,0,27,1,0,4.06480758497,0
pde_nominal,2,7300,12,1,23,0,23,1,0,4.30667824122,0
pde_nominal,8,8192,5,0,55,0,54,1,0,10.3934784177,0
pde_nominal,4,7603,13,1,66,0,46,1,0,4.16418522399,0
pde_nominal,5,8893,2,0,1,0,0,1,0,5.05995893571,0
pde_nominal,2,7295,9,1,22,0,21,1,0,5.59255483753,0
pde_nominal,9,6936,14,1,32,7,19,1,1,7.55552547168,0
pde_nominal,9,6935,12,1,36,0,36,1,0,10.6288726311,0
pde_nominal,9,6934,10,1,59,0,38,1,0,4.55670208209,0
pde_nominal,3,7313,9,1,35,0,29,1,0,3.50477120797,0
pde_nominal,6,6942,8,1,60,0,50,1,0,4.70137945435,0
pde_nominal,7,8270,2,0,13,0,13,1,0,3.14785149476,0
pde_nominal,8,8181,6,0,39,0,30,1,0,3.57175046111,0
pde_nominal,6,6940,12,1,6,0,4,1,0,4.18847986157,0
pde_nominal,5,8884,11,1,0,0,0,1,0,10.1623638144,0
pde_nominal,1,7326,15,1,47,0,46,1,0,5.31296149836,0
pde_nominal,5,8883,9,1,46,0,46,1,0,4.34534854207,0
pde_nominal,2,7285,9,1,41,0,39,1,0,8.3211847924,0
pde_nominal,9,6928,10,1,65,0,65,1,0,3.90212758469,0
pde_nominal,3,7302,13,1,61,0,61,1,0,5.36997496042,0
pde_nominal,0,9261,6,0,160,0,160,1,0,8.24042656474,0
pde_nominal,1,7316,9,1,17,0,17,1,0,3.47240290987,0
pde_nominal,4,7584,14,1,48,0,48,1,0,3.56684124869,0
pde_nominal,0,9259,11,1,53,0,53,1,0,6.63053736058,0
pde_nominal,5,8872,7,0,41,0,41,1,0,6.1182442789,0
pde_nominal,4,7582,9,1,42,0,42,1,0,4.51228096957,0
pde_nominal,6,6920,8,1,9,0,7,1,0,3.8400849901,0
pde_nominal,4,7580,0,0,40,0,30,1,0,3.88847990891,0
pde_nominal,6,6915,3,0,24,0,24,1,0,4.40580886069,0
pde_nominal,3,7284,9,1,8,0,8,1,0,4.44700951811,0
pde_nominal,2,7269,8,1,42,0,39,1,0,4.28853922422,0
pde_nominal,6,6914,8,1,55,0,53,1,0,4.54590421453,0
pde_nominal,7,8252,11,1,12,0,12,1,0,8.44742100575,0
pde_nominal,6,6910,11,1,70,0,70,1,0,5.07388122087,0
pde_nominal,7,8249,13,1,62,0,62,1,0,4.03873312142,0
pde_nominal,9,6906,9,1,34,0,26,1,0,5.46053544019,0
pde_nominal,1,7299,13,1,72,0,46,1,0,5.35575468486,0
pde_nominal,3,7275,3,0,12,0,0,1,0,5.31649823271,0
pde_nominal,9,6902,1,0,13,0,0,1,0,4.14501736636,0
pde_nominal,3,7273,6,0,9,0,9,1,0,3.66542367058,0
pde_nominal,2,7258,14,1,86,0,80,1,0,6.48710693472,0
pde_nominal,8,8153,14,1,87,0,60,1,0,6.66686461501,0
pde_nominal,6,6901,15,1,32,0,10,1,0,3.86838987146,0
pde_nominal,5,8857,5,0,16,0,1,1,0,5.07995918053,0
pde_nominal,4,7558,1,0,26,0,2,1,0,4.50418053655,0
pde_nominal,3,7268,9,1,31,0,4,1,0,3.75776643364,0
pde_nominal,6,6898,4,0,43,0,39,1,0,3.43191601742,0
pde_nominal,0,9228,0,0,60,0,50,1,0,4.53201370763,0
pde_nominal,4,7555,1,0,38,0,28,1,0,5.68028774593,0
pde_nominal,6,6895,14,1,8,0,8,1,0,4.41376579698,0
pde_nominal,6,6893,0,0,15,0,15,1,0,5.78693351812,0
pde_nominal,8,8150,12,1,134,0,119,1,0,11.2616372094,0
pde_nominal,0,9223,8,1,16,0,16,1,0,4.97337054664,0
pde_nominal,2,7247,14,1,102,0,102,1,0,5.0490248056,0
pde_nominal,2,7245,10,1,31,0,25,1,0,3.39454868303,0
pde_nominal,7,8236,2,0,86,0,86,1,0,8.76555262738,0
pde_nominal,0,9219,6,0,28,0,17,1,0,6.11499787128,0
pde_nominal,6,6886,2,0,110,0,72,1,0,6.14263507707,0
pde_nominal,2,7235,15,1,7,0,7,1,0,4.76055860082,0
pde_nominal,8,8134,9,1,49,0,40,1,0,3.59466872298,0
pde_nominal,9,6878,3,0,38,0,26,1,0,5.35756449624,0
pde_nominal,2,7230,2,0,5,0,5,1,0,5.40879931715,0
pde_nominal,4,7540,4,0,38,0,38,1,0,6.28140315518,0
pde_nominal,8,8133,9,1,67,0,54,1,0,6.64255764372,0
pde_nominal,7,8224,8,1,60,0,60,1,0,4.3742254006,0
pde_nominal,9,6877,12,1,52,0,51,1,0,8.84318245338,0
pde_nominal,4,7534,14,1,26,0,14,1,0,3.35778270567,0
pde_nominal,3,7252,7,0,44,0,36,1,0,5.08668649136,0
pde_nominal,4,7531,5,0,25,0,21,1,0,5.58771323023,0
pde_nominal,4,7530,15,1,90,0,84,1,0,7.51320392626,0
pde_nominal,5,8841,3,0,42,0,42,1,0,5.63452562214,0
pde_nominal,6,6880,13,1,79,0,71,1,0,4.55473825882,0
pde_nominal,2,7222,7,0,26,0,26,1,0,4.68839091502,0
pde_nominal,0,9564,6,0,12,8,20,1,1,5.60122359862,0
pde_nominal,0,9201,5,0,21,0,18,1,0,3.41374659161,0
pde_nominal,3,8514,7,0,92,26,115,1,1,19.6712376234,0
pde_nominal,5,8838,13,1,81,0,79,1,0,14.4664098977,0
pde_nominal,0,9194,11,1,46,0,46,1,0,5.80646983917,0
pde_nominal,4,7523,4,0,22,0,20,1,0,4.13989863313,0
pde_nominal,6,6873,2,0,42,0,33,1,0,4.98576684087,0
pde_nominal,9,6867,1,0,31,0,1,1,0,12.0303938261,0
pde_nominal,0,9189,13,1,15,0,8,1,0,6.21669074442,0
pde_nominal,2,7211,4,0,31,0,17,1,0,4.48379179994,0
pde_nominal,7,8207,0,0,13,0,13,1,0,3.16170485731,0
pde_nominal,3,7231,13,1,48,0,22,1,0,4.41004829558,0
pde_nominal,8,8111,0,0,143,0,122,1,0,8.0791892708,0
pde_nominal,0,9565,14,1,25,0,6,1,0,15.0896094284,0
pde_nominal,8,8110,5,0,55,0,19,1,0,4.9601988076,0
pde_nominal,6,6864,7,0,4,0,0,1,0,5.32185346443,0
pde_nominal,0,9185,6,0,56,0,6,1,0,5.63502890896,0
pde_nominal,6,6862,11,1,39,0,0,1,0,5.0260172296,0
pde_nominal,3,7222,10,1,13,8,1,1,1,8.53578060867,0
pde_nominal,7,8199,5,0,9,21,3,1,1,7.08674197207,0
pde_nominal,5,8822,1,0,27,0,17,1,0,4.72038488434,0
pde_nominal,5,8821,5,0,20,0,20,1,0,3.87443975048,0
pde_nominal,7,8193,13,1,83,0,83,1,0,7.70371634491,0
pde_nominal,9,6855,10,1,23,0,19,1,0,4.44272145928,0
pde_nominal,5,8816,13,1,14,0,12,1,0,4.34173841796,0
pde_nominal,4,7510,9,1,41,0,41,1,0,7.30991253504,0
pde_nominal,0,9176,5,0,45,0,45,1,0,4.77596720099,0
pde_nominal,2,7198,2,0,40,0,40,1,0,4.21591072715,0
pde_nominal,8,8103,0,0,51,0,51,1,0,5.25057721772,0
pde_nominal,9,6848,5,0,23,0,19,1,0,2.82633032965,0
pde_nominal,3,7216,10,1,81,0,75,1,0,8.40844775898,0
pde_nominal,8,8100,3,0,22,0,17,1,0,5.72018659681,0
pde_nominal,6,6851,10,1,40,0,22,1,0,5.88704099974,0
pde_nominal,6,6849,3,0,10,0,0,1,0,3.67250410501,0
pde_nominal,4,7503,10,1,61,0,3,1,0,14.1785444782,0
pde_nominal,1,7249,8,1,59,0,49,1,0,7.31515225577,0
pde_nominal,3,7213,10,1,73,0,62,1,0,6.16352269293,0
pde_nominal,7,8186,11,1,43,0,43,1,0,4.2743090286,0
pde_nominal,8,8096,0,0,35,0,35,1,0,5.604219409,0
pde_nominal,0,9167,5,0,57,0,57,1,0,5.63564608109,0
pde_nominal,4,7499,8,1,63,0,63,1,0,3.78630747085,0
pde_nominal,9,6839,14,1,16,0,16,1,0,3.82724819532,0
pde_nominal,1,7243,6,0,77,0,43,1,0,7.97077648934,0
pde_nominal,4,7497,2,0,109,31,91,1,1,10.2005730987,0
pde_nominal,8,8092,9,1,120,0,64,1,0,7.91022772425,0
pde_nominal,1,7240,14,1,19,0,19,1,0,4.20957610156,0
pde_nominal,0,9160,6,0,48,0,48,1,0,5.4406921984,0
pde_nominal,7,9284,4,0,10,0,10,1,0,7.31949873238,0
pde_nominal,7,8178,9,1,8,0,8,1,0,3.41531530616,0
pde_nominal,9,6834,8,1,13,0,12,1,0,5.46871508085,0
pde_nominal,1,7235,7,0,16,0,0,1,0,3.27697761605,0
pde_nominal,0,9152,7,0,17,0,17,1,0,3.61602193368,0
pde_nominal,7,8175,12,1,76,0,76,1,0,4.28206016103,0
pde_nominal,3,7202,12,1,7,0,1,1,0,4.34778564671,0
pde_nominal,6,6829,15,1,29,0,5,1,0,3.30472663942,0
pde_nominal,1,7226,1,0,20,0,11,1,0,5.11680418268,0
pde_nominal,9,6820,11,1,41,0,27,1,0,5.30786403242,0
pde_nominal,0,9147,8,1,103,0,51,1,0,7.53643248058,0
pde_nominal,3,7195,9,1,41,0,41,1,0,6.33090208747,0
pde_nominal,5,8783,12,1,47,0,46,1,0,4.8945751149,0
pde_nominal,8,8079,3,0,89,0,89,1,0,5.47776376667,0
pde_nominal,9,6812,10,1,79,0,79,1,0,11.131313121,0
pde_nominal,3,7184,9,1,32,0,32,1,0,5.03055442646,0
pde_nominal,7,8159,13,1,49,0,49,1,0,4.28226587295,0
pde_nominal,1,7213,2,0,211,0,189,1,0,10.1469632849,0
pde_nominal,5,8778,11,1,170,0,154,1,0,8.97587906313,0
pde_nominal,1,7212,5,0,19,0,19,1,0,5.8968943601,0
pde_nominal,2,7164,4,0,67,0,67,1,0,5.94182706532,0
pde_nominal,7,8158,14,1,65,0,65,1,0,5.77535243715,0
pde_nominal,8,8069,6,0,50,0,37,1,0,3.88944417907,0
pde_nominal,6,6814,7,0,66,0,46,1,0,3.6670251995,0
pde_nominal,8,8067,14,1,13,0,0,1,0,3.29975822548,0
pde_nominal,1,7208,7,0,28,0,5,1,0,5.68646004394,0
pde_nominal,8,8066,9,1,6,0,0,1,0,5.48779591152,0
pde_nominal,5,8776,10,1,121,0,45,1,0,10.3941083842,0
pde_nominal,9,6799,13,1,67,34,83,1,1,11.2427892553,0
pde_nominal,2,7158,5,0,159,0,154,1,0,6.84740875269,0
pde_nominal,1,7203,2,0,23,0,23,1,0,5.37247079918,0
pde_nominal,0,9120,0,0,36,0,36,1,0,4.5378469187,0
pde_nominal,6,6803,1,0,100,0,100,1,0,4.09023340372,0
pde_nominal,1,7200,12,1,79,0,79,1,0,4.64569925548,0
pde_nominal,8,8058,10,1,45,0,45,1,0,3.08674795775,0
pde_nominal,5,8764,9,1,87,0,67,1,0,7.21103863808,0
pde_nominal,6,8300,6,0,5,0,5,1,0,4.50536384733,0
pde_nominal,7,8141,8,1,61,0,61,1,0,5.64728428613,0
pde_nominal,5,8762,1,0,42,0,42,1,0,3.70088878081,0
pde_nominal,1,7181,5,0,6,0,6,1,0,10.6545567369,0
pde_nominal,6,6789,6,0,195,0,195,1,0,7.77218104408,0
pde_nominal,4,7457,15,1,83,0,83,1,0,6.97327323245,0
pde_nominal,7,8133,12,1,71,0,71,1,0,4.53748973546,0
pde_nominal,0,9102,15,1,173,0,158,1,0,12.4439977863,0
pde_nominal,4,7454,8,1,65,0,36,1,0,8.10318298295,0
pde_nominal,4,8723,8,1,0,0,0,0,0,9.40755911962,0
pde_nominal,7,8123,0,0,33,0,33,1,0,4.62470669645,0
pde_nominal,7,8121,1,0,51,0,51,1,0,8.67951739344,0
pde_nominal,1,7165,14,1,68,40,108,1,1,8.00498374659,0
pde_nominal,7,8118,10,1,7,0,7,1,0,6.13076046428,0
pde_nominal,2,7130,12,1,30,0,15,1,0,4.6397976322,0
pde_nominal,5,8743,7,0,34,0,0,1,0,4.10757607912,0
pde_nominal,6,6776,13,1,137,0,108,1,0,8.13102454025,0
pde_nominal,3,7140,15,1,67,0,32,1,0,6.84814335488,0
pde_nominal,6,6775,0,0,69,0,69,1,0,3.24386176376,0
pde_nominal,9,6764,7,0,64,0,64,1,0,3.24486882438,0
pde_nominal,6,6771,12,1,37,0,22,1,0,3.25026895761,0
pde_nominal,0,9081,13,1,13,0,0,1,0,4.64576380045,0
pde_nominal,3,7138,11,1,231,0,147,1,0,14.7713721332,0
pde_nominal,2,7117,12,1,41,0,41,1,0,9.00444270107,0
pde_nominal,4,7427,9,1,116,0,106,1,0,6.84325680612,0
pde_nominal,6,6768,1,0,72,0,72,1,0,3.57653090504,0
pde_nominal,5,8734,10,1,49,29,78,1,1,7.09251451257,0
pde_nominal,5,8732,9,1,7,0,7,1,0,5.83846777285,0
pde_nominal,6,6763,3,0,72,0,72,1,0,3.8984305375,0
pde_nominal,3,7126,15,1,1,0,1,1,0,7.93596870408,0
pde_nominal,8,8023,8,1,119,0,100,1,0,7.41565733826,0
pde_nominal,1,7133,0,0,13,0,4,1,0,3.92023983202,0
pde_nominal,0,9067,12,1,24,0,5,1,0,3.82087021563,0
pde_nominal,8,8022,1,0,57,0,43,1,0,6.08618712088,0
pde_nominal,5,8727,7,0,131,0,105,1,0,8.89767281119,0
pde_nominal,8,8020,10,1,28,0,28,1,0,3.0535403912,0
pde_nominal,1,7127,0,0,49,0,47,1,0,9.63046558487,0
pde_nominal,0,9059,2,0,58,0,24,1,0,6.54039967973,0
pde_nominal,3,7114,14,1,32,0,23,1,0,4.71649914746,0
pde_nominal,1,7120,11,1,50,0,41,1,0,5.49764275869,0
pde_nominal,0,9056,2,0,76,0,72,1,0,6.967683394,0
pde_nominal,4,7408,1,0,3,0,0,1,0,3.99193121231,0
pde_nominal,6,6740,15,1,71,0,69,1,0,3.56696722208,0
pde_nominal,5,8716,1,0,53,0,48,1,0,4.05682068585,0
pde_nominal,1,7117,2,0,46,0,37,1,0,5.55252391619,0
pde_nominal,5,8715,3,0,26,0,26,1,0,4.65031829315,0
pde_nominal,2,7088,12,1,51,11,61,1,1,4.93658667657,0
pde_nominal,7,8075,15,1,55,0,55,1,0,3.37894614524,0
pde_nominal,9,6748,3,0,99,0,90,1,0,4.72287853946,0
pde_nominal,9,6746,14,1,70,0,70,1,0,3.38398188525,0
pde_nominal,4,7405,4,0,50,33,83,1,1,10.4294334208,0
pde_nominal,1,7112,8,1,47,23,70,1,1,5.54554168058,0
pde_nominal,0,9049,6,0,54,0,44,1,0,4.20565922274,0
pde_nominal,7,8063,3,0,60,0,60,1,0,3.96259999112,0
pde_nominal,2,7081,7,0,193,0,148,1,0,10.7677329528,0
pde_nominal,6,12023,7,0,6,0,6,1,0,2.85534767168,0
pde_nominal,3,7102,7,0,92,0,87,1,0,7.74745953021,0
pde_nominal,9,6734,0,0,99,0,99,1,0,4.66836114128,0
pde_nominal,8,7998,1,0,10,0,1,1,0,7.11187433194,0
pde_nominal,5,8705,7,0,5,0,0,1,0,4.67510702191,0
pde_nominal,3,7098,11,1,0,0,0,1,0,5.46954988232,0
pde_nominal,6,12016,15,1,62,0,62,1,0,4.1642171689,0
pde_nominal,5,8696,9,1,10,0,10,1,0,3.82369347209,0
pde_nominal,7,8047,12,1,39,0,39,1,0,3.88370049551,0
pde_nominal,7,8045,4,0,4,0,4,1,0,5.20262602774,0
pde_nominal,7,9285,4,0,0,0,0,0,0,5.67213315094,0
pde_nominal,2,7068,6,0,62,0,36,1,0,4.89606083572,0
pde_nominal,3,7089,13,1,20,0,20,1,0,5.89874394371,0
pde_nominal,1,7090,11,1,43,0,43,1,0,4.44482980941,0
pde_nominal,3,7086,13,1,59,0,59,1,0,10.6305571803,0
pde_nominal,3,7079,0,0,13,0,13,1,0,5.06854561442,0
pde_nominal,7,8032,0,0,0,0,0,0,0,7.62146456512,0
pde_nominal,0,9033,5,0,117,0,77,1,0,7.41581574128,0
pde_nominal,7,8031,0,0,9,0,9,1,0,3.37478454288,0
pde_nominal,0,9032,10,1,20,0,11,1,0,5.24936972036,0
pde_nominal,5,8685,5,0,32,0,19,1,0,4.41579273025,0
pde_nominal,9,6719,11,1,63,0,27,1,0,4.03784448618,0
pde_nominal,8,7967,3,0,31,0,19,1,0,4.29794273972,0
pde_nominal,3,7075,11,1,58,0,35,1,0,4.20743536154,0
pde_nominal,5,8679,9,1,5,0,5,1,0,4.61840347682,0
pde_nominal,0,9570,3,0,106,0,88,1,0,8.52210486896,0
pde_nominal,0,9025,14,1,32,0,19,1,0,6.59098746144,0
pde_nominal,5,8677,11,1,42,0,19,1,0,6.95622965829,0
pde_nominal,3,7067,1,0,51,0,39,1,0,16.8455687146,0
pde_nominal,5,8676,7,0,69,0,58,1,0,8.72132678492,0
pde_nominal,3,7063,10,1,36,0,0,1,0,6.69292356955,0
pde_nominal,5,8673,12,1,27,0,0,1,0,6.98231392155,0
pde_nominal,7,8013,8,1,24,0,24,1,0,5.06420716871,0
pde_nominal,9,6703,15,1,78,0,78,1,0,3.80100238847,0
pde_nominal,3,7061,14,1,42,0,42,1,0,7.32252772697,0
pde_nominal,0,9015,13,1,140,0,140,1,0,10.0407581929,0
pde_nominal,6,11974,4,0,26,0,26,1,0,6.93700584198,0
pde_nominal,2,7042,5,0,50,0,29,1,0,5.04423327318,0
pde_nominal,8,7957,13,1,13,0,9,1,0,5.92784515781,0
pde_nominal,3,7053,1,0,14,0,12,1,0,3.31081083669,0
pde_nominal,2,7039,5,0,18,0,4,1,0,5.1765172993,0
pde_nominal,0,9004,13,1,34,0,1,1,0,5.12158386284,0
pde_nominal,3,7049,10,1,42,0,31,1,0,8.38241553337,0
pde_nominal,1,7049,10,1,133,0,58,1,0,8.35378465349,0
pde_nominal,4,7357,4,0,9,0,0,1,0,4.05420906678,0
pde_nominal,4,7353,3,0,23,0,23,1,0,6.6975187537,0
pde_nominal,7,7997,7,0,44,0,44,1,0,4.09744574158,0
pde_nominal,9,6693,1,0,159,0,158,1,0,7.20760374262,0
pde_nominal,3,7038,8,1,41,0,40,1,0,4.82242694328,0
pde_nominal,9,6689,0,0,127,0,114,1,0,5.87386552355,0
pde_nominal,0,8991,11,1,49,0,37,1,0,3.99395691971,0
pde_nominal,6,11955,0,0,22,0,22,1,0,7.13211178538,0
pde_nominal,2,7026,1,0,54,0,50,1,0,5.36835105748,0
pde_nominal,5,8648,0,0,47,0,47,1,0,6.42150372793,0
pde_nominal,9,10141,12,1,30,0,30,1,0,5.47247068345,0
pde_nominal,8,7943,5,0,109,0,108,1,0,10.613327703,0
pde_nominal,7,7987,14,1,2,0,2,1,0,12.9471227542,0
pde_nominal,6,11947,0,0,1,0,0,1,0,4.85335437863,0
pde_nominal,7,7983,13,1,20,0,20,1,0,5.44434485305,0
pde_nominal,2,7018,13,1,80,0,46,1,0,6.06515441589,0
pde_nominal,7,7979,0,0,12,0,12,1,0,6.12706978351,0
pde_nominal,9,10129,1,0,0,0,0,1,0,7.52161380188,0
pde_nominal,8,7934,5,0,79,14,78,1,1,11.7660761852,0
pde_nominal,4,7329,11,1,21,0,5,1,0,3.42816418402,0
pde_nominal,3,7027,15,1,42,0,17,1,0,6.4126826703,0
pde_nominal,1,7029,4,0,65,0,46,1,0,3.87790525132,0
pde_nominal,9,10125,5,0,23,0,23,1,0,3.98801547829,0
pde_nominal,3,7026,11,1,55,0,55,1,0,6.86250900872,0
pde_nominal,7,7972,12,1,4,0,4,1,0,7.97171189527,0
pde_nominal,7,9288,2,0,13,0,13,1,0,7.81478995465,0
pde_nominal,5,8631,4,0,58,0,58,1,0,4.52732604436,0
pde_nominal,6,11933,4,0,17,0,17,1,0,3.09377380525,0
pde_nominal,0,8973,3,0,13,0,9,1,0,3.37108259959,0
pde_nominal,2,7009,4,0,19,0,0,1,0,8.57098540929,0
pde_nominal,8,7927,4,0,66,0,30,1,0,10.5114412274,0
pde_nominal,9,10114,3,0,11,0,9,1,0,4.99975392943,0
pde_nominal,6,11927,0,0,31,0,31,1,0,5.91813267432,0
pde_nominal,9,10110,12,1,19,0,19,1,0,6.34360621076,0
pde_nominal,4,7317,14,1,93,0,93,1,0,6.88450215039,0
pde_nominal,8,7920,2,0,5,0,5,1,0,7.10496049967,0
pde_nominal,4,7313,13,1,48,0,48,1,0,7.29166971544,0
pde_nominal,5,8620,8,1,11,0,11,1,0,3.35046461597,0
pde_nominal,7,7959,15,1,47,0,47,1,0,5.88020279058,0
pde_nominal,3,7011,13,1,19,0,14,1,0,4.79271938663,0
pde_nominal,0,8958,0,0,8,0,0,1,0,3.59097380271,0
pde_nominal,5,8619,3,0,34,0,2,1,0,6.96886168824,0
pde_nominal,4,7307,4,0,24,0,23,1,0,5.16968487509,0
pde_nominal,2,6990,3,0,71,0,69,1,0,7.81686039138,0
pde_nominal,6,11920,10,1,10,0,10,1,0,3.55709346174,0
pde_nominal,7,7954,4,0,72,0,72,1,0,4.97814853043,0
pde_nominal,6,11918,3,0,1,0,1,1,0,4.98403369136,0
pde_nominal,0,8952,13,1,22,0,22,1,0,6.67684380941,0
pde_nominal,7,7951,11,1,52,0,52,1,0,5.06891061416,0
pde_nominal,0,8948,12,1,36,0,3,1,0,4.86014171814,0
pde_nominal,9,10090,10,1,8,0,0,1,0,3.20637203569,0
pde_nominal,2,6985,13,1,59,0,0,1,0,6.05789017759,0
pde_nominal,1,7000,11,1,100,0,33,1,0,6.45268938817,0
pde_nominal,0,8947,3,0,10,0,0,1,0,5.39887681261,0
pde_nominal,3,6992,3,0,43,0,32,1,0,3.22621337585,0
pde_nominal,8,7907,2,0,292,0,180,1,0,17.0817325112,0
pde_nominal,8,7906,13,1,11,0,11,1,0,5.10570241495,0
pde_nominal,7,7946,13,1,52,0,52,1,0,6.24458980576,0
pde_nominal,9,10088,4,0,58,0,51,1,0,6.54133960652,0
pde_nominal,2,6979,10,1,49,0,47,1,0,12.9808226261,0
pde_nominal,5,8602,2,0,37,0,22,1,0,5.706160048,0
pde_nominal,2,6978,8,1,53,0,22,1,0,6.81044060483,0
pde_nominal,9,10084,8,1,82,0,30,1,0,6.35041347761,0
pde_nominal,6,11906,4,0,79,0,79,1,0,6.165908026,0
pde_nominal,5,8596,13,1,30,0,30,1,0,4.73596871195,0
pde_nominal,8,7902,8,1,116,0,116,1,0,6.19949642163,0
pde_nominal,9,10074,11,1,21,0,21,1,0,3.78757583642,0
pde_nominal,4,7298,0,0,80,0,80,1,0,3.77365441819,0
pde_nominal,2,6967,3,0,95,0,95,1,0,4.90280366485,0
pde_nominal,5,8591,5,0,23,16,39,1,1,7.65717287354,0
pde_nominal,1,6996,2,0,54,0,54,1,0,3.25396898776,0
pde_nominal,4,7295,15,1,6,0,6,1,0,4.77755020265,0
pde_nominal,0,8914,5,0,13,0,11,1,0,8.72265474938,0
pde_nominal,2,6963,11,1,4,0,0,1,0,4.43202885817,0
pde_nominal,5,8588,8,1,6,0,1,1,0,3.39150287615,0
pde_nominal,4,7290,3,0,27,0,20,1,0,6.00593503113,0
pde_nominal,7,7933,2,0,30,0,30,1,0,5.43804118312,0
pde_nominal,2,6961,2,0,35,0,21,1,0,6.85387642156,0
pde_nominal,9,10067,7,0,152,0,121,1,0,11.4308955119,0
pde_nominal,0,8909,5,0,28,0,6,1,0,4.0058522636,0
pde_nominal,5,8585,15,1,53,0,13,1,0,4.05432131751,0
pde_nominal,3,6970,2,0,65,0,36,1,0,5.07104251502,0
pde_nominal,4,7287,2,0,53,0,41,1,0,5.38200944473,0
pde_nominal,3,6966,9,1,29,0,29,1,0,5.25906902099,0
pde_nominal,3,6963,1,0,21,0,21,1,0,5.52691133107,0
pde_nominal,8,7891,5,0,35,0,35,1,0,10.249303882,0
pde_nominal,9,10059,6,0,47,0,47,1,0,5.5459098417,0
pde_nominal,3,6961,7,0,102,0,102,1,0,6.82254947313,0
pde_nominal,5,8572,4,0,12,0,0,1,0,4.5088738779,0
pde_nominal,9,10048,14,1,19,0,8,1,0,3.72687607413,0
pde_nominal,5,8569,13,1,54,0,15,1,0,5.62793855316,0
pde_nominal,9,10045,8,1,44,0,36,1,0,4.04510100953,0
pde_nominal,2,6936,11,1,54,0,30,1,0,5.14935678241,0
pde_nominal,7,7906,15,1,9,0,9,1,0,5.4573755666,0
pde_nominal,5,8562,4,0,35,0,35,1,0,4.84876288697,0
pde_nominal,5,8561,11,1,7,0,7,1,0,4.88594919127,0
pde_nominal,9,10043,1,0,17,0,17,1,0,4.92957780546,0
pde_nominal,6,11868,7,0,35,0,35,1,0,6.18656496699,0
pde_nominal,2,6934,2,0,54,0,54,1,0,5.18808100185,0
pde_nominal,6,11867,11,1,67,0,67,1,0,4.5028264213,0
pde_nominal,5,8556,1,0,35,0,18,1,0,3.60475680816,0
pde_nominal,3,6946,11,1,18,0,15,1,0,3.67604611162,0
pde_nominal,5,8554,10,1,30,0,30,1,0,3.90659783205,0
pde_nominal,9,10039,4,0,39,0,24,1,0,4.92362118047,0
pde_nominal,4,7268,9,1,33,20,53,1,1,7.55247945609,0
pde_nominal,4,7265,6,0,25,0,25,1,0,4.84672885703,0
pde_nominal,4,8728,6,0,0,0,0,0,0,5.09414151197,0
pde_nominal,9,10033,1,0,13,0,0,1,0,4.79541169543,0
pde_nominal,5,8546,5,0,11,0,0,1,0,3.68531735501,0
pde_nominal,0,8871,7,0,33,0,33,1,0,2.9891499909,0
pde_nominal,2,6921,12,1,21,0,21,1,0,4.01559263564,0
pde_nominal,6,11854,2,0,60,0,60,1,0,7.06457534291,0
pde_nominal,3,6930,15,1,21,20,41,1,1,7.55348371528,0
pde_nominal,1,6969,15,1,65,0,65,1,0,3.67307692841,0
pde_nominal,8,7864,1,0,54,0,54,1,0,9.98472126534,0
pde_nominal,8,7863,13,1,23,0,23,1,0,4.59406444219,0
pde_nominal,1,6968,8,1,76,0,76,1,0,3.37611116288,0
pde_nominal,6,11849,9,1,40,0,40,1,0,3.63884039953,0
pde_nominal,8,7861,2,0,30,0,30,1,0,3.31940393889,0
pde_nominal,0,8861,7,0,97,0,97,1,0,7.07297118559,0
pde_nominal,0,8859,7,0,2,0,2,1,0,9.40720718978,0
pde_nominal,9,10021,12,1,37,0,37,1,0,6.61119973315,0
pde_nominal,5,8534,15,1,58,0,58,1,0,8.01242127333,0
pde_nominal,1,6961,1,0,116,0,116,1,0,5.92175970485,0
pde_nominal,2,6909,14,1,71,0,71,1,0,6.22779698623,0
pde_nominal,5,8532,5,0,18,0,18,1,0,4.49907920896,0
pde_nominal,8,7849,13,1,52,0,52,1,0,4.26780803497,0
pde_nominal,9,10011,13,1,15,0,15,1,0,4.35659267172,0
pde_nominal,9,10010,9,1,9,0,9,1,0,3.27300112927,0
pde_nominal,5,8525,5,0,51,0,51,1,0,7.6924517206,0
pde_nominal,8,7840,15,1,39,0,32,1,0,6.29789235955,0
pde_nominal,0,8855,6,0,356,0,348,1,0,16.4214464418,0
pde_nominal,2,6906,14,1,161,0,139,1,0,11.3943821912,0
pde_nominal,2,6905,7,0,61,0,61,1,0,4.28570020651,0
pde_nominal,6,11833,4,0,7,0,5,1,0,4.14530773816,0
pde_nominal,8,7837,4,0,86,0,80,1,0,7.39524814897,0
pde_nominal,1,10234,0,0,48,0,46,1,0,6.510791767,0
pde_nominal,3,6898,9,1,55,0,31,1,0,3.26036017472,0
pde_nominal,0,8849,2,0,26,0,7,1,0,5.56011383336,0
pde_nominal,5,8502,5,0,5,0,0,1,0,11.4495455023,0
pde_nominal,8,7821,12,1,44,0,32,1,0,5.69539399302,0
pde_nominal,8,7817,0,0,17,0,7,1,0,4.20239977363,0
pde_nominal,2,6882,6,0,31,0,11,1,0,6.35296592599,0
pde_nominal,8,7816,8,1,32,17,33,1,1,6.71086608721,0
pde_nominal,8,7815,0,0,88,0,31,1,0,10.3394331715,0
pde_nominal,2,6873,11,1,14,0,14,1,0,4.35710479878,0
pde_nominal,9,9985,9,1,35,0,35,1,0,5.91869083327,0
pde_nominal,3,6882,8,1,113,0,109,1,0,5.86465524778,0
pde_nominal,7,7848,5,0,81,0,81,1,0,5.21589768801,0
pde_nominal,8,7806,0,0,6,0,0,1,0,4.69807230799,0
pde_nominal,6,11811,4,0,78,0,67,1,0,4.15666457348,0
pde_nominal,2,6870,9,1,23,0,11,1,0,8.5776026302,0
pde_nominal,9,9983,1,0,60,0,47,1,0,5.89081837419,0
pde_nominal,4,7223,8,1,93,0,76,1,0,6.03055241811,0
pde_nominal,6,11807,11,1,79,0,79,1,0,5.64171975385,0
pde_nominal,9,9972,13,1,55,0,55,1,0,4.889082205,0
pde_nominal,6,11806,10,1,83,0,83,1,0,4.71337127002,0
pde_nominal,3,6874,8,1,202,0,202,1,0,8.44850274356,0
pde_nominal,8,7801,4,0,41,0,41,1,0,4.57772876003,0
pde_nominal,9,9967,8,1,96,68,164,1,1,8.90367406589,0
pde_nominal,0,8825,4,0,122,0,122,1,0,5.16417157979,0
pde_nominal,0,9572,4,0,0,0,0,0,0,7.21212593401,0
pde_nominal,0,8822,10,1,25,0,25,1,0,2.93300258253,0
pde_nominal,4,7212,6,0,18,0,18,1,0,4.28883095596,0
pde_nominal,9,9961,6,0,29,0,29,1,0,3.60808300574,0
pde_nominal,8,7788,6,0,41,0,19,1,0,3.6852488674,0
pde_nominal,2,6842,11,1,22,0,14,1,0,7.56411939104,0
pde_nominal,9,9957,12,1,6,0,6,1,0,4.11230329249,0
pde_nominal,4,7201,9,1,36,0,19,1,0,5.44415886125,0
pde_nominal,9,9956,13,1,35,0,15,1,0,5.95811313205,0
pde_nominal,1,10196,13,1,4,0,0,1,0,5.32783883888,0
pde_nominal,5,8457,3,0,51,0,43,1,0,5.37115681,0
pde_nominal,7,7819,6,0,57,0,57,1,0,4.8041938054,0
pde_nominal,8,7782,3,0,31,0,31,1,0,8.16636700985,0
pde_nominal,5,8455,2,0,4,0,4,1,0,4.18725032403,0
pde_nominal,9,9951,10,1,64,0,64,1,0,6.33063123235,0
pde_nominal,2,6834,2,0,29,0,29,1,0,4.29563047167,0
pde_nominal,7,7817,0,0,25,0,25,1,0,4.89333728366,0
pde_nominal,8,7779,12,1,76,0,65,1,0,4.95818451672,0
pde_nominal,9,9947,10,1,10,0,10,1,0,6.11767603844,0
pde_nominal,9,9944,10,1,17,0,17,1,0,5.04698270274,0
pde_nominal,9,9943,10,1,17,0,16,1,0,3.4440607313,0
pde_nominal,6,11787,9,1,0,0,0,1,0,4.09813330345,0
pde_nominal,3,8523,0,0,60,0,59,1,0,7.56383072767,0
pde_nominal,9,9942,11,1,11,0,8,1,0,3.43484265663,0
pde_nominal,8,7777,6,0,59,0,57,1,0,4.26677968276,0
pde_nominal,1,10176,13,1,12,0,4,1,0,4.86634262131,0
pde_nominal,5,8447,1,0,51,0,27,1,0,5.01600259706,0
pde_nominal,6,11783,8,1,11,0,11,1,0,3.68372651163,0
pde_nominal,6,12036,8,1,0,0,0,0,0,4.74736940293,0
pde_nominal,6,11782,6,0,13,0,8,1,0,5.71161628559,0
pde_nominal,8,7772,13,1,9,0,9,1,0,4.22997017044,0
pde_nominal,1,10171,3,0,11,0,11,1,0,3.02010544704,0
pde_nominal,0,8794,8,1,26,0,26,1,0,5.52753523058,0
pde_nominal,3,6825,3,0,72,0,68,1,0,4.04867601121,0
pde_nominal,5,8435,3,0,37,0,33,1,0,4.98027951082,0
pde_nominal,4,7184,2,0,603,0,476,1,0,29.0409944559,0
pde_nominal,9,9921,10,1,37,0,31,1,0,5.47300566103,0
pde_nominal,6,11763,10,1,58,0,43,1,0,4.30159902833,0
pde_nominal,7,7787,11,1,23,0,23,1,0,6.26826062222,0
pde_nominal,5,8431,1,0,25,0,15,1,0,6.64367206537,0
pde_nominal,1,10150,2,0,11,0,0,1,0,8.33701242433,0
pde_nominal,8,7749,15,1,60,0,14,1,0,6.84305848302,0
pde_nominal,4,7176,2,0,48,0,11,1,0,7.49311156825,0
pde_nominal,5,8428,1,0,6,0,1,1,0,4.3410633463,0
pde_nominal,3,6810,0,0,40,0,3,1,0,3.95376832915,0
pde_nominal,3,6809,0,0,70,0,65,1,0,4.11804364937,0
pde_nominal,8,7745,3,0,63,0,63,1,0,5.90810180615,0
pde_nominal,6,11759,13,1,174,0,121,1,0,10.9603436672,0
pde_nominal,6,11756,14,1,26,0,26,1,0,7.06837478286,0
pde_nominal,6,11755,7,0,12,0,12,1,0,4.42556130634,0
pde_nominal,3,9506,1,0,21,0,21,1,0,4.42463559328,0
pde_nominal,4,7172,1,0,66,0,66,1,0,4.65760380077,0
pde_nominal,8,7740,9,1,11,0,11,1,0,3.91016083135,0
pde_nominal,5,10147,9,1,203,0,192,1,0,15.7945199416,0
pde_nominal,3,9505,6,0,37,0,34,1,0,4.17551783024,0
pde_nominal,5,8427,3,0,45,0,18,1,0,4.8304693102,0
pde_nominal,5,8423,14,1,14,0,14,1,0,3.68646564033,0
pde_nominal,4,7165,5,0,18,0,16,1,0,3.93171061069,0
pde_nominal,6,11747,2,0,14,0,14,1,0,6.86205437918,0
pde_nominal,6,11744,14,1,75,0,75,1,0,5.83951500505,0
pde_nominal,7,7770,3,0,44,0,44,1,0,8.15473460282,0
pde_nominal,9,9901,15,1,83,0,83,1,0,5.57655884057,0
pde_nominal,3,9491,15,1,41,0,41,1,0,5.00065291778,0
pde_nominal,3,9490,4,0,45,0,41,1,0,6.95655938786,0
pde_nominal,9,9900,4,0,40,10,44,1,1,7.52943517304,0
pde_nominal,0,8754,14,1,30,0,30,1,0,3.83074284183,0
pde_nominal,3,9486,9,1,48,0,48,1,0,5.54504120318,0
pde_nominal,6,11733,7,0,37,0,37,1,0,3.76948019838,0
pde_nominal,7,7761,8,1,33,0,33,1,0,5.45965561096,0
pde_nominal,0,8753,13,1,90,31,121,1,1,7.99726551196,0
pde_nominal,6,11729,4,0,41,0,41,1,0,4.54444224179,0
pde_nominal,7,7759,1,0,11,0,11,1,0,3.87598899926,0
pde_nominal,7,7758,3,0,20,0,20,1,0,7.6226399658,0
pde_nominal,8,7722,7,0,6,0,0,1,0,3.32817404179,0
pde_nominal,7,7755,11,1,32,0,32,1,0,5.20469880887,0
pde_nominal,0,8748,1,0,84,0,84,1,0,6.55989581016,0
pde_nominal,7,7754,8,1,112,0,112,1,0,8.03164786431,0
pde_nominal,6,11722,15,1,47,0,47,1,0,7.11271741834,0
pde_nominal,6,11721,7,0,33,0,7,1,0,4.48188154939,0
pde_nominal,7,7751,1,0,79,0,79,1,0,8.1884030608,0
pde_nominal,9,9886,14,1,292,0,254,1,0,13.9331751995,0
pde_nominal,5,8404,15,1,107,0,78,1,0,6.21459918791,0
pde_nominal,2,6769,9,1,75,0,15,1,0,4.52978594361,0
pde_nominal,1,10117,2,0,77,0,77,1,0,3.85683442115,0
pde_nominal,1,10116,15,1,46,0,46,1,0,3.86509083953,0
pde_nominal,0,8734,0,0,12,0,12,1,0,6.48729529382,0
pde_nominal,8,7705,12,1,53,0,53,1,0,6.2881291837,0
pde_nominal,4,7135,11,1,66,0,66,1,0,5.59385817759,0
pde_nominal,4,7134,7,0,9,0,9,1,0,4.57056283869,0
pde_nominal,7,7749,5,0,278,0,278,1,0,12.2811186407,0
pde_nominal,5,8393,15,1,30,0,30,1,0,6.67650604009,0
pde_nominal,6,11702,9,1,23,0,23,1,0,3.13865810818,0
pde_nominal,8,7694,12,1,27,19,46,1,1,6.1366684127,0
pde_nominal,9,9868,15,1,8,0,8,1,0,7.38367398154,0
pde_nominal,3,9461,11,1,44,0,44,1,0,5.86030261955,0
pde_nominal,7,7741,14,1,59,0,59,1,0,5.6800895524,0
pde_nominal,3,9460,2,0,17,0,17,1,0,4.11960432919,0
pde_nominal,3,9459,6,0,8,0,8,1,0,4.7104688314,0
pde_nominal,3,9507,6,0,0,0,0,0,0,6.88480630061,0
pde_nominal,1,10104,8,1,33,0,30,1,0,4.00371268518,0
pde_nominal,5,8386,4,0,6,0,0,1,0,5.8092610511,0
pde_nominal,4,7125,5,0,22,0,1,1,0,5.9742198453,0
pde_nominal,6,11689,8,1,20,0,2,1,0,10.2120106366,0
pde_nominal,6,11688,12,1,26,0,3,1,0,5.41606374482,0
pde_nominal,6,11687,4,0,67,0,57,1,0,6.86419776003,0
pde_nominal,7,7728,2,0,10,0,10,1,0,5.21016832262,0
pde_nominal,7,7726,0,0,15,0,15,1,0,4.16395222214,0
pde_nominal,5,8379,5,0,49,0,40,1,0,6.33330512264,0
pde_nominal,8,7680,2,0,50,0,49,1,0,7.7521881985,0
pde_nominal,4,8732,12,1,99,0,99,1,0,10.4647079977,0
pde_nominal,9,9854,0,0,50,0,46,1,0,5.98554040468,0
pde_nominal,4,7112,15,1,45,0,45,1,0,7.03729488735,0
pde_nominal,2,6743,2,0,32,0,32,1,0,8.79919366727,0
pde_nominal,1,10087,5,0,50,0,50,1,0,4.91120552725,0
pde_nominal,1,10085,7,0,38,0,37,1,0,3.96276928778,0
pde_nominal,0,8707,2,0,58,0,58,1,0,6.07150769119,0
pde_nominal,2,6738,3,0,107,0,84,1,0,4.92812337377,0
pde_nominal,6,11675,14,1,60,24,67,1,1,8.96359839637,0
pde_nominal,4,7103,7,0,31,0,7,1,0,3.26578350935,0
pde_nominal,0,8701,14,1,54,0,40,1,0,4.7859906605,0
pde_nominal,8,7666,4,0,3,0,0,1,0,9.29868142672,0
pde_nominal,2,6732,12,1,74,0,46,1,0,8.79833233743,0
pde_nominal,2,6731,0,0,94,0,64,1,0,7.82191073968,0
pde_nominal,2,8862,0,0,0,0,0,0,0,8.97209079929,0
pde_nominal,7,7702,4,0,37,0,37,1,0,4.41205231176,0
pde_nominal,4,7093,10,1,68,0,64,1,0,3.25334885348,0
pde_nominal,9,9831,0,0,12,0,12,1,0,4.10556722544,0
pde_nominal,4,7088,1,0,63,0,63,1,0,3.25865580165,0
pde_nominal,1,10066,8,1,48,0,41,1,0,7.27741333215,0
pde_nominal,5,8360,2,0,76,0,75,1,0,10.8648380014,0
pde_nominal,4,7087,2,0,108,0,108,1,0,4.98591932686,0
pde_nominal,3,9428,0,0,58,0,58,1,0,4.09617653885,0
pde_nominal,5,8358,1,0,75,0,75,1,0,5.8853027318,0
pde_nominal,3,9427,0,0,35,0,35,1,0,6.00927970886,0
pde_nominal,3,9426,12,1,26,0,26,1,0,4.48814752127,0
pde_nominal,6,11658,3,0,21,0,21,1,0,6.6004890044,0
pde_nominal,7,7693,4,0,41,0,41,1,0,5.08440204284,0
pde_nominal,3,9424,15,1,38,0,29,1,0,7.21632439127,0
pde_nominal,2,6719,2,0,13,0,9,1,0,5.07151656839,0
pde_nominal,6,11651,3,0,0,0,0,1,0,5.24092986892,0
pde_nominal,8,7643,15,1,17,0,17,1,0,6.05551219898,0
pde_nominal,0,8679,7,0,155,0,123,1,0,8.01394888432,0
pde_nominal,3,9421,11,1,88,0,72,1,0,8.65054128936,0
pde_nominal,5,8352,1,0,52,0,52,1,0,7.54348101515,0
pde_nominal,3,9419,14,1,37,0,37,1,0,3.81415532553,0
pde_nominal,7,7688,4,0,71,0,71,1,0,5.3596733891,0
pde_nominal,1,10055,15,1,148,0,147,1,0,7.70856054472,0
pde_nominal,5,8350,1,0,18,0,7,1,0,5.68665074085,0
pde_nominal,5,8346,4,0,12,0,3,1,0,5.24755181572,0
pde_nominal,0,8668,9,1,12,0,12,1,0,4.61629684323,0
pde_nominal,7,7684,4,0,112,0,112,1,0,7.217883423,0
pde_nominal,1,10044,3,0,44,0,35,1,0,4.21097074953,0
pde_nominal,8,7628,1,0,49,0,49,1,0,7.31614010213,0
pde_nominal,1,10042,4,0,40,0,40,1,0,3.56509214861,0
pde_nominal,3,9405,8,1,27,0,17,1,0,3.67066306471,0
pde_nominal,2,6708,7,0,88,0,71,1,0,6.73066187216,0
pde_nominal,4,7069,2,0,69,0,63,1,0,3.63770944127,0
pde_nominal,8,7626,13,1,116,0,97,1,0,7.32515983857,0
pde_nominal,5,8332,5,0,22,0,22,1,0,3.73391604637,0
pde_nominal,1,10040,1,0,273,0,268,1,0,11.6292246957,0
pde_nominal,8,7622,14,1,29,0,29,1,0,4.06850101186,0
pde_nominal,5,8331,11,1,41,15,56,1,1,6.68868143567,0
pde_nominal,8,7621,15,1,32,0,32,1,0,3.92113907717,0
pde_nominal,7,7676,6,0,130,0,130,1,0,7.22812693333,0
pde_nominal,9,9803,2,0,51,0,51,1,0,5.92488156547,0
pde_nominal,8,7618,12,1,93,0,93,1,0,5.78094286043,0
pde_nominal,7,7674,4,0,59,0,59,1,0,4.6596615909,0
pde_nominal,2,6699,13,1,57,0,53,1,0,4.58794741525,0
pde_nominal,3,9393,13,1,47,0,44,1,0,5.81549258065,0
pde_nominal,7,7666,5,0,9,0,9,1,0,4.54079266405,0
pde_nominal,0,8662,9,1,50,27,59,1,1,5.46438033435,0
pde_nominal,5,8318,0,0,23,0,23,1,0,5.14523171484,0
pde_nominal,0,8660,12,1,35,0,35,1,0,5.32853234381,0
pde_nominal,7,7663,15,1,51,0,51,1,0,3.72376327857,0
pde_nominal,2,6692,13,1,156,0,156,1,0,9.18572707584,0
pde_nominal,3,9378,0,0,58,14,72,1,1,7.1439773038,0
pde_nominal,0,8657,12,1,47,0,43,1,0,3.47941518537,0
pde_nominal,7,7655,12,1,94,0,94,1,0,5.7187150102,0
pde_nominal,1,10007,13,1,64,0,64,1,0,5.82692938076,0
pde_nominal,3,9366,6,0,29,0,29,1,0,4.61114933711,0
pde_nominal,7,7651,7,0,194,0,194,1,0,8.57644702867,0
pde_nominal,6,11596,8,1,90,0,90,1,0,9.71741481492,0
pde_nominal,6,11590,13,1,41,0,41,1,0,6.74779755272,0
pde_nominal,5,8297,8,1,18,0,17,1,0,3.20000872634,0
pde_nominal,1,9994,4,0,127,0,116,1,0,5.52774475843,0
pde_nominal,5,8296,0,0,94,0,29,1,0,7.23736061509,0
pde_nominal,3,9360,1,0,6,0,6,1,0,3.42933418596,0
pde_nominal,9,9783,1,0,31,0,31,1,0,3.55216977259,0
pde_nominal,4,7029,6,0,111,0,81,1,0,5.42286514686,0
pde_nominal,9,9781,8,1,52,0,52,1,0,3.41197096949,0
pde_nominal,7,7644,0,0,33,0,33,1,0,4.49832382972,0
pde_nominal,6,11580,6,0,12,0,12,1,0,3.46074449124,0
pde_nominal,2,6670,2,0,136,0,136,1,0,6.44151280171,0
pde_nominal,3,9356,0,0,21,0,12,1,0,4.23823880911,0
pde_nominal,6,11576,13,1,2,0,2,1,0,9.47536724233,0
pde_nominal,8,7595,10,1,112,0,103,1,0,5.40679552351,0
pde_nominal,3,9353,10,1,46,0,12,1,0,4.29237613446,0
pde_nominal,2,6664,4,0,10,0,0,1,0,5.75487417984,0
pde_nominal,7,7634,7,0,28,0,28,1,0,3.77938427535,0
pde_nominal,9,9770,8,1,33,0,33,1,0,4.01168585377,0
pde_nominal,7,7629,7,0,40,0,40,1,0,5.44296044386,0
pde_nominal,9,9766,14,1,41,0,29,1,0,3.69382212819,0
pde_nominal,4,10166,9,1,24,0,3,1,0,5.74063741704,0
pde_nominal,6,11565,3,0,18,0,1,1,0,5.5503803381,0
pde_nominal,5,8277,0,0,50,0,16,1,0,5.08773122514,0
pde_nominal,5,8276,15,1,7,0,1,1,0,3.81662383076,0
pde_nominal,8,7581,5,0,74,16,16,1,1,8.15844072752,0
pde_nominal,0,8635,12,1,105,0,85,1,0,7.52841065205,0
pde_nominal,0,9577,12,1,0,0,0,0,0,12.4181045582,0
pde_nominal,7,7626,2,0,115,0,115,1,0,6.75997238817,0
pde_nominal,0,8634,11,1,57,0,57,1,0,3.75437271916,0
pde_nominal,3,9335,10,1,14,0,0,1,0,3.70679596898,0
pde_nominal,5,8270,5,0,25,0,9,1,0,7.0877272251,0
pde_nominal,2,6654,10,1,28,0,9,1,0,5.09986989165,0
pde_nominal,3,9331,7,0,5,0,0,1,0,5.08700652906,0
pde_nominal,5,8265,7,0,52,0,51,1,0,3.93249031545,0
pde_nominal,1,9950,7,0,35,0,35,1,0,2.95024942006,0
pde_nominal,6,11551,14,1,47,0,47,1,0,7.1612980229,0
pde_nominal,0,8622,6,0,43,0,43,1,0,5.93949620753,0
pde_nominal,5,8262,5,0,73,0,73,1,0,7.34321641299,0
pde_nominal,7,7612,15,1,114,0,114,1,0,8.48770403782,0
pde_nominal,5,8260,4,0,12,0,12,1,0,3.73680401421,0
pde_nominal,5,8255,2,0,56,0,56,1,0,16.0624580734,0
pde_nominal,9,9754,13,1,160,0,145,1,0,9.6513595895,0
pde_nominal,8,7567,11,1,42,0,42,1,0,3.58750558184,0
pde_nominal,9,9750,8,1,12,0,12,1,0,4.41530280759,0
pde_nominal,5,8249,14,1,13,0,13,1,0,5.4386594346,0
pde_nominal,4,10148,13,1,22,0,11,1,0,7.89958882389,0
pde_nominal,1,9934,9,1,25,0,5,1,0,3.89282526428,0
pde_nominal,3,9316,12,1,23,0,7,1,0,3.9901048078,0
pde_nominal,6,11538,11,1,22,0,6,1,0,6.76640327225,0
pde_nominal,2,6632,11,1,48,0,18,1,0,4.37223390538,0
pde_nominal,3,9314,12,1,13,0,4,1,0,4.23389243862,0
pde_nominal,4,10145,1,0,11,0,1,1,0,3.8852645955,0
pde_nominal,1,9932,5,0,50,0,24,1,0,4.71116260353,0
pde_nominal,3,9310,10,1,7,0,5,1,0,6.95239161103,0
pde_nominal,0,8599,7,0,22,0,11,1,0,6.72907691689,0
pde_nominal,6,11533,14,1,64,0,28,1,0,7.87081450297,0
pde_nominal,6,11532,8,1,2,0,1,1,0,9.14049208027,0
pde_nominal,8,7549,8,1,40,0,0,1,0,4.49786837038,0
pde_nominal,2,6621,4,0,62,0,15,1,0,3.89629051109,0
pde_nominal,8,7546,8,1,48,13,21,1,1,5.2667343469,0
pde_nominal,4,10137,9,1,26,0,26,1,0,5.15389213877,0
pde_nominal,0,8594,13,1,65,0,55,1,0,6.07169926821,0
pde_nominal,5,8232,0,0,81,0,61,1,0,5.17578846505,0
pde_nominal,6,11527,4,0,44,25,43,1,1,10.8042841674,0
pde_nominal,7,7588,4,0,7,0,7,1,0,4.39515239776,0
pde_nominal,7,7587,3,0,66,0,66,1,0,12.4292781769,0
pde_nominal,3,9300,9,1,8,0,0,1,0,3.81827519698,0
pde_nominal,8,7539,2,0,9,0,0,1,0,5.05773821918,0
pde_nominal,6,11522,12,1,12,11,7,1,1,8.89230556784,0
pde_nominal,6,11521,10,1,26,0,26,1,0,5.55980865911,0
pde_nominal,3,9295,4,0,17,0,17,1,0,4.40256565765,0
pde_nominal,4,10128,6,0,37,0,37,1,0,5.63501031651,0
pde_nominal,0,8589,15,1,45,0,45,1,0,9.80011758574,0
pde_nominal,5,8219,8,1,80,0,80,1,0,8.42562122627,0
pde_nominal,0,8588,4,0,114,0,96,1,0,10.0773789684,0
pde_nominal,0,8587,7,0,35,0,35,1,0,4.30147681523,0
pde_nominal,4,10121,1,0,48,0,48,1,0,3.6176099104,0
pde_nominal,5,8212,9,1,18,0,18,1,0,3.73908642801,0
pde_nominal,9,9716,12,1,82,0,82,1,0,7.25735884522,0
pde_nominal,1,9900,4,0,61,0,61,1,0,4.69906193092,0
pde_nominal,2,6603,12,1,95,0,95,1,0,5.76890145639,0
pde_nominal,2,8865,12,1,0,0,0,0,0,7.32752488413,0
pde_nominal,6,11502,15,1,84,0,84,1,0,5.43860736712,0
pde_nominal,0,8581,14,1,47,0,47,1,0,4.92359469753,0
pde_nominal,4,10113,3,0,45,0,45,1,0,3.9548496139,0
pde_nominal,9,9709,9,1,11,0,6,1,0,7.81283562148,0
pde_nominal,3,9274,10,1,21,0,2,1,0,4.24878233385,0
pde_nominal,4,10102,13,1,34,0,15,1,0,5.07082348401,0
pde_nominal,5,8200,2,0,11,0,8,1,0,3.46603948116,0
pde_nominal,4,10101,11,1,46,0,37,1,0,5.11621331528,0
pde_nominal,4,10100,8,1,14,0,5,1,0,3.49097220899,0
pde_nominal,6,11492,15,1,54,0,23,1,0,6.80650951709,0
pde_nominal,5,8199,0,0,60,0,39,1,0,5.84522975586,0
pde_nominal,2,6598,10,1,59,0,15,1,0,4.52500573144,0
pde_nominal,9,9702,14,1,9,0,9,1,0,5.59359655345,0
pde_nominal,9,9699,9,1,18,0,18,1,0,4.23911551473,0
pde_nominal,8,7512,14,1,18,0,18,1,0,3.37451034464,0
pde_nominal,4,10093,4,0,63,0,63,1,0,5.95086519627,0
pde_nominal,2,6588,13,1,70,0,69,1,0,3.48029600265,0
pde_nominal,6,11486,15,1,74,0,74,1,0,4.71585993389,0
pde_nominal,2,8867,13,1,0,0,0,0,0,8.82729096429,0
pde_nominal,0,8564,0,0,64,0,64,1,0,3.75541542153,0
pde_nominal,6,11485,13,1,37,0,37,1,0,4.57961939938,0
pde_nominal,3,9261,9,1,17,0,17,1,0,3.8088339104,0
pde_nominal,9,9694,8,1,48,0,48,1,0,4.66690154908,0
pde_nominal,8,7507,8,1,12,0,12,1,0,8.46000801016,0
pde_nominal,0,8559,14,1,111,0,111,1,0,7.4235384009,0
pde_nominal,3,9254,4,0,68,0,51,1,0,5.12229290127,0
pde_nominal,5,8184,13,1,9,0,0,1,0,3.62097324319,0
pde_nominal,9,9685,13,1,35,0,6,1,0,5.14565940503,0
pde_nominal,3,9253,12,1,66,0,10,1,0,4.60364189724,0
pde_nominal,1,9864,13,1,23,0,13,1,0,4.92750343406,0
pde_nominal,2,6584,6,0,143,0,56,1,0,8.00960278099,0
pde_nominal,9,9683,7,0,38,0,38,1,0,5.46795226549,0
pde_nominal,3,9250,2,0,43,0,43,1,0,5.28438899584,0
pde_nominal,7,7549,4,0,55,0,55,1,0,6.44997873105,0
pde_nominal,5,8178,6,0,85,0,85,1,0,7.22051198773,0
pde_nominal,6,11468,9,1,89,0,89,1,0,8.03755053056,0
pde_nominal,9,9681,5,0,65,34,93,1,1,10.005191325,0
pde_nominal,6,11466,11,1,14,0,1,1,0,4.27713999175,0
pde_nominal,3,9246,3,0,79,0,49,1,0,6.56471899616,0
pde_nominal,7,7542,1,0,91,0,91,1,0,5.50922836367,0
pde_nominal,0,8540,1,0,46,0,13,1,0,7.25353080792,0
pde_nominal,1,9854,4,0,11,0,11,1,0,12.5069683162,0
pde_nominal,5,8164,13,1,11,0,8,1,0,3.31854648571,0
pde_nominal,8,7484,1,0,128,0,118,1,0,5.74229730704,0
pde_nominal,4,10062,3,0,35,0,30,1,0,4.63528193587,0
pde_nominal,0,8538,2,0,79,24,101,1,1,9.4919384546,0
pde_nominal,0,8537,1,0,54,0,54,1,0,4.48004348607,0
pde_nominal,8,7478,6,0,24,21,45,1,1,6.83189181926,0
pde_nominal,7,7525,2,0,63,0,63,1,0,3.8982502243,0
pde_nominal,6,11450,5,0,45,0,39,1,0,13.6388173569,0
pde_nominal,8,7469,13,1,78,0,74,1,0,5.72993213472,0
pde_nominal,5,8163,2,0,404,0,349,1,0,19.6492164961,0
pde_nominal,1,9841,5,0,47,0,47,1,0,3.48222574123,0
pde_nominal,9,9664,4,0,49,0,41,1,0,7.59294250111,0
pde_nominal,0,8527,10,1,5,0,0,1,0,5.82037930512,0
pde_nominal,1,9837,5,0,99,0,50,1,0,8.67034598808,0
pde_nominal,9,9660,9,1,11,0,0,1,0,4.64366334866,0
pde_nominal,6,11442,8,1,7,0,0,1,0,3.50216716843,0
pde_nominal,6,11441,2,0,25,0,14,1,0,6.43846735969,0
pde_nominal,6,11440,2,0,11,0,0,1,0,4.40520213833,0
pde_nominal,3,9220,7,0,1,0,0,1,0,3.87074033074,0
pde_nominal,0,8522,10,1,105,0,64,1,0,7.5123232053,0
pde_nominal,9,9657,10,1,19,0,19,1,0,7.72870213407,0
pde_nominal,8,7456,1,0,112,0,96,1,0,11.0265319891,0
pde_nominal,6,11437,11,1,99,0,99,1,0,10.1145487739,0
pde_nominal,9,9649,8,1,15,0,14,1,0,3.39300859888,0
pde_nominal,8,7450,6,0,6,0,0,1,0,4.47294770487,0
pde_nominal,5,8152,3,0,101,0,97,1,0,9.40088166498,0
pde_nominal,2,10430,15,1,47,0,41,1,0,6.59652001379,0
pde_nominal,6,11435,6,0,38,0,37,1,0,3.99814050412,0
pde_nominal,2,10444,4,0,11,0,11,1,0,6.95080469756,0
pde_nominal,9,9646,4,0,51,0,51,1,0,4.86420219486,0
pde_nominal,4,10037,11,1,40,0,40,1,0,8.28171994183,0
pde_nominal,8,7440,5,0,22,0,22,1,0,3.17006711855,0
pde_nominal,0,8512,7,0,23,0,23,1,0,4.00315037744,0
pde_nominal,4,10034,9,1,142,0,122,1,0,6.94297936375,0
pde_nominal,9,9637,4,0,72,0,72,1,0,6.07154758668,0
pde_nominal,0,8510,13,1,93,0,93,1,0,5.83777311395,0
pde_nominal,3,9207,14,1,125,0,102,1,0,10.5284734733,0
pde_nominal,4,10025,7,0,33,0,2,1,0,5.34871928755,0
pde_nominal,7,7484,10,1,8,0,8,1,0,3.34151104133,0
pde_nominal,4,10022,1,0,7,0,0,1,0,6.14312637145,0
pde_nominal,4,10021,4,0,14,0,0,1,0,5.30311434855,0
pde_nominal,4,10020,4,0,0,0,0,1,0,7.19870456057,0
pde_nominal,7,7476,4,0,6,0,6,1,0,3.72249213343,0
pde_nominal,2,10413,13,1,34,0,34,1,0,5.01903705817,0
pde_nominal,1,9812,2,0,34,0,34,1,0,4.83542681948,0
pde_nominal,2,10410,12,1,34,0,34,1,0,8.04572768818,0
pde_nominal,9,9627,7,0,77,0,77,1,0,5.3478839159,0
pde_nominal,6,11414,15,1,77,0,77,1,0,6.24601108065,0
pde_nominal,0,8493,14,1,49,0,49,1,0,5.03570901145,0
pde_nominal,2,10406,13,1,54,24,14,1,1,8.3792258068,0
pde_nominal,2,10445,13,1,0,0,0,0,0,9.17770631124,0
pde_nominal,6,11408,0,0,27,0,2,1,0,3.7690659462,0
pde_nominal,6,11405,4,0,14,0,11,1,0,6.11083798246,0
pde_nominal,5,8113,7,0,67,0,50,1,0,5.63908111533,0
pde_nominal,1,9800,3,0,53,0,53,1,0,5.01047646984,0
pde_nominal,0,8482,5,0,167,0,167,1,0,7.85640114383,0
pde_nominal,0,9582,5,0,0,0,0,0,0,10.038267571,0
pde_nominal,8,7410,5,0,13,0,13,1,0,6.63695776183,0
pde_nominal,4,9995,6,0,38,0,38,1,0,5.37495150707,0
pde_nominal,3,9175,8,1,11,0,11,1,0,3.23401674742,0
pde_nominal,1,9796,14,1,138,0,134,1,0,9.90980642326,0
pde_nominal,2,10390,3,0,32,0,32,1,0,5.14233852556,0
pde_nominal,6,11386,9,1,39,0,39,1,0,6.94272399411,0
pde_nominal,5,8098,9,1,8,0,8,1,0,4.22859346374,0
pde_nominal,0,8473,8,1,142,0,132,1,0,13.5781791951,0
pde_nominal,2,10382,4,0,67,0,67,1,0,5.45055717223,0
pde_nominal,8,7394,8,1,22,0,0,1,0,4.92011314925,0
pde_nominal,2,10380,7,0,49,0,1,1,0,4.88423095884,0
pde_nominal,7,7436,0,0,26,0,26,1,0,3.40991776229,0
pde_nominal,0,8472,6,0,170,0,99,1,0,11.1599097681,0
pde_nominal,6,11375,6,0,15,0,15,1,0,3.88739077488,0
pde_nominal,2,10376,13,1,120,0,108,1,0,6.01483278806,0
pde_nominal,3,9160,6,0,75,0,75,1,0,5.82159210937,0
pde_nominal,7,7428,11,1,33,0,33,1,0,4.51669179398,0
pde_nominal,0,8462,0,0,51,0,51,1,0,5.8974362955,0
pde_nominal,5,8088,12,1,90,0,90,1,0,4.93095111487,0
pde_nominal,7,7422,12,1,8,0,8,1,0,6.16387712968,0
pde_nominal,7,7420,4,0,32,0,32,1,0,5.49951722777,0
pde_nominal,2,10373,11,1,49,0,49,1,0,8.12856047359,0
pde_nominal,4,9972,15,1,151,0,116,1,0,11.2543618213,0
pde_nominal,8,7373,3,0,41,0,0,1,0,7.58031828015,0
pde_nominal,1,9771,10,1,40,0,0,1,0,5.66361806857,0
pde_nominal,3,9150,12,1,46,0,0,1,0,6.32557547438,0
pde_nominal,1,9767,4,0,18,0,18,1,0,3.52653957622,0
pde_nominal,9,9577,1,0,73,0,73,1,0,6.30825030062,0
pde_nominal,6,11359,9,1,20,0,14,1,0,9.06876826213,0
pde_nominal,1,10244,3,0,45,0,22,1,0,13.4459025365,0
pde_nominal,3,9146,9,1,23,0,23,1,0,3.44521103516,0
pde_nominal,2,10366,12,1,124,0,114,1,0,5.32559879192,0
pde_nominal,6,11351,7,0,63,0,44,1,0,5.42096517255,0
pde_nominal,7,7406,4,0,45,0,45,1,0,4.44308304459,0
pde_nominal,9,9571,7,0,10,0,10,1,0,7.08181340533,0
pde_nominal,9,9566,8,1,67,0,65,1,0,4.25690867104,0
pde_nominal,9,9565,8,1,37,0,18,1,0,5.41160246553,0
pde_nominal,7,7392,15,1,29,20,29,1,1,5.50930364565,0
pde_nominal,0,8434,8,1,79,0,64,1,0,5.36995778762,0
pde_nominal,0,8433,12,1,30,0,21,1,0,12.5566204412,0
pde_nominal,3,9129,14,1,101,0,99,1,0,5.10465416321,0
pde_nominal,2,10354,8,1,71,0,54,1,0,8.7523835204,0
pde_nominal,6,11335,7,0,44,0,33,1,0,4.71144711435,0
pde_nominal,0,8427,1,0,30,0,29,1,0,6.34754740108,0
pde_nominal,8,7340,1,0,1,0,0,1,0,6.64678305192,0
pde_nominal,9,9557,3,0,83,0,77,1,0,5.262884689,0
pde_nominal,3,9121,5,0,113,0,97,1,0,6.32360322016,0
pde_nominal,5,8054,15,1,56,0,32,1,0,5.31853644976,0
pde_nominal,7,7379,6,0,19,23,19,1,1,6.12906914721,0
pde_nominal,9,9555,5,0,50,0,23,1,0,7.54083030722,0
pde_nominal,2,10348,1,0,26,0,8,1,0,5.59781886145,0
pde_nominal,7,7377,12,1,17,0,17,1,0,4.06828471314,0
pde_nominal,5,8048,13,1,17,0,15,1,0,8.75181098626,0
pde_nominal,6,11321,15,1,41,0,7,1,0,3.91713571646,0
pde_nominal,5,8047,1,0,36,0,11,1,0,4.68325664617,0
pde_nominal,3,9113,8,1,9,0,9,1,0,3.31627506234,0
pde_nominal,9,9552,5,0,45,0,26,1,0,3.60975870252,0
pde_nominal,4,9949,14,1,113,0,46,1,0,8.32736453678,0
pde_nominal,0,8420,9,1,49,0,49,1,0,3.94627489033,0
pde_nominal,0,8419,2,0,50,0,50,1,0,4.3923451811,0
pde_nominal,7,7374,8,1,151,0,151,1,0,14.000617037,0
pde_nominal,5,8037,9,1,11,0,1,1,0,8.11131560937,0
pde_nominal,4,9942,9,1,90,0,78,1,0,7.06588601557,0
pde_nominal,9,9544,2,0,18,0,18,1,0,3.83075231854,0
pde_nominal,2,10336,11,1,84,0,84,1,0,5.61361465086,0
pde_nominal,6,11303,6,0,24,0,24,1,0,5.31741220548,0
pde_nominal,9,9540,0,0,18,0,18,1,0,5.82409953631,0
pde_nominal,8,7323,1,0,237,0,236,1,0,12.6940599383,0
pde_nominal,6,11301,4,0,47,0,47,1,0,5.28422978602,0
pde_nominal,3,9105,10,1,105,0,105,1,0,5.69088235718,0
pde_nominal,8,7320,2,0,16,0,16,1,0,3.99736406549,0
pde_nominal,0,8408,10,1,27,0,27,1,0,2.98683292502,0
pde_nominal,1,9704,14,1,16,0,16,1,0,6.2766215243,0
pde_nominal,3,9101,7,0,103,0,68,1,0,11.2434058492,0
pde_nominal,7,9295,2,0,19,0,19,1,0,9.66593614838,0
pde_nominal,0,8406,7,0,96,0,84,1,0,6.45449420607,0
pde_nominal,4,9926,0,0,46,0,46,1,0,5.41063721478,0
pde_nominal,4,10172,7,0,2,0,0,1,0,7.15303944081,0
pde_nominal,9,9532,6,0,74,0,65,1,0,4.93260506851,0
pde_nominal,8,7307,15,1,48,0,48,1,0,3.66683179669,0
pde_nominal,9,9530,1,0,90,0,90,1,0,5.57014971301,0
pde_nominal,4,9921,6,0,55,0,55,1,0,7.99352205336,0
pde_nominal,1,9694,1,0,10,0,10,1,0,4.05786734682,0
pde_nominal,7,7351,11,1,100,0,100,1,0,8.79044114496,0
pde_nominal,4,9919,0,0,29,0,29,1,0,6.04268285145,0
pde_nominal,6,11292,8,1,96,0,85,1,0,6.78491882985,0
pde_nominal,5,8010,8,1,96,0,87,1,0,5.41266653077,0
pde_nominal,4,9918,13,1,81,0,67,1,0,5.37948346372,0
pde_nominal,9,9528,0,0,12,0,12,1,0,3.99716206587,0
pde_nominal,8,7303,6,0,145,0,139,1,0,8.30235678451,0
pde_nominal,6,11286,3,0,71,0,29,1,0,6.35304183315,0
pde_nominal,4,9909,1,0,10,0,10,1,0,6.86949107042,0
pde_nominal,6,11284,14,1,35,0,25,1,0,4.21895226395,0
pde_nominal,5,7997,12,1,24,0,24,1,0,5.24042454359,0
pde_nominal,7,7336,13,1,97,0,97,1,0,7.58548503126,0
pde_nominal,6,11282,10,1,67,0,67,1,0,6.74792696575,0
pde_nominal,1,9679,11,1,19,0,17,1,0,4.91522110848,0
pde_nominal,5,7993,4,0,18,0,5,1,0,3.79617286018,0
pde_nominal,9,9506,0,0,0,0,0,1,0,4.28213334543,0
pde_nominal,3,9510,7,0,82,0,7,1,0,14.6802073327,0
pde_nominal,3,9069,11,1,44,0,15,1,0,4.20697757325,0
pde_nominal,7,7329,6,0,19,0,19,1,0,8.16175485519,0
pde_nominal,1,9670,6,0,75,0,57,1,0,4.15559253542,0
pde_nominal,3,9068,3,0,78,0,54,1,0,6.68881689548,0
pde_nominal,2,10292,3,0,6,0,0,1,0,4.71138858746,0
pde_nominal,2,10291,15,1,63,0,49,1,0,5.11922553632,0
pde_nominal,5,7984,9,1,89,0,54,1,0,7.93123071,0
pde_nominal,5,7981,5,0,28,0,0,1,0,3.43668811379,0
pde_nominal,9,9495,12,1,57,0,8,1,0,4.61013407281,0
pde_nominal,9,9494,7,0,22,0,12,1,0,3.00189635134,0
pde_nominal,6,11263,2,0,6,0,1,1,0,5.95404241259,0
pde_nominal,6,11262,12,1,33,0,25,1,0,5.64077576436,0
pde_nominal,1,9655,1,0,35,0,25,1,0,10.6616997335,0
pde_nominal,4,9883,2,0,197,0,139,1,0,11.1184941891,0
pde_nominal,8,7276,15,1,2,0,0,1,0,3.6575282479,0
pde_nominal,3,9049,14,1,10,0,0,1,0,4.43216808168,0
pde_nominal,3,9047,7,0,7,0,1,1,0,3.21873778586,0
pde_nominal,8,7268,9,1,5,0,5,1,0,5.24684478868,0
pde_nominal,7,7313,6,0,28,0,28,1,0,5.17954245929,0
pde_nominal,4,9879,4,0,74,0,55,1,0,10.0975716224,0
pde_nominal,5,7970,11,1,29,0,5,1,0,4.67669514154,0
pde_nominal,5,7966,5,0,12,0,11,1,0,4.56585346479,0
pde_nominal,1,9651,3,0,41,0,20,1,0,7.11059691381,0
pde_nominal,2,10275,8,1,63,0,5,1,0,4.35822256667,0
pde_nominal,7,7307,9,1,12,0,12,1,0,4.40285515687,0
pde_nominal,1,9648,7,0,52,0,34,1,0,8.70063942938,0
pde_nominal,3,9042,13,1,35,0,35,1,0,6.20144008081,0
pde_nominal,0,8359,9,1,12,0,12,1,0,6.17724312406,0
pde_nominal,3,9039,11,1,15,0,15,1,0,5.13067972067,0
pde_nominal,7,7303,12,1,86,0,86,1,0,6.03414682287,0
pde_nominal,5,7958,7,0,20,0,0,1,0,6.71264949647,0
pde_nominal,1,9644,11,1,14,0,0,1,0,8.38243951784,0
pde_nominal,5,7957,12,1,59,0,0,1,0,4.42790011499,0
pde_nominal,4,9868,0,0,74,0,20,1,0,4.85328061233,0
pde_nominal,9,9481,12,1,25,0,7,1,0,4.80742781535,0
pde_nominal,0,8348,0,0,83,0,83,1,0,6.25658543623,0
pde_nominal,1,9637,5,0,53,0,53,1,0,6.21612723365,0
pde_nominal,3,9029,10,1,10,0,10,1,0,5.33761992981,0
pde_nominal,7,7295,1,0,57,0,57,1,0,5.39558842466,0
pde_nominal,9,9473,9,1,48,0,47,1,0,6.58934871814,0
pde_nominal,6,11242,0,0,20,0,0,1,0,5.78822928144,0
pde_nominal,1,9631,4,0,89,0,30,1,0,7.94183765502,0
pde_nominal,2,10259,8,1,19,0,4,1,0,11.9743457643,0
pde_nominal,3,9024,5,0,45,0,41,1,0,5.1604114801,0
pde_nominal,9,9467,4,0,13,0,10,1,0,8.58486198763,0
pde_nominal,4,9858,1,0,80,0,75,1,0,4.29597485787,0
pde_nominal,1,9625,14,1,39,0,12,1,0,3.83058258177,0
pde_nominal,0,8330,15,1,68,0,55,1,0,6.6488233486,0
pde_nominal,1,9622,4,0,35,0,33,1,0,8.18090336317,0
pde_nominal,6,11233,6,0,46,0,37,1,0,4.78889773855,0
pde_nominal,0,8328,0,0,35,0,32,1,0,5.17250837408,0
pde_nominal,5,7931,5,0,13,0,3,1,0,3.75804448905,0
pde_nominal,1,9614,3,0,49,0,49,1,0,5.12278883126,0
pde_nominal,8,7247,1,0,43,0,43,1,0,7.05882427345,0
pde_nominal,9,9454,5,0,99,0,81,1,0,6.13214748085,0
pde_nominal,7,7274,3,0,18,0,18,1,0,3.22146252891,0
pde_nominal,3,9012,13,1,31,0,23,1,0,4.32267826809,0
pde_nominal,4,9841,13,1,7,0,3,1,0,8.29941900531,0
pde_nominal,1,9604,0,0,13,0,7,1,0,4.02573295825,0
pde_nominal,8,7238,9,1,7,0,1,1,0,6.35231409631,0
pde_nominal,0,8316,13,1,62,0,41,1,0,3.7941418257,0
pde_nominal,9,9446,11,1,79,0,77,1,0,6.11080094073,0
pde_nominal,7,7267,3,0,74,0,74,1,0,5.46910302706,0
pde_nominal,4,9831,14,1,89,0,89,1,0,4.48354700567,0
pde_nominal,8,7229,8,1,47,0,47,1,0,4.83328797109,0
pde_nominal,7,7263,7,0,141,0,141,1,0,8.71671102658,0
pde_nominal,9,9439,15,1,16,0,16,1,0,4.47115713357,0
pde_nominal,0,8300,15,1,14,0,14,1,0,3.89778581726,0
pde_nominal,3,8996,2,0,68,0,68,1,0,5.55898062224,0
pde_nominal,3,8995,8,1,68,0,68,1,0,4.0803843182,0
pde_nominal,1,9589,6,0,78,0,78,1,0,8.53525924056,0
pde_nominal,8,7221,10,1,119,0,119,1,0,5.6682268924,0
pde_nominal,3,8990,15,1,11,0,11,1,0,4.17501013022,0
pde_nominal,4,9825,7,0,58,0,58,1,0,6.80032487855,0
pde_nominal,6,11204,5,0,34,20,45,1,1,8.8922447609,0
pde_nominal,8,7211,0,0,2,0,1,1,0,4.76990205354,0
pde_nominal,1,9584,1,0,26,0,20,1,0,4.21754292231,0
pde_nominal,0,8295,8,1,43,0,38,1,0,6.09129731572,0
pde_nominal,1,9582,13,1,121,0,110,1,0,8.39743711715,0
pde_nominal,4,9817,14,1,15,0,15,1,0,2.94090337801,0
pde_nominal,4,9816,3,0,8,0,8,1,0,5.23151578817,0
pde_nominal,7,7255,12,1,67,0,67,1,0,7.85771988055,0
pde_nominal,2,10221,7,0,57,0,33,1,0,7.71220965317,0
pde_nominal,5,7891,3,0,24,0,0,1,0,6.92332081737,0
pde_nominal,0,8290,13,1,29,0,2,1,0,4.98637682553,0
pde_nominal,4,9812,8,1,70,0,70,1,0,6.28775808377,0
pde_nominal,3,8972,3,0,6,0,6,1,0,3.61472878497,0
pde_nominal,3,8971,2,0,22,0,22,1,0,7.54654793785,0
pde_nominal,4,9809,9,1,26,0,26,1,0,4.50780357719,0
pde_nominal,3,8968,4,0,11,0,11,1,0,3.37192343018,0
pde_nominal,0,8286,9,1,31,0,31,1,0,5.81092406436,0
pde_nominal,1,9578,6,0,88,0,88,1,0,6.77617129829,0
pde_nominal,3,8967,12,1,58,0,58,1,0,7.38954093665,0
pde_nominal,2,10213,5,0,100,0,100,1,0,8.07385097441,0
pde_nominal,2,10211,15,1,25,0,25,1,0,3.39081125365,0
pde_nominal,4,9805,8,1,15,0,15,1,0,4.37011043666,0
pde_nominal,1,9576,2,0,100,0,100,1,0,6.72595030702,0
pde_nominal,3,8962,5,0,20,0,20,1,0,3.2616897586,0
pde_nominal,5,7882,10,1,7,0,0,1,0,4.24867953185,0
pde_nominal,4,9801,3,0,29,0,0,1,0,4.46113368344,0
pde_nominal,9,9405,8,1,47,0,47,1,0,5.7535467452,0
pde_nominal,6,11181,6,0,9,0,9,1,0,8.54457834292,0
pde_nominal,7,7239,13,1,60,0,60,1,0,3.66221251439,0
pde_nominal,1,9564,0,0,107,0,107,1,0,7.28000544766,0
pde_nominal,3,8948,7,0,6,0,0,1,0,9.28562831568,0
pde_nominal,9,9400,11,1,24,0,0,1,0,3.50869009521,0
pde_nominal,1,9558,14,1,1,0,0,1,0,5.19690432765,0
pde_nominal,5,7870,9,1,4,0,1,1,0,3.76688604074,0
pde_nominal,5,7869,8,1,16,0,0,1,0,6.05722606597,0
pde_nominal,5,7868,2,0,12,0,0,1,0,4.29738692504,0
pde_nominal,9,9399,10,1,36,0,4,1,0,4.92500402813,0
pde_nominal,0,8265,0,0,50,0,1,1,0,8.72511558333,0
pde_nominal,9,9396,2,0,115,0,79,1,0,6.0489656404,0
pde_nominal,3,8940,1,0,16,0,4,1,0,4.37003199781,0
pde_nominal,2,10193,11,1,43,0,14,1,0,5.06320059228,0
pde_nominal,8,7172,14,1,75,0,75,1,0,4.5087277512,0
pde_nominal,7,7228,13,1,60,0,60,1,0,3.80634891972,0
pde_nominal,5,7853,11,1,43,0,43,1,0,9.67567521003,0
pde_nominal,5,7852,13,1,40,0,40,1,0,2.94400579181,0
pde_nominal,7,7223,9,1,74,0,74,1,0,5.86856433312,0
pde_nominal,9,9384,8,1,30,0,30,1,0,5.18308152931,0
pde_nominal,0,8247,13,1,30,0,30,1,0,4.05039911486,0
pde_nominal,2,10182,6,0,54,0,54,1,0,6.17979138301,0
pde_nominal,7,7220,15,1,63,0,63,1,0,4.58790182997,0
pde_nominal,1,9538,0,0,59,0,56,1,0,4.88098521434,0
pde_nominal,1,9536,0,0,35,0,1,1,0,4.7422176104,0
pde_nominal,6,11157,13,1,40,0,16,1,0,4.27750958135,0
pde_nominal,7,7218,11,1,44,0,44,1,0,6.48188135537,0
pde_nominal,0,8241,9,1,35,0,9,1,0,6.21913981541,0
pde_nominal,9,9375,13,1,69,0,18,1,0,8.61674446153,0
pde_nominal,2,10173,13,1,31,0,21,1,0,4.48361931237,0
pde_nominal,3,8914,13,1,26,0,26,1,0,4.97872858002,0
pde_nominal,3,8913,6,0,49,40,89,1,1,11.0795349749,0
pde_nominal,8,7152,4,0,39,0,16,1,0,8.49662624476,0
pde_nominal,4,9754,0,0,8,0,1,1,0,3.67129927849,0
pde_nominal,0,8235,9,1,112,0,76,1,0,9.18307689244,0
pde_nominal,4,9752,11,1,17,0,11,1,0,5.40651769856,0
pde_nominal,5,7824,13,1,15,0,15,1,0,5.43543239719,0
pde_nominal,3,8908,7,0,36,0,34,1,0,3.60879131156,0
pde_nominal,2,10161,8,1,111,0,111,1,0,5.67647698123,0
pde_nominal,6,11141,1,0,67,0,67,1,0,4.8969634195,0
pde_nominal,6,11139,3,0,32,0,32,1,0,7.44439775788,0
pde_nominal,5,7815,13,1,63,0,63,1,0,5.56118361504,0
pde_nominal,6,11133,12,1,32,0,32,1,0,3.64218259406,0
pde_nominal,3,8902,10,1,97,0,97,1,0,5.37863854533,0
pde_nominal,0,8229,4,0,29,0,29,1,0,5.01761341137,0
pde_nominal,1,9520,9,1,38,0,38,1,0,10.223619307,0
pde_nominal,3,8899,9,1,33,0,33,1,0,4.49458325299,0
pde_nominal,7,7188,1,0,60,0,60,1,0,3.26767972962,0
pde_nominal,2,10149,1,0,98,0,98,1,0,5.43387882031,0
pde_nominal,5,7804,7,0,15,0,15,1,0,4.7375890419,0
pde_nominal,7,7187,13,1,167,0,167,1,0,7.63142829745,0
pde_nominal,9,9359,2,0,160,0,160,1,0,8.04523246068,0
pde_nominal,5,7803,15,1,125,0,125,1,0,6.82851885394,0
pde_nominal,0,8219,15,1,42,0,42,1,0,19.3233941899,0
pde_nominal,5,7797,6,0,9,0,9,1,0,4.36889985204,0
pde_nominal,9,9353,5,0,120,0,120,1,0,6.67532138479,0
pde_nominal,3,9513,14,1,15,0,15,1,0,11.5187068516,0
pde_nominal,2,10140,12,1,68,0,68,1,0,8.57608150274,0
pde_nominal,0,8214,10,1,61,0,61,1,0,5.8442089854,0
pde_nominal,2,10139,13,1,74,29,103,1,1,6.4913407345,0
pde_nominal,1,9496,11,1,17,0,17,1,0,5.37177119375,0
pde_nominal,2,10137,7,0,24,0,24,1,0,3.84159854061,0
pde_nominal,3,8877,1,0,58,0,58,1,0,4.17192160069,0
pde_nominal,1,9493,4,0,30,0,30,1,0,3.81661284953,0
pde_nominal,3,8872,15,1,16,0,16,1,0,3.75297642427,0
pde_nominal,4,9705,12,1,27,0,27,1,0,3.7513831384,0
pde_nominal,8,7124,13,1,180,0,180,1,0,10.2132656048,0
pde_nominal,1,9486,5,0,10,0,10,1,0,3.75464298608,0
pde_nominal,2,10133,4,0,357,0,357,1,0,16.3104722598,0
pde_nominal,9,10151,15,1,51,35,87,1,1,9.2202713715,0
pde_nominal,7,7152,15,1,60,0,60,1,0,3.26553866777,0
pde_nominal,5,7773,15,1,106,0,106,1,0,4.83852949127,0
pde_nominal,1,9471,10,1,112,0,112,1,0,7.92265028877,0
pde_nominal,7,7141,5,0,77,0,77,1,0,3.85377906099,0
pde_nominal,6,11096,2,0,86,0,86,1,0,10.8226422893,0
pde_nominal,0,8187,2,0,18,0,18,1,0,10.1088980007,0
pde_nominal,6,11095,3,0,39,0,39,1,0,7.16756038471,0
pde_nominal,2,10112,2,0,84,0,84,1,0,3.63748003494,0
pde_nominal,3,8841,7,0,37,9,46,1,1,6.46067713997,0
pde_nominal,9,9315,14,1,218,0,218,1,0,9.99250535807,0
pde_nominal,2,10108,2,0,8,0,8,1,0,3.86111620446,0
pde_nominal,3,8837,15,1,21,0,21,1,0,8.87322428693,0
pde_nominal,2,10104,8,1,24,0,24,1,0,12.3872119066,0
pde_nominal,0,8182,0,0,141,0,141,1,0,9.99112350781,0
pde_nominal,7,9300,8,1,132,0,132,1,0,16.8053088818,0
pde_nominal,4,9678,2,0,90,0,90,1,0,3.87041313177,0
pde_nominal,3,8832,12,1,45,0,45,1,0,8.24007284928,0
pde_nominal,8,7099,2,0,138,0,138,1,0,7.79563940989,0
pde_nominal,5,7754,14,1,16,0,16,1,0,6.97012941675,0
pde_nominal,2,10093,6,0,82,0,82,1,0,9.11762108005,0
pde_nominal,9,9303,11,1,88,0,88,1,0,8.50479211918,0
pde_nominal,2,10092,12,1,66,0,66,1,0,9.33778229755,0
pde_nominal,7,7131,7,0,60,0,60,1,0,3.26560949324,0
pde_nominal,5,7746,2,0,127,0,127,1,0,14.1044380239,0
pde_nominal,5,10153,2,0,0,0,0,0,0,17.3759497696,0
pde_nominal,4,9668,13,1,47,0,47,1,0,3.95247988075,0
pde_nominal,9,9294,10,1,65,0,65,1,0,3.72794011378,0
pde_nominal,6,11072,10,1,276,0,276,1,0,12.6374374393,0
pde_nominal,5,7738,12,1,32,0,32,1,0,3.9816341274,0
pde_nominal,3,8819,3,0,83,0,83,1,0,3.76435721025,0
pde_nominal,1,9447,3,0,131,0,131,1,0,10.6664932267,0
pde_nominal,3,8817,4,0,10,0,10,1,0,3.48530011569,0
pde_nominal,6,11069,0,0,14,0,14,1,0,3.68721145372,0
pde_nominal,2,10083,3,0,20,0,20,1,0,8.32157559577,0
pde_nominal,1,9445,8,1,70,0,70,1,0,7.3306014193,0
pde_nominal,8,7082,7,0,15,0,15,1,0,4.82132394325,0
pde_nominal,8,7081,1,0,90,0,90,1,0,5.25322447455,0
pde_nominal,7,7120,0,0,60,0,60,1,0,3.26515250737,0
pde_nominal,1,9439,4,0,18,0,18,1,0,6.58142443181,0
pde_nominal,3,8809,8,1,10,0,10,1,0,6.37288018286,0
pde_nominal,8,7073,10,1,5,0,5,1,0,4.66970426463,0
pde_nominal,1,9431,3,0,72,0,72,1,0,5.5070253349,0
pde_nominal,0,8137,2,0,112,0,112,1,0,6.39795257196,0
pde_nominal,4,9644,13,1,60,0,60,1,0,11.4147079787,0
pde_nominal,7,7115,11,1,211,0,211,1,0,9.51535889798,0
pde_nominal,0,8135,12,1,44,0,44,1,0,4.37810348581,0
pde_nominal,0,8133,11,1,44,0,44,1,0,7.01915653634,0
pde_nominal,5,7717,1,0,200,0,200,1,0,8.62476660468,0
pde_nominal,3,8797,4,0,41,0,41,1,0,4.62668195647,0
pde_nominal,8,7068,12,1,70,0,70,1,0,4.80157569465,0
pde_nominal,9,9272,5,0,69,0,69,1,0,5.48616241635,0
pde_nominal,0,8131,0,0,92,0,92,1,0,5.89006049484,0
pde_nominal,0,8127,8,1,38,0,38,1,0,4.69315573375,0
pde_nominal,2,10063,9,1,112,22,134,1,1,9.46891022789,0
pde_nominal,3,8787,15,1,140,0,140,1,0,6.21275508883,0
pde_nominal,7,7106,11,1,62,0,62,1,0,3.33932597527,0
pde_nominal,1,9416,3,0,56,0,56,1,0,6.50679423085,0
pde_nominal,2,10057,7,0,148,0,148,1,0,9.33498735482,0
pde_nominal,5,7701,8,1,11,0,11,1,0,3.5696901424,0
pde_nominal,0,8119,11,1,51,0,51,1,0,5.17480621996,0
pde_nominal,5,7697,3,0,23,0,23,1,0,3.9920345087,0
pde_nominal,8,7046,0,0,109,0,109,1,0,5.03363314576,0
pde_nominal,1,9405,7,0,16,0,16,1,0,3.98557689647,0
pde_nominal,5,7693,12,1,54,0,54,1,0,6.59721935732,0
pde_nominal,0,8115,8,1,290,0,290,1,0,16.5042492266,0
pde_nominal,7,7092,0,0,57,0,57,1,0,3.23987625945,0
pde_nominal,0,8114,9,1,34,0,34,1,0,3.65501610805,0
pde_nominal,9,9258,2,0,1,0,1,1,0,3.54015676407,0
pde_nominal,2,10045,5,0,57,0,42,1,0,6.21499819463,0
pde_nominal,9,9255,5,0,17,0,17,1,0,7.92766192316,0
pde_nominal,3,8772,13,1,109,0,78,1,0,8.59604885954,0
pde_nominal,9,9254,7,0,21,0,12,1,0,6.3966909602,0
pde_nominal,9,9252,3,0,26,0,5,1,0,4.39081511372,0
pde_nominal,6,11036,6,0,55,0,5,1,0,4.92636123667,0
pde_nominal,9,9249,8,1,6,0,0,1,0,4.01665704946,0
pde_nominal,1,9390,0,0,5,0,5,1,0,5.39305801505,0
pde_nominal,6,11033,12,1,22,0,18,1,0,5.48825561805,0
pde_nominal,7,11031,11,1,5,0,5,1,0,7.18960749609,0
pde_nominal,2,10040,2,0,99,0,86,1,0,5.52176468645,0
pde_nominal,3,8762,12,1,22,0,22,1,0,5.22701013847,0
pde_nominal,6,11029,15,1,19,0,19,1,0,7.14424558465,0
pde_nominal,6,11025,8,1,21,0,21,1,0,4.1397635998,0
pde_nominal,1,9383,6,0,78,0,62,1,0,8.39571065571,0
pde_nominal,1,10248,6,0,0,0,0,0,0,15.467859952,0
pde_nominal,5,7673,8,1,18,15,33,1,1,4.90566016875,0
pde_nominal,1,9382,3,0,28,0,28,1,0,7.30139585388,0
pde_nominal,2,10032,9,1,34,0,34,1,0,4.56311177614,0
pde_nominal,4,9607,3,0,13,0,13,1,0,6.00446504529,0
pde_nominal,3,8758,0,0,31,0,0,1,0,5.31751334663,0
pde_nominal,9,9238,14,1,52,0,5,1,0,4.55382366526,0
pde_nominal,5,7668,5,0,13,0,13,1,0,6.95534886275,0
pde_nominal,1,9372,15,1,9,0,9,1,0,9.69300936357,0
pde_nominal,0,8087,10,1,52,0,52,1,0,6.28168033908,0
pde_nominal,5,7665,13,1,31,0,31,1,0,9.83833613851,0
pde_nominal,7,11022,14,1,89,0,89,1,0,7.26453481085,0
pde_nominal,0,8084,7,0,18,0,18,1,0,5.33870032013,0
pde_nominal,0,8082,13,1,38,0,38,1,0,5.66714575124,0
pde_nominal,7,11018,3,0,33,0,33,1,0,5.18008612836,0
pde_nominal,5,7659,10,1,32,0,30,1,0,4.09722592987,0
pde_nominal,0,8076,13,1,7,0,0,1,0,6.20518490652,0
pde_nominal,6,11008,11,1,28,0,7,1,0,4.69948407045,0
pde_nominal,6,12045,11,1,0,0,0,0,0,5.49719179388,0
pde_nominal,9,9230,7,0,12,0,0,1,0,4.53521513469,0
pde_nominal,3,8738,6,0,25,0,3,1,0,4.00802282873,0
pde_nominal,9,10155,8,1,0,0,0,1,0,14.883180419,0
pde_nominal,6,11006,0,0,61,0,29,1,0,4.60735660863,0
pde_nominal,2,10024,1,0,51,0,28,1,0,6.15850145282,0
pde_nominal,5,7654,1,0,86,0,60,1,0,9.14716414392,0
pde_nominal,1,9356,11,1,15,0,15,1,0,3.39452398617,0
pde_nominal,3,8732,8,1,163,0,94,1,0,11.848630352,0
pde_nominal,5,7651,11,1,46,0,32,1,0,4.5766967223,0
pde_nominal,3,8730,13,1,18,0,18,1,0,3.38067757067,0
pde_nominal,8,7003,15,1,102,0,65,1,0,5.02694855087,0
pde_nominal,6,10984,9,1,22,0,16,1,0,3.75310416681,0
pde_nominal,4,9558,3,0,45,0,33,1,0,7.89350236873,0
pde_nominal,2,10009,7,0,41,0,37,1,0,6.15243821644,0
pde_nominal,8,6999,14,1,112,0,89,1,0,6.29301500778,0
pde_nominal,1,9343,15,1,14,0,3,1,0,3.57558352355,0
pde_nominal,7,10994,12,1,23,0,23,1,0,6.31004035739,0
pde_nominal,2,10006,8,1,44,0,33,1,0,3.49233776156,0
pde_nominal,4,9556,11,1,97,0,55,1,0,7.5732901976,0
pde_nominal,7,10993,4,0,46,0,46,1,0,4.63226505831,0
pde_nominal,2,10004,6,0,52,25,64,1,1,7.58312863932,0
pde_nominal,0,8049,9,1,147,0,130,1,0,8.9615058816,0
pde_nominal,6,10979,0,0,58,0,58,1,0,10.7372963671,0
pde_nominal,5,7629,4,0,67,0,67,1,0,6.33744613039,0
pde_nominal,0,8044,9,1,29,0,4,1,0,4.80268757334,0
pde_nominal,9,9210,11,1,24,0,0,1,0,5.56974002164,0
pde_nominal,9,9209,0,0,57,0,49,1,0,4.94876473686,0
pde_nominal,5,7625,11,1,87,0,82,1,0,5.80341538713,0
pde_nominal,3,8696,4,0,32,0,22,1,0,8.31104140268,0
pde_nominal,4,9547,0,0,298,0,233,1,0,15.7134203086,0
pde_nominal,8,6980,2,0,45,0,2,1,0,3.38826602117,0
pde_nominal,2,9995,7,0,21,0,21,1,0,6.45053022308,0
pde_nominal,2,9993,11,1,91,0,91,1,0,7.02222872944,0
pde_nominal,8,6973,15,1,83,0,83,1,0,3.81322684975,0
pde_nominal,4,9540,5,0,74,0,56,1,0,5.53831643578,0
pde_nominal,6,10957,2,0,8,0,8,1,0,4.99025976439,0
pde_nominal,7,10971,5,0,80,0,80,1,0,5.52141448203,0
pde_nominal,9,9199,2,0,68,0,39,1,0,5.65275675555,0
pde_nominal,7,10969,6,0,30,0,30,1,0,4.77930463109,0
pde_nominal,6,10955,8,1,28,0,10,1,0,4.24933010656,0
pde_nominal,6,10954,8,1,27,0,1,1,0,3.37589795344,0
pde_nominal,2,9984,13,1,25,0,25,1,0,7.71439838575,0
pde_nominal,9,9195,8,1,136,0,112,1,0,6.84954577022,0
pde_nominal,3,8685,5,0,122,0,113,1,0,7.5567422607,0
pde_nominal,6,10949,7,0,57,38,89,1,1,8.07745059373,0
pde_nominal,5,7614,7,0,215,0,184,1,0,11.379389205,0
pde_nominal,4,9530,14,1,94,0,94,1,0,6.40206904588,0
pde_nominal,3,8674,12,1,19,0,14,1,0,5.22942181662,0
pde_nominal,8,6954,10,1,40,0,18,1,0,3.29609357573,0
pde_nominal,7,10956,14,1,62,23,42,1,1,6.29200710391,0
pde_nominal,0,8003,15,1,23,0,23,1,0,5.72493990579,0
pde_nominal,2,9964,1,0,26,0,26,1,0,7.21468882172,0
pde_nominal,9,9176,3,0,101,0,101,1,0,8.90544231465,0
pde_nominal,8,6952,11,1,125,0,125,1,0,5.76820728535,0
pde_nominal,1,9294,6,0,30,0,30,1,0,3.73117291087,0
pde_nominal,9,9172,5,0,23,0,23,1,0,10.509439087,0
pde_nominal,4,9514,1,0,61,0,61,1,0,10.0572216061,0
pde_nominal,2,9958,2,0,50,0,50,1,0,6.33981581597,0
pde_nominal,4,9513,1,0,100,0,100,1,0,5.03830351763,0
pde_nominal,7,10954,10,1,46,0,46,1,0,4.73844589838,0
pde_nominal,8,6947,2,0,145,0,143,1,0,6.39557609586,0
pde_nominal,9,9166,11,1,28,0,27,1,0,4.72447804081,0
pde_nominal,7,10948,12,1,9,0,9,1,0,4.26096423559,0
pde_nominal,7,10947,9,1,20,0,20,1,0,5.14447313596,0
pde_nominal,3,8654,8,1,36,0,34,1,0,4.10559024538,0
pde_nominal,2,9950,1,0,32,0,27,1,0,4.99168346329,0
pde_nominal,4,9505,11,1,87,0,74,1,0,8.74261482533,0
pde_nominal,8,11998,10,1,29,0,29,1,0,5.49366812694,0
pde_nominal,1,9282,9,1,47,0,22,1,0,5.34941904335,0
pde_nominal,8,11992,12,1,7,0,0,1,0,4.17093998174,0
pde_nominal,0,7990,15,1,42,0,0,1,0,6.76026316335,0
pde_nominal,1,9279,9,1,18,0,3,1,0,5.56848255643,0
pde_nominal,8,11990,5,0,32,0,32,1,0,3.88150613326,0
pde_nominal,6,10914,11,1,45,0,45,1,0,4.63510130602,0
pde_nominal,7,10938,9,1,44,0,44,1,0,15.1461178763,0
pde_nominal,5,7588,3,0,47,0,40,1,0,3.57944184186,0
pde_nominal,1,9273,13,1,17,0,6,1,0,6.11707560717,0
pde_nominal,4,9498,6,0,63,0,62,1,0,10.2649936883,0
pde_nominal,8,11986,1,0,18,0,0,1,0,7.04369850389,0
pde_nominal,5,7578,10,1,27,0,27,1,0,4.137482823,0
pde_nominal,5,7576,15,1,95,0,78,1,0,4.73493467851,0
pde_nominal,5,7574,5,0,4,0,2,1,0,6.60551545477,0
pde_nominal,3,8630,9,1,61,0,38,1,0,9.67551395083,0
pde_nominal,5,7572,13,1,24,0,7,1,0,5.40997020302,0
pde_nominal,1,9258,12,1,20,0,5,1,0,6.1086978659,0
pde_nominal,9,10156,1,0,34,0,17,1,0,7.72209656752,0
pde_nominal,3,8627,2,0,51,0,43,1,0,6.4897791294,0
pde_nominal,4,9493,3,0,41,12,51,1,1,7.22644852614,0
pde_nominal,4,9492,6,0,17,0,17,1,0,3.64026178317,0
pde_nominal,6,10894,11,1,77,35,107,1,1,7.55984627499,0
pde_nominal,9,9144,9,1,36,0,27,1,0,8.97838425473,0
pde_nominal,0,7961,15,1,20,0,14,1,0,5.18240681892,0
pde_nominal,8,11968,1,0,11,0,9,1,0,4.8705258492,0
pde_nominal,6,10891,13,1,55,0,55,1,0,7.19902796294,0
pde_nominal,6,10890,5,0,14,0,14,1,0,8.01692951514,0
pde_nominal,9,9138,1,0,46,0,46,1,0,6.49170501918,0
pde_nominal,6,10887,8,1,59,0,42,1,0,4.10458223028,0
pde_nominal,2,9905,3,0,34,0,33,1,0,4.23473484818,0
pde_nominal,3,8613,11,1,101,0,94,1,0,6.5354623502,0
pde_nominal,0,7953,9,1,100,0,55,1,0,7.40512093723,0
pde_nominal,4,9477,10,1,72,0,24,1,0,11.3448030131,0
pde_nominal,4,9475,8,1,44,0,31,1,0,4.28259388346,0
pde_nominal,5,7549,0,0,56,0,38,1,0,7.2541517195,0
pde_nominal,7,10906,14,1,55,0,55,1,0,5.8807626712,0
pde_nominal,4,9473,9,1,36,0,27,1,0,4.59788716395,0
pde_nominal,1,9227,4,0,78,0,40,1,0,19.9731423724,0
pde_nominal,6,10872,6,0,35,16,25,1,1,6.50040812145,0
pde_nominal,2,9896,1,0,85,0,39,1,0,7.86167737973,0
pde_nominal,0,7947,8,1,19,0,19,1,0,4.66996818881,0
pde_nominal,4,9469,11,1,69,0,63,1,0,5.69577992986,0
pde_nominal,2,9895,11,1,43,0,43,1,0,3.81356067906,0
pde_nominal,0,7946,11,1,31,0,31,1,0,8.3666439789,0
pde_nominal,2,9894,14,1,66,0,62,1,0,7.74076707839,0
pde_nominal,1,9220,11,1,12,0,4,1,0,7.3189730084,0
pde_nominal,1,9219,14,1,5,0,3,1,0,3.12283188818,0
pde_nominal,8,11939,6,0,50,0,15,1,0,6.66713730237,0
pde_nominal,8,12005,5,0,23,0,11,1,0,6.90921498277,0
pde_nominal,7,10892,15,1,15,0,15,1,0,3.44655453287,0
pde_nominal,3,8588,15,1,25,0,20,1,0,9.02464032915,0
pde_nominal,7,10890,14,1,50,0,50,1,0,4.1757569654,0
pde_nominal,2,9874,3,0,21,0,8,1,0,5.42933888523,0
pde_nominal,3,8585,0,0,40,0,5,1,0,4.06024303679,0
pde_nominal,8,11924,5,0,20,0,18,1,0,4.13972971409,0
pde_nominal,4,9456,14,1,25,0,25,1,0,6.21423349469,0
pde_nominal,3,8580,9,1,48,0,22,1,0,8.15993999985,0
pde_nominal,0,7918,15,1,80,0,21,1,0,8.49659601092,0
pde_nominal,5,7517,2,0,7,0,0,1,0,4.89594174115,0
pde_nominal,9,9109,7,0,38,0,38,1,0,4.3011818864,0
pde_nominal,5,7515,1,0,87,0,78,1,0,8.4612562826,0
pde_nominal,4,9443,14,1,49,0,49,1,0,4.747074976,0
pde_nominal,1,9191,5,0,146,0,146,1,0,8.70339014208,0
pde_nominal,6,10825,9,1,46,0,44,1,0,4.08746323492,0
pde_nominal,4,9439,0,0,0,0,0,1,0,7.52857045404,0
pde_nominal,0,7907,8,1,12,0,0,1,0,2.92205543498,0
pde_nominal,1,9187,12,1,57,0,31,1,0,6.43052426098,0
pde_nominal,1,9186,2,0,42,0,23,1,0,8.13064875336,0
pde_nominal,6,10822,4,0,74,0,48,1,0,5.14054325568,0
pde_nominal,8,11908,8,1,42,0,32,1,0,8.92201608789,0
pde_nominal,7,10863,9,1,6,0,6,1,0,4.00198071062,0
pde_nominal,0,7902,14,1,101,0,86,1,0,6.11860807362,0
pde_nominal,0,7901,5,0,27,0,27,1,0,6.08889523355,0
pde_nominal,9,9099,1,0,76,0,71,1,0,4.96181677219,0
pde_nominal,2,9847,8,1,13,0,0,1,0,3.32033452512,0
pde_nominal,8,11901,8,1,53,0,0,1,0,4.46413173033,0
pde_nominal,6,10818,6,0,49,0,49,1,0,6.25973553501,0
pde_nominal,0,7892,12,1,34,0,34,1,0,4.60905407738,0
pde_nominal,1,9175,2,0,20,0,20,1,0,3.22759866602,0
pde_nominal,3,8555,11,1,93,0,58,1,0,5.7198428911,0
pde_nominal,2,9840,8,1,36,0,2,1,0,10.6661060583,0
pde_nominal,5,7505,9,1,61,0,25,1,0,7.20021123235,0
pde_nominal,0,7890,4,0,11,0,0,1,0,10.4254787919,0
pde_nominal,4,9423,0,0,0,0,0,1,0,6.34882441612,0
pde_nominal,9,9092,1,0,11,0,1,1,0,7.31032404179,0
pde_nominal,5,7499,3,0,8,0,8,1,0,6.27548969631,0
pde_nominal,5,10156,3,0,0,0,0,0,0,11.7204548711,0
pde_nominal,0,7885,13,1,28,0,28,1,0,7.6082536701,0
pde_nominal,2,9832,7,0,7,0,7,1,0,4.47457137262,0
pde_nominal,0,7881,11,1,26,0,26,1,0,6.7938467305,0
pde_nominal,3,8548,5,0,82,0,82,1,0,5.3722138485,0
pde_nominal,8,11883,5,0,6,0,0,1,0,4.80590018346,0
pde_nominal,4,9416,11,1,81,0,67,1,0,6.98489418612,0
pde_nominal,0,7875,10,1,39,0,29,1,0,5.61771180643,0
pde_nominal,8,11882,14,1,81,0,61,1,0,6.961970129,0
pde_nominal,5,7492,12,1,14,0,10,1,0,2.87535756108,0
pde_nominal,4,9410,9,1,16,0,6,1,0,3.2144044728,0
pde_nominal,9,9080,10,1,35,0,35,1,0,3.17532226405,0
pde_nominal,8,11878,14,1,74,0,55,1,0,5.08093855783,0
pde_nominal,3,8538,10,1,5,0,0,1,0,5.4362291038,0
pde_nominal,8,11877,12,1,43,0,0,1,0,6.36379562921,0
pde_nominal,4,9401,5,0,21,0,1,1,0,4.14706629472,0
pde_nominal,4,9396,4,0,112,0,112,1,0,5.44916261469,0
pde_nominal,8,11875,11,1,72,0,72,1,0,12.678809096,0
pde_nominal,0,7860,10,1,29,0,29,1,0,4.77407678395,0
pde_nominal,7,10836,12,1,87,0,87,1,0,5.44104994417,0
pde_nominal,4,9393,2,0,20,6,0,1,1,7.24719740533,0
pde_nominal,0,7857,9,1,60,0,22,1,0,6.75441906468,0
pde_nominal,9,9066,10,1,21,0,0,1,0,3.77341551827,0
pde_nominal,0,7854,4,0,16,0,5,1,0,5.90609294347,0
pde_nominal,4,9388,15,1,27,0,20,1,0,4.66961878309,0
pde_nominal,0,7853,11,1,20,0,16,1,0,4.11841849605,0
pde_nominal,3,9995,0,0,39,16,42,1,1,5.8188514339,0
pde_nominal,1,9140,13,1,96,0,78,1,0,6.43232084734,0
pde_nominal,7,10825,12,1,49,0,49,1,0,6.02930475519,0
pde_nominal,8,11863,11,1,15,0,0,1,0,5.0007107362,0
pde_nominal,4,9380,13,1,44,0,17,1,0,5.46810116036,0
pde_nominal,4,9378,0,0,21,0,1,1,0,3.641938622,0
pde_nominal,8,11861,12,1,39,0,0,1,0,5.57651690606,0
pde_nominal,3,9989,15,1,42,0,0,1,0,5.94263287407,0
pde_nominal,5,7459,11,1,2,0,0,1,0,3.80521569051,0
pde_nominal,1,9133,9,1,60,38,89,1,1,6.70960247785,0
pde_nominal,9,9051,11,1,29,0,29,1,0,5.50997327652,0
pde_nominal,1,9132,3,0,40,0,40,1,0,5.32514315886,0
pde_nominal,8,11856,10,1,23,0,23,1,0,3.23165391491,0
pde_nominal,8,11855,15,1,45,0,45,1,0,10.5901307316,0
pde_nominal,1,9129,2,0,16,0,16,1,0,4.23242465071,0
pde_nominal,5,7448,5,0,29,0,29,1,0,3.52067324649,0
pde_nominal,3,9976,8,1,18,0,18,1,0,5.58815589587,0
pde_nominal,4,9372,12,1,110,0,110,1,0,11.0804459105,0
pde_nominal,1,9123,1,0,57,0,57,1,0,5.05583628636,0
pde_nominal,0,7834,4,0,6,0,6,1,0,7.27042604747,0
pde_nominal,2,9783,10,1,48,0,48,1,0,6.73303748132,0
pde_nominal,3,9974,6,0,14,0,14,1,0,3.19941142592,0
pde_nominal,0,7828,8,1,7,0,5,1,0,7.51615139402,0
pde_nominal,6,10767,13,1,12,0,12,1,0,8.22836884583,0
pde_nominal,0,7825,15,1,40,0,40,1,0,4.85423431226,0
pde_nominal,6,10765,8,1,0,0,0,1,0,3.57743977757,0
pde_nominal,1,9107,7,0,42,0,42,1,0,4.28961912298,0
pde_nominal,7,10808,2,0,76,0,76,1,0,4.87397636929,0
pde_nominal,7,10807,11,1,2,0,2,1,0,4.37878471031,0
pde_nominal,7,10806,5,0,66,0,66,1,0,4.28281238294,0
pde_nominal,1,9104,5,0,5,0,5,1,0,3.59446273774,0
pde_nominal,7,10805,7,0,43,0,43,1,0,4.38084794348,0
pde_nominal,8,11832,14,1,72,0,72,1,0,6.64332147916,0
pde_nominal,9,9031,11,1,133,0,133,1,0,11.0788954205,0
pde_nominal,1,9100,1,0,29,0,29,1,0,3.99094476989,0
pde_nominal,2,9770,14,1,84,0,84,1,0,9.16920887988,0
pde_nominal,8,11823,4,0,34,0,34,1,0,4.26028335239,0
pde_nominal,6,10755,1,0,31,0,7,1,0,3.81368299824,0
pde_nominal,0,7811,9,1,58,0,25,1,0,3.31667303904,0
pde_nominal,6,10752,15,1,24,0,2,1,0,4.20350631122,0
pde_nominal,4,9345,7,0,27,0,4,1,0,3.20083100715,0
pde_nominal,8,11817,7,0,16,0,5,1,0,5.05337073779,0
pde_nominal,6,10750,7,0,80,0,59,1,0,4.54457984085,0
pde_nominal,3,9954,1,0,46,0,46,1,0,6.74765951994,0
pde_nominal,6,10747,15,1,43,0,23,1,0,4.21255864157,0
pde_nominal,5,7421,7,0,21,0,0,1,0,11.3755256004,0
pde_nominal,9,9013,13,1,69,19,51,1,1,12.1196135967,0
pde_nominal,2,9762,7,0,23,0,23,1,0,3.53692126327,0
pde_nominal,0,7800,5,0,87,0,77,1,0,4.16638401369,0
pde_nominal,6,10742,4,0,16,0,16,1,0,3.89232261381,0
pde_nominal,2,9758,11,1,12,0,12,1,0,7.28207838038,0
pde_nominal,2,9756,12,1,68,24,92,1,1,7.72193625339,0
pde_nominal,9,9009,0,0,15,0,15,1,0,6.35779206062,0
pde_nominal,5,7411,6,0,14,0,14,1,0,3.52634973281,0
pde_nominal,7,10790,14,1,39,0,39,1,0,3.10851300146,0
pde_nominal,6,12047,11,1,23,0,19,1,0,6.11290605899,0
pde_nominal,5,7409,1,0,190,0,186,1,0,11.2915802511,0
pde_nominal,6,10728,8,1,29,0,29,1,0,5.55429195033,0
pde_nominal,7,10789,13,1,83,0,83,1,0,6.63563819199,0
pde_nominal,0,7789,6,0,48,0,44,1,0,3.25693707296,0
pde_nominal,2,9744,11,1,14,0,14,1,0,4.42607234987,0
pde_nominal,0,7788,11,1,83,0,77,1,0,4.3760436987,0
pde_nominal,2,9743,0,0,26,0,17,1,0,4.72181794989,0
pde_nominal,6,10724,2,0,19,0,17,1,0,5.75467265912,0
pde_nominal,1,9067,11,1,45,0,45,1,0,3.81539736308,0
pde_nominal,7,10774,15,1,57,0,57,1,0,6.50898661461,0
pde_nominal,7,10773,4,0,40,0,40,1,0,5.38695659869,0
pde_nominal,3,9927,7,0,146,0,146,1,0,9.36984495393,0
pde_nominal,6,10718,8,1,72,0,69,1,0,6.21936090398,0
pde_nominal,5,7387,12,1,5,0,2,1,0,3.83588875975,0
pde_nominal,4,9311,2,0,27,20,27,1,1,6.57179152767,0
pde_nominal,0,7761,6,0,69,0,64,1,0,3.53370250399,0
pde_nominal,8,11779,14,1,255,0,227,1,0,14.5216862728,0
pde_nominal,5,7382,2,0,153,0,153,1,0,7.86818262674,0
pde_nominal,4,9304,6,0,24,19,40,1,1,6.21605597958,0
pde_nominal,8,11774,8,1,21,0,20,1,0,3.85030250262,0
pde_nominal,4,9300,13,1,45,0,45,1,0,6.18246634194,0
pde_nominal,1,9053,10,1,15,0,15,1,0,7.18467250072,0
pde_nominal,9,8983,2,0,130,0,130,1,0,6.63248429715,0
pde_nominal,4,9296,5,0,31,22,53,1,1,9.01035528496,0
pde_nominal,9,8976,11,1,26,0,26,1,0,3.01920410414,0
pde_nominal,9,8974,5,0,2,0,2,1,0,4.4607212596,0
pde_nominal,8,11764,2,0,77,0,77,1,0,5.22503135993,0
pde_nominal,1,9050,0,0,36,0,36,1,0,5.08400944093,0
pde_nominal,3,9898,8,1,17,0,17,1,0,9.05639677921,0
pde_nominal,6,10695,15,1,36,0,36,1,0,3.70443906798,0
pde_nominal,1,9046,15,1,31,0,31,1,0,5.65898531106,0
pde_nominal,0,7749,14,1,52,0,52,1,0,3.35998698707,0
pde_nominal,7,10756,10,1,93,0,93,1,0,7.49986684775,0
pde_nominal,9,8971,4,0,36,0,35,1,0,8.50266405475,0
pde_nominal,4,9293,3,0,90,0,82,1,0,19.0420821005,0
pde_nominal,7,10752,0,0,31,0,31,1,0,4.89141033173,0
pde_nominal,3,9896,2,0,24,0,24,1,0,6.75298792572,0
pde_nominal,0,7746,7,0,50,0,46,1,0,3.26755468388,0
pde_nominal,9,8969,11,1,19,0,19,1,0,5.17988080702,0
pde_nominal,9,8967,5,0,16,0,7,1,0,3.74360442937,0
pde_nominal,5,7370,14,1,141,0,87,1,0,7.93674159642,0
pde_nominal,5,7369,11,1,4,0,3,1,0,4.24189654405,0
pde_nominal,8,11751,3,0,3,0,2,1,0,8.03101111876,0
pde_nominal,4,9289,12,1,47,0,35,1,0,6.59908062991,0
pde_nominal,0,7742,5,0,48,0,29,1,0,3.90624943131,0
pde_nominal,9,8965,0,0,103,0,77,1,0,9.55473794196,0
pde_nominal,9,10162,0,0,0,0,0,0,0,11.8693458701,0
pde_nominal,2,9712,14,1,21,0,7,1,0,3.96921651354,0
pde_nominal,5,7365,10,1,10,0,3,1,0,6.05020905741,0
pde_nominal,8,11744,12,1,21,0,3,1,0,4.25294952783,0
pde_nominal,3,9890,11,1,17,0,0,1,0,6.11612867752,0
pde_nominal,4,9287,5,0,47,0,14,1,0,7.39754875383,0
pde_nominal,9,8964,7,0,51,0,0,1,0,5.94159220224,0
pde_nominal,2,9711,2,0,62,0,16,1,0,5.66419957922,0
pde_nominal,3,9885,11,1,10,0,0,1,0,4.26873149551,0
pde_nominal,2,9709,7,0,34,9,12,1,1,6.62728443488,0
pde_nominal,0,7736,6,0,92,0,90,1,0,3.9277561707,0
pde_nominal,8,11735,13,1,67,0,67,1,0,8.92032365658,0
pde_nominal,9,8957,15,1,13,0,13,1,0,4.99909691277,0
pde_nominal,2,9704,2,0,12,0,12,1,0,4.87506013303,0
pde_nominal,3,9882,8,1,185,0,167,1,0,10.5745757678,0
pde_nominal,0,7734,15,1,64,0,54,1,0,3.68322316107,0
pde_nominal,7,10735,6,0,38,0,38,1,0,4.54542922494,0
pde_nominal,6,10680,15,1,280,0,263,1,0,12.5387830338,0
pde_nominal,9,8954,11,1,31,0,31,1,0,3.28039570067,0
pde_nominal,7,10733,6,0,59,0,59,1,0,4.79229585612,0
pde_nominal,9,8953,6,0,12,0,12,1,0,3.01390833719,0
pde_nominal,4,9267,11,1,15,0,15,1,0,4.32346340079,0
pde_nominal,7,10732,11,1,145,0,145,1,0,6.93971785889,0
pde_nominal,5,7347,0,0,5,0,0,1,0,6.18726125118,0
pde_nominal,2,9695,7,0,25,0,3,1,0,4.58242454964,0
pde_nominal,4,9265,10,1,45,0,4,1,0,6.08560773114,0
pde_nominal,4,9261,2,0,24,0,12,1,0,3.54815879077,0
pde_nominal,9,8942,2,0,11,0,6,1,0,4.66283288829,0
pde_nominal,4,9258,10,1,17,0,8,1,0,4.57697976164,0
pde_nominal,5,7341,6,0,82,0,61,1,0,6.63851285003,0
pde_nominal,3,9872,6,0,133,0,100,1,0,13.3884326006,0
pde_nominal,5,7340,2,0,57,0,17,1,0,5.33129152462,0
pde_nominal,5,7338,2,0,20,0,0,1,0,5.32515171506,0
pde_nominal,4,9249,5,0,60,0,0,1,0,3.99339030699,0
pde_nominal,4,9247,12,1,64,0,57,1,0,3.92884533953,0
pde_nominal,6,10660,0,0,44,0,36,1,0,9.30481398866,0
pde_nominal,1,9009,8,1,15,0,7,1,0,5.82220238326,0
pde_nominal,6,10658,12,1,17,0,9,1,0,7.05166045478,0
pde_nominal,6,10653,14,1,45,0,45,1,0,11.447256525,0
pde_nominal,0,7702,12,1,72,0,72,1,0,3.73851978796,0
pde_nominal,0,9595,12,1,0,0,0,0,0,5.42463313439,0
pde_nominal,1,9003,13,1,14,0,14,1,0,3.44430865353,0
pde_nominal,9,10163,11,1,48,0,48,1,0,11.3445493759,0
pde_nominal,0,7701,5,0,93,0,93,1,0,3.90367550674,0
pde_nominal,7,10712,14,1,36,0,36,1,0,3.97344154212,0
pde_nominal,6,10644,10,1,65,0,64,1,0,4.59574796249,0
pde_nominal,5,7322,11,1,8,0,1,1,0,7.27766539605,0
pde_nominal,5,7321,14,1,10,0,0,1,0,4.4686277984,0
pde_nominal,3,9857,15,1,72,0,25,1,0,5.69481863956,0
pde_nominal,5,7320,10,1,50,0,46,1,0,4.43882673786,0
pde_nominal,8,11691,8,1,22,0,22,1,0,4.87736601685,0
pde_nominal,8,11690,8,1,37,0,29,1,0,6.22297872891,0
pde_nominal,8,11689,14,1,37,0,1,1,0,5.60608775582,0
pde_nominal,0,11493,12,1,28,0,28,1,0,5.63692863641,0
pde_nominal,8,11688,12,1,141,0,128,1,0,7.94178312129,0
pde_nominal,3,9848,15,1,14,0,14,1,0,4.94958717852,0
pde_nominal,3,9846,3,0,34,0,34,1,0,4.34696810435,0
pde_nominal,2,9672,0,0,46,0,46,1,0,5.76113568457,0
pde_nominal,6,10629,5,0,30,0,30,1,0,9.18688155465,0
pde_nominal,1,8989,15,1,4,0,4,1,0,4.33072715496,0
pde_nominal,2,9670,11,1,41,0,41,1,0,3.09552418582,0
pde_nominal,9,8908,11,1,47,0,47,1,0,3.86288978861,0
pde_nominal,9,10165,11,1,0,0,0,0,0,5.56556741245,0
pde_nominal,6,10628,7,0,59,0,59,1,0,4.70836415627,0
pde_nominal,0,11483,2,0,95,0,95,1,0,5.78627150726,0
pde_nominal,0,11482,12,1,26,0,26,1,0,10.1148105311,0
pde_nominal,8,11679,10,1,32,0,32,1,0,5.51644765707,0
pde_nominal,9,8903,15,1,56,0,56,1,0,3.86664522228,0
pde_nominal,3,10007,8,1,101,0,101,1,0,9.57207021543,0
pde_nominal,7,10706,7,0,295,0,295,1,0,12.5184574727,0
pde_nominal,0,11476,13,1,84,0,84,1,0,4.98378761041,0
pde_nominal,9,8895,0,0,36,0,16,1,0,7.75765898991,0
pde_nominal,2,9660,13,1,10,0,8,1,0,5.38105173623,0
pde_nominal,8,11667,4,0,8,0,7,1,0,9.3264213628,0
pde_nominal,5,7293,3,0,59,0,28,1,0,5.28953099398,0
pde_nominal,7,10694,14,1,47,0,47,1,0,5.34625055552,0
pde_nominal,9,8885,14,1,7,0,7,1,0,3.51769911237,0
pde_nominal,6,10613,5,0,14,0,14,1,0,3.69581222297,0
pde_nominal,1,8980,2,0,185,0,100,1,0,10.791489554,0
pde_nominal,5,7291,13,1,72,0,72,1,0,7.52057772581,0
pde_nominal,2,9653,3,0,15,0,15,1,0,11.3965855865,0
pde_nominal,8,11660,15,1,141,0,141,1,0,6.77386851322,0
pde_nominal,2,9651,10,1,44,0,34,1,0,3.96849756333,0
pde_nominal,1,8978,12,1,97,0,91,1,0,9.09800776418,0
pde_nominal,0,11465,14,1,6,0,0,1,0,4.79857479889,0
pde_nominal,3,9831,15,1,10,0,0,1,0,7.18013115521,0
pde_nominal,5,7283,0,0,23,0,23,1,0,4.04622742186,0
pde_nominal,6,10605,12,1,26,0,26,1,0,10.2697867479,0
pde_nominal,7,10684,13,1,163,0,163,1,0,8.26935415496,0
pde_nominal,8,11649,13,1,30,0,9,1,0,3.31162772455,0
pde_nominal,6,10599,14,1,60,0,27,1,0,5.16144186593,0
pde_nominal,9,8867,15,1,74,0,25,1,0,5.67197531563,0
pde_nominal,2,9637,15,1,39,0,27,1,0,5.06454378191,0
pde_nominal,7,11046,8,1,7,13,6,1,1,11.6666606779,0
pde_nominal,6,10590,2,0,39,0,19,1,0,4.49786083826,0
pde_nominal,9,8859,2,0,77,31,100,1,1,8.84483991263,0
pde_nominal,4,9183,12,1,124,0,121,1,0,7.80487313225,0
pde_nominal,6,10581,12,1,10,0,0,1,0,4.37936407741,0
pde_nominal,9,8854,5,0,70,0,52,1,0,5.64765629224,0
pde_nominal,9,10166,5,0,0,0,0,0,0,7.6854599306,0
pde_nominal,4,9181,6,0,97,0,72,1,0,5.72873356991,0
pde_nominal,9,8849,1,0,25,0,25,1,0,4.43706873444,0
pde_nominal,1,8961,11,1,92,0,76,1,0,7.07133889112,0
pde_nominal,0,11440,3,0,7,0,0,1,0,6.24882407568,0
pde_nominal,4,9174,15,1,18,0,18,1,0,4.23719514656,0
pde_nominal,3,9804,10,1,75,0,55,1,0,5.81834800503,0
pde_nominal,6,10577,7,0,70,0,60,1,0,6.09758045789,0
pde_nominal,1,8959,4,0,7,0,0,1,0,4.37194023863,0
pde_nominal,5,7253,2,0,50,0,29,1,0,6.11898296163,0
pde_nominal,4,9168,4,0,182,0,124,1,0,9.82137905648,0
pde_nominal,5,7247,7,0,14,0,12,1,0,4.0772443155,0
pde_nominal,0,11432,5,0,67,0,54,1,0,4.17136903518,0
pde_nominal,3,9784,9,1,34,0,33,1,0,5.75847537336,0
pde_nominal,6,10567,13,1,42,0,27,1,0,4.15292498503,0
pde_nominal,8,11613,11,1,42,0,9,1,0,5.76550653881,0
pde_nominal,6,10565,14,1,4,0,1,1,0,9.94006572012,0
pde_nominal,4,10180,15,1,28,0,3,1,0,9.12974940181,0
pde_nominal,0,11428,10,1,21,0,4,1,0,6.11142935912,0
pde_nominal,5,7242,14,1,37,0,23,1,0,7.70553011174,0
pde_nominal,3,9780,5,0,26,0,0,1,0,5.02566888573,0
pde_nominal,3,9779,5,0,11,0,1,1,0,3.43440182137,0
pde_nominal,8,11608,9,1,38,0,2,1,0,10.1864394935,0
pde_nominal,9,8824,0,0,70,0,0,1,0,4.69432203729,0
pde_nominal,8,11606,10,1,29,0,0,1,0,3.26575047614,0
pde_nominal,8,11605,7,0,42,0,35,1,0,7.83209205132,0
pde_nominal,7,10637,7,0,59,0,59,1,0,5.20564888682,0
pde_nominal,2,9612,11,1,75,0,71,1,0,7.80992846562,0
pde_nominal,8,11603,11,1,56,0,56,1,0,5.35026329646,0
pde_nominal,7,10632,12,1,98,0,98,1,0,6.28236249657,0
pde_nominal,6,10555,0,0,68,0,29,1,0,6.09237261028,0
pde_nominal,7,10628,2,0,28,0,28,1,0,3.68517461934,0
pde_nominal,4,9153,13,1,67,0,67,1,0,6.76926196834,0
pde_nominal,0,11412,11,1,56,0,56,1,0,7.59412292555,0
pde_nominal,2,9604,4,0,58,0,58,1,0,5.52704521161,0
pde_nominal,6,10549,14,1,17,0,3,1,0,11.2581785206,0
pde_nominal,4,9142,4,0,14,0,0,1,0,5.72163341932,0
pde_nominal,0,11404,1,0,40,0,3,1,0,4.08290425039,0
pde_nominal,3,9763,7,0,70,0,6,1,0,7.36578742432,0
pde_nominal,1,8929,12,1,8,0,0,1,0,4.87242909924,0
pde_nominal,0,11403,2,0,59,0,13,1,0,4.22891677452,0
pde_nominal,2,9600,10,1,91,0,11,1,0,8.52227857389,0
pde_nominal,1,8926,2,0,47,0,47,1,0,5.4824901211,0
pde_nominal,3,9761,13,1,48,0,48,1,0,3.82410049149,0
pde_nominal,6,10544,14,1,12,0,12,1,0,9.52019797475,0
pde_nominal,7,10622,8,1,119,0,119,1,0,12.152154797,0
pde_nominal,1,8923,4,0,9,0,9,1,0,3.15970858707,0
pde_nominal,1,8922,4,0,35,0,35,1,0,3.07213883008,0
pde_nominal,5,7207,4,0,29,0,29,1,0,6.46813433536,0
pde_nominal,7,10620,4,0,83,0,83,1,0,4.42296012935,0
pde_nominal,9,10168,5,0,48,0,48,1,0,8.32471569633,0
pde_nominal,0,11393,15,1,88,0,88,1,0,5.14448021993,0
pde_nominal,7,10619,4,0,48,0,48,1,0,7.98865153523,0
pde_nominal,9,8794,11,1,6,0,6,1,0,4.30525531712,0
pde_nominal,4,9134,3,0,9,0,9,1,0,3.23698648433,0
pde_nominal,6,10537,8,1,88,0,88,1,0,6.4086554437,0
pde_nominal,7,10614,13,1,99,0,99,1,0,7.59963054886,0
pde_nominal,9,8787,10,1,15,0,13,1,0,4.73841759315,0
pde_nominal,5,7195,2,0,33,0,28,1,0,5.62083798176,0
pde_nominal,8,11569,3,0,66,0,52,1,0,8.22620822496,0
pde_nominal,0,11381,14,1,16,0,12,1,0,4.53080736826,0
pde_nominal,5,7194,5,0,69,0,48,1,0,4.49604003272,0
pde_nominal,9,8780,3,0,8,0,8,1,0,3.17875282314,0
pde_nominal,4,9124,10,1,59,0,44,1,0,8.5423744328,0
pde_nominal,4,9123,14,1,24,0,4,1,0,5.12653523566,0
pde_nominal,8,11564,3,0,29,0,0,1,0,3.26153712554,0
pde_nominal,3,9739,3,0,74,0,12,1,0,5.32546481946,0
pde_nominal,8,11563,11,1,83,0,58,1,0,12.4722797082,0
pde_nominal,9,8774,6,0,75,0,51,1,0,4.8240591808,0
pde_nominal,6,10525,10,1,33,0,28,1,0,6.79209425309,0
pde_nominal,2,9579,12,1,4,0,4,1,0,4.19117719622,0
pde_nominal,6,10524,6,0,28,2,30,1,1,6.11517596847,0
pde_nominal,9,8772,12,1,19,0,11,1,0,4.08878470795,0
pde_nominal,0,11374,11,1,43,0,25,1,0,6.42527357645,0
pde_nominal,3,9732,14,1,5,0,5,1,0,3.68958802595,0
pde_nominal,7,10601,0,0,52,0,52,1,0,5.37796262366,0
pde_nominal,5,10161,13,1,158,0,158,1,0,19.2751458863,0
pde_nominal,8,11548,12,1,38,0,25,1,0,11.9259494415,0
pde_nominal,2,9562,5,0,29,0,29,1,0,3.83696941745,0
pde_nominal,7,10596,6,0,66,0,66,1,0,4.05645906007,0
pde_nominal,5,7182,5,0,96,0,85,1,0,8.17510108216,0
pde_nominal,2,9561,12,1,85,0,75,1,0,5.07260532861,0
pde_nominal,3,9722,8,1,45,0,43,1,0,4.222933489,0
pde_nominal,8,11537,8,1,32,0,32,1,0,7.40988007602,0
pde_nominal,3,9717,15,1,25,16,42,1,1,5.43773098048,0
pde_nominal,7,10591,3,0,24,0,24,1,0,4.58170874243,0
pde_nominal,3,9716,13,1,14,0,14,1,0,4.46066615697,0
pde_nominal,7,10588,15,1,24,0,24,1,0,6.85884380618,0
pde_nominal,4,9087,6,0,21,0,0,1,0,4.05964040734,0
pde_nominal,0,11357,12,1,15,0,7,1,0,4.62185056131,0
pde_nominal,5,7174,11,1,55,0,45,1,0,4.5214827021,0
pde_nominal,2,9551,13,1,61,0,52,1,0,5.70873095878,0
pde_nominal,7,10578,7,0,16,0,16,1,0,3.5511812964,0
pde_nominal,2,9547,1,0,2,0,2,1,0,5.23985379895,0
pde_nominal,6,10494,8,1,49,0,49,1,0,4.25309571364,0
pde_nominal,8,11525,2,0,48,0,48,1,0,6.54983417367,0
pde_nominal,5,7159,14,1,6,0,0,1,0,4.67994139093,0
pde_nominal,8,11523,3,0,17,0,3,1,0,5.68625951529,0
pde_nominal,2,9543,11,1,18,0,5,1,0,3.05209533709,0
pde_nominal,0,11344,6,0,2,0,0,1,0,4.02098031933,0
pde_nominal,8,11520,3,0,18,0,3,1,0,9.96452904932,0
pde_nominal,6,10480,5,0,13,0,2,1,0,5.02715669287,0
pde_nominal,1,8867,3,0,160,0,65,1,0,14.9308855609,0
pde_nominal,9,8739,4,0,56,0,32,1,0,8.69524956334,0
pde_nominal,6,10475,4,0,47,0,27,1,0,7.92503127123,0
pde_nominal,0,11340,6,0,63,0,44,1,0,4.81867345823,0
pde_nominal,7,10563,10,1,60,0,60,1,0,4.12841887502,0
pde_nominal,3,9682,4,0,53,0,30,1,0,6.07993403152,0
pde_nominal,3,9679,13,1,31,0,0,1,0,10.9346538529,0
pde_nominal,3,9678,7,0,25,0,0,1,0,4.21805425397,0
pde_nominal,0,11502,12,1,52,0,33,1,0,9.58682536299,0
pde_nominal,1,8860,8,1,177,0,72,1,0,10.1323790821,0
pde_nominal,7,10553,15,1,52,0,52,1,0,12.5364684378,0
pde_nominal,1,8859,4,0,74,0,73,1,0,5.7631708049,0
pde_nominal,3,9672,14,1,7,0,7,1,0,4.54646592463,0
pde_nominal,6,12050,5,0,28,0,28,1,0,6.11859106346,0
pde_nominal,0,11327,1,0,38,0,38,1,0,3.69961001096,0
pde_nominal,3,9670,0,0,47,0,28,1,0,3.99025982446,0
pde_nominal,0,11325,3,0,37,0,34,1,0,4.549523721,0
pde_nominal,0,11321,15,1,2,0,0,1,0,5.10626877914,0
pde_nominal,5,7122,14,1,0,0,0,1,0,3.31108220877,0
pde_nominal,7,10545,11,1,16,0,16,1,0,7.50202274998,0
pde_nominal,5,7117,8,1,14,0,14,1,0,3.24340824313,0
pde_nominal,4,9057,2,0,121,0,83,1,0,8.70902788034,0
pde_nominal,9,8719,5,0,59,0,59,1,0,4.15767442381,0
pde_nominal,0,11314,7,0,46,0,46,1,0,5.85770653375,0
pde_nominal,6,10443,9,1,66,0,66,1,0,13.5719643827,0
pde_nominal,8,11482,9,1,65,0,65,1,0,5.42474807061,0
pde_nominal,9,8715,0,0,36,0,36,1,0,3.95342032841,0
pde_nominal,7,10540,11,1,86,0,86,1,0,5.54797007501,0
pde_nominal,4,9049,6,0,61,0,56,1,0,5.09852064888,0
pde_nominal,0,11310,12,1,63,0,50,1,0,8.78517707699,0
pde_nominal,8,11481,11,1,29,0,20,1,0,4.06472158989,0
pde_nominal,5,7108,7,0,27,0,27,1,0,7.87460442672,0
pde_nominal,2,9499,2,0,22,0,2,1,0,6.17526582117,0
pde_nominal,8,11479,14,1,100,0,27,1,0,10.1030362492,0
pde_nominal,2,9497,11,1,7,0,0,1,0,4.11938423048,0
pde_nominal,7,10531,9,1,67,0,67,1,0,6.76667183574,0
pde_nominal,2,9494,12,1,17,0,17,1,0,3.57912891845,0
pde_nominal,6,10430,6,0,8,0,8,1,0,5.98511061147,0
pde_nominal,9,8701,2,0,30,0,15,1,0,8.29928329238,0
pde_nominal,5,7096,6,0,68,0,68,1,0,6.94152979175,0
pde_nominal,7,10523,8,1,70,0,70,1,0,6.00878647293,0
pde_nominal,5,7095,10,1,66,0,41,1,0,6.18002734254,0
pde_nominal,3,9643,14,1,13,0,13,1,0,5.03538171278,0
pde_nominal,7,10519,3,0,47,0,47,1,0,6.36196914721,0
pde_nominal,3,9641,5,0,25,0,25,1,0,4.2079593722,0
pde_nominal,5,7092,12,1,78,0,76,1,0,4.0108342605,0
pde_nominal,9,8682,9,1,2,0,0,1,0,4.26260363176,0
pde_nominal,8,11459,12,1,23,0,19,1,0,6.70287413558,0
pde_nominal,6,10405,13,1,11,0,2,1,0,6.12547858923,0
pde_nominal,5,7085,4,0,30,0,11,1,0,7.4127645381,0
pde_nominal,0,11290,10,1,83,0,42,1,0,5.73751686254,0
pde_nominal,3,9637,8,1,117,0,75,1,0,8.39633562874,0
pde_nominal,2,9475,15,1,60,0,23,1,0,6.44411692213,0
pde_nominal,0,11287,4,0,39,0,38,1,0,4.58462060296,0
pde_nominal,9,8679,9,1,109,0,52,1,0,11.6437278001,0
pde_nominal,1,8810,12,1,9,0,0,1,0,4.40265653884,0
pde_nominal,2,9467,0,0,21,0,8,1,0,6.2664138414,0
pde_nominal,1,8808,4,0,87,0,27,1,0,8.75637306459,0
pde_nominal,5,7074,9,1,123,0,78,1,0,8.91800278717,0
pde_nominal,5,7071,9,1,58,0,14,1,0,8.0164499546,0
pde_nominal,0,11274,5,0,13,0,5,1,0,4.65960846923,0
pde_nominal,1,8799,5,0,17,0,17,1,0,4.22916417429,0
pde_nominal,3,9628,13,1,86,0,86,1,0,10.4632468067,0
pde_nominal,7,10490,1,0,63,0,63,1,0,6.9889226982,0
pde_nominal,2,9457,9,1,41,0,41,1,0,6.07573145602,0
pde_nominal,2,9455,7,0,20,0,20,1,0,3.64594245112,0
pde_nominal,7,10488,15,1,35,0,35,1,0,4.44341158646,0
pde_nominal,7,10487,7,0,29,0,29,1,0,3.74940500907,0
pde_nominal,9,8653,6,0,63,0,59,1,0,5.62339724835,0
pde_nominal,5,7063,11,1,174,0,170,1,0,9.02817196469,0
pde_nominal,7,10480,6,0,72,0,72,1,0,6.83683883439,0
pde_nominal,9,8645,13,1,43,0,36,1,0,6.77432564445,0
pde_nominal,8,11420,9,1,11,0,11,1,0,3.89295909858,0
pde_nominal,0,11262,1,0,31,15,46,1,1,6.80312662331,0
pde_nominal,8,11418,15,1,23,10,33,1,1,8.84353976908,0
pde_nominal,9,8639,2,0,31,0,31,1,0,7.45143929542,0
pde_nominal,3,9606,2,0,16,0,16,1,0,3.57955636328,0
pde_nominal,8,11412,8,1,58,0,35,1,0,8.16802394448,0
pde_nominal,4,8987,6,0,28,0,0,1,0,3.45713590939,0
pde_nominal,3,9600,12,1,51,0,9,1,0,4.03676050092,0
pde_nominal,7,10465,1,0,41,0,41,1,0,10.5534536548,0
pde_nominal,1,8771,14,1,69,0,39,1,0,8.41130192453,0
pde_nominal,2,9433,5,0,39,0,39,1,0,4.96635737613,0
pde_nominal,5,7058,14,1,456,0,363,1,0,21.8695610908,0
pde_nominal,4,8982,11,1,116,0,116,1,0,20.0963444078,0
pde_nominal,1,8766,10,1,32,0,32,1,0,5.01292714075,0
pde_nominal,8,11404,7,0,145,0,145,1,0,8.67632795584,0
pde_nominal,0,11250,0,0,53,0,27,1,0,5.64652170717,0
pde_nominal,0,11248,14,1,17,0,0,1,0,7.44500038056,0
pde_nominal,3,9592,5,0,53,0,53,1,0,3.9779243109,0
pde_nominal,1,8762,0,0,16,0,16,1,0,5.31996930763,0
pde_nominal,6,10352,11,1,12,0,12,1,0,5.43061713126,0
pde_nominal,0,11242,5,0,20,0,20,1,0,3.75923819834,0
pde_nominal,6,10350,1,0,9,0,6,1,0,2.88723262204,0
pde_nominal,2,9425,3,0,78,0,63,1,0,6.92760501299,0
pde_nominal,1,8756,12,1,22,0,0,1,0,6.83309110116,0
pde_nominal,9,8616,9,1,58,0,19,1,0,6.46925990063,0
pde_nominal,6,10346,7,0,20,0,20,1,0,6.16302792402,0
pde_nominal,8,11387,1,0,40,0,40,1,0,8.11820158754,0
pde_nominal,4,8969,7,0,67,0,48,1,0,4.15831846445,0
pde_nominal,7,10446,5,0,20,18,18,1,1,8.14249455551,0
pde_nominal,3,9577,4,0,49,0,28,1,0,4.25425524577,0
pde_nominal,3,9575,6,0,22,0,0,1,0,6.59508168668,0
pde_nominal,3,9572,9,1,12,0,0,1,0,6.32266426056,0
pde_nominal,0,11230,6,0,7,0,4,1,0,6.66597132704,0
pde_nominal,8,11379,11,1,99,0,87,1,0,7.23019786329,0
pde_nominal,1,8738,13,1,42,0,37,1,0,5.04123447492,0
pde_nominal,7,10432,9,1,17,0,17,1,0,3.91303959801,0
pde_nominal,2,9392,1,0,25,0,25,1,0,4.90719304112,0
pde_nominal,0,11219,8,1,190,0,182,1,0,8.72435561682,0
pde_nominal,9,8597,12,1,1,0,0,1,0,4.49305037861,0
pde_nominal,4,8962,15,1,329,0,293,1,0,15.4691634211,0
pde_nominal,1,8732,15,1,112,0,76,1,0,5.72080871467,0
pde_nominal,4,8961,2,0,103,0,49,1,0,7.47723196538,0
pde_nominal,8,12013,14,1,137,0,85,1,0,11.4001075415,0
pde_nominal,1,8730,12,1,48,0,24,1,0,3.41375179669,0
pde_nominal,1,10257,12,1,0,0,0,0,0,6.22590529423,0
pde_nominal,7,10419,3,0,14,0,14,1,0,4.29344582058,0
pde_nominal,7,11049,3,0,0,0,0,0,0,10.2550802093,0
pde_nominal,8,11363,8,1,45,0,45,1,0,4.70765373774,0
pde_nominal,7,10417,10,1,79,0,79,1,0,4.7758079387,0
pde_nominal,8,11354,6,0,13,0,13,1,0,3.55981481707,0
pde_nominal,9,8586,9,1,54,0,49,1,0,5.35695857186,0
pde_nominal,2,9381,2,0,28,0,20,1,0,5.47594748406,0
pde_nominal,3,9547,13,1,38,0,38,1,0,9.89766790793,0
pde_nominal,8,11350,14,1,56,0,56,1,0,5.03584836743,0
pde_nominal,4,8951,5,0,82,0,82,1,0,9.92814620421,0
pde_nominal,1,8708,2,0,75,0,75,1,0,3.48632682607,0
pde_nominal,6,10323,10,1,124,0,124,1,0,5.80931808709,0
pde_nominal,8,11347,14,1,28,0,28,1,0,4.08819583663,0
pde_nominal,9,8576,10,1,108,0,108,1,0,4.5780212027,0
pde_nominal,5,7006,12,1,54,0,54,1,0,3.24827908386,0
pde_nominal,2,9378,10,1,195,0,195,1,0,8.41256596136,0
pde_nominal,9,8574,11,1,52,20,69,1,1,6.27603649413,0
pde_nominal,5,7005,8,1,55,0,36,1,0,3.26211732349,0
pde_nominal,9,8573,15,1,12,0,9,1,0,6.47773494188,0
pde_nominal,0,11192,7,0,48,0,48,1,0,11.8177465376,0
pde_nominal,6,10319,9,1,56,0,56,1,0,3.57402726946,0
pde_nominal,4,8938,10,1,44,0,40,1,0,6.4628563248,0
pde_nominal,4,8936,15,1,23,0,8,1,0,4.93799250771,0
pde_nominal,3,9533,4,0,11,11,2,1,1,5.92832328015,0
pde_nominal,3,9530,12,1,53,0,53,1,0,3.20794828411,0
pde_nominal,6,10309,14,1,25,0,25,1,0,3.54896349577,0
pde_nominal,5,6989,4,0,110,0,95,1,0,6.00103313022,0
pde_nominal,3,9528,5,0,47,0,37,1,0,4.48797462494,0
pde_nominal,9,8551,7,0,31,0,31,1,0,3.0001135527,0
pde_nominal,0,11167,2,0,35,0,35,1,0,6.97991652387,0
pde_nominal,5,6985,3,0,51,0,13,1,0,4.20267587119,0
pde_nominal,0,11159,1,0,39,0,2,1,0,8.07567918414,0
pde_nominal,9,8540,4,0,28,0,0,1,0,4.37462360977,0
pde_nominal,4,8917,0,0,81,0,78,1,0,6.53155657564,0
pde_nominal,7,10381,12,1,24,0,24,1,0,7.86216984922,0
pde_nominal,8,11314,7,0,69,0,50,1,0,6.5770103013,0
pde_nominal,8,11313,12,1,17,0,13,1,0,4.39386364576,0
pde_nominal,9,8529,2,0,14,0,13,1,0,7.79537570616,0
pde_nominal,5,6979,7,0,54,0,36,1,0,3.57196788073,0
pde_nominal,7,10378,10,1,36,17,34,1,1,5.84819730673,0
pde_nominal,8,11312,9,1,61,0,42,1,0,7.56474514968,0
pde_nominal,7,10376,5,0,38,0,38,1,0,5.62270118291,0
pde_nominal,7,11050,5,0,0,0,0,0,0,10.068631005,0
pde_nominal,6,10284,0,0,66,0,66,1,0,4.838063234,0
pde_nominal,1,8675,2,0,114,0,98,1,0,5.60378844134,0
pde_nominal,4,8906,13,1,24,0,24,1,0,3.70206461899,0
pde_nominal,2,9350,1,0,7,0,1,1,0,5.33029365776,0
pde_nominal,9,8515,15,1,40,0,35,1,0,4.5372143109,0
pde_nominal,2,9344,15,1,33,0,32,1,0,7.79108622632,0
pde_nominal,7,10366,13,1,14,0,14,1,0,3.88776236073,0
pde_nominal,9,8512,7,0,22,0,22,1,0,3.42203651462,0
pde_nominal,6,10273,5,0,7,0,6,1,0,3.324599438,0
pde_nominal,1,8664,14,1,63,0,52,1,0,3.66368794765,0
pde_nominal,4,8896,15,1,68,17,67,1,1,7.01804824562,0
pde_nominal,6,10272,8,1,71,0,44,1,0,4.19147311987,0
pde_nominal,3,10039,8,1,2,0,0,1,0,8.64380563209,0
pde_nominal,8,11297,4,0,28,0,27,1,0,4.50995279127,0
pde_nominal,4,8888,9,1,31,0,24,1,0,5.99262191911,0
pde_nominal,9,8502,11,1,6,0,1,1,0,3.01646182771,0
pde_nominal,9,8501,11,1,21,0,5,1,0,5.33678270344,0
pde_nominal,7,10345,3,0,30,0,30,1,0,4.97782271472,0
pde_nominal,6,10266,5,0,105,0,95,1,0,11.2422652653,0
pde_nominal,4,8885,1,0,134,0,111,1,0,10.3209185142,0
pde_nominal,2,9330,14,1,8,0,7,1,0,3.10201066132,0
pde_nominal,8,11285,12,1,3,0,1,1,0,6.96124102784,0
pde_nominal,8,11284,7,0,33,0,27,1,0,5.93403979895,0
pde_nominal,9,8496,3,0,41,0,41,1,0,7.12318383657,0
pde_nominal,4,8883,12,1,133,0,133,1,0,8.61513784388,0
pde_nominal,9,8494,10,1,25,0,25,1,0,5.4624908024,0
pde_nominal,0,11127,8,1,47,0,47,1,0,5.10173844382,0
pde_nominal,0,11123,8,1,24,0,24,1,0,4.59269004595,0
pde_nominal,4,8876,15,1,23,0,23,1,0,7.22086695966,0
pde_nominal,3,11645,3,0,158,0,150,1,0,14.2737811712,0
pde_nominal,3,11643,12,1,18,0,18,1,0,4.50782090366,0
pde_nominal,2,9319,0,0,50,0,50,1,0,9.56259976348,0
pde_nominal,0,11122,7,0,108,0,108,1,0,6.03259060347,0
pde_nominal,7,10331,0,0,37,0,37,1,0,4.41445603892,0
pde_nominal,2,9317,14,1,114,0,114,1,0,6.32788058561,0
pde_nominal,4,8870,1,0,60,0,60,1,0,4.95390082007,0
pde_nominal,8,11270,6,0,107,0,107,1,0,9.86899839791,0
pde_nominal,7,10326,2,0,4,0,4,1,0,6.27516997959,0
pde_nominal,4,8866,10,1,4,0,4,1,0,8.24018960714,0
pde_nominal,1,8643,9,1,55,0,28,1,0,3.70968883628,0
pde_nominal,5,11467,12,1,14,0,14,1,0,7.99630941314,0
pde_nominal,8,11265,4,0,49,0,49,1,0,6.19912380162,0
pde_nominal,9,8473,0,0,100,0,100,1,0,6.66045670598,0
pde_nominal,9,10171,0,0,0,0,0,0,0,7.63241711827,0
pde_nominal,4,8859,3,0,30,0,30,1,0,4.63270895147,0
pde_nominal,5,11462,13,1,6,0,6,1,0,9.50833734073,0
pde_nominal,0,11112,6,0,21,0,21,1,0,3.15519587365,0
pde_nominal,7,10323,3,0,91,0,91,1,0,6.07316901594,0
pde_nominal,2,9301,8,1,13,0,6,1,0,3.53818968954,0
pde_nominal,0,11107,12,1,7,0,7,1,0,3.51310855912,0
pde_nominal,4,8846,0,0,45,0,45,1,0,7.66219009189,0
pde_nominal,9,8464,2,0,117,0,117,1,0,7.75354211952,0
pde_nominal,2,9290,2,0,66,0,66,1,0,4.20385463713,0
pde_nominal,7,10312,6,0,17,0,17,1,0,4.90628067984,0
pde_nominal,2,9288,15,1,42,0,42,1,0,3.31668087012,0
pde_nominal,4,8835,15,1,79,0,79,1,0,3.56076570837,0
pde_nominal,7,10309,6,0,24,0,24,1,0,5.04901032564,0
pde_nominal,3,11601,2,0,27,0,27,1,0,3.08224244459,0
pde_nominal,3,11598,10,1,43,0,43,1,0,4.7221547569,0
pde_nominal,6,10214,14,1,95,0,45,1,0,8.69807249853,0
pde_nominal,1,12678,14,1,26,0,17,1,0,3.44526388085,0
pde_nominal,6,10208,2,0,51,0,40,1,0,5.18267264278,0
pde_nominal,1,12677,9,1,56,0,49,1,0,8.91705716872,0
pde_nominal,0,11085,6,0,59,0,57,1,0,4.45465762813,0
pde_nominal,6,10207,14,1,54,0,54,1,0,6.31107988913,0
pde_nominal,6,10205,0,0,60,0,57,1,0,5.44880715284,0
pde_nominal,6,10204,11,1,26,0,25,1,0,4.62575851988,0
pde_nominal,3,11581,1,0,54,0,27,1,0,4.57838080227,0
pde_nominal,8,11229,9,1,29,0,11,1,0,4.16059101502,0
pde_nominal,4,8822,13,1,70,0,58,1,0,3.4280234962,0
pde_nominal,9,8439,2,0,18,0,11,1,0,4.75362699009,0
pde_nominal,5,11426,15,1,55,0,28,1,0,11.0908842927,0
pde_nominal,1,12667,11,1,36,0,5,1,0,5.10872061388,0
pde_nominal,8,11225,11,1,0,0,0,1,0,6.31011959992,0
pde_nominal,3,11571,11,1,31,0,31,1,0,3.04224291024,0
pde_nominal,8,11221,7,0,86,0,58,1,0,7.94393786012,0
pde_nominal,4,8813,15,1,97,0,70,1,0,4.82635102834,0
pde_nominal,4,8798,0,0,33,0,14,1,0,3.26813602259,0
pde_nominal,4,8789,1,0,59,0,59,1,0,3.47040285876,0
pde_nominal,5,11414,15,1,97,0,97,1,0,4.62023296438,0
pde_nominal,0,11067,15,1,73,0,73,1,0,5.97945813717,0
pde_nominal,2,9258,7,0,44,0,44,1,0,4.21106651625,0
pde_nominal,3,11565,3,0,44,0,44,1,0,4.45581264784,0
pde_nominal,1,12657,10,1,71,16,87,1,1,18.0240996845,0
pde_nominal,3,11564,13,1,20,0,20,1,0,6.18997513981,0
pde_nominal,6,10181,4,0,69,0,69,1,0,6.15813912367,0
pde_nominal,1,12656,14,1,43,0,43,1,0,4.06481949305,0
pde_nominal,5,11405,8,1,11,0,11,1,0,10.0111895714,0
pde_nominal,1,12653,3,0,46,0,46,1,0,4.27495852844,0
pde_nominal,5,11404,5,0,107,0,97,1,0,4.69903397,0
pde_nominal,9,8411,6,0,24,0,12,1,0,3.24188375975,0
pde_nominal,0,11049,15,1,35,0,35,1,0,6.60092033839,0
pde_nominal,9,8410,15,1,80,0,80,1,0,3.37582471077,0
pde_nominal,3,11556,5,0,85,0,85,1,0,4.01641062353,0
pde_nominal,5,11398,7,0,55,0,55,1,0,6.90503029216,0
pde_nominal,7,10263,13,1,26,0,26,1,0,3.46859552628,0
pde_nominal,3,11550,11,1,21,0,21,1,0,3.99329891945,0
pde_nominal,2,9245,7,0,77,0,77,1,0,6.79354393119,0
pde_nominal,7,10259,12,1,83,0,83,1,0,4.84766947445,0
pde_nominal,1,12636,15,1,36,22,53,1,1,7.89715398093,0
pde_nominal,9,8395,2,0,22,0,1,1,0,3.24135730609,0
pde_nominal,3,11545,0,0,4,0,0,1,0,3.53097539482,0
pde_nominal,4,8764,3,0,145,0,101,1,0,7.13768421336,0
pde_nominal,9,8390,5,0,49,0,28,1,0,3.2951913914,0
pde_nominal,0,11021,1,0,4,0,2,1,0,4.5595215479,0
pde_nominal,6,10154,4,0,37,0,10,1,0,6.29262821836,0
pde_nominal,9,8384,5,0,60,0,59,1,0,3.35209916937,0
pde_nominal,8,11189,4,0,74,19,72,1,1,7.19917177227,0
pde_nominal,1,12624,4,0,74,0,66,1,0,7.75708503196,0
pde_nominal,0,11014,1,0,36,0,36,1,0,3.59532550111,0
pde_nominal,6,10151,8,1,59,0,59,1,0,5.8153228825,0
pde_nominal,5,11366,7,0,13,0,13,1,0,5.87642163954,0
pde_nominal,2,9234,8,1,67,0,67,1,0,6.34162176517,0
pde_nominal,2,9231,11,1,31,0,31,1,0,4.67994828661,0
pde_nominal,7,10241,11,1,113,0,113,1,0,7.15337611393,0
pde_nominal,2,9226,15,1,11,0,9,1,0,4.60662147364,0
pde_nominal,2,9225,5,0,17,0,10,1,0,4.46344178503,0
pde_nominal,1,12617,10,1,11,0,10,1,0,3.48042811645,0
pde_nominal,8,11173,12,1,50,0,50,1,0,3.99510988324,0
pde_nominal,0,11001,1,0,28,0,28,1,0,2.93186986994,0
pde_nominal,1,12611,2,0,22,0,13,1,0,4.44690467071,0
pde_nominal,3,11528,3,0,69,0,61,1,0,6.46835193145,0
pde_nominal,1,12610,13,1,1,0,1,1,0,6.74038743347,0
pde_nominal,8,11170,4,0,110,0,110,1,0,5.09229204007,0
pde_nominal,3,11524,10,1,51,0,51,1,0,6.84245562252,0
pde_nominal,0,10997,0,0,87,0,87,1,0,10.8508380344,0
pde_nominal,2,10461,7,0,5,6,11,1,1,9.49707534303,0
pde_nominal,5,11347,14,1,95,0,57,1,0,8.26238549052,0
pde_nominal,4,8742,5,0,73,0,33,1,0,4.40969206765,0
pde_nominal,3,11522,0,0,71,0,61,1,0,7.71311946288,0
pde_nominal,7,10227,13,1,117,0,117,1,0,6.51435241838,0
pde_nominal,3,11517,8,1,91,0,60,1,0,8.18272525064,0
pde_nominal,5,11341,13,1,56,0,22,1,0,4.38556286342,0
pde_nominal,8,11157,11,1,69,0,45,1,0,6.57754785824,0
pde_nominal,8,11154,13,1,48,0,48,1,0,4.84093044519,0
pde_nominal,3,11666,15,1,59,0,59,1,0,15.5003375417,0
pde_nominal,9,8349,1,0,43,0,25,1,0,3.26057570629,0
pde_nominal,4,11520,1,0,31,0,27,1,0,4.68522202272,0
pde_nominal,0,10980,8,1,75,0,75,1,0,6.59935950807,0
pde_nominal,6,10117,14,1,3,0,3,1,0,6.83432941731,0
pde_nominal,4,11519,9,1,54,25,70,1,1,6.12958977851,0
pde_nominal,2,9192,10,1,24,0,24,1,0,3.74060261565,0
pde_nominal,1,12579,3,0,13,0,13,1,0,6.5088282725,0
pde_nominal,8,11144,8,1,73,0,65,1,0,4.30868015099,0
pde_nominal,3,11504,9,1,6,0,6,1,0,3.74349533159,0
pde_nominal,4,11514,11,1,9,0,5,1,0,5.24688903082,0
pde_nominal,2,9187,12,1,9,0,0,1,0,4.46032842951,0
pde_nominal,6,10107,3,0,35,0,31,1,0,7.05251451173,0
pde_nominal,2,9185,7,0,22,0,16,1,0,11.0253069398,0
pde_nominal,4,11508,6,0,65,0,50,1,0,8.58601536055,0
pde_nominal,7,10194,8,1,45,0,45,1,0,6.20734078691,0
pde_nominal,8,11140,9,1,66,18,61,1,1,5.04613757184,0
pde_nominal,5,11308,8,1,108,0,100,1,0,7.29135524396,0
pde_nominal,3,11493,6,0,75,0,54,1,0,8.69703027071,0
pde_nominal,5,11303,15,1,14,0,1,1,0,6.0162681086,0
pde_nominal,6,10095,9,1,20,0,0,1,0,4.29295571194,0
pde_nominal,0,10972,15,1,63,0,23,1,0,6.56258090028,0
pde_nominal,1,12568,12,1,26,0,1,1,0,5.31126318194,0
pde_nominal,3,11491,11,1,5,0,0,1,0,3.46533625462,0
pde_nominal,3,11490,1,0,10,0,0,1,0,4.10038544578,0
pde_nominal,4,11495,14,1,31,0,0,1,0,8.64374093562,0
pde_nominal,1,12566,2,0,38,0,12,1,0,9.03139211372,0
pde_nominal,7,10184,6,0,22,0,22,1,0,9.45525875869,0
pde_nominal,5,11299,1,0,27,0,24,1,0,5.32638178166,0
pde_nominal,5,11298,11,1,12,0,11,1,0,4.39554532568,0
pde_nominal,9,11839,11,1,93,0,62,1,0,8.79477611501,0
pde_nominal,2,9178,14,1,77,0,55,1,0,8.97657851911,0
pde_nominal,7,10183,14,1,77,26,77,1,1,7.18534686337,0
pde_nominal,5,11295,12,1,2,0,1,1,0,3.93566850662,0
pde_nominal,2,9177,9,1,41,0,22,1,0,9.5285756689,0
pde_nominal,4,11489,5,0,93,0,62,1,0,8.50680188099,0
pde_nominal,5,11293,11,1,57,0,52,1,0,8.77588863588,0
pde_nominal,0,10957,6,0,35,0,35,1,0,5.36842727244,0
pde_nominal,3,11480,13,1,28,0,28,1,0,5.24927604508,0
pde_nominal,5,11496,4,0,0,0,0,0,0,13.5406734833,0
pde_nominal,8,11124,10,1,202,0,200,1,0,12.8821901748,0
pde_nominal,7,10175,4,0,29,0,29,1,0,5.0338508863,0
pde_nominal,3,11474,0,0,7,0,7,1,0,4.00375556515,0
pde_nominal,3,11473,4,0,3,0,3,1,0,3.78152458222,0
pde_nominal,7,10165,8,1,181,0,181,1,0,10.9240530285,0
pde_nominal,4,11466,12,1,20,0,20,1,0,3.99925159454,0
pde_nominal,9,11822,5,0,50,0,45,1,0,4.98618033569,0
pde_nominal,9,11821,15,1,67,0,44,1,0,7.21606493523,0
pde_nominal,9,11819,2,0,11,0,11,1,0,3.35892938778,0
pde_nominal,5,11273,3,0,7,0,7,1,0,5.26302820802,0
pde_nominal,2,9157,11,1,49,0,34,1,0,7.62972717858,0
pde_nominal,4,11459,0,0,13,0,9,1,0,6.03530286598,0
pde_nominal,7,10151,9,1,71,0,71,1,0,5.30787169791,0
pde_nominal,9,11807,10,1,25,0,15,1,0,7.80726588285,0
pde_nominal,3,11456,4,0,190,0,177,1,0,12.427824126,0
pde_nominal,8,11095,2,0,66,0,66,1,0,4.98671443891,0
pde_nominal,2,9150,9,1,71,0,71,1,0,7.57740351837,0
pde_nominal,8,11093,3,0,33,0,33,1,0,5.01588234113,0
pde_nominal,7,10149,3,0,177,0,177,1,0,7.81051148525,0
pde_nominal,3,11452,4,0,0,0,0,1,0,4.48297710703,0
pde_nominal,8,11090,5,0,31,0,27,1,0,10.1130207543,0
pde_nominal,5,11261,14,1,36,0,26,1,0,3.73026072997,0
pde_nominal,8,11088,15,1,24,16,26,1,1,5.36794904276,0
pde_nominal,6,10061,3,0,43,0,30,1,0,4.5728689364,0
pde_nominal,8,11077,5,0,31,0,31,1,0,5.71073717523,0
pde_nominal,2,9147,6,0,13,0,13,1,0,7.04563673933,0
pde_nominal,7,10142,11,1,76,0,76,1,0,10.2803372968,0
pde_nominal,1,12526,15,1,36,0,0,1,0,5.50863433192,0
pde_nominal,3,11437,14,1,25,0,0,1,0,7.41517927434,0
pde_nominal,1,12525,1,0,48,0,40,1,0,5.33762163355,0
pde_nominal,4,11437,11,1,8,0,8,1,0,3.59819884345,0
pde_nominal,9,11795,2,0,57,0,55,1,0,5.3529744303,0
pde_nominal,2,9134,7,0,46,0,39,1,0,4.21577663417,0
pde_nominal,6,10054,7,0,8,0,8,1,0,3.46745731413,0
pde_nominal,0,10929,4,0,52,0,52,1,0,6.24013104829,0
pde_nominal,8,11067,0,0,32,0,32,1,0,5.98277119322,0
pde_nominal,8,12015,0,0,0,0,0,0,0,8.66704868401,0
pde_nominal,1,12522,1,0,119,0,112,1,0,5.18199532121,0
pde_nominal,0,10927,3,0,4,0,4,1,0,3.99197779939,0
pde_nominal,4,11435,1,0,355,0,320,1,0,13.3150355855,0
pde_nominal,7,10127,4,0,42,0,42,1,0,4.09947513527,0
pde_nominal,3,11426,12,1,67,0,42,1,0,6.30944260418,0
pde_nominal,0,10924,11,1,10,0,10,1,0,4.39600907899,0
pde_nominal,4,11428,4,0,26,0,4,1,0,6.08773349269,0
pde_nominal,8,11062,9,1,55,0,28,1,0,7.85210140223,0
pde_nominal,7,10115,10,1,47,0,47,1,0,5.66284612225,0
pde_nominal,2,9122,11,1,101,0,69,1,0,6.82085291231,0
pde_nominal,1,12513,7,0,83,0,69,1,0,8.03131517035,0
pde_nominal,3,11421,7,0,77,0,58,1,0,3.85950605378,0
pde_nominal,6,10044,3,0,75,0,55,1,0,7.55404375933,0
pde_nominal,3,11417,7,0,31,0,20,1,0,4.84227969862,0
pde_nominal,8,11050,13,1,5,0,0,1,0,5.34084714063,0
pde_nominal,2,9118,13,1,29,0,16,1,0,4.63464127848,0
pde_nominal,1,12510,15,1,50,24,56,1,1,10.1407538056,0
pde_nominal,9,11771,2,0,10,0,5,1,0,3.04013487985,0
pde_nominal,9,11770,12,1,27,0,20,1,0,3.9640150013,0
pde_nominal,1,12505,12,1,12,0,1,1,0,4.07969614664,0
pde_nominal,1,12503,13,1,25,0,20,1,0,5.25667019722,0
pde_nominal,8,11043,9,1,58,0,39,1,0,4.94692636927,0
pde_nominal,8,11042,3,0,165,0,69,1,0,11.5047065492,0
pde_nominal,7,10095,4,0,52,0,52,1,0,12.6368967247,0
pde_nominal,6,10021,12,1,101,0,101,1,0,9.31848813597,0
pde_nominal,9,11765,12,1,65,0,65,1,0,3.81217014315,0
pde_nominal,0,10893,4,0,116,0,116,1,0,6.72154377668,0
pde_nominal,0,10892,4,0,24,0,24,1,0,3.72608118385,0
pde_nominal,3,11399,12,1,10,0,10,1,0,9.38823292602,0
pde_nominal,4,11404,15,1,67,0,67,1,0,7.62859920567,0
pde_nominal,4,11402,6,0,133,0,120,1,0,6.89639060546,0
pde_nominal,1,12490,15,1,13,0,13,1,0,6.34960184709,0
pde_nominal,0,10878,12,1,43,0,32,1,0,5.80292456595,0
pde_nominal,6,10008,4,0,45,0,40,1,0,5.00859667364,0
pde_nominal,3,11389,15,1,100,0,60,1,0,20.9387689047,0
pde_nominal,4,11386,5,0,8,0,0,1,0,5.08804917108,0
pde_nominal,2,9090,8,1,42,0,11,1,0,6.96432147171,0
pde_nominal,1,12482,11,1,53,0,26,1,0,4.39150738976,0
pde_nominal,4,11381,8,1,9,0,9,1,0,4.10327378754,0
pde_nominal,9,11756,6,0,27,0,27,1,0,6.02828772258,0
pde_nominal,4,11379,9,1,21,0,21,1,0,3.63318819437,0
pde_nominal,7,10057,2,0,59,0,59,1,0,3.50539220875,0
pde_nominal,7,10053,0,0,25,0,25,1,0,4.15276543769,0
pde_nominal,3,11382,0,0,38,0,20,1,0,3.84418942242,0
pde_nominal,6,9997,9,1,5,0,0,1,0,5.22823986213,0
pde_nominal,2,9083,12,1,24,8,13,1,1,7.27639206825,0
pde_nominal,6,9996,5,0,50,0,26,1,0,6.78016117233,0
pde_nominal,7,10047,7,0,10,0,10,1,0,3.84340391342,0
pde_nominal,2,9080,9,1,12,0,11,1,0,7.1700037398,0
pde_nominal,8,10995,12,1,28,0,21,1,0,3.2385609623,0
pde_nominal,9,11744,11,1,68,0,44,1,0,6.22535984713,0
pde_nominal,6,9992,2,0,15,0,4,1,0,4.26102618965,0
pde_nominal,5,11185,5,0,35,0,21,1,0,3.34975370795,0
pde_nominal,1,12469,8,1,106,0,77,1,0,6.02689959625,0
pde_nominal,9,11743,2,0,78,0,58,1,0,5.86970259309,0
pde_nominal,6,9987,5,0,21,0,21,1,0,3.81189492768,0
pde_nominal,4,11362,13,1,99,0,99,1,0,3.97924570125,0
pde_nominal,6,9985,4,0,20,0,20,1,0,5.6098613209,0
pde_nominal,5,11184,4,0,155,0,151,1,0,10.0409390774,0
pde_nominal,1,12464,3,0,23,0,23,1,0,4.89071247623,0
pde_nominal,4,11358,5,0,12,0,12,1,0,3.81482514626,0
pde_nominal,3,11373,5,0,68,0,57,1,0,6.19303991737,0
pde_nominal,8,10988,9,1,83,0,67,1,0,8.43015434678,0
pde_nominal,4,11353,9,1,18,0,17,1,0,4.62688298603,0
pde_nominal,6,9978,5,0,48,0,48,1,0,5.36556391838,0
pde_nominal,5,11174,12,1,7,0,7,1,0,6.21981061974,0
pde_nominal,7,10022,11,1,141,0,141,1,0,7.53160044931,0
pde_nominal,5,11172,15,1,15,0,15,1,0,3.97442062532,0
pde_nominal,7,10020,15,1,81,0,81,1,0,8.47102509972,0
pde_nominal,3,11355,2,0,28,0,28,1,0,4.2510255803,0
pde_nominal,1,12448,3,0,11,0,11,1,0,8.39641933372,0
pde_nominal,2,9056,7,0,56,0,56,1,0,5.77707632955,0
pde_nominal,9,11722,7,0,70,0,70,1,0,5.79969139607,0
pde_nominal,7,10018,0,0,133,0,133,1,0,8.23627295828,0
pde_nominal,5,11168,13,1,26,12,38,1,1,7.18588924339,0
pde_nominal,4,11346,12,1,102,0,102,1,0,6.61741377498,0
pde_nominal,2,9054,2,0,25,0,25,1,0,4.15484030364,0
pde_nominal,3,11350,4,0,83,0,83,1,0,5.61439579061,0
pde_nominal,2,9053,3,0,50,0,50,1,0,5.21470382008,0
pde_nominal,3,11348,3,0,2,0,0,1,0,6.06822944772,0
pde_nominal,4,11344,8,1,50,0,18,1,0,7.81993583417,0
pde_nominal,9,11713,10,1,15,0,15,1,0,8.18002707997,0
pde_nominal,2,9047,12,1,90,0,90,1,0,5.87431651197,0
pde_nominal,9,11701,8,1,15,0,15,1,0,6.16104579048,0
pde_nominal,0,10826,15,1,28,0,13,1,0,5.09601942417,0
pde_nominal,6,9959,2,0,72,0,57,1,0,6.13511622841,0
pde_nominal,9,11695,14,1,0,0,0,1,0,8.70071014122,0
pde_nominal,3,11341,4,0,32,0,32,1,0,5.49669180371,0
pde_nominal,8,10967,12,1,40,0,40,1,0,4.53975871884,0
pde_nominal,2,9036,4,0,2,0,2,1,0,3.58985940736,0
pde_nominal,6,9954,2,0,124,0,82,1,0,5.96207229881,0
pde_nominal,4,11323,5,0,51,14,31,1,1,6.48027143949,0
pde_nominal,5,11151,10,1,24,0,24,1,0,4.4601554568,0
pde_nominal,0,10815,1,0,5,0,5,1,0,6.9129868392,0
pde_nominal,9,11688,11,1,57,42,96,1,1,7.76940462093,0
pde_nominal,1,12432,0,0,14,0,14,1,0,6.30327483739,0
pde_nominal,4,11319,2,0,57,15,72,1,1,9.00887584626,0
pde_nominal,5,11149,6,0,118,0,118,1,0,5.50388135325,0
pde_nominal,1,12431,5,0,77,0,77,1,0,6.62405267088,0
pde_nominal,8,10959,3,0,55,0,54,1,0,9.06166292863,0
pde_nominal,9,11685,4,0,104,0,92,1,0,8.80438500955,0
pde_nominal,1,12428,6,0,11,0,9,1,0,3.7477723767,0
pde_nominal,3,11323,9,1,34,0,34,1,0,5.89918991107,0
pde_nominal,6,9945,11,1,46,0,42,1,0,4.8012212832,0
pde_nominal,5,11143,0,0,84,0,76,1,0,8.46808871662,0
pde_nominal,2,9026,7,0,13,0,13,1,0,3.06005951423,0
pde_nominal,0,10814,0,0,330,0,307,1,0,16.8506714744,0
pde_nominal,4,11313,14,1,87,0,87,1,0,4.65882594205,0
pde_nominal,7,9982,13,1,13,0,13,1,0,4.54630768186,0
pde_nominal,2,9022,9,1,39,12,51,1,1,8.22026235531,0
pde_nominal,9,11675,7,0,47,0,47,1,0,4.41910535241,0
pde_nominal,5,11133,8,1,44,0,44,1,0,5.85580730958,0
pde_nominal,7,9979,9,1,68,0,68,1,0,5.76646446073,0
pde_nominal,1,12408,7,0,31,0,21,1,0,5.70454288609,0
pde_nominal,3,11308,9,1,65,0,57,1,0,5.92733773679,0
pde_nominal,9,11670,12,1,132,0,127,1,0,5.94608433892,0
pde_nominal,0,10810,6,0,32,0,32,1,0,6.84932346603,0
pde_nominal,5,11126,2,0,73,0,73,1,0,4.81326432231,0
pde_nominal,7,9971,12,1,48,0,48,1,0,5.8892395727,0
pde_nominal,0,10801,6,0,6,0,6,1,0,4.34542920038,0
pde_nominal,6,9922,11,1,84,0,78,1,0,5.33668963435,0
pde_nominal,9,11660,1,0,33,0,33,1,0,3.99084538823,0
pde_nominal,3,11294,0,0,28,0,6,1,0,7.49904252359,0
pde_nominal,3,11293,3,0,29,0,8,1,0,5.66075355429,0
pde_nominal,5,11116,10,1,22,0,22,1,0,6.90102018169,0
pde_nominal,0,10797,4,0,24,24,48,1,1,6.28090134804,0
pde_nominal,1,12397,7,0,177,0,177,1,0,7.29467753393,0
pde_nominal,0,10792,2,0,19,0,2,1,0,9.30277298543,0
pde_nominal,5,11101,14,1,43,0,5,1,0,4.63470658194,0
pde_nominal,0,10789,9,1,14,0,1,1,0,6.32204101162,0
pde_nominal,4,11282,3,0,181,0,93,1,0,13.6294624199,0
pde_nominal,5,11090,14,1,61,0,31,1,0,3.88014575886,0
pde_nominal,6,9899,7,0,55,0,47,1,0,6.77073389846,0
pde_nominal,9,11635,3,0,29,0,29,1,0,6.41876845756,0
pde_nominal,5,11084,14,1,57,0,52,1,0,6.94605983227,0
pde_nominal,3,11260,8,1,50,0,50,1,0,6.16132353005,0
pde_nominal,3,11259,0,0,22,0,3,1,0,3.98672102671,0
pde_nominal,8,10888,3,0,57,0,10,1,0,5.30364923252,0
pde_nominal,1,12369,8,1,12,0,1,1,0,4.02805005853,0
pde_nominal,4,11255,5,0,35,0,0,1,0,3.61959564909,0
pde_nominal,7,9937,11,1,33,0,33,1,0,3.60326312959,0
pde_nominal,5,11081,9,1,69,0,45,1,0,8.44077287397,0
pde_nominal,7,9936,10,1,12,0,12,1,0,4.46624073124,0
pde_nominal,0,10764,11,1,118,0,77,1,0,7.24299433456,0
pde_nominal,8,10883,3,0,70,0,70,1,0,3.93000697177,0
pde_nominal,8,10880,2,0,34,0,23,1,0,3.54995797048,0
pde_nominal,1,12359,11,1,49,0,28,1,0,5.67494039983,0
pde_nominal,7,9927,8,1,41,0,41,1,0,5.01639434116,0
pde_nominal,5,11072,5,0,56,0,54,1,0,5.12879827852,0
pde_nominal,8,10875,10,1,11,0,9,1,0,4.8408431072,0
pde_nominal,6,9877,8,1,36,0,23,1,0,4.71917983875,0
pde_nominal,8,10872,8,1,10,0,0,1,0,8.12966416586,0
pde_nominal,1,12353,9,1,18,0,0,1,0,7.92270226631,0
pde_nominal,3,11234,1,0,45,0,45,1,0,5.88842690483,0
pde_nominal,7,9921,8,1,37,0,37,1,0,6.19133546609,0
pde_nominal,2,8959,15,1,123,0,123,1,0,6.09464545089,0
pde_nominal,9,11610,11,1,147,0,147,1,0,8.44907262317,0
pde_nominal,3,11233,8,1,67,30,95,1,1,8.36216717437,0
pde_nominal,9,11608,0,0,31,0,28,1,0,7.53500328148,0
pde_nominal,1,12345,10,1,41,23,51,1,1,9.30099824395,0
pde_nominal,1,12716,10,1,0,0,0,0,0,11.1737282104,0
pde_nominal,7,9912,14,1,74,0,74,1,0,6.06305024756,0
pde_nominal,9,11603,0,0,34,0,34,1,0,9.08419601493,0
pde_nominal,7,9906,14,1,48,0,48,1,0,4.74047971012,0
pde_nominal,5,11053,13,1,32,0,0,1,0,8.01242035248,0
pde_nominal,2,8932,3,0,40,0,21,1,0,3.25210790053,0
pde_nominal,2,10465,3,0,0,0,0,0,0,6.22013484434,0
pde_nominal,9,11594,14,1,34,14,15,1,1,7.3240950216,0
pde_nominal,7,9904,6,0,15,18,14,1,1,4.93753563254,0
pde_nominal,0,10721,15,1,32,0,26,1,0,3.94467685442,0
pde_nominal,9,11587,7,0,20,0,18,1,0,3.62645738334,0
pde_nominal,4,11212,7,0,33,0,9,1,0,5.03245999032,0
pde_nominal,8,10847,3,0,50,0,8,1,0,11.144774391,0
pde_nominal,9,11583,14,1,18,0,18,1,0,4.52623767253,0
pde_nominal,3,11214,15,1,35,0,30,1,0,3.67075126305,0
pde_nominal,9,11582,6,0,56,0,45,1,0,5.2648642279,0
pde_nominal,6,9837,4,0,45,0,45,1,0,6.31301092465,0
pde_nominal,2,8923,8,1,58,0,51,1,0,3.45949727945,0
pde_nominal,7,9887,7,0,70,0,70,1,0,7.65203085692,0
pde_nominal,1,12321,9,1,37,0,27,1,0,8.53794018439,0
pde_nominal,4,11203,1,0,62,0,62,1,0,7.85265732431,0
pde_nominal,9,11575,5,0,82,0,82,1,0,7.80978491226,0
pde_nominal,7,9883,15,1,11,25,11,1,1,8.38179271691,0
pde_nominal,8,10832,6,0,4,0,0,1,0,5.44167125378,0
pde_nominal,8,10831,10,1,17,0,3,1,0,4.14409841561,0
pde_nominal,5,11026,5,0,9,0,9,1,0,7.19710922952,0
pde_nominal,8,10829,11,1,58,23,81,1,1,10.1647091081,0
pde_nominal,9,11571,9,1,46,0,46,1,0,4.73813891236,0
pde_nominal,6,9830,12,1,226,0,192,1,0,10.0322018561,0
pde_nominal,9,11565,5,0,12,0,9,1,0,4.41899219798,0
pde_nominal,3,11675,13,1,0,0,0,1,0,5.54941458101,0
pde_nominal,5,11021,15,1,116,0,93,1,0,7.76497080805,0
pde_nominal,0,10691,12,1,52,0,52,1,0,4.73509232361,0
pde_nominal,5,11018,2,0,68,0,68,1,0,4.41466975671,0
pde_nominal,2,8884,15,1,77,0,77,1,0,4.29616161168,0
pde_nominal,8,10818,7,0,65,0,65,1,0,4.8000601529,0
pde_nominal,7,9871,14,1,50,0,50,1,0,6.19007630849,0
pde_nominal,3,11189,13,1,17,0,17,1,0,4.50856564619,0
pde_nominal,4,11178,6,0,55,0,54,1,0,4.11345272897,0
pde_nominal,9,11549,3,0,65,0,50,1,0,7.77724022753,0
pde_nominal,6,9818,5,0,34,0,4,1,0,4.21943260385,0
pde_nominal,5,11003,10,1,9,0,0,1,0,3.36924243523,0
pde_nominal,5,11002,7,0,0,0,0,1,0,5.34239463999,0
pde_nominal,0,10682,8,1,50,0,0,1,0,4.67379592418,0
pde_nominal,9,11543,6,0,9,0,5,1,0,4.11211346512,0
pde_nominal,6,9816,8,1,19,12,27,1,1,5.87402540806,0
pde_nominal,3,11176,6,0,47,0,47,1,0,4.52942086783,0
pde_nominal,6,9815,10,1,41,0,41,1,0,4.9158511028,0
pde_nominal,4,11172,11,1,54,0,36,1,0,6.97368290542,0
pde_nominal,3,11172,5,0,142,0,94,1,0,14.1727279603,0
pde_nominal,3,11168,3,0,26,0,17,1,0,9.96523573023,0
pde_nominal,6,9804,1,0,19,0,19,1,0,3.32605553447,0
pde_nominal,3,11166,7,0,93,0,93,1,0,5.11205989443,0
pde_nominal,0,10671,6,0,147,0,147,1,0,8.26075201409,0
pde_nominal,6,9802,15,1,96,0,96,1,0,7.82942929647,0
pde_nominal,1,12288,7,0,74,0,74,1,0,6.34633746565,0
pde_nominal,7,9852,14,1,62,0,62,1,0,4.23526888358,0
pde_nominal,2,11912,6,0,63,0,63,1,0,6.61719015343,0
pde_nominal,1,12286,3,0,17,0,17,1,0,6.35901470805,0
pde_nominal,5,10989,3,0,87,0,87,1,0,7.5526121898,0
pde_nominal,8,10789,7,0,36,0,36,1,0,11.0350520411,0
pde_nominal,1,12285,7,0,78,0,78,1,0,6.09728077789,0
pde_nominal,0,10662,3,0,17,0,17,1,0,4.79760293516,0
pde_nominal,2,11898,13,1,12,0,7,1,0,4.22561072194,0
pde_nominal,3,11156,14,1,60,0,60,1,0,9.27277090617,0
pde_nominal,5,10977,6,0,17,0,6,1,0,3.43782565473,0
pde_nominal,4,11139,7,0,24,0,11,1,0,3.16633486595,0
pde_nominal,4,11138,4,0,32,0,4,1,0,5.55811554351,0
pde_nominal,1,12264,15,1,7,0,0,1,0,3.26578434628,0
pde_nominal,3,11153,3,0,10,0,0,1,0,4.57966241995,0
pde_nominal,4,11136,12,1,91,0,73,1,0,6.3075355408,0
pde_nominal,3,11147,9,1,13,0,13,1,0,7.64002326716,0
pde_nominal,3,11146,10,1,4,0,2,1,0,4.07867118415,0
pde_nominal,1,12258,7,0,13,0,5,1,0,4.69860817956,0
pde_nominal,6,9788,14,1,47,0,3,1,0,4.87060680931,0
pde_nominal,4,11132,13,1,14,0,1,1,0,4.07542414488,0
pde_nominal,1,12256,12,1,47,0,13,1,0,7.95787651031,0
pde_nominal,5,10966,2,0,54,0,51,1,0,6.63826453091,0
pde_nominal,0,10638,10,1,26,0,26,1,0,4.47782001416,0
pde_nominal,2,11882,12,1,24,0,19,1,0,7.79560064907,0
pde_nominal,3,11139,0,0,53,0,46,1,0,5.67880353812,0
pde_nominal,8,10762,11,1,21,0,21,1,0,4.5006970429,0
pde_nominal,4,11129,15,1,18,0,18,1,0,5.91518414096,0
pde_nominal,0,10632,6,0,45,0,45,1,0,3.47752047758,0
pde_nominal,7,9827,0,0,79,0,79,1,0,7.47874495825,0
pde_nominal,1,12249,2,0,48,0,0,1,0,5.14429606533,0
pde_nominal,1,12246,4,0,30,0,30,1,0,5.7433283723,0
pde_nominal,9,11492,6,0,40,0,40,1,0,6.39688150075,0
pde_nominal,7,9821,0,0,26,0,26,1,0,4.27134068641,0
pde_nominal,3,11132,12,1,51,0,51,1,0,3.87878117307,0
pde_nominal,5,10953,7,0,50,0,50,1,0,4.67002629119,0
pde_nominal,4,11119,13,1,79,0,79,1,0,4.34479215791,0
pde_nominal,2,11872,7,0,12,0,10,1,0,3.64428869123,0
pde_nominal,6,9767,2,0,21,0,2,1,0,11.9518667076,0
pde_nominal,4,11113,4,0,64,0,64,1,0,4.8843624078,0
pde_nominal,1,12230,1,0,89,0,88,1,0,4.74684023888,0
pde_nominal,3,11120,2,0,49,0,27,1,0,7.36247523818,0
pde_nominal,8,10736,2,0,37,0,25,1,0,13.2094709525,0
pde_nominal,6,9759,7,0,0,0,0,1,0,3.89514009802,0
pde_nominal,3,11117,3,0,45,0,32,1,0,5.89945514685,0
pde_nominal,2,11862,11,1,53,0,41,1,0,15.787511293,0
pde_nominal,5,10938,14,1,19,0,10,1,0,5.10142069302,0
pde_nominal,0,10611,9,1,135,0,105,1,0,9.77160411746,0
pde_nominal,7,9804,5,0,8,0,8,1,0,2.89663444178,0
pde_nominal,5,10937,14,1,41,0,35,1,0,9.80647700623,0
pde_nominal,5,10936,11,1,8,0,8,1,0,3.14355546283,0
pde_nominal,9,11468,9,1,52,0,52,1,0,3.67555538666,0
pde_nominal,0,10608,6,0,7,0,7,1,0,4.85355674807,0
pde_nominal,7,9803,2,0,83,0,83,1,0,7.5148902192,0
pde_nominal,7,9802,15,1,107,0,107,1,0,8.46397826181,0
pde_nominal,2,11850,14,1,19,0,1,1,0,4.79274679805,0
pde_nominal,4,11098,8,1,5,0,0,1,0,6.19707451791,0
pde_nominal,2,11849,4,0,33,0,1,1,0,6.93747877894,0
pde_nominal,3,11104,0,0,31,0,24,1,0,4.8085464639,0
pde_nominal,7,9799,13,1,46,0,46,1,0,4.00816611241,0
pde_nominal,9,11460,2,0,11,0,7,1,0,3.72154924942,0
pde_nominal,3,11102,1,0,71,0,50,1,0,13.1062076612,0
pde_nominal,3,11676,1,0,0,0,0,0,0,13.5891938591,0
pde_nominal,7,9794,3,0,50,0,50,1,0,3.79597208515,0
pde_nominal,0,10596,13,1,39,0,39,1,0,3.4908735568,0
pde_nominal,1,12200,0,0,5,0,0,1,0,4.79554079039,0
pde_nominal,9,11453,13,1,53,0,3,1,0,6.88837152155,0
pde_nominal,2,11837,10,1,11,0,0,1,0,5.81253376769,0
pde_nominal,3,11096,4,0,41,0,41,1,0,7.34425617682,0
pde_nominal,3,11095,10,1,11,0,0,1,0,5.35879965738,0
pde_nominal,5,10917,10,1,79,0,24,1,0,7.33332591074,0
pde_nominal,5,10914,13,1,14,0,14,1,0,4.64537109155,0
pde_nominal,4,11526,13,1,36,0,36,1,0,6.73283738589,0
pde_nominal,0,10588,2,0,58,0,58,1,0,8.82187153153,0
pde_nominal,4,11076,5,0,11,0,11,1,0,8.05039665407,0
pde_nominal,0,10585,10,1,6,0,0,1,0,6.15007853784,0
pde_nominal,2,11830,12,1,53,0,15,1,0,5.10110450728,0
pde_nominal,8,10697,7,0,24,0,24,1,0,4.36181697881,0
pde_nominal,9,11444,4,0,12,0,12,1,0,6.02363035963,0
pde_nominal,7,9782,14,1,54,0,54,1,0,5.30375686421,0
pde_nominal,9,11440,15,1,57,0,52,1,0,6.2582756237,0
pde_nominal,7,9778,10,1,66,0,66,1,0,7.67902508201,0
pde_nominal,0,10574,14,1,22,0,1,1,0,4.1973253738,0
pde_nominal,6,9724,4,0,16,0,0,1,0,4.40413354995,0
pde_nominal,8,10685,14,1,0,0,0,1,0,4.45545143216,0
pde_nominal,4,11062,4,0,20,0,15,1,0,4.80213290222,0
pde_nominal,6,9723,9,1,166,0,85,1,0,15.8714738349,0
pde_nominal,4,11060,5,0,37,15,52,1,1,5.4364930539,0
pde_nominal,7,9772,12,1,18,0,18,1,0,5.18970713209,0
pde_nominal,2,11812,14,1,2,0,2,1,0,3.2923215734,0
pde_nominal,7,9766,9,1,19,0,19,1,0,4.23881865785,0
pde_nominal,2,11810,8,1,27,0,22,1,0,5.22609484558,0
pde_nominal,9,11425,12,1,44,0,42,1,0,4.08507688814,0
pde_nominal,1,12168,11,1,75,0,63,1,0,11.5315019408,0
pde_nominal,5,10897,6,0,59,0,40,1,0,4.30643655836,0
pde_nominal,0,10558,4,0,13,5,0,1,1,6.3594636331,0
pde_nominal,6,9713,5,0,59,0,20,1,0,6.7074878438,0
pde_nominal,8,10671,5,0,20,0,3,1,0,5.33968014867,0
pde_nominal,5,10896,6,0,54,0,6,1,0,7.19777316752,0
pde_nominal,4,11052,15,1,69,0,2,1,0,4.17480666678,0
pde_nominal,6,9705,0,0,17,0,0,1,0,4.92647422785,0
pde_nominal,4,11048,2,0,25,0,2,1,0,6.65913075253,0
pde_nominal,0,10549,10,1,2,0,0,1,0,8.01502965354,0
pde_nominal,9,11412,10,1,16,0,2,1,0,4.82295565603,0
pde_nominal,8,10665,12,1,2,0,2,1,0,3.2131129457,0
pde_nominal,7,9751,2,0,69,0,69,1,0,5.35711164761,0
pde_nominal,7,9749,3,0,6,0,6,1,0,4.5676025436,0
pde_nominal,3,11045,7,0,17,0,17,1,0,3.79104661284,0
pde_nominal,8,10658,2,0,64,0,57,1,0,3.87193808602,0
pde_nominal,0,10538,1,0,35,0,15,1,0,6.03708933101,0
pde_nominal,9,11400,2,0,28,0,19,1,0,5.36495464842,0
pde_nominal,4,11035,2,0,123,0,109,1,0,6.7327192369,0
pde_nominal,3,11041,4,0,97,0,97,1,0,6.57499605626,0
pde_nominal,0,10535,15,1,75,0,75,1,0,8.83355651817,0
pde_nominal,4,11032,4,0,52,0,52,1,0,8.98046668679,0
pde_nominal,7,9733,9,1,20,0,20,1,0,13.9869043765,0
pde_nominal,7,11059,9,1,0,0,0,0,0,16.0937068333,0
pde_nominal,7,9731,1,0,52,0,52,1,0,4.6283747871,0
pde_nominal,1,12137,2,0,58,0,48,1,0,6.51803668841,0
pde_nominal,8,10647,5,0,51,18,58,1,1,8.23530310863,0
pde_nominal,4,11019,2,0,6,0,6,1,0,3.98990735531,0
pde_nominal,0,10525,15,1,8,0,8,1,0,3.36074539238,0
pde_nominal,1,12134,2,0,22,0,22,1,0,3.49191164208,0
pde_nominal,8,10638,15,1,27,0,1,1,0,3.75870500866,0
pde_nominal,0,10521,11,1,29,0,19,1,0,6.55896476178,0
pde_nominal,6,9681,2,0,52,0,39,1,0,4.8583963049,0
pde_nominal,7,9726,2,0,49,0,49,1,0,5.474134998,0
pde_nominal,0,10520,15,1,31,0,31,1,0,3.96248589963,0
pde_nominal,9,11392,7,0,112,0,69,1,0,10.14631811,0
pde_nominal,2,11771,13,1,52,0,52,1,0,4.07394890292,0
pde_nominal,2,11767,14,1,30,0,30,1,0,3.43787507074,0
pde_nominal,2,11763,13,1,67,0,67,1,0,4.1685504002,0
pde_nominal,9,11377,8,1,16,0,4,1,0,4.63372564483,0
pde_nominal,2,11755,13,1,8,0,7,1,0,7.9813767578,0
pde_nominal,4,10997,1,0,32,0,32,1,0,5.43263917286,0
pde_nominal,3,11011,11,1,111,0,111,1,0,7.18988312739,0
pde_nominal,8,10622,6,0,162,0,147,1,0,7.69488585281,0
pde_nominal,1,12114,6,0,7,0,7,1,0,6.60372075564,0
pde_nominal,7,9700,5,0,139,0,139,1,0,8.86344970709,0
pde_nominal,2,11749,7,0,20,0,20,1,0,3.76943697463,0
pde_nominal,0,10494,9,1,33,0,33,1,0,5.90356378583,0
pde_nominal,8,10618,14,1,12,0,10,1,0,8.01431983073,0
pde_nominal,3,11009,4,0,52,0,46,1,0,7.47671103477,0
pde_nominal,4,10993,1,0,87,0,58,1,0,6.43455220336,0
pde_nominal,1,12110,11,1,35,0,35,1,0,4.89309655018,0
pde_nominal,6,9662,13,1,84,0,84,1,0,6.13247299961,0
pde_nominal,4,10988,8,1,63,0,60,1,0,5.05006743743,0
pde_nominal,8,10611,3,0,14,0,12,1,0,4.81114951019,0
pde_nominal,4,10986,4,0,7,0,1,1,0,4.49307923356,0
pde_nominal,2,11738,3,0,43,0,1,1,0,3.51262936837,0
pde_nominal,4,10985,6,0,29,0,3,1,0,5.95911390653,0
pde_nominal,9,11357,14,1,8,0,7,1,0,4.70036905127,0
pde_nominal,4,10982,8,1,33,19,41,1,1,6.41030512005,0
pde_nominal,2,11730,0,0,24,0,24,1,0,3.92005753554,0
pde_nominal,2,11729,3,0,6,0,6,1,0,3.58141795758,0
pde_nominal,7,9682,15,1,57,0,57,1,0,4.31032549613,0
pde_nominal,0,10474,12,1,43,0,43,1,0,4.00942747288,0
pde_nominal,1,12095,4,0,64,0,64,1,0,5.26302173281,0
pde_nominal,0,10472,9,1,15,0,15,1,0,3.79314600005,0
pde_nominal,7,9680,7,0,18,0,18,1,0,6.39886803752,0
pde_nominal,5,10812,15,1,73,0,72,1,0,5.7772600003,0
pde_nominal,8,10596,1,0,60,0,41,1,0,9.46690789518,0
pde_nominal,8,10595,2,0,32,0,22,1,0,3.83340357274,0
pde_nominal,0,10465,10,1,31,0,0,1,0,6.0933463244,0
pde_nominal,1,12080,9,1,7,0,0,1,0,5.79514647615,0
pde_nominal,1,12077,9,1,17,0,17,1,0,5.02429715426,0
pde_nominal,0,10459,0,0,82,0,64,1,0,6.18545213343,0
pde_nominal,3,10983,5,0,11,0,0,1,0,6.58337544026,0
pde_nominal,3,11677,5,0,0,0,0,0,0,10.3195121808,0
pde_nominal,1,12072,10,1,26,0,0,1,0,5.08303852425,0
pde_nominal,2,11697,12,1,12,0,0,1,0,4.57466687395,0
pde_nominal,9,11340,1,0,29,0,29,1,0,4.63249732045,0
pde_nominal,4,10958,11,1,39,0,32,1,0,3.72138607955,0
pde_nominal,5,10799,7,0,84,0,56,1,0,5.63635817759,0
pde_nominal,9,11339,0,0,69,0,43,1,0,5.02177862901,0
pde_nominal,2,11695,1,0,20,0,20,1,0,4.18209125174,0
pde_nominal,1,12066,6,0,12,0,12,1,0,6.471395952,0
pde_nominal,3,10973,4,0,16,0,16,1,0,4.52866580118,0
pde_nominal,1,12065,13,1,2,0,2,1,0,4.91619970172,0
pde_nominal,4,10953,3,0,45,0,45,1,0,4.73859371206,0
pde_nominal,5,10796,7,0,40,29,70,1,1,5.5836199394,0
pde_nominal,7,9653,1,0,8,0,8,1,0,4.96638595582,0
pde_nominal,7,11061,1,0,0,0,0,0,0,6.40092627689,0
pde_nominal,0,10451,5,0,97,0,90,1,0,8.14304946388,0
pde_nominal,0,10447,4,0,11,0,7,1,0,6.45248695341,0
pde_nominal,2,11689,5,0,45,0,21,1,0,4.9647342812,0
pde_nominal,7,9648,9,1,53,0,53,1,0,4.63717442978,0
pde_nominal,2,11685,7,0,23,0,17,1,0,3.52877428467,0
pde_nominal,8,10563,0,0,33,0,33,1,0,8.45648031296,0
pde_nominal,2,11683,11,1,47,0,47,1,0,5.05634070909,0
pde_nominal,0,10438,12,1,77,0,77,1,0,8.69410537858,0
pde_nominal,2,11681,12,1,67,0,67,1,0,5.52231160757,0
pde_nominal,9,11327,10,1,32,0,32,1,0,5.49498613092,0
pde_nominal,8,10561,8,1,86,0,86,1,0,5.41089929312,0
pde_nominal,7,9644,0,0,32,0,32,1,0,9.20693973189,0
pde_nominal,9,11322,5,0,18,0,18,1,0,6.63087336626,0
pde_nominal,3,10959,10,1,42,0,42,1,0,7.72066129738,0
pde_nominal,7,9642,14,1,24,0,24,1,0,7.23924531705,0
pde_nominal,5,10783,3,0,110,0,110,1,0,7.64643443736,0
pde_nominal,8,10558,7,0,19,0,19,1,0,4.63558331822,0
pde_nominal,0,10430,1,0,119,31,150,1,1,8.73675710616,0
pde_nominal,0,10424,13,1,7,0,0,1,0,4.02324776243,0
pde_nominal,9,11315,5,0,37,0,4,1,0,4.07966581911,0
pde_nominal,2,11665,7,0,28,0,28,1,0,5.1512407645,0
pde_nominal,5,10774,6,0,29,0,29,1,0,8.66878735398,0
pde_nominal,7,9634,4,0,79,0,79,1,0,7.02093789372,0
pde_nominal,0,10418,6,0,73,0,50,1,0,8.2098034911,0
pde_nominal,4,10928,15,1,35,0,35,1,0,3.31566882543,0
pde_nominal,9,11311,3,0,72,0,63,1,0,10.6317289873,0
pde_nominal,1,12035,7,0,195,0,169,1,0,10.6737589834,0
pde_nominal,4,10925,0,0,42,0,42,1,0,6.1161508369,0
pde_nominal,1,12033,2,0,46,0,46,1,0,4.28648846829,0
pde_nominal,7,9628,2,0,17,0,17,1,0,4.80938821203,0
pde_nominal,9,11309,10,1,86,0,83,1,0,6.1176442452,0
pde_nominal,4,10924,10,1,67,0,65,1,0,6.24028828208,0
pde_nominal,6,9601,4,0,42,0,11,1,0,5.1544860617,0
pde_nominal,1,12027,4,0,16,0,0,1,0,9.42767101237,0
pde_nominal,5,10763,8,1,9,0,0,1,0,5.76091016045,0
pde_nominal,4,10919,6,0,54,0,25,1,0,4.72681292943,0
pde_nominal,5,10761,1,0,60,0,54,1,0,7.52071039371,0
pde_nominal,2,11650,4,0,30,0,24,1,0,3.90735467484,0
pde_nominal,3,10937,8,1,1,0,1,1,0,4.40924409833,0
pde_nominal,2,11647,13,1,38,0,19,1,0,3.68788343401,0
pde_nominal,3,10932,9,1,7,0,7,1,0,5.21617504244,0
pde_nominal,4,10916,8,1,72,0,56,1,0,6.50078048243,0
pde_nominal,1,12018,7,0,75,0,60,1,0,6.74593213798,0
pde_nominal,5,10753,11,1,10,0,9,1,0,3.06666700445,0
pde_nominal,9,11295,10,1,18,0,18,1,0,7.05858779757,0
pde_nominal,2,11643,11,1,29,8,37,1,1,6.81024595654,0
pde_nominal,3,10927,1,0,17,0,17,1,0,4.41899184372,0
pde_nominal,8,10532,7,0,70,0,62,1,0,5.76822374409,0
pde_nominal,0,10399,15,1,87,0,60,1,0,5.94624577063,0
pde_nominal,4,10911,11,1,73,0,47,1,0,4.95213566241,0
pde_nominal,3,10920,11,1,3,0,0,1,0,3.57918456981,0
pde_nominal,2,11633,9,1,19,0,0,1,0,4.72705301305,0
pde_nominal,7,9600,5,0,17,0,17,1,0,4.07958762469,0
pde_nominal,2,11628,0,0,19,0,19,1,0,2.87099351211,0
pde_nominal,1,12003,7,0,57,0,57,1,0,5.26775496104,0
pde_nominal,9,11282,15,1,110,0,102,1,0,6.55348868587,0
pde_nominal,5,10744,15,1,180,0,170,1,0,9.45202117202,0
pde_nominal,2,11625,11,1,42,0,36,1,0,4.16426970365,0
pde_nominal,7,9595,12,1,55,0,55,1,0,6.20339377338,0
pde_nominal,2,11624,1,0,80,0,74,1,0,3.89505015059,0
pde_nominal,4,10896,7,0,9,0,0,1,0,6.43769954313,0
pde_nominal,9,11274,10,1,17,0,17,1,0,3.90287014946,0
pde_nominal,7,9593,9,1,35,0,35,1,0,6.25939059274,0
pde_nominal,2,11623,7,0,36,0,20,1,0,4.77867585797,0
pde_nominal,9,11273,14,1,18,0,18,1,0,5.12244754374,0
pde_nominal,2,11621,14,1,3,0,2,1,0,4.7734181481,0
pde_nominal,0,10374,2,0,13,0,13,1,0,4.44334842084,0
pde_nominal,4,10893,2,0,38,0,38,1,0,5.07022737913,0
pde_nominal,0,10373,5,0,71,0,70,1,0,6.80712139293,0
pde_nominal,7,9587,8,1,63,0,63,1,0,5.36582759279,0
pde_nominal,2,11615,9,1,18,0,18,1,0,7.89902802314,0
pde_nominal,4,10892,4,0,52,0,52,1,0,6.54900126085,0
pde_nominal,3,10898,8,1,17,0,17,1,0,4.73139905459,0
pde_nominal,0,10369,3,0,8,0,6,1,0,5.01276398987,0
pde_nominal,5,10738,12,1,72,0,65,1,0,8.60728769676,0
pde_nominal,5,10737,7,0,6,0,6,1,0,3.76247477273,0
pde_nominal,6,9570,4,0,81,0,67,1,0,4.90318458633,0
pde_nominal,3,10896,3,0,9,0,9,1,0,6.18294259012,0
pde_nominal,1,11987,2,0,16,0,15,1,0,5.21325997478,0
pde_nominal,5,10729,3,0,33,0,33,1,0,4.97048731209,0
pde_nominal,5,10727,0,0,89,0,89,1,0,5.26957253586,0
pde_nominal,7,9573,12,1,20,0,20,1,0,7.92991656365,0
pde_nominal,9,11261,3,0,9,0,9,1,0,5.84979066679,0
pde_nominal,0,10356,3,0,106,0,100,1,0,4.28996198472,0
pde_nominal,6,9558,9,1,5,0,0,1,0,4.64114739567,0
pde_nominal,6,9554,1,0,105,0,105,1,0,7.99683804595,0
pde_nominal,0,10350,10,1,147,0,147,1,0,7.09501860336,0
pde_nominal,8,10497,9,1,210,0,183,1,0,17.1338300856,0
pde_nominal,5,10720,5,0,167,0,167,1,0,11.5938212137,0
pde_nominal,7,9566,4,0,115,0,115,1,0,7.29586829435,0
pde_nominal,2,11596,9,1,68,0,68,1,0,4.71982833459,0
pde_nominal,7,9564,15,1,35,0,35,1,0,3.91826058788,0
pde_nominal,1,11967,13,1,73,0,71,1,0,7.104372685,0
pde_nominal,0,10340,8,1,8,0,0,1,0,3.95767242153,0
pde_nominal,0,10339,8,1,20,0,8,1,0,7.36132086653,0
pde_nominal,9,11249,3,0,51,0,22,1,0,5.57267675103,0
pde_nominal,8,10488,0,0,43,0,11,1,0,6.26938704379,0
pde_nominal,8,10487,7,0,23,0,17,1,0,4.66991256148,0
pde_nominal,6,9538,6,0,67,0,67,1,0,4.88449669215,0
pde_nominal,4,10865,11,1,38,0,38,1,0,5.46882634521,0
pde_nominal,7,9555,10,1,160,0,160,1,0,7.4234824129,0
pde_nominal,9,11241,8,1,28,18,46,1,1,8.89978581182,0
pde_nominal,0,10330,12,1,69,0,69,1,0,8.21242613694,0
pde_nominal,0,10326,12,1,37,0,37,1,0,4.48448391563,0
pde_nominal,5,10701,2,0,81,0,81,1,0,4.15331197088,0
pde_nominal,3,10867,14,1,120,0,120,1,0,5.84587614954,0
pde_nominal,4,10857,5,0,45,0,45,1,0,4.38073852796,0
pde_nominal,9,11237,0,0,210,0,210,1,0,12.3600174951,0
pde_nominal,8,10480,11,1,36,0,31,1,0,4.54062056158,0
pde_nominal,5,10694,11,1,121,0,121,1,0,9.20914496339,0
pde_nominal,3,10866,0,0,311,0,260,1,0,19.3758458485,0
pde_nominal,4,10845,1,0,17,0,17,1,0,3.34839897686,0
pde_nominal,0,10315,6,0,72,0,34,1,0,7.12582649769,0
pde_nominal,4,10844,6,0,39,0,10,1,0,14.030281242,0
pde_nominal,1,11938,14,1,32,0,32,1,0,4.46930172189,0
pde_nominal,1,11937,6,0,4,0,4,1,0,6.77013616909,0
pde_nominal,2,11575,11,1,137,0,108,1,0,8.05834042401,0
pde_nominal,7,9537,0,0,4,0,4,1,0,4.97049600313,0
pde_nominal,1,11933,11,1,91,0,91,1,0,4.58040715566,0
pde_nominal,7,9536,4,0,40,0,40,1,0,11.5233671274,0
pde_nominal,2,11570,11,1,100,0,100,1,0,6.31749079773,0
pde_nominal,6,9510,10,1,43,0,43,1,0,3.92092636155,0
pde_nominal,2,11569,1,0,93,0,93,1,0,4.75647428887,0
pde_nominal,8,10450,15,1,5,0,4,1,0,4.45628817131,0
pde_nominal,8,10448,8,1,72,0,60,1,0,5.41140395763,0
pde_nominal,9,11217,7,0,2,0,0,1,0,4.77159987478,0
pde_nominal,4,10827,8,1,16,0,0,1,0,7.04298357635,0
pde_nominal,2,11560,4,0,64,0,32,1,0,7.96491722142,0
pde_nominal,2,11557,10,1,24,0,20,1,0,3.86999703257,0
pde_nominal,1,11917,4,0,15,0,1,1,0,5.15829915049,0
pde_nominal,8,10438,2,0,21,0,11,1,0,3.24324836045,0
pde_nominal,8,10435,4,0,23,0,23,1,0,5.57872447737,0
pde_nominal,9,11205,11,1,18,0,18,1,0,3.60175972878,0
pde_nominal,6,9497,4,0,21,16,37,1,1,6.6888375099,0
pde_nominal,9,11201,1,0,10,0,10,1,0,2.94501298227,0
pde_nominal,3,10826,9,1,22,0,22,1,0,4.790620323,0
pde_nominal,3,11679,9,1,0,0,0,0,0,9.69252743276,0
pde_nominal,1,11910,8,1,56,0,56,1,0,7.61122925636,0
pde_nominal,4,10817,3,0,20,0,20,1,0,7.68389488412,0
pde_nominal,4,10813,14,1,84,0,56,1,0,5.44469282858,0
pde_nominal,0,10278,4,0,42,0,42,1,0,3.99644014505,0
pde_nominal,9,11189,0,0,61,0,61,1,0,10.4652062657,0
pde_nominal,6,9484,3,0,37,0,37,1,0,5.50249541472,0
pde_nominal,0,10275,5,0,15,0,12,1,0,4.22393103038,0
pde_nominal,6,9478,1,0,51,0,38,1,0,4.29999852074,0
pde_nominal,9,11182,1,0,33,0,33,1,0,4.42006294604,0
pde_nominal,5,10652,14,1,96,0,59,1,0,6.85348173497,0
pde_nominal,5,11503,14,1,0,0,0,0,0,9.1344518817,0
pde_nominal,8,10418,14,1,22,0,12,1,0,4.31775821859,0
pde_nominal,0,10271,15,1,6,0,6,1,0,3.19330617387,0
pde_nominal,7,9498,2,0,81,0,81,1,0,7.78707388373,0
pde_nominal,9,11175,8,1,6,0,6,1,0,3.78549746702,0
pde_nominal,8,10414,1,0,43,0,43,1,0,4.18086970254,0
pde_nominal,6,9471,2,0,95,0,95,1,0,10.8403659016,0
pde_nominal,8,10410,11,1,7,0,0,1,0,6.44531526841,0
pde_nominal,5,10644,15,1,73,0,68,1,0,5.29784423968,0
pde_nominal,8,10407,10,1,6,0,6,1,0,4.86105815738,0
pde_nominal,7,9492,7,0,82,0,82,1,0,5.08362885901,0
pde_nominal,4,10796,0,0,36,0,26,1,0,4.9823817268,0
pde_nominal,3,10799,8,1,40,0,14,1,0,8.40502740219,0
pde_nominal,6,9459,13,1,35,15,45,1,1,5.55525768598,0
pde_nominal,3,10798,14,1,88,0,86,1,0,6.51076643926,0
pde_nominal,2,11519,8,1,6,0,6,1,0,8.06447398292,0
pde_nominal,2,11934,8,1,0,0,0,0,0,9.6239553444,0
pde_nominal,4,10792,5,0,13,0,13,1,0,4.42376916465,0
pde_nominal,6,9450,13,1,17,0,17,1,0,5.36463161265,0
pde_nominal,3,10788,14,1,34,0,20,1,0,6.3854462264,0
pde_nominal,8,10390,12,1,20,0,0,1,0,7.37845899879,0
pde_nominal,2,11509,11,1,23,0,0,1,0,4.15329194569,0
pde_nominal,1,11875,10,1,7,0,0,1,0,6.56130459816,0
pde_nominal,8,10389,0,0,77,0,59,1,0,8.08440990371,0
pde_nominal,7,9473,11,1,62,0,62,1,0,4.58290127552,0
pde_nominal,7,11066,11,1,0,0,0,0,0,5.75604844284,0
pde_nominal,4,10783,9,1,76,0,64,1,0,4.1194395849,0
pde_nominal,5,10621,9,1,9,0,7,1,0,4.76151074349,0
pde_nominal,9,11160,4,0,20,0,20,1,0,9.25743323372,0
pde_nominal,3,10779,9,1,36,21,57,1,1,8.38996273543,0
pde_nominal,7,9470,12,1,108,0,108,1,0,4.82508911541,0
pde_nominal,0,10231,2,0,21,0,0,1,0,4.63682266982,0
pde_nominal,2,11497,2,0,47,0,12,1,0,7.22106412797,0
pde_nominal,3,10777,10,1,23,9,7,1,1,5.22669964948,0
pde_nominal,9,11154,4,0,66,0,48,1,0,6.94110170217,0
pde_nominal,4,10767,9,1,55,0,44,1,0,6.28171060201,0
pde_nominal,5,10612,1,0,91,0,82,1,0,5.96972203306,0
pde_nominal,0,10226,8,1,11,0,6,1,0,3.49471276611,0
pde_nominal,3,10773,8,1,36,0,31,1,0,5.13364873283,0
pde_nominal,6,9443,9,1,13,0,13,1,0,2.93054074091,0
pde_nominal,0,10221,14,1,22,0,20,1,0,4.87661218192,0
pde_nominal,5,10607,5,0,71,0,57,1,0,6.44054223845,0
pde_nominal,6,9439,3,0,40,0,12,1,0,9.41143080696,0
pde_nominal,6,9436,5,0,1,0,0,1,0,3.64847404786,0
pde_nominal,6,9435,2,0,37,0,20,1,0,6.63697419963,0
pde_nominal,3,10768,15,1,48,0,47,1,0,3.63083960194,0
pde_nominal,5,10601,0,0,41,0,41,1,0,5.3843902863,0
pde_nominal,2,11492,9,1,38,15,53,1,1,6.09312200503,0
pde_nominal,1,11853,5,0,14,0,12,1,0,3.97426351397,0
pde_nominal,6,9432,3,0,72,0,69,1,0,4.29190549661,0
pde_nominal,0,10215,2,0,26,0,24,1,0,3.42922444107,0
pde_nominal,4,10762,0,0,6,0,4,1,0,3.96876272238,0
pde_nominal,8,10369,8,1,121,0,100,1,0,7.37236613092,0
pde_nominal,6,9430,2,0,64,0,47,1,0,6.18957072916,0
pde_nominal,4,10759,1,0,52,0,43,1,0,4.11700374221,0
pde_nominal,5,10588,11,1,36,0,34,1,0,7.71663077829,0
pde_nominal,0,10207,13,1,15,0,1,1,0,4.72111684034,0
pde_nominal,9,11130,14,1,35,0,5,1,0,5.53567326171,0
pde_nominal,1,11842,14,1,32,0,11,1,0,9.0475976043,0
pde_nominal,2,11485,14,1,69,22,23,1,1,7.3248809692,0
pde_nominal,9,11123,9,1,41,0,26,1,0,3.59831407073,0
pde_nominal,2,11483,0,0,33,0,30,1,0,3.68663659455,0
pde_nominal,0,10203,10,1,62,0,32,1,0,5.84749363248,0
pde_nominal,2,11480,6,0,23,0,23,1,0,5.00793343189,0
pde_nominal,1,11837,15,1,19,0,0,1,0,5.87637463465,0
pde_nominal,8,10349,6,0,30,0,2,1,0,4.6296185442,0
pde_nominal,3,10751,5,0,66,0,19,1,0,6.3146449803,0
pde_nominal,4,10743,1,0,6,0,6,1,0,3.65891811663,0
pde_nominal,1,11829,2,0,46,0,46,1,0,6.55024542684,0
pde_nominal,5,10572,3,0,153,0,153,1,0,14.2239946991,0
pde_nominal,9,11115,8,1,45,0,45,1,0,5.56154888646,0
pde_nominal,1,11826,3,0,25,0,25,1,0,4.16499132964,0
pde_nominal,1,11821,8,1,51,0,51,1,0,7.32760488864,0
pde_nominal,2,11469,11,1,77,0,77,1,0,4.81277619523,0
pde_nominal,9,11112,2,0,81,0,81,1,0,10.4030245224,0
pde_nominal,9,11109,13,1,83,0,83,1,0,4.30224694636,0
pde_nominal,0,10180,1,0,101,0,99,1,0,5.13995308939,0
pde_nominal,2,11460,4,0,12,0,12,1,0,4.41498007897,0
pde_nominal,8,10321,6,0,29,0,29,1,0,3.26096782337,0
pde_nominal,2,11458,2,0,46,0,46,1,0,4.41053099446,0
pde_nominal,4,10717,4,0,15,0,3,1,0,4.46485435618,0
pde_nominal,4,10716,1,0,105,0,86,1,0,9.67636951988,0
pde_nominal,8,10318,10,1,55,0,55,1,0,6.85780701094,0
pde_nominal,3,10729,0,0,44,0,44,1,0,4.38128891672,0
pde_nominal,8,10313,12,1,30,0,30,1,0,4.02886000921,0
pde_nominal,9,11097,15,1,79,0,79,1,0,6.50714146536,0
pde_nominal,7,9412,6,0,39,0,39,1,0,3.80610102929,0
pde_nominal,2,11449,5,0,63,0,49,1,0,4.88042461479,0
pde_nominal,6,9387,15,1,38,0,27,1,0,6.33949040589,0
pde_nominal,8,10312,7,0,56,0,42,1,0,6.66736171739,0
pde_nominal,1,11801,12,1,48,0,9,1,0,4.1117182671,0
pde_nominal,6,9384,1,0,20,0,20,1,0,7.16839492756,0
pde_nominal,9,11089,3,0,36,0,36,1,0,5.82447400812,0
pde_nominal,8,10309,8,1,186,0,186,1,0,7.53628586045,0
pde_nominal,9,11086,11,1,63,0,63,1,0,5.17125671035,0
pde_nominal,6,9381,10,1,81,0,81,1,0,6.43985365548,0
pde_nominal,9,11084,2,0,64,0,64,1,0,6.18485015706,0
pde_nominal,5,10537,14,1,12,0,12,1,0,5.62396687758,0
pde_nominal,3,10718,4,0,80,37,118,1,1,7.77230401852,0
pde_nominal,0,10155,7,0,19,0,19,1,0,5.34853904877,0
pde_nominal,9,11081,4,0,88,0,88,1,0,4.44137105364,0
pde_nominal,8,10298,7,0,8,0,8,1,0,9.33797352531,0
pde_nominal,1,11790,5,0,123,0,123,1,0,6.8473396952,0
pde_nominal,6,9370,12,1,33,0,33,1,0,6.10971129528,0
pde_nominal,0,10150,6,0,42,0,42,1,0,3.72167756083,0
pde_nominal,3,10707,13,1,68,0,68,1,0,4.80139449398,0
pde_nominal,9,11076,3,0,44,0,44,1,0,4.81496324172,0
pde_nominal,8,10294,3,0,40,0,40,1,0,10.4723165912,0
pde_nominal,0,10149,6,0,242,0,242,1,0,12.8697370952,0
pde_nominal,2,11435,7,0,30,0,30,1,0,6.6033832785,0
pde_nominal,2,11937,7,0,0,0,0,0,0,6.81761053697,0
pde_nominal,6,9366,6,0,10,0,10,1,0,7.07631189503,0
pde_nominal,1,11784,3,0,73,0,73,1,0,6.26528288484,0
pde_nominal,6,9363,3,0,50,0,50,1,0,4.80882477024,0
pde_nominal,5,10521,3,0,74,0,74,1,0,5.49012094497,0
pde_nominal,3,10692,0,0,88,0,88,1,0,8.47605839995,0
pde_nominal,0,10139,10,1,37,0,37,1,0,3.71647204922,0
pde_nominal,1,11776,6,0,87,0,87,1,0,8.53112213219,0
pde_nominal,6,9341,0,0,66,0,66,1,0,5.83004022834,0
pde_nominal,8,10274,4,0,40,0,40,1,0,3.90022301081,0
pde_nominal,6,9340,9,1,46,0,46,1,0,7.19119217221,0
pde_nominal,9,11060,7,0,31,0,31,1,0,5.00006508468,0
pde_nominal,4,11532,11,1,61,0,61,1,0,11.2859548959,0
pde_nominal,2,11422,6,0,255,0,255,1,0,14.2814224866,0
pde_nominal,6,9337,0,0,104,0,104,1,0,5.70714803706,0
pde_nominal,8,10269,0,0,138,0,138,1,0,6.1234846281,0
pde_nominal,1,11766,13,1,80,0,80,1,0,7.59259820983,0
pde_nominal,9,11050,0,0,38,0,38,1,0,4.1311785429,0
pde_nominal,9,11049,4,0,51,0,51,1,0,4.58017731389,0
pde_nominal,4,10667,10,1,134,0,134,1,0,6.53110059238,0
pde_nominal,4,10664,6,0,31,0,31,1,0,7.98044384929,0
pde_nominal,4,11534,6,0,0,0,0,0,0,10.8436313834,0
pde_nominal,0,10121,14,1,208,0,208,1,0,10.7722438952,0
pde_nominal,6,9327,3,0,230,0,230,1,0,11.5795766463,0
pde_nominal,7,9347,0,0,68,0,68,1,0,3.5467360203,0
pde_nominal,4,10661,1,0,62,0,62,1,0,6.93212734025,0
pde_nominal,9,11041,15,1,3,0,3,1,0,4.9064170616,0
pde_nominal,4,10660,15,1,41,0,41,1,0,4.43558614476,0
pde_nominal,5,10495,15,1,196,0,196,1,0,10.7525143105,0
pde_nominal,3,10675,9,1,172,0,172,1,0,9.64476889651,0
pde_nominal,6,9321,6,0,49,0,49,1,0,5.83626799477,0
pde_nominal,2,11394,15,1,40,0,40,1,0,6.11316073915,0
pde_nominal,8,10253,12,1,69,0,69,1,0,5.16819285587,0
pde_nominal,6,9316,14,1,34,0,34,1,0,3.53995661083,0
pde_nominal,4,10653,15,1,32,0,32,1,0,4.55755542364,0
pde_nominal,9,11035,11,1,86,0,86,1,0,5.12159719561,0
pde_nominal,0,10110,8,1,84,0,84,1,0,8.74086551308,0
pde_nominal,6,9309,10,1,48,0,48,1,0,4.37843099471,0
pde_nominal,7,9340,7,0,107,0,107,1,0,5.04893969051,0
pde_nominal,1,11748,1,0,151,0,151,1,0,8.82721353728,0
pde_nominal,0,10106,8,1,36,0,36,1,0,5.42239009011,0
pde_nominal,5,10486,14,1,16,0,16,1,0,4.48351331888,0
pde_nominal,5,10484,10,1,76,0,76,1,0,6.57662106448,0
pde_nominal,2,11384,1,0,19,0,19,1,0,6.76774548912,0
pde_nominal,3,10662,14,1,64,0,64,1,0,5.84778058053,0
pde_nominal,9,11027,15,1,64,0,64,1,0,8.17339943411,0
pde_nominal,0,10098,14,1,9,0,9,1,0,4.17756604397,0
pde_nominal,0,10096,12,1,4,0,4,1,0,4.90188748376,0
pde_nominal,5,11504,3,0,9,0,9,1,0,11.1480075038,0
pde_nominal,7,9333,5,0,77,0,77,1,0,3.85014118021,0
pde_nominal,7,9332,15,1,80,0,80,1,0,3.95797932186,0
pde_nominal,7,9330,9,1,120,0,120,1,0,5.62103026392,0
pde_nominal,3,10657,12,1,80,0,80,1,0,5.38949426984,0
pde_nominal,8,10233,11,1,29,0,29,1,0,3.93712600327,0
pde_nominal,7,9326,3,0,99,0,99,1,0,4.74362117233,0
pde_nominal,5,10474,0,0,76,0,76,1,0,5.28765110629,0
pde_nominal,4,10626,6,0,134,0,134,1,0,8.01807456588,0
pde_nominal,0,10083,14,1,30,0,30,1,0,4.4983639607,0
pde_nominal,3,10647,3,0,39,0,39,1,0,3.26151618578,0
pde_nominal,5,10463,13,1,37,0,37,1,0,11.0589648496,0
pde_nominal,6,9287,1,0,25,0,25,1,0,9.11938213538,0
pde_nominal,9,11012,0,0,35,0,35,1,0,4.47464904832,0
pde_nominal,1,11729,7,0,19,0,19,1,0,5.46302015325,0
pde_nominal,8,10217,6,0,57,0,57,1,0,3.93385438898,0
pde_nominal,5,10460,6,0,75,0,75,1,0,8.09760546678,0
pde_nominal,3,10641,1,0,7,0,7,1,0,3.19691514021,0
pde_nominal,6,9282,1,0,45,0,45,1,0,6.81263128951,0
pde_nominal,7,9312,12,1,350,0,350,1,0,15.5679992939,0
pde_nominal,0,10063,5,0,37,0,37,1,0,6.068698086,0
pde_nominal,2,11363,12,1,17,0,17,1,0,4.31762551326,0
pde_nominal,2,11360,6,0,7,0,7,1,0,4.82992314507,0
pde_nominal,4,10609,7,0,175,0,175,1,0,7.28260322867,0
pde_nominal,2,11358,12,1,17,0,17,1,0,6.62224919958,0
pde_nominal,7,9305,8,1,59,0,59,1,0,3.26094060767,0
pde_nominal,0,10061,7,0,14,0,14,1,0,5.90267183072,0
pde_nominal,6,9273,3,0,61,0,61,1,0,4.54436528091,0
pde_nominal,1,11715,6,0,96,0,96,1,0,5.58955802727,0
pde_nominal,9,10996,13,1,112,0,112,1,0,10.4574283354,0
pde_nominal,3,10625,10,1,58,0,58,1,0,4.84808873064,0
pde_nominal,0,10058,14,1,75,0,75,1,0,6.22006079472,0
pde_nominal,6,9267,10,1,16,0,16,1,0,6.892696394,0
pde_nominal,7,13855,5,0,44,0,44,1,0,5.64305372514,0
pde_nominal,0,10056,1,0,40,0,16,1,0,6.01484150898,0
pde_nominal,1,11704,7,0,27,0,13,1,0,2.88803906017,0
pde_nominal,6,9263,3,0,11,0,6,1,0,3.7214407003,0
pde_nominal,3,10623,6,0,112,0,67,1,0,7.10627628996,0
pde_nominal,9,10988,1,0,10,0,10,1,0,8.61807527359,0
pde_nominal,3,10620,13,1,13,0,13,1,0,4.4762003062,0
pde_nominal,4,10592,0,0,7,0,7,1,0,3.51836894135,0
pde_nominal,5,10437,11,1,25,0,25,1,0,6.22898551113,0
pde_nominal,8,10193,14,1,43,0,33,1,0,3.98245120637,0
pde_nominal,6,9249,15,1,34,0,34,1,0,6.91047299148,0
pde_nominal,8,10190,6,0,52,0,52,1,0,5.55137208172,0
pde_nominal,4,10577,10,1,39,0,39,1,0,4.55831002232,0
pde_nominal,7,13846,0,0,43,0,43,1,0,6.31676323856,0
pde_nominal,1,11687,14,1,14,0,14,1,0,3.37385961201,0
pde_nominal,0,10042,0,0,92,0,91,1,0,6.95015123994,0
pde_nominal,9,10975,1,0,76,0,72,1,0,5.43255587975,0
pde_nominal,2,11331,2,0,77,0,77,1,0,4.37769234004,0
pde_nominal,6,9239,7,0,46,0,46,1,0,6.31467583173,0
pde_nominal,6,9238,12,1,52,0,35,1,0,3.69519869901,0
pde_nominal,9,10964,13,1,74,0,39,1,0,5.42912092553,0
pde_nominal,4,10564,14,1,21,0,14,1,0,3.44247375017,0
pde_nominal,2,11323,15,1,2,0,2,1,0,3.23759769725,0
pde_nominal,4,10563,6,0,20,0,7,1,0,3.54510629846,0
pde_nominal,3,10596,5,0,47,0,9,1,0,5.64821442627,0
pde_nominal,8,10181,10,1,31,0,31,1,0,6.95363220422,0
pde_nominal,0,10029,6,0,33,0,33,1,0,3.46828374332,0
pde_nominal,1,11676,12,1,84,0,84,1,0,4.93228687827,0
pde_nominal,1,11675,12,1,34,0,30,1,0,5.92692960945,0
pde_nominal,3,10591,13,1,52,0,41,1,0,4.95908524776,0
pde_nominal,2,11312,1,0,49,0,46,1,0,6.27486138645,0
pde_nominal,1,11673,10,1,33,0,33,1,0,5.33157992813,0
pde_nominal,6,9227,15,1,50,0,50,1,0,4.04058212117,0
pde_nominal,4,10556,2,0,13,0,13,1,0,5.41301769266,0
pde_nominal,5,10408,0,0,63,0,63,1,0,4.59415044895,0
pde_nominal,0,10027,6,0,164,0,155,1,0,10.3644922159,0
pde_nominal,7,13827,15,1,85,0,85,1,0,5.66093153245,0
pde_nominal,3,10585,8,1,38,0,31,1,0,3.82979956485,0
pde_nominal,8,10168,4,0,81,44,125,1,1,11.1275404198,0
pde_nominal,9,10943,0,0,22,0,20,1,0,3.71607308525,0
pde_nominal,6,9217,8,1,26,0,16,1,0,4.07653559939,0
pde_nominal,2,11298,3,0,51,0,34,1,0,7.68705844003,0
pde_nominal,6,9213,1,0,11,0,7,1,0,4.70594822492,0
pde_nominal,3,10582,9,1,45,0,39,1,0,5.09218136127,0
pde_nominal,4,10545,6,0,140,0,99,1,0,8.57985763489,0
pde_nominal,9,10938,0,0,43,0,36,1,0,6.92420742054,0
pde_nominal,6,9212,2,0,13,0,12,1,0,3.82665346987,0
pde_nominal,5,10395,13,1,48,0,15,1,0,6.44183698052,0
pde_nominal,3,10576,9,1,3,0,3,1,0,3.32451942931,0
pde_nominal,6,9207,3,0,43,0,43,1,0,4.53465740063,0
pde_nominal,5,10393,10,1,12,0,12,1,0,5.12552976167,0
pde_nominal,2,11291,10,1,72,0,72,1,0,4.84941277699,0
pde_nominal,1,11660,4,0,30,0,30,1,0,4.9345456123,0
pde_nominal,1,12726,4,0,0,0,0,0,0,5.90855780416,0
pde_nominal,2,11290,14,1,13,0,13,1,0,5.00861921127,0
pde_nominal,2,11285,15,1,46,0,38,1,0,4.87531149156,0
pde_nominal,3,10565,10,1,33,0,14,1,0,4.27933211919,0
pde_nominal,8,10149,9,1,48,31,45,1,1,16.1604192773,0
pde_nominal,5,10387,15,1,15,0,12,1,0,4.81700965915,0
pde_nominal,8,10145,0,0,3,0,3,1,0,3.36514733681,0
pde_nominal,2,11280,8,1,36,0,36,1,0,5.7063658581,0
pde_nominal,5,10384,3,0,40,0,25,1,0,5.89758329798,0
pde_nominal,5,10383,0,0,4,0,4,1,0,4.53120779912,0
pde_nominal,4,10522,13,1,29,0,29,1,0,3.92835736746,0
pde_nominal,7,13802,1,0,140,0,140,1,0,6.82654580362,0
pde_nominal,3,10553,4,0,76,0,70,1,0,10.3903101876,0
pde_nominal,3,10552,4,0,34,0,34,1,0,3.87463667982,0
pde_nominal,2,11277,2,0,124,0,103,1,0,10.9733316191,0
pde_nominal,5,10374,6,0,15,0,15,1,0,5.02993507642,0
pde_nominal,7,13795,1,0,63,0,63,1,0,4.79599418146,0
pde_nominal,7,13794,10,1,16,0,16,1,0,3.29978882488,0
pde_nominal,0,9984,7,0,53,0,1,1,0,6.75332722273,0
pde_nominal,1,11635,11,1,60,0,0,1,0,5.72612549031,0
pde_nominal,5,10367,6,0,20,0,0,1,0,5.5960651158,0
pde_nominal,1,11633,0,0,34,0,34,1,0,5.10707891272,0
pde_nominal,2,11268,6,0,81,0,81,1,0,5.94970638097,0
pde_nominal,3,10537,4,0,35,0,22,1,0,4.11171919824,0
pde_nominal,7,13776,0,0,14,0,14,1,0,13.5677364193,0
pde_nominal,7,13775,13,1,5,0,5,1,0,3.91137119744,0
pde_nominal,1,11624,15,1,18,0,1,1,0,8.67619832672,0
pde_nominal,9,10901,11,1,85,0,41,1,0,6.02041818457,0
pde_nominal,6,9179,8,1,62,0,2,1,0,5.4494758207,0
pde_nominal,1,11622,6,0,28,0,28,1,0,5.03268986344,0
pde_nominal,3,10532,14,1,19,0,19,1,0,4.07386130464,0
pde_nominal,5,10352,6,0,14,0,14,1,0,5.04864418535,0
pde_nominal,7,13769,0,0,106,0,106,1,0,5.46149686527,0
pde_nominal,8,10116,0,0,116,0,114,1,0,6.46692323375,0
pde_nominal,3,10530,0,0,74,0,64,1,0,4.2035211968,0
pde_nominal,5,10351,7,0,34,0,24,1,0,5.92472076772,0
pde_nominal,0,9960,13,1,26,0,20,1,0,4.47703152784,0
pde_nominal,0,9958,14,1,33,0,29,1,0,4.64965679084,0
pde_nominal,6,9164,6,0,43,0,39,1,0,3.93784003963,0
pde_nominal,8,10105,1,0,29,0,18,1,0,3.62406495283,0
pde_nominal,5,10346,2,0,18,0,13,1,0,6.49768127402,0
pde_nominal,8,10100,6,0,15,0,15,1,0,4.07978439562,0
pde_nominal,9,10894,12,1,156,0,132,1,0,8.69497680507,0
pde_nominal,5,10343,2,0,41,0,39,1,0,8.79333769505,0
pde_nominal,6,9160,10,1,42,0,39,1,0,3.65170933784,0
pde_nominal,5,10339,2,0,16,0,16,1,0,3.182923664,0
pde_nominal,1,11600,3,0,90,0,90,1,0,6.44263321368,0
pde_nominal,1,11599,14,1,38,0,38,1,0,5.28070754926,0
pde_nominal,4,10470,0,0,46,0,46,1,0,6.2152792691,0
pde_nominal,6,9156,8,1,53,0,53,1,0,8.46450930357,0
pde_nominal,4,10467,15,1,7,0,0,1,0,4.43567151977,0
pde_nominal,3,10513,3,0,35,0,35,1,0,4.83149834658,0
pde_nominal,3,10510,14,1,6,0,6,1,0,4.2610238232,0
pde_nominal,6,9151,2,0,42,0,34,1,0,4.22955804088,0
pde_nominal,1,12728,13,1,135,0,113,1,0,12.997503181,0
pde_nominal,0,9945,8,1,78,40,97,1,1,11.6113854295,0
pde_nominal,3,10509,10,1,59,0,41,1,0,4.2258584065,0
pde_nominal,5,10328,11,1,6,0,6,1,0,3.84137193588,0
pde_nominal,4,10458,9,1,16,0,10,1,0,6.00808072517,0
pde_nominal,1,11592,2,0,72,0,60,1,0,9.62518499453,0
pde_nominal,8,10084,14,1,48,0,48,1,0,9.29019580131,0
pde_nominal,8,10083,3,0,22,0,22,1,0,6.35328784257,0
pde_nominal,9,10882,13,1,41,0,41,1,0,5.07434007535,0
pde_nominal,0,9938,9,1,23,0,23,1,0,4.71600927017,0
pde_nominal,3,10503,12,1,68,0,68,1,0,6.54215121394,0
pde_nominal,3,11686,12,1,0,0,0,0,0,11.9770057361,0
pde_nominal,7,13739,5,0,22,0,22,1,0,5.03567661185,0
pde_nominal,0,9927,8,1,63,0,41,1,0,3.54529230601,0
pde_nominal,3,10496,2,0,27,0,25,1,0,3.55744483442,0
pde_nominal,2,11235,0,0,68,0,62,1,0,7.23398029363,0
pde_nominal,1,11584,12,1,85,0,78,1,0,5.03568276062,0
pde_nominal,9,10871,6,0,9,0,7,1,0,4.92878589723,0
pde_nominal,1,11579,0,0,55,0,38,1,0,5.67575457794,0
pde_nominal,6,9139,13,1,22,0,21,1,0,4.61645020148,0
pde_nominal,4,10436,13,1,16,0,15,1,0,7.40298560264,0
pde_nominal,2,11227,13,1,38,0,33,1,0,4.67419009889,0
pde_nominal,0,11513,11,1,10,0,10,1,0,11.3346331532,0
pde_nominal,0,9906,8,1,68,0,68,1,0,4.18908237044,0
pde_nominal,5,10303,11,1,95,0,95,1,0,4.65935585454,0
pde_nominal,2,11214,2,0,20,0,0,1,0,2.90612902121,0
pde_nominal,8,10057,10,1,23,0,18,1,0,3.92039778787,0
pde_nominal,5,10294,13,1,42,0,37,1,0,4.62726354736,0
pde_nominal,6,9129,15,1,81,0,69,1,0,4.46258558691,0
pde_nominal,4,11540,13,1,20,0,20,1,0,5.9315856095,0
pde_nominal,4,10414,0,0,16,0,16,1,0,4.1252398287,0
pde_nominal,6,9127,10,1,68,0,66,1,0,5.01435090478,0
pde_nominal,8,10050,2,0,67,0,67,1,0,4.34145436532,0
pde_nominal,7,13710,8,1,14,0,14,1,0,3.89078206904,0
pde_nominal,3,10460,14,1,77,0,47,1,0,4.43513618222,0
pde_nominal,0,9897,2,0,40,0,7,1,0,5.59237044377,0
pde_nominal,5,10286,6,0,26,0,1,1,0,5.79203377803,0
pde_nominal,4,10409,6,0,89,0,6,1,0,4.37274552602,0
pde_nominal,9,10844,4,0,45,0,19,1,0,3.9006467008,0
pde_nominal,0,9895,8,1,36,0,20,1,0,3.91120602174,0
pde_nominal,9,10843,12,1,20,0,8,1,0,3.1047381915,0
pde_nominal,9,10840,11,1,1,0,0,1,0,3.04791085644,0
pde_nominal,5,10282,13,1,30,0,6,1,0,5.90708551509,0
pde_nominal,7,13701,7,0,56,0,56,1,0,5.88264935603,0
pde_nominal,8,10039,12,1,45,0,45,1,0,4.9550682216,0
pde_nominal,0,9890,4,0,146,0,146,1,0,6.74928970925,0
pde_nominal,7,13700,4,0,90,0,90,1,0,4.88859797033,0
pde_nominal,2,11197,15,1,58,0,56,1,0,7.03692924049,0
pde_nominal,3,10455,1,0,214,0,185,1,0,10.1556991305,0
pde_nominal,6,9116,7,0,71,0,51,1,0,7.03938777808,0
pde_nominal,0,9886,7,0,10,0,10,1,0,4.86437226458,0
pde_nominal,5,10275,3,0,61,0,46,1,0,5.53902437579,0
pde_nominal,3,10454,1,0,63,0,46,1,0,4.41305447516,0
pde_nominal,8,10032,9,1,25,0,25,1,0,4.08749363833,0
pde_nominal,7,13697,7,0,41,0,41,1,0,4.94786013726,0
pde_nominal,1,11539,9,1,14,0,11,1,0,4.88458757844,0
pde_nominal,7,13694,14,1,70,0,70,1,0,13.7061304192,0
pde_nominal,4,10397,6,0,4,0,4,1,0,6.27540952436,0
pde_nominal,4,10392,11,1,61,0,61,1,0,5.19240747854,0
pde_nominal,7,13690,2,0,72,0,72,1,0,3.77143159161,0
pde_nominal,6,9109,12,1,262,0,254,1,0,15.2063426944,0
pde_nominal,4,10391,3,0,31,0,21,1,0,6.73051504606,0
pde_nominal,3,10443,9,1,8,0,0,1,0,5.50649495596,0
pde_nominal,9,10827,10,1,55,0,25,1,0,5.81701806464,0
pde_nominal,3,10441,14,1,20,14,0,1,1,4.69637433219,0
pde_nominal,1,11524,1,0,62,0,54,1,0,7.91987894623,0
pde_nominal,2,11175,11,1,16,0,14,1,0,7.66720370207,0
pde_nominal,5,10253,3,0,25,0,19,1,0,6.77441748417,0
pde_nominal,1,11519,11,1,19,0,0,1,0,8.35589189514,0
pde_nominal,6,9101,1,0,51,0,33,1,0,5.304246409,0
pde_nominal,1,11517,11,1,23,14,37,1,1,4.83240595098,0
pde_nominal,7,13669,15,1,9,0,9,1,0,4.24808812924,0
pde_nominal,9,10816,1,0,112,0,99,1,0,9.94272683368,0
pde_nominal,9,10815,7,0,53,0,48,1,0,5.71484689996,0
pde_nominal,1,11508,8,1,21,0,21,1,0,3.53188528183,0
pde_nominal,4,10361,8,1,20,0,1,1,0,3.90362617424,0
pde_nominal,0,9836,1,0,20,0,8,1,0,6.69689840341,0
pde_nominal,4,10359,3,0,24,0,24,1,0,4.28409727077,0
pde_nominal,5,10224,5,0,164,0,87,1,0,8.61156895656,0
pde_nominal,1,11497,15,1,30,0,30,1,0,4.89976941092,0
pde_nominal,1,11494,12,1,35,0,13,1,0,3.90706613872,0
pde_nominal,8,9998,1,0,15,0,15,1,0,5.49521559012,0
pde_nominal,4,10348,10,1,13,0,3,1,0,3.76830854976,0
pde_nominal,6,9078,0,0,18,0,4,1,0,4.0044167608,0
pde_nominal,1,11492,1,0,32,0,12,1,0,3.30482607927,0
pde_nominal,8,9996,13,1,28,0,15,1,0,3.91224842593,0
pde_nominal,6,9076,10,1,3,0,3,1,0,4.21508108553,0
pde_nominal,7,13649,8,1,70,0,70,1,0,6.16723967216,0
pde_nominal,7,13648,5,0,22,0,22,1,0,4.01745775731,0
pde_nominal,9,10799,0,0,6,0,6,1,0,5.60501962587,0
pde_nominal,6,9075,6,0,60,0,60,1,0,4.78546855625,0
pde_nominal,4,10344,9,1,10,0,10,1,0,3.66397563449,0
pde_nominal,5,10214,3,0,65,0,65,1,0,3.50549440519,0
pde_nominal,8,9989,9,1,24,0,24,1,0,4.42854247973,0
pde_nominal,5,10212,0,0,77,0,75,1,0,3.45452206822,0
pde_nominal,6,9072,3,0,13,0,13,1,0,5.65432691228,0
pde_nominal,0,9824,12,1,28,0,28,1,0,3.69448641673,0
pde_nominal,8,9985,14,1,13,0,13,1,0,5.63833565831,0
pde_nominal,7,13639,5,0,36,0,36,1,0,7.72482260991,0
pde_nominal,2,11132,6,0,85,79,157,1,1,5.83830593484,0
pde_nominal,3,10403,4,0,22,0,16,1,0,3.16813141057,0
pde_nominal,5,10208,6,0,88,0,60,1,0,5.2870738672,0
pde_nominal,1,11480,7,0,2,0,2,1,0,3.6215919771,0
pde_nominal,4,10331,13,1,93,0,82,1,0,7.72537432099,0
pde_nominal,7,13633,8,1,44,0,44,1,0,4.81762709374,0
pde_nominal,9,10791,6,0,36,0,28,1,0,3.45558805253,0
pde_nominal,0,11514,11,1,4,0,3,1,0,8.66521006176,0
pde_nominal,7,13625,14,1,27,0,27,1,0,5.34974904624,0
pde_nominal,9,10788,3,0,68,0,53,1,0,6.41680067977,0
pde_nominal,6,9052,11,1,6,0,6,1,0,3.40181465909,0
pde_nominal,3,10395,10,1,58,0,57,1,0,4.27790607437,0
pde_nominal,0,9811,12,1,48,0,48,1,0,13.4072123108,0
pde_nominal,7,13623,8,1,71,0,71,1,0,6.42536290193,0
pde_nominal,3,10393,0,0,14,0,0,1,0,4.68701414692,0
pde_nominal,8,9970,7,0,23,0,23,1,0,4.22420103397,0
pde_nominal,2,11117,12,1,53,0,40,1,0,5.44815114652,0
pde_nominal,4,10322,3,0,64,0,64,1,0,6.79079404861,0
pde_nominal,8,9968,9,1,22,0,22,1,0,4.20513612772,0
pde_nominal,3,10386,7,0,13,0,13,1,0,3.82703281579,0
pde_nominal,4,10318,5,0,4,0,4,1,0,3.16920830476,0
pde_nominal,0,9800,14,1,9,0,9,1,0,5.22643835578,0
pde_nominal,1,11460,8,1,15,0,5,1,0,8.1605757871,0
pde_nominal,7,13612,4,0,10,0,10,1,0,7.82715358614,0
pde_nominal,9,10780,0,0,106,0,85,1,0,6.33549142984,0
pde_nominal,0,11515,2,0,128,0,100,1,0,14.555542646,0
pde_nominal,2,11111,8,1,85,0,80,1,0,7.59479976634,0
pde_nominal,3,10370,12,1,5,0,5,1,0,13.0417633226,0
pde_nominal,4,10311,12,1,12,0,12,1,0,6.55707876342,0
pde_nominal,7,13608,12,1,19,0,19,1,0,3.05566113231,0
pde_nominal,3,10365,15,1,4,0,1,1,0,11.2144747309,0
pde_nominal,4,10309,14,1,55,0,28,1,0,8.58286407172,0
pde_nominal,8,9950,6,0,38,0,38,1,0,7.67189130723,0
pde_nominal,7,13603,9,1,46,0,46,1,0,3.77549452702,0
pde_nominal,8,9945,12,1,17,0,17,1,0,4.13386246107,0
pde_nominal,4,10304,1,0,75,0,75,1,0,5.30227530237,0
pde_nominal,5,10167,0,0,78,0,78,1,0,3.26401547727,0
pde_nominal,1,11450,1,0,137,0,137,1,0,7.31801972127,0
pde_nominal,2,11096,14,1,25,0,25,1,0,8.76632483455,0
pde_nominal,6,9031,0,0,33,0,32,1,0,3.18269437178,0
pde_nominal,8,9933,6,0,20,0,16,1,0,3.84763135923,0
pde_nominal,6,9024,2,0,2,0,0,1,0,6.28460054074,0
pde_nominal,4,10298,12,1,106,0,71,1,0,7.12878654691,0
pde_nominal,0,9778,6,0,31,0,14,1,0,7.41034744967,0
pde_nominal,2,11082,1,0,13,0,13,1,0,5.16211686191,0
pde_nominal,2,11081,11,1,47,0,41,1,0,9.83347246186,0
pde_nominal,0,9775,7,0,98,0,92,1,0,4.50155824432,0
pde_nominal,3,10334,15,1,88,0,77,1,0,8.23775504687,0
pde_nominal,9,10749,3,0,43,0,41,1,0,6.43701257897,0
pde_nominal,5,13131,13,1,8,0,0,1,0,5.47356308571,0
pde_nominal,5,13130,6,0,107,0,94,1,0,8.7528990765,0
pde_nominal,6,9012,1,0,271,0,208,1,0,11.2557806439,0
pde_nominal,5,13127,14,1,5,0,5,1,0,5.89540786999,0
pde_nominal,4,10285,2,0,162,0,162,1,0,7.08643491385,0
pde_nominal,7,13577,5,0,92,0,92,1,0,14.9265942683,0
pde_nominal,9,10739,11,1,14,15,4,1,1,7.98611613959,0
pde_nominal,4,10281,3,0,50,0,35,1,0,3.50466195165,0
pde_nominal,0,9755,13,1,15,0,15,1,0,5.60917914196,0
pde_nominal,6,9008,10,1,26,0,24,1,0,5.7029959507,0
pde_nominal,9,10738,6,0,76,0,75,1,0,6.13365660082,0
pde_nominal,6,9005,11,1,127,0,127,1,0,6.99029033375,0
pde_nominal,6,9004,7,0,17,0,17,1,0,3.88481871749,0
pde_nominal,3,10313,10,1,61,30,91,1,1,7.06411245743,0
pde_nominal,7,13563,7,0,12,0,12,1,0,5.13175712827,0
pde_nominal,1,11406,12,1,23,0,23,1,0,3.06795908711,0
pde_nominal,3,10311,1,0,13,0,13,1,0,7.51622720148,0
pde_nominal,9,10732,6,0,100,0,96,1,0,5.25887440934,0
pde_nominal,0,9746,10,1,10,0,8,1,0,5.48631056102,0
pde_nominal,4,10268,1,0,49,0,47,1,0,4.14002434055,0
pde_nominal,8,9890,1,0,8,0,8,1,0,3.55054616329,0
pde_nominal,1,11401,10,1,29,0,24,1,0,9.38510289135,0
pde_nominal,3,10304,1,0,25,9,17,1,1,5.0338091962,0
pde_nominal,9,10728,10,1,12,0,0,1,0,5.68525894697,0
pde_nominal,7,13555,12,1,60,0,60,1,0,5.18355347593,0
pde_nominal,4,10258,0,0,58,0,56,1,0,3.26151595408,0
pde_nominal,8,9887,7,0,60,0,24,1,0,8.1099780309,0
pde_nominal,1,11393,8,1,17,0,2,1,0,10.3270461292,0
pde_nominal,0,9738,0,0,18,0,18,1,0,3.24867298721,0
pde_nominal,8,9884,5,0,68,0,54,1,0,4.72866041719,0
pde_nominal,0,9735,5,0,28,0,2,1,0,7.74275982211,0
pde_nominal,1,11387,1,0,24,0,2,1,0,5.49496157,0
pde_nominal,5,13097,12,1,81,0,60,1,0,4.82099984682,0
pde_nominal,0,9731,13,1,25,0,23,1,0,8.76780686674,0
pde_nominal,6,8973,6,0,38,0,9,1,0,5.62068403554,0
pde_nominal,1,11383,6,0,99,43,70,1,1,13.0661628686,0
pde_nominal,9,10708,6,0,19,0,3,1,0,4.18268348829,0
pde_nominal,4,10247,3,0,69,0,54,1,0,4.19230257772,0
pde_nominal,2,11045,0,0,24,0,16,1,0,3.3421520078,0
pde_nominal,4,10243,0,0,63,0,51,1,0,4.13030235448,0
pde_nominal,8,9877,9,1,127,0,105,1,0,7.35829238344,0
pde_nominal,3,10278,1,0,13,0,0,1,0,4.98799058931,0
pde_nominal,0,9721,10,1,46,0,34,1,0,4.23363051009,0
pde_nominal,5,13079,12,1,92,0,54,1,0,6.54199053597,0
pde_nominal,2,11035,11,1,11,0,11,1,0,4.85465585233,0
pde_nominal,3,10269,11,1,55,0,22,1,0,8.29116547774,0
pde_nominal,6,8951,12,1,14,0,12,1,0,6.19814008662,0
pde_nominal,5,13077,11,1,181,0,108,1,0,12.5458177117,0
pde_nominal,8,9866,14,1,38,0,30,1,0,6.07399166735,0
pde_nominal,3,10267,1,0,61,0,59,1,0,3.52693619814,0
pde_nominal,3,10266,15,1,68,0,68,1,0,8.70338552849,0
pde_nominal,2,11027,2,0,67,0,67,1,0,5.05140503527,0
pde_nominal,7,13512,13,1,121,0,121,1,0,11.555815823,0
pde_nominal,5,13071,0,0,15,0,15,1,0,3.91991896184,0
pde_nominal,1,11348,6,0,75,0,75,1,0,4.40254308766,0
pde_nominal,3,10259,3,0,1,0,0,1,0,5.67142582895,0
pde_nominal,6,8943,11,1,2,0,0,1,0,3.39197442713,0
pde_nominal,0,9703,10,1,57,0,57,1,0,5.55065859308,0
pde_nominal,5,13067,8,1,47,0,47,1,0,5.16702282474,0
pde_nominal,7,13501,2,0,22,0,22,1,0,5.48589975497,0
pde_nominal,5,13066,11,1,90,0,90,1,0,4.22018053362,0
pde_nominal,9,10675,15,1,34,0,34,1,0,6.53188492326,0
pde_nominal,1,11342,13,1,25,0,25,1,0,5.36118783235,0
pde_nominal,3,10249,15,1,38,0,38,1,0,8.05197102591,0
pde_nominal,7,13499,15,1,71,0,71,1,0,4.26287183825,0
pde_nominal,6,8933,5,0,19,0,16,1,0,4.96839958332,0
pde_nominal,4,10196,11,1,59,0,35,1,0,3.88917225925,0
pde_nominal,5,13062,0,0,48,0,25,1,0,5.42929310041,0
pde_nominal,2,11013,10,1,28,0,19,1,0,4.93182342934,0
pde_nominal,3,10247,8,1,46,0,30,1,0,6.31296709547,0
pde_nominal,6,8930,14,1,7,0,5,1,0,3.86909523758,0
pde_nominal,5,13057,13,1,5,0,4,1,0,4.84531943606,0
pde_nominal,6,8927,2,0,51,0,39,1,0,7.54651747601,0
pde_nominal,4,10192,5,0,73,0,48,1,0,4.40044616631,0
pde_nominal,4,10190,4,0,69,0,69,1,0,3.24008473052,0
pde_nominal,8,9831,11,1,2,0,1,1,0,3.31989519926,0
pde_nominal,0,9680,15,1,197,0,175,1,0,7.25458856608,0
pde_nominal,0,9678,8,1,48,0,38,1,0,3.45505935504,0
pde_nominal,4,13104,7,0,153,0,127,1,0,13.7789024702,0
pde_nominal,6,8924,7,0,43,0,37,1,0,10.8569134899,0
pde_nominal,9,10662,7,0,25,0,21,1,0,5.60587465576,0
pde_nominal,6,8920,12,1,19,0,17,1,0,5.05957848388,0
pde_nominal,5,13038,5,0,31,0,31,1,0,7.67736523263,0
pde_nominal,1,11324,1,0,29,0,26,1,0,7.63135468993,0
pde_nominal,9,10653,1,0,64,0,64,1,0,5.65008171208,0
pde_nominal,3,10230,2,0,25,0,25,1,0,4.32264790119,0
pde_nominal,5,13031,13,1,114,0,114,1,0,7.96563200651,0
pde_nominal,6,8906,5,0,22,0,22,1,0,3.32248691666,0
pde_nominal,0,9653,7,0,39,0,39,1,0,3.26109298375,0
pde_nominal,7,13482,2,0,272,0,272,1,0,12.8631036208,0
pde_nominal,9,10647,14,1,3,0,0,1,0,3.80032126263,0
pde_nominal,2,10985,6,0,175,0,162,1,0,9.71909887728,0
pde_nominal,6,8904,9,1,17,0,8,1,0,10.2371164801,0
pde_nominal,4,13089,11,1,34,0,34,1,0,6.63942834085,0
pde_nominal,5,13026,1,0,34,0,34,1,0,7.33035597093,0
pde_nominal,5,13019,15,1,26,0,0,1,0,3.50508582394,0
pde_nominal,5,13011,11,1,12,0,12,1,0,7.61797193537,0
pde_nominal,4,13081,7,0,16,0,13,1,0,5.11127799573,0
pde_nominal,4,13078,13,1,6,0,0,1,0,6.29925289873,0
pde_nominal,5,13010,2,0,55,0,26,1,0,5.45197123565,0
pde_nominal,6,8895,7,0,35,0,35,1,0,8.23282060547,0
pde_nominal,5,13006,3,0,68,0,68,1,0,8.01020698362,0
pde_nominal,4,13073,6,0,82,0,82,1,0,3.94608234753,0
pde_nominal,1,11309,2,0,19,0,19,1,0,5.70031246619,0
pde_nominal,2,10973,0,0,101,0,101,1,0,7.10059898567,0
pde_nominal,5,13002,4,0,41,0,41,1,0,3.3517843809,0
pde_nominal,5,13001,14,1,18,0,18,1,0,4.65407216208,0
pde_nominal,9,10631,13,1,46,0,46,1,0,5.88445566618,0
pde_nominal,1,11305,1,0,4,0,4,1,0,6.03974052974,0
pde_nominal,5,13000,4,0,48,0,48,1,0,6.15973534557,0
pde_nominal,7,13464,11,1,294,0,294,1,0,15.7191283198,0
pde_nominal,4,13069,11,1,46,0,46,1,0,4.87511187128,0
pde_nominal,1,11301,4,0,4,0,0,1,0,5.01401435135,0
pde_nominal,3,10207,10,1,49,0,37,1,0,5.49446426904,0
pde_nominal,5,12993,1,0,21,0,16,1,0,2.90917443471,0
pde_nominal,4,13063,2,0,21,0,16,1,0,3.51434062162,0
pde_nominal,7,13458,11,1,9,0,9,1,0,5.16295543771,0
pde_nominal,3,10203,3,0,8,0,4,1,0,3.32381500171,0
pde_nominal,4,13061,2,0,31,0,21,1,0,9.84369639887,0
pde_nominal,6,8874,13,1,32,0,32,1,0,4.46757824769,0
pde_nominal,5,12985,10,1,40,0,40,1,0,4.16694982105,0
pde_nominal,2,10956,8,1,114,0,114,1,0,6.70634479953,0
pde_nominal,5,12981,12,1,34,0,34,1,0,3.28875659857,0
pde_nominal,4,13054,2,0,42,0,35,1,0,3.99161487945,0
pde_nominal,5,12973,0,0,28,0,28,1,0,3.9110333883,0
pde_nominal,7,13450,11,1,63,0,63,1,0,4.34027930705,0
pde_nominal,6,8861,7,0,21,0,21,1,0,4.94399533801,0
pde_nominal,4,13048,8,1,155,0,136,1,0,11.1356348052,0
pde_nominal,0,9624,4,0,164,0,124,1,0,9.04518753752,0
pde_nominal,4,13040,15,1,0,0,0,1,0,3.44994852632,0
pde_nominal,7,13441,13,1,40,0,40,1,0,8.84662186429,0
pde_nominal,8,9761,12,1,103,0,80,1,0,6.96867903063,0
pde_nominal,6,8845,7,0,34,0,26,1,0,3.73034685027,0
pde_nominal,8,9759,3,0,30,0,27,1,0,5.43965075549,0
pde_nominal,8,9757,10,1,19,0,19,1,0,6.63100228505,0
pde_nominal,5,12957,1,0,59,0,56,1,0,6.23337060465,0
pde_nominal,7,13438,8,1,36,0,36,1,0,7.76902314355,0
pde_nominal,3,10164,9,1,20,0,20,1,0,7.72978403286,0
pde_nominal,4,13025,8,1,51,0,51,1,0,6.99655186365,0
pde_nominal,5,12951,13,1,38,0,38,1,0,4.03091652153,0
pde_nominal,7,13436,8,1,195,0,195,1,0,15.1698303908,0
pde_nominal,1,11268,12,1,108,0,101,1,0,6.17146280698,0
pde_nominal,7,13434,0,0,84,0,84,1,0,5.53198333671,0
pde_nominal,6,8833,5,0,90,0,90,1,0,9.16527309007,0
pde_nominal,2,10925,1,0,6,0,5,1,0,6.15307228613,0
pde_nominal,0,13028,5,0,60,0,60,1,0,5.53494440048,0
pde_nominal,7,13429,8,1,75,0,75,1,0,5.79868528657,0
pde_nominal,7,13864,11,1,7,0,7,1,0,16.5157551668,0
pde_nominal,9,10592,3,0,212,0,212,1,0,13.5428391956,0
pde_nominal,4,13013,1,0,45,0,45,1,0,6.27375356167,0
pde_nominal,9,10591,13,1,51,0,51,1,0,6.11684384883,0
pde_nominal,2,10915,12,1,80,0,77,1,0,5.70494737633,0
pde_nominal,3,10140,15,1,54,0,46,1,0,8.32554190983,0
pde_nominal,0,13026,14,1,132,0,119,1,0,8.25728735036,0
pde_nominal,2,10912,13,1,8,0,8,1,0,5.00933570657,0
pde_nominal,1,11253,13,1,10,0,6,1,0,4.02578902133,0
pde_nominal,9,10587,2,0,48,0,11,1,0,4.48346227608,0
pde_nominal,4,13006,10,1,73,0,47,1,0,6.36290746113,0
pde_nominal,1,11247,0,0,52,0,47,1,0,3.77487242805,0
pde_nominal,2,10911,12,1,105,0,55,1,0,11.2455788593,0
pde_nominal,3,10130,12,1,10,0,10,1,0,4.88564171547,0
pde_nominal,4,13005,3,0,59,0,50,1,0,5.71103091496,0
pde_nominal,8,9728,7,0,69,17,81,1,1,7.31502442375,0
pde_nominal,6,8813,12,1,40,0,25,1,0,4.75615536897,0
pde_nominal,1,11244,9,1,69,0,53,1,0,5.08179166676,0
pde_nominal,4,13003,0,0,53,0,30,1,0,7.98558007172,0
pde_nominal,3,10127,3,0,80,0,52,1,0,9.34405928339,0
pde_nominal,3,11691,3,0,0,0,0,0,0,11.111763724,0
pde_nominal,9,10578,11,1,13,0,1,1,0,5.02458065342,0
pde_nominal,2,10905,8,1,39,0,3,1,0,3.66907787723,0
pde_nominal,8,9718,8,1,58,0,58,1,0,6.16212151315,0
pde_nominal,1,12731,4,0,35,0,35,1,0,10.5826756184,0
pde_nominal,2,10897,3,0,47,0,47,1,0,6.09324259917,0
pde_nominal,7,13409,4,0,41,0,41,1,0,6.50316170535,0
pde_nominal,6,8805,3,0,100,0,100,1,0,8.00040339572,0
pde_nominal,9,10570,7,0,123,0,123,1,0,7.45147715297,0
pde_nominal,7,13865,15,1,40,0,40,1,0,8.85081334971,0
pde_nominal,5,12912,5,0,153,0,143,1,0,8.59066170701,0
pde_nominal,1,11228,12,1,19,0,10,1,0,5.50810255889,0
pde_nominal,2,10893,0,0,31,0,17,1,0,6.91100665297,0
pde_nominal,8,9712,13,1,119,0,96,1,0,8.50845098709,0
pde_nominal,0,13007,12,1,6,0,4,1,0,4.7833039263,0
pde_nominal,6,8798,14,1,37,0,36,1,0,6.84975870474,0
pde_nominal,6,12064,14,1,0,0,0,0,0,11.4538714906,0
pde_nominal,7,13866,4,0,19,0,19,1,0,11.2432953431,0
pde_nominal,7,13401,5,0,46,0,46,1,0,9.27835655546,0
pde_nominal,7,13400,15,1,37,0,37,1,0,4.20410045397,0
pde_nominal,8,9706,2,0,14,0,14,1,0,4.9378608079,0
pde_nominal,8,9705,5,0,8,0,8,1,0,3.5576609983,0
pde_nominal,7,13399,11,1,48,0,48,1,0,5.54712549128,0
pde_nominal,2,10884,5,0,22,0,22,1,0,5.87802854481,0
pde_nominal,4,12979,3,0,53,0,53,1,0,4.50386911024,0
pde_nominal,5,12900,0,0,91,0,86,1,0,6.08110454019,0
pde_nominal,8,9702,12,1,58,16,55,1,1,7.47121336659,0
pde_nominal,0,12994,8,1,12,0,9,1,0,5.21943806148,0
pde_nominal,6,12065,14,1,68,0,68,1,0,12.1125837972,0
pde_nominal,4,12970,10,1,43,0,11,1,0,5.4359479577,0
pde_nominal,0,12986,8,1,58,0,49,1,0,4.52129765285,0
pde_nominal,0,12983,9,1,23,0,23,1,0,4.25469860817,0
pde_nominal,1,11205,13,1,54,0,40,1,0,5.27942712706,0
pde_nominal,5,12882,6,0,58,0,47,1,0,4.64010867088,0
pde_nominal,4,12966,15,1,44,0,37,1,0,6.09529370825,0
pde_nominal,6,8779,13,1,38,0,32,1,0,7.01874101247,0
pde_nominal,8,9689,8,1,47,0,35,1,0,3.77577185326,0
pde_nominal,9,10541,3,0,26,0,0,1,0,3.65976947934,0
pde_nominal,1,11202,14,1,53,0,9,1,0,6.24357821909,0
pde_nominal,8,9685,7,0,16,0,3,1,0,4.64477664517,0
pde_nominal,5,12878,7,0,14,0,2,1,0,8.15848049199,0
pde_nominal,5,12877,11,1,27,0,0,1,0,3.59190752677,0
pde_nominal,6,8775,6,0,13,0,5,1,0,5.27675558104,0
pde_nominal,7,13380,12,1,32,0,32,1,0,2.95915727345,0
pde_nominal,8,9681,6,0,19,0,18,1,0,5.43907911437,0
pde_nominal,0,12973,2,0,12,0,11,1,0,4.45659707233,0
pde_nominal,2,10857,10,1,47,0,26,1,0,5.97873317755,0
pde_nominal,6,8770,8,1,21,0,21,1,0,2.85304505468,0
pde_nominal,5,12873,9,1,66,0,64,1,0,4.75336433354,0
pde_nominal,5,12871,11,1,38,0,21,1,0,7.7408027482,0
pde_nominal,3,10080,3,0,106,0,106,1,0,5.05201470917,0
pde_nominal,4,12953,14,1,72,0,72,1,0,6.5247546229,0
pde_nominal,9,10526,10,1,10,0,10,1,0,3.89996695388,0
pde_nominal,8,9664,4,0,21,0,21,1,0,4.68724446634,0
pde_nominal,7,13369,10,1,27,0,27,1,0,7.1548353226,0
pde_nominal,0,12966,2,0,67,0,61,1,0,6.34526115447,0
pde_nominal,5,12863,0,0,62,0,51,1,0,5.01944024078,0
pde_nominal,8,9663,10,1,33,0,33,1,0,3.73437044551,0
pde_nominal,4,12946,9,1,12,0,12,1,0,4.50739632668,0
pde_nominal,3,10075,10,1,21,0,21,1,0,3.34495290943,0
pde_nominal,0,12965,8,1,68,0,68,1,0,6.34003238457,0
pde_nominal,8,9662,13,1,61,0,61,1,0,4.41493850362,0
pde_nominal,3,10074,2,0,74,0,60,1,0,6.63494934482,0
pde_nominal,2,10841,10,1,54,0,24,1,0,3.75094702218,0
pde_nominal,3,10073,1,0,27,0,0,1,0,5.80635518465,0
pde_nominal,2,10840,8,1,25,0,1,1,0,4.25823783884,0
pde_nominal,7,13360,12,1,26,0,26,1,0,5.95443949761,0
pde_nominal,3,10061,9,1,17,0,13,1,0,3.79499091156,0
pde_nominal,7,13348,6,0,31,0,31,1,0,5.57124753688,0
pde_nominal,8,9643,1,0,30,0,30,1,0,8.28950684945,0
pde_nominal,6,8748,3,0,111,0,111,1,0,5.93871956192,0
pde_nominal,6,8747,15,1,21,0,21,1,0,6.83795869367,0
pde_nominal,7,13346,12,1,62,0,62,1,0,5.42766183917,0
pde_nominal,9,10506,8,1,114,0,106,1,0,7.33759647547,0
pde_nominal,1,11161,10,1,14,0,12,1,0,4.06308110635,0
pde_nominal,0,12940,5,0,15,0,9,1,0,10.9904136275,0
pde_nominal,0,12939,0,0,16,0,0,1,0,4.18003998133,0
pde_nominal,0,12936,3,0,0,0,0,1,0,4.04579776592,0
pde_nominal,4,12913,15,1,41,0,34,1,0,7.14824296123,0
pde_nominal,3,10049,6,0,9,0,9,1,0,3.70627675248,0
pde_nominal,7,13340,5,0,78,0,78,1,0,4.54215013214,0
pde_nominal,8,9635,3,0,105,0,103,1,0,10.4583796103,0
pde_nominal,9,10498,4,0,148,0,148,1,0,8.2077918386,0
pde_nominal,2,11947,5,0,33,0,33,1,0,14.4652982325,0
pde_nominal,8,9631,6,0,21,0,21,1,0,4.5634684703,0
pde_nominal,1,11154,4,0,70,0,70,1,0,5.58215814538,0
pde_nominal,6,8728,3,0,22,0,11,1,0,3.67185478744,0
pde_nominal,5,12828,5,0,46,12,43,1,1,5.76126138693,0
pde_nominal,5,12827,2,0,10,0,0,1,0,6.09028214371,0
pde_nominal,4,12901,11,1,10,0,0,1,0,3.48625816051,0
pde_nominal,4,12900,10,1,18,0,1,1,0,6.84793530469,0
pde_nominal,3,13773,9,1,43,0,0,1,0,5.85979697719,0
pde_nominal,2,10798,0,0,17,0,14,1,0,3.69920366341,0
pde_nominal,5,12826,7,0,90,0,70,1,0,5.76162787765,0
pde_nominal,3,13770,6,0,29,0,18,1,0,4.31226473178,0
pde_nominal,1,11145,13,1,13,0,13,1,0,4.66255711169,0
pde_nominal,4,12896,4,0,30,0,20,1,0,4.4026398624,0
pde_nominal,4,12895,3,0,11,0,11,1,0,10.6009063625,0
pde_nominal,7,13327,15,1,93,0,93,1,0,4.84098966152,0
pde_nominal,4,12892,13,1,22,0,22,1,0,3.86267743462,0
pde_nominal,9,10479,9,1,11,0,11,1,0,4.14080692662,0
pde_nominal,2,10792,13,1,130,0,130,1,0,5.74672319006,0
pde_nominal,5,12817,7,0,21,0,21,1,0,5.53892463685,0
pde_nominal,4,12890,2,0,49,0,49,1,0,4.01491226321,0
pde_nominal,2,10790,1,0,15,0,15,1,0,4.62913154816,0
pde_nominal,7,13324,7,0,45,0,45,1,0,3.9730186732,0
pde_nominal,8,9615,12,1,77,0,77,1,0,5.97013471762,0
pde_nominal,3,13760,2,0,104,0,104,1,0,5.23381707337,0
pde_nominal,9,10473,10,1,55,0,55,1,0,3.81260334148,0
pde_nominal,7,13321,8,1,34,0,34,1,0,6.91833970132,0
pde_nominal,2,10783,0,0,67,0,59,1,0,8.38063497646,0
pde_nominal,2,11948,0,0,0,0,0,0,0,9.74646261022,0
pde_nominal,2,10781,9,1,23,0,23,1,0,5.09509287771,0
pde_nominal,0,12897,12,1,44,0,35,1,0,4.67615417141,0
pde_nominal,3,13757,2,0,107,0,88,1,0,9.31967667496,0
pde_nominal,6,8704,3,0,7,0,7,1,0,4.18210355511,0
pde_nominal,5,12801,10,1,23,0,23,1,0,4.42785618296,0
pde_nominal,4,12875,5,0,60,0,60,1,0,4.36110234828,0
pde_nominal,9,10466,13,1,28,0,28,1,0,5.37229836096,0
pde_nominal,8,9601,5,0,24,0,24,1,0,5.62049310251,0
pde_nominal,8,9599,9,1,14,0,14,1,0,3.05128173015,0
pde_nominal,8,12032,9,1,0,0,0,0,0,4.86607793229,0
pde_nominal,0,12894,7,0,220,0,220,1,0,11.4867827279,0
pde_nominal,6,8699,14,1,34,0,34,1,0,14.3921873697,0
pde_nominal,7,13309,1,0,21,0,21,1,0,5.08754097706,0
pde_nominal,8,9595,13,1,36,0,36,1,0,3.91801798215,0
pde_nominal,2,10770,3,0,12,0,12,1,0,4.44700699522,0
pde_nominal,1,11120,4,0,31,0,31,1,0,3.8496555855,0
pde_nominal,3,13752,11,1,73,0,71,1,0,5.41227836911,0
pde_nominal,3,13751,7,0,16,0,0,1,0,5.01154786826,0
pde_nominal,9,11863,15,1,63,0,41,1,0,6.63866591475,0
pde_nominal,3,13748,12,1,34,0,0,1,0,3.66933535385,0
pde_nominal,2,10769,6,0,89,0,27,1,0,9.08112268485,0
pde_nominal,2,10768,0,0,40,0,18,1,0,5.00525113325,0
pde_nominal,9,10455,11,1,21,0,18,1,0,4.16332243744,0
pde_nominal,1,11112,1,0,45,0,25,1,0,3.93623512644,0
pde_nominal,8,9592,4,0,60,0,49,1,0,5.91636431759,0
pde_nominal,7,13303,11,1,48,0,48,1,0,5.75898593709,0
pde_nominal,6,8696,3,0,53,0,44,1,0,12.1835331817,0
pde_nominal,0,12880,4,0,50,0,50,1,0,6.1131667875,0
pde_nominal,2,10759,12,1,28,0,28,1,0,3.47168861918,0
pde_nominal,6,8688,0,0,100,0,100,1,0,10.3892166335,0
pde_nominal,9,10444,7,0,29,0,29,1,0,3.42964188257,0
pde_nominal,2,10758,2,0,42,0,42,1,0,12.3520099514,0
pde_nominal,0,12879,9,1,76,0,76,1,0,4.82000180632,0
pde_nominal,4,12865,11,1,365,0,281,1,0,20.8273867801,0
pde_nominal,4,12861,12,1,40,0,0,1,0,5.68298021756,0
pde_nominal,7,13295,1,0,12,0,12,1,0,4.92258826051,0
pde_nominal,7,13289,12,1,89,0,89,1,0,8.03808173031,0
pde_nominal,9,10433,15,1,28,0,27,1,0,3.75686682454,0
pde_nominal,0,12870,7,0,112,0,91,1,0,5.1593205121,0
pde_nominal,3,13713,0,0,51,0,44,1,0,9.27697299108,0
pde_nominal,2,10742,8,1,2,0,0,1,0,6.39408498463,0
pde_nominal,2,10740,5,0,42,0,20,1,0,3.96139419215,0
pde_nominal,4,12847,2,0,79,0,58,1,0,5.27653509969,0
pde_nominal,6,8664,9,1,10,0,10,1,0,3.36986514084,0
pde_nominal,7,13280,11,1,24,0,24,1,0,5.84657079762,0
pde_nominal,8,9561,13,1,23,0,23,1,0,6.39686029244,0
pde_nominal,5,12752,12,1,17,0,17,1,0,3.2120545972,0
pde_nominal,7,13277,8,1,12,0,12,1,0,7.37198737013,0
pde_nominal,9,10423,1,0,31,0,31,1,0,4.50043571243,0
pde_nominal,4,12839,15,1,58,0,57,1,0,8.2978163559,0
pde_nominal,5,12749,0,0,34,0,27,1,0,4.15734390131,0
pde_nominal,3,13703,0,0,63,0,52,1,0,4.90598291683,0
pde_nominal,4,12837,6,0,62,0,47,1,0,8.17571092145,0
pde_nominal,9,10418,0,0,25,0,0,1,0,4.3797543072,0
pde_nominal,2,10727,1,0,35,0,27,1,0,5.18468461612,0
pde_nominal,0,12854,14,1,27,19,44,1,1,4.96166887792,0
pde_nominal,7,13271,1,0,46,0,46,1,0,9.49029414227,0
pde_nominal,4,12832,1,0,5,0,5,1,0,4.71569004227,0
pde_nominal,5,12741,13,1,73,0,62,1,0,6.0617071886,0
pde_nominal,5,12737,13,1,16,0,5,1,0,4.26875338768,0
pde_nominal,4,12829,6,0,89,0,63,1,0,6.61241088117,0
pde_nominal,8,9544,5,0,49,0,13,1,0,9.97823537346,0
pde_nominal,0,12848,3,0,30,0,30,1,0,3.65045940245,0
pde_nominal,6,8637,13,1,21,0,21,1,0,7.42436924224,0
pde_nominal,7,13267,9,1,124,0,124,1,0,9.61957602286,0
pde_nominal,3,13682,10,1,48,18,55,1,1,6.53087382062,0
pde_nominal,0,12843,14,1,56,0,49,1,0,5.94712280159,0
pde_nominal,5,12731,0,0,91,0,91,1,0,6.08510690329,0
pde_nominal,7,13262,3,0,76,0,76,1,0,5.10911232918,0
pde_nominal,0,12837,1,0,89,0,89,1,0,6.58110928007,0
pde_nominal,0,13033,1,0,0,0,0,0,0,7.03032796022,0
pde_nominal,2,10715,0,0,32,0,30,1,0,5.18531392962,0
pde_nominal,3,13676,12,1,34,0,21,1,0,6.91441856656,0
pde_nominal,6,8624,12,1,7,0,4,1,0,4.2195689648,0
pde_nominal,2,10705,7,0,57,0,39,1,0,4.42290460802,0
pde_nominal,0,12834,11,1,78,0,38,1,0,8.0746448099,0
pde_nominal,9,10394,2,0,57,0,37,1,0,5.31494164005,0
pde_nominal,8,9528,7,0,1,0,1,1,0,3.21449190891,0
pde_nominal,4,12817,9,1,5,0,0,1,0,3.50064299507,0
pde_nominal,7,13249,2,0,9,25,2,1,1,7.17413962501,0
pde_nominal,4,12815,6,0,34,0,31,1,0,4.83974115981,0
pde_nominal,3,13664,9,1,44,0,44,1,0,4.64805620337,0
pde_nominal,2,10698,2,0,64,0,47,1,0,4.09189806831,0
pde_nominal,9,10388,9,1,124,0,91,1,0,11.448715176,0
pde_nominal,7,13242,2,0,34,0,34,1,0,5.05451667107,0
pde_nominal,5,12720,15,1,18,0,18,1,0,4.86205415046,0
pde_nominal,2,10694,11,1,5,0,5,1,0,3.35632206658,0
pde_nominal,7,13241,0,0,34,0,34,1,0,4.03068569173,0
pde_nominal,5,12719,11,1,18,0,18,1,0,3.79412139052,0
pde_nominal,0,12819,14,1,83,0,83,1,0,5.52923286588,0
pde_nominal,8,9518,13,1,108,0,108,1,0,10.4104022612,0
pde_nominal,3,13654,15,1,44,0,44,1,0,5.59709225116,0
pde_nominal,6,8604,3,0,44,0,44,1,0,3.79202986332,0
pde_nominal,0,12817,13,1,57,0,57,1,0,5.08694576148,0
pde_nominal,4,12798,3,0,40,0,40,1,0,4.8473355524,0
pde_nominal,8,9516,13,1,108,0,108,1,0,6.21059619748,0
pde_nominal,6,8603,2,0,78,0,78,1,0,5.19845573572,0
pde_nominal,1,11045,14,1,81,0,81,1,0,6.22715659238,0
pde_nominal,3,13649,11,1,46,0,46,1,0,4.27055905547,0
pde_nominal,7,13230,6,0,15,0,15,1,0,6.55873798487,0
pde_nominal,5,12704,13,1,5,0,0,1,0,4.46969582169,0
pde_nominal,5,12702,2,0,6,0,0,1,0,4.61278414475,0
pde_nominal,9,10379,12,1,24,0,2,1,0,3.44669454257,0
pde_nominal,0,12803,13,1,13,0,13,1,0,4.41934399517,0
pde_nominal,2,10682,5,0,149,0,71,1,0,9.60159903932,0
pde_nominal,5,12698,13,1,20,0,19,1,0,4.72368554937,0
pde_nominal,6,8595,0,0,98,0,83,1,0,4.99544075274,0
pde_nominal,3,13642,2,0,128,0,98,1,0,7.65871482645,0
pde_nominal,5,12697,2,0,51,0,7,1,0,4.20563998607,0
pde_nominal,7,13214,12,1,7,0,7,1,0,7.61121239071,0
pde_nominal,1,11028,9,1,14,0,0,1,0,7.62936578385,0
pde_nominal,8,9497,11,1,2,0,2,1,0,6.75775922015,0
pde_nominal,5,12682,0,0,57,0,38,1,0,6.20206155745,0
pde_nominal,2,10661,9,1,43,0,31,1,0,3.73184942187,0
pde_nominal,8,9491,12,1,41,0,27,1,0,5.1980285565,0
pde_nominal,6,8578,3,0,66,0,58,1,0,5.56213020428,0
pde_nominal,5,12673,10,1,11,0,11,1,0,4.13573977525,0
pde_nominal,1,11018,10,1,54,0,54,1,0,5.36219441934,0
pde_nominal,3,13622,9,1,64,0,64,1,0,6.81719241243,0
pde_nominal,5,12670,15,1,18,0,18,1,0,8.35142032866,0
pde_nominal,4,12768,13,1,75,0,75,1,0,9.65900591172,0
pde_nominal,9,10357,6,0,77,0,77,1,0,11.0643763521,0
pde_nominal,2,10650,9,1,41,0,41,1,0,4.68777640252,0
pde_nominal,9,10353,1,0,19,0,19,1,0,4.54111595969,0
pde_nominal,8,9479,13,1,19,0,16,1,0,4.20213296064,0
pde_nominal,2,10646,4,0,22,0,17,1,0,4.51121689999,0
pde_nominal,5,12657,10,1,3,0,3,1,0,6.47726032366,0
pde_nominal,0,12755,10,1,20,0,20,1,0,4.01177946152,0
pde_nominal,3,13607,15,1,13,0,10,1,0,3.74755444341,0
pde_nominal,4,12755,9,1,21,0,9,1,0,2.90215931204,0
pde_nominal,4,12754,10,1,18,0,15,1,0,3.92274722471,0
pde_nominal,3,13604,2,0,10,0,10,1,0,3.21171605983,0
pde_nominal,5,12653,14,1,91,0,70,1,0,6.34551938035,0
pde_nominal,8,9467,9,1,21,0,21,1,0,5.49522676355,0
pde_nominal,5,12650,7,0,53,0,53,1,0,6.13970436535,0
pde_nominal,2,10632,4,0,25,0,23,1,0,3.59822236182,0
pde_nominal,9,10336,13,1,27,0,25,1,0,4.0284235651,0
pde_nominal,8,9465,11,1,80,0,80,1,0,11.0169153254,0
pde_nominal,6,8561,3,0,71,0,71,1,0,5.1648974338,0
pde_nominal,2,10628,2,0,13,0,13,1,0,4.89961315381,0
pde_nominal,7,13175,0,0,53,0,53,1,0,4.4753046083,0
pde_nominal,1,10985,3,0,93,0,93,1,0,4.65820741677,0
pde_nominal,0,12741,6,0,71,0,69,1,0,8.54672337958,0
pde_nominal,0,13036,6,0,0,0,0,0,0,11.1642673086,0
pde_nominal,4,12737,8,1,5,0,5,1,0,3.59791770629,0
pde_nominal,6,8555,7,0,37,0,37,1,0,3.79562976894,0
pde_nominal,2,10620,15,1,34,0,25,1,0,3.61750072113,0
pde_nominal,5,12630,0,0,13,0,5,1,0,4.32461932909,0
pde_nominal,4,12731,9,1,4,0,3,1,0,4.24541269818,0
pde_nominal,1,10976,8,1,62,0,44,1,0,4.70820204661,0
pde_nominal,2,10613,1,0,16,0,6,1,0,3.34504273501,0
pde_nominal,0,12728,11,1,12,0,2,1,0,6.04215082084,0
pde_nominal,3,13579,15,1,39,0,38,1,0,8.64118475912,0
pde_nominal,2,10609,7,0,29,0,29,1,0,3.49577960704,0
pde_nominal,1,10965,0,0,10,0,10,1,0,5.21361891046,0
pde_nominal,6,8545,0,0,12,0,12,1,0,6.18941018466,0
pde_nominal,4,12720,12,1,89,0,81,1,0,7.59087410903,0
pde_nominal,1,10964,6,0,49,0,41,1,0,14.7537283446,0
pde_nominal,9,10318,2,0,124,0,99,1,0,9.17961983981,0
pde_nominal,7,13153,1,0,53,0,53,1,0,6.68496515761,0
pde_nominal,9,10317,6,0,36,0,36,1,0,4.22091687246,0
pde_nominal,8,9443,15,1,23,0,19,1,0,3.70510584352,0
pde_nominal,0,12721,3,0,91,0,81,1,0,6.66833132892,0
pde_nominal,4,12716,14,1,55,0,55,1,0,6.51832285284,0
pde_nominal,2,10595,15,1,41,0,41,1,0,5.04350884186,0
pde_nominal,0,12715,14,1,12,0,0,1,0,4.26785435441,0
pde_nominal,7,13147,3,0,47,0,47,1,0,4.97904259316,0
pde_nominal,5,12613,9,1,64,0,60,1,0,4.14738739649,0
pde_nominal,7,13140,15,1,27,0,27,1,0,3.23972951645,0
pde_nominal,0,12711,1,0,29,0,21,1,0,4.98912742692,0
pde_nominal,5,12610,7,0,79,0,72,1,0,5.76285766283,0
pde_nominal,4,12707,9,1,23,0,1,1,0,5.60161757157,0
pde_nominal,4,12705,4,0,26,0,26,1,0,5.97187315883,0
pde_nominal,7,13130,14,1,6,0,6,1,0,6.02588281739,0
pde_nominal,1,10950,5,0,13,0,11,1,0,4.6102410987,0
pde_nominal,9,10302,5,0,110,0,71,1,0,8.15761982086,0
pde_nominal,4,12702,2,0,23,5,6,1,1,6.4099299543,0
pde_nominal,5,12605,11,1,48,0,5,1,0,3.85400720934,0
pde_nominal,4,12699,2,0,3,0,0,1,0,4.48806997145,0
pde_nominal,7,13128,13,1,20,0,20,1,0,6.25043659066,0
pde_nominal,1,10946,15,1,38,0,38,1,0,3.44383823921,0
pde_nominal,4,12693,1,0,6,0,6,1,0,5.9172520911,0
pde_nominal,7,13123,8,1,9,0,9,1,0,6.5462536916,0
pde_nominal,8,9421,15,1,24,0,15,1,0,6.10179015173,0
pde_nominal,9,10291,4,0,44,0,44,1,0,4.77035146932,0
pde_nominal,0,12699,7,0,96,0,96,1,0,7.12210735089,0
pde_nominal,0,13037,7,0,0,0,0,0,0,14.9988473321,0
pde_nominal,9,10287,3,0,38,0,14,1,0,4.73505881193,0
pde_nominal,4,12687,5,0,16,0,16,1,0,5.26965765505,0
pde_nominal,7,13121,13,1,67,0,67,1,0,6.40226146355,0
pde_nominal,0,12696,6,0,54,0,54,1,0,3.99520602317,0
pde_nominal,8,9414,5,0,21,0,0,1,0,4.50449445041,0
pde_nominal,2,10566,11,1,92,0,36,1,0,5.56719338802,0
pde_nominal,0,12691,9,1,32,0,32,1,0,5.8218338044,0
pde_nominal,1,10934,3,0,23,0,23,1,0,6.21079395734,0
pde_nominal,4,12682,6,0,124,0,121,1,0,5.68864552462,0
pde_nominal,6,8502,10,1,26,0,16,1,0,3.48005555801,0
pde_nominal,6,8501,7,0,66,0,66,1,0,4.98631236608,0
pde_nominal,8,9408,4,0,250,0,244,1,0,13.7628169789,0
pde_nominal,1,10928,13,1,107,0,107,1,0,7.09004755764,0
pde_nominal,6,8495,9,1,80,0,80,1,0,5.2093485153,0
pde_nominal,0,12685,10,1,101,0,101,1,0,7.89691122662,0
pde_nominal,7,13116,7,0,81,0,81,1,0,7.49511946153,0
pde_nominal,4,12674,2,0,16,0,16,1,0,6.05040599924,0
pde_nominal,3,13537,13,1,47,0,47,1,0,6.57974508261,0
pde_nominal,1,10923,12,1,86,0,82,1,0,5.9534539631,0
pde_nominal,0,12671,11,1,28,0,27,1,0,3.12198884267,0
pde_nominal,2,10547,0,0,49,0,19,1,0,3.2436829392,0
pde_nominal,7,13111,0,0,77,0,77,1,0,4.42672149863,0
pde_nominal,3,13533,10,1,10,0,10,1,0,4.5156420797,0
pde_nominal,4,12664,7,0,9,0,9,1,0,4.92625108413,0
pde_nominal,7,13110,0,0,79,0,79,1,0,5.20148567359,0
pde_nominal,8,9394,6,0,42,0,42,1,0,6.49548774482,0
pde_nominal,2,10539,6,0,118,0,118,1,0,4.49195497573,0
pde_nominal,9,10260,3,0,291,0,281,1,0,11.7491351783,0
pde_nominal,8,9393,11,1,51,0,39,1,0,7.86818755401,0
pde_nominal,3,13528,3,0,8,0,8,1,0,8.34239898656,0
pde_nominal,4,12661,5,0,74,25,75,1,1,6.69490236153,0
pde_nominal,0,12667,11,1,23,0,23,1,0,3.36379232364,0
pde_nominal,4,12656,1,0,37,0,24,1,0,4.05105270314,0
pde_nominal,2,10531,14,1,51,0,39,1,0,3.25991344027,0
pde_nominal,7,13098,10,1,28,0,28,1,0,9.63287359321,0
pde_nominal,8,9385,10,1,5,0,0,1,0,4.13443256193,0
pde_nominal,4,12650,12,1,60,0,60,1,0,3.88980651485,0
pde_nominal,7,13093,13,1,76,0,76,1,0,9.84486023862,0
pde_nominal,1,10902,3,0,21,0,21,1,0,5.46834244971,0
pde_nominal,7,13091,15,1,33,0,33,1,0,3.44899296402,0
pde_nominal,1,10900,2,0,62,0,53,1,0,15.5625417221,0
pde_nominal,6,8459,10,1,26,0,18,1,0,5.64979069097,0
pde_nominal,6,12070,10,1,0,0,0,0,0,6.55761215041,0
pde_nominal,5,12541,0,0,4,0,0,1,0,5.96554773599,0
pde_nominal,2,10519,1,0,72,0,59,1,0,4.61093985563,0
pde_nominal,8,9371,1,0,15,0,15,1,0,8.86466521402,0
pde_nominal,0,12644,14,1,116,0,93,1,0,10.250780217,0
pde_nominal,4,12637,13,1,21,0,19,1,0,4.30985237021,0
pde_nominal,5,12538,6,0,116,0,107,1,0,7.53859419821,0
pde_nominal,3,13500,2,0,43,0,43,1,0,5.61451719984,0
pde_nominal,0,12639,12,1,17,0,17,1,0,6.76029005068,0
pde_nominal,5,12535,9,1,133,0,133,1,0,7.08462514203,0
pde_nominal,4,12634,13,1,278,0,278,1,0,12.8550129528,0
pde_nominal,0,12633,5,0,16,0,16,1,0,9.1820392131,0
pde_nominal,2,10512,8,1,51,0,48,1,0,3.30666009638,0
pde_nominal,5,12534,7,0,65,0,64,1,0,5.96432012197,0
pde_nominal,1,12733,7,0,58,23,73,1,1,10.7833371972,0
pde_nominal,5,12533,6,0,37,0,37,1,0,6.66711186493,0
pde_nominal,9,10216,8,1,62,0,62,1,0,3.57072576268,0
pde_nominal,3,13491,8,1,22,0,22,1,0,3.76088512788,0
pde_nominal,4,12625,11,1,41,0,41,1,0,4.14450421614,0
pde_nominal,3,13488,7,0,36,0,36,1,0,7.34626371122,0
pde_nominal,0,12629,12,1,20,14,34,1,1,16.2691703914,0
pde_nominal,1,10881,1,0,21,0,21,1,0,3.62504557651,0
pde_nominal,6,8443,13,1,27,0,27,1,0,4.53125766444,0
pde_nominal,6,12071,13,1,0,0,0,0,0,6.41772976634,0
pde_nominal,4,12621,13,1,22,0,22,1,0,4.04218663236,0
pde_nominal,5,13147,11,1,84,0,84,1,0,6.88281387997,0
pde_nominal,9,10210,9,1,65,0,65,1,0,3.31945874465,0
pde_nominal,1,10877,5,0,42,0,42,1,0,7.68652583179,0
pde_nominal,7,13072,0,0,80,0,80,1,0,5.44231381188,0
pde_nominal,9,10206,12,1,44,0,25,1,0,3.40203181548,0
pde_nominal,7,13067,15,1,15,0,15,1,0,4.42664582976,0
pde_nominal,1,10875,10,1,245,0,196,1,0,13.4972148607,0
pde_nominal,0,12617,8,1,16,0,11,1,0,3.49756173153,0
pde_nominal,8,9347,15,1,76,0,38,1,0,4.48630104152,0
pde_nominal,3,13468,9,1,24,0,0,1,0,5.31259945591,0
pde_nominal,1,10870,0,0,48,0,22,1,0,4.21868933821,0
pde_nominal,2,10483,5,0,58,0,37,1,0,3.29265890797,0
pde_nominal,9,10196,4,0,50,0,50,1,0,3.25462597689,0
pde_nominal,5,12508,9,1,56,0,55,1,0,8.09395177951,0
pde_nominal,3,13460,6,0,74,0,59,1,0,9.16608323099,0
pde_nominal,9,10192,12,1,82,0,64,1,0,3.61767303474,0
pde_nominal,3,13458,9,1,5,0,3,1,0,5.21034578963,0
pde_nominal,9,10191,7,0,56,0,29,1,0,3.55301816084,0
pde_nominal,6,8431,14,1,35,0,18,1,0,4.81083257656,0
pde_nominal,5,12501,11,1,58,0,58,1,0,7.49362126522,0
pde_nominal,5,12499,10,1,46,0,44,1,0,7.19816638809,0
pde_nominal,5,12498,11,1,14,0,14,1,0,6.76399141101,0
pde_nominal,4,12599,14,1,272,0,191,1,0,16.3175105229,0
pde_nominal,2,10470,5,0,148,0,116,1,0,8.25628430647,0
pde_nominal,9,10184,9,1,60,0,59,1,0,3.78122946327,0
pde_nominal,0,12597,6,0,80,0,79,1,0,5.19857175864,0
pde_nominal,8,9334,2,0,113,0,110,1,0,6.16078121547,0
pde_nominal,3,13449,4,0,89,21,110,1,1,6.93163872962,0
pde_nominal,5,12493,15,1,54,0,54,1,0,4.89300883016,0
pde_nominal,6,8420,13,1,40,0,40,1,0,7.72957291078,0
pde_nominal,3,13447,0,0,40,0,40,1,0,4.65743238967,0
pde_nominal,0,12590,12,1,39,0,39,1,0,3.80238577696,0
pde_nominal,9,14106,1,0,48,0,20,1,0,3.58954485512,0
pde_nominal,5,12483,8,1,0,0,0,1,0,5.24994276017,0
pde_nominal,5,12481,10,1,22,0,10,1,0,5.59196882415,0
pde_nominal,9,14103,0,0,67,0,67,1,0,4.53528337945,0
pde_nominal,3,13435,9,1,4,0,4,1,0,3.37119202969,0
pde_nominal,5,12476,15,1,36,0,36,1,0,8.08674897336,0
pde_nominal,0,12583,2,0,38,0,32,1,0,5.25934199105,0
pde_nominal,5,12471,1,0,57,0,57,1,0,10.7712491531,0
pde_nominal,7,13038,1,0,16,0,16,1,0,5.0180107742,0
pde_nominal,3,13423,3,0,62,0,62,1,0,12.2372268016,0
pde_nominal,7,13037,14,1,40,0,40,1,0,7.54175476522,0
pde_nominal,8,9313,6,0,96,0,78,1,0,4.99937777351,0
pde_nominal,7,13034,8,1,27,0,27,1,0,6.29378133474,0
pde_nominal,0,12571,5,0,63,0,49,1,0,3.45452856376,0
pde_nominal,2,14058,5,0,57,0,35,1,0,7.95683152018,0
pde_nominal,8,9310,14,1,76,0,54,1,0,3.92606109696,0
pde_nominal,5,12462,15,1,18,0,4,1,0,2.72166919175,0
pde_nominal,1,10812,3,0,34,0,26,1,0,4.36493617378,0
pde_nominal,2,14047,0,0,107,0,102,1,0,6.30583571334,0
pde_nominal,0,12553,4,0,98,0,90,1,0,6.54919045283,0
pde_nominal,9,14089,4,0,190,0,157,1,0,10.625866259,0
pde_nominal,3,13404,15,1,93,0,93,1,0,6.18168491152,0
pde_nominal,5,12446,10,1,5,0,5,1,0,5.09393761468,0
pde_nominal,6,8382,6,0,75,0,75,1,0,3.36183326279,0
pde_nominal,7,13013,10,1,101,0,101,1,0,7.62827584508,0
pde_nominal,4,12545,12,1,88,21,102,1,1,6.50090483044,0
pde_nominal,2,14040,7,0,65,0,61,1,0,5.35467892983,0
pde_nominal,6,8379,7,0,70,0,64,1,0,3.82194443141,0
pde_nominal,7,13011,7,0,62,0,62,1,0,7.37741255538,0
pde_nominal,0,12544,10,1,71,0,71,1,0,12.4860368025,0
pde_nominal,2,14036,3,0,27,0,27,1,0,5.71544664038,0
pde_nominal,0,12541,5,0,55,27,82,1,1,4.64463799507,0
pde_nominal,2,14034,11,1,66,0,66,1,0,3.92653744928,0
pde_nominal,4,12533,11,1,87,0,87,1,0,10.596150973,0
pde_nominal,9,14077,12,1,32,0,32,1,0,4.94389905991,0
pde_nominal,3,13393,12,1,29,0,29,1,0,4.83794273372,0
pde_nominal,2,14032,11,1,22,0,22,1,0,5.52758658174,0
pde_nominal,3,13392,0,0,34,0,34,1,0,3.7903700742,0
pde_nominal,8,9289,13,1,69,0,32,1,0,3.60373064608,0
pde_nominal,1,10792,0,0,25,0,16,1,0,8.32322794436,0
pde_nominal,2,14026,2,0,15,0,4,1,0,6.73875337286,0
pde_nominal,8,9288,9,1,74,0,54,1,0,4.61749301572,0
pde_nominal,6,8368,6,0,229,0,176,1,0,11.1789706835,0
pde_nominal,6,12073,6,0,0,0,0,0,0,15.2738499124,0
pde_nominal,7,12994,5,0,54,0,54,1,0,10.2555970171,0
pde_nominal,2,14021,6,0,72,0,55,1,0,5.10788348557,0
pde_nominal,4,12520,3,0,80,0,80,1,0,3.82305103483,0
pde_nominal,3,13382,7,0,101,0,101,1,0,5.87868973357,0
pde_nominal,8,9281,7,0,108,0,108,1,0,4.2609210326,0
pde_nominal,5,12424,3,0,50,0,50,1,0,5.72056971028,0
pde_nominal,0,12527,6,0,58,0,58,1,0,7.74190826827,0
pde_nominal,9,14062,2,0,15,0,15,1,0,3.86494041047,0
pde_nominal,0,12523,14,1,40,0,40,1,0,3.30465672038,0
pde_nominal,1,10775,4,0,13,0,13,1,0,5.78013666759,0
pde_nominal,9,14059,2,0,57,0,57,1,0,6.90048221469,0
pde_nominal,3,13379,15,1,86,0,86,1,0,6.60711572291,0
pde_nominal,3,13376,3,0,13,0,13,1,0,8.98891541161,0
pde_nominal,6,8351,9,1,81,0,76,1,0,4.6051663177,0
pde_nominal,2,14010,9,1,34,0,28,1,0,5.32444944102,0
pde_nominal,8,9277,6,0,61,0,31,1,0,3.46959698253,0
pde_nominal,2,14007,14,1,48,0,30,1,0,4.08999565009,0
pde_nominal,6,8344,1,0,94,0,60,1,0,5.83700530976,0
pde_nominal,3,13362,9,1,30,0,28,1,0,10.0423293193,0
pde_nominal,9,14049,0,0,61,0,56,1,0,5.45659017724,0
pde_nominal,2,14002,12,1,35,0,24,1,0,4.81646008433,0
pde_nominal,0,12510,12,1,84,0,61,1,0,9.79974504666,0
pde_nominal,6,8336,15,1,74,0,73,1,0,3.68264360665,0
pde_nominal,4,12507,15,1,13,0,2,1,0,8.20966175315,0
pde_nominal,9,14044,13,1,9,0,6,1,0,9.6551229975,0
pde_nominal,3,13356,13,1,7,0,0,1,0,6.37212430432,0
pde_nominal,6,8332,6,0,105,0,94,1,0,5.41518931279,0
pde_nominal,2,13991,12,1,14,0,14,1,0,6.69470514919,0
pde_nominal,4,12502,15,1,69,0,69,1,0,8.07748745023,0
pde_nominal,3,13347,9,1,61,0,32,1,0,8.16638747066,0
pde_nominal,7,12963,11,1,63,28,49,1,1,7.70244866736,0
pde_nominal,1,10743,15,1,45,0,31,1,0,7.53267529037,0
pde_nominal,9,14034,4,0,75,0,68,1,0,4.28305112005,0
pde_nominal,6,8318,8,1,236,0,171,1,0,10.8846734447,0
pde_nominal,8,13773,10,1,57,0,57,1,0,6.29491413671,0
pde_nominal,5,12388,0,0,11,0,11,1,0,10.9795665921,0
pde_nominal,8,13769,9,1,18,0,18,1,0,6.3774332542,0
pde_nominal,1,10734,9,1,44,0,24,1,0,5.89045713804,0
pde_nominal,3,13776,8,1,15,0,15,1,0,5.75245411848,0
pde_nominal,3,13329,0,0,23,0,12,1,0,4.86750918451,0
pde_nominal,5,12380,8,1,25,0,25,1,0,3.98410501772,0
pde_nominal,5,12379,13,1,7,0,7,1,0,5.90750834322,0
pde_nominal,6,14222,14,1,10,0,10,1,0,4.68094634768,0
pde_nominal,9,14023,9,1,36,0,36,1,0,4.50163741979,0
pde_nominal,2,13968,4,0,21,0,13,1,0,3.36225552504,0
pde_nominal,0,12475,5,0,10,0,0,1,0,4.74310377827,0
pde_nominal,4,12484,7,0,13,0,0,1,0,4.25768412962,0
pde_nominal,0,12473,10,1,16,0,16,1,0,2.88358321,0
pde_nominal,6,14219,0,0,84,0,66,1,0,8.18622620374,0
pde_nominal,8,13759,1,0,55,0,41,1,0,6.60941518967,0
pde_nominal,7,12938,11,1,83,0,83,1,0,4.19846407554,0
pde_nominal,2,13958,7,0,54,0,33,1,0,6.02019981619,0
pde_nominal,3,13317,5,0,37,0,36,1,0,5.33466522643,0
pde_nominal,9,14015,4,0,9,0,9,1,0,3.21438365448,0
pde_nominal,7,12928,1,0,67,0,67,1,0,5.51681592896,0
pde_nominal,4,12475,0,0,55,0,55,1,0,5.5438736581,0
pde_nominal,6,14212,10,1,83,0,83,1,0,4.1695771466,0
pde_nominal,7,12926,4,0,7,0,7,1,0,9.67163386557,0
pde_nominal,6,14211,0,0,7,0,5,1,0,4.08708968706,0
pde_nominal,8,13754,1,0,46,0,44,1,0,4.62637500068,0
pde_nominal,9,14012,13,1,25,0,25,1,0,3.67073830046,0
pde_nominal,6,14210,6,0,91,0,91,1,0,6.92463354524,0
pde_nominal,4,12474,4,0,57,46,101,1,1,13.1627238738,0
pde_nominal,8,13751,8,1,26,0,26,1,0,3.91108354724,0
pde_nominal,7,12916,10,1,19,0,19,1,0,2.8266702544,0
pde_nominal,9,14009,10,1,67,0,65,1,0,4.59042787203,0
pde_nominal,5,12362,15,1,94,0,82,1,0,6.34380941305,0
pde_nominal,6,14202,11,1,17,0,13,1,0,3.75419150566,0
pde_nominal,2,13948,8,1,23,0,20,1,0,4.31541364699,0
pde_nominal,5,12359,8,1,71,0,52,1,0,4.18252619176,0
pde_nominal,9,14006,12,1,69,0,48,1,0,5.17317106571,0
pde_nominal,5,12358,8,1,31,0,22,1,0,5.46317775914,0
pde_nominal,4,12467,15,1,93,0,73,1,0,11.7945150922,0
pde_nominal,2,13943,8,1,20,0,11,1,0,4.54230137475,0
pde_nominal,0,12449,13,1,12,0,5,1,0,4.48146075252,0
pde_nominal,2,13942,1,0,9,0,7,1,0,6.63496488368,0
pde_nominal,9,14004,8,1,89,0,75,1,0,11.0923351555,0
pde_nominal,5,12352,8,1,56,0,51,1,0,4.96402051396,0
pde_nominal,7,12906,6,0,3,54,1,1,1,12.3393113167,0
pde_nominal,3,13306,3,0,40,0,40,1,0,8.88442853526,0
pde_nominal,5,12349,2,0,81,0,55,1,0,6.04620090095,0
pde_nominal,4,12455,12,1,26,22,48,1,1,8.62236286807,0
pde_nominal,7,12898,11,1,43,0,43,1,0,6.23305237163,0
pde_nominal,1,10689,1,0,46,0,46,1,0,3.69065538149,0
pde_nominal,1,10688,4,0,2,0,2,1,0,6.38611566292,0
pde_nominal,2,13929,7,0,66,0,65,1,0,11.0646471932,0
pde_nominal,0,13040,2,0,12,0,5,1,0,9.30562273969,0
pde_nominal,0,13041,2,0,0,0,0,0,0,14.8234062655,0
pde_nominal,5,12343,9,1,23,0,15,1,0,3.90651902429,0
pde_nominal,2,13927,1,0,72,0,56,1,0,4.11836027138,0
pde_nominal,9,13983,4,0,23,0,15,1,0,3.89133859409,0
pde_nominal,9,13981,11,1,34,0,25,1,0,3.14263063227,0
pde_nominal,3,13297,7,0,180,0,134,1,0,13.423557277,0
pde_nominal,7,12884,6,0,45,0,45,1,0,4.77149228655,0
pde_nominal,1,12735,4,0,32,0,23,1,0,9.99050518849,0
pde_nominal,3,13285,4,0,22,0,5,1,0,3.67613617941,0
pde_nominal,4,12439,3,0,40,0,15,1,0,6.42990387547,0
pde_nominal,4,12438,7,0,18,0,17,1,0,5.18462941607,0
pde_nominal,5,12326,12,1,94,0,77,1,0,5.99900530193,0
pde_nominal,0,12427,9,1,14,0,0,1,0,5.22679618492,0
pde_nominal,3,13779,13,1,147,0,111,1,0,12.1126351918,0
pde_nominal,0,12425,1,0,28,0,0,1,0,4.71671324594,0
pde_nominal,5,12322,8,1,37,0,3,1,0,4.59503734374,0
pde_nominal,1,10666,4,0,32,0,5,1,0,4.49867767296,0
pde_nominal,0,12420,12,1,44,18,40,1,1,5.38511882709,0
pde_nominal,9,13957,3,0,18,0,5,1,0,4.9076253541,0
pde_nominal,6,14168,9,1,44,20,15,1,1,5.36811641305,0
pde_nominal,5,12315,10,1,6,0,2,1,0,6.25626837496,0
pde_nominal,5,12313,12,1,36,0,1,1,0,7.12372657692,0
pde_nominal,2,13899,2,0,98,0,49,1,0,6.7378160522,0
pde_nominal,0,12410,1,0,83,0,79,1,0,6.65356736051,0
pde_nominal,7,12866,3,0,28,0,28,1,0,3.8926861196,0
pde_nominal,2,13895,4,0,3,0,0,1,0,3.38725209125,0
pde_nominal,3,13260,9,1,14,0,14,1,0,4.49892699256,0
pde_nominal,5,12305,14,1,17,0,17,1,0,3.94103081215,0
pde_nominal,1,10658,0,0,148,0,134,1,0,9.40951054744,0
pde_nominal,3,13255,2,0,14,0,7,1,0,3.18809020906,0
pde_nominal,3,13253,10,1,59,0,45,1,0,8.07804131804,0
pde_nominal,0,12400,6,0,21,0,21,1,0,3.45062229334,0
pde_nominal,8,13712,5,0,36,0,36,1,0,7.46756876225,0
pde_nominal,2,13885,3,0,9,0,9,1,0,3.51591274439,0
pde_nominal,5,12301,13,1,64,0,64,1,0,5.76874313935,0
pde_nominal,5,12300,5,0,115,0,115,1,0,7.37235725929,0
pde_nominal,2,13884,13,1,119,33,152,1,1,8.73076886819,0
pde_nominal,6,14150,13,1,31,22,27,1,1,8.44625552919,0
pde_nominal,9,13934,12,1,26,0,8,1,0,10.6988987693,0
pde_nominal,2,13878,13,1,124,0,42,1,0,7.39475790421,0
pde_nominal,4,12402,12,1,43,0,0,1,0,5.63705243785,0
pde_nominal,3,13243,3,0,95,0,34,1,0,8.6388335006,0
pde_nominal,3,13241,7,0,14,0,0,1,0,3.60671807546,0
pde_nominal,5,12289,4,0,10,0,0,1,0,3.2987230366,0
pde_nominal,2,13873,6,0,67,0,67,1,0,6.29400325841,0
pde_nominal,8,13697,4,0,35,26,61,1,1,19.4266470735,0
pde_nominal,4,12398,12,1,35,0,35,1,0,5.40112617501,0
pde_nominal,4,12397,9,1,2,0,2,1,0,5.30957541619,0
pde_nominal,6,14140,5,0,65,0,63,1,0,4.14179849227,0
pde_nominal,3,13237,3,0,39,0,32,1,0,5.44517516517,0
pde_nominal,6,14139,4,0,87,0,70,1,0,5.52367033247,0
pde_nominal,8,13689,14,1,2,0,2,1,0,4.53235127842,0
pde_nominal,8,13688,14,1,42,0,42,1,0,8.33149699934,0
pde_nominal,6,14136,2,0,92,0,84,1,0,8.36756484417,0
pde_nominal,9,13918,0,0,69,0,69,1,0,3.64961029486,0
pde_nominal,6,14128,2,0,49,0,41,1,0,4.4134821734,0
pde_nominal,0,12375,15,1,3,0,0,1,0,5.05809256183,0
pde_nominal,1,10627,12,1,5,0,0,1,0,4.79896999507,0
pde_nominal,3,13225,6,0,9,0,1,1,0,6.8317162804,0
pde_nominal,2,13860,5,0,11,0,3,1,0,4.36486144865,0
pde_nominal,4,12384,14,1,75,0,53,1,0,5.23388099279,0
pde_nominal,8,13676,3,0,23,0,21,1,0,7.23021452431,0
pde_nominal,4,12378,12,1,58,0,56,1,0,9.37896669534,0
pde_nominal,6,14124,13,1,114,0,97,1,0,8.86424363482,0
pde_nominal,7,12833,1,0,92,0,92,1,0,5.27951368595,0
pde_nominal,1,10614,9,1,1,0,0,1,0,5.75748577351,0
pde_nominal,9,13909,10,1,31,0,6,1,0,5.23509555913,0
pde_nominal,3,13217,13,1,64,0,30,1,0,9.58108309698,0
pde_nominal,8,13790,15,1,1,0,0,1,0,14.5238503947,0
pde_nominal,9,13906,0,0,21,0,15,1,0,5.24489220676,0
pde_nominal,5,12255,0,0,86,0,19,1,0,8.79003948564,0
pde_nominal,8,13666,8,1,34,0,22,1,0,5.83513459837,0
pde_nominal,0,12360,0,0,26,0,16,1,0,7.21329839087,0
pde_nominal,4,12368,14,1,4,0,4,1,0,3.447421595,0
pde_nominal,2,13845,12,1,42,8,39,1,1,8.67153944645,0
pde_nominal,7,12824,9,1,69,0,69,1,0,7.4932630983,0
pde_nominal,8,13664,5,0,77,0,62,1,0,4.98489035232,0
pde_nominal,2,13843,0,0,84,0,71,1,0,6.47997380916,0
pde_nominal,4,12364,5,0,40,0,40,1,0,4.02475918879,0
pde_nominal,0,12353,0,0,16,0,16,1,0,6.61134479709,0
pde_nominal,2,13842,8,1,98,0,98,1,0,6.32157223921,0
pde_nominal,9,13892,4,0,36,0,36,1,0,3.89157896682,0
pde_nominal,5,12238,10,1,33,0,33,1,0,5.16159984867,0
pde_nominal,1,10605,15,1,104,0,53,1,0,9.13896744063,0
pde_nominal,3,13202,8,1,126,0,73,1,0,10.3022359554,0
pde_nominal,3,13201,7,0,44,0,44,1,0,4.70394919098,0
pde_nominal,5,12233,14,1,65,0,62,1,0,5.6373279868,0
pde_nominal,0,12341,6,0,34,0,34,1,0,3.60396328257,0
pde_nominal,5,12232,12,1,12,0,12,1,0,6.72928431457,0
pde_nominal,9,13884,4,0,31,0,31,1,0,4.58151192118,0
pde_nominal,6,14105,6,0,44,0,44,1,0,8.44141826101,0
pde_nominal,1,10601,8,1,82,0,82,1,0,5.44955595923,0
pde_nominal,0,12339,0,0,136,0,92,1,0,10.9507854082,0
pde_nominal,0,13045,0,0,0,0,0,0,0,15.4249814932,0
pde_nominal,2,13827,14,1,99,0,80,1,0,8.94031366836,0
pde_nominal,7,13875,14,1,33,0,33,1,0,7.24129954012,0
pde_nominal,9,13880,10,1,121,0,103,1,0,11.1353024284,0
pde_nominal,4,12346,5,0,38,0,19,1,0,4.79165921807,0
pde_nominal,1,10590,14,1,54,0,4,1,0,4.56117963495,0
pde_nominal,1,10588,7,0,39,0,39,1,0,4.11859141242,0
pde_nominal,0,12334,4,0,119,0,59,1,0,6.62231429999,0
pde_nominal,9,13877,1,0,16,0,16,1,0,9.83860519912,0
pde_nominal,4,12339,1,0,43,0,43,1,0,6.25363922263,0
pde_nominal,2,13809,2,0,25,0,25,1,0,3.73413708038,0
pde_nominal,3,13172,8,1,20,0,20,1,0,8.64031394788,0
pde_nominal,9,13869,4,0,25,0,25,1,0,3.9151698612,0
pde_nominal,6,14080,14,1,11,0,7,1,0,5.81437817511,0
pde_nominal,8,13631,1,0,43,20,58,1,1,8.74835216381,0
pde_nominal,7,12797,8,1,27,0,27,1,0,8.268386187,0
pde_nominal,0,12322,13,1,43,0,34,1,0,7.37340987136,0
pde_nominal,9,13864,11,1,24,0,17,1,0,5.08410316119,0
pde_nominal,0,12318,10,1,6,0,5,1,0,3.21037662574,0
pde_nominal,4,12329,2,0,132,0,85,1,0,9.36033634169,0
pde_nominal,6,14075,7,0,26,0,15,1,0,5.43653861035,0
pde_nominal,2,13797,0,0,45,0,8,1,0,8.4288746554,0
pde_nominal,1,10567,3,0,67,0,59,1,0,8.74234463506,0
pde_nominal,7,12790,1,0,61,0,61,1,0,5.79908087585,0
pde_nominal,2,13794,0,0,4,0,3,1,0,3.78435160332,0
pde_nominal,2,13793,12,1,5,0,1,1,0,4.26204479403,0
pde_nominal,4,12323,5,0,43,0,14,1,0,18.616054498,0
pde_nominal,0,12312,15,1,50,0,15,1,0,5.30622534101,0
pde_nominal,8,13615,5,0,66,0,26,1,0,4.84124779904,0
pde_nominal,9,13852,7,0,43,0,43,1,0,3.75335115385,0
pde_nominal,7,12783,2,0,15,0,15,1,0,4.93630881473,0
pde_nominal,6,14068,2,0,43,0,43,1,0,8.14609075065,0
pde_nominal,3,13156,8,1,86,0,86,1,0,6.60059270626,0
pde_nominal,8,13611,14,1,112,0,112,1,0,8.12880401278,0
pde_nominal,8,13610,3,0,40,0,40,1,0,4.15513412444,0
pde_nominal,7,12781,6,0,70,0,70,1,0,8.02115072237,0
pde_nominal,9,13850,3,0,109,0,109,1,0,5.6158050115,0
pde_nominal,3,13151,4,0,39,0,37,1,0,4.56996087643,0
pde_nominal,9,13843,3,0,18,0,0,1,0,6.41223101314,0
pde_nominal,5,12191,0,0,42,0,29,1,0,6.81645563949,0
pde_nominal,7,12775,3,0,38,0,38,1,0,3.49517046292,0
pde_nominal,2,13778,10,1,96,0,89,1,0,10.0434311567,0
pde_nominal,6,14060,14,1,112,0,103,1,0,7.14148094473,0
pde_nominal,2,13777,10,1,35,0,33,1,0,4.68185591325,0
pde_nominal,8,13602,12,1,42,0,38,1,0,4.00405687976,0
pde_nominal,0,12297,10,1,35,0,19,1,0,4.62612954589,0
pde_nominal,0,13046,10,1,0,0,0,0,0,8.86706755697,0
pde_nominal,2,13773,12,1,22,0,20,1,0,6.23274642661,0
pde_nominal,8,13595,6,0,14,0,14,1,0,3.42930484569,0
pde_nominal,4,12307,9,1,100,0,92,1,0,5.6883150766,0
pde_nominal,6,14227,5,0,30,0,7,1,0,9.45137481611,0
pde_nominal,6,14048,7,0,6,0,0,1,0,4.32701654567,0
pde_nominal,9,13825,5,0,14,0,14,1,0,8.10678956954,0
pde_nominal,1,10548,11,1,50,0,50,1,0,4.25513376331,0
pde_nominal,0,12289,9,1,49,0,32,1,0,4.19376696726,0
pde_nominal,9,13823,8,1,42,0,20,1,0,8.26245270606,0
pde_nominal,9,14118,8,1,0,0,0,0,0,9.07650991368,0
pde_nominal,4,12303,2,0,61,0,24,1,0,4.82994806044,0
pde_nominal,6,14045,7,0,66,0,19,1,0,6.20432322387,0
pde_nominal,9,13822,1,0,19,0,4,1,0,4.11180034521,0
pde_nominal,2,13766,0,0,20,0,0,1,0,5.94582502518,0
pde_nominal,5,12171,15,1,29,0,22,1,0,8.95811941347,0
pde_nominal,5,12170,12,1,43,0,26,1,0,6.57738021772,0
pde_nominal,3,13128,0,0,20,0,20,1,0,5.01150029325,0
pde_nominal,7,12753,13,1,23,0,23,1,0,3.33183485015,0
pde_nominal,4,12295,12,1,38,0,22,1,0,7.04996830266,0
pde_nominal,9,13811,1,0,69,0,69,1,0,6.46296573459,0
pde_nominal,2,13761,5,0,89,0,89,1,0,6.12937506992,0
pde_nominal,7,12749,3,0,58,0,58,1,0,5.76492152004,0
pde_nominal,7,12748,8,1,21,0,21,1,0,8.89446031336,0
pde_nominal,2,13758,6,0,31,0,31,1,0,8.40737466366,0
pde_nominal,1,10539,10,1,17,0,9,1,0,4.89518986673,0
pde_nominal,7,12745,2,0,11,0,11,1,0,5.66574132369,0
pde_nominal,9,13810,6,0,93,0,83,1,0,8.19389258205,0
pde_nominal,8,13582,15,1,158,0,145,1,0,12.1820564383,0
pde_nominal,2,13756,10,1,27,0,23,1,0,5.46339890301,0
pde_nominal,2,13752,7,0,35,0,29,1,0,5.85051778357,0
pde_nominal,0,12275,0,0,15,0,5,1,0,5.30355498129,0
pde_nominal,6,14032,8,1,22,14,13,1,1,6.8127452078,0
pde_nominal,9,13800,7,0,16,12,11,1,1,7.36274525752,0
pde_nominal,0,12274,3,0,38,0,4,1,0,4.41331878478,0
pde_nominal,1,10532,10,1,66,0,23,1,0,5.51131174037,0
pde_nominal,2,13748,14,1,30,0,5,1,0,3.49510162383,0
pde_nominal,0,12271,12,1,4,0,0,1,0,4.88293727997,0
pde_nominal,6,14028,11,1,12,0,8,1,0,4.86233137708,0
pde_nominal,9,13797,9,1,113,0,101,1,0,6.12857812121,0
pde_nominal,2,13744,5,0,45,13,58,1,1,6.4710685669,0
pde_nominal,9,13796,12,1,36,20,56,1,1,6.74484175356,0
pde_nominal,5,12158,10,1,96,0,81,1,0,6.83153173642,0
pde_nominal,5,12157,7,0,31,0,26,1,0,5.85650419818,0
pde_nominal,7,12722,0,0,24,0,24,1,0,4.34668660534,0
pde_nominal,5,12156,6,0,4,0,4,1,0,4.85496779078,0
pde_nominal,7,12721,13,1,48,0,48,1,0,8.40422187156,0
pde_nominal,1,10522,4,0,69,0,41,1,0,7.18754924035,0
pde_nominal,2,13741,11,1,34,0,7,1,0,6.88247704256,0
pde_nominal,4,12264,4,0,29,0,1,1,0,4.18939351959,0
pde_nominal,0,12257,2,0,9,0,5,1,0,15.1594248402,0
pde_nominal,3,13098,6,0,42,0,8,1,0,5.72981406032,0
pde_nominal,2,13734,4,0,6,0,6,1,0,5.47467654471,0
pde_nominal,8,13570,8,1,31,0,19,1,0,4.36585203708,0
pde_nominal,3,13094,6,0,74,0,51,1,0,7.36241759334,0
pde_nominal,9,13791,11,1,49,0,27,1,0,5.6204768992,0
pde_nominal,4,12255,11,1,13,0,2,1,0,6.74714767632,0
pde_nominal,6,14019,5,0,122,0,59,1,0,12.9158105732,0
pde_nominal,0,12254,4,0,50,0,26,1,0,6.40194952056,0
pde_nominal,4,12252,15,1,162,0,120,1,0,11.184714329,0
pde_nominal,2,13727,4,0,35,0,32,1,0,5.44361580137,0
pde_nominal,6,14009,6,0,23,0,23,1,0,4.27944012794,0
pde_nominal,1,10508,9,1,16,0,16,1,0,8.40839629402,0
pde_nominal,0,12247,5,0,27,0,27,1,0,4.36211373437,0
pde_nominal,1,10506,5,0,82,0,82,1,0,4.91136309252,0
pde_nominal,9,13777,12,1,54,28,82,1,1,5.15484918464,0
pde_nominal,6,13998,14,1,50,0,16,1,0,7.35268581347,0
pde_nominal,0,12244,11,1,39,0,20,1,0,5.54440451864,0
pde_nominal,3,13074,15,1,30,0,21,1,0,4.07048742431,0
pde_nominal,6,13996,11,1,86,0,74,1,0,4.78857396074,0
pde_nominal,4,12235,11,1,18,0,18,1,0,4.12231564786,0
pde_nominal,7,12686,9,1,18,0,18,1,0,5.44888566798,0
pde_nominal,7,12684,5,0,45,0,45,1,0,5.98580710396,0
pde_nominal,8,13553,13,1,196,0,196,1,0,10.7678670382,0
pde_nominal,3,13067,6,0,73,0,59,1,0,4.33888138334,0
pde_nominal,0,12232,12,1,37,0,20,1,0,3.82075809622,0
pde_nominal,5,12127,14,1,30,0,25,1,0,6.90235729654,0
pde_nominal,2,13704,12,1,8,0,8,1,0,3.61329743149,0
pde_nominal,0,12222,4,0,66,0,66,1,0,5.62290006222,0
pde_nominal,5,12118,0,0,23,0,23,1,0,7.17895640929,0
pde_nominal,7,12669,10,1,58,0,58,1,0,4.52917679059,0
pde_nominal,5,12114,5,0,24,0,0,1,0,4.28426898294,0
pde_nominal,9,13754,15,1,27,0,22,1,0,7.03669433932,0
pde_nominal,5,12108,14,1,8,0,3,1,0,6.46193561583,0
pde_nominal,1,10483,2,0,8,0,0,1,0,3.66501964776,0
pde_nominal,2,13691,6,0,31,0,31,1,0,5.1979359647,0
pde_nominal,6,13976,12,1,14,0,14,1,0,5.73156099882,0
pde_nominal,0,12213,7,0,57,0,57,1,0,5.27908030402,0
pde_nominal,4,12208,6,0,18,0,13,1,0,4.13273813723,0
pde_nominal,5,12097,7,0,109,0,69,1,0,9.08100098855,0
pde_nominal,5,12096,7,0,24,0,15,1,0,6.14066074352,0
pde_nominal,6,13968,0,0,6,0,5,1,0,4.26568242071,0
pde_nominal,1,10469,15,1,16,0,3,1,0,4.22662329504,0
pde_nominal,3,13043,10,1,27,0,9,1,0,3.06639146826,0
pde_nominal,6,13966,12,1,22,0,1,1,0,5.19980165094,0
pde_nominal,0,12202,0,0,35,0,11,1,0,9.12828508672,0
pde_nominal,7,12652,0,0,7,0,7,1,0,7.5034768243,0
pde_nominal,4,12199,13,1,69,0,38,1,0,6.62134405697,0
pde_nominal,7,12649,7,0,11,0,11,1,0,6.27489949854,0
pde_nominal,8,13518,12,1,62,0,60,1,0,3.6843122366,0
pde_nominal,1,10467,14,1,78,0,78,1,0,6.17911765648,0
pde_nominal,8,13513,7,0,50,0,13,1,0,7.32328364262,0
pde_nominal,8,13510,2,0,19,0,0,1,0,4.23509373719,0
pde_nominal,9,13734,15,1,9,0,9,1,0,6.19194569465,0
pde_nominal,3,13026,8,1,92,0,92,1,0,5.37503024983,0
pde_nominal,6,13960,15,1,35,0,35,1,0,3.13982005767,0
pde_nominal,3,13023,13,1,7,0,7,1,0,4.04833458357,0
pde_nominal,9,13727,0,0,122,0,110,1,0,6.84357248073,0
pde_nominal,6,13956,14,1,142,0,133,1,0,7.88710678431,0
pde_nominal,9,13720,15,1,53,0,51,1,0,7.75931541298,0
pde_nominal,7,12631,3,0,43,0,43,1,0,3.9313515073,0
pde_nominal,4,12186,12,1,220,0,214,1,0,10.8416177543,0
pde_nominal,4,12184,13,1,22,0,4,1,0,3.24800441327,0
pde_nominal,8,13500,5,0,22,0,15,1,0,5.62641875396,0
pde_nominal,4,12183,15,1,5,0,5,1,0,4.26227995527,0
pde_nominal,1,10447,8,1,71,0,69,1,0,5.49427540445,0
pde_nominal,8,13497,6,0,34,0,34,1,0,6.52529760287,0
pde_nominal,7,12621,3,0,59,0,59,1,0,6.13386194521,0
pde_nominal,1,10442,7,0,34,0,17,1,0,10.5717266524,0
pde_nominal,9,13712,1,0,48,0,8,1,0,12.3720770148,0
pde_nominal,8,13493,4,0,27,0,0,1,0,4.67895444098,0
pde_nominal,9,13710,9,1,14,0,0,1,0,5.94090722883,0
pde_nominal,7,12619,10,1,23,0,23,1,0,5.1570248377,0
pde_nominal,6,13938,2,0,55,0,29,1,0,4.9052404708,0
pde_nominal,0,12169,4,0,27,0,12,1,0,7.31929997738,0
pde_nominal,0,12168,2,0,19,0,10,1,0,6.60071581035,0
pde_nominal,2,13641,3,0,13,0,13,1,0,4.16701063464,0
pde_nominal,9,13703,1,0,6,0,0,1,0,3.14715939285,0
pde_nominal,5,12061,4,0,3,0,0,1,0,4.83876083981,0
pde_nominal,4,12162,12,1,23,0,0,1,0,5.40740407315,0
pde_nominal,0,12160,12,1,4,0,4,1,0,3.94689708794,0
pde_nominal,5,12059,3,0,14,0,14,1,0,5.04656104019,0
pde_nominal,1,10432,4,0,51,0,24,1,0,7.20523260294,0
pde_nominal,0,12159,3,0,37,0,30,1,0,7.82645098022,0
pde_nominal,5,12054,15,1,29,0,0,1,0,4.48108845782,0
pde_nominal,6,13927,2,0,47,0,0,1,0,5.33629642966,0
pde_nominal,8,13485,8,1,190,0,77,1,0,14.2376217865,0
pde_nominal,0,12154,6,0,20,0,6,1,0,5.50047745688,0
pde_nominal,8,13484,14,1,65,0,37,1,0,4.79726910109,0
pde_nominal,9,13691,13,1,49,0,45,1,0,6.24490262362,0
pde_nominal,0,12148,7,0,17,0,17,1,0,4.29943757661,0
pde_nominal,1,10423,0,0,66,0,66,1,0,11.8120011651,0
pde_nominal,9,13686,2,0,51,0,35,1,0,5.11618534872,0
pde_nominal,2,13625,10,1,71,0,55,1,0,7.88202165533,0
pde_nominal,7,12594,8,1,12,0,12,1,0,3.91124335148,0
pde_nominal,2,13621,15,1,96,0,96,1,0,5.99115547801,0
pde_nominal,4,12151,7,0,103,0,103,1,0,6.40555123652,0
pde_nominal,0,12134,7,0,33,0,33,1,0,4.55927828384,0
pde_nominal,2,13620,7,0,44,0,44,1,0,7.43113438219,0
pde_nominal,0,12131,14,1,37,0,37,1,0,5.20420257225,0
pde_nominal,4,12148,10,1,54,0,47,1,0,10.0800485889,0
pde_nominal,6,13914,0,0,4,0,0,1,0,2.97690373454,0
pde_nominal,3,12979,12,1,80,0,61,1,0,10.5540074846,0
pde_nominal,4,12145,2,0,15,0,9,1,0,18.9654219473,0
pde_nominal,1,10416,9,1,75,0,58,1,0,8.29571096119,0
pde_nominal,4,12144,4,0,78,0,63,1,0,5.71505675556,0
pde_nominal,4,13115,4,0,0,0,0,0,0,8.2987807383,0
pde_nominal,2,13613,10,1,35,0,34,1,0,11.068864342,0
pde_nominal,9,13681,12,1,88,0,88,1,0,7.23306193984,0
pde_nominal,7,12587,2,0,105,0,105,1,0,7.66992578971,0
pde_nominal,7,12585,9,1,32,0,32,1,0,5.68535783015,0
pde_nominal,6,13899,7,0,12,0,0,1,0,5.15654973161,0
pde_nominal,2,13608,14,1,26,0,16,1,0,5.03856744739,0
pde_nominal,9,13676,2,0,13,0,11,1,0,5.72309618739,0
pde_nominal,6,13887,15,1,31,0,0,1,0,7.99500441815,0
pde_nominal,1,10396,3,0,16,0,0,1,0,4.03974913244,0
pde_nominal,1,10395,3,0,3,0,0,1,0,4.99246175085,0
pde_nominal,8,13454,8,1,86,0,60,1,0,10.7878780306,0
pde_nominal,0,12111,12,1,13,0,11,1,0,3.86778257265,0
pde_nominal,6,14232,0,0,18,0,13,1,0,4.12444287939,0
pde_nominal,8,13446,1,0,4,0,2,1,0,7.54832540982,0
pde_nominal,3,12937,6,0,38,0,25,1,0,5.74047802143,0
pde_nominal,1,10382,7,0,84,0,65,1,0,6.44795802461,0
pde_nominal,6,13871,10,1,6,0,6,1,0,3.39749317505,0
pde_nominal,6,14233,10,1,0,0,0,0,0,10.1432512036,0
pde_nominal,9,13662,12,1,17,0,17,1,0,3.41242011067,0
pde_nominal,1,10379,6,0,55,31,86,1,1,9.2059279106,0
pde_nominal,4,12124,8,1,223,0,223,1,0,13.3011125616,0
pde_nominal,6,13865,0,0,112,0,112,1,0,6.9248885164,0
pde_nominal,5,12011,0,0,10,0,9,1,0,4.49406837405,0
pde_nominal,9,13653,4,0,36,0,34,1,0,4.85589882729,0
pde_nominal,4,12119,14,1,16,0,16,1,0,6.89335241611,0
pde_nominal,0,12087,5,0,58,0,58,1,0,4.00835266895,0
pde_nominal,2,13583,10,1,225,0,200,1,0,10.3111513063,0
pde_nominal,9,13647,15,1,26,15,41,1,1,13.4173730257,0
pde_nominal,8,13438,14,1,73,0,73,1,0,7.11357168728,0
pde_nominal,2,13581,9,1,44,0,44,1,0,7.84075698071,0
pde_nominal,0,12084,8,1,17,0,1,1,0,4.04592756159,0
pde_nominal,4,12113,4,0,35,0,14,1,0,8.03911287472,0
pde_nominal,2,13580,4,0,53,0,23,1,0,5.52090222176,0
pde_nominal,7,12543,0,0,39,0,39,1,0,4.96990099785,0
pde_nominal,1,10368,8,1,41,0,38,1,0,4.27572362195,0
pde_nominal,5,12001,15,1,8,0,8,1,0,3.38529787918,0
pde_nominal,6,13852,6,0,41,0,41,1,0,3.74693254947,0
pde_nominal,7,12536,4,0,6,0,6,1,0,3.74003528389,0
pde_nominal,0,12077,15,1,61,0,61,1,0,5.95443919594,0
pde_nominal,6,13846,14,1,39,0,39,1,0,3.88705601091,0
pde_nominal,0,12074,8,1,71,0,71,1,0,4.25929636673,0
pde_nominal,1,10359,9,1,49,0,49,1,0,5.89905061151,0
pde_nominal,4,12104,2,0,165,0,165,1,0,7.36247261491,0
pde_nominal,6,13840,3,0,11,0,11,1,0,6.56930401265,0
pde_nominal,5,11996,12,1,116,0,116,1,0,10.6527107125,0
pde_nominal,2,13569,10,1,137,0,137,1,0,8.13346187959,0
pde_nominal,4,12103,9,1,93,0,93,1,0,8.54926093432,0
pde_nominal,0,12071,9,1,16,0,16,1,0,2.91220159724,0
pde_nominal,6,13836,8,1,33,0,33,1,0,4.95684451118,0
pde_nominal,5,11992,15,1,84,0,83,1,0,4.97316810016,0
pde_nominal,6,13833,8,1,34,0,18,1,0,5.0488854796,0
pde_nominal,2,13562,15,1,13,0,4,1,0,5.02273442268,0
pde_nominal,3,12916,4,0,45,0,22,1,0,5.74356623426,0
pde_nominal,9,13635,1,0,54,0,19,1,0,4.12970982887,0
pde_nominal,3,12913,2,0,63,0,60,1,0,7.44317933529,0
pde_nominal,2,13558,9,1,21,0,13,1,0,5.58563936648,0
pde_nominal,3,12908,7,0,28,0,28,1,0,5.39739641277,0
pde_nominal,4,12094,0,0,33,0,33,1,0,4.33716756969,0
pde_nominal,7,12523,3,0,45,0,45,1,0,3.76939014453,0
pde_nominal,5,11982,14,1,55,0,55,1,0,4.64401559772,0
pde_nominal,7,12522,12,1,40,0,40,1,0,5.72150962421,0
pde_nominal,5,11978,11,1,5,0,0,1,0,6.51436851962,0
pde_nominal,0,12058,14,1,35,0,0,1,0,3.93140011942,0
pde_nominal,9,13626,6,0,69,0,31,1,0,9.75261734829,0
pde_nominal,0,12057,7,0,100,0,80,1,0,7.27694823873,0
pde_nominal,1,10341,7,0,18,0,1,1,0,8.81662974714,0
pde_nominal,6,13817,2,0,19,0,19,1,0,5.86833234255,0
pde_nominal,3,12897,14,1,67,0,62,1,0,6.29237649908,0
pde_nominal,7,12511,3,0,79,0,79,1,0,6.44955958216,0
pde_nominal,9,13622,12,1,51,0,36,1,0,5.3717381084,0
pde_nominal,7,12508,3,0,125,0,125,1,0,9.38144809567,0
pde_nominal,3,12891,4,0,56,0,56,1,0,5.46187790281,0
pde_nominal,5,11968,11,1,34,0,31,1,0,4.39216931684,0
pde_nominal,3,12890,4,0,40,0,9,1,0,4.18864384804,0
pde_nominal,6,13815,11,1,123,0,59,1,0,7.87175602702,0
pde_nominal,0,12048,5,0,11,0,0,1,0,6.48328893964,0
pde_nominal,2,13531,12,1,24,0,0,1,0,10.4618081843,0
pde_nominal,1,10330,8,1,51,0,42,1,0,4.9544608631,0
pde_nominal,2,13527,4,0,100,0,100,1,0,8.09173521795,0
pde_nominal,4,12067,5,0,26,0,21,1,0,7.79797513839,0
pde_nominal,7,12500,11,1,53,0,53,1,0,4.01320232938,0
pde_nominal,8,13388,13,1,15,0,8,1,0,12.7474210329,0
pde_nominal,6,13798,11,1,32,0,21,1,0,4.57954814577,0
pde_nominal,3,12875,7,0,40,0,27,1,0,4.68405314604,0
pde_nominal,9,13598,7,0,65,0,37,1,0,7.44365111756,0
pde_nominal,4,12061,5,0,60,0,40,1,0,4.63148432407,0
pde_nominal,9,13597,6,0,9,0,7,1,0,15.6389951397,0
pde_nominal,3,12874,3,0,50,0,34,1,0,6.20470872756,0
pde_nominal,7,12491,0,0,2,0,2,1,0,3.83898003149,0
pde_nominal,7,12490,3,0,14,0,14,1,0,3.76770394426,0
pde_nominal,9,13595,4,0,88,0,55,1,0,5.67584050246,0
pde_nominal,0,12029,13,1,9,0,9,1,0,5.53295956449,0
pde_nominal,7,12485,3,0,24,0,24,1,0,6.37301782597,0
pde_nominal,8,13795,10,1,102,0,74,1,0,8.74552974016,0
pde_nominal,4,12051,4,0,7,0,6,1,0,4.73109199821,0
pde_nominal,9,13594,7,0,350,0,235,1,0,17.9907398886,0
pde_nominal,3,12870,7,0,345,0,219,1,0,18.9683773508,0
pde_nominal,7,12476,5,0,85,0,85,1,0,5.32226874534,0
pde_nominal,5,11942,12,1,39,0,39,1,0,4.83090733103,0
pde_nominal,2,13504,10,1,179,0,179,1,0,7.18789288368,0
pde_nominal,3,12867,6,0,174,0,174,1,0,9.58673920535,0
pde_nominal,4,12040,0,0,28,0,26,1,0,11.9260804168,0
pde_nominal,9,13590,13,1,81,0,74,1,0,10.7358136975,0
pde_nominal,6,13768,10,1,61,0,61,1,0,6.22604933587,0
pde_nominal,2,13501,12,1,105,0,105,1,0,5.7553573999,0
pde_nominal,0,12012,3,0,21,0,21,1,0,5.06643098267,0
pde_nominal,7,12467,8,1,59,0,59,1,0,5.52426415189,0
pde_nominal,6,13763,6,0,24,0,24,1,0,5.21811361405,0
pde_nominal,4,12030,12,1,43,33,76,1,1,8.09204279006,0
pde_nominal,5,11931,5,0,45,0,45,1,0,4.381990443,0
pde_nominal,0,12005,2,0,9,0,9,1,0,5.57337373924,0
pde_nominal,9,13582,5,0,23,0,23,1,0,3.25027216286,0
pde_nominal,4,12025,15,1,39,0,39,1,0,4.78582883332,0
pde_nominal,0,12000,0,0,38,0,5,1,0,6.52108333933,0
pde_nominal,2,13490,11,1,11,0,1,1,0,5.76150285208,0
pde_nominal,6,13758,2,0,72,0,9,1,0,7.76038364985,0
pde_nominal,2,13489,8,1,4,0,0,1,0,6.26752569374,0
pde_nominal,3,12852,14,1,19,0,2,1,0,3.35156692769,0
pde_nominal,5,11926,9,1,14,0,4,1,0,4.3965037539,0
pde_nominal,3,12850,1,0,1,0,0,1,0,4.08292857605,0
pde_nominal,0,11994,3,0,16,0,0,1,0,4.54986813865,0
pde_nominal,5,11924,11,1,16,0,0,1,0,4.02830534863,0
pde_nominal,9,13574,15,1,24,0,0,1,0,7.87432265137,0
pde_nominal,6,13757,12,1,172,0,79,1,0,10.3006429598,0
pde_nominal,8,13354,2,0,51,0,10,1,0,4.74998179848,0
pde_nominal,9,13572,1,0,51,0,47,1,0,5.23991618792,0
pde_nominal,9,13571,12,1,10,0,10,1,0,3.2239354977,0
pde_nominal,1,10277,1,0,194,0,123,1,0,9.37478328462,0
pde_nominal,2,13485,3,0,101,0,56,1,0,9.00613507279,0
pde_nominal,9,13565,1,0,20,19,39,1,1,5.12677960027,0
pde_nominal,5,11916,8,1,101,0,95,1,0,5.19124533257,0
pde_nominal,5,11915,15,1,13,0,4,1,0,8.38080040387,0
pde_nominal,3,12843,4,0,30,0,2,1,0,5.06288112518,0
pde_nominal,5,11911,11,1,40,0,0,1,0,4.35899083879,0
pde_nominal,9,13562,5,0,45,0,0,1,0,8.88081670567,0
pde_nominal,8,13348,9,1,42,0,0,1,0,3.97653238848,0
pde_nominal,8,13346,8,1,36,0,7,1,0,4.55345271462,0
pde_nominal,0,11981,5,0,52,0,18,1,0,5.57596326863,0
pde_nominal,2,13474,6,0,55,0,8,1,0,7.58544902765,0
pde_nominal,3,12839,11,1,36,3,8,1,1,9.91516084781,0
pde_nominal,0,11978,10,1,13,0,13,1,0,3.84116157712,0
pde_nominal,4,12009,0,0,83,0,53,1,0,6.22069885515,0
pde_nominal,7,12429,4,0,48,0,48,1,0,5.83964235019,0
pde_nominal,2,13465,5,0,54,0,54,1,0,3.44096597395,0
pde_nominal,0,11972,3,0,25,0,12,1,0,3.82979343229,0
pde_nominal,6,13735,0,0,16,0,2,1,0,5.6835632835,0
pde_nominal,1,14377,8,1,8,0,0,1,0,5.35882482213,0
pde_nominal,8,13336,0,0,21,0,0,1,0,4.95781669191,0
pde_nominal,0,11963,8,1,43,0,40,1,0,5.18291406882,0
pde_nominal,1,14374,0,0,50,0,50,1,0,7.65833225459,0
pde_nominal,9,13540,9,1,92,0,92,1,0,5.42059158743,0
pde_nominal,1,14368,1,0,13,0,13,1,0,5.33748531218,0
pde_nominal,0,11958,7,0,53,0,53,1,0,4.85769376433,0
pde_nominal,2,13450,13,1,42,0,42,1,0,5.30719215958,0
pde_nominal,4,12000,13,1,17,0,17,1,0,3.09691852196,0
pde_nominal,7,12419,7,0,13,0,13,1,0,5.45720525582,0
pde_nominal,4,11998,10,1,18,0,16,1,0,5.79195456448,0
pde_nominal,9,14125,5,0,125,0,115,1,0,13.7218265675,0
pde_nominal,6,13724,0,0,79,0,79,1,0,5.81511818893,0
pde_nominal,4,11992,5,0,23,0,18,1,0,10.5796775006,0
pde_nominal,7,12410,5,0,45,0,45,1,0,4.21363574544,0
pde_nominal,5,11897,5,0,13,0,0,1,0,4.83242563018,0
pde_nominal,8,13316,11,1,2,0,0,1,0,3.33702311092,0
pde_nominal,8,13315,14,1,3,0,1,1,0,4.7093725117,0
pde_nominal,3,13784,9,1,44,0,35,1,0,8.02065284353,0
pde_nominal,6,13711,8,1,45,0,45,1,0,5.5631968876,0
pde_nominal,8,13312,6,0,44,0,44,1,0,4.56736353195,0
pde_nominal,4,11979,3,0,34,0,34,1,0,3.65128786806,0
pde_nominal,6,13706,9,1,22,0,22,1,0,3.76563982933,0
pde_nominal,1,14350,4,0,26,0,26,1,0,6.05012728647,0
pde_nominal,9,13530,7,0,87,0,68,1,0,6.96485729992,0
pde_nominal,3,12806,12,1,29,0,29,1,0,3.85135166745,0
pde_nominal,7,12394,11,1,73,0,73,1,0,8.66640503796,0
pde_nominal,2,13423,0,0,81,0,81,1,0,4.14816786785,0
pde_nominal,3,12803,13,1,37,0,37,1,0,3.02993623691,0
pde_nominal,0,11933,1,0,36,0,36,1,0,4.58790794022,0
pde_nominal,3,12797,15,1,18,0,18,1,0,4.72582690836,0
pde_nominal,2,13420,3,0,27,0,21,1,0,5.59552942668,0
pde_nominal,1,14338,6,0,49,0,42,1,0,4.32336786356,0
pde_nominal,6,13694,8,1,51,0,51,1,0,3.44059735077,0
pde_nominal,0,11930,7,0,48,0,48,1,0,4.37835305346,0
pde_nominal,8,13306,3,0,23,0,23,1,0,8.28328979567,0
pde_nominal,8,13798,3,0,0,0,0,0,0,9.19627375652,0
pde_nominal,4,11968,11,1,60,0,60,1,0,5.60798914312,0
pde_nominal,9,13519,6,0,28,0,16,1,0,5.13819568144,0
pde_nominal,8,13305,1,0,23,13,25,1,1,7.5514902505,0
pde_nominal,3,12790,9,1,25,17,24,1,1,8.53705178824,0
pde_nominal,9,13515,8,1,16,0,16,1,0,5.05665287586,0
pde_nominal,9,13514,13,1,120,0,120,1,0,7.8109537267,0
pde_nominal,5,11870,12,1,58,0,58,1,0,4.36698685274,0
pde_nominal,3,12786,9,1,52,0,52,1,0,8.20521362655,0
pde_nominal,9,13513,4,0,32,0,32,1,0,10.1597065416,0
pde_nominal,0,11915,7,0,59,0,24,1,0,3.77750255772,0
pde_nominal,2,13408,7,0,22,0,22,1,0,4.73638929903,0
pde_nominal,4,11952,12,1,34,0,30,1,0,5.99276796033,0
pde_nominal,0,11913,1,0,33,0,29,1,0,8.17457136452,0
pde_nominal,7,12375,3,0,21,0,21,1,0,3.74680234402,0
pde_nominal,7,12374,12,1,60,0,60,1,0,6.66724851813,0
pde_nominal,3,12780,4,0,117,0,104,1,0,8.85173231095,0
pde_nominal,0,11908,11,1,8,0,0,1,0,3.43982920727,0
pde_nominal,6,14236,1,0,8,0,6,1,0,12.2048029531,0
pde_nominal,7,12372,5,0,24,0,24,1,0,3.94640717635,0
pde_nominal,7,12371,8,1,17,0,17,1,0,5.29503180348,0
pde_nominal,3,12779,9,1,33,0,32,1,0,3.48733040151,0
pde_nominal,7,12370,15,1,72,0,72,1,0,5.58529198786,0
pde_nominal,6,13677,8,1,39,0,39,1,0,5.73035232548,0
pde_nominal,4,11946,12,1,23,0,23,1,0,8.06325642371,0
pde_nominal,7,12369,0,0,53,0,53,1,0,3.78844250145,0
pde_nominal,5,11848,5,0,28,0,26,1,0,5.28993867198,0
pde_nominal,8,13292,2,0,9,0,9,1,0,5.01964516494,0
pde_nominal,7,12365,8,1,4,0,4,1,0,6.70031375934,0
pde_nominal,3,12769,6,0,24,0,24,1,0,2.98690688512,0
pde_nominal,2,13402,14,1,58,0,46,1,0,7.76819707692,0
pde_nominal,3,12766,10,1,55,0,41,1,0,9.10468319127,0
pde_nominal,2,13398,7,0,18,0,18,1,0,3.96249380613,0
pde_nominal,8,13288,14,1,88,0,88,1,0,6.93871032888,0
pde_nominal,1,14305,13,1,196,0,169,1,0,12.4230426236,0
pde_nominal,6,13670,12,1,80,0,80,1,0,8.85970738756,0
pde_nominal,7,12354,6,0,81,0,81,1,0,5.17928255804,0
pde_nominal,5,11835,5,0,33,0,33,1,0,4.42955910052,0
pde_nominal,5,11833,7,0,21,0,21,1,0,4.78594495449,0
pde_nominal,8,13281,6,0,55,0,55,1,0,4.60406118897,0
pde_nominal,6,14237,7,0,142,0,142,1,0,16.7160106095,0
pde_nominal,0,11886,13,1,29,0,29,1,0,3.82204864847,0
pde_nominal,2,13392,2,0,91,0,91,1,0,5.25265865566,0
pde_nominal,1,14302,13,1,72,0,72,1,0,5.57175279666,0
pde_nominal,6,13668,9,1,30,11,18,1,1,12.4614464314,0
pde_nominal,0,11883,14,1,27,0,14,1,0,3.65053660005,0
pde_nominal,8,13276,0,0,8,0,3,1,0,4.12893974813,0
pde_nominal,6,13665,7,0,4,0,0,1,0,10.4917460833,0
pde_nominal,5,11823,13,1,13,0,13,1,0,10.3756854895,0
pde_nominal,8,13273,8,1,94,0,94,1,0,5.57521588198,0
pde_nominal,3,12752,4,0,90,0,90,1,0,5.9735072978,0
pde_nominal,5,11821,8,1,13,0,13,1,0,5.32521611574,0
pde_nominal,5,11820,6,0,30,0,30,1,0,3.99242477586,0
pde_nominal,3,12746,10,1,61,0,61,1,0,4.02624268106,0
pde_nominal,1,14291,13,1,18,0,18,1,0,4.61734001153,0
pde_nominal,0,11870,3,0,45,0,45,1,0,4.82784659174,0
pde_nominal,4,11924,1,0,151,0,151,1,0,9.75065290965,0
pde_nominal,6,13642,3,0,17,0,17,1,0,5.09272210226,0
pde_nominal,9,13465,12,1,91,0,80,1,0,4.81176284042,0
pde_nominal,9,14126,12,1,0,0,0,0,0,7.17602885719,0
pde_nominal,0,11858,0,0,2,0,0,1,0,4.50205446778,0
pde_nominal,4,11917,14,1,47,19,62,1,1,6.31981939978,0
pde_nominal,7,12323,4,0,44,0,44,1,0,11.4391847152,0
pde_nominal,3,12736,2,0,54,0,49,1,0,6.01356941826,0
pde_nominal,8,13242,13,1,29,0,29,1,0,3.99409233114,0
pde_nominal,7,12318,10,1,12,0,12,1,0,3.66546678618,0
pde_nominal,3,12733,3,0,146,0,72,1,0,12.9148740151,0
pde_nominal,9,13451,1,0,67,0,19,1,0,6.10714398144,0
pde_nominal,1,14277,10,1,8,0,1,1,0,4.01294923648,0
pde_nominal,3,12731,11,1,74,0,9,1,0,6.54584820248,0
pde_nominal,2,13366,13,1,167,0,77,1,0,10.8378598336,0
pde_nominal,8,13238,5,0,24,0,23,1,0,3.84609573833,0
pde_nominal,4,11909,14,1,101,0,92,1,0,9.2401725379,0
pde_nominal,3,12725,4,0,78,0,72,1,0,8.33153849725,0
pde_nominal,2,13363,3,0,87,0,87,1,0,7.57267355215,0
pde_nominal,1,14266,14,1,36,0,36,1,0,3.91940402776,0
pde_nominal,0,11842,5,0,163,0,163,1,0,6.10418564392,0
pde_nominal,3,12717,11,1,32,0,20,1,0,6.8102796183,0
pde_nominal,6,13607,4,0,18,0,18,1,0,3.36529641758,0
pde_nominal,0,11830,0,0,23,0,23,1,0,6.80449664387,0
pde_nominal,6,13605,5,0,9,0,9,1,0,5.90920128473,0
pde_nominal,1,14257,15,1,63,0,63,1,0,4.63075755209,0
pde_nominal,2,13341,15,1,31,0,31,1,0,4.96922757041,0
pde_nominal,9,13427,15,1,14,0,14,1,0,6.11375166892,0
pde_nominal,5,11783,5,0,10,0,10,1,0,8.42941495518,0
pde_nominal,2,13335,1,0,39,0,18,1,0,3.91402424786,0
pde_nominal,9,13425,8,1,118,0,97,1,0,8.66972881395,0
pde_nominal,1,14254,10,1,160,0,131,1,0,9.93896972873,0
pde_nominal,0,11823,3,0,56,0,43,1,0,4.99797879263,0
pde_nominal,9,13422,10,1,8,0,8,1,0,3.77788145719,0
pde_nominal,1,14249,15,1,7,0,7,1,0,3.63406146165,0
pde_nominal,7,12290,8,1,76,0,76,1,0,7.10735238364,0
pde_nominal,5,11777,14,1,67,0,61,1,0,5.61918253504,0
pde_nominal,0,11820,3,0,24,0,18,1,0,5.28170137897,0
pde_nominal,6,13596,0,0,123,0,82,1,0,10.0011827302,0
pde_nominal,8,13220,7,0,26,0,18,1,0,4.45491367901,0
pde_nominal,9,13416,6,0,17,0,0,1,0,8.98041399102,0
pde_nominal,4,11888,13,1,92,0,47,1,0,9.57476770882,0
pde_nominal,1,14246,6,0,21,0,7,1,0,4.27932066958,0
pde_nominal,1,14389,6,0,0,0,0,0,0,5.82789408208,0
pde_nominal,2,13326,3,0,8,0,8,1,0,2.92818453572,0
pde_nominal,9,13413,15,1,39,0,39,1,0,8.45832233169,0
pde_nominal,0,11815,3,0,41,0,15,1,0,4.29753039497,0
pde_nominal,2,13323,9,1,5,0,0,1,0,4.34290722758,0
pde_nominal,2,13322,7,0,2,0,1,1,0,3.99093555099,0
pde_nominal,1,14237,11,1,2,0,0,1,0,7.77176309745,0
pde_nominal,6,13589,12,1,6,0,4,1,0,4.31816571899,0
pde_nominal,8,13213,4,0,16,0,7,1,0,4.65233897971,0
pde_nominal,4,11879,15,1,30,22,9,1,1,12.0521411898,0
pde_nominal,2,13314,2,0,35,13,14,1,1,5.15136910447,0
pde_nominal,8,13211,2,0,28,0,27,1,0,3.68305893179,0
pde_nominal,6,13584,0,0,72,0,25,1,0,8.6080006426,0
pde_nominal,4,11876,9,1,43,19,62,1,1,5.69690827651,0
pde_nominal,0,11803,14,1,84,0,76,1,0,10.5765016744,0
pde_nominal,5,11758,0,0,23,0,16,1,0,3.99264059933,0
pde_nominal,2,13310,1,0,26,0,22,1,0,7.19846428146,0
pde_nominal,0,11802,12,1,76,0,30,1,0,6.0932629902,0
pde_nominal,3,12693,5,0,66,0,46,1,0,4.9272669367,0
pde_nominal,3,12690,10,1,20,0,19,1,0,3.76567089013,0
pde_nominal,7,12271,2,0,41,0,41,1,0,4.76659283421,0
pde_nominal,2,13301,14,1,6,0,6,1,0,6.03528317879,0
pde_nominal,8,13199,14,1,9,0,9,1,0,6.82814165335,0
pde_nominal,1,14222,6,0,60,0,60,1,0,5.95009596512,0
pde_nominal,1,14220,1,0,15,0,15,1,0,4.35368168647,0
pde_nominal,0,11793,9,1,36,0,36,1,0,7.55410176201,0
pde_nominal,4,13123,3,0,8,0,6,1,0,4.38301099594,0
pde_nominal,5,11745,12,1,6,0,4,1,0,3.68578799585,0
pde_nominal,0,11790,11,1,43,0,43,1,0,5.99524501219,0
pde_nominal,7,12259,0,0,102,0,102,1,0,7.64417302136,0
pde_nominal,6,13556,5,0,35,0,24,1,0,5.78906703145,0
pde_nominal,2,13283,12,1,3,0,3,1,0,5.43037668825,0
pde_nominal,7,12251,9,1,13,0,13,1,0,4.9237896182,0
pde_nominal,6,13555,2,0,16,0,14,1,0,8.55104402857,0
pde_nominal,3,12669,14,1,27,0,15,1,0,4.73384137184,0
pde_nominal,5,11735,4,0,77,0,58,1,0,4.86142996506,0
pde_nominal,3,12668,9,1,115,0,115,1,0,6.78183264032,0
pde_nominal,2,13274,10,1,27,0,27,1,0,3.80755287879,0
pde_nominal,0,11775,9,1,40,0,40,1,0,3.74235161924,0
pde_nominal,2,14084,4,0,167,0,167,1,0,16.1304635744,0
pde_nominal,1,14193,0,0,99,0,99,1,0,5.19536403309,0
pde_nominal,9,13372,4,0,6,0,6,1,0,5.72140368467,0
pde_nominal,8,13182,4,0,60,0,60,1,0,4.10086365646,0
pde_nominal,1,14191,8,1,36,0,36,1,0,3.91084808413,0
pde_nominal,4,11845,15,1,108,0,108,1,0,5.97337908246,0
pde_nominal,9,13367,7,0,21,0,21,1,0,7.39673107054,0
pde_nominal,4,11839,13,1,12,0,12,1,0,5.10355618697,0
pde_nominal,8,13179,5,0,70,0,70,1,0,5.48343584689,0
pde_nominal,0,11762,7,0,128,0,128,1,0,6.64320809138,0
pde_nominal,7,12244,10,1,212,0,212,1,0,10.5999516628,0
pde_nominal,3,12653,6,0,71,0,71,1,0,4.97157925111,0
pde_nominal,8,13174,2,0,39,0,34,1,0,3.22060940541,0
pde_nominal,7,12240,13,1,77,0,77,1,0,5.95028923749,0
pde_nominal,5,11717,5,0,28,0,2,1,0,5.3370182443,0
pde_nominal,8,13168,2,0,93,0,48,1,0,7.82489037895,0
pde_nominal,3,12649,13,1,57,0,24,1,0,5.49565474127,0
pde_nominal,5,11716,3,0,86,0,48,1,0,8.57561995263,0
pde_nominal,4,11828,8,1,9,0,4,1,0,3.20896855662,0
pde_nominal,9,13353,3,0,7,0,2,1,0,9.79324966097,0
pde_nominal,1,14171,2,0,64,0,33,1,0,10.9476853151,0
pde_nominal,5,11714,7,0,63,0,63,1,0,4.94309295805,0
pde_nominal,7,12231,13,1,136,0,136,1,0,7.88299962067,0
pde_nominal,6,13520,5,0,28,0,25,1,0,10.1270739577,0
pde_nominal,8,13159,0,0,20,0,14,1,0,6.68864212005,0
pde_nominal,2,13247,9,1,48,0,28,1,0,6.83252922579,0
pde_nominal,0,11739,11,1,20,13,24,1,1,6.05461068252,0
pde_nominal,5,11709,6,0,13,0,1,1,0,4.90915292395,0
pde_nominal,7,12223,13,1,43,0,43,1,0,9.21409862208,0
pde_nominal,3,12635,9,1,69,0,35,1,0,4.51915664742,0
pde_nominal,9,13336,4,0,50,0,45,1,0,5.30629832934,0
pde_nominal,1,14161,7,0,65,0,53,1,0,4.40238340629,0
pde_nominal,8,13153,15,1,92,0,65,1,0,6.54936917228,0
pde_nominal,4,11813,6,0,86,0,86,1,0,4.10903957031,0
pde_nominal,6,13504,5,0,79,0,79,1,0,8.99066133289,0
pde_nominal,0,11729,9,1,31,0,31,1,0,4.25095133031,0
pde_nominal,7,12210,0,0,79,0,79,1,0,4.9597552223,0
pde_nominal,1,14155,8,1,25,0,25,1,0,3.79085410832,0
pde_nominal,4,11810,12,1,28,0,28,1,0,6.03592089477,0
pde_nominal,7,12209,13,1,65,0,65,1,0,12.0609796619,0
pde_nominal,9,13330,14,1,73,0,73,1,0,5.60232613222,0
pde_nominal,6,13501,10,1,82,0,82,1,0,6.15571013365,0
pde_nominal,0,11727,8,1,34,0,30,1,0,11.1048769574,0
pde_nominal,9,13328,13,1,51,0,37,1,0,5.43456246909,0
pde_nominal,2,13230,13,1,24,0,0,1,0,4.12202765538,0
pde_nominal,4,11808,15,1,8,0,0,1,0,4.63799995478,0
pde_nominal,8,13146,14,1,38,0,0,1,0,8.96257039252,0
pde_nominal,6,13500,3,0,69,0,5,1,0,5.40725354262,0
pde_nominal,4,11807,15,1,38,0,0,1,0,4.42537691022,0
pde_nominal,6,13499,12,1,55,0,30,1,0,7.79094618273,0
pde_nominal,3,12618,11,1,44,0,33,1,0,4.71460711386,0
pde_nominal,8,13141,10,1,38,0,28,1,0,4.41212949544,0
pde_nominal,9,13323,12,1,18,0,18,1,0,4.29031103612,0
pde_nominal,2,13225,6,0,86,0,73,1,0,5.48047332728,0
pde_nominal,8,13140,6,0,90,0,62,1,0,4.8564653828,0
pde_nominal,7,12200,15,1,24,0,24,1,0,3.7150910624,0
pde_nominal,5,11691,13,1,34,0,23,1,0,4.38288811503,0
pde_nominal,9,13317,10,1,27,0,5,1,0,3.73594481346,0
pde_nominal,8,13135,6,0,49,0,49,1,0,5.19678871197,0
pde_nominal,5,11689,0,0,101,0,101,1,0,5.79483444277,0
pde_nominal,6,13491,15,1,15,0,15,1,0,3.96864289166,0
pde_nominal,5,11685,6,0,52,0,52,1,0,5.08979112316,0
pde_nominal,1,14128,12,1,51,0,45,1,0,9.8359907906,0
pde_nominal,0,11705,8,1,2,0,0,1,0,5.95193421521,0
pde_nominal,4,11785,5,0,35,0,0,1,0,14.4790945943,0
pde_nominal,9,13297,3,0,36,0,0,1,0,5.90062915548,0
pde_nominal,5,11681,14,1,40,0,0,1,0,8.03335710046,0
pde_nominal,1,14119,13,1,32,0,32,1,0,6.03767042027,0
pde_nominal,5,11676,12,1,23,0,23,1,0,6.95042519821,0
pde_nominal,3,12598,9,1,47,0,47,1,0,3.93127802961,0
pde_nominal,8,13118,13,1,4,0,4,1,0,4.66889063193,0
pde_nominal,9,13290,0,0,23,0,22,1,0,3.54324382676,0
pde_nominal,0,11701,0,0,137,0,136,1,0,10.140371491,0
pde_nominal,2,13205,6,0,21,0,19,1,0,11.7325740045,0
pde_nominal,8,13114,13,1,20,0,0,1,0,6.05973754846,0
pde_nominal,1,14116,9,1,84,0,59,1,0,6.00521050917,0
pde_nominal,6,13475,10,1,93,0,34,1,0,7.22746260561,0
pde_nominal,9,13287,1,0,37,0,7,1,0,5.08008494094,0
pde_nominal,5,11672,14,1,54,0,3,1,0,4.38589287669,0
pde_nominal,2,13200,13,1,36,0,31,1,0,4.10644699875,0
pde_nominal,0,11692,8,1,34,0,34,1,0,4.84916002595,0
pde_nominal,3,12587,8,1,55,0,55,1,0,4.56101750373,0
pde_nominal,0,11690,4,0,21,0,21,1,0,7.43767330675,0
pde_nominal,3,12583,1,0,54,0,54,1,0,9.62134600827,0
pde_nominal,6,13471,15,1,140,0,140,1,0,5.82538631352,0
pde_nominal,6,14239,15,1,0,0,0,0,0,8.39539230898,0
pde_nominal,1,14108,10,1,38,28,66,1,1,11.4832654542,0
pde_nominal,4,11772,8,1,43,0,36,1,0,8.65387658017,0
pde_nominal,7,12168,13,1,20,0,20,1,0,8.78696917854,0
pde_nominal,7,12166,2,0,85,0,85,1,0,5.94598160547,0
pde_nominal,4,11765,12,1,21,0,21,1,0,16.6536201085,0
pde_nominal,0,11679,13,1,49,0,49,1,0,3.55029385935,0
pde_nominal,5,11657,13,1,75,0,75,1,0,5.99480904025,0
pde_nominal,8,13087,5,0,68,0,66,1,0,5.9822894646,0
pde_nominal,0,11673,3,0,58,0,52,1,0,4.04148459379,0
pde_nominal,8,13082,5,0,30,16,46,1,1,8.7414064622,0
pde_nominal,7,12155,12,1,116,0,116,1,0,7.21228704333,0
pde_nominal,9,13264,0,0,45,0,45,1,0,3.68626294697,0
pde_nominal,6,13456,1,0,17,9,26,1,1,7.14901728538,0
pde_nominal,5,11650,8,1,70,0,70,1,0,6.17809572115,0
pde_nominal,8,13073,7,0,21,0,21,1,0,6.04115912807,0
pde_nominal,7,12147,7,0,36,0,36,1,0,7.97388182071,0
pde_nominal,1,14095,7,0,85,0,71,1,0,5.38827702968,0
pde_nominal,4,11748,11,1,97,0,92,1,0,6.0397223734,0
pde_nominal,3,12558,8,1,82,0,82,1,0,5.94311482438,0
pde_nominal,0,11660,11,1,109,0,109,1,0,8.5914717771,0
pde_nominal,3,12557,1,0,41,0,25,1,0,4.19924699568,0
pde_nominal,7,12135,9,1,15,0,15,1,0,4.97263251771,0
pde_nominal,3,12554,7,0,37,0,17,1,0,7.4507713672,0
pde_nominal,6,13449,12,1,78,0,46,1,0,6.7411018635,0
pde_nominal,2,13162,3,0,70,0,32,1,0,4.41227365183,0
pde_nominal,2,14089,3,0,0,0,0,0,0,5.53892692892,0
pde_nominal,7,12133,0,0,13,17,8,1,1,8.40402194268,0
pde_nominal,9,13249,13,1,16,0,14,1,0,5.83809529249,0
pde_nominal,7,12129,11,1,14,0,14,1,0,5.81595545496,0
pde_nominal,9,13246,13,1,53,0,42,1,0,6.58273625014,0
pde_nominal,1,14086,13,1,111,0,90,1,0,9.72215484437,0
pde_nominal,0,11656,2,0,125,43,122,1,1,7.80960272276,0
pde_nominal,0,11655,12,1,44,0,44,1,0,5.18402640366,0
pde_nominal,9,13240,0,0,120,0,120,1,0,5.50904344743,0
pde_nominal,1,14084,8,1,123,0,123,1,0,8.16381383948,0
pde_nominal,2,13152,7,0,36,10,46,1,1,4.53245195524,0
pde_nominal,8,13057,13,1,3,0,3,1,0,4.54139345471,0
pde_nominal,8,13056,1,0,15,0,15,1,0,3.38475025423,0
pde_nominal,2,13150,12,1,70,0,62,1,0,5.91790841033,0
pde_nominal,4,11733,6,0,26,0,26,1,0,4.53235722663,0
pde_nominal,1,14079,2,0,18,5,1,1,1,7.87717807325,0
pde_nominal,0,11644,2,0,39,0,10,1,0,8.54986875804,0
pde_nominal,5,11619,6,0,75,0,36,1,0,7.86112060766,0
pde_nominal,7,12113,1,0,32,0,32,1,0,5.293373207,0
pde_nominal,4,11728,6,0,74,0,31,1,0,5.81505674437,0
pde_nominal,1,14076,4,0,22,0,20,1,0,3.27350306448,0
pde_nominal,3,12531,10,1,16,0,15,1,0,4.25073842674,0
pde_nominal,4,11726,2,0,21,0,12,1,0,4.60107802881,0
pde_nominal,0,11639,7,0,19,0,0,1,0,9.66210394202,0
pde_nominal,6,13430,12,1,39,0,20,1,0,4.40229773212,0
pde_nominal,2,13144,4,0,49,0,24,1,0,5.84920291939,0
pde_nominal,3,12527,13,1,109,0,109,1,0,9.07012398953,0
pde_nominal,3,13788,12,1,2,2,4,1,1,11.1143278094,0
pde_nominal,9,13228,0,0,27,0,27,1,0,6.50459649111,0
pde_nominal,2,13140,12,1,52,0,52,1,0,6.78514436957,0
pde_nominal,0,11629,8,1,41,0,41,1,0,6.38351624311,0
pde_nominal,0,11628,4,0,52,0,52,1,0,7.71666039647,0
pde_nominal,4,13126,2,0,23,0,23,1,0,9.30003926216,0
pde_nominal,0,11627,9,1,89,0,89,1,0,4.79435491267,0
pde_nominal,9,13224,3,0,41,0,41,1,0,4.40211388405,0
pde_nominal,3,12521,5,0,76,0,76,1,0,6.28322966496,0
pde_nominal,2,13133,13,1,70,0,70,1,0,7.69317703801,0
pde_nominal,4,11708,12,1,7,0,7,1,0,3.65863686123,0
pde_nominal,0,11623,4,0,75,0,75,1,0,6.4265632991,0
pde_nominal,8,13042,15,1,35,0,16,1,0,3.44735015531,0
pde_nominal,2,13124,8,1,77,0,35,1,0,8.89113197338,0
pde_nominal,5,13163,3,0,2,0,2,1,0,8.51057042255,0
pde_nominal,8,13041,2,0,61,0,61,1,0,7.10890494097,0
pde_nominal,1,14062,14,1,82,0,82,1,0,5.14137220527,0
pde_nominal,8,13037,0,0,72,0,48,1,0,12.2968220378,0
pde_nominal,4,11701,8,1,78,0,53,1,0,8.37993904392,0
pde_nominal,2,13119,13,1,23,0,20,1,0,4.46533939241,0
pde_nominal,0,11618,5,0,227,0,174,1,0,10.320458636,0
pde_nominal,7,12097,15,1,43,0,43,1,0,7.99533965251,0
pde_nominal,9,13209,9,1,85,17,95,1,1,11.2515237808,0
pde_nominal,9,13207,9,1,33,0,3,1,0,5.60526176211,0
pde_nominal,9,13204,6,0,39,0,23,1,0,6.46970836107,0
pde_nominal,2,13116,1,0,153,0,118,1,0,10.1676131912,0
pde_nominal,8,13026,4,0,36,0,11,1,0,6.30238944802,0
pde_nominal,7,12083,6,0,32,0,32,1,0,3.31571652304,0
pde_nominal,8,13023,9,1,16,0,8,1,0,9.60973954842,0
pde_nominal,3,12497,1,0,17,0,10,1,0,3.6917845961,0
pde_nominal,9,13203,15,1,173,0,91,1,0,11.663961672,0
pde_nominal,1,14042,3,0,3,0,0,1,0,6.11451799367,0
pde_nominal,7,12080,4,0,21,0,21,1,0,4.1873236683,0
pde_nominal,8,13017,5,0,28,0,13,1,0,6.13922626819,0
pde_nominal,7,12075,15,1,19,0,19,1,0,9.66410154133,0
pde_nominal,7,13887,15,1,0,0,0,0,0,10.6128983462,0
pde_nominal,5,11586,9,1,106,0,78,1,0,6.04867750149,0
pde_nominal,8,13014,5,0,16,0,4,1,0,3.66162323943,0
pde_nominal,9,13199,4,0,36,0,14,1,0,4.69995467513,0
pde_nominal,6,13391,11,1,8,0,8,1,0,3.37141274718,0
pde_nominal,6,13388,15,1,44,0,44,1,0,6.62233240756,0
pde_nominal,7,12071,14,1,63,0,63,1,0,8.192040936,0
pde_nominal,7,12069,9,1,6,0,6,1,0,5.48581260731,0
pde_nominal,7,12067,7,0,39,0,39,1,0,3.96734752548,0
pde_nominal,1,14031,9,1,22,13,23,1,1,8.02253441937,0
pde_nominal,2,13098,8,1,39,21,33,1,1,6.51348130794,0
pde_nominal,4,11678,10,1,52,0,29,1,0,5.88256065096,0
pde_nominal,8,13007,4,0,79,0,47,1,0,6.31635651445,0
pde_nominal,3,12493,10,1,325,0,261,1,0,16.1224707016,0
pde_nominal,8,13002,13,1,33,0,31,1,0,2.99746557294,0
pde_nominal,2,13089,11,1,19,0,0,1,0,4.93225396015,0
pde_nominal,4,11671,13,1,25,0,5,1,0,5.07251009841,0
pde_nominal,5,11574,11,1,88,0,88,1,0,4.20595494074,0
pde_nominal,1,14025,5,0,53,0,53,1,0,4.22342234594,0
pde_nominal,1,14024,6,0,62,0,62,1,0,6.06688487883,0
pde_nominal,2,13083,5,0,33,0,33,1,0,4.35493990548,0
pde_nominal,7,12042,1,0,37,0,37,1,0,5.74838112531,0
pde_nominal,8,12995,4,0,79,0,66,1,0,5.80962033053,0
pde_nominal,2,13076,1,0,23,0,23,1,0,3.30341602855,0
pde_nominal,8,12993,15,1,63,0,61,1,0,5.31850735145,0
pde_nominal,7,12032,4,0,11,0,11,1,0,3.26585365017,0
pde_nominal,4,11649,4,0,17,0,17,1,0,5.32917707027,0
pde_nominal,4,13127,4,0,0,0,0,0,0,5.73982431056,0
pde_nominal,3,12455,0,0,38,0,20,1,0,6.38390067844,0
pde_nominal,0,11581,13,1,134,0,112,1,0,7.11020609384,0
pde_nominal,5,11553,15,1,56,0,39,1,0,3.46136945123,0
pde_nominal,6,13357,3,0,9,0,2,1,0,4.0969096253,0
pde_nominal,9,13157,7,0,4,0,4,1,0,5.78262332836,0
pde_nominal,4,11635,0,0,250,0,200,1,0,13.4178167954,0
pde_nominal,6,13353,1,0,159,0,140,1,0,10.3805973936,0
pde_nominal,3,12445,5,0,87,0,87,1,0,5.42532390323,0
pde_nominal,7,12018,9,1,136,0,136,1,0,6.8144562872,0
pde_nominal,2,13064,6,0,284,0,257,1,0,13.0289252335,0
pde_nominal,5,11546,15,1,43,0,33,1,0,3.26285774993,0
pde_nominal,6,13350,4,0,116,0,107,1,0,6.04483409998,0
pde_nominal,0,13057,4,0,0,0,0,1,0,7.57272130743,0
pde_nominal,9,13146,6,0,20,0,8,1,0,3.12450317251,0
pde_nominal,3,12439,2,0,69,0,47,1,0,11.4418284167,0
pde_nominal,2,13056,5,0,48,0,48,1,0,8.22941911582,0
pde_nominal,2,14093,5,0,0,0,0,0,0,11.8780362018,0
pde_nominal,7,12010,15,1,146,0,146,1,0,11.1794302465,0
pde_nominal,1,13989,7,0,110,0,98,1,0,7.03533806939,0
pde_nominal,1,13985,15,1,13,0,3,1,0,3.81850897614,0
pde_nominal,9,13140,2,0,9,0,9,1,0,5.13923880983,0
pde_nominal,0,11563,8,1,59,0,52,1,0,3.4500372059,0
pde_nominal,5,11540,3,0,189,0,101,1,0,8.59316577265,0
pde_nominal,1,13983,9,1,82,15,97,1,1,6.48091598273,0
pde_nominal,9,13136,4,0,60,0,60,1,0,10.5032424077,0
pde_nominal,2,13047,15,1,46,0,46,1,0,9.38845552857,0
pde_nominal,9,13133,15,1,12,0,4,1,0,3.55978033577,0
pde_nominal,8,12969,5,0,192,0,182,1,0,8.39080331178,0
pde_nominal,9,13132,5,0,72,0,58,1,0,5.79023686249,0
pde_nominal,1,13979,4,0,158,0,158,1,0,8.62699222798,0
pde_nominal,7,11998,12,1,43,0,43,1,0,4.85652334585,0
pde_nominal,0,11559,15,1,57,0,55,1,0,3.3676172314,0
pde_nominal,8,12959,10,1,25,0,23,1,0,3.46455101558,0
pde_nominal,1,13974,2,0,28,0,8,1,0,6.89999654894,0
pde_nominal,8,12957,3,0,54,0,6,1,0,5.43467387694,0
pde_nominal,4,11609,10,1,46,0,20,1,0,3.52163816478,0
pde_nominal,9,13116,8,1,16,0,15,1,0,6.21052699427,0
pde_nominal,2,13025,5,0,17,0,0,1,0,4.58021357638,0
pde_nominal,3,12414,13,1,130,0,78,1,0,13.5232737988,0
pde_nominal,2,13022,3,0,8,0,5,1,0,3.90488093975,0
pde_nominal,8,12947,3,0,145,0,57,1,0,8.00411806712,0
pde_nominal,8,12946,11,1,16,0,14,1,0,5.97804628659,0
pde_nominal,5,14578,0,0,26,0,12,1,0,4.49242961514,0
pde_nominal,7,11973,0,0,13,0,13,1,0,4.97911248899,0
pde_nominal,6,13320,6,0,46,0,26,1,0,5.53258361617,0
pde_nominal,3,12411,2,0,101,0,55,1,0,8.20378464491,0
pde_nominal,0,11539,4,0,44,0,43,1,0,3.25353368783,0
pde_nominal,2,13017,0,0,73,0,73,1,0,5.98983465973,0
pde_nominal,5,14571,4,0,41,0,41,1,0,3.7262523511,0
pde_nominal,4,11596,13,1,191,0,186,1,0,9.08280916112,0
pde_nominal,5,14569,11,1,45,0,12,1,0,5.99138206357,0
pde_nominal,9,13107,8,1,49,0,29,1,0,5.7353449876,0
pde_nominal,8,12930,5,0,36,0,20,1,0,8.04288411037,0
pde_nominal,9,13103,14,1,17,0,0,1,0,3.20362863564,0
pde_nominal,8,12926,13,1,27,0,0,1,0,4.44767249293,0
pde_nominal,9,13100,3,0,23,0,23,1,0,6.19492343634,0
pde_nominal,3,12386,1,0,20,0,20,1,0,4.18493825236,0
pde_nominal,1,13935,6,0,54,0,44,1,0,4.13712947705,0
pde_nominal,3,12378,4,0,21,0,4,1,0,4.97823465249,0
pde_nominal,5,14548,5,0,21,0,9,1,0,5.76900571668,0
pde_nominal,9,13089,10,1,32,0,32,1,0,3.46653707208,0
pde_nominal,6,13278,14,1,40,0,25,1,0,5.08368381474,0
pde_nominal,4,11570,11,1,84,0,63,1,0,4.72573411543,0
pde_nominal,5,14544,6,0,51,0,28,1,0,9.36792399989,0
pde_nominal,5,14543,13,1,13,0,13,1,0,3.72842250379,0
pde_nominal,9,13085,5,0,71,0,49,1,0,4.9435194804,0
pde_nominal,6,13275,9,1,27,0,27,1,0,3.60523866934,0
pde_nominal,8,12910,3,0,138,0,124,1,0,6.72719967348,0
pde_nominal,9,13084,13,1,78,0,78,1,0,6.08629612526,0
pde_nominal,1,13931,8,1,174,0,153,1,0,7.62047723713,0
pde_nominal,1,13930,10,1,129,0,129,1,0,9.40409961481,0
pde_nominal,7,11937,8,1,61,0,61,1,0,5.3594556467,0
pde_nominal,2,12966,4,0,13,0,13,1,0,5.04040038391,0
pde_nominal,3,12361,14,1,46,0,46,1,0,8.12314820403,0
pde_nominal,3,12360,12,1,71,0,71,1,0,6.90352726368,0
pde_nominal,9,13075,0,0,28,0,0,1,0,3.53866161189,0
pde_nominal,6,13268,5,0,7,0,0,1,0,5.2651436553,0
pde_nominal,5,14531,13,1,8,0,8,1,0,3.69228690702,0
pde_nominal,7,11931,13,1,52,0,52,1,0,4.59612791041,0
pde_nominal,0,14470,4,0,22,0,22,1,0,4.29687537442,0
pde_nominal,8,12901,0,0,84,0,75,1,0,6.12032082335,0
pde_nominal,6,13256,1,0,11,0,11,1,0,3.90686992599,0
pde_nominal,1,13916,9,1,72,16,88,1,1,5.52732861625,0
pde_nominal,3,12357,0,0,81,0,81,1,0,5.28935879206,0
pde_nominal,5,14520,0,0,98,0,98,1,0,8.6240491504,0
pde_nominal,4,11547,4,0,72,0,72,1,0,3.73508329373,0
pde_nominal,7,11928,0,0,403,0,403,1,0,18.4656167959,0
pde_nominal,6,13245,0,0,48,0,11,1,0,8.49069164644,0
pde_nominal,2,12953,8,1,187,0,113,1,0,16.0873966169,0
pde_nominal,1,13908,0,0,8,0,8,1,0,4.54188284572,0
pde_nominal,8,12885,6,0,9,0,9,1,0,7.16366321434,0
pde_nominal,6,13238,0,0,31,16,38,1,1,6.8390063312,0
pde_nominal,1,13906,7,0,37,0,37,1,0,3.58030302549,0
pde_nominal,8,12880,13,1,52,0,52,1,0,8.81676504873,0
pde_nominal,7,11913,3,0,59,0,59,1,0,4.77085798875,0
pde_nominal,2,12947,2,0,18,0,18,1,0,3.91058728485,0
pde_nominal,7,11912,5,0,31,0,31,1,0,3.65263091718,0
pde_nominal,6,13229,7,0,65,0,65,1,0,8.93349002104,0
pde_nominal,8,12878,7,0,60,0,60,1,0,4.54002982528,0
pde_nominal,5,14501,8,1,57,0,38,1,0,5.49815694889,0
pde_nominal,3,12329,0,0,12,0,0,1,0,5.27940665115,0
pde_nominal,5,14498,1,0,28,0,0,1,0,4.73191491402,0
pde_nominal,6,13225,11,1,13,0,1,1,0,6.77479754595,0
pde_nominal,1,13897,8,1,13,0,3,1,0,2.8012070287,0
pde_nominal,6,13224,14,1,14,0,0,1,0,3.13578271245,0
pde_nominal,0,14429,0,0,4,0,0,1,0,3.78269968637,0
pde_nominal,7,11904,14,1,11,0,11,1,0,4.19739520325,0
pde_nominal,3,12324,12,1,25,0,21,1,0,5.06269375588,0
pde_nominal,1,13886,1,0,0,0,0,1,0,3.42888630764,0
pde_nominal,3,12313,15,1,56,0,37,1,0,6.99937188813,0
pde_nominal,2,12929,12,1,285,0,167,1,0,15.3102428253,0
pde_nominal,6,13209,0,0,42,0,0,1,0,7.22369560124,0
pde_nominal,6,13206,5,0,5,0,0,1,0,5.48540330965,0
pde_nominal,8,12848,4,0,4,0,0,1,0,3.93890244095,0
pde_nominal,5,14476,13,1,7,0,7,1,0,7.05917883373,0
pde_nominal,8,12847,7,0,24,0,9,1,0,4.72957833992,0
pde_nominal,3,12305,1,0,98,0,29,1,0,11.8806264762,0
pde_nominal,3,12304,7,0,18,0,18,1,0,8.93058128037,0
pde_nominal,2,12922,2,0,50,0,50,1,0,4.1354300323,0
pde_nominal,9,13022,0,0,49,0,48,1,0,5.19469500323,0
pde_nominal,2,12920,9,1,30,0,30,1,0,6.16734186383,0
pde_nominal,8,12844,5,0,121,0,121,1,0,10.4982354074,0
pde_nominal,7,11885,10,1,138,0,138,1,0,8.14431110475,0
pde_nominal,7,11884,14,1,23,0,23,1,0,4.92736286049,0
pde_nominal,9,13018,9,1,28,0,28,1,0,3.69737566584,0
pde_nominal,4,14530,14,1,23,0,23,1,0,4.85675588561,0
pde_nominal,9,13017,13,1,9,0,9,1,0,5.84646795301,0
pde_nominal,7,11881,13,1,29,0,29,1,0,5.54809199708,0
pde_nominal,7,11880,4,0,34,0,34,1,0,4.93103843808,0
pde_nominal,7,11879,14,1,18,0,18,1,0,3.61536614999,0
pde_nominal,9,13013,7,0,6,0,6,1,0,6.11049989552,0
pde_nominal,8,12841,0,0,53,0,53,1,0,5.23228290437,0
pde_nominal,3,12297,8,1,31,0,21,1,0,6.55081195332,0
pde_nominal,6,13194,3,0,19,14,9,1,1,5.29821721354,0
pde_nominal,0,14393,7,0,68,0,18,1,0,5.86292517739,0
pde_nominal,5,14461,3,0,76,0,50,1,0,7.64126626548,0
pde_nominal,2,12912,12,1,71,0,71,1,0,4.00592452092,0
pde_nominal,1,13862,2,0,33,19,52,1,1,7.37135344955,0
pde_nominal,5,14452,11,1,18,0,18,1,0,4.10391658787,0
pde_nominal,8,12838,7,0,228,0,191,1,0,11.9801542013,0
pde_nominal,7,11870,1,0,62,0,62,1,0,5.70394295275,0
pde_nominal,0,14387,15,1,38,0,38,1,0,5.17637933211,0
pde_nominal,5,14451,2,0,51,0,51,1,0,5.10190530893,0
pde_nominal,0,14386,12,1,16,0,16,1,0,3.3199590742,0
pde_nominal,3,12281,12,1,17,0,9,1,0,4.28873307321,0
pde_nominal,2,12898,3,0,19,0,19,1,0,6.06650613927,0
pde_nominal,9,12991,4,0,35,0,35,1,0,3.56827274262,0
pde_nominal,6,13176,13,1,111,0,108,1,0,7.52440134924,0
pde_nominal,5,14443,15,1,17,0,17,1,0,6.90616095473,0
pde_nominal,6,13171,15,1,13,0,13,1,0,6.36985991619,0
pde_nominal,5,14442,14,1,32,0,32,1,0,3.93732415402,0
pde_nominal,0,14371,14,1,84,0,77,1,0,6.18917546177,0
pde_nominal,8,12824,13,1,25,0,25,1,0,6.19796250191,0
pde_nominal,6,13169,9,1,49,0,49,1,0,4.34889573503,0
pde_nominal,7,11856,2,0,53,0,53,1,0,6.76352715884,0
pde_nominal,6,13168,2,0,5,0,4,1,0,7.13980528701,0
pde_nominal,2,12890,8,1,7,0,6,1,0,6.52871528804,0
pde_nominal,5,14438,13,1,10,0,10,1,0,6.39035822264,0
pde_nominal,6,13165,4,0,10,0,8,1,0,10.0538879956,0
pde_nominal,9,12982,14,1,27,0,17,1,0,5.07929345605,0
pde_nominal,1,13840,4,0,41,0,21,1,0,12.603653434,0
pde_nominal,6,13162,8,1,70,0,42,1,0,7.39171895091,0
pde_nominal,6,13161,4,0,7,0,0,1,0,3.14439668324,0
pde_nominal,4,14498,6,0,89,0,35,1,0,7.07380368448,0
pde_nominal,3,12263,5,0,36,0,36,1,0,3.8470240142,0
pde_nominal,2,12881,6,0,56,0,38,1,0,8.97914517272,0
pde_nominal,7,11842,0,0,26,0,26,1,0,2.99741685246,0
pde_nominal,8,12801,14,1,72,0,72,1,0,5.72799598785,0
pde_nominal,9,12974,1,0,41,0,41,1,0,11.4848970593,0
pde_nominal,6,14242,14,1,77,0,71,1,0,7.72528744616,0
pde_nominal,3,12255,10,1,3,0,3,1,0,5.12207011999,0
pde_nominal,9,12972,11,1,6,0,6,1,0,3.6065015219,0
pde_nominal,2,12873,10,1,37,0,37,1,0,6.06677791809,0
pde_nominal,4,14488,14,1,16,0,16,1,0,6.32603719709,0
pde_nominal,6,13152,12,1,71,0,71,1,0,5.86119733509,0
pde_nominal,7,11835,4,0,79,0,79,1,0,5.05837966582,0
pde_nominal,2,12870,11,1,48,0,31,1,0,7.65762975902,0
pde_nominal,9,12969,5,0,18,0,7,1,0,4.71942192334,0
pde_nominal,2,12868,10,1,32,0,22,1,0,5.38031502487,0
pde_nominal,1,13829,0,0,53,0,44,1,0,5.03793317058,0
pde_nominal,3,12250,3,0,47,0,47,1,0,4.27668601043,0
pde_nominal,0,14351,1,0,22,0,22,1,0,10.3633852943,0
pde_nominal,5,14415,8,1,166,0,165,1,0,7.270256958,0
pde_nominal,2,12853,8,1,98,0,98,1,0,6.16963276053,0
pde_nominal,7,11818,8,1,47,0,47,1,0,6.14394520599,0
pde_nominal,1,13818,2,0,6,0,6,1,0,5.12951669242,0
pde_nominal,7,11815,9,1,44,0,44,1,0,12.1013681875,0
pde_nominal,6,13139,12,1,80,0,53,1,0,9.13078851503,0
pde_nominal,2,12851,6,0,26,0,26,1,0,13.8477016979,0
pde_nominal,6,13138,3,0,42,0,42,1,0,5.2324617837,0
pde_nominal,8,12783,10,1,44,0,44,1,0,4.67160451823,0
pde_nominal,8,12781,0,0,22,0,22,1,0,4.63194423232,0
pde_nominal,4,14471,15,1,45,0,45,1,0,4.71187418848,0
pde_nominal,8,12780,12,1,14,0,14,1,0,3.70070529611,0
pde_nominal,8,12779,13,1,27,0,27,1,0,3.07062575289,0
pde_nominal,9,12946,4,0,71,0,71,1,0,4.84878462454,0
pde_nominal,3,13794,0,0,10,0,10,1,0,8.54971544179,0
pde_nominal,1,13807,8,1,76,0,49,1,0,4.50235168962,0
pde_nominal,3,12230,10,1,41,0,2,1,0,4.96788554273,0
pde_nominal,9,12937,4,0,44,0,3,1,0,5.89264752856,0
pde_nominal,9,12934,1,0,23,0,17,1,0,7.33953653381,0
pde_nominal,7,11803,14,1,24,0,24,1,0,5.19263936319,0
pde_nominal,7,13890,14,1,0,0,0,0,0,7.34158664385,0
pde_nominal,3,12227,14,1,8,0,8,1,0,4.6873852327,0
pde_nominal,0,14318,5,0,45,0,45,1,0,4.32615778039,0
pde_nominal,1,13800,2,0,58,0,58,1,0,4.03276556834,0
pde_nominal,0,14317,11,1,45,0,45,1,0,4.86390686812,0
pde_nominal,2,12826,6,0,30,0,16,1,0,6.09565776312,0
pde_nominal,7,11794,1,0,7,0,7,1,0,6.20068366715,0
pde_nominal,8,12762,5,0,18,0,12,1,0,3.6483225648,0
pde_nominal,8,12761,11,1,36,0,31,1,0,9.11645888696,0
pde_nominal,1,13793,13,1,65,0,65,1,0,7.20233762469,0
pde_nominal,5,14374,4,0,40,0,40,1,0,8.93610935908,0
pde_nominal,0,14308,14,1,98,0,95,1,0,5.94871875217,0
pde_nominal,5,14373,11,1,44,0,40,1,0,6.07131083264,0
pde_nominal,3,12215,1,0,16,0,11,1,0,6.50919552885,0
pde_nominal,8,12756,0,0,46,0,7,1,0,5.26739550378,0
pde_nominal,0,14305,15,1,1,0,0,1,0,11.5171287169,0
pde_nominal,8,12750,14,1,41,0,41,1,0,9.58402729315,0
pde_nominal,5,14366,8,1,23,0,23,1,0,4.43905610161,0
pde_nominal,3,12203,9,1,12,0,0,1,0,11.4868191528,0
pde_nominal,9,12920,9,1,36,0,36,1,0,5.03030331118,0
pde_nominal,7,11782,10,1,38,0,38,1,0,8.79973886585,0
pde_nominal,2,12802,5,0,57,0,17,1,0,6.75345761483,0
pde_nominal,9,12916,2,0,104,0,68,1,0,6.29420248345,0
pde_nominal,9,12912,6,0,23,0,23,1,0,3.41729506433,0
pde_nominal,2,12801,3,0,78,0,78,1,0,8.85111237091,0
pde_nominal,2,14098,3,0,0,0,0,0,0,10.0976477361,0
pde_nominal,0,14290,2,0,88,0,88,1,0,4.96082472124,0
pde_nominal,8,12730,15,1,2,0,2,1,0,6.95216390526,0
pde_nominal,8,12727,2,0,14,0,0,1,0,8.52000071243,0
pde_nominal,6,13102,13,1,1,0,0,1,0,6.96116418808,0
pde_nominal,8,12725,1,0,38,0,16,1,0,7.27115594615,0
pde_nominal,0,14284,8,1,16,0,8,1,0,7.38778145442,0
pde_nominal,2,12790,10,1,36,0,14,1,0,4.29986508295,0
pde_nominal,3,12184,6,0,45,8,53,1,1,4.9374471609,0
pde_nominal,5,14335,15,1,78,0,78,1,0,4.52947804649,0
pde_nominal,2,12786,15,1,87,0,87,1,0,4.79375927635,0
pde_nominal,7,11760,6,0,80,0,80,1,0,9.66220770715,0
pde_nominal,3,12181,15,1,21,0,19,1,0,3.64927891631,0
pde_nominal,9,12897,0,0,11,0,11,1,0,3.57684650254,0
pde_nominal,3,12180,8,1,42,0,41,1,0,3.90085389921,0
pde_nominal,9,12894,12,1,62,0,33,1,0,5.80996139632,0
pde_nominal,3,12175,14,1,5,0,1,1,0,6.66221484411,0
pde_nominal,6,13086,7,0,26,0,26,1,0,4.61842978995,0
pde_nominal,3,12172,6,0,28,0,28,1,0,5.71888292451,0
pde_nominal,9,12883,10,1,29,0,29,1,0,4.45568416527,0
pde_nominal,4,14410,9,1,103,0,103,1,0,8.35838300732,0
pde_nominal,2,12760,8,1,31,0,31,1,0,6.18596158717,0
pde_nominal,4,14408,2,0,56,0,55,1,0,4.41523663115,0
pde_nominal,6,13081,4,0,39,0,37,1,0,3.29694401072,0
pde_nominal,0,14261,1,0,44,0,31,1,0,5.16487924235,0
pde_nominal,5,14323,1,0,43,0,21,1,0,7.12304516218,0
pde_nominal,6,14245,15,1,45,0,45,1,0,4.85582637353,0
pde_nominal,7,11748,6,0,28,0,28,1,0,4.10438095647,0
pde_nominal,0,14258,1,0,54,0,47,1,0,4.38506440598,0
pde_nominal,6,13077,11,1,46,0,40,1,0,4.13594770721,0
pde_nominal,9,12879,3,0,14,0,14,1,0,4.43075059167,0
pde_nominal,0,14257,3,0,56,0,52,1,0,3.60482847709,0
pde_nominal,4,14403,9,1,37,0,37,1,0,7.93434624441,0
pde_nominal,0,14252,2,0,30,0,30,1,0,4.50911355487,0
pde_nominal,7,11744,8,1,12,0,12,1,0,4.84368751119,0
pde_nominal,7,11743,7,0,56,0,56,1,0,6.29750637657,0
pde_nominal,3,12165,1,0,179,0,163,1,0,8.93886623112,0
pde_nominal,1,13733,14,1,27,0,9,1,0,3.81413424716,0
pde_nominal,2,12744,15,1,19,0,4,1,0,7.30512711106,0
pde_nominal,2,12740,13,1,14,12,0,1,1,6.84668147132,0
pde_nominal,3,12158,15,1,4,0,0,1,0,3.93912721621,0
pde_nominal,4,14396,1,0,4,0,0,1,0,3.21373130014,0
pde_nominal,2,12736,1,0,16,0,0,1,0,7.94425698956,0
pde_nominal,4,14393,2,0,12,0,1,1,0,4.39104934349,0
pde_nominal,6,13059,0,0,6,0,0,1,0,4.47524784714,0
pde_nominal,1,13725,4,0,8,0,1,1,0,8.4401221253,0
pde_nominal,5,14311,6,0,32,0,2,1,0,5.77066203738,0
pde_nominal,4,14391,3,0,5,0,0,1,0,3.72393503039,0
pde_nominal,8,12684,12,1,65,0,53,1,0,5.86911460817,0
pde_nominal,7,11729,15,1,20,0,20,1,0,4.15932643309,0
pde_nominal,8,12677,15,1,7,0,7,1,0,3.57283239994,0
pde_nominal,3,12153,15,1,74,0,62,1,0,14.0170920202,0
pde_nominal,3,12150,15,1,64,0,45,1,0,7.98807967081,0
pde_nominal,1,13716,11,1,36,0,32,1,0,5.52832245948,0
pde_nominal,4,14374,12,1,2,0,2,1,0,3.83165520859,0
pde_nominal,3,12147,8,1,87,0,87,1,0,7.70956775238,0
pde_nominal,7,13895,8,1,97,0,97,1,0,12.0262650812,0
pde_nominal,7,11718,11,1,19,0,19,1,0,4.77012220235,0
pde_nominal,5,14291,2,0,12,0,0,1,0,7.22457683978,0
pde_nominal,8,12662,13,1,31,0,16,1,0,5.76241561455,0
pde_nominal,4,14369,12,1,96,0,86,1,0,8.50115153714,0
pde_nominal,3,12146,13,1,99,0,52,1,0,8.07695126575,0
pde_nominal,8,12660,6,0,31,0,25,1,0,4.96097694448,0
pde_nominal,5,14287,14,1,33,0,18,1,0,5.07434630954,0
pde_nominal,9,12852,0,0,70,0,41,1,0,8.22175188805,0
pde_nominal,4,14364,4,0,62,0,62,1,0,5.25518663392,0
pde_nominal,6,13037,3,0,110,0,110,1,0,8.57348612335,0
pde_nominal,2,12705,9,1,54,0,54,1,0,3.72321615535,0
pde_nominal,8,12652,11,1,10,0,9,1,0,4.46353272443,0
pde_nominal,3,12138,5,0,1,0,0,1,0,8.33686037283,0
pde_nominal,5,14283,13,1,121,0,117,1,0,6.59313066655,0
pde_nominal,3,12136,12,1,87,0,70,1,0,5.55992209848,0
pde_nominal,9,12837,12,1,28,0,20,1,0,9.44122385438,0
pde_nominal,9,12835,7,0,18,0,18,1,0,7.17984006571,0
pde_nominal,2,12695,12,1,20,0,20,1,0,5.66912948566,0
pde_nominal,5,14278,4,0,32,0,32,1,0,12.787809061,0
pde_nominal,6,13020,13,1,29,0,18,1,0,6.92203879515,0
pde_nominal,8,12643,13,1,42,0,40,1,0,4.65696387466,0
pde_nominal,9,12828,7,0,34,0,34,1,0,4.4789333736,0
pde_nominal,6,13015,6,0,70,0,59,1,0,5.93984814418,0
pde_nominal,3,12125,11,1,18,0,0,1,0,7.0513872682,0
pde_nominal,1,13693,15,1,34,0,30,1,0,10.3072154931,0
pde_nominal,1,13688,4,0,38,0,38,1,0,7.01350318521,0
pde_nominal,0,14181,0,0,51,0,51,1,0,8.81179704249,0
pde_nominal,0,14180,11,1,13,0,13,1,0,9.12613893164,0
pde_nominal,4,14332,1,0,23,0,23,1,0,4.49676272503,0
pde_nominal,6,13007,14,1,74,0,74,1,0,5.00112533454,0
pde_nominal,1,13685,5,0,50,0,50,1,0,4.48536544019,0
pde_nominal,4,14331,2,0,22,19,41,1,1,6.48184841118,0
pde_nominal,8,12637,6,0,48,19,67,1,1,5.50916032713,0
pde_nominal,1,13683,6,0,43,0,43,1,0,5.49826296679,0
pde_nominal,8,12634,15,1,19,0,19,1,0,5.20474850813,0
pde_nominal,9,12811,12,1,20,0,20,1,0,5.46251560276,0
pde_nominal,1,13680,2,0,14,0,14,1,0,3.60442620794,0
pde_nominal,9,12809,14,1,21,0,21,1,0,4.7104025942,0
pde_nominal,0,14173,6,0,45,0,45,1,0,6.68681602111,0
pde_nominal,7,11674,10,1,19,0,19,1,0,5.4685018984,0
pde_nominal,5,14265,10,1,7,0,0,1,0,4.27246368798,0
pde_nominal,9,12806,0,0,20,0,18,1,0,3.85497172892,0
pde_nominal,2,12674,14,1,16,0,16,1,0,5.82218810685,0
pde_nominal,4,14327,0,0,35,0,24,1,0,5.86384173347,0
pde_nominal,5,14260,10,1,7,0,7,1,0,5.7876392838,0
pde_nominal,6,12994,15,1,68,0,68,1,0,7.60819216041,0
pde_nominal,0,14158,11,1,47,0,47,1,0,9.75013595187,0
pde_nominal,0,14507,11,1,0,0,0,0,0,12.7576769173,0
pde_nominal,6,12993,3,0,55,0,55,1,0,4.76341692284,0
pde_nominal,9,12799,4,0,87,0,87,1,0,7.92682419307,0
pde_nominal,5,14258,9,1,52,0,51,1,0,9.21572802677,0
pde_nominal,8,12623,7,0,16,0,16,1,0,9.20297964216,0
pde_nominal,0,14153,7,0,0,0,0,1,0,3.53494861809,0
pde_nominal,2,12671,10,1,166,0,149,1,0,9.77868864782,0
pde_nominal,8,12614,14,1,19,0,19,1,0,4.13966972118,0
pde_nominal,6,12986,13,1,48,0,23,1,0,5.29220404848,0
pde_nominal,6,12984,6,0,23,0,23,1,0,3.10159861057,0
pde_nominal,3,12090,7,0,92,0,92,1,0,6.09601574665,0
pde_nominal,3,12084,1,0,31,0,31,1,0,9.63137198653,0
pde_nominal,0,14140,5,0,55,0,55,1,0,5.68672504859,0
pde_nominal,7,11653,4,0,49,0,49,1,0,3.87740782549,0
pde_nominal,6,12977,3,0,15,0,15,1,0,5.22123108194,0
pde_nominal,6,14247,4,0,19,0,19,1,0,6.69889090761,0
pde_nominal,6,12974,0,0,30,0,30,1,0,3.51444479135,0
pde_nominal,5,14248,5,0,32,0,32,1,0,5.2323947176,0
pde_nominal,5,14602,5,0,0,0,0,0,0,5.80566785298,0
pde_nominal,9,12783,10,1,44,0,44,1,0,4.89306176496,0
pde_nominal,0,14133,3,0,84,0,84,1,0,5.61543994723,0
pde_nominal,0,14508,3,0,0,0,0,0,0,6.04381950974,0
pde_nominal,1,13649,6,0,91,0,91,1,0,8.31850565593,0
pde_nominal,3,12072,8,1,88,0,88,1,0,4.70135127077,0
pde_nominal,5,14238,4,0,72,0,72,1,0,4.39753192269,0
pde_nominal,0,14128,0,0,9,0,9,1,0,5.48750207421,0
pde_nominal,7,11646,9,1,194,0,194,1,0,8.90515461458,0
pde_nominal,1,13645,7,0,38,0,38,1,0,3.40811076265,0
pde_nominal,6,12956,5,0,9,0,4,1,0,3.53954375257,0
pde_nominal,4,14305,10,1,104,0,67,1,0,6.23960328251,0
pde_nominal,7,11640,1,0,63,0,63,1,0,6.65325298344,0
pde_nominal,5,14231,14,1,15,0,15,1,0,5.23865548114,0
pde_nominal,9,12773,14,1,8,0,8,1,0,4.04620084608,0
pde_nominal,3,12059,8,1,30,0,30,1,0,4.27723142171,0
pde_nominal,1,13636,12,1,88,0,71,1,0,6.2515599541,0
pde_nominal,7,11636,11,1,32,0,32,1,0,6.88746027534,0
pde_nominal,8,12571,9,1,80,0,75,1,0,5.52910461992,0
pde_nominal,6,12951,12,1,26,0,14,1,0,4.76572571869,0
pde_nominal,4,14293,4,0,29,0,29,1,0,5.76283818961,0
pde_nominal,6,12949,2,0,78,0,78,1,0,5.05488564501,0
pde_nominal,2,12625,7,0,68,0,68,1,0,5.19957232908,0
pde_nominal,3,12051,9,1,18,0,18,1,0,3.30735864749,0
pde_nominal,3,12050,3,0,52,0,31,1,0,4.82846797065,0
pde_nominal,8,12565,7,0,2,0,0,1,0,5.54397710256,0
pde_nominal,2,12623,2,0,57,0,18,1,0,8.14378666117,0
pde_nominal,8,12563,4,0,2,0,0,1,0,3.66027339627,0
pde_nominal,0,14105,9,1,16,0,0,1,0,4.16176581274,0
pde_nominal,9,12761,10,1,27,0,27,1,0,3.78892585552,0
pde_nominal,3,12044,13,1,52,0,29,1,0,6.2587778327,0
pde_nominal,1,13625,9,1,26,10,19,1,1,5.3419254124,0
pde_nominal,2,12617,11,1,35,0,12,1,0,8.01424580226,0
pde_nominal,0,14092,3,0,23,0,23,1,0,4.41638908548,0
pde_nominal,4,14282,2,0,55,0,55,1,0,3.88031275396,0
pde_nominal,4,14281,14,1,5,0,5,1,0,4.03116607958,0
pde_nominal,9,12755,5,0,3,0,1,1,0,6.86538383216,0
pde_nominal,5,14211,1,0,5,0,0,1,0,3.3421588538,0
pde_nominal,1,13620,7,0,57,0,57,1,0,5.34771892909,0
pde_nominal,9,12749,15,1,12,0,0,1,0,3.88335175012,0
pde_nominal,6,12926,1,0,17,0,0,1,0,3.98430947283,0
pde_nominal,7,11609,4,0,25,0,25,1,0,4.97442071632,0
pde_nominal,1,13613,8,1,69,43,102,1,1,9.8127076853,0
pde_nominal,6,12920,4,0,7,0,0,1,0,4.83723364676,0
pde_nominal,0,14079,2,0,42,0,0,1,0,5.18445038239,0
pde_nominal,9,12746,15,1,19,0,0,1,0,4.30283059689,0
pde_nominal,4,14272,12,1,9,0,0,1,0,5.17331066649,0
pde_nominal,0,14078,14,1,15,0,0,1,0,3.70949878172,0
pde_nominal,1,13608,8,1,7,0,7,1,0,5.88156859891,0
pde_nominal,3,12021,15,1,41,0,41,1,0,6.25568480342,0
pde_nominal,8,12541,15,1,47,0,47,1,0,3.85531452534,0
pde_nominal,1,13602,11,1,75,0,54,1,0,11.0270381298,0
pde_nominal,2,12607,10,1,443,0,280,1,0,28.977587109,0
pde_nominal,1,13600,7,0,46,18,64,1,1,6.66354745877,0
pde_nominal,6,12912,4,0,120,0,120,1,0,6.87426813982,0
pde_nominal,7,11591,0,0,13,0,13,1,0,4.702481825,0
pde_nominal,9,12735,9,1,5,0,5,1,0,3.90757497583,0
pde_nominal,3,12011,13,1,109,0,105,1,0,10.3119671077,0
pde_nominal,9,12733,0,0,8,0,0,1,0,8.31129838396,0
pde_nominal,2,12601,11,1,84,0,58,1,0,8.66045624332,0
pde_nominal,3,12005,13,1,11,0,11,1,0,5.32662879727,0
pde_nominal,5,14172,9,1,2,0,0,1,0,5.41073426853,0
pde_nominal,6,14249,10,1,2,0,2,1,0,13.8522114309,0
pde_nominal,7,11569,15,1,38,0,38,1,0,4.5685942859,0
pde_nominal,8,12518,12,1,129,0,129,1,0,5.17498425244,0
pde_nominal,9,12719,4,0,7,0,0,1,0,13.4349680359,0
pde_nominal,4,14244,3,0,14,0,0,1,0,3.51006974425,0
pde_nominal,4,14243,14,1,3,0,0,1,0,4.45311905229,0
pde_nominal,8,12513,4,0,31,0,12,1,0,4.78711636879,0
pde_nominal,1,13575,8,1,4,0,4,1,0,4.25391840709,0
pde_nominal,7,11564,8,1,20,0,20,1,0,3.39450181562,0
pde_nominal,9,12716,4,0,10,0,8,1,0,10.2181200056,0
pde_nominal,8,12510,12,1,27,0,27,1,0,10.7613976947,0
pde_nominal,7,11556,6,0,23,0,23,1,0,4.99841857108,0
pde_nominal,7,13900,6,0,0,0,0,0,0,7.64472700625,0
pde_nominal,4,14236,15,1,39,0,39,1,0,5.5784125169,0
pde_nominal,8,12505,7,0,45,0,34,1,0,3.93534380488,0
pde_nominal,1,13566,2,0,22,0,22,1,0,6.29091763377,0
pde_nominal,7,11546,14,1,58,0,58,1,0,4.94298992076,0
pde_nominal,8,12497,8,1,51,0,39,1,0,4.61758742,0
pde_nominal,0,14044,11,1,100,0,57,1,0,9.52105056692,0
pde_nominal,3,11976,7,0,21,0,13,1,0,5.24756138061,0
pde_nominal,9,12702,2,0,45,0,27,1,0,5.13554726689,0
pde_nominal,4,14225,8,1,10,0,7,1,0,4.19130633204,0
pde_nominal,1,13560,8,1,46,0,33,1,0,4.3216444412,0
pde_nominal,0,14041,0,0,21,0,15,1,0,3.7864723169,0
pde_nominal,4,14224,15,1,62,0,56,1,0,4.9889958213,0
pde_nominal,8,12489,8,1,35,0,35,1,0,4.65436574801,0
pde_nominal,5,14151,5,0,250,0,199,1,0,17.9571497431,0
pde_nominal,0,14038,11,1,25,0,25,1,0,5.6488729344,0
pde_nominal,6,12877,2,0,15,0,15,1,0,3.05075347796,0
pde_nominal,0,14037,3,0,50,0,27,1,0,7.68435234138,0
pde_nominal,4,14216,4,0,13,0,13,1,0,4.36024608135,0
pde_nominal,2,12555,0,0,45,0,37,1,0,4.99527839647,0
pde_nominal,7,11533,11,1,21,0,21,1,0,6.58980168422,0
pde_nominal,7,13902,11,1,0,0,0,0,0,11.7230508345,0
pde_nominal,6,12874,4,0,22,0,20,1,0,4.63742514509,0
pde_nominal,3,11970,11,1,14,0,1,1,0,3.6496537381,0
pde_nominal,0,14036,1,0,60,0,35,1,0,6.83548913864,0
pde_nominal,4,14214,12,1,41,0,29,1,0,7.88656577282,0
pde_nominal,5,14144,10,1,5,0,5,1,0,5.36022122004,0
pde_nominal,8,12479,1,0,2,0,0,1,0,4.40794730775,0
pde_nominal,6,12868,7,0,21,0,15,1,0,5.59472998109,0
pde_nominal,2,12546,1,0,45,0,36,1,0,6.21882065284,0
pde_nominal,5,14136,4,0,78,0,77,1,0,4.16777136282,0
pde_nominal,7,11527,2,0,50,0,50,1,0,7.15483832602,0
pde_nominal,6,12865,1,0,70,0,37,1,0,7.67150952301,0
pde_nominal,1,13536,15,1,30,0,0,1,0,20.1328252154,0
pde_nominal,1,13532,4,0,6,0,6,1,0,3.35154379355,0
pde_nominal,7,11523,0,0,70,0,70,1,0,10.2813539836,0
pde_nominal,0,14022,6,0,72,0,63,1,0,5.30286943845,0
pde_nominal,8,12465,14,1,35,0,5,1,0,5.96946544308,0
pde_nominal,6,12861,10,1,86,0,35,1,0,5.79451639117,0
pde_nominal,9,12673,5,0,25,0,1,1,0,4.92011011568,0
pde_nominal,3,11946,7,0,24,0,0,1,0,6.97819730122,0
pde_nominal,7,11513,11,1,4,0,4,1,0,3.37207852988,0
pde_nominal,4,14193,1,0,35,0,30,1,0,6.31699242572,0
pde_nominal,1,13518,12,1,7,0,7,1,0,6.12718107885,0
pde_nominal,2,12529,13,1,7,0,7,1,0,6.17587995017,0
pde_nominal,3,11944,11,1,67,0,65,1,0,4.22204972786,0
pde_nominal,8,12455,15,1,10,0,10,1,0,5.14871670014,0
pde_nominal,9,12666,11,1,13,0,11,1,0,3.78119522178,0
pde_nominal,5,14604,5,0,22,0,6,1,0,8.36400108153,0
pde_nominal,0,14010,13,1,50,0,34,1,0,7.94456951642,0
pde_nominal,0,14009,11,1,22,0,18,1,0,5.11388262302,0
pde_nominal,9,12664,12,1,20,0,17,1,0,5.43274897063,0
pde_nominal,2,12526,6,0,85,0,53,1,0,5.46139228111,0
pde_nominal,5,14122,5,0,134,0,67,1,0,8.35424762909,0
pde_nominal,0,13999,15,1,21,0,21,1,0,3.56919497571,0
pde_nominal,3,11932,2,0,6,0,6,1,0,3.54121843418,0
pde_nominal,1,13504,15,1,45,0,23,1,0,7.42088631971,0
pde_nominal,9,12652,8,1,63,0,35,1,0,6.72141177672,0
pde_nominal,8,12449,10,1,61,0,35,1,0,13.4661981499,0
pde_nominal,3,11929,2,0,39,0,39,1,0,5.65601921949,0
pde_nominal,3,11928,0,0,37,0,37,1,0,11.5627174113,0
pde_nominal,0,13985,2,0,29,0,29,1,0,3.73157232185,0
pde_nominal,1,13497,14,1,38,0,38,1,0,8.28873964768,0
pde_nominal,3,11927,2,0,102,0,100,1,0,8.01043238668,0
pde_nominal,4,14169,12,1,17,0,17,1,0,3.13840078126,0
pde_nominal,0,13982,8,1,106,0,106,1,0,6.13186364201,0
pde_nominal,8,12441,7,0,59,0,59,1,0,3.79670611247,0
pde_nominal,2,12502,0,0,20,0,20,1,0,4.86080610035,0
pde_nominal,5,14106,7,0,97,0,97,1,0,6.98734447554,0
pde_nominal,8,12438,4,0,31,0,31,1,0,5.19568542526,0
pde_nominal,1,13490,8,1,59,0,52,1,0,5.12990272499,0
pde_nominal,0,13975,10,1,51,0,45,1,0,7.13586807355,0
pde_nominal,4,14163,0,0,37,0,1,1,0,6.45508611345,0
pde_nominal,1,13487,0,0,42,0,1,1,0,7.10964578099,0
pde_nominal,4,14159,7,0,21,0,20,1,0,16.7217632598,0
pde_nominal,5,14097,15,1,8,0,8,1,0,3.78806496068,0
pde_nominal,0,13969,2,0,10,0,10,1,0,9.17663227692,0
pde_nominal,6,12827,5,0,67,0,67,1,0,4.78700368643,0
pde_nominal,2,12496,0,0,28,15,33,1,1,6.36151264621,0
pde_nominal,3,11912,3,0,14,0,11,1,0,3.41850908044,0
pde_nominal,6,12824,6,0,22,0,12,1,0,7.09403330173,0
pde_nominal,9,12633,11,1,68,0,36,1,0,6.41154153951,0
pde_nominal,7,11469,13,1,57,0,57,1,0,6.2142319889,0
pde_nominal,5,14092,9,1,55,0,49,1,0,5.60582692258,0
pde_nominal,1,13477,6,0,2,0,2,1,0,3.73932768326,0
pde_nominal,8,12427,6,0,33,0,28,1,0,7.56993394769,0
pde_nominal,4,14151,3,0,24,0,8,1,0,4.29257741299,0
pde_nominal,4,14150,2,0,20,0,4,1,0,4.11909163291,0
pde_nominal,0,13967,15,1,25,0,0,1,0,8.12442666968,0
pde_nominal,3,11898,15,1,6,0,0,1,0,5.67191610194,0
pde_nominal,9,14136,11,1,94,0,24,1,0,12.4277115572,0
pde_nominal,7,13904,7,0,21,0,21,1,0,6.62465695459,0
pde_nominal,3,11892,7,0,38,0,35,1,0,4.26474074423,0
pde_nominal,1,13468,14,1,61,0,45,1,0,5.81953790012,0
pde_nominal,5,14080,11,1,69,0,67,1,0,6.7040379972,0
pde_nominal,9,12619,4,0,24,0,24,1,0,3.48077569133,0
pde_nominal,3,11887,10,1,15,0,8,1,0,4.89442836217,0
pde_nominal,1,13466,3,0,103,0,81,1,0,5.35242934537,0
pde_nominal,2,12473,7,0,6,0,3,1,0,4.55167743374,0
pde_nominal,2,12471,12,1,7,0,6,1,0,6.8656905946,0
pde_nominal,4,14139,12,1,93,0,64,1,0,7.41776108746,0
pde_nominal,3,11878,0,0,39,0,39,1,0,3.27671062768,0
pde_nominal,8,12416,5,0,64,0,64,1,0,9.16053084654,0
pde_nominal,3,11875,0,0,62,0,62,1,0,5.49787769602,0
pde_nominal,1,13458,14,1,126,0,126,1,0,11.0609789486,0
pde_nominal,1,13456,15,1,28,32,60,1,1,5.82356078154,0
pde_nominal,7,11442,1,0,14,0,14,1,0,4.22784427585,0
pde_nominal,0,13944,3,0,21,0,21,1,0,6.12749668938,0
pde_nominal,7,11438,11,1,27,0,27,1,0,8.71010699336,0
pde_nominal,1,13451,9,1,25,0,25,1,0,8.82993586819,0
pde_nominal,4,14129,2,0,53,0,41,1,0,6.09553695406,0
pde_nominal,5,14063,12,1,77,0,45,1,0,5.41835148906,0
pde_nominal,5,14605,12,1,0,0,0,0,0,8.95255871375,0
pde_nominal,6,12788,2,0,36,0,1,1,0,4.07780537969,0
pde_nominal,9,12600,2,0,35,0,35,1,0,6.09437722699,0
pde_nominal,7,11431,6,0,51,0,51,1,0,9.10737086067,0
pde_nominal,6,12783,4,0,41,0,22,1,0,6.03076050812,0
pde_nominal,4,14124,12,1,92,0,87,1,0,6.13393151773,0
pde_nominal,1,13443,13,1,14,0,14,1,0,4.62033327138,0
pde_nominal,8,12398,8,1,49,0,49,1,0,5.07165883532,0
pde_nominal,4,14123,5,0,16,0,16,1,0,8.43397915883,0
pde_nominal,2,12450,9,1,19,0,19,1,0,3.28205503313,0
pde_nominal,0,13936,0,0,78,0,78,1,0,7.53053749581,0
pde_nominal,0,13935,6,0,58,0,58,1,0,7.38266569375,0
pde_nominal,4,14122,15,1,148,0,148,1,0,9.16106382992,0
pde_nominal,2,12441,4,0,38,0,38,1,0,4.59008722245,0
pde_nominal,4,14117,5,0,38,0,38,1,0,6.97412020022,0
pde_nominal,5,14048,4,0,53,22,74,1,1,6.52011914102,0
pde_nominal,6,12772,5,0,12,0,12,1,0,3.94931229814,0
pde_nominal,9,12585,13,1,74,0,50,1,0,4.54223317401,0
pde_nominal,1,13431,4,0,60,0,41,1,0,4.32157052332,0
pde_nominal,0,13925,9,1,38,0,26,1,0,4.21602468288,0
pde_nominal,7,11420,8,1,50,0,50,1,0,3.20197201686,0
pde_nominal,0,13923,8,1,22,0,16,1,0,4.28979239596,0
pde_nominal,3,11836,2,0,10,0,7,1,0,5.1215824055,0
pde_nominal,0,13921,6,0,25,0,25,1,0,3.62380073945,0
pde_nominal,2,12435,0,0,53,0,32,1,0,3.56376133102,0
pde_nominal,3,11831,10,1,20,0,15,1,0,3.48072518114,0
pde_nominal,2,12433,12,1,97,0,69,1,0,6.76963752122,0
pde_nominal,7,11404,8,1,22,11,9,1,1,4.25792109084,0
pde_nominal,8,12367,10,1,28,0,23,1,0,7.74671074884,0
pde_nominal,7,11400,10,1,23,0,23,1,0,3.86488862174,0
pde_nominal,1,13419,11,1,45,0,30,1,0,4.35814394822,0
pde_nominal,5,14032,8,1,16,0,1,1,0,4.21117847519,0
pde_nominal,9,12567,2,0,29,0,20,1,0,4.81141605244,0
pde_nominal,1,13413,7,0,38,0,29,1,0,5.52796623596,0
pde_nominal,8,12357,2,0,52,0,52,1,0,3.50031145473,0
pde_nominal,1,13406,13,1,52,0,49,1,0,4.82456332415,0
pde_nominal,9,12558,3,0,30,0,13,1,0,5.95920103417,0
pde_nominal,6,12753,7,0,6,0,0,1,0,5.68556752711,0
pde_nominal,0,13899,9,1,16,0,16,1,0,4.39747065301,0
pde_nominal,2,12415,15,1,52,0,52,1,0,13.0952223212,0
pde_nominal,7,11389,8,1,26,0,26,1,0,4.67424616185,0
pde_nominal,0,13896,14,1,51,0,51,1,0,5.22219538825,0
pde_nominal,6,12747,12,1,22,0,22,1,0,3.83884020229,0
pde_nominal,0,13891,8,1,10,0,3,1,0,5.28089425392,0
pde_nominal,1,13398,0,0,16,0,12,1,0,4.38576846271,0
pde_nominal,6,12742,3,0,38,0,32,1,0,4.52409016275,0
pde_nominal,3,11811,8,1,127,0,120,1,0,7.27187993424,0
pde_nominal,7,11382,14,1,77,0,77,1,0,7.47968393925,0
pde_nominal,8,12342,12,1,80,0,80,1,0,4.55782365282,0
pde_nominal,7,11380,11,1,18,0,18,1,0,3.60279831884,0
pde_nominal,6,12736,9,1,7,0,7,1,0,3.98354446499,0
pde_nominal,6,12735,5,0,49,0,49,1,0,5.30077638283,0
pde_nominal,7,11379,12,1,100,0,100,1,0,4.87041435995,0
pde_nominal,2,12400,13,1,5,0,5,1,0,5.45188323786,0
pde_nominal,0,13879,2,0,7,0,7,1,0,4.0185333946,0
pde_nominal,0,13877,14,1,43,0,43,1,0,3.64589271372,0
pde_nominal,2,12393,4,0,31,0,19,1,0,4.80248996223,0
pde_nominal,3,11798,7,0,11,0,0,1,0,4.6338748146,0
pde_nominal,2,12391,6,0,10,0,2,1,0,4.66902698708,0
pde_nominal,5,14008,11,1,15,0,15,1,0,4.43111847566,0
pde_nominal,1,13385,8,1,23,0,18,1,0,4.31956301489,0
pde_nominal,9,12532,7,0,24,0,19,1,0,4.37277086941,0
pde_nominal,1,13378,3,0,16,0,16,1,0,5.53383861339,0
pde_nominal,9,12527,9,1,84,0,67,1,0,5.85631646326,0
pde_nominal,5,14000,1,0,46,0,23,1,0,6.81067633555,0
pde_nominal,8,12323,3,0,69,0,55,1,0,3.95432819842,0
pde_nominal,1,13369,2,0,16,0,12,1,0,5.29453748796,0
pde_nominal,4,14042,10,1,91,0,88,1,0,7.34966239953,0
pde_nominal,2,12377,4,0,42,0,42,1,0,4.7614761576,0
pde_nominal,7,11351,8,1,120,0,120,1,0,8.50545491837,0
pde_nominal,5,13993,6,0,72,0,69,1,0,7.99122410359,0
pde_nominal,1,13365,9,1,43,0,22,1,0,4.28186191481,0
pde_nominal,9,12518,11,1,59,0,31,1,0,5.12395703032,0
pde_nominal,6,12719,5,0,131,0,103,1,0,7.2836383796,0
pde_nominal,8,12319,9,1,9,0,1,1,0,6.7101028064,0
pde_nominal,0,13860,10,1,24,0,4,1,0,3.88335306815,0
pde_nominal,4,14034,1,0,40,0,36,1,0,6.58034437381,0
pde_nominal,7,11346,5,0,56,0,56,1,0,4.54092419734,0
pde_nominal,5,13984,7,0,16,0,5,1,0,4.10728329602,0
pde_nominal,2,12363,9,1,24,0,24,1,0,6.0083311707,0
pde_nominal,8,12311,5,0,129,0,78,1,0,7.22660553137,0
pde_nominal,3,11772,4,0,104,0,103,1,0,5.35064070632,0
pde_nominal,8,12307,13,1,64,0,64,1,0,5.82969188372,0
pde_nominal,0,13853,7,0,12,0,12,1,0,4.60943283913,0
pde_nominal,4,14015,10,1,21,0,21,1,0,3.79257059103,0
pde_nominal,9,12502,1,0,57,0,25,1,0,4.25606220225,0
pde_nominal,2,12353,15,1,12,0,0,1,0,4.90890795388,0
pde_nominal,1,13345,2,0,36,0,4,1,0,3.43156147536,0
pde_nominal,4,14014,6,0,58,0,29,1,0,4.87013835435,0
pde_nominal,7,11330,15,1,17,0,17,1,0,3.98819074339,0
pde_nominal,5,13961,12,1,30,0,30,1,0,4.82620298089,0
pde_nominal,5,13959,9,1,16,0,16,1,0,4.01674550029,0
pde_nominal,6,12698,7,0,145,0,145,1,0,6.97104866228,0
pde_nominal,4,14003,7,0,29,0,20,1,0,5.94370660803,0
pde_nominal,9,12492,0,0,48,0,38,1,0,3.90661937546,0
pde_nominal,0,13835,9,1,17,0,13,1,0,5.36429814874,0
pde_nominal,0,13833,5,0,1,0,0,1,0,6.14335436343,0
pde_nominal,5,13952,2,0,25,0,0,1,0,4.94736818155,0
pde_nominal,8,12287,8,1,1,0,0,1,0,3.34911618324,0
pde_nominal,9,12488,0,0,15,0,3,1,0,6.81695197862,0
pde_nominal,0,13831,14,1,27,0,7,1,0,6.10252697994,0
pde_nominal,9,12486,15,1,20,0,20,1,0,9.95843138497,0
pde_nominal,8,12285,13,1,89,0,83,1,0,4.98122323005,0
pde_nominal,5,13945,7,0,1,0,1,1,0,4.82142107343,0
pde_nominal,0,13827,6,0,2,0,2,1,0,2.94874658843,0
pde_nominal,7,11319,2,0,19,0,19,1,0,11.2784175478,0
pde_nominal,2,12332,5,0,3,0,0,1,0,6.7291778629,0
pde_nominal,5,13944,4,0,92,0,68,1,0,9.94300467056,0
pde_nominal,5,13943,10,1,34,0,34,1,0,4.84599364049,0
pde_nominal,3,11738,9,1,67,0,67,1,0,3.78157262353,0
pde_nominal,4,13984,0,0,16,0,16,1,0,8.63552652623,0
pde_nominal,6,12685,8,1,118,49,167,1,1,10.7382062908,0
pde_nominal,8,13811,11,1,0,0,0,1,0,5.08231157816,0
pde_nominal,7,11311,10,1,48,0,48,1,0,5.62407124446,0
pde_nominal,9,12465,8,1,20,0,8,1,0,4.16005954115,0
pde_nominal,1,13319,9,1,29,0,10,1,0,4.31169103758,0
pde_nominal,2,12321,10,1,49,0,20,1,0,5.63060744912,0
pde_nominal,1,13309,12,1,2,0,0,1,0,3.93312139712,0
pde_nominal,3,11725,10,1,96,0,3,1,0,6.71140976166,0
pde_nominal,1,13308,12,1,118,22,92,1,1,8.63912454196,0
pde_nominal,8,12266,3,0,126,0,88,1,0,9.4561154195,0
pde_nominal,5,13926,11,1,54,0,42,1,0,5.83419652055,0
pde_nominal,5,13925,11,1,19,0,0,1,0,7.90291145221,0
pde_nominal,2,12311,6,0,85,0,58,1,0,8.16487247911,0
pde_nominal,8,12264,2,0,56,0,38,1,0,4.92308923524,0
pde_nominal,1,13304,14,1,13,0,13,1,0,4.01283019157,0
pde_nominal,2,12309,8,1,50,0,50,1,0,5.39319283318,0
pde_nominal,5,13922,4,0,15,0,15,1,0,13.5499678368,0
pde_nominal,0,13802,8,1,34,0,34,1,0,6.8590379206,0
pde_nominal,0,13800,6,0,4,0,4,1,0,4.19118518147,0
pde_nominal,0,13796,12,1,38,0,34,1,0,6.69189227741,0
pde_nominal,6,12667,5,0,27,0,0,1,0,5.13223662627,0
pde_nominal,9,12447,9,1,14,0,5,1,0,7.28392966258,0
pde_nominal,7,11300,9,1,10,0,10,1,0,3.75735417953,0
pde_nominal,6,12665,3,0,29,0,29,1,0,4.36866630644,0
pde_nominal,7,11296,2,0,29,0,29,1,0,5.13469314698,0
pde_nominal,4,13976,10,1,45,0,45,1,0,6.75747562085,0
pde_nominal,8,12258,12,1,83,0,82,1,0,4.70646105846,0
pde_nominal,2,12300,14,1,31,0,27,1,0,7.71520643606,0
pde_nominal,9,12441,9,1,14,0,0,1,0,5.79648642099,0
pde_nominal,6,12662,4,0,7,0,3,1,0,6.43565403014,0
pde_nominal,1,13285,11,1,10,0,1,1,0,7.68994661013,0
pde_nominal,5,13908,0,0,11,0,1,1,0,4.87287231437,0
pde_nominal,2,12296,5,0,18,7,16,1,1,5.61013123689,0
pde_nominal,3,11709,8,1,55,0,27,1,0,3.68111183171,0
pde_nominal,4,13966,9,1,50,0,30,1,0,5.6544190557,0
pde_nominal,5,13903,6,0,32,0,3,1,0,4.1639406882,0
pde_nominal,5,13902,2,0,21,0,4,1,0,7.2849752377,0
pde_nominal,9,12437,14,1,87,0,32,1,0,7.96518406695,0
pde_nominal,8,12251,14,1,6,0,0,1,0,5.05706037943,0
pde_nominal,4,13960,12,1,52,0,2,1,0,7.00398596513,0
pde_nominal,8,12250,13,1,50,0,0,1,0,9.06209370562,0
pde_nominal,6,12653,13,1,61,0,6,1,0,10.0008704318,0
pde_nominal,9,12434,11,1,21,0,11,1,0,4.64381419381,0
pde_nominal,2,12288,15,1,22,0,20,1,0,6.6157220149,0
pde_nominal,7,11279,15,1,79,0,79,1,0,4.90072008894,0
pde_nominal,6,12648,10,1,83,0,78,1,0,6.50160586408,0
pde_nominal,5,13889,9,1,101,0,94,1,0,6.55245867771,0
pde_nominal,4,13957,6,0,19,0,19,1,0,3.92156115766,0
pde_nominal,1,13275,3,0,102,49,146,1,1,13.1808307829,0
pde_nominal,2,12284,12,1,114,0,114,1,0,5.81037523728,0
pde_nominal,7,11277,0,0,168,0,168,1,0,12.7855611416,0
pde_nominal,0,13774,2,0,19,0,8,1,0,8.04047100172,0
pde_nominal,5,13883,5,0,72,0,67,1,0,6.52622886944,0
pde_nominal,1,13268,12,1,61,0,61,1,0,4.62877813705,0
pde_nominal,4,13954,12,1,307,0,301,1,0,15.179830714,0
pde_nominal,7,11275,5,0,94,0,94,1,0,5.53205728334,0
pde_nominal,5,13882,13,1,88,0,88,1,0,6.61154485243,0
pde_nominal,1,13267,5,0,225,0,193,1,0,11.7716527303,0
pde_nominal,4,13949,9,1,50,0,33,1,0,8.49292643404,0
pde_nominal,9,12408,3,0,38,0,25,1,0,4.33430678945,0
pde_nominal,2,12271,2,0,14,0,9,1,0,3.67028202773,0
pde_nominal,1,13265,14,1,38,16,54,1,1,4.92202389403,0
pde_nominal,4,13944,6,0,52,0,52,1,0,7.9659572841,0
pde_nominal,9,12404,4,0,131,0,131,1,0,5.54713273871,0
pde_nominal,3,15392,0,0,72,0,72,1,0,5.4819870636,0
pde_nominal,1,13263,11,1,79,0,79,1,0,6.34289349865,0
pde_nominal,1,13262,15,1,10,0,5,1,0,3.25777139093,0
pde_nominal,7,11267,0,0,41,0,41,1,0,7.0168780064,0
pde_nominal,8,12231,10,1,59,0,56,1,0,3.59449569294,0
pde_nominal,3,15388,12,1,73,0,65,1,0,6.64806944535,0
pde_nominal,5,13865,12,1,58,0,35,1,0,7.85929288506,0
pde_nominal,0,13754,12,1,19,0,15,1,0,10.6147492282,0
pde_nominal,0,13750,14,1,39,0,29,1,0,5.84015580486,0
pde_nominal,6,12628,3,0,38,0,31,1,0,8.57367627996,0
pde_nominal,4,13934,11,1,4,0,4,1,0,4.71052995612,0
pde_nominal,0,13745,6,0,48,0,27,1,0,5.25332968946,0
pde_nominal,9,12397,4,0,46,0,22,1,0,6.48685769753,0
pde_nominal,9,12394,11,1,13,0,8,1,0,3.23407803329,0
pde_nominal,8,12228,14,1,107,0,81,1,0,8.664232832,0
pde_nominal,7,11259,15,1,36,0,36,1,0,3.49844211994,0
pde_nominal,4,13925,6,0,8,0,7,1,0,8.28184696282,0
pde_nominal,2,12253,9,1,185,0,114,1,0,12.7236592774,0
pde_nominal,7,11256,7,0,54,25,54,1,1,7.82375203495,0
pde_nominal,8,12218,7,0,11,0,10,1,0,6.76132171996,0
pde_nominal,5,13852,12,1,36,0,32,1,0,4.67222884988,0
pde_nominal,4,13920,7,0,24,0,24,1,0,4.36900503099,0
pde_nominal,8,12217,11,1,70,0,46,1,0,4.77055977478,0
pde_nominal,0,13728,9,1,15,0,1,1,0,7.03683258311,0
pde_nominal,5,13848,7,0,57,0,34,1,0,6.47038901921,0
pde_nominal,6,12614,12,1,14,0,4,1,0,5.1634724864,0
pde_nominal,0,13723,14,1,17,0,17,1,0,3.22690582683,0
pde_nominal,7,11249,3,0,62,0,62,1,0,4.72493656258,0
pde_nominal,8,12215,8,1,149,0,114,1,0,8.67284972381,0
pde_nominal,0,13722,14,1,63,0,58,1,0,5.00077072083,0
pde_nominal,9,12373,7,0,2,0,2,1,0,8.72964501517,0
pde_nominal,9,12372,10,1,60,0,60,1,0,4.53562943978,0
pde_nominal,1,13234,15,1,69,0,69,1,0,6.70298749179,0
pde_nominal,0,13716,5,0,3,0,0,1,0,3.72815570259,0
pde_nominal,6,12602,13,1,25,0,25,1,0,6.42068034922,0
pde_nominal,6,14255,13,1,0,0,0,0,0,8.53684722503,0
pde_nominal,8,12199,6,0,52,0,52,1,0,5.09924624922,0
pde_nominal,0,13710,3,0,33,25,58,1,1,6.33917369311,0
pde_nominal,2,12238,5,0,122,0,122,1,0,6.18625035481,0
pde_nominal,9,12365,5,0,17,0,17,1,0,9.28005938799,0
pde_nominal,4,13895,12,1,16,0,16,1,0,5.23510843286,0
pde_nominal,8,12191,14,1,69,0,69,1,0,5.06997130611,0
pde_nominal,0,13703,5,0,54,0,54,1,0,4.39169873313,0
pde_nominal,3,15358,15,1,9,0,0,1,0,5.91316676336,0
pde_nominal,5,13832,11,1,152,0,124,1,0,9.85745220495,0
pde_nominal,5,13831,10,1,40,0,40,1,0,4.52233211803,0
pde_nominal,7,11218,5,0,51,0,51,1,0,3.67438979178,0
pde_nominal,7,11217,1,0,19,0,19,1,0,4.61121765775,0
pde_nominal,7,13909,1,0,0,0,0,0,0,6.8875769169,0
pde_nominal,0,13695,11,1,22,0,12,1,0,4.39665098477,0
pde_nominal,2,12226,2,0,36,0,13,1,0,8.70627532371,0
pde_nominal,8,12182,5,0,81,0,48,1,0,6.54291113241,0
pde_nominal,2,12223,2,0,47,0,47,1,0,3.85540478136,0
pde_nominal,0,13692,11,1,46,0,46,1,0,8.61127421429,0
pde_nominal,1,13212,10,1,155,0,123,1,0,10.0935302951,0
pde_nominal,0,13688,5,0,5,0,0,1,0,4.66484332386,0
pde_nominal,3,15350,3,0,28,0,28,1,0,3.73450912172,0
pde_nominal,4,13881,6,0,90,0,80,1,0,9.23945631468,0
pde_nominal,5,13820,9,1,31,0,31,1,0,4.96036181717,0
pde_nominal,6,12581,11,1,175,0,135,1,0,12.5979920704,0
pde_nominal,3,15347,15,1,12,0,12,1,0,3.05696714435,0
pde_nominal,6,12577,12,1,42,0,42,1,0,4.23047140294,0
pde_nominal,1,13205,2,0,17,0,17,1,0,4.28835627781,0
pde_nominal,3,15344,9,1,16,0,13,1,0,7.82006168892,0
pde_nominal,2,12216,8,1,205,0,198,1,0,8.62558838802,0
pde_nominal,1,13204,8,1,145,0,139,1,0,8.71099098568,0
pde_nominal,1,13203,14,1,9,0,9,1,0,4.69459874824,0
pde_nominal,0,13683,15,1,87,0,82,1,0,7.00995037191,0
pde_nominal,4,13876,8,1,26,0,13,1,0,4.05250343243,0
pde_nominal,9,12336,2,0,15,0,15,1,0,3.71367442046,0
pde_nominal,0,13679,4,0,120,0,111,1,0,5.49701192571,0
pde_nominal,6,12562,4,0,5,0,2,1,0,4.1257826279,0
pde_nominal,1,13192,2,0,14,0,14,1,0,5.43566341096,0
pde_nominal,2,12202,8,1,22,7,22,1,1,5.25150064772,0
pde_nominal,4,13857,3,0,17,0,5,1,0,8.24921475688,0
pde_nominal,0,13674,15,1,46,0,23,1,0,4.9965561009,0
pde_nominal,1,13187,13,1,86,0,58,1,0,8.44347748083,0
pde_nominal,6,12556,3,0,82,0,82,1,0,5.54591606562,0
pde_nominal,0,13666,7,0,24,0,24,1,0,4.83939389274,0
pde_nominal,4,13847,4,0,28,0,28,1,0,3.65755911188,0
pde_nominal,6,12550,11,1,21,0,21,1,0,4.04845791691,0
pde_nominal,6,14256,11,1,0,0,0,0,0,6.54033031882,0
pde_nominal,0,13664,15,1,28,0,28,1,0,7.47212669399,0
pde_nominal,0,13663,14,1,73,0,73,1,0,6.63201569536,0
pde_nominal,2,12185,15,1,20,0,13,1,0,5.92227498215,0
pde_nominal,4,13844,14,1,68,0,41,1,0,7.90364580533,0
pde_nominal,1,13167,5,0,76,0,51,1,0,5.52076494345,0
pde_nominal,3,15323,10,1,23,0,23,1,0,3.72469806331,0
pde_nominal,5,13792,4,0,43,0,40,1,0,4.82779914362,0
pde_nominal,4,13835,9,1,7,0,7,1,0,4.82685716448,0
pde_nominal,9,12304,12,1,31,0,28,1,0,5.12256563424,0
pde_nominal,8,13813,5,0,37,0,30,1,0,6.45105195318,0
pde_nominal,6,12538,3,0,4,0,2,1,0,11.7511032728,0
pde_nominal,8,12148,12,1,21,0,17,1,0,4.92445475189,0
pde_nominal,2,12176,8,1,60,0,41,1,0,3.76805174176,0
pde_nominal,7,11160,11,1,5,0,5,1,0,4.16320761156,0
pde_nominal,3,15309,2,0,15,0,15,1,0,4.55900107891,0
pde_nominal,4,13827,8,1,131,0,131,1,0,5.71093221073,0
pde_nominal,4,13825,1,0,46,0,46,1,0,5.27145414693,0
pde_nominal,2,12167,9,1,86,0,86,1,0,7.88808213705,0
pde_nominal,0,13628,14,1,17,0,17,1,0,2.84860904937,0
pde_nominal,8,12139,14,1,101,0,101,1,0,5.62829555287,0
pde_nominal,5,13774,3,0,115,0,115,1,0,6.81449199944,0
pde_nominal,5,14606,3,0,0,0,0,0,0,7.28699031289,0
pde_nominal,9,12291,1,0,40,0,40,1,0,4.59544953565,0
pde_nominal,9,12289,2,0,9,0,9,1,0,4.65370581739,0
pde_nominal,3,15292,1,0,44,0,44,1,0,8.59449833152,0
pde_nominal,5,13770,5,0,21,0,21,1,0,3.12614142442,0
pde_nominal,9,12285,1,0,11,0,11,1,0,4.14742610484,0
pde_nominal,6,12505,15,1,44,0,44,1,0,3.72772350599,0
pde_nominal,5,13766,12,1,83,0,83,1,0,5.23488462371,0
pde_nominal,6,12501,7,0,48,0,48,1,0,6.32644906919,0
pde_nominal,5,13765,3,0,28,0,28,1,0,4.76466147386,0
pde_nominal,3,15287,0,0,81,0,81,1,0,4.40434028754,0
pde_nominal,5,14607,5,0,117,0,117,1,0,13.4002219513,0
pde_nominal,3,15282,8,1,24,0,24,1,0,4.66775008941,0
pde_nominal,3,15279,7,0,60,0,60,1,0,5.73359748327,0
pde_nominal,0,13609,14,1,47,0,47,1,0,4.29944293083,0
pde_nominal,9,12272,10,1,124,0,124,1,0,8.58334451777,0
pde_nominal,8,12125,1,0,63,0,63,1,0,3.98461557342,0
pde_nominal,5,13754,9,1,10,0,10,1,0,4.1710647645,0
pde_nominal,6,12493,0,0,56,0,56,1,0,5.70849906404,0
pde_nominal,8,12124,2,0,23,0,23,1,0,6.86373594231,0
pde_nominal,5,13748,5,0,3,0,3,1,0,5.90975393164,0
pde_nominal,3,15267,10,1,95,0,95,1,0,6.63382632638,0
pde_nominal,3,15266,10,1,50,0,50,1,0,5.58491413182,0
pde_nominal,4,13778,10,1,14,0,14,1,0,4.99476872353,0
pde_nominal,0,13590,14,1,47,0,47,1,0,7.08876167692,0
pde_nominal,5,13744,10,1,112,0,112,1,0,6.52462129914,0
pde_nominal,5,13742,9,1,11,0,11,1,0,3.31365683654,0
pde_nominal,5,13740,7,0,21,0,21,1,0,4.9245814025,0
pde_nominal,3,15255,0,0,19,19,38,1,1,7.73965628565,0
pde_nominal,7,11108,8,1,59,0,59,1,0,3.26007065363,0
pde_nominal,5,13735,3,0,54,0,54,1,0,6.04666569087,0
pde_nominal,0,13581,4,0,129,0,129,1,0,6.67344558799,0
pde_nominal,2,12102,14,1,103,0,103,1,0,10.0067242771,0
pde_nominal,6,12455,9,1,39,0,39,1,0,9.11338422747,0
pde_nominal,4,13752,6,0,20,0,20,1,0,4.16684107732,0
pde_nominal,8,12078,11,1,105,0,105,1,0,5.76791506548,0
pde_nominal,0,13578,13,1,79,0,79,1,0,12.9126399826,0
pde_nominal,6,12451,3,0,72,0,72,1,0,4.96548273748,0
pde_nominal,4,13749,6,0,79,0,79,1,0,6.24446010541,0
pde_nominal,1,13079,14,1,184,0,184,1,0,8.19619532612,0
pde_nominal,7,11091,2,0,125,0,125,1,0,5.81529269727,0
pde_nominal,4,13746,5,0,23,0,23,1,0,5.92372699536,0
pde_nominal,5,13715,6,0,35,0,35,1,0,4.46078995121,0
pde_nominal,1,13075,15,1,22,0,22,1,0,3.7024446248,0
pde_nominal,2,12092,9,1,76,0,76,1,0,5.33913817876,0
pde_nominal,9,12221,4,0,37,0,37,1,0,5.42715125709,0
pde_nominal,1,13072,6,0,19,0,19,1,0,5.08341683764,0
pde_nominal,6,12450,3,0,239,0,239,1,0,13.0796534916,0
pde_nominal,1,13071,2,0,55,0,55,1,0,6.27853204408,0
pde_nominal,6,12447,14,1,57,0,57,1,0,4.97829721893,0
pde_nominal,8,12072,12,1,113,0,113,1,0,5.16623045328,0
pde_nominal,4,13740,10,1,11,0,11,1,0,5.44693380709,0
pde_nominal,3,15229,13,1,119,0,119,1,0,7.62583124837,0
pde_nominal,6,12442,4,0,17,0,17,1,0,3.27283616415,0
pde_nominal,5,13706,6,0,25,0,25,1,0,6.66944485027,0
pde_nominal,7,11080,10,1,62,0,62,1,0,3.32807406554,0
pde_nominal,0,13565,7,0,90,0,90,1,0,6.73270718366,0
pde_nominal,1,13063,15,1,16,0,16,1,0,8.19861609248,0
pde_nominal,5,13697,2,0,55,0,55,1,0,8.010149404,0
pde_nominal,0,13562,10,1,96,0,96,1,0,5.43008507681,0
pde_nominal,3,15224,6,0,121,0,121,1,0,6.76287481561,0
pde_nominal,9,12208,0,0,7,0,7,1,0,3.89309875454,0
pde_nominal,1,13057,1,0,41,0,41,1,0,4.63922440452,0
pde_nominal,1,13050,3,0,38,0,38,1,0,5.63956473949,0
pde_nominal,2,12066,6,0,66,0,66,1,0,9.82859673276,0
pde_nominal,5,13693,7,0,87,0,87,1,0,9.14175803652,0
pde_nominal,5,13690,7,0,34,0,0,1,0,5.98751652167,0
pde_nominal,6,12423,12,1,11,0,0,1,0,5.26903693744,0
pde_nominal,1,13042,3,0,12,0,3,1,0,6.31793199941,0
pde_nominal,3,15211,9,1,28,0,15,1,0,3.87145052996,0
pde_nominal,3,15209,3,0,20,15,28,1,1,6.88683682934,0
pde_nominal,1,13040,9,1,34,0,20,1,0,6.18260427195,0
pde_nominal,0,13557,6,0,80,0,77,1,0,10.195438682,0
pde_nominal,7,15439,1,0,79,0,79,1,0,6.28181527906,0
pde_nominal,0,13556,5,0,53,0,33,1,0,5.74581644964,0
pde_nominal,2,12056,7,0,21,0,19,1,0,3.22479513903,0
pde_nominal,3,15201,0,0,15,0,0,1,0,3.26308426101,0
pde_nominal,8,12040,7,0,51,0,43,1,0,3.30630099235,0
pde_nominal,1,13035,8,1,24,0,24,1,0,3.18797200109,0
pde_nominal,0,13550,1,0,25,0,25,1,0,3.95652458306,0
pde_nominal,6,12413,9,1,77,0,77,1,0,9.49139227453,0
pde_nominal,9,12199,0,0,14,0,14,1,0,5.94332294864,0
pde_nominal,8,12036,3,0,82,0,82,1,0,3.75062546651,0
pde_nominal,2,12051,12,1,14,0,6,1,0,5.7253440774,0
pde_nominal,4,13707,14,1,6,0,6,1,0,4.97505717258,0
pde_nominal,6,12410,10,1,62,0,55,1,0,4.90184007364,0
pde_nominal,4,13706,14,1,41,0,41,1,0,8.94026521627,0
pde_nominal,7,15426,6,0,69,0,69,1,0,9.053021184,0
pde_nominal,3,15192,15,1,102,0,77,1,0,5.02789650528,0
pde_nominal,4,13705,13,1,11,0,6,1,0,4.18547561931,0
pde_nominal,6,12408,9,1,9,0,1,1,0,4.89845430791,0
pde_nominal,3,15188,13,1,17,0,17,1,0,5.95145564052,0
pde_nominal,3,15187,2,0,44,0,44,1,0,4.53903362912,0
pde_nominal,8,15376,2,0,9,0,9,1,0,3.534378377,0
pde_nominal,1,13027,3,0,13,0,0,1,0,5.78544076323,0
pde_nominal,0,13543,4,0,35,0,0,1,0,8.33046773105,0
pde_nominal,3,15185,4,0,67,0,0,1,0,4.50442388968,0
pde_nominal,3,15405,4,0,0,0,0,0,0,6.80475249436,0
pde_nominal,5,13673,1,0,51,0,23,1,0,4.57423254624,0
pde_nominal,1,13023,7,0,28,0,28,1,0,3.23853987273,0
pde_nominal,0,13539,4,0,11,0,11,1,0,3.21299886066,0
pde_nominal,2,12043,10,1,121,0,121,1,0,6.48712605426,0
pde_nominal,4,13689,14,1,43,0,26,1,0,6.83436519631,0
pde_nominal,4,13688,15,1,9,0,5,1,0,7.18370475056,0
pde_nominal,6,12398,7,0,15,0,15,1,0,3.79920344448,0
pde_nominal,1,13013,2,0,73,0,70,1,0,6.48834353578,0
pde_nominal,7,15404,8,1,51,0,51,1,0,5.7804813897,0
pde_nominal,3,15176,1,0,48,0,43,1,0,4.53979934678,0
pde_nominal,4,13679,2,0,10,0,4,1,0,4.57610846376,0
pde_nominal,7,15402,5,0,34,0,34,1,0,3.72935853796,0
pde_nominal,2,12030,15,1,55,0,35,1,0,3.56189800947,0
pde_nominal,7,15400,9,1,67,0,67,1,0,5.90510106373,0
pde_nominal,5,13654,8,1,32,21,26,1,1,8.36609157173,0
pde_nominal,6,12385,2,0,7,0,6,1,0,2.98883898442,0
pde_nominal,5,13652,13,1,36,0,36,1,0,5.24407800457,0
pde_nominal,3,15169,14,1,166,0,103,1,0,10.8224617632,0
pde_nominal,4,13663,7,0,26,0,26,1,0,7.07865272182,0
pde_nominal,0,13516,0,0,38,0,38,1,0,5.41252121589,0
pde_nominal,2,12017,12,1,72,0,68,1,0,3.41618058644,0
pde_nominal,9,12167,4,0,73,0,60,1,0,5.74710620937,0
pde_nominal,3,15166,1,0,91,0,84,1,0,6.00312661513,0
pde_nominal,7,15387,15,1,72,0,72,1,0,10.6953720168,0
pde_nominal,0,13514,13,1,97,0,97,1,0,4.49248759206,0
pde_nominal,3,15163,2,0,21,0,21,1,0,6.03695599687,0
pde_nominal,2,12013,9,1,153,0,153,1,0,6.38559404381,0
pde_nominal,0,13511,13,1,46,0,46,1,0,3.60418006396,0
pde_nominal,7,15383,8,1,50,0,50,1,0,4.22763363909,0
pde_nominal,1,12990,2,0,66,0,66,1,0,9.03088945544,0
pde_nominal,6,12371,2,0,103,0,103,1,0,4.56684827641,0
pde_nominal,6,12370,8,1,74,0,74,1,0,5.23655198005,0
pde_nominal,7,15381,15,1,7,0,7,1,0,5.67939413147,0
pde_nominal,5,13641,10,1,11,0,6,1,0,4.05095783242,0
pde_nominal,4,13656,13,1,73,0,64,1,0,5.87642034609,0
pde_nominal,5,13640,1,0,64,0,35,1,0,4.75341508264,0
pde_nominal,0,13499,10,1,10,0,5,1,0,5.58616973574,0
pde_nominal,0,13498,0,0,31,0,18,1,0,4.77847681114,0
pde_nominal,3,15143,15,1,27,0,27,1,0,6.53864037491,0
pde_nominal,4,13650,13,1,33,0,33,1,0,3.49950124446,0
pde_nominal,9,12149,7,0,23,0,23,1,0,4.41202793396,0
pde_nominal,8,15329,13,1,14,0,14,1,0,10.5220932553,0
pde_nominal,1,12982,13,1,32,0,32,1,0,3.79151862419,0
pde_nominal,8,15328,7,0,62,0,60,1,0,5.19787542593,0
pde_nominal,9,12148,15,1,221,0,172,1,0,9.93715784517,0
pde_nominal,6,12360,14,1,51,0,51,1,0,3.82675894703,0
pde_nominal,3,15137,11,1,78,0,78,1,0,7.61324396055,0
pde_nominal,7,15369,5,0,108,0,108,1,0,5.29683252977,0
pde_nominal,0,13488,6,0,46,0,33,1,0,5.45731913959,0
pde_nominal,6,12355,11,1,28,0,27,1,0,2.98366772003,0
pde_nominal,1,12975,12,1,65,0,65,1,0,6.57290863005,0
pde_nominal,3,15128,6,0,88,0,88,1,0,7.19417524968,0
pde_nominal,1,12974,6,0,27,0,27,1,0,3.44952217934,0
pde_nominal,5,13621,1,0,57,0,57,1,0,4.53354095503,0
pde_nominal,4,13635,0,0,36,0,36,1,0,4.33740689999,0
pde_nominal,8,15313,0,0,11,0,11,1,0,3.95665389328,0
pde_nominal,9,12142,8,1,19,0,19,1,0,3.38630661057,0
pde_nominal,0,13479,3,0,113,0,113,1,0,6.01362462654,0
pde_nominal,1,12969,10,1,81,0,81,1,0,8.70659456851,0
pde_nominal,4,13629,3,0,83,0,83,1,0,10.7495384016,0
pde_nominal,7,15359,12,1,35,0,35,1,0,5.142884325,0
pde_nominal,7,15354,7,0,65,0,65,1,0,7.0654902718,0
pde_nominal,2,11957,2,0,98,0,72,1,0,4.23972792094,0
pde_nominal,6,12342,6,0,20,0,13,1,0,7.67341378223,0
pde_nominal,2,11956,0,0,80,0,68,1,0,3.81585431706,0
pde_nominal,8,15300,9,1,10,0,1,1,0,5.13978528983,0
pde_nominal,1,12959,8,1,8,0,4,1,0,4.94976172716,0
pde_nominal,9,12121,6,0,46,0,39,1,0,5.3248756504,0
pde_nominal,4,13612,3,0,27,0,18,1,0,5.2695795118,0
pde_nominal,1,12947,11,1,14,0,9,1,0,7.61933989665,0
pde_nominal,4,13608,8,1,44,0,35,1,0,4.24443315992,0
pde_nominal,8,15296,11,1,16,0,8,1,0,6.05537955135,0
pde_nominal,2,11951,1,0,82,0,52,1,0,4.41876117885,0
pde_nominal,5,13602,11,1,20,0,20,1,0,5.37447650524,0
pde_nominal,0,13454,12,1,67,0,67,1,0,6.98207565848,0
pde_nominal,0,14519,12,1,0,0,0,0,0,8.55622855116,0
pde_nominal,5,13599,10,1,5,0,5,1,0,4.0114539259,0
pde_nominal,2,15561,9,1,86,0,86,1,0,7.12629777637,0
pde_nominal,3,15104,7,0,26,0,26,1,0,4.19716327335,0
pde_nominal,7,15333,12,1,82,0,82,1,0,4.44912817691,0
pde_nominal,8,15284,2,0,75,0,75,1,0,3.97978007266,0
pde_nominal,1,12942,0,0,63,0,63,1,0,4.00663811215,0
pde_nominal,1,12941,12,1,25,0,23,1,0,4.1031026794,0
pde_nominal,1,12940,8,1,21,0,16,1,0,8.28541794673,0
pde_nominal,7,15328,5,0,16,0,16,1,0,4.67896427297,0
pde_nominal,3,15094,1,0,33,0,17,1,0,13.7246014481,0
pde_nominal,3,15406,1,0,0,0,0,0,0,15.5276511561,0
pde_nominal,5,13584,12,1,7,0,0,1,0,6.80161720498,0
pde_nominal,9,12090,14,1,13,0,0,1,0,4.34550627448,0
pde_nominal,0,13445,9,1,47,0,12,1,0,5.69574575629,0
pde_nominal,7,15325,14,1,24,0,24,1,0,3.05349230733,0
pde_nominal,1,12931,10,1,31,0,19,1,0,6.85004982483,0
pde_nominal,8,15271,15,1,11,0,0,1,0,7.57534029164,0
pde_nominal,5,13578,5,0,39,0,15,1,0,6.41257158322,0
pde_nominal,5,13574,14,1,5,0,0,1,0,5.09717495074,0
pde_nominal,1,12923,13,1,42,0,41,1,0,4.3488420293,0
pde_nominal,8,15262,12,1,8,0,8,1,0,3.26039494258,0
pde_nominal,2,15542,14,1,161,0,137,1,0,8.32481683401,0
pde_nominal,1,12920,7,0,34,0,0,1,0,5.18545494757,0
pde_nominal,6,14262,1,0,33,0,0,1,0,9.68640684994,0
pde_nominal,2,15538,10,1,60,0,15,1,0,5.21033539715,0
pde_nominal,2,15534,12,1,86,0,86,1,0,5.70147375302,0
pde_nominal,0,13426,4,0,7,0,7,1,0,4.62410512055,0
pde_nominal,9,12069,6,0,26,0,26,1,0,7.08830886951,0
pde_nominal,7,15309,15,1,69,0,69,1,0,6.65385822095,0
pde_nominal,2,15533,10,1,14,0,14,1,0,8.38993319016,0
pde_nominal,3,15071,1,0,20,0,10,1,0,5.15776708483,0
pde_nominal,5,13552,8,1,28,0,25,1,0,3.34915992802,0
pde_nominal,1,12914,14,1,74,0,32,1,0,9.92864477752,0
pde_nominal,5,14611,8,1,0,0,0,0,0,4.83042542458,0
pde_nominal,2,15530,15,1,51,22,70,1,1,5.58715002595,0
pde_nominal,9,12065,8,1,82,0,68,1,0,4.66801203183,0
pde_nominal,3,15064,5,0,14,0,14,1,0,3.03093887292,0
pde_nominal,9,12064,5,0,29,0,29,1,0,5.47886280947,0
pde_nominal,6,12300,1,0,59,0,58,1,0,5.13123466363,0
pde_nominal,5,13546,0,0,19,0,19,1,0,8.22451238496,0
pde_nominal,6,12299,3,0,11,0,11,1,0,4.89924350182,0
pde_nominal,1,12910,15,1,46,0,46,1,0,5.36704360034,0
pde_nominal,6,12296,9,1,32,0,32,1,0,5.15716114781,0
pde_nominal,7,15295,7,0,86,0,86,1,0,7.30996865333,0
pde_nominal,0,13415,0,0,55,0,55,1,0,5.58191791548,0
pde_nominal,2,15524,2,0,79,0,79,1,0,10.121641805,0
pde_nominal,6,12293,1,0,14,0,14,1,0,5.31287397401,0
pde_nominal,3,15061,9,1,56,0,56,1,0,6.68122280596,0
pde_nominal,7,15291,5,0,61,0,61,1,0,10.6307814195,0
pde_nominal,5,13535,1,0,27,0,27,1,0,6.71835798027,0
pde_nominal,8,15238,0,0,128,0,127,1,0,6.54079733654,0
pde_nominal,6,12286,10,1,44,0,44,1,0,6.39350714685,0
pde_nominal,5,13530,14,1,20,0,1,1,0,7.60404187942,0
pde_nominal,2,15518,8,1,11,0,7,1,0,4.72788557759,0
pde_nominal,1,12899,8,1,52,0,41,1,0,5.18056094224,0
pde_nominal,6,12281,5,0,19,0,15,1,0,4.42897533375,0
pde_nominal,2,15516,1,0,56,0,48,1,0,6.05887635332,0
pde_nominal,8,15234,0,0,30,0,27,1,0,4.37371222958,0
pde_nominal,1,12897,14,1,50,0,50,1,0,6.72609348478,0
pde_nominal,1,12896,6,0,8,0,8,1,0,4.09259788442,0
pde_nominal,8,15233,13,1,91,0,91,1,0,4.6102338063,0
pde_nominal,3,15048,10,1,62,0,62,1,0,4.70452594377,0
pde_nominal,1,12893,2,0,142,0,142,1,0,6.56011719574,0
pde_nominal,4,13538,4,0,9,0,9,1,0,4.68646479808,0
pde_nominal,3,15044,6,0,24,0,24,1,0,3.55800406399,0
pde_nominal,6,12269,4,0,132,0,132,1,0,6.41505683679,0
pde_nominal,0,13389,6,0,53,0,53,1,0,6.01213647442,0
pde_nominal,5,13520,14,1,68,0,68,1,0,5.17946982328,0
pde_nominal,2,15506,15,1,55,0,55,1,0,4.23179218763,0
pde_nominal,9,12035,1,0,75,0,75,1,0,6.48552543925,0
pde_nominal,5,13517,0,0,30,0,30,1,0,3.70192791237,0
pde_nominal,2,15504,14,1,5,0,5,1,0,3.86001178456,0
pde_nominal,6,12264,0,0,23,0,23,1,0,7.26561624595,0
pde_nominal,8,15223,9,1,72,0,72,1,0,5.99355385564,0
pde_nominal,1,12881,15,1,76,0,76,1,0,3.86060318659,0
pde_nominal,1,12880,2,0,27,0,27,1,0,6.54425553829,0
pde_nominal,7,15274,15,1,215,0,215,1,0,11.8594731179,0
pde_nominal,4,13519,0,0,34,0,34,1,0,12.4324239231,0
pde_nominal,1,12876,9,1,65,0,65,1,0,5.85081034461,0
pde_nominal,9,12024,6,0,13,0,13,1,0,4.26907854505,0
pde_nominal,0,13379,14,1,67,0,67,1,0,8.05980860932,0
pde_nominal,4,13515,3,0,32,0,32,1,0,8.0571448648,0
pde_nominal,0,13376,11,1,40,0,40,1,0,4.49495870847,0
pde_nominal,6,12253,5,0,85,0,85,1,0,5.20332639995,0
pde_nominal,6,12250,5,0,40,0,40,1,0,3.4391688705,0
pde_nominal,0,13372,15,1,21,0,21,1,0,7.16850619004,0
pde_nominal,8,15210,14,1,53,0,53,1,0,3.97928718623,0
pde_nominal,1,12871,13,1,170,0,163,1,0,9.74243911479,0
pde_nominal,5,13498,12,1,18,0,0,1,0,3.64448753485,0
pde_nominal,9,12019,8,1,52,33,85,1,1,7.0042594498,0
pde_nominal,6,12246,5,0,103,0,99,1,0,10.8966255302,0
pde_nominal,3,15019,4,0,55,0,48,1,0,4.6167958011,0
pde_nominal,1,12870,6,0,162,0,124,1,0,14.2443310092,0
pde_nominal,9,12015,4,0,21,7,2,1,1,12.24090086,0
pde_nominal,2,15481,6,0,9,0,2,1,0,4.27753538001,0
pde_nominal,0,13367,12,1,57,0,40,1,0,8.2792558044,0
pde_nominal,8,15203,2,0,220,0,147,1,0,12.5262853011,0
pde_nominal,2,15476,7,0,50,0,45,1,0,5.42207048233,0
pde_nominal,4,13497,12,1,33,0,28,1,0,5.35215982209,0
pde_nominal,5,13491,13,1,48,11,42,1,1,8.43795484484,0
pde_nominal,6,12238,12,1,49,0,8,1,0,5.11979511065,0
pde_nominal,4,13491,14,1,12,0,12,1,0,3.31908305717,0
pde_nominal,3,15410,10,1,71,0,71,1,0,6.32296085569,0
pde_nominal,4,13490,7,0,80,0,80,1,0,6.57080032123,0
pde_nominal,5,13481,7,0,29,0,29,1,0,3.78237096858,0
pde_nominal,8,15190,11,1,206,0,148,1,0,11.6465800318,0
pde_nominal,6,12221,8,1,5,0,3,1,0,4.71157959113,0
pde_nominal,0,13340,11,1,17,0,13,1,0,4.43716714723,0
pde_nominal,6,12217,12,1,18,0,18,1,0,3.38012423129,0
pde_nominal,4,13482,5,0,11,0,11,1,0,6.85079960908,0
pde_nominal,8,15181,10,1,28,0,27,1,0,6.59059313135,0
pde_nominal,8,15179,11,1,20,0,20,1,0,5.69695354632,0
pde_nominal,7,15245,14,1,34,0,34,1,0,3.58911814203,0
pde_nominal,3,14993,6,0,3,0,3,1,0,4.08981427136,0
pde_nominal,4,13475,10,1,26,0,26,1,0,3.86443252595,0
pde_nominal,6,12211,6,0,23,0,23,1,0,4.16467857209,0
pde_nominal,5,13468,6,0,35,0,34,1,0,5.4211991344,0
pde_nominal,6,12209,6,0,40,0,23,1,0,4.51632879951,0
pde_nominal,6,12208,1,0,37,0,34,1,0,3.46546007463,0
pde_nominal,8,15175,13,1,48,0,39,1,0,4.67911636337,0
pde_nominal,9,11975,6,0,51,0,51,1,0,3.24204445412,0
pde_nominal,8,15170,4,0,10,0,10,1,0,3.69090891672,0
pde_nominal,0,13327,12,1,49,0,43,1,0,7.29261348173,0
pde_nominal,0,13326,12,1,8,0,8,1,0,10.2396904859,0
pde_nominal,6,12202,12,1,86,0,75,1,0,6.01081211549,0
pde_nominal,0,13325,9,1,33,0,26,1,0,3.01820750586,0
pde_nominal,9,11966,1,0,85,0,77,1,0,4.50287283483,0
pde_nominal,1,12785,7,0,15,0,14,1,0,3.32359844187,0
pde_nominal,0,13322,5,0,25,24,26,1,1,14.7504729345,0
pde_nominal,0,13321,14,1,21,0,0,1,0,8.33092311911,0
pde_nominal,3,14973,12,1,10,0,6,1,0,3.52579456166,0
pde_nominal,8,15152,7,0,12,0,10,1,0,3.16052461505,0
pde_nominal,8,15151,3,0,22,0,21,1,0,6.17762508025,0
pde_nominal,4,13457,14,1,91,0,75,1,0,6.73333409902,0
pde_nominal,5,13444,13,1,54,0,51,1,0,4.38613140648,0
pde_nominal,7,15214,7,0,47,0,47,1,0,9.31886808563,0
pde_nominal,7,15213,9,1,60,0,60,1,0,8.02326270994,0
pde_nominal,9,11946,0,0,81,0,81,1,0,4.13478676113,0
pde_nominal,0,13310,14,1,75,0,75,1,0,5.13202681453,0
pde_nominal,1,16263,14,1,22,0,1,1,0,4.27868370061,0
pde_nominal,8,15147,10,1,270,0,246,1,0,17.7864026418,0
pde_nominal,7,15202,8,1,8,0,8,1,0,5.74926709939,0
pde_nominal,9,11934,6,0,52,0,52,1,0,3.38764673429,0
pde_nominal,9,11931,11,1,109,0,107,1,0,4.71972639432,0
pde_nominal,2,15401,8,1,51,0,44,1,0,3.91288574626,0
pde_nominal,0,13293,11,1,6,0,0,1,0,4.40401925763,0
pde_nominal,6,12173,10,1,10,0,0,1,0,4.04747325731,0
pde_nominal,8,15137,14,1,38,0,38,1,0,5.1211695329,0
pde_nominal,8,15382,14,1,0,0,0,0,0,7.65845467325,0
pde_nominal,1,16253,4,0,74,0,70,1,0,5.45189326557,0
pde_nominal,2,15397,14,1,42,0,41,1,0,3.89402368965,0
pde_nominal,4,13437,3,0,23,0,23,1,0,3.94139020231,0
pde_nominal,6,12166,8,1,22,0,22,1,0,4.67240212952,0
pde_nominal,1,16248,11,1,17,0,17,1,0,4.27500896694,0
pde_nominal,6,12164,2,0,4,0,2,1,0,10.0997246341,0
pde_nominal,8,15131,15,1,23,0,15,1,0,4.61573556229,0
pde_nominal,7,15183,1,0,21,0,21,1,0,4.29412069669,0
pde_nominal,6,12152,14,1,56,0,54,1,0,3.35932604813,0
pde_nominal,4,13430,0,0,31,0,24,1,0,5.36253960173,0
pde_nominal,5,13416,5,0,37,0,37,1,0,7.81927406095,0
pde_nominal,1,16244,15,1,10,0,10,1,0,5.01436437713,0
pde_nominal,4,13426,6,0,31,12,24,1,1,4.95812448903,0
pde_nominal,2,15384,1,0,72,0,72,1,0,5.07712685502,0
pde_nominal,0,13275,4,0,96,0,78,1,0,7.37023217592,0
pde_nominal,5,13410,1,0,68,0,57,1,0,6.11927202366,0
pde_nominal,8,15121,13,1,57,0,35,1,0,6.67166808067,0
pde_nominal,7,15167,5,0,45,18,44,1,1,6.1707092797,0
pde_nominal,5,13405,14,1,45,0,20,1,0,10.7667982476,0
pde_nominal,0,13272,3,0,37,0,37,1,0,4.22795232173,0
pde_nominal,3,14927,8,1,55,0,45,1,0,6.10884180395,0
pde_nominal,4,13414,0,0,34,0,27,1,0,4.1215476427,0
pde_nominal,2,15372,6,0,30,0,30,1,0,5.3622460791,0
pde_nominal,8,15112,9,1,87,0,87,1,0,7.59248401538,0
pde_nominal,3,14921,6,0,44,0,31,1,0,4.44113252175,0
pde_nominal,9,11891,15,1,84,0,70,1,0,3.82236174247,0
pde_nominal,2,15366,2,0,86,0,71,1,0,9.05338360078,0
pde_nominal,2,15568,2,0,0,0,0,0,0,10.0706622361,0
pde_nominal,0,13267,9,1,201,0,191,1,0,8.97745946081,0
pde_nominal,2,15363,4,0,11,0,9,1,0,3.47430958154,0
pde_nominal,3,14918,4,0,60,0,56,1,0,6.44352489371,0
pde_nominal,6,12127,10,1,66,0,58,1,0,3.76689351963,0
pde_nominal,5,13394,14,1,10,0,2,1,0,5.99790773414,0
pde_nominal,7,15148,15,1,29,0,29,1,0,4.35630872326,0
pde_nominal,3,14917,11,1,119,0,94,1,0,6.20537669096,0
pde_nominal,4,13397,8,1,42,0,42,1,0,12.0128090292,0
pde_nominal,5,13388,15,1,71,0,71,1,0,6.30127237881,0
pde_nominal,0,13259,8,1,52,0,52,1,0,3.77917782021,0
pde_nominal,3,14910,9,1,21,0,21,1,0,5.18676411842,0
pde_nominal,9,11888,15,1,102,0,102,1,0,4.83983898263,0
pde_nominal,8,15103,1,0,100,0,100,1,0,7.1162795727,0
pde_nominal,0,13252,0,0,11,0,11,1,0,4.49411186072,0
pde_nominal,9,11878,10,1,117,0,117,1,0,4.51482189178,0
pde_nominal,0,13247,13,1,43,0,43,1,0,9.95664607408,0
pde_nominal,8,15096,8,1,132,0,132,1,0,11.3510613478,0
pde_nominal,7,15145,2,0,79,0,79,1,0,4.28544878212,0
pde_nominal,7,15139,1,0,22,0,22,1,0,7.89686516617,0
pde_nominal,7,15446,1,0,0,0,0,0,0,10.3138986636,0
pde_nominal,4,13387,9,1,73,0,48,1,0,5.62035148335,0
pde_nominal,2,15336,4,0,99,0,88,1,0,7.84786555984,0
pde_nominal,2,15334,0,0,61,0,61,1,0,4.56481048693,0
pde_nominal,3,14887,8,1,7,0,7,1,0,4.92941593453,0
pde_nominal,0,13236,15,1,72,0,72,1,0,5.75561694656,0
pde_nominal,3,14886,5,0,57,0,26,1,0,4.03665467459,0
pde_nominal,8,15081,10,1,62,0,28,1,0,5.181722461,0
pde_nominal,0,13235,12,1,93,0,62,1,0,7.54332341072,0
pde_nominal,8,15080,15,1,36,0,36,1,0,4.62299164604,0
pde_nominal,9,15783,3,0,23,0,23,1,0,5.58665769213,0
pde_nominal,6,12093,6,0,101,0,88,1,0,4.60411752242,0
pde_nominal,7,15131,10,1,91,0,91,1,0,4.93358646278,0
pde_nominal,3,14880,13,1,36,0,36,1,0,4.91272602774,0
pde_nominal,0,13232,2,0,26,0,26,1,0,5.72153983544,0
pde_nominal,5,13357,4,0,20,0,20,1,0,3.61641685441,0
pde_nominal,4,13374,8,1,11,0,11,1,0,4.17131598132,0
pde_nominal,1,16208,13,1,19,0,14,1,0,3.39806907378,0
pde_nominal,9,15777,10,1,37,0,32,1,0,4.62433666824,0
pde_nominal,1,16205,11,1,38,0,38,1,0,3.09651611912,0
pde_nominal,0,13229,7,0,70,0,70,1,0,4.16973477329,0
pde_nominal,9,15772,12,1,14,0,8,1,0,4.80931271979,0
pde_nominal,8,15076,11,1,44,0,12,1,0,9.85225898376,0
pde_nominal,5,13352,5,0,39,23,56,1,1,10.6959334744,0
pde_nominal,3,14875,3,0,72,0,66,1,0,5.00365392024,0
pde_nominal,8,15070,13,1,19,0,19,1,0,10.5773440382,0
pde_nominal,2,15312,14,1,58,0,58,1,0,6.02951497054,0
pde_nominal,1,16203,11,1,221,0,210,1,0,10.9038936328,0
pde_nominal,6,12084,0,0,48,0,20,1,0,3.9507914,0
pde_nominal,0,13226,14,1,35,0,35,1,0,3.86664446505,0
pde_nominal,0,13225,1,0,31,0,15,1,0,5.80719389432,0
pde_nominal,4,13363,3,0,17,0,3,1,0,12.8859641313,0
pde_nominal,4,13357,11,1,11,0,11,1,0,5.85407248886,0
pde_nominal,8,15060,9,1,58,0,58,1,0,6.6880194724,0
pde_nominal,3,14859,3,0,84,0,84,1,0,7.17615032173,0
pde_nominal,8,15058,3,0,63,0,63,1,0,4.86887540302,0
pde_nominal,6,15885,13,1,29,0,29,1,0,3.39870991279,0
pde_nominal,7,15104,5,0,44,0,44,1,0,7.99519765548,0
pde_nominal,4,13347,5,0,41,0,41,1,0,8.56298952662,0
pde_nominal,9,15755,14,1,196,0,193,1,0,13.097069399,0
pde_nominal,3,14847,0,0,44,0,44,1,0,5.90097203004,0
pde_nominal,4,13339,14,1,38,0,38,1,0,4.16191942548,0
pde_nominal,3,14844,6,0,7,0,7,1,0,3.81224875304,0
pde_nominal,9,15747,8,1,35,0,34,1,0,3.79454718435,0
pde_nominal,8,15051,7,0,50,0,50,1,0,5.73128231966,0
pde_nominal,4,13331,7,0,23,0,23,1,0,5.68201639541,0
pde_nominal,8,15049,1,0,5,0,5,1,0,4.07584937052,0
pde_nominal,6,15871,8,1,89,0,89,1,0,5.14864998437,0
pde_nominal,1,16178,15,1,22,0,0,1,0,4.93352124767,0
pde_nominal,4,13326,1,0,49,0,43,1,0,4.88152650888,0
pde_nominal,7,15093,6,0,48,0,48,1,0,6.91487352659,0
pde_nominal,1,16174,7,0,49,0,49,1,0,8.30028511926,0
pde_nominal,6,15861,12,1,53,0,30,1,0,5.97126610133,0
pde_nominal,1,16170,8,1,9,0,6,1,0,5.64468984174,0
pde_nominal,5,13314,15,1,51,0,41,1,0,4.29434377605,0
pde_nominal,0,14524,4,0,50,0,42,1,0,13.3221121458,0
pde_nominal,4,13316,4,0,27,0,15,1,0,3.42609441685,0
pde_nominal,1,16167,10,1,17,11,18,1,1,6.46505637919,0
pde_nominal,1,16166,8,1,17,0,17,1,0,2.91698811093,0
pde_nominal,2,15277,10,1,93,0,80,1,0,6.55638234453,0
pde_nominal,0,13196,14,1,11,0,11,1,0,5.40440374621,0
pde_nominal,0,13191,1,0,44,0,21,1,0,6.11138844846,0
pde_nominal,0,13190,3,0,4,0,0,1,0,3.03576445199,0
pde_nominal,5,13305,1,0,73,0,25,1,0,4.77663838316,0
pde_nominal,9,15723,2,0,43,0,20,1,0,10.3506459882,0
pde_nominal,3,15411,3,0,1,0,0,1,0,7.95804885666,0
pde_nominal,2,15270,8,1,58,0,4,1,0,5.63911575074,0
pde_nominal,9,15715,14,1,23,0,1,1,0,6.1915703653,0
pde_nominal,1,16159,11,1,55,0,3,1,0,5.09049220396,0
pde_nominal,9,15713,7,0,24,0,2,1,0,5.05761431802,0
pde_nominal,2,15267,10,1,28,0,8,1,0,4.82538291808,0
pde_nominal,3,14815,7,0,77,0,39,1,0,7.87189239493,0
pde_nominal,6,15838,14,1,17,0,17,1,0,5.05645873808,0
pde_nominal,4,13302,9,1,30,0,30,1,0,5.10929147045,0
pde_nominal,3,14805,4,0,95,0,95,1,0,4.48176070556,0
pde_nominal,7,15069,5,0,38,0,38,1,0,10.4237965384,0
pde_nominal,8,15015,5,0,54,0,16,1,0,7.08886624073,0
pde_nominal,9,15784,14,1,6,0,1,1,0,4.51408416641,0
pde_nominal,0,13180,7,0,40,0,18,1,0,10.0249890764,0
pde_nominal,6,15831,5,0,30,0,28,1,0,6.33019141111,0
pde_nominal,3,14799,14,1,9,0,9,1,0,4.58288490485,0
pde_nominal,7,15062,6,0,40,0,40,1,0,3.60238474476,0
pde_nominal,8,15008,15,1,17,0,12,1,0,3.4100194083,0
pde_nominal,3,14797,3,0,72,0,65,1,0,4.1885710975,0
pde_nominal,4,14589,10,1,19,0,19,1,0,12.2733152158,0
pde_nominal,7,15058,13,1,52,0,52,1,0,4.20556675732,0
pde_nominal,9,15704,0,0,60,0,55,1,0,9.62122432991,0
pde_nominal,2,15249,6,0,51,0,51,1,0,4.17416822404,0
pde_nominal,2,15248,5,0,37,0,26,1,0,9.16332919151,0
pde_nominal,1,16135,4,0,62,0,50,1,0,6.74171489613,0
pde_nominal,1,16270,4,0,0,0,0,0,0,8.36421892692,0
pde_nominal,8,15002,2,0,65,0,65,1,0,4.38719819796,0
pde_nominal,4,13283,9,1,28,0,0,1,0,6.30953289495,0
pde_nominal,0,13161,11,1,38,0,0,1,0,3.24056316481,0
pde_nominal,6,15823,8,1,38,0,0,1,0,5.13002153073,0
pde_nominal,3,14785,12,1,79,0,57,1,0,5.25073227218,0
pde_nominal,7,15037,9,1,66,0,66,1,0,11.1534899917,0
pde_nominal,2,15241,14,1,31,0,31,1,0,3.10864210533,0
pde_nominal,2,15240,13,1,37,0,36,1,0,5.99593336798,0
pde_nominal,5,13277,11,1,111,0,105,1,0,6.90565236871,0
pde_nominal,7,15033,15,1,31,0,31,1,0,3.41579094892,0
pde_nominal,9,15684,4,0,3,0,0,1,0,4.24890371516,0
pde_nominal,3,14774,4,0,69,0,69,1,0,5.52085984004,0
pde_nominal,9,15682,12,1,31,0,31,1,0,4.01963374986,0
pde_nominal,3,14772,13,1,26,0,26,1,0,5.53330009635,0
pde_nominal,1,16117,1,0,10,0,4,1,0,4.41371885937,0
pde_nominal,8,14981,2,0,9,0,3,1,0,3.5788986416,0
pde_nominal,2,15233,12,1,10,0,10,1,0,3.70558286213,0
pde_nominal,8,14978,9,1,16,0,16,1,0,5.52735533248,0
pde_nominal,0,13134,2,0,76,0,72,1,0,4.60223721257,0
pde_nominal,4,13263,9,1,48,0,48,1,0,3.43213047406,0
pde_nominal,0,13132,13,1,60,0,60,1,0,3.29084808267,0
pde_nominal,8,14976,6,0,58,0,58,1,0,7.10212680828,0
pde_nominal,7,15017,0,0,126,0,126,1,0,7.4188962058,0
pde_nominal,2,15224,3,0,97,0,55,1,0,7.33418213532,0
pde_nominal,6,15793,3,0,92,0,69,1,0,4.85925023499,0
pde_nominal,1,16110,6,0,90,0,90,1,0,4.86222380627,0
pde_nominal,8,14971,0,0,10,0,10,1,0,8.45750432046,0
pde_nominal,8,15384,0,0,0,0,0,0,0,8.81785210135,0
pde_nominal,3,14756,14,1,36,0,36,1,0,8.59395699893,0
pde_nominal,3,14755,9,1,45,0,45,1,0,7.24088071798,0
pde_nominal,6,15792,1,0,94,0,94,1,0,6.50709406129,0
pde_nominal,1,16109,15,1,93,0,93,1,0,5.64136323758,0
pde_nominal,4,13256,7,0,17,0,0,1,0,3.75145391677,0
pde_nominal,8,14966,4,0,58,0,10,1,0,7.66971204595,0
pde_nominal,8,14962,12,1,72,0,63,1,0,3.50549954937,0
pde_nominal,7,15004,4,0,31,0,31,1,0,4.50247562364,0
pde_nominal,6,15785,5,0,39,0,11,1,0,5.07566153601,0
pde_nominal,7,15000,2,0,13,0,13,1,0,3.9321789596,0
pde_nominal,8,14960,10,1,43,0,16,1,0,8.45511465992,0
pde_nominal,3,14745,15,1,34,0,34,1,0,5.08172076094,0
pde_nominal,7,14999,14,1,65,0,65,1,0,5.68706232798,0
pde_nominal,9,15660,1,0,47,0,33,1,0,5.75314243572,0
pde_nominal,0,13119,2,0,100,0,81,1,0,5.73208613927,0
pde_nominal,7,14995,6,0,33,0,33,1,0,4.90771478002,0
pde_nominal,4,13237,5,0,54,0,43,1,0,4.0200090238,0
pde_nominal,4,13236,0,0,15,0,15,1,0,4.15715725436,0
pde_nominal,2,15207,11,1,56,0,56,1,0,5.12735074663,0
pde_nominal,4,13233,2,0,51,0,51,1,0,5.73496599219,0
pde_nominal,6,15781,3,0,102,0,99,1,0,6.39659968299,0
pde_nominal,1,16094,2,0,95,0,93,1,0,5.76275666426,0
pde_nominal,1,16093,11,1,82,0,54,1,0,11.416490505,0
pde_nominal,4,13226,9,1,0,0,0,1,0,4.63528453476,0
pde_nominal,4,13224,11,1,49,0,49,1,0,5.04316779384,0
pde_nominal,9,15653,13,1,30,0,30,1,0,5.90409598168,0
pde_nominal,4,13223,15,1,18,0,13,1,0,4.80872736824,0
pde_nominal,3,14727,5,0,57,0,27,1,0,4.92121801132,0
pde_nominal,5,13209,4,0,65,0,63,1,0,3.25286433271,0
pde_nominal,0,13101,10,1,167,0,139,1,0,8.03186068804,0
pde_nominal,8,14933,11,1,9,0,9,1,0,7.19919687314,0
pde_nominal,2,15186,15,1,102,0,102,1,0,17.7746585344,0
pde_nominal,8,14932,1,0,19,0,19,1,0,5.52717188437,0
pde_nominal,5,13208,14,1,76,0,76,1,0,3.3161284634,0
pde_nominal,7,14970,3,0,13,0,13,1,0,3.918581663,0
pde_nominal,3,14714,7,0,15,0,15,1,0,7.72268959033,0
pde_nominal,6,15763,2,0,72,21,90,1,1,6.76700150962,0
pde_nominal,4,13210,5,0,19,16,35,1,1,5.26821342944,0
pde_nominal,2,15176,2,0,74,0,57,1,0,4.3643543915,0
pde_nominal,3,14710,15,1,67,0,59,1,0,4.39001166846,0
pde_nominal,6,15758,2,0,57,0,57,1,0,8.64568202055,0
pde_nominal,0,13092,11,1,177,0,165,1,0,7.36495872494,0
pde_nominal,1,16083,9,1,304,0,287,1,0,13.2178243866,0
pde_nominal,9,15641,8,1,113,0,85,1,0,7.36678491102,0
pde_nominal,7,14961,6,0,42,0,42,1,0,4.1419206913,0
pde_nominal,9,15640,15,1,34,0,32,1,0,4.56862837293,0
pde_nominal,7,14956,12,1,43,0,43,1,0,4.24280209334,0
pde_nominal,2,15165,15,1,5,0,5,1,0,4.32169731749,0
pde_nominal,5,13199,3,0,48,0,48,1,0,3.33817617685,0
pde_nominal,0,13081,9,1,60,0,60,1,0,3.2599602891,0
pde_nominal,4,13193,2,0,197,0,197,1,0,7.64272607187,0
pde_nominal,9,15634,10,1,11,0,8,1,0,3.60615083996,0
pde_nominal,8,14919,12,1,92,0,83,1,0,7.4315990392,0
pde_nominal,7,14950,4,0,85,0,85,1,0,5.8389942123,0
pde_nominal,5,13196,0,0,78,0,78,1,0,3.5553946585,0
pde_nominal,8,14917,2,0,87,0,87,1,0,5.31941020967,0
pde_nominal,1,16066,7,0,70,0,70,1,0,7.26261556913,0
pde_nominal,6,15736,0,0,56,0,55,1,0,5.20383718733,0
pde_nominal,8,14915,2,0,39,0,32,1,0,7.43252278748,0
pde_nominal,8,14914,3,0,19,0,11,1,0,7.32430704371,0
pde_nominal,0,13070,9,1,65,0,47,1,0,3.65907612777,0
pde_nominal,1,16059,7,0,20,6,20,1,1,5.63270435981,0
pde_nominal,3,14699,12,1,131,0,85,1,0,10.6383511613,0
pde_nominal,5,13184,10,1,87,0,56,1,0,5.30054784962,0
pde_nominal,3,14695,0,0,26,0,14,1,0,6.33158007264,0
pde_nominal,2,15147,11,1,101,0,54,1,0,7.73739888215,0
pde_nominal,8,14905,14,1,58,0,29,1,0,5.60850549561,0
pde_nominal,9,15628,7,0,138,0,83,1,0,10.1866998523,0
pde_nominal,1,16051,13,1,43,0,18,1,0,4.60361199833,0
pde_nominal,4,13185,2,0,45,0,28,1,0,4.34044696329,0
pde_nominal,3,14692,4,0,28,0,22,1,0,6.47467127635,0
pde_nominal,6,15726,9,1,137,0,106,1,0,10.0449364975,0
pde_nominal,3,14683,0,0,5,0,5,1,0,3.17967091908,0
pde_nominal,9,15621,10,1,66,0,66,1,0,5.12529730212,0
pde_nominal,9,15620,9,1,37,0,37,1,0,7.33064709528,0
pde_nominal,1,16043,2,0,119,0,119,1,0,7.16968900274,0
pde_nominal,7,14923,14,1,76,0,76,1,0,7.25177434503,0
pde_nominal,1,16038,11,1,52,0,52,1,0,6.71032633659,0
pde_nominal,1,16034,7,0,49,0,49,1,0,6.07102795982,0
pde_nominal,5,13172,6,0,219,0,212,1,0,10.1967708197,0
pde_nominal,2,15132,4,0,195,0,175,1,0,11.3425453197,0
pde_nominal,1,16029,7,0,12,0,12,1,0,5.06166968956,0
pde_nominal,2,15130,8,1,48,0,48,1,0,4.4619296512,0
pde_nominal,5,13171,1,0,73,0,73,1,0,3.78336205137,0
pde_nominal,3,14664,8,1,28,0,28,1,0,3.63108237521,0
pde_nominal,6,15713,14,1,144,31,175,1,1,9.68470906767,0
pde_nominal,7,14915,2,0,72,0,72,1,0,6.075892246,0
pde_nominal,4,13158,6,0,80,0,46,1,0,5.08372387597,0
pde_nominal,9,15601,2,0,41,0,41,1,0,5.78619069224,0
pde_nominal,7,14913,3,0,90,0,90,1,0,6.16319297649,0
pde_nominal,1,16019,12,1,19,0,19,1,0,3.69209484888,0
pde_nominal,2,15122,12,1,77,0,77,1,0,5.3630700181,0
pde_nominal,9,15600,14,1,67,0,47,1,0,6.42062176173,0
pde_nominal,0,16661,4,0,28,0,3,1,0,9.51199919398,0
pde_nominal,9,15597,15,1,58,0,15,1,0,7.07165018206,0
pde_nominal,8,14872,1,0,11,0,4,1,0,4.07653568471,0
pde_nominal,3,14651,14,1,130,0,92,1,0,7.53228881126,0
pde_nominal,3,14649,14,1,4,0,3,1,0,7.80044959426,0
pde_nominal,1,16004,7,0,17,0,11,1,0,3.68332275333,0
pde_nominal,9,15591,4,0,41,0,17,1,0,7.36794400722,0
pde_nominal,2,15111,3,0,109,0,83,1,0,6.79837015545,0
pde_nominal,9,15584,0,0,12,0,6,1,0,4.1355568857,0
pde_nominal,0,16656,12,1,32,0,32,1,0,4.24433889479,0
pde_nominal,1,15997,7,0,91,0,91,1,0,4.37693636862,0
pde_nominal,1,15996,2,0,33,0,33,1,0,3.24497987474,0
pde_nominal,0,16649,7,0,9,0,9,1,0,4.18512171386,0
pde_nominal,0,16648,15,1,8,0,8,1,0,6.04031067339,0
pde_nominal,9,15572,14,1,54,0,54,1,0,8.3609953232,0
pde_nominal,0,16647,11,1,32,0,32,1,0,4.42823724791,0
pde_nominal,8,14864,1,0,7,0,7,1,0,4.22088496653,0
pde_nominal,0,16639,2,0,38,0,38,1,0,5.32601981999,0
pde_nominal,1,15991,7,0,39,0,39,1,0,4.8686867773,0
pde_nominal,6,15683,13,1,20,0,20,1,0,8.47557360131,0
pde_nominal,5,16323,11,1,2,0,2,1,0,6.74840617601,0
pde_nominal,0,16638,4,0,78,0,78,1,0,6.98404142391,0
pde_nominal,8,14855,3,0,54,0,45,1,0,4.94519167253,0
pde_nominal,9,15560,11,1,16,0,12,1,0,5.25788161949,0
pde_nominal,1,15985,8,1,18,0,9,1,0,6.02789075694,0
pde_nominal,5,16321,9,1,69,0,54,1,0,6.75402264576,0
pde_nominal,5,16320,15,1,8,0,8,1,0,4.54261405346,0
pde_nominal,1,15983,3,0,39,0,39,1,0,7.78417435256,0
pde_nominal,5,16319,6,0,14,0,14,1,0,5.74705225169,0
pde_nominal,0,16634,11,1,21,0,4,1,0,7.25864420734,0
pde_nominal,0,16632,1,0,4,0,0,1,0,2.92353737984,0
pde_nominal,0,16625,6,0,12,0,12,1,0,3.12290806111,0
pde_nominal,7,14888,4,0,100,0,100,1,0,5.94450060793,0
pde_nominal,4,16047,7,0,71,0,59,1,0,5.61682396983,0
pde_nominal,3,14623,3,0,50,0,28,1,0,6.43462599036,0
pde_nominal,2,15080,2,0,48,0,48,1,0,4.61457155363,0
pde_nominal,9,15546,11,1,54,0,39,1,0,6.20682754333,0
pde_nominal,4,16038,6,0,112,0,112,1,0,7.35366036859,0
pde_nominal,1,15968,9,1,53,0,34,1,0,4.53897175672,0
pde_nominal,7,14875,2,0,23,0,23,1,0,3.17525758946,0
pde_nominal,0,16618,0,0,200,0,169,1,0,11.444688567,0
pde_nominal,9,15543,0,0,68,0,68,1,0,3.73223501378,0
pde_nominal,5,16302,12,1,38,0,37,1,0,3.46475505716,0
pde_nominal,0,16612,0,0,29,0,15,1,0,5.00522127376,0
pde_nominal,0,16608,10,1,3,0,3,1,0,5.60893220156,0
pde_nominal,3,14607,5,0,119,0,102,1,0,8.40842722423,0
pde_nominal,6,15656,13,1,172,0,145,1,0,8.54836973194,0
pde_nominal,7,14866,9,1,95,0,95,1,0,6.38665126523,0
pde_nominal,6,15652,10,1,9,0,9,1,0,5.34981651257,0
pde_nominal,1,15958,12,1,82,0,82,1,0,10.1089356136,0
pde_nominal,6,15651,9,1,33,17,50,1,1,7.82149736039,0
pde_nominal,6,15650,15,1,38,0,33,1,0,3.71168308573,0
pde_nominal,4,16026,15,1,25,0,11,1,0,4.6606244765,0
pde_nominal,0,16595,13,1,15,0,15,1,0,3.90358804167,0
pde_nominal,2,15055,5,0,22,0,22,1,0,3.24486628682,0
pde_nominal,3,14594,3,0,40,0,40,1,0,6.39971844336,0
pde_nominal,4,16025,14,1,134,0,128,1,0,7.54293530458,0
pde_nominal,7,14861,8,1,213,0,213,1,0,14.2432628931,0
pde_nominal,3,15414,4,0,15,0,15,1,0,8.82620898605,0
pde_nominal,9,15512,15,1,42,0,42,1,0,6.00551833397,0
pde_nominal,4,16016,12,1,19,0,19,1,0,6.35323469272,0
pde_nominal,8,14809,0,0,2,0,2,1,0,5.62852748216,0
pde_nominal,1,15950,2,0,96,0,80,1,0,6.70772051733,0
pde_nominal,9,15506,14,1,40,0,40,1,0,7.70250093761,0
pde_nominal,8,14806,0,0,41,0,41,1,0,3.70888750601,0
pde_nominal,4,16013,3,0,26,20,46,1,1,5.95527808968,0
pde_nominal,9,15503,0,0,24,9,33,1,1,8.14647527217,0
pde_nominal,0,16582,3,0,55,0,55,1,0,5.62932905998,0
pde_nominal,6,15634,10,1,117,0,117,1,0,12.7235575487,0
pde_nominal,5,16276,1,0,8,0,0,1,0,5.96876146403,0
pde_nominal,8,14799,5,0,17,0,17,1,0,4.27512676251,0
pde_nominal,0,16573,1,0,9,0,9,1,0,6.119454725,0
pde_nominal,9,15495,10,1,16,0,16,1,0,5.32397884649,0
pde_nominal,7,14850,4,0,147,0,147,1,0,8.08805510911,0
pde_nominal,5,16269,5,0,42,0,29,1,0,7.98499565683,0
pde_nominal,4,16007,6,0,74,0,52,1,0,5.71244408471,0
pde_nominal,4,16006,3,0,31,0,9,1,0,6.07436540908,0
pde_nominal,9,15490,1,0,24,0,24,1,0,10.3321827042,0
pde_nominal,5,16266,5,0,38,0,38,1,0,8.90290875508,0
pde_nominal,9,15489,12,1,32,0,32,1,0,3.99273954259,0
pde_nominal,7,14845,3,0,87,0,87,1,0,7.01422694387,0
pde_nominal,2,15034,6,0,76,0,66,1,0,10.9527601619,0
pde_nominal,0,16557,8,1,32,0,23,1,0,4.82035558843,0
pde_nominal,1,15934,13,1,33,17,31,1,1,7.05934689273,0
pde_nominal,9,15481,9,1,24,0,9,1,0,9.55497121836,0
pde_nominal,5,16257,5,0,33,0,33,1,0,3.79846572201,0
pde_nominal,1,15931,6,0,55,0,55,1,0,5.76026796271,0
pde_nominal,4,15999,3,0,81,0,81,1,0,7.73022760356,0
pde_nominal,4,16054,3,0,0,0,0,0,0,9.16332977634,0
pde_nominal,9,15478,6,0,33,0,33,1,0,6.07078215617,0
pde_nominal,0,16549,13,1,63,0,63,1,0,5.08719858562,0
pde_nominal,5,16254,2,0,29,0,12,1,0,4.16284031967,0
pde_nominal,3,14552,0,0,47,0,29,1,0,6.05435441168,0
pde_nominal,8,14780,4,0,30,22,50,1,1,8.82352726606,0
pde_nominal,6,15603,1,0,86,0,77,1,0,6.90248797071,0
pde_nominal,6,15602,7,0,20,0,20,1,0,4.69874997258,0
pde_nominal,8,14777,11,1,31,0,30,1,0,7.28283960311,0
pde_nominal,9,15469,11,1,25,0,22,1,0,3.39619632025,0
pde_nominal,6,15601,7,0,26,0,19,1,0,5.23212509928,0
pde_nominal,0,16537,3,0,34,0,24,1,0,4.95047703189,0
pde_nominal,5,16333,5,0,8,0,8,1,0,7.71166184819,0
pde_nominal,0,16534,2,0,28,0,28,1,0,5.70120229292,0
pde_nominal,2,15012,13,1,61,0,61,1,0,3.76579024223,0
pde_nominal,6,15595,1,0,28,0,26,1,0,5.40059611706,0
pde_nominal,5,16239,14,1,13,0,13,1,0,4.63859471558,0
pde_nominal,3,14534,7,0,6,0,4,1,0,4.52794255273,0
pde_nominal,7,14810,3,0,6,0,6,1,0,6.35837926702,0
pde_nominal,1,15918,9,1,135,0,118,1,0,11.7508280125,0
pde_nominal,0,16530,0,0,165,0,143,1,0,10.8215034158,0
pde_nominal,0,16528,4,0,52,0,27,1,0,7.80129880237,0
pde_nominal,3,14529,14,1,58,0,26,1,0,4.22372035628,0
pde_nominal,8,14761,14,1,31,0,17,1,0,3.85517278179,0
pde_nominal,1,15913,3,0,9,0,3,1,0,4.60663957699,0
pde_nominal,2,14997,14,1,33,0,27,1,0,8.5003050551,0
pde_nominal,5,16231,0,0,83,0,79,1,0,5.8567982932,0
pde_nominal,0,16526,10,1,166,0,151,1,0,9.11762481571,0
pde_nominal,4,15982,1,0,112,0,108,1,0,7.20764740241,0
pde_nominal,6,15578,3,0,45,0,42,1,0,5.99092547894,0
pde_nominal,7,14789,6,0,23,0,23,1,0,6.87166213344,0
pde_nominal,8,14757,9,1,117,0,115,1,0,9.824622299,0
pde_nominal,6,15576,6,0,22,0,22,1,0,6.84408883937,0
pde_nominal,9,15448,15,1,21,0,21,1,0,4.16285233583,0
pde_nominal,7,14788,12,1,93,0,93,1,0,6.84822417763,0
pde_nominal,8,14750,3,0,26,0,0,1,0,5.82115263081,0
pde_nominal,4,15973,7,0,29,0,0,1,0,4.75069102197,0
pde_nominal,1,15896,11,1,57,0,11,1,0,5.18997726004,0
pde_nominal,8,14747,11,1,40,0,20,1,0,7.67555492339,0
pde_nominal,8,15386,11,1,0,0,0,0,0,9.81279894065,0
pde_nominal,8,14746,12,1,45,22,67,1,1,9.15318321493,0
pde_nominal,8,15387,12,1,0,0,0,0,0,12.9569881054,0
pde_nominal,2,14983,5,0,80,0,80,1,0,4.26215360244,0
pde_nominal,4,15963,15,1,30,0,16,1,0,4.6208000901,0
pde_nominal,3,14507,7,0,57,0,33,1,0,4.0967291387,0
pde_nominal,0,16499,13,1,51,0,34,1,0,5.70498369153,0
pde_nominal,1,15891,3,0,15,0,15,1,0,3.78519231215,0
pde_nominal,4,15961,6,0,122,0,88,1,0,8.70984232014,0
pde_nominal,0,16492,8,1,36,0,36,1,0,6.9090826082,0
pde_nominal,6,15564,0,0,15,0,15,1,0,5.45645567103,0
pde_nominal,6,15563,15,1,10,0,10,1,0,6.22657219524,0
pde_nominal,4,15959,11,1,73,0,73,1,0,10.5549184857,0
pde_nominal,2,14970,11,1,39,0,39,1,0,4.61563417177,0
pde_nominal,8,14730,9,1,63,0,63,1,0,4.63587130805,0
pde_nominal,7,14770,14,1,103,0,103,1,0,6.24810601517,0
pde_nominal,2,14966,15,1,46,0,46,1,0,3.69834263723,0
pde_nominal,1,15885,1,0,58,0,58,1,0,6.86611061671,0
pde_nominal,9,15431,0,0,57,0,49,1,0,6.04011814843,0
pde_nominal,0,16487,11,1,20,0,20,1,0,9.9282415445,0
pde_nominal,1,15884,9,1,106,0,102,1,0,5.30770454073,0
pde_nominal,7,14764,3,0,58,0,58,1,0,9.3046225406,0
pde_nominal,4,15949,14,1,1,0,1,1,0,6.51453488397,0
pde_nominal,4,15948,2,0,38,0,38,1,0,3.3201502744,0
pde_nominal,7,14758,0,0,12,0,12,1,0,5.26395614976,0
pde_nominal,2,14953,11,1,21,0,21,1,0,3.95502981728,0
pde_nominal,1,15875,4,0,155,24,120,1,1,14.7710095442,0
pde_nominal,3,14494,2,0,55,0,32,1,0,4.33999667597,0
pde_nominal,7,14752,5,0,60,0,60,1,0,4.71179516264,0
pde_nominal,0,16479,6,0,154,0,114,1,0,12.657364463,0
pde_nominal,6,15554,8,1,8,0,8,1,0,3.05147201378,0
pde_nominal,8,14716,5,0,92,0,84,1,0,6.29504276624,0
pde_nominal,0,16475,9,1,0,0,0,1,0,4.44823806309,0
pde_nominal,8,14714,12,1,64,0,64,1,0,5.59375740269,0
pde_nominal,6,15552,1,0,84,0,84,1,0,4.90440429469,0
pde_nominal,2,14945,10,1,52,0,52,1,0,7.69134315187,0
pde_nominal,8,14710,10,1,29,0,29,1,0,5.63665650293,0
pde_nominal,2,14942,1,0,64,0,64,1,0,6.63262147459,0
pde_nominal,4,15932,3,0,31,0,31,1,0,7.85579536364,0
pde_nominal,4,15931,9,1,32,0,28,1,0,6.01869324813,0
pde_nominal,2,14938,4,0,52,0,44,1,0,3.30495779763,0
pde_nominal,2,14937,10,1,12,0,12,1,0,9.06019344226,0
pde_nominal,2,14935,9,1,18,0,18,1,0,3.88405965679,0
pde_nominal,5,16173,5,0,13,0,11,1,0,5.54748929296,0
pde_nominal,8,14701,7,0,24,23,38,1,1,8.15444734066,0
pde_nominal,3,14479,4,0,22,0,22,1,0,4.5905208235,0
pde_nominal,9,15399,15,1,18,0,18,1,0,5.12802176295,0
pde_nominal,7,14737,11,1,26,0,26,1,0,4.8844266584,0
pde_nominal,2,14930,2,0,40,0,40,1,0,6.5876995513,0
pde_nominal,9,15398,0,0,104,0,104,1,0,6.69785143801,0
pde_nominal,5,16172,8,1,229,0,219,1,0,13.4028490231,0
pde_nominal,4,15926,6,0,367,0,357,1,0,14.238532403,0
pde_nominal,7,14736,14,1,125,0,125,1,0,7.78000166883,0
pde_nominal,9,15388,13,1,7,0,7,1,0,2.92535023014,0
pde_nominal,1,15858,7,0,21,0,21,1,0,3.79858174225,0
pde_nominal,9,15386,11,1,23,0,5,1,0,5.58495979691,0
pde_nominal,8,14684,4,0,5,0,3,1,0,5.35312106981,0
pde_nominal,6,15537,10,1,47,0,43,1,0,4.52525608769,0
pde_nominal,8,14682,4,0,41,0,41,1,0,4.95045559278,0
pde_nominal,2,14924,13,1,21,0,21,1,0,4.25690713204,0
pde_nominal,9,15379,3,0,12,0,10,1,0,7.95853597855,0
pde_nominal,1,15849,9,1,49,0,24,1,0,4.55943985356,0
pde_nominal,5,16157,6,0,39,0,31,1,0,4.56134756547,0
pde_nominal,8,14680,0,0,82,0,49,1,0,7.05151102718,0
pde_nominal,0,16452,14,1,12,0,0,1,0,3.8487683401,0
pde_nominal,2,14914,4,0,1,0,0,1,0,12.9457269168,0
pde_nominal,8,14677,13,1,9,0,2,1,0,6.8071507656,0
pde_nominal,6,15526,2,0,23,0,0,1,0,4.27563391808,0
pde_nominal,1,15842,6,0,28,0,19,1,0,3.57322742263,0
pde_nominal,7,14720,2,0,43,0,43,1,0,4.63881436553,0
pde_nominal,9,15368,10,1,69,0,62,1,0,5.89470518253,0
pde_nominal,9,15366,4,0,19,0,16,1,0,10.0423368708,0
pde_nominal,1,15834,2,0,7,0,7,1,0,5.0849271495,0
pde_nominal,1,15833,11,1,42,0,42,1,0,3.64193778091,0
pde_nominal,2,14894,9,1,27,0,27,1,0,3.61524481906,0
pde_nominal,9,15363,7,0,53,28,81,1,1,10.3255244432,0
pde_nominal,4,15905,5,0,120,0,114,1,0,9.05040957178,0
pde_nominal,2,14893,7,0,83,0,76,1,0,5.38627436883,0
pde_nominal,3,14446,8,1,8,0,8,1,0,5.91164181541,0
pde_nominal,0,16430,4,0,35,0,35,1,0,4.71019079299,0
pde_nominal,6,15506,13,1,84,0,84,1,0,6.03287862676,0
pde_nominal,7,14706,12,1,43,0,43,1,0,7.22820058011,0
pde_nominal,6,15503,11,1,16,0,16,1,0,3.94251102935,0
pde_nominal,6,15499,15,1,2,0,2,1,0,4.52475801539,0
pde_nominal,1,15822,11,1,74,0,60,1,0,4.6312329994,0
pde_nominal,7,14700,3,0,70,0,70,1,0,6.95049686333,0
pde_nominal,1,15820,6,0,14,0,2,1,0,4.80558197008,0
pde_nominal,7,15459,7,0,12,23,11,1,1,12.3654191299,0
pde_nominal,0,16423,5,0,67,0,47,1,0,5.16141054451,0
pde_nominal,3,14435,9,1,41,0,41,1,0,6.25133324591,0
pde_nominal,7,14694,9,1,70,0,70,1,0,6.73839544434,0
pde_nominal,5,16132,11,1,69,0,63,1,0,5.24341122541,0
pde_nominal,7,14689,2,0,35,0,35,1,0,6.57818657961,0
pde_nominal,1,15815,4,0,69,33,86,1,1,8.66931544452,0
pde_nominal,3,14428,3,0,32,0,13,1,0,3.50312697558,0
pde_nominal,4,15889,15,1,14,0,13,1,0,6.98570973656,0
pde_nominal,5,16128,7,0,72,0,43,1,0,5.1500113369,0
pde_nominal,3,14427,2,0,64,0,55,1,0,3.68859362761,0
pde_nominal,9,15346,9,1,269,0,203,1,0,15.7780367436,0
pde_nominal,3,14419,7,0,43,0,30,1,0,3.74150231862,0
pde_nominal,0,16409,0,0,26,0,16,1,0,16.7372291858,0
pde_nominal,5,16122,0,0,28,0,28,1,0,3.55713429383,0
pde_nominal,4,15883,6,0,77,0,77,1,0,4.63026075081,0
pde_nominal,4,15881,14,1,0,0,0,1,0,4.21384635,0
pde_nominal,0,16399,7,0,53,0,53,1,0,8.28151986296,0
pde_nominal,5,16115,3,0,26,0,26,1,0,4.57433193442,0
pde_nominal,9,15327,6,0,62,0,38,1,0,7.45277795758,0
pde_nominal,7,14666,13,1,63,0,63,1,0,4.54510022591,0
pde_nominal,5,16112,7,0,80,0,65,1,0,6.12700107064,0
pde_nominal,9,15323,0,0,41,0,41,1,0,5.55972603248,0
pde_nominal,9,15322,2,0,18,0,18,1,0,5.09977854514,0
pde_nominal,6,15473,5,0,93,0,93,1,0,4.76502804134,0
pde_nominal,6,15896,5,0,0,0,0,0,0,7.06614195709,0
pde_nominal,3,14407,0,0,59,0,59,1,0,5.74617044508,0
pde_nominal,8,14622,2,0,100,0,100,1,0,8.70322842815,0
pde_nominal,7,14664,4,0,77,0,77,1,0,5.30288235899,0
pde_nominal,9,15317,13,1,28,0,28,1,0,3.78616346042,0
pde_nominal,0,16384,5,0,8,0,8,1,0,6.99771257032,0
pde_nominal,2,14851,15,1,12,0,12,1,0,4.01021338789,0
pde_nominal,4,15856,6,0,37,0,37,1,0,4.40747674528,0
pde_nominal,0,16382,11,1,34,0,34,1,0,6.23667260606,0
pde_nominal,5,16100,11,1,17,0,17,1,0,4.90715517479,0
pde_nominal,7,14655,2,0,69,0,69,1,0,6.01217131984,0
pde_nominal,6,15461,2,0,4,0,1,1,0,5.67363497034,0
pde_nominal,2,14847,13,1,62,0,38,1,0,5.8678850384,0
pde_nominal,3,14386,13,1,16,0,14,1,0,3.92423518867,0
pde_nominal,9,15310,3,0,96,0,60,1,0,7.05454032025,0
pde_nominal,1,15793,4,0,50,0,35,1,0,5.16491560507,0
pde_nominal,6,15459,12,1,86,0,56,1,0,7.13931792011,0
pde_nominal,0,16370,4,0,35,0,31,1,0,3.65460841002,0
pde_nominal,3,14379,10,1,54,0,47,1,0,5.71380677249,0
pde_nominal,2,14845,0,0,214,0,152,1,0,10.4473482642,0
pde_nominal,4,15846,14,1,56,0,54,1,1,6.42914356213,0
pde_nominal,7,14641,10,1,80,0,80,1,0,5.87885707327,0
pde_nominal,3,14377,7,0,44,0,43,1,0,4.8650750347,0
pde_nominal,2,14836,7,0,72,0,71,1,0,6.8643817888,0
pde_nominal,3,14368,15,1,22,0,22,1,0,4.63075980037,0
pde_nominal,4,15836,8,1,168,0,161,1,0,8.06211675217,0
pde_nominal,3,14364,8,1,30,0,30,1,0,5.61591902975,0
pde_nominal,7,14628,11,1,51,0,51,1,0,6.11565532847,0
pde_nominal,6,15447,6,0,74,0,57,1,0,4.9085056538,0
pde_nominal,2,14831,14,1,37,0,34,1,0,4.68172336511,0
pde_nominal,1,15778,0,0,39,0,37,1,0,7.55316446325,0
pde_nominal,6,15445,15,1,10,0,4,1,0,7.00096902401,0
pde_nominal,7,14626,3,0,32,0,32,1,0,5.70002123408,0
pde_nominal,9,15292,14,1,86,0,86,1,0,11.3688963645,0
pde_nominal,3,14358,9,1,41,0,41,1,0,4.38419290675,0
pde_nominal,0,16355,7,0,176,0,162,1,0,10.5128974652,0
pde_nominal,6,15442,14,1,76,0,59,1,0,7.99580565701,0
pde_nominal,9,15283,4,0,16,0,16,1,0,3.37621676434,0
pde_nominal,4,15825,10,1,34,0,33,1,0,4.91409675571,0
pde_nominal,2,14823,3,0,39,0,28,1,0,5.07850982505,0
pde_nominal,0,16350,8,1,72,0,72,1,0,4.54420709999,0
pde_nominal,0,16347,2,0,11,0,11,1,0,4.88668746003,0
pde_nominal,7,14614,7,0,118,0,118,1,0,8.21586431948,0
pde_nominal,9,15276,8,1,7,0,7,1,0,6.43630306427,0
pde_nominal,4,15814,11,1,80,0,80,1,0,6.75426385343,0
pde_nominal,3,14344,13,1,104,0,104,1,0,4.9151633361,0
pde_nominal,8,14586,10,1,13,0,13,1,0,3.69819356646,0
pde_nominal,4,15809,4,0,32,0,32,1,0,7.69148516896,0
pde_nominal,3,14342,12,1,14,0,14,1,0,5.92374232376,0
pde_nominal,3,14340,8,1,35,0,35,1,0,4.13498846891,0
pde_nominal,6,15425,14,1,34,0,34,1,0,5.14428980247,0
pde_nominal,7,14606,15,1,61,0,61,1,0,4.23079932188,0
pde_nominal,7,14605,3,0,7,0,7,1,0,4.56463469512,0
pde_nominal,3,14339,10,1,78,0,71,1,0,3.92658619467,0
pde_nominal,6,15421,1,0,24,0,24,1,0,4.69485521201,0
pde_nominal,4,15803,5,0,45,0,45,1,0,4.29783240404,0
pde_nominal,3,14337,3,0,41,0,41,1,0,4.935675387,0
pde_nominal,4,15802,12,1,17,0,17,1,0,4.17058830602,0
pde_nominal,2,14811,10,1,41,0,41,1,0,4.51933564935,0
pde_nominal,1,15753,12,1,1,0,1,1,0,3.71312980816,0
pde_nominal,4,15799,15,1,81,0,81,1,0,4.64479204431,0
pde_nominal,4,15798,0,0,12,0,12,1,0,5.95343676909,0
pde_nominal,7,14602,7,0,236,0,236,1,0,13.9581569466,0
pde_nominal,0,16333,0,0,98,0,98,1,0,5.63125171307,0
pde_nominal,0,16326,12,1,24,0,24,1,0,5.64618255729,0
pde_nominal,3,14331,0,0,63,0,59,1,0,5.99039267356,0
pde_nominal,3,14330,8,1,37,0,26,1,0,4.1637580381,0
pde_nominal,6,15408,2,0,29,0,16,1,0,9.68768289237,0
pde_nominal,7,14590,6,0,62,0,62,1,0,4.85725909919,0
pde_nominal,7,15461,6,0,0,0,0,0,0,5.6969120622,0
pde_nominal,7,14587,7,0,16,0,16,1,0,9.32656995312,0
pde_nominal,7,14584,0,0,131,0,131,1,0,6.45696429651,0
pde_nominal,2,14796,2,0,55,0,55,1,0,8.53326689445,0
pde_nominal,3,14319,7,0,82,0,79,1,0,5.82807636092,0
pde_nominal,6,15403,6,0,77,0,55,1,0,8.04738447762,0
pde_nominal,2,14793,14,1,48,0,33,1,0,6.02391556763,0
pde_nominal,2,15575,14,1,0,0,0,0,0,8.7855620749,0
pde_nominal,9,15235,3,0,91,0,60,1,0,6.82431790041,0
pde_nominal,6,15398,5,0,20,0,0,1,0,6.09175427647,0
pde_nominal,3,14310,11,1,7,0,7,1,0,4.83261908759,0
pde_nominal,3,14309,7,0,43,0,42,1,0,6.35797578294,0
pde_nominal,4,15761,1,0,10,0,10,1,0,6.90082206451,0
pde_nominal,0,16300,10,1,31,0,31,1,0,5.16726733325,0
pde_nominal,7,14572,2,0,74,0,74,1,0,5.67215753041,0
pde_nominal,9,15227,10,1,16,0,16,1,0,4.43315313776,0
pde_nominal,1,15715,12,1,16,0,16,1,0,3.50492573495,0
pde_nominal,1,15711,2,0,7,0,0,1,0,6.54280494538,0
pde_nominal,8,14526,12,1,26,0,0,1,0,4.50347646525,0
pde_nominal,5,16019,0,0,25,0,7,1,0,3.52793798459,0
pde_nominal,6,15385,3,0,13,0,9,1,0,3.77627356391,0
pde_nominal,8,14524,7,0,34,0,9,1,0,4.51861537544,0
pde_nominal,5,16017,2,0,18,0,3,1,0,4.09411117686,0
pde_nominal,0,16287,8,1,2,0,0,1,0,7.44352525733,0
pde_nominal,3,14288,3,0,9,0,9,1,0,6.41373017499,0
pde_nominal,1,15696,4,0,60,0,60,1,0,4.40563235928,0
pde_nominal,5,16007,2,0,33,0,0,1,0,6.76173995898,0
pde_nominal,0,16276,6,0,15,0,7,1,0,4.27607734356,0
pde_nominal,6,15374,5,0,78,0,41,1,0,10.0593078521,0
pde_nominal,9,15203,10,1,92,0,65,1,0,6.2768465928,0
pde_nominal,0,16274,11,1,38,0,31,1,0,4.04166335354,0
pde_nominal,5,16004,6,0,57,0,42,1,0,6.7793122783,0
pde_nominal,9,15202,15,1,41,0,20,1,0,4.6448669205,0
pde_nominal,2,14761,11,1,51,0,32,1,0,7.3898997652,0
pde_nominal,9,15790,12,1,61,0,61,1,0,6.25917376223,0
pde_nominal,9,15198,11,1,38,0,38,1,0,5.85463171913,0
pde_nominal,8,14503,2,0,62,0,47,1,0,5.88758563298,0
pde_nominal,2,14758,13,1,55,0,35,1,0,4.38526457792,0
pde_nominal,5,15995,2,0,42,0,2,1,0,4.10671865914,0
pde_nominal,5,15994,12,1,72,0,43,1,0,6.25491145387,0
pde_nominal,2,14751,8,1,38,0,33,1,0,7.24317891654,0
pde_nominal,6,15362,10,1,38,0,30,1,0,5.67296007949,0
pde_nominal,6,15359,11,1,14,0,0,1,0,7.66662404707,0
pde_nominal,2,14745,11,1,13,0,0,1,0,5.36467635694,0
pde_nominal,3,14269,9,1,25,0,1,1,0,4.63699612366,0
pde_nominal,7,14541,2,0,34,0,34,1,0,6.33341227059,0
pde_nominal,6,15356,0,0,66,0,27,1,0,5.63553627989,0
pde_nominal,5,15986,9,1,25,0,16,1,0,7.77881165733,0
pde_nominal,3,14263,15,1,22,0,17,1,0,3.12261767843,0
pde_nominal,8,14489,9,1,160,0,127,1,0,7.98268463671,0
pde_nominal,5,15984,14,1,67,0,53,1,0,5.59477401449,0
pde_nominal,2,14736,1,0,84,0,53,1,0,8.52708489192,0
pde_nominal,4,15702,11,1,18,0,18,1,0,6.39881547873,0
pde_nominal,2,14733,11,1,20,0,20,1,0,3.63066969251,0
pde_nominal,3,14251,14,1,13,0,13,1,0,4.22456980058,0
pde_nominal,8,14485,8,1,82,0,82,1,0,7.92480799705,0
pde_nominal,6,15348,12,1,33,0,33,1,0,3.19811936457,0
pde_nominal,1,15664,15,1,37,0,16,1,0,9.23655675161,0
pde_nominal,6,15346,5,0,49,0,32,1,0,5.69443435596,0
pde_nominal,4,15694,13,1,81,0,80,1,0,6.0201707716,0
pde_nominal,1,15656,10,1,71,0,71,1,0,6.4706176699,0
pde_nominal,7,14522,4,0,11,0,11,1,0,2.96905869219,0
pde_nominal,0,16249,6,0,93,0,91,1,0,8.43103447071,0
pde_nominal,2,14721,14,1,11,0,11,1,0,5.92178942552,0
pde_nominal,3,14240,15,1,42,0,39,1,0,7.11430737616,0
pde_nominal,7,14517,0,0,15,0,15,1,0,5.08867838075,0
pde_nominal,5,15976,2,0,24,0,24,1,0,4.99334006798,0
pde_nominal,9,15159,3,0,8,0,8,1,0,9.19936773039,0
pde_nominal,6,15339,3,0,40,0,35,1,0,8.52605469633,0
pde_nominal,1,15650,8,1,49,0,46,1,0,4.96154594291,0
pde_nominal,3,14236,6,0,65,0,59,1,0,4.3447347285,0
pde_nominal,6,15337,7,0,27,0,27,1,0,6.21429454252,0
pde_nominal,8,14470,2,0,7,0,7,1,0,3.47955957981,0
pde_nominal,4,15674,11,1,60,0,60,1,0,5.90372085388,0
pde_nominal,6,15328,3,0,6,0,0,1,0,5.69798020469,0
pde_nominal,1,15639,5,0,91,0,79,1,0,4.97209079562,0
pde_nominal,9,15149,12,1,19,0,2,1,0,4.03508834981,0
pde_nominal,4,15669,1,0,75,0,36,1,0,7.05540881359,0
pde_nominal,0,16236,11,1,21,0,21,1,0,8.79591735842,0
pde_nominal,3,14228,8,1,60,0,60,1,0,4.34153746955,0
pde_nominal,2,14713,7,0,138,0,113,1,0,11.3846485052,0
pde_nominal,2,15576,7,0,0,0,0,0,0,15.1500568716,0
pde_nominal,1,15637,7,0,153,0,149,1,0,11.0180756691,0
pde_nominal,2,14712,12,1,29,0,29,1,0,5.13696723202,0
pde_nominal,9,15141,14,1,50,0,50,1,0,5.15490488366,0
pde_nominal,7,14500,8,1,11,0,11,1,0,7.13831965566,0
pde_nominal,1,15630,14,1,67,0,38,1,0,6.68834315887,0
pde_nominal,5,15959,14,1,75,0,60,1,0,7.30129181752,0
pde_nominal,3,14223,8,1,59,0,59,1,0,5.71080007384,0
pde_nominal,2,14700,13,1,53,0,46,1,0,11.6727481271,0
pde_nominal,0,16221,14,1,85,0,51,1,0,7.55993530548,0
pde_nominal,9,15131,5,0,44,0,20,1,0,11.3239704917,0
pde_nominal,5,15953,7,0,19,0,0,1,0,3.45118253433,0
pde_nominal,6,15319,8,1,73,0,39,1,0,10.3463027498,0
pde_nominal,7,14491,8,1,17,19,11,1,1,9.08134033896,0
pde_nominal,3,14219,12,1,79,0,22,1,0,9.18082249332,0
pde_nominal,4,15650,10,1,9,0,6,1,0,5.80193608944,0
pde_nominal,7,14487,12,1,18,0,18,1,0,4.15080390555,0
pde_nominal,1,16277,3,0,68,0,49,1,0,11.2802818321,0
pde_nominal,7,14485,13,1,37,0,37,1,0,7.17714588546,0
pde_nominal,0,16214,1,0,35,29,62,1,1,8.73713357697,0
pde_nominal,2,14688,1,0,43,13,50,1,1,7.42442349753,0
pde_nominal,6,15313,12,1,15,0,12,1,0,4.25939351376,0
pde_nominal,0,16213,5,0,38,0,20,1,0,4.17011213853,0
pde_nominal,5,16340,13,1,4,0,0,1,0,9.13601432469,0
pde_nominal,3,14212,10,1,14,0,0,1,0,5.62093365339,0
pde_nominal,8,14448,9,1,262,0,118,1,0,19.4958725335,0
pde_nominal,4,15646,3,0,31,0,7,1,0,5.4572247432,0
pde_nominal,0,16212,6,0,39,0,8,1,0,5.91320270649,0
pde_nominal,5,15945,10,1,22,0,22,1,0,3.41556038169,0
pde_nominal,0,16210,8,1,11,0,11,1,0,4.80028497558,0
pde_nominal,4,15644,2,0,55,0,55,1,0,8.97405303656,0
pde_nominal,8,14444,10,1,103,0,101,1,0,10.662660037,0
pde_nominal,3,14204,13,1,44,0,40,1,0,5.16706777014,0
pde_nominal,6,15302,0,0,154,0,134,1,0,8.5421445829,0
pde_nominal,4,15639,3,0,35,0,22,1,0,7.20721608786,0
pde_nominal,8,14439,15,1,38,0,36,1,0,4.19210555473,0
pde_nominal,5,15938,10,1,36,0,36,1,0,4.0670896704,0
pde_nominal,7,14467,7,0,19,0,19,1,0,3.37417346093,0
pde_nominal,2,14673,13,1,6,0,6,1,0,3.97167886788,0
pde_nominal,8,14434,13,1,13,0,13,1,0,5.90631215611,0
pde_nominal,0,16196,6,0,50,17,51,1,1,5.62785616518,0
pde_nominal,3,14194,8,1,47,0,33,1,0,4.76328393078,0
pde_nominal,0,16195,9,1,22,0,13,1,0,8.73104279145,0
pde_nominal,9,15105,15,1,15,0,12,1,0,4.33164447675,0
pde_nominal,9,15791,15,1,0,0,0,0,0,7.28400796407,0
pde_nominal,0,16193,10,1,25,0,22,1,0,4.47152389284,0
pde_nominal,2,14666,13,1,2,0,2,1,0,5.24403101127,0
pde_nominal,9,15103,12,1,58,0,52,1,0,4.30148975729,0
pde_nominal,1,15605,0,0,1,0,1,1,0,3.038126463,0
pde_nominal,9,15102,4,0,93,0,93,1,0,7.91885550029,0
pde_nominal,0,16184,12,1,17,0,5,1,0,5.95974454068,0
pde_nominal,6,15284,11,1,9,0,9,1,0,3.09368901994,0
pde_nominal,0,16180,2,0,5,0,5,1,0,8.6007179508,0
pde_nominal,6,15280,4,0,50,0,50,1,0,4.38887784664,0
pde_nominal,0,16179,12,1,37,0,37,1,0,5.48957242924,0
pde_nominal,9,15089,5,0,18,0,18,1,0,4.25184955657,0
pde_nominal,1,15600,13,1,39,0,39,1,0,6.85542046536,0
pde_nominal,4,15626,2,0,125,0,125,1,0,8.64426569052,0
pde_nominal,2,14659,8,1,256,0,242,1,0,11.0597035658,0
pde_nominal,5,15925,0,0,51,0,33,1,0,3.13692880827,0
pde_nominal,4,15625,6,0,50,0,36,1,0,9.85452535396,0
pde_nominal,6,15275,12,1,22,0,5,1,0,4.80884318035,0
pde_nominal,5,15923,9,1,36,0,7,1,0,4.87851303517,0
pde_nominal,8,14409,15,1,17,0,6,1,0,4.01349605688,0
pde_nominal,9,15084,5,0,41,0,10,1,0,5.24302037052,0
pde_nominal,4,15621,5,0,1,0,0,1,0,6.5916122014,0
pde_nominal,7,14438,5,0,60,0,60,1,0,4.09490769251,0
pde_nominal,7,15467,5,0,0,0,0,0,0,5.40247744053,0
pde_nominal,0,16163,3,0,8,0,0,1,0,4.97069399771,0
pde_nominal,3,14167,15,1,48,0,0,1,0,10.8820317196,0
pde_nominal,4,15614,6,0,10,0,2,1,0,7.1563400479,0
pde_nominal,6,15264,1,0,63,0,13,1,0,10.0741190957,0
pde_nominal,5,15911,1,0,87,0,87,1,0,9.19129277377,0
pde_nominal,5,15906,7,0,13,0,7,1,0,4.17195670636,0
pde_nominal,5,15904,11,1,14,0,14,1,0,6.71588605997,0
pde_nominal,5,15902,10,1,40,0,30,1,0,5.03586629455,0
pde_nominal,1,15576,1,0,80,0,74,1,0,9.03887287827,0
pde_nominal,3,14160,0,0,91,0,79,1,0,4.67115217751,0
pde_nominal,9,15077,12,1,144,0,123,1,0,11.8656488228,0
pde_nominal,5,15898,0,0,23,0,18,1,0,5.06060806094,0
pde_nominal,0,16156,7,0,16,0,16,1,0,6.68287400211,0
pde_nominal,2,14644,5,0,204,0,192,1,0,8.80556367508,0
pde_nominal,4,15598,14,1,23,0,23,1,0,3.69724449093,0
pde_nominal,7,14424,13,1,75,0,75,1,0,5.62166689852,0
pde_nominal,3,14159,4,0,161,0,155,1,0,7.33117777135,0
pde_nominal,4,15596,5,0,44,0,26,1,0,4.29691452142,0
pde_nominal,1,15570,13,1,58,0,35,1,0,4.0791971672,0
pde_nominal,8,14379,3,0,22,0,4,1,0,3.99978065529,0
pde_nominal,0,16148,13,1,79,0,16,1,0,6.97193677206,0
pde_nominal,6,15250,9,1,52,0,7,1,0,6.8768675239,0
pde_nominal,1,15565,4,0,38,0,2,1,0,4.40052059196,0
pde_nominal,4,15589,9,1,40,0,3,1,0,13.3621332896,0
pde_nominal,7,14416,2,0,49,0,49,1,0,6.32634889226,0
pde_nominal,5,15887,2,0,32,0,28,1,0,5.47448214412,0
pde_nominal,0,16137,5,0,25,0,13,1,0,4.22137889714,0
pde_nominal,5,15885,3,0,58,0,51,1,0,4.66835753153,0
pde_nominal,3,14145,2,0,24,0,22,1,0,5.46773949742,0
pde_nominal,9,15060,2,0,31,0,28,1,0,4.17714379777,0
pde_nominal,7,14407,8,1,15,0,15,1,0,2.99209041091,0
pde_nominal,6,15243,1,0,35,0,29,1,0,4.5151748519,0
pde_nominal,7,14404,15,1,29,0,29,1,0,3.95043673876,0
pde_nominal,5,15883,9,1,37,0,27,1,0,3.84093526525,0
pde_nominal,8,14366,9,1,39,0,32,1,0,6.59214137391,0
pde_nominal,0,16133,11,1,40,0,40,1,0,5.70742504759,0
pde_nominal,9,15053,9,1,16,0,16,1,0,3.21520763691,0
pde_nominal,5,15879,4,0,62,0,62,1,0,4.33863415554,0
pde_nominal,1,15555,11,1,29,0,27,1,0,4.84493970763,0
pde_nominal,4,15571,9,1,26,0,20,1,0,8.06673739137,0
pde_nominal,7,14396,5,0,21,0,21,1,0,4.5835979325,0
pde_nominal,3,14127,15,1,33,0,23,1,0,5.95585492439,0
pde_nominal,2,14632,12,1,87,0,65,1,0,7.66492286004,0
pde_nominal,9,15044,13,1,49,0,26,1,0,4.22064349143,0
pde_nominal,5,15871,13,1,42,0,35,1,0,4.77380025481,0
pde_nominal,1,15546,12,1,35,0,1,1,0,8.58486173464,0
pde_nominal,8,14353,15,1,67,0,31,1,0,4.1037564983,0
pde_nominal,0,16124,13,1,81,0,62,1,0,4.84853863635,0
pde_nominal,7,14391,7,0,47,0,47,1,0,7.88589510039,0
pde_nominal,3,14121,7,0,69,0,53,1,0,5.35184804804,0
pde_nominal,9,15037,3,0,42,0,17,1,0,7.24570646764,0
pde_nominal,4,15563,0,0,23,0,7,1,0,4.97007605496,0
pde_nominal,5,15865,14,1,42,0,32,1,0,4.62350771545,0
pde_nominal,5,15864,11,1,7,0,7,1,0,4.26785005327,0
pde_nominal,3,14119,9,1,41,0,36,1,0,9.14856113733,0
pde_nominal,1,15540,6,0,22,0,4,1,0,3.95675017244,0
pde_nominal,9,15033,5,0,39,0,16,1,0,4.76788597349,0
pde_nominal,3,14111,8,1,24,0,19,1,0,4.17577744324,0
pde_nominal,9,15032,4,0,80,0,42,1,0,6.2013063363,0
pde_nominal,2,14619,10,1,37,0,37,1,0,7.54396061216,0
pde_nominal,6,15224,12,1,70,0,52,1,0,5.87271960883,0
pde_nominal,0,16114,5,0,19,0,19,1,0,6.63708938356,0
pde_nominal,0,16112,1,0,76,0,76,1,0,4.63719216641,0
pde_nominal,4,15551,11,1,5,0,1,1,0,5.89788762253,0
pde_nominal,6,15219,4,0,15,0,5,1,0,5.2720976178,0
pde_nominal,3,14108,2,0,36,0,10,1,0,6.07201811892,0
pde_nominal,2,14613,3,0,54,0,46,1,0,4.90352858321,0
pde_nominal,3,14107,2,0,106,0,101,1,0,6.04170785196,0
pde_nominal,2,14607,3,0,66,0,56,1,0,6.56187168114,0
pde_nominal,9,15793,12,1,2,0,2,1,0,11.7206829168,0
pde_nominal,1,15528,7,0,51,0,42,1,0,5.31327420502,0
pde_nominal,3,14102,7,0,13,0,4,1,0,3.56251288381,0
pde_nominal,2,14606,11,1,45,0,29,1,0,5.3453247354,0
pde_nominal,6,15210,8,1,56,23,79,1,1,10.5065176398,0
pde_nominal,2,14600,7,0,39,16,55,1,1,10.1812587756,0
pde_nominal,0,16101,9,1,168,0,149,1,0,7.65788822576,0
pde_nominal,4,15537,1,0,79,0,66,1,0,4.26954076569,0
pde_nominal,1,15519,4,0,22,0,22,1,0,5.05280586278,0
pde_nominal,4,15536,2,0,70,0,62,1,0,10.0836472251,0
pde_nominal,3,15423,2,0,3,0,3,1,0,3.98814257263,0
pde_nominal,3,14092,15,1,10,0,10,1,0,4.30530456342,0
pde_nominal,2,14593,5,0,72,0,72,1,0,6.57897581982,0
pde_nominal,1,15509,0,0,53,0,53,1,0,8.69279163065,0
pde_nominal,6,15198,5,0,86,0,86,1,0,8.19122094109,0
pde_nominal,4,15524,12,1,93,0,93,1,0,7.32886177914,0
pde_nominal,3,14080,7,0,46,0,46,1,0,9.33639396115,0
pde_nominal,1,15502,10,1,19,0,4,1,0,5.16269763396,0
pde_nominal,0,16075,15,1,38,0,6,1,0,6.27545723091,0
pde_nominal,2,15578,6,0,22,0,15,1,0,10.0293136737,0
pde_nominal,0,16072,3,0,36,0,23,1,0,3.41302962079,0
pde_nominal,1,15498,10,1,33,0,28,1,0,5.88939497998,0
pde_nominal,2,14582,9,1,66,16,54,1,1,5.502163974,0
pde_nominal,0,16067,9,1,55,0,47,1,0,4.94703965063,0
pde_nominal,1,15493,5,0,75,0,57,1,0,6.88281788695,0
pde_nominal,9,14984,13,1,18,0,18,1,0,10.4191963794,0
pde_nominal,6,15184,1,0,56,0,56,1,0,3.65150810402,0
pde_nominal,0,16065,8,1,54,0,49,1,0,9.01924078868,0
pde_nominal,1,15486,0,0,14,0,14,1,0,3.32907507305,0
pde_nominal,4,15512,4,0,46,0,39,1,0,11.0714884457,0
pde_nominal,7,14336,3,0,40,0,40,1,0,5.70546758852,0
pde_nominal,9,14974,12,1,7,0,0,1,0,4.79680435092,0
pde_nominal,4,15507,5,0,15,0,0,1,0,3.806716567,0
pde_nominal,2,14571,10,1,18,0,5,1,0,4.22466830161,0
pde_nominal,8,14283,14,1,55,0,23,1,0,4.79218264129,0
pde_nominal,7,14334,4,0,42,0,42,1,0,5.83521994818,0
pde_nominal,5,15811,0,0,3,0,0,1,0,6.63442029732,0
pde_nominal,6,15173,12,1,34,0,34,1,0,3.03044767909,0
pde_nominal,0,16056,1,0,43,0,43,1,0,6.3660691066,0
pde_nominal,4,15503,15,1,95,0,91,1,0,5.6072907512,0
pde_nominal,3,14058,3,0,23,0,23,1,0,3.98345700008,0
pde_nominal,9,14967,3,0,47,0,47,1,0,8.46508284992,0
pde_nominal,4,15499,11,1,5,0,5,1,0,5.57533936637,0
pde_nominal,0,16055,7,0,97,0,97,1,0,5.95340086742,0
pde_nominal,7,14332,13,1,202,0,202,1,0,11.8211900284,0
pde_nominal,5,15807,12,1,165,0,165,1,0,8.4359004339,0
pde_nominal,4,15489,10,1,21,0,20,1,0,3.46239639817,0
pde_nominal,5,15805,3,0,34,0,34,1,0,3.38036485157,0
pde_nominal,4,15487,1,0,52,0,46,1,0,5.07355535992,0
pde_nominal,3,14051,5,0,17,0,0,1,0,3.52232271104,0
pde_nominal,2,14555,12,1,1,0,1,1,0,4.57477683754,0
pde_nominal,7,14325,4,0,14,0,14,1,0,3.58670614424,0
pde_nominal,5,15804,3,0,88,0,39,1,0,7.09798788986,0
pde_nominal,5,15802,8,1,3,0,3,1,0,4.0833043855,0
pde_nominal,1,15465,4,0,37,25,33,1,1,9.66433543495,0
pde_nominal,0,16048,12,1,79,0,72,1,0,4.42670799448,0
pde_nominal,0,16047,7,0,32,0,32,1,0,5.19804410925,0
pde_nominal,2,14552,8,1,25,0,25,1,0,4.30378916277,0
pde_nominal,2,14551,9,1,73,0,73,1,0,8.28061982343,0
pde_nominal,1,15458,0,0,66,0,66,1,0,3.70027323861,0
pde_nominal,1,15456,1,0,32,0,14,1,0,7.41157015777,0
pde_nominal,0,16041,14,1,85,0,54,1,0,7.54803367345,0
pde_nominal,0,16697,14,1,0,0,0,0,0,9.23728013602,0
pde_nominal,2,14549,14,1,17,0,8,1,0,5.95587672132,0
pde_nominal,4,15473,9,1,69,0,23,1,0,8.47510839112,0
pde_nominal,0,16039,14,1,7,0,1,1,0,7.88998494773,0
pde_nominal,7,14307,5,0,50,0,50,1,0,4.53598849209,0
pde_nominal,9,14933,8,1,64,0,29,1,0,6.36902704901,0
pde_nominal,4,15462,4,0,73,0,57,1,0,4.65811257119,0
pde_nominal,4,15458,10,1,14,0,14,1,0,6.45057161246,0
pde_nominal,2,14537,5,0,23,0,23,1,0,4.61296190345,0
pde_nominal,7,14298,11,1,83,0,83,1,0,5.23119054207,0
pde_nominal,3,14027,8,1,82,0,82,1,0,5.88484737979,0
pde_nominal,7,14297,12,1,97,0,97,1,0,5.91995637836,0
pde_nominal,0,16019,14,1,34,0,26,1,0,7.33668195971,0
pde_nominal,8,14240,15,1,92,0,75,1,0,6.89664388905,0
pde_nominal,5,15779,14,1,41,0,23,1,0,4.83658835719,0
pde_nominal,4,15453,8,1,17,0,17,1,0,10.9183301265,0
pde_nominal,5,15771,3,0,34,0,29,1,0,5.55904240183,0
pde_nominal,4,15449,1,0,69,0,48,1,0,8.63027288646,0
pde_nominal,4,15448,2,0,13,0,1,1,0,3.42106544587,0
pde_nominal,0,16008,6,0,64,0,44,1,0,4.25918055696,0
pde_nominal,1,15436,0,0,63,0,63,1,0,4.85819120642,0
pde_nominal,7,14282,3,0,105,0,105,1,0,11.1229569379,0
pde_nominal,3,14010,1,0,37,0,33,1,0,4.08718458584,0
pde_nominal,5,15762,0,0,14,0,10,1,0,4.07116465767,0
pde_nominal,3,14007,3,0,52,0,32,1,0,4.68726236253,0
pde_nominal,1,15430,2,0,23,0,4,1,0,5.63546324074,0
pde_nominal,1,15429,1,0,16,0,7,1,0,7.4785837807,0
pde_nominal,0,15999,14,1,65,0,34,1,0,15.5070830475,0
pde_nominal,0,15998,0,0,69,0,53,1,0,7.32228119641,0
pde_nominal,4,15427,1,0,30,0,30,1,0,8.37203471454,0
pde_nominal,7,14273,15,1,10,0,10,1,0,5.3007985304,0
pde_nominal,9,14906,4,0,61,0,61,1,0,4.49683913844,0
pde_nominal,5,15754,7,0,37,0,32,1,0,8.04299489363,0
pde_nominal,2,14509,11,1,121,0,77,1,0,10.4335410843,0
pde_nominal,3,13986,12,1,12,0,11,1,0,7.21057686154,0
pde_nominal,6,15113,6,0,6,0,0,1,0,3.33471111666,0
pde_nominal,3,13984,13,1,35,0,8,1,0,4.48628011633,0
pde_nominal,9,14897,3,0,75,0,8,1,0,8.90161130307,0
pde_nominal,0,15986,4,0,14,0,12,1,0,7.34786965575,0
pde_nominal,9,14895,4,0,35,0,35,1,0,4.13978693928,0
pde_nominal,6,15102,7,0,98,0,98,1,0,6.02006613052,0
pde_nominal,2,14500,9,1,20,0,20,1,0,5.72365595489,0
pde_nominal,9,14890,3,0,7,0,0,1,0,6.23938253752,0
pde_nominal,3,13977,6,0,32,0,0,1,0,5.82229254627,0
pde_nominal,8,14203,11,1,139,0,75,1,0,10.1247692578,0
pde_nominal,5,15739,10,1,64,0,40,1,0,5.24719638876,0
pde_nominal,0,15981,12,1,23,0,23,1,0,4.26880386376,0
pde_nominal,5,15736,9,1,36,0,36,1,0,4.19040549964,0
pde_nominal,6,15097,4,0,26,0,26,1,0,5.76208567088,0
pde_nominal,6,15094,3,0,9,0,9,1,0,5.11678012103,0
pde_nominal,7,14253,0,0,26,0,26,1,0,4.14932581328,0
pde_nominal,7,14252,15,1,13,0,13,1,0,4.70966842035,0
pde_nominal,9,14885,14,1,22,0,22,1,0,5.78763764801,0
pde_nominal,6,15093,12,1,34,0,25,1,0,4.40958985588,0
pde_nominal,3,13973,3,0,65,0,56,1,0,7.98774452189,0
pde_nominal,7,14245,2,0,22,0,22,1,0,5.25243326303,0
pde_nominal,9,14882,2,0,66,0,64,1,0,5.04324994271,0
pde_nominal,4,15412,3,0,48,0,35,1,0,5.51839524857,0
pde_nominal,4,15405,13,1,64,0,64,1,0,6.05484728293,0
pde_nominal,1,15381,6,0,37,0,37,1,0,3.70352834271,0
pde_nominal,3,13959,12,1,38,0,38,1,0,6.60318139442,0
pde_nominal,6,15084,7,0,61,0,61,1,0,3.81371566477,0
pde_nominal,6,15905,7,0,0,0,0,0,0,7.29032408268,0
pde_nominal,8,14190,2,0,33,0,33,1,0,7.14114160637,0
pde_nominal,4,15402,5,0,64,0,64,1,0,7.19645673459,0
pde_nominal,8,14187,1,0,77,23,87,1,1,9.28017697094,0
pde_nominal,4,15400,4,0,64,0,44,1,0,5.95349217692,0
pde_nominal,1,15374,6,0,4,0,4,1,0,3.37192786949,0
pde_nominal,5,15720,5,0,12,0,12,1,0,4.52161566277,0
pde_nominal,1,15369,10,1,21,0,8,1,0,3.97810412928,0
pde_nominal,4,15397,12,1,7,0,0,1,0,4.72947867812,0
pde_nominal,9,14868,8,1,11,0,0,1,0,4.42564640073,0
pde_nominal,3,13948,6,0,29,0,0,1,0,6.17010408545,0
pde_nominal,0,15959,11,1,37,0,0,1,0,5.07952012218,0
pde_nominal,8,14176,13,1,7,0,0,1,0,3.45823470899,0
pde_nominal,8,15394,13,1,0,0,0,0,0,9.36828611642,0
pde_nominal,1,15366,12,1,72,0,59,1,0,5.52413532058,0
pde_nominal,0,15954,15,1,33,0,33,1,0,4.77876257647,0
pde_nominal,4,15394,1,0,47,0,47,1,0,9.92600778549,0
pde_nominal,2,14460,6,0,25,0,25,1,0,5.43971500822,0
pde_nominal,4,15390,4,0,27,0,27,1,0,3.27463000853,0
pde_nominal,1,15362,3,0,40,0,40,1,0,7.19193076266,0
pde_nominal,3,13936,3,0,28,0,21,1,0,6.7913969171,0
pde_nominal,5,15705,9,1,136,0,125,1,0,8.88507004305,0
pde_nominal,9,14861,10,1,6,0,0,1,0,4.46315557918,0
pde_nominal,6,15058,0,0,33,0,2,1,0,4.86777398262,0
pde_nominal,2,14455,11,1,44,0,25,1,0,5.95087492232,0
pde_nominal,3,13928,0,0,4,0,4,1,0,8.16619498152,0
pde_nominal,2,14447,3,0,33,29,62,1,1,6.52382546441,0
pde_nominal,8,14162,12,1,32,0,30,1,0,4.33720231512,0
pde_nominal,6,15052,7,0,13,0,10,1,0,6.2089180796,0
pde_nominal,4,15364,3,0,30,0,23,1,0,7.73972501861,0
pde_nominal,2,14444,7,0,43,0,37,1,0,4.94262213087,0
pde_nominal,9,14848,13,1,19,0,19,1,0,4.68779999107,0
pde_nominal,2,14442,9,1,70,0,70,1,0,5.04051937614,0
pde_nominal,6,15048,1,0,109,0,109,1,0,5.50745979096,0
pde_nominal,6,15047,6,0,45,0,35,1,0,3.53778103934,0
pde_nominal,9,14836,6,0,1,0,1,1,0,3.62622740556,0
pde_nominal,3,13917,13,1,49,0,49,1,0,4.78337247602,0
pde_nominal,1,15341,1,0,67,0,67,1,0,7.14705822445,0
pde_nominal,5,15681,10,1,15,0,10,1,0,4.15415297576,0
pde_nominal,9,14834,2,0,115,0,111,1,0,5.92500762716,0
pde_nominal,5,15678,11,1,75,0,75,1,0,7.18006380336,0
pde_nominal,3,13913,9,1,85,0,85,1,0,3.65568295171,0
pde_nominal,4,15356,1,0,290,0,281,1,0,16.6872609789,0
pde_nominal,4,16064,8,1,64,0,53,1,0,25.8896154638,0
pde_nominal,0,15920,13,1,47,0,44,1,0,4.35516765945,0
pde_nominal,7,14197,1,0,108,0,108,1,0,5.24134572788,0
pde_nominal,7,14195,5,0,37,0,37,1,0,5.12786473269,0
pde_nominal,0,15917,4,0,6,0,0,1,0,4.5433428058,0
pde_nominal,1,15334,9,1,24,0,5,1,0,10.7205040957,0
pde_nominal,5,15667,13,1,22,0,22,1,0,3.71170738863,0
pde_nominal,3,13906,12,1,38,0,22,1,0,4.04427614659,0
pde_nominal,5,15666,6,0,40,0,40,1,0,3.38890949725,0
pde_nominal,2,14422,15,1,20,0,19,1,0,5.23100591342,0
pde_nominal,1,15328,6,0,11,0,11,1,0,3.47841398142,0
pde_nominal,6,15028,7,0,1,0,1,1,0,7.37833879578,0
pde_nominal,3,13893,0,0,45,0,41,1,0,3.36309351345,0
pde_nominal,1,15326,9,1,19,0,19,1,0,4.56974710341,0
pde_nominal,4,15342,13,1,13,0,0,1,0,6.73435934409,0
pde_nominal,2,14411,15,1,0,0,0,1,0,3.69721302728,0
pde_nominal,6,15025,10,1,319,0,266,1,0,19.7986165382,0
pde_nominal,9,14814,2,0,25,0,15,1,0,11.218202513,0
pde_nominal,0,15904,15,1,14,0,2,1,0,3.96966695686,0
pde_nominal,2,14398,8,1,35,0,4,1,0,8.39461670342,0
pde_nominal,8,15395,9,1,20,0,10,1,0,6.92121650757,0
pde_nominal,5,15647,15,1,1,0,0,1,0,11.8017401414,0
pde_nominal,5,15642,12,1,34,0,14,1,0,3.15841163628,0
pde_nominal,9,14807,4,0,37,0,37,1,0,8.47264516041,0
pde_nominal,7,14171,1,0,28,0,28,1,0,3.81215147556,0
pde_nominal,3,13865,12,1,61,0,53,1,0,3.29013801185,0
pde_nominal,1,15297,13,1,89,0,79,1,0,5.81357178166,0
pde_nominal,5,15624,8,1,99,0,99,1,0,7.69903205291,0
pde_nominal,1,15296,12,1,57,0,57,1,0,4.93207651355,0
pde_nominal,2,14384,6,0,87,0,87,1,0,4.41371820818,0
pde_nominal,9,14791,14,1,14,0,14,1,0,2.9923716396,0
pde_nominal,5,15623,15,1,58,0,58,1,0,6.6052566305,0
pde_nominal,4,15307,4,0,8,0,8,1,0,7.55911071393,0
pde_nominal,3,13855,15,1,64,0,64,1,0,3.37204128841,0
pde_nominal,7,14162,14,1,185,0,185,1,0,10.0136836695,0
pde_nominal,5,15621,12,1,46,0,27,1,0,6.30763612043,0
pde_nominal,7,14156,0,0,25,0,25,1,0,6.32150180031,0
pde_nominal,2,14376,9,1,37,0,37,1,0,10.9304947709,0
pde_nominal,7,14152,4,0,94,0,94,1,0,4.67772062825,0
pde_nominal,5,15612,2,0,60,0,44,1,0,11.340033728,0
pde_nominal,7,14148,8,1,41,0,41,1,0,4.11773747799,0
pde_nominal,6,14980,10,1,21,0,13,1,0,3.62240078022,0
pde_nominal,3,13845,3,0,86,0,86,1,0,5.34083654041,0
pde_nominal,1,15275,7,0,83,0,60,1,0,5.00922261783,0
pde_nominal,7,14139,4,0,71,0,71,1,0,6.06393348412,0
pde_nominal,6,14975,2,0,63,0,63,1,0,7.31510282277,0
pde_nominal,5,15593,10,1,35,0,29,1,0,3.03561682615,0
pde_nominal,9,14770,7,0,56,0,41,1,0,3.92020835821,0
pde_nominal,9,15798,7,0,0,0,0,0,0,5.66294398475,0
pde_nominal,1,15266,10,1,56,0,1,1,0,7.05832543002,0
pde_nominal,8,14060,13,1,43,0,43,1,0,3.54171421978,0
pde_nominal,5,15586,5,0,28,0,17,1,0,6.3906511942,0
pde_nominal,5,16345,5,0,0,0,0,0,0,12.3842662724,0
pde_nominal,1,15262,13,1,87,0,59,1,0,6.99657474805,0
pde_nominal,0,15845,15,1,21,0,21,1,0,5.86989643432,0
pde_nominal,8,14059,1,0,79,0,56,1,0,7.82630005468,0
pde_nominal,2,14350,10,1,85,0,74,1,0,5.52506258319,0
pde_nominal,4,15277,8,1,34,0,34,1,0,5.21515961039,0
pde_nominal,9,14759,8,1,72,0,72,1,0,10.1490309234,0
pde_nominal,9,15799,8,1,0,0,0,0,0,13.6925747615,0
pde_nominal,8,14054,6,0,5,0,5,1,0,3.67975138108,0
pde_nominal,2,14342,9,1,7,0,7,1,0,4.97425953289,0
pde_nominal,9,14756,10,1,65,0,65,1,0,7.07981663737,0
pde_nominal,3,13835,2,0,116,0,111,1,0,6.62598771181,0
pde_nominal,9,14755,11,1,59,0,48,1,0,5.80471840909,0
pde_nominal,9,14754,10,1,47,0,47,1,0,7.27360186348,0
pde_nominal,4,15272,13,1,84,0,75,1,0,6.59382933137,0
pde_nominal,0,15835,5,0,158,0,145,1,0,10.1256150769,0
pde_nominal,5,15568,0,0,18,0,18,1,0,3.43659837795,0
pde_nominal,1,15249,9,1,1,0,0,1,0,6.57567246309,0
pde_nominal,6,14949,4,0,38,0,17,1,0,4.84575939957,0
pde_nominal,4,15268,5,0,112,0,112,1,0,6.44192520734,0
pde_nominal,6,14940,8,1,19,0,19,1,0,8.39986376082,0
pde_nominal,9,14741,13,1,15,0,15,1,0,8.52016612646,0
pde_nominal,5,16347,1,0,49,0,49,1,0,14.3933288284,0
pde_nominal,8,14038,4,0,63,0,63,1,0,4.33216755555,0
pde_nominal,9,14736,4,0,43,0,43,1,0,5.91024482764,0
pde_nominal,3,13815,13,1,72,0,72,1,0,3.29696389025,0
pde_nominal,8,14034,6,0,38,0,36,1,0,4.50533781413,0
pde_nominal,3,13813,2,0,59,0,58,1,0,3.24570559084,0
pde_nominal,4,15261,6,0,27,0,27,1,0,6.41631587059,0
pde_nominal,4,15253,3,0,54,0,54,1,0,4.57049528355,0
pde_nominal,9,14727,11,1,61,0,61,1,0,4.76338091377,0
pde_nominal,2,14308,5,0,57,0,57,1,0,4.47718726689,0
pde_nominal,6,14923,10,1,32,0,32,1,0,5.54033829988,0
pde_nominal,4,15250,12,1,24,15,39,1,1,10.25475385,0
pde_nominal,4,15249,13,1,1,0,1,1,0,4.96627455329,0
pde_nominal,3,17756,1,0,14,0,14,1,0,7.30943557987,0
pde_nominal,7,14105,13,1,277,0,277,1,0,13.2640497855,0
pde_nominal,2,14305,2,0,25,0,10,1,0,4.15224703534,0
pde_nominal,1,15222,6,0,19,0,0,1,0,3.42723591861,0
pde_nominal,1,15221,4,0,41,0,0,1,0,3.46851890401,0
pde_nominal,4,15245,10,1,38,19,5,1,1,5.53737370032,0
pde_nominal,8,14025,6,0,65,0,1,1,0,9.90830645363,0
pde_nominal,8,15396,6,0,0,0,0,0,0,10.9787186578,0
pde_nominal,0,15809,5,0,12,0,0,1,0,4.73960919225,0
pde_nominal,7,14096,9,1,92,0,92,1,0,8.93158003039,0
pde_nominal,8,14014,14,1,28,0,28,1,0,3.27704849806,0
pde_nominal,2,14299,0,0,42,0,34,1,0,6.63656157953,0
pde_nominal,7,14095,10,1,19,21,12,1,1,6.83521541673,0
pde_nominal,4,15231,3,0,58,0,47,1,0,5.33793107552,0
pde_nominal,7,14090,4,0,66,0,66,1,0,3.93509317106,0
pde_nominal,0,15806,15,1,141,0,112,1,0,8.81734231672,0
pde_nominal,5,15516,12,1,16,0,16,1,0,4.64251630408,0
pde_nominal,0,15802,4,0,52,0,52,1,0,8.05751503269,0
pde_nominal,7,14082,11,1,52,0,52,1,0,4.43908714489,0
pde_nominal,6,14911,14,1,47,0,47,1,0,6.05126600336,0
pde_nominal,0,15793,3,0,28,0,28,1,0,12.3701465043,0
pde_nominal,8,13996,7,0,52,0,52,1,0,5.52342200621,0
pde_nominal,5,15509,14,1,87,0,87,1,0,8.26024235889,0
pde_nominal,2,14271,1,0,66,0,66,1,0,5.58929201178,0
pde_nominal,5,15501,5,0,34,0,34,1,0,6.5702502005,0
pde_nominal,6,14902,6,0,4,0,4,1,0,3.5800003375,0
pde_nominal,5,15499,0,0,60,0,60,1,0,4.3834447961,0
pde_nominal,4,15215,15,1,92,0,92,1,0,6.17841568097,0
pde_nominal,8,13986,15,1,83,0,78,1,0,3.91736746775,0
pde_nominal,7,14074,9,1,59,0,59,1,0,5.32065626363,0
pde_nominal,0,15779,9,1,23,0,10,1,0,3.26033573614,0
pde_nominal,2,14258,6,0,39,0,6,1,0,7.68920483312,0
pde_nominal,9,14674,2,0,31,0,11,1,0,8.28038741585,0
pde_nominal,8,13979,12,1,101,0,34,1,0,8.86018253969,0
pde_nominal,3,17716,7,0,28,0,23,1,0,3.05034643296,0
pde_nominal,2,14256,2,0,32,0,32,1,0,5.18549672309,0
pde_nominal,2,14254,4,0,52,0,52,1,0,3.90399614852,0
pde_nominal,6,14887,10,1,99,0,99,1,0,6.06478177114,0
pde_nominal,8,13975,14,1,98,0,94,1,0,6.96763594033,0
pde_nominal,4,15197,11,1,33,0,24,1,0,6.07798182777,0
pde_nominal,2,14247,2,0,59,0,59,1,0,4.14844375053,0
pde_nominal,2,14246,5,0,49,0,49,1,0,8.12742888575,0
pde_nominal,8,15398,9,1,14,8,22,1,1,10.0409800373,0
pde_nominal,9,14664,3,0,45,0,45,1,0,6.51282890121,0
pde_nominal,0,15763,2,0,63,0,63,1,0,6.0417979341,0
pde_nominal,3,17710,8,1,122,0,120,1,0,9.71336728075,0
pde_nominal,3,17708,2,0,6,0,6,1,0,6.28908494742,0
pde_nominal,5,15480,10,1,24,0,24,1,0,4.04198125787,0
pde_nominal,2,14241,12,1,59,0,59,1,0,5.39541284326,0
pde_nominal,2,14240,12,1,15,0,15,1,0,4.05731316726,0
pde_nominal,3,17703,1,0,54,0,54,1,0,4.49160120534,0
pde_nominal,2,14237,13,1,72,0,72,1,0,6.66903519997,0
pde_nominal,4,15187,10,1,138,0,138,1,0,10.7604052448,0
pde_nominal,9,14648,10,1,38,0,38,1,0,3.70831825755,0
pde_nominal,7,14043,1,0,32,0,32,1,0,8.94799158296,0
pde_nominal,6,14870,12,1,42,0,31,1,0,8.83442282083,0
pde_nominal,1,15169,3,0,61,0,42,1,0,5.49160992223,0
pde_nominal,2,14234,4,0,50,0,37,1,0,4.64432919591,0
pde_nominal,6,14869,11,1,38,0,38,1,0,7.6303844718,0
pde_nominal,7,14036,7,0,22,0,22,1,0,3.15280788588,0
pde_nominal,9,14645,5,0,96,0,76,1,0,7.81126029638,0
pde_nominal,8,13953,11,1,102,42,143,1,1,10.129623053,0
pde_nominal,5,15462,6,0,61,0,61,1,0,4.72641816655,0
pde_nominal,0,15739,3,0,105,0,105,1,0,9.65515039385,0
pde_nominal,7,14030,8,1,178,0,178,1,0,11.6210840677,0
pde_nominal,4,15172,6,0,35,0,35,1,0,6.21828061397,0
pde_nominal,4,15170,3,0,17,0,17,1,0,6.52158116465,0
pde_nominal,4,15166,5,0,66,0,66,1,0,4.74926358997,0
pde_nominal,2,14213,10,1,54,0,50,1,0,3.29274043277,0
pde_nominal,9,14630,7,0,66,0,66,1,0,3.67248308145,0
pde_nominal,3,17678,8,1,21,0,21,1,0,6.23310751887,0
pde_nominal,4,15151,7,0,5,0,5,1,0,5.90992822639,0
pde_nominal,5,15442,0,0,20,0,20,1,0,2.96429910845,0
pde_nominal,5,16350,0,0,0,0,0,0,0,9.21502941296,0
pde_nominal,8,13928,13,1,29,0,29,1,0,4.09250619611,0
pde_nominal,2,14203,14,1,89,0,55,1,0,5.40412928568,0
pde_nominal,5,15439,11,1,13,0,0,1,0,9.15303749075,0
pde_nominal,0,15704,1,0,39,0,3,1,0,5.09936226086,0
pde_nominal,3,17669,5,0,192,0,98,1,0,9.84026683066,0
pde_nominal,1,15125,7,0,47,0,35,1,0,6.04264535236,0
pde_nominal,0,15702,15,1,55,0,30,1,0,4.51134104136,0
pde_nominal,8,13922,7,0,92,0,68,1,0,5.03495813822,0
pde_nominal,9,14620,1,0,34,0,34,1,0,3.61333632592,0
pde_nominal,0,15699,11,1,26,0,26,1,0,3.7933130101,0
pde_nominal,5,15432,11,1,4,0,4,1,0,2.99612152355,0
pde_nominal,1,15118,4,0,0,0,0,1,0,3.70549025447,0
pde_nominal,0,15697,14,1,104,0,104,1,0,8.8795119308,0
pde_nominal,1,15117,4,0,58,0,58,1,0,4.60818418927,0
pde_nominal,0,15694,14,1,44,0,44,1,0,5.99970939707,0
pde_nominal,8,13913,13,1,64,0,64,1,0,3.28084383968,0
pde_nominal,3,17655,0,0,21,0,21,1,0,6.7396850325,0
pde_nominal,9,14606,7,0,54,0,54,1,0,5.08262358182,0
pde_nominal,8,13906,0,0,64,0,64,1,0,3.55752494111,0
pde_nominal,5,15423,15,1,55,0,55,1,0,4.5363208213,0
pde_nominal,3,17647,7,0,37,0,37,1,0,11.6247578106,0
pde_nominal,1,15099,8,1,35,0,35,1,0,7.06514483926,0
pde_nominal,1,15098,2,0,4,0,4,1,0,3.44849738531,0
pde_nominal,5,15422,3,0,54,0,54,1,0,4.2569265122,0
pde_nominal,7,13998,9,1,85,0,85,1,0,4.14255651439,0
pde_nominal,3,17645,2,0,70,0,70,1,0,3.93474187756,0
pde_nominal,8,13902,3,0,81,0,81,1,0,3.87306485372,0
pde_nominal,6,14814,6,0,20,0,20,1,0,4.97317203898,0
pde_nominal,8,13901,10,1,67,0,67,1,0,3.29747828258,0
pde_nominal,9,14599,8,1,60,0,60,1,0,3.41094152033,0
pde_nominal,3,17641,6,0,80,0,80,1,0,5.25137297581,0
pde_nominal,6,14810,9,1,8,0,8,1,0,5.98624144727,0
pde_nominal,0,15673,0,0,30,0,30,1,0,5.16150767459,0
pde_nominal,0,15672,8,1,36,0,36,1,0,4.61520230693,0
pde_nominal,4,15128,10,1,103,0,103,1,0,5.59268311187,0
pde_nominal,7,13984,4,0,68,0,68,1,0,3.50810212096,0
pde_nominal,7,13981,9,1,81,0,81,1,0,3.99288615447,0
pde_nominal,5,15413,15,1,79,0,79,1,0,5.06816992261,0
pde_nominal,0,15657,13,1,26,0,26,1,0,7.92100160873,0
pde_nominal,4,15120,1,0,20,0,20,1,0,4.02835214001,0
pde_nominal,5,15409,0,0,64,0,64,1,0,9.69019421005,0
pde_nominal,6,14794,11,1,38,0,38,1,0,3.72561973051,0
pde_nominal,7,13968,10,1,87,0,87,1,0,4.23525108629,0
pde_nominal,9,14583,14,1,12,0,12,1,0,5.56728906559,0
pde_nominal,7,13964,5,0,139,0,139,1,0,6.40385390807,0
pde_nominal,3,17623,6,0,186,0,186,1,0,7.37182797882,0
pde_nominal,4,15112,3,0,74,0,74,1,0,4.44691217614,0
pde_nominal,9,14578,5,0,49,0,49,1,0,3.90298772253,0
pde_nominal,8,13885,4,0,68,0,68,1,0,3.25062013815,0
pde_nominal,1,15075,3,0,133,0,133,1,0,9.80224662047,0
pde_nominal,5,15399,6,0,9,0,9,1,0,6.30638600783,0
pde_nominal,0,15641,2,0,64,0,64,1,0,4.76443832773,0
pde_nominal,9,14561,3,0,20,0,20,1,0,5.8528504112,0
pde_nominal,9,15802,3,0,0,0,0,0,0,9.34285442602,0
pde_nominal,9,14560,4,0,35,0,35,1,0,8.62167010707,0
pde_nominal,6,14781,2,0,25,0,25,1,0,5.14225567699,0
pde_nominal,0,15639,12,1,93,0,93,1,0,5.49437577476,0
pde_nominal,5,15394,10,1,105,0,105,1,0,5.9430812586,0
pde_nominal,5,15389,1,0,48,0,48,1,0,7.06575041517,0
pde_nominal,9,14552,5,0,36,0,36,1,0,3.48881420859,0
pde_nominal,3,17597,9,1,24,0,24,1,0,5.64170885158,0
pde_nominal,8,13871,5,0,179,0,179,1,0,8.58575208159,0
pde_nominal,4,15095,9,1,56,0,56,1,0,5.94654137116,0
pde_nominal,1,15057,12,1,86,0,86,1,0,6.43497332724,0
pde_nominal,3,17589,9,1,12,0,12,1,0,3.071286778,0
pde_nominal,4,15093,7,0,33,0,33,1,0,4.43668696167,0
pde_nominal,1,15055,9,1,71,0,71,1,0,5.98692046138,0
pde_nominal,4,15092,2,0,42,14,56,1,1,6.37484052523,0
pde_nominal,9,14540,0,0,88,0,88,1,0,6.84280128898,0
pde_nominal,4,15083,11,1,50,0,50,1,0,5.20112591768,0
pde_nominal,4,15082,3,0,26,0,26,1,0,3.7907221081,0
pde_nominal,6,14751,10,1,9,0,9,1,0,4.34833698592,0
pde_nominal,4,15080,15,1,53,0,53,1,0,8.44485903944,0
pde_nominal,4,15078,4,0,33,0,33,1,0,8.11634787577,0
pde_nominal,8,13863,6,0,58,0,58,1,0,3.24185748855,0
pde_nominal,0,15627,10,1,37,0,37,1,0,7.9631678856,0
pde_nominal,3,17577,11,1,28,0,28,1,0,4.49225661173,0
pde_nominal,6,14742,11,1,33,0,33,1,0,6.53025326401,0
pde_nominal,0,15626,4,0,89,0,89,1,0,5.7109537103,0
pde_nominal,9,14532,13,1,60,0,60,1,0,4.54978838082,0
pde_nominal,8,13858,13,1,131,0,131,1,0,5.09828814149,0
pde_nominal,6,14740,13,1,45,0,45,1,0,4.94603605394,0
pde_nominal,7,13932,9,1,83,0,83,1,0,4.08939920804,0
pde_nominal,1,15036,10,1,143,0,143,1,0,8.74616802183,0
pde_nominal,4,15059,1,0,4,0,4,1,0,4.81213601179,0
pde_nominal,0,15616,9,1,104,0,104,1,0,6.97314399992,0
pde_nominal,0,16702,9,1,0,0,0,0,0,8.56812503259,0
pde_nominal,6,14737,2,0,97,0,97,1,0,5.85166262227,0
pde_nominal,8,13854,15,1,206,0,206,1,0,8.92935558076,0
pde_nominal,7,13921,7,0,70,0,70,1,0,3.56879121841,0
pde_nominal,9,14514,6,0,15,0,15,1,0,3.51418804411,0
pde_nominal,3,17563,11,1,65,22,87,1,1,5.58140186308,0
pde_nominal,4,15053,8,1,86,0,86,1,0,6.73558775852,0
pde_nominal,2,18190,0,0,32,0,32,1,0,3.85756158488,0
pde_nominal,0,15609,12,1,152,0,152,1,0,7.26073831716,0
pde_nominal,1,15019,1,0,56,0,56,1,0,4.38281397213,0
pde_nominal,0,15607,0,0,28,0,28,1,0,4.56369678862,0
pde_nominal,6,14726,9,1,56,0,56,1,0,5.580674081,0
pde_nominal,5,15347,15,1,31,0,31,1,0,3.688056674,0
pde_nominal,1,15010,4,0,97,0,97,1,0,4.55988786481,0
pde_nominal,3,17551,7,0,75,0,75,1,0,4.35414877868,0
pde_nominal,6,14719,9,1,43,0,43,1,0,10.6821662568,0
pde_nominal,5,15343,11,1,23,0,23,1,0,4.37834174714,0
pde_nominal,2,18179,8,1,33,0,33,1,0,5.29647626563,0
pde_nominal,6,14712,2,0,12,0,12,1,0,3.82228469937,0
pde_nominal,0,15593,9,1,50,0,50,1,0,7.50855084217,0
pde_nominal,6,14708,10,1,61,0,61,1,0,4.9720083203,0
pde_nominal,3,17544,14,1,162,70,233,1,1,14.9793169413,0
pde_nominal,3,17541,5,0,49,0,49,1,0,7.38298726925,0
pde_nominal,9,14498,12,1,44,0,44,1,0,3.44098049307,0
pde_nominal,2,18172,8,1,59,0,59,1,0,5.79828708059,0
pde_nominal,6,14701,15,1,25,0,25,1,0,5.29109183846,0
pde_nominal,6,15909,15,1,0,0,0,0,0,6.59428296798,0
pde_nominal,2,18170,6,0,8,0,8,1,0,3.7847978099,0
pde_nominal,9,14496,10,1,32,0,32,1,0,5.19155679256,0
pde_nominal,0,15585,5,0,21,0,21,1,0,4.43440348312,0
pde_nominal,0,15582,13,1,27,0,0,1,0,4.54069087609,0
pde_nominal,9,14492,2,0,11,0,0,1,0,8.55217784624,0
pde_nominal,5,15325,11,1,60,0,18,1,0,6.40979636994,0
pde_nominal,6,14695,8,1,35,0,2,1,0,7.72559740303,0
pde_nominal,6,15910,8,1,0,0,0,0,0,10.610919982,0
pde_nominal,9,14490,10,1,20,0,0,1,0,5.87445025947,0
pde_nominal,9,14489,10,1,15,0,5,1,0,5.55540547217,0
pde_nominal,7,16961,7,0,35,0,35,1,0,5.05969132074,0
pde_nominal,3,17530,7,0,74,0,42,1,0,4.87016464826,0
pde_nominal,4,15021,13,1,51,0,51,1,0,6.70085400538,0
pde_nominal,3,17529,15,1,46,0,45,1,0,7.83571951702,0
pde_nominal,0,15568,11,1,20,0,20,1,0,4.04857441965,0
pde_nominal,4,15016,1,0,22,0,2,1,0,7.82560435046,0
pde_nominal,5,15315,12,1,15,0,15,1,0,3.59070154349,0
pde_nominal,1,14982,10,1,43,0,43,1,0,5.25965999752,0
pde_nominal,7,16951,0,0,104,0,104,1,0,8.73117824253,0
pde_nominal,9,14481,3,0,95,18,113,1,1,6.8106704956,0
pde_nominal,7,16949,11,1,140,0,140,1,0,8.19240505916,0
pde_nominal,8,18446,11,1,33,0,24,1,0,5.8127785415,0
pde_nominal,8,18445,10,1,1,0,1,1,0,4.07751995842,0
pde_nominal,4,15004,13,1,23,0,23,1,0,5.25752351056,0
pde_nominal,7,16943,0,0,30,0,30,1,0,8.99500473967,0
pde_nominal,5,15304,2,0,6,0,6,1,0,4.0400733154,0
pde_nominal,2,18146,15,1,20,6,16,1,1,6.58710950067,0
pde_nominal,8,18443,2,0,94,0,78,1,0,6.85009414773,0
pde_nominal,6,14667,4,0,59,0,59,1,0,6.87474106811,0
pde_nominal,1,14965,4,0,41,0,41,1,0,4.49785135549,0
pde_nominal,2,18142,10,1,87,0,87,1,0,7.24656701261,0
pde_nominal,0,15559,10,1,55,0,55,1,0,6.77791070374,0
pde_nominal,9,14471,1,0,40,0,40,1,0,8.25381507013,0
pde_nominal,6,14658,7,0,19,0,19,1,0,5.71672248952,0
pde_nominal,8,18435,6,0,83,0,83,1,0,5.65726932126,0
pde_nominal,3,17508,15,1,10,0,10,1,0,5.19269973253,0
pde_nominal,2,18137,4,0,10,0,0,1,0,3.79253805727,0
pde_nominal,5,15295,5,0,82,0,47,1,0,6.60443408829,0
pde_nominal,5,15293,9,1,22,0,0,1,0,4.09644038286,0
pde_nominal,8,18428,15,1,46,0,0,1,0,4.34817988452,0
pde_nominal,9,15806,7,0,14,0,14,1,0,7.64435990263,0
pde_nominal,3,17504,15,1,61,0,56,1,0,5.80976725283,0
pde_nominal,2,18130,14,1,116,0,115,1,0,8.01279537133,0
pde_nominal,5,15287,9,1,72,0,61,1,0,4.71778481044,0
pde_nominal,8,18418,1,0,23,0,23,1,0,5.14205112697,0
pde_nominal,2,18128,4,0,9,0,3,1,0,6.65232777197,0
pde_nominal,2,18204,4,0,0,0,0,0,0,10.0115620871,0
pde_nominal,6,14641,14,1,30,0,30,1,0,4.27095686464,0
pde_nominal,5,15282,2,0,59,0,59,1,0,5.94830808548,0
pde_nominal,8,18412,9,1,90,0,90,1,0,10.0484595046,0
pde_nominal,3,17494,6,0,22,0,22,1,0,4.225361985,0
pde_nominal,8,18411,5,0,47,0,47,1,0,4.90780485107,0
pde_nominal,6,14637,13,1,53,0,53,1,0,4.76783081739,0
pde_nominal,6,14636,15,1,20,0,20,1,0,3.83585567005,0
pde_nominal,5,15280,14,1,105,0,95,1,0,9.70150454956,0
pde_nominal,7,16907,11,1,5,0,5,1,0,6.43787394759,0
pde_nominal,6,14631,0,0,40,0,27,1,0,5.59805550107,0
pde_nominal,3,17486,6,0,66,0,48,1,0,6.35110752863,0
pde_nominal,2,18119,5,0,31,0,31,1,0,5.34602611468,0
pde_nominal,2,18118,6,0,22,0,22,1,0,6.6050852696,0
pde_nominal,9,14446,8,1,11,0,11,1,0,6.21914729078,0
pde_nominal,2,18116,2,0,103,0,103,1,0,6.34456892995,0
pde_nominal,9,14440,3,0,54,0,50,1,0,6.58359839527,0
pde_nominal,6,14628,4,0,68,0,57,1,0,7.47940522667,0
pde_nominal,8,18398,0,0,14,0,4,1,0,5.63539085662,0
pde_nominal,6,14627,6,0,38,0,0,1,0,7.51859686922,0
pde_nominal,4,16070,3,0,100,62,108,1,1,11.4919910964,0
pde_nominal,0,15530,9,1,13,0,0,1,0,8.92129138599,0
pde_nominal,2,18106,15,1,28,0,18,1,0,4.304832961,0
pde_nominal,4,14977,9,1,85,0,73,1,0,11.2786888159,0
pde_nominal,1,14934,0,0,132,0,124,1,0,8.3476693863,0
pde_nominal,3,17474,8,1,24,0,24,1,0,4.6933015333,0
pde_nominal,8,18388,14,1,6,0,6,1,0,5.52622096072,0
pde_nominal,2,18098,10,1,55,0,46,1,0,6.27142816527,0
pde_nominal,6,14608,1,0,16,0,16,1,0,5.23675888746,0
pde_nominal,6,14607,1,0,19,0,16,1,0,14.057182001,0
pde_nominal,8,18382,6,0,32,0,32,1,0,6.66375659757,0
pde_nominal,0,16703,3,0,6,0,6,1,0,11.0188402734,0
pde_nominal,8,18380,3,0,20,0,20,1,0,10.8572609035,0
pde_nominal,5,15247,15,1,9,0,9,1,0,3.76248568335,0
pde_nominal,3,17463,11,1,42,0,42,1,0,4.78497177638,0
pde_nominal,7,16879,5,0,79,0,79,1,0,4.77521510878,0
pde_nominal,1,14924,9,1,23,0,16,1,0,4.05434108272,0
pde_nominal,2,18087,2,0,13,0,10,1,0,3.78738961969,0
pde_nominal,4,14958,10,1,47,0,30,1,0,4.51962505935,0
pde_nominal,4,14957,10,1,15,0,0,1,0,9.48084887282,0
pde_nominal,9,14420,6,0,86,0,50,1,0,7.59391907721,0
pde_nominal,0,15508,10,1,62,0,62,1,0,4.04748828971,0
pde_nominal,0,15506,10,1,5,0,5,1,0,3.76373954456,0
pde_nominal,0,16704,10,1,0,0,0,0,0,6.89624583672,0
pde_nominal,4,14949,10,1,53,0,48,1,0,4.68518707691,0
pde_nominal,9,14415,2,0,43,0,43,1,0,3.65181582112,0
pde_nominal,5,15243,4,0,103,0,101,1,0,5.1784667346,0
pde_nominal,4,14947,3,0,47,0,41,1,0,5.1793698269,0
pde_nominal,5,15242,14,1,13,0,5,1,0,4.48594493338,0
pde_nominal,6,14596,1,0,44,0,11,1,0,6.23329643373,0
pde_nominal,4,14942,9,1,9,0,0,1,0,6.56942478783,0
pde_nominal,1,14913,15,1,29,0,29,1,0,4.52402776319,0
pde_nominal,1,14912,11,1,44,0,44,1,0,5.62196858715,0
pde_nominal,1,16287,11,1,0,0,0,0,0,7.73590547214,0
pde_nominal,1,14910,10,1,11,0,11,1,0,6.72511710989,0
pde_nominal,3,17450,7,0,31,0,31,1,0,5.85892611806,0
pde_nominal,7,16868,7,0,149,0,149,1,0,7.51491609905,0
pde_nominal,6,14589,3,0,28,0,28,1,0,3.20285305941,0
pde_nominal,1,14902,4,0,35,0,35,1,0,9.21716084787,0
pde_nominal,3,17446,1,0,61,0,61,1,0,8.05757500123,0
pde_nominal,7,16864,10,1,111,0,111,1,0,9.80791070299,0
pde_nominal,0,15488,5,0,96,0,88,1,0,5.52169332731,0
pde_nominal,7,16861,4,0,88,0,88,1,0,5.59449748886,0
pde_nominal,9,14396,3,0,11,0,11,1,0,3.03196376825,0
pde_nominal,2,18072,0,0,445,0,418,1,0,19.2264157018,0
pde_nominal,9,14394,1,0,43,0,43,1,0,4.8327347535,0
pde_nominal,1,14891,7,0,68,0,68,1,0,6.80856550563,0
pde_nominal,6,14580,5,0,78,0,78,1,0,5.88609448261,0
pde_nominal,9,14389,4,0,47,0,47,1,0,8.2369111286,0
pde_nominal,3,17435,7,0,17,0,17,1,0,6.25327791417,0
pde_nominal,7,16859,11,1,74,0,74,1,0,8.42322424758,0
pde_nominal,7,16856,3,0,23,0,23,1,0,4.34870974621,0
pde_nominal,9,14376,1,0,22,0,22,1,0,5.1687722331,0
pde_nominal,8,18346,10,1,41,0,41,1,0,6.19784799928,0
pde_nominal,9,15808,13,1,13,0,11,1,0,4.97321089484,0
pde_nominal,5,15226,8,1,52,0,50,1,0,11.0780407853,0
pde_nominal,1,14880,13,1,21,0,14,1,0,5.12251766627,0
pde_nominal,1,14876,9,1,19,10,28,1,1,6.32501529165,0
pde_nominal,6,14561,11,1,41,0,41,1,0,7.44159467361,0
pde_nominal,2,18052,2,0,116,0,116,1,0,6.80805464316,0
pde_nominal,6,14557,7,0,51,0,51,1,0,4.88339744903,0
pde_nominal,3,17411,5,0,57,0,57,1,0,12.0219557568,0
pde_nominal,0,15460,7,0,28,0,28,1,0,4.70780874533,0
pde_nominal,3,17410,11,1,33,0,33,1,0,3.46849979471,0
pde_nominal,4,14906,9,1,192,0,181,1,0,10.1166425485,0
pde_nominal,3,17408,2,0,89,0,57,1,0,6.35043221862,0
pde_nominal,9,14355,13,1,39,0,31,1,0,3.57960997012,0
pde_nominal,0,15456,0,0,17,0,13,1,0,6.45594210468,0
pde_nominal,5,15213,4,0,6,0,6,1,0,8.0723575159,0
pde_nominal,8,18332,15,1,20,0,6,1,0,5.27284596833,0
pde_nominal,0,15450,1,0,86,0,52,1,0,12.0834875995,0
pde_nominal,4,14900,15,1,90,0,53,1,0,6.09366567926,0
pde_nominal,1,14856,15,1,26,0,17,1,0,5.23709825255,0
pde_nominal,6,14538,2,0,23,0,11,1,0,4.48918547456,0
pde_nominal,9,14351,14,1,66,0,52,1,0,5.96865127635,0
pde_nominal,8,18328,7,0,19,0,19,1,0,4.31280234937,0
pde_nominal,1,14854,7,0,8,0,0,1,0,6.84645180561,0
pde_nominal,2,18043,3,0,51,0,29,1,0,5.12146883175,0
pde_nominal,0,15447,13,1,30,0,12,1,0,6.34310958018,0
pde_nominal,5,15206,9,1,12,0,12,1,0,5.14439974286,0
pde_nominal,4,14892,4,0,35,0,35,1,0,10.3055982037,0
pde_nominal,4,14891,2,0,37,0,37,1,0,5.5347485809,0
pde_nominal,4,16071,2,0,0,0,0,0,0,6.89508830509,0
pde_nominal,1,14849,8,1,20,0,20,1,0,8.42985086641,0
pde_nominal,7,16827,12,1,15,0,15,1,0,4.30809897448,0
pde_nominal,6,14535,4,0,23,0,23,1,0,5.72056548788,0
pde_nominal,2,18036,10,1,0,0,0,0,0,4.90530291849,0
pde_nominal,1,14846,6,0,14,0,14,1,0,11.701940402,0
pde_nominal,1,14845,7,0,44,0,44,1,0,3.50594085067,0
pde_nominal,8,18469,0,0,89,0,86,1,0,10.3568434048,0
pde_nominal,6,14529,2,0,60,0,46,1,0,6.00239515212,0
pde_nominal,8,18321,2,0,40,0,34,1,0,4.68359878953,0
pde_nominal,7,16820,12,1,27,0,27,1,0,4.40066433403,0
pde_nominal,5,15197,12,1,39,0,39,1,0,4.90707145857,0
pde_nominal,8,18314,10,1,40,0,38,1,0,5.11263623565,0
pde_nominal,2,18032,6,0,13,0,7,1,0,6.91141255124,0
pde_nominal,8,18313,15,1,43,0,36,1,0,6.1836750164,0
pde_nominal,5,15193,1,0,74,0,74,1,0,4.63879172316,0
pde_nominal,4,14873,15,1,21,0,21,1,0,3.02191953962,0
pde_nominal,3,17386,11,1,3,0,3,1,0,4.73334271049,0
pde_nominal,5,15191,11,1,89,0,89,1,0,4.60927059479,0
pde_nominal,6,14524,13,1,19,0,19,1,0,6.98141521079,0
pde_nominal,1,14833,8,1,76,0,76,1,0,4.69695016851,0
pde_nominal,7,16815,9,1,281,0,281,1,0,13.8346002436,0
pde_nominal,2,18021,4,0,23,0,23,1,0,5.11491737482,0
pde_nominal,3,17382,9,1,71,0,71,1,0,8.60710000388,0
pde_nominal,9,14326,11,1,104,0,104,1,0,10.2261283902,0
pde_nominal,7,16814,12,1,63,0,63,1,0,7.06377814336,0
pde_nominal,3,17381,2,0,37,0,37,1,0,9.50344942274,0
pde_nominal,8,18305,15,1,96,0,96,1,0,6.67594485092,0
pde_nominal,8,18470,15,1,0,0,0,0,0,9.7063931695,0
pde_nominal,4,14869,10,1,228,0,228,1,0,9.5498221064,0
pde_nominal,9,14323,7,0,13,0,13,1,0,4.75235227332,0
pde_nominal,4,14866,6,0,33,0,33,1,0,4.23392163074,0
pde_nominal,1,14828,13,1,93,0,93,1,0,8.03170345598,0
pde_nominal,4,14865,3,0,32,0,32,1,0,7.27697723962,0
pde_nominal,5,15183,12,1,57,0,57,1,0,6.4023387323,0
pde_nominal,2,18018,3,0,38,0,38,1,0,3.6779911001,0
pde_nominal,3,17378,1,0,46,0,46,1,0,4.52866101375,0
pde_nominal,8,18296,6,0,9,0,8,1,0,3.93069768397,0
pde_nominal,7,16809,15,1,58,0,58,1,0,5.1097725674,0
pde_nominal,2,18008,9,1,39,0,39,1,0,5.15480903192,0
pde_nominal,2,18207,9,1,0,0,0,0,0,8.07623800311,0
pde_nominal,1,14821,11,1,78,0,71,1,0,4.46279867882,0
pde_nominal,8,18289,11,1,14,0,2,1,0,5.70632885375,0
pde_nominal,8,18286,7,0,44,0,40,1,0,6.161983957,0
pde_nominal,5,15172,8,1,11,0,11,1,0,3.8458811201,0
pde_nominal,1,14812,13,1,25,0,25,1,0,5.78872886845,0
pde_nominal,7,16795,13,1,13,0,13,1,0,5.90251645698,0
pde_nominal,5,15169,6,0,41,0,29,1,0,12.3001191858,0
pde_nominal,8,18284,12,1,78,0,73,1,0,4.71926952704,0
pde_nominal,7,16791,14,1,38,0,38,1,0,9.66882881291,0
pde_nominal,6,14507,11,1,55,0,50,1,0,3.96798511487,0
pde_nominal,9,14306,3,0,43,0,43,1,0,3.14733481531,0
pde_nominal,1,14807,15,1,77,0,64,1,0,6.53579673468,0
pde_nominal,5,15160,2,0,22,0,22,1,0,5.70664009041,0
pde_nominal,2,18001,12,1,403,0,396,1,0,16.2360924758,0
pde_nominal,7,16788,4,0,147,0,147,1,0,10.1079617887,0
pde_nominal,4,14854,15,1,56,0,56,1,0,7.45148891848,0
pde_nominal,6,14500,14,1,31,0,31,1,0,4.983009111,0
pde_nominal,7,16782,11,1,33,0,33,1,0,5.49764823858,0
pde_nominal,1,14796,10,1,70,0,65,1,0,5.68749949322,0
pde_nominal,5,15150,3,0,33,0,16,1,0,3.64587795212,0
pde_nominal,0,15405,14,1,46,0,22,1,0,5.18208664676,0
pde_nominal,8,18268,15,1,88,0,57,1,0,6.00359253391,0
pde_nominal,3,17347,2,0,8,0,8,1,0,4.10185971787,0
pde_nominal,5,15142,11,1,19,0,19,1,0,5.14914159526,0
pde_nominal,9,14289,9,1,19,0,19,1,0,3.85330248559,0
pde_nominal,1,14788,6,0,70,0,27,1,0,3.64262881538,0
pde_nominal,8,18260,8,1,14,14,3,1,1,6.13927416556,0
pde_nominal,6,14491,10,1,31,0,0,1,0,6.86631351041,0
pde_nominal,9,14287,6,0,13,0,0,1,0,3.62688060654,0
pde_nominal,5,15131,11,1,43,0,3,1,0,5.62457626056,0
pde_nominal,9,14284,5,0,40,0,18,1,0,4.1720050862,0
pde_nominal,2,17981,10,1,228,0,33,1,0,15.0593762368,0
pde_nominal,2,17978,6,0,27,0,27,1,0,5.13929475763,0
pde_nominal,3,17329,5,0,44,0,44,1,0,8.99137304983,0
pde_nominal,8,18252,8,1,43,0,41,1,0,4.57932605014,0
pde_nominal,5,15125,7,0,53,0,52,1,0,4.3338409709,0
pde_nominal,0,15380,7,0,7,0,2,1,0,4.73907590961,0
pde_nominal,7,16760,8,1,14,0,14,1,0,4.84030436078,0
pde_nominal,9,14278,12,1,44,0,44,1,0,3.80115892248,0
pde_nominal,9,15813,12,1,0,0,0,0,0,5.77306204231,0
pde_nominal,0,15377,12,1,12,0,0,1,0,4.13911917282,0
pde_nominal,6,14482,1,0,23,0,1,1,0,5.2131804301,0
pde_nominal,6,14481,4,0,48,0,35,1,0,7.24920992212,0
pde_nominal,5,15118,1,0,7,0,7,1,0,5.64124301272,0
pde_nominal,8,18248,12,1,34,0,34,1,0,5.58018607986,0
pde_nominal,0,15376,2,0,59,0,56,1,0,5.65959514559,0
pde_nominal,3,17325,0,0,133,0,91,1,0,7.82790317698,0
pde_nominal,5,15117,14,1,36,0,36,1,0,3.78952111624,0
pde_nominal,7,16756,0,0,180,0,180,1,0,10.4406238526,0
pde_nominal,9,14274,5,0,158,0,149,1,0,12.6980616599,0
pde_nominal,4,14825,5,0,59,0,59,1,0,7.18016640969,0
pde_nominal,2,17970,11,1,15,0,2,1,0,10.9595829391,0
pde_nominal,2,17964,13,1,8,0,8,1,0,4.64921863142,0
pde_nominal,8,18238,12,1,43,0,43,1,0,4.94594575116,0
pde_nominal,8,18237,8,1,135,0,117,1,0,6.81870079511,0
pde_nominal,1,14759,13,1,38,0,28,1,0,4.87880052459,0
pde_nominal,2,17957,15,1,40,0,40,1,0,3.70144641535,0
pde_nominal,8,18232,4,0,63,0,38,1,0,9.29611566191,0
pde_nominal,0,15360,15,1,35,0,12,1,0,9.91032230807,0
pde_nominal,7,16736,9,1,6,0,6,1,0,5.40497117822,0
pde_nominal,5,15089,8,1,71,0,54,1,0,7.44857769971,0
pde_nominal,9,14245,7,0,59,0,41,1,0,3.55437751307,0
pde_nominal,5,15087,0,0,56,0,37,1,0,3.77110279674,0
pde_nominal,1,14742,3,0,10,0,9,1,0,4.16194978336,0
pde_nominal,6,14456,0,0,58,0,58,1,0,6.16190368373,0
pde_nominal,6,14454,0,0,39,0,9,1,0,4.75052927657,0
pde_nominal,3,17287,0,0,5,0,5,1,0,3.05031960397,0
pde_nominal,4,14795,9,1,17,0,17,1,0,5.95879829277,0
pde_nominal,9,14241,9,1,100,0,100,1,0,4.80005687687,0
pde_nominal,2,17945,13,1,12,0,12,1,0,3.87548681077,0
pde_nominal,7,16723,0,0,78,0,78,1,0,6.28539139233,0
pde_nominal,1,14735,5,0,15,0,15,1,0,3.72793163104,0
pde_nominal,6,14448,9,1,9,0,9,1,0,4.77519614953,0
pde_nominal,6,15912,9,1,0,0,0,0,0,9.62931631607,0
pde_nominal,4,14791,14,1,38,0,38,1,0,4.36876332601,0
pde_nominal,4,14790,5,0,9,0,9,1,0,3.56881775737,0
pde_nominal,6,14444,1,0,0,0,0,1,0,4.11096668785,0
pde_nominal,0,15348,8,1,147,0,122,1,0,8.35429366803,0
pde_nominal,4,14785,4,0,37,0,37,1,0,5.45283037455,0
pde_nominal,0,15347,3,0,11,0,11,1,0,5.52024574681,0
pde_nominal,5,15063,0,0,60,0,45,1,0,8.20869725447,0
pde_nominal,7,16713,1,0,68,0,68,1,0,5.64411913829,0
pde_nominal,1,14726,8,1,88,0,77,1,0,4.73245989876,0
pde_nominal,7,16706,6,0,33,0,33,1,0,4.16765612558,0
pde_nominal,3,17269,12,1,8,0,8,1,0,4.59988009075,0
pde_nominal,5,15062,7,0,199,0,165,1,0,10.7369821616,0
pde_nominal,1,14721,12,1,23,13,20,1,1,5.55829241561,0
pde_nominal,1,14718,15,1,95,0,83,1,0,4.79117686629,0
pde_nominal,5,15054,5,0,23,0,22,1,0,5.22373418087,0
pde_nominal,3,17263,4,0,50,0,46,1,0,3.52171332324,0
pde_nominal,3,17262,6,0,7,0,7,1,0,5.90453007028,0
pde_nominal,3,17261,4,0,11,0,11,1,0,7.45867338392,0
pde_nominal,7,16695,1,0,22,0,22,1,0,4.4727814556,0
pde_nominal,8,18184,7,0,5,0,0,1,0,5.13620279975,0
pde_nominal,2,17926,4,0,3,0,0,1,0,6.2865116656,0
pde_nominal,6,14419,8,1,1,0,1,1,0,5.86315309761,0
pde_nominal,8,18180,12,1,59,0,55,1,0,5.21467356122,0
pde_nominal,0,15319,15,1,31,0,31,1,0,4.49370550603,0
pde_nominal,7,16684,12,1,4,20,4,1,1,6.44186457483,0
pde_nominal,1,14701,5,0,12,0,1,1,0,6.28512408989,0
pde_nominal,2,17913,11,1,65,0,6,1,0,7.93885129916,0
pde_nominal,6,14409,11,1,20,0,20,1,0,6.2246091655,0
pde_nominal,4,14756,9,1,26,0,26,1,0,3.78397358039,0
pde_nominal,5,15029,12,1,83,0,83,1,0,5.08332562649,0
pde_nominal,2,17906,11,1,12,0,12,1,0,8.37651921434,0
pde_nominal,4,14748,13,1,15,0,15,1,0,4.00423263489,0
pde_nominal,1,14693,6,0,58,0,15,1,0,6.46398761903,0
pde_nominal,0,15299,7,0,11,0,11,1,0,3.91251006523,0
pde_nominal,4,14743,4,0,161,0,155,1,0,8.89136569563,0
pde_nominal,9,14170,8,1,92,0,92,1,0,4.46178975379,0
pde_nominal,7,16658,10,1,6,0,6,1,0,4.58997761567,0
pde_nominal,8,18158,11,1,36,0,35,1,0,5.11489261203,0
pde_nominal,8,18156,13,1,68,0,23,1,0,6.04210154505,0
pde_nominal,5,15010,14,1,22,0,2,1,0,7.84137441685,0
pde_nominal,8,18155,12,1,22,0,7,1,0,4.13431514657,0
pde_nominal,4,14736,5,0,29,0,28,1,0,5.03541410473,0
pde_nominal,5,15007,6,0,34,0,34,1,0,7.60174818197,0
pde_nominal,8,18151,13,1,92,0,92,1,0,6.12151376926,0
pde_nominal,3,17221,13,1,44,0,44,1,0,6.11954397058,0
pde_nominal,0,15279,3,0,63,0,63,1,0,7.72619418668,0
pde_nominal,2,17885,3,0,89,0,61,1,0,7.17211789185,0
pde_nominal,1,14659,7,0,30,0,30,1,0,4.4204276448,0
pde_nominal,9,16209,11,1,25,0,25,1,0,3.82168733923,0
pde_nominal,5,14994,0,0,25,0,25,1,0,5.95007960265,0
pde_nominal,0,15265,6,0,45,0,41,1,0,4.37549061855,0
pde_nominal,8,18130,10,1,70,0,66,1,0,9.96782957611,0
pde_nominal,0,15262,11,1,8,0,8,1,0,5.39357987073,0
pde_nominal,7,16638,15,1,84,0,84,1,0,7.88340260302,0
pde_nominal,0,15261,3,0,41,0,41,1,0,5.05422914091,0
pde_nominal,9,16207,15,1,67,0,67,1,0,5.97977544111,0
pde_nominal,6,14376,13,1,31,0,18,1,0,4.20686576359,0
pde_nominal,4,14716,8,1,60,0,12,1,0,4.62069627226,0
pde_nominal,3,17203,7,0,15,0,0,1,0,3.9161011217,0
pde_nominal,0,15256,12,1,24,0,1,1,0,6.74892912035,0
pde_nominal,9,16204,9,1,46,0,2,1,0,4.45399738605,0
pde_nominal,5,14984,9,1,13,0,12,1,0,4.47979089332,0
pde_nominal,5,16354,0,0,76,0,76,1,0,11.957556422,0
pde_nominal,6,14371,8,1,17,0,17,1,0,4.23727466036,0
pde_nominal,7,16627,13,1,16,0,16,1,0,3.89925608449,0
pde_nominal,5,14982,6,0,49,0,27,1,0,6.5475125666,0
pde_nominal,8,18125,5,0,225,0,171,1,0,20.5848296873,0
pde_nominal,4,14708,3,0,36,0,7,1,0,5.0285495537,0
pde_nominal,9,16193,9,1,93,0,93,1,0,7.46488669802,0
pde_nominal,6,14362,2,0,32,0,27,1,0,4.56472772201,0
pde_nominal,4,14705,12,1,21,0,3,1,0,5.58496482088,0
pde_nominal,1,14640,10,1,59,0,26,1,0,4.95028189036,0
pde_nominal,5,14975,5,0,18,0,18,1,0,2.77834599316,0
pde_nominal,5,14973,12,1,7,0,4,1,0,5.49354965009,0
pde_nominal,5,14972,12,1,3,0,0,1,0,3.71535808193,0
pde_nominal,9,16183,5,0,47,0,14,1,0,6.43584555643,0
pde_nominal,8,18116,8,1,27,0,10,1,0,5.33597490536,0
pde_nominal,1,14635,9,1,13,10,7,1,1,12.6044881955,0
pde_nominal,5,14965,11,1,68,0,24,1,0,9.14886538947,0
pde_nominal,1,14629,0,0,88,0,3,1,0,6.33649164703,0
pde_nominal,5,14959,12,1,4,0,4,1,0,3.89821805745,0
pde_nominal,5,14954,3,0,25,0,25,1,0,3.74483830289,0
pde_nominal,6,14341,13,1,107,0,84,1,0,6.02944255035,0
pde_nominal,2,18209,1,0,29,0,15,1,0,5.1735550073,0
pde_nominal,4,14691,10,1,21,0,18,1,0,5.73825740842,0
pde_nominal,5,14950,12,1,50,0,35,1,0,3.85917754657,0
pde_nominal,1,14614,1,0,26,0,24,1,0,7.9415472912,0
pde_nominal,1,14613,2,0,90,0,57,1,0,12.0112094341,0
pde_nominal,1,14611,7,0,32,0,31,1,0,3.52245335499,0
pde_nominal,8,18097,7,0,40,0,19,1,0,4.54250596793,0
pde_nominal,3,17167,12,1,20,0,9,1,0,8.39682204079,0
pde_nominal,6,14327,0,0,158,0,92,1,0,9.64649744007,0
pde_nominal,3,17163,13,1,8,0,1,1,0,10.2878061269,0
pde_nominal,6,14324,2,0,63,0,26,1,0,4.23699626938,0
pde_nominal,9,16160,11,1,66,0,44,1,0,5.2772343477,0
pde_nominal,1,14603,4,0,65,0,63,1,0,5.36999168782,0
pde_nominal,2,17823,15,1,15,0,13,1,0,8.56574916777,0
pde_nominal,8,18091,0,0,5,0,0,1,0,3.42954738925,0
pde_nominal,0,15208,1,0,13,0,0,1,0,3.98703913573,0
pde_nominal,4,14675,0,0,81,0,56,1,0,4.71520983962,0
pde_nominal,8,18083,10,1,18,0,18,1,0,5.59521970465,0
pde_nominal,0,15200,3,0,105,0,105,1,0,8.96859960776,0
pde_nominal,2,17814,5,0,22,0,22,1,0,3.44880839118,0
pde_nominal,8,18081,12,1,57,0,44,1,0,6.4243017311,0
pde_nominal,9,16141,0,0,22,0,18,1,0,6.96642508078,0
pde_nominal,8,18080,15,1,23,0,19,1,0,4.77887960864,0
pde_nominal,8,18079,8,1,12,0,1,1,0,4.56344464216,0
pde_nominal,1,14588,11,1,55,0,31,1,0,6.44241654299,0
pde_nominal,3,17149,15,1,40,0,40,1,0,5.07808290614,0
pde_nominal,9,16138,9,1,30,0,30,1,0,3.6698001937,0
pde_nominal,7,16569,5,0,67,0,67,1,0,4.79714787617,0
pde_nominal,5,14930,1,0,65,0,65,1,0,5.27967663972,0
pde_nominal,3,17142,9,1,47,0,47,1,0,8.87151100243,0
pde_nominal,7,16565,8,1,43,0,43,1,0,6.39864048293,0
pde_nominal,1,14582,0,0,71,0,70,1,0,5.48331743908,0
pde_nominal,2,17801,0,0,26,0,26,1,0,3.74709135099,0
pde_nominal,0,15186,6,0,12,0,9,1,0,4.10533608328,0
pde_nominal,5,14923,10,1,38,0,36,1,0,7.53038290916,0
pde_nominal,7,16557,9,1,33,0,33,1,0,3.41779701896,0
pde_nominal,6,14305,11,1,50,0,1,1,0,4.39568911184,0
pde_nominal,5,14918,13,1,34,0,0,1,0,3.93351376943,0
pde_nominal,7,16553,13,1,30,0,30,1,0,6.53707576145,0
pde_nominal,8,18054,14,1,8,0,8,1,0,6.63133346026,0
pde_nominal,5,14915,9,1,23,0,23,1,0,2.9845827816,0
pde_nominal,3,17125,4,0,57,0,57,1,0,9.77280854029,0
pde_nominal,7,16550,1,0,101,0,101,1,0,6.84732495426,0
pde_nominal,9,16117,8,1,36,0,28,1,0,6.50817998107,0
pde_nominal,2,17783,13,1,146,0,128,1,0,8.33799017571,0
pde_nominal,4,14644,12,1,94,0,42,1,0,3.97896056228,0
pde_nominal,9,16113,14,1,9,0,9,1,0,4.1303984359,0
pde_nominal,0,15161,4,0,35,0,24,1,0,3.58808777346,0
pde_nominal,7,16542,6,0,56,0,56,1,0,3.55284665496,0
pde_nominal,7,16541,8,1,68,0,68,1,0,6.25658585623,0
pde_nominal,6,14283,13,1,82,0,82,1,0,3.77014917497,0
pde_nominal,0,15150,12,1,29,0,2,1,0,4.80168323068,0
pde_nominal,3,17103,3,0,29,0,29,1,0,6.54826831626,0
pde_nominal,0,15145,3,0,19,0,17,1,0,6.71956907431,0
pde_nominal,6,14278,7,0,163,0,148,1,0,8.42948760605,0
pde_nominal,0,15143,8,1,23,0,23,1,0,4.57682452787,0
pde_nominal,0,15142,7,0,0,0,0,1,0,4.01999710011,0
pde_nominal,2,17762,7,0,154,0,144,1,0,8.59804356304,0
pde_nominal,6,14277,15,1,81,0,77,1,0,4.12239345351,0
pde_nominal,2,17760,11,1,50,0,47,1,0,8.77290037496,0
pde_nominal,8,18032,7,0,85,0,85,1,0,6.98365804822,0
pde_nominal,1,14560,12,1,24,0,21,1,0,5.00902135632,0
pde_nominal,6,14276,13,1,54,0,50,1,0,3.25771961775,0
pde_nominal,1,14555,7,0,27,0,19,1,0,3.71524578734,0
pde_nominal,8,18029,1,0,66,0,51,1,0,6.37775666391,0
pde_nominal,9,16094,1,0,13,0,4,1,0,4.45146357066,0
pde_nominal,5,14877,11,1,38,0,15,1,0,5.15148381503,0
pde_nominal,0,15128,2,0,14,0,5,1,0,4.68498751109,0
pde_nominal,1,14549,12,1,18,0,10,1,0,3.78680281477,0
pde_nominal,5,14876,11,1,47,0,37,1,0,4.81827741853,0
pde_nominal,5,14875,12,1,5,0,5,1,0,6.54310032658,0
pde_nominal,2,17749,7,0,8,0,0,1,0,7.78032390947,0
pde_nominal,6,14266,1,0,36,0,4,1,0,3.44385933709,0
pde_nominal,5,14874,1,0,204,0,80,1,0,13.1309266543,0
pde_nominal,2,17746,7,0,16,0,2,1,0,3.59655460815,0
pde_nominal,1,14541,3,0,20,0,1,1,0,5.55600111927,0
pde_nominal,9,16088,4,0,57,0,2,1,0,8.04745036421,0
pde_nominal,3,17079,4,0,11,0,6,1,0,6.53349822942,0
pde_nominal,4,14596,11,1,69,0,54,1,0,4.86162633794,0
pde_nominal,6,17401,1,0,32,0,27,1,0,5.19316283047,0
pde_nominal,9,16085,6,0,10,0,10,1,0,5.46309591571,0
pde_nominal,1,14535,8,1,12,0,9,1,0,3.47167860266,0
pde_nominal,0,15110,11,1,65,0,28,1,0,5.1527792986,0
pde_nominal,7,16497,5,0,4,0,4,1,0,4.32184398621,0
pde_nominal,1,14533,9,1,60,0,15,1,0,7.02728547814,0
pde_nominal,2,17739,3,0,32,0,2,1,0,6.81808227974,0
pde_nominal,1,14532,15,1,23,0,21,1,0,6.33357143672,0
pde_nominal,8,18007,7,0,3,0,0,1,0,3.76659781737,0
pde_nominal,3,17070,8,1,2,0,2,1,0,4.119151523,0
pde_nominal,6,17388,13,1,32,0,32,1,0,4.11750495699,0
pde_nominal,5,14857,12,1,56,0,25,1,0,4.26276177979,0
pde_nominal,9,16076,3,0,28,20,14,1,1,6.53537592647,0
pde_nominal,8,17992,10,1,78,0,43,1,0,6.50161801177,0
pde_nominal,4,16422,6,0,60,0,60,1,0,14.0944550499,0
pde_nominal,5,14847,10,1,76,0,76,1,0,6.78572603137,0
pde_nominal,0,15092,10,1,44,0,44,1,0,3.90335263506,0
pde_nominal,1,14507,13,1,36,0,23,1,0,4.7955858102,0
pde_nominal,3,17058,3,0,45,0,19,1,0,4.32583246038,0
pde_nominal,3,17056,15,1,17,0,8,1,0,6.36303085249,0
pde_nominal,1,14502,3,0,55,0,55,1,0,2.95671648043,0
pde_nominal,9,16064,9,1,66,0,66,1,0,8.15402221141,0
pde_nominal,6,17368,4,0,25,0,6,1,0,6.96470277119,0
pde_nominal,6,17367,8,1,11,0,4,1,0,4.21264325716,0
pde_nominal,7,16476,11,1,41,0,41,1,0,5.65572290143,0
pde_nominal,7,16475,2,0,12,0,12,1,0,4.22762273149,0
pde_nominal,0,15080,14,1,25,0,25,1,0,5.22878849645,0
pde_nominal,2,17700,2,0,32,0,25,1,0,8.33702045997,0
pde_nominal,7,16471,5,0,11,19,5,1,1,7.78811219731,0
pde_nominal,2,17695,2,0,75,0,75,1,0,7.66468667179,0
pde_nominal,2,18211,2,0,0,0,0,0,0,10.0382706412,0
pde_nominal,9,16048,0,0,62,0,61,1,0,8.32225727605,0
pde_nominal,5,14827,10,1,7,0,0,1,0,3.82845375431,0
pde_nominal,6,17354,8,1,9,0,1,1,0,5.11302496644,0
pde_nominal,0,15067,13,1,28,0,14,1,0,6.65602701912,0
pde_nominal,5,14826,4,0,76,0,54,1,0,7.41813208,0
pde_nominal,0,15066,1,0,65,0,65,1,0,7.44057290209,0
pde_nominal,9,16044,9,1,14,0,8,1,0,3.57305028514,0
pde_nominal,9,16043,8,1,8,0,1,1,0,6.04595163426,0
pde_nominal,0,15061,11,1,6,0,0,1,0,5.35047713284,0
pde_nominal,9,16039,13,1,33,0,7,1,0,4.99948554409,0
pde_nominal,5,14819,5,0,46,0,46,1,0,3.9706823635,0
pde_nominal,9,16032,9,1,10,0,10,1,0,7.00998567536,0
pde_nominal,2,17683,15,1,33,27,55,1,1,9.32045157142,0
pde_nominal,0,15054,15,1,16,0,16,1,0,3.86219848058,0
pde_nominal,3,17033,7,0,45,0,45,1,0,4.26026208623,0
pde_nominal,6,17341,14,1,23,0,18,1,0,4.79742772966,0
pde_nominal,7,16455,4,0,79,0,79,1,0,8.10846548775,0
pde_nominal,4,16384,14,1,70,0,62,1,0,5.14302327878,0
pde_nominal,0,15047,1,0,32,0,26,1,0,7.43855040741,0
pde_nominal,7,16450,14,1,30,0,30,1,0,3.44550322676,0
pde_nominal,0,15043,8,1,75,0,63,1,0,5.56476375297,0
pde_nominal,8,17951,6,0,54,0,45,1,0,5.26660440862,0
pde_nominal,7,16447,11,1,63,0,63,1,0,4.46551746054,0
pde_nominal,6,17330,2,0,25,0,22,1,0,5.84477371285,0
pde_nominal,5,14802,7,0,14,0,14,1,0,4.18846079743,0
pde_nominal,3,17018,13,1,36,0,36,1,0,3.60135440422,0
pde_nominal,5,14800,14,1,91,0,91,1,0,12.5308005564,0
pde_nominal,8,17945,13,1,38,0,38,1,0,6.34196498491,0
pde_nominal,4,16371,15,1,77,0,77,1,0,6.11661781726,0
pde_nominal,3,17014,5,0,75,0,75,1,0,6.5949058179,0
pde_nominal,6,17320,0,0,118,0,118,1,0,9.26523000482,0
pde_nominal,8,18477,5,0,36,0,36,1,0,7.87168882997,0
pde_nominal,4,16367,15,1,77,0,77,1,0,5.35167749457,0
pde_nominal,5,14789,2,0,59,0,59,1,0,3.80471485415,0
pde_nominal,3,17010,5,0,121,0,121,1,0,6.9971944968,0
pde_nominal,3,17009,12,1,108,0,108,1,0,10.0107421245,0
pde_nominal,9,16005,7,0,57,0,36,1,0,5.73966515727,0
pde_nominal,2,17657,12,1,14,16,25,1,1,5.53501180063,0
pde_nominal,3,17000,15,1,44,0,44,1,0,4.31164043695,0
pde_nominal,8,17932,14,1,166,0,111,1,0,9.17555909599,0
pde_nominal,1,18530,4,0,26,0,14,1,0,4.74076247393,0
pde_nominal,3,16995,3,0,11,0,3,1,0,5.64429370102,0
pde_nominal,1,18529,14,1,36,0,33,1,0,7.06357158945,0
pde_nominal,4,16350,8,1,31,24,44,1,1,7.72419080072,0
pde_nominal,4,16348,7,0,19,0,19,1,0,3.82756195284,0
pde_nominal,8,17926,3,0,83,0,83,1,0,5.45646210454,0
pde_nominal,5,14775,10,1,19,0,8,1,0,7.48230526912,0
pde_nominal,2,18213,4,0,13,0,13,1,0,11.4579369556,0
pde_nominal,7,16430,5,0,29,0,29,1,0,4.04662801745,0
pde_nominal,9,15994,6,0,46,0,44,1,0,3.47200375965,0
pde_nominal,5,14772,11,1,64,0,0,1,0,4.44767039658,0
pde_nominal,8,17922,5,0,55,15,2,1,1,7.15599896028,0
pde_nominal,4,16344,4,0,53,0,25,1,0,7.51325797515,0
pde_nominal,8,17913,14,1,44,0,30,1,0,5.10562966746,0
pde_nominal,7,16421,2,0,38,0,38,1,0,6.23382851958,0
pde_nominal,9,15980,1,0,45,0,45,1,0,6.98918007078,0
pde_nominal,3,16977,5,0,76,0,74,1,0,5.61798903987,0
pde_nominal,0,15001,4,0,59,0,54,1,0,3.52609303049,0
pde_nominal,0,15000,8,1,16,0,16,1,0,4.51457018223,0
pde_nominal,7,16417,6,0,31,0,31,1,0,4.80017023405,0
pde_nominal,6,17286,4,0,1,0,1,1,0,4.57286461837,0
pde_nominal,0,14998,1,0,20,0,20,1,0,3.97912022221,0
pde_nominal,9,15978,9,1,12,0,12,1,0,4.0666214857,0
pde_nominal,8,17911,0,0,96,0,92,1,0,16.3187632745,0
pde_nominal,4,16332,6,0,23,0,23,1,0,3.46521411206,0
pde_nominal,7,16414,15,1,59,0,59,1,0,4.49131949359,0
pde_nominal,8,17905,14,1,41,0,41,1,0,6.91529535239,0
pde_nominal,7,16410,5,0,98,0,98,1,0,5.84374372325,0
pde_nominal,9,15966,15,1,5,0,5,1,0,3.62174650964,0
pde_nominal,8,17901,1,0,6,0,3,1,0,4.39970509134,0
pde_nominal,3,16967,6,0,114,0,112,1,0,6.22466140507,0
pde_nominal,5,14764,14,1,28,0,16,1,0,5.62737385031,0
pde_nominal,4,16324,4,0,39,0,17,1,0,4.39840090116,0
pde_nominal,4,16319,14,1,65,0,20,1,0,5.450295022,0
pde_nominal,3,16961,14,1,15,0,4,1,0,4.71585468684,0
pde_nominal,0,14980,2,0,39,0,25,1,0,5.45167719197,0
pde_nominal,4,16314,9,1,81,0,67,1,0,6.91573092605,0
pde_nominal,0,14976,9,1,21,0,19,1,0,3.33028853453,0
pde_nominal,6,17268,7,0,2,0,2,1,0,8.00061469795,0
pde_nominal,5,14750,9,1,86,0,64,1,0,11.0373926504,0
pde_nominal,7,16395,7,0,4,0,4,1,0,4.25372150313,0
pde_nominal,4,16309,11,1,42,0,25,1,0,4.18476824362,0
pde_nominal,6,17262,3,0,22,0,0,1,0,14.0424109792,0
pde_nominal,9,15953,9,1,43,0,42,1,0,4.99505587497,0
pde_nominal,6,17259,13,1,51,0,51,1,0,3.81079232686,0
pde_nominal,6,17258,2,0,44,0,44,1,0,4.71778848094,0
pde_nominal,1,18498,8,1,6,0,6,1,0,4.57949380024,0
pde_nominal,2,17605,7,0,14,0,14,1,0,3.51726100486,0
pde_nominal,8,17882,7,0,50,0,50,1,0,5.21260692894,0
pde_nominal,7,16387,8,1,82,0,82,1,0,5.88564179679,0
pde_nominal,0,14967,4,0,58,0,23,1,0,6.59568528424,0
pde_nominal,9,15950,5,0,34,0,18,1,0,3.89297600583,0
pde_nominal,1,18487,7,0,53,0,14,1,0,7.19771559714,0
pde_nominal,5,14737,4,0,70,0,14,1,0,6.05532039911,0
pde_nominal,1,18482,15,1,11,0,11,1,0,4.30168168476,0
pde_nominal,3,16942,15,1,1,0,1,1,0,3.41887051916,0
pde_nominal,5,14726,15,1,16,0,16,1,0,8.2818832028,0
pde_nominal,4,16286,15,1,18,0,1,1,0,5.02363293316,0
pde_nominal,0,14959,2,0,61,0,36,1,0,4.90128556457,0
pde_nominal,2,17588,8,1,55,0,40,1,0,6.06942949269,0
pde_nominal,1,18476,10,1,86,0,69,1,0,6.17693967607,0
pde_nominal,5,14720,7,0,109,0,107,1,0,5.67835159028,0
pde_nominal,2,17586,11,1,44,0,44,1,0,4.80365723453,0
pde_nominal,7,16366,4,0,87,0,87,1,0,5.51999153596,0
pde_nominal,3,16937,4,0,157,0,147,1,0,10.104960195,0
pde_nominal,4,16278,12,1,29,0,29,1,0,6.25410906862,0
pde_nominal,7,16364,3,0,54,0,54,1,0,3.84934285337,0
pde_nominal,2,17585,4,0,57,0,48,1,0,7.58700042752,0
pde_nominal,3,16931,6,0,5,0,4,1,0,7.17910473928,0
pde_nominal,1,18472,8,1,126,0,86,1,0,10.3021348425,0
pde_nominal,5,14712,10,1,65,0,29,1,0,4.23425488667,0
pde_nominal,6,17240,6,0,73,0,29,1,0,5.23522973781,0
pde_nominal,9,15929,11,1,23,0,0,1,0,5.44262956519,0
pde_nominal,2,17579,11,1,56,0,3,1,0,7.53917656977,0
pde_nominal,1,18464,10,1,27,0,27,1,0,4.07704667442,0
pde_nominal,9,15926,15,1,50,0,42,1,0,4.19043190932,0
pde_nominal,8,17851,12,1,81,0,54,1,0,7.56714464494,0
pde_nominal,1,18461,4,0,94,0,85,1,0,7.77046163681,0
pde_nominal,1,18460,6,0,11,0,5,1,0,8.18612379315,0
pde_nominal,5,14704,12,1,90,0,72,1,0,4.53941071623,0
pde_nominal,4,16265,0,0,45,0,25,1,0,7.0447143473,0
pde_nominal,7,16349,8,1,64,0,64,1,0,3.9545592172,0
pde_nominal,8,17844,0,0,5,0,5,1,0,5.2996642185,0
pde_nominal,7,16341,2,0,34,0,34,1,0,6.19961683618,0
pde_nominal,8,17840,7,0,59,0,41,1,0,10.2145620501,0
pde_nominal,8,17834,6,0,48,0,43,1,0,3.42515143576,0
pde_nominal,4,16254,10,1,58,0,58,1,0,5.71736482222,0
pde_nominal,9,15908,14,1,73,0,73,1,0,5.37155315902,0
pde_nominal,6,17221,11,1,55,0,55,1,0,3.54301728929,0
pde_nominal,6,17220,1,0,19,0,14,1,0,5.66481569015,0
pde_nominal,9,15905,0,0,45,0,36,1,0,4.40390588766,0
pde_nominal,0,14933,3,0,108,0,71,1,0,16.0469767375,0
pde_nominal,1,18443,11,1,8,0,5,1,0,7.39451513619,0
pde_nominal,3,16899,11,1,62,0,60,1,0,4.41796259118,0
pde_nominal,5,14687,7,0,97,0,96,1,0,4.121002458,0
pde_nominal,1,18437,10,1,123,0,120,1,0,7.57743464461,0
pde_nominal,4,16245,5,0,60,0,60,1,0,5.89840102828,0
pde_nominal,2,17554,12,1,51,0,51,1,0,6.68349601344,0
pde_nominal,2,17552,6,0,21,0,21,1,0,4.70450423639,0
pde_nominal,0,14926,14,1,17,0,16,1,0,7.70433715757,0
pde_nominal,0,14925,15,1,57,0,57,1,0,3.84237690913,0
pde_nominal,8,18480,3,0,3,0,3,1,0,6.597970105,0
pde_nominal,9,15888,6,0,15,0,14,1,0,7.36545170562,0
pde_nominal,9,16211,6,0,0,0,0,0,0,8.17220756957,0
pde_nominal,3,16891,14,1,19,0,14,1,0,4.94022636727,0
pde_nominal,0,14915,9,1,9,0,9,1,0,5.71162867289,0
pde_nominal,9,15883,9,1,125,0,125,1,0,8.42575101306,0
pde_nominal,1,18420,5,0,26,0,20,1,0,5.42507373375,0
pde_nominal,2,17532,7,0,23,0,23,1,0,3.80844250102,0
pde_nominal,0,14905,4,0,20,0,20,1,0,3.38652712771,0
pde_nominal,8,17809,4,0,175,0,167,1,0,13.1362382954,0
pde_nominal,5,14655,9,1,88,0,88,1,0,3.65141147264,0
pde_nominal,8,17808,8,1,39,0,39,1,0,3.42868803402,0
pde_nominal,1,18410,6,0,8,0,8,1,0,3.45199800645,0
pde_nominal,7,16304,5,0,56,0,56,1,0,7.74724416042,0
pde_nominal,0,14895,15,1,4,0,0,1,0,16.5000012416,0
pde_nominal,6,17182,6,0,131,0,112,1,0,8.55334331922,0
pde_nominal,1,18407,14,1,29,0,29,1,0,4.03399621489,0
pde_nominal,0,14891,15,1,8,0,8,1,0,5.49793211806,0
pde_nominal,6,17180,0,0,19,0,0,1,0,5.37309461869,0
pde_nominal,3,16873,7,0,50,0,4,1,0,4.12574464476,0
pde_nominal,7,16298,11,1,15,23,5,1,1,6.73219750532,0
pde_nominal,5,14642,1,0,35,0,2,1,0,3.24425069403,0
pde_nominal,6,17179,15,1,69,0,45,1,0,12.623309569,0
pde_nominal,5,14639,1,0,40,0,22,1,0,3.32671256468,0
pde_nominal,3,16861,10,1,40,0,40,1,0,8.08807542821,0
pde_nominal,3,16860,0,0,13,0,13,1,0,8.05466005907,0
pde_nominal,3,16857,9,1,25,0,1,1,0,4.70547309493,0
pde_nominal,2,17510,7,0,15,0,0,1,0,6.01574179743,0
pde_nominal,6,17167,12,1,11,0,11,1,0,3.95293914206,0
pde_nominal,7,16284,10,1,48,0,48,1,0,5.08952402473,0
pde_nominal,8,17782,5,0,32,0,32,1,0,8.71342395555,0
pde_nominal,7,16282,15,1,30,0,30,1,0,3.65063571939,0
pde_nominal,7,16281,0,0,27,0,27,1,0,5.000798492,0
pde_nominal,3,16850,0,0,7,0,0,1,0,4.03553031598,0
pde_nominal,3,16847,4,0,11,0,0,1,0,6.23701280665,0
pde_nominal,9,15851,9,1,208,0,171,1,0,12.8947928003,0
pde_nominal,0,14870,4,0,51,0,20,1,0,5.84836541194,0
pde_nominal,0,14866,11,1,28,0,13,1,0,4.60109632142,0
pde_nominal,4,16203,0,0,34,0,7,1,0,5.7558827676,0
pde_nominal,8,17777,9,1,54,0,3,1,0,6.09899303813,0
pde_nominal,1,18383,7,0,74,0,66,1,0,5.49006249071,0
pde_nominal,2,17496,10,1,114,0,95,1,0,10.4411751056,0
pde_nominal,1,18377,15,1,7,0,7,1,0,5.48025963178,0
pde_nominal,5,18067,9,1,38,0,38,1,0,4.56955221609,0
pde_nominal,3,16838,13,1,129,0,123,1,0,8.31675995458,0
pde_nominal,4,16193,3,0,4,0,4,1,0,9.15822297766,0
pde_nominal,6,17155,8,1,50,0,50,1,0,6.49201918991,0
pde_nominal,4,16192,7,0,27,0,27,1,0,8.14080836732,0
pde_nominal,4,16190,4,0,37,0,31,1,0,4.26675841598,0
pde_nominal,9,15834,4,0,5,0,0,1,0,3.05449003113,0
pde_nominal,0,14846,1,0,18,0,6,1,0,3.64954775378,0
pde_nominal,0,16718,1,0,0,0,0,0,0,7.46442771196,0
pde_nominal,3,16832,14,1,21,0,18,1,0,6.16713499381,0
pde_nominal,5,18060,11,1,23,0,23,1,0,4.62608499355,0
pde_nominal,0,14845,6,0,109,0,109,1,0,5.45210684653,0
pde_nominal,3,16830,10,1,33,0,33,1,0,4.69452817338,0
pde_nominal,1,18368,4,0,41,0,8,1,0,5.64249275905,0
pde_nominal,3,16825,12,1,6,0,0,1,0,7.15815001828,0
pde_nominal,3,16821,15,1,17,0,17,1,0,11.480291782,0
pde_nominal,9,15819,7,0,109,0,98,1,0,5.66218573222,0
pde_nominal,9,16213,7,0,0,0,0,0,0,8.36022952885,0
pde_nominal,6,17409,4,0,45,0,45,1,0,6.23381752736,0
pde_nominal,8,17758,11,1,145,0,139,1,0,7.84163010718,0
pde_nominal,6,17140,11,1,16,0,12,1,0,4.20192234672,0
pde_nominal,1,18366,6,0,48,0,47,1,0,4.38883472975,0
pde_nominal,8,17757,6,0,30,0,21,1,0,4.30462323103,0
pde_nominal,5,18050,13,1,46,0,37,1,0,6.79567016253,0
pde_nominal,5,18048,11,1,35,0,35,1,0,6.83950662246,0
pde_nominal,7,16249,15,1,78,0,78,1,0,4.66883336557,0
pde_nominal,1,18360,4,0,57,0,56,1,0,5.45742454963,0
pde_nominal,3,16813,13,1,33,0,30,1,0,4.13759852974,0
pde_nominal,3,16812,9,1,5,0,0,1,0,4.40765524996,0
pde_nominal,4,16171,2,0,5,0,5,1,0,3.36552817813,0
pde_nominal,2,17461,9,1,33,0,18,1,0,4.14512877218,0
pde_nominal,9,17572,5,0,9,0,9,1,0,6.21680145242,0
pde_nominal,0,14825,11,1,27,0,27,1,0,4.82628040945,0
pde_nominal,6,17120,6,0,52,0,52,1,0,7.1980514164,0
pde_nominal,0,14819,7,0,56,0,56,1,0,5.94837455709,0
pde_nominal,1,18332,6,0,20,0,0,1,0,4.86319439495,0
pde_nominal,5,18022,1,0,119,0,85,1,0,7.1176417518,0
pde_nominal,1,18330,1,0,72,0,61,1,0,5.28651965886,0
pde_nominal,8,17735,15,1,24,0,22,1,0,3.88363134985,0
pde_nominal,2,17454,9,1,48,0,39,1,0,3.97311257983,0
pde_nominal,4,16148,12,1,57,0,12,1,0,6.96792374561,0
pde_nominal,1,18326,5,0,53,0,10,1,0,6.76091938204,0
pde_nominal,3,16780,4,0,3,0,3,1,0,5.50690371206,0
pde_nominal,9,17560,6,0,82,0,26,1,0,7.6360558647,0
pde_nominal,3,16779,8,1,60,0,46,1,0,5.84123201881,0
pde_nominal,1,18324,4,0,53,0,43,1,0,6.31798409031,0
pde_nominal,5,18008,15,1,12,0,0,1,0,5.51853844233,0
pde_nominal,0,14796,11,1,93,0,55,1,0,9.5075644049,0
pde_nominal,3,16777,6,0,90,0,29,1,0,7.84941727757,0
pde_nominal,2,17447,8,1,12,0,0,1,0,5.80318309457,0
pde_nominal,3,16775,10,1,1,0,0,1,0,3.85001146863,0
pde_nominal,2,17445,2,0,56,17,39,1,1,9.37876191327,0
pde_nominal,3,16773,10,1,10,0,10,1,0,3.05042579273,0
pde_nominal,9,17553,6,0,66,0,66,1,0,4.43708354405,0
pde_nominal,1,18322,9,1,70,0,70,1,0,5.37770555279,0
pde_nominal,2,17443,4,0,75,20,76,1,1,7.30830921013,0
pde_nominal,7,16202,10,1,42,0,42,1,0,6.31076344091,0
pde_nominal,0,14783,3,0,13,0,7,1,0,4.18489989637,0
pde_nominal,7,16200,5,0,37,0,37,1,0,7.50658020322,0
pde_nominal,2,17437,6,0,26,0,26,1,0,4.38016678252,0
pde_nominal,1,18315,1,0,23,0,14,1,0,5.00667839873,0
pde_nominal,3,16767,14,1,153,0,144,1,0,6.94233159087,0
pde_nominal,2,17432,7,0,64,0,64,1,0,5.56371597379,0
pde_nominal,0,14775,3,0,24,0,24,1,0,6.02991854323,0
pde_nominal,1,18311,13,1,61,0,61,1,0,4.66943103296,0
pde_nominal,9,17539,12,1,38,0,38,1,0,6.18995289214,0
pde_nominal,1,18309,13,1,85,0,85,1,0,5.41316555191,0
pde_nominal,1,18308,6,0,19,0,19,1,0,5.3100619581,0
pde_nominal,7,16193,5,0,62,0,62,1,0,4.08841599473,0
pde_nominal,2,17422,7,0,41,0,41,1,0,5.39487307699,0
pde_nominal,4,16127,6,0,61,0,61,1,0,7.7026897931,0
pde_nominal,7,16188,7,0,19,0,19,1,0,3.48784741198,0
pde_nominal,6,17076,4,0,46,0,1,1,0,6.43279408259,0
pde_nominal,1,18302,14,1,16,0,16,1,0,6.03466320339,0
pde_nominal,7,16182,5,0,25,0,25,1,0,3.97241865424,0
pde_nominal,4,16122,6,0,52,0,34,1,0,4.24791037305,0
pde_nominal,2,17414,14,1,65,0,60,1,0,4.58063184707,0
pde_nominal,7,16180,14,1,40,0,40,1,0,4.08334530683,0
pde_nominal,6,17070,1,0,33,0,19,1,0,7.4997403229,0
pde_nominal,3,16749,1,0,54,0,36,1,0,5.05022495884,0
pde_nominal,1,18296,9,1,24,0,17,1,0,3.52302195525,0
pde_nominal,3,16747,9,1,11,0,6,1,0,5.57748364902,0
pde_nominal,1,18294,11,1,23,0,18,1,0,5.10784919214,0
pde_nominal,6,17068,12,1,55,0,35,1,0,5.28692375656,0
pde_nominal,2,17410,12,1,98,0,78,1,0,9.31498346308,0
pde_nominal,4,16113,10,1,50,0,41,1,0,4.41446975344,0
pde_nominal,3,16744,1,0,28,0,26,1,0,4.29261659077,0
pde_nominal,0,14755,10,1,39,0,33,1,0,3.64248173734,0
pde_nominal,1,18290,3,0,39,0,29,1,0,6.16214133089,0
pde_nominal,9,17525,15,1,156,0,117,1,0,10.9408864275,0
pde_nominal,0,14754,11,1,48,0,32,1,0,6.84501865158,0
pde_nominal,6,17411,11,1,3,0,3,1,0,7.3790754271,0
pde_nominal,4,16108,12,1,4,0,0,1,0,4.62773693566,0
pde_nominal,2,17402,12,1,15,0,1,1,0,3.38050751601,0
pde_nominal,9,17519,4,0,41,0,1,1,0,3.84981893602,0
pde_nominal,8,17682,12,1,92,0,34,1,0,8.47283322468,0
pde_nominal,9,17515,14,1,14,0,14,1,0,3.44063999743,0
pde_nominal,9,17584,14,1,0,0,0,0,0,5.53436689365,0
pde_nominal,8,17681,4,0,23,0,23,1,0,6.52329492746,0
pde_nominal,4,16102,13,1,6,0,6,1,0,3.91525529178,0
pde_nominal,9,17512,9,1,45,0,45,1,0,3.84477569304,0
pde_nominal,6,17057,11,1,29,0,29,1,0,19.6563531123,0
pde_nominal,1,18280,11,1,36,0,26,1,0,7.19619125248,0
pde_nominal,6,17055,15,1,43,0,41,1,0,10.4076475124,0
pde_nominal,1,18277,6,0,23,0,23,1,0,11.8693999888,0
pde_nominal,2,17385,7,0,63,0,60,1,0,7.95040399748,0
pde_nominal,8,17674,0,0,79,0,79,1,0,5.89730722947,0
pde_nominal,3,16720,8,1,10,0,10,1,0,6.80887160652,0
pde_nominal,5,17958,11,1,34,0,34,1,0,4.20854749099,0
pde_nominal,6,17048,3,0,142,37,168,1,1,11.0194790117,0
pde_nominal,5,17956,6,0,7,0,7,1,0,3.88673378865,0
pde_nominal,2,17375,14,1,28,0,13,1,0,3.81396700706,0
pde_nominal,1,18256,10,1,49,0,39,1,0,3.78210868633,0
pde_nominal,2,17372,15,1,7,0,7,1,0,6.37371260852,0
pde_nominal,6,17040,15,1,77,0,71,1,0,5.59050650188,0
pde_nominal,1,18254,3,0,56,0,42,1,0,9.17179136706,0
pde_nominal,2,17367,8,1,28,0,14,1,0,5.71513109276,0
pde_nominal,6,17035,1,0,16,7,6,1,1,6.37585687892,0
pde_nominal,8,17659,2,0,51,0,51,1,0,5.08470979472,0
pde_nominal,7,16143,6,0,57,0,57,1,0,7.60726695617,0
pde_nominal,9,17482,4,0,78,0,64,1,0,5.19939934268,0
pde_nominal,2,17363,0,0,45,0,19,1,0,4.75788596346,0
pde_nominal,8,17656,15,1,60,0,20,1,0,9.9004490287,0
pde_nominal,0,14719,10,1,43,0,15,1,0,7.77876001588,0
pde_nominal,9,17479,8,1,52,0,24,1,0,7.53914569227,0
pde_nominal,0,14716,11,1,14,0,1,1,0,8.46415177402,0
pde_nominal,0,14715,3,0,60,22,52,1,1,14.272956514,0
pde_nominal,1,18238,3,0,31,0,2,1,0,6.72706649468,0
pde_nominal,7,16136,2,0,26,0,26,1,0,5.45721177436,0
pde_nominal,0,14713,11,1,47,0,40,1,0,6.15284174856,0
pde_nominal,8,17645,6,0,46,0,12,1,0,6.60318986637,0
pde_nominal,8,18485,6,0,0,0,0,0,0,8.39696993958,0
pde_nominal,5,17931,4,0,11,0,6,1,0,3.72374373489,0
pde_nominal,0,14705,0,0,77,0,77,1,0,9.0924470391,0
pde_nominal,7,16121,8,1,21,0,21,1,0,6.06620129431,0
pde_nominal,6,17010,11,1,48,0,40,1,0,5.20705791698,0
pde_nominal,6,17008,2,0,28,0,8,1,0,8.05841959493,0
pde_nominal,7,16114,10,1,59,0,59,1,0,7.35751091974,0
pde_nominal,7,16111,0,0,9,0,9,1,0,3.51611032523,0
pde_nominal,8,17633,1,0,16,0,16,1,0,4.2630257881,0
pde_nominal,0,14703,6,0,295,0,211,1,0,14.6892484299,0
pde_nominal,3,16686,11,1,36,0,25,1,0,6.4651257688,0
pde_nominal,5,17916,6,0,101,0,101,1,0,4.63977863181,0
pde_nominal,9,17450,4,0,13,0,12,1,0,3.13433805599,0
pde_nominal,3,16677,11,1,54,0,50,1,0,5.50949668882,0
pde_nominal,6,16994,7,0,17,0,17,1,0,7.6307378226,0
pde_nominal,0,14696,15,1,27,0,27,1,0,4.7076400383,0
pde_nominal,3,16675,10,1,18,0,18,1,0,9.90796684455,0
pde_nominal,3,16674,9,1,10,0,10,1,0,3.6072134733,0
pde_nominal,3,16673,7,0,48,0,48,1,0,9.71705048589,0
pde_nominal,8,17615,4,0,3,0,3,1,0,3.62224228268,0
pde_nominal,5,17913,11,1,55,0,55,1,0,3.63597721367,0
pde_nominal,1,18214,4,0,50,0,50,1,0,7.92027306954,0
pde_nominal,5,17912,6,0,70,0,70,1,0,5.26388436104,0
pde_nominal,6,16988,14,1,7,0,7,1,0,4.99995236921,0
pde_nominal,1,18209,6,0,26,0,26,1,0,4.05777648732,0
pde_nominal,7,16095,0,0,100,0,100,1,0,5.7360842519,0
pde_nominal,3,16667,3,0,2,0,2,1,0,4.56346785568,0
pde_nominal,8,17611,5,0,177,0,160,1,0,15.3282675694,0
pde_nominal,2,17311,9,1,0,0,0,1,0,4.46120868716,0
pde_nominal,1,18200,13,1,33,0,17,1,0,3.2795695075,0
pde_nominal,3,16657,7,0,9,0,9,1,0,3.01047764984,0
pde_nominal,5,17905,1,0,20,22,31,1,1,5.23321813491,0
pde_nominal,8,17607,15,1,40,0,6,1,0,5.71144142739,0
pde_nominal,2,17303,9,1,29,0,29,1,0,4.67373598126,0
pde_nominal,5,17901,14,1,130,0,127,1,0,9.64026122501,0
pde_nominal,2,17301,13,1,172,0,148,1,0,13.3005225395,0
pde_nominal,0,14682,2,0,94,0,75,1,0,6.58168411694,0
pde_nominal,8,17593,11,1,14,0,14,1,0,8.99895835318,0
pde_nominal,9,17417,5,0,51,0,51,1,0,4.70917844213,0
pde_nominal,9,17586,5,0,0,0,0,0,0,5.59930477148,0
pde_nominal,9,17415,14,1,53,0,51,1,0,6.28698764225,0
pde_nominal,8,17586,1,0,13,0,11,1,0,4.15690166674,0
pde_nominal,9,17410,8,1,33,0,33,1,0,4.16274137638,0
pde_nominal,6,16964,5,0,27,0,27,1,0,5.23495763855,0
pde_nominal,1,18183,9,1,22,0,22,1,0,4.50461190326,0
pde_nominal,2,17292,4,0,93,0,93,1,0,4.69733162848,0
pde_nominal,0,14669,3,0,50,0,50,1,0,6.32264339561,0
pde_nominal,1,18178,15,1,48,0,23,1,0,4.90974078781,0
pde_nominal,1,18176,14,1,2,0,0,1,0,3.22350074714,0
pde_nominal,6,16955,14,1,13,0,13,1,0,4.24424294637,0
pde_nominal,7,16065,0,0,51,0,51,1,0,5.4761334132,0
pde_nominal,5,17883,11,1,23,0,23,1,0,3.72991358383,0
pde_nominal,0,14662,4,0,78,0,78,1,0,6.42687881315,0
pde_nominal,1,18172,9,1,70,0,70,1,0,5.59933815985,0
pde_nominal,7,16061,11,1,8,0,8,1,0,5.17042596954,0
pde_nominal,9,17394,12,1,17,0,17,1,0,4.49286143559,0
pde_nominal,5,17875,15,1,33,0,33,1,0,4.37991504906,0
pde_nominal,6,16949,7,0,43,0,43,1,0,6.41004472137,0
pde_nominal,7,16982,4,0,85,0,85,1,0,11.3862057547,0
pde_nominal,5,17873,4,0,29,0,21,1,0,9.17718524635,0
pde_nominal,6,16942,4,0,22,0,22,1,0,3.80193290262,0
pde_nominal,9,17390,2,0,75,0,75,1,0,7.59677511727,0
pde_nominal,2,17267,1,0,38,0,38,1,0,3.5587196738,0
pde_nominal,1,18160,5,0,23,0,23,1,0,5.50613827003,0
pde_nominal,7,16051,1,0,27,0,27,1,0,4.00243445465,0
pde_nominal,7,16049,4,0,23,0,23,1,0,4.25437672754,0
pde_nominal,1,18156,8,1,20,0,14,1,0,6.25817188497,0
pde_nominal,3,16613,5,0,13,0,3,1,0,2.93080706838,0
pde_nominal,7,16045,2,0,18,16,15,1,1,6.33157682233,0
pde_nominal,7,16044,4,0,51,0,51,1,0,4.96884909255,0
pde_nominal,6,16931,4,0,15,0,0,1,0,5.25163798184,0
pde_nominal,1,18146,4,0,27,0,0,1,0,5.93128306895,0
pde_nominal,0,14648,0,0,57,0,12,1,0,4.9377906482,0
pde_nominal,1,18145,7,0,44,0,29,1,0,8.99699698663,0
pde_nominal,3,16609,5,0,25,0,25,1,0,3.29684291399,0
pde_nominal,9,17376,12,1,24,0,12,1,0,4.90076319612,0
pde_nominal,7,16032,14,1,0,0,0,0,0,5.40643633043,0
pde_nominal,9,17372,1,0,45,0,45,1,0,3.71247102061,0
pde_nominal,9,17587,1,0,0,0,0,0,0,4.80717564518,0
pde_nominal,5,17847,7,0,68,0,68,1,0,4.88673745756,0
pde_nominal,9,17370,4,0,16,0,16,1,0,4.21180312498,0
pde_nominal,1,18130,11,1,49,0,49,1,0,8.75406050774,0
pde_nominal,5,17845,7,0,15,0,15,1,0,3.18333051628,0
pde_nominal,6,16920,1,0,43,0,42,1,0,4.57954587733,0
pde_nominal,2,17244,13,1,64,0,46,1,0,6.35404677842,0
pde_nominal,2,17242,2,0,3,0,1,1,0,3.18606063268,0
pde_nominal,8,17566,14,1,4,0,0,1,0,3.1976719047,0
pde_nominal,8,17565,0,0,3,0,3,1,0,4.44939333878,0
pde_nominal,8,17564,13,1,13,0,13,1,0,4.36733409631,0
pde_nominal,7,16015,14,1,93,0,93,1,0,7.20960916967,0
pde_nominal,8,17561,6,0,41,0,37,1,0,5.82313183626,0
pde_nominal,6,16914,13,1,20,0,9,1,0,7.23292041872,0
pde_nominal,2,17232,2,0,70,12,41,1,1,10.2510708485,0
pde_nominal,1,18109,12,1,1,0,0,1,0,7.46014665548,0
pde_nominal,6,16909,11,1,9,0,0,1,0,3.2654073012,0
pde_nominal,8,17554,13,1,12,0,1,1,0,3.47043786654,0
pde_nominal,5,17828,13,1,57,0,45,1,0,4.64082448135,0
pde_nominal,6,16906,5,0,59,0,50,1,0,5.69726938862,0
pde_nominal,8,17545,3,0,29,0,6,1,0,4.74363905455,0
pde_nominal,3,16569,1,0,31,0,7,1,0,5.89305145148,0
pde_nominal,3,16566,0,0,22,0,22,1,0,5.30577211312,0
pde_nominal,1,18103,12,1,191,0,120,1,0,12.0598076509,0
pde_nominal,5,17818,4,0,60,0,60,1,0,5.41460426099,0
pde_nominal,1,18097,10,1,88,0,81,1,0,4.89431259489,0
pde_nominal,0,14611,15,1,177,0,170,1,0,8.91197654461,0
pde_nominal,9,17345,14,1,29,0,13,1,0,5.43580708075,0
pde_nominal,1,18093,9,1,17,0,17,1,0,15.7919331842,0
pde_nominal,8,17537,5,0,92,0,92,1,0,5.24091226907,0
pde_nominal,7,15983,8,1,42,0,42,1,0,8.31235901511,0
pde_nominal,6,16895,2,0,112,0,112,1,0,6.56787653322,0
pde_nominal,7,16984,4,0,51,0,51,1,0,11.2341469708,0
pde_nominal,8,17533,14,1,11,0,0,1,0,4.25633181015,0
pde_nominal,5,17810,8,1,34,0,30,1,0,3.74376840677,0
pde_nominal,1,18084,5,0,42,0,42,1,0,4.77758662988,0
pde_nominal,2,17197,8,1,109,0,109,1,0,6.91488023228,0
pde_nominal,0,16723,5,0,21,0,21,1,0,8.64818860634,0
pde_nominal,8,17531,8,1,62,0,62,1,0,6.4093143509,0
pde_nominal,0,14585,12,1,62,0,34,1,0,5.16376242749,0
pde_nominal,3,16556,1,0,67,0,55,1,0,4.51419728278,0
pde_nominal,7,15973,0,0,44,0,44,1,0,5.1897366257,0
pde_nominal,6,16887,10,1,39,0,39,1,0,5.09264279404,0
pde_nominal,3,16554,6,0,63,0,41,1,0,6.84539709177,0
pde_nominal,2,17185,13,1,25,0,0,1,0,3.28476072438,0
pde_nominal,9,17330,10,1,67,0,33,1,0,6.83732735079,0
pde_nominal,2,17184,5,0,24,0,24,1,0,3.97296202588,0
pde_nominal,8,17524,1,0,31,0,22,1,0,5.53852071434,0
pde_nominal,5,17799,5,0,22,0,22,1,0,6.92576459536,0
pde_nominal,9,17324,2,0,23,0,23,1,0,5.49635772765,0
pde_nominal,8,17515,0,0,7,0,7,1,0,3.03755853594,0
pde_nominal,5,17796,9,1,40,0,40,1,0,5.31415724243,0
pde_nominal,5,17795,6,0,40,0,40,1,0,3.74480075968,0
pde_nominal,0,14573,2,0,85,0,85,1,0,4.51497754184,0
pde_nominal,6,16877,6,0,18,0,18,1,0,5.07396319206,0
pde_nominal,2,17176,4,0,82,0,82,1,0,5.99470951208,0
pde_nominal,7,15955,9,1,79,0,79,1,0,8.56722502287,0
pde_nominal,7,15954,12,1,33,0,33,1,0,4.74639132886,0
pde_nominal,9,17320,3,0,18,0,18,1,0,6.52867622722,0
pde_nominal,2,17173,12,1,6,0,6,1,0,5.64533303392,0
pde_nominal,8,17512,0,0,63,0,51,1,0,8.94925657142,0
pde_nominal,5,17793,10,1,16,0,10,1,0,3.95591473412,0
pde_nominal,1,18068,15,1,33,0,23,1,0,5.42666893799,0
pde_nominal,8,17508,10,1,26,0,26,1,0,4.38281069979,0
pde_nominal,3,16540,2,0,50,0,46,1,0,5.99024894323,0
pde_nominal,6,16871,6,0,87,0,36,1,0,9.88729653075,0
pde_nominal,0,14565,14,1,57,0,48,1,0,4.08519036039,0
pde_nominal,8,17498,5,0,63,17,53,1,1,5.93987563928,0
pde_nominal,3,16533,2,0,31,0,18,1,0,5.64196721893,0
pde_nominal,1,18058,5,0,41,0,31,1,0,5.84868430576,0
pde_nominal,1,18544,5,0,0,0,0,0,0,10.9330208155,0
pde_nominal,3,16529,7,0,5,0,5,1,0,4.41724200664,0
pde_nominal,9,17307,6,0,4,0,1,1,0,5.57002941395,0
pde_nominal,9,17303,4,0,25,0,17,1,0,4.87392842027,0
pde_nominal,7,15938,14,1,149,0,149,1,0,11.994826533,0
pde_nominal,5,17778,9,1,101,24,122,1,1,13.3318230064,0
pde_nominal,7,15936,1,0,11,0,11,1,0,4.98269270508,0
pde_nominal,2,17158,8,1,18,0,18,1,0,9.40540501986,0
pde_nominal,3,16519,15,1,74,0,54,1,0,5.4260637987,0
pde_nominal,8,17481,12,1,56,0,56,1,0,4.60367660059,0
pde_nominal,0,14541,9,1,60,0,60,1,0,3.25786380213,0
pde_nominal,9,17590,1,0,3,0,3,1,0,2.84862014264,0
pde_nominal,9,17291,9,1,45,0,45,1,0,3.75355113194,0
pde_nominal,5,17768,13,1,74,0,65,1,0,6.48320639761,0
pde_nominal,9,17288,2,0,59,0,57,1,0,4.70346006545,0
pde_nominal,6,16848,14,1,44,0,44,1,0,5.9861864861,0
pde_nominal,8,17475,15,1,27,0,25,1,0,5.66644702224,0
pde_nominal,0,14536,5,0,63,0,59,1,0,3.49018833741,0
pde_nominal,8,17474,12,1,3,0,0,1,0,4.6024399158,0
pde_nominal,9,17282,0,0,8,0,1,1,0,13.0356149823,0
pde_nominal,8,17472,1,0,25,0,2,1,0,4.26553567522,0
pde_nominal,5,17758,4,0,50,0,50,1,0,4.88910818431,0
pde_nominal,2,17149,4,0,121,0,86,1,0,8.15278857998,0
pde_nominal,8,17468,0,0,28,0,28,1,0,6.64891655399,0
pde_nominal,1,18033,12,1,42,0,42,1,0,6.28084101716,0
pde_nominal,1,18028,15,1,15,0,15,1,0,4.61330940216,0
pde_nominal,7,15919,4,0,57,0,57,1,0,10.2767770356,0
pde_nominal,3,16509,8,1,21,0,18,1,0,4.15462972923,0
pde_nominal,6,16834,0,0,63,0,59,1,0,4.64708916541,0
pde_nominal,5,17747,14,1,18,0,0,1,0,3.95831110549,0
pde_nominal,1,18024,0,0,14,0,0,1,0,6.08889643944,0
pde_nominal,0,18284,5,0,27,0,0,1,0,4.90543084118,0
pde_nominal,1,18022,15,1,11,0,0,1,0,4.7000193854,0
pde_nominal,5,17743,13,1,28,0,19,1,0,5.20478524329,0
pde_nominal,6,17414,13,1,91,0,29,1,0,16.2714010311,0
pde_nominal,7,15916,3,0,66,0,66,1,0,5.11992556626,0
pde_nominal,8,17455,6,0,10,0,0,1,0,4.82932259698,0
pde_nominal,5,17735,0,0,39,0,14,1,0,4.33131228703,0
pde_nominal,6,16825,8,1,20,0,7,1,0,4.96488125344,0
pde_nominal,9,17270,13,1,16,0,5,1,0,3.10847865517,0
pde_nominal,9,17269,11,1,63,0,49,1,0,5.45625894195,0
pde_nominal,6,16822,3,0,60,0,47,1,0,5.04214513494,0
pde_nominal,2,17131,15,1,38,0,38,1,0,4.60018976008,0
pde_nominal,8,17447,7,0,50,0,30,1,0,4.98035087588,0
pde_nominal,5,17730,5,0,1,0,0,1,0,3.90615023679,0
pde_nominal,1,18003,8,1,55,0,55,1,0,3.39816801928,0
pde_nominal,0,18260,13,1,62,0,62,1,0,11.6037898829,0
pde_nominal,7,15897,12,1,68,0,68,1,0,6.54877505644,0
pde_nominal,2,17123,0,0,27,0,27,1,0,3.30281708515,0
pde_nominal,0,18255,3,0,55,0,55,1,0,5.08365738849,0
pde_nominal,6,16812,10,1,45,0,25,1,0,6.14048772297,0
pde_nominal,3,16480,3,0,28,0,27,1,0,3.66330422067,0
pde_nominal,3,16475,5,0,53,0,6,1,0,5.06265087472,0
pde_nominal,7,15881,9,1,29,0,29,1,0,2.94453251254,0
pde_nominal,8,17430,6,0,76,0,35,1,0,6.90946196328,0
pde_nominal,1,17985,11,1,15,0,11,1,0,4.5733957646,0
pde_nominal,8,17425,12,1,31,0,27,1,0,4.67327117937,0
pde_nominal,7,15878,11,1,11,0,11,1,0,5.87086257784,0
pde_nominal,7,15876,13,1,28,0,28,1,0,5.46114555587,0
pde_nominal,5,17709,1,0,4,0,4,1,0,4.28523406872,0
pde_nominal,7,15874,8,1,37,0,37,1,0,5.80429496992,0
pde_nominal,2,17105,3,0,13,0,6,1,0,4.21582280482,0
pde_nominal,5,17708,11,1,63,0,16,1,0,7.62328280062,0
pde_nominal,1,17975,0,0,43,0,23,1,0,5.31337405614,0
pde_nominal,6,16794,13,1,43,0,11,1,0,5.52385437452,0
pde_nominal,8,17413,10,1,43,16,39,1,1,7.8051669388,0
pde_nominal,9,17221,13,1,10,0,1,1,0,4.10662487442,0
pde_nominal,2,17099,9,1,29,0,5,1,0,4.79862374692,0
pde_nominal,0,18224,4,0,21,0,21,1,0,5.0888692601,0
pde_nominal,8,17410,8,1,84,0,79,1,0,6.16292657639,0
pde_nominal,2,17096,2,0,9,0,9,1,0,6.31504153811,0
pde_nominal,5,17694,3,0,24,0,1,1,0,7.10176391815,0
pde_nominal,6,16782,11,1,53,0,9,1,0,12.9030718378,0
pde_nominal,9,17213,1,0,30,0,10,1,0,7.30101391597,0
pde_nominal,8,17405,3,0,20,0,20,1,0,3.36313489127,0
pde_nominal,2,17089,2,0,52,0,25,1,0,8.99209073549,0
pde_nominal,3,16444,8,1,80,0,61,1,0,8.33107294651,0
pde_nominal,1,17958,9,1,49,0,39,1,0,5.54277712884,0
pde_nominal,6,16779,9,1,71,0,65,1,0,5.5710864751,0
pde_nominal,3,16442,1,0,16,0,0,1,0,4.15362986442,0
pde_nominal,2,17086,7,0,12,0,9,1,0,4.90098458496,0
pde_nominal,0,18208,4,0,58,0,51,1,0,6.68296694794,0
pde_nominal,5,17686,11,1,30,0,24,1,0,5.00547691582,0
pde_nominal,1,17953,10,1,81,0,74,1,0,7.60300177836,0
pde_nominal,5,17685,1,0,77,0,69,1,0,5.96321236623,0
pde_nominal,8,17395,6,0,16,0,0,1,0,3.85989684959,0
pde_nominal,1,17949,14,1,12,0,9,1,0,5.83924589091,0
pde_nominal,0,18202,13,1,50,0,33,1,0,5.17826777902,0
pde_nominal,2,18217,2,0,28,0,17,1,0,6.5212553169,0
pde_nominal,6,16766,15,1,57,0,57,1,0,4.86641578176,0
pde_nominal,1,17943,5,0,6,0,6,1,0,12.1054278689,0
pde_nominal,6,16762,13,1,47,0,39,1,0,5.80329890275,0
pde_nominal,8,17379,4,0,6,0,2,1,0,5.62146821393,0
pde_nominal,8,17370,7,0,22,0,22,1,0,8.34721765773,0
pde_nominal,0,18183,7,0,51,0,51,1,0,4.79801926307,0
pde_nominal,2,17069,6,0,26,0,16,1,0,4.66648361369,0
pde_nominal,3,16407,15,1,71,0,71,1,0,6.27796510896,0
pde_nominal,0,18178,6,0,54,0,54,1,0,5.02309993974,0
pde_nominal,9,17190,3,0,233,0,197,1,0,11.3755741433,0
pde_nominal,3,16405,5,0,58,0,58,1,0,5.9532395789,0
pde_nominal,8,17361,1,0,32,0,32,1,0,4.9308963233,0
pde_nominal,2,17059,3,0,42,0,42,1,0,5.4777880402,0
pde_nominal,2,17053,10,1,9,0,9,1,0,3.78177070185,0
pde_nominal,2,17052,13,1,57,0,57,1,0,6.68094130271,0
pde_nominal,5,17655,0,0,28,0,28,1,0,5.92261606322,0
pde_nominal,6,16742,4,0,26,0,26,1,0,3.30513794823,0
pde_nominal,6,16741,14,1,25,0,25,1,0,4.84942572264,0
pde_nominal,8,17350,14,1,29,0,29,1,0,4.48482852899,0
pde_nominal,1,17924,2,0,244,0,237,1,0,11.3693692429,0
pde_nominal,3,16394,15,1,85,0,81,1,0,5.04114394758,0
pde_nominal,9,17175,2,0,17,0,16,1,0,5.28398055027,0
pde_nominal,2,17049,2,0,7,0,0,1,0,5.47908674596,0
pde_nominal,2,17048,7,0,73,0,37,1,0,5.40085326324,0
pde_nominal,2,17046,2,0,20,0,20,1,0,7.86232122546,0
pde_nominal,7,15824,12,1,119,0,119,1,0,6.23752441934,0
pde_nominal,6,16736,5,0,93,0,93,1,0,7.58323944734,0
pde_nominal,6,16734,2,0,60,0,13,1,0,5.40119868858,0
pde_nominal,1,17913,14,1,47,0,47,1,0,4.99271832065,0
pde_nominal,7,15817,0,0,79,0,79,1,0,4.84390350452,0
pde_nominal,6,16730,11,1,55,0,55,1,0,4.51713183719,0
pde_nominal,6,16729,13,1,12,0,10,1,0,5.37847881163,0
pde_nominal,6,16726,3,0,6,0,6,1,0,5.28112477294,0
pde_nominal,7,15814,7,0,13,0,13,1,0,5.41091842089,0
pde_nominal,7,15812,4,0,27,0,27,1,0,3.98297716528,0
pde_nominal,5,17641,13,1,29,0,26,1,0,7.36944282013,0
pde_nominal,3,16379,8,1,31,0,31,1,0,5.24659512436,0
pde_nominal,9,17160,6,0,18,0,18,1,0,7.19645108888,0
pde_nominal,1,17903,8,1,59,0,50,1,0,10.2609307233,0
pde_nominal,2,17032,1,0,71,0,63,1,0,9.23954345434,0
pde_nominal,1,17901,0,0,46,0,46,1,0,5.35726897317,0
pde_nominal,1,17900,10,1,6,0,6,1,0,4.21284478674,0
pde_nominal,0,18142,13,1,27,0,27,1,0,6.76153252536,0
pde_nominal,7,15800,1,0,12,0,12,1,0,10.1304319241,0
pde_nominal,5,17630,11,1,12,0,10,1,0,7.09731129359,0
pde_nominal,7,15798,14,1,39,0,39,1,0,5.46455608121,0
pde_nominal,7,16986,14,1,0,0,0,0,0,13.9500770744,0
pde_nominal,0,18138,2,0,95,0,91,1,0,5.48121216858,0
pde_nominal,0,18136,15,1,40,0,40,1,0,7.45367516555,0
pde_nominal,5,17627,7,0,82,0,82,1,0,6.70607792878,0
pde_nominal,7,15792,12,1,58,0,58,1,0,5.5588051812,0
pde_nominal,9,17145,11,1,19,0,12,1,0,3.45118216645,0
pde_nominal,6,16713,14,1,63,0,61,1,0,6.35585401335,0
pde_nominal,5,17625,7,0,26,21,37,1,1,5.32935196332,0
pde_nominal,2,17018,7,0,85,22,87,1,1,8.66754785917,0
pde_nominal,8,17316,6,0,15,0,15,1,0,3.01254288871,0
pde_nominal,1,17897,4,0,351,0,256,1,0,16.0654816255,0
pde_nominal,1,17896,8,1,84,0,50,1,0,8.37689971961,0
pde_nominal,1,17894,14,1,32,0,17,1,0,4.52791398087,0
pde_nominal,5,17613,6,0,33,0,18,1,0,8.13354123057,0
pde_nominal,6,16708,14,1,219,0,112,1,0,15.7368049351,0
pde_nominal,0,18121,5,0,45,0,35,1,0,6.16827367483,0
pde_nominal,6,16707,1,0,35,0,35,1,0,5.22634421467,0
pde_nominal,6,16706,0,0,52,0,52,1,0,9.07602939617,0
pde_nominal,3,16351,3,0,99,53,134,1,1,10.6557825832,0
pde_nominal,0,18117,6,0,20,0,20,1,0,6.81999384819,0
pde_nominal,3,16350,7,0,23,0,23,1,0,3.83360054565,0
pde_nominal,2,17001,4,0,74,0,74,1,0,7.24462963527,0
pde_nominal,6,16704,2,0,88,0,88,1,0,5.74312621962,0
pde_nominal,9,17131,9,1,33,0,33,1,0,3.26510744473,0
pde_nominal,6,16702,2,0,53,0,53,1,0,3.50437967834,0
pde_nominal,5,17610,9,1,70,0,70,1,0,4.76994350793,0
pde_nominal,1,17883,15,1,63,0,63,1,0,4.89857265795,0
pde_nominal,6,16697,15,1,24,0,24,1,0,5.12219421702,0
pde_nominal,3,16340,12,1,54,0,54,1,0,4.2347722288,0
pde_nominal,6,16693,8,1,14,0,14,1,0,3.90537784607,0
pde_nominal,6,16692,7,0,45,0,45,1,0,5.55657477646,0
pde_nominal,5,17600,8,1,18,0,18,1,0,5.41656009759,0
pde_nominal,6,16690,0,0,20,0,20,1,0,5.38957349741,0
pde_nominal,5,17595,9,1,12,0,12,1,0,4.64223179142,0
pde_nominal,1,17875,6,0,86,0,86,1,0,4.82538900357,0
pde_nominal,6,16688,14,1,93,0,36,1,0,6.68164866621,0
pde_nominal,2,16992,9,1,22,0,1,1,0,4.75005372173,0
pde_nominal,2,16990,5,0,19,0,1,1,0,3.67832794042,0
pde_nominal,7,15771,8,1,14,0,14,1,0,6.32226271599,0
pde_nominal,1,17869,3,0,7,0,4,1,0,3.92243483293,0
pde_nominal,9,17111,2,0,42,0,42,1,0,3.96202420053,0
pde_nominal,8,17283,15,1,38,0,38,1,0,4.08447412114,0
pde_nominal,3,16323,11,1,123,0,122,1,0,6.09466374598,0
pde_nominal,6,16678,0,0,74,0,74,1,0,6.35998201239,0
pde_nominal,5,17579,14,1,29,0,29,1,0,6.09240131954,0
pde_nominal,7,15760,3,0,37,0,37,1,0,5.03252835474,0
pde_nominal,7,16989,3,0,0,0,0,0,0,9.57030503484,0
pde_nominal,3,16319,15,1,85,0,77,1,0,4.83363383889,0
pde_nominal,5,17577,0,0,31,15,37,1,1,6.71269993186,0
pde_nominal,3,16317,5,0,83,0,44,1,0,5.40620059317,0
pde_nominal,0,18086,11,1,24,0,15,1,0,4.66073638722,0
pde_nominal,0,18085,1,0,16,0,16,1,0,5.10776126581,0
pde_nominal,6,16670,14,1,38,0,32,1,0,4.16840368026,0
pde_nominal,0,18297,1,0,0,0,0,0,0,6.78845255449,0
pde_nominal,9,17103,3,0,12,0,0,1,0,4.26635289682,0
pde_nominal,6,16662,13,1,49,0,49,1,0,6.42613862127,0
pde_nominal,1,17844,12,1,35,0,35,1,0,9.18976123675,0
pde_nominal,3,16306,8,1,129,0,128,1,0,6.8643390104,0
pde_nominal,5,17564,8,1,28,0,11,1,0,7.78693881269,0
pde_nominal,9,17094,14,1,21,0,21,1,0,4.54451061626,0
pde_nominal,2,16964,5,0,24,0,24,1,0,7.02840813697,0
pde_nominal,3,16302,8,1,23,0,21,1,0,5.47293515155,0
pde_nominal,9,17088,12,1,45,0,41,1,0,5.17973553488,0
pde_nominal,6,16658,2,0,76,19,75,1,1,5.8990561314,0
pde_nominal,7,15733,4,0,84,0,84,1,0,10.4924710855,0
pde_nominal,5,17556,14,1,35,0,3,1,0,8.97828741363,0
pde_nominal,1,17826,7,0,32,0,10,1,0,5.12620231194,0
pde_nominal,1,17822,11,1,51,0,48,1,0,8.61802906025,0
pde_nominal,6,16650,2,0,65,0,56,1,0,5.19106178814,0
pde_nominal,1,17821,8,1,46,0,40,1,0,13.9828464275,0
pde_nominal,9,17080,12,1,82,0,60,1,0,5.86248073195,0
pde_nominal,2,16947,4,0,105,0,49,1,0,7.30315521408,0
pde_nominal,6,16647,2,0,12,0,12,1,0,9.11902203642,0
pde_nominal,0,18064,9,1,10,0,7,1,0,5.76896175373,0
pde_nominal,7,15722,8,1,47,0,47,1,0,3.97932450869,0
pde_nominal,6,16645,1,0,104,0,80,1,0,6.62571428914,0
pde_nominal,1,17812,12,1,63,0,44,1,0,8.81556799504,0
pde_nominal,6,16643,15,1,43,0,0,1,0,7.45768153682,0
pde_nominal,9,17073,14,1,41,0,0,1,0,3.55283943126,0
pde_nominal,6,16640,11,1,2,0,0,1,0,5.70841609287,0
pde_nominal,0,18058,9,1,32,0,22,1,0,7.02363112143,0
pde_nominal,5,17539,8,1,208,0,93,1,0,14.6127729026,0
pde_nominal,9,17070,15,1,70,0,69,1,0,3.78585898625,0
pde_nominal,3,16278,11,1,26,0,1,1,0,4.29039268972,0
pde_nominal,5,17534,14,1,8,0,8,1,0,3.17842516094,0
pde_nominal,8,17236,13,1,5,0,5,1,0,4.86053718218,0
pde_nominal,0,18052,10,1,23,0,0,1,0,8.62045876694,0
pde_nominal,7,15713,2,0,9,0,9,1,0,3.31004365179,0
pde_nominal,1,17801,0,0,60,0,60,1,0,5.22639366498,0
pde_nominal,7,15707,8,1,35,0,35,1,0,5.18490645617,0
pde_nominal,3,16262,15,1,33,0,33,1,0,7.60631467629,0
pde_nominal,0,18047,1,0,70,0,51,1,0,9.05461142352,0
pde_nominal,2,16920,7,0,5,0,5,1,0,4.90350695003,0
pde_nominal,1,17795,8,1,62,0,62,1,0,3.64519614081,0
pde_nominal,8,17221,14,1,89,0,89,1,0,5.50270739826,0
pde_nominal,1,17793,13,1,64,0,64,1,0,4.18175641423,0
pde_nominal,9,17056,5,0,67,0,67,1,0,7.77254846337,0
pde_nominal,5,17512,11,1,14,0,14,1,0,5.37096600803,0
pde_nominal,9,17055,13,1,12,0,12,1,0,4.61165033305,0
pde_nominal,3,16254,15,1,16,0,16,1,0,9.10026133325,0
pde_nominal,6,16633,1,0,19,0,19,1,0,5.05308573245,0
pde_nominal,2,16915,2,0,41,0,41,1,0,5.33929208559,0
pde_nominal,7,15697,3,0,167,0,167,1,0,7.7936291456,0
pde_nominal,5,17511,12,1,50,0,35,1,0,4.83491310479,0
pde_nominal,2,16913,13,1,65,0,46,1,0,6.5697824956,0
pde_nominal,1,17789,10,1,31,0,31,1,0,3.70377054664,0
pde_nominal,2,16912,2,0,63,0,63,1,0,5.54261255718,0
pde_nominal,6,16625,8,1,77,0,77,1,0,5.73097360934,0
pde_nominal,7,15685,9,1,122,0,122,1,0,7.15121358847,0
pde_nominal,8,17204,15,1,16,0,16,1,0,6.39023319576,0
pde_nominal,3,16244,14,1,6,0,0,1,0,3.25791326791,0
pde_nominal,8,17201,2,0,13,0,2,1,0,4.42701393613,0
pde_nominal,2,16902,5,0,54,0,39,1,0,4.83514596752,0
pde_nominal,0,18032,0,0,88,0,64,1,0,6.20416709758,0
pde_nominal,8,17198,7,0,18,19,34,1,1,6.47094547162,0
pde_nominal,0,18029,15,1,38,0,37,1,0,12.4723075014,0
pde_nominal,3,16241,15,1,32,0,10,1,0,4.96522214707,0
pde_nominal,6,16606,10,1,16,0,1,1,0,4.46537934861,0
pde_nominal,6,16605,9,1,10,0,0,1,0,4.05526117477,0
pde_nominal,8,17190,5,0,92,0,39,1,0,5.93859918077,0
pde_nominal,1,17773,12,1,23,0,7,1,0,4.91834894702,0
pde_nominal,1,17771,3,0,6,0,1,1,0,11.3240981711,0
pde_nominal,6,16599,12,1,7,0,1,1,0,3.53501875327,0
pde_nominal,9,17032,8,1,126,0,60,1,0,8.2375367895,0
pde_nominal,1,17770,6,0,8,0,0,1,0,5.8172692303,0
pde_nominal,1,17769,1,0,21,0,21,1,0,5.52504732712,0
pde_nominal,7,15661,10,1,30,0,30,1,0,4.72596004542,0
pde_nominal,0,18017,14,1,59,0,39,1,0,4.91560183002,0
pde_nominal,2,16896,13,1,39,0,39,1,0,6.85668276072,0
pde_nominal,3,16219,13,1,24,0,22,1,0,3.90336279917,0
pde_nominal,5,17483,10,1,13,0,13,1,0,5.73005132469,0
pde_nominal,5,17482,10,1,11,0,11,1,0,5.27592210291,0
pde_nominal,0,18015,5,0,57,0,57,1,0,4.98435389157,0
pde_nominal,3,16218,2,0,50,0,50,1,0,3.62265137461,0
pde_nominal,7,15654,1,0,105,0,105,1,0,6.19233030989,0
pde_nominal,9,17026,3,0,121,0,121,1,0,5.69695996133,0
pde_nominal,1,17764,8,1,10,0,9,1,0,3.70663080699,0
pde_nominal,6,16589,2,0,51,0,47,1,0,4.58571228872,0
pde_nominal,3,16216,10,1,105,0,103,1,0,7.02556747217,0
pde_nominal,8,17169,5,0,26,0,26,1,0,6.30806849828,0
pde_nominal,5,17467,2,0,16,0,3,1,0,5.32368982917,0
pde_nominal,9,17024,0,0,55,0,40,1,0,6.19723782709,0
pde_nominal,8,17164,10,1,7,0,7,1,0,3.0030767407,0
pde_nominal,0,18007,0,0,106,0,88,1,0,7.89595541146,0
pde_nominal,8,17163,8,1,114,0,114,1,0,13.2367805077,0
pde_nominal,9,17020,6,0,106,0,106,1,0,6.04168015071,0
pde_nominal,8,17161,10,1,67,0,67,1,0,6.4114107332,0
pde_nominal,9,17018,2,0,17,0,17,1,0,9.83453189813,0
pde_nominal,1,17761,14,1,82,0,82,1,0,6.2779333887,0
pde_nominal,2,16881,5,0,45,0,45,1,0,5.48725456944,0
pde_nominal,7,15646,1,0,46,0,46,1,0,6.39558545255,0
pde_nominal,9,17017,10,1,99,0,84,1,0,8.1658229088,0
pde_nominal,0,17999,8,1,32,0,32,1,0,3.89883939481,0
pde_nominal,2,16874,13,1,24,0,24,1,0,4.66422276741,0
pde_nominal,7,15644,15,1,163,0,163,1,0,7.87342600821,0
pde_nominal,0,17995,13,1,39,0,39,1,0,4.98491179008,0
pde_nominal,5,17457,7,0,265,0,256,1,0,11.7902689808,0
pde_nominal,3,16199,15,1,16,0,13,1,0,5.0353034708,0
pde_nominal,1,17755,8,1,35,0,3,1,0,6.2377855431,0
pde_nominal,2,16866,2,0,14,0,14,1,0,6.20972171299,0
pde_nominal,7,15638,14,1,24,0,24,1,0,4.3981797165,0
pde_nominal,0,17992,12,1,6,0,0,1,0,3.82036282848,0
pde_nominal,0,17990,5,0,10,0,2,1,0,4.92775459155,0
pde_nominal,9,17001,13,1,70,0,44,1,0,5.38659829411,0
pde_nominal,7,15632,8,1,17,0,17,1,0,10.3586223823,0
pde_nominal,0,17982,14,1,40,0,33,1,0,7.32068433706,0
pde_nominal,6,16569,10,1,9,0,9,1,0,4.89901671817,0
pde_nominal,6,16565,6,0,23,0,19,1,0,7.20051343752,0
pde_nominal,9,16994,12,1,24,0,20,1,0,3.84307497676,0
pde_nominal,3,16178,10,1,20,0,11,1,0,4.06742870428,0
pde_nominal,2,16855,8,1,130,0,98,1,0,7.82149642488,0
pde_nominal,7,15625,4,0,22,0,22,1,0,4.58903854912,0
pde_nominal,5,17436,2,0,80,0,73,1,0,5.50326547837,0
pde_nominal,5,17435,10,1,12,0,12,1,0,3.90992968874,0
pde_nominal,6,16558,5,0,66,0,66,1,0,5.49227903918,0
pde_nominal,6,16556,10,1,40,22,62,1,1,7.86241706489,0
pde_nominal,6,16555,2,0,3,0,2,1,0,2.90859432973,0
pde_nominal,5,17430,14,1,42,0,41,1,0,4.1693387057,0
pde_nominal,3,16170,10,1,26,0,17,1,0,3.51231222911,0
pde_nominal,6,16553,9,1,74,0,47,1,0,5.86313212116,0
pde_nominal,9,16981,0,0,8,0,1,1,0,2.99151637362,0
pde_nominal,0,17973,7,0,64,0,64,1,0,4.90696551802,0
pde_nominal,8,17131,8,1,17,0,9,1,0,3.41038780385,0
pde_nominal,8,17130,13,1,5,0,0,1,0,7.14627450005,0
pde_nominal,5,17422,5,0,49,0,27,1,0,4.17301790697,0
pde_nominal,1,17735,5,0,14,0,0,1,0,6.45372413829,0
pde_nominal,6,16544,4,0,11,0,2,1,0,5.10807267161,0
pde_nominal,1,17734,8,1,34,0,2,1,0,4.36136767905,0
pde_nominal,0,17969,1,0,36,0,0,1,0,5.04233030924,0
pde_nominal,2,16838,14,1,213,0,77,1,0,12.9330169484,0
pde_nominal,9,16974,1,0,193,0,107,1,0,10.3935647815,0
pde_nominal,3,16159,8,1,157,0,118,1,0,7.90830500503,0
pde_nominal,2,16837,2,0,81,0,81,1,0,8.61450879795,0
pde_nominal,3,16158,7,0,73,0,73,1,0,6.50506868667,0
pde_nominal,0,17962,15,1,154,0,154,1,0,9.12760349465,0
pde_nominal,1,17727,8,1,98,0,98,1,0,4.71462013585,0
pde_nominal,3,16156,9,1,83,0,72,1,0,5.83080548276,0
pde_nominal,2,16829,10,1,52,0,32,1,0,5.68412626032,0
pde_nominal,3,16153,14,1,94,0,65,1,0,5.7054513001,0
pde_nominal,2,16826,11,1,29,0,24,1,0,4.28412893538,0
pde_nominal,5,17405,4,0,12,0,11,1,0,3.53016153582,0
pde_nominal,2,16822,8,1,20,0,20,1,0,5.28335688269,0
pde_nominal,1,17715,7,0,31,17,48,1,1,5.63121510523,0
pde_nominal,6,16531,14,1,40,0,40,1,0,4.34131698784,0
pde_nominal,6,16530,5,0,14,0,11,1,0,4.11777332931,0
pde_nominal,2,16817,8,1,39,0,19,1,0,7.42174890609,0
pde_nominal,9,16954,6,0,48,24,72,1,1,6.9530821103,0
pde_nominal,8,17113,5,0,22,0,22,1,0,8.11762244075,0
pde_nominal,5,17394,2,0,53,0,53,1,0,5.37156442017,0
pde_nominal,8,17110,4,0,17,0,17,1,0,6.66372074406,0
pde_nominal,7,15588,5,0,70,0,70,1,0,6.22983225192,0
pde_nominal,6,16513,1,0,42,0,42,1,0,4.64673461049,0
pde_nominal,1,17694,9,1,233,0,231,1,0,12.1810862215,0
pde_nominal,7,15578,1,0,62,0,62,1,0,3.31701698746,0
pde_nominal,9,16941,7,0,95,0,95,1,0,4.77935033406,0
pde_nominal,3,16129,2,0,90,0,90,1,0,5.17468432755,0
pde_nominal,2,16806,13,1,54,16,70,1,1,6.38083834764,0
pde_nominal,9,16938,13,1,25,0,25,1,0,5.0382698967,0
pde_nominal,5,17382,0,0,49,0,49,1,0,4.21195354589,0
pde_nominal,7,15566,2,0,157,0,157,1,0,7.1817612434,0
pde_nominal,1,17680,8,1,76,22,98,1,1,5.00364401822,0
pde_nominal,6,16497,7,0,15,0,15,1,0,3.77770022965,0
pde_nominal,8,17071,4,0,10,0,10,1,0,3.34014997887,0
pde_nominal,0,17908,9,1,36,0,36,1,0,7.33510838711,0
pde_nominal,9,16924,5,0,33,0,33,1,0,9.33866689671,0
pde_nominal,7,15551,14,1,89,0,89,1,0,4.31538152087,0
pde_nominal,2,18223,2,0,0,0,0,0,0,11.449002886,0
pde_nominal,6,16484,7,0,23,0,23,1,0,4.18343949049,0
pde_nominal,3,16105,4,0,81,0,81,1,0,5.52644956424,0
pde_nominal,2,16781,0,0,79,0,79,1,0,8.40816757821,0
pde_nominal,1,17657,10,1,45,0,45,1,0,4.76097539127,0
pde_nominal,8,18495,10,1,49,0,49,1,0,7.47293976876,0
pde_nominal,0,17899,1,0,30,0,30,1,0,4.74671463344,0
pde_nominal,3,16103,11,1,66,0,66,1,0,3.5417871916,0
pde_nominal,2,16772,5,0,47,0,47,1,0,3.50800072599,0
pde_nominal,9,16910,2,0,5,0,5,1,0,7.54342180583,0
pde_nominal,0,17895,7,0,31,0,31,1,0,3.69539854023,0
pde_nominal,5,17358,3,0,11,0,11,1,0,3.51548939806,0
pde_nominal,6,16472,14,1,78,0,78,1,0,6.44916569721,0
pde_nominal,1,17655,11,1,91,59,151,1,1,5.31116546624,0
pde_nominal,1,17654,8,1,64,0,64,1,0,7.79803251592,0
pde_nominal,3,16098,7,0,52,0,52,1,0,6.53822631526,0
pde_nominal,1,17653,0,0,4,0,4,1,0,3.56965408261,0
pde_nominal,7,15540,11,1,65,0,65,1,0,3.41580296498,0
pde_nominal,2,16767,14,1,83,0,83,1,0,5.58643491733,0
pde_nominal,5,17353,1,0,29,0,29,1,0,3.12224499743,0
pde_nominal,0,17891,9,1,7,0,7,1,0,2.70468770171,0
pde_nominal,2,16760,8,1,83,0,83,1,0,6.7934130099,0
pde_nominal,1,17650,7,0,146,0,146,1,0,10.8605382274,0
pde_nominal,9,16899,2,0,51,0,51,1,0,7.34959906962,0
pde_nominal,5,17351,12,1,24,0,24,1,0,6.43047430045,0
pde_nominal,0,17886,11,1,52,0,52,1,0,4.14770727387,0
pde_nominal,2,16754,8,1,155,0,155,1,0,7.10988237307,0
pde_nominal,3,16085,11,1,81,0,81,1,0,6.43869196127,0
pde_nominal,3,16083,6,0,20,0,20,1,0,4.19803563792,0
pde_nominal,1,17638,0,0,21,0,21,1,0,4.66017950935,0
pde_nominal,8,17041,7,0,54,0,54,1,0,4.33958160936,0
pde_nominal,7,15526,5,0,91,0,91,1,0,4.41043457689,0
pde_nominal,9,16891,14,1,91,0,91,1,0,6.9724169019,0
pde_nominal,0,17878,1,0,129,0,129,1,0,6.68600549757,0
pde_nominal,2,16748,3,0,84,0,84,1,0,6.04621176791,0
pde_nominal,9,16889,3,0,56,0,56,1,0,6.06628318113,0
pde_nominal,0,17875,2,0,34,0,34,1,0,4.77031718147,0
pde_nominal,2,16745,10,1,66,0,66,1,0,6.37489007245,0
pde_nominal,3,16072,7,0,14,0,14,1,0,4.92675650636,0
pde_nominal,1,17630,6,0,126,0,126,1,0,7.73897926681,0
pde_nominal,1,17629,12,1,15,0,15,1,0,6.7928052302,0
pde_nominal,3,16070,3,0,110,0,110,1,0,5.13213067146,0
pde_nominal,0,17869,7,0,40,0,40,1,0,6.36102323033,0
pde_nominal,6,16440,0,0,24,0,24,1,0,4.68255506114,0
pde_nominal,2,16737,15,1,55,0,55,1,0,4.55097866175,0
pde_nominal,6,16433,15,1,30,0,30,1,0,7.4492104918,0
pde_nominal,5,17320,2,0,20,0,20,1,0,3.78710441611,0
pde_nominal,1,17618,14,1,26,0,26,1,0,4.46150233705,0
pde_nominal,7,15511,15,1,61,0,61,1,0,3.30676160853,0
pde_nominal,8,17030,15,1,4,0,4,1,0,4.55518100021,0
pde_nominal,5,17315,0,0,48,0,48,1,0,8.48817376362,0
pde_nominal,2,16730,11,1,105,0,105,1,0,12.6667728563,0
pde_nominal,6,16427,10,1,3,0,3,1,0,3.27286609178,0
pde_nominal,7,15507,1,0,151,0,151,1,0,6.95536280647,0
pde_nominal,0,17858,10,1,51,0,51,1,0,8.28919949294,0
pde_nominal,5,17312,10,1,74,0,74,1,0,7.05899217986,0
pde_nominal,6,16425,14,1,22,0,22,1,0,5.21231639184,0
pde_nominal,8,17017,3,0,65,0,65,1,0,5.36878186688,0
pde_nominal,8,17016,2,0,93,0,93,1,0,7.78521998983,0
pde_nominal,9,16867,14,1,69,0,69,1,0,5.58253313665,0
pde_nominal,9,16866,6,0,20,0,20,1,0,5.81602018872,0
pde_nominal,2,16723,9,1,240,0,240,1,0,14.1761665248,0
pde_nominal,6,16420,6,0,93,0,93,1,0,4.35647560454,0
pde_nominal,1,17601,1,0,48,0,48,1,0,6.8663977727,0
pde_nominal,8,17008,0,0,38,0,38,1,0,3.96142531289,0
pde_nominal,3,16052,6,0,59,0,59,1,0,3.71470524945,0
pde_nominal,8,17006,6,0,33,0,33,1,0,4.08883046703,0
pde_nominal,6,16415,5,0,24,0,24,1,0,4.53510125231,0
pde_nominal,7,15495,0,0,93,0,93,1,0,4.46908462954,0
pde_nominal,1,17593,1,0,4,0,4,1,0,4.22992911493,0
pde_nominal,0,17837,11,1,54,16,70,1,1,6.34668616515,0
pde_nominal,7,15494,2,0,129,0,129,1,0,5.96970136498,0
pde_nominal,3,16048,15,1,15,0,15,1,0,7.17923888442,0
pde_nominal,8,17001,10,1,20,0,20,1,0,4.09526874741,0
pde_nominal,1,17588,14,1,36,0,36,1,0,5.55515794774,0
pde_nominal,0,17832,0,0,22,0,22,1,0,4.67475135751,0
pde_nominal,7,15487,3,0,74,0,74,1,0,3.73007636184,0
pde_nominal,9,16846,0,0,54,0,54,1,0,3.80049483393,0
pde_nominal,8,16993,5,0,135,0,135,1,0,7.4455115103,0
pde_nominal,6,16403,7,0,64,0,64,1,0,9.03372463834,0
pde_nominal,3,16042,5,0,57,0,57,1,0,5.22988519716,0
pde_nominal,0,17814,3,0,111,0,111,1,0,6.72620773391,0
pde_nominal,3,16040,5,0,150,0,150,1,0,7.34301506006,0
pde_nominal,7,19107,15,1,53,0,53,1,0,4.15648348043,0
pde_nominal,5,17283,10,1,11,0,9,1,0,6.68420410681,0
pde_nominal,6,16393,5,0,94,0,60,1,0,8.93212996567,0
pde_nominal,8,16985,3,0,74,0,58,1,0,4.80698972656,0
pde_nominal,1,17574,0,0,108,0,85,1,0,7.9407549841,0
pde_nominal,6,16392,6,0,43,0,43,1,0,3.84984658392,0
pde_nominal,8,16982,13,1,47,0,47,1,0,4.54366268682,0
pde_nominal,0,17810,15,1,72,0,72,1,0,4.61773568347,0
pde_nominal,8,16979,3,0,110,0,110,1,0,6.21473236136,0
pde_nominal,5,17268,12,1,58,0,45,1,0,6.01001530298,0
pde_nominal,8,16973,2,0,37,0,30,1,0,5.1653331228,0
pde_nominal,0,17801,10,1,64,0,64,1,0,8.05528319417,0
pde_nominal,6,16376,12,1,27,11,38,1,1,6.470298132,0
pde_nominal,5,17262,8,1,27,0,27,1,0,3.57561440388,0
pde_nominal,3,16024,13,1,13,0,13,1,0,3.62155365558,0
pde_nominal,8,16970,8,1,112,0,112,1,0,7.62611553525,0
pde_nominal,9,16809,4,0,60,0,60,1,0,9.04921214391,0
pde_nominal,8,16965,3,0,4,0,4,1,0,7.54771223606,0
pde_nominal,8,16964,8,1,18,0,12,1,0,6.78167265691,0
pde_nominal,0,17792,3,0,24,0,0,1,0,6.29653612907,0
pde_nominal,5,17257,15,1,27,0,0,1,0,4.36878056601,0
pde_nominal,2,16676,15,1,137,0,89,1,0,8.44675913798,0
pde_nominal,2,16674,6,0,25,0,18,1,0,4.98601707692,0
pde_nominal,8,16962,3,0,56,0,43,1,0,4.28924427174,0
pde_nominal,8,16958,2,0,17,0,10,1,0,4.673147617,0
pde_nominal,2,16672,11,1,33,0,5,1,0,4.98845501736,0
pde_nominal,3,16016,0,0,129,0,66,1,0,12.8145749408,0
pde_nominal,7,19080,6,0,41,0,41,1,0,5.16257947384,0
pde_nominal,6,16354,14,1,43,0,38,1,0,3.72286429369,0
pde_nominal,9,16801,6,0,57,0,41,1,0,4.70160117274,0
pde_nominal,7,19073,0,0,13,0,13,1,0,4.42526949878,0
pde_nominal,5,17250,1,0,102,0,93,1,0,7.65998127868,0
pde_nominal,8,16946,10,1,51,0,51,1,0,5.3742243539,0
pde_nominal,1,17546,7,0,20,0,18,1,0,5.65361969877,0
pde_nominal,0,17780,14,1,36,0,19,1,0,5.46453192328,0
pde_nominal,1,17539,5,0,24,0,10,1,0,3.8056400774,0
pde_nominal,5,18083,5,0,10,0,6,1,0,10.4328303842,0
pde_nominal,7,19061,10,1,66,0,66,1,0,8.85789766991,0
pde_nominal,7,19059,12,1,52,0,52,1,0,7.45570499476,0
pde_nominal,7,19057,12,1,37,0,37,1,0,3.40340548095,0
pde_nominal,3,15998,2,0,25,0,24,1,0,3.54312086303,0
pde_nominal,0,17768,2,0,25,0,25,1,0,8.7535136468,0
pde_nominal,8,16925,15,1,16,0,11,1,0,3.15478979792,0
pde_nominal,5,17224,14,1,25,0,12,1,0,3.65263338304,0
pde_nominal,5,18084,14,1,0,0,0,0,0,4.63203762309,0
pde_nominal,6,16339,5,0,88,0,53,1,0,7.46299249657,0
pde_nominal,6,16338,2,0,26,0,26,1,0,9.57777616463,0
pde_nominal,7,19049,1,0,19,0,19,1,0,4.18529532135,0
pde_nominal,6,16335,4,0,7,0,0,1,0,4.88984749601,0
pde_nominal,2,16645,0,0,12,0,9,1,0,4.48004416109,0
pde_nominal,2,16644,13,1,83,0,78,1,0,4.30655334471,0
pde_nominal,6,16334,3,0,63,27,88,1,1,9.5186863807,0
pde_nominal,0,17753,9,1,14,0,14,1,0,3.54765088396,0
pde_nominal,8,16914,13,1,114,0,114,1,0,6.01539663181,0
pde_nominal,2,16638,2,0,33,0,33,1,0,5.45348286194,0
pde_nominal,1,17517,15,1,85,65,151,1,1,11.7377151559,0
pde_nominal,1,17512,11,1,94,0,94,1,0,7.32957750454,0
pde_nominal,6,16329,1,0,132,0,132,1,0,10.6593526251,0
pde_nominal,5,17204,11,1,2,0,2,1,0,4.33539626337,0
pde_nominal,0,17744,12,1,91,0,82,1,0,4.20492374243,0
pde_nominal,3,15978,7,0,69,0,69,1,0,5.0389463231,0
pde_nominal,7,19041,8,1,59,0,59,1,0,5.25123402546,0
pde_nominal,5,17202,6,0,51,23,61,1,1,7.4748362294,0
pde_nominal,1,17507,2,0,25,0,4,1,0,7.65422383521,0
pde_nominal,3,15976,2,0,27,0,2,1,0,5.69878676361,0
pde_nominal,0,17736,11,1,45,0,21,1,0,5.96663295721,0
pde_nominal,2,16629,3,0,59,0,33,1,0,15.0394872423,0
pde_nominal,0,17734,2,0,20,0,20,1,0,5.4621995737,0
pde_nominal,0,17733,9,1,16,0,16,1,0,9.49334268974,0
pde_nominal,8,16889,11,1,31,0,31,1,0,8.35630588571,0
pde_nominal,0,17731,10,1,29,0,29,1,0,4.78604980833,0
pde_nominal,2,16623,15,1,82,0,82,1,0,4.95349836745,0
pde_nominal,9,16759,11,1,86,35,121,1,1,8.44268165535,0
pde_nominal,8,18497,13,1,15,0,7,1,0,4.86522446052,0
pde_nominal,9,16758,4,0,46,0,31,1,0,6.12636044277,0
pde_nominal,7,19026,8,1,30,0,30,1,0,4.24482245867,0
pde_nominal,5,17188,0,0,19,0,10,1,0,5.22437305662,0
pde_nominal,2,16617,11,1,43,0,8,1,0,4.3333525006,0
pde_nominal,0,17726,11,1,25,0,25,1,0,3.42441471532,0
pde_nominal,2,16613,10,1,102,0,98,1,0,17.1071265463,0
pde_nominal,1,17497,2,0,89,0,79,1,0,7.26289679009,0
pde_nominal,0,17719,5,0,45,0,39,1,0,4.73444193542,0
pde_nominal,7,19019,6,0,60,0,60,1,0,4.44920533406,0
pde_nominal,1,17492,6,0,74,0,74,1,0,5.10164974613,0
pde_nominal,0,17714,2,0,60,0,60,1,0,4.45105914517,0
pde_nominal,3,15957,9,1,12,0,3,1,0,4.10624631786,0
pde_nominal,7,19014,13,1,81,0,81,1,0,5.87187697571,0
pde_nominal,6,16307,3,0,272,0,256,1,0,12.8480464616,0
pde_nominal,1,17483,11,1,99,19,118,1,1,8.14539208185,0
pde_nominal,7,19011,0,0,75,0,75,1,0,6.58340599799,0
pde_nominal,0,17706,1,0,17,0,17,1,0,5.28889578463,0
pde_nominal,2,16600,6,0,172,0,172,1,0,8.93098075309,0
pde_nominal,8,16865,7,0,26,0,26,1,0,4.3107691579,0
pde_nominal,1,17481,2,0,65,0,65,1,0,5.6145803444,0
pde_nominal,8,16864,13,1,39,0,39,1,0,4.95952813905,0
pde_nominal,9,16743,8,1,45,0,45,1,0,7.07392658511,0
pde_nominal,5,17167,0,0,6,0,6,1,0,3.62974403174,0
pde_nominal,2,16597,7,0,22,0,22,1,0,8.74778510553,0
pde_nominal,1,17475,0,0,48,0,48,1,0,9.55990624328,0
pde_nominal,2,16595,5,0,85,0,82,1,0,5.67786766679,0
pde_nominal,1,17473,13,1,38,0,34,1,0,5.13679824183,0
pde_nominal,5,17161,6,0,12,0,12,1,0,3.50017271436,0
pde_nominal,8,16856,1,0,31,0,31,1,0,3.86894616759,0
pde_nominal,2,16594,14,1,54,0,54,1,0,4.8900190903,0
pde_nominal,7,19005,2,0,48,0,48,1,0,6.8417687992,0
pde_nominal,6,16298,15,1,151,0,146,1,0,10.4773350117,0
pde_nominal,2,16592,5,0,24,0,21,1,0,3.51337577836,0
pde_nominal,1,17472,15,1,154,0,148,1,0,11.0749307095,0
pde_nominal,0,17698,8,1,127,0,125,1,0,8.66132031656,0
pde_nominal,0,17696,14,1,60,0,60,1,0,9.17070070115,0
pde_nominal,7,18996,13,1,33,0,33,1,0,3.69288697889,0
pde_nominal,3,15938,11,1,19,0,19,1,0,6.71768278538,0
pde_nominal,8,16845,4,0,44,0,44,1,0,8.79303210228,0
pde_nominal,0,17682,11,1,65,0,65,1,0,4.54053088061,0
pde_nominal,7,18988,11,1,52,0,52,1,0,4.21577610863,0
pde_nominal,8,16842,11,1,128,0,121,1,0,6.9474807676,0
pde_nominal,8,16840,0,0,122,0,115,1,0,7.81527403294,0
pde_nominal,9,16713,2,0,187,0,177,1,0,10.0697905992,0
pde_nominal,5,18092,1,0,22,0,22,1,0,5.00499751274,0
pde_nominal,7,18976,15,1,68,0,68,1,0,7.64728565436,0
pde_nominal,7,19109,15,1,0,0,0,0,0,9.37025340689,0
pde_nominal,7,18975,6,0,48,0,48,1,0,5.61078485387,0
pde_nominal,7,18973,5,0,20,0,20,1,0,3.74334017145,0
pde_nominal,0,17672,8,1,37,0,22,1,0,4.29504377536,0
pde_nominal,1,17447,2,0,109,0,56,1,0,9.23970572703,0
pde_nominal,3,15915,15,1,7,0,7,1,0,5.60105817178,0
pde_nominal,5,17132,0,0,41,0,2,1,0,4.98694664999,0
pde_nominal,1,17442,15,1,25,0,1,1,0,4.94668561774,0
pde_nominal,5,17129,7,0,33,0,1,1,0,7.1146930478,0
pde_nominal,8,16823,0,0,38,0,38,1,0,3.9113915906,0
pde_nominal,0,17660,6,0,15,0,1,1,0,4.27973247545,0
pde_nominal,7,18953,4,0,48,0,48,1,0,4.22274087135,0
pde_nominal,3,15908,1,0,230,0,141,1,0,16.5704807288,0
pde_nominal,8,16814,10,1,4,0,0,1,0,9.61147736808,0
pde_nominal,2,16535,14,1,45,22,21,1,1,8.2821563486,0
pde_nominal,0,17652,0,0,32,0,32,1,0,6.32485540681,0
pde_nominal,9,16693,14,1,10,0,0,1,0,3.70161293106,0
pde_nominal,0,17649,5,0,42,0,30,1,0,8.29030850545,0
pde_nominal,5,17117,8,1,89,0,67,1,0,7.20486266262,0
pde_nominal,7,18945,1,0,85,0,85,1,0,9.04862186362,0
pde_nominal,5,17113,10,1,24,0,24,1,0,5.6036026541,0
pde_nominal,5,18093,10,1,0,0,0,0,0,5.85161398618,0
pde_nominal,9,16689,13,1,40,19,59,1,1,6.44299919136,0
pde_nominal,8,16800,11,1,31,0,31,1,0,9.86100470876,0
pde_nominal,0,17641,9,1,11,0,7,1,0,11.6597582965,0
pde_nominal,1,17421,4,0,27,0,17,1,0,7.04235067998,0
pde_nominal,7,18940,0,0,17,0,17,1,0,5.03056960222,0
pde_nominal,1,17418,12,1,18,0,18,1,0,4.23806243028,0
pde_nominal,9,16684,12,1,46,0,46,1,0,6.52865579719,0
pde_nominal,7,18939,15,1,68,0,68,1,0,5.69125639212,0
pde_nominal,3,15891,13,1,48,0,32,1,0,5.075894208,0
pde_nominal,1,17414,9,1,66,0,53,1,0,6.07497191252,0
pde_nominal,3,15886,3,0,105,0,104,1,0,14.1751128042,0
pde_nominal,2,16515,8,1,82,0,82,1,0,7.32421112226,0
pde_nominal,7,18933,9,1,36,0,36,1,0,3.70325026223,0
pde_nominal,8,16789,3,0,105,0,105,1,0,5.86546887539,0
pde_nominal,5,17090,15,1,46,0,46,1,0,4.1078804073,0
pde_nominal,8,16788,10,1,31,0,31,1,0,6.05164557421,0
pde_nominal,7,18927,11,1,31,0,31,1,0,3.23566955611,0
pde_nominal,9,16673,1,0,64,0,28,1,0,6.68126426488,0
pde_nominal,9,17602,10,1,46,0,32,1,0,4.46357949045,0
pde_nominal,7,18918,14,1,15,0,15,1,0,6.22542757461,0
pde_nominal,7,18916,12,1,41,0,41,1,0,4.63376542697,0
pde_nominal,9,16662,7,0,70,18,88,1,1,5.84392553368,0
pde_nominal,1,17399,2,0,57,0,2,1,0,4.79801099046,0
pde_nominal,8,16776,15,1,99,0,48,1,0,4.9955467666,0
pde_nominal,8,16775,7,0,31,0,6,1,0,3.90066943521,0
pde_nominal,2,16499,8,1,82,0,17,1,0,5.46187876854,0
pde_nominal,3,15867,4,0,80,0,80,1,0,4.08469519088,0
pde_nominal,5,17068,9,1,22,0,19,1,0,5.73009373518,0
pde_nominal,1,17392,3,0,41,0,27,1,0,5.79506502318,0
pde_nominal,0,17604,7,0,17,0,17,1,0,4.98977562615,0
pde_nominal,3,15862,6,0,68,0,68,1,0,4.91218760851,0
pde_nominal,5,17064,13,1,98,0,98,1,0,8.96246813179,0
pde_nominal,9,16647,9,1,12,0,12,1,0,2.80617649416,0
pde_nominal,1,17388,7,0,69,0,69,1,0,6.54651268071,0
pde_nominal,7,18906,7,0,251,0,251,1,0,11.9566942895,0
pde_nominal,9,16643,5,0,8,0,8,1,0,4.06184591729,0
pde_nominal,6,16226,13,1,53,0,46,1,0,9.96569103081,0
pde_nominal,9,16642,10,1,44,0,44,1,0,8.06393517949,0
pde_nominal,5,17055,0,0,74,0,60,1,0,6.66108956873,0
pde_nominal,7,18897,13,1,16,9,8,1,1,5.11650382681,0
pde_nominal,3,15840,4,0,41,0,11,1,0,6.26820507514,0
pde_nominal,3,15839,7,0,43,0,0,1,0,5.48941593638,0
pde_nominal,1,17374,0,0,41,0,0,1,0,5.5738207146,0
pde_nominal,0,17589,3,0,7,0,7,1,0,4.23707309926,0
pde_nominal,0,17586,10,1,14,0,14,1,0,4.32340286087,0
pde_nominal,9,16629,0,0,44,0,33,1,0,5.57116070497,0
pde_nominal,9,16625,15,1,51,0,45,1,0,4.04550296761,0
pde_nominal,1,17367,0,0,290,0,238,1,0,12.1826524917,0
pde_nominal,9,16623,10,1,25,18,43,1,1,4.973950334,0
pde_nominal,1,17364,4,0,46,0,46,1,0,5.38405233332,0
pde_nominal,5,17039,0,0,51,0,51,1,0,6.37306070593,0
pde_nominal,1,17363,2,0,92,0,92,1,0,4.69202072273,0
pde_nominal,1,18551,2,0,0,0,0,0,0,6.04103005425,0
pde_nominal,0,17571,6,0,141,0,141,1,0,9.33943873793,0
pde_nominal,1,17361,12,1,31,0,31,1,0,5.02355748539,0
pde_nominal,2,16457,13,1,24,0,24,1,0,3.71057694961,0
pde_nominal,9,16619,6,0,173,0,131,1,0,9.56431215525,0
pde_nominal,1,17358,12,1,45,0,16,1,0,5.95505359617,0
pde_nominal,1,17357,13,1,0,0,0,1,0,5.3685303431,0
pde_nominal,1,17352,6,0,40,0,20,1,0,7.4990101031,0
pde_nominal,9,16612,6,0,3,0,0,1,0,3.69851611259,0
pde_nominal,0,17557,14,1,9,0,0,1,0,3.55807055728,0
pde_nominal,1,17350,5,0,123,0,82,1,0,7.49829171049,0
pde_nominal,0,17551,13,1,36,0,36,1,0,4.01583373443,0
pde_nominal,6,16194,5,0,47,0,29,1,0,4.84832867524,0
pde_nominal,0,17546,1,0,6,0,6,1,0,10.4072843982,0
pde_nominal,6,16191,7,0,27,0,24,1,0,4.94843461985,0
pde_nominal,7,18863,5,0,5,0,5,1,0,3.29615433701,0
pde_nominal,8,16731,7,0,126,0,99,1,0,7.2742873826,0
pde_nominal,9,16600,4,0,19,0,19,1,0,4.3385023769,0
pde_nominal,1,17342,10,1,64,29,79,1,1,8.09940552941,0
pde_nominal,7,18858,11,1,12,0,12,1,0,6.36632923362,0
pde_nominal,5,17009,12,1,55,0,53,1,0,6.08148912319,0
pde_nominal,1,17339,5,0,85,0,74,1,0,9.09260660037,0
pde_nominal,5,17007,12,1,36,0,29,1,0,4.55980401276,0
pde_nominal,5,17006,9,1,45,0,38,1,0,3.14634487311,0
pde_nominal,8,16721,10,1,30,0,30,1,0,5.24657510276,0
pde_nominal,7,18849,13,1,30,0,30,1,0,6.78575252887,0
pde_nominal,9,16591,2,0,52,0,52,1,0,4.8047659751,0
pde_nominal,5,17000,12,1,82,0,82,1,0,7.40497608619,0
pde_nominal,2,16427,2,0,8,0,8,1,0,3.23897400099,0
pde_nominal,6,16172,10,1,26,17,43,1,1,6.2430825594,0
pde_nominal,1,18553,9,1,22,0,22,1,0,7.64350408364,0
pde_nominal,1,18554,9,1,0,0,0,0,0,12.6439674379,0
pde_nominal,3,15786,8,1,99,0,94,1,0,5.45654085984,0
pde_nominal,8,16712,7,0,4,0,4,1,0,12.70283743,0
pde_nominal,0,17522,9,1,51,0,51,1,0,4.88445633904,0
pde_nominal,0,17521,10,1,61,0,61,1,0,5.08455884926,0
pde_nominal,6,16166,0,0,66,0,66,1,0,4.87422412788,0
pde_nominal,7,18839,14,1,146,0,146,1,0,8.42376580459,0
pde_nominal,5,16991,12,1,51,0,51,1,0,8.25742720488,0
pde_nominal,7,18834,7,0,34,0,34,1,0,4.83893298341,0
pde_nominal,0,17508,2,0,54,0,54,1,0,4.28568734011,0
pde_nominal,3,15771,6,0,12,0,12,1,0,8.94692868442,0
pde_nominal,8,16701,8,1,6,0,6,1,0,4.35563083407,0
pde_nominal,9,16574,14,1,173,0,173,1,0,8.21879239196,0
pde_nominal,1,17309,2,0,77,0,77,1,0,5.24373940099,0
pde_nominal,7,18824,15,1,18,0,18,1,0,4.70787005235,0
pde_nominal,3,17790,0,0,5,0,1,1,0,5.51119833609,0
pde_nominal,1,17306,6,0,20,0,20,1,0,4.72389188529,0
pde_nominal,2,16403,13,1,21,0,19,1,0,4.54449026279,0
pde_nominal,0,17500,0,0,55,0,52,1,0,5.7502122787,0
pde_nominal,3,15752,10,1,41,0,41,1,0,5.99726236775,0
pde_nominal,8,16691,2,0,76,0,76,1,0,6.3654023813,0
pde_nominal,2,16394,1,0,63,0,63,1,0,4.2004758513,0
pde_nominal,8,16690,2,0,40,0,33,1,0,5.36620997303,0
pde_nominal,8,16689,4,0,14,0,14,1,0,3.12181313178,0
pde_nominal,0,17498,8,1,257,0,221,1,0,14.2707249194,0
pde_nominal,5,16972,7,0,8,0,8,1,0,7.17568308689,0
pde_nominal,0,17497,1,0,49,0,49,1,0,3.51377879314,0
pde_nominal,7,18811,3,0,101,0,101,1,0,8.84922088967,0
pde_nominal,8,16677,7,0,38,0,38,1,0,4.87337782829,0
pde_nominal,8,16676,15,1,53,0,26,1,0,6.24388760937,0
pde_nominal,5,16965,13,1,42,0,29,1,0,6.36232866302,0
pde_nominal,5,16963,10,1,9,0,1,1,0,4.31035612584,0
pde_nominal,0,17487,4,0,50,24,61,1,1,7.55012770818,0
pde_nominal,2,16381,11,1,3,0,0,1,0,6.83202812853,0
pde_nominal,3,15736,0,0,9,0,0,1,0,5.43096095478,0
pde_nominal,1,17280,15,1,16,0,0,1,0,3.69158585707,0
pde_nominal,2,16379,9,1,15,0,0,1,0,7.07762701608,0
pde_nominal,8,16671,14,1,32,0,0,1,0,5.30184910011,0
pde_nominal,8,16670,7,0,52,0,52,1,0,4.2055326065,0
pde_nominal,2,16375,4,0,23,0,23,1,0,7.96933646183,0
pde_nominal,2,16374,11,1,43,0,43,1,0,4.92675324603,0
pde_nominal,7,18790,1,0,38,0,38,1,0,9.83951167833,0
pde_nominal,5,16946,15,1,67,0,62,1,0,6.70723522173,0
pde_nominal,1,17270,1,0,69,0,46,1,0,7.18551968142,0
pde_nominal,3,15728,4,0,25,0,0,1,0,3.39486475634,0
pde_nominal,3,15726,5,0,21,0,9,1,0,7.10316389679,0
pde_nominal,5,16940,7,0,16,0,7,1,0,4.69225458855,0
pde_nominal,3,15725,13,1,33,0,12,1,0,4.93597824189,0
pde_nominal,9,16543,9,1,18,0,7,1,0,3.23069811148,0
pde_nominal,5,16935,0,0,15,0,15,1,0,4.16370654248,0
pde_nominal,1,17260,15,1,10,0,3,1,0,4.83605989407,0
pde_nominal,3,15720,8,1,31,0,1,1,0,4.04895152639,0
pde_nominal,0,17474,13,1,67,0,30,1,0,6.06182520804,0
pde_nominal,0,17472,9,1,32,0,22,1,0,3.98809785077,0
pde_nominal,1,17258,5,0,143,0,143,1,0,8.54317776461,0
pde_nominal,1,17257,11,1,8,0,8,1,0,3.07183721975,0
pde_nominal,9,16532,14,1,17,0,17,1,0,7.20613204748,0
pde_nominal,8,16649,9,1,35,0,35,1,0,3.57352313837,0
pde_nominal,5,16920,11,1,48,0,46,1,0,4.49402127318,0
pde_nominal,6,16087,13,1,21,0,8,1,0,6.54715781239,0
pde_nominal,0,17465,8,1,58,0,30,1,0,8.96454608447,0
pde_nominal,1,17253,1,0,22,0,8,1,0,3.35434110593,0
pde_nominal,5,16915,10,1,66,0,52,1,0,8.61810549949,0
pde_nominal,6,16081,3,0,6,0,0,1,0,4.25291629417,0
pde_nominal,3,15702,12,1,15,0,0,1,0,5.2762124382,0
pde_nominal,2,16351,11,1,39,0,1,1,0,7.73626090704,0
pde_nominal,0,17462,14,1,4,0,3,1,0,3.37327046776,0
pde_nominal,5,16906,11,1,27,0,17,1,0,11.2673376472,0
pde_nominal,9,16516,10,1,12,0,2,1,0,6.34259972331,0
pde_nominal,9,16515,13,1,4,0,0,1,0,7.15828129557,0
pde_nominal,9,16513,12,1,28,0,15,1,0,4.42380256234,0
pde_nominal,3,15699,14,1,0,0,0,1,0,3.57704095844,0
pde_nominal,6,16075,1,0,62,0,17,1,0,6.56868163831,0
pde_nominal,6,16073,9,1,40,16,1,1,1,5.95284024376,0
pde_nominal,8,16633,10,1,43,0,27,1,0,5.35585954599,0
pde_nominal,6,16070,15,1,41,0,24,1,0,4.64805115698,0
pde_nominal,0,17454,11,1,62,0,53,1,0,4.33295161717,0
pde_nominal,0,17452,2,0,56,0,54,1,0,7.64008679471,0
pde_nominal,9,16506,12,1,10,0,5,1,0,5.7377268599,0
pde_nominal,7,18750,5,0,70,0,70,1,0,4.95150458496,0
pde_nominal,9,16500,7,0,15,0,15,1,0,4.81840757293,0
pde_nominal,0,17449,1,0,127,0,127,1,0,8.18591518936,0
pde_nominal,0,17443,1,0,37,0,37,1,0,5.38296183896,0
pde_nominal,0,17441,8,1,2,0,0,1,0,4.01998094186,0
pde_nominal,2,16329,8,1,201,0,164,1,0,11.3509307979,0
pde_nominal,7,18738,3,0,28,0,28,1,0,6.04815883062,0
pde_nominal,2,16328,2,0,24,0,24,1,0,6.7449398485,0
pde_nominal,7,18736,7,0,44,0,44,1,0,5.22339955701,0
pde_nominal,3,15671,4,0,35,0,0,1,0,6.41997292161,0
pde_nominal,3,15670,9,1,24,0,0,1,0,3.72613489649,0
pde_nominal,1,17214,8,1,10,0,10,1,0,6.10321082191,0
pde_nominal,3,15664,14,1,58,0,58,1,0,4.0853702672,0
pde_nominal,8,16607,1,0,39,0,39,1,0,8.14341584623,0
pde_nominal,5,16864,10,1,96,0,96,1,0,6.9793384146,0
pde_nominal,1,17209,6,0,21,0,21,1,0,4.3693798485,0
pde_nominal,3,15661,8,1,29,0,29,1,0,4.57379751407,0
pde_nominal,0,17431,1,0,70,0,70,1,0,4.25916037464,0
pde_nominal,3,15658,15,1,33,0,28,1,0,4.49514799365,0
pde_nominal,7,18723,7,0,24,0,24,1,0,7.56201734302,0
pde_nominal,2,16307,0,0,25,0,22,1,0,9.98146335636,0
pde_nominal,7,18719,14,1,42,0,42,1,0,4.86642868703,0
pde_nominal,3,15651,5,0,38,0,38,1,0,4.97965726559,0
pde_nominal,2,16304,12,1,106,0,106,1,0,7.14865277367,0
pde_nominal,8,16591,0,0,62,0,62,1,0,4.26571173694,0
pde_nominal,3,15649,8,1,76,20,83,1,1,9.42514417914,0
pde_nominal,6,16033,6,0,76,0,55,1,0,4.31005309527,0
pde_nominal,9,16463,9,1,31,0,16,1,0,4.83628726489,0
pde_nominal,0,17411,4,0,26,0,3,1,0,4.18335675289,0
pde_nominal,8,16572,2,0,29,0,12,1,0,3.94779107444,0
pde_nominal,9,16461,15,1,20,0,10,1,0,4.34826035971,0
pde_nominal,1,17187,1,0,14,0,14,1,0,5.63932386132,0
pde_nominal,8,16566,10,1,90,0,90,1,0,3.99386062176,0
pde_nominal,9,16452,8,1,14,0,14,1,0,6.53714220457,0
pde_nominal,2,16284,15,1,32,0,32,1,0,4.67152660383,0
pde_nominal,6,16018,14,1,86,0,86,1,0,3.54630785588,0
pde_nominal,8,16563,9,1,114,0,114,1,0,5.58217858072,0
pde_nominal,0,17400,5,0,14,0,14,1,0,12.3461594527,0
pde_nominal,0,17399,8,1,16,0,16,1,0,5.68356308792,0
pde_nominal,3,15632,8,1,148,0,148,1,0,7.77099421705,0
pde_nominal,0,17398,15,1,30,0,30,1,0,4.13766778718,0
pde_nominal,8,16555,9,1,46,0,46,1,0,4.56927422968,0
pde_nominal,5,16831,6,0,20,0,20,1,0,4.69050379969,0
pde_nominal,1,17173,11,1,61,0,61,1,0,4.91923051348,0
pde_nominal,7,18704,4,0,162,0,162,1,0,8.06393244152,0
pde_nominal,7,18703,12,1,33,0,33,1,0,3.54373942857,0
pde_nominal,2,16273,8,1,50,15,50,1,1,4.26483864298,0
pde_nominal,3,15623,3,0,109,0,95,1,0,4.22750017415,0
pde_nominal,1,17170,8,1,116,0,99,1,0,6.98155005489,0
pde_nominal,1,18557,5,0,40,0,38,1,0,12.4988223464,0
pde_nominal,0,17385,13,1,44,0,39,1,0,4.95353328882,0
pde_nominal,7,18697,8,1,16,0,16,1,0,8.05700609012,0
pde_nominal,9,16434,7,0,50,30,78,1,1,7.12146226754,0
pde_nominal,2,16270,14,1,220,0,206,1,0,11.4384469449,0
pde_nominal,7,18694,8,1,62,0,62,1,0,4.56485044852,0
pde_nominal,7,18693,8,1,46,0,46,1,0,6.10015764712,0
pde_nominal,5,16820,13,1,76,0,76,1,0,5.40886994612,0
pde_nominal,5,16814,6,0,48,0,48,1,0,4.99476465406,0
pde_nominal,3,15607,3,0,15,0,15,1,0,4.44546219009,0
pde_nominal,9,16418,11,1,6,0,4,1,0,4.17208505436,0
pde_nominal,8,16536,2,0,28,0,10,1,0,4.00281086184,0
pde_nominal,1,17158,7,0,59,0,22,1,0,9.15629268847,0
pde_nominal,8,16534,10,1,27,0,0,1,0,6.73990086467,0
pde_nominal,6,15994,3,0,67,0,11,1,0,5.54989437297,0
pde_nominal,9,17605,4,0,158,0,73,1,0,14.1966518845,0
pde_nominal,3,15596,10,1,29,0,26,1,0,4.90768513106,0
pde_nominal,3,15594,12,1,18,0,3,1,0,5.90461530615,0
pde_nominal,5,16796,11,1,43,0,13,1,0,5.53863174954,0
pde_nominal,5,16793,4,0,16,0,16,1,0,3.22926545675,0
pde_nominal,9,16413,5,0,57,0,24,1,0,6.44116033297,0
pde_nominal,7,18671,6,0,9,0,9,1,0,3.4332499852,0
pde_nominal,5,16785,10,1,43,0,11,1,0,8.87450003472,0
pde_nominal,9,16412,0,0,55,0,20,1,0,5.70180566914,0
pde_nominal,5,16783,14,1,49,0,28,1,0,15.105733867,0
pde_nominal,2,16247,13,1,96,0,44,1,0,6.84451537397,0
pde_nominal,2,16244,8,1,8,0,6,1,0,5.85922544443,0
pde_nominal,5,16779,7,0,15,0,15,1,0,4.19394007272,0
pde_nominal,0,17354,12,1,30,0,30,1,0,7.41610568546,0
pde_nominal,6,15980,7,0,161,0,160,1,0,6.75968384549,0
pde_nominal,8,16519,15,1,54,0,54,1,0,3.55530058495,0
pde_nominal,0,17350,15,1,61,0,61,1,0,5.60038995477,0
pde_nominal,1,17133,1,0,10,0,6,1,0,3.16599429349,0
pde_nominal,0,17348,9,1,13,0,1,1,0,5.31812457125,0
pde_nominal,2,16236,6,0,35,0,13,1,0,7.71946636937,0
pde_nominal,5,16764,11,1,24,0,24,1,0,4.28389100745,0
pde_nominal,5,16763,9,1,28,0,20,1,0,3.07452586212,0
pde_nominal,0,17343,5,0,78,0,60,1,0,6.86592733559,0
pde_nominal,7,18651,10,1,54,0,54,1,0,6.3200707754,0
pde_nominal,2,16226,4,0,32,0,32,1,0,3.82042424297,0
pde_nominal,6,15959,15,1,46,0,27,1,0,3.81883864517,0
pde_nominal,2,16222,12,1,30,0,17,1,0,6.02358290975,0
pde_nominal,2,16219,6,0,28,0,28,1,0,8.18739588504,0
pde_nominal,7,18641,11,1,71,0,71,1,0,4.6816187535,0
pde_nominal,9,16385,10,1,4,0,4,1,0,11.855897127,0
pde_nominal,1,17115,11,1,14,0,14,1,0,4.4329243808,0
pde_nominal,7,18636,0,0,5,0,5,1,0,5.95935355486,0
pde_nominal,8,16501,6,0,84,0,60,1,0,6.21124712643,0
pde_nominal,5,16738,12,1,10,0,0,1,0,9.90936317594,0
pde_nominal,1,17110,6,0,49,0,49,1,0,6.55683989564,0
pde_nominal,7,18628,2,0,70,0,70,1,0,5.60996755263,0
pde_nominal,7,18626,1,0,49,0,49,1,0,4.61751701772,0
pde_nominal,8,16489,0,0,66,0,45,1,0,5.11805368512,0
pde_nominal,5,16735,12,1,261,0,235,1,0,13.8253513946,0
pde_nominal,1,17103,15,1,17,0,0,1,0,3.36423353098,0
pde_nominal,1,17102,1,0,3,0,0,1,0,2.93174029929,0
pde_nominal,3,17795,0,0,46,0,0,1,0,17.3629021171,0
pde_nominal,7,18616,6,0,22,0,22,1,0,6.33232047996,0
pde_nominal,9,16368,9,1,52,0,52,1,0,9.36415703891,0
pde_nominal,5,16724,5,0,41,0,41,1,0,3.91637484201,0
pde_nominal,0,17306,8,1,1,0,1,1,0,6.75617085053,0
pde_nominal,8,16483,13,1,130,0,98,1,0,7.25617835593,0
pde_nominal,3,15541,13,1,24,0,8,1,0,3.72805422766,0
pde_nominal,8,16481,5,0,9,0,0,1,0,2.83518849572,0
pde_nominal,9,16365,9,1,62,0,25,1,0,9.95208830319,0
pde_nominal,3,15539,2,0,19,0,8,1,0,4.81522940183,0
pde_nominal,0,17299,13,1,25,0,25,1,0,4.54974930492,0
pde_nominal,3,15530,6,0,79,0,79,1,0,4.30148244986,0
pde_nominal,7,18604,6,0,60,0,60,1,0,4.20111356137,0
pde_nominal,7,18603,3,0,36,0,36,1,0,4.0707546628,0
pde_nominal,1,17078,13,1,59,0,52,1,0,4.41513861122,0
pde_nominal,7,18599,5,0,153,0,153,1,0,7.48349909924,0
pde_nominal,7,18598,9,1,28,9,15,1,1,7.65986010281,0
pde_nominal,5,16715,13,1,120,44,144,1,1,7.77329989278,0
pde_nominal,9,16349,13,1,10,0,10,1,0,3.77081745661,0
pde_nominal,6,15923,4,0,86,0,83,1,0,3.60417911265,0
pde_nominal,8,16469,4,0,62,0,40,1,0,5.07638882238,0
pde_nominal,9,16345,4,0,23,0,0,1,0,5.40488402393,0
pde_nominal,0,17286,3,0,21,0,21,1,0,3.68362964334,0
pde_nominal,7,18593,0,0,73,0,73,1,0,13.0536191764,0
pde_nominal,0,17285,4,0,50,0,50,1,0,3.82475784274,0
pde_nominal,9,16338,2,0,9,0,2,1,0,4.84345911938,0
pde_nominal,0,17281,5,0,43,0,30,1,0,7.27485242459,0
pde_nominal,0,17280,10,1,21,0,21,1,0,5.65131013368,0
pde_nominal,7,18589,3,0,38,0,38,1,0,6.0569597242,0
pde_nominal,0,17275,15,1,9,0,9,1,0,4.19160701344,0
pde_nominal,8,16455,7,0,39,0,3,1,0,3.82196874611,0
pde_nominal,6,18913,5,0,68,0,30,1,0,12.5878771005,0
pde_nominal,8,16452,9,1,51,0,51,1,0,5.24515326897,0
pde_nominal,7,18581,11,1,54,0,54,1,0,6.42154062383,0
pde_nominal,7,18576,7,0,12,0,12,1,0,3.92378363747,0
pde_nominal,8,16444,6,0,137,0,113,1,0,6.35250210365,0
pde_nominal,0,17256,2,0,50,0,50,1,0,6.66086534037,0
pde_nominal,2,16166,6,0,39,0,39,1,0,5.4893654407,0
pde_nominal,3,15499,13,1,53,0,50,1,0,3.39746830671,0
pde_nominal,8,16439,4,0,23,0,23,1,0,6.78244583563,0
pde_nominal,1,17031,6,0,7,0,5,1,0,5.55551006476,0
pde_nominal,0,17246,7,0,56,0,21,1,0,7.3078495993,0
pde_nominal,0,17245,4,0,3,0,0,1,0,6.57330775668,0
pde_nominal,3,15491,14,1,64,0,12,1,0,4.25809933188,0
pde_nominal,2,16158,3,0,9,0,0,1,0,6.85119058309,0
pde_nominal,6,18889,5,0,31,0,16,1,0,5.05516155313,0
pde_nominal,1,17024,12,1,90,0,57,1,0,6.39874563351,0
pde_nominal,5,16676,11,1,58,0,51,1,0,5.44193128895,0
pde_nominal,7,18558,7,0,38,0,38,1,0,6.64440107008,0
pde_nominal,3,15486,1,0,88,0,77,1,0,4.6130563576,0
pde_nominal,8,16433,5,0,15,0,11,1,0,4.0939756936,0
pde_nominal,0,17239,0,0,50,0,38,1,0,4.38913336573,0
pde_nominal,2,16148,11,1,48,0,31,1,0,4.18037889007,0
pde_nominal,3,15485,4,0,68,0,50,1,0,4.03880031349,0
pde_nominal,6,18879,7,0,14,0,14,1,0,4.76130701718,0
pde_nominal,8,16428,14,1,74,0,74,1,0,5.96536922523,0
pde_nominal,6,18875,6,0,51,0,51,1,0,4.50555795706,0
pde_nominal,5,16666,9,1,80,0,80,1,0,11.1555782849,0
pde_nominal,8,16427,11,1,29,19,48,1,1,7.15809991877,0
pde_nominal,7,18549,9,1,10,0,10,1,0,5.0526514681,0
pde_nominal,7,18548,15,1,8,0,8,1,0,3.47029672179,0
pde_nominal,6,18869,2,0,3,0,3,1,0,2.88127044866,0
pde_nominal,2,16143,6,0,284,0,284,1,0,12.2321653226,0
pde_nominal,5,16657,1,0,18,0,18,1,0,8.18606411717,0
pde_nominal,1,17000,0,0,3,0,0,1,0,4.92830406833,0
pde_nominal,1,16999,10,1,11,0,1,1,0,2.93236328263,0
pde_nominal,2,16137,10,1,20,0,9,1,0,3.83226877358,0
pde_nominal,3,15474,12,1,62,0,44,1,0,4.76321563893,0
pde_nominal,2,16134,9,1,19,4,13,1,1,5.53521636543,0
pde_nominal,1,16998,1,0,124,0,89,1,0,20.6766588617,0
pde_nominal,6,18863,3,0,43,0,14,1,0,4.21082254396,0
pde_nominal,9,16272,14,1,4,0,3,1,0,4.87241230807,0
pde_nominal,3,15468,0,0,87,0,60,1,0,4.86131852078,0
pde_nominal,9,16271,7,0,42,0,37,1,0,5.54177311967,0
pde_nominal,3,15465,13,1,46,0,33,1,0,3.24112484429,0
pde_nominal,2,16130,1,0,67,0,51,1,0,5.56691072081,0
pde_nominal,3,15464,3,0,45,0,21,1,0,3.41304933723,0
pde_nominal,9,16266,3,0,1,0,1,1,0,5.03722963176,0
pde_nominal,0,17206,14,1,31,0,31,1,0,4.40338545278,0
pde_nominal,7,18529,12,1,33,0,33,1,0,4.44177295588,0
pde_nominal,9,16256,4,0,20,0,0,1,0,2.95470670519,0
pde_nominal,9,16255,5,0,34,0,34,1,0,2.8166506327,0
pde_nominal,8,16402,7,0,40,0,40,1,0,5.14710092728,0
pde_nominal,1,16982,2,0,13,0,13,1,0,3.92894459773,0
pde_nominal,7,18521,1,0,46,0,46,1,0,3.29017670385,0
pde_nominal,2,16117,13,1,78,0,64,1,0,5.59100100621,0
pde_nominal,7,18515,14,1,31,0,31,1,0,3.45341040025,0
pde_nominal,5,16633,6,0,2,0,1,1,0,3.60627401469,0
pde_nominal,6,18841,11,1,93,0,80,1,0,8.29990279424,0
pde_nominal,8,16393,12,1,32,0,32,1,0,3.97993309676,0
pde_nominal,7,18508,2,0,73,0,73,1,0,5.73222396269,0
pde_nominal,8,16391,5,0,25,0,0,1,0,3.76440147556,0
pde_nominal,6,18836,9,1,63,0,60,1,0,4.97277397216,0
pde_nominal,9,18273,13,1,16,0,16,1,0,5.36356557467,0
pde_nominal,1,16966,8,1,88,0,88,1,0,3.71241169343,0
pde_nominal,9,18271,5,0,55,0,55,1,0,5.56574198628,0
pde_nominal,8,16384,12,1,170,0,156,1,0,7.63791218949,0
pde_nominal,2,16104,13,1,199,0,186,1,0,8.17964112307,0
pde_nominal,7,18501,12,1,67,0,67,1,0,5.11302296644,0
pde_nominal,6,18825,0,0,11,0,0,1,0,8.13538395134,0
pde_nominal,6,18824,10,1,13,0,8,1,0,4.01955589033,0
pde_nominal,5,16617,15,1,156,0,88,1,0,8.82865951215,0
pde_nominal,9,18266,10,1,71,0,15,1,0,6.90850127138,0
pde_nominal,1,16959,3,0,42,0,15,1,0,10.4851697037,0
pde_nominal,7,18497,1,0,52,0,52,1,0,10.8052835592,0
pde_nominal,5,16610,12,1,34,0,18,1,0,4.60521855478,0
pde_nominal,6,18820,13,1,95,0,58,1,0,6.85039845202,0
pde_nominal,1,16958,6,0,76,0,49,1,0,4.9054645404,0
pde_nominal,8,16377,7,0,110,0,71,1,0,6.83119336859,0
pde_nominal,8,16375,9,1,45,0,45,1,0,3.43195089299,0
pde_nominal,8,16374,14,1,39,0,39,1,0,6.1623740368,0
pde_nominal,5,16608,11,1,19,0,19,1,0,3.30853139123,0
pde_nominal,8,16372,0,0,28,0,28,1,0,4.15994448607,0
pde_nominal,7,18494,13,1,70,0,70,1,0,5.35884092452,0
pde_nominal,2,16092,1,0,25,0,23,1,0,7.1754267954,0
pde_nominal,3,19415,10,1,27,0,27,1,0,5.36009934796,0
pde_nominal,0,17170,8,1,75,0,67,1,0,6.69026422172,0
pde_nominal,5,16607,1,0,130,47,158,1,1,10.8098191092,0
pde_nominal,9,18254,12,1,126,0,102,1,0,6.19925187713,0
pde_nominal,9,18252,3,0,25,0,25,1,0,6.57012870574,0
pde_nominal,9,18251,15,1,40,0,40,1,0,5.22674658451,0
pde_nominal,0,17169,2,0,103,0,81,1,0,8.25470387988,0
pde_nominal,6,18812,14,1,27,0,19,1,0,4.87634434375,0
pde_nominal,3,19405,8,1,49,0,30,1,0,3.73671115072,0
pde_nominal,2,16081,0,0,34,0,13,1,0,5.54706935977,0
pde_nominal,9,18247,11,1,20,0,0,1,0,4.66076383453,0
pde_nominal,5,16601,2,0,117,0,67,1,0,9.5294680999,0
pde_nominal,0,17166,14,1,9,0,0,1,0,5.62575547761,0
pde_nominal,1,16950,4,0,36,0,24,1,0,9.88492680298,0
pde_nominal,7,18484,3,0,20,0,20,1,0,5.73416950294,0
pde_nominal,6,18802,15,1,8,0,4,1,0,4.52686253481,0
pde_nominal,0,17162,0,0,23,0,10,1,0,5.01535767517,0
pde_nominal,9,18243,10,1,182,0,130,1,0,8.709780653,0
pde_nominal,8,16356,8,1,48,0,11,1,0,4.45314321587,0
pde_nominal,2,16068,10,1,81,0,80,1,0,6.46049020798,0
pde_nominal,9,18237,3,0,22,0,22,1,0,3.93085878836,0
pde_nominal,1,16932,9,1,20,0,20,1,0,11.0655383582,0
pde_nominal,5,16582,6,0,64,0,50,1,0,5.22310256895,0
pde_nominal,0,17152,7,0,94,0,53,1,0,5.17383856213,0
pde_nominal,1,16929,6,0,126,0,126,1,0,5.92969971324,0
pde_nominal,7,18459,12,1,47,0,47,1,0,6.86091979543,0
pde_nominal,2,16061,13,1,47,0,22,1,0,7.97240444557,0
pde_nominal,1,16926,3,0,3,0,0,1,0,5.12313248029,0
pde_nominal,2,16056,6,0,74,0,74,1,0,4.25877803229,0
pde_nominal,3,19374,3,0,117,57,169,1,1,10.9603420281,0
pde_nominal,1,16921,6,0,75,0,75,1,0,5.02121332546,0
pde_nominal,7,18447,4,0,27,0,27,1,0,4.67872948819,0
pde_nominal,1,16920,7,0,13,0,13,1,0,7.16566905657,0
pde_nominal,9,18217,12,1,43,0,43,1,0,4.17940934912,0
pde_nominal,5,16570,6,0,103,23,120,1,1,10.5746771539,0
pde_nominal,8,16326,3,0,48,0,48,1,0,5.72180838986,0
pde_nominal,0,17136,3,0,48,0,48,1,0,8.03947313663,0
pde_nominal,3,19366,12,1,64,0,64,1,0,14.9040907844,0
pde_nominal,0,17134,3,0,67,0,67,1,0,6.67846229977,0
pde_nominal,0,17133,4,0,19,0,19,1,0,6.1831170319,0
pde_nominal,5,16567,1,0,65,0,65,1,0,5.6688570856,0
pde_nominal,8,16320,1,0,28,0,28,1,0,5.47741226059,0
pde_nominal,1,16911,5,0,47,0,39,1,0,4.34142007821,0
pde_nominal,5,16564,3,0,36,0,10,1,0,3.98186064103,0
pde_nominal,6,18771,10,1,3,0,0,1,0,3.12329906683,0
pde_nominal,8,16316,12,1,5,0,2,1,0,5.80138347792,0
pde_nominal,3,19356,13,1,12,0,3,1,0,6.19778661477,0
pde_nominal,1,16907,8,1,62,0,14,1,0,6.57996528487,0
pde_nominal,9,18203,11,1,28,0,8,1,0,4.4547018572,0
pde_nominal,2,16040,6,0,36,0,36,1,0,3.45236943295,0
pde_nominal,8,16309,5,0,13,0,13,1,0,7.37072861969,0
pde_nominal,2,16038,13,1,101,0,101,1,0,8.29217384248,0
pde_nominal,2,16036,11,1,44,0,44,1,0,3.57234813012,0
pde_nominal,7,18432,12,1,89,0,89,1,0,6.45658245386,0
pde_nominal,6,18759,7,0,15,0,7,1,0,9.07325739444,0
pde_nominal,9,18196,5,0,29,0,22,1,0,5.03107880767,0
pde_nominal,5,16555,9,1,20,0,0,1,0,5.74182666443,0
pde_nominal,0,17123,4,0,6,0,6,1,0,3.86579279476,0
pde_nominal,0,17122,14,1,68,0,68,1,0,7.3170663449,0
pde_nominal,7,18422,2,0,33,0,33,1,0,3.91299273425,0
pde_nominal,6,18756,1,0,29,0,29,1,0,4.6034913691,0
pde_nominal,0,17120,11,1,11,0,11,1,0,4.26051522416,0
pde_nominal,6,18754,15,1,59,0,59,1,0,7.19574621823,0
pde_nominal,9,18186,8,1,5,0,5,1,0,5.54859000322,0
pde_nominal,2,16028,6,0,1,0,1,1,0,3.46012521213,0
pde_nominal,7,18417,1,0,20,0,20,1,0,3.43306459325,0
pde_nominal,8,16297,15,1,13,0,9,1,0,3.51934283501,0
pde_nominal,0,17117,5,0,86,0,64,1,0,8.68984623808,0
pde_nominal,6,18749,12,1,39,0,34,1,0,4.94358950577,0
pde_nominal,8,16296,1,0,59,0,49,1,0,9.23820793682,0
pde_nominal,9,18181,6,0,9,0,9,1,0,4.66305953632,0
pde_nominal,0,17113,10,1,85,0,85,1,0,4.38853550042,0
pde_nominal,7,18414,0,0,171,0,171,1,0,8.26511251078,0
pde_nominal,3,19344,1,0,61,0,60,1,0,4.56840041245,0
pde_nominal,6,18746,8,1,45,0,35,1,0,5.66159030528,0
pde_nominal,5,16545,4,0,9,0,0,1,0,6.55119122372,0
pde_nominal,3,19342,14,1,7,0,1,1,0,3.59264926721,0
pde_nominal,6,18742,1,0,9,0,6,1,0,3.59059193998,0
pde_nominal,7,18408,9,1,85,0,85,1,0,4.08718723569,0
pde_nominal,7,18406,15,1,29,0,29,1,0,4.8091545825,0
pde_nominal,7,18404,8,1,0,17,0,1,1,6.50174669625,0
pde_nominal,0,17102,13,1,36,0,20,1,0,5.17051345165,0
pde_nominal,3,19332,11,1,6,0,0,1,0,4.49334887127,0
pde_nominal,5,16532,1,0,22,0,0,1,0,7.6439480456,0
pde_nominal,1,16862,8,1,14,0,0,1,0,4.12251335096,0
pde_nominal,9,18159,0,0,85,0,4,1,0,6.34999587652,0
pde_nominal,6,18730,6,0,11,0,11,1,0,5.00241683044,0
pde_nominal,5,16528,11,1,18,0,16,1,0,9.01013695228,0
pde_nominal,7,18396,9,1,59,0,59,1,0,4.69777152132,0
pde_nominal,6,18724,14,1,5,0,5,1,0,4.30080014018,0
pde_nominal,6,18721,1,0,14,0,14,1,0,3.50255419461,0
pde_nominal,2,16009,1,0,60,0,60,1,0,4.42131338497,0
pde_nominal,1,16856,14,1,42,0,42,1,0,7.60784594409,0
pde_nominal,9,18148,5,0,31,0,26,1,0,7.21741965448,0
pde_nominal,6,18718,5,0,24,0,11,1,0,8.73969267087,0
pde_nominal,9,18143,5,0,37,0,27,1,0,3.03244643934,0
pde_nominal,5,16518,6,0,15,0,15,1,0,5.29864138067,0
pde_nominal,2,16007,5,0,157,0,114,1,0,8.3598668698,0
pde_nominal,6,18711,5,0,53,0,53,1,0,7.56173803464,0
pde_nominal,9,18139,6,0,5,0,5,1,0,5.26710819663,0
pde_nominal,0,18309,7,0,0,0,0,1,0,7.63630930983,0
pde_nominal,7,18378,0,0,31,0,31,1,0,4.22787907446,0
pde_nominal,7,18374,4,0,11,0,11,1,0,6.69316410318,0
pde_nominal,1,16848,1,0,93,0,93,1,0,6.37765904474,0
pde_nominal,0,17068,13,1,18,0,10,1,0,3.20878330651,0
pde_nominal,8,16253,3,0,108,0,83,1,0,5.88201094281,0
pde_nominal,2,15997,4,0,38,0,15,1,0,3.25639221088,0
pde_nominal,0,17067,8,1,36,0,18,1,0,4.7092718621,0
pde_nominal,7,18369,13,1,34,19,22,1,1,4.54867405411,0
pde_nominal,8,16252,6,0,99,0,39,1,0,7.77420763695,0
pde_nominal,3,19303,2,0,56,0,3,1,0,4.89360382969,0
pde_nominal,3,19301,5,0,1,0,1,1,0,4.90781940211,0
pde_nominal,5,16500,12,1,17,0,3,1,0,7.46707053992,0
pde_nominal,9,18125,11,1,36,0,0,1,0,6.40927177091,0
pde_nominal,9,18124,2,0,19,0,0,1,0,5.27868134382,0
pde_nominal,7,18362,2,0,15,0,15,1,0,3.27786618707,0
pde_nominal,6,18697,0,0,52,0,40,1,0,4.41518775813,0
pde_nominal,3,19292,14,1,76,0,76,1,0,4.52271904311,0
pde_nominal,1,16834,11,1,78,0,78,1,0,6.32261622124,0
pde_nominal,8,16241,4,0,51,0,49,1,0,8.38403463935,0
pde_nominal,3,19435,14,1,26,0,0,1,0,7.19151944355,0
pde_nominal,5,16492,5,0,89,0,49,1,0,7.04873672233,0
pde_nominal,1,16827,6,0,4,0,4,1,0,3.49123057418,0
pde_nominal,3,19286,11,1,67,0,67,1,0,6.15535653213,0
pde_nominal,1,16823,4,0,4,0,4,1,0,9.02785477888,0
pde_nominal,5,16483,10,1,42,0,42,1,0,8.03164247661,0
pde_nominal,3,19284,11,1,4,0,1,1,0,3.39319059023,0
pde_nominal,1,16821,11,1,33,0,15,1,0,6.90311591129,0
pde_nominal,5,16479,14,1,14,0,0,1,0,7.56545027184,0
pde_nominal,8,16230,10,1,12,0,0,1,0,9.2582886709,0
pde_nominal,6,18681,11,1,1,0,0,1,0,5.20949090022,0
pde_nominal,7,18344,12,1,29,0,29,1,0,6.84383868507,0
pde_nominal,2,15977,14,1,55,0,38,1,0,3.81163052288,0
pde_nominal,7,18343,2,0,8,0,8,1,0,3.82216649727,0
pde_nominal,0,17041,0,0,5,0,0,1,0,6.73351802669,0
pde_nominal,0,17040,0,0,0,0,0,1,0,3.35280131491,0
pde_nominal,5,16474,9,1,6,0,0,1,0,4.3609377988,0
pde_nominal,6,18675,7,0,20,0,0,1,0,3.56313830629,0
pde_nominal,5,16470,11,1,23,0,7,1,0,4.24737890633,0
pde_nominal,0,17036,7,0,93,0,54,1,0,6.2771127847,0
pde_nominal,2,15973,6,0,105,21,94,1,1,6.90292048106,0
pde_nominal,5,16461,15,1,73,0,70,1,0,3.82493761344,0
pde_nominal,9,18103,12,1,16,0,16,1,0,8.16130517417,0
pde_nominal,0,17030,15,1,98,0,98,1,0,6.31996457513,0
pde_nominal,7,18338,0,0,25,0,25,1,0,3.19294716801,0
pde_nominal,1,16809,11,1,22,0,22,1,0,4.14060652282,0
pde_nominal,2,15968,14,1,36,9,45,1,1,5.38519162783,0
pde_nominal,7,18334,2,0,52,21,37,1,1,5.81463636294,0
pde_nominal,2,15964,5,0,97,0,64,1,0,7.2094764185,0
pde_nominal,7,18332,3,0,5,0,5,1,0,6.34841044784,0
pde_nominal,3,19267,2,0,4,0,4,1,0,3.51939907553,0
pde_nominal,1,16799,1,0,47,0,46,1,0,7.55783601526,0
pde_nominal,7,18329,11,1,9,0,9,1,0,3.63976886586,0
pde_nominal,6,18655,9,1,37,0,31,1,0,5.83318825325,0
pde_nominal,0,17014,15,1,107,0,105,1,0,6.10063211679,0
pde_nominal,0,17013,13,1,15,0,15,1,0,4.86071071415,0
pde_nominal,8,16213,13,1,112,0,108,1,0,9.81833945155,0
pde_nominal,9,18090,8,1,209,0,206,1,0,13.2088069022,0
pde_nominal,7,18326,11,1,91,0,91,1,0,7.33311515013,0
pde_nominal,5,16437,4,0,114,0,97,1,0,5.35885250285,0
pde_nominal,2,15957,10,1,28,0,0,1,0,4.5802898472,0
pde_nominal,2,15955,7,0,147,0,147,1,0,6.98539452461,0
pde_nominal,8,16202,9,1,60,0,60,1,0,5.57830310712,0
pde_nominal,1,16792,15,1,79,38,117,1,1,7.14446999059,0
pde_nominal,2,15952,8,1,58,0,45,1,0,5.63916725039,0
pde_nominal,9,18080,13,1,47,0,47,1,0,4.09881235994,0
pde_nominal,5,16424,12,1,47,0,26,1,0,4.5633854256,0
pde_nominal,6,18639,4,0,107,0,80,1,0,9.5820915777,0
pde_nominal,9,18078,1,0,30,0,30,1,0,4.41100827879,0
pde_nominal,3,19256,15,1,65,0,65,1,0,4.17452875907,0
pde_nominal,8,16189,4,0,11,0,11,1,0,5.41233676186,0
pde_nominal,9,18072,14,1,44,0,29,1,0,6.93406887569,0
pde_nominal,6,18632,12,1,16,0,16,1,0,4.9932024402,0
pde_nominal,1,16781,10,1,81,0,67,1,0,12.0362537069,0
pde_nominal,7,18303,10,1,24,0,24,1,0,3.60882996206,0
pde_nominal,7,18298,9,1,27,0,27,1,0,5.02557221944,0
pde_nominal,5,16412,1,0,58,0,41,1,0,3.47870766865,0
pde_nominal,1,16775,11,1,125,61,173,1,1,10.1782673646,0
pde_nominal,5,16407,11,1,84,0,84,1,0,4.1875751752,0
pde_nominal,9,18059,8,1,92,38,131,1,1,8.81091935703,0
pde_nominal,1,16765,7,0,15,0,15,1,0,4.29772253353,0
pde_nominal,8,16169,7,0,36,0,36,1,0,3.65985694271,0
pde_nominal,1,16764,11,1,158,0,158,1,0,8.09422293373,0
pde_nominal,2,15921,0,0,90,0,90,1,0,6.36925970639,0
pde_nominal,7,18293,3,0,529,0,529,1,0,23.3556967134,0
pde_nominal,6,18612,2,0,9,0,9,1,0,3.66034250972,0
pde_nominal,0,16976,11,1,67,0,60,1,0,10.0651886094,0
pde_nominal,3,19237,10,1,71,0,65,1,0,5.36266335168,0
pde_nominal,5,16393,7,0,308,0,298,1,0,12.9587306479,0
pde_nominal,0,16975,9,1,14,0,13,1,0,5.789403747,0
pde_nominal,8,16158,6,0,50,0,50,1,0,7.28150783056,0
pde_nominal,2,15918,11,1,5,0,0,1,0,3.50144692256,0
pde_nominal,1,16754,13,1,20,8,11,1,1,7.41291240561,0
pde_nominal,3,19231,15,1,86,0,86,1,0,8.33123112922,0
pde_nominal,5,16383,9,1,108,0,108,1,0,5.84886164023,0
pde_nominal,6,18598,3,0,28,0,28,1,0,3.38249849543,0
pde_nominal,6,18596,13,1,50,0,42,1,0,6.49548128502,0
pde_nominal,1,16744,1,0,11,0,11,1,0,3.58812711813,0
pde_nominal,8,16154,4,0,13,0,13,1,0,11.2145114923,0
pde_nominal,0,16959,7,0,16,0,1,1,0,6.9556036158,0
pde_nominal,3,19222,8,1,13,0,0,1,0,4.73883565767,0
pde_nominal,2,15909,9,1,5,0,0,1,0,5.05912264355,0
pde_nominal,6,18594,10,1,17,0,4,1,0,7.07637542802,0
pde_nominal,1,16737,12,1,8,0,1,1,0,2.79998785875,0
pde_nominal,9,18031,3,0,45,0,2,1,0,9.3712794942,0
pde_nominal,2,15904,5,0,36,0,7,1,0,3.66725653336,0
pde_nominal,3,19216,0,0,22,0,22,1,0,4.11599933724,0
pde_nominal,6,18588,11,1,39,0,39,1,0,4.98501734249,0
pde_nominal,0,16952,14,1,8,0,8,1,0,3.7710586419,0
pde_nominal,7,18269,3,0,90,0,90,1,0,6.99835576084,0
pde_nominal,2,15897,4,0,1,0,0,1,0,3.68760748666,0
pde_nominal,8,16139,3,0,8,0,4,1,0,6.21571714736,0
pde_nominal,6,18587,1,0,65,0,60,1,0,5.18968172472,0
pde_nominal,7,18266,12,1,57,0,57,1,0,4.44685112199,0
pde_nominal,6,18582,9,1,9,0,1,1,0,4.45406166848,0
pde_nominal,1,16718,6,0,10,0,10,1,0,5.30788201242,0
pde_nominal,2,15889,11,1,7,0,7,1,0,3.6090951413,0
pde_nominal,3,19204,2,0,17,0,10,1,0,5.70279542744,0
pde_nominal,6,18576,15,1,49,0,29,1,0,5.50626240231,0
pde_nominal,0,16949,7,0,296,0,176,1,0,20.1270369484,0
pde_nominal,0,16947,10,1,77,0,49,1,0,7.28563388623,0
pde_nominal,5,18538,3,0,14,0,14,1,0,3.83462941482,0
pde_nominal,0,16945,13,1,40,0,40,1,0,4.16907714422,0
pde_nominal,6,18568,15,1,77,0,77,1,0,5.35194735623,0
pde_nominal,0,16944,10,1,35,0,35,1,0,4.96930059492,0
pde_nominal,9,18012,10,1,23,0,20,1,0,6.42315922575,0
pde_nominal,2,15875,13,1,73,0,44,1,0,8.85281070717,0
pde_nominal,5,18535,0,0,53,0,42,1,0,7.4091949574,0
pde_nominal,7,18235,8,1,30,0,30,1,0,6.66495432275,0
pde_nominal,1,16702,14,1,55,0,49,1,0,8.90877037796,0
pde_nominal,5,18534,8,1,34,0,34,1,0,7.63370084915,0
pde_nominal,0,16936,10,1,37,0,37,1,0,4.40004127592,0
pde_nominal,2,15872,4,0,9,0,9,1,0,3.61741922015,0
pde_nominal,0,16933,5,0,71,0,71,1,0,8.26439052331,0
pde_nominal,3,19177,4,0,27,0,27,1,0,3.23971836403,0
pde_nominal,1,16698,7,0,4,0,4,1,0,3.65758759582,0
pde_nominal,2,15869,15,1,22,0,0,1,0,8.73594701112,0
pde_nominal,8,16103,7,0,20,0,0,1,0,9.56291604248,0
pde_nominal,3,19174,15,1,48,0,41,1,0,5.46638029719,0
pde_nominal,5,18522,4,0,67,0,67,1,0,10.7584632817,0
pde_nominal,8,16097,1,0,55,0,55,1,0,5.67936095646,0
pde_nominal,8,16093,6,0,41,0,36,1,0,7.71761048706,0
pde_nominal,5,18519,6,0,14,0,3,1,0,5.25888154087,0
pde_nominal,6,18546,13,1,16,0,3,1,0,3.48500869367,0
pde_nominal,1,16677,0,0,19,0,19,1,0,3.63268348668,0
pde_nominal,9,17978,15,1,72,0,61,1,0,5.55197438786,0
pde_nominal,3,19166,3,0,57,13,67,1,1,5.76371879369,0
pde_nominal,2,15849,7,0,60,0,60,1,0,4.79424372647,0
pde_nominal,8,16086,11,1,158,0,142,1,0,9.22573281847,0
pde_nominal,1,16668,0,0,15,0,15,1,0,9.03400835746,0
pde_nominal,0,16912,11,1,24,0,24,1,0,7.19875163681,0
pde_nominal,3,19161,2,0,107,0,107,1,0,5.32401833878,0
pde_nominal,9,17972,0,0,9,0,6,1,0,4.04701975113,0
pde_nominal,8,16079,15,1,10,0,1,1,0,4.81766981954,0
pde_nominal,1,16666,7,0,27,0,12,1,0,3.37581642317,0
pde_nominal,1,16665,15,1,26,0,15,1,0,7.12633629878,0
pde_nominal,5,18511,13,1,6,0,0,1,0,7.93947025598,0
pde_nominal,9,17967,10,1,2,0,0,1,0,5.19614647948,0
pde_nominal,9,17966,0,0,19,0,14,1,0,4.52657446056,0
pde_nominal,2,15838,2,0,32,0,31,1,0,4.13886607872,0
pde_nominal,6,18525,6,0,18,0,11,1,0,3.64724434008,0
pde_nominal,3,19148,9,1,17,0,10,1,0,5.54487756766,0
pde_nominal,6,18523,14,1,28,0,11,1,0,3.22067888242,0
pde_nominal,7,18198,14,1,23,0,23,1,0,3.6175256828,0
pde_nominal,2,15829,14,1,18,0,3,1,0,6.57888641636,0
pde_nominal,8,18507,5,0,15,0,0,1,0,18.0814752379,0
pde_nominal,8,16068,15,1,11,0,9,1,0,7.28979043159,0
pde_nominal,1,16657,10,1,80,0,34,1,0,12.4980234701,0
pde_nominal,5,18492,14,1,11,0,7,1,0,13.421232765,0
pde_nominal,3,19134,15,1,5,0,0,1,0,5.38339701903,0
pde_nominal,1,16648,14,1,28,0,28,1,0,5.10082813305,0
pde_nominal,2,15816,3,0,12,0,12,1,0,3.51816724344,0
pde_nominal,6,18508,13,1,10,0,10,1,0,3.97106361093,0
pde_nominal,3,19127,14,1,13,0,6,1,0,3.85878662992,0
pde_nominal,3,19126,0,0,41,0,27,1,0,5.07683345872,0
pde_nominal,7,18179,14,1,50,0,50,1,0,5.00239317309,0
pde_nominal,5,18484,9,1,16,0,14,1,0,4.33961878664,0
pde_nominal,6,18503,14,1,34,0,17,1,0,6.06519988222,0
pde_nominal,2,15811,15,1,56,0,41,1,0,6.78901011594,0
pde_nominal,8,16054,2,0,109,0,56,1,0,8.67507178283,0
pde_nominal,9,17935,10,1,11,0,11,1,0,3.84658581668,0
pde_nominal,5,18477,6,0,39,0,39,1,0,3.33080031552,0
pde_nominal,8,16051,8,1,24,0,22,1,0,6.8362404301,0
pde_nominal,6,18494,7,0,10,0,6,1,0,5.1244173245,0
pde_nominal,7,18165,13,1,34,0,34,1,0,8.52486429926,0
pde_nominal,0,16870,14,1,1,0,0,1,0,3.00065213908,0
pde_nominal,3,19114,14,1,51,0,16,1,0,6.45998861121,0
pde_nominal,5,18468,2,0,67,0,33,1,0,6.28724890325,0
pde_nominal,1,16627,4,0,91,0,60,1,0,5.74665615502,0
pde_nominal,7,18150,3,0,25,0,25,1,0,3.30722064431,0
pde_nominal,7,18149,0,0,34,0,34,1,0,5.19240445822,0
pde_nominal,7,18147,2,0,11,0,11,1,0,8.35149531671,0
pde_nominal,8,16033,9,1,74,0,48,1,0,5.32811560616,0
pde_nominal,9,17913,5,0,70,25,54,1,1,8.28441644552,0
pde_nominal,1,16620,5,0,16,0,0,1,0,4.3046003111,0
pde_nominal,3,19097,9,1,19,0,2,1,0,5.0740481658,0
pde_nominal,6,18481,12,1,72,0,49,1,0,11.0618569787,0
pde_nominal,8,16029,13,1,8,0,8,1,0,3.7482048567,0
pde_nominal,2,18233,3,0,77,0,66,1,0,6.81685423066,0
pde_nominal,3,19095,4,0,73,0,72,1,0,7.12238058546,0
pde_nominal,7,18141,6,0,82,0,82,1,0,6.11257077337,0
pde_nominal,8,16028,8,1,91,0,83,1,0,7.50789828351,0
pde_nominal,1,16616,9,1,72,0,68,1,0,10.4717937277,0
pde_nominal,6,18477,15,1,30,0,27,1,0,4.65495504784,0
pde_nominal,9,17906,11,1,11,0,11,1,0,2.97586618564,0
pde_nominal,1,16607,5,0,40,26,47,1,1,9.6613789809,0
pde_nominal,6,18468,13,1,122,0,84,1,0,5.95691188388,0
pde_nominal,0,16840,6,0,36,0,36,1,0,4.15497164474,0
pde_nominal,6,18467,15,1,13,0,13,1,0,5.58387634397,0
pde_nominal,2,15773,14,1,109,0,102,1,0,10.9581530811,0
pde_nominal,7,18132,7,0,120,0,120,1,0,6.14108755603,0
pde_nominal,9,17900,1,0,44,0,44,1,0,5.99258913066,0
pde_nominal,3,19081,4,0,10,0,9,1,0,3.65616498912,0
pde_nominal,7,18122,3,0,20,0,20,1,0,5.14899357392,0
pde_nominal,9,17891,7,0,11,0,11,1,0,6.6502113986,0
pde_nominal,0,16831,10,1,57,0,57,1,0,3.39404443234,0
pde_nominal,3,19072,8,1,42,0,42,1,0,5.30749952271,0
pde_nominal,3,19071,15,1,29,0,27,1,0,4.4717119532,0
pde_nominal,2,15760,10,1,83,0,70,1,0,5.38694443436,0
pde_nominal,9,17888,12,1,77,0,57,1,0,5.1402199715,0
pde_nominal,0,16826,6,0,54,0,47,1,0,3.27355747886,0
pde_nominal,1,16584,7,0,15,0,0,1,0,3.70983329328,0
pde_nominal,9,17887,10,1,39,0,3,1,0,6.43961033566,0
pde_nominal,2,15758,14,1,9,0,0,1,0,3.59359171342,0
pde_nominal,2,15757,3,0,14,0,0,1,0,7.13236452876,0
pde_nominal,6,18447,6,0,11,0,0,1,0,4.616531132,0
pde_nominal,1,16578,3,0,22,0,6,1,0,3.83099189891,0
pde_nominal,2,15755,0,0,48,0,6,1,0,4.51818888112,0
pde_nominal,9,17884,15,1,52,0,8,1,0,8.16216980732,0
pde_nominal,6,18440,13,1,15,0,0,1,0,8.01443494976,0
pde_nominal,8,15998,11,1,29,0,29,1,0,4.60308570447,0
pde_nominal,9,17874,13,1,22,0,22,1,0,8.00794859529,0
pde_nominal,1,16560,0,0,20,0,20,1,0,3.97082739967,0
pde_nominal,2,15745,13,1,26,0,20,1,0,3.80494564402,0
pde_nominal,6,18428,4,0,37,12,31,1,1,5.41193169033,0
pde_nominal,5,18404,8,1,40,0,7,1,0,4.13000886029,0
pde_nominal,9,17869,3,0,6,0,2,1,0,5.33639850771,0
pde_nominal,5,18403,1,0,40,0,11,1,0,5.54539173672,0
pde_nominal,2,15740,14,1,73,0,69,1,0,4.84776008673,0
pde_nominal,0,16807,12,1,52,0,40,1,0,3.28186562661,0
pde_nominal,3,19044,15,1,22,0,17,1,0,4.40970023982,0
pde_nominal,5,18399,11,1,54,0,54,1,0,6.72795483565,0
pde_nominal,2,15734,12,1,87,0,78,1,0,12.7618223136,0
pde_nominal,1,16544,8,1,5,0,5,1,0,3.70291217854,0
pde_nominal,0,16803,12,1,79,0,79,1,0,3.88270654188,0
pde_nominal,7,18089,9,1,93,0,93,1,0,6.34357823626,0
pde_nominal,1,16536,13,1,42,0,42,1,0,4.89704279456,0
pde_nominal,7,18087,2,0,72,0,72,1,0,5.91481050062,0
pde_nominal,9,17851,3,0,15,0,0,1,0,4.21382753315,0
pde_nominal,9,17848,3,0,133,0,69,1,0,10.0378946856,0
pde_nominal,2,15712,7,0,67,0,44,1,0,3.90208351713,0
pde_nominal,1,16520,3,0,9,0,5,1,0,5.86000296744,0
pde_nominal,5,18367,7,0,14,0,5,1,0,8.94139928287,0
pde_nominal,1,16518,8,1,14,0,5,1,0,3.54329840077,0
pde_nominal,5,18365,14,1,30,0,13,1,0,3.84326835275,0
pde_nominal,1,16514,12,1,27,0,23,1,0,4.88424272077,0
pde_nominal,3,19008,3,0,49,0,49,1,0,4.26706657346,0
pde_nominal,0,16780,3,0,63,0,54,1,0,3.51366989875,0
pde_nominal,6,18403,12,1,143,0,111,1,0,6.93298886679,0
pde_nominal,7,18064,1,0,35,0,35,1,0,5.70105100781,0
pde_nominal,9,17838,10,1,26,0,26,1,0,3.29882944506,0
pde_nominal,3,19002,5,0,62,0,57,1,0,7.77083269177,0
pde_nominal,1,16507,13,1,25,0,25,1,0,11.9927318492,0
pde_nominal,9,17837,9,1,41,0,39,1,0,5.65273771736,0
pde_nominal,9,17836,14,1,7,0,7,1,0,3.74671907943,0
pde_nominal,1,16503,11,1,43,0,4,1,0,7.88983435227,0
pde_nominal,9,17828,13,1,56,0,56,1,0,5.08738971733,0
pde_nominal,1,16500,1,0,12,0,12,1,0,6.0288026329,0
pde_nominal,2,15700,8,1,93,0,64,1,0,10.0486772026,0
pde_nominal,5,18551,5,0,50,0,27,1,0,10.3972287418,0
pde_nominal,1,16498,2,0,157,0,97,1,0,9.37838149842,0
pde_nominal,3,18997,3,0,24,0,24,1,0,4.30484870719,0
pde_nominal,7,18050,5,0,48,0,48,1,0,7.85721147383,0
pde_nominal,9,17826,14,1,87,20,93,1,1,6.43599751235,0
pde_nominal,7,19118,8,1,77,0,77,1,0,8.35093540732,0
pde_nominal,2,15693,0,0,53,0,44,1,0,5.83761463519,0
pde_nominal,8,15929,10,1,11,0,11,1,0,3.95163430953,0
pde_nominal,2,15688,12,1,12,0,12,1,0,6.56945798759,0
pde_nominal,7,18045,5,0,62,0,62,1,0,5.04524203784,0
pde_nominal,2,15687,3,0,13,0,13,1,0,4.00894193292,0
pde_nominal,7,18044,7,0,56,0,56,1,0,4.93232654344,0
pde_nominal,1,16489,9,1,57,0,57,1,0,3.39769258976,0
pde_nominal,5,18344,9,1,42,0,35,1,0,6.25614207585,0
pde_nominal,0,16764,9,1,66,0,57,1,0,4.08551820041,0
pde_nominal,2,15685,4,0,56,0,51,1,0,3.7288523682,0
pde_nominal,9,17820,3,0,35,0,35,1,0,4.39395618997,0
pde_nominal,7,18041,3,0,34,0,34,1,0,5.851397185,0
pde_nominal,6,18384,15,1,9,0,9,1,0,3.70365866908,0
pde_nominal,8,15912,2,0,2,0,2,1,0,4.65459720052,0
pde_nominal,6,18383,8,1,57,0,57,1,0,5.57306212994,0
pde_nominal,9,17812,15,1,58,24,82,1,1,5.28039209556,0
pde_nominal,8,15904,11,1,54,15,39,1,1,10.3278986129,0
pde_nominal,2,15665,5,0,75,0,25,1,0,5.31688253307,0
pde_nominal,5,18331,8,1,45,0,38,1,0,5.11653032217,0
pde_nominal,7,18023,1,0,11,20,4,1,1,5.82047617877,0
pde_nominal,3,18971,7,0,32,0,12,1,0,7.93253123297,0
pde_nominal,6,18373,1,0,1,0,0,1,0,3.17008544243,0
pde_nominal,1,16473,12,1,6,0,0,1,0,3.86370509486,0
pde_nominal,3,18966,13,1,4,0,1,1,0,6.14635183703,0
pde_nominal,9,17790,7,0,58,0,24,1,0,6.29256645076,0
pde_nominal,5,18324,15,1,28,0,12,1,0,5.84381847958,0
pde_nominal,8,15893,13,1,199,0,117,1,0,12.0221431876,0
pde_nominal,9,17786,14,1,41,0,32,1,0,4.08757254818,0
pde_nominal,6,18364,3,0,20,0,14,1,0,6.75957815474,0
pde_nominal,3,18956,9,1,31,0,12,1,0,4.46149503608,0
pde_nominal,5,18315,6,0,20,0,20,1,0,6.80597882032,0
pde_nominal,9,17780,0,0,71,0,66,1,0,7.1166917609,0
pde_nominal,8,15887,13,1,203,0,154,1,0,17.8059390032,0
pde_nominal,8,15886,1,0,38,0,38,1,0,5.08576098949,0
pde_nominal,0,18596,4,0,6,0,6,1,0,3.08054016454,0
pde_nominal,8,15883,0,0,39,0,39,1,0,3.88533075318,0
pde_nominal,6,18356,0,0,7,0,7,1,0,4.00605525213,0
pde_nominal,0,18590,4,0,31,0,31,1,0,4.68113674659,0
pde_nominal,5,18308,6,0,19,0,19,1,0,7.53668415428,0
pde_nominal,8,15880,0,0,139,0,139,1,0,7.22166670778,0
pde_nominal,3,18949,12,1,46,0,46,1,0,5.57198829978,0
pde_nominal,6,18925,15,1,96,0,96,1,0,10.916597492,0
pde_nominal,6,18926,15,1,0,0,0,0,0,13.1506840547,0
pde_nominal,5,18304,10,1,9,0,9,1,0,7.02402252121,0
pde_nominal,3,18948,9,1,37,0,37,1,0,4.47758245594,0
pde_nominal,8,15879,0,0,82,0,61,1,0,7.88240045322,0
pde_nominal,6,18352,13,1,30,0,6,1,0,6.10509143271,0
pde_nominal,7,17997,13,1,16,14,1,1,1,5.0631228173,0
pde_nominal,5,18303,11,1,62,0,37,1,0,4.19030367882,0
pde_nominal,0,18588,2,0,97,0,71,1,0,5.37339899651,0
pde_nominal,7,17995,11,1,66,0,66,1,0,4.88994425123,0
pde_nominal,8,15876,11,1,94,0,94,1,0,7.78134205632,0
pde_nominal,5,18298,13,1,14,0,8,1,0,4.52110308274,0
pde_nominal,9,17764,3,0,24,0,22,1,0,4.94838000518,0
pde_nominal,8,15869,0,0,77,0,58,1,0,6.35846076022,0
pde_nominal,5,18292,8,1,48,0,31,1,0,5.64178588603,0
pde_nominal,6,18336,1,0,45,0,24,1,0,4.4187112045,0
pde_nominal,6,18927,1,0,0,0,0,0,0,7.04859271904,0
pde_nominal,0,18582,0,0,33,18,43,1,1,11.7761787216,0
pde_nominal,7,17986,6,0,15,0,15,1,0,3.05993467519,0
pde_nominal,9,17759,9,1,86,0,86,1,0,9.94135315285,0
pde_nominal,9,17757,0,0,52,0,52,1,0,8.47527182045,0
pde_nominal,0,18575,4,0,82,0,82,1,0,4.27722655452,0
pde_nominal,3,18929,10,1,30,0,30,1,0,4.20668531813,0
pde_nominal,0,18574,5,0,50,0,50,1,0,3.7946719239,0
pde_nominal,6,18322,11,1,38,0,38,1,0,8.65615442999,0
pde_nominal,5,18278,15,1,45,0,45,1,0,4.0249689195,0
pde_nominal,1,16438,5,0,77,0,69,1,0,5.11856881065,0
pde_nominal,8,15859,0,0,50,0,39,1,0,7.28692551107,0
pde_nominal,9,17753,0,0,55,0,36,1,0,6.17859586732,0
pde_nominal,2,15626,7,0,48,0,44,1,0,3.24296460184,0
pde_nominal,7,17975,5,0,78,0,78,1,0,5.1476759472,0
pde_nominal,0,18567,11,1,26,15,26,1,1,5.07113859085,0
pde_nominal,3,18921,1,0,38,0,19,1,0,4.56661144587,0
pde_nominal,5,18270,14,1,19,0,10,1,0,5.74797404696,0
pde_nominal,1,16427,9,1,53,0,20,1,0,5.18118390424,0
pde_nominal,7,17969,2,0,23,0,23,1,0,3.2026645097,0
pde_nominal,0,18565,13,1,46,0,26,1,0,4.85764547169,0
pde_nominal,5,18264,2,0,91,0,63,1,0,7.13846787381,0
pde_nominal,2,15607,2,0,79,0,79,1,0,3.72145392649,0
pde_nominal,0,18561,15,1,47,0,47,1,0,5.3322711546,0
pde_nominal,0,18600,15,1,0,0,0,0,0,6.92542061764,0
pde_nominal,1,16423,14,1,60,0,60,1,0,4.92569931368,0
pde_nominal,6,18309,8,1,28,0,28,1,0,4.97174303286,0
pde_nominal,3,18907,9,1,28,0,28,1,0,4.58911341144,0
pde_nominal,8,15844,8,1,84,0,84,1,0,4.42979869339,0
pde_nominal,2,15603,9,1,132,0,132,1,0,5.49102866758,0
pde_nominal,5,18257,15,1,51,0,51,1,0,5.99700322225,0
pde_nominal,6,18304,8,1,49,0,49,1,0,7.69653942117,0
pde_nominal,7,17960,12,1,49,0,49,1,0,5.01930435528,0
pde_nominal,6,18302,2,0,44,0,36,1,0,4.05014688564,0
pde_nominal,5,18255,1,0,9,0,1,1,0,5.2966838713,0
pde_nominal,0,18540,10,1,35,0,35,1,0,5.35617824208,0
pde_nominal,3,18899,12,1,68,0,54,1,0,5.35739017421,0
pde_nominal,7,17953,4,0,94,0,94,1,0,5.79970022471,0
pde_nominal,6,18296,9,1,31,0,29,1,0,6.25751963027,0
pde_nominal,9,17728,15,1,13,0,13,1,0,6.74104597461,0
pde_nominal,0,18535,1,0,30,0,24,1,0,4.98465710696,0
pde_nominal,8,15828,10,1,22,0,17,1,0,5.0431453841,0
pde_nominal,1,16409,15,1,64,0,46,1,0,4.48294668801,0
pde_nominal,9,17718,7,0,20,0,20,1,0,7.19538527846,0
pde_nominal,1,16406,3,0,20,0,20,1,0,5.591407932,0
pde_nominal,0,18531,15,1,46,0,46,1,0,4.19523117655,0
pde_nominal,3,18888,7,0,73,0,3,1,0,7.22133165518,0
pde_nominal,6,18271,3,0,31,0,10,1,0,4.94157473078,0
pde_nominal,3,18884,10,1,42,0,12,1,0,4.44484037908,0
pde_nominal,9,17704,4,0,20,17,37,1,1,6.34421302833,0
pde_nominal,3,18881,2,0,44,0,36,1,0,5.3735688697,0
pde_nominal,0,18519,1,0,19,0,15,1,0,3.34943216264,0
pde_nominal,6,18265,11,1,85,0,76,1,0,7.76420732562,0
pde_nominal,6,18264,13,1,23,0,21,1,0,6.62443289762,0
pde_nominal,0,18518,15,1,49,0,45,1,0,4.48654076146,0
pde_nominal,0,18517,15,1,31,0,24,1,0,5.40028456204,0
pde_nominal,9,17703,12,1,120,0,105,1,0,7.89985345087,0
pde_nominal,3,18875,12,1,17,0,12,1,0,3.56427499504,0
pde_nominal,2,18583,9,1,74,23,89,1,1,9.77585086028,0
pde_nominal,0,18505,9,1,8,0,6,1,0,3.95864097387,0
pde_nominal,0,18503,9,1,14,0,1,1,0,5.09367948392,0
pde_nominal,0,18502,13,1,10,0,0,1,0,4.73103119446,0
pde_nominal,5,18221,12,1,124,0,17,1,0,10.8500408961,0
pde_nominal,1,16374,6,0,53,0,9,1,0,5.53226235973,0
pde_nominal,8,15797,11,1,106,0,19,1,0,8.28829339427,0
pde_nominal,8,18513,11,1,0,0,0,0,0,9.0286506242,0
pde_nominal,2,18577,14,1,87,0,62,1,0,19.6859818761,0
pde_nominal,8,15786,12,1,23,0,23,1,0,4.14653239269,0
pde_nominal,8,15784,3,0,63,0,48,1,0,4.62664845468,0
pde_nominal,2,18572,5,0,107,0,85,1,0,6.76689782508,0
pde_nominal,8,15781,14,1,38,0,10,1,0,6.37951627607,0
pde_nominal,9,18282,5,0,28,0,28,1,0,8.83536000493,0
pde_nominal,3,18852,9,1,14,0,14,1,0,3.99802294321,0
pde_nominal,5,18217,3,0,359,0,312,1,0,15.1554036432,0
pde_nominal,8,15778,1,0,105,0,105,1,0,5.25719496503,0
pde_nominal,1,16350,5,0,33,0,33,1,0,3.06220364117,0
pde_nominal,0,18483,3,0,163,0,163,1,0,7.71230509446,0
pde_nominal,8,15777,6,0,31,0,31,1,0,4.39000363564,0
pde_nominal,3,18849,6,0,34,0,34,1,0,4.27785660915,0
pde_nominal,2,18566,3,0,95,0,95,1,0,5.07601152366,0
pde_nominal,2,18565,9,1,33,0,33,1,0,4.57759896414,0
pde_nominal,8,15775,1,0,17,0,17,1,0,4.74921510454,0
pde_nominal,3,18848,4,0,59,0,59,1,0,7.86087168348,0
pde_nominal,9,17664,0,0,31,0,31,1,0,5.100236799,0
pde_nominal,3,18846,9,1,32,16,32,1,1,6.15431679483,0
pde_nominal,3,19439,9,1,0,0,0,0,0,8.06541063368,0
pde_nominal,7,17915,13,1,15,0,15,1,0,2.94851724597,0
pde_nominal,8,15774,14,1,209,0,167,1,0,12.8638829408,0
pde_nominal,3,18842,10,1,40,0,33,1,0,13.176658983,0
pde_nominal,2,18555,7,0,18,0,16,1,0,6.5261885304,0
pde_nominal,8,15769,15,1,4,0,1,1,0,3.98679531136,0
pde_nominal,3,18838,8,1,11,0,5,1,0,5.74586260214,0
pde_nominal,6,18224,3,0,37,0,28,1,0,3.87099010722,0
pde_nominal,3,18835,13,1,62,0,54,1,0,3.95147205587,0
pde_nominal,5,18200,15,1,39,0,26,1,0,5.04644847161,0
pde_nominal,8,15762,14,1,20,0,14,1,0,6.96876494343,0
pde_nominal,3,18830,8,1,7,0,4,1,0,3.53380523352,0
pde_nominal,3,18824,10,1,13,0,13,1,0,12.7086142402,0
pde_nominal,1,16306,3,0,4,0,4,1,0,3.29132507999,0
pde_nominal,7,17894,13,1,13,0,13,1,0,4.77141515934,0
pde_nominal,9,17645,13,1,166,0,134,1,0,10.042082739,0
pde_nominal,9,17644,5,0,39,0,9,1,0,3.09060442637,0
pde_nominal,7,17887,8,1,21,0,21,1,0,6.49758520975,0
pde_nominal,3,18816,1,0,49,0,41,1,0,5.90063125955,0
pde_nominal,1,19931,8,1,36,24,58,1,1,5.85201385262,0
pde_nominal,8,15738,11,1,25,0,25,1,0,6.09840771749,0
pde_nominal,3,18811,3,0,57,31,85,1,1,9.99831636812,0
pde_nominal,5,18172,2,0,37,0,37,1,0,4.98038659567,0
pde_nominal,7,17874,2,0,122,0,122,1,0,8.98883861117,0
pde_nominal,2,18522,11,1,126,34,159,1,1,10.3554151553,0
pde_nominal,9,18863,9,1,5,0,1,1,0,9.42098338792,0
pde_nominal,3,18806,2,0,25,0,0,1,0,4.04363885607,0
pde_nominal,0,18436,9,1,30,0,11,1,0,4.22016818785,0
pde_nominal,7,17869,15,1,54,0,54,1,0,4.98180020317,0
pde_nominal,7,17868,13,1,56,0,56,1,0,6.24895537963,0
pde_nominal,1,19920,4,0,42,23,63,1,1,7.13367432201,0
pde_nominal,5,18158,2,0,5,0,4,1,0,3.85783893166,0
pde_nominal,7,17867,9,1,110,30,93,1,1,7.30543214516,0
pde_nominal,0,18427,13,1,19,0,19,1,0,5.73420233744,0
pde_nominal,5,18145,12,1,77,0,75,1,0,5.45807277271,0
pde_nominal,2,18501,3,0,38,0,31,1,0,5.99107036993,0
pde_nominal,6,18172,6,0,20,0,20,1,0,3.81355323349,0
pde_nominal,5,18141,15,1,40,0,39,1,0,7.19116290727,0
pde_nominal,2,18496,8,1,81,0,80,1,0,7.30756410668,0
pde_nominal,7,17849,6,0,13,0,13,1,0,6.62200199811,0
pde_nominal,7,17848,1,0,37,0,37,1,0,5.15898301954,0
pde_nominal,9,18834,2,0,72,0,70,1,0,6.31776664722,0
pde_nominal,0,18413,1,0,74,0,74,1,0,5.33966818301,0
pde_nominal,8,15703,1,0,14,0,10,1,0,3.99553648475,0
pde_nominal,2,18493,10,1,34,0,1,1,0,7.34679439652,0
pde_nominal,2,18612,10,1,0,0,0,0,0,10.753803357,0
pde_nominal,8,15702,3,0,34,22,22,1,1,7.83387251997,0
pde_nominal,7,17845,10,1,37,0,37,1,0,5.91051072363,0
pde_nominal,5,18132,9,1,6,0,6,1,0,3.53913474244,0
pde_nominal,5,18126,4,0,6,0,6,1,0,5.7943179548,0
pde_nominal,8,15697,12,1,56,0,56,1,0,5.00161680238,0
pde_nominal,6,18153,1,0,38,0,38,1,0,4.19666609159,0
pde_nominal,1,19900,13,1,47,0,46,1,0,8.5197735037,0
pde_nominal,8,15694,10,1,20,0,20,1,0,3.3191747422,0
pde_nominal,2,18479,14,1,39,0,39,1,0,5.25514167546,0
pde_nominal,1,19932,1,0,25,0,25,1,0,10.2799755439,0
pde_nominal,2,18477,3,0,25,20,38,1,1,8.33006632748,0
pde_nominal,3,18760,13,1,9,0,0,1,0,4.57933062615,0
pde_nominal,7,17828,9,1,7,0,7,1,0,3.89767232034,0
pde_nominal,1,19886,1,0,16,0,7,1,0,6.26670559534,0
pde_nominal,6,18140,12,1,21,0,11,1,0,6.16225254372,0
pde_nominal,3,18753,4,0,13,0,9,1,0,4.74907530723,0
pde_nominal,7,17826,1,0,37,0,37,1,0,11.8407684056,0
pde_nominal,6,18139,9,1,76,0,74,1,0,4.49235536892,0
pde_nominal,2,18613,1,0,23,0,23,1,0,9.32716055165,0
pde_nominal,8,18515,7,0,49,0,14,1,0,6.2508932773,0
pde_nominal,0,18389,8,1,18,0,15,1,0,3.6538190479,0
pde_nominal,6,18136,9,1,30,0,17,1,0,3.82437514975,0
pde_nominal,1,19877,1,0,114,0,114,1,0,6.34898872176,0
pde_nominal,2,18462,6,0,52,0,52,1,0,4.23231229405,0
pde_nominal,3,18740,15,1,9,0,9,1,0,3.56711292693,0
pde_nominal,0,18383,4,0,49,0,49,1,0,5.48195783972,0
pde_nominal,1,19871,4,0,19,0,13,1,0,3.39588079844,0
pde_nominal,1,19865,0,0,61,17,41,1,1,7.93736213243,0
pde_nominal,8,15660,2,0,10,0,6,1,0,3.267209458,0
pde_nominal,3,18732,8,1,55,0,26,1,0,7.64747111834,0
pde_nominal,9,18793,5,0,78,0,47,1,0,6.20845332827,0
pde_nominal,2,18456,5,0,8,0,8,1,0,3.89851982574,0
pde_nominal,8,15658,7,0,51,9,58,1,1,6.3913557101,0
pde_nominal,9,18790,14,1,43,0,42,1,0,3.49923687644,0
pde_nominal,6,18117,15,1,19,0,19,1,0,4.33056089895,0
pde_nominal,8,15656,10,1,50,0,46,1,0,6.81899320155,0
pde_nominal,7,17794,3,0,16,0,16,1,0,3.99263802407,0
pde_nominal,2,18450,5,0,36,0,0,1,0,4.15384843122,0
pde_nominal,1,19853,14,1,68,0,53,1,0,4.51178284401,0
pde_nominal,3,18724,11,1,74,0,62,1,0,8.56528258631,0
pde_nominal,7,17785,1,0,41,0,41,1,0,4.76012654482,0
pde_nominal,8,15647,11,1,30,21,51,1,1,12.483882307,0
pde_nominal,0,18371,10,1,244,0,176,1,0,15.262159361,0
pde_nominal,9,18779,9,1,25,0,25,1,0,4.03276433291,0
pde_nominal,7,17783,15,1,10,0,10,1,0,3.80607378839,0
pde_nominal,0,18369,8,1,18,8,24,1,1,6.40255631171,0
pde_nominal,6,18099,7,0,4,0,4,1,0,4.43716570503,0
pde_nominal,1,19849,12,1,52,0,37,1,0,10.1561718564,0
pde_nominal,1,19848,7,0,9,0,0,1,0,4.12991935577,0
pde_nominal,3,18717,9,1,65,0,35,1,0,5.2001400432,0
pde_nominal,8,15640,13,1,40,0,35,1,0,4.12983171339,0
pde_nominal,0,18365,1,0,39,0,39,1,0,10.0119215307,0
pde_nominal,1,19839,10,1,20,0,12,1,0,3.29117111864,0
pde_nominal,8,15634,8,1,108,0,90,1,0,5.66037369505,0
pde_nominal,8,18516,8,1,0,0,0,0,0,13.4706226895,0
pde_nominal,6,18087,1,0,77,0,73,1,0,4.85612545097,0
pde_nominal,9,18767,1,0,53,0,49,1,0,5.26594764978,0
pde_nominal,1,19835,11,1,65,30,95,1,1,10.4792709647,0
pde_nominal,8,15631,10,1,57,0,57,1,0,4.11678317796,0
pde_nominal,1,19833,8,1,10,0,10,1,0,4.01950287623,0
pde_nominal,3,18707,6,0,67,0,67,1,0,4.37963264527,0
pde_nominal,9,18761,3,0,23,0,23,1,0,7.75816073326,0
pde_nominal,1,19827,2,0,15,0,15,1,0,5.36296620052,0
pde_nominal,7,17767,14,1,82,0,82,1,0,6.87378996719,0
pde_nominal,7,17764,13,1,17,0,17,1,0,5.93487533743,0
pde_nominal,2,18420,2,0,60,0,33,1,0,5.53992746578,0
pde_nominal,2,18616,2,0,0,0,0,0,0,5.69180798809,0
pde_nominal,6,18081,13,1,58,0,31,1,0,9.74879481393,0
pde_nominal,0,18356,13,1,65,0,37,1,0,4.64892470515,0
pde_nominal,1,19820,9,1,11,0,0,1,0,5.0213800455,0
pde_nominal,9,18749,3,0,3,0,1,1,0,5.22329627665,0
pde_nominal,7,17757,5,0,20,0,20,1,0,5.16477273732,0
pde_nominal,8,15622,15,1,93,0,93,1,0,4.24829145621,0
pde_nominal,7,17754,2,0,16,0,16,1,0,3.55694691075,0
pde_nominal,2,18409,13,1,69,0,68,1,0,11.7520045836,0
pde_nominal,9,18744,7,0,35,0,35,1,0,3.40324088787,0
pde_nominal,7,17751,0,0,143,0,143,1,0,15.8888823514,0
pde_nominal,3,18695,14,1,18,0,14,1,0,3.71810500677,0
pde_nominal,6,18073,15,1,19,0,19,1,0,4.22412876158,0
pde_nominal,1,19808,6,0,98,0,96,1,0,12.5178699025,0
pde_nominal,2,18400,5,0,61,0,61,1,0,8.20621853023,0
pde_nominal,9,18729,4,0,1,0,0,1,0,5.81392517978,0
pde_nominal,3,18686,15,1,7,0,7,1,0,3.74828228124,0
pde_nominal,7,17740,5,0,87,0,87,1,0,5.03300014415,0
pde_nominal,8,15612,9,1,81,0,81,1,0,4.53922655452,0
pde_nominal,2,18393,8,1,45,0,45,1,0,7.68102205166,0
pde_nominal,6,18063,13,1,209,0,209,1,0,10.9089286317,0
pde_nominal,0,18340,7,0,91,0,91,1,0,4.11460196056,0
pde_nominal,9,18722,4,0,28,0,25,1,0,5.43372852292,0
pde_nominal,1,19800,7,0,84,0,84,1,0,6.29869290979,0
pde_nominal,3,19441,1,0,34,0,17,1,0,8.35654912825,0
pde_nominal,7,17736,1,0,78,0,78,1,0,4.21070934276,0
pde_nominal,2,18385,9,1,14,0,14,1,0,3.1151038407,0
pde_nominal,9,18715,15,1,34,0,34,1,0,5.67519608892,0
pde_nominal,8,15603,13,1,70,0,66,1,0,4.29468473114,0
pde_nominal,8,15602,14,1,25,0,14,1,0,3.36887193244,0
pde_nominal,6,18049,3,0,74,0,64,1,0,7.64852790971,0
pde_nominal,8,15597,12,1,28,0,4,1,0,7.63060983666,0
pde_nominal,9,18709,1,0,67,0,36,1,0,7.59420145481,0
pde_nominal,9,18708,5,0,15,14,15,1,1,6.56937876807,0
pde_nominal,3,18654,10,1,113,0,41,1,0,10.0069585091,0
pde_nominal,1,19783,11,1,13,0,11,1,0,6.25123211029,0
pde_nominal,1,19781,14,1,0,0,0,1,0,5.88850181251,0
pde_nominal,3,18651,11,1,72,0,31,1,0,8.16965911174,0
pde_nominal,8,15590,11,1,32,0,2,1,0,3.60374457058,0
pde_nominal,1,19773,7,0,26,0,26,1,0,3.06287503628,0
pde_nominal,7,17710,12,1,14,0,14,1,0,4.71803336358,0
pde_nominal,1,19771,3,0,65,0,63,1,0,5.03028587864,0
pde_nominal,3,18646,15,1,73,0,68,1,0,6.27826382827,0
pde_nominal,7,17704,15,1,25,0,25,1,0,5.55732790448,0
pde_nominal,1,19768,1,0,16,0,16,1,0,7.28621254039,0
pde_nominal,7,17703,12,1,117,0,117,1,0,6.23035127001,0
pde_nominal,8,15583,6,0,41,0,30,1,0,3.85391215267,0
pde_nominal,2,18350,12,1,33,20,42,1,1,9.42075874785,0
pde_nominal,1,19759,8,1,9,0,0,1,0,8.04065362748,0
pde_nominal,1,19757,8,1,49,0,29,1,0,3.43922583521,0
pde_nominal,2,18346,11,1,44,28,43,1,1,13.2631279452,0
pde_nominal,1,19755,14,1,49,0,27,1,0,5.20832375062,0
pde_nominal,2,18342,7,0,47,0,32,1,0,8.50710701223,0
pde_nominal,6,18018,0,0,37,0,37,1,0,5.63862065875,0
pde_nominal,1,19749,4,0,0,0,0,0,0,4.79071278292,0
pde_nominal,3,18631,8,1,10,0,10,1,0,5.83431909984,0
pde_nominal,8,15570,2,0,54,0,54,1,0,4.26063417656,0
pde_nominal,6,18012,9,1,7,0,1,1,0,3.29083763814,0
pde_nominal,8,15569,10,1,86,40,64,1,1,8.99858420826,0
pde_nominal,2,18334,8,1,200,0,147,1,0,13.5003875564,0
pde_nominal,6,18005,6,0,27,0,27,1,0,3.88696420996,0
pde_nominal,8,15562,6,0,71,0,71,1,0,7.37283878473,0
pde_nominal,3,18618,4,0,17,0,4,1,0,3.8543245955,0
pde_nominal,1,19732,13,1,13,0,8,1,0,3.97214660955,0
pde_nominal,7,17676,1,0,24,24,23,1,1,7.36033383781,0
pde_nominal,1,19730,11,1,6,0,6,1,0,4.02016255714,0
pde_nominal,7,17674,3,0,28,0,28,1,0,8.02288480189,0
pde_nominal,8,15551,12,1,11,0,11,1,0,7.95345907652,0
pde_nominal,8,18519,12,1,0,0,0,0,0,8.34293955891,0
pde_nominal,1,19720,1,0,15,0,15,1,0,7.43650926464,0
pde_nominal,7,17669,12,1,161,0,161,1,0,8.5704761417,0
pde_nominal,1,19718,2,0,60,0,60,1,0,3.92234090054,0
pde_nominal,3,18603,10,1,16,0,12,1,0,8.05671785036,0
pde_nominal,7,17662,4,0,53,22,47,1,1,8.91884215067,0
pde_nominal,3,18601,1,0,23,0,23,1,0,5.32214546036,0
pde_nominal,1,19714,11,1,76,0,55,1,0,6.70864585119,0
pde_nominal,2,18314,14,1,37,0,37,1,0,5.03999909136,0
pde_nominal,1,19713,6,0,57,0,53,1,0,6.70023268936,0
pde_nominal,2,18312,14,1,10,0,10,1,0,5.26631292474,0
pde_nominal,2,18308,15,1,32,0,22,1,0,7.73766706533,0
pde_nominal,6,17978,7,0,47,0,29,1,0,6.98064103791,0
pde_nominal,8,15535,3,0,52,0,22,1,0,7.41681777797,0
pde_nominal,2,18305,11,1,100,0,89,1,0,7.18033233312,0
pde_nominal,9,18644,6,0,84,0,84,1,0,5.74501201397,0
pde_nominal,1,19706,8,1,59,0,37,1,0,6.97397308155,0
pde_nominal,3,18590,0,0,47,0,34,1,0,4.92570956444,0
pde_nominal,1,19705,11,1,142,0,89,1,0,14.6965249442,0
pde_nominal,6,17972,14,1,156,0,120,1,0,6.2444877833,0
pde_nominal,9,18635,2,0,37,0,31,1,0,5.62354290386,0
pde_nominal,1,19699,5,0,6,0,6,1,0,7.43136968999,0
pde_nominal,3,18585,10,1,170,0,143,1,0,9.98997580866,0
pde_nominal,6,17967,14,1,8,0,2,1,0,3.7390628599,0
pde_nominal,9,18629,7,0,23,0,23,1,0,5.83674179937,0
pde_nominal,6,17965,5,0,33,0,33,1,0,4.67402299416,0
pde_nominal,8,15521,6,0,142,0,142,1,0,7.88453396194,0
pde_nominal,2,18287,6,0,132,0,120,1,0,10.2852157753,0
pde_nominal,3,18577,6,0,51,0,51,1,0,4.20240500797,0
pde_nominal,7,17630,8,1,60,0,60,1,0,7.04648041423,0
pde_nominal,3,18575,10,1,25,20,45,1,1,5.006437665,0
pde_nominal,7,17622,7,0,13,0,13,1,0,4.73207222803,0
pde_nominal,1,19679,0,0,119,0,118,1,0,5.79530388537,0
pde_nominal,8,15510,14,1,71,0,71,1,0,7.59114226575,0
pde_nominal,3,18565,6,0,58,0,58,1,0,5.40916917709,0
pde_nominal,7,17618,1,0,43,0,43,1,0,10.0791655405,0
pde_nominal,9,18612,15,1,30,0,30,1,0,3.79714099418,0
pde_nominal,3,18558,8,1,16,0,16,1,0,5.33942340042,0
pde_nominal,1,19673,13,1,100,0,100,1,0,5.77033451639,0
pde_nominal,9,18611,4,0,74,0,42,1,0,7.87172526102,0
pde_nominal,7,17612,12,1,37,0,37,1,0,4.24339442708,0
pde_nominal,3,18553,11,1,22,0,22,1,0,5.26697984617,0
pde_nominal,1,19665,11,1,68,0,30,1,0,6.41505654872,0
pde_nominal,7,17606,12,1,87,0,87,1,0,7.66398047528,0
pde_nominal,9,18597,6,0,135,0,83,1,0,9.04890164213,0
pde_nominal,6,17936,1,0,46,0,4,1,0,3.89335902071,0
pde_nominal,6,17935,14,1,60,0,10,1,0,5.91873754799,0
pde_nominal,1,19660,0,0,99,18,9,1,1,7.4261138541,0
pde_nominal,9,18589,14,1,0,0,0,1,0,3.48005800675,0
pde_nominal,6,17934,9,1,25,0,4,1,0,5.13981741003,0
pde_nominal,1,19659,15,1,27,0,18,1,0,4.40907601859,0
pde_nominal,8,15488,12,1,23,0,4,1,0,3.28971071846,0
pde_nominal,1,19658,9,1,33,0,9,1,0,5.31225375135,0
pde_nominal,8,15486,9,1,30,0,14,1,0,3.24533670087,0
pde_nominal,8,15485,11,1,55,0,45,1,0,3.40627410863,0
pde_nominal,7,17588,13,1,20,0,20,1,0,3.63258970836,0
pde_nominal,7,17586,2,0,20,0,20,1,0,5.48827542638,0
pde_nominal,1,19649,4,0,2,0,2,1,0,4.82928554952,0
pde_nominal,7,17584,13,1,40,0,40,1,0,5.57781330088,0
pde_nominal,9,18574,5,0,121,0,111,1,0,10.0496552133,0
pde_nominal,2,18242,10,1,90,0,82,1,0,5.95992551082,0
pde_nominal,8,15478,15,1,205,0,177,1,0,11.9044166438,0
pde_nominal,6,17910,15,1,76,0,15,1,0,9.37258375713,0
pde_nominal,7,17576,15,1,25,0,25,1,0,3.7632275353,0
pde_nominal,8,15469,7,0,86,0,86,1,0,4.13659982737,0
pde_nominal,6,17901,12,1,41,0,37,1,0,4.95299719332,0
pde_nominal,6,17900,13,1,4,0,0,1,0,3.76074221271,0
pde_nominal,7,17569,4,0,26,0,26,1,0,3.42225056662,0
pde_nominal,7,17566,4,0,31,0,31,1,0,4.68746003197,0
pde_nominal,1,19636,1,0,41,0,41,1,0,4.22410974786,0
pde_nominal,8,15461,0,0,80,0,80,1,0,4.6566507751,0
pde_nominal,7,17565,1,0,54,0,54,1,0,4.93112068429,0
pde_nominal,3,18508,15,1,10,0,4,1,0,5.48316123791,0
pde_nominal,6,17897,7,0,90,0,78,1,0,7.2204809922,0
pde_nominal,8,18523,9,1,0,0,0,0,0,5.97685282316,0
pde_nominal,1,19625,2,0,36,6,28,1,1,8.67112298008,0
pde_nominal,6,17874,2,0,14,0,14,1,0,5.3420632756,0
pde_nominal,7,17541,3,0,240,0,240,1,0,15.3029306717,0
pde_nominal,9,18535,7,0,39,0,9,1,0,5.96637223859,0
pde_nominal,8,15435,11,1,49,0,17,1,0,3.51375014082,0
pde_nominal,7,17537,6,0,66,0,66,1,0,5.67211913654,0
pde_nominal,6,17870,13,1,49,0,42,1,0,3.55614588142,0
pde_nominal,1,19609,9,1,82,0,77,1,0,6.8812451127,0
pde_nominal,7,17534,3,0,31,0,31,1,0,5.89879216497,0
pde_nominal,1,19608,7,0,39,0,37,1,0,5.22634791355,0
pde_nominal,3,18467,6,0,12,0,10,1,0,4.51570912763,0
pde_nominal,9,18524,5,0,8,0,6,1,0,3.62267223586,0
pde_nominal,9,18523,9,1,27,0,7,1,0,3.62879540278,0
pde_nominal,3,18464,11,1,38,0,12,1,0,6.83221722305,0
pde_nominal,6,17859,7,0,69,0,69,1,0,6.25353417061,0
pde_nominal,7,17523,1,0,72,0,72,1,0,6.81401997362,0
pde_nominal,9,18508,2,0,41,29,68,1,1,8.35878939054,0
pde_nominal,1,19588,11,1,28,0,22,1,0,5.77532080238,0
pde_nominal,3,18450,3,0,10,0,5,1,0,5.7621670782,0
pde_nominal,1,19585,15,1,38,0,29,1,0,3.7428357084,0
pde_nominal,6,17847,2,0,94,0,79,1,0,8.04482539964,0
pde_nominal,8,15409,8,1,90,0,85,1,0,5.46352430398,0
pde_nominal,7,17512,1,0,76,0,76,1,0,7.74088803279,0
pde_nominal,6,17842,0,0,49,0,10,1,0,4.60360928911,0
pde_nominal,1,19576,4,0,12,0,12,1,0,4.45488035758,0
pde_nominal,1,19573,8,1,4,0,0,1,0,4.53469111342,0
pde_nominal,6,17839,7,0,95,0,52,1,0,12.7152717343,0
pde_nominal,7,17506,7,0,77,0,77,1,0,5.26035102886,0
pde_nominal,6,17838,5,0,51,0,37,1,0,4.39814482082,0
pde_nominal,1,19566,11,1,5,0,0,1,0,6.24709420477,0
pde_nominal,6,17833,2,0,21,0,0,1,0,5.30868062324,0
pde_nominal,8,21627,15,1,8,0,0,1,0,9.05040505173,0
pde_nominal,9,18473,4,0,1,0,0,1,0,9.38570040522,0
pde_nominal,1,19564,3,0,4,0,0,1,0,4.21874050549,0
pde_nominal,1,19561,6,0,70,0,42,1,0,10.7291993607,0
pde_nominal,6,17829,5,0,2,0,0,1,0,3.22613421415,0
pde_nominal,1,19559,10,1,30,0,30,1,0,10.3831287909,0
pde_nominal,9,18461,7,0,105,0,105,1,0,5.52142376849,0
pde_nominal,7,17494,12,1,30,0,30,1,0,7.04146552676,0
pde_nominal,6,17813,2,0,38,0,38,1,0,3.71077094079,0
pde_nominal,7,17492,8,1,144,0,144,1,0,7.16992988502,0
pde_nominal,9,18451,14,1,114,0,79,1,0,10.862942169,0
pde_nominal,8,21595,4,0,40,0,14,1,0,4.80043431083,0
pde_nominal,8,21589,9,1,39,0,22,1,0,7.48821749241,0
pde_nominal,1,19527,13,1,21,0,1,1,0,4.72238601908,0
pde_nominal,6,17806,9,1,33,0,19,1,0,4.16866847829,0
pde_nominal,3,18400,11,1,51,0,46,1,0,4.40308869556,0
pde_nominal,9,18441,1,0,29,0,29,1,0,3.7372896774,0
pde_nominal,9,18440,9,1,44,0,44,1,0,4.87016194568,0
pde_nominal,1,19519,4,0,23,0,23,1,0,4.95490521073,0
pde_nominal,1,19516,14,1,85,0,75,1,0,4.84217766695,0
pde_nominal,3,18389,14,1,10,0,2,1,0,5.3285195603,0
pde_nominal,8,21577,14,1,16,0,6,1,0,4.92129622206,0
pde_nominal,1,19509,6,0,9,0,0,1,0,9.39207769545,0
pde_nominal,6,17801,0,0,26,0,14,1,0,7.89709121459,0
pde_nominal,1,19508,7,0,226,0,198,1,0,12.2599238394,0
pde_nominal,1,19507,5,0,69,0,53,1,0,7.20600732077,0
pde_nominal,1,19506,3,0,38,0,35,1,0,9.27332755978,0
pde_nominal,9,18420,11,1,11,0,0,1,0,4.78546312041,0
pde_nominal,7,17449,9,1,25,0,25,1,0,7.64664169697,0
pde_nominal,3,18372,8,1,10,0,3,1,0,13.4580683593,0
pde_nominal,8,21559,14,1,33,0,33,1,0,3.6652722387,0
pde_nominal,3,18370,15,1,56,0,56,1,0,8.33319465728,0
pde_nominal,6,17789,15,1,27,0,27,1,0,9.67448871088,0
pde_nominal,3,18363,15,1,0,0,0,0,0,5.61770942581,0
pde_nominal,8,21551,7,0,42,0,33,1,0,5.85055975027,0
pde_nominal,9,18409,3,0,46,33,73,1,1,13.4758908839,0
pde_nominal,8,21548,1,0,63,11,72,1,1,8.35358785931,0
pde_nominal,3,18356,13,1,64,0,60,1,0,8.36691275904,0
pde_nominal,6,17775,4,0,45,0,45,1,0,3.45368536281,0
pde_nominal,1,19484,5,0,55,0,28,1,0,3.6750280517,0
pde_nominal,9,18388,13,1,37,0,25,1,0,4.11393573915,0
pde_nominal,7,17427,2,0,17,0,17,1,0,4.27962787016,0
pde_nominal,9,18387,11,1,85,0,80,1,0,6.1511927836,0
pde_nominal,6,17772,0,0,107,0,70,1,0,8.14145293269,0
pde_nominal,1,19477,7,0,28,0,13,1,0,4.89324613596,0
pde_nominal,9,18384,14,1,74,0,60,1,0,5.22477203906,0
pde_nominal,3,18337,4,0,34,0,34,1,0,5.70458210732,0
pde_nominal,6,17770,6,0,67,0,55,1,0,9.44167688586,0
pde_nominal,7,17423,3,0,30,0,30,1,0,4.60524683032,0
pde_nominal,6,17769,12,1,27,0,27,1,0,3.85239487951,0
pde_nominal,8,21530,14,1,45,0,45,1,0,5.14202516162,0
pde_nominal,9,18378,5,0,44,0,44,1,0,4.01766386982,0
pde_nominal,3,18333,6,0,44,0,40,1,0,6.00056519299,0
pde_nominal,1,19470,7,0,92,0,50,1,0,9.35695474136,0
pde_nominal,9,18373,6,0,32,0,3,1,0,4.39621344302,0
pde_nominal,3,18323,9,1,4,0,0,1,0,4.2800139229,0
pde_nominal,1,19465,3,0,4,0,3,1,0,4.78170686339,0
pde_nominal,6,17757,13,1,39,0,39,1,0,5.80965908014,0
pde_nominal,8,21522,6,0,88,0,88,1,0,8.30572232453,0
pde_nominal,9,18368,6,0,58,0,58,1,0,3.81335014241,0
pde_nominal,7,17404,5,0,8,0,8,1,0,3.37934236083,0
pde_nominal,6,17747,9,1,3,0,0,1,0,4.46635455426,0
pde_nominal,3,18318,4,0,31,0,10,1,0,7.05588826008,0
pde_nominal,6,17746,8,1,29,0,6,1,0,4.53222158918,0
pde_nominal,7,17398,13,1,65,0,65,1,0,4.52454723498,0
pde_nominal,8,21507,4,0,6,0,0,1,0,2.94966042262,0
pde_nominal,3,18311,15,1,4,0,4,1,0,5.871141257,0
pde_nominal,6,17738,10,1,17,0,17,1,0,2.974492882,0
pde_nominal,7,17389,11,1,50,0,50,1,0,10.1006583106,0
pde_nominal,1,19440,0,0,24,0,24,1,0,9.20616263035,0
pde_nominal,1,19439,13,1,62,0,62,1,0,5.73600642286,0
pde_nominal,8,21498,4,0,58,0,58,1,0,13.2848053947,0
pde_nominal,7,17388,11,1,68,0,68,1,0,7.64280915932,0
pde_nominal,1,19438,7,0,79,0,79,1,0,6.50525931615,0
pde_nominal,1,19433,2,0,100,0,100,1,0,5.14524429493,0
pde_nominal,9,18339,15,1,13,0,10,1,0,6.77018184254,0
pde_nominal,3,18298,2,0,27,0,27,1,0,7.19969320461,0
pde_nominal,1,19428,11,1,15,0,15,1,0,4.74923290126,0
pde_nominal,8,21480,9,1,3,0,0,1,0,3.37857180495,0
pde_nominal,6,17717,14,1,2,0,0,1,0,4.34827783733,0
pde_nominal,8,21475,15,1,30,0,25,1,0,7.0124080621,0
pde_nominal,3,18283,12,1,27,0,16,1,0,8.01822572286,0
pde_nominal,8,21469,14,1,27,0,22,1,0,3.21165900725,0
pde_nominal,8,21468,15,1,6,0,6,1,0,3.69991189076,0
pde_nominal,6,17715,2,0,200,0,87,1,0,13.2905674463,0
pde_nominal,7,17366,14,1,27,0,27,1,0,3.10938890733,0
pde_nominal,8,21465,1,0,32,0,24,1,0,6.20823511709,0
pde_nominal,6,17712,15,1,41,0,33,1,0,3.90171663165,0
pde_nominal,8,21464,12,1,73,0,57,1,0,4.90009816286,0
pde_nominal,6,17711,8,1,25,0,0,1,0,6.13804510358,0
pde_nominal,7,17363,10,1,12,0,12,1,0,4.82098723822,0
pde_nominal,3,18271,9,1,168,0,124,1,0,10.2378770054,0
pde_nominal,3,18270,13,1,66,0,66,1,0,4.55061477216,0
pde_nominal,6,17699,14,1,27,0,27,1,0,5.88313039658,0
pde_nominal,1,19397,5,0,31,0,31,1,0,2.98332880003,0
pde_nominal,6,17697,0,0,65,0,65,1,0,5.89220902728,0
pde_nominal,6,17696,1,0,43,17,60,1,1,8.67780964055,0
pde_nominal,8,21445,12,1,34,0,34,1,0,9.03329340066,0
pde_nominal,3,18261,4,0,49,0,49,1,0,3.85925722374,0
pde_nominal,9,18297,3,0,34,0,31,1,0,3.22870195437,0
pde_nominal,6,17695,5,0,55,0,30,1,0,8.94049179133,0
pde_nominal,9,18289,2,0,18,0,0,1,0,2.75141100891,0
pde_nominal,1,19390,15,1,21,0,5,1,0,3.82043905541,0
pde_nominal,1,19387,9,1,12,0,0,1,0,6.62197793683,0
pde_nominal,6,17687,0,0,13,0,1,1,0,5.10802371558,0
pde_nominal,6,17685,1,0,75,0,71,1,0,4.42495186366,0
pde_nominal,6,17682,14,1,50,0,25,1,0,4.80628561853,0
pde_nominal,6,17681,8,1,14,0,14,1,0,4.7400113503,0
pde_nominal,7,17341,3,0,36,0,36,1,0,5.60502827108,0
pde_nominal,7,17338,11,1,92,0,92,1,0,5.90188690792,0
pde_nominal,1,19380,6,0,90,20,96,1,1,5.76687580351,0
pde_nominal,8,21431,11,1,116,0,93,1,0,9.46608490296,0
pde_nominal,8,21638,14,1,8,8,16,1,1,11.989990509,0
pde_nominal,6,17670,9,1,45,0,45,1,0,4.01128393079,0
pde_nominal,8,21423,1,0,27,0,27,1,0,4.76490351863,0
pde_nominal,1,19373,3,0,7,0,7,1,0,4.0564041922,0
pde_nominal,7,17329,3,0,57,0,57,1,0,5.06182043307,0
pde_nominal,7,17323,15,1,21,0,21,1,0,4.1646403242,0
pde_nominal,1,19369,14,1,37,0,37,1,0,5.27955075684,0
pde_nominal,6,17659,1,0,21,0,21,1,0,6.70122288989,0
pde_nominal,8,21414,2,0,11,0,11,1,0,4.74927017034,0
pde_nominal,1,19367,3,0,33,0,28,1,0,4.5841077961,0
pde_nominal,9,19306,7,0,42,0,36,1,0,3.39373210257,0
pde_nominal,9,19304,2,0,13,0,11,1,0,6.34696815937,0
pde_nominal,6,17655,13,1,0,0,0,1,0,3.70559165272,0
pde_nominal,6,17652,6,0,11,0,4,1,0,5.24347156612,0
pde_nominal,3,18230,11,1,29,0,15,1,0,5.81635983306,0
pde_nominal,8,21403,7,0,52,38,89,1,1,7.92389506415,0
pde_nominal,8,21401,15,1,15,0,8,1,0,6.47679171964,0
pde_nominal,1,19353,0,0,35,0,11,1,0,6.27957243476,0
pde_nominal,9,19288,10,1,41,0,40,1,0,5.09777616536,0
pde_nominal,9,19286,9,1,46,0,45,1,0,7.94760239904,0
pde_nominal,9,19285,13,1,11,0,7,1,0,5.49612164976,0
pde_nominal,3,18223,14,1,104,0,101,1,0,8.00313769413,0
pde_nominal,3,19449,14,1,0,0,0,0,0,10.8181280914,0
pde_nominal,9,19280,7,0,89,0,89,1,0,8.16241528481,0
pde_nominal,7,17308,12,1,3,0,3,1,0,4.76868613648,0
pde_nominal,3,18217,11,1,95,0,88,1,0,9.70735562035,0
pde_nominal,7,17304,14,1,20,0,20,1,0,3.5165316475,0
pde_nominal,8,21385,6,0,4,0,2,1,0,5.50775893432,0
pde_nominal,8,21382,0,0,53,0,34,1,0,4.53370949342,0
pde_nominal,8,21640,0,0,0,0,0,0,0,7.36428648785,0
pde_nominal,9,19270,8,1,92,0,92,1,0,6.76137330098,0
pde_nominal,8,21374,4,0,49,0,49,1,0,4.49272139116,0
pde_nominal,9,19265,11,1,9,0,1,1,0,6.3507574876,0
pde_nominal,3,18205,15,1,12,0,0,1,0,4.60590571553,0
pde_nominal,8,21369,14,1,2,0,0,1,0,5.10352715952,0
pde_nominal,3,18203,15,1,73,0,60,1,0,4.367049913,0
pde_nominal,6,17615,2,0,29,0,0,1,0,4.26057134998,0
pde_nominal,6,17611,1,0,38,0,30,1,0,4.51549809804,0
pde_nominal,8,21363,2,0,14,0,0,1,0,8.09461098337,0
pde_nominal,9,19257,2,0,13,0,8,1,0,3.24713436139,0
pde_nominal,6,17609,8,1,41,0,26,1,0,5.79737825763,0
pde_nominal,3,18193,13,1,16,16,32,1,1,5.16861410115,0
pde_nominal,7,19126,11,1,39,12,39,1,1,8.84559612794,0
pde_nominal,9,19255,2,0,19,0,19,1,0,4.79819976494,0
pde_nominal,9,19253,10,1,112,0,98,1,0,10.4831546375,0
pde_nominal,7,17273,11,1,41,25,41,1,1,8.84916137662,0
pde_nominal,7,17269,6,0,35,0,35,1,0,11.0067937535,0
pde_nominal,8,21351,8,1,89,0,89,1,0,5.83489036631,0
pde_nominal,7,17261,9,1,52,0,52,1,0,8.03250864922,0
pde_nominal,1,19312,10,1,136,0,128,1,0,7.38275910832,0
pde_nominal,7,17260,15,1,26,0,26,1,0,5.76753666691,0
pde_nominal,8,21345,11,1,83,0,67,1,0,4.08490082892,0
pde_nominal,6,17598,14,1,27,0,13,1,0,6.95739439396,0
pde_nominal,9,19231,11,1,10,0,0,1,0,6.78264662415,0
pde_nominal,7,17256,15,1,29,0,29,1,0,4.557840953,0
pde_nominal,9,19226,6,0,4,0,4,1,0,5.64917090528,0
pde_nominal,7,17251,5,0,1,0,1,1,0,4.44974035399,0
pde_nominal,3,18158,14,1,29,0,10,1,0,6.54371729442,0
pde_nominal,7,17247,0,0,30,21,30,1,1,5.69710566336,0
pde_nominal,1,19297,2,0,18,0,17,1,0,3.94645970471,0
pde_nominal,6,17582,5,0,66,0,59,1,0,9.30739894644,0
pde_nominal,1,19290,12,1,35,0,30,1,0,4.40845419508,0
pde_nominal,8,21320,10,1,53,0,37,1,0,4.98459862321,0
pde_nominal,6,17576,1,0,33,0,33,1,0,4.3460248973,0
pde_nominal,6,17568,15,1,8,0,3,1,0,9.47801400407,0
pde_nominal,9,19199,2,0,53,0,28,1,0,4.9953828359,0
pde_nominal,9,19197,15,1,67,0,50,1,0,4.50235857369,0
pde_nominal,1,19271,6,0,128,0,119,1,0,6.17096608025,0
pde_nominal,7,17215,1,0,25,0,25,1,0,3.28112312037,0
pde_nominal,9,19187,12,1,22,13,35,1,1,5.32666934574,0
pde_nominal,3,18125,7,0,3,0,1,1,0,3.44655583145,0
pde_nominal,1,19260,5,0,74,0,52,1,0,8.613761058,0
pde_nominal,8,21291,11,1,72,0,62,1,0,5.31876176067,0
pde_nominal,1,19259,13,1,8,0,7,1,0,7.01036283809,0
pde_nominal,9,19178,5,0,18,0,6,1,0,3.80856757077,0
pde_nominal,8,21286,8,1,62,0,47,1,0,6.20773061557,0
pde_nominal,6,17537,4,0,14,0,0,1,0,4.34857225471,0
pde_nominal,1,19256,4,0,29,0,29,1,0,7.93298466809,0
pde_nominal,6,17528,5,0,21,0,1,1,0,3.23679440637,0
pde_nominal,7,17173,1,0,32,0,32,1,0,5.30510720707,0
pde_nominal,1,19246,11,1,35,0,15,1,0,9.5972297186,0
pde_nominal,8,21267,14,1,12,0,12,1,0,3.77185054588,0
pde_nominal,9,19155,6,0,35,0,29,1,0,6.27446484621,0
pde_nominal,1,19233,5,0,5,0,5,1,0,5.20520159632,0
pde_nominal,6,17511,7,0,98,0,98,1,0,4.83287362651,0
pde_nominal,7,17154,14,1,137,0,137,1,0,8.09591084219,0
pde_nominal,1,19230,13,1,32,0,6,1,0,5.93117817085,0
pde_nominal,9,19143,13,1,31,0,31,1,0,4.88800927287,0
pde_nominal,7,17152,10,1,109,0,109,1,0,6.26311062182,0
pde_nominal,3,18086,13,1,19,0,0,1,0,4.2989280915,0
pde_nominal,9,19137,6,0,41,0,41,1,0,5.15817545475,0
pde_nominal,1,19226,9,1,67,0,67,1,0,6.11953356688,0
pde_nominal,7,17147,1,0,94,0,94,1,0,10.7262282972,0
pde_nominal,7,17146,15,1,18,0,18,1,0,3.92682558802,0
pde_nominal,7,17145,7,0,48,0,48,1,0,4.91447650123,0
pde_nominal,1,19219,2,0,9,0,9,1,0,4.82203456059,0
pde_nominal,7,17143,1,0,41,0,41,1,0,3.33030396915,0
pde_nominal,6,17493,4,0,59,0,55,1,0,3.41132214423,0
pde_nominal,8,21244,6,0,126,0,107,1,0,8.99272729237,0
pde_nominal,7,17136,8,1,48,0,48,1,0,4.49285135385,0
pde_nominal,3,18077,10,1,73,0,73,1,0,4.71636620403,0
pde_nominal,8,21239,5,0,29,0,29,1,0,8.13415221619,0
pde_nominal,1,19208,3,0,62,0,61,1,0,7.03345166737,0
pde_nominal,8,21234,5,0,35,0,35,1,0,7.77139864011,0
pde_nominal,8,21226,1,0,15,0,7,1,0,5.55650462713,0
pde_nominal,9,19099,1,0,8,0,6,1,0,8.47331275722,0
pde_nominal,1,19190,4,0,81,0,64,1,0,7.40643881388,0
pde_nominal,8,21223,10,1,218,0,180,1,0,12.6796975417,0
pde_nominal,8,21642,10,1,0,0,0,0,0,13.6251497892,0
pde_nominal,1,19187,8,1,13,0,1,1,0,4.89714287367,0
pde_nominal,8,21220,4,0,85,0,85,1,0,4.28978354388,0
pde_nominal,8,21216,2,0,39,0,36,1,0,12.0547637944,0
pde_nominal,3,18055,8,1,29,0,29,1,0,5.35210448357,0
pde_nominal,8,21208,3,0,14,0,0,1,0,4.8909589561,0
pde_nominal,8,21205,2,0,37,0,37,1,0,6.86030032074,0
pde_nominal,7,17096,11,1,67,0,67,1,0,6.30595383947,0
pde_nominal,3,18039,3,0,8,0,8,1,0,6.32914814025,0
pde_nominal,1,19174,10,1,59,0,59,1,0,6.30383032112,0
pde_nominal,9,19075,2,0,107,0,107,1,0,7.10271933046,0
pde_nominal,3,18038,4,0,13,0,13,1,0,5.1089928811,0
pde_nominal,3,18037,13,1,20,0,20,1,0,4.31807041293,0
pde_nominal,3,19452,13,1,0,0,0,0,0,6.10535135514,0
pde_nominal,6,17442,14,1,210,0,210,1,0,8.15455128265,0
pde_nominal,1,19167,1,0,74,0,74,1,0,5.21304086672,0
pde_nominal,1,19161,11,1,25,0,25,1,0,5.63962516665,0
pde_nominal,8,21191,1,0,75,0,75,1,0,11.0507492644,0
pde_nominal,9,19062,8,1,11,0,11,1,0,5.35545953802,0
pde_nominal,9,19061,0,0,58,0,58,1,0,5.89684553882,0
pde_nominal,7,19129,1,0,2,0,2,1,0,5.13363766227,0
pde_nominal,9,19056,0,0,22,0,7,1,0,5.2369524385,0
pde_nominal,8,21183,0,0,42,0,35,1,0,6.83148305141,0
pde_nominal,8,21179,9,1,29,0,29,1,0,6.2947973421,0
pde_nominal,7,17072,13,1,59,0,59,1,0,3.25828184754,0
pde_nominal,6,19255,2,0,34,0,34,1,0,3.77522833849,0
pde_nominal,6,19263,13,1,22,0,22,1,0,12.5660865152,0
pde_nominal,3,18011,14,1,187,0,187,1,0,12.1019731599,0
pde_nominal,8,21169,8,1,38,0,38,1,0,4.69100702763,0
pde_nominal,9,19035,13,1,12,0,12,1,0,4.61093954293,0
pde_nominal,1,19125,1,0,54,0,54,1,0,5.58608595661,0
pde_nominal,6,19234,2,0,71,0,71,1,0,6.28512820696,0
pde_nominal,8,21163,1,0,32,0,32,1,0,8.26057029869,0
pde_nominal,7,17050,0,0,102,0,102,1,0,4.8390532993,0
pde_nominal,9,19027,3,0,109,0,109,1,0,8.63824141722,0
pde_nominal,3,17998,4,0,42,0,42,1,0,8.23755331175,0
pde_nominal,3,17996,8,1,7,0,7,1,0,3.67827736391,0
pde_nominal,6,19227,1,0,96,0,96,1,0,6.5049286377,0
pde_nominal,1,19118,4,0,35,20,55,1,1,4.97124057234,0
pde_nominal,9,19024,0,0,60,0,60,1,0,4.79445262666,0
pde_nominal,7,17045,5,0,86,0,86,1,0,4.22041097435,0
pde_nominal,3,17994,5,0,32,0,32,1,0,4.90309692245,0
pde_nominal,1,19117,1,0,136,0,136,1,0,6.90774445355,0
pde_nominal,6,19216,15,1,52,0,52,1,0,3.91475929395,0
pde_nominal,9,19018,14,1,120,0,120,1,0,7.79249547438,0
pde_nominal,9,19014,9,1,33,0,33,1,0,6.46799325189,0
pde_nominal,1,19111,15,1,67,0,67,1,0,6.4545960874,0
pde_nominal,3,17979,4,0,28,0,28,1,0,4.70349084992,0
pde_nominal,7,17036,0,0,62,0,62,1,0,3.31023166794,0
pde_nominal,8,21142,8,1,26,0,26,1,0,9.72329738577,0
pde_nominal,3,17974,2,0,46,0,46,1,0,4.01168222753,0
pde_nominal,3,17973,15,1,12,0,12,1,0,5.74920668748,0
pde_nominal,9,19000,9,1,23,0,23,1,0,8.33130894298,0
pde_nominal,3,17970,14,1,9,0,9,1,0,7.05041049321,0
pde_nominal,3,17969,9,1,27,0,27,1,0,4.8713502341,0
pde_nominal,7,17030,5,0,134,0,134,1,0,6.17616502351,0
pde_nominal,8,21134,6,0,22,0,22,1,0,5.98441182661,0
pde_nominal,3,17965,5,0,71,0,71,1,0,8.90002108351,0
pde_nominal,8,21127,15,1,51,0,51,1,0,5.00208639134,0
pde_nominal,1,19107,15,1,74,34,108,1,1,8.58316340597,0
pde_nominal,1,19103,7,0,151,0,151,1,0,7.99561647826,0
pde_nominal,9,18981,12,1,75,0,75,1,0,5.46955778283,0
pde_nominal,3,17949,14,1,75,0,75,1,0,3.88217274493,0
pde_nominal,9,18980,12,1,27,0,27,1,0,4.87573186085,0
pde_nominal,6,19190,11,1,12,0,12,1,0,5.11609885843,0
pde_nominal,8,21112,0,0,22,0,22,1,0,3.51906505,0
pde_nominal,9,18971,10,1,3,0,3,1,0,3.32074544595,0
pde_nominal,9,18968,14,1,58,0,58,1,0,6.9744267542,0
pde_nominal,3,17939,4,0,62,0,62,1,0,11.4415399627,0
pde_nominal,3,17938,13,1,48,0,48,1,0,3.86111798849,0
pde_nominal,8,21105,13,1,3,0,3,1,0,3.09671952466,0
pde_nominal,3,17933,10,1,96,0,96,1,0,8.2565358019,0
pde_nominal,7,19132,0,0,61,0,61,1,0,8.08459970407,0
pde_nominal,8,21094,12,1,16,0,16,1,0,4.84543270974,0
pde_nominal,1,19078,13,1,20,0,20,1,0,3.47362862527,0
pde_nominal,7,16994,11,1,155,0,155,1,0,7.10312950526,0
pde_nominal,7,20564,9,1,9,0,9,1,0,6.53119285412,0
pde_nominal,9,18947,11,1,67,0,53,1,0,5.60058387274,0
pde_nominal,9,18946,5,0,36,0,36,1,0,4.7084612624,0
pde_nominal,7,20562,11,1,44,0,44,1,0,10.410573828,0
pde_nominal,1,19069,9,1,95,0,69,1,0,4.99322419601,0
pde_nominal,9,18941,6,0,25,0,25,1,0,4.29695606134,0
pde_nominal,8,21081,3,0,82,0,82,1,0,7.08709035022,0
pde_nominal,7,20558,6,0,99,0,99,1,0,8.27281500417,0
pde_nominal,3,17914,12,1,6,0,0,1,0,5.19842649814,0
pde_nominal,6,19152,7,0,32,0,9,1,0,5.17097252692,0
pde_nominal,6,19148,13,1,9,0,9,1,0,4.96270155632,0
pde_nominal,3,17906,9,1,59,0,59,1,0,3.63216403616,0
pde_nominal,3,17902,0,0,6,0,0,1,0,8.99135449961,0
pde_nominal,6,19138,5,0,52,0,0,1,0,8.87607856839,0
pde_nominal,9,18929,13,1,52,0,11,1,0,9.51610119867,0
pde_nominal,3,17900,3,0,38,0,5,1,0,3.87060023782,0
pde_nominal,8,21070,13,1,54,0,26,1,0,6.40568586193,0
pde_nominal,3,17899,11,1,41,0,29,1,0,3.25080460348,0
pde_nominal,9,18923,10,1,101,0,101,1,0,8.31604821817,0
pde_nominal,1,19050,1,0,11,0,11,1,0,3.56209721919,0
pde_nominal,7,20547,11,1,48,0,48,1,0,6.07286591141,0
pde_nominal,9,18921,7,0,60,0,47,1,0,5.502777971,0
pde_nominal,9,19326,13,1,89,0,88,1,0,20.9477609192,0
pde_nominal,8,21060,2,0,67,0,67,1,0,5.07402731525,0
pde_nominal,1,19044,1,0,54,0,54,1,0,4.60864199721,0
pde_nominal,1,19939,1,0,0,0,0,0,0,6.49031677462,0
pde_nominal,9,18919,2,0,149,0,149,1,0,10.8886854257,0
pde_nominal,6,19120,15,1,58,0,58,1,0,6.81722670408,0
pde_nominal,9,18911,7,0,63,0,63,1,0,4.31364293195,0
pde_nominal,1,19039,7,0,52,0,52,1,0,6.02861563962,0
pde_nominal,6,19116,10,1,17,0,3,1,0,4.67509354025,0
pde_nominal,8,21041,4,0,59,0,59,1,0,5.15415291724,0
pde_nominal,7,20535,6,0,143,0,143,1,0,7.42034553526,0
pde_nominal,3,17890,10,1,40,0,32,1,0,3.29387980515,0
pde_nominal,9,18896,5,0,13,0,7,1,0,2.77626253687,0
pde_nominal,1,19035,1,0,30,0,24,1,0,5.23338247606,0
pde_nominal,8,21039,6,0,81,0,58,1,0,6.72591555952,0
pde_nominal,7,20531,1,0,7,0,7,1,0,3.35067029348,0
pde_nominal,1,19034,7,0,29,0,12,1,0,7.6540537161,0
pde_nominal,3,17883,0,0,87,0,78,1,0,3.55114546656,0
pde_nominal,7,20527,0,0,65,0,65,1,0,4.61593355358,0
pde_nominal,8,21646,0,0,66,0,66,1,0,9.64204671079,0
pde_nominal,7,20520,10,1,5,0,5,1,0,4.27179693632,0
pde_nominal,6,19102,12,1,29,17,34,1,1,9.57298807023,0
pde_nominal,9,19513,0,0,103,0,98,1,0,6.15043461728,0
pde_nominal,7,20569,2,0,18,0,18,1,0,7.16931388476,0
pde_nominal,7,20514,10,1,62,0,62,1,0,5.0107525106,0
pde_nominal,9,19505,0,0,8,0,0,1,0,7.0847386675,0
pde_nominal,6,19092,11,1,29,0,11,1,0,5.53908079007,0
pde_nominal,6,19086,9,1,13,0,6,1,0,5.27150424512,0
pde_nominal,3,17870,9,1,84,0,55,1,0,3.99230362203,0
pde_nominal,8,21019,8,1,77,20,97,1,1,6.14340950008,0
pde_nominal,9,19498,0,0,34,0,34,1,0,4.70777012515,0
pde_nominal,6,19085,14,1,119,0,112,1,0,8.89258005698,0
pde_nominal,3,17868,5,0,66,0,59,1,0,3.76752637779,0
pde_nominal,7,20506,10,1,22,0,22,1,0,4.12958693399,0
pde_nominal,9,19497,5,0,53,0,45,1,0,4.55046544826,0
pde_nominal,9,19496,3,0,6,0,3,1,0,3.64441620736,0
pde_nominal,6,19083,12,1,67,0,36,1,0,4.8438797224,0
pde_nominal,8,21017,11,1,49,0,18,1,0,8.13936617229,0
pde_nominal,3,17865,0,0,67,0,21,1,0,4.13072415324,0
pde_nominal,7,20503,0,0,20,0,20,1,0,3.91467079745,0
pde_nominal,7,20502,15,1,22,0,22,1,0,3.97795469902,0
pde_nominal,9,19494,14,1,15,0,11,1,0,4.31459677921,0
pde_nominal,3,17858,13,1,43,0,9,1,0,4.98272035285,0
pde_nominal,1,18994,4,0,40,0,40,1,0,5.79846720033,0
pde_nominal,1,18992,12,1,41,20,61,1,1,10.1396731608,0
pde_nominal,8,21009,10,1,82,25,106,1,1,6.35655927029,0
pde_nominal,9,19485,5,0,7,0,7,1,0,4.95980382595,0
pde_nominal,1,18990,6,0,38,0,38,1,0,5.0017178016,0
pde_nominal,7,20489,15,1,5,0,5,1,0,6.68855761503,0
pde_nominal,7,20488,3,0,49,0,49,1,0,5.37481858978,0
pde_nominal,8,21005,11,1,42,24,66,1,1,5.27547412061,0
pde_nominal,9,19482,8,1,104,0,86,1,0,7.50854862904,0
pde_nominal,1,18987,9,1,138,0,118,1,0,8.57693856495,0
pde_nominal,6,19064,9,1,78,0,69,1,0,7.2745865089,0
pde_nominal,7,20480,4,0,78,0,78,1,0,4.84483726779,0
pde_nominal,8,20994,3,0,44,0,44,1,0,7.90813478878,0
pde_nominal,8,21647,3,0,0,0,0,0,0,13.5071483973,0
pde_nominal,7,20477,8,1,32,0,32,1,0,4.18983584938,0
pde_nominal,6,19061,12,1,92,0,67,1,0,9.65480202086,0
pde_nominal,1,18977,13,1,14,0,9,1,0,4.17540200213,0
pde_nominal,9,19470,12,1,66,0,33,1,0,6.99315964876,0
pde_nominal,1,18975,2,0,15,0,15,1,0,5.02015520343,0
pde_nominal,6,19055,5,0,58,0,55,1,0,4.01577082474,0
pde_nominal,3,17830,1,0,214,0,214,1,0,9.21990130663,0
pde_nominal,6,19049,4,0,47,0,47,1,0,4.66259252117,0
pde_nominal,9,19462,4,0,28,0,27,1,0,6.20624513348,0
pde_nominal,1,18955,3,0,26,0,6,1,0,7.24417630849,0
pde_nominal,7,20453,13,1,27,0,27,1,0,6.55948630841,0
pde_nominal,7,20452,8,1,12,0,12,1,0,9.04795820562,0
pde_nominal,7,20451,8,1,41,0,41,1,0,5.97098868708,0
pde_nominal,8,20963,7,0,69,0,69,1,0,4.4299853671,0
pde_nominal,1,18944,4,0,44,0,44,1,0,6.26908411871,0
pde_nominal,1,18933,0,0,23,0,23,1,0,5.17528115623,0
pde_nominal,7,20446,9,1,36,0,36,1,0,8.48979325776,0
pde_nominal,1,18931,7,0,13,0,13,1,0,5.04750911264,0
pde_nominal,3,17798,3,0,189,0,151,1,0,9.79809602581,0
pde_nominal,3,17797,8,1,63,0,40,1,0,4.27399775254,0
pde_nominal,6,19020,13,1,48,0,4,1,0,5.10735441834,0
pde_nominal,6,19267,13,1,0,0,0,0,0,7.26914668553,0
pde_nominal,8,20936,11,1,21,0,21,1,0,5.29307843476,0
pde_nominal,7,20436,6,0,39,0,39,1,0,5.52149208069,0
pde_nominal,9,19425,2,0,48,0,48,1,0,5.22902986613,0
pde_nominal,8,20934,14,1,54,0,54,1,0,5.33924004209,0
pde_nominal,1,18917,11,1,42,0,42,1,0,10.1456828286,0
pde_nominal,9,19421,2,0,41,0,41,1,0,5.3150341198,0
pde_nominal,7,20434,1,0,183,0,183,1,0,10.8422977608,0
pde_nominal,9,19419,14,1,30,0,30,1,0,8.61560540294,0
pde_nominal,3,21169,14,1,90,0,90,1,0,5.53943510616,0
pde_nominal,9,19408,4,0,20,0,13,1,0,4.90414852576,0
pde_nominal,6,18996,4,0,0,0,0,1,0,5.35597575104,0
pde_nominal,9,19404,12,1,76,0,70,1,0,6.40515046304,0
pde_nominal,8,20915,5,0,88,0,73,1,0,4.95032240701,0
pde_nominal,3,21158,5,0,65,0,48,1,0,6.61348517579,0
pde_nominal,8,20914,0,0,46,0,43,1,0,3.64484865605,0
pde_nominal,1,18890,10,1,27,0,5,1,0,4.85295777031,0
pde_nominal,7,20415,11,1,30,0,30,1,0,4.11851813398,0
pde_nominal,3,21150,6,0,25,18,43,1,1,5.54228157218,0
pde_nominal,9,19514,8,1,5,0,4,1,0,6.70055308334,0
pde_nominal,6,18988,8,1,70,0,55,1,0,4.1217332216,0
pde_nominal,8,20907,15,1,69,0,62,1,0,6.7472533232,0
pde_nominal,3,21146,6,0,33,0,33,1,0,8.54267353272,0
pde_nominal,8,20906,7,0,11,0,11,1,0,3.57824575784,0
pde_nominal,3,21141,12,1,39,0,39,1,0,4.83096012696,0
pde_nominal,8,20903,0,0,56,0,56,1,0,5.1572069341,0
pde_nominal,6,18985,10,1,50,0,50,1,0,8.49046596782,0
pde_nominal,1,18881,12,1,52,0,52,1,0,5.64706934205,0
pde_nominal,1,18878,10,1,50,0,50,1,0,6.03612755843,0
pde_nominal,7,20405,2,0,48,0,48,1,0,7.04840393515,0
pde_nominal,9,19386,0,0,39,24,63,1,1,8.05988231559,0
pde_nominal,3,21135,8,1,2,0,0,1,0,5.31423225157,0
pde_nominal,9,19372,6,0,54,0,34,1,0,5.21949360504,0
pde_nominal,3,21126,15,1,48,0,10,1,0,4.34521261662,0
pde_nominal,1,18867,5,0,77,0,13,1,0,6.92442651623,0
pde_nominal,1,18866,11,1,8,0,0,1,0,3.22319514577,0
pde_nominal,1,18862,0,0,65,24,59,1,1,6.05947720858,0
pde_nominal,6,18966,11,1,387,0,241,1,0,18.1272832732,0
pde_nominal,3,21120,5,0,51,0,32,1,0,4.11847206245,0
pde_nominal,1,18861,11,1,97,0,57,1,0,5.08079991073,0
pde_nominal,8,20880,10,1,15,0,0,1,0,3.67047335698,0
pde_nominal,6,18962,2,0,48,0,12,1,0,3.59677250253,0
pde_nominal,1,18856,13,1,31,0,29,1,0,4.98865727807,0
pde_nominal,9,19363,0,0,70,32,78,1,1,13.1905895625,0
pde_nominal,9,19362,0,0,15,0,0,1,0,3.23766332782,0
pde_nominal,1,18855,10,1,44,0,27,1,0,5.28922578317,0
pde_nominal,7,20381,4,0,19,0,19,1,0,3.40761020721,0
pde_nominal,6,18955,13,1,50,0,50,1,0,3.43956131838,0
pde_nominal,3,21107,7,0,18,0,18,1,0,8.8797599321,0
pde_nominal,9,19355,10,1,82,0,72,1,0,7.08590033402,0
pde_nominal,3,21105,13,1,286,0,245,1,0,14.7064946991,0
pde_nominal,1,18841,11,1,68,0,36,1,0,8.46799046382,0
pde_nominal,8,20859,15,1,72,0,72,1,0,5.1473392819,0
pde_nominal,8,20858,8,1,43,0,43,1,0,6.20094646598,0
pde_nominal,9,19344,11,1,122,0,122,1,0,5.25629443585,0
pde_nominal,7,20363,5,0,11,0,11,1,0,4.06102998074,0
pde_nominal,3,21095,13,1,111,0,102,1,0,8.69691140639,0
pde_nominal,1,18832,15,1,45,0,27,1,0,7.82512030152,0
pde_nominal,7,20357,7,0,6,0,6,1,0,3.98747724151,0
pde_nominal,8,20846,15,1,38,0,38,1,0,4.36045061022,0
pde_nominal,9,19331,0,0,14,0,14,1,0,2.79596062875,0
pde_nominal,1,18822,9,1,73,0,68,1,0,6.84928500784,0
pde_nominal,8,20843,12,1,81,0,80,1,0,5.81244642679,0
pde_nominal,7,20349,0,0,27,0,27,1,0,4.3771174968,0
pde_nominal,8,20837,15,1,85,18,73,1,1,6.80341172676,0
pde_nominal,1,18804,2,0,2,0,0,1,0,7.55720787473,0
pde_nominal,9,20953,13,1,12,0,0,1,0,6.07677286409,0
pde_nominal,3,21078,8,1,19,0,14,1,0,6.61455187014,0
pde_nominal,9,20939,15,1,112,0,84,1,0,9.41814070028,0
pde_nominal,8,20820,8,1,106,0,106,1,0,5.11306441071,0
pde_nominal,9,20924,13,1,24,0,24,1,0,5.10847835116,0
pde_nominal,8,20817,14,1,5,0,0,1,0,6.86560466016,0
pde_nominal,7,20319,13,1,48,0,48,1,0,4.93806191495,0
pde_nominal,9,20922,4,0,77,0,77,1,0,4.07610060959,0
pde_nominal,7,20317,13,1,53,0,53,1,0,3.36350585489,0
pde_nominal,8,20811,14,1,7,0,0,1,0,3.5420372255,0
pde_nominal,1,18782,5,0,91,0,84,1,0,5.89035677058,0
pde_nominal,1,18774,6,0,13,0,13,1,0,8.74566670231,0
pde_nominal,8,20801,3,0,35,0,35,1,0,3.78579482778,0
pde_nominal,3,21043,15,1,26,0,26,1,0,5.40261755136,0
pde_nominal,1,18772,1,0,34,0,34,1,0,4.18298651233,0
pde_nominal,3,21042,8,1,13,0,13,1,0,4.44683382628,0
pde_nominal,7,20294,5,0,15,0,15,1,0,4.67288668402,0
pde_nominal,3,21038,1,0,76,0,44,1,0,8.20783384253,0
pde_nominal,9,20906,8,1,54,0,53,1,0,4.35545265646,0
pde_nominal,7,20284,2,0,73,0,73,1,0,5.30150899518,0
pde_nominal,1,18760,8,1,52,0,41,1,0,6.93522912171,0
pde_nominal,3,21032,13,1,38,0,20,1,0,5.0448789455,0
pde_nominal,8,20776,14,1,42,0,31,1,0,4.96889060897,0
pde_nominal,9,20896,3,0,37,0,37,1,0,5.35351392592,0
pde_nominal,9,20895,5,0,38,0,27,1,0,7.87267664234,0
pde_nominal,3,21021,1,0,72,0,28,1,0,7.69322733823,0
pde_nominal,7,20269,10,1,70,0,70,1,0,4.156777149,0
pde_nominal,7,20267,4,0,42,0,42,1,0,8.50843088386,0
pde_nominal,3,21017,0,0,49,0,46,1,0,5.9975859345,0
pde_nominal,8,20763,11,1,34,0,26,1,0,5.10689896694,0
pde_nominal,1,18746,13,1,114,0,107,1,0,7.30840623442,0
pde_nominal,8,21648,5,0,23,0,23,1,0,4.1998226369,0
pde_nominal,1,18740,3,0,59,0,57,1,0,4.91884304703,0
pde_nominal,1,18739,9,1,40,0,39,1,0,4.53493430265,0
pde_nominal,9,20876,7,0,10,0,10,1,0,4.63334526266,0
pde_nominal,9,20873,7,0,28,0,26,1,0,6.28302934441,0
pde_nominal,8,20754,8,1,122,0,113,1,0,8.3093682375,0
pde_nominal,9,20872,15,1,10,0,10,1,0,6.05453510845,0
pde_nominal,1,18731,0,0,2,0,0,1,0,3.91022204955,0
pde_nominal,3,21008,11,1,129,0,89,1,0,10.4956088018,0
pde_nominal,1,18727,2,0,12,0,12,1,0,4.38057231898,0
pde_nominal,3,21006,10,1,46,0,40,1,0,9.57101146744,0
pde_nominal,3,21005,10,1,14,0,6,1,0,5.2915272472,0
pde_nominal,7,20238,10,1,60,0,60,1,0,4.78611820776,0
pde_nominal,1,18715,7,0,46,0,46,1,0,5.20716336529,0
pde_nominal,1,18705,2,0,27,0,21,1,0,9.03372205789,0
pde_nominal,7,20219,5,0,70,0,70,1,0,4.36997316513,0
pde_nominal,1,18693,15,1,72,0,51,1,0,7.14200520237,0
pde_nominal,9,20842,9,1,25,0,0,1,0,4.5469819931,0
pde_nominal,8,20710,8,1,51,0,0,1,0,5.06129149102,0
pde_nominal,8,20708,12,1,58,0,57,1,0,5.47407532737,0
pde_nominal,1,18683,14,1,6,0,6,1,0,7.20197838107,0
pde_nominal,8,20706,4,0,49,0,49,1,0,7.87788309998,0
pde_nominal,8,20705,2,0,79,0,77,1,0,6.08114016407,0
pde_nominal,1,18674,6,0,12,0,12,1,0,4.39929737314,0
pde_nominal,3,20956,5,0,13,0,8,1,0,8.94879913446,0
pde_nominal,3,20955,7,0,52,0,46,1,0,12.5298341227,0
pde_nominal,7,20194,2,0,78,0,78,1,0,4.60464740375,0
pde_nominal,1,18666,15,1,22,0,15,1,0,3.74791904366,0
pde_nominal,1,18663,0,0,61,0,61,1,0,5.6825764703,0
pde_nominal,3,20947,14,1,120,0,114,1,0,7.9021582859,0
pde_nominal,7,20188,8,1,30,0,30,1,0,4.35297545233,0
pde_nominal,8,20690,5,0,12,0,12,1,0,4.89522589402,0
pde_nominal,7,20186,9,1,96,0,96,1,0,6.17894502955,0
pde_nominal,9,20811,6,0,112,0,112,1,0,5.75108530536,0
pde_nominal,7,20180,13,1,6,0,6,1,0,3.16868067933,0
pde_nominal,1,18656,5,0,128,0,65,1,0,9.49241179447,0
pde_nominal,7,20173,15,1,117,0,117,1,0,7.09068677356,0
pde_nominal,1,18650,4,0,28,0,28,1,0,6.02707133503,0
pde_nominal,1,18646,4,0,93,0,93,1,0,7.06128624053,0
pde_nominal,8,20656,2,0,121,0,121,1,0,7.53150792473,0
pde_nominal,9,20793,4,0,101,0,98,1,0,6.03840122238,0
pde_nominal,8,20654,11,1,32,0,24,1,0,3.85030103414,0
pde_nominal,8,20650,1,0,0,0,0,1,0,11.6532479882,0
pde_nominal,8,20649,0,0,29,0,2,1,0,4.21608978394,0
pde_nominal,1,18642,14,1,32,0,12,1,0,7.0863124067,0
pde_nominal,8,20648,12,1,12,0,2,1,0,4.22964367231,0
pde_nominal,1,18639,15,1,99,0,72,1,0,10.0627349746,0
pde_nominal,7,20157,7,0,70,0,70,1,0,4.42610933657,0
pde_nominal,7,20151,6,0,57,0,57,1,0,4.39349966889,0
pde_nominal,3,20903,12,1,85,0,85,1,0,4.64621583192,0
pde_nominal,7,20145,0,0,2,0,2,1,0,7.51946754136,0
pde_nominal,8,20634,11,1,121,18,134,1,1,7.317394901,0
pde_nominal,9,20766,0,0,21,0,17,1,0,4.25150710799,0
pde_nominal,9,20749,10,1,26,0,26,1,0,9.6061860554,0
pde_nominal,1,20695,1,0,19,0,15,1,0,3.58531388688,0
pde_nominal,9,20744,11,1,15,0,15,1,0,3.53818903832,0
pde_nominal,9,20738,12,1,55,0,50,1,0,7.80661541357,0
pde_nominal,3,20876,15,1,132,0,106,1,0,12.6637166408,0
pde_nominal,1,20685,15,1,98,0,98,1,0,6.77261375237,0
pde_nominal,1,20684,9,1,40,0,40,1,0,6.10622142164,0
pde_nominal,9,20729,13,1,29,0,29,1,0,4.01445251823,0
pde_nominal,8,20598,1,0,21,0,21,1,0,6.15521325447,0
pde_nominal,9,20724,3,0,143,0,143,1,0,6.79364256541,0
pde_nominal,1,20699,4,0,0,0,0,0,0,14.919182078,0
pde_nominal,8,20587,15,1,43,0,43,1,0,5.4749706071,0
pde_nominal,9,20714,1,0,70,0,70,1,0,7.22792728764,0
pde_nominal,3,20859,6,0,33,17,50,1,1,6.88971178901,0
pde_nominal,9,20710,7,0,113,0,74,1,0,10.7737484322,0
pde_nominal,1,20667,1,0,16,0,11,1,0,4.79233717848,0
pde_nominal,8,20578,2,0,53,0,50,1,0,3.65951400056,0
pde_nominal,7,20104,10,1,74,0,74,1,0,4.65338875275,0
pde_nominal,1,20665,4,0,32,38,70,1,1,7.52720590345,0
pde_nominal,3,20855,12,1,76,0,59,1,0,10.8552662531,0
pde_nominal,9,20703,5,0,56,0,55,1,0,4.1973146263,0
pde_nominal,1,20660,12,1,36,0,21,1,0,6.27788277975,0
pde_nominal,3,20846,1,0,9,0,4,1,0,4.25078620495,0
pde_nominal,1,20647,5,0,16,0,16,1,0,5.3202283472,0
pde_nominal,1,20645,13,1,59,0,58,1,0,8.20683928763,0
pde_nominal,8,20557,6,0,40,0,40,1,0,8.48704443506,0
pde_nominal,1,20643,12,1,68,0,68,1,0,5.83541941054,0
pde_nominal,7,20084,12,1,127,0,127,1,0,10.5776398051,0
pde_nominal,3,20838,4,0,16,0,0,1,0,3.99325627114,0
pde_nominal,8,20556,0,0,66,0,57,1,0,5.30908971139,0
pde_nominal,9,20693,1,0,213,0,196,1,0,10.7549289288,0
pde_nominal,8,20555,10,1,16,0,2,1,0,3.64929647177,0
pde_nominal,9,20689,0,0,12,0,12,1,0,3.55958300846,0
pde_nominal,1,20641,14,1,37,0,37,1,0,4.36592957096,0
pde_nominal,8,20552,3,0,97,0,97,1,0,7.65525697412,0
pde_nominal,8,20549,1,0,13,0,13,1,0,4.90373607017,0
pde_nominal,1,20632,1,0,23,0,3,1,0,6.33471102695,0
pde_nominal,1,20629,15,1,5,0,0,1,0,5.14761075375,0
pde_nominal,7,20063,0,0,4,0,4,1,0,3.88475387451,0
pde_nominal,8,20538,14,1,5,0,5,1,0,4.660157575,0
pde_nominal,7,20056,11,1,60,0,60,1,0,7.08603489932,0
pde_nominal,9,20672,10,1,70,0,64,1,0,5.99856237035,0
pde_nominal,8,20528,8,1,30,0,25,1,0,5.30275729095,0
pde_nominal,3,20814,13,1,50,0,50,1,0,5.64856981635,0
pde_nominal,7,20050,14,1,105,0,105,1,0,7.80831220737,0
pde_nominal,1,20701,2,0,65,0,39,1,0,9.35634382708,0
pde_nominal,8,20525,11,1,40,0,16,1,0,5.14924705986,0
pde_nominal,9,20671,0,0,379,0,357,1,0,16.5904177182,0
pde_nominal,8,20517,3,0,12,0,1,1,0,4.36822563775,0
pde_nominal,8,20515,3,0,73,0,52,1,0,7.01958408991,0
pde_nominal,9,20668,8,1,55,0,14,1,0,6.15557294874,0
pde_nominal,9,20666,14,1,36,0,26,1,0,3.88951713391,0
pde_nominal,9,20664,0,0,22,0,10,1,0,7.59710983881,0
pde_nominal,3,20795,10,1,36,0,24,1,0,8.4998314167,0
pde_nominal,7,20031,8,1,57,0,57,1,0,3.56476722356,0
pde_nominal,8,20507,0,0,19,0,19,1,0,2.88688189232,0
pde_nominal,8,20502,13,1,53,0,43,1,0,4.15026282122,0
pde_nominal,8,20500,14,1,55,0,40,1,0,3.48336742573,0
pde_nominal,8,20487,0,0,21,0,3,1,0,13.5953938398,0
pde_nominal,9,20646,7,0,95,0,90,1,0,7.04979628655,0
pde_nominal,1,20585,5,0,61,0,61,1,0,5.93039541039,0
pde_nominal,9,20642,13,1,47,0,44,1,0,4.91113565509,0
pde_nominal,9,20640,5,0,33,0,33,1,0,9.10599619182,0
pde_nominal,8,20473,14,1,24,0,24,1,0,3.66240123485,0
pde_nominal,8,20468,4,0,9,0,9,1,0,5.44271796867,0
pde_nominal,3,20758,14,1,41,0,17,1,0,4.43031687695,0
pde_nominal,9,20630,3,0,33,0,29,1,0,3.85157246527,0
pde_nominal,3,20756,8,1,33,0,26,1,0,3.69071343101,0
pde_nominal,9,20628,9,1,11,0,11,1,0,6.16807638871,0
pde_nominal,1,20572,7,0,73,0,56,1,0,5.03074233415,0
pde_nominal,7,19992,5,0,53,0,53,1,0,7.96737584057,0
pde_nominal,1,20702,15,1,5,0,5,1,0,6.4930896013,0
pde_nominal,8,20444,8,1,14,0,14,1,0,5.69636589134,0
pde_nominal,7,19986,2,0,272,0,272,1,0,16.7696792146,0
pde_nominal,1,20557,12,1,19,0,0,1,0,7.85986938906,0
pde_nominal,3,20737,3,0,13,0,13,1,0,3.59819440781,0
pde_nominal,3,20730,13,1,2,0,0,1,0,3.89814770727,0
pde_nominal,8,20428,6,0,16,0,11,1,0,4.54086578025,0
pde_nominal,7,19968,12,1,51,0,51,1,0,7.30511055263,0
pde_nominal,1,20546,7,0,150,0,131,1,0,13.7023428096,0
pde_nominal,1,20542,5,0,42,0,42,1,0,3.95672730065,0
pde_nominal,7,19959,0,0,157,0,157,1,0,7.07538432985,0
pde_nominal,8,20417,12,1,137,0,137,1,0,7.72690954403,0
pde_nominal,9,20595,6,0,19,0,8,1,0,4.42366202166,0
pde_nominal,7,19955,9,1,16,18,9,1,1,5.5364216784,0
pde_nominal,9,20591,8,1,45,0,45,1,0,4.42606351427,0
pde_nominal,8,20413,13,1,4,0,4,1,0,14.9472914464,0
pde_nominal,3,20706,6,0,50,0,46,1,0,5.33018231527,0
pde_nominal,1,20528,1,0,22,0,22,1,0,4.86305032132,0
pde_nominal,3,20699,5,0,85,0,85,1,0,4.08891257398,0
pde_nominal,3,20697,14,1,13,0,8,1,0,5.21478818902,0
pde_nominal,1,20525,2,0,40,0,21,1,0,7.58296861885,0
pde_nominal,8,20402,14,1,34,0,24,1,0,8.51022399955,0
pde_nominal,1,20523,6,0,50,0,50,1,0,5.79573533491,0
pde_nominal,3,20694,4,0,14,0,14,1,0,5.92438305005,0
pde_nominal,3,20692,8,1,10,0,10,1,0,6.59046875785,0
pde_nominal,9,20575,1,0,58,0,51,1,0,5.00990060629,0
pde_nominal,9,20573,8,1,89,0,89,1,0,4.78461483926,0
pde_nominal,1,20514,15,1,11,0,10,1,0,10.2110847979,0
pde_nominal,9,20565,4,0,28,0,23,1,0,3.85431282274,0
pde_nominal,3,20683,9,1,44,0,44,1,0,6.82129736402,0
pde_nominal,8,20386,9,1,69,0,69,1,0,6.52835215099,0
pde_nominal,3,20681,7,0,38,0,38,1,0,4.78218290422,0
pde_nominal,9,20563,3,0,73,29,101,1,1,8.29990849134,0
pde_nominal,8,20385,6,0,93,0,81,1,0,5.78778333409,0
pde_nominal,7,19922,13,1,93,0,93,1,0,7.53120590845,0
pde_nominal,1,20507,7,0,108,0,97,1,0,5.1590888451,0
pde_nominal,7,19917,15,1,24,0,24,1,0,9.05520964334,0
pde_nominal,1,20500,2,0,20,0,20,1,0,6.61308016797,0
pde_nominal,1,20497,10,1,15,0,15,1,0,5.12812102799,0
pde_nominal,7,19913,6,0,33,0,33,1,0,4.53019531605,0
pde_nominal,3,20668,7,0,3,0,3,1,0,3.65959951129,0
pde_nominal,9,20540,6,0,34,0,23,1,0,6.08151418832,0
pde_nominal,8,20359,6,0,40,0,11,1,0,4.86167983806,0
pde_nominal,7,19890,10,1,102,0,102,1,0,11.5071349576,0
pde_nominal,8,20351,12,1,38,0,38,1,0,11.2907025206,0
pde_nominal,8,20347,13,1,117,0,82,1,0,6.85877753509,0
pde_nominal,7,19881,5,0,12,0,12,1,0,4.47392522972,0
pde_nominal,8,20346,1,0,113,0,96,1,0,8.20962222788,0
pde_nominal,3,20649,9,1,24,0,7,1,0,5.46628986332,0
pde_nominal,3,20646,0,0,134,42,176,1,1,12.848105855,0
pde_nominal,8,20336,7,0,29,0,29,1,0,3.89284241867,0
pde_nominal,7,19872,8,1,51,0,51,1,0,6.40956467046,0
pde_nominal,3,20637,1,0,46,0,34,1,0,5.0183711323,0
pde_nominal,8,20331,3,0,3,0,0,1,0,6.29269065319,0
pde_nominal,3,20636,6,0,19,0,0,1,0,6.6998997987,0
pde_nominal,1,20461,12,1,5,0,0,1,0,3.71507887654,0
pde_nominal,3,20635,12,1,46,0,0,1,0,4.27843019335,0
pde_nominal,9,20511,13,1,14,0,0,1,0,4.60523506003,0
pde_nominal,1,20454,0,0,92,0,42,1,0,8.46125073537,0
pde_nominal,7,19863,9,1,47,0,47,1,0,5.1933844868,0
pde_nominal,3,20628,0,0,23,0,2,1,0,3.7937276695,0
pde_nominal,9,20503,10,1,40,0,0,1,0,4.16341352087,0
pde_nominal,8,20309,1,0,13,0,13,1,0,4.2442433104,0
pde_nominal,3,20624,10,1,44,0,44,1,0,3.24392752007,0
pde_nominal,9,20500,15,1,19,0,18,1,0,6.43575969065,0
pde_nominal,7,19850,2,0,59,0,59,1,0,6.28313249283,0
pde_nominal,3,20615,8,1,24,0,20,1,0,3.44560095831,0
pde_nominal,1,20437,7,0,15,0,2,1,0,3.85663346028,0
pde_nominal,9,20487,10,1,15,0,0,1,0,3.54048958847,0
pde_nominal,8,20296,14,1,62,0,62,1,0,3.99048522994,0
pde_nominal,7,19834,13,1,66,0,66,1,0,8.27992137044,0
pde_nominal,7,19833,10,1,10,0,10,1,0,4.06595859072,0
pde_nominal,1,20424,2,0,67,0,67,1,0,7.42725194932,0
pde_nominal,9,20472,3,0,84,0,81,1,0,5.22486014818,0
pde_nominal,1,20416,5,0,21,0,16,1,0,5.9686224166,0
pde_nominal,3,20591,7,0,36,0,14,1,0,4.74430678516,0
pde_nominal,1,20414,11,1,64,0,18,1,0,5.38055879184,0
pde_nominal,8,20282,13,1,65,0,65,1,0,4.59116774845,0
pde_nominal,9,20462,7,0,23,0,23,1,0,6.19704422857,0
pde_nominal,3,20581,14,1,57,0,57,1,0,8.85577669874,0
pde_nominal,8,20280,11,1,179,0,162,1,0,11.5935896893,0
pde_nominal,8,20276,4,0,33,0,33,1,0,5.49661262154,0
pde_nominal,1,20396,11,1,13,0,6,1,0,4.10724747959,0
pde_nominal,9,20454,12,1,17,0,1,1,0,4.58991503908,0
pde_nominal,1,20391,14,1,35,0,35,1,0,6.00136169448,0
pde_nominal,9,20453,3,0,31,0,14,1,0,4.05361341116,0
pde_nominal,1,20389,0,0,16,0,12,1,0,6.15390657424,0
pde_nominal,8,20266,8,1,76,0,49,1,0,6.26826765321,0
pde_nominal,3,20565,9,1,53,0,42,1,0,7.03737088509,0
pde_nominal,3,20564,13,1,5,0,5,1,0,6.54478968512,0
pde_nominal,7,19792,7,0,43,0,43,1,0,3.71315732749,0
pde_nominal,3,20561,7,0,21,0,21,1,0,3.53641194916,0
pde_nominal,8,20258,13,1,16,0,16,1,0,2.96177563603,0
pde_nominal,7,19789,14,1,63,0,63,1,0,6.20478833254,0
pde_nominal,8,20254,7,0,27,0,27,1,0,8.2491510219,0
pde_nominal,1,20373,0,0,21,0,21,1,0,3.1132824661,0
pde_nominal,9,20442,1,0,8,0,8,1,0,3.92018727931,0
pde_nominal,8,20243,8,1,98,0,80,1,0,7.40291191267,0
pde_nominal,1,20357,10,1,64,0,64,1,0,9.71822335628,0
pde_nominal,1,20356,15,1,16,0,16,1,0,6.70398316802,0
pde_nominal,8,20237,14,1,59,0,55,1,0,4.1234348366,0
pde_nominal,9,20426,14,1,55,0,55,1,0,6.27898138565,0
pde_nominal,7,19764,8,1,99,0,99,1,0,6.22284454331,0
pde_nominal,8,20224,3,0,31,0,31,1,0,6.33898017833,0
pde_nominal,9,20415,13,1,49,0,24,1,0,4.01994785736,0
pde_nominal,1,20342,0,0,203,0,183,1,0,11.3117655694,0
pde_nominal,9,20414,7,0,24,0,9,1,0,4.75567704838,0
pde_nominal,7,19752,7,0,98,0,98,1,0,6.60222441121,0
pde_nominal,1,20338,15,1,41,0,25,1,0,3.6837502099,0
pde_nominal,8,20211,8,1,4,0,4,1,0,4.48400843859,0
pde_nominal,9,20405,10,1,27,0,27,1,0,3.80863121382,0
pde_nominal,1,20330,15,1,54,0,54,1,0,6.10154028997,0
pde_nominal,8,20207,2,0,11,0,11,1,0,5.29493381684,0
pde_nominal,7,19747,3,0,154,0,154,1,0,7.27597346053,0
pde_nominal,8,20205,13,1,25,0,0,1,0,7.33742364164,0
pde_nominal,9,20397,5,0,34,0,0,1,0,8.36582594504,0
pde_nominal,9,20393,14,1,6,0,0,1,0,6.03701408897,0
pde_nominal,9,20390,10,1,14,0,0,1,0,4.10734292837,0
pde_nominal,8,20198,5,0,48,0,25,1,0,4.64968226101,0
pde_nominal,1,20319,6,0,97,0,81,1,0,7.49744058667,0
pde_nominal,3,20498,0,0,48,0,48,1,0,5.59943641335,0
pde_nominal,8,20195,14,1,63,0,63,1,0,6.37558272297,0
pde_nominal,7,19735,4,0,36,0,36,1,0,4.11576009945,0
pde_nominal,7,19727,3,0,36,0,36,1,0,5.33068097224,0
pde_nominal,9,20376,0,0,85,0,76,1,0,7.16842495573,0
pde_nominal,9,20373,12,1,47,0,38,1,0,8.20754471623,0
pde_nominal,9,20369,14,1,65,0,65,1,0,6.36565458308,0
pde_nominal,8,20183,7,0,101,0,99,1,0,5.81705214166,0
pde_nominal,9,20365,1,0,11,0,9,1,0,3.40857858161,0
pde_nominal,8,20181,15,1,54,0,34,1,0,5.1622957575,0
pde_nominal,3,20490,9,1,83,0,72,1,0,7.87097017308,0
pde_nominal,9,20361,6,0,109,0,94,1,0,5.71944052193,0
pde_nominal,7,19714,7,0,39,0,39,1,0,5.27777527062,0
pde_nominal,7,19710,0,0,18,0,18,1,0,5.45430433943,0
pde_nominal,8,20172,12,1,81,0,81,1,0,5.43968080093,0
pde_nominal,3,20482,6,0,69,0,69,1,0,4.77159781098,0
pde_nominal,9,20349,9,1,35,0,27,1,0,4.60686391735,0
pde_nominal,1,20288,15,1,15,0,15,1,0,4.93615594129,0
pde_nominal,9,20338,0,0,17,0,17,1,0,3.64632787008,0
pde_nominal,7,19674,8,1,39,0,39,1,0,5.44131197598,0
pde_nominal,1,20270,5,0,49,0,40,1,0,4.72319832651,0
pde_nominal,7,19668,3,0,125,0,125,1,0,7.38332169066,0
pde_nominal,9,20325,14,1,55,0,55,1,0,4.13169552643,0
pde_nominal,1,20262,8,1,8,0,1,1,0,4.48693632993,0
pde_nominal,1,20254,4,0,70,0,63,1,0,6.22016228656,0
pde_nominal,7,19655,10,1,54,0,54,1,0,7.46296882084,0
pde_nominal,7,19652,8,1,95,0,95,1,0,4.54129975126,0
pde_nominal,7,19644,7,0,10,0,10,1,0,3.76279748165,0
pde_nominal,7,19642,0,0,47,0,47,1,0,4.43091493158,0
pde_nominal,7,19641,12,1,15,0,15,1,0,6.00525070998,0
pde_nominal,3,20432,4,0,88,0,88,1,0,8.23045042603,0
pde_nominal,9,20301,14,1,7,0,5,1,0,5.79910172954,0
pde_nominal,7,19635,1,0,40,0,40,1,0,4.40977100225,0
pde_nominal,1,20241,5,0,8,0,8,1,0,4.38141590796,0
pde_nominal,1,20239,13,1,37,0,37,1,0,8.55572529897,0
pde_nominal,1,20236,10,1,55,0,33,1,0,4.12797893458,0
pde_nominal,9,20290,8,1,85,0,30,1,0,7.45393936937,0
pde_nominal,8,20106,1,0,33,0,19,1,0,4.22605081515,0
pde_nominal,3,20417,10,1,8,0,8,1,0,5.4524919262,0
pde_nominal,9,20286,13,1,51,0,51,1,0,4.05888139901,0
pde_nominal,7,19623,3,0,54,0,54,1,0,3.7589932389,0
pde_nominal,8,20095,9,1,56,0,56,1,0,8.23245060456,0
pde_nominal,9,20280,8,1,7,0,7,1,0,3.62827532841,0
pde_nominal,9,20278,3,0,102,0,102,1,0,8.33050847401,0
pde_nominal,8,20090,6,0,10,0,10,1,0,4.97951532568,0
pde_nominal,9,20277,5,0,58,23,81,1,1,6.3200351057,0
pde_nominal,7,19619,2,0,32,0,32,1,0,5.10908953302,0
pde_nominal,9,20273,6,0,56,0,27,1,0,13.8542088529,0
pde_nominal,8,20082,2,0,17,0,17,1,0,5.92347167402,0
pde_nominal,1,20212,0,0,38,0,18,1,0,5.48908880775,0
pde_nominal,9,20261,15,1,131,0,125,1,0,10.4937819758,0
pde_nominal,8,20070,0,0,29,0,8,1,0,4.10209734313,0
pde_nominal,7,19593,9,1,27,0,27,1,0,4.44108433264,0
pde_nominal,8,20069,10,1,32,0,32,1,0,9.72311498877,0
pde_nominal,3,20381,10,1,32,0,31,1,0,4.78180521442,0
pde_nominal,8,20061,3,0,26,0,23,1,0,4.17422164537,0
pde_nominal,9,20243,3,0,11,0,11,1,0,3.70951676531,0
pde_nominal,1,20180,10,1,61,0,61,1,0,4.76996412048,0
pde_nominal,3,20371,7,0,26,0,3,1,0,6.39448197598,0
pde_nominal,9,20238,5,0,6,0,2,1,0,7.6130312558,0
pde_nominal,9,20235,13,1,49,19,68,1,1,6.75547540495,0
pde_nominal,1,20172,6,0,13,0,13,1,0,3.4331583385,0
pde_nominal,3,20368,13,1,28,0,25,1,0,3.76172284818,0
pde_nominal,7,19570,5,0,13,0,13,1,0,5.46404298305,0
pde_nominal,3,20361,3,0,15,0,4,1,0,5.90582308318,0
pde_nominal,9,20228,4,0,52,0,9,1,0,4.79489330692,0
pde_nominal,3,20358,13,1,8,0,0,1,0,3.90026989853,0
pde_nominal,1,20159,0,0,15,0,1,1,0,3.76218106695,0
pde_nominal,8,20031,7,0,2,0,0,1,0,4.4947502938,0
pde_nominal,7,19560,14,1,13,0,13,1,0,6.40216293403,0
pde_nominal,8,20027,2,0,55,0,34,1,0,5.46824230057,0
pde_nominal,3,20344,0,0,8,0,8,1,0,5.72279942161,0
pde_nominal,7,19551,7,0,46,0,46,1,0,6.08124649055,0
pde_nominal,7,19550,3,0,32,0,32,1,0,5.78903506631,0
pde_nominal,9,20212,14,1,41,0,40,1,0,8.52461909339,0
pde_nominal,9,20208,8,1,12,0,12,1,0,4.2671285251,0
pde_nominal,3,21193,6,0,75,0,75,1,0,12.2779022919,0
pde_nominal,7,19547,9,1,156,0,156,1,0,8.1966450758,0
pde_nominal,8,20016,0,0,2,0,2,1,0,3.42942762271,0
pde_nominal,8,20013,0,0,94,0,16,1,0,5.79120117488,0
pde_nominal,1,20131,14,1,20,0,0,1,0,8.83281240065,0
pde_nominal,3,20322,8,1,28,0,28,1,0,5.39644521765,0
pde_nominal,9,20193,10,1,7,0,7,1,0,4.03427000843,0
pde_nominal,1,20126,6,0,58,0,57,1,0,5.65349917894,0
pde_nominal,7,19537,14,1,32,0,32,1,0,5.37487458233,0
pde_nominal,9,20185,13,1,20,0,10,1,0,5.61870533211,0
pde_nominal,9,20184,6,0,14,0,14,1,0,6.14250370271,0
pde_nominal,9,20180,8,1,20,0,15,1,0,4.48443302895,0
pde_nominal,9,20176,2,0,25,0,16,1,0,4.3356938531,0
pde_nominal,7,19512,8,1,10,0,10,1,0,5.68629700641,0
pde_nominal,3,20309,10,1,40,0,39,1,0,6.27233751978,0
pde_nominal,7,19511,5,0,37,0,37,1,0,4.59452999279,0
pde_nominal,1,20108,11,1,72,0,60,1,0,9.48885827567,0
pde_nominal,1,20710,11,1,0,0,0,0,0,10.6651697589,0
pde_nominal,1,20107,12,1,36,0,1,1,0,4.6519388013,0
pde_nominal,9,20165,4,0,27,0,24,1,0,6.20179729537,0
pde_nominal,9,20161,0,0,35,0,21,1,0,6.55496508872,0
pde_nominal,3,20290,9,1,13,0,6,1,0,3.3826120779,0
pde_nominal,9,20157,4,0,85,0,39,1,0,5.46853851173,0
pde_nominal,3,20286,0,0,49,0,5,1,0,6.15245928307,0
pde_nominal,8,19970,15,1,23,0,0,1,0,5.58027692913,0
pde_nominal,8,21655,15,1,0,0,0,0,0,8.08809320968,0
pde_nominal,9,20153,6,0,67,0,67,1,0,4.06394247578,0
pde_nominal,3,20275,3,0,3,0,0,1,0,4.94480130926,0
pde_nominal,8,19961,9,1,107,0,81,1,0,9.37188262538,0
pde_nominal,3,20274,9,1,60,0,60,1,0,4.13130929311,0
pde_nominal,9,20151,11,1,26,0,26,1,0,6.69256003708,0
pde_nominal,1,20077,12,1,93,0,93,1,0,5.92205236922,0
pde_nominal,8,19955,5,0,58,0,58,1,0,4.21621840533,0
pde_nominal,7,19466,9,1,85,0,85,1,0,6.22419300943,0
pde_nominal,9,20137,8,1,11,0,4,1,0,5.37575978808,0
pde_nominal,9,20134,2,0,40,0,38,1,0,4.92123040102,0
pde_nominal,8,19939,1,0,43,0,33,1,0,4.35257877979,0
pde_nominal,7,19454,1,0,22,0,22,1,0,5.74760069425,0
pde_nominal,1,20057,12,1,20,0,20,1,0,3.17862242745,0
pde_nominal,7,19447,1,0,11,0,11,1,0,7.72709269678,0
pde_nominal,3,20257,11,1,23,0,23,1,0,11.181941601,0
pde_nominal,3,20256,8,1,84,0,83,1,0,6.89068721467,0
pde_nominal,1,20049,7,0,6,0,6,1,0,5.86751983203,0
pde_nominal,9,20121,7,0,16,0,16,1,0,4.59817778415,0
pde_nominal,8,19933,13,1,363,0,320,1,0,17.7468087757,0
pde_nominal,9,20115,3,0,41,0,41,1,0,5.27391081363,0
pde_nominal,7,19436,1,0,50,0,50,1,0,4.64377720468,0
pde_nominal,8,19925,1,0,23,0,10,1,0,7.72184563905,0
pde_nominal,7,19429,10,1,65,0,65,1,0,6.42105603269,0
pde_nominal,1,20712,9,1,21,0,21,1,0,10.7749704898,0
pde_nominal,9,20109,13,1,33,13,35,1,1,5.93573030765,0
pde_nominal,1,20026,1,0,27,0,0,1,0,5.63787431738,0
pde_nominal,9,20100,7,0,63,0,45,1,0,5.12449765266,0
pde_nominal,8,19914,6,0,96,0,78,1,0,5.83480328921,0
pde_nominal,3,20233,13,1,41,0,41,1,0,7.02256569105,0
pde_nominal,9,20098,13,1,4,0,0,1,0,6.36112053001,0
pde_nominal,7,19406,11,1,12,0,12,1,0,8.26021643387,0
pde_nominal,8,19900,9,1,11,0,0,1,0,3.78335845131,0
pde_nominal,1,20008,10,1,21,0,17,1,0,5.61263529294,0
pde_nominal,8,19896,0,0,23,0,6,1,0,9.61000783522,0
pde_nominal,3,20220,5,0,54,0,40,1,0,7.17520890656,0
pde_nominal,3,20217,5,0,36,0,36,1,0,6.2758937925,0
pde_nominal,9,20076,0,0,73,0,73,1,0,6.17389196176,0
pde_nominal,8,19887,12,1,93,0,93,1,0,12.0388706385,0
pde_nominal,8,19885,11,1,39,0,18,1,0,7.54959417253,0
pde_nominal,9,20066,7,0,37,0,13,1,0,8.5995571479,0
pde_nominal,1,19991,6,0,128,0,125,1,0,7.41892314606,0
pde_nominal,9,20057,14,1,20,0,20,1,0,4.7382189857,0
pde_nominal,1,19988,2,0,98,0,94,1,0,6.83350768757,0
pde_nominal,7,19379,6,0,79,0,79,1,0,5.46169289213,0
pde_nominal,8,19872,3,0,116,0,85,1,0,10.2625760551,0
pde_nominal,3,20192,5,0,56,0,42,1,0,4.55521512606,0
pde_nominal,9,20051,12,1,99,0,44,1,0,11.4164263265,0
pde_nominal,7,19368,8,1,27,0,27,1,0,5.04912242618,0
pde_nominal,1,19981,10,1,37,0,37,1,0,3.91680282598,0
pde_nominal,8,19862,9,1,26,0,26,1,0,5.33725849492,0
pde_nominal,1,19978,10,1,57,0,57,1,0,5.93343249144,0
pde_nominal,3,20181,15,1,36,0,23,1,0,5.39779600982,0
pde_nominal,3,20180,11,1,25,0,18,1,0,3.13048357937,0
pde_nominal,9,20048,5,0,50,0,27,1,0,3.32976449285,0
pde_nominal,9,20047,10,1,43,0,43,1,0,4.89580525627,0
pde_nominal,8,19855,10,1,24,0,24,1,0,4.18244663903,0
pde_nominal,3,20176,11,1,49,0,49,1,0,4.63693198946,0
pde_nominal,9,20044,1,0,53,33,86,1,1,6.11369544084,0
pde_nominal,9,20043,3,0,24,0,24,1,0,5.31049700878,0
pde_nominal,3,20174,6,0,118,0,118,1,0,9.07031613136,0
pde_nominal,7,19357,12,1,66,0,66,1,0,4.65562261972,0
pde_nominal,7,19353,10,1,21,0,21,1,0,5.21715307783,0
pde_nominal,3,20161,1,0,45,0,42,1,0,4.08133051837,0
pde_nominal,3,21198,1,0,0,0,0,0,0,6.40106169652,0
pde_nominal,9,20026,8,1,4,0,0,1,0,6.81078678576,0
pde_nominal,7,19344,15,1,27,0,27,1,0,7.06309202791,0
pde_nominal,1,21316,7,0,21,0,21,1,0,11.5086521783,0
pde_nominal,3,20155,4,0,35,0,32,1,0,5.15281361364,0
pde_nominal,9,20019,6,0,24,0,22,1,0,3.98021277165,0
pde_nominal,3,20145,9,1,21,0,21,1,0,5.8506944333,0
pde_nominal,3,20142,5,0,59,0,55,1,0,5.32512229601,0
pde_nominal,8,19827,10,1,63,0,63,1,0,4.5959667647,0
pde_nominal,9,20015,14,1,69,0,69,1,0,4.74336693759,0
pde_nominal,7,19331,3,0,89,0,89,1,0,5.0096598739,0
pde_nominal,1,21304,4,0,28,0,0,1,0,8.31281064303,0
pde_nominal,9,20010,6,0,53,0,53,1,0,6.77180719324,0
pde_nominal,1,21291,8,1,70,0,52,1,0,7.51538457354,0
pde_nominal,7,19315,15,1,140,0,140,1,0,7.46806331086,0
pde_nominal,7,19312,14,1,22,0,22,1,0,4.67133885987,0
pde_nominal,8,19812,5,0,95,0,25,1,0,6.08605810148,0
pde_nominal,7,19309,13,1,32,0,32,1,0,4.62857249918,0
pde_nominal,8,19811,13,1,58,0,57,1,0,5.42010533228,0
pde_nominal,7,19308,15,1,49,0,49,1,0,3.98410736484,0
pde_nominal,9,19991,6,0,17,0,17,1,0,4.71091016273,0
pde_nominal,1,21326,5,0,32,0,32,1,0,9.10578239871,0
pde_nominal,3,20106,13,1,30,0,30,1,0,10.5355476457,0
pde_nominal,7,19297,4,0,49,0,49,1,0,9.46498717597,0
pde_nominal,1,21274,9,1,45,0,45,1,0,4.33002044748,0
pde_nominal,3,20104,5,0,37,0,37,1,0,3.46682250367,0
pde_nominal,8,19802,5,0,37,0,37,1,0,3.68866827759,0
pde_nominal,3,20101,1,0,44,0,44,1,0,5.56651714188,0
pde_nominal,8,19799,4,0,43,0,43,1,0,4.55302757466,0
pde_nominal,8,19796,7,0,36,0,36,1,0,4.24546270001,0
pde_nominal,9,19981,7,0,29,17,46,1,1,5.13278748188,0
pde_nominal,9,19979,0,0,37,0,37,1,0,3.8656838777,0
pde_nominal,7,19291,4,0,12,0,12,1,0,5.85546817933,0
pde_nominal,1,21263,3,0,48,0,48,1,0,7.23086867889,0
pde_nominal,3,20090,5,0,53,0,53,1,0,3.54536028043,0
pde_nominal,7,19283,2,0,19,0,19,1,0,4.64503625106,0
pde_nominal,3,20083,14,1,207,0,202,1,0,8.58961792136,0
pde_nominal,9,19963,6,0,19,0,19,1,0,5.80380952132,0
pde_nominal,9,19962,13,1,4,0,4,1,0,3.03370307925,0
pde_nominal,9,19943,15,1,13,0,13,1,0,3.95860209525,0
pde_nominal,1,21243,0,0,26,0,22,1,0,7.36152647841,0
pde_nominal,1,21241,10,1,31,0,7,1,0,5.42647355387,0
pde_nominal,7,19256,10,1,23,0,23,1,0,8.36536462708,0
pde_nominal,3,20050,1,0,17,0,14,1,0,6.539781695,0
pde_nominal,8,19755,4,0,25,0,23,1,0,3.22403404825,0
pde_nominal,8,19740,5,0,151,0,147,1,0,11.3012834989,0
pde_nominal,9,19909,7,0,16,0,16,1,0,5.68218417155,0
pde_nominal,8,19738,6,0,75,0,49,1,0,6.8398285091,0
pde_nominal,8,19736,11,1,76,0,76,1,0,5.94044171297,0
pde_nominal,3,20032,10,1,58,0,58,1,0,3.31368215477,0
pde_nominal,8,19733,4,0,65,0,65,1,0,7.00889998075,0
pde_nominal,1,21214,5,0,15,0,15,1,0,8.34226233407,0
pde_nominal,8,19732,11,1,32,16,48,1,1,6.43603530611,0
pde_nominal,1,21213,8,1,11,0,11,1,0,4.34237620295,0
pde_nominal,3,20029,12,1,31,0,30,1,0,4.89738377676,0
pde_nominal,8,19730,10,1,7,0,4,1,0,5.18557791775,0
pde_nominal,9,19898,3,0,60,0,60,1,0,8.19920091601,0
pde_nominal,1,21208,12,1,65,0,65,1,0,4.29113928572,0
pde_nominal,9,19896,12,1,0,0,0,1,0,3.71427743287,0
pde_nominal,1,21207,4,0,26,0,26,1,0,5.46480252322,0
pde_nominal,7,19223,3,0,71,0,71,1,0,3.61969489602,0
pde_nominal,3,20023,8,1,33,0,33,1,0,5.30272021248,0
pde_nominal,9,19890,4,0,81,0,81,1,0,5.35359133943,0
pde_nominal,8,19722,10,1,56,0,56,1,0,7.12244782282,0
pde_nominal,1,21197,3,0,69,0,69,1,0,5.46534692566,0
pde_nominal,9,19880,12,1,100,0,100,1,0,9.14636638472,0
pde_nominal,1,21190,13,1,22,0,22,1,0,4.11438605032,0
pde_nominal,1,21187,3,0,92,0,92,1,0,4.34258926795,0
pde_nominal,3,20005,14,1,90,0,90,1,0,7.10474406995,0
pde_nominal,8,19694,11,1,7,0,7,1,0,5.48304737374,0
pde_nominal,9,19864,8,1,4,0,4,1,0,5.50425950641,0
pde_nominal,7,19178,6,0,94,0,94,1,0,4.50928452884,0
pde_nominal,8,19686,3,0,12,0,12,1,0,13.0705228721,0
pde_nominal,8,19685,8,1,54,0,54,1,0,4.48244344957,0
pde_nominal,1,21175,11,1,60,0,60,1,0,4.40120952038,0
pde_nominal,3,19984,3,0,24,0,20,1,0,11.8005292098,0
pde_nominal,3,21202,3,0,0,0,0,0,0,12.9016931966,0
pde_nominal,1,21158,10,1,93,0,93,1,0,3.81791139446,0
pde_nominal,8,19670,8,1,15,0,15,1,0,4.57861077424,0
pde_nominal,9,19849,8,1,7,0,7,1,0,4.87646034691,0
pde_nominal,8,19665,11,1,37,0,37,1,0,3.30009738861,0
pde_nominal,3,19972,10,1,62,0,62,1,0,5.4608610811,0
pde_nominal,3,19970,6,0,58,0,58,1,0,4.82178068141,0
pde_nominal,3,19968,14,1,115,0,115,1,0,5.74821170925,0
pde_nominal,3,19963,9,1,20,0,20,1,0,10.584335705,0
pde_nominal,8,19655,7,0,70,0,70,1,0,3.72927192575,0
pde_nominal,8,19652,7,0,40,0,40,1,0,5.43545100558,0
pde_nominal,7,22135,14,1,8,0,8,1,0,7.80139899282,0
pde_nominal,3,19953,12,1,12,0,12,1,0,6.28864556837,0
pde_nominal,3,19944,15,1,45,0,34,1,0,8.31792733459,0
pde_nominal,7,22125,14,1,22,0,22,1,0,5.74376663422,0
pde_nominal,9,19813,1,0,79,24,73,1,1,5.66002686629,0
pde_nominal,7,22121,2,0,80,0,80,1,0,4.24434426886,0
pde_nominal,8,19630,14,1,21,0,21,1,0,5.21979174063,0
pde_nominal,1,21122,4,0,27,0,27,1,0,3.82067150385,0
pde_nominal,8,19624,4,0,9,0,9,1,0,7.87216776639,0
pde_nominal,3,19924,3,0,50,0,29,1,0,6.0808926379,0
pde_nominal,1,21114,13,1,9,0,8,1,0,6.3812837238,0
pde_nominal,9,19798,13,1,5,0,5,1,0,5.94807465793,0
pde_nominal,8,19621,3,0,31,0,31,1,0,4.69293813868,0
pde_nominal,9,19797,10,1,81,0,81,1,0,5.81400462451,0
pde_nominal,3,19919,5,0,101,0,101,1,0,7.7146770514,0
pde_nominal,7,22100,7,0,45,0,45,1,0,4.72805763097,0
pde_nominal,8,19612,1,0,36,0,23,1,0,4.55930414992,0
pde_nominal,9,19788,2,0,63,0,54,1,0,10.7926363315,0
pde_nominal,9,19786,13,1,25,0,25,1,0,4.20042537941,0
pde_nominal,1,21099,7,0,2,2,1,1,1,5.23984029755,0
pde_nominal,1,21096,12,1,21,0,21,1,0,4.29852480853,0
pde_nominal,8,19603,0,0,44,0,44,1,0,3.72376729814,0
pde_nominal,7,22090,10,1,27,0,27,1,0,5.11081502868,0
pde_nominal,1,21089,6,0,17,0,17,1,0,3.81344604937,0
pde_nominal,8,19589,8,1,107,0,107,1,0,4.23796134412,0
pde_nominal,7,22079,15,1,78,0,78,1,0,4.7019460842,0
pde_nominal,3,19895,1,0,41,0,36,1,0,4.44073306994,0
pde_nominal,1,21079,13,1,19,0,19,1,0,10.2711947916,0
pde_nominal,9,19762,10,1,59,0,59,1,0,5.32060330915,0
pde_nominal,7,22074,13,1,74,0,74,1,0,7.7222292594,0
pde_nominal,3,19887,10,1,14,0,6,1,0,4.74439146611,0
pde_nominal,7,22068,14,1,27,0,27,1,0,5.26169570676,0
pde_nominal,1,21068,2,0,68,0,68,1,0,5.70986032945,0
pde_nominal,7,22065,15,1,121,0,121,1,0,10.4864014363,0
pde_nominal,3,19872,13,1,13,0,13,1,0,5.17941147691,0
pde_nominal,7,22062,4,0,205,0,205,1,0,10.8424079739,0
pde_nominal,8,19565,9,1,31,0,31,1,0,5.12330399427,0
pde_nominal,1,21058,15,1,50,0,50,1,0,4.53842504138,0
pde_nominal,1,21053,5,0,51,0,51,1,0,8.20970078749,0
pde_nominal,3,19871,8,1,267,0,266,1,0,12.6274467778,0
pde_nominal,3,21204,8,1,0,0,0,0,0,15.6604540778,0
pde_nominal,7,22051,6,0,40,0,40,1,0,6.5014549807,0
pde_nominal,8,19560,2,0,27,0,24,1,0,6.57980141807,0
pde_nominal,1,21049,13,1,28,0,15,1,0,4.01408710723,0
pde_nominal,3,19858,9,1,27,0,0,1,0,10.4064084795,0
pde_nominal,1,21039,12,1,50,0,23,1,0,5.38023553146,0
pde_nominal,9,19725,0,0,64,0,62,1,0,4.54310892621,0
pde_nominal,1,21030,12,1,17,0,14,1,0,3.7364649909,0
pde_nominal,3,19851,8,1,26,0,20,1,0,6.26196918896,0
pde_nominal,9,19720,7,0,30,0,28,1,0,8.75406361083,0
pde_nominal,7,22033,13,1,42,0,42,1,0,7.44547395459,0
pde_nominal,3,19850,11,1,192,0,178,1,0,8.80138649355,0
pde_nominal,1,21025,6,0,6,0,0,1,0,5.84188373142,0
pde_nominal,9,19715,14,1,30,0,14,1,0,3.78695988504,0
pde_nominal,8,19526,1,0,9,0,2,1,0,4.88009319849,0
pde_nominal,8,21659,1,0,0,0,0,0,0,5.64459604214,0
pde_nominal,3,19845,9,1,55,0,24,1,0,6.44664343936,0
pde_nominal,9,19712,15,1,23,0,17,1,0,5.0561479565,0
pde_nominal,7,22024,12,1,11,0,11,1,0,5.47686391185,0
pde_nominal,9,19708,0,0,47,0,17,1,0,8.20685901601,0
pde_nominal,8,19519,14,1,116,34,142,1,1,10.8692797519,0
pde_nominal,8,19518,3,0,45,0,45,1,0,4.65144499984,0
pde_nominal,1,21005,2,0,86,0,85,1,0,5.18794986374,0
pde_nominal,3,19834,7,0,0,0,0,1,0,3.5401142422,0
pde_nominal,9,19705,2,0,83,0,81,1,0,4.75889030912,0
pde_nominal,9,19702,12,1,35,0,25,1,0,7.51379347684,0
pde_nominal,7,21998,2,0,12,0,12,1,0,4.31217426002,0
pde_nominal,9,19686,6,0,35,0,14,1,0,5.2470021935,0
pde_nominal,7,21995,3,0,106,0,106,1,0,5.89855693971,0
pde_nominal,3,19816,12,1,13,0,13,1,0,10.2290632198,0
pde_nominal,8,19507,12,1,30,0,26,1,0,6.14445221886,0
pde_nominal,1,20987,13,1,54,0,23,1,0,5.82126562638,0
pde_nominal,3,19811,12,1,63,0,31,1,0,5.56326703554,0
pde_nominal,9,19678,3,0,22,0,12,1,0,4.20861055213,0
pde_nominal,7,21987,13,1,36,21,26,1,1,5.56004585329,0
pde_nominal,3,19795,6,0,52,0,52,1,0,6.06344423797,0
pde_nominal,1,20982,1,0,85,0,80,1,0,4.64612045137,0
pde_nominal,9,19671,4,0,2,0,2,1,0,7.35098917555,0
pde_nominal,7,21979,4,0,49,0,49,1,0,5.91191922534,0
pde_nominal,8,19495,5,0,54,0,34,1,0,7.35924241002,0
pde_nominal,1,20978,5,0,25,0,14,1,0,6.73480424003,0
pde_nominal,1,21328,13,1,38,0,38,1,0,7.42702638138,0
pde_nominal,9,19665,10,1,60,0,60,1,0,11.0720395277,0
pde_nominal,7,21972,11,1,5,0,5,1,0,6.38755325087,0
pde_nominal,7,21971,2,0,53,0,53,1,0,6.6459759981,0
pde_nominal,9,19657,2,0,11,0,9,1,0,7.96724650673,0
pde_nominal,8,19484,1,0,39,0,24,1,0,7.29239798278,0
pde_nominal,8,21661,1,0,0,0,0,0,0,8.10595324618,0
pde_nominal,3,19772,15,1,93,0,62,1,0,7.17158483228,0
pde_nominal,3,19770,11,1,31,0,31,1,0,4.34100805504,0
pde_nominal,8,19474,3,0,0,0,0,1,0,7.16327393199,0
pde_nominal,1,20963,10,1,96,0,53,1,0,8.80872981168,0
pde_nominal,3,19758,5,0,20,0,1,1,0,5.1431064451,0
pde_nominal,8,19468,0,0,15,0,0,1,0,2.94529028636,0
pde_nominal,9,19641,7,0,70,0,1,1,0,7.38315642746,0
pde_nominal,8,19464,13,1,16,0,0,1,0,4.20409648997,0
pde_nominal,7,21944,9,1,19,0,19,1,0,5.3841921973,0
pde_nominal,7,21941,10,1,35,0,35,1,0,5.18796077038,0
pde_nominal,8,19462,7,0,88,0,80,1,0,7.34920707627,0
pde_nominal,1,20954,1,0,64,0,64,1,0,4.83164294747,0
pde_nominal,3,19751,2,0,10,0,2,1,0,4.6215634003,0
pde_nominal,1,20950,11,1,66,0,63,1,0,5.2904697585,0
pde_nominal,8,19453,15,1,20,0,8,1,0,4.97796412599,0
pde_nominal,9,19628,7,0,15,0,3,1,0,4.98919189627,0
pde_nominal,9,20976,7,0,0,0,0,0,0,5.04327275565,0
pde_nominal,9,19621,15,1,11,0,11,1,0,6.03360561707,0
pde_nominal,7,21920,7,0,161,0,161,1,0,7.60497884659,0
pde_nominal,8,19444,10,1,18,0,18,1,0,6.56147289151,0
pde_nominal,8,19442,14,1,53,0,21,1,0,4.07877411993,0
pde_nominal,3,19733,9,1,23,7,0,1,1,6.94455719215,0
pde_nominal,1,20935,11,1,41,0,41,1,0,6.68714690754,0
pde_nominal,3,19728,13,1,28,0,28,1,0,4.1140389902,0
pde_nominal,9,19615,1,0,124,0,124,1,0,5.21181188144,0
pde_nominal,3,19724,9,1,5,0,5,1,0,3.54945898139,0
pde_nominal,3,19721,7,0,15,0,0,1,0,3.21720225245,0
pde_nominal,7,21912,15,1,41,0,41,1,0,7.66692602906,0
pde_nominal,7,21907,14,1,84,0,84,1,0,10.3929877269,0
pde_nominal,1,20927,12,1,129,0,125,1,0,7.69435321125,0
pde_nominal,9,19599,11,1,83,0,55,1,0,4.02192323129,0
pde_nominal,1,20911,10,1,42,0,32,1,0,6.22728431164,0
pde_nominal,1,20908,11,1,15,0,9,1,0,4.57203727696,0
pde_nominal,9,19582,15,1,58,0,52,1,0,3.45517094232,0
pde_nominal,3,19696,7,0,2,0,0,1,0,3.84927133098,0
pde_nominal,9,19573,15,1,29,0,0,1,0,3.66886099745,0
pde_nominal,8,19402,5,0,80,0,27,1,0,8.76957039695,0
pde_nominal,7,21877,13,1,20,0,20,1,0,5.19692933194,0
pde_nominal,3,19673,0,0,84,0,79,1,0,6.7205726812,0
pde_nominal,7,21871,11,1,12,0,12,1,0,4.45058892961,0
pde_nominal,8,19395,1,0,58,0,56,1,0,5.40695463092,0
pde_nominal,1,20869,15,1,35,0,15,1,0,7.25077351435,0
pde_nominal,7,21864,6,0,66,0,66,1,0,4.96760434066,0
pde_nominal,1,20863,10,1,31,0,31,1,0,5.33261605872,0
pde_nominal,8,19381,13,1,59,0,0,1,0,6.64878437889,0
pde_nominal,3,19663,7,0,17,0,0,1,0,3.14390810541,0
pde_nominal,9,19552,10,1,104,0,38,1,0,6.95232392814,0
pde_nominal,3,19659,5,0,11,0,11,1,0,6.28544047236,0
pde_nominal,3,19655,10,1,4,0,4,1,0,4.56335239653,0
pde_nominal,8,19372,15,1,58,0,58,1,0,5.07722222346,0
pde_nominal,1,20849,0,0,20,0,6,1,0,5.31128536198,0
pde_nominal,8,19370,6,0,22,0,17,1,0,4.59123986722,0
pde_nominal,9,19550,13,1,377,0,325,1,0,17.672069149,0
pde_nominal,7,21834,8,1,7,0,7,1,0,4.62651720693,0
pde_nominal,3,19631,14,1,25,0,9,1,0,4.98056947701,0
pde_nominal,8,19354,7,0,41,0,6,1,0,5.05220864266,0
pde_nominal,3,19626,4,0,65,0,58,1,0,3.96484760976,0
pde_nominal,7,21812,1,0,12,0,12,1,0,3.68911453084,0
pde_nominal,1,20823,10,1,103,0,24,1,0,9.7135785741,0
pde_nominal,1,20822,2,0,24,0,24,1,0,13.7368080951,0
pde_nominal,9,19532,1,0,68,0,51,1,0,3.276995558,0
pde_nominal,1,20819,7,0,29,0,29,1,0,5.05287940475,0
pde_nominal,8,19338,8,1,31,0,31,1,0,4.89197855375,0
pde_nominal,9,19530,7,0,58,0,58,1,0,3.2714937383,0
pde_nominal,1,20802,2,0,10,0,10,1,0,3.27078801138,0
pde_nominal,8,19323,12,1,18,0,18,1,0,9.42425820309,0
pde_nominal,1,20794,13,1,26,0,26,1,0,4.20891783812,0
pde_nominal,3,19603,15,1,46,0,46,1,0,4.27854737816,0
pde_nominal,1,20790,11,1,42,0,42,1,0,4.10797811474,0
pde_nominal,7,21795,1,0,21,0,21,1,0,6.42235127995,0
pde_nominal,3,19594,8,1,58,13,55,1,1,5.16094938401,0
pde_nominal,9,21129,11,1,131,0,122,1,0,7.78192181629,0
pde_nominal,8,19310,9,1,21,0,17,1,0,5.88415286278,0
pde_nominal,9,21126,3,0,23,0,8,1,0,4.29893902888,0
pde_nominal,1,20776,0,0,109,0,109,1,0,5.55719104127,0
pde_nominal,7,21781,0,0,21,0,21,1,0,4.21253397391,0
pde_nominal,7,21779,15,1,12,0,12,1,0,4.42827847635,0
pde_nominal,7,21775,3,0,58,0,58,1,0,5.17832541878,0
pde_nominal,8,19293,3,0,14,0,14,1,0,7.59413767553,0
pde_nominal,3,19570,15,1,55,0,52,1,0,4.8485939264,0
pde_nominal,7,21770,5,0,89,0,89,1,0,5.45370793467,0
pde_nominal,1,20761,6,0,66,0,46,1,0,7.51646926242,0
pde_nominal,1,20756,14,1,21,0,0,1,0,4.73934149219,0
pde_nominal,9,21108,8,1,28,0,26,1,0,3.56627930376,0
pde_nominal,3,19561,5,0,64,0,64,1,0,4.69877872008,0
pde_nominal,3,19560,13,1,31,0,31,1,0,7.71504080842,0
pde_nominal,7,21760,15,1,41,0,41,1,0,6.86000212442,0
pde_nominal,8,19274,12,1,20,7,27,1,1,5.38268686107,0
pde_nominal,7,21756,11,1,53,0,53,1,0,4.87045616764,0
pde_nominal,9,21101,11,1,77,0,77,1,0,11.208774255,0
pde_nominal,3,19552,13,1,5,0,5,1,0,6.03755841162,0
pde_nominal,8,19271,13,1,58,0,58,1,0,5.45558794208,0
pde_nominal,1,20748,10,1,28,0,28,1,0,5.4105398623,0
pde_nominal,1,20743,4,0,52,0,52,1,0,3.6053447086,0
pde_nominal,8,19267,0,0,27,0,27,1,0,3.42581773513,0
pde_nominal,8,21664,0,0,0,0,0,0,0,6.58777383512,0
pde_nominal,9,21094,6,0,40,0,40,1,0,3.65428999173,0
pde_nominal,8,19265,8,1,41,0,41,1,0,4.79096459453,0
pde_nominal,7,21755,6,0,250,0,250,1,0,12.826659815,0
pde_nominal,8,19257,13,1,14,0,14,1,0,4.12640588948,0
pde_nominal,7,21750,12,1,14,0,14,1,0,3.46358374548,0
pde_nominal,9,21086,1,0,44,0,37,1,0,8.84604712904,0
pde_nominal,8,19251,6,0,88,0,88,1,0,11.3812791691,0
pde_nominal,7,21743,3,0,90,0,90,1,0,6.10783148904,0
pde_nominal,7,21742,4,0,9,0,9,1,0,2.76095431758,0
pde_nominal,9,21077,8,1,1,0,1,1,0,2.84118868147,0
pde_nominal,7,21735,9,1,107,0,107,1,0,7.99511751538,0
pde_nominal,9,21071,3,0,72,0,72,1,0,4.91293659573,0
pde_nominal,7,21730,3,0,135,0,135,1,0,7.11359371584,0
pde_nominal,8,19233,1,0,22,0,19,1,0,4.28216678284,0
pde_nominal,3,19517,2,0,99,0,80,1,0,5.17429903575,0
pde_nominal,8,19230,10,1,0,0,0,0,0,4.16151625131,0
pde_nominal,8,19229,1,0,67,0,66,1,0,4.75491867399,0
pde_nominal,3,19515,0,0,72,0,66,1,0,4.30195075575,0
pde_nominal,7,21722,7,0,107,0,107,1,0,6.8803383942,0
pde_nominal,3,19514,4,0,64,0,64,1,0,3.5109435981,0
pde_nominal,9,21066,7,0,14,0,1,1,0,4.08767549527,0
pde_nominal,8,19224,8,1,64,0,40,1,0,5.73683598609,0
pde_nominal,1,21883,9,1,63,0,63,1,0,4.19424942506,0
pde_nominal,7,21717,4,0,83,0,83,1,0,4.12297772307,0
pde_nominal,3,19504,3,0,68,0,68,1,0,3.28432651898,0
pde_nominal,1,21882,10,1,32,18,41,1,1,5.17226666954,0
pde_nominal,1,21881,1,0,41,0,41,1,0,5.33561200837,0
pde_nominal,1,21879,4,0,16,0,11,1,0,4.4749587951,0
pde_nominal,8,19218,9,1,34,0,34,1,0,3.66774921731,0
pde_nominal,9,21056,1,0,52,0,21,1,0,6.99391864539,0
pde_nominal,8,19212,8,1,63,0,35,1,0,4.22004352442,0
pde_nominal,7,21701,5,0,46,0,46,1,0,6.86971354369,0
pde_nominal,7,21688,8,1,2,0,2,1,0,4.01599585718,0
pde_nominal,7,21681,10,1,13,0,13,1,0,9.13414980708,0
pde_nominal,9,21043,14,1,66,0,66,1,0,3.75114148291,0
pde_nominal,3,19486,6,0,268,0,218,1,0,12.6781724038,0
pde_nominal,7,21666,15,1,44,0,44,1,0,5.88198223124,0
pde_nominal,1,21849,12,1,96,0,88,1,0,10.5402352783,0
pde_nominal,1,21843,0,0,65,0,40,1,0,6.54845867774,0
pde_nominal,1,21841,8,1,4,0,4,1,0,5.101721165,0
pde_nominal,9,21028,13,1,47,0,32,1,0,4.55023966541,0
pde_nominal,7,21655,10,1,43,0,43,1,0,7.02688799818,0
pde_nominal,1,21837,6,0,69,0,69,1,0,6.55722200521,0
pde_nominal,8,19170,3,0,11,0,11,1,0,3.50079015502,0
pde_nominal,9,21016,7,0,109,0,83,1,0,6.64189516218,0
pde_nominal,1,21833,6,0,99,0,86,1,0,11.0838487611,0
pde_nominal,1,21904,6,0,0,0,0,0,0,14.5294802591,0
pde_nominal,8,19167,10,1,7,0,6,1,0,6.90617302205,0
pde_nominal,9,21010,10,1,3,0,0,1,0,4.96363737562,0
pde_nominal,7,21646,8,1,78,23,69,1,1,6.58122829012,0
pde_nominal,8,19164,14,1,17,0,0,1,0,3.72510610959,0
pde_nominal,7,21641,3,0,12,0,12,1,0,4.61975244394,0
pde_nominal,7,21637,4,0,23,0,23,1,0,3.46198867191,0
pde_nominal,9,20998,14,1,54,0,54,1,0,4.47511159735,0
pde_nominal,8,19154,3,0,54,21,75,1,1,8.57608362125,0
pde_nominal,3,19461,15,1,50,0,50,1,0,3.67005962139,0
pde_nominal,7,21632,1,0,32,0,32,1,0,4.42853637403,0
pde_nominal,8,19126,14,1,70,0,68,1,0,7.05501219193,0
pde_nominal,1,21792,0,0,29,0,13,1,0,7.63850783659,0
pde_nominal,7,21606,12,1,48,0,48,1,0,5.1859533416,0
pde_nominal,7,21605,3,0,18,0,18,1,0,3.68798619879,0
pde_nominal,1,21791,7,0,105,0,103,1,0,8.09875055871,0
pde_nominal,1,21789,2,0,29,0,29,1,0,5.03254469556,0
pde_nominal,8,19120,8,1,69,0,69,1,0,9.0879407075,0
pde_nominal,3,21631,13,1,74,0,74,1,0,7.85481822891,0
pde_nominal,3,21629,0,0,38,0,20,1,0,6.20921922255,0
pde_nominal,8,19115,0,0,221,0,219,1,0,12.6506206653,0
pde_nominal,8,19114,4,0,2,0,2,1,0,5.46607262643,0
pde_nominal,3,21623,9,1,28,0,24,1,0,4.36604854136,0
pde_nominal,8,19112,5,0,35,0,26,1,0,16.3095822743,0
pde_nominal,7,21592,12,1,56,0,56,1,0,9.34225770462,0
pde_nominal,3,21618,5,0,56,0,49,1,0,6.20705220641,0
pde_nominal,1,21770,2,0,34,0,25,1,0,9.5572239591,0
pde_nominal,7,21589,0,0,16,0,16,1,0,4.58075512543,0
pde_nominal,7,22145,0,0,0,0,0,0,0,5.67228258007,0
pde_nominal,3,21616,12,1,33,0,25,1,0,4.27095474234,0
pde_nominal,3,21615,8,1,4,0,4,1,0,3.2266604307,0
pde_nominal,7,21584,5,0,23,0,23,1,0,4.41419089834,0
pde_nominal,3,21604,9,1,35,0,35,1,0,4.06731042754,0
pde_nominal,1,21765,0,0,35,0,35,1,0,5.74411789946,0
pde_nominal,1,21758,8,1,25,0,18,1,0,4.69555111056,0
pde_nominal,8,19090,13,1,62,0,62,1,0,5.40928902347,0
pde_nominal,7,21568,2,0,35,0,35,1,0,5.51698620204,0
pde_nominal,1,21748,2,0,6,0,6,1,0,4.37783900777,0
pde_nominal,3,21591,2,0,98,0,91,1,0,7.56945888221,0
pde_nominal,1,21747,15,1,39,0,3,1,0,3.86001237981,0
pde_nominal,7,21564,12,1,39,0,39,1,0,3.68385426937,0
pde_nominal,8,19085,11,1,41,0,28,1,0,4.52090306361,0
pde_nominal,7,21550,8,1,126,0,126,1,0,8.23566969045,0
pde_nominal,1,21729,1,0,42,21,38,1,1,8.67258979794,0
pde_nominal,3,21573,4,0,36,0,36,1,0,6.27468016997,0
pde_nominal,3,21567,3,0,17,0,17,1,0,6.50626829965,0
pde_nominal,3,21566,0,0,23,0,23,1,0,4.94723165334,0
pde_nominal,3,21562,12,1,41,0,35,1,0,4.07071843049,0
pde_nominal,1,21721,14,1,60,0,60,1,0,5.53661601113,0
pde_nominal,8,19057,2,0,36,15,38,1,1,6.12420317629,0
pde_nominal,3,21554,8,1,72,0,56,1,0,4.67804302144,0
pde_nominal,7,21523,12,1,44,0,44,1,0,4.93033607932,0
pde_nominal,1,21703,2,0,48,0,48,1,0,5.46238244572,0
pde_nominal,1,21702,11,1,20,0,18,1,0,5.39152169342,0
pde_nominal,1,21699,8,1,13,0,8,1,0,3.29732232618,0
pde_nominal,8,19044,6,0,27,0,13,1,0,4.21863675574,0
pde_nominal,1,21698,13,1,17,11,0,1,1,7.56719032229,0
pde_nominal,8,19040,1,0,14,0,11,1,0,3.07995391328,0
pde_nominal,7,21513,14,1,11,0,11,1,0,4.94891069181,0
pde_nominal,7,21511,3,0,16,0,16,1,0,4.17317505961,0
pde_nominal,7,21508,12,1,42,0,42,1,0,6.10294383249,0
pde_nominal,7,21505,7,0,60,0,60,1,0,5.23228081468,0
pde_nominal,7,21499,6,0,16,0,16,1,0,4.6187108087,0
pde_nominal,7,21498,5,0,18,0,18,1,0,4.69197267487,0
pde_nominal,8,19017,1,0,5,0,5,1,0,4.06464612655,0
pde_nominal,7,21496,14,1,11,0,11,1,0,6.88979608254,0
pde_nominal,8,19016,14,1,39,0,39,1,0,6.36626710618,0
pde_nominal,1,21672,3,0,46,0,46,1,0,3.71242668112,0
pde_nominal,1,21669,1,0,12,0,12,1,0,4.02857122178,0
pde_nominal,7,21495,10,1,120,0,120,1,0,7.55549326201,0
pde_nominal,1,21667,11,1,33,0,30,1,0,3.76630649729,0
pde_nominal,3,21516,4,0,5,0,5,1,0,4.35660651169,0
pde_nominal,8,19014,0,0,76,0,76,1,0,5.32192131247,0
pde_nominal,8,19010,1,0,11,0,11,1,0,8.48990897796,0
pde_nominal,1,21664,12,1,116,0,116,1,0,6.15510199412,0
pde_nominal,3,21510,2,0,29,0,29,1,0,3.93130001919,0
pde_nominal,1,21659,7,0,14,0,14,1,0,4.54559919179,0
pde_nominal,1,21644,6,0,29,0,29,1,0,8.42105291339,0
pde_nominal,1,21638,0,0,7,0,7,1,0,4.24289508701,0
pde_nominal,1,21910,0,0,0,0,0,0,0,8.6460515141,0
pde_nominal,3,21481,6,0,15,11,19,1,1,4.81684000857,0
pde_nominal,7,21470,9,1,9,0,9,1,0,3.41766822115,0
pde_nominal,8,18979,7,0,15,0,15,1,0,4.29525705341,0
pde_nominal,3,21476,6,0,50,0,50,1,0,4.46908455697,0
pde_nominal,7,21465,7,0,59,0,59,1,0,4.34610166392,0
pde_nominal,3,21468,2,0,30,0,30,1,0,5.18595791802,0
pde_nominal,7,21463,10,1,68,0,68,1,0,8.70270555446,0
pde_nominal,8,18975,5,0,65,0,56,1,0,5.75345376266,0
pde_nominal,7,21461,3,0,79,0,79,1,0,4.08714063478,0
pde_nominal,8,18972,6,0,35,0,0,1,0,5.12979159919,0
pde_nominal,8,18970,5,0,18,0,0,1,0,3.33470911058,0
pde_nominal,7,21458,3,0,9,0,9,1,0,4.84434711534,0
pde_nominal,1,21615,14,1,48,0,40,1,0,7.19536046599,0
pde_nominal,8,18956,5,0,21,0,21,1,0,6.24868372284,0
pde_nominal,8,18954,15,1,15,0,15,1,0,3.92984601237,0
pde_nominal,7,21443,4,0,108,0,108,1,0,5.8016358454,0
pde_nominal,8,18953,9,1,11,9,15,1,1,7.44706256835,0
pde_nominal,3,21450,1,0,29,0,0,1,0,5.07248190468,0
pde_nominal,1,21602,4,0,33,0,0,1,0,5.49973402875,0
pde_nominal,7,21436,13,1,10,0,10,1,0,4.10435449888,0
pde_nominal,7,21435,3,0,74,0,74,1,0,5.04112094045,0
pde_nominal,7,21428,14,1,4,0,4,1,0,6.33847951442,0
pde_nominal,7,21426,11,1,12,0,12,1,0,5.11753734055,0
pde_nominal,1,21590,8,1,9,0,0,1,0,4.51801554757,0
pde_nominal,3,21428,12,1,15,0,15,1,0,4.71908379092,0
pde_nominal,3,21424,9,1,35,0,11,1,0,4.8054382104,0
pde_nominal,3,21423,6,0,32,0,23,1,0,8.42056150471,0
pde_nominal,8,18933,15,1,77,0,57,1,0,6.7362685667,0
pde_nominal,7,21413,15,1,55,0,55,1,0,5.48081119751,0
pde_nominal,1,21573,0,0,67,0,47,1,0,8.41148306018,0
pde_nominal,1,21569,6,0,8,0,8,1,0,3.32994897262,0
pde_nominal,1,21566,14,1,24,0,1,1,0,6.56485982822,0
pde_nominal,3,21406,2,0,7,0,0,1,0,3.88453619309,0
pde_nominal,3,21403,7,0,8,0,8,1,0,3.71058689792,0
pde_nominal,7,21400,13,1,82,0,82,1,0,12.0386011502,0
pde_nominal,8,18918,1,0,249,0,229,1,0,14.0434590679,0
pde_nominal,3,21398,9,1,27,17,44,1,1,8.72901227559,0
pde_nominal,8,18909,13,1,115,0,87,1,0,7.42149935505,0
pde_nominal,7,21385,3,0,14,0,14,1,0,12.2291886224,0
pde_nominal,3,21387,11,1,16,0,8,1,0,4.11721648262,0
pde_nominal,1,21541,2,0,32,0,32,1,0,6.84257256907,0
pde_nominal,7,21376,4,0,57,0,57,1,0,7.84765852749,0
pde_nominal,8,18893,13,1,71,0,45,1,0,3.48064090039,0
pde_nominal,3,21371,9,1,5,0,0,1,0,4.39128685505,0
pde_nominal,3,21368,1,0,12,0,0,1,0,4.64186416481,0
pde_nominal,1,21521,12,1,21,0,0,1,0,3.51915674754,0
pde_nominal,1,21518,7,0,20,17,37,1,1,5.04193291209,0
pde_nominal,1,21514,9,1,0,0,0,1,0,8.47368784244,0
pde_nominal,1,21499,1,0,67,0,56,1,0,3.68773477405,0
pde_nominal,1,21498,1,0,1,0,1,1,0,3.39679667463,0
pde_nominal,1,21497,5,0,31,0,31,1,0,3.91031589687,0
pde_nominal,1,21495,13,1,61,0,53,1,0,6.25938862007,0
pde_nominal,7,21342,11,1,72,31,72,1,1,10.0643408587,0
pde_nominal,1,21492,10,1,20,0,20,1,0,8.60904873289,0
pde_nominal,3,21342,9,1,85,0,85,1,0,7.15789066747,0
pde_nominal,7,21332,2,0,13,0,13,1,0,11.7770475708,0
pde_nominal,1,21486,11,1,20,0,20,1,0,3.91283605489,0
pde_nominal,8,18857,15,1,48,0,48,1,0,10.7662426089,0
pde_nominal,1,21485,12,1,36,0,33,1,0,3.50925367592,0
pde_nominal,3,21339,15,1,41,0,14,1,0,6.77878722642,0
pde_nominal,3,21661,15,1,0,0,0,0,0,8.90671797348,0
pde_nominal,8,18855,5,0,39,0,28,1,0,5.47916432479,0
pde_nominal,1,21480,10,1,26,0,26,1,0,3.63395646504,0
pde_nominal,3,21331,2,0,71,0,71,1,0,5.16151763783,0
pde_nominal,8,18848,2,0,21,0,21,1,0,5.01116574032,0
pde_nominal,3,21329,7,0,58,0,58,1,0,4.80236526315,0
pde_nominal,1,21469,10,1,26,20,38,1,1,6.0438884007,0
pde_nominal,8,18841,10,1,30,0,16,1,0,4.71309232438,0
pde_nominal,1,21461,0,0,3,0,0,1,0,3.51754564092,0
pde_nominal,8,18838,3,0,23,0,23,1,0,4.30531842437,0
pde_nominal,8,18837,11,1,49,0,49,1,0,3.99067632958,0
pde_nominal,1,21456,6,0,16,0,1,1,0,5.26375537657,0
pde_nominal,7,21303,2,0,47,0,47,1,0,3.74228287275,0
pde_nominal,1,21455,9,1,116,0,92,1,0,9.88876046314,0
pde_nominal,7,21302,0,0,65,0,65,1,0,4.59354787202,0
pde_nominal,8,18829,7,0,109,0,108,1,0,8.7789396444,0
pde_nominal,7,21298,7,0,126,0,126,1,0,8.94039296978,0
pde_nominal,7,21290,4,0,36,0,36,1,0,9.3165034502,0
pde_nominal,3,21299,15,1,42,0,42,1,0,4.49599564062,0
pde_nominal,8,18800,4,0,14,0,0,1,0,5.65314925709,0
pde_nominal,3,21289,0,0,42,0,42,1,0,5.58974982517,0
pde_nominal,7,21282,0,0,113,0,113,1,0,5.09785113863,0
pde_nominal,3,21285,13,1,81,0,81,1,0,7.58349814589,0
pde_nominal,3,21663,13,1,0,0,0,0,0,11.7860204287,0
pde_nominal,1,21428,3,0,132,0,132,1,0,6.80562924731,0
pde_nominal,7,21274,9,1,38,0,38,1,0,3.36741697865,0
pde_nominal,3,21271,1,0,8,0,0,1,0,6.25224268564,0
pde_nominal,1,21414,14,1,19,0,1,1,0,3.90160062681,0
pde_nominal,7,21268,12,1,44,21,44,1,1,9.05961824063,0
pde_nominal,3,21263,0,0,29,0,27,1,0,3.41539683146,0
pde_nominal,8,18772,3,0,15,0,9,1,0,3.44838784108,0
pde_nominal,1,21410,3,0,19,8,17,1,1,6.86931130995,0
pde_nominal,3,21257,0,0,4,0,4,1,0,4.26811476944,0
pde_nominal,1,21402,5,0,4,0,0,1,0,3.81964051604,0
pde_nominal,3,21255,12,1,47,0,4,1,0,4.68986321187,0
pde_nominal,7,21260,1,0,41,0,41,1,0,5.11953034658,0
pde_nominal,8,18760,6,0,17,0,17,1,0,5.68946169173,0
pde_nominal,3,21254,11,1,115,0,110,1,0,9.15510141528,0
pde_nominal,7,21259,5,0,55,0,55,1,0,6.22820933716,0
pde_nominal,8,18755,4,0,46,0,46,1,0,3.54287290387,0
pde_nominal,3,21242,1,0,62,20,74,1,1,8.33120994185,0
pde_nominal,7,21241,2,0,17,22,11,1,1,5.6265649242,0
pde_nominal,1,21371,5,0,23,0,3,1,0,5.05752629442,0
pde_nominal,3,21216,15,1,74,0,74,1,0,3.97220354945,0
pde_nominal,7,21216,11,1,26,0,26,1,0,7.56102313654,0
pde_nominal,8,18735,0,0,13,0,13,1,0,4.35475227698,0
pde_nominal,7,21212,2,0,76,0,76,1,0,7.08150789713,0
pde_nominal,1,21354,5,0,44,0,44,1,0,9.39877429422,0
pde_nominal,1,21347,5,0,1,0,1,1,0,2.55431596529,0
pde_nominal,8,18734,0,0,213,0,177,1,0,12.0741197001,0
pde_nominal,8,18723,14,1,25,0,14,1,0,4.63930079924,0
pde_nominal,1,21333,0,0,0,0,0,1,0,2.79129270557,0
pde_nominal,8,18712,8,1,37,0,17,1,0,4.28086340981,0
pde_nominal,8,18711,11,1,52,0,33,1,0,6.18439640324,0
pde_nominal,7,21181,9,1,6,0,6,1,0,4.44651734148,0
pde_nominal,8,18707,5,0,10,0,10,1,0,8.81707894391,0
pde_nominal,7,21178,14,1,100,0,100,1,0,8.05550037086,0
pde_nominal,7,21176,0,0,38,0,38,1,0,3.60412278364,0
pde_nominal,1,23607,1,0,127,0,117,1,0,8.46981247484,0
pde_nominal,7,21168,8,1,43,0,43,1,0,4.24625108194,0
pde_nominal,8,18695,15,1,102,0,94,1,0,5.77568881298,0
pde_nominal,8,18694,7,0,24,0,24,1,0,3.38232204547,0
pde_nominal,1,23600,4,0,70,0,70,1,0,4.47246139604,0
pde_nominal,1,23598,13,1,25,0,24,1,0,4.5452188764,0
pde_nominal,8,18688,7,0,12,0,12,1,0,3.7187703962,0
pde_nominal,8,18687,15,1,19,0,19,1,0,3.79988850241,0
pde_nominal,7,21159,5,0,180,0,180,1,0,7.72611382761,0
pde_nominal,8,18684,10,1,5,0,0,1,0,3.49923490816,0
pde_nominal,8,18681,1,0,35,0,35,1,0,11.20245165,0
pde_nominal,1,23590,11,1,57,0,47,1,0,8.14436585744,0
pde_nominal,1,23588,9,1,123,0,111,1,0,10.3046903703,0
pde_nominal,7,21145,9,1,6,0,6,1,0,3.49141159295,0
pde_nominal,8,18674,2,0,64,0,64,1,0,4.96381133894,0
pde_nominal,7,21144,6,0,57,0,57,1,0,3.75376391466,0
pde_nominal,1,23586,1,0,42,0,42,1,0,4.80972842329,0
pde_nominal,1,23580,3,0,12,0,10,1,0,4.3501011112,0
pde_nominal,8,18670,7,0,52,0,30,1,0,4.77068457313,0
pde_nominal,8,21677,7,0,0,0,0,0,0,9.65802061914,0
pde_nominal,7,21127,2,0,94,0,94,1,0,6.97060149441,0
pde_nominal,7,21123,2,0,76,35,60,1,1,9.67727177214,0
pde_nominal,1,23552,1,0,36,0,25,1,0,6.33405340494,0
pde_nominal,1,23547,9,1,34,0,20,1,0,3.72092186717,0
pde_nominal,1,23542,2,0,37,0,37,1,0,6.20971609542,0
pde_nominal,1,23535,4,0,28,0,28,1,0,7.08922227897,0
pde_nominal,8,18646,13,1,34,0,23,1,0,8.87495974121,0
pde_nominal,7,21088,1,0,73,34,64,1,1,9.38322564455,0
pde_nominal,1,23504,13,1,26,0,19,1,0,9.44540770304,0
pde_nominal,8,18591,6,0,61,0,61,1,0,3.65365343864,0
pde_nominal,8,21678,6,0,0,0,0,0,0,4.88374940499,0
pde_nominal,1,23494,0,0,8,0,4,1,0,4.11075725687,0
pde_nominal,1,23488,14,1,55,0,43,1,0,5.11853649634,0
pde_nominal,1,23486,10,1,29,0,10,1,0,6.90094710347,0
pde_nominal,1,23617,2,0,31,0,1,1,0,5.70191376285,0
pde_nominal,8,18576,2,0,44,0,10,1,0,3.91481053071,0
pde_nominal,8,18562,13,1,74,0,74,1,0,3.5288953863,0
pde_nominal,7,21053,8,1,59,0,59,1,0,4.92393194246,0
pde_nominal,1,23458,9,1,62,0,62,1,0,4.68202451826,0
pde_nominal,1,23456,2,0,31,0,31,1,0,5.05743964938,0
pde_nominal,7,21048,13,1,139,0,139,1,0,7.26153225504,0
pde_nominal,7,21041,15,1,7,0,7,1,0,4.80199634613,0
pde_nominal,8,18549,8,1,113,0,90,1,0,5.6452763604,0
pde_nominal,1,23424,7,0,33,0,33,1,0,6.02814665052,0
pde_nominal,7,21010,5,0,32,0,32,1,0,3.94873128989,0
pde_nominal,1,23416,2,0,34,0,28,1,0,7.34495087208,0
pde_nominal,8,22024,3,0,46,0,46,1,0,4.64960610271,0
pde_nominal,7,21004,12,1,33,0,33,1,0,6.56296790593,0
pde_nominal,7,21001,4,0,7,0,7,1,0,6.99571761738,0
pde_nominal,1,23408,11,1,3,0,1,1,0,3.23154502085,0
pde_nominal,8,22019,15,1,55,0,55,1,0,7.3647639155,0
pde_nominal,7,20987,14,1,54,0,54,1,0,4.26141752377,0
pde_nominal,8,22011,4,0,32,0,18,1,0,6.22693215443,0
pde_nominal,1,23390,7,0,72,0,48,1,0,5.61147952658,0
pde_nominal,1,23382,1,0,35,0,35,1,0,3.37970447656,0
pde_nominal,7,20974,12,1,11,0,11,1,0,4.78445815212,0
pde_nominal,1,23367,0,0,47,0,47,1,0,5.58034035392,0
pde_nominal,1,23364,6,0,21,0,21,1,0,3.69683521825,0
pde_nominal,8,21984,8,1,45,0,45,1,0,4.96099290473,0
pde_nominal,8,21983,7,0,58,0,58,1,0,5.51426653333,0
pde_nominal,7,20955,2,0,40,0,40,1,0,3.91548671335,0
pde_nominal,7,20952,11,1,55,0,55,1,0,8.98014017769,0
pde_nominal,8,21977,5,0,80,0,80,1,0,9.34005956949,0
pde_nominal,8,21973,0,0,13,0,13,1,0,4.97151726184,0
pde_nominal,1,23349,10,1,105,60,165,1,1,7.52064585384,0
pde_nominal,7,20941,4,0,74,0,74,1,0,4.92587274262,0
pde_nominal,8,21962,15,1,45,0,45,1,0,3.55664607678,0
pde_nominal,7,20936,13,1,66,0,66,1,0,5.09712496647,0
pde_nominal,7,22155,13,1,0,0,0,0,0,5.65474658193,0
pde_nominal,7,20933,13,1,57,0,57,1,0,8.25307218655,0
pde_nominal,7,20924,3,0,46,0,46,1,0,4.4395475087,0
pde_nominal,8,21953,8,1,69,0,61,1,0,5.50705258025,0
pde_nominal,1,23326,12,1,40,0,31,1,0,7.85345376422,0
pde_nominal,7,20920,10,1,3,0,3,1,0,3.09499436638,0
pde_nominal,7,20918,6,0,71,0,71,1,0,6.14020787964,0
pde_nominal,1,23315,15,1,12,0,0,1,0,3.99040091713,0
pde_nominal,1,23312,15,1,63,0,63,1,0,6.51598053297,0
pde_nominal,8,21926,9,1,22,0,21,1,0,5.61230805805,0
pde_nominal,1,23300,7,0,33,0,17,1,0,5.9103162301,0
pde_nominal,7,22156,12,1,19,0,19,1,0,9.29555473027,0
pde_nominal,7,20874,2,0,12,0,12,1,0,5.18945021677,0
pde_nominal,1,23279,2,0,17,0,17,1,0,8.29957312134,0
pde_nominal,1,23272,10,1,24,0,24,1,0,10.3857569514,0
pde_nominal,8,21877,13,1,18,0,0,1,0,3.8257855723,0
pde_nominal,8,21875,12,1,24,0,24,1,0,5.67653941935,0
pde_nominal,1,23260,14,1,57,0,26,1,0,9.49222581606,0
pde_nominal,1,23258,4,0,38,0,20,1,0,4.63308343859,0
pde_nominal,8,21868,3,0,57,0,39,1,0,3.5902254922,0
pde_nominal,7,20855,3,0,181,0,181,1,0,10.1169259995,0
pde_nominal,1,23249,5,0,47,0,47,1,0,4.59962088211,0
pde_nominal,1,23240,0,0,103,0,103,1,0,8.04163377966,0
pde_nominal,7,20842,8,1,25,0,25,1,0,4.2895749136,0
pde_nominal,8,21840,3,0,66,0,66,1,0,5.0151376062,0
pde_nominal,1,23236,3,0,37,0,24,1,0,4.5549150761,0
pde_nominal,8,21835,11,1,3,0,0,1,0,6.92988793577,0
pde_nominal,1,23231,4,0,70,0,18,1,0,8.21192998775,0
pde_nominal,8,21827,14,1,17,0,0,1,0,4.56102170749,0
pde_nominal,8,21826,14,1,84,0,52,1,0,6.07765647352,0
pde_nominal,1,23216,0,0,42,0,29,1,0,4.54886693908,0
pde_nominal,7,20818,10,1,27,0,27,1,0,5.23320856125,0
pde_nominal,7,20816,2,0,55,0,55,1,0,5.17258041038,0
pde_nominal,7,20805,13,1,17,0,17,1,0,9.00701605553,0
pde_nominal,7,20803,1,0,186,0,186,1,0,10.4059000228,0
pde_nominal,1,23194,9,1,7,0,7,1,0,3.33732093231,0
pde_nominal,1,23192,8,1,39,0,39,1,0,6.77824473829,0
pde_nominal,1,23190,8,1,38,0,30,1,0,4.52640254146,0
pde_nominal,7,20792,4,0,62,0,62,1,0,7.3805688594,0
pde_nominal,7,20789,9,1,14,0,14,1,0,3.704135355,0
pde_nominal,7,20788,6,0,21,0,21,1,0,3.62236494715,0
pde_nominal,7,20787,13,1,87,0,87,1,0,7.47404209619,0
pde_nominal,8,21788,5,0,41,0,0,1,0,3.42315932404,0
pde_nominal,1,23175,4,0,1,0,0,1,0,5.19186604127,0
pde_nominal,8,21786,6,0,4,0,0,1,0,6.05229426287,0
pde_nominal,7,20775,5,0,27,0,27,1,0,3.38733362882,0
pde_nominal,8,21777,4,0,17,0,17,1,0,8.59952557895,0
pde_nominal,1,23159,7,0,70,0,70,1,0,5.35646336545,0
pde_nominal,8,21770,6,0,35,0,35,1,0,6.86200319943,0
pde_nominal,1,23151,1,0,85,0,85,1,0,5.15628404162,0
pde_nominal,7,20749,2,0,23,0,23,1,0,3.7045056489,0
pde_nominal,7,20748,7,0,23,0,23,1,0,3.86194757893,0
pde_nominal,8,22032,1,0,128,0,126,1,0,14.3665967656,0
pde_nominal,1,23139,1,0,8,0,8,1,0,10.6645000133,0
pde_nominal,1,23133,15,1,79,0,79,1,0,6.52801951548,0
pde_nominal,8,21751,9,1,23,0,23,1,0,4.47685766695,0
pde_nominal,1,23125,8,1,11,0,11,1,0,4.4164161423,0
pde_nominal,1,23120,14,1,125,0,99,1,0,10.754678927,0
pde_nominal,7,20726,15,1,6,0,6,1,0,3.38817568479,0
pde_nominal,1,23118,14,1,47,0,12,1,0,3.54125549176,0
pde_nominal,1,23117,14,1,48,0,48,1,0,5.63049359233,0
pde_nominal,7,20717,4,0,9,0,9,1,0,7.74868488171,0
pde_nominal,7,20714,12,1,23,0,23,1,0,6.57654811199,0
pde_nominal,8,22034,15,1,66,0,55,1,0,8.73855804965,0
pde_nominal,8,21731,5,0,38,0,37,1,0,7.28070718473,0
pde_nominal,1,23107,15,1,4,0,4,1,0,6.06911665976,0
pde_nominal,8,21726,10,1,3,0,3,1,0,3.82622409031,0
pde_nominal,7,20707,4,0,23,0,23,1,0,4.44596143597,0
pde_nominal,8,21722,10,1,71,0,70,1,0,7.91645573731,0
pde_nominal,1,23094,12,1,73,0,70,1,0,5.48495191412,0
pde_nominal,7,20703,12,1,33,0,33,1,0,7.22341218557,0
pde_nominal,1,23093,3,0,93,0,93,1,0,4.72238531851,0
pde_nominal,8,21719,5,0,36,0,36,1,0,4.95424519421,0
pde_nominal,7,20698,4,0,86,0,86,1,0,4.19236524111,0
pde_nominal,7,20675,9,1,116,0,116,1,0,5.4270549985,0
pde_nominal,1,23080,13,1,25,0,25,1,0,3.42332558275,0
pde_nominal,1,23075,12,1,20,0,20,1,0,3.6867864667,0
pde_nominal,1,23041,11,1,4,0,4,1,0,5.15441039211,0
pde_nominal,7,20631,14,1,58,0,58,1,0,3.24347155058,0
pde_nominal,1,23008,5,0,112,0,112,1,0,5.43384016429,0
pde_nominal,1,23007,13,1,44,0,44,1,0,3.76113651056,0
pde_nominal,1,23006,9,1,31,0,31,1,0,5.3520706882,0
pde_nominal,1,22998,7,0,60,0,60,1,0,5.79064023422,0
pde_nominal,1,22993,12,1,78,0,78,1,0,4.75091693501,0
pde_nominal,1,22990,11,1,52,0,52,1,0,4.65933531005,0
pde_nominal,7,23688,1,0,28,0,28,1,0,5.91985113237,0
pde_nominal,7,23683,2,0,44,0,44,1,0,4.65233412799,0
pde_nominal,1,22983,2,0,21,7,7,1,1,5.61696978664,0
pde_nominal,7,23679,8,1,44,0,44,1,0,7.49942530313,0
pde_nominal,7,23664,5,0,66,0,66,1,0,4.5221281729,0
pde_nominal,7,23663,15,1,65,0,65,1,0,5.91415823728,0
pde_nominal,7,23659,11,1,30,0,30,1,0,7.16925438119,0
pde_nominal,1,22968,9,1,61,0,61,1,0,4.21851263244,0
pde_nominal,1,22962,3,0,51,0,23,1,0,7.03133517481,0
pde_nominal,7,23644,8,1,74,0,74,1,0,5.1162504604,0
pde_nominal,1,22961,12,1,73,0,73,1,0,5.04650294532,0
pde_nominal,7,23643,14,1,57,0,57,1,0,6.28230734997,0
pde_nominal,7,23639,2,0,20,0,20,1,0,3.15843874554,0
pde_nominal,1,22940,0,0,12,0,12,1,0,6.15762056646,0
pde_nominal,1,22939,8,1,32,0,32,1,0,4.47115038736,0
pde_nominal,1,22935,12,1,55,0,55,1,0,4.0335304329,0
pde_nominal,7,23634,12,1,287,0,287,1,0,16.5510105163,0
pde_nominal,1,22934,2,0,17,0,17,1,0,4.88591199865,0
pde_nominal,1,22924,2,0,13,0,13,1,0,7.18716622855,0
pde_nominal,1,22922,2,0,1,0,0,1,0,3.11909625745,0
pde_nominal,1,22920,15,1,3,0,1,1,0,7.17342161344,0
pde_nominal,7,23616,1,0,65,0,65,1,0,6.44355690646,0
pde_nominal,7,23614,14,1,85,0,85,1,0,4.54004146617,0
pde_nominal,7,23603,2,0,85,0,85,1,0,6.24583466613,0
pde_nominal,7,23602,4,0,61,0,61,1,0,8.21620622958,0
pde_nominal,7,23569,0,0,2,0,2,1,0,3.77757794265,0
pde_nominal,7,23568,0,0,5,0,5,1,0,3.18900487344,0
pde_nominal,1,22862,8,1,25,0,25,1,0,6.53462139352,0
pde_nominal,7,23695,11,1,30,0,30,1,0,12.7672907354,0
pde_nominal,7,23562,1,0,15,0,15,1,0,4.18837944914,0
pde_nominal,7,23561,6,0,18,0,18,1,0,5.63363314141,0
pde_nominal,7,23552,4,0,16,0,16,1,0,6.46392883512,0
pde_nominal,7,23551,13,1,46,0,46,1,0,4.59809280744,0
pde_nominal,1,22844,14,1,80,0,61,1,0,5.85337635766,0
pde_nominal,1,22842,10,1,11,0,0,1,0,8.8317885157,0
pde_nominal,1,22840,4,0,15,13,26,1,1,4.80245660303,0
pde_nominal,1,22837,0,0,62,0,52,1,0,8.81545299058,0
pde_nominal,1,22834,9,1,24,0,0,1,0,3.2713800157,0
pde_nominal,1,22821,15,1,18,0,18,1,0,4.64193447096,0
pde_nominal,1,22816,4,0,26,0,14,1,0,4.46970052757,0
pde_nominal,1,22815,10,1,25,0,14,1,0,2.87262090037,0
pde_nominal,1,22812,2,0,47,0,31,1,0,3.65278857697,0
pde_nominal,7,23509,12,1,60,0,60,1,0,5.06323548215,0
pde_nominal,1,22804,10,1,56,0,56,1,0,6.92672475509,0
pde_nominal,1,22802,0,0,11,0,1,1,0,10.8066905871,0
pde_nominal,7,23505,8,1,57,0,57,1,0,3.89569563911,0
pde_nominal,1,22795,15,1,5,0,5,1,0,9.61798487471,0
pde_nominal,1,22789,3,0,21,0,21,1,0,4.93551726571,0
pde_nominal,1,22788,6,0,39,0,39,1,0,3.848719617,0
pde_nominal,1,22784,6,0,2,0,0,1,0,5.74771881558,0
pde_nominal,1,23626,6,0,0,0,0,0,0,10.0444143808,0
pde_nominal,1,22776,7,0,65,0,65,1,0,5.40579399936,0
pde_nominal,7,23495,5,0,129,0,129,1,0,8.55581915598,0
pde_nominal,1,22768,6,0,30,0,29,1,0,4.43404331875,0
pde_nominal,7,23481,2,0,88,0,88,1,0,6.3262356194,0
pde_nominal,1,22759,4,0,15,0,15,1,0,5.14839353021,0
pde_nominal,1,22732,6,0,1,0,0,1,0,3.13397875091,0
pde_nominal,1,22728,1,0,65,0,65,1,0,3.89413711011,0
pde_nominal,1,22720,14,1,36,0,33,1,0,5.22801465691,0
pde_nominal,7,23454,1,0,144,0,144,1,0,11.887122746,0
pde_nominal,1,22716,15,1,43,0,22,1,0,5.59342161907,0
pde_nominal,1,22709,6,0,39,0,2,1,0,7.02903269628,0
pde_nominal,7,23443,3,0,16,0,16,1,0,3.34449808336,0
pde_nominal,7,23442,11,1,75,0,75,1,0,6.11227108593,0
pde_nominal,1,22694,10,1,47,0,38,1,0,3.60930477361,0
pde_nominal,1,22692,4,0,60,13,52,1,1,6.02936499133,0
pde_nominal,7,23429,14,1,67,0,67,1,0,12.7405823591,0
pde_nominal,7,23419,2,0,355,0,355,1,0,17.9579254107,0
pde_nominal,1,22666,1,0,21,0,21,1,0,4.71894695673,0
pde_nominal,7,23413,15,1,77,0,77,1,0,4.73758254482,0
pde_nominal,7,23411,12,1,34,0,34,1,0,7.05120833242,0
pde_nominal,7,23696,12,1,0,0,0,0,0,11.9097537778,0
pde_nominal,1,22653,15,1,16,0,16,1,0,4.57797734642,0
pde_nominal,7,23401,1,0,29,0,29,1,0,6.5228307436,0
pde_nominal,7,23398,2,0,14,0,14,1,0,10.0233685989,0
pde_nominal,7,23393,2,0,52,0,52,1,0,3.52609560904,0
pde_nominal,7,23391,4,0,47,0,47,1,0,4.50532288634,0
pde_nominal,7,23375,13,1,35,0,35,1,0,5.5840587323,0
pde_nominal,7,23373,11,1,113,0,113,1,0,6.33592242583,0
pde_nominal,1,22607,10,1,19,0,19,1,0,3.58635148234,0
pde_nominal,7,23368,7,0,40,0,40,1,0,4.31050026488,0
pde_nominal,1,22597,6,0,46,0,46,1,0,9.40425205563,0
pde_nominal,7,23358,8,1,86,0,86,1,0,6.94279645334,0
pde_nominal,1,22586,6,0,1,0,0,1,0,5.05353343271,0
pde_nominal,1,22578,7,0,28,0,1,1,0,4.89080813667,0
pde_nominal,1,22576,10,1,26,0,26,1,0,4.7440152504,0
pde_nominal,1,23630,14,1,22,0,22,1,0,10.607944279,0
pde_nominal,1,22553,9,1,6,0,6,1,0,3.04081469411,0
pde_nominal,7,23328,3,0,45,0,45,1,0,4.95983404987,0
pde_nominal,7,23327,9,1,39,0,39,1,0,5.27548285285,0
pde_nominal,7,23315,4,0,124,0,124,1,0,7.87145572888,0
pde_nominal,7,23314,8,1,31,0,31,1,0,6.08954991915,0
pde_nominal,7,23309,6,0,31,0,31,1,0,4.00488556729,0
pde_nominal,1,22526,1,0,21,0,21,1,0,5.5245134841,0
pde_nominal,1,22520,14,1,12,18,0,1,1,5.50609278705,0
pde_nominal,1,22518,5,0,83,0,48,1,0,6.28738244714,0
pde_nominal,7,23291,6,0,80,0,80,1,0,4.59280042862,0
pde_nominal,7,23289,7,0,24,0,24,1,0,8.06704639916,0
pde_nominal,1,22511,8,1,47,0,35,1,0,5.69509998791,0
pde_nominal,7,23288,15,1,51,0,51,1,0,6.81192252066,0
pde_nominal,1,22505,13,1,48,0,26,1,0,4.6714565311,0
pde_nominal,1,22501,5,0,2,0,1,1,0,8.55412540389,0
pde_nominal,7,23274,15,1,10,0,10,1,0,3.61575766454,0
pde_nominal,1,22496,9,1,74,0,16,1,0,7.56247323693,0
pde_nominal,7,23265,5,0,24,0,24,1,0,4.18218555404,0
pde_nominal,7,23260,11,1,48,0,48,1,0,6.24439872385,0
pde_nominal,7,23253,15,1,102,0,102,1,0,6.13507467588,0
pde_nominal,1,22487,4,0,31,0,30,1,0,4.49874821566,0
pde_nominal,1,22480,11,1,24,0,15,1,0,6.06725114354,0
pde_nominal,7,23245,10,1,73,0,73,1,0,3.91823181455,0
pde_nominal,7,23236,5,0,40,0,40,1,0,5.43875880873,0
pde_nominal,7,23231,6,0,39,0,39,1,0,3.91436769311,0
pde_nominal,1,22446,7,0,38,0,38,1,0,6.32550503087,0
pde_nominal,1,22443,3,0,9,0,9,1,0,7.09430832903,0
pde_nominal,1,22428,15,1,76,0,71,1,0,4.85175298651,0
pde_nominal,1,22417,6,0,40,16,56,1,1,4.83939480139,0
pde_nominal,7,23200,9,1,27,0,27,1,0,3.80384603375,0
pde_nominal,1,22408,5,0,64,0,64,1,0,4.37958212522,0
pde_nominal,1,22406,9,1,4,0,4,1,0,5.83305197429,0
pde_nominal,7,23187,5,0,12,0,12,1,0,6.53897694371,0
pde_nominal,7,23186,6,0,108,0,108,1,0,7.03488731247,0
pde_nominal,7,23184,15,1,61,0,61,1,0,4.26887725474,0
pde_nominal,7,23177,11,1,45,29,37,1,1,8.86560194318,0
pde_nominal,7,23173,3,0,49,0,49,1,0,3.83625333987,0
pde_nominal,1,22386,0,0,56,0,55,1,0,5.07455029327,0
pde_nominal,1,22385,0,0,54,0,41,1,0,5.76198534629,0
pde_nominal,1,22384,8,1,45,0,30,1,0,6.91816775708,0
pde_nominal,7,23161,13,1,61,0,61,1,0,3.80272255306,0
pde_nominal,1,22376,5,0,9,0,2,1,0,3.144204684,0
pde_nominal,7,23158,13,1,59,0,59,1,0,4.26139004954,0
pde_nominal,7,23155,15,1,81,0,81,1,0,4.63450199923,0
pde_nominal,1,22364,3,0,78,0,76,1,0,5.90725299477,0
pde_nominal,1,22359,3,0,17,0,17,1,0,3.85278917933,0
pde_nominal,1,22355,8,1,41,0,3,1,0,4.94529355642,0
pde_nominal,7,23122,8,1,24,0,24,1,0,5.13069890001,0
pde_nominal,1,22340,12,1,114,54,147,1,1,8.30150062167,0
pde_nominal,1,22338,14,1,22,0,22,1,0,4.21274522164,0
pde_nominal,1,22333,14,1,17,0,17,1,0,3.7374916208,0
pde_nominal,1,22329,2,0,41,0,41,1,0,5.15477006484,0
pde_nominal,7,23109,0,0,31,0,31,1,0,3.19436522046,0
pde_nominal,1,22314,10,1,39,0,39,1,0,4.63917481038,0
pde_nominal,7,23090,2,0,25,0,25,1,0,3.45516017775,0
pde_nominal,7,23087,15,1,170,0,170,1,0,9.87051738787,0
pde_nominal,1,22295,3,0,100,0,97,1,0,11.2551195643,0
pde_nominal,7,23074,4,0,55,0,55,1,0,7.87639044289,0
pde_nominal,1,22279,0,0,12,6,1,1,1,4.71520745048,0
pde_nominal,1,22277,8,1,86,0,82,1,0,5.37817209639,0
pde_nominal,7,23065,8,1,24,0,24,1,0,5.41027329861,0
pde_nominal,7,23063,10,1,46,0,46,1,0,5.60079419301,0
pde_nominal,7,23058,5,0,91,0,91,1,0,12.9320753781,0
pde_nominal,7,23053,8,1,29,0,29,1,0,7.07293305796,0
pde_nominal,1,22256,0,0,8,0,8,1,0,4.59115875035,0
pde_nominal,7,23048,6,0,36,0,36,1,0,6.116905225,0
pde_nominal,1,22255,5,0,59,0,59,1,0,9.81384773465,0
pde_nominal,1,22241,11,1,12,0,12,1,0,6.94671397259,0
pde_nominal,7,23025,15,1,80,0,80,1,0,4.50513665591,0
pde_nominal,1,22230,13,1,34,0,34,1,0,3.78407388957,0
pde_nominal,1,22229,8,1,55,0,11,1,0,5.33927303505,0
pde_nominal,1,23634,8,1,0,0,0,0,0,7.96419885721,0
pde_nominal,1,22220,5,0,110,21,131,1,1,7.77039478424,0
pde_nominal,1,23635,5,0,0,0,0,0,0,11.0215253496,0
pde_nominal,7,23008,15,1,77,0,77,1,0,5.55518341029,0
pde_nominal,7,23005,7,0,47,0,47,1,0,6.09296530217,0
pde_nominal,7,23004,7,0,108,0,108,1,0,6.30362079304,0
pde_nominal,7,22993,10,1,25,0,25,1,0,6.3039318746,0
pde_nominal,7,22987,4,0,63,0,63,1,0,3.95345434072,0
pde_nominal,7,22980,14,1,36,0,36,1,0,3.95181859521,0
pde_nominal,1,22176,1,0,51,0,45,1,0,5.46930953415,0
pde_nominal,1,22167,3,0,68,0,68,1,0,9.57887480701,0
pde_nominal,7,22970,7,0,74,0,74,1,0,6.51229478898,0
pde_nominal,7,22952,15,1,18,0,18,1,0,9.05461395904,0
pde_nominal,7,22943,11,1,10,0,10,1,0,3.77667218407,0
pde_nominal,1,22153,2,0,18,0,18,1,0,3.41016362044,0
pde_nominal,7,22942,15,1,107,0,107,1,0,7.62111833079,0
pde_nominal,1,22151,14,1,31,0,31,1,0,4.41863751965,0
pde_nominal,1,22148,5,0,7,0,5,1,0,4.66810517073,0
pde_nominal,7,22938,13,1,39,0,39,1,0,3.41017792655,0
pde_nominal,7,22934,7,0,100,0,100,1,0,9.80552160275,0
pde_nominal,1,22125,2,0,38,0,35,1,0,5.89212808494,0
pde_nominal,7,22912,14,1,21,0,21,1,0,8.54833157055,0
pde_nominal,7,22902,11,1,40,0,40,1,0,3.64106880007,0
pde_nominal,1,22116,7,0,66,0,37,1,0,8.83936663825,0
pde_nominal,7,22893,12,1,41,0,41,1,0,3.32584878137,0
pde_nominal,1,22113,4,0,171,0,162,1,0,7.34538829035,0
pde_nominal,7,22886,13,1,127,0,127,1,0,6.30006003119,0
pde_nominal,1,22099,8,1,0,0,0,1,0,5.46134745744,0
pde_nominal,1,22089,12,1,22,0,22,1,0,3.42018820314,0
pde_nominal,7,22872,6,0,13,0,13,1,0,3.16376316465,0
pde_nominal,7,22868,6,0,94,0,94,1,0,7.66886220614,0
pde_nominal,7,22864,10,1,54,0,54,1,0,4.48780878558,0
pde_nominal,1,22083,7,0,129,0,99,1,0,9.59551016552,0
pde_nominal,7,22856,3,0,18,0,18,1,0,4.74114726237,0
pde_nominal,7,22851,0,0,40,0,40,1,0,3.81053202669,0
pde_nominal,7,22844,12,1,63,0,63,1,0,7.37284291801,0
pde_nominal,1,22036,13,1,22,0,22,1,0,4.68271321064,0
pde_nominal,7,22825,7,0,42,0,42,1,0,5.60998786629,0
pde_nominal,7,22824,10,1,60,0,60,1,0,4.7839037699,0
pde_nominal,1,22031,0,0,30,14,40,1,1,7.57186861604,0
pde_nominal,7,22819,7,0,52,0,52,1,0,4.5407837057,0
pde_nominal,1,22030,5,0,15,0,14,1,0,3.35073321462,0
pde_nominal,7,22814,9,1,45,0,45,1,0,3.8887752025,0
pde_nominal,7,22812,10,1,21,0,21,1,0,3.48906703869,0
pde_nominal,7,22802,1,0,69,0,69,1,0,4.54328279665,0
pde_nominal,7,22801,10,1,48,0,48,1,0,5.15653420606,0
pde_nominal,7,22797,0,0,27,0,27,1,0,8.53087421801,0
pde_nominal,1,21994,13,1,147,0,118,1,0,9.73232922589,0
pde_nominal,1,21992,8,1,52,0,52,1,0,3.30472874826,0
pde_nominal,7,22746,13,1,56,0,56,1,0,4.11025618327,0
pde_nominal,7,22735,13,1,27,0,27,1,0,4.20726106637,0
pde_nominal,7,22734,5,0,16,0,16,1,0,4.7413816183,0
pde_nominal,1,21962,11,1,59,0,59,1,0,3.24961823591,0
pde_nominal,7,22717,3,0,14,0,14,1,0,4.08555156093,0
pde_nominal,1,21941,6,0,70,0,52,1,0,4.87378767412,0
pde_nominal,7,22687,3,0,88,0,88,1,0,5.22080977513,0
pde_nominal,1,25136,13,1,14,0,10,1,0,4.2834235511,0
pde_nominal,1,25129,7,0,47,0,45,1,0,4.6370305751,0
pde_nominal,7,22674,10,1,3,0,3,1,0,4.26203214527,0
pde_nominal,7,22673,3,0,8,0,8,1,0,4.10692040425,0
pde_nominal,1,25126,9,1,62,0,46,1,0,5.59368786999,0
pde_nominal,7,22666,1,0,59,0,59,1,0,4.96041122139,0
pde_nominal,7,22664,14,1,47,0,47,1,0,7.50185591713,0
pde_nominal,1,25118,7,0,1,0,1,1,0,5.38755894304,0
pde_nominal,7,22660,12,1,28,0,28,1,0,15.9522467136,0
pde_nominal,7,22659,14,1,26,0,26,1,0,3.81296701999,0
pde_nominal,1,25105,8,1,70,0,67,1,0,4.98709423706,0
pde_nominal,1,25089,7,0,18,0,18,1,0,2.9945413005,0
pde_nominal,7,22634,4,0,59,0,59,1,0,5.15389416868,0
pde_nominal,1,25066,6,0,68,0,68,1,0,5.26155574435,0
pde_nominal,1,25060,14,1,0,0,0,1,0,7.71025498617,0
pde_nominal,1,25051,14,1,1,0,0,1,0,3.05741734493,0
pde_nominal,7,22607,2,0,13,0,13,1,0,8.12032990207,0
pde_nominal,1,25049,5,0,44,0,31,1,0,6.5340868854,0
pde_nominal,7,22605,10,1,22,15,15,1,1,6.69115963797,0
pde_nominal,7,22604,2,0,33,0,33,1,0,4.17784037573,0
pde_nominal,7,22603,12,1,65,0,65,1,0,7.84125028422,0
pde_nominal,7,22595,11,1,74,0,74,1,0,5.94944041657,0
pde_nominal,1,25038,1,0,41,0,41,1,0,5.1193596947,0
pde_nominal,7,22592,1,0,39,0,39,1,0,3.27006389198,0
pde_nominal,7,22586,3,0,66,0,66,1,0,7.48127985777,0
pde_nominal,1,25031,9,1,97,0,62,1,0,9.07936071547,0
pde_nominal,1,25150,4,0,160,0,141,1,0,18.1102169841,0
pde_nominal,7,22575,7,0,62,0,62,1,0,3.43206664154,0
pde_nominal,1,25021,7,0,16,0,1,1,0,5.23159152555,0
pde_nominal,1,25001,8,1,47,0,47,1,0,4.3890286713,0
pde_nominal,1,24998,0,0,49,0,10,1,0,5.23735909172,0
pde_nominal,7,22538,3,0,26,0,26,1,0,4.8806710512,0
pde_nominal,7,22537,2,0,74,0,74,1,0,5.21821615273,0
pde_nominal,7,22529,2,0,28,0,28,1,0,4.11633215465,0
pde_nominal,1,24960,15,1,64,0,64,1,0,6.8946171019,0
pde_nominal,7,22523,13,1,65,0,65,1,0,4.59249503201,0
pde_nominal,7,22522,5,0,42,0,42,1,0,7.218474893,0
pde_nominal,7,22518,11,1,125,0,125,1,0,8.51271026961,0
pde_nominal,7,22502,5,0,50,0,50,1,0,4.6310936281,0
pde_nominal,7,22488,13,1,8,0,8,1,0,6.13476234987,0
pde_nominal,1,24933,4,0,17,0,17,1,0,3.55360409149,0
pde_nominal,7,22485,7,0,286,0,286,1,0,15.1159929723,0
pde_nominal,7,22471,12,1,78,0,78,1,0,4.1786201871,0
pde_nominal,1,24918,9,1,89,50,121,1,1,7.6563979215,0
pde_nominal,1,24905,12,1,19,0,18,1,0,4.04970121738,0
pde_nominal,1,24904,6,0,53,0,53,1,0,6.26883011914,0
pde_nominal,1,24902,0,0,2,0,0,1,0,3.14128008771,0
pde_nominal,1,24896,15,1,13,0,2,1,0,11.1896095512,0
pde_nominal,1,24889,1,0,55,0,55,1,0,5.10037351089,0
pde_nominal,7,22417,3,0,30,0,30,1,0,5.96068844195,0
pde_nominal,7,22410,6,0,53,0,53,1,0,4.51559956819,0
pde_nominal,7,22409,10,1,122,0,122,1,0,5.25620498341,0
pde_nominal,7,22406,9,1,50,0,50,1,0,4.80980542479,0
pde_nominal,7,22398,1,0,61,0,61,1,0,5.16713847963,0
pde_nominal,1,24850,3,0,22,9,1,1,1,7.19403085075,0
pde_nominal,1,24841,2,0,9,0,9,1,0,4.12933141224,0
pde_nominal,7,22388,10,1,9,0,9,1,0,5.02163035463,0
pde_nominal,7,22386,13,1,78,0,78,1,0,4.73026244778,0
pde_nominal,7,22378,11,1,38,0,38,1,0,7.03185908784,0
pde_nominal,1,24829,0,0,61,0,60,1,0,5.22308929113,0
pde_nominal,1,24828,3,0,9,0,9,1,0,5.74534322096,0
pde_nominal,7,22369,13,1,32,0,32,1,0,7.11319932939,0
pde_nominal,1,24824,4,0,73,0,73,1,0,6.66930234526,0
pde_nominal,1,24819,7,0,90,25,115,1,1,12.5786011427,0
pde_nominal,7,22362,10,1,58,0,58,1,0,4.52686079854,0
pde_nominal,1,24816,10,1,3,0,0,1,0,3.75757505889,0
pde_nominal,1,24809,12,1,30,0,30,1,0,7.84028327649,0
pde_nominal,1,24796,14,1,21,0,0,1,0,4.38246221922,0
pde_nominal,7,22346,11,1,17,0,17,1,0,10.4590573246,0
pde_nominal,1,24781,13,1,9,0,0,1,0,4.95233212171,0
pde_nominal,7,22334,6,0,13,0,13,1,0,3.53154066649,0
pde_nominal,7,22332,4,0,81,0,81,1,0,4.39528315054,0
pde_nominal,1,24757,9,1,20,0,3,1,0,4.51362410502,0
pde_nominal,1,24746,6,0,106,0,106,1,0,5.62638015463,0
pde_nominal,1,24743,5,0,15,0,15,1,0,9.94003758342,0
pde_nominal,1,24731,14,1,19,0,19,1,0,5.3975477334,0
pde_nominal,1,24724,10,1,65,0,27,1,0,8.71039949417,0
pde_nominal,1,24721,11,1,92,0,72,1,0,8.14129519381,0
pde_nominal,1,24712,11,1,26,0,26,1,0,3.36738210309,0
pde_nominal,1,24710,5,0,78,0,78,1,0,5.76082759289,0
pde_nominal,7,22278,3,0,62,0,62,1,0,11.2794504902,0
pde_nominal,1,24693,12,1,25,0,11,1,0,7.21860180195,0
pde_nominal,7,22262,0,0,39,0,39,1,0,3.89645237184,0
pde_nominal,1,24687,3,0,45,0,6,1,0,7.60199033504,0
pde_nominal,1,24667,5,0,57,0,57,1,0,9.36570109506,0
pde_nominal,1,24661,0,0,47,0,47,1,0,4.94290371609,0
pde_nominal,1,24654,13,1,109,0,109,1,0,7.72531582417,0
pde_nominal,7,22201,6,0,87,0,87,1,0,4.23781755283,0
pde_nominal,1,24635,0,0,32,0,32,1,0,4.43553608963,0
pde_nominal,1,24623,2,0,7,0,7,1,0,4.6704409111,0
pde_nominal,7,22165,3,0,63,0,63,1,0,3.33445791588,0
pde_nominal,7,23978,9,1,41,0,41,1,0,3.58430745673,0
pde_nominal,7,23973,9,1,19,0,19,1,0,4.39157162921,0
pde_nominal,7,23963,8,1,21,0,21,1,0,3.20412598633,0
pde_nominal,1,24598,7,0,1,0,0,1,0,8.91402842765,0
pde_nominal,7,23943,10,1,31,0,31,1,0,8.99098760373,0
pde_nominal,1,24578,7,0,64,0,64,1,0,5.57559004476,0
pde_nominal,7,23928,12,1,27,0,27,1,0,4.76949677591,0
pde_nominal,1,24552,12,1,3,0,0,1,0,4.69093935598,0
pde_nominal,1,24544,1,0,21,0,21,1,0,4.69445184762,0
pde_nominal,1,24543,15,1,123,0,123,1,0,5.85197070783,0
pde_nominal,7,23899,0,0,28,0,28,1,0,11.8465064995,0
pde_nominal,7,23898,10,1,10,0,10,1,0,3.4268713185,0
pde_nominal,7,23896,0,0,76,0,76,1,0,7.40178383748,0
pde_nominal,7,23895,4,0,54,0,54,1,0,4.90318293341,0
pde_nominal,1,24521,14,1,51,0,51,1,0,5.86617056537,0
pde_nominal,1,24513,0,0,53,0,18,1,0,6.08972748625,0
pde_nominal,7,23876,2,0,71,0,71,1,0,7.22620063766,0
pde_nominal,1,24500,11,1,76,0,76,1,0,4.51818376968,0
pde_nominal,1,24498,2,0,5,0,5,1,0,9.09351542345,0
pde_nominal,7,23846,6,0,71,0,71,1,0,4.78875902097,0
pde_nominal,1,24482,6,0,36,0,36,1,0,8.28759805931,0
pde_nominal,1,24455,5,0,139,0,139,1,0,6.1251728316,0
pde_nominal,7,23814,9,1,115,0,115,1,0,7.27801027537,0
pde_nominal,7,23812,3,0,56,0,56,1,0,4.65563652816,0
pde_nominal,7,23804,11,1,60,0,60,1,0,3.45348555062,0
pde_nominal,1,24431,7,0,47,0,13,1,0,7.51288155983,0
pde_nominal,7,23793,0,0,59,0,59,1,0,3.72445679698,0
pde_nominal,7,23783,1,0,37,0,37,1,0,4.29320826767,0
pde_nominal,7,23780,9,1,20,0,20,1,0,6.49240387904,0
pde_nominal,7,23777,6,0,5,0,5,1,0,5.80699245758,0
pde_nominal,1,24413,12,1,34,0,23,1,0,6.01682579085,0
pde_nominal,7,23772,0,0,82,0,82,1,0,6.02684159311,0
pde_nominal,7,23770,1,0,104,0,104,1,0,5.64220106105,0
pde_nominal,1,24396,12,1,12,12,24,1,1,6.88910548687,0
pde_nominal,7,23756,8,1,19,14,0,1,1,5.70418175401,0
pde_nominal,1,24389,5,0,69,0,19,1,0,6.32045382972,0
pde_nominal,1,24388,2,0,7,0,0,1,0,4.05167207592,0
pde_nominal,7,23752,5,0,15,0,15,1,0,4.9353420417,0
pde_nominal,7,23751,0,0,10,0,10,1,0,4.1430619268,0
pde_nominal,7,23735,4,0,52,0,52,1,0,5.10210918968,0
pde_nominal,1,24334,0,0,0,0,0,1,0,3.7129164232,0
pde_nominal,1,24328,5,0,0,0,0,1,0,8.87730699776,0
pde_nominal,1,24310,1,0,0,0,0,1,0,5.08118176854,0
pde_nominal,1,24300,5,0,0,0,0,1,0,5.97595271642,0
pde_nominal,1,24298,12,1,0,0,0,1,0,10.2576268004,0
pde_nominal,1,25162,4,0,0,0,0,1,0,9.56826168532,0
pde_nominal,1,24280,9,1,0,0,0,1,0,8.54706510373,0
pde_nominal,1,24274,5,0,0,0,0,1,0,3.88192999123,0
pde_nominal,1,24262,1,0,0,0,0,1,0,3.96581144638,0
pde_nominal,1,25163,0,0,0,0,0,1,1,11.2325483657,0
pde_nominal,1,24234,1,0,0,0,0,1,0,5.68765668759,0
pde_nominal,1,24215,4,0,0,0,0,1,0,6.51510867288,0
pde_nominal,1,24214,12,1,0,0,0,1,0,4.11293589997,0
pde_nominal,1,25164,11,1,0,0,0,1,0,6.81004784121,0
pde_nominal,1,24175,4,0,0,0,0,1,0,6.99588356813,0
pde_nominal,1,24162,15,1,0,0,0,1,0,7.04958354929,0
pde_nominal,1,24152,5,0,0,0,0,1,0,8.26492775279,0
pde_nominal,1,24144,14,1,0,0,0,1,0,4.03450384724,0
pde_nominal,1,25166,14,1,0,0,0,0,0,6.51826561662,0
pde_nominal,1,24134,15,1,0,0,0,1,0,7.96022876106,0
pde_nominal,1,24127,3,0,0,0,0,1,0,4.08184546852,0
pde_nominal,1,24116,7,0,0,0,0,1,0,10.0145855589,0
pde_nominal,1,24112,2,0,0,0,0,1,0,8.53024576795,0
pde_nominal,1,24106,2,0,0,0,0,1,0,4.03477923598,0
pde_nominal,1,24102,5,0,0,0,0,1,0,5.82530774905,0
pde_nominal,1,24082,11,1,0,0,0,1,0,3.20335379581,0
pde_nominal,1,24074,10,1,0,0,0,1,0,5.03712383891,0
pde_nominal,1,24069,13,1,0,0,0,1,0,3.93635749638,0
pde_nominal,1,24043,2,0,0,0,0,1,0,3.10838176919,0
pde_nominal,1,23963,14,1,0,0,0,1,0,7.76980458816,0
pde_nominal,1,23950,0,0,0,0,0,1,0,4.27216291897,0
pde_nominal,1,23937,9,1,0,0,0,1,0,11.8364573885,0
pde_nominal,1,23935,6,0,0,0,0,1,0,3.78919447874,0
pde_nominal,1,23933,1,0,0,0,0,1,0,4.34946537407,0
pde_nominal,1,23918,2,0,0,0,0,1,0,4.81356670276,0
pde_nominal,1,23917,3,0,0,0,0,1,0,5.15205639905,0
pde_nominal,1,23901,0,0,0,0,0,1,0,11.1871443273,0
pde_nominal,1,23892,4,0,0,0,0,1,1,6.38314675147,0
pde_nominal,1,23873,9,1,0,0,0,1,0,5.28535991483,0
pde_nominal,1,23864,15,1,0,0,0,1,0,3.47796746622,0
pde_nominal,1,23858,7,0,0,0,0,1,0,4.46028215147,0
pde_nominal,1,23850,15,1,0,0,0,1,0,4.34293697204,0
pde_nominal,1,23837,9,1,0,0,0,1,0,3.33311883031,0
pde_nominal,1,23829,11,1,0,0,0,1,0,5.38780630659,0
pde_nominal,1,23827,9,1,0,0,0,1,0,6.39247611855,0
pde_nominal,1,23819,13,1,0,0,0,1,0,5.58902837914,0
pde_nominal,1,23811,3,0,0,0,0,1,0,10.1247836982,0
pde_nominal,1,23809,7,0,0,0,0,1,0,5.15801685639,0
pde_nominal,1,23804,8,1,0,0,0,1,0,6.83706441341,0
pde_nominal,1,25171,8,1,0,0,0,0,0,8.22370770966,0
pde_nominal,1,23801,9,1,0,0,0,1,0,6.74065296332,0
pde_nominal,1,23784,6,0,0,0,0,1,0,5.02695107848,0
pde_nominal,1,23782,9,1,0,0,0,1,0,5.55477933268,0
pde_nominal,1,23775,15,1,0,0,0,1,0,5.79027675491,0
pde_nominal,1,23772,9,1,0,0,0,1,0,3.70079094096,0
pde_nominal,1,23754,9,1,0,0,0,1,0,6.25239915541,0
pde_nominal,1,23731,10,1,0,0,0,1,0,3.25643878657,0
pde_nominal,1,23710,13,1,0,0,0,1,0,5.39386916246,0
pde_nominal,1,23700,1,0,0,0,0,1,0,3.57492014821,0
pde_nominal,1,23689,3,0,0,0,0,1,0,3.41841049758,0
pde_nominal,1,23671,14,1,0,0,0,1,0,3.24736627693,0
pde_nominal,1,27852,6,0,0,0,0,1,0,6.67024690168,0
pde_nominal,1,27842,12,1,0,0,0,1,0,9.35251658367,0
pde_nominal,1,27837,1,0,0,0,0,1,0,11.9077254357,0
pde_nominal,1,27834,14,1,0,0,0,1,0,6.65380078508,0
pde_nominal,1,27830,4,0,0,0,0,1,0,5.83357913455,0
pde_nominal,1,27826,12,1,0,0,0,1,0,4.65239934269,0
pde_nominal,1,27821,15,1,0,0,0,1,0,5.91180678319,0
pde_nominal,1,27819,0,0,0,0,0,1,0,4.69867339886,0
pde_nominal,1,27814,4,0,0,0,0,1,0,4.42078428482,0
pde_nominal,1,27806,0,0,0,0,0,1,0,5.59566776962,0
pde_nominal,1,27874,0,0,0,0,0,0,0,6.24477739639,0
pde_nominal,1,27804,9,1,0,0,0,1,0,5.25178393956,0
pde_nominal,1,27796,13,1,0,0,0,1,0,6.00222466344,0
pde_nominal,1,27782,12,1,0,0,0,1,0,7.54496132784,0
pde_nominal,1,27773,3,0,0,0,0,1,0,4.70513695605,0
pde_nominal,1,27771,13,1,0,0,0,1,0,4.23378323597,0
pde_nominal,1,27766,3,0,0,0,0,1,0,3.42284470972,0
pde_nominal,1,27763,10,1,0,0,0,1,0,3.74280723809,0
pde_nominal,1,27762,3,0,0,0,0,1,0,8.1811838632,0
pde_nominal,1,27728,12,1,0,0,0,1,0,7.81488455107,0
pde_nominal,1,27716,14,1,0,0,0,1,0,5.57234495335,0
pde_nominal,1,27709,15,1,0,0,0,1,0,7.25107658613,0
pde_nominal,1,27680,9,1,0,0,0,1,0,8.95379888285,0
pde_nominal,1,27673,6,0,0,0,0,1,0,5.21460246477,0
pde_nominal,1,27647,5,0,0,0,0,1,0,9.20392121756,0
pde_nominal,1,27646,3,0,0,0,0,1,0,8.93704681892,0
pde_nominal,1,27644,3,0,0,0,0,1,0,3.91536581562,0
pde_nominal,1,27624,13,1,0,0,0,1,0,6.57492149147,0
pde_nominal,1,27623,1,0,0,0,0,1,0,8.78851628032,0
pde_nominal,1,27573,2,0,0,0,0,1,0,4.13150168755,0
pde_nominal,1,27572,1,0,0,0,0,1,0,7.68068014381,0
pde_nominal,1,27571,11,1,0,0,0,1,0,6.94641111579,0
pde_nominal,1,27564,7,0,0,0,0,1,0,4.30507540275,0
pde_nominal,1,27554,14,1,0,0,0,1,0,5.8748575886,0
pde_nominal,1,27550,12,1,0,0,0,1,0,8.93660526599,0
pde_nominal,1,27516,7,0,0,0,0,1,0,4.58532003359,0
pde_nominal,1,27515,0,0,0,0,0,1,0,7.96146052335,0
pde_nominal,1,27511,4,0,0,0,0,1,0,3.57326445237,0
pde_nominal,1,27507,5,0,0,0,0,1,0,6.33949996591,0
pde_nominal,1,27505,15,1,0,0,0,1,0,3.61694307672,0
pde_nominal,1,27490,0,0,0,0,0,1,0,4.39587507111,0
pde_nominal,1,27882,0,0,0,0,0,0,0,6.86798434878,0
pde_nominal,1,27486,3,0,0,0,0,1,0,3.43163229498,0
pde_nominal,1,27456,15,1,0,0,0,1,0,4.10209576237,0
pde_nominal,1,27453,11,1,0,0,0,1,0,10.4914275764,0
pde_nominal,1,27447,4,0,0,0,0,1,0,3.78281164156,0
pde_nominal,1,27435,8,1,0,0,0,1,0,3.40232794144,0
pde_nominal,1,27420,9,1,0,0,0,1,0,9.69108769104,0
pde_nominal,1,27413,15,1,0,0,0,1,0,3.83488155216,0
pde_nominal,1,27401,1,0,0,0,0,1,0,6.3377779153,0
pde_nominal,1,27398,2,0,0,0,0,1,0,4.93058759986,0
pde_nominal,1,27390,2,0,0,0,0,1,0,6.99958611971,0
pde_nominal,1,27381,10,1,0,0,0,1,0,9.79585821744,0
pde_nominal,1,27376,7,0,0,0,0,1,0,4.18897473159,0
pde_nominal,1,27884,15,1,0,0,0,1,0,15.3466040577,0
pde_nominal,1,27326,8,1,0,0,0,1,0,3.36002813198,0
pde_nominal,1,27311,4,0,0,0,0,1,0,6.58780080455,0
pde_nominal,1,27274,10,1,0,0,0,1,0,3.96902770312,0
pde_nominal,1,27272,10,1,0,0,0,1,0,6.26588217399,0
pde_nominal,1,27264,9,1,0,0,0,1,0,4.53865189246,0
pde_nominal,1,27263,10,1,0,0,0,1,0,8.00602155379,0
pde_nominal,1,27245,1,0,0,0,0,1,0,6.93770900995,0
pde_nominal,1,27240,11,1,0,0,0,1,0,13.7517539642,0
pde_nominal,1,27233,1,0,0,0,0,1,0,3.33192963136,0
pde_nominal,1,27232,14,1,0,0,0,1,0,5.13022418858,0
pde_nominal,1,27221,4,0,0,0,0,1,0,6.37587554615,0
pde_nominal,1,27177,3,0,0,0,0,1,0,7.16661801185,0
pde_nominal,1,27174,14,1,0,0,0,1,0,6.68894142165,0
pde_nominal,1,27170,10,1,0,0,0,1,0,5.94750860732,0
pde_nominal,1,27165,7,0,0,0,0,1,0,4.39337070459,0
pde_nominal,1,27164,9,1,0,0,0,1,0,4.85118273398,0
pde_nominal,1,27162,12,1,0,0,0,1,0,3.65252935321,0
pde_nominal,1,27154,2,0,0,0,0,1,0,5.23684814401,0
pde_nominal,1,27125,14,1,0,0,0,1,0,4.73180349774,0
pde_nominal,1,27122,15,1,0,0,0,1,0,6.44913987432,0
pde_nominal,1,27114,9,1,0,0,0,1,0,5.76344581681,0
pde_nominal,1,27110,1,0,0,0,0,1,0,3.36629271207,0
pde_nominal,1,27106,14,1,0,0,0,1,0,4.89673474825,0
pde_nominal,1,27100,11,1,0,0,0,1,0,6.45466834421,0
pde_nominal,1,27095,9,1,0,0,0,1,0,6.33225143599,0
pde_nominal,1,27094,7,0,0,0,0,1,0,5.50296129759,0
pde_nominal,1,27077,8,1,0,0,0,1,0,6.28040060568,0
pde_nominal,1,27058,2,0,0,0,0,1,0,6.83948639844,0
pde_nominal,1,27042,1,0,0,0,0,1,0,4.39597181414,0
pde_nominal,1,27036,1,0,0,0,0,1,0,10.0136037998,0
pde_nominal,1,27028,4,0,0,0,0,1,0,5.27852019332,0
pde_nominal,1,27015,3,0,0,0,0,1,0,6.1560695771,0
pde_nominal,1,26995,3,0,0,0,0,1,0,5.38022991085,0
pde_nominal,1,26988,8,1,0,0,0,1,0,5.10717915293,0
pde_nominal,1,26964,11,1,0,0,0,1,0,5.89024719147,0
pde_nominal,1,26962,10,1,0,0,0,1,0,5.48749018015,0
pde_nominal,1,26960,7,0,0,0,0,1,0,8.9452020004,0
pde_nominal,1,26953,2,0,0,0,0,1,1,9.42415330755,0
pde_nominal,1,26933,1,0,0,0,0,1,0,3.0628503635,0
pde_nominal,1,26924,7,0,0,0,0,1,0,5.6657272493,0
pde_nominal,1,26921,7,0,0,0,0,1,0,5.46154789572,0
pde_nominal,1,26909,6,0,0,0,0,1,0,5.3805319689,0
pde_nominal,1,26901,14,1,0,0,0,1,0,5.18510817879,0
pde_nominal,1,26896,11,1,0,0,0,1,0,5.90694286228,0
pde_nominal,1,26886,1,0,0,0,0,1,0,3.62607381813,0
pde_nominal,1,26882,14,1,0,0,0,1,0,4.55824510397,0
pde_nominal,1,26869,9,1,0,0,0,1,0,8.47171226758,0
pde_nominal,1,26854,14,1,0,0,0,1,0,8.02786814025,0
pde_nominal,1,26849,11,1,0,0,0,1,0,10.4212574115,0
pde_nominal,1,26841,13,1,0,0,0,1,0,6.26393346137,0
pde_nominal,1,26840,4,0,0,0,0,1,0,5.6182069433,0
pde_nominal,1,26832,5,0,0,0,0,1,0,7.13203326403,0
pde_nominal,1,26810,4,0,0,0,0,1,0,8.49310902565,0
pde_nominal,1,26798,7,0,0,0,0,1,0,9.83659889914,0
pde_nominal,1,26797,1,0,0,0,0,1,0,3.4498248792,0
pde_nominal,1,26780,12,1,0,0,0,1,0,5.91942269529,0
pde_nominal,1,26759,14,1,0,0,0,1,0,4.53206519996,0
pde_nominal,1,26742,1,0,0,0,0,1,0,4.80146335591,0
pde_nominal,1,26732,3,0,0,0,0,1,0,4.71534477181,0
pde_nominal,1,26724,8,1,0,0,0,1,0,3.70277833537,0
pde_nominal,1,26703,11,1,0,0,0,1,0,7.18195023772,0
pde_nominal,1,26684,4,0,0,0,0,1,1,8.30138278058,0
pde_nominal,1,26683,1,0,0,0,0,1,0,7.2773902977,0
pde_nominal,1,26661,4,0,0,0,0,1,0,9.53483106351,0
pde_nominal,1,27894,4,0,0,0,0,0,0,10.4551710104,0
pde_nominal,1,26658,14,1,0,0,0,1,0,8.20681274313,0
pde_nominal,1,26656,0,0,0,0,0,1,0,10.441978298,0
pde_nominal,1,26652,10,1,0,0,0,1,0,4.10050924782,0
pde_nominal,1,26645,11,1,0,0,0,1,0,6.46790167333,0
pde_nominal,1,26638,0,0,0,0,0,1,0,5.25771486327,0
pde_nominal,1,26626,8,1,0,0,0,1,0,5.58409510616,0
pde_nominal,1,26619,12,1,0,0,0,1,0,9.63726946105,0
pde_nominal,1,26618,6,0,0,0,0,1,0,6.65016642882,0
pde_nominal,1,26610,12,1,0,0,0,1,0,5.69533797438,0
pde_nominal,1,26605,4,0,0,0,0,1,0,3.50614400328,0
pde_nominal,1,26600,5,0,0,0,0,1,0,3.36307496823,0
pde_nominal,1,26587,9,1,0,0,0,1,0,5.65026132006,0
pde_nominal,1,27895,7,0,0,0,0,1,1,10.6293316537,0
pde_nominal,1,26572,4,0,0,0,0,1,0,5.738815974,0
pde_nominal,1,26569,4,0,0,0,0,1,0,6.34817996646,0
pde_nominal,1,26552,3,0,0,0,0,1,0,3.94684124673,0
pde_nominal,1,26537,13,1,0,0,0,1,0,29.963107788,0
pde_nominal,1,26495,3,0,0,0,0,1,0,4.83719315186,0
pde_nominal,1,26488,11,1,0,0,0,1,0,5.18161968939,0
pde_nominal,1,26483,4,0,0,0,0,1,0,6.31794125419,0
pde_nominal,1,26442,1,0,0,0,0,1,0,4.43924569855,0
pde_nominal,1,26425,7,0,0,0,0,1,0,3.87222093239,0
pde_nominal,1,26424,9,1,0,0,0,1,0,4.06760287301,0
pde_nominal,1,26406,4,0,0,0,0,1,0,5.72199181697,0
pde_nominal,1,27896,4,0,0,0,0,0,0,9.58552983641,0
pde_nominal,1,26393,14,1,0,0,0,1,0,6.50295598621,0
pde_nominal,1,26385,14,1,0,0,0,1,0,5.36945778202,0
pde_nominal,1,26384,0,0,0,0,0,1,0,4.91677991117,0
pde_nominal,1,26379,10,1,0,0,0,1,0,4.03386618198,0
pde_nominal,1,26364,4,0,0,0,0,1,0,4.29125546257,0
pde_nominal,1,26355,8,1,0,0,0,1,0,3.56747096988,0
pde_nominal,1,26342,8,1,0,0,0,1,0,3.10870849138,0
pde_nominal,1,26336,1,0,0,0,0,1,0,5.26753877489,0
pde_nominal,1,26331,0,0,0,0,0,1,0,7.23540288556,0
pde_nominal,1,26328,1,0,0,0,0,1,0,7.78032370955,0
pde_nominal,1,26303,12,1,0,0,0,1,0,4.88917783788,0
pde_nominal,1,26299,13,1,0,0,0,1,0,4.48423888309,0
pde_nominal,1,26286,2,0,0,0,0,1,0,6.57033625527,0
pde_nominal,1,26285,11,1,0,0,0,1,0,6.07739808587,0
pde_nominal,1,26277,8,1,0,0,0,1,0,3.47269496134,0
pde_nominal,1,26268,11,1,0,0,0,1,0,5.47005373726,0
pde_nominal,1,26266,5,0,0,0,0,1,1,6.02345357175,0
pde_nominal,1,26239,5,0,0,0,0,1,0,3.21773264591,0
pde_nominal,1,26192,6,0,0,0,0,1,0,3.7854737017,0
pde_nominal,1,26187,12,1,0,0,0,1,0,4.59188372194,0
pde_nominal,1,26186,12,1,0,0,0,1,0,9.13867147175,0
pde_nominal,1,26157,14,1,0,0,0,1,0,11.6731310125,0
pde_nominal,1,26145,3,0,0,0,0,1,0,6.70863918737,0
pde_nominal,1,26144,8,1,0,0,0,1,0,3.7625569654,0
pde_nominal,1,26141,9,1,0,0,0,1,0,8.82018189807,0
pde_nominal,1,26129,13,1,0,0,0,1,0,5.98141248448,0
pde_nominal,1,26115,11,1,0,0,0,1,0,5.69072050313,0
pde_nominal,1,26104,7,0,0,0,0,1,0,11.7665641236,0
pde_nominal,1,26093,13,1,0,0,0,1,0,3.58904672562,0
pde_nominal,1,26092,7,0,0,0,0,1,0,6.44824234331,0
pde_nominal,1,26089,0,0,0,0,0,1,0,6.44514956791,0
pde_nominal,1,26084,2,0,0,0,0,1,0,3.60179040245,0
pde_nominal,1,26040,10,1,0,0,0,1,0,4.65256636938,0
pde_nominal,1,26037,0,0,0,0,0,1,0,13.8256303754,0
pde_nominal,1,26008,13,1,0,0,0,1,0,4.57497300429,0
pde_nominal,1,26001,0,0,0,0,0,1,0,8.61013035673,0
pde_nominal,1,25992,1,0,0,0,0,1,0,6.09343391554,0
pde_nominal,1,25988,8,1,0,0,0,1,0,3.29093387587,0
pde_nominal,1,25987,13,1,0,0,0,1,1,7.49047751336,0
pde_nominal,1,25985,4,0,0,0,0,1,0,4.24194912634,0
pde_nominal,1,25984,7,0,0,0,0,1,0,5.05664422737,0
pde_nominal,1,25972,11,1,0,0,0,1,0,6.86774202227,0
pde_nominal,1,25969,9,1,0,0,0,1,0,6.61271250979,0
pde_nominal,1,25932,14,1,0,0,0,1,0,4.08149795778,0
pde_nominal,1,25894,15,1,0,0,0,1,0,6.17765380021,0
pde_nominal,1,25893,11,1,0,0,0,1,1,4.80504213914,0
pde_nominal,1,25889,2,0,0,0,0,1,0,6.12738271869,0
pde_nominal,1,25879,0,0,0,0,0,1,0,10.7057878423,0
pde_nominal,1,25863,12,1,0,0,0,1,0,6.38027955242,0
pde_nominal,1,25834,0,0,0,0,0,1,0,5.49062643856,0
pde_nominal,1,25832,11,1,0,0,0,1,0,10.6569661388,0
pde_nominal,1,25812,7,0,0,0,0,1,0,7.52278683736,0
pde_nominal,1,25807,1,0,0,0,0,1,0,7.02718683308,0
pde_nominal,1,25776,3,0,0,0,0,1,0,4.21399570679,0
pde_nominal,1,25774,5,0,0,0,0,1,0,3.79758459646,0
pde_nominal,1,25772,15,1,0,0,0,1,0,5.11324552257,0
pde_nominal,1,25764,4,0,0,0,0,1,0,6.32875708167,0
pde_nominal,1,25708,1,0,0,0,0,1,0,6.4636156022,0
pde_nominal,1,25674,1,0,0,0,0,1,0,4.36970651691,0
pde_nominal,1,25670,3,0,0,0,0,1,0,5.61084997146,0
pde_nominal,1,25659,0,0,0,0,0,1,0,8.14654116007,0
pde_nominal,1,25653,7,0,0,0,0,1,0,3.55156123808,0
pde_nominal,1,25650,2,0,0,0,0,1,0,6.53177631929,0
pde_nominal,1,25635,3,0,0,0,0,1,0,4.99084675858,0
pde_nominal,1,25628,14,1,0,0,0,1,0,5.0384100431,0
pde_nominal,1,25620,5,0,0,0,0,1,0,3.61590788509,0
pde_nominal,1,25616,9,1,0,0,0,1,0,3.76075154285,0
pde_nominal,1,25586,10,1,0,0,0,1,0,5.73804092586,0
pde_nominal,1,25570,7,0,0,0,0,1,0,5.65180558208,0
pde_nominal,1,25546,9,1,0,0,0,1,1,5.01348107775,0
pde_nominal,1,25538,5,0,0,0,0,1,0,5.80868889074,0
pde_nominal,1,25537,1,0,0,0,0,1,0,3.96339583585,0
pde_nominal,1,25525,7,0,0,0,0,1,0,6.6666142683,0
pde_nominal,1,25510,15,1,0,0,0,1,0,3.59745168271,0
pde_nominal,1,25497,0,0,0,0,0,1,0,5.25392215072,0
pde_nominal,1,25494,1,0,0,0,0,1,0,5.94244702135,0
pde_nominal,1,25487,14,1,0,0,0,1,0,9.43882592395,0
pde_nominal,1,25486,12,1,0,0,0,1,0,8.12146521681,0
pde_nominal,1,25482,15,1,0,0,0,1,0,5.40451421583,0
pde_nominal,1,25468,15,1,0,0,0,1,0,5.70704482749,0
pde_nominal,1,25457,12,1,0,0,0,1,0,4.39994148125,0
pde_nominal,1,25443,10,1,0,0,0,1,0,4.84060618365,0
pde_nominal,1,27908,9,1,0,0,0,1,0,15.4260637663,0
pde_nominal,1,25426,2,0,0,0,0,1,0,4.52454672611,0
pde_nominal,1,25405,8,1,0,0,0,1,1,8.39742497069,0
pde_nominal,1,25381,15,1,0,0,0,1,0,3.80980050235,0
pde_nominal,1,25376,10,1,0,0,0,1,0,7.03673037007,0
pde_nominal,1,25375,6,0,0,0,0,1,0,6.28925795466,0
pde_nominal,1,25359,13,1,0,0,0,1,0,12.0965200199,0
pde_nominal,1,25358,4,0,0,0,0,1,0,6.98690118802,0
pde_nominal,1,25351,15,1,0,0,0,1,0,8.38757469513,0
pde_nominal,1,25323,10,1,0,0,0,1,0,7.20020219616,0
pde_nominal,1,25319,14,1,0,0,0,1,0,9.43840246548,0
pde_nominal,1,25303,5,0,0,0,0,1,0,4.69270293202,0
pde_nominal,1,25283,10,1,0,0,0,1,0,6.95581332679,0
pde_nominal,1,25205,3,0,0,0,0,1,0,3.28583309085,0
pde_nominal,1,25192,10,1,0,0,0,1,0,4.71281793665,0
pde_nominal,1,25176,3,0,0,0,0,1,0,3.50639899574,0
pde_nominal,1,29116,15,1,0,0,0,1,0,7.45480199257,0
pde_nominal,1,29101,3,0,0,0,0,1,0,6.43417795454,0
pde_nominal,1,29100,9,1,0,0,0,1,0,6.00461452987,0
pde_nominal,1,29096,1,0,0,0,0,1,0,5.06953883578,0
pde_nominal,1,29085,11,1,0,0,0,1,0,4.2498586907,0
pde_nominal,1,29070,15,1,0,0,0,1,0,5.10729263299,0
pde_nominal,1,29052,3,0,0,0,0,1,0,3.97758219815,0
pde_nominal,1,29050,0,0,0,0,0,1,0,7.47897046074,0
pde_nominal,1,29049,0,0,0,0,0,1,0,10.0540374026,0
pde_nominal,1,29045,14,1,0,0,0,1,0,8.06369386257,0
pde_nominal,1,29043,2,0,0,0,0,1,0,6.7099467363,0
pde_nominal,1,29034,0,0,0,0,0,1,0,5.66718243389,0
pde_nominal,1,29006,11,1,0,0,0,1,0,3.62119142322,0
pde_nominal,1,29004,14,1,0,0,0,1,0,3.13571637466,0
pde_nominal,1,29001,9,1,0,0,0,1,0,4.99958697063,0
pde_nominal,1,28992,6,0,0,0,0,1,0,3.47872098082,0
pde_nominal,1,28982,13,1,0,0,0,1,0,4.09092768578,0
pde_nominal,1,28961,9,1,0,0,0,1,0,7.76768392832,0
pde_nominal,1,28954,10,1,0,0,0,1,0,5.81144041121,0
pde_nominal,1,28919,13,1,0,0,0,1,0,3.59073453771,0
pde_nominal,1,28915,12,1,0,0,0,1,1,16.8954780831,0
pde_nominal,1,28884,1,0,0,0,0,1,0,4.03936478252,0
pde_nominal,1,28883,6,0,0,0,0,1,0,8.96967766547,0
pde_nominal,1,28867,4,0,0,0,0,1,0,3.97273256102,0
pde_nominal,1,28840,1,0,0,0,0,1,0,5.0758587015,0
pde_nominal,1,28835,7,0,0,0,0,1,0,4.94128968776,0
pde_nominal,1,28833,7,0,0,0,0,1,0,4.51297325595,0
pde_nominal,1,28816,9,1,0,0,0,1,0,7.13415282129,0
pde_nominal,1,28814,5,0,0,0,0,1,0,5.60228403163,0
pde_nominal,1,28811,14,1,0,0,0,1,0,4.56846463489,0
pde_nominal,1,28800,9,1,0,0,0,1,0,3.61227419102,0
pde_nominal,1,28779,9,1,0,0,0,1,0,3.51264048163,0
pde_nominal,1,28758,7,0,0,0,0,1,0,4.70123986587,0
pde_nominal,1,28741,2,0,0,0,0,1,0,5.43035163638,0
pde_nominal,1,28734,11,1,0,0,0,1,0,5.16180231165,0
pde_nominal,1,28718,6,0,0,0,0,1,0,4.64361499105,0
pde_nominal,1,28714,8,1,0,0,0,1,0,12.2957609431,0
pde_nominal,1,28709,6,0,0,0,0,1,0,7.63857107677,0
pde_nominal,1,28698,12,1,0,0,0,1,0,6.35329001017,0
pde_nominal,1,28683,0,0,0,0,0,1,0,7.26116380514,0
pde_nominal,1,28679,15,1,0,0,0,1,1,8.56898595222,0
pde_nominal,1,28655,0,0,0,0,0,1,0,4.81934621963,0
pde_nominal,1,28641,11,1,0,0,0,1,0,4.46455325246,0
pde_nominal,1,28636,10,1,0,0,0,1,0,4.52324712561,0
pde_nominal,1,28631,2,0,0,0,0,1,0,9.22636908779,0
pde_nominal,1,28628,7,0,0,0,0,1,0,8.92216794199,0
pde_nominal,1,28620,10,1,0,0,0,1,0,5.27689844542,0
pde_nominal,1,28616,10,1,0,0,0,1,1,14.2655335173,0
pde_nominal,1,28602,1,0,0,0,0,1,0,3.19992821596,0
pde_nominal,1,28584,12,1,0,0,0,1,0,3.28596155379,0
pde_nominal,1,28581,15,1,0,0,0,1,0,6.96900044322,0
pde_nominal,1,28575,12,1,0,0,0,1,0,4.53143295963,0
pde_nominal,1,28574,10,1,0,0,0,1,0,3.22564103754,0
pde_nominal,1,28544,2,0,0,0,0,1,0,4.89932345248,0
pde_nominal,1,28530,15,1,0,0,0,1,0,4.65439073207,0
pde_nominal,1,28500,1,0,0,0,0,1,0,8.09310502499,0
pde_nominal,1,28498,0,0,0,0,0,1,0,4.97936337886,0
pde_nominal,1,28477,3,0,0,0,0,1,0,3.29442034382,0
pde_nominal,1,28476,6,0,0,0,0,1,1,4.51016174031,0
pde_nominal,1,28469,5,0,0,0,0,1,0,7.31740184686,0
pde_nominal,1,29153,5,0,0,0,0,0,0,9.75771048962,0
pde_nominal,1,28464,14,1,0,0,0,1,0,4.22133786521,0
pde_nominal,1,28460,11,1,0,0,0,1,0,9.36603916366,0
pde_nominal,1,28453,0,0,0,0,0,1,0,6.21445672992,0
pde_nominal,1,28448,8,1,0,0,0,1,0,6.22380891976,0
pde_nominal,1,29155,9,1,0,0,0,0,0,10.2012428456,0
pde_nominal,1,28431,13,1,0,0,0,1,0,6.21212053287,0
pde_nominal,1,28394,9,1,0,0,0,1,0,4.79483354935,0
pde_nominal,1,28380,4,0,0,0,0,1,0,6.79034833623,0
pde_nominal,1,28366,2,0,0,0,0,1,0,5.3239211091,0
pde_nominal,1,28360,7,0,0,0,0,1,0,5.66405850277,0
pde_nominal,1,28331,3,0,0,0,0,1,0,8.04885431013,0
pde_nominal,1,28309,11,1,0,0,0,1,0,5.63856319657,0
pde_nominal,1,28278,10,1,0,0,0,1,0,3.85773813304,0
pde_nominal,1,28270,7,0,0,0,0,1,0,8.90233516772,0
pde_nominal,1,28265,2,0,0,0,0,1,0,6.65016351211,0
pde_nominal,1,28253,15,1,0,0,0,1,0,6.22892341554,0
pde_nominal,1,28251,11,1,0,0,0,1,0,6.75107431843,0
pde_nominal,1,28246,10,1,0,0,0,1,0,4.0925059755,0
pde_nominal,1,28238,9,1,0,0,0,1,0,3.65263586098,0
pde_nominal,1,28225,1,0,0,0,0,1,0,2.98813469089,0
pde_nominal,1,28215,6,0,0,0,0,1,0,14.3052132252,0
pde_nominal,1,28210,11,1,0,0,0,1,0,4.21197418217,0
pde_nominal,1,28207,8,1,0,0,0,1,0,4.64241751033,0
pde_nominal,1,28201,6,0,0,0,0,1,0,8.75404868212,0
pde_nominal,1,28198,13,1,0,0,0,1,0,2.86162466331,0
pde_nominal,1,28192,0,0,0,0,0,1,0,3.55454655708,0
pde_nominal,1,28186,9,1,0,0,0,1,0,4.79810892468,0
pde_nominal,1,28177,4,0,0,0,0,1,1,6.52848662728,0
pde_nominal,1,28158,6,0,0,0,0,1,0,4.97366152245,0
pde_nominal,1,28157,10,1,0,0,0,1,1,11.4609275655,0
pde_nominal,1,28154,13,1,0,0,0,1,0,6.35094302998,0
pde_nominal,1,28150,4,0,0,0,0,1,0,5.83408727663,0
pde_nominal,1,28110,14,1,0,0,0,1,0,5.62332060081,0
pde_nominal,1,28097,2,0,0,0,0,1,0,6.50777856694,0
pde_nominal,1,28093,1,0,0,0,0,1,0,9.19116952061,0
pde_nominal,1,28076,4,0,0,0,0,1,0,5.71748470735,0
pde_nominal,1,28062,1,0,0,0,0,1,1,7.99783185318,0
pde_nominal,1,28007,5,0,0,0,0,1,0,5.08001083724,0
pde_nominal,1,28002,1,0,0,0,0,1,0,4.90337638446,0
pde_nominal,1,27972,7,0,0,0,0,1,0,4.66103707704,0
